open_time,open,high,low,close,volume,close_time,quote_volume,count,taker_buy_volume,taker_buy_quote_volume,ignore
1734220800000,1.1320000,1.1989000,1.1105000,1.1313000,311065329,1734235199999,360501020.4847000,749438,153796455,178290848.5898000,0
1734235200000,1.1313000,1.1828000,1.1191000,1.1325000,238174716,1734249599999,274591452.5857000,485527,116371621,134175633.3552000,0
1734249600000,1.1325000,1.1715000,1.1226000,1.1457000,156371531,1734263999999,179918334.8168000,381676,78822759,90710518.7560000,0
1734264000000,1.1457000,1.2165000,1.1274000,1.2101000,288832430,1734278399999,339188401.5485000,638757,152628917,179270374.5856000,0
1734278400000,1.2101000,1.2290000,1.1573000,1.1612000,217732530,1734292799999,259489362.0012000,516968,110875606,132160931.7633000,0
1734292800000,1.1612000,1.2766000,1.1523000,1.2514000,220391965,1734307199999,267835577.3397000,568492,111612421,135666582.4668000,0
