open_time,open,high,low,close,volume,close_time,quote_volume,count,taker_buy_volume,taker_buy_quote_volume,ignore
1790035200000,0.2126700,0.2126700,0.2121000,0.2125500,828374,1790035259999,176036.3637300,1625,268843,57116.7751900,0
1790035260000,0.2125600,0.2125900,0.2122100,0.2123600,738753,1790035319999,156903.7678400,1676,213311,45300.7190100,0
1790035320000,0.2123700,0.2128100,0.2121400,0.2121400,820950,1790035379999,174362.5494200,1702,461479,98025.4733100,0
1790035380000,0.2121400,0.2126000,0.2118800,0.2120200,906388,1790035439999,192366.6801600,1645,645491,137006.6678800,0
1790035440000,0.2120100,0.2123800,0.2118700,0.2121600,551229,1790035499999,116900.0905700,1595,228767,48514.0227800,0
1790035500000,0.2121700,0.2124000,0.2119700,0.2120900,785602,1790035559999,166703.6831500,1539,409756,86963.3190100,0
1790035560000,0.2120800,0.2120900,0.2118100,0.2119500,675705,1790035619999,143198.4996900,1515,294271,62362.8362400,0
1790035620000,0.2119400,0.2120700,0.2115400,0.2115500,725551,1790035679999,153691.4321700,1162,140637,29785.9122500,0
1790035680000,0.2115500,0.2117600,0.2111100,0.2112300,960735,1790035739999,203067.8540300,1841,139927,29591.5895200,0
1790035740000,0.2112200,0.2113800,0.2108600,0.2109700,706698,1790035799999,149171.1023400,1664,264393,55820.0272000,0
1790035800000,0.2109700,0.2113600,0.2108900,0.2113000,934188,1790035859999,197263.1026900,2146,392544,82914.5646400,0
1790035860000,0.2113100,0.2116700,0.2111000,0.2115600,862988,1790035919999,182385.0753800,1883,469722,99305.2568600,0
1790035920000,0.2115600,0.2120300,0.2115200,0.2115900,934543,1790035979999,197881.6150900,1916,477585,101159.8135000,0
1790035980000,0.2115900,0.2116500,0.2112300,0.2113300,298155,1790036039999,63031.2079100,1103,140922,29791.8982300,0
1790036040000,0.2113300,0.2118900,0.2113300,0.2113400,916918,1790036099999,194096.2217400,1554,497489,105323.9922500,0
1790036100000,0.2113400,0.2119600,0.2110800,0.2118900,966103,1790036159999,204352.2260700,1561,467360,98841.0903500,0
1790036160000,0.2119000,0.2122000,0.2118400,0.2119100,642057,1790036219999,136116.8559000,1146,274524,58197.8930800,0
1790036220000,0.2119100,0.2120300,0.2118400,0.2119000,358746,1790036279999,76025.6714600,1043,170548,36142.0297100,0
1790036280000,0.2119000,0.2119000,0.2115400,0.2116200,303741,1790036339999,64288.0988100,919,80141,16964.2714400,0
1790036340000,0.2116300,0.2119100,0.2115900,0.2118500,247966,1790036399999,52502.1576800,901,178817,37859.0060400,0
1790036400000,0.2118500,0.2118600,0.2115400,0.2115400,327963,1790036459999,69454.2041600,1128,173446,36731.9365600,0
1790036460000,0.2115400,0.2119800,0.2115400,0.2119000,384771,1790036519999,81473.8980300,1137,164080,34743.4951000,0
1790036520000,0.2119000,0.2119400,0.2116500,0.2117700,450895,1790036579999,95516.7196100,804,334387,70840.2814300,0
1790036580000,0.2117800,0.2118400,0.2114000,0.2115000,534987,1790036639999,113222.6218600,979,121781,25770.5050400,0
1790036640000,0.2114900,0.2114900,0.2111800,0.2113100,469530,1790036699999,99222.6504700,1213,217195,45904.7994300,0
1790036700000,0.2113200,0.2116200,0.2112700,0.2116100,221708,1790036759999,46884.4647800,739,139959,29595.9219700,0
1790036760000,0.2116100,0.2119200,0.2115700,0.2115900,417976,1790036819999,88504.1625500,1142,189182,40056.1050100,0
1790036820000,0.2115700,0.2123100,0.2113100,0.2123000,394218,1790036879999,83498.1466100,1171,312409,66195.5178100,0
1790036880000,0.2123000,0.2129400,0.2122800,0.2128800,994281,1790036939999,211471.7696600,1639,789495,167945.7102800,0
1790036940000,0.2128800,0.2145500,0.2124800,0.2139000,3972520,1790036999999,848727.7105000,4706,2946415,629546.8228800,0
1790037000000,0.2138900,0.2145200,0.2136500,0.2144000,1310640,1790037059999,280554.5325400,2666,900588,192755.4557200,0
1790037060000,0.2144100,0.2146500,0.2137400,0.2140300,1146802,1790037119999,245559.9754900,2872,551958,118199.5242600,0
1790037120000,0.2140400,0.2151000,0.2139800,0.2149000,1414423,1790037179999,303659.1216000,2654,1033482,221887.1821600,0
1790037180000,0.2149100,0.2159600,0.2149000,0.2154900,2366342,1790037239999,510001.9479100,2957,1805673,389206.0094900,0
1790037240000,0.2155000,0.2155400,0.2144900,0.2144900,2408773,1790037299999,518275.0207400,2575,618274,133111.5399600,0
1790037300000,0.2145000,0.2145500,0.2137100,0.2144500,2183109,1790037359999,467433.3737900,2817,1266825,271259.5217800,0
1790037360000,0.2144600,0.2147400,0.2144000,0.2147300,561408,1790037419999,120466.5147900,1661,410853,88161.7256900,0
1790037420000,0.2147300,0.2150500,0.2142500,0.2145300,1298328,1790037479999,278608.6304400,2602,790448,169640.9494600,0
1790037480000,0.2145300,0.2156500,0.2143300,0.2152500,2823415,1790037539999,607536.8581100,3161,2135628,459543.7463200,0
1790037540000,0.2152600,0.2159900,0.2151900,0.2151900,1148185,1790037599999,247591.2126200,2768,554819,119640.9301600,0
1790037600000,0.2152200,0.2158900,0.2146900,0.2149700,2006782,1790037659999,431974.0028800,4108,750206,161526.7511200,0
1790037660000,0.2149600,0.2159900,0.2147700,0.2157700,1845795,1790037719999,397620.4305900,2830,1173436,252760.2354600,0
1790037720000,0.2157700,0.2159000,0.2152600,0.2158600,759512,1790037779999,163741.3226100,2082,361915,78019.5014900,0
1790037780000,0.2158600,0.2160000,0.2156300,0.2159600,1081453,1790037839999,233436.4159200,2318,487904,105326.9443100,0
1790037840000,0.2159600,0.2163300,0.2157800,0.2162500,1360096,1790037899999,293833.5002600,1864,997719,215571.9974200,0
1790037900000,0.2162500,0.2167400,0.2160300,0.2161100,2333170,1790037959999,505041.1475100,3558,1197500,259191.3218800,0
1790037960000,0.2161000,0.2162200,0.2156800,0.2158200,1669984,1790038019999,360733.3135100,2624,892817,192917.9081800,0
1790038020000,0.2158200,0.2161800,0.2157200,0.2159700,637954,1790038079999,137788.1886600,1374,283077,61128.0373700,0
1790038080000,0.2159700,0.2167700,0.2156300,0.2167600,965280,1790038139999,208508.0250000,2171,511672,110567.3290900,0
1790038140000,0.2167700,0.2170400,0.2165000,0.2168800,1364403,1790038199999,295869.2401300,2394,522058,113203.1095000,0
1790038200000,0.2168700,0.2171500,0.2166900,0.2166900,1009717,1790038259999,219014.9793800,1910,291116,63161.9653600,0
1790038260000,0.2166900,0.2170900,0.2163100,0.2168600,1546888,1790038319999,335310.3358900,2459,595945,129165.7430200,0
1790038320000,0.2168500,0.2168500,0.2156000,0.2157000,1619738,1790038379999,349997.1295100,2787,328842,71119.0194300,0
1790038380000,0.2156900,0.2157100,0.2151500,0.2151500,1376546,1790038439999,296543.9001800,3427,688366,148308.9182600,0
1790038440000,0.2151400,0.2155300,0.2145400,0.2155200,1391319,1790038499999,299143.6864100,3259,824917,177422.1977800,0
1790038500000,0.2155300,0.2156500,0.2138200,0.2138200,1624378,1790038559999,348653.8851400,3047,670267,144048.1593000,0
1790038560000,0.2138400,0.2144500,0.2135000,0.2138800,2016709,1790038619999,431216.4909700,4302,854818,182776.0621800,0
1790038620000,0.2138900,0.2139200,0.2133100,0.2133200,982895,1790038679999,209878.2940600,2307,287067,61303.3722000,0
1790038680000,0.2133200,0.2135800,0.2120900,0.2127300,4635677,1790038739999,985487.6372000,6093,1327013,282320.8222500,0
1790038740000,0.2127100,0.2129500,0.2120000,0.2121600,3021035,1790038799999,641391.7911500,4889,754446,160270.2986500,0
1790038800000,0.2121600,0.2129700,0.2121300,0.2122600,1473691,1790038859999,313264.8940800,3942,731506,155496.5411400,0
1790038860000,0.2122500,0.2133800,0.2113900,0.2125900,2149579,1790038919999,456432.4560300,4426,776532,165064.0723800,0
1790038920000,0.2126000,0.2128100,0.2112100,0.2115400,2169099,1790038979999,459540.1885100,5053,641225,135988.2917300,0
1790038980000,0.2115500,0.2117400,0.2110000,0.2114800,2047947,1790039039999,432928.6842400,5351,677967,143347.6421200,0
1790039040000,0.2114800,0.2118300,0.2110900,0.2117100,2199462,1790039099999,465047.1293900,3708,488507,103332.5279000,0
1790039100000,0.2117200,0.2120700,0.2111900,0.2115900,2403769,1790039159999,508643.0064200,3721,861216,182296.0381600,0
1790039160000,0.2116000,0.2133200,0.2116000,0.2130600,1555500,1790039219999,330854.0186800,3197,747006,158856.0611800,0
1790039220000,0.2130900,0.2134400,0.2123900,0.2124000,1699131,1790039279999,362100.5995800,2986,650384,138611.8116500,0
1790039280000,0.2124000,0.2128200,0.2123600,0.2127000,825242,1790039339999,175453.1360400,1855,415109,88256.3881500,0
1790039340000,0.2126900,0.2137300,0.2126200,0.2136300,2147686,1790039399999,457926.9190900,3103,1764877,376345.4050000,0
1790039400000,0.2136100,0.2136100,0.2124000,0.2124100,662355,1790039459999,141101.5725700,2374,277896,59238.4975400,0
1790039460000,0.2124100,0.2124200,0.2114000,0.2116800,1580791,1790039519999,334953.5481500,3222,461310,97704.9701900,0
1790039520000,0.2116800,0.2117100,0.2113300,0.2113300,853608,1790039579999,180553.8614800,2232,272335,57618.5502600,0
1790039580000,0.2113500,0.2113700,0.2103100,0.2105400,2809337,1790039639999,592145.2551300,3873,674561,142303.4216700,0
1790039640000,0.2105500,0.2111100,0.2105500,0.2110200,1418112,1790039699999,299071.6320400,2326,828521,174777.7141400,0
1790039700000,0.2110300,0.2117600,0.2110200,0.2111900,874903,1790039759999,184981.0216400,2961,247556,52320.6215400,0
1790039760000,0.2111900,0.2112400,0.2102100,0.2104200,841308,1790039819999,177247.9833800,2562,230610,48581.6711700,0
1790039820000,0.2104300,0.2106800,0.2101400,0.2105000,789973,1790039879999,166210.1298800,2318,249774,52555.1151300,0
1790039880000,0.2104900,0.2106200,0.2089100,0.2094600,5350587,1790039939999,1121452.0071500,4877,1316348,276025.4785600,0
1790039940000,0.2094500,0.2104900,0.2091400,0.2102600,4461114,1790039999999,935560.0411000,6875,1269228,266319.1272000,0
1790040000000,0.2102700,0.2111200,0.2102200,0.2107300,2578197,1790040059999,543301.0995000,4046,1590338,335184.3607500,0
1790040060000,0.2107300,0.2107300,0.2099900,0.2105100,969357,1790040119999,203869.3094700,2692,210709,44308.1408900,0
1790040120000,0.2105100,0.2109300,0.2102800,0.2104400,1198258,1790040179999,252360.5836400,3082,477413,100560.5568900,0
1790040180000,0.2104400,0.2116400,0.2104400,0.2113100,1518073,1790040239999,320459.2953200,2782,958242,202215.2000600,0
1790040240000,0.2113000,0.2131300,0.2112600,0.2130100,2878306,1790040299999,611313.6190300,3960,2227901,473115.0301600,0
1790040300000,0.2129700,0.2135900,0.2124800,0.2124800,1882436,1790040359999,401086.0800100,3577,558765,119141.8990400,0
1790040360000,0.2124900,0.2136400,0.2123400,0.2135700,1509252,1790040419999,321206.5547800,3196,918467,195503.7428700,0
1790040420000,0.2135700,0.2142800,0.2135300,0.2140200,1697851,1790040479999,363287.9057900,2958,1221931,261506.7106600,0
1790040480000,0.2140200,0.2144400,0.2138300,0.2143300,1167158,1790040539999,249992.8442700,2770,660994,141604.5689600,0
1790040540000,0.2143500,0.2153600,0.2143300,0.2151300,1687483,1790040599999,362827.6773500,3879,833313,179188.1871000,0
1790040600000,0.2151300,0.2153100,0.2136200,0.2142800,2156489,1790040659999,462276.2881300,4316,541891,116238.1801400,0
1790040660000,0.2142700,0.2147300,0.2128500,0.2141700,5382336,1790040719999,1150720.4116900,5621,1250492,267547.4742300,0
1790040720000,0.2141700,0.2150100,0.2132400,0.2134700,1384697,1790040779999,296665.7723700,3623,740698,158844.4414600,0
1790040780000,0.2134600,0.2136500,0.2129900,0.2130500,1124302,1790040839999,239894.9791300,2870,420568,89762.4830800,0
1790040840000,0.2130400,0.2138600,0.2129800,0.2133600,1495635,1790040899999,319299.9437300,2723,1177579,251400.3443700,0
1790040900000,0.2133500,0.2136700,0.2129900,0.2134100,540422,1790040959999,115326.0125200,2078,268784,57366.7464500,0
1790040960000,0.2134100,0.2134800,0.2127800,0.2127800,1234427,1790041019999,263006.9147000,3167,529135,112738.1587400,0
1790041020000,0.2127800,0.2133200,0.2122400,0.2125500,1236205,1790041079999,262955.6858200,2957,421144,89673.9636700,0
1790041080000,0.2125600,0.2135500,0.2125600,0.2130800,1469107,1790041139999,313118.3301300,3338,965283,205748.5429800,0
1790041140000,0.2130500,0.2134500,0.2129800,0.2133800,792256,1790041199999,168920.0596800,2390,347855,74162.2995700,0
1790041200000,0.2133800,0.2134300,0.2129800,0.2132200,986153,1790041259999,210229.0383300,2319,213697,45561.4603400,0
1790041260000,0.2132300,0.2133800,0.2121900,0.2127400,1331605,1790041319999,283378.3501600,3653,488007,103819.0598400,0
1790041320000,0.2127500,0.2129600,0.2122500,0.2128200,909432,1790041379999,193306.0558900,3285,350252,74479.2190800,0
1790041380000,0.2128100,0.2128100,0.2122100,0.2123800,1154368,1790041439999,245313.3968000,2986,640371,136104.8060300,0
1790041440000,0.2123800,0.2126300,0.2121500,0.2124800,636870,1790041499999,135270.7757300,1946,203220,43165.1956800,0
1790041500000,0.2124700,0.2125500,0.2117200,0.2117200,1278777,1790041559999,271171.2375200,3631,414433,87898.5953100,0
1790041560000,0.2117200,0.2123200,0.2115500,0.2121000,848375,1790041619999,179783.3039000,2534,363598,77082.0748300,0
1790041620000,0.2121000,0.2125900,0.2118600,0.2120000,644219,1790041679999,136686.5555200,2294,256489,54438.3289000,0
1790041680000,0.2119900,0.2119900,0.2112300,0.2112800,1304471,1790041739999,275925.4812300,2678,391003,82695.9672700,0
1790041740000,0.2112800,0.2112800,0.2104100,0.2106200,2017422,1790041799999,425313.2509700,3472,593325,125120.7861800,0
1790041800000,0.2106300,0.2109200,0.2101300,0.2105300,2015521,1790041859999,424224.5954100,3288,672676,141577.5974700,0
1790041860000,0.2105300,0.2115200,0.2104500,0.2107000,2046643,1790041919999,431773.6023500,3833,888204,187351.6121400,0
1790041920000,0.2107000,0.2115900,0.2102200,0.2115800,1305939,1790041979999,275044.3007800,2955,469821,99114.9546600,0
1790041980000,0.2115700,0.2117500,0.2110200,0.2112500,1406622,1790042039999,297361.4700600,2453,334013,70635.4675500,0
1790042040000,0.2112500,0.2119200,0.2109200,0.2118500,592856,1790042099999,125291.2078100,1926,411975,87064.0067300,0
1790042100000,0.2118200,0.2124300,0.2117300,0.2123600,518067,1790042159999,109860.1486400,1831,347504,73688.2983400,0
1790042160000,0.2123300,0.2127900,0.2122800,0.2127500,1204274,1790042219999,255974.2097800,1779,472229,100368.8482300,0
1790042220000,0.2127500,0.2132400,0.2126600,0.2129100,988957,1790042279999,210668.5046000,1706,363835,77522.2360800,0
1790042280000,0.2129200,0.2130200,0.2126300,0.2127400,479747,1790042339999,102119.4047300,1622,214499,45656.9966200,0
1790042340000,0.2127300,0.2130700,0.2118900,0.2129600,982117,1790042399999,208518.3245900,2140,349010,74136.1014500,0
1790042400000,0.2129600,0.2130000,0.2123100,0.2123800,512978,1790042459999,109037.9266600,2070,216164,45932.5135200,0
1790042460000,0.2123700,0.2123700,0.2115900,0.2116800,885411,1790042519999,187727.6942200,2435,220251,46705.5838200,0
1790042520000,0.2116700,0.2122700,0.2111900,0.2122700,749100,1790042579999,158542.0950900,1889,416025,88074.5098900,0
1790042580000,0.2122800,0.2129200,0.2119100,0.2119700,731733,1790042639999,155497.7833400,2472,363683,77288.4354000,0
1790042640000,0.2119700,0.2122200,0.2115700,0.2117500,487510,1790042699999,103295.2460000,1949,296080,62745.0505500,0
1790042700000,0.2117500,0.2119200,0.2115400,0.2116200,337499,1790042759999,71436.4144800,1300,195951,41476.4693700,0
1790042760000,0.2116200,0.2125300,0.2115900,0.2123400,417615,1790042819999,88581.2586700,1661,262410,55647.7773600,0
1790042820000,0.2123300,0.2124300,0.2119100,0.2121400,362910,1790042879999,76970.8822300,1457,162320,34424.5048800,0
1790042880000,0.2121400,0.2122300,0.2116000,0.2117500,427128,1790042939999,90529.4574700,1823,126189,26743.6904600,0
1790042940000,0.2117400,0.2117400,0.2110400,0.2114100,951578,1790042999999,201116.9746000,2548,655790,138589.7400700,0
1790043000000,0.2114100,0.2114100,0.2110300,0.2111200,222685,1790043059999,47024.4101300,1380,85359,18023.8990800,0
1790043060000,0.2111200,0.2112900,0.2107600,0.2108900,846712,1790043119999,178603.7605400,2810,191588,40423.5261500,0
1790043120000,0.2108900,0.2110400,0.2099700,0.2103600,3925089,1790043179999,825773.6435000,5959,852873,179561.1467200,0
1790043180000,0.2103600,0.2110900,0.2103400,0.2108500,509599,1790043239999,107401.5183800,1680,294407,62029.2959000,0
1790043240000,0.2108600,0.2116400,0.2108600,0.2112000,643709,1790043299999,136065.0933700,2114,318156,67243.6237200,0
1790043300000,0.2112000,0.2113600,0.2110100,0.2112100,614452,1790043359999,129763.6708900,1920,260004,54914.8481600,0
1790043360000,0.2112000,0.2118300,0.2111800,0.2117400,342589,1790043419999,72474.5435600,1424,219248,46379.3436500,0
1790043420000,0.2117400,0.2119200,0.2111900,0.2112000,668572,1790043479999,141381.0643000,1571,317374,67143.1841300,0
1790043480000,0.2112000,0.2114300,0.2109100,0.2109800,436372,1790043539999,92161.9233700,1445,161845,34187.9827900,0
1790043540000,0.2109700,0.2111300,0.2105500,0.2108500,731018,1790043599999,154137.1593700,1899,310591,65489.9646800,0
1790043600000,0.2108500,0.2108500,0.2103200,0.2106500,405564,1790043659999,85397.8687800,1900,88498,18638.1521700,0
1790043660000,0.2106400,0.2106400,0.2102300,0.2103900,279917,1790043719999,58900.9263600,1310,106495,22408.7677000,0
1790043720000,0.2104000,0.2111300,0.2102000,0.2111200,739368,1790043779999,155821.3214500,2243,512822,108079.2342000,0
1790043780000,0.2111200,0.2115800,0.2110300,0.2112700,270988,1790043839999,57285.4076700,1177,150767,31872.8609300,0
1790043840000,0.2112800,0.2120500,0.2111000,0.2112000,711186,1790043899999,150449.4692800,2309,325438,68850.7514300,0
1790043900000,0.2112000,0.2119000,0.2110800,0.2118500,437657,1790043959999,92578.3159000,1593,272335,57597.3728100,0
1790043960000,0.2118500,0.2119500,0.2112500,0.2114800,561260,1790044019999,118776.0860100,1917,235625,49861.5021200,0
1790044020000,0.2114900,0.2115300,0.2110300,0.2112300,238634,1790044079999,50400.6966400,1212,88417,18675.1139800,0
1790044080000,0.2112400,0.2115200,0.2112200,0.2114100,495298,1790044139999,104708.8763500,1069,422760,89374.6478600,0
1790044140000,0.2114000,0.2114000,0.2108700,0.2111000,340722,1790044199999,71912.5110800,1022,174627,36855.6261700,0
1790044200000,0.2111000,0.2111700,0.2106500,0.2106800,422604,1790044259999,89137.2548500,1328,287303,60598.8541200,0
1790044260000,0.2106900,0.2106900,0.2101100,0.2104500,425534,1790044319999,89549.7091300,1418,141518,29783.7217300,0
1790044320000,0.2104400,0.2104400,0.2097900,0.2100300,937716,1790044379999,197049.6684300,1878,399947,84048.4250700,0
1790044380000,0.2100200,0.2105400,0.2100200,0.2104300,610780,1790044439999,128425.1560700,1776,406479,85474.7442400,0
1790044440000,0.2104300,0.2114200,0.2104300,0.2112300,1093526,1790044499999,230784.2565300,2276,871969,184043.3813700,0
1790044500000,0.2112300,0.2121000,0.2112300,0.2120100,479363,1790044559999,101457.3825300,1704,343039,72611.8796500,0
1790044560000,0.2120100,0.2122500,0.2117400,0.2120600,355549,1790044619999,75384.6847600,1601,168036,35628.7363500,0
1790044620000,0.2120700,0.2122900,0.2117400,0.2122500,906467,1790044679999,192208.3396600,2148,373045,79127.0760400,0
1790044680000,0.2122600,0.2123100,0.2115400,0.2115500,529734,1790044739999,112330.3643700,1568,203256,43105.3561500,0
1790044740000,0.2115500,0.2126300,0.2115500,0.2126100,893368,1790044799999,189409.0377900,1947,765624,162328.4471600,0
1790044800000,0.2126100,0.2129900,0.2125300,0.2127300,868203,1790044859999,184730.8507700,2288,559752,119109.3456500,0
1790044860000,0.2127300,0.2128600,0.2123200,0.2125900,418930,1790044919999,89071.3620000,1622,171675,36498.8144900,0
1790044920000,0.2125800,0.2127700,0.2123900,0.2125700,502783,1790044979999,106870.7493600,1320,196923,41860.7409800,0
1790044980000,0.2125800,0.2127200,0.2121100,0.2121800,755920,1790045039999,160522.8105500,2404,217166,46122.3318200,0
1790045040000,0.2121800,0.2122200,0.2115800,0.2116700,527783,1790045099999,111856.9336500,1841,247531,52458.2108600,0
1790045100000,0.2116700,0.2119300,0.2114700,0.2117300,570059,1790045159999,120695.8845900,1778,364606,77215.7164300,0
1790045160000,0.2117300,0.2121900,0.2105400,0.2114100,2654812,1790045219999,560333.1545200,3080,567209,119819.5229300,0
1790045220000,0.2114100,0.2114100,0.2107100,0.2112900,451418,1790045279999,95275.8440300,1792,244522,51615.8488000,0
1790045280000,0.2112800,0.2115400,0.2111800,0.2115000,312835,1790045339999,66132.3697500,1462,104486,22087.3294000,0
1790045340000,0.2114900,0.2115200,0.2107500,0.2107500,797673,1790045399999,168453.5936700,2108,273173,57665.6670300,0
1790045400000,0.2107500,0.2108600,0.2102500,0.2103900,668813,1790045459999,140782.4861000,1883,209584,44141.7881900,0
1790045460000,0.2103800,0.2106500,0.2100100,0.2101400,789914,1790045519999,166155.6872500,1707,250093,52619.7645400,0
1790045520000,0.2101300,0.2101600,0.2096000,0.2099700,1349236,1790045579999,283196.7524500,2534,454799,95460.5649600,0
1790045580000,0.2099600,0.2100100,0.2093900,0.2097100,1277659,1790045639999,267906.9100100,3051,482024,101089.8519700,0
1790045640000,0.2097000,0.2106500,0.2095600,0.2106500,1043216,1790045699999,219231.6977500,2238,811406,170543.8253600,0
1790045700000,0.2106600,0.2110000,0.2103100,0.2103200,1353690,1790045759999,285121.2898900,3048,789538,166330.0680600,0
1790045760000,0.2103200,0.2106500,0.2100800,0.2106000,512338,1790045819999,107803.9204000,1769,338592,71247.2610200,0
1790045820000,0.2105900,0.2105900,0.2102000,0.2104000,245996,1790045879999,51756.1155300,1254,114944,24180.2118900,0
1790045880000,0.2104000,0.2116200,0.2103700,0.2115500,651897,1790045939999,137617.6365900,2272,470495,99324.3607500,0
1790045940000,0.2115600,0.2118100,0.2110900,0.2111000,509796,1790045999999,107827.6472600,1639,223094,47206.7997500,0
1790046000000,0.2111000,0.2116900,0.2105000,0.2116000,1079614,1790046059999,227857.1714700,3190,702625,148296.8040800,0
1790046060000,0.2115900,0.2116900,0.2104200,0.2105300,729120,1790046119999,153782.1323200,2614,341757,72064.3881600,0
1790046120000,0.2105300,0.2116600,0.2104000,0.2116500,762518,1790046179999,160908.0665200,2584,395383,83434.0900300,0
1790046180000,0.2116600,0.2121500,0.2103100,0.2103500,2477068,1790046239999,523887.7733100,5163,913536,193289.7992500,0
1790046240000,0.2103600,0.2109300,0.2102300,0.2107500,527453,1790046299999,111111.7921700,1821,385059,81113.9828900,0
1790046300000,0.2107500,0.2108200,0.2104900,0.2106000,558671,1790046359999,117640.7152800,1488,285392,60092.9761600,0
1790046360000,0.2106000,0.2106000,0.2100500,0.2100800,384419,1790046419999,80863.9980000,1343,137391,28910.7152700,0
1790046420000,0.2100700,0.2102900,0.2096000,0.2100800,1226817,1790046479999,257543.4149600,2826,692969,145522.2799700,0
1790046480000,0.2100800,0.2101500,0.2094600,0.2094700,751023,1790046539999,157503.1831000,2049,126447,26526.1644400,0
1790046540000,0.2094800,0.2094800,0.2083800,0.2086600,4124198,1790046599999,861627.5098200,4495,938404,196085.3651500,0
1790046600000,0.2086800,0.2094600,0.2085200,0.2092200,2033023,1790046659999,424749.2169700,3875,1050907,219611.4095500,0
1790046660000,0.2092300,0.2095600,0.2090400,0.2093100,1196014,1790046719999,250305.5616000,3278,393493,82376.2547200,0
1790046720000,0.2093000,0.2098200,0.2090800,0.2095700,1336483,1790046779999,279925.4611300,3847,615501,128949.4547800,0
1790046780000,0.2095800,0.2099300,0.2093100,0.2093600,839294,1790046839999,175987.8202000,1791,500369,104949.9505200,0
1790046840000,0.2093600,0.2097800,0.2091600,0.2097300,565207,1790046899999,118448.6654300,1217,417277,87459.5644800,0
1790046900000,0.2097400,0.2102000,0.2096100,0.2099900,1184204,1790046959999,248543.5067200,2355,563914,118388.2845500,0
1790046960000,0.2099900,0.2100000,0.2093700,0.2095000,365037,1790047019999,76514.2370900,1296,108913,22823.9482200,0
1790047020000,0.2095000,0.2099000,0.2093800,0.2097200,523366,1790047079999,109742.0675100,1564,199527,41838.7270100,0
1790047080000,0.2097200,0.2106500,0.2096700,0.2103300,847691,1790047139999,178288.5862300,1638,678708,142778.9280600,0
1790047140000,0.2103300,0.2104900,0.2095800,0.2097300,412341,1790047199999,86606.2833700,1643,182957,38435.5899400,0
1790047200000,0.2097200,0.2097400,0.2089300,0.2093200,932240,1790047259999,195048.9078400,2228,375459,78566.5068900,0
1790047260000,0.2093300,0.2098100,0.2093000,0.2095300,384061,1790047319999,80470.9397900,1328,233979,49025.6436900,0
1790047320000,0.2095400,0.2096600,0.2089600,0.2094600,382835,1790047379999,80152.7607900,1561,213221,44643.4903200,0
1790047380000,0.2094700,0.2095100,0.2088900,0.2095000,389417,1790047439999,81473.4510100,1311,145687,30485.3606800,0
1790047440000,0.2095000,0.2097600,0.2093700,0.2093700,323231,1790047499999,67764.3415200,997,143717,30131.1870200,0
1790047500000,0.2093700,0.2101200,0.2091800,0.2097200,905360,1790047559999,189814.3329200,2842,363871,76275.9733300,0
1790047560000,0.2097300,0.2110000,0.2097300,0.2110000,481302,1790047619999,101180.0552900,1470,407793,85712.0382200,0
1790047620000,0.2110000,0.2111800,0.2104900,0.2111200,437700,1790047679999,92291.3578200,1677,171025,36071.9328600,0
1790047680000,0.2111200,0.2117800,0.2110900,0.2116300,1042880,1790047739999,220508.3162600,2279,675739,142906.3649200,0
1790047740000,0.2116400,0.2139800,0.2113200,0.2129700,5744939,1790047799999,1221833.9658800,8071,3825674,813164.4269000,0
1790047800000,0.2129600,0.2130400,0.2116700,0.2116900,1247144,1790047859999,264964.8477900,3046,298921,63527.3591400,0
1790047860000,0.2116800,0.2118400,0.2111200,0.2117700,2184549,1790047919999,461960.5467800,3294,1561160,330168.2041200,0
1790047920000,0.2117700,0.2121600,0.2113000,0.2120700,632010,1790047979999,133804.6072600,2593,388164,82187.5759600,0
1790047980000,0.2120800,0.2120800,0.2114800,0.2115000,637149,1790048039999,134872.6775500,2162,173604,36757.0692800,0
1790048040000,0.2115000,0.2118100,0.2114200,0.2116600,395115,1790048099999,83611.1084000,1601,216155,45741.7678800,0
1790048100000,0.2116600,0.2121700,0.2115900,0.2116900,306517,1790048159999,64961.2186500,1507,152545,32327.1652000,0
1790048160000,0.2116900,0.2121300,0.2116800,0.2119500,728860,1790048219999,154474.4036200,1714,418154,88627.3926700,0
1790048220000,0.2119500,0.2120000,0.2116600,0.2117500,343785,1790048279999,72824.9237100,1640,148931,31549.2952200,0
1790048280000,0.2117500,0.2122500,0.2117200,0.2122000,283233,1790048339999,60041.2342900,1393,139149,29499.0969000,0
1790048340000,0.2121900,0.2122200,0.2117200,0.2117300,434597,1790048399999,92117.6928200,1305,114047,24171.9578200,0
1790048400000,0.2117200,0.2117800,0.2112200,0.2112700,279314,1790048459999,59090.8002300,1212,125621,26571.4909400,0
1790048460000,0.2112700,0.2119200,0.2112400,0.2116600,426386,1790048519999,90201.8222800,1462,256919,54340.9996100,0
1790048520000,0.2116300,0.2119100,0.2114800,0.2115300,192546,1790048579999,40760.7270200,1035,103985,22013.0438600,0
1790048580000,0.2115300,0.2116600,0.2112100,0.2114600,461069,1790048639999,97442.4285000,1365,108844,23011.4210400,0
1790048640000,0.2114600,0.2116900,0.2111400,0.2116700,934689,1790048699999,197652.9520600,1742,290883,61514.4874300,0
1790048700000,0.2116700,0.2117700,0.2114200,0.2117700,183665,1790048759999,38855.1866400,1096,120004,25387.0536900,0
1790048760000,0.2117700,0.2123300,0.2115700,0.2116800,1989881,1790048819999,422000.7185300,2852,1414732,300058.6809600,0
1790048820000,0.2116900,0.2118200,0.2115000,0.2117000,302481,1790048879999,64032.8899500,1189,197966,41911.0611300,0
1790048880000,0.2117000,0.2117400,0.2110500,0.2111100,600350,1790048939999,126915.1982100,1767,273287,57799.8870600,0
1790048940000,0.2111000,0.2111500,0.2107300,0.2110100,438568,1790048999999,92485.5284100,1322,245930,51854.2656000,0
1790049000000,0.2110100,0.2110100,0.2106500,0.2107800,293180,1790049059999,61816.0394000,867,199637,42092.8524200,0
1790049060000,0.2107800,0.2110000,0.2105100,0.2108100,747100,1790049119999,157406.9180800,1423,152352,32115.5205100,0
1790049120000,0.2108300,0.2108600,0.2105200,0.2105200,261073,1790049179999,55009.5868700,1034,115437,24323.4751100,0
1790049180000,0.2105100,0.2107400,0.2103200,0.2107400,488351,1790049239999,102799.6290700,1029,153131,32250.0412600,0
1790049240000,0.2107400,0.2108500,0.2105400,0.2105600,148451,1790049299999,31282.7210100,708,80671,17000.4676900,0
1790049300000,0.2105500,0.2113800,0.2105200,0.2113800,353333,1790049359999,74489.1144600,1189,250701,52851.1774400,0
1790049360000,0.2113900,0.2116200,0.2112400,0.2112700,296137,1790049419999,62620.6717400,975,170793,36119.0741800,0
1790049420000,0.2112800,0.2114500,0.2108300,0.2112800,603730,1790049479999,127506.8293200,1426,473592,100036.2429400,0
1790049480000,0.2112800,0.2117700,0.2111900,0.2117700,521484,1790049539999,110322.9389900,1175,457119,96710.8223000,0
1790049540000,0.2117700,0.2117800,0.2113300,0.2114900,450873,1790049599999,95378.7470900,1289,296314,62685.3120800,0
1790049600000,0.2114800,0.2117400,0.2112200,0.2114400,372713,1790049659999,78801.8674700,1082,223979,47355.4150400,0
1790049660000,0.2114400,0.2115900,0.2112600,0.2114500,351546,1790049719999,74330.2613200,1232,199314,42142.9922300,0
1790049720000,0.2114500,0.2114500,0.2106600,0.2107300,568821,1790049779999,119974.6471200,1802,206267,43507.4328900,0
1790049780000,0.2107200,0.2110100,0.2105200,0.2106900,893558,1790049839999,188296.0507000,2743,497746,104899.7221600,0
1790049840000,0.2106900,0.2116900,0.2106700,0.2114600,1057525,1790049899999,223195.9483200,1433,926338,195460.0457300,0
1790049900000,0.2114500,0.2117900,0.2109600,0.2113200,533337,1790049959999,112700.4533800,1619,389267,82250.6791000,0
1790049960000,0.2113100,0.2118100,0.2109900,0.2114100,1452678,1790050019999,307049.1433200,2386,396469,83813.0718600,0
1790050020000,0.2114200,0.2114500,0.2107700,0.2109200,618815,1790050079999,130602.9109600,1784,290572,61314.1088900,0
1790050080000,0.2109200,0.2112100,0.2107500,0.2107500,538037,1790050139999,113516.2167900,1373,169203,35705.9190500,0
1790050140000,0.2107400,0.2109800,0.2106900,0.2107500,306232,1790050199999,64550.4378100,968,149264,31463.4219200,0
1790050200000,0.2107600,0.2107700,0.2101200,0.2105600,1125685,1790050259999,236900.4302500,2261,510054,107337.3229000,0
1790050260000,0.2105500,0.2109500,0.2102400,0.2103100,655661,1790050319999,138081.1527300,1738,201510,42412.8286900,0
1790050320000,0.2103100,0.2104800,0.2101900,0.2103000,203621,1790050379999,42828.5169900,821,94926,19966.8631800,0
1790050380000,0.2102900,0.2104300,0.2098300,0.2101900,1523449,1790050439999,320075.5807000,2274,439964,92455.7479100,0
1790050440000,0.2101800,0.2105600,0.2101600,0.2103500,324950,1790050499999,68349.8493600,1111,242887,51084.8033500,0
1790050500000,0.2103500,0.2106800,0.2099700,0.2099900,1204263,1790050559999,253292.8308200,2101,186840,39321.0044500,0
1790050560000,0.2099900,0.2101100,0.2094900,0.2096000,826266,1790050619999,173368.3558000,2186,340472,71442.6415300,0
1790050620000,0.2096000,0.2097200,0.2091100,0.2092400,1174703,1790050679999,245858.6398900,2119,270959,56719.0568300,0
1790050680000,0.2092400,0.2097500,0.2090200,0.2096600,927856,1790050739999,194271.5257700,1671,416836,87341.8612300,0
1790050740000,0.2096500,0.2096500,0.2092100,0.2093200,429868,1790050799999,90042.9804900,1572,181815,38085.9428400,0
1790050800000,0.2093100,0.2095200,0.2092100,0.2095200,360510,1790050859999,75474.5779300,1341,218011,45641.0100700,0
1790050860000,0.2095100,0.2099500,0.2094500,0.2097500,260602,1790050919999,54659.2899700,1003,147562,30953.7357700,0
1790050920000,0.2097500,0.2103300,0.2094600,0.2095700,660759,1790050979999,138711.1970600,1943,304144,63865.6019100,0
1790050980000,0.2095800,0.2097600,0.2094600,0.2095400,170251,1790051039999,35679.2357800,835,96714,20267.6650500,0
1790051040000,0.2095500,0.2101500,0.2094500,0.2101500,227348,1790051099999,47688.5853400,1042,165921,34805.3194000,0
1790051100000,0.2101600,0.2101600,0.2096600,0.2098400,189172,1790051159999,39688.5364600,744,54748,11484.1118100,0
1790051160000,0.2098300,0.2101700,0.2098300,0.2100600,201377,1790051219999,42297.4373200,871,91784,19274.8700200,0
1790051220000,0.2100600,0.2102400,0.2099300,0.2102400,138135,1790051279999,29024.5558700,714,77613,16308.5903600,0
1790051280000,0.2102300,0.2110400,0.2101900,0.2107700,644758,1790051339999,135870.2717600,1982,349524,73631.7049900,0
1790051340000,0.2107800,0.2109300,0.2106400,0.2107300,194790,1790051399999,41062.5393900,967,70863,14938.4030200,0
1790051400000,0.2107300,0.2108400,0.2105400,0.2108200,141759,1790051459999,29866.5985600,764,72972,15375.3691900,0
1790051460000,0.2108300,0.2108300,0.2102400,0.2103100,215856,1790051519999,45450.0700100,931,50381,10610.0645000,0
1790051520000,0.2103000,0.2103400,0.2099800,0.2099800,180376,1790051579999,37910.2000100,705,96187,20214.6683600,0
1790051580000,0.2099900,0.2101800,0.2098200,0.2101500,272610,1790051639999,57246.2992700,950,205035,43058.1947900,0
1790051640000,0.2101400,0.2103100,0.2100100,0.2101900,238543,1790051699999,50132.6427700,871,117749,24747.6338800,0
1790051700000,0.2101900,0.2102700,0.2097400,0.2100600,794717,1790051759999,166914.1403500,1434,597800,125570.6051700,0
1790051760000,0.2100600,0.2101100,0.2096600,0.2096600,262246,1790051819999,55037.0624200,852,76875,16138.0330500,0
1790051820000,0.2096600,0.2102800,0.2094200,0.2102800,974028,1790051879999,204323.0594500,1752,653975,137237.2403700,0
1790051880000,0.2102900,0.2106200,0.2102900,0.2105400,196757,1790051939999,41411.3367500,879,108865,22914.4677500,0
1790051940000,0.2105300,0.2110400,0.2103100,0.2103100,428854,1790051999999,90362.9476800,1343,309195,65153.8159800,0
1790052000000,0.2103200,0.2105100,0.2100600,0.2101600,272670,1790052059999,57335.0830900,996,79242,16661.3966300,0
1790052060000,0.2101700,0.2110800,0.2101700,0.2108900,508654,1790052119999,107205.4686600,1469,183200,38595.0003400,0
1790052120000,0.2108900,0.2109700,0.2104100,0.2106400,586835,1790052179999,123629.1062200,1377,480408,101205.9517600,0
1790052180000,0.2106300,0.2108300,0.2105600,0.2106800,198204,1790052239999,41759.0033700,772,109662,23106.4154300,0
1790052240000,0.2106900,0.2107500,0.2102100,0.2102600,414749,1790052299999,87249.9238400,858,29706,6254.6500700,0
1790052300000,0.2102500,0.2103800,0.2100900,0.2103000,560944,1790052359999,117938.6601100,1047,147739,31066.9023300,0
1790052360000,0.2103000,0.2104300,0.2101300,0.2101700,127491,1790052419999,26807.4475200,719,52789,11100.4869600,0
1790052420000,0.2101700,0.2101700,0.2098200,0.2099800,192211,1790052479999,40356.2133800,898,71104,14926.9765900,0
1790052480000,0.2099900,0.2104300,0.2098400,0.2099400,1131976,1790052539999,237900.1034900,1484,880164,185011.3469200,0
1790052540000,0.2099400,0.2099700,0.2097100,0.2097400,371999,1790052599999,78055.4846500,823,188301,39509.4598800,0
1790052600000,0.2097300,0.2098800,0.2094600,0.2096700,794872,1790052659999,166637.9478400,1311,241110,50547.4065700,0
1790052660000,0.2096800,0.2102000,0.2096800,0.2100900,257451,1790052719999,54054.4986700,871,149713,31435.7337200,0
1790052720000,0.2101000,0.2102100,0.2099100,0.2101100,610245,1790052779999,128186.0631200,1117,237193,49833.9143100,0
1790052780000,0.2101100,0.2101100,0.2098300,0.2098800,225680,1790052839999,47385.9805800,747,68060,14289.4210800,0
1790052840000,0.2098900,0.2099100,0.2095900,0.2096800,727374,1790052899999,152555.7781100,913,414549,86953.6069400,0
1790052900000,0.2096800,0.2099400,0.2093500,0.2094100,848388,1790052959999,177879.3534800,1126,231739,48619.0948700,0
1790052960000,0.2094000,0.2096300,0.2090800,0.2095200,956006,1790053019999,200139.3358200,1811,257785,53993.1200200,0
1790053020000,0.2095100,0.2095200,0.2089000,0.2090600,1066015,1790053079999,222894.9801900,1862,329959,68982.4053900,0
1790053080000,0.2090800,0.2094300,0.2090000,0.2093000,978720,1790053139999,204735.4179800,1481,372936,78032.5188900,0
1790053140000,0.2093000,0.2098000,0.2093000,0.2097900,594394,1790053199999,124576.2045300,1272,241119,50535.7169800,0
1790053200000,0.2098000,0.2100000,0.2093000,0.2096700,900078,1790053259999,188692.9960200,1791,438858,92044.7885300,0
1790053260000,0.2096700,0.2099800,0.2092200,0.2099600,876429,1790053319999,183669.1730600,2074,476152,99799.4740800,0
1790053320000,0.2099600,0.2110900,0.2090800,0.2092600,8286346,1790053379999,1740591.1822100,6450,1916083,402819.4863000,0
1790053380000,0.2092800,0.2097300,0.2083200,0.2090000,5855334,1790053439999,1223243.0284800,4508,1552349,324440.8615800,0
1790053440000,0.2090100,0.2096300,0.2083300,0.2087900,4827573,1790053499999,1009207.3489000,4207,2790882,583832.3345000,0
1790053500000,0.2088000,0.2092800,0.2087300,0.2091400,1770795,1790053559999,370122.9985600,2103,827306,172948.8121600,0
1790053560000,0.2091000,0.2098700,0.2090600,0.2096400,1979525,1790053619999,415048.9726800,1833,855310,179273.9810500,0
1790053620000,0.2096500,0.2102700,0.2096400,0.2100300,760789,1790053679999,159786.2429000,1267,503439,105721.5531700,0
1790053680000,0.2100300,0.2106100,0.2098400,0.2105000,911692,1790053739999,191767.8401800,1447,765907,161108.1148000,0
1790053740000,0.2105000,0.2106400,0.2099900,0.2102400,827586,1790053799999,174056.8001900,1774,399038,83917.4481300,0
1790053800000,0.2102400,0.2103300,0.2098200,0.2100300,540439,1790053859999,113552.6326100,1155,364232,76537.3946000,0
1790053860000,0.2100400,0.2107700,0.2100400,0.2106200,692419,1790053919999,145803.2461900,1341,488124,102780.6856100,0
1790053920000,0.2106300,0.2110400,0.2103100,0.2106900,1478406,1790053979999,311636.6118400,2355,1162182,245001.8199700,0
1790053980000,0.2107000,0.2110700,0.2104500,0.2110600,566523,1790054039999,119406.5248600,1596,348999,73572.6376800,0
1790054040000,0.2110700,0.2112000,0.2106300,0.2107500,575408,1790054099999,121436.6965400,1644,334791,70670.5461700,0
1790054100000,0.2107500,0.2109100,0.2105400,0.2108900,399200,1790054159999,84131.3056100,1564,219463,46249.2066100,0
1790054160000,0.2108900,0.2115400,0.2107800,0.2112600,782095,1790054219999,165167.6765400,1959,454543,95986.7732800,0
1790054220000,0.2112600,0.2112600,0.2107500,0.2109700,407933,1790054279999,86056.8238300,1648,266735,56271.3982400,0
1790054280000,0.2109800,0.2110100,0.2099500,0.2103400,1861849,1790054339999,391429.9065300,2776,595583,125254.7179900,0
1790054340000,0.2103300,0.2104000,0.2094900,0.2099300,1688832,1790054399999,354332.3132500,2239,439506,92280.9844600,0
1790054400000,0.2099400,0.2107800,0.2097700,0.2107400,718297,1790054459999,151013.7140600,1816,542687,114093.7610700,0
1790054460000,0.2107700,0.2118900,0.2105800,0.2118700,713706,1790054519999,150788.6533300,2135,476773,100739.6035000,0
1790054520000,0.2118700,0.2121900,0.2115400,0.2121100,1052457,1790054579999,223013.5618000,1952,591190,125301.7605300,0
1790054580000,0.2121100,0.2128100,0.2119100,0.2125800,2785031,1790054639999,591194.8113100,3125,1977221,419684.7683500,0
1790054640000,0.2125700,0.2129500,0.2116800,0.2116800,1418253,1790054699999,301489.8985700,2546,680822,144771.7580900,0
1790054700000,0.2116800,0.2118100,0.2110600,0.2113400,908992,1790054759999,192183.2441000,2260,400623,84741.3488900,0
1790054760000,0.2113300,0.2118900,0.2111300,0.2118900,776225,1790054819999,164163.0424000,1880,424148,89726.9937500,0
1790054820000,0.2119000,0.2119000,0.2110600,0.2111500,707364,1790054879999,149553.0065400,1689,431505,91208.7954900,0
1790054880000,0.2111600,0.2116500,0.2110800,0.2115600,618925,1790054939999,130832.4430800,1580,453491,95861.8844800,0
1790054940000,0.2115500,0.2121100,0.2114400,0.2116300,656068,1790054999999,138976.8927100,1702,299546,63453.1997700,0
1790055000000,0.2116200,0.2119400,0.2111100,0.2113900,653226,1790055059999,138171.3428100,1968,363269,76864.5392700,0
1790055060000,0.2114000,0.2114400,0.2104300,0.2106200,1668292,1790055119999,351741.6189400,2689,382199,80587.9076100,0
1790055120000,0.2106200,0.2108100,0.2102100,0.2106900,1467233,1790055179999,308816.0733500,2793,576437,121372.5330300,0
1790055180000,0.2106800,0.2106800,0.2100600,0.2106400,772182,1790055239999,162422.9208100,1979,455213,95758.7428500,0
1790055240000,0.2106500,0.2119200,0.2105800,0.2117900,2275034,1790055299999,480377.7129900,3097,1844663,389497.0560000,0
1790055300000,0.2117800,0.2121900,0.2116700,0.2119400,1239631,1790055359999,262772.5744800,3132,786838,166806.3905600,0
1790055360000,0.2119400,0.2133300,0.2119400,0.2132800,2765293,1790055419999,588513.5157200,4442,1833210,390196.0820000,0
1790055420000,0.2132800,0.2144400,0.2130300,0.2143900,3785310,1790055479999,809218.7370100,6024,2064530,441689.5761900,0
1790055480000,0.2143900,0.2150500,0.2138300,0.2148800,2987933,1790055539999,640733.3108300,4590,1724563,369780.5700600,0
1790055540000,0.2148800,0.2164500,0.2148500,0.2162500,2658852,1790055599999,573454.3718000,4300,1495434,322451.6463500,0
1790055600000,0.2162400,0.2169100,0.2160300,0.2167500,3005710,1790055659999,650477.5036200,4269,1553862,336270.1646500,0
1790055660000,0.2167500,0.2175900,0.2162800,0.2173600,2879915,1790055719999,624915.3072500,4592,1483343,321957.8559600,0
1790055720000,0.2173300,0.2177300,0.2168300,0.2172700,2837464,1790055779999,616471.3417100,4837,1102851,239676.9839700,0
1790055780000,0.2172700,0.2178500,0.2168600,0.2173300,2339127,1790055839999,508434.6728000,4478,1133214,246356.3743600,0
1790055840000,0.2173200,0.2183900,0.2170400,0.2181500,5601961,1790055899999,1220682.2210600,6793,3867311,842741.6374300,0
1790055900000,0.2181500,0.2184500,0.2178100,0.2183800,2593305,1790055959999,565514.4414200,4838,1289505,281235.9722200,0
1790055960000,0.2183800,0.2194500,0.2181200,0.2182600,5219096,1790056019999,1142175.7013900,5974,2795443,611740.2217900,0
1790056020000,0.2182700,0.2184500,0.2175900,0.2177100,2342860,1790056079999,510677.9661000,4267,613637,133798.8611400,0
1790056080000,0.2177200,0.2180700,0.2173300,0.2174800,1894218,1790056139999,412328.1976200,3390,717627,156245.9021100,0
1790056140000,0.2174900,0.2181600,0.2170500,0.2180200,1192634,1790056199999,259454.9434600,3105,640897,139456.4507100,0
1790056200000,0.2180100,0.2181400,0.2169600,0.2174100,2886684,1790056259999,628031.2406200,3806,859622,186940.8477700,0
1790056260000,0.2174000,0.2179700,0.2173500,0.2179500,831249,1790056319999,180974.0820000,2240,598291,130266.4993300,0
1790056320000,0.2179600,0.2181800,0.2175000,0.2180700,1154562,1790056379999,251570.8561400,2345,502155,109418.2822500,0
1790056380000,0.2180700,0.2182200,0.2178500,0.2181600,767632,1790056439999,167389.1519300,2074,357671,77998.6103600,0
1790056440000,0.2181600,0.2182800,0.2176300,0.2178200,620913,1790056499999,135294.0032700,1759,227536,49578.3531200,0
1790056500000,0.2178100,0.2178600,0.2171100,0.2171100,573541,1790056559999,124756.1355700,1601,178880,38913.0733400,0
1790056560000,0.2171200,0.2174200,0.2169200,0.2171800,1756210,1790056619999,381311.6331800,2149,744863,161785.3303400,0
1790056620000,0.2171800,0.2175900,0.2169200,0.2170400,553976,1790056679999,120336.6397100,1597,339783,73807.4214200,0
1790056680000,0.2170000,0.2170100,0.2167000,0.2167900,861754,1790056739999,186871.0191500,1963,365853,79339.9016100,0
1790056740000,0.2168000,0.2173700,0.2166300,0.2171900,983814,1790056799999,213474.3855700,2281,453666,98455.8775200,0
1790056800000,0.2172000,0.2184500,0.2171100,0.2183000,1616827,1790056859999,352177.2453500,3689,936085,203873.5895300,0
1790056860000,0.2182900,0.2189500,0.2179100,0.2181600,2284319,1790056919999,498771.2045400,4345,1438604,314132.0999900,0
1790056920000,0.2181600,0.2182000,0.2170800,0.2172600,1347053,1790056979999,292939.5267400,2908,663540,144310.5158500,0
1790056980000,0.2172700,0.2174800,0.2161100,0.2163500,1784485,1790057039999,386679.0253700,3553,572173,124099.9482400,0
1790057040000,0.2163500,0.2163500,0.2153200,0.2155300,1310768,1790057099999,282850.6594000,3339,471056,101696.0952900,0
1790057100000,0.2155200,0.2158000,0.2146500,0.2150900,1957862,1790057159999,421147.3726600,3380,465539,100225.7518200,0
1790057160000,0.2150900,0.2154800,0.2146200,0.2151500,717277,1790057219999,154268.9632300,1824,415729,89390.3978800,0
1790057220000,0.2151500,0.2152200,0.2140100,0.2141600,1601716,1790057279999,343314.9323000,2348,435333,93373.8851700,0
1790057280000,0.2141600,0.2150600,0.2141100,0.2148100,1236607,1790057339999,265519.1820700,2282,906949,194748.6363700,0
1790057340000,0.2148300,0.2148300,0.2139800,0.2142500,1418328,1790057399999,304084.7382500,2140,461285,98900.6155800,0
1790057400000,0.2142400,0.2145000,0.2140400,0.2144200,1173612,1790057459999,251486.9165500,1374,631091,135225.1672600,0
1790057460000,0.2144100,0.2149200,0.2139900,0.2143000,1331638,1790057519999,285323.8109400,2163,829528,177772.9669900,0
1790057520000,0.2143000,0.2143600,0.2139600,0.2140100,520425,1790057579999,111456.0348700,1458,218706,46838.7819700,0
1790057580000,0.2140200,0.2143900,0.2138900,0.2139600,688441,1790057639999,147348.0128200,1647,444031,95037.3483600,0
1790057640000,0.2139700,0.2150200,0.2139700,0.2142100,2589241,1790057699999,555363.6229500,2659,1416741,303994.7338200,0
1790057700000,0.2142200,0.2145800,0.2140700,0.2142400,556170,1790057759999,119157.5665600,1554,232321,49772.7366700,0
1790057760000,0.2142600,0.2146500,0.2136600,0.2137000,650897,1790057819999,139346.2582800,1879,235643,50479.0047500,0
1790057820000,0.2136700,0.2138900,0.2136400,0.2138600,384085,1790057879999,82097.0887700,1183,194870,41654.3895500,0
1790057880000,0.2138500,0.2141700,0.2138500,0.2140600,607933,1790057939999,130105.6128300,1599,278563,59611.5929000,0
1790057940000,0.2140500,0.2140700,0.2137300,0.2137800,1475863,1790057999999,315809.6608600,880,166798,35678.0354700,0
1790058000000,0.2137800,0.2142700,0.2137700,0.2139500,597857,1790058059999,127996.3532700,1539,339529,72695.2778100,0
1790058060000,0.2139400,0.2147000,0.2137500,0.2144500,1755515,1790058119999,376345.3451700,1769,1602600,343589.0186400,0
1790058120000,0.2144400,0.2146100,0.2133600,0.2134900,1629669,1790058179999,348693.6668100,2186,519426,111264.6513500,0
1790058180000,0.2134800,0.2134800,0.2125200,0.2127300,3027788,1790058239999,644828.0105100,4162,847631,180558.2517300,0
1790058240000,0.2127200,0.2128500,0.2118000,0.2120700,3196075,1790058299999,678529.4009400,4025,1391806,295603.6503600,0
1790058300000,0.2120600,0.2126100,0.2115900,0.2121200,2456252,1790058359999,520822.9752400,4071,1220473,258925.4140600,0
1790058360000,0.2121300,0.2122500,0.2116900,0.2119000,1044972,1790058419999,221576.0509100,2002,445064,94400.3164800,0
1790058420000,0.2119000,0.2119900,0.2116100,0.2119900,772743,1790058479999,163655.3940700,1842,298316,63198.8200300,0
1790058480000,0.2119700,0.2122500,0.2119400,0.2119500,356281,1790058539999,75581.5626100,1249,260703,55307.9458500,0
1790058540000,0.2119500,0.2122300,0.2119100,0.2121400,417197,1790058599999,88471.3418100,1112,322370,68363.1021700,0
1790058600000,0.2121300,0.2121600,0.2116400,0.2118000,733640,1790058659999,155405.7533600,1469,268738,56928.3536600,0
1790058660000,0.2118000,0.2121500,0.2115900,0.2120900,444559,1790058719999,94166.5828000,1420,321343,68064.5420800,0
1790058720000,0.2120800,0.2128000,0.2119600,0.2127900,1236510,1790058779999,262514.4613000,2360,920088,195371.7093500,0
1790058780000,0.2128000,0.2135000,0.2127600,0.2131800,1518469,1790058839999,323738.5137000,2713,1170932,249634.9114900,0
1790058840000,0.2131800,0.2135400,0.2124900,0.2127300,787670,1790058899999,167752.4455700,1858,359350,76551.0600100,0
1790058900000,0.2127300,0.2134100,0.2127300,0.2131900,886881,1790058959999,189064.1332100,1662,739260,157603.0539600,0
1790058960000,0.2131900,0.2133300,0.2129100,0.2130800,389259,1790059019999,82968.6842800,1283,253035,53938.1941900,0
1790059020000,0.2130800,0.2131800,0.2124700,0.2129100,681288,1790059079999,145030.9117000,1876,451740,96187.3982000,0
1790059080000,0.2129200,0.2131500,0.2126400,0.2130200,343834,1790059139999,73162.4655800,939,169790,36143.5382500,0
1790059140000,0.2130100,0.2130300,0.2123900,0.2124800,475778,1790059199999,101211.5226000,1201,201897,42940.0856000,0
1790059200000,0.2124800,0.2127200,0.2123000,0.2127100,556431,1790059259999,118265.4559800,1511,274066,58253.3731200,0
1790059260000,0.2127000,0.2127400,0.2124200,0.2125400,344300,1790059319999,73184.5877300,812,207624,44128.1842000,0
1790059320000,0.2125300,0.2125300,0.2120700,0.2122200,411149,1790059379999,87270.7881400,974,177347,37643.0965300,0
1790059380000,0.2122100,0.2123500,0.2121300,0.2122600,278090,1790059439999,59021.7113600,755,189034,40121.2874500,0
1790059440000,0.2122500,0.2124300,0.2122000,0.2124000,250478,1790059499999,53179.4930700,707,176380,37450.1824200,0
1790059500000,0.2124000,0.2125100,0.2123100,0.2123300,784038,1790059559999,166563.4357600,1190,301019,63942.3620800,0
1790059560000,0.2123200,0.2123300,0.2119500,0.2121800,706222,1790059619999,149861.6629700,1693,376601,79927.3969100,0
1790059620000,0.2121800,0.2124100,0.2120500,0.2121000,299950,1790059679999,63659.2075300,1306,116244,24668.5625700,0
1790059680000,0.2120900,0.2122700,0.2117400,0.2119300,675991,1790059739999,143248.3102100,1367,429673,91042.9485500,0
1790059740000,0.2119400,0.2119600,0.2112800,0.2113600,1251082,1790059799999,264610.4965700,2289,299840,63413.0773100,0
1790059800000,0.2113500,0.2114200,0.2108500,0.2111600,2183185,1790059859999,460773.0227400,2796,927018,195737.4207000,0
1790059860000,0.2111500,0.2113500,0.2105100,0.2106700,689309,1790059919999,145334.3095600,1736,205794,43438.0818300,0
1790059920000,0.2106900,0.2114900,0.2105700,0.2113300,766046,1790059979999,161733.6154600,1761,635931,134269.0345900,0
1790059980000,0.2113200,0.2117600,0.2109100,0.2109700,931762,1790060039999,196947.8773300,1931,386717,81812.0584900,0
1790060040000,0.2109700,0.2109700,0.2101300,0.2102000,1089026,1790060099999,229146.3967100,1461,250925,52839.7741900,0
1790060100000,0.2102100,0.2105500,0.2096500,0.2103800,2472488,1790060159999,519221.4028400,3227,851105,178912.0338900,0
1790060160000,0.2103800,0.2105300,0.2102100,0.2103400,527659,1790060219999,110990.4899700,1272,225978,47536.3526100,0
1790060220000,0.2103500,0.2106500,0.2103500,0.2103900,408102,1790060279999,85919.3108400,915,162790,34264.6529400,0
1790060280000,0.2103900,0.2105500,0.2102300,0.2103400,556572,1790060339999,117091.3872900,982,256699,53998.1671500,0
1790060340000,0.2103300,0.2105700,0.2103100,0.2104200,1177778,1790060399999,247841.0400000,1113,523181,110107.0851800,0
1790060400000,0.2104100,0.2106700,0.2099700,0.2100300,640105,1790060459999,134604.8093700,1441,381187,80181.7749500,0
1790060460000,0.2100300,0.2105800,0.2097400,0.2104700,837433,1790060519999,175974.2907600,1610,460093,96754.5159500,0
1790060520000,0.2104600,0.2104600,0.2100900,0.2101300,492650,1790060579999,103581.5526700,1022,210533,44264.6593900,0
1790060580000,0.2101300,0.2101600,0.2098400,0.2101000,665397,1790060639999,139723.2609200,1274,431896,90694.3148900,0
1790060640000,0.2101100,0.2108500,0.2100100,0.2106400,353505,1790060699999,74411.3037200,1394,262041,55160.9352900,0
1790060700000,0.2106500,0.2114700,0.2105000,0.2106100,1454967,1790060759999,307117.6209300,2393,1021081,215579.5422000,0
1790060760000,0.2106100,0.2108600,0.2104500,0.2108300,657717,1790060819999,138573.4133100,1154,517482,109029.7281300,0
1790060820000,0.2108300,0.2115000,0.2106900,0.2112700,377981,1790060879999,79821.1790200,1347,159676,33698.6888600,0
1790060880000,0.2112700,0.2113200,0.2110200,0.2112000,237758,1790060939999,50206.5729700,1140,129144,27271.3613900,0
1790060940000,0.2112000,0.2119200,0.2112000,0.2119000,277893,1790060999999,58830.9711700,1042,139046,29428.0159700,0
1790061000000,0.2119000,0.2124800,0.2115800,0.2123800,711337,1790061059999,150829.9985500,1958,470061,99688.1805700,0
1790061060000,0.2123800,0.2127100,0.2122700,0.2123600,1272862,1790061119999,270503.6137600,1786,690775,146818.7866300,0
1790061120000,0.2123600,0.2124400,0.2120400,0.2123300,712398,1790061179999,151217.4516100,1152,209668,44498.9369500,0
1790061180000,0.2123400,0.2124600,0.2114900,0.2116300,867434,1790061239999,183749.6114800,1686,314034,66545.5464600,0
1790061240000,0.2116300,0.2117600,0.2114700,0.2115700,356811,1790061299999,75489.0060100,1068,144360,30543.8050600,0
1790061300000,0.2115700,0.2118400,0.2114400,0.2116200,324138,1790061359999,68605.4839500,1184,226077,47855.1298600,0
1790061360000,0.2116300,0.2119500,0.2094500,0.2107400,7089329,1790061419999,1491965.4987600,7392,3144435,661545.9129400,0
1790061420000,0.2107500,0.2110800,0.2107300,0.2107300,457272,1790061479999,96447.5167000,1328,155405,32779.6761600,0
1790061480000,0.2107200,0.2110200,0.2105700,0.2106600,841265,1790061539999,177329.2798600,1585,413337,87121.6831400,0
1790061540000,0.2106600,0.2107200,0.2098600,0.2099200,990313,1790061599999,208244.9578700,1725,364905,76776.0203600,0
1790061600000,0.2099100,0.2103300,0.2095300,0.2102400,988295,1790061659999,207484.0769800,2284,653584,137237.5493100,0
1790061660000,0.2102400,0.2102800,0.2094100,0.2095800,622340,1790061719999,130556.8411000,1770,151543,31809.3616000,0
1790061720000,0.2095900,0.2098900,0.2093600,0.2096300,1624963,1790061779999,340661.4370200,2696,783291,164272.3052100,0
1790061780000,0.2096400,0.2098400,0.2092400,0.2095800,1261745,1790061839999,264437.5220100,1976,283564,59427.4228500,0
1790061840000,0.2095700,0.2097100,0.2093500,0.2094400,579967,1790061899999,121515.9650900,1620,339799,71210.9429300,0
1790061900000,0.2094300,0.2099200,0.2093800,0.2098800,753208,1790061959999,157882.2208700,1172,594314,124556.6183900,0
1790061960000,0.2098800,0.2100000,0.2093900,0.2095200,600571,1790062019999,125994.6823200,1026,342692,71896.0074100,0
1790062020000,0.2095100,0.2096500,0.2090700,0.2095900,1122518,1790062079999,234913.7799200,1707,192392,40280.1310800,0
1790062080000,0.2095900,0.2095900,0.2091500,0.2094000,380171,1790062139999,79591.2875500,1517,194562,40731.5481900,0
1790062140000,0.2094100,0.2095600,0.2091600,0.2094900,273172,1790062199999,57185.2867300,955,175000,36633.5902200,0
1790062200000,0.2095000,0.2096600,0.2093900,0.2096500,917727,1790062259999,192286.9709300,1308,238715,50015.8434700,0
1790062260000,0.2096600,0.2104500,0.2096000,0.2104200,700357,1790062319999,147086.8803000,1594,523318,109900.7205900,0
1790062320000,0.2104200,0.2105800,0.2097900,0.2097900,3931093,1790062379999,826830.8554100,1697,405659,85294.7094500,0
1790062380000,0.2097900,0.2098900,0.2094600,0.2096600,792159,1790062439999,166115.9391100,1078,614139,128804.5521900,0
1790062440000,0.2096500,0.2097200,0.2090900,0.2092100,398476,1790062499999,83437.3624300,1246,135990,28482.7436400,0
1790062500000,0.2092100,0.2096100,0.2091100,0.2092600,247949,1790062559999,51911.6316900,963,138270,28947.8452100,0
1790062560000,0.2092700,0.2101000,0.2092400,0.2100000,612935,1790062619999,128633.9155500,1447,266742,55939.2735500,0
1790062620000,0.2100000,0.2100100,0.2096900,0.2099400,195679,1790062679999,41058.0778300,793,121784,25553.6937600,0
1790062680000,0.2099300,0.2101400,0.2098800,0.2100700,379619,1790062739999,79724.1738300,1164,257797,54144.2191900,0
1790062740000,0.2100700,0.2105200,0.2100100,0.2104300,456484,1790062799999,95965.4524100,1069,167482,35207.8922500,0
1790062800000,0.2104300,0.2108300,0.2103200,0.2104700,320930,1790062859999,67586.2380200,1186,179000,37697.4525200,0
1790062860000,0.2104700,0.2106500,0.2103800,0.2105800,380613,1790062919999,80116.7250400,1191,117659,24769.1239500,0
1790062920000,0.2105800,0.2109500,0.2105300,0.2109000,309567,1790062979999,65248.6859000,984,186568,39324.1788100,0
1790062980000,0.2109000,0.2109300,0.2105700,0.2108800,265219,1790063039999,55905.6306000,855,102796,21671.7252600,0
1790063040000,0.2108800,0.2112300,0.2107400,0.2109800,499303,1790063099999,105350.9972000,1304,343452,72482.4903500,0
1790063100000,0.2109800,0.2113800,0.2108000,0.2110600,295707,1790063159999,62435.6673100,1261,127254,26866.8217700,0
1790063160000,0.2110600,0.2111500,0.2108600,0.2108600,346087,1790063219999,73024.4290600,1085,128986,27218.9765600,0
1790063220000,0.2108700,0.2109600,0.2107600,0.2108600,117765,1790063279999,24831.0654900,503,81162,17113.6494200,0
1790063280000,0.2108600,0.2111500,0.2108100,0.2110800,273733,1790063339999,57754.0051400,897,92522,19520.3829500,0
1790063340000,0.2110900,0.2118100,0.2110900,0.2116000,597938,1790063399999,126539.9040100,1555,365421,77326.3120200,0
1790063400000,0.2116100,0.2120000,0.2115700,0.2119000,516167,1790063459999,109322.5725600,1263,350921,74332.8841500,0
1790063460000,0.2119000,0.2119000,0.2114600,0.2115700,424100,1790063519999,89775.3071600,1240,233154,49354.7265200,0
1790063520000,0.2115700,0.2117900,0.2115100,0.2117700,419903,1790063579999,88891.0806200,955,301103,63743.3711000,0
1790063580000,0.2117800,0.2119400,0.2113200,0.2115000,286814,1790063639999,60701.2427700,905,113522,24028.1470400,0
1790063640000,0.2115000,0.2117600,0.2113900,0.2114800,440964,1790063699999,93303.9079400,827,353578,74815.4781000,0
1790063700000,0.2114700,0.2122900,0.2111300,0.2115100,3233840,1790063759999,684652.9030400,3398,2149021,455018.8109200,0
1790063760000,0.2115100,0.2118700,0.2113500,0.2114800,415626,1790063819999,87952.3917500,1154,227169,48080.4388500,0
1790063820000,0.2114900,0.2129100,0.2114100,0.2126000,2557289,1790063879999,543267.7797400,2952,1733421,368123.5179600,0
1790063880000,0.2125900,0.2132300,0.2125200,0.2128900,1726536,1790063939999,367629.0194800,2258,759990,161841.7767000,0
1790063940000,0.2129000,0.2133300,0.2128700,0.2130100,1269797,1790063999999,270544.5298500,1832,329089,70130.4484200,0
1790064000000,0.2129800,0.2131000,0.2121200,0.2126300,1096595,1790064059999,233050.0237500,2899,630065,133874.7278600,0
1790064060000,0.2126300,0.2133800,0.2123200,0.2133300,1977679,1790064119999,421309.4595900,3231,1369825,291827.3048400,0
1790064120000,0.2133300,0.2137400,0.2129000,0.2130300,1021578,1790064179999,217879.3253400,2266,475520,101415.9280900,0
1790064180000,0.2130300,0.2130300,0.2115100,0.2118700,844214,1790064239999,179131.7869200,2402,288147,61140.5243000,0
1790064240000,0.2118800,0.2135400,0.2118000,0.2133900,857159,1790064299999,182311.9086100,2532,614618,130670.2930400,0
1790064300000,0.2133800,0.2134000,0.2128200,0.2130600,751902,1790064359999,160228.9792600,2680,349562,74496.2637600,0
1790064360000,0.2130500,0.2134300,0.2128500,0.2133900,665640,1790064419999,141889.0317400,2595,363082,77413.9645500,0
1790064420000,0.2134000,0.2137300,0.2127200,0.2133300,1028412,1790064479999,219399.6420500,3042,408457,87121.0790400,0
1790064480000,0.2133300,0.2138800,0.2132700,0.2138700,417285,1790064539999,89155.2410500,1830,278605,59530.4525200,0
1790064540000,0.2138200,0.2145600,0.2133300,0.2144500,1592288,1790064599999,340896.4925600,3120,1034478,221439.4664200,0
1790064600000,0.2144400,0.2156000,0.2144300,0.2153700,2974817,1790064659999,639974.1003400,3621,2214042,476343.1083500,0
1790064660000,0.2153700,0.2180000,0.2153400,0.2176900,10904724,1790064719999,2363909.8012200,9183,7605957,1648557.1266400,0
1790064720000,0.2176900,0.2181100,0.2171900,0.2173900,4351418,1790064779999,947161.1352200,4679,1956030,425982.5855800,0
1790064780000,0.2174000,0.2176700,0.2161500,0.2163200,2024539,1790064839999,439142.7485800,4053,830080,180191.5232400,0
1790064840000,0.2163100,0.2165200,0.2159200,0.2160200,1658068,1790064899999,358497.7438400,2875,669589,144808.3869300,0
1790064900000,0.2160400,0.2162400,0.2145900,0.2153900,5679095,1790064959999,1223343.1049800,5287,1426708,307492.8522300,0
1790064960000,0.2153900,0.2155100,0.2149200,0.2153400,1126344,1790065019999,242369.2933000,2362,537773,115709.8619300,0
1790065020000,0.2153400,0.2158700,0.2140500,0.2140500,1422516,1790065079999,305654.8162100,3010,524450,112836.1314800,0
1790065080000,0.2140500,0.2141100,0.2136800,0.2137400,741305,1790065139999,158556.9384300,1843,241650,51687.1188600,0
1790065140000,0.2137400,0.2140800,0.2136500,0.2139400,535202,1790065199999,114465.0362300,1807,261489,55929.1750000,0
1790065200000,0.2139400,0.2142800,0.2135700,0.2137300,566873,1790065259999,121269.8533700,1535,318789,68197.7573300,0
1790065260000,0.2137300,0.2141000,0.2136800,0.2139700,689195,1790065319999,147471.7720800,1569,449191,96119.3201100,0
1790065320000,0.2139600,0.2140100,0.2133100,0.2133300,412904,1790065379999,88217.7200800,1114,148962,31827.9424100,0
1790065380000,0.2133300,0.2134200,0.2121700,0.2129800,4540091,1790065439999,966279.8096700,3541,1084548,230890.8455100,0
1790065440000,0.2129800,0.2133000,0.2126000,0.2128300,1127470,1790065499999,240091.7590900,2017,631172,134416.1882700,0
1790065500000,0.2128300,0.2138600,0.2126100,0.2126100,938886,1790065559999,200198.9878200,2432,589219,125689.8470300,0
1790065560000,0.2126000,0.2129500,0.2122600,0.2127400,935062,1790065619999,198833.8182100,2158,516431,109841.8397000,0
1790065620000,0.2127400,0.2127400,0.2116100,0.2120500,2824598,1790065679999,599028.5116400,2583,545063,115652.7980700,0
1790065680000,0.2120200,0.2120300,0.2111900,0.2115600,4767202,1790065739999,1008666.5867900,4711,1418090,300127.6999500,0
1790065740000,0.2115700,0.2120300,0.2109900,0.2116600,2734835,1790065799999,577953.2065200,3276,784153,165761.2466500,0
1790065800000,0.2116600,0.2119900,0.2114300,0.2116000,1053454,1790065859999,222993.2675500,2520,568406,120328.6721800,0
1790065860000,0.2116000,0.2120900,0.2111300,0.2118100,1120623,1790065919999,237128.4330600,3111,676484,143117.9128900,0
1790065920000,0.2118200,0.2120000,0.2113800,0.2114800,920143,1790065979999,194711.8996100,2796,568536,120281.7434900,0
1790065980000,0.2115000,0.2123300,0.2113500,0.2122800,928252,1790066039999,196728.7464400,2180,678584,143837.3339500,0
1790066040000,0.2122700,0.2123900,0.2119400,0.2122900,833506,1790066099999,176825.6647500,2179,631698,134016.0225000,0
1790066100000,0.2122900,0.2134400,0.2122900,0.2134400,1067571,1790066159999,227452.9567800,2505,605303,128897.4776200,0
1790066160000,0.2134500,0.2140200,0.2132200,0.2138100,2337604,1790066219999,499425.7525800,3221,1176319,251278.8905800,0
1790066220000,0.2138100,0.2142400,0.2137800,0.2140100,946700,1790066279999,202611.6761400,2530,545193,116696.6354600,0
1790066280000,0.2140100,0.2146300,0.2138000,0.2142100,1468792,1790066339999,314760.1646800,2735,813986,174390.5352000,0
1790066340000,0.2142000,0.2152300,0.2142000,0.2149500,1958554,1790066399999,420640.3267300,3279,1279941,274921.4682400,0
1790066400000,0.2149500,0.2150300,0.2146100,0.2147200,1062461,1790066459999,228213.5476900,2166,575568,123635.0230600,0
1790066460000,0.2147100,0.2151300,0.2141400,0.2143100,1365649,1790066519999,293128.7569300,2344,563690,121073.9519500,0
1790066520000,0.2143100,0.2144200,0.2140100,0.2142300,722888,1790066579999,154862.9336500,1611,392175,84020.7296300,0
1790066580000,0.2142300,0.2148200,0.2141400,0.2145700,574674,1790066639999,123306.9313000,1778,326039,69955.6644100,0
1790066640000,0.2145600,0.2146100,0.2137800,0.2139300,1712063,1790066699999,366483.9861000,2239,621357,133034.7113000,0
1790066700000,0.2139200,0.2141200,0.2133400,0.2136400,1184566,1790066759999,253107.3098800,2616,607665,129849.6256800,0
1790066760000,0.2136300,0.2137100,0.2128900,0.2135700,1324916,1790066819999,282672.9680400,2534,675574,144224.8835300,0
1790066820000,0.2135700,0.2139500,0.2135200,0.2139400,488802,1790066879999,104465.8329000,1537,308289,65888.6021500,0
1790066880000,0.2139500,0.2141800,0.2135100,0.2139600,615842,1790066939999,131720.6410300,1862,388630,83134.9297800,0
1790066940000,0.2139600,0.2142500,0.2135100,0.2137400,851661,1790066999999,182218.8689400,1910,574825,123022.7587700,0
1790067000000,0.2137400,0.2137900,0.2132500,0.2134900,1190560,1790067059999,254239.2628300,1430,557667,119041.8746500,0
1790067060000,0.2135000,0.2136700,0.2130500,0.2134700,888952,1790067119999,189644.1678300,2173,576116,122932.4258300,0
1790067120000,0.2134600,0.2137900,0.2133600,0.2137500,783864,1790067179999,167395.0031800,1898,547408,116913.4264300,0
1790067180000,0.2137600,0.2139200,0.2133800,0.2138400,914898,1790067239999,195465.1591600,2192,668974,142936.0432300,0
1790067240000,0.2138400,0.2141300,0.2133500,0.2136500,1207957,1790067299999,258254.8838100,2581,976091,208709.0665800,0
1790067300000,0.2136500,0.2140900,0.2135600,0.2136200,861423,1790067359999,184159.4396000,1670,473315,101221.5372900,0
1790067360000,0.2136200,0.2149900,0.2135400,0.2142000,1984635,1790067419999,425364.4876900,3545,1281219,274557.3366200,0
1790067420000,0.2142000,0.2145200,0.2139300,0.2141000,1221811,1790067479999,261751.5339100,2100,712264,152577.5927300,0
1790067480000,0.2141000,0.2141900,0.2134000,0.2134500,383892,1790067539999,82005.1340900,1066,115167,24607.2884200,0
1790067540000,0.2134500,0.2137000,0.2132400,0.2132600,294111,1790067599999,62775.7853800,913,192634,41120.0424700,0
1790067600000,0.2132500,0.2133000,0.2120600,0.2127700,3530636,1790067659999,750474.3143600,4112,1065740,226725.4048500,0
1790067660000,0.2127700,0.2132000,0.2127100,0.2129300,797037,1790067719999,169776.9520300,2177,409247,87175.5569400,0
1790067720000,0.2129300,0.2137100,0.2127300,0.2129900,929953,1790067779999,198257.1185900,2862,543834,115952.5352000,0
1790067780000,0.2130000,0.2130000,0.2118600,0.2118600,1008817,1790067839999,214231.4294200,2746,262879,55824.9772800,0
1790067840000,0.2118700,0.2119100,0.2097900,0.2098700,8507927,1790067899999,1792545.5293400,8670,1703541,359343.0172400,0
1790067900000,0.2099300,0.2104100,0.2097200,0.2098000,2230139,1790067959999,468563.8940900,4139,1400594,294325.7794500,0
1790067960000,0.2097900,0.2102200,0.2091800,0.2096400,5507650,1790068019999,1154776.3810700,6157,1661236,348330.2611600,0
1790068020000,0.2096400,0.2098400,0.2091800,0.2097700,2121993,1790068079999,444568.5140000,3230,882536,184876.5521600,0
1790068080000,0.2097800,0.2100900,0.2093700,0.2094100,1439310,1790068139999,301742.6734800,2331,566980,118920.3891800,0
1790068140000,0.2094100,0.2099900,0.2093100,0.2095900,1513176,1790068199999,317307.3099000,2428,924375,193884.7301400,0
1790068200000,0.2095800,0.2096400,0.2092900,0.2095100,959005,1790068259999,200876.3544400,1970,444937,93216.9253900,0
1790068260000,0.2095200,0.2101200,0.2092900,0.2099700,2149407,1790068319999,450586.4659600,2626,1533687,321606.7868100,0
1790068320000,0.2099800,0.2105200,0.2097700,0.2101600,1017500,1790068379999,213826.3882700,2242,730657,153561.7034000,0
1790068380000,0.2101600,0.2104400,0.2098600,0.2098800,565100,1790068439999,118758.5497200,1660,355990,74827.3745500,0
1790068440000,0.2098700,0.2099300,0.2095100,0.2097400,907599,1790068499999,190342.0737800,1626,634887,133149.6644600,0
1790068500000,0.2097500,0.2102000,0.2095500,0.2100600,747629,1790068559999,156938.9903400,1825,430606,90380.4749200,0
1790068560000,0.2100700,0.2103900,0.2100300,0.2102700,681162,1790068619999,143191.4765500,1583,504065,105956.3999400,0
1790068620000,0.2102600,0.2106700,0.2102000,0.2104000,502532,1790068679999,105748.3200600,1521,343056,72196.4382600,0
1790068680000,0.2104000,0.2107900,0.2103400,0.2103400,678154,1790068739999,142852.6415900,1667,292511,61606.4332600,0
1790068740000,0.2103300,0.2106000,0.2100700,0.2102800,717111,1790068799999,150822.3455000,2041,433303,91128.8648600,0
1790068800000,0.2102700,0.2105900,0.2101400,0.2105000,472436,1790068859999,99413.0935400,2118,288359,60680.1637100,0
1790068860000,0.2105000,0.2110000,0.2103600,0.2108600,1184762,1790068919999,249613.2896600,2245,860812,181375.7771200,0
1790068920000,0.2108600,0.2110100,0.2104300,0.2104700,1476545,1790068979999,311189.1489300,2436,747223,157520.9218700,0
1790068980000,0.2104700,0.2106900,0.2100500,0.2103500,1506963,1790069039999,316885.2579300,2172,535853,112690.4507500,0
1790069040000,0.2103500,0.2108700,0.2103400,0.2106200,716705,1790069099999,151013.1069700,1508,589937,124308.2737000,0
1790069100000,0.2106200,0.2107700,0.2103200,0.2106200,444291,1790069159999,93542.6881100,1815,278359,58604.2197800,0
1790069160000,0.2106200,0.2107500,0.2103200,0.2105700,810544,1790069219999,170651.8083400,2218,610465,128527.9333400,0
1790069220000,0.2105600,0.2106400,0.2101500,0.2101600,453626,1790069279999,95438.5099200,1797,297039,62492.8958200,0
1790069280000,0.2101600,0.2107200,0.2101600,0.2107100,629931,1790069339999,132564.3178100,1892,505054,106294.4448100,0
1790069340000,0.2107100,0.2108600,0.2106400,0.2107900,505786,1790069399999,106586.5914300,1676,353327,74457.4145700,0
1790069400000,0.2107600,0.2108900,0.2104200,0.2108400,442228,1790069459999,93168.2661300,1722,290463,61194.1401300,0
1790069460000,0.2108400,0.2114700,0.2107600,0.2110900,1398920,1790069519999,295423.1926000,2275,1134961,239691.4888000,0
1790069520000,0.2110900,0.2112400,0.2108100,0.2109800,705878,1790069579999,148931.4782900,2166,391023,82499.5733300,0
1790069580000,0.2109800,0.2110900,0.2105600,0.2108000,845395,1790069639999,178253.3811400,2500,449088,94701.3679400,0
1790069640000,0.2107900,0.2113400,0.2107400,0.2109600,559989,1790069699999,118196.7483700,2027,409786,86493.1833400,0
1790069700000,0.2109000,0.2109700,0.2105600,0.2106300,508182,1790069759999,107094.7750700,2118,261047,55016.6105500,0
1790069760000,0.2106300,0.2110700,0.2104800,0.2110700,486641,1790069819999,102604.4561500,1810,316604,66751.8161500,0
1790069820000,0.2110600,0.2116500,0.2110000,0.2113300,701328,1790069879999,148264.8971500,2046,547916,115834.2489800,0
1790069880000,0.2113300,0.2113800,0.2108700,0.2110100,473190,1790069939999,99888.1454200,1617,333788,70458.0828100,0
1790069940000,0.2110100,0.2115300,0.2109700,0.2112400,1599257,1790069999999,337890.6799800,2169,1327856,280563.6692300,0
1790070000000,0.2112400,0.2114900,0.2110300,0.2113700,530120,1790070059999,112000.6173100,1841,387740,81917.3485300,0
1790070060000,0.2113700,0.2121000,0.2112800,0.2118100,1445751,1790070119999,306238.0609400,2687,1106994,234485.5504000,0
1790070120000,0.2117700,0.2121600,0.2117700,0.2119500,944497,1790070179999,200199.7045000,2061,605386,128336.6441000,0
1790070180000,0.2119400,0.2119400,0.2113600,0.2115200,670709,1790070239999,141951.8714700,2137,421408,89185.7742100,0
1790070240000,0.2115100,0.2116600,0.2113100,0.2114900,500687,1790070299999,105880.3738200,1631,348434,73685.4491400,0
1790070300000,0.2114900,0.2116800,0.2113200,0.2114200,599867,1790070359999,126840.7213900,1743,268907,56868.7721000,0
1790070360000,0.2114100,0.2115700,0.2112600,0.2113000,570855,1790070419999,120657.8982400,1680,328238,69382.8638500,0
1790070420000,0.2113100,0.2113700,0.2108300,0.2111700,1085016,1790070479999,229033.8940200,2201,314965,66516.9580100,0
1790070480000,0.2111600,0.2112500,0.2105900,0.2106800,1159014,1790070539999,244441.6611100,2127,307526,64884.4666900,0
1790070540000,0.2106800,0.2111700,0.2106600,0.2110600,683681,1790070599999,144243.4317200,1801,506936,106955.7412900,0
1790070600000,0.2110700,0.2112900,0.2109600,0.2111500,401992,1790070659999,84867.2729100,1310,255445,53932.3152800,0
1790070660000,0.2111600,0.2115400,0.2110700,0.2114100,591663,1790070719999,125045.1832800,1391,487060,102945.4410700,0
1790070720000,0.2114200,0.2119900,0.2109600,0.2115100,968736,1790070779999,204842.1859800,3357,469466,99300.2463700,0
1790070780000,0.2115100,0.2120100,0.2111700,0.2119500,725118,1790070839999,153451.6900300,2273,473816,100268.7884500,0
1790070840000,0.2119400,0.2120300,0.2112600,0.2113700,843385,1790070899999,178487.2002200,2286,437836,92650.8971700,0
1790070900000,0.2113600,0.2113600,0.2105200,0.2105400,582741,1790070959999,122903.6366900,1578,158929,33536.5337300,0
1790070960000,0.2105400,0.2112100,0.2102300,0.2102500,1063477,1790071019999,224127.1342500,2872,603145,127140.7489800,0
1790071020000,0.2102500,0.2106300,0.2101100,0.2104600,553677,1790071079999,116439.5092800,1387,342734,72078.8995800,0
1790071080000,0.2104600,0.2115000,0.2104600,0.2113600,781839,1790071139999,165016.9852700,1776,517050,109160.0254300,0
1790071140000,0.2113700,0.2119300,0.2113700,0.2118100,1006064,1790071199999,212901.4680800,2264,618418,130877.7781400,0
1790071200000,0.2118100,0.2118100,0.2113700,0.2115400,475504,1790071259999,100598.4384900,1794,259947,54994.7167000,0
1790071260000,0.2115300,0.2115300,0.2110600,0.2110700,485803,1790071319999,102632.4762600,1840,280644,59291.0983900,0
1790071320000,0.2110700,0.2114300,0.2109600,0.2112900,526901,1790071379999,111262.3683600,1714,359644,75944.3232400,0
1790071380000,0.2112900,0.2112900,0.2109000,0.2110400,423208,1790071439999,89333.2680100,1731,211280,44598.1476300,0
1790071440000,0.2110400,0.2111800,0.2108900,0.2109600,414719,1790071499999,87515.2234400,1588,243054,51293.8288000,0
1790071500000,0.2109500,0.2110500,0.2105700,0.2106200,513087,1790071559999,108204.9729000,1877,263362,55546.0763700,0
1790071560000,0.2106200,0.2106900,0.2100100,0.2101200,1450272,1790071619999,304867.9963800,2123,424479,89222.5184600,0
1790071620000,0.2101200,0.2102800,0.2098000,0.2099200,618233,1790071679999,129832.7057500,1504,205802,43236.7781500,0
1790071680000,0.2099200,0.2104000,0.2098700,0.2102900,354808,1790071739999,74554.1440700,1118,263465,55352.8008200,0
1790071740000,0.2102900,0.2102900,0.2096600,0.2096600,388915,1790071799999,81635.9417600,1173,190356,39961.3669300,0
1790071800000,0.2096600,0.2100500,0.2095700,0.2095700,645782,1790071859999,135490.8366600,1451,268486,56341.5558400,0
1790071860000,0.2096100,0.2097200,0.2094600,0.2095500,496464,1790071919999,104040.6176900,1017,148482,31121.4741600,0
1790071920000,0.2095400,0.2097300,0.2095000,0.2096000,339027,1790071979999,71056.4635700,826,165003,34582.8670200,0
1790071980000,0.2096100,0.2096900,0.2080100,0.2085700,9019181,1790072039999,1881911.7216100,7318,2103167,438879.0957900,0
1790072040000,0.2085600,0.2085700,0.2082100,0.2084400,1122131,1790072099999,233825.7290500,2100,481696,100378.0490100,0
1790072100000,0.2084500,0.2093500,0.2084400,0.2090000,1429541,1790072159999,298838.5690600,2223,1116692,233467.7030800,0
1790072160000,0.2089900,0.2090500,0.2086400,0.2088300,922430,1790072219999,192597.5239100,1476,398785,83265.6828400,0
1790072220000,0.2088300,0.2089300,0.2086400,0.2089300,442287,1790072279999,92335.9373700,1100,231826,48397.0071300,0
1790072280000,0.2089200,0.2091800,0.2084500,0.2084500,1044740,1790072339999,218270.2243700,1711,409699,85599.7023200,0
1790072340000,0.2084500,0.2086500,0.2081900,0.2083100,608690,1790072399999,126851.6268500,1224,230072,47957.8400500,0
1790072400000,0.2083100,0.2084300,0.2080100,0.2082700,952527,1790072459999,198310.3831100,1596,296206,61689.4907600,0
1790072460000,0.2082800,0.2084300,0.2073800,0.2080900,3071394,1790072519999,638143.8369100,3885,1129472,234695.8720700,0
1790072520000,0.2080900,0.2083900,0.2080900,0.2082500,797989,1790072579999,166200.2609600,1381,519066,108108.7134600,0
1790072580000,0.2082400,0.2082800,0.2080100,0.2080100,314963,1790072639999,65561.2570400,893,157138,32708.8173300,0
1790072640000,0.2080100,0.2080500,0.2053500,0.2061000,16706503,1790072699999,3444369.7987300,12733,4842143,998048.2402100,0
1790072700000,0.2061000,0.2062200,0.2050700,0.2057900,4747368,1790072759999,975702.4242600,6668,1761039,362049.1529000,0
1790072760000,0.2058000,0.2063400,0.2057900,0.2062900,2762818,1790072819999,569649.9920500,3075,1836297,378642.5678600,0
1790072820000,0.2062900,0.2066400,0.2062200,0.2062200,2551107,1790072879999,526656.3211900,2980,1369480,282735.0794400,0
1790072880000,0.2062300,0.2065400,0.2060900,0.2062200,1080912,1790072939999,223019.5421800,1997,637773,131591.0447500,0
1790072940000,0.2062300,0.2063200,0.2059500,0.2062300,1482846,1790072999999,305719.3950600,1966,961328,198214.0652600,0
1790073000000,0.2062400,0.2063000,0.2058500,0.2062200,2689210,1790073059999,554246.0568500,2516,1391061,286727.5678600,0
1790073060000,0.2062100,0.2065000,0.2061900,0.2063300,1059972,1790073119999,218743.4985400,1711,602118,124253.3775100,0
1790073120000,0.2063300,0.2065900,0.2059400,0.2059700,1627018,1790073179999,335701.7442300,2197,788365,162709.3551700,0
1790073180000,0.2059700,0.2060600,0.2054800,0.2058800,1787037,1790073239999,367690.1722300,2744,819085,168578.7327100,0
1790073240000,0.2058900,0.2061000,0.2050100,0.2055400,3084151,1790073299999,633422.5970400,4448,1378857,283269.1030000,0
1790073300000,0.2055300,0.2060800,0.2051200,0.2058200,1591892,1790073359999,327182.3287200,3167,810000,166553.7725800,0
1790073360000,0.2058200,0.2064600,0.2057500,0.2063300,1271384,1790073419999,262100.6433900,2054,597886,123272.3108700,0
1790073420000,0.2063300,0.2067900,0.2062000,0.2065900,1631246,1790073479999,336887.2708100,2577,976108,201568.0909100,0
1790073480000,0.2066100,0.2073600,0.2066100,0.2073500,2093200,1790073539999,433433.9603000,2459,1415739,293124.8609700,0
1790073540000,0.2073500,0.2076700,0.2072600,0.2075500,1019094,1790073599999,211455.2357100,1347,465898,96679.4816500,0
1790073600000,0.2075500,0.2077200,0.2072600,0.2074200,1326491,1790073659999,275216.2738700,1502,412123,85499.7196900,0
1790073660000,0.2074200,0.2074700,0.2068900,0.2070900,582486,1790073719999,120693.0826300,1238,190879,39551.0318600,0
1790073720000,0.2071000,0.2072000,0.2068700,0.2069800,305852,1790073779999,63314.8125600,841,127881,26470.8994100,0
1790073780000,0.2069800,0.2069800,0.2064500,0.2069000,798040,1790073839999,165004.1401900,1512,217375,44951.0686600,0
1790073840000,0.2068900,0.2074700,0.2068300,0.2073000,701640,1790073899999,145475.4797700,1149,435841,90354.9499400,0
1790073900000,0.2073000,0.2074800,0.2071700,0.2073000,379002,1790073959999,78572.9674800,980,226484,46953.7215600,0
1790073960000,0.2072900,0.2081300,0.2072600,0.2080800,732312,1790074019999,152134.4083400,1525,504473,104825.8741400,0
1790074020000,0.2080800,0.2083000,0.2078400,0.2081800,1306432,1790074079999,271960.1511300,1651,1014926,211287.6482500,0
1790074080000,0.2081800,0.2081800,0.2078100,0.2080200,445588,1790074139999,92675.3756600,1093,264668,55045.7424800,0
1790074140000,0.2080100,0.2084400,0.2080000,0.2082000,1071251,1790074199999,223123.9621300,1510,800431,166732.6456200,0
1790074200000,0.2081900,0.2089700,0.2081500,0.2088600,1022113,1790074259999,213121.7990800,1203,817351,170405.1023600,0
1790074260000,0.2088500,0.2089500,0.2085100,0.2087000,860181,1790074319999,179531.1705700,1737,429143,89572.4083900,0
1790074320000,0.2087000,0.2091700,0.2086000,0.2088100,1401229,1790074379999,292728.4463500,2025,1075170,224649.7564200,0
1790074380000,0.2088000,0.2090100,0.2085300,0.2085800,560551,1790074439999,117024.8580300,1108,201227,42011.4298500,0
1790074440000,0.2085800,0.2092000,0.2085000,0.2090600,586896,1790074499999,122552.1156500,1302,375311,78371.7144100,0
1790074500000,0.2090500,0.2093000,0.2086800,0.2088400,1582838,1790074559999,330833.0641000,1783,1019672,213185.9763700,0
1790074560000,0.2088300,0.2089000,0.2086700,0.2087900,378772,1790074619999,79091.2484700,755,204025,42602.0799500,0
1790074620000,0.2087900,0.2089300,0.2084200,0.2085200,1051071,1790074679999,219275.1998200,1331,266160,55533.4547800,0
1790074680000,0.2085200,0.2087300,0.2081700,0.2085200,928690,1790074739999,193555.6973700,1230,237161,49447.5044000,0
1790074740000,0.2085200,0.2085200,0.2083900,0.2084500,323680,1790074799999,67476.1729600,719,110358,23005.9199200,0
1790074800000,0.2084500,0.2089300,0.2082500,0.2083300,711124,1790074859999,148312.0132500,1467,320902,66934.2927300,0
1790074860000,0.2083400,0.2085300,0.2079800,0.2079900,845213,1790074919999,175987.0894400,1601,290080,60402.2263100,0
1790074920000,0.2079800,0.2082700,0.2079800,0.2081200,658267,1790074979999,137036.6783200,1000,233304,48562.6308400,0
1790074980000,0.2081300,0.2083700,0.2079600,0.2083600,969808,1790075039999,201874.8776000,1336,294605,61337.2222800,0
1790075040000,0.2083700,0.2083900,0.2077700,0.2081300,1072241,1790075099999,223103.0502300,1534,273251,56879.6281700,0
1790075100000,0.2081300,0.2083700,0.2077300,0.2078200,1606783,1790075159999,334237.2797900,1900,441295,91811.5801900,0
1790075160000,0.2078300,0.2078500,0.2072700,0.2073600,1563485,1790075219999,324560.3926200,1811,496580,103086.5234400,0
1790075220000,0.2073600,0.2075300,0.2071000,0.2074100,712272,1790075279999,147696.3766700,1673,331102,68662.0249100,0
1790075280000,0.2074100,0.2076000,0.2070500,0.2074400,602590,1790075339999,124899.6883400,1491,285675,59226.1585400,0
1790075340000,0.2074300,0.2083300,0.2071600,0.2073800,1150900,1790075399999,239056.1065800,3098,584664,121433.8810400,0
1790075400000,0.2073900,0.2087100,0.2071700,0.2086000,933211,1790075459999,193892.6332200,2487,695884,144575.1587800,0
1790075460000,0.2086000,0.2089100,0.2081900,0.2081900,825457,1790075519999,172074.5606500,2291,566289,118043.7923100,0
1790075520000,0.2081900,0.2087000,0.2081900,0.2084600,898689,1790075579999,187374.1760300,2008,642916,134053.2799600,0
1790075580000,0.2084700,0.2085500,0.2078100,0.2082200,626994,1790075639999,130489.2536600,1378,193003,40172.4702300,0
1790075640000,0.2082300,0.2090100,0.2081600,0.2089000,587677,1790075699999,122617.0732200,1407,417678,87154.4936900,0
1790075700000,0.2088900,0.2099600,0.2087800,0.2098500,2952246,1790075759999,618302.5368700,3672,2285471,478780.2332900,0
1790075760000,0.2098500,0.2106400,0.2095700,0.2105200,1915924,1790075819999,402652.4563700,3358,864498,181670.3023800,0
1790075820000,0.2105200,0.2109100,0.2104500,0.2107400,1248351,1790075879999,263052.5835700,2161,364534,76813.3453900,0
1790075880000,0.2107400,0.2110800,0.2105400,0.2109700,1159826,1790075939999,244541.1958000,2714,564674,119060.3022500,0
1790075940000,0.2109700,0.2112700,0.2107600,0.2109400,928015,1790075999999,195831.8293100,2483,454426,95894.2588900,0
1790076000000,0.2109500,0.2111500,0.2106500,0.2110500,854474,1790076059999,180239.2770800,2066,460757,97212.5192100,0
1790076060000,0.2110500,0.2120100,0.2110500,0.2118800,2538419,1790076119999,537375.2352300,4323,1482737,313916.8360000,0
1790076120000,0.2118900,0.2131900,0.2115200,0.2126800,4632406,1790076179999,984459.8623800,5168,2686041,570769.4648400,0
1790076180000,0.2126900,0.2127100,0.2117300,0.2119500,3370685,1790076239999,715001.6527300,3959,617330,131003.7976600,0
1790076240000,0.2119500,0.2119800,0.2113000,0.2113300,1208537,1790076299999,255781.3707400,3139,434244,91921.9169100,0
1790076300000,0.2113300,0.2113600,0.2108200,0.2108300,807074,1790076359999,170332.3624800,2088,329606,69559.5383800,0
1790076360000,0.2108200,0.2109300,0.2103400,0.2104000,876547,1790076419999,184622.3335500,1728,229957,48435.0099300,0
1790076420000,0.2104100,0.2105500,0.2100100,0.2103100,1051343,1790076479999,221028.5191500,1764,177996,37435.0221600,0
1790076480000,0.2103200,0.2105200,0.2098000,0.2098000,1117218,1790076539999,234713.3789600,1808,252474,53083.3736300,0
1790076540000,0.2098000,0.2102000,0.2097900,0.2100900,463512,1790076599999,97346.5058100,942,247587,51992.9503300,0
1790076600000,0.2100800,0.2106500,0.2100400,0.2104200,768275,1790076659999,161624.9793200,1750,346522,72901.1614800,0
1790076660000,0.2104200,0.2107900,0.2101000,0.2104400,513128,1790076719999,108036.6736000,1563,271774,57221.1992200,0
1790076720000,0.2104500,0.2106100,0.2099600,0.2102600,679439,1790076779999,142874.3888700,1601,256169,53865.6642500,0
1790076780000,0.2102700,0.2103500,0.2097200,0.2099800,616947,1790076839999,129579.2556700,1550,242326,50898.4024300,0
1790076840000,0.2099700,0.2102100,0.2096400,0.2102100,566761,1790076899999,119004.4602200,1246,419011,87994.9614900,0
1790076900000,0.2102100,0.2104100,0.2098900,0.2104100,463785,1790076959999,97486.8506500,1106,214929,45183.6789200,0
1790076960000,0.2104200,0.2107900,0.2103500,0.2106400,346536,1790077019999,72984.2285000,946,165652,34882.9052500,0
1790077020000,0.2106300,0.2107200,0.2102400,0.2102400,440901,1790077079999,92810.9931000,1175,178809,37643.0555400,0
1790077080000,0.2102400,0.2104300,0.2100800,0.2103900,292348,1790077139999,61464.4037100,847,200830,42222.5656400,0
1790077140000,0.2103900,0.2105100,0.2101500,0.2101600,283787,1790077199999,59693.8275200,749,99782,20988.4005700,0
1790077200000,0.2101600,0.2101600,0.2098200,0.2100600,307569,1790077259999,64577.1570100,825,120967,25396.4706400,0
1790077260000,0.2100500,0.2102600,0.2100300,0.2102600,202985,1790077319999,42656.7371400,603,139761,29369.1305700,0
1790077320000,0.2102600,0.2102600,0.2099200,0.2101300,350217,1790077379999,73578.8102100,821,209038,43911.9032000,0
1790077380000,0.2101200,0.2101200,0.2098900,0.2098900,124414,1790077439999,26124.9396600,481,82416,17305.5468200,0
1790077440000,0.2098900,0.2101400,0.2097300,0.2098800,435801,1790077499999,91488.6315400,1155,223205,46859.4341300,0
1790077500000,0.2098700,0.2101700,0.2098600,0.2099600,386123,1790077559999,81079.0175300,1209,236795,49726.4045000,0
1790077560000,0.2099600,0.2100100,0.2098000,0.2098300,295057,1790077619999,61934.0467300,807,120903,25379.0800200,0
1790077620000,0.2098300,0.2099300,0.2095200,0.2096400,305544,1790077679999,64088.1215000,1151,145153,30452.9064900,0
1790077680000,0.2096500,0.2097200,0.2093900,0.2094500,419492,1790077739999,87906.0329000,1054,137584,28829.0325700,0
1790077740000,0.2094600,0.2100500,0.2090100,0.2100500,1156227,1790077799999,242133.4653200,1879,626108,131200.2230800,0
1790077800000,0.2100400,0.2100700,0.2095700,0.2095700,484138,1790077859999,101566.9324300,1418,360685,75660.4015700,0
1790077860000,0.2095700,0.2096300,0.2094500,0.2095800,244925,1790077919999,51314.1222500,769,126069,26412.7701500,0
1790077920000,0.2095700,0.2095800,0.2090900,0.2090900,345904,1790077979999,72365.6359900,993,187129,39146.5488500,0
1790077980000,0.2090800,0.2092100,0.2089000,0.2090200,580225,1790078039999,121276.7992400,1188,317598,66374.3334400,0
1790078040000,0.2090300,0.2091800,0.2085000,0.2088000,1992123,1790078099999,415936.4161400,2720,819868,171206.5727700,0
1790078100000,0.2088000,0.2095100,0.2088000,0.2093000,996039,1790078159999,208324.3930800,1929,812604,169940.1796400,0
1790078160000,0.2093200,0.2096500,0.2089900,0.2096300,690832,1790078219999,144589.1276200,1718,515921,107989.8016600,0
1790078220000,0.2096400,0.2097300,0.2092200,0.2092200,540068,1790078279999,113181.4317100,1353,234856,49200.9011100,0
1790078280000,0.2092700,0.2094500,0.2092300,0.2093100,198737,1790078339999,41601.2249600,774,137015,28681.7068900,0
1790078340000,0.2093200,0.2093600,0.2091400,0.2092300,424326,1790078399999,88795.2322500,1079,213017,44574.4289800,0
1790078400000,0.2092300,0.2095000,0.2089500,0.2091400,607344,1790078459999,127061.3133800,1480,179624,37581.6102800,0
1790078460000,0.2091500,0.2095200,0.2088100,0.2089100,455166,1790078519999,95193.5929900,1618,223743,46795.6207000,0
1790078520000,0.2089200,0.2095100,0.2088300,0.2092300,653637,1790078579999,136701.4312400,1608,252584,52849.5721000,0
1790078580000,0.2092400,0.2097100,0.2092400,0.2095300,621481,1790078639999,130208.5012100,1877,425160,89083.3530900,0
1790078640000,0.2095300,0.2097400,0.2093800,0.2095100,322561,1790078699999,67605.4063900,1334,190272,39880.7502100,0
1790078700000,0.2095200,0.2096500,0.2091100,0.2091400,549019,1790078759999,114895.9317400,1416,135020,28257.4366300,0
1790078760000,0.2091400,0.2092300,0.2089900,0.2091100,288154,1790078819999,60245.2026100,950,169641,35467.6417300,0
1790078820000,0.2091100,0.2092300,0.2088600,0.2090000,284514,1790078879999,59469.6973600,987,142781,29845.0332100,0
1790078880000,0.2089900,0.2091600,0.2088800,0.2091600,405055,1790078939999,84634.9366900,735,298653,62405.7531700,0
1790078940000,0.2091500,0.2094600,0.2090000,0.2091200,316364,1790078999999,66200.1114400,1262,180843,37845.4504700,0
1790079000000,0.2091300,0.2093100,0.2091100,0.2092100,227576,1790079059999,47611.7428300,825,123497,25837.5794100,0
1790079060000,0.2092100,0.2092100,0.2085100,0.2085800,555760,1790079119999,116027.0976600,1676,181332,37846.9432300,0
1790079120000,0.2085900,0.2088800,0.2085900,0.2088800,194775,1790079179999,40649.2458100,853,146542,30583.3486100,0
1790079180000,0.2088700,0.2090400,0.2086600,0.2087000,690762,1790079239999,144267.2375200,1083,331823,69301.7869500,0
1790079240000,0.2087000,0.2087300,0.2082000,0.2083700,889788,1790079299999,185427.7903000,1231,189997,39625.2607900,0
1790079300000,0.2083600,0.2083800,0.2077300,0.2080700,1409913,1790079359999,293323.9599700,2147,408192,84907.6214800,0
1790079360000,0.2080700,0.2085300,0.2077800,0.2079900,530825,1790079419999,110507.3233800,1717,208734,43451.6188100,0
1790079420000,0.2079900,0.2083000,0.2079800,0.2082600,455700,1790079479999,94834.9277600,955,391298,81429.4831300,0
1790079480000,0.2082700,0.2085900,0.2081700,0.2083300,774218,1790079539999,161361.3385500,1658,606171,126343.8809200,0
1790079540000,0.2083400,0.2088000,0.2083200,0.2087900,941958,1790079599999,196415.0251600,1544,729949,152215.1980600,0
1790079600000,0.2088000,0.2095300,0.2087600,0.2094000,553563,1790079659999,115784.5061000,1534,386377,80825.4151300,0
1790079660000,0.2094000,0.2101700,0.2093500,0.2099900,1027403,1790079719999,215573.2464100,1987,787124,165152.0921800,0
1790079720000,0.2099900,0.2102400,0.2095400,0.2099500,1809171,1790079779999,379759.8128600,2215,758830,159294.3451000,0
1790079780000,0.2099500,0.2100100,0.2094900,0.2095700,605818,1790079839999,127098.6179100,1275,247966,52011.3290700,0
1790079840000,0.2095800,0.2095900,0.2092000,0.2092200,316174,1790079899999,66211.1774500,1103,134039,28075.1112300,0
1790079900000,0.2092100,0.2094300,0.2091400,0.2091500,321628,1790079959999,67312.6721800,1044,146653,30695.2901800,0
1790079960000,0.2091500,0.2094100,0.2090300,0.2092100,380440,1790080019999,79597.7271400,1210,150250,31435.4935800,0
1790080020000,0.2092200,0.2093900,0.2091400,0.2093200,176452,1790080079999,36924.7059600,817,121384,25400.7351700,0
1790080080000,0.2093200,0.2095300,0.2091400,0.2095300,222721,1790080139999,46614.9357400,957,109834,22990.5133100,0
1790080140000,0.2095200,0.2100800,0.2095200,0.2099400,360683,1790080199999,75680.7195100,974,305210,64039.8947500,0
1790080200000,0.2099400,0.2107600,0.2096100,0.2107600,766523,1790080259999,161066.8312200,2219,471646,99110.1051300,0
1790080260000,0.2107400,0.2108700,0.2102400,0.2108400,728971,1790080319999,153513.0525500,2189,335208,70602.7758300,0
1790080320000,0.2108400,0.2111300,0.2106200,0.2109200,583909,1790080379999,123128.5183300,1900,336669,70997.6814400,0
1790080380000,0.2109200,0.2111400,0.2106800,0.2107700,604140,1790080439999,127417.7014300,1587,303024,63905.6614700,0
1790080440000,0.2107700,0.2107800,0.2102000,0.2102400,321470,1790080499999,67659.5766000,1239,123352,25953.1619700,0
1790080500000,0.2102500,0.2104300,0.2099300,0.2101700,602015,1790080559999,126492.7602100,1332,155500,32684.7735900,0
1790080560000,0.2101700,0.2107700,0.2101700,0.2105800,607161,1790080619999,127792.0893300,1758,451630,95049.2144200,0
1790080620000,0.2105800,0.2107400,0.2101600,0.2107400,962720,1790080679999,202559.1626100,1988,599549,126184.1986300,0
1790080680000,0.2107300,0.2108900,0.2104100,0.2104200,340959,1790080739999,71812.2924300,1526,190435,40106.8236200,0
1790080740000,0.2104200,0.2106500,0.2103100,0.2103100,302812,1790080799999,63736.3713300,975,200968,42300.1992200,0
1790080800000,0.2103100,0.2106700,0.2101300,0.2105500,1084508,1790080859999,228100.5034700,1752,421407,88699.2226100,0
1790080860000,0.2105600,0.2107000,0.2103000,0.2105400,541417,1790080919999,113997.4899600,1503,292643,61626.0961300,0
1790080920000,0.2105400,0.2106900,0.2102800,0.2104200,358290,1790080979999,75409.6253200,1386,189483,39883.5383700,0
1790080980000,0.2104200,0.2106000,0.2103600,0.2105000,379874,1790081039999,79966.0614300,1044,209053,44007.2637200,0
1790081040000,0.2105000,0.2105000,0.2102300,0.2103900,350623,1790081099999,73761.4789800,915,141141,29694.7246500,0
1790081100000,0.2103900,0.2109500,0.2103300,0.2107700,570454,1790081159999,120185.5697800,1443,359882,75827.7315800,0
1790081160000,0.2107600,0.2108200,0.2105600,0.2106300,595839,1790081219999,125547.8199800,1149,306422,64562.3177900,0
1790081220000,0.2106100,0.2108000,0.2105800,0.2105800,179875,1790081279999,37901.2769800,723,89296,18815.6951500,0
1790081280000,0.2105900,0.2114800,0.2105800,0.2110800,1094181,1790081339999,231140.4511000,1879,784415,165701.6103700,0
1790081340000,0.2110800,0.2113300,0.2108200,0.2111000,450228,1790081399999,95004.2269300,1154,249886,52731.8714900,0
1790081400000,0.2111100,0.2115700,0.2110600,0.2113000,1992425,1790081459999,421203.8183600,2203,628471,132848.7980200,0
1790081460000,0.2112900,0.2116800,0.2108500,0.2114200,747863,1790081519999,157940.4446500,1775,311599,65846.2693200,0
1790081520000,0.2114200,0.2120400,0.2113800,0.2117800,1442404,1790081579999,305352.7512800,2426,839536,177704.2188500,0
1790081580000,0.2117800,0.2118800,0.2115400,0.2116200,992229,1790081639999,210004.2561600,1789,322902,68354.5614300,0
1790081640000,0.2116300,0.2118400,0.2114200,0.2118300,867167,1790081699999,183474.3283800,1430,540071,114273.9781500,0
1790081700000,0.2118300,0.2122300,0.2117400,0.2119400,1352577,1790081759999,286738.7415400,2226,1041852,220858.3795000,0
1790081760000,0.2119500,0.2131600,0.2117700,0.2127300,2498796,1790081819999,530974.5910400,4881,1534380,326096.1364500,0
1790081820000,0.2127300,0.2134600,0.2125300,0.2132000,1804370,1790081879999,384432.3660700,3812,795638,169521.6003000,0
1790081880000,0.2132100,0.2149600,0.2129000,0.2142100,6833678,1790081939999,1463240.0398500,7479,4957890,1061748.8545600,0
1790081940000,0.2142200,0.2145800,0.2136700,0.2144200,2603196,1790081999999,557283.9072800,3978,917904,196627.5706000,0
1790082000000,0.2144200,0.2147800,0.2138600,0.2143000,1788461,1790082059999,383318.0198500,4438,549846,117850.1262500,0
1790082060000,0.2142900,0.2143700,0.2132100,0.2135900,2409257,1790082119999,514654.2746000,3713,626917,133909.1756300,0
1790082120000,0.2136000,0.2140600,0.2135300,0.2138400,1204721,1790082179999,257527.3639100,1785,789030,168659.8682500,0
1790082180000,0.2138500,0.2140400,0.2135600,0.2136300,966437,1790082239999,206624.6379600,2307,476217,101830.7361000,0
1790082240000,0.2136300,0.2137200,0.2127900,0.2130100,1100377,1790082299999,234533.8211600,2214,287878,61361.3164700,0
1790082300000,0.2130200,0.2135700,0.2130200,0.2134200,782337,1790082359999,166904.1675200,1747,516222,110131.5675700,0
1790082360000,0.2134200,0.2137400,0.2131700,0.2136800,1357596,1790082419999,289853.4731200,2473,579303,123697.2160000,0
1790082420000,0.2136700,0.2143300,0.2134500,0.2139700,1129743,1790082479999,241650.5619600,2638,619559,132521.6408700,0
1790082480000,0.2139900,0.2144600,0.2138800,0.2140600,825445,1790082539999,176733.9083400,2355,330418,70764.0396300,0
1790082540000,0.2140600,0.2142200,0.2131700,0.2134300,3266997,1790082599999,697935.6302300,4004,1118779,239262.2865000,0
1790082600000,0.2134200,0.2136800,0.2131700,0.2135900,1241568,1790082659999,264986.6178100,2170,478989,102278.4919800,0
1790082660000,0.2135800,0.2137000,0.2129500,0.2130000,903209,1790082719999,192620.6534700,1932,215803,46041.0706300,0
1790082720000,0.2130100,0.2134300,0.2129100,0.2134200,620053,1790082779999,132192.3594700,1506,406003,86575.1437000,0
1790082780000,0.2134300,0.2135500,0.2131800,0.2133000,804323,1790082839999,171617.0730100,1432,227641,48576.9501900,0
1790082840000,0.2133000,0.2134200,0.2130300,0.2130300,338505,1790082899999,72198.2610200,1014,173656,37033.7603200,0
1790082900000,0.2130200,0.2130400,0.2122600,0.2123900,1972094,1790082959999,419211.5606000,2521,421888,89707.8348900,0
1790082960000,0.2123900,0.2124900,0.2120500,0.2121200,604928,1790083019999,128418.4616000,1685,243456,51686.4352400,0
1790083020000,0.2121200,0.2122200,0.2113600,0.2121400,3161401,1790083079999,669329.8315300,3649,1307937,276965.2147500,0
1790083080000,0.2121400,0.2121900,0.2116600,0.2117700,613970,1790083139999,130094.9947600,1529,250861,53172.0411400,0
1790083140000,0.2117700,0.2120200,0.2116500,0.2116800,414235,1790083199999,87745.9986600,1077,273950,58031.0711000,0
1790083200000,0.2116800,0.2117300,0.2113600,0.2116100,322673,1790083259999,68259.9336000,1230,135058,28573.9236300,0
1790083260000,0.2116100,0.2118700,0.2113000,0.2113000,690320,1790083319999,146029.3081300,1684,297256,62924.3889800,0
1790083320000,0.2113000,0.2116300,0.2110100,0.2116000,773212,1790083379999,163367.6590000,1682,369459,78108.4146900,0
1790083380000,0.2115900,0.2117000,0.2112500,0.2115200,258307,1790083439999,54626.8869800,1225,118508,25065.2109200,0
1790083440000,0.2115100,0.2115100,0.2108800,0.2109500,581606,1790083499999,122740.5087500,1120,67539,14251.7496300,0
1790083500000,0.2109500,0.2110700,0.2107000,0.2108000,530561,1790083559999,111882.0745800,1470,155378,32766.6114900,0
1790083560000,0.2108100,0.2108900,0.2103100,0.2103500,637447,1790083619999,134215.6834000,1516,178304,37545.9069300,0
1790083620000,0.2103500,0.2104800,0.2097700,0.2104300,2222768,1790083679999,467047.1994100,3071,577362,121374.4261400,0
1790083680000,0.2104300,0.2108700,0.2099400,0.2107200,1447622,1790083739999,304550.3073700,2646,930611,195778.1208300,0
1790083740000,0.2107100,0.2107100,0.2102000,0.2104000,403239,1790083799999,84828.2366000,1498,229502,48274.5570400,0
1790083800000,0.2104000,0.2108300,0.2101100,0.2107500,1741097,1790083859999,366465.8448700,3904,956026,201275.9658600,0
1790083860000,0.2107600,0.2121900,0.2106600,0.2112000,2059494,1790083919999,435605.6309700,3574,1224293,259011.9933300,0
1790083920000,0.2112000,0.2118700,0.2111100,0.2117600,773979,1790083979999,163644.9765800,2615,572854,121129.9707800,0
1790083980000,0.2117600,0.2121100,0.2115800,0.2117100,791366,1790084039999,167618.7830500,2107,396330,83961.2672300,0
1790084040000,0.2117100,0.2117100,0.2109100,0.2113700,1168286,1790084099999,246757.2017500,2374,528457,111615.9835800,0
1790084100000,0.2113900,0.2118400,0.2113200,0.2113200,941371,1790084159999,199234.8778200,1977,613000,129762.9553700,0
1790084160000,0.2113100,0.2115100,0.2103600,0.2106100,1248329,1790084219999,263334.1836300,3042,629328,132833.4850100,0
1790084220000,0.2106000,0.2107800,0.2098000,0.2099300,1003103,1790084279999,210780.5378400,2640,542749,114038.3127100,0
1790084280000,0.2099300,0.2106100,0.2092600,0.2104100,2344553,1790084339999,492033.9427300,3438,1011897,212375.7720200,0
1790084340000,0.2104100,0.2104100,0.2097000,0.2097900,721862,1790084399999,151554.4671400,2164,215540,45267.1249000,0
1790084400000,0.2098000,0.2098200,0.2091700,0.2095700,1057629,1790084459999,221502.5384600,2527,378700,79343.2884700,0
1790084460000,0.2095700,0.2102400,0.2094900,0.2101400,826189,1790084519999,173454.9726100,2463,528441,110935.6831200,0
1790084520000,0.2101500,0.2106500,0.2101500,0.2106100,705119,1790084579999,148332.9843700,2056,430943,90660.6094400,0
1790084580000,0.2106000,0.2108400,0.2102500,0.2106700,1031931,1790084639999,217174.7463600,2142,263151,55419.2309000,0
1790084640000,0.2106200,0.2106700,0.2098000,0.2099400,1797468,1790084699999,377893.4747500,2723,643359,135271.8396000,0
1790084700000,0.2099500,0.2100800,0.2096100,0.2099400,764519,1790084759999,160443.2199100,2024,256250,53786.7290600,0
1790084760000,0.2099300,0.2101200,0.2094200,0.2096700,532952,1790084819999,111765.0735200,1894,303286,63593.8730900,0
1790084820000,0.2096600,0.2103700,0.2095400,0.2102700,604160,1790084879999,126930.5149200,1848,280923,58995.1957000,0
1790084880000,0.2102800,0.2110300,0.2101500,0.2109900,871618,1790084939999,183630.1247400,2134,703681,148271.5119700,0
1790084940000,0.2109900,0.2113500,0.2106700,0.2107600,950308,1790084999999,200643.8686400,2160,415455,87713.7514700,0
1790085000000,0.2107600,0.2115000,0.2106700,0.2112400,952920,1790085059999,201206.2250400,2209,767661,162079.4587300,0
1790085060000,0.2112400,0.2112400,0.2106000,0.2106600,773540,1790085119999,163041.8854900,1797,218521,46058.2302300,0
1790085120000,0.2106600,0.2109300,0.2106000,0.2108400,544594,1790085179999,114743.9965200,1215,198945,41937.1504000,0
1790085180000,0.2108400,0.2110400,0.2106100,0.2108600,696082,1790085239999,146760.0851000,1595,221271,46658.1200000,0
1790085240000,0.2108600,0.2108800,0.2105400,0.2107700,707424,1790085299999,149035.0445700,1468,393922,83000.4701200,0
1790085300000,0.2107600,0.2108500,0.2105100,0.2108000,788217,1790085359999,166067.6708800,2004,474979,100086.9533400,0
1790085360000,0.2108000,0.2110500,0.2104600,0.2106800,621817,1790085419999,131019.7061500,1733,282781,59593.8718000,0
1790085420000,0.2106800,0.2110800,0.2106200,0.2110500,424946,1790085479999,89618.6998800,1266,234979,49552.9142300,0
1790085480000,0.2110600,0.2115200,0.2110300,0.2114600,671368,1790085539999,141810.6533600,1470,436820,92269.0578000,0
1790085540000,0.2114700,0.2118500,0.2112600,0.2118400,668013,1790085599999,141287.0975200,1654,495212,104747.6781400,0
1790085600000,0.2118400,0.2118800,0.2106600,0.2107000,1353476,1790085659999,285854.8884700,3229,404934,85534.2786600,0
1790085660000,0.2106900,0.2112400,0.2101900,0.2111700,1659704,1790085719999,350043.8596500,2979,1169949,246860.8046100,0
1790085720000,0.2111800,0.2113100,0.2104400,0.2107800,1414455,1790085779999,298020.2727800,2610,441710,93089.2370300,0
1790085780000,0.2107900,0.2110500,0.2104900,0.2108300,530579,1790085839999,111824.7409200,1674,297097,62629.4381000,0
1790085840000,0.2108200,0.2109600,0.2105100,0.2107900,302124,1790085899999,63689.6392700,1472,165522,34892.4823900,0
1790085900000,0.2107800,0.2109800,0.2105400,0.2106300,299790,1790085959999,63174.2918600,1471,141200,29756.6131900,0
1790085960000,0.2106300,0.2108800,0.2105800,0.2107600,453775,1790086019999,95615.4368800,1419,279497,58897.8526800,0
1790086020000,0.2107600,0.2114400,0.2107600,0.2113900,542326,1790086079999,114480.2231800,1805,354821,74889.4390900,0
1790086080000,0.2113900,0.2114500,0.2108300,0.2108800,511270,1790086139999,107978.3283600,1739,187139,39539.2375200,0
1790086140000,0.2108800,0.2109400,0.2104500,0.2105300,612281,1790086199999,129033.8296400,1470,257028,54180.9651100,0
1790086200000,0.2105300,0.2111300,0.2099300,0.2110500,1426448,1790086259999,300181.9771900,2399,753933,158775.3348200,0
1790086260000,0.2110400,0.2116600,0.2109000,0.2112500,785290,1790086319999,166014.7310000,1930,321941,68047.3125000,0
1790086320000,0.2112600,0.2113500,0.2110300,0.2113500,306515,1790086379999,64740.5819200,1402,158897,33561.3880400,0
1790086380000,0.2113500,0.2118200,0.2107400,0.2112400,1914786,1790086439999,404597.0134900,3448,971861,205437.6762200,0
1790086440000,0.2112300,0.2112400,0.2102300,0.2105800,539716,1790086499999,113642.6605800,1635,236737,49858.9206300,0
1790086500000,0.2105700,0.2106800,0.2101400,0.2101800,419212,1790086559999,88190.0193300,1626,198916,41852.6116100,0
1790086560000,0.2101900,0.2103400,0.2099200,0.2102200,824382,1790086619999,173177.2199200,1791,520776,109396.4935400,0
1790086620000,0.2102100,0.2102200,0.2091300,0.2095600,755623,1790086679999,158318.7595800,1967,229831,48167.2640300,0
1790086680000,0.2095500,0.2097200,0.2092700,0.2097100,603394,1790086739999,126409.6773600,1541,272676,57114.9473800,0
1790086740000,0.2097200,0.2107200,0.2097200,0.2101900,853705,1790086799999,179486.7483200,2247,532594,111958.1853100,0
1790086800000,0.2101800,0.2103200,0.2096300,0.2098000,1090126,1790086859999,228813.9658100,2133,288988,60671.6311100,0
1790086860000,0.2098000,0.2102100,0.2094800,0.2101500,534111,1790086919999,112033.0724100,1842,352203,73878.5968100,0
1790086920000,0.2101500,0.2108600,0.2099000,0.2102600,777603,1790086979999,163540.9158200,2060,393604,82803.0677200,0
1790086980000,0.2102600,0.2107300,0.2101100,0.2104000,539761,1790087039999,113580.2131700,1374,414773,87278.8102700,0
1790087040000,0.2104100,0.2105800,0.2099400,0.2102100,355678,1790087099999,74772.4150300,1208,158070,33224.2658600,0
1790087100000,0.2102100,0.2103400,0.2100400,0.2100900,323270,1790087159999,67940.1461100,1093,164873,34655.2311700,0
1790087160000,0.2101000,0.2102200,0.2097500,0.2097500,530123,1790087219999,111305.6777000,1570,282012,59223.4634900,0
1790087220000,0.2097500,0.2098700,0.2094600,0.2098700,546529,1790087279999,114557.5781200,1394,339378,71137.5598500,0
1790087280000,0.2098700,0.2102100,0.2098200,0.2098500,269873,1790087339999,56681.7263300,1323,116720,24512.8980400,0
1790087340000,0.2098500,0.2099000,0.2093400,0.2093400,501187,1790087399999,105050.5413900,1481,243982,51144.0026700,0
1790087400000,0.2093400,0.2093400,0.2080900,0.2083900,4002883,1790087459999,834918.8605200,5602,1058275,220794.6753300,0
1790087460000,0.2083800,0.2084200,0.2072400,0.2079200,4321683,1790087519999,897887.6828400,5601,1229958,255595.4221200,0
1790087520000,0.2079200,0.2079400,0.2072700,0.2074900,2572481,1790087579999,534035.6654300,3609,994145,206428.5569200,0
1790087580000,0.2074900,0.2080300,0.2070300,0.2078300,2859706,1790087639999,593412.5487400,4052,1386552,287975.0102500,0
1790087640000,0.2078300,0.2084000,0.2076500,0.2077200,1595419,1790087699999,332034.8620500,2833,747305,155554.1475900,0
1790087700000,0.2077200,0.2078200,0.2055800,0.2060500,8697011,1790087759999,1796097.5227900,8172,2823192,583438.5519100,0
1790087760000,0.2060500,0.2068000,0.2060100,0.2064800,2716598,1790087819999,560871.9870500,3670,1602807,330992.1868900,0
1790087820000,0.2064700,0.2065800,0.2059800,0.2062600,2690839,1790087879999,554964.0962300,3467,1370297,282641.5933700,0
1790087880000,0.2062500,0.2064900,0.2056200,0.2061300,3183592,1790087939999,656076.3563900,3655,1278407,263443.1348700,0
1790087940000,0.2061300,0.2067900,0.2061300,0.2065200,1508399,1790087999999,311481.7810700,2438,727455,150234.5314100,0
1790088000000,0.2065200,0.2065700,0.2057700,0.2063500,1885478,1790088059999,388566.1594800,2647,904263,186365.6809400,0
1790088060000,0.2063500,0.2065300,0.2052100,0.2054600,4715542,1790088119999,970808.2776500,3794,2003085,412555.9949200,0
1790088120000,0.2054700,0.2054700,0.2033600,0.2046000,16568947,1790088179999,3383048.2324400,10860,4914780,1002924.8356100,0
1790088180000,0.2046200,0.2053400,0.2046200,0.2052700,2689517,1790088239999,551250.4083400,3822,1702569,349012.9336700,0
1790088240000,0.2052700,0.2060000,0.2051600,0.2057200,2557547,1790088299999,526026.3598800,2920,1591071,327230.1691400,0
1790088300000,0.2057300,0.2062400,0.2057200,0.2061400,1803010,1790088359999,371471.2719000,2224,1064916,219428.0710400,0
1790088360000,0.2061500,0.2064500,0.2060000,0.2063300,1712414,1790088419999,353194.6485400,2056,1113719,229719.7451400,0
1790088420000,0.2063200,0.2064500,0.2058800,0.2064000,1557095,1790088479999,321044.5471400,2032,924986,190734.4433400,0
1790088480000,0.2064100,0.2064100,0.2059300,0.2062700,2218844,1790088539999,457440.5192800,2257,626484,129150.7504000,0
1790088540000,0.2062700,0.2068800,0.2061000,0.2066700,1373071,1790088599999,283565.4275400,2330,714289,147500.8904200,0
1790088600000,0.2066600,0.2071600,0.2063700,0.2071600,2965924,1790088659999,613462.5249200,2965,2062005,426581.7311700,0
1790088660000,0.2071600,0.2072500,0.2068700,0.2071300,998866,1790088719999,206825.5538700,1976,612512,126827.6354500,0
1790088720000,0.2071300,0.2072000,0.2069200,0.2070700,739332,1790088779999,153074.6294600,1618,260506,53938.7081100,0
1790088780000,0.2070600,0.2076000,0.2066900,0.2075100,2074405,1790088839999,429666.9066100,2272,1063205,220280.0457800,0
1790088840000,0.2075200,0.2079900,0.2073700,0.2079500,1063694,1790088899999,221006.7816100,2062,726169,150889.5660300,0
1790088900000,0.2079500,0.2080000,0.2077500,0.2079300,454427,1790088959999,94460.7480900,1227,167847,34889.8285000,0
1790088960000,0.2079300,0.2080400,0.2077300,0.2078400,562106,1790089019999,116847.3034300,1336,396063,82336.1210900,0
1790089020000,0.2078500,0.2081000,0.2078100,0.2078900,825596,1790089079999,171755.7438100,1001,642085,133589.7932600,0
1790089080000,0.2078900,0.2080400,0.2076900,0.2078000,807821,1790089139999,167953.9110900,1337,501127,104193.7867300,0
1790089140000,0.2078000,0.2084800,0.2077400,0.2082900,1116202,1790089199999,232357.8039300,1685,854616,177929.6504100,0
1790089200000,0.2082900,0.2086100,0.2078600,0.2083300,1064940,1790089259999,221785.9576400,2245,613942,127897.5621700,0
1790089260000,0.2083300,0.2087800,0.2081600,0.2087800,723239,1790089319999,150796.8470800,1828,396920,82767.9888800,0
1790089320000,0.2087700,0.2094800,0.2087100,0.2093600,1381319,1790089379999,288902.9240500,2360,822210,172009.5020600,0
1790089380000,0.2093600,0.2093600,0.2086900,0.2093100,1033179,1790089439999,216003.7717700,2185,573351,119883.2114200,0
1790089440000,0.2093200,0.2096300,0.2092000,0.2093700,1125753,1790089499999,235717.2677100,1840,625985,131111.3390000,0
1790089500000,0.2093800,0.2100000,0.2088600,0.2099800,1763621,1790089559999,369205.1251600,2826,800730,167743.4727100,0
1790089560000,0.2099900,0.2102600,0.2094500,0.2098500,1665924,1790089619999,349668.1846700,3145,740400,155385.9616700,0
1790089620000,0.2098400,0.2098500,0.2095100,0.2097000,892369,1790089679999,187069.4812000,1697,268833,56361.2654300,0
1790089680000,0.2096900,0.2101300,0.2095500,0.2098000,2053435,1790089739999,430972.8649000,1969,1688685,354444.1108000,0
1790089740000,0.2098100,0.2099600,0.2088900,0.2088900,5122901,1790089799999,1073893.1076500,2202,955466,200125.7581600,0
1790089800000,0.2088800,0.2090500,0.2084500,0.2084700,1319923,1790089859999,275624.0673700,1877,634029,132422.5031600,0
1790089860000,0.2084900,0.2086200,0.2079400,0.2084700,1801173,1790089919999,375048.2105900,2795,582349,121283.6851700,0
1790089920000,0.2084700,0.2085600,0.2081700,0.2084500,506147,1790089979999,105480.0126400,1123,189576,39507.3605000,0
1790089980000,0.2084400,0.2085100,0.2078700,0.2078900,876541,1790090039999,182469.0875700,1663,205992,42883.4283800,0
1790090040000,0.2079000,0.2083000,0.2078800,0.2082600,715718,1790090099999,148914.4867300,1698,320077,66606.8784300,0
1790090100000,0.2082600,0.2087200,0.2076600,0.2077000,795047,1790090159999,165500.3313200,1677,200131,41700.7393900,0
1790090160000,0.2077100,0.2078900,0.2075300,0.2076500,1307493,1790090219999,271514.3661200,1652,882564,183264.0872600,0
1790090220000,0.2076600,0.2078200,0.2071100,0.2073000,1596535,1790090279999,331190.6485600,2589,498898,103511.7343700,0
1790090280000,0.2073100,0.2078000,0.2070000,0.2074900,1460675,1790090339999,302989.7109800,2602,795786,165095.6866700,0
1790090340000,0.2075000,0.2081200,0.2074000,0.2079700,944823,1790090399999,196270.8239400,2036,719860,149543.6030100,0
1790090400000,0.2079700,0.2083300,0.2077800,0.2078400,993466,1790090459999,206699.3687900,1786,754954,157072.9778700,0
1790090460000,0.2078400,0.2084100,0.2078000,0.2084000,632118,1790090519999,131526.2467800,1668,463612,96472.4369400,0
1790090520000,0.2084000,0.2089300,0.2081700,0.2083800,1109276,1790090579999,231444.3011200,1915,581286,121267.6012200,0
1790090580000,0.2083800,0.2084300,0.2081300,0.2082300,419362,1790090639999,87351.1553300,1331,212472,44260.6517200,0
1790090640000,0.2082200,0.2082500,0.2079200,0.2079200,311043,1790090699999,64738.6097200,1191,155788,32425.1464200,0
1790090700000,0.2079200,0.2081200,0.2079100,0.2080200,338236,1790090759999,70351.9797600,800,177609,36939.7027500,0
1790090760000,0.2080200,0.2080500,0.2075800,0.2080200,629566,1790090819999,130846.2691800,1137,375774,78089.3145500,0
1790090820000,0.2080400,0.2080500,0.2074000,0.2076300,756662,1790090879999,157088.6673900,1669,316608,65742.4043800,0
1790090880000,0.2076400,0.2079700,0.2075500,0.2075800,549893,1790090939999,114210.2026800,1201,347681,72208.0312100,0
1790090940000,0.2075700,0.2077600,0.2075300,0.2076500,262868,1790090999999,54580.4263900,784,127232,26420.6651200,0
1790091000000,0.2076400,0.2076900,0.2074200,0.2075800,1053245,1790091059999,218536.0810900,1324,292112,60627.0262600,0
1790091060000,0.2075700,0.2077300,0.2072300,0.2072900,938206,1790091119999,194560.4329300,1219,176971,36714.1463300,0
1790091120000,0.2073200,0.2074400,0.2068300,0.2068800,804266,1790091179999,166511.7755900,1736,361014,74742.2623900,0
1790091180000,0.2068800,0.2071900,0.2068700,0.2071800,648027,1790091239999,134146.3155200,1223,239759,49634.3438100,0
1790091240000,0.2071700,0.2075100,0.2071200,0.2073600,883117,1790091299999,183105.5305100,1209,225918,46844.4812100,0
1790091300000,0.2073500,0.2076600,0.2069000,0.2069000,1138526,1790091359999,235963.2735900,1370,264526,54843.6258500,0
1790091360000,0.2069000,0.2073600,0.2069000,0.2073300,331625,1790091419999,68686.8928600,1258,245735,50894.9295400,0
1790091420000,0.2073300,0.2075100,0.2067200,0.2067400,555789,1790091479999,115046.7580300,1689,248978,51560.2862300,0
1790091480000,0.2067500,0.2067700,0.2063000,0.2063200,998409,1790091539999,206160.6857700,1596,442725,91417.8803000,0
1790091540000,0.2063200,0.2067600,0.2063000,0.2065900,489947,1790091599999,101204.6754200,1126,364216,75236.4844300,0
1790091600000,0.2066000,0.2069300,0.2065000,0.2065000,697300,1790091659999,144123.4882300,1423,179016,37006.9809200,0
1790091660000,0.2065100,0.2066600,0.2063000,0.2065900,915057,1790091719999,188962.3912900,1098,282550,58351.4371100,0
1790091720000,0.2065900,0.2074900,0.2065000,0.2072600,1387545,1790091779999,287418.6326400,2410,771304,159760.9823500,0
1790091780000,0.2072500,0.2073500,0.2070100,0.2072100,403729,1790091839999,83657.1081800,1165,290492,60196.1181700,0
1790091840000,0.2072100,0.2078700,0.2071400,0.2077400,2493963,1790091899999,517497.4259500,2195,1974747,409814.9237500,0
1790091900000,0.2077400,0.2080300,0.2076300,0.2080100,939810,1790091959999,195323.2739000,2064,639627,132941.6792900,0
1790091960000,0.2080200,0.2083100,0.2074700,0.2074700,1152852,1790092019999,239883.6805000,2292,501130,104321.8147400,0
1790092020000,0.2074700,0.2075900,0.2072400,0.2075900,1518971,1790092079999,314903.4981500,1584,386657,80181.0393800,0
1790092080000,0.2076000,0.2081100,0.2075800,0.2081000,793719,1790092139999,165050.8318900,1438,401229,83421.9467400,0
1790092140000,0.2081100,0.2083000,0.2073800,0.2074100,1009646,1790092199999,209974.6872400,1575,556924,115802.4784700,0
1790092200000,0.2074200,0.2074900,0.2066500,0.2068400,5179993,1790092259999,1073237.4226200,2237,612446,126793.6680000,0
1790092260000,0.2068400,0.2069600,0.2061300,0.2063500,1313694,1790092319999,271150.8589700,2116,384160,79341.2489600,0
1790092320000,0.2063500,0.2065600,0.2060100,0.2064600,494358,1790092379999,102008.3934700,1401,336487,69441.9462300,0
1790092380000,0.2064700,0.2065300,0.2060500,0.2060900,422263,1790092439999,87112.8770300,1138,266431,54971.3884200,0
1790092440000,0.2060900,0.2063800,0.2060100,0.2061500,892316,1790092499999,183994.7598300,1385,666486,137447.0979500,0
1790092500000,0.2061500,0.2062400,0.2059000,0.2060000,445640,1790092559999,91810.5303100,1088,211173,43506.2918600,0
1790092560000,0.2059900,0.2065100,0.2059800,0.2062000,951142,1790092619999,196220.3645300,2377,614164,126703.7805100,0
1790092620000,0.2062100,0.2065300,0.2061600,0.2065000,356423,1790092679999,73534.7476700,1034,192539,39720.1059800,0
1790092680000,0.2065000,0.2068200,0.2063000,0.2063200,911681,1790092739999,188345.7441300,1627,336586,69537.3549600,0
1790092740000,0.2063200,0.2063900,0.2062100,0.2063300,261861,1790092799999,54021.4893600,654,163678,33764.8962700,0
1790092800000,0.2063300,0.2064900,0.2061700,0.2063800,690132,1790092859999,142402.9959000,1596,477290,98488.2735800,0
1790092860000,0.2063900,0.2066500,0.2060800,0.2060800,600436,1790092919999,123857.2404500,1749,405818,83708.6845300,0
1790092920000,0.2060900,0.2064300,0.2058300,0.2058300,1015024,1790092979999,209211.7421900,2081,335789,69251.9166300,0
1790092980000,0.2058300,0.2065300,0.2057300,0.2065300,679169,1790093039999,139947.3099400,1528,387147,79789.9979500,0
1790093040000,0.2065400,0.2065800,0.2054400,0.2056000,932329,1790093099999,192049.3505700,2082,214538,44189.0418400,0
1790093100000,0.2056000,0.2056200,0.2050900,0.2052000,1613328,1790093159999,331295.9183800,2496,488989,100460.9571900,0
1790093160000,0.2052100,0.2056100,0.2044700,0.2055900,3216726,1790093219999,658957.8276300,3646,1341551,274967.6567400,0
1790093220000,0.2055900,0.2061800,0.2055500,0.2058100,1043987,1790093279999,215017.3075100,2514,619532,127604.0272500,0
1790093280000,0.2058100,0.2058900,0.2046900,0.2051700,1958653,1790093339999,402168.0200200,2860,610847,125318.2477400,0
1790093340000,0.2051800,0.2053100,0.2046700,0.2046700,779963,1790093399999,159839.7866700,1712,347324,71187.2722200,0
1790093400000,0.2046800,0.2049500,0.2044200,0.2044700,842843,1790093459999,172464.7786300,1613,400844,82042.0229700,0
1790093460000,0.2044700,0.2047000,0.2040500,0.2041900,1648910,1790093519999,336914.2608000,2509,635525,129871.8130100,0
1790093520000,0.2041900,0.2043600,0.2040200,0.2041500,801408,1790093579999,163653.1533700,1748,303291,61937.6237700,0
1790093580000,0.2041500,0.2043800,0.2038100,0.2039100,1243604,1790093639999,253678.2941100,2114,300496,61338.5484700,0
1790093640000,0.2039100,0.2044900,0.2038000,0.2042400,1152598,1790093699999,235358.4192600,2055,705985,144160.4304000,0
1790093700000,0.2042300,0.2049800,0.2042100,0.2049400,1157976,1790093759999,236963.7385200,2553,799897,163692.9358200,0
1790093760000,0.2049400,0.2054300,0.2049100,0.2050500,1378639,1790093819999,282872.7506700,2744,914144,187585.2320300,0
1790093820000,0.2050600,0.2051700,0.2045800,0.2048300,1454543,1790093879999,297981.1965300,2258,951659,194962.8089600,0
1790093880000,0.2048400,0.2049100,0.2042900,0.2044500,705622,1790093939999,144281.2655200,1574,297913,60910.7848200,0
1790093940000,0.2044500,0.2051400,0.2042700,0.2047500,1710781,1790093999999,350297.0219000,2467,1347291,275870.3144800,0
1790094000000,0.2047500,0.2050500,0.2046100,0.2049500,375482,1790094059999,76916.5054100,1313,219776,45026.4980100,0
1790094060000,0.2049300,0.2055400,0.2048500,0.2055000,894296,1790094119999,183572.5381100,1953,685561,140721.2415300,0
1790094120000,0.2055000,0.2056300,0.2048100,0.2048400,1461632,1790094179999,300327.2074200,1955,938130,192813.6758300,0
1790094180000,0.2048300,0.2052000,0.2046200,0.2049900,803020,1790094239999,164614.0974800,1624,567153,116281.7861900,0
1790094240000,0.2050000,0.2052100,0.2048700,0.2051500,559469,1790094299999,114716.8520600,1441,225499,46238.2822100,0
1790094300000,0.2051500,0.2056400,0.2050400,0.2051600,855370,1790094359999,175642.5530900,1383,412638,84717.6612500,0
1790094360000,0.2051600,0.2052500,0.2048700,0.2049400,777403,1790094419999,159376.4227900,1287,448853,92023.7958100,0
1790094420000,0.2049400,0.2052600,0.2048100,0.2052000,629471,1790094479999,129035.7608500,1273,321452,65913.9589300,0
1790094480000,0.2052100,0.2053000,0.2050900,0.2052300,308209,1790094539999,63246.6460000,853,107157,21988.3671500,0
1790094540000,0.2052300,0.2059400,0.2052300,0.2056900,1141135,1790094599999,234657.9914300,1735,731011,150283.6144900,0
1790094600000,0.2056900,0.2059200,0.2053800,0.2053900,450867,1790094659999,92761.1520300,1150,244456,50305.2835900,0
1790094660000,0.2053900,0.2058300,0.2053100,0.2055000,436079,1790094719999,89616.5870000,1329,275560,56626.8927900,0
1790094720000,0.2055100,0.2059700,0.2054400,0.2056400,627961,1790094779999,129164.7050100,1564,235169,48373.6546400,0
1790094780000,0.2056300,0.2056300,0.2050100,0.2054200,507308,1790094839999,104108.5417000,1476,176501,36228.7215100,0
1790094840000,0.2054200,0.2059100,0.2052400,0.2058400,785298,1790094899999,161471.8903600,1562,581949,119679.5329300,0
1790094900000,0.2058300,0.2063500,0.2056300,0.2061800,816312,1790094959999,168196.6740700,1704,654480,134853.5849900,0
1790094960000,0.2061800,0.2063300,0.2056000,0.2058100,701914,1790095019999,144529.5659700,1643,226358,46609.2969700,0
1790095020000,0.2058100,0.2058700,0.2055300,0.2056000,258465,1790095079999,53162.3648900,958,123710,25447.4673400,0
1790095080000,0.2055900,0.2059200,0.2055200,0.2059000,324321,1790095139999,66732.7673500,888,202442,41658.5912000,0
1790095140000,0.2059000,0.2059900,0.2054900,0.2058800,300136,1790095199999,61751.9890800,929,184686,37996.3340300,0
1790095200000,0.2059400,0.2061600,0.2059100,0.2061400,501416,1790095259999,103313.8070400,1105,168048,34624.8049200,0
1790095260000,0.2061300,0.2061600,0.2057500,0.2057700,385358,1790095319999,79365.8442900,842,173697,35765.8903800,0
1790095320000,0.2057600,0.2058400,0.2054900,0.2056100,763773,1790095379999,157057.4775100,1167,264144,54321.8095800,0
1790095380000,0.2056100,0.2059500,0.2056100,0.2059500,200339,1790095439999,41218.8055300,623,148917,30638.5001700,0
1790095440000,0.2059600,0.2061300,0.2057900,0.2058800,605148,1790095499999,124614.2153700,1133,293354,60421.3843700,0
1790095500000,0.2058800,0.2058800,0.2055300,0.2058300,393433,1790095559999,80937.2692500,993,239072,49181.6521000,0
1790095560000,0.2058200,0.2060400,0.2057000,0.2057900,360031,1790095619999,74121.3437100,972,252911,52067.9118700,0
1790095620000,0.2057800,0.2058200,0.2056100,0.2058200,290947,1790095679999,59847.1851600,855,215053,44236.1907800,0
1790095680000,0.2058100,0.2059900,0.2053100,0.2053500,627394,1790095739999,128998.6963100,2012,329910,67847.8942100,0
1790095740000,0.2053400,0.2064800,0.2052600,0.2060400,2654970,1790095799999,547151.0074800,3271,1593713,328438.3361100,0
1790095800000,0.2060500,0.2064300,0.2058600,0.2060300,2728201,1790095859999,562324.1118900,2953,1310766,270181.9602300,0
1790095860000,0.2060300,0.2062000,0.2059000,0.2060100,738318,1790095919999,152108.9244700,1659,379698,78222.4172800,0
1790095920000,0.2060100,0.2062900,0.2059500,0.2060200,1887520,1790095979999,389007.0237200,2671,919591,189537.9539500,0
1790095980000,0.2060200,0.2060700,0.2054400,0.2056300,731367,1790096039999,150471.6529900,1196,252996,52035.3970000,0
1790096040000,0.2056200,0.2058000,0.2053600,0.2057300,580750,1790096099999,119349.5159600,1079,387153,79568.1580900,0
1790096100000,0.2057300,0.2061700,0.2057000,0.2060300,1919305,1790096159999,395311.6058400,1635,491318,101200.3577600,0
1790096160000,0.2060200,0.2061000,0.2058100,0.2059700,1497034,1790096219999,308328.6942700,929,366936,75566.8610600,0
1790096220000,0.2059700,0.2060600,0.2058900,0.2059800,530448,1790096279999,109253.7985600,514,203006,41815.3798300,0
1790096280000,0.2059800,0.2059800,0.2056000,0.2056000,1108422,1790096339999,228061.7873700,901,200145,41186.7929100,0
1790096340000,0.2056100,0.2057500,0.2053400,0.2055000,955687,1790096399999,196423.3034800,1221,494538,101637.0920400,0
1790096400000,0.2055000,0.2056300,0.2051600,0.2053200,921041,1790096459999,189148.4181600,1265,321074,65930.1245700,0
1790096460000,0.2053200,0.2056500,0.2051600,0.2056300,771900,1790096519999,158557.9568900,1107,634330,130307.4774200,0
1790096520000,0.2056200,0.2057800,0.2054700,0.2056700,565477,1790096579999,116265.3308600,1244,368982,75865.1837900,0
1790096580000,0.2056600,0.2061100,0.2055800,0.2059300,636327,1790096639999,131048.0763400,1023,334014,68778.7578100,0
1790096640000,0.2059300,0.2059800,0.2053400,0.2053500,594749,1790096699999,122317.5052000,1438,294317,60530.5643400,0
1790096700000,0.2053500,0.2056700,0.2051700,0.2055400,676762,1790096759999,138999.3084900,1205,470481,96631.0781400,0
1790096760000,0.2055500,0.2057900,0.2055000,0.2057700,635758,1790096819999,130705.2697200,1162,425533,87483.3300500,0
1790096820000,0.2057600,0.2058300,0.2054000,0.2055600,518790,1790096879999,106633.1451000,809,261421,53729.0268400,0
1790096880000,0.2055600,0.2058200,0.2052200,0.2052900,1374122,1790096939999,282399.0637500,1584,839369,172556.8369000,0
1790096940000,0.2052800,0.2053000,0.2050200,0.2050200,1689482,1790096999999,346620.6010000,1404,334475,68618.1040000,0
1790097000000,0.2050200,0.2051900,0.2047100,0.2047900,1373759,1790097059999,281566.0914300,2023,416965,85484.0370800,0
1790097060000,0.2048000,0.2050200,0.2047400,0.2047700,911132,1790097119999,186673.4889200,1692,339202,69497.0209100,0
1790097120000,0.2047700,0.2048200,0.2043100,0.2043800,1741769,1790097179999,356244.8936900,2176,572411,117066.9582800,0
1790097180000,0.2043900,0.2046800,0.2042000,0.2045900,1883767,1790097239999,385142.3926600,2038,1139089,232910.5512200,0
1790097240000,0.2045900,0.2049400,0.2044000,0.2048000,757789,1790097299999,155104.8820800,1219,353380,72328.0149400,0
1790097300000,0.2048100,0.2051300,0.2047400,0.2050500,967045,1790097359999,198139.9189700,1195,805392,165014.4612800,0
1790097360000,0.2050400,0.2051100,0.2044800,0.2044900,1347634,1790097419999,276070.8735400,1426,278402,57049.0041100,0
1790097420000,0.2044900,0.2045800,0.2042900,0.2043100,521207,1790097479999,106535.7033600,1021,280178,57270.1178700,0
1790097480000,0.2043200,0.2044700,0.2042000,0.2042400,514913,1790097539999,105183.6858300,1052,216014,44131.1236200,0
1790097540000,0.2042600,0.2048400,0.2042000,0.2048300,1038880,1790097599999,212461.2402900,1325,934427,191105.2547500,0
1790097600000,0.2048400,0.2052800,0.2047700,0.2048600,1321006,1790097659999,270849.8854100,1734,636799,130541.5020600,0
1790097660000,0.2048600,0.2050400,0.2046700,0.2049100,411984,1790097719999,84390.6150700,944,237348,48618.3083100,0
1790097720000,0.2049200,0.2051600,0.2049200,0.2049300,364285,1790097779999,74692.0147500,858,178428,36575.7146200,0
1790097780000,0.2049300,0.2049800,0.2047700,0.2048900,357876,1790097839999,73314.5216000,970,213883,43815.9574300,0
1790097840000,0.2049000,0.2050300,0.2048300,0.2049400,266221,1790097899999,54554.0814900,613,171729,35190.5768200,0
1790097900000,0.2049400,0.2050600,0.2047300,0.2048900,494297,1790097959999,101267.8409300,762,255263,52305.0260500,0
1790097960000,0.2048900,0.2048900,0.2046900,0.2047000,313526,1790098019999,64199.0213300,605,228946,46879.6618400,0
1790098020000,0.2046900,0.2047000,0.2044400,0.2044800,358221,1790098079999,73274.9742500,705,109288,22354.6361600,0
1790098080000,0.2044800,0.2048100,0.2044600,0.2047800,747842,1790098139999,153015.2291500,965,309818,63405.8451900,0
1790098140000,0.2047800,0.2047800,0.2045900,0.2047400,248563,1790098199999,50876.2151800,468,203128,41575.7973900,0
1790098200000,0.2047400,0.2047600,0.2044500,0.2046500,803434,1790098259999,164365.7925900,1277,381631,78077.6442100,0
1790098260000,0.2046600,0.2047200,0.2043100,0.2044700,414952,1790098319999,84874.9353500,936,251912,51528.2651900,0
1790098320000,0.2044700,0.2046500,0.2043400,0.2045400,665899,1790098379999,136171.7911900,1180,443474,90699.1412900,0
1790098380000,0.2045500,0.2050900,0.2045400,0.2050800,779722,1790098439999,159721.9560800,1098,675336,138340.3188700,0
1790098440000,0.2050800,0.2052300,0.2046100,0.2046100,1024700,1790098499999,209831.2758800,1565,328171,67199.5335900,0
1790098500000,0.2046200,0.2052400,0.2046100,0.2049800,1014619,1790098559999,207938.8706200,1382,512905,105093.2210500,0
1790098560000,0.2049800,0.2050700,0.2048700,0.2049600,288035,1790098619999,59037.5850300,636,192244,39402.0477600,0
1790098620000,0.2049600,0.2049600,0.2046100,0.2047100,507188,1790098679999,103828.1956200,1080,309684,63388.8229800,0
1790098680000,0.2047100,0.2047100,0.2042700,0.2043000,653247,1790098739999,133551.9018400,1258,236595,48373.8269100,0
1790098740000,0.2043000,0.2046100,0.2042100,0.2043600,1528889,1790098799999,312559.2928500,1555,916855,187452.6768600,0
1790098800000,0.2043600,0.2043700,0.2040600,0.2042000,641312,1790098859999,130946.1935900,965,146498,29917.3319000,0
1790098860000,0.2042000,0.2045300,0.2041600,0.2044800,364855,1790098919999,74553.0419000,785,238935,48827.8027400,0
1790098920000,0.2044700,0.2048200,0.2043600,0.2048100,279066,1790098979999,57091.6290100,722,176812,36168.6885400,0
1790098980000,0.2048000,0.2051400,0.2045100,0.2045100,827685,1790099039999,169540.1748800,1303,217813,44621.0332600,0
1790099040000,0.2045000,0.2045000,0.2042800,0.2044300,394964,1790099099999,80720.2674400,914,236135,48262.0186300,0
1790099100000,0.2044200,0.2047100,0.2041600,0.2042600,765688,1790099159999,156562.7601500,1091,433066,88575.5873500,0
1790099160000,0.2042700,0.2044400,0.2041700,0.2044200,347060,1790099219999,70900.6726000,864,250370,51148.7445700,0
1790099220000,0.2044200,0.2045800,0.2041200,0.2043100,373992,1790099279999,76410.7578100,1024,184169,37635.3324200,0
1790099280000,0.2043100,0.2047900,0.2041600,0.2047500,726699,1790099339999,148576.6831500,1221,611686,125057.8544500,0
1790099340000,0.2047500,0.2047800,0.2041500,0.2042300,385407,1790099399999,78801.8441500,995,149541,30588.1137000,0
1790099400000,0.2042300,0.2044000,0.2041800,0.2043800,388056,1790099459999,79281.5204700,749,127586,26068.0376600,0
1790099460000,0.2043700,0.2044300,0.2041200,0.2043100,267464,1790099519999,54626.6860400,667,141695,28940.2652300,0
1790099520000,0.2043100,0.2054700,0.2043100,0.2052700,1249582,1790099579999,256244.0649600,1845,1030753,211370.4554900,0
1790099580000,0.2052700,0.2052800,0.2048700,0.2051000,588287,1790099639999,120639.3985900,1101,474118,97228.1028400,0
1790099640000,0.2051000,0.2056100,0.2048600,0.2048800,1105092,1790099699999,226789.3191900,1645,504514,103621.3339500,0
1790099700000,0.2048800,0.2050300,0.2046400,0.2050200,820480,1790099759999,168082.4475200,1484,581873,119219.2977500,0
1790099760000,0.2050300,0.2051500,0.2047800,0.2048000,407137,1790099819999,83444.8200700,1015,209929,43030.3251200,0
1790099820000,0.2048100,0.2048800,0.2046700,0.2047600,475404,1790099879999,97344.3970200,816,177896,36429.0351800,0
1790099880000,0.2047500,0.2048800,0.2046600,0.2047700,237030,1790099939999,48532.4296500,486,169574,34720.3749700,0
1790099940000,0.2047700,0.2048600,0.2044700,0.2045200,360613,1790099999999,73801.3071400,629,158434,32422.4219700,0
1790100000000,0.2045300,0.2049900,0.2045000,0.2048800,1416704,1790100059999,290117.3237600,1313,405009,82927.0704200,0
1790100060000,0.2048800,0.2049100,0.2047100,0.2047600,1001864,1790100119999,205193.1017000,828,253455,51904.3205800,0
1790100120000,0.2047500,0.2048700,0.2045000,0.2046400,1101315,1790100179999,225360.5428200,1207,259505,53106.2277200,0
1790100180000,0.2046400,0.2048100,0.2044800,0.2046700,487379,1790100239999,99724.5735800,808,207269,42416.0655100,0
1790100240000,0.2046700,0.2050700,0.2045800,0.2047000,860741,1790100299999,176239.1516600,1353,346850,71019.6927000,0
1790100300000,0.2047000,0.2049800,0.2046200,0.2047900,541095,1790100359999,110798.4902100,954,297614,60945.4353000,0
1790100360000,0.2047900,0.2051000,0.2047100,0.2048500,518618,1790100419999,106254.8692900,856,325707,66730.1804000,0
1790100420000,0.2048500,0.2048700,0.2041800,0.2044200,833255,1790100479999,170428.2409800,1337,370326,75753.7172400,0
1790100480000,0.2044300,0.2047000,0.2044100,0.2045400,981053,1790100539999,200694.5013900,1242,701335,143477.1721800,0
1790100540000,0.2045500,0.2046500,0.2045100,0.2045600,323428,1790100599999,66169.2913400,582,193876,39663.9197600,0
1790100600000,0.2045700,0.2046400,0.2045100,0.2045600,292597,1790100659999,59854.1732300,556,185794,38005.1761900,0
1790100660000,0.2045500,0.2049800,0.2044600,0.2047900,856322,1790100719999,175359.5320900,1177,556275,113895.4903700,0
1790100720000,0.2047900,0.2055500,0.2047900,0.2053600,910585,1790100779999,186852.2682300,1236,759405,155813.7195500,0
1790100780000,0.2053700,0.2053700,0.2047100,0.2047100,421718,1790100839999,86475.2607800,949,163755,33571.6971300,0
1790100840000,0.2047200,0.2050700,0.2045000,0.2048800,665138,1790100899999,136186.5932700,1327,336461,68892.7401800,0
1790100900000,0.2048700,0.2052400,0.2047500,0.2051600,473952,1790100959999,97189.7221600,860,270653,55506.6214100,0
1790100960000,0.2051600,0.2053600,0.2051400,0.2053600,440503,1790101019999,90410.5086600,951,235023,48237.2854000,0
1790101020000,0.2053400,0.2054400,0.2050300,0.2050800,467278,1790101079999,95871.0591100,990,240457,49340.1781300,0
1790101080000,0.2050800,0.2052700,0.2050500,0.2051400,404698,1790101139999,83016.8865200,1030,269377,55255.0915800,0
1790101140000,0.2051300,0.2055300,0.2051300,0.2053300,828974,1790101199999,170225.0246100,1375,677213,139065.5515500,0
1790101200000,0.2053400,0.2053800,0.2052000,0.2052200,334035,1790101259999,68572.3667800,636,190502,39104.0064800,0
1790101260000,0.2052200,0.2053500,0.2049700,0.2050700,624433,1790101319999,128100.3493700,881,287461,58989.0968600,0
1790101320000,0.2050700,0.2050700,0.2047600,0.2048400,658699,1790101379999,134985.4950700,700,123133,25236.3240700,0
1790101380000,0.2048400,0.2050900,0.2046800,0.2049400,298657,1790101439999,61189.8721400,699,184293,37755.8791700,0
1790101440000,0.2049300,0.2051100,0.2045900,0.2045900,333213,1790101499999,68269.8001600,895,168399,34507.6558100,0
1790101500000,0.2045900,0.2046700,0.2042900,0.2045000,554612,1790101559999,113419.1371000,939,285757,58451.1408900,0
1790101560000,0.2045200,0.2045800,0.2043000,0.2044000,430108,1790101619999,87930.6070100,803,274419,56099.0696600,0
1790101620000,0.2043900,0.2045500,0.2040000,0.2041000,1646056,1790101679999,336043.4292900,1333,190130,38828.0986700,0
1790101680000,0.2040900,0.2040900,0.2035200,0.2036300,1727751,1790101739999,352060.3534100,2037,526096,107198.6915300,0
1790101740000,0.2036200,0.2041000,0.2035400,0.2037600,1502358,1790101799999,306311.2302300,1866,886446,180742.7132000,0
1790101800000,0.2037700,0.2041900,0.2037500,0.2040700,614362,1790101859999,125279.0628600,1274,265377,54123.7149900,0
1790101860000,0.2040700,0.2044700,0.2040400,0.2044300,825023,1790101919999,168529.1217100,1434,548492,112039.6256200,0
1790101920000,0.2044400,0.2046000,0.2038200,0.2040700,705165,1790101979999,143955.0408400,1450,287772,58731.8335300,0
1790101980000,0.2040700,0.2043800,0.2038500,0.2039100,1051362,1790102039999,214612.8040100,1450,379961,77573.5165300,0
1790102040000,0.2039100,0.2041200,0.2038100,0.2039100,370041,1790102099999,75481.4861200,937,191332,39035.5755700,0
1790102100000,0.2039200,0.2039300,0.2036000,0.2038600,394052,1790102159999,80296.9978600,991,160818,32772.0869000,0
1790102160000,0.2038600,0.2039900,0.2035300,0.2036500,673826,1790102219999,137284.6175000,1224,162007,33015.9681900,0
1790102220000,0.2036500,0.2040800,0.2036200,0.2037900,376168,1790102279999,76685.9780900,992,245968,50133.3068600,0
1790102280000,0.2037800,0.2039200,0.2037700,0.2038800,242915,1790102339999,49514.6013900,637,170270,34707.2012700,0
1790102340000,0.2038800,0.2042400,0.2038200,0.2040200,704939,1790102399999,143821.0929600,1450,321624,65614.7891300,0
1790102400000,0.2040200,0.2040600,0.2038600,0.2040300,266987,1790102459999,54458.2637600,768,149626,30521.0091500,0
1790102460000,0.2040300,0.2040900,0.2035900,0.2037400,691122,1790102519999,140856.6570300,1067,168934,34436.8590100,0
1790102520000,0.2037400,0.2039100,0.2037300,0.2039000,113914,1790102579999,23220.8706000,439,86022,17535.1304000,0
1790102580000,0.2039000,0.2039800,0.2037800,0.2038400,347537,1790102639999,70865.8701300,679,198739,40521.8292500,0
1790102640000,0.2038400,0.2038700,0.2036700,0.2036700,262719,1790102699999,53537.8394900,500,89139,18166.7432100,0
1790102700000,0.2036600,0.2040500,0.2035400,0.2040300,432354,1790102759999,88100.3468800,1226,312353,63646.8296400,0
1790102760000,0.2040300,0.2040700,0.2039200,0.2039200,278508,1790102819999,56816.6914000,767,114395,23336.0968600,0
1790102820000,0.2039200,0.2039500,0.2037100,0.2039100,164172,1790102879999,33464.8740200,597,96143,19598.0573600,0
1790102880000,0.2039100,0.2040800,0.2038900,0.2039200,271501,1790102939999,55388.3360200,716,87730,17896.1391900,0
1790102940000,0.2039100,0.2041100,0.2038900,0.2040100,412118,1790102999999,84080.7490700,961,204645,41751.4083600,0
1790103000000,0.2040000,0.2040300,0.2038500,0.2039600,218347,1790103059999,44527.2223100,538,88405,18028.9000400,0
1790103060000,0.2039600,0.2040100,0.2038500,0.2038900,144386,1790103119999,29441.8188700,459,77663,15835.8891800,0
1790103120000,0.2038900,0.2042300,0.2037500,0.2040200,1132900,1790103179999,231126.4732100,1268,727506,148439.8137800,0
1790103180000,0.2040200,0.2042900,0.2039900,0.2040600,1536740,1790103239999,313623.8423700,2116,810449,165419.0515000,0
1790103240000,0.2040700,0.2042700,0.2037600,0.2038200,1238689,1790103299999,252735.0890600,1751,529083,107951.0407300,0
1790103300000,0.2038200,0.2041400,0.2037000,0.2039200,1581104,1790103359999,322442.8439000,2220,496887,101347.2445600,0
1790103360000,0.2039200,0.2039200,0.2036400,0.2036700,639395,1790103419999,130259.7821300,796,372681,75914.8031400,0
1790103420000,0.2036700,0.2038500,0.2036300,0.2038400,166337,1790103479999,33894.7923000,528,113619,23152.8622800,0
1790103480000,0.2038500,0.2047500,0.2038500,0.2040200,1431550,1790103539999,292344.5540000,2293,647847,132315.3524500,0
1790103540000,0.2040100,0.2041400,0.2037400,0.2038200,318279,1790103599999,64916.3191700,704,142960,29160.3884700,0
1790103600000,0.2038200,0.2044900,0.2037000,0.2040500,3703222,1790103659999,755926.6310500,5600,1136905,232102.4127000,0
1790103660000,0.2040300,0.2042700,0.2039500,0.2040200,1068750,1790103719999,218091.5462500,1966,341761,69739.6583300,0
1790103720000,0.2040300,0.2041100,0.2037600,0.2038800,667460,1790103779999,136095.7727200,1146,253003,51586.7845600,0
1790103780000,0.2038800,0.2039300,0.2037400,0.2037800,221715,1790103839999,45189.9369300,419,107787,21967.5509100,0
1790103840000,0.2037900,0.2039100,0.2037800,0.2039000,141402,1790103899999,28821.3473600,460,102424,20876.4856300,0
1790103900000,0.2039100,0.2043600,0.2039000,0.2040000,1111052,1790103959999,226745.7624600,1941,525196,107174.1113700,0
1790103960000,0.2040100,0.2041400,0.2039400,0.2040300,724262,1790104019999,147777.0453600,1697,254014,51829.3496800,0
1790104020000,0.2040400,0.2042400,0.2040000,0.2040300,785295,1790104079999,160251.9559200,2134,250421,51103.4101000,0
1790104080000,0.2040400,0.2050800,0.2039500,0.2050100,802806,1790104139999,164290.3130800,2274,571451,116958.4783900,0
1790104140000,0.2050100,0.2056400,0.2050100,0.2056200,583040,1790104199999,119693.1548100,1637,398540,81813.6720400,0
1790104200000,0.2056100,0.2056100,0.2052100,0.2052600,728738,1790104259999,149665.7511700,1604,202991,41692.8736000,0
1790104260000,0.2052500,0.2055000,0.2049500,0.2053900,707088,1790104319999,145146.0558000,1949,536450,110128.8537700,0
1790104320000,0.2053800,0.2055900,0.2052400,0.2053000,177759,1790104379999,36517.2263700,836,103652,21294.1665600,0
1790104380000,0.2053000,0.2054100,0.2050700,0.2052100,536340,1790104439999,110042.5924300,1212,186745,38318.3082300,0
1790104440000,0.2052100,0.2053700,0.2050000,0.2051800,741437,1790104499999,152084.9573200,1135,252247,51746.4487600,0
1790104500000,0.2051700,0.2055700,0.2051700,0.2055100,284209,1790104559999,58360.1727800,884,234936,48246.4122900,0
1790104560000,0.2055500,0.2059400,0.2055400,0.2059000,301624,1790104619999,62067.5186500,1014,182981,37649.3349400,0
1790104620000,0.2058900,0.2059500,0.2056000,0.2056700,490836,1790104679999,101008.0925800,997,140984,29013.7140300,0
1790104680000,0.2056600,0.2058800,0.2056300,0.2058800,385198,1790104739999,79257.3430400,834,248727,51179.9087700,0
1790104740000,0.2058700,0.2064400,0.2058200,0.2064000,929286,1790104799999,191593.2073000,1667,483001,99540.6732800,0
1790104800000,0.2064100,0.2074400,0.2063600,0.2069300,3363734,1790104859999,696405.2895000,3564,2077332,430194.3163900,0
1790104860000,0.2069300,0.2075400,0.2066400,0.2067600,1774452,1790104919999,367675.8856700,2287,1023077,212087.5272800,0
1790104920000,0.2067700,0.2068700,0.2066500,0.2067100,392666,1790104979999,81183.7797100,1135,151169,31256.0944700,0
1790104980000,0.2067000,0.2068900,0.2065700,0.2066900,275267,1790105039999,56900.4853200,1085,166578,34433.0804000,0
1790105040000,0.2066900,0.2068800,0.2063600,0.2063700,415277,1790105099999,85822.8482900,1180,202022,41765.8472500,0
1790105100000,0.2063700,0.2067400,0.2062900,0.2067300,626023,1790105159999,129289.6840400,1315,294721,60871.1550900,0
1790105160000,0.2067200,0.2070800,0.2067200,0.2070700,318411,1790105219999,65885.8953000,886,210428,43549.1530300,0
1790105220000,0.2070700,0.2072600,0.2070400,0.2072300,187654,1790105279999,38871.4093700,777,102089,21148.2257600,0
1790105280000,0.2072300,0.2073800,0.2071000,0.2071900,473594,1790105339999,98153.3153900,1190,170471,35336.2988100,0
1790105340000,0.2071900,0.2073800,0.2068900,0.2073500,359318,1790105399999,74435.6490400,1093,186467,38624.8856100,0
1790105400000,0.2073500,0.2075400,0.2071700,0.2074900,558129,1790105459999,115728.4783400,1246,424682,88056.9867800,0
1790105460000,0.2074900,0.2074900,0.2071300,0.2071700,418296,1790105519999,86703.7746100,1142,147919,30659.3460800,0
1790105520000,0.2071700,0.2072500,0.2068600,0.2069200,649010,1790105579999,134391.7721300,1386,414275,85788.2662500,0
1790105580000,0.2069200,0.2073400,0.2069100,0.2072000,340493,1790105639999,70530.7950100,1130,233147,48297.5055900,0
1790105640000,0.2072000,0.2075100,0.2070100,0.2074700,709471,1790105699999,147044.7779700,1404,504909,104651.4045300,0
1790105700000,0.2074700,0.2077500,0.2068300,0.2068700,1512461,1790105759999,313304.8969200,1621,253730,52648.8492200,0
1790105760000,0.2068600,0.2068700,0.2059500,0.2060400,913467,1790105819999,188484.0901500,1821,272473,56210.4744500,0
1790105820000,0.2060500,0.2062000,0.2052400,0.2053600,785964,1790105879999,161693.5341600,1692,242572,49960.4913000,0
1790105880000,0.2053700,0.2055200,0.2051000,0.2051600,479190,1790105939999,98350.3644600,1309,168680,34626.8251500,0
1790105940000,0.2051700,0.2061600,0.2051700,0.2055800,1395736,1790105999999,287149.8974700,2501,975848,200742.9583000,0
1790106000000,0.2055800,0.2064700,0.2055800,0.2062400,606928,1790106059999,125046.0028100,1510,433354,89287.5062400,0
1790106060000,0.2062400,0.2064100,0.2057900,0.2063500,524387,1790106119999,108077.8952800,1454,307946,63468.0469700,0
1790106120000,0.2063500,0.2069300,0.2063100,0.2068400,816845,1790106179999,168775.9541500,1898,602713,124552.3342900,0
1790106180000,0.2068500,0.2073200,0.2061600,0.2073100,2053391,1790106239999,424618.8202800,3121,1065544,220286.5544700,0
1790106240000,0.2073100,0.2073100,0.2067200,0.2070400,838155,1790106299999,173517.2581700,1833,389586,80651.4746200,0
1790106300000,0.2070400,0.2072100,0.2065400,0.2069200,592355,1790106359999,122569.9974100,1552,260391,53875.8065500,0
1790106360000,0.2069200,0.2073400,0.2068900,0.2070300,509510,1790106419999,105521.8631300,1242,268373,55582.8427200,0
1790106420000,0.2070400,0.2071600,0.2064500,0.2064700,430828,1790106479999,89091.2043700,1142,125153,25883.7644400,0
1790106480000,0.2064700,0.2067600,0.2063400,0.2065900,647887,1790106539999,133842.0742000,972,361496,74660.6779600,0
1790106540000,0.2065900,0.2069300,0.2065200,0.2068800,318359,1790106599999,65802.0824700,812,165727,34252.8269100,0
1790106600000,0.2068700,0.2070900,0.2066100,0.2069500,563615,1790106659999,116583.2662900,1237,301893,62457.8737900,0
1790106660000,0.2069400,0.2072400,0.2069400,0.2071800,317391,1790106719999,65745.3865400,936,137250,28427.4201500,0
1790106720000,0.2071900,0.2076000,0.2071900,0.2074600,698033,1790106779999,144823.4408100,1357,558217,115821.8681800,0
1790106780000,0.2074700,0.2074900,0.2068600,0.2068900,631536,1790106839999,130817.7948100,1298,190014,39349.7493100,0
1790106840000,0.2068800,0.2069200,0.2064500,0.2067800,692033,1790106899999,143013.2492800,1546,220782,45627.3265500,0
1790106900000,0.2067700,0.2067900,0.2064900,0.2066900,332939,1790106959999,68813.3882600,1062,113853,23530.8104800,0
1790106960000,0.2066800,0.2073400,0.2066200,0.2073400,327878,1790107019999,67868.5378700,917,251525,52072.6637300,0
1790107020000,0.2073500,0.2075800,0.2073300,0.2074300,261322,1790107079999,54212.7546900,914,147530,30606.6335000,0
1790107080000,0.2074400,0.2076900,0.2071500,0.2072900,1386529,1790107139999,287550.9139900,1676,543931,112860.4100700,0
1790107140000,0.2073000,0.2079000,0.2072500,0.2078200,652035,1790107199999,135408.7375300,1490,457201,94953.0746600,0
1790107200000,0.2078200,0.2079300,0.2074500,0.2074600,734251,1790107259999,152454.5545700,1418,337952,70173.1443200,0
1790107260000,0.2074500,0.2080900,0.2073900,0.2080700,597313,1790107319999,124148.8103600,1315,410622,85354.1249900,0
1790107320000,0.2080800,0.2095600,0.2079300,0.2091400,3839224,1790107379999,801783.2119400,4221,3061642,639432.1749600,0
1790107380000,0.2091500,0.2091700,0.2084800,0.2086900,647692,1790107439999,135184.2357100,1515,313873,65492.4379700,0
1790107440000,0.2086900,0.2086900,0.2079400,0.2080500,543313,1790107499999,113168.2854900,1512,148147,30848.5057600,0
1790107500000,0.2080500,0.2081300,0.2075500,0.2078700,659719,1790107559999,137136.7535600,1553,176764,36759.9378200,0
1790107560000,0.2078600,0.2078600,0.2073000,0.2073000,990043,1790107619999,205546.2467600,1524,151083,31363.5336200,0
1790107620000,0.2073000,0.2073000,0.2068700,0.2070200,447256,1790107679999,92616.4524400,1110,162095,33564.0473700,0
1790107680000,0.2070300,0.2070600,0.2067700,0.2070200,356848,1790107739999,73846.4356800,898,209476,43351.0815100,0
1790107740000,0.2070200,0.2071300,0.2061900,0.2065500,907654,1790107799999,187472.3022700,1924,242428,50098.3505300,0
1790107800000,0.2065600,0.2071100,0.2065200,0.2067800,1152785,1790107859999,238436.2112600,1619,848451,175504.4721300,0
1790107860000,0.2067800,0.2067900,0.2062700,0.2066100,462279,1790107919999,95444.3962300,1088,180612,37299.8890100,0
1790107920000,0.2066000,0.2066000,0.2063000,0.2064200,341165,1790107979999,70428.6934900,975,214111,44194.2336000,0
1790107980000,0.2064100,0.2065800,0.2061000,0.2061400,378584,1790108039999,78097.4709700,897,171597,35394.9851700,0
1790108040000,0.2061300,0.2064500,0.2059400,0.2063600,484152,1790108099999,99791.2737700,988,357821,73748.9190800,0
1790108100000,0.2063600,0.2070400,0.2062700,0.2070000,394311,1790108159999,81476.6504000,1221,243387,50286.3171500,0
1790108160000,0.2070000,0.2072600,0.2067200,0.2067400,331082,1790108219999,68545.7650500,980,171556,35518.9520900,0
1790108220000,0.2067200,0.2069000,0.2066200,0.2069000,270814,1790108279999,55999.8469500,797,147495,30498.0583300,0
1790108280000,0.2068900,0.2071500,0.2067700,0.2071500,294527,1790108339999,60948.0349000,777,170052,35194.1560300,0
1790108340000,0.2071500,0.2074600,0.2068400,0.2068400,682863,1790108399999,141549.5379500,1442,504946,104682.4029500,0
1790108400000,0.2068400,0.2073000,0.2067400,0.2072900,213627,1790108459999,44213.7180000,855,125232,25927.1488600,0
1790108460000,0.2073000,0.2076500,0.2069000,0.2074900,1221233,1790108519999,253152.4450800,1929,882359,182965.2915600,0
1790108520000,0.2075000,0.2080400,0.2074600,0.2078900,442150,1790108579999,91906.5380600,1230,215045,44695.4621500,0
1790108580000,0.2079000,0.2079800,0.2076200,0.2076200,137577,1790108639999,28587.5340400,755,62286,12939.6246700,0
1790108640000,0.2076100,0.2080700,0.2073400,0.2080300,259852,1790108699999,53977.6874900,987,184868,38401.3309200,0
1790108700000,0.2080400,0.2081400,0.2079300,0.2081000,333541,1790108759999,69394.9379400,805,114324,23786.9296200,0
1790108760000,0.2081100,0.2082200,0.2078200,0.2080300,604913,1790108819999,125851.3560700,1261,395032,82194.0673900,0
1790108820000,0.2080200,0.2080500,0.2073100,0.2075900,813717,1790108879999,168965.0507700,1201,312690,64872.7333200,0
1790108880000,0.2076000,0.2078900,0.2075900,0.2078700,192945,1790108939999,40077.9825300,525,120472,25022.5283900,0
1790108940000,0.2078800,0.2083700,0.2078800,0.2079200,836102,1790108999999,174011.4180600,1542,411610,85661.2813100,0
1790109000000,0.2079200,0.2081800,0.2079200,0.2079800,339859,1790109059999,70711.9220700,992,114342,23787.3433400,0
1790109060000,0.2079700,0.2080500,0.2077700,0.2079200,205116,1790109119999,42643.5300000,770,60628,12604.3597300,0
1790109120000,0.2079300,0.2081400,0.2079300,0.2080000,197121,1790109179999,41005.6306100,678,63616,13232.0986100,0
1790109180000,0.2080000,0.2086200,0.2079900,0.2086100,581942,1790109239999,121249.5935500,1004,509072,106078.5840600,0
1790109240000,0.2086200,0.2091000,0.2086100,0.2087800,594487,1790109299999,124168.9055200,1454,297089,62056.8608600,0
1790109300000,0.2087900,0.2088500,0.2084700,0.2086700,254085,1790109359999,53003.3525700,862,97751,20387.4590800,0
1790109360000,0.2086800,0.2090000,0.2086800,0.2087900,377738,1790109419999,78893.8172700,894,221276,46214.7662100,0
1790109420000,0.2087900,0.2088100,0.2083500,0.2084200,443611,1790109479999,92533.2810300,1250,274637,57285.8885800,0
1790109480000,0.2084300,0.2084300,0.2080200,0.2082400,213054,1790109539999,44361.3934400,718,93126,19388.2114000,0
1790109540000,0.2082400,0.2085500,0.2082100,0.2083100,273613,1790109599999,57018.0779200,838,135939,28324.8719900,0
1790109600000,0.2083100,0.2084000,0.2082000,0.2082200,166335,1790109659999,34644.8197000,592,112364,23402.2471200,0
1790109660000,0.2082100,0.2083900,0.2082000,0.2082700,217252,1790109719999,45255.0744300,586,84591,17617.2104600,0
1790109720000,0.2082700,0.2086400,0.2082400,0.2086400,260692,1790109779999,54347.8275500,900,135438,28228.9246700,0
1790109780000,0.2086300,0.2086700,0.2083800,0.2084200,122878,1790109839999,25620.3441400,488,65186,13589.3454400,0
1790109840000,0.2084100,0.2084100,0.2081500,0.2081500,284901,1790109899999,59325.5919100,734,82532,17185.7865400,0
1790109900000,0.2081500,0.2082500,0.2079900,0.2082500,669048,1790109959999,139190.8836700,730,210884,43884.4016000,0
1790109960000,0.2082400,0.2087100,0.2082400,0.2083900,667332,1790110019999,139161.8668400,815,129019,26893.7823500,0
1790110020000,0.2084000,0.2085800,0.2083600,0.2084000,295877,1790110079999,61681.2038800,695,187011,38986.2224900,0
1790110080000,0.2084000,0.2087600,0.2082900,0.2085200,381461,1790110139999,79540.9889400,938,206633,43090.5436100,0
1790110140000,0.2085200,0.2089500,0.2085200,0.2088300,661272,1790110199999,138042.6355300,1197,474667,99075.6084400,0
1790110200000,0.2088200,0.2091400,0.2086100,0.2090500,509174,1790110259999,106397.7679100,1271,285312,59617.3256600,0
1790110260000,0.2090400,0.2090400,0.2083500,0.2085300,540423,1790110319999,112766.0537700,1052,122859,25615.8873200,0
1790110320000,0.2085300,0.2086300,0.2081200,0.2081900,147937,1790110379999,30822.2034300,786,74448,15511.8841500,0
1790110380000,0.2081900,0.2081900,0.2077800,0.2079600,305705,1790110439999,63580.7610800,912,98196,20417.4206100,0
1790110440000,0.2079500,0.2085800,0.2076700,0.2083000,1712153,1790110499999,356445.2663100,2137,1302690,271244.2550200,0
1790110500000,0.2082900,0.2091500,0.2081500,0.2088700,1441166,1790110559999,300991.8286100,1870,1167897,243911.3150600,0
1790110560000,0.2088700,0.2089400,0.2085900,0.2086800,225587,1790110619999,47101.1090000,814,109241,22810.9117200,0
1790110620000,0.2086800,0.2088200,0.2085900,0.2086500,603057,1790110679999,125838.3619000,760,70149,14638.8305800,0
1790110680000,0.2086600,0.2088600,0.2085200,0.2088400,241994,1790110739999,50490.3393500,663,162998,34009.7672700,0
1790110740000,0.2088500,0.2088500,0.2081300,0.2086100,679943,1790110799999,141744.8824600,1697,424055,88379.3816200,0
1790110800000,0.2086100,0.2088400,0.2084400,0.2084400,245316,1790110859999,51193.8417300,845,57947,12092.7660400,0
1790110860000,0.2084400,0.2091500,0.2083900,0.2091500,199153,1790110919999,41557.4166200,792,133804,27927.6572800,0
1790110920000,0.2091600,0.2095600,0.2090900,0.2095200,613838,1790110979999,128495.6435800,1463,233946,48979.8576400,0
1790110980000,0.2095200,0.2095900,0.2086300,0.2086600,882344,1790111039999,184618.5693700,2162,283027,59221.1180000,0
1790111040000,0.2086700,0.2090800,0.2086500,0.2089600,260103,1790111099999,54317.8114500,861,149725,31265.6221600,0
1790111100000,0.2089700,0.2090900,0.2087100,0.2089900,255104,1790111159999,53287.5712300,862,100645,21020.1603300,0
1790111160000,0.2089800,0.2090400,0.2088600,0.2088800,192808,1790111219999,40285.6477100,565,38196,7980.6087400,0
1790111220000,0.2088600,0.2088600,0.2084600,0.2086600,229713,1790111279999,47922.0816300,910,81434,16987.3525000,0
1790111280000,0.2086700,0.2091600,0.2086300,0.2091300,219082,1790111339999,45763.9180900,698,88409,18470.4640500,0
1790111340000,0.2091300,0.2095500,0.2085700,0.2085700,1044139,1790111399999,218365.2450400,1899,330564,69136.6773600,0
1790111400000,0.2085800,0.2085800,0.2082700,0.2082800,237446,1790111459999,49490.9001300,718,83600,17427.5885500,0
1790111460000,0.2082800,0.2085100,0.2081600,0.2083800,315263,1790111519999,65683.5054500,641,156486,32614.4590300,0
1790111520000,0.2083700,0.2084400,0.2080600,0.2082300,199938,1790111579999,41637.3696700,695,56639,11794.8998200,0
1790111580000,0.2082300,0.2082500,0.2078300,0.2081100,775169,1790111639999,161242.9678800,1352,246125,51205.6513600,0
1790111640000,0.2081000,0.2082700,0.2079800,0.2081800,159119,1790111699999,33116.7963700,548,102646,21361.4735700,0
1790111700000,0.2081700,0.2081700,0.2078600,0.2079500,175724,1790111759999,36541.2586600,456,94964,19744.5420600,0
1790111760000,0.2079400,0.2079400,0.2077800,0.2078600,217024,1790111819999,45109.7971900,541,99879,20758.7726100,0
1790111820000,0.2078500,0.2083000,0.2077800,0.2082800,181733,1790111879999,37810.6728900,555,113822,23676.7502400,0
1790111880000,0.2082800,0.2083800,0.2081400,0.2082800,250508,1790111939999,52178.1477300,703,129383,26949.9860100,0
1790111940000,0.2082800,0.2085400,0.2080800,0.2080800,161911,1790111999999,33729.4775100,629,57668,12013.4992800,0
1790112000000,0.2080800,0.2083600,0.2079800,0.2079800,263714,1790112059999,54901.0304800,679,90540,18845.5655400,0
1790112060000,0.2079800,0.2080300,0.2077000,0.2078100,189772,1790112119999,39448.6444800,571,82641,17178.6405400,0
1790112120000,0.2078100,0.2078100,0.2072200,0.2073700,859636,1790112179999,178311.2791500,1073,53238,11049.6701000,0
1790112180000,0.2073700,0.2074800,0.2071600,0.2073100,478055,1790112239999,99118.6775400,777,204415,42390.3202800,0
1790112240000,0.2073200,0.2073400,0.2072800,0.2072900,157454,1790112299999,32640.7936100,209,71192,14758.1251200,0
1790112300000,0.2073000,0.2073900,0.2070000,0.2071700,560606,1790112359999,116121.9191800,776,182613,37826.9496600,0
1790112360000,0.2071800,0.2074700,0.2069800,0.2073800,650202,1790112419999,134681.6725800,1257,274884,56944.3358500,0
1790112420000,0.2073900,0.2079600,0.2073900,0.2076200,1132250,1790112479999,235107.4714500,1336,854768,177486.4035900,0
1790112480000,0.2076200,0.2081000,0.2076200,0.2079600,203775,1790112539999,42372.7031900,512,117119,24347.4302800,0
1790112540000,0.2079600,0.2080500,0.2075500,0.2076900,829556,1790112599999,172402.0634000,827,284000,59052.0296300,0
1790112600000,0.2076700,0.2078000,0.2075200,0.2076700,127108,1790112659999,26394.4043100,477,47987,9964.4527900,0
1790112660000,0.2076800,0.2080900,0.2076800,0.2080900,248943,1790112719999,51773.8321800,630,137813,28657.4147100,0
1790112720000,0.2081000,0.2083600,0.2079200,0.2081600,473246,1790112779999,98479.8970300,905,178839,37217.3216600,0
1790112780000,0.2081600,0.2081700,0.2079600,0.2081500,145249,1790112839999,30229.7910400,404,56601,11779.5200300,0
1790112840000,0.2081600,0.2084200,0.2081600,0.2083000,184328,1790112899999,38400.9723700,569,110905,23104.8212700,0
1790112900000,0.2083000,0.2084200,0.2082800,0.2083700,72402,1790112959999,15085.6959200,245,28154,5866.6115400,0
1790112960000,0.2083700,0.2088500,0.2082600,0.2088500,851672,1790113019999,177649.9314000,906,659161,137494.3299300,0
1790113020000,0.2088500,0.2088900,0.2086100,0.2086700,145372,1790113079999,30352.2184100,496,67216,14033.8942700,0
1790113080000,0.2086800,0.2087300,0.2085100,0.2085700,145310,1790113139999,30310.5858600,336,63088,13158.2491000,0
1790113140000,0.2085700,0.2086700,0.2082900,0.2082900,169726,1790113199999,35393.0554300,425,62290,12993.7793800,0
1790113200000,0.2082800,0.2082800,0.2076800,0.2079000,392443,1790113259999,81590.1398000,814,153639,31934.4757100,0
1790113260000,0.2078900,0.2082000,0.2078900,0.2081800,110189,1790113319999,22918.7668200,313,75861,15779.4412100,0
1790113320000,0.2081800,0.2082400,0.2079300,0.2081100,159989,1790113379999,33290.6483100,405,35792,7444.7735400,0
1790113380000,0.2081100,0.2082100,0.2078800,0.2078800,233643,1790113439999,48629.2041600,332,141022,29355.9126300,0
1790113440000,0.2078800,0.2079000,0.2078100,0.2079000,77926,1790113499999,16197.9192600,175,61777,12841.0904000,0
1790113500000,0.2079100,0.2083600,0.2079100,0.2083600,75297,1790113559999,15669.9874800,274,67594,14067.3361600,0
1790113560000,0.2083600,0.2086900,0.2083500,0.2086700,214789,1790113619999,44796.9325400,322,112183,23390.4660400,0
1790113620000,0.2086800,0.2088000,0.2086600,0.2087100,150742,1790113679999,31463.9939700,333,61723,12883.1139400,0
1790113680000,0.2087100,0.2087100,0.2083700,0.2085500,137197,1790113739999,28611.7533300,425,56657,11811.2363000,0
1790113740000,0.2085500,0.2090100,0.2085500,0.2090000,262158,1790113799999,54739.2499900,446,155140,32383.2879700,0
1790113800000,0.2090100,0.2090500,0.2088000,0.2089600,170364,1790113859999,35594.0622900,397,65369,13657.0110100,0
1790113860000,0.2089800,0.2095200,0.2088900,0.2095100,380337,1790113919999,79542.7152000,673,167501,35039.5773400,0
1790113920000,0.2095200,0.2096200,0.2092400,0.2093400,699715,1790113979999,146525.6659200,729,309979,64907.4719100,0
1790113980000,0.2093200,0.2094600,0.2092200,0.2094000,192586,1790114039999,40321.1010700,374,145753,30516.9261000,0
1790114040000,0.2093900,0.2093900,0.2090300,0.2091300,350357,1790114099999,73283.5869800,444,75105,15706.9268900,0
1790114100000,0.2091300,0.2093600,0.2091200,0.2092300,174926,1790114159999,36601.2279300,428,75030,15698.5401000,0
1790114160000,0.2092300,0.2095400,0.2091900,0.2093100,397699,1790114219999,83262.5041900,580,102335,21425.7360600,0
1790114220000,0.2093100,0.2093500,0.2086300,0.2091500,891589,1790114279999,186332.7707600,1335,363596,75970.0895300,0
1790114280000,0.2091500,0.2091500,0.2088600,0.2088900,84649,1790114339999,17684.7121900,319,42069,8787.4877900,0
1790114340000,0.2088900,0.2088900,0.2086600,0.2087200,265920,1790114399999,55513.6376000,698,66673,13918.5380400,0
1790114400000,0.2087200,0.2093200,0.2087000,0.2093200,620478,1790114459999,129713.8214400,1058,535832,112016.4581200,0
1790114460000,0.2093200,0.2093700,0.2088400,0.2088400,576582,1790114519999,120568.1579800,1059,99599,20831.4690100,0
1790114520000,0.2088300,0.2088900,0.2081400,0.2083000,628652,1790114579999,131097.4425600,1833,255211,53215.5536700,0
1790114580000,0.2082900,0.2087100,0.2076200,0.2085500,1193649,1790114639999,248420.7864200,2379,632757,131711.8662100,0
1790114640000,0.2085500,0.2086300,0.2080200,0.2082100,459568,1790114699999,95746.3632200,1653,207785,43288.8586500,0
1790114700000,0.2082100,0.2089400,0.2082000,0.2089000,496835,1790114759999,103609.0589800,1214,269516,56232.5599800,0
1790114760000,0.2089000,0.2094400,0.2088700,0.2090600,582205,1790114819999,121781.8825000,1379,315089,65900.1705000,0
1790114820000,0.2090700,0.2092700,0.2087600,0.2091500,451275,1790114879999,94322.4304400,1348,292057,61040.1802100,0
1790114880000,0.2091800,0.2095600,0.2091400,0.2094800,831746,1790114939999,174123.8900000,1476,462648,96851.7474300,0
1790114940000,0.2094900,0.2095900,0.2090400,0.2091100,814612,1790114999999,170501.9105800,2008,327596,68572.9449800,0
1790115000000,0.2091000,0.2091500,0.2085400,0.2088000,579955,1790115059999,121106.6093500,1409,296764,61975.3701000,0
1790115060000,0.2088000,0.2091900,0.2086300,0.2090200,318678,1790115119999,66563.4732700,1102,176281,36817.2911600,0
1790115120000,0.2090100,0.2090700,0.2086100,0.2088300,363386,1790115179999,75873.2788900,1103,139771,29184.1673700,0
1790115180000,0.2088300,0.2088600,0.2082600,0.2086900,934956,1790115239999,194890.4333700,1422,189722,39570.2793100,0
1790115240000,0.2087000,0.2090600,0.2085300,0.2089600,961647,1790115299999,200741.0698200,758,818633,170883.0147200,0
1790115300000,0.2089500,0.2089600,0.2083900,0.2088600,913297,1790115359999,190516.3239600,1878,84876,17713.4531000,0
1790115360000,0.2088700,0.2094300,0.2088200,0.2092800,475834,1790115419999,99535.4725800,1395,320985,67151.9834200,0
1790115420000,0.2093300,0.2098000,0.2092100,0.2093400,1092976,1790115479999,228959.6476800,1851,428958,89835.8596300,0
1790115480000,0.2093500,0.2104800,0.2093500,0.2103800,3042451,1790115539999,638965.4515600,3707,2160721,453918.0243200,0
1790115540000,0.2103700,0.2116300,0.2103600,0.2113900,3199452,1790115599999,674888.9221200,4234,1973631,416347.2299300,0
1790115600000,0.2114000,0.2116900,0.2110600,0.2110800,1330067,1790115659999,281219.1500300,2207,558298,118059.4949400,0
1790115660000,0.2110800,0.2111600,0.2106700,0.2110200,937202,1790115719999,197722.1080900,1800,413391,87222.9810500,0
1790115720000,0.2110200,0.2111800,0.2108400,0.2111000,583174,1790115779999,123060.0114100,1521,388909,82071.7599400,0
1790115780000,0.2111100,0.2117300,0.2103200,0.2112300,4952732,1790115839999,1044758.6549100,4367,1405786,296625.0240100,0
1790115840000,0.2112400,0.2117000,0.2111000,0.2116800,1087326,1790115899999,229876.7428600,2158,744626,157446.8883000,0
1790115900000,0.2116700,0.2116900,0.2110800,0.2112900,840229,1790115959999,177540.3769900,1551,527651,111488.5539500,0
1790115960000,0.2112900,0.2118200,0.2111900,0.2116800,1492526,1790116019999,315721.5873900,1951,1073230,227017.9737200,0
1790116020000,0.2116800,0.2119800,0.2114500,0.2118100,680072,1790116079999,144013.9550900,1636,284183,60183.6049700,0
1790116080000,0.2118100,0.2120900,0.2115000,0.2119200,1695019,1790116139999,359016.5003300,1735,603161,127814.1352800,0
1790116140000,0.2119300,0.2119500,0.2111300,0.2111900,862575,1790116199999,182440.5235100,1236,170829,36154.5794700,0
1790116200000,0.2112000,0.2115000,0.2111400,0.2114400,441734,1790116259999,93346.2236000,1225,240163,50747.5400000,0
1790116260000,0.2114300,0.2121600,0.2114200,0.2120200,1003553,1790116319999,212604.4323200,1538,717718,152057.3166800,0
1790116320000,0.2120100,0.2128800,0.2120100,0.2124800,2158331,1790116379999,458593.3386500,2488,1490129,316696.1246800,0
1790116380000,0.2124800,0.2124800,0.2120100,0.2121100,536933,1790116439999,113920.1679000,969,279899,59381.5639700,0
1790116440000,0.2121200,0.2123100,0.2119000,0.2119000,672533,1790116499999,142617.9738600,1065,133093,28237.5678400,0
1790116500000,0.2119000,0.2122200,0.2117900,0.2121900,1274477,1790116559999,270132.2734200,1513,304603,64591.2644900,0
1790116560000,0.2121900,0.2122200,0.2118000,0.2121100,520367,1790116619999,110344.6756500,1080,194032,41139.8610200,0
1790116620000,0.2121100,0.2122600,0.2118100,0.2119000,257533,1790116679999,54589.7062200,997,156342,33136.1385200,0
1790116680000,0.2119000,0.2123500,0.2118900,0.2122700,550378,1790116739999,116805.4532000,1090,347674,73777.9469900,0
1790116740000,0.2122600,0.2125800,0.2120800,0.2125800,1188850,1790116799999,252452.6314100,1677,789537,167654.0084700,0
1790116800000,0.2125900,0.2129100,0.2125600,0.2125800,920246,1790116859999,195779.2402300,1736,351274,74732.0859800,0
1790116860000,0.2125900,0.2127600,0.2124200,0.2125000,696435,1790116919999,148024.2213500,1105,167185,35536.3536600,0
1790116920000,0.2124900,0.2129300,0.2124200,0.2124400,772172,1790116979999,164215.8225600,1514,277531,59041.8807900,0
1790116980000,0.2124300,0.2134300,0.2123100,0.2133800,2577840,1790117039999,549139.0782000,3439,1750892,372930.0204700,0
1790117040000,0.2133900,0.2140000,0.2132800,0.2139600,3368829,1790117099999,719991.6665300,2856,2207111,471870.8339300,0
1790117100000,0.2139700,0.2149000,0.2139700,0.2148300,2550275,1790117159999,546871.2202400,3059,1490552,319564.0827400,0
1790117160000,0.2148200,0.2164100,0.2147200,0.2162000,5120070,1790117219999,1103555.8097000,4408,3449236,743264.7330500,0
1790117220000,0.2162000,0.2165900,0.2160400,0.2162700,2106518,1790117279999,455652.6423400,2831,855259,185004.7647700,0
1790117280000,0.2162600,0.2166300,0.2160100,0.2161700,2423919,1790117339999,524298.2487300,3347,1072882,232095.4921000,0
1790117340000,0.2161800,0.2173400,0.2161800,0.2170800,3962754,1790117399999,859384.9068600,4607,2361101,512138.5349400,0
1790117400000,0.2170900,0.2171900,0.2160100,0.2163500,1792239,1790117459999,388147.3115700,3721,457139,99002.5779900,0
1790117460000,0.2163600,0.2171100,0.2162700,0.2164700,2287654,1790117519999,495609.2722700,3287,867693,188043.0469700,0
1790117520000,0.2164800,0.2168100,0.2161700,0.2162000,1316163,1790117579999,284962.4534000,2513,578343,125200.8727200,0
1790117580000,0.2162000,0.2165700,0.2160500,0.2161800,785867,1790117639999,169951.3759900,1770,424144,91710.0244500,0
1790117640000,0.2161700,0.2172700,0.2157300,0.2165000,3520163,1790117699999,761890.1495400,4470,1090142,235992.8477600,0
1790117700000,0.2164900,0.2174400,0.2164900,0.2172600,1815154,1790117759999,394075.6543000,2882,892701,193757.0961400,0
1790117760000,0.2172700,0.2172900,0.2166600,0.2167900,2323182,1790117819999,503968.6529400,2026,850381,184458.9634000,0
1790117820000,0.2167900,0.2169600,0.2164400,0.2164600,1100179,1790117879999,238412.1772400,1881,440964,95559.3846000,0
1790117880000,0.2164600,0.2165700,0.2159300,0.2162200,997713,1790117939999,215804.8684900,1651,281717,60950.1746900,0
1790117940000,0.2162200,0.2163100,0.2155800,0.2161500,1181150,1790117999999,255003.7935900,1946,441836,95420.0316800,0
1790118000000,0.2161600,0.2163700,0.2155600,0.2157600,1805823,1790118059999,390118.9772700,2889,486380,105086.9069900,0
1790118060000,0.2157600,0.2167200,0.2154100,0.2167200,2521422,1790118119999,544393.0047100,3368,859645,185630.7336900,0
1790118120000,0.2167300,0.2170700,0.2163300,0.2169100,1811923,1790118179999,392675.8057700,2312,768008,166474.6153700,0
1790118180000,0.2169100,0.2182000,0.2169100,0.2179000,5151645,1790118239999,1121057.5736900,6142,2473390,538120.7679100,0
1790118240000,0.2179100,0.2179800,0.2170400,0.2173100,1361629,1790118299999,295986.1894900,2953,626927,136228.5865700,0
1790118300000,0.2173200,0.2173700,0.2165100,0.2172900,2230353,1790118359999,483697.8521400,3956,843067,182870.8759400,0
1790118360000,0.2172900,0.2177300,0.2169700,0.2171200,1481376,1790118419999,322017.0059400,2767,739461,160742.0387100,0
1790118420000,0.2171200,0.2178100,0.2163200,0.2177800,1970556,1790118479999,427567.4904200,3224,627249,136263.4467800,0
1790118480000,0.2177800,0.2182400,0.2174800,0.2182300,1755628,1790118539999,382513.2844200,2792,722704,157537.4761200,0
1790118540000,0.2182500,0.2193700,0.2182500,0.2193300,3252736,1790118599999,711754.8600100,5354,2061887,451190.0466300,0
1790118600000,0.2193600,0.2198200,0.2184600,0.2186100,3339134,1790118659999,731588.0543500,5541,1226900,268981.7852200,0
1790118660000,0.2186100,0.2188900,0.2182700,0.2188700,1279438,1790118719999,279714.0521400,3362,470295,102827.6187600,0
1790118720000,0.2188600,0.2196200,0.2186600,0.2187500,2136506,1790118779999,468104.8275700,4286,1085948,237971.1538300,0
1790118780000,0.2187400,0.2190300,0.2180800,0.2186100,1628889,1790118839999,356106.0491400,3860,536463,117294.1899100,0
1790118840000,0.2186200,0.2188900,0.2182700,0.2184600,766049,1790118899999,167404.8657200,2049,265401,57997.3756500,0
1790118900000,0.2184700,0.2187400,0.2182000,0.2186300,1049334,1790118959999,229262.9236100,2816,386117,84377.0526600,0
1790118960000,0.2186400,0.2193600,0.2186400,0.2189200,845788,1790119019999,185201.3767800,2553,407560,89235.8649500,0
1790119020000,0.2189100,0.2195800,0.2185100,0.2191700,837330,1790119079999,183511.7236700,2600,401647,88026.0295200,0
1790119080000,0.2191600,0.2198900,0.2190700,0.2197400,847956,1790119139999,186224.3820900,2661,430054,94457.0428000,0
1790119140000,0.2197300,0.2198900,0.2193700,0.2197100,639345,1790119199999,140446.5200300,1970,382140,83958.8624900,0
1790119200000,0.2197100,0.2202600,0.2192400,0.2200100,2827225,1790119259999,621672.3681000,4018,1849812,406800.3533400,0
1790119260000,0.2200100,0.2211600,0.2197700,0.2210000,3068759,1790119319999,676409.5853000,4834,1803986,397809.5731300,0
1790119320000,0.2210000,0.2213200,0.2207200,0.2211600,2135034,1790119379999,471904.5930500,3500,654465,144690.8317500,0
1790119380000,0.2211700,0.2212400,0.2199800,0.2200900,1998753,1790119439999,440907.8068100,3922,375046,82744.9306600,0
1790119440000,0.2200900,0.2202800,0.2195200,0.2196400,1459670,1790119499999,321004.2427800,3140,585279,128754.3284500,0
1790119500000,0.2196500,0.2197000,0.2188900,0.2191900,1977574,1790119559999,433306.5457200,3740,509211,111614.0038800,0
1790119560000,0.2192000,0.2196200,0.2189000,0.2193900,1588510,1790119619999,348290.8670300,2866,800946,175713.3500900,0
1790119620000,0.2193800,0.2195100,0.2188700,0.2188800,746935,1790119679999,163777.3222700,2252,380355,83413.1971300,0
1790119680000,0.2188800,0.2198400,0.2187700,0.2196700,1753947,1790119739999,384927.6738500,3287,1276039,280084.4083300,0
1790119740000,0.2196600,0.2197200,0.2191300,0.2195800,779864,1790119799999,171121.1729500,1712,322393,70731.9054100,0
1790119800000,0.2195700,0.2197400,0.2189600,0.2192400,1054845,1790119859999,231321.3710000,2080,225668,49515.9605000,0
1790119860000,0.2192400,0.2198700,0.2173600,0.2177500,3543358,1790119919999,773780.9012100,4995,958357,209188.8947700,0
1790119920000,0.2177600,0.2178200,0.2166000,0.2168100,2951884,1790119979999,641213.6462400,5326,1047847,227754.1857200,0
1790119980000,0.2168200,0.2171600,0.2164300,0.2169300,2199040,1790120039999,476609.4015300,3807,967561,209720.7212400,0
1790120040000,0.2169300,0.2174600,0.2168700,0.2173500,2075850,1790120099999,450714.9854300,3392,1264377,274538.4645800,0
1790120100000,0.2173500,0.2180200,0.2171400,0.2173700,1832463,1790120159999,398668.3149400,3399,1336512,290777.8743600,0
1790120160000,0.2173800,0.2182200,0.2172900,0.2179000,697409,1790120219999,151884.0490200,1977,376699,82037.4366600,0
1790120220000,0.2178900,0.2180000,0.2171800,0.2172700,787316,1790120279999,171286.0578300,1647,207032,45053.1082600,0
1790120280000,0.2172700,0.2175000,0.2170900,0.2173400,495863,1790120339999,107749.6899500,1433,288656,62721.1347700,0
1790120340000,0.2173400,0.2177500,0.2169400,0.2170900,835197,1790120399999,181494.5591400,1775,336406,73109.6684300,0
1790120400000,0.2170900,0.2173000,0.2168000,0.2172400,490448,1790120459999,106424.0448800,1455,224770,48777.9576600,0
1790120460000,0.2172300,0.2174300,0.2169200,0.2169300,694162,1790120519999,150717.0905400,1522,163642,35541.3254100,0
1790120520000,0.2169200,0.2169900,0.2166800,0.2168000,713227,1790120579999,154622.8160000,1609,407864,88427.7770800,0
1790120580000,0.2168100,0.2174700,0.2167500,0.2169500,1297275,1790120639999,281603.8295400,2408,752103,163243.8882300,0
1790120640000,0.2169500,0.2170500,0.2167500,0.2169600,451811,1790120699999,98001.2109800,1203,188340,40855.7331300,0
1790120700000,0.2169600,0.2176200,0.2169600,0.2172700,559298,1790120759999,121544.2228400,1496,278213,60450.8340000,0
1790120760000,0.2172600,0.2190400,0.2171200,0.2185100,5994528,1790120819999,1307298.8500000,5907,4711972,1027738.5996200,0
1790120820000,0.2185000,0.2185000,0.2175900,0.2177700,658608,1790120879999,143629.6279800,2115,275480,60089.5315500,0
1790120880000,0.2177600,0.2177600,0.2169500,0.2171400,733748,1790120939999,159380.0425700,1739,246040,53459.9869300,0
1790120940000,0.2171000,0.2172200,0.2161000,0.2164900,1646438,1790120999999,356477.1855000,2829,511774,110815.0261400,0
1790121000000,0.2165000,0.2171900,0.2162400,0.2168800,1242668,1790121059999,269299.7458500,2488,845126,183160.1862500,0
1790121060000,0.2168800,0.2177600,0.2167900,0.2176400,990904,1790121119999,215305.1462300,2081,625071,135837.7022400,0
1790121120000,0.2176300,0.2176700,0.2171300,0.2171700,437434,1790121179999,95086.3170700,1097,189304,41159.3391300,0
1790121180000,0.2171600,0.2171600,0.2162400,0.2162400,499293,1790121239999,108148.2987100,1202,103796,22489.4988600,0
1790121240000,0.2162300,0.2164800,0.2161300,0.2164500,340730,1790121299999,73697.8460900,1186,140895,30474.7895200,0
1790121300000,0.2164400,0.2167200,0.2160400,0.2163200,1040360,1790121359999,225061.8775800,2043,417372,90332.2858300,0
1790121360000,0.2163300,0.2166300,0.2163200,0.2166000,345133,1790121419999,74702.3113300,1219,188183,40729.1162100,0
1790121420000,0.2166100,0.2167700,0.2164600,0.2166700,285548,1790121479999,61851.6723000,1141,147778,32008.2014700,0
1790121480000,0.2166600,0.2166600,0.2161700,0.2163400,400322,1790121539999,86609.1107900,1237,144779,31325.7058100,0
1790121540000,0.2163300,0.2165700,0.2161000,0.2165300,495859,1790121599999,107291.0754500,1272,310206,67122.4437100,0
