open_time,open,high,low,close,volume,close_time,quote_volume,count,taker_buy_volume,taker_buy_quote_volume,ignore
1753401600000,0.4716000,0.4950000,0.4647000,0.4907000,324553692,1753415999999,155041267.9979000,340166,161648119,77295664.3265000,0
1753416000000,0.4906000,0.5117000,0.4742000,0.5055000,441319599,1753430399999,218852028.7258000,433924,225910742,112088705.8770000,0
1753430400000,0.5056000,0.5804000,0.5025000,0.5673000,926083350,1753444799999,510630922.3443000,987781,472406665,260233920.3987000,0
1753444800000,0.5672000,0.5885000,0.5436000,0.5661000,872230301,1753459199999,492128439.6717000,884622,418342403,236272744.8682000,0
1753459200000,0.5661000,0.5689000,0.5313000,0.5397000,432155160,1753473599999,235429691.2243000,466994,210451060,114689170.6333000,0
1753473600000,0.5397000,0.6248000,0.5355000,0.6028000,681525548,1753487999999,402531797.1982000,775524,356546804,210225851.9967000,0
