open_time,open,high,low,close,volume,close_time,quote_volume,count,taker_buy_volume,taker_buy_quote_volume,ignore
1770508800000,0.1263000,0.1264000,0.1242000,0.1243000,43361434,1770523199999,5435032.5449000,23345,18142916,2274686.6548000,0
1770523200000,0.1244000,0.1251000,0.1231000,0.1242000,41301165,1770537599999,5129379.4467000,20347,19752863,2454052.8686000,0
1770537600000,0.1243000,0.1263000,0.1229000,0.1253000,107706428,1770551999999,13427728.9611000,38975,55967816,6979068.2847000,0
1770552000000,0.1253000,0.1254000,0.1220000,0.1227000,104671950,1770566399999,12961675.7834000,35828,48591374,6022243.3517000,0
1770566400000,0.1226000,0.1229000,0.1198000,0.1214000,114080062,1770580799999,13819222.8042000,38735,54100255,6556810.9844000,0
1770580800000,0.1214000,0.1233000,0.1191000,0.1202000,118004577,1770595199999,14213592.1550000,44581,58050770,6995862.9454000,0
