open_time,open,high,low,close,volume,close_time,quote_volume,count,taker_buy_volume,taker_buy_quote_volume,ignore
1750550400000,0.2500000,0.2555000,0.2442000,0.2458000,187531550,1750564799999,46854790.7392000,116578,92930928,23232909.6897000,0
1750564800000,0.2459000,0.2507000,0.2449000,0.2480000,106536531,1750579199999,26458562.7483000,71009,56201203,13959691.9275000,0
1750579200000,0.2481000,0.2484000,0.2386000,0.2445000,226396631,1750593599999,55057286.1586000,110604,111530268,27136173.8945000,0
1750593600000,0.2445000,0.2464000,0.2252000,0.2307000,619993028,1750607999999,144558016.7823000,243267,293037245,68322912.5524000,0
1750608000000,0.2307000,0.2338000,0.2263000,0.2284000,214510534,1750622399999,49282458.2410000,114131,108295665,24885158.3654000,0
1750622400000,0.2285000,0.2382000,0.2223000,0.2381000,238129641,1750636799999,54950464.8876000,134599,124171467,28679625.7085000,0
