open_time,open,high,low,close,volume,close_time,quote_volume,count,taker_buy_volume,taker_buy_quote_volume,ignore
1767484800000,0.2389000,0.2435000,0.2382000,0.2420000,130227649,1767499199999,31425181.6960000,73769,69140870,16684995.2934000,0
1767499200000,0.2420000,0.2432000,0.2374000,0.2405000,85137782,1767513599999,20468141.8638000,50063,40476110,9734508.1698000,0
1767513600000,0.2404000,0.2445000,0.2379000,0.2440000,111552355,1767527999999,27000687.4536000,60044,56497529,13679515.3006000,0
1767528000000,0.2440000,0.2511000,0.2424000,0.2498000,185756044,1767542399999,45890056.2488000,81930,99318691,24547421.7235000,0
1767542400000,0.2497000,0.2524000,0.2436000,0.2456000,148354872,1767556799999,36904904.0435000,70566,71157322,17709343.4513000,0
1767556800000,0.2456000,0.2516000,0.2451000,0.2506000,92177483,1767571199999,22917395.5722000,57442,47724964,11868305.9853000,0
