open_time,open,high,low,close,volume,close_time,quote_volume,count,taker_buy_volume,taker_buy_quote_volume,ignore
1713657600000,1.0830000,1.1030000,1.0540000,1.0820000,99240905,1713671999999,107099749.7450000,208942,48060164,51892035.4580000,0
1713672000000,1.0810000,1.1010000,1.0660000,1.0860000,85229967,1713686399999,92548162.0920000,173396,42015227,45629962.6600000,0
1713686400000,1.0870000,1.1070000,1.0620000,1.0920000,91343064,1713700799999,98995648.7040000,193453,44616938,48365481.4940000,0
1713700800000,1.0920000,1.0980000,1.0410000,1.0640000,114927044,1713715199999,122407473.0090000,230216,54996457,58602789.7200000,0
1713715200000,1.0640000,1.0690000,1.0250000,1.0390000,85164896,1713729599999,88745101.7780000,168860,39932448,41619503.4500000,0
1713729600000,1.0390000,1.0680000,1.0350000,1.0490000,57287344,1713743999999,60261586.8340000,134716,28919143,30420754.8290000,0
