open_time,open,high,low,close,volume,close_time,quote_volume,count,taker_buy_volume,taker_buy_quote_volume,ignore
1719964800000,0.5130000,0.5164000,0.4731000,0.4875000,69388045,1719979199999,34139039.8014000,132738,32629509,16063195.0630000,0
1719979200000,0.4876000,0.4876000,0.4778000,0.4798000,32766025,1719993599999,15777020.8421000,74483,16393289,7894500.1235000,0
1719993600000,0.4798000,0.4871000,0.4640000,0.4760000,72884913,1720007999999,34751080.5323000,140176,35132361,16763883.6894000,0
1720008000000,0.4760000,0.4776000,0.4600000,0.4673000,58616274,1720022399999,27515352.4425000,119334,28054758,13177996.1764000,0
1720022400000,0.4672000,0.4717000,0.4521000,0.4572000,53455854,1720036799999,24629554.8313000,102465,26354755,12146544.3272000,0
1720036800000,0.4572000,0.4638000,0.4530000,0.4599000,26589412,1720051199999,12186589.9648000,68033,13539657,6206955.3657000,0
