open_time,open,high,low,close,volume,close_time,quote_volume,count,taker_buy_volume,taker_buy_quote_volume,ignore
1739145600000,0.4759000,0.5035000,0.4633000,0.4888000,192448700,1739159999999,92958036.0019000,333166,94819515,45760613.2893000,0
1739160000000,0.4889000,0.5013000,0.4766000,0.4826000,114873891,1739174399999,56020051.0331000,206726,59670303,29103611.3043000,0
1739174400000,0.4827000,0.4919000,0.4770000,0.4839000,100599634,1739188799999,48781085.3558000,177031,51575408,25016291.2479000,0
1739188800000,0.4839000,0.5035000,0.4702000,0.4848000,209830627,1739203199999,102453446.2694000,312291,108346905,52981085.5784000,0
1739203200000,0.4848000,0.4991000,0.4806000,0.4850000,119107328,1739217599999,58450581.3824000,236066,60334226,29601079.1108000,0
1739217600000,0.4849000,0.4877000,0.4635000,0.4776000,120535669,1739231999999,57235895.1637000,184757,59363221,28180665.2081000,0
