open_time,open,high,low,close,volume,close_time,quote_volume,count,taker_buy_volume,taker_buy_quote_volume,ignore
1754784000000,0.7371000,0.7698000,0.7343000,0.7461000,318441284,1754798399999,238293278.0073000,363651,165182489,123688942.9361000,0
1754798400000,0.7461000,0.7628000,0.7356000,0.7372000,343569887,1754812799999,257812349.7341000,353177,160836061,120668991.5387000,0
1754812800000,0.7372000,0.7562000,0.7169000,0.7425000,370558097,1754827199999,274395423.7881000,366405,176389931,130699901.1616000,0
1754827200000,0.7426000,0.8103000,0.7397000,0.7933000,502363728,1754841599999,389951283.1104000,500782,267362205,207676055.0833000,0
1754841600000,0.7932000,0.7985000,0.7718000,0.7787000,256949094,1754855999999,201226815.7182000,302077,126290550,98923620.1530000,0
1754856000000,0.7786000,0.8020000,0.7653000,0.7975000,188371250,1754870399999,147415079.1948000,256245,96531605,75552658.4138000,0
