open_time,open,high,low,close,volume,close_time,quote_volume,count,taker_buy_volume,taker_buy_quote_volume,ignore
1757203200000,0.7372000,0.7519000,0.7311000,0.7427000,164622524,1757217599999,121698072.3338000,141687,91925368,67964018.1283000,0
1757217600000,0.7426000,0.7463000,0.7284000,0.7303000,105541667,1757231999999,77914798.0092000,123526,51673673,38137366.0439000,0
1757232000000,0.7303000,0.7445000,0.7288000,0.7440000,127036636,1757246399999,93662956.0317000,166151,64301077,47403081.6156000,0
1757246400000,0.7441000,0.7500000,0.7334000,0.7493000,124721252,1757260799999,92336964.2596000,167277,64571929,47805506.7413000,0
1757260800000,0.7494000,0.7497000,0.7294000,0.7426000,111126448,1757275199999,82017920.9107000,150975,55592981,41026063.8561000,0
1757275200000,0.7425000,0.7510000,0.7357000,0.7366000,102499117,1757289599999,76185013.6289000,121647,50761925,37742300.0004000,0
