open_time,open,high,low,close,volume,close_time,quote_volume,count,taker_buy_volume,taker_buy_quote_volume,ignore
1726358400000,0.2222000,0.2305000,0.2204000,0.2271000,69961734,1726372799999,15823949.8637000,44103,36022639,8144936.1144000,0
1726372800000,0.2270000,0.2274000,0.2240000,0.2265000,49377472,1726387199999,11132850.6787000,35610,24099150,5432057.2894000,0
1726387200000,0.2264000,0.2267000,0.2206000,0.2220000,50274837,1726401599999,11231762.6100000,35098,24223009,5412762.3772000,0
1726401600000,0.2220000,0.2276000,0.2216000,0.2254000,73328277,1726415999999,16505154.6460000,55435,37158170,8362647.9077000,0
1726416000000,0.2253000,0.2260000,0.2166000,0.2189000,76447736,1726430399999,16818375.5021000,53149,36747575,8082751.6936000,0
1726430400000,0.2188000,0.2192000,0.2094000,0.2119000,88121872,1726444799999,18847116.8329000,54931,39019340,8346876.3055000,0
