open_time,open,high,low,close,volume,close_time,quote_volume,count,taker_buy_volume,taker_buy_quote_volume,ignore
1740096000000,0.4190000,0.4228000,0.4010000,0.4095000,123549516,1740110399999,50522729.3264000,151724,57842077,23617325.3538000,0
1740110400000,0.4094000,0.4207000,0.4087000,0.4159000,107246302,1740124799999,44701628.8440000,137778,52533428,21897815.2920000,0
1740124800000,0.4159000,0.4370000,0.4128000,0.4304000,172390309,1740139199999,73824142.3760000,217634,84351696,36109338.8477000,0
1740139200000,0.4304000,0.4761000,0.4123000,0.4175000,619848759,1740153599999,275705346.5877000,609471,299715165,133219712.0002000,0
1740153600000,0.4174000,0.4555000,0.4063000,0.4300000,635209928,1740167999999,276238959.5989000,697159,315182815,137078378.6698000,0
1740168000000,0.4299000,0.4684000,0.4278000,0.4612000,216147966,1740182399999,96978046.5199000,340906,115126261,51603731.7797000,0
