open_time,open,high,low,close,volume,close_time,quote_volume,count,taker_buy_volume,taker_buy_quote_volume,ignore
1742428800000,0.3933000,0.3978000,0.3832000,0.3852000,63430181,1742443199999,24661976.6550000,93325,30618633,11899714.2443000,0
1742443200000,0.3852000,0.3922000,0.3845000,0.3850000,50835589,1742457599999,19694116.6514000,81294,25799134,9995314.5999000,0
1742457600000,0.3849000,0.3936000,0.3775000,0.3899000,108392760,1742471999999,41878791.7264000,120827,51178416,19781382.7992000,0
1742472000000,0.3899000,0.3986000,0.3806000,0.3824000,107506864,1742486399999,41921481.9661000,126940,52590482,20506462.9807000,0
1742486400000,0.3824000,0.3863000,0.3735000,0.3802000,89284507,1742500799999,33797325.2412000,104611,44348607,16795556.5636000,0
1742500800000,0.3801000,0.3843000,0.3791000,0.3835000,40409639,1742515199999,15433934.8933000,65817,19286151,7365888.4247000,0
