open_time,open,high,low,close,volume,close_time,quote_volume,count,taker_buy_volume,taker_buy_quote_volume,ignore
1721001600000,0.3993000,0.4235000,0.3975000,0.4221000,80127916,1721015999999,32961329.3366000,143521,40602891,16703379.2116000,0
1721016000000,0.4221000,0.4353000,0.4162000,0.4271000,64140765,1721030399999,27320165.7496000,118425,32184454,13716272.9028000,0
1721030400000,0.4271000,0.4338000,0.4180000,0.4293000,69336560,1721044799999,29459323.3897000,125314,31765444,13501100.5156000,0
1721044800000,0.4293000,0.4343000,0.4250000,0.4299000,74033637,1721059199999,31833643.8604000,131946,37253443,16018809.8242000,0
1721059200000,0.4298000,0.4489000,0.4284000,0.4421000,87638515,1721073599999,38622443.2565000,154897,44443053,19590572.7090000,0
1721073600000,0.4420000,0.4942000,0.4387000,0.4794000,132288738,1721087999999,61678057.8920000,232290,67356499,31391604.7517000,0
