open_time,open,high,low,close,volume,close_time,quote_volume,count,taker_buy_volume,taker_buy_quote_volume,ignore
1734307200000,1.2514000,1.3285000,1.2461000,1.2674000,212504157,1734321599999,274372979.4276000,682979,107172662,138430888.4610000,0
1734321600000,1.2673000,1.2825000,1.2232000,1.2421000,102791754,1734335999999,127989139.2122000,347563,52933159,65918562.6745000,0
1734336000000,1.2422000,1.2479000,1.1856000,1.1872000,129888512,1734350399999,157764379.0198000,347094,59641790,72451970.2495000,0
1734350400000,1.1872000,1.2169000,1.1611000,1.1997000,210246030,1734364799999,250210322.8836000,509369,109369691,130213844.9459000,0
1734364800000,1.1996000,1.2099000,1.1711000,1.1730000,82521595,1734379199999,98378434.0968000,291993,40211328,47963153.6741000,0
1734379200000,1.1730000,1.1966000,1.1652000,1.1819000,50796794,1734393599999,59985285.2830000,179015,24448917,28880259.5139000,0
