open_time,open,high,low,close,volume,close_time,quote_volume,count,taker_buy_volume,taker_buy_quote_volume,ignore
1759190400000,0.5642000,0.5678000,0.5555000,0.5569000,79883933,1759204799999,44763773.2282000,116917,41370460,23187767.4862000,0
1759204800000,0.5569000,0.5612000,0.5433000,0.5452000,133298786,1759219199999,73296088.8333000,129095,52679249,28975092.3813000,0
1759219200000,0.5452000,0.5481000,0.5365000,0.5477000,138340802,1759233599999,74937658.5049000,143723,68066547,36885231.3505000,0
1759233600000,0.5476000,0.5527000,0.5396000,0.5459000,122610477,1759247999999,66977383.0748000,140581,56177838,30704699.4659000,0
1759248000000,0.5459000,0.5596000,0.5339000,0.5572000,164216093,1759262399999,89653266.6432000,171222,88900082,48618010.0906000,0
1759262400000,0.5573000,0.5629000,0.5540000,0.5587000,82665545,1759276799999,46185062.3350000,114245,38545578,21545142.2620000,0
