open_time,open,high,low,close,volume,close_time,quote_volume,count,taker_buy_volume,taker_buy_quote_volume,ignore
1746403200000,0.2859000,0.2891000,0.2801000,0.2876000,104480353,1746417599999,29793999.7759000,82034,52236843,14902601.4053000,0
1746417600000,0.2877000,0.2941000,0.2862000,0.2922000,74779055,1746431999999,21761144.9798000,86193,39880739,11609436.8451000,0
1746432000000,0.2921000,0.2976000,0.2776000,0.2802000,162479103,1746446399999,46457995.9092000,109786,75183114,21560522.8727000,0
1746446400000,0.2803000,0.2823000,0.2750000,0.2771000,149225816,1746460799999,41591540.5618000,91437,72591350,20248347.9830000,0
1746460800000,0.2771000,0.2837000,0.2764000,0.2783000,90572819,1746475199999,25386743.2060000,64849,44928852,12594965.0989000,0
1746475200000,0.2783000,0.2786000,0.2601000,0.2619000,242872346,1746489599999,65342326.2681000,130085,107843760,29008419.4553000,0
