open_time,open,high,low,close,volume,close_time,quote_volume,count,taker_buy_volume,taker_buy_quote_volume,ignore
1783123200000,0.0793700,0.0797600,0.0781600,0.0791300,107916393,1783137599999,8512862.2456700,70527,50301387,3971206.0524100,0
1783137600000,0.0791200,0.0795800,0.0776200,0.0780000,119160980,1783151999999,9374169.1421900,68017,54119114,4260196.5742500,0
1783152000000,0.0780000,0.0783400,0.0769800,0.0778400,146542293,1783166399999,11382732.3819300,69465,71880807,5583212.3007700,0
1783166400000,0.0778400,0.0816400,0.0778400,0.0808200,229128652,1783180799999,18274889.3282400,112568,112613955,8976798.1695500,0
1783180800000,0.0808200,0.0814900,0.0796200,0.0797100,162163959,1783195199999,13066518.1406900,98612,79138383,6380233.0690900,0
1783195200000,0.0797100,0.0799800,0.0783400,0.0788000,97739236,1783209599999,7724995.7308600,61884,44720814,3536580.8457800,0
