open_time,open,high,low,close,volume,close_time,quote_volume,count,taker_buy_volume,taker_buy_quote_volume,ignore
1750464000000,0.2653000,0.2714000,0.2648000,0.2688000,76122786,1750478399999,20435239.0011000,66366,39109528,10500683.5626000,0
1750478400000,0.2687000,0.2694000,0.2667000,0.2679000,54934102,1750492799999,14729285.3031000,50469,24416543,6550441.0802000,0
1750492800000,0.2679000,0.2708000,0.2667000,0.2681000,72533210,1750507199999,19501451.4203000,53128,36839946,9908702.3540000,0
1750507200000,0.2681000,0.2688000,0.2600000,0.2636000,167716875,1750521599999,44086805.8126000,90121,80487073,21154706.1456000,0
1750521600000,0.2637000,0.2650000,0.2530000,0.2538000,226116978,1750535999999,58440391.7077000,116913,101851992,26346430.4732000,0
1750536000000,0.2538000,0.2569000,0.2400000,0.2499000,303700072,1750550399999,75344261.9851000,154212,138797792,34443931.9511000,0
