open_time,open,high,low,close,volume,close_time,quote_volume,count,taker_buy_volume,taker_buy_quote_volume,ignore
1746576000000,0.2696000,0.2750000,0.2670000,0.2701000,167595944,1746590399999,45550506.0051000,106141,84209122,22903266.3166000,0
1746590400000,0.2701000,0.2728000,0.2673000,0.2725000,79681500,1746604799999,21529453.9824000,65408,42925864,11604047.4736000,0
1746604800000,0.2724000,0.2731000,0.2690000,0.2713000,68096791,1746619199999,18466729.1550000,60099,34338682,9314668.3863000,0
1746619200000,0.2714000,0.2715000,0.2645000,0.2653000,132388152,1746633599999,35456695.2479000,91293,60240691,16141422.5111000,0
1746633600000,0.2652000,0.2702000,0.2613000,0.2644000,152376411,1746647999999,40379227.6853000,108863,75477640,20010647.1620000,0
1746648000000,0.2645000,0.2695000,0.2625000,0.2673000,69241938,1746662399999,18427271.6556000,59880,35478387,9446171.7205000,0
