open_time,open,high,low,close,volume,close_time,quote_volume,count,taker_buy_volume,taker_buy_quote_volume,ignore
1757548800000,0.7785000,0.7978000,0.7716000,0.7971000,132065674,1757563199999,103870834.3126000,183061,71615125,56371008.2688000,0
1757563200000,0.7972000,0.7982000,0.7748000,0.7824000,103848689,1757577599999,81322916.3235000,195504,50803923,39784685.7589000,0
1757577600000,0.7824000,0.7868000,0.7605000,0.7671000,118914168,1757591999999,92240310.6134000,243300,52333035,40678169.6071000,0
1757592000000,0.7671000,0.7840000,0.7471000,0.7558000,405694852,1757606399999,310054127.6137000,437296,187226954,143236265.4994000,0
1757606400000,0.7558000,0.7712000,0.7548000,0.7640000,113370457,1757620799999,86634771.1057000,163522,55118474,42128876.9585000,0
1757620800000,0.7641000,0.7817000,0.7626000,0.7794000,87904834,1757635199999,67969922.8046000,143069,50188415,38806750.7925000,0
