open_time,open,high,low,close,volume,close_time,quote_volume,count,taker_buy_volume,taker_buy_quote_volume,ignore
1785715200000,0.0893200,0.0893400,0.0891600,0.0892900,1778804,1785715259999,158770.1923000,758,1409486,125803.2186800,0
1785715260000,0.0893000,0.0894900,0.0892600,0.0894200,1074811,1785715319999,96086.3506000,698,665730,59519.5019100,0
1785715320000,0.0894200,0.0894900,0.0893400,0.0894400,824277,1785715379999,73703.9876200,619,447867,40045.0349500,0
1785715380000,0.0894300,0.0894500,0.0892300,0.0893700,1268428,1785715439999,113329.3614800,819,840650,75109.4700000,0
1785715440000,0.0893600,0.0894300,0.0892500,0.0894200,1618459,1785715499999,144612.7869000,992,1096314,97948.5402500,0
1785715500000,0.0894100,0.0894700,0.0893400,0.0894200,448942,1785715559999,40135.8025000,463,165870,14828.5791900,0
1785715560000,0.0894200,0.0894200,0.0890300,0.0890400,1189785,1785715619999,106100.4262700,995,454179,40489.0376200,0
1785715620000,0.0890300,0.0890800,0.0888900,0.0890600,828535,1785715679999,73739.3936000,574,307981,27403.3565400,0
1785715680000,0.0890600,0.0890900,0.0888600,0.0889600,751610,1785715739999,66867.8015500,588,173648,15453.5285600,0
1785715740000,0.0889700,0.0889900,0.0888700,0.0889800,550075,1785715799999,48914.7800900,420,202919,18048.4195200,0
1785715800000,0.0889800,0.0890500,0.0889200,0.0889400,1112054,1785715859999,98938.9252400,599,421321,37489.6600100,0
1785715860000,0.0889500,0.0892300,0.0889200,0.0891600,1000880,1785715919999,89169.5753700,718,674208,60065.3143900,0
1785715920000,0.0891500,0.0891600,0.0889500,0.0890000,2044793,1785715979999,182231.6926800,476,203258,18089.9126400,0
1785715980000,0.0889900,0.0890700,0.0889300,0.0889300,636637,1785716039999,56668.1037100,468,242523,21587.9901800,0
1785716040000,0.0889300,0.0890100,0.0889100,0.0889900,721063,1785716099999,64140.0378600,403,330223,29381.2888300,0
1785716100000,0.0889900,0.0890900,0.0889700,0.0890900,367579,1785716159999,32728.3260400,327,221539,19726.3460700,0
1785716160000,0.0890800,0.0890900,0.0890600,0.0890700,158617,1785716219999,14128.8445300,217,90940,8100.5073500,0
1785716220000,0.0890800,0.0891500,0.0890500,0.0891400,490588,1785716279999,43714.3102400,336,357023,31814.2472900,0
1785716280000,0.0891300,0.0891500,0.0890900,0.0891100,268754,1785716339999,23950.1434500,282,178108,15873.0729900,0
1785716340000,0.0891100,0.0891800,0.0890600,0.0891400,604319,1785716399999,53860.5728100,434,460347,41030.9276100,0
1785716400000,0.0891500,0.0891500,0.0890800,0.0891200,337531,1785716459999,30079.4194600,271,228226,20339.1445900,0
1785716460000,0.0891200,0.0893000,0.0890600,0.0892900,598574,1785716519999,53358.4383100,464,388565,34645.3443900,0
1785716520000,0.0892900,0.0893000,0.0891500,0.0891500,206224,1785716579999,18401.7729000,255,80219,7159.8026300,0
1785716580000,0.0891500,0.0892800,0.0891500,0.0892600,306917,1785716639999,27386.9020500,267,216206,19290.6895900,0
1785716640000,0.0892500,0.0893000,0.0892300,0.0892700,169466,1785716699999,15127.5085000,233,101444,9055.6816700,0
1785716700000,0.0892700,0.0893000,0.0891900,0.0892500,474347,1785716759999,42334.8239400,370,333175,29737.8022900,0
1785716760000,0.0892600,0.0893000,0.0892300,0.0892500,235509,1785716819999,21020.6220800,250,150195,13405.5304700,0
1785716820000,0.0892600,0.0894300,0.0892500,0.0893900,591267,1785716879999,52821.9951300,465,496338,44346.6214100,0
1785716880000,0.0893900,0.0893900,0.0890700,0.0891700,800047,1785716939999,71341.2516000,542,289489,25817.8239000,0
1785716940000,0.0891700,0.0892000,0.0891300,0.0891300,189397,1785716999999,16889.5925800,184,135703,12102.1017000,0
1785717000000,0.0891200,0.0891200,0.0888700,0.0889500,1173478,1785717059999,104383.0491500,668,253043,22519.4221700,0
1785717060000,0.0889400,0.0889700,0.0888700,0.0889700,668245,1785717119999,59423.7847200,480,306157,27226.8268900,0
1785717120000,0.0889700,0.0889800,0.0888900,0.0889500,307507,1785717179999,27349.0682800,286,150463,13381.1022700,0
1785717180000,0.0889500,0.0890300,0.0888900,0.0890200,190502,1785717239999,16945.4646700,287,130872,11643.0227700,0
1785717240000,0.0890200,0.0892400,0.0890000,0.0892200,646907,1785717299999,57653.4810200,421,494910,44114.6511000,0
1785717300000,0.0892100,0.0892100,0.0889800,0.0889900,569988,1785717359999,50773.9130900,413,146367,13035.1750800,0
1785717360000,0.0889900,0.0889900,0.0886900,0.0887200,1789309,1785717419999,158909.4684600,937,420675,37351.5535600,0
1785717420000,0.0887500,0.0889000,0.0887200,0.0889000,701557,1785717479999,62315.2370700,487,556112,49399.6589300,0
1785717480000,0.0888900,0.0889600,0.0888500,0.0888800,301692,1785717539999,26819.5361800,255,205353,18255.8417300,0
1785717540000,0.0888800,0.0890700,0.0888800,0.0890700,404065,1785717599999,35959.6359300,523,369489,32882.8721600,0
1785717600000,0.0890500,0.0890900,0.0890300,0.0890600,424936,1785717659999,37846.4960700,321,251959,22440.6738300,0
1785717660000,0.0890600,0.0890700,0.0889800,0.0889800,303654,1785717719999,27034.7781100,327,141606,12607.6207400,0
1785717720000,0.0889700,0.0890200,0.0889400,0.0890000,218196,1785717779999,19415.1760000,244,173616,15448.7773500,0
1785717780000,0.0889900,0.0890900,0.0889800,0.0890500,210157,1785717839999,18712.7636100,263,155938,13883.8415000,0
1785717840000,0.0890400,0.0890400,0.0889700,0.0890100,454151,1785717899999,40421.6330100,365,257577,22924.9494300,0
1785717900000,0.0890200,0.0890500,0.0888900,0.0888900,290074,1785717959999,25802.8449900,240,59710,5311.4301900,0
1785717960000,0.0889000,0.0889000,0.0887000,0.0887000,280988,1785718019999,24956.0986200,321,72164,6410.9682000,0
1785718020000,0.0886900,0.0887300,0.0886000,0.0887100,923364,1785718079999,81858.3215600,536,270365,23970.3915300,0
1785718080000,0.0887100,0.0889100,0.0887100,0.0888900,943847,1785718139999,83808.3147200,476,820003,72807.6546400,0
1785718140000,0.0888800,0.0890500,0.0888700,0.0890300,422699,1785718199999,37598.5640900,370,313834,27917.0150900,0
1785718200000,0.0890400,0.0890600,0.0889500,0.0889500,465719,1785718259999,41455.6000900,244,150656,13409.7256300,0
1785718260000,0.0889500,0.0889600,0.0888300,0.0888800,337641,1785718319999,30014.2593200,341,167669,14906.2183800,0
1785718320000,0.0888800,0.0889000,0.0888400,0.0888900,264998,1785718379999,23551.5455600,241,159629,14186.7941400,0
1785718380000,0.0888900,0.0889400,0.0888500,0.0888900,517403,1785718439999,45993.2101300,296,431933,38395.8324800,0
1785718440000,0.0889000,0.0890000,0.0888800,0.0889600,207080,1785718499999,18416.8900100,187,166973,14849.8897000,0
1785718500000,0.0889600,0.0889700,0.0888400,0.0888400,699747,1785718559999,62203.5343100,313,335409,29813.3704400,0
1785718560000,0.0888400,0.0888900,0.0888300,0.0888900,157606,1785718619999,14005.1900100,168,131030,11643.4917300,0
1785718620000,0.0888900,0.0888900,0.0888000,0.0888100,136158,1785718679999,12097.6513100,162,35208,3128.0527800,0
1785718680000,0.0888000,0.0889300,0.0888000,0.0888900,367891,1785718739999,32690.6936500,254,280737,24945.9403800,0
1785718740000,0.0888900,0.0889800,0.0888700,0.0888800,280032,1785718799999,24898.2645300,290,154686,13754.1946100,0
1785718800000,0.0888700,0.0888700,0.0887600,0.0887900,616687,1785718859999,54765.8918000,400,358688,31854.1847700,0
1785718860000,0.0887900,0.0889800,0.0887900,0.0889800,337424,1785718919999,29988.6960500,412,236161,20987.9737700,0
1785718920000,0.0889800,0.0890300,0.0889600,0.0890100,344257,1785718979999,30633.3974500,348,156249,13904.1428900,0
1785718980000,0.0890100,0.0890800,0.0889900,0.0890500,353442,1785719039999,31472.6533200,326,218836,19488.6355800,0
1785719040000,0.0890500,0.0890900,0.0890400,0.0890800,294804,1785719099999,26256.8634600,305,157432,14022.4918300,0
1785719100000,0.0890800,0.0891000,0.0890200,0.0890500,308300,1785719159999,27458.4397100,305,128988,11488.2192500,0
1785719160000,0.0890500,0.0890500,0.0888500,0.0888600,463703,1785719219999,41254.1429300,385,189478,16853.9586700,0
1785719220000,0.0888400,0.0889400,0.0887800,0.0888200,681708,1785719279999,60574.6044300,502,472445,41983.0471200,0
1785719280000,0.0888100,0.0888800,0.0888000,0.0888600,349667,1785719339999,31063.3479900,303,164472,14611.4555400,0
1785719340000,0.0888700,0.0889700,0.0888500,0.0889600,368515,1785719399999,32773.2756600,276,289633,25757.2746400,0
1785719400000,0.0889500,0.0889500,0.0888300,0.0888700,334512,1785719459999,29729.9544200,312,140926,12522.7488300,0
1785719460000,0.0888600,0.0888900,0.0888200,0.0888500,386457,1785719519999,34338.0445000,304,178728,15880.0091500,0
1785719520000,0.0888500,0.0888800,0.0888300,0.0888300,159834,1785719579999,14202.7683300,213,61595,5473.7900700,0
1785719580000,0.0888300,0.0888300,0.0883900,0.0884200,2434255,1785719639999,215552.4905200,1085,329848,29202.3778400,0
1785719640000,0.0884300,0.0886300,0.0884200,0.0885900,805714,1785719699999,71326.8512200,600,461462,40851.5623800,0
1785719700000,0.0885800,0.0885900,0.0884000,0.0885200,2389610,1785719759999,211464.9463300,1046,1515567,134165.3019400,0
1785719760000,0.0885300,0.0885800,0.0884500,0.0885200,1230541,1785719819999,108915.7737900,743,600419,53162.7795000,0
1785719820000,0.0885200,0.0885400,0.0884600,0.0885400,193958,1785719879999,17166.0461900,265,76932,6809.4193000,0
1785719880000,0.0885400,0.0887100,0.0885400,0.0886200,2202267,1785719939999,195149.8119800,785,1630762,144483.9800500,0
1785719940000,0.0886200,0.0887200,0.0886200,0.0886600,193510,1785719999999,17160.2959500,271,85548,7586.4925600,0
1785720000000,0.0886800,0.0887400,0.0885300,0.0885300,493120,1785720059999,43716.2984200,360,181858,16125.0020300,0
1785720060000,0.0885300,0.0885600,0.0884900,0.0885000,296831,1785720119999,26279.1912500,249,176367,15615.7209800,0
1785720120000,0.0885000,0.0885400,0.0884900,0.0885300,279733,1785720179999,24760.7783000,320,109385,9682.4158300,0
1785720180000,0.0885200,0.0885900,0.0885000,0.0885300,319556,1785720239999,28295.0684500,242,196594,17407.8999100,0
1785720240000,0.0885400,0.0885400,0.0884500,0.0884900,446628,1785720299999,39524.5936300,325,252895,22380.9949200,0
1785720300000,0.0884900,0.0886100,0.0884800,0.0886100,214391,1785720359999,18985.4861700,242,164487,14567.5155200,0
1785720360000,0.0886200,0.0886500,0.0884100,0.0884200,563411,1785720419999,49873.8580000,491,139985,12398.5259700,0
1785720420000,0.0884300,0.0884700,0.0883600,0.0884100,1460082,1785720479999,129083.0943600,546,865644,76539.6047500,0
1785720480000,0.0884200,0.0884400,0.0883500,0.0884300,719189,1785720539999,63565.6616800,390,282266,24950.2471000,0
1785720540000,0.0884200,0.0884700,0.0883800,0.0884300,401614,1785720599999,35510.5347300,298,231004,20427.4380400,0
1785720600000,0.0884200,0.0885700,0.0883900,0.0885300,1583787,1785720659999,140140.9542000,450,1213518,107377.4995000,0
1785720660000,0.0885400,0.0886500,0.0885400,0.0886300,501632,1785720719999,44446.7362300,379,418930,37118.9115700,0
1785720720000,0.0886300,0.0886500,0.0885900,0.0886100,1494959,1785720779999,132474.2252500,375,288390,25557.2377500,0
1785720780000,0.0886000,0.0886000,0.0884300,0.0884800,1517877,1785720839999,134414.3646600,330,80247,7099.3251200,0
1785720840000,0.0884900,0.0884900,0.0884200,0.0884400,730095,1785720899999,64579.6959800,332,328616,29069.9958600,0
1785720900000,0.0884500,0.0884900,0.0884400,0.0884800,193749,1785720959999,17142.2044800,199,126107,11157.6414700,0
1785720960000,0.0884900,0.0885000,0.0883600,0.0883600,456184,1785721019999,40337.6288600,335,147562,13054.3198300,0
1785721020000,0.0883600,0.0884200,0.0882600,0.0883600,1834514,1785721079999,162036.9367900,683,596118,52678.7719600,0
1785721080000,0.0883600,0.0884700,0.0883400,0.0884000,926671,1785721139999,81926.2031600,497,767107,67821.9313600,0
1785721140000,0.0884000,0.0885300,0.0883900,0.0885300,261382,1785721199999,23120.6608000,258,152779,13514.8611500,0
1785721200000,0.0885300,0.0886200,0.0884600,0.0884700,963405,1785721259999,85319.6353400,528,426783,37805.7217000,0
1785721260000,0.0884700,0.0886400,0.0884500,0.0886300,408911,1785721319999,36218.8562700,321,363153,32168.8579700,0
1785721320000,0.0886300,0.0886300,0.0885500,0.0885900,478847,1785721379999,42426.3423800,247,277354,24577.0212800,0
1785721380000,0.0886000,0.0886300,0.0885900,0.0885900,124434,1785721439999,11026.1070200,185,63643,5639.4290000,0
1785721440000,0.0885900,0.0886500,0.0885700,0.0886200,340711,1785721499999,30189.6392800,239,309665,27439.3312700,0
1785721500000,0.0886200,0.0888300,0.0886200,0.0888000,1013354,1785721559999,89953.5265400,475,729451,64746.9328200,0
1785721560000,0.0888000,0.0888600,0.0887900,0.0888200,979474,1785721619999,86999.4176000,519,395570,35139.9336700,0
1785721620000,0.0888200,0.0889100,0.0887400,0.0888500,521710,1785721679999,46341.7544200,430,389607,34607.8269900,0
1785721680000,0.0888500,0.0889000,0.0887800,0.0887900,295551,1785721739999,26264.3400600,252,214900,19099.8719400,0
1785721740000,0.0887900,0.0888700,0.0886700,0.0886700,284960,1785721799999,25298.6591200,314,163762,14543.7347200,0
1785721800000,0.0886800,0.0887800,0.0886800,0.0887700,445527,1785721859999,39537.4092100,300,389736,34587.2408400,0
1785721860000,0.0887700,0.0887700,0.0886100,0.0886700,472210,1785721919999,41867.6981500,395,91965,8155.4477900,0
1785721920000,0.0886700,0.0887100,0.0886700,0.0886900,67396,1785721979999,5977.2975300,122,54947,4873.1185700,0
1785721980000,0.0886900,0.0886900,0.0886300,0.0886400,171626,1785722039999,15216.8569500,165,26492,2349.0221600,0
1785722040000,0.0886400,0.0886400,0.0885600,0.0885900,319505,1785722099999,28306.1932900,253,127197,11269.6651900,0
1785722100000,0.0885800,0.0886000,0.0885400,0.0885400,693335,1785722159999,61410.0325200,221,48104,4261.1198500,0
1785722160000,0.0885700,0.0886300,0.0885700,0.0886000,248270,1785722219999,21998.0155600,178,139211,12333.6113100,0
1785722220000,0.0885900,0.0886500,0.0885800,0.0886500,204067,1785722279999,18082.0620900,160,173707,15392.4820700,0
1785722280000,0.0886500,0.0887600,0.0886500,0.0886800,923668,1785722339999,81946.8933200,381,325152,28840.7954000,0
1785722340000,0.0886900,0.0888000,0.0886900,0.0887500,597721,1785722399999,53049.5834800,379,457590,40612.0997300,0
1785722400000,0.0887500,0.0887800,0.0885600,0.0885800,471840,1785722459999,41835.6863700,473,225106,19961.2163800,0
1785722460000,0.0885800,0.0886200,0.0885200,0.0885400,414441,1785722519999,36702.8025900,390,183913,16289.8915800,0
1785722520000,0.0885300,0.0885900,0.0885300,0.0885500,268598,1785722579999,23786.8899500,293,113982,10094.0928000,0
1785722580000,0.0885500,0.0886000,0.0884600,0.0885400,647453,1785722639999,57307.7141700,432,93761,8300.8029700,0
1785722640000,0.0885300,0.0885600,0.0884700,0.0884700,126397,1785722699999,11188.5643700,239,28235,2499.6885800,0
1785722700000,0.0884600,0.0884600,0.0882700,0.0883700,660175,1785722759999,58317.4068300,533,163012,14400.4880100,0
1785722760000,0.0883700,0.0883700,0.0882300,0.0882300,447110,1785722819999,39479.8523800,442,118235,10440.4748700,0
1785722820000,0.0882300,0.0882300,0.0880700,0.0881500,1605477,1785722879999,141496.8557800,806,574975,50679.0722800,0
1785722880000,0.0881500,0.0881700,0.0878100,0.0879400,2969785,1785722939999,261232.4138700,1320,652798,57452.4369000,0
1785722940000,0.0879300,0.0880500,0.0879000,0.0879000,1618483,1785722999999,142382.5517800,803,544354,47900.9615200,0
1785723000000,0.0878900,0.0879100,0.0875300,0.0877700,6459582,1785723059999,566521.7444100,2150,1662415,145878.6355400,0
1785723060000,0.0877700,0.0879200,0.0877700,0.0878500,843256,1785723119999,74100.5892500,525,471153,41401.0715200,0
1785723120000,0.0878600,0.0879300,0.0878500,0.0879200,284668,1785723179999,25021.3047300,315,187591,16488.4295400,0
1785723180000,0.0879200,0.0879400,0.0879000,0.0879100,190730,1785723239999,16768.5810100,238,59624,5242.0943800,0
1785723240000,0.0879200,0.0879300,0.0876700,0.0877700,1403354,1785723299999,123158.0917100,846,665883,58446.6258800,0
1785723300000,0.0877700,0.0877700,0.0875700,0.0876200,1786474,1785723359999,156555.7545600,783,487334,42698.2351900,0
1785723360000,0.0876200,0.0876800,0.0875700,0.0876200,1704512,1785723419999,149350.9902200,587,1086933,95234.3995900,0
1785723420000,0.0876200,0.0876900,0.0875200,0.0875800,2800604,1785723479999,245346.9040500,902,1143957,100210.9967000,0
1785723480000,0.0875800,0.0877700,0.0875800,0.0877500,1996860,1785723539999,175113.7217800,672,1722708,151077.1595200,0
1785723540000,0.0877400,0.0878000,0.0876700,0.0877000,1463692,1785723599999,128378.0082300,490,834004,73145.0027800,0
1785723600000,0.0877000,0.0877400,0.0876400,0.0877100,866152,1785723659999,75955.4756000,584,503982,44194.8307900,0
1785723660000,0.0877100,0.0877200,0.0876600,0.0876800,418083,1785723719999,36660.3148100,453,210505,18458.2868800,0
1785723720000,0.0876700,0.0877300,0.0876700,0.0876900,333593,1785723779999,29255.3862500,257,171586,15046.7522700,0
1785723780000,0.0876900,0.0877500,0.0875900,0.0877200,699977,1785723839999,61376.9743100,414,413580,36261.8348900,0
1785723840000,0.0877100,0.0878100,0.0876900,0.0877200,449456,1785723899999,39447.0173800,341,300279,26356.8711300,0
1785723900000,0.0877100,0.0877300,0.0876500,0.0876900,245390,1785723959999,21521.0360700,284,98423,8632.3890600,0
1785723960000,0.0876800,0.0877200,0.0876700,0.0877100,542573,1785724019999,47576.7955700,238,368579,32319.9126100,0
1785724020000,0.0877100,0.0877100,0.0875500,0.0875900,524770,1785724079999,45975.3053700,388,280058,24530.2516300,0
1785724080000,0.0875800,0.0875800,0.0874600,0.0874700,1630325,1785724139999,142660.8807000,548,286778,25097.4063600,0
1785724140000,0.0874600,0.0876000,0.0874500,0.0875700,337830,1785724199999,29567.1439000,341,185393,16221.9508500,0
1785724200000,0.0875800,0.0875800,0.0873300,0.0873900,3270617,1785724259999,285995.1644400,1040,938866,82105.0881600,0
1785724260000,0.0873800,0.0874900,0.0873500,0.0874800,532176,1785724319999,46518.1995700,450,340191,29740.2749400,0
1785724320000,0.0874800,0.0875000,0.0873500,0.0874000,687528,1785724379999,60091.9172500,485,187721,16411.7830000,0
1785724380000,0.0874100,0.0875400,0.0873700,0.0875300,785829,1785724439999,68744.5232900,489,754832,66033.6388000,0
1785724440000,0.0875300,0.0875300,0.0875000,0.0875300,202068,1785724499999,17684.4239900,234,88717,7764.3129700,0
1785724500000,0.0875300,0.0877200,0.0875300,0.0876300,923820,1785724559999,80969.0656400,549,749828,65718.4608700,0
1785724560000,0.0876300,0.0876400,0.0875600,0.0875600,200060,1785724619999,17521.6187700,201,100517,8802.4506100,0
1785724620000,0.0875600,0.0876000,0.0875100,0.0875600,533983,1785724679999,46761.7840200,355,435006,38095.2054000,0
1785724680000,0.0875600,0.0876300,0.0875300,0.0876000,183069,1785724739999,16033.8284300,216,110473,9677.0828300,0
1785724740000,0.0876000,0.0876200,0.0875700,0.0875700,154486,1785724799999,13531.7179600,203,80464,7048.3184400,0
1785724800000,0.0875700,0.0877700,0.0875700,0.0877300,790175,1785724859999,69316.8648500,391,698236,61251.8456500,0
1785724860000,0.0877300,0.0877800,0.0877200,0.0877800,597431,1785724919999,52429.8134000,310,410743,36046.2448700,0
1785724920000,0.0877800,0.0880600,0.0877200,0.0880200,3095386,1785724979999,272084.2824100,955,2669167,234650.1533900,0
1785724980000,0.0880100,0.0880100,0.0878900,0.0879200,567561,1785725039999,49911.1256300,424,195764,17213.1858800,0
1785725040000,0.0879300,0.0879600,0.0878600,0.0878900,618209,1785725099999,54341.4514300,321,123676,10873.5559200,0
1785725100000,0.0878900,0.0879100,0.0878100,0.0878300,364938,1785725159999,32064.6004500,329,231889,20373.8645800,0
1785725160000,0.0878300,0.0878900,0.0877700,0.0877800,373559,1785725219999,32807.6518600,321,252001,22131.8106100,0
1785725220000,0.0877800,0.0877800,0.0876800,0.0877300,415870,1785725279999,36485.5276100,382,213414,18723.8396900,0
1785725280000,0.0877200,0.0878000,0.0877200,0.0878000,202131,1785725339999,17738.1780500,353,152616,13393.6567200,0
1785725340000,0.0878000,0.0878900,0.0877700,0.0878900,184277,1785725399999,16183.2056200,245,95617,8397.4854200,0
1785725400000,0.0879000,0.0879100,0.0877600,0.0878300,313624,1785725459999,27547.6936600,314,91153,8005.7476900,0
1785725460000,0.0878300,0.0878400,0.0877900,0.0878100,147170,1785725519999,12924.0963600,249,61522,5401.9860300,0
1785725520000,0.0878100,0.0878700,0.0878100,0.0878500,223346,1785725579999,19620.0745300,220,179964,15809.0303500,0
1785725580000,0.0878500,0.0878800,0.0877100,0.0877300,267390,1785725639999,23477.0601800,303,102500,8998.6268900,0
1785725640000,0.0877300,0.0878200,0.0877100,0.0877700,394355,1785725699999,34617.7473100,299,299088,26256.2710100,0
1785725700000,0.0877700,0.0877900,0.0877100,0.0877200,230441,1785725759999,20222.3537200,245,68601,6019.8926100,0
1785725760000,0.0877200,0.0878800,0.0877200,0.0878700,464972,1785725819999,40841.1742600,330,370301,32526.9614000,0
1785725820000,0.0878700,0.0878800,0.0877600,0.0877600,283422,1785725879999,24893.6704700,258,39033,3428.7004800,0
1785725880000,0.0877500,0.0878500,0.0877100,0.0878300,186096,1785725939999,16336.7607900,248,86434,7586.9978900,0
1785725940000,0.0878200,0.0878300,0.0877200,0.0877300,539167,1785725999999,47313.9965800,346,92637,8129.9986000,0
1785726000000,0.0877300,0.0877800,0.0876800,0.0877400,655406,1785726059999,57496.6512800,415,298736,26207.9332600,0
1785726060000,0.0877600,0.0878200,0.0877000,0.0877100,428707,1785726119999,37617.6384500,373,180623,15848.7956200,0
1785726120000,0.0877200,0.0878600,0.0877100,0.0878400,287402,1785726179999,25232.6541700,305,208637,18315.8101300,0
1785726180000,0.0878400,0.0878900,0.0877400,0.0877800,1732796,1785726239999,152145.6310200,661,202328,17765.3065200,0
1785726240000,0.0877900,0.0879000,0.0877800,0.0878800,523898,1785726299999,46026.1407300,353,393122,34535.8916900,0
1785726300000,0.0878800,0.0878800,0.0877400,0.0877800,572107,1785726359999,50226.7632600,413,236193,20730.7577900,0
1785726360000,0.0877700,0.0877800,0.0876600,0.0877100,406798,1785726419999,35681.4246700,302,139176,12207.2900500,0
1785726420000,0.0877000,0.0877700,0.0877000,0.0877300,328160,1785726479999,28791.0298900,250,191080,16763.8844500,0
1785726480000,0.0877200,0.0878500,0.0877200,0.0878500,261828,1785726539999,22982.1208500,293,110114,9664.1499300,0
1785726540000,0.0878400,0.0878500,0.0877900,0.0878500,318391,1785726599999,27961.5363500,257,117277,10299.3829700,0
1785726600000,0.0878300,0.0879200,0.0877800,0.0878100,853621,1785726659999,74986.9265100,1034,376794,33093.3779200,0
1785726660000,0.0878200,0.0878700,0.0878200,0.0878600,181378,1785726719999,15933.2314700,182,105177,9239.4253700,0
1785726720000,0.0878600,0.0879400,0.0878500,0.0879300,213899,1785726779999,18799.7483600,450,168846,14840.3534600,0
1785726780000,0.0879400,0.0880000,0.0878800,0.0878800,672288,1785726839999,59131.0295900,424,372877,32804.0098900,0
1785726840000,0.0878800,0.0879200,0.0878100,0.0878900,252261,1785726899999,22167.1853000,296,114507,10064.1933100,0
1785726900000,0.0878900,0.0878900,0.0877800,0.0878000,232430,1785726959999,20412.1685500,284,36272,3186.1862800,0
1785726960000,0.0878000,0.0879600,0.0878000,0.0879400,558307,1785727019999,49072.5785100,370,422122,37100.1060300,0
1785727020000,0.0879400,0.0880900,0.0879400,0.0880100,911696,1785727079999,80241.0990000,425,617670,54355.0881800,0
1785727080000,0.0880100,0.0881600,0.0879900,0.0880800,1861107,1785727139999,163945.0552500,617,1590032,140072.3841700,0
1785727140000,0.0880700,0.0880700,0.0879800,0.0880200,400287,1785727199999,35239.7129800,277,236040,20779.1561500,0
1785727200000,0.0880300,0.0880500,0.0879900,0.0880000,140055,1785727259999,12327.7690600,146,38207,3362.6651300,0
1785727260000,0.0880100,0.0880100,0.0877600,0.0878500,441596,1785727319999,38802.5539000,400,181163,15908.7135100,0
1785727320000,0.0878500,0.0878600,0.0875200,0.0876100,3009503,1785727379999,263713.8747200,968,423563,37117.0422600,0
1785727380000,0.0876200,0.0877700,0.0876200,0.0876800,609272,1785727439999,53434.2849300,398,449231,39396.0064600,0
1785727440000,0.0876800,0.0877100,0.0876600,0.0877000,250782,1785727499999,21990.8729900,179,138443,12140.5123500,0
1785727500000,0.0877000,0.0877400,0.0876800,0.0877100,226133,1785727559999,19834.3643500,229,123879,10866.6543500,0
1785727560000,0.0877100,0.0878000,0.0877100,0.0878000,214524,1785727619999,18825.8403800,233,152136,13351.5677800,0
1785727620000,0.0878100,0.0880000,0.0878000,0.0878900,2940195,1785727679999,258446.2454500,920,2422786,212969.6366900,0
1785727680000,0.0878800,0.0878900,0.0878300,0.0878300,259938,1785727739999,22834.5689400,202,56321,4947.2244200,0
1785727740000,0.0878200,0.0879700,0.0878200,0.0879100,373318,1785727799999,32819.5840100,279,241716,21250.6468800,0
1785727800000,0.0879100,0.0879100,0.0877100,0.0877500,2592675,1785727859999,227628.1847900,498,276778,24293.2373100,0
1785727860000,0.0877500,0.0878300,0.0877500,0.0878300,321675,1785727919999,28244.0794800,303,205516,18045.3420900,0
1785727920000,0.0878300,0.0884400,0.0878300,0.0880500,7877196,1785727979999,694626.9375100,2572,6280636,553744.0370900,0
1785727980000,0.0880400,0.0881300,0.0879500,0.0881300,336819,1785728039999,29657.5205500,388,234728,20669.8978600,0
1785728040000,0.0881300,0.0882600,0.0881300,0.0882600,200891,1785728099999,17716.8462600,276,148346,13083.4822400,0
1785728100000,0.0882600,0.0883200,0.0882300,0.0882800,439336,1785728159999,38781.0717200,400,230568,20351.8733700,0
1785728160000,0.0882700,0.0882800,0.0881800,0.0881900,287599,1785728219999,25370.9109200,283,83698,7383.6681900,0
1785728220000,0.0882000,0.0882500,0.0881600,0.0882200,191497,1785728279999,16892.8480700,260,136158,12011.3860900,0
1785728280000,0.0882100,0.0882100,0.0881700,0.0881900,138375,1785728339999,12203.5374700,165,53940,4756.9879000,0
1785728340000,0.0881800,0.0882700,0.0881500,0.0882100,327277,1785728399999,28872.4493200,297,241340,21292.5835500,0
1785728400000,0.0882100,0.0882400,0.0881500,0.0882200,403601,1785728459999,35592.7596500,321,64913,5725.3775000,0
1785728460000,0.0882200,0.0882700,0.0882000,0.0882500,339599,1785728519999,29961.8288900,301,169540,14958.5458500,0
1785728520000,0.0882400,0.0884100,0.0882200,0.0883700,424480,1785728579999,37488.1465100,376,256409,22645.6808700,0
1785728580000,0.0883600,0.0883800,0.0883000,0.0883400,310447,1785728639999,27425.6480300,202,64441,5692.6728300,0
1785728640000,0.0883300,0.0883300,0.0883000,0.0883000,226802,1785728699999,20028.0002500,135,33019,2916.0479400,0
1785728700000,0.0882900,0.0883400,0.0882200,0.0882200,496550,1785728759999,43837.7111300,470,267888,23649.9633700,0
1785728760000,0.0882200,0.0882300,0.0877700,0.0878900,1804179,1785728819999,158782.2766000,1122,321874,28331.5152900,0
1785728820000,0.0878800,0.0882000,0.0878700,0.0881400,715532,1785728879999,62978.4563600,508,477909,42068.5761700,0
1785728880000,0.0881400,0.0881400,0.0879700,0.0880400,399434,1785728939999,35165.5441200,422,74669,6575.0667200,0
1785728940000,0.0880400,0.0880700,0.0880300,0.0880500,197485,1785728999999,17387.9540800,223,55803,4913.5773900,0
1785729000000,0.0880500,0.0882100,0.0880400,0.0882100,598744,1785729059999,52749.5581600,389,404451,35632.6171500,0
1785729060000,0.0882200,0.0882500,0.0881700,0.0881900,218227,1785729119999,19249.3098100,248,68235,6018.6726100,0
1785729120000,0.0881900,0.0881900,0.0880300,0.0880800,321087,1785729179999,28290.5771400,331,134589,11858.4753300,0
1785729180000,0.0880900,0.0881200,0.0880900,0.0881000,76182,1785729239999,6711.6901900,130,31797,2801.5168400,0
1785729240000,0.0881000,0.0881400,0.0880700,0.0881300,94867,1785729299999,8357.7640700,119,59371,5230.1992100,0
1785729300000,0.0881200,0.0881200,0.0880000,0.0880200,214386,1785729359999,18874.8112300,211,98556,8676.5807500,0
1785729360000,0.0880100,0.0881500,0.0880000,0.0880700,394844,1785729419999,34771.3898000,279,328676,28943.4235800,0
1785729420000,0.0880800,0.0880800,0.0880100,0.0880400,265260,1785729479999,23354.6049300,207,136601,12026.0194400,0
1785729480000,0.0880500,0.0880800,0.0880200,0.0880400,332623,1785729539999,29287.5476300,236,145109,12778.1789600,0
1785729540000,0.0880400,0.0880700,0.0877400,0.0878000,2850280,1785729599999,250462.1317600,882,362584,31859.0826400,0
1785729600000,0.0878000,0.0878000,0.0876700,0.0878000,708234,1785729659999,62125.4408500,577,447120,39219.6492500,0
1785729660000,0.0878000,0.0878500,0.0876900,0.0877900,596528,1785729719999,52367.5755500,449,294491,25853.6229300,0
1785729720000,0.0877800,0.0878100,0.0877200,0.0877700,366858,1785729779999,32199.4945600,328,105601,9268.8509300,0
1785729780000,0.0877800,0.0877900,0.0877100,0.0877600,347701,1785729839999,30510.7805900,341,64055,5621.2616700,0
1785729840000,0.0877600,0.0879300,0.0877600,0.0879000,522074,1785729899999,45872.1582900,521,362991,31894.8090100,0
1785729900000,0.0878900,0.0880300,0.0878800,0.0880300,355277,1785729959999,31253.0519300,323,269801,23735.0905200,0
1785729960000,0.0880400,0.0882400,0.0880200,0.0881800,948701,1785730019999,83615.4206700,602,588511,51868.7038600,0
1785730020000,0.0882000,0.0882300,0.0880800,0.0880900,340544,1785730079999,30035.0432100,432,93404,8238.9378500,0
1785730080000,0.0880900,0.0880900,0.0878500,0.0878600,428495,1785730139999,37700.6142700,489,105918,9321.3444500,0
1785730140000,0.0878500,0.0879200,0.0878000,0.0878900,579327,1785730199999,50897.8378400,462,262609,23070.4762600,0
1785730200000,0.0878900,0.0878900,0.0877700,0.0878000,374251,1785730259999,32865.2176700,407,192590,16913.7469300,0
1785730260000,0.0878100,0.0879900,0.0877900,0.0879900,353496,1785730319999,31059.8202900,291,237924,20900.8682100,0
1785730320000,0.0879800,0.0881400,0.0879800,0.0881400,199790,1785730379999,17595.5232600,216,132265,11649.6983700,0
1785730380000,0.0881400,0.0881700,0.0880800,0.0881300,358819,1785730439999,31617.2223800,375,95267,8396.4839600,0
1785730440000,0.0881200,0.0881500,0.0880700,0.0881200,219081,1785730499999,19303.5811400,223,56936,5016.5220300,0
1785730500000,0.0881200,0.0882200,0.0881000,0.0882200,232563,1785730559999,20505.0561500,229,171470,15120.2447800,0
1785730560000,0.0882100,0.0882900,0.0881900,0.0882200,384818,1785730619999,33954.2584100,367,272557,24050.0639200,0
1785730620000,0.0882200,0.0882800,0.0881900,0.0882500,142724,1785730679999,12595.3392600,200,66123,5834.8319900,0
1785730680000,0.0882600,0.0883000,0.0882300,0.0882800,289253,1785730739999,25529.3513200,272,173436,15308.4502100,0
1785730740000,0.0882900,0.0882900,0.0882800,0.0882900,66792,1785730799999,5896.8309100,114,43315,3824.2813500,0
1785730800000,0.0882900,0.0883500,0.0881500,0.0883500,792922,1785730859999,69994.8118500,511,522057,46089.6045300,0
1785730860000,0.0883500,0.0884800,0.0883100,0.0884700,987282,1785730919999,87304.1537200,560,607806,53749.4705400,0
1785730920000,0.0884700,0.0885600,0.0884100,0.0884300,603558,1785730979999,53412.2786100,441,329302,29143.9131900,0
1785730980000,0.0884200,0.0884200,0.0883600,0.0883800,148981,1785731039999,13168.3941400,227,55851,4936.2947800,0
1785731040000,0.0883800,0.0884000,0.0883600,0.0883900,80373,1785731099999,7103.5950500,139,60927,5385.0406600,0
1785731100000,0.0884000,0.0884900,0.0884000,0.0884400,318173,1785731159999,28139.7268300,281,241018,21315.2265000,0
1785731160000,0.0884400,0.0884500,0.0883400,0.0883800,339531,1785731219999,30011.4843000,251,196065,17329.7910900,0
1785731220000,0.0883700,0.0884000,0.0883300,0.0883500,376328,1785731279999,33256.3926400,227,318427,28140.2962600,0
1785731280000,0.0883500,0.0883600,0.0883300,0.0883600,85434,1785731339999,7547.6917000,114,30260,2673.3933400,0
1785731340000,0.0883600,0.0885300,0.0882800,0.0884600,587353,1785731399999,51911.1192600,434,439525,38853.0568600,0
1785731400000,0.0884600,0.0885600,0.0884400,0.0884800,538232,1785731459999,47638.3867600,367,345756,30603.5823000,0
1785731460000,0.0884800,0.0884800,0.0883800,0.0884100,185276,1785731519999,16385.8936800,208,69439,6140.5859900,0
1785731520000,0.0884000,0.0884200,0.0883200,0.0883300,187691,1785731579999,16584.7700300,241,79981,7066.3288000,0
1785731580000,0.0883300,0.0884100,0.0883100,0.0884100,295988,1785731639999,26155.0789200,215,264131,23340.6810900,0
1785731640000,0.0884100,0.0884200,0.0882400,0.0882600,216075,1785731699999,19080.7459900,342,69708,6154.0211800,0
1785731700000,0.0882600,0.0883000,0.0882600,0.0882800,177723,1785731759999,15689.5650900,210,101965,9001.2769000,0
1785731760000,0.0882700,0.0883000,0.0882400,0.0882500,405907,1785731819999,35827.4215100,275,45147,3985.0351700,0
1785731820000,0.0882500,0.0884700,0.0882300,0.0883600,2239079,1785731879999,197857.7673700,687,2060456,182075.7101100,0
1785731880000,0.0883500,0.0884200,0.0883100,0.0884000,508116,1785731939999,44899.2201400,278,352937,31190.0716400,0
1785731940000,0.0884000,0.0884400,0.0883500,0.0884400,262467,1785731999999,23203.1327600,246,89411,7904.9080900,0
1785732000000,0.0884300,0.0886800,0.0884200,0.0885400,2970118,1785732059999,263010.6475100,1225,2405133,212967.1476600,0
1785732060000,0.0885400,0.0886400,0.0885400,0.0886200,269543,1785732119999,23882.3111900,313,145940,12930.4596200,0
1785732120000,0.0886300,0.0887200,0.0886200,0.0887100,537547,1785732179999,47655.0402100,395,413542,36662.2554100,0
1785732180000,0.0887100,0.0887800,0.0886400,0.0887700,694332,1785732239999,61598.7420300,516,532896,47276.5842500,0
1785732240000,0.0887600,0.0891700,0.0887300,0.0890800,3058819,1785732299999,272079.3905600,1550,2253528,200459.8010100,0
1785732300000,0.0890900,0.0891000,0.0887800,0.0888800,1062529,1785732359999,94463.1815400,772,415164,36895.6869600,0
1785732360000,0.0888700,0.0888700,0.0885400,0.0885900,3102273,1785732419999,275098.3376100,1509,1019029,90372.8907400,0
1785732420000,0.0885900,0.0886400,0.0885200,0.0886000,519869,1785732479999,46049.9133100,449,353968,31353.9221700,0
1785732480000,0.0886000,0.0886000,0.0885200,0.0885800,405357,1785732539999,35896.9272500,398,323444,28642.5806900,0
1785732540000,0.0885800,0.0885800,0.0884300,0.0884600,712051,1785732599999,63010.4037500,411,95212,8428.2355600,0
1785732600000,0.0884600,0.0884700,0.0883000,0.0883300,520207,1785732659999,45980.6920800,433,220428,19477.8451300,0
1785732660000,0.0883200,0.0884500,0.0882300,0.0882600,1421503,1785732719999,125554.1739200,728,1065736,94133.2864000,0
1785732720000,0.0882700,0.0883100,0.0882400,0.0882400,627244,1785732779999,55361.5685600,306,198023,17477.8127700,0
1785732780000,0.0882400,0.0882400,0.0881900,0.0882300,294960,1785732839999,26021.3329300,276,183515,16189.6536300,0
1785732840000,0.0882300,0.0882300,0.0881100,0.0882200,749214,1785732899999,66068.0338600,561,365279,32213.4663300,0
1785732900000,0.0882200,0.0882700,0.0881400,0.0881900,140403,1785732959999,12385.0044700,272,92127,8127.2382200,0
1785732960000,0.0881900,0.0882200,0.0881500,0.0882100,164792,1785733019999,14530.8383000,207,77257,6812.6184800,0
1785733020000,0.0882100,0.0882600,0.0881600,0.0881600,245465,1785733079999,21655.3927600,312,82886,7312.5128000,0
1785733080000,0.0881500,0.0881600,0.0878400,0.0879800,3113659,1785733139999,273900.5642200,1120,570360,50157.8581600,0
1785733140000,0.0879700,0.0879800,0.0879400,0.0879500,309802,1785733199999,27249.7460800,243,133166,11714.1318300,0
1785733200000,0.0879500,0.0882000,0.0879200,0.0881200,687666,1785733259999,60563.3630800,489,443518,39048.8695300,0
1785733260000,0.0881100,0.0882400,0.0880900,0.0882100,457071,1785733319999,40296.8550900,459,260673,22982.2102300,0
1785733320000,0.0882000,0.0882800,0.0881900,0.0882700,474964,1785733379999,41913.0758200,545,335040,29566.4114400,0
1785733380000,0.0882800,0.0883100,0.0882200,0.0882200,196997,1785733439999,17387.6642500,262,32588,2876.9696100,0
1785733440000,0.0882200,0.0883800,0.0882200,0.0882600,1449745,1785733499999,128018.8288000,522,1206743,106571.9458000,0
1785733500000,0.0882700,0.0882700,0.0881000,0.0881200,735026,1785733559999,64826.0523500,468,68752,6060.9459700,0
1785733560000,0.0881100,0.0882600,0.0880900,0.0882600,170858,1785733619999,15061.8275100,216,72866,6425.1210100,0
1785733620000,0.0882600,0.0883400,0.0882200,0.0883400,302666,1785733679999,26715.7512000,282,243186,21466.3927400,0
1785733680000,0.0883400,0.0883400,0.0882600,0.0883300,106539,1785733739999,9408.7811600,172,38704,3418.1075200,0
1785733740000,0.0883200,0.0883200,0.0882500,0.0883100,344932,1785733799999,30449.8493500,259,217231,19176.6990000,0
1785733800000,0.0883000,0.0883000,0.0882300,0.0882800,289953,1785733859999,25592.3157900,299,20284,1790.1595500,0
1785733860000,0.0882800,0.0882800,0.0881400,0.0882300,365530,1785733919999,32245.6963900,400,112016,9879.5923600,0
1785733920000,0.0882300,0.0882800,0.0882300,0.0882500,90812,1785733979999,8014.4940800,138,46025,4061.9337700,0
1785733980000,0.0882500,0.0883000,0.0882500,0.0882900,166549,1785734039999,14702.5083900,181,109020,9623.8573600,0
1785734040000,0.0882800,0.0883000,0.0881800,0.0882100,387550,1785734099999,34196.2282900,347,118530,10457.4747600,0
1785734100000,0.0882100,0.0882400,0.0881700,0.0882400,144777,1785734159999,12769.1098500,189,78872,6956.4089300,0
1785734160000,0.0882500,0.0882500,0.0880100,0.0880500,1133086,1785734219999,99850.7678500,634,190690,16795.8988300,0
1785734220000,0.0880500,0.0880500,0.0879300,0.0879900,902078,1785734279999,79373.6309800,394,547798,48203.1444400,0
1785734280000,0.0879900,0.0880300,0.0879300,0.0879800,317717,1785734339999,27953.3456500,299,227774,20039.6414300,0
1785734340000,0.0879900,0.0880300,0.0879300,0.0880000,545035,1785734399999,47946.9240400,376,130180,11453.1020600,0
1785734400000,0.0879900,0.0880000,0.0879100,0.0879300,257134,1785734459999,22619.6264400,219,70793,6227.5321600,0
1785734460000,0.0879300,0.0879300,0.0877600,0.0878700,891054,1785734519999,78276.2418700,564,316906,27845.5625100,0
1785734520000,0.0878700,0.0878700,0.0877400,0.0877600,413837,1785734579999,36325.5649100,368,174957,15356.1391900,0
1785734580000,0.0877600,0.0878300,0.0876900,0.0877500,1441429,1785734639999,126475.4860100,548,527700,46295.4200900,0
1785734640000,0.0877400,0.0877500,0.0876800,0.0877400,1213223,1785734699999,106403.6440000,498,758807,66547.4724600,0
1785734700000,0.0877400,0.0877600,0.0877100,0.0877600,284794,1785734759999,24987.2294300,308,137915,12100.6405100,0
1785734760000,0.0877500,0.0878200,0.0877100,0.0878100,644118,1785734819999,56530.1573700,463,245549,21552.2522000,0
1785734820000,0.0878200,0.0878200,0.0872500,0.0876300,9679495,1785734879999,846776.3585400,2533,2957733,258961.0987300,0
1785734880000,0.0876300,0.0876800,0.0876000,0.0876600,404488,1785734939999,35448.4727400,291,222761,19521.8725400,0
1785734940000,0.0876700,0.0877700,0.0876100,0.0876900,959649,1785734999999,84155.3846200,564,610723,53563.7968600,0
1785735000000,0.0876800,0.0878000,0.0876400,0.0877100,540308,1785735059999,47391.5120100,371,357007,31315.1534200,0
1785735060000,0.0877200,0.0877300,0.0876300,0.0876700,470746,1785735119999,41276.6142500,254,101875,8929.2937400,0
1785735120000,0.0876700,0.0876900,0.0876300,0.0876300,488444,1785735179999,42817.7448300,355,256229,22462.9950700,0
1785735180000,0.0876200,0.0876300,0.0875100,0.0875100,441530,1785735239999,38667.6638500,280,142202,12451.5040300,0
1785735240000,0.0875200,0.0875300,0.0874000,0.0874400,3013543,1785735299999,263594.2959300,814,1993353,174365.2854800,0
1785735300000,0.0874400,0.0874800,0.0874300,0.0874300,465288,1785735359999,40690.8943400,290,322156,28174.2770800,0
1785735360000,0.0874200,0.0874400,0.0872400,0.0872900,1215504,1785735419999,106158.6725600,751,469549,41007.6128400,0
1785735420000,0.0873000,0.0874000,0.0873000,0.0873900,664158,1785735479999,58016.4846900,409,177422,15499.3161500,0
1785735480000,0.0873900,0.0874000,0.0873300,0.0873400,447233,1785735539999,39070.4970900,302,279259,24395.6901400,0
1785735540000,0.0873500,0.0874400,0.0873500,0.0874400,341284,1785735599999,29826.2235400,279,259603,22687.4661500,0
1785735600000,0.0874500,0.0874600,0.0873100,0.0873400,412997,1785735659999,36091.3222600,342,110739,9678.1779800,0
1785735660000,0.0873400,0.0875000,0.0873400,0.0874700,723202,1785735719999,63234.2851300,451,469307,41035.0949400,0
1785735720000,0.0874700,0.0875000,0.0874300,0.0874300,268585,1785735779999,23492.0199900,225,156482,13687.3524400,0
1785735780000,0.0874200,0.0874200,0.0873500,0.0873600,465188,1785735839999,40650.5542200,322,212929,18608.5441100,0
1785735840000,0.0873500,0.0874000,0.0873400,0.0873500,284548,1785735899999,24859.9258600,240,209623,18314.1484400,0
1785735900000,0.0873600,0.0874200,0.0873600,0.0873800,200863,1785735959999,17553.9990900,236,108884,9515.6866900,0
1785735960000,0.0873800,0.0874100,0.0873300,0.0874100,158927,1785736019999,13885.1300000,203,86674,7572.2894100,0
1785736020000,0.0874100,0.0874800,0.0874000,0.0874800,139586,1785736079999,12206.4624500,226,78060,6825.3690200,0
1785736080000,0.0874700,0.0875300,0.0874200,0.0875200,569010,1785736139999,49784.0314600,372,463101,40520.8649500,0
1785736140000,0.0875300,0.0875300,0.0874700,0.0874700,420771,1785736199999,36821.3580800,253,91193,7981.2545400,0
1785736200000,0.0874600,0.0874600,0.0873900,0.0874400,257426,1785736259999,22507.1502800,260,139786,12221.0958100,0
1785736260000,0.0874400,0.0875300,0.0874400,0.0875300,641953,1785736319999,56164.9830400,393,347104,30368.3977300,0
1785736320000,0.0875300,0.0877300,0.0875300,0.0876400,1620386,1785736379999,142014.2275000,524,1466225,128504.1969200,0
1785736380000,0.0876400,0.0877800,0.0876300,0.0876800,1659939,1785736439999,145592.9783500,710,1280605,112321.7095800,0
1785736440000,0.0876800,0.0877000,0.0876600,0.0876800,238135,1785736499999,20881.2315500,216,176124,15444.2741700,0
1785736500000,0.0876700,0.0877300,0.0876300,0.0876300,436470,1785736559999,38271.9823800,365,144230,12649.1289500,0
1785736560000,0.0876300,0.0877200,0.0876300,0.0877100,105243,1785736619999,9227.3237600,135,92905,8145.3389500,0
1785736620000,0.0877200,0.0877200,0.0876100,0.0876100,179014,1785736679999,15693.2391200,194,43252,3791.6626400,0
1785736680000,0.0876100,0.0876600,0.0875700,0.0876400,262183,1785736739999,22970.9403000,235,202735,17762.2035400,0
1785736740000,0.0876400,0.0878300,0.0876400,0.0877700,1330117,1785736799999,116734.7981100,526,978390,85863.4111300,0
1785736800000,0.0877800,0.0879800,0.0877600,0.0878800,632190,1785736859999,55552.6559500,559,425849,37423.2546600,0
1785736860000,0.0878700,0.0879000,0.0878400,0.0878500,212379,1785736919999,18663.2830000,225,51650,4538.9703400,0
1785736920000,0.0878500,0.0878700,0.0877300,0.0877400,545316,1785736979999,47882.5598300,471,121036,10630.3551300,0
1785736980000,0.0877500,0.0877500,0.0876300,0.0876700,718349,1785737039999,62989.8278200,533,200387,17572.0774100,0
1785737040000,0.0876700,0.0877300,0.0876500,0.0876900,366071,1785737099999,32102.7116600,299,221887,19457.3019800,0
1785737100000,0.0876900,0.0876900,0.0876300,0.0876400,141340,1785737159999,12389.0550300,130,73773,6466.3747900,0
1785737160000,0.0876400,0.0876900,0.0875500,0.0875900,470745,1785737219999,41240.7743000,373,134044,11745.7683600,0
1785737220000,0.0875900,0.0876500,0.0875100,0.0875200,239846,1785737279999,21010.3197500,275,114622,10042.7882200,0
1785737280000,0.0875300,0.0875700,0.0875300,0.0875400,355872,1785737339999,31158.2109000,270,207631,18179.3209700,0
1785737340000,0.0875300,0.0875600,0.0875100,0.0875200,240398,1785737399999,21042.6141000,205,159614,13971.7925000,0
1785737400000,0.0875200,0.0875500,0.0874300,0.0874900,743729,1785737459999,65063.5328700,460,407908,35681.5603000,0
1785737460000,0.0875000,0.0875000,0.0874500,0.0874600,381806,1785737519999,33394.5637300,286,151320,13235.3660600,0
1785737520000,0.0874700,0.0875600,0.0873400,0.0874300,1937505,1785737579999,169403.0493500,722,1428351,124895.3057800,0
1785737580000,0.0874300,0.0874600,0.0873800,0.0874500,480330,1785737639999,41994.2402800,320,268057,23435.5816900,0
1785737640000,0.0874400,0.0874400,0.0873300,0.0873600,322921,1785737699999,28215.4793700,250,123114,10754.4123800,0
1785737700000,0.0873600,0.0873900,0.0873200,0.0873700,250366,1785737759999,21870.7345900,227,89574,7825.0685500,0
1785737760000,0.0873700,0.0874700,0.0873700,0.0874500,274587,1785737819999,24008.1769400,297,158579,13864.2534700,0
1785737820000,0.0874500,0.0876800,0.0874000,0.0876500,2254011,1785737879999,197314.9054700,949,1459350,127748.4330500,0
1785737880000,0.0876600,0.0876600,0.0876000,0.0876200,199352,1785737939999,17468.7538000,196,102454,8976.6865300,0
1785737940000,0.0876300,0.0876500,0.0873900,0.0874600,1692838,1785737999999,148067.0027300,612,174687,15281.0622100,0
1785738000000,0.0874500,0.0874500,0.0873600,0.0873700,161469,1785738059999,14111.4651200,173,55785,4875.4120200,0
1785738060000,0.0873600,0.0874500,0.0873500,0.0873600,526753,1785738119999,46044.9663100,351,282323,24678.2880200,0
1785738120000,0.0873700,0.0874100,0.0873600,0.0874100,210893,1785738179999,18427.9105500,178,163017,14244.4432600,0
1785738180000,0.0874000,0.0874300,0.0873400,0.0874300,283932,1785738239999,24810.1280100,236,77389,6763.0874500,0
1785738240000,0.0874300,0.0874300,0.0871200,0.0872100,1708213,1785738299999,149014.6577300,860,415821,36270.4948300,0
1785738300000,0.0872100,0.0872500,0.0871400,0.0871900,1609674,1785738359999,140350.1467800,913,722737,63023.1532600,0
1785738360000,0.0872000,0.0872300,0.0870500,0.0870800,2174390,1785738419999,189433.0671800,875,319117,27810.8550500,0
1785738420000,0.0870800,0.0871500,0.0870700,0.0871400,492026,1785738479999,42860.9315600,373,276956,24126.7933500,0
1785738480000,0.0871400,0.0872600,0.0871400,0.0871900,868288,1785738539999,75731.1671500,354,537789,46904.1500000,0
1785738540000,0.0871900,0.0873200,0.0871300,0.0873000,628344,1785738599999,54808.8367800,405,470100,41012.6567200,0
1785738600000,0.0873000,0.0873200,0.0872700,0.0873200,382066,1785738659999,33353.8580800,267,311869,27226.2830000,0
1785738660000,0.0873200,0.0873800,0.0873200,0.0873500,149909,1785738719999,13095.2678900,173,57888,5056.6132700,0
1785738720000,0.0873500,0.0874100,0.0873500,0.0873800,469655,1785738779999,41036.6224300,322,364030,31805.8837700,0
1785738780000,0.0873900,0.0874500,0.0873400,0.0874400,286183,1785738839999,25012.2797500,248,172585,15085.5647500,0
1785738840000,0.0874300,0.0874300,0.0873300,0.0873300,419759,1785738899999,36686.7132000,305,176542,15429.9023100,0
1785738900000,0.0873400,0.0874200,0.0873400,0.0873900,1218917,1785738959999,106519.7846900,438,1058229,92476.6383400,0
1785738960000,0.0874000,0.0874400,0.0873700,0.0873800,243973,1785739019999,21325.4146600,236,136422,11925.4543400,0
1785739020000,0.0873800,0.0874600,0.0873400,0.0873900,395639,1785739079999,34579.0730500,372,246284,21525.6148400,0
1785739080000,0.0874000,0.0874000,0.0872600,0.0873200,463618,1785739139999,40484.3091800,322,172211,15035.8165900,0
1785739140000,0.0873300,0.0873900,0.0873000,0.0873400,327202,1785739199999,28578.7724900,308,271993,23756.7431600,0
1785739200000,0.0873500,0.0873500,0.0872600,0.0873400,591080,1785739259999,51610.4051300,444,181291,15829.0502000,0
1785739260000,0.0873500,0.0875100,0.0873500,0.0873700,886285,1785739319999,77486.7351200,517,586645,51286.3517100,0
1785739320000,0.0873700,0.0877900,0.0873700,0.0876200,6231116,1785739379999,545902.6603300,2122,4983936,436602.9970200,0
1785739380000,0.0876100,0.0876100,0.0874400,0.0875200,889049,1785739439999,77788.0575400,627,357630,31292.5904300,0
1785739440000,0.0875200,0.0875400,0.0874300,0.0874500,643645,1785739499999,56303.2662300,397,182754,15988.8364300,0
1785739500000,0.0874500,0.0877300,0.0874300,0.0876900,1483068,1785739559999,129960.8249100,684,1331476,116678.7155600,0
1785739560000,0.0876900,0.0878800,0.0874900,0.0877700,3810458,1785739619999,334085.4834300,1515,1949141,171036.0215800,0
1785739620000,0.0877700,0.0878600,0.0877500,0.0878400,738049,1785739679999,64813.3668300,494,246610,21653.9975100,0
1785739680000,0.0878400,0.0879800,0.0878200,0.0879500,901216,1785739739999,79224.0392700,519,713832,62756.2241100,0
1785739740000,0.0879400,0.0885600,0.0879100,0.0883800,10087423,1785739799999,890920.2604100,3185,6765816,597476.7441500,0
1785739800000,0.0883900,0.0884000,0.0882500,0.0883600,1786200,1785739859999,157729.1722500,728,600762,53056.5858400,0
1785739860000,0.0883600,0.0885000,0.0883600,0.0884900,626019,1785739919999,55372.9216700,413,410174,36276.1495700,0
1785739920000,0.0884900,0.0886600,0.0884900,0.0886600,1071186,1785739979999,94868.4391000,602,638966,56587.4166100,0
1785739980000,0.0886600,0.0886800,0.0885300,0.0885800,817860,1785740039999,72466.3951100,526,253027,22430.6255600,0
1785740040000,0.0885800,0.0886000,0.0883900,0.0884100,711309,1785740099999,62938.0458600,501,220015,19464.4349500,0
1785740100000,0.0884100,0.0884500,0.0882800,0.0883100,1960443,1785740159999,173201.3546500,845,836491,73900.7800200,0
1785740160000,0.0883200,0.0883500,0.0883200,0.0883300,872623,1785740219999,77083.1807300,264,182094,16086.0236900,0
1785740220000,0.0883400,0.0883400,0.0880100,0.0880400,1384690,1785740279999,122030.9166500,762,320921,28284.2714100,0
1785740280000,0.0880400,0.0880400,0.0878500,0.0879700,921720,1785740339999,81047.3686500,488,391927,34451.5944500,0
1785740340000,0.0879700,0.0880100,0.0879000,0.0879700,431717,1785740399999,37971.1454500,364,172738,15191.4275800,0
1785740400000,0.0879600,0.0880800,0.0879100,0.0879600,1003293,1785740459999,88291.9563000,560,616720,54284.6174900,0
1785740460000,0.0879500,0.0879500,0.0878400,0.0879100,920091,1785740519999,80865.0170100,574,547051,48078.9964000,0
1785740520000,0.0879000,0.0881200,0.0878400,0.0881200,748569,1785740579999,65839.5670600,528,420007,36947.0491200,0
1785740580000,0.0881200,0.0881200,0.0878900,0.0879300,646750,1785740639999,56918.6882100,557,251469,22128.9730400,0
1785740640000,0.0879300,0.0880200,0.0879300,0.0879400,439664,1785740699999,38685.7711500,295,185143,16288.6557900,0
1785740700000,0.0879300,0.0881000,0.0879200,0.0881000,549247,1785740759999,48323.9681200,359,396666,34904.8831700,0
1785740760000,0.0880900,0.0882000,0.0880700,0.0880800,640773,1785740819999,56480.4200500,529,370288,32641.1833100,0
1785740820000,0.0880800,0.0882100,0.0880700,0.0882000,475661,1785740879999,41935.0129500,392,412851,36398.2490400,0
1785740880000,0.0882000,0.0884000,0.0881900,0.0883400,1062314,1785740939999,93812.3858700,546,767798,67791.6119800,0
1785740940000,0.0883300,0.0883300,0.0882100,0.0882600,726179,1785740999999,64103.0265900,475,170352,15036.7269300,0
1785741000000,0.0882500,0.0882900,0.0881900,0.0882500,1008359,1785741059999,88972.8168000,586,265699,23443.8373200,0
1785741060000,0.0882500,0.0884600,0.0882500,0.0883100,1279196,1785741119999,113049.9406400,677,907663,80221.9738900,0
1785741120000,0.0883000,0.0883900,0.0882600,0.0883700,609247,1785741179999,53809.6985600,410,353852,31253.0032100,0
1785741180000,0.0883600,0.0883700,0.0882700,0.0883300,570978,1785741239999,50433.5544400,409,289582,25578.5469800,0
1785741240000,0.0883300,0.0884800,0.0882500,0.0882500,786543,1785741299999,69507.9141400,545,432210,38190.1709200,0
1785741300000,0.0882500,0.0882600,0.0879900,0.0881200,1119502,1785741359999,98621.2386800,854,351635,30972.6778800,0
1785741360000,0.0881300,0.0883000,0.0881200,0.0882800,342385,1785741419999,30206.9692600,347,190744,16830.9773000,0
1785741420000,0.0882800,0.0883400,0.0880900,0.0881000,2366682,1785741479999,208836.0989400,1224,817812,72164.4705200,0
1785741480000,0.0881000,0.0881800,0.0880800,0.0881600,269763,1785741539999,23776.7010500,282,111011,9783.8468100,0
1785741540000,0.0881600,0.0883000,0.0881600,0.0883000,602858,1785741599999,53203.0749000,477,353297,31176.8513800,0
1785741600000,0.0882900,0.0883400,0.0882500,0.0883100,498054,1785741659999,43973.9354500,337,216808,19143.5996300,0
1785741660000,0.0883100,0.0884600,0.0883100,0.0883700,1306228,1785741719999,115455.5123600,786,578107,51101.4324400,0
1785741720000,0.0883600,0.0885400,0.0883300,0.0884800,820438,1785741779999,72594.1199100,469,342309,30281.9775300,0
1785741780000,0.0884900,0.0885400,0.0884600,0.0885300,617850,1785741839999,54683.3744500,441,312726,27679.0961000,0
1785741840000,0.0885400,0.0887800,0.0884800,0.0887300,1762631,1785741899999,156279.4338200,881,1301786,115413.9208100,0
1785741900000,0.0887300,0.0887400,0.0885100,0.0885100,905154,1785741959999,80216.0323600,478,241671,21414.2233900,0
1785741960000,0.0885100,0.0885200,0.0883200,0.0883800,1110536,1785742019999,98167.0606300,627,188245,16643.8249100,0
1785742020000,0.0883700,0.0884800,0.0883000,0.0884600,819603,1785742079999,72456.2111300,466,635548,56187.1201700,0
1785742080000,0.0884600,0.0884900,0.0883300,0.0883800,436607,1785742139999,38589.4182800,398,251207,22201.5864300,0
1785742140000,0.0883800,0.0884600,0.0883800,0.0884600,214628,1785742199999,18977.3764800,214,180164,15930.4805500,0
1785742200000,0.0884600,0.0885400,0.0884100,0.0885000,628594,1785742259999,55618.1767400,431,341217,30194.8771500,0
1785742260000,0.0885000,0.0885000,0.0884000,0.0884400,259166,1785742319999,22922.3042600,246,93290,8250.1563800,0
1785742320000,0.0884300,0.0885300,0.0884300,0.0885300,333215,1785742379999,29481.0801400,299,213132,18857.5666100,0
1785742380000,0.0885300,0.0885900,0.0885100,0.0885600,661448,1785742439999,58574.4028300,382,229764,20349.8745300,0
1785742440000,0.0885500,0.0886300,0.0885300,0.0886100,1257433,1785742499999,111383.2157700,479,743842,65886.7301200,0
1785742500000,0.0886000,0.0886100,0.0884500,0.0884500,414744,1785742559999,36728.6672100,366,242799,21505.3315300,0
1785742560000,0.0884400,0.0884400,0.0881300,0.0881500,1548660,1785742619999,136705.7551000,824,403235,35565.4015000,0
1785742620000,0.0881400,0.0881500,0.0879700,0.0880700,843142,1785742679999,74265.4059000,646,487869,42979.9324600,0
1785742680000,0.0880800,0.0881100,0.0880400,0.0880400,513406,1785742739999,45218.0655000,311,285446,25141.9219000,0
1785742740000,0.0880300,0.0880300,0.0878200,0.0878900,1278930,1785742799999,112406.9960200,745,325138,28580.1902100,0
1785742800000,0.0879100,0.0879100,0.0878500,0.0878900,778219,1785742859999,68383.2660600,311,170863,15014.4160000,0
1785742860000,0.0878800,0.0880100,0.0878700,0.0879600,346933,1785742919999,30515.4047400,281,149091,13112.7092900,0
1785742920000,0.0879500,0.0879500,0.0878900,0.0879100,273110,1785742979999,24011.5915600,236,59315,5214.7013700,0
1785742980000,0.0879100,0.0879400,0.0879000,0.0879100,188102,1785743039999,16536.5785700,176,99596,8755.8146100,0
1785743040000,0.0879100,0.0879300,0.0878400,0.0878900,296447,1785743099999,26052.6648600,309,193416,16999.6202300,0
1785743100000,0.0878800,0.0879600,0.0878700,0.0879400,171596,1785743159999,15089.8906200,187,79987,7033.2012800,0
1785743160000,0.0879500,0.0879500,0.0879200,0.0879500,135897,1785743219999,11950.6330300,138,58583,5151.7696500,0
1785743220000,0.0879400,0.0881200,0.0879300,0.0881200,1145246,1785743279999,100799.4978400,440,994434,87531.1134300,0
1785743280000,0.0881100,0.0881600,0.0879300,0.0880400,4608235,1785743339999,405573.7331500,722,3263060,287157.3395900,0
1785743340000,0.0880400,0.0881300,0.0880400,0.0880500,279545,1785743399999,24622.9397700,302,68321,6016.9377300,0
1785743400000,0.0880500,0.0880500,0.0879100,0.0879200,275790,1785743459999,24255.6077700,270,161063,14161.7472700,0
1785743460000,0.0879200,0.0879500,0.0878000,0.0878200,565905,1785743519999,49726.5781300,407,176419,15503.0414200,0
1785743520000,0.0878100,0.0878600,0.0877000,0.0878600,488039,1785743579999,42836.1105500,411,209807,18419.5063100,0
1785743580000,0.0878600,0.0879600,0.0878600,0.0879200,278528,1785743639999,24486.9614300,229,172861,15194.1504800,0
1785743640000,0.0879200,0.0879400,0.0878800,0.0879400,235609,1785743699999,20712.9729300,163,151761,13341.6318100,0
1785743700000,0.0879400,0.0881100,0.0879400,0.0881000,170548,1785743759999,15011.6054300,233,135076,11887.6407900,0
1785743760000,0.0881000,0.0881200,0.0880000,0.0880100,607599,1785743819999,53515.3745100,354,386376,34032.8933800,0
1785743820000,0.0880100,0.0880300,0.0879400,0.0880300,228596,1785743879999,20112.1225400,204,126481,11127.6375600,0
1785743880000,0.0880300,0.0880300,0.0879200,0.0879900,202743,1785743939999,17833.2674000,231,90280,7941.1385300,0
1785743940000,0.0880000,0.0880700,0.0879400,0.0880100,358007,1785743999999,31513.7690400,290,144703,12736.1843700,0
1785744000000,0.0880200,0.0881300,0.0880000,0.0881000,634413,1785744059999,55877.8713600,575,392403,34558.8581500,0
1785744060000,0.0881100,0.0881900,0.0880300,0.0880600,475120,1785744119999,41864.7795000,438,161931,14271.2410600,0
1785744120000,0.0880700,0.0881300,0.0879800,0.0881100,638912,1785744179999,56265.4195300,451,292560,25768.6383900,0
1785744180000,0.0881000,0.0881100,0.0880400,0.0880400,329363,1785744239999,29009.2952200,275,158307,13942.5311500,0
1785744240000,0.0880500,0.0882400,0.0880400,0.0882000,361625,1785744299999,31878.4255400,362,285788,25195.2951500,0
1785744300000,0.0882100,0.0884900,0.0882100,0.0884800,1098645,1785744359999,97094.5876000,656,783529,69222.1115700,0
1785744360000,0.0884900,0.0887500,0.0884900,0.0887100,1018865,1785744419999,90253.9431100,574,429747,38086.5700500,0
1785744420000,0.0887200,0.0889100,0.0886400,0.0886700,2761731,1785744479999,245125.4752800,1084,1182560,105025.4147700,0
1785744480000,0.0886700,0.0888700,0.0886100,0.0886500,1687315,1785744539999,149697.6744400,690,414490,36770.5567600,0
1785744540000,0.0886600,0.0888400,0.0886600,0.0887100,1696390,1785744599999,150577.7830700,645,321647,28544.8955300,0
1785744600000,0.0887100,0.0890000,0.0887100,0.0889100,3376807,1785744659999,300126.6701500,1215,1539560,136823.6753600,0
1785744660000,0.0889200,0.0889400,0.0888400,0.0888600,1870482,1785744719999,166280.3222200,689,501697,44595.8482600,0
1785744720000,0.0888700,0.0891100,0.0887100,0.0887800,2460242,1785744779999,218899.9356200,767,1676536,149183.9572500,0
1785744780000,0.0887900,0.0888100,0.0886900,0.0887300,449740,1785744839999,39905.0421500,318,240658,21353.0638900,0
1785744840000,0.0887400,0.0889000,0.0887400,0.0888800,484569,1785744899999,43036.9801100,364,392928,34898.7089400,0
1785744900000,0.0888800,0.0890600,0.0888400,0.0890000,905025,1785744959999,80504.2703000,646,440540,39182.6298500,0
1785744960000,0.0890000,0.0890900,0.0887600,0.0888300,1666357,1785745019999,148154.9405800,861,635303,56487.2117100,0
1785745020000,0.0888400,0.0889700,0.0887600,0.0889100,655267,1785745079999,58247.0167300,466,276398,24570.6060600,0
1785745080000,0.0889000,0.0889000,0.0884900,0.0885700,877433,1785745139999,77746.3525500,655,283726,25129.9004400,0
1785745140000,0.0885700,0.0886700,0.0884200,0.0884800,899254,1785745199999,79607.2922100,653,447693,39625.9032200,0
1785745200000,0.0884900,0.0885600,0.0884100,0.0884800,719251,1785745259999,63636.6597800,475,400963,35473.5524800,0
1785745260000,0.0884800,0.0885100,0.0881300,0.0882600,2251877,1785745319999,198855.6470400,1324,874560,77222.6142300,0
1785745320000,0.0882700,0.0884400,0.0882000,0.0883900,650149,1785745379999,57411.9117600,636,463725,40942.8544900,0
1785745380000,0.0883900,0.0885200,0.0883400,0.0885100,820809,1785745439999,72607.9054600,556,579769,51287.1356900,0
1785745440000,0.0885100,0.0885500,0.0884000,0.0885000,444676,1785745499999,39344.1608100,514,148234,13113.8423700,0
1785745500000,0.0885000,0.0885100,0.0882300,0.0883500,561459,1785745559999,49608.2047100,518,144751,12794.3875000,0
1785745560000,0.0883400,0.0884100,0.0882200,0.0883600,547245,1785745619999,48319.3103700,489,304332,26870.8853600,0
1785745620000,0.0883500,0.0883600,0.0880000,0.0881600,1945399,1785745679999,171392.7439100,1031,961404,84716.1042000,0
1785745680000,0.0881500,0.0882100,0.0880400,0.0882100,732943,1785745739999,64574.6539500,596,283201,24954.3067200,0
1785745740000,0.0882100,0.0882400,0.0881000,0.0882000,314325,1785745799999,27718.1522700,370,196136,17297.1765400,0
1785745800000,0.0882000,0.0882300,0.0879300,0.0881800,837673,1785745859999,73747.8844000,629,316194,27838.5896400,0
1785745860000,0.0881800,0.0882700,0.0880500,0.0881300,462538,1785745919999,40777.4505700,558,254020,22392.3065000,0
1785745920000,0.0881400,0.0882600,0.0880200,0.0882200,951578,1785745979999,83868.3546000,734,460086,40553.6318500,0
1785745980000,0.0882200,0.0883100,0.0881600,0.0882400,631218,1785746039999,55695.8137500,465,457981,40409.0432800,0
1785746040000,0.0882300,0.0884400,0.0882300,0.0884100,1083548,1785746099999,95718.5251700,489,832209,73520.6979800,0
1785746100000,0.0884000,0.0885100,0.0883900,0.0885100,459227,1785746159999,40616.2436000,491,199371,17634.9494100,0
1785746160000,0.0885100,0.0887300,0.0884800,0.0886800,1133401,1785746219999,100458.3759100,720,728906,64614.1985900,0
1785746220000,0.0886800,0.0887200,0.0886200,0.0886400,919282,1785746279999,81495.8657700,538,286734,25421.5074800,0
1785746280000,0.0886400,0.0887200,0.0886400,0.0887200,317859,1785746339999,28187.3633200,319,222135,19697.6082700,0
1785746340000,0.0887200,0.0887200,0.0885900,0.0886300,813857,1785746399999,72134.0104500,393,180773,16023.1674300,0
1785746400000,0.0886300,0.0887100,0.0886300,0.0886700,691166,1785746459999,61288.2599700,446,324919,28813.0426800,0
1785746460000,0.0886700,0.0890000,0.0886700,0.0889500,1800070,1785746519999,160001.5958100,879,1397641,124213.2694900,0
1785746520000,0.0889400,0.0890700,0.0888900,0.0889600,938382,1785746579999,83514.8158400,591,496014,44143.5682300,0
1785746580000,0.0889500,0.0889700,0.0887500,0.0888200,1177150,1785746639999,104579.1883600,667,258677,22973.7312400,0
1785746640000,0.0888200,0.0889400,0.0888000,0.0889300,416098,1785746699999,36982.2697000,415,306335,27227.7731500,0
1785746700000,0.0889400,0.0890900,0.0889100,0.0890100,958223,1785746759999,85293.0647500,661,669938,59630.6429400,0
1785746760000,0.0890100,0.0893500,0.0889400,0.0890900,7788628,1785746819999,694548.3938500,2287,5431969,484417.6685500,0
1785746820000,0.0890800,0.0890900,0.0889100,0.0889600,964191,1785746879999,85795.7791300,643,410607,36530.6216200,0
1785746880000,0.0889600,0.0890500,0.0889500,0.0890400,571037,1785746939999,50832.4191500,447,247034,21990.4521600,0
1785746940000,0.0890400,0.0890700,0.0889500,0.0890000,524756,1785746999999,46701.4836600,482,220658,19637.8251800,0
1785747000000,0.0890000,0.0891500,0.0890000,0.0891300,1178481,1785747059999,104981.3846100,569,955182,85084.1041000,0
1785747060000,0.0891300,0.0894400,0.0891200,0.0892700,4798416,1785747119999,428647.8972000,1755,3351771,299421.8207100,0
1785747120000,0.0892700,0.0893800,0.0892300,0.0893800,720580,1785747179999,64345.3268500,661,437349,39061.5846400,0
1785747180000,0.0893800,0.0894700,0.0893600,0.0893900,1512034,1785747239999,135202.4374600,827,759988,67959.6186700,0
1785747240000,0.0894000,0.0896300,0.0894000,0.0894800,2701301,1785747299999,241876.2460100,1251,2004414,179488.1790000,0
1785747300000,0.0894800,0.0897200,0.0894800,0.0896600,1577966,1785747359999,141433.2806400,970,1000311,89647.5975200,0
1785747360000,0.0896700,0.0897400,0.0894800,0.0895300,1398780,1785747419999,125360.4181300,770,587051,52634.2941600,0
1785747420000,0.0895200,0.0896700,0.0895100,0.0896200,1730438,1785747479999,155044.8688200,703,1264067,113258.9502900,0
1785747480000,0.0896100,0.0896100,0.0895100,0.0895700,857886,1785747539999,76836.8468900,472,504530,45185.3040500,0
1785747540000,0.0895700,0.0896100,0.0893600,0.0894200,755438,1785747599999,67589.5814400,593,233540,20886.2612700,0
1785747600000,0.0894300,0.0895900,0.0894300,0.0895500,1026451,1785747659999,91892.3666900,605,646696,57890.9423700,0
1785747660000,0.0895600,0.0897500,0.0895500,0.0896800,1003903,1785747719999,90022.5758500,583,692196,62073.1114900,0
1785747720000,0.0896900,0.0897600,0.0895700,0.0897400,2054476,1785747779999,184173.5113000,786,565930,50757.6661700,0
1785747780000,0.0897300,0.0897400,0.0895300,0.0895300,796345,1785747839999,71371.1827200,547,228426,20476.7588200,0
1785747840000,0.0895200,0.0896200,0.0895000,0.0895300,391611,1785747899999,35066.6305000,432,185995,16653.1726700,0
1785747900000,0.0895200,0.0897600,0.0894300,0.0897400,867388,1785747959999,77713.7223400,712,479330,42952.8338900,0
1785747960000,0.0897300,0.0897600,0.0896900,0.0897400,542519,1785748019999,48679.7026200,388,348370,31257.9787700,0
1785748020000,0.0897300,0.0898700,0.0896900,0.0898600,1563127,1785748079999,140308.7799200,604,1172604,105269.9752800,0
1785748080000,0.0898600,0.0899700,0.0897900,0.0899000,1536137,1785748139999,138099.6858600,824,1081831,97265.7355300,0
1785748140000,0.0898900,0.0898900,0.0897200,0.0898100,825993,1785748199999,74161.1963800,571,289579,25992.8858500,0
1785748200000,0.0898100,0.0898100,0.0896100,0.0896400,1259374,1785748259999,112968.6959900,764,355615,31912.7541700,0
1785748260000,0.0896300,0.0897500,0.0895400,0.0895800,2341172,1785748319999,209884.2687000,872,1206756,108175.5542800,0
1785748320000,0.0895800,0.0897500,0.0895500,0.0897400,304044,1785748379999,27258.4877900,359,165140,14805.9263400,0
1785748380000,0.0897500,0.0897500,0.0895600,0.0895800,614198,1785748439999,55058.4133500,438,187865,16838.7363500,0
1785748440000,0.0895900,0.0896700,0.0890900,0.0891600,4470751,1785748499999,399523.1077200,1661,463793,41429.6045100,0
1785748500000,0.0891500,0.0893100,0.0891200,0.0893100,608105,1785748559999,54243.5619600,492,379949,33896.5484800,0
1785748560000,0.0893200,0.0893600,0.0888100,0.0890700,8016346,1785748619999,713733.5262200,2170,1769153,157566.7856500,0
1785748620000,0.0890800,0.0891300,0.0889900,0.0890600,527994,1785748679999,47036.1776800,386,243336,21678.9808900,0
1785748680000,0.0890500,0.0893400,0.0890500,0.0892600,1474443,1785748739999,131532.5350000,643,1278709,114056.2908600,0
1785748740000,0.0892600,0.0893300,0.0891800,0.0892500,511413,1785748799999,45643.5329700,451,352357,31446.3093400,0
1785748800000,0.0892600,0.0894500,0.0892600,0.0894200,699117,1785748859999,62480.8027700,482,548708,49039.9614800,0
1785748860000,0.0894300,0.0895400,0.0893900,0.0894700,892152,1785748919999,79802.5922400,472,536834,48020.4578800,0
1785748920000,0.0894700,0.0895300,0.0894500,0.0895300,104087,1785748979999,9314.0269400,141,80229,7179.1650100,0
1785748980000,0.0895300,0.0896500,0.0893900,0.0893900,735163,1785749039999,65848.4442600,558,445762,39935.5794400,0
1785749040000,0.0893900,0.0895100,0.0893800,0.0894900,506779,1785749099999,45325.8756500,329,418975,37472.7834500,0
1785749100000,0.0894800,0.0894800,0.0894300,0.0894300,241782,1785749159999,21628.9408600,191,152978,13684.5117700,0
1785749160000,0.0894400,0.0894500,0.0891600,0.0891600,803298,1785749219999,71744.2778600,438,55199,4931.6529300,0
1785749220000,0.0891600,0.0892400,0.0890500,0.0892400,1350746,1785749279999,120408.9318600,764,942722,84048.5735800,0
1785749280000,0.0892500,0.0893800,0.0892400,0.0893500,430305,1785749339999,38418.8384800,326,333959,29817.3305700,0
1785749340000,0.0893500,0.0894200,0.0892100,0.0892200,324069,1785749399999,28944.7807700,276,175470,15673.3896800,0
1785749400000,0.0892100,0.0892100,0.0890600,0.0891000,1428510,1785749459999,127306.7272400,619,1004018,89477.5962600,0
1785749460000,0.0891100,0.0892600,0.0891100,0.0892400,1432966,1785749519999,127820.5078900,564,1057126,94293.7176100,0
1785749520000,0.0892500,0.0894300,0.0892500,0.0894000,657340,1785749579999,58740.8935800,517,365253,32636.8806000,0
1785749580000,0.0894000,0.0897400,0.0894000,0.0897200,659303,1785749639999,59056.5759700,542,568369,50911.4881200,0
1785749640000,0.0897300,0.0899000,0.0897300,0.0897900,3368928,1785749699999,302547.6220900,997,2648755,237860.6492600,0
1785749700000,0.0898000,0.0900000,0.0898000,0.0898700,2026734,1785749759999,182220.4468400,907,976421,87804.4070700,0
1785749760000,0.0898700,0.0899400,0.0898300,0.0898900,436660,1785749819999,39249.2433800,436,313318,28163.1454100,0
1785749820000,0.0898900,0.0899500,0.0897100,0.0898300,1743485,1785749879999,156610.2394800,919,612679,55006.6775100,0
1785749880000,0.0898300,0.0899100,0.0898200,0.0898800,678049,1785749939999,60934.4757500,445,461221,41448.6644200,0
1785749940000,0.0898900,0.0899100,0.0897800,0.0897800,643311,1785749999999,57780.1922600,350,103834,9328.3503800,0
1785750000000,0.0897800,0.0898000,0.0896600,0.0897100,1182898,1785750059999,106134.8259100,564,354430,31799.0107900,0
1785750060000,0.0897100,0.0897300,0.0896000,0.0896400,978159,1785750119999,87691.8628900,439,461689,41377.8015000,0
1785750120000,0.0896400,0.0897100,0.0895700,0.0897000,373120,1785750179999,33445.3412500,364,212772,19072.5637900,0
1785750180000,0.0896900,0.0898500,0.0896500,0.0898200,782619,1785750239999,70256.3121600,363,676537,60734.9300700,0
1785750240000,0.0898200,0.0898200,0.0896700,0.0897900,521155,1785750299999,46780.0152100,493,274288,24617.4384100,0
1785750300000,0.0897900,0.0898400,0.0896200,0.0897100,800981,1785750359999,71890.5711200,574,527569,47363.3796900,0
1785750360000,0.0897000,0.0897200,0.0896100,0.0896300,367412,1785750419999,32945.6807100,367,158278,14191.4611000,0
1785750420000,0.0896200,0.0897100,0.0895900,0.0897100,204350,1785750479999,18320.2397900,255,170491,15284.8891300,0
1785750480000,0.0897100,0.0897100,0.0896100,0.0896600,347770,1785750539999,31181.3764200,321,85482,7663.2689800,0
1785750540000,0.0896500,0.0898300,0.0896200,0.0897300,486539,1785750599999,43658.3507900,469,348073,31234.5612600,0
1785750600000,0.0897300,0.0900700,0.0897300,0.0899400,6288822,1785750659999,565781.7770300,1281,5466808,491845.8673300,0
1785750660000,0.0899300,0.0901200,0.0899200,0.0901200,1994749,1785750719999,179583.7546700,692,1603092,144349.0787200,0
1785750720000,0.0901100,0.0902000,0.0899700,0.0900400,1623030,1785750779999,146254.5733400,937,1087497,98005.5451200,0
1785750780000,0.0900300,0.0900300,0.0896900,0.0898000,1200451,1785750839999,107926.1339100,721,488161,43870.2788300,0
1785750840000,0.0898000,0.0899200,0.0896600,0.0897800,1776600,1785750899999,159483.8124900,835,840665,75459.4821800,0
1785750900000,0.0897800,0.0898700,0.0897200,0.0898700,1241159,1785750959999,111438.2456300,522,423974,38067.8818700,0
1785750960000,0.0898800,0.0899200,0.0898000,0.0898900,481985,1785751019999,43308.7249800,386,229623,20631.9372900,0
1785751020000,0.0898900,0.0899900,0.0898600,0.0899600,492680,1785751079999,44310.4745000,438,323646,29104.6928900,0
1785751080000,0.0899800,0.0900800,0.0898600,0.0899000,596514,1785751139999,53665.2307000,543,313244,28175.8094900,0
1785751140000,0.0899100,0.0900900,0.0899100,0.0900900,462873,1785751199999,41650.4475100,315,303974,27359.7004300,0
1785751200000,0.0901000,0.0901900,0.0900300,0.0900300,1355298,1785751259999,122169.7497100,714,774922,69856.9056600,0
1785751260000,0.0900400,0.0900800,0.0898400,0.0899600,1930134,1785751319999,173632.9679700,1193,782916,70430.2434700,0
1785751320000,0.0899700,0.0900400,0.0899200,0.0899600,619258,1785751379999,55725.5840700,573,245419,22086.1643900,0
1785751380000,0.0899500,0.0900200,0.0899300,0.0899400,626328,1785751439999,56355.3428700,536,141483,12730.0690900,0
1785751440000,0.0899400,0.0901100,0.0899400,0.0901000,193035,1785751499999,17380.9584100,330,74748,6728.7283800,0
1785751500000,0.0900900,0.0900900,0.0899000,0.0900400,610215,1785751559999,54924.2764900,569,135177,12163.8548000,0
1785751560000,0.0900500,0.0900900,0.0899400,0.0899800,852654,1785751619999,76739.0514900,706,505105,45462.5054700,0
1785751620000,0.0899700,0.0900000,0.0898900,0.0899600,844832,1785751679999,75984.4433400,574,412374,37090.7632900,0
1785751680000,0.0899600,0.0900300,0.0899400,0.0899800,235444,1785751739999,21186.9127800,258,91556,8238.5609100,0
1785751740000,0.0899900,0.0901000,0.0899100,0.0900600,486122,1785751799999,43763.7050100,558,268493,24173.6846900,0
1785751800000,0.0900600,0.0902200,0.0898100,0.0902000,2754933,1785751859999,247970.4192900,1193,1912984,172186.0646500,0
1785751860000,0.0902000,0.0904900,0.0900100,0.0901900,9340488,1785751919999,842553.9919700,3966,5731382,517093.0157700,0
1785751920000,0.0901900,0.0911600,0.0901700,0.0906900,16456133,1785751979999,1494307.0648600,4953,11013367,999908.0776500,0
1785751980000,0.0906900,0.0907000,0.0905000,0.0906900,5963315,1785752039999,540195.5838000,2043,3384202,306609.4600300,0
1785752040000,0.0907000,0.0908200,0.0906400,0.0907400,1854893,1785752099999,168280.2562500,1207,720025,65331.5465900,0
1785752100000,0.0907300,0.0907300,0.0903300,0.0904500,2440227,1785752159999,220729.2650700,1213,959114,86732.2843000,0
1785752160000,0.0904500,0.0907900,0.0904500,0.0907100,2845893,1785752219999,257772.2517400,1301,1740687,157675.6788000,0
1785752220000,0.0907100,0.0907900,0.0905600,0.0906300,2148444,1785752279999,194819.3383600,1076,971780,88123.8920900,0
1785752280000,0.0906300,0.0906900,0.0905700,0.0905800,522572,1785752339999,47355.8712800,493,196010,17763.0248600,0
1785752340000,0.0905800,0.0906200,0.0903500,0.0904700,3383236,1785752399999,306158.9782400,1311,1132772,102471.2365500,0
1785752400000,0.0904600,0.0904800,0.0900800,0.0901200,3113423,1785752459999,280836.2037600,1496,1241370,111947.2802000,0
1785752460000,0.0901200,0.0901400,0.0899100,0.0900100,1390233,1785752519999,125144.6098700,971,580627,52271.8466000,0
1785752520000,0.0900100,0.0901300,0.0900100,0.0901100,667267,1785752579999,60112.8570100,548,400438,36074.4441800,0
1785752580000,0.0901100,0.0901200,0.0899600,0.0900600,365297,1785752639999,32880.3031400,441,152409,13718.3595200,0
1785752640000,0.0900600,0.0900800,0.0896700,0.0898900,2534561,1785752699999,227623.8575600,1336,453014,40722.6199400,0
1785752700000,0.0898900,0.0900000,0.0898400,0.0899700,840393,1785752759999,75576.1022100,600,672604,60491.9756600,0
1785752760000,0.0899700,0.0899900,0.0898600,0.0899400,598007,1785752819999,53771.6032700,537,274437,24681.7852700,0
1785752820000,0.0899400,0.0900000,0.0898700,0.0899000,397285,1785752879999,35723.7102000,469,154327,13875.8293900,0
1785752880000,0.0899200,0.0901800,0.0899000,0.0899000,2872339,1785752939999,258701.7044400,1049,2339559,210731.5939200,0
1785752940000,0.0899100,0.0899800,0.0898800,0.0899600,296233,1785752999999,26638.5834300,372,234291,21069.0331600,0
1785753000000,0.0899500,0.0905400,0.0899000,0.0900100,8899376,1785753059999,803106.9835400,2967,6804607,614061.0634200,0
1785753060000,0.0900000,0.0901200,0.0899900,0.0900400,1537826,1785753119999,138467.7196500,602,1179936,106245.5147000,0
1785753120000,0.0900500,0.0902400,0.0900500,0.0901300,536930,1785753179999,48390.2448800,552,254892,22970.0172800,0
1785753180000,0.0901400,0.0903500,0.0900600,0.0903400,684013,1785753239999,61679.4241300,641,363119,32745.5038100,0
1785753240000,0.0903500,0.0906400,0.0903100,0.0906100,2341838,1785753299999,211903.8347900,1141,828108,74940.7021300,0
1785753300000,0.0906200,0.0906800,0.0905100,0.0906600,1336893,1785753359999,121117.1723200,636,234662,21255.4557600,0
1785753360000,0.0906600,0.0906700,0.0903500,0.0903800,1398563,1785753419999,126575.4290100,933,339917,30742.5123000,0
1785753420000,0.0903700,0.0903800,0.0900900,0.0901800,1462377,1785753479999,131894.0942100,813,892638,80494.8167000,0
1785753480000,0.0901800,0.0902700,0.0901500,0.0902700,721615,1785753539999,65084.7699100,472,623890,56270.1889100,0
1785753540000,0.0902800,0.0904400,0.0902800,0.0902900,1223084,1785753599999,110520.4714000,730,499738,45170.4503600,0
1785753600000,0.0903000,0.0904400,0.0902400,0.0904200,423910,1785753659999,38298.9778000,441,236959,21415.8667300,0
1785753660000,0.0904300,0.0904300,0.0901800,0.0903200,938572,1785753719999,84726.0195600,673,232748,21004.3466400,0
1785753720000,0.0903300,0.0904200,0.0902600,0.0904000,346314,1785753779999,31280.2465200,465,168597,15229.7867400,0
1785753780000,0.0904000,0.0904200,0.0903100,0.0903300,223811,1785753839999,20228.5946400,320,75729,6845.6507500,0
1785753840000,0.0903400,0.0903700,0.0901800,0.0902000,705136,1785753899999,63638.1278000,511,220796,19927.4674400,0
1785753900000,0.0902000,0.0902500,0.0900700,0.0901100,432896,1785753959999,39030.3955800,435,66757,6021.0531200,0
1785753960000,0.0901000,0.0901300,0.0900100,0.0901200,458099,1785754019999,41253.1466700,364,93253,8399.4561500,0
1785754020000,0.0901200,0.0901400,0.0900200,0.0900300,366637,1785754079999,33035.7069300,251,47262,4259.0468700,0
1785754080000,0.0900200,0.0900500,0.0896800,0.0897500,3513427,1785754139999,315674.2566600,1097,487798,43850.0513400,0
1785754140000,0.0897400,0.0898400,0.0896900,0.0897200,1287821,1785754199999,115609.0122800,801,524893,47118.4698800,0
1785754200000,0.0897300,0.0899000,0.0896300,0.0898900,1048337,1785754259999,94051.1214500,677,555908,49875.2071200,0
1785754260000,0.0899000,0.0899500,0.0898300,0.0899400,855802,1785754319999,76943.9197900,440,611283,54970.3959100,0
1785754320000,0.0899400,0.0901000,0.0899400,0.0900800,862288,1785754379999,77623.3385900,539,661956,59580.8486000,0
1785754380000,0.0900900,0.0901100,0.0900300,0.0900300,303659,1785754439999,27352.1823700,349,102796,9260.3941000,0
1785754440000,0.0900200,0.0901100,0.0899400,0.0900200,426188,1785754499999,38359.8844400,415,218518,19669.1952300,0
1785754500000,0.0900200,0.0900900,0.0900000,0.0900200,298883,1785754559999,26907.6575600,299,204181,18380.1161500,0
1785754560000,0.0900300,0.0900700,0.0900100,0.0900600,258463,1785754619999,23273.2729300,237,134280,12090.3156200,0
1785754620000,0.0900700,0.0901400,0.0900200,0.0900300,312177,1785754679999,28122.5436900,324,142677,12853.4449800,0
1785754680000,0.0900200,0.0900300,0.0899100,0.0899100,807002,1785754739999,72611.9437000,489,150509,13544.8707800,0
1785754740000,0.0899000,0.0899800,0.0898500,0.0899300,683867,1785754799999,61498.5746200,521,478376,43020.9009800,0
1785754800000,0.0899400,0.0900400,0.0899200,0.0899800,754838,1785754859999,67913.8174300,536,428299,38534.9439000,0
1785754860000,0.0899800,0.0900700,0.0899600,0.0900300,846113,1785754919999,76166.2110500,443,636953,57339.8509500,0
1785754920000,0.0900200,0.0901700,0.0900200,0.0900300,502181,1785754979999,45239.0012600,431,316245,28492.9094800,0
1785754980000,0.0900200,0.0900200,0.0898800,0.0899500,796090,1785755039999,71579.2162000,429,379347,34104.2997400,0
1785755040000,0.0899400,0.0900300,0.0899200,0.0899700,274689,1785755099999,24711.3857200,331,69715,6271.8641400,0
1785755100000,0.0899600,0.0900000,0.0898800,0.0899500,805754,1785755159999,72474.2042800,524,267180,24029.2801800,0
1785755160000,0.0899500,0.0900100,0.0898100,0.0899200,356768,1785755219999,32075.7090600,514,134901,12131.3421400,0
1785755220000,0.0899100,0.0900100,0.0898500,0.0899900,267147,1785755279999,24025.0652100,329,98923,8895.9059900,0
1785755280000,0.0899800,0.0899800,0.0898500,0.0898600,738879,1785755339999,66408.6598100,550,236861,21288.7471200,0
1785755340000,0.0898500,0.0899400,0.0898100,0.0899100,410725,1785755399999,36920.5936000,338,238801,21465.7126600,0
1785755400000,0.0899200,0.0900400,0.0899200,0.0899700,334850,1785755459999,30132.7617600,334,146022,13137.6957100,0
1785755460000,0.0899700,0.0900400,0.0899600,0.0899600,404699,1785755519999,36422.2581000,340,119384,10743.5771700,0
1785755520000,0.0899600,0.0899600,0.0898800,0.0898800,274302,1785755579999,24663.5139600,310,79226,7123.4062800,0
1785755580000,0.0898800,0.0899400,0.0897800,0.0898800,1641104,1785755639999,147468.0465000,589,418350,37610.2066200,0
1785755640000,0.0898800,0.0900700,0.0898800,0.0900600,238451,1785755699999,21455.2028200,233,167185,15043.8881200,0
1785755700000,0.0900600,0.0901300,0.0899900,0.0900600,569436,1785755759999,51290.9055800,495,303922,27374.9381100,0
1785755760000,0.0900600,0.0900600,0.0899300,0.0899900,240449,1785755819999,21639.6044700,350,63503,5716.3439200,0
1785755820000,0.0899900,0.0900200,0.0899400,0.0899900,188405,1785755879999,16950.4471700,282,79428,7145.9217200,0
1785755880000,0.0900000,0.0900400,0.0899700,0.0900400,196137,1785755939999,17650.5712500,243,79721,7174.6217600,0
1785755940000,0.0900400,0.0902200,0.0900400,0.0901100,588802,1785755999999,53090.4573600,508,499182,45011.2197300,0
1785756000000,0.0901100,0.0901900,0.0900900,0.0901400,282035,1785756059999,25419.5255100,313,210152,18941.3311900,0
1785756060000,0.0901400,0.0901600,0.0900200,0.0900200,153182,1785756119999,13802.8916800,249,48580,4378.6847100,0
1785756120000,0.0900200,0.0901300,0.0900100,0.0901000,179095,1785756179999,16133.3094400,238,88648,7985.2801500,0
1785756180000,0.0901000,0.0901000,0.0899500,0.0900300,607379,1785756239999,54663.4755600,434,191506,17237.5172200,0
1785756240000,0.0900400,0.0900700,0.0900100,0.0900100,163747,1785756299999,14745.8298500,174,103658,9335.0746300,0
1785756300000,0.0900000,0.0900200,0.0899200,0.0899600,159697,1785756359999,14367.7573700,251,65716,5911.3088300,0
1785756360000,0.0899500,0.0899600,0.0897600,0.0898400,1354404,1785756419999,121702.5281700,633,137340,12338.1124100,0
1785756420000,0.0898400,0.0898400,0.0897600,0.0897900,247389,1785756479999,22216.6428300,279,95729,8596.4405800,0
1785756480000,0.0898000,0.0898600,0.0898000,0.0898200,236482,1785756539999,21243.6968400,239,187314,16826.7077700,0
1785756540000,0.0898100,0.0898400,0.0897300,0.0898300,784875,1785756599999,70476.9780500,432,233711,20986.2707500,0
1785756600000,0.0898400,0.0899500,0.0898400,0.0899100,478611,1785756659999,43027.2488400,369,140289,12612.2568600,0
1785756660000,0.0899100,0.0899200,0.0898900,0.0899000,92143,1785756719999,8283.8938500,142,50775,4564.7825800,0
1785756720000,0.0899000,0.0900400,0.0899000,0.0899000,635400,1785756779999,57153.1314600,448,307445,27649.8760100,0
1785756780000,0.0899000,0.0900200,0.0899000,0.0900100,142952,1785756839999,12858.4851200,189,76987,6924.6476000,0
1785756840000,0.0900200,0.0902200,0.0900200,0.0901500,1007556,1785756899999,90824.1975400,732,756107,68164.6836100,0
1785756900000,0.0901600,0.0901900,0.0901100,0.0901100,299492,1785756959999,26997.8403900,295,102952,9281.3908600,0
1785756960000,0.0901200,0.0901800,0.0900200,0.0900800,823830,1785757019999,74238.8458300,366,161236,14526.5449300,0
1785757020000,0.0900800,0.0900800,0.0900400,0.0900800,312360,1785757079999,28132.4431000,200,167568,15092.9129700,0
1785757080000,0.0900900,0.0901400,0.0900600,0.0900700,197313,1785757139999,17781.7457500,202,70026,6311.3184100,0
1785757140000,0.0900800,0.0901500,0.0900200,0.0900500,563925,1785757199999,50796.9983800,357,427604,38519.6872400,0
1785757200000,0.0900400,0.0901100,0.0900100,0.0900300,508202,1785757259999,45769.1352700,349,272457,24535.1417900,0
1785757260000,0.0900300,0.0900600,0.0898600,0.0900000,960651,1785757319999,86409.6365800,624,183181,16481.6769800,0
1785757320000,0.0900100,0.0901100,0.0900100,0.0900400,178935,1785757379999,16117.4566300,263,52828,4758.4888000,0
1785757380000,0.0900400,0.0900400,0.0898800,0.0899200,323765,1785757439999,29123.4022600,322,87189,7840.9423700,0
1785757440000,0.0899200,0.0900100,0.0899200,0.0900100,103020,1785757499999,9267.9375200,131,80823,7271.2157300,0
1785757500000,0.0900100,0.0900400,0.0899400,0.0899800,229655,1785757559999,20663.8301600,276,118864,10693.9830100,0
1785757560000,0.0899900,0.0900500,0.0899500,0.0900300,182539,1785757619999,16428.2831400,221,151586,13642.5668300,0
1785757620000,0.0900300,0.0900500,0.0899400,0.0899500,318432,1785757679999,28663.4243400,350,95988,8642.1316600,0
1785757680000,0.0899500,0.0900400,0.0899100,0.0900300,220597,1785757739999,19846.6727000,290,159606,14360.3281400,0
1785757740000,0.0900100,0.0901400,0.0900100,0.0901400,504589,1785757799999,45439.7178800,289,287683,25905.5111900,0
1785757800000,0.0901500,0.0901800,0.0900700,0.0901500,651804,1785757859999,58749.6594100,406,215193,19394.4899400,0
1785757860000,0.0901500,0.0901900,0.0900900,0.0901100,160797,1785757919999,14495.5478500,221,91824,8278.5135900,0
1785757920000,0.0901000,0.0903600,0.0899800,0.0903200,3526058,1785757979999,317943.7446500,1130,2657936,239666.4261700,0
1785757980000,0.0903200,0.0906300,0.0902100,0.0903900,5780098,1785758039999,522728.8958600,2093,3474478,314145.1252300,0
1785758040000,0.0903900,0.0904200,0.0902500,0.0902800,368447,1785758099999,33280.9670000,429,207430,18735.8558700,0
1785758100000,0.0902700,0.0902800,0.0901200,0.0901900,517966,1785758159999,46721.0550400,427,136230,12288.0885100,0
1785758160000,0.0901700,0.0901700,0.0900400,0.0901200,978846,1785758219999,88192.3805200,573,125115,11270.2839900,0
1785758220000,0.0901100,0.0903600,0.0901000,0.0903500,1190916,1785758279999,107483.5858900,639,961510,86771.0515800,0
1785758280000,0.0903500,0.0903800,0.0902500,0.0902700,259978,1785758339999,23478.5115800,302,76202,6881.1599600,0
1785758340000,0.0902700,0.0903000,0.0902300,0.0902800,271836,1785758399999,24539.1049500,284,137259,12391.1918400,0
1785758400000,0.0902800,0.0904900,0.0902600,0.0904200,1198627,1785758459999,108387.8871700,830,873707,79006.8163900,0
1785758460000,0.0904100,0.0904200,0.0902600,0.0904100,1155324,1785758519999,104347.8407100,609,436607,39430.6344500,0
1785758520000,0.0904100,0.0905000,0.0904000,0.0905000,539503,1785758579999,48805.1439800,420,334811,30289.2670000,0
1785758580000,0.0904900,0.0906900,0.0904900,0.0905900,1541619,1785758639999,139654.7483200,684,1216632,110230.2427600,0
1785758640000,0.0906000,0.0907200,0.0905800,0.0906500,936519,1785758699999,84894.6530800,539,489093,44337.3991400,0
1785758700000,0.0906500,0.0909300,0.0906400,0.0907400,2189372,1785758759999,198863.0493600,1094,1699519,154387.7929000,0
1785758760000,0.0907300,0.0907500,0.0906400,0.0907000,825968,1785758819999,74906.1244000,617,482593,43764.4906100,0
1785758820000,0.0906900,0.0907500,0.0906300,0.0907400,1231833,1785758879999,111723.1751000,460,913858,82889.1908100,0
1785758880000,0.0907400,0.0908500,0.0907200,0.0908200,1069652,1785758939999,97127.0543200,525,297060,26970.2120700,0
1785758940000,0.0908200,0.0909500,0.0907400,0.0908500,1638521,1785758999999,148883.0037700,743,723294,65719.1817200,0
1785759000000,0.0908500,0.0908700,0.0907300,0.0908700,974170,1785759059999,88455.1412900,621,238745,21681.0357100,0
1785759060000,0.0908700,0.0909200,0.0907700,0.0908900,1076448,1785759119999,97801.6908700,582,819892,74494.9416000,0
1785759120000,0.0908900,0.0911900,0.0908800,0.0911500,5791228,1785759179999,527505.0492100,1775,4554805,414894.9393900,0
1785759180000,0.0911600,0.0911700,0.0911000,0.0911500,1230547,1785759239999,112149.5681000,669,636644,58030.0534700,0
1785759240000,0.0911500,0.0914800,0.0910500,0.0911400,7586808,1785759299999,692479.4197600,2146,4800175,438348.6334500,0
1785759300000,0.0911300,0.0911400,0.0910200,0.0910900,1214497,1785759359999,110610.0949800,580,676819,61644.9472000,0
1785759360000,0.0910900,0.0911100,0.0909800,0.0909800,649043,1785759419999,59096.2574100,442,162591,14807.5155600,0
1785759420000,0.0909700,0.0909800,0.0908900,0.0909500,1168325,1785759479999,106222.2532900,450,229492,20866.1644500,0
1785759480000,0.0909500,0.0910700,0.0909100,0.0910500,1313014,1785759539999,119490.8776800,653,633669,57671.5627000,0
1785759540000,0.0910600,0.0912200,0.0910400,0.0911900,994913,1785759599999,90673.9315600,645,469336,42777.4948000,0
1785759600000,0.0911900,0.0912000,0.0909800,0.0910300,622931,1785759659999,56746.1748300,384,184226,16782.6194100,0
1785759660000,0.0910300,0.0910300,0.0909300,0.0909300,274129,1785759719999,24943.8913500,297,75330,6854.8517400,0
1785759720000,0.0909300,0.0909400,0.0907800,0.0909200,2211918,1785759779999,201008.3793800,870,1288028,117076.0887700,0
1785759780000,0.0909100,0.0909100,0.0907900,0.0908300,681521,1785759839999,61918.4253200,354,281618,25586.5921100,0
1785759840000,0.0908200,0.0908300,0.0906300,0.0906700,3186173,1785759899999,289135.3379700,693,749418,68020.2533200,0
1785759900000,0.0906700,0.0907200,0.0903800,0.0904200,3294086,1785759959999,298241.5879200,1191,766564,69399.1676400,0
1785759960000,0.0904200,0.0904200,0.0900700,0.0902200,3607418,1785760019999,325566.7651900,1428,967542,87340.7768700,0
1785760020000,0.0902200,0.0903600,0.0902000,0.0902700,800600,1785760079999,72283.0736300,466,451191,40735.5242400,0
1785760080000,0.0902700,0.0903600,0.0902600,0.0903500,486523,1785760139999,43932.8889700,297,282533,25513.5917900,0
1785760140000,0.0903500,0.0903600,0.0902000,0.0902400,605347,1785760199999,54649.7113100,452,372343,33611.1267900,0
1785760200000,0.0902500,0.0902800,0.0901600,0.0901700,570183,1785760259999,51436.7584200,375,331118,29868.4847900,0
1785760260000,0.0901700,0.0902400,0.0901400,0.0902400,435016,1785760319999,39228.1862200,301,269142,24270.3159800,0
1785760320000,0.0902400,0.0904500,0.0902400,0.0902800,1074614,1785760379999,97102.5516300,664,700348,63283.1893400,0
1785760380000,0.0902800,0.0903900,0.0902800,0.0903400,354585,1785760439999,32029.9021000,306,210674,19030.4041500,0
1785760440000,0.0903400,0.0904900,0.0903100,0.0904800,770358,1785760499999,69661.7712100,437,532457,48153.0120800,0
1785760500000,0.0904800,0.0905300,0.0904200,0.0905000,519001,1785760559999,46960.3473700,377,192287,17400.5428100,0
1785760560000,0.0905000,0.0905300,0.0903600,0.0905200,603496,1785760619999,54586.6488300,473,453413,41015.4351300,0
1785760620000,0.0905200,0.0905200,0.0904300,0.0904500,472972,1785760679999,42787.8417200,380,164073,14843.7571700,0
1785760680000,0.0904500,0.0904800,0.0903800,0.0904300,367662,1785760739999,33242.5288500,283,124363,11244.7978900,0
1785760740000,0.0904200,0.0905000,0.0904000,0.0904400,195333,1785760799999,17666.7360700,235,106791,9658.0360000,0
1785760800000,0.0904500,0.0905200,0.0904500,0.0905100,188855,1785760859999,17089.7656700,206,77473,7010.6633300,0
1785760860000,0.0905100,0.0905400,0.0904100,0.0904900,433962,1785760919999,39266.0138800,331,144371,13065.8933400,0
1785760920000,0.0904800,0.0904800,0.0903500,0.0904300,1065321,1785760979999,96334.4335000,523,203699,18416.9895400,0
1785760980000,0.0904300,0.0904800,0.0903300,0.0903900,1270237,1785761039999,114855.0645200,469,282063,25504.0488300,0
1785761040000,0.0903900,0.0909000,0.0903400,0.0908900,2837460,1785761099999,257268.5417400,1107,2323541,210667.3155800,0
1785761100000,0.0909000,0.0909300,0.0907400,0.0907700,1126139,1785761159999,102281.6114800,657,366783,33297.0305200,0
1785761160000,0.0907700,0.0908400,0.0906700,0.0908400,439586,1785761219999,39896.4190700,379,296864,26943.5155300,0
1785761220000,0.0908400,0.0908400,0.0906700,0.0907500,1556422,1785761279999,141182.9426700,525,1254721,113807.8049500,0
1785761280000,0.0907400,0.0908100,0.0906800,0.0907400,412516,1785761339999,37435.1586000,329,207884,18861.1915700,0
1785761340000,0.0907400,0.0908100,0.0907300,0.0908000,183746,1785761399999,16678.8258900,253,95179,8639.4676300,0
1785761400000,0.0908000,0.0908100,0.0906500,0.0906800,622976,1785761459999,56530.8992100,397,170089,15432.8094400,0
1785761460000,0.0906900,0.0908900,0.0906900,0.0908600,308382,1785761519999,28006.6910500,328,224687,20407.2416900,0
1785761520000,0.0908500,0.0909400,0.0908300,0.0909000,403145,1785761579999,36644.3290000,310,258830,23527.8804400,0
1785761580000,0.0909000,0.0909600,0.0908700,0.0909600,690852,1785761639999,62815.1290100,279,608442,55322.1232200,0
1785761640000,0.0909500,0.0909800,0.0908400,0.0908400,338499,1785761699999,30771.8130400,263,75104,6827.4735900,0
1785761700000,0.0908400,0.0911300,0.0908100,0.0910600,1432959,1785761759999,130344.4633800,895,1017742,92570.1929600,0
1785761760000,0.0910700,0.0914700,0.0910600,0.0913600,5106529,1785761819999,466163.5706600,1550,3339737,304804.4062600,0
1785761820000,0.0913600,0.0913800,0.0911400,0.0911500,2127920,1785761879999,194155.3240600,623,1255100,114529.8976700,0
1785761880000,0.0911600,0.0912400,0.0911400,0.0911700,416665,1785761939999,37990.5497100,324,269379,24560.4693600,0
1785761940000,0.0911700,0.0911900,0.0910200,0.0910400,346701,1785761999999,31587.8512000,366,96163,8762.8462900,0
1785762000000,0.0910500,0.0912300,0.0910400,0.0911800,1727457,1785762059999,157456.1059800,700,581245,52991.2009100,0
1785762060000,0.0911800,0.0912100,0.0911100,0.0911200,428496,1785762119999,39067.7622100,283,159593,14552.1577600,0
1785762120000,0.0911200,0.0911500,0.0910500,0.0910800,469382,1785762179999,42758.2068700,397,204332,18612.9926300,0
1785762180000,0.0910700,0.0911300,0.0910400,0.0911000,389044,1785762239999,35438.8381700,342,203050,18497.6483000,0
1785762240000,0.0911000,0.0912000,0.0910100,0.0911800,726699,1785762299999,66222.4604600,609,462995,42195.9395700,0
1785762300000,0.0911700,0.0913800,0.0911400,0.0912800,869122,1785762359999,79318.6426600,588,625529,57081.9097100,0
1785762360000,0.0912700,0.0918800,0.0912300,0.0917100,7959613,1785762419999,729089.3631400,2150,5488336,502617.2938000,0
1785762420000,0.0917000,0.0917200,0.0915600,0.0917000,3727922,1785762479999,341628.8043500,1624,1541314,141258.1818100,0
1785762480000,0.0917000,0.0918500,0.0915800,0.0916100,1159658,1785762539999,106355.8560900,759,653067,59899.6469300,0
1785762540000,0.0916200,0.0917800,0.0915800,0.0917300,879163,1785762599999,80622.0370900,647,456586,41873.9438600,0
1785762600000,0.0917300,0.0917300,0.0915000,0.0915400,1203044,1785762659999,110192.8454400,678,511675,46849.8067900,0
1785762660000,0.0915400,0.0915500,0.0913300,0.0913500,779029,1785762719999,71246.4094200,604,166198,15193.1116400,0
1785762720000,0.0913500,0.0914600,0.0912700,0.0914600,825853,1785762779999,75432.7684400,641,556171,50800.8285400,0
1785762780000,0.0914600,0.0914700,0.0913700,0.0914200,586355,1785762839999,53609.4874900,460,238169,21773.9696000,0
1785762840000,0.0914100,0.0914900,0.0913800,0.0914700,594317,1785762899999,54340.7099800,468,324874,29703.4779800,0
1785762900000,0.0914700,0.0914800,0.0913700,0.0914400,436766,1785762959999,39930.8170100,326,305359,27916.3352000,0
1785762960000,0.0914400,0.0916200,0.0914200,0.0916100,549537,1785763019999,50304.6705600,479,403108,36905.8534600,0
1785763020000,0.0916000,0.0919600,0.0916000,0.0918400,3348463,1785763079999,307591.8978600,1031,2160713,198471.7720400,0
1785763080000,0.0918400,0.0919300,0.0917700,0.0918100,3156671,1785763139999,289916.7369200,1071,1981980,182044.8972400,0
1785763140000,0.0918000,0.0919500,0.0918000,0.0919400,1196008,1785763199999,109929.9400000,619,913059,83923.8306200,0
1785763200000,0.0919400,0.0921600,0.0919000,0.0920900,5365071,1785763259999,493681.3301300,1746,4057230,373371.3563800,0
1785763260000,0.0921000,0.0921200,0.0919600,0.0919900,1355777,1785763319999,124757.5746800,638,376942,34684.6361900,0
1785763320000,0.0920000,0.0922300,0.0919900,0.0921300,3592388,1785763379999,330978.8060300,1119,2346045,216150.8152300,0
1785763380000,0.0921300,0.0922400,0.0919100,0.0919500,841745,1785763439999,77502.9977600,793,434783,40044.9272600,0
1785763440000,0.0919600,0.0920500,0.0919000,0.0920000,840012,1785763499999,77255.6335500,475,450576,41433.4311700,0
1785763500000,0.0919900,0.0920500,0.0918100,0.0919000,1677554,1785763559999,154189.6935500,971,680061,62509.8614100,0
1785763560000,0.0918900,0.0919500,0.0918000,0.0919100,698113,1785763619999,64136.2474100,589,188251,17294.0684800,0
1785763620000,0.0919000,0.0919700,0.0918100,0.0918500,982241,1785763679999,90254.0585500,684,514771,47300.4960700,0
1785763680000,0.0918500,0.0918800,0.0914800,0.0915400,2843824,1785763739999,260620.5724600,1127,816462,74804.8775000,0
1785763740000,0.0915500,0.0915600,0.0913700,0.0914700,1256595,1785763799999,114929.4484800,645,521587,47710.1319800,0
1785763800000,0.0914800,0.0915500,0.0912500,0.0913500,3774055,1785763859999,344928.8674900,1607,1084281,99129.4217300,0
1785763860000,0.0913500,0.0915200,0.0912500,0.0914700,1571117,1785763919999,143623.7107200,998,953974,87218.2604100,0
1785763920000,0.0914700,0.0914700,0.0910500,0.0911000,4333168,1785763979999,395286.5595300,1730,1330745,121362.8938200,0
1785763980000,0.0911000,0.0914800,0.0910600,0.0914800,1356168,1785764039999,123825.6372800,905,997331,91067.5537000,0
1785764040000,0.0914800,0.0916800,0.0914500,0.0915100,1767815,1785764099999,161897.5071400,978,1178577,107944.7951800,0
1785764100000,0.0915100,0.0917300,0.0913800,0.0917200,809981,1785764159999,74146.8399000,713,426347,39036.4302200,0
1785764160000,0.0917300,0.0919600,0.0916100,0.0919300,2617758,1785764219999,240347.3422700,1194,876071,80440.4706200,0
1785764220000,0.0919300,0.0920800,0.0917400,0.0917900,2603101,1785764279999,239239.8067900,1327,1373582,126266.1610000,0
1785764280000,0.0918000,0.0919700,0.0917100,0.0919300,1743034,1785764339999,160106.2329500,874,762814,70057.2896500,0
1785764340000,0.0919300,0.0922100,0.0919100,0.0921400,1375976,1785764399999,126705.5056000,725,922876,85009.2599300,0
1785764400000,0.0921300,0.0922700,0.0920300,0.0921700,1740634,1785764459999,160413.4706400,970,847875,78148.9604700,0
1785764460000,0.0921800,0.0922000,0.0919800,0.0920800,978494,1785764519999,90086.3565900,748,270732,24926.8244300,0
1785764520000,0.0921000,0.0924800,0.0920300,0.0923100,4853120,1785764579999,447800.3643000,2071,3147562,290542.7812500,0
1785764580000,0.0923100,0.0923400,0.0917900,0.0918700,2756459,1785764639999,253491.8686700,1329,461922,42506.1832100,0
1785764640000,0.0918700,0.0922400,0.0918700,0.0922000,1105522,1785764699999,101791.8197300,793,816905,75201.6695900,0
1785764700000,0.0921900,0.0924000,0.0921900,0.0922900,3271837,1785764759999,302036.9947100,1031,1430091,132007.3860000,0
1785764760000,0.0922900,0.0922900,0.0918800,0.0918800,2466079,1785764819999,227005.0462100,1089,628649,57848.5744900,0
1785764820000,0.0918800,0.0920600,0.0918800,0.0920600,461323,1785764879999,42434.3862100,471,258005,23734.4483000,0
1785764880000,0.0920700,0.0922700,0.0920000,0.0921800,2174546,1785764939999,200360.6019900,1066,1080138,99528.3383800,0
1785764940000,0.0921700,0.0925400,0.0921200,0.0921500,5376068,1785764999999,496582.0175800,1633,4023249,371668.0215500,0
1785765000000,0.0921600,0.0923000,0.0920200,0.0921900,4306328,1785765059999,396986.7145900,1666,2322980,214188.5130500,0
1785765060000,0.0921800,0.0922800,0.0920200,0.0921100,1314372,1785765119999,121179.8092200,843,447509,41259.0367300,0
1785765120000,0.0921100,0.0922200,0.0919200,0.0919700,2162638,1785765179999,199062.6051500,1341,1164584,107208.6257300,0
1785765180000,0.0919700,0.0920900,0.0919500,0.0920300,1904928,1785765239999,175334.9171000,866,924108,85052.0937400,0
1785765240000,0.0920400,0.0920900,0.0919600,0.0920300,2452401,1785765299999,225687.4025000,955,1170304,107702.9218000,0
1785765300000,0.0920300,0.0938000,0.0920300,0.0930800,32007197,1785765359999,2977829.9908800,8934,20981288,1952823.7886900,0
1785765360000,0.0930700,0.0932500,0.0926500,0.0927900,5519176,1785765419999,512777.0626700,2675,2589535,240735.5489200,0
1785765420000,0.0927900,0.0929700,0.0927900,0.0929100,2157575,1785765479999,200395.6040400,1298,813985,75600.5499400,0
1785765480000,0.0929200,0.0929400,0.0926400,0.0926400,1293580,1785765539999,120111.1468100,862,749344,69575.8795000,0
1785765540000,0.0926400,0.0927500,0.0925700,0.0926100,2107632,1785765599999,195324.1273300,1197,1220155,113088.2926800,0
1785765600000,0.0926100,0.0927700,0.0923200,0.0923400,3256294,1785765659999,301053.1411200,1586,1625814,150294.2614600,0
1785765660000,0.0923500,0.0924800,0.0922500,0.0924200,2031920,1785765719999,187629.0775100,972,1226085,113207.4356900,0
1785765720000,0.0924100,0.0924300,0.0922600,0.0923700,820123,1785765779999,75721.2414400,668,345054,31854.4251300,0
1785765780000,0.0923700,0.0926300,0.0923700,0.0925200,1801004,1785765839999,166687.9558500,1001,1407778,130296.6558400,0
1785765840000,0.0925300,0.0927600,0.0924800,0.0927000,1319620,1785765899999,122153.3655800,780,559089,51756.0504600,0
1785765900000,0.0927100,0.0930500,0.0926500,0.0929300,2599863,1785765959999,241427.3614300,1319,1874941,174128.9285400,0
1785765960000,0.0929300,0.0932100,0.0928700,0.0931300,3522926,1785766019999,328015.0369400,1078,2450986,228225.8062600,0
1785766020000,0.0931400,0.0931900,0.0929400,0.0930100,2778526,1785766079999,258548.0592900,1154,1363673,126874.3253300,0
1785766080000,0.0930100,0.0932000,0.0929200,0.0931500,1405548,1785766139999,130800.2292600,899,382105,35557.2833900,0
1785766140000,0.0931500,0.0932400,0.0930300,0.0932100,1958459,1785766199999,182398.8414000,953,999748,93130.2728300,0
1785766200000,0.0932100,0.0936000,0.0931800,0.0935500,4247575,1785766259999,396769.9920200,1720,3162055,295364.7875700,0
1785766260000,0.0935600,0.0937900,0.0935400,0.0937400,3723786,1785766319999,348758.0462500,1909,2260965,211773.7603500,0
1785766320000,0.0937400,0.0939300,0.0935700,0.0936500,5050276,1785766379999,473527.6316600,2007,2820038,264530.3405400,0
1785766380000,0.0936500,0.0939100,0.0936000,0.0938400,5050662,1785766439999,473448.3568100,2025,1216870,114086.4392700,0
1785766440000,0.0938400,0.0939400,0.0937000,0.0937100,1299236,1785766499999,121914.5909800,898,626167,58769.9969500,0
1785766500000,0.0937000,0.0937000,0.0934300,0.0935100,1826052,1785766559999,170787.5893200,1065,1008851,94332.7837300,0
1785766560000,0.0935200,0.0938900,0.0935000,0.0937900,1054765,1785766619999,98838.9404900,873,701938,65775.3755400,0
1785766620000,0.0937900,0.0938000,0.0935700,0.0935800,691590,1785766679999,64801.6383600,723,188199,17630.7739900,0
1785766680000,0.0935800,0.0937400,0.0935700,0.0936600,1302996,1785766739999,122028.8536400,895,646902,60585.1125600,0
1785766740000,0.0936500,0.0938700,0.0935700,0.0935800,1253156,1785766799999,117506.7333900,888,821836,77065.4494100,0
1785766800000,0.0935700,0.0935700,0.0931200,0.0932800,2990974,1785766859999,279124.0473600,1599,573981,53549.7382100,0
1785766860000,0.0932800,0.0932800,0.0928900,0.0930500,2565201,1785766919999,238615.0196100,1356,670219,62339.1986300,0
1785766920000,0.0930500,0.0932600,0.0930000,0.0932100,1755288,1785766979999,163485.3666600,1095,553777,51584.5668700,0
1785766980000,0.0932100,0.0932100,0.0929300,0.0931300,1956599,1785767039999,181992.1240600,973,916126,85201.9690600,0
1785767040000,0.0931300,0.0934900,0.0930600,0.0933800,1389543,1785767099999,129618.9259300,1115,844529,78784.5512800,0
1785767100000,0.0933800,0.0936800,0.0933400,0.0936700,1562119,1785767159999,146035.5522100,1165,661895,61887.4093700,0
1785767160000,0.0936700,0.0936700,0.0934300,0.0935800,913194,1785767219999,85428.1795300,875,388118,36310.6997900,0
1785767220000,0.0935700,0.0935800,0.0932400,0.0933100,1732172,1785767279999,161749.8632500,1130,368136,34388.1500200,0
1785767280000,0.0933100,0.0935600,0.0931300,0.0934600,1905800,1785767339999,177942.4919300,1245,1350421,126078.0816200,0
1785767340000,0.0934600,0.0936000,0.0932700,0.0932800,1063030,1785767399999,99381.4865800,951,586437,54839.5004100,0
1785767400000,0.0932900,0.0935100,0.0932800,0.0933100,1183867,1785767459999,110579.4316900,1168,766968,71640.9815500,0
1785767460000,0.0933000,0.0935500,0.0932500,0.0934400,1146760,1785767519999,107107.1094300,1107,762885,71244.7120500,0
1785767520000,0.0934500,0.0935500,0.0931700,0.0932300,1635949,1785767579999,152708.7905200,1315,511108,47706.7649800,0
1785767580000,0.0932300,0.0935100,0.0932000,0.0935000,1915644,1785767639999,178837.8061900,940,1466544,136886.2127200,0
1785767640000,0.0935000,0.0936400,0.0933600,0.0934800,1913621,1785767699999,179002.7356500,1130,659111,61629.1333500,0
1785767700000,0.0934800,0.0935900,0.0933500,0.0933500,701886,1785767759999,65601.9329800,791,283323,26479.1915100,0
1785767760000,0.0933400,0.0934600,0.0932800,0.0933400,1022308,1785767819999,95452.3698600,1133,428828,40041.4216400,0
1785767820000,0.0933500,0.0934400,0.0932700,0.0932700,991134,1785767879999,92516.0693200,790,419838,39184.8412500,0
1785767880000,0.0932700,0.0934400,0.0932400,0.0934100,1028834,1785767939999,96008.7462000,989,496153,46299.2257300,0
1785767940000,0.0934100,0.0939000,0.0933800,0.0937700,3456145,1785767999999,323734.2185400,1354,2527581,236855.9397100,0
1785768000000,0.0937800,0.0942000,0.0937500,0.0939000,7826424,1785768059999,735625.4501300,2866,4781238,449477.6557400,0
1785768060000,0.0939100,0.0939100,0.0934300,0.0935600,2225574,1785768119999,208148.2176800,1533,972580,90961.2087200,0
1785768120000,0.0935600,0.0937700,0.0934600,0.0935600,1791944,1785768179999,167747.7923300,1355,1333663,124853.6660200,0
1785768180000,0.0935600,0.0938900,0.0935500,0.0938900,1012576,1785768239999,94892.1456800,965,463609,43462.1794500,0
1785768240000,0.0939000,0.0939800,0.0938000,0.0938800,1273756,1785768299999,119596.4990100,898,327333,30735.7147600,0
1785768300000,0.0938800,0.0939700,0.0938500,0.0939000,910959,1785768359999,85552.2480600,898,428113,40208.7485100,0
1785768360000,0.0939000,0.0939500,0.0936000,0.0936000,857306,1785768419999,80374.5958500,896,255508,23953.8614000,0
1785768420000,0.0936100,0.0937800,0.0936100,0.0937100,733034,1785768479999,68678.0157600,742,337872,31649.8806900,0
1785768480000,0.0937100,0.0937400,0.0933400,0.0934600,2125058,1785768539999,198698.4554600,1385,1184851,110778.6945000,0
1785768540000,0.0934600,0.0935700,0.0934300,0.0935500,513194,1785768599999,47979.6414900,619,262359,24530.7480300,0
1785768600000,0.0935500,0.0938000,0.0933700,0.0934600,2161516,1785768659999,202483.5554600,1480,1047969,98201.5467400,0
1785768660000,0.0934700,0.0937400,0.0934700,0.0936300,539592,1785768719999,50537.9301800,720,156913,14695.6372100,0
1785768720000,0.0936200,0.0937000,0.0934500,0.0935700,788996,1785768779999,73819.9716600,849,383534,35882.5466200,0
1785768780000,0.0935600,0.0938000,0.0935600,0.0937700,1834597,1785768839999,171898.7688800,771,1483783,139029.4006800,0
1785768840000,0.0937700,0.0938100,0.0935100,0.0935400,1542406,1785768899999,144473.7143700,973,261999,24521.9653700,0
1785768900000,0.0935300,0.0937100,0.0935100,0.0936400,904168,1785768959999,84633.3294500,898,370400,34676.4524400,0
1785768960000,0.0936400,0.0936500,0.0934400,0.0934400,947773,1785769019999,88642.8024000,747,507265,47434.6041500,0
1785769020000,0.0934300,0.0936000,0.0933800,0.0935300,1920752,1785769079999,179537.9761200,977,965038,90241.3888200,0
1785769080000,0.0935200,0.0935300,0.0932200,0.0933400,1330427,1785769139999,124169.5521500,837,250156,23341.9842300,0
1785769140000,0.0933300,0.0933400,0.0927900,0.0929200,4165424,1785769199999,387639.7074700,1995,961679,89531.3509300,0
1785769200000,0.0929100,0.0932400,0.0928800,0.0931700,1857649,1785769259999,172902.2164700,1280,1393303,129653.6362000,0
1785769260000,0.0931800,0.0932100,0.0930000,0.0931400,1152287,1785769319999,107280.9662700,929,787589,73323.9661400,0
1785769320000,0.0931500,0.0932100,0.0930300,0.0932000,1053167,1785769379999,98055.3694400,860,562731,52390.3464800,0
1785769380000,0.0932000,0.0933400,0.0931400,0.0931500,1492006,1785769439999,139153.9117200,1063,1028001,95877.6971600,0
1785769440000,0.0931500,0.0931800,0.0930100,0.0930200,1021721,1785769499999,95108.4129700,622,200488,18671.1481800,0
1785769500000,0.0930200,0.0931200,0.0929000,0.0929600,1211269,1785769559999,112621.7245200,820,217876,20269.8599700,0
1785769560000,0.0929500,0.0931500,0.0926000,0.0927100,3862336,1785769619999,358385.6080000,1968,980394,91025.5011900,0
1785769620000,0.0927100,0.0929000,0.0926600,0.0928300,2222184,1785769679999,206158.6898100,1060,1279314,118707.8490800,0
1785769680000,0.0928400,0.0928600,0.0927200,0.0927600,604891,1785769739999,56124.3935400,599,309534,28723.9311700,0
1785769740000,0.0927700,0.0928600,0.0926900,0.0928500,887422,1785769799999,82356.1580700,633,585517,54338.4792300,0
1785769800000,0.0928500,0.0928600,0.0927600,0.0928300,781265,1785769859999,72503.4106400,652,239259,22205.0432200,0
1785769860000,0.0928400,0.0929600,0.0927300,0.0928600,871987,1785769919999,80932.7109100,673,317677,29484.8682000,0
1785769920000,0.0928600,0.0929300,0.0926000,0.0928500,1533486,1785769979999,142169.0776900,1056,1047975,97151.2248000,0
1785769980000,0.0928300,0.0930800,0.0928300,0.0930600,1798497,1785770039999,167232.4851600,986,693288,64459.1250800,0
1785770040000,0.0930600,0.0932600,0.0930600,0.0932000,711148,1785770099999,66270.6699000,651,431215,40181.3240600,0
1785770100000,0.0932000,0.0932400,0.0930400,0.0930900,511828,1785770159999,47674.7843400,651,125993,11734.9055300,0
1785770160000,0.0931000,0.0931800,0.0929400,0.0929800,784347,1785770219999,72975.3514100,699,215425,20054.0743900,0
1785770220000,0.0929700,0.0930100,0.0925600,0.0927200,1773384,1785770279999,164423.0526100,1181,1188990,110226.7679800,0
1785770280000,0.0927100,0.0928400,0.0927000,0.0928400,378995,1785770339999,35166.6219400,512,181145,16808.8687800,0
1785770340000,0.0928500,0.0929300,0.0928000,0.0929000,575164,1785770399999,53406.7731800,627,188484,17503.6482900,0
1785770400000,0.0929000,0.0929500,0.0927300,0.0927600,1204489,1785770459999,111834.4993100,700,236412,21948.2649200,0
1785770460000,0.0927500,0.0928700,0.0927400,0.0928000,364953,1785770519999,33872.4150000,386,98727,9161.4565900,0
1785770520000,0.0928000,0.0928300,0.0926800,0.0927400,1623153,1785770579999,150549.2738800,892,955344,88618.7262200,0
1785770580000,0.0927400,0.0928900,0.0927000,0.0928900,641669,1785770639999,59531.1001700,441,424746,39409.5423600,0
1785770640000,0.0929000,0.0929400,0.0928300,0.0928300,319956,1785770699999,29722.3445900,438,131906,12254.1756900,0
1785770700000,0.0928200,0.0928400,0.0924200,0.0926100,3311486,1785770759999,306606.6207800,1646,1066940,98750.7795600,0
1785770760000,0.0926000,0.0926400,0.0923500,0.0924900,2576725,1785770819999,238267.1505500,1040,954869,88286.5493600,0
1785770820000,0.0924900,0.0926400,0.0924700,0.0926200,576960,1785770879999,53387.3668900,617,391381,36218.5636000,0
1785770880000,0.0926200,0.0927000,0.0924700,0.0925800,466083,1785770939999,43143.7751600,576,189483,17542.6862600,0
1785770940000,0.0925800,0.0927000,0.0925000,0.0925400,900733,1785770999999,83407.2172800,796,239425,22168.4082500,0
1785771000000,0.0925500,0.0927700,0.0925500,0.0927400,640242,1785771059999,59341.2011000,672,527535,48893.8040900,0
1785771060000,0.0927500,0.0928700,0.0927300,0.0927300,468248,1785771119999,43451.7941900,602,198651,18433.2676500,0
1785771120000,0.0927300,0.0927700,0.0925900,0.0926900,528430,1785771179999,48985.3253300,534,244241,22640.0205300,0
1785771180000,0.0927000,0.0927500,0.0927000,0.0927300,219764,1785771239999,20376.9205400,367,123888,11487.5131400,0
1785771240000,0.0927400,0.0928100,0.0925400,0.0925600,435811,1785771299999,40379.1538400,452,97782,9061.4088200,0
1785771300000,0.0925500,0.0927300,0.0925300,0.0926200,542789,1785771359999,50283.7155200,561,217980,20192.4896300,0
1785771360000,0.0926100,0.0926600,0.0924600,0.0926600,926960,1785771419999,85778.9000800,707,579422,53616.8623100,0
1785771420000,0.0926600,0.0927300,0.0924300,0.0924900,719862,1785771479999,66662.8715200,654,319322,29569.9960800,0
1785771480000,0.0925000,0.0925600,0.0923300,0.0924300,1302895,1785771539999,120416.1615600,792,248718,22986.6562600,0
1785771540000,0.0924300,0.0924800,0.0923300,0.0923900,838534,1785771599999,77468.7201500,575,242842,22444.8394400,0
1785771600000,0.0924000,0.0925500,0.0923700,0.0923700,739298,1785771659999,68358.3616200,519,152793,14129.1845000,0
1785771660000,0.0923700,0.0926100,0.0923500,0.0925100,1568547,1785771719999,145021.8819400,987,998085,92289.9471000,0
1785771720000,0.0925100,0.0925200,0.0922400,0.0924800,1371732,1785771779999,126718.9352800,1034,586083,54146.9546500,0
1785771780000,0.0924800,0.0925000,0.0923000,0.0924200,1452355,1785771839999,134165.8261100,733,594360,54897.7547700,0
1785771840000,0.0924200,0.0924900,0.0923200,0.0923300,941528,1785771899999,86999.4202000,459,540642,49966.2780900,0
1785771900000,0.0923400,0.0924400,0.0922500,0.0922800,2189240,1785771959999,202149.0903900,1114,700594,64690.5976100,0
1785771960000,0.0922800,0.0923600,0.0920600,0.0922600,2148912,1785772019999,198087.7890400,1397,601041,55409.4574900,0
1785772020000,0.0922600,0.0923100,0.0921200,0.0921200,1162850,1785772079999,107247.9551600,657,378824,34951.4961500,0
1785772080000,0.0921400,0.0923200,0.0921300,0.0923200,740686,1785772139999,68294.2660700,517,491596,45334.9306000,0
1785772140000,0.0923200,0.0924300,0.0923200,0.0923900,570438,1785772199999,52704.0466300,498,267376,24701.0969100,0
1785772200000,0.0923900,0.0924900,0.0922000,0.0922000,954439,1785772259999,88178.0781100,614,256021,23659.2443100,0
1785772260000,0.0922100,0.0922900,0.0916400,0.0920100,5259476,1785772319999,483560.3272600,1656,1716220,157910.6047200,0
1785772320000,0.0920100,0.0922100,0.0920000,0.0921200,2108850,1785772379999,194263.0125600,1073,1400190,129006.5017900,0
1785772380000,0.0921200,0.0922200,0.0920900,0.0921800,1793500,1785772439999,165253.0962900,853,930711,85756.4598400,0
1785772440000,0.0921700,0.0921900,0.0920400,0.0921200,962463,1785772499999,88651.1527400,607,309692,28529.0190900,0
1785772500000,0.0921300,0.0921400,0.0920300,0.0920600,861984,1785772559999,79365.3236500,536,417214,38411.7144200,0
1785772560000,0.0920600,0.0920600,0.0919200,0.0919600,667048,1785772619999,61358.0994800,514,186549,17162.2674100,0
1785772620000,0.0919600,0.0920200,0.0919100,0.0919900,1389375,1785772679999,127752.8409300,613,554049,50949.7863500,0
1785772680000,0.0920000,0.0920600,0.0919600,0.0920000,923611,1785772739999,84983.4818800,456,305229,28084.7565500,0
1785772740000,0.0920000,0.0921500,0.0919900,0.0921500,262289,1785772799999,24147.3256900,324,159759,14710.6001300,0
1785772800000,0.0921500,0.0921900,0.0920500,0.0920900,900877,1785772859999,83002.0906600,637,481482,44360.3351400,0
1785772860000,0.0920900,0.0921600,0.0920700,0.0921100,654840,1785772919999,60324.2042000,529,434915,40067.4098900,0
1785772920000,0.0921100,0.0921300,0.0920200,0.0920900,632384,1785772979999,58232.4692200,577,388352,35760.4894000,0
1785772980000,0.0920900,0.0922800,0.0920100,0.0922500,1231937,1785773039999,113495.2922300,768,642450,59209.7386600,0
1785773040000,0.0922500,0.0924000,0.0922100,0.0923200,1605924,1785773099999,148267.9079600,1002,1217408,112413.4016200,0
1785773100000,0.0923300,0.0924200,0.0922900,0.0923400,1094697,1785773159999,101121.4491900,797,746242,68937.2261100,0
1785773160000,0.0923400,0.0926200,0.0923300,0.0925500,1227118,1785773219999,113534.0516200,929,854519,79051.3113700,0
1785773220000,0.0925500,0.0936700,0.0925400,0.0930900,15589191,1785773279999,1450783.3594800,6007,10573528,983540.4073500,0
1785773280000,0.0930900,0.0931400,0.0927300,0.0927600,1242339,1785773339999,115483.2957100,1095,492387,45776.3350000,0
1785773340000,0.0927600,0.0931100,0.0927600,0.0930100,1154383,1785773399999,107297.3332900,936,871277,80976.4877200,0
1785773400000,0.0930100,0.0931400,0.0929800,0.0931400,1709815,1785773459999,159112.3289000,914,1215647,113135.3743900,0
1785773460000,0.0931300,0.0933900,0.0931300,0.0933200,1118510,1785773519999,104309.5354400,952,785426,73247.3229700,0
1785773520000,0.0933100,0.0934100,0.0933000,0.0934000,572600,1785773579999,53451.9789800,626,332445,31034.4484800,0
1785773580000,0.0934100,0.0934500,0.0932900,0.0933100,619650,1785773639999,57864.9938300,616,238075,22232.5892400,0
1785773640000,0.0933100,0.0933100,0.0930500,0.0931900,823653,1785773699999,76727.7197000,657,232902,21692.4048200,0
1785773700000,0.0932000,0.0933500,0.0931100,0.0933400,843239,1785773759999,78609.5120000,673,464579,43319.1841200,0
1785773760000,0.0933300,0.0935900,0.0932300,0.0934400,1761575,1785773819999,164549.4093400,1145,1082088,101078.2359600,0
1785773820000,0.0934300,0.0934700,0.0931700,0.0932100,1275161,1785773879999,119015.9779200,1155,557212,52020.5415000,0
1785773880000,0.0932000,0.0932100,0.0929200,0.0929600,1121456,1785773939999,104357.5494600,783,338181,31459.5224300,0
1785773940000,0.0929600,0.0931300,0.0929400,0.0930600,303172,1785773999999,28205.4311100,485,160039,14890.9365200,0
1785774000000,0.0930500,0.0931100,0.0929300,0.0930000,563783,1785774059999,52438.9595000,555,125872,11712.0988400,0
1785774060000,0.0929900,0.0931500,0.0929600,0.0930100,237010,1785774119999,22056.4750100,448,121051,11265.7397300,0
1785774120000,0.0930100,0.0932400,0.0930100,0.0932000,835846,1785774179999,77855.0163300,547,667136,62142.8995300,0
1785774180000,0.0932000,0.0932500,0.0931100,0.0931500,832339,1785774239999,77566.1171100,659,601194,56030.7437300,0
1785774240000,0.0931600,0.0932200,0.0930500,0.0930500,329245,1785774299999,30673.8672100,349,143480,13368.8974100,0
1785774300000,0.0930500,0.0932000,0.0930500,0.0931300,369399,1785774359999,34408.4197800,439,257027,23941.2700400,0
1785774360000,0.0931200,0.0931400,0.0929100,0.0929500,567949,1785774419999,52815.7836000,551,176839,16444.0387400,0
1785774420000,0.0929500,0.0930600,0.0927500,0.0928600,1181694,1785774479999,109764.1065200,859,303770,28210.3321600,0
1785774480000,0.0928600,0.0929400,0.0927100,0.0928900,971233,1785774539999,90153.3479000,666,479700,44532.6902400,0
1785774540000,0.0928500,0.0929000,0.0928400,0.0928700,212619,1785774599999,19746.1438300,262,123954,11511.2453700,0
1785774600000,0.0928700,0.0930500,0.0928100,0.0930000,694057,1785774659999,64493.0440900,661,237183,22045.7877500,0
1785774660000,0.0930000,0.0931400,0.0930000,0.0930000,759491,1785774719999,70696.8701000,652,628727,58523.4889800,0
1785774720000,0.0930000,0.0930600,0.0929100,0.0929100,393113,1785774779999,36556.7353500,583,166045,15439.1546500,0
1785774780000,0.0929100,0.0930800,0.0929100,0.0930200,306887,1785774839999,28537.3732000,363,193292,17974.0343700,0
1785774840000,0.0930100,0.0931700,0.0930100,0.0930700,436267,1785774899999,40626.6777900,424,287198,26744.4917900,0
1785774900000,0.0930700,0.0931200,0.0930200,0.0930200,608895,1785774959999,56662.0502700,432,254206,23653.6859000,0
1785774960000,0.0930200,0.0933100,0.0930200,0.0932100,1155146,1785775019999,107684.1781100,621,813723,75859.9180900,0
1785775020000,0.0932100,0.0932500,0.0931000,0.0931000,357791,1785775079999,33332.8134800,374,234526,21846.7784900,0
1785775080000,0.0931100,0.0932200,0.0931000,0.0931500,381199,1785775139999,35512.3093100,327,92026,8573.7835500,0
1785775140000,0.0931400,0.0931700,0.0930100,0.0930800,357775,1785775199999,33304.6359900,448,100240,9328.7652300,0
1785775200000,0.0930800,0.0931000,0.0930400,0.0930800,325152,1785775259999,30264.4054600,303,35205,3277.0147200,0
1785775260000,0.0930700,0.0930700,0.0928100,0.0928400,820458,1785775319999,76194.3355400,649,516296,47939.9902700,0
1785775320000,0.0928300,0.0929300,0.0927700,0.0929200,1027843,1785775379999,95398.7251400,557,468033,43446.2073200,0
1785775380000,0.0929200,0.0930300,0.0929000,0.0930300,154256,1785775439999,14341.1422500,197,49838,4634.0396300,0
1785775440000,0.0930300,0.0930400,0.0929600,0.0930300,273105,1785775499999,25402.2986900,290,44393,4129.4614800,0
1785775500000,0.0930300,0.0930900,0.0929500,0.0930900,238439,1785775559999,22174.9701400,298,98312,9144.1292000,0
1785775560000,0.0931000,0.0931700,0.0930600,0.0931600,257890,1785775619999,24009.2111000,272,71624,6668.6727200,0
1785775620000,0.0931700,0.0931700,0.0930200,0.0930400,826338,1785775679999,76915.4298000,619,321720,29943.0997200,0
1785775680000,0.0930400,0.0931600,0.0930300,0.0931500,229252,1785775739999,21345.0748900,255,167995,15643.7712800,0
1785775740000,0.0931600,0.0932400,0.0931300,0.0932200,500496,1785775799999,46642.9246300,485,305823,28501.6520000,0
1785775800000,0.0932200,0.0932400,0.0931000,0.0931400,180460,1785775859999,16817.1480900,264,63982,5962.2973500,0
1785775860000,0.0931500,0.0932200,0.0930700,0.0931400,380986,1785775919999,35485.3007000,425,200978,18719.5864200,0
1785775920000,0.0931500,0.0931800,0.0929700,0.0930700,1126474,1785775979999,104820.6961200,713,874570,81379.6109300,0
1785775980000,0.0930800,0.0931400,0.0930400,0.0930400,255494,1785776039999,23786.0548400,320,129672,12073.2506300,0
1785776040000,0.0930400,0.0930800,0.0929700,0.0930200,238039,1785776099999,22142.3944300,370,75842,7054.3486300,0
1785776100000,0.0930200,0.0930800,0.0930200,0.0930700,138307,1785776159999,12869.1938600,210,55558,5169.7457100,0
1785776160000,0.0930700,0.0933700,0.0930500,0.0931800,2615457,1785776219999,243824.0028600,1346,1499547,139767.0220400,0
1785776220000,0.0931800,0.0932900,0.0931800,0.0932800,227252,1785776279999,21188.4823500,274,136448,12722.5014400,0
1785776280000,0.0932800,0.0933300,0.0932400,0.0933200,433499,1785776339999,40434.3533400,257,347373,32402.2174400,0
1785776340000,0.0933100,0.0933600,0.0931500,0.0932800,648467,1785776399999,60465.8033000,534,302194,28181.2195800,0
1785776400000,0.0932700,0.0933300,0.0929400,0.0930000,606012,1785776459999,56411.1173900,601,144719,13476.2479000,0
1785776460000,0.0930000,0.0931000,0.0930000,0.0930500,505739,1785776519999,47066.9952400,446,229826,21388.3228600,0
1785776520000,0.0930400,0.0931300,0.0929600,0.0930200,525857,1785776579999,48919.8728200,702,219787,20447.6654400,0
1785776580000,0.0930200,0.0930200,0.0928800,0.0929000,426753,1785776639999,39661.3423800,461,198537,18453.6663300,0
1785776640000,0.0929000,0.0930800,0.0928500,0.0930800,347164,1785776699999,32262.3597600,434,241451,22439.9697400,0
1785776700000,0.0930900,0.0931300,0.0930200,0.0931200,215621,1785776759999,20071.8398600,332,44942,4183.5717900,0
1785776760000,0.0931300,0.0931800,0.0930500,0.0931800,139289,1785776819999,12968.9480100,253,104649,9744.1193200,0
1785776820000,0.0931800,0.0932000,0.0929900,0.0930200,255168,1785776879999,23748.8450500,313,67244,6256.2717500,0
1785776880000,0.0930300,0.0932200,0.0930000,0.0932200,415593,1785776939999,38686.9319200,431,252325,23487.6217900,0
1785776940000,0.0932300,0.0932900,0.0932100,0.0932400,244925,1785776999999,22838.9475300,376,126565,11801.8348700,0
1785777000000,0.0932500,0.0933700,0.0932300,0.0933700,631293,1785777059999,58879.3824400,461,315077,29390.9826500,0
1785777060000,0.0933600,0.0934400,0.0932300,0.0932600,1140160,1785777119999,106425.8014300,828,301591,28147.2134900,0
1785777120000,0.0932600,0.0932700,0.0931000,0.0931100,420172,1785777179999,39172.3959900,305,69807,6506.8388900,0
1785777180000,0.0931100,0.0932000,0.0930600,0.0931400,395331,1785777239999,36815.8564600,480,243152,22642.2382100,0
1785777240000,0.0931400,0.0931600,0.0930800,0.0931200,200450,1785777299999,18667.1760600,262,123430,11494.9341500,0
1785777300000,0.0931200,0.0932300,0.0930900,0.0931100,319468,1785777359999,29758.2329500,367,169356,15775.8412300,0
1785777360000,0.0931100,0.0931300,0.0929500,0.0930200,520209,1785777419999,48388.5019800,592,182356,16961.3565200,0
1785777420000,0.0930300,0.0930300,0.0929500,0.0929700,220999,1785777479999,20550.4505700,206,88216,8203.5312500,0
1785777480000,0.0929700,0.0929700,0.0928700,0.0929600,374476,1785777539999,34798.6222200,382,153548,14268.9320700,0
1785777540000,0.0929500,0.0929600,0.0928500,0.0928900,131159,1785777599999,12183.5912600,250,20737,1926.0896700,0
1785777600000,0.0928900,0.0928900,0.0927100,0.0927600,503295,1785777659999,46704.8641100,414,138715,12871.8037000,0
1785777660000,0.0927700,0.0929200,0.0927700,0.0928900,520159,1785777719999,48304.1392700,392,400083,37151.3296600,0
1785777720000,0.0928800,0.0929200,0.0928300,0.0928800,249332,1785777779999,23155.0548900,303,71216,6614.0593700,0
1785777780000,0.0928700,0.0928900,0.0928300,0.0928600,214538,1785777839999,19923.0149600,256,112030,10403.2883100,0
1785777840000,0.0928500,0.0929700,0.0927700,0.0927700,1627465,1785777899999,151195.1942800,880,524278,48720.9820400,0
1785777900000,0.0927700,0.0927800,0.0926200,0.0927300,650757,1785777959999,60307.0866000,570,288171,26705.3590300,0
1785777960000,0.0927300,0.0927600,0.0926300,0.0926900,477395,1785778019999,44258.8064100,276,60688,5625.5275500,0
1785778020000,0.0926900,0.0927000,0.0924600,0.0925300,944613,1785778079999,87427.6903300,660,349525,32351.9048700,0
1785778080000,0.0925300,0.0925300,0.0921700,0.0922200,3071957,1785778139999,283718.3926600,1186,496965,45934.3863400,0
1785778140000,0.0922300,0.0924200,0.0922200,0.0923900,733437,1785778199999,67726.0625100,518,372427,34387.8687500,0
1785778200000,0.0923900,0.0924000,0.0921900,0.0922500,675438,1785778259999,62314.1783800,487,276830,25539.2294800,0
1785778260000,0.0922600,0.0923200,0.0921900,0.0922200,618961,1785778319999,57106.8214700,413,108479,10009.8450200,0
1785778320000,0.0922500,0.0923400,0.0922500,0.0922600,356977,1785778379999,32948.3084300,351,147642,13625.4201700,0
1785778380000,0.0922600,0.0922800,0.0922400,0.0922600,257762,1785778439999,23780.0183900,276,172851,15946.7049500,0
1785778440000,0.0922600,0.0923600,0.0922500,0.0923500,183894,1785778499999,16973.8848500,207,80397,7420.5594500,0
1785778500000,0.0923400,0.0926000,0.0922600,0.0924300,2391764,1785778559999,221155.2336200,893,1994658,184447.3527300,0
1785778560000,0.0924300,0.0925100,0.0923700,0.0924200,703143,1785778619999,64979.2283300,596,286922,26520.5099500,0
1785778620000,0.0924300,0.0924900,0.0922900,0.0923000,508840,1785778679999,47009.5899900,516,229040,21169.7207600,0
1785778680000,0.0923000,0.0923000,0.0920900,0.0922100,605490,1785778739999,55794.2672400,529,186049,17147.0633100,0
1785778740000,0.0922100,0.0922500,0.0921600,0.0922300,259089,1785778799999,23886.6572800,280,95480,8802.1517300,0
1785778800000,0.0922400,0.0922800,0.0921800,0.0922500,251162,1785778859999,23169.3344500,288,164221,15149.4359800,0
1785778860000,0.0922400,0.0922700,0.0921500,0.0921900,183865,1785778919999,16954.1446700,319,70012,6455.0646100,0
1785778920000,0.0922000,0.0922400,0.0921900,0.0922300,212020,1785778979999,19552.7542900,308,114427,10552.9429900,0
1785778980000,0.0922400,0.0922500,0.0921800,0.0921800,200774,1785779039999,18512.4200800,295,27055,2495.1365400,0
1785779040000,0.0921800,0.0923600,0.0921700,0.0922800,767307,1785779099999,70822.3535900,505,229610,21188.1040200,0
1785779100000,0.0922900,0.0923800,0.0922900,0.0923700,214570,1785779159999,19814.0787800,220,104580,9656.6949800,0
1785779160000,0.0923800,0.0925300,0.0923800,0.0925300,407460,1785779219999,37665.0913000,402,326156,30149.7551700,0
1785779220000,0.0925200,0.0926800,0.0925200,0.0926400,551544,1785779279999,51073.7382400,490,362920,33606.0161100,0
1785779280000,0.0926300,0.0926400,0.0924900,0.0925600,402516,1785779339999,37253.6032500,379,186187,17229.1133600,0
1785779340000,0.0925600,0.0926800,0.0925600,0.0926500,467569,1785779399999,43304.5786200,401,294058,27236.9504100,0
1785779400000,0.0926500,0.0926600,0.0925000,0.0925800,870047,1785779459999,80533.5946600,470,186410,17256.9454000,0
1785779460000,0.0925700,0.0925700,0.0923600,0.0924100,495282,1785779519999,45779.3997500,437,116083,10727.1482100,0
1785779520000,0.0924200,0.0924700,0.0923800,0.0924200,256350,1785779579999,23695.2857000,325,119273,11025.2754400,0
1785779580000,0.0924300,0.0927000,0.0924300,0.0925700,1053861,1785779639999,97553.6957900,747,749391,69367.5061300,0
1785779640000,0.0925700,0.0926400,0.0925400,0.0926300,726814,1785779699999,67285.4821300,519,519823,48124.4189100,0
1785779700000,0.0926200,0.0926200,0.0924500,0.0925000,411798,1785779759999,38106.7088100,429,127867,11832.5406100,0
1785779760000,0.0925000,0.0926200,0.0924400,0.0925700,529680,1785779819999,49025.5655300,515,328255,30381.4888800,0
1785779820000,0.0925700,0.0926900,0.0925200,0.0925400,410200,1785779879999,37980.8229400,401,268094,24825.1268300,0
1785779880000,0.0925400,0.0925800,0.0924900,0.0925200,298585,1785779939999,27633.6743800,265,150487,13926.5340500,0
1785779940000,0.0925200,0.0925200,0.0924100,0.0924500,295122,1785779999999,27282.9435100,337,166909,15428.6836800,0
1785780000000,0.0924400,0.0925900,0.0924100,0.0925700,419660,1785780059999,38830.2725700,424,274125,25362.3897700,0
1785780060000,0.0925700,0.0926200,0.0925100,0.0925700,482338,1785780119999,44649.4519700,432,328691,30428.6974600,0
1785780120000,0.0925800,0.0926300,0.0925300,0.0926000,456302,1785780179999,42246.7947500,453,258178,23906.4031800,0
1785780180000,0.0925900,0.0925900,0.0925200,0.0925500,220819,1785780239999,20436.9677200,241,82225,7611.0535300,0
1785780240000,0.0925500,0.0926400,0.0925400,0.0926100,197291,1785780299999,18269.0205600,257,99932,9253.6509200,0
1785780300000,0.0926000,0.0926100,0.0925300,0.0925500,153397,1785780359999,14197.9703400,250,34893,3229.8333900,0
1785780360000,0.0925500,0.0925800,0.0924800,0.0924800,323971,1785780419999,29976.9305400,325,101387,9382.9096400,0
1785780420000,0.0925000,0.0925500,0.0924500,0.0925100,261375,1785780479999,24175.6881200,292,209206,19349.8225600,0
1785780480000,0.0925200,0.0925300,0.0924400,0.0925300,257510,1785780539999,23816.2744100,289,87905,8128.9314200,0
1785780540000,0.0925300,0.0927600,0.0925300,0.0927300,494621,1785780599999,45827.9557200,427,237127,21976.2585900,0
1785780600000,0.0927200,0.0927400,0.0926100,0.0926700,419787,1785780659999,38907.6949800,482,76698,7108.4060400,0
1785780660000,0.0926800,0.0927600,0.0926600,0.0926900,728140,1785780719999,67509.9967900,464,379955,35229.3561900,0
1785780720000,0.0927000,0.0928300,0.0926900,0.0928300,391776,1785780779999,36337.7367600,291,340872,31616.0021800,0
1785780780000,0.0928400,0.0929300,0.0928000,0.0928300,706497,1785780839999,65601.9238700,649,261645,24298.7396100,0
1785780840000,0.0928400,0.0928800,0.0927900,0.0928100,457982,1785780899999,42519.9992900,413,183962,17081.9557500,0
1785780900000,0.0928000,0.0929000,0.0927900,0.0928900,656856,1785780959999,60980.8087700,497,372282,34563.8759100,0
1785780960000,0.0929000,0.0929500,0.0928100,0.0928400,475760,1785781019999,44192.1446100,459,108406,10070.9559900,0
1785781020000,0.0928500,0.0928600,0.0927300,0.0927300,222871,1785781079999,20684.6228200,322,39739,3688.3365500,0
1785781080000,0.0927400,0.0928200,0.0926100,0.0926500,3611843,1785781139999,334730.6544300,649,238938,22144.2495400,0
1785781140000,0.0926700,0.0926800,0.0926100,0.0926300,295739,1785781199999,27399.3870100,252,114220,10582.2507000,0
1785781200000,0.0926400,0.0928100,0.0926300,0.0928100,699112,1785781259999,64806.3685800,482,476585,44175.9585200,0
1785781260000,0.0928100,0.0928600,0.0927800,0.0928100,243459,1785781319999,22597.0099100,289,41171,3821.3488300,0
1785781320000,0.0928200,0.0928900,0.0928200,0.0928600,134487,1785781379999,12488.8799300,211,37519,3483.8203200,0
1785781380000,0.0928600,0.0928800,0.0928300,0.0928500,207241,1785781439999,19242.6153700,254,90705,8422.0431200,0
1785781440000,0.0928500,0.0930100,0.0928400,0.0928900,1067651,1785781499999,99207.8202100,761,609828,56679.1808300,0
1785781500000,0.0928900,0.0929400,0.0927500,0.0927600,462558,1785781559999,42950.0701900,400,130625,12134.6499800,0
1785781560000,0.0927700,0.0928800,0.0927200,0.0928400,518080,1785781619999,48076.8403400,420,395517,36704.3964600,0
1785781620000,0.0928400,0.0928500,0.0926500,0.0927300,538891,1785781679999,49976.6934900,493,139297,12919.0659400,0
1785781680000,0.0927300,0.0927500,0.0927100,0.0927400,244392,1785781739999,22662.8237400,261,69271,6423.6622300,0
1785781740000,0.0927400,0.0928100,0.0927000,0.0927400,255311,1785781799999,23680.5454200,329,147852,13714.4967600,0
1785781800000,0.0927400,0.0927900,0.0926500,0.0926500,412144,1785781859999,38207.9356500,431,133816,12405.3464400,0
1785781860000,0.0926500,0.0927900,0.0926000,0.0927900,472901,1785781919999,43815.3313800,457,304094,28179.3147900,0
1785781920000,0.0927900,0.0928100,0.0927500,0.0927700,301512,1785781979999,27976.0293200,340,92293,8563.8287900,0
1785781980000,0.0927700,0.0927700,0.0925400,0.0925700,510439,1785782039999,47274.9689100,447,110103,10195.0589500,0
1785782040000,0.0925800,0.0925800,0.0925400,0.0925600,142387,1785782099999,13178.9464700,204,98539,9120.2340700,0
1785782100000,0.0925700,0.0927100,0.0925600,0.0927100,317290,1785782159999,29390.3482500,361,183871,17033.7252500,0
1785782160000,0.0927200,0.0927400,0.0926000,0.0926600,399025,1785782219999,36973.0728500,389,270087,25025.2830200,0
1785782220000,0.0926700,0.0927100,0.0926500,0.0927000,160761,1785782279999,14898.4192800,213,103562,9597.7307000,0
1785782280000,0.0927000,0.0928200,0.0926700,0.0928100,464361,1785782339999,43063.7193100,401,335213,31086.8605800,0
1785782340000,0.0928200,0.0928600,0.0927300,0.0928000,305539,1785782399999,28351.4389200,342,145845,13529.8828500,0
1785782400000,0.0928100,0.0928500,0.0927700,0.0928200,362271,1785782459999,33621.2127600,373,105851,9823.1199600,0
1785782460000,0.0928200,0.0928300,0.0927500,0.0927600,388902,1785782519999,36086.5948300,410,82824,7685.4211400,0
1785782520000,0.0927700,0.0928100,0.0927300,0.0927400,223947,1785782579999,20774.2134600,317,47516,4407.5042200,0
1785782580000,0.0927400,0.0927500,0.0925200,0.0925700,1532907,1785782639999,142024.3500900,654,192391,17812.5275600,0
1785782640000,0.0925800,0.0926700,0.0925800,0.0926700,144716,1785782699999,13407.6463300,158,41555,3849.4783400,0
1785782700000,0.0926800,0.0927000,0.0925600,0.0925900,270107,1785782759999,25018.7265600,376,91820,8502.7892100,0
1785782760000,0.0925900,0.0926400,0.0924800,0.0926400,221021,1785782819999,20452.7766600,392,88450,8184.3104400,0
1785782820000,0.0926500,0.0926800,0.0925600,0.0926100,175029,1785782879999,16209.8345100,307,76090,7046.3238300,0
1785782880000,0.0926200,0.0927500,0.0926200,0.0927500,113392,1785782939999,10512.6375200,209,53752,4982.0212400,0
1785782940000,0.0927500,0.0927700,0.0926400,0.0926600,259100,1785782999999,24022.8715700,292,34665,3213.4094600,0
1785783000000,0.0926600,0.0927100,0.0924400,0.0924700,428391,1785783059999,39667.0768100,487,110468,10232.1888800,0
1785783060000,0.0924800,0.0925400,0.0924300,0.0924700,428984,1785783119999,39673.0842900,412,118979,11002.3874200,0
1785783120000,0.0924800,0.0925400,0.0924600,0.0925000,396498,1785783179999,36673.6942500,289,212027,19610.1501300,0
1785783180000,0.0925000,0.0925200,0.0924700,0.0924800,275354,1785783239999,25468.1854800,221,58135,5376.4919500,0
1785783240000,0.0924900,0.0926000,0.0924900,0.0925300,316487,1785783299999,29296.6377300,212,162528,15046.0391700,0
1785783300000,0.0925400,0.0926000,0.0925100,0.0926000,400904,1785783359999,37104.2898300,376,160982,14899.8691500,0
1785783360000,0.0926100,0.0926500,0.0925600,0.0925800,196200,1785783419999,18170.0826300,215,97839,9061.4802800,0
1785783420000,0.0925700,0.0926300,0.0925400,0.0925600,221711,1785783479999,20528.7900200,208,169494,15694.4167400,0
1785783480000,0.0925700,0.0925700,0.0925000,0.0925100,492986,1785783539999,45624.5280500,305,56226,5203.6283200,0
1785783540000,0.0925200,0.0925200,0.0923700,0.0924100,342355,1785783599999,31642.2740600,323,45739,4226.5697500,0
1785783600000,0.0924100,0.0924200,0.0923000,0.0923400,634691,1785783659999,58625.6295600,369,51603,4765.3280100,0
1785783660000,0.0923500,0.0924200,0.0923300,0.0923500,391581,1785783719999,36171.9791900,338,94344,8714.3930300,0
1785783720000,0.0923600,0.0924900,0.0923000,0.0924600,323023,1785783779999,29841.1662600,369,146766,13563.6791600,0
1785783780000,0.0924700,0.0925300,0.0924700,0.0924800,151575,1785783839999,14020.4386300,220,66509,6152.1949100,0
1785783840000,0.0924900,0.0924900,0.0924500,0.0924700,352785,1785783899999,32623.4481100,203,81245,7512.1901900,0
1785783900000,0.0924700,0.0925100,0.0923000,0.0923000,528640,1785783959999,48837.9383400,424,86792,8018.1296100,0
1785783960000,0.0923100,0.0923300,0.0918900,0.0920300,4321666,1785784019999,398119.4137000,1645,1220131,112372.2124900,0
1785784020000,0.0920400,0.0921500,0.0919800,0.0921300,1385675,1785784079999,127568.8759700,712,909634,83744.2303500,0
1785784080000,0.0921400,0.0921500,0.0920600,0.0921200,1049299,1785784139999,96645.0899300,426,284379,26197.2994600,0
1785784140000,0.0921200,0.0921900,0.0920900,0.0921900,221771,1785784199999,20430.8307300,203,51184,4716.4661200,0
1785784200000,0.0921800,0.0922000,0.0919500,0.0920000,1454676,1785784259999,133911.5678200,637,283931,26132.1590600,0
1785784260000,0.0920000,0.0920900,0.0919900,0.0920700,1119481,1785784319999,103044.9978900,532,177767,16364.4371600,0
1785784320000,0.0920800,0.0921000,0.0917800,0.0918200,1700226,1785784379999,156322.3443600,886,178588,16432.8089800,0
1785784380000,0.0918100,0.0918500,0.0917000,0.0917400,1631514,1785784439999,149696.0544300,817,502048,46065.1927300,0
1785784440000,0.0917500,0.0918300,0.0917400,0.0918200,391074,1785784499999,35893.6668900,252,240077,22035.4782400,0
1785784500000,0.0918300,0.0918400,0.0917300,0.0917600,697568,1785784559999,64016.0131400,403,218982,20096.4636000,0
1785784560000,0.0917700,0.0917800,0.0916800,0.0917200,1045730,1785784619999,95929.1708600,402,169999,15594.5417400,0
1785784620000,0.0917200,0.0917200,0.0914000,0.0915400,4448957,1785784679999,407199.2639300,1508,528309,48358.3933100,0
1785784680000,0.0915500,0.0918300,0.0915100,0.0917000,1890741,1785784739999,173307.2906000,1029,1560886,143078.3132100,0
1785784740000,0.0917100,0.0917100,0.0914800,0.0915200,927881,1785784799999,84990.8595900,406,181087,16598.9732200,0
1785784800000,0.0915100,0.0915300,0.0913700,0.0914500,1679957,1785784859999,153624.1388000,726,404260,36970.8793600,0
1785784860000,0.0914600,0.0915100,0.0914400,0.0914800,819141,1785784919999,74934.8482300,520,662340,60592.8145200,0
1785784920000,0.0914900,0.0916100,0.0914800,0.0916000,476827,1785784979999,43658.1613900,384,365759,33486.6424300,0
1785784980000,0.0916100,0.0916500,0.0914700,0.0915000,700265,1785785039999,64144.2928900,403,244208,22368.8853600,0
1785785040000,0.0915100,0.0915400,0.0915100,0.0915300,87218,1785785099999,7982.8867200,165,40835,3737.4891900,0
1785785100000,0.0915400,0.0915400,0.0914600,0.0914900,548201,1785785159999,50167.0075100,353,109779,10044.4637200,0
1785785160000,0.0914900,0.0914900,0.0914400,0.0914400,210721,1785785219999,19272.9035400,231,55317,5059.1715300,0
1785785220000,0.0914500,0.0914800,0.0913700,0.0914800,602171,1785785279999,55043.8323200,352,198981,18193.8854300,0
1785785280000,0.0914900,0.0916000,0.0914900,0.0915200,583248,1785785339999,53392.7896000,425,390961,35790.7415900,0
1785785340000,0.0915200,0.0916200,0.0915000,0.0916100,273542,1785785399999,25048.4411800,241,226457,20737.9181100,0
1785785400000,0.0916200,0.0916200,0.0914400,0.0915000,678941,1785785459999,62140.1218600,400,246521,22553.7290300,0
1785785460000,0.0915100,0.0916000,0.0914700,0.0915000,380740,1785785519999,34853.0766600,328,213311,19527.5101200,0
1785785520000,0.0915000,0.0917200,0.0914900,0.0917000,1530484,1785785579999,140220.5369700,773,1212547,111101.6740300,0
1785785580000,0.0917000,0.0919900,0.0917000,0.0918800,1866968,1785785639999,171432.8195600,820,1641751,150733.5031400,0
1785785640000,0.0918800,0.0920000,0.0918100,0.0919900,1417110,1785785699999,130227.7665100,590,526082,48355.7718600,0
1785785700000,0.0919800,0.0920200,0.0919400,0.0919700,534142,1785785759999,49124.5776100,400,428035,39365.9829000,0
1785785760000,0.0919700,0.0919800,0.0917900,0.0918400,823278,1785785819999,75618.4284100,575,462074,42439.0887700,0
1785785820000,0.0918300,0.0918300,0.0916500,0.0916800,791734,1785785879999,72616.0684300,595,420709,38583.4613600,0
1785785880000,0.0916900,0.0916900,0.0915200,0.0915500,863804,1785785939999,79136.1746500,534,496481,45485.4708100,0
1785785940000,0.0915400,0.0916700,0.0915400,0.0916700,495417,1785785999999,45383.4163600,388,369871,33881.3115900,0
1785786000000,0.0916600,0.0917900,0.0915900,0.0917400,625496,1785786059999,57360.8775100,360,450476,41314.9038300,0
1785786060000,0.0917300,0.0917300,0.0916100,0.0916500,828275,1785786119999,75927.4548400,422,317623,29109.9707500,0
1785786120000,0.0916600,0.0917100,0.0916400,0.0917000,423568,1785786179999,38830.7996700,229,305626,28018.5229000,0
1785786180000,0.0917000,0.0917100,0.0916200,0.0916800,335346,1785786239999,30742.3217800,267,113188,10376.7678000,0
1785786240000,0.0916700,0.0917000,0.0916300,0.0916600,301471,1785786299999,27634.1677800,242,160770,14737.6816200,0
1785786300000,0.0916700,0.0916800,0.0915400,0.0916100,331054,1785786359999,30332.3591000,305,112559,10313.0025900,0
1785786360000,0.0916100,0.0916400,0.0916000,0.0916300,185599,1785786419999,17003.6667900,188,104738,9595.8590400,0
1785786420000,0.0916300,0.0916800,0.0916000,0.0916700,282811,1785786479999,25913.4755000,182,193122,17695.7427500,0
1785786480000,0.0916700,0.0916700,0.0915600,0.0916300,401831,1785786539999,36809.4655700,334,152448,13962.8212000,0
1785786540000,0.0916200,0.0916200,0.0915900,0.0915900,136159,1785786599999,12474.0773900,140,25292,2317.2400600,0
1785786600000,0.0916000,0.0916100,0.0915400,0.0915900,334380,1785786659999,30619.7362300,317,97939,8968.2753500,0
1785786660000,0.0915900,0.0917000,0.0915900,0.0917000,185842,1785786719999,17028.4963800,242,122429,11219.7394700,0
1785786720000,0.0916900,0.0916900,0.0916200,0.0916600,215711,1785786779999,19771.1697400,198,39677,3636.1775200,0
1785786780000,0.0916700,0.0916800,0.0916000,0.0916100,569238,1785786839999,52171.1751900,270,31152,2855.1099000,0
1785786840000,0.0916000,0.0916000,0.0915200,0.0915200,437617,1785786899999,40061.5140600,232,52276,4785.3605400,0
1785786900000,0.0915200,0.0915200,0.0914000,0.0914700,409334,1785786959999,37436.0721900,319,170466,15589.8305200,0
1785786960000,0.0914800,0.0915400,0.0914700,0.0915300,185701,1785787019999,16991.8518500,181,57011,5216.3600300,0
1785787020000,0.0915400,0.0915400,0.0914300,0.0914300,177432,1785787079999,16231.2897800,226,37537,3433.0986900,0
1785787080000,0.0914300,0.0915600,0.0914100,0.0915400,409876,1785787139999,37486.5826100,249,228103,20863.8222700,0
1785787140000,0.0915500,0.0916600,0.0915300,0.0916400,301225,1785787199999,27596.2517200,252,171077,15670.7671900,0
1785787200000,0.0916400,0.0916400,0.0914300,0.0915000,688266,1785787259999,63009.4350200,489,308544,28234.7492600,0
1785787260000,0.0915100,0.0915900,0.0914700,0.0915900,369118,1785787319999,33782.0394700,305,290891,26622.0444400,0
1785787320000,0.0915900,0.0915900,0.0914200,0.0915400,415453,1785787379999,38011.9868300,436,149771,13700.4986000,0
1785787380000,0.0915400,0.0915800,0.0915200,0.0915800,200769,1785787439999,18377.8793700,221,66793,6114.2843700,0
1785787440000,0.0915800,0.0915800,0.0914500,0.0915300,218794,1785787499999,20022.1020900,250,82818,7576.8374400,0
1785787500000,0.0915400,0.0915500,0.0914200,0.0915200,507349,1785787559999,46419.8821300,469,176748,16168.7020300,0
1785787560000,0.0915100,0.0915600,0.0915000,0.0915600,135193,1785787619999,12373.7975600,202,56370,5159.2993700,0
1785787620000,0.0915700,0.0916100,0.0915300,0.0916000,303660,1785787679999,27804.5801100,282,182084,16673.4416900,0
1785787680000,0.0915900,0.0919300,0.0915900,0.0918400,2522182,1785787739999,231555.5905900,906,2143745,196811.0713100,0
1785787740000,0.0918500,0.0918800,0.0917300,0.0917300,403754,1785787799999,37075.9536700,287,124200,11406.1674200,0
1785787800000,0.0917400,0.0918100,0.0917400,0.0917700,339682,1785787859999,31176.7049700,275,160703,14748.2405000,0
1785787860000,0.0917600,0.0918300,0.0917500,0.0918200,221844,1785787919999,20365.0763200,258,177837,16325.5686100,0
1785787920000,0.0918300,0.0918700,0.0917900,0.0917900,284236,1785787979999,26103.1367900,270,73763,6774.8975500,0
1785787980000,0.0917800,0.0917900,0.0917300,0.0917500,271368,1785788039999,24899.5361400,286,62194,5707.3007400,0
1785788040000,0.0917300,0.0918100,0.0917300,0.0918100,208011,1785788099999,19088.2080500,182,183532,16841.6555100,0
1785788100000,0.0918100,0.0919300,0.0918000,0.0919000,425610,1785788159999,39108.9544800,351,276744,25426.8549200,0
1785788160000,0.0919000,0.0919100,0.0918500,0.0919000,214088,1785788219999,19670.0217100,253,144389,13266.0006700,0
1785788220000,0.0919000,0.0919200,0.0919000,0.0919000,208526,1785788279999,19165.6595300,202,160629,14763.6039300,0
1785788280000,0.0919000,0.0919400,0.0918400,0.0919200,320154,1785788339999,29419.4631800,273,223837,20570.8171300,0
1785788340000,0.0919100,0.0919200,0.0918700,0.0919000,153323,1785788399999,14089.7597700,185,82193,7552.8637000,0
1785788400000,0.0919000,0.0920300,0.0918800,0.0919300,257580,1785788459999,23685.2928400,337,129747,11930.4892100,0
1785788460000,0.0919200,0.0919900,0.0917800,0.0918400,1489904,1785788519999,136918.6039600,622,474096,43565.6196200,0
1785788520000,0.0918500,0.0918500,0.0917800,0.0918200,135274,1785788579999,12419.1417500,226,104398,9584.3619400,0
1785788580000,0.0918200,0.0918600,0.0917700,0.0918000,506803,1785788639999,46536.2900700,288,475852,43694.9074800,0
1785788640000,0.0918000,0.0918600,0.0918000,0.0918600,256324,1785788699999,23536.7137800,205,203551,18691.6565600,0
1785788700000,0.0918600,0.0919000,0.0918600,0.0918900,64734,1785788759999,5948.2383900,108,56724,5212.2337100,0
1785788760000,0.0919000,0.0919000,0.0917600,0.0918200,392422,1785788819999,36028.4661000,363,271460,24921.5120400,0
1785788820000,0.0918200,0.0921000,0.0918200,0.0920800,891294,1785788879999,82027.1842300,447,859470,79099.7506900,0
1785788880000,0.0920700,0.0920800,0.0920300,0.0920700,208731,1785788939999,19213.1151300,236,103565,9532.6664300,0
1785788940000,0.0920600,0.0921000,0.0920400,0.0920900,147660,1785788999999,13594.2910200,208,107610,9907.2844500,0
1785789000000,0.0920800,0.0920800,0.0920300,0.0920600,136967,1785789059999,12608.7509900,151,59631,5489.2017800,0
1785789060000,0.0920600,0.0920900,0.0920400,0.0920500,309334,1785789119999,28477.4855900,242,79447,7313.5177500,0
1785789120000,0.0920600,0.0922400,0.0920600,0.0922100,648979,1785789179999,59827.6586600,528,448530,41348.1324000,0
1785789180000,0.0922100,0.0922200,0.0920600,0.0920800,431827,1785789239999,39776.4817700,362,225604,20779.6955900,0
1785789240000,0.0920800,0.0921000,0.0920600,0.0921000,163501,1785789299999,15054.6592500,171,126291,11628.3991300,0
1785789300000,0.0920900,0.0921800,0.0920900,0.0921100,452111,1785789359999,41659.6403500,297,266205,24527.7492000,0
1785789360000,0.0921000,0.0921100,0.0920500,0.0920600,161749,1785789419999,14893.6663800,191,110714,10194.2488500,0
1785789420000,0.0920500,0.0920900,0.0920500,0.0920600,172340,1785789479999,15866.4332000,175,100582,9260.0122200,0
1785789480000,0.0920500,0.0921100,0.0920500,0.0921100,412574,1785789539999,37988.4178400,286,284601,26205.8238100,0
1785789540000,0.0921100,0.0921100,0.0919800,0.0920400,460999,1785789599999,42430.2220900,301,257358,23686.5914500,0
1785789600000,0.0920500,0.0920900,0.0920000,0.0920000,132331,1785789659999,12182.2260200,156,11170,1028.3000700,0
1785789660000,0.0919900,0.0921200,0.0919900,0.0920600,576860,1785789719999,53097.1776000,428,412736,37989.4496300,0
1785789720000,0.0920700,0.0921100,0.0920700,0.0921100,111589,1785789779999,10276.7184300,131,71570,6591.0681900,0
1785789780000,0.0921000,0.0921600,0.0921000,0.0921100,153147,1785789839999,14109.6197600,212,67708,6237.8451900,0
1785789840000,0.0921200,0.0922500,0.0921100,0.0922400,286025,1785789899999,26372.3355900,294,173249,15971.4074100,0
1785789900000,0.0922400,0.0922500,0.0920400,0.0921000,697308,1785789959999,64245.5459200,535,222263,20467.2680200,0
1785789960000,0.0921000,0.0922300,0.0921000,0.0922300,338964,1785790019999,31241.8332700,374,276926,25523.8080500,0
1785790020000,0.0922200,0.0922200,0.0920500,0.0921200,327896,1785790079999,30200.9464300,345,117222,10793.9867400,0
1785790080000,0.0921300,0.0921600,0.0921300,0.0921600,74538,1785790139999,6867.9811600,102,52340,4822.4401800,0
1785790140000,0.0921500,0.0921900,0.0919700,0.0920100,1195734,1785790199999,110128.1900700,751,421712,38834.6874700,0
1785790200000,0.0920100,0.0921300,0.0919800,0.0920000,347018,1785790259999,31936.4433000,342,179369,16509.0983100,0
1785790260000,0.0920100,0.0920200,0.0919100,0.0920100,903144,1785790319999,83047.9721500,557,306950,28231.0275200,0
1785790320000,0.0920100,0.0920200,0.0919700,0.0919700,166271,1785790379999,15295.4661500,240,29749,2736.9550000,0
1785790380000,0.0919800,0.0920400,0.0919500,0.0920200,364577,1785790439999,33537.9046600,282,199166,18325.1769900,0
1785790440000,0.0920100,0.0920600,0.0919800,0.0919900,272622,1785790499999,25084.6564200,244,82204,7564.6817700,0
1785790500000,0.0920000,0.0921300,0.0920000,0.0920800,160033,1785790559999,14734.6103100,224,86336,7948.0624500,0
1785790560000,0.0920800,0.0920800,0.0919900,0.0920800,190503,1785790619999,17529.8751000,246,116698,10737.1632000,0
1785790620000,0.0920700,0.0920800,0.0920100,0.0920400,202444,1785790679999,18632.6902300,181,19277,1774.5464400,0
1785790680000,0.0920300,0.0920800,0.0920300,0.0920800,73643,1785790739999,6778.1721500,104,26134,2405.6718800,0
1785790740000,0.0920900,0.0921200,0.0920600,0.0920800,253136,1785790799999,23309.7817300,223,101737,9369.1886900,0
1785790800000,0.0920800,0.0921900,0.0920800,0.0921700,275121,1785790859999,25349.6937600,210,191636,17654.9605600,0
1785790860000,0.0921600,0.0921600,0.0919800,0.0920500,396487,1785790919999,36495.3645800,381,187945,17294.6195400,0
1785790920000,0.0920400,0.0920400,0.0919400,0.0919600,372041,1785790979999,34220.1587900,271,95278,8761.7764500,0
1785790980000,0.0919700,0.0920800,0.0919600,0.0920600,378177,1785791039999,34794.3980800,208,295999,27233.8742000,0
1785791040000,0.0920600,0.0920600,0.0919400,0.0919500,239471,1785791099999,22033.2898800,208,37090,3412.2152000,0
1785791100000,0.0919600,0.0920300,0.0919400,0.0920000,217816,1785791159999,20034.9437100,226,65716,6043.7839600,0
1785791160000,0.0919900,0.0921100,0.0919400,0.0921000,596978,1785791219999,54915.1487200,349,272773,25096.6110100,0
1785791220000,0.0921000,0.0921700,0.0921000,0.0921500,387529,1785791279999,35705.5523100,261,266485,24552.3427400,0
1785791280000,0.0921600,0.0922200,0.0921600,0.0922100,227748,1785791339999,20994.5623200,238,127688,11770.8899400,0
1785791340000,0.0922200,0.0923300,0.0922200,0.0922800,600645,1785791399999,55432.4033800,357,293699,27102.9338600,0
1785791400000,0.0922800,0.0927500,0.0922800,0.0925600,5401503,1785791459999,500061.3320700,1905,3883766,359541.2993300,0
1785791460000,0.0925600,0.0925600,0.0923300,0.0923700,1174494,1785791519999,108516.9233900,622,549263,50749.8834400,0
1785791520000,0.0923700,0.0925400,0.0923500,0.0925300,1231278,1785791579999,113868.2094300,637,842519,77913.7422400,0
1785791580000,0.0925400,0.0926000,0.0924500,0.0925300,2326509,1785791639999,215239.3825200,908,1706797,157906.5093600,0
1785791640000,0.0925200,0.0925800,0.0925200,0.0925300,641202,1785791699999,59345.9858300,237,451191,41759.5967500,0
1785791700000,0.0925300,0.0926800,0.0925000,0.0925300,1286016,1785791759999,119063.2381700,560,986228,91307.5885600,0
1785791760000,0.0925100,0.0929500,0.0924200,0.0928700,2511215,1785791819999,232881.5632900,1111,2106143,195362.5319400,0
1785791820000,0.0928600,0.0928600,0.0927300,0.0927600,917035,1785791879999,85098.0866300,381,649150,60236.9720700,0
1785791880000,0.0927700,0.0928000,0.0927300,0.0927500,775002,1785791939999,71892.4602300,332,572474,53104.8130800,0
1785791940000,0.0927600,0.0927800,0.0926600,0.0926700,761493,1785791999999,70606.1545500,342,404093,37467.7492300,0
1785792000000,0.0926700,0.0927000,0.0925400,0.0926800,1638795,1785792059999,151801.7769200,677,719064,66626.5030200,0
1785792060000,0.0926900,0.0927500,0.0926800,0.0927400,207526,1785792119999,19241.3354100,283,130384,12089.1865000,0
1785792120000,0.0927500,0.0927900,0.0926900,0.0926900,591013,1785792179999,54812.7445700,300,220125,20413.7160200,0
1785792180000,0.0926900,0.0927200,0.0926700,0.0926800,136851,1785792239999,12685.3599700,168,56096,5199.8752500,0
1785792240000,0.0926800,0.0926800,0.0926200,0.0926300,204434,1785792299999,18939.8244500,212,73416,6802.0695800,0
1785792300000,0.0926200,0.0926200,0.0925500,0.0925900,512463,1785792359999,47448.1630600,269,109814,10167.2933300,0
1785792360000,0.0925900,0.0926300,0.0925800,0.0925900,130659,1785792419999,12099.8448700,170,42695,3953.8559400,0
1785792420000,0.0925900,0.0926000,0.0924900,0.0925000,378338,1785792479999,35009.5817600,262,21806,2018.7167500,0
1785792480000,0.0925000,0.0925400,0.0924800,0.0925400,295367,1785792539999,27321.9974000,237,65314,6042.2384600,0
1785792540000,0.0925300,0.0925600,0.0925100,0.0925600,116173,1785792599999,10748.3168300,124,44800,4145.1352100,0
1785792600000,0.0925600,0.0926000,0.0925400,0.0925600,346978,1785792659999,32121.9217900,248,239139,22139.9695300,0
1785792660000,0.0925600,0.0926000,0.0925000,0.0925000,209772,1785792719999,19412.8976600,249,15394,1425.2802400,0
1785792720000,0.0925000,0.0925000,0.0924000,0.0924000,363025,1785792779999,33563.7961600,259,53830,4977.2671000,0
1785792780000,0.0924000,0.0924200,0.0923100,0.0923500,644000,1785792839999,59477.1360500,461,198639,18345.5279800,0
1785792840000,0.0923500,0.0923900,0.0923300,0.0923900,217039,1785792899999,20044.3674900,153,105497,9742.6975700,0
1785792900000,0.0923800,0.0924000,0.0923300,0.0923600,172897,1785792959999,15971.3950400,172,38289,3536.8129300,0
1785792960000,0.0923600,0.0924000,0.0923400,0.0923800,529584,1785793019999,48913.4280400,158,442660,40884.5020700,0
1785793020000,0.0923800,0.0924100,0.0923700,0.0924000,60875,1785793079999,5624.7069900,84,37536,3468.2132200,0
1785793080000,0.0923900,0.0924900,0.0923700,0.0924800,165217,1785793139999,15268.9643200,241,85118,7866.7065500,0
1785793140000,0.0924800,0.0925100,0.0924600,0.0925000,270571,1785793199999,25023.3428500,235,41539,3841.8848000,0
1785793200000,0.0925000,0.0925000,0.0923500,0.0923500,298801,1785793259999,27616.5092800,262,52461,4847.1120400,0
1785793260000,0.0923500,0.0923900,0.0923500,0.0923800,140723,1785793319999,12999.0116000,123,59917,5534.5706500,0
1785793320000,0.0923800,0.0924500,0.0923500,0.0924100,297338,1785793379999,27474.6422700,283,208345,19253.6432100,0
1785793380000,0.0924000,0.0924000,0.0923600,0.0923800,80149,1785793439999,7404.2777800,121,12409,1146.5181400,0
1785793440000,0.0923800,0.0924600,0.0923800,0.0924600,151775,1785793499999,14025.8584500,158,95799,8854.3005900,0
1785793500000,0.0924500,0.0924600,0.0921400,0.0921500,651476,1785793559999,60136.8779400,593,71219,6580.7188200,0
1785793560000,0.0921800,0.0921900,0.0920800,0.0921000,396272,1785793619999,36509.9779300,399,142141,13097.1834200,0
1785793620000,0.0921100,0.0921100,0.0920500,0.0920600,161795,1785793679999,14897.5233000,154,36140,3327.7947500,0
1785793680000,0.0920500,0.0920500,0.0920000,0.0920100,161348,1785793739999,14847.8609100,199,22785,2096.9066800,0
1785793740000,0.0920100,0.0920500,0.0920100,0.0920400,81883,1785793799999,7535.3039700,142,23730,2183.9084400,0
1785793800000,0.0920400,0.0920800,0.0920200,0.0920700,254534,1785793859999,23431.2335900,286,105762,9737.4297200,0
1785793860000,0.0920700,0.0921300,0.0920600,0.0921000,213830,1785793919999,19693.5422900,231,124089,11429.2768800,0
1785793920000,0.0920900,0.0921200,0.0920900,0.0921100,110289,1785793979999,10157.8420700,207,40706,3749.3722300,0
1785793980000,0.0921200,0.0921200,0.0921000,0.0921100,88794,1785794039999,8179.0104300,127,14448,1330.9491400,0
1785794040000,0.0921100,0.0922500,0.0921000,0.0922200,409366,1785794099999,37740.5798100,315,264051,24340.4183800,0
1785794100000,0.0922200,0.0922300,0.0921700,0.0921900,130288,1785794159999,12012.8811100,147,8822,813.5133900,0
1785794160000,0.0921900,0.0922700,0.0921500,0.0922500,292229,1785794219999,26943.6498900,339,135206,12466.1133900,0
1785794220000,0.0922400,0.0922500,0.0922200,0.0922200,52872,1785794279999,4876.4320000,95,2588,238.7049300,0
1785794280000,0.0922200,0.0923500,0.0922200,0.0923200,247771,1785794339999,22863.9731800,226,151768,14005.2078900,0
1785794340000,0.0923300,0.0923400,0.0923000,0.0923000,168846,1785794399999,15588.3253100,119,5494,507.2731900,0
1785794400000,0.0923100,0.0925400,0.0923100,0.0924800,856089,1785794459999,79143.9919800,474,446353,41262.8185900,0
1785794460000,0.0924800,0.0924800,0.0924200,0.0924200,339093,1785794519999,31348.0502400,359,160700,14856.7073700,0
1785794520000,0.0924200,0.0924200,0.0922300,0.0922300,754316,1785794579999,69640.5871500,498,36937,3409.6542900,0
1785794580000,0.0922300,0.0922300,0.0920300,0.0921100,711851,1785794639999,65577.4877600,557,99304,9147.5771600,0
1785794640000,0.0921200,0.0921300,0.0920900,0.0920900,206201,1785794699999,18993.4251800,243,23034,2121.7388200,0
1785794700000,0.0921000,0.0921200,0.0920400,0.0920800,327365,1785794759999,30143.1489400,434,153276,14113.9926300,0
1785794760000,0.0920700,0.0921100,0.0918700,0.0920800,1113448,1785794819999,102436.2071300,845,219566,20204.6945200,0
1785794820000,0.0920700,0.0920800,0.0920100,0.0920500,403991,1785794879999,37189.2096500,340,103065,9486.8913900,0
1785794880000,0.0920600,0.0920600,0.0918900,0.0919200,485169,1785794939999,44612.3171500,449,75693,6958.1942000,0
1785794940000,0.0919300,0.0920800,0.0919100,0.0920500,554083,1785794999999,50976.9479400,431,224286,20635.3031500,0
1785795000000,0.0920500,0.0920800,0.0919900,0.0920500,410380,1785795059999,37773.8173300,322,95666,8805.4250000,0
1785795060000,0.0920400,0.0920400,0.0919200,0.0919300,413776,1785795119999,38057.3900400,340,42745,3932.4851900,0
1785795120000,0.0919300,0.0919500,0.0919200,0.0919200,181202,1785795179999,16659.8257300,154,23049,2119.0728900,0
1785795180000,0.0919300,0.0919300,0.0917600,0.0918200,914066,1785795239999,83947.6274000,474,135696,12456.4470200,0
1785795240000,0.0918200,0.0918600,0.0917900,0.0918600,159905,1785795299999,14683.6952000,151,59450,5459.5161100,0
1785795300000,0.0918700,0.0919300,0.0918300,0.0919100,526247,1785795359999,48354.3091400,366,322367,29620.0348000,0
1785795360000,0.0919200,0.0919200,0.0918600,0.0919100,168083,1785795419999,15445.6928100,251,67947,6244.1972100,0
1785795420000,0.0919000,0.0923800,0.0918400,0.0922800,3825702,1785795479999,352581.1197700,1747,2529291,233038.8197100,0
1785795480000,0.0922800,0.0924700,0.0921600,0.0924000,874467,1785795539999,80746.4770200,783,553215,51085.8463500,0
1785795540000,0.0924200,0.0924200,0.0922500,0.0923000,357920,1785795599999,33041.3110200,460,90673,8370.7076600,0
1785795600000,0.0923100,0.0923900,0.0922900,0.0923500,416055,1785795659999,38419.8887900,390,263320,24316.7550400,0
1785795660000,0.0923400,0.0924100,0.0922700,0.0923100,255833,1785795719999,23624.5735700,359,100872,9316.3894900,0
1785795720000,0.0923200,0.0923500,0.0921900,0.0922400,297462,1785795779999,27446.5667200,327,80394,7421.0412300,0
1785795780000,0.0922400,0.0923000,0.0922300,0.0923000,231649,1785795839999,21373.7031300,248,89737,8280.1463000,0
1785795840000,0.0923000,0.0923300,0.0922900,0.0922900,198775,1785795899999,18348.4537700,188,83310,7690.3888700,0
1785795900000,0.0922900,0.0923200,0.0922100,0.0922400,213550,1785795959999,19703.3725500,262,60726,5603.6316300,0
1785795960000,0.0922400,0.0924100,0.0921900,0.0923300,852437,1785796019999,78710.9803400,506,741918,68512.9757000,0
1785796020000,0.0923400,0.0924600,0.0923300,0.0924500,271790,1785796079999,25112.5057900,226,177414,16391.1715800,0
1785796080000,0.0924500,0.0924600,0.0923800,0.0924400,295311,1785796139999,27290.2638000,276,109103,10082.5908800,0
1785796140000,0.0924500,0.0925100,0.0924100,0.0924900,297493,1785796199999,27504.1607500,268,116858,10804.7420000,0
1785796200000,0.0924900,0.0925000,0.0923500,0.0923700,460662,1785796259999,42565.7376600,356,102383,9459.6273300,0
1785796260000,0.0923800,0.0924400,0.0923600,0.0923700,166976,1785796319999,15428.9985500,252,88002,8131.3306800,0
1785796320000,0.0923800,0.0923900,0.0922900,0.0923100,296833,1785796379999,27408.4273100,381,132221,12208.8020400,0
1785796380000,0.0923100,0.0923300,0.0922600,0.0923100,157361,1785796439999,14525.7443200,245,82126,7580.6836400,0
1785796440000,0.0923200,0.0925200,0.0923200,0.0923800,1006966,1785796499999,93055.4333900,568,435848,40269.9755400,0
1785796500000,0.0923800,0.0924200,0.0923100,0.0923900,393471,1785796559999,36341.4077800,335,235578,21760.2791300,0
1785796560000,0.0923900,0.0924500,0.0923900,0.0924000,207044,1785796619999,19136.1373300,231,117276,10839.6602300,0
1785796620000,0.0923900,0.0924000,0.0923000,0.0923200,261199,1785796679999,24116.5837900,302,125254,11564.1247700,0
1785796680000,0.0923300,0.0923500,0.0923000,0.0923400,183552,1785796739999,16947.4025900,175,130296,12030.7368600,0
1785796740000,0.0923400,0.0923600,0.0922900,0.0923000,380124,1785796799999,35098.1692800,265,63147,5831.3029600,0
1785796800000,0.0923000,0.0923400,0.0923000,0.0923400,98654,1785796859999,9108.1258300,128,51636,4767.2729700,0
1785796860000,0.0923500,0.0924400,0.0923500,0.0924200,375886,1785796919999,34735.0562200,288,282212,26078.3717000,0
1785796920000,0.0924200,0.0924200,0.0923600,0.0923700,254788,1785796979999,23538.2782700,284,58895,5441.0585900,0
1785796980000,0.0923700,0.0923800,0.0922700,0.0923200,230012,1785797039999,21234.7177200,287,57597,5317.3396700,0
1785797040000,0.0923200,0.0924700,0.0923200,0.0924400,332807,1785797099999,30758.8207000,279,229949,21252.5224200,0
1785797100000,0.0924400,0.0924400,0.0923700,0.0924200,268901,1785797159999,24849.4630200,232,101047,9338.0682100,0
1785797160000,0.0924300,0.0925400,0.0923900,0.0925200,445173,1785797219999,41174.5612000,378,333189,30822.3000700,0
1785797220000,0.0925300,0.0925700,0.0923700,0.0923800,674811,1785797279999,62409.6279600,519,181476,16794.2518600,0
1785797280000,0.0923800,0.0925400,0.0923800,0.0925400,358106,1785797339999,33115.7574600,347,253080,23403.2845300,0
1785797340000,0.0925300,0.0925800,0.0924500,0.0924700,531163,1785797399999,49150.9066200,341,298696,27645.9090800,0
1785797400000,0.0924800,0.0925200,0.0924700,0.0924900,209461,1785797459999,19372.8586000,220,19944,1844.6940200,0
1785797460000,0.0924900,0.0925000,0.0924600,0.0924700,64710,1785797519999,5984.7112000,142,9813,907.6618800,0
1785797520000,0.0924600,0.0924900,0.0924000,0.0924000,135812,1785797579999,12556.8202600,231,64560,5969.5366300,0
1785797580000,0.0923900,0.0924400,0.0923600,0.0923800,278900,1785797639999,25766.8672200,253,60739,5611.4619800,0
1785797640000,0.0923700,0.0923900,0.0922700,0.0923700,490104,1785797699999,45253.1937200,364,139757,12904.4039200,0
1785797700000,0.0923700,0.0928000,0.0923700,0.0927400,2040508,1785797759999,189051.6889100,944,1793629,166164.9622700,0
1785797760000,0.0927400,0.0927400,0.0926400,0.0926400,168728,1785797819999,15637.3967200,291,60279,5586.1985600,0
1785797820000,0.0926400,0.0926900,0.0926300,0.0926600,290484,1785797879999,26914.2667700,262,175994,16307.4644600,0
1785797880000,0.0926700,0.0926700,0.0926300,0.0926500,187500,1785797939999,17370.6647700,181,56626,5245.9244300,0
1785797940000,0.0926400,0.0926500,0.0925900,0.0926000,387043,1785797999999,35848.2094300,308,114250,10582.0911700,0
1785798000000,0.0926000,0.0926100,0.0924400,0.0924400,246974,1785798059999,22854.7929800,316,34134,3160.0666700,0
1785798060000,0.0924400,0.0924400,0.0923900,0.0924300,272742,1785798119999,25206.5404000,356,98693,9121.0144000,0
1785798120000,0.0924200,0.0925200,0.0923000,0.0925100,687442,1785798179999,63498.3379800,443,162758,15041.4359100,0
1785798180000,0.0925100,0.0925700,0.0924700,0.0925700,503297,1785798239999,46558.7853600,310,366497,33904.0436000,0
1785798240000,0.0925700,0.0926100,0.0925200,0.0926100,350413,1785798299999,32438.8071200,385,134539,12455.5286900,0
1785798300000,0.0926000,0.0926300,0.0925700,0.0926000,452284,1785798359999,41879.1199000,397,154005,14261.6314400,0
1785798360000,0.0925900,0.0926300,0.0924400,0.0924400,505005,1785798419999,46736.9654100,526,171899,15914.3761600,0
1785798420000,0.0924500,0.0924900,0.0923500,0.0924400,584257,1785798479999,54001.5928500,513,403018,37252.8696500,0
1785798480000,0.0924500,0.0925100,0.0924300,0.0925000,122943,1785798539999,11367.8504600,276,55594,5140.5274900,0
1785798540000,0.0925000,0.0925800,0.0924900,0.0925400,259226,1785798599999,23988.8885500,238,56998,5273.8440500,0
1785798600000,0.0925500,0.0925900,0.0925200,0.0925700,302435,1785798659999,27993.8728400,404,168905,15634.7017800,0
1785798660000,0.0925700,0.0925700,0.0924500,0.0924700,212945,1785798719999,19697.5855700,320,55722,5155.1377800,0
1785798720000,0.0924700,0.0925000,0.0924500,0.0924900,553318,1785798779999,51164.6802800,227,42149,3897.5190600,0
1785798780000,0.0925000,0.0925600,0.0924600,0.0925300,398055,1785798839999,36827.2205700,292,238948,22108.5628200,0
1785798840000,0.0925400,0.0925600,0.0925200,0.0925600,292660,1785798899999,27083.2458500,119,224157,20743.5462300,0
1785798900000,0.0925500,0.0927300,0.0925500,0.0927200,1723951,1785798959999,159663.9045200,456,1303334,120689.9264600,0
1785798960000,0.0927200,0.0928000,0.0927000,0.0927800,1815388,1785799019999,168372.5855800,371,1525063,141447.5354000,0
1785799020000,0.0927800,0.0928600,0.0927000,0.0927500,1639873,1785799079999,152145.3676000,596,154924,14375.6184400,0
1785799080000,0.0927500,0.0927500,0.0925700,0.0926400,393000,1785799139999,36414.1776800,469,67992,6299.0183300,0
1785799140000,0.0926500,0.0926600,0.0924400,0.0924400,647619,1785799199999,59929.0935000,471,318440,29462.1725500,0
1785799200000,0.0924400,0.0925300,0.0924400,0.0924900,245410,1785799259999,22700.9973100,214,49289,4559.0494900,0
1785799260000,0.0924900,0.0925900,0.0924200,0.0925800,592952,1785799319999,54842.6590900,416,301682,27898.5302800,0
1785799320000,0.0925800,0.0926200,0.0925600,0.0926000,146620,1785799379999,13576.1829500,197,38435,3558.6663000,0
1785799380000,0.0925900,0.0926700,0.0925800,0.0926600,130145,1785799439999,12055.1409800,175,44851,4153.3490000,0
1785799440000,0.0926600,0.0926800,0.0925800,0.0925800,293610,1785799499999,27199.4844600,313,61580,5706.0708300,0
1785799500000,0.0925900,0.0925900,0.0924700,0.0924900,403115,1785799559999,37302.3572800,406,151373,14009.2285800,0
1785799560000,0.0924900,0.0925200,0.0924500,0.0924800,219665,1785799619999,20316.4467300,260,62079,5741.5403000,0
1785799620000,0.0924700,0.0926100,0.0924700,0.0925600,446555,1785799679999,41328.5491700,336,236934,21926.0281100,0
1785799680000,0.0925600,0.0925800,0.0925400,0.0925700,199276,1785799739999,18444.6619600,147,90888,8412.5456400,0
1785799740000,0.0925700,0.0926100,0.0925600,0.0926100,119607,1785799799999,11073.9056500,122,54252,5022.8319400,0
1785799800000,0.0926200,0.0926600,0.0926000,0.0926300,523484,1785799859999,48496.8747400,351,351177,32534.3416100,0
1785799860000,0.0926400,0.0926500,0.0926000,0.0926200,215494,1785799919999,19959.9784100,197,105182,9742.6092900,0
1785799920000,0.0926200,0.0928200,0.0926200,0.0927800,394398,1785799979999,36573.7326000,432,236513,21929.4457000,0
1785799980000,0.0927800,0.0928600,0.0927700,0.0928400,644769,1785800039999,59838.0832200,379,486118,45115.1966900,0
1785800040000,0.0928400,0.0928500,0.0927600,0.0928200,443619,1785800099999,41172.7054100,334,198841,18455.0984100,0
1785800100000,0.0928100,0.0928100,0.0926400,0.0926500,839850,1785800159999,77857.1771400,275,13870,1285.4863000,0
1785800160000,0.0926600,0.0927400,0.0926400,0.0926900,295325,1785800219999,27370.8165100,319,131093,12149.2576600,0
1785800220000,0.0927000,0.0927000,0.0925800,0.0926300,542123,1785800279999,50214.4177800,393,354217,32810.0310100,0
1785800280000,0.0926200,0.0926400,0.0925700,0.0925700,208812,1785800339999,19335.3334700,204,19543,1810.1340800,0
1785800340000,0.0925700,0.0926000,0.0925500,0.0925500,218521,1785800399999,20231.2334100,177,58563,5421.8627800,0
1785800400000,0.0925600,0.0926400,0.0925500,0.0926100,513776,1785800459999,47577.7905400,355,171761,15906.1746300,0
1785800460000,0.0926100,0.0926200,0.0925400,0.0925900,166613,1785800519999,15424.0792700,215,55297,5118.6652100,0
1785800520000,0.0925800,0.0926400,0.0925700,0.0925900,183176,1785800579999,16962.2977800,209,45212,4186.8964400,0
1785800580000,0.0925800,0.0926500,0.0925500,0.0925500,248403,1785800639999,23005.0728900,229,84311,7807.8204600,0
1785800640000,0.0925500,0.0926100,0.0925200,0.0926100,271431,1785800699999,25128.1919500,219,136796,12664.5738800,0
1785800700000,0.0926000,0.0926500,0.0925000,0.0926400,466512,1785800759999,43180.0236900,363,161525,14949.9258400,0
1785800760000,0.0926400,0.0927200,0.0925800,0.0927000,288193,1785800819999,26699.2637800,291,128830,11935.1541600,0
1785800820000,0.0927100,0.0928400,0.0926200,0.0927600,2035342,1785800879999,188780.3115400,915,1516029,140616.9210000,0
1785800880000,0.0927600,0.0928400,0.0926700,0.0927300,2049900,1785800939999,190197.1104300,630,510581,47359.4082100,0
1785800940000,0.0927200,0.0927900,0.0926600,0.0926900,511193,1785800999999,47397.3902200,353,162083,15025.2706300,0
1785801000000,0.0926800,0.0927700,0.0926500,0.0927000,233786,1785801059999,21678.0303000,211,29178,2704.8049000,0
1785801060000,0.0927000,0.0927000,0.0926000,0.0926300,201012,1785801119999,18621.6511700,247,61176,5667.1505800,0
1785801120000,0.0926200,0.0926700,0.0925800,0.0926400,398163,1785801179999,36884.2710700,296,245150,22709.6047900,0
1785801180000,0.0926400,0.0927300,0.0926200,0.0927300,259143,1785801239999,24012.0637300,211,172880,16020.5631900,0
1785801240000,0.0927300,0.0927800,0.0926700,0.0926800,599316,1785801299999,55588.7356800,305,134911,12510.0833200,0
1785801300000,0.0926800,0.0927300,0.0926200,0.0927300,252879,1785801359999,23437.0676500,257,145242,13461.4757900,0
1785801360000,0.0927300,0.0929200,0.0927300,0.0929100,510531,1785801419999,47410.3265400,339,382953,35559.4631300,0
1785801420000,0.0929100,0.0929900,0.0928800,0.0929000,795534,1785801479999,73934.3690100,439,506209,47045.4700900,0
1785801480000,0.0929000,0.0929200,0.0928500,0.0928500,320565,1785801539999,29776.9191100,244,118652,11021.9417200,0
1785801540000,0.0928600,0.0929000,0.0928600,0.0928800,207186,1785801599999,19243.5453300,205,70992,6593.8767100,0
