open_time,open,high,low,close,volume,close_time,quote_volume,count,taker_buy_volume,taker_buy_quote_volume,ignore
1721347200000,0.4896000,0.4899000,0.4658000,0.4770000,68771713,1721361599999,32644585.3198000,126604,34303490,16274727.3676000,0
1721361600000,0.4770000,0.4826000,0.4631000,0.4659000,49997168,1721375999999,23686752.4035000,84999,23845880,11302400.2910000,0
1721376000000,0.4659000,0.4709000,0.4579000,0.4636000,49499993,1721390399999,22970950.1673000,83907,23799998,11044269.3303000,0
1721390400000,0.4636000,0.4822000,0.4564000,0.4810000,73347792,1721404799999,34485665.5057000,131075,35246679,16576243.0888000,0
1721404800000,0.4810000,0.5131000,0.4809000,0.4918000,130786919,1721419199999,65120597.9129000,208589,67066510,33387875.8687000,0
1721419200000,0.4918000,0.4948000,0.4838000,0.4866000,29695612,1721433599999,14510574.4003000,59949,14833198,7248636.6054000,0
