open_time,open,high,low,close,volume,close_time,quote_volume,count,taker_buy_volume,taker_buy_quote_volume,ignore
1782259200000,0.0862700,0.0866800,0.0846400,0.0848200,97931951,1782273599999,8398329.8084500,85374,45985562,3945190.5590600,0
1782273600000,0.0848300,0.0856700,0.0838500,0.0843000,118265336,1782287999999,10033205.9784500,83369,56493828,4795762.6238300,0
1782288000000,0.0843100,0.0853200,0.0828100,0.0848400,173602823,1782302399999,14565145.5557900,102775,80581191,6765701.4033500,0
1782302400000,0.0848500,0.0853500,0.0811000,0.0813200,312275718,1782316799999,25992960.1132400,198757,137576548,11461126.1733200,0
1782316800000,0.0813200,0.0820200,0.0792200,0.0810500,331527241,1782331199999,26686304.1211500,217230,155503937,12526559.3305800,0
1782331200000,0.0810500,0.0858800,0.0809600,0.0850300,209654524,1782345599999,17566715.0003900,137099,108035783,9053211.8609500,0
