open_time,open,high,low,close,volume,close_time,quote_volume,count,taker_buy_volume,taker_buy_quote_volume,ignore
1790726400000,0.2483200,0.2485600,0.2480000,0.2482500,646249,1790726459999,160500.3574500,1614,279681,69453.2198200,0
1790726460000,0.2482400,0.2486900,0.2481600,0.2486900,717426,1790726519999,178228.0285300,1546,485013,120494.8108000,0
1790726520000,0.2486900,0.2489200,0.2486600,0.2487500,315882,1790726579999,78587.3546000,1047,143528,35706.8257100,0
1790726580000,0.2487500,0.2492700,0.2485900,0.2492400,424941,1790726639999,105795.8832500,1404,269475,67096.3367000,0
1790726640000,0.2492400,0.2492400,0.2485600,0.2488300,318396,1790726699999,79207.0000800,1297,145723,36246.7486800,0
1790726700000,0.2488400,0.2490000,0.2485900,0.2487800,358958,1790726759999,89308.6609200,1262,199390,49607.3270500,0
1790726760000,0.2487900,0.2489100,0.2484600,0.2484600,274706,1790726819999,68327.2569200,887,79173,19692.1938500,0
1790726820000,0.2484600,0.2484700,0.2478900,0.2480800,348434,1790726879999,86442.9319200,959,93555,23207.3614500,0
1790726880000,0.2480800,0.2480800,0.2476000,0.2476000,268917,1790726939999,66647.7389600,630,66078,16374.3478100,0
1790726940000,0.2475900,0.2476800,0.2474000,0.2474000,262870,1790726999999,65072.6718600,666,157476,38982.1701900,0
1790727000000,0.2474000,0.2474100,0.2467000,0.2469800,1413464,1790727059999,349142.9175200,2248,345026,85204.7041200,0
1790727060000,0.2469800,0.2470700,0.2467300,0.2468300,1175571,1790727119999,290198.0052800,1277,529870,130807.5556900,0
1790727120000,0.2468300,0.2469100,0.2463900,0.2465500,475302,1790727179999,117219.4462800,1010,185019,45627.4012600,0
1790727180000,0.2465600,0.2467700,0.2462400,0.2463800,408299,1790727239999,100613.4055400,1001,129664,31955.2864800,0
1790727240000,0.2463700,0.2466100,0.2463200,0.2464000,269728,1790727299999,66476.3275100,798,116655,28748.4185000,0
1790727300000,0.2464100,0.2464800,0.2456100,0.2462300,2596834,1790727359999,638911.2559600,2245,609946,150113.4537600,0
1790727360000,0.2462700,0.2463400,0.2462200,0.2462600,268434,1790727419999,66109.6356800,670,89582,22062.7986300,0
1790727420000,0.2462700,0.2464100,0.2461000,0.2461000,618874,1790727479999,152381.6873100,1193,233552,57515.5504200,0
1790727480000,0.2461000,0.2462800,0.2460600,0.2462700,286088,1790727539999,70429.7016800,892,92104,22673.4825900,0
1790727540000,0.2462700,0.2466100,0.2462700,0.2463000,301058,1790727599999,74203.3193600,855,213633,52659.6698200,0
1790727600000,0.2463000,0.2465700,0.2462000,0.2464900,308370,1790727659999,75977.1588000,789,124216,30606.8073100,0
1790727660000,0.2464900,0.2469900,0.2463700,0.2469100,412417,1790727719999,101742.3791100,1050,284831,70261.5815600,0
1790727720000,0.2469200,0.2470300,0.2464500,0.2464500,340941,1790727779999,84089.3239200,833,81553,20116.8933500,0
1790727780000,0.2464500,0.2465200,0.2462100,0.2465200,168475,1790727839999,41498.3821200,581,87260,21494.1901000,0
1790727840000,0.2465100,0.2468000,0.2461800,0.2461800,737579,1790727899999,181817.0937100,1199,298467,73584.8022200,0
1790727900000,0.2461900,0.2465500,0.2461000,0.2463700,692799,1790727959999,170623.3400300,1344,260834,64241.3854600,0
1790727960000,0.2463700,0.2466100,0.2463000,0.2464900,241648,1790728019999,59555.6634300,733,163076,40190.1189200,0
1790728020000,0.2464900,0.2472100,0.2463200,0.2465600,1713195,1790728079999,422782.9408400,1996,1233481,304488.5795900,0
1790728080000,0.2465700,0.2474400,0.2465700,0.2474200,863969,1790728139999,213555.9432000,1143,755476,186747.0947700,0
1790728140000,0.2474200,0.2476400,0.2470800,0.2473000,266678,1790728199999,65979.6608200,1040,164578,40716.4159300,0
1790728200000,0.2472900,0.2478400,0.2470700,0.2477400,281379,1790728259999,69620.8732900,1174,173198,42856.0437400,0
1790728260000,0.2477300,0.2480000,0.2475700,0.2479900,268500,1790728319999,66547.7107600,884,176953,43855.2581100,0
1790728320000,0.2480000,0.2486000,0.2479100,0.2486000,324092,1790728379999,80431.9128700,1035,228109,56623.2819300,0
1790728380000,0.2486100,0.2487600,0.2485000,0.2487300,352290,1790728439999,87586.8081400,952,210259,52276.5068200,0
1790728440000,0.2487400,0.2488500,0.2484200,0.2485800,268540,1790728499999,66764.5408800,841,119819,29790.9711600,0
1790728500000,0.2485800,0.2490400,0.2485400,0.2489000,1559098,1790728559999,387713.1746500,1775,1388310,345226.0312600,0
1790728560000,0.2489000,0.2489700,0.2478500,0.2478500,673202,1790728619999,167172.8537000,1282,129898,32290.3028000,0
1790728620000,0.2478600,0.2479700,0.2473500,0.2475600,1398688,1790728679999,346249.4698600,1728,581149,143839.9443100,0
1790728680000,0.2475700,0.2479000,0.2474900,0.2476200,258244,1790728739999,63958.0942700,930,165765,41049.2399500,0
1790728740000,0.2476200,0.2477900,0.2475000,0.2476300,162444,1790728799999,40227.0424300,803,66820,16546.3542300,0
1790728800000,0.2476300,0.2482700,0.2475600,0.2481600,247679,1790728859999,61403.0264900,1125,127417,31586.9800000,0
1790728860000,0.2481700,0.2485900,0.2481700,0.2485900,214269,1790728919999,53235.6591800,713,101318,25172.9442400,0
1790728920000,0.2485900,0.2487400,0.2482200,0.2483000,164093,1790728979999,40780.1471900,702,100546,24988.8769700,0
1790728980000,0.2483000,0.2483200,0.2476800,0.2476900,234239,1790729039999,58089.0081300,802,78332,19418.5124500,0
1790729040000,0.2476900,0.2478900,0.2476800,0.2478700,321822,1790729099999,79753.9970100,767,217942,54012.6256800,0
1790729100000,0.2478700,0.2480300,0.2475700,0.2476100,332223,1790729159999,82338.4059600,878,114739,28438.4995000,0
1790729160000,0.2476200,0.2477000,0.2474000,0.2476200,159503,1790729219999,39482.4025600,881,68272,16900.3420900,0
1790729220000,0.2476000,0.2477100,0.2468800,0.2471300,520508,1790729279999,128663.6489400,1459,267754,66181.3087400,0
1790729280000,0.2471400,0.2471900,0.2468000,0.2471000,268510,1790729339999,66310.2815000,889,139604,34469.6254100,0
1790729340000,0.2470900,0.2472700,0.2469800,0.2470300,107573,1790729399999,26583.4948000,692,37729,9322.8895600,0
1790729400000,0.2470300,0.2470700,0.2468400,0.2468600,153069,1790729459999,37804.1305700,585,67101,16570.9133800,0
1790729460000,0.2468700,0.2469400,0.2467800,0.2469100,197492,1790729519999,48748.7382900,586,69718,17210.9980100,0
1790729520000,0.2469100,0.2471100,0.2468800,0.2469700,136152,1790729579999,33626.7229100,624,79435,19618.2979700,0
1790729580000,0.2469800,0.2472000,0.2466900,0.2472000,172031,1790729639999,42467.8038700,636,59770,14758.3527800,0
1790729640000,0.2472100,0.2473100,0.2469900,0.2469900,359601,1790729699999,88893.8784500,824,165853,40998.0973400,0
1790729700000,0.2469900,0.2475000,0.2468400,0.2474900,224091,1790729759999,55384.6370400,806,125348,30977.8881300,0
1790729760000,0.2474900,0.2476200,0.2473000,0.2473500,106841,1790729819999,26435.2902800,599,66131,16361.1713900,0
1790729820000,0.2473500,0.2479600,0.2472400,0.2479100,179988,1790729879999,44589.1875200,692,146445,36286.0022100,0
1790729880000,0.2479100,0.2489100,0.2478100,0.2485000,1923994,1790729939999,478220.9737000,1677,1574543,391386.0955400,0
1790729940000,0.2485100,0.2485100,0.2481600,0.2483000,394251,1790729999999,97907.4212800,1020,127387,31640.3260600,0
1790730000000,0.2483100,0.2484100,0.2479100,0.2484100,223327,1790730059999,55417.1664400,1181,124372,30859.7490800,0
1790730060000,0.2484100,0.2486800,0.2482000,0.2484900,336241,1790730119999,83548.2224300,1057,239517,59522.5607300,0
1790730120000,0.2484900,0.2492700,0.2483900,0.2492700,398035,1790730179999,99059.6285000,1006,320609,79804.6988100,0
1790730180000,0.2492700,0.2493000,0.2488500,0.2492300,298789,1790730239999,74432.5358100,911,128181,31942.9116300,0
1790730240000,0.2492300,0.2493000,0.2485300,0.2486100,554580,1790730299999,138108.4913200,1202,160231,39899.4777100,0
1790730300000,0.2486100,0.2490800,0.2484800,0.2490500,468815,1790730359999,116554.5870100,882,348878,86737.9693400,0
1790730360000,0.2490400,0.2491500,0.2486200,0.2486200,316919,1790730419999,78883.9465200,973,143297,35670.4061500,0
1790730420000,0.2486500,0.2486900,0.2482400,0.2485200,322456,1790730479999,80115.2610400,943,110428,27432.1973400,0
1790730480000,0.2485100,0.2485100,0.2480600,0.2482600,475736,1790730539999,118093.4138300,864,161975,40198.2069400,0
1790730540000,0.2482600,0.2492500,0.2482600,0.2491500,438287,1790730599999,109101.9652400,972,348552,86748.9650800,0
1790730600000,0.2491500,0.2492000,0.2482000,0.2482200,206013,1790730659999,51204.0678100,911,98603,24502.1882900,0
1790730660000,0.2482200,0.2488400,0.2482200,0.2488300,157323,1790730719999,39108.2270800,809,91499,22740.9159200,0
1790730720000,0.2488400,0.2493000,0.2485500,0.2485500,287153,1790730779999,71514.0141400,941,205472,51175.6955700,0
1790730780000,0.2485500,0.2488300,0.2482100,0.2485400,286664,1790730839999,71257.6163400,1199,147325,36615.4765300,0
1790730840000,0.2485500,0.2490700,0.2485500,0.2489700,201854,1790730899999,50218.1727100,768,138441,34439.6368900,0
1790730900000,0.2489700,0.2491100,0.2487700,0.2490300,142606,1790730959999,35498.6771400,794,86481,21528.6327300,0
1790730960000,0.2490300,0.2492200,0.2488400,0.2488400,162077,1790731019999,40356.7840600,821,62091,15458.7087700,0
1790731020000,0.2488500,0.2491000,0.2486700,0.2488500,333321,1790731079999,82928.1776200,820,94146,23427.4723100,0
1790731080000,0.2488500,0.2488500,0.2485800,0.2486000,190200,1790731139999,47304.3225700,840,99442,24731.2748300,0
1790731140000,0.2486100,0.2487200,0.2485300,0.2485700,153063,1790731199999,38056.0890300,555,109113,27130.1086700,0
1790731200000,0.2485600,0.2485600,0.2483000,0.2485500,130001,1790731259999,32296.3063800,579,61854,15365.5326500,0
1790731260000,0.2485600,0.2489500,0.2485200,0.2486500,266946,1790731319999,66399.7055900,1224,149864,37270.2562800,0
1790731320000,0.2486500,0.2491200,0.2485700,0.2490500,261304,1790731379999,65012.2025500,833,151008,37582.7278300,0
1790731380000,0.2490600,0.2492000,0.2490000,0.2491000,206853,1790731439999,51532.4730100,607,156570,39005.5381700,0
1790731440000,0.2491000,0.2495600,0.2489500,0.2495600,438959,1790731499999,109376.6713800,964,332942,82968.5287300,0
1790731500000,0.2495400,0.2498300,0.2493900,0.2495900,537316,1790731559999,134115.4153000,1327,244763,61100.1199200,0
1790731560000,0.2495900,0.2496500,0.2492100,0.2492200,775536,1790731619999,193390.2942200,1156,64548,16100.4588000,0
1790731620000,0.2492300,0.2492300,0.2485500,0.2487900,419441,1790731679999,104416.0349200,892,80059,19923.0511300,0
1790731680000,0.2487900,0.2488100,0.2485400,0.2487100,105452,1790731739999,26224.9869200,646,66895,16636.0950900,0
1790731740000,0.2487000,0.2487000,0.2482200,0.2483600,124063,1790731799999,30817.0218100,610,42704,10611.0882100,0
1790731800000,0.2483600,0.2489900,0.2477500,0.2487200,992643,1790731859999,246455.9864200,1998,340953,84721.1859700,0
1790731860000,0.2487100,0.2490100,0.2483800,0.2485000,458148,1790731919999,113984.7136700,1610,364792,90770.7342700,0
1790731920000,0.2484900,0.2486700,0.2483300,0.2484200,207531,1790731979999,51569.1688400,890,101175,25143.1762700,0
1790731980000,0.2484100,0.2485100,0.2481100,0.2484600,292886,1790732039999,72709.4578900,868,101442,25185.2476900,0
1790732040000,0.2484700,0.2487000,0.2480800,0.2481300,366777,1790732099999,91120.8493400,1020,190119,47251.6214700,0
1790732100000,0.2481200,0.2484300,0.2478800,0.2482300,252467,1790732159999,62625.3201100,960,112683,27951.6220900,0
1790732160000,0.2482200,0.2484100,0.2480300,0.2483000,155772,1790732219999,38666.9025000,917,86844,21557.1269800,0
1790732220000,0.2483100,0.2485800,0.2480900,0.2484700,320415,1790732279999,79551.8708300,1116,197277,48984.7302100,0
1790732280000,0.2484800,0.2488200,0.2483500,0.2484300,248037,1790732339999,61665.2116300,926,151745,37734.7230100,0
1790732340000,0.2484200,0.2487600,0.2483000,0.2487500,190499,1790732399999,47340.4649000,861,119698,29753.4662100,0
1790732400000,0.2487500,0.2490900,0.2486800,0.2489100,299077,1790732459999,74443.4627900,995,207845,51735.5735800,0
1790732460000,0.2489300,0.2490700,0.2487200,0.2490100,220228,1790732519999,54827.1933600,792,93743,23334.8907600,0
1790732520000,0.2490000,0.2493500,0.2489400,0.2491400,363120,1790732579999,90493.8567400,1010,174999,43613.9600700,0
1790732580000,0.2491400,0.2494900,0.2490400,0.2494900,225432,1790732639999,56172.6695600,683,80915,20167.4151300,0
1790732640000,0.2495000,0.2497100,0.2491700,0.2493200,508574,1790732699999,126811.5968600,1147,145667,36337.1495000,0
1790732700000,0.2493200,0.2496100,0.2492200,0.2493500,193868,1790732759999,48343.8279400,1039,88174,21987.6250200,0
1790732760000,0.2493600,0.2498300,0.2493600,0.2497100,694217,1790732819999,173283.4672100,1095,527041,131537.3830100,0
1790732820000,0.2497200,0.2499000,0.2494100,0.2496500,215254,1790732879999,53726.2752700,905,76659,19137.3425500,0
1790732880000,0.2496500,0.2496600,0.2491100,0.2494000,201922,1790732939999,50343.7016300,864,98835,24642.0467700,0
1790732940000,0.2494000,0.2497700,0.2492900,0.2497300,256101,1790732999999,63915.3647400,783,170407,42523.7775800,0
1790733000000,0.2497300,0.2498400,0.2492900,0.2496900,423080,1790733059999,105545.7345900,1021,88640,22121.8713900,0
1790733060000,0.2496900,0.2501800,0.2493800,0.2501500,607812,1790733119999,151910.7019600,1193,435034,108755.1095300,0
1790733120000,0.2501500,0.2502400,0.2497800,0.2498400,158656,1790733179999,39681.7144800,805,107475,26883.0768400,0
1790733180000,0.2498400,0.2498400,0.2493400,0.2493900,298582,1790733239999,74517.6764600,807,144069,35961.3002500,0
1790733240000,0.2493800,0.2494900,0.2492000,0.2493300,236666,1790733299999,59013.2121900,633,108417,27031.9535000,0
1790733300000,0.2493300,0.2493300,0.2489900,0.2490000,293184,1790733359999,73039.6074200,659,58093,14471.5734600,0
1790733360000,0.2490000,0.2491700,0.2489400,0.2490000,105656,1790733419999,26310.6334100,556,61460,15305.1015500,0
1790733420000,0.2490000,0.2492300,0.2489700,0.2492300,201007,1790733479999,50069.8438400,565,144544,36005.9319800,0
1790733480000,0.2492200,0.2492200,0.2488200,0.2488200,102717,1790733539999,25578.1308500,485,44173,11000.5697200,0
1790733540000,0.2488100,0.2489900,0.2487400,0.2489900,321137,1790733599999,79913.6042200,693,261667,65115.9869400,0
1790733600000,0.2490000,0.2493400,0.2489300,0.2492500,419970,1790733659999,104648.4652100,1116,236703,58980.0978300,0
1790733660000,0.2492400,0.2496500,0.2492000,0.2493300,276972,1790733719999,69075.4469500,843,112336,28020.0514800,0
1790733720000,0.2493200,0.2493300,0.2488300,0.2488300,192607,1790733779999,47990.7322600,658,71677,17859.1161400,0
1790733780000,0.2488300,0.2489600,0.2485800,0.2488600,549342,1790733839999,136668.2898500,1273,259089,64444.1644300,0
1790733840000,0.2488700,0.2495000,0.2488700,0.2492100,610122,1790733899999,152075.6980400,1315,424626,105827.8320900,0
1790733900000,0.2492200,0.2498500,0.2492200,0.2497300,854125,1790733959999,213232.7419500,1367,618765,154463.1121000,0
1790733960000,0.2497400,0.2502200,0.2497000,0.2499900,598831,1790734019999,149765.5209900,1096,425758,106482.2354400,0
1790734020000,0.2500000,0.2505000,0.2499600,0.2504500,258090,1790734079999,64603.6358000,1212,171635,42963.3074800,0
1790734080000,0.2504500,0.2505900,0.2495500,0.2496200,1740508,1790734139999,435232.2541900,2229,734160,183635.2810600,0
1790734140000,0.2496300,0.2500000,0.2494300,0.2496800,1476710,1790734199999,368705.6837800,2541,1060794,264879.6546700,0
1790734200000,0.2496800,0.2499300,0.2495200,0.2498700,676291,1790734259999,168864.9850400,1676,481215,120160.4980200,0
1790734260000,0.2498600,0.2498900,0.2495800,0.2497200,225689,1790734319999,56364.2640500,808,116453,29081.8050400,0
1790734320000,0.2497200,0.2499300,0.2496000,0.2496800,518015,1790734379999,129364.0470700,1070,369870,92370.4221900,0
1790734380000,0.2496600,0.2501200,0.2496000,0.2497400,226070,1790734439999,56496.1045700,1030,93301,23315.4441100,0
1790734440000,0.2497400,0.2499400,0.2496000,0.2497800,296589,1790734499999,74076.2785900,829,242060,60457.0255500,0
1790734500000,0.2497900,0.2499800,0.2495200,0.2498400,267874,1790734559999,66901.0095300,1062,172125,42989.0191300,0
1790734560000,0.2498300,0.2498300,0.2494100,0.2494700,391335,1790734619999,97688.1849500,858,233135,58190.6448300,0
1790734620000,0.2494700,0.2499200,0.2494600,0.2496800,201095,1790734679999,50211.5254500,893,92857,23181.2678600,0
1790734680000,0.2496900,0.2500400,0.2494300,0.2495700,398367,1790734739999,99475.7682800,1040,200939,50175.5026100,0
1790734740000,0.2496100,0.2496700,0.2494400,0.2496100,198860,1790734799999,49624.9127100,724,126220,31496.7850800,0
1790734800000,0.2496000,0.2496400,0.2494400,0.2495200,140525,1790734859999,35061.8245700,628,50536,12608.9196800,0
1790734860000,0.2495100,0.2500300,0.2494500,0.2500300,132903,1790734919999,33187.3682500,823,94740,23659.2707100,0
1790734920000,0.2500300,0.2503100,0.2499300,0.2501800,141358,1790734979999,35351.3659900,709,88147,22043.9877300,0
1790734980000,0.2501900,0.2506100,0.2497700,0.2497700,404879,1790735039999,101351.9195200,1100,264386,66200.4369000,0
1790735040000,0.2497600,0.2499100,0.2494500,0.2495300,386161,1790735099999,96394.1654600,891,202048,50424.3094400,0
1790735100000,0.2495400,0.2497500,0.2494300,0.2496300,199524,1790735159999,49797.9786500,711,131241,32756.8880200,0
1790735160000,0.2496400,0.2497600,0.2495200,0.2495700,187189,1790735219999,46727.2589500,674,53184,13277.0089600,0
1790735220000,0.2495800,0.2496600,0.2493900,0.2494600,439007,1790735279999,109523.4451000,813,121297,30259.6933100,0
1790735280000,0.2494600,0.2496200,0.2493500,0.2494500,363848,1790735339999,90763.0181700,818,176327,43985.0998800,0
1790735340000,0.2494500,0.2497000,0.2493100,0.2495800,353600,1790735399999,88225.9781200,698,118676,29609.2785400,0
1790735400000,0.2495800,0.2497200,0.2493800,0.2493800,208771,1790735459999,52103.3573500,657,86561,21603.0382700,0
1790735460000,0.2493800,0.2499700,0.2492100,0.2498100,336758,1790735519999,84077.8078400,1117,108558,27099.9935600,0
1790735520000,0.2498100,0.2500300,0.2494700,0.2494700,300325,1790735579999,75020.5442700,861,130972,32723.0719700,0
1790735580000,0.2494700,0.2494700,0.2487300,0.2488500,614022,1790735639999,152857.6156100,966,90451,22531.1842700,0
1790735640000,0.2488600,0.2489700,0.2486100,0.2486200,445221,1790735699999,110757.7915700,1060,143758,35762.9538600,0
1790735700000,0.2486300,0.2490900,0.2486300,0.2490100,410319,1790735759999,102120.1114500,1048,172452,42904.4159400,0
1790735760000,0.2490100,0.2491500,0.2487300,0.2490900,366632,1790735819999,91279.9245400,847,159750,39771.2678200,0
1790735820000,0.2491000,0.2494900,0.2489000,0.2490600,162164,1790735879999,40412.8160700,865,85764,21371.2182400,0
1790735880000,0.2490700,0.2493900,0.2489500,0.2492600,141963,1790735939999,35369.9744100,665,88748,22113.3043600,0
1790735940000,0.2492700,0.2494700,0.2491600,0.2494700,126758,1790735999999,31596.0640000,536,93288,23253.4396800,0
1790736000000,0.2494800,0.2504500,0.2494800,0.2504300,718908,1790736059999,179825.1226000,985,597757,149511.9993500,0
1790736060000,0.2504400,0.2504700,0.2498900,0.2504700,233611,1790736119999,58462.0127800,1026,107440,26888.5163000,0
1790736120000,0.2504800,0.2505000,0.2498800,0.2498800,241285,1790736179999,60347.8261900,791,74133,18541.2872900,0
1790736180000,0.2498800,0.2500500,0.2498000,0.2498300,159198,1790736239999,39785.3425400,511,102327,25573.3994900,0
1790736240000,0.2498400,0.2502500,0.2498300,0.2501400,202428,1790736299999,50617.6400200,481,113489,28370.9338600,0
1790736300000,0.2501300,0.2503500,0.2499600,0.2503400,471645,1790736359999,117911.1298900,796,125750,31445.2069300,0
1790736360000,0.2503500,0.2506700,0.2503000,0.2504800,419881,1790736419999,105189.6352200,849,292998,73404.0439700,0
1790736420000,0.2504800,0.2509400,0.2503800,0.2505200,405714,1790736479999,101705.1986400,980,198267,49709.3071100,0
1790736480000,0.2505300,0.2508100,0.2501200,0.2502300,291898,1790736539999,73162.4144200,702,210812,52846.0260200,0
1790736540000,0.2502400,0.2506800,0.2501300,0.2505200,495290,1790736599999,123987.5262100,933,216545,54205.5795100,0
1790736600000,0.2505200,0.2505500,0.2503800,0.2505500,197208,1790736659999,49396.3181300,624,101525,25429.2618400,0
1790736660000,0.2505500,0.2511100,0.2505100,0.2509000,1755786,1790736719999,440522.1492300,1441,1441221,361588.1666900,0
1790736720000,0.2509000,0.2509200,0.2505200,0.2506100,797944,1790736779999,200064.9028100,1079,423462,106161.3859600,0
1790736780000,0.2506100,0.2506300,0.2502900,0.2502900,526703,1790736839999,131897.1930800,740,163225,40881.5929100,0
1790736840000,0.2503100,0.2503300,0.2498700,0.2499700,385160,1790736899999,96336.0655800,804,100634,25165.4122800,0
1790736900000,0.2499800,0.2500200,0.2498300,0.2499300,185452,1790736959999,46348.5809500,660,83254,20806.9866200,0
1790736960000,0.2499400,0.2499800,0.2497700,0.2497800,481145,1790737019999,120208.4465500,795,259467,64820.6931400,0
1790737020000,0.2497800,0.2498100,0.2493300,0.2493400,237733,1790737079999,59326.0538300,664,105239,26266.2947900,0
1790737080000,0.2493500,0.2493700,0.2490200,0.2490200,497543,1790737139999,124042.0650600,600,92681,23101.5284000,0
1790737140000,0.2490300,0.2495100,0.2490300,0.2494900,352936,1790737199999,88003.1640700,702,234718,58519.7378700,0
1790737200000,0.2494900,0.2499600,0.2494500,0.2494500,354748,1790737259999,88592.3735300,1177,238661,59600.0283700,0
1790737260000,0.2494500,0.2494500,0.2482000,0.2482100,558176,1790737319999,138830.9796000,966,32137,7998.9283000,0
1790737320000,0.2482100,0.2485800,0.2481000,0.2481000,525243,1790737379999,130426.8305300,1139,328289,81531.2694200,0
1790737380000,0.2481000,0.2485100,0.2480900,0.2485100,456676,1790737439999,113384.9895500,778,303060,75254.7084900,0
1790737440000,0.2485100,0.2488600,0.2482500,0.2482700,606473,1790737499999,150723.5849600,1234,247352,61506.3062500,0
1790737500000,0.2482700,0.2485700,0.2482200,0.2484500,862169,1790737559999,214069.1517300,730,367286,91205.2590900,0
1790737560000,0.2484500,0.2484500,0.2478000,0.2479700,661851,1790737619999,164155.4371700,1002,126851,31461.5762600,0
1790737620000,0.2480100,0.2480100,0.2471300,0.2473200,782968,1790737679999,193755.2658300,1354,248564,61498.4250600,0
1790737680000,0.2473100,0.2475400,0.2472300,0.2473700,533965,1790737739999,132106.2694200,1114,280375,69371.5694500,0
1790737740000,0.2473700,0.2475300,0.2472000,0.2474900,596552,1790737799999,147590.7608100,1208,448924,111068.7437200,0
1790737800000,0.2474600,0.2477900,0.2474300,0.2474300,605733,1790737859999,149992.4063300,1235,337852,83656.5481300,0
1790737860000,0.2474200,0.2475500,0.2472800,0.2474300,317959,1790737919999,78660.8614800,750,219247,54240.7352000,0
1790737920000,0.2474300,0.2476600,0.2472800,0.2472900,275211,1790737979999,68115.8166900,772,176066,43580.5519400,0
1790737980000,0.2472900,0.2473200,0.2468200,0.2469900,666601,1790738039999,164668.1770400,876,258170,63760.4470200,0
1790738040000,0.2469900,0.2471500,0.2468800,0.2469700,464512,1790738099999,114731.0957400,793,153866,38003.7320500,0
1790738100000,0.2469800,0.2470900,0.2468300,0.2469000,137684,1790738159999,33997.6324900,473,55710,13754.8013100,0
1790738160000,0.2469000,0.2469300,0.2453300,0.2454500,2827954,1790738219999,695629.3902100,2723,633758,155829.2576800,0
1790738220000,0.2455000,0.2456500,0.2447500,0.2451100,3663107,1790738279999,897735.5454300,3146,842641,206582.5625800,0
1790738280000,0.2451100,0.2451100,0.2448500,0.2450200,827036,1790738339999,202613.1229500,1213,182556,44723.7672800,0
1790738340000,0.2450100,0.2453800,0.2448900,0.2449300,1066593,1790738399999,261483.4694200,1486,653354,160188.7820100,0
1790738400000,0.2449300,0.2456200,0.2449300,0.2455800,1427141,1790738459999,350141.2752400,1825,785433,192698.4816300,0
1790738460000,0.2455900,0.2456500,0.2453100,0.2454600,479288,1790738519999,117669.0445900,721,284625,69871.7572600,0
1790738520000,0.2454600,0.2459400,0.2454600,0.2458000,1239582,1790738579999,304621.5445900,1561,1044670,256723.9809500,0
1790738580000,0.2458000,0.2463800,0.2457700,0.2462100,1481022,1790738639999,364545.1074400,1663,1178483,290091.9037300,0
1790738640000,0.2462100,0.2462700,0.2455100,0.2456900,378724,1790738699999,93078.9547300,1113,183327,45038.7902300,0
1790738700000,0.2457000,0.2460000,0.2454500,0.2455500,815571,1790738759999,200356.9400700,1449,542168,133189.3705400,0
1790738760000,0.2455300,0.2455800,0.2453800,0.2455800,734070,1790738819999,180195.0014400,1106,431003,105798.6484000,0
1790738820000,0.2455800,0.2456400,0.2453500,0.2455300,626846,1790738879999,153910.5480500,1059,374533,91955.9726300,0
1790738880000,0.2455200,0.2455900,0.2453800,0.2454200,236088,1790738939999,57953.9957600,496,97732,23990.8112300,0
1790738940000,0.2454200,0.2456300,0.2449200,0.2450500,1254664,1790738999999,307682.8252900,1257,235579,57746.3923100,0
1790739000000,0.2450500,0.2453200,0.2447200,0.2447700,1015858,1790739059999,248896.8893600,1475,432001,105878.0615000,0
1790739060000,0.2447700,0.2448200,0.2444900,0.2445500,980647,1790739119999,239960.7282200,1243,224999,55057.3372200,0
1790739120000,0.2445600,0.2447100,0.2443300,0.2443500,1115715,1790739179999,272794.1496200,1506,416972,101973.1020300,0
1790739180000,0.2443700,0.2451300,0.2439300,0.2451300,2235284,1790739239999,546214.5234500,2558,760137,185906.0201400,0
1790739240000,0.2451100,0.2453300,0.2450900,0.2452900,659880,1790739299999,161817.9235700,1120,500100,122636.6441500,0
1790739300000,0.2453000,0.2453900,0.2445200,0.2448200,697401,1790739359999,170902.8977900,1535,298769,73203.1100600,0
1790739360000,0.2448200,0.2451000,0.2445300,0.2447200,652957,1790739419999,159841.5239000,1573,325072,79574.3429500,0
1790739420000,0.2447200,0.2452700,0.2447200,0.2450700,558231,1790739479999,136778.1976000,1029,331204,81158.6945200,0
1790739480000,0.2451000,0.2453000,0.2450100,0.2453000,519447,1790739539999,127362.6618600,1010,388334,95215.5084900,0
1790739540000,0.2453100,0.2457300,0.2453100,0.2455500,663912,1790739599999,162978.0197700,1221,391145,96013.2741500,0
1790739600000,0.2455400,0.2458500,0.2455000,0.2457100,878944,1790739659999,215934.1896300,1148,576529,141666.5598500,0
1790739660000,0.2457100,0.2459700,0.2455500,0.2456100,536134,1790739719999,131776.0427300,1382,307360,75542.1809400,0
1790739720000,0.2456100,0.2457200,0.2451600,0.2452300,839305,1790739779999,205976.2357200,1049,249512,61219.9070200,0
1790739780000,0.2452400,0.2453900,0.2451200,0.2451900,224403,1790739839999,55034.2333500,695,148586,36441.6390000,0
1790739840000,0.2451900,0.2453400,0.2448900,0.2450100,397687,1790739899999,97462.8524400,856,162682,39873.1467400,0
1790739900000,0.2450200,0.2450300,0.2446300,0.2446400,323455,1790739959999,79178.9669800,870,196059,47992.5765700,0
1790739960000,0.2446400,0.2448500,0.2445400,0.2446500,315655,1790740019999,77246.4201500,637,129127,31600.3093300,0
1790740020000,0.2446500,0.2454200,0.2446500,0.2452200,774816,1790740079999,189931.4137700,1343,475524,116553.6985000,0
1790740080000,0.2452200,0.2452200,0.2446000,0.2446700,420864,1790740139999,103078.1055300,847,277169,67899.8878900,0
1790740140000,0.2446700,0.2450500,0.2445600,0.2445700,491367,1790740199999,120298.2999300,915,332075,81309.8436500,0
1790740200000,0.2445700,0.2448500,0.2445000,0.2446900,812143,1790740259999,198636.8938500,904,367143,89795.7737400,0
1790740260000,0.2446900,0.2448400,0.2442800,0.2443400,542355,1790740319999,132638.1493900,1167,231273,56548.3412000,0
1790740320000,0.2443400,0.2443500,0.2436700,0.2440500,1896093,1790740379999,462558.7138200,1552,390274,95210.4088300,0
1790740380000,0.2440600,0.2443000,0.2438800,0.2442600,870951,1790740439999,212586.3367400,1119,512831,125187.7748500,0
1790740440000,0.2442600,0.2446300,0.2442500,0.2444800,509375,1790740499999,124528.5756200,772,358638,87675.7455300,0
1790740500000,0.2444800,0.2445800,0.2441200,0.2441800,716765,1790740559999,175110.1599400,939,180207,44036.4161600,0
1790740560000,0.2441800,0.2444300,0.2440100,0.2441100,523321,1790740619999,127790.6481300,1018,303592,74135.5511800,0
1790740620000,0.2441200,0.2444800,0.2441200,0.2441900,203340,1790740679999,49679.7054700,616,108422,26482.9823000,0
1790740680000,0.2441900,0.2444700,0.2441800,0.2443800,358512,1790740739999,87601.5728700,533,211853,51764.7330500,0
1790740740000,0.2443800,0.2448100,0.2443700,0.2448100,330485,1790740799999,80835.5561300,762,201751,49353.1134400,0
1790740800000,0.2448000,0.2451400,0.2447100,0.2450400,609542,1790740859999,149288.5278500,1349,436779,106981.7109700,0
1790740860000,0.2450400,0.2452900,0.2446500,0.2447100,769752,1790740919999,188569.9991100,1260,326695,80081.6332900,0
1790740920000,0.2447100,0.2453700,0.2446200,0.2453500,454499,1790740979999,111382.2238700,951,345821,84729.0349100,0
1790740980000,0.2453500,0.2458800,0.2453500,0.2458200,640605,1790741039999,157405.1082900,1141,447689,109985.3765900,0
1790741040000,0.2458200,0.2462900,0.2457200,0.2459800,916934,1790741099999,225552.4062500,1455,540799,133017.8489000,0
1790741100000,0.2459800,0.2460400,0.2454300,0.2454600,288043,1790741159999,70813.6711000,1037,154381,37956.8526200,0
1790741160000,0.2454700,0.2456500,0.2451000,0.2453100,482678,1790741219999,118437.5844500,1025,286797,70386.4229500,0
1790741220000,0.2453200,0.2454600,0.2449300,0.2450700,244104,1790741279999,59847.2071500,778,135660,33254.3694500,0
1790741280000,0.2450700,0.2450700,0.2446100,0.2449500,383757,1790741339999,93957.9239900,1036,176549,43221.2278600,0
1790741340000,0.2449400,0.2449400,0.2445400,0.2447400,362343,1790741399999,88664.4757100,957,212372,51958.5711400,0
1790741400000,0.2447200,0.2452800,0.2446500,0.2452700,373013,1790741459999,91353.9596800,1047,227574,55730.1471700,0
1790741460000,0.2452700,0.2456400,0.2451900,0.2456000,165951,1790741519999,40731.1065800,621,116847,28674.5147300,0
1790741520000,0.2456100,0.2459500,0.2455100,0.2457300,425477,1790741579999,104556.8315900,1134,230448,56634.9573400,0
1790741580000,0.2457200,0.2465000,0.2456400,0.2463100,521617,1790741639999,128435.3448200,1163,304022,74843.7797900,0
1790741640000,0.2463200,0.2467200,0.2461900,0.2462300,390851,1790741699999,96351.1057000,1100,219272,54052.9673800,0
1790741700000,0.2462400,0.2467100,0.2462400,0.2466100,281187,1790741759999,69295.9731500,818,177052,43629.9436000,0
1790741760000,0.2466000,0.2466300,0.2462700,0.2463300,387058,1790741819999,95404.8187800,947,174446,42998.7552000,0
1790741820000,0.2463300,0.2470300,0.2462400,0.2467700,1041569,1790741879999,256883.1792800,1403,859421,211951.6622900,0
1790741880000,0.2467600,0.2469400,0.2464400,0.2464400,309441,1790741939999,76351.5344700,640,120639,29768.3622400,0
1790741940000,0.2464800,0.2465400,0.2460100,0.2460900,586313,1790741999999,144360.5781000,786,178375,43928.1931400,0
1790742000000,0.2460900,0.2462800,0.2459300,0.2459300,469995,1790742059999,115640.1788400,546,60598,14915.4140800,0
1790742060000,0.2459300,0.2464500,0.2459300,0.2462500,384799,1790742119999,94720.7465200,793,319256,78580.6445400,0
1790742120000,0.2462500,0.2466400,0.2462500,0.2465800,622400,1790742179999,153418.7966600,937,448230,110491.0428700,0
1790742180000,0.2465800,0.2466500,0.2461600,0.2462200,268781,1790742239999,66212.7619400,737,192883,47508.7980800,0
1790742240000,0.2462200,0.2465300,0.2462000,0.2462600,488087,1790742299999,120282.6500200,659,389664,96035.0746900,0
1790742300000,0.2462500,0.2472400,0.2461400,0.2472100,849835,1790742359999,209774.3023600,1327,674505,166516.1217200,0
1790742360000,0.2472100,0.2472400,0.2468700,0.2470300,371223,1790742419999,91674.9364700,648,104355,25769.3258900,0
1790742420000,0.2470200,0.2470200,0.2468000,0.2468300,560815,1790742479999,138460.6571400,527,118657,29296.5807300,0
1790742480000,0.2468200,0.2469100,0.2466300,0.2466500,296342,1790742539999,73117.1837100,546,63588,15691.3903300,0
1790742540000,0.2466400,0.2466400,0.2464500,0.2464700,102981,1790742599999,25387.0504900,299,40970,10098.0439800,0
1790742600000,0.2464700,0.2466200,0.2464200,0.2466000,312142,1790742659999,76956.4717500,527,258126,63640.8873100,0
1790742660000,0.2466000,0.2466000,0.2462000,0.2463600,194952,1790742719999,48028.9628100,766,65928,16239.7084400,0
1790742720000,0.2463500,0.2466400,0.2462500,0.2464600,239090,1790742779999,58913.0146800,731,118459,29188.1282700,0
1790742780000,0.2464600,0.2466300,0.2464200,0.2466100,125916,1790742839999,31040.7439100,322,62533,15414.5694000,0
1790742840000,0.2466000,0.2467100,0.2462700,0.2462700,220257,1790742899999,54307.3769700,713,106716,26311.5418200,0
1790742900000,0.2462700,0.2466900,0.2461000,0.2466600,701733,1790742959999,172863.5876900,1268,544894,134250.2670900,0
1790742960000,0.2466600,0.2466700,0.2462300,0.2463900,378831,1790743019999,93323.8214200,1086,238024,58635.4695000,0
1790743020000,0.2464000,0.2465600,0.2461000,0.2465600,314509,1790743079999,77456.4087200,685,174390,42952.3798400,0
1790743080000,0.2465600,0.2467900,0.2464100,0.2465600,232737,1790743139999,57381.1927200,724,159612,39351.2981300,0
1790743140000,0.2465500,0.2465500,0.2462800,0.2464600,197753,1790743199999,48733.3985100,608,96860,23867.8009500,0
1790743200000,0.2464600,0.2465000,0.2462000,0.2462000,141455,1790743259999,34846.6538100,800,61434,15133.9413700,0
1790743260000,0.2461900,0.2464400,0.2461300,0.2463100,127977,1790743319999,31518.8196600,528,62893,15486.0330400,0
1790743320000,0.2463100,0.2464600,0.2462200,0.2462700,56500,1790743379999,13919.4979300,395,33139,8163.6781600,0
1790743380000,0.2462800,0.2466800,0.2462300,0.2466100,184908,1790743439999,45559.7898300,588,141421,34842.9823700,0
1790743440000,0.2466100,0.2467700,0.2463800,0.2463800,221826,1790743499999,54709.7914900,543,43450,10717.1271400,0
1790743500000,0.2463900,0.2465600,0.2463100,0.2464100,114128,1790743559999,28129.3512100,572,70003,17253.5239300,0
1790743560000,0.2464100,0.2466800,0.2462100,0.2464200,508515,1790743619999,125332.4784800,817,302530,74559.9176700,0
1790743620000,0.2464200,0.2465300,0.2462200,0.2464700,151337,1790743679999,37282.0004800,610,66842,16466.6051700,0
1790743680000,0.2464600,0.2466800,0.2464600,0.2465100,104956,1790743739999,25879.9897600,380,57722,14231.9074700,0
1790743740000,0.2465100,0.2468400,0.2465000,0.2465400,320363,1790743799999,79036.1254200,642,267247,65931.9266700,0
1790743800000,0.2465400,0.2465400,0.2464100,0.2464200,103938,1790743859999,25615.6165800,429,60175,14829.9729000,0
1790743860000,0.2464300,0.2465600,0.2462800,0.2465500,244322,1790743919999,60201.3459700,710,139076,34269.6712400,0
1790743920000,0.2465500,0.2469100,0.2464600,0.2466700,365076,1790743979999,90049.9281700,834,250417,61760.8631300,0
1790743980000,0.2466700,0.2467700,0.2465600,0.2466800,199777,1790744039999,49280.8158200,494,93857,23151.1459900,0
1790744040000,0.2466900,0.2468400,0.2464000,0.2464000,127373,1790744099999,31417.6233700,545,42043,10371.3838300,0
1790744100000,0.2464000,0.2464000,0.2461000,0.2461000,176676,1790744159999,43506.8207200,507,75169,18513.8473000,0
1790744160000,0.2461100,0.2461100,0.2459400,0.2460000,118403,1790744219999,29128.1725500,344,38191,9395.6267500,0
1790744220000,0.2460000,0.2460500,0.2454100,0.2456500,1178326,1790744279999,289551.7453700,1541,254266,62474.8302800,0
1790744280000,0.2456500,0.2459700,0.2455100,0.2457400,412179,1790744339999,101272.7076000,956,291108,71527.5103200,0
1790744340000,0.2457300,0.2457500,0.2452900,0.2455000,477826,1790744399999,117301.1062500,755,244010,59917.7665500,0
1790744400000,0.2455000,0.2466100,0.2455000,0.2464900,649013,1790744459999,159716.9010500,1271,474732,116881.8637700,0
1790744460000,0.2464800,0.2475500,0.2463300,0.2475500,1639873,1790744519999,405023.9972000,2449,1286331,317754.0280800,0
1790744520000,0.2475600,0.2476800,0.2466800,0.2466900,432778,1790744579999,107057.4667100,1363,118644,29356.3064400,0
1790744580000,0.2467000,0.2468100,0.2463300,0.2463400,261081,1790744639999,64384.4597900,856,72796,17952.5703600,0
1790744640000,0.2463400,0.2463400,0.2458900,0.2463000,431083,1790744699999,106079.7082900,798,94536,23263.2748400,0
1790744700000,0.2463000,0.2465200,0.2461600,0.2464100,159120,1790744759999,39188.9916600,680,67278,16570.2628500,0
1790744760000,0.2464100,0.2469200,0.2462700,0.2465200,424447,1790744819999,104701.4458500,982,204283,50395.0860800,0
1790744820000,0.2465300,0.2466700,0.2463000,0.2463300,151149,1790744879999,37248.0898800,663,65031,16027.0836500,0
1790744880000,0.2463300,0.2463300,0.2458100,0.2459000,260866,1790744939999,64179.7518900,860,119551,29401.9461300,0
1790744940000,0.2459000,0.2460900,0.2454800,0.2458700,413743,1790744999999,101657.2169500,1017,188767,46392.0101200,0
1790745000000,0.2458700,0.2459100,0.2450500,0.2452900,1166319,1790745059999,286173.7290900,1829,316895,77754.5874900,0
1790745060000,0.2452900,0.2456600,0.2451300,0.2456500,480685,1790745119999,117947.2276700,940,362332,88908.7084200,0
1790745120000,0.2456500,0.2460100,0.2454100,0.2454100,265795,1790745179999,65329.2305300,922,103497,25442.4077800,0
1790745180000,0.2454100,0.2457200,0.2453800,0.2456200,196481,1790745239999,48246.0316900,657,96664,23737.7326900,0
1790745240000,0.2456200,0.2456200,0.2454300,0.2454300,104561,1790745299999,25674.4930200,257,72270,17744.9937900,0
1790745300000,0.2454300,0.2454600,0.2448400,0.2450500,478568,1790745359999,117272.8467400,1306,169506,41533.4344000,0
1790745360000,0.2450500,0.2455000,0.2448100,0.2453000,591799,1790745419999,145040.0765100,1458,356962,87492.8808300,0
1790745420000,0.2453000,0.2457500,0.2453000,0.2454800,457727,1790745479999,112405.7362700,908,208915,51301.9213900,0
1790745480000,0.2454900,0.2460500,0.2454400,0.2458400,464264,1790745539999,114145.6025200,1105,346030,85083.5159500,0
1790745540000,0.2458300,0.2462200,0.2457000,0.2461000,272874,1790745599999,67119.6980200,824,199769,49134.8957100,0
1790745600000,0.2460900,0.2463600,0.2457000,0.2460600,381205,1790745659999,93804.0041700,1167,271377,66785.8704800,0
1790745660000,0.2460600,0.2462200,0.2457600,0.2459300,212100,1790745719999,52173.6666300,937,90199,22193.0468100,0
1790745720000,0.2459200,0.2462900,0.2457900,0.2462900,187650,1790745779999,46158.5065800,941,132728,32648.6084800,0
1790745780000,0.2462800,0.2465300,0.2462700,0.2464600,163672,1790745839999,40323.0350100,690,100827,24841.3945600,0
1790745840000,0.2464500,0.2467700,0.2463900,0.2467700,175811,1790745899999,43354.8898300,813,109532,27007.4566800,0
1790745900000,0.2467600,0.2470500,0.2462800,0.2464800,599605,1790745959999,147838.7721700,1449,158895,39181.8512400,0
1790745960000,0.2464700,0.2465000,0.2462400,0.2462600,172527,1790746019999,42513.3489100,749,76400,18823.9360700,0
1790746020000,0.2462600,0.2466100,0.2460800,0.2463500,417977,1790746079999,102942.8106700,1074,186155,45846.0887500,0
1790746080000,0.2463600,0.2467600,0.2461700,0.2467600,169239,1790746139999,41708.2539800,813,124035,30567.2189400,0
1790746140000,0.2467500,0.2468300,0.2466100,0.2466600,166701,1790746199999,41129.9479200,467,40020,9873.8798000,0
1790746200000,0.2466500,0.2474100,0.2465200,0.2474100,675162,1790746259999,166691.0907400,1569,306091,75605.6174100,0
1790746260000,0.2474100,0.2475200,0.2469100,0.2474900,737930,1790746319999,182535.6194400,1527,537521,132971.6444100,0
1790746320000,0.2474900,0.2477600,0.2472500,0.2473800,825967,1790746379999,204404.4412900,1533,261694,64771.5154700,0
1790746380000,0.2473700,0.2473800,0.2467000,0.2468200,470004,1790746439999,116068.7201100,1322,319279,78837.1584500,0
1790746440000,0.2468100,0.2473800,0.2467300,0.2470800,1304097,1790746499999,322271.6395000,1782,1137857,281200.4881300,0
1790746500000,0.2470800,0.2473300,0.2467100,0.2470100,573722,1790746559999,141699.1104900,1417,396893,98018.9011700,0
1790746560000,0.2470100,0.2471100,0.2465600,0.2465700,309440,1790746619999,76374.0091100,1005,123255,30416.1763200,0
1790746620000,0.2465600,0.2468900,0.2462100,0.2468300,712699,1790746679999,175621.3567600,1309,511960,126157.0303200,0
1790746680000,0.2468300,0.2468300,0.2464300,0.2464600,203456,1790746739999,50162.9555400,750,117109,28874.1040500,0
1790746740000,0.2464600,0.2466800,0.2464600,0.2465200,144289,1790746799999,35575.1642400,580,68248,16825.0226200,0
1790746800000,0.2465600,0.2466100,0.2464500,0.2464500,111067,1790746859999,27380.2305300,617,67146,16552.8553000,0
1790746860000,0.2464600,0.2466800,0.2464200,0.2466300,255227,1790746919999,62932.6057600,640,102408,25245.5301500,0
1790746920000,0.2466300,0.2466500,0.2465400,0.2466200,58612,1790746979999,14453.2608900,224,16034,3953.9248400,0
1790746980000,0.2466200,0.2469800,0.2465400,0.2469100,356717,1790747039999,87998.2533100,834,279767,69020.6309900,0
1790747040000,0.2469200,0.2474300,0.2469000,0.2469000,304137,1790747099999,75179.8137500,890,179874,44461.1015300,0
1790747100000,0.2469200,0.2475600,0.2469200,0.2475000,733265,1790747159999,181300.0146900,1284,401554,99293.3644200,0
1790747160000,0.2475000,0.2475400,0.2471600,0.2471600,338912,1790747219999,83836.3332200,896,177688,43956.0220000,0
1790747220000,0.2471700,0.2472600,0.2468000,0.2468500,344938,1790747279999,85201.5871100,765,86980,21493.6017000,0
1790747280000,0.2468400,0.2468500,0.2465800,0.2466900,154137,1790747339999,38018.2600000,459,106822,26346.1114400,0
1790747340000,0.2466800,0.2468700,0.2465800,0.2468500,82200,1790747399999,20280.8752000,390,56233,13874.6054600,0
1790747400000,0.2468500,0.2471600,0.2468400,0.2468400,566457,1790747459999,139902.6460100,858,273885,67660.1550700,0
1790747460000,0.2468500,0.2468700,0.2463500,0.2464400,164707,1790747519999,40614.2452800,620,91298,22507.2094000,0
1790747520000,0.2464500,0.2465400,0.2461100,0.2461100,255804,1790747579999,63014.2924700,667,70417,17353.6267700,0
1790747580000,0.2461200,0.2464300,0.2460900,0.2463300,279692,1790747639999,68859.6295000,804,135367,33331.1411800,0
1790747640000,0.2463300,0.2463300,0.2461100,0.2461200,85306,1790747699999,21003.8022500,309,44126,10864.3012400,0
1790747700000,0.2461100,0.2467700,0.2459300,0.2465400,1157287,1790747759999,285050.1505800,1404,942175,232041.6624100,0
1790747760000,0.2465500,0.2467800,0.2465400,0.2466700,180294,1790747819999,44473.2862100,554,109096,26909.7696900,0
1790747820000,0.2466700,0.2467500,0.2465200,0.2465500,185091,1790747879999,45652.1232000,527,134874,33267.2770300,0
1790747880000,0.2465500,0.2471100,0.2465000,0.2470700,577460,1790747939999,142534.1385400,1203,492264,121514.8927700,0
1790747940000,0.2470700,0.2472600,0.2465600,0.2466600,216361,1790747999999,53431.6793900,762,79791,19703.2544500,0
1790748000000,0.2466500,0.2469400,0.2464000,0.2469200,378862,1790748059999,93444.7255300,1508,226565,55886.8266600,0
1790748060000,0.2469100,0.2471400,0.2464900,0.2465500,491035,1790748119999,121205.1569800,1184,318873,78714.7234300,0
1790748120000,0.2465500,0.2465500,0.2460100,0.2462000,241073,1790748179999,59355.0350100,926,119732,29472.4439600,0
1790748180000,0.2462000,0.2462000,0.2458900,0.2459700,292890,1790748239999,72055.2901300,1017,186702,45930.8868300,0
1790748240000,0.2459700,0.2463600,0.2457700,0.2463300,211983,1790748299999,52149.9097100,751,117909,29008.9434400,0
1790748300000,0.2463200,0.2463700,0.2461400,0.2462200,143372,1790748359999,35306.6989800,685,77590,19106.4586400,0
1790748360000,0.2462100,0.2462200,0.2458900,0.2459900,125173,1790748419999,30796.2288300,503,54613,13435.0080800,0
1790748420000,0.2459800,0.2462900,0.2457500,0.2462800,386640,1790748479999,95108.4089300,841,325362,80035.2021700,0
1790748480000,0.2462700,0.2465200,0.2458700,0.2459900,357727,1790748539999,88068.6205800,812,207725,51133.9798700,0
1790748540000,0.2459900,0.2460000,0.2452100,0.2453800,547664,1790748599999,134483.4188900,980,118954,29218.5586500,0
1790748600000,0.2453800,0.2455300,0.2453800,0.2455000,146126,1790748659999,35868.4142300,542,120462,29569.3296000,0
1790748660000,0.2455000,0.2455000,0.2451100,0.2451100,121751,1790748719999,29868.6466500,398,34519,8467.7634900,0
1790748720000,0.2451100,0.2451900,0.2447900,0.2449500,581357,1790748779999,142419.4003600,904,265910,65140.4572600,0
1790748780000,0.2449500,0.2450400,0.2448100,0.2448100,199631,1790748839999,48894.8837200,513,134736,33000.0903700,0
1790748840000,0.2448100,0.2451300,0.2445800,0.2450000,775883,1790748899999,189947.8430700,1452,320557,78505.0681400,0
1790748900000,0.2450000,0.2453200,0.2448500,0.2448500,456506,1790748959999,111895.0460300,1364,160591,39361.4810500,0
1790748960000,0.2448500,0.2451100,0.2446900,0.2451000,330549,1790749019999,80953.2128900,1110,221914,54346.9856600,0
1790749020000,0.2450900,0.2454000,0.2449900,0.2450600,215491,1790749079999,52841.9802500,880,135720,33279.3568200,0
1790749080000,0.2450600,0.2454000,0.2448800,0.2450400,235383,1790749139999,57702.5507300,972,101095,24782.5882200,0
1790749140000,0.2450500,0.2452100,0.2449400,0.2450200,242545,1790749199999,59444.5416900,783,136706,33505.2843600,0
1790749200000,0.2450200,0.2453000,0.2449100,0.2451700,520686,1790749259999,127609.7437300,819,256646,62882.9937900,0
1790749260000,0.2451600,0.2456100,0.2448100,0.2452200,1901725,1790749319999,466438.1761900,1850,1510365,370419.3303800,0
1790749320000,0.2452200,0.2452200,0.2447400,0.2448700,265308,1790749379999,64981.5775300,849,122023,29885.1231700,0
1790749380000,0.2448700,0.2451800,0.2447300,0.2447600,333703,1790749439999,81746.1142900,788,79400,19449.0937400,0
1790749440000,0.2447700,0.2447800,0.2442100,0.2442100,569764,1790749499999,139301.6635800,958,127009,31066.3872600,0
1790749500000,0.2442100,0.2442100,0.2440100,0.2441100,440953,1790749559999,107631.3108900,882,165373,40369.2177400,0
1790749560000,0.2441200,0.2442200,0.2440600,0.2441900,182498,1790749619999,44553.3672100,613,120703,29466.1748200,0
1790749620000,0.2441900,0.2442300,0.2440200,0.2441200,304772,1790749679999,74397.0105800,654,91515,22341.9524800,0
1790749680000,0.2441200,0.2446700,0.2441100,0.2445800,442854,1790749739999,108237.6023300,1242,209263,51137.8500100,0
1790749740000,0.2445800,0.2448100,0.2444300,0.2445900,303623,1790749799999,74279.7932700,929,231333,56595.4666000,0
1790749800000,0.2445900,0.2447700,0.2442300,0.2444500,184510,1790749859999,45112.6812300,917,84698,20705.4344900,0
1790749860000,0.2444400,0.2444700,0.2441900,0.2444000,391835,1790749919999,95741.0600300,953,186604,45588.1459600,0
1790749920000,0.2444300,0.2444300,0.2441100,0.2444300,717041,1790749979999,175152.7653300,1032,156843,38310.9051300,0
1790749980000,0.2444300,0.2446500,0.2440900,0.2440900,512920,1790750039999,125314.2949200,830,90622,22150.1584500,0
1790750040000,0.2440800,0.2442900,0.2440200,0.2441600,513890,1790750099999,125449.5683200,876,211807,51705.1035000,0
1790750100000,0.2441600,0.2445700,0.2441000,0.2445700,380656,1790750159999,93017.7614800,1095,257052,62813.1244900,0
1790750160000,0.2445700,0.2450500,0.2444600,0.2449600,727385,1790750219999,177975.9283100,1349,390898,95610.0329400,0
1790750220000,0.2449600,0.2451800,0.2447000,0.2449600,646062,1790750279999,158269.7967500,1384,490660,120204.7326400,0
1790750280000,0.2449600,0.2453500,0.2449500,0.2452800,383871,1790750339999,94113.3639300,1255,241442,59190.5108900,0
1790750340000,0.2452800,0.2452800,0.2445900,0.2446600,345097,1790750399999,84484.1779300,1065,185054,45302.2921000,0
1790750400000,0.2446500,0.2450400,0.2443300,0.2448900,289446,1790750459999,70813.0352700,1315,146849,35920.4146800,0
1790750460000,0.2448900,0.2450100,0.2443100,0.2443100,372958,1790750519999,91244.0229400,922,194128,47505.9561400,0
1790750520000,0.2443100,0.2451700,0.2443100,0.2451300,406371,1790750579999,99463.4357700,1121,303748,74345.6931800,0
1790750580000,0.2451200,0.2453900,0.2449300,0.2450600,460486,1790750639999,112909.1808700,1113,276431,67778.0655800,0
1790750640000,0.2450700,0.2453000,0.2450200,0.2452500,257699,1790750699999,63188.8441100,784,147863,36255.3075800,0
1790750700000,0.2452500,0.2452500,0.2446900,0.2451100,318324,1790750759999,77955.1356700,1262,150504,36856.3399000,0
1790750760000,0.2451000,0.2451100,0.2448200,0.2448400,157431,1790750819999,38566.1716800,607,64785,15866.3914100,0
1790750820000,0.2448300,0.2448500,0.2445100,0.2445300,224106,1790750879999,54827.1877600,760,80406,19668.8046300,0
1790750880000,0.2445300,0.2446200,0.2443500,0.2445000,560151,1790750939999,136933.3041600,1043,225940,55239.0428000,0
1790750940000,0.2445000,0.2451800,0.2444400,0.2451800,208518,1790750999999,51029.7669600,937,106822,26142.8503300,0
1790751000000,0.2451700,0.2455100,0.2449200,0.2449200,682202,1790751059999,167337.4688800,1387,413562,101494.4339100,0
1790751060000,0.2449200,0.2452400,0.2449000,0.2451500,153052,1790751119999,37503.2801000,811,79269,19422.6078300,0
1790751120000,0.2451500,0.2453900,0.2451400,0.2452500,149540,1790751179999,36683.8496800,778,60404,14817.2069200,0
1790751180000,0.2452500,0.2454500,0.2451100,0.2454300,144540,1790751239999,35448.1776100,544,53296,13071.8738500,0
1790751240000,0.2454400,0.2457200,0.2454400,0.2457100,254358,1790751299999,62464.5315400,779,143193,35163.9815500,0
1790751300000,0.2457200,0.2464600,0.2457200,0.2463800,1434023,1790751359999,352803.4199000,1489,926870,228016.4644800,0
1790751360000,0.2463800,0.2464300,0.2455300,0.2455700,1101811,1790751419999,271153.9462500,1428,328076,80698.3426600,0
1790751420000,0.2455800,0.2457200,0.2454200,0.2456300,247643,1790751479999,60808.9732700,833,147250,36151.7699700,0
1790751480000,0.2456300,0.2459600,0.2456100,0.2457400,215091,1790751539999,52863.8108300,614,134228,32988.3051500,0
1790751540000,0.2457300,0.2457700,0.2455100,0.2456000,506799,1790751599999,124479.7274100,699,168050,41280.5376800,0
1790751600000,0.2456000,0.2456900,0.2452000,0.2453900,592319,1790751659999,145384.6160600,1166,199666,49016.2678200,0
1790751660000,0.2453800,0.2461000,0.2453000,0.2458200,434946,1790751719999,106916.6068000,1432,180223,44299.5052200,0
1790751720000,0.2458300,0.2464800,0.2458100,0.2462800,430599,1790751779999,106017.6029500,1308,290847,71598.4158600,0
1790751780000,0.2462700,0.2465600,0.2461500,0.2461600,258368,1790751839999,63670.2683500,810,149941,36954.5500900,0
1790751840000,0.2461500,0.2463300,0.2459600,0.2459600,137226,1790751899999,33784.4830100,650,37657,9272.5958800,0
1790751900000,0.2459700,0.2460600,0.2453500,0.2453500,373905,1790751959999,91877.5456400,1011,129277,31759.2266000,0
1790751960000,0.2453400,0.2453400,0.2450000,0.2452000,668190,1790752019999,163786.1165900,913,319398,78291.0106900,0
1790752020000,0.2451900,0.2453600,0.2450600,0.2453300,167008,1790752079999,40949.4466500,723,117500,28810.5766700,0
1790752080000,0.2453300,0.2457400,0.2453300,0.2453800,201361,1790752139999,49446.5765800,862,95932,23553.9100500,0
1790752140000,0.2453700,0.2453700,0.2450300,0.2452900,211728,1790752199999,51906.3021600,668,102583,25149.5129900,0
1790752200000,0.2452800,0.2454800,0.2451300,0.2453600,271152,1790752259999,66498.9785400,639,100079,24544.5386900,0
1790752260000,0.2453600,0.2453600,0.2450500,0.2451000,126158,1790752319999,30929.9204400,634,52216,12802.8525600,0
1790752320000,0.2450900,0.2452600,0.2450400,0.2450500,203912,1790752379999,49982.7149100,597,116764,28619.0175200,0
1790752380000,0.2450500,0.2452300,0.2449200,0.2452300,230050,1790752439999,56373.5344100,530,86924,21304.6312600,0
1790752440000,0.2452400,0.2454200,0.2450500,0.2450500,136309,1790752499999,33427.8071200,491,47635,11680.7446100,0
1790752500000,0.2450400,0.2453900,0.2449700,0.2453900,470183,1790752559999,115283.2299000,843,293389,71926.8190700,0
1790752560000,0.2453900,0.2457800,0.2453900,0.2457100,247727,1790752619999,60854.3397000,859,156850,38528.3084300,0
1790752620000,0.2457200,0.2462600,0.2455000,0.2461500,197237,1790752679999,48509.8670600,823,151427,37247.3468500,0
1790752680000,0.2461400,0.2473000,0.2461300,0.2471100,923397,1790752739999,227939.8776100,1976,537658,132662.5548500,0
1790752740000,0.2471100,0.2475500,0.2469300,0.2475400,618150,1790752799999,152814.0603800,1490,239619,59260.7446200,0
1790752800000,0.2475300,0.2477300,0.2473200,0.2474500,616638,1790752859999,152639.7849600,1631,185916,46026.5026200,0
1790752860000,0.2474300,0.2475400,0.2472700,0.2475300,246945,1790752919999,61092.0850400,902,143847,35585.3379700,0
1790752920000,0.2475200,0.2477500,0.2473000,0.2474700,330619,1790752979999,81830.8593400,1092,166736,41270.7154200,0
1790752980000,0.2474700,0.2481500,0.2471600,0.2481100,662817,1790753039999,164107.7282000,1249,333282,82588.6362300,0
1790753040000,0.2481100,0.2487100,0.2480800,0.2484400,1131184,1790753099999,280963.1039000,1677,673056,167172.2730100,0
1790753100000,0.2484400,0.2488100,0.2482400,0.2485700,930016,1790753159999,231152.4315000,1556,471253,117136.6516500,0
1790753160000,0.2485800,0.2488000,0.2485400,0.2487600,667691,1790753219999,166049.0627200,1458,315794,78543.6541400,0
1790753220000,0.2487700,0.2488100,0.2484300,0.2485700,1164543,1790753279999,289502.8741900,1501,506505,125934.2265100,0
1790753280000,0.2485600,0.2487000,0.2479000,0.2480500,424210,1790753339999,105284.8746600,1065,137550,34149.0305800,0
1790753340000,0.2480500,0.2486000,0.2480300,0.2485400,589094,1790753399999,146248.0088300,750,494484,122753.9629000,0
1790753400000,0.2485400,0.2486100,0.2481700,0.2485600,472069,1790753459999,117266.9094200,1455,283454,70413.8028200,0
1790753460000,0.2485600,0.2488000,0.2482100,0.2483800,523489,1790753519999,130068.1058400,1232,246584,61278.3821100,0
1790753520000,0.2483900,0.2484500,0.2480600,0.2482000,303909,1790753579999,75446.3925500,827,109616,27208.0625800,0
1790753580000,0.2481900,0.2485400,0.2480200,0.2482500,339928,1790753639999,84412.9397000,1070,205952,51134.4166100,0
1790753640000,0.2482500,0.2482600,0.2479400,0.2479900,503034,1790753699999,124772.8340500,635,150623,37366.4470400,0
1790753700000,0.2480000,0.2487000,0.2479100,0.2487000,351125,1790753759999,87161.2495400,1225,193740,48098.7333200,0
1790753760000,0.2487000,0.2494600,0.2486800,0.2494400,1075414,1790753819999,267935.8352000,1942,723508,180211.9715800,0
1790753820000,0.2494300,0.2495200,0.2487200,0.2487600,883673,1790753879999,220130.7260100,1371,340071,84680.1553100,0
1790753880000,0.2487600,0.2488000,0.2482000,0.2484300,544337,1790753939999,135221.1219700,1257,441181,109590.9831100,0
1790753940000,0.2484300,0.2487100,0.2484100,0.2485400,690738,1790753999999,171653.6414400,1322,369525,91826.0477800,0
1790754000000,0.2485400,0.2485900,0.2483300,0.2483700,206958,1790754059999,51414.9072700,785,142419,35378.6562800,0
1790754060000,0.2483800,0.2483800,0.2480200,0.2480500,279400,1790754119999,69334.4098600,737,97887,24293.4477000,0
1790754120000,0.2480500,0.2481700,0.2479300,0.2480300,423527,1790754179999,105050.7583200,843,339778,84278.7935300,0
1790754180000,0.2480300,0.2491300,0.2479900,0.2490800,685690,1790754239999,170516.2009200,1706,427661,106312.5897000,0
1790754240000,0.2490700,0.2492800,0.2489400,0.2491500,537755,1790754299999,133987.8133000,1048,334250,83290.8329400,0
1790754300000,0.2491600,0.2493600,0.2489500,0.2490800,523053,1790754359999,130333.2086600,1020,198386,49434.6489600,0
1790754360000,0.2490800,0.2497100,0.2487700,0.2494600,833613,1790754419999,207752.9528100,1789,572320,142644.0583100,0
1790754420000,0.2494700,0.2497900,0.2490100,0.2490400,683454,1790754479999,170419.3494200,1176,271429,67676.6000800,0
1790754480000,0.2490500,0.2491500,0.2486800,0.2491500,553193,1790754539999,137697.7242000,1095,176423,43927.4967400,0
1790754540000,0.2491500,0.2494200,0.2489500,0.2493800,256655,1790754599999,63946.0991800,735,144317,35957.4005500,0
1790754600000,0.2493700,0.2493700,0.2491200,0.2493400,247987,1790754659999,61795.0482800,515,146190,36430.8689100,0
1790754660000,0.2493400,0.2495400,0.2491500,0.2494200,1422306,1790754719999,354671.8018300,1018,1099745,274250.3066400,0
1790754720000,0.2494200,0.2494800,0.2492600,0.2492600,197433,1790754779999,49232.4609200,529,95008,23692.3014900,0
1790754780000,0.2492600,0.2494700,0.2490900,0.2493600,552976,1790754839999,137843.4863900,750,408683,101862.3160400,0
1790754840000,0.2493600,0.2493600,0.2490000,0.2491600,390866,1790754899999,97378.6974800,582,106196,26456.6958800,0
1790754900000,0.2491600,0.2494100,0.2489100,0.2489100,1380562,1790754959999,343868.8668000,926,856653,213396.0822700,0
1790754960000,0.2489100,0.2489400,0.2481500,0.2482100,555050,1790755019999,137891.5778400,836,194185,48265.2667300,0
1790755020000,0.2482100,0.2482900,0.2480400,0.2482500,225287,1790755079999,55903.5842400,689,127447,31627.3961300,0
1790755080000,0.2482500,0.2485900,0.2482400,0.2485200,117356,1790755139999,29154.8848300,421,94477,23470.0138700,0
1790755140000,0.2485200,0.2485200,0.2482700,0.2483800,214862,1790755199999,53366.0887500,549,94322,23430.0103500,0
1790755200000,0.2483800,0.2485600,0.2480900,0.2484600,303948,1790755259999,75482.9977500,949,139658,34682.5051800,0
1790755260000,0.2484700,0.2485400,0.2481800,0.2483600,342118,1790755319999,84982.2535500,824,139669,34691.2831700,0
1790755320000,0.2483600,0.2483700,0.2481900,0.2482600,276561,1790755379999,68665.0168200,634,71750,17812.1339700,0
1790755380000,0.2482600,0.2490600,0.2482200,0.2490000,444996,1790755439999,110656.7487900,963,291083,72407.6299500,0
1790755440000,0.2489900,0.2489900,0.2481900,0.2484700,960146,1790755499999,238460.4149700,1267,334836,83170.6926200,0
1790755500000,0.2484700,0.2484700,0.2475800,0.2478000,941360,1790755559999,233402.7021400,1360,335104,83070.5425000,0
1790755560000,0.2478000,0.2479300,0.2476100,0.2477200,362866,1790755619999,89922.8272300,784,132549,32843.1293900,0
1790755620000,0.2477100,0.2477100,0.2472000,0.2473400,346310,1790755679999,85670.6544800,688,122462,30282.9242000,0
1790755680000,0.2473500,0.2474700,0.2470100,0.2470600,944890,1790755739999,233591.0042600,1195,293197,72475.9577600,0
1790755740000,0.2470500,0.2472000,0.2469300,0.2471000,677771,1790755799999,167471.8142600,895,239791,59256.5808200,0
1790755800000,0.2471100,0.2471500,0.2468300,0.2469000,310967,1790755859999,76802.7459500,633,92751,22906.3933900,0
1790755860000,0.2469000,0.2473700,0.2465800,0.2473100,1087264,1790755919999,268487.5760900,1943,431815,106652.8873600,0
1790755920000,0.2473100,0.2475000,0.2471200,0.2472700,496039,1790755979999,122699.6038100,790,226541,56044.6759100,0
1790755980000,0.2472700,0.2472700,0.2468100,0.2470900,472682,1790756039999,116722.9113400,971,198940,49123.3546000,0
1790756040000,0.2470900,0.2477200,0.2470200,0.2475400,669797,1790756099999,165643.8664800,988,410451,101503.1559900,0
1790756100000,0.2475300,0.2478700,0.2473100,0.2478500,553742,1790756159999,137122.5629000,1014,334519,82849.3285400,0
1790756160000,0.2478500,0.2486700,0.2477400,0.2486500,512258,1790756219999,127092.4980100,1153,315667,78330.6507100,0
1790756220000,0.2486500,0.2501100,0.2486000,0.2500400,2298277,1790756279999,573362.4086500,3012,1598402,398741.8084200,0
1790756280000,0.2500400,0.2509500,0.2499300,0.2507800,1341992,1790756339999,335848.2390000,2267,632997,158442.6511400,0
1790756340000,0.2507500,0.2508900,0.2502000,0.2503000,1230987,1790756399999,308419.1618700,2037,581542,145667.3860700,0
1790756400000,0.2503000,0.2515700,0.2495600,0.2515100,2930052,1790756459999,734532.4611600,3739,2031031,509155.7757800,0
1790756460000,0.2515000,0.2523300,0.2510000,0.2520800,3285505,1790756519999,827323.1457300,3699,2217853,558589.9836500,0
1790756520000,0.2520800,0.2520800,0.2512700,0.2512700,1432400,1790756579999,360448.4683100,2120,487436,122652.1732100,0
1790756580000,0.2512800,0.2526600,0.2512300,0.2518300,3032798,1790756639999,764629.1040900,3974,1435431,361755.8639000,0
1790756640000,0.2518400,0.2527600,0.2510700,0.2526100,3172688,1790756699999,799283.3851500,3423,2145840,540633.1965000,0
1790756700000,0.2526000,0.2536500,0.2525800,0.2534100,2430621,1790756759999,615128.5166600,3653,1392215,352396.5329400,0
1790756760000,0.2534000,0.2540000,0.2532500,0.2539900,3087757,1790756819999,783118.2499300,3416,1493207,378768.9005700,0
1790756820000,0.2540000,0.2553500,0.2540000,0.2542800,7760577,1790756879999,1976813.2088200,6064,3725896,949176.1559300,0
1790756880000,0.2542700,0.2543600,0.2535700,0.2536500,1990237,1790756939999,505411.4265100,2592,905063,229874.5696000,0
1790756940000,0.2536500,0.2536500,0.2526500,0.2526800,1462488,1790756999999,370052.8476900,2256,595022,150540.0424100,0
1790757000000,0.2526700,0.2538000,0.2526100,0.2530700,4132571,1790757059999,1045732.2700100,4946,2542391,643434.4601100,0
1790757060000,0.2530800,0.2531100,0.2520200,0.2520300,2005574,1790757119999,506383.4992700,1848,458838,115868.1070700,0
1790757120000,0.2520200,0.2522300,0.2518000,0.2521100,689446,1790757179999,173724.4925200,1259,366881,92441.9537800,0
1790757180000,0.2521000,0.2521000,0.2512600,0.2513900,1947242,1790757239999,490016.3383300,2258,515196,129641.7923600,0
1790757240000,0.2514000,0.2519700,0.2510900,0.2510900,1992034,1790757299999,501054.3642500,2656,876017,220459.8067800,0
1790757300000,0.2511000,0.2515800,0.2506900,0.2513200,3244468,1790757359999,815049.1276300,2470,2400990,603197.0787000,0
1790757360000,0.2513100,0.2517000,0.2511300,0.2514500,1286814,1790757419999,323532.1304400,1996,983469,247265.6424800,0
1790757420000,0.2514200,0.2516700,0.2509400,0.2511200,859126,1790757479999,215841.5305400,1833,477770,120013.9326500,0
1790757480000,0.2511200,0.2518200,0.2510400,0.2517100,890829,1790757539999,223982.4901800,1482,622104,156413.9132300,0
1790757540000,0.2517100,0.2517100,0.2509700,0.2511100,1273826,1790757599999,320074.0562700,1904,631592,158717.3129000,0
1790757600000,0.2511100,0.2512700,0.2508300,0.2510500,656546,1790757659999,164833.2507800,1437,479283,120330.5226500,0
1790757660000,0.2510500,0.2510500,0.2503900,0.2505900,466998,1790757719999,117024.2746500,1200,227437,56991.0095800,0
1790757720000,0.2505900,0.2506600,0.2501800,0.2506600,776032,1790757779999,194358.8904100,1133,419201,105023.3466800,0
1790757780000,0.2506600,0.2509600,0.2505200,0.2507100,345014,1790757839999,86505.7693700,934,163161,40909.8134900,0
1790757840000,0.2507100,0.2507100,0.2503800,0.2505300,466578,1790757899999,116893.6306300,696,164860,41299.0260100,0
1790757900000,0.2505200,0.2508600,0.2503500,0.2503700,366213,1790757959999,91766.2271400,898,110555,27712.3739400,0
1790757960000,0.2503700,0.2527300,0.2502500,0.2526600,6017256,1790758019999,1513323.4546600,4041,4292917,1079454.9336700,0
1790758020000,0.2526600,0.2558500,0.2525300,0.2554100,10025143,1790758079999,2546731.4739200,9049,5985041,1520420.8700400,0
1790758080000,0.2554100,0.2583200,0.2554100,0.2578900,9379861,1790758139999,2410480.2068100,10828,6104416,1567976.8135500,0
1790758140000,0.2579000,0.2588800,0.2576600,0.2584400,6133012,1790758199999,1584697.0189400,8803,3475303,898022.3999600,0
1790758200000,0.2584100,0.2587800,0.2579800,0.2581000,3324824,1790758259999,858800.5533800,5682,1517691,392082.0580000,0
1790758260000,0.2580900,0.2582000,0.2563600,0.2578700,5310056,1790758319999,1365393.8861400,7669,1796885,462166.0223300,0
1790758320000,0.2578800,0.2595900,0.2569000,0.2570300,7121011,1790758379999,1840812.1799000,8202,4641433,1199938.5551400,0
1790758380000,0.2570400,0.2572900,0.2561500,0.2564400,1723853,1790758439999,442412.1389900,3325,588984,151159.0952500,0
1790758440000,0.2564300,0.2569700,0.2562200,0.2564300,1619344,1790758499999,415463.1746400,3084,1001218,256889.7935300,0
1790758500000,0.2564500,0.2577400,0.2563700,0.2577200,1241461,1790758559999,319085.9510800,3111,902119,231913.5711100,0
1790758560000,0.2576500,0.2577500,0.2567700,0.2572100,1346760,1790758619999,346405.8646400,2660,750014,192884.0807600,0
1790758620000,0.2572000,0.2572700,0.2568500,0.2568900,663058,1790758679999,170393.6605900,1490,452457,116264.8050700,0
1790758680000,0.2569000,0.2575100,0.2567700,0.2570400,1157809,1790758739999,297722.6883000,2596,619460,159260.5425300,0
1790758740000,0.2570300,0.2572000,0.2567200,0.2568300,1073409,1790758799999,275745.8640700,1953,493244,126699.2648000,0
1790758800000,0.2568200,0.2572700,0.2562300,0.2566400,2047917,1790758859999,525867.9861900,3268,908972,233465.4613000,0
1790758860000,0.2566200,0.2579000,0.2565300,0.2569400,2611546,1790758919999,671511.1330200,4496,1807180,464644.6426800,0
1790758920000,0.2569300,0.2571400,0.2558200,0.2564800,2577846,1790758979999,660851.3784200,3867,807997,207110.8472200,0
1790758980000,0.2564800,0.2575100,0.2561400,0.2563100,1260939,1790759039999,323557.3844900,2846,693483,177942.8530400,0
1790759040000,0.2563100,0.2567500,0.2561000,0.2561900,896435,1790759099999,229834.1174300,1706,489810,125618.1071100,0
1790759100000,0.2561900,0.2563700,0.2557100,0.2559500,1015665,1790759159999,259999.4438600,2112,472532,120967.2664100,0
1790759160000,0.2559500,0.2566400,0.2554500,0.2561500,1613689,1790759219999,413216.0372600,3200,923151,236437.0272300,0
1790759220000,0.2561600,0.2563900,0.2556400,0.2560400,1278144,1790759279999,327273.1569400,2425,837280,214413.3231500,0
1790759280000,0.2560400,0.2561800,0.2555000,0.2556100,1246029,1790759339999,318725.2331500,2536,825643,211212.9780400,0
1790759340000,0.2556100,0.2575100,0.2551500,0.2574300,8208704,1790759399999,2105624.4100600,5345,5348393,1371067.8722800,0
1790759400000,0.2574400,0.2616600,0.2574400,0.2614000,16518192,1790759459999,4290565.1624600,16691,11284684,2930622.0026900,0
1790759460000,0.2614000,0.2642800,0.2603800,0.2627600,13616354,1790759519999,3571113.9771900,15470,8203243,2152194.0494000,0
1790759520000,0.2627600,0.2633000,0.2615000,0.2629800,5686834,1790759579999,1492570.3839300,8587,3488930,915897.6988200,0
1790759580000,0.2629800,0.2638000,0.2620800,0.2621900,3864351,1790759639999,1015051.9145600,6852,1453029,381852.8202300,0
1790759640000,0.2621800,0.2643600,0.2620000,0.2628800,6442947,1790759699999,1695120.3926300,8821,3219763,847044.6095700,0
1790759700000,0.2628900,0.2628900,0.2607200,0.2612600,7879569,1790759759999,2060925.3792900,9110,1859415,486042.8956600,0
1790759760000,0.2612700,0.2628600,0.2610600,0.2613500,4091737,1790759819999,1071146.5164900,7023,1916862,501764.7566600,0
1790759820000,0.2613400,0.2615400,0.2606300,0.2609100,2664282,1790759879999,695667.7968000,4410,852376,222499.4482600,0
1790759880000,0.2609100,0.2610600,0.2601500,0.2604700,2079034,1790759939999,541684.0734600,3640,968974,252446.7956300,0
1790759940000,0.2604700,0.2623000,0.2604300,0.2608500,1920789,1790759999999,501854.6374600,6303,1244561,325195.2298700,0
1790760000000,0.2608300,0.2611400,0.2602400,0.2602400,1131847,1790760059999,294957.2775400,3359,536579,139830.1408000,0
1790760060000,0.2602300,0.2606000,0.2594600,0.2600300,1920383,1790760119999,499277.1613700,4173,915840,238103.7413800,0
1790760120000,0.2600300,0.2606800,0.2598400,0.2603700,1039654,1790760179999,270658.5927400,3549,757929,197319.3688000,0
1790760180000,0.2603600,0.2611700,0.2600800,0.2607700,1319495,1790760239999,343768.1929300,3295,726362,189263.7798800,0
1790760240000,0.2607600,0.2608200,0.2598400,0.2603800,1114901,1790760299999,290106.2882800,2465,543630,141446.3353500,0
1790760300000,0.2603800,0.2610200,0.2600700,0.2602000,890821,1790760359999,232084.5049500,2525,524514,136655.3876700,0
1790760360000,0.2602000,0.2606000,0.2598000,0.2600000,771653,1790760419999,200687.4097400,2223,310583,80782.6391800,0
1790760420000,0.2600000,0.2603800,0.2597800,0.2601500,631269,1790760479999,164192.5979400,1712,337698,87849.5045300,0
1790760480000,0.2601400,0.2601500,0.2594200,0.2597800,838048,1790760539999,217706.7722200,2447,395992,102872.9536800,0
1790760540000,0.2598000,0.2599800,0.2594600,0.2598500,553314,1790760599999,143720.1177500,1682,251798,65400.8965700,0
1790760600000,0.2598600,0.2611000,0.2597900,0.2600300,2230457,1790760659999,581006.6251700,5388,1511382,393715.9216800,0
1790760660000,0.2600400,0.2617400,0.2600400,0.2616100,1261292,1790760719999,329023.8633200,3847,745716,194581.3870200,0
1790760720000,0.2616100,0.2642700,0.2613700,0.2634600,3365707,1790760779999,885281.1933200,7120,2393328,629733.9773400,0
1790760780000,0.2634400,0.2638900,0.2624100,0.2636700,2630651,1790760839999,692225.7025600,7111,1237036,325477.8153600,0
1790760840000,0.2636800,0.2643500,0.2631000,0.2635400,2050426,1790760899999,540373.7185000,5687,1142882,301203.4833600,0
1790760900000,0.2635200,0.2641800,0.2630700,0.2633400,2165833,1790760959999,571112.9710300,5218,1375334,362723.7313600,0
1790760960000,0.2633400,0.2635100,0.2621800,0.2634700,2007116,1790761019999,527397.8873000,4446,647520,170263.6889400,0
1790761020000,0.2634600,0.2637200,0.2621900,0.2624700,1135773,1790761079999,298320.3101200,3649,537998,141301.7362200,0
1790761080000,0.2624700,0.2627600,0.2616700,0.2625100,2518748,1790761139999,660350.6743000,4851,1109926,291011.6092100,0
1790761140000,0.2625200,0.2626200,0.2621900,0.2623700,1038050,1790761199999,272411.9895000,2895,677170,177716.6428300,0
1790761200000,0.2623700,0.2625000,0.2614800,0.2615500,712682,1790761259999,186723.2693500,2035,272615,71460.6165500,0
1790761260000,0.2615600,0.2621000,0.2613500,0.2615100,792278,1790761319999,207295.8452000,2614,442084,115652.7566600,0
1790761320000,0.2615200,0.2617800,0.2607700,0.2611400,1359055,1790761379999,355016.5079600,2905,592107,154666.0227200,0
1790761380000,0.2611500,0.2612600,0.2607900,0.2611100,785525,1790761439999,205060.7426100,1639,331901,86631.7983000,0
1790761440000,0.2611100,0.2619800,0.2608200,0.2617500,1686612,1790761499999,440831.2639000,2797,1392356,363939.9862300,0
1790761500000,0.2617400,0.2617600,0.2612700,0.2614100,627614,1790761559999,164094.1580200,1919,279481,73069.4554700,0
1790761560000,0.2614100,0.2615400,0.2610000,0.2613700,430815,1790761619999,112577.9020100,1710,230148,60138.8242900,0
1790761620000,0.2613700,0.2616400,0.2611200,0.2614100,491828,1790761679999,128561.9743400,1843,316441,82714.4346800,0
1790761680000,0.2614300,0.2619600,0.2614300,0.2617300,534662,1790761739999,139944.8071900,1857,331588,86793.0035300,0
1790761740000,0.2617400,0.2618600,0.2613900,0.2615400,270889,1790761799999,70864.8696900,1130,128060,33501.0181800,0
1790761800000,0.2615300,0.2617600,0.2612700,0.2617000,654295,1790761859999,171126.0029200,1845,530106,138647.8034900,0
1790761860000,0.2617100,0.2618000,0.2611700,0.2617200,831105,1790761919999,217324.5501700,1566,182187,47654.3525400,0
1790761920000,0.2617200,0.2617300,0.2600600,0.2605100,2144569,1790761979999,558857.1415400,3278,1118205,291371.4931000,0
1790761980000,0.2605000,0.2606200,0.2597600,0.2597800,644882,1790762039999,167705.3772300,1483,233177,60655.9037500,0
1790762040000,0.2597800,0.2602100,0.2596700,0.2599000,695937,1790762099999,180882.1404500,1824,359364,93416.3518000,0
1790762100000,0.2599000,0.2603600,0.2595700,0.2597300,1082464,1790762159999,281396.6679900,2031,601882,156500.2439500,0
1790762160000,0.2597300,0.2598200,0.2590100,0.2595300,1136956,1790762219999,294894.7678200,2492,386845,100369.7107200,0
1790762220000,0.2595300,0.2597700,0.2592100,0.2594600,931038,1790762279999,241622.2533800,2285,479630,124485.3524900,0
1790762280000,0.2594600,0.2594800,0.2585100,0.2587200,2674707,1790762339999,692344.3567000,2911,544683,141034.6069200,0
1790762340000,0.2587200,0.2591500,0.2586600,0.2587300,522088,1790762399999,135166.3378500,1544,315507,81699.1851400,0
1790762400000,0.2587300,0.2595000,0.2582200,0.2588600,1714799,1790762459999,443833.6394000,3827,1094376,283380.9259300,0
1790762460000,0.2588700,0.2592000,0.2583000,0.2591700,1534197,1790762519999,396825.4523200,3395,1007337,260555.6216900,0
1790762520000,0.2591800,0.2594800,0.2588900,0.2593100,942672,1790762579999,244335.4140900,2837,603551,156433.1029500,0
1790762580000,0.2592900,0.2594300,0.2590800,0.2591700,335593,1790762639999,87008.4155100,1128,174409,45214.4447800,0
1790762640000,0.2591700,0.2596100,0.2590300,0.2592800,404250,1790762699999,104842.8986800,1429,284056,73672.6514600,0
1790762700000,0.2592800,0.2617300,0.2592800,0.2612100,2381507,1790762759999,620537.4718200,5556,1663871,433414.1888200,0
1790762760000,0.2612100,0.2617700,0.2609500,0.2612500,1457847,1790762819999,381017.1546400,3350,876451,229104.9621000,0
1790762820000,0.2612500,0.2614100,0.2603100,0.2605700,1038403,1790762879999,270943.7603100,2473,345424,90211.7273800,0
1790762880000,0.2605700,0.2608800,0.2603500,0.2607000,785001,1790762939999,204563.5873700,1834,418180,108970.9670300,0
1790762940000,0.2607100,0.2607100,0.2592600,0.2593500,743171,1790762999999,193166.4372200,2060,257558,66953.2832500,0
1790763000000,0.2593600,0.2593700,0.2589700,0.2589700,605909,1790763059999,157031.8408200,1370,300148,77788.2741900,0
1790763060000,0.2589800,0.2597900,0.2589600,0.2594700,847498,1790763119999,219844.8370000,1835,480451,124637.0679600,0
1790763120000,0.2594800,0.2597400,0.2592600,0.2592600,358660,1790763179999,93051.3793900,1319,163978,42545.0295700,0
1790763180000,0.2592700,0.2595800,0.2592200,0.2592300,401616,1790763239999,104169.8641100,1272,219620,56970.1138500,0
1790763240000,0.2592400,0.2597100,0.2591100,0.2591500,516228,1790763299999,133886.4656900,1618,228830,59365.1270400,0
1790763300000,0.2591400,0.2593700,0.2590300,0.2591800,579831,1790763359999,150273.0357400,1862,249569,64683.4146100,0
1790763360000,0.2591900,0.2592700,0.2584100,0.2586900,710691,1790763419999,183887.6481400,1681,176920,45790.0957600,0
1790763420000,0.2586900,0.2596100,0.2586900,0.2592200,486441,1790763479999,126050.0212500,1602,307280,79624.0097300,0
1790763480000,0.2592200,0.2600800,0.2592200,0.2595100,643307,1790763539999,167102.6371500,2004,370099,96131.7115000,0
1790763540000,0.2595200,0.2601700,0.2592900,0.2594100,549165,1790763599999,142637.2418700,1645,350329,91026.0038200,0
1790763600000,0.2594000,0.2597200,0.2590500,0.2597200,312624,1790763659999,81064.2472600,1284,207944,53923.1177700,0
1790763660000,0.2597200,0.2608600,0.2597000,0.2604100,1356416,1790763719999,353013.7814700,3419,782003,203565.8529600,0
1790763720000,0.2604000,0.2606500,0.2593200,0.2593200,1018467,1790763779999,264706.4428400,2532,212841,55362.0263400,0
1790763780000,0.2593300,0.2594700,0.2586100,0.2587300,1193741,1790763839999,309285.6080600,2478,300667,77863.5923500,0
1790763840000,0.2587500,0.2588200,0.2578000,0.2581100,1892348,1790763899999,488682.0709500,2709,657183,169795.7704800,0
1790763900000,0.2581100,0.2581200,0.2573300,0.2574800,1606747,1790763959999,413898.5205800,2667,533386,137411.5240300,0
1790763960000,0.2574700,0.2583300,0.2573600,0.2580100,931878,1790764019999,240298.6237900,1970,598834,154397.4871500,0
1790764020000,0.2580100,0.2585100,0.2575400,0.2576200,1493225,1790764079999,385368.1242900,2565,352069,90874.6123300,0
1790764080000,0.2576300,0.2577000,0.2570800,0.2574100,892928,1790764139999,229795.1042100,1893,348072,89587.4650300,0
1790764140000,0.2574100,0.2576700,0.2573000,0.2573900,531378,1790764199999,136800.7692900,1310,374496,96418.1113100,0
1790764200000,0.2574000,0.2576900,0.2572600,0.2576700,427159,1790764259999,109958.0074500,1358,205440,52887.2919000,0
1790764260000,0.2576700,0.2581400,0.2574200,0.2578000,895549,1790764319999,230854.2333300,2156,565147,145689.4192800,0
1790764320000,0.2578000,0.2580900,0.2575200,0.2578800,362672,1790764379999,93481.2477000,1420,217627,56095.3853900,0
1790764380000,0.2578900,0.2579000,0.2573100,0.2574100,395081,1790764439999,101756.5668900,1287,177245,45646.4352300,0
1790764440000,0.2574100,0.2575900,0.2568000,0.2570900,1006717,1790764499999,258876.9024300,2329,347196,89310.9768700,0
1790764500000,0.2570900,0.2572000,0.2564900,0.2568200,768202,1790764559999,197279.4860600,1810,276985,71146.3453900,0
1790764560000,0.2568200,0.2571000,0.2561100,0.2569900,1607834,1790764619999,412430.0410700,2178,493140,126591.6572300,0
1790764620000,0.2569700,0.2571900,0.2567200,0.2567800,670829,1790764679999,172386.9707000,1419,414218,106431.1652200,0
1790764680000,0.2567800,0.2573700,0.2565900,0.2572900,718494,1790764739999,184654.2604700,1487,432434,111132.7161800,0
1790764740000,0.2572800,0.2576800,0.2564500,0.2566300,1748616,1790764799999,449675.6082600,2726,742122,190946.4083400,0
1790764800000,0.2566200,0.2574900,0.2565500,0.2573000,1132257,1790764859999,290983.3723100,2131,742561,190854.0573200,0
1790764860000,0.2572900,0.2575500,0.2565300,0.2569700,1008689,1790764919999,259213.9175900,1913,331710,85294.5439600,0
1790764920000,0.2569700,0.2570900,0.2555300,0.2560400,2009089,1790764979999,514817.9740500,2839,341932,87660.4076500,0
1790764980000,0.2559900,0.2560900,0.2552200,0.2559200,3336689,1790765039999,853445.4891500,2688,1943335,497240.8262600,0
1790765040000,0.2559200,0.2569300,0.2557500,0.2568100,1358937,1790765099999,348540.5497300,2583,809130,207536.7238700,0
1790765100000,0.2568200,0.2570200,0.2563500,0.2568300,1326093,1790765159999,340424.1460200,2101,619719,159111.7577800,0
1790765160000,0.2568200,0.2568200,0.2557000,0.2558400,1154982,1790765219999,295830.7529600,1961,343735,88072.3506300,0
1790765220000,0.2558400,0.2561800,0.2556500,0.2561200,1171338,1790765279999,299821.1394100,1705,568593,145563.5539800,0
1790765280000,0.2561300,0.2562900,0.2557500,0.2561300,713347,1790765339999,182637.5563800,1411,523223,133967.4423400,0
1790765340000,0.2561300,0.2566300,0.2560000,0.2564300,737570,1790765399999,189041.5401100,1710,447065,114565.8404900,0
1790765400000,0.2564400,0.2568000,0.2562400,0.2566000,494050,1790765459999,126768.8900100,1216,309679,79468.4288100,0
1790765460000,0.2565900,0.2567100,0.2563200,0.2566100,531587,1790765519999,136392.7333000,1107,244960,62842.9382000,0
1790765520000,0.2566100,0.2573800,0.2566100,0.2573700,490271,1790765579999,126055.2755000,1103,360635,92726.7615900,0
1790765580000,0.2573800,0.2576700,0.2571900,0.2575100,1104766,1790765639999,284428.9418700,1352,554079,142680.0604900,0
1790765640000,0.2575000,0.2575400,0.2569200,0.2571100,1057322,1790765699999,271966.2634500,1732,421503,108453.8397500,0
1790765700000,0.2571000,0.2572000,0.2568900,0.2569700,481721,1790765759999,123832.0211300,1082,339405,87253.1781400,0
1790765760000,0.2569700,0.2569700,0.2564400,0.2567600,582243,1790765819999,149430.4942200,1530,245464,63000.6768400,0
1790765820000,0.2567500,0.2571600,0.2565500,0.2567400,776169,1790765879999,199334.0752100,1614,335150,86111.6797900,0
1790765880000,0.2567400,0.2568700,0.2565000,0.2566500,442717,1790765939999,113623.5249000,1329,237956,61068.3445200,0
1790765940000,0.2566500,0.2572500,0.2564400,0.2572300,1775274,1790765999999,456235.1306800,2070,1583581,406989.3352600,0
1790766000000,0.2572100,0.2572100,0.2563600,0.2563800,841455,1790766059999,215920.1464600,1863,330619,84830.2589200,0
1790766060000,0.2563700,0.2563800,0.2554700,0.2561600,993388,1790766119999,254240.4861800,2276,297904,76262.0153200,0
1790766120000,0.2561500,0.2563200,0.2556900,0.2559500,613835,1790766179999,157155.8173100,1961,327413,83818.2971300,0
1790766180000,0.2559700,0.2567500,0.2559700,0.2565800,716861,1790766239999,183869.4902000,2027,476440,122208.7518300,0
1790766240000,0.2565800,0.2568000,0.2560400,0.2565900,473048,1790766299999,121307.5227900,1914,216184,55440.0360800,0
1790766300000,0.2565800,0.2568300,0.2563800,0.2563900,867592,1790766359999,222628.2471500,2305,624105,160143.3951300,0
1790766360000,0.2563800,0.2563800,0.2555500,0.2557300,611591,1790766419999,156545.5260000,2156,163701,41906.0164400,0
1790766420000,0.2557200,0.2557200,0.2546300,0.2550100,1995080,1790766479999,508898.4061400,3145,439642,112200.0845300,0
1790766480000,0.2550200,0.2558700,0.2548900,0.2556200,1072502,1790766539999,273949.5278800,2808,612703,156525.0902000,0
1790766540000,0.2556200,0.2558200,0.2550000,0.2550400,580635,1790766599999,148279.5692100,1982,241436,61667.3051300,0
1790766600000,0.2550500,0.2551000,0.2541500,0.2541700,2121228,1790766659999,540121.7738400,3714,536058,136574.3475400,0
1790766660000,0.2541700,0.2546800,0.2540900,0.2541100,1637291,1790766719999,416386.9933400,2373,1072236,272697.4320400,0
1790766720000,0.2541000,0.2546000,0.2540100,0.2544800,803867,1790766779999,204397.6315300,2087,431125,109628.8003700,0
1790766780000,0.2544900,0.2549000,0.2543800,0.2543800,746573,1790766839999,190074.1522900,1970,461567,117519.0757600,0
1790766840000,0.2543700,0.2549800,0.2543000,0.2546600,1445540,1790766899999,368203.0888000,2472,893405,227632.0407100,0
1790766900000,0.2546600,0.2555000,0.2545900,0.2552700,1047409,1790766959999,267200.6667300,2245,720239,183768.6580600,0
1790766960000,0.2552700,0.2555700,0.2550200,0.2552600,745649,1790767019999,190351.1323800,1994,444980,113611.2838400,0
1790767020000,0.2552500,0.2554600,0.2542900,0.2544800,1239734,1790767079999,315893.7296700,2089,239625,61086.3984700,0
1790767080000,0.2544500,0.2549000,0.2543400,0.2547900,1050257,1790767139999,267464.2744800,1513,776746,197855.4608400,0
1790767140000,0.2548000,0.2554100,0.2542800,0.2542800,1302305,1790767199999,332172.0260800,2598,901246,229939.1677500,0
1790767200000,0.2542800,0.2543700,0.2536600,0.2539100,1697532,1790767259999,431109.9141300,2754,243178,61759.4471100,0
1790767260000,0.2539100,0.2547100,0.2539000,0.2542900,487226,1790767319999,123916.8251000,1682,238008,60535.8811500,0
1790767320000,0.2542800,0.2545300,0.2539100,0.2545100,1191633,1790767379999,302964.4056800,2267,460750,117169.2469700,0
1790767380000,0.2545100,0.2555100,0.2544800,0.2555000,801383,1790767439999,204360.1764000,1989,464586,118512.6716100,0
1790767440000,0.2554900,0.2555700,0.2543100,0.2546400,702517,1790767499999,179110.6762600,1940,226073,57655.8714700,0
1790767500000,0.2546400,0.2546400,0.2535500,0.2536600,1258854,1790767559999,319720.8259500,2813,467273,118684.2416000,0
1790767560000,0.2536600,0.2546400,0.2535500,0.2544300,905472,1790767619999,229980.5359400,2329,463000,117643.2865200,0
1790767620000,0.2544300,0.2548000,0.2541900,0.2547400,416970,1790767679999,106120.0833300,1299,225331,57351.1388000,0
1790767680000,0.2547300,0.2550900,0.2543200,0.2546000,429223,1790767739999,109343.3555500,1557,265684,67687.0530700,0
1790767740000,0.2546000,0.2548300,0.2541900,0.2543000,419464,1790767799999,106752.3597100,1086,241104,61359.5953800,0
1790767800000,0.2543000,0.2547700,0.2542600,0.2543700,469766,1790767859999,119551.8523200,1429,269906,68692.8520100,0
1790767860000,0.2543600,0.2545400,0.2539100,0.2539300,473306,1790767919999,120306.1073100,1535,196863,50033.3885400,0
1790767920000,0.2539200,0.2540100,0.2531100,0.2533800,2158655,1790767979999,547128.3017000,2905,547918,138903.5009500,0
1790767980000,0.2533900,0.2534800,0.2530800,0.2534000,577868,1790768039999,146342.7752600,1177,298410,75569.5875400,0
1790768040000,0.2534000,0.2539100,0.2532700,0.2534200,929767,1790768099999,235797.4002300,1829,649725,164802.4309600,0
1790768100000,0.2534300,0.2538800,0.2532800,0.2537700,466047,1790768159999,118148.1086000,1324,260409,66018.9740600,0
1790768160000,0.2537700,0.2537700,0.2529200,0.2534100,729698,1790768219999,184813.3180100,1655,219913,55705.1153100,0
1790768220000,0.2534100,0.2539100,0.2532800,0.2536500,1078609,1790768279999,273508.5173500,1694,774123,196311.8960000,0
1790768280000,0.2536600,0.2543800,0.2536500,0.2539800,1258668,1790768339999,319803.0929100,1799,951208,241734.2601200,0
1790768340000,0.2539800,0.2541900,0.2536300,0.2541700,690120,1790768399999,175239.7454200,1788,346676,88029.1604900,0
1790768400000,0.2541600,0.2543600,0.2540100,0.2542900,882875,1790768459999,224411.0009900,1392,633734,161085.8027200,0
1790768460000,0.2542900,0.2546100,0.2535900,0.2537800,1197572,1790768519999,304086.1051900,1887,324957,82557.4469400,0
1790768520000,0.2537800,0.2540400,0.2536200,0.2539700,675422,1790768579999,171468.4573600,1387,279810,71029.6208400,0
1790768580000,0.2539800,0.2545800,0.2538900,0.2544000,1640369,1790768639999,416884.3875300,1911,449450,114257.4201200,0
1790768640000,0.2543900,0.2544900,0.2541200,0.2544700,419760,1790768699999,106753.8597600,980,165039,41971.1472500,0
1790768700000,0.2544800,0.2554400,0.2541500,0.2546600,4310239,1790768759999,1098405.8306100,4138,3185500,812055.4242200,0
1790768760000,0.2546500,0.2548700,0.2541000,0.2546100,1757697,1790768819999,447338.5115000,2582,522980,133111.6735300,0
1790768820000,0.2546100,0.2546100,0.2536700,0.2539200,1495604,1790768879999,379947.2279500,3271,626568,159169.8164600,0
1790768880000,0.2539200,0.2540200,0.2537700,0.2538400,629513,1790768939999,159845.2666000,1308,221662,56284.1540200,0
1790768940000,0.2538500,0.2541400,0.2538000,0.2540700,365293,1790768999999,92771.3144200,1271,231632,58828.0143900,0
1790769000000,0.2540700,0.2546600,0.2539800,0.2545900,421119,1790769059999,107096.8159600,1579,204810,52091.2414500,0
1790769060000,0.2545900,0.2554000,0.2544200,0.2551300,1154570,1790769119999,294526.7425200,2230,879071,224258.5324800,0
1790769120000,0.2551300,0.2556700,0.2551200,0.2555100,848616,1790769179999,216738.5689200,1739,562977,143780.5359700,0
1790769180000,0.2555000,0.2559800,0.2553400,0.2559200,596742,1790769239999,152582.4443500,1812,427318,109266.5068800,0
1790769240000,0.2559200,0.2559200,0.2548300,0.2553200,1432705,1790769299999,365653.9498600,2038,259095,66158.2229900,0
1790769300000,0.2553100,0.2554500,0.2549000,0.2551200,1472401,1790769359999,375851.2772400,1922,438312,111863.7465100,0
1790769360000,0.2551200,0.2555500,0.2550000,0.2552800,1052432,1790769419999,268690.3997800,1721,734540,187525.7010400,0
1790769420000,0.2552700,0.2557800,0.2550700,0.2551700,541203,1790769479999,138223.2001100,1537,357470,91293.5546700,0
1790769480000,0.2551700,0.2555200,0.2551600,0.2554100,340128,1790769539999,86836.7927300,1081,227477,58075.2141800,0
1790769540000,0.2554200,0.2561400,0.2553200,0.2559400,941239,1790769599999,240738.9313500,1906,746671,190991.0616100,0
1790769600000,0.2559400,0.2571900,0.2555300,0.2568600,1775754,1790769659999,455579.9623300,4239,1090893,279865.7134900,0
1790769660000,0.2568800,0.2571000,0.2560000,0.2562100,1482763,1790769719999,380290.5734100,2403,464843,119161.9669100,0
1790769720000,0.2562100,0.2566000,0.2560900,0.2564600,581092,1790769779999,148960.0343100,1923,362572,92939.7428200,0
1790769780000,0.2564700,0.2573600,0.2564700,0.2569900,1229931,1790769839999,316107.9050500,2670,709802,182407.4727700,0
1790769840000,0.2570000,0.2570800,0.2564500,0.2567500,957659,1790769899999,245924.3774000,1998,452092,116096.5707200,0
1790769900000,0.2567600,0.2568800,0.2558500,0.2558800,755497,1790769959999,193642.2995300,1741,170767,43774.2451600,0
1790769960000,0.2558700,0.2558700,0.2550700,0.2552900,1097764,1790770019999,280427.3936700,2723,294940,75345.8085000,0
1790770020000,0.2552900,0.2553000,0.2545500,0.2550600,1128492,1790770079999,287701.2628700,2733,475428,121207.7674800,0
1790770080000,0.2550700,0.2551200,0.2540200,0.2540300,1059312,1790770139999,269649.5544300,2787,468880,119389.2245500,0
1790770140000,0.2540600,0.2544400,0.2539100,0.2540400,1331307,1790770199999,338382.3145300,2615,910236,231411.1158800,0
1790770200000,0.2540300,0.2545500,0.2539700,0.2542200,850861,1790770259999,216345.9730000,2289,472466,120155.7887300,0
1790770260000,0.2542200,0.2545100,0.2542000,0.2542500,638552,1790770319999,162392.8545400,1914,269449,68526.5149700,0
1790770320000,0.2542600,0.2547700,0.2542100,0.2547700,413607,1790770379999,105224.4402600,1517,255696,65057.8697700,0
1790770380000,0.2547700,0.2550100,0.2545200,0.2547400,732102,1790770439999,186523.7811000,1845,498874,127106.3816700,0
1790770440000,0.2547400,0.2553600,0.2546400,0.2552100,436219,1790770499999,111226.1118100,1146,212497,54190.3910400,0
1790770500000,0.2552000,0.2553100,0.2538000,0.2539200,1030967,1790770559999,262186.5090000,2810,355566,90402.2542800,0
1790770560000,0.2539600,0.2539600,0.2536000,0.2537100,976936,1790770619999,247941.1930200,1990,371929,94376.7716300,0
1790770620000,0.2537000,0.2538300,0.2533000,0.2533800,795682,1790770679999,201704.1331000,1800,192513,48811.7186700,0
1790770680000,0.2533800,0.2536900,0.2531100,0.2535500,1338069,1790770739999,339048.1259600,2286,822935,208537.1579300,0
1790770740000,0.2535600,0.2540200,0.2532600,0.2532600,614793,1790770799999,155972.8456600,1677,336833,85464.9877200,0
1790770800000,0.2532600,0.2534900,0.2522000,0.2528900,3368582,1790770859999,851414.8932000,4217,1195831,302292.0253700,0
1790770860000,0.2529000,0.2534100,0.2528400,0.2531200,1732853,1790770919999,438699.5839500,2967,1148907,290915.9815100,0
1790770920000,0.2531200,0.2537500,0.2529500,0.2537200,476371,1790770979999,120698.0398200,1826,270637,68575.6760800,0
1790770980000,0.2537200,0.2538500,0.2532600,0.2533100,746946,1790771039999,189438.3333600,1691,345840,87711.6126900,0
1790771040000,0.2533100,0.2539600,0.2533100,0.2538400,578386,1790771099999,146719.0821400,1560,341228,86560.8332100,0
1790771100000,0.2538400,0.2542100,0.2533100,0.2533200,899973,1790771159999,228477.2471100,2172,531679,135000.8236200,0
1790771160000,0.2533200,0.2536900,0.2532600,0.2532900,500012,1790771219999,126720.5693900,1376,231575,58692.1378200,0
1790771220000,0.2532900,0.2534600,0.2532300,0.2533300,363540,1790771279999,92094.9463500,1130,228990,58011.3611400,0
1790771280000,0.2533300,0.2539600,0.2533100,0.2535500,426320,1790771339999,108129.2035700,1516,236153,59885.2356600,0
1790771340000,0.2535600,0.2543600,0.2533700,0.2540200,776127,1790771399999,197076.6299900,2356,433165,110000.2152800,0
1790771400000,0.2540100,0.2579300,0.2531700,0.2572200,8476517,1790771459999,2169112.8147100,16086,4994394,1278092.9291100,0
1790771460000,0.2572200,0.2593500,0.2571500,0.2588900,6008252,1790771519999,1551825.8512500,12110,3295585,851783.0004000,0
1790771520000,0.2588900,0.2590900,0.2580800,0.2584400,3706787,1790771579999,958369.8925200,9161,2050554,530177.4444700,0
1790771580000,0.2584200,0.2592000,0.2580200,0.2587600,4008937,1790771639999,1037197.8758900,8300,1706610,441519.2136700,0
1790771640000,0.2587300,0.2608300,0.2581800,0.2605000,3529937,1790771699999,916260.8802600,6960,2209566,573792.8133600,0
1790771700000,0.2605100,0.2628400,0.2605000,0.2618000,5959928,1790771759999,1561500.4025900,11363,3415277,894989.4465900,0
1790771760000,0.2618000,0.2619900,0.2608700,0.2610800,3866247,1790771819999,1011009.2645200,6751,1552425,406109.9980900,0
1790771820000,0.2610800,0.2620000,0.2609100,0.2617000,2423574,1790771879999,633724.9093300,6407,1138451,297688.3665400,0
1790771880000,0.2617000,0.2639200,0.2616500,0.2635200,3992500,1790771939999,1049382.9962500,7883,1834935,482044.6266200,0
1790771940000,0.2635500,0.2647500,0.2631400,0.2645300,4103826,1790771999999,1082597.9344800,7243,1777590,469126.9114100,0
1790772000000,0.2645900,0.2649500,0.2628800,0.2640900,5924096,1790772059999,1563822.4398500,9673,2838539,749371.5353200,0
1790772060000,0.2640500,0.2651600,0.2638100,0.2640000,5641232,1790772119999,1491590.2306200,8575,3108885,822097.6230000,0
1790772120000,0.2640000,0.2643200,0.2607200,0.2613800,6564964,1790772179999,1721491.0884900,11085,2286972,599620.7462500,0
1790772180000,0.2613700,0.2627600,0.2612100,0.2625300,3107385,1790772239999,814150.9403700,4972,2227874,583691.0591900,0
1790772240000,0.2625200,0.2626400,0.2615200,0.2616500,2244494,1790772299999,588210.9761800,4523,1149191,301171.4204900,0
1790772300000,0.2616400,0.2623500,0.2612500,0.2621300,2691915,1790772359999,704955.7534000,5527,1314328,344139.2087100,0
1790772360000,0.2621200,0.2623500,0.2608200,0.2618500,3645661,1790772419999,954099.8204500,6963,1540804,403116.3089200,0
1790772420000,0.2618500,0.2620900,0.2605900,0.2611600,2318194,1790772479999,605625.1187400,6771,977427,255352.4863900,0
1790772480000,0.2611500,0.2633200,0.2610400,0.2629200,2916491,1790772539999,765677.1510800,6523,1778459,466971.3430400,0
1790772540000,0.2629100,0.2635900,0.2626000,0.2635700,2967141,1790772599999,780352.0766400,5514,1367997,359897.5444100,0
1790772600000,0.2635700,0.2641800,0.2630500,0.2632000,2783152,1790772659999,733406.4992500,5928,1359259,358164.1864900,0
1790772660000,0.2632000,0.2637000,0.2628000,0.2634800,2181633,1790772719999,574241.1377200,4509,1168022,307476.5999800,0
1790772720000,0.2634700,0.2637300,0.2632100,0.2634200,1835341,1790772779999,483401.2869400,3415,501083,131996.5577300,0
1790772780000,0.2634200,0.2638300,0.2626000,0.2627700,1967699,1790772839999,517660.6269400,3797,541496,142449.7651500,0
1790772840000,0.2627800,0.2640400,0.2627700,0.2633200,2661668,1790772899999,701117.3793400,4368,1667564,439348.9748800,0
1790772900000,0.2633100,0.2637200,0.2628500,0.2633700,1269262,1790772959999,334120.5691400,3551,598693,157599.9805100,0
1790772960000,0.2633700,0.2634700,0.2628300,0.2630600,1142226,1790773019999,300613.4191800,3123,520639,137023.9406700,0
1790773020000,0.2630600,0.2630800,0.2625700,0.2626200,1190716,1790773079999,312889.8573900,2805,392255,103076.2546100,0
1790773080000,0.2626200,0.2626400,0.2614100,0.2619100,2516229,1790773139999,659273.5719900,3910,688132,180261.2151400,0
1790773140000,0.2619000,0.2623800,0.2616500,0.2618800,1637246,1790773199999,428861.6263800,3335,508272,133171.8492400,0
1790773200000,0.2618800,0.2623100,0.2613400,0.2616400,2785064,1790773259999,729052.8420400,4941,1523735,398973.9773200,0
1790773260000,0.2616300,0.2618600,0.2610500,0.2612800,1918125,1790773319999,501330.0820700,3779,760547,198807.0289000,0
1790773320000,0.2612900,0.2617800,0.2610800,0.2614900,1251870,1790773379999,327184.6496900,3799,618990,161802.7202000,0
1790773380000,0.2614700,0.2620600,0.2612400,0.2619900,848447,1790773439999,221977.0362500,3038,415168,108625.0995900,0
1790773440000,0.2619800,0.2621800,0.2616200,0.2620100,983525,1790773499999,257658.9795200,2495,392022,102695.9525300,0
1790773500000,0.2620200,0.2622600,0.2618600,0.2619500,780297,1790773559999,204470.7710700,2099,343066,89905.1705000,0
1790773560000,0.2619500,0.2634200,0.2618400,0.2632200,1872307,1790773619999,491674.7458600,3602,1412909,371054.3707000,0
1790773620000,0.2632200,0.2633800,0.2626200,0.2626800,1355129,1790773679999,356391.6739300,2951,409723,107771.8960400,0
1790773680000,0.2626900,0.2633500,0.2625600,0.2627200,969501,1790773739999,254815.5042200,3027,492819,129530.5430300,0
1790773740000,0.2627100,0.2637200,0.2627100,0.2632400,2355219,1790773799999,619934.3357800,3755,860711,226587.7792100,0
1790773800000,0.2632400,0.2639900,0.2630300,0.2637100,1944921,1790773859999,512334.6501300,4267,1184338,312010.4996900,0
1790773860000,0.2637000,0.2654900,0.2635500,0.2646400,4547340,1790773919999,1203599.8422400,6956,2889621,764975.9547800,0
1790773920000,0.2646400,0.2659600,0.2639600,0.2658300,2735788,1790773979999,724885.6799500,5769,1769830,469096.6416800,0
1790773980000,0.2658300,0.2681400,0.2656600,0.2680100,6809228,1790774039999,1818605.5432700,11215,4788560,1278877.7880800,0
1790774040000,0.2680000,0.2684900,0.2673100,0.2682200,3552013,1790774099999,951255.4025100,7608,2109400,565013.3760000,0
1790774100000,0.2682100,0.2683700,0.2661100,0.2678000,2695128,1790774159999,719773.3422500,5865,1268391,338753.1977000,0
1790774160000,0.2677900,0.2688600,0.2672900,0.2683500,2905427,1790774219999,779372.8006100,6294,1760425,472277.2336200,0
1790774220000,0.2683600,0.2690900,0.2676700,0.2681200,3642119,1790774279999,977683.9573800,7608,1638551,440111.1114700,0
1790774280000,0.2681100,0.2686200,0.2676500,0.2680100,2586153,1790774339999,693566.8889200,5918,1204218,322983.6680800,0
1790774340000,0.2680300,0.2693400,0.2677800,0.2688000,2155477,1790774399999,578802.5686500,5268,1167515,313503.2338400,0
1790774400000,0.2687900,0.2693500,0.2685500,0.2688300,1680115,1790774459999,451890.0473100,4234,707891,190451.6562900,0
1790774460000,0.2688400,0.2692100,0.2685000,0.2689000,1395230,1790774519999,375014.0581600,3713,674020,181198.7482800,0
1790774520000,0.2688900,0.2696900,0.2688400,0.2692700,2117546,1790774579999,570480.4836800,4336,1139657,307062.9817300,0
1790774580000,0.2692700,0.2700000,0.2687000,0.2693000,3825436,1790774639999,1030861.1748000,6445,1697745,457655.1711800,0
1790774640000,0.2693000,0.2695200,0.2688800,0.2691300,1438521,1790774699999,387215.1017300,3916,815511,219503.7752600,0
1790774700000,0.2691300,0.2699100,0.2686900,0.2691600,2437646,1790774759999,656089.3085200,5662,1344661,361873.9542800,0
1790774760000,0.2691500,0.2696900,0.2689400,0.2695200,1207143,1790774819999,325146.9112200,3949,566772,152676.3959100,0
1790774820000,0.2695100,0.2697400,0.2685100,0.2687500,2333528,1790774879999,627915.1669000,4868,848354,228391.4425500,0
1790774880000,0.2687300,0.2692200,0.2673800,0.2677900,3266407,1790774939999,876379.5268800,7383,1457168,390995.9733800,0
1790774940000,0.2678000,0.2689200,0.2674800,0.2688500,3338752,1790774999999,895250.6845700,6518,1587698,425793.6997400,0
1790775000000,0.2688500,0.2692000,0.2667900,0.2678700,2226255,1790775059999,596321.9484900,7004,1021120,273586.2857000,0
1790775060000,0.2678800,0.2698600,0.2678200,0.2698600,2145436,1790775119999,576365.6478400,5964,1525866,409967.4214700,0
1790775120000,0.2698100,0.2702900,0.2695900,0.2699200,3218825,1790775179999,868762.1035300,7323,1972006,532304.6427300,0
1790775180000,0.2699300,0.2709700,0.2696300,0.2704100,3176897,1790775239999,858957.1697100,6891,1763730,477086.8418400,0
1790775240000,0.2704200,0.2705500,0.2694800,0.2697600,3263520,1790775299999,881086.3566700,6473,1426160,385158.5930100,0
1790775300000,0.2697600,0.2697600,0.2648300,0.2649800,7459294,1790775359999,1988764.0849000,12181,2191096,584083.7849600,0
1790775360000,0.2650000,0.2658400,0.2635500,0.2656200,6489825,1790775419999,1718758.1482800,11298,3822447,1013121.8335800,0
1790775420000,0.2656000,0.2665900,0.2629100,0.2632600,4689602,1790775479999,1241503.0444600,10384,2172368,575595.5280100,0
1790775480000,0.2632600,0.2635000,0.2618400,0.2634300,5975002,1790775539999,1569215.5265600,11008,3095441,813288.3169100,0
1790775540000,0.2632700,0.2639700,0.2622200,0.2630300,3549284,1790775599999,934400.8746800,7710,1986922,523245.1591400,0
1790775600000,0.2630500,0.2644100,0.2620000,0.2623300,4519093,1790775659999,1190275.9613200,9993,2145741,565648.5579800,0
1790775660000,0.2623300,0.2645900,0.2618700,0.2642800,3891813,1790775719999,1025351.9173900,8965,2154575,567487.5387000,0
1790775720000,0.2642800,0.2666500,0.2640300,0.2663100,2732148,1790775779999,724695.7530000,6483,1864088,494407.4014100,0
1790775780000,0.2663200,0.2668100,0.2661400,0.2661500,2369000,1790775839999,631071.5124100,4757,1527879,407025.5446200,0
1790775840000,0.2661400,0.2684800,0.2659500,0.2684100,3553497,1790775899999,948102.9668200,7611,1847179,493221.5411500,0
1790775900000,0.2684200,0.2696200,0.2680300,0.2689400,5267724,1790775959999,1415735.0774500,10254,2934176,788890.7177700,0
1790775960000,0.2689400,0.2698800,0.2685400,0.2695900,3305529,1790776019999,890010.3260200,7686,1498178,403546.7661600,0
1790776020000,0.2695900,0.2703700,0.2693500,0.2697300,3370118,1790776079999,909461.9606100,7080,2043743,551622.5312400,0
1790776080000,0.2697300,0.2699500,0.2679300,0.2683700,3647810,1790776139999,981200.8176800,8253,1236376,332670.3919500,0
1790776140000,0.2683700,0.2701500,0.2681800,0.2695800,2006434,1790776199999,540762.1669100,6118,1019959,274884.6482700,0
1790776200000,0.2695700,0.2700100,0.2689400,0.2695200,1796115,1790776259999,484175.4712800,5935,840035,226430.4822600,0
1790776260000,0.2695300,0.2706700,0.2695300,0.2703800,2300562,1790776319999,621902.5783200,5606,1098271,296836.4678300,0
1790776320000,0.2703700,0.2718000,0.2700700,0.2714000,5581990,1790776379999,1512443.0623700,7344,3934342,1066318.5032300,0
1790776380000,0.2713900,0.2731700,0.2706000,0.2729300,5255064,1790776439999,1428566.0816500,10216,2540471,691138.5186300,0
1790776440000,0.2729700,0.2749500,0.2729700,0.2737600,7835046,1790776499999,2148114.3492800,13421,4572920,1253916.6703500,0
1790776500000,0.2737900,0.2749800,0.2734600,0.2746300,5918122,1790776559999,1622488.2309900,10773,2334726,640199.8433700,0
1790776560000,0.2746300,0.2748500,0.2738700,0.2739800,4175674,1790776619999,1145972.4315600,7238,1805456,495675.3498000,0
1790776620000,0.2739800,0.2749700,0.2735200,0.2745300,3066607,1790776679999,840603.2104000,6656,1447830,396873.5598400,0
1790776680000,0.2745400,0.2748900,0.2741400,0.2745800,3080894,1790776739999,845912.9104500,7107,1133181,311202.7170700,0
1790776740000,0.2745900,0.2775800,0.2745700,0.2771600,6901530,1790776799999,1907669.0061700,13712,4072399,1125677.8069900,0
1790776800000,0.2771600,0.2778600,0.2763300,0.2772500,4687588,1790776859999,1299141.1374200,12284,2008235,556667.5168500,0
1790776860000,0.2772500,0.2784200,0.2758100,0.2760300,6586764,1790776919999,1825809.3887000,13812,3118031,864662.3784200,0
1790776920000,0.2760400,0.2770100,0.2754900,0.2760500,4522602,1790776979999,1249609.6925000,12403,1835665,507299.6884600,0
1790776980000,0.2761900,0.2778900,0.2759100,0.2777800,4668991,1790777039999,1292095.1108400,10869,2250934,623133.5474500,0
1790777040000,0.2777800,0.2795500,0.2777600,0.2793000,3464156,1790777099999,965258.9703100,10219,2179089,607225.6887400,0
1790777100000,0.2792900,0.2799100,0.2791600,0.2798600,2941468,1790777159999,822434.1118400,8263,1756889,491297.0214500,0
1790777160000,0.2798700,0.2800000,0.2784100,0.2793200,6674141,1790777219999,1863748.1956700,9563,2264173,632533.6990200,0
1790777220000,0.2793100,0.2807900,0.2783300,0.2803500,6330045,1790777279999,1770856.6718800,11388,4673024,1307634.3264300,0
1790777280000,0.2803900,0.2810000,0.2792700,0.2798400,4117169,1790777339999,1153693.1767200,10131,1928771,540571.4979100,0
1790777340000,0.2798400,0.2805900,0.2794200,0.2804000,3425026,1790777399999,958599.5126400,8712,1857536,520003.7557200,0
1790777400000,0.2803900,0.2811000,0.2770400,0.2773500,5013232,1790777459999,1400039.4555600,12062,1801573,504061.6171700,0
1790777460000,0.2773400,0.2779400,0.2746400,0.2764700,11793414,1790777519999,3252827.8593700,18612,4766777,1315046.0888100,0
1790777520000,0.2764900,0.2771000,0.2755700,0.2757000,3960884,1790777579999,1095025.6177000,8854,2315762,640306.1040200,0
1790777580000,0.2756900,0.2757100,0.2740200,0.2740300,5349922,1790777639999,1470160.2144700,9424,2500089,687382.2725600,0
1790777640000,0.2740300,0.2752500,0.2736600,0.2746200,4177402,1790777699999,1145702.7356300,7485,1632269,447756.0548200,0
1790777700000,0.2746100,0.2747500,0.2726700,0.2741100,4433645,1790777759999,1213121.7762700,11457,1865658,510778.1448300,0
1790777760000,0.2741000,0.2742600,0.2725100,0.2740000,4958351,1790777819999,1354492.1818300,8540,3131651,855444.6356400,0
1790777820000,0.2740000,0.2740600,0.2720200,0.2725600,3454335,1790777879999,943124.4166700,8125,1349869,368604.5335400,0
1790777880000,0.2725000,0.2733600,0.2718800,0.2723900,2956139,1790777939999,805789.9156800,8216,1223205,333456.1439400,0
1790777940000,0.2723900,0.2727000,0.2706800,0.2718800,5398014,1790777999999,1464679.8617000,10263,2029951,551015.3259800,0
1790778000000,0.2718900,0.2724400,0.2704800,0.2709200,4127877,1790778059999,1120414.8435000,7054,2162649,587260.7391000,0
1790778060000,0.2709200,0.2717300,0.2694600,0.2697100,4134327,1790778119999,1118350.5693400,7871,1520504,411523.9245000,0
1790778120000,0.2697100,0.2697700,0.2666200,0.2666700,8826272,1790778179999,2365581.2693900,15132,3786362,1014707.8175900,0
1790778180000,0.2666600,0.2671700,0.2635200,0.2650200,15306992,1790778239999,4058118.7925400,21037,6530992,1731180.8655200,0
1790778240000,0.2649500,0.2661500,0.2647700,0.2659900,6106241,1790778299999,1622131.6345000,11457,3696025,981946.2177300,0
1790778300000,0.2659800,0.2680600,0.2658400,0.2668900,3923371,1790778359999,1048209.2615900,8546,3041849,812860.8442400,0
1790778360000,0.2669000,0.2681900,0.2668300,0.2677400,2328844,1790778419999,623188.6175900,5758,1473473,394318.0422300,0
1790778420000,0.2677500,0.2679100,0.2650800,0.2652900,5589984,1790778479999,1491072.6482700,8712,1918219,512062.6779100,0
1790778480000,0.2653000,0.2658400,0.2645600,0.2649200,3345481,1790778539999,887017.8728600,7014,1628962,432013.7309200,0
1790778540000,0.2649300,0.2654300,0.2643500,0.2651400,1882130,1790778599999,498528.1661200,5422,1137221,301268.5468500,0
1790778600000,0.2651400,0.2664700,0.2648800,0.2661800,2023716,1790778659999,538056.6955000,6680,1331543,354048.4706200,0
1790778660000,0.2661700,0.2665800,0.2650800,0.2659500,2428099,1790778719999,645349.9706700,7255,1555006,413349.8325400,0
1790778720000,0.2659600,0.2662600,0.2634100,0.2641800,3636756,1790778779999,962522.7030900,7752,1353573,358854.1075600,0
1790778780000,0.2641700,0.2674500,0.2632800,0.2673600,4637595,1790778839999,1229054.0597400,10577,2548266,676422.7607000,0
1790778840000,0.2673500,0.2684600,0.2658000,0.2662900,3678598,1790778899999,983461.7635200,10099,2193877,586664.6030800,0
1790778900000,0.2663300,0.2670600,0.2656100,0.2658600,2000852,1790778959999,532546.5519700,6316,939338,250085.0957500,0
1790778960000,0.2659100,0.2665300,0.2658100,0.2661800,1834411,1790779019999,488340.8265400,6054,939930,250261.4720100,0
1790779020000,0.2661900,0.2677300,0.2658000,0.2670800,1988766,1790779079999,530623.4954200,6051,1423922,380000.2402300,0
1790779080000,0.2670800,0.2678100,0.2661800,0.2675600,2373282,1790779139999,633925.2554600,7055,1356037,362256.2871200,0
1790779140000,0.2675600,0.2676600,0.2660800,0.2660800,2347629,1790779199999,626696.4612200,5929,984862,262930.1377900,0
1790779200000,0.2660700,0.2660700,0.2641200,0.2647700,2899863,1790779259999,768196.4643600,7177,1309586,346857.9985500,0
1790779260000,0.2648000,0.2652400,0.2637300,0.2647700,2889815,1790779319999,763717.9217200,6578,1106697,292693.9406500,0
1790779320000,0.2647700,0.2656500,0.2637000,0.2640800,5116842,1790779379999,1354166.2281200,7574,2352772,622869.1913700,0
1790779380000,0.2640800,0.2646200,0.2620900,0.2623200,5280949,1790779439999,1388981.3158400,7641,1380827,363216.3198800,0
1790779440000,0.2623300,0.2634300,0.2621500,0.2623400,2812091,1790779499999,739149.6998300,5832,1526204,401209.3964700,0
1790779500000,0.2623300,0.2632800,0.2620000,0.2622800,2839397,1790779559999,745101.8245900,6137,1482764,389239.4571900,0
1790779560000,0.2622900,0.2647800,0.2620300,0.2646000,2362117,1790779619999,622009.3106900,7476,1728452,455177.9579600,0
1790779620000,0.2646000,0.2649600,0.2639000,0.2648000,2029511,1790779679999,536895.4456200,5654,1111862,294220.5008500,0
1790779680000,0.2648000,0.2654700,0.2642600,0.2648500,2866863,1790779739999,758989.6783900,5514,1289474,341554.2233600,0
1790779740000,0.2648500,0.2649000,0.2636700,0.2644100,1592501,1790779799999,420663.1796500,4357,930595,245825.4225300,0
1790779800000,0.2644000,0.2646500,0.2636800,0.2641000,1240807,1790779859999,327809.7260400,4271,579376,153058.2588800,0
1790779860000,0.2641100,0.2651900,0.2636400,0.2637600,2906134,1790779919999,768455.9604600,6010,1538399,407051.6347100,0
1790779920000,0.2637600,0.2656500,0.2636000,0.2638200,2373380,1790779979999,628243.8267600,5605,1176998,311454.9645200,0
1790779980000,0.2638100,0.2642600,0.2635700,0.2638500,997247,1790780039999,263165.4639900,3078,546985,144336.2729000,0
1790780040000,0.2638500,0.2642000,0.2630800,0.2633300,1854357,1790780099999,488563.2366400,3911,815930,214986.9481700,0
1790780100000,0.2633200,0.2641000,0.2629700,0.2639500,2570995,1790780159999,677228.8739000,4740,1332973,351203.9840600,0
1790780160000,0.2639500,0.2641200,0.2629100,0.2629100,1472120,1790780219999,387855.1588700,4058,662837,174665.0788700,0
1790780220000,0.2629100,0.2633100,0.2626900,0.2631900,1087894,1790780279999,286184.0655400,3509,784131,206293.2522200,0
1790780280000,0.2631800,0.2641600,0.2630600,0.2640000,1951962,1790780339999,514631.0662700,3418,1317715,347357.9690500,0
1790780340000,0.2640000,0.2650000,0.2638100,0.2640800,2230272,1790780399999,589526.8244000,4499,1179299,311780.7015400,0
1790780400000,0.2640800,0.2661300,0.2636300,0.2659800,3573558,1790780459999,946140.8723500,7051,2704683,716214.8171500,0
1790780460000,0.2660200,0.2666000,0.2647600,0.2663400,1914798,1790780519999,508660.6002300,6556,1118463,297097.6396300,0
1790780520000,0.2663300,0.2666000,0.2651900,0.2652700,1673051,1790780579999,445142.8953200,4867,875352,232901.8461200,0
1790780580000,0.2652800,0.2673200,0.2648700,0.2671700,2644121,1790780639999,704490.9384300,6024,1823737,485832.4223600,0
1790780640000,0.2671600,0.2673200,0.2662900,0.2671300,2023329,1790780699999,539822.6753900,4379,1000503,266894.3332900,0
1790780700000,0.2671300,0.2675200,0.2666400,0.2670500,1746785,1790780759999,466615.2232000,4148,1080968,288768.2768300,0
1790780760000,0.2670600,0.2670600,0.2654300,0.2661700,2324348,1790780819999,618942.9953500,4688,1222281,325346.1883200,0
1790780820000,0.2661400,0.2661600,0.2650600,0.2650900,902175,1790780879999,239485.1977100,2862,459429,121924.4634400,0
1790780880000,0.2651000,0.2654100,0.2644900,0.2650500,837033,1790780939999,221761.2262700,2973,426099,112912.8516200,0
1790780940000,0.2650400,0.2662800,0.2649800,0.2659700,1092499,1790780999999,290341.8066100,3205,682373,181350.3038300,0
1790781000000,0.2659800,0.2670000,0.2659600,0.2662400,1598775,1790781059999,426207.1922600,3494,782412,208578.1047400,0
1790781060000,0.2662500,0.2670800,0.2658500,0.2658600,1359374,1790781119999,362349.5841900,3182,937926,250045.9868800,0
1790781120000,0.2658600,0.2659300,0.2641500,0.2646600,1731480,1790781179999,458786.2202100,4809,646612,171280.5096800,0
1790781180000,0.2646600,0.2653100,0.2640500,0.2641100,712305,1790781239999,188458.0393900,2846,405056,107208.9229400,0
1790781240000,0.2641100,0.2649600,0.2639300,0.2645600,933729,1790781299999,246807.6793100,3150,474185,125372.9353800,0
1790781300000,0.2645600,0.2645600,0.2633700,0.2635600,932796,1790781359999,246038.7539000,3197,415701,109636.9758900,0
1790781360000,0.2635500,0.2641000,0.2632400,0.2639200,818075,1790781419999,215633.4258300,2713,418317,110275.3205200,0
1790781420000,0.2639200,0.2639200,0.2627600,0.2627600,1090204,1790781479999,286911.0769300,3103,335613,88363.8071400,0
1790781480000,0.2627600,0.2628300,0.2614700,0.2617200,3470433,1790781539999,908904.4487300,5144,980689,256958.6165800,0
1790781540000,0.2617600,0.2622100,0.2610900,0.2618700,3861027,1790781599999,1010089.9560600,5225,1755665,459386.2898800,0
1790781600000,0.2618600,0.2629200,0.2616200,0.2625900,1479774,1790781659999,388242.1247100,4441,936072,245623.2928300,0
1790781660000,0.2625800,0.2634300,0.2624400,0.2630200,687718,1790781719999,180805.4671500,2957,422520,111082.9653100,0
1790781720000,0.2630200,0.2648200,0.2629500,0.2637800,1093404,1790781779999,288841.2294300,3913,712186,188113.7657300,0
1790781780000,0.2637900,0.2642300,0.2633100,0.2633100,987260,1790781839999,260418.4010900,3065,339834,89649.7653700,0
1790781840000,0.2633300,0.2633700,0.2619200,0.2619200,861785,1790781899999,226344.4895200,2869,410160,107784.3954700,0
1790781900000,0.2619300,0.2621700,0.2603800,0.2611800,3811112,1790781959999,994953.9515400,5611,1341150,350191.8291400,0
1790781960000,0.2611800,0.2615100,0.2607700,0.2608600,1961881,1790782019999,512270.7542600,4713,941573,245876.3632800,0
1790782020000,0.2608500,0.2611300,0.2604600,0.2610500,1456271,1790782079999,379792.3817600,4366,810079,211286.3365600,0
1790782080000,0.2610400,0.2621400,0.2609700,0.2620700,1489964,1790782139999,389805.6053500,3610,943527,246846.2069200,0
1790782140000,0.2620700,0.2623100,0.2618400,0.2621300,629955,1790782199999,165067.7388200,2277,314409,82385.9421100,0
1790782200000,0.2621300,0.2641100,0.2620000,0.2641100,1655078,1790782259999,435314.0042000,4577,1231418,323949.1417700,0
1790782260000,0.2641100,0.2673100,0.2640500,0.2672100,2606400,1790782319999,693456.0274700,5049,1763381,469459.4602900,0
1790782320000,0.2672000,0.2676300,0.2662100,0.2673400,3366613,1790782379999,898544.6972000,6670,1796565,479458.4285600,0
1790782380000,0.2673200,0.2680600,0.2668700,0.2678200,3348499,1790782439999,895893.7471900,6516,2052211,549188.6134000,0
1790782440000,0.2678400,0.2688000,0.2676500,0.2685400,3734596,1790782499999,1001915.9690500,6693,2305449,618496.6272700,0
1790782500000,0.2685400,0.2689600,0.2677400,0.2679300,1986326,1790782559999,533342.0743800,4716,1168419,313847.9224900,0
1790782560000,0.2679300,0.2680000,0.2673600,0.2673700,1038435,1790782619999,277914.6094700,3455,460371,123213.6870300,0
1790782620000,0.2673700,0.2679400,0.2668500,0.2679000,1645444,1790782679999,439795.6743400,3828,1002101,267859.9080200,0
1790782680000,0.2679000,0.2684600,0.2673600,0.2674700,1202589,1790782739999,322141.0377200,4218,639808,171403.4802700,0
1790782740000,0.2674600,0.2679800,0.2671800,0.2678400,715794,1790782799999,191498.0435200,2967,429033,114777.4045300,0
1790782800000,0.2678400,0.2685300,0.2675200,0.2678500,1172052,1790782859999,314128.9484600,3718,607346,162731.3923000,0
1790782860000,0.2678300,0.2680200,0.2664000,0.2666600,1295902,1790782919999,346177.7086200,3509,260061,69517.5043400,0
1790782920000,0.2666700,0.2673100,0.2663300,0.2671900,846082,1790782979999,225706.3681100,2592,594688,158646.0456400,0
1790782980000,0.2671900,0.2672400,0.2665500,0.2666200,656030,1790783039999,175050.1220600,2064,226877,60534.4302400,0
1790783040000,0.2666000,0.2669600,0.2661600,0.2666300,812290,1790783099999,216500.9548600,2464,308664,82277.6700100,0
1790783100000,0.2666300,0.2675100,0.2663400,0.2674000,692950,1790783159999,184976.0258700,2878,506645,135251.1334700,0
1790783160000,0.2674100,0.2684800,0.2673100,0.2684800,1407693,1790783219999,377005.5597500,3359,756318,202605.5815400,0
1790783220000,0.2684900,0.2692100,0.2684900,0.2690100,1559194,1790783279999,419282.4812000,3167,846400,227581.7215400,0
1790783280000,0.2690100,0.2706900,0.2690000,0.2706900,2380874,1790783339999,642801.8748200,4155,1524223,411421.1858600,0
1790783340000,0.2706700,0.2718600,0.2706000,0.2713400,3993193,1790783399999,1082787.4200100,5379,2298013,622939.7713900,0
1790783400000,0.2713500,0.2714500,0.2704200,0.2708400,1414059,1790783459999,383032.5845800,3462,742318,201103.0911100,0
1790783460000,0.2708500,0.2711400,0.2698200,0.2701800,1371048,1790783519999,370740.5238200,3739,725851,196231.8581100,0
1790783520000,0.2701900,0.2705600,0.2697100,0.2697600,832429,1790783579999,224947.7268100,2808,501579,135552.6394300,0
1790783580000,0.2697600,0.2700600,0.2693800,0.2695100,739603,1790783639999,199480.8230000,2153,309628,83530.8226200,0
1790783640000,0.2695000,0.2696100,0.2685600,0.2686000,1567314,1790783699999,421838.4199400,3779,561672,151167.0042200,0
1790783700000,0.2686000,0.2689100,0.2683800,0.2687800,1077668,1790783759999,289468.8999500,2698,398667,107099.2856400,0
1790783760000,0.2687900,0.2696700,0.2687500,0.2691100,920226,1790783819999,247821.0026200,2308,335576,90349.6766000,0
1790783820000,0.2691100,0.2698100,0.2688500,0.2694600,1005101,1790783879999,270807.2538500,2542,663380,178750.6024300,0
1790783880000,0.2694500,0.2695100,0.2687000,0.2688600,985370,1790783939999,265171.6683600,2673,477224,128430.1877600,0
1790783940000,0.2688500,0.2692400,0.2685100,0.2692400,789526,1790783999999,212297.9280500,2256,395381,106330.9728200,0
1790784000000,0.2692400,0.2696800,0.2684800,0.2689400,1479862,1790784059999,398260.7978100,4281,639901,172272.8439200,0
1790784060000,0.2689400,0.2699100,0.2684900,0.2691500,2941587,1790784119999,791296.3792500,4684,1146429,308434.6627600,0
1790784120000,0.2691600,0.2705500,0.2690800,0.2698400,1577152,1790784179999,425556.9699300,4409,752241,202989.6725800,0
1790784180000,0.2698300,0.2701600,0.2690200,0.2698800,812677,1790784239999,219110.6365800,3223,517171,139442.1524200,0
1790784240000,0.2698700,0.2702700,0.2692500,0.2697300,1335919,1790784299999,360278.2060300,3420,483627,130502.1033100,0
1790784300000,0.2697400,0.2709900,0.2695400,0.2707300,2044176,1790784359999,552363.5181700,4298,1480831,400101.9579200,0
1790784360000,0.2707200,0.2719900,0.2705800,0.2715400,4935300,1790784419999,1340188.9438200,5507,3984647,1082080.3988000,0
1790784420000,0.2715300,0.2719300,0.2711600,0.2713900,1405902,1790784479999,381631.5134700,3643,816316,221590.9754600,0
1790784480000,0.2714000,0.2719500,0.2710400,0.2719400,1424360,1790784539999,386683.6707500,3529,877173,238144.4258000,0
1790784540000,0.2719400,0.2721300,0.2715800,0.2720000,1079760,1790784599999,293526.4165900,2587,456668,124163.9463200,0
1790784600000,0.2720100,0.2729000,0.2717800,0.2729000,1780975,1790784659999,485162.0228500,4078,990817,269915.7772600,0
1790784660000,0.2729000,0.2736100,0.2727200,0.2734400,2993514,1790784719999,817704.4748300,4479,1938869,529644.9507200,0
1790784720000,0.2734300,0.2734300,0.2723600,0.2730000,1159092,1790784779999,316365.5445900,3113,473311,129211.3931000,0
1790784780000,0.2729900,0.2739600,0.2722800,0.2736900,1821175,1790784839999,497434.7743200,3878,1023900,279778.3838100,0
1790784840000,0.2736900,0.2741900,0.2735200,0.2736100,1915031,1790784899999,524586.6825800,2906,840173,230149.3587600,0
1790784900000,0.2736000,0.2738700,0.2728100,0.2737600,2007766,1790784959999,549000.8309500,3655,867428,237215.4787900,0
1790784960000,0.2738300,0.2743800,0.2735000,0.2742500,1428266,1790785019999,391150.7864700,2732,672688,184299.7322800,0
1790785020000,0.2742500,0.2743000,0.2730200,0.2730300,1140049,1790785079999,312038.8000700,2962,365191,99934.7126100,0
1790785080000,0.2730300,0.2731800,0.2717000,0.2723200,2776926,1790785139999,756479.3552000,4446,826628,225300.0393100,0
1790785140000,0.2723200,0.2728200,0.2723000,0.2724800,625054,1790785199999,170304.2884700,2295,245240,66824.8575900,0
1790785200000,0.2724800,0.2741900,0.2722700,0.2739900,3013118,1790785259999,823367.6653500,5089,2443046,667497.7096100,0
1790785260000,0.2739800,0.2742300,0.2732200,0.2732700,1111661,1790785319999,304184.8529500,3144,343937,94164.9636200,0
1790785320000,0.2732400,0.2737600,0.2728500,0.2730300,2165236,1790785379999,591649.9263100,2644,1061057,289990.5551700,0
1790785380000,0.2730300,0.2736200,0.2729200,0.2730300,596890,1790785439999,163098.9517800,2013,194401,53120.3452500,0
1790785440000,0.2730200,0.2733000,0.2724400,0.2727600,1635010,1790785499999,446015.4413600,2773,283799,77434.6981900,0
1790785500000,0.2727600,0.2734000,0.2727400,0.2728500,476388,1790785559999,130084.0595200,1994,270015,73739.2877700,0
1790785560000,0.2728600,0.2731000,0.2716500,0.2722900,1111535,1790785619999,302578.7591300,2926,493005,134182.4605800,0
1790785620000,0.2722900,0.2725600,0.2716900,0.2721800,1956317,1790785679999,532149.1911500,2838,1223286,332737.5744100,0
1790785680000,0.2721800,0.2724600,0.2720400,0.2722000,529634,1790785739999,144183.5085600,1849,261991,71326.7865600,0
1790785740000,0.2721900,0.2722300,0.2715200,0.2721000,1743444,1790785799999,473950.1491000,3124,444644,120894.2421300,0
1790785800000,0.2721000,0.2729300,0.2716200,0.2716300,744943,1790785859999,202822.3814200,2987,370834,101006.4995000,0
1790785860000,0.2716900,0.2724200,0.2715100,0.2716400,871273,1790785919999,236993.2677300,2720,446540,121437.1044100,0
1790785920000,0.2716400,0.2717200,0.2703900,0.2707800,1605251,1790785979999,434840.8652400,3632,457689,124018.8443600,0
1790785980000,0.2708000,0.2713000,0.2705000,0.2708800,4670598,1790786039999,1265131.8662500,3337,3960604,1072872.9247400,0
1790786040000,0.2708900,0.2716700,0.2706700,0.2711700,508168,1790786099999,137801.5027400,2177,301689,81810.4977900,0
1790786100000,0.2711600,0.2719200,0.2708200,0.2717500,826777,1790786159999,224346.1649800,2385,427002,115888.2893100,0
1790786160000,0.2717400,0.2719600,0.2714300,0.2717400,533698,1790786219999,145018.1432200,1667,273569,74335.9391400,0
1790786220000,0.2717300,0.2731900,0.2714600,0.2726400,1245753,1790786279999,339535.0672400,3096,730307,199091.2876200,0
1790786280000,0.2726300,0.2731300,0.2724900,0.2725600,966455,1790786339999,263542.7107700,2140,519917,141789.2951500,0
1790786340000,0.2725600,0.2732100,0.2719500,0.2727400,971677,1790786399999,264974.7269000,3037,450899,122985.2253400,0
1790786400000,0.2727400,0.2734300,0.2725700,0.2727200,603515,1790786459999,164789.5379700,2240,349308,95379.9417700,0
1790786460000,0.2727200,0.2737400,0.2726200,0.2733700,865224,1790786519999,236474.2962600,2786,431117,117819.4216700,0
1790786520000,0.2733800,0.2735500,0.2729700,0.2731000,537823,1790786579999,146932.8176900,1890,198449,54212.1000100,0
1790786580000,0.2731000,0.2742900,0.2729300,0.2739800,1329082,1790786639999,363719.6401300,2781,919884,251810.4329800,0
1790786640000,0.2739700,0.2743700,0.2738300,0.2742300,1471241,1790786699999,403279.9544400,2680,829906,227495.9113500,0
1790786700000,0.2742300,0.2745000,0.2734200,0.2744900,1734141,1790786759999,475170.7228300,3447,551283,151079.8300200,0
1790786760000,0.2744800,0.2747500,0.2737600,0.2744100,1574732,1790786819999,431880.6014700,2741,752639,206431.4780200,0
1790786820000,0.2744100,0.2755200,0.2743700,0.2753100,1867177,1790786879999,513446.0604300,3760,1248163,343259.6076700,0
1790786880000,0.2753100,0.2753100,0.2744200,0.2744600,1017682,1790786939999,279714.5336000,2716,292761,80472.4362900,0
1790786940000,0.2744600,0.2751100,0.2740900,0.2744600,931165,1790786999999,255657.1050300,2576,277186,76115.1303900,0
1790787000000,0.2744700,0.2745000,0.2739500,0.2741000,850332,1790787059999,233155.3518700,2107,411380,112792.6973200,0
1790787060000,0.2740900,0.2742800,0.2736300,0.2737300,553822,1790787119999,151712.3740800,1694,222810,61038.7361300,0
1790787120000,0.2737200,0.2740100,0.2729600,0.2730100,858721,1790787179999,234929.1469200,2114,265494,72661.2331800,0
1790787180000,0.2730000,0.2731300,0.2725700,0.2727500,758950,1790787239999,207057.0740000,2001,305829,83444.5887300,0
1790787240000,0.2727400,0.2732200,0.2725900,0.2727800,747249,1790787299999,203920.4007400,1879,444026,121186.2248800,0
1790787300000,0.2727600,0.2729300,0.2720600,0.2723000,653573,1790787359999,178128.0406000,1878,171746,46819.2198400,0
1790787360000,0.2722900,0.2726600,0.2720700,0.2722400,636148,1790787419999,173208.7918600,1878,196532,53513.7127800,0
1790787420000,0.2722400,0.2728100,0.2721000,0.2726800,770921,1790787479999,209941.1122300,1570,605788,164962.9318200,0
1790787480000,0.2726700,0.2728000,0.2722400,0.2722400,412700,1790787539999,112474.6668900,1723,207858,56650.2703000,0
1790787540000,0.2722300,0.2723800,0.2714400,0.2716600,2010081,1790787599999,546102.5418600,2037,1061045,288162.9232700,0
1790787600000,0.2716700,0.2717100,0.2703200,0.2704400,1841042,1790787659999,498706.7230400,4139,662215,179376.0312900,0
1790787660000,0.2704400,0.2704400,0.2690000,0.2690000,4820859,1790787719999,1300716.2268200,5930,1488146,401660.1467700,0
1790787720000,0.2690000,0.2697600,0.2684200,0.2690200,3238015,1790787779999,871256.7223600,5635,1637028,440571.9129800,0
1790787780000,0.2690100,0.2693000,0.2687300,0.2692600,1015096,1790787839999,273081.6761200,2862,446103,120040.5713100,0
1790787840000,0.2692500,0.2696600,0.2684100,0.2684100,876042,1790787899999,235800.9509900,2102,356171,95899.4249700,0
1790787900000,0.2684100,0.2687500,0.2678500,0.2685800,2574660,1790787959999,690442.8990200,4881,1390883,373046.8596900,0
1790787960000,0.2685700,0.2690900,0.2683500,0.2688000,911181,1790788019999,244846.3240300,2578,600173,161277.0243100,0
1790788020000,0.2687900,0.2703200,0.2687900,0.2703200,1973410,1790788079999,532386.6109900,3779,1457449,393183.1003500,0
1790788080000,0.2703200,0.2715200,0.2702200,0.2712500,1542514,1790788139999,417949.5120100,3325,1090168,295363.3237200,0
1790788140000,0.2712400,0.2712400,0.2697700,0.2700800,1003303,1790788199999,271358.6247900,2753,352113,95175.2499000,0
1790788200000,0.2700800,0.2702200,0.2698500,0.2700300,474461,1790788259999,128118.7696000,1843,224140,60524.5037700,0
1790788260000,0.2700300,0.2703500,0.2695100,0.2695100,507953,1790788319999,137139.8673100,2133,274455,74102.1007700,0
1790788320000,0.2695000,0.2696700,0.2692200,0.2694700,538030,1790788379999,144973.6331200,2158,315804,85096.5743900,0
1790788380000,0.2694600,0.2700800,0.2694300,0.2699700,662455,1790788439999,178684.5695400,1601,397822,107324.7382100,0
1790788440000,0.2699600,0.2705000,0.2699300,0.2699400,326185,1790788499999,88145.7453700,1281,163558,44196.2053300,0
1790788500000,0.2699300,0.2699300,0.2682200,0.2683300,1918063,1790788559999,515614.8190300,3871,495311,133106.7708300,0
1790788560000,0.2683200,0.2691600,0.2682100,0.2689800,1862990,1790788619999,500477.4715600,3429,798378,214563.1166200,0
1790788620000,0.2689800,0.2691700,0.2684500,0.2690500,729422,1790788679999,196079.1119600,2511,355363,95540.2318900,0
1790788680000,0.2690600,0.2695900,0.2690000,0.2695100,822967,1790788739999,221669.5070500,2663,464570,125125.4454500,0
1790788740000,0.2695000,0.2697000,0.2692000,0.2692000,383109,1790788799999,103237.9215200,1488,159618,43015.3976900,0
1790788800000,0.2692000,0.2692100,0.2684000,0.2691400,939268,1790788859999,252445.9988300,2634,369244,99270.9368300,0
1790788860000,0.2691400,0.2696500,0.2690200,0.2695300,555980,1790788919999,149757.3857600,1832,367457,98977.1651700,0
1790788920000,0.2695300,0.2697300,0.2682700,0.2682700,717720,1790788979999,193057.2221400,2250,301154,81029.1901000,0
1790788980000,0.2682700,0.2685500,0.2679100,0.2683400,933149,1790789039999,250250.7768300,2488,403404,108222.2796400,0
1790789040000,0.2683500,0.2687300,0.2683500,0.2685200,543286,1790789099999,145889.6506600,1899,319786,85868.0375700,0
1790789100000,0.2685300,0.2686900,0.2681900,0.2682800,563580,1790789159999,151278.5153500,1861,250768,67311.9039500,0
1790789160000,0.2683000,0.2684600,0.2678100,0.2678700,908484,1790789219999,243574.0604100,2308,302101,81018.8703000,0
1790789220000,0.2678700,0.2688000,0.2676200,0.2687200,923110,1790789279999,247639.3139600,2456,496255,133142.5597400,0
1790789280000,0.2687200,0.2689900,0.2685000,0.2685500,759234,1790789339999,204060.5163500,1631,604587,162499.6025400,0
1790789340000,0.2685500,0.2699700,0.2685500,0.2699400,386854,1790789399999,104268.9293400,1461,274836,74050.7188400,0
1790789400000,0.2699400,0.2700000,0.2693000,0.2695400,818231,1790789459999,220656.7741000,2261,347420,93687.6986200,0
1790789460000,0.2695500,0.2698200,0.2690800,0.2692900,860144,1790789519999,231730.9069100,2659,414533,111706.2035100,0
1790789520000,0.2693000,0.2700700,0.2691900,0.2692400,1021435,1790789579999,275462.9965800,2428,659594,177908.4609500,0
1790789580000,0.2692400,0.2694000,0.2689900,0.2691100,550993,1790789639999,148296.6615600,1971,269315,72488.5059600,0
1790789640000,0.2691100,0.2691800,0.2671200,0.2672400,3831381,1790789699999,1026256.1343400,6410,1049495,281292.3051800,0
1790789700000,0.2672300,0.2675400,0.2669800,0.2671500,1222743,1790789759999,326647.2239700,2700,656778,175479.3021900,0
1790789760000,0.2671500,0.2680200,0.2670600,0.2670600,1305392,1790789819999,349298.2512400,3273,734265,196459.3642800,0
1790789820000,0.2670600,0.2673600,0.2661800,0.2665800,1823034,1790789879999,486250.0398500,4238,700875,186979.3820800,0
1790789880000,0.2665900,0.2674400,0.2663800,0.2673700,792667,1790789939999,211559.7537900,2624,485365,129540.6737200,0
1790789940000,0.2673800,0.2679400,0.2667300,0.2667900,600389,1790789999999,160590.1123600,2062,414170,110813.9920000,0
1790790000000,0.2667900,0.2669300,0.2665200,0.2668200,517553,1790790059999,138034.4222000,1580,274501,73211.4604600,0
1790790060000,0.2668200,0.2670900,0.2665700,0.2665800,311281,1790790119999,83051.7165900,1241,168531,44959.8164700,0
1790790120000,0.2665800,0.2668400,0.2661800,0.2665100,856104,1790790179999,228083.7253800,2016,286098,76244.5860200,0
1790790180000,0.2665200,0.2671900,0.2665200,0.2669400,616779,1790790239999,164651.8015400,1496,381237,101757.0397500,0
1790790240000,0.2669400,0.2669900,0.2667100,0.2668500,278116,1790790299999,74214.0177900,1066,152243,40623.2421900,0
1790790300000,0.2668500,0.2673100,0.2665800,0.2672100,884783,1790790359999,236276.4309700,2070,289897,77414.4214300,0
1790790360000,0.2672200,0.2677500,0.2671500,0.2676400,1418890,1790790419999,379407.6154600,1930,847042,226441.3516200,0
1790790420000,0.2676400,0.2686000,0.2675000,0.2675100,1234255,1790790479999,330790.4989400,2574,801248,214782.6549600,0
1790790480000,0.2675000,0.2681400,0.2670000,0.2680200,478372,1790790539999,127949.7001000,1828,296091,79208.7837900,0
1790790540000,0.2680200,0.2686400,0.2680200,0.2682900,467943,1790790599999,125582.7618200,1687,269604,72347.9041600,0
1790790600000,0.2682900,0.2689000,0.2678500,0.2682200,658300,1790790659999,176709.0033800,2112,289570,77725.8368900,0
1790790660000,0.2682100,0.2682100,0.2669700,0.2670100,352215,1790790719999,94250.3956400,1661,138320,37011.7779700,0
1790790720000,0.2670000,0.2670600,0.2662000,0.2662200,504677,1790790779999,134595.6377700,1762,283487,75605.5032500,0
1790790780000,0.2662200,0.2662600,0.2655900,0.2657200,865825,1790790839999,230261.1620600,2367,266349,70828.9535900,0
1790790840000,0.2657100,0.2662000,0.2652000,0.2656400,1601372,1790790899999,425344.6731100,2142,639941,170070.5126800,0
1790790900000,0.2656500,0.2657700,0.2650200,0.2656000,1468975,1790790959999,389787.9823800,2745,449028,119163.5590100,0
1790790960000,0.2655900,0.2657400,0.2654800,0.2656100,331369,1790791019999,88015.9941800,1088,153995,40903.7906600,0
1790791020000,0.2656100,0.2658400,0.2656000,0.2657000,317172,1790791079999,84281.5474500,883,206318,54826.6624900,0
1790791080000,0.2657000,0.2663100,0.2656500,0.2662900,446901,1790791139999,118899.7485100,1090,329303,87614.9164700,0
1790791140000,0.2662900,0.2663100,0.2659200,0.2659800,285572,1790791199999,75989.2520100,863,102375,27240.2849300,0
1790791200000,0.2659900,0.2670400,0.2659900,0.2662200,1117868,1790791259999,297925.0086400,2772,466382,124287.5268100,0
1790791260000,0.2662200,0.2662700,0.2652300,0.2654300,818761,1790791319999,217548.5933200,1963,245979,65369.1315400,0
1790791320000,0.2654300,0.2657800,0.2651100,0.2652200,828857,1790791379999,219926.1573800,2196,377938,100284.6257600,0
1790791380000,0.2652100,0.2656700,0.2650000,0.2651200,1080168,1790791439999,286429.1471900,2509,327441,86868.7398300,0
1790791440000,0.2651200,0.2657700,0.2649200,0.2654400,1167110,1790791499999,309692.5537600,2014,683748,181448.2211800,0
1790791500000,0.2654300,0.2654300,0.2641200,0.2641200,1064249,1790791559999,281582.4959100,2962,414079,109549.0548900,0
1790791560000,0.2641300,0.2641300,0.2630100,0.2631200,3036115,1790791619999,799901.1282700,4495,859291,226306.1978100,0
1790791620000,0.2631100,0.2631100,0.2622600,0.2629400,2965605,1790791679999,778933.6762000,4536,835883,219639.2183000,0
1790791680000,0.2629100,0.2638100,0.2629100,0.2637600,1327215,1790791739999,349477.9222500,2539,928151,244416.7612400,0
1790791740000,0.2637500,0.2647800,0.2633600,0.2647800,1280600,1790791799999,338270.5363200,2707,959034,253385.9083300,0
1790791800000,0.2647700,0.2651800,0.2643600,0.2644000,1237500,1790791859999,327543.8299300,3099,712595,188610.1955300,0
1790791860000,0.2644100,0.2646600,0.2643700,0.2643700,709725,1790791919999,187723.6669200,1928,200011,52897.9965800,0
1790791920000,0.2643700,0.2646100,0.2642300,0.2643500,350706,1790791979999,92732.6074800,1287,167166,44198.3457800,0
1790791980000,0.2643500,0.2643800,0.2636900,0.2637100,317082,1790792039999,83678.7856600,1033,139637,36845.1712100,0
1790792040000,0.2637100,0.2638900,0.2633000,0.2633000,471126,1790792099999,124216.6305600,1226,187612,49476.2477000,0
1790792100000,0.2633000,0.2639900,0.2630200,0.2634600,1126817,1790792159999,296856.3030500,2808,673059,177301.9240300,0
1790792160000,0.2634600,0.2638700,0.2631200,0.2631800,464127,1790792219999,122301.2709500,1530,253694,66862.1435800,0
1790792220000,0.2631900,0.2633800,0.2629400,0.2630700,682948,1790792279999,179724.0908900,1751,322938,84991.5038700,0
1790792280000,0.2630600,0.2638300,0.2629400,0.2637700,696148,1790792339999,183428.0362000,1882,429326,113124.8347100,0
1790792340000,0.2637700,0.2637800,0.2632700,0.2635600,1416642,1790792399999,373337.3255900,2884,473128,124684.8421500,0
1790792400000,0.2635700,0.2636700,0.2631400,0.2634600,647517,1790792459999,170561.5245600,1483,381398,100460.0713200,0
1790792460000,0.2634500,0.2634500,0.2627300,0.2629200,632078,1790792519999,166236.8884800,1926,271674,71459.0113800,0
1790792520000,0.2629000,0.2631800,0.2627200,0.2631100,635224,1790792579999,167019.7451700,1502,455559,119775.9146500,0
1790792580000,0.2631100,0.2631100,0.2626300,0.2626800,616705,1790792639999,162113.0391300,1399,391114,102812.7406700,0
1790792640000,0.2626800,0.2630600,0.2624000,0.2627200,530248,1790792699999,139300.2871100,1371,230871,60648.3241000,0
1790792700000,0.2627200,0.2628900,0.2625900,0.2626200,296543,1790792759999,77916.2675400,1068,174530,45856.0209000,0
1790792760000,0.2626300,0.2631800,0.2624200,0.2629800,583388,1790792819999,153284.9789500,1871,332558,87372.6848500,0
1790792820000,0.2629800,0.2634000,0.2629400,0.2631600,326221,1790792879999,85860.5746700,1268,205094,53982.4191300,0
1790792880000,0.2631700,0.2635100,0.2630600,0.2634800,719777,1790792939999,189479.2217800,1700,383163,100871.8471800,0
1790792940000,0.2634900,0.2639400,0.2634600,0.2639400,342245,1790792999999,90216.0639700,1143,219715,57918.5889400,0
1790793000000,0.2639400,0.2643600,0.2638900,0.2641900,1091229,1790793059999,288187.6376600,2189,570459,150680.7702300,0
1790793060000,0.2641900,0.2643400,0.2633200,0.2634400,518900,1790793119999,136900.4124800,1589,283000,74687.4285400,0
1790793120000,0.2634400,0.2634400,0.2628200,0.2633600,645304,1790793179999,169821.0697000,1906,390298,102703.3407500,0
1790793180000,0.2633600,0.2641500,0.2632800,0.2636400,1151792,1790793239999,303724.6100600,2936,873944,230464.3810700,0
1790793240000,0.2636500,0.2644400,0.2635200,0.2642100,1248201,1790793299999,329536.9183500,2423,946267,249872.9188600,0
1790793300000,0.2642000,0.2644600,0.2638300,0.2638900,1107060,1790793359999,292494.4942000,2293,613187,162021.8268200,0
1790793360000,0.2638900,0.2639800,0.2634800,0.2636200,606870,1790793419999,160034.8800000,1834,325960,85962.3540300,0
1790793420000,0.2636200,0.2638300,0.2634300,0.2635400,621727,1790793479999,163871.4991000,1368,286260,75456.0487800,0
1790793480000,0.2635500,0.2637300,0.2634100,0.2637300,328430,1790793539999,86557.2617100,1088,181914,47945.9409900,0
1790793540000,0.2637300,0.2639400,0.2634900,0.2635000,524850,1790793599999,138381.0358900,1296,301937,79615.2264500,0
1790793600000,0.2635000,0.2638600,0.2633100,0.2636400,871667,1790793659999,229796.8546900,1476,493969,130250.1128500,0
1790793660000,0.2636400,0.2637000,0.2634700,0.2635200,296638,1790793719999,78194.4078400,892,154330,40682.4757300,0
1790793720000,0.2635200,0.2637300,0.2634600,0.2637200,400424,1790793779999,105527.5838400,882,262044,69058.9004700,0
1790793780000,0.2637300,0.2641900,0.2637300,0.2639500,418026,1790793839999,110331.4553800,1093,204809,54052.5578900,0
1790793840000,0.2639500,0.2641600,0.2635600,0.2637800,269638,1790793899999,71128.0121400,832,153183,40403.9934200,0
1790793900000,0.2637700,0.2638800,0.2633100,0.2635200,480863,1790793959999,126728.3238800,1216,149562,39427.7920900,0
1790793960000,0.2635100,0.2635300,0.2620100,0.2623800,1588550,1790794019999,417278.8890400,3410,459438,120639.2053400,0
1790794020000,0.2623700,0.2628000,0.2618400,0.2622800,1926028,1790794079999,504947.6893000,2586,535288,140389.5924600,0
1790794080000,0.2622700,0.2624500,0.2609700,0.2610400,1883354,1790794139999,492444.0972700,3640,417986,109309.2624300,0
1790794140000,0.2610400,0.2615600,0.2607200,0.2612700,1039451,1790794199999,271391.2672600,2396,617980,161377.1833000,0
1790794200000,0.2612000,0.2625400,0.2611800,0.2621100,846594,1790794259999,221729.2483400,2599,456564,119576.5550700,0
1790794260000,0.2621200,0.2621600,0.2615000,0.2617600,605292,1790794319999,158527.4046600,1687,360186,94344.1468500,0
1790794320000,0.2617600,0.2629600,0.2615500,0.2625600,965572,1790794379999,253455.0421500,2176,690914,181369.8349700,0
1790794380000,0.2625300,0.2627900,0.2615700,0.2615700,547666,1790794439999,143628.7641900,1988,314924,82597.9220300,0
1790794440000,0.2615600,0.2624700,0.2615000,0.2621700,481781,1790794499999,126225.8691200,1265,291222,76289.6665800,0
1790794500000,0.2621600,0.2623300,0.2619400,0.2621700,354538,1790794559999,92926.1508400,1127,163526,42860.0526400,0
1790794560000,0.2621700,0.2625600,0.2619500,0.2625300,631998,1790794619999,165762.2428400,1565,490689,128698.7987500,0
1790794620000,0.2625400,0.2628000,0.2623500,0.2627200,281155,1790794679999,73838.2289800,1109,174548,45840.3243100,0
1790794680000,0.2627300,0.2635300,0.2626100,0.2633700,430278,1790794739999,113245.9466700,1384,373630,98339.7437400,0
1790794740000,0.2633700,0.2652300,0.2627000,0.2647500,3752655,1790794799999,990948.9269700,5372,3006918,794057.3453500,0
1790794800000,0.2647400,0.2651400,0.2637800,0.2637800,2018591,1790794859999,533688.7763700,4233,1044842,276315.8002700,0
1790794860000,0.2637800,0.2648000,0.2633600,0.2639400,2962276,1790794919999,782220.3575300,5327,1987749,524867.7926300,0
1790794920000,0.2639500,0.2656400,0.2636700,0.2655900,2204606,1790794979999,583221.1710300,4559,1341784,354952.8165900,0
1790794980000,0.2655900,0.2660300,0.2655800,0.2658700,1135730,1790795039999,301903.0145600,2874,576704,153307.5626700,0
1790795040000,0.2658700,0.2660600,0.2651600,0.2652400,735893,1790795099999,195467.3299700,1754,278118,73873.6792100,0
1790795100000,0.2652500,0.2661300,0.2652500,0.2659200,1093310,1790795159999,290517.0999000,2074,624510,165894.1597000,0
1790795160000,0.2659700,0.2660300,0.2655100,0.2657400,1001586,1790795219999,266158.5445100,2265,382461,101618.1656600,0
1790795220000,0.2657300,0.2668700,0.2656100,0.2663900,2522498,1790795279999,671571.5170200,3503,1749740,465978.5442200,0
1790795280000,0.2663700,0.2663700,0.2655700,0.2656300,603978,1790795339999,160628.0685300,1955,291200,77443.1412900,0
1790795340000,0.2656600,0.2657700,0.2653900,0.2655800,335211,1790795399999,89020.7428600,1181,147512,39174.1432400,0
1790795400000,0.2655900,0.2656800,0.2642900,0.2642900,797332,1790795459999,211206.7541500,2490,206595,54719.7675600,0
1790795460000,0.2643300,0.2645100,0.2639500,0.2639900,416070,1790795519999,109937.5657700,1384,222799,58870.4860800,0
1790795520000,0.2639900,0.2639900,0.2629500,0.2636700,1300190,1790795579999,342599.3173300,2716,421295,110991.0702700,0
1790795580000,0.2636800,0.2638700,0.2631400,0.2637100,984864,1790795639999,259606.3820000,2159,575811,151823.4459100,0
1790795640000,0.2637100,0.2637400,0.2631600,0.2636300,310569,1790795699999,81846.6346000,1251,105440,27787.5561100,0
1790795700000,0.2636200,0.2636200,0.2631700,0.2634600,324394,1790795759999,85442.8709000,1259,158640,41777.5663300,0
1790795760000,0.2634200,0.2644500,0.2633100,0.2640800,971123,1790795819999,256288.5099400,2134,411214,108478.3148100,0
1790795820000,0.2640900,0.2640900,0.2627200,0.2632200,1018943,1790795879999,268217.8870900,2571,299562,78879.5993900,0
1790795880000,0.2632200,0.2640000,0.2626600,0.2640000,829685,1790795939999,218562.4659100,2404,528768,139362.0026300,0
1790795940000,0.2640100,0.2647700,0.2638800,0.2643100,483796,1790795999999,127862.5150500,1548,296713,78427.3453600,0
1790796000000,0.2643100,0.2643200,0.2635900,0.2641200,479193,1790796059999,126475.4480400,2078,187096,49380.3304200,0
1790796060000,0.2641100,0.2652200,0.2639800,0.2647300,507458,1790796119999,134399.7605800,2078,232510,61570.3418400,0
1790796120000,0.2647300,0.2656800,0.2644400,0.2654700,1171458,1790796179999,310231.6182500,2581,814311,215611.9940600,0
1790796180000,0.2654600,0.2655900,0.2649500,0.2649500,578192,1790796239999,153385.8471300,1725,383740,101802.4716900,0
1790796240000,0.2649600,0.2650300,0.2642400,0.2644400,658911,1790796299999,174358.3046800,2088,216847,57376.2355400,0
1790796300000,0.2644300,0.2651800,0.2641800,0.2649400,482820,1790796359999,127830.3063900,2051,290849,77002.7142400,0
1790796360000,0.2649300,0.2656500,0.2643800,0.2646300,404616,1790796419999,107252.0422000,1726,169207,44850.0031800,0
1790796420000,0.2646300,0.2652000,0.2644900,0.2651400,258934,1790796479999,68589.7867100,1178,182463,48335.1478100,0
1790796480000,0.2651300,0.2654000,0.2648700,0.2652100,375604,1790796539999,99561.6106900,1235,112771,29895.1576900,0
1790796540000,0.2652100,0.2652200,0.2645700,0.2646500,155852,1790796599999,41262.8600200,753,72308,19142.2793700,0
1790796600000,0.2646500,0.2654700,0.2644100,0.2654700,490449,1790796659999,129914.6447200,1734,226542,60046.1825300,0
1790796660000,0.2654600,0.2659300,0.2650200,0.2652900,1373297,1790796719999,364429.1010500,2613,284970,75656.0012200,0
1790796720000,0.2652800,0.2656600,0.2649600,0.2656600,1078082,1790796779999,285780.4212500,1640,196048,52002.6951800,0
1790796780000,0.2656400,0.2660600,0.2652100,0.2656800,1647921,1790796839999,437810.1379100,2507,404309,107404.9501300,0
1790796840000,0.2656800,0.2660600,0.2654100,0.2659100,616755,1790796899999,163921.0054600,1928,357742,95096.2804400,0
1790796900000,0.2659100,0.2664500,0.2657200,0.2658700,635094,1790796959999,168996.3518100,2511,274962,73170.6591800,0
1790796960000,0.2658700,0.2664600,0.2658700,0.2659800,368144,1790797019999,97979.4357500,1382,221453,58935.8066600,0
1790797020000,0.2659700,0.2663900,0.2657400,0.2662300,509145,1790797079999,135453.6406500,2033,270513,71967.0963700,0
1790797080000,0.2662400,0.2669600,0.2661000,0.2665900,477416,1790797139999,127240.4690900,1753,223317,59502.2443100,0
1790797140000,0.2665900,0.2667200,0.2662500,0.2666800,519402,1790797199999,138413.7091600,2084,252278,67218.0066500,0
1790797200000,0.2666700,0.2668300,0.2662900,0.2665300,489750,1790797259999,130555.0070200,1659,357420,95285.4397900,0
1790797260000,0.2665400,0.2665600,0.2652900,0.2654000,1374246,1790797319999,365416.9940400,2783,245115,65166.5438100,0
1790797320000,0.2654000,0.2658800,0.2649600,0.2652300,711612,1790797379999,188808.2670400,2102,340630,90360.0052900,0
1790797380000,0.2652200,0.2652500,0.2648200,0.2650000,222018,1790797439999,58840.4445300,1140,139275,36911.3468100,0
1790797440000,0.2650000,0.2657600,0.2648900,0.2656000,970220,1790797499999,257606.1977300,1688,762090,202345.8763000,0
1790797500000,0.2656000,0.2656000,0.2651900,0.2654100,217045,1790797559999,57590.0094300,1081,95839,25427.7422000,0
1790797560000,0.2654000,0.2656800,0.2652100,0.2655800,222201,1790797619999,58978.8862700,1233,137813,36576.6468700,0
1790797620000,0.2655900,0.2661700,0.2647600,0.2650700,671359,1790797679999,178321.5050300,1886,206102,54722.1287700,0
1790797680000,0.2650700,0.2659400,0.2649200,0.2651500,810489,1790797739999,215136.8674900,2644,296730,78759.2029500,0
1790797740000,0.2651600,0.2653200,0.2641600,0.2644800,331256,1790797799999,87665.4920100,1821,75457,19968.2750800,0
1790797800000,0.2644500,0.2644800,0.2627100,0.2631700,3394115,1790797859999,894269.3911100,5097,987250,260104.3859100,0
1790797860000,0.2631600,0.2631600,0.2619900,0.2624500,3181162,1790797919999,834682.6714600,4193,1056680,277238.0763800,0
1790797920000,0.2624900,0.2632300,0.2623600,0.2631800,1474671,1790797979999,387519.4780300,2894,943371,247932.3421400,0
1790797980000,0.2631800,0.2641500,0.2629700,0.2633300,662909,1790798039999,174757.7513300,2378,352986,93049.6951800,0
1790798040000,0.2633300,0.2638700,0.2628400,0.2629600,621710,1790798099999,163681.9004600,2413,220906,58156.4636600,0
1790798100000,0.2629600,0.2644800,0.2624600,0.2644200,1951561,1790798159999,514644.0202500,3607,1624335,428468.7064200,0
1790798160000,0.2644300,0.2645400,0.2635400,0.2636700,1094026,1790798219999,288980.5525100,2396,415332,109771.7295100,0
1790798220000,0.2636600,0.2637200,0.2629100,0.2630700,1306796,1790798279999,344093.0671200,2897,445883,117409.1205100,0
1790798280000,0.2630700,0.2631400,0.2621200,0.2626300,922802,1790798339999,242158.6425800,2409,351497,92259.2909500,0
1790798340000,0.2626200,0.2630800,0.2625200,0.2628500,622905,1790798399999,163703.2181300,2267,380628,100028.6004900,0
1790798400000,0.2628400,0.2637700,0.2627800,0.2633900,1144423,1790798459999,301339.6009700,4069,586634,154461.6088900,0
1790798460000,0.2633800,0.2634500,0.2617300,0.2624400,2813307,1790798519999,738621.6305200,6495,1097867,288136.1537000,0
1790798520000,0.2624400,0.2624400,0.2614500,0.2619700,885741,1790798579999,231974.1545100,3209,461119,120780.0462700,0
1790798580000,0.2619700,0.2621300,0.2615600,0.2620000,1164175,1790798639999,304860.9112700,3340,558895,146365.3131400,0
1790798640000,0.2619900,0.2627300,0.2617000,0.2624200,658006,1790798699999,172582.3991000,2624,412405,108169.5492100,0
1790798700000,0.2624300,0.2634600,0.2623500,0.2628900,1331385,1790798759999,350004.2453900,3424,916686,241003.6748200,0
1790798760000,0.2628800,0.2631600,0.2621500,0.2629600,2281099,1790798819999,599010.9656400,3755,945895,248415.7728000,0
1790798820000,0.2629500,0.2633800,0.2625200,0.2628100,358965,1790798879999,94395.7771800,1956,244013,64164.1592300,0
1790798880000,0.2628200,0.2628400,0.2621100,0.2626300,1005034,1790798939999,263836.1523700,3306,465636,122228.2073900,0
1790798940000,0.2626300,0.2629200,0.2623500,0.2626500,683591,1790798999999,179515.8051800,1776,235410,61826.4030700,0
1790799000000,0.2626500,0.2628400,0.2624100,0.2628400,698638,1790799059999,183475.8603500,1777,272113,71466.9379100,0
1790799060000,0.2628400,0.2635100,0.2628400,0.2631900,506733,1790799119999,133403.0100200,1776,291636,76772.2743400,0
1790799120000,0.2631800,0.2638600,0.2629700,0.2638100,328562,1790799179999,86593.8560300,1332,249081,65651.0093300,0
1790799180000,0.2638100,0.2642000,0.2636100,0.2642000,438872,1790799239999,115808.5490800,1672,289892,76500.6755900,0
1790799240000,0.2642100,0.2650200,0.2642100,0.2648800,597010,1790799299999,158050.7802900,2028,431456,114231.4032900,0
1790799300000,0.2648900,0.2662000,0.2648700,0.2661200,1247532,1790799359999,331288.8430000,2693,897399,238264.5819400,0
1790799360000,0.2661000,0.2661000,0.2650500,0.2653300,1928901,1790799419999,512313.6911100,3243,787739,209210.5579400,0
1790799420000,0.2653400,0.2655400,0.2645500,0.2649900,590503,1790799479999,156427.3787300,2324,241764,64048.3466000,0
1790799480000,0.2649900,0.2650100,0.2635900,0.2636700,1665759,1790799539999,440153.5751300,3345,482578,127533.3861500,0
1790799540000,0.2636200,0.2641000,0.2632800,0.2638600,1551608,1790799599999,409186.5575300,2926,1072509,282850.6293300,0
1790799600000,0.2638500,0.2645800,0.2632000,0.2635300,813803,1790799659999,214689.7152500,2570,514684,135783.6311700,0
1790799660000,0.2635300,0.2640000,0.2632000,0.2636800,468050,1790799719999,123332.7754100,1872,204676,53940.7000600,0
1790799720000,0.2636900,0.2653000,0.2636900,0.2652200,1043536,1790799779999,276109.5845000,2566,772375,204308.1594300,0
1790799780000,0.2652200,0.2656100,0.2651700,0.2652800,632167,1790799839999,167771.7776900,1777,310891,82506.2821500,0
1790799840000,0.2652800,0.2655200,0.2648700,0.2649700,322055,1790799899999,85420.6462200,1288,132369,35117.1583200,0
1790799900000,0.2649700,0.2652900,0.2648900,0.2651700,307677,1790799959999,81555.7655800,1401,166404,44112.9048600,0
1790799960000,0.2651700,0.2655600,0.2646400,0.2652300,737146,1790800019999,195311.0250900,2027,309122,81911.7945000,0
1790800020000,0.2652400,0.2655100,0.2648700,0.2649500,509448,1790800079999,135086.5634500,1401,300859,79790.7837600,0
1790800080000,0.2649400,0.2652300,0.2644800,0.2651700,365790,1790800139999,96885.9728300,1203,239857,63540.4276500,0
1790800140000,0.2651700,0.2655800,0.2642100,0.2642300,345241,1790800199999,91430.2580500,1352,89740,23788.9350000,0
1790800200000,0.2642300,0.2642400,0.2629100,0.2629300,880453,1790800259999,231812.2195000,2446,237435,62512.5297500,0
1790800260000,0.2629200,0.2630600,0.2620600,0.2621800,967159,1790800319999,253852.4445500,2365,252859,66420.6816000,0
1790800320000,0.2621900,0.2622900,0.2616700,0.2621800,827634,1790800379999,216819.8461900,1950,353656,92653.0908100,0
1790800380000,0.2621900,0.2625500,0.2618400,0.2621900,827958,1790800439999,217064.4176000,1907,371128,97279.5167800,0
1790800440000,0.2621900,0.2629200,0.2621200,0.2624800,222689,1790800499999,58472.8234200,1468,120359,31605.3362500,0
1790800500000,0.2624700,0.2624900,0.2618000,0.2619900,958144,1790800559999,251144.5571100,2423,323357,84771.2172700,0
1790800560000,0.2619800,0.2629900,0.2619400,0.2626200,634485,1790800619999,166683.4970000,1701,532664,139942.8632500,0
1790800620000,0.2626100,0.2626600,0.2618000,0.2622900,1181936,1790800679999,310030.6423100,2540,449425,117933.2936900,0
1790800680000,0.2622900,0.2628900,0.2619200,0.2619800,502334,1790800739999,131847.9343400,1420,260350,68386.1642500,0
1790800740000,0.2619600,0.2630800,0.2619000,0.2628100,1208115,1790800799999,317466.0785500,2081,667873,175469.1652600,0
1790800800000,0.2628000,0.2628400,0.2619800,0.2623600,721752,1790800859999,189410.4838400,1684,253551,66513.0159100,0
1790800860000,0.2623600,0.2623600,0.2618300,0.2621100,202389,1790800919999,53037.2309900,1062,94462,24750.7345700,0
1790800920000,0.2621100,0.2623800,0.2619500,0.2623800,273233,1790800979999,71621.9112300,956,191879,50300.8183700,0
1790800980000,0.2623800,0.2632400,0.2621900,0.2630800,893962,1790801039999,234935.9407700,2228,608025,159765.9436200,0
1790801040000,0.2630800,0.2631900,0.2628400,0.2631900,620403,1790801099999,163163.9901400,1188,210110,55254.2512100,0
1790801100000,0.2631900,0.2635800,0.2629200,0.2635200,346134,1790801159999,91099.0251200,1271,188617,49649.9448200,0
1790801160000,0.2635200,0.2642300,0.2634200,0.2638700,659937,1790801219999,174068.5551900,2021,401417,105872.6210500,0
1790801220000,0.2638700,0.2641000,0.2635400,0.2637600,405915,1790801279999,107089.1460200,1245,204020,53820.2365200,0
1790801280000,0.2637500,0.2637900,0.2627100,0.2629800,687589,1790801339999,180939.9255900,1575,202719,53316.1955400,0
1790801340000,0.2629800,0.2630200,0.2624600,0.2626100,594203,1790801399999,156129.3292000,1286,132668,34866.4519100,0
1790801400000,0.2626100,0.2626100,0.2617500,0.2619100,609643,1790801459999,159801.2814300,1942,290247,76084.6597700,0
1790801460000,0.2619100,0.2624400,0.2616800,0.2619700,588484,1790801519999,154228.9065700,1839,325273,85262.3417800,0
1790801520000,0.2619800,0.2623500,0.2618000,0.2622100,732103,1790801579999,191866.2272000,1755,372341,97596.0944100,0
1790801580000,0.2622000,0.2622000,0.2619200,0.2619800,357199,1790801639999,93604.1666400,1233,122087,31993.1700200,0
1790801640000,0.2619800,0.2625600,0.2616200,0.2616300,584446,1790801699999,153163.5307700,1511,288783,75706.1252300,0
1790801700000,0.2616400,0.2616400,0.2608500,0.2611000,1191716,1790801759999,311296.5116500,2444,569251,148682.5493800,0
1790801760000,0.2611200,0.2613000,0.2604700,0.2607200,1112712,1790801819999,290267.7096500,2318,383772,100146.0118000,0
1790801820000,0.2607300,0.2610500,0.2602200,0.2610400,1460394,1790801879999,380502.6529900,2407,788781,205564.7432300,0
1790801880000,0.2610500,0.2625100,0.2609500,0.2623300,2506092,1790801939999,656358.5017300,2692,2199713,576070.0414400,0
1790801940000,0.2623200,0.2629200,0.2622000,0.2624400,1341541,1790801999999,352149.2678100,1387,240847,63238.8153400,0
1790802000000,0.2624500,0.2629700,0.2619700,0.2623000,888511,1790802059999,233162.1441500,2484,280232,73546.0170200,0
1790802060000,0.2623100,0.2624200,0.2619400,0.2622100,371818,1790802119999,97473.6585900,1398,230866,60522.1207600,0
1790802120000,0.2622100,0.2622600,0.2612500,0.2619400,1031522,1790802179999,269928.6030900,2148,745002,194943.1250800,0
1790802180000,0.2619400,0.2633900,0.2619400,0.2630000,507026,1790802239999,133317.8234900,1786,312792,82221.2641000,0
1790802240000,0.2629900,0.2633000,0.2629400,0.2629600,592617,1790802299999,155911.0229900,1213,125180,32932.1875400,0
1790802300000,0.2629500,0.2629900,0.2626000,0.2626100,233256,1790802359999,61311.3168700,1097,81938,21538.5977700,0
1790802360000,0.2626000,0.2629200,0.2623600,0.2625500,284763,1790802419999,74792.1833000,1539,129882,34107.8676400,0
1790802420000,0.2625600,0.2626000,0.2619700,0.2621500,193512,1790802479999,50748.8101800,963,69068,18106.3891900,0
1790802480000,0.2621400,0.2622100,0.2615200,0.2615200,363714,1790802539999,95266.0283000,1732,140795,36876.4121500,0
1790802540000,0.2615300,0.2616300,0.2609600,0.2611400,494987,1790802599999,129338.6465700,1625,268261,70089.7191000,0
1790802600000,0.2611500,0.2614100,0.2610800,0.2611700,580085,1790802659999,151531.4821000,1250,251511,65703.8371200,0
1790802660000,0.2611500,0.2614900,0.2603800,0.2609600,1350158,1790802719999,352393.6166200,2364,329183,85918.2839500,0
1790802720000,0.2609400,0.2612800,0.2607500,0.2611000,562206,1790802779999,146728.1730000,1415,287347,75000.0646500,0
1790802780000,0.2611000,0.2613000,0.2608000,0.2608600,410487,1790802839999,107152.8446200,1244,202082,52751.5536000,0
1790802840000,0.2608800,0.2613200,0.2606700,0.2611700,297537,1790802899999,77663.0330300,884,239921,62624.7941200,0
1790802900000,0.2611600,0.2613500,0.2609000,0.2609900,160973,1790802959999,42030.9586300,669,68782,17959.2892400,0
1790802960000,0.2609800,0.2614200,0.2608500,0.2609300,573932,1790803019999,149858.3541200,1402,277970,72592.5441400,0
1790803020000,0.2609400,0.2615300,0.2607300,0.2614000,334023,1790803079999,87198.2487500,1347,202323,52815.9993800,0
1790803080000,0.2613400,0.2617100,0.2612100,0.2614500,230461,1790803139999,60261.5412500,794,89791,23477.8052400,0
1790803140000,0.2614600,0.2618500,0.2612300,0.2615800,209925,1790803199999,54892.0493200,974,117540,30733.1150000,0
1790803200000,0.2615800,0.2619400,0.2612400,0.2619400,158647,1790803259999,41495.9233500,779,76067,19901.0255400,0
1790803260000,0.2619400,0.2620500,0.2613400,0.2613400,180072,1790803319999,47132.3660500,691,60459,15823.9559100,0
1790803320000,0.2613300,0.2616700,0.2612600,0.2616700,132965,1790803379999,34760.0059600,604,67394,17618.6897300,0
1790803380000,0.2616800,0.2616800,0.2611300,0.2611300,202571,1790803439999,52943.8311400,503,51066,13354.1822400,0
1790803440000,0.2611300,0.2612600,0.2585000,0.2593300,7904168,1790803499999,2050515.6245200,5886,1819160,472095.1900900,0
1790803500000,0.2593400,0.2596700,0.2589700,0.2595000,994588,1790803559999,257973.7725500,1873,479175,124341.5493100,0
1790803560000,0.2594900,0.2599100,0.2594900,0.2598300,576337,1790803619999,149687.5807900,1033,331815,86182.6992700,0
1790803620000,0.2598700,0.2600000,0.2596100,0.2597100,503014,1790803679999,130733.4635000,808,370502,96301.9848700,0
1790803680000,0.2597100,0.2597100,0.2592000,0.2597000,791226,1790803739999,205247.8707300,1024,215781,56006.9746900,0
1790803740000,0.2597100,0.2598300,0.2594400,0.2595000,488662,1790803799999,126890.4222600,875,234042,60785.7072800,0
1790803800000,0.2595000,0.2595700,0.2588000,0.2594000,1813045,1790803859999,469855.2366600,1908,422457,109515.0815900,0
1790803860000,0.2594200,0.2595000,0.2589500,0.2593400,606596,1790803919999,157285.3794100,1135,363984,94371.8958500,0
1790803920000,0.2593400,0.2594500,0.2590600,0.2590900,309884,1790803979999,80335.4262100,979,175126,45396.2547500,0
1790803980000,0.2591000,0.2595900,0.2588500,0.2594600,912369,1790804039999,236418.2733700,1942,361193,93637.4114800,0
1790804040000,0.2594600,0.2597000,0.2592300,0.2594200,287527,1790804099999,74603.9955100,830,135027,35035.3171700,0
1790804100000,0.2594200,0.2595500,0.2590800,0.2590900,438078,1790804159999,113573.8980900,821,60347,15645.9315200,0
1790804160000,0.2590800,0.2592700,0.2590700,0.2590900,226612,1790804219999,58735.5035900,577,97227,25198.4270100,0
1790804220000,0.2590900,0.2597800,0.2590900,0.2595100,356110,1790804279999,92405.6497700,831,261540,67851.8347100,0
1790804280000,0.2595100,0.2599500,0.2593700,0.2597500,322974,1790804339999,83889.4886600,1006,209050,54308.5468300,0
1790804340000,0.2597500,0.2598500,0.2592100,0.2594900,786773,1790804399999,204103.9465800,1174,374997,97281.7151800,0
1790804400000,0.2594900,0.2596400,0.2593600,0.2593800,306730,1790804459999,79587.8695300,845,127384,33052.9298500,0
1790804460000,0.2593800,0.2595800,0.2590700,0.2592400,332641,1790804519999,86262.7707600,672,67692,17563.0339400,0
1790804520000,0.2592400,0.2597400,0.2592300,0.2597100,235557,1790804579999,61129.3236400,507,156872,40703.8840800,0
1790804580000,0.2597000,0.2601700,0.2597000,0.2599900,380909,1790804639999,99031.5117500,672,260323,67676.3814700,0
1790804640000,0.2599800,0.2601400,0.2598700,0.2598800,235638,1790804699999,61273.2195600,425,139364,36243.8008000,0
1790804700000,0.2598800,0.2598800,0.2597500,0.2598400,81341,1790804759999,21131.2693200,291,38345,9961.2072000,0
1790804760000,0.2598400,0.2601600,0.2598400,0.2601300,131570,1790804819999,34206.8109100,314,95201,24747.6309600,0
1790804820000,0.2601300,0.2601600,0.2599600,0.2599800,90381,1790804879999,23503.6119800,359,36811,9573.3669900,0
1790804880000,0.2599800,0.2599900,0.2595300,0.2595400,231684,1790804939999,60183.9310200,430,21942,5701.6368800,0
1790804940000,0.2595400,0.2595400,0.2591700,0.2591800,138077,1790804999999,35818.8428700,395,68241,17706.1250400,0
1790805000000,0.2591800,0.2591900,0.2582100,0.2584500,1526308,1790805059999,394655.1255000,1848,415964,107571.4074200,0
1790805060000,0.2584500,0.2585500,0.2580900,0.2581500,667589,1790805119999,172382.3130500,872,267554,69095.1937400,0
1790805120000,0.2581400,0.2582800,0.2581000,0.2582800,493234,1790805179999,127337.3998600,493,346859,89547.9892000,0
1790805180000,0.2582800,0.2583200,0.2581800,0.2583200,267633,1790805239999,69117.9063900,389,148340,38309.3268800,0
1790805240000,0.2583200,0.2590200,0.2583200,0.2586200,289838,1790805299999,74972.9264600,628,187385,48462.1936100,0
1790805300000,0.2586100,0.2587500,0.2586100,0.2587500,184913,1790805359999,47832.7874300,301,153939,39820.2502000,0
1790805360000,0.2587500,0.2588200,0.2585800,0.2588000,252089,1790805419999,65222.2131000,440,166697,43131.4550800,0
1790805420000,0.2588100,0.2588400,0.2588000,0.2588100,117999,1790805479999,30540.5011700,231,66874,17308.3322800,0
1790805480000,0.2588100,0.2588300,0.2584000,0.2587400,1113700,1790805539999,288070.1969900,737,325729,84230.7555800,0
1790805540000,0.2587500,0.2590000,0.2586300,0.2586800,398203,1790805599999,103063.3253000,740,178102,46103.6296900,0
1790805600000,0.2586800,0.2603000,0.2586800,0.2602500,1625856,1790805659999,422146.1141600,1673,1484346,385390.0911700,0
1790805660000,0.2602400,0.2602500,0.2595400,0.2595500,242772,1790805719999,63099.5079600,712,94274,24501.7851300,0
1790805720000,0.2595500,0.2595500,0.2589200,0.2593900,315325,1790805779999,81741.1347000,1136,206948,53650.7684200,0
1790805780000,0.2593900,0.2593900,0.2585400,0.2587800,1565607,1790805839999,405275.2573400,1313,1035847,268134.4446400,0
1790805840000,0.2587700,0.2592800,0.2580700,0.2581600,1857031,1790805899999,480671.1643300,1884,1453218,376235.4084500,0
1790805900000,0.2581500,0.2587500,0.2581200,0.2586100,569564,1790805959999,147261.5779500,999,451172,116651.6328600,0
1790805960000,0.2586100,0.2586100,0.2580100,0.2581500,374605,1790806019999,96710.6190600,829,167050,43119.8354500,0
1790806020000,0.2581600,0.2585600,0.2581600,0.2584300,288842,1790806079999,74641.4767100,683,121670,31438.9553100,0
1790806080000,0.2584400,0.2586700,0.2584200,0.2586500,144902,1790806139999,37468.2716300,369,60227,15572.1192200,0
1790806140000,0.2586500,0.2586600,0.2583300,0.2583900,255851,1790806199999,66150.0882100,560,141125,36488.9352100,0
1790806200000,0.2583900,0.2592500,0.2583800,0.2592100,298636,1790806259999,77254.7589900,698,246171,63674.5593700,0
1790806260000,0.2592200,0.2592800,0.2588800,0.2589600,249771,1790806319999,64724.4829600,624,28866,7481.8672600,0
1790806320000,0.2589600,0.2595800,0.2588900,0.2595500,228092,1790806379999,59152.9675000,858,100016,25941.4589700,0
1790806380000,0.2595500,0.2597400,0.2591200,0.2594300,230099,1790806439999,59709.4041000,671,66830,17343.3898100,0
1790806440000,0.2594400,0.2595300,0.2590600,0.2595200,267648,1790806499999,69402.3127800,668,138123,35807.6969000,0
1790806500000,0.2595200,0.2601200,0.2595200,0.2601100,148680,1790806559999,38629.2825600,554,103447,26877.4698400,0
1790806560000,0.2601100,0.2604000,0.2600000,0.2600000,313344,1790806619999,81547.6308900,688,215819,56171.0802200,0
1790806620000,0.2600100,0.2608000,0.2599000,0.2606400,424459,1790806679999,110558.6519700,1000,337416,87886.4869300,0
1790806680000,0.2606500,0.2610000,0.2604200,0.2608100,347442,1790806739999,90604.9195300,821,264452,68965.9657000,0
1790806740000,0.2608100,0.2610000,0.2606300,0.2608800,304177,1790806799999,79356.4300300,606,268718,70109.2613600,0
1790806800000,0.2608900,0.2613800,0.2608800,0.2613600,388305,1790806859999,101432.6954300,613,339286,88628.9400100,0
1790806860000,0.2613700,0.2617800,0.2612800,0.2616500,291639,1790806919999,76270.0272900,693,138336,36172.4811400,0
1790806920000,0.2616500,0.2616500,0.2613600,0.2615300,138883,1790806979999,36316.5446800,496,67021,17521.4843900,0
1790806980000,0.2615400,0.2619000,0.2613500,0.2618800,1875572,1790807039999,490725.2017700,867,1661478,434702.7736900,0
1790807040000,0.2618800,0.2624300,0.2618800,0.2623700,293547,1790807099999,76959.1561000,717,189205,49604.1543100,0
1790807100000,0.2623800,0.2624600,0.2620100,0.2620200,297455,1790807159999,77998.5001800,652,98714,25876.0830800,0
1790807160000,0.2620200,0.2625000,0.2620200,0.2624000,242511,1790807219999,63621.4724000,672,97954,25691.1431100,0
1790807220000,0.2624000,0.2625700,0.2623000,0.2624600,191235,1790807279999,50190.3074800,446,65357,17155.1688700,0
1790807280000,0.2624500,0.2632300,0.2624100,0.2631500,1655611,1790807339999,434999.3933800,2888,1187628,312069.6969900,0
1790807340000,0.2631600,0.2641000,0.2630700,0.2640200,1265458,1790807399999,333612.1695500,1662,917144,241845.5947700,0
1790807400000,0.2640300,0.2645400,0.2638000,0.2639700,1054615,1790807459999,278687.0375700,1755,717779,189704.2731700,0
1790807460000,0.2639700,0.2643400,0.2637000,0.2637400,740888,1790807519999,195591.0038300,1267,290822,76788.5991400,0
1790807520000,0.2637500,0.2645500,0.2637000,0.2645400,584860,1790807579999,154450.3966300,1121,405828,107185.2375300,0
1790807580000,0.2645400,0.2659200,0.2644000,0.2658800,1944365,1790807639999,515594.3527300,2307,1395375,369863.7052600,0
1790807640000,0.2658800,0.2664800,0.2658500,0.2664200,1380665,1790807699999,367568.5239900,1769,767790,204422.3604300,0
1790807700000,0.2664200,0.2667700,0.2662200,0.2662300,1361803,1790807759999,362854.5714200,1617,464267,123742.0829800,0
1790807760000,0.2662300,0.2664800,0.2660800,0.2664300,557209,1790807819999,148391.3498500,1192,204989,54589.4142200,0
1790807820000,0.2664300,0.2665600,0.2660300,0.2662200,644366,1790807879999,171596.9872000,1071,200644,53433.9849600,0
1790807880000,0.2662100,0.2667400,0.2662000,0.2667000,435375,1790807939999,115989.6811800,773,170181,45336.8969300,0
1790807940000,0.2667000,0.2670500,0.2664200,0.2669500,796590,1790807999999,212575.6229400,1384,309420,82573.3480700,0
1790808000000,0.2669400,0.2669500,0.2665900,0.2669000,615841,1790808059999,164291.9252600,813,117756,31415.1521400,0
1790808060000,0.2669100,0.2670600,0.2664200,0.2664500,917739,1790808119999,244895.7697900,964,172630,46084.7104500,0
1790808120000,0.2664500,0.2675000,0.2664000,0.2668900,1038159,1790808179999,277319.9938100,1510,727484,194324.4388400,0
1790808180000,0.2668900,0.2669900,0.2662700,0.2664900,656944,1790808239999,175093.0914200,1146,148130,39482.4575200,0
1790808240000,0.2664900,0.2670100,0.2664900,0.2666000,531159,1790808299999,141706.1985400,816,96258,25668.1044200,0
1790808300000,0.2666000,0.2666800,0.2663000,0.2663700,375366,1790808359999,100054.6928000,634,162078,43200.8583500,0
1790808360000,0.2663700,0.2667700,0.2663100,0.2665000,441109,1790808419999,117596.5502300,752,163045,43457.1043400,0
1790808420000,0.2665000,0.2665200,0.2657700,0.2659200,556535,1790808479999,148081.1611300,1145,150399,40016.3860200,0
1790808480000,0.2659200,0.2664400,0.2658400,0.2659500,507450,1790808539999,135029.5050500,1310,252192,67103.6366400,0
1790808540000,0.2659600,0.2667300,0.2658900,0.2665800,615593,1790808599999,163919.6759000,1219,320312,85285.3387100,0
1790808600000,0.2666000,0.2667800,0.2664000,0.2665800,444487,1790808659999,118515.0721200,1248,159894,42627.2768600,0
1790808660000,0.2665700,0.2666500,0.2659200,0.2663400,588798,1790808719999,156737.3378900,1294,100748,26820.6444400,0
1790808720000,0.2663400,0.2668500,0.2662000,0.2668500,328068,1790808779999,87421.9620700,822,179655,47871.9266800,0
1790808780000,0.2668500,0.2671900,0.2666600,0.2670900,530299,1790808839999,141556.9919600,1051,227314,60684.5009600,0
1790808840000,0.2670900,0.2679300,0.2667400,0.2678400,1532998,1790808899999,409888.2090800,2325,835550,223544.6124700,0
1790808900000,0.2678400,0.2683600,0.2677400,0.2680900,1742661,1790808959999,467108.8305100,2475,1079887,289525.9992100,0
1790808960000,0.2680900,0.2681700,0.2678500,0.2680700,464854,1790809019999,124582.3343800,921,205229,55000.2061500,0
1790809020000,0.2680700,0.2684400,0.2679400,0.2680800,492989,1790809079999,132216.2407000,1108,210380,56424.1538100,0
1790809080000,0.2680500,0.2680500,0.2672700,0.2672700,550861,1790809139999,147394.1084900,1206,142864,38224.0256300,0
1790809140000,0.2672600,0.2675200,0.2670400,0.2673400,396083,1790809199999,105863.2295900,1065,120779,32285.1164000,0
1790809200000,0.2673600,0.2675800,0.2662300,0.2664200,1901170,1790809259999,507223.8548500,2985,795489,212227.9155700,0
1790809260000,0.2664200,0.2665700,0.2659800,0.2660200,725840,1790809319999,193259.8986200,1250,369479,98375.2556100,0
1790809320000,0.2660100,0.2672200,0.2658400,0.2670500,1009617,1790809379999,268992.7598100,1903,622134,165801.7185100,0
1790809380000,0.2670400,0.2677400,0.2668600,0.2674900,573997,1790809439999,153467.7019200,1507,311334,83267.7799400,0
1790809440000,0.2675000,0.2676400,0.2670400,0.2672100,347141,1790809499999,92814.3531300,972,132631,35477.6949700,0
1790809500000,0.2672000,0.2673300,0.2664000,0.2666400,413124,1790809559999,110272.3295600,1127,191764,51203.5362700,0
1790809560000,0.2666500,0.2671700,0.2666100,0.2669600,370865,1790809619999,98990.9334300,1216,215054,57396.4036700,0
1790809620000,0.2669400,0.2670300,0.2661800,0.2665200,384646,1790809679999,102545.4503400,1193,124741,33267.1869600,0
1790809680000,0.2665200,0.2665200,0.2647900,0.2651600,1355862,1790809739999,359954.5122900,2263,449522,119338.7133700,0
1790809740000,0.2651500,0.2652300,0.2642000,0.2651100,1101475,1790809799999,291543.8442600,2064,357003,94546.1767800,0
1790809800000,0.2651100,0.2651100,0.2642900,0.2643800,355881,1790809859999,94167.3163100,1068,159393,42163.1205800,0
1790809860000,0.2643800,0.2648600,0.2642000,0.2642300,584282,1790809919999,154500.3717600,1104,135858,35937.3980000,0
1790809920000,0.2642400,0.2649300,0.2641800,0.2647400,358088,1790809979999,94707.9084100,942,189753,50194.9275900,0
1790809980000,0.2647500,0.2653600,0.2646700,0.2651800,620964,1790810039999,164607.2891500,1239,400367,106132.9271200,0
1790810040000,0.2651600,0.2655800,0.2649900,0.2654900,1150910,1790810099999,305358.7457900,1884,475325,126146.0151500,0
1790810100000,0.2655200,0.2661000,0.2653700,0.2654800,933959,1790810159999,248152.5900500,1352,228911,60831.7282200,0
1790810160000,0.2654700,0.2659000,0.2650200,0.2655000,675926,1790810219999,179420.5791600,1728,363248,96437.1706600,0
1790810220000,0.2655000,0.2659300,0.2654000,0.2654000,289418,1790810279999,76887.9712700,941,128169,34052.2046500,0
1790810280000,0.2653800,0.2655300,0.2650700,0.2652000,236369,1790810339999,62701.9860200,767,91117,24172.3380300,0
1790810340000,0.2652000,0.2655100,0.2650900,0.2654500,226083,1790810399999,59976.3983800,643,67547,17922.2129200,0
1790810400000,0.2654400,0.2654400,0.2647500,0.2653000,522705,1790810459999,138551.3779400,1151,207301,54972.7793700,0
1790810460000,0.2652800,0.2662900,0.2651600,0.2655800,794944,1790810519999,211300.3186400,1649,285558,75898.1687600,0
1790810520000,0.2655700,0.2655700,0.2651500,0.2654700,276834,1790810579999,73472.3980900,667,177319,47060.8820700,0
1790810580000,0.2654600,0.2654600,0.2650100,0.2650600,425208,1790810639999,112745.0831700,803,79762,21152.3411700,0
1790810640000,0.2650400,0.2650400,0.2644200,0.2648500,486465,1790810699999,128774.9963000,998,146247,38714.9017500,0
1790810700000,0.2648400,0.2648500,0.2643000,0.2643600,245099,1790810759999,64842.1895100,650,91998,24340.5410400,0
1790810760000,0.2643600,0.2649200,0.2642600,0.2647500,213393,1790810819999,56482.9623500,848,136470,36121.7217400,0
1790810820000,0.2647600,0.2650200,0.2644400,0.2650100,387606,1790810879999,102602.1389600,972,299908,79391.4163900,0
1790810880000,0.2650100,0.2650500,0.2645400,0.2647200,572749,1790810939999,151635.1198700,1296,98041,25955.1126100,0
1790810940000,0.2647200,0.2647200,0.2642600,0.2642800,218914,1790810999999,57890.9878800,772,84426,22326.5795500,0
1790811000000,0.2642800,0.2645400,0.2640200,0.2645400,728718,1790811059999,192523.1035900,1049,183125,48403.1087400,0
1790811060000,0.2645300,0.2647700,0.2639400,0.2639400,425379,1790811119999,112487.3013200,912,304775,80621.7665700,0
1790811120000,0.2639300,0.2640100,0.2633800,0.2635200,759916,1790811179999,200390.8147200,1054,159617,42086.4025100,0
1790811180000,0.2635100,0.2639000,0.2632700,0.2638700,501717,1790811239999,132184.4988600,1103,274554,72344.5999100,0
1790811240000,0.2638700,0.2644600,0.2636900,0.2644400,442539,1790811299999,116840.8396700,938,293327,77461.4349700,0
1790811300000,0.2644400,0.2646900,0.2635900,0.2638900,533537,1790811359999,140913.4235800,1185,167221,44149.3027700,0
1790811360000,0.2639000,0.2648900,0.2638200,0.2644500,366826,1790811419999,97012.7064400,1129,209999,55533.2819800,0
1790811420000,0.2644400,0.2648400,0.2642800,0.2648100,223332,1790811479999,59072.4413300,759,120055,31759.4630600,0
1790811480000,0.2648000,0.2649000,0.2645700,0.2647200,203945,1790811539999,53992.2706300,680,117714,31161.2764900,0
1790811540000,0.2647400,0.2650100,0.2647200,0.2649900,192622,1790811599999,51015.6687300,529,134755,35688.6028700,0
1790811600000,0.2649800,0.2650700,0.2647200,0.2648200,236927,1790811659999,62766.3580200,690,105501,27948.3146100,0
1790811660000,0.2648100,0.2650400,0.2645700,0.2647400,248412,1790811719999,65782.0857600,712,119709,31698.9754500,0
1790811720000,0.2647300,0.2647300,0.2644500,0.2646100,157100,1790811779999,41562.9873200,660,95637,25300.5119400,0
1790811780000,0.2646100,0.2648800,0.2643600,0.2647300,385120,1790811839999,101925.0992600,660,323795,85694.8509400,0
1790811840000,0.2647300,0.2652000,0.2647300,0.2649400,274719,1790811899999,72795.5714000,677,165480,43844.3147800,0
1790811900000,0.2649500,0.2649500,0.2642700,0.2643400,217114,1790811959999,57448.8283800,636,81272,21498.5620500,0
1790811960000,0.2643500,0.2646500,0.2642000,0.2645400,248865,1790812019999,65807.3135000,624,118788,31410.9696600,0
1790812020000,0.2645500,0.2646500,0.2642800,0.2643000,308406,1790812079999,81558.4049800,687,127324,33666.3406100,0
1790812080000,0.2643100,0.2647100,0.2642000,0.2646400,165562,1790812139999,43782.6572800,582,70843,18734.3954100,0
1790812140000,0.2646600,0.2646900,0.2643700,0.2645800,467725,1790812199999,123754.2803600,607,336885,89139.5937500,0
1790812200000,0.2645600,0.2647000,0.2642600,0.2645400,305160,1790812259999,80730.2703500,968,139715,36960.2516900,0
1790812260000,0.2645600,0.2648400,0.2641900,0.2645600,789221,1790812319999,208857.4030300,1449,475028,125723.1900500,0
1790812320000,0.2645600,0.2646800,0.2641600,0.2643600,402846,1790812379999,106502.6733600,937,206414,54569.2305400,0
1790812380000,0.2643500,0.2644600,0.2641300,0.2641800,374398,1790812439999,98969.5028900,649,222060,58708.9894300,0
1790812440000,0.2641800,0.2642200,0.2639500,0.2640400,286148,1790812499999,75559.2588500,651,71324,18837.1723300,0
1790812500000,0.2640300,0.2640300,0.2636500,0.2636500,443407,1790812559999,116977.4629200,777,278117,73372.8261400,0
1790812560000,0.2636500,0.2638000,0.2634700,0.2637600,226012,1790812619999,59576.0840100,610,66456,17519.2951800,0
1790812620000,0.2637700,0.2643800,0.2637700,0.2643100,443992,1790812679999,117249.2744200,834,293074,77384.1655700,0
1790812680000,0.2643100,0.2643900,0.2641400,0.2642900,138811,1790812739999,36687.9184900,423,60469,15981.2003400,0
1790812740000,0.2642900,0.2648600,0.2641800,0.2647300,903751,1790812799999,239023.6152300,694,798517,211176.5838300,0
