open_time,open,high,low,close,volume,close_time,quote_volume,count,taker_buy_volume,taker_buy_quote_volume,ignore
1723334400000,0.3195000,0.3249000,0.3163000,0.3229000,51528315,1723348799999,16479664.4998000,60819,27335690,8743125.3331000,0
1723348800000,0.3229000,0.3262000,0.3189000,0.3251000,32741346,1723363199999,10559727.5434000,43313,16352728,5275517.8905000,0
1723363200000,0.3252000,0.3268000,0.3128000,0.3159000,56351357,1723377599999,18037127.8460000,64501,26374026,8443681.9743000,0
1723377600000,0.3159000,0.3170000,0.3009000,0.3021000,63540508,1723391999999,19539692.4437000,78540,28662308,8810261.9776000,0
1723392000000,0.3022000,0.3074000,0.2990000,0.2993000,40724531,1723406399999,12345967.4458000,55608,20004518,6069480.5301000,0
1723406400000,0.2993000,0.2994000,0.2920000,0.2933000,75985731,1723420799999,22453142.1738000,80506,35382005,10455294.1106000,0
