open_time,open,high,low,close,volume,close_time,quote_volume,count,taker_buy_volume,taker_buy_quote_volume,ignore
1774656000000,0.0890000,0.0898000,0.0877000,0.0892000,134377648,1774670399999,11928662.9614000,34081,62518387,5551689.0866000,0
1774670400000,0.0891000,0.0916000,0.0884000,0.0915000,105056050,1774684799999,9453209.3771000,26699,60945315,5485000.2973000,0
1774684800000,0.0914000,0.0926000,0.0905000,0.0911000,260279549,1774699199999,23850598.3166000,35880,127646889,11695994.9106000,0
1774699200000,0.0910000,0.0938000,0.0898000,0.0927000,276235779,1774713599999,25297372.5035000,47147,128909486,11813079.5691000,0
1774713600000,0.0927000,0.0949000,0.0921000,0.0935000,286866056,1774727999999,26680506.8188000,40234,142787215,13281217.0528000,0
1774728000000,0.0935000,0.0940000,0.0898000,0.0905000,159675167,1774742399999,14656843.4690000,33198,72404754,6647297.9253000,0
