open_time,open,high,low,close,volume,close_time,quote_volume,count,taker_buy_volume,taker_buy_quote_volume,ignore
1779062400000,0.1044000,0.1060400,0.1032100,0.1048500,182900559,1779076799999,19196256.4984800,137064,85525476,8971998.7270100,0
1779076800000,0.1048600,0.1052200,0.1023100,0.1031900,125522019,1779091199999,12997493.8380800,91794,53802430,5575099.3207100,0
1779091200000,0.1031900,0.1054000,0.1025000,0.1041400,99152678,1779105599999,10274116.8251900,75271,54333525,5631232.9152000,0
1779105600000,0.1041400,0.1056700,0.1017900,0.1030400,179628877,1779119999999,18611120.8823800,135869,92838033,9628644.8356500,0
1779120000000,0.1030500,0.1044900,0.1015700,0.1042600,121167087,1779134399999,12505895.3600600,96204,53705958,5541956.2263900,0
1779134400000,0.1042600,0.1059900,0.1040100,0.1055400,92631552,1779148799999,9737909.4468500,66192,52618816,5532096.4174600,0
