open_time,open,high,low,close,volume,close_time,quote_volume,count,taker_buy_volume,taker_buy_quote_volume,ignore
1744761600000,0.2736000,0.2778000,0.2713000,0.2745000,77893054,1744775999999,21414903.6078000,85947,40599500,11167697.4237000,0
1744776000000,0.2745000,0.2759000,0.2675000,0.2698000,141596438,1744790399999,38522013.2698000,139059,67605959,18403731.7849000,0
1744790400000,0.2699000,0.2736000,0.2675000,0.2708000,113805694,1744804799999,30730232.2131000,125005,56800573,15342861.6816000,0
1744804800000,0.2708000,0.2790000,0.2668000,0.2730000,137441215,1744819199999,37491776.2667000,129865,68906149,18801845.7274000,0
1744819200000,0.2730000,0.2769000,0.2610000,0.2732000,228185923,1744833599999,61290897.7065000,168332,107567829,28904036.3227000,0
1744833600000,0.2731000,0.2765000,0.2681000,0.2700000,84667127,1744847999999,23014726.9001000,83017,40678741,11061154.9478000,0
