open_time,open,high,low,close,volume,close_time,quote_volume,count,taker_buy_volume,taker_buy_quote_volume,ignore
1783641600000,0.0764000,0.0793100,0.0760200,0.0792300,191598634,1783655999999,14960393.8283200,108178,101628966,7935176.9546400,0
1783656000000,0.0792200,0.0795600,0.0786100,0.0787100,124727955,1783670399999,9865407.8351600,83378,58283431,4610813.9929100,0
1783670400000,0.0787100,0.0794700,0.0782400,0.0791900,131792620,1783684799999,10403944.5436400,70953,66336267,5237635.7580200,0
1783684800000,0.0791800,0.0794400,0.0770600,0.0792500,224234352,1783699199999,17617951.1368100,115429,108523978,8529547.1722000,0
1783699200000,0.0792500,0.0810800,0.0788400,0.0803600,248217656,1783713599999,19814973.6876400,123579,125985554,10059581.6402500,0
1783713600000,0.0803500,0.0821600,0.0794700,0.0810600,165663009,1783727999999,13408427.7215100,96272,88253616,7147947.5031600,0
