open_time,open,high,low,close,volume,close_time,quote_volume,count,taker_buy_volume,taker_buy_quote_volume,ignore
1784764800000,0.0901600,0.0918600,0.0897600,0.0910900,139717035,1784779199999,12657110.0149900,85988,73600139,6668816.9771000,0
1784779200000,0.0910800,0.0922700,0.0905200,0.0920000,177005470,1784793599999,16170939.6003400,108341,91813767,8391168.0205000,0
1784793600000,0.0920000,0.0928100,0.0911100,0.0915800,166200159,1784807999999,15276480.3256100,88176,78559345,7221763.5579200,0
1784808000000,0.0915700,0.0918900,0.0885200,0.0894300,378921667,1784822399999,33957295.1815400,186151,176447909,15815217.0631400,0
1784822400000,0.0894300,0.0895800,0.0877800,0.0885700,106944273,1784836799999,9475782.7944800,75269,49304696,4369706.0367600,0
1784836800000,0.0885700,0.0896200,0.0885000,0.0887600,76023030,1784851199999,6772330.1076000,61089,40079997,3570571.7511600,0
