open_time,open,high,low,close,volume,close_time,quote_volume,count,taker_buy_volume,taker_buy_quote_volume,ignore
1759276800000,0.5587000,0.5679000,0.5559000,0.5615000,58058947,1759291199999,32611572.8184000,95480,29294558,16459082.8761000,0
1759291200000,0.5615000,0.5720000,0.5604000,0.5641000,72517151,1759305599999,41041769.9544000,109065,33809725,19141729.4506000,0
1759305600000,0.5640000,0.5985000,0.5635000,0.5908000,193303580,1759319999999,113680240.9252000,213158,95878255,56350600.3637000,0
1759320000000,0.5908000,0.5919000,0.5778000,0.5824000,123331406,1759334399999,71914896.2893000,143618,59894639,34930587.8549000,0
1759334400000,0.5824000,0.5869000,0.5784000,0.5802000,70063015,1759348799999,40805408.3767000,87459,29630355,17262977.3631000,0
1759348800000,0.5802000,0.5814000,0.5719000,0.5806000,71126051,1759363199999,40966912.8250000,86141,32896163,18952523.6390000,0
