open_time,open,high,low,close,volume,close_time,quote_volume,count,taker_buy_volume,taker_buy_quote_volume,ignore
1741996800000,0.3495000,0.3634000,0.3475000,0.3625000,88825583,1742011199999,31562959.5781000,115474,47738081,16958216.8557000,0
1742011200000,0.3624000,0.3662000,0.3571000,0.3578000,92590611,1742025599999,33433328.3190000,113911,44332860,16015483.6792000,0
1742025600000,0.3579000,0.3743000,0.3555000,0.3741000,126462057,1742039999999,46455308.1368000,180854,68699434,25252657.8518000,0
1742040000000,0.3742000,0.3797000,0.3636000,0.3688000,131346322,1742054399999,48735342.3322000,139644,65203249,24209434.6743000,0
1742054400000,0.3688000,0.3720000,0.3616000,0.3682000,90098308,1742068799999,33117702.4404000,130559,42751083,15725996.6661000,0
1742068800000,0.3682000,0.3738000,0.3678000,0.3714000,58493805,1742083199999,21714003.9576000,84710,28581041,10612593.2312000,0
