open_time,open,high,low,close,volume,close_time,quote_volume,count,taker_buy_volume,taker_buy_quote_volume,ignore
1725148800000,0.2374000,0.2388000,0.2323000,0.2366000,36800315,1725163199999,8660809.0067000,44352,16973330,3996134.8938000,0
1725163200000,0.2365000,0.2403000,0.2323000,0.2402000,52797119,1725177599999,12501500.5272000,56544,26413364,6257314.5389000,0
1725177600000,0.2402000,0.2404000,0.2331000,0.2358000,42428847,1725191999999,10005332.6822000,42187,21146270,4986736.0674000,0
1725192000000,0.2357000,0.2363000,0.2277000,0.2346000,129673056,1725206399999,30027131.2025000,109334,62023574,14361338.4799000,0
1725206400000,0.2346000,0.2368000,0.2239000,0.2347000,115883395,1725220799999,26793447.1344000,106584,55938691,12939059.5542000,0
1725220800000,0.2346000,0.2362000,0.2182000,0.2220000,107487703,1725235199999,24172982.0605000,105184,53337036,11992660.6189000,0
