open_time,open,high,low,close,volume,close_time,quote_volume,count,taker_buy_volume,taker_buy_quote_volume,ignore
1787529600000,0.1617200,0.1617400,0.1611300,0.1613100,2115998,1787529659999,341480.9456000,2392,1037122,167354.0536200,0
1787529660000,0.1613200,0.1621000,0.1613200,0.1615900,2062468,1787529719999,333477.7063600,2978,1269039,205166.6191600,0
1787529720000,0.1615900,0.1617300,0.1613200,0.1614100,1242187,1787529779999,200662.3949200,1764,791137,127816.5264600,0
1787529780000,0.1614100,0.1616700,0.1610000,0.1610700,1737788,1787529839999,280210.8779800,2554,769542,124096.8389400,0
1787529840000,0.1611000,0.1611400,0.1603500,0.1605900,1546358,1787529899999,248596.8461800,2567,583455,93810.1744600,0
1787529900000,0.1606000,0.1617700,0.1606000,0.1613800,4039143,1787529959999,651515.9248400,4612,2638356,425461.5777600,0
1787529960000,0.1613800,0.1614800,0.1604900,0.1606100,2143327,1787530019999,344616.7311900,3029,585787,94221.7640500,0
1787530020000,0.1606100,0.1607800,0.1585100,0.1595800,19835319,1787530079999,3162427.7747000,13750,6016035,959378.1028200,0
1787530080000,0.1595900,0.1603700,0.1595400,0.1603000,2560011,1787530139999,409301.7679100,3319,1050957,168080.9766700,0
1787530140000,0.1602900,0.1612700,0.1601600,0.1608200,3778330,1787530199999,607810.0726200,3879,2538403,408412.7408700,0
1787530200000,0.1608200,0.1611600,0.1606600,0.1610400,1775575,1787530259999,285688.5428500,2362,927532,149205.5220500,0
1787530260000,0.1610400,0.1621900,0.1607100,0.1618900,7259769,1787530319999,1171554.2575600,6450,5219916,842382.1929200,0
1787530320000,0.1619100,0.1627800,0.1610700,0.1621800,6033373,1787530379999,977784.7976700,6573,3680955,596699.5166300,0
1787530380000,0.1621800,0.1632100,0.1620700,0.1626500,4497077,1787530439999,732014.7660200,5276,2763047,449831.6611200,0
1787530440000,0.1626600,0.1632700,0.1625600,0.1631600,3794798,1787530499999,618404.4616400,4640,2133921,347760.8936900,0
1787530500000,0.1631500,0.1638400,0.1622700,0.1623500,4327572,1787530559999,706531.1654800,5396,2196909,358794.5221400,0
1787530560000,0.1623500,0.1626300,0.1618500,0.1624300,1992364,1787530619999,323431.7537200,3309,884216,143587.6056800,0
1787530620000,0.1624300,0.1630600,0.1624100,0.1625700,1831341,1787530679999,297907.2663200,2988,1136070,184834.5302500,0
1787530680000,0.1625700,0.1633000,0.1623900,0.1628200,2876702,1787530739999,468649.0515300,3597,1015727,165438.9676700,0
1787530740000,0.1628200,0.1628200,0.1622700,0.1624600,1547308,1787530799999,251583.1614500,2574,526312,85564.1479200,0
1787530800000,0.1624500,0.1625900,0.1616500,0.1621300,3008552,1787530859999,487566.2438800,3831,1028348,166709.0139700,0
1787530860000,0.1621200,0.1628800,0.1620200,0.1628100,2230202,1787530919999,362486.1449800,3146,1588370,258159.0346500,0
1787530920000,0.1628100,0.1630500,0.1625600,0.1627300,1178380,1787530979999,191915.6771900,2235,663464,108059.2439000,0
1787530980000,0.1627300,0.1631100,0.1625400,0.1626700,1260444,1787531039999,205196.5556200,2732,502540,81827.3539500,0
1787531040000,0.1626700,0.1632400,0.1626700,0.1630900,1485544,1787531099999,242213.2775600,2750,1005938,164007.3080000,0
1787531100000,0.1630800,0.1631900,0.1625600,0.1626300,1725375,1787531159999,281010.7818500,2950,598787,97564.1162700,0
1787531160000,0.1626300,0.1627700,0.1621900,0.1625800,1848285,1787531219999,300349.2179000,3376,860600,139873.5739300,0
1787531220000,0.1625800,0.1626200,0.1618000,0.1626200,2759011,1787531279999,447404.4310800,4405,1140886,185077.9255600,0
1787531280000,0.1626100,0.1633800,0.1625000,0.1633100,2632447,1787531339999,429382.1327600,4085,1550809,252985.3368500,0
1787531340000,0.1633100,0.1634800,0.1629700,0.1630300,1612056,1787531399999,263164.1245300,2722,808228,131973.2764400,0
1787531400000,0.1630300,0.1640700,0.1630000,0.1636400,2512609,1787531459999,411556.2470200,4212,1640550,268703.1879800,0
1787531460000,0.1636400,0.1637600,0.1629400,0.1629800,1883882,1787531519999,307768.8901600,3160,494474,80811.8163700,0
1787531520000,0.1629900,0.1634200,0.1629700,0.1633100,663861,1787531579999,108371.3977900,2025,420576,68659.0137600,0
1787531580000,0.1633100,0.1637100,0.1631200,0.1636400,1439937,1787531639999,235373.6113200,2782,862107,140929.7840900,0
1787531640000,0.1636100,0.1636100,0.1626300,0.1629000,1903417,1787531699999,310211.5851800,3224,727370,118582.5733400,0
1787531700000,0.1629000,0.1633200,0.1626100,0.1628700,1823649,1787531759999,297255.8434000,3071,1061916,173099.0234700,0
1787531760000,0.1628700,0.1630300,0.1621700,0.1621700,2116734,1787531819999,344091.1161200,3807,847202,137718.4410200,0
1787531820000,0.1621600,0.1629800,0.1621100,0.1622100,1283220,1787531879999,208604.1304800,2945,728703,118447.8175300,0
1787531880000,0.1621900,0.1621900,0.1613000,0.1615800,2694674,1787531939999,435599.1235300,3931,1217380,196744.9608000,0
1787531940000,0.1615400,0.1621600,0.1615400,0.1617600,1009351,1787531999999,163404.8560200,2007,621390,100581.9873900,0
1787532000000,0.1617600,0.1618400,0.1613400,0.1616300,1372438,1787532059999,221701.7801000,2248,387548,62615.1969100,0
1787532060000,0.1616400,0.1626800,0.1616000,0.1626100,1084583,1787532119999,175911.8452800,2561,737416,119598.8381600,0
1787532120000,0.1626200,0.1631600,0.1623500,0.1629600,1428730,1787532179999,232472.1620100,2388,932310,151701.5116900,0
1787532180000,0.1629600,0.1631300,0.1626100,0.1626400,686941,1787532239999,111958.1482500,1656,249759,40708.4428700,0
1787532240000,0.1626500,0.1628000,0.1622000,0.1624200,1405349,1787532299999,228331.3290700,2684,604636,98262.1192100,0
1787532300000,0.1624200,0.1631300,0.1618000,0.1631300,2361736,1787532359999,383799.0202800,4239,1481810,240908.2166100,0
1787532360000,0.1631200,0.1632000,0.1619600,0.1623900,1809880,1787532419999,293906.4509700,3447,606653,98460.6408700,0
1787532420000,0.1624000,0.1625300,0.1609300,0.1617700,3068756,1787532479999,495425.0540300,4493,1061917,171455.9274800,0
1787532480000,0.1617800,0.1629200,0.1614900,0.1626300,3282248,1787532539999,532942.7345200,4763,2314093,375802.7333900,0
1787532540000,0.1626300,0.1627800,0.1622100,0.1627400,1197990,1787532599999,194704.9280900,2398,874287,142102.2102500,0
1787532600000,0.1627000,0.1633900,0.1626300,0.1630200,1973345,1787532659999,321859.0509700,3073,976955,159342.7603100,0
1787532660000,0.1630200,0.1635700,0.1628800,0.1629000,1140493,1787532719999,186212.4686900,2644,523567,85485.9995700,0
1787532720000,0.1628900,0.1635500,0.1628400,0.1634500,2492693,1787532779999,406788.8065500,2998,977305,159587.5545400,0
1787532780000,0.1634500,0.1638600,0.1633900,0.1634500,2539949,1787532839999,415614.3662600,2639,1546669,253092.6371600,0
1787532840000,0.1634600,0.1636100,0.1631500,0.1633400,1421870,1787532899999,232342.0851300,2447,707233,115561.5190800,0
1787532900000,0.1633400,0.1633400,0.1625800,0.1626900,1226650,1787532959999,199722.1100100,2301,387058,63010.7736800,0
1787532960000,0.1627000,0.1629500,0.1626000,0.1628400,468409,1787533019999,76254.7895800,1267,267376,43534.0669700,0
1787533020000,0.1628500,0.1636000,0.1625700,0.1633500,3539646,1787533079999,577971.2329800,4558,2686897,438737.0103200,0
1787533080000,0.1633400,0.1633900,0.1629500,0.1630800,514550,1787533139999,83927.3392100,1415,319571,52128.9882500,0
1787533140000,0.1630800,0.1632500,0.1628500,0.1629000,938486,1787533199999,153062.5333100,1991,476214,77671.4526400,0
1787533200000,0.1629000,0.1632100,0.1622400,0.1624900,1818275,1787533259999,295787.3863300,3280,1103633,179592.9998400,0
1787533260000,0.1625100,0.1627400,0.1621200,0.1622000,1090533,1787533319999,177223.4797700,2473,503119,81775.6718300,0
1787533320000,0.1622000,0.1622500,0.1615100,0.1617300,3087121,1787533379999,499565.9694500,4132,1035956,167635.5702600,0
1787533380000,0.1617200,0.1622700,0.1615600,0.1620700,989027,1787533439999,160267.6740600,2212,584367,94700.5371000,0
1787533440000,0.1620600,0.1624900,0.1620600,0.1624300,1256418,1787533499999,203932.7754200,2386,700481,113691.3701100,0
1787533500000,0.1624400,0.1625700,0.1618800,0.1619900,1119555,1787533559999,181544.2840800,2295,612465,99326.6985100,0
1787533560000,0.1619900,0.1623500,0.1617000,0.1618200,1966792,1787533619999,318766.5310000,2938,1383585,224268.0074800,0
1787533620000,0.1618200,0.1625000,0.1616400,0.1623300,1290175,1787533679999,209137.0011200,2401,826083,133935.9937800,0
1787533680000,0.1623200,0.1633300,0.1622400,0.1629900,1834473,1787533739999,299044.3770700,2775,1086063,176984.7684700,0
1787533740000,0.1629800,0.1630900,0.1624100,0.1628900,1386317,1787533799999,225643.6579000,2736,909861,148059.9015400,0
1787533800000,0.1628800,0.1630600,0.1626600,0.1630100,886383,1787533859999,144366.7169400,2106,516941,84202.7711800,0
1787533860000,0.1630100,0.1630800,0.1626500,0.1628900,1029158,1787533919999,167645.8415800,1774,510550,83177.6872300,0
1787533920000,0.1628900,0.1631800,0.1627400,0.1628200,1213712,1787533979999,197770.1401300,2052,488890,79650.3181800,0
1787533980000,0.1628300,0.1632900,0.1628000,0.1630700,2026410,1787534039999,330442.7626400,2635,1334499,217626.7324400,0
1787534040000,0.1630700,0.1631300,0.1628400,0.1629200,931162,1787534099999,151761.3741800,1551,511411,83358.5113500,0
1787534100000,0.1629100,0.1631300,0.1624300,0.1629400,1280427,1787534159999,208439.2383500,2606,619510,100891.8736000,0
1787534160000,0.1629400,0.1633900,0.1628200,0.1633200,814044,1787534219999,132819.1022200,1802,483300,78869.1034600,0
1787534220000,0.1633300,0.1636700,0.1631200,0.1634800,1748512,1787534279999,285750.2906200,2692,960548,157011.1177300,0
1787534280000,0.1634900,0.1636600,0.1632100,0.1633800,1376307,1787534339999,224890.9852800,1937,438915,71730.4129200,0
1787534340000,0.1633800,0.1641200,0.1633100,0.1640900,2124418,1787534399999,348082.7009300,2319,1252973,205307.2252000,0
1787534400000,0.1641000,0.1642000,0.1631600,0.1632500,2273250,1787534459999,372108.7823900,3290,1061692,173783.2957800,0
1787534460000,0.1632500,0.1633100,0.1626500,0.1631900,2034130,1787534519999,331479.4153000,3147,1007829,164269.6052100,0
1787534520000,0.1632000,0.1635500,0.1631000,0.1632000,1404255,1787534579999,229395.6528100,2177,893038,145918.8149900,0
1787534580000,0.1632000,0.1633000,0.1629200,0.1630300,791143,1787534639999,129059.7373300,1544,439303,71672.9072200,0
1787534640000,0.1630200,0.1631100,0.1624100,0.1624400,2018080,1787534699999,328336.3387500,2604,513957,83649.6724400,0
1787534700000,0.1624500,0.1632600,0.1624500,0.1632100,1657034,1787534759999,270090.9298900,2697,793793,129351.6211100,0
1787534760000,0.1632100,0.1637500,0.1629400,0.1635200,1316918,1787534819999,215208.9694800,2318,801365,130951.0404500,0
1787534820000,0.1635200,0.1636200,0.1633100,0.1635300,692284,1787534879999,113166.6836100,1451,412084,67366.3305600,0
1787534880000,0.1635300,0.1641900,0.1634100,0.1641500,2448157,1787534939999,401011.5718200,2881,1680303,275255.1817600,0
1787534940000,0.1641500,0.1643200,0.1638700,0.1640500,3790084,1787534999999,621744.6079600,3324,1185932,194676.5871500,0
1787535000000,0.1640500,0.1641300,0.1630600,0.1630900,4685127,1787535059999,766866.0161200,3847,1874191,306560.0465600,0
1787535060000,0.1630900,0.1631600,0.1627500,0.1631400,1025001,1787535119999,167080.5005900,2394,557356,90849.9206300,0
1787535120000,0.1631400,0.1636700,0.1630400,0.1634800,2257516,1787535179999,368946.9808700,2201,1098954,179605.3488400,0
1787535180000,0.1634800,0.1635500,0.1629600,0.1631000,671922,1787535239999,109645.1082100,1306,347317,56667.3864400,0
1787535240000,0.1631000,0.1631900,0.1627500,0.1629300,1575040,1787535299999,256610.3962500,2033,816399,132998.6512700,0
1787535300000,0.1629300,0.1633100,0.1627200,0.1631900,1113586,1787535359999,181569.8142500,1810,742555,121089.2125500,0
1787535360000,0.1632000,0.1632200,0.1621000,0.1625300,3845237,1787535419999,625287.9965400,4651,1087372,176747.7778900,0
1787535420000,0.1625300,0.1628300,0.1620000,0.1624700,3315773,1787535479999,538401.0448100,3833,1137792,184768.5021600,0
1787535480000,0.1624700,0.1624900,0.1615000,0.1615700,3884579,1787535539999,628794.1987000,4061,1310119,212160.7667600,0
1787535540000,0.1615800,0.1624500,0.1615800,0.1622900,1115000,1787535599999,180744.6897100,2130,660508,107044.3956700,0
1787535600000,0.1622900,0.1627600,0.1622200,0.1626600,1285329,1787535659999,208912.5318600,1766,821414,133495.0251700,0
1787535660000,0.1626700,0.1626700,0.1618600,0.1621200,2522195,1787535719999,409218.1180500,2827,731159,118548.0585100,0
1787535720000,0.1621200,0.1623000,0.1618400,0.1621000,994332,1787535779999,161143.1898600,1709,510412,82714.2208900,0
1787535780000,0.1621000,0.1625600,0.1619800,0.1624700,901618,1787535839999,146338.6131700,1642,585620,95042.6816800,0
1787535840000,0.1624600,0.1627100,0.1622600,0.1623000,797633,1787535899999,129591.6173200,1718,455168,73954.9998500,0
1787535900000,0.1623200,0.1624400,0.1615500,0.1616500,1789677,1787535959999,289669.4451100,2816,575245,93097.1162600,0
1787535960000,0.1616600,0.1623900,0.1616600,0.1621200,894902,1787536019999,145040.1446600,1829,626611,101531.6653400,0
1787536020000,0.1621200,0.1624900,0.1620000,0.1622000,982452,1787536079999,159364.0765300,1803,626453,101620.6593800,0
1787536080000,0.1622000,0.1623300,0.1619600,0.1622300,716243,1787536139999,116129.1924300,1461,376852,61101.9201800,0
1787536140000,0.1622300,0.1627100,0.1620900,0.1626500,1453722,1787536199999,236221.4702000,2120,697891,113432.0515700,0
1787536200000,0.1626600,0.1629700,0.1623800,0.1625100,1651628,1787536259999,268590.3373600,2372,742912,120834.8142400,0
1787536260000,0.1625200,0.1626800,0.1619500,0.1619600,1702608,1787536319999,276236.4207000,2488,452339,73387.8526100,0
1787536320000,0.1619600,0.1627100,0.1619600,0.1625800,1040731,1787536379999,169013.8905800,1925,810287,131571.9890300,0
1787536380000,0.1625800,0.1629000,0.1621400,0.1627000,1364294,1787536439999,221837.4985600,2033,752760,122402.6331800,0
1787536440000,0.1627100,0.1627500,0.1622500,0.1624900,837092,1787536499999,135959.9170000,1490,377738,61355.1999500,0
1787536500000,0.1624900,0.1626800,0.1622700,0.1624400,944638,1787536559999,153473.7532300,1907,508499,82623.0401900,0
1787536560000,0.1624400,0.1625400,0.1617600,0.1620200,1485013,1787536619999,240622.4309400,2925,533839,86517.8867700,0
1787536620000,0.1620200,0.1620800,0.1611400,0.1615600,3220843,1787536679999,520373.4932700,3403,1445700,233606.5024300,0
1787536680000,0.1615500,0.1617300,0.1605100,0.1611000,6981456,1787536739999,1123199.9874800,6525,2930317,471557.2539000,0
1787536740000,0.1611100,0.1612900,0.1607300,0.1610900,1870410,1787536799999,301131.7790000,2604,841902,135569.3062500,0
1787536800000,0.1610800,0.1618300,0.1609900,0.1612200,1533481,1787536859999,247536.7515800,2835,775606,125206.0681400,0
1787536860000,0.1612000,0.1613700,0.1597800,0.1598700,7227963,1787536919999,1158777.1076900,6706,2567976,411632.7016500,0
1787536920000,0.1598600,0.1611000,0.1598600,0.1609900,2861621,1787536979999,459360.1268000,4043,1845536,296209.1615200,0
1787536980000,0.1609900,0.1610700,0.1602500,0.1604100,2502565,1787537039999,402076.3954800,3577,1104519,177556.7591600,0
1787537040000,0.1604400,0.1608000,0.1601000,0.1606800,3762130,1787537099999,603823.3016700,4260,1554770,249539.6038100,0
1787537100000,0.1606900,0.1615300,0.1605000,0.1612700,2191738,1787537159999,352957.8862900,3475,1292746,208234.5178100,0
1787537160000,0.1612800,0.1618400,0.1611100,0.1611300,1885267,1787537219999,304557.8302800,3030,1128375,182324.2195400,0
1787537220000,0.1611200,0.1617400,0.1610700,0.1613400,3016803,1787537279999,487055.2118600,3672,1365424,220501.3490400,0
1787537280000,0.1613300,0.1615900,0.1612100,0.1614300,1392572,1787537339999,224753.5930400,2092,554606,89518.4719400,0
1787537340000,0.1614300,0.1616200,0.1606300,0.1608500,4409044,1787537399999,709904.2539000,5092,2149659,345970.5710100,0
1787537400000,0.1608400,0.1620600,0.1595000,0.1619100,14659774,1787537459999,2358925.2651900,12734,7365018,1184415.6959000,0
1787537460000,0.1619200,0.1626400,0.1616300,0.1625200,3404983,1787537519999,552137.2191300,4088,1729630,280610.5248000,0
1787537520000,0.1625200,0.1625200,0.1621100,0.1622800,1459180,1787537579999,236842.0010900,2783,707995,114903.7709500,0
1787537580000,0.1622800,0.1634600,0.1621400,0.1629900,3998359,1787537639999,651166.1259400,4722,2908067,473484.7996000,0
1787537640000,0.1629900,0.1635500,0.1629000,0.1634500,2836467,1787537699999,463380.3174600,3415,1693910,276709.9869200,0
1787537700000,0.1634500,0.1643600,0.1633700,0.1638600,5247666,1787537759999,860455.1358700,5869,3022243,495591.5152600,0
1787537760000,0.1638500,0.1640400,0.1633600,0.1633700,2611240,1787537819999,427586.3581700,3337,806837,132167.0886200,0
1787537820000,0.1634100,0.1634800,0.1629200,0.1633300,1646813,1787537879999,268758.1090400,2845,732287,119517.5603300,0
1787537880000,0.1633400,0.1641500,0.1631500,0.1640600,3444630,1787537939999,563577.5826500,4157,1982023,324293.3767900,0
1787537940000,0.1640600,0.1657700,0.1639400,0.1653300,10339978,1787537999999,1707878.7752300,9552,5285539,872689.7915400,0
1787538000000,0.1653300,0.1653700,0.1647200,0.1651400,2584849,1787538059999,426697.2688900,4208,1415677,233701.4769500,0
1787538060000,0.1651500,0.1659900,0.1650900,0.1659600,4167704,1787538119999,690467.5300200,5277,1986880,329219.3730800,0
1787538120000,0.1659200,0.1659500,0.1650700,0.1651300,2573433,1787538179999,425689.9799200,4549,1028783,170180.0821400,0
1787538180000,0.1651200,0.1653000,0.1650100,0.1651000,1412471,1787538239999,233291.6550800,2737,783971,129499.1706900,0
1787538240000,0.1650900,0.1655000,0.1648200,0.1653200,2714624,1787538299999,448642.7743200,3508,1897539,313666.1553800,0
1787538300000,0.1653000,0.1654600,0.1650000,0.1653100,1567732,1787538359999,259024.5290700,2487,786351,129936.0534900,0
1787538360000,0.1653100,0.1659300,0.1650900,0.1652600,2643486,1787538419999,437604.0927600,3765,1320479,218651.7084500,0
1787538420000,0.1652700,0.1653700,0.1649000,0.1651900,1844347,1787538479999,304628.3214000,2551,984207,162582.9128100,0
1787538480000,0.1651800,0.1654800,0.1646900,0.1649100,1362906,1787538539999,224940.4284300,2267,677880,111931.1092400,0
1787538540000,0.1649200,0.1649600,0.1641900,0.1644800,1833054,1787538599999,301497.8502400,2630,778107,127967.2425500,0
1787538600000,0.1644700,0.1657000,0.1643800,0.1652400,3343818,1787538659999,552192.3339900,4304,2447340,404197.1974200,0
1787538660000,0.1652400,0.1657200,0.1650700,0.1656100,1657674,1787538719999,274203.7064700,2843,751221,124268.4467900,0
1787538720000,0.1656000,0.1658600,0.1653000,0.1656600,3003909,1787538779999,497616.3986500,3901,1908497,316167.1808800,0
1787538780000,0.1656600,0.1657000,0.1652600,0.1655000,1308026,1787538839999,216529.0607700,2222,534802,88530.7622700,0
1787538840000,0.1655000,0.1657800,0.1653100,0.1657300,1619503,1787538899999,268154.4703000,2642,1036435,171618.7359000,0
1787538900000,0.1657300,0.1658700,0.1652900,0.1657600,1675524,1787538959999,277535.3454700,2360,869730,144065.7482300,0
1787538960000,0.1657600,0.1662300,0.1651400,0.1652800,6550269,1787539019999,1085058.4812200,5805,2069876,342927.5843200,0
1787539020000,0.1652800,0.1658000,0.1652400,0.1652800,2176730,1787539079999,360204.8988300,2866,1195417,197825.9927500,0
1787539080000,0.1652800,0.1654000,0.1650000,0.1650500,1496308,1787539139999,247124.0869000,2391,807591,133378.8434900,0
1787539140000,0.1650600,0.1655100,0.1648200,0.1655100,1227468,1787539199999,202710.8469600,1880,828766,136900.1342100,0
1787539200000,0.1655100,0.1655600,0.1651600,0.1655300,914576,1787539259999,151261.9593200,1971,489548,80969.7112100,0
1787539260000,0.1655300,0.1655900,0.1651500,0.1654300,683835,1787539319999,113092.4153400,1585,393082,65000.8820300,0
1787539320000,0.1654300,0.1655100,0.1648200,0.1649500,1095050,1787539379999,180855.8170600,1997,456464,75414.7807100,0
1787539380000,0.1649400,0.1652000,0.1647200,0.1650300,1059689,1787539439999,174765.5890300,1817,642477,105980.9851700,0
1787539440000,0.1650200,0.1653300,0.1648500,0.1651100,1117206,1787539499999,184452.5084400,2298,676277,111653.0475900,0
1787539500000,0.1651100,0.1651100,0.1642600,0.1645300,1440568,1787539559999,237010.9363800,2736,688256,113222.0904000,0
1787539560000,0.1645300,0.1647200,0.1634200,0.1635200,2759522,1787539619999,452373.9372200,3961,818601,134233.4590300,0
1787539620000,0.1635200,0.1640700,0.1633100,0.1640600,3263390,1787539679999,533999.7273700,4425,1482952,242814.6112900,0
1787539680000,0.1640300,0.1643400,0.1638400,0.1643000,878526,1787539739999,144202.5721000,1974,495998,81422.7700100,0
1787539740000,0.1643000,0.1646600,0.1640300,0.1645900,1015833,1787539799999,166910.0310900,1941,717123,117841.8951200,0
1787539800000,0.1646200,0.1655500,0.1645600,0.1648400,1898233,1787539859999,313494.5215900,2932,1194576,197293.5599800,0
1787539860000,0.1648400,0.1650300,0.1646000,0.1647000,1031370,1787539919999,169969.1405000,1864,442052,72857.6370100,0
1787539920000,0.1646900,0.1647300,0.1639800,0.1642100,2060794,1787539979999,338701.2115700,2141,393201,64604.1956900,0
1787539980000,0.1642000,0.1642900,0.1640500,0.1640900,900361,1787540039999,147801.0904500,1533,544374,89356.9434100,0
1787540040000,0.1641000,0.1643700,0.1640100,0.1642300,557601,1787540099999,91570.3666200,1254,322168,52902.3011800,0
1787540100000,0.1642200,0.1647800,0.1641800,0.1647100,857173,1787540159999,140946.6306600,1782,498028,81906.1762200,0
1787540160000,0.1647100,0.1654500,0.1646700,0.1653200,875465,1787540219999,144578.0633500,1593,686527,113368.4579000,0
1787540220000,0.1653100,0.1653900,0.1649400,0.1651400,1522823,1787540279999,251557.6055400,1798,505350,83449.3787800,0
1787540280000,0.1651400,0.1651800,0.1644900,0.1647000,1009598,1787540339999,166340.8263900,1922,409364,67461.8646800,0
1787540340000,0.1647100,0.1651500,0.1647100,0.1650500,572116,1787540399999,94351.7714400,1462,360832,59509.8900300,0
1787540400000,0.1650500,0.1652800,0.1648700,0.1649500,888116,1787540459999,146585.5423900,2350,420757,69447.5539600,0
1787540460000,0.1649600,0.1650600,0.1643700,0.1647000,995358,1787540519999,163870.3134300,2356,393039,64717.5349800,0
1787540520000,0.1646900,0.1647700,0.1641000,0.1643500,1439765,1787540579999,236569.6099700,2124,362535,59577.3528900,0
1787540580000,0.1643400,0.1643400,0.1636100,0.1638100,1085804,1787540639999,177974.8619000,2368,447900,73407.2172700,0
1787540640000,0.1638100,0.1642000,0.1638100,0.1638300,657233,1787540699999,107783.2773400,1883,308097,50524.4507800,0
1787540700000,0.1638300,0.1639000,0.1636200,0.1637800,796188,1787540759999,130384.1617900,1792,348860,57134.2002700,0
1787540760000,0.1637900,0.1644800,0.1636300,0.1642500,2066789,1787540819999,338992.8185500,2319,1414347,231960.5031600,0
1787540820000,0.1642500,0.1647700,0.1641000,0.1644200,1280030,1787540879999,210447.9965100,2188,643165,105734.2520200,0
1787540880000,0.1644300,0.1644300,0.1637400,0.1638400,1000418,1787540939999,164065.5283800,1799,423184,69417.7778400,0
1787540940000,0.1638500,0.1644300,0.1635000,0.1644200,3718357,1787540999999,609477.2514200,3624,2413326,395775.4109200,0
1787541000000,0.1644200,0.1648800,0.1643100,0.1643100,2413140,1787541059999,397022.4292100,3174,895569,147337.2337600,0
1787541060000,0.1643100,0.1650000,0.1637100,0.1645000,6234751,1787541119999,1024996.1442800,6451,3333421,547980.5492000,0
1787541120000,0.1644900,0.1647200,0.1643500,0.1645700,786976,1787541179999,129518.8387200,1856,402657,66273.7860000,0
1787541180000,0.1645700,0.1646800,0.1639100,0.1640400,1088286,1787541239999,178980.3811500,2391,455730,74954.5045800,0
1787541240000,0.1640300,0.1641300,0.1625500,0.1626800,5005391,1787541299999,816962.8805200,5215,1043622,170548.4163800,0
1787541300000,0.1626900,0.1628300,0.1615500,0.1619700,6861145,1787541359999,1112446.3594400,8955,2340757,379534.4739800,0
1787541360000,0.1619600,0.1623300,0.1614200,0.1616100,3716439,1787541419999,601285.6672500,5061,1433153,231926.0538100,0
1787541420000,0.1616200,0.1620500,0.1616200,0.1619700,1184905,1787541479999,191813.8789400,2587,719779,116531.8296700,0
1787541480000,0.1619500,0.1622000,0.1617600,0.1620500,1198606,1787541539999,194160.6473200,1924,724873,117428.3778000,0
1787541540000,0.1620500,0.1622100,0.1613500,0.1619400,2318827,1787541599999,374908.2154200,2749,1406124,227228.7619800,0
1787541600000,0.1619400,0.1623400,0.1617900,0.1620400,3065593,1787541659999,496758.9240900,3213,945299,153215.6871800,0
1787541660000,0.1620300,0.1629500,0.1618200,0.1626800,3235137,1787541719999,525735.6657200,3374,2511927,408226.8196900,0
1787541720000,0.1626800,0.1633300,0.1626100,0.1633000,1303847,1787541779999,212538.2262400,1892,997639,162623.2364300,0
1787541780000,0.1633000,0.1635700,0.1630700,0.1634100,1070841,1787541839999,174936.8182100,1693,521148,85147.9562700,0
1787541840000,0.1634100,0.1637200,0.1632600,0.1636200,1281262,1787541899999,209431.8869500,1980,622075,101716.4402100,0
1787541900000,0.1636100,0.1638400,0.1633100,0.1634900,1865794,1787541959999,305222.4879800,2724,833738,136405.3369900,0
1787541960000,0.1634800,0.1642100,0.1633600,0.1638500,1117639,1787542019999,183025.5583200,2094,743238,121701.6448400,0
1787542020000,0.1638500,0.1644300,0.1636900,0.1640400,1178196,1787542079999,193470.0687300,2174,598375,98244.9381500,0
1787542080000,0.1640500,0.1643200,0.1639600,0.1641200,781947,1787542139999,128336.4485200,1364,447790,73492.3815800,0
1787542140000,0.1641200,0.1641900,0.1635100,0.1635200,530496,1787542199999,86888.2617100,1611,199453,32668.6102800,0
1787542200000,0.1635100,0.1638600,0.1631700,0.1636100,2389831,1787542259999,390756.1988500,3809,1107195,181066.5317200,0
1787542260000,0.1636000,0.1644300,0.1629600,0.1643600,2197023,1787542319999,359682.1517200,3135,1337832,219193.1712100,0
1787542320000,0.1643600,0.1645900,0.1638700,0.1645100,1724898,1787542379999,283427.9049400,2925,765356,125797.4605000,0
1787542380000,0.1645000,0.1645700,0.1637500,0.1639800,1176775,1787542439999,193352.0904000,2215,475794,78197.4060600,0
1787542440000,0.1639800,0.1640700,0.1636300,0.1637000,1446601,1787542499999,237018.4628100,2429,685651,112365.8220200,0
1787542500000,0.1637200,0.1639400,0.1633600,0.1635400,2366227,1787542559999,387239.4858600,2951,1579446,258518.7686600,0
1787542560000,0.1635400,0.1642100,0.1634100,0.1640600,6735622,1787542619999,1103816.8321400,6442,5095835,835096.7117400,0
1787542620000,0.1640600,0.1645700,0.1640000,0.1645600,2175270,1787542679999,357491.4549000,3081,1341410,220448.8777300,0
1787542680000,0.1645700,0.1653900,0.1644700,0.1646600,2933872,1787542739999,483687.7786800,3864,1605547,264763.1603600,0
1787542740000,0.1646500,0.1649600,0.1641800,0.1643800,1763396,1787542799999,290126.0380500,2627,954582,157078.6650500,0
1787542800000,0.1643800,0.1644800,0.1640700,0.1641200,676533,1787542859999,111145.6759000,1648,267544,43957.9353200,0
1787542860000,0.1641100,0.1647900,0.1640400,0.1645200,2410048,1787542919999,396505.7213100,2609,870907,143219.3943400,0
1787542920000,0.1645200,0.1645400,0.1642000,0.1644000,966067,1787542979999,158752.0013400,1754,354754,58304.8764800,0
1787542980000,0.1644000,0.1647400,0.1643000,0.1645200,684517,1787543039999,112628.0974400,1350,305631,50280.0870500,0
1787543040000,0.1645300,0.1651300,0.1643900,0.1649200,1908333,1787543099999,314304.9224000,2634,1276190,210229.9730200,0
1787543100000,0.1649100,0.1655900,0.1648600,0.1651600,2736682,1787543159999,452403.5817900,3878,1506999,249148.4732000,0
1787543160000,0.1651600,0.1655100,0.1649200,0.1650600,1179694,1787543219999,194899.0352900,2313,740507,122355.3117100,0
1787543220000,0.1650500,0.1650900,0.1647800,0.1648800,1008589,1787543279999,166366.2279000,1872,528510,87175.4775700,0
1787543280000,0.1648800,0.1650400,0.1642500,0.1645500,1576470,1787543339999,259510.3628900,2030,400493,65963.3159300,0
1787543340000,0.1645500,0.1648500,0.1641600,0.1646700,1678917,1787543399999,276082.8383600,2054,1186327,195080.8761200,0
1787543400000,0.1646700,0.1646900,0.1642000,0.1643200,1615408,1787543459999,265562.2966800,2096,837945,137754.3802700,0
1787543460000,0.1642800,0.1645000,0.1640700,0.1643700,1346471,1787543519999,221283.5242700,1882,757092,124443.9972200,0
1787543520000,0.1643800,0.1644000,0.1634900,0.1636100,1609789,1787543579999,263883.6342700,2055,431579,70719.8034400,0
1787543580000,0.1636000,0.1639100,0.1634000,0.1634900,2413300,1787543639999,395008.8926400,2660,1435617,234991.2395300,0
1787543640000,0.1635000,0.1644400,0.1634100,0.1643700,1812274,1787543699999,296984.0169300,2526,1204440,197387.5418200,0
1787543700000,0.1643600,0.1649200,0.1642600,0.1649100,981562,1787543759999,161491.2539700,1888,604951,99547.0294400,0
1787543760000,0.1649200,0.1650000,0.1645100,0.1646400,1376127,1787543819999,226685.4182400,1926,618001,101803.4821400,0
1787543820000,0.1646300,0.1646600,0.1638500,0.1639700,1504665,1787543879999,247266.1738200,1865,621497,102183.3540800,0
1787543880000,0.1639800,0.1642400,0.1638200,0.1638700,1198114,1787543939999,196507.1612300,1984,407184,66794.4024200,0
1787543940000,0.1638600,0.1641500,0.1637300,0.1640600,1031018,1787543999999,168994.1322500,1597,601213,98564.7426300,0
1787544000000,0.1640600,0.1652600,0.1640300,0.1651600,1894294,1787544059999,312129.6740600,2821,1430602,235684.3040500,0
1787544060000,0.1651600,0.1656400,0.1649200,0.1651500,2562604,1787544119999,423413.7697200,3545,1227717,202958.7307800,0
1787544120000,0.1651500,0.1653700,0.1645700,0.1649800,1696016,1787544179999,279695.1099100,2489,797008,131473.5038900,0
1787544180000,0.1649800,0.1655900,0.1649800,0.1653200,1618441,1787544239999,267590.9129400,2071,1086120,179582.3141500,0
1787544240000,0.1653300,0.1657900,0.1653100,0.1655000,1935039,1787544299999,320413.0797200,3154,947450,156895.3534200,0
1787544300000,0.1655100,0.1655900,0.1650000,0.1653400,1711140,1787544359999,282760.6908600,2537,517175,85466.6549700,0
1787544360000,0.1653400,0.1655500,0.1650000,0.1650200,1392808,1787544419999,230176.5527700,2215,761765,125933.0653000,0
1787544420000,0.1650200,0.1653600,0.1650000,0.1651700,1095405,1787544479999,180945.8396600,1782,522163,86253.4528400,0
1787544480000,0.1651700,0.1655800,0.1650200,0.1652300,1027991,1787544539999,169963.8743900,1591,586891,97034.6932200,0
1787544540000,0.1652300,0.1654700,0.1649700,0.1653700,1156361,1787544599999,191075.5214400,1696,748386,123672.4465000,0
1787544600000,0.1653800,0.1663700,0.1653400,0.1660300,3508718,1787544659999,582122.6370500,4136,2380854,394938.1892100,0
1787544660000,0.1660200,0.1669100,0.1657400,0.1665200,5168588,1787544719999,860195.5594200,5717,3032222,504698.4814000,0
1787544720000,0.1665200,0.1665200,0.1659100,0.1662100,5811907,1787544779999,965894.6697800,4149,1523196,253152.3137500,0
1787544780000,0.1662100,0.1674300,0.1662100,0.1669800,6388299,1787544839999,1066796.0894500,6737,4204834,702163.8893000,0
1787544840000,0.1669800,0.1670900,0.1668000,0.1669300,3462495,1787544899999,578151.0388000,2848,1199709,200311.5077600,0
1787544900000,0.1669300,0.1671300,0.1665000,0.1666100,3090297,1787544959999,515598.3513400,3592,1347157,224754.8093200,0
1787544960000,0.1666100,0.1673100,0.1662000,0.1671700,5256308,1787545019999,877076.7925900,5195,3318440,553920.0205400,0
1787545020000,0.1671600,0.1674100,0.1669600,0.1671400,2641854,1787545079999,441721.4346800,3412,1512351,252887.6681400,0
1787545080000,0.1671600,0.1689100,0.1670900,0.1680800,13123911,1787545139999,2207837.6161500,12684,9030722,1519132.5940900,0
1787545140000,0.1680900,0.1687500,0.1680200,0.1684200,8072181,1787545199999,1359422.5974200,5269,2975550,501098.7902300,0
1787545200000,0.1684200,0.1684200,0.1676200,0.1677500,3736018,1787545259999,627589.7922400,4044,1260767,211762.1537400,0
1787545260000,0.1677400,0.1680900,0.1676100,0.1679100,3441786,1787545319999,577779.0292800,3535,2154062,361625.7403900,0
1787545320000,0.1679000,0.1680700,0.1676200,0.1677900,2244124,1787545379999,376732.3595400,2984,1191620,200040.1148100,0
1787545380000,0.1677900,0.1686800,0.1670900,0.1685000,4907612,1787545439999,824271.5033000,6609,2968222,498673.3427500,0
1787545440000,0.1685000,0.1685700,0.1680400,0.1682800,2296627,1787545499999,386442.4966600,3676,974205,163950.1711300,0
1787545500000,0.1682700,0.1700600,0.1680300,0.1687600,12019181,1787545559999,2034998.7638500,11775,7944005,1344870.4258300,0
1787545560000,0.1687300,0.1690000,0.1680000,0.1680100,3273131,1787545619999,551749.6524000,4591,1127409,190136.6690000,0
1787545620000,0.1680000,0.1683300,0.1677900,0.1679000,2187745,1787545679999,367690.9515600,3586,1062171,178524.3470900,0
1787545680000,0.1678900,0.1680300,0.1675100,0.1678400,2171719,1787545739999,364352.2270700,2644,1092035,183222.1494300,0
1787545740000,0.1678400,0.1682900,0.1678200,0.1680900,1221906,1787545799999,205423.7065200,2338,843920,141874.4036900,0
1787545800000,0.1680900,0.1682800,0.1678000,0.1679000,2153804,1787545859999,361912.1826400,2639,718416,120749.8008900,0
1787545860000,0.1679100,0.1688700,0.1677300,0.1684400,2314876,1787545919999,389917.5036500,3861,1620097,272912.9334800,0
1787545920000,0.1684500,0.1686800,0.1682000,0.1684800,2450182,1787545979999,412713.2167300,3747,1311653,220935.2635200,0
1787545980000,0.1684700,0.1688500,0.1681900,0.1685700,4900660,1787546039999,826160.3953700,4581,1966502,331505.3736100,0
1787546040000,0.1685900,0.1688300,0.1681800,0.1682600,1747423,1787546099999,294481.8153600,3000,964872,162638.9773400,0
1787546100000,0.1682600,0.1686100,0.1679600,0.1680700,1515960,1787546159999,254969.8810200,3081,733241,123333.6580400,0
1787546160000,0.1680700,0.1688800,0.1680500,0.1688500,1975199,1787546219999,333059.2824100,3417,1428812,240922.0470300,0
1787546220000,0.1688600,0.1693100,0.1687500,0.1690800,3090286,1787546279999,522539.5231700,4141,1290296,218180.8394300,0
1787546280000,0.1690800,0.1690900,0.1682700,0.1685700,2322532,1787546339999,391376.9079200,3311,972290,163857.4359200,0
1787546340000,0.1685700,0.1686800,0.1682500,0.1684200,1524191,1787546399999,256738.9933400,2437,629965,106136.2244000,0
1787546400000,0.1684200,0.1686400,0.1680000,0.1680100,1481996,1787546459999,249475.4067600,2242,491575,82795.2473200,0
1787546460000,0.1680200,0.1689000,0.1680200,0.1689000,1556917,1787546519999,262559.1865100,2681,867667,146288.7753900,0
1787546520000,0.1689000,0.1698300,0.1688900,0.1694000,3326906,1787546579999,563873.3474500,4099,2077306,352070.2744800,0
1787546580000,0.1694100,0.1695800,0.1691400,0.1692500,1589986,1787546639999,269200.6885900,2449,586131,99262.4671700,0
1787546640000,0.1692400,0.1697500,0.1692400,0.1693800,2002319,1787546699999,339307.8537000,2916,1351929,229117.3268700,0
1787546700000,0.1693600,0.1698200,0.1688100,0.1689500,2483485,1787546759999,420485.8088600,4351,1182489,200365.2017700,0
1787546760000,0.1689500,0.1690200,0.1681100,0.1684400,4435626,1787546819999,747067.1679400,5518,1197082,201640.2724100,0
1787546820000,0.1684400,0.1688600,0.1684400,0.1685400,934170,1787546879999,157535.4034700,2255,586604,98929.9439700,0
1787546880000,0.1685400,0.1685800,0.1673100,0.1676800,4110052,1787546939999,689802.8374000,5007,1549401,260018.6614200,0
1787546940000,0.1676900,0.1678200,0.1665400,0.1669300,6569627,1787546999999,1097537.4985100,6413,1836354,306837.8459700,0
1787547000000,0.1669300,0.1674100,0.1662300,0.1663600,3802267,1787547059999,634029.2346700,4684,1194444,199407.4608700,0
1787547060000,0.1663600,0.1665500,0.1659000,0.1661000,8474001,1787547119999,1408149.7855200,7047,5213728,866363.4865700,0
1787547120000,0.1661100,0.1664900,0.1652300,0.1661300,7589839,1787547179999,1258308.9239700,7930,2658831,441124.0825800,0
1787547180000,0.1661300,0.1665300,0.1656600,0.1664000,2208378,1787547239999,366992.6713400,3780,1193556,198425.0039200,0
1787547240000,0.1663900,0.1672400,0.1663400,0.1671600,2401726,1787547299999,400795.6578200,3359,1641188,273945.6172700,0
1787547300000,0.1671500,0.1671500,0.1660600,0.1661500,1289204,1787547359999,214793.8319700,2603,371102,61835.1603900,0
1787547360000,0.1661600,0.1667400,0.1661300,0.1663300,2266988,1787547419999,377307.1915900,2763,1577311,262518.4207400,0
1787547420000,0.1663300,0.1665100,0.1662200,0.1664200,796708,1787547479999,132562.4099200,1606,403514,67144.5112800,0
1787547480000,0.1664200,0.1667000,0.1662800,0.1664200,1372595,1787547539999,228517.1161700,1620,494566,82350.7152500,0
1787547540000,0.1664200,0.1667300,0.1662800,0.1666600,722153,1787547599999,120285.6827100,1450,329678,54915.5468200,0
1787547600000,0.1666500,0.1666600,0.1658100,0.1662000,1650132,1787547659999,274062.8135300,3178,688687,114367.9296700,0
1787547660000,0.1662000,0.1667500,0.1657100,0.1667300,1756099,1787547719999,291677.2922700,3021,1031927,171515.2089600,0
1787547720000,0.1667300,0.1675400,0.1666000,0.1670600,2199111,1787547779999,367774.5985100,3246,1464185,244913.9293700,0
1787547780000,0.1670600,0.1673100,0.1669300,0.1670500,1080306,1787547839999,180525.6192000,2271,529768,88536.4483000,0
1787547840000,0.1670400,0.1676900,0.1665500,0.1674000,3363078,1787547899999,562513.8558500,3635,2078067,347744.6709600,0
1787547900000,0.1674000,0.1681200,0.1671700,0.1677400,2810736,1787547959999,471669.9758100,3630,1908915,320360.6386500,0
1787547960000,0.1677100,0.1677100,0.1672900,0.1673500,1668744,1787548019999,279433.3989500,2264,740740,124044.9968100,0
1787548020000,0.1673500,0.1673900,0.1668000,0.1673100,1830801,1787548079999,305827.6675200,2694,704634,117734.2314800,0
1787548080000,0.1673100,0.1676900,0.1672900,0.1675600,1018241,1787548139999,170545.3563600,1808,629035,105358.8832200,0
1787548140000,0.1675600,0.1682100,0.1673300,0.1680000,3298038,1787548199999,553382.0428200,3708,2259572,379253.1042700,0
1787548200000,0.1679900,0.1681400,0.1676600,0.1681300,2121629,1787548259999,356217.0449500,2485,1259852,211534.8505700,0
1787548260000,0.1681300,0.1684700,0.1678300,0.1680000,2242333,1787548319999,376915.4385500,2937,772551,129883.6395200,0
1787548320000,0.1680000,0.1682100,0.1678800,0.1679700,1522174,1787548379999,255810.3920100,2447,915805,153922.4096700,0
1787548380000,0.1679800,0.1686200,0.1674700,0.1685700,3454101,1787548439999,580432.2368000,3815,2219114,372889.2910200,0
1787548440000,0.1685800,0.1693400,0.1684900,0.1690200,6536859,1787548499999,1104567.9751600,5470,3399316,574425.7125000,0
1787548500000,0.1690100,0.1690100,0.1681800,0.1683300,4247640,1787548559999,715841.7555700,4918,1534717,258731.4893700,0
1787548560000,0.1683200,0.1693800,0.1683000,0.1688500,4115124,1787548619999,694975.7028900,4131,2960462,500017.9999200,0
1787548620000,0.1688300,0.1688800,0.1685600,0.1686800,1535723,1787548679999,259066.2969600,1897,583918,98494.3207200,0
1787548680000,0.1686900,0.1691200,0.1685500,0.1688100,1972283,1787548739999,332864.2920500,1922,1231838,207865.2310100,0
1787548740000,0.1688200,0.1692200,0.1688100,0.1690000,1425450,1787548799999,240981.9806500,1924,893379,151036.2469500,0
1787548800000,0.1690200,0.1690300,0.1683900,0.1685500,2073814,1787548859999,349728.5124800,2713,1030119,173753.1777800,0
1787548860000,0.1685600,0.1687400,0.1675500,0.1678900,4373826,1787548919999,734544.5300300,4379,1992111,334513.5284900,0
1787548920000,0.1679000,0.1681900,0.1675800,0.1681200,2107490,1787548979999,353622.3985000,2484,1386144,232593.2062000,0
1787548980000,0.1681300,0.1683400,0.1679900,0.1679900,1164923,1787549039999,195928.8719900,1797,409770,68913.4250300,0
1787549040000,0.1679900,0.1680900,0.1675900,0.1677300,1068692,1787549099999,179349.0533200,1850,386459,64879.1637600,0
1787549100000,0.1677300,0.1677300,0.1671300,0.1674400,2967552,1787549159999,496935.7877400,2694,941747,157701.9658500,0
1787549160000,0.1674500,0.1679000,0.1673200,0.1678400,923655,1787549219999,154877.3754400,1589,725346,121620.7563500,0
1787549220000,0.1678500,0.1678500,0.1672400,0.1673800,1015658,1787549279999,170003.4319000,1888,453977,75982.3773100,0
1787549280000,0.1673700,0.1674900,0.1670100,0.1673500,1728904,1787549339999,289160.2045700,2075,902014,150880.9966000,0
1787549340000,0.1673400,0.1673400,0.1669300,0.1670700,1200052,1787549399999,200494.3805100,1584,345545,57739.1617800,0
1787549400000,0.1670700,0.1671100,0.1664500,0.1665300,1894003,1787549459999,315767.8962200,2601,771231,128601.3540700,0
1787549460000,0.1665200,0.1668800,0.1654000,0.1660400,6223197,1787549519999,1033314.1919400,5880,2517135,418018.0152700,0
1787549520000,0.1660300,0.1669200,0.1660200,0.1667100,1994017,1787549579999,332390.0194000,3304,1418189,236413.1591200,0
1787549580000,0.1667100,0.1670300,0.1664700,0.1669800,1284355,1787549639999,214177.6197300,2123,743702,124038.8818700,0
1787549640000,0.1669700,0.1670200,0.1666900,0.1668400,1445674,1787549699999,241221.7586000,2059,574245,95828.3846700,0
1787549700000,0.1668400,0.1672300,0.1667600,0.1670900,1266126,1787549759999,211521.0248300,2231,911791,152340.4430200,0
1787549760000,0.1670900,0.1670900,0.1663500,0.1669000,1412532,1787549819999,235473.5970000,2518,517658,86295.2976800,0
1787549820000,0.1669100,0.1677000,0.1666700,0.1676400,893367,1787549879999,149405.0731200,1931,434491,72653.7062100,0
1787549880000,0.1676300,0.1678400,0.1672700,0.1672700,696830,1787549939999,116794.1186400,1602,210357,35269.7152100,0
1787549940000,0.1672600,0.1677400,0.1671300,0.1672800,1072583,1787549999999,179548.4482900,1573,621797,104100.3436300,0
1787550000000,0.1672900,0.1680500,0.1671000,0.1678500,1584829,1787550059999,265684.9973900,2699,1051984,176386.1238000,0
1787550060000,0.1678600,0.1679400,0.1676800,0.1678800,715511,1787550119999,120054.7754700,1587,361012,60577.6956300,0
1787550120000,0.1678800,0.1679300,0.1672800,0.1674200,710073,1787550179999,118983.0391500,1543,284453,47654.4563500,0
1787550180000,0.1674100,0.1675600,0.1671900,0.1673600,893194,1787550239999,149467.2175000,1719,423935,70945.4467500,0
1787550240000,0.1673500,0.1673600,0.1666900,0.1668800,877286,1787550299999,146498.5706400,1708,237355,39639.3831000,0
1787550300000,0.1668800,0.1672100,0.1668800,0.1670400,695991,1787550359999,116251.9679300,1660,388902,64968.2653000,0
1787550360000,0.1670400,0.1672300,0.1667100,0.1667600,648393,1787550419999,108244.3377300,1308,282608,47183.7389000,0
1787550420000,0.1667600,0.1667600,0.1662800,0.1665000,1359442,1787550479999,226312.5962400,1980,362611,60381.3585700,0
1787550480000,0.1665100,0.1672800,0.1665000,0.1668600,1306001,1787550539999,218099.0088900,1653,1027472,171587.8876200,0
1787550540000,0.1668600,0.1669500,0.1667100,0.1669100,327890,1787550599999,54707.2310800,1022,154478,25776.2049200,0
1787550600000,0.1669100,0.1669600,0.1664600,0.1667100,716684,1787550659999,119474.8355200,1538,256821,42811.2038500,0
1787550660000,0.1667100,0.1667500,0.1663100,0.1665700,855537,1787550719999,142469.5041300,1680,298577,49730.8750300,0
1787550720000,0.1665700,0.1668500,0.1663600,0.1668100,668173,1787550779999,111285.7285500,1015,378733,63084.2916500,0
1787550780000,0.1668100,0.1671100,0.1664700,0.1668400,2117883,1787550839999,353311.0974600,2121,1377422,229785.4776000,0
1787550840000,0.1668300,0.1670000,0.1666900,0.1668400,305012,1787550899999,50892.0745300,812,115942,19347.7704100,0
1787550900000,0.1668300,0.1669100,0.1665200,0.1667300,881196,1787550959999,146922.5637900,1553,586928,97864.2297600,0
1787550960000,0.1667200,0.1667800,0.1664100,0.1665000,805171,1787551019999,134140.4188800,1542,377183,62842.0884400,0
1787551020000,0.1664900,0.1667100,0.1661400,0.1663600,2181339,1787551079999,363120.6902900,2542,1203964,200417.6231000,0
1787551080000,0.1663500,0.1672300,0.1663300,0.1672300,982807,1787551139999,164071.5333200,1846,691201,115375.3403500,0
1787551140000,0.1672200,0.1679700,0.1671400,0.1677900,2686653,1787551199999,450408.0476200,2944,1949937,326907.7323700,0
1787551200000,0.1677800,0.1682100,0.1675300,0.1676500,1752967,1787551259999,294271.3101200,3036,810015,136019.1750100,0
1787551260000,0.1676500,0.1677700,0.1672200,0.1674900,1393260,1787551319999,233358.5898900,2600,821159,137549.5537400,0
1787551320000,0.1674800,0.1680900,0.1673600,0.1680500,974150,1787551379999,163503.1823300,2160,625824,105026.5615700,0
1787551380000,0.1680600,0.1680600,0.1673400,0.1674100,956855,1787551439999,160400.0734500,2200,333464,55891.6217600,0
1787551440000,0.1674000,0.1674000,0.1668300,0.1668400,1318436,1787551499999,220243.1488000,2338,281110,46970.6165700,0
1787551500000,0.1668300,0.1669800,0.1666200,0.1669600,937778,1787551559999,156430.4154500,1778,295749,49332.5356500,0
1787551560000,0.1669500,0.1670700,0.1666900,0.1670500,839434,1787551619999,140077.8197400,1732,412734,68871.6935100,0
1787551620000,0.1670400,0.1678200,0.1670400,0.1676500,1066215,1787551679999,178641.4288700,2070,634368,106270.5437500,0
1787551680000,0.1676400,0.1679900,0.1674200,0.1675700,1586463,1787551739999,266014.4211200,2470,749492,125656.6327800,0
1787551740000,0.1675700,0.1681000,0.1674100,0.1678400,1363218,1787551799999,228821.2902700,2058,791520,132895.5168900,0
1787551800000,0.1678400,0.1679100,0.1673000,0.1674900,552355,1787551859999,92566.6043900,1435,201475,33751.9516700,0
1787551860000,0.1674900,0.1677700,0.1673400,0.1677200,869803,1787551919999,145756.9673300,1754,415670,69665.3873100,0
1787551920000,0.1677200,0.1679900,0.1676200,0.1678700,971674,1787551979999,163049.7623100,2305,555828,93274.8285100,0
1787551980000,0.1678800,0.1683600,0.1678000,0.1681600,2079297,1787552039999,349574.7675000,3154,1312584,220683.9229600,0
1787552040000,0.1681700,0.1685600,0.1679400,0.1683200,1250474,1787552099999,210478.7605300,2350,700742,117950.7466600,0
1787552100000,0.1683100,0.1683100,0.1676200,0.1676300,1478855,1787552159999,248334.7006200,2737,519301,87237.7311500,0
1787552160000,0.1676300,0.1676600,0.1672800,0.1675100,1145574,1787552219999,191827.9306200,1889,326524,54686.1253000,0
1787552220000,0.1675100,0.1679200,0.1675100,0.1678100,711596,1787552279999,119390.6247400,1667,549011,92107.3520300,0
1787552280000,0.1678100,0.1678100,0.1669600,0.1671000,1645227,1787552339999,274977.2928300,2455,461618,77146.2939800,0
1787552340000,0.1671000,0.1671100,0.1664100,0.1665300,1647470,1787552399999,274666.8394700,2519,583960,97381.6059400,0
1787552400000,0.1665200,0.1665400,0.1658300,0.1662800,2687866,1787552459999,446681.3669100,3545,1108128,184148.1436100,0
1787552460000,0.1662900,0.1669000,0.1658000,0.1663900,5369807,1787552519999,894163.8192400,5041,3937291,655669.4902100,0
1787552520000,0.1663900,0.1671100,0.1663900,0.1670400,3172567,1787552579999,529397.5522000,2559,2773685,462849.7436700,0
1787552580000,0.1670500,0.1673000,0.1669700,0.1670600,1101934,1787552639999,184172.3232300,2378,604644,101066.2909400,0
1787552640000,0.1670700,0.1672700,0.1670100,0.1672500,558432,1787552699999,93346.3699100,1010,382704,63973.1428600,0
1787552700000,0.1672500,0.1672500,0.1666600,0.1666600,585722,1787552759999,97786.1867700,1292,194493,32478.0552700,0
1787552760000,0.1666500,0.1667700,0.1663900,0.1664200,1177189,1787552819999,196080.1976000,1879,316720,52757.3806200,0
1787552820000,0.1664300,0.1667900,0.1662000,0.1665300,1195051,1787552879999,198994.2823400,2078,653831,108902.7545600,0
1787552880000,0.1665200,0.1667600,0.1664200,0.1665200,535849,1787552939999,89276.6677100,1362,169531,28243.2255700,0
1787552940000,0.1665100,0.1665500,0.1662500,0.1663600,694473,1787552999999,115549.8805900,1675,310199,51611.9149300,0
1787553000000,0.1663500,0.1664900,0.1658500,0.1659100,1485873,1787553059999,246860.4605200,2012,344932,57365.5146400,0
1787553060000,0.1659100,0.1659900,0.1636400,0.1644600,15453015,1787553119999,2541991.8614200,13480,5095074,837981.9354300,0
1787553120000,0.1644500,0.1644500,0.1637200,0.1641900,7282607,1787553179999,1194480.1023200,5563,4285983,703037.8200100,0
1787553180000,0.1641800,0.1641800,0.1637200,0.1639200,2268163,1787553239999,371847.9369200,2663,665786,109158.9728900,0
1787553240000,0.1639300,0.1642400,0.1631500,0.1631800,4336785,1787553299999,709976.4983600,4219,1568370,257030.2737400,0
1787553300000,0.1632300,0.1633100,0.1625100,0.1628300,7314972,1787553359999,1191508.3171800,6976,2767227,450759.8447400,0
1787553360000,0.1628400,0.1631000,0.1615600,0.1620300,8894921,1787553419999,1442759.2918900,7370,2763258,448556.6294500,0
1787553420000,0.1620400,0.1623800,0.1619300,0.1621700,2180354,1787553479999,353541.9537700,3349,1169147,189578.5816400,0
1787553480000,0.1621800,0.1622300,0.1594400,0.1608000,28207311,1787553539999,4527500.8672500,17160,9045243,1451564.3301200,0
1787553540000,0.1608000,0.1614700,0.1601100,0.1610400,6482334,1787553599999,1043022.1260400,6103,2723743,438450.3604300,0
1787553600000,0.1610300,0.1611800,0.1605500,0.1605600,2754462,1787553659999,443036.2702800,3283,1312803,211142.7046300,0
1787553660000,0.1605600,0.1608600,0.1592000,0.1594300,9939500,1787553719999,1589969.8663800,8595,3709585,593921.3963000,0
1787553720000,0.1594400,0.1601200,0.1594300,0.1598900,3130163,1787553779999,500408.2086400,4233,2009874,321293.2540400,0
1787553780000,0.1599100,0.1602500,0.1595600,0.1601400,3374256,1787553839999,539867.2933100,4233,1766752,282752.3599200,0
1787553840000,0.1601300,0.1610600,0.1600400,0.1608600,4744723,1787553899999,762534.0798600,4596,3735806,600424.7022700,0
1787553900000,0.1608600,0.1612200,0.1606700,0.1610200,5576740,1787553959999,897617.1816800,6862,3382214,544462.9936900,0
1787553960000,0.1610100,0.1610100,0.1598000,0.1602000,2822660,1787554019999,452147.5187600,4161,981794,157243.6173900,0
1787554020000,0.1602000,0.1616600,0.1601300,0.1616100,3297683,1787554079999,531298.6486100,4007,2696367,434485.0616800,0
1787554080000,0.1616100,0.1619200,0.1610500,0.1618600,5630748,1787554139999,909241.0068600,5405,3490623,563705.1246700,0
1787554140000,0.1618500,0.1622100,0.1616500,0.1618800,3679880,1787554199999,595845.5193300,4244,2107846,341415.6613300,0
1787554200000,0.1618800,0.1626300,0.1618800,0.1622400,3947098,1787554259999,640987.1589000,3990,2187197,355224.0321400,0
1787554260000,0.1622300,0.1622500,0.1613000,0.1617900,3991681,1787554319999,645782.2499400,4384,1536628,248687.1489200,0
1787554320000,0.1617700,0.1619500,0.1616300,0.1616500,2011467,1787554379999,325465.9308500,2070,941889,152406.6913700,0
1787554380000,0.1616500,0.1618500,0.1613000,0.1615600,2194949,1787554439999,354669.0871300,2808,1360409,219887.5016400,0
1787554440000,0.1615500,0.1616600,0.1613000,0.1616100,1809592,1787554499999,292235.5486600,2178,1071576,173071.7857700,0
1787554500000,0.1616100,0.1620200,0.1613000,0.1613700,5521239,1787554559999,892116.7552900,4167,1766992,285616.0234300,0
1787554560000,0.1613700,0.1627500,0.1601500,0.1622800,17305480,1787554619999,2789844.3224700,10672,10378141,1673177.7321800,0
1787554620000,0.1622800,0.1623600,0.1617700,0.1618400,3193904,1787554679999,517466.9692400,4441,1376722,223080.4736600,0
1787554680000,0.1618500,0.1622000,0.1618500,0.1619000,974664,1787554739999,157935.0479400,1649,533529,86464.6085300,0
1787554740000,0.1618900,0.1620300,0.1618600,0.1619200,724153,1787554799999,117253.3745000,1342,443594,71825.3666900,0
1787554800000,0.1619200,0.1621300,0.1617100,0.1618600,1663712,1787554859999,269389.5259400,3008,926360,150024.1316500,0
1787554860000,0.1618500,0.1618500,0.1613800,0.1615500,1360859,1787554919999,219914.8491400,2733,626297,101215.4580400,0
1787554920000,0.1615600,0.1616700,0.1614000,0.1615100,790355,1787554979999,127656.5843400,2069,429989,69452.1219100,0
1787554980000,0.1615100,0.1615100,0.1610300,0.1613900,1886072,1787555039999,304077.0741800,2927,719653,116054.6823300,0
1787555040000,0.1613900,0.1616700,0.1613800,0.1616000,918154,1787555099999,148322.2337700,2246,501901,81079.4366100,0
1787555100000,0.1616000,0.1616500,0.1610400,0.1611300,857286,1787555159999,138318.3713600,2278,349557,56402.6263500,0
1787555160000,0.1611300,0.1626500,0.1611300,0.1623300,3961127,1787555219999,642469.2449000,4512,2589647,419965.9812000,0
1787555220000,0.1623200,0.1625800,0.1623100,0.1625400,1507789,1787555279999,244970.4795100,2349,927634,150720.4251100,0
1787555280000,0.1625400,0.1627500,0.1620900,0.1622800,1610593,1787555339999,261564.1249700,2799,743598,120775.0544700,0
1787555340000,0.1622800,0.1630900,0.1622500,0.1627700,2543521,1787555399999,413973.7472100,3255,1723656,280511.0170000,0
1787555400000,0.1627700,0.1637200,0.1627500,0.1635500,3890696,1787555459999,635188.3288600,4237,2746347,448381.9826000,0
1787555460000,0.1635600,0.1638900,0.1634300,0.1636600,4242204,1787555519999,694273.1218800,4597,2370406,387969.8731800,0
1787555520000,0.1636700,0.1638100,0.1633300,0.1635700,3497985,1787555579999,572068.4760400,4145,1589555,259975.1544600,0
1787555580000,0.1635700,0.1636100,0.1632400,0.1633800,1433952,1787555639999,234306.8477800,2924,544163,88925.4315600,0
1787555640000,0.1633900,0.1637800,0.1633800,0.1636200,1419117,1787555699999,232179.6655500,2420,740743,121219.8996100,0
1787555700000,0.1636200,0.1636200,0.1629500,0.1633100,2965074,1787555759999,483986.7202500,3348,1008291,164653.2867400,0
1787555760000,0.1633000,0.1636100,0.1617700,0.1620300,7638498,1787555819999,1242819.0414000,6966,2407673,391633.6200600,0
1787555820000,0.1620300,0.1633800,0.1619100,0.1631600,5595131,1787555879999,911444.8739900,5212,3339532,543545.1546800,0
1787555880000,0.1631700,0.1632800,0.1628600,0.1630600,2117931,1787555939999,345396.4831200,2231,1141756,186182.5708500,0
1787555940000,0.1630700,0.1636100,0.1628300,0.1632000,2582870,1787555999999,421717.6959600,2791,1661072,271266.0399200,0
1787556000000,0.1631900,0.1632700,0.1624100,0.1629500,2869165,1787556059999,467386.5417200,3443,1912488,311580.9723300,0
1787556060000,0.1629500,0.1634800,0.1627600,0.1634300,1688517,1787556119999,275467.8233100,2264,902832,147284.4325200,0
1787556120000,0.1634300,0.1638500,0.1633800,0.1637600,2146803,1787556179999,351387.6917000,2813,1470749,240755.8896800,0
1787556180000,0.1637600,0.1642000,0.1637600,0.1641500,1598455,1787556239999,262105.1457900,2580,1163721,190817.8310500,0
1787556240000,0.1641400,0.1641400,0.1635500,0.1637600,2456710,1787556299999,402240.6393800,2807,558706,91484.1530300,0
1787556300000,0.1637600,0.1638600,0.1635900,0.1638400,822035,1787556359999,134575.2380100,1826,403002,65980.5404100,0
1787556360000,0.1638400,0.1638400,0.1633200,0.1636400,1339922,1787556419999,219135.9804100,2338,606273,99155.5332100,0
1787556420000,0.1636500,0.1639700,0.1633000,0.1635700,3051829,1787556479999,499447.5536400,3811,2042028,334296.0212200,0
1787556480000,0.1636000,0.1636600,0.1631100,0.1633500,1118448,1787556539999,182684.5552400,2789,548427,89576.7719900,0
1787556540000,0.1633400,0.1633600,0.1627600,0.1630400,1296257,1787556599999,211275.4954400,2460,745775,121559.7433600,0
1787556600000,0.1630300,0.1630500,0.1624900,0.1626000,1052760,1787556659999,171317.7692800,2610,425518,69258.0929400,0
1787556660000,0.1626100,0.1628600,0.1621600,0.1628500,1019744,1787556719999,165756.5916700,2618,336753,54738.8830000,0
1787556720000,0.1628600,0.1629100,0.1624400,0.1626200,1229358,1787556779999,199915.1913800,2422,361587,58804.6816200,0
1787556780000,0.1626300,0.1631200,0.1625800,0.1629300,822400,1787556839999,133957.3875300,1732,411713,67064.0902500,0
1787556840000,0.1629300,0.1629800,0.1625100,0.1627000,817142,1787556899999,132925.2870100,1586,207705,33805.1582100,0
1787556900000,0.1627000,0.1627500,0.1620400,0.1622400,1491762,1787556959999,242129.6185700,2426,379810,61647.5709200,0
1787556960000,0.1622400,0.1625400,0.1620900,0.1622200,1358995,1787557019999,220501.6217400,1965,424394,68888.7445400,0
1787557020000,0.1622200,0.1623900,0.1616300,0.1619500,1535702,1787557079999,248791.0002500,2116,647391,104972.5124900,0
1787557080000,0.1619500,0.1624100,0.1619000,0.1620600,570339,1787557139999,92456.3147600,1534,277790,45032.0728100,0
1787557140000,0.1620600,0.1625900,0.1618800,0.1624400,457458,1787557199999,74221.5225900,1379,219171,35566.7702700,0
1787557200000,0.1624500,0.1625100,0.1621700,0.1623000,745468,1787557259999,121005.8711000,1770,274464,44556.8208900,0
1787557260000,0.1623100,0.1624100,0.1618600,0.1618700,1025502,1787557319999,166309.8595400,1756,381236,61843.5839600,0
1787557320000,0.1618700,0.1619700,0.1615000,0.1615100,1608926,1787557379999,260173.7626800,2475,454071,73449.5617100,0
1787557380000,0.1615200,0.1620900,0.1612800,0.1617100,4205453,1787557439999,679848.5123200,3844,2424886,392159.2953900,0
1787557440000,0.1617100,0.1620400,0.1615900,0.1618300,1424311,1787557499999,230439.2862400,1832,896121,144999.2899900,0
1787557500000,0.1618300,0.1624100,0.1618300,0.1624100,797405,1787557559999,129329.8367200,1817,459746,74563.3854500,0
1787557560000,0.1624100,0.1626500,0.1623300,0.1624400,908854,1787557619999,147665.5145900,1817,370469,60201.4681800,0
1787557620000,0.1624400,0.1631300,0.1624000,0.1630900,2349375,1787557679999,382568.6633500,2709,1536876,250224.2094400,0
1787557680000,0.1631000,0.1634700,0.1629100,0.1632300,1509243,1787557739999,246314.5772600,2407,997582,162831.0458200,0
1787557740000,0.1632300,0.1632300,0.1626800,0.1626900,659734,1787557799999,107499.3645300,1709,261793,42658.6623200,0
1787557800000,0.1627100,0.1629200,0.1624800,0.1624900,965232,1787557859999,157040.9354000,2005,505787,82301.9676500,0
1787557860000,0.1624900,0.1627300,0.1624900,0.1626400,580663,1787557919999,94417.2983200,1145,367131,59693.6925700,0
1787557920000,0.1626500,0.1628100,0.1623100,0.1624600,572789,1787557979999,93132.4551200,1438,159065,25867.9610500,0
1787557980000,0.1624700,0.1632000,0.1624500,0.1625100,2301073,1787558039999,374801.5988800,2702,1602300,261049.3299700,0
1787558040000,0.1625200,0.1629100,0.1624800,0.1627900,522451,1787558099999,85010.6620800,1218,281746,45840.4862800,0
1787558100000,0.1628000,0.1629900,0.1627200,0.1628800,681311,1787558159999,110942.7277600,1330,320061,52115.8772500,0
1787558160000,0.1629400,0.1630800,0.1627700,0.1629500,451818,1787558219999,73616.4787700,1060,186718,30426.8208800,0
1787558220000,0.1629500,0.1629900,0.1623800,0.1624300,834824,1787558279999,135732.7102600,1346,242128,39362.7118200,0
1787558280000,0.1624400,0.1625500,0.1617000,0.1619300,1463137,1787558339999,237099.6892900,2312,433269,70234.9254300,0
1787558340000,0.1619300,0.1620800,0.1615600,0.1617100,2192458,1787558399999,354764.6099900,2509,1013801,164109.4062500,0
1787558400000,0.1617200,0.1619900,0.1613700,0.1616200,2197837,1787558459999,355277.0815800,3197,1209253,195513.5625000,0
1787558460000,0.1616200,0.1616900,0.1608800,0.1610500,2009827,1787558519999,323949.5225600,2955,708011,114096.3246500,0
1787558520000,0.1610200,0.1610700,0.1606200,0.1608600,2955671,1787558579999,475346.8497000,3946,969228,155913.0889100,0
1787558580000,0.1608600,0.1617200,0.1608600,0.1616300,1929018,1787558639999,311345.8918400,2578,1175797,189794.2895100,0
1787558640000,0.1616200,0.1617400,0.1611700,0.1616000,1250911,1787558699999,202022.7185200,2284,681769,110118.9431200,0
1787558700000,0.1616000,0.1623100,0.1615000,0.1622200,1104043,1787558759999,178775.9971500,2204,786153,127312.4561900,0
1787558760000,0.1622200,0.1627000,0.1621900,0.1625800,1906703,1787558819999,309777.6728200,2359,1206283,196028.1816900,0
1787558820000,0.1625800,0.1625900,0.1621100,0.1621100,1560303,1787558879999,253328.1554300,2154,526133,85452.8161200,0
1787558880000,0.1621100,0.1629600,0.1620700,0.1627000,1825217,1787558939999,296666.5139700,2641,1359354,220931.4063900,0
1787558940000,0.1627100,0.1628400,0.1622600,0.1623200,647540,1787558999999,105262.9768700,1275,271489,44130.7715400,0
1787559000000,0.1623200,0.1623200,0.1617700,0.1619000,1455464,1787559059999,235715.8522300,1961,571941,92636.1465200,0
1787559060000,0.1619000,0.1624200,0.1618400,0.1620100,1118819,1787559119999,181344.6421100,1807,545456,88407.3412700,0
1787559120000,0.1620100,0.1623700,0.1620000,0.1622600,1093075,1787559179999,177252.7101900,1784,647099,104946.9361300,0
1787559180000,0.1622700,0.1622800,0.1616200,0.1616800,1178353,1787559239999,190833.7332100,1709,270569,43810.7877200,0
1787559240000,0.1616800,0.1620100,0.1616100,0.1617600,1110923,1787559299999,179780.6922800,1936,579636,93819.2463900,0
1787559300000,0.1617700,0.1618000,0.1608800,0.1611300,3799732,1787559359999,613020.1233300,4056,1217637,196635.3195900,0
1787559360000,0.1611400,0.1613300,0.1608000,0.1610900,2571773,1787559419999,414239.8784300,3164,1160637,187026.2259100,0
1787559420000,0.1610800,0.1613700,0.1610200,0.1612300,992916,1787559479999,160047.9275100,1713,572990,92370.5816100,0
1787559480000,0.1612200,0.1614100,0.1610100,0.1611700,1138637,1787559539999,183508.8553100,1705,435745,70227.1601700,0
1787559540000,0.1611700,0.1613900,0.1606900,0.1609100,1830916,1787559599999,294634.1666200,2422,580373,93392.9726400,0
1787559600000,0.1609000,0.1609300,0.1598000,0.1605400,6937695,1787559659999,1112151.8600500,5237,2611133,418625.5938100,0
1787559660000,0.1605300,0.1608000,0.1602800,0.1606500,3237076,1787559719999,519526.7732500,2982,1616918,259473.8572700,0
1787559720000,0.1606500,0.1610600,0.1603100,0.1604000,2902369,1787559779999,466213.8633000,3113,1225913,196892.1790800,0
1787559780000,0.1604000,0.1613300,0.1602900,0.1611700,4849788,1787559839999,779658.8014500,3165,3980381,639956.7006500,0
1787559840000,0.1611700,0.1614500,0.1610000,0.1614500,1755029,1787559899999,282987.4835600,2248,964247,155514.5073100,0
1787559900000,0.1614500,0.1616100,0.1611500,0.1612300,1755206,1787559959999,283137.1457400,2202,832739,134312.3722800,0
1787559960000,0.1612200,0.1616100,0.1610600,0.1614800,2128324,1787560019999,343386.0261000,2253,1316128,212336.6822500,0
1787560020000,0.1614900,0.1616900,0.1611800,0.1612100,1546454,1787560079999,249617.0903400,1944,536250,86573.8977800,0
1787560080000,0.1612100,0.1612900,0.1606200,0.1610200,2866143,1787560139999,461243.0698200,2861,1386932,223239.4267600,0
1787560140000,0.1610200,0.1613800,0.1608500,0.1609700,1866841,1787560199999,300769.8533000,2026,615676,99207.9351000,0
1787560200000,0.1609700,0.1609900,0.1601100,0.1602100,3419174,1787560259999,549035.4591200,3478,1256719,201732.9266700,0
1787560260000,0.1602000,0.1603900,0.1596500,0.1599100,3618120,1787560319999,578972.5087900,4081,1565187,250530.7161600,0
1787560320000,0.1599100,0.1607000,0.1599100,0.1606800,1325096,1787560379999,212463.2429000,2274,924136,148150.6582200,0
1787560380000,0.1606700,0.1606800,0.1603700,0.1605800,816312,1787560439999,131025.9765800,1447,408671,65596.3496200,0
1787560440000,0.1605800,0.1609200,0.1605000,0.1608400,945920,1787560499999,152027.1527900,1763,601323,96645.7264300,0
1787560500000,0.1608400,0.1608400,0.1603600,0.1607100,1540601,1787560559999,247460.0667300,1848,744045,119527.0277700,0
1787560560000,0.1607100,0.1614400,0.1606300,0.1614100,1545211,1787560619999,248893.6591800,1897,1011567,162893.8576600,0
1787560620000,0.1614200,0.1615800,0.1612000,0.1615800,1260250,1787560679999,203408.0110600,1527,889007,143501.1302100,0
1787560680000,0.1615800,0.1619900,0.1614600,0.1618000,1685542,1787560739999,272684.2584800,1889,788046,127462.2345700,0
1787560740000,0.1618100,0.1630000,0.1617300,0.1627300,4714762,1787560799999,766512.8432500,4332,3300738,536536.1476700,0
1787560800000,0.1627200,0.1632500,0.1625300,0.1631500,2111976,1787560859999,343979.0821400,2380,1323844,215679.0475500,0
1787560860000,0.1631500,0.1632500,0.1628200,0.1632200,1456694,1787560919999,237476.0564200,2042,644516,105062.8872200,0
1787560920000,0.1632300,0.1633100,0.1625900,0.1626600,1402616,1787560979999,228520.3983500,1806,320458,52229.8699800,0
1787560980000,0.1626500,0.1630200,0.1625500,0.1626200,1466764,1787561039999,238787.3710000,1727,900517,146644.8972700,0
1787561040000,0.1626200,0.1627300,0.1624500,0.1624600,1279796,1787561099999,208102.5938400,1551,402216,65392.4216200,0
1787561100000,0.1624900,0.1624900,0.1620000,0.1621700,1057389,1787561159999,171473.4698300,1725,463024,75083.9939100,0
1787561160000,0.1621700,0.1621800,0.1618600,0.1619500,498770,1787561219999,80818.2411600,1004,221170,35838.0123500,0
1787561220000,0.1619600,0.1620600,0.1615200,0.1615300,1034265,1787561279999,167241.1210200,1568,421386,68138.0642100,0
1787561280000,0.1615500,0.1615900,0.1610300,0.1612700,2260372,1787561339999,364559.6067700,2229,808499,130386.5182700,0
1787561340000,0.1612700,0.1615300,0.1607100,0.1614700,2108157,1787561399999,339474.5984300,2579,989361,159332.9625200,0
1787561400000,0.1614600,0.1614600,0.1609900,0.1610700,985032,1787561459999,158734.3518200,1930,423609,68262.5088000,0
1787561460000,0.1610700,0.1610700,0.1605300,0.1605400,1022630,1787561519999,164431.1850100,1823,422866,67996.6121600,0
1787561520000,0.1605600,0.1608700,0.1602600,0.1606600,2191965,1787561579999,351980.4388100,2445,819333,131623.7671100,0
1787561580000,0.1606600,0.1610000,0.1606300,0.1609800,760313,1787561639999,122268.9866200,1461,394485,63442.4399700,0
1787561640000,0.1609800,0.1610300,0.1606800,0.1608700,943367,1787561699999,151725.3964900,1056,429183,69008.7407400,0
1787561700000,0.1608600,0.1612300,0.1608000,0.1610500,1348477,1787561759999,217156.7528000,1756,709638,114311.8759600,0
1787561760000,0.1610500,0.1612200,0.1609200,0.1610500,703379,1787561819999,113303.5553200,1092,356744,57483.1202100,0
1787561820000,0.1610500,0.1610500,0.1608500,0.1609300,380355,1787561879999,61220.4943000,1008,156813,25239.8199600,0
1787561880000,0.1609400,0.1610300,0.1608500,0.1609900,519870,1787561939999,83667.3641100,1080,190927,30729.5028200,0
1787561940000,0.1609900,0.1611200,0.1609500,0.1610000,294422,1787561999999,47410.2529800,843,172851,27835.4736900,0
1787562000000,0.1610100,0.1611000,0.1606300,0.1610900,1018871,1787562059999,163889.2561600,1266,758571,122010.0482200,0
1787562060000,0.1611000,0.1616000,0.1610400,0.1613900,1162935,1787562119999,187618.7274100,1832,676927,109201.7370700,0
1787562120000,0.1613800,0.1615800,0.1612700,0.1614100,1312211,1787562179999,211811.6376200,1715,873993,141084.4875200,0
1787562180000,0.1614100,0.1616600,0.1613000,0.1615000,1066464,1787562239999,172235.4875400,1800,569653,92025.8808900,0
1787562240000,0.1615000,0.1622600,0.1615000,0.1621600,2639559,1787562299999,427742.6930400,3030,1778283,288162.3734700,0
1787562300000,0.1621600,0.1623800,0.1621000,0.1622600,904799,1787562359999,146785.9678200,1327,612720,99415.0587000,0
1787562360000,0.1622600,0.1623400,0.1619700,0.1620500,1374125,1787562419999,222792.0875400,1554,561117,90972.7310500,0
1787562420000,0.1620500,0.1628600,0.1619900,0.1624800,2068527,1787562479999,336148.5549400,2571,1391712,226162.7820400,0
1787562480000,0.1624700,0.1625300,0.1621100,0.1625200,951118,1787562539999,154403.4989500,1635,355264,57678.4299800,0
1787562540000,0.1625200,0.1625400,0.1622100,0.1624000,1305258,1787562599999,211953.6954600,1306,468867,76145.9646500,0
1787562600000,0.1624100,0.1624300,0.1619600,0.1622000,1186337,1787562659999,192315.0584700,1633,527549,85524.6732100,0
1787562660000,0.1621900,0.1624600,0.1621900,0.1623600,392542,1787562719999,63726.3287200,957,193656,31441.8421300,0
1787562720000,0.1623600,0.1624100,0.1622100,0.1622700,306767,1787562779999,49787.5309900,809,133896,21730.8876100,0
1787562780000,0.1622800,0.1625100,0.1622700,0.1625000,485238,1787562839999,78809.2394100,1153,249616,40540.9780800,0
1787562840000,0.1625000,0.1625200,0.1623100,0.1624500,1002609,1787562899999,162847.6526000,1245,335682,54521.8244300,0
1787562900000,0.1624500,0.1628600,0.1624500,0.1626700,1416480,1787562959999,230422.3056100,1905,849977,138280.3210800,0
1787562960000,0.1626800,0.1628100,0.1622000,0.1623300,858492,1787563019999,139478.2399200,1595,229957,37374.3573700,0
1787563020000,0.1623300,0.1624200,0.1615000,0.1618000,2116456,1787563079999,342528.8369200,2180,641253,103841.1872800,0
1787563080000,0.1618100,0.1620700,0.1617900,0.1619300,605035,1787563139999,97974.3194200,1400,311647,50466.4432900,0
1787563140000,0.1619400,0.1623900,0.1619000,0.1622200,395078,1787563199999,64092.7672500,1029,183011,29685.4162300,0
1787563200000,0.1622100,0.1623000,0.1620100,0.1622300,749063,1787563259999,121439.6194700,1253,364236,59050.8030500,0
1787563260000,0.1622600,0.1623700,0.1620400,0.1620700,348053,1787563319999,56451.9483900,859,144138,23381.2297900,0
1787563320000,0.1620700,0.1621200,0.1616700,0.1618200,772071,1787563379999,124983.8567500,1422,420071,67998.1992000,0
1787563380000,0.1618100,0.1619400,0.1614000,0.1617500,971679,1787563439999,157053.2821400,1713,516006,83406.7894600,0
1787563440000,0.1617500,0.1617500,0.1612800,0.1615000,1174521,1787563499999,189621.6414000,1568,288731,46627.8641700,0
1787563500000,0.1615100,0.1615700,0.1609500,0.1611200,2219467,1787563559999,357744.6032500,2182,893223,144001.3258700,0
1787563560000,0.1611300,0.1618400,0.1611300,0.1617300,1677045,1787563619999,270848.0765200,1897,1216929,196484.8205900,0
1787563620000,0.1617200,0.1618000,0.1616300,0.1617600,385790,1787563679999,62393.3154700,1033,203186,32862.0355300,0
1787563680000,0.1617500,0.1617700,0.1614500,0.1615900,2757609,1787563739999,445581.1204900,1475,299197,48351.2586100,0
1787563740000,0.1615900,0.1618100,0.1615600,0.1616000,502965,1787563799999,81326.1375100,1000,372500,60233.5505700,0
1787563800000,0.1616100,0.1618100,0.1614300,0.1617300,732516,1787563859999,118442.3751700,1331,504869,81639.2226700,0
1787563860000,0.1617300,0.1617700,0.1615000,0.1616200,703531,1787563919999,113722.8484600,1145,281165,45448.3215700,0
1787563920000,0.1616100,0.1621600,0.1614200,0.1619300,1608740,1787563979999,260405.6802400,1522,682271,110414.9108900,0
1787563980000,0.1619300,0.1621300,0.1617100,0.1617400,298867,1787564039999,48401.2942400,688,158216,25629.4189900,0
1787564040000,0.1617300,0.1617900,0.1615600,0.1617200,930225,1787564099999,150387.4198200,1234,462518,74779.5908100,0
1787564100000,0.1617300,0.1619600,0.1617200,0.1618300,666939,1787564159999,107931.4791800,910,297225,48104.4031900,0
1787564160000,0.1618200,0.1622800,0.1616700,0.1618300,3459346,1787564219999,560742.4324500,1998,896375,145213.9989400,0
1787564220000,0.1618200,0.1620800,0.1618100,0.1620700,603157,1787564279999,97689.4140700,909,299313,48476.7845600,0
1787564280000,0.1620700,0.1622100,0.1620600,0.1620800,466759,1787564339999,75671.4923800,941,236727,38377.6097000,0
1787564340000,0.1620700,0.1620700,0.1616700,0.1619300,573462,1787564399999,92822.2183500,1083,216110,34979.9616000,0
1787564400000,0.1619200,0.1619800,0.1617200,0.1619400,662362,1787564459999,107209.4696500,887,505070,81747.1563000,0
1787564460000,0.1619300,0.1619300,0.1612200,0.1612900,2128744,1787564519999,343867.0148300,1895,481381,77802.5977900,0
1787564520000,0.1613000,0.1614600,0.1611600,0.1612000,900704,1787564579999,145254.4902800,1127,361344,58275.2455100,0
1787564580000,0.1612000,0.1612600,0.1607400,0.1612200,2372263,1787564639999,381953.9262800,2008,1173965,189044.1648300,0
1787564640000,0.1612200,0.1612400,0.1610000,0.1611900,611914,1787564699999,98588.0381100,902,426578,68724.1334000,0
1787564700000,0.1611900,0.1613700,0.1611000,0.1611900,675593,1787564759999,108948.6255300,1027,342224,55194.7302000,0
1787564760000,0.1612000,0.1613400,0.1610100,0.1612900,765232,1787564819999,123343.9482000,1058,366206,59035.1163300,0
1787564820000,0.1612900,0.1616800,0.1611800,0.1616800,609915,1787564879999,98486.8431100,1027,364066,58787.3611900,0
1787564880000,0.1616800,0.1617300,0.1613800,0.1614400,839083,1787564939999,135537.2612900,1139,394071,63669.6357600,0
1787564940000,0.1614300,0.1616200,0.1613600,0.1615200,422788,1787564999999,68289.5140100,656,263650,42590.4307500,0
1787565000000,0.1615200,0.1615500,0.1612500,0.1613400,286327,1787565059999,46214.6354200,641,59558,9611.6309000,0
1787565060000,0.1613300,0.1613800,0.1610700,0.1611500,506852,1787565119999,81703.1172900,962,197080,31768.0343500,0
1787565120000,0.1611500,0.1612300,0.1609100,0.1611900,951799,1787565179999,153287.8607900,1050,312854,50401.7191900,0
1787565180000,0.1611900,0.1611900,0.1608800,0.1611700,656956,1787565239999,105774.2891900,1084,185409,29855.3128900,0
1787565240000,0.1611600,0.1616100,0.1610800,0.1614200,725924,1787565299999,117157.0173900,1315,519182,83789.1225400,0
1787565300000,0.1614100,0.1614100,0.1608400,0.1608600,1002424,1787565359999,161355.6426400,1451,285160,45903.6658600,0
1787565360000,0.1608700,0.1610300,0.1606800,0.1607900,826347,1787565419999,132908.7118000,1229,320449,51544.5424700,0
1787565420000,0.1608000,0.1608300,0.1605600,0.1606700,1126941,1787565479999,181067.6337500,1632,596370,95823.7488600,0
1787565480000,0.1606700,0.1608700,0.1604800,0.1608000,834195,1787565539999,134007.1503700,1428,317325,50988.9580700,0
1787565540000,0.1607900,0.1608000,0.1605200,0.1607100,430650,1787565599999,69186.7296300,954,200895,32269.6901900,0
1787565600000,0.1607100,0.1608200,0.1604500,0.1607100,770762,1787565659999,123833.6782600,1389,508972,81787.5891000,0
1787565660000,0.1607100,0.1608400,0.1601700,0.1602700,1729369,1787565719999,277517.5868500,1907,431960,69313.7332000,0
1787565720000,0.1602800,0.1607800,0.1602000,0.1605000,923785,1787565779999,148307.6472900,1723,503115,80784.5243000,0
1787565780000,0.1604900,0.1616900,0.1604100,0.1611700,4613345,1787565839999,743752.2647000,4710,2495544,402297.6144000,0
1787565840000,0.1611800,0.1616300,0.1611400,0.1614200,1608939,1787565899999,259639.6891400,2052,1034985,167020.2219500,0
1787565900000,0.1614100,0.1614400,0.1607100,0.1607500,1268194,1787565959999,204344.8773200,2019,616592,99389.3692100,0
1787565960000,0.1607500,0.1608800,0.1602200,0.1604200,2001089,1787566019999,321148.3865600,2548,660890,106146.8683000,0
1787566020000,0.1604200,0.1612600,0.1603600,0.1609600,2264112,1787566079999,364182.2895000,2580,1661554,267290.6828100,0
1787566080000,0.1609800,0.1613400,0.1607600,0.1608100,1325265,1787566139999,213416.8258400,1973,380441,61271.2357000,0
1787566140000,0.1608000,0.1609400,0.1604000,0.1605300,1670754,1787566199999,268355.1634900,1735,851029,136662.4148300,0
1787566200000,0.1605400,0.1607100,0.1604000,0.1606200,1408276,1787566259999,226072.6042400,1470,773916,124247.7465700,0
1787566260000,0.1606200,0.1608400,0.1602300,0.1606100,1418084,1787566319999,227557.6864000,2074,744688,119541.2760400,0
1787566320000,0.1606100,0.1606500,0.1600200,0.1603600,3085909,1787566379999,494720.6739000,3250,841253,134887.6696900,0
1787566380000,0.1603500,0.1606800,0.1597900,0.1604500,2738270,1787566439999,438524.2806900,2733,1003159,160772.9062100,0
1787566440000,0.1604500,0.1612300,0.1604000,0.1605700,2487923,1787566499999,400104.2595000,3019,1576638,253514.9661600,0
1787566500000,0.1605700,0.1606200,0.1589500,0.1597300,9806017,1787566559999,1563846.4193600,7246,3342538,533371.6144000,0
1787566560000,0.1597200,0.1600600,0.1581200,0.1586900,14089408,1787566619999,2237169.1793500,9767,4956957,787365.3433100,0
1787566620000,0.1587100,0.1590000,0.1586000,0.1587200,3434340,1787566679999,545187.8415600,3491,1668388,264861.6392800,0
1787566680000,0.1587300,0.1588000,0.1573600,0.1579800,13163455,1787566739999,2078057.4183200,9762,3942128,622408.1216600,0
1787566740000,0.1579800,0.1592800,0.1577200,0.1591200,6375496,1787566799999,1011289.3187600,5533,4013342,636752.9678400,0
1787566800000,0.1591200,0.1595400,0.1591000,0.1593500,3960650,1787566859999,631171.1354100,3170,1910860,304530.4806500,0
1787566860000,0.1593400,0.1597700,0.1589900,0.1590100,3053772,1787566919999,486492.2026100,3235,1914330,305078.6232200,0
1787566920000,0.1590000,0.1594500,0.1589900,0.1590200,1800162,1787566979999,286628.8128800,2012,643158,102413.9762800,0
1787566980000,0.1590300,0.1594300,0.1589200,0.1590200,2945958,1787567039999,469091.0535500,2791,2079672,331179.7434200,0
1787567040000,0.1590300,0.1591900,0.1588500,0.1590400,1466542,1787567099999,233220.4006300,2129,568958,90490.6260400,0
1787567100000,0.1590300,0.1595000,0.1589300,0.1595000,2019039,1787567159999,321485.8118200,2050,1396387,222352.1176800,0
1787567160000,0.1595000,0.1596600,0.1593300,0.1595200,1376454,1787567219999,219490.6910300,1840,896829,143011.9459000,0
1787567220000,0.1595300,0.1597800,0.1591700,0.1591700,1624414,1787567279999,259209.9632600,2228,798192,127401.4203100,0
1787567280000,0.1591700,0.1593000,0.1589900,0.1591700,1084564,1787567339999,172602.6632800,1599,517906,82433.5755700,0
1787567340000,0.1591600,0.1592600,0.1588200,0.1590900,1156000,1787567399999,183858.7936400,1555,712326,113321.4298100,0
1787567400000,0.1590800,0.1593200,0.1588100,0.1590300,1402451,1787567459999,223005.3894700,2017,473922,75384.9399000,0
1787567460000,0.1590400,0.1594900,0.1590300,0.1593700,909579,1787567519999,144837.2152600,1688,490171,78063.9810500,0
1787567520000,0.1593700,0.1593700,0.1590900,0.1592200,1838806,1787567579999,292771.7356800,2379,693026,110361.2542600,0
1787567580000,0.1592200,0.1596000,0.1591600,0.1591600,1155082,1787567639999,184156.4515000,1661,644901,102839.3451600,0
1787567640000,0.1591500,0.1593500,0.1590200,0.1593100,499195,1787567699999,79473.2609600,1220,243666,38796.0499300,0
1787567700000,0.1593100,0.1598900,0.1592200,0.1595300,2402809,1787567759999,383594.7496800,2216,906007,144638.0957300,0
1787567760000,0.1595300,0.1595300,0.1591900,0.1592500,1111761,1787567819999,177124.6690100,1705,643593,102536.0923600,0
1787567820000,0.1592300,0.1592600,0.1588900,0.1590600,1351025,1787567879999,214885.6803500,1778,513459,81686.5504300,0
1787567880000,0.1590500,0.1592500,0.1589400,0.1590300,653831,1787567939999,104015.8772100,1457,364620,58010.4472600,0
1787567940000,0.1590200,0.1591400,0.1587500,0.1588800,1541732,1787567999999,245011.0800400,1719,788258,125269.7127900,0
1787568000000,0.1588900,0.1592000,0.1587600,0.1588900,1315129,1787568059999,209077.6847300,1856,659965,104912.4900600,0
1787568060000,0.1588900,0.1589900,0.1585400,0.1588200,1602139,1787568119999,254318.2862800,2243,842401,133740.0832700,0
1787568120000,0.1588200,0.1588200,0.1584000,0.1586500,2142092,1787568179999,339663.2627500,1919,427922,67857.3179400,0
1787568180000,0.1586600,0.1587000,0.1584600,0.1586400,745889,1787568239999,118301.0364700,1345,385201,61101.0022900,0
1787568240000,0.1586500,0.1586500,0.1583400,0.1585000,612379,1787568299999,97064.3753600,1101,168639,26727.8341300,0
1787568300000,0.1585100,0.1590600,0.1584500,0.1588400,3823039,1787568359999,606995.2679700,3458,2359944,374768.6774900,0
1787568360000,0.1588500,0.1594400,0.1588500,0.1590600,3525605,1787568419999,561121.9894800,3422,2408336,383360.5697300,0
1787568420000,0.1590700,0.1593500,0.1588800,0.1589100,1144963,1787568479999,182153.3940800,1562,599505,95400.5404300,0
1787568480000,0.1589200,0.1591200,0.1588000,0.1590400,768102,1787568539999,122075.1857200,1713,354573,56353.5820200,0
1787568540000,0.1590400,0.1591800,0.1588900,0.1591700,792818,1787568599999,126069.7820700,1209,366352,58257.7119400,0
1787568600000,0.1591700,0.1595900,0.1590400,0.1590500,1259780,1787568659999,200789.2876500,1774,566736,90348.2527200,0
1787568660000,0.1590600,0.1591300,0.1587300,0.1587500,960949,1787568719999,152712.6856000,1724,383423,60942.4667100,0
1787568720000,0.1587500,0.1590600,0.1585600,0.1590200,1702887,1787568779999,270568.4623600,1974,862372,137014.4767900,0
1787568780000,0.1590300,0.1593300,0.1589300,0.1589400,677500,1787568839999,107817.9935900,1352,268762,42773.7725100,0
1787568840000,0.1589400,0.1590700,0.1588600,0.1589700,419788,1787568899999,66736.7619400,881,221835,35266.0011900,0
1787568900000,0.1589700,0.1591900,0.1588200,0.1588700,595081,1787568959999,94635.1832300,1140,263004,41832.0834800,0
1787568960000,0.1588700,0.1590200,0.1584100,0.1585900,2394971,1787569019999,379995.9293900,1947,907454,143939.6481300,0
1787569020000,0.1586000,0.1588100,0.1584900,0.1587100,622720,1787569079999,98778.6761300,1087,255696,40563.3264700,0
1787569080000,0.1587200,0.1590100,0.1586700,0.1590000,994866,1787569139999,158058.1457900,1357,684354,108740.9395500,0
1787569140000,0.1590100,0.1591900,0.1588900,0.1589600,702841,1787569199999,111778.6592600,1474,331323,52692.8556600,0
1787569200000,0.1589600,0.1589600,0.1576900,0.1578100,6102466,1787569259999,964433.2887800,5236,2252147,355897.2605900,0
1787569260000,0.1578100,0.1579400,0.1563600,0.1569300,15495846,1787569319999,2431946.5915000,11116,5634973,884363.6003000,0
1787569320000,0.1568900,0.1574900,0.1567000,0.1573800,6614452,1787569379999,1038667.2383000,4438,4488068,704744.7699300,0
1787569380000,0.1573700,0.1574100,0.1564600,0.1567300,6671505,1787569439999,1045839.4870300,4949,3622937,567890.3874200,0
1787569440000,0.1567200,0.1576200,0.1566900,0.1575500,3684035,1787569499999,579208.4750700,3259,2208572,347255.6902600,0
1787569500000,0.1575500,0.1577500,0.1572200,0.1572900,2172237,1787569559999,342060.0465700,2618,827815,130411.4652900,0
1787569560000,0.1572900,0.1574300,0.1568400,0.1571800,9145758,1787569619999,1436649.4876800,3352,6838678,1073964.9743100,0
1787569620000,0.1571800,0.1572600,0.1568500,0.1570800,3202299,1787569679999,503152.3402300,2742,1998294,313990.0588800,0
1787569680000,0.1570800,0.1572500,0.1568700,0.1569300,2416628,1787569739999,379526.3443100,2406,1097553,172356.8656600,0
1787569740000,0.1569300,0.1575700,0.1568400,0.1575200,3310330,1787569799999,520283.6212400,2904,2028356,318872.9724100,0
1787569800000,0.1575200,0.1579400,0.1574100,0.1579000,2407385,1787569859999,379615.6396300,2272,1580635,249257.2581500,0
1787569860000,0.1578900,0.1581000,0.1578000,0.1579000,1881481,1787569919999,297195.2019800,1948,1257897,198700.5834800,0
1787569920000,0.1579000,0.1579200,0.1575900,0.1576800,1471979,1787569979999,232247.8004600,1841,882758,139282.0255900,0
1787569980000,0.1576900,0.1580000,0.1576700,0.1577700,1301971,1787570039999,205507.5631100,1556,874752,138078.5787300,0
1787570040000,0.1577800,0.1580900,0.1576900,0.1577400,1131473,1787570099999,178665.5920800,1611,599951,94737.6523600,0
1787570100000,0.1577400,0.1578300,0.1575700,0.1576200,759205,1787570159999,119712.5147800,1406,458209,72249.7369300,0
1787570160000,0.1576300,0.1576300,0.1570400,0.1572100,2388948,1787570219999,375600.6403400,3006,834312,131125.0050000,0
1787570220000,0.1572200,0.1573000,0.1566300,0.1572500,2725232,1787570279999,427679.6517300,3009,873240,137127.6297700,0
1787570280000,0.1572400,0.1572400,0.1569700,0.1571600,806271,1787570339999,126653.8018400,1573,305102,47930.6072400,0
1787570340000,0.1571700,0.1574000,0.1570600,0.1573400,1119929,1787570399999,176063.3401800,1460,671618,105589.0925000,0
1787570400000,0.1573400,0.1577100,0.1572200,0.1576900,1461686,1787570459999,230151.9485800,1991,981837,154615.2801100,0
1787570460000,0.1576700,0.1585000,0.1576500,0.1584700,4160124,1787570519999,658022.1205200,4529,2760576,436686.0936200,0
1787570520000,0.1584600,0.1586300,0.1580700,0.1583000,1522847,1787570579999,241136.7128200,1940,522672,82778.8093900,0
1787570580000,0.1583100,0.1583400,0.1577100,0.1579200,1220252,1787570639999,192818.9724300,1672,377071,59568.2787900,0
1787570640000,0.1579200,0.1585200,0.1578900,0.1582600,1071554,1787570699999,169482.4621500,1986,444452,70326.1084200,0
1787570700000,0.1582700,0.1589800,0.1582700,0.1587700,1213054,1787570759999,192588.2473500,2248,877340,139278.8726100,0
1787570760000,0.1587700,0.1588000,0.1580600,0.1581600,1466406,1787570819999,232202.1564000,2061,511332,80948.7995500,0
1787570820000,0.1581400,0.1584400,0.1580500,0.1583500,1213381,1787570879999,191919.0148400,1345,297906,47133.8048300,0
1787570880000,0.1583500,0.1586200,0.1582800,0.1584700,1915973,1787570939999,303667.0755300,1716,779947,123609.0649900,0
1787570940000,0.1584700,0.1585100,0.1580700,0.1581500,1879350,1787570999999,297560.4598700,1309,343014,54313.4311600,0
1787571000000,0.1581400,0.1581900,0.1579000,0.1580600,1053781,1787571059999,166526.5386900,1630,358299,56627.0016700,0
1787571060000,0.1580600,0.1589300,0.1580200,0.1589000,1589719,1787571119999,251957.6652600,2215,1170051,185429.0472400,0
1787571120000,0.1588900,0.1593500,0.1587000,0.1592800,2373767,1787571179999,377710.8246400,3032,1519955,241902.6652500,0
1787571180000,0.1592700,0.1599300,0.1592300,0.1597500,3901618,1787571239999,622956.9507700,3968,2731096,436082.6056000,0
1787571240000,0.1597500,0.1605000,0.1597100,0.1603200,5224210,1787571299999,836967.9052100,4853,3548060,568443.7389700,0
1787571300000,0.1603300,0.1609200,0.1601300,0.1604500,4580481,1787571359999,735455.8424800,5056,2359646,378904.6164300,0
1787571360000,0.1604500,0.1615600,0.1598000,0.1603300,14226426,1787571419999,2286155.1314800,8937,5541186,891423.4474500,0
1787571420000,0.1603300,0.1613600,0.1602400,0.1611400,6659341,1787571479999,1071213.7902700,5672,4721694,759676.6490100,0
1787571480000,0.1611100,0.1615000,0.1606300,0.1607000,4194897,1787571539999,675696.4879500,4414,1545112,248927.8613300,0
1787571540000,0.1607000,0.1609300,0.1597700,0.1606500,12289969,1787571599999,1971151.7887500,8767,5827984,934632.9028200,0
1787571600000,0.1606400,0.1616100,0.1602700,0.1613500,6239588,1787571659999,1005377.0488500,5986,3922591,632313.5916000,0
1787571660000,0.1613400,0.1616300,0.1610200,0.1615000,2164561,1787571719999,349250.5609600,3035,1151895,185894.8277300,0
1787571720000,0.1614900,0.1616800,0.1611800,0.1615100,3484451,1787571779999,562699.3750400,3260,1533890,247710.9299500,0
1787571780000,0.1615200,0.1620400,0.1614000,0.1618200,5895068,1787571839999,953932.7479100,4451,4310475,697475.5302700,0
1787571840000,0.1618100,0.1621900,0.1616400,0.1620000,3608160,1787571899999,584571.7855400,3706,2291775,371306.7390700,0
1787571900000,0.1619900,0.1624700,0.1618600,0.1619700,4797349,1787571959999,777992.3548300,5072,2160201,350414.4798200,0
1787571960000,0.1619800,0.1620300,0.1613900,0.1615900,4478279,1787572019999,724127.4020500,5082,2409952,389727.0218800,0
1787572020000,0.1615900,0.1625800,0.1614900,0.1619900,3004895,1787572079999,487338.4508300,4208,1511207,245099.2467500,0
1787572080000,0.1619900,0.1620000,0.1610900,0.1618500,3135215,1787572139999,506234.8969700,4305,1702103,275015.5201400,0
1787572140000,0.1618400,0.1619700,0.1613600,0.1619100,1665931,1787572199999,269370.1188800,2855,785825,127099.8335800,0
1787572200000,0.1619100,0.1621100,0.1615800,0.1618900,1630058,1787572259999,263831.8212000,2771,1007013,162983.9716000,0
1787572260000,0.1618900,0.1621000,0.1616000,0.1618500,1386882,1787572319999,224462.8029700,2504,729419,118059.3671400,0
1787572320000,0.1618400,0.1620300,0.1614800,0.1617800,1174678,1787572379999,189963.4364000,2172,471387,76265.4335900,0
1787572380000,0.1617700,0.1618800,0.1611300,0.1615400,3055237,1787572439999,493377.2404800,3222,678411,109629.5941100,0
1787572440000,0.1615400,0.1616800,0.1612000,0.1616000,1937834,1787572499999,312816.8355200,2632,594973,96095.4493400,0
1787572500000,0.1615900,0.1622500,0.1615300,0.1616500,2918311,1787572559999,472574.9646800,3068,2144384,347319.1753400,0
1787572560000,0.1616500,0.1617800,0.1610000,0.1612100,1915661,1787572619999,308942.5640700,2830,623850,100633.3959800,0
1787572620000,0.1612100,0.1614900,0.1608600,0.1613600,3446990,1787572679999,555456.0123200,3234,1091343,175935.2048600,0
1787572680000,0.1613600,0.1615000,0.1610400,0.1611700,1245061,1787572739999,200876.9848300,1958,715483,115451.0525000,0
1787572740000,0.1611800,0.1617600,0.1611800,0.1617100,1516058,1787572799999,244853.4954300,1860,1059704,171133.3790300,0
1787572800000,0.1617100,0.1618600,0.1611300,0.1614200,1707673,1787572859999,275719.0354900,2480,859911,138851.5794800,0
1787572860000,0.1614100,0.1614200,0.1606200,0.1609000,3874644,1787572919999,623819.7418500,3635,1225123,197319.2036900,0
1787572920000,0.1609100,0.1611200,0.1606200,0.1610200,2017656,1787572979999,324485.3323700,3026,1008611,162227.8094500,0
1787572980000,0.1610200,0.1618300,0.1610200,0.1614500,2334388,1787573039999,377143.1102800,3157,1439058,232514.8798600,0
1787573040000,0.1614500,0.1615700,0.1608700,0.1609500,992865,1787573099999,160028.0603800,1991,333480,53754.8859200,0
1787573100000,0.1609600,0.1611500,0.1606100,0.1610000,1721376,1787573159999,276893.4196900,2708,771686,124157.3207100,0
1787573160000,0.1609900,0.1610600,0.1605500,0.1607400,1358865,1787573219999,218583.3585400,2009,512808,82492.9132400,0
1787573220000,0.1607400,0.1611800,0.1604300,0.1605900,4263173,1787573279999,685313.8975800,3726,2720785,437552.2195700,0
1787573280000,0.1606000,0.1607500,0.1604500,0.1606300,879944,1787573339999,141327.8205600,1503,350938,56371.2119600,0
1787573340000,0.1606400,0.1610200,0.1605900,0.1608000,1099717,1787573399999,176787.8365700,1981,499898,80364.7197400,0
1787573400000,0.1608100,0.1612200,0.1607000,0.1608100,1267957,1787573459999,204081.6531100,2353,550249,88578.3117800,0
1787573460000,0.1608000,0.1608000,0.1603000,0.1604400,1071417,1787573519999,171936.6369800,1736,345573,55465.9225900,0
1787573520000,0.1604300,0.1604800,0.1602600,0.1603700,952359,1787573579999,152708.4703300,1318,543342,87120.7552000,0
1787573580000,0.1603700,0.1604700,0.1600600,0.1601500,855351,1787573639999,137029.2127700,1647,326631,52332.8744400,0
1787573640000,0.1601500,0.1604500,0.1597900,0.1598500,4075104,1787573699999,652277.3497000,2996,1643424,263024.3290400,0
1787573700000,0.1598600,0.1604600,0.1598300,0.1603500,1881532,1787573759999,301135.3083300,2075,1545275,247319.8358100,0
1787573760000,0.1603500,0.1608400,0.1594800,0.1604400,6220057,1787573819999,996016.1746900,6127,3629856,581371.5276400,0
1787573820000,0.1604400,0.1605400,0.1596500,0.1602300,3638201,1787573879999,582307.8623800,2819,2439355,390379.7392500,0
1787573880000,0.1602400,0.1605000,0.1597200,0.1597200,3970778,1787573939999,635630.2885000,3263,2023016,323806.4257600,0
1787573940000,0.1597200,0.1600700,0.1595400,0.1596200,1972113,1787573999999,315364.2930600,2090,1428846,228519.3718700,0
1787574000000,0.1596200,0.1598600,0.1594400,0.1596800,1610228,1787574059999,257089.8457300,2528,954522,152414.7563700,0
1787574060000,0.1596700,0.1597500,0.1593300,0.1595600,1576942,1787574119999,251499.6568500,2160,529779,84500.6257400,0
1787574120000,0.1595700,0.1604700,0.1594600,0.1604000,3959928,1787574179999,633740.1835200,2822,3525777,564333.9429200,0
1787574180000,0.1603900,0.1605600,0.1598500,0.1604000,2507928,1787574239999,401775.0966500,2632,1265625,202761.0839700,0
1787574240000,0.1603900,0.1604500,0.1601500,0.1602800,1232897,1787574299999,197674.4590800,1822,829582,133021.2518800,0
1787574300000,0.1602700,0.1606200,0.1601100,0.1605200,1051475,1787574359999,168647.2202100,1664,460600,73867.6357300,0
1787574360000,0.1605200,0.1605900,0.1603300,0.1605600,1627967,1787574419999,261247.8607700,1798,343724,55158.8249900,0
1787574420000,0.1605600,0.1610800,0.1604400,0.1607800,1867884,1787574479999,300316.7711900,2287,924645,148705.1029700,0
1787574480000,0.1607800,0.1608800,0.1602000,0.1603300,2844709,1787574539999,456748.6648600,2009,480048,77090.5229300,0
1787574540000,0.1603200,0.1605600,0.1600300,0.1604000,1209883,1787574599999,193971.8571700,1698,656669,105297.2786800,0
1787574600000,0.1604100,0.1607100,0.1602600,0.1606000,615451,1787574659999,98789.9221300,1655,417718,67064.6647700,0
1787574660000,0.1606000,0.1606900,0.1603800,0.1604200,1093821,1787574719999,175567.5361800,2161,504072,80913.3423600,0
1787574720000,0.1604200,0.1610000,0.1601100,0.1601100,2375424,1787574779999,381577.2875400,3632,938447,150778.3524200,0
1787574780000,0.1601100,0.1609700,0.1595000,0.1604300,3575363,1787574839999,572790.3232700,5209,1895986,303563.2482900,0
1787574840000,0.1604300,0.1606300,0.1602600,0.1605300,1132686,1787574899999,181751.4603800,2153,617067,99032.8502500,0
1787574900000,0.1605400,0.1613700,0.1604900,0.1612400,3225424,1787574959999,519641.5411400,3428,2610276,420557.4226700,0
1787574960000,0.1612400,0.1612800,0.1607800,0.1610300,1246517,1787575019999,200678.5165400,1943,385014,61987.0052900,0
1787575020000,0.1610300,0.1612500,0.1608700,0.1611200,793684,1787575079999,127844.1493400,1634,568930,91645.2736400,0
1787575080000,0.1611100,0.1616000,0.1609000,0.1614800,1359556,1787575139999,219251.3636600,1861,891627,143824.9247700,0
1787575140000,0.1614800,0.1618300,0.1613700,0.1616100,1952384,1787575199999,315583.5604200,2859,965400,156064.0554300,0
1787575200000,0.1616000,0.1616800,0.1612800,0.1614500,1413422,1787575259999,228343.5487200,1581,570669,92192.5604900,0
1787575260000,0.1614500,0.1620900,0.1613800,0.1618700,2178872,1787575319999,352467.7745800,3066,1299515,210239.4792100,0
1787575320000,0.1618700,0.1624900,0.1617800,0.1620700,3608734,1787575379999,584878.5056900,4357,2322961,376544.5899500,0
1787575380000,0.1620600,0.1624100,0.1617600,0.1622800,2166699,1787575439999,351216.9590700,2743,1324641,214778.1216600,0
1787575440000,0.1622700,0.1622700,0.1620300,0.1620600,1064755,1787575499999,172646.3830300,1420,375998,60969.4872100,0
1787575500000,0.1620600,0.1623600,0.1619400,0.1620400,1499230,1787575559999,243063.3130000,2362,703602,114086.0425600,0
1787575560000,0.1620500,0.1631400,0.1620400,0.1629000,3492105,1787575619999,568224.4593800,3846,2572253,418641.0139200,0
1787575620000,0.1628700,0.1629700,0.1625500,0.1629100,4393280,1787575679999,715213.0899500,3124,1318897,214728.0426500,0
1787575680000,0.1629000,0.1639800,0.1625900,0.1627700,10051359,1787575739999,1641374.0663400,7043,5673807,926596.9218500,0
1787575740000,0.1627600,0.1630300,0.1625700,0.1628900,1726874,1787575799999,281210.0150100,2476,1076001,175235.4724700,0
1787575800000,0.1628800,0.1630300,0.1626400,0.1628600,2205794,1787575859999,359086.9673800,2389,886487,144312.8227800,0
1787575860000,0.1628700,0.1635400,0.1627600,0.1631900,4475890,1787575919999,730420.6857700,4500,2353870,384184.8853700,0
1787575920000,0.1631800,0.1632200,0.1629200,0.1630000,1989801,1787575979999,324399.5810600,2471,991397,161642.7000600,0
1787575980000,0.1630000,0.1635500,0.1628900,0.1632900,3579708,1787576039999,584292.3222200,3438,1657224,270466.5749700,0
1787576040000,0.1632800,0.1637500,0.1630400,0.1636300,2776955,1787576099999,453935.3461500,3411,1560966,255192.8750400,0
1787576100000,0.1636200,0.1639800,0.1633600,0.1634600,4161301,1787576159999,680687.1615700,4791,1308164,214066.3148400,0
1787576160000,0.1634600,0.1634600,0.1632300,0.1633100,1682342,1787576219999,274812.8230300,2293,729894,119234.9873900,0
1787576220000,0.1633100,0.1636200,0.1631300,0.1635100,1366369,1787576279999,223287.5250200,2166,843461,137832.7804400,0
1787576280000,0.1635100,0.1640700,0.1633800,0.1638200,4790190,1787576339999,784415.1147700,4424,3132404,513030.9350500,0
1787576340000,0.1638100,0.1638100,0.1633100,0.1634100,2714588,1787576399999,443816.3961700,2784,1211408,198068.5702800,0
1787576400000,0.1634100,0.1638400,0.1632100,0.1637000,2307419,1787576459999,377291.6635900,2926,1352478,221186.2808000,0
1787576460000,0.1637000,0.1637000,0.1626700,0.1629100,6035078,1787576519999,983685.1433500,4446,2984151,486510.1664900,0
1787576520000,0.1628500,0.1631500,0.1626900,0.1631000,2995501,1787576579999,487927.0724000,3063,1864493,303714.9271200,0
1787576580000,0.1630900,0.1631100,0.1623400,0.1625400,1739905,1787576639999,283059.5200300,2466,495287,80570.8877100,0
1787576640000,0.1625300,0.1625700,0.1620700,0.1622900,2458704,1787576699999,399034.9834100,2778,675541,109664.1138300,0
1787576700000,0.1623000,0.1629400,0.1622600,0.1626200,1020125,1787576759999,165982.5215300,2050,683453,111202.9379500,0
1787576760000,0.1626200,0.1628900,0.1623500,0.1626900,1419066,1787576819999,230844.8538500,2069,891647,145068.7149000,0
1787576820000,0.1626900,0.1627600,0.1622800,0.1626800,548350,1787576879999,89138.6266300,1454,331701,53929.3053300,0
1787576880000,0.1626700,0.1630600,0.1625300,0.1629200,1635008,1787576939999,266324.8750700,1993,1132937,184540.1727500,0
1787576940000,0.1629100,0.1633900,0.1627000,0.1632800,1738328,1787576999999,283604.5460800,2363,1265995,206565.5104600,0
1787577000000,0.1632800,0.1638500,0.1631900,0.1633800,2834881,1787577059999,463618.9233100,3346,1457114,238393.5965700,0
1787577060000,0.1633900,0.1640400,0.1630600,0.1636300,5748012,1787577119999,940672.8453100,5255,3898894,638109.8600200,0
1787577120000,0.1636100,0.1643600,0.1635000,0.1638800,5939977,1787577179999,973892.8801500,4776,2573333,421876.2913900,0
1787577180000,0.1638800,0.1643400,0.1636200,0.1637200,2379353,1787577239999,390180.5222400,2666,891976,146333.3224800,0
1787577240000,0.1637100,0.1639700,0.1634700,0.1635300,1660156,1787577299999,271721.9930200,1924,673909,110341.6479900,0
1787577300000,0.1635300,0.1639100,0.1629300,0.1635900,2803226,1787577359999,458017.4972700,3522,1518581,248131.7215600,0
1787577360000,0.1636200,0.1641500,0.1628200,0.1629100,2245167,1787577419999,366916.3152700,3327,913546,149365.5890500,0
1787577420000,0.1629100,0.1632800,0.1628000,0.1628200,1620563,1787577479999,264127.8372100,2266,654085,106613.5124200,0
1787577480000,0.1628400,0.1631000,0.1626200,0.1629100,1566370,1787577539999,255118.8667700,2093,903680,147211.3112600,0
1787577540000,0.1629100,0.1630900,0.1627700,0.1628000,1020069,1787577599999,166183.1174900,1609,372945,60756.0075800,0
1787577600000,0.1628000,0.1628600,0.1625300,0.1628600,1682053,1787577659999,273641.4133200,2205,640298,104181.6502100,0
1787577660000,0.1628600,0.1630800,0.1621900,0.1622500,3977996,1787577719999,646585.3890500,3348,843353,137048.2782000,0
1787577720000,0.1622600,0.1625100,0.1621100,0.1624100,1405664,1787577779999,228091.2688800,1543,825794,134014.3965300,0
1787577780000,0.1624100,0.1626600,0.1623400,0.1625000,961897,1787577839999,156317.8778100,1382,428337,69609.8340700,0
1787577840000,0.1625000,0.1628600,0.1622500,0.1628200,1330045,1787577899999,216097.5426700,1643,699062,113618.6725600,0
1787577900000,0.1628200,0.1631100,0.1625100,0.1629200,1122419,1787577959999,182747.1771300,1655,577129,93994.6322600,0
1787577960000,0.1629200,0.1629600,0.1624800,0.1626700,853263,1787578019999,138858.3700800,1678,366896,59706.5187200,0
1787578020000,0.1626600,0.1626700,0.1621800,0.1625200,612037,1787578079999,99372.9075000,1389,277862,45113.0310600,0
1787578080000,0.1625200,0.1629900,0.1624300,0.1628200,1134748,1787578139999,184718.9047400,1896,527689,85893.5596200,0
1787578140000,0.1628100,0.1628600,0.1623800,0.1626400,887621,1787578199999,144358.6077500,1439,540559,87903.4909600,0
1787578200000,0.1626500,0.1626600,0.1617200,0.1621500,3748382,1787578259999,607758.9962000,4602,1282237,208004.4354700,0
1787578260000,0.1621500,0.1624900,0.1616500,0.1620000,2656886,1787578319999,430521.1737700,3787,1118512,181359.0652600,0
1787578320000,0.1620000,0.1621200,0.1610400,0.1613700,3867350,1787578379999,624809.6479500,5147,1235926,199723.1203800,0
1787578380000,0.1613700,0.1616000,0.1603700,0.1609500,9354692,1787578439999,1504026.3683800,7038,4199652,675201.9132000,0
1787578440000,0.1609300,0.1614800,0.1607300,0.1611600,3018822,1787578499999,486231.9702100,3729,1548365,249430.9563100,0
1787578500000,0.1611400,0.1614000,0.1606900,0.1610200,3020182,1787578559999,486070.6870100,3188,1111283,178882.8902200,0
1787578560000,0.1610200,0.1612400,0.1607500,0.1611000,2163406,1787578619999,348191.0519500,2716,948586,152715.3762000,0
1787578620000,0.1611000,0.1615400,0.1605300,0.1613300,4148734,1787578679999,668626.8394900,4308,2544716,410151.9070900,0
1787578680000,0.1613200,0.1618500,0.1608200,0.1609900,6638381,1787578739999,1071031.5381500,6675,3054987,493078.2753200,0
1787578740000,0.1609900,0.1613600,0.1606500,0.1611600,2521396,1787578799999,406145.0605100,3063,1306895,210568.3168000,0
1787578800000,0.1611700,0.1613600,0.1607800,0.1612100,2992321,1787578859999,481917.8724300,3136,1084883,174741.4268500,0
1787578860000,0.1612100,0.1614000,0.1609000,0.1612800,3207089,1787578919999,516916.0780200,2888,1756532,283169.7219700,0
1787578920000,0.1612800,0.1613300,0.1601000,0.1604500,3465391,1787578979999,557299.4742000,3739,1095116,176194.1650700,0
1787578980000,0.1604500,0.1609700,0.1601700,0.1603200,5327170,1787579039999,855307.5994900,4920,2289336,367656.9332800,0
1787579040000,0.1603200,0.1612400,0.1581700,0.1582600,17299358,1787579099999,2765780.1215800,7180,4565292,732248.6962800,0
1787579100000,0.1582700,0.1601000,0.1579500,0.1593800,18874475,1787579159999,2999113.2914400,12992,9867473,1568573.8008400,0
1787579160000,0.1593800,0.1603600,0.1590500,0.1603000,6306179,1787579219999,1007438.5807000,5966,2684343,428924.5137900,0
1787579220000,0.1603100,0.1610700,0.1601500,0.1607900,5738098,1787579279999,921978.3970100,6089,3999365,642700.7120300,0
1787579280000,0.1607800,0.1617200,0.1607200,0.1613800,4848659,1787579339999,782529.2969200,4689,2727066,440074.8186000,0
1787579340000,0.1613700,0.1615800,0.1607400,0.1608800,2355568,1787579399999,379404.8489400,3487,1293199,208345.6035400,0
1787579400000,0.1608900,0.1611500,0.1605300,0.1606300,2657776,1787579459999,427423.5733400,4163,1297184,208676.0604100,0
1787579460000,0.1606400,0.1610000,0.1603900,0.1606700,1834425,1787579519999,294929.7018000,3220,1006701,161864.0026300,0
1787579520000,0.1606700,0.1609400,0.1604400,0.1606000,1195004,1787579579999,192007.5160800,2406,489021,78580.2897200,0
1787579580000,0.1606000,0.1606000,0.1598200,0.1604000,7410617,1787579639999,1187177.7903600,5956,3371772,540173.0976700,0
1787579640000,0.1604000,0.1606000,0.1598800,0.1600600,2475442,1787579699999,396407.7436600,3066,883256,141423.9976800,0
1787579700000,0.1600600,0.1605800,0.1597300,0.1602300,2938312,1787579759999,470459.3433300,3904,988390,158286.9044600,0
1787579760000,0.1602300,0.1607800,0.1599800,0.1605700,1632318,1787579819999,261747.0169900,3069,834458,133797.1764700,0
1787579820000,0.1605600,0.1606500,0.1602100,0.1604700,1567561,1787579879999,251563.0615900,2543,800866,128545.7305000,0
1787579880000,0.1604700,0.1605100,0.1600400,0.1605000,1176448,1787579939999,188591.0190600,1977,614309,98481.9014200,0
1787579940000,0.1604800,0.1606900,0.1601600,0.1601600,1687013,1787579999999,270673.8868000,2454,615665,98801.2452400,0
1787580000000,0.1601600,0.1603800,0.1600000,0.1602900,1366665,1787580059999,218965.5396800,2548,707738,113393.0389700,0
1787580060000,0.1603100,0.1611300,0.1603100,0.1606600,2302010,1787580119999,370127.2649600,3292,1376396,221278.9165800,0
1787580120000,0.1606600,0.1612200,0.1603800,0.1607300,2518686,1787580179999,405091.3658400,3527,1592422,256153.3026100,0
1787580180000,0.1607300,0.1610100,0.1605200,0.1605300,1887044,1787580239999,303328.6961900,2878,1203441,193458.5283700,0
1787580240000,0.1605300,0.1607700,0.1603400,0.1603600,1355881,1787580299999,217730.3379500,2606,809826,130060.5766100,0
1787580300000,0.1603500,0.1609200,0.1601500,0.1609200,2244738,1787580359999,360311.7679500,2579,1444738,231990.8805400,0
1787580360000,0.1609300,0.1612000,0.1604900,0.1608300,1214873,1787580419999,195308.8481700,2244,805764,129525.7337500,0
1787580420000,0.1608300,0.1609000,0.1604800,0.1607500,1479434,1787580479999,237684.3191600,2340,696213,111847.4698600,0
1787580480000,0.1607500,0.1610700,0.1606900,0.1607500,2109951,1787580539999,339546.3442500,2484,1505424,242295.9194700,0
1787580540000,0.1607500,0.1611000,0.1606300,0.1610400,1155642,1787580599999,185889.9737300,2022,763795,122855.4703900,0
1787580600000,0.1610300,0.1616900,0.1609800,0.1615800,2694782,1787580659999,434916.5939800,3958,1683453,271684.2719700,0
1787580660000,0.1615800,0.1619300,0.1614300,0.1616400,2360861,1787580719999,381679.5619000,3460,1203803,194638.7323100,0
1787580720000,0.1616200,0.1619000,0.1613800,0.1615000,1391350,1787580779999,224914.4702900,2420,775015,125324.2705800,0
1787580780000,0.1615000,0.1617600,0.1613600,0.1617500,1479166,1787580839999,238990.7677400,2428,924712,149420.0207400,0
1787580840000,0.1617400,0.1618700,0.1615200,0.1616800,1344210,1787580899999,217367.4383500,1981,674375,109069.9834800,0
1787580900000,0.1616800,0.1617300,0.1612100,0.1612800,1358052,1787580959999,219167.0956800,1962,498197,80412.7633700,0
1787580960000,0.1612800,0.1614000,0.1607800,0.1608700,2892330,1787581019999,465731.1007100,3019,778912,125416.7180300,0
1787581020000,0.1608600,0.1619900,0.1605700,0.1619000,5625404,1787581079999,907457.5307300,4571,3042952,491035.4146500,0
1787581080000,0.1619100,0.1624000,0.1615200,0.1616200,3850542,1787581139999,623607.5358000,3981,2314376,375061.6898700,0
1787581140000,0.1616200,0.1616600,0.1607800,0.1610600,2646994,1787581199999,426467.0177000,3028,651542,105023.2571300,0
1787581200000,0.1610700,0.1619500,0.1609200,0.1618700,2861212,1787581259999,462082.5298300,3166,1728494,279181.6336600,0
1787581260000,0.1618700,0.1623400,0.1616000,0.1617700,1458772,1787581319999,236282.5858000,2488,782341,126757.2349100,0
1787581320000,0.1618000,0.1624200,0.1616300,0.1623700,2173869,1787581379999,352563.2656200,2907,1639074,265861.2484200,0
1787581380000,0.1623700,0.1642600,0.1617000,0.1620100,11802241,1787581439999,1923565.8589500,11258,6023961,982893.5154400,0
1787581440000,0.1620000,0.1623800,0.1611700,0.1614700,5754146,1787581499999,930879.7402400,5473,2308605,373681.8043600,0
1787581500000,0.1614400,0.1617600,0.1613000,0.1614600,2343210,1787581559999,378524.6677000,3298,1013075,163661.8368400,0
1787581560000,0.1614500,0.1622300,0.1613200,0.1618800,2431927,1787581619999,393451.5378300,3553,1490801,241250.9316400,0
1787581620000,0.1618700,0.1629300,0.1617200,0.1621000,3538783,1787581679999,574865.4121300,3816,1971411,320271.1846000,0
1787581680000,0.1621100,0.1627600,0.1620000,0.1624300,2026250,1787581739999,329083.7654900,2088,969443,157482.6825600,0
1787581740000,0.1624200,0.1626200,0.1622400,0.1623200,932223,1787581799999,151394.2089400,1600,391254,63548.5796000,0
1787581800000,0.1623200,0.1630200,0.1622200,0.1629100,1997997,1787581859999,324938.2300000,2606,999278,162461.0467500,0
1787581860000,0.1629000,0.1629500,0.1625800,0.1629200,1894976,1787581919999,308474.2170400,2872,1116778,181814.7394700,0
1787581920000,0.1629100,0.1633400,0.1626400,0.1628200,2742608,1787581979999,447051.1946500,2959,1717671,280030.8726600,0
1787581980000,0.1628300,0.1636200,0.1627800,0.1632500,3134129,1787582039999,511709.3914600,3685,1942394,317116.9159300,0
1787582040000,0.1632600,0.1639800,0.1627500,0.1630700,4483867,1787582099999,732682.3296200,4427,2582263,422184.5621900,0
1787582100000,0.1630700,0.1636100,0.1628700,0.1635200,1702984,1787582159999,277998.7108400,2310,987906,161279.8439700,0
1787582160000,0.1635100,0.1641900,0.1633900,0.1634500,2873350,1787582219999,470519.2513300,3298,1176929,192836.2797000,0
1787582220000,0.1634500,0.1635800,0.1632500,0.1633800,3077086,1787582279999,502859.8339600,2602,1593252,260371.6445000,0
1787582280000,0.1634000,0.1635800,0.1630800,0.1632400,1977726,1787582339999,323012.1163200,2131,714844,116785.9530900,0
1787582340000,0.1632300,0.1635100,0.1631600,0.1633200,1953794,1787582399999,319155.1831100,2479,890756,145517.1254300,0
1787582400000,0.1633300,0.1633500,0.1626800,0.1628300,2047079,1787582459999,333497.7097500,2416,712812,116126.1998400,0
1787582460000,0.1628300,0.1631000,0.1627700,0.1630800,1682809,1787582519999,274176.5625500,1856,1013170,165082.6852700,0
1787582520000,0.1630800,0.1632700,0.1623600,0.1627000,2251860,1787582579999,366568.9651700,2350,995604,161960.3773400,0
1787582580000,0.1627000,0.1627000,0.1615300,0.1615700,3474395,1787582639999,562950.8933600,2852,845378,137033.1823400,0
1787582640000,0.1615700,0.1624500,0.1614100,0.1622900,3064321,1787582699999,496749.7038900,2947,2167255,351351.7856300,0
1787582700000,0.1623000,0.1630000,0.1618500,0.1620500,2865112,1787582759999,465176.0868200,3178,1472285,239200.4865300,0
1787582760000,0.1620500,0.1624200,0.1616500,0.1622400,1989497,1787582819999,322215.6697600,2148,1222073,197935.2240900,0
1787582820000,0.1622300,0.1623300,0.1615900,0.1618000,1825708,1787582879999,295496.0035700,1719,1232741,199506.7139100,0
1787582880000,0.1617900,0.1618400,0.1610900,0.1614400,3070309,1787582939999,495674.5541300,2511,1142923,184583.0387400,0
1787582940000,0.1614300,0.1614900,0.1605900,0.1609200,4861481,1787582999999,782738.6958500,3819,1704047,274396.0275600,0
1787583000000,0.1609400,0.1609800,0.1593700,0.1600900,6543425,1787583059999,1047137.3611300,5143,3200637,512054.0816800,0
1787583060000,0.1601000,0.1601800,0.1588000,0.1597500,8252013,1787583119999,1314927.5090600,6630,4092989,652333.3390700,0
1787583120000,0.1597400,0.1602200,0.1595800,0.1600300,3403919,1787583179999,544423.0600200,3552,1965278,314341.8951300,0
1787583180000,0.1600200,0.1603600,0.1598400,0.1603600,1051045,1787583239999,168242.4011200,1800,588274,94166.4787800,0
1787583240000,0.1603700,0.1603700,0.1593500,0.1598200,2533266,1787583299999,404645.4651900,2430,581994,93002.0871500,0
1787583300000,0.1598000,0.1601300,0.1594600,0.1600200,2425640,1787583359999,387552.3958000,2632,1288257,205825.6000100,0
1787583360000,0.1600200,0.1606400,0.1600100,0.1603900,2798089,1787583419999,448564.9981600,2476,2108760,338100.6824600,0
1787583420000,0.1603900,0.1608800,0.1603500,0.1605800,1175060,1787583479999,188725.5406800,1820,722939,116122.5648800,0
1787583480000,0.1605700,0.1610700,0.1605500,0.1609500,1750984,1787583539999,281724.3822600,2096,1223492,196863.5214100,0
1787583540000,0.1609500,0.1613200,0.1608500,0.1610100,1027784,1787583599999,165600.6329800,1650,681957,109887.3550700,0
1787583600000,0.1610000,0.1611200,0.1605800,0.1609300,1236783,1787583659999,198881.1008400,2294,740361,119053.8045400,0
1787583660000,0.1609400,0.1611400,0.1608700,0.1611300,1169487,1787583719999,188297.9938100,1883,660069,106270.5216800,0
1787583720000,0.1611200,0.1614400,0.1610500,0.1612900,1039214,1787583779999,167589.7231500,1676,374784,60429.7583700,0
1787583780000,0.1612900,0.1619900,0.1612800,0.1615200,1643694,1787583839999,265923.7541700,2472,873349,141284.7884800,0
1787583840000,0.1615200,0.1621500,0.1611600,0.1619200,3366784,1787583899999,544752.8021400,3784,2169411,351043.2251800,0
1787583900000,0.1619300,0.1628100,0.1618300,0.1626800,5351566,1787583959999,869110.3981200,5633,2968840,482137.6815800,0
1787583960000,0.1626800,0.1626900,0.1621900,0.1625900,973390,1787584019999,158192.3225000,1929,467131,75899.6804000,0
1787584020000,0.1625900,0.1629700,0.1621100,0.1621700,2282893,1787584079999,370755.7605900,2835,1091224,177258.9865900,0
1787584080000,0.1621600,0.1622300,0.1611500,0.1612100,1767828,1787584139999,285651.2911700,2816,707865,114403.1542100,0
1787584140000,0.1612100,0.1619700,0.1606100,0.1606100,3984938,1787584199999,642959.0504600,4266,2210391,356665.6116800,0
1787584200000,0.1606100,0.1611800,0.1605600,0.1609800,2759731,1787584259999,443851.0778800,2420,1916950,308295.1017600,0
1787584260000,0.1609800,0.1617200,0.1608600,0.1615900,776179,1787584319999,125135.0081500,1894,474051,76443.4261100,0
1787584320000,0.1616000,0.1617700,0.1615200,0.1617200,888346,1787584379999,143582.2210000,1457,313143,50616.9249200,0
1787584380000,0.1616800,0.1618600,0.1613600,0.1613700,873863,1787584439999,141173.2533500,1606,526566,85073.1888200,0
1787584440000,0.1613800,0.1615900,0.1609700,0.1610400,1552366,1787584499999,250154.3300800,1890,678164,109286.4116400,0
1787584500000,0.1610400,0.1615200,0.1608900,0.1614700,1653260,1787584559999,266404.3427300,2400,1013624,163349.4399700,0
1787584560000,0.1614700,0.1615800,0.1607600,0.1610200,1230059,1787584619999,198130.7890200,1986,485637,78238.2346100,0
1787584620000,0.1610200,0.1614200,0.1610200,0.1610600,810991,1787584679999,130731.5708300,1709,452030,72860.1221700,0
1787584680000,0.1610600,0.1612600,0.1609500,0.1612000,800461,1787584739999,128967.5066700,1394,378072,60925.6585000,0
1787584740000,0.1612000,0.1619700,0.1610600,0.1614700,2169136,1787584799999,350543.4907900,2739,1235387,199706.7126300,0
1787584800000,0.1614600,0.1616000,0.1613200,0.1614000,665141,1787584859999,107391.7678500,1376,366286,59140.7620700,0
1787584860000,0.1614000,0.1617000,0.1613100,0.1616300,867550,1787584919999,140130.9471000,1561,451185,72882.8553700,0
1787584920000,0.1616300,0.1622500,0.1615400,0.1620600,940158,1787584979999,152200.3716300,1917,503864,81579.2322500,0
1787584980000,0.1620800,0.1629700,0.1619500,0.1626100,5672266,1787585039999,922750.0568900,5199,3369632,548322.9053300,0
1787585040000,0.1626000,0.1635700,0.1623500,0.1632000,5123936,1787585099999,835816.0321000,4911,2778268,453176.9100300,0
1787585100000,0.1632000,0.1634900,0.1626100,0.1630900,5407917,1787585159999,881885.9181800,6336,2551054,416061.8951200,0
1787585160000,0.1630800,0.1640000,0.1627800,0.1636600,4139534,1787585219999,676617.6667800,4531,2605277,425815.4417400,0
1787585220000,0.1636500,0.1638900,0.1633000,0.1633800,2616484,1787585279999,428008.0324100,2873,1051200,172017.7622100,0
1787585280000,0.1633900,0.1634600,0.1629400,0.1633300,3315857,1787585339999,541343.7575900,3597,1772991,289502.1217200,0
1787585340000,0.1633200,0.1643200,0.1632100,0.1640700,5219253,1787585399999,854761.1710600,6457,3080330,504572.9078900,0
1787585400000,0.1640600,0.1642600,0.1631600,0.1632400,3281742,1787585459999,536872.1971000,4397,1763108,288537.9322900,0
1787585460000,0.1632500,0.1634400,0.1628900,0.1631700,1755381,1787585519999,286491.6291400,3055,938337,153149.8754400,0
1787585520000,0.1631500,0.1632100,0.1625000,0.1630000,4125066,1787585579999,671665.5153800,3375,1089397,177438.7632300,0
1787585580000,0.1630100,0.1632900,0.1629500,0.1630200,696776,1787585639999,113662.5678900,1355,200698,32730.4356400,0
1787585640000,0.1630200,0.1632300,0.1622300,0.1624600,3070612,1787585699999,499812.6684900,3823,1412949,230032.7192100,0
1787585700000,0.1624500,0.1630300,0.1624300,0.1627800,1620196,1787585759999,263652.2596700,2528,695889,113232.8309200,0
1787585760000,0.1627800,0.1630800,0.1625400,0.1627200,1859719,1787585819999,302755.2946100,2677,967393,157469.5902000,0
1787585820000,0.1627200,0.1627500,0.1620600,0.1623400,1584075,1787585879999,256995.8708400,2501,809763,131380.1075900,0
1787585880000,0.1623300,0.1623700,0.1618400,0.1619200,2347671,1787585939999,380653.5094500,2567,1118478,181422.8760800,0
1787585940000,0.1619100,0.1627200,0.1616700,0.1623400,3602732,1787585999999,584405.7001300,3407,2455615,398213.1340900,0
1787586000000,0.1623400,0.1630500,0.1623400,0.1630500,1534586,1787586059999,249623.2837400,2153,868750,141360.9125600,0
1787586060000,0.1630500,0.1631400,0.1625400,0.1627100,1554777,1787586119999,253043.9987200,2093,453822,73884.7751100,0
1787586120000,0.1627200,0.1628900,0.1626100,0.1628300,1075269,1787586179999,175012.3378000,1653,575094,93603.9907500,0
1787586180000,0.1628200,0.1631400,0.1614300,0.1619700,3535131,1787586239999,572694.8955000,4267,1327284,215106.4712300,0
1787586240000,0.1619700,0.1620700,0.1606100,0.1614000,6599466,1787586299999,1063301.4273800,6132,2667063,429659.9036700,0
1787586300000,0.1614000,0.1616100,0.1606200,0.1612500,2832590,1787586359999,456246.6445900,3716,962586,155099.8619100,0
1787586360000,0.1612400,0.1619900,0.1611800,0.1619100,1505220,1787586419999,243310.0750400,2762,997180,161184.5846700,0
1787586420000,0.1619100,0.1619500,0.1617300,0.1617900,1306568,1787586479999,211443.5353500,1988,571384,92478.2912400,0
1787586480000,0.1617800,0.1618500,0.1611000,0.1613300,1816549,1787586539999,293129.8616700,2848,571731,92253.1061500,0
1787586540000,0.1613400,0.1615500,0.1610400,0.1614700,829938,1787586599999,133897.8890400,1825,381860,61611.7732400,0
1787586600000,0.1614800,0.1615700,0.1610700,0.1613100,1351856,1787586659999,218039.4246500,2131,642156,103577.4627500,0
1787586660000,0.1613200,0.1617400,0.1612500,0.1616500,849660,1787586719999,137208.2594300,1589,541195,87412.5145400,0
1787586720000,0.1616400,0.1616600,0.1610600,0.1614200,1417244,1787586779999,228597.9717300,2162,540037,87106.1509400,0
1787586780000,0.1614200,0.1616300,0.1611200,0.1616300,1173783,1787586839999,189416.0694100,1797,699866,112937.0049200,0
1787586840000,0.1616300,0.1622400,0.1615800,0.1615900,949227,1787586899999,153689.2798000,1977,412142,66752.4455000,0
1787586900000,0.1615900,0.1617000,0.1611100,0.1616200,2145468,1787586959999,346239.4769900,3144,1040960,167987.7597500,0
1787586960000,0.1616300,0.1619700,0.1610100,0.1614100,2385974,1787587019999,385062.9467800,2784,658512,106317.9152000,0
1787587020000,0.1614200,0.1615800,0.1605500,0.1607200,2518294,1787587079999,405437.6071100,3081,888635,143042.2784500,0
1787587080000,0.1607100,0.1612100,0.1606200,0.1608200,1578078,1787587139999,253882.0939400,2153,751531,120908.3410800,0
1787587140000,0.1608200,0.1613800,0.1608200,0.1613400,1491548,1787587199999,240353.4447100,2197,632882,102015.3919300,0
1787587200000,0.1613500,0.1617800,0.1613200,0.1614600,1637637,1787587259999,264607.8083000,2654,1020568,164909.2086300,0
1787587260000,0.1614500,0.1619300,0.1612400,0.1615100,1784165,1787587319999,288288.3602100,2482,887347,143389.8245100,0
1787587320000,0.1615200,0.1616600,0.1611100,0.1616500,668661,1787587379999,107905.2260600,1731,339643,54816.9425500,0
1787587380000,0.1616500,0.1616500,0.1612500,0.1614700,524878,1787587439999,84721.4259000,1457,295942,47768.3645800,0
1787587440000,0.1614800,0.1616800,0.1611400,0.1615200,574096,1787587499999,92694.5713700,1271,345842,55835.5756100,0
1787587500000,0.1615200,0.1618800,0.1614300,0.1617600,969618,1787587559999,156786.3176400,1818,517999,83761.0819900,0
1787587560000,0.1617600,0.1622800,0.1616800,0.1619600,1435591,1787587619999,232636.8320900,2180,1136878,184243.3535000,0
1787587620000,0.1619600,0.1625600,0.1617400,0.1623000,1631459,1787587679999,264741.5135200,2620,1101005,178686.5530200,0
1787587680000,0.1623100,0.1624000,0.1619000,0.1620800,1101933,1787587739999,178605.2049100,1675,461642,74830.5922000,0
1787587740000,0.1620600,0.1621500,0.1617800,0.1618100,777112,1787587799999,125807.4258900,1373,255572,41377.8918300,0
1787587800000,0.1618100,0.1618400,0.1616000,0.1617200,798324,1787587859999,129090.7330300,1389,316690,51205.2760500,0
1787587860000,0.1617200,0.1624800,0.1617100,0.1624800,881374,1787587919999,142894.5029400,1719,634702,102912.8274900,0
1787587920000,0.1624800,0.1627400,0.1623500,0.1624100,1622420,1787587979999,263677.3453200,2043,792579,128849.1867800,0
1787587980000,0.1624200,0.1628000,0.1623500,0.1625100,1037521,1787588039999,168672.4112300,1358,700775,113925.5872400,0
1787588040000,0.1625200,0.1629000,0.1624200,0.1627500,878505,1787588099999,142940.1799300,1177,344988,56140.5201100,0
1787588100000,0.1627200,0.1628500,0.1618600,0.1623900,4633670,1787588159999,752416.3487700,4244,1405455,228289.6434700,0
1787588160000,0.1623800,0.1625700,0.1621900,0.1625700,1078337,1787588219999,175142.6163000,1661,400582,65060.1920600,0
1787588220000,0.1625600,0.1626100,0.1620000,0.1622000,1373579,1787588279999,222844.9741700,1927,408420,66282.1162400,0
1787588280000,0.1621900,0.1624000,0.1618000,0.1622800,1117348,1787588339999,181181.7855900,2052,515618,83626.2520600,0
1787588340000,0.1622900,0.1626600,0.1621700,0.1625800,907527,1787588399999,147471.9226000,1686,497674,80880.4616600,0
1787588400000,0.1625800,0.1625800,0.1618900,0.1620400,1131880,1787588459999,183503.0058400,1507,357622,57980.9703200,0
1787588460000,0.1620300,0.1621100,0.1619100,0.1620400,485762,1787588519999,78703.6762900,1238,226982,36774.0487700,0
1787588520000,0.1620300,0.1625800,0.1619800,0.1622200,628294,1787588579999,101979.6481000,1358,411630,66820.8076200,0
1787588580000,0.1622100,0.1624100,0.1620800,0.1624100,557170,1787588639999,90408.7007700,993,350539,56898.9026000,0
1787588640000,0.1624100,0.1624200,0.1619000,0.1619900,431484,1787588699999,69951.9182400,840,113301,18354.9948000,0
1787588700000,0.1619900,0.1620500,0.1615700,0.1618500,1340004,1787588759999,216866.4348200,1293,729898,118115.2997000,0
1787588760000,0.1618500,0.1620800,0.1614100,0.1617100,776254,1787588819999,125481.7254000,1493,338593,54745.2062600,0
1787588820000,0.1617300,0.1619100,0.1616600,0.1617800,367299,1787588879999,59416.3880700,898,204951,33159.2892600,0
1787588880000,0.1617800,0.1618700,0.1617100,0.1618000,264243,1787588939999,42751.3895400,777,146040,23627.7092000,0
1787588940000,0.1618000,0.1620300,0.1615900,0.1619400,520393,1787588999999,84203.6650200,1070,301654,48811.2831400,0
1787589000000,0.1619400,0.1621100,0.1617500,0.1619200,1114032,1787589059999,180433.2835800,1641,602133,97543.3955600,0
1787589060000,0.1619600,0.1619600,0.1613400,0.1614000,681389,1787589119999,110125.1707800,1302,203350,32853.5066800,0
1787589120000,0.1613900,0.1614600,0.1604100,0.1604300,2818730,1787589179999,453764.7369100,2784,995710,160300.0952300,0
1787589180000,0.1604400,0.1606100,0.1594600,0.1596000,7662347,1787589239999,1226667.5079300,6207,3646924,584248.9681800,0
1787589240000,0.1596000,0.1600700,0.1588900,0.1600600,9494513,1787589299999,1513813.5540600,6530,5098089,813323.3911700,0
1787589300000,0.1600500,0.1603400,0.1595100,0.1599900,5346600,1787589359999,855083.8788200,5060,3094731,495015.0253600,0
1787589360000,0.1600000,0.1601700,0.1598000,0.1599500,1294414,1787589419999,207075.8333400,2001,816326,130607.9452700,0
1787589420000,0.1599500,0.1600000,0.1595900,0.1599700,1776261,1787589479999,283839.0057400,2019,732277,117026.4077500,0
1787589480000,0.1599800,0.1604600,0.1599100,0.1601100,1025979,1787589539999,164375.2608200,1384,720423,115410.0414800,0
1787589540000,0.1601100,0.1610900,0.1600000,0.1603400,3698040,1787589599999,594018.3705100,3128,2833001,455041.0394300,0
1787589600000,0.1603400,0.1605200,0.1598600,0.1604700,2031775,1787589659999,325334.8645700,2143,1171508,187616.7199100,0
1787589660000,0.1604700,0.1605400,0.1601300,0.1603700,1147366,1787589719999,183948.7992200,1496,427634,68555.9995000,0
1787589720000,0.1603800,0.1609700,0.1603400,0.1606100,746017,1787589779999,119881.8765800,1241,467130,75048.5894600,0
1787589780000,0.1606200,0.1608200,0.1603100,0.1607500,1371522,1787589839999,220260.8039100,1705,547249,87892.0691300,0
1787589840000,0.1607500,0.1607700,0.1601600,0.1602100,839830,1787589899999,134780.3922200,1279,292516,46957.5428600,0
1787589900000,0.1602200,0.1602200,0.1595900,0.1597500,1358901,1787589959999,217285.6167600,1968,563183,90077.4636000,0
1787589960000,0.1597500,0.1602500,0.1596300,0.1600600,1453623,1787590019999,232517.7205100,1858,841005,134520.1104500,0
1787590020000,0.1600600,0.1601400,0.1595800,0.1598400,829498,1787590079999,132624.1353200,1440,316384,50574.4835700,0
1787590080000,0.1598500,0.1598700,0.1594200,0.1594600,1755806,1787590139999,280231.4091100,1934,488457,77969.6410300,0
1787590140000,0.1594600,0.1594600,0.1584800,0.1587900,6467138,1787590199999,1027745.3372200,5992,2030236,322675.2640000,0
1787590200000,0.1587900,0.1597400,0.1587900,0.1596700,2073955,1787590259999,330629.9844100,2819,1447169,230707.1277200,0
1787590260000,0.1596700,0.1601000,0.1594400,0.1595200,2883114,1787590319999,460862.7021300,2667,1986931,317627.9541700,0
1787590320000,0.1595100,0.1598800,0.1593600,0.1597400,895672,1787590379999,142966.7966800,1526,601957,96092.1136400,0
1787590380000,0.1597400,0.1600900,0.1597000,0.1599200,784174,1787590439999,125368.2414600,1513,346422,55384.9625400,0
1787590440000,0.1599300,0.1599800,0.1587100,0.1589900,2919707,1787590499999,464801.6736900,3655,1118334,178042.5196300,0
1787590500000,0.1589900,0.1591700,0.1580000,0.1585200,8021383,1787590559999,1270718.9896400,7211,1995822,316396.2528000,0
1787590560000,0.1585200,0.1589800,0.1584700,0.1585000,1471519,1787590619999,233535.2264100,2882,752953,119482.7235900,0
1787590620000,0.1585100,0.1589100,0.1584900,0.1587800,947478,1787590679999,150428.2324500,1907,457326,72604.8483400,0
1787590680000,0.1587900,0.1589000,0.1581500,0.1582300,2160798,1787590739999,342208.1598400,2621,1002850,158849.6771300,0
1787590740000,0.1582300,0.1582800,0.1575100,0.1577600,4931571,1787590799999,778130.7672200,4574,1153549,182075.3102600,0
1787590800000,0.1577700,0.1581500,0.1570000,0.1574700,6094847,1787590859999,960042.3072600,5687,2196202,346274.4860700,0
1787590860000,0.1574700,0.1577600,0.1570000,0.1576400,4807987,1787590919999,756637.3209800,4812,1864011,293488.7022000,0
1787590920000,0.1576300,0.1581400,0.1568400,0.1577300,6975559,1787590979999,1098734.8088100,6982,4345724,684929.0220000,0
1787590980000,0.1577200,0.1583500,0.1574000,0.1581700,4813833,1787591039999,760144.1477300,4817,2556331,403864.8137400,0
1787591040000,0.1581600,0.1584600,0.1580300,0.1582300,2271615,1787591099999,359500.8000900,2763,1372723,217261.3485500,0
1787591100000,0.1582300,0.1584500,0.1581700,0.1584100,1209220,1787591159999,191449.7851200,2126,836080,132379.6120400,0
1787591160000,0.1584200,0.1586300,0.1580700,0.1584500,1645937,1787591219999,260613.4923500,2151,857441,135784.2096700,0
1787591220000,0.1584500,0.1586500,0.1583900,0.1586500,836229,1787591279999,132556.2922000,1707,413103,65486.0535500,0
1787591280000,0.1586400,0.1586700,0.1582600,0.1583700,1435739,1787591339999,227488.7005200,1816,692342,109695.1747700,0
1787591340000,0.1583800,0.1589300,0.1582300,0.1584800,1920745,1787591399999,304610.5961600,2320,1032143,163670.3469600,0
1787591400000,0.1584800,0.1584800,0.1575600,0.1575600,1435361,1787591459999,226705.6358500,2463,585228,92424.2486300,0
1787591460000,0.1575500,0.1579800,0.1573200,0.1578400,1370102,1787591519999,215987.5125300,2023,648786,102271.9257800,0
1787591520000,0.1578300,0.1579200,0.1572700,0.1574200,1509582,1787591579999,237752.2378300,1866,431827,68023.3167300,0
1787591580000,0.1574100,0.1575200,0.1566200,0.1566500,3273180,1787591639999,513787.2428500,3038,784935,123243.7650800,0
1787591640000,0.1566600,0.1572000,0.1565200,0.1565700,2192833,1787591699999,344060.9673400,2722,1150493,180569.2793700,0
1787591700000,0.1565700,0.1567000,0.1543200,0.1551000,24858162,1787591759999,3856610.8443700,14390,6933933,1075407.9379000,0
1787591760000,0.1550800,0.1565400,0.1546500,0.1561900,9625136,1787591819999,1497065.1272900,6367,6631844,1031850.0721500,0
1787591820000,0.1561900,0.1570300,0.1559300,0.1570300,4000739,1787591879999,626215.6512800,4513,2558613,400581.7973400,0
1787591880000,0.1570200,0.1573000,0.1564800,0.1568000,2425337,1787591939999,380452.3283500,2994,1287209,201968.2341200,0
1787591940000,0.1568100,0.1572000,0.1564800,0.1564800,1909109,1787591999999,299513.5949600,2786,868037,136179.1981500,0
1787592000000,0.1565000,0.1566200,0.1557300,0.1558200,3062786,1787592059999,478586.0773400,3665,1024571,160171.2001300,0
1787592060000,0.1558200,0.1559200,0.1549700,0.1550500,3406972,1787592119999,529584.8604700,4157,1068044,166023.6965900,0
1787592120000,0.1550600,0.1559800,0.1548600,0.1549800,4451639,1787592179999,691088.9624900,5300,2033268,315656.5702500,0
1787592180000,0.1549900,0.1552800,0.1548200,0.1548700,3568844,1787592239999,553283.3437400,4089,1432683,222195.6957300,0
1787592240000,0.1548800,0.1555800,0.1547500,0.1549800,2791811,1787592299999,432998.1368000,3651,1283417,199085.6746200,0
1787592300000,0.1549900,0.1554100,0.1548100,0.1548100,2612432,1787592359999,404934.5365300,3716,1182505,183303.8880300,0
1787592360000,0.1548100,0.1551300,0.1547100,0.1548600,2173080,1787592419999,336622.0863800,3109,828004,128273.6052000,0
1787592420000,0.1548700,0.1552300,0.1547500,0.1548500,2124606,1787592479999,329270.0353600,2621,1046693,162253.0436400,0
1787592480000,0.1548600,0.1549300,0.1535100,0.1537600,11163487,1787592539999,1718810.9627400,8433,3487327,537175.4633200,0
1787592540000,0.1537600,0.1540400,0.1532100,0.1534400,12295187,1787592599999,1889147.4450500,6501,6876575,1056754.8816600,0
1787592600000,0.1534300,0.1540300,0.1527800,0.1528900,17246524,1787592659999,2645769.9702200,8442,9069846,1391754.9007700,0
1787592660000,0.1528700,0.1534000,0.1526800,0.1533800,5563304,1787592719999,851499.9778000,4464,2415597,369836.1097800,0
1787592720000,0.1533800,0.1534000,0.1522200,0.1523900,6715853,1787592779999,1025937.4448100,4677,2455403,374963.1788200,0
1787592780000,0.1524000,0.1527800,0.1523200,0.1525600,5433360,1787592839999,828869.2832300,4101,2618069,399444.9897000,0
1787592840000,0.1525500,0.1527500,0.1522300,0.1523100,3474525,1787592899999,530033.1725200,2860,1257029,191834.5767200,0
1787592900000,0.1523100,0.1529400,0.1522800,0.1526600,3316424,1787592959999,506224.4555400,3267,1909243,291388.0231400,0
1787592960000,0.1526400,0.1531500,0.1525100,0.1531200,3615887,1787593019999,552452.6142300,3012,2067498,315881.9010700,0
1787593020000,0.1531200,0.1532200,0.1528300,0.1530000,3365295,1787593079999,515049.5513900,3080,1617368,247566.7042200,0
1787593080000,0.1529900,0.1532300,0.1526400,0.1527000,2726565,1787593139999,417124.3008800,2826,1124581,172054.4265800,0
1787593140000,0.1527000,0.1531400,0.1523800,0.1526600,2578455,1787593199999,393925.2441700,2749,1680742,256839.2515400,0
1787593200000,0.1526600,0.1534900,0.1526200,0.1531100,4217940,1787593259999,645922.6584900,3726,2289672,350582.0159500,0
1787593260000,0.1531100,0.1531100,0.1525800,0.1527900,1904716,1787593319999,291081.8965400,2516,779061,119046.0165200,0
1787593320000,0.1527800,0.1528900,0.1520200,0.1521900,3010203,1787593379999,458474.9557600,3489,1043280,158935.8479800,0
1787593380000,0.1521900,0.1524000,0.1516500,0.1518800,4843089,1787593439999,736326.4373400,3766,1336346,203322.5860600,0
1787593440000,0.1518900,0.1520600,0.1511700,0.1516300,9732274,1787593499999,1475897.4557600,6245,4741976,719514.5377800,0
1787593500000,0.1516400,0.1520800,0.1513300,0.1520700,4084730,1787593559999,619539.4856900,4117,2248926,341177.9791400,0
1787593560000,0.1520700,0.1524700,0.1519500,0.1522600,2950582,1787593619999,449259.9836500,3113,1751562,266737.5346200,0
1787593620000,0.1522600,0.1532100,0.1522200,0.1531700,6905656,1787593679999,1055424.2871300,5327,4694783,717461.1502900,0
1787593680000,0.1531700,0.1532100,0.1528700,0.1531800,2244009,1787593739999,343508.9357300,2256,1123107,171951.6411700,0
1787593740000,0.1531700,0.1539200,0.1531100,0.1536600,11333777,1787593799999,1738999.1648900,3856,9183607,1408661.9228100,0
1787593800000,0.1536600,0.1541800,0.1535300,0.1536500,1811329,1787593859999,278607.7081100,2145,873964,134452.0372100,0
1787593860000,0.1536500,0.1537800,0.1533800,0.1536300,1240049,1787593919999,190459.6140700,1982,585263,89902.0077300,0
1787593920000,0.1536300,0.1538300,0.1535100,0.1536400,1051001,1787593979999,161523.8896400,1606,382850,58840.4783300,0
1787593980000,0.1536400,0.1542200,0.1536300,0.1539900,1454413,1787594039999,223914.8658500,1704,878104,135180.0772600,0
1787594040000,0.1539900,0.1542000,0.1535800,0.1537800,3466150,1787594099999,533496.1134000,2168,1020215,157007.8906600,0
1787594100000,0.1537800,0.1540200,0.1532500,0.1533900,1965987,1787594159999,301804.9695500,1963,833332,127925.9101600,0
1787594160000,0.1533900,0.1537300,0.1533900,0.1537100,754286,1787594219999,115858.6768800,1400,313628,48171.8505300,0
1787594220000,0.1537000,0.1538400,0.1534700,0.1535100,1125123,1787594279999,172898.8165300,1413,393362,60448.1341200,0
1787594280000,0.1535100,0.1537100,0.1533900,0.1535100,898819,1787594339999,138026.1071000,1417,373656,57381.3247800,0
1787594340000,0.1535200,0.1537000,0.1534700,0.1535400,722445,1787594399999,110956.2473500,1094,300838,46204.6153300,0
1787594400000,0.1535400,0.1540200,0.1535400,0.1537300,1598326,1787594459999,245889.5785600,2135,719402,110677.4161500,0
1787594460000,0.1537300,0.1540600,0.1533800,0.1540500,1770649,1787594519999,272142.4968500,2210,816268,125515.1733200,0
1787594520000,0.1540600,0.1541400,0.1538700,0.1539100,1022604,1787594579999,157477.7273600,1638,546186,84112.2293900,0
1787594580000,0.1539000,0.1540700,0.1537400,0.1538300,726169,1787594639999,111772.9034200,1320,403962,62189.8270500,0
1787594640000,0.1538200,0.1542600,0.1536200,0.1539700,2056002,1787594699999,316509.0279300,2393,1372150,211295.1528800,0
1787594700000,0.1539600,0.1545600,0.1538700,0.1543800,4100538,1787594759999,632761.3179800,3691,2948338,454923.0042500,0
1787594760000,0.1543700,0.1552900,0.1543400,0.1547500,4576848,1787594819999,708913.4010200,3898,3323313,514697.8408100,0
1787594820000,0.1547500,0.1547500,0.1543400,0.1544300,2085222,1787594879999,322253.3474600,2166,678300,104860.0303500,0
1787594880000,0.1544200,0.1544200,0.1540900,0.1541200,1128231,1787594939999,174031.8740100,1633,430501,66411.4816400,0
1787594940000,0.1541300,0.1541300,0.1536700,0.1540000,1949090,1787594999999,299994.5604100,2314,560626,86295.3768400,0
1787595000000,0.1540000,0.1543300,0.1539800,0.1541800,892282,1787595059999,137548.3945700,1357,494019,76176.0089300,0
1787595060000,0.1542100,0.1542700,0.1540200,0.1540800,648179,1787595119999,99918.6564700,1088,340739,52525.0267700,0
1787595120000,0.1540700,0.1542400,0.1539800,0.1541300,760420,1787595179999,117178.1289800,1248,357940,55160.9157400,0
1787595180000,0.1541400,0.1542200,0.1538400,0.1541500,713683,1787595239999,109912.7800800,1239,324556,49977.4959000,0
1787595240000,0.1541400,0.1541500,0.1532300,0.1537600,3025719,1787595299999,464803.7695300,2727,756321,116233.6173600,0
1787595300000,0.1537700,0.1538100,0.1527900,0.1529700,4780282,1787595359999,731870.3070200,5110,1202831,184147.0166000,0
1787595360000,0.1529800,0.1534300,0.1528600,0.1530700,1523941,1787595419999,233417.9043700,2059,631838,96794.6613700,0
1787595420000,0.1530700,0.1531000,0.1521400,0.1527800,6073900,1787595479999,926480.8747900,4816,2676854,408361.9824600,0
1787595480000,0.1527900,0.1530000,0.1524600,0.1525900,1476041,1787595539999,225451.6045100,2177,690194,105423.0060100,0
1787595540000,0.1525900,0.1526900,0.1523000,0.1525500,1227829,1787595599999,187213.9896200,1914,608932,92864.3395600,0
1787595600000,0.1525500,0.1525800,0.1520100,0.1523100,1785010,1787595659999,271716.5702500,2461,609545,92791.1212900,0
1787595660000,0.1523100,0.1523600,0.1520800,0.1521600,1090650,1787595719999,165985.1763900,1658,409727,62362.7037000,0
1787595720000,0.1521700,0.1523600,0.1521200,0.1523200,960770,1787595779999,146270.1246300,1197,456627,69511.4458300,0
1787595780000,0.1523300,0.1528500,0.1523200,0.1528500,1407723,1787595839999,214771.0570500,1847,829273,126523.9745900,0
1787595840000,0.1528400,0.1533800,0.1528400,0.1530900,3629075,1787595899999,555706.3758500,2581,2276484,348562.8654600,0
1787595900000,0.1530900,0.1536000,0.1529700,0.1532100,1706357,1787595959999,261573.7530400,2158,831570,127460.4567000,0
1787595960000,0.1532000,0.1538200,0.1531000,0.1536600,871991,1787596019999,133907.7194600,1436,622655,95607.4626000,0
1787596020000,0.1536600,0.1537700,0.1533900,0.1533900,876719,1787596079999,134656.2413600,1189,502037,77113.0491700,0
1787596080000,0.1533900,0.1540600,0.1533900,0.1538700,2131510,1787596139999,327818.5168400,2073,1404546,215983.3087400,0
1787596140000,0.1538700,0.1539600,0.1534700,0.1536500,799859,1787596199999,122867.2285600,1040,250357,38470.1193400,0
1787596200000,0.1536600,0.1538900,0.1535900,0.1538100,474357,1787596259999,72942.2759100,962,365714,56240.5017200,0
1787596260000,0.1538600,0.1539600,0.1534300,0.1534400,848544,1787596319999,130458.5662700,1464,361518,55582.0179000,0
1787596320000,0.1534700,0.1537200,0.1534500,0.1537200,620911,1787596379999,95344.7621600,932,439824,67535.3267500,0
1787596380000,0.1537200,0.1537900,0.1528400,0.1530500,2357468,1787596439999,360933.7710500,2177,712267,109035.2238000,0
1787596440000,0.1530600,0.1532200,0.1527700,0.1528600,920825,1787596499999,140858.3071500,1426,288833,44187.4613900,0
1787596500000,0.1528700,0.1534400,0.1528200,0.1532800,1058994,1787596559999,162254.9315800,1651,809580,124037.1548600,0
1787596560000,0.1532700,0.1533400,0.1530400,0.1530400,780738,1787596619999,119614.7601300,1108,217625,33337.6670300,0
1787596620000,0.1530500,0.1531100,0.1527600,0.1527900,965838,1787596679999,147704.5041400,1394,482039,73717.5824900,0
1787596680000,0.1528000,0.1528700,0.1522400,0.1522600,1453220,1787596739999,221645.9415500,1963,467553,71301.8851800,0
1787596740000,0.1522600,0.1524500,0.1520000,0.1522300,2664950,1787596799999,405614.1834500,2288,1021463,155459.1217100,0
1787596800000,0.1522300,0.1532100,0.1522300,0.1529900,2747313,1787596859999,419816.0402100,2107,1883088,287859.2785600,0
1787596860000,0.1529900,0.1531000,0.1525900,0.1530100,1832185,1787596919999,280095.5372700,1708,970565,148366.5355100,0
1787596920000,0.1530100,0.1531500,0.1527100,0.1528300,603813,1787596979999,92318.0827900,934,335695,51322.8817200,0
1787596980000,0.1528400,0.1529200,0.1527100,0.1527900,677412,1787597039999,103514.1133900,1079,313639,47927.3580200,0
1787597040000,0.1527900,0.1531300,0.1527900,0.1530700,646544,1787597099999,98898.9562700,1147,403479,61719.1603300,0
1787597100000,0.1530700,0.1535800,0.1530700,0.1531000,1718543,1787597159999,263560.6385100,1979,1125564,172652.0618200,0
1787597160000,0.1531000,0.1531400,0.1528200,0.1528200,895624,1787597219999,137019.7838600,969,477758,73078.7996500,0
1787597220000,0.1528300,0.1529000,0.1524700,0.1525500,1466777,1787597279999,223921.5989100,1361,594641,90774.8140800,0
1787597280000,0.1525600,0.1528100,0.1525400,0.1527800,379050,1787597339999,57878.8970900,817,220303,33636.6844700,0
1787597340000,0.1527900,0.1528700,0.1525100,0.1526500,687995,1787597399999,105037.6465400,1088,341286,52110.1889800,0
1787597400000,0.1526400,0.1527900,0.1522700,0.1522800,478652,1787597459999,73030.3839000,1028,212586,32442.3868300,0
1787597460000,0.1522700,0.1524000,0.1521600,0.1522600,838351,1787597519999,127663.3531300,1298,426638,64971.0333200,0
1787597520000,0.1522600,0.1522800,0.1519500,0.1520600,1714747,1787597579999,260767.5325200,1658,577924,87910.4325800,0
1787597580000,0.1520600,0.1522000,0.1515900,0.1516100,1812005,1787597639999,275216.9318100,2081,435328,66124.2517800,0
1787597640000,0.1516000,0.1521700,0.1515900,0.1519000,996896,1787597699999,151521.3912700,1493,541869,82353.0669300,0
1787597700000,0.1519100,0.1520800,0.1515400,0.1516800,894062,1787597759999,135731.5092200,1688,300451,45620.7860500,0
1787597760000,0.1516500,0.1519600,0.1515100,0.1516500,1266097,1787597819999,192102.6938800,1798,458835,69628.6382500,0
1787597820000,0.1516500,0.1517100,0.1512300,0.1515800,1839442,1787597879999,278627.7828100,1964,697267,105598.0720300,0
1787597880000,0.1515800,0.1518600,0.1515000,0.1515000,915104,1787597939999,138796.4380600,1489,253661,38482.4770000,0
1787597940000,0.1515000,0.1519900,0.1514800,0.1519600,1506881,1787597999999,228607.4448500,1688,1026959,155856.6092500,0
1787598000000,0.1519500,0.1524000,0.1517800,0.1523100,1916098,1787598059999,291328.0618900,1906,1114320,169434.1682700,0
1787598060000,0.1523000,0.1526400,0.1522600,0.1524900,2100075,1787598119999,320223.3950800,2256,1397156,213059.3590800,0
1787598120000,0.1525000,0.1529000,0.1522500,0.1523600,1208243,1787598179999,184367.1200600,1589,684666,104497.3708200,0
1787598180000,0.1523600,0.1525500,0.1523200,0.1523900,634801,1787598239999,96763.0961700,1041,357540,54502.4757500,0
1787598240000,0.1524000,0.1524300,0.1522000,0.1522200,413922,1787598299999,63045.9581700,940,184101,28042.6279600,0
1787598300000,0.1522300,0.1525500,0.1522000,0.1523200,1003946,1787598359999,153017.1035200,1470,388699,59228.6006500,0
1787598360000,0.1523100,0.1526200,0.1519000,0.1520900,1521769,1787598419999,231739.5639000,2015,736994,112270.8436300,0
1787598420000,0.1521000,0.1523700,0.1519700,0.1521600,722685,1787598479999,109971.1188600,1072,430872,65569.5380400,0
1787598480000,0.1521700,0.1526400,0.1519200,0.1525000,1586582,1787598539999,241596.7106900,1748,921576,140342.4989300,0
1787598540000,0.1525100,0.1527600,0.1523300,0.1524000,892644,1787598599999,136218.4231300,1413,427765,65282.5985200,0
1787598600000,0.1524100,0.1530000,0.1523100,0.1529900,1202073,1787598659999,183573.7054200,1614,539141,82325.5388500,0
1787598660000,0.1529900,0.1532000,0.1525900,0.1526800,919833,1787598719999,140675.2876600,1603,453278,69351.9346900,0
1787598720000,0.1526800,0.1527900,0.1525600,0.1527000,453754,1787598779999,69274.8380500,1060,276343,42189.3030100,0
1787598780000,0.1527000,0.1527000,0.1522900,0.1523300,810922,1787598839999,123671.1526500,1206,309110,47138.9276100,0
1787598840000,0.1523600,0.1524000,0.1520800,0.1523600,1275315,1787598899999,194130.2274200,1439,429134,65330.9817600,0
1787598900000,0.1523600,0.1526000,0.1521900,0.1522400,1626943,1787598959999,247961.4018500,1678,658030,100310.3427900,0
1787598960000,0.1522400,0.1522400,0.1516200,0.1517200,1710833,1787599019999,259796.7802100,2072,610627,92692.6657000,0
1787599020000,0.1517200,0.1517200,0.1511500,0.1511600,1755659,1787599079999,265804.2618800,1967,725708,109928.6207700,0
1787599080000,0.1512000,0.1514500,0.1504100,0.1514100,8089041,1787599139999,1221378.1630200,5909,3014458,455461.6972700,0
1787599140000,0.1514100,0.1516300,0.1509400,0.1512500,1027897,1787599199999,155532.9457000,1565,503813,76236.2605800,0
1787599200000,0.1512300,0.1515700,0.1511400,0.1514400,1173309,1787599259999,177613.7624100,1479,744616,112715.7570500,0
1787599260000,0.1514400,0.1515800,0.1514000,0.1514900,834872,1787599319999,126503.0038100,1248,300051,45464.0830000,0
1787599320000,0.1514900,0.1516800,0.1514100,0.1515500,1756157,1787599379999,266115.2480500,1265,1052130,159433.1123000,0
1787599380000,0.1515600,0.1518900,0.1515600,0.1517800,1064002,1787599439999,161436.4011300,976,856356,129922.6654500,0
1787599440000,0.1517800,0.1518300,0.1514100,0.1516600,1565975,1787599499999,237483.4134200,1651,456186,69187.8601500,0
1787599500000,0.1516600,0.1521500,0.1516600,0.1519200,1438855,1787599559999,218657.3530400,1565,682374,103681.9328400,0
1787599560000,0.1519200,0.1519200,0.1512900,0.1515600,1081313,1787599619999,163882.3857800,1463,433463,65667.9381700,0
1787599620000,0.1515600,0.1516300,0.1511100,0.1513000,1365620,1787599679999,206636.9909600,1452,423978,64142.7874600,0
1787599680000,0.1513100,0.1513200,0.1509700,0.1512100,810820,1787599739999,122553.2679300,939,430503,65080.9157500,0
1787599740000,0.1512200,0.1515400,0.1512200,0.1513200,375324,1787599799999,56823.0552300,826,178459,27016.9394700,0
1787599800000,0.1513300,0.1514200,0.1511100,0.1512100,695236,1787599859999,105141.5772100,1051,161198,24383.9481200,0
1787599860000,0.1512100,0.1516900,0.1510700,0.1516200,1075612,1787599919999,162826.8399000,1401,730255,110587.0711500,0
1787599920000,0.1516200,0.1518200,0.1515300,0.1516600,799925,1787599979999,121297.0297700,978,566554,85909.6362700,0
1787599980000,0.1516600,0.1516900,0.1512000,0.1514000,1215926,1787600039999,184072.6899300,1496,362749,54912.9886200,0
1787600040000,0.1514300,0.1517500,0.1514100,0.1516000,503484,1787600099999,76337.6811500,658,254272,38560.2295300,0
1787600100000,0.1516100,0.1519500,0.1515200,0.1518900,809088,1787600159999,122787.9891000,1174,570295,86541.4927600,0
1787600160000,0.1518800,0.1522000,0.1518700,0.1520700,956466,1787600219999,145457.0172300,1182,544025,82732.9283300,0
1787600220000,0.1520700,0.1521700,0.1517400,0.1518800,779416,1787600279999,118356.3176900,1118,342012,51940.1744800,0
1787600280000,0.1518800,0.1523600,0.1518800,0.1521800,1065289,1787600339999,162053.5145500,1482,382427,58181.9455500,0
1787600340000,0.1521800,0.1521900,0.1518700,0.1519300,516495,1787600399999,78504.7270400,928,166437,25298.6439200,0
1787600400000,0.1519300,0.1520800,0.1518600,0.1519200,470535,1787600459999,71508.6311500,810,138165,20996.2527700,0
1787600460000,0.1519200,0.1520600,0.1518000,0.1518400,354679,1787600519999,53868.5599400,790,73127,11108.0672700,0
1787600520000,0.1518300,0.1518900,0.1516900,0.1517400,738403,1787600579999,112059.5476800,929,250752,38056.8443800,0
1787600580000,0.1517500,0.1520900,0.1516800,0.1520200,686871,1787600639999,104339.1853900,854,519817,78967.7110600,0
1787600640000,0.1520100,0.1521400,0.1520000,0.1520000,259134,1787600699999,39404.7442200,524,101220,15391.5310100,0
1787600700000,0.1520100,0.1521400,0.1516500,0.1517700,306761,1787600759999,46589.9537800,946,146456,22248.9430400,0
1787600760000,0.1517800,0.1517800,0.1513500,0.1516000,1340280,1787600819999,203117.1840700,1563,540773,81974.5984600,0
1787600820000,0.1516000,0.1517000,0.1514100,0.1516600,678720,1787600879999,102869.8364700,827,374477,56748.6864100,0
1787600880000,0.1516600,0.1525800,0.1516200,0.1525000,982509,1787600939999,149580.2498100,1264,756850,115238.5207700,0
1787600940000,0.1525000,0.1525400,0.1522800,0.1523400,518545,1787600999999,79030.6435000,1007,177351,27031.6342700,0
1787601000000,0.1523400,0.1523600,0.1518200,0.1522600,1752379,1787601059999,266582.1258300,2070,744796,113317.8515200,0
1787601060000,0.1522700,0.1524600,0.1521500,0.1523200,897632,1787601119999,136724.3169400,1185,605447,92230.4633500,0
1787601120000,0.1523100,0.1523100,0.1514700,0.1515600,1957492,1787601179999,297210.2152100,1710,460752,69946.5149000,0
1787601180000,0.1515500,0.1519700,0.1515200,0.1518000,1261196,1787601239999,191445.2437600,1127,913850,138703.1025400,0
1787601240000,0.1518100,0.1522300,0.1518000,0.1522300,253461,1787601299999,38530.3429200,593,152431,23173.5235900,0
1787601300000,0.1522300,0.1525100,0.1520600,0.1523400,1831145,1787601359999,278944.5673300,1517,836307,127395.9072800,0
1787601360000,0.1523400,0.1525200,0.1521600,0.1525000,564106,1787601419999,85942.1960400,997,377458,57506.1079800,0
1787601420000,0.1525000,0.1525000,0.1519700,0.1520800,526962,1787601479999,80211.6250400,882,250401,38101.0154100,0
1787601480000,0.1520800,0.1523500,0.1520200,0.1522500,270242,1787601539999,41133.7215000,679,136197,20727.5138700,0
1787601540000,0.1522600,0.1527600,0.1522600,0.1524700,1062016,1787601599999,161997.8958300,1230,828434,126379.0057300,0
1787601600000,0.1524800,0.1529500,0.1524800,0.1526600,1253501,1787601659999,191406.5827800,1927,696426,106345.2187700,0
1787601660000,0.1526600,0.1527800,0.1522600,0.1523500,1094111,1787601719999,166853.4260400,1409,328804,50126.1141800,0
1787601720000,0.1523500,0.1525000,0.1520700,0.1522000,567721,1787601779999,86429.5163900,1034,279387,42521.2737200,0
1787601780000,0.1522000,0.1522800,0.1517600,0.1520200,941001,1787601839999,143088.1704700,1607,291581,44343.4324900,0
1787601840000,0.1520200,0.1521300,0.1515900,0.1518100,1348916,1787601899999,204782.1073700,1522,473068,71830.9760000,0
1787601900000,0.1518200,0.1519500,0.1517500,0.1518800,1062111,1787601959999,161266.0926400,937,562854,85472.7581500,0
1787601960000,0.1518800,0.1521800,0.1518800,0.1521100,389949,1787602019999,59297.2677500,903,249279,37902.8868300,0
1787602020000,0.1521100,0.1526700,0.1521100,0.1526000,982564,1787602079999,149796.3566600,1337,715856,109146.8583300,0
1787602080000,0.1526000,0.1527100,0.1522000,0.1522800,847520,1787602139999,129128.1479800,1316,302581,46105.7289700,0
1787602140000,0.1522900,0.1529200,0.1522800,0.1529200,963019,1787602199999,146971.9727200,1076,845659,129060.2907100,0
1787602200000,0.1529100,0.1529800,0.1525900,0.1526300,1253117,1787602259999,191449.0598400,1288,363897,55592.5424300,0
1787602260000,0.1526300,0.1526300,0.1522400,0.1524100,462675,1787602319999,70513.4087200,977,266951,40682.6956900,0
1787602320000,0.1524000,0.1524200,0.1518000,0.1520200,1113063,1787602379999,169199.8793400,1277,284875,43332.8475500,0
1787602380000,0.1520200,0.1520600,0.1518500,0.1519900,545742,1787602439999,82927.7530300,825,152715,23203.5450800,0
1787602440000,0.1520000,0.1523500,0.1518900,0.1522300,641878,1787602499999,97669.3305900,898,464443,70682.1931800,0
1787602500000,0.1522200,0.1522200,0.1516700,0.1516800,819042,1787602559999,124412.3968700,1205,318016,48298.0479500,0
1787602560000,0.1516800,0.1518600,0.1514800,0.1517100,910719,1787602619999,138119.4783500,1012,263510,39981.8887000,0
1787602620000,0.1517200,0.1519200,0.1516300,0.1518100,626445,1787602679999,95055.6422700,789,246689,37436.2331300,0
1787602680000,0.1518100,0.1519600,0.1517500,0.1519000,358616,1787602739999,54455.3892300,684,139878,21245.1746600,0
1787602740000,0.1519000,0.1521900,0.1518700,0.1521000,306100,1787602799999,46534.6265900,564,231196,35144.9634200,0
1787602800000,0.1521000,0.1522800,0.1520500,0.1520600,252565,1787602859999,38427.4908400,792,119274,18150.4817300,0
1787602860000,0.1520700,0.1524800,0.1520700,0.1523700,932731,1787602919999,142099.1903200,1049,664860,101291.7066600,0
1787602920000,0.1523700,0.1525700,0.1522400,0.1525700,797089,1787602979999,121469.7111800,1003,449376,68484.8371700,0
1787602980000,0.1525800,0.1528000,0.1525700,0.1526500,939232,1787603039999,143424.6407700,1172,645835,98627.4625400,0
1787603040000,0.1526500,0.1526600,0.1522400,0.1523700,221623,1787603099999,33770.5663000,632,97380,14833.0081400,0
1787603100000,0.1523800,0.1524100,0.1516600,0.1517900,1444412,1787603159999,219411.9963100,1589,174428,26497.8399500,0
1787603160000,0.1518000,0.1518200,0.1511100,0.1514800,4936401,1787603219999,747576.9448200,4615,2129922,322530.4168000,0
1787603220000,0.1514800,0.1516900,0.1503100,0.1509600,5300935,1787603279999,799497.8606000,3955,1718625,259504.9305900,0
1787603280000,0.1509500,0.1513700,0.1509000,0.1512200,787094,1787603339999,118971.4529000,1297,520631,78701.5259900,0
1787603340000,0.1512300,0.1513700,0.1511400,0.1512800,479255,1787603399999,72489.0388300,896,228091,34504.9317100,0
1787603400000,0.1512900,0.1513500,0.1508800,0.1510400,1064973,1787603459999,160870.2794000,1551,215927,32617.4361300,0
1787603460000,0.1510400,0.1511500,0.1508400,0.1510300,467391,1787603519999,70585.4899100,1064,156485,23630.4644600,0
1787603520000,0.1510300,0.1519100,0.1510300,0.1518500,1242918,1787603579999,188333.9307600,1576,1013491,153571.1613900,0
1787603580000,0.1518400,0.1522300,0.1517000,0.1522100,1217244,1787603639999,185022.2602900,1626,861932,131029.7530700,0
1787603640000,0.1522000,0.1525800,0.1520600,0.1524200,1481123,1787603699999,225701.2007100,1832,1025663,156292.5054800,0
1787603700000,0.1524100,0.1529300,0.1523900,0.1528700,1034065,1787603759999,157926.7782600,1456,658216,100536.8176000,0
1787603760000,0.1528600,0.1529100,0.1526200,0.1527500,941742,1787603819999,143856.3409400,1426,546808,83530.3795200,0
1787603820000,0.1527600,0.1535800,0.1527600,0.1531500,2738330,1787603879999,419678.5214900,2808,1847217,283157.9003800,0
1787603880000,0.1531500,0.1537000,0.1530200,0.1537000,2028221,1787603939999,311189.7917700,2802,1433169,219969.5945000,0
1787603940000,0.1537000,0.1537000,0.1528700,0.1530300,1051846,1787603999999,161179.2748200,1666,352062,53940.1487100,0
1787604000000,0.1530400,0.1530700,0.1528200,0.1528200,504063,1787604059999,77081.0061600,945,178307,27271.6657100,0
1787604060000,0.1528300,0.1531000,0.1528000,0.1529800,469923,1787604119999,71886.0946900,988,290097,44377.6504400,0
1787604120000,0.1529900,0.1536000,0.1529400,0.1535400,1418679,1787604179999,217438.3919300,1833,924060,141610.6400100,0
1787604180000,0.1535300,0.1537300,0.1533300,0.1537100,819478,1787604239999,125783.4788100,1392,494413,75901.5607400,0
1787604240000,0.1537100,0.1538600,0.1535300,0.1537300,866827,1787604299999,133203.2224100,1010,322618,49575.0904900,0
1787604300000,0.1537300,0.1537300,0.1534700,0.1535500,438898,1787604359999,67408.8329700,874,137691,21147.6613300,0
1787604360000,0.1535400,0.1535500,0.1531000,0.1531900,717780,1787604419999,110049.4110200,1011,188774,28941.4007800,0
1787604420000,0.1531900,0.1534700,0.1531500,0.1532300,623556,1787604479999,95585.2297700,803,418660,64167.9832700,0
1787604480000,0.1532300,0.1536500,0.1532200,0.1535500,1061265,1787604539999,162899.3943500,1327,647773,99426.0208700,0
1787604540000,0.1535400,0.1539100,0.1534300,0.1536200,1952752,1787604599999,300087.2609000,1563,1465970,225311.0709200,0
1787604600000,0.1536200,0.1536800,0.1533300,0.1535600,693286,1787604659999,106420.4564400,954,196166,30119.6740600,0
1787604660000,0.1535600,0.1536300,0.1532400,0.1533900,771181,1787604719999,118311.3293200,953,269752,41399.8417500,0
1787604720000,0.1533800,0.1536600,0.1532300,0.1532500,757600,1787604779999,116247.6444500,932,490576,75275.0783700,0
1787604780000,0.1532600,0.1535700,0.1532500,0.1535700,439403,1787604839999,67412.3660700,673,257886,39567.5408300,0
1787604840000,0.1535800,0.1537200,0.1534000,0.1535800,675206,1787604899999,103685.3529100,952,220264,33833.9617100,0
1787604900000,0.1535900,0.1537200,0.1534600,0.1537200,526313,1787604959999,80832.7305900,865,202987,31185.0368200,0
1787604960000,0.1537200,0.1539100,0.1536900,0.1538000,745144,1787605019999,114606.7253300,983,283698,43641.4539800,0
1787605020000,0.1538100,0.1538300,0.1536300,0.1537600,635363,1787605079999,97673.0709100,742,423311,65072.5770500,0
1787605080000,0.1537600,0.1539000,0.1536800,0.1538900,351646,1787605139999,54082.2789600,642,225749,34721.8235800,0
1787605140000,0.1538800,0.1542700,0.1538300,0.1539600,1402818,1787605199999,216031.6460100,1503,729762,112409.1538200,0
1787605200000,0.1539600,0.1543300,0.1539400,0.1541700,1459100,1787605259999,224862.9865500,1786,1069790,164878.4798100,0
1787605260000,0.1541800,0.1543400,0.1540600,0.1541100,835923,1787605319999,128898.3007800,1297,429815,66283.3607600,0
1787605320000,0.1541000,0.1541400,0.1537500,0.1538700,931017,1787605379999,143309.8242700,1176,438185,67450.0648400,0
1787605380000,0.1538600,0.1545800,0.1538500,0.1543500,1754249,1787605439999,270798.3809800,2039,1183504,182670.5684400,0
1787605440000,0.1543600,0.1547800,0.1543500,0.1544800,951309,1787605499999,147054.9738000,1239,678209,104848.7877300,0
1787605500000,0.1544800,0.1545700,0.1543000,0.1544000,733848,1787605559999,113305.2211900,863,281965,43546.4851400,0
1787605560000,0.1544000,0.1545100,0.1543000,0.1543800,516592,1787605619999,79755.8041500,807,252166,38933.6889700,0
1787605620000,0.1543900,0.1544800,0.1538400,0.1540500,1329808,1787605679999,204966.1775300,1338,421628,64989.9249500,0
1787605680000,0.1540500,0.1541500,0.1538000,0.1538600,383524,1787605739999,59059.1046800,794,148204,22829.5202100,0
1787605740000,0.1538800,0.1539800,0.1538600,0.1539500,290121,1787605799999,44660.5799900,456,167430,25774.2145800,0
1787605800000,0.1539500,0.1539500,0.1536500,0.1538400,570302,1787605859999,87677.2001300,730,140522,21608.0192500,0
1787605860000,0.1538400,0.1542200,0.1537800,0.1542200,368433,1787605919999,56759.5887800,628,259272,39943.4027000,0
1787605920000,0.1542100,0.1543300,0.1540700,0.1541800,539930,1787605979999,83266.8892600,709,357860,55187.1705500,0
1787605980000,0.1541800,0.1544400,0.1540900,0.1541000,756718,1787606039999,116729.6918000,901,373150,57563.0556900,0
1787606040000,0.1541000,0.1543200,0.1540800,0.1541200,677807,1787606099999,104505.5009500,903,296554,45728.5164600,0
1787606100000,0.1541100,0.1543100,0.1540600,0.1540900,199723,1787606159999,30795.5707200,483,78777,12147.7054700,0
1787606160000,0.1540900,0.1541500,0.1535500,0.1536200,799410,1787606219999,122989.5410600,1059,189488,29166.9099700,0
1787606220000,0.1535700,0.1538100,0.1535700,0.1536000,584699,1787606279999,89873.4660000,744,337950,51952.2634400,0
1787606280000,0.1536100,0.1541200,0.1535100,0.1540900,526032,1787606339999,80881.2778200,705,380929,58582.2694100,0
1787606340000,0.1540900,0.1544800,0.1540700,0.1541100,716857,1787606399999,110617.6641500,995,382318,58990.3836500,0
1787606400000,0.1541200,0.1541800,0.1540100,0.1540700,326412,1787606459999,50293.8441500,503,200061,30825.8318800,0
1787606460000,0.1540800,0.1541600,0.1540100,0.1540300,145260,1787606519999,22381.0681800,362,32539,5013.6902000,0
1787606520000,0.1540200,0.1541400,0.1538600,0.1540200,578378,1787606579999,89038.2695200,686,304976,46949.1385400,0
1787606580000,0.1540200,0.1545200,0.1539700,0.1543200,406660,1787606639999,62774.4081000,607,181890,28074.8617800,0
1787606640000,0.1543200,0.1543200,0.1538900,0.1540000,495277,1787606699999,76279.4552000,573,118975,18330.7070400,0
1787606700000,0.1539700,0.1539900,0.1539000,0.1539400,119689,1787606759999,18425.7546000,344,67264,10354.9066200,0
1787606760000,0.1539300,0.1542200,0.1538700,0.1540700,555561,1787606819999,85602.0498800,738,188830,29096.8335000,0
1787606820000,0.1540600,0.1541300,0.1537400,0.1539400,426779,1787606879999,65669.0212500,414,253253,38968.3573100,0
1787606880000,0.1539400,0.1541900,0.1537100,0.1540800,287377,1787606939999,44242.3615400,585,98235,15123.1450600,0
1787606940000,0.1540800,0.1540800,0.1535300,0.1537400,1570135,1787606999999,241421.8237500,1043,239193,36784.5704400,0
1787607000000,0.1537500,0.1540100,0.1537500,0.1539200,328231,1787607059999,50525.0190000,610,187375,28841.5610900,0
1787607060000,0.1539200,0.1542000,0.1539000,0.1539700,338945,1787607119999,52221.8207100,656,138181,21289.4945300,0
1787607120000,0.1539800,0.1540500,0.1538800,0.1540400,503714,1787607179999,77545.1180900,557,306056,47113.8442700,0
1787607180000,0.1540500,0.1541000,0.1539800,0.1540200,203667,1787607239999,31372.6300000,386,54203,8349.2628500,0
1787607240000,0.1540200,0.1540200,0.1538100,0.1538800,149901,1787607299999,23075.4994800,298,41457,6381.5185200,0
1787607300000,0.1538900,0.1540300,0.1538500,0.1539200,199780,1787607359999,30754.3634100,440,101715,15658.4181300,0
1787607360000,0.1539100,0.1540700,0.1539100,0.1539900,139932,1787607419999,21549.2658900,372,42614,6561.9541300,0
1787607420000,0.1539900,0.1540300,0.1537300,0.1539000,403369,1787607479999,62050.8646900,410,216885,33359.4865000,0
1787607480000,0.1539200,0.1540100,0.1538100,0.1539000,185904,1787607539999,28614.4980100,384,60857,9367.8014800,0
1787607540000,0.1539000,0.1541600,0.1539000,0.1541100,240105,1787607599999,36998.1696000,433,147851,22782.5471700,0
1787607600000,0.1541200,0.1545100,0.1540300,0.1542500,1042661,1787607659999,160902.4510000,1127,652807,100758.9861500,0
1787607660000,0.1542500,0.1544000,0.1542000,0.1543100,264670,1787607719999,40844.8032700,490,195692,30201.6877800,0
1787607720000,0.1543100,0.1544100,0.1539200,0.1539400,742381,1787607779999,114411.1160200,695,275347,42425.5043900,0
1787607780000,0.1539500,0.1539800,0.1538000,0.1538200,214849,1787607839999,33060.6643000,564,57027,8776.5878700,0
1787607840000,0.1538100,0.1538200,0.1537400,0.1537700,124741,1787607899999,19183.5467500,328,43870,6746.4297600,0
1787607900000,0.1537700,0.1538600,0.1532100,0.1534800,1610450,1787607959999,247186.2442800,1348,637314,97833.6055700,0
1787607960000,0.1534900,0.1535900,0.1534200,0.1534400,456637,1787608019999,70098.9064500,526,212365,32609.8003100,0
1787608020000,0.1534400,0.1535000,0.1532000,0.1533600,654920,1787608079999,100404.8943600,650,284119,43563.1020600,0
1787608080000,0.1533700,0.1535000,0.1533300,0.1533300,360431,1787608139999,55292.5570500,433,194349,29820.8771600,0
1787608140000,0.1533300,0.1536100,0.1532600,0.1534900,197711,1787608199999,30326.6123000,505,75618,11602.3471900,0
1787608200000,0.1534900,0.1535100,0.1533900,0.1534200,81004,1787608259999,12431.1871700,262,35933,5514.6661000,0
1787608260000,0.1534200,0.1535700,0.1533200,0.1535700,412611,1787608319999,63302.5597900,669,235070,36068.2503500,0
1787608320000,0.1535700,0.1536800,0.1532600,0.1533400,779629,1787608379999,119581.6967800,755,325926,49988.1302600,0
1787608380000,0.1533400,0.1533900,0.1532800,0.1533500,87892,1787608439999,13477.6720500,301,43277,6636.3947900,0
1787608440000,0.1533500,0.1534100,0.1532300,0.1533800,220659,1787608499999,33826.2615600,542,102961,15784.5633500,0
1787608500000,0.1533800,0.1534500,0.1533000,0.1533500,332201,1787608559999,50951.2413900,471,283283,43448.2616300,0
1787608560000,0.1533500,0.1534200,0.1529100,0.1531900,1848588,1787608619999,282993.9297500,1675,669105,102465.0573600,0
1787608620000,0.1531900,0.1534700,0.1531200,0.1534100,1290276,1787608679999,197765.3034600,1019,1017700,156007.7117900,0
1787608680000,0.1534000,0.1535400,0.1533400,0.1534200,333502,1787608739999,51179.1380300,538,197772,30349.2639600,0
1787608740000,0.1534200,0.1534400,0.1532500,0.1534300,222091,1787608799999,34060.5679900,371,99912,15322.3089500,0
1787608800000,0.1534300,0.1534900,0.1529400,0.1529900,788175,1787608859999,120701.0776300,1064,396329,60672.2189300,0
1787608860000,0.1530000,0.1531200,0.1529900,0.1530200,729444,1787608919999,111647.8542000,784,376005,57555.4031400,0
1787608920000,0.1530300,0.1532500,0.1529000,0.1529500,1638013,1787608979999,250720.9257800,1351,789988,120959.5864200,0
1787608980000,0.1529500,0.1531600,0.1527800,0.1528600,991867,1787609039999,151723.3543100,1223,486058,74366.1720600,0
1787609040000,0.1528700,0.1530100,0.1528200,0.1528600,459247,1787609099999,70218.4078700,728,262067,40068.7766000,0
1787609100000,0.1528600,0.1528900,0.1528000,0.1528000,243838,1787609159999,37272.0054800,444,90387,13816.0934200,0
1787609160000,0.1528300,0.1529700,0.1527300,0.1528600,735061,1787609219999,112359.7371200,736,542468,82929.2631700,0
1787609220000,0.1528700,0.1528700,0.1526100,0.1528000,686099,1787609279999,104792.2890000,1102,365632,55842.3980300,0
1787609280000,0.1528100,0.1528600,0.1526700,0.1528400,208770,1787609339999,31897.8106200,479,127762,19519.9534800,0
1787609340000,0.1528400,0.1528700,0.1527200,0.1527600,275368,1787609399999,42077.2854600,486,89476,13673.0194400,0
1787609400000,0.1527600,0.1528900,0.1526700,0.1527100,329348,1787609459999,50309.2672000,666,202574,30946.1536400,0
1787609460000,0.1527100,0.1527300,0.1526200,0.1526400,314404,1787609519999,48000.9017700,538,195998,29923.6155800,0
1787609520000,0.1526500,0.1526500,0.1523600,0.1525600,1117276,1787609579999,170382.9752600,1233,557459,85023.9620600,0
1787609580000,0.1525600,0.1526700,0.1524700,0.1525900,404836,1787609639999,61779.3703500,627,282136,43054.6310500,0
1787609640000,0.1525900,0.1526800,0.1524600,0.1524800,345262,1787609699999,52684.8285100,677,155202,23688.3958000,0
1787609700000,0.1524900,0.1527000,0.1524500,0.1525800,505630,1787609759999,77147.1554100,742,392253,59845.3165300,0
1787609760000,0.1525700,0.1527100,0.1524500,0.1527000,477788,1787609819999,72899.3472400,587,358288,54670.1695900,0
1787609820000,0.1527000,0.1527200,0.1525100,0.1525600,416389,1787609879999,63531.9907400,483,283950,43321.5535100,0
1787609880000,0.1525500,0.1526000,0.1524400,0.1525500,349910,1787609939999,53375.1386900,521,195753,29857.7292000,0
1787609940000,0.1525400,0.1526400,0.1522800,0.1523800,980362,1787609999999,149428.4639200,978,241759,36858.7573200,0
1787610000000,0.1523800,0.1525600,0.1523200,0.1523900,433374,1787610059999,66068.3997600,709,125629,19151.3314500,0
1787610060000,0.1523900,0.1526900,0.1523900,0.1525500,241429,1787610119999,36833.1700600,630,169228,25815.3324700,0
1787610120000,0.1525500,0.1525600,0.1523300,0.1523500,555195,1787610179999,84602.3083400,699,289338,44086.6947200,0
1787610180000,0.1523500,0.1525100,0.1523500,0.1523900,361129,1787610239999,55044.9881700,674,122599,18686.2354700,0
1787610240000,0.1524000,0.1526800,0.1524000,0.1525500,413369,1787610299999,63055.7103000,618,310422,47349.5520400,0
1787610300000,0.1525400,0.1525400,0.1524200,0.1524900,283189,1787610359999,43177.2424400,506,152575,23262.7148800,0
1787610360000,0.1524800,0.1524900,0.1522600,0.1523100,332206,1787610419999,50619.4954200,649,94711,14430.7782200,0
1787610420000,0.1523100,0.1523100,0.1519200,0.1521400,2114547,1787610479999,321617.1285900,1734,948863,144330.3937000,0
1787610480000,0.1521400,0.1522800,0.1520400,0.1521900,676677,1787610539999,102971.5091700,897,274160,41714.3364500,0
1787610540000,0.1521900,0.1523200,0.1521900,0.1522500,295622,1787610599999,45010.1033300,475,107830,16417.8033800,0
1787610600000,0.1522600,0.1526100,0.1522600,0.1525100,395728,1787610659999,60318.2222800,792,236736,36086.2168500,0
1787610660000,0.1525000,0.1525100,0.1523300,0.1525000,397428,1787610719999,60575.4015500,698,123142,18769.2607300,0
1787610720000,0.1525000,0.1525900,0.1522200,0.1522900,637439,1787610779999,97107.3115300,724,398132,60635.5120400,0
1787610780000,0.1522900,0.1523800,0.1522300,0.1522300,380906,1787610839999,58014.2653900,498,197966,30150.8710900,0
1787610840000,0.1522300,0.1523700,0.1521300,0.1523400,262461,1787610899999,39957.2089300,664,137189,20887.2366300,0
1787610900000,0.1523500,0.1524300,0.1522600,0.1523300,290525,1787610959999,44266.1409800,560,201522,30705.3601900,0
1787610960000,0.1523300,0.1524200,0.1522800,0.1523200,180451,1787611019999,27491.2038700,499,89461,13628.5620800,0
1787611020000,0.1523200,0.1527900,0.1522700,0.1526400,1043124,1787611079999,159180.6354000,1144,850198,129750.6819800,0
1787611080000,0.1526500,0.1527200,0.1525200,0.1526600,645096,1787611139999,98467.2098100,779,447893,68367.7439600,0
1787611140000,0.1526700,0.1526800,0.1525500,0.1525700,690236,1787611199999,105343.3972500,598,346616,52900.1693400,0
1787611200000,0.1525700,0.1525700,0.1519300,0.1521200,2661272,1787611259999,404930.6118200,1920,758162,115340.4847000,0
1787611260000,0.1521100,0.1521100,0.1517300,0.1518800,882236,1787611319999,134004.4449900,970,323058,49082.7006800,0
1787611320000,0.1518800,0.1519600,0.1515700,0.1516300,1597551,1787611379999,242377.5233500,1257,529931,80406.4798200,0
1787611380000,0.1516300,0.1517300,0.1514600,0.1515200,991154,1787611439999,150225.1429700,1265,346683,52551.5288600,0
1787611440000,0.1515200,0.1517100,0.1513900,0.1513900,801288,1787611499999,121429.3254400,869,360087,54580.6213500,0
1787611500000,0.1513900,0.1514700,0.1512400,0.1513800,952877,1787611559999,144217.2029000,1078,370475,56079.1328100,0
1787611560000,0.1513900,0.1513900,0.1511200,0.1511900,865885,1787611619999,130943.6882200,933,283296,42836.3858900,0
1787611620000,0.1511800,0.1512700,0.1511100,0.1512000,673406,1787611679999,101796.8649300,780,500044,75591.9684700,0
1787611680000,0.1512000,0.1516500,0.1511900,0.1515200,1347888,1787611739999,204206.9672600,1261,1083797,164193.6973500,0
1787611740000,0.1515300,0.1516500,0.1514700,0.1515900,505342,1787611799999,76579.3401400,668,202443,30678.0545900,0
1787611800000,0.1515900,0.1518900,0.1515100,0.1515800,1146626,1787611859999,173992.3599300,1169,659513,100091.4247700,0
1787611860000,0.1515800,0.1516600,0.1515500,0.1516200,406602,1787611919999,61647.3976000,580,180748,27403.5265400,0
1787611920000,0.1516200,0.1516200,0.1512800,0.1515000,844648,1787611979999,127903.6714000,968,421624,63834.6540200,0
1787611980000,0.1515000,0.1515900,0.1513200,0.1513600,617165,1787612039999,93490.5692400,775,232091,35167.2713500,0
1787612040000,0.1513600,0.1513600,0.1510400,0.1511700,695790,1787612099999,105194.3308300,922,236129,35696.8685800,0
1787612100000,0.1511800,0.1511800,0.1505000,0.1508700,5211615,1787612159999,786006.6372700,3932,1387335,209282.4668500,0
1787612160000,0.1508800,0.1511800,0.1508000,0.1509200,970191,1787612219999,146478.4682700,1352,360869,54485.2257000,0
1787612220000,0.1509300,0.1510100,0.1506500,0.1506600,785087,1787612279999,118363.1708600,860,224438,33844.6629800,0
1787612280000,0.1506600,0.1507100,0.1492900,0.1499600,9188613,1787612339999,1377605.7832600,4959,2080808,311993.8903100,0
1787612340000,0.1499600,0.1501400,0.1499600,0.1500400,1296456,1787612399999,194533.1191300,1245,571073,85692.5585500,0
1787612400000,0.1500400,0.1505200,0.1499400,0.1503100,2686863,1787612459999,403647.5071000,2483,1283389,192780.9603000,0
1787612460000,0.1503100,0.1508600,0.1503000,0.1505100,2351783,1787612519999,354198.0226100,1963,1601275,241209.1192700,0
1787612520000,0.1505100,0.1506600,0.1503100,0.1503600,791801,1787612579999,119148.1786200,1098,275419,41448.7898300,0
1787612580000,0.1503600,0.1507100,0.1498300,0.1507100,1498971,1787612639999,225038.9639000,1795,604409,90819.2394000,0
1787612640000,0.1507000,0.1509200,0.1492100,0.1492200,8208162,1787612699999,1230052.1800800,6660,2893271,433469.8294600,0
1787612700000,0.1492200,0.1503500,0.1491500,0.1502000,1861343,1787612759999,279073.6997900,2411,945269,141664.6759300,0
1787612760000,0.1502000,0.1505500,0.1501200,0.1505500,770938,1787612819999,115899.7891000,1107,494583,74371.2899100,0
1787612820000,0.1505500,0.1505600,0.1503100,0.1504400,558404,1787612879999,84012.6061200,690,311808,46911.7991300,0
1787612880000,0.1504500,0.1509700,0.1504500,0.1508400,1137218,1787612939999,171453.2360200,1421,867391,130774.8394300,0
1787612940000,0.1508300,0.1509800,0.1507500,0.1508400,732747,1787612999999,110558.7591100,1046,295667,44620.2089800,0
1787613000000,0.1508300,0.1510500,0.1507500,0.1509700,1009904,1787613059999,152401.5269600,1040,575081,86803.2311800,0
1787613060000,0.1509700,0.1510500,0.1509300,0.1509600,604993,1787613119999,91351.6558800,854,370187,55895.9771000,0
1787613120000,0.1509600,0.1510600,0.1509300,0.1510200,390100,1787613179999,58891.5016000,533,207231,31285.0707600,0
1787613180000,0.1510200,0.1510200,0.1505900,0.1507100,917951,1787613239999,138414.7047100,1152,300222,45271.1487200,0
1787613240000,0.1507100,0.1508400,0.1506600,0.1508300,228281,1787613299999,34416.2850900,435,140095,21124.2111200,0
1787613300000,0.1508400,0.1513400,0.1508400,0.1513000,1741691,1787613359999,263232.8064600,1387,1477622,223312.9252400,0
1787613360000,0.1512900,0.1516100,0.1512900,0.1514800,872046,1787613419999,132064.4551400,800,668553,101241.6812900,0
1787613420000,0.1514800,0.1515700,0.1511200,0.1512500,648006,1787613479999,98019.0960300,1159,266188,40254.6953400,0
1787613480000,0.1512500,0.1513200,0.1510300,0.1510300,472283,1787613539999,71393.1311400,913,186214,28160.0322700,0
1787613540000,0.1510200,0.1511400,0.1509800,0.1510800,583887,1787613599999,88201.9120700,780,359404,54298.3468700,0
1787613600000,0.1510800,0.1514400,0.1510700,0.1513700,376255,1787613659999,56931.7771300,800,257679,38989.1560400,0
1787613660000,0.1513800,0.1514300,0.1510100,0.1511500,775165,1787613719999,117182.5732700,990,191743,28988.3578000,0
1787613720000,0.1511500,0.1512700,0.1510300,0.1511700,563957,1787613779999,85242.7567100,808,377393,57045.1781600,0
1787613780000,0.1511600,0.1512600,0.1511200,0.1512400,216761,1787613839999,32769.2807200,501,149534,22606.1568600,0
1787613840000,0.1512400,0.1515000,0.1512000,0.1514700,640675,1787613899999,97000.8174400,818,449716,68100.9862800,0
1787613900000,0.1514700,0.1517200,0.1514400,0.1515900,619490,1787613959999,93933.6776200,963,401968,60950.2923600,0
1787613960000,0.1515800,0.1517800,0.1515800,0.1517300,319733,1787614019999,48500.1741000,632,216629,32860.0814700,0
1787614020000,0.1517300,0.1518000,0.1513800,0.1514100,588851,1787614079999,89252.4029500,852,299349,45371.3458700,0
1787614080000,0.1514200,0.1514600,0.1511800,0.1512300,333670,1787614139999,50501.0728900,587,99832,15109.8453800,0
1787614140000,0.1512500,0.1512900,0.1511300,0.1511700,307950,1787614199999,46561.8418900,508,103202,15605.2875500,0
1787614200000,0.1511700,0.1513700,0.1510900,0.1513700,363658,1787614259999,54997.9848600,832,250444,37879.8504400,0
1787614260000,0.1513600,0.1515200,0.1512200,0.1514300,551813,1787614319999,83557.8480500,653,272964,41327.8498500,0
1787614320000,0.1514200,0.1517500,0.1512800,0.1516800,957149,1787614379999,144964.1196800,917,412767,62528.2377100,0
1787614380000,0.1516500,0.1520400,0.1515900,0.1519700,1238344,1787614439999,188107.1767000,1422,997105,151456.6147800,0
1787614440000,0.1519600,0.1519800,0.1517200,0.1518600,480198,1787614499999,72922.7377900,827,176493,26802.9806100,0
1787614500000,0.1518500,0.1520500,0.1517700,0.1520000,533324,1787614559999,81035.3009200,786,242911,36913.4251900,0
1787614560000,0.1520000,0.1521500,0.1520000,0.1520800,552193,1787614619999,83988.6407600,823,337761,51375.4375800,0
1787614620000,0.1520900,0.1521600,0.1520000,0.1520800,265365,1787614679999,40344.8927900,409,182399,27730.3539900,0
1787614680000,0.1520800,0.1522200,0.1520600,0.1521700,984138,1787614739999,149739.8165000,1074,426621,64913.6350600,0
1787614740000,0.1521600,0.1523000,0.1520800,0.1521200,588701,1787614799999,89615.6724700,715,304566,46363.1516000,0
1787614800000,0.1521300,0.1524400,0.1520500,0.1524300,860919,1787614859999,131046.2428400,1033,567427,86385.0833500,0
1787614860000,0.1524200,0.1525600,0.1523200,0.1523700,586214,1787614919999,89365.6549400,794,279712,42646.5915600,0
1787614920000,0.1523700,0.1528300,0.1522900,0.1528300,1204113,1787614979999,183615.1869800,1095,899641,137197.9787100,0
1787614980000,0.1528200,0.1528300,0.1526000,0.1526800,494261,1787615039999,75471.2305600,714,99822,15245.1192700,0
1787615040000,0.1526900,0.1530100,0.1526700,0.1528900,1265218,1787615099999,193404.6486900,975,988652,151120.6666600,0
1787615100000,0.1528900,0.1532200,0.1528800,0.1529700,1072379,1787615159999,164144.6078500,1408,531878,81409.8447700,0
1787615160000,0.1529700,0.1529700,0.1524000,0.1527000,1855977,1787615219999,283306.4481300,1790,376075,57436.2111800,0
1787615220000,0.1527000,0.1528300,0.1525000,0.1528300,724911,1787615279999,110646.2616700,1043,354104,54044.3101600,0
1787615280000,0.1528400,0.1528600,0.1524400,0.1526400,544875,1787615339999,83149.1539500,785,93189,14219.5910000,0
1787615340000,0.1526500,0.1528600,0.1526000,0.1527500,627462,1787615399999,95823.3778200,809,141344,21589.6677800,0
1787615400000,0.1527400,0.1527400,0.1525100,0.1526200,648472,1787615459999,98967.7170800,800,80997,12364.2949800,0
1787615460000,0.1526200,0.1526900,0.1525500,0.1526800,155803,1787615519999,23779.8913000,407,75647,11545.8408100,0
1787615520000,0.1526900,0.1527400,0.1523500,0.1526500,536152,1787615579999,81776.4704000,779,292815,44662.8381900,0
1787615580000,0.1526500,0.1531000,0.1524400,0.1524500,1480671,1787615639999,226226.4127600,1247,1132235,172981.5081200,0
1787615640000,0.1524500,0.1527000,0.1522500,0.1526900,741048,1787615699999,113007.1564500,943,568285,86670.2413900,0
1787615700000,0.1526900,0.1527300,0.1525600,0.1527300,339478,1787615759999,51817.5016300,600,172061,26261.7800500,0
1787615760000,0.1527200,0.1527300,0.1524400,0.1525900,231827,1787615819999,35375.4131700,602,84982,12967.3716700,0
1787615820000,0.1525800,0.1526100,0.1522900,0.1523800,399687,1787615879999,60903.0256200,609,152374,23217.2003400,0
1787615880000,0.1523900,0.1527600,0.1523900,0.1527000,522923,1787615939999,79798.8795500,958,325932,49733.6763700,0
1787615940000,0.1527000,0.1528400,0.1526700,0.1527100,357405,1787615999999,54592.7034900,636,187629,28659.8211600,0
