open_time,open,high,low,close,volume,close_time,quote_volume,count,taker_buy_volume,taker_buy_quote_volume,ignore
1781308800000,0.0783200,0.0786800,0.0765600,0.0774700,170983778,1781323199999,13276657.5220500,111447,80971795,6293360.3968700,0
1781323200000,0.0774700,0.0832700,0.0770500,0.0812000,230569278,1781337599999,18516025.9176300,145226,126469995,10171299.0542100,0
1781337600000,0.0811900,0.0832800,0.0806900,0.0824600,180869137,1781351999999,14797381.9384400,150441,90655304,7418344.1848700,0
1781352000000,0.0824700,0.0869000,0.0823100,0.0852800,327749825,1781366399999,27898662.8165000,262019,160324576,13642382.4218200,0
1781366400000,0.0852800,0.0860700,0.0841200,0.0845400,176872171,1781380799999,15052205.7675300,177575,81067089,6901748.7671900,0
1781380800000,0.0845400,0.0858700,0.0834100,0.0839000,98389858,1781395199999,8315325.4146300,88387,49761241,4206456.9105400,0
