open_time,open,high,low,close,volume,close_time,quote_volume,count,taker_buy_volume,taker_buy_quote_volume,ignore
1731888000000,1.05421880,1.13928221,1.05421880,1.11866926,0,1731902399999,0,14400,0,0,0
1731902400000,1.11838847,1.18594719,1.11417105,1.16997120,0,1731916799999,0,14400,0,0,0
1731916800000,1.17007017,1.17401736,1.11168871,1.11871042,0,1731931199999,0,14400,0,0,0
1731931200000,1.11901612,1.17533641,1.10485750,1.16675406,0,1731945599999,0,14400,0,0,0
1731945600000,1.16677855,1.16677855,1.07500647,1.08984329,0,1731959999999,0,14400,0,0,0
1731960000000,1.08946723,1.13854882,1.08260688,1.11417379,0,1731974399999,0,14400,0,0,0
