open_time,open,high,low,close,volume,close_time,quote_volume,count,taker_buy_volume,taker_buy_quote_volume,ignore
1740268800000,2.57412684,2.57499053,2.54565105,2.56611947,0,1740272399999,0,3600,0,0,0
1740272400000,2.56598079,2.57056500,2.54668026,2.55693632,0,1740275999999,0,3600,0,0,0
1740276000000,2.55697579,2.55994158,2.54308605,2.54350184,0,1740279599999,0,3600,0,0,0
1740279600000,2.54357816,2.55654500,2.54136158,2.55262421,0,1740283199999,0,3600,0,0,0
1740283200000,2.55262421,2.56019211,2.54602763,2.55940947,0,1740286799999,0,3600,0,0,0
1740286800000,2.55940158,2.57068658,2.55669026,2.56456289,0,1740290399999,0,3600,0,0,0
1740290400000,2.56459447,2.56914737,2.56104447,2.56546053,0,1740293999999,0,3600,0,0,0
1740294000000,2.56546053,2.60090579,2.56450395,2.58965711,0,1740297599999,0,3600,0,0,0
1740297600000,2.58983868,2.59139105,2.57953500,2.58699421,0,1740301199999,0,3600,0,0,0
1740301200000,2.58699421,2.58887132,2.56705421,2.57963921,0,1740304799999,0,3600,0,0,0
1740304800000,2.57963921,2.58198474,2.56773158,2.57291895,0,1740308399999,0,3600,0,0,0
1740308400000,2.57291895,2.57812763,2.56624711,2.56937658,0,1740311999999,0,3600,0,0,0
1740312000000,2.56937658,2.57402053,2.54615500,2.55191316,0,1740315599999,0,3600,0,0,0
1740315600000,2.55221132,2.56597421,2.55092632,2.56483211,0,1740319199999,0,3600,0,0,0
1740319200000,2.56484000,2.56764000,2.54827237,2.55280763,0,1740322799999,0,3600,0,0,0
1740322800000,2.55266711,2.55888000,2.52060184,2.52168421,0,1740326399999,0,3600,0,0,0
1740326400000,2.52177395,2.55045237,2.52059079,2.53898737,0,1740329999999,0,3600,0,0,0
1740330000000,2.53909342,2.56354605,2.53889684,2.55913763,0,1740333599999,0,3600,0,0,0
1740333600000,2.55912974,2.56571079,2.55025500,2.55189263,0,1740337199999,0,3600,0,0,0
1740337200000,2.55189263,2.55872474,2.54951316,2.55202658,0,1740340799999,0,3600,0,0,0
1740340800000,2.55211342,2.55785868,2.54502789,2.55482500,0,1740344399999,0,3600,0,0,0
1740344400000,2.55496184,2.57367921,2.55376079,2.57361868,0,1740347999999,0,3600,0,0,0
1740348000000,2.57365026,2.57403237,2.55840711,2.56451184,0,1740351599999,0,3600,0,0,0
1740351600000,2.56450395,2.58310289,2.56180947,2.57600500,0,1740355199999,0,3600,0,0,0
