open_time,open,high,low,close,volume,close_time,quote_volume,count,taker_buy_volume,taker_buy_quote_volume,ignore
1761868800000,2.43921579,2.46265000,2.43404737,2.45830789,0,1761872399999,0,3600,0,0,0
1761872400000,2.45830263,2.48181842,2.45544737,2.48077632,0,1761875999999,0,3600,0,0,0
1761876000000,2.48071316,2.48098421,2.45288947,2.46084474,0,1761879599999,0,3600,0,0,0
1761879600000,2.46084474,2.47049211,2.45251579,2.47049211,0,1761883199999,0,3600,0,0,0
1761883200000,2.47049211,2.49277632,2.46832368,2.49172895,0,1761886799999,0,3600,0,0,0
1761886800000,2.49172895,2.49262895,2.48117632,2.48389211,0,1761890399999,0,3600,0,0,0
1761890400000,2.48387632,2.48723421,2.47843947,2.48111579,0,1761893999999,0,3600,0,0,0
1761894000000,2.48106842,2.49010526,2.46988421,2.47532895,0,1761897599999,0,3600,0,0,0
1761897600000,2.47538947,2.48990000,2.46661053,2.48957368,0,1761901199999,0,3600,0,0,0
1761901200000,2.48946842,2.49436579,2.48212105,2.48659737,0,1761904799999,0,3599,0,0,0
1761904800000,2.48665000,2.50690789,2.48547895,2.49865789,0,1761908399999,0,3598,0,0,0
1761908400000,2.49864211,2.51600000,2.48641842,2.51434474,0,1761911999999,0,3599,0,0,0
1761912000000,2.51439737,2.52956579,2.50258158,2.50517632,0,1761915599999,0,3600,0,0,0
1761915600000,2.50508421,2.52160526,2.49432895,2.50815789,0,1761919199999,0,3600,0,0,0
1761919200000,2.50816842,2.51232895,2.49312368,2.50826053,0,1761922799999,0,3600,0,0,0
1761922800000,2.50826053,2.54997368,2.50521053,2.52443421,0,1761926399999,0,3600,0,0,0
1761926400000,2.52426053,2.53713947,2.49333158,2.49559474,0,1761929999999,0,3600,0,0,0
1761930000000,2.49556316,2.51384737,2.48537632,2.50643158,0,1761933599999,0,3600,0,0,0
1761933600000,2.50637895,2.52613947,2.50471579,2.52223421,0,1761937199999,0,3600,0,0,0
1761937200000,2.52221842,2.55362105,2.50038421,2.54430789,0,1761940799999,0,3600,0,0,0
1761940800000,2.54393684,2.54393684,2.50996579,2.51087368,0,1761944399999,0,3600,0,0,0
1761944400000,2.51118947,2.52106842,2.50245789,2.51975000,0,1761947999999,0,3600,0,0,0
1761948000000,2.51975000,2.52165789,2.50460526,2.50752105,0,1761951599999,0,3600,0,0,0
1761951600000,2.50752105,2.51364211,2.50324737,2.50955000,0,1761955199999,0,3600,0,0,0
