open_time,open,high,low,close,volume,close_time,quote_volume,count,taker_buy_volume,taker_buy_quote_volume,ignore
1744156800000,1.79630079,1.81320605,1.72218474,1.74859342,0,1744171199999,0,14400,0,0,0
1744171200000,1.74828342,1.83829395,1.74358526,1.83175921,0,1744185599999,0,14400,0,0,0
1744185600000,1.83174342,1.84510658,1.76381447,1.78204342,0,1744199999999,0,14400,0,0,0
1744200000000,1.78184342,1.86282947,1.76523684,1.82879526,0,1744214399999,0,14399,0,0,0
1744214400000,1.82881105,2.08402105,1.82391263,2.03846447,0,1744228799999,0,14400,0,0,0
1744228800000,2.03816711,2.08879500,2.03236447,2.05290947,0,1744243199999,0,14400,0,0,0
