open_time,open,high,low,close,volume,close_time,quote_volume,count,taker_buy_volume,taker_buy_quote_volume,ignore
1783468800000,1.11188494,1.11619692,1.09097180,1.09540102,0,1783483199999,0,14400,0,0,0
1783483200000,1.09547720,1.09743154,1.08666482,1.09404275,0,1783497599999,0,14400,0,0,0
1783497600000,1.09404082,1.09502735,1.07591053,1.08682551,0,1783511999999,0,14400,0,0,0
1783512000000,1.08682508,1.08866485,1.07034161,1.07388850,0,1783526399999,0,14400,0,0,0
1783526400000,1.07386282,1.09558783,1.07326138,1.09140671,0,1783540799999,0,14400,0,0,0
1783540800000,1.09137027,1.09316220,1.08416882,1.09085610,0,1783555199999,0,14400,0,0,0
