open_time,open,high,low,close,volume,close_time,quote_volume,count,taker_buy_volume,taker_buy_quote_volume,ignore
1750204800000,2.15900789,2.16649211,2.15241053,2.16648421,0,1750208399999,0,3600,0,0,0
1750208400000,2.16654474,2.17727368,2.16083158,2.16107895,0,1750211999999,0,3600,0,0,0
1750212000000,2.16124737,2.16753684,2.15492368,2.15911316,0,1750215599999,0,3600,0,0,0
1750215600000,2.15910526,2.17054474,2.15765000,2.16731053,0,1750219199999,0,3600,0,0,0
1750219200000,2.16725789,2.17458947,2.16199737,2.17185000,0,1750222799999,0,3600,0,0,0
1750222800000,2.17185789,2.17550000,2.16719474,2.16807895,0,1750226399999,0,3600,0,0,0
1750226400000,2.16807105,2.16869211,2.15249474,2.15541579,0,1750229999999,0,3600,0,0,0
1750230000000,2.15540000,2.16363158,2.14729737,2.16306316,0,1750233599999,0,3600,0,0,0
1750233600000,2.16307105,2.16883158,2.15200000,2.15564737,0,1750237199999,0,3600,0,0,0
1750237200000,2.15570789,2.16375789,2.14549474,2.14715789,0,1750240799999,0,3600,0,0,0
1750240800000,2.14715789,2.15072105,2.12475000,2.12955000,0,1750244399999,0,3600,0,0,0
1750244400000,2.12955263,2.14350263,2.12552105,2.14200000,0,1750247999999,0,3600,0,0,0
1750248000000,2.14201579,2.14539211,2.13069474,2.13147632,0,1750251599999,0,3600,0,0,0
1750251600000,2.13152105,2.14229737,2.11845263,2.13856842,0,1750255199999,0,3600,0,0,0
1750255200000,2.13862895,2.16187632,2.13312632,2.14487895,0,1750258799999,0,3600,0,0,0
1750258800000,2.14487895,2.15590000,2.13557105,2.15098684,0,1750262399999,0,3600,0,0,0
1750262400000,2.15103158,2.15160263,2.13481053,2.14121316,0,1750265999999,0,3600,0,0,0
1750266000000,2.14120526,2.15327632,2.13293684,2.14868947,0,1750269599999,0,3600,0,0,0
1750269600000,2.14882105,2.16203947,2.12948947,2.13109737,0,1750273199999,0,3600,0,0,0
1750273200000,2.13107368,2.15346053,2.12780000,2.14074474,0,1750276799999,0,3600,0,0,0
1750276800000,2.14069737,2.17818684,2.13620789,2.17327632,0,1750280399999,0,3600,0,0,0
1750280400000,2.17325263,2.18064474,2.16224737,2.17518421,0,1750283999999,0,3600,0,0,0
1750284000000,2.17512895,2.17978421,2.16786316,2.16883158,0,1750287599999,0,3600,0,0,0
1750287600000,2.16883947,2.17649474,2.16523947,2.17049211,0,1750291199999,0,3600,0,0,0
