open_time,open,high,low,close,volume,close_time,quote_volume,count,taker_buy_volume,taker_buy_quote_volume,ignore
1715817600000,0.51875418,0.51925520,0.51538694,0.51746460,0,1715831999999,0,14400,0,0,0
1715832000000,0.51745931,0.52065311,0.51654443,0.52053690,0,1715846399999,0,14400,0,0,0
1715846400000,0.52058534,0.52266373,0.51619768,0.51892963,0,1715860799999,0,14400,0,0,0
1715860800000,0.51891500,0.51960143,0.51231730,0.51850187,0,1715875199999,0,14400,0,0,0
1715875200000,0.51850333,0.52144024,0.51629188,0.51816423,0,1715889599999,0,14400,0,0,0
1715889600000,0.51811546,0.51829869,0.51334508,0.51564485,0,1715903999999,0,14400,0,0,0
