open_time,open,high,low,close,volume,close_time,quote_volume,count,taker_buy_volume,taker_buy_quote_volume,ignore
1672444800000,0.34509235,0.34517909,0.34009990,0.34040400,0,1672459199999,0,14400,0,0,0
1672459200000,0.34040463,0.34260807,0.34011157,0.34253032,0,1672473599999,0,14400,0,0,0
1672473600000,0.34259574,0.34440788,0.34178326,0.34370068,0,1672487999999,0,14400,0,0,0
1672488000000,0.34370094,0.34527088,0.34280593,0.34391943,0,1672502399999,0,14400,0,0,0
1672502400000,0.34391991,0.34399137,0.34072906,0.34271464,0,1672516799999,0,14400,0,0,0
1672516800000,0.34271263,0.34364984,0.33871070,0.33891890,0,1672531199999,0,14400,0,0,0
