open_time,open,high,low,close,volume,close_time,quote_volume,count,taker_buy_volume,taker_buy_quote_volume,ignore
1749859200000,2.14740263,2.16041579,2.13268158,2.15926316,0,1749873599999,0,14400,0,0,0
1749873600000,2.15916842,2.16958684,2.14894737,2.16510789,0,1749887999999,0,14400,0,0,0
1749888000000,2.16510789,2.17852632,2.15783947,2.17672105,0,1749902399999,0,14400,0,0,0
1749902400000,2.17677368,2.17781842,2.14491842,2.14899211,0,1749916799999,0,14400,0,0,0
1749916800000,2.14899211,2.15130789,2.11513421,2.12492895,0,1749931199999,0,14400,0,0,0
1749931200000,2.12473421,2.14620526,2.10963684,2.13937105,0,1749945599999,0,14400,0,0,0
