open_time,open,high,low,close,volume,close_time,quote_volume,count,taker_buy_volume,taker_buy_quote_volume,ignore
1737244800000,3.26986286,3.29248857,3.22441143,3.25082286,0,1737259199999,0,14400,0,0,0
1737259200000,3.25082286,3.25286857,3.17189143,3.18226000,0,1737273599999,0,14400,0,0,0
1737273600000,3.18174286,3.18174286,3.03591429,3.05440286,0,1737287999999,0,14399,0,0,0
1737288000000,3.05392571,3.15973714,3.05362857,3.14820857,0,1737302399999,0,14400,0,0,0
1737302400000,3.14814857,3.22663714,3.12722857,3.22286857,0,1737316799999,0,14400,0,0,0
1737316800000,3.22368857,3.23751143,2.83386857,2.95717714,0,1737331199999,0,14400,0,0,0
