open_time,open,high,low,close,volume,close_time,quote_volume,count,taker_buy_volume,taker_buy_quote_volume,ignore
1778371200000,1.42050369,1.42249169,1.41181852,1.41714921,0,1778385599999,0,14400,0,0,0
1778385600000,1.41709457,1.42162751,1.41547652,1.42005841,0,1778399999999,0,14400,0,0,0
1778400000000,1.42005701,1.43077352,1.41847737,1.42334623,0,1778414399999,0,14400,0,0,0
1778414400000,1.42329845,1.44502073,1.42109712,1.44424272,0,1778428799999,0,14400,0,0,0
1778428800000,1.44425638,1.50787121,1.44286492,1.48670661,0,1778443199999,0,14400,0,0,0
1778443200000,1.48672031,1.48949362,1.43810990,1.47331388,0,1778457599999,0,14400,0,0,0
