open_time,open,high,low,close,volume,close_time,quote_volume,count,taker_buy_volume,taker_buy_quote_volume,ignore
1773619200000,1.44877976,1.47964973,1.43573995,1.46745142,0,1773633599999,0.00000000,14400,0,0.00000000,0
1773633600000,1.46745137,1.48826891,1.46745137,1.48280349,0,1773647999999,0.00000000,14400,0,0.00000000,0
1773648000000,1.48290333,1.48906394,1.46460289,1.46973542,0,1773662399999,0.00000000,14400,0,0.00000000,0
1773662400000,1.46982261,1.51528663,1.46965913,1.49315742,0,1773676799999,0.00000000,14400,0,0.00000000,0
1773676800000,1.49314757,1.54404473,1.49197753,1.52873690,0,1773691199999,0.00000000,14400,0,0.00000000,0
1773691200000,1.52893724,1.55195974,1.52358832,1.54293464,0,1773705599999,0.00000000,14400,0,0.00000000,0
