open_time,open,high,low,close,volume,close_time,quote_volume,count,taker_buy_volume,taker_buy_quote_volume,ignore
1708041600000,0.56205177,0.57897980,0.55783822,0.57886295,0,1708055999999,0,14400,0,0,0
1708056000000,0.57887759,0.57893442,0.56275159,0.56586357,0,1708070399999,0,14400,0,0,0
1708070400000,0.56586850,0.57416010,0.55965839,0.57108667,0,1708084799999,0,14400,0,0,0
1708084800000,0.57108373,0.57349436,0.55261235,0.56010510,0,1708099199999,0,14400,0,0,0
1708099200000,0.56010512,0.56579650,0.55892370,0.56106461,0,1708113599999,0,14400,0,0,0
1708113600000,0.56106461,0.56867596,0.56028800,0.56430863,0,1708127999999,0,14400,0,0,0
