open_time,open,high,low,close,volume,close_time,quote_volume,count,taker_buy_volume,taker_buy_quote_volume,ignore
1750636800000,2.01744474,2.03248947,2.01124737,2.01655789,0,1750640399999,0,3600,0,0,0
1750640400000,2.01676316,2.02260789,2.00358947,2.02223684,0,1750643999999,0,3600,0,0,0
1750644000000,2.02223684,2.02424474,2.01171053,2.01658421,0,1750647599999,0,3600,0,0,0
1750647600000,2.01646053,2.02532105,2.01191053,2.01810789,0,1750651199999,0,3600,0,0,0
1750651200000,2.01810789,2.02647105,2.01232105,2.02153947,0,1750654799999,0,3600,0,0,0
1750654800000,2.02160000,2.03249474,2.01741842,2.03119737,0,1750658399999,0,3600,0,0,0
1750658400000,2.03124211,2.03539737,2.01102895,2.02227632,0,1750661999999,0,3600,0,0,0
1750662000000,2.02230789,2.03156053,2.01372368,2.02318684,0,1750665599999,0,3600,0,0,0
1750665600000,2.02315526,2.02759474,2.01270789,2.01993947,0,1750669199999,0,3600,0,0,0
1750669200000,2.01993158,2.02026316,2.00463421,2.00770789,0,1750672799999,0,3600,0,0,0
1750672800000,2.00770789,2.00785789,1.98649211,1.99456316,0,1750676399999,0,3600,0,0,0
1750676400000,1.99454737,2.00380526,1.99044737,2.00125263,0,1750679999999,0,3600,0,0,0
1750680000000,2.00126053,2.02018947,1.99566053,2.02008947,0,1750683599999,0,3600,0,0,0
1750683600000,2.02007368,2.03465789,1.98625263,2.02893684,0,1750687199999,0,3600,0,0,0
1750687200000,2.02889211,2.03852632,2.01287895,2.01937895,0,1750690799999,0,3600,0,0,0
1750690800000,2.01937105,2.02931579,1.99492895,1.99915263,0,1750694399999,0,3600,0,0,0
1750694400000,1.99908421,2.00088947,1.96246579,1.97203158,0,1750697999999,0,3600,0,0,0
1750698000000,1.97208421,2.05154737,1.96620526,2.02763947,0,1750701599999,0,3600,0,0,0
1750701600000,2.02760263,2.05640789,2.02736842,2.04674474,0,1750705199999,0,3600,0,0,0
1750705200000,2.04674474,2.06317895,2.04651316,2.05760526,0,1750708799999,0,3600,0,0,0
1750708800000,2.05778684,2.09890000,2.05768947,2.07640526,0,1750712399999,0,3600,0,0,0
1750712400000,2.07645000,2.09170526,2.07496842,2.08933684,0,1750715999999,0,3600,0,0,0
1750716000000,2.08955000,2.17019211,2.08813684,2.15821579,0,1750719599999,0,3600,0,0,0
1750719600000,2.15804211,2.16942105,2.15475263,2.15861053,0,1750723199999,0,3600,0,0,0
