open_time,open,high,low,close,volume,close_time,quote_volume,count,taker_buy_volume,taker_buy_quote_volume,ignore
1694908800000,0.49981983,0.49981983,0.49257926,0.49730756,0,1694923199999,0,14400,0,0,0
1694923200000,0.49730756,0.49746653,0.49334306,0.49467128,0,1694937599999,0,14400,0,0,0
1694937600000,0.49467128,0.49853151,0.49449130,0.49745425,0,1694951999999,0,14400,0,0,0
1694952000000,0.49745428,0.50034166,0.49668874,0.49984771,0,1694966399999,0,14400,0,0,0
1694966400000,0.49984771,0.50009628,0.49516627,0.49700242,0,1694980799999,0,14400,0,0,0
1694980800000,0.49700244,0.49727975,0.48982631,0.49249604,0,1694995199999,0,14400,0,0,0
