open_time,open,high,low,close,volume,close_time,quote_volume,count,taker_buy_volume,taker_buy_quote_volume,ignore
1687651200000,0.48660158,0.48986260,0.48309840,0.48925627,0,1687665599999,0,14400,0,0,0
1687665600000,0.48925150,0.49191900,0.48791285,0.49032865,0,1687679999999,0,14400,0,0,0
1687680000000,0.49022863,0.49450959,0.48991516,0.49216801,0,1687694399999,0,14400,0,0,0
1687694400000,0.49216654,0.49730138,0.48781477,0.48915242,0,1687708799999,0,14400,0,0,0
1687708800000,0.48915379,0.49262834,0.48605022,0.48906372,0,1687723199999,0,14400,0,0,0
1687723200000,0.48901369,0.49214679,0.48839504,0.49029707,0,1687737599999,0,14400,0,0,0
