open_time,open,high,low,close,volume,close_time,quote_volume,count,taker_buy_volume,taker_buy_quote_volume,ignore
1748217600000,2.34166316,2.35401579,2.33083947,2.34246579,0,1748231999999,0,14400,0,0,0
1748232000000,2.34242105,2.35876053,2.33600263,2.34883158,0,1748246399999,0,14400,0,0,0
1748246400000,2.34882368,2.35553947,2.32947895,2.33484474,0,1748260799999,0,14400,0,0,0
1748260800000,2.33479211,2.34486053,2.31250263,2.33241053,0,1748275199999,0,14400,0,0,0
1748275200000,2.33252105,2.33629474,2.29582368,2.31229737,0,1748289599999,0,14400,0,0,0
1748289600000,2.31203421,2.32449474,2.30028947,2.31041579,0,1748303999999,0,14400,0,0,0
