open_time,open,high,low,close,volume,close_time,quote_volume,count,taker_buy_volume,taker_buy_quote_volume,ignore
1663286400000,0.32615342,0.32787690,0.32443468,0.32785675,0,1663289999999,0,3600,0,0,0
1663290000000,0.32786025,0.32791582,0.32370286,0.32443304,0,1663293599999,0,3600,0,0,0
1663293600000,0.32443304,0.32522918,0.32160939,0.32427002,0,1663297199999,0,3600,0,0,0
1663297200000,0.32426843,0.32710624,0.32403423,0.32703384,0,1663300799999,0,3600,0,0,0
1663300800000,0.32704094,0.32930691,0.32689404,0.32837737,0,1663304399999,0,3600,0,0,0
1663304400000,0.32837698,0.32846530,0.32478382,0.32484811,0,1663307999999,0,3600,0,0,0
1663308000000,0.32484626,0.32585482,0.32383038,0.32398870,0,1663311599999,0,3599,0,0,0
1663311600000,0.32398923,0.32627051,0.32393243,0.32625663,0,1663315199999,0,3600,0,0,0
1663315200000,0.32625596,0.32626441,0.32275310,0.32351538,0,1663318799999,0,3600,0,0,0
1663318800000,0.32350362,0.32726188,0.32340421,0.32719539,0,1663322399999,0,3600,0,0,0
1663322400000,0.32719586,0.32933928,0.32653803,0.32834341,0,1663325999999,0,3600,0,0,0
1663326000000,0.32834277,0.33113835,0.32827157,0.33017306,0,1663329599999,0,3600,0,0,0
1663329600000,0.33020930,0.33042766,0.32869462,0.32916211,0,1663333199999,0,3600,0,0,0
1663333200000,0.32916741,0.33087038,0.32711366,0.32743956,0,1663336799999,0,3600,0,0,0
1663336800000,0.32749653,0.33283929,0.32728697,0.33096747,0,1663340399999,0,3600,0,0,0
1663340400000,0.33096666,0.33466427,0.33050561,0.33459812,0,1663343999999,0,3600,0,0,0
1663344000000,0.33459498,0.33939585,0.33035875,0.33900547,0,1663347599999,0,3600,0,0,0
1663347600000,0.33900590,0.33953224,0.33396836,0.33680106,0,1663351199999,0,3600,0,0,0
1663351200000,0.33680811,0.33988068,0.33552570,0.33870336,0,1663354799999,0,3600,0,0,0
1663354800000,0.33875197,0.34205014,0.33839727,0.34129393,0,1663358399999,0,3600,0,0,0
1663358400000,0.34129312,0.34881019,0.34122852,0.34522985,0,1663361999999,0,3600,0,0,0
1663362000000,0.34525437,0.34657765,0.34389957,0.34442401,0,1663365599999,0,3600,0,0,0
1663365600000,0.34442401,0.35689252,0.34429186,0.35467785,0,1663369199999,0,3600,0,0,0
1663369200000,0.35468244,0.35802101,0.35241119,0.35521152,0,1663372799999,0,3600,0,0,0
