open_time,open,high,low,close,volume,close_time,quote_volume,count,taker_buy_volume,taker_buy_quote_volume,ignore
1734566400000,2.31002263,2.36709947,2.17437579,2.35319421,0,1734580799999,0,14400,0,0,0
1734580800000,2.35297053,2.38611500,2.33543711,2.38059342,0,1734595199999,0,14171,0,0,0
1734595200000,2.38051711,2.43128289,2.34762711,2.40961737,0,1734609599999,0,14400,0,0,0
1734609600000,2.40947789,2.41786263,2.27122868,2.32897684,0,1734623999999,0,14400,0,0,0
1734624000000,2.32799263,2.34667553,2.19119474,2.22892579,0,1734638399999,0,14400,0,0,0
1734638400000,2.22968447,2.29084421,2.16050526,2.23886158,0,1734652799999,0,14400,0,0,0
