open_time,open,high,low,close,volume,close_time,quote_volume,count,taker_buy_volume,taker_buy_quote_volume,ignore
1777766400000,1.39360826,1.39457311,1.38172736,1.38391858,0,1777780799999,0,14400,0,0,0
1777780800000,1.38391859,1.38859463,1.38213166,1.38605667,0,1777795199999,0,14400,0,0,0
1777795200000,1.38605566,1.39845268,1.38573701,1.39509470,0,1777809599999,0,14400,0,0,0
1777809600000,1.39509420,1.39882881,1.39304980,1.39577955,0,1777823999999,0,14400,0,0,0
1777824000000,1.39577946,1.39817107,1.39256047,1.39521727,0,1777838399999,0,14400,0,0,0
1777838400000,1.39521142,1.40396015,1.38687482,1.38775169,0,1777852799999,0,14400,0,0,0
