open_time,open,high,low,close,volume,close_time,quote_volume,count,taker_buy_volume,taker_buy_quote_volume,ignore
1700697600000,0.61089945,0.61466711,0.60864556,0.61099805,0,1700711999999,0,14400,0,0,0
1700712000000,0.61099802,0.61145311,0.60600747,0.61135864,0,1700726399999,0,14400,0,0,0
1700726400000,0.61126260,0.62290344,0.61071598,0.61363805,0,1700740799999,0,14400,0,0,0
1700740800000,0.61348921,0.62200698,0.60951597,0.61607476,0,1700755199999,0,14400,0,0,0
1700755200000,0.61607476,0.62362399,0.61321708,0.62135134,0,1700769599999,0,14400,0,0,0
1700769600000,0.62135134,0.62291057,0.61779515,0.62084519,0,1700783999999,0,14400,0,0,0
