open_time,open,high,low,close,volume,close_time,quote_volume,count,taker_buy_volume,taker_buy_quote_volume,ignore
1761955200000,2.50955000,2.51958421,2.48929211,2.51634474,0,1761969599999,0,14400,0,0,0
1761969600000,2.51634474,2.52322895,2.49810000,2.50603158,0,1761983999999,0,14400,0,0,0
1761984000000,2.50610789,2.51497632,2.50026579,2.50047632,0,1761998399999,0,14400,0,0,0
1761998400000,2.50052895,2.50649211,2.47654474,2.50163684,0,1762012799999,0,14400,0,0,0
1762012800000,2.50166053,2.51407895,2.49569474,2.50601579,0,1762027199999,0,14400,0,0,0
1762027200000,2.50604737,2.51290789,2.49049474,2.50537368,0,1762041599999,0,14400,0,0,0
