open_time,open,high,low,close,volume,close_time,quote_volume,count,taker_buy_volume,taker_buy_quote_volume,ignore
1734739200000,2.27922500,2.31610921,2.25157368,2.29925500,0,1734753599999,0,14400,0,0,0
1734753600000,2.29938921,2.38576395,2.29096395,2.35388711,0,1734767999999,0,14400,0,0,0
1734768000000,2.35393184,2.36601263,2.28503579,2.30687263,0,1734782399999,0,14400,0,0,0
1734782400000,2.30719895,2.30755921,2.19296105,2.25829895,0,1734796799999,0,14400,0,0,0
1734796800000,2.25817000,2.26616211,2.20134605,2.24253316,0,1734811199999,0,14400,0,0,0
1734811200000,2.24250158,2.26340789,2.20561842,2.23790368,0,1734825599999,0,14400,0,0,0
