open_time,open,high,low,close,volume,close_time,quote_volume,count,taker_buy_volume,taker_buy_quote_volume,ignore
1667260800000,0.46422024,0.46422051,0.45725454,0.45972525,0,1667275199999,0,14400,0,0,0
1667275200000,0.45966377,0.46258406,0.45752807,0.46034304,0,1667289599999,0,14400,0,0,0
1667289600000,0.46034231,0.46508015,0.45850989,0.46131267,0,1667303999999,0,14400,0,0,0
1667304000000,0.46131500,0.46240688,0.45442126,0.45916311,0,1667318399999,0,14400,0,0,0
1667318400000,0.45916897,0.46406930,0.45651488,0.46181830,0,1667332799999,0,14400,0,0,0
1667332800000,0.46182052,0.46693832,0.46084177,0.46362682,0,1667347199999,0,14400,0,0,0
