open_time,open,high,low,close,volume,close_time,quote_volume,count,taker_buy_volume,taker_buy_quote_volume,ignore
1767744000000,2.30427962,2.32030471,2.25666594,2.26651418,0,1767758399999,0,14400,0,0,0
1767758400000,2.26647162,2.28629129,2.24576898,2.28030226,0,1767772799999,0,14400,0,0,0
1767772800000,2.28026428,2.29049442,2.23288427,2.25094139,0,1767787199999,0,14399,0,0,0
1767787200000,2.25078838,2.25534995,2.18388266,2.19558921,0,1767801599999,0,14398,0,0,0
1767801600000,2.19550108,2.22292095,2.17110596,2.19376619,0,1767815999999,0,14400,0,0,0
1767816000000,2.19378438,2.19890730,2.15226888,2.16534413,0,1767830399999,0,14400,0,0,0
