open_time,open,high,low,close,volume,close_time,quote_volume,count,taker_buy_volume,taker_buy_quote_volume,ignore
1706659200000,0.51079204,0.51092456,0.50260474,0.50910103,0,1706662799999,0,3600,0,0,0
1706662800000,0.50904284,0.51005580,0.50447423,0.50842526,0,1706666399999,0,3600,0,0,0
1706666400000,0.50847404,0.50999387,0.50746456,0.50968274,0,1706669999999,0,3600,0,0,0
1706670000000,0.50968274,0.51093909,0.50869973,0.51063466,0,1706673599999,0,3600,0,0,0
1706673600000,0.51063466,0.51272521,0.50999888,0.51192044,0,1706677199999,0,3600,0,0,0
1706677200000,0.51192044,0.51225377,0.51019440,0.51205220,0,1706680799999,0,3600,0,0,0
1706680800000,0.51205219,0.51433002,0.51088367,0.51145122,0,1706684399999,0,3600,0,0,0
1706684400000,0.51145122,0.51302391,0.51059877,0.51099466,0,1706687999999,0,3600,0,0,0
1706688000000,0.51099468,0.51127086,0.50881551,0.50990593,0,1706691599999,0,3600,0,0,0
1706691600000,0.50990593,0.51207264,0.50599241,0.50610197,0,1706695199999,0,3600,0,0,0
1706695200000,0.50611380,0.50701430,0.50157200,0.50229846,0,1706698799999,0,3600,0,0,0
1706698800000,0.50226758,0.50719023,0.50166186,0.50710869,0,1706702399999,0,3600,0,0,0
1706702400000,0.50705991,0.50743726,0.50565128,0.50724850,0,1706705999999,0,3600,0,0,0
1706706000000,0.50731088,0.50800648,0.50492554,0.50564502,0,1706709599999,0,3600,0,0,0
1706709600000,0.50564502,0.50861462,0.48677372,0.50477276,0,1706713199999,0,3600,0,0,0
1706713200000,0.50482591,0.50970128,0.49981347,0.50868050,0,1706716799999,0,3600,0,0,0
1706716800000,0.50864392,0.51082671,0.50738064,0.51001382,0,1706720399999,0,3600,0,0,0
1706720400000,0.51001382,0.51337665,0.50701298,0.51337385,0,1706723999999,0,3600,0,0,0
1706724000000,0.51342263,0.51347841,0.51065707,0.51221630,0,1706727599999,0,3600,0,0,0
1706727600000,0.51221630,0.51399139,0.50859732,0.51097372,0,1706731199999,0,3600,0,0,0
1706731200000,0.51097372,0.51124722,0.50508391,0.50548611,0,1706734799999,0,3600,0,0,0
1706734800000,0.50553696,0.50755614,0.50040662,0.50403982,0,1706738399999,0,3600,0,0,0
1706738400000,0.50403980,0.50403980,0.49937183,0.50208856,0,1706741999999,0,3600,0,0,0
1706742000000,0.50208858,0.50402247,0.50151574,0.50322607,0,1706745599999,0,3600,0,0,0
