open_time,open,high,low,close,volume,close_time,quote_volume,count,taker_buy_volume,taker_buy_quote_volume,ignore
1718496000000,0.49076507,0.49172410,0.48816448,0.49120581,0,1718510399999,0,14400,0,0,0
1718510400000,0.49120581,0.49141192,0.48827524,0.48868418,0,1718524799999,0,14400,0,0,0
1718524800000,0.48868419,0.49956394,0.48854988,0.49641215,0,1718539199999,0,14400,0,0,0
1718539200000,0.49641215,0.49660200,0.48911721,0.49099140,0,1718553599999,0,14400,0,0,0
1718553600000,0.49099140,0.49113649,0.48781900,0.48990147,0,1718567999999,0,14400,0,0,0
1718568000000,0.48990148,0.49131556,0.48801424,0.48917145,0,1718582399999,0,14400,0,0,0
