open_time,open,high,low,close,volume,close_time,quote_volume,count,taker_buy_volume,taker_buy_quote_volume,ignore
1721088000000,0.53713238,0.56961769,0.53559088,0.56557188,0,1721102399999,0,14400,0,0,0
1721102400000,0.56554260,0.56595049,0.53595867,0.54042047,0,1721116799999,0,14400,0,0,0
1721116800000,0.54035910,0.54744924,0.53257614,0.54657925,0,1721131199999,0,14400,0,0,0
1721131200000,0.54658512,0.58796183,0.54302479,0.58459998,0,1721145599999,0,14400,0,0,0
1721145600000,0.58458884,0.59392653,0.57583011,0.58345568,0,1721159999999,0,14400,0,0,0
1721160000000,0.58345570,0.58502168,0.57400592,0.57930673,0,1721174399999,0,14400,0,0,0
