open_time,open,high,low,close,volume,close_time,quote_volume,count,taker_buy_volume,taker_buy_quote_volume,ignore
1775779200000,1.34381667,1.35036650,1.34050696,1.34132877,0,1775793599999,0,14400,0,0,0
1775793600000,1.34132522,1.34863002,1.33600243,1.33706774,0,1775807999999,0,14400,0,0,0
1775808000000,1.33709522,1.34676570,1.33504658,1.34151147,0,1775822399999,0,14400,0,0,0
1775822400000,1.34155772,1.36047992,1.33818203,1.34757341,0,1775836799999,0,14400,0,0,0
1775836800000,1.34777625,1.36325782,1.34746310,1.36284201,0,1775851199999,0,14400,0,0,0
1775851200000,1.36290168,1.36583930,1.35428475,1.35600538,0,1775865599999,0,14400,0,0,0
