open_time,open,high,low,close,volume,close_time,quote_volume,count,taker_buy_volume,taker_buy_quote_volume,ignore
1704067200000,0.61551674,0.61895372,0.61127803,0.61299789,0,1704081599999,0,14400,0,0,0
1704081600000,0.61292278,0.61528288,0.60844065,0.61503293,0,1704095999999,0,14400,0,0,0
1704096000000,0.61503817,0.62060909,0.61428495,0.62057520,0,1704110399999,0,14400,0,0,0
1704110400000,0.62057522,0.62183990,0.61835212,0.62135520,0,1704124799999,0,14400,0,0,0
1704124800000,0.62135520,0.62602303,0.61979883,0.62589567,0,1704139199999,0,14400,0,0,0
1704139200000,0.62589567,0.63091941,0.62553460,0.62943052,0,1704153599999,0,14400,0,0,0
