open_time,open,high,low,close,volume,close_time,quote_volume,count,taker_buy_volume,taker_buy_quote_volume,ignore
1760486400000,2.50355526,2.52591579,2.47978947,2.48833684,0,1760500799999,0,14400,0,0,0
1760500800000,2.48828421,2.50906842,2.47936579,2.50744474,0,1760515199999,0,14400,0,0,0
1760515200000,2.50738158,2.54677105,2.47827368,2.49266579,0,1760529599999,0,14399,0,0,0
1760529600000,2.49267368,2.51113158,2.42550526,2.43373158,0,1760543999999,0,14400,0,0,0
1760544000000,2.43358421,2.44917105,2.40250789,2.40577632,0,1760558399999,0,14400,0,0,0
1760558400000,2.40555789,2.42052632,2.37786316,2.41112895,0,1760572799999,0,14400,0,0,0
