open_time,open,high,low,close,volume,close_time,quote_volume,count,taker_buy_volume,taker_buy_quote_volume,ignore
1756512000000,2.81934474,2.82477105,2.76163947,2.81283947,0,1756526399999,0,14400,0,0,0
1756526400000,2.81283947,2.83494737,2.81005526,2.83194211,0,1756540799999,0,14400,0,0,0
1756540800000,2.83212632,2.83243947,2.79601053,2.81059737,0,1756555199999,0,14400,0,0,0
1756555200000,2.81023421,2.81083947,2.77481053,2.80693684,0,1756569599999,0,14400,0,0,0
1756569600000,2.80716316,2.81840000,2.79898684,2.81045263,0,1756583999999,0,14400,0,0,0
1756584000000,2.81042895,2.81822105,2.79978947,2.81801316,0,1756598399999,0,14400,0,0,0
