open_time,open,high,low,close,volume,close_time,quote_volume,count,taker_buy_volume,taker_buy_quote_volume,ignore
1725494400000,0.55797680,0.55962649,0.55215227,0.55286232,0,1725508799999,0,14400,0,0,0
1725508800000,0.55286232,0.55459317,0.55001605,0.55343506,0,1725523199999,0,14400,0,0,0
1725523200000,0.55342994,0.55457188,0.54848628,0.55031576,0,1725537599999,0,14400,0,0,0
1725537600000,0.55026698,0.55530679,0.54559465,0.54612497,0,1725551999999,0,14400,0,0,0
1725552000000,0.54611861,0.54788362,0.54016778,0.54285751,0,1725566399999,0,14400,0,0,0
1725566400000,0.54285174,0.54522463,0.54144009,0.54446871,0,1725580799999,0,14400,0,0,0
