open_time,open,high,low,close,volume,close_time,quote_volume,count,taker_buy_volume,taker_buy_quote_volume,ignore
1782518400000,1.04897122,1.06693824,1.04404989,1.05907839,0,1782532799999,0,14400,0,0,0
1782532800000,1.05907794,1.06409554,1.05319699,1.06026455,0,1782547199999,0,14400,0,0,0
1782547200000,1.06026409,1.06042096,1.05440658,1.05937143,0,1782561599999,0,14400,0,0,0
1782561600000,1.05937163,1.07605572,1.05766489,1.07536205,0,1782575999999,0,14400,0,0,0
1782576000000,1.07536077,1.07752591,1.05260808,1.05430793,0,1782590399999,0,14400,0,0,0
1782590400000,1.05440175,1.05789943,1.04572555,1.04745831,0,1782604799999,0,14400,0,0,0
