open_time,open,high,low,close,volume,close_time,quote_volume,count,taker_buy_volume,taker_buy_quote_volume,ignore
1671580800000,0.34816131,0.35040449,0.33753986,0.33879241,0,1671595199999,0,14400,0,0,0
1671595200000,0.33879260,0.34318310,0.33858268,0.34070334,0,1671609599999,0,14400,0,0,0
1671609600000,0.34070380,0.34468276,0.33900911,0.34368856,0,1671623999999,0,14396,0,0,0
1671624000000,0.34368804,0.34435156,0.34112732,0.34370100,0,1671638399999,0,14397,0,0,0
1671638400000,0.34370089,0.34405791,0.34122611,0.34328234,0,1671652799999,0,14400,0,0,0
1671652800000,0.34321057,0.34722237,0.34231246,0.34486964,0,1671667199999,0,14400,0,0,0
