open_time,open,high,low,close,volume,close_time,quote_volume,count,taker_buy_volume,taker_buy_quote_volume,ignore
1775260800000,1.31836211,1.31909495,1.31325222,1.31572402,0,1775275199999,0,14400,0,0,0
1775275200000,1.31572399,1.32073200,1.31528933,1.31613771,0,1775289599999,0,14400,0,0,0
1775289600000,1.31613771,1.31654929,1.30692256,1.31189419,0,1775303999999,0,14400,0,0,0
1775304000000,1.31189419,1.31599464,1.30705096,1.31265587,0,1775318399999,0,14400,0,0,0
1775318400000,1.31265340,1.32240451,1.31084812,1.31776350,0,1775332799999,0,14400,0,0,0
1775332800000,1.31778056,1.31888246,1.31367518,1.31533261,0,1775347199999,0,14400,0,0,0
