open_time,open,high,low,close,volume,close_time,quote_volume,count,taker_buy_volume,taker_buy_quote_volume,ignore
1783209600000,1.15738590,1.15746446,1.13393658,1.13835423,0,1783223999999,0,14400,0,0,0
1783224000000,1.13835415,1.14240937,1.13352491,1.14031515,0,1783238399999,0,14400,0,0,0
1783238400000,1.14031181,1.14165992,1.12515632,1.13195093,0,1783252799999,0,14400,0,0,0
1783252800000,1.13205974,1.14119509,1.12877061,1.13697367,0,1783267199999,0,14400,0,0,0
1783267200000,1.13697919,1.14003852,1.13203008,1.13525019,0,1783281599999,0,14400,0,0,0
1783281600000,1.13519751,1.16944971,1.13464268,1.15739138,0,1783295999999,0,14400,0,0,0
