open_time,open,high,low,close,volume,close_time,quote_volume,count,taker_buy_volume,taker_buy_quote_volume,ignore
1680739200000,0.50556070,0.50565528,0.49487902,0.50279393,0,1680753599999,0,14400,0,0,0
1680753600000,0.50284332,0.50524326,0.49713591,0.49766512,0,1680767999999,0,14400,0,0,0
1680768000000,0.49772765,0.50052223,0.49197783,0.49913424,0,1680782399999,0,14400,0,0,0
1680782400000,0.49913296,0.50741154,0.49580531,0.50610280,0,1680796799999,0,14400,0,0,0
1680796800000,0.50605408,0.50967500,0.50383073,0.50711479,0,1680811199999,0,14400,0,0,0
1680811200000,0.50711476,0.50869628,0.50091740,0.50284255,0,1680825599999,0,14400,0,0,0
