open_time,open,high,low,close,volume,close_time,quote_volume,count,taker_buy_volume,taker_buy_quote_volume,ignore
1774656000000,1.32574258,1.32953029,1.31918787,1.32722075,0,1774670399999,0,14400,0,0,0
1774670400000,1.32721533,1.34197585,1.32582465,1.34096249,0,1774684799999,0,14400,0,0,0
1774684800000,1.34096360,1.34327829,1.33484531,1.34045426,0,1774699199999,0,14400,0,0,0
1774699200000,1.34034884,1.35814103,1.33623156,1.35335852,0,1774713599999,0,14400,0,0,0
1774713600000,1.35337106,1.35449346,1.34253086,1.34494557,0,1774727999999,0,14400,0,0,0
1774728000000,1.34495389,1.34802661,1.33113616,1.33340479,0,1774742399999,0,14400,0,0,0
