open_time,open,high,low,close,volume,close_time,quote_volume,count,taker_buy_volume,taker_buy_quote_volume,ignore
1579392000000,0.24355856,0.24827486,0.24119128,0.24675154,0,1579406399999,0,14395,0,0,0
1579406400000,0.24675154,0.25169904,0.24642350,0.24863816,0,1579420799999,0,14400,0,0,0
1579420800000,0.24868634,0.24914666,0.23261063,0.23362469,0,1579435199999,0,14399,0,0,0
1579435200000,0.23362469,0.23378168,0.22718636,0.23324696,0,1579449599999,0,14400,0,0,0
1579449600000,0.23318786,0.23488545,0.23248225,0.23305895,0,1579463999999,0,14399,0,0,0
1579464000000,0.23305895,0.23625129,0.23146591,0.23571812,0,1579478399999,0,14397,0,0,0
