open_time,open,high,low,close,volume,close_time,quote_volume,count,taker_buy_volume,taker_buy_quote_volume,ignore
1699660800000,0.65946800,0.66487959,0.64752089,0.64902144,0,1699675199999,0,14400,0,0,0
1699675200000,0.64907604,0.66112740,0.64024748,0.66040339,0,1699689599999,0,14400,0,0,0
1699689600000,0.66035256,0.68620795,0.65975711,0.66738174,0,1699703999999,0,14400,0,0,0
1699704000000,0.66738171,0.67911238,0.66536761,0.67303139,0,1699718399999,0,14400,0,0,0
1699718400000,0.67303141,0.68039703,0.66680325,0.67412886,0,1699732799999,0,14400,0,0,0
1699732800000,0.67413458,0.67418211,0.65651963,0.66261244,0,1699747199999,0,14400,0,0,0
