open_time,open,high,low,close,volume,close_time,quote_volume,count,taker_buy_volume,taker_buy_quote_volume,ignore
1695513600000,0.50759003,0.50950721,0.50703823,0.50802948,0,1695517199999,0,3600,0,0,0
1695517200000,0.50798300,0.50806272,0.50607256,0.50806272,0,1695520799999,0,3600,0,0,0
1695520800000,0.50806272,0.50912713,0.50783819,0.50897527,0,1695524399999,0,3600,0,0,0
1695524400000,0.50897527,0.50939867,0.50782074,0.50782074,0,1695527999999,0,3600,0,0,0
1695528000000,0.50782074,0.50895438,0.50744795,0.50827413,0,1695531599999,0,3600,0,0,0
1695531600000,0.50827473,0.50905771,0.50763161,0.50873100,0,1695535199999,0,3600,0,0,0
1695535200000,0.50873100,0.50876742,0.50779945,0.50797769,0,1695538799999,0,3600,0,0,0
1695538800000,0.50797766,0.50859675,0.50773846,0.50812109,0,1695542399999,0,3600,0,0,0
1695542400000,0.50812109,0.50932086,0.50810592,0.50932027,0,1695545999999,0,3600,0,0,0
1695546000000,0.50932027,0.51061159,0.50909418,0.51061157,0,1695549599999,0,3600,0,0,0
1695549600000,0.51061097,0.51084638,0.50954946,0.50980875,0,1695553199999,0,3600,0,0,0
1695553200000,0.50980816,0.51161556,0.50978780,0.51102529,0,1695556799999,0,3600,0,0,0
1695556800000,0.51102529,0.51145704,0.50952476,0.51049853,0,1695560399999,0,3600,0,0,0
1695560400000,0.51048458,0.51118396,0.50964753,0.50964753,0,1695563999999,0,3600,0,0,0
1695564000000,0.50969407,0.51092338,0.50963023,0.51050786,0,1695567599999,0,3600,0,0,0
1695567600000,0.51050786,0.51050846,0.50838452,0.50943922,0,1695571199999,0,3600,0,0,0
1695571200000,0.50943922,0.50943984,0.50806076,0.50851356,0,1695574799999,0,3600,0,0,0
1695574800000,0.50851356,0.51079204,0.50820914,0.51010857,0,1695578399999,0,3600,0,0,0
1695578400000,0.51010859,0.51069247,0.50590512,0.50915249,0,1695581999999,0,3600,0,0,0
1695582000000,0.50915246,0.50935770,0.50542719,0.50664641,0,1695585599999,0,3600,0,0,0
1695585600000,0.50664641,0.50672187,0.50370052,0.50615151,0,1695589199999,0,3600,0,0,0
1695589200000,0.50615148,0.50702470,0.50533616,0.50690571,0,1695592799999,0,3600,0,0,0
1695592800000,0.50690569,0.50774559,0.50587225,0.50690591,0,1695596399999,0,3600,0,0,0
1695596400000,0.50690588,0.50691138,0.49880616,0.50204303,0,1695599999999,0,3600,0,0,0
