open_time,open,high,low,close,volume,close_time,quote_volume,count,taker_buy_volume,taker_buy_quote_volume,ignore
1668729600000,0.38188468,0.38763874,0.37891354,0.38001141,0,1668743999999,0,14400,0,0,0
1668744000000,0.38001189,0.38137871,0.37749991,0.38125454,0,1668758399999,0,14399,0,0,0
1668758400000,0.38125228,0.38489091,0.37927670,0.38120527,0,1668772799999,0,14400,0,0,0
1668772800000,0.38119473,0.38398737,0.37663333,0.37759242,0,1668787199999,0,14400,0,0,0
1668787200000,0.37752713,0.38308598,0.37454071,0.38261380,0,1668801599999,0,14400,0,0,0
1668801600000,0.38264363,0.38377086,0.38111138,0.38279277,0,1668815999999,0,14400,0,0,0
