open_time,open,high,low,close,volume,close_time,quote_volume,count,taker_buy_volume,taker_buy_quote_volume,ignore
1779926400000,1.30766243,1.31139680,1.27529497,1.27906781,0,1779940799999,0,14399,0,0,0
1779940800000,1.27914230,1.29362127,1.26819302,1.29329834,0,1779955199999,0,14400,0,0,0
1779955200000,1.29334389,1.29623157,1.28618451,1.28758607,0,1779969599999,0,14400,0,0,0
1779969600000,1.28760638,1.31476582,1.28376369,1.31264199,0,1779983999999,0,14400,0,0,0
1779984000000,1.31263248,1.33849628,1.30726782,1.31603741,0,1779998399999,0,14400,0,0,0
1779998400000,1.31609302,1.32488223,1.31107088,1.31559986,0,1780012799999,0,14400,0,0,0
