open_time,open,high,low,close,volume,close_time,quote_volume,count,taker_buy_volume,taker_buy_quote_volume,ignore
1722384000000,0.62763374,0.65841513,0.62562554,0.64945234,0,1722398399999,0,14400,0,0,0
1722398400000,0.64943040,0.65416196,0.63792316,0.64654457,0,1722412799999,0,14400,0,0,0
1722412800000,0.64654457,0.65514942,0.64326783,0.64949437,0,1722427199999,0,14400,0,0,0
1722427200000,0.64944559,0.65669262,0.64471585,0.65203420,0,1722441599999,0,14400,0,0,0
1722441600000,0.65203420,0.65404104,0.63144390,0.63348331,0,1722455999999,0,14400,0,0,0
1722456000000,0.63349959,0.63508499,0.62203818,0.62302233,0,1722470399999,0,14400,0,0,0
