open_time,open,high,low,close,volume,close_time,quote_volume,count,taker_buy_volume,taker_buy_quote_volume,ignore
1711324800000,0.63256234,0.63391879,0.62839416,0.63131532,0,1711339199999,0,14400,0,0,0
1711339200000,0.63131532,0.63715640,0.62799309,0.62901546,0,1711353599999,0,14400,0,0,0
1711353600000,0.62901546,0.63431300,0.62657709,0.62691160,0,1711367999999,0,14399,0,0,0
1711368000000,0.62694086,0.64588755,0.62691243,0.64216807,0,1711382399999,0,14400,0,0,0
1711382400000,0.64217314,0.66214926,0.63759191,0.65534775,0,1711396799999,0,14400,0,0,0
1711396800000,0.65540493,0.65802850,0.63834501,0.64050962,0,1711411199999,0,14400,0,0,0
