open_time,open,high,low,close,volume,close_time,quote_volume,count,taker_buy_volume,taker_buy_quote_volume,ignore
1722643200000,0.56072704,0.56516945,0.54333134,0.56391754,0,1722657599999,0,14400,0,0,0
1722657600000,0.56392021,0.57759176,0.56203058,0.57594340,0,1722671999999,0,14400,0,0,0
1722672000000,0.57594338,0.57594338,0.56474068,0.57046890,0,1722686399999,0,14400,0,0,0
1722686400000,0.57046890,0.57346161,0.55568914,0.55640722,0,1722700799999,0,14400,0,0,0
1722700800000,0.55657262,0.56633272,0.54253427,0.54300521,0,1722715199999,0,14400,0,0,0
1722715200000,0.54298399,0.55851843,0.54097447,0.55577755,0,1722729599999,0,14400,0,0,0
