open_time,open,high,low,close,volume,close_time,quote_volume,count,taker_buy_volume,taker_buy_quote_volume,ignore
1763769600000,1.95082313,1.96324369,1.93110878,1.94865801,0,1763783999999,0,14400,0,0,0
1763784000000,1.94862393,1.95718950,1.91388057,1.95300522,0,1763798399999,0,14400,0,0,0
1763798400000,1.95299159,1.95299159,1.89446113,1.91739371,0,1763812799999,0,14400,0,0,0
1763812800000,1.91714144,1.93857523,1.88892308,1.92901446,0,1763827199999,0,14400,0,0,0
1763827200000,1.92901446,1.95033043,1.92161040,1.92758922,0,1763841599999,0,14400,0,0,0
1763841600000,1.92758922,1.96653495,1.92032631,1.95061799,0,1763855999999,0,14400,0,0,0
