open_time,open,high,low,close,volume,close_time,quote_volume,count,taker_buy_volume,taker_buy_quote_volume,ignore
1707782400000,0.53151485,0.53373522,0.53144224,0.53278638,0,1707785999999,0,3600,0,0,0
1707786000000,0.53278638,0.53321350,0.53078051,0.53136178,0,1707789599999,0,3600,0,0,0
1707789600000,0.53136178,0.53216288,0.52981651,0.53031471,0,1707793199999,0,3600,0,0,0
1707793200000,0.53031473,0.53060330,0.52759243,0.52844819,0,1707796799999,0,3600,0,0,0
1707796800000,0.52844819,0.53111619,0.52840523,0.53074299,0,1707800399999,0,3600,0,0,0
1707800400000,0.53074299,0.53082902,0.52763892,0.52857125,0,1707803999999,0,3600,0,0,0
1707804000000,0.52857126,0.52926751,0.52763807,0.52847608,0,1707807599999,0,3600,0,0,0
1707807600000,0.52852488,0.53081578,0.52848194,0.53064196,0,1707811199999,0,3600,0,0,0
1707811200000,0.53058400,0.53070532,0.52876370,0.52924549,0,1707814799999,0,3600,0,0,0
1707814800000,0.52923087,0.53082391,0.52850099,0.53079367,0,1707818399999,0,3600,0,0,0
1707818400000,0.53079365,0.53103178,0.52798380,0.52843475,0,1707821999999,0,3600,0,0,0
1707822000000,0.52843475,0.52930577,0.52638226,0.52849696,0,1707825599999,0,3600,0,0,0
1707825600000,0.52849992,0.52863063,0.52718691,0.52797037,0,1707829199999,0,3600,0,0,0
1707829200000,0.52797035,0.52811331,0.51832338,0.52277779,0,1707832799999,0,3600,0,0,0
1707832800000,0.52276464,0.52392381,0.51476747,0.51774112,0,1707836399999,0,3600,0,0,0
1707836400000,0.51775576,0.52054128,0.51623736,0.51987031,0,1707839999999,0,3600,0,0,0
1707840000000,0.51987029,0.52146409,0.51875029,0.51952848,0,1707843599999,0,3600,0,0,0
1707843600000,0.51947970,0.52425854,0.51910572,0.52399241,0,1707847199999,0,3600,0,0,0
1707847200000,0.52399241,0.52591063,0.52386765,0.52550348,0,1707850799999,0,3600,0,0,0
1707850800000,0.52550348,0.52686780,0.52450826,0.52496415,0,1707854399999,0,3600,0,0,0
1707854400000,0.52496417,0.52782392,0.52492380,0.52684719,0,1707857999999,0,3600,0,0,0
1707858000000,0.52690892,0.52933196,0.52652895,0.52788337,0,1707861599999,0,3600,0,0,0
1707861600000,0.52790014,0.52845418,0.52374309,0.52589541,0,1707865199999,0,3600,0,0,0
1707865200000,0.52594419,0.52604828,0.52130725,0.52457524,0,1707868799999,0,3600,0,0,0
