open_time,open,high,low,close,volume,close_time,quote_volume,count,taker_buy_volume,taker_buy_quote_volume,ignore
1699660800000,0.65946800,0.66436100,0.65637457,0.66348480,0,1699664399999,0,3600,0,0,0
1699664400000,0.66347711,0.66487959,0.64908951,0.65338173,0,1699667999999,0,3600,0,0,0
1699668000000,0.65338592,0.65594062,0.64752089,0.65473955,0,1699671599999,0,3600,0,0,0
1699671600000,0.65475089,0.65520702,0.64885968,0.64902144,0,1699675199999,0,3600,0,0,0
1699675200000,0.64907604,0.65046042,0.64024748,0.64850972,0,1699678799999,0,3600,0,0,0
1699678800000,0.64851053,0.65260732,0.64764406,0.65230036,0,1699682399999,0,3600,0,0,0
1699682400000,0.65231615,0.65464377,0.65029243,0.65351711,0,1699685999999,0,3600,0,0,0
1699686000000,0.65346629,0.66112740,0.65271465,0.66040339,0,1699689599999,0,3600,0,0,0
1699689600000,0.66035256,0.68620795,0.65975711,0.66827958,0,1699693199999,0,3600,0,0,0
1699693200000,0.66827961,0.67233306,0.66374257,0.67133941,0,1699696799999,0,3600,0,0,0
1699696800000,0.67133941,0.67325409,0.66936244,0.67241867,0,1699700399999,0,3600,0,0,0
1699700400000,0.67239867,0.67239867,0.66613076,0.66738174,0,1699703999999,0,3600,0,0,0
1699704000000,0.66738171,0.67202775,0.66536761,0.67089819,0,1699707599999,0,3600,0,0,0
1699707600000,0.67094906,0.67911238,0.66923242,0.67460817,0,1699711199999,0,3600,0,0,0
1699711200000,0.67455852,0.67707572,0.67054826,0.67596318,0,1699714799999,0,3600,0,0,0
1699714800000,0.67596320,0.67643081,0.67089098,0.67303139,0,1699718399999,0,3600,0,0,0
1699718400000,0.67303141,0.68039703,0.67287509,0.67726948,0,1699721999999,0,3600,0,0,0
1699722000000,0.67729951,0.67777884,0.66680325,0.67373561,0,1699725599999,0,3600,0,0,0
1699725600000,0.67373564,0.67654926,0.67111841,0.67536833,0,1699729199999,0,3600,0,0,0
1699729200000,0.67536831,0.67644081,0.67371180,0.67412886,0,1699732799999,0,3600,0,0,0
1699732800000,0.67413458,0.67418211,0.66676953,0.66765387,0,1699736399999,0,3600,0,0,0
1699736400000,0.66765387,0.67001950,0.66303219,0.66480503,0,1699739999999,0,3600,0,0,0
1699740000000,0.66480496,0.66583677,0.65651963,0.66543936,0,1699743599999,0,3600,0,0,0
1699743600000,0.66543936,0.66550305,0.65719834,0.66261244,0,1699747199999,0,3600,0,0,0
