open_time,open,high,low,close,volume,close_time,quote_volume,count,taker_buy_volume,taker_buy_quote_volume,ignore
1752624000000,2.91930526,2.93499474,2.90204474,2.93156842,0,1752627599999,0,3600,0,0,0
1752627600000,2.93156842,2.93643947,2.91541842,2.91948684,0,1752631199999,0,3600,0,0,0
1752631200000,2.91950263,2.92008684,2.87741316,2.89713947,0,1752634799999,0,3600,0,0,0
1752634800000,2.89751316,2.90687368,2.89152895,2.90455789,0,1752638399999,0,3600,0,0,0
1752638400000,2.90459737,2.91588684,2.89152105,2.91104737,0,1752641999999,0,3600,0,0,0
1752642000000,2.91108421,2.92925526,2.90922632,2.91744737,0,1752645599999,0,3600,0,0,0
1752645600000,2.91750789,2.93635000,2.91204474,2.93496842,0,1752649199999,0,3600,0,0,0
1752649200000,2.93502105,2.93906842,2.92775526,2.92962105,0,1752652799999,0,3600,0,0,0
1752652800000,2.92966579,2.96125789,2.92187368,2.95669211,0,1752656399999,0,3600,0,0,0
1752656400000,2.95669211,2.96347105,2.94546579,2.95193684,0,1752659999999,0,3600,0,0,0
1752660000000,2.95195263,2.96188947,2.94281053,2.94436316,0,1752663599999,0,3600,0,0,0
1752663600000,2.94431579,2.95548947,2.94422368,2.95139211,0,1752667199999,0,3600,0,0,0
1752667200000,2.95141316,2.97253947,2.94617105,2.96414737,0,1752670799999,0,3600,0,0,0
1752670800000,2.96442368,2.99446842,2.95693684,2.97916053,0,1752674399999,0,3600,0,0,0
1752674400000,2.97904737,2.99391053,2.95412895,2.99043158,0,1752677999999,0,3600,0,0,0
1752678000000,2.99045526,3.00656316,2.95433684,2.97635526,0,1752681599999,0,3600,0,0,0
1752681600000,2.97636316,3.00346316,2.96790263,2.99095789,0,1752685199999,0,3378,0,0,0
1752685200000,2.99112895,3.04720526,2.98731053,3.02360263,0,1752688799999,0,3238,0,0,0
1752688800000,3.02356842,3.07730789,3.01305526,3.05203158,0,1752692399999,0,3600,0,0,0
1752692400000,3.05228421,3.06277368,3.03343421,3.05846316,0,1752695999999,0,3600,0,0,0
1752696000000,3.05866316,3.09951842,3.04293158,3.06255263,0,1752699599999,0,3600,0,0,0
1752699600000,3.06253684,3.09336316,3.05355263,3.06539474,0,1752703199999,0,3600,0,0,0
1752703200000,3.06544737,3.08885789,3.04397105,3.05152632,0,1752706799999,0,3600,0,0,0
1752706800000,3.05217632,3.05587895,3.02236579,3.03758421,0,1752710399999,0,3600,0,0,0
