open_time,open,high,low,close,volume,close_time,quote_volume,count,taker_buy_volume,taker_buy_quote_volume,ignore
1700524800000,0.61219646,0.61768306,0.60608731,0.61356515,0,1700539199999,0,14400,0,0,0
1700539200000,0.61361794,0.61624627,0.60571172,0.60973241,0,1700553599999,0,14400,0,0,0
1700553600000,0.60979496,0.61708806,0.60757943,0.61115494,0,1700567999999,0,14400,0,0,0
1700568000000,0.61115496,0.61551523,0.59272869,0.60422686,0,1700582399999,0,14400,0,0,0
1700582400000,0.60411395,0.60614781,0.58026678,0.59500746,0,1700596799999,0,14400,0,0,0
1700596800000,0.59501235,0.60201836,0.57410649,0.57850650,0,1700611199999,0,14400,0,0,0
