open_time,open,high,low,close,volume,close_time,quote_volume,count,taker_buy_volume,taker_buy_quote_volume,ignore
1758672000000,2.82460526,2.84218158,2.82145789,2.82822368,0,1758675599999,0,3600,0,0,0
1758675600000,2.82822368,2.84300526,2.82460263,2.84101316,0,1758679199999,0,3600,0,0,0
1758679200000,2.84101316,2.84153421,2.82000789,2.82947368,0,1758682799999,0,3600,0,0,0
1758682800000,2.82948158,2.83467632,2.80582105,2.81426842,0,1758686399999,0,3600,0,0,0
1758686400000,2.81415789,2.84877105,2.79100789,2.84031053,0,1758689999999,0,3600,0,0,0
1758690000000,2.84031053,2.86053947,2.83826579,2.85717895,0,1758693599999,0,3600,0,0,0
1758693600000,2.85723158,2.86861579,2.85089211,2.85588947,0,1758697199999,0,3600,0,0,0
1758697200000,2.85583684,2.87735263,2.85441316,2.87357632,0,1758700799999,0,3600,0,0,0
1758700800000,2.87357632,2.87956316,2.86719474,2.87461316,0,1758704399999,0,3600,0,0,0
1758704400000,2.87456053,2.87906842,2.87018947,2.87372105,0,1758707999999,0,3600,0,0,0
1758708000000,2.87338947,2.87527105,2.86812632,2.87245263,0,1758711599999,0,3600,0,0,0
1758711600000,2.87245263,2.88421053,2.87185263,2.88030000,0,1758715199999,0,3600,0,0,0
1758715200000,2.88030789,2.88735000,2.87527895,2.87650789,0,1758718799999,0,3600,0,0,0
1758718800000,2.87660000,2.88665000,2.87186842,2.87650000,0,1758722399999,0,3600,0,0,0
1758722400000,2.87652105,2.92585789,2.87651579,2.91962105,0,1758725999999,0,3600,0,0,0
1758726000000,2.91963684,2.95055263,2.90835263,2.93932632,0,1758729599999,0,3600,0,0,0
1758729600000,2.93976053,2.95221842,2.92901316,2.94612105,0,1758733199999,0,3600,0,0,0
1758733200000,2.94612105,2.95538158,2.93452632,2.94376842,0,1758736799999,0,3600,0,0,0
1758736800000,2.94382105,2.95540789,2.94051579,2.95122368,0,1758740399999,0,3600,0,0,0
1758740400000,2.95122368,2.99534474,2.94757632,2.97704211,0,1758743999999,0,3600,0,0,0
1758744000000,2.97666842,2.97895263,2.95183421,2.96810789,0,1758747599999,0,3600,0,0,0
1758747600000,2.96815789,2.97570263,2.94128684,2.94368158,0,1758751199999,0,3600,0,0,0
1758751200000,2.94367368,2.95986842,2.93652105,2.94169211,0,1758754799999,0,3600,0,0,0
1758754800000,2.94186316,2.94790000,2.92337368,2.92558421,0,1758758399999,0,3600,0,0,0
