open_time,open,high,low,close,volume,close_time,quote_volume,count,taker_buy_volume,taker_buy_quote_volume,ignore
1749859200000,2.14740263,2.14948421,2.13803421,2.13995263,0,1749862799999,0,3600,0,0,0
1749862800000,2.13995263,2.14076842,2.13268158,2.13982632,0,1749866399999,0,3600,0,0,0
1749866400000,2.13981842,2.14558421,2.13853421,2.14181579,0,1749869999999,0,3600,0,0,0
1749870000000,2.14181579,2.16041579,2.14019474,2.15926316,0,1749873599999,0,3600,0,0,0
1749873600000,2.15916842,2.16958684,2.15852105,2.16346842,0,1749877199999,0,3600,0,0,0
1749877200000,2.16347632,2.16876053,2.15504737,2.15783421,0,1749880799999,0,3600,0,0,0
1749880800000,2.15782632,2.16168421,2.15039474,2.15553947,0,1749884399999,0,3600,0,0,0
1749884400000,2.15549474,2.16758158,2.14894737,2.16510789,0,1749887999999,0,3600,0,0,0
1749888000000,2.16510789,2.17852632,2.15783947,2.17312895,0,1749891599999,0,3600,0,0,0
1749891600000,2.17314474,2.17406842,2.16223158,2.16569211,0,1749895199999,0,3600,0,0,0
1749895200000,2.16571579,2.17240526,2.16150000,2.16963421,0,1749898799999,0,3600,0,0,0
1749898800000,2.16963421,2.17771053,2.16725526,2.17672105,0,1749902399999,0,3600,0,0,0
1749902400000,2.17677368,2.17781842,2.16487368,2.17207368,0,1749905999999,0,3600,0,0,0
1749906000000,2.17207368,2.17592632,2.16016842,2.16520000,0,1749909599999,0,3600,0,0,0
1749909600000,2.16524474,2.16901316,2.16096842,2.16450000,0,1749913199999,0,3600,0,0,0
1749913200000,2.16450000,2.16812895,2.14491842,2.14899211,0,1749916799999,0,3600,0,0,0
1749916800000,2.14899211,2.15130789,2.11680789,2.12445789,0,1749920399999,0,3600,0,0,0
1749920400000,2.12446579,2.14011053,2.12227105,2.13049737,0,1749923999999,0,3600,0,0,0
1749924000000,2.13044474,2.14006316,2.11513421,2.12726842,0,1749927599999,0,3600,0,0,0
1749927600000,2.12727632,2.13701053,2.12284474,2.12492895,0,1749931199999,0,3600,0,0,0
1749931200000,2.12473421,2.13066579,2.10963684,2.12721579,0,1749934799999,0,3600,0,0,0
1749934800000,2.12722368,2.14333421,2.12509211,2.13817632,0,1749938399999,0,3600,0,0,0
1749938400000,2.13828684,2.14344211,2.13504474,2.13844474,0,1749941999999,0,3600,0,0,0
1749942000000,2.13845263,2.14620526,2.13782895,2.13937105,0,1749945599999,0,3600,0,0,0
