open_time,open,high,low,close,volume,close_time,quote_volume,count,taker_buy_volume,taker_buy_quote_volume,ignore
1738368000000,3.03612211,3.07247447,3.02643342,3.03982632,0,1738382399999,0,14400,0,0,0
1738382400000,3.03989026,3.05745368,3.02803421,3.03066263,0,1738396799999,0,14400,0,0,0
1738396800000,3.03068632,3.03919895,2.94839000,2.99453684,0,1738411199999,0,14400,0,0,0
1738411200000,2.99457789,3.00787105,2.95081921,2.97315368,0,1738425599999,0,14400,0,0,0
1738425600000,2.97315368,3.00145079,2.90814842,2.93869816,0,1738439999999,0,14400,0,0,0
1738440000000,2.93865079,2.94476632,2.82834474,2.87819342,0,1738454399999,0,14400,0,0,0
