open_time,open,high,low,close,volume,close_time,quote_volume,count,taker_buy_volume,taker_buy_quote_volume,ignore
1716508800000,0.52883960,0.53499894,0.52598951,0.53057743,0,1716523199999,0,14399,0,0,0
1716523200000,0.53057816,0.53169687,0.51690666,0.52289801,0,1716537599999,0,14400,0,0,0
1716537600000,0.52284923,0.53173386,0.51795571,0.52777227,0,1716551999999,0,14400,0,0,0
1716552000000,0.52777226,0.53731687,0.52688479,0.53269582,0,1716566399999,0,14400,0,0,0
1716566400000,0.53269582,0.53408733,0.53000885,0.53306884,0,1716580799999,0,14400,0,0,0
1716580800000,0.53306810,0.53634144,0.53121667,0.53593673,0,1716595199999,0,14400,0,0,0
