open_time,open,high,low,close,volume,close_time,quote_volume,count,taker_buy_volume,taker_buy_quote_volume,ignore
1759536000000,3.04006579,3.05211316,3.03854211,3.04317105,0,1759539599999,0,3600,0,0,0
1759539600000,3.04317105,3.04514474,3.01998421,3.02355526,0,1759543199999,0,3600,0,0,0
1759543200000,3.02357895,3.03318684,3.01654737,3.02057632,0,1759546799999,0,3600,0,0,0
1759546800000,3.02057632,3.02357895,3.00843684,3.02334474,0,1759550399999,0,3600,0,0,0
1759550400000,3.02329211,3.02621579,3.01467895,3.01801579,0,1759553999999,0,3600,0,0,0
1759554000000,3.01802368,3.02932632,3.01690789,3.02411579,0,1759557599999,0,3600,0,0,0
1759557600000,3.02406316,3.03029737,3.02276316,3.02664737,0,1759561199999,0,3600,0,0,0
1759561200000,3.02672368,3.03155526,3.01753947,3.01804737,0,1759564799999,0,3600,0,0,0
1759564800000,3.01799474,3.02165789,2.99462895,3.00056842,0,1759568399999,0,3600,0,0,0
1759568400000,3.00051579,3.00746842,2.99531053,2.99633947,0,1759571999999,0,3600,0,0,0
1759572000000,2.99633947,3.00510789,2.98335263,2.98756842,0,1759575599999,0,3600,0,0,0
1759575600000,2.98751579,2.99366316,2.98308158,2.99047105,0,1759579199999,0,3600,0,0,0
1759579200000,2.99046316,2.99507632,2.98297105,2.98431842,0,1759582799999,0,3600,0,0,0
1759582800000,2.98431842,3.00638684,2.98360000,2.99275526,0,1759586399999,0,3600,0,0,0
1759586400000,2.99272895,2.99857632,2.96603421,2.96665526,0,1759589999999,0,3600,0,0,0
1759590000000,2.96668947,2.97250789,2.94156316,2.94883684,0,1759593599999,0,3600,0,0,0
1759593600000,2.94889211,2.95497105,2.93935526,2.94630263,0,1759597199999,0,3600,0,0,0
1759597200000,2.94622368,2.95662105,2.94229474,2.94817632,0,1759600799999,0,3600,0,0,0
1759600800000,2.94817632,2.94891579,2.94041842,2.94359474,0,1759604399999,0,3600,0,0,0
1759604400000,2.94359474,2.95155789,2.94222368,2.95004474,0,1759607999999,0,3600,0,0,0
1759608000000,2.95008421,2.95793947,2.94662368,2.94710526,0,1759611599999,0,3600,0,0,0
1759611600000,2.94713158,2.96508158,2.94605526,2.96127105,0,1759615199999,0,3600,0,0,0
1759615200000,2.96127105,2.97122895,2.95380263,2.96912105,0,1759618799999,0,3600,0,0,0
1759618800000,2.96912105,2.97294474,2.96265263,2.96863684,0,1759622399999,0,3600,0,0,0
