open_time,open,high,low,close,volume,close_time,quote_volume,count,taker_buy_volume,taker_buy_quote_volume,ignore
1723161600000,0.61651999,0.62443983,0.60890904,0.61477115,0,1723175999999,0,14400,0,0,0
1723176000000,0.61481993,0.61684639,0.59776029,0.60303775,0,1723190399999,0,14400,0,0,0
1723190400000,0.60303775,0.60503955,0.58299835,0.58668482,0,1723204799999,0,14400,0,0,0
1723204800000,0.58672139,0.58860730,0.56800768,0.57318624,0,1723219199999,0,14400,0,0,0
1723219200000,0.57319221,0.58421914,0.57203068,0.58115560,0,1723233599999,0,14400,0,0,0
1723233600000,0.58116459,0.58264706,0.57350825,0.58060863,0,1723247999999,0,14400,0,0,0
