open_time,open,high,low,close,volume,close_time,quote_volume,count,taker_buy_volume,taker_buy_quote_volume,ignore
1704153600000,0.62943050,0.63536656,0.62887377,0.63379439,0,1704167999999,0,14400,0,0,0
1704168000000,0.63385055,0.63432514,0.62794532,0.63066697,0,1704182399999,0,14400,0,0,0
1704182400000,0.63071577,0.64020041,0.62911603,0.63200773,0,1704196799999,0,14400,0,0,0
1704196800000,0.63205651,0.63393824,0.62201806,0.62545433,0,1704211199999,0,14400,0,0,0
1704211200000,0.62546165,0.62883103,0.62147026,0.62756345,0,1704225599999,0,14400,0,0,0
1704225600000,0.62756343,0.62893845,0.62377814,0.62443326,0,1704239999999,0,14400,0,0,0
