open_time,open,high,low,close,volume,close_time,quote_volume,count,taker_buy_volume,taker_buy_quote_volume,ignore
1693526400000,0.51093070,0.51184342,0.50737466,0.51043340,0,1693540799999,0,14400,0,0,0
1693540800000,0.51043340,0.51074250,0.50265911,0.50454093,0,1693555199999,0,14400,0,0,0
1693555200000,0.50454093,0.50766769,0.50233122,0.50703995,0,1693569599999,0,14400,0,0,0
1693569600000,0.50703998,0.50826861,0.49937904,0.50162176,0,1693583999999,0,14400,0,0,0
1693584000000,0.50162179,0.50219677,0.48721878,0.49217144,0,1693598399999,0,14400,0,0,0
1693598400000,0.49217482,0.49873236,0.49173602,0.49794590,0,1693612799999,0,14400,0,0,0
