open_time,open,high,low,close,volume,close_time,quote_volume,count,taker_buy_volume,taker_buy_quote_volume,ignore
1750118400000,2.23806579,2.25691316,2.20232895,2.24898684,0,1750132799999,0,14400,0,0,0
1750132800000,2.24917632,2.25286842,2.22629737,2.23552368,0,1750147199999,0,14400,0,0,0
1750147200000,2.23549211,2.23857368,2.18816053,2.19389474,0,1750161599999,0,14400,0,0,0
1750161600000,2.19391579,2.22489211,2.16367632,2.17954474,0,1750175999999,0,14400,0,0,0
1750176000000,2.17951579,2.20357368,2.14252895,2.18328421,0,1750190399999,0,14400,0,0,0
1750190400000,2.18319211,2.19062368,2.14446316,2.15900789,0,1750204799999,0,14400,0,0,0
