open_time,open,high,low,close,volume,close_time,quote_volume,count,taker_buy_volume,taker_buy_quote_volume,ignore
1759708800000,2.96962895,2.99124474,2.95537105,2.96312895,0,1759712399999,0,3600,0,0,0
1759712400000,2.96310789,2.98760526,2.95536053,2.97943684,0,1759715999999,0,3600,0,0,0
1759716000000,2.97943947,2.99126053,2.96160789,2.98213421,0,1759719599999,0,3600,0,0,0
1759719600000,2.98195263,2.98402105,2.97376053,2.97796053,0,1759723199999,0,3600,0,0,0
1759723200000,2.97796053,2.98202105,2.96581053,2.96780789,0,1759726799999,0,3600,0,0,0
1759726800000,2.96780000,2.97609737,2.96237895,2.97332368,0,1759730399999,0,3600,0,0,0
1759730400000,2.97331579,2.99964211,2.97329211,2.99025263,0,1759733999999,0,3600,0,0,0
1759734000000,2.99020000,2.99735000,2.96531053,2.97372368,0,1759737599999,0,3600,0,0,0
1759737600000,2.97370789,2.99140263,2.97370789,2.98751053,0,1759741199999,0,3600,0,0,0
1759741200000,2.98751053,2.99435789,2.98630000,2.99155000,0,1759744799999,0,3600,0,0,0
1759744800000,2.99155000,2.99639211,2.98506053,2.99337895,0,1759748399999,0,3600,0,0,0
1759748400000,2.99337895,3.00843684,2.98589737,2.99516316,0,1759751999999,0,3600,0,0,0
1759752000000,2.99516316,3.00918421,2.99515526,3.00138158,0,1759755599999,0,3600,0,0,0
1759755600000,3.00134211,3.00962632,2.98987368,3.00883947,0,1759759199999,0,3600,0,0,0
1759759200000,3.00884737,3.02145526,2.98460526,2.98760789,0,1759762799999,0,3600,0,0,0
1759762800000,2.98760789,3.03873684,2.98751579,3.03115526,0,1759766399999,0,3600,0,0,0
1759766400000,3.03124474,3.04024211,3.02192632,3.03292105,0,1759769999999,0,3600,0,0,0
1759770000000,3.03281842,3.04692368,3.02829737,3.03632895,0,1759773599999,0,3600,0,0,0
1759773600000,3.03627632,3.04779737,3.03287368,3.04519211,0,1759777199999,0,3600,0,0,0
1759777200000,3.04503421,3.05014474,3.02337632,3.02454474,0,1759780799999,0,3600,0,0,0
1759780800000,3.02460263,3.03352895,3.00738421,3.00891053,0,1759784399999,0,3600,0,0,0
1759784400000,3.00889211,3.01529211,2.99799474,3.00682895,0,1759787999999,0,3600,0,0,0
1759788000000,3.00687632,3.01218684,2.99273158,3.00082895,0,1759791599999,0,3600,0,0,0
1759791600000,3.00081316,3.00223684,2.98696053,2.98813158,0,1759795199999,0,3600,0,0,0
