open_time,open,high,low,close,volume,close_time,quote_volume,count,taker_buy_volume,taker_buy_quote_volume,ignore
1731196800000,0.55917200,0.56082317,0.55559926,0.55901195,0,1731200399999,0,3600,0,0,0
1731200400000,0.55901195,0.57270651,0.55822484,0.57186154,0,1731203999999,0,3600,0,0,0
1731204000000,0.57190814,0.57316160,0.56912238,0.56993022,0,1731207599999,0,3600,0,0,0
1731207600000,0.56991780,0.57477496,0.56856914,0.57138895,0,1731211199999,0,3600,0,0,0
1731211200000,0.57143773,0.57775620,0.57051596,0.57713036,0,1731214799999,0,3600,0,0,0
1731214800000,0.57717890,0.59220481,0.57446268,0.58471681,0,1731218399999,0,3600,0,0,0
1731218400000,0.58470681,0.58796724,0.57781608,0.58063792,0,1731221999999,0,3600,0,0,0
1731222000000,0.58068671,0.58619113,0.57972743,0.58538699,0,1731225599999,0,3600,0,0,0
1731225600000,0.58538699,0.58778976,0.58128616,0.58420459,0,1731229199999,0,3600,0,0,0
1731229200000,0.58420899,0.58654253,0.58240051,0.58503007,0,1731232799999,0,3600,0,0,0
1731232800000,0.58498787,0.58751300,0.58403940,0.58631754,0,1731236399999,0,3600,0,0,0
1731236400000,0.58632046,0.58682634,0.58260011,0.58658051,0,1731239999999,0,3600,0,0,0
1731240000000,0.58653001,0.61034072,0.58223081,0.60677363,0,1731243599999,0,3600,0,0,0
1731243600000,0.60682464,0.61821789,0.60471598,0.61017354,0,1731247199999,0,3600,0,0,0
1731247200000,0.61021086,0.61338495,0.59455639,0.59894808,0,1731250799999,0,3600,0,0,0
1731250800000,0.59889345,0.60476361,0.59714398,0.60453916,0,1731254399999,0,3600,0,0,0
1731254400000,0.60459600,0.60576674,0.59889738,0.60441712,0,1731257999999,0,3600,0,0,0
1731258000000,0.60441639,0.61162249,0.60310798,0.60592026,0,1731261599999,0,3600,0,0,0
1731261600000,0.60591184,0.61103684,0.60591184,0.60777325,0,1731265199999,0,3600,0,0,0
1731265200000,0.60800241,0.61594453,0.59198878,0.59566048,0,1731268799999,0,3600,0,0,0
1731268800000,0.59567292,0.59821231,0.58002980,0.58017354,0,1731272399999,0,3600,0,0,0
1731272400000,0.58016622,0.58777723,0.56295813,0.58653049,0,1731275999999,0,3600,0,0,0
1731276000000,0.58653780,0.59496037,0.58503309,0.59000603,0,1731279599999,0,3600,0,0,0
1731279600000,0.59000603,0.59037581,0.58604739,0.58836737,0,1731283199999,0,3600,0,0,0
