open_time,open,high,low,close,volume,close_time,quote_volume,count,taker_buy_volume,taker_buy_quote_volume,ignore
1774569600000,1.36087177,1.37256258,1.35820230,1.36415247,0,1774583999999,0,14400,0,0,0
1774584000000,1.36415064,1.36854562,1.35613207,1.35894416,0,1774598399999,0,14400,0,0,0
1774598400000,1.35899068,1.36064329,1.32719950,1.33506081,0,1774612799999,0,14400,0,0,0
1774612800000,1.33507665,1.34585897,1.32636519,1.33591725,0,1774627199999,0,14400,0,0,0
1774627200000,1.33592211,1.33712862,1.31850624,1.32549589,0,1774641599999,0,14400,0,0,0
1774641600000,1.32544161,1.33273384,1.32035967,1.32574114,0,1774655999999,0,14400,0,0,0
