open_time,open,high,low,close,volume,close_time,quote_volume,count,taker_buy_volume,taker_buy_quote_volume,ignore
1693353600000,0.53977148,0.54034469,0.53038861,0.53389854,0,1693367999999,0,14400,0,0,0
1693368000000,0.53389854,0.53575120,0.52953363,0.53220934,0,1693382399999,0,14400,0,0,0
1693382400000,0.53221980,0.53351117,0.52790621,0.52948169,0,1693396799999,0,14400,0,0,0
1693396800000,0.52952820,0.53124468,0.52171604,0.52401207,0,1693411199999,0,14400,0,0,0
1693411200000,0.52401207,0.52808293,0.52333877,0.52729713,0,1693425599999,0,14400,0,0,0
1693425600000,0.52725548,0.52962243,0.52711130,0.52836108,0,1693439999999,0,14400,0,0,0
