open_time,open,high,low,close,volume,close_time,quote_volume,count,taker_buy_volume,taker_buy_quote_volume,ignore
1745020800000,2.06187553,2.08651237,2.05875684,2.08458000,0,1745035199999,0,14400,0,0,0
1745035200000,2.08458000,2.09465868,2.07744289,2.08914263,0,1745049599999,0,14400,0,0,0
1745049600000,2.08913474,2.09741947,2.08029105,2.08144658,0,1745063999999,0,14400,0,0,0
1745064000000,2.08144658,2.09277579,2.07630368,2.07734816,0,1745078399999,0,14400,0,0,0
1745078400000,2.07734816,2.09475500,2.06572553,2.08369342,0,1745092799999,0,14400,0,0,0
1745092800000,2.08374605,2.09191421,2.08037421,2.08779289,0,1745107199999,0,14400,0,0,0
