open_time,open,high,low,close,volume,close_time,quote_volume,count,taker_buy_volume,taker_buy_quote_volume,ignore
1711843200000,0.62118179,0.62577816,0.62051061,0.62235907,0,1711857599999,0,14400,0,0,0
1711857600000,0.62230554,0.62817164,0.62116425,0.62730469,0,1711871999999,0,14400,0,0,0
1711872000000,0.62725591,0.62881513,0.62447638,0.62639165,0,1711886399999,0,14400,0,0,0
1711886400000,0.62639166,0.62867933,0.62549286,0.62655054,0,1711900799999,0,14400,0,0,0
1711900800000,0.62655054,0.63001600,0.62489443,0.62875390,0,1711915199999,0,14400,0,0,0
1711915200000,0.62863678,0.62971506,0.62512387,0.62922314,0,1711929599999,0,14400,0,0,0
