open_time,open,high,low,close,volume,close_time,quote_volume,count,taker_buy_volume,taker_buy_quote_volume,ignore
1681689600000,0.52083649,0.52096322,0.50869816,0.51305915,0,1681703999999,0,14400,0,0,0
1681704000000,0.51305992,0.51601185,0.51082272,0.51268437,0,1681718399999,0,14400,0,0,0
1681718400000,0.51273831,0.51499743,0.51082947,0.51266717,0,1681732799999,0,14400,0,0,0
1681732800000,0.51264721,0.51403041,0.50670368,0.50798082,0,1681747199999,0,14400,0,0,0
1681747200000,0.50798080,0.51188417,0.50722731,0.51028823,0,1681761599999,0,14400,0,0,0
1681761600000,0.51028887,0.51290670,0.50935592,0.51091468,0,1681775999999,0,14400,0,0,0
