open_time,open,high,low,close,volume,close_time,quote_volume,count,taker_buy_volume,taker_buy_quote_volume,ignore
1672617600000,0.33869160,0.33946260,0.29995795,0.32866236,0,1672631999999,0,14400,0,0,0
1672632000000,0.32858635,0.33920502,0.32640187,0.33773750,0,1672646399999,0,14400,0,0,0
1672646400000,0.33774083,0.34730481,0.33768890,0.34442004,0,1672660799999,0,14400,0,0,0
1672660800000,0.34448791,0.35184817,0.34219106,0.35117920,0,1672675199999,0,14400,0,0,0
1672675200000,0.35117906,0.35497503,0.34962888,0.35154979,0,1672689599999,0,14400,0,0,0
1672689600000,0.35154997,0.35478617,0.34751552,0.34820100,0,1672703999999,0,14400,0,0,0
