open_time,open,high,low,close,volume,close_time,quote_volume,count,taker_buy_volume,taker_buy_quote_volume,ignore
1784073600000,1.11171521,1.11223984,1.09901045,1.10420697,0,1784087999999,0,14400,0,0,0
1784088000000,1.10420625,1.11344127,1.09979822,1.10380800,0,1784102399999,0,14400,0,0,0
1784102400000,1.10380743,1.11247441,1.10335815,1.10834406,0,1784116799999,0,14400,0,0,0
1784116800000,1.10834780,1.13002296,1.10559233,1.12628564,0,1784131199999,0,14400,0,0,0
1784131200000,1.12628154,1.12700485,1.10806026,1.10985713,0,1784145599999,0,14400,0,0,0
1784145600000,1.10993525,1.11873040,1.10890902,1.11328335,0,1784159999999,0,14400,0,0,0
