open_time,open,high,low,close,volume,close_time,quote_volume,count,taker_buy_volume,taker_buy_quote_volume,ignore
1713052800000,0.47869750,0.48332390,0.46376017,0.46988156,0,1713067199999,0,14400,0,0,0
1713067200000,0.46987936,0.49881355,0.46780780,0.49550958,0,1713081599999,0,14400,0,0,0
1713081600000,0.49549786,0.49846117,0.48011769,0.48255809,0,1713095999999,0,14400,0,0,0
1713096000000,0.48255737,0.49293970,0.47931202,0.48676564,0,1713110399999,0,14400,0,0,0
1713110400000,0.48676931,0.49557806,0.47341030,0.48993730,0,1713124799999,0,14400,0,0,0
1713124800000,0.48993730,0.50725028,0.48449968,0.50324363,0,1713139199999,0,14400,0,0,0
