open_time,open,high,low,close,volume,close_time,quote_volume,count,taker_buy_volume,taker_buy_quote_volume,ignore
1669248000000,0.38150023,0.38403467,0.37809467,0.38249072,0,1669262399999,0,14400,0,0,0
1669262400000,0.38248205,0.38428091,0.37969198,0.38054306,0,1669276799999,0,14400,0,0,0
1669276800000,0.38054452,0.38156996,0.37424419,0.37866771,0,1669291199999,0,14400,0,0,0
1669291200000,0.37860032,0.39383578,0.37791646,0.38927635,0,1669305599999,0,14400,0,0,0
1669305600000,0.38927373,0.40383317,0.38679010,0.40316889,0,1669319999999,0,14400,0,0,0
1669320000000,0.40317659,0.40486112,0.39779050,0.40189954,0,1669334399999,0,14400,0,0,0
