open_time,open,high,low,close,volume,close_time,quote_volume,count,taker_buy_volume,taker_buy_quote_volume,ignore
1730851200000,0.51401560,0.52146665,0.51394818,0.52022386,0,1730854799999,0,3600,0,0,0
1730854800000,0.52022386,0.52227092,0.51802708,0.51993763,0,1730858399999,0,3600,0,0,0
1730858400000,0.51988658,0.53091857,0.51900572,0.52946329,0,1730861999999,0,3600,0,0,0
1730862000000,0.52946018,0.53736045,0.52890960,0.53406699,0,1730865599999,0,3600,0,0,0
1730865600000,0.53403770,0.53815003,0.53082765,0.53575690,0,1730869199999,0,3600,0,0,0
1730869200000,0.53566252,0.53651295,0.53025922,0.53276850,0,1730872799999,0,3600,0,0,0
1730872800000,0.53276574,0.54239862,0.53276574,0.53576375,0,1730876399999,0,3600,0,0,0
1730876400000,0.53575292,0.54257384,0.53399946,0.53624838,0,1730879999999,0,3600,0,0,0
1730880000000,0.53626726,0.53739165,0.52653468,0.53199368,0,1730883599999,0,3600,0,0,0
1730883600000,0.53199295,0.53588197,0.53181074,0.53375429,0,1730887199999,0,3600,0,0,0
1730887200000,0.53375428,0.53573232,0.53093014,0.53544184,0,1730890799999,0,3600,0,0,0
1730890800000,0.53544184,0.53587041,0.53365659,0.53432717,0,1730894399999,0,3600,0,0,0
1730894400000,0.53432651,0.53583809,0.53241063,0.53251441,0,1730897999999,0,3600,0,0,0
1730898000000,0.53251441,0.53317150,0.52984976,0.53226777,0,1730901599999,0,3600,0,0,0
1730901600000,0.53226777,0.53312147,0.52720565,0.52814974,0,1730905199999,0,3600,0,0,0
1730905200000,0.52831329,0.53209533,0.52766202,0.53067918,0,1730908799999,0,3600,0,0,0
1730908800000,0.53067918,0.53269439,0.53017704,0.53248557,0,1730912399999,0,3600,0,0,0
1730912400000,0.53249289,0.53391045,0.53124542,0.53219369,0,1730915999999,0,3600,0,0,0
1730916000000,0.53219368,0.53547648,0.53199601,0.53503197,0,1730919599999,0,3600,0,0,0
1730919600000,0.53498319,0.53619386,0.53323443,0.53619182,0,1730923199999,0,3600,0,0,0
1730923200000,0.53619354,0.54178406,0.53555127,0.54140281,0,1730926799999,0,3600,0,0,0
1730926800000,0.54131759,0.54472802,0.54050172,0.54376792,0,1730930399999,0,3600,0,0,0
1730930400000,0.54377421,0.54676811,0.54155583,0.54579219,0,1730933999999,0,3600,0,0,0
1730934000000,0.54579218,0.54606694,0.54164363,0.54188774,0,1730937599999,0,3600,0,0,0
