open_time,open,high,low,close,volume,close_time,quote_volume,count,taker_buy_volume,taker_buy_quote_volume,ignore
1670630400000,0.38887952,0.38917495,0.38752834,0.38838811,0,1670633999999,0,3600,0,0,0
1670634000000,0.38841455,0.38895131,0.38746564,0.38757007,0,1670637599999,0,3600,0,0,0
1670637600000,0.38757002,0.38840863,0.38722980,0.38837769,0,1670641199999,0,3600,0,0,0
1670641200000,0.38838378,0.38843419,0.38789687,0.38799541,0,1670644799999,0,3600,0,0,0
1670644800000,0.38799504,0.38800872,0.38692414,0.38713345,0,1670648399999,0,3600,0,0,0
1670648400000,0.38713337,0.38782062,0.38704519,0.38716837,0,1670651999999,0,3600,0,0,0
1670652000000,0.38716836,0.38817732,0.38707873,0.38816995,0,1670655599999,0,3600,0,0,0
1670655600000,0.38817008,0.38856689,0.38767126,0.38794276,0,1670659199999,0,3600,0,0,0
1670659200000,0.38794278,0.38805114,0.38631149,0.38631596,0,1670662799999,0,3600,0,0,0
1670662800000,0.38629533,0.38795052,0.38601017,0.38759463,0,1670666399999,0,3600,0,0,0
1670666400000,0.38767914,0.38797821,0.38720959,0.38743948,0,1670669999999,0,3600,0,0,0
1670670000000,0.38742496,0.38798216,0.38741966,0.38779955,0,1670673599999,0,3600,0,0,0
1670673600000,0.38786711,0.38865468,0.38743161,0.38759079,0,1670677199999,0,3600,0,0,0
1670677200000,0.38759319,0.38824618,0.38702827,0.38742682,0,1670680799999,0,3600,0,0,0
1670680800000,0.38742682,0.38866402,0.38720078,0.38820004,0,1670684399999,0,3600,0,0,0
1670684400000,0.38820887,0.38917295,0.38800725,0.38917295,0,1670687999999,0,3600,0,0,0
1670688000000,0.38918864,0.38927474,0.38774723,0.38774933,0,1670691599999,0,3600,0,0,0
1670691600000,0.38774945,0.38828445,0.38665514,0.38718581,0,1670695199999,0,3600,0,0,0
1670695200000,0.38718547,0.38798710,0.38694363,0.38711205,0,1670698799999,0,3600,0,0,0
1670698800000,0.38711281,0.38765877,0.38692751,0.38733145,0,1670702399999,0,3600,0,0,0
1670702400000,0.38733336,0.38788219,0.38729403,0.38743496,0,1670705999999,0,3600,0,0,0
1670706000000,0.38743479,0.38776950,0.38629818,0.38630970,0,1670709599999,0,3600,0,0,0
1670709600000,0.38630972,0.38700076,0.38551409,0.38625848,0,1670713199999,0,3600,0,0,0
1670713200000,0.38625853,0.38723300,0.38543184,0.38656877,0,1670716799999,0,3600,0,0,0
