open_time,open,high,low,close,volume,close_time,quote_volume,count,taker_buy_volume,taker_buy_quote_volume,ignore
1744588800000,2.11943737,2.17997342,2.11241342,2.14013947,0,1744603199999,0,14400,0,0,0
1744603200000,2.14018684,2.15932026,2.10429579,2.12799316,0,1744617599999,0,14400,0,0,0
1744617600000,2.12800895,2.15653184,2.11691447,2.15622711,0,1744631999999,0,14398,0,0,0
1744632000000,2.15613500,2.17781684,2.11108816,2.11648895,0,1744646399999,0,14400,0,0,0
1744646400000,2.11639368,2.16494868,2.10598000,2.15152763,0,1744660799999,0,14400,0,0,0
1744660800000,2.15178026,2.15717605,2.12285447,2.12754395,0,1744675199999,0,14400,0,0,0
