open_time,open,high,low,close,volume,close_time,quote_volume,count,taker_buy_volume,taker_buy_quote_volume,ignore
1724976000000,0.56188551,0.56431699,0.56036445,0.56373081,0,1724979599999,0,3600,0,0,0
1724979600000,0.56373079,0.56510549,0.56257454,0.56435530,0,1724983199999,0,3600,0,0,0
1724983200000,0.56440409,0.56484119,0.56280803,0.56456247,0,1724986799999,0,3600,0,0,0
1724986800000,0.56456467,0.56456467,0.56088810,0.56173673,0,1724990399999,0,3600,0,0,0
1724990400000,0.56175138,0.56408075,0.56153405,0.56313475,0,1724993999999,0,3600,0,0,0
1724994000000,0.56313475,0.56320372,0.55888415,0.55901476,0,1724997599999,0,3600,0,0,0
1724997600000,0.55901476,0.56359186,0.55886259,0.56330380,0,1725001199999,0,3600,0,0,0
1725001200000,0.56335257,0.56550727,0.56171983,0.56428851,0,1725004799999,0,3600,0,0,0
1725004800000,0.56428853,0.56523001,0.56328780,0.56341222,0,1725008399999,0,3600,0,0,0
1725008400000,0.56346100,0.56444078,0.56249012,0.56334981,0,1725011999999,0,3600,0,0,0
1725012000000,0.56334983,0.56544657,0.56142723,0.56444341,0,1725015599999,0,3600,0,0,0
1725015600000,0.56449219,0.56516292,0.56320851,0.56370996,0,1725019199999,0,3600,0,0,0
1725019200000,0.56375875,0.56733734,0.56340445,0.56529270,0,1725022799999,0,3600,0,0,0
1725022800000,0.56534148,0.56564135,0.55870599,0.56187588,0,1725026399999,0,3600,0,0,0
1725026400000,0.56188336,0.56306394,0.55571078,0.55584705,0,1725029999999,0,3600,0,0,0
1725030000000,0.55588366,0.55702928,0.54630281,0.54829368,0,1725033599999,0,3600,0,0,0
1725033600000,0.54830074,0.55633476,0.54642157,0.55633476,0,1725037199999,0,3600,0,0,0
1725037200000,0.55662181,0.55887797,0.55462550,0.55585575,0,1725040799999,0,3600,0,0,0
1725040800000,0.55585575,0.56226129,0.55585575,0.56173215,0,1725044399999,0,3600,0,0,0
1725044400000,0.56173213,0.56288561,0.55857493,0.56178256,0,1725047999999,0,3600,0,0,0
1725048000000,0.56177278,0.56297954,0.56033595,0.56244059,0,1725051599999,0,3600,0,0,0
1725051600000,0.56244060,0.56626719,0.56183916,0.56571116,0,1725055199999,0,3600,0,0,0
1725055200000,0.56575996,0.56720747,0.56574106,0.56624106,0,1725058799999,0,3600,0,0,0
1725058800000,0.56628983,0.56756491,0.56595378,0.56675329,0,1725062399999,0,3600,0,0,0
