open_time,open,high,low,close,volume,close_time,quote_volume,count,taker_buy_volume,taker_buy_quote_volume,ignore
1762387200000,2.34322105,2.41470789,2.31003684,2.35878421,0,1762401599999,0,14400,0,0,0
1762401600000,2.35879211,2.36455789,2.31259211,2.32669474,0,1762415999999,0,14398,0,0,0
1762416000000,2.32658421,2.33344211,2.28903947,2.30025263,0,1762430399999,0,14400,0,0,0
1762430400000,2.30038947,2.31034737,2.22853158,2.23467105,0,1762444799999,0,14399,0,0,0
1762444800000,2.23456316,2.24911053,2.20310000,2.21173947,0,1762459199999,0,14400,0,0,0
1762459200000,2.21173947,2.22494737,2.18048684,2.21321316,0,1762473599999,0,14400,0,0,0
