open_time,open,high,low,close,volume,close_time,quote_volume,count,taker_buy_volume,taker_buy_quote_volume,ignore
1752451200000,2.83601316,2.94626316,2.82107895,2.92666579,0,1752465599999,0,14400,0,0,0
1752465600000,2.92662895,2.97908158,2.87986579,2.95612105,0,1752479999999,0,14400,0,0,0
1752480000000,2.95632895,3.02125789,2.92820263,2.97759211,0,1752494399999,0,14400,0,0,0
1752494400000,2.97746579,3.03192632,2.91038158,2.94734737,0,1752508799999,0,14400,0,0,0
1752508800000,2.94663158,3.00205789,2.91090789,2.92987632,0,1752523199999,0,14400,0,0,0
1752523200000,2.92987632,2.96354474,2.87672368,2.95863158,0,1752537599999,0,14400,0,0,0
