open_time,open,high,low,close,volume,close_time,quote_volume,count,taker_buy_volume,taker_buy_quote_volume,ignore
1721433600000,0.57315456,0.58258696,0.57072635,0.58158104,0,1721447999999,0,14400,0,0,0
1721448000000,0.58158836,0.60443541,0.58011024,0.59520977,0,1721462399999,0,14400,0,0,0
1721462400000,0.59521343,0.59678064,0.58582545,0.59134118,0,1721476799999,0,14400,0,0,0
1721476800000,0.59138998,0.59665856,0.58629934,0.59139652,0,1721491199999,0,14400,0,0,0
1721491200000,0.59144529,0.59757603,0.58716085,0.59157748,0,1721505599999,0,14400,0,0,0
1721505600000,0.59157748,0.59770666,0.58948182,0.59365935,0,1721519999999,0,14400,0,0,0
