open_time,open,high,low,close,volume,close_time,quote_volume,count,taker_buy_volume,taker_buy_quote_volume,ignore
1719964800000,0.48539429,0.48701481,0.47758598,0.48057645,0,1719979199999,0,14400,0,0,0
1719979200000,0.48057883,0.48340095,0.47902524,0.48262518,0,1719993599999,0,14400,0,0,0
1719993600000,0.48261823,0.48534097,0.48102269,0.48226199,0,1720007999999,0,14400,0,0,0
1720008000000,0.48226200,0.48237297,0.47117507,0.47146551,0,1720022399999,0,14400,0,0,0
1720022400000,0.47151000,0.47176864,0.46162146,0.46276653,0,1720036799999,0,14400,0,0,0
1720036800000,0.46271097,0.46768388,0.46236323,0.46717929,0,1720051199999,0,14400,0,0,0
