open_time,open,high,low,close,volume,close_time,quote_volume,count,taker_buy_volume,taker_buy_quote_volume,ignore
1752105600000,2.40368158,2.43677105,2.39443158,2.42032632,0,1752119999999,0,14400,0,0,0
1752120000000,2.42033421,2.44181316,2.41080526,2.43689737,0,1752134399999,0,14400,0,0,0
1752134400000,2.43689737,2.46143421,2.42740526,2.45253421,0,1752148799999,0,14399,0,0,0
1752148800000,2.45267895,2.45941316,2.41903684,2.45372895,0,1752163199999,0,14400,0,0,0
1752163200000,2.45373684,2.51183684,2.44715789,2.50018421,0,1752177599999,0,14400,0,0,0
1752177600000,2.50027105,2.56740789,2.49222368,2.54718684,0,1752191999999,0,14400,0,0,0
