open_time,open,high,low,close,volume,close_time,quote_volume,count,taker_buy_volume,taker_buy_quote_volume,ignore
1769904000000,1.64709922,1.67976957,1.64370896,1.66679317,0,1769918399999,0,14400,0,0,0
1769918400000,1.66682047,1.67391339,1.64730645,1.65910531,0,1769932799999,0,14400,0,0,0
1769932800000,1.65913367,1.67769142,1.63253495,1.64982510,0,1769947199999,0,14400,0,0,0
1769947200000,1.64981801,1.65213511,1.57652501,1.59467744,0,1769961599999,0,14400,0,0,0
1769961600000,1.59467634,1.62627423,1.58200436,1.60003919,0,1769975999999,0,14400,0,0,0
1769976000000,1.59997298,1.61355592,1.55316370,1.59067455,0,1769990399999,0,14400,0,0,0
