open_time,open,high,low,close,volume,close_time,quote_volume,count,taker_buy_volume,taker_buy_quote_volume,ignore
1749772800000,2.18997895,2.19165000,2.08303947,2.12553158,0,1749787199999,0,14400,0,0,0
1749787200000,2.12549211,2.13155263,2.09247895,2.12935263,0,1749801599999,0,14400,0,0,0
1749801600000,2.12936053,2.15610526,2.12407105,2.15440789,0,1749815999999,0,14400,0,0,0
1749816000000,2.15436316,2.16244211,2.12270526,2.14715000,0,1749830399999,0,14400,0,0,0
1749830400000,2.14726316,2.15960526,2.11651842,2.12198947,0,1749844799999,0,14400,0,0,0
1749844800000,2.12187632,2.15137368,2.12089474,2.14740263,0,1749859199999,0,14400,0,0,0
