open_time,open,high,low,close,volume,close_time,quote_volume,count,taker_buy_volume,taker_buy_quote_volume,ignore
1722124800000,0.59573921,0.60278894,0.59121797,0.59970931,0,1722139199999,0,14400,0,0,0
1722139200000,0.59971077,0.60473852,0.59577195,0.60440653,0,1722153599999,0,14400,0,0,0
1722153600000,0.60440653,0.61397723,0.60247017,0.60293323,0,1722167999999,0,14400,0,0,0
1722168000000,0.60293324,0.60462640,0.59692591,0.60383538,0,1722182399999,0,14400,0,0,0
1722182400000,0.60383538,0.60556668,0.59961951,0.60264992,0,1722196799999,0,14400,0,0,0
1722196800000,0.60265065,0.60303189,0.59788400,0.60133959,0,1722211199999,0,14400,0,0,0
