open_time,open,high,low,close,volume,close_time,quote_volume,count,taker_buy_volume,taker_buy_quote_volume,ignore
1747440000000,2.37974474,2.38283684,2.31303158,2.37049211,0,1747454399999,0,14400,0,0,0
1747454400000,2.37049211,2.38908158,2.36315526,2.38035000,0,1747468799999,0,14400,0,0,0
1747468800000,2.38035000,2.38240263,2.34113421,2.35299211,0,1747483199999,0,14400,0,0,0
1747483200000,2.35296842,2.35591579,2.31658947,2.33304737,0,1747497599999,0,14400,0,0,0
1747497600000,2.33304737,2.34961842,2.29917895,2.33470000,0,1747511999999,0,14400,0,0,0
1747512000000,2.33466053,2.36253421,2.32662895,2.35316316,0,1747526399999,0,14400,0,0,0
