open_time,open,high,low,close,volume,close_time,quote_volume,count,taker_buy_volume,taker_buy_quote_volume,ignore
1705190400000,0.57467972,0.57566549,0.57168968,0.57390444,0,1705204799999,0,14400,0,0,0
1705204800000,0.57385566,0.57635285,0.57200730,0.57551808,0,1705219199999,0,14400,0,0,0
1705219200000,0.57551874,0.57975069,0.57493288,0.57662341,0,1705233599999,0,14400,0,0,0
1705233600000,0.57662341,0.57831481,0.57440785,0.57738084,0,1705247999999,0,14400,0,0,0
1705248000000,0.57737204,0.58706545,0.57416344,0.57672315,0,1705262399999,0,14400,0,0,0
1705262400000,0.57677195,0.59308023,0.57248964,0.57638813,0,1705276799999,0,14400,0,0,0
