open_time,open,high,low,close,volume,close_time,quote_volume,count,taker_buy_volume,taker_buy_quote_volume,ignore
1765929600000,1.92960623,1.93963324,1.91289520,1.92536685,0,1765943999999,0,14400,0,0,0
1765944000000,1.92536685,1.93139327,1.90605986,1.92323340,0,1765958399999,0,14400,0,0,0
1765958400000,1.92324611,1.92358180,1.89667796,1.91324138,0,1765972799999,0,14400,0,0,0
1765972800000,1.91328217,1.98712373,1.90501878,1.91118724,0,1765987199999,0,14400,0,0,0
1765987200000,1.91110899,1.92279388,1.84775395,1.86511207,0,1766001599999,0,14400,0,0,0
1766001600000,1.86511592,1.88419312,1.85538916,1.86250191,0,1766015999999,0,14400,0,0,0
