open_time,open,high,low,close,volume,close_time,quote_volume,count,taker_buy_volume,taker_buy_quote_volume,ignore
1687478400000,0.49383507,0.50098892,0.49240014,0.50032466,0,1687492799999,0,14400,0,0,0
1687492800000,0.50033366,0.50157353,0.49181506,0.49222206,0,1687507199999,0,14400,0,0,0
1687507200000,0.49221220,0.49535140,0.49055543,0.49239683,0,1687521599999,0,14400,0,0,0
1687521600000,0.49239342,0.49855705,0.48442332,0.49807954,0,1687535999999,0,14400,0,0,0
1687536000000,0.49806517,0.50214756,0.49371961,0.50091687,0,1687550399999,0,14400,0,0,0
1687550400000,0.50091687,0.50155817,0.49201358,0.49602109,0,1687564799999,0,14400,0,0,0
