open_time,open,high,low,close,volume,close_time,quote_volume,count,taker_buy_volume,taker_buy_quote_volume,ignore
1676332800000,0.37027722,0.37067899,0.36449774,0.36775308,0,1676347199999,0,14400,0,0,0
1676347200000,0.36775042,0.37084575,0.36622775,0.37042141,0,1676361599999,0,14396,0,0,0
1676361600000,0.37042140,0.37082638,0.36644449,0.36928769,0,1676375999999,0,14394,0,0,0
1676376000000,0.36928709,0.37772530,0.36511509,0.37549665,0,1676390399999,0,14400,0,0,0
1676390400000,0.37549749,0.38000527,0.37314099,0.37947364,0,1676404799999,0,14400,0,0,0
1676404800000,0.37947327,0.38384972,0.37708536,0.38204771,0,1676419199999,0,14400,0,0,0
