open_time,open,high,low,close,volume,close_time,quote_volume,count,taker_buy_volume,taker_buy_quote_volume,ignore
1773100800000,1.36314552,1.39207102,1.36058612,1.37500758,0,1773115199999,0.00000000,14400,0,0.00000000,0
1773115200000,1.37504726,1.38965256,1.37320409,1.38749587,0,1773129599999,0.00000000,14400,0,0.00000000,0
1773129600000,1.38751435,1.41915814,1.38751435,1.39083597,0,1773143999999,0.00000000,14397,0,0.00000000,0
1773144000000,1.39090457,1.44229102,1.38141920,1.43089739,0,1773158399999,0.00000000,14400,0,0.00000000,0
1773158400000,1.43091140,1.43644046,1.37986586,1.38452322,0,1773172799999,0.00000000,14400,0,0.00000000,0
1773172800000,1.38466459,1.39478023,1.37864952,1.38644899,0,1773187199999,0.00000000,14400,0,0.00000000,0
