open_time,open,high,low,close,volume,close_time,quote_volume,count,taker_buy_volume,taker_buy_quote_volume,ignore
1738454400000,2.87788105,2.95528500,2.82759842,2.83334395,0,1738468799999,0,14400,0,0,0
1738468800000,2.83338605,2.92664526,2.82423789,2.88156895,0,1738483199999,0,14400,0,0,0
1738483200000,2.88162947,2.91510237,2.78280868,2.78818211,0,1738497599999,0,14400,0,0,0
1738497600000,2.78746526,2.84967368,2.73339421,2.81023895,0,1738511999999,0,14400,0,0,0
1738512000000,2.81043105,2.81091947,2.50166579,2.66900000,0,1738526399999,0,14400,0,0,0
1738526400000,2.66849737,2.72031974,2.46533658,2.57944105,0,1738540799999,0,14400,0,0,0
