open_time,open,high,low,close,volume,close_time,quote_volume,count,taker_buy_volume,taker_buy_quote_volume,ignore
1703980800000,0.62073826,0.62273633,0.62011258,0.62258624,0,1703984399999,0,3600,0,0,0
1703984400000,0.62264632,0.62336637,0.62118999,0.62144831,0,1703987999999,0,3600,0,0,0
1703988000000,0.62144831,0.62236652,0.61814080,0.61986759,0,1703991599999,0,3600,0,0,0
1703991600000,0.61983832,0.62060347,0.61871982,0.62028569,0,1703995199999,0,3600,0,0,0
1703995200000,0.62028569,0.62158649,0.61997578,0.62100418,0,1703998799999,0,3600,0,0,0
1703998800000,0.62100418,0.62278032,0.62089621,0.62189466,0,1704002399999,0,3600,0,0,0
1704002400000,0.62189466,0.62303151,0.62181730,0.62269625,0,1704005999999,0,3600,0,0,0
1704006000000,0.62269627,0.62462232,0.62261822,0.62353395,0,1704009599999,0,3600,0,0,0
1704009600000,0.62353395,0.62390328,0.62207122,0.62301142,0,1704013199999,0,3600,0,0,0
1704013200000,0.62296266,0.62839845,0.62258447,0.62682819,0,1704016799999,0,3600,0,0,0
1704016800000,0.62677938,0.62703556,0.62401180,0.62436864,0,1704020399999,0,3600,0,0,0
1704020400000,0.62441008,0.62534479,0.62320983,0.62321202,0,1704023999999,0,3600,0,0,0
1704024000000,0.62322154,0.62535710,0.62044328,0.62226719,0,1704027599999,0,3600,0,0,0
1704027600000,0.62227231,0.62401184,0.62049769,0.62314840,0,1704031199999,0,3600,0,0,0
1704031200000,0.62313376,0.62345735,0.62181594,0.62220945,0,1704034799999,0,3600,0,0,0
1704034800000,0.62228018,0.62433454,0.62102264,0.62228446,0,1704038399999,0,3600,0,0,0
1704038400000,0.62228446,0.62392647,0.62121946,0.62288968,0,1704041999999,0,3600,0,0,0
1704042000000,0.62282733,0.62316345,0.62011598,0.62163777,0,1704045599999,0,3600,0,0,0
1704045600000,0.62163775,0.62223616,0.62006324,0.62110974,0,1704049199999,0,3600,0,0,0
1704049200000,0.62110974,0.62170333,0.62029638,0.62071306,0,1704052799999,0,3600,0,0,0
1704052800000,0.62066428,0.62078117,0.61761475,0.61830335,0,1704056399999,0,3600,0,0,0
1704056400000,0.61829605,0.62073251,0.61809228,0.61925856,0,1704059999999,0,3600,0,0,0
1704060000000,0.61925856,0.61942564,0.60598467,0.61146878,0,1704063599999,0,3600,0,0,0
1704063600000,0.61139231,0.61556310,0.61089695,0.61550848,0,1704067199999,0,3600,0,0,0
