open_time,open,high,low,close,volume,close_time,quote_volume,count,taker_buy_volume,taker_buy_quote_volume,ignore
1678924800000,24287.90,24440.00,24120.50,24271.90,68553.169,1678939199999,1664733202.55497,709403,33944.877,824342711.79750,0
1678939200000,24271.90,24694.90,24178.00,24614.50,88010.463,1678953599999,2152492187.66213,784305,44082.621,1078276627.68913,0
1678953600000,24614.50,25060.00,24370.00,24821.40,175784.630,1678967999999,4349629866.46289,1333931,89660.894,2218973566.63709,0
1678968000000,24821.40,25030.00,24516.00,24880.60,182794.492,1678982399999,4529335417.62231,1503820,90975.152,2254402765.35868,0
1678982400000,24880.70,25167.90,24590.90,24945.90,128630.721,1678996799999,3194127096.06376,1098759,64030.417,1590486484.16103,0
1678996800000,24945.90,25097.80,24602.50,24990.40,91673.471,1679011199999,2279732825.14702,808764,45612.449,1134629585.48720,0
