open_time,open,high,low,close,volume,close_time,quote_volume,count,taker_buy_volume,taker_buy_quote_volume,ignore
1665964800000,19251.80,19296.60,19148.00,19178.40,38443.768,1665979199999,738289368.42590,249129,18872.475,362468063.85660,0
1665979200000,19178.30,19311.60,19156.00,19285.00,47855.009,1665993599999,920900101.70600,294602,24898.642,479119862.50040,0
1665993600000,19285.00,19541.10,19237.00,19452.80,112876.410,1666007999999,2189793706.34178,603625,61327.680,1189843997.37248,0
1666008000000,19452.80,19666.00,19414.50,19524.50,181721.274,1666022399999,3550444517.20550,963883,92366.193,1804723591.08630,0
1666022400000,19524.40,19580.00,19430.40,19519.30,69640.272,1666036799999,1358136959.97630,438544,35226.950,687032537.16490,0
1666036800000,19519.30,19618.90,19463.00,19540.60,51783.026,1666051199999,1011744420.63310,337808,27041.188,528371930.47580,0
