open_time,open,high,low,close,volume,close_time,quote_volume,count,taker_buy_volume,taker_buy_quote_volume,ignore
1752969600000,117814.30,118158.70,117618.00,117934.10,7587.220,1752983999999,894739226.99780,185735,4214.986,497086897.49850,0
1752984000000,117934.20,118214.00,117736.30,117984.30,5749.199,1752998399999,678086420.16740,131629,3056.904,360548847.94160,0
1752998400000,117984.30,118261.60,117801.00,117869.20,9129.395,1753012799999,1077458302.81570,196481,4498.140,530889690.71070,0
1753012800000,117869.20,118794.00,117701.10,118669.30,17153.006,1753027199999,2029798350.91840,378479,9345.337,1106011217.00480,0
1753027200000,118669.40,118856.60,117912.80,118131.20,13641.525,1753041599999,1614644995.71970,304916,6032.178,714119097.18500,0
1753041600000,118131.20,118245.30,116370.10,117216.00,29120.237,1753055999999,3415434450.64590,554142,12374.712,1451423072.51500,0
