open_time,open,high,low,close,volume,close_time,quote_volume,count,taker_buy_volume,taker_buy_quote_volume,ignore
1714521600000,60651.20,60816.70,59555.00,60214.00,41842.441,1714535999999,2513609283.29130,672586,20553.147,1234678532.85830,0
1714536000000,60214.00,60331.80,57030.00,57482.00,111582.926,1714550399999,6523262448.37701,1395314,49772.919,2909380357.94058,0
1714550400000,57482.00,57881.00,56537.70,57862.10,105319.627,1714564799999,6024143258.44672,1383095,51402.485,2940822278.97471,0
1714564800000,57862.20,58257.80,56651.20,56865.20,86671.022,1714579199999,4979746068.17025,1128379,42551.404,2445032804.76521,0
1714579200000,56865.30,59438.20,56600.00,56935.70,163355.410,1714593599999,9459213608.20692,1974851,80736.533,4675889587.40031,0
1714593600000,56935.70,58550.80,56729.00,58307.60,55336.974,1714607999999,3193949984.13464,724392,29380.102,1696097254.23992,0
