open_time,open,high,low,close,volume,close_time,quote_volume,count,taker_buy_volume,taker_buy_quote_volume,ignore
1790035200000,86578.80,86592.80,86520.40,86540.00,162.362,1790035259999,14053588.60580,3699,31.566,2732315.25060,0
1790035260000,86540.10,86540.10,86504.00,86504.40,73.896,1790035319999,6393548.48650,3256,41.474,3588334.84230,0
1790035320000,86504.30,86504.40,86408.50,86443.80,331.491,1790035379999,28660048.98750,5456,53.498,4625428.04870,0
1790035380000,86443.80,86443.90,86400.00,86400.00,83.164,1790035439999,7186471.88760,2217,35.339,3053677.94330,0
1790035440000,86400.00,86408.70,86319.00,86374.30,292.311,1790035499999,25244723.47160,5257,50.776,4385502.88750,0
1790035500000,86374.40,86464.40,86374.40,86440.40,89.863,1790035559999,7765920.92260,2629,57.188,4942085.94610,0
1790035560000,86440.40,86448.40,86300.00,86319.20,549.209,1790035619999,47437475.03520,7356,80.760,6975994.50030,0
1790035620000,86319.10,86367.40,86275.90,86278.00,280.477,1790035679999,24210625.52700,5634,67.833,5854561.14490,0
1790035680000,86278.10,86333.10,86278.00,86317.90,116.275,1790035739999,10034894.36980,4162,75.336,6501536.66570,0
1790035740000,86317.90,86342.70,86265.90,86299.90,86.641,1790035799999,7476872.32080,3579,33.048,2851748.46060,0
1790035800000,86299.90,86345.50,86299.90,86339.20,67.319,1790035859999,5811485.36210,2452,45.019,3886316.94680,0
1790035860000,86339.20,86379.30,86312.20,86363.70,78.797,1790035919999,6803376.29730,3045,45.644,3940889.82070,0
1790035920000,86363.60,86403.70,86363.60,86394.40,70.359,1790035979999,6078129.92980,2397,38.377,3315140.79610,0
1790035980000,86394.50,86414.10,86355.30,86407.80,39.608,1790036039999,3421718.57200,2278,27.704,2393359.43810,0
1790036040000,86407.80,86460.00,86400.80,86440.60,92.782,1790036099999,8018245.45080,2253,80.068,6919324.03920,0
1790036100000,86440.50,86467.20,86387.00,86456.30,46.523,1790036159999,4020854.46390,2824,24.781,2141713.80560,0
1790036160000,86456.20,86466.20,86427.20,86427.70,58.584,1790036219999,5064325.34850,2739,22.356,1932548.49610,0
1790036220000,86427.70,86440.50,86363.60,86363.60,40.416,1790036279999,3492459.05350,2139,8.992,777031.18970,0
1790036280000,86363.60,86363.80,86341.80,86363.70,51.931,1790036339999,4484360.99570,1837,26.842,2317848.75410,0
1790036340000,86363.80,86429.60,86363.80,86429.60,36.524,1790036399999,3155953.95960,2123,24.915,2152737.87710,0
1790036400000,86429.50,86429.60,86339.20,86340.60,58.484,1790036459999,5051619.36600,3163,21.957,1896455.86820,0
1790036460000,86340.50,86383.00,86340.50,86376.80,31.614,1790036519999,2730246.38700,1354,18.096,1562722.18400,0
1790036520000,86376.70,86439.40,86376.70,86438.00,27.300,1790036579999,2359328.38430,1612,12.420,1073323.01950,0
1790036580000,86437.90,86438.00,86363.80,86363.90,28.312,1790036639999,2446113.80720,1979,6.431,555648.46650,0
1790036640000,86363.80,86363.90,86325.30,86343.90,30.208,1790036699999,2608134.77830,1559,10.948,945205.64620,0
1790036700000,86344.00,86368.50,86331.60,86363.60,29.323,1790036759999,2532108.34830,1762,16.318,1409023.62640,0
1790036760000,86363.70,86379.10,86300.20,86311.70,232.586,1790036819999,20079657.82530,4498,19.165,1654538.40290,0
1790036820000,86311.70,86379.70,86286.90,86373.20,53.651,1790036879999,4631334.60210,2411,24.939,2152988.10800,0
1790036880000,86373.20,86395.00,86373.10,86373.20,23.331,1790036939999,2015406.51060,1039,15.188,1311970.24550,0
1790036940000,86373.10,86408.40,86354.20,86363.10,60.628,1790036999999,5236876.11970,2421,27.679,2390723.07200,0
1790037000000,86363.10,86466.70,86356.50,86466.70,144.539,1790037059999,12492199.85490,3544,101.089,8736635.26170,0
1790037060000,86466.70,86466.70,86391.10,86400.10,119.532,1790037119999,10330708.97040,3783,27.897,2410795.42260,0
1790037120000,86400.00,86450.00,86380.30,86443.30,46.083,1790037179999,3982726.74040,2806,23.779,2055092.96920,0
1790037180000,86443.40,86482.80,86443.40,86452.70,45.818,1790037239999,3961690.33330,2462,28.130,2432227.24310,0
1790037240000,86452.80,86462.50,86420.80,86432.20,38.803,1790037299999,3354406.14650,2165,17.768,1535909.17670,0
1790037300000,86432.20,86439.10,86381.30,86386.40,56.018,1790037359999,4840808.16610,2177,11.595,1001965.25680,0
1790037360000,86386.50,86392.60,86354.60,86354.60,34.828,1790037419999,3008477.42800,1409,9.447,816063.95590,0
1790037420000,86354.60,86391.50,86280.00,86289.70,305.268,1790037479999,26350034.46130,5381,117.923,10177618.29520,0
1790037480000,86289.60,86289.70,86244.50,86274.80,178.939,1790037539999,15436117.72330,3786,46.021,3969762.46510,0
1790037540000,86274.70,86317.30,86232.00,86232.10,141.143,1790037599999,12176445.63050,3764,72.116,6221149.25850,0
1790037600000,86232.10,86271.20,86093.80,86135.80,788.227,1790037659999,67918329.70090,10670,315.803,27211655.53630,0
1790037660000,86135.90,86233.70,86103.80,86233.70,100.144,1790037719999,8629577.04030,4374,41.872,3608013.80100,0
1790037720000,86233.60,86248.60,86185.00,86248.50,62.391,1790037779999,5378845.02940,2897,26.714,2303172.23450,0
1790037780000,86248.50,86280.00,86222.90,86273.70,75.098,1790037839999,6477601.36740,2810,40.007,3450730.89470,0
1790037840000,86273.60,86318.80,86273.60,86318.80,48.030,1790037899999,4144742.56520,1995,31.923,2754819.52770,0
1790037900000,86318.90,86370.00,86284.50,86286.20,93.129,1790037959999,8040166.47120,4840,42.251,3647495.36740,0
1790037960000,86286.20,86286.20,86185.50,86210.70,175.518,1790038019999,15133863.54580,4726,19.845,1711341.44510,0
1790038020000,86210.80,86232.70,86175.30,86214.90,142.180,1790038079999,12255546.45500,3206,19.478,1679098.36200,0
1790038080000,86214.80,86259.00,86209.80,86259.00,27.255,1790038139999,2350045.93120,1635,14.542,1253876.96200,0
1790038140000,86259.00,86266.20,86122.20,86194.00,434.465,1790038199999,37446906.79020,8204,74.116,6388331.90990,0
1790038200000,86194.10,86217.40,86073.70,86121.20,496.359,1790038259999,42751952.14440,8492,89.397,7699073.03350,0
1790038260000,86121.30,86149.00,86094.10,86148.80,109.887,1790038319999,9463651.32400,3327,55.803,4805612.29930,0
1790038320000,86148.90,86148.90,86082.30,86089.30,90.374,1790038379999,7782167.79860,3453,31.392,2703018.67280,0
1790038380000,86089.20,86110.10,86064.80,86076.60,128.007,1790038439999,11018724.51340,3712,53.068,4567991.39470,0
1790038440000,86076.50,86179.40,86056.00,86119.70,574.726,1790038499999,49482517.63270,6854,315.981,27210924.31510,0
1790038500000,86119.80,86133.00,85892.10,85892.20,834.147,1790038559999,71720322.74020,14643,163.469,14053616.61260,0
1790038560000,85892.10,85966.00,85881.40,85916.70,521.212,1790038619999,44788743.15480,8214,248.760,21374539.46080,0
1790038620000,85916.80,85916.80,85864.30,85900.00,224.051,1790038679999,19243470.76280,5865,83.387,7162144.19590,0
1790038680000,85900.00,85910.00,85815.40,85869.40,289.990,1790038739999,24896569.34620,7861,86.841,7455714.55030,0
1790038740000,85869.30,85903.00,85824.60,85854.90,190.040,1790038799999,16316658.17900,4973,101.304,8698462.17860,0
1790038800000,85855.00,85945.70,85844.20,85857.20,384.076,1790038859999,32996830.04260,7863,218.402,18763702.39350,0
1790038860000,85857.30,85915.20,85821.00,85880.00,155.420,1790038919999,13347860.30750,6108,68.065,5845713.13980,0
1790038920000,85880.10,85887.90,85733.00,85756.40,308.146,1790038979999,26435288.66340,10156,83.946,7200770.93100,0
1790038980000,85756.50,85759.70,85659.60,85659.60,513.293,1790039039999,43989062.13240,11923,223.656,19168408.98270,0
1790039040000,85659.70,85690.20,85648.00,85648.80,197.464,1790039099999,16914257.61080,6200,68.230,5844368.80240,0
1790039100000,85648.80,85717.30,85587.10,85673.30,567.216,1790039159999,48584434.97230,10690,262.591,22494166.36010,0
1790039160000,85673.30,85829.10,85673.30,85793.50,222.484,1790039219999,19085596.48680,5507,132.484,11364207.38910,0
1790039220000,85793.50,85825.60,85762.00,85762.00,201.922,1790039279999,17322769.67910,5744,69.341,5948699.93000,0
1790039280000,85762.10,85825.60,85730.30,85825.50,73.127,1790039339999,6273361.69800,3571,45.089,3868266.81470,0
1790039340000,85825.60,85884.80,85793.30,85876.10,221.165,1790039399999,18985671.07500,5425,161.536,13867456.77120,0
1790039400000,85876.10,85887.30,85835.90,85853.50,101.065,1790039459999,8677882.00970,4054,36.817,3161320.63870,0
1790039460000,85853.50,85853.60,85767.30,85805.90,60.892,1790039519999,5224845.11120,3994,29.866,2562600.78360,0
1790039520000,85805.90,85817.70,85767.30,85813.10,82.846,1790039579999,7107713.62690,3606,27.922,2395591.20520,0
1790039580000,85813.20,85813.20,85738.80,85744.90,90.653,1790039639999,7774566.55160,2612,19.010,1630533.49630,0
1790039640000,85745.00,85767.90,85696.10,85750.00,80.628,1790039699999,6912598.91570,3159,34.662,2971603.27750,0
1790039700000,85750.10,85849.90,85727.30,85843.90,114.666,1790039759999,9838857.17940,4232,74.226,6368867.25180,0
1790039760000,85843.90,85843.90,85701.70,85701.70,98.874,1790039819999,8480597.08110,4556,24.934,2138969.22700,0
1790039820000,85701.80,85712.00,85653.40,85660.20,124.765,1790039879999,10690210.15760,4575,46.635,3995941.02220,0
1790039880000,85660.30,85666.00,85423.50,85429.20,793.171,1790039939999,67848524.17350,14022,205.014,17539086.29300,0
1790039940000,85429.20,85549.20,85354.40,85548.70,664.302,1790039999999,56763798.77600,14947,324.793,27757889.86850,0
1790040000000,85548.80,85617.90,85533.60,85567.00,245.887,1790040059999,21042864.42610,6611,105.479,9026553.61480,0
1790040060000,85567.10,85588.10,85460.20,85588.00,179.606,1790040119999,15360577.72350,6100,87.035,7443541.87350,0
1790040120000,85588.10,85621.40,85539.60,85564.90,123.215,1790040179999,10545204.46060,5144,49.725,4255808.64560,0
1790040180000,85564.90,85643.20,85557.10,85585.20,177.634,1790040239999,15208851.50840,4173,127.964,10956630.67340,0
1790040240000,85585.30,85651.20,85568.10,85651.10,99.083,1790040299999,8482938.76680,2551,68.173,5836457.00650,0
1790040300000,85651.10,85666.60,85580.80,85580.80,110.334,1790040359999,9448665.55110,2872,36.988,3167809.35810,0
1790040360000,85580.80,85632.60,85535.00,85632.60,231.013,1790040419999,19765549.49780,5749,81.966,7013768.25710,0
1790040420000,85632.50,85683.00,85618.00,85645.10,89.111,1790040479999,7632290.86300,3495,47.730,4087955.55150,0
1790040480000,85645.20,85654.80,85630.30,85654.80,43.151,1790040539999,3695685.15570,1797,27.196,2329170.04990,0
1790040540000,85654.70,85748.70,85654.70,85744.90,116.697,1790040599999,10002783.37940,3013,92.718,7946952.27940,0
1790040600000,85744.90,85749.60,85668.70,85693.70,99.035,1790040659999,8488155.84010,3624,40.827,3499011.02560,0
1790040660000,85693.60,85776.50,85693.60,85746.70,90.721,1790040719999,7779567.58550,3811,64.913,5566511.22560,0
1790040720000,85746.70,85767.10,85718.90,85740.00,53.398,1790040779999,4578466.81960,2391,27.370,2346617.85160,0
1790040780000,85740.00,85804.80,85739.90,85773.40,103.030,1790040839999,8838917.48110,3421,73.679,6320849.76970,0
1790040840000,85773.40,85810.10,85765.50,85780.10,59.829,1790040899999,5132541.81850,2432,38.230,3279693.22530,0
1790040900000,85780.10,85786.50,85736.10,85760.60,75.590,1790040959999,6482576.97140,2563,26.262,2252297.54490,0
1790040960000,85760.50,85810.00,85756.60,85794.60,31.378,1790041019999,2691389.08330,1667,19.465,1669563.33260,0
1790041020000,85794.60,85808.10,85701.30,85701.40,84.761,1790041079999,7270532.18020,2862,43.551,3735989.28720,0
1790041080000,85701.30,85720.70,85623.20,85634.10,95.630,1790041139999,8193406.16450,3575,50.546,4330915.17200,0
1790041140000,85634.00,85648.90,85599.40,85635.20,112.728,1790041199999,9651036.74700,2501,51.958,4448286.96000,0
1790041200000,85635.30,85697.90,85616.60,85697.90,49.370,1790041259999,4228745.22050,2468,31.911,2733471.99250,0
1790041260000,85697.90,85697.90,85634.30,85661.80,51.910,1790041319999,4447169.38990,2943,17.815,1526095.58770,0
1790041320000,85661.70,85690.00,85634.40,85685.40,50.960,1790041379999,4365019.99540,2659,24.598,2106913.73830,0
1790041380000,85685.50,85685.50,85631.00,85635.90,43.187,1790041439999,3699061.96280,2867,14.197,1215937.57350,0
1790041440000,85635.90,85656.70,85631.50,85648.00,47.950,1790041499999,4106660.20330,1603,28.276,2421703.31580,0
1790041500000,85648.10,85699.90,85648.00,85658.30,60.164,1790041559999,5155066.88720,2409,46.872,4016193.03420,0
1790041560000,85658.30,85662.60,85631.80,85640.20,41.045,1790041619999,3515237.71550,2030,14.528,1244226.91140,0
1790041620000,85640.20,85660.00,85630.10,85632.40,43.107,1790041679999,3691729.24700,1604,31.214,2673142.70770,0
1790041680000,85632.40,85649.30,85609.60,85611.50,80.367,1790041739999,6881518.46280,2905,26.082,2233163.79730,0
1790041740000,85611.50,85611.50,85549.20,85561.80,98.196,1790041799999,8402563.23140,3195,47.812,4091210.25310,0
1790041800000,85561.80,85561.90,85510.80,85526.30,176.781,1790041859999,15120568.78250,4090,55.140,4716405.50180,0
1790041860000,85526.40,85628.50,85510.50,85628.40,123.857,1790041919999,10598226.21450,4069,64.705,5536965.79760,0
1790041920000,85628.40,85637.80,85596.00,85625.50,66.177,1790041979999,5666267.62020,2418,34.178,2926499.81750,0
1790041980000,85625.50,85629.80,85578.40,85594.90,84.323,1790042039999,7218569.01800,2591,50.851,4353043.87430,0
1790042040000,85594.90,85613.60,85589.90,85613.60,41.821,1790042099999,3580019.69510,1410,21.616,1850395.04130,0
1790042100000,85613.60,85644.40,85613.60,85638.70,47.449,1790042159999,4063038.38750,1545,26.653,2282255.57330,0
1790042160000,85638.70,85638.80,85580.40,85594.40,86.301,1790042219999,7388813.38910,2954,23.402,2003482.04750,0
1790042220000,85594.30,85616.50,85554.30,85554.30,51.196,1790042279999,4381742.21670,2504,18.651,1596277.18800,0
1790042280000,85554.30,85558.50,85526.30,85535.00,73.605,1790042339999,6296614.89820,1913,21.490,1838346.36980,0
1790042340000,85534.90,85588.30,85505.00,85588.30,72.620,1790042399999,6210871.92580,2477,31.706,2711962.75540,0
1790042400000,85588.30,85593.00,85553.90,85553.90,89.364,1790042459999,7647786.24470,2616,30.138,2579184.46630,0
1790042460000,85554.00,85554.00,85471.00,85471.00,160.219,1790042519999,13700398.29640,3670,26.633,2277409.09390,0
1790042520000,85471.00,85558.30,85461.80,85558.30,194.457,1790042579999,16624159.96230,3664,162.210,13867784.03240,0
1790042580000,85558.40,85601.60,85494.70,85504.00,86.737,1790042639999,7421489.50990,4192,44.737,3828178.86190,0
1790042640000,85503.90,85519.90,85478.50,85500.10,77.533,1790042699999,6628724.63970,2834,51.453,4398985.68070,0
1790042700000,85500.00,85515.30,85488.40,85493.00,60.380,1790042759999,5162391.86590,1993,40.536,3465780.07350,0
1790042760000,85492.90,85599.20,85492.90,85596.00,85.292,1790042819999,7297210.47700,2953,64.417,5511262.13250,0
1790042820000,85596.00,85622.50,85579.50,85622.50,90.135,1790042879999,7715514.57580,3096,62.053,5311762.06020,0
1790042880000,85622.50,85666.00,85610.00,85610.00,88.932,1790042939999,7615877.58510,3063,51.391,4400784.81230,0
1790042940000,85610.10,85610.10,85485.70,85537.10,128.322,1790042999999,10978472.69730,3957,26.686,2282242.07610,0
1790043000000,85537.20,85537.20,85471.60,85471.60,69.613,1790043059999,5951476.11900,3244,29.757,2543996.46980,0
1790043060000,85471.70,85498.20,85449.80,85458.10,95.857,1790043119999,8192792.67270,3156,29.411,2513859.01680,0
1790043120000,85458.10,85463.20,85308.00,85428.30,593.722,1790043179999,50695971.52540,9931,146.743,12531939.10130,0
1790043180000,85428.30,85524.90,85428.20,85524.70,187.585,1790043239999,16033337.52760,4137,162.917,13924347.45840,0
1790043240000,85524.60,85641.90,85524.60,85570.40,282.185,1790043299999,24152786.49610,5458,231.654,19827456.22340,0
1790043300000,85570.40,85621.50,85544.90,85618.30,71.982,1790043359999,6160300.55360,2871,47.999,4107778.57320,0
1790043360000,85618.30,85638.40,85585.50,85631.10,147.191,1790043419999,12602699.09020,3957,103.001,8819289.08690,0
1790043420000,85631.00,85674.70,85539.30,85539.40,285.427,1790043479999,24439772.75180,5275,162.380,13906767.98780,0
1790043480000,85539.30,85575.00,85490.00,85570.30,80.580,1790043539999,6892329.60810,4252,52.955,4529340.93370,0
1790043540000,85570.30,85594.40,85570.30,85572.00,55.714,1790043599999,4767877.86870,2541,34.469,2949728.83040,0
1790043600000,85572.00,85572.00,85520.10,85537.90,71.544,1790043659999,6120548.12330,3295,23.213,1985625.92410,0
1790043660000,85537.90,85537.90,85488.00,85505.90,39.226,1790043719999,3354107.87600,2049,13.464,1151190.52560,0
1790043720000,85505.90,85634.40,85505.90,85634.20,336.325,1790043779999,28784835.49170,5991,309.291,26470966.25160,0
1790043780000,85634.20,85660.00,85602.30,85602.30,131.757,1790043839999,11282694.16300,3605,51.841,4439190.04980,0
1790043840000,85602.00,85660.20,85600.00,85619.10,238.492,1790043899999,20425433.93210,4197,54.905,4701951.97570,0
1790043900000,85619.20,85680.60,85619.20,85668.60,69.830,1790043959999,5981746.89980,2081,44.884,3844745.43090,0
1790043960000,85668.60,85712.50,85668.50,85703.30,133.145,1790044019999,11409875.75010,2959,85.146,7296561.66570,0
1790044020000,85703.30,85747.90,85680.00,85740.40,269.130,1790044079999,23068502.08260,4611,103.734,8891793.51510,0
1790044080000,85740.30,85820.00,85740.30,85762.40,251.776,1790044139999,21599747.10610,6062,164.550,14116216.63900,0
1790044140000,85762.40,85762.50,85707.50,85707.70,48.883,1790044199999,4190352.82470,1667,29.194,2502469.64250,0
1790044200000,85707.70,85753.90,85672.70,85672.80,66.105,1790044259999,5666074.87110,2757,32.133,2754417.12500,0
1790044260000,85672.80,85672.80,85642.80,85642.80,42.036,1790044319999,3600749.66120,1527,15.835,1356399.70100,0
1790044320000,85642.80,85642.90,85602.80,85623.30,47.308,1790044379999,4050612.96300,1763,20.319,1739613.86090,0
1790044380000,85623.30,85680.10,85623.30,85662.60,65.473,1790044439999,5607763.21020,2015,50.873,4357144.50340,0
1790044440000,85662.70,85692.60,85662.70,85692.60,29.566,1790044499999,2533288.67630,1680,17.795,1524671.16660,0
1790044500000,85692.60,85726.70,85692.50,85708.00,34.870,1790044559999,2988787.02250,2140,16.867,1445712.78150,0
1790044560000,85708.10,85756.00,85700.50,85756.00,53.191,1790044619999,4559412.14800,1748,35.677,3058156.98550,0
1790044620000,85756.00,85816.20,85755.90,85775.50,177.936,1790044679999,15265107.19360,4090,95.377,8182457.55600,0
1790044680000,85775.50,85803.40,85765.00,85765.10,53.124,1790044739999,4557233.43780,1745,25.238,2165048.57710,0
1790044740000,85765.10,85776.70,85724.90,85743.70,39.391,1790044799999,3377732.35820,1868,21.014,1801889.47740,0
1790044800000,85743.70,85770.00,85743.60,85755.20,42.379,1790044859999,3634307.96010,1399,24.718,2119737.86830,0
1790044860000,85755.20,85768.80,85711.10,85768.70,36.596,1790044919999,3137815.60380,1832,21.183,1816182.40790,0
1790044920000,85768.70,85786.30,85766.00,85775.10,31.304,1790044979999,2685055.38690,1170,21.717,1862696.99840,0
1790044980000,85775.10,85813.00,85775.10,85776.10,72.046,1790045039999,6181583.13200,2149,28.018,2403906.45340,0
1790045040000,85776.00,85800.60,85767.40,85781.80,42.433,1790045099999,3639989.28460,1818,29.645,2542961.34430,0
1790045100000,85781.80,85781.80,85749.80,85754.60,76.656,1790045159999,6574358.98080,1975,29.361,2517896.78730,0
1790045160000,85754.70,85774.40,85725.50,85768.30,34.306,1790045219999,2941603.88100,1907,24.542,2104406.52430,0
1790045220000,85768.40,85776.00,85732.10,85775.90,29.137,1790045279999,2498499.32270,1570,21.401,1835148.99530,0
1790045280000,85776.00,85839.00,85775.90,85838.90,63.792,1790045339999,5474848.64580,2163,49.294,4230604.76170,0
1790045340000,85838.90,85840.10,85773.20,85773.20,104.457,1790045399999,8964552.33390,2647,35.649,3059442.40350,0
1790045400000,85773.20,85787.10,85654.80,85713.40,257.936,1790045459999,22109113.65070,4872,50.458,4326515.27170,0
1790045460000,85713.30,85739.60,85659.00,85681.20,277.713,1790045519999,23801025.89600,4789,103.602,8880163.91040,0
1790045520000,85681.20,85702.60,85647.60,85655.30,113.704,1790045579999,9742318.03030,3277,79.217,6787353.05570,0
1790045580000,85655.30,85668.80,85639.10,85646.90,168.888,1790045639999,14465768.63320,2887,116.948,10016762.20810,0
1790045640000,85646.90,85668.80,85629.60,85668.80,89.624,1790045699999,7675815.12900,2614,60.321,5166030.80470,0
1790045700000,85668.80,85686.40,85636.90,85637.00,30.172,1790045759999,2584522.42970,2134,10.875,931558.43840,0
1790045760000,85636.90,85727.00,85626.50,85711.50,172.218,1790045819999,14756762.11000,3316,118.307,10136914.36240,0
1790045820000,85711.40,85711.50,85673.70,85689.90,113.315,1790045879999,9710539.13050,2033,43.867,3758924.08690,0
1790045880000,85689.90,85733.30,85687.20,85727.40,44.453,1790045939999,3809730.17930,1780,27.588,2364289.01720,0
1790045940000,85727.40,85739.00,85683.50,85683.50,81.559,1790045999999,6990994.98360,2182,54.642,4683748.49120,0
1790046000000,85683.50,85730.10,85666.00,85730.10,109.389,1790046059999,9374429.53870,3814,60.527,5187041.38620,0
1790046060000,85730.00,85730.00,85595.00,85600.00,77.506,1790046119999,6638329.03290,3211,17.327,1483577.79040,0
1790046120000,85600.00,85680.10,85565.00,85672.70,147.574,1790046179999,12636203.32140,4367,54.068,4630060.88070,0
1790046180000,85672.60,85713.80,85645.50,85677.10,56.872,1790046239999,4873071.07600,3117,24.837,2128110.01450,0
1790046240000,85677.00,85700.00,85660.80,85696.90,31.907,1790046299999,2734071.42500,1917,19.778,1694783.47250,0
1790046300000,85696.80,85696.90,85645.60,85659.80,40.013,1790046359999,3427929.24080,2100,10.048,860682.90200,0
1790046360000,85659.80,85659.90,85643.70,85643.70,18.019,1790046419999,1543303.98010,914,6.245,534870.43270,0
1790046420000,85643.70,85643.70,85565.70,85565.70,62.434,1790046479999,5343979.57580,2957,28.353,2426806.19650,0
1790046480000,85565.70,85653.90,85559.80,85646.30,59.870,1790046539999,5125000.76340,2477,36.898,3158729.17920,0
1790046540000,85646.30,85646.30,85550.00,85564.40,78.790,1790046599999,6743381.48120,3116,33.378,2856498.48790,0
1790046600000,85564.30,85574.30,85515.00,85515.00,112.744,1790046659999,9644209.47900,3858,39.366,3367583.63360,0
1790046660000,85515.00,85547.90,85505.00,85510.50,97.447,1790046719999,8333736.23960,3044,46.622,3987119.71890,0
1790046720000,85510.50,85573.70,85416.10,85451.50,351.768,1790046779999,30070780.02180,7994,80.068,6843478.23560,0
1790046780000,85451.50,85514.00,85451.50,85492.00,85.110,1790046839999,7276094.77340,3184,44.233,3781328.92870,0
1790046840000,85492.00,85518.80,85490.40,85512.70,88.422,1790046899999,7560553.55390,2660,28.051,2398492.02180,0
1790046900000,85512.70,85574.20,85512.60,85557.60,104.113,1790046959999,8906931.17900,3451,47.274,4044202.43970,0
1790046960000,85557.70,85560.80,85400.00,85409.90,173.575,1790047019999,14830433.51410,5269,39.807,3401053.05160,0
1790047020000,85410.00,85438.80,85400.00,85430.10,101.292,1790047079999,8652449.43050,5106,41.113,3511823.50620,0
1790047080000,85430.00,85500.00,85424.60,85489.30,41.494,1790047139999,3546585.67050,2397,21.482,1836014.16150,0
1790047140000,85489.30,85511.70,85428.10,85471.90,98.434,1790047199999,8412812.62440,3607,45.130,3857645.19770,0
1790047200000,85471.90,85474.00,85350.00,85370.20,148.925,1790047259999,12716545.26420,5419,50.723,4330578.81970,0
1790047260000,85370.10,85444.80,85370.10,85416.70,56.052,1790047319999,4787940.22060,3043,28.483,2432784.97480,0
1790047320000,85416.60,85416.70,85326.20,85333.90,144.413,1790047379999,12327858.03870,5086,39.492,3371011.76660,0
1790047380000,85333.90,85364.20,85268.00,85364.20,333.960,1790047439999,28485783.65220,7812,102.289,8725653.54200,0
1790047440000,85364.20,85406.00,85364.20,85369.40,91.244,1790047499999,7791495.63260,2769,47.856,4086502.80330,0
1790047500000,85369.40,85449.40,85337.40,85449.00,63.590,1790047559999,5430512.61420,2936,44.729,3820187.89160,0
1790047560000,85449.00,85518.40,85448.90,85511.90,100.859,1790047619999,8622513.80590,3114,78.913,6746200.96030,0
1790047620000,85511.90,85589.30,85511.90,85587.70,173.135,1790047679999,14812695.96370,2800,142.828,12219758.50090,0
1790047680000,85587.70,85595.00,85554.50,85594.90,152.891,1790047739999,13083975.03480,3422,46.088,3944127.24110,0
1790047740000,85595.00,85624.30,85556.90,85577.60,109.438,1790047799999,9366780.28850,3756,51.442,4403117.87530,0
1790047800000,85577.50,85578.40,85508.20,85517.80,68.699,1790047859999,5876687.50160,3637,27.051,2313940.44170,0
1790047860000,85517.90,85544.20,85404.00,85469.00,190.518,1790047919999,16285821.61940,5182,84.368,7213928.41120,0
1790047920000,85468.90,85515.00,85428.20,85489.60,140.742,1790047979999,12031359.41020,4224,102.282,8743624.69610,0
1790047980000,85489.60,85520.20,85460.80,85495.40,168.106,1790048039999,14372234.70890,3733,31.061,2655720.29420,0
1790048040000,85495.40,85527.60,85489.50,85519.30,41.196,1790048099999,3522685.77000,2196,20.824,1780661.35430,0
1790048100000,85519.30,85530.00,85492.60,85526.20,68.197,1790048159999,5831826.38440,1869,29.006,2480163.04880,0
1790048160000,85526.20,85531.90,85501.70,85501.80,151.934,1790048219999,12993327.90120,2649,38.561,3297462.82820,0
1790048220000,85501.80,85521.40,85475.10,85481.30,62.672,1790048279999,5358512.27790,2348,37.057,3168439.09220,0
1790048280000,85481.20,85488.40,85458.30,85481.90,74.417,1790048339999,6360057.95880,2060,51.816,4428256.43860,0
1790048340000,85482.00,85491.90,85448.70,85448.70,32.068,1790048399999,2740715.37750,1833,11.307,966336.76660,0
1790048400000,85448.60,85461.70,85390.70,85394.40,102.397,1790048459999,8745828.48820,2230,21.009,1794616.04510,0
1790048460000,85394.40,85450.00,85394.30,85450.00,51.737,1790048519999,4419088.37250,2170,37.164,3174415.66690,0
1790048520000,85450.00,85473.10,85440.00,85440.10,72.285,1790048579999,6177376.46270,1991,28.012,2393841.34970,0
1790048580000,85440.00,85449.40,85403.30,85449.40,30.569,1790048639999,2611514.76230,2129,20.482,1749764.86780,0
1790048640000,85449.40,85468.00,85449.30,85460.90,32.328,1790048699999,2762735.23460,1063,17.612,1505046.82640,0
1790048700000,85460.90,85484.00,85436.60,85483.90,37.129,1790048759999,3172834.54940,1752,25.985,2220559.13380,0
1790048760000,85484.00,85487.90,85476.30,85476.30,24.630,1790048819999,2105515.48530,1181,11.217,958908.36140,0
1790048820000,85476.30,85494.80,85476.30,85492.20,40.138,1790048879999,3431362.83970,1371,20.838,1781374.91660,0
1790048880000,85492.30,85494.40,85451.50,85465.90,32.270,1790048939999,2758105.37330,1825,12.214,1043885.31540,0
1790048940000,85465.90,85525.30,85465.90,85525.20,57.979,1790048999999,4957704.77370,2063,43.022,3678674.98110,0
1790049000000,85525.20,85528.80,85489.50,85504.00,58.491,1790049059999,5002029.78130,1455,15.233,1302651.69960,0
1790049060000,85503.90,85512.50,85480.00,85493.70,19.079,1790049119999,1631197.91090,1367,10.614,907457.30260,0
1790049120000,85493.80,85493.80,85454.90,85454.90,30.549,1790049179999,2611323.72670,1270,7.411,633519.59200,0
1790049180000,85455.00,85480.10,85452.30,85480.10,34.053,1790049239999,2910181.85280,1352,17.528,1497988.77060,0
1790049240000,85480.20,85482.70,85470.00,85481.50,26.042,1790049299999,2226033.01880,1094,7.614,650828.84470,0
1790049300000,85481.50,85538.60,85481.40,85538.60,35.481,1790049359999,3034124.88060,1503,25.042,2141430.17390,0
1790049360000,85538.50,85560.20,85538.50,85543.80,71.796,1790049419999,6142512.28660,1817,26.856,2297655.83520,0
1790049420000,85543.90,85584.90,85543.80,85584.90,42.028,1790049479999,3596113.88140,1542,20.522,1755975.99610,0
1790049480000,85584.80,85620.00,85578.40,85600.00,127.988,1790049539999,10956056.52450,2521,90.964,7786674.70540,0
1790049540000,85600.00,85762.20,85600.00,85656.60,792.174,1790049599999,67875046.84340,7831,563.286,48269148.10480,0
1790049600000,85656.50,85670.40,85629.20,85641.50,82.435,1790049659999,7060583.77910,2437,33.624,2879881.54150,0
1790049660000,85641.50,85649.00,85615.50,85632.10,89.126,1790049719999,7631661.44050,2436,31.215,2672741.85680,0
1790049720000,85632.00,85636.30,85624.50,85624.50,32.559,1790049779999,2787941.92040,1052,15.240,1304964.64780,0
1790049780000,85624.50,85660.00,85609.60,85632.70,118.857,1790049839999,10177757.87650,3528,62.074,5315373.31790,0
1790049840000,85632.70,85705.50,85632.10,85673.40,256.843,1790049899999,22002865.65680,6996,160.789,13774178.77560,0
1790049900000,85673.30,85682.00,85597.70,85629.70,119.644,1790049959999,10244730.98150,4339,57.104,4889460.54550,0
1790049960000,85629.70,85710.60,85629.60,85662.60,239.360,1790050019999,20509967.93370,5505,136.166,11667841.11890,0
1790050020000,85662.60,85667.40,85640.00,85640.00,73.689,1790050079999,6311787.43930,1980,24.004,2056120.10310,0
1790050080000,85640.00,85640.10,85585.10,85587.40,79.987,1790050139999,6847788.87070,3344,29.549,2529744.09120,0
1790050140000,85587.30,85610.00,85587.30,85588.40,59.736,1790050199999,5113237.67720,3018,32.985,2823412.43550,0
1790050200000,85588.50,85640.00,85576.90,85631.40,67.555,1790050259999,5782893.75790,2631,33.363,2856154.75480,0
1790050260000,85631.40,85667.30,85615.50,85629.00,95.466,1790050319999,8176101.18980,2815,30.374,2601055.86340,0
1790050320000,85629.10,85630.50,85602.30,85625.00,33.870,1790050379999,2899808.39680,1672,13.071,1119094.98990,0
1790050380000,85625.00,85647.90,85606.40,85606.40,36.753,1790050439999,3147086.80730,2290,15.865,1358482.79560,0
1790050440000,85606.40,85628.50,85586.00,85586.00,36.060,1790050499999,3086710.27570,2159,16.789,1437134.81480,0
1790050500000,85586.00,85591.10,85573.50,85580.30,33.852,1790050559999,2897133.61060,1603,16.949,1450526.13660,0
1790050560000,85580.30,85602.10,85532.00,85536.00,120.229,1790050619999,10288182.03720,3069,33.291,2848675.61460,0
1790050620000,85536.00,85536.00,85484.70,85490.50,85.303,1790050679999,7293236.14230,2437,35.050,2996526.13860,0
1790050680000,85490.50,85501.90,85470.00,85497.20,67.609,1790050739999,5779545.41440,2431,25.244,2157922.49060,0
1790050740000,85497.30,85515.00,85494.40,85494.40,44.451,1790050799999,3800862.06870,2066,17.979,1537333.80480,0
1790050800000,85494.40,85508.70,85464.40,85507.50,84.606,1790050859999,7232169.97040,2543,36.427,3113767.60470,0
1790050860000,85507.60,85529.60,85497.90,85529.50,69.427,1790050919999,5937383.70970,2036,29.590,2530472.26580,0
1790050920000,85529.40,85569.10,85519.60,85519.60,87.213,1790050979999,7460753.46300,2725,30.739,2629544.75420,0
1790050980000,85519.60,85528.20,85491.50,85512.70,79.459,1790051039999,6794600.01670,2531,39.463,3374547.99330,0
1790051040000,85512.70,85544.10,85508.50,85544.00,52.041,1790051099999,4450478.97070,1842,30.719,2627004.32370,0
1790051100000,85544.10,85544.10,85487.70,85499.90,36.332,1790051159999,3106487.22330,1977,14.772,1262961.82900,0
1790051160000,85499.90,85561.20,85499.90,85551.50,43.956,1790051219999,3759950.10250,1881,26.109,2233296.06620,0
1790051220000,85551.30,85551.30,85500.00,85523.90,37.909,1790051279999,3241918.42940,1839,17.075,1460174.49850,0
1790051280000,85523.90,85605.90,85517.90,85537.90,677.864,1790051339999,58012251.47480,10961,408.709,34977479.97460,0
1790051340000,85538.00,85574.00,85520.50,85524.10,90.715,1790051399999,7760824.19350,3031,48.851,4179392.04890,0
1790051400000,85524.20,85533.60,85510.10,85525.70,43.761,1790051459999,3742375.59390,1889,16.500,1411050.13050,0
1790051460000,85525.70,85529.50,85494.30,85494.40,53.857,1790051519999,4605072.16180,2012,14.180,1212407.76340,0
1790051520000,85494.30,85497.50,85467.10,85483.10,58.016,1790051579999,4959362.77760,1893,18.432,1575550.26240,0
1790051580000,85483.10,85491.40,85451.00,85451.00,119.505,1790051639999,10213885.48280,2595,28.651,2448873.49740,0
1790051640000,85451.00,85451.10,85424.80,85430.10,96.782,1790051699999,8268478.80460,2115,22.086,1886816.91270,0
1790051700000,85430.20,85464.20,85430.10,85459.20,77.164,1790051759999,6593441.58820,2171,36.404,3110454.57760,0
1790051760000,85459.20,85459.30,85429.70,85429.70,61.373,1790051819999,5243923.66720,1455,31.343,2678003.54590,0
1790051820000,85429.70,85534.30,85419.20,85534.30,121.655,1790051879999,10398422.14340,3613,70.401,6017093.12270,0
1790051880000,85534.20,85552.90,85530.00,85530.00,57.155,1790051939999,4888963.95750,1760,19.767,1690797.48430,0
1790051940000,85530.00,85570.00,85522.10,85532.10,78.191,1790051999999,6689056.75960,3109,32.220,2756253.37990,0
1790052000000,85532.10,85549.90,85507.20,85520.20,71.212,1790052059999,6090563.49250,2780,19.995,1710100.12590,0
1790052060000,85520.20,85582.40,85514.90,85577.60,85.981,1790052119999,7356436.24850,3191,28.835,2466983.06230,0
1790052120000,85577.50,85577.50,85524.80,85524.90,143.527,1790052179999,12278694.81270,2256,19.429,1662002.73480,0
1790052180000,85524.90,85531.20,85511.00,85531.10,29.328,1790052239999,2508094.55120,1143,6.975,596479.76180,0
1790052240000,85531.10,85531.20,85480.20,85480.20,131.603,1790052299999,11252682.07100,2360,15.896,1358969.82560,0
1790052300000,85480.20,85480.30,85460.00,85474.10,53.225,1790052359999,4549190.98140,1702,21.864,1868717.15550,0
1790052360000,85474.20,85482.70,85450.00,85450.00,30.730,1790052419999,2626313.45300,1279,12.966,1108146.05710,0
1790052420000,85450.10,85451.50,85430.00,85451.40,64.887,1790052479999,5543771.70670,2014,23.102,1973774.99840,0
1790052480000,85451.40,85456.60,85426.10,85426.10,30.056,1790052539999,2568029.26490,1362,12.193,1041801.22540,0
1790052540000,85426.10,85458.00,85424.00,85457.90,48.408,1790052599999,4135635.86040,1379,29.401,2511772.65610,0
1790052600000,85457.90,85474.40,85405.00,85409.30,56.815,1790052659999,4853428.29100,2265,9.711,829523.92600,0
1790052660000,85409.40,85459.40,85400.80,85459.30,102.830,1790052719999,8784343.91890,2491,37.805,3229381.65630,0
1790052720000,85459.30,85492.70,85438.80,85492.60,65.547,1790052779999,5602266.09450,2743,21.096,1802970.52580,0
1790052780000,85492.60,85492.60,85464.30,85476.80,76.682,1790052839999,6554573.72570,2568,30.739,2627443.02650,0
1790052840000,85476.90,85485.90,85466.50,85473.40,64.635,1790052899999,5524670.50290,2119,17.001,1453157.31190,0
1790052900000,85473.40,85500.00,85421.30,85424.00,121.698,1790052959999,10402919.73870,3304,41.599,3556304.98680,0
1790052960000,85424.20,85424.20,85400.00,85412.60,128.265,1790053019999,10954800.67790,2094,44.100,3766437.77500,0
1790053020000,85412.60,85418.10,85402.00,85405.30,55.637,1790053079999,4751819.89120,1570,19.780,1689330.07160,0
1790053080000,85405.30,85418.00,85400.00,85400.00,420.839,1790053139999,35940473.94340,2069,24.880,2124988.88220,0
1790053140000,85400.00,85424.80,85400.00,85424.70,101.066,1790053199999,8631374.05890,1274,45.827,3913798.11280,0
1790053200000,85424.80,85442.80,85400.00,85403.70,286.031,1790053259999,24428468.50560,2697,42.890,3663175.26960,0
1790053260000,85403.70,85403.80,85316.00,85397.80,955.130,1790053319999,81549831.84990,4749,178.337,15221521.88580,0
1790053320000,85397.70,85464.20,85376.10,85376.10,109.072,1790053379999,9318907.25470,3647,48.301,4126775.63920,0
1790053380000,85376.10,85400.00,85360.20,85380.40,107.978,1790053439999,9219108.84560,2515,25.162,2148299.76270,0
1790053440000,85380.50,85404.20,85350.00,85371.40,136.100,1790053499999,11619135.60200,3292,51.049,4358132.29230,0
1790053500000,85371.50,85407.60,85350.40,85394.40,85.106,1790053559999,7265615.83970,2867,52.203,4456541.24840,0
1790053560000,85394.40,85442.50,85381.90,85437.30,131.312,1790053619999,11216376.61000,2637,86.510,7389321.06340,0
1790053620000,85437.30,85479.60,85429.90,85445.50,131.368,1790053679999,11225706.48230,3201,67.095,5733478.12050,0
1790053680000,85445.50,85477.60,85414.00,85471.80,178.850,1790053739999,15284376.20030,3542,101.600,8682549.99010,0
1790053740000,85471.70,85478.20,85417.10,85441.60,62.451,1790053799999,5336244.91110,2263,23.299,1990836.49270,0
1790053800000,85441.60,85445.00,85416.60,85445.00,44.470,1790053859999,3798994.83420,1776,16.604,1418455.59750,0
1790053860000,85445.00,85469.30,85404.20,85411.20,45.947,1790053919999,3925928.33780,2038,11.546,986567.45720,0
1790053920000,85411.20,85411.20,85350.30,85355.00,145.475,1790053979999,12418428.60300,2546,67.387,5752184.12510,0
1790053980000,85355.00,85384.40,85352.80,85384.30,46.930,1790054039999,4005880.86920,1428,21.224,1811642.25320,0
1790054040000,85384.40,85384.40,85350.00,85374.90,52.968,1790054099999,4521355.66190,1704,31.374,2677951.90380,0
1790054100000,85375.00,85384.40,85316.00,85323.70,60.456,1790054159999,5159603.70100,2080,13.862,1182967.01290,0
1790054160000,85323.70,85350.00,85288.10,85332.50,135.490,1790054219999,11557655.53430,3577,62.021,5290420.16260,0
1790054220000,85332.50,85332.50,85270.20,85290.00,70.379,1790054279999,6002771.97670,2615,30.984,2642530.01260,0
1790054280000,85290.10,85299.30,85166.00,85213.40,496.495,1790054339999,42309053.66340,9670,148.928,12691348.67040,0
1790054340000,85213.50,85237.60,85185.60,85195.90,214.363,1790054399999,18264166.87500,3728,123.434,10516901.94010,0
1790054400000,85196.00,85246.10,85180.00,85232.00,192.424,1790054459999,16397925.11770,4399,123.889,10557550.40900,0
1790054460000,85232.10,85257.80,85222.00,85257.80,133.134,1790054519999,11347896.49950,3293,63.449,5408166.46750,0
1790054520000,85257.80,85298.00,85257.70,85291.00,86.832,1790054579999,7404604.46070,2588,50.312,4290322.47150,0
1790054580000,85290.90,85312.00,85274.60,85307.90,64.769,1790054639999,5524242.28230,1896,38.517,3285168.50940,0
1790054640000,85308.00,85330.50,85212.60,85212.70,215.725,1790054699999,18398528.54810,3968,70.990,6054462.82010,0
1790054700000,85212.60,85229.10,85123.30,85134.50,387.764,1790054759999,33021941.05900,6058,75.433,6424349.61920,0
1790054760000,85134.50,85198.00,85109.00,85198.00,161.042,1790054819999,13710884.07260,3710,58.544,4985001.04900,0
1790054820000,85197.90,85210.70,85130.80,85135.00,81.611,1790054879999,6951160.19550,3196,41.484,3533392.78520,0
1790054880000,85135.00,85181.70,85128.00,85166.70,144.541,1790054939999,12306946.45620,3363,59.840,5094902.02190,0
1790054940000,85166.80,85199.20,85157.80,85181.20,95.683,1790054999999,8150302.16570,2777,67.451,5745518.16590,0
1790055000000,85181.10,85216.70,85123.30,85147.50,124.853,1790055059999,10633768.44600,4192,77.120,6568410.40750,0
1790055060000,85147.60,85147.60,85100.00,85106.00,180.423,1790055119999,15356248.65550,3646,98.707,8401403.21560,0
1790055120000,85106.00,85106.00,85080.00,85091.50,177.319,1790055179999,15088805.79730,3511,79.919,6800590.74840,0
1790055180000,85091.50,85144.10,85088.00,85144.10,98.226,1790055239999,8359389.67150,3620,57.660,4907197.53020,0
1790055240000,85144.10,85192.90,85122.90,85164.20,92.777,1790055299999,7901218.62790,3523,46.304,3943394.72760,0
1790055300000,85164.20,85182.30,85123.70,85125.90,207.699,1790055359999,17689069.32770,3295,161.696,13771221.91140,0
1790055360000,85125.90,85180.90,85100.00,85160.40,70.817,1790055419999,6029843.26370,2708,42.461,3615405.44640,0
1790055420000,85160.40,85260.30,85160.30,85251.10,141.338,1790055479999,12048019.31830,3223,81.654,6959760.03510,0
1790055480000,85251.00,85291.30,85218.90,85291.30,183.514,1790055539999,15645857.16410,4308,111.195,9480201.57760,0
1790055540000,85291.20,85325.40,85290.00,85320.40,152.366,1790055599999,12997882.56780,2806,85.665,7307922.15170,0
1790055600000,85320.40,85381.70,85320.30,85347.80,313.206,1790055659999,26733854.80450,4688,169.068,14430343.29670,0
1790055660000,85347.80,85389.00,85347.80,85352.10,86.524,1790055719999,7385974.65830,2092,57.419,4901492.94770,0
1790055720000,85352.10,85389.20,85352.10,85375.40,63.541,1790055779999,5424807.89080,2734,47.391,4045984.62370,0
1790055780000,85375.40,85397.20,85375.30,85397.20,59.939,1790055839999,5118019.44490,2096,43.539,3717622.76020,0
1790055840000,85397.20,85400.70,85387.70,85400.60,31.123,1790055899999,2657765.45790,1336,21.558,1840958.95930,0
1790055900000,85400.60,85475.30,85400.60,85465.80,159.813,1790055959999,13657583.90890,3414,117.940,10078863.08940,0
1790055960000,85465.70,85507.00,85465.70,85502.90,156.535,1790056019999,13382528.88000,3686,114.470,9786317.84140,0
1790056020000,85502.80,85526.10,85502.80,85520.30,94.098,1790056079999,8046851.70760,2191,62.671,5359261.38800,0
1790056080000,85520.20,85548.70,85515.00,85519.80,123.111,1790056139999,10529866.87920,3384,65.556,5607058.86240,0
1790056140000,85519.80,85540.40,85500.00,85506.20,90.590,1790056199999,7747415.39480,2371,24.186,2068452.59310,0
1790056200000,85506.20,85520.70,85464.20,85467.80,64.995,1790056259999,5556391.65870,2687,30.968,2647319.87770,0
1790056260000,85467.70,85526.40,85467.70,85526.40,84.274,1790056319999,7205638.17240,2801,69.829,5970433.37700,0
1790056320000,85526.30,85555.00,85516.70,85555.00,92.700,1790056379999,7928921.03470,2188,72.106,6167543.91060,0
1790056380000,85554.90,85571.00,85546.60,85546.70,154.833,1790056439999,13247986.49500,2266,114.801,9822635.17550,0
1790056440000,85546.60,85556.90,85486.40,85495.80,91.986,1790056499999,7866510.23810,2359,31.666,2708254.29590,0
1790056500000,85495.70,85506.10,85479.00,85481.00,54.513,1790056559999,4660515.70410,1738,18.506,1582161.60170,0
1790056560000,85481.00,85497.60,85476.80,85476.80,57.329,1790056619999,4901016.02410,1258,18.258,1560863.03750,0
1790056620000,85476.80,85493.40,85476.80,85488.70,31.422,1790056679999,2686211.14030,1037,18.037,1541936.08900,0
1790056680000,85488.60,85488.70,85384.60,85395.30,486.939,1790056739999,41599995.46270,5465,74.820,6390943.28130,0
1790056740000,85395.20,85402.40,85364.30,85377.20,160.891,1790056799999,13738180.37850,2507,63.817,5448901.71970,0
1790056800000,85377.30,85430.50,85373.30,85430.40,96.258,1790056859999,8219867.35030,3079,40.024,3418159.87630,0
1790056860000,85430.50,85449.90,85400.00,85413.10,107.236,1790056919999,9160483.50760,3120,71.791,6132340.50390,0
1790056920000,85413.10,85413.20,85366.60,85366.60,76.274,1790056979999,6512588.92910,2380,13.436,1147190.01400,0
1790056980000,85366.60,85378.60,85350.50,85354.90,59.399,1790057039999,5070434.88360,2159,32.869,2805805.07870,0
1790057040000,85354.90,85355.00,85300.00,85300.00,79.580,1790057099999,6790469.60910,2520,21.106,1800894.65520,0
1790057100000,85300.10,85330.00,85300.00,85329.90,35.617,1790057159999,3038652.01020,1635,16.255,1386757.47150,0
1790057160000,85329.90,85337.40,85303.20,85312.10,46.887,1790057219999,4000381.32660,2205,24.864,2121394.27600,0
1790057220000,85312.10,85312.20,85282.80,85285.20,63.653,1790057279999,5429288.64420,2064,18.940,1615412.24220,0
1790057280000,85285.20,85344.00,85285.20,85344.00,45.089,1790057339999,3846636.85950,1781,36.582,3120897.90670,0
1790057340000,85344.00,85357.20,85293.10,85293.10,47.381,1790057399999,4043152.13740,1931,19.327,1649334.51980,0
1790057400000,85293.10,85305.90,85271.30,85282.50,65.473,1790057459999,5583869.44580,2302,20.922,1784341.39720,0
1790057460000,85282.40,85296.00,85260.00,85268.70,38.245,1790057519999,3260999.17840,1971,15.396,1312762.01800,0
1790057520000,85268.70,85268.90,85248.90,85248.90,47.595,1790057579999,4058050.29160,1549,16.197,1381023.80530,0
1790057580000,85248.90,85268.30,85228.60,85232.80,50.356,1790057639999,4292524.33380,2275,19.302,1645334.60820,0
1790057640000,85232.70,85351.40,85232.70,85323.80,138.847,1790057699999,11842992.57000,4196,90.734,7738445.18270,0
1790057700000,85323.80,85349.60,85278.40,85278.40,45.643,1790057759999,3894348.07670,2158,10.584,903028.60920,0
1790057760000,85278.50,85337.60,85247.90,85255.40,60.068,1790057819999,5123734.26770,2802,30.929,2638635.56070,0
1790057820000,85255.50,85292.00,85255.40,85292.00,33.880,1790057879999,2889215.64050,1890,25.151,2144822.91210,0
1790057880000,85291.90,85295.90,85260.20,85276.10,21.638,1790057939999,1845158.95480,1687,12.902,1100181.06530,0
1790057940000,85276.20,85276.20,85220.00,85220.10,35.010,1790057999999,2984174.43600,1944,14.241,1213844.13940,0
1790058000000,85220.10,85259.70,85220.00,85237.10,33.603,1790058059999,2864188.23330,1713,16.281,1387693.26630,0
1790058060000,85237.10,85252.30,85223.00,85249.90,22.974,1790058119999,1958249.36130,1434,12.789,1090129.61950,0
1790058120000,85249.90,85266.70,85224.00,85231.20,26.652,1790058179999,2272061.13570,1461,10.369,883892.73880,0
1790058180000,85231.00,85237.70,85216.30,85234.80,43.456,1790058239999,3703586.42510,1185,27.261,2323320.75570,0
1790058240000,85234.80,85237.70,85224.10,85231.40,27.376,1790058299999,2333295.05860,1279,8.156,695126.05140,0
1790058300000,85231.30,85260.40,85229.10,85260.40,26.806,1790058359999,2285017.55670,1477,16.677,1421612.76940,0
1790058360000,85260.40,85316.00,85260.40,85298.90,59.098,1790058419999,5040671.57070,2188,46.587,3973512.38380,0
1790058420000,85299.00,85299.00,85255.10,85270.20,67.647,1790058479999,5768638.00640,1870,20.788,1772498.33500,0
1790058480000,85270.20,85302.30,85270.10,85278.50,42.410,1790058539999,3617131.33690,1352,28.606,2439736.95740,0
1790058540000,85278.60,85347.50,85278.50,85341.70,55.730,1790058599999,4754733.73070,1693,46.892,4000603.36570,0
1790058600000,85341.70,85341.70,85312.10,85328.20,43.810,1790058659999,3738095.08220,1593,15.596,1330630.47920,0
1790058660000,85328.40,85438.30,85312.10,85435.20,260.574,1790058719999,22252106.93090,4864,221.311,18899011.31180,0
1790058720000,85435.10,85448.30,85404.40,85448.30,174.297,1790058779999,14889641.24970,3767,138.425,11825302.77160,0
1790058780000,85448.30,85484.60,85442.30,85452.00,99.399,1790058839999,8495258.69350,2652,53.565,4578008.06270,0
1790058840000,85452.00,85511.50,85438.80,85438.90,104.839,1790058899999,8961954.15610,3060,67.392,5760788.75270,0
1790058900000,85438.80,85471.70,85438.80,85450.10,33.455,1790058959999,2858882.03660,1592,24.379,2083264.58190,0
1790058960000,85450.00,85469.40,85438.50,85469.40,75.801,1790059019999,6477383.05050,1921,60.163,5141074.30160,0
1790059020000,85469.30,85499.90,85440.00,85499.90,119.629,1790059079999,10224802.02640,2945,94.589,8084668.90140,0
1790059080000,85499.80,85524.00,85484.90,85523.90,99.861,1790059139999,8538137.27630,2256,74.986,6411210.56750,0
1790059140000,85523.90,85549.10,85484.80,85527.50,96.597,1790059199999,8261266.19890,2906,67.194,5746590.49290,0
1790059200000,85527.50,85536.30,85492.60,85520.00,55.422,1790059259999,4739396.56060,2061,40.128,3431485.05650,0
1790059260000,85520.00,85537.90,85508.70,85534.30,164.765,1790059319999,14091065.95970,2189,107.271,9173925.70160,0
1790059320000,85534.20,85534.20,85514.90,85516.50,57.303,1790059379999,4900464.40770,1441,28.056,2399261.90530,0
1790059380000,85516.40,85516.40,85471.10,85476.90,228.229,1790059439999,19509793.70580,3237,111.831,9559374.24260,0
1790059440000,85476.80,85476.80,85453.00,85453.10,42.259,1790059499999,3611492.21060,1242,18.069,1544182.95280,0
1790059500000,85453.00,85453.10,85431.70,85431.70,34.548,1790059559999,2951750.16610,1160,7.248,619234.15300,0
1790059560000,85431.70,85452.70,85426.60,85426.60,51.031,1790059619999,4360102.38130,1366,24.457,2089509.16790,0
1790059620000,85426.60,85430.00,85410.00,85413.20,72.214,1790059679999,6168730.15900,1393,12.176,1040111.14910,0
1790059680000,85413.10,85438.80,85400.00,85438.80,55.687,1790059739999,4756088.07310,1498,17.347,1481636.52520,0
1790059740000,85438.70,85438.80,85413.60,85420.00,35.728,1790059799999,3052093.65540,1015,15.976,1364683.04410,0
1790059800000,85419.90,85438.30,85401.60,85401.60,60.226,1790059859999,5144441.64810,1732,18.072,1543777.62270,0
1790059860000,85401.60,85420.00,85401.60,85415.50,22.133,1790059919999,1890434.66640,870,13.587,1160507.08990,0
1790059920000,85415.50,85467.00,85415.50,85466.90,47.869,1790059979999,4090716.06530,1677,40.153,3431302.90010,0
1790059980000,85466.90,85472.50,85429.40,85459.20,106.083,1790060039999,9064812.27950,2044,67.876,5799690.14310,0
1790060040000,85459.10,85459.20,85416.00,85416.10,50.527,1790060099999,4316760.00350,1429,18.750,1601827.62950,0
1790060100000,85416.00,85416.10,85395.00,85395.10,20.754,1790060159999,1772434.82970,842,4.545,388151.89590,0
1790060160000,85395.00,85399.10,85341.60,85341.70,212.752,1790060219999,18165421.73870,2912,35.843,3060273.66210,0
1790060220000,85341.70,85357.60,85340.00,85346.30,63.368,1790060279999,5408304.48960,1529,49.797,4250053.98570,0
1790060280000,85346.20,85346.30,85324.00,85324.10,25.213,1790060339999,2151597.94930,747,3.323,283586.53530,0
1790060340000,85324.10,85374.40,85324.00,85349.90,80.158,1790060399999,6841778.69840,2160,62.679,5349757.56780,0
1790060400000,85350.00,85354.80,85340.00,85343.80,35.482,1790060459999,3028335.58920,1460,22.770,1943371.23930,0
1790060460000,85343.80,85350.10,85335.00,85335.10,36.586,1790060519999,3122448.59020,1188,13.506,1152664.94500,0
1790060520000,85335.00,85368.40,85333.00,85338.50,46.155,1790060579999,3939250.66180,1863,20.041,1710497.95950,0
1790060580000,85338.40,85338.50,85324.10,85324.10,480.085,1790060639999,40963007.41030,1368,8.963,764819.66560,0
1790060640000,85324.20,85350.10,85250.20,85323.30,720.245,1790060699999,61448421.48530,4913,54.000,4606223.59690,0
1790060700000,85323.20,85363.90,85302.80,85307.10,43.843,1790060759999,3741418.83470,2249,23.707,2023079.93450,0
1790060760000,85307.20,85347.20,85291.30,85324.80,62.289,1790060819999,5314051.41720,2314,34.509,2944093.32470,0
1790060820000,85324.80,85400.00,85309.30,85392.40,70.194,1790060879999,5991433.70880,2236,52.377,4470242.09980,0
1790060880000,85392.30,85392.40,85340.00,85349.90,88.968,1790060939999,7594152.64510,2426,17.300,1476783.90300,0
1790060940000,85350.00,85411.50,85349.90,85401.80,30.800,1790060999999,2629676.78780,1415,16.625,1419265.40720,0
1790061000000,85401.70,85459.40,85380.30,85450.20,379.589,1790061059999,32430873.23670,3853,218.659,18679437.93860,0
1790061060000,85450.10,85475.00,85450.00,85450.00,202.280,1790061119999,17287181.29700,2553,135.222,11556288.31490,0
1790061120000,85450.00,85461.00,85429.70,85461.00,96.547,1790061179999,8249309.27220,2673,51.084,4364790.32370,0
1790061180000,85460.90,85464.30,85413.40,85413.40,45.266,1790061239999,3867686.81700,1607,12.827,1095955.67540,0
1790061240000,85413.40,85447.50,85411.30,85412.10,55.685,1790061299999,4757057.22050,1737,21.742,1857348.45130,0
1790061300000,85412.00,85429.50,85377.00,85389.00,114.100,1790061359999,9743924.61760,2351,66.244,5657276.47420,0
1790061360000,85388.90,85409.30,85355.10,85388.40,65.381,1790061419999,5582019.76990,2616,45.109,3851160.29680,0
1790061420000,85388.30,85437.20,85388.30,85406.40,29.530,1790061479999,2522322.72020,1538,17.330,1480219.30860,0
1790061480000,85406.00,85406.10,85360.10,85360.10,23.034,1790061539999,1966692.24750,1221,7.958,679492.10850,0
1790061540000,85360.10,85360.20,85303.00,85303.20,95.052,1790061599999,8110596.40170,1832,31.283,2669188.93350,0
1790061600000,85303.10,85336.50,85299.30,85312.40,74.644,1790061659999,6368326.31770,2114,52.811,4505656.95040,0
1790061660000,85312.40,85312.50,85170.60,85221.60,569.594,1790061719999,48543188.35530,6039,83.295,7098702.80280,0
1790061720000,85221.50,85249.90,85165.00,85185.70,287.911,1790061779999,24532319.41480,5701,107.576,9167578.02840,0
1790061780000,85185.60,85236.10,85178.00,85201.60,151.589,1790061839999,12915050.63680,2834,104.408,8894979.74590,0
1790061840000,85201.60,85234.60,85180.00,85190.00,175.955,1790061899999,14991558.95180,3550,118.271,10076765.09700,0
1790061900000,85190.00,85241.30,85180.00,85233.80,95.958,1790061959999,8176929.96160,2957,70.089,5972395.11540,0
1790061960000,85233.90,85237.80,85200.40,85211.80,35.617,1790062019999,3035341.78560,1349,14.132,1204308.21800,0
1790062020000,85211.80,85264.90,85200.50,85264.90,54.919,1790062079999,4680427.69090,2045,47.478,4046360.55680,0
1790062080000,85264.90,85268.80,85238.00,85246.70,51.523,1790062139999,4392118.40860,1162,36.829,3139451.93770,0
1790062140000,85246.60,85289.40,85246.60,85289.40,112.617,1790062199999,9602391.94390,1500,106.053,9042741.29280,0
1790062200000,85289.40,85299.60,85252.20,85263.90,82.123,1790062259999,7003228.24800,2080,44.236,3771968.62920,0
1790062260000,85263.80,85299.80,85258.00,85299.70,39.675,1790062319999,3383457.83500,1715,23.834,2032560.80320,0
1790062320000,85299.70,85299.80,85223.30,85223.70,64.250,1790062379999,5477982.67640,2167,22.826,1945999.03190,0
1790062380000,85223.60,85223.70,85183.90,85186.40,84.900,1790062439999,7233202.58130,1865,22.874,1948720.22960,0
1790062440000,85186.40,85186.50,85155.90,85171.10,103.713,1790062499999,8833275.36630,2154,40.760,3471389.82270,0
1790062500000,85171.10,85171.10,85143.00,85153.50,126.548,1790062559999,10776131.28210,2156,61.732,5256780.68700,0
1790062560000,85153.50,85184.30,85132.00,85180.80,116.641,1790062619999,9933361.32930,3477,47.642,4057648.92540,0
1790062620000,85180.70,85180.80,85136.50,85165.70,123.611,1790062679999,10525600.07360,2645,67.435,5741903.69680,0
1790062680000,85165.60,85182.60,85148.00,85174.20,114.635,1790062739999,9762806.28800,2498,55.519,4728367.36370,0
1790062740000,85174.20,85226.40,85174.20,85225.90,90.756,1790062799999,7732747.94390,2591,63.586,5417628.31700,0
1790062800000,85226.00,85255.60,85211.00,85216.20,72.758,1790062859999,6201908.70200,2419,29.156,2485174.52380,0
1790062860000,85216.30,85223.60,85209.00,85209.40,50.792,1790062919999,4328191.70860,1305,22.495,1916902.31560,0
1790062920000,85209.30,85219.50,85200.20,85219.10,53.076,1790062979999,4522731.27700,1844,29.030,2473722.20370,0
1790062980000,85219.10,85219.20,85190.90,85196.10,54.508,1790063039999,4644110.81010,1289,25.984,2213792.45130,0
1790063040000,85196.20,85220.30,85181.10,85220.30,45.806,1790063099999,3902427.67590,1516,24.475,2085181.07670,0
1790063100000,85220.20,85296.90,85220.20,85270.50,111.885,1790063159999,9540777.81000,2966,71.394,6087922.40390,0
1790063160000,85270.50,85282.50,85252.90,85252.90,61.777,1790063219999,5267727.63060,1475,19.193,1636635.65230,0
1790063220000,85252.90,85253.00,85228.90,85228.90,57.996,1790063279999,4943879.37380,1321,27.621,2354606.48360,0
1790063280000,85228.90,85256.00,85214.60,85246.10,76.210,1790063339999,6496103.23340,2239,38.884,3314332.20510,0
1790063340000,85246.10,85287.60,85240.10,85240.10,50.367,1790063399999,4294614.73600,1875,21.798,1858647.74520,0
1790063400000,85240.10,85269.60,85240.10,85254.80,60.762,1790063459999,5180447.44170,1493,37.759,3219216.78710,0
1790063460000,85254.80,85278.30,85240.00,85240.10,61.324,1790063519999,5228499.49860,1851,40.862,3483889.12540,0
1790063520000,85240.00,85261.50,85239.30,85261.50,76.047,1790063579999,6483484.82910,1444,57.362,4890407.93050,0
1790063580000,85261.40,85295.80,85261.40,85286.60,66.624,1790063639999,5681809.29020,2155,32.679,2786739.17390,0
1790063640000,85286.50,85306.10,85283.50,85294.70,74.085,1790063699999,6319192.35890,1700,49.682,4237669.54830,0
1790063700000,85294.60,85294.70,85276.90,85279.80,69.570,1790063759999,5933327.28420,1179,23.216,1979867.75740,0
1790063760000,85279.90,85303.60,85270.20,85294.80,82.374,1790063819999,7025757.68630,1692,44.022,3754612.78030,0
1790063820000,85294.90,85294.90,85243.60,85255.20,111.828,1790063879999,9535012.27170,2408,41.312,3522146.57300,0
1790063880000,85255.30,85296.20,85254.40,85281.70,106.346,1790063939999,9069101.69160,2513,76.454,6519931.07100,0
1790063940000,85281.60,85324.70,85281.60,85324.70,67.883,1790063999999,5790202.07510,1585,48.014,4095474.40370,0
1790064000000,85324.70,85414.50,85324.70,85385.30,227.071,1790064059999,19383344.51280,5380,134.416,11474599.84110,0
1790064060000,85385.30,85449.30,85369.10,85407.10,379.300,1790064119999,32395156.78840,5422,272.884,23306920.84510,0
1790064120000,85407.10,85430.00,85355.90,85412.00,109.905,1790064179999,9386011.24730,3179,27.108,2315266.67800,0
1790064180000,85412.00,85412.10,85305.70,85311.70,91.657,1790064239999,7823177.83660,2131,13.782,1176220.33870,0
1790064240000,85311.70,85474.60,85311.70,85450.10,140.243,1790064299999,11978597.76190,4766,90.806,7755877.93730,0
1790064300000,85450.00,85463.30,85417.50,85417.50,72.851,1790064359999,6224767.61630,2132,20.285,1733269.88390,0
1790064360000,85417.50,85454.30,85397.60,85400.70,70.014,1790064419999,5982093.09050,2615,42.733,3651142.58650,0
1790064420000,85400.70,85429.00,85379.40,85429.00,67.434,1790064479999,5758764.65820,2755,46.365,3959461.86670,0
1790064480000,85428.90,85492.00,85425.60,85468.50,164.891,1790064539999,14092456.11850,3061,119.690,10228954.74720,0
1790064540000,85468.60,85482.30,85438.80,85477.40,56.439,1790064599999,4822965.07480,1875,35.050,2995066.70500,0
1790064600000,85477.40,85477.50,85451.50,85451.50,36.355,1790064659999,3107204.02270,1121,12.816,1095349.81230,0
1790064660000,85451.50,85492.30,85444.60,85481.70,66.986,1790064719999,5725829.98340,2038,48.862,4176573.13730,0
1790064720000,85481.60,85481.70,85459.00,85479.10,65.964,1790064779999,5638147.97440,1587,42.539,3635857.27970,0
1790064780000,85479.00,85514.80,85479.00,85486.70,202.063,1790064839999,17276322.65020,3263,155.652,13308077.01150,0
1790064840000,85486.60,85486.70,85455.30,85455.40,32.658,1790064899999,2791422.55480,1140,12.666,1082615.57460,0
1790064900000,85455.30,85455.30,85402.30,85426.50,84.610,1790064959999,7227421.84640,2159,30.924,2641542.27080,0
1790064960000,85426.40,85464.00,85406.70,85462.60,89.435,1790065019999,7641107.32100,2409,49.738,4249320.04190,0
1790065020000,85462.50,85504.70,85444.00,85444.00,51.104,1790065079999,4368629.45670,2120,13.406,1145966.81470,0
1790065080000,85444.00,85455.90,85425.80,85444.20,46.046,1790065139999,3934096.45830,1590,18.223,1556917.87340,0
1790065140000,85444.10,85480.20,85437.00,85480.20,82.655,1790065199999,7063669.45390,1287,68.676,5868964.48610,0
1790065200000,85480.10,85516.10,85467.60,85479.90,82.350,1790065259999,7040001.18980,1869,59.361,5074714.16870,0
1790065260000,85479.90,85521.10,85479.90,85516.50,97.164,1790065319999,8308348.59250,1863,48.179,4119344.91010,0
1790065320000,85516.40,85516.50,85500.00,85500.20,65.188,1790065379999,5574224.52940,1091,36.959,3160376.83130,0
1790065380000,85500.20,85503.50,85480.10,85493.80,63.057,1790065439999,5390903.32800,1412,37.796,3231196.41230,0
1790065440000,85493.80,85503.50,85493.80,85494.00,38.836,1790065499999,3320319.80730,756,16.616,1420583.98410,0
1790065500000,85493.90,85643.00,85421.90,85421.90,418.249,1790065559999,35783389.75670,8063,293.848,25143931.75230,0
1790065560000,85421.90,85465.50,85421.90,85461.60,92.364,1790065619999,7891946.99280,1985,70.632,6035073.55910,0
1790065620000,85461.50,85461.60,85410.00,85423.10,50.794,1790065679999,4338869.54020,1896,22.941,1959626.63060,0
1790065680000,85423.10,85423.10,85390.80,85390.80,53.903,1790065739999,4603366.16160,1474,8.839,754829.99310,0
1790065740000,85390.80,85396.80,85363.60,85382.90,250.727,1790065799999,21407253.91300,3173,42.443,3623750.22220,0
1790065800000,85382.90,85396.80,85350.00,85350.00,146.440,1790065859999,12501697.05470,2200,29.922,2554768.99550,0
1790065860000,85350.00,85399.20,85287.20,85384.00,156.449,1790065919999,13350930.37980,5125,66.464,5672909.99730,0
1790065920000,85384.40,85466.30,85384.40,85390.70,102.389,1790065979999,8746092.21810,4096,65.793,5620133.46810,0
1790065980000,85390.70,85485.80,85362.70,85475.10,91.337,1790066039999,7800099.11970,2694,31.560,2695989.83520,0
1790066040000,85474.80,85492.50,85445.00,85492.50,91.933,1790066099999,7857849.85660,2131,76.438,6533522.76660,0
1790066100000,85492.40,85669.70,85492.40,85657.70,404.839,1790066159999,34657795.58360,8427,315.115,26976134.93680,0
1790066160000,85657.60,85749.60,85650.00,85749.20,364.648,1790066219999,31253567.07890,7889,211.156,18097183.92000,0
1790066220000,85749.10,85833.20,85726.70,85768.20,536.443,1790066279999,46017100.07190,9827,320.214,27467927.13810,0
1790066280000,85768.10,85875.80,85753.90,85775.70,628.849,1790066339999,53970074.54930,10653,405.711,34819555.35760,0
1790066340000,85775.60,85879.70,85763.00,85855.90,408.440,1790066399999,35048504.01210,7486,245.226,21043449.83060,0
1790066400000,85855.80,85899.00,85803.00,85879.90,523.658,1790066459999,44954616.46840,7980,380.925,32702834.28150,0
1790066460000,85879.90,85944.30,85855.60,85919.30,596.984,1790066519999,51285179.29460,8370,437.457,37581327.71280,0
1790066520000,85919.30,85965.00,85902.60,85949.00,390.108,1790066579999,33525737.11300,5971,263.778,22668603.76840,0
1790066580000,85948.90,86087.90,85936.60,86042.80,904.717,1790066639999,77841453.59820,12376,633.715,54522822.43840,0
1790066640000,86042.80,86133.20,85978.30,86116.10,541.276,1790066699999,46581530.77240,8553,354.660,30524653.86010,0
1790066700000,86116.00,86140.00,85998.60,86022.00,512.440,1790066759999,44108707.77640,8584,221.044,19029845.03980,0
1790066760000,86022.00,86076.80,85988.70,86076.70,356.532,1790066819999,30667148.93010,4955,218.103,18760461.64170,0
1790066820000,86076.70,86217.90,86073.50,86213.30,545.937,1790066879999,47038509.50700,8834,373.853,32211633.02690,0
1790066880000,86213.20,86259.60,86167.50,86171.30,673.333,1790066939999,58046864.68560,9202,322.226,27780385.39790,0
1790066940000,86171.30,86200.00,86107.00,86158.20,410.451,1790066999999,35363231.28480,6607,142.492,12277699.93960,0
1790067000000,86158.10,86200.00,86103.40,86188.00,532.474,1790067059999,45867166.80770,6285,353.716,30468734.32950,0
1790067060000,86187.90,86233.70,86136.30,86211.50,270.045,1790067119999,23272591.95390,5252,170.160,14665591.47810,0
1790067120000,86211.50,86283.20,86200.40,86283.10,208.385,1790067179999,17971478.65450,3640,136.140,11741122.82920,0
1790067180000,86283.10,86365.50,86273.30,86287.30,503.946,1790067239999,43495206.61350,7640,329.145,28409639.22450,0
1790067240000,86287.20,86289.90,86200.40,86225.10,264.219,1790067299999,22786515.54910,4761,100.029,8626615.81110,0
1790067300000,86225.00,86273.70,86225.00,86244.60,145.062,1790067359999,12511298.34720,2549,96.492,8322063.65020,0
1790067360000,86244.60,86244.70,86172.40,86187.50,216.840,1790067419999,18693433.54490,3636,76.678,6609332.53210,0
1790067420000,86187.40,86192.00,86166.30,86186.90,162.918,1790067479999,14040122.36790,2731,94.240,8121551.58280,0
1790067480000,86186.90,86206.60,86150.00,86156.40,123.066,1790067539999,10605138.63820,2356,57.197,4929154.34260,0
1790067540000,86156.30,86190.70,86154.90,86179.10,102.141,1790067599999,8802259.39790,1828,68.140,5872171.02530,0
1790067600000,86179.10,86179.10,86055.50,86055.50,370.308,1790067659999,31887465.49350,4961,51.392,4425522.39120,0
1790067660000,86055.50,86065.70,85966.90,85986.50,720.882,1790067719999,62010701.17690,8024,194.184,16701922.68490,0
1790067720000,85986.40,86138.80,85986.40,86038.00,213.370,1790067779999,18362056.00040,6429,111.952,9633676.00080,0
1790067780000,86038.00,86038.00,85775.70,85778.30,800.204,1790067839999,68742020.39280,11828,122.545,10525802.52640,0
1790067840000,85778.30,85800.00,85660.80,85660.80,947.469,1790067899999,81228111.78840,15001,403.051,34557205.86000,0
1790067900000,85660.80,85795.90,85643.00,85699.90,388.018,1790067959999,33260333.58350,9540,203.845,17473973.82100,0
1790067960000,85699.80,85832.30,85684.60,85828.60,208.485,1790068019999,17878123.96530,6939,119.930,10285315.75180,0
1790068020000,85828.60,85831.10,85763.10,85831.10,266.769,1790068079999,22889919.72290,5810,186.067,15964805.54670,0
1790068080000,85831.10,85878.50,85783.20,85800.70,234.007,1790068139999,20087191.71240,5701,124.258,10667412.63680,0
1790068140000,85800.60,85875.90,85789.10,85805.00,113.705,1790068199999,9760661.03870,4409,38.994,3347211.70520,0
1790068200000,85805.00,85808.00,85766.80,85793.80,103.525,1790068259999,8880843.96550,3096,31.085,2666621.92940,0
1790068260000,85793.80,85907.70,85769.20,85873.70,303.462,1790068319999,26046814.85760,5943,194.260,16676991.63670,0
1790068320000,85873.70,85980.00,85837.10,85912.10,291.313,1790068379999,25033600.73700,6523,171.909,14774577.66100,0
1790068380000,85912.10,85967.50,85883.80,85923.50,181.093,1790068439999,15562312.19190,4258,102.859,8839521.94220,0
1790068440000,85923.40,85923.40,85875.30,85892.60,83.035,1790068499999,7132121.63930,2576,14.343,1232095.46880,0
1790068500000,85892.60,85957.00,85892.50,85902.30,94.384,1790068559999,8110085.03750,4433,41.967,3605968.31780,0
1790068560000,85902.30,85914.80,85856.10,85867.90,83.164,1790068619999,7142147.08900,2796,19.153,1644840.84930,0
1790068620000,85867.90,85918.10,85867.90,85907.60,74.103,1790068679999,6365118.74640,2098,49.599,4260108.49910,0
1790068680000,85907.60,85949.90,85906.00,85906.00,53.742,1790068739999,4617854.28570,2311,27.547,2366990.56300,0
1790068740000,85906.10,85958.00,85880.00,85880.00,85.860,1790068799999,7376535.84650,2995,22.754,1954844.69400,0
1790068800000,85880.00,85915.80,85880.00,85903.30,44.898,1790068859999,3856650.30080,2000,18.150,1558980.49170,0
1790068860000,85903.30,85929.60,85889.90,85890.00,59.836,1790068919999,5140767.21010,2031,14.181,1218276.31380,0
1790068920000,85889.90,85896.00,85852.00,85871.10,63.577,1790068979999,5459562.36360,2486,18.053,1550167.74230,0
1790068980000,85871.10,85871.20,85801.40,85823.90,109.317,1790069039999,9383064.79680,3211,22.688,1947179.80160,0
1790069040000,85824.00,85857.50,85820.80,85837.80,64.765,1790069099999,5559563.20410,2030,36.669,3147717.87590,0
1790069100000,85837.80,85845.00,85800.00,85821.20,63.486,1790069159999,5448346.74820,2204,16.868,1447648.89220,0
1790069160000,85821.20,85850.00,85796.30,85841.80,72.697,1790069219999,6238835.81690,2889,25.932,2225293.18090,0
1790069220000,85841.80,85855.20,85819.20,85819.20,58.877,1790069279999,5054204.28480,1670,31.128,2672132.00260,0
1790069280000,85819.20,85849.10,85771.50,85849.00,71.216,1790069339999,6110716.57180,3237,35.117,3013206.95950,0
1790069340000,85849.10,85882.40,85849.10,85858.00,61.198,1790069399999,5254772.78340,1973,27.176,2333485.11190,0
1790069400000,85858.00,85873.60,85807.90,85873.60,68.537,1790069459999,5883450.53340,2718,23.204,1992074.41480,0
1790069460000,85873.50,85945.80,85866.00,85907.80,90.280,1790069519999,7756376.47380,3210,51.690,4440624.24590,0
1790069520000,85907.80,85950.00,85896.70,85901.40,98.594,1790069579999,8471849.68460,3296,50.666,4353372.90480,0
1790069580000,85901.40,85901.40,85830.00,85840.10,89.015,1790069639999,7643244.98690,3813,34.306,2945657.67170,0
1790069640000,85840.00,85923.10,85840.00,85870.30,58.382,1790069699999,5014469.23100,2894,27.576,2368387.48020,0
1790069700000,85870.30,85870.30,85800.00,85850.00,56.095,1790069759999,4814271.68400,2483,22.675,1945848.83530,0
1790069760000,85849.90,85933.30,85842.10,85933.20,44.826,1790069819999,3850159.61540,2396,16.352,1404489.94570,0
1790069820000,85933.20,86041.80,85933.20,85977.80,434.659,1790069879999,37378246.01460,6857,323.693,27835976.62600,0
1790069880000,85977.80,85977.80,85913.30,85913.40,73.298,1790069939999,6299426.88070,2719,21.460,1844396.51600,0
1790069940000,85913.40,85955.30,85913.30,85942.70,53.217,1790069999999,4573248.09160,2002,25.099,2156814.00680,0
1790070000000,85942.60,85942.60,85920.10,85938.90,23.818,1790070059999,2046626.89530,1553,14.630,1257095.29570,0
1790070060000,85938.90,85996.10,85938.90,85975.10,63.236,1790070119999,5436866.06720,2485,23.564,2025877.02010,0
1790070120000,85975.10,86008.60,85974.90,86001.30,73.754,1790070179999,6341799.32630,1777,45.869,3944114.59760,0
1790070180000,86001.40,86027.70,86001.30,86014.30,66.843,1790070239999,5749274.49240,1964,43.243,3719353.40300,0
1790070240000,86014.30,86029.40,86000.00,86000.10,66.325,1790070299999,5704925.01500,1951,22.275,1916049.77740,0
1790070300000,86000.10,86029.00,85994.00,86005.10,69.300,1790070359999,5960461.92550,2463,41.743,3590288.89680,0
1790070360000,86005.20,86031.20,85999.60,86006.00,67.673,1790070419999,5820844.14660,2439,28.900,2485702.60690,0
1790070420000,86006.00,86028.60,86005.90,86009.90,40.340,1790070479999,3469801.66800,1340,16.648,1431942.00630,0
1790070480000,86010.00,86014.30,85983.80,85983.90,52.762,1790070539999,4537827.40730,1747,15.157,1303628.08500,0
1790070540000,85983.90,86000.00,85983.80,85998.80,25.376,1790070599999,2182186.54200,1245,10.254,881765.48280,0
1790070600000,85998.70,85998.80,85995.40,85995.40,19.175,1790070659999,1649019.01620,674,4.398,378222.71910,0
1790070660000,85995.50,86015.30,85986.30,86000.80,52.648,1790070719999,4527493.03180,1788,20.159,1733578.02390,0
1790070720000,86000.90,86113.40,85976.10,86044.60,243.899,1790070779999,20989235.58810,8069,170.839,14702777.29910,0
1790070780000,86044.60,86196.00,86011.40,86184.90,351.905,1790070839999,30308284.71720,7261,283.842,24446717.36750,0
1790070840000,86184.80,86209.20,86064.50,86132.10,243.043,1790070899999,20935729.45730,6730,125.864,10842265.53260,0
1790070900000,86132.10,86144.10,86090.00,86095.30,98.809,1790070959999,8509304.45560,3838,53.265,4587022.05410,0
1790070960000,86095.30,86230.50,86095.30,86142.10,305.985,1790071019999,26369846.47800,6610,221.776,19113357.10500,0
1790071020000,86142.00,86142.10,86086.50,86112.00,137.532,1790071079999,11842172.23670,3177,34.365,2959086.60380,0
1790071080000,86112.10,86200.80,86112.10,86179.70,166.920,1790071139999,14383200.98530,4049,116.964,10078050.45490,0
1790071140000,86179.70,86241.10,86169.80,86211.50,202.756,1790071199999,17479558.04150,4691,133.234,11486222.51210,0
1790071200000,86211.40,86228.90,86156.10,86206.90,112.217,1790071259999,9672127.18630,3816,45.500,3921522.90760,0
1790071260000,86206.80,86206.90,86150.00,86150.10,92.211,1790071319999,7946192.14560,3103,13.514,1164607.36190,0
1790071320000,86150.00,86176.30,86137.70,86176.30,78.243,1790071379999,6740904.03990,2332,28.768,2478466.83500,0
1790071380000,86176.20,86176.30,86127.80,86138.00,43.288,1790071439999,3728966.05060,2320,13.301,1145748.66720,0
1790071440000,86138.10,86147.90,86115.90,86116.80,33.267,1790071499999,2865554.97010,1868,17.154,1477624.75920,0
1790071500000,86116.90,86122.00,86098.10,86100.60,74.022,1790071559999,6373789.59920,2526,25.694,2212433.22030,0
1790071560000,86100.60,86100.70,86031.60,86052.90,136.671,1790071619999,11761483.69380,3113,18.537,1595476.28260,0
1790071620000,86052.90,86096.60,86052.90,86056.80,41.814,1790071679999,3599163.75230,2160,22.897,1970813.38050,0
1790071680000,86056.80,86106.00,86056.80,86105.90,36.565,1790071739999,3147895.67910,1733,16.726,1439899.13250,0
1790071740000,86106.00,86118.30,86055.00,86055.10,21.989,1790071799999,1893050.12900,1973,7.936,683278.65450,0
1790071800000,86055.00,86056.90,86011.40,86028.90,125.501,1790071859999,10797953.44600,2619,25.173,2165801.63070,0
1790071860000,86028.90,86073.00,86028.90,86072.90,36.753,1790071919999,3162766.76540,1519,18.204,1566488.37340,0
1790071920000,86072.90,86073.00,86015.40,86028.80,68.113,1790071979999,5860323.12030,2776,16.118,1386544.16750,0
1790071980000,86028.80,86032.00,85952.60,85969.00,199.374,1790072039999,17144676.28730,3559,30.110,2589340.39920,0
1790072040000,85968.90,86025.20,85956.00,85994.10,330.341,1790072099999,28407424.77700,3098,266.324,22903181.28160,0
1790072100000,85994.10,86035.00,85994.00,86035.00,61.336,1790072159999,5276108.91130,1658,45.284,3895341.58900,0
1790072160000,86035.00,86040.40,86008.00,86040.40,44.340,1790072219999,3814260.69560,1778,15.697,1350297.53060,0
1790072220000,86040.40,86060.10,86000.10,86049.90,40.552,1790072279999,3488815.10740,2807,16.977,1460565.82680,0
1790072280000,86050.00,86050.00,85991.20,85991.20,32.295,1790072339999,2778207.36910,1649,9.773,840776.39000,0
1790072340000,85991.20,86013.60,85986.00,85992.00,43.158,1790072399999,3711238.88220,1908,23.179,1993172.65920,0
1790072400000,85992.00,86010.90,85964.50,85964.50,90.564,1790072459999,7787701.19570,1860,13.068,1123763.12810,0
1790072460000,85964.50,85991.40,85958.50,85990.20,127.861,1790072519999,10992613.09840,3396,44.440,3820838.80980,0
1790072520000,85990.20,85999.10,85956.40,85956.40,41.797,1790072579999,3593397.71890,1867,10.167,874142.06070,0
1790072580000,85956.50,85957.00,85927.20,85927.20,65.559,1790072639999,5634644.37590,1804,12.769,1097333.37630,0
1790072640000,85927.20,85927.30,85858.50,85888.00,280.408,1790072699999,24081890.56320,5293,99.637,8556473.05480,0
1790072700000,85888.00,85888.00,85777.00,85839.10,285.779,1790072759999,24523792.15280,6971,100.017,8583259.47020,0
1790072760000,85839.10,85880.20,85837.60,85847.40,199.218,1790072819999,17105804.42870,2540,31.221,2680691.92650,0
1790072820000,85847.40,85860.70,85828.30,85846.50,63.376,1790072879999,5440739.80970,2324,21.110,1812155.05990,0
1790072880000,85846.50,85846.60,85809.90,85839.90,93.716,1790072939999,8043590.23510,2785,41.311,3545592.20570,0
1790072940000,85840.00,85850.00,85817.60,85822.90,129.435,1790072999999,11109456.73450,2500,74.222,6370557.14580,0
1790073000000,85822.90,85823.00,85769.80,85778.60,156.659,1790073059999,13440428.45430,3098,34.056,2922003.35250,0
1790073060000,85778.50,85786.60,85757.00,85757.00,97.192,1790073119999,8336249.83340,2399,32.411,2780009.54020,0
1790073120000,85757.00,85772.20,85747.20,85747.30,233.724,1790073179999,20044275.44010,3025,61.154,5244430.05480,0
1790073180000,85747.20,85776.40,85693.60,85735.80,172.751,1790073239999,14811574.92560,4656,88.410,7580776.37690,0
1790073240000,85735.80,85760.90,85725.00,85760.90,123.536,1790073299999,10592249.38480,2466,45.933,3938296.78190,0
1790073300000,85760.90,85793.30,85754.20,85755.80,118.702,1790073359999,10180894.79850,3109,58.211,4992387.54830,0
1790073360000,85755.80,85825.40,85739.50,85825.00,181.960,1790073419999,15613363.66550,2577,69.415,5955379.90820,0
1790073420000,85824.90,85842.50,85818.00,85841.00,66.476,1790073479999,5705809.54060,2082,27.292,2342530.30200,0
1790073480000,85841.10,85882.20,85837.00,85855.50,166.186,1790073539999,14270032.28420,3417,89.735,7704947.11450,0
1790073540000,85855.50,85885.40,85845.90,85885.40,30.677,1790073599999,2633892.26400,1479,14.548,1249110.52750,0
1790073600000,85885.40,85910.00,85864.90,85865.00,55.784,1790073659999,4791466.08220,2179,33.068,2840390.44700,0
1790073660000,85864.90,85879.00,85849.90,85853.00,56.755,1790073719999,4872965.91970,1550,33.040,2836861.24880,0
1790073720000,85852.90,85888.50,85849.50,85878.30,107.452,1790073779999,9226923.12140,2273,52.950,4546753.32260,0
1790073780000,85878.40,85880.10,85812.60,85826.30,346.613,1790073839999,29752927.15670,6110,75.125,6448848.43070,0
1790073840000,85826.20,85827.80,85807.70,85807.70,55.049,1790073899999,4724297.20620,1497,28.278,2426855.04200,0
1790073900000,85807.70,85816.50,85776.70,85776.80,136.452,1790073959999,11707528.77120,2689,75.085,6442212.97830,0
1790073960000,85776.70,85776.80,85741.00,85756.90,64.446,1790074019999,5526796.57120,1782,30.729,2635259.07590,0
1790074020000,85756.90,85800.00,85753.20,85800.00,91.235,1790074079999,7826349.43750,1817,78.808,6760334.11520,0
1790074080000,85800.00,85816.80,85754.90,85779.90,52.571,1790074139999,4509821.24870,2423,27.172,2330978.05480,0
1790074140000,85779.80,85794.10,85774.80,85777.00,27.013,1790074199999,2317315.54640,1255,9.976,855778.06220,0
1790074200000,85777.10,85830.40,85777.00,85830.40,17.995,1790074259999,1544000.21860,1084,13.085,1122773.25180,0
1790074260000,85830.40,85835.20,85805.20,85834.00,36.645,1790074319999,3144908.92840,1760,14.834,1273032.18620,0
1790074320000,85834.00,85878.10,85833.90,85877.90,74.952,1790074379999,6434901.10370,1601,55.348,4751654.95610,0
1790074380000,85878.00,85896.50,85868.30,85888.30,43.323,1790074439999,3720829.73340,1746,23.831,2046721.05330,0
1790074440000,85888.30,85931.90,85871.30,85924.90,216.472,1790074499999,18592819.95440,3516,171.766,14752676.35420,0
1790074500000,85924.80,85928.00,85904.50,85928.00,39.210,1790074559999,3368675.51710,1595,16.536,1420713.06320,0
1790074560000,85928.00,85943.60,85914.30,85924.10,55.610,1790074619999,4778765.74500,1736,21.394,1838447.99130,0
1790074620000,85924.00,85937.60,85894.30,85903.90,46.358,1790074679999,3982959.83720,1854,12.196,1047819.75410,0
1790074680000,85903.90,85920.60,85903.80,85908.60,16.280,1790074739999,1398686.90930,953,3.774,324235.95350,0
1790074740000,85908.50,85908.60,85856.10,85856.20,31.030,1790074799999,2665099.96440,1533,1.938,166427.26460,0
1790074800000,85856.10,85928.90,85853.60,85895.00,59.171,1790074859999,5083199.22340,2088,38.345,3293910.37590,0
1790074860000,85895.10,85897.00,85874.00,85878.00,22.607,1790074919999,1941587.49380,1255,9.860,846829.39660,0
1790074920000,85877.90,85946.80,85874.00,85934.70,68.379,1790074979999,5875572.82830,2103,52.816,4538201.80170,0
1790074980000,85934.70,85953.80,85913.20,85953.20,49.087,1790075039999,4218474.97550,2051,31.894,2740973.25110,0
1790075040000,85953.20,85956.00,85920.60,85930.00,69.929,1790075099999,6009461.36660,1509,8.911,765861.19470,0
1790075100000,85930.00,85949.60,85910.10,85910.20,39.063,1790075159999,3356712.49940,1822,23.341,2005715.93400,0
1790075160000,85910.10,85910.20,85877.70,85889.70,24.929,1790075219999,2141315.61140,1748,6.870,590072.01110,0
1790075220000,85889.70,85905.40,85881.60,85898.00,26.759,1790075279999,2298433.76470,1226,14.307,1228855.84020,0
1790075280000,85898.10,85898.10,85858.00,85858.00,29.698,1790075339999,2550378.24110,1410,13.010,1117232.78820,0
1790075340000,85858.00,85938.80,85760.00,85760.00,266.321,1790075399999,22859463.42250,8160,94.975,8153084.28780,0
1790075400000,85760.10,85879.30,85726.50,85870.90,118.831,1790075459999,10195373.33900,5505,43.305,3715719.42440,0
1790075460000,85871.00,85887.80,85820.90,85868.20,40.905,1790075519999,3512403.16370,2531,17.316,1486848.26440,0
1790075520000,85868.30,85951.70,85868.30,85877.60,145.684,1790075579999,12515356.81390,3979,37.377,3210875.74610,0
1790075580000,85877.70,85896.30,85818.30,85880.80,45.595,1790075639999,3915075.17190,2715,15.111,1297517.98760,0
1790075640000,85880.80,85941.50,85880.80,85933.10,37.300,1790075699999,3205173.64700,1400,19.663,1689506.37120,0
1790075700000,85933.20,85968.10,85924.10,85954.10,45.579,1790075759999,3917201.28920,1637,31.146,2676728.76380,0
1790075760000,85954.10,86019.50,85954.10,86015.00,101.126,1790075819999,8696374.06700,2875,60.022,5161531.80520,0
1790075820000,86015.00,86034.50,86015.00,86032.10,80.931,1790075879999,6962232.76140,2062,37.706,3243740.31170,0
1790075880000,86032.00,86059.50,86000.00,86017.80,109.830,1790075939999,9449166.87800,3305,74.976,6450615.69100,0
1790075940000,86017.70,86020.00,85984.00,85996.70,40.022,1790075999999,3441649.53230,1397,22.918,1970759.44450,0
1790076000000,85996.80,86039.60,85985.70,86039.60,43.597,1790076059999,3749713.20550,1821,30.094,2588378.91470,0
1790076060000,86039.50,86063.30,86034.60,86040.40,54.007,1790076119999,4647187.55940,1741,36.750,3162279.68330,0
1790076120000,86040.50,86050.10,86018.50,86018.50,45.507,1790076179999,3915433.33560,1668,18.769,1614928.45000,0
1790076180000,86018.50,86018.60,86000.00,86000.00,38.740,1790076239999,3332082.03770,1287,13.649,1173934.17270,0
1790076240000,86000.10,86018.60,86000.00,86003.30,40.461,1790076299999,3479996.05070,1263,19.217,1652803.06290,0
1790076300000,86003.20,86005.60,85988.50,86000.10,29.665,1790076359999,2551119.18190,1359,9.997,859692.85100,0
1790076360000,86000.10,86021.50,85957.30,85958.70,41.390,1790076419999,3559133.31230,2009,14.081,1210889.92420,0
1790076420000,85958.70,85968.70,85936.50,85938.80,38.884,1790076479999,3342226.81910,1365,11.335,974233.80920,0
1790076480000,85938.80,85940.00,85881.40,85881.40,44.678,1790076539999,3838433.32420,1590,5.539,475996.11550,0
1790076540000,85881.40,85883.50,85875.50,85883.40,53.908,1790076599999,4629473.74380,1541,31.600,2713709.90040,0
1790076600000,85883.40,85920.00,85848.80,85853.60,155.144,1790076659999,13324685.62940,3164,24.022,2063285.47730,0
1790076660000,85853.60,85899.50,85804.20,85897.00,98.493,1790076719999,8454984.24610,3157,41.762,3585804.49910,0
1790076720000,85897.00,85913.80,85896.90,85913.80,29.981,1790076779999,2575491.96270,1316,19.889,1708535.82780,0
1790076780000,85913.80,85924.30,85899.50,85899.50,18.261,1790076839999,1568829.34330,845,8.416,723066.68220,0
1790076840000,85899.50,85899.50,85864.50,85885.00,26.073,1790076899999,2239049.64790,1423,15.617,1341073.90050,0
1790076900000,85884.90,85943.10,85878.40,85943.10,33.559,1790076959999,2882760.67660,1722,24.813,2131474.08950,0
1790076960000,85943.00,85984.10,85943.00,85980.90,54.774,1790077019999,4708937.65430,1962,34.391,2956443.67060,0
1790077020000,85980.80,86008.10,85980.80,86008.00,33.358,1790077079999,2868826.51820,1166,21.737,1869348.49050,0
1790077080000,86008.00,86037.70,86002.00,86030.10,42.944,1790077139999,3694220.98640,1401,31.693,2726407.23220,0
1790077140000,86030.10,86048.10,86012.40,86025.10,47.328,1790077199999,4071730.27710,1729,23.172,1993613.60610,0
1790077200000,86025.20,86038.00,86019.90,86020.00,20.957,1790077259999,1802884.11070,1155,7.988,687193.92870,0
1790077260000,86020.00,86090.40,86020.00,86084.00,72.700,1790077319999,6256410.38390,1902,64.373,5540081.07420,0
1790077320000,86084.10,86084.10,86067.70,86072.50,50.503,1790077379999,4346998.04670,1273,13.706,1179689.44180,0
1790077380000,86072.50,86088.00,86072.30,86088.00,39.992,1790077439999,3442432.08500,1075,20.608,1773925.51060,0
1790077440000,86087.90,86110.00,86050.30,86063.80,197.156,1790077499999,16970973.70150,3065,125.964,10843221.51190,0
1790077500000,86063.90,86100.00,86044.90,86073.50,98.297,1790077559999,8460668.18790,3161,61.061,5255836.97530,0
1790077560000,86073.60,86073.60,86036.90,86038.40,46.017,1790077619999,3959644.65310,1333,10.607,912664.87750,0
1790077620000,86038.80,86039.20,85995.80,86004.40,52.205,1790077679999,4490061.83850,1680,19.744,1698039.73940,0
1790077680000,86004.40,86026.20,86004.30,86011.10,50.730,1790077739999,4363395.92950,1376,36.761,3161860.66070,0
1790077740000,86011.10,86032.70,85996.60,86032.70,47.739,1790077799999,4105943.57630,1414,33.451,2877125.11090,0
1790077800000,86032.70,86050.00,85983.50,85983.70,63.552,1790077859999,5466557.28010,1845,15.114,1300148.01700,0
1790077860000,85983.60,85983.60,85967.20,85968.00,42.249,1790077919999,3632219.16670,1574,6.263,538418.98570,0
1790077920000,85968.00,85968.10,85922.20,85922.30,51.275,1790077979999,4406604.42500,1559,12.430,1068186.16250,0
1790077980000,85922.20,85959.20,85910.20,85910.20,88.608,1790078039999,7613845.88710,2266,42.981,3693283.99540,0
1790078040000,85910.30,85910.30,85880.00,85880.00,47.893,1790078099999,4113719.36470,1684,8.225,706474.23460,0
1790078100000,85880.00,85918.80,85861.20,85910.20,97.907,1790078159999,8408802.06500,2533,30.887,2652743.35820,0
1790078160000,85910.20,85946.80,85850.00,85946.70,145.686,1790078219999,12512252.70670,3376,91.142,7826750.92490,0
1790078220000,85946.70,85956.10,85916.30,85916.30,54.046,1790078279999,4645068.60030,1787,16.869,1449835.76420,0
1790078280000,85916.40,85943.80,85908.50,85936.70,43.381,1790078339999,3727597.73250,1363,18.445,1584867.97740,0
1790078340000,85936.70,85950.10,85916.10,85950.10,33.083,1790078399999,2843033.96120,1232,21.891,1881253.86180,0
1790078400000,85950.10,85987.70,85949.30,85987.70,42.834,1790078459999,3682117.26810,1616,31.915,2743553.52970,0
1790078460000,85987.60,86000.10,85891.90,85900.80,83.472,1790078519999,7173998.67390,3031,28.024,2408432.29310,0
1790078520000,85900.90,85956.20,85900.90,85930.20,77.139,1790078579999,6628256.91390,2819,52.184,4483823.82840,0
1790078580000,85930.20,85950.10,85905.70,85950.00,43.162,1790078639999,3708629.09660,1982,25.229,2167786.40600,0
1790078640000,85950.10,85960.30,85902.00,85921.00,67.430,1790078699999,5794489.77590,2137,35.164,3021544.97300,0
1790078700000,85921.00,85940.70,85900.00,85908.90,43.115,1790078759999,3704322.22010,1623,27.634,2374228.84710,0
1790078760000,85908.90,85944.60,85908.40,85944.50,35.228,1790078819999,3027084.78350,1632,22.763,1955932.90750,0
1790078820000,85944.60,85965.30,85928.30,85944.00,29.826,1790078879999,2563517.35080,1378,15.293,1314372.09000,0
1790078880000,85943.70,85943.70,85909.40,85928.50,40.109,1790078939999,3446427.99280,1562,27.278,2343860.81810,0
1790078940000,85928.50,85951.90,85888.60,85908.70,75.600,1790078999999,6495296.87430,2198,36.044,3096461.95190,0
1790079000000,85908.70,85966.50,85908.70,85966.40,52.198,1790079059999,4486147.36200,1517,32.185,2766033.73460,0
1790079060000,85966.50,85971.80,85920.30,85926.40,72.238,1790079119999,6207932.85060,1926,15.417,1324956.05510,0
1790079120000,85926.30,85955.80,85926.30,85955.80,26.074,1790079179999,2240909.38500,910,21.609,1857148.30990,0
1790079180000,85955.80,85990.00,85955.30,85958.90,84.124,1790079239999,7232475.21770,1905,40.103,3447552.64690,0
1790079240000,85959.00,85959.00,85870.20,85870.20,39.931,1790079299999,3430691.54510,1761,7.532,647173.32960,0
1790079300000,85870.20,85870.20,85817.20,85836.80,64.115,1790079359999,5503663.68140,2085,21.873,1877473.77180,0
1790079360000,85836.70,85890.10,85813.50,85820.00,62.568,1790079419999,5370981.36120,2594,24.462,2099823.56590,0
1790079420000,85820.00,85843.10,85808.00,85838.00,50.918,1790079479999,4369874.62580,1764,24.162,2073657.82530,0
1790079480000,85838.00,85841.80,85757.60,85757.60,142.768,1790079539999,12247578.65690,3520,43.130,3699875.57510,0
1790079540000,85757.70,85816.60,85739.30,85816.50,165.816,1790079599999,14221090.52330,3571,105.174,9020258.81260,0
1790079600000,85816.50,85880.90,85816.40,85880.80,66.064,1790079659999,5671946.73850,2349,32.382,2780041.18290,0
1790079660000,85880.90,85942.10,85870.30,85942.10,214.868,1790079719999,18457881.12270,3449,187.093,16071975.78810,0
1790079720000,85942.10,85968.20,85917.60,85953.20,115.614,1790079779999,9936737.60150,2699,69.402,5965177.77490,0
1790079780000,85953.20,85957.60,85900.00,85900.10,55.494,1790079839999,4768598.93700,1865,23.539,2022767.53500,0
1790079840000,85900.10,85954.10,85900.10,85926.40,115.740,1790079899999,9946206.98660,2783,90.749,7798557.72230,0
1790079900000,85926.40,85977.90,85926.30,85963.00,36.524,1790079959999,3139471.28540,1351,26.279,2258726.47160,0
1790079960000,85963.00,85963.00,85915.40,85941.30,49.592,1790080019999,4261733.71120,1899,29.521,2536723.68550,0
1790080020000,85941.40,86030.50,85941.30,86023.10,100.741,1790080079999,8663785.37310,2429,76.348,6565788.38760,0
1790080080000,86023.10,86023.20,85988.10,86002.00,79.047,1790080139999,6797793.61130,1697,49.681,4272279.17150,0
1790080140000,86001.90,86078.30,86001.90,86078.30,97.796,1790080199999,8414973.00740,2239,73.653,6337463.31560,0
1790080200000,86078.20,86131.50,86038.90,86114.80,230.913,1790080259999,19877365.90800,3989,130.058,11196274.54950,0
1790080260000,86114.80,86144.30,86061.20,86137.00,145.586,1790080319999,12533884.86890,4500,85.725,7380256.29540,0
1790080320000,86137.10,86163.40,86072.20,86100.10,256.113,1790080379999,22056361.91440,5056,184.843,15918718.23070,0
1790080380000,86100.10,86114.80,86025.00,86047.80,69.196,1790080439999,5955510.43520,2605,25.683,2210376.68940,0
1790080440000,86047.70,86047.80,85997.00,85997.10,70.819,1790080499999,6091662.96310,1767,14.471,1244669.26830,0
1790080500000,85997.20,86006.70,85959.40,85997.00,96.123,1790080559999,8264498.48860,2534,46.532,4000915.69850,0
1790080560000,85996.90,86055.70,85986.80,86040.30,76.994,1790080619999,6623323.45160,2738,47.502,4086319.69750,0
1790080620000,86040.30,86040.30,85959.90,86002.40,141.188,1790080679999,12139999.20420,3554,64.403,5537619.02020,0
1790080680000,86002.40,86029.60,85988.30,85988.50,43.428,1790080739999,3734943.73440,1630,30.590,2630730.90440,0
1790080740000,85988.50,86037.00,85974.50,85974.50,41.810,1790080799999,3596078.34340,1866,24.839,2136428.08960,0
1790080800000,85974.50,86015.20,85970.10,85999.80,52.811,1790080859999,4540996.85090,1988,40.740,3502993.19040,0
1790080860000,85999.90,85999.90,85950.20,85950.20,38.914,1790080919999,3345502.41170,1415,5.788,497638.31310,0
1790080920000,85950.30,85965.60,85931.60,85958.30,87.934,1790080979999,7557520.58820,1787,36.497,3136903.69790,0
1790080980000,85958.20,86006.40,85958.20,86001.90,52.598,1790081039999,4522542.28950,1694,43.158,3710917.21380,0
1790081040000,86002.00,86002.00,85938.80,85938.80,40.840,1790081099999,3510436.97450,1666,9.085,780974.38310,0
1790081100000,85938.90,85986.50,85938.80,85949.50,60.954,1790081159999,5239721.71750,1755,19.711,1694205.85220,0
1790081160000,85949.40,85980.00,85949.40,85953.00,34.234,1790081219999,2942963.85170,1320,19.063,1638730.12320,0
1790081220000,85952.90,85962.10,85938.80,85942.40,43.845,1790081279999,3768380.42170,1071,16.116,1385107.13390,0
1790081280000,85942.50,85955.30,85942.40,85948.80,33.962,1790081339999,2918942.02250,755,25.888,2224984.96380,0
1790081340000,85948.80,85974.50,85927.90,85974.40,50.036,1790081399999,4300210.77240,1411,21.935,1885259.48030,0
1790081400000,85974.50,86028.20,85970.40,85970.50,55.385,1790081459999,4763076.10240,2107,39.245,3374926.17370,0
1790081460000,85970.40,85984.00,85955.30,85960.70,63.398,1790081519999,5450116.56490,1756,25.229,2168814.77020,0
1790081520000,85960.80,85982.80,85919.30,85920.20,164.429,1790081579999,14133123.53350,3254,45.992,3952844.77860,0
1790081580000,85920.30,85931.80,85900.00,85931.70,126.599,1790081639999,10876469.77910,2205,62.483,5367879.48000,0
1790081640000,85931.80,85934.20,85916.50,85916.50,30.559,1790081699999,2625685.38350,925,7.556,649206.13610,0
1790081700000,85916.50,85972.80,85912.00,85954.60,54.089,1790081759999,4648122.51810,1803,37.407,3214358.82240,0
1790081760000,85954.70,85981.30,85915.90,85935.20,75.524,1790081819999,6491050.01690,2576,20.025,1721249.60180,0
1790081820000,85935.10,85986.10,85935.10,85977.40,33.476,1790081879999,2877921.34840,1299,16.884,1451475.68260,0
1790081880000,85977.50,86024.10,85977.40,85984.70,41.660,1790081939999,3583115.83840,1584,27.754,2387036.51160,0
1790081940000,85984.60,85993.60,85920.40,85993.60,96.364,1790081999999,8281210.63930,2399,32.848,2822939.13930,0
1790082000000,85993.60,86008.00,85980.00,86004.30,34.469,1790082059999,2964149.32880,1584,14.976,1287818.38770,0
1790082060000,86004.40,86063.20,85996.00,86063.20,61.681,1790082119999,5306413.68220,1997,33.285,2863610.10610,0
1790082120000,86063.20,86110.00,86063.20,86110.00,164.340,1790082179999,14149099.94160,3364,93.172,8021279.80680,0
1790082180000,86110.00,86150.40,86100.00,86109.70,95.577,1790082239999,8231376.77270,2637,56.903,4900707.77060,0
1790082240000,86109.60,86130.10,86005.70,86023.30,98.454,1790082299999,8473712.56490,3725,36.954,3180255.01600,0
1790082300000,86023.40,86092.40,86023.40,86075.00,63.118,1790082359999,5432817.04750,2431,47.721,4107507.75520,0
1790082360000,86075.10,86179.80,86058.00,86142.30,141.656,1790082419999,12201023.51990,5120,98.156,8454720.54360,0
1790082420000,86142.30,86182.70,86116.30,86132.90,98.172,1790082479999,8458249.62040,3118,45.507,3920453.60160,0
1790082480000,86132.80,86167.30,86101.60,86114.60,77.168,1790082539999,6646443.76430,3061,27.704,2386071.37750,0
1790082540000,86114.60,86120.60,86072.90,86091.70,83.737,1790082599999,7209295.69980,2504,24.375,2098445.44900,0
1790082600000,86091.70,86118.30,86067.60,86115.60,70.821,1790082659999,6096906.14760,2430,25.524,2197391.55440,0
1790082660000,86115.60,86115.60,86006.70,86006.70,64.955,1790082719999,5590579.01400,2572,18.385,1582568.19650,0
1790082720000,86006.70,86055.10,85991.40,86055.10,65.478,1790082779999,5631982.96490,2225,41.163,3540471.21140,0
1790082780000,86055.10,86076.40,86044.80,86054.70,71.748,1790082839999,6174630.14990,2034,29.460,2535239.92210,0
1790082840000,86054.60,86063.30,86015.10,86015.10,42.672,1790082899999,3672006.04590,1728,17.887,1539231.85340,0
1790082900000,86015.10,86017.00,85931.90,85943.40,175.572,1790082959999,15093588.70920,4304,44.392,3816521.40470,0
1790082960000,85943.30,85991.40,85923.40,85954.10,95.012,1790083019999,8166058.25950,3239,37.603,3231952.41810,0
1790083020000,85954.00,85967.70,85888.00,85957.20,155.698,1790083079999,13378041.71670,3940,37.233,3199222.60690,0
1790083080000,85957.20,85961.50,85919.90,85944.80,24.986,1790083139999,2147432.75040,1668,11.887,1021581.15000,0
1790083140000,85944.80,86019.50,85944.70,85955.00,161.283,1790083199999,13867415.81040,2783,86.509,7437485.95100,0
1790083200000,85954.90,85994.20,85943.00,85962.80,82.934,1790083259999,7129703.69160,2009,38.786,3334174.53540,0
1790083260000,85962.90,85983.80,85925.00,85925.10,103.997,1790083319999,8939879.57650,2221,20.904,1796986.17870,0
1790083320000,85925.00,85925.10,85870.00,85907.60,149.437,1790083379999,12835856.32990,3560,92.600,7953485.92790,0
1790083380000,85907.50,85925.10,85870.00,85917.30,93.876,1790083439999,8063065.03410,2801,56.825,4880584.47840,0
1790083440000,85917.30,85917.30,85870.20,85870.30,33.383,1790083499999,2867059.13460,1633,8.590,737710.14670,0
1790083500000,85870.30,85870.30,85816.30,85816.40,121.617,1790083559999,10439524.74500,2946,25.615,2198532.43950,0
1790083560000,85816.30,85835.00,85772.70,85800.00,186.425,1790083619999,15995581.88800,3738,61.443,5272192.83800,0
1790083620000,85800.10,85800.10,85671.40,85748.10,381.275,1790083679999,32688367.65590,7847,138.063,11837284.73340,0
1790083680000,85748.20,85771.80,85658.70,85759.10,360.767,1790083739999,30922596.79540,6744,243.869,20904156.82330,0
1790083740000,85759.20,85765.20,85672.60,85697.10,239.664,1790083799999,20540089.14500,5461,91.531,7844618.34520,0
1790083800000,85697.10,85748.70,85519.50,85736.70,931.746,1790083859999,79773562.54880,18069,370.882,31755583.89460,0
1790083860000,85736.80,85915.40,85721.30,85840.10,468.690,1790083919999,40220489.26850,11037,267.229,22931202.83660,0
1790083920000,85840.00,85956.00,85800.00,85920.60,288.893,1790083979999,24813075.40880,9562,117.593,10100883.79410,0
1790083980000,85920.90,85974.90,85911.50,85974.90,186.924,1790084039999,16065728.51400,5337,110.789,9522247.73080,0
1790084040000,85974.90,86064.00,85941.20,86057.20,242.747,1790084099999,20872707.38030,6339,168.348,14475928.66610,0
1790084100000,86057.20,86131.10,86000.60,86000.70,302.529,1790084159999,26043296.63840,8411,174.832,15051624.89550,0
1790084160000,86000.60,86000.70,85770.00,85827.40,439.176,1790084219999,37706657.96490,10103,95.366,8188194.55600,0
1790084220000,85827.40,85872.00,85699.00,85739.20,316.029,1790084279999,27100702.69480,9200,103.566,8883315.66790,0
1790084280000,85739.30,85898.80,85713.50,85864.20,205.421,1790084339999,17624714.89480,7400,124.652,10694797.12090,0
1790084340000,85864.20,85886.20,85764.70,85783.70,145.984,1790084399999,12527769.55410,6300,68.469,5875626.34390,0
1790084400000,85783.60,85783.70,85650.00,85711.80,200.474,1790084459999,17180536.69560,6010,79.826,6841090.51940,0
1790084460000,85711.80,85791.40,85688.00,85754.10,184.115,1790084519999,15785339.75940,7473,124.209,10649334.54450,0
1790084520000,85754.00,85865.00,85754.00,85864.90,138.411,1790084579999,11876793.16860,5610,78.299,6718425.18400,0
1790084580000,85865.00,85927.70,85812.60,85901.40,85.824,1790084639999,7370532.07180,5082,50.474,4334653.53590,0
1790084640000,85901.40,85920.00,85848.30,85896.60,170.135,1790084699999,14613636.47130,4874,141.906,12189008.65540,0
1790084700000,85896.50,85939.00,85840.00,85895.10,102.745,1790084759999,8823679.91300,4861,47.330,4064573.04850,0
1790084760000,85895.00,85928.60,85830.70,85888.30,73.933,1790084819999,6348771.16600,4443,36.519,3135895.83770,0
1790084820000,85888.40,85987.10,85871.00,85931.40,120.396,1790084879999,10348102.40570,5158,57.769,4965113.68260,0
1790084880000,85931.40,86035.10,85892.50,86033.90,170.703,1790084939999,14678953.63690,5860,104.817,9014021.84550,0
1790084940000,86033.90,86091.80,86015.30,86085.30,190.009,1790084999999,16350836.83210,6060,99.158,8532804.06780,0
1790085000000,86085.40,86141.70,86077.70,86133.80,348.592,1790085059999,30017942.97320,6597,254.529,21918453.64210,0
1790085060000,86133.80,86133.90,86051.20,86056.90,181.277,1790085119999,15605271.67060,4463,79.200,6818099.34130,0
1790085120000,86056.90,86117.30,86021.60,86080.50,200.102,1790085179999,17223830.58250,5230,116.358,10016083.21180,0
1790085180000,86080.50,86102.00,86049.10,86071.70,108.568,1790085239999,9344868.90420,3794,38.735,3334041.01600,0
1790085240000,86071.80,86089.60,86033.90,86079.90,236.953,1790085299999,20393351.99890,4553,196.208,16886740.02970,0
1790085300000,86079.90,86113.00,86053.30,86112.90,132.609,1790085359999,11415109.15940,4137,97.014,8351113.65260,0
1790085360000,86113.00,86157.60,86086.50,86142.00,282.166,1790085419999,24302007.17300,5943,197.420,17003130.94240,0
1790085420000,86141.90,86215.00,86141.90,86214.50,318.486,1790085479999,27449450.56070,6563,145.136,12509100.93390,0
1790085480000,86214.50,86312.90,86214.50,86293.70,524.022,1790085539999,45207088.34490,9527,398.232,34354254.88310,0
1790085540000,86293.80,86333.00,86275.70,86309.70,360.564,1790085599999,31119390.45960,6157,195.619,16883765.41280,0
1790085600000,86309.70,86318.40,86133.10,86150.00,308.651,1790085659999,26610945.13120,6926,95.045,8195037.96630,0
1790085660000,86149.90,86199.90,86092.70,86187.70,206.573,1790085719999,17796832.25250,6562,98.822,8513808.03090,0
1790085720000,86187.70,86200.00,86120.00,86164.80,81.437,1790085779999,7015766.75760,3935,20.132,1734388.45710,0
1790085780000,86164.80,86168.70,86083.00,86083.10,73.434,1790085839999,6325296.43480,3609,19.362,1667741.76250,0
1790085840000,86083.00,86139.10,86039.80,86100.70,118.708,1790085899999,10219079.72370,4304,42.261,3638128.98860,0
1790085900000,86100.70,86114.50,86033.30,86052.50,217.405,1790085959999,18712187.00300,6282,44.033,3790117.56020,0
1790085960000,86052.60,86129.70,86042.70,86129.70,251.381,1790086019999,21638991.08330,4926,178.764,15389149.39660,0
1790086020000,86129.70,86250.00,86129.60,86192.60,171.384,1790086079999,14772763.34920,5406,127.629,11000910.09560,0
1790086080000,86192.50,86213.10,86127.90,86173.40,92.741,1790086139999,7991159.52170,3875,40.252,3468432.67880,0
1790086140000,86173.40,86173.40,86082.40,86082.40,82.804,1790086199999,7131206.95910,2986,26.807,2308575.89880,0
1790086200000,86082.40,86198.00,86074.80,86198.00,115.412,1790086259999,9941526.19470,4277,80.072,6897857.89080,0
1790086260000,86197.90,86293.70,86186.70,86244.10,215.192,1790086319999,18562161.50850,5218,126.844,10941041.89990,0
1790086320000,86244.20,86333.00,86226.50,86318.70,148.049,1790086379999,12776156.11980,4818,96.293,8309488.01200,0
1790086380000,86318.90,86431.20,86259.50,86354.60,601.035,1790086439999,51904980.76210,14102,342.353,29568070.99530,0
1790086440000,86354.60,86368.40,86258.20,86315.80,235.508,1790086499999,20327796.48640,6836,64.057,5528930.94930,0
1790086500000,86315.70,86344.00,86244.20,86244.20,129.158,1790086559999,11145597.31700,5892,38.584,3329993.20780,0
1790086560000,86244.20,86284.80,86200.00,86219.00,90.094,1790086619999,7769012.13750,4994,38.578,3326838.74830,0
1790086620000,86219.10,86219.90,86132.60,86153.50,145.288,1790086679999,12518892.40190,4629,47.298,4075426.95260,0
1790086680000,86153.50,86153.50,86076.40,86104.70,142.179,1790086739999,12241336.56610,5308,66.729,5745179.03560,0
1790086740000,86104.70,86143.80,86080.00,86080.00,73.908,1790086799999,6364405.91930,4132,31.613,2722276.35570,0
1790086800000,86080.00,86107.80,86054.00,86098.90,126.845,1790086859999,10919525.99220,3625,85.852,7390892.95540,0
1790086860000,86099.00,86138.80,86020.20,86133.00,147.305,1790086919999,12678315.02620,5295,63.910,5501222.52330,0
1790086920000,86133.00,86175.00,86066.90,86099.40,85.127,1790086979999,7331753.08860,4234,38.711,3333959.09210,0
1790086980000,86099.50,86151.00,86090.80,86118.40,52.721,1790087039999,4540063.45730,3009,32.872,2830673.29630,0
1790087040000,86118.30,86132.40,86060.40,86113.20,88.586,1790087099999,7627219.01870,3521,39.338,3387001.22550,0
1790087100000,86113.20,86128.00,86067.10,86077.30,50.249,1790087159999,4326300.61850,2258,15.996,1377217.08590,0
1790087160000,86077.30,86081.40,86004.40,86024.80,117.785,1790087219999,10133286.31100,4347,40.892,3517919.85120,0
1790087220000,86024.50,86026.60,85966.30,86026.60,220.529,1790087279999,18964409.31020,5598,63.446,5456003.55430,0
1790087280000,86026.60,86068.50,85987.40,85987.50,169.833,1790087339999,14609430.27480,4423,24.042,2068500.56120,0
1790087340000,85987.40,85991.60,85881.30,85882.50,320.501,1790087399999,27537779.23410,6919,81.052,6964749.36960,0
1790087400000,85882.40,85888.20,85768.70,85797.20,434.013,1790087459999,37250147.90460,10469,189.973,16305972.82240,0
1790087460000,85797.10,85849.00,85737.30,85813.00,224.874,1790087519999,19291734.86330,7491,128.575,11031242.91280,0
1790087520000,85813.10,85818.10,85680.00,85699.90,378.352,1790087579999,32432496.28990,9536,158.168,13558675.64130,0
1790087580000,85699.90,85756.30,85657.10,85726.20,309.717,1790087639999,26544066.30970,7419,117.350,10058221.84510,0
1790087640000,85726.20,85790.50,85701.50,85713.30,221.984,1790087699999,19037459.00460,5952,103.541,8878943.75460,0
1790087700000,85713.30,85715.70,85405.90,85431.60,1059.953,1790087759999,90675355.49340,20274,287.426,24590051.43840,0
1790087760000,85431.70,85587.90,85431.60,85561.80,618.042,1790087819999,52853592.39960,13081,417.365,35691791.85910,0
1790087820000,85561.80,85688.00,85534.80,85641.80,394.439,1790087879999,33769410.60880,8478,139.716,11959542.60920,0
1790087880000,85641.70,85773.70,85641.70,85746.30,235.743,1790087939999,20203611.08130,6563,172.284,14764806.52590,0
1790087940000,85746.30,85850.40,85740.10,85840.90,440.514,1790087999999,37806446.49720,7704,292.227,25080424.30170,0
1790088000000,85840.90,85930.00,85778.60,85929.90,314.659,1790088059999,27017608.76900,7758,194.740,16723711.77350,0
1790088060000,85929.90,85960.30,85850.10,85864.90,286.550,1790088119999,24619571.38610,6738,90.169,7746793.12430,0
1790088120000,85864.80,85864.90,85760.50,85760.50,234.748,1790088179999,20144660.60240,5348,75.734,6497712.22540,0
1790088180000,85760.60,85819.20,85744.70,85796.10,164.783,1790088239999,14133624.98200,5029,83.945,7199944.93380,0
1790088240000,85796.20,85864.00,85770.00,85855.70,107.495,1790088299999,9226476.36590,3714,38.817,3331530.12030,0
1790088300000,85855.60,85912.90,85838.20,85861.30,133.543,1790088359999,11470128.71140,4917,47.561,4084755.86260,0
1790088360000,85861.30,85946.10,85848.00,85931.00,95.493,1790088419999,8203988.10570,4205,54.375,4671384.96480,0
1790088420000,85931.00,85966.00,85855.60,85959.70,162.144,1790088479999,13933928.35140,4263,89.991,7733525.38980,0
1790088480000,85959.70,85966.90,85915.50,85955.70,109.506,1790088539999,9411590.40300,4450,45.301,3893301.53970,0
1790088540000,85955.70,86009.80,85932.10,85980.20,118.375,1790088599999,10177795.29270,4237,76.506,6578028.17310,0
1790088600000,85980.10,86054.10,85950.00,85999.80,158.416,1790088659999,13623903.73020,4721,96.201,8273418.57010,0
1790088660000,85999.80,86030.90,85974.20,85980.10,83.441,1790088719999,7176013.89910,3813,41.110,3535433.35570,0
1790088720000,85980.00,85990.90,85950.00,85970.20,70.863,1790088779999,6092168.41740,3479,29.178,2508527.73810,0
1790088780000,85970.10,86000.00,85893.60,86000.00,86.444,1790088839999,7429217.53160,4279,37.645,3235116.07570,0
1790088840000,86000.00,86050.00,85957.40,86032.90,82.929,1790088899999,7133245.04600,4068,50.083,4307911.21740,0
1790088900000,86032.90,86117.70,86032.90,86117.70,148.664,1790088959999,12797029.66540,4346,108.605,9348973.45980,0
1790088960000,86117.60,86130.00,86081.70,86108.00,126.078,1790089019999,10856971.24260,3602,49.137,4231483.86800,0
1790089020000,86107.90,86199.90,86105.80,86163.70,246.225,1790089079999,21215002.87290,5346,121.280,10449395.94810,0
1790089080000,86163.70,86180.00,86150.00,86169.70,85.322,1790089139999,7352088.02340,2934,29.597,2550263.00070,0
1790089140000,86169.70,86220.00,86169.70,86209.10,212.590,1790089199999,18323964.10450,3080,163.654,14105512.42010,0
1790089200000,86209.00,86247.60,86153.10,86174.30,226.854,1790089259999,19556740.17040,6165,82.064,7074682.76330,0
1790089260000,86174.30,86217.30,86137.80,86204.50,227.476,1790089319999,19603559.86970,6130,72.145,6217485.44750,0
1790089320000,86204.50,86226.80,86190.60,86219.90,81.583,1790089379999,7033683.47480,3281,33.242,2865939.70160,0
1790089380000,86219.70,86219.70,86125.00,86163.30,127.158,1790089439999,10955610.93250,4469,42.808,3687890.40110,0
1790089440000,86163.30,86215.70,86163.30,86215.70,162.887,1790089499999,14038522.27540,3998,46.461,4004317.57880,0
1790089500000,86215.70,86260.00,86191.50,86254.50,175.833,1790089559999,15163108.20650,4466,113.908,9822640.39660,0
1790089560000,86254.50,86280.90,86221.10,86253.70,162.536,1790089619999,14020037.33590,4470,98.372,8485157.37180,0
1790089620000,86253.60,86289.80,86220.00,86263.90,87.633,1790089679999,7559333.28810,3765,41.865,3611389.33220,0
1790089680000,86264.00,86333.00,86264.00,86330.60,193.851,1790089739999,16732214.67620,5288,115.676,9984503.95570,0
1790089740000,86330.70,86362.90,86189.90,86202.00,406.801,1790089799999,35092706.77310,8237,207.977,17942481.34330,0
1790089800000,86202.00,86209.20,86151.30,86153.60,166.366,1790089859999,14336190.88630,4693,64.435,5552433.08170,0
1790089860000,86153.70,86163.40,86089.10,86158.20,342.464,1790089919999,29495795.30460,6547,110.910,9553031.64810,0
1790089920000,86158.20,86214.90,86117.90,86214.00,122.318,1790089979999,10539210.06160,3835,69.307,5971805.88460,0
1790089980000,86214.00,86239.50,86178.20,86225.90,107.438,1790090039999,9262794.33180,3950,50.127,4321670.55390,0
1790090040000,86226.00,86284.70,86215.10,86265.70,147.038,1790090099999,12682392.63930,4588,78.799,6796470.88790,0
1790090100000,86265.70,86300.00,86185.70,86185.70,165.844,1790090159999,14304483.30710,4854,63.024,5436403.09610,0
1790090160000,86185.70,86205.10,86162.70,86177.10,87.497,1790090219999,7540967.90150,3292,37.015,3190069.23840,0
1790090220000,86177.00,86199.30,86112.40,86115.10,251.387,1790090279999,21657017.27590,5203,116.923,10072944.40330,0
1790090280000,86115.10,86158.10,86087.60,86088.80,118.608,1790090339999,10214807.37640,4055,48.137,4145453.38230,0
1790090340000,86088.80,86195.20,86078.50,86166.30,179.542,1790090399999,15461328.96320,4291,116.495,10030481.33820,0
1790090400000,86166.40,86171.10,86102.00,86110.20,61.101,1790090459999,5263293.00090,3366,25.190,2169801.12250,0
1790090460000,86110.20,86198.90,86110.20,86198.90,69.329,1790090519999,5973299.25710,3363,53.554,4614176.78110,0
1790090520000,86198.80,86259.50,86193.90,86239.80,128.239,1790090579999,11057817.51000,3433,106.073,9146436.12780,0
1790090580000,86239.80,86290.30,86202.80,86260.00,101.756,1790090639999,8776308.65600,3460,45.803,3950592.23100,0
1790090640000,86259.90,86273.70,86202.80,86202.90,55.929,1790090699999,4824323.82170,2632,28.606,2467601.13820,0
1790090700000,86202.90,86275.00,86202.80,86275.00,29.786,1790090759999,2568540.71550,1809,18.089,1559866.52340,0
1790090760000,86274.90,86274.90,86248.80,86266.80,49.339,1790090819999,4256096.04570,1858,14.563,1256131.38820,0
1790090820000,86266.80,86268.10,86225.20,86242.90,59.738,1790090879999,5152267.84540,2292,14.915,1286327.31450,0
1790090880000,86242.90,86275.00,86232.20,86242.90,73.922,1790090939999,6376045.60130,3276,20.261,1747535.13530,0
1790090940000,86242.90,86275.00,86237.20,86237.20,54.949,1790090999999,4739655.13530,2133,16.386,1413340.25290,0
1790091000000,86237.10,86261.10,86202.80,86246.00,70.288,1790091059999,6061003.01000,2708,34.817,3002458.60490,0
1790091060000,86246.00,86260.00,86231.60,86250.50,47.685,1790091119999,4112767.75820,2108,20.874,1800296.06430,0
1790091120000,86250.60,86309.90,86250.60,86285.50,129.811,1790091179999,11201880.80990,3673,83.993,7247962.43710,0
1790091180000,86285.50,86306.90,86273.70,86286.00,46.662,1790091239999,4026763.94010,2038,18.080,1560212.44450,0
1790091240000,86285.80,86285.80,86224.60,86241.80,65.493,1790091299999,5648487.28600,3286,26.002,2242510.42550,0
1790091300000,86241.90,86294.00,86220.00,86245.00,47.084,1790091359999,4061238.52510,2517,23.693,2043597.97770,0
1790091360000,86245.00,86344.90,86245.00,86344.90,92.092,1790091419999,7947607.00280,3115,63.697,5497389.53530,0
1790091420000,86344.90,86356.50,86293.90,86324.90,92.148,1790091479999,7955216.92620,3454,53.779,4642795.89880,0
1790091480000,86324.90,86325.00,86227.30,86227.40,113.415,1790091539999,9783768.77590,3927,29.276,2525131.66330,0
1790091540000,86227.40,86299.10,86227.30,86292.40,62.096,1790091599999,5356353.39230,2912,29.366,2533055.29590,0
1790091600000,86292.40,86387.80,86292.30,86330.50,214.415,1790091659999,18515841.81510,5367,113.503,9801935.06610,0
1790091660000,86330.50,86382.40,86290.50,86382.30,65.343,1790091719999,5641231.25110,2655,34.516,2980111.46700,0
1790091720000,86382.30,86474.90,86365.30,86410.20,408.707,1790091779999,35326928.99870,8760,276.419,23892813.03240,0
1790091780000,86410.10,86454.90,86375.60,86445.80,128.595,1790091839999,11113272.45000,4078,66.743,5768072.70240,0
1790091840000,86445.90,86547.60,86445.80,86517.10,377.802,1790091899999,32680460.87200,7347,256.528,22190136.35980,0
1790091900000,86517.00,86577.00,86511.60,86576.90,287.798,1790091959999,24908793.08340,6871,190.165,16458864.50920,0
1790091960000,86576.90,86699.90,86465.10,86465.10,700.238,1790092019999,60641039.83710,16364,372.055,32227831.49420,0
1790092020000,86465.10,86465.10,86370.10,86460.00,242.587,1790092079999,20964079.97210,7755,97.743,8446831.94320,0
1790092080000,86460.00,86520.00,86460.00,86519.90,130.814,1790092139999,11315326.61480,4346,91.095,7879556.79180,0
1790092140000,86520.00,86540.50,86435.20,86442.70,175.514,1790092199999,15177968.21830,5005,46.112,3988060.27230,0
1790092200000,86442.70,86442.80,86360.50,86365.30,127.732,1790092259999,11035602.01900,3789,45.186,3903894.84250,0
1790092260000,86365.20,86365.30,86288.10,86309.50,166.544,1790092319999,14377176.91530,5621,62.679,5410316.31490,0
1790092320000,86309.50,86373.40,86280.30,86365.00,146.507,1790092379999,12645002.62110,3294,97.083,8379626.69050,0
1790092380000,86365.00,86373.40,86344.90,86349.40,82.557,1790092439999,7129995.84010,2344,33.010,2850903.47910,0
1790092440000,86349.40,86373.40,86346.50,86346.50,43.906,1790092499999,3791704.77700,1519,12.769,1102739.42400,0
1790092500000,86346.60,86393.10,86344.30,86375.30,95.913,1790092559999,8283947.43760,3451,57.632,4977578.25500,0
1790092560000,86375.20,86432.40,86361.80,86424.30,69.144,1790092619999,5974821.33290,2325,39.791,3438193.60490,0
1790092620000,86424.30,86431.50,86388.00,86408.90,104.239,1790092679999,9006785.24790,2713,18.425,1591905.37720,0
1790092680000,86409.20,86409.30,86361.80,86366.80,35.539,1790092739999,3070358.90690,1729,15.104,1304874.93190,0
1790092740000,86366.80,86367.50,86352.80,86367.40,37.263,1790092799999,3218189.02260,1526,18.033,1557394.54840,0
1790092800000,86367.40,86400.80,86360.00,86372.70,79.121,1790092859999,6835019.86470,2460,61.172,5284485.98740,0
1790092860000,86372.70,86398.50,86343.80,86363.70,58.353,1790092919999,5040199.28810,2611,31.806,2747070.84770,0
1790092920000,86363.80,86462.20,86363.70,86392.80,221.808,1790092979999,19170246.71740,4838,99.273,8579885.90920,0
1790092980000,86392.70,86480.00,86379.00,86480.00,46.974,1790093039999,4059393.39050,3019,33.064,2857421.38820,0
1790093040000,86479.90,86485.70,86345.70,86360.10,225.885,1790093099999,19519452.88070,5817,70.146,6059725.98030,0
1790093100000,86360.10,86360.10,86227.30,86301.80,193.762,1790093159999,16717186.92660,6126,57.623,4972074.16010,0
1790093160000,86302.40,86349.40,86208.40,86346.10,170.237,1790093219999,14684833.04980,5689,85.407,7367280.25990,0
1790093220000,86346.00,86398.70,86346.00,86380.00,90.506,1790093279999,7817916.72150,3030,39.963,3451937.66460,0
1790093280000,86380.00,86390.00,86258.70,86322.60,155.446,1790093339999,13417163.80360,4772,53.763,4640134.35810,0
1790093340000,86322.50,86331.00,86214.10,86214.10,72.767,1790093399999,6276849.59390,3342,15.431,1331215.34050,0
1790093400000,86214.10,86238.60,86163.00,86171.30,130.635,1790093459999,11259291.37220,4845,44.775,3858852.38010,0
1790093460000,86171.30,86208.50,86131.80,86199.90,133.383,1790093519999,11491771.39440,4041,63.651,5484091.20430,0
1790093520000,86200.00,86219.90,86160.30,86185.60,124.514,1790093579999,10731756.81950,3740,63.636,5484702.67730,0
1790093580000,86185.50,86185.60,86111.30,86111.40,152.574,1790093639999,13143684.80950,3798,24.667,2125188.56300,0
1790093640000,86111.30,86148.50,86102.70,86133.70,102.100,1790093699999,8792809.46930,3438,43.688,3762444.48870,0
1790093700000,86133.70,86151.90,86067.90,86135.10,356.461,1790093759999,30694586.41390,5022,231.601,19944252.01270,0
1790093760000,86135.10,86203.50,86135.10,86160.30,147.273,1790093819999,12690073.57180,4518,78.751,6786000.06520,0
1790093820000,86160.40,86164.90,86115.30,86121.80,43.243,1790093879999,3725018.05670,2707,19.987,1721742.67420,0
1790093880000,86121.80,86121.80,86076.80,86078.90,79.709,1790093939999,6862256.31620,2763,29.372,2528627.34630,0
1790093940000,86079.00,86079.00,86041.20,86074.50,86.859,1790093999999,7475084.76120,4402,35.747,3076453.10290,0
1790094000000,86074.60,86093.40,86025.80,86080.40,108.738,1790094059999,9358577.16260,3683,54.587,4698276.35090,0
1790094060000,86080.40,86180.00,86080.40,86152.80,126.449,1790094119999,10891690.73520,3709,102.612,8838015.02860,0
1790094120000,86152.80,86172.00,86104.50,86104.50,44.266,1790094179999,3813179.45370,2432,13.122,1130466.03760,0
1790094180000,86104.50,86155.30,86080.40,86121.80,133.348,1790094239999,11482176.29690,3512,40.112,3454413.18680,0
1790094240000,86121.90,86187.50,86121.80,86187.50,65.334,1790094299999,5628641.39480,3082,35.838,3087537.69560,0
1790094300000,86187.50,86252.50,86187.40,86200.00,166.816,1790094359999,14384165.22880,3829,92.401,7967173.66040,0
1790094360000,86200.00,86202.40,86115.10,86115.10,58.047,1790094419999,5000726.47350,3070,17.957,1546981.21330,0
1790094420000,86115.20,86115.20,86051.00,86102.10,71.183,1790094479999,6127703.69450,3340,29.712,2557706.15650,0
1790094480000,86102.00,86102.00,86033.00,86033.60,75.340,1790094539999,6484066.78950,2022,17.184,1479072.68020,0
1790094540000,86033.50,86098.00,86033.50,86043.30,130.173,1790094599999,11204038.13320,3998,69.030,5941029.46280,0
1790094600000,86043.40,86129.00,86038.80,86091.10,61.219,1790094659999,5270256.07220,3294,27.621,2377812.55480,0
1790094660000,86091.00,86107.80,86025.00,86065.30,65.183,1790094719999,5609268.14090,3344,24.805,2134500.11150,0
1790094720000,86065.20,86107.80,86061.40,86066.10,98.388,1790094779999,8469551.43100,3366,26.773,2304564.85600,0
1790094780000,86066.00,86095.80,86025.00,86095.80,110.126,1790094839999,9476548.44530,2962,26.886,2313324.43850,0
1790094840000,86095.80,86141.90,86044.60,86120.40,134.183,1790094899999,11554576.70640,3364,109.688,9445877.40210,0
1790094900000,86120.30,86126.70,86078.40,86093.50,43.031,1790094959999,3705152.02130,2417,13.852,1192688.22870,0
1790094960000,86093.50,86138.50,86085.00,86138.40,39.102,1790095019999,3367349.79650,2035,16.948,1459534.43700,0
1790095020000,86138.40,86164.20,86126.70,86126.80,53.834,1790095079999,4637967.74020,2256,21.254,1831064.69140,0
1790095080000,86126.80,86159.20,86126.80,86159.20,27.376,1790095139999,2358229.53200,1485,19.123,1647283.27850,0
1790095140000,86159.30,86180.00,86151.80,86163.80,28.264,1790095199999,2435340.90310,1379,13.548,1167349.06580,0
1790095200000,86163.90,86208.10,86163.90,86207.70,76.236,1790095259999,6570775.21560,2954,34.037,2933600.41530,0
1790095260000,86207.60,86235.90,86207.60,86211.10,45.248,1790095319999,3901565.39220,2059,21.970,1894361.41940,0
1790095320000,86211.00,86221.10,86112.20,86181.80,66.693,1790095379999,5746773.77210,3623,21.167,1823776.68720,0
1790095380000,86181.90,86211.10,86181.80,86211.00,20.116,1790095439999,1734063.90240,1166,10.710,923200.16620,0
1790095440000,86211.00,86250.00,86185.60,86185.70,52.060,1790095499999,4488970.64800,2587,24.653,2125967.90460,0
1790095500000,86185.60,86240.00,86170.50,86232.10,37.312,1790095559999,3216916.97370,2273,24.870,2144186.62310,0
1790095560000,86232.10,86260.00,86194.80,86200.40,79.600,1790095619999,6864844.37780,3111,54.559,4705490.78380,0
1790095620000,86200.30,86200.30,86179.60,86185.60,18.210,1790095679999,1569530.55030,1381,8.060,694690.98570,0
1790095680000,86185.70,86320.70,86168.00,86244.30,122.829,1790095739999,10595765.97420,4539,73.096,6306172.37770,0
1790095740000,86244.30,86370.80,86228.80,86357.60,233.507,1790095799999,20161050.30010,4865,173.841,15010039.76530,0
1790095800000,86357.60,86421.70,86326.40,86404.40,199.163,1790095859999,17203067.34880,5500,92.928,8026461.43810,0
1790095860000,86404.40,86554.00,86395.60,86537.70,960.014,1790095919999,83060597.90780,7723,533.516,46152941.48590,0
1790095920000,86537.70,86537.90,86456.40,86500.00,633.319,1790095979999,54776653.22970,7102,360.346,31166745.56510,0
1790095980000,86500.10,86520.80,86440.00,86456.90,143.708,1790096039999,12428091.94300,4103,38.393,3320476.39440,0
1790096040000,86457.00,86518.00,86432.40,86510.10,321.298,1790096099999,27781077.36680,3384,213.454,18457138.61210,0
1790096100000,86510.10,86518.80,86458.30,86461.70,193.943,1790096159999,16773627.63360,4066,36.445,3152163.80950,0
1790096160000,86461.70,86466.60,86420.20,86463.90,138.666,1790096219999,11986235.03730,2853,17.476,1510714.26080,0
1790096220000,86463.90,86464.00,86451.30,86460.60,85.603,1790096279999,7400997.77190,1801,40.690,3517884.50300,0
1790096280000,86460.60,86460.70,86384.30,86421.50,670.446,1790096339999,57937984.41770,7444,103.606,8953626.05000,0
1790096340000,86421.50,86422.60,86368.80,86378.00,298.473,1790096399999,25786183.05900,4139,62.860,5431259.66910,0
1790096400000,86377.90,86394.70,86329.00,86346.80,226.541,1790096459999,19563886.85720,3648,60.503,5224969.56480,0
1790096460000,86346.80,86460.70,86343.60,86450.50,413.493,1790096519999,35740648.54680,3668,247.018,21349099.64070,0
1790096520000,86450.60,86482.30,86429.10,86473.00,170.456,1790096579999,14737561.33490,3698,103.119,8915468.70830,0
1790096580000,86473.00,86521.70,86473.00,86521.60,174.546,1790096639999,15098610.22380,2298,144.822,12527302.64820,0
1790096640000,86521.70,86522.60,86413.60,86432.50,316.990,1790096699999,27407583.18620,5048,47.378,4097291.56620,0
1790096700000,86432.40,86483.00,86422.70,86474.10,122.811,1790096759999,10617040.54470,2682,99.045,8562417.49150,0
1790096760000,86474.10,86483.00,86415.30,86447.80,61.267,1790096819999,5296629.32580,2346,32.616,2819542.48310,0
1790096820000,86447.80,86456.20,86441.20,86447.70,39.845,1790096879999,3444602.56620,1454,16.587,1433924.28380,0
1790096880000,86447.70,86447.70,86382.40,86402.80,104.376,1790096939999,9019682.41070,2821,47.778,4129104.24570,0
1790096940000,86402.70,86425.90,86382.40,86409.00,107.532,1790096999999,9290304.02410,2445,90.302,7801576.77040,0
1790097000000,86409.10,86470.50,86409.10,86431.50,260.682,1790097059999,22533396.02390,3228,215.587,18635457.73360,0
1790097060000,86431.50,86507.60,86431.40,86494.40,77.319,1790097119999,6686987.36870,2523,51.949,4492747.68460,0
1790097120000,86494.50,86502.90,86354.50,86365.10,324.577,1790097179999,28050427.58040,5284,52.280,4518038.94240,0
1790097180000,86365.20,86399.80,86333.10,86366.90,313.730,1790097239999,27094996.74750,5571,93.081,8038719.00430,0
1790097240000,86367.00,86415.30,86356.70,86383.00,72.009,1790097299999,6220401.58080,2491,28.666,2476173.54380,0
1790097300000,86382.90,86458.00,86382.90,86430.80,113.833,1790097359999,9838424.70490,2454,32.086,2773053.53360,0
1790097360000,86430.80,86457.60,86379.90,86387.30,99.364,1790097419999,8587309.26760,3071,46.245,3996347.54560,0
1790097420000,86387.40,86394.90,86229.80,86255.00,822.338,1790097479999,70970472.96490,10419,149.334,12888647.89010,0
1790097480000,86255.00,86265.10,86207.40,86210.70,123.514,1790097539999,10651097.61590,3291,52.816,4554419.11060,0
1790097540000,86210.80,86330.00,86210.70,86329.90,119.331,1790097599999,10293288.69550,3378,91.281,7874204.53600,0
1790097600000,86330.00,86383.40,86329.90,86346.80,57.763,1790097659999,4988987.44780,2616,32.745,2827954.85420,0
1790097660000,86346.80,86379.20,86341.50,86379.20,30.479,1790097719999,2632174.10530,1908,12.305,1062671.90300,0
1790097720000,86379.30,86418.30,86379.30,86418.30,43.804,1790097779999,3784654.46510,1984,34.638,2992636.59970,0
1790097780000,86418.30,86458.20,86414.90,86434.20,71.311,1790097839999,6164440.05400,2238,54.444,4706514.04790,0
1790097840000,86434.10,86453.30,86426.50,86453.30,27.207,1790097899999,2351800.54120,1117,17.040,1472973.07540,0
1790097900000,86453.20,86473.40,86453.20,86472.50,22.181,1790097959999,1917976.78650,877,14.216,1229231.99570,0
1790097960000,86472.60,86488.00,86448.50,86488.00,58.592,1790098019999,5066259.26340,2093,35.935,3107245.67330,0
1790098020000,86487.90,86488.00,86458.60,86485.10,34.240,1790098079999,2960933.07880,1663,13.034,1127158.04230,0
1790098080000,86485.10,86503.60,86485.10,86500.00,96.056,1790098139999,8308389.66470,1391,66.315,5735895.68380,0
1790098140000,86499.90,86542.80,86499.90,86542.80,66.556,1790098199999,5758704.34500,1841,34.221,2960890.55820,0
1790098200000,86542.80,86565.00,86492.80,86546.50,233.803,1790098259999,20232596.19880,4902,117.647,10181667.59090,0
1790098260000,86546.60,86566.40,86521.50,86560.90,80.277,1790098319999,6948469.23460,2577,37.087,3210107.97450,0
1790098320000,86560.90,86576.40,86550.00,86550.00,73.397,1790098379999,6353894.86380,2061,37.670,3261068.05260,0
1790098380000,86550.00,86582.20,86536.60,86577.30,110.528,1790098439999,9566960.55520,2579,70.136,6070513.78710,0
1790098440000,86577.30,86590.50,86521.60,86534.60,123.580,1790098499999,10695704.52960,3888,40.823,3533341.26360,0
1790098500000,86534.70,86563.00,86530.00,86538.70,78.069,1790098559999,6756447.32320,3079,23.298,2016244.09060,0
1790098560000,86538.80,86539.30,86510.00,86510.10,35.343,1790098619999,3057983.55040,1660,3.264,282419.56100,0
1790098620000,86510.00,86510.10,86408.00,86447.10,355.295,1790098679999,30715034.03340,5787,51.168,4423373.00290,0
1790098680000,86447.10,86464.90,86447.00,86458.50,37.679,1790098739999,3257552.29390,1352,13.228,1143597.34200,0
1790098740000,86458.40,86484.70,86403.20,86411.80,129.556,1790098799999,11197914.67100,4215,69.026,5965692.66850,0
1790098800000,86411.80,86441.20,86398.20,86431.00,49.541,1790098859999,4281062.13660,2379,29.382,2538945.98250,0
1790098860000,86431.00,86477.20,86431.00,86472.80,35.115,1790098919999,3035952.05280,1494,24.031,2077575.64630,0
1790098920000,86472.80,86485.10,86393.70,86478.70,254.631,1790098979999,22009066.37110,4438,32.891,2843160.76670,0
1790098980000,86478.80,86509.40,86426.80,86426.80,92.283,1790099039999,7979934.12020,2833,44.152,3817686.37670,0
1790099040000,86426.80,86437.10,86401.60,86435.20,81.209,1790099099999,7018327.37900,2851,43.956,3798858.20510,0
1790099100000,86435.20,86452.00,86425.10,86426.10,39.715,1790099159999,3432962.10960,1616,11.534,996977.20060,0
1790099160000,86426.20,86426.20,86366.70,86386.60,77.616,1790099219999,6704814.95640,2811,24.653,2129470.81440,0
1790099220000,86386.70,86422.00,86385.60,86419.10,43.241,1790099279999,3735907.87960,1833,21.212,1832617.76650,0
1790099280000,86419.20,86486.40,86362.80,86486.40,147.843,1790099339999,12775019.34980,4217,86.208,7449788.64910,0
1790099340000,86486.40,86493.30,86422.60,86430.40,50.170,1790099399999,4338097.68200,2540,8.731,754934.82980,0
1790099400000,86430.40,86443.60,86410.00,86410.10,34.213,1790099459999,2956938.15360,1733,7.405,639983.37800,0
1790099460000,86410.00,86410.00,86360.20,86380.90,79.801,1790099519999,6893505.97580,2100,28.234,2439082.99030,0
1790099520000,86380.80,86537.80,86380.80,86522.10,183.866,1790099579999,15900414.79660,4372,152.889,13221561.49240,0
1790099580000,86522.00,86522.00,86443.00,86459.30,97.543,1790099639999,8435066.93310,2811,31.749,2744783.52270,0
1790099640000,86459.40,86560.00,86459.30,86487.10,181.757,1790099699999,15723802.50720,4500,120.985,10465694.34040,0
1790099700000,86487.00,86551.40,86417.10,86541.80,793.734,1790099759999,68666392.08230,6677,333.357,28840778.82310,0
1790099760000,86541.80,86581.60,86536.80,86581.50,135.266,1790099819999,11708934.25020,2999,80.289,6949994.55620,0
1790099820000,86581.60,86589.00,86545.10,86575.30,65.249,1790099879999,5648867.02420,2442,23.314,2018409.01330,0
1790099880000,86575.30,86615.00,86559.90,86600.10,116.822,1790099939999,10116287.39940,2884,68.928,5968839.14790,0
1790099940000,86600.10,86600.10,86499.90,86527.50,427.446,1790099999999,36993611.65590,4789,62.789,5434486.03650,0
1790100000000,86527.60,86559.20,86501.20,86515.20,69.562,1790100059999,6019124.97520,2647,34.490,2984202.35340,0
1790100060000,86515.20,86520.00,86481.70,86519.90,66.998,1790100119999,5795177.29180,2208,36.398,3148351.60970,0
1790100120000,86520.00,86525.90,86482.30,86514.50,82.562,1790100179999,7141571.80300,2459,16.394,1418156.52620,0
1790100180000,86514.50,86550.00,86508.70,86541.70,57.725,1790100239999,4994713.80460,2011,26.121,2260143.29270,0
1790100240000,86541.60,86581.50,86521.60,86540.10,81.144,1790100299999,7022905.40370,3468,30.137,2608221.04760,0
1790100300000,86540.10,86565.50,86500.10,86511.50,243.597,1790100359999,21079358.62120,3767,68.237,5905261.09320,0
1790100360000,86511.60,86528.10,86459.70,86490.00,243.558,1790100419999,21065839.84070,4165,62.194,5380053.09480,0
1790100420000,86490.10,86495.40,86436.30,86463.20,153.350,1790100479999,13257913.33650,3097,16.484,1425125.16320,0
1790100480000,86463.30,86489.30,86447.20,86476.90,75.899,1790100539999,6562633.22800,2507,43.062,3723326.73490,0
1790100540000,86476.90,86479.00,86453.90,86454.00,35.189,1790100599999,3042819.33410,1396,12.861,1112091.33510,0
1790100600000,86453.90,86458.30,86389.10,86397.40,118.971,1790100659999,10281786.27120,2930,28.960,2502470.98350,0
1790100660000,86397.40,86471.30,86394.40,86463.90,89.867,1790100719999,7767480.90890,2570,63.715,5506605.15630,0
1790100720000,86463.90,86520.00,86463.90,86507.20,100.411,1790100779999,8684211.38300,2715,71.372,6172448.05510,0
1790100780000,86507.30,86569.00,86494.00,86566.60,34.455,1790100839999,2981780.96090,1860,18.745,1622170.72260,0
1790100840000,86566.70,86600.00,86453.70,86476.40,401.167,1790100899999,34712193.51140,6004,42.919,3714109.02220,0
1790100900000,86476.50,86542.10,86476.40,86537.40,45.073,1790100959999,3899464.03010,1992,29.487,2550969.53130,0
1790100960000,86537.40,86587.60,86537.30,86587.30,50.746,1790101019999,4393095.41710,1864,31.014,2684860.73800,0
1790101020000,86587.40,86596.40,86564.80,86589.90,29.715,1790101079999,2572714.34950,1466,17.217,1490611.07040,0
1790101080000,86589.90,86596.40,86567.60,86578.20,34.457,1790101139999,2983477.55350,1687,15.145,1311302.70280,0
1790101140000,86578.20,86582.50,86510.00,86520.90,132.574,1790101199999,11473008.50520,2793,10.908,944212.68550,0
1790101200000,86520.90,86521.00,86479.20,86520.60,118.569,1790101259999,10256189.10940,2604,23.656,2046337.67030,0
1790101260000,86520.50,86539.90,86413.00,86428.50,235.399,1790101319999,20353956.49380,4452,21.737,1879864.28550,0
1790101320000,86428.60,86455.20,86424.50,86445.20,58.468,1790101379999,5054061.40080,1748,35.182,3041177.53610,0
1790101380000,86445.30,86479.80,86445.20,86477.00,26.458,1790101439999,2287606.43540,1122,16.470,1423992.96660,0
1790101440000,86477.00,86483.90,86414.90,86414.90,54.975,1790101499999,4752173.51840,2049,11.745,1015511.95510,0
1790101500000,86415.00,86419.80,86301.00,86320.60,179.814,1790101559999,15528451.05770,4057,49.228,4251383.14350,0
1790101560000,86320.60,86328.20,86266.40,86328.10,160.266,1790101619999,13830944.39710,3630,45.311,3910282.86490,0
1790101620000,86328.20,86341.60,86263.60,86275.00,101.803,1790101679999,8786312.48730,3188,34.197,2951463.92110,0
1790101680000,86275.00,86296.60,86250.00,86265.50,137.394,1790101739999,11852899.93800,3433,51.536,4445780.51150,0
1790101740000,86265.40,86317.30,86226.20,86235.50,335.743,1790101799999,28967128.10060,4947,98.148,8467316.20910,0
1790101800000,86235.50,86263.60,86197.70,86199.90,566.209,1790101859999,48815755.25630,7891,246.420,21243579.33270,0
1790101860000,86200.00,86258.70,86187.60,86225.10,235.332,1790101919999,20288725.11130,4407,109.603,9448645.93920,0
1790101920000,86225.10,86249.30,86187.40,86227.50,170.485,1790101979999,14697276.98000,3778,119.951,10340566.68600,0
1790101980000,86227.50,86265.90,86227.40,86241.50,82.164,1790102039999,7087142.62770,2436,39.239,3384503.84100,0
1790102040000,86241.60,86289.00,86219.30,86262.70,69.824,1790102099999,6023255.07760,2662,32.784,2828241.18250,0
1790102100000,86262.70,86309.20,86256.20,86309.20,57.345,1790102159999,4947654.16140,2258,44.854,3869973.97220,0
1790102160000,86309.20,86347.10,86234.20,86248.30,122.873,1790102219999,10604067.69030,4369,48.766,4208320.83660,0
1790102220000,86248.30,86313.60,86248.20,86296.90,38.313,1790102279999,3306121.66040,1749,25.016,2158551.57690,0
1790102280000,86297.00,86356.30,86297.00,86356.30,59.654,1790102339999,5149908.40370,1864,30.147,2602546.59910,0
1790102340000,86356.30,86370.50,86342.60,86370.40,53.599,1790102399999,4628498.17170,1729,22.572,1949206.19600,0
1790102400000,86370.50,86380.00,86361.30,86380.00,24.189,1790102459999,2089202.13330,799,13.202,1140282.47900,0
1790102460000,86380.00,86384.20,86330.70,86381.70,43.828,1790102519999,3785354.72530,2255,14.493,1251746.64370,0
1790102520000,86381.70,86399.50,86381.60,86394.20,37.737,1790102579999,3260142.66110,1315,23.142,1999251.48030,0
1790102580000,86394.30,86398.80,86341.20,86380.10,57.072,1790102639999,4929831.18060,2213,23.353,2017057.65270,0
1790102640000,86380.10,86380.10,86352.50,86352.60,47.072,1790102699999,4065470.63460,1313,9.545,824316.51540,0
1790102700000,86352.60,86399.20,86352.50,86399.10,41.937,1790102759999,3622372.55500,1821,22.073,1906524.72780,0
1790102760000,86399.20,86439.40,86399.20,86416.30,68.855,1790102819999,5950631.37160,1834,25.321,2188110.38790,0
1790102820000,86416.30,86433.60,86406.60,86431.90,36.557,1790102879999,3159271.66720,1430,16.510,1426759.94470,0
1790102880000,86431.90,86478.00,86431.80,86475.10,48.711,1790102939999,4211800.97060,1580,23.556,2036719.82130,0
1790102940000,86475.10,86517.10,86442.90,86454.20,330.128,1790102999999,28550604.54750,4277,112.612,9740412.32660,0
1790103000000,86454.20,86456.00,86406.60,86413.90,61.129,1790103059999,5283637.62120,2239,15.189,1312873.37520,0
1790103060000,86413.90,86440.60,86413.80,86440.60,14.298,1790103119999,1235819.15720,1131,12.097,1045581.50510,0
1790103120000,86440.70,86450.90,86413.00,86449.80,52.870,1790103179999,4569999.89600,1812,32.223,2785258.18840,0
1790103180000,86449.70,86466.00,86434.50,86466.00,60.224,1790103239999,5206193.04890,1851,31.948,2761807.05700,0
1790103240000,86466.00,86485.50,86446.40,86476.20,86.073,1790103299999,7443122.77750,2294,27.125,2345604.37380,0
1790103300000,86476.20,86530.50,86448.40,86450.40,355.078,1790103359999,30714568.50030,4975,182.126,15754178.53660,0
1790103360000,86450.40,86468.00,86450.40,86461.80,31.509,1790103419999,2724283.98190,864,10.065,870202.39850,0
1790103420000,86461.90,86495.90,86461.80,86482.20,27.617,1790103479999,2388439.27620,1251,6.186,534959.52850,0
1790103480000,86482.10,86482.10,86436.10,86448.60,73.167,1790103539999,6326172.75010,2339,8.366,723245.17350,0
1790103540000,86448.60,86464.70,86387.40,86403.20,226.194,1790103599999,19548356.26370,3328,26.429,2284257.74890,0
1790103600000,86403.20,86439.20,86397.90,86439.20,69.414,1790103659999,5998552.44320,2568,26.298,2272624.27610,0
1790103660000,86439.20,86474.90,86439.20,86474.90,63.206,1790103719999,5464459.88070,1822,28.282,2445154.96110,0
1790103720000,86474.90,86474.90,86412.80,86446.60,127.375,1790103779999,11010062.75100,2646,13.473,1164526.89740,0
1790103780000,86446.60,86446.60,86347.20,86364.20,79.933,1790103839999,6905186.54040,3052,21.865,1888345.01400,0
1790103840000,86364.20,86421.60,86364.10,86421.50,30.457,1790103899999,2631178.76070,1359,23.257,2009147.71480,0
1790103900000,86421.50,86437.80,86373.00,86391.30,79.627,1790103959999,6879963.27330,2460,21.432,1851671.34600,0
1790103960000,86391.30,86462.90,86391.30,86462.90,67.057,1790104019999,5796447.38070,1806,49.667,4293178.26040,0
1790104020000,86462.90,86470.00,86400.00,86438.00,44.946,1790104079999,3884877.79910,2049,9.117,787874.64990,0
1790104080000,86438.00,86438.00,86415.90,86427.20,42.229,1790104139999,3649791.64520,1450,14.435,1247533.65180,0
1790104140000,86427.20,86462.60,86412.10,86462.60,30.925,1790104199999,2672720.10670,1573,10.870,939525.03670,0
1790104200000,86462.50,86470.40,86423.40,86435.90,110.226,1790104259999,9528619.56110,2110,12.063,1042968.44090,0
1790104260000,86435.90,86460.90,86431.00,86459.50,72.622,1790104319999,6278102.11670,1931,50.230,4342435.78180,0
1790104320000,86459.60,86475.80,86450.10,86475.80,32.503,1790104379999,2810084.56960,1328,15.729,1359880.99890,0
1790104380000,86475.80,86481.10,86404.50,86424.60,224.263,1790104439999,19385692.89990,3804,51.846,4481951.31730,0
1790104440000,86424.60,86454.50,86400.30,86430.90,68.877,1790104499999,5953127.52320,2473,34.886,3015059.38360,0
1790104500000,86430.90,86466.00,86430.80,86466.00,27.566,1790104559999,2383131.16130,1074,17.711,1531168.93610,0
1790104560000,86466.00,86511.00,86466.00,86510.90,205.259,1790104619999,17754596.89070,1710,175.013,15138321.23150,0
1790104620000,86511.00,86512.70,86464.40,86474.80,107.636,1790104679999,9309893.26590,2479,32.803,2837056.76920,0
1790104680000,86474.80,86493.00,86455.30,86486.20,76.328,1790104739999,6600256.46590,2078,50.332,4352242.58000,0
1790104740000,86486.30,86504.80,86486.20,86486.50,45.053,1790104799999,3896860.01780,1318,23.503,2032844.09780,0
1790104800000,86486.50,86486.60,86433.30,86455.40,73.992,1790104859999,6396676.32930,2287,31.985,2765150.67950,0
1790104860000,86455.40,86465.70,86424.60,86424.70,24.444,1790104919999,2113147.06330,1382,7.265,628098.78790,0
1790104920000,86424.70,86433.60,86407.40,86407.40,40.831,1790104979999,3528827.64910,1574,15.707,1357470.50070,0
1790104980000,86407.50,86436.50,86384.80,86421.10,68.786,1790105039999,5943752.73530,1954,33.070,2857579.36040,0
1790105040000,86421.20,86464.60,86411.80,86438.80,72.165,1790105099999,6237992.07420,2350,38.838,3357179.77390,0
1790105100000,86438.90,86494.70,86425.00,86494.70,64.318,1790105159999,5561047.50200,2028,43.851,3791518.00260,0
1790105160000,86494.60,86494.70,86461.40,86471.20,65.102,1790105219999,5629869.59510,2011,25.152,2174998.51980,0
1790105220000,86471.10,86512.70,86471.10,86512.70,62.295,1790105279999,5388370.19940,1183,49.992,4324189.17070,0
1790105280000,86512.70,86538.50,86464.80,86464.80,331.412,1790105339999,28666385.71180,4074,61.840,5349837.56590,0
1790105340000,86464.90,86483.90,86400.70,86483.90,152.861,1790105399999,13213274.68430,3409,51.273,4432552.21340,0
1790105400000,86483.90,86483.90,86410.30,86430.10,143.493,1790105459999,12403575.49180,2623,25.611,2213616.13050,0
1790105460000,86430.10,86430.10,86394.30,86405.30,76.974,1790105519999,6651545.74490,2016,21.948,1896573.32690,0
1790105520000,86405.40,86408.90,86380.80,86397.40,93.106,1790105579999,8044155.78150,2397,29.704,2566386.65880,0
1790105580000,86397.50,86397.50,86309.40,86321.30,121.710,1790105639999,10511344.94270,3539,30.858,2664984.90450,0
1790105640000,86321.40,86417.10,86307.50,86417.10,140.646,1790105699999,12143302.71030,3625,84.809,7322574.15620,0
1790105700000,86417.10,86448.50,86382.10,86383.00,136.083,1790105759999,11760740.97530,4211,56.408,4874927.57300,0
1790105760000,86383.10,86383.10,86308.90,86322.20,78.875,1790105819999,6810219.12310,3119,28.454,2456582.66640,0
1790105820000,86322.20,86341.70,86221.60,86225.70,160.484,1790105879999,13846786.96070,3835,31.598,2726655.07480,0
1790105880000,86225.80,86247.20,86211.60,86232.20,123.192,1790105939999,10623196.12650,2899,50.596,4362943.00170,0
1790105940000,86232.30,86305.00,86231.20,86288.70,133.659,1790105999999,11531476.76820,3849,82.484,7116098.93230,0
1790106000000,86288.70,86344.70,86280.00,86344.70,66.571,1790106059999,5746184.86540,1638,47.110,4066516.10290,0
1790106060000,86344.70,86348.30,86284.00,86323.00,84.657,1790106119999,7307665.39330,3374,38.804,3349507.62470,0
1790106120000,86323.10,86382.40,86323.00,86382.30,99.743,1790106179999,8613354.45040,1595,84.437,7291684.04650,0
1790106180000,86382.40,86382.40,86273.70,86317.00,119.461,1790106239999,10313604.68600,3620,36.472,3148730.38070,0
1790106240000,86317.10,86347.20,86294.20,86330.70,69.679,1790106299999,6014139.93770,2013,18.836,1625699.61040,0
1790106300000,86330.80,86360.60,86309.00,86311.70,63.192,1790106359999,5456128.37950,2304,15.787,1363016.19510,0
1790106360000,86311.80,86334.60,86301.90,86301.90,32.374,1790106419999,2794547.04380,1507,4.349,375416.35020,0
1790106420000,86302.00,86302.00,86240.20,86253.10,48.223,1790106479999,4159781.14970,1687,6.372,549630.02680,0
1790106480000,86253.20,86297.90,86250.00,86269.40,38.320,1790106539999,3306140.12650,1886,8.932,770562.04790,0
1790106540000,86269.50,86305.40,86260.60,86288.70,76.836,1790106599999,6628854.61600,1919,36.717,3167575.99810,0
1790106600000,86288.60,86288.60,86228.90,86247.90,112.676,1790106659999,9718780.46190,2765,66.636,5747705.43080,0
1790106660000,86248.00,86248.00,86204.00,86226.30,94.546,1790106719999,8151884.13150,2513,27.123,2338461.42380,0
1790106720000,86226.40,86245.00,86210.00,86220.90,64.705,1790106779999,5579181.62890,2137,17.926,1545691.35810,0
1790106780000,86221.00,86221.00,86156.00,86156.70,145.947,1790106839999,12576414.88870,3456,43.268,3728095.59050,0
1790106840000,86156.80,86160.60,86114.20,86114.80,162.871,1790106899999,14029525.00250,3464,64.626,5566598.45730,0
1790106900000,86114.80,86134.80,86095.80,86124.50,139.671,1790106959999,12027159.49530,2911,51.721,4453759.21430,0
1790106960000,86124.50,86143.20,86096.10,86137.00,93.851,1790107019999,8082910.93020,2714,50.610,4358896.58670,0
1790107020000,86137.00,86190.00,86137.00,86190.00,55.719,1790107079999,4801129.72500,1471,26.152,2253462.45450,0
1790107080000,86190.00,86211.80,86161.00,86177.00,136.170,1790107139999,11737125.44850,2806,58.234,5019617.76600,0
1790107140000,86177.00,86188.80,86126.50,86146.10,224.618,1790107199999,19352146.12660,6161,62.136,5353228.69380,0
1790107200000,86146.20,86192.00,86146.10,86158.50,99.613,1790107259999,8583629.14600,2325,62.690,5401623.79370,0
1790107260000,86158.60,86158.60,86106.30,86107.50,67.845,1790107319999,5843460.12890,2366,22.569,1943628.58270,0
1790107320000,86107.50,86136.90,86081.20,86133.10,86.623,1790107379999,7458444.79210,2382,51.691,4450757.64570,0
1790107380000,86133.20,86186.90,86133.10,86186.80,32.094,1790107439999,2765245.15220,1404,22.660,1952407.32110,0
1790107440000,86186.90,86212.20,86185.70,86212.20,54.517,1790107499999,4699276.18610,1507,41.236,3554461.52820,0
1790107500000,86212.20,86230.00,86187.30,86195.50,52.079,1790107559999,4489872.44980,2160,23.578,2032642.01510,0
1790107560000,86195.50,86210.80,86133.10,86133.20,91.719,1790107619999,7903771.66350,2736,29.982,2583572.87350,0
1790107620000,86133.20,86202.40,86133.10,86199.50,82.760,1790107679999,7131407.44190,2223,63.370,5460471.02080,0
1790107680000,86199.60,86220.60,86199.60,86213.20,32.400,1790107739999,2793356.58930,1180,20.693,1784017.65510,0
1790107740000,86213.20,86233.20,86177.10,86177.10,71.029,1790107799999,6124236.80210,1842,37.222,3209286.03090,0
1790107800000,86177.20,86216.00,86177.10,86205.10,70.866,1790107859999,6108339.42330,1962,31.168,2686514.66310,0
1790107860000,86205.20,86215.60,86118.00,86165.00,122.992,1790107919999,10597253.26000,3345,63.501,5471149.72010,0
1790107920000,86165.10,86197.40,86162.90,86197.40,43.544,1790107979999,3752458.90770,1015,39.415,3396667.86290,0
1790107980000,86197.40,86197.40,86178.30,86178.40,27.139,1790108039999,2339047.60740,935,16.005,1379409.78680,0
1790108040000,86178.40,86186.20,86160.00,86164.10,17.522,1790108099999,1509922.19730,985,6.771,583459.51780,0
1790108100000,86164.10,86197.90,86162.30,86193.70,41.551,1790108159999,3580859.60680,1748,28.557,2461077.45740,0
1790108160000,86193.70,86197.40,86154.70,86163.70,48.984,1790108219999,4221246.90740,1615,24.374,2100341.00820,0
1790108220000,86163.70,86185.00,86153.80,86153.80,54.535,1790108279999,4699527.47630,1482,41.060,3538401.50860,0
1790108280000,86153.80,86205.30,86153.70,86205.30,21.490,1790108339999,1851853.33520,1121,15.573,1341971.60810,0
1790108340000,86205.30,86215.60,86180.90,86180.90,36.833,1790108399999,3175113.89850,1605,22.450,1935208.88320,0
1790108400000,86180.80,86215.60,86180.80,86215.60,38.673,1790108459999,3333489.75870,1096,33.019,2846135.06710,0
1790108460000,86215.60,86236.20,86215.50,86236.20,41.933,1790108519999,3615675.86810,1205,35.949,3099678.21420,0
1790108520000,86236.20,86242.60,86216.30,86236.30,35.478,1790108579999,3059501.72200,1435,20.928,1804767.99910,0
1790108580000,86236.30,86242.50,86236.20,86236.20,16.897,1790108639999,1457196.81300,550,9.681,834881.92660,0
1790108640000,86236.30,86283.20,86236.20,86280.00,57.714,1790108699999,4979052.53340,1376,40.102,3459480.00970,0
1790108700000,86279.90,86283.30,86269.50,86283.00,30.006,1790108759999,2588878.41760,823,16.379,1413151.95220,0
1790108760000,86283.10,86296.80,86274.40,86281.80,78.864,1790108819999,6804992.23810,1691,49.165,4242323.28910,0
1790108820000,86281.80,86281.90,86265.70,86265.80,34.480,1790108879999,2974621.59930,1166,5.934,511914.57460,0
1790108880000,86265.80,86265.80,86254.00,86254.10,11.929,1790108939999,1029007.39720,519,0.997,86004.71640,0
1790108940000,86254.00,86331.70,86254.00,86296.10,159.300,1790108999999,13747352.25740,2980,83.753,7226392.09050,0
1790109000000,86296.00,86300.80,86245.60,86245.60,37.562,1790109059999,3240978.92650,1626,12.121,1045917.70160,0
1790109060000,86245.70,86245.70,86195.80,86195.90,15.009,1790109119999,1294031.00690,1165,3.155,271984.02610,0
1790109120000,86195.90,86199.70,86188.20,86188.20,35.574,1790109179999,3066442.26140,614,4.498,387719.53090,0
1790109180000,86188.20,86265.90,86188.20,86265.90,61.286,1790109239999,5283615.86160,2013,50.754,4375679.09470,0
1790109240000,86265.90,86289.30,86258.20,86283.30,69.005,1790109299999,5953552.32910,1870,49.766,4293604.35450,0
1790109300000,86283.30,86292.20,86273.20,86289.00,14.855,1790109359999,1281734.03630,799,7.398,638320.50630,0
1790109360000,86289.20,86324.50,86289.20,86308.60,26.681,1790109419999,2302882.45440,1161,11.109,958791.41240,0
1790109420000,86308.70,86312.80,86290.40,86290.40,21.761,1790109479999,1878086.79370,1147,6.829,589359.77230,0
1790109480000,86290.40,86300.00,86290.40,86300.00,8.757,1790109539999,755686.16470,400,4.929,425353.42090,0
1790109540000,86300.00,86300.00,86299.90,86299.90,3.530,1790109599999,304638.77050,140,1.235,106580.50000,0
1790109600000,86300.00,86300.00,86299.90,86299.90,7.399,1790109659999,638533.09840,352,1.383,119352.90000,0
1790109660000,86299.90,86300.00,86287.20,86295.60,18.721,1790109719999,1615574.57340,535,3.544,305821.85850,0
1790109720000,86295.70,86309.50,86295.60,86309.50,9.474,1790109779999,817654.31050,386,8.304,716677.16980,0
1790109780000,86309.40,86316.70,86281.30,86281.30,22.642,1790109839999,1954217.78930,992,1.898,163812.67690,0
1790109840000,86281.30,86281.40,86269.40,86276.10,19.773,1790109899999,1705903.86700,628,7.809,673706.12510,0
1790109900000,86276.10,86276.10,86222.40,86226.80,25.447,1790109959999,2194867.91300,1511,2.924,252144.15740,0
1790109960000,86226.70,86245.80,86226.70,86230.10,36.760,1790110019999,3170191.82100,872,12.904,1112774.09610,0
1790110020000,86230.00,86233.60,86230.00,86231.00,15.372,1790110079999,1325545.41400,456,2.308,199019.16860,0
1790110080000,86231.00,86231.10,86203.40,86203.50,18.864,1790110139999,1626413.74730,841,4.695,404796.83420,0
1790110140000,86203.60,86238.80,86203.50,86238.70,39.470,1790110199999,3402915.36510,1229,27.908,2406073.80820,0
1790110200000,86238.80,86270.10,86238.70,86270.10,15.860,1790110259999,1367884.21370,783,6.373,549661.68360,0
1790110260000,86270.00,86270.10,86235.40,86244.30,40.505,1790110319999,3493347.04410,1332,8.644,745444.26340,0
1790110320000,86244.40,86244.40,86202.70,86202.70,17.104,1790110379999,1474835.35980,909,0.424,36565.53900,0
1790110380000,86202.80,86205.70,86192.80,86192.80,12.540,1790110439999,1080964.57690,589,3.191,275077.19330,0
1790110440000,86192.90,86197.80,86163.10,86169.80,42.169,1790110499999,3634161.14320,1384,10.848,934972.20990,0
1790110500000,86169.90,86193.90,86169.80,86193.80,8.164,1790110559999,703592.30030,523,6.094,525188.32400,0
1790110560000,86193.90,86193.90,86193.80,86193.90,18.521,1790110619999,1596396.27330,399,9.035,778761.88650,0
1790110620000,86193.80,86214.80,86193.80,86198.40,28.691,1790110679999,2473403.91480,843,7.790,671544.70210,0
1790110680000,86198.40,86206.80,86181.90,86206.80,35.380,1790110739999,3049491.63850,984,12.368,1065999.71460,0
1790110740000,86206.70,86229.90,86150.00,86229.90,114.102,1790110799999,9833132.60390,2993,50.286,4333534.61300,0
1790110800000,86229.90,86238.90,86229.80,86234.80,29.612,1790110859999,2553685.63540,672,9.442,814256.29050,0
1790110860000,86234.90,86273.70,86234.80,86273.70,17.016,1790110919999,1467601.59140,873,15.844,1366517.84080,0
1790110920000,86273.70,86299.30,86269.80,86299.30,48.149,1790110979999,4154379.34260,910,19.856,1713215.07240,0
1790110980000,86299.30,86314.00,86239.10,86252.20,118.186,1790111039999,10196760.76530,2440,52.133,4497754.99650,0
1790111040000,86252.20,86266.60,86245.30,86245.30,28.808,1790111099999,2484961.50640,792,13.703,1181972.90680,0
1790111100000,86245.20,86253.70,86241.20,86248.50,24.040,1790111159999,2073419.60830,779,13.505,1164772.86030,0
1790111160000,86248.60,86250.80,86216.10,86216.10,19.783,1790111219999,1706243.81420,868,8.643,745453.58820,0
1790111220000,86216.20,86253.00,86216.10,86253.00,21.279,1790111279999,1835034.83950,864,17.053,1470579.89530,0
1790111280000,86252.90,86266.60,86252.90,86266.50,11.916,1790111339999,1027898.78750,474,10.736,926109.01100,0
1790111340000,86266.60,86292.80,86197.90,86197.90,68.916,1790111399999,5944159.26050,2418,16.845,1452862.83070,0
1790111400000,86198.00,86221.40,86172.00,86204.00,57.155,1790111459999,4926204.61880,1918,23.527,2027772.81480,0
1790111460000,86204.00,86234.20,86200.00,86234.10,19.116,1790111519999,1648034.14260,887,11.992,1033852.60890,0
1790111520000,86234.10,86234.20,86194.80,86194.90,14.156,1790111579999,1220497.00880,832,1.941,167313.00150,0
1790111580000,86194.90,86223.10,86188.70,86223.10,28.221,1790111639999,2432788.85560,1189,15.847,1366056.49070,0
1790111640000,86223.10,86227.90,86214.70,86221.70,10.616,1790111699999,915322.98410,503,4.723,407215.24550,0
1790111700000,86221.70,86221.70,86190.40,86190.40,11.364,1790111759999,979613.79340,502,2.070,178414.82520,0
1790111760000,86190.50,86200.30,86185.90,86185.90,9.498,1790111819999,818658.99230,548,4.263,367432.89020,0
1790111820000,86185.90,86224.60,86185.90,86224.60,51.697,1790111879999,4456501.23940,926,46.881,4041290.84380,0
1790111880000,86224.50,86224.60,86207.20,86207.20,55.764,1790111939999,4807832.29500,734,4.410,380223.62050,0
1790111940000,86207.20,86209.70,86193.00,86193.00,19.920,1790111999999,1717235.91020,428,2.958,254993.73810,0
1790112000000,86193.00,86213.60,86193.00,86213.60,11.831,1790112059999,1019886.06160,404,8.413,725230.16140,0
1790112060000,86213.60,86213.60,86180.00,86185.50,19.756,1790112119999,1702869.08610,920,4.354,375246.01000,0
1790112120000,86185.50,86187.10,86180.50,86180.50,12.264,1790112179999,1056989.37750,461,1.765,152118.54240,0
1790112180000,86180.60,86191.40,86180.50,86191.40,19.909,1790112239999,1715869.05010,475,16.477,1420096.93690,0
1790112240000,86191.40,86193.50,86191.30,86193.50,13.300,1790112299999,1146368.58960,240,9.980,860207.08540,0
1790112300000,86193.50,86193.50,86180.60,86184.40,11.562,1790112359999,996553.42370,376,2.896,249610.66310,0
1790112360000,86184.50,86184.50,86175.00,86175.00,8.766,1790112419999,755470.82590,387,0.546,47056.54800,0
1790112420000,86175.00,86209.50,86175.00,86203.20,44.276,1790112479999,3816326.41640,986,34.697,2990565.54050,0
1790112480000,86203.10,86224.10,86203.10,86224.10,14.860,1790112539999,1281184.05930,510,12.687,1093826.93080,0
1790112540000,86224.10,86231.60,86205.30,86205.60,45.174,1790112599999,3894833.23140,910,15.215,1311794.71950,0
1790112600000,86205.50,86219.30,86205.50,86219.30,15.248,1790112659999,1314592.09420,379,8.600,741421.51560,0
1790112660000,86219.30,86251.20,86219.20,86251.20,27.920,1790112719999,2407602.73910,621,23.492,2025788.18490,0
1790112720000,86251.20,86266.40,86224.30,86248.80,83.538,1790112779999,7205432.83420,1569,31.602,2725623.73180,0
1790112780000,86248.70,86248.70,86225.00,86225.10,11.836,1790112839999,1020701.39670,466,1.179,101668.00260,0
1790112840000,86225.00,86229.10,86225.00,86229.10,15.854,1790112899999,1367020.11550,357,7.373,635743.66160,0
1790112900000,86229.10,86248.80,86229.10,86248.70,24.588,1790112959999,2120596.91730,522,9.294,801536.90750,0
1790112960000,86248.80,86269.40,86191.90,86253.80,79.381,1790113019999,6845101.41460,2184,48.929,4219145.89250,0
1790113020000,86253.80,86253.80,86222.50,86222.50,17.360,1790113079999,1497228.46760,623,6.079,524322.41410,0
1790113080000,86222.50,86222.50,86200.50,86206.20,18.271,1790113139999,1575059.26780,638,7.558,651507.61360,0
1790113140000,86206.30,86210.00,86206.20,86209.90,7.775,1790113199999,670260.35640,157,4.503,388190.45100,0
1790113200000,86209.90,86209.90,86178.30,86178.40,34.391,1790113259999,2964431.24630,764,2.793,240719.00360,0
1790113260000,86178.30,86178.40,86176.40,86176.40,9.568,1790113319999,824545.31130,350,3.180,274044.88190,0
1790113320000,86176.50,86176.50,86168.20,86168.20,11.974,1790113379999,1031835.48950,399,2.391,206032.58450,0
1790113380000,86168.20,86168.30,86129.80,86151.60,51.652,1790113439999,4449805.70410,1618,17.364,1495859.88140,0
1790113440000,86151.60,86177.50,86151.60,86165.10,20.655,1790113499999,1779796.86790,624,7.301,629096.28650,0
1790113500000,86165.10,86187.90,86165.10,86187.90,13.858,1790113559999,1194142.64870,376,11.794,1016276.42070,0
1790113560000,86187.90,86240.00,86187.80,86229.60,36.837,1790113619999,3176270.34820,1067,17.829,1537142.09740,0
1790113620000,86229.60,86248.50,86229.60,86248.40,8.693,1790113679999,749698.30420,307,5.946,512777.35420,0
1790113680000,86248.40,86255.30,86248.40,86255.20,10.538,1790113739999,908919.07820,589,5.462,471106.31700,0
1790113740000,86255.30,86255.30,86248.70,86255.20,20.896,1790113799999,1802335.79630,512,5.922,510774.70210,0
1790113800000,86255.30,86258.00,86255.20,86257.90,8.175,1790113859999,705150.55450,258,6.580,567570.84560,0
1790113860000,86257.90,86264.70,86257.90,86264.50,24.307,1790113919999,2096814.47500,439,9.680,835023.50280,0
1790113920000,86264.50,86264.60,86217.30,86217.30,31.656,1790113979999,2729987.37640,1071,2.909,250849.75570,0
1790113980000,86217.40,86217.40,86185.60,86199.20,39.047,1790114039999,3365697.92000,1058,16.019,1380670.65430,0
1790114040000,86199.30,86199.30,86199.20,86199.30,1.458,1790114099999,125678.51390,93,0.803,69218.03790,0
1790114100000,86199.30,86200.20,86199.20,86200.20,5.053,1790114159999,435567.19500,206,4.412,380313.04970,0
1790114160000,86200.20,86232.20,86200.10,86232.20,20.435,1790114219999,1761973.44110,618,13.831,1192506.75360,0
1790114220000,86232.10,86234.90,86194.00,86194.10,60.416,1790114279999,5208912.48150,1672,16.627,1433457.60790,0
1790114280000,86194.10,86194.10,86165.30,86165.40,11.874,1790114339999,1023304.05110,699,0.511,44043.13670,0
1790114340000,86165.40,86165.40,86143.20,86143.20,32.277,1790114399999,2780579.60570,901,12.124,1044443.42850,0
1790114400000,86143.30,86234.90,86143.20,86234.90,74.012,1790114459999,6378338.83820,1617,61.934,5337288.03750,0
1790114460000,86234.80,86246.30,86185.80,86185.80,42.828,1790114519999,3692810.68890,1583,10.620,915738.22660,0
1790114520000,86185.80,86185.80,86102.50,86111.00,80.883,1790114579999,6966111.04930,2653,34.953,3010364.42980,0
1790114580000,86110.90,86125.00,85948.50,86123.50,447.821,1790114639999,38524497.42010,9996,165.452,14234535.22590,0
1790114640000,86123.40,86123.60,86021.40,86059.10,109.545,1790114699999,9428290.69380,3482,36.015,3099622.53530,0
1790114700000,86059.10,86128.00,86053.80,86128.00,37.383,1790114759999,3218173.31900,1488,27.294,2349638.61890,0
1790114760000,86127.90,86145.80,86127.90,86131.40,50.002,1790114819999,4306934.50660,1202,16.980,1462575.95320,0
1790114820000,86131.40,86131.40,86066.80,86082.80,50.634,1790114879999,4359606.37870,2233,12.975,1116965.92360,0
1790114880000,86082.70,86090.80,86032.50,86087.00,43.454,1790114939999,3739586.89330,2131,20.292,1746279.72610,0
1790114940000,86087.10,86124.80,86050.40,86050.50,53.800,1790114999999,4631069.03890,2071,18.439,1587229.06150,0
1790115000000,86050.50,86064.50,86025.20,86051.20,43.515,1790115059999,3744413.57210,1431,12.413,1068116.97120,0
1790115060000,86051.10,86070.60,86014.00,86014.00,30.158,1790115119999,2595036.32360,1820,10.325,888457.67750,0
1790115120000,86014.10,86014.70,85954.70,86003.80,128.501,1790115179999,11050437.33740,3101,46.824,4026277.58710,0
1790115180000,86003.90,86003.90,85959.50,85984.40,107.158,1790115239999,9214395.13880,1953,26.897,2312692.93870,0
1790115240000,85984.50,86013.10,85984.40,86013.10,42.884,1790115299999,3687913.47360,830,31.828,2737145.37010,0
1790115300000,86013.10,86060.30,85987.30,86045.60,67.119,1790115359999,5773341.62790,1698,23.857,2052104.57580,0
1790115360000,86045.60,86060.20,86008.60,86060.20,55.684,1790115419999,4790984.16330,1910,36.718,3159227.25730,0
1790115420000,86060.30,86111.10,86060.20,86094.70,106.078,1790115479999,9131682.91870,2739,61.121,5261466.83750,0
1790115480000,86094.70,86121.50,86081.80,86121.50,44.520,1790115539999,3833705.89940,1478,17.426,1500546.78370,0
1790115540000,86121.50,86179.70,86093.70,86176.20,99.608,1790115599999,8579752.55030,3231,56.395,4857790.34930,0
1790115600000,86176.10,86176.20,86151.10,86151.10,27.973,1790115659999,2410490.31860,1144,10.519,906442.31150,0
1790115660000,86151.20,86169.50,86137.20,86166.30,21.333,1790115719999,1837895.39190,1051,7.898,680447.96270,0
1790115720000,86166.30,86185.20,86165.20,86183.00,39.413,1790115779999,3396410.82540,1266,27.242,2347575.34430,0
1790115780000,86183.00,86183.10,86130.20,86137.40,21.026,1790115839999,1811663.25520,1236,3.669,316110.89980,0
1790115840000,86137.50,86143.80,86105.30,86130.70,22.572,1790115899999,1943987.50220,1236,11.788,1015215.22950,0
1790115900000,86130.80,86159.90,86130.80,86159.80,20.981,1790115959999,1807556.93060,963,11.377,980108.99110,0
1790115960000,86159.90,86170.70,86141.90,86169.60,32.104,1790116019999,2766037.46330,1275,14.974,1290134.42650,0
1790116020000,86169.60,86169.60,86140.00,86140.00,9.272,1790116079999,798749.76700,718,3.221,277467.28290,0
1790116080000,86140.00,86140.10,86111.00,86128.00,19.765,1790116139999,1702130.39580,921,11.698,1007363.83930,0
1790116140000,86128.00,86138.00,86128.00,86128.70,8.838,1790116199999,761226.74370,416,4.553,392147.20580,0
1790116200000,86128.70,86157.00,86128.70,86144.90,43.890,1790116259999,3780626.13100,1052,27.297,2351215.71660,0
1790116260000,86144.90,86144.90,86123.90,86128.70,25.335,1790116319999,2182108.93100,775,16.259,1400338.43850,0
1790116320000,86128.80,86160.20,86128.70,86150.50,46.358,1790116379999,3993501.86220,1266,41.522,3576860.48510,0
1790116380000,86150.50,86180.00,86150.40,86174.30,34.421,1790116439999,2965772.99700,1023,29.491,2540928.83540,0
1790116440000,86174.20,86180.00,86174.20,86179.90,16.723,1790116499999,1441129.86620,344,12.577,1083828.55350,0
1790116500000,86180.00,86220.00,86179.90,86200.10,93.124,1790116559999,8027233.22480,2259,58.921,5078733.66520,0
1790116560000,86200.10,86200.10,86160.60,86172.70,26.532,1790116619999,2286520.87710,1190,13.543,1166994.59730,0
1790116620000,86172.70,86172.80,86150.00,86150.00,11.837,1790116679999,1019923.79980,594,0.872,75139.40790,0
1790116680000,86150.10,86165.00,86132.80,86161.00,66.483,1790116739999,5727166.20930,1175,38.469,3313712.81240,0
1790116740000,86160.90,86187.10,86160.90,86186.00,70.978,1790116799999,6116347.09090,1436,63.638,5483784.53270,0
1790116800000,86186.00,86206.80,86186.00,86206.70,51.207,1790116859999,4413649.47420,1351,29.921,2578914.36460,0
1790116860000,86206.70,86231.70,86202.10,86231.70,42.745,1790116919999,3685023.20850,1143,31.917,2751568.21380,0
1790116920000,86231.70,86241.90,86220.50,86220.80,93.016,1790116979999,8020634.78840,1409,25.810,2225599.81000,0
1790116980000,86220.90,86220.90,86190.00,86196.50,19.318,1790117039999,1665172.57610,939,9.682,834501.56670,0
1790117040000,86196.50,86196.50,86145.00,86183.90,72.959,1790117099999,6286964.55520,2186,26.470,2280618.34600,0
1790117100000,86184.00,86204.30,86184.00,86204.20,36.641,1790117159999,3158380.45420,1020,28.890,2490255.92500,0
1790117160000,86204.30,86227.20,86170.00,86227.20,36.068,1790117219999,3109049.99390,1748,21.999,1896346.44660,0
1790117220000,86227.10,86247.80,86227.10,86233.30,57.103,1790117279999,4924544.03560,1395,28.991,2500117.28340,0
1790117280000,86233.30,86235.00,86178.80,86180.50,77.853,1790117339999,6711471.66710,1888,37.600,3241061.26290,0
1790117340000,86180.60,86180.60,86131.40,86157.20,52.493,1790117399999,4522207.53700,1722,31.966,2753720.57470,0
1790117400000,86157.30,86157.30,86141.50,86145.10,60.774,1790117459999,5235397.64240,1166,43.494,3746780.48450,0
1790117460000,86145.20,86176.50,86145.10,86157.50,40.676,1790117519999,3504606.51510,1555,32.072,2763256.83110,0
1790117520000,86157.60,86161.20,86136.80,86136.80,50.872,1790117579999,4382671.42790,1582,32.373,2788945.91310,0
1790117580000,86136.80,86157.40,86130.00,86157.40,29.578,1790117639999,2547676.15420,886,17.349,1494371.90340,0
1790117640000,86157.40,86157.40,86130.00,86130.10,14.271,1790117699999,1229293.55860,769,3.094,266500.38140,0
1790117700000,86130.10,86147.10,86130.00,86137.90,22.416,1790117759999,1930775.15460,680,17.792,1532472.73770,0
1790117760000,86138.00,86138.00,86120.50,86137.90,56.186,1790117819999,4839183.24610,985,28.068,2417410.65710,0
1790117820000,86137.90,86139.90,86117.20,86117.20,22.195,1790117879999,1911581.48970,782,1.862,160379.23620,0
1790117880000,86117.20,86117.30,86079.60,86094.50,64.450,1790117939999,5548897.95050,1600,18.428,1586390.25900,0
1790117940000,86094.40,86094.40,86080.10,86080.50,17.919,1790117999999,1542537.09790,844,6.975,600431.31730,0
1790118000000,86080.60,86118.40,86080.60,86118.40,38.924,1790118059999,3351033.97060,1677,22.334,1922753.01410,0
1790118060000,86118.30,86139.70,86112.30,86133.40,21.694,1790118119999,1868308.40260,1001,12.389,1066907.40520,0
1790118120000,86133.30,86141.80,86133.30,86141.80,9.123,1790118179999,785852.75590,377,6.475,557761.94110,0
1790118180000,86141.70,86184.80,86141.70,86184.80,19.772,1790118239999,1703738.52340,1168,17.477,1505962.86220,0
1790118240000,86184.80,86200.00,86138.20,86138.20,60.434,1790118299999,5208188.90570,2326,30.707,2646481.56630,0
1790118300000,86138.20,86284.40,86138.20,86284.40,162.304,1790118359999,13995350.91060,4050,135.333,11669830.81830,0
1790118360000,86284.40,86348.60,86281.90,86348.60,180.991,1790118419999,15621284.76660,4213,117.316,10125997.51490,0
1790118420000,86348.60,86391.50,86327.60,86385.30,291.973,1790118479999,25216642.21990,5062,180.410,15581563.91490,0
1790118480000,86385.30,86393.70,86341.90,86393.70,120.798,1790118539999,10432760.13280,2914,66.877,5775766.91200,0
1790118540000,86393.70,86470.20,86374.90,86465.10,256.900,1790118599999,22200004.39580,5989,173.748,15014769.86190,0
1790118600000,86465.10,86465.10,86407.10,86419.40,101.096,1790118659999,8738772.87260,2708,53.716,4643117.42930,0
1790118660000,86419.40,86430.70,86380.20,86421.10,76.644,1790118719999,6622794.79090,2561,33.771,2918087.40090,0
1790118720000,86421.00,86473.60,86335.60,86338.60,292.899,1790118779999,25305197.06910,5415,95.699,8268821.66350,0
1790118780000,86338.70,86353.50,86273.90,86314.30,97.338,1790118839999,8401688.90080,2779,55.015,4748430.14140,0
1790118840000,86314.40,86358.90,86314.40,86349.20,61.872,1790118899999,5342148.13590,2265,33.157,2862712.97080,0
1790118900000,86349.20,86396.70,86331.30,86374.10,56.115,1790118959999,4846536.32540,2332,32.202,2781172.24830,0
1790118960000,86374.10,86431.50,86374.10,86376.20,75.732,1790119019999,6543260.36180,2420,44.780,3868855.82190,0
1790119020000,86376.20,86395.30,86342.90,86367.10,34.754,1790119079999,3001604.98630,2167,16.603,1433907.18050,0
1790119080000,86367.10,86367.20,86345.10,86345.60,30.539,1790119139999,2637111.38110,1241,11.486,991834.49740,0
1790119140000,86345.50,86349.20,86301.40,86304.60,97.738,1790119199999,8437121.13370,2295,25.826,2229561.39420,0
1790119200000,86304.70,86330.00,86263.80,86273.00,103.655,1790119259999,8944527.46160,2545,22.565,1947237.51200,0
1790119260000,86273.10,86286.10,86263.70,86282.70,32.223,1790119319999,2780012.47470,1354,15.246,1315306.89230,0
1790119320000,86282.80,86358.80,86279.30,86320.40,77.182,1790119379999,6662997.46610,2777,54.162,4675686.58540,0
1790119380000,86320.40,86320.50,86283.00,86283.00,17.059,1790119439999,1472286.63140,1017,2.796,241316.48310,0
1790119440000,86283.10,86290.10,86263.70,86273.30,40.467,1790119499999,3491344.70840,1293,22.814,1968241.26660,0
1790119500000,86273.30,86273.30,86203.50,86212.40,132.654,1790119559999,11441153.90070,2279,16.728,1442233.18440,0
1790119560000,86212.40,86229.10,86143.70,86149.10,117.287,1790119619999,10107859.27990,3747,37.796,3257369.39860,0
1790119620000,86149.20,86165.30,86141.20,86141.30,55.806,1790119679999,4807834.82820,1471,33.586,2893479.49050,0
1790119680000,86141.30,86179.80,86123.40,86179.70,97.790,1790119739999,8423949.58820,2408,76.650,6602980.58150,0
1790119740000,86179.80,86195.00,86166.60,86186.40,46.652,1790119799999,4020510.86620,1383,24.513,2112426.06160,0
1790119800000,86186.40,86206.00,86152.00,86206.00,40.088,1790119859999,3454760.55130,2004,22.861,1970166.42980,0
1790119860000,86206.00,86234.50,86107.60,86122.10,102.633,1790119919999,8844228.64320,3455,36.674,3159328.74870,0
1790119920000,86122.10,86154.80,86100.00,86104.90,61.426,1790119979999,5290117.52520,2641,27.000,2325251.09010,0
1790119980000,86104.90,86139.90,86070.50,86139.80,88.099,1790120039999,7584293.74850,2368,35.128,3024137.09400,0
1790120040000,86139.80,86182.40,86117.40,86172.20,115.770,1790120099999,9974160.99990,3638,63.171,5441659.07060,0
1790120100000,86172.10,86200.00,86126.40,86140.00,108.187,1790120159999,9322598.41300,3521,53.288,4592054.52350,0
1790120160000,86140.10,86151.00,86124.00,86129.40,24.931,1790120219999,2147482.54300,1446,12.286,1058259.18300,0
1790120220000,86129.30,86129.30,86076.30,86076.40,44.965,1790120279999,3871499.25780,1967,9.903,852681.19420,0
1790120280000,86076.40,86116.70,86075.80,86098.40,63.685,1790120339999,5482595.83230,2087,48.984,4216888.23980,0
1790120340000,86098.40,86106.80,86080.20,86080.30,19.896,1790120399999,1712981.44350,814,7.756,667748.98320,0
1790120400000,86080.30,86123.10,86077.40,86123.10,47.233,1790120459999,4066287.23150,1486,36.269,3122411.97850,0
1790120460000,86123.10,86123.10,86086.40,86086.40,22.528,1790120519999,1939546.11920,971,8.589,739408.48110,0
1790120520000,86086.50,86086.50,86047.80,86054.60,70.427,1790120579999,6061235.62280,2036,19.554,1682935.46840,0
1790120580000,86054.70,86133.90,86054.60,86085.90,142.383,1790120639999,12258021.96760,3738,73.693,6343714.94840,0
1790120640000,86085.90,86117.40,86085.90,86117.40,70.380,1790120699999,6060071.99650,1466,44.128,3799632.19720,0
1790120700000,86117.40,86180.90,86117.40,86145.80,165.385,1790120759999,14248813.33270,3245,88.577,7630571.97630,0
1790120760000,86145.90,86161.90,86139.20,86148.70,48.299,1790120819999,4161095.86980,1561,15.370,1324129.71080,0
1790120820000,86148.60,86175.00,86144.00,86169.00,90.903,1790120879999,7832209.55090,2049,65.195,5617289.04270,0
1790120880000,86169.00,86179.50,86150.10,86158.80,66.395,1790120939999,5721249.55330,1545,15.822,1363357.76940,0
1790120940000,86158.80,86164.30,86069.60,86109.70,115.775,1790120999999,9969239.48910,2865,54.874,4724127.34620,0
1790121000000,86109.70,86122.40,86084.40,86111.00,32.230,1790121059999,2775093.38840,1748,15.975,1375443.15420,0
1790121060000,86111.10,86147.80,86079.60,86147.70,69.239,1790121119999,5962229.60220,2412,57.156,4921626.53400,0
1790121120000,86147.70,86183.70,86139.70,86139.70,28.757,1790121179999,2477935.76800,1736,10.171,876412.63030,0
1790121180000,86139.70,86150.40,86120.00,86138.80,34.790,1790121239999,2996575.79840,1573,10.513,905464.41410,0
1790121240000,86138.80,86140.50,86120.00,86138.40,86.518,1790121299999,7451366.95900,1409,77.094,6639654.57060,0
1790121300000,86138.30,86153.50,86106.80,86106.80,29.229,1790121359999,2517498.53770,1897,9.051,779595.31890,0
1790121360000,86106.90,86131.40,86106.80,86131.30,12.784,1790121419999,1100865.76080,697,10.037,864321.08990,0
1790121420000,86131.30,86151.90,86131.30,86151.90,9.747,1790121479999,839637.29920,518,6.574,566292.56180,0
1790121480000,86151.80,86151.80,86144.50,86144.50,15.904,1790121539999,1370097.37440,402,4.571,393766.96660,0
1790121540000,86144.60,86162.70,86144.50,86158.60,40.891,1790121599999,3522753.70600,649,35.359,3046146.78220,0
