open_time,open,high,low,close,volume,close_time,quote_volume,count,taker_buy_volume,taker_buy_quote_volume,ignore
1671667200000,16819.70,16852.80,16802.30,16844.50,19470.669,1671681599999,327673573.73610,124368,9983.070,168016090.58930,0
1671681600000,16844.50,16850.00,16778.00,16820.00,20542.365,1671695999999,345377995.39210,134691,9766.407,164204107.23200,0
1671696000000,16820.00,16861.90,16794.20,16827.60,27422.832,1671710399999,461496041.89470,160137,14039.077,236278935.70820,0
1671710400000,16827.60,16837.60,16600.00,16631.50,98813.975,1671724799999,1650437367.71640,473864,46782.885,781429745.16800,0
1671724800000,16631.50,16662.80,16556.10,16658.30,63297.216,1671739199999,1051685865.54430,319231,32657.724,542656620.28960,0
1671739200000,16658.30,16849.40,16643.60,16815.50,77063.904,1671753599999,1293194311.16820,364573,39770.054,667352848.82570,0
