open_time,open,high,low,close,volume,close_time,quote_volume,count,taker_buy_volume,taker_buy_quote_volume,ignore
1700870400000,37706.30,37840,37671.40,37790.90,16604.380,1700884799999,627020988.09938,209740,8312.877,313923422.50278,0
1700884800000,37791,37830.50,37708.10,37795,10329.999,1700899199999,390231592.31280,149859,5444.154,205671401.71050,0
1700899200000,37795,37827,37570.90,37645,19110.646,1700913599999,720240777.86365,237563,8979.985,338457147.83320,0
1700913600000,37645,37732.40,37607.60,37697.80,12380.976,1700927999999,466491632.02170,174674,6274.206,236404104.32660,0
1700928000000,37697.70,37833,37697.70,37805.90,11566.645,1700942399999,436876901.86118,160099,6077.238,229530663.09238,0
1700942400000,37806,37886.50,37693.20,37766.60,12596.683,1700956799999,475968328.91034,158774,5715.952,215995945.85746,0
