open_time,open,high,low,close,volume,close_time,quote_volume,count,taker_buy_volume,taker_buy_quote_volume,ignore
1724025600000,58390.10,58736.60,58173.20,58696.60,36689.134,1724039999999,2144310642.71150,511842,18404.038,1075799512.49610,0
1724040000000,58696.70,58724.80,58339.80,58475.50,17094.209,1724054399999,1000401147.79570,255545,8660.560,506871795.50210,0
1724054400000,58475.50,58648.70,57750.00,58360.90,41220.822,1724068799999,2396984064.12620,492296,19518.262,1135121152.90730,0
1724068800000,58360.80,58945.40,58019.40,58505.00,56087.605,1724083199999,3279814460.72980,685200,27961.524,1635460049.70840,0
1724083200000,58504.50,59262.90,58332.00,58933.00,39519.485,1724097599999,2326449625.12780,598038,20256.821,1192617989.73950,0
1724097600000,58935.70,59585.40,58879.30,59398.50,23431.884,1724111999999,1387065840.97730,342417,11930.479,706342274.09480,0
