open_time,open,high,low,close,volume,close_time,quote_volume,count,taker_buy_volume,taker_buy_quote_volume,ignore
1711497600000,70044.20,70799.30,69888.00,70445.10,35628.422,1711511999999,2510284384.38024,514300,18595.078,1310303790.37174,0
1711512000000,70445.20,70650.00,69690.10,69798.80,31346.500,1711526399999,2200069134.09762,484152,14969.777,1050794939.87300,0
1711526400000,69797.50,70436.60,69466.40,70290.30,38869.095,1711540799999,2720168182.72534,568638,18985.896,1329014291.93184,0
1711540800000,70290.20,71888.00,68551.00,68922.00,203073.372,1711555199999,14239541793.50930,2487222,99614.973,6988300533.47015,0
1711555200000,68922.10,69487.80,68364.80,68707.80,69700.950,1711569599999,4801758605.45176,955558,34386.541,2369566419.20860,0
1711569600000,68707.70,69703.70,68677.20,69532.60,29139.449,1711583999999,2017088421.48890,468541,15046.095,1041652204.59860,0
