open_time,open,high,low,close,volume,close_time,quote_volume,count,taker_buy_volume,taker_buy_quote_volume,ignore
1735603200000,92759.30,92875.40,92000.00,92481.50,16941.843,1735617599999,1565904272.68770,441035,8576.589,792841859.15390,0
1735617600000,92481.50,93000.00,92315.40,92819.60,11095.688,1735631999999,1028385466.61200,287973,5344.429,495381872.21630,0
1735632000000,92819.50,94738.40,92800.00,94202.50,36509.765,1735646399999,3432488589.50780,631250,19122.877,1797574093.20810,0
1735646400000,94202.40,96254.30,94202.40,95389.40,58306.271,1735660799999,5561751572.51620,1026370,30429.683,2902689868.62230,0
1735660800000,95389.30,95569.60,93145.10,94155.80,41481.273,1735675199999,3909533931.89940,818491,20889.653,1968483299.26270,0
1735675200000,94155.80,94218.30,93343.40,93548.90,14313.276,1735689599999,1341088992.30540,330328,7290.941,683133355.95490,0
