open_time,open,high,low,close,volume,close_time,quote_volume,count,taker_buy_volume,taker_buy_quote_volume,ignore
1722297600000,66750.10,66865.30,65820.00,66585.60,53988.278,1722311999999,3580954176.16490,636424,26511.450,1758927704.32890,0
1722312000000,66585.70,66966.60,66288.00,66914.00,23753.397,1722326399999,1583477878.14730,283360,12128.827,808690459.56970,0
1722326400000,66914.00,66956.60,66358.90,66532.50,23447.894,1722340799999,1562703176.32850,274683,10899.325,726410587.77910,0
1722340800000,66532.60,66923.80,65500.00,66198.00,66028.538,1722355199999,4370507319.53800,728919,32213.165,2132640711.82680,0
1722355200000,66198.00,66526.10,65501.10,65899.40,47748.809,1722369599999,3146984370.37810,555150,23528.566,1550678585.17930,0
1722369600000,65900.00,66319.00,65254.50,66159.30,31584.128,1722383999999,2081516738.87610,371940,14321.200,944160121.23180,0
