open_time,open,high,low,close,volume,close_time,quote_volume,count,taker_buy_volume,taker_buy_quote_volume,ignore
1759622400000,122343.20,124374.00,122088.10,123735.70,34731.178,1759636799999,4288194045.74920,673803,20080.619,2478238919.78300,0
1759636800000,123735.70,125877.30,123678.00,124692.40,42796.463,1759651199999,5347931390.27700,1045078,22901.999,2862179956.21580,0
1759651200000,124692.50,124843.00,122472.00,123413.20,41554.431,1759665599999,5126338515.18910,805728,19908.006,2455863074.77410,0
1759665600000,123413.30,123413.30,122600.00,122753.00,12408.739,1759679999999,1526283863.93630,367351,5378.358,661603767.26920,0
1759680000000,122752.90,123422.00,122160.00,122550.40,20005.211,1759694399999,2458382926.21910,486937,9109.118,1119659356.76780,0
1759694400000,122550.50,123453.50,122425.70,123426.70,11074.978,1759708799999,1362807250.00570,280308,6320.484,777855538.25750,0
