open_time,open,high,low,close,volume,close_time,quote_volume,count,taker_buy_volume,taker_buy_quote_volume,ignore
1774915200000,66764.40,68377.00,66498.90,67670.80,38783.787,1774929599999,2623772941.48690,945711,20349.631,1376579516.35030,0
1774929600000,67670.80,67865.70,67071.90,67343.80,21775.200,1774943999999,1468854594.31330,567705,10689.684,721065754.89840,0
1774944000000,67343.90,67476.90,65938.00,66652.40,45906.629,1774958399999,3055858889.61290,969593,21596.124,1437654245.46420,0
1774958400000,66652.40,67765.80,66374.40,66700.00,60392.206,1774972799999,4048978150.48480,1455157,30531.705,2047512322.78910,0
1774972800000,66700.00,68600.00,66695.90,67803.00,60172.062,1774987199999,4080315714.41700,1432082,33211.174,2252244761.13070,0
1774987200000,67803.00,68382.90,67794.80,68241.50,16303.201,1775001599999,1110461698.12860,492115,8237.273,561124704.85420,0
