open_time,open,high,low,close,volume,close_time,quote_volume,count,taker_buy_volume,taker_buy_quote_volume,ignore
1754352000000,115002.10,115073.30,114213.60,114215.00,10318.429,1754366399999,1182674735.99980,284718,4953.591,567814103.89470,0
1754366400000,114214.90,114468.10,113650.00,113924.70,16889.881,1754380799999,1927854270.57310,303223,7445.188,849881624.45300,0
1754380800000,113924.70,115057.00,113869.50,114782.00,15542.383,1754395199999,1780572403.50700,345471,8458.894,969080912.75310,0
1754395200000,114782.10,114860.10,112582.40,112871.80,48789.021,1754409599999,5534959735.55200,1054150,22554.355,2558764765.45770,0
1754409600000,112871.70,113731.70,112755.10,113573.10,16283.201,1754423999999,1844977287.11740,443249,7784.519,882098791.76900,0
1754424000000,113573.80,114178.40,113240.10,114069.60,11493.513,1754438399999,1307493670.50150,261259,5434.661,618237193.77730,0
