open_time,open,high,low,close,volume,close_time,quote_volume,count,taker_buy_volume,taker_buy_quote_volume,ignore
1750896000000,107280.10,108249.90,107041.40,107809.30,21442.778,1750910399999,2309419517.08590,418305,11169.472,1203281295.44510,0
1750910400000,107809.40,108044.90,107467.60,107768.50,10862.684,1750924799999,1170526338.13300,223334,5281.371,569129176.64130,0
1750924800000,107768.60,108135.00,107050.00,107272.80,17852.704,1750939199999,1918227541.29460,314208,8026.797,862504707.09160,0
1750939200000,107272.80,107724.50,106500.00,107260.00,33276.670,1750953599999,3563856345.65910,598457,17003.184,1821103574.66050,0
1750953600000,107259.90,107630.80,106952.00,107476.10,13297.913,1750967999999,1426738065.26430,301090,6558.998,703827476.90120,0
1750968000000,107476.00,107971.30,106789.90,106913.70,17700.637,1750982399999,1898224810.28670,325697,8712.252,934503486.16780,0
