open_time,open,high,low,close,volume,close_time,quote_volume,count,taker_buy_volume,taker_buy_quote_volume,ignore
1749600000000,110235.40,110247.00,109500.00,109664.10,12285.286,1749614399999,1348644984.52300,277386,5815.356,638327572.66390,0
1749614400000,109664.10,109715.40,109322.00,109396.90,9255.542,1749628799999,1013623470.03660,207933,4456.350,488018034.84110,0
1749628800000,109396.90,109629.30,109133.80,109200.10,11892.147,1749643199999,1300114295.64560,245591,6079.025,664634592.38110,0
1749643200000,109200.10,110350.00,108950.10,109694.80,47346.710,1749657599999,5194212937.78110,817418,23738.563,2604555132.54970,0
1749657600000,109694.90,109776.50,108331.70,108684.50,33333.871,1749671999999,3631790325.28670,643722,14955.475,1629470263.57730,0
1749672000000,108684.50,109164.80,108001.20,108600.00,20308.765,1749686399999,2203255833.29440,400940,9906.467,1074892853.82110,0
