open_time,open,high,low,close,volume,close_time,quote_volume,count,taker_buy_volume,taker_buy_quote_volume,ignore
1665446400000,19124.10,19125.70,18935.70,19039.70,107038.240,1665460799999,2035857291.58240,589761,53585.345,1019313245.34940,0
1665460800000,19039.60,19114.60,19005.00,19075.10,62329.442,1665475199999,1187540872.90120,335851,32087.203,611342025.75010,0
1665475200000,19075.10,19157.30,19025.00,19149.90,63209.053,1665489599999,1206655377.11100,368268,32349.907,617613117.64750,0
1665489600000,19149.90,19260.00,18850.00,19137.60,229953.540,1665503999999,4386131206.87758,1198131,114904.225,2192092252.60130,0
1665504000000,19137.60,19175.70,18910.30,18991.30,106552.116,1665518399999,2030254661.02730,604198,51509.863,981536107.75700,0
1665518400000,18991.30,19059.50,18982.30,19055.00,34275.933,1665532799999,652093631.49700,245327,17097.665,325292291.18180,0
