open_time,open,high,low,close,volume,close_time,quote_volume,count,taker_buy_volume,taker_buy_quote_volume,ignore
1700179200000,36176,36687.40,36108.30,36496,42071.401,1700193599999,1532275106.89719,448218,20594.809,750155726.22542,0
1700193600000,36495.90,36537.10,36143.80,36252,31303.977,1700207999999,1137969092.62052,383410,14677.093,533557542.11662,0
1700208000000,36251.90,36480.50,36129.40,36383.80,40926.634,1700222399999,1486647850.35635,465081,20472.359,743638591.16742,0
1700222400000,36383.90,36636.70,35868.30,36059,82165.613,1700236799999,2976237216.50853,832426,39442.448,1429166768.48980,0
1700236800000,36059.10,37020.50,35917.10,36336.20,92733.982,1700251199999,3374514995.11217,891921,47566.939,1731235236.10755,0
1700251200000,36336.30,36762.60,36320.30,36621.90,30741.444,1700265599999,1122129364.72575,371321,16047.029,585866017.24419,0
