open_time,open,high,low,close,volume,close_time,quote_volume,count,taker_buy_volume,taker_buy_quote_volume,ignore
1759017600000,109577.20,109749.90,109284.10,109397.30,8565.210,1759031999999,937627100.57480,217856,4326.127,473620488.20550,0
1759032000000,109397.30,109500.00,109203.90,109468.50,4028.334,1759046399999,440551001.14120,97366,2067.469,226115931.50860,0
1759046400000,109468.40,109544.80,109188.00,109319.90,7836.570,1759060799999,857165214.55660,177165,3842.947,420336510.59120,0
1759060800000,109319.90,109990.00,109136.50,109990.00,16361.203,1759075199999,1792975856.14590,296684,8535.206,935361907.15830,0
1759075200000,109990.00,110350.00,109952.20,110281.60,12576.758,1759089599999,1385473783.95820,282119,6250.786,688617867.31710,0
1759089600000,110281.70,112300.00,110236.60,112119.60,27879.888,1759103999999,3107253145.71190,536269,14798.409,1648643689.37750,0
