open_time,open,high,low,close,volume,close_time,quote_volume,count,taker_buy_volume,taker_buy_quote_volume,ignore
1663804800000,18447.50,18777.60,18345.20,18677.60,111993.338,1663819199999,2076205882.27285,711173,56195.105,1041954316.01535,0
1663819200000,18677.70,18962.10,18610.10,18923.80,107802.202,1663833599999,2022963904.66478,667527,55472.968,1041244282.98378,0
1663833600000,18923.80,19279.20,18897.30,19220.10,173819.785,1663847999999,3325472475.16882,993466,92185.986,1763774333.48022,0
1663848000000,19220.00,19310.00,18782.70,18975.50,212238.703,1663862399999,4038273678.99498,1204054,106372.643,2024145590.46850,0
1663862400000,18975.50,19483.10,18767.60,19304.20,161690.371,1663876799999,3090709518.53743,981000,82267.769,1572791235.97773,0
1663876800000,19304.20,19504.80,19150.00,19392.50,85353.992,1663891199999,1649973233.07410,577785,43921.092,849086576.25330,0
