open_time,open,high,low,close,volume,close_time,quote_volume,count,taker_buy_volume,taker_buy_quote_volume,ignore
1640995200000,46210.57,46944.56,46210.55,46789.56,24921.419,1641009599999,1163591050.09468,250048,12498.910,583519842.69033,0
1641009600000,46789.55,47566.66,46605.00,47186.83,34840.019,1641023999999,1640482195.99900,336846,17871.343,841615342.78785,0
1641024000000,47186.83,47338.00,46700.09,46755.01,29421.287,1641038399999,1383156997.95455,307536,14048.192,660593417.36149,0
1641038400000,46755.01,47488.64,46755.01,47194.78,28293.730,1641052799999,1332222394.70214,303405,14319.742,674333128.32351,0
1641052800000,47194.77,47943.77,47157.59,47326.98,38466.496,1641067199999,1828153448.54727,401014,18932.078,899775766.15696,0
1641067200000,47326.99,47813.43,47202.47,47704.35,23490.633,1641081599999,1114226574.35965,224249,12315.954,584270143.63755,0
