open_time,open,high,low,close,volume,close_time,quote_volume,count,taker_buy_volume,taker_buy_quote_volume,ignore
1666396800000,19151.00,19175.60,19103.50,19142.00,25684.772,1666411199999,491600078.25520,158859,12981.890,248476055.95080,0
1666411200000,19142.00,19167.90,19124.70,19155.30,17041.655,1666425599999,326211030.94130,142624,9001.416,172309296.64600,0
1666425600000,19155.20,19178.60,19128.40,19168.90,20976.902,1666439999999,401771742.88630,134798,9653.977,184912583.33310,0
1666440000000,19168.90,19250.00,19143.30,19223.70,52378.099,1666454399999,1005799512.68060,283213,28121.249,540011815.59450,0
1666454400000,19223.80,19236.80,19122.00,19175.10,38570.393,1666468799999,739418430.83110,227921,18736.956,359220205.62140,0
1666468800000,19175.00,19217.10,19164.10,19195.10,19403.221,1666483199999,372392223.30650,132561,10194.948,195666787.84060,0
