open_time,open,high,low,close,volume,close_time,quote_volume,count,taker_buy_volume,taker_buy_quote_volume,ignore
1663286400000,19690.80,19810.00,19573.10,19738.40,56205.319,1663300799999,1107924379.18460,388307,27858.132,549147636.58080,0
1663300800000,19738.30,19849.60,19715.10,19730.50,40737.357,1663315199999,805612191.26940,285434,20972.469,414780916.33900,0
1663315200000,19730.40,19878.00,19603.00,19856.00,72924.908,1663329599999,1440224546.88810,471900,38029.824,751101004.77100,0
1663329600000,19856.10,19863.10,19385.20,19653.30,178152.124,1663343999999,3502241535.70746,990296,86955.142,1709562030.97810,0
1663344000000,19653.30,19653.30,19300.00,19605.90,139063.128,1663358399999,2709481733.81990,845282,68116.865,1327362341.84490,0
1663358400000,19605.90,19819.50,19602.80,19792.50,57525.968,1663372799999,1134422333.35695,375221,29111.548,574122613.57785,0
