open_time,open,high,low,close,volume,close_time,quote_volume,count,taker_buy_volume,taker_buy_quote_volume,ignore
1660867200000,23185.00,23200.00,22702.00,22759.00,123098.889,1660881599999,2814934853.73989,904280,56926.357,1301578470.62370,0
1660881600000,22759.00,22826.80,21220.00,21892.80,186167.069,1660895999999,4114542091.74634,1137548,85664.761,1891735574.28421,0
1660896000000,21892.90,21906.00,21235.80,21453.70,182850.917,1660910399999,3949485008.25039,1169676,88744.074,1916816566.09260,0
1660910400000,21453.70,21581.20,21250.00,21431.10,141320.365,1660924799999,3026879241.87400,1002514,72069.678,1543705226.07750,0
1660924800000,21431.00,21646.10,21133.00,21319.40,117009.421,1660939199999,2504819888.59358,839365,57943.767,1240811759.98598,0
1660939200000,21319.40,21370.90,20760.00,20824.90,156163.164,1660953599999,3289498219.69413,1043484,73585.053,1550492291.64090,0
