open_time,open,high,low,close,volume,close_time,quote_volume,count,taker_buy_volume,taker_buy_quote_volume,ignore
1748044800000,107271.60,108330.60,106836.00,108306.80,24382.839,1748059199999,2623992936.46280,517132,13509.897,1454228995.96390,0
1748059200000,108306.70,108520.00,107520.00,107550.60,21546.444,1748073599999,2327511097.95660,399563,9321.536,1006906019.80910,0
1748073600000,107550.70,109440.20,107546.10,109152.20,34423.684,1748087999999,3740559834.19310,601241,16728.807,1817294689.94820,0
1748088000000,109152.20,109227.10,108495.80,108889.20,29417.399,1748102399999,3202149809.61100,468796,14492.522,1577528066.97490,0
1748102400000,108889.10,109165.80,108647.10,108912.70,18957.367,1748116799999,2063927440.39540,287883,9639.369,1049485085.55320,0
1748116800000,108912.70,109084.80,107394.70,107698.90,36431.025,1748131199999,3937100774.45080,564240,15444.299,1669250049.11020,0
