open_time,open,high,low,close,volume,close_time,quote_volume,count,taker_buy_volume,taker_buy_quote_volume,ignore
1784160000000,64721.40,64814.70,64362.20,64593.00,13463.314,1784174399999,869703728.46170,352640,6839.373,441850054.95480,0
1784174400000,64593.00,64974.50,64005.60,64200.00,23983.759,1784188799999,1547760236.20620,419702,11518.021,743455348.24630,0
1784188800000,64200.10,64340.00,63843.10,64226.60,23564.869,1784203199999,1510393551.40330,454987,11513.968,738079802.96810,0
1784203200000,64226.60,64874.70,63833.00,64677.70,38698.036,1784217599999,2491472469.74240,911886,19298.367,1242702985.21990,0
1784217600000,64677.70,64687.60,63958.00,64241.60,18183.263,1784231999999,1168498542.80840,523708,8014.596,515066922.77360,0
1784232000000,64241.70,64249.90,63712.60,63801.00,12576.221,1784246399999,804349209.64580,289098,5917.768,378590992.24060,0
