open_time,open,high,low,close,volume,close_time,quote_volume,count,taker_buy_volume,taker_buy_quote_volume,ignore
1715644800000,62912.20,63099.60,62377.20,62464.80,30244.783,1715659199999,1895219306.33360,471583,15014.968,940895082.22500,0
1715659200000,62464.80,62749.90,61373.20,62002.10,53110.693,1715673599999,3293445386.26410,687353,25266.051,1566799308.57240,0
1715673600000,62002.00,62015.70,61492.80,61770.20,22566.352,1715687999999,1393448622.02910,337553,11202.777,691764771.68110,0
1715688000000,61770.20,62295.90,60950.00,61749.90,91131.328,1715702399999,5621081751.72870,1196517,44387.968,2738391235.41480,0
1715702400000,61750.00,61793.00,61116.60,61563.60,34540.720,1715716799999,2120387406.30770,538482,17615.256,1081345701.97800,0
1715716800000,61563.60,61768.90,61444.60,61550.50,12751.398,1715731199999,785624287.64120,255015,5910.216,364152251.07970,0
