open_time,open,high,low,close,volume,close_time,quote_volume,count,taker_buy_volume,taker_buy_quote_volume,ignore
1724889600000,59010.00,59300.00,58834.00,59113.00,16919.526,1724903999999,999192600.46440,274787,8170.925,482569048.63070,0
1724904000000,59113.40,59734.10,59040.80,59548.90,19489.420,1724918399999,1158168883.34820,293671,9779.570,581183566.29310,0
1724918400000,59548.90,60450.00,59340.00,60040.00,34525.878,1724932799999,2067251096.96750,468236,18658.401,1117495116.83020,0
1724932800000,60040.00,61144.90,59956.30,60750.90,61927.272,1724947199999,3751694473.71600,849556,31421.699,1903877117.17510,0
1724947200000,60750.90,60930.00,58876.80,59237.00,74013.459,1724961599999,4422806798.86020,942217,34719.233,2074704349.17910,0
1724961600000,59236.90,59614.50,58655.00,59323.20,27021.130,1724975999999,1599855517.97650,391634,13414.123,794353695.32840,0
