open_time,open,high,low,close,volume,close_time,quote_volume,count,taker_buy_volume,taker_buy_quote_volume,ignore
1740355200000,96218.40,96470.00,95263.00,95388.10,17763.849,1740369599999,1703801645.28620,407234,8560.836,821203042.47120,0
1740369600000,95388.00,95918.40,95018.00,95834.20,17643.499,1740383999999,1684329568.35360,332392,9016.823,860921283.93130,0
1740384000000,95834.20,96147.50,95282.40,95774.80,19209.488,1740398399999,1837034951.91270,354146,9475.339,906233030.07010,0
1740398400000,95774.90,96055.10,93800.00,94295.90,60104.206,1740412799999,5702581706.39970,969374,29178.876,2768702095.40320,0
1740412800000,94295.90,95182.30,93612.90,93916.10,39593.268,1740427199999,3740793129.07630,783204,19440.297,1837040502.52160,0
1740427200000,93917.40,94551.10,91300.00,91514.50,63174.440,1740441599999,5874654678.40210,1063600,28706.268,2671564696.79180,0
