open_time,open,high,low,close,volume,close_time,quote_volume,count,taker_buy_volume,taker_buy_quote_volume,ignore
1774656000000,66364.10,66472.40,65888.00,66191.80,13447.828,1774670399999,889788223.85210,351585,6288.203,416088803.93400,0
1774670400000,66191.80,66533.90,66068.30,66520.80,9361.184,1774684799999,620914380.10590,219217,4873.431,323277588.79660,0
1774684800000,66520.90,66529.40,66087.30,66288.50,10694.728,1774699199999,709059597.20150,221985,5107.804,338644087.94340,0
1774699200000,66288.40,67284.00,66191.70,66982.30,31909.105,1774713599999,2132184154.23730,600890,17562.369,1173634090.75690,0
1774713600000,66982.40,67065.00,66644.00,66873.00,11262.952,1774727999999,753215564.95370,256392,5826.056,389667480.24030,0
1774728000000,66873.00,66978.00,66233.60,66334.80,12697.695,1774742399999,845416086.48830,286242,6206.679,413171238.14810,0
