open_time,open,high,low,close,volume,close_time,quote_volume,count,taker_buy_volume,taker_buy_quote_volume,ignore
1780444800000,66730.10,67195.70,65359.10,65818.40,59070.502,1780459199999,3921781971.42280,1089648,27478.598,1824608160.26340,0
1780459200000,65818.30,67493.80,65791.40,67186.70,54095.531,1780473599999,3619709211.54140,1043284,28871.402,1932671195.32180,0
1780473600000,67186.70,67448.00,66620.00,67040.10,36554.161,1780487999999,2450477523.84050,620007,17222.772,1154811383.56270,0
1780488000000,67040.10,67220.20,66036.20,66046.50,45358.494,1780502399999,3023807939.71880,1339639,21333.141,1422937042.00720,0
1780502400000,66046.60,66359.40,65199.00,65428.60,52731.380,1780516799999,3469710464.07410,1293070,23842.883,1569422320.29690,0
1780516800000,65428.50,65829.40,64050.80,64117.70,63091.470,1780531199999,4100294287.44970,1581277,30465.188,1980799613.50950,0
