open_time,open,high,low,close,volume,close_time,quote_volume,count,taker_buy_volume,taker_buy_quote_volume,ignore
1715385600000,60778.00,61079.40,60617.00,60706.00,19987.403,1715399999999,1215816474.49420,303464,9908.216,602757152.81490,0
1715400000000,60706.00,61055.50,60680.40,60988.90,16168.856,1715414399999,984185184.42920,267748,8297.765,505091231.55060,0
1715414400000,60989.00,61028.00,60432.60,60654.50,18892.240,1715428799999,1147434584.98450,300424,9289.801,564284503.71090,0
1715428800000,60654.60,61491.40,60602.60,61146.10,29790.488,1715443199999,1817616270.32680,434223,15294.987,933209324.69200,0
1715443200000,61146.10,61390.00,60976.80,61112.90,15661.949,1715457599999,957690029.25860,281008,7459.748,456187646.45020,0
1715457600000,61113.00,61129.90,60720.30,60809.20,12793.851,1715471999999,779104513.78260,204871,6094.972,371199187.28310,0
