open_time,open,high,low,close,volume,close_time,quote_volume,count,taker_buy_volume,taker_buy_quote_volume,ignore
1732147200000,94288.00,95991.40,94008.70,95790.20,61140.448,1732161599999,5806904428.42470,991043,33311.031,3164873001.82460,0
1732161600000,95790.10,97899.90,95790.10,96950.00,83899.747,1732175999999,8140644699.89480,1383517,44019.401,4270285173.29510,0
1732176000000,96950.00,98438.90,96757.60,98014.00,54909.632,1732190399999,5366192611.48710,927583,28282.499,2764069700.05720,0
1732190400000,98014.00,98289.30,95625.00,96684.00,103958.368,1732204799999,10092751962.06410,1660910,49909.925,4846454548.66730,0
1732204800000,96684.10,99100.00,96311.00,97891.50,76195.107,1732219199999,7462166961.26070,1280031,39590.924,3878802533.87160,0
1732219200000,97891.50,98767.00,97531.70,98366.80,38279.834,1732233599999,3758195145.68940,662431,18820.533,1848118488.69450,0
