open_time,open,high,low,close,volume,close_time,quote_volume,count,taker_buy_volume,taker_buy_quote_volume,ignore
1743984000000,78390.10,79311.50,77311.00,77669.60,69452.679,1743998399999,5435303925.40260,1242611,35104.865,2747243877.33130,0
1743998400000,77669.50,77950.00,74457.00,75084.10,120677.337,1744012799999,9164574963.23440,1955626,57660.479,4379894540.86040,0
1744012800000,75084.10,77550.60,75051.70,76655.90,91159.234,1744027199999,6973955553.94450,1402335,45099.195,3450325663.22510,0
1744027200000,76656.00,81200.00,75761.50,78444.60,284460.151,1744041599999,22287968503.79910,3829163,142666.243,11179577606.11310,0
1744041600000,78444.60,79347.10,77262.60,78086.30,91535.930,1744055999999,7175970039.18850,1486255,46609.685,3654687490.54830,0
1744056000000,78093.70,80184.70,78060.00,79140.00,36558.172,1744070399999,2899327483.47990,605248,18923.438,1500239132.73380,0
