open_time,open,high,low,close,volume,close_time,quote_volume,count,taker_buy_volume,taker_buy_quote_volume,ignore
1760313600000,114894.50,115912.00,114566.10,114773.60,33866.079,1760327999999,3902189865.55220,799193,15893.850,1831377187.45480,0
1760328000000,114773.50,115500.00,114357.20,115341.70,27016.549,1760342399999,3103904377.95790,643334,14292.925,1642020017.10060,0
1760342400000,115341.70,115376.30,113600.50,114129.30,29931.406,1760356799999,3429150077.96930,669105,13591.940,1557456484.49890,0
1760356800000,114129.20,115488.90,113721.20,114260.70,52250.214,1760371199999,5984643461.56150,1390332,25408.016,2910047691.45160,0
1760371200000,114260.80,115827.60,114151.00,115726.60,38754.704,1760385599999,4453134295.23540,840841,19996.272,2297862765.83120,0
1760385600000,115726.60,115817.40,114930.10,115111.90,14177.831,1760399999999,1636482296.33040,313804,6511.246,751664942.15020,0
