open_time,open,high,low,close,volume,close_time,quote_volume,count,taker_buy_volume,taker_buy_quote_volume,ignore
1771027200000,68821.50,69118.10,68736.20,68947.70,9642.697,1771041599999,664694134.30690,290220,5183.941,357353181.13250,0
1771041600000,68947.70,69318.20,68689.10,69182.20,9127.385,1771055999999,629267429.06410,252441,4969.232,342710235.32270,0
1771056000000,69182.10,70557.70,69174.50,70464.80,27428.772,1771070399999,1916377052.79450,709232,15845.373,1107280589.78800,0
1771070400000,70464.80,70499.40,69163.70,69754.20,36370.367,1771084799999,2535438644.46390,921709,15595.568,1087161848.55570,0
1771084800000,69754.20,69903.30,69259.10,69849.00,15953.444,1771099199999,1111161334.19200,524668,8746.890,609283557.64310,0
1771099200000,69848.90,70230.60,69600.00,69795.40,16011.581,1771113599999,1118995599.33270,403231,8790.449,614408831.87150,0
