open_time,open,high,low,close,volume,close_time,quote_volume,count,taker_buy_volume,taker_buy_quote_volume,ignore
1708732800000,50771.90,50934.90,50611.40,50878.20,19923.319,1708747199999,1011601658.38394,292450,9819.348,498582839.81284,0
1708747200000,50878.20,51133.30,50856.10,51099.80,15404.691,1708761599999,785865491.52724,238868,7429.741,379024319.14564,0
1708761600000,51099.80,51195.00,50965.00,51151.90,11282.592,1708775999999,576560493.78541,195954,5871.603,300050725.84951,0
1708776000000,51151.80,51204.20,51053.30,51124.60,10274.880,1708790399999,525477989.39770,171880,5212.640,266592680.16480,0
1708790400000,51124.70,51736.60,51117.10,51590.00,35543.963,1708804799999,1830668869.69826,467907,18763.363,966229509.29756,0
1708804800000,51589.90,51712.50,51474.40,51602.10,12515.012,1708819199999,645758037.53513,214658,6519.525,336421003.69218,0
