open_time,open,high,low,close,volume,close_time,quote_volume,count,taker_buy_volume,taker_buy_quote_volume,ignore
1755993600000,115377.10,115640.00,114902.00,115006.50,11855.839,1756007999999,1366508562.79490,241960,5913.601,681675858.10930,0
1756008000000,115006.50,115264.40,114814.20,114854.80,8290.719,1756022399999,953428343.35290,173349,4146.975,476947472.43200,0
1756022400000,114854.90,115033.40,114574.10,114702.00,10131.968,1756036799999,1162832606.30130,222000,4928.103,565624587.02800,0
1756036800000,114701.90,114845.00,114324.90,114372.60,14203.317,1756051199999,1627339482.77750,295274,6585.829,754641577.00440,0
1756051200000,114372.70,114914.80,110484.00,112556.40,58915.204,1756065599999,6655619356.20320,983106,26248.131,2967110451.55570,0
1756065600000,112556.40,113646.50,111555.00,113446.30,29990.955,1756079999999,3382339619.91970,722786,14867.222,1676684960.99990,0
