open_time,open,high,low,close,volume,close_time,quote_volume,count,taker_buy_volume,taker_buy_quote_volume,ignore
1749168000000,101458.70,102464.70,101003.40,102444.90,24397.812,1749182399999,2482944052.19480,441280,12448.759,1267227684.14400,0
1749182400000,102445.00,103424.50,102321.10,103096.80,28923.945,1749196799999,2976248841.76750,441858,14056.889,1446413147.64950,0
1749196800000,103096.70,103953.90,103096.70,103866.00,24302.565,1749211199999,2517654417.73150,401360,12138.330,1257460186.48410,0
1749211200000,103865.90,105283.00,103471.40,105035.40,61774.111,1749225599999,6448969351.15430,944279,31062.122,3243560616.23520,0
1749225600000,105035.40,105240.00,104010.00,104176.90,25548.570,1749239999999,2673572071.30050,483259,11537.136,1207294109.75140,0
1749240000000,104177.00,104574.90,104109.20,104240.00,9353.903,1749254399999,975714484.45520,198189,5202.367,542664707.76820,0
