open_time,open,high,low,close,volume,close_time,quote_volume,count,taker_buy_volume,taker_buy_quote_volume,ignore
1719100800000,64240.10,64500.00,64240.00,64389.00,9294.674,1719115199999,598609568.80070,125061,4523.994,291359737.96500,0
1719115200000,64389.00,64409.00,64311.90,64390.00,4545.853,1719129599999,292590322.74310,74634,2334.204,150241720.73750,0
1719129600000,64390.00,64414.00,64211.70,64310.70,7086.881,1719143999999,455821438.94470,103394,3323.462,213776810.65440,0
1719144000000,64310.70,64409.10,64034.20,64071.80,12474.652,1719158399999,800825361.83010,161856,6002.873,385395921.17990,0
1719158400000,64071.80,64166.40,63888.00,64128.70,10422.264,1719172799999,667504673.34110,145712,5141.352,329319829.30390,0
1719172800000,64128.70,64132.70,63137.90,63194.90,28227.969,1719187199999,1794643159.90970,341732,12894.529,819982295.52470,0
