open_time,open,high,low,close,volume,close_time,quote_volume,count,taker_buy_volume,taker_buy_quote_volume,ignore
1777939200000,79826.10,81050.00,79761.20,80836.90,24027.045,1777953599999,1935008232.04720,522159,13883.305,1118333062.51690,0
1777953600000,80836.80,81278.20,80671.40,80815.80,26966.917,1777967999999,2183179166.89820,499850,14568.140,1179692272.59690,0
1777968000000,80815.80,81071.00,80480.60,80973.00,21914.277,1777982399999,1769707057.97640,370972,12311.086,994311610.92170,0
1777982400000,80973.10,81656.60,80879.50,81488.70,49091.490,1777996799999,3994034808.09730,1014389,28005.040,2278817371.96390,0
1777996800000,81488.70,81636.40,81000.00,81554.40,20374.894,1778011199999,1657107981.34170,498044,10814.965,879794146.53840,0
1778011200000,81554.30,81745.40,80716.80,80861.90,28546.905,1778025599999,2320460096.95140,612433,15196.831,1235863454.89130,0
