open_time,open,high,low,close,volume,close_time,quote_volume,count,taker_buy_volume,taker_buy_quote_volume,ignore
1766620800000,87627.40,87933.50,87466.90,87811.60,5633.524,1766635199999,493927390.46270,170105,2805.870,246026667.99330,0
1766635200000,87811.60,87830.00,87617.10,87795.90,3874.387,1766649599999,339888231.02990,113832,1545.294,135572007.01270,0
1766649600000,87795.90,87858.80,87219.00,87485.20,8305.291,1766663999999,726358051.53780,228016,3832.940,335191408.11600,0
1766664000000,87485.20,88594.00,87360.70,88338.90,15360.367,1766678399999,1351845356.60680,370976,8392.642,738747157.49990,0
1766678400000,88339.00,88451.60,87947.80,88112.30,9470.156,1766692799999,835079934.29110,254120,4437.771,391374323.69630,0
1766692800000,88112.30,88139.20,86902.10,87182.80,15152.527,1766707199999,1325501585.03500,407578,6812.613,595945030.71820,0
