open_time,open,high,low,close,volume,close_time,quote_volume,count,taker_buy_volume,taker_buy_quote_volume,ignore
1665100800000,19954.00,20046.00,19936.90,19976.00,41357.938,1665115199999,827034485.84140,311915,20638.919,412723712.97030,0
1665115200000,19976.10,20004.30,19800.00,19916.80,70255.047,1665129599999,1398212688.15455,435780,33486.671,666458869.59740,0
1665129600000,19916.70,20017.70,19905.60,19990.30,56677.553,1665143999999,1131811725.77270,371913,28257.297,564304009.37890,0
1665144000000,19990.30,20067.00,19454.20,19574.10,322420.732,1665158399999,6343625282.13458,1751711,154262.448,3035767598.68070,0
1665158400000,19574.10,19599.70,19304.40,19453.00,127856.845,1665172799999,2483594850.07880,797470,60112.040,1167716904.02620,0
1665172800000,19453.10,19635.70,19433.70,19520.90,54838.987,1665187199999,1071880639.12890,382261,27229.509,532223906.95120,0
