open_time,open,high,low,close,volume,close_time,quote_volume,count,taker_buy_volume,taker_buy_quote_volume,ignore
1758585600000,112604.70,112808.40,111405.10,112294.00,21299.087,1758599999999,2387648625.54630,453607,10634.025,1192444452.37660,0
1758600000000,112294.00,113080.00,111804.90,113048.10,19008.272,1758614399999,2141268686.45390,428479,10088.167,1136664663.27520,0
1758614400000,113048.10,113236.00,112634.00,112938.60,12834.182,1758628799999,1449667511.66160,309107,6333.130,715433617.67830,0
1758628800000,112938.60,113254.80,112390.60,112828.60,16574.487,1758643199999,1869962545.40890,467527,8066.632,910248723.82080,0
1758643200000,112828.60,112927.80,111482.00,111611.80,22467.091,1758657599999,2518042441.66150,551187,11246.716,1260792457.50370,0
1758657600000,111611.70,112178.00,111413.50,111947.00,10075.145,1758671999999,1127442613.73330,251087,5592.129,625779305.25600,0
