open_time,open,high,low,close,volume,close_time,quote_volume,count,taker_buy_volume,taker_buy_quote_volume,ignore
1678665600000,21986.20,22598.00,21856.00,22221.70,220127.800,1678679999999,4895807939.46067,1496431,113772.118,2530618174.42381,0
1678680000000,22221.80,22500.00,22213.80,22451.60,107550.891,1678694399999,2405146044.53661,780606,55249.676,1235689793.10341,0
1678694400000,22451.50,22542.00,21804.00,22092.60,212765.433,1678708799999,4701409340.05099,1425439,107159.273,2368196747.68400,0
1678708800000,22092.60,24517.20,21945.00,24009.00,677353.141,1678723199999,15750630876.96101,3932650,356949.615,8298088925.28498,0
1678723200000,24009.00,24437.90,23777.00,24314.60,228551.466,1678737599999,5508260274.65164,1755095,115810.412,2791699486.72516,0
1678737600000,24314.60,24350.00,23935.70,24119.50,88633.445,1678751999999,2139593822.30053,820052,43766.657,1056552301.23530,0
