open_time,open,high,low,close,volume,close_time,quote_volume,count,taker_buy_volume,taker_buy_quote_volume,ignore
1726704000000,61735.30,62555.00,61534.00,62086.50,71083.208,1726718399999,4411136056.23990,817372,36402.900,2259218958.74780,0
1726718400000,62086.60,62155.00,61779.90,62071.00,23263.940,1726732799999,1442246245.99180,295494,11908.207,738310144.34670,0
1726732800000,62071.00,62697.00,61851.30,62604.50,40249.506,1726747199999,2508297128.32660,458705,21248.521,1324265638.37830,0
1726747200000,62604.50,63483.80,62540.30,63129.00,85542.087,1726761599999,5392349237.83820,975616,43548.130,2745085653.60750,0
1726761600000,63129.00,63830.10,62905.60,63229.40,56180.057,1726775999999,3565485817.21850,711394,28195.597,1789525819.26110,0
1726776000000,63229.40,63229.50,62623.40,62926.90,26063.614,1726790399999,1640650924.66960,341170,13165.070,828813088.43730,0
