open_time,open,high,low,close,volume,close_time,quote_volume,count,taker_buy_volume,taker_buy_quote_volume,ignore
1729900800000,66662.70,67016.10,66414.10,66885.70,27492.406,1729915199999,1834085595.88820,437833,13736.196,916542300.41390,0
1729915200000,66885.80,67211.20,66730.10,66982.00,14541.648,1729929599999,974721889.96650,219190,6723.876,450760492.75260,0
1729929600000,66982.00,67250.00,66939.50,67110.10,11608.638,1729943999999,778760112.54020,185761,6153.020,412824370.62390,0
1729944000000,67110.20,67156.00,66708.00,66864.20,18967.953,1729958399999,1268854680.61180,315318,9366.845,626619083.64800,0
1729958400000,66864.30,67160.00,66760.50,67154.50,10647.402,1729972799999,713210219.75130,183756,5651.966,378614771.30000,0
1729972800000,67154.40,67450.00,67056.50,67071.80,10911.945,1729987199999,733435882.82550,180775,5699.539,383174932.96170,0
