open_time,open,high,low,close,volume,close_time,quote_volume,count,taker_buy_volume,taker_buy_quote_volume,ignore
1733616000000,99899.20,100415.00,99686.40,99996.70,10362.305,1733630399999,1036802480.07510,249525,5169.246,517369676.86590,0
1733630400000,99996.70,100100.00,99388.50,99741.50,11720.725,1733644799999,1168844702.13480,241103,5445.747,543073146.86290,0
1733644800000,99741.60,99898.00,98709.40,99755.30,24081.257,1733659199999,2390935777.25320,406560,11103.594,1102599097.36010,0
1733659200000,99755.20,100597.50,99409.30,99975.00,29860.114,1733673599999,2985929318.88570,527605,15435.766,1543744524.00980,0
1733673600000,99974.90,100272.20,99538.40,100182.30,14904.590,1733687999999,1489210419.54690,307872,7730.141,772484679.25440,0
1733688000000,100182.40,101457.90,99800.00,101200.00,18826.685,1733702399999,1892940036.41490,370429,9961.835,1001621466.20220,0
