open_time,open,high,low,close,volume,close_time,quote_volume,count,taker_buy_volume,taker_buy_quote_volume,ignore
1675900800000,22955.90,23007.80,22407.50,22511.60,114802.191,1675915199999,2601403292.10681,654889,52470.050,1189228779.19520,0
1675915200000,22511.60,22731.80,22341.10,22668.70,83990.713,1675929599999,1895751132.02840,507998,42833.424,967016801.05520,0
1675929600000,22668.80,22766.00,22648.10,22677.40,42168.627,1675943999999,957293476.59780,307114,20439.650,464051705.95130,0
1675944000000,22677.50,22840.00,22550.00,22603.80,112744.024,1675958399999,2557579284.45845,637130,56329.950,1278185065.28105,0
1675958400000,22603.80,22614.70,21862.10,22027.30,212791.892,1675972799999,4743305317.21084,1112752,98498.767,2196035414.15880,0
1675972800000,22027.30,22074.50,21684.70,21793.40,165797.903,1675987199999,3626269160.39826,948610,81812.132,1789613437.92520,0
