open_time,open,high,low,close,volume,close_time,quote_volume,count,taker_buy_volume,taker_buy_quote_volume,ignore
1706313600000,41806.40,41924.00,41681.80,41805.20,16504.250,1706327999999,689973985.47739,237902,8223.520,343835021.14263,0
1706328000000,41805.10,41880.50,41594.00,41699.10,17412.384,1706342399999,726527607.70128,247795,8343.770,348132217.25563,0
1706342400000,41699.00,41786.00,41360.10,41744.70,32118.828,1706356799999,1336277299.90680,401682,15095.268,628111606.55203,0
1706356800000,41744.70,41880.00,41689.30,41797.40,15054.687,1706371199999,628881971.41377,212995,7683.617,321002783.02257,0
1706371200000,41797.50,41977.00,41727.00,41896.40,16407.782,1706385599999,686625501.60651,213679,8592.519,359629266.04469,0
1706385600000,41896.50,42187.10,41896.40,42102.20,20939.183,1706399999999,881044551.61761,288278,10420.705,438461852.09101,0
