open_time,open,high,low,close,volume,close_time,quote_volume,count,taker_buy_volume,taker_buy_quote_volume,ignore
1754697600000,116628.20,116703.60,116304.00,116331.50,5712.949,1754711999999,665399766.05970,137522,2775.842,323333210.55810,0
1754712000000,116331.60,116950.10,116309.00,116703.20,14934.749,1754726399999,1742010556.59880,264638,7562.490,882072975.93840,0
1754726400000,116703.30,117906.70,116700.00,117064.90,25544.616,1754740799999,2997149497.96330,476850,13427.766,1575521775.39380,0
1754740800000,117065.00,117200.00,116600.00,116835.60,13944.013,1754755199999,1630234692.51930,267022,7285.961,851932563.97240,0
1754755200000,116835.50,116900.90,116458.10,116499.90,7593.202,1754769599999,885585194.02860,180640,3616.573,421833234.36490,0
1754769600000,116499.90,117000.00,116350.00,116422.10,10195.005,1754783999999,1188698097.36850,187266,5476.956,638667619.73610,0
