open_time,open,high,low,close,volume,close_time,quote_volume,count,taker_buy_volume,taker_buy_quote_volume,ignore
1661904000000,19803.20,20449.00,19787.90,20392.60,131758.873,1661918399999,2661422070.96254,837961,72003.102,1454663051.06104,0
1661918400000,20392.70,20496.00,20178.90,20247.50,85524.668,1661932799999,1737376386.58580,659572,43323.533,880233944.61370,0
1661932800000,20247.50,20397.10,20121.00,20308.00,95848.894,1661947199999,1941028665.45670,742524,49716.621,1006883752.42640,0
1661947200000,20307.90,20419.00,19850.00,20130.50,199733.768,1661961599999,4029891990.29897,1248058,99898.846,2015725169.43700,0
1661961600000,20130.60,20329.00,19870.20,20217.70,130762.014,1661975999999,2626094206.72878,849943,65414.233,1314021206.56248,0
1661976000000,20217.70,20288.70,19959.80,20041.50,68011.122,1661990399999,1369183836.90380,514407,34223.445,688962287.70110,0
