open_time,open,high,low,close,volume,close_time,quote_volume,count,taker_buy_volume,taker_buy_quote_volume,ignore
1692576000000,26175.90,26183.20,26052.50,26076.70,19223.035,1692590399999,501879350.94696,222496,8799.845,229758966.99940,0
1692590400000,26076.80,26174.40,25985.00,26012.00,32357.565,1692604799999,843233681.44280,280358,15199.297,396129409.68240,0
1692604800000,26011.90,26079.80,25861.00,26020.70,43891.805,1692619199999,1140104778.68228,390107,21473.269,557908443.84050,0
1692619200000,26020.80,26193.60,25800.00,25925.10,78006.665,1692633599999,2028013628.51254,639815,37414.275,972809624.86676,0
1692633600000,25925.10,26159.90,25921.10,26086.20,34324.296,1692647999999,893641540.13056,336442,17221.250,448389899.33156,0
1692648000000,26086.20,26280.00,26067.50,26115.40,24701.899,1692662399999,645883179.97024,244491,13315.372,348232979.96724,0
