open_time,open,high,low,close,volume,close_time,quote_volume,count,taker_buy_volume,taker_buy_quote_volume,ignore
1679011200000,24990.50,25896.50,24875.30,25769.90,202957.831,1679025599999,5176549192.81015,1473300,107253.621,2735240645.05709,0
1679025600000,25769.90,26200.00,25638.80,26046.90,159158.385,1679039999999,4126134831.90518,1283128,82318.478,2134509466.01520,0
1679040000000,26046.90,26980.00,25912.50,26914.10,276537.249,1679054399999,7318530014.37091,2141595,147849.707,3913671812.19581,0
1679054400000,26914.10,26930.00,26120.00,26412.60,264742.761,1679068799999,7010303216.71982,2065821,128829.028,3411946108.16530,0
1679068800000,26412.70,26850.00,26250.00,26830.00,166531.946,1679083199999,4422894966.97669,1277702,85034.526,2258944306.47949,0
1679083200000,26830.00,27763.40,26571.20,27384.00,271230.892,1679097599999,7389118064.86833,1950695,141457.106,3853225628.65451,0
