open_time,open,high,low,close,volume,close_time,quote_volume,count,taker_buy_volume,taker_buy_quote_volume,ignore
1683936000000,26785.20,26974.10,26678.50,26794.60,56653.067,1683950399999,1519933743.26120,601006,29622.920,794878778.86130,0
1683950400000,26794.60,26862.90,26674.90,26759.30,32070.296,1683964799999,858160352.05660,388111,15359.269,411054111.40430,0
1683964800000,26759.20,26864.80,26727.30,26814.30,27857.048,1683979199999,746497577.53570,376205,14300.528,383244880.87570,0
1683979200000,26814.40,26897.00,26722.80,26802.00,40717.301,1683993599999,1091401378.47220,483340,21011.198,563244887.60460,0
1683993600000,26802.00,27051.50,26755.00,26822.60,54284.517,1684007999999,1457952777.60552,583364,28339.795,761255437.76230,0
1684008000000,26822.60,26928.60,26730.00,26762.70,31112.700,1684022399999,835207847.59630,420689,14245.032,382423560.91020,0
