open_time,open,high,low,close,volume,close_time,quote_volume,count,taker_buy_volume,taker_buy_quote_volume,ignore
1748217600000,108956.00,109856.00,108616.60,109587.00,31295.991,1748231999999,3422709498.14220,561622,15597.723,1705784148.05020,0
1748232000000,109587.10,110197.90,109327.40,110049.90,21821.547,1748246399999,2394859782.31810,397180,11076.142,1215753666.35760,0
1748246400000,110049.90,110138.80,109500.00,109736.70,14879.390,1748260799999,1632610086.12530,306693,6880.969,754979256.93220,0
1748260800000,109736.60,110400.00,109412.90,109963.20,30300.067,1748275199999,3328515826.89240,564501,16235.216,1783648727.20120,0
1748275200000,109963.20,110394.70,108807.00,109074.30,34224.496,1748289599999,3742551394.63060,616391,16352.199,1788194705.36750,0
1748289600000,109074.40,109863.20,108894.00,109386.80,14470.729,1748303999999,1582019308.22660,330198,7553.440,825831251.08650,0
