open_time,open,high,low,close,volume,close_time,quote_volume,count,taker_buy_volume,taker_buy_quote_volume,ignore
1780012800000,73591.40,73844.00,73158.80,73269.20,11820.268,1780027199999,868975183.61480,364918,5371.109,394948316.88650,0
1780027200000,73269.10,73908.60,73171.80,73488.00,15653.651,1780041599999,1151125702.53770,342477,8138.994,598528125.13430,0
1780041600000,73488.10,73866.80,73305.10,73447.60,11771.654,1780055999999,867119066.92720,290842,5738.728,422784637.19540,0
1780056000000,73447.50,74177.00,72436.00,73775.40,59474.916,1780070399999,4359807910.30120,1264658,29019.254,2127631283.12550,0
1780070400000,73775.40,74293.10,73057.80,73489.00,36329.068,1780084799999,2680754498.23350,807473,17162.807,1266788221.36660,0
1780084800000,73489.00,73829.20,73279.30,73428.20,11107.625,1780099199999,816456901.72790,260231,5303.389,389802076.20950,0
