open_time,open,high,low,close,volume,close_time,quote_volume,count,taker_buy_volume,taker_buy_quote_volume,ignore
1673568000000,18838.10,18881.70,18711.00,18871.60,48452.132,1673582399999,911044879.36420,289189,24902.980,468291387.30560,0
1673582400000,18871.50,18875.40,18770.50,18817.70,30968.560,1673596799999,582771161.88090,193768,14824.058,278953418.71940,0
1673596800000,18817.70,19050.00,18803.90,18911.70,102429.252,1673611199999,1939334180.52680,519877,51753.944,979902706.81580,0
1673611200000,18911.70,19299.20,18801.40,19252.50,200754.386,1673625599999,3826667146.79043,941442,103746.128,1977964982.29653,0
1673625600000,19252.60,19398.00,19053.00,19354.20,170550.150,1673639999999,3282351851.76160,844868,86205.621,1659193920.98610,0
1673640000000,19354.10,19997.80,19307.40,19924.20,253653.352,1673654399999,4995541207.04673,1170232,134307.885,2645071896.71713,0
