open_time,open,high,low,close,volume,close_time,quote_volume,count,taker_buy_volume,taker_buy_quote_volume,ignore
1698710400000,34483.80,34620.70,34206.10,34219.90,32408.780,1698724799999,1115227076.47458,429169,15002.919,516326126.76796,0
1698724800000,34219.90,34360,34080,34151.90,37841.567,1698739199999,1295324932.64891,471395,18426.327,630888171.86420,0
1698739200000,34151.90,34563.60,34016.80,34504,53119.465,1698753599999,1824967416.92408,644792,29037.573,997746267.11886,0
1698753600000,34504.10,34533.10,34133.70,34290.20,64813.253,1698767999999,2222995231.06319,783873,31209.664,1070361596.31840,0
1698768000000,34290.30,34632,34240,34553.50,44732.189,1698782399999,1541129476.46957,510922,24050.053,828649598.80617,0
1698782400000,34553.60,34744.70,34439.50,34651.40,39535.313,1698796799999,1368096760.33007,478427,19706.401,682027423.07965,0
