open_time,open,high,low,close,volume,close_time,quote_volume,count,taker_buy_volume,taker_buy_quote_volume,ignore
1782000000000,64270.10,64450.00,64199.00,64398.80,10365.540,1782014399999,666264897.42370,200867,4557.291,293040022.70100,0
1782014400000,64398.80,64568.00,64143.20,64170.10,12165.969,1782028799999,782157143.41360,226659,5398.834,347197397.23350,0
1782028800000,64170.00,64453.30,63871.30,64149.90,17775.189,1782043199999,1140389603.05360,354447,9011.732,578187331.72380,0
1782043200000,64149.80,64337.30,63916.00,64200.30,11893.654,1782057599999,762343281.63430,296784,6307.550,404351233.29710,0
1782057600000,64200.20,64284.90,63907.40,64173.60,7663.114,1782071999999,491313973.33580,228127,3831.153,245642446.70040,0
1782072000000,64173.70,64243.40,63220.00,63287.10,25118.610,1782086399999,1598343327.67980,596710,12258.479,780050656.89450,0
