open_time,open,high,low,close,volume,close_time,quote_volume,count,taker_buy_volume,taker_buy_quote_volume,ignore
1710288000000,71503.30,72300.00,71388.10,72135.80,30308.014,1710302399999,2179814552.74346,500602,16043.860,1154110427.20886,0
1710302400000,72135.80,73311.70,71990.00,72964.00,48978.929,1710316799999,3562929305.52390,723605,25728.937,1871807857.42110,0
1710316800000,72964.10,73755.00,72934.10,73149.90,50161.327,1710331199999,3682625468.93667,757743,25062.506,1840120761.12837,0
1710331200000,73149.80,73276.90,71671.10,72670.20,97371.457,1710345599999,7070586134.98904,1423663,47839.014,3474523506.57424,0
1710345600000,72670.20,73421.60,72410.60,73399.90,39746.775,1710359999999,2899931499.89324,605405,19817.296,1446100590.00694,0
1710360000000,73399.90,73485.10,72883.20,73127.60,21879.836,1710374399999,1600793569.89970,402756,10275.600,751829984.07270,0
