open_time,open,high,low,close,volume,close_time,quote_volume,count,taker_buy_volume,taker_buy_quote_volume,ignore
1668297600000,16806.90,16950.00,16771.00,16906.10,28927.034,1668311999999,487951644.71980,241573,14533.395,245181396.69210,0
1668312000000,16905.80,16914.10,16550.00,16765.50,60272.220,1668326399999,1008969853.26054,411218,28411.226,475651030.42740,0
1668326400000,16765.40,16786.20,16413.80,16651.80,83564.901,1668340799999,1385842353.43408,579242,40678.599,674686076.86554,0
1668340800000,16651.80,16710.20,16512.60,16568.40,52082.694,1668355199999,865278696.51430,388744,26214.092,435557149.87190,0
1668355200000,16568.40,16616.10,16455.20,16547.60,46374.694,1668369599999,766542869.63904,362946,22958.728,379510436.17620,0
1668369600000,16547.60,16578.80,16210.30,16321.20,78521.293,1668383999999,1287001848.59940,537923,37757.231,618980089.85110,0
