open_time,open,high,low,close,volume,close_time,quote_volume,count,taker_buy_volume,taker_buy_quote_volume,ignore
1717977600000,69667.10,69833.00,69450.10,69637.30,11282.926,1717991999999,785938030.61560,161073,5373.841,374314550.42590,0
1717992000000,69637.40,69712.10,69265.00,69325.30,16614.917,1718006399999,1154689153.57140,205035,7601.740,528395830.19970,0
1718006400000,69325.30,69592.60,69201.20,69506.70,17219.526,1718020799999,1195589382.47520,202551,9313.104,646721175.02910,0
1718020800000,69506.60,70222.70,69255.10,70090.90,38901.997,1718035199999,2712346548.88410,444944,20105.415,1401861059.88440,0
1718035200000,70090.90,70166.10,69420.00,69524.20,28832.938,1718049599999,2013852482.99780,386252,13629.492,952061444.62940,0
1718049600000,69524.30,69734.50,69360.40,69558.70,14529.300,1718063999999,1010380032.79040,204679,7437.255,517233330.29510,0
