open_time,open,high,low,close,volume,close_time,quote_volume,count,taker_buy_volume,taker_buy_quote_volume,ignore
1689206400000,30368.90,30423.00,30257.10,30283.70,25819.244,1689220799999,783193855.01770,283590,12844.856,389677519.58750,0
1689220800000,30283.60,30414.00,30233.00,30355.10,29140.813,1689235199999,883681224.68800,290327,15347.491,465421771.72500,0
1689235200000,30355.10,30624.00,30328.20,30530.60,59604.531,1689249599999,1818564410.43911,477881,30562.325,932321049.42561,0
1689249600000,30530.60,31205.30,30446.40,30915.40,176453.536,1689263999999,5430610016.88916,1196208,91950.652,2830832385.35722,0
1689264000000,30915.50,31850.00,30700.00,31600.60,291866.546,1689278399999,9114633314.97857,2052105,150923.843,4714052809.83348,0
1689278400000,31600.50,31693.70,30993.80,31441.70,113138.840,1689292799999,3544202476.95852,843110,56112.748,1757896836.35252,0
