open_time,open,high,low,close,volume,close_time,quote_volume,count,taker_buy_volume,taker_buy_quote_volume,ignore
1785110400000,65375.20,65398.80,65352.60,65352.70,134.506,1785110459999,8793511.92830,2887,76.532,5003813.01620,0
1785110460000,65352.60,65368.00,65325.50,65325.50,94.524,1785110519999,6177059.34700,2600,37.813,2471026.70380,0
1785110520000,65325.50,65354.10,65320.00,65320.00,56.567,1785110579999,3695958.77620,2056,26.270,1716389.66130,0
1785110580000,65320.00,65333.10,65273.10,65276.70,96.277,1785110639999,6286315.88580,2657,29.915,1953225.63640,0
1785110640000,65276.70,65277.90,65254.00,65254.10,87.746,1785110699999,5727252.35690,1672,22.280,1454254.86130,0
1785110700000,65254.00,65263.00,65243.10,65246.30,144.456,1785110759999,9426278.60360,2387,42.170,2751658.66010,0
1785110760000,65246.30,65246.30,65218.00,65231.00,193.230,1785110819999,12604119.86060,3582,41.135,2683159.22160,0
1785110820000,65231.00,65238.10,65175.10,65184.30,335.986,1785110879999,21905369.14200,4672,88.005,5737958.10180,0
1785110880000,65184.30,65210.00,65168.00,65182.20,128.779,1785110939999,8394413.10620,3090,51.937,3385359.51090,0
1785110940000,65182.20,65198.90,65157.20,65185.50,161.009,1785110999999,10494308.53900,4309,55.502,3617602.55940,0
1785111000000,65185.40,65200.00,65160.00,65168.70,93.818,1785111059999,6114673.47260,3028,32.001,2085631.70990,0
1785111060000,65168.60,65194.70,65153.00,65176.80,110.219,1785111119999,7183124.83510,2664,47.688,3107947.39400,0
1785111120000,65176.80,65191.40,65176.80,65177.00,35.958,1785111179999,2343810.24050,1352,15.156,987904.28270,0
1785111180000,65176.90,65215.00,65176.90,65215.00,81.892,1785111239999,5339213.96340,2216,43.651,2845877.99660,0
1785111240000,65214.90,65215.00,65184.30,65197.10,56.077,1785111299999,3656159.88030,1473,25.115,1637379.70040,0
1785111300000,65197.10,65197.20,65176.30,65185.80,71.114,1785111359999,4635409.44980,2062,40.106,2614110.06700,0
1785111360000,65185.80,65194.50,65172.30,65172.30,47.968,1785111419999,3126957.13420,1246,20.411,1330591.75860,0
1785111420000,65172.30,65175.30,65151.30,65155.60,150.056,1785111479999,9778176.30510,2448,34.161,2226093.63370,0
1785111480000,65155.60,65155.70,65107.80,65126.50,257.371,1785111539999,16762305.08730,3936,74.975,4883304.49340,0
1785111540000,65126.50,65126.60,65063.90,65111.60,334.152,1785111599999,21750108.97760,5490,82.150,5347134.32430,0
1785111600000,65111.50,65125.10,65090.40,65124.90,126.490,1785111659999,8235144.80340,3040,56.005,3646472.91650,0
1785111660000,65124.80,65125.60,65096.00,65096.10,75.889,1785111719999,4941308.30370,2255,39.305,2559243.72730,0
1785111720000,65096.00,65154.20,65094.60,65152.30,368.195,1785111779999,23982716.24830,4206,246.738,16070319.95870,0
1785111780000,65152.30,65152.40,65097.20,65097.30,116.651,1785111839999,7596142.90390,2638,22.176,1444034.49690,0
1785111840000,65097.20,65129.60,65094.20,65129.60,47.860,1785111899999,3116027.45530,1631,34.148,2223352.67220,0
1785111900000,65129.50,65200.00,65126.00,65198.40,168.802,1785111959999,10998200.23000,3074,129.964,8467277.80300,0
1785111960000,65198.30,65200.00,65167.10,65200.00,67.665,1785112019999,4410847.22400,2202,33.635,2192554.52420,0
1785112020000,65199.90,65233.00,65194.00,65194.10,96.782,1785112079999,6311328.03920,2480,63.579,4146093.41370,0
1785112080000,65194.00,65210.00,65185.40,65204.50,53.157,1785112139999,3465796.42770,1803,29.813,1943805.07600,0
1785112140000,65204.40,65204.40,65162.90,65162.90,37.483,1785112199999,2443118.96920,1790,14.406,938886.79950,0
1785112200000,65162.90,65172.80,65123.20,65141.60,54.119,1785112259999,3525853.31020,2384,27.661,1802081.69930,0
1785112260000,65141.60,65194.80,65141.60,65194.80,50.648,1785112319999,3300760.02690,1356,44.551,2903439.74600,0
1785112320000,65194.70,65196.90,65174.20,65178.00,52.271,1785112379999,3407266.82570,1321,12.655,824856.53190,0
1785112380000,65178.00,65193.10,65162.80,65170.40,30.268,1785112439999,1972841.28890,1632,17.614,1148093.74660,0
1785112440000,65170.40,65170.50,65162.90,65164.60,11.784,1785112499999,767915.99530,482,4.574,298062.77040,0
1785112500000,65164.60,65164.70,65120.60,65144.20,102.181,1785112559999,6655805.74030,2211,40.246,2621392.70230,0
1785112560000,65144.10,65154.60,65097.40,65120.00,45.670,1785112619999,2974064.74870,2300,15.438,1005266.18300,0
1785112620000,65119.90,65120.00,65080.20,65080.20,73.491,1785112679999,4783978.60380,1942,12.497,813440.87440,0
1785112680000,65080.20,65108.00,65080.20,65107.30,71.177,1785112739999,4632979.91560,1466,52.695,3429845.97300,0
1785112740000,65107.30,65121.00,65099.40,65099.50,59.730,1785112799999,3889057.32350,1607,40.259,2621302.90010,0
1785112800000,65099.50,65137.80,65088.00,65111.60,178.077,1785112859999,11595443.93990,3317,159.061,10357346.31340,0
1785112860000,65111.60,65138.90,65106.10,65115.70,46.976,1785112919999,3059478.74890,1659,22.820,1486165.88540,0
1785112920000,65115.70,65125.40,65112.20,65119.60,19.092,1785112979999,1243229.33620,1266,10.485,682744.98420,0
1785112980000,65119.60,65122.80,65102.80,65122.80,38.567,1785113039999,2511150.14930,1329,7.785,506891.96090,0
1785113040000,65122.70,65136.30,65101.70,65130.20,136.468,1785113099999,8886753.84270,2314,111.317,7249038.33430,0
1785113100000,65130.10,65162.60,65130.10,65154.30,74.225,1785113159999,4835323.99190,1593,51.042,3324947.67820,0
1785113160000,65154.20,65156.60,65143.50,65154.30,33.977,1785113219999,2213626.03410,1078,27.133,1767734.63700,0
1785113220000,65154.30,65162.60,65117.30,65117.30,22.252,1785113279999,1449675.08900,1312,10.146,661036.63640,0
1785113280000,65117.30,65155.50,65102.10,65155.40,26.751,1785113339999,1742133.95160,1858,16.771,1092253.92540,0
1785113340000,65155.50,65155.50,65138.00,65138.00,15.899,1785113399999,1035680.81920,590,6.349,413569.87430,0
1785113400000,65138.10,65153.40,65129.40,65140.10,28.902,1785113459999,1882890.47610,1110,13.173,858142.79550,0
1785113460000,65140.10,65160.00,65140.10,65160.00,27.644,1785113519999,1800869.06160,904,21.788,1419385.50070,0
1785113520000,65159.90,65161.60,65144.10,65144.20,28.740,1785113579999,1872656.61480,967,19.537,1273009.35500,0
1785113580000,65144.10,65144.10,65099.10,65099.20,36.327,1785113639999,2365439.69450,1267,5.961,388161.18750,0
1785113640000,65099.20,65099.20,65063.00,65087.90,75.629,1785113699999,4921561.53960,2737,40.668,2646462.09440,0
1785113700000,65087.90,65092.30,65033.00,65037.90,192.167,1785113759999,12500285.26030,2926,28.097,1827680.86430,0
1785113760000,65037.90,65062.10,65037.90,65062.10,66.940,1785113819999,4354409.71140,1549,46.808,3044801.58170,0
1785113820000,65062.10,65095.40,65062.10,65095.30,55.127,1785113879999,3587954.18570,1140,33.953,2209887.22690,0
1785113880000,65095.40,65100.00,65083.00,65083.00,45.402,1785113939999,2955459.61160,895,14.749,960102.66510,0
1785113940000,65083.10,65106.10,65075.00,65106.00,88.543,1785113999999,5763662.28120,1750,69.258,4508280.60440,0
1785114000000,65106.00,65111.60,65089.00,65100.90,90.756,1785114059999,5908189.78360,1791,43.762,2848658.37700,0
1785114060000,65101.00,65136.30,65094.50,65136.20,65.911,1785114119999,4291834.72570,1719,51.667,3364260.95930,0
1785114120000,65136.10,65160.70,65119.30,65149.80,102.509,1785114179999,6677865.85460,2449,73.355,4778732.18520,0
1785114180000,65149.80,65170.20,65145.50,65157.20,112.747,1785114239999,7346392.59800,2436,82.282,5361268.31930,0
1785114240000,65157.20,65166.50,65150.10,65150.50,85.674,1785114299999,5582257.90280,1646,64.227,4184775.12690,0
1785114300000,65150.50,65178.90,65140.30,65174.60,56.567,1785114359999,3685988.07660,1504,30.776,2005480.19910,0
1785114360000,65174.50,65178.90,65156.00,65178.00,42.280,1785114419999,2755285.47560,1613,30.990,2019505.89860,0
1785114420000,65178.00,65178.00,65157.30,65168.90,61.270,1785114479999,3992620.41970,1691,27.874,1816348.39970,0
1785114480000,65169.00,65172.40,65124.10,65125.60,38.133,1785114539999,2484329.68770,1818,21.436,1396457.65710,0
1785114540000,65125.50,65164.00,65122.90,65164.00,131.356,1785114599999,8556504.76590,1909,112.803,7347936.23990,0
1785114600000,65164.00,65164.00,65123.30,65123.30,116.235,1785114659999,7571980.31900,2040,41.620,2711262.81170,0
1785114660000,65123.30,65134.30,65113.70,65113.70,30.244,1785114719999,1969670.99900,1124,8.785,572112.70860,0
1785114720000,65113.80,65113.80,65069.00,65076.90,78.473,1785114779999,5107158.99070,3079,46.097,2999887.71170,0
1785114780000,65076.90,65077.00,65023.50,65024.00,95.178,1785114839999,6190507.62410,2342,39.727,2583733.18430,0
1785114840000,65024.00,65028.10,65015.50,65027.70,99.790,1785114899999,6488520.76780,1730,53.234,3461306.70320,0
1785114900000,65027.70,65027.80,64970.00,64984.80,404.583,1785114959999,26293385.72210,7424,156.727,10185578.23410,0
1785114960000,64984.80,65000.00,64955.30,64987.40,190.761,1785115019999,12395106.64450,3799,84.346,5480778.72850,0
1785115020000,64987.40,65019.00,64987.40,65018.90,68.861,1785115079999,4476750.47990,2016,54.606,3550019.53260,0
1785115080000,65019.00,65040.60,65018.90,65036.20,95.354,1785115139999,6201174.22670,1639,60.117,3909451.80060,0
1785115140000,65036.20,65056.80,65031.00,65056.80,59.585,1785115199999,3875417.59720,1566,42.636,2773055.57560,0
1785115200000,65056.70,65056.80,65031.50,65031.50,26.412,1785115259999,1717954.69930,1116,10.866,706793.18620,0
1785115260000,65031.60,65031.60,65001.10,65029.40,42.787,1785115319999,2781843.28870,1809,27.806,1807766.32260,0
1785115320000,65029.30,65050.40,65011.40,65040.50,102.346,1785115379999,6656126.70710,2600,77.354,5030943.92150,0
1785115380000,65040.40,65051.30,65031.60,65031.70,26.417,1785115439999,1718145.08170,830,15.219,989798.68710,0
1785115440000,65031.60,65047.20,65031.60,65044.00,42.978,1785115499999,2795290.88320,1173,27.583,1793959.01730,0
1785115500000,65043.90,65044.00,65001.60,65009.10,22.266,1785115559999,1447602.69300,1187,9.096,591312.22780,0
1785115560000,65009.10,65018.50,65001.20,65001.30,34.401,1785115619999,2236221.24530,1095,17.513,1138436.43080,0
1785115620000,65001.30,65020.00,64995.60,65020.00,53.514,1785115679999,3478791.34820,1156,25.074,1629969.71390,0
1785115680000,65019.90,65025.70,65000.70,65000.70,33.517,1785115739999,2179211.49010,1150,12.084,785662.24210,0
1785115740000,65000.80,65000.80,64986.10,64993.30,39.132,1785115799999,2543277.66130,943,21.649,1407019.35720,0
1785115800000,64993.30,64993.30,64963.80,64975.00,76.908,1785115859999,4996998.42360,1480,43.773,2843914.22630,0
1785115860000,64975.00,65038.20,64974.90,65038.10,60.162,1785115919999,3911551.47350,2251,36.973,2403806.54560,0
1785115920000,65038.20,65061.00,65032.10,65038.10,48.685,1785115979999,3166906.04150,1701,35.951,2338563.99930,0
1785115980000,65038.20,65046.00,65026.50,65038.50,30.217,1785116039999,1965178.92680,1087,22.278,1448866.14530,0
1785116040000,65038.60,65038.60,65012.50,65012.60,64.573,1785116099999,4199032.70790,1544,14.522,944251.38110,0
1785116100000,65012.60,65012.60,64872.00,64897.60,564.269,1785116159999,36632033.81220,8876,97.282,6314346.13230,0
1785116160000,64897.60,64932.10,64894.00,64915.10,188.622,1785116219999,12245004.65650,3370,69.203,4492291.37450,0
1785116220000,64915.20,64966.50,64915.10,64966.50,119.565,1785116279999,7765474.83960,2395,66.877,4343201.18780,0
1785116280000,64966.50,65043.20,64966.50,65043.20,101.535,1785116339999,6601107.52410,1848,96.094,6247416.31080,0
1785116340000,65043.20,65066.90,65043.10,65060.10,83.339,1785116399999,5421936.75200,1859,53.947,3509728.26230,0
1785116400000,65060.10,65091.30,65060.00,65077.20,85.733,1785116459999,5579194.72390,2063,59.447,3868534.79500,0
1785116460000,65077.30,65093.80,65077.20,65086.50,83.056,1785116519999,5405818.23710,2069,53.348,3472198.41030,0
1785116520000,65086.40,65086.40,65051.90,65084.70,145.728,1785116579999,9483321.75540,2120,28.350,1844618.51030,0
1785116580000,65084.80,65088.70,65050.00,65055.90,122.754,1785116639999,7986558.78930,2233,99.768,6490913.64880,0
1785116640000,65055.90,65072.50,65049.50,65066.40,86.862,1785116699999,5651158.72040,1879,68.473,4454730.61820,0
1785116700000,65066.50,65072.50,65049.60,65066.40,23.811,1785116759999,1549244.09840,1157,9.560,622022.65630,0
1785116760000,65066.40,65132.90,65062.90,65127.30,150.076,1785116819999,9770519.01610,3613,110.621,7202006.56220,0
1785116820000,65127.20,65134.30,65115.00,65115.10,70.803,1785116879999,4611014.00710,1973,32.239,2099482.18320,0
1785116880000,65115.10,65139.00,65115.00,65135.40,51.616,1785116939999,3361619.71550,2030,33.611,2188984.49690,0
1785116940000,65135.30,65149.40,65132.40,65144.00,50.140,1785116999999,3266205.92930,1339,33.915,2209254.87900,0
1785117000000,65144.00,65177.40,65120.80,65120.90,135.152,1785117059999,8806428.93970,4054,89.446,5828396.58060,0
1785117060000,65120.90,65165.60,65120.00,65153.70,33.030,1785117119999,2151816.77360,1550,25.356,1651860.77020,0
1785117120000,65153.80,65153.80,65124.10,65135.00,28.701,1785117179999,1869488.43050,1214,20.003,1302907.41580,0
1785117180000,65135.10,65135.10,65132.20,65132.20,12.335,1785117239999,803408.29200,415,8.518,554797.72950,0
1785117240000,65132.20,65132.70,65120.00,65132.70,17.947,1785117299999,1168862.95140,732,11.564,753149.42860,0
1785117300000,65132.60,65165.50,65132.60,65165.50,58.628,1785117359999,3819927.63710,1527,49.084,3198065.77540,0
1785117360000,65165.50,65193.50,65165.50,65185.60,91.353,1785117419999,5954753.96570,2000,71.836,4682516.11550,0
1785117420000,65185.60,65191.50,65171.00,65177.80,89.015,1785117479999,5802411.08710,1556,53.695,3499975.75140,0
1785117480000,65177.90,65195.00,65159.80,65193.40,179.402,1785117539999,11693134.22580,2650,30.196,1968277.15330,0
1785117540000,65193.40,65196.70,65159.10,65179.80,170.178,1785117599999,11092117.46460,2091,19.474,1269276.98570,0
1785117600000,65179.90,65194.90,65158.90,65158.90,81.730,1785117659999,5327114.86130,2594,60.572,3947910.84960,0
1785117660000,65159.00,65189.70,65142.00,65189.60,67.859,1785117719999,4421679.89350,2229,24.966,1626963.33390,0
1785117720000,65189.60,65189.70,65155.10,65155.20,54.833,1785117779999,3573600.40520,1587,32.777,2136111.97220,0
1785117780000,65155.10,65155.20,65143.20,65155.20,62.938,1785117839999,4100267.40220,1289,29.269,1906828.96780,0
1785117840000,65155.10,65169.70,65132.30,65132.30,36.417,1785117899999,2372549.63830,1568,22.987,1497584.77170,0
1785117900000,65132.40,65170.30,65130.70,65159.70,92.727,1785117959999,6041140.75670,1908,74.646,4863217.58070,0
1785117960000,65159.80,65159.80,65135.00,65135.90,33.045,1785118019999,2152586.98660,1001,20.228,1317605.28980,0
1785118020000,65136.00,65163.60,65135.80,65163.50,43.659,1785118079999,2844278.94610,1212,30.228,1969318.31140,0
1785118080000,65163.60,65163.60,65146.00,65146.00,29.148,1785118139999,1899161.59510,629,5.669,369350.24370,0
1785118140000,65146.10,65186.00,65138.50,65186.00,25.486,1785118199999,1660885.37570,1328,20.725,1350574.83230,0
1785118200000,65186.00,65186.00,65151.40,65158.60,56.303,1785118259999,3669245.82630,1059,17.503,1140645.24380,0
1785118260000,65158.60,65194.80,65158.50,65194.80,55.486,1785118319999,3616662.65110,1631,37.098,2418099.46990,0
1785118320000,65194.70,65194.80,65171.60,65175.70,56.373,1785118379999,3674693.97240,912,20.364,1327391.45600,0
1785118380000,65175.60,65190.10,65158.40,65183.80,37.893,1785118439999,2469694.96030,1441,9.469,617120.19250,0
1785118440000,65183.80,65183.90,65171.80,65171.80,23.579,1785118499999,1536877.16200,476,18.332,1194875.97250,0
1785118500000,65171.90,65171.90,65138.10,65138.10,23.027,1785118559999,1500296.85060,1078,9.662,629512.75120,0
1785118560000,65138.20,65165.60,65122.10,65122.10,34.380,1785118619999,2239699.99870,1727,11.259,733509.53360,0
1785118620000,65122.20,65176.20,65120.00,65150.00,42.843,1785118679999,2791308.14510,1864,25.581,1666479.52120,0
1785118680000,65150.10,65175.20,65150.00,65157.10,29.562,1785118739999,1926408.51230,1263,14.880,969633.60200,0
1785118740000,65157.20,65194.80,65156.10,65194.80,35.243,1785118799999,2296974.04410,1412,31.530,2054995.65560,0
1785118800000,65194.80,65219.70,65168.10,65194.00,242.741,1785118859999,15825199.34030,3407,82.725,5393878.77540,0
1785118860000,65194.10,65194.10,65157.20,65157.30,33.465,1785118919999,2181008.89210,1494,7.736,504182.29950,0
1785118920000,65157.30,65184.00,65146.10,65172.10,21.571,1785118979999,1405610.25040,1373,15.374,1001820.71200,0
1785118980000,65172.10,65176.10,65139.00,65139.00,18.601,1785119039999,1211979.81980,1008,4.422,288119.90280,0
1785119040000,65139.10,65170.40,65139.00,65152.40,33.233,1785119099999,2165442.91780,1162,11.655,759385.02150,0
1785119100000,65152.50,65177.70,65151.00,65177.60,24.732,1785119159999,1611677.77280,1117,7.378,480769.14120,0
1785119160000,65177.70,65177.70,65156.90,65170.40,12.618,1785119219999,822277.46090,801,4.824,314353.40060,0
1785119220000,65170.50,65180.00,65166.40,65166.50,15.665,1785119279999,1020954.27440,765,9.064,590734.73770,0
1785119280000,65166.50,65183.90,65166.40,65170.50,16.453,1785119339999,1072358.11720,742,5.077,330895.59210,0
1785119340000,65170.40,65170.50,65156.50,65156.50,11.150,1785119399999,726589.41320,405,6.486,422671.76500,0
1785119400000,65156.60,65156.60,65109.00,65115.60,42.083,1785119459999,2740681.69760,1404,8.368,544899.34320,0
1785119460000,65115.70,65115.70,65088.00,65092.90,83.166,1785119519999,5414267.92570,1655,28.126,1830876.72000,0
1785119520000,65093.00,65111.80,65092.90,65103.60,39.010,1785119579999,2539638.08840,1013,29.981,1951770.78140,0
1785119580000,65103.70,65103.70,65088.00,65098.70,29.454,1785119639999,1917383.33910,932,15.989,1040813.99340,0
1785119640000,65098.70,65115.70,65098.60,65112.70,19.421,1785119699999,1264484.86130,831,9.377,610506.95890,0
1785119700000,65113.10,65117.40,65106.10,65117.30,25.657,1785119759999,1670554.67240,779,14.173,922817.68070,0
1785119760000,65117.40,65206.40,65117.30,65206.40,62.896,1785119819999,4099058.98640,2173,53.763,3503967.51400,0
1785119820000,65206.40,65216.00,65198.10,65211.20,37.309,1785119879999,2432795.02270,1403,17.082,1113853.65380,0
1785119880000,65211.20,65212.00,65203.10,65212.00,21.165,1785119939999,1380130.63440,627,11.065,721532.43150,0
1785119940000,65212.00,65235.00,65207.20,65224.70,55.332,1785119999999,3608961.59480,1571,40.185,2621038.64600,0
1785120000000,65224.70,65224.70,65207.40,65207.40,30.952,1785120059999,2018683.72310,795,11.526,751725.87530,0
1785120060000,65207.50,65229.50,65207.40,65229.50,28.821,1785120119999,1879692.83790,1000,22.663,1478043.01520,0
1785120120000,65229.40,65246.00,65229.40,65246.00,53.675,1785120179999,3501698.77700,942,49.272,3214454.58500,0
1785120180000,65245.90,65254.40,65243.60,65247.40,85.688,1785120239999,5591139.21400,1511,57.206,3732640.69500,0
1785120240000,65247.50,65247.50,65213.10,65213.10,34.947,1785120299999,2279550.37590,1070,4.005,261255.78700,0
1785120300000,65213.10,65239.40,65213.10,65226.10,56.911,1785120359999,3712210.18740,1843,39.666,2587371.42320,0
1785120360000,65226.10,65235.90,65224.50,65235.80,26.249,1785120419999,1712218.67380,716,11.239,733131.56760,0
1785120420000,65235.90,65236.00,65208.50,65220.30,26.822,1785120479999,1749368.74940,1056,9.705,632942.32510,0
1785120480000,65220.30,65220.40,65187.80,65192.30,21.512,1785120539999,1402541.40710,982,5.728,373429.52780,0
1785120540000,65192.40,65200.10,65187.80,65187.80,15.126,1785120599999,986154.39460,549,5.155,336089.88960,0
1785120600000,65187.90,65187.90,65153.20,65153.30,28.340,1785120659999,1846998.01540,1243,4.963,323420.31010,0
1785120660000,65153.20,65164.60,65153.20,65158.20,30.554,1785120719999,1990811.84440,751,19.444,1266909.02690,0
1785120720000,65158.10,65158.20,65114.50,65116.40,46.374,1785120779999,3020596.91830,1536,9.180,597876.46260,0
1785120780000,65116.50,65120.00,65099.00,65119.90,35.581,1785120839999,2316572.67930,1240,10.974,714490.64560,0
1785120840000,65120.00,65142.30,65120.00,65142.20,22.548,1785120899999,1468514.88420,1087,17.477,1138224.22860,0
1785120900000,65142.20,65150.00,65142.20,65150.00,7.281,1785120959999,474330.35520,300,4.619,300907.36740,0
1785120960000,65149.90,65179.80,65140.70,65140.80,32.502,1785121019999,2117862.62720,1622,13.934,907975.70500,0
1785121020000,65140.80,65148.30,65140.80,65148.30,21.813,1785121079999,1420993.21900,414,15.408,1003757.98580,0
1785121080000,65148.20,65160.40,65148.20,65156.40,10.763,1785121139999,701291.32290,537,8.615,561336.68040,0
1785121140000,65156.40,65156.40,65141.60,65145.70,25.907,1785121199999,1687770.71500,801,11.524,750743.39340,0
1785121200000,65145.60,65193.70,65143.70,65193.70,33.530,1785121259999,2184840.01440,1292,15.790,1028974.66250,0
1785121260000,65193.70,65219.20,65193.60,65219.10,45.853,1785121319999,2990046.97570,1096,38.363,2501685.59340,0
1785121320000,65219.10,65270.80,65219.10,65223.30,121.163,1785121379999,7905643.67380,3360,85.213,5559858.32430,0
1785121380000,65223.30,65223.30,65195.20,65195.20,30.861,1785121439999,2012525.68660,1026,16.163,1054060.98140,0
1785121440000,65195.20,65195.20,65143.50,65143.60,91.774,1785121499999,5980277.20230,2224,22.852,1489002.02150,0
1785121500000,65143.60,65193.30,65143.50,65193.20,95.032,1785121559999,6193203.99460,2407,82.334,5365473.12630,0
1785121560000,65193.20,65217.90,65193.20,65201.70,22.078,1785121619999,1439588.30550,1335,11.728,764691.75650,0
1785121620000,65201.70,65226.50,65185.90,65200.60,28.444,1785121679999,1854801.60380,1737,11.930,777953.46810,0
1785121680000,65200.60,65207.60,65197.90,65207.50,18.682,1785121739999,1218102.41770,772,9.884,644461.10920,0
1785121740000,65207.50,65207.60,65173.50,65173.60,16.325,1785121799999,1064265.60760,903,3.752,244611.47530,0
1785121800000,65173.50,65173.50,65155.30,65155.30,11.582,1785121859999,754654.10930,532,4.616,300759.92820,0
1785121860000,65155.30,65204.20,65155.30,65204.10,18.278,1785121919999,1191207.91380,1229,14.591,950915.03720,0
1785121920000,65204.10,65212.00,65198.50,65211.90,16.480,1785121979999,1074591.66520,726,4.980,324725.88160,0
1785121980000,65211.90,65235.00,65211.90,65226.20,23.019,1785122039999,1501276.81070,846,12.112,789879.95700,0
1785122040000,65226.20,65256.70,65226.10,65256.70,22.991,1785122099999,1500022.80940,1176,14.378,938053.74010,0
1785122100000,65256.60,65265.30,65253.50,65261.80,25.386,1785122159999,1656670.51020,1009,14.356,936846.31880,0
1785122160000,65261.90,65270.00,65261.80,65269.90,26.416,1785122219999,1724015.40000,1529,20.522,1339350.11630,0
1785122220000,65270.00,65275.00,65269.90,65271.90,37.161,1785122279999,2425587.92870,638,25.977,1695573.64250,0
1785122280000,65271.90,65272.00,65254.30,65260.20,29.877,1785122339999,1949836.82580,890,8.820,575578.08510,0
1785122340000,65260.30,65267.30,65243.20,65258.00,32.055,1785122399999,2091835.46710,1464,10.057,656308.26800,0
1785122400000,65257.90,65262.10,65232.10,65248.90,19.220,1785122459999,1254078.26820,1204,8.595,560782.49440,0
1785122460000,65249.00,65275.00,65248.90,65274.90,98.796,1785122519999,6448119.03540,1265,90.654,5916819.21900,0
1785122520000,65275.00,65275.00,65255.70,65269.20,30.237,1785122579999,1973427.43900,900,14.096,919939.72470,0
1785122580000,65269.20,65315.50,65269.10,65305.00,166.094,1785122639999,10845834.99900,3050,102.757,6709238.72450,0
1785122640000,65305.00,65308.80,65285.00,65285.10,34.807,1785122699999,2273032.79550,896,13.667,892497.73590,0
1785122700000,65285.00,65315.50,65278.40,65315.40,65.926,1785122759999,4305121.54820,1408,47.169,3080229.55510,0
1785122760000,65315.50,65315.50,65303.90,65303.90,59.175,1785122819999,3864756.90170,604,14.995,979306.72240,0
1785122820000,65303.90,65304.00,65303.90,65303.90,6.002,1785122879999,391954.29360,173,2.858,186638.83200,0
1785122880000,65303.90,65308.30,65303.90,65308.30,21.810,1785122939999,1424329.29300,432,17.534,1145080.11460,0
1785122940000,65308.30,65308.30,65290.70,65290.70,26.641,1785122999999,1739743.85440,639,7.152,467055.90990,0
1785123000000,65290.80,65290.80,65234.80,65239.90,86.037,1785123059999,5614755.34740,1902,23.749,1549679.28420,0
1785123060000,65239.80,65251.80,65227.50,65251.80,49.194,1785123119999,3209346.67480,1528,14.361,936934.81840,0
1785123120000,65251.70,65267.60,65246.50,65246.80,13.355,1785123179999,871467.96260,959,4.839,315756.16900,0
1785123180000,65246.80,65247.10,65246.70,65247.10,7.309,1785123239999,476889.72360,215,3.412,222622.73760,0
1785123240000,65247.00,65254.30,65247.00,65254.20,16.045,1785123299999,1046925.83580,312,11.441,746515.75370,0
1785123300000,65254.20,65267.20,65254.20,65267.10,22.149,1785123359999,1445477.68630,572,11.808,770570.19300,0
1785123360000,65267.20,65274.80,65267.10,65271.00,26.256,1785123419999,1713788.00470,500,9.815,640623.80170,0
1785123420000,65270.90,65271.00,65270.90,65270.90,12.975,1785123479999,846890.41880,277,4.913,320676.42300,0
1785123480000,65270.90,65293.30,65270.90,65290.20,27.778,1785123539999,1813534.44570,1702,10.298,672276.99740,0
1785123540000,65290.20,65290.20,65260.00,65260.10,28.114,1785123599999,1835211.92740,926,14.111,921114.44570,0
1785123600000,65260.00,65272.40,65255.10,65272.40,20.496,1785123659999,1337748.91740,605,13.504,881383.93820,0
1785123660000,65272.30,65312.60,65272.30,65307.60,22.190,1785123719999,1448781.54830,1149,14.050,917299.41450,0
1785123720000,65307.60,65312.70,65302.10,65306.50,28.515,1785123779999,1862217.67730,753,15.975,1043253.96730,0
1785123780000,65306.40,65335.70,65306.40,65318.60,118.131,1785123839999,7716772.05360,2437,93.563,6111793.26600,0
1785123840000,65318.60,65335.70,65318.50,65326.10,33.238,1785123899999,2171481.58800,810,12.284,802515.05640,0
1785123900000,65326.20,65344.00,65323.10,65342.00,61.517,1785123959999,4019311.57250,1249,52.372,3421789.83310,0
1785123960000,65342.00,65342.10,65333.60,65333.70,33.137,1785124019999,2165045.83410,508,11.071,723339.47970,0
1785124020000,65333.60,65333.70,65313.60,65313.60,40.443,1785124079999,2641951.65420,1020,8.421,550054.94070,0
1785124080000,65313.70,65319.50,65300.00,65300.00,26.450,1785124139999,1727389.00390,800,7.558,493602.78410,0
1785124140000,65300.00,65300.10,65288.80,65288.80,30.841,1785124199999,2013681.12460,808,10.260,669884.27190,0
1785124200000,65288.90,65293.20,65273.20,65277.00,18.507,1785124259999,1208176.32250,1142,6.381,416559.95950,0
1785124260000,65277.00,65279.90,65264.90,65265.00,19.809,1785124319999,1292987.62570,716,2.440,159269.87960,0
1785124320000,65264.90,65290.40,65264.90,65290.40,15.736,1785124379999,1027156.83680,737,12.869,839990.45570,0
1785124380000,65290.30,65290.40,65282.10,65288.20,9.678,1785124439999,631848.75340,499,3.406,222364.47810,0
1785124440000,65288.20,65288.30,65275.60,65279.60,10.277,1785124499999,670899.39510,442,5.387,351680.28920,0
1785124500000,65279.60,65280.80,65239.10,65245.90,121.852,1785124559999,7951618.24110,1691,6.487,423314.41540,0
1785124560000,65246.00,65261.00,65245.90,65246.00,51.820,1785124619999,3381481.07910,1100,17.047,1112302.44490,0
1785124620000,65246.10,65257.00,65246.10,65256.90,23.632,1785124679999,1541997.49430,629,9.025,588876.43520,0
1785124680000,65256.90,65275.50,65252.20,65274.50,43.622,1785124739999,2846928.95370,1596,27.126,1770308.27090,0
1785124740000,65274.40,65274.40,65244.90,65261.50,36.485,1785124799999,2380783.35330,1232,17.506,1142318.50860,0
1785124800000,65261.50,65264.20,65249.10,65256.20,59.594,1785124859999,3889006.45400,1344,34.704,2264708.11000,0
1785124860000,65256.10,65267.40,65256.10,65260.70,41.715,1785124919999,2722351.47730,908,24.955,1628586.86920,0
1785124920000,65260.80,65260.80,65256.20,65259.90,11.761,1785124979999,767502.79780,477,4.865,317474.87590,0
1785124980000,65259.90,65316.00,65259.90,65316.00,61.243,1785125039999,3998237.43660,1659,59.367,3875743.51160,0
1785125040000,65315.90,65317.40,65298.20,65309.50,29.758,1785125099999,1943458.93920,1250,15.996,1044659.95130,0
1785125100000,65309.50,65315.80,65298.20,65299.30,39.635,1785125159999,2588490.39880,1165,28.946,1890421.90830,0
1785125160000,65299.40,65314.20,65299.30,65306.60,40.240,1785125219999,2628054.67460,764,26.756,1747372.17770,0
1785125220000,65306.60,65348.30,65306.60,65344.80,63.820,1785125279999,4169991.31250,1646,48.541,3171604.60840,0
1785125280000,65344.80,65344.90,65319.50,65319.60,64.597,1785125339999,4220243.42140,1629,38.146,2492196.38720,0
1785125340000,65319.50,65319.60,65251.20,65253.70,112.531,1785125399999,7345618.78480,2274,17.558,1146053.85600,0
1785125400000,65253.80,65253.80,65238.50,65238.50,54.910,1785125459999,3582716.89510,1072,5.568,363297.73090,0
1785125460000,65238.60,65244.70,65218.00,65218.00,73.841,1785125519999,4816719.73820,1684,15.831,1032730.44500,0
1785125520000,65218.10,65250.00,65216.70,65245.90,58.926,1785125579999,3844011.34510,1554,39.533,2578794.45430,0
1785125580000,65246.00,65272.60,65245.90,65268.60,28.210,1785125639999,1841034.50490,1031,19.327,1261279.87600,0
1785125640000,65268.60,65292.50,65268.50,65292.40,24.812,1785125699999,1619747.82200,861,18.346,1197665.09620,0
1785125700000,65292.50,65300.00,65286.70,65286.80,39.439,1785125759999,2575115.19330,1053,28.655,1870996.31790,0
1785125760000,65286.70,65323.20,65280.60,65323.20,28.098,1785125819999,1834909.20700,1309,19.959,1303454.82650,0
1785125820000,65323.20,65329.70,65318.10,65329.60,50.982,1785125879999,3330348.50240,1165,13.039,851725.93400,0
1785125880000,65329.60,65377.10,65329.60,65377.00,93.901,1785125939999,6137242.53070,2240,66.025,4315302.45530,0
1785125940000,65377.00,65377.10,65351.70,65352.50,87.673,1785125999999,5730486.31570,1367,26.373,1723773.43810,0
1785126000000,65352.40,65400.00,65352.40,65396.20,143.454,1785126059999,9380457.94810,2687,115.610,7559718.35310,0
1785126060000,65396.30,65400.00,65380.10,65380.10,46.483,1785126119999,3039608.61870,924,20.529,1342409.92390,0
1785126120000,65380.10,65484.60,65380.10,65439.80,366.271,1785126179999,23970049.93460,6541,269.552,17639378.68190,0
1785126180000,65439.90,65457.90,65419.10,65432.20,249.061,1785126239999,16299232.81590,2689,60.196,3939491.94880,0
1785126240000,65432.20,65432.30,65360.10,65360.10,195.097,1785126299999,12758557.13680,2717,17.128,1120029.66800,0
1785126300000,65360.00,65371.40,65358.00,65360.70,50.012,1785126359999,3269034.70490,1126,35.277,2305880.52710,0
1785126360000,65360.80,65360.80,65318.10,65322.40,56.100,1785126419999,3665466.34310,1595,12.648,826291.65770,0
1785126420000,65322.40,65322.50,65282.60,65283.20,56.029,1785126479999,3658304.27990,1845,27.110,1769968.11800,0
1785126480000,65283.20,65283.30,65261.20,65265.00,68.459,1785126539999,4468597.12660,1235,11.295,737245.30270,0
1785126540000,65265.00,65298.90,65265.00,65294.50,75.031,1785126599999,4897772.12380,1112,55.696,3635389.99180,0
1785126600000,65294.50,65298.90,65256.30,65261.10,78.660,1785126659999,5134468.01890,1833,26.043,1699717.14260,0
1785126660000,65261.20,65270.00,65239.90,65239.90,27.651,1785126719999,1804248.05210,1317,6.652,434053.29160,0
1785126720000,65240.00,65245.80,65225.50,65225.50,72.480,1785126779999,4728214.37280,1590,24.931,1626356.23900,0
1785126780000,65225.50,65274.40,65216.00,65274.30,91.566,1785126839999,5973164.95230,2256,52.694,3437313.34770,0
1785126840000,65274.40,65280.00,65259.10,65274.30,66.008,1785126899999,4308452.87300,1442,42.981,2805399.72500,0
1785126900000,65274.40,65298.90,65274.30,65298.80,32.996,1785126959999,2154183.71960,838,28.067,1832378.38540,0
1785126960000,65298.90,65309.20,65296.40,65299.20,47.345,1785127019999,3091723.41830,1189,29.415,1920828.96120,0
1785127020000,65299.20,65359.20,65292.30,65359.10,52.041,1785127079999,3399407.87550,2096,34.953,2283381.35290,0
1785127080000,65359.20,65364.90,65329.60,65334.30,29.242,1785127139999,1910999.93940,1359,14.916,974778.05990,0
1785127140000,65334.40,65334.40,65322.30,65332.00,18.388,1785127199999,1201236.66450,684,9.082,593289.16310,0
1785127200000,65332.10,65339.10,65322.30,65339.00,15.133,1785127259999,988640.48740,776,10.161,663813.72330,0
1785127260000,65339.10,65381.30,65339.00,65381.30,49.980,1785127319999,3266678.07330,1342,30.540,1996139.16080,0
1785127320000,65381.30,65411.40,65366.90,65366.90,134.136,1785127379999,8771195.99220,2773,35.670,2332680.28170,0
1785127380000,65366.90,65368.00,65343.70,65343.80,62.832,1785127439999,4106203.13650,1226,31.173,2037114.64170,0
1785127440000,65343.70,65366.00,65339.60,65366.00,23.385,1785127499999,1528268.85030,1361,15.761,1030025.54170,0
1785127500000,65366.00,65366.00,65307.70,65307.70,30.856,1785127559999,2015739.77630,1334,3.280,214271.90740,0
1785127560000,65307.70,65317.20,65304.90,65317.10,13.195,1785127619999,861719.24790,647,5.133,335219.73630,0
1785127620000,65317.20,65338.00,65317.10,65338.00,44.284,1785127679999,2892856.44030,728,39.384,2572778.08450,0
1785127680000,65338.00,65338.00,65314.80,65314.80,44.664,1785127739999,2917566.09310,845,5.834,381052.19300,0
1785127740000,65314.90,65332.00,65314.80,65331.10,19.369,1785127799999,1265311.03750,762,9.229,602862.83510,0
1785127800000,65331.20,65331.20,65311.30,65311.30,35.311,1785127859999,2306592.45080,672,5.674,370624.90770,0
1785127860000,65311.30,65311.40,65297.40,65302.40,42.125,1785127919999,2750974.20340,1175,9.113,595105.11560,0
1785127920000,65302.40,65302.50,65287.70,65287.80,21.536,1785127979999,1406216.02290,1043,6.220,406134.87800,0
1785127980000,65287.70,65292.80,65287.70,65292.70,13.514,1785128039999,882347.26300,321,8.636,563857.23850,0
1785128040000,65292.70,65298.50,65292.70,65296.60,19.044,1785128099999,1243508.69840,414,7.363,480776.51440,0
1785128100000,65296.60,65296.60,65277.00,65277.10,33.497,1785128159999,2186684.39140,809,13.337,870605.57360,0
1785128160000,65277.00,65289.00,65277.00,65286.00,18.115,1785128219999,1182585.09950,620,10.670,696546.86400,0
1785128220000,65286.00,65286.10,65272.50,65281.40,60.569,1785128279999,3953886.19810,939,8.637,563802.05190,0
1785128280000,65281.30,65281.40,65265.70,65265.70,14.074,1785128339999,918685.32260,559,6.115,399148.12010,0
1785128340000,65265.70,65265.70,65252.70,65257.20,22.771,1785128399999,1485978.46950,850,6.180,403283.56500,0
1785128400000,65257.20,65263.00,65251.00,65251.10,64.335,1785128459999,4198438.24080,1187,17.923,1169641.00060,0
1785128460000,65251.20,65284.10,65251.10,65283.40,70.285,1785128519999,4587908.29670,1315,43.276,2824823.68580,0
1785128520000,65283.30,65289.00,65283.30,65286.20,40.039,1785128579999,2613947.91980,693,27.423,1790289.82680,0
1785128580000,65286.10,65293.40,65263.20,65293.40,33.190,1785128639999,2166504.12580,1381,22.575,1473628.11990,0
1785128640000,65293.40,65293.40,65254.60,65254.60,33.939,1785128699999,2215403.84240,1101,1.989,129836.33140,0
1785128700000,65254.70,65287.50,65254.60,65276.90,38.624,1785128759999,2520853.97860,1229,25.191,1644086.62990,0
1785128760000,65276.90,65292.80,65276.90,65280.10,28.492,1785128819999,1860124.54550,937,10.632,694075.53740,0
1785128820000,65280.00,65280.10,65277.00,65277.10,4.908,1785128879999,320388.36990,340,2.451,159997.55310,0
1785128880000,65277.00,65298.70,65268.30,65268.30,33.463,1785128939999,2184497.91890,1250,19.190,1252718.92110,0
1785128940000,65268.30,65292.90,65268.30,65292.80,16.490,1785128999999,1076450.76190,811,11.260,735026.97590,0
1785129000000,65292.80,65334.40,65292.80,65320.30,37.249,1785129059999,2433142.80680,1483,29.292,1913357.30450,0
1785129060000,65320.20,65335.60,65320.20,65332.00,22.561,1785129119999,1473924.36820,884,14.665,958076.27880,0
1785129120000,65332.10,65343.70,65323.20,65343.60,36.129,1785129179999,2360279.70440,880,27.143,1773217.21390,0
1785129180000,65343.70,65367.60,65343.60,65367.50,61.942,1785129239999,4048189.69140,1170,53.486,3495509.72610,0
1785129240000,65367.60,65367.60,65340.10,65340.10,31.736,1785129299999,2074180.55890,1342,16.857,1101717.88000,0
1785129300000,65340.20,65340.20,65313.70,65323.50,32.991,1785129359999,2154997.75940,1615,16.304,1064950.00420,0
1785129360000,65323.50,65334.90,65323.50,65329.40,27.171,1785129419999,1775032.48340,1018,17.002,1110709.24210,0
1785129420000,65329.50,65355.90,65319.40,65351.30,38.912,1785129479999,2542324.50650,1214,31.489,2057319.16570,0
1785129480000,65351.40,65363.10,65345.00,65358.80,25.035,1785129539999,1636229.04820,693,9.752,637357.16130,0
1785129540000,65358.80,65358.80,65342.50,65342.50,39.041,1785129599999,2551377.28580,1056,12.393,809893.52950,0
1785129600000,65342.60,65388.30,65342.50,65388.20,61.146,1785129659999,3997326.47210,1832,40.476,2645961.62320,0
1785129660000,65388.30,65405.60,65376.30,65405.50,38.165,1785129719999,2495615.24290,1244,24.562,1606060.56780,0
1785129720000,65405.60,65415.60,65396.60,65396.60,68.262,1785129779999,4464775.76530,1702,37.818,2473608.59200,0
1785129780000,65396.60,65406.40,65378.70,65378.70,44.816,1785129839999,2930690.25210,1406,23.382,1529100.08210,0
1785129840000,65378.70,65382.20,65369.40,65380.10,33.466,1785129899999,2187915.31500,675,16.167,1056970.34180,0
1785129900000,65380.10,65380.10,65361.10,65361.20,16.549,1785129959999,1081809.64210,553,2.487,162564.59360,0
1785129960000,65361.20,65369.40,65361.10,65364.40,13.168,1785130019999,860736.18110,655,5.183,338788.44070,0
1785130020000,65364.50,65381.00,65364.40,65381.00,36.534,1785130079999,2388376.44510,699,22.680,1482639.47020,0
1785130080000,65381.00,65388.00,65380.90,65388.00,22.061,1785130139999,1442402.87850,456,13.583,888103.09380,0
1785130140000,65388.00,65388.00,65378.00,65385.50,20.006,1785130199999,1308033.31410,523,12.140,793717.24060,0
1785130200000,65385.60,65400.00,65360.60,65373.50,46.412,1785130259999,3034847.61770,1863,16.707,1092391.36630,0
1785130260000,65373.50,65389.80,65373.50,65386.50,11.407,1785130319999,745838.59760,620,8.485,554788.52870,0
1785130320000,65386.50,65391.90,65370.00,65391.90,15.245,1785130379999,996784.38290,937,11.158,729558.99580,0
1785130380000,65391.80,65397.90,65371.70,65371.80,30.563,1785130439999,1998296.60690,1363,15.646,1022970.71050,0
1785130440000,65371.80,65375.90,65360.90,65375.90,43.819,1785130499999,2864272.43940,1001,27.281,1783274.21040,0
1785130500000,65375.80,65375.90,65365.00,65365.10,16.153,1785130559999,1055951.78430,459,2.193,143353.73770,0
1785130560000,65365.00,65374.90,65360.00,65360.00,19.592,1785130619999,1280618.14440,795,6.728,439787.65510,0
1785130620000,65360.00,65360.00,65337.60,65342.80,40.124,1785130679999,2621975.73190,905,7.646,499620.66740,0
1785130680000,65342.70,65374.00,65342.70,65373.90,35.372,1785130739999,2311663.92680,843,9.737,636361.36840,0
1785130740000,65374.00,65390.00,65360.00,65360.00,75.681,1785130799999,4948089.13660,1496,44.661,2920081.90180,0
1785130800000,65360.10,65360.80,65333.60,65360.70,37.420,1785130859999,2445404.36140,1177,18.141,1185493.91690,0
1785130860000,65360.70,65370.00,65351.10,65351.20,16.951,1785130919999,1107954.02050,743,8.161,533452.36430,0
1785130920000,65351.10,65368.10,65351.10,65360.00,13.480,1785130979999,881105.05030,613,4.695,306867.47290,0
1785130980000,65360.10,65375.80,65360.00,65375.70,5.383,1785131039999,351888.32160,395,3.449,225457.66680,0
1785131040000,65375.80,65375.80,65360.40,65360.40,30.737,1785131099999,2009229.46640,627,11.635,760555.62580,0
1785131100000,65360.40,65365.20,65322.30,65325.60,51.777,1785131159999,3383031.64010,1256,4.117,269057.49770,0
1785131160000,65325.50,65339.70,65325.50,65327.20,25.340,1785131219999,1655468.25530,806,10.063,657412.35630,0
1785131220000,65327.10,65327.10,65321.20,65321.20,12.756,1785131279999,833257.56700,379,5.113,333994.08610,0
1785131280000,65321.30,65329.00,65321.20,65329.00,32.150,1785131339999,2100171.58900,785,23.252,1518896.49810,0
1785131340000,65329.00,65338.50,65321.20,65338.50,27.304,1785131399999,1783702.57820,670,13.519,883178.29440,0
1785131400000,65338.50,65342.70,65321.20,65321.30,10.645,1785131459999,695513.22360,591,3.567,233059.34490,0
1785131460000,65321.30,65350.80,65321.30,65350.80,14.101,1785131519999,921293.44270,860,11.001,718744.34810,0
1785131520000,65350.80,65356.50,65348.10,65349.90,9.615,1785131579999,628347.23520,419,4.408,288062.20590,0
1785131580000,65349.90,65355.60,65341.80,65355.60,13.900,1785131639999,908337.15450,665,8.044,525649.51810,0
1785131640000,65355.50,65370.00,65352.70,65364.40,24.808,1785131699999,1621507.06620,797,11.994,783969.50550,0
1785131700000,65364.40,65375.90,65360.30,65375.80,22.359,1785131759999,1461561.27490,841,16.830,1100150.72930,0
1785131760000,65375.90,65383.70,65375.20,65377.90,22.310,1785131819999,1458585.54570,519,8.844,578186.28990,0
1785131820000,65377.80,65430.00,65377.80,65430.00,66.106,1785131879999,4324174.66140,1739,53.286,3485489.81960,0
1785131880000,65430.00,65468.20,65429.90,65442.50,141.579,1785131939999,9266512.35430,2829,82.325,5388279.61330,0
1785131940000,65442.50,65449.50,65430.60,65434.30,68.585,1785131999999,4488321.11140,1467,22.585,1477962.35830,0
1785132000000,65434.20,65440.00,65423.60,65432.60,64.493,1785132059999,4219851.97580,1297,40.111,2624486.43640,0
1785132060000,65432.70,65447.80,65427.40,65433.20,43.426,1785132119999,2841827.01250,1413,24.064,1574731.38220,0
1785132120000,65433.30,65471.70,65433.20,65459.80,64.958,1785132179999,4251942.61470,1540,53.162,3479712.38410,0
1785132180000,65459.90,65496.60,65459.80,65496.60,97.857,1785132239999,6407525.28020,1933,85.799,5618002.35400,0
1785132240000,65496.50,65531.60,65496.50,65509.00,308.954,1785132299999,20238549.05590,4470,236.170,15470767.46570,0
1785132300000,65509.00,65509.00,65466.00,65483.10,210.467,1785132359999,13781636.14660,2373,104.993,6874348.68230,0
1785132360000,65483.10,65722.50,65477.90,65656.00,1729.987,1785132419999,113587175.58390,25371,1188.528,78027812.86270,0
1785132420000,65656.00,65656.00,65576.30,65585.70,275.463,1785132479999,18073382.14740,4426,98.377,6453593.67180,0
1785132480000,65585.70,65585.70,65486.40,65494.60,230.980,1785132539999,15139875.39910,4751,89.636,5875574.78890,0
1785132540000,65494.50,65539.90,65472.00,65528.60,114.728,1785132599999,7515361.20360,4205,45.600,2986895.30730,0
1785132600000,65528.60,65599.00,65528.50,65573.40,135.169,1785132659999,8862832.14390,3305,90.880,5958907.58940,0
1785132660000,65573.40,65590.00,65565.40,65589.90,80.485,1785132719999,5278135.61590,1999,49.655,3256252.72930,0
1785132720000,65589.80,65633.60,65589.80,65608.10,187.115,1785132779999,12276996.91360,3334,117.134,7684801.96390,0
1785132780000,65608.10,65608.20,65560.30,65563.20,205.577,1785132839999,13481488.29080,3826,31.405,2059396.18480,0
1785132840000,65563.30,65579.50,65555.00,65570.90,126.472,1785132899999,8292190.12390,2283,70.540,4624749.33230,0
1785132900000,65570.90,65608.00,65561.10,65597.90,96.416,1785132959999,6323305.57420,1936,58.264,3821034.26860,0
1785132960000,65598.00,65613.80,65583.10,65613.70,41.803,1785133019999,2742167.53630,1488,25.424,1667772.96710,0
1785133020000,65613.80,65616.20,65580.20,65585.20,194.479,1785133079999,12757236.35520,4137,114.728,7525775.09800,0
1785133080000,65585.10,65585.20,65527.40,65536.70,138.340,1785133139999,9068092.42020,2611,25.821,1692446.90070,0
1785133140000,65536.80,65548.80,65536.70,65547.90,41.384,1785133199999,2712423.81510,1257,27.119,1777440.69490,0
1785133200000,65547.90,65551.50,65500.50,65509.00,155.809,1785133259999,10210575.58740,2883,88.314,5788015.20680,0
1785133260000,65508.90,65519.50,65500.00,65501.90,55.294,1785133319999,3622070.00740,1437,26.274,1721098.34720,0
1785133320000,65501.90,65501.90,65481.80,65494.80,90.777,1785133379999,5944790.37730,1550,13.312,871740.76610,0
1785133380000,65494.80,65519.40,65494.80,65506.60,59.317,1785133439999,3885824.24130,1554,35.391,2318491.06190,0
1785133440000,65506.60,65511.90,65496.80,65511.80,35.402,1785133499999,2318913.82340,947,11.470,751301.47020,0
1785133500000,65511.80,65511.80,65484.70,65498.70,81.459,1785133559999,5334877.61940,1459,46.854,3068479.18550,0
1785133560000,65498.70,65498.80,65491.70,65494.10,70.755,1785133619999,4634046.03590,828,33.941,2222893.65910,0
1785133620000,65494.10,65494.10,65444.40,65444.70,136.814,1785133679999,8956041.49160,2381,31.661,2072439.83740,0
1785133680000,65444.80,65452.20,65427.70,65452.20,121.228,1785133739999,7932967.07320,2295,59.463,3891186.10620,0
1785133740000,65452.20,65468.20,65429.90,65464.70,73.079,1785133799999,4783234.45970,1892,44.988,2944641.25980,0
1785133800000,65464.70,65464.80,65439.00,65446.70,88.211,1785133859999,5773529.78210,2013,51.044,3340823.64130,0
1785133860000,65446.70,65482.60,65446.60,65474.60,42.760,1785133919999,2799248.73110,1255,36.208,2370295.44840,0
1785133920000,65474.60,65497.00,65474.50,65496.90,38.818,1785133979999,2541898.86790,1397,27.128,1776418.99690,0
1785133980000,65496.90,65513.00,65485.00,65512.90,34.347,1785134039999,2249537.15110,1275,27.526,1802807.20610,0
1785134040000,65513.00,65524.90,65502.00,65520.80,54.468,1785134099999,3568393.09630,1595,30.898,2024214.24460,0
1785134100000,65520.80,65524.70,65513.30,65513.30,73.513,1785134159999,4816398.60170,1191,44.837,2937590.00340,0
1785134160000,65513.30,65527.40,65488.70,65527.40,37.267,1785134219999,2441235.70000,1586,24.754,1621561.16330,0
1785134220000,65527.40,65555.00,65524.90,65537.70,78.378,1785134279999,5136854.87570,2267,50.342,3299258.29410,0
1785134280000,65537.70,65537.70,65490.00,65490.00,22.710,1785134339999,1487599.98930,1089,2.680,175578.48130,0
1785134340000,65490.10,65490.10,65480.20,65484.70,26.596,1785134399999,1741639.97030,700,9.210,603098.34200,0
1785134400000,65484.70,65487.40,65463.60,65475.10,37.054,1785134459999,2426025.15820,1396,11.730,767972.19610,0
1785134460000,65475.10,65484.70,65470.00,65484.60,39.690,1785134519999,2598657.79430,936,14.834,971249.27470,0
1785134520000,65484.70,65500.00,65471.30,65494.50,29.437,1785134579999,1927701.20600,1133,15.100,988864.21020,0
1785134580000,65494.50,65516.40,65485.10,65516.30,24.626,1785134639999,1613124.61260,1014,18.970,1242660.39170,0
1785134640000,65516.40,65516.80,65500.00,65502.20,43.348,1785134699999,2839735.73030,1003,16.700,1094039.18120,0
1785134700000,65502.20,65508.20,65470.00,65470.00,42.095,1785134759999,2756818.51580,1231,27.568,1805503.46840,0
1785134760000,65470.10,65474.10,65460.50,65474.00,38.097,1785134819999,2494062.70560,850,22.600,1479510.80150,0
1785134820000,65474.10,65507.60,65474.00,65475.60,66.460,1785134879999,4352409.09320,1696,28.229,1848809.87230,0
1785134880000,65475.60,65475.60,65412.10,65422.60,109.473,1785134939999,7163217.82000,2384,19.313,1263541.65800,0
1785134940000,65422.70,65450.10,65422.60,65425.20,100.774,1785134999999,6594492.03040,2235,66.148,4328685.07070,0
1785135000000,65425.30,65425.30,65384.90,65392.80,101.920,1785135059999,6665524.45800,3149,28.217,1845290.81360,0
1785135060000,65392.80,65403.10,65385.60,65392.80,38.637,1785135119999,2526565.18860,1333,15.640,1022715.35290,0
1785135120000,65392.80,65424.70,65392.70,65408.90,79.924,1785135179999,5227646.28280,1619,33.046,2161390.45530,0
1785135180000,65408.80,65412.00,65408.80,65412.00,16.705,1785135239999,1092697.60020,346,10.202,667326.31170,0
1785135240000,65411.90,65412.00,65393.60,65397.20,36.737,1785135299999,2402690.62740,960,10.041,656674.90570,0
1785135300000,65397.20,65397.30,65377.50,65397.10,101.801,1785135359999,6656323.94320,1765,46.413,3034657.99190,0
1785135360000,65397.20,65421.30,65397.20,65413.00,68.867,1785135419999,4504719.25060,1312,41.591,2720480.78930,0
1785135420000,65413.10,65421.10,65410.00,65421.10,13.310,1785135479999,870696.55210,548,8.871,580307.70980,0
1785135480000,65421.00,65421.10,65408.20,65408.30,20.791,1785135539999,1360053.00420,583,5.186,339258.46320,0
1785135540000,65408.20,65408.20,65385.90,65388.00,50.098,1785135599999,3276040.67840,878,21.573,1410619.83730,0
1785135600000,65388.00,65388.00,65346.00,65380.20,138.258,1785135659999,9036937.23620,2889,54.853,3585484.81150,0
1785135660000,65380.20,65405.00,65380.20,65393.20,53.841,1785135719999,3521022.39240,1266,27.369,1789840.33450,0
1785135720000,65393.20,65404.50,65372.80,65393.30,46.510,1785135779999,3041340.52910,1839,32.010,2093156.27760,0
1785135780000,65393.30,65395.30,65389.10,65395.30,35.914,1785135839999,2348456.34390,673,18.226,1191845.79960,0
1785135840000,65395.30,65407.30,65395.20,65399.90,32.198,1785135899999,2105721.85110,886,21.175,1384794.42380,0
1785135900000,65399.80,65418.30,65382.60,65412.20,164.789,1785135959999,10777758.08990,2285,141.814,9275288.33900,0
1785135960000,65412.20,65412.20,65375.20,65382.60,92.320,1785136019999,6037290.58360,1559,18.383,1202130.86410,0
1785136020000,65382.70,65382.70,65368.70,65368.70,22.768,1785136079999,1488379.17710,679,3.889,254228.48970,0
1785136080000,65368.80,65368.80,65313.70,65330.20,190.701,1785136139999,12458758.96350,3189,50.324,3287423.94410,0
1785136140000,65330.10,65394.80,65330.10,65394.80,174.678,1785136199999,11418199.73120,3093,137.065,8959789.12790,0
1785136200000,65394.80,65394.80,65363.20,65369.40,108.457,1785136259999,7090761.80650,2106,34.058,2226622.52440,0
1785136260000,65369.30,65375.60,65355.90,65375.60,44.599,1785136319999,2915178.54890,1655,21.095,1378770.16860,0
1785136320000,65375.60,65389.50,65375.50,65380.60,33.873,1785136379999,2214759.14050,792,25.407,1661206.73770,0
1785136380000,65380.60,65394.60,65380.50,65394.50,17.228,1785136439999,1126495.32470,687,14.268,932949.49970,0
1785136440000,65394.60,65404.70,65391.20,65399.10,22.401,1785136499999,1464947.64980,829,15.483,1012522.62070,0
1785136500000,65399.10,65400.00,65368.00,65380.10,45.189,1785136559999,2954542.39510,1385,24.493,1601344.38440,0
1785136560000,65380.10,65409.30,65377.20,65377.20,42.344,1785136619999,2769095.23650,1470,26.165,1711006.07100,0
1785136620000,65377.30,65397.30,65377.20,65387.60,18.259,1785136679999,1193897.78050,1145,11.124,727342.63910,0
1785136680000,65387.50,65400.00,65382.60,65397.20,32.248,1785136739999,2108770.29090,846,22.552,1474699.57050,0
1785136740000,65397.10,65407.20,65394.40,65407.00,20.476,1785136799999,1339130.13340,836,15.151,990877.10030,0
1785136800000,65406.90,65415.80,65399.00,65403.10,30.645,1785136859999,2004410.66450,1114,23.801,1556756.73650,0
1785136860000,65403.20,65403.20,65400.20,65400.70,23.516,1785136919999,1537959.09550,409,16.081,1051704.59970,0
1785136920000,65400.70,65420.30,65400.70,65411.70,29.569,1785136979999,1934229.16970,1105,22.754,1488420.80540,0
1785136980000,65411.80,65419.90,65408.50,65419.80,22.415,1785137039999,1466282.78830,768,14.308,935961.76760,0
1785137040000,65419.90,65420.00,65411.60,65416.30,47.432,1785137099999,3102848.86240,737,23.555,1540874.89460,0
1785137100000,65416.20,65416.30,65393.20,65401.30,31.547,1785137159999,2063268.30620,1375,17.274,1129741.18190,0
1785137160000,65401.40,65421.30,65395.10,65395.10,62.323,1785137219999,4076774.51110,1452,17.808,1164872.60510,0
1785137220000,65395.10,65395.20,65383.60,65394.20,18.213,1785137279999,1190910.42950,778,11.070,723838.40770,0
1785137280000,65394.30,65400.50,65391.50,65400.50,11.765,1785137339999,769393.93150,415,5.784,378256.77080,0
1785137340000,65400.50,65400.50,65380.80,65380.80,25.748,1785137399999,1683689.38890,633,5.916,386853.66220,0
1785137400000,65380.90,65380.90,65286.50,65294.10,184.742,1785137459999,12068253.72510,3757,18.119,1183548.16260,0
1785137460000,65294.10,65304.30,65259.90,65268.70,314.623,1785137519999,20537034.52590,5807,119.070,7771919.36230,0
1785137520000,65268.70,65298.80,65268.70,65298.40,89.346,1785137579999,5833489.62140,1653,54.495,3557820.50300,0
1785137580000,65298.50,65298.50,65290.80,65298.40,44.169,1785137639999,2884049.75490,872,16.152,1054636.30670,0
1785137640000,65298.50,65304.00,65298.00,65304.00,44.949,1785137699999,2935195.43630,877,30.923,2019287.70160,0
1785137700000,65303.90,65333.00,65303.90,65325.30,47.370,1785137759999,3094287.85450,1618,26.377,1722951.16970,0
1785137760000,65325.20,65325.30,65283.30,65283.30,41.163,1785137819999,2688212.74800,1434,9.597,626730.43130,0
1785137820000,65283.40,65295.40,65256.70,65261.60,120.979,1785137879999,7896326.35700,2308,55.228,3604848.73910,0
1785137880000,65261.60,65265.00,65236.20,65240.20,91.886,1785137939999,5995614.55950,2102,34.347,2241181.79940,0
1785137940000,65240.30,65245.60,65217.80,65217.90,108.202,1785137999999,7058500.88360,1799,25.035,1633172.66960,0
1785138000000,65217.80,65228.10,65190.00,65228.00,225.434,1785138059999,14699650.21800,3886,85.666,5585979.84280,0
1785138060000,65228.10,65230.40,65210.90,65230.30,82.696,1785138119999,5393725.68450,1487,40.571,2646172.50700,0
1785138120000,65230.40,65247.40,65222.00,65222.10,72.896,1785138179999,4755355.70840,1480,40.649,2651735.92620,0
1785138180000,65222.00,65256.20,65222.00,65248.90,55.170,1785138239999,3599434.93260,1665,38.745,2527775.19150,0
1785138240000,65248.90,65262.90,65248.80,65262.80,31.971,1785138299999,2086318.05260,825,24.932,1626970.54750,0
1785138300000,65262.90,65284.00,65262.80,65280.70,64.495,1785138359999,4209697.35490,1519,37.699,2460655.53630,0
1785138360000,65280.60,65281.60,65260.00,65281.50,48.272,1785138419999,3150826.30880,1232,32.977,2152452.46490,0
1785138420000,65281.50,65303.40,65281.50,65300.30,75.855,1785138479999,4952974.59500,1378,45.441,2967006.26270,0
1785138480000,65300.30,65300.30,65275.00,65275.00,29.068,1785138539999,1897796.93860,801,7.882,514586.21040,0
1785138540000,65275.00,65279.90,65266.80,65279.80,38.512,1785138599999,2513681.56450,955,20.302,1325098.14440,0
1785138600000,65279.90,65284.20,65266.80,65273.40,38.346,1785138659999,2503242.92310,983,26.637,1738890.11440,0
1785138660000,65273.40,65276.30,65266.80,65266.80,27.528,1785138719999,1796863.02820,612,10.777,703455.52510,0
1785138720000,65266.80,65266.90,65244.10,65252.80,39.161,1785138779999,2555390.40590,1051,14.778,964260.49400,0
1785138780000,65252.80,65269.20,65251.40,65251.40,53.542,1785138839999,3494152.48970,1214,33.055,2157149.12510,0
1785138840000,65251.50,65283.40,65241.60,65283.40,143.203,1785138899999,9346267.20340,1990,120.684,7876701.31200,0
1785138900000,65283.30,65296.10,65270.70,65270.70,84.875,1785138959999,5540641.08280,2208,25.419,1659332.44460,0
1785138960000,65270.70,65270.80,65244.40,65244.80,80.830,1785139019999,5274239.08070,1129,54.054,3526894.41660,0
1785139020000,65244.80,65256.30,65237.60,65237.70,41.853,1785139079999,2730726.29970,915,17.021,1110535.88510,0
1785139080000,65237.60,65241.50,65224.70,65224.70,47.640,1785139139999,3107852.36710,902,17.150,1118767.48100,0
1785139140000,65224.70,65224.80,65191.30,65195.90,152.868,1785139199999,9968146.66760,1932,37.128,2420894.97140,0
1785139200000,65196.00,65227.70,65195.90,65214.60,112.063,1785139259999,7308140.08550,1957,68.481,4465702.05620,0
1785139260000,65214.70,65214.70,65179.00,65190.10,84.786,1785139319999,5527545.51610,2171,21.916,1428783.99570,0
1785139320000,65190.10,65195.40,65181.20,65191.30,98.823,1785139379999,6442135.54880,2332,41.081,2677860.46310,0
1785139380000,65191.20,65191.30,65155.60,65182.30,139.170,1785139439999,9070114.39620,2943,42.447,2766319.61220,0
1785139440000,65182.30,65200.00,65170.10,65195.00,113.307,1785139499999,7386053.83730,2116,67.058,4371406.38800,0
1785139500000,65194.70,65194.70,65180.70,65185.10,44.699,1785139559999,2913785.24800,1402,24.419,1591807.40080,0
1785139560000,65185.20,65198.00,65185.10,65198.00,27.043,1785139619999,1763093.85480,747,21.185,1381172.18660,0
1785139620000,65198.00,65222.00,65197.90,65209.00,124.826,1785139679999,8139282.11380,1467,92.161,6009144.24570,0
1785139680000,65209.00,65219.20,65206.30,65215.70,42.444,1785139739999,2767843.32710,1009,34.285,2235771.28410,0
1785139740000,65215.60,65215.70,65165.10,65168.80,82.765,1785139799999,5394715.39820,1879,23.764,1548838.71380,0
1785139800000,65168.90,65168.90,65138.00,65151.80,178.079,1785139859999,11601874.27430,3308,64.276,4187403.40850,0
1785139860000,65151.80,65151.80,65138.00,65140.00,72.885,1785139919999,4748009.91120,1183,23.402,1524468.97260,0
1785139920000,65140.10,65171.80,65140.00,65171.70,67.745,1785139979999,4413728.27930,1241,44.054,2870330.02400,0
1785139980000,65171.70,65172.00,65171.60,65172.00,22.217,1785140039999,1447920.49980,571,16.483,1074226.08370,0
1785140040000,65171.90,65181.90,65166.60,65166.60,54.614,1785140099999,3559467.65400,1171,19.264,1255511.63200,0
1785140100000,65166.60,65172.50,65155.60,65155.60,81.091,1785140159999,5284080.56970,1132,30.088,1960637.35690,0
1785140160000,65155.60,65177.10,65106.70,65164.40,271.431,1785140219999,17679660.34050,4282,69.314,4514899.61730,0
1785140220000,65164.40,65219.00,65164.40,65218.90,52.639,1785140279999,3431712.48040,1782,44.356,2891832.88160,0
1785140280000,65218.90,65234.00,65218.90,65229.10,52.382,1785140339999,3416504.79170,1245,41.874,2731134.60770,0
1785140340000,65229.10,65229.10,65215.20,65215.20,54.681,1785140399999,3566311.04220,968,35.999,2347805.82950,0
1785140400000,65215.30,65215.30,65191.90,65191.90,51.772,1785140459999,3375803.17450,1096,13.332,869280.27790,0
1785140460000,65191.90,65192.20,65170.60,65172.90,47.325,1785140519999,3084759.97930,1089,16.327,1064216.70280,0
1785140520000,65172.80,65188.70,65164.20,65175.60,53.922,1785140579999,3514213.33280,1296,39.289,2560493.43420,0
1785140580000,65175.60,65209.10,65175.50,65209.10,60.181,1785140639999,3923201.83990,1125,52.898,3448425.67600,0
1785140640000,65209.10,65209.10,65190.10,65190.10,25.598,1785140699999,1669014.94350,825,9.608,626459.15790,0
1785140700000,65190.10,65227.40,65190.10,65223.30,32.788,1785140759999,2138338.77120,1139,20.042,1306987.26360,0
1785140760000,65223.20,65227.40,65218.30,65223.30,27.309,1785140819999,1781159.86030,772,19.393,1264850.05710,0
1785140820000,65223.30,65228.90,65190.10,65190.10,157.011,1785140879999,10238810.96140,1507,25.466,1660791.99660,0
1785140880000,65190.10,65200.00,65182.10,65190.10,25.563,1785140939999,1666490.56210,852,11.288,735839.34790,0
1785140940000,65190.20,65209.20,65190.10,65209.00,27.520,1785140999999,1794400.82480,864,20.605,1343491.95060,0
1785141000000,65209.10,65209.10,65186.10,65188.10,39.361,1785141059999,2566166.83540,1008,20.531,1338475.94820,0
1785141060000,65188.10,65203.90,65182.80,65203.90,37.011,1785141119999,2412759.73700,1453,27.350,1782960.13510,0
1785141120000,65203.90,65211.10,65196.80,65198.90,37.871,1785141179999,2469291.14660,1098,24.582,1602772.40080,0
1785141180000,65198.80,65198.80,65160.10,65160.10,91.384,1785141239999,5955805.48400,1497,13.607,886718.57240,0
1785141240000,65160.10,65160.20,65132.00,65146.20,86.719,1785141299999,5649209.48570,1820,48.925,3187143.24910,0
1785141300000,65146.20,65150.00,65136.50,65149.90,36.196,1785141359999,2357907.00510,886,27.151,1768684.51660,0
1785141360000,65150.00,65179.20,65149.90,65170.90,37.546,1785141419999,2446782.11910,1217,17.916,1167519.36000,0
1785141420000,65170.80,65170.80,65150.30,65150.30,44.626,1785141479999,2907972.42370,1007,24.566,1600821.24880,0
1785141480000,65150.40,65150.40,65131.00,65141.90,54.447,1785141539999,3546528.67330,1039,15.299,996525.22980,0
1785141540000,65141.90,65141.90,65136.20,65136.30,28.945,1785141599999,1885434.62350,399,13.132,855388.10920,0
1785141600000,65136.30,65136.30,65136.20,65136.30,22.937,1785141659999,1494030.78960,344,17.702,1153042.78260,0
1785141660000,65136.30,65145.90,65131.00,65131.00,62.631,1785141719999,4079712.71280,992,32.901,2143144.37540,0
1785141720000,65131.10,65160.20,65131.00,65133.20,58.556,1785141779999,3814995.84110,1502,25.022,1630067.39810,0
1785141780000,65133.20,65144.50,65130.90,65142.70,16.928,1785141839999,1102662.01200,661,10.927,711761.65860,0
1785141840000,65142.60,65142.70,65132.10,65132.10,21.642,1785141899999,1409742.43550,499,13.419,874106.91800,0
1785141900000,65132.20,65142.60,65132.10,65141.00,50.076,1785141959999,3261964.53750,585,21.883,1425434.55250,0
1785141960000,65141.10,65180.00,65141.10,65180.00,44.895,1785142019999,2925695.93320,1131,43.037,2804617.63950,0
1785142020000,65179.90,65180.00,65147.60,65153.70,57.664,1785142079999,3757917.88620,1190,13.009,847615.61500,0
1785142080000,65153.80,65179.10,65153.70,65179.10,38.274,1785142139999,2494195.26200,864,10.570,688837.37420,0
1785142140000,65179.10,65180.00,65173.70,65173.70,52.207,1785142199999,3402723.52760,564,9.488,618383.35700,0
1785142200000,65173.80,65180.00,65140.10,65145.00,80.570,1785142259999,5249689.61370,1626,20.262,1320179.02120,0
1785142260000,65145.00,65145.00,65131.60,65138.90,40.530,1785142319999,2640073.92790,911,18.161,1182939.86010,0
1785142320000,65138.90,65138.90,65092.30,65112.70,318.029,1785142379999,20705452.58960,4674,146.060,9508774.17040,0
1785142380000,65112.80,65120.60,65112.80,65120.60,14.775,1785142439999,962151.61970,466,6.230,405699.10810,0
1785142440000,65120.50,65149.20,65120.50,65149.20,19.201,1785142499999,1250589.29810,984,15.126,985198.41860,0
1785142500000,65149.10,65160.00,65149.10,65160.00,18.580,1785142559999,1210559.11760,512,16.641,1084225.93660,0
1785142560000,65160.00,65168.00,65150.10,65153.30,34.479,1785142619999,2246632.63760,892,21.234,1383604.06790,0
1785142620000,65153.30,65164.80,65153.30,65164.80,11.362,1785142679999,740301.99420,439,10.538,686615.08610,0
1785142680000,65164.80,65168.80,65146.40,65146.50,22.465,1785142739999,1463747.21940,804,9.295,605666.18940,0
1785142740000,65146.50,65146.50,65133.00,65133.00,11.303,1785142799999,736292.75410,466,5.295,344923.46500,0
1785142800000,65132.90,65132.90,65066.30,65074.30,194.894,1785142859999,12684235.22760,3677,63.172,4111209.11180,0
1785142860000,65074.30,65090.00,65070.20,65072.70,76.005,1785142919999,4946268.55760,1865,35.305,2297551.87320,0
1785142920000,65072.70,65088.00,65072.70,65087.90,33.904,1785142979999,2206488.69560,665,23.481,1528145.26370,0
1785142980000,65088.00,65093.50,65075.10,65085.00,68.418,1785143039999,4452887.23970,1400,32.780,2133477.46580,0
1785143040000,65085.10,65107.70,65085.00,65107.60,33.435,1785143099999,2176507.81810,1125,23.207,1510680.34280,0
1785143100000,65107.70,65107.70,65074.10,65074.10,31.163,1785143159999,2028295.29450,884,6.478,421635.58700,0
1785143160000,65074.20,65099.00,65071.50,65098.90,49.548,1785143219999,3224550.43710,1014,34.724,2259856.82360,0
1785143220000,65099.00,65111.00,65099.00,65110.90,22.746,1785143279999,1480965.47080,506,14.628,952401.77000,0
1785143280000,65110.90,65111.00,65083.90,65085.10,70.717,1785143339999,4603412.56490,1363,11.827,769841.41410,0
1785143340000,65085.10,65095.00,65077.10,65086.70,96.595,1785143399999,6287090.04990,1444,32.680,2127086.64290,0
1785143400000,65086.80,65122.80,65086.80,65122.80,43.534,1785143459999,2834188.16200,1131,34.094,2219669.00620,0
1785143460000,65122.80,65128.60,65120.60,65121.70,28.681,1785143519999,1867799.05480,821,16.303,1061695.68170,0
1785143520000,65121.70,65121.70,65116.50,65116.50,13.744,1785143579999,894976.29340,327,3.745,243862.02400,0
1785143580000,65116.60,65129.50,65116.50,65128.00,42.777,1785143639999,2785968.72630,613,27.100,1764941.52620,0
1785143640000,65128.00,65128.10,65090.00,65092.10,42.393,1785143699999,2760079.48540,1386,9.590,624286.36800,0
1785143700000,65092.10,65092.20,65092.10,65092.20,15.066,1785143759999,980678.41310,325,8.345,543194.40900,0
1785143760000,65092.20,65102.20,65092.10,65102.20,19.915,1785143819999,1296378.46790,568,9.076,590820.59990,0
1785143820000,65102.10,65114.90,65100.00,65114.90,39.309,1785143879999,2559353.71610,1100,18.990,1236375.97680,0
1785143880000,65114.90,65114.90,65104.30,65104.30,25.248,1785143939999,1643917.10300,505,8.511,554153.74420,0
1785143940000,65104.30,65117.40,65104.30,65109.50,24.841,1785143999999,1617405.08930,764,17.601,1145988.25440,0
1785144000000,65109.40,65121.10,65109.40,65121.10,10.031,1785144059999,653187.15360,405,7.635,497165.44610,0
1785144060000,65121.00,65175.40,65121.00,65169.80,71.706,1785144119999,4671606.34860,1754,45.582,2969477.93410,0
1785144120000,65169.80,65179.00,65147.90,65148.00,77.880,1785144179999,5074884.42770,1470,46.304,3017156.43590,0
1785144180000,65148.00,65178.20,65147.90,65178.20,21.442,1785144239999,1397227.03370,891,17.448,1136992.98170,0
1785144240000,65178.20,65189.00,65178.20,65189.00,101.704,1785144299999,6629417.45850,1076,66.677,4346176.84280,0
1785144300000,65189.00,65210.50,65188.90,65193.60,121.131,1785144359999,7897510.09970,1610,85.897,5600249.49070,0
1785144360000,65193.60,65205.40,65191.60,65191.70,45.530,1785144419999,2968530.07400,815,29.074,1895610.69450,0
1785144420000,65191.70,65200.00,65190.00,65200.00,29.085,1785144479999,1896201.62820,606,16.974,1106630.13390,0
1785144480000,65199.90,65200.00,65194.70,65194.70,22.173,1785144539999,1445615.26370,616,11.787,768472.94790,0
1785144540000,65194.70,65198.30,65194.70,65198.30,20.090,1785144599999,1309784.96980,430,13.380,872320.36030,0
1785144600000,65198.20,65198.30,65176.80,65187.60,48.488,1785144659999,3160839.84660,1445,22.853,1489722.41720,0
1785144660000,65187.60,65203.50,65183.10,65198.30,38.112,1785144719999,2484628.15150,1005,28.386,1850559.03870,0
1785144720000,65198.30,65211.10,65198.20,65211.10,56.916,1785144779999,3711203.65130,913,44.402,2895261.40560,0
1785144780000,65211.10,65242.00,65211.00,65235.80,147.457,1785144839999,9619053.96830,2024,110.966,7238516.52780,0
1785144840000,65235.80,65243.40,65230.00,65243.30,84.992,1785144899999,5544483.64170,1297,63.577,4147492.44430,0
1785144900000,65243.40,65288.60,65243.30,65286.60,325.628,1785144959999,21252254.20940,4678,230.358,15033821.58380,0
1785144960000,65286.70,65286.70,65264.60,65284.30,60.205,1785145019999,3929979.51000,1486,33.159,2164477.74700,0
1785145020000,65284.30,65303.30,65284.20,65303.20,87.855,1785145079999,5736606.65730,1420,77.127,5036127.64720,0
1785145080000,65303.30,65315.70,65278.00,65279.10,95.462,1785145139999,6233836.11100,2256,51.442,3359451.69410,0
1785145140000,65279.00,65299.70,65279.00,65299.70,50.664,1785145199999,3307835.69300,869,28.343,1850534.52020,0
1785145200000,65299.60,65313.60,65286.80,65286.80,72.596,1785145259999,4740542.80990,1414,53.710,3507220.03140,0
1785145260000,65286.90,65292.30,65268.00,65268.00,48.816,1785145319999,3186612.32660,1380,22.119,1443869.97660,0
1785145320000,65268.00,65281.10,65268.00,65275.60,28.012,1785145379999,1828518.29590,824,17.601,1148916.11410,0
1785145380000,65275.70,65275.70,65270.70,65270.70,12.774,1785145439999,833804.98550,328,4.280,279371.84240,0
1785145440000,65270.70,65276.00,65270.70,65276.00,22.406,1785145499999,1462462.96890,403,14.959,976390.61000,0
1785145500000,65275.90,65276.00,65250.50,65250.50,39.892,1785145559999,2603682.01190,971,5.776,376960.30810,0
1785145560000,65250.60,65258.30,65250.50,65258.20,11.047,1785145619999,720865.36270,483,5.645,368355.91430,0
1785145620000,65258.10,65279.00,65258.10,65266.80,32.834,1785145679999,2143063.83190,1070,20.406,1331905.43900,0
1785145680000,65266.70,65275.70,65261.50,65265.20,19.818,1785145739999,1293490.84450,723,10.765,702615.28200,0
1785145740000,65265.10,65279.00,65265.10,65279.00,25.010,1785145799999,1632461.81370,571,22.194,1448659.84700,0
1785145800000,65279.00,65281.40,65273.70,65281.30,89.758,1785145859999,5858906.58220,669,19.758,1289729.42020,0
1785145860000,65281.40,65281.40,65269.10,65269.10,17.060,1785145919999,1113604.08240,535,7.510,490222.53540,0
1785145920000,65269.20,65269.20,65265.50,65269.10,37.810,1785145979999,2467773.82330,603,28.935,1888523.66410,0
1785145980000,65269.10,65269.20,65265.50,65265.50,22.539,1785146039999,1471084.53540,358,10.958,715218.93120,0
1785146040000,65265.60,65265.60,65241.30,65241.30,30.207,1785146099999,1971080.24920,998,3.102,202414.54640,0
1785146100000,65241.30,65250.00,65241.30,65250.00,65.496,1785146159999,4273499.79940,630,41.245,2691176.97560,0
1785146160000,65250.00,65252.60,65240.10,65240.20,36.807,1785146219999,2401614.71560,547,8.991,586645.31850,0
1785146220000,65240.20,65240.20,65239.60,65239.70,36.222,1785146279999,2363115.30530,558,6.468,421971.59760,0
1785146280000,65239.60,65244.90,65239.60,65244.90,52.587,1785146339999,3430861.16400,413,49.948,3258682.28460,0
1785146340000,65244.80,65244.90,65234.40,65234.40,42.522,1785146399999,2774170.90370,708,4.563,297697.42870,0
1785146400000,65234.50,65234.50,65222.40,65225.60,54.562,1785146459999,3558853.35690,862,21.295,1388949.81200,0
1785146460000,65225.70,65225.70,65225.60,65225.70,15.748,1785146519999,1027173.45900,353,7.102,463232.92140,0
1785146520000,65225.70,65243.30,65224.30,65243.20,92.800,1785146579999,6053019.43850,1039,60.336,3935529.04900,0
1785146580000,65243.30,65250.00,65243.20,65243.60,53.229,1785146639999,3473101.72350,802,25.227,1646010.36390,0
1785146640000,65243.60,65247.90,65223.40,65223.40,52.073,1785146699999,3397261.88600,886,9.153,597044.44630,0
1785146700000,65223.50,65223.50,65204.90,65207.40,38.327,1785146759999,2499341.51060,961,7.821,509989.18920,0
1785146760000,65207.50,65207.50,65207.40,65207.40,14.471,1785146819999,943617.08390,290,7.985,520681.88750,0
1785146820000,65207.40,65231.30,65207.40,65231.30,23.391,1785146879999,1525636.94780,898,19.685,1283902.71000,0
1785146880000,65231.20,65253.00,65231.20,65252.90,26.481,1785146939999,1727636.28870,819,9.539,622333.39890,0
1785146940000,65252.90,65253.00,65238.00,65238.10,22.641,1785146999999,1477324.17750,612,13.798,900340.77340,0
1785147000000,65238.10,65238.10,65210.60,65210.70,14.275,1785147059999,931064.09730,749,2.646,172576.57230,0
1785147060000,65210.60,65218.90,65202.10,65211.80,43.524,1785147119999,2838194.28000,1127,18.207,1187273.64250,0
1785147120000,65211.70,65211.80,65205.10,65205.10,15.810,1785147179999,1030956.73840,375,1.896,123630.34940,0
1785147180000,65205.10,65217.90,65205.10,65217.80,12.552,1785147239999,818515.24110,485,9.486,618584.58710,0
1785147240000,65217.90,65228.50,65217.80,65228.50,13.953,1785147299999,910056.45020,510,11.467,747924.50880,0
1785147300000,65228.50,65228.50,65218.50,65218.50,18.845,1785147359999,1229172.00900,538,7.891,514713.91340,0
1785147360000,65218.60,65247.90,65218.50,65238.40,28.261,1785147419999,1843711.28860,1107,21.529,1404489.22410,0
1785147420000,65238.40,65255.00,65235.80,65251.00,36.002,1785147479999,2349163.00690,823,24.263,1583155.58960,0
1785147480000,65251.00,65251.00,65235.50,65235.60,21.672,1785147539999,1413908.65420,731,11.190,730040.18320,0
1785147540000,65235.50,65250.30,65235.50,65250.20,14.854,1785147599999,969117.20870,569,12.471,813641.40940,0
1785147600000,65250.30,65280.00,65250.30,65265.90,38.165,1785147659999,2491158.98780,1254,27.671,1806141.48460,0
1785147660000,65265.80,65323.70,65265.80,65313.40,98.541,1785147719999,6435458.66950,2143,64.937,4240486.76180,0
1785147720000,65313.50,65349.80,65313.40,65330.60,116.428,1785147779999,7607113.20550,2398,69.239,4523855.09020,0
1785147780000,65330.50,65334.20,65318.60,65334.20,48.486,1785147839999,3167342.32970,1158,27.880,1821287.88600,0
1785147840000,65334.10,65369.40,65334.10,65358.40,127.232,1785147899999,8315912.33070,1973,91.139,5956731.05230,0
1785147900000,65358.40,65358.40,65332.30,65332.40,47.113,1785147959999,3078812.34020,1013,22.155,1447825.42970,0
1785147960000,65332.30,65335.90,65324.30,65335.90,45.470,1785148019999,2970580.36780,729,24.643,1609932.94040,0
1785148020000,65335.90,65335.90,65321.70,65321.70,25.159,1785148079999,1643676.02490,441,5.155,336744.26700,0
1785148080000,65321.70,65321.80,65321.70,65321.80,18.609,1785148139999,1215572.69490,216,11.796,770535.95280,0
1785148140000,65321.80,65325.80,65321.70,65322.80,29.742,1785148199999,1942839.52610,455,20.572,1343824.56840,0
1785148200000,65322.90,65358.10,65322.90,65327.10,88.107,1785148259999,5757430.85250,2061,59.172,3866640.23350,0
1785148260000,65327.20,65343.40,65321.80,65343.40,76.652,1785148319999,5007606.54120,1001,64.506,4214092.99620,0
1785148320000,65343.30,65355.10,65334.10,65334.10,35.125,1785148379999,2295254.47530,946,19.951,1303669.58850,0
1785148380000,65334.10,65334.20,65330.00,65330.10,19.635,1785148439999,1282817.40540,402,5.716,373436.88070,0
1785148440000,65330.00,65330.10,65315.00,65315.10,17.443,1785148499999,1139489.31400,530,5.421,354135.41630,0
1785148500000,65315.10,65333.00,65315.00,65322.90,50.194,1785148559999,3278863.12580,949,40.743,2661464.56290,0
1785148560000,65323.00,65331.00,65322.90,65331.00,20.620,1785148619999,1346979.21400,316,16.668,1088821.59320,0
1785148620000,65330.90,65333.10,65330.90,65333.00,11.305,1785148679999,738581.30710,293,9.240,603670.72430,0
1785148680000,65333.10,65342.60,65329.00,65334.80,26.206,1785148739999,1712214.19720,735,16.156,1055579.55210,0
1785148740000,65334.70,65377.00,65334.70,65372.40,56.871,1785148799999,3717414.39200,1943,37.734,2466509.51430,0
1785148800000,65372.40,65387.00,65355.10,65382.50,84.988,1785148859999,5556352.24570,1801,49.602,3242841.80890,0
1785148860000,65382.60,65389.00,65371.70,65371.80,40.557,1785148919999,2651746.29190,997,18.457,1206765.50280,0
1785148920000,65371.70,65390.00,65371.70,65380.70,37.285,1785148979999,2437727.56790,911,23.495,1536077.25630,0
1785148980000,65380.70,65386.10,65380.60,65384.80,28.208,1785149039999,1844320.23850,686,23.969,1567164.24820,0
1785149040000,65384.80,65389.60,65380.70,65381.20,40.712,1785149099999,2661944.11250,877,29.599,1935320.04220,0
1785149100000,65381.30,65412.80,65380.10,65380.10,115.002,1785149159999,7520726.16200,2425,64.566,4222357.62270,0
1785149160000,65380.10,65380.20,65335.40,65347.50,43.205,1785149219999,2823622.31780,1392,15.696,1025643.20580,0
1785149220000,65347.40,65353.80,65347.40,65348.30,29.325,1785149279999,1916370.73070,574,24.282,1586809.44980,0
1785149280000,65348.20,65348.30,65340.00,65340.00,27.207,1785149339999,1777724.70770,468,4.421,288868.71650,0
1785149340000,65340.00,65344.10,65333.10,65333.10,38.413,1785149399999,2509897.19520,604,5.423,354342.02940,0
1785149400000,65333.20,65333.20,65317.00,65317.00,52.933,1785149459999,3457964.68210,630,1.604,104785.18600,0
1785149460000,65317.10,65317.10,65313.00,65313.40,13.814,1785149519999,902258.22660,407,9.712,634338.98420,0
1785149520000,65313.40,65326.10,65313.40,65319.00,36.422,1785149579999,2379035.18130,606,19.292,1260083.54560,0
1785149580000,65319.10,65339.50,65319.00,65334.10,22.666,1785149639999,1480789.03700,670,12.728,831483.84990,0
1785149640000,65334.10,65334.10,65330.10,65330.20,9.367,1785149699999,611954.67610,294,3.410,222777.07980,0
1785149700000,65330.10,65330.60,65320.00,65320.60,35.284,1785149759999,2304889.97000,811,20.965,1369497.01730,0
1785149760000,65320.60,65320.70,65318.00,65318.00,7.810,1785149819999,510152.61250,212,1.115,72832.58050,0
1785149820000,65318.00,65318.10,65311.20,65311.30,23.901,1785149879999,1561085.28300,483,5.502,359365.75410,0
1785149880000,65311.20,65313.60,65300.00,65308.10,34.355,1785149939999,2243597.80470,948,15.486,1011336.26350,0
1785149940000,65308.10,65314.80,65308.00,65314.70,29.108,1785149999999,1901037.67840,387,25.846,1687994.64090,0
1785150000000,65314.70,65314.80,65271.30,65295.30,109.112,1785150059999,7124354.64020,2621,44.187,2885010.45000,0
1785150060000,65295.30,65295.40,65279.80,65279.80,19.737,1785150119999,1288506.39010,682,7.430,485058.90500,0
1785150120000,65279.80,65279.90,65268.90,65268.90,40.030,1785150179999,2612861.91830,920,16.326,1065629.84190,0
1785150180000,65268.90,65268.90,65232.40,65244.90,65.947,1785150239999,4302713.16270,1698,30.501,1989916.27450,0
1785150240000,65244.80,65265.50,65244.80,65264.60,34.581,1785150299999,2256524.02960,988,16.921,1104177.62640,0
1785150300000,65264.60,65264.60,65253.10,65253.10,23.566,1785150359999,1537945.53410,471,6.653,434192.21750,0
1785150360000,65253.10,65270.20,65250.10,65270.10,35.493,1785150419999,2316152.46680,791,21.353,1393470.84870,0
1785150420000,65270.10,65277.00,65270.10,65277.00,11.465,1785150479999,748386.91310,401,7.347,479576.71510,0
1785150480000,65277.00,65288.00,65271.10,65287.90,71.264,1785150539999,4651936.26040,1280,23.138,1510359.99780,0
1785150540000,65288.00,65288.00,65287.90,65287.90,9.010,1785150599999,588244.73650,204,7.575,494556.60000,0
1785150600000,65288.00,65288.00,65260.00,65282.40,23.972,1785150659999,1564812.95870,1138,7.073,461657.86740,0
1785150660000,65282.40,65282.40,65269.40,65269.50,9.017,1785150719999,588609.95260,437,3.031,197856.67220,0
1785150720000,65269.50,65269.50,65245.50,65254.50,31.413,1785150779999,2049681.11430,1051,15.874,1035755.61250,0
1785150780000,65254.60,65254.60,65230.00,65230.00,18.531,1785150839999,1208970.27530,795,1.025,66875.94380,0
1785150840000,65230.10,65230.10,65226.80,65229.90,16.566,1785150899999,1080591.63500,507,5.742,374543.26840,0
1785150900000,65229.80,65229.90,65215.80,65218.60,37.361,1785150959999,2436699.73350,1110,19.768,1289250.63980,0
1785150960000,65218.60,65241.40,65215.50,65241.40,20.844,1785151019999,1359474.85450,996,11.742,765864.46580,0
1785151020000,65241.40,65241.40,65237.40,65237.40,13.200,1785151079999,861172.29610,410,8.015,522904.28300,0
1785151080000,65237.40,65241.80,65225.70,65235.60,25.533,1785151139999,1665594.93660,932,11.467,748049.58200,0
1785151140000,65235.50,65239.50,65222.00,65225.70,19.956,1785151199999,1301797.05360,810,10.572,689651.70380,0
1785151200000,65225.60,65234.00,65225.60,65233.90,12.290,1785151259999,801664.40970,466,4.636,302392.79210,0
1785151260000,65234.00,65236.50,65218.10,65218.10,29.624,1785151319999,1932305.68570,730,14.981,977178.93940,0
1785151320000,65218.10,65218.10,65182.90,65189.90,99.331,1785151379999,6476078.11440,2146,34.112,2223653.47940,0
1785151380000,65189.90,65190.00,65161.70,65178.30,63.234,1785151439999,4121167.36380,1657,21.620,1409000.25790,0
1785151440000,65178.30,65178.30,65155.80,65155.80,45.865,1785151499999,2988918.99200,1198,13.758,896543.15230,0
1785151500000,65155.80,65184.00,65155.80,65184.00,74.080,1785151559999,4827868.35310,1114,48.680,3172530.06180,0
1785151560000,65184.20,65184.20,65130.20,65143.40,77.632,1785151619999,5057764.76840,2001,30.007,1954953.32270,0
1785151620000,65143.50,65150.50,65131.00,65146.30,108.709,1785151679999,7081628.43920,1486,9.933,647057.57010,0
1785151680000,65146.20,65153.10,65138.80,65153.10,63.879,1785151739999,4161545.99440,1067,36.390,2370641.73810,0
1785151740000,65153.00,65157.60,65100.00,65100.00,131.804,1785151799999,8584965.98190,2070,12.463,811909.69900,0
1785151800000,65100.10,65167.10,65092.00,65154.70,165.774,1785151859999,10798173.00820,3939,98.610,6423513.88190,0
1785151860000,65154.60,65163.40,65148.90,65163.40,21.009,1785151919999,1368839.82300,756,19.125,1246088.85960,0
1785151920000,65163.40,65163.40,65144.00,65147.00,32.451,1785151979999,2114184.08820,1045,11.118,724307.34970,0
1785151980000,65147.00,65162.00,65139.40,65162.00,48.607,1785152039999,3166623.32090,1197,42.505,2769108.27480,0
1785152040000,65161.90,65178.10,65158.20,65171.80,62.264,1785152099999,4057470.09090,1124,37.506,2444169.50940,0
1785152100000,65171.70,65175.60,65171.70,65175.50,15.638,1785152159999,1019202.65240,443,13.100,853789.75280,0
1785152160000,65175.60,65178.60,65175.50,65177.80,29.534,1785152219999,1924920.35730,675,15.328,999016.23620,0
1785152220000,65177.70,65185.60,65173.10,65181.90,44.967,1785152279999,2930971.86960,1144,34.049,2219329.65720,0
1785152280000,65182.00,65182.00,65174.00,65174.00,13.017,1785152339999,848382.27550,470,8.218,535605.12140,0
1785152340000,65174.00,65174.10,65167.70,65167.70,14.623,1785152399999,953028.27800,403,5.976,389477.90960,0
1785152400000,65167.80,65172.90,65167.70,65172.80,11.774,1785152459999,767314.54830,410,8.457,551147.54320,0
1785152460000,65172.80,65172.90,65139.70,65140.70,81.471,1785152519999,5308573.19890,1280,8.204,534501.21780,0
1785152520000,65140.70,65159.30,65140.70,65159.30,35.501,1785152579999,2312899.36590,721,31.829,2073663.28550,0
1785152580000,65159.20,65161.00,65125.00,65144.50,66.954,1785152639999,4361146.74270,1837,20.202,1315860.93170,0
1785152640000,65144.50,65144.60,65130.00,65130.00,15.081,1785152699999,982377.99480,503,1.742,113479.68170,0
1785152700000,65130.10,65130.10,65115.00,65117.30,18.649,1785152759999,1214401.23310,840,8.731,568540.77650,0
1785152760000,65117.40,65120.00,65110.50,65120.00,27.573,1785152819999,1795433.98990,700,10.903,709926.37970,0
1785152820000,65119.90,65124.30,65107.00,65107.00,15.683,1785152879999,1021250.37270,712,7.374,480200.45990,0
1785152880000,65107.00,65115.10,65092.00,65115.00,58.224,1785152939999,3790644.53180,1369,18.179,1183502.49600,0
1785152940000,65115.10,65122.20,65115.10,65122.10,13.639,1785152999999,888194.13910,450,6.191,403164.82910,0
1785153000000,65122.20,65122.20,65103.70,65106.20,27.588,1785153059999,1796366.37940,730,8.606,560382.75410,0
1785153060000,65106.30,65106.30,65085.90,65089.60,90.414,1785153119999,5885566.67490,1515,18.783,1222599.29400,0
1785153120000,65089.50,65100.00,65086.00,65086.10,49.627,1785153179999,3230409.39520,924,23.016,1498133.83620,0
1785153180000,65086.00,65086.10,65061.10,65073.10,151.641,1785153239999,9867439.93240,2001,48.570,3160352.99200,0
1785153240000,65073.20,65092.00,65073.10,65092.00,50.453,1785153299999,3283880.09610,1104,22.593,1470491.37150,0
1785153300000,65092.00,65092.00,65080.00,65080.00,21.834,1785153359999,1421162.67260,649,5.036,327793.97700,0
1785153360000,65080.00,65092.00,65077.10,65091.80,30.831,1785153419999,2006659.30150,770,20.509,1334818.91510,0
1785153420000,65091.70,65098.10,65089.70,65092.00,40.485,1785153479999,2635352.92730,842,21.908,1426080.32210,0
1785153480000,65091.90,65102.90,65078.30,65078.30,97.666,1785153539999,6357301.40570,1615,41.692,2713842.02200,0
1785153540000,65078.30,65078.30,65073.10,65073.10,35.668,1785153599999,2321059.35060,594,12.397,806716.98040,0
1785153600000,65073.10,65107.30,65064.80,65090.20,154.267,1785153659999,10041345.51130,3226,103.978,6768011.05340,0
1785153660000,65090.20,65101.40,65090.20,65095.80,52.712,1785153719999,3431345.96340,981,19.556,1272992.79870,0
1785153720000,65095.70,65152.50,65095.70,65142.10,256.225,1785153779999,16685323.46110,3440,195.263,12714598.10290,0
1785153780000,65142.00,65153.30,65123.50,65123.50,85.846,1785153839999,5592366.59530,1404,29.438,1917679.64350,0
1785153840000,65123.50,65193.20,65123.50,65176.00,495.028,1785153899999,32257968.10980,5430,414.886,27035201.07840,0
1785153900000,65176.10,65176.10,65150.00,65150.00,26.638,1785153959999,1735716.39460,909,8.335,543088.13630,0
1785153960000,65150.00,65185.00,65150.00,65185.00,173.821,1785154019999,11327655.20820,2157,150.526,9809381.54320,0
1785154020000,65185.00,65240.20,65181.50,65226.70,288.335,1785154079999,18802306.20610,3972,246.015,16042963.23330,0
1785154080000,65226.70,65235.00,65201.30,65217.40,122.489,1785154139999,7988481.27440,2314,47.179,3076895.83670,0
1785154140000,65217.40,65217.50,65200.10,65200.20,26.944,1785154199999,1756973.71300,835,7.858,512414.44540,0
1785154200000,65200.10,65209.40,65182.70,65193.40,49.961,1785154259999,3257266.94390,1546,21.210,1382837.71880,0
1785154260000,65193.50,65196.60,65154.70,65154.80,66.111,1785154319999,4309169.19820,1874,33.030,2152981.05810,0
1785154320000,65154.80,65154.80,65148.20,65148.20,24.215,1785154379999,1577660.37700,454,7.478,487207.16120,0
1785154380000,65148.20,65148.30,65041.90,65078.60,194.248,1785154439999,12640159.69520,4460,56.093,3649565.66700,0
1785154440000,65078.60,65092.90,65056.10,65061.50,149.020,1785154499999,9696742.52500,2400,58.044,3776676.47990,0
1785154500000,65061.50,65096.00,65052.00,65095.80,61.638,1785154559999,4011231.16030,2444,33.684,2192031.43390,0
1785154560000,65095.80,65121.80,65095.30,65121.80,33.387,1785154619999,2173679.05740,1175,30.198,1966065.68930,0
1785154620000,65121.80,65121.80,65076.70,65080.00,36.921,1785154679999,2403679.45150,1223,5.239,341080.17390,0
1785154680000,65079.90,65090.90,65073.60,65073.60,39.819,1785154739999,2591503.23530,968,22.578,1469410.90520,0
1785154740000,65073.70,65076.70,65042.70,65042.70,55.322,1785154799999,3599214.69490,1473,18.946,1232738.31100,0
1785154800000,65042.60,65042.60,65015.20,65038.10,186.972,1785154859999,12158635.93280,3196,54.587,3549515.43680,0
1785154860000,65038.00,65041.00,64976.60,65028.00,310.343,1785154919999,20173891.20570,5919,76.424,4968332.98850,0
1785154920000,65028.00,65039.80,65028.00,65039.80,63.901,1785154979999,4155898.37110,997,31.275,2034015.01080,0
1785154980000,65039.80,65053.20,65029.50,65029.50,73.523,1785155039999,4782287.83080,1553,29.279,1904442.75980,0
1785155040000,65029.60,65029.80,65029.50,65029.70,28.698,1785155099999,1866220.02580,521,9.660,628186.67240,0
1785155100000,65029.70,65029.80,64993.60,65000.60,85.087,1785155159999,5531653.36660,2501,28.475,1851111.54590,0
1785155160000,65000.60,65014.30,65000.60,65009.40,85.510,1785155219999,5558747.50540,1574,47.597,3094171.27420,0
1785155220000,65009.40,65020.00,64998.10,65019.10,170.358,1785155279999,11075202.82530,2329,114.615,7451398.73570,0
1785155280000,65019.10,65019.20,65001.20,65005.20,44.716,1785155339999,2906906.82430,1017,14.906,968964.70080,0
1785155340000,65005.20,65005.30,64978.10,64984.60,134.094,1785155399999,8715068.05440,1670,22.863,1485879.71690,0
1785155400000,64984.60,64990.00,64968.10,64982.70,275.006,1785155459999,17869633.38220,3200,79.287,5151852.44720,0
1785155460000,64982.70,64986.00,64901.00,64915.50,570.364,1785155519999,37036268.86980,7453,144.911,9409714.52690,0
1785155520000,64915.60,64920.00,64868.00,64881.20,485.500,1785155579999,31503591.88290,7554,196.343,12740423.96370,0
1785155580000,64881.30,64881.30,64811.00,64822.30,600.603,1785155639999,38947513.09130,8397,175.252,11364172.63130,0
1785155640000,64822.20,64856.70,64821.30,64850.10,195.422,1785155699999,12671674.12200,3244,95.463,6190051.58320,0
1785155700000,64850.00,64876.00,64850.00,64856.60,131.393,1785155759999,8522361.09980,2377,62.843,4076084.48030,0
1785155760000,64856.70,64892.80,64850.10,64891.20,157.179,1785155819999,10196904.83610,2940,105.769,6861956.70500,0
1785155820000,64891.20,64925.30,64891.20,64915.00,150.688,1785155879999,9780628.49560,2963,91.439,5934914.34810,0
1785155880000,64915.00,64941.50,64907.40,64937.70,158.480,1785155939999,10289517.52590,2688,108.307,7031945.73260,0
1785155940000,64937.70,64961.60,64932.90,64951.40,196.464,1785155999999,12759923.81400,2826,142.442,9251109.58470,0
1785156000000,64951.30,64978.80,64951.30,64952.60,102.873,1785156059999,6683264.02630,1871,61.624,4003397.71000,0
1785156060000,64952.60,65030.20,64947.40,65030.20,228.895,1785156119999,14875941.88190,4524,128.994,8383929.35950,0
1785156120000,65030.20,65031.90,65003.40,65017.90,110.903,1785156179999,7210820.31360,2118,44.334,2882432.61950,0
1785156180000,65017.90,65023.00,65006.60,65013.20,80.714,1785156239999,5247727.54610,1349,30.877,2007510.96640,0
1785156240000,65013.30,65029.10,65013.20,65023.20,61.894,1785156299999,4024400.01480,1259,40.256,2617462.49650,0
1785156300000,65023.20,65108.30,65023.20,65077.10,441.221,1785156359999,28714125.89150,5024,344.665,22430082.17590,0
1785156360000,65077.10,65100.00,65062.40,65088.00,131.649,1785156419999,8568237.74920,2353,61.019,3971506.87070,0
1785156420000,65088.10,65109.10,65080.00,65098.50,105.554,1785156479999,6871180.86300,1747,47.202,3072724.35510,0
1785156480000,65098.60,65111.00,65098.50,65107.60,104.576,1785156539999,6808537.76660,1295,57.260,3727935.03550,0
1785156540000,65107.70,65110.00,65050.20,65055.30,91.784,1785156599999,5973371.37850,2211,38.635,2514651.81610,0
1785156600000,65055.30,65061.70,65050.20,65060.00,44.049,1785156659999,2865570.74420,948,23.543,1531569.53300,0
1785156660000,65060.00,65060.00,64992.50,64992.50,124.468,1785156719999,8092831.80890,2327,20.588,1338410.74890,0
1785156720000,64992.60,65031.60,64992.50,65031.50,44.222,1785156779999,2874784.18800,1309,28.725,1867388.69290,0
1785156780000,65031.50,65072.10,65031.50,65058.30,102.918,1785156839999,6695641.52220,1880,79.372,5163649.59020,0
1785156840000,65058.30,65058.30,65046.10,65054.60,18.331,1785156899999,1192441.29560,677,12.543,815921.98050,0
1785156900000,65054.50,65075.90,65054.50,65071.00,39.138,1785156959999,2546590.32160,886,31.726,2064298.85800,0
1785156960000,65071.00,65089.00,65071.00,65071.40,48.307,1785157019999,3143701.20720,1167,22.004,1431895.88010,0
1785157020000,65071.40,65071.40,65050.10,65057.40,55.222,1785157079999,3592440.83310,1004,23.765,1545978.22150,0
1785157080000,65057.40,65057.50,65043.70,65049.90,33.922,1785157139999,2206609.72410,833,14.567,947542.63600,0
1785157140000,65050.00,65065.00,65049.90,65065.00,25.688,1785157199999,1671078.91430,659,23.840,1550860.24550,0
1785157200000,65065.00,65072.70,65045.10,65045.20,73.997,1785157259999,4814127.34640,1992,39.507,2570188.53440,0
1785157260000,65045.10,65045.10,65005.60,65019.70,74.473,1785157319999,4841833.89200,1970,36.076,2345295.48830,0
1785157320000,65019.70,65085.20,65019.70,65085.20,95.845,1785157379999,6234856.66430,2461,77.801,5061036.46050,0
1785157380000,65085.10,65099.00,65058.00,65058.10,71.278,1785157439999,4638770.68780,1605,40.865,2659468.92860,0
1785157440000,65058.00,65066.40,65056.10,65056.70,28.264,1785157499999,1838929.49900,699,19.087,1241854.37250,0
1785157500000,65056.60,65063.70,65032.50,65063.60,35.338,1785157559999,2298680.80880,1307,20.585,1338973.24940,0
1785157560000,65063.70,65063.70,65037.90,65046.80,34.356,1785157619999,2234806.38830,1133,14.876,967623.22920,0
1785157620000,65046.90,65050.00,65034.70,65050.00,35.223,1785157679999,2290993.54350,996,11.149,725136.21630,0
1785157680000,65050.00,65052.70,65028.80,65038.90,28.903,1785157739999,1879717.12880,924,15.347,998034.44100,0
1785157740000,65038.90,65045.10,65008.00,65027.20,60.591,1785157799999,3940116.83030,1428,13.919,905117.30680,0
1785157800000,65027.10,65039.70,65000.00,65009.00,42.453,1785157859999,2759880.83470,1766,22.136,1439039.26070,0
1785157860000,65009.10,65039.90,65009.10,65039.90,37.546,1785157919999,2441514.81530,1521,25.389,1650950.87610,0
1785157920000,65040.00,65046.80,65023.50,65031.80,38.098,1785157979999,2477770.16230,1162,13.948,907085.72830,0
1785157980000,65031.90,65031.90,64992.60,64992.60,43.668,1785158039999,2838647.99840,1336,15.380,999802.56630,0
1785158040000,64992.60,64992.60,64938.60,64944.50,168.659,1785158099999,10955970.24380,3293,70.861,4602958.71040,0
1785158100000,64944.40,64979.70,64944.40,64961.50,70.076,1785158159999,4552127.81830,1502,28.289,1837649.14250,0
1785158160000,64961.40,64961.50,64929.80,64945.20,51.934,1785158219999,3372423.27590,1494,18.144,1178211.65620,0
1785158220000,64945.30,64973.00,64936.90,64972.90,195.154,1785158279999,12676618.80080,2510,146.872,9540689.16450,0
1785158280000,64973.00,64996.40,64968.30,64986.70,142.056,1785158339999,9231205.32520,1532,128.828,8371545.21290,0
1785158340000,64986.60,65005.00,64986.60,65000.00,75.274,1785158399999,4892481.94400,1523,63.328,4116029.89920,0
1785158400000,64999.90,65032.00,64976.30,64976.30,131.497,1785158459999,8548034.27300,3206,86.074,5595362.58040,0
1785158460000,64976.30,64976.40,64942.00,64942.10,99.421,1785158519999,6458568.03680,1344,31.650,2055887.77620,0
1785158520000,64942.00,64963.50,64922.40,64959.90,94.825,1785158579999,6157351.59920,2154,46.847,3041994.50660,0
1785158580000,64960.00,64968.40,64954.60,64958.00,31.011,1785158639999,2014475.97310,843,13.558,880735.19020,0
1785158640000,64957.90,64957.90,64930.30,64930.30,43.270,1785158699999,2810121.20180,1067,5.359,348032.05440,0
1785158700000,64930.30,64930.40,64885.30,64906.90,147.207,1785158759999,9553668.61960,2765,66.701,4328649.57330,0
1785158760000,64906.90,64920.10,64906.90,64913.60,61.487,1785158819999,3991427.04590,1391,26.183,1699638.22820,0
1785158820000,64913.60,64943.70,64913.60,64933.60,42.648,1785158879999,2769176.31440,1151,22.701,1473982.59900,0
1785158880000,64933.50,64949.20,64933.50,64934.20,29.114,1785158939999,1890625.70680,1037,11.523,748276.39010,0
1785158940000,64934.20,64947.00,64919.50,64922.50,66.658,1785158999999,4328233.99180,1724,34.679,2251720.43530,0
1785159000000,64922.50,64971.20,64919.50,64971.20,173.415,1785159059999,11262850.95590,4460,115.622,7509184.87820,0
1785159060000,64971.20,65000.00,64932.10,64999.90,84.517,1785159119999,5491119.10400,3756,59.527,3867511.69840,0
1785159120000,65000.00,65033.00,64950.00,64974.70,215.126,1785159179999,13981980.14130,5322,93.375,6069644.93790,0
1785159180000,64974.70,65112.80,64974.70,65112.10,297.867,1785159239999,19382079.75380,7580,245.474,15972922.45480,0
1785159240000,65112.20,65118.00,65042.20,65060.00,225.944,1785159299999,14705495.80630,5289,79.417,5168949.84180,0
1785159300000,65060.10,65211.60,65057.40,65178.20,348.595,1785159359999,22714787.11090,10121,217.125,14148115.08300,0
1785159360000,65178.10,65262.50,65178.10,65234.30,330.572,1785159419999,21561972.97300,8441,210.346,13720524.62780,0
1785159420000,65234.40,65338.90,65234.40,65321.70,376.779,1785159479999,24601962.32520,9363,248.805,16245812.18260,0
1785159480000,65321.60,65370.40,65287.70,65349.80,376.302,1785159539999,24582825.86250,8007,211.680,13830081.46230,0
1785159540000,65349.80,65489.50,65339.30,65403.40,908.405,1785159599999,59443414.28090,16105,561.282,36726269.81180,0
1785159600000,65403.40,65566.70,65391.10,65534.10,809.778,1785159659999,53033828.83780,15223,541.047,35437053.60820,0
1785159660000,65534.00,65596.50,65474.30,65595.00,842.316,1785159719999,55205514.92240,15020,359.010,23531161.56580,0
1785159720000,65595.00,65627.30,65545.70,65593.10,943.470,1785159779999,61884884.96760,13648,376.422,24690953.10000,0
1785159780000,65593.20,65666.60,65534.70,65609.20,732.555,1785159839999,48050711.94890,11590,407.344,26720701.55110,0
1785159840000,65609.20,65658.30,65583.60,65637.70,720.143,1785159899999,47260528.91220,11201,384.158,25212441.10610,0
1785159900000,65637.70,65660.00,65571.30,65615.50,378.506,1785159959999,24837364.63580,9589,170.638,11196752.93350,0
1785159960000,65615.50,65638.00,65486.30,65489.10,535.334,1785160019999,35079149.12000,9523,157.266,10303716.62820,0
1785160020000,65489.10,65536.80,65486.30,65509.30,270.073,1785160079999,17692384.17690,6863,121.224,7940855.85750,0
1785160080000,65509.20,65638.60,65493.20,65631.10,313.769,1785160139999,20578307.56140,6087,233.137,15290389.37090,0
1785160140000,65631.10,65689.60,65579.10,65585.10,490.131,1785160199999,32174438.06550,8615,240.180,15767586.38690,0
1785160200000,65585.00,65605.70,65533.20,65600.40,478.275,1785160259999,31357140.40250,8107,156.353,10251588.39850,0
1785160260000,65600.50,65636.30,65572.40,65619.50,213.032,1785160319999,13975795.52670,4978,123.389,8095004.26790,0
1785160320000,65619.60,65624.30,65456.00,65458.70,772.667,1785160379999,50633223.30350,10852,78.660,5153747.92370,0
1785160380000,65458.70,65463.30,65361.30,65364.70,527.970,1785160439999,34544907.52210,7410,101.289,6626894.48520,0
1785160440000,65364.60,65408.20,65334.10,65400.40,579.028,1785160499999,37846906.74120,8662,204.367,13359679.32070,0
1785160500000,65400.40,65428.80,65362.30,65408.80,187.408,1785160559999,12256197.06040,6166,101.637,6646829.42290,0
1785160560000,65408.80,65412.30,65270.60,65319.80,362.284,1785160619999,23663733.71280,8519,119.542,7807909.48720,0
1785160620000,65319.80,65333.00,65171.50,65200.70,700.537,1785160679999,45702222.75540,12475,196.537,12820574.11160,0
1785160680000,65200.60,65230.00,65121.90,65208.40,836.266,1785160739999,54504935.38060,11483,358.719,23382281.82300,0
1785160740000,65208.40,65223.90,65155.20,65189.40,268.500,1785160799999,17502281.47120,6430,121.180,7899819.06340,0
1785160800000,65189.40,65260.00,65182.10,65258.50,228.973,1785160859999,14932845.85670,5746,132.924,8669064.50830,0
1785160860000,65258.50,65303.90,65161.70,65278.50,413.057,1785160919999,26954763.15950,8284,255.293,16663110.70210,0
1785160920000,65278.40,65349.10,65257.00,65349.10,324.474,1785160979999,21186724.06330,6725,250.979,16387885.23970,0
1785160980000,65349.00,65353.10,65206.70,65256.20,226.589,1785161039999,14791031.32230,7470,94.448,6164730.77390,0
1785161040000,65256.10,65327.70,65243.80,65296.10,150.093,1785161099999,9801436.31960,4880,108.725,7100058.15740,0
1785161100000,65296.10,65321.00,65236.80,65236.80,110.639,1785161159999,7223032.09280,5037,43.922,2867460.23290,0
1785161160000,65236.80,65253.80,65103.10,65153.80,409.913,1785161219999,26704811.83100,9077,133.435,8691766.44520,0
1785161220000,65153.90,65231.00,65120.00,65207.40,181.323,1785161279999,11818161.84140,6979,121.194,7899232.62670,0
1785161280000,65207.40,65317.20,65207.40,65317.20,208.743,1785161339999,13626376.60150,6694,149.534,9761346.44650,0
1785161340000,65317.10,65409.30,65304.80,65360.00,203.594,1785161399999,13307512.58020,6910,150.245,9820656.69120,0
1785161400000,65360.00,65360.10,65220.60,65231.20,161.052,1785161459999,10513438.87580,7756,43.958,2868755.58820,0
1785161460000,65231.20,65258.80,65182.80,65244.50,153.757,1785161519999,10026431.69770,5788,66.339,4325934.66680,0
1785161520000,65244.50,65315.70,65244.50,65315.70,82.548,1785161579999,5388372.52160,3925,61.582,4019832.85090,0
1785161580000,65315.70,65349.60,65264.10,65291.40,104.353,1785161639999,6815884.29770,4398,55.178,3604370.23580,0
1785161640000,65291.40,65349.10,65269.00,65330.80,119.722,1785161699999,7818887.89000,3853,50.541,3301302.22490,0
1785161700000,65330.80,65368.00,65267.30,65303.70,132.999,1785161759999,8687995.80250,5549,64.693,4226582.20250,0
1785161760000,65303.60,65339.00,65282.30,65293.10,77.253,1785161819999,5045139.08930,3553,34.135,2229336.05940,0
1785161820000,65293.10,65305.10,65226.70,65232.70,245.157,1785161879999,15997156.69530,5781,134.124,8751748.78000,0
1785161880000,65232.80,65232.80,65158.30,65200.40,234.540,1785161939999,15291279.29500,6104,136.783,8918301.60020,0
1785161940000,65200.10,65227.10,65164.60,65164.60,73.346,1785161999999,4781886.09930,3339,36.592,2385660.95250,0
1785162000000,65164.30,65164.70,64970.30,64982.30,553.650,1785162059999,36019649.71310,10784,174.363,11346249.62830,0
1785162060000,64982.30,65091.70,64924.80,65082.80,673.280,1785162119999,43751568.98310,14176,358.566,23303837.58850,0
1785162120000,65082.90,65085.90,65000.00,65008.40,200.690,1785162179999,13052535.50830,6920,100.289,6522795.81990,0
1785162180000,65008.30,65068.00,64930.60,64938.10,226.210,1785162239999,14701478.75500,6066,115.570,7511557.94940,0
1785162240000,64938.00,65028.50,64913.40,65016.70,283.890,1785162299999,18442219.46720,6648,171.175,11120689.75580,0
1785162300000,65016.70,65021.90,64968.30,64995.30,127.983,1785162359999,8318709.18830,4959,57.475,3735792.94590,0
1785162360000,64995.30,65054.90,64967.00,65019.70,146.704,1785162419999,9537766.46410,5323,105.335,6848166.51160,0
1785162420000,65019.80,65025.60,64925.70,64935.00,194.019,1785162479999,12604248.58910,6795,111.390,7236308.91240,0
1785162480000,64935.10,64960.40,64865.10,64918.30,599.287,1785162539999,38894140.46390,9020,142.001,9218587.03490,0
1785162540000,64918.40,64927.50,64845.40,64845.40,167.049,1785162599999,10839428.98690,4843,69.934,4538634.90980,0
1785162600000,64845.50,64856.90,64560.00,64569.60,2381.482,1785162659999,154080933.44170,33258,670.936,43400648.54710,0
1785162660000,64570.00,64776.70,64570.00,64776.70,786.182,1785162719999,50854052.17160,15788,454.767,29419438.64490,0
1785162720000,64776.70,64787.70,64675.00,64686.20,442.453,1785162779999,28632714.98130,8617,284.810,18429047.00150,0
1785162780000,64686.20,64741.20,64630.50,64656.40,317.770,1785162839999,20553177.43750,7873,178.839,11567539.14160,0
1785162840000,64656.40,64692.90,64600.00,64627.50,311.755,1785162899999,20155190.31650,8232,189.282,12237836.17270,0
1785162900000,64627.50,64674.30,64570.10,64674.30,364.436,1785162959999,23549036.47030,9576,174.435,11272279.29870,0
1785162960000,64674.30,64725.90,64595.20,64598.80,269.909,1785163019999,17456404.81910,8381,177.953,11510632.44360,0
1785163020000,64598.70,64602.20,64444.50,64496.50,1318.450,1785163079999,85036432.14540,20544,361.276,23300945.37600,0
1785163080000,64496.60,64599.80,64482.60,64593.70,316.643,1785163139999,20439138.89300,8289,228.569,14754313.27960,0
1785163140000,64593.60,64636.80,64582.10,64636.70,321.069,1785163199999,20744910.50890,6826,185.313,11973085.67990,0
1785163200000,64636.70,64652.60,64561.40,64566.40,215.775,1785163259999,13939488.65590,6808,95.030,6139634.50330,0
1785163260000,64566.40,64589.40,64514.70,64589.20,274.954,1785163319999,17749340.44300,6725,127.894,8255610.37820,0
1785163320000,64589.30,64635.20,64578.70,64585.20,171.999,1785163379999,11112724.40220,4419,91.446,5908484.57470,0
1785163380000,64585.20,64592.00,64509.00,64538.90,353.831,1785163439999,22834667.90110,8344,151.581,9782308.57490,0
1785163440000,64538.90,64564.80,64418.90,64445.20,628.992,1785163499999,40553989.29400,10726,161.921,10439768.06290,0
1785163500000,64445.10,64548.50,64440.20,64530.90,398.190,1785163559999,25679842.60420,11340,194.500,12543996.29910,0
1785163560000,64530.90,64616.40,64503.70,64611.10,272.377,1785163619999,17591183.29320,7743,207.883,13425927.84100,0
1785163620000,64611.10,64623.00,64557.10,64586.20,202.038,1785163679999,13051217.39020,5411,103.518,6687451.51550,0
1785163680000,64586.30,64600.20,64548.10,64550.20,124.406,1785163739999,8032242.87240,3629,62.057,4006793.62230,0
1785163740000,64550.30,64608.80,64550.20,64580.60,122.064,1785163799999,7883339.90700,4003,70.367,4544445.42580,0
1785163800000,64580.60,64680.70,64580.50,64634.90,320.930,1785163859999,20748256.66810,7495,170.101,10996220.89190,0
1785163860000,64634.90,64670.00,64615.50,64615.60,244.303,1785163919999,15793708.36030,4713,126.868,8201602.48190,0
1785163920000,64615.60,64640.50,64600.50,64618.30,191.608,1785163979999,12381251.29730,4739,132.399,8555087.33820,0
1785163980000,64618.30,64618.30,64550.00,64550.00,224.159,1785164039999,14473590.93660,4579,94.366,6092686.26060,0
1785164040000,64550.00,64568.00,64502.90,64554.30,191.748,1785164099999,12374962.46620,4341,106.992,6905306.69550,0
1785164100000,64554.40,64651.50,64554.30,64651.50,220.353,1785164159999,14234499.23830,5724,156.255,10093761.03440,0
1785164160000,64651.40,64665.00,64593.70,64630.40,179.043,1785164219999,11572752.17370,4637,78.745,5089363.89050,0
1785164220000,64630.40,64681.60,64630.40,64657.00,168.130,1785164279999,10871973.44980,3087,107.979,6982153.37870,0
1785164280000,64657.00,64665.80,64609.80,64626.20,242.579,1785164339999,15681807.25630,4542,122.496,7918931.42160,0
1785164340000,64626.20,64666.70,64626.10,64663.40,115.858,1785164399999,7490148.13330,2444,76.931,4973627.79630,0
1785164400000,64663.40,64738.40,64637.10,64699.50,404.074,1785164459999,26141720.44790,9169,211.217,13665656.18810,0
1785164460000,64699.50,64699.50,64642.00,64642.00,112.653,1785164519999,7285264.39860,3716,66.481,4299474.20560,0
1785164520000,64642.00,64673.50,64601.70,64636.50,196.313,1785164579999,12687552.35100,5384,76.783,4962480.25760,0
1785164580000,64636.50,64674.10,64620.00,64633.80,115.435,1785164639999,7462447.76230,3626,76.987,4976630.38420,0
1785164640000,64633.70,64714.30,64633.70,64692.20,142.172,1785164699999,9197568.64570,4434,91.771,5936731.13010,0
1785164700000,64692.20,64743.00,64657.90,64730.00,161.119,1785164759999,10426177.37140,4377,70.228,4544552.65910,0
1785164760000,64730.10,64748.70,64651.20,64651.30,205.114,1785164819999,13273251.49440,3822,88.324,5715826.15790,0
1785164820000,64651.30,64664.90,64621.60,64631.80,148.520,1785164879999,9600402.16170,3609,44.320,2864952.52130,0
1785164880000,64631.80,64651.30,64600.00,64612.10,89.557,1785164939999,5787150.26810,3209,26.417,1707096.40440,0
1785164940000,64612.10,64612.20,64563.00,64577.00,144.188,1785164999999,9312040.63400,3459,52.170,3369096.92630,0
1785165000000,64577.00,64639.90,64545.40,64575.20,274.703,1785165059999,17741595.31960,7002,93.862,6062418.28600,0
1785165060000,64575.10,64612.90,64547.30,64596.40,151.629,1785165119999,9791364.09850,4327,96.153,6208835.00740,0
1785165120000,64596.30,64667.20,64596.30,64652.60,107.658,1785165179999,6959098.88690,3494,61.143,3951980.88170,0
1785165180000,64652.70,64721.90,64652.60,64717.00,92.510,1785165239999,5985587.09390,3065,53.644,3470789.82830,0
1785165240000,64717.10,64735.00,64667.60,64698.80,185.774,1785165299999,12019456.18320,4507,64.713,4187401.03810,0
1785165300000,64698.80,64709.10,64670.90,64671.00,56.335,1785165359999,3644406.88820,2553,26.747,1730311.66950,0
1785165360000,64671.00,64701.70,64650.90,64701.60,91.225,1785165419999,5900591.84480,3199,47.407,3066442.52580,0
1785165420000,64701.70,64701.70,64550.50,64589.80,226.426,1785165479999,14628226.97820,5867,101.746,6574472.82850,0
1785165480000,64589.80,64612.10,64564.10,64612.00,70.029,1785165539999,4523078.67020,3444,39.869,2575046.70900,0
1785165540000,64612.10,64679.00,64603.30,64678.90,56.377,1785165599999,3643983.78120,3052,38.127,2464287.96300,0
1785165600000,64678.90,64750.00,64678.90,64732.20,211.506,1785165659999,13689055.43880,5958,132.560,8579569.79960,0
1785165660000,64732.20,64738.70,64668.60,64668.60,131.495,1785165719999,8509435.13490,3372,57.658,3730941.02120,0
1785165720000,64668.60,64719.90,64640.70,64707.50,93.686,1785165779999,6059858.40410,3380,63.041,4077547.47930,0
1785165780000,64707.40,64707.40,64594.10,64618.40,122.504,1785165839999,7919830.80950,4001,44.626,2884780.71360,0
1785165840000,64618.40,64618.50,64564.10,64598.50,67.778,1785165899999,4377496.64980,2944,37.780,2439930.13330,0
1785165900000,64598.60,64610.50,64564.70,64610.50,95.038,1785165959999,6137791.02610,2968,34.837,2250010.72940,0
1785165960000,64610.50,64610.50,64566.00,64572.10,108.116,1785166019999,6982922.34160,2970,52.512,3391514.79860,0
1785166020000,64572.00,64599.00,64550.00,64559.00,89.515,1785166079999,5779407.56880,2876,61.246,3954237.94130,0
1785166080000,64558.90,64571.80,64520.60,64531.30,136.998,1785166139999,8842134.24530,3655,44.758,2888658.29550,0
1785166140000,64531.30,64635.70,64531.30,64624.30,131.595,1785166199999,8500333.68940,4232,110.747,7153541.70130,0
1785166200000,64624.30,64654.80,64601.10,64631.80,120.849,1785166259999,7809484.06540,3767,33.051,2135966.23670,0
1785166260000,64631.90,64669.80,64603.80,64603.90,66.066,1785166319999,4270788.34810,3046,27.345,1767795.82920,0
1785166320000,64603.90,64616.60,64564.00,64564.00,204.756,1785166379999,13223048.31750,3011,45.742,2954266.04190,0
1785166380000,64564.00,64572.90,64524.60,64533.20,117.188,1785166439999,7564659.21030,3514,60.196,3885738.47180,0
1785166440000,64533.20,64571.40,64510.00,64550.40,165.291,1785166499999,10668899.99780,3045,48.461,3127975.48760,0
1785166500000,64550.30,64550.30,64438.00,64492.50,602.032,1785166559999,38816727.46640,8352,169.114,10901703.10850,0
1785166560000,64492.50,64531.90,64424.40,64465.10,971.114,1785166619999,62617714.06170,7987,493.033,31795406.93670,0
1785166620000,64465.20,64494.40,64411.00,64418.20,457.132,1785166679999,29463881.89440,6419,174.726,11261728.06230,0
1785166680000,64418.20,64486.20,64374.40,64485.80,469.435,1785166739999,30240831.27780,7520,206.108,13280475.47820,0
1785166740000,64485.70,64531.10,64485.70,64530.30,172.153,1785166799999,11105129.17840,3686,125.947,8124464.22230,0
1785166800000,64530.30,64579.70,64530.30,64542.30,137.537,1785166859999,8878015.80820,4360,74.913,4835465.48120,0
1785166860000,64542.20,64556.50,64525.30,64530.70,109.888,1785166919999,7092398.36050,2481,56.806,3666263.76430,0
1785166920000,64530.70,64574.20,64530.70,64570.20,57.106,1785166979999,3686849.47360,2322,42.004,2711817.19410,0
1785166980000,64570.20,64576.40,64528.20,64543.40,64.640,1785167039999,4172443.78060,2727,30.514,1969637.16600,0
1785167040000,64543.40,64571.80,64533.30,64546.40,91.131,1785167099999,5882490.30390,2843,58.257,3760474.71470,0
1785167100000,64546.40,64546.40,64511.10,64511.10,48.159,1785167159999,3107862.35980,1733,14.647,945270.34560,0
1785167160000,64511.20,64579.60,64500.00,64554.00,181.097,1785167219999,11686439.97700,4365,117.190,7562527.92500,0
1785167220000,64554.00,64566.90,64535.00,64554.90,83.951,1785167279999,5419382.57750,1970,25.567,1650344.12040,0
1785167280000,64554.90,64594.30,64554.90,64568.90,45.126,1785167339999,2914157.90530,1918,22.633,1461601.64730,0
1785167340000,64568.90,64568.90,64535.00,64548.20,83.736,1785167399999,5404786.24860,2545,50.220,3241456.34400,0
1785167400000,64548.20,64578.20,64543.20,64566.80,86.010,1785167459999,5552454.10730,2655,54.145,3495328.67730,0
1785167460000,64566.80,64598.00,64566.80,64592.10,65.671,1785167519999,4241390.31010,2293,48.072,3104792.78940,0
1785167520000,64592.20,64609.90,64568.90,64569.00,66.625,1785167579999,4303585.89650,1977,35.921,2320231.44960,0
1785167580000,64569.00,64595.20,64556.30,64565.20,41.342,1785167639999,2669572.77670,2117,27.718,1789822.49170,0
1785167640000,64565.10,64571.50,64540.30,64545.70,53.116,1785167699999,3428764.82170,1388,14.670,947072.80230,0
1785167700000,64545.80,64586.20,64545.80,64579.70,56.197,1785167759999,3628550.15310,2058,25.579,1651576.01200,0
1785167760000,64579.70,64579.70,64540.40,64540.80,41.466,1785167819999,2676900.02630,1787,15.648,1010208.02700,0
1785167820000,64540.80,64562.20,64522.70,64553.70,55.610,1785167879999,3589452.88760,1982,40.447,2610744.68230,0
1785167880000,64553.60,64559.90,64518.10,64530.00,64.285,1785167939999,4149178.06150,2017,37.070,2392572.49890,0
1785167940000,64530.00,64530.00,64517.10,64517.10,46.295,1785167999999,2987092.69270,1197,28.002,1806711.82140,0
1785168000000,64517.20,64545.00,64512.00,64521.10,147.888,1785168059999,9542829.03180,3461,42.630,2750712.61090,0
1785168060000,64521.10,64544.90,64500.20,64504.60,158.179,1785168119999,10205364.37260,3134,88.869,5733670.68760,0
1785168120000,64504.60,64533.60,64502.50,64516.80,55.325,1785168179999,3569349.69180,2597,29.427,1898457.10920,0
1785168180000,64516.80,64586.70,64516.80,64582.40,148.435,1785168239999,9582866.19950,3812,96.073,6202066.29290,0
1785168240000,64582.30,64619.80,64582.30,64615.00,127.763,1785168299999,8253890.29990,2193,85.855,5546570.62080,0
1785168300000,64615.00,64633.00,64600.00,64605.00,116.462,1785168359999,7525455.53950,2647,74.775,4831696.01180,0
1785168360000,64605.00,64605.00,64542.80,64586.90,79.319,1785168419999,5120998.13300,2276,46.592,3007760.29280,0
1785168420000,64586.90,64598.10,64565.20,64589.60,55.445,1785168479999,3580822.90370,2122,26.130,1687440.04650,0
1785168480000,64589.50,64621.80,64585.40,64605.50,34.163,1785168539999,2207214.28090,2003,22.090,1427161.29700,0
1785168540000,64605.40,64607.40,64582.10,64607.40,41.869,1785168599999,2704579.00890,1569,17.045,1101021.35880,0
1785168600000,64607.40,64640.10,64592.50,64640.10,63.429,1785168659999,4099460.44580,2003,36.870,2382856.28900,0
1785168660000,64640.10,64647.70,64618.40,64642.20,40.929,1785168719999,2645370.76140,1779,22.878,1478677.55000,0
1785168720000,64642.30,64658.30,64627.60,64651.60,83.759,1785168779999,5414897.21420,2255,54.921,3550644.76540,0
1785168780000,64651.60,64651.60,64588.50,64590.20,56.936,1785168839999,3678674.31110,1993,25.926,1675106.22100,0
1785168840000,64590.20,64600.30,64570.10,64586.50,46.142,1785168899999,2979875.52330,1503,22.905,1479183.19850,0
1785168900000,64586.50,64586.50,64547.60,64549.20,55.839,1785168959999,3605102.30390,1607,24.125,1557329.10390,0
1785168960000,64549.60,64549.60,64479.00,64529.40,189.447,1785169019999,12219510.43350,5037,50.986,3288639.79460,0
1785169020000,64529.50,64537.20,64496.60,64537.20,43.521,1785169079999,2807825.72290,2132,19.059,1229627.32380,0
1785169080000,64537.20,64555.60,64532.00,64545.60,43.303,1785169139999,2794729.19440,1693,16.853,1087693.50300,0
1785169140000,64545.70,64577.70,64521.20,64560.40,107.930,1785169199999,6965774.11970,2716,68.644,4430207.00120,0
1785169200000,64560.50,64590.60,64533.30,64573.20,51.489,1785169259999,3324291.71880,3403,33.842,2184880.67490,0
1785169260000,64573.10,64607.90,64566.20,64566.30,37.640,1785169319999,2431121.39610,2228,18.041,1165217.87980,0
1785169320000,64566.20,64569.00,64532.50,64558.60,25.532,1785169379999,1648116.29670,1497,11.041,712743.74450,0
1785169380000,64558.50,64562.90,64510.90,64510.90,93.928,1785169439999,6061339.94460,1502,5.046,325631.49460,0
1785169440000,64511.00,64577.10,64510.90,64577.10,27.197,1785169499999,1755402.71360,1710,19.368,1250128.50640,0
1785169500000,64577.00,64730.00,64577.00,64718.80,563.490,1785169559999,36447831.74930,12026,377.998,24446189.21140,0
1785169560000,64718.90,64744.50,64670.40,64676.90,190.268,1785169619999,12311936.50840,4682,120.465,7795052.09620,0
1785169620000,64676.90,64736.80,64676.80,64718.70,107.644,1785169679999,6965564.36830,3307,66.070,4275159.17060,0
1785169680000,64718.70,64767.20,64711.60,64723.40,244.383,1785169739999,15822556.10080,3979,97.169,6291068.61800,0
1785169740000,64723.40,64745.00,64694.10,64701.70,84.866,1785169799999,5491988.90550,2524,42.543,2753226.74870,0
1785169800000,64701.80,64800.00,64701.70,64787.40,381.573,1785169859999,24714106.24530,5693,299.244,19381801.86170,0
1785169860000,64787.40,64796.50,64760.00,64780.10,124.743,1785169919999,8081293.61450,3205,66.712,4321862.65970,0
1785169920000,64780.10,64780.10,64733.30,64742.20,118.228,1785169979999,7655998.87780,3446,70.181,4544698.63500,0
1785169980000,64742.20,64789.80,64720.20,64789.80,103.837,1785170039999,6724311.00350,3193,67.202,4352210.88990,0
1785170040000,64789.80,64873.30,64783.70,64856.80,296.697,1785170099999,19233524.79530,6060,199.113,12908775.57150,0
1785170100000,64856.80,64911.10,64835.60,64878.00,489.785,1785170159999,31780417.66390,7610,226.040,14665987.14910,0
1785170160000,64878.10,64927.40,64848.20,64919.60,240.278,1785170219999,15591563.29390,5595,146.629,9514727.17570,0
1785170220000,64919.70,64941.70,64880.70,64880.70,344.773,1785170279999,22384376.03680,3327,52.259,3393094.52190,0
1785170280000,64880.70,64913.10,64876.50,64913.10,98.978,1785170339999,6422810.70100,2988,45.770,2970003.01420,0
1785170340000,64913.00,64913.10,64890.00,64901.90,65.143,1785170399999,4227867.20400,2139,23.540,1527709.25020,0
1785170400000,64902.00,64924.60,64902.00,64914.50,64.708,1785170459999,4200782.77020,1486,34.727,2254426.25690,0
1785170460000,64914.60,64917.50,64895.40,64896.60,89.584,1785170519999,5814490.41880,2027,17.934,1163989.65160,0
1785170520000,64896.60,64910.00,64888.30,64904.50,92.765,1785170579999,6020060.42360,1565,28.581,1854863.47980,0
1785170580000,64904.60,64904.60,64884.00,64886.60,60.518,1785170639999,3927198.13590,1543,18.895,1226127.92330,0
1785170640000,64886.60,64896.00,64872.80,64894.40,98.501,1785170699999,6391248.86970,1927,34.340,2228114.63740,0
1785170700000,64894.40,64907.10,64884.70,64901.90,68.824,1785170759999,4466612.06700,1628,36.392,2361781.55590,0
1785170760000,64901.90,64919.80,64861.60,64876.50,82.101,1785170819999,5327532.45430,2947,38.398,2491867.74270,0
1785170820000,64876.60,64918.50,64876.50,64899.60,53.465,1785170879999,3470037.36450,1926,21.527,1397126.19460,0
1785170880000,64899.70,64909.80,64892.80,64907.30,58.555,1785170939999,3800379.60140,1525,40.562,2632538.01600,0
1785170940000,64907.40,64910.00,64890.50,64890.60,41.481,1785170999999,2692376.62150,883,14.797,960429.56830,0
1785171000000,64890.60,64890.60,64848.50,64848.50,80.214,1785171059999,5203255.98360,2262,28.080,1821521.86260,0
1785171060000,64848.50,64865.90,64832.70,64832.70,55.591,1785171119999,3604872.63410,1754,17.487,1133971.92500,0
1785171120000,64832.70,64853.50,64821.90,64837.70,127.644,1785171179999,8275884.46030,2745,50.185,3253845.36380,0
1785171180000,64837.70,64837.70,64800.40,64806.10,89.665,1785171239999,5811112.12490,1893,11.872,769362.36430,0
1785171240000,64806.10,64820.70,64804.60,64808.20,34.073,1785171299999,2208270.55520,1102,13.579,880044.16700,0
1785171300000,64808.10,64809.40,64774.10,64809.40,134.347,1785171359999,8704687.20900,2672,45.359,2939240.53980,0
1785171360000,64809.30,64833.90,64803.30,64821.70,37.719,1785171419999,2444744.11780,1379,21.390,1386389.77530,0
1785171420000,64821.70,64866.90,64821.70,64866.80,64.805,1785171479999,4202373.54210,1870,39.168,2539916.96600,0
1785171480000,64866.80,64894.20,64866.80,64892.00,92.598,1785171539999,6008124.70040,1702,71.281,4624916.03180,0
1785171540000,64891.90,64892.00,64866.40,64871.00,39.005,1785171599999,2530578.28360,1009,7.516,487593.04010,0
1785171600000,64871.00,64910.00,64852.10,64910.00,88.023,1785171659999,5710850.31030,2108,47.296,3068858.23190,0
1785171660000,64910.00,64921.70,64868.50,64885.20,165.161,1785171719999,10718610.99810,3297,114.815,7451233.59630,0
1785171720000,64885.30,64885.30,64812.70,64813.50,79.069,1785171779999,5126645.77990,2354,33.462,2169213.83330,0
1785171780000,64813.50,64820.60,64761.70,64799.90,210.199,1785171839999,13618381.81700,4237,63.872,4137863.61360,0
1785171840000,64799.80,64818.90,64795.30,64803.40,55.437,1785171899999,3592782.05390,1701,19.368,1255111.41470,0
1785171900000,64803.30,64803.80,64780.50,64798.50,86.886,1785171959999,5629592.74150,1809,24.778,1605468.64210,0
1785171960000,64798.50,64803.60,64788.40,64801.70,40.815,1785172019999,2644659.04800,1335,20.690,1340631.85110,0
1785172020000,64801.70,64830.70,64788.00,64830.70,67.629,1785172079999,4383332.88570,1453,62.733,4066065.10070,0
1785172080000,64830.60,64850.00,64808.70,64808.80,58.746,1785172139999,3808198.29370,1969,15.845,1027046.82610,0
1785172140000,64808.80,64831.90,64808.80,64818.00,22.605,1785172199999,1465397.89130,973,9.130,591827.24100,0
1785172200000,64817.90,64843.90,64817.70,64837.50,35.868,1785172259999,2325379.43700,1210,20.741,1344608.18650,0
1785172260000,64837.40,64837.50,64817.70,64821.20,12.591,1785172319999,816271.37590,727,2.755,178602.49560,0
1785172320000,64821.20,64848.00,64821.10,64835.10,24.461,1785172379999,1585974.31690,1084,14.544,942971.72060,0
1785172380000,64835.00,64866.30,64835.00,64849.90,36.762,1785172439999,2384152.06410,1195,26.109,1693207.03470,0
1785172440000,64850.00,64873.30,64850.00,64864.80,29.858,1785172499999,1936663.56540,1049,21.580,1399705.59750,0
1785172500000,64864.80,64884.60,64848.60,64884.60,30.960,1785172559999,2008189.46910,1484,20.794,1348807.42460,0
1785172560000,64884.60,64909.20,64882.80,64897.50,37.010,1785172619999,2401730.40840,1939,21.748,1411324.55790,0
1785172620000,64897.40,64912.30,64873.90,64903.60,65.996,1785172679999,4282139.31100,1926,22.916,1486937.74730,0
1785172680000,64903.70,64908.20,64900.00,64906.90,25.974,1785172739999,1685867.61990,758,8.553,555133.82080,0
1785172740000,64906.80,64917.50,64906.80,64913.10,48.103,1785172799999,3122418.22020,1023,20.982,1361978.77150,0
1785172800000,64913.00,65032.30,64913.00,65032.20,401.680,1785172859999,26103967.45880,7446,326.902,21244350.39860,0
1785172860000,65032.30,65035.80,65020.40,65022.40,88.621,1785172919999,5762756.97580,1739,34.134,2219612.27180,0
1785172920000,65022.50,65034.40,64991.50,65016.40,110.426,1785172979999,7178889.71560,2591,44.722,2907388.53540,0
1785172980000,65016.40,65035.20,65001.40,65005.00,76.605,1785173039999,4981046.87260,1833,39.974,2599260.42600,0
1785173040000,65005.10,65017.40,65001.70,65004.50,106.015,1785173099999,6891706.07930,1192,86.170,5601558.32230,0
1785173100000,65004.50,65017.30,64995.50,64999.40,69.910,1785173159999,4544576.61960,1699,34.286,2228837.24000,0
1785173160000,64999.50,65014.20,64961.80,65004.30,283.087,1785173219999,18397942.13270,3774,61.697,4009681.81770,0
1785173220000,65004.20,65022.40,64986.70,64999.80,63.146,1785173279999,4104758.48870,1994,29.046,1888032.31080,0
1785173280000,64999.70,64999.80,64967.80,64967.80,53.586,1785173339999,3481975.55890,1332,13.342,867027.53720,0
1785173340000,64967.80,64983.00,64965.10,64975.40,78.895,1785173399999,5126126.17210,1272,41.896,2722047.69460,0
1785173400000,64975.40,64994.50,64972.30,64972.40,30.942,1785173459999,2010796.91800,1354,11.213,728667.55580,0
1785173460000,64972.40,65006.40,64972.30,64999.80,34.642,1785173519999,2251518.74050,1869,17.043,1107680.05940,0
1785173520000,64999.90,65035.00,64999.70,65034.90,30.598,1785173579999,1989499.31120,1239,17.883,1162767.32680,0
1785173580000,65035.00,65041.80,65021.60,65028.40,71.872,1785173639999,4673935.15660,2171,44.899,2919800.03470,0
1785173640000,65028.30,65050.00,65020.70,65049.70,40.268,1785173699999,2619151.78080,1606,30.427,1979077.50550,0
1785173700000,65049.80,65069.40,65030.20,65034.70,60.839,1785173759999,3957764.02760,2737,30.523,1985669.90980,0
1785173760000,65034.70,65050.00,65009.60,65033.40,124.339,1785173819999,8085361.45270,2419,17.824,1159105.92050,0
1785173820000,65033.40,65047.90,65011.30,65011.40,48.571,1785173879999,3158930.24840,1384,31.702,2061802.67880,0
1785173880000,65011.30,65030.80,65005.50,65030.70,51.586,1785173939999,3353758.78520,1353,31.666,2058735.47460,0
1785173940000,65030.70,65030.80,65005.50,65006.50,20.012,1785173999999,1301156.66560,1045,3.414,221950.97510,0
1785174000000,65006.60,65023.00,65000.00,65009.00,70.175,1785174059999,4562259.11660,2206,26.729,1737747.96130,0
1785174060000,65009.00,65034.00,65009.00,65032.80,18.244,1785174119999,1186338.96510,829,10.916,709811.88260,0
1785174120000,65032.80,65033.00,65010.20,65010.20,31.349,1785174179999,2038545.72160,1083,12.677,824316.98630,0
1785174180000,65010.20,65010.30,64978.90,64988.40,73.758,1785174239999,4793468.56840,1580,23.330,1516151.80560,0
1785174240000,64988.50,64994.90,64961.80,64972.70,66.232,1785174299999,4303598.94840,1565,40.694,2644325.10210,0
1785174300000,64972.70,64972.80,64938.00,64944.50,74.678,1785174359999,4850339.10480,1450,29.395,1908972.49760,0
1785174360000,64944.50,64988.00,64941.60,64951.00,43.287,1785174419999,2812015.86950,2167,16.053,1042795.12230,0
1785174420000,64951.00,64965.50,64942.00,64961.70,27.911,1785174479999,1812988.85570,959,8.705,565409.92680,0
1785174480000,64961.70,64961.70,64933.30,64933.30,76.278,1785174539999,4953559.01400,1088,20.730,1346212.01300,0
1785174540000,64933.30,64947.90,64928.50,64947.90,43.215,1785174599999,2806112.01520,788,30.741,1996101.61060,0
1785174600000,64947.80,64955.00,64933.30,64933.30,69.952,1785174659999,4543216.12320,1959,12.596,818036.41610,0
1785174660000,64933.40,64942.00,64933.30,64933.70,17.497,1785174719999,1136206.65420,806,4.142,268963.76820,0
1785174720000,64933.80,64947.70,64926.20,64947.70,77.173,1785174779999,5011145.66690,1272,33.024,2144366.49750,0
1785174780000,64947.80,64964.50,64928.20,64930.00,77.682,1785174839999,5044711.73820,1795,46.679,3031418.46970,0
1785174840000,64930.00,64955.00,64930.00,64955.00,39.675,1785174899999,2576823.39390,1331,31.045,2016312.23620,0
1785174900000,64955.00,64967.70,64950.80,64951.00,82.735,1785174959999,5374331.72860,1203,55.495,3604764.78000,0
1785174960000,64951.10,65000.80,64951.10,65000.80,46.044,1785175019999,2991980.25560,1235,34.234,2224718.25170,0
1785175020000,65000.80,65005.30,64992.40,64995.40,57.158,1785175079999,3715289.28670,1367,25.585,1663038.21430,0
1785175080000,64995.50,65004.90,64981.00,64981.00,24.496,1785175139999,1592196.70810,1150,11.296,734206.14390,0
1785175140000,64981.10,64995.00,64981.00,64994.30,16.035,1785175199999,1042103.54250,624,10.941,711053.90000,0
1785175200000,64994.20,65021.10,64994.20,65015.90,47.028,1785175259999,3057401.02200,1817,24.209,1573839.04220,0
1785175260000,65015.80,65034.90,65015.80,65015.90,46.181,1785175319999,3003045.23080,1485,21.921,1425470.67340,0
1785175320000,65015.90,65020.20,64995.20,64995.20,28.221,1785175379999,1834627.03030,1336,8.631,561075.48230,0
1785175380000,64995.20,65018.90,64986.40,65018.80,20.557,1785175439999,1336296.74250,1165,12.578,817665.33240,0
1785175440000,65018.90,65024.90,64985.70,64985.80,39.938,1785175499999,2596213.18500,1098,7.901,513633.76690,0
1785175500000,64985.70,64990.70,64972.90,64990.70,19.470,1785175559999,1265159.28940,947,11.500,747275.81600,0
1785175560000,64990.60,65005.50,64972.40,64972.40,43.774,1785175619999,2844610.64010,1730,18.558,1205964.61350,0
1785175620000,64972.40,64984.00,64972.00,64972.10,45.788,1785175679999,2975133.33800,1008,15.054,978143.91680,0
1785175680000,64972.00,64972.00,64948.80,64953.50,42.434,1785175739999,2756688.82740,1251,12.971,842656.91740,0
1785175740000,64953.60,64972.60,64952.60,64952.70,29.642,1785175799999,1925673.48080,903,11.519,748314.21110,0
1785175800000,64952.70,64958.80,64939.40,64939.40,39.424,1785175859999,2560511.99740,1044,9.093,590621.63020,0
1785175860000,64939.50,64955.20,64939.50,64947.00,42.091,1785175919999,2733848.70670,929,15.426,1001886.47750,0
1785175920000,64947.00,64953.60,64947.00,64953.50,21.107,1785175979999,1370920.51870,508,13.227,859105.27190,0
1785175980000,64953.50,64956.00,64938.50,64938.60,32.486,1785176039999,2110027.24590,789,13.661,887310.58110,0
1785176040000,64938.60,64949.30,64933.70,64933.70,25.798,1785176099999,1675389.51720,981,8.240,535121.03080,0
1785176100000,64933.70,64933.80,64834.80,64844.40,208.920,1785176159999,13552638.94980,4436,47.987,3112102.57130,0
1785176160000,64844.40,64855.80,64812.00,64855.70,132.504,1785176219999,8590431.44830,2864,46.434,3010295.48880,0
1785176220000,64855.70,64871.80,64843.70,64866.20,43.562,1785176279999,2825231.74360,1630,16.036,1040040.53570,0
1785176280000,64866.10,64866.20,64850.00,64865.50,47.537,1785176339999,3083108.34760,1163,29.944,1942065.87340,0
1785176340000,64865.40,64883.10,64831.10,64831.10,72.800,1785176399999,4722081.79810,1866,51.564,3344807.43580,0
1785176400000,64831.00,64847.30,64814.80,64831.70,87.083,1785176459999,5645548.48250,2132,35.904,2327597.73220,0
1785176460000,64831.70,64842.90,64828.70,64842.90,25.271,1785176519999,1638410.38300,853,17.769,1152039.58680,0
1785176520000,64842.80,64848.20,64833.40,64833.50,32.718,1785176579999,2121462.65170,746,15.039,975105.24540,0
1785176580000,64833.50,64852.90,64833.40,64841.00,51.315,1785176639999,3327317.85570,1617,32.073,2079664.25740,0
1785176640000,64840.90,64872.90,64840.90,64861.20,27.557,1785176699999,1787218.93950,1046,20.710,1343084.28050,0
1785176700000,64861.30,64882.00,64861.20,64877.50,23.387,1785176759999,1517267.58800,912,15.950,1034768.08960,0
1785176760000,64877.60,64885.70,64869.00,64876.30,19.738,1785176819999,1280603.37630,868,6.288,407954.57340,0
1785176820000,64876.30,64890.00,64876.20,64890.00,18.169,1785176879999,1178936.20730,538,15.383,998159.89750,0
1785176880000,64889.90,64890.00,64865.00,64884.50,47.399,1785176939999,3075315.78180,1278,14.993,972746.07360,0
1785176940000,64884.50,64895.40,64884.50,64895.40,21.899,1785176999999,1421057.71630,515,20.240,1313406.29680,0
1785177000000,64895.40,64913.00,64883.50,64887.10,109.926,1785177059999,7134082.40600,1799,65.408,4244834.40600,0
1785177060000,64887.00,64889.80,64883.40,64883.40,33.113,1785177119999,2148626.41810,1110,14.736,956185.57820,0
1785177120000,64883.40,64883.40,64854.90,64858.20,75.381,1785177179999,4890006.49260,1537,14.306,927986.55250,0
1785177180000,64858.10,64858.20,64818.20,64820.20,66.789,1785177239999,4329884.56800,1521,25.591,1658953.36000,0
1785177240000,64820.20,64820.20,64783.60,64788.80,125.367,1785177299999,8123765.63710,2578,44.834,2904880.05390,0
1785177300000,64788.70,64804.50,64783.60,64804.40,75.074,1785177359999,4864291.37330,1212,50.935,3300293.42060,0
1785177360000,64804.40,64815.90,64801.10,64815.80,39.822,1785177419999,2580719.42790,1008,21.281,1379150.15060,0
1785177420000,64815.70,64815.80,64794.30,64794.40,33.290,1785177479999,2157365.05590,1011,10.721,694766.14520,0
1785177480000,64794.30,64797.30,64778.60,64782.50,61.911,1785177539999,4011170.58280,1415,31.395,2034042.97640,0
1785177540000,64782.50,64782.60,64765.40,64765.40,40.965,1785177599999,2653417.37150,1106,7.185,465387.09520,0
1785177600000,64765.50,64765.50,64727.30,64735.70,207.771,1785177659999,13452656.37880,3010,47.665,3085867.97800,0
1785177660000,64735.70,64849.90,64735.70,64834.10,363.116,1785177719999,23525378.31710,7356,246.052,15940175.61350,0
1785177720000,64834.10,64848.90,64816.00,64816.00,41.758,1785177779999,2707475.69850,1327,19.353,1254843.48510,0
1785177780000,64816.10,64838.40,64809.20,64838.30,28.384,1785177839999,1839701.19420,1001,16.783,1087818.02880,0
1785177840000,64838.40,64848.00,64810.40,64815.40,55.981,1785177899999,3629183.62660,1150,31.414,2036289.80610,0
1785177900000,64815.30,64826.30,64800.10,64811.20,28.302,1785177959999,1834343.43570,1543,11.763,762412.05380,0
1785177960000,64811.20,64811.20,64770.10,64780.60,44.529,1785178019999,2885257.71190,1505,11.068,717122.26620,0
1785178020000,64780.60,64780.60,64739.70,64755.50,106.326,1785178079999,6885048.22710,1844,42.643,2761325.77280,0
1785178080000,64755.50,64799.40,64755.50,64786.00,224.047,1785178139999,14513851.77870,2561,208.634,13515495.14110,0
1785178140000,64786.00,64795.40,64746.20,64752.00,76.102,1785178199999,4928773.58330,1431,9.966,645409.03660,0
1785178200000,64751.90,64751.90,64737.70,64741.20,38.023,1785178259999,2461710.46370,1115,9.096,588895.93080,0
1785178260000,64741.10,64751.40,64741.10,64746.20,37.965,1785178319999,2458185.19240,773,11.029,714084.39090,0
1785178320000,64746.20,64824.30,64746.10,64824.30,46.459,1785178379999,3010577.29010,1837,41.889,2714400.08280,0
1785178380000,64824.20,64824.30,64802.60,64807.40,25.400,1785178439999,1646374.28670,1106,9.127,591571.63680,0
1785178440000,64807.50,64821.40,64807.40,64821.30,37.677,1785178499999,2441985.97200,685,32.715,2120379.64770,0
1785178500000,64821.30,64854.80,64821.30,64854.80,91.838,1785178559999,5955317.49090,1551,69.093,4480388.62760,0
1785178560000,64854.80,64854.80,64832.20,64839.90,28.230,1785178619999,1830471.44640,794,10.419,675576.39150,0
1785178620000,64840.00,64846.40,64823.10,64833.30,26.402,1785178679999,1711666.23600,1125,17.114,1109493.66650,0
1785178680000,64833.20,64847.00,64825.60,64842.80,43.557,1785178739999,2823970.47350,1202,25.876,1677621.26870,0
1785178740000,64842.70,64855.50,64842.70,64854.70,45.417,1785178799999,2945244.43190,986,36.226,2349184.91030,0
1785178800000,64854.70,64871.20,64852.20,64853.60,46.840,1785178859999,3038105.51610,1483,25.137,1630405.87770,0
1785178860000,64853.50,64853.50,64811.30,64829.20,32.771,1785178919999,2124460.35370,1266,6.019,390145.45810,0
1785178920000,64829.10,64829.20,64808.20,64808.20,31.785,1785178979999,2060281.82660,1089,7.070,458310.38250,0
1785178980000,64808.20,64814.70,64807.90,64808.00,21.309,1785179039999,1381042.12600,498,10.123,656067.48410,0
1785179040000,64808.00,64812.60,64800.10,64811.80,78.269,1785179099999,5072474.79640,1176,13.992,906763.62970,0
1785179100000,64811.70,64816.70,64782.00,64787.50,36.608,1785179159999,2372097.80250,1436,5.212,337735.46040,0
1785179160000,64787.50,64863.50,64782.50,64863.50,110.027,1785179219999,7132802.51110,1931,102.893,6670242.13540,0
1785179220000,64863.50,64940.70,64863.50,64913.10,128.322,1785179279999,8330134.45620,3566,86.539,5617638.41510,0
1785179280000,64913.20,64925.60,64896.60,64896.70,68.109,1785179339999,4421024.57800,1514,25.426,1650535.97540,0
1785179340000,64896.70,64916.70,64896.60,64910.00,36.545,1785179399999,2371990.98710,1177,28.542,1852553.16010,0
1785179400000,64910.00,64984.80,64909.90,64977.50,96.199,1785179459999,6248857.29720,3182,68.138,4425880.59780,0
1785179460000,64977.50,64977.50,64959.80,64970.00,51.554,1785179519999,3349333.52300,1285,16.170,1050543.67290,0
1785179520000,64970.00,65000.00,64969.90,64985.20,85.285,1785179579999,5542793.25420,1810,49.911,3243710.88070,0
1785179580000,64985.20,64986.90,64944.50,64944.60,143.470,1785179639999,9321783.33590,1974,21.932,1425104.64270,0
1785179640000,64944.50,64953.20,64940.50,64950.00,39.893,1785179699999,2590960.81840,976,13.350,867025.66540,0
1785179700000,64949.90,64961.70,64946.00,64950.30,64.079,1785179759999,4162207.45160,1351,26.188,1701032.82770,0
1785179760000,64950.30,64966.50,64924.70,64949.00,82.417,1785179819999,5352642.17460,2117,12.794,830981.86560,0
1785179820000,64949.10,64955.50,64944.30,64946.80,11.709,1785179879999,760509.61410,527,4.134,268497.61940,0
1785179880000,64946.90,64949.70,64920.10,64948.90,79.641,1785179939999,5171214.50540,1939,18.367,1192673.88700,0
1785179940000,64948.90,64953.80,64932.20,64953.70,45.119,1785179999999,2930170.38580,1218,32.987,2142322.67680,0
1785180000000,64953.80,64998.30,64953.70,64994.80,31.387,1785180059999,2039595.68750,1175,25.853,1679943.76580,0
1785180060000,64994.90,65007.20,64950.40,64950.40,55.577,1785180119999,3611743.75620,1976,39.014,2535350.39740,0
1785180120000,64950.30,64950.30,64912.20,64931.30,52.328,1785180179999,3397505.73400,1827,22.677,1472349.50950,0
1785180180000,64931.40,64953.50,64931.30,64939.10,27.641,1785180239999,1795105.75590,1155,19.863,1289965.05000,0
1785180240000,64939.10,64943.30,64929.40,64938.50,19.827,1785180299999,1287441.73580,813,10.526,683492.92060,0
1785180300000,64938.50,64942.30,64913.10,64917.00,21.554,1785180359999,1399558.21950,960,11.816,767267.96240,0
1785180360000,64916.90,64916.90,64906.30,64910.80,25.660,1785180419999,1665607.56570,677,6.085,394997.24990,0
1785180420000,64910.90,64927.00,64901.40,64927.00,15.351,1785180479999,996492.32850,861,13.550,879588.88140,0
1785180480000,64926.90,64929.80,64926.90,64927.50,4.868,1785180539999,316070.82290,282,2.040,132453.41970,0
1785180540000,64927.50,64971.60,64927.50,64971.60,43.236,1785180599999,2808068.56760,1265,39.412,2559724.50970,0
1785180600000,64971.60,64972.00,64942.60,64967.30,22.371,1785180659999,1453236.66450,1379,11.154,724551.24480,0
1785180660000,64967.40,64995.50,64967.40,64994.50,26.459,1785180719999,1719309.42550,1117,17.401,1130698.44500,0
1785180720000,64994.50,65000.00,64966.00,64983.30,47.335,1785180779999,3075825.53150,1521,11.719,761617.91510,0
1785180780000,64983.40,65023.50,64965.00,65023.50,45.792,1785180839999,2976619.03440,1640,34.046,2213136.39830,0
1785180840000,65023.40,65034.30,65007.10,65007.80,58.763,1785180899999,3821004.51180,1888,46.145,3000575.29840,0
1785180900000,65007.80,65050.00,64992.80,65042.10,96.491,1785180959999,6274397.24390,2756,79.779,5187747.24870,0
1785180960000,65042.10,65056.80,65005.50,65005.60,43.624,1785181019999,2837193.01770,1663,25.183,1637844.15990,0
1785181020000,65005.60,65005.70,64990.80,65001.10,36.598,1785181079999,2378905.74370,1018,16.303,1059688.72860,0
1785181080000,65001.20,65005.70,64974.80,64979.10,23.344,1785181139999,1517124.52260,1279,9.037,587260.76390,0
1785181140000,64979.10,64984.70,64960.70,64981.40,16.204,1785181199999,1052845.89740,1125,7.075,459687.99650,0
1785181200000,64981.50,65005.30,64981.40,64995.60,17.985,1785181259999,1168886.63220,1042,12.410,806553.76060,0
1785181260000,64995.60,64995.60,64976.50,64976.60,20.232,1785181319999,1314720.36980,622,3.965,257692.90650,0
1785181320000,64976.60,64976.60,64951.60,64951.60,20.963,1785181379999,1361933.33370,1310,15.751,1023317.34060,0
1785181380000,64951.60,64951.60,64945.30,64945.30,16.637,1785181439999,1080542.60820,532,7.427,482364.62170,0
1785181440000,64945.30,64965.00,64945.30,64953.20,12.863,1785181499999,835521.63140,964,8.431,547638.53460,0
1785181500000,64953.10,64953.10,64927.40,64941.60,42.283,1785181559999,2745664.61020,1528,14.466,939312.68970,0
1785181560000,64941.50,64952.90,64928.50,64933.30,15.691,1785181619999,1019000.92210,928,6.954,451597.06350,0
1785181620000,64933.20,64948.90,64933.20,64948.90,37.239,1785181679999,2418124.88520,613,34.267,2225132.62510,0
1785181680000,64948.80,64948.90,64917.50,64934.30,45.899,1785181739999,2980297.01730,1351,18.084,1174133.90280,0
1785181740000,64934.30,64945.40,64926.20,64934.50,8.085,1785181799999,525014.53110,795,3.690,239611.67800,0
1785181800000,64934.50,64948.60,64889.30,64914.90,91.833,1785181859999,5961751.77200,2875,37.417,2429411.53440,0
1785181860000,64914.90,64914.90,64890.80,64903.20,16.618,1785181919999,1078513.43840,1147,4.940,320613.43030,0
1785181920000,64903.20,64920.80,64903.10,64920.80,23.818,1785181979999,1546044.43610,809,19.607,1272706.88070,0
1785181980000,64920.70,64931.20,64920.70,64931.20,20.927,1785182039999,1358724.27030,576,6.606,428908.87930,0
1785182040000,64931.20,64942.30,64927.70,64933.80,23.996,1785182099999,1558176.59530,799,8.986,583489.54000,0
1785182100000,64933.70,64950.50,64924.10,64942.60,20.981,1785182159999,1362478.59140,1102,13.067,848576.03050,0
1785182160000,64942.70,64947.20,64942.60,64943.20,14.481,1785182219999,940496.45700,331,13.198,857169.89400,0
1785182220000,64943.20,64943.20,64930.00,64934.00,13.561,1785182279999,880593.29750,489,4.641,301381.46170,0
1785182280000,64934.00,64946.80,64930.00,64942.70,56.966,1785182339999,3699371.92200,1000,41.266,2679770.23740,0
1785182340000,64942.70,64963.00,64932.90,64959.20,117.209,1785182399999,7612470.53830,2313,86.966,5648308.61240,0
1785182400000,64959.20,65028.50,64955.20,65024.40,212.767,1785182459999,13827524.49450,3719,157.678,10246735.48060,0
1785182460000,65024.40,65028.60,64997.80,65014.10,123.403,1785182519999,8023231.80230,2431,63.208,4109653.85230,0
1785182520000,65014.10,65030.80,65014.10,65019.20,30.187,1785182579999,1962871.43630,869,21.516,1399050.75330,0
1785182580000,65019.20,65019.20,65001.50,65001.50,20.553,1785182639999,1336176.61430,653,3.739,243075.20480,0
1785182640000,65001.50,65001.60,64978.00,64983.40,29.668,1785182699999,1927938.81020,915,12.429,807633.85890,0
1785182700000,64983.40,64983.40,64962.50,64962.50,13.029,1785182759999,846542.65730,676,2.152,139827.62580,0
1785182760000,64962.60,64970.20,64946.80,64950.40,34.618,1785182819999,2248913.83530,1012,14.148,919028.02460,0
1785182820000,64950.50,64956.00,64928.00,64928.00,42.474,1785182879999,2758550.82000,1453,6.505,422467.35670,0
1785182880000,64928.00,64928.10,64923.40,64924.10,34.980,1785182939999,2271133.78030,571,8.219,533609.74250,0
1785182940000,64924.20,64927.40,64924.10,64924.70,24.586,1785182999999,1596236.66290,473,15.303,993541.87790,0
1785183000000,64924.70,64931.90,64913.30,64924.00,15.745,1785183059999,1022203.33950,915,8.139,528398.53890,0
1785183060000,64924.00,64934.70,64923.90,64926.90,20.919,1785183119999,1358231.00060,691,11.237,729578.24100,0
1785183120000,64926.90,64937.40,64922.30,64922.30,15.986,1785183179999,1037994.04740,741,4.122,267643.66460,0
1785183180000,64922.40,64922.40,64913.00,64914.20,25.974,1785183239999,1686071.62850,469,18.314,1188831.33920,0
1785183240000,64914.20,64931.00,64914.10,64931.00,47.486,1785183299999,3082683.25140,621,42.569,2763454.15800,0
1785183300000,64931.00,64931.00,64907.60,64907.70,27.534,1785183359999,1787289.93050,781,1.554,100867.93640,0
1785183360000,64907.60,64907.70,64894.60,64901.70,27.988,1785183419999,1816519.39870,588,4.167,270443.15230,0
1785183420000,64901.80,64924.20,64901.70,64911.30,34.382,1785183479999,2231751.10100,851,13.872,900454.07560,0
1785183480000,64911.30,64911.40,64873.60,64885.30,61.951,1785183539999,4020126.38140,1593,8.359,542399.25960,0
1785183540000,64885.30,64893.40,64885.30,64893.30,18.590,1785183599999,1206274.18740,402,4.802,311601.56080,0
1785183600000,64893.30,64910.60,64893.30,64909.30,22.618,1785183659999,1467995.44150,551,18.916,1227711.07400,0
1785183660000,64909.30,64909.30,64894.20,64894.30,11.918,1785183719999,773543.73910,420,3.544,230036.28700,0
1785183720000,64894.30,64909.00,64894.30,64904.80,5.856,1785183779999,380077.03220,446,2.174,141093.16880,0
1785183780000,64904.80,64928.20,64904.70,64928.20,33.476,1785183839999,2173203.13140,770,30.231,1962531.41830,0
1785183840000,64928.10,64943.50,64928.10,64943.50,30.986,1785183899999,2011974.37290,637,26.673,1731929.04690,0
1785183900000,64943.50,64967.60,64943.50,64961.00,34.528,1785183959999,2243020.08470,1011,12.482,810803.60200,0
1785183960000,64961.10,64961.10,64955.40,64955.40,7.515,1785184019999,488156.13020,323,3.582,232674.14130,0
1785184020000,64955.40,64955.50,64955.40,64955.40,3.473,1785184079999,225590.37320,154,2.690,174730.29500,0
1785184080000,64955.40,64970.00,64953.00,64970.00,23.340,1785184139999,1516146.78740,623,17.079,1109447.52840,0
1785184140000,64969.90,64992.90,64969.90,64992.80,36.781,1785184199999,2390287.05820,795,20.096,1305943.79020,0
1785184200000,64992.80,64998.50,64957.60,64962.00,32.061,1785184259999,2083059.83020,1244,19.418,1261514.85100,0
1785184260000,64962.20,64976.00,64962.20,64975.90,7.350,1785184319999,477555.16560,388,6.746,438310.55330,0
1785184320000,64975.90,64976.00,64973.90,64973.90,5.695,1785184379999,370028.15180,254,0.483,31382.46800,0
1785184380000,64973.90,64986.70,64973.90,64986.70,11.650,1785184439999,757015.91800,392,8.182,531644.13560,0
1785184440000,64986.70,64986.70,64968.20,64974.80,19.165,1785184499999,1245199.41050,662,10.820,702963.12820,0
1785184500000,64974.80,64993.00,64974.70,64993.00,11.319,1785184559999,735608.11060,525,9.938,645854.41370,0
1785184560000,64993.00,65000.00,64992.70,64992.70,26.802,1785184619999,1742034.71390,585,14.034,912169.11690,0
1785184620000,64992.80,65003.40,64974.20,64974.30,26.767,1785184679999,1739708.00670,807,17.621,1145286.74120,0
1785184680000,64974.20,64974.30,64939.00,64939.10,10.775,1785184739999,699899.34470,685,1.965,127630.58340,0
1785184740000,64939.00,64939.10,64939.00,64939.10,5.332,1785184799999,346254.82980,168,0.818,53120.18380,0
1785184800000,64939.00,64939.10,64921.40,64921.50,10.663,1785184859999,692365.87030,492,0.391,25387.84130,0
1785184860000,64921.40,64938.90,64921.40,64931.70,16.494,1785184919999,1070967.56830,807,12.369,803113.99420,0
1785184920000,64931.60,64931.70,64931.60,64931.70,7.370,1785184979999,478546.07430,169,1.823,118370.48910,0
1785184980000,64931.70,64931.70,64931.60,64931.70,3.664,1785185039999,237909.66010,112,2.777,180315.33090,0
1785185040000,64931.60,64931.70,64921.60,64921.60,10.768,1785185099999,699108.06670,359,0.456,29604.47520,0
1785185100000,64921.70,64921.70,64903.40,64917.60,64.567,1785185159999,4191127.70130,1170,28.679,1861558.57930,0
1785185160000,64917.60,64917.60,64900.70,64900.70,35.612,1785185219999,2311594.48310,774,5.598,363348.92720,0
1785185220000,64900.70,64920.00,64900.70,64905.30,32.375,1785185279999,2101323.02890,1089,10.104,655813.11030,0
1785185280000,64905.30,64905.30,64888.80,64888.80,9.396,1785185339999,609757.78320,661,1.894,122913.83080,0
1785185340000,64888.90,64910.80,64877.10,64902.10,90.721,1785185399999,5886763.29690,1860,69.255,4493846.16690,0
1785185400000,64902.00,64902.00,64889.70,64896.10,5.839,1785185459999,378913.08210,538,1.616,104864.99700,0
1785185460000,64896.20,64905.20,64893.10,64901.70,10.429,1785185519999,676844.04990,640,6.765,439044.89890,0
1785185520000,64901.70,64910.20,64901.70,64910.10,3.741,1785185579999,242801.04050,251,2.397,155571.19010,0
1785185580000,64910.10,64915.30,64904.20,64909.00,9.454,1785185639999,613656.13500,522,5.021,325902.02950,0
1785185640000,64909.00,64913.40,64899.90,64913.40,48.500,1785185699999,3147911.81830,763,33.333,2163504.76440,0
1785185700000,64913.30,64927.30,64913.30,64927.20,6.274,1785185759999,407302.89120,506,5.227,339331.78550,0
1785185760000,64927.30,64942.40,64927.30,64942.30,10.933,1785185819999,709903.12990,486,9.832,638412.54280,0
1785185820000,64942.30,64942.40,64938.30,64938.30,3.294,1785185879999,213909.67220,216,1.343,87212.55320,0
1785185880000,64938.30,64938.80,64927.90,64936.00,56.946,1785185939999,3697842.28460,770,11.832,768298.10630,0
1785185940000,64935.90,64940.40,64932.70,64940.40,4.092,1785185999999,265723.79750,268,2.992,194293.16010,0
1785186000000,64940.30,64940.40,64922.30,64924.80,21.588,1785186059999,1401706.99910,608,3.434,222951.22140,0
1785186060000,64924.80,64924.80,64915.00,64915.10,11.831,1785186119999,768083.39730,376,2.421,157182.10990,0
1785186120000,64915.00,64921.90,64885.40,64921.80,70.383,1785186179999,4567917.74140,1752,42.740,2773827.90370,0
1785186180000,64921.90,64931.50,64911.10,64911.20,18.370,1785186239999,1192596.88380,721,4.236,275034.50970,0
1785186240000,64911.10,64911.20,64882.90,64882.90,17.572,1785186299999,1140203.96350,585,3.094,200761.03210,0
1785186300000,64883.00,64883.00,64878.60,64878.70,4.408,1785186359999,285989.43960,213,0.993,64424.68240,0
1785186360000,64878.70,64886.30,64878.60,64886.30,22.085,1785186419999,1432912.58020,419,16.307,1058021.60940,0
1785186420000,64886.30,64910.30,64886.20,64910.20,12.194,1785186479999,791368.22450,582,11.713,760148.92240,0
1785186480000,64910.30,64910.30,64900.80,64900.90,5.599,1785186539999,363410.68350,298,1.231,79900.68440,0
1785186540000,64900.80,64909.90,64900.80,64902.20,28.061,1785186599999,1821310.17260,474,3.298,214050.21100,0
1785186600000,64902.20,64911.10,64897.40,64911.10,17.632,1785186659999,1144310.72820,438,14.321,929426.10040,0
1785186660000,64911.10,64915.50,64903.60,64903.70,13.384,1785186719999,868769.90180,509,4.306,279502.59180,0
1785186720000,64903.70,64903.70,64881.60,64881.60,26.983,1785186779999,1751054.89310,548,0.688,44646.52020,0
1785186780000,64881.70,64886.10,64868.10,64871.70,20.796,1785186839999,1349127.01610,757,7.107,461072.96020,0
1785186840000,64871.70,64880.10,64871.70,64880.00,7.545,1785186899999,489469.44680,372,5.175,335720.99280,0
1785186900000,64880.10,64880.10,64874.80,64874.90,4.198,1785186959999,272361.84010,222,1.810,117432.88220,0
1785186960000,64874.90,64875.20,64867.10,64867.10,23.144,1785187019999,1501433.48910,466,8.465,549162.14240,0
1785187020000,64867.10,64867.20,64825.30,64828.30,121.351,1785187079999,7868287.61590,1677,5.537,358963.23040,0
1785187080000,64828.30,64847.80,64828.30,64847.80,10.403,1785187139999,674499.01180,470,9.143,592807.27150,0
1785187140000,64847.80,64849.80,64847.70,64849.80,7.455,1785187199999,483449.75480,208,4.239,274893.97560,0
1785187200000,64849.80,64856.20,64849.70,64853.30,11.154,1785187259999,723384.09650,356,4.399,285284.05180,0
1785187260000,64853.30,64853.30,64841.80,64841.80,18.226,1785187319999,1181929.92310,309,1.239,80343.92550,0
1785187320000,64841.90,64849.90,64841.80,64849.90,16.002,1785187379999,1037621.15080,350,12.688,822733.23390,0
1785187380000,64849.90,64854.60,64849.90,64854.50,12.463,1785187439999,808236.21640,215,9.405,609922.73860,0
1785187440000,64854.60,64854.60,64847.20,64847.30,25.781,1785187499999,1671928.04670,383,3.491,226382.28200,0
1785187500000,64847.20,64847.20,64828.50,64837.10,27.701,1785187559999,1796064.56380,658,8.910,577676.37370,0
1785187560000,64837.20,64838.50,64833.20,64838.40,28.578,1785187619999,1852865.55990,502,19.425,1259420.38040,0
1785187620000,64838.40,64838.50,64830.30,64830.30,12.855,1785187679999,833418.67510,255,0.432,28007.45160,0
1785187680000,64830.40,64830.50,64820.70,64820.70,18.849,1785187739999,1221931.67380,382,4.101,265865.75140,0
1785187740000,64820.70,64820.80,64790.20,64800.60,104.953,1785187799999,6800933.32520,1900,32.055,2077000.55160,0
1785187800000,64800.60,64830.30,64800.60,64830.20,26.705,1785187859999,1730864.60300,855,18.992,1230940.41930,0
1785187860000,64830.20,64830.30,64817.30,64817.30,27.293,1785187919999,1769295.56230,464,3.265,211670.52900,0
1785187920000,64817.30,64835.10,64817.30,64835.10,22.095,1785187979999,1432331.53190,544,17.787,1153087.76930,0
1785187980000,64835.00,64854.80,64835.00,64854.80,20.988,1785188039999,1360943.96610,617,19.999,1296808.32830,0
1785188040000,64854.80,64860.60,64844.10,64844.10,27.486,1785188099999,1782564.49690,660,8.805,571051.63690,0
1785188100000,64844.10,64844.10,64815.30,64819.70,54.843,1785188159999,3555269.35410,1044,19.390,1256872.53570,0
1785188160000,64819.80,64819.80,64819.70,64819.80,8.122,1785188219999,526466.09320,486,4.898,317487.38040,0
1785188220000,64819.70,64829.90,64819.70,64829.90,15.514,1785188279999,1005653.04980,576,11.436,741310.85950,0
1785188280000,64829.90,64833.80,64827.00,64827.00,13.257,1785188339999,859473.33930,536,3.313,214790.02610,0
1785188340000,64827.00,64827.00,64788.00,64788.10,63.776,1785188399999,4132664.02470,1011,3.188,206602.71620,0
1785188400000,64788.00,64797.70,64788.00,64797.60,24.842,1785188459999,1609550.07930,544,15.657,1014418.84390,0
1785188460000,64797.70,64797.70,64774.00,64774.00,40.676,1785188519999,2635186.16000,1090,10.024,649377.46710,0
1785188520000,64774.00,64780.80,64774.00,64780.70,9.966,1785188579999,645574.45520,311,6.507,421507.56950,0
1785188580000,64780.80,64790.30,64762.10,64784.60,67.796,1785188639999,4391736.01640,1237,14.724,953788.69940,0
1785188640000,64784.60,64805.50,64768.40,64798.70,43.788,1785188699999,2837018.21740,1802,30.659,1986382.21500,0
1785188700000,64798.70,64798.80,64779.90,64779.90,6.393,1785188759999,414193.72900,428,1.478,95755.30590,0
1785188760000,64779.90,64791.20,64765.00,64777.60,60.386,1785188819999,3911645.91720,2117,30.296,1962355.63810,0
1785188820000,64777.70,64803.90,64777.70,64782.30,16.957,1785188879999,1098643.23300,989,10.599,686683.21530,0
1785188880000,64782.30,64805.70,64782.30,64784.60,20.965,1785188939999,1358323.04250,976,11.434,740776.79120,0
1785188940000,64784.60,64804.40,64782.30,64804.30,18.832,1785188999999,1220101.76790,498,12.836,831607.68840,0
1785189000000,64804.40,64804.40,64782.30,64792.80,17.685,1785189059999,1145859.01620,658,6.955,450574.77350,0
1785189060000,64792.80,64825.00,64792.80,64825.00,20.905,1785189119999,1354950.73020,861,15.321,993014.86530,0
1785189120000,64824.90,64826.20,64824.30,64824.80,20.422,1785189179999,1323868.05280,334,6.117,396532.22940,0
1785189180000,64824.90,64824.90,64792.00,64810.00,39.402,1785189239999,2553409.48040,1300,23.141,1499458.97110,0
1785189240000,64810.00,64843.90,64810.00,64818.50,69.996,1785189299999,4537479.33020,1786,20.532,1330948.86480,0
1785189300000,64818.50,64824.10,64802.20,64824.00,16.789,1785189359999,1088158.14980,852,8.223,532921.14400,0
1785189360000,64824.10,64824.10,64811.10,64816.70,13.302,1785189419999,862210.57680,401,3.243,210193.83970,0
1785189420000,64816.60,64816.70,64812.00,64812.10,9.076,1785189479999,588271.65450,134,3.805,246626.50390,0
1785189480000,64812.00,64812.10,64800.00,64800.10,7.776,1785189539999,503949.16320,269,1.178,76344.93860,0
1785189540000,64800.00,64811.50,64776.50,64790.20,66.928,1785189599999,4336383.78210,1451,27.765,1798884.58610,0
1785189600000,64790.30,64790.30,64742.00,64746.80,133.190,1785189659999,8624796.84150,2188,41.886,2712151.50640,0
1785189660000,64746.80,64746.90,64641.00,64659.10,438.070,1785189719999,28335459.46390,7699,103.047,6664496.81400,0
1785189720000,64659.10,64684.90,64638.30,64641.40,177.277,1785189779999,11463194.00480,2908,67.800,4383958.31470,0
1785189780000,64641.40,64689.80,64641.40,64673.90,102.848,1785189839999,6651504.81730,2370,49.128,3176954.78570,0
1785189840000,64673.80,64687.60,64659.90,64687.50,57.206,1785189899999,3699603.17160,2165,34.225,2213255.44010,0
1785189900000,64687.50,64695.00,64663.00,64677.20,78.706,1785189959999,5090790.93290,3457,33.981,2197661.23930,0
1785189960000,64677.10,64700.00,64660.00,64696.50,40.652,1785190019999,2629505.74540,1431,19.886,1286323.29540,0
1785190020000,64696.50,64706.50,64683.90,64689.40,37.559,1785190079999,2429933.65190,1368,16.536,1069741.70170,0
1785190080000,64689.40,64708.80,64677.70,64677.70,59.124,1785190139999,3824877.82570,1651,7.558,488969.00200,0
1785190140000,64677.70,64711.70,64677.70,64709.60,32.145,1785190199999,2079797.83660,1332,17.507,1132623.31860,0
1785190200000,64709.50,64709.50,64696.00,64700.40,31.259,1785190259999,2022483.05960,1066,15.298,989750.28460,0
1785190260000,64700.50,64700.50,64686.40,64686.40,15.342,1785190319999,992511.72100,533,8.346,539928.46260,0
1785190320000,64686.50,64699.30,64666.00,64691.30,49.973,1785190379999,3232211.81360,1517,27.101,1752778.80350,0
1785190380000,64691.30,64699.70,64681.50,64696.00,17.683,1785190439999,1143898.38040,685,13.517,874389.38050,0
1785190440000,64695.90,64700.30,64675.10,64700.30,19.132,1785190499999,1237526.34630,924,6.927,448078.84850,0
1785190500000,64700.20,64715.70,64687.30,64700.00,48.544,1785190559999,3140929.72610,1177,36.543,2364396.90190,0
1785190560000,64700.10,64712.60,64690.10,64712.60,12.396,1785190619999,801992.38040,744,6.185,400151.94580,0
1785190620000,64712.70,64727.20,64707.50,64720.00,26.878,1785190679999,1739579.68800,1185,12.183,788465.49460,0
1785190680000,64720.00,64726.40,64711.00,64726.40,19.071,1785190739999,1234247.79010,632,4.420,286052.31900,0
1785190740000,64726.30,64726.40,64708.50,64712.00,25.798,1785190799999,1669670.29620,602,7.973,516022.78830,0
1785190800000,64712.00,64722.60,64696.10,64696.10,27.691,1785190859999,1791889.98680,867,12.001,776563.74510,0
1785190860000,64696.20,64696.20,64675.10,64682.00,60.937,1785190919999,3941573.44130,908,14.407,931815.64120,0
1785190920000,64682.00,64697.80,64681.90,64692.20,37.501,1785190979999,2426074.86420,747,14.471,936121.46440,0
1785190980000,64692.20,64692.20,64664.00,64664.10,65.872,1785191039999,4260373.91590,1431,9.025,583666.35340,0
1785191040000,64664.00,64664.10,64641.10,64642.10,45.084,1785191099999,2914547.94210,1151,10.521,680129.05890,0
1785191100000,64642.00,64649.50,64555.00,64563.30,200.680,1785191159999,12962891.31970,4114,49.528,3200052.89660,0
1785191160000,64563.30,64599.40,64534.10,64595.50,156.260,1785191219999,10088326.20110,4367,60.810,3926492.18780,0
1785191220000,64595.50,64595.50,64568.90,64575.90,59.139,1785191279999,3818864.04180,1137,34.537,2230091.95960,0
1785191280000,64575.80,64583.20,64571.00,64583.20,82.992,1785191339999,5359408.19030,910,69.553,4491560.37220,0
1785191340000,64583.10,64583.20,64570.40,64574.60,29.693,1785191399999,1917442.28070,672,11.259,727042.59310,0
1785191400000,64574.60,64574.60,64534.70,64547.90,98.709,1785191459999,6372197.37380,1776,33.861,2185503.15310,0
1785191460000,64547.80,64547.90,64530.00,64530.00,39.918,1785191519999,2576461.27410,828,17.140,1106315.70260,0
1785191520000,64530.00,64556.90,64530.00,64556.90,40.934,1785191579999,2642145.10190,800,32.035,2067674.89110,0
1785191580000,64556.90,64567.10,64556.90,64567.00,72.361,1785191639999,4672061.72120,810,59.103,3816041.48450,0
1785191640000,64567.10,64577.10,64490.00,64506.60,224.009,1785191699999,14450906.18560,4249,65.975,4256124.71440,0
1785191700000,64506.60,64520.00,64503.50,64504.90,106.180,1785191759999,6849755.57380,1282,35.330,2279150.17340,0
1785191760000,64505.00,64542.10,64504.90,64542.10,46.152,1785191819999,2978246.13510,1312,31.610,2039842.46220,0
1785191820000,64542.00,64542.00,64482.00,64499.20,85.117,1785191879999,5489770.62620,2133,47.919,3090534.19840,0
1785191880000,64499.30,64513.60,64481.80,64498.30,94.697,1785191939999,6107298.52730,1887,47.877,3087640.55440,0
1785191940000,64498.40,64507.00,64498.40,64502.80,32.752,1785191999999,2112657.88130,1161,17.543,1131579.96210,0
1785192000000,64502.80,64502.80,64063.80,64198.30,3308.258,1785192059999,212436451.57190,39651,803.620,51597617.70160,0
1785192060000,64198.30,64249.70,64175.40,64207.60,522.931,1785192119999,33579885.41820,8707,272.595,17504780.47420,0
1785192120000,64207.60,64215.40,64136.00,64146.80,506.328,1785192179999,32494573.98200,6991,159.827,10256703.70510,0
1785192180000,64146.80,64217.00,64134.30,64214.50,300.835,1785192239999,19304158.58670,4191,214.297,13751706.42410,0
1785192240000,64214.60,64214.60,64131.10,64183.50,280.890,1785192299999,18025061.37510,4257,90.690,5819589.46770,0
1785192300000,64183.50,64193.90,64112.00,64112.00,388.670,1785192359999,24933793.65800,5211,191.540,12287508.51410,0
1785192360000,64112.10,64115.60,64035.20,64107.40,696.093,1785192419999,44609066.36310,10229,316.479,20282075.98870,0
1785192420000,64107.40,64112.20,64060.10,64060.10,253.450,1785192479999,16242365.02240,3751,106.073,6797997.07010,0
1785192480000,64060.10,64115.60,64032.50,64109.10,235.666,1785192539999,15102594.88190,5350,136.846,8769824.49260,0
1785192540000,64109.10,64152.00,64086.80,64086.80,313.876,1785192599999,20129385.72180,4415,167.805,10761518.79760,0
1785192600000,64086.90,64096.80,63983.00,64033.90,1258.787,1785192659999,80568366.01190,12217,264.511,16931273.18850,0
1785192660000,64033.90,64041.70,63950.10,64025.60,423.820,1785192719999,27120069.30230,6548,158.209,10124059.58470,0
1785192720000,64025.70,64025.70,63960.00,63986.50,227.167,1785192779999,14534659.83290,3996,109.633,7014457.06870,0
1785192780000,63986.50,63989.60,63937.50,63957.80,247.359,1785192839999,15821865.53530,4303,86.303,5520292.51140,0
1785192840000,63957.80,63978.90,63948.00,63965.60,223.363,1785192899999,14287158.48440,3336,151.347,9680634.19110,0
1785192900000,63965.70,64016.60,63965.50,64016.60,319.797,1785192959999,20465489.03800,4601,242.582,15524411.56640,0
1785192960000,64016.60,64021.70,63974.30,64002.80,268.199,1785193019999,17165203.40740,3399,82.875,5303451.37000,0
1785193020000,64002.80,64002.80,63786.40,63794.80,2189.492,1785193079999,139800692.13580,20858,510.964,32633847.75660,0
1785193080000,63794.80,63855.90,63763.80,63855.90,791.299,1785193139999,50483872.20060,9914,335.851,21430174.53840,0
1785193140000,63855.80,63855.90,63755.30,63755.40,663.339,1785193199999,42321354.11550,8178,167.620,10693063.43600,0
1785193200000,63755.50,63797.50,63633.00,63727.20,1984.141,1785193259999,126374082.98200,27919,698.396,44484754.55860,0
1785193260000,63727.20,63741.80,63646.10,63657.00,590.763,1785193319999,37621166.64230,10550,183.948,11715111.53680,0
1785193320000,63657.10,63721.50,63614.10,63651.30,813.233,1785193379999,51775675.29110,8704,268.611,17106386.34320,0
1785193380000,63651.30,63697.60,63567.00,63641.60,673.970,1785193439999,42874887.49780,12478,193.129,12288670.61770,0
1785193440000,63641.70,63665.00,63567.00,63657.60,488.611,1785193499999,31075476.53030,9638,172.493,10971162.48010,0
1785193500000,63657.70,63762.70,63631.30,63741.80,397.086,1785193559999,25303491.89100,9663,247.869,15793952.24150,0
1785193560000,63741.90,63810.00,63741.90,63793.80,448.397,1785193619999,28605623.71550,6945,335.244,21386746.78180,0
1785193620000,63793.90,63811.80,63752.30,63752.30,387.052,1785193679999,24687980.62130,6470,224.900,14344712.46130,0
1785193680000,63752.40,63757.20,63632.90,63664.10,398.904,1785193739999,25403695.58700,10422,146.816,9348574.71460,0
1785193740000,63664.10,63669.40,63622.70,63624.30,172.833,1785193799999,11000530.02380,5072,99.663,6343686.73300,0
1785193800000,63624.40,63645.50,63599.00,63645.40,310.254,1785193859999,19739379.29620,7036,166.920,10619868.94310,0
1785193860000,63645.50,63713.50,63645.40,63700.00,313.738,1785193919999,19978974.60870,6641,231.775,14759368.16130,0
1785193920000,63700.00,63743.70,63700.00,63743.30,151.096,1785193979999,9628301.07780,3457,106.364,6777886.50060,0
1785193980000,63743.30,63819.50,63743.30,63779.90,337.192,1785194039999,21509516.31580,5920,259.706,16565760.68250,0
1785194040000,63779.90,63794.90,63752.30,63765.60,136.466,1785194099999,8703011.90660,3112,73.435,4683349.28050,0
1785194100000,63765.60,63773.80,63720.90,63746.70,163.190,1785194159999,10403354.68550,3571,70.661,4504498.53140,0
1785194160000,63746.70,63746.70,63688.20,63700.00,240.301,1785194219999,15308182.97540,3744,83.462,5316625.90920,0
1785194220000,63700.10,63769.60,63695.90,63754.30,107.213,1785194279999,6834044.00940,3408,57.162,3643496.34470,0
1785194280000,63754.30,63844.10,63754.20,63844.10,287.270,1785194339999,18331847.49050,5047,217.661,13889964.80970,0
1785194340000,63844.10,63875.50,63839.30,63873.10,256.297,1785194399999,16366974.14880,4005,180.452,11523440.22310,0
1785194400000,63873.10,63903.40,63868.10,63872.00,198.465,1785194459999,12678679.77220,4244,133.351,8518958.21270,0
1785194460000,63871.90,63886.20,63855.60,63876.10,229.736,1785194519999,14673497.39410,3767,155.682,9943683.39290,0
1785194520000,63876.00,63883.50,63860.00,63866.50,84.486,1785194579999,5396033.28140,2009,46.079,2942995.49590,0
1785194580000,63866.60,63875.40,63816.40,63832.70,155.156,1785194639999,9904748.47420,3850,38.098,2431981.28030,0
1785194640000,63832.80,63832.80,63811.40,63811.40,51.202,1785194699999,3267825.49920,1340,17.455,1114027.49780,0
1785194700000,63811.50,63893.50,63811.40,63891.60,246.405,1785194759999,15736947.35420,4729,196.226,12532014.96510,0
1785194760000,63891.60,63903.60,63869.00,63869.00,216.851,1785194819999,13853999.00690,3741,138.070,8820923.77260,0
1785194820000,63869.10,63869.10,63820.90,63821.00,133.543,1785194879999,8526296.64250,2916,49.828,3181381.29820,0
1785194880000,63821.00,63871.80,63821.00,63862.40,87.066,1785194939999,5559545.22390,2258,62.256,3975146.63150,0
1785194940000,63862.50,63862.50,63845.80,63846.00,56.213,1785194999999,3589262.95550,1496,24.925,1591442.07980,0
1785195000000,63845.90,63884.70,63842.50,63873.70,111.201,1785195059999,7101314.08840,2137,78.063,4984962.02050,0
1785195060000,63873.70,63890.00,63840.30,63840.30,96.449,1785195119999,6160344.85670,2422,53.396,3410524.07970,0
1785195120000,63840.40,63858.90,63830.00,63840.00,55.198,1785195179999,3524170.25360,1705,22.773,1453899.54010,0
1785195180000,63840.00,63840.00,63822.70,63822.70,38.991,1785195239999,2488797.37290,792,10.871,693906.39870,0
1785195240000,63822.80,63825.00,63794.00,63794.10,141.659,1785195299999,9039715.15930,1909,17.002,1085068.25000,0
1785195300000,63794.20,63811.40,63759.90,63760.00,247.219,1785195359999,15772192.93700,3844,106.968,6824407.47060,0
1785195360000,63760.00,63772.00,63728.30,63771.90,211.969,1785195419999,13512666.97360,4024,70.845,4516127.45990,0
1785195420000,63772.00,63772.00,63722.40,63732.20,74.176,1785195479999,4728172.98540,2376,20.580,1311654.64460,0
1785195480000,63732.30,63741.60,63722.50,63741.60,75.139,1785195539999,4788670.88710,1322,40.906,2607005.20340,0
1785195540000,63741.60,63741.60,63709.20,63729.80,75.310,1785195599999,4798982.59870,1750,24.828,1582100.68010,0
1785195600000,63729.80,63732.90,63715.00,63715.20,47.340,1785195659999,3016698.58440,1215,10.833,690309.94080,0
1785195660000,63715.20,63726.70,63655.60,63655.60,267.274,1785195719999,17022976.18870,5493,85.991,5477111.26610,0
1785195720000,63655.70,63655.70,63592.60,63628.60,373.545,1785195779999,23763018.81270,6301,106.289,6761369.47640,0
1785195780000,63628.70,63672.60,63628.60,63645.00,126.127,1785195839999,8028612.64640,2675,76.763,4886200.95580,0
1785195840000,63645.00,63655.00,63634.00,63655.00,88.073,1785195899999,5605439.24080,1643,27.913,1776557.30450,0
1785195900000,63655.00,63672.00,63625.70,63672.00,114.592,1785195959999,7294087.50100,3319,52.277,3327698.30910,0
1785195960000,63672.00,63683.30,63649.20,63649.30,67.695,1785196019999,4310330.02210,2169,39.369,2506849.02660,0
1785196020000,63649.30,63683.90,63645.00,63683.90,103.013,1785196079999,6558501.52770,2400,80.247,5108974.57090,0
1785196080000,63683.90,63723.40,63677.10,63677.10,164.494,1785196139999,10477369.73330,2976,132.233,8422331.47580,0
1785196140000,63677.10,63677.10,63633.00,63663.40,77.557,1785196199999,4936708.33340,2037,40.468,2575795.95080,0
1785196200000,63663.50,63700.00,63658.60,63667.60,110.794,1785196259999,7055522.17090,2319,75.775,4825690.63690,0
1785196260000,63667.70,63721.90,63667.60,63721.90,112.253,1785196319999,7150136.43850,2363,94.817,6039289.49000,0
1785196320000,63721.90,63737.10,63712.00,63731.20,100.047,1785196379999,6375577.00270,2525,75.133,4787925.31560,0
1785196380000,63731.10,63744.60,63722.40,63743.30,83.999,1785196439999,5353711.79440,1785,54.371,3465305.33460,0
1785196440000,63743.30,63743.30,63720.00,63722.10,116.072,1785196499999,7396961.42840,1103,43.982,2802740.65900,0
1785196500000,63722.10,63728.70,63706.70,63706.80,57.426,1785196559999,3659309.58900,1135,20.974,1336458.27480,0
1785196560000,63706.80,63739.60,63706.70,63739.60,79.837,1785196619999,5087385.00540,1836,56.676,3611390.60150,0
1785196620000,63740.00,63756.90,63734.20,63739.20,123.890,1785196679999,7897511.87220,1966,105.832,6746381.18470,0
1785196680000,63739.20,63754.50,63730.10,63730.10,60.022,1785196739999,3826249.70220,1438,39.484,2517000.11560,0
1785196740000,63730.10,63730.10,63720.60,63720.80,55.551,1785196799999,3539921.94990,943,20.279,1292238.21660,0
