open_time,open,high,low,close,volume,close_time,quote_volume,count,taker_buy_volume,taker_buy_quote_volume,ignore
1720828800000,57870.00,57962.80,57730.20,57792.40,11605.553,1720843199999,671354557.16910,180912,5634.323,325973705.82540,0
1720843200000,57792.50,58195.70,57728.60,58140.00,14463.350,1720857599999,838555336.61030,213512,7871.074,456381009.19640,0
1720857600000,58140.00,58900.00,57882.30,58513.90,34849.500,1720871999999,2035771281.19330,415525,18666.502,1090543973.22320,0
1720872000000,58514.00,58873.10,58408.10,58808.50,30158.627,1720886399999,1769479153.90020,354044,15219.135,893028548.08890,0
1720886400000,58808.50,58950.00,58538.90,58596.60,17510.271,1720900799999,1027968025.22020,236932,8666.905,508871590.36710,0
1720900800000,58596.70,59850.00,58254.50,59174.00,49297.021,1720915199999,2914240770.73790,555439,26397.853,1560889805.96720,0
