open_time,open,high,low,close,volume,close_time,quote_volume,count,taker_buy_volume,taker_buy_quote_volume,ignore
1791417600000,83281.90,83292.60,83240.60,83240.60,47.265,1791417659999,3935695.29620,2365,15.830,1318217.41470,0
1791417660000,83240.60,83268.40,83222.80,83231.60,92.973,1791417719999,7738972.04180,2816,32.631,2716087.23950,0
1791417720000,83231.70,83231.70,83202.00,83210.70,118.979,1791417779999,9901084.65500,2466,53.687,4467680.07670,0
1791417780000,83210.80,83251.20,83210.70,83251.20,44.676,1791417839999,3717843.95290,1363,21.917,1823910.17870,0
1791417840000,83251.40,83255.00,83202.20,83207.70,55.587,1791417899999,4626227.82450,1971,32.371,2694090.22900,0
1791417900000,83207.80,83207.80,83205.20,83205.20,18.978,1791417959999,1579075.76490,565,10.666,887469.00230,0
1791417960000,83205.30,83230.90,83194.80,83230.60,60.062,1791418019999,4997638.65380,1675,43.043,3581571.30900,0
1791418020000,83230.60,83250.50,83230.60,83245.00,17.780,1791418079999,1480088.40100,1273,11.667,971200.18750,0
1791418080000,83245.00,83250.40,83227.20,83243.60,17.733,1791418139999,1476117.86360,1203,10.028,834743.45750,0
1791418140000,83243.60,83243.60,83200.20,83200.20,12.714,1791418199999,1058113.75480,1093,3.028,252010.42000,0
1791418200000,83200.30,83200.30,83163.90,83192.60,101.363,1791418259999,8431644.00730,2321,40.616,3378512.08170,0
1791418260000,83192.60,83200.00,83180.00,83183.70,19.552,1791418319999,1626601.41730,989,9.196,765027.35590,0
1791418320000,83183.80,83227.70,83183.70,83215.40,46.688,1791418379999,3884515.22560,1753,31.143,2590997.39110,0
1791418380000,83215.40,83238.10,83215.30,83218.50,14.156,1791418439999,1178213.45530,1047,8.667,721355.00960,0
1791418440000,83218.60,83230.70,83218.50,83220.00,16.807,1791418499999,1398729.85390,653,10.506,874337.75880,0
1791418500000,83220.00,83269.50,83220.00,83269.50,24.492,1791418559999,2038660.64150,1435,23.072,1920473.85940,0
1791418560000,83269.50,83277.50,83247.50,83247.60,41.326,1791418619999,3440945.79230,1357,15.643,1302578.05360,0
1791418620000,83247.60,83299.90,83247.50,83299.90,27.282,1791418679999,2271888.32710,1355,26.157,2178206.64270,0
1791418680000,83299.90,83339.20,83299.80,83321.60,38.330,1791418739999,3193524.52190,2221,30.539,2544357.41350,0
1791418740000,83321.60,83356.40,83321.50,83356.30,31.428,1791418799999,2619243.87380,1621,20.921,1743569.73470,0
1791418800000,83356.30,83372.10,83300.30,83323.90,81.028,1791418859999,6753433.80040,2575,59.656,4972327.30000,0
1791418860000,83323.90,83335.30,83270.60,83270.60,37.291,1791418919999,3106648.03110,1960,14.301,1191349.44740,0
1791418920000,83270.50,83282.60,83256.30,83256.40,32.950,1791418979999,2743866.21950,1125,19.351,1611432.19320,0
1791418980000,83256.30,83268.00,83256.30,83268.00,13.684,1791419039999,1139343.77210,395,10.640,885896.65820,0
1791419040000,83268.00,83268.00,83223.40,83223.40,18.511,1791419099999,1541005.66650,1054,7.034,585522.30380,0
1791419100000,83223.40,83225.30,83218.60,83222.90,29.342,1791419159999,2441829.76870,780,14.668,1220661.17210,0
1791419160000,83222.80,83251.90,83214.70,83251.80,31.947,1791419219999,2658845.59230,1110,25.346,2109525.68020,0
1791419220000,83251.80,83251.90,83214.50,83214.60,29.655,1791419279999,2468085.20420,1141,17.147,1427049.66990,0
1791419280000,83214.60,83248.30,83214.50,83248.30,16.307,1791419339999,1357054.91480,887,12.987,1080780.72800,0
1791419340000,83248.30,83248.30,83215.00,83215.10,21.726,1791419399999,1808324.62230,1086,11.570,963049.70080,0
1791419400000,83215.10,83251.80,83212.90,83245.00,35.665,1791419459999,2968255.89150,1225,26.888,2237799.58820,0
1791419460000,83245.00,83277.50,83238.10,83265.10,35.485,1791419519999,2954457.39060,1163,29.125,2424848.27050,0
1791419520000,83265.00,83265.00,83223.20,83226.00,33.019,1791419579999,2748545.25470,1160,14.741,1227028.22060,0
1791419580000,83226.00,83239.00,83213.70,83238.90,25.662,1791419639999,2135765.33160,842,18.079,1504681.94920,0
1791419640000,83239.00,83249.30,83220.60,83223.30,18.980,1791419699999,1579719.60610,938,9.635,801942.51410,0
1791419700000,83223.30,83223.30,83215.10,83215.10,11.269,1791419759999,937831.22680,343,4.468,371838.63450,0
1791419760000,83215.10,83215.10,83197.00,83203.50,40.079,1791419819999,3334637.43500,1008,14.189,1180534.70590,0
1791419820000,83203.50,83250.00,83200.90,83250.00,43.075,1791419879999,3584343.64130,1080,37.257,3100129.33780,0
1791419880000,83249.90,83250.00,83208.00,83218.40,37.608,1791419939999,3129988.43450,1161,12.614,1049771.38950,0
1791419940000,83218.40,83238.00,83201.40,83201.40,23.810,1791419999999,1981479.64130,1114,10.138,843678.38200,0
1791420000000,83201.40,83225.80,83201.00,83201.10,32.306,1791420059999,2688096.76270,1033,20.738,1725502.16350,0
1791420060000,83201.00,83220.00,83201.00,83220.00,36.309,1791420119999,3021233.90000,1091,22.571,1878081.26490,0
1791420120000,83219.90,83220.00,83200.90,83201.00,34.381,1791420179999,2860892.08660,852,12.742,1060253.68760,0
1791420180000,83201.00,83244.00,83191.10,83243.50,48.050,1791420239999,3998138.05870,1781,33.122,2756044.13090,0
1791420240000,83243.50,83248.80,83222.30,83248.70,156.312,1791420299999,13011145.00480,2239,79.055,6580041.05160,0
1791420300000,83248.80,83264.30,83211.30,83211.40,23.255,1791420359999,1935790.53610,1326,9.190,765003.99270,0
1791420360000,83211.30,83286.50,83211.30,83286.50,22.640,1791420419999,1884776.06030,1445,16.852,1402910.98500,0
1791420420000,83286.50,83303.90,83285.30,83303.90,23.844,1791420479999,1986139.22190,690,22.094,1840385.92100,0
1791420480000,83303.80,83335.20,83303.80,83335.20,23.817,1791420539999,1984323.85200,1066,21.617,1801030.19360,0
1791420540000,83335.30,83379.70,83335.20,83354.80,51.459,1791420599999,4289962.17830,1845,25.962,2164256.15570,0
1791420600000,83354.70,83385.00,83350.00,83385.00,45.304,1791420659999,3776828.03800,1637,33.152,2763774.46730,0
1791420660000,83384.90,83385.00,83360.50,83374.50,28.551,1791420719999,2380335.73840,1077,11.034,919858.51040,0
1791420720000,83374.40,83380.00,83360.50,83380.00,23.835,1791420779999,1987135.76000,962,14.524,1210871.71240,0
1791420780000,83379.90,83399.90,83378.00,83387.60,59.571,1791420839999,4967818.65780,1815,25.671,2140775.16050,0
1791420840000,83387.70,83396.80,83387.60,83387.80,16.971,1791420899999,1415218.89640,665,10.002,834060.15360,0
1791420900000,83387.80,83395.90,83387.80,83395.90,8.287,1791420959999,691069.42350,446,6.501,542131.47540,0
1791420960000,83395.90,83400.00,83381.70,83381.80,31.136,1791421019999,2596529.45670,1018,13.740,1145807.75470,0
1791421020000,83381.80,83385.00,83360.00,83360.00,19.911,1791421079999,1660142.19050,758,4.076,339864.94000,0
1791421080000,83360.00,83360.00,83358.00,83359.80,12.080,1791421139999,1006975.46180,459,5.668,472477.10590,0
1791421140000,83359.80,83359.90,83316.10,83331.90,40.610,1791421199999,3384328.95710,2067,5.156,429658.62330,0
1791421200000,83331.90,83384.20,83314.40,83384.20,67.306,1791421259999,5609660.82900,2596,47.426,3952954.29320,0
1791421260000,83384.30,83400.00,83376.00,83392.80,82.256,1791421319999,6859735.76340,1843,36.524,3045861.07770,0
1791421320000,83392.80,83409.00,83376.00,83409.00,122.697,1791421379999,10232332.14590,4001,62.885,5244216.30380,0
1791421380000,83409.00,83427.70,83384.70,83413.90,75.883,1791421439999,6329284.97970,3138,47.783,3985444.06390,0
1791421440000,83414.00,83420.60,83409.70,83417.70,56.392,1791421499999,4703869.72050,2014,41.618,3471477.76670,0
1791421500000,83417.70,83464.30,83417.70,83443.90,89.485,1791421559999,7466951.49130,2740,69.414,5792071.85510,0
1791421560000,83443.90,83487.10,83419.40,83467.90,94.987,1791421619999,7928011.62680,3675,58.107,4849803.62220,0
1791421620000,83467.90,83486.60,83436.60,83454.30,92.786,1791421679999,7744279.45550,3721,56.707,4732781.88720,0
1791421680000,83454.20,83454.20,83423.60,83447.00,36.744,1791421739999,3065679.02240,2240,21.404,1785773.18110,0
1791421740000,83447.10,83458.50,83423.60,83423.70,20.979,1791421799999,1750451.40310,1320,7.084,591080.44000,0
1791421800000,83423.70,83423.70,83394.40,83401.20,25.208,1791421859999,2102508.12060,1302,12.603,1051137.16610,0
1791421860000,83401.30,83401.30,83391.30,83397.90,27.106,1791421919999,2260477.87540,909,10.965,914408.53820,0
1791421920000,83398.00,83409.30,83360.60,83367.90,136.351,1791421979999,11369695.00870,2150,29.455,2456585.56710,0
1791421980000,83368.00,83368.00,83315.10,83334.90,108.629,1791422039999,9053504.42190,3334,28.560,2380003.01800,0
1791422040000,83335.00,83355.00,83326.20,83339.50,27.318,1791422099999,2276668.01350,1643,16.912,1409431.41570,0
1791422100000,83339.40,83342.90,83328.70,83342.90,21.020,1791422159999,1751680.96600,928,12.737,1061425.58750,0
1791422160000,83342.90,83368.70,83308.90,83329.00,39.112,1791422219999,3259248.11540,2554,19.373,1614420.31520,0
1791422220000,83329.00,83394.40,83328.90,83388.10,21.566,1791422279999,1797883.05850,1693,18.386,1532753.51360,0
1791422280000,83388.20,83388.20,83307.60,83310.00,37.554,1791422339999,3129532.28600,2079,16.385,1365205.92950,0
1791422340000,83310.00,83331.50,83271.30,83285.60,46.816,1791422399999,3899738.60440,2853,21.088,1756669.89210,0
1791422400000,83285.60,83290.00,83263.40,83263.50,20.093,1791422459999,1673268.18750,1118,9.896,824109.08390,0
1791422460000,83263.40,83263.40,83150.10,83150.20,217.866,1791422519999,18126831.95750,4420,34.593,2877667.10720,0
1791422520000,83150.10,83159.60,83131.20,83137.70,104.506,1791422579999,8689210.68310,2328,44.885,3731902.41830,0
1791422580000,83137.70,83178.50,83118.60,83141.70,111.270,1791422639999,9250726.32890,2883,43.643,3628464.65520,0
1791422640000,83141.60,83198.90,83141.60,83172.80,72.463,1791422699999,6027037.40790,1969,59.585,4955802.36600,0
1791422700000,83172.80,83212.90,83144.10,83172.30,52.864,1791422759999,4397141.18230,2700,26.059,2167358.75410,0
1791422760000,83172.20,83212.10,83172.20,83203.70,25.617,1791422819999,2131271.23660,1322,20.364,1694198.63860,0
1791422820000,83203.80,83230.70,83195.80,83224.10,22.087,1791422879999,1837933.51270,1885,15.903,1323331.76800,0
1791422880000,83224.20,83243.00,83210.30,83233.00,35.210,1791422939999,2930452.16990,1403,22.607,1881616.19630,0
1791422940000,83232.90,83268.60,83232.90,83244.50,54.520,1791422999999,4538805.60770,1722,22.132,1842476.41830,0
1791423000000,83244.50,83257.00,83212.90,83222.40,41.756,1791423059999,3475569.70580,2058,24.775,2062136.00150,0
1791423060000,83222.30,83231.50,83204.80,83207.20,44.361,1791423119999,3691696.22660,1824,17.625,1466650.07650,0
1791423120000,83207.20,83269.10,83207.10,83269.10,22.784,1791423179999,1896347.03630,1464,19.678,1637860.97870,0
1791423180000,83269.20,83339.70,83269.20,83318.40,52.472,1791423239999,4371761.68510,2780,39.626,3301357.90730,0
1791423240000,83318.30,83340.20,83313.50,83336.40,45.841,1791423299999,3820062.38910,2038,36.479,3039872.01530,0
1791423300000,83336.40,83348.40,83313.50,83348.40,49.844,1791423359999,4153809.77880,2239,22.718,1893180.13080,0
1791423360000,83348.30,83369.50,83299.60,83299.70,80.251,1791423419999,6689007.62440,2391,54.735,4562582.79220,0
1791423420000,83299.60,83332.10,83282.20,83282.30,31.885,1791423479999,2656429.68210,1702,14.500,1208141.09150,0
1791423480000,83282.20,83285.70,83231.10,83231.10,37.334,1791423539999,3108091.95880,1657,9.609,799866.15110,0
1791423540000,83231.20,83246.00,83220.10,83230.00,72.931,1791423599999,6070311.76740,2031,10.630,884708.32440,0
1791423600000,83230.00,83263.50,83220.30,83255.00,113.860,1791423659999,9477465.99180,2178,102.910,8566117.53910,0
1791423660000,83255.00,83272.50,83239.40,83250.60,14.390,1791423719999,1197971.85150,1387,9.986,831320.11790,0
1791423720000,83250.70,83258.70,83232.40,83249.60,18.073,1791423779999,1504494.85910,1133,4.650,387084.94370,0
1791423780000,83249.50,83258.70,83246.00,83246.00,12.166,1791423839999,1012865.58800,593,4.117,342743.58150,0
1791423840000,83246.10,83246.10,83218.00,83222.60,53.519,1791423899999,4454110.36090,1500,16.421,1366551.63000,0
1791423900000,83222.50,83222.60,83173.10,83173.10,31.276,1791423959999,2602218.37040,1338,2.920,242990.54380,0
1791423960000,83173.00,83196.70,83162.10,83190.00,58.782,1791424019999,4889606.55210,2189,18.720,1557085.87960,0
1791424020000,83190.00,83202.20,83186.00,83196.90,40.418,1791424079999,3362655.33710,1399,16.530,1375219.28040,0
1791424080000,83196.90,83202.30,83173.60,83173.70,37.297,1791424139999,3102715.92730,1037,5.899,490691.43380,0
1791424140000,83173.60,83225.00,83173.60,83225.00,13.246,1791424199999,1102020.30750,1587,8.834,734957.42910,0
1791424200000,83225.00,83227.40,83175.00,83175.00,29.643,1791424259999,2466385.01160,1138,2.199,182981.08180,0
1791424260000,83175.00,83175.10,83150.00,83150.00,26.780,1791424319999,2227011.65040,1409,8.764,728809.07450,0
1791424320000,83150.00,83151.80,83141.40,83149.20,43.087,1791424379999,3582562.65390,986,18.456,1534556.96640,0
1791424380000,83149.20,83175.30,83149.20,83157.50,23.353,1791424439999,1942084.00550,1239,10.652,885857.79090,0
1791424440000,83157.60,83178.70,83155.00,83155.10,18.620,1791424499999,1548554.58460,978,7.353,611529.95860,0
1791424500000,83155.10,83155.10,83120.10,83121.80,123.239,1791424559999,10245851.08650,2034,25.254,2099484.65830,0
1791424560000,83121.80,83124.80,83100.80,83107.10,68.378,1791424619999,5683062.74190,2011,16.982,1411431.44350,0
1791424620000,83107.00,83107.10,83038.00,83058.90,312.213,1791424679999,25934544.90870,5278,72.324,6006806.44600,0
1791424680000,83058.90,83070.00,83056.60,83056.70,65.235,1791424739999,5418505.93380,1571,35.060,2912131.44060,0
1791424740000,83056.70,83063.50,83040.90,83063.50,62.111,1791424799999,5158427.20500,1838,25.645,2129877.71740,0
1791424800000,83063.50,83070.00,82928.80,83049.20,527.572,1791424859999,43780026.27620,8370,153.566,12744635.80470,0
1791424860000,83049.30,83130.40,83049.20,83095.50,176.531,1791424919999,14668869.52520,4062,97.747,8120979.49640,0
1791424920000,83095.50,83131.50,83080.20,83101.30,128.329,1791424979999,10665398.55620,3753,56.723,4714105.83890,0
1791424980000,83101.30,83110.00,83070.00,83109.80,106.347,1791425039999,8836967.93320,2678,40.951,3402871.04970,0
1791425040000,83109.80,83109.80,83088.00,83088.80,70.624,1791425099999,5868473.66510,1844,21.927,1821964.39820,0
1791425100000,83088.90,83088.90,83019.90,83052.10,165.255,1791425159999,13724828.54180,3664,40.082,3328552.91000,0
1791425160000,83052.10,83063.40,83000.00,83012.60,178.830,1791425219999,14848141.25270,3025,41.740,3465632.88410,0
1791425220000,83012.70,83012.70,82982.20,83009.90,187.091,1791425279999,15528011.45710,2881,70.288,5833633.05980,0
1791425280000,83010.00,83018.90,82987.80,83018.90,74.553,1791425339999,6188036.35100,2111,19.663,1632113.67510,0
1791425340000,83018.90,83018.90,82989.50,82989.60,62.193,1791425399999,5162669.59570,1843,10.715,889430.61700,0
1791425400000,82989.60,82989.60,82928.70,82928.70,205.973,1791425459999,17085574.54160,4113,69.203,5740295.81870,0
1791425460000,82928.80,82998.90,82829.00,82996.80,897.738,1791425519999,74411199.68050,10225,265.911,22046095.31970,0
1791425520000,82996.80,83000.00,82971.30,82988.10,80.259,1791425579999,6660517.92450,2190,36.672,3043383.14280,0
1791425580000,82988.10,83073.80,82980.00,83052.50,141.963,1791425639999,11789177.14120,3889,96.799,8038599.40810,0
1791425640000,83052.60,83068.00,83021.60,83065.00,92.947,1791425699999,7718476.93370,2203,21.398,1776902.66150,0
1791425700000,83065.00,83083.20,83050.00,83078.20,76.562,1791425759999,6360018.41020,2490,39.848,3310078.55880,0
1791425760000,83078.20,83135.80,83078.20,83096.00,156.164,1791425819999,12979786.99260,3447,76.508,6359140.71310,0
1791425820000,83096.10,83096.10,83034.60,83034.60,49.688,1791425879999,4126709.78390,1809,22.511,1869470.92670,0
1791425880000,83034.70,83034.70,82995.70,83005.30,47.156,1791425939999,3914537.27150,1951,13.027,1081401.14020,0
1791425940000,83005.20,83012.60,82973.40,83012.60,53.039,1791425999999,4401643.18520,1662,22.509,1867941.31080,0
1791426000000,83012.60,83033.00,83009.70,83018.00,33.845,1791426059999,2809817.30450,1166,13.421,1114171.55230,0
1791426060000,83018.10,83032.80,83014.00,83014.10,18.826,1791426119999,1562983.68380,694,11.466,951947.34300,0
1791426120000,83014.00,83068.00,83009.10,83068.00,22.549,1791426179999,1872344.31490,1293,15.353,1274840.33360,0
1791426180000,83067.90,83099.80,83067.90,83099.80,48.382,1791426239999,4019774.50780,1497,42.094,3497307.36370,0
1791426240000,83099.80,83106.10,83085.00,83095.60,26.226,1791426299999,2179303.58360,895,13.855,1151303.67740,0
1791426300000,83095.50,83116.50,83095.50,83116.50,31.928,1791426359999,2653354.91430,922,22.843,1898339.02770,0
1791426360000,83116.50,83166.50,83116.40,83124.20,118.268,1791426419999,9833109.08290,2444,93.493,7773061.94260,0
1791426420000,83124.20,83124.20,83092.60,83092.70,74.815,1791426479999,6218034.91600,837,8.764,728288.40590,0
1791426480000,83092.70,83100.00,83079.10,83098.90,33.282,1791426539999,2765351.04250,1028,16.014,1330564.25090,0
1791426540000,83098.80,83127.40,83098.80,83127.30,19.299,1791426599999,1604066.43290,752,16.384,1361781.30490,0
1791426600000,83127.40,83142.20,83127.30,83128.20,31.803,1791426659999,2643956.36160,1272,10.961,911252.00530,0
1791426660000,83128.20,83128.20,83113.90,83114.00,16.184,1791426719999,1345284.56460,617,3.905,324593.71680,0
1791426720000,83114.00,83156.80,83113.90,83140.30,62.917,1791426779999,5231122.50930,1305,32.649,2714551.55560,0
1791426780000,83140.20,83154.00,83128.50,83140.00,49.394,1791426839999,4106547.37000,1318,24.671,2051089.88080,0
1791426840000,83140.10,83146.70,83132.60,83146.60,25.889,1791426899999,2152365.92460,689,16.104,1338846.21550,0
1791426900000,83146.60,83148.80,83137.50,83137.50,24.078,1791426959999,2002037.88600,608,13.015,1082172.74150,0
1791426960000,83137.00,83137.10,83120.60,83126.90,30.906,1791427019999,2569170.48540,982,17.417,1447848.48050,0
1791427020000,83127.00,83151.20,83127.00,83133.40,35.036,1791427079999,2912768.91320,1051,19.172,1593865.47840,0
1791427080000,83133.40,83158.20,83133.30,83158.20,11.463,1791427139999,953107.90320,623,9.943,826723.73110,0
1791427140000,83158.10,83203.90,83158.10,83194.10,151.009,1791427199999,12561486.70380,2779,57.797,4807518.06910,0
1791427200000,83194.00,83218.70,83174.10,83174.10,166.772,1791427259999,13875656.06470,1926,49.380,4108623.84420,0
1791427260000,83174.10,83174.10,83126.90,83145.90,35.207,1791427319999,2927367.08180,1554,17.372,1444464.18120,0
1791427320000,83145.90,83179.40,83145.90,83164.00,20.799,1791427379999,1729762.10970,1137,11.765,978389.96790,0
1791427380000,83164.10,83200.00,83164.00,83200.00,35.025,1791427439999,2913312.56340,824,31.384,2610465.80490,0
1791427440000,83200.00,83238.10,83200.00,83220.10,86.536,1791427499999,7201653.97900,1977,60.881,5066467.11320,0
1791427500000,83220.10,83240.00,83216.60,83236.00,59.253,1791427559999,4931406.25970,1583,42.639,3548653.96770,0
1791427560000,83236.00,83260.00,83235.90,83236.00,63.242,1791427619999,5264756.23370,1744,39.310,3272504.69370,0
1791427620000,83236.10,83236.10,83189.20,83191.10,105.346,1791427679999,8765761.86350,2182,17.837,1484052.28680,0
1791427680000,83191.00,83204.30,83177.00,83177.10,34.780,1791427739999,2893452.00610,1392,9.632,801295.62470,0
1791427740000,83177.10,83212.60,83170.00,83201.50,22.996,1791427799999,1912971.07760,1254,12.716,1057789.70770,0
1791427800000,83201.60,83201.60,83155.70,83166.20,78.614,1791427859999,6538399.81200,2162,26.810,2229749.52870,0
1791427860000,83166.20,83166.20,83140.00,83154.90,62.515,1791427919999,5198100.09920,1693,40.943,3404250.00390,0
1791427920000,83154.80,83158.40,83121.70,83121.70,22.168,1791427979999,1843159.82790,1138,9.216,766294.31990,0
1791427980000,83121.70,83121.80,83082.00,83082.00,20.175,1791428039999,1676620.90170,1101,2.704,224677.60460,0
1791428040000,83082.10,83117.00,83082.00,83100.10,69.592,1791428099999,5782487.57780,1296,60.959,5065071.31080,0
1791428100000,83100.10,83131.70,83100.00,83122.60,76.031,1791428159999,6319021.93640,1969,66.766,5548912.19270,0
1791428160000,83122.60,83154.40,83122.60,83125.80,40.787,1791428219999,3391008.72370,1349,30.978,2575462.49670,0
1791428220000,83125.80,83144.30,83125.80,83144.30,12.220,1791428279999,1015885.05870,617,7.097,589993.45990,0
1791428280000,83144.30,83160.40,83137.40,83144.50,19.054,1791428339999,1584394.26540,892,12.416,1032442.92740,0
1791428340000,83144.50,83144.50,83120.10,83133.10,51.761,1791428399999,4302890.32790,1023,28.383,2359448.32230,0
1791428400000,83133.20,83170.40,83119.10,83162.40,69.921,1791428459999,5812944.82770,1684,56.688,4712761.49470,0
1791428460000,83162.40,83162.40,83106.90,83107.00,80.262,1791428519999,6674029.31350,1373,7.148,594262.35280,0
1791428520000,83106.90,83119.40,83088.20,83088.20,36.813,1791428579999,3059323.03170,1357,17.036,1415778.67840,0
1791428580000,83088.20,83088.30,83014.90,83040.70,305.633,1791428639999,25381552.78940,3940,39.635,3291502.41640,0
1791428640000,83040.80,83040.80,82984.20,82985.80,177.806,1791428699999,14757813.24790,2121,20.819,1728002.21820,0
1791428700000,82985.80,83009.60,82971.00,82979.70,56.380,1791428759999,4678904.67940,1956,29.841,2476531.06690,0
1791428760000,82979.70,82979.70,82897.30,82907.20,314.572,1791428819999,26084945.37130,4836,75.011,6219660.03310,0
1791428820000,82907.20,82945.60,82866.70,82902.80,217.360,1791428879999,18019376.61060,4783,112.488,9326761.38560,0
1791428880000,82902.70,82930.90,82901.80,82929.00,42.413,1791428939999,3516766.66510,1798,20.748,1720296.15590,0
1791428940000,82928.90,82951.10,82928.90,82950.00,43.527,1791428999999,3610256.65390,1328,18.094,1500754.44180,0
1791429000000,82949.90,82968.70,82932.30,82967.70,118.604,1791429059999,9837997.64380,2376,63.160,5238921.51360,0
1791429060000,82967.60,82967.60,82945.50,82945.50,26.044,1791429119999,2160517.36860,971,12.192,1011354.37790,0
1791429120000,82945.50,82945.50,82908.40,82920.60,46.606,1791429179999,3864658.49380,1497,14.982,1242260.27480,0
1791429180000,82920.50,82925.10,82889.70,82889.80,63.852,1791429239999,5293844.87230,1468,15.569,1290820.28290,0
1791429240000,82889.70,82889.80,82878.40,82879.00,53.034,1791429299999,4395669.94310,1527,22.602,1873334.07210,0
1791429300000,82879.00,82879.40,82830.00,82848.70,114.817,1791429359999,9512345.73400,3708,40.905,3388937.94560,0
1791429360000,82848.60,82882.10,82847.00,82882.10,76.956,1791429419999,6376368.98050,2011,43.078,3569281.89740,0
1791429420000,82882.10,82922.40,82882.00,82893.70,103.145,1791429479999,8551521.27220,2683,49.710,4121316.05140,0
1791429480000,82893.60,82893.60,82849.00,82869.20,75.572,1791429539999,6262497.19460,1926,21.143,1751897.28950,0
1791429540000,82869.20,82876.80,82800.00,82800.00,376.559,1791429599999,31185157.94320,5740,58.953,4882492.91650,0
1791429600000,82800.00,82850.90,82782.50,82836.50,152.753,1791429659999,12649356.90510,4542,62.748,5196343.33880,0
1791429660000,82836.50,82845.00,82585.00,82751.80,2119.017,1791429719999,175188943.78470,26976,476.682,39406350.29440,0
1791429720000,82751.90,82828.80,82705.30,82828.80,382.507,1791429779999,31664085.76500,6897,273.689,22658047.40590,0
1791429780000,82828.80,82921.00,82818.00,82905.30,452.915,1791429839999,37530383.71950,5567,337.145,27937505.78690,0
1791429840000,82905.30,82950.10,82901.70,82915.70,139.894,1791429899999,11601980.94930,3095,71.606,5938254.68740,0
1791429900000,82915.80,82942.30,82885.10,82908.60,108.911,1791429959999,9030657.03930,2918,43.629,3617814.75530,0
1791429960000,82908.50,82955.00,82874.40,82955.00,75.443,1791430019999,6254891.38410,2259,48.039,3983053.73600,0
1791430020000,82954.90,82994.90,82950.40,82956.60,171.855,1791430079999,14258844.04830,2990,101.637,8432751.58560,0
1791430080000,82956.60,82956.60,82921.00,82929.20,32.940,1791430139999,2732081.80920,1169,10.922,905807.54070,0
1791430140000,82929.20,82932.90,82916.20,82927.70,43.109,1791430199999,3574790.97490,1345,25.098,2081212.17060,0
1791430200000,82927.60,82956.70,82884.20,82956.70,95.618,1791430259999,7928243.27610,2738,60.371,5005751.87980,0
1791430260000,82956.70,82979.70,82928.30,82938.00,89.834,1791430319999,7452477.79320,2535,46.895,3890285.25280,0
1791430320000,82938.00,82938.10,82812.60,82857.30,404.470,1791430379999,33512389.98370,6097,51.881,4298237.59230,0
1791430380000,82857.20,82857.20,82814.20,82839.80,48.084,1791430439999,3982934.99300,1747,26.888,2227152.66750,0
1791430440000,82839.80,82861.70,82813.00,82813.10,37.346,1791430499999,3093529.58210,1566,20.226,1675458.44070,0
1791430500000,82813.10,82825.60,82766.00,82825.50,86.896,1791430559999,7194659.38600,2917,35.237,2917658.59320,0
1791430560000,82825.60,82849.20,82811.50,82814.00,46.188,1791430619999,3825915.13620,1837,28.636,2371980.01760,0
1791430620000,82814.10,82836.60,82780.70,82823.90,62.290,1791430679999,5158154.07240,2201,25.348,2098884.44930,0
1791430680000,82823.90,82847.80,82822.10,82839.60,50.236,1791430739999,4161172.38990,1604,38.797,3213653.23410,0
1791430740000,82839.70,82869.00,82839.60,82845.90,160.510,1791430799999,13300614.90270,1626,34.437,2853333.42610,0
1791430800000,82846.00,82866.60,82833.00,82833.10,78.297,1791430859999,6486599.25080,1656,13.825,1145356.22460,0
1791430860000,82833.10,82866.10,82815.00,82858.60,34.900,1791430919999,2891128.60350,1762,17.376,1439433.57100,0
1791430920000,82858.50,82874.50,82810.00,82810.10,43.813,1791430979999,3630216.37600,1564,22.011,1823834.85870,0
1791430980000,82810.10,82815.60,82791.70,82815.60,45.650,1791431039999,3779746.47220,1457,22.945,1899829.83700,0
1791431040000,82815.60,82815.60,82791.90,82796.00,48.951,1791431099999,4053290.34560,1042,14.528,1202963.85110,0
1791431100000,82795.90,82830.00,82740.70,82829.90,83.779,1791431159999,6935856.72120,2763,35.676,2953913.59700,0
1791431160000,82829.80,82837.00,82803.00,82823.30,67.708,1791431219999,5607895.10870,2120,42.797,3544613.82170,0
1791431220000,82823.40,82843.40,82806.60,82825.30,41.043,1791431279999,3399629.69070,1794,23.453,1942550.99060,0
1791431280000,82825.40,82854.30,82812.20,82841.60,39.739,1791431339999,3291957.28530,1467,20.795,1722649.27920,0
1791431340000,82841.70,82841.70,82824.50,82825.10,35.235,1791431399999,2918609.22550,1081,12.471,1032986.90180,0
1791431400000,82825.00,82828.00,82759.20,82759.30,56.308,1791431459999,4661677.75480,1739,19.637,1625515.56990,0
1791431460000,82759.20,82759.30,82674.30,82718.50,204.672,1791431519999,16927772.98020,5250,48.483,4009870.36350,0
1791431520000,82718.50,82720.00,82654.00,82698.70,156.261,1791431579999,12920339.88180,4398,75.087,6208379.30320,0
1791431580000,82698.70,82707.20,82637.80,82678.70,201.555,1791431639999,16663772.41370,4262,104.238,8618124.48730,0
1791431640000,82678.70,82723.00,82670.40,82722.90,82.913,1791431699999,6856311.80600,2207,51.119,4227374.39930,0
1791431700000,82722.90,82735.00,82690.00,82718.90,74.305,1791431759999,6145927.50020,2256,48.451,4007422.39260,0
1791431760000,82719.00,82760.00,82715.90,82760.00,43.820,1791431819999,3625794.50100,1360,37.226,3080298.26770,0
1791431820000,82760.00,82777.20,82759.90,82760.10,42.185,1791431879999,3491621.94320,1129,25.218,2087210.59250,0
1791431880000,82760.00,82760.00,82724.00,82732.60,58.270,1791431939999,4821187.63600,1954,15.264,1262873.13220,0
1791431940000,82732.70,82732.70,82706.00,82717.30,30.715,1791431999999,2540602.25210,1251,16.581,1371457.72590,0
1791432000000,82717.30,82741.00,82658.20,82678.60,248.935,1791432059999,20585179.59250,5936,97.239,8040487.54060,0
1791432060000,82678.60,82704.00,82663.90,82678.30,123.788,1791432119999,10235660.15520,2839,82.057,6784918.60640,0
1791432120000,82678.40,82678.40,82615.00,82642.00,163.007,1791432179999,13471214.12060,4257,87.303,7214918.94600,0
1791432180000,82642.10,82642.10,82615.00,82626.10,102.404,1791432239999,8461761.73130,2228,42.243,3490505.37460,0
1791432240000,82626.10,82638.00,82626.10,82630.10,57.810,1791432299999,4776893.30910,1177,40.360,3334969.43110,0
1791432300000,82630.10,82642.90,82630.00,82641.70,85.497,1791432359999,7064906.86650,1727,70.286,5807894.02240,0
1791432360000,82641.70,82759.60,82641.60,82759.60,178.362,1791432419999,14747017.31480,3045,152.631,12619099.91880,0
1791432420000,82759.60,82759.60,82692.00,82748.50,80.908,1791432479999,6692737.19210,2510,45.593,3771274.24080,0
1791432480000,82748.40,82776.00,82748.40,82769.90,75.470,1791432539999,6246134.65230,1737,50.165,4151772.28730,0
1791432540000,82769.90,82777.10,82714.10,82714.10,52.672,1791432599999,4358565.69270,1874,21.147,1749886.33390,0
1791432600000,82714.10,82768.20,82714.10,82764.00,43.912,1791432659999,3633426.42520,1884,22.751,1882399.35520,0
1791432660000,82764.10,82783.90,82694.70,82708.40,78.716,1791432719999,6512138.69380,2477,42.315,3500682.19480,0
1791432720000,82708.30,82708.30,82654.30,82654.30,40.497,1791432779999,3348464.00890,2119,15.006,1240661.88740,0
1791432780000,82654.40,82654.40,82623.80,82630.00,129.298,1791432839999,10684605.64040,2658,54.272,4484613.16310,0
1791432840000,82630.00,82687.80,82567.00,82687.80,309.796,1791432899999,25590449.95470,5827,112.290,9276948.11780,0
1791432900000,82687.80,82730.00,82687.70,82704.40,92.115,1791432959999,7619150.76800,2458,52.304,4326199.42540,0
1791432960000,82704.50,82705.00,82615.40,82615.50,106.636,1791433019999,8816372.53080,2372,34.948,2889184.23930,0
1791433020000,82615.40,82670.90,82615.40,82650.00,89.217,1791433079999,7372420.85290,2711,63.926,5282288.16100,0
1791433080000,82650.10,82662.30,82623.00,82648.30,62.572,1791433139999,5170993.08750,2245,33.480,2766947.80760,0
1791433140000,82648.30,82654.40,82527.90,82570.20,410.944,1791433199999,33931959.30230,6640,95.074,7850749.98850,0
1791433200000,82570.10,82570.20,82150.00,82273.80,4040.448,1791433259999,332626809.73930,53467,1231.863,101384862.19060,0
1791433260000,82273.80,82376.60,82223.40,82368.70,792.097,1791433319999,65181390.56270,15499,467.731,38488410.21890,0
1791433320000,82369.50,82412.30,82307.80,82412.20,441.905,1791433379999,36398842.31740,8806,274.471,22607471.25280,0
1791433380000,82412.30,82443.40,82381.80,82430.70,272.160,1791433439999,22431030.10930,5252,131.315,10822854.52160,0
1791433440000,82430.70,82544.20,82430.70,82540.40,563.441,1791433499999,46480916.10570,7316,450.117,37133055.82360,0
1791433500000,82540.40,82801.80,82535.80,82780.60,913.627,1791433559999,75544370.27390,14994,633.950,52424291.21210,0
1791433560000,82780.60,82813.20,82694.60,82745.40,423.735,1791433619999,35071056.55290,8132,202.445,16755341.72330,0
1791433620000,82745.40,82800.40,82736.20,82777.60,174.217,1791433679999,14420563.46610,4363,97.588,8077786.69650,0
1791433680000,82777.70,82824.90,82762.40,82817.50,153.475,1791433739999,12707749.08770,3155,106.847,8847091.78800,0
1791433740000,82817.50,82860.60,82817.50,82842.20,361.254,1791433799999,29926706.27080,4735,280.441,23232249.53220,0
1791433800000,82842.20,82888.00,82834.60,82887.80,189.891,1791433859999,15735692.99850,4330,122.385,10141370.99870,0
1791433860000,82887.90,82900.00,82772.60,82772.90,244.745,1791433919999,20277909.01090,5080,87.740,7270707.33660,0
1791433920000,82772.80,82831.80,82767.30,82824.30,161.038,1791433979999,13332865.55210,4042,76.113,6301542.34290,0
1791433980000,82824.50,82856.40,82750.00,82776.40,164.384,1791434039999,13612433.44810,3988,114.555,9487142.91120,0
1791434040000,82776.40,82817.00,82776.30,82785.00,60.085,1791434099999,4974879.82130,1966,35.562,2944391.18480,0
1791434100000,82785.00,82785.00,82740.50,82740.50,126.200,1791434159999,10444256.75810,2959,65.177,5394402.95380,0
1791434160000,82740.50,82789.50,82722.50,82737.10,160.401,1791434219999,13272937.30010,2739,77.405,6405064.18510,0
1791434220000,82737.00,82737.10,82656.00,82662.50,145.853,1791434279999,12060084.89470,4183,43.297,3579718.81850,0
1791434280000,82662.50,82662.60,82575.50,82611.10,320.962,1791434339999,26516201.50750,4761,110.724,9146719.57990,0
1791434340000,82611.20,82620.00,82540.40,82540.40,293.758,1791434399999,24260216.56190,4855,102.209,8441029.30960,0
1791434400000,82540.40,82573.40,82513.80,82518.30,328.987,1791434459999,27154911.18020,5752,192.844,15917727.91690,0
1791434460000,82518.40,82534.40,82468.10,82477.00,283.448,1791434519999,23386385.09580,4403,95.022,7839559.86360,0
1791434520000,82477.00,82538.90,82469.00,82538.90,152.846,1791434579999,12610315.33670,3540,119.382,9849319.24070,0
1791434580000,82538.90,82572.70,82504.90,82504.90,220.845,1791434639999,18230552.26800,3141,64.040,5286361.51040,0
1791434640000,82504.90,82509.60,82468.00,82489.90,287.427,1791434699999,23707986.21870,3902,120.969,9978029.49790,0
1791434700000,82489.90,82509.50,82416.00,82416.10,182.455,1791434759999,15042706.37170,3906,62.009,5112501.67650,0
1791434760000,82416.10,82489.90,82400.40,82441.20,298.958,1791434819999,24645860.29470,5592,168.622,13901483.84260,0
1791434820000,82441.10,82500.00,82441.10,82445.10,139.958,1791434879999,11541473.20020,3080,87.780,7238539.87470,0
1791434880000,82445.00,82477.60,82405.50,82463.10,86.173,1791434939999,7105050.52070,2818,30.494,2514198.95450,0
1791434940000,82463.10,82567.80,82463.00,82567.80,208.010,1791434999999,17163947.04400,3128,158.215,13055107.80530,0
1791435000000,82568.10,82588.00,82529.60,82556.30,186.331,1791435059999,15383979.77520,3734,114.689,9468809.09970,0
1791435060000,82556.40,82634.50,82525.90,82634.50,200.411,1791435119999,16550093.91000,3433,158.134,13060307.64540,0
1791435120000,82634.40,82669.10,82610.00,82640.50,266.044,1791435179999,21986409.21430,4098,153.775,12708587.24520,0
1791435180000,82640.50,82683.60,82632.00,82666.50,141.576,1791435239999,11703743.69490,3205,76.816,6350282.16440,0
1791435240000,82666.40,82705.30,82637.10,82637.10,132.403,1791435299999,10946742.12910,2894,69.969,5785097.45840,0
1791435300000,82637.20,82643.30,82605.10,82607.00,66.236,1791435359999,5472411.17060,2335,25.156,2078364.26250,0
1791435360000,82607.00,82629.90,82580.70,82580.70,174.106,1791435419999,14383531.56080,1867,65.827,5438164.03350,0
1791435420000,82580.70,82588.60,82518.80,82588.50,182.950,1791435479999,15102808.02020,3130,115.040,9495966.30790,0
1791435480000,82588.50,82632.00,82588.50,82615.80,68.532,1791435539999,5660880.21430,1765,40.175,3318397.02900,0
1791435540000,82615.80,82639.90,82612.00,82612.10,51.547,1791435599999,4259049.01940,1563,33.961,2805984.87950,0
1791435600000,82612.00,82656.80,82600.00,82640.00,103.498,1791435659999,8552175.42930,2623,65.726,5431046.90180,0
1791435660000,82640.10,82684.60,82640.10,82684.60,50.746,1791435719999,4195088.87560,1597,44.830,3706004.93280,0
1791435720000,82684.50,82699.90,82572.90,82580.50,117.772,1791435779999,9733465.75540,3354,37.240,3078445.77570,0
1791435780000,82580.50,82697.80,82567.60,82683.10,186.030,1791435839999,15373125.55130,4016,160.669,13277605.05970,0
1791435840000,82683.10,82683.20,82591.10,82611.60,76.432,1791435899999,6316013.06010,2104,20.201,1669266.06210,0
1791435900000,82611.70,82658.30,82571.00,82571.00,58.259,1791435959999,4813188.31120,2357,27.252,2251560.27800,0
1791435960000,82571.00,82626.80,82550.00,82614.40,75.428,1791436019999,6229644.82790,2138,53.056,4381763.24360,0
1791436020000,82614.50,82614.50,82531.80,82563.60,93.268,1791436079999,7700383.34930,2743,27.712,2287931.15370,0
1791436080000,82563.60,82608.60,82563.60,82608.50,49.653,1791436139999,4100708.56360,1596,24.203,1998804.44430,0
1791436140000,82608.50,82608.50,82571.00,82578.50,41.340,1791436199999,3414133.86490,1487,13.381,1105008.55510,0
1791436200000,82578.50,82652.10,82574.70,82617.10,51.424,1791436259999,4248348.07030,2280,35.014,2892535.10690,0
1791436260000,82617.20,82655.00,82600.40,82654.90,44.821,1791436319999,3703310.51360,1821,24.338,2010950.77970,0
1791436320000,82655.00,82700.00,82654.90,82699.90,33.699,1791436379999,2785988.22350,1490,22.937,1896247.60660,0
1791436380000,82699.90,82730.10,82690.50,82700.10,100.076,1791436439999,8277223.47880,2445,64.915,5369195.74240,0
1791436440000,82700.10,82747.50,82696.20,82740.20,70.401,1791436499999,5823895.06130,1954,50.234,4155631.60060,0
1791436500000,82740.20,82743.10,82697.00,82702.30,69.607,1791436559999,5757857.65540,2064,32.578,2694622.34550,0
1791436560000,82702.30,82796.40,82700.10,82795.70,120.691,1791436619999,9988870.79930,3025,97.980,8109035.72190,0
1791436620000,82795.70,82799.70,82750.00,82787.10,91.931,1791436679999,7609892.17640,2328,50.269,4161196.11280,0
1791436680000,82787.10,82794.90,82741.20,82794.20,111.722,1791436739999,9247809.93350,2289,52.317,4330638.02180,0
1791436740000,82794.20,82800.00,82767.10,82799.90,71.757,1791436799999,5940833.23580,1875,33.856,2802935.64480,0
1791436800000,82800.00,82835.00,82799.90,82828.00,88.264,1791436859999,7309737.11670,1888,63.049,5221646.12510,0
1791436860000,82828.10,82835.70,82809.20,82835.70,53.559,1791436919999,4435918.28200,1435,30.050,2488842.03210,0
1791436920000,82835.70,82843.00,82821.00,82843.00,92.790,1791436979999,7686163.56030,1705,58.218,4822399.80440,0
1791436980000,82843.00,82920.00,82843.00,82917.80,238.437,1791437039999,19762669.41360,4081,181.439,15039015.16290,0
1791437040000,82917.80,82952.10,82917.70,82936.20,156.120,1791437099999,12948345.67740,2752,102.554,8505566.70840,0
1791437100000,82936.10,82936.20,82879.90,82900.10,219.313,1791437159999,18184775.46730,3168,55.811,4626876.83580,0
1791437160000,82900.00,82906.50,82877.10,82877.20,95.067,1791437219999,7880806.13740,1559,24.348,2018352.38990,0
1791437220000,82877.10,82928.40,82877.10,82913.80,155.735,1791437279999,12910846.06570,2442,122.821,10181888.35000,0
1791437280000,82913.90,82928.90,82910.20,82919.80,39.610,1791437339999,3284455.35970,992,28.382,2353455.56740,0
1791437340000,82919.80,82919.90,82871.10,82880.00,77.803,1791437399999,6449147.65530,1735,22.944,1901730.88630,0
1791437400000,82880.10,82889.90,82874.00,82874.90,58.698,1791437459999,4864781.24780,1250,38.082,3156139.87990,0
1791437460000,82874.90,82886.00,82843.00,82843.80,142.558,1791437519999,11812364.91610,2649,37.340,3093761.48790,0
1791437520000,82843.10,82880.00,82817.60,82879.90,119.760,1791437579999,9920469.21410,2916,33.768,2797475.14050,0
1791437580000,82880.00,82965.00,82879.90,82965.00,77.384,1791437639999,6417185.47230,2218,67.893,5630062.99850,0
1791437640000,82965.00,82984.00,82950.00,82983.90,128.907,1791437699999,10694796.79240,2447,81.949,6799071.45220,0
1791437700000,82983.90,82995.60,82911.70,82941.70,191.881,1791437759999,15916795.48110,3829,83.756,6947436.98330,0
1791437760000,82941.60,82989.40,82913.00,82977.30,85.538,1791437819999,7095214.49530,2495,51.011,4231211.92280,0
1791437820000,82977.30,82977.40,82926.10,82926.10,114.573,1791437879999,9505451.18000,2243,23.271,1930602.66990,0
1791437880000,82926.10,82968.60,82926.10,82968.50,34.795,1791437939999,2886352.79320,1082,24.389,2023052.58550,0
1791437940000,82968.40,82968.60,82940.00,82940.00,21.391,1791437999999,1774558.59730,909,5.618,466067.97870,0
1791438000000,82940.10,82958.90,82899.10,82899.10,86.764,1791438059999,7196037.24710,1880,46.820,3883291.96920,0
1791438060000,82899.20,82922.00,82883.60,82894.70,43.048,1791438119999,3568650.27370,1405,28.828,2389782.17770,0
1791438120000,82894.60,82903.90,82881.70,82892.20,29.148,1791438179999,2416039.72280,938,16.684,1382923.25300,0
1791438180000,82892.20,82911.70,82877.80,82877.90,38.045,1791438239999,3153660.47920,1353,24.134,2000553.84100,0
1791438240000,82877.80,82877.90,82832.30,82841.60,56.354,1791438299999,4668985.25940,1526,19.233,1593362.25630,0
1791438300000,82841.60,82871.30,82831.50,82833.50,77.721,1791438359999,6439511.38370,1910,30.894,2559627.81410,0
1791438360000,82833.60,82833.60,82809.00,82809.00,95.563,1791438419999,7914833.31080,1852,26.578,2201220.55480,0
1791438420000,82809.00,82871.00,82807.70,82870.90,50.354,1791438479999,4171282.30960,1895,38.175,3162394.94980,0
1791438480000,82871.00,82910.00,82861.10,82861.20,70.050,1791438539999,5805946.07380,2264,51.944,4305279.85390,0
1791438540000,82861.20,82901.90,82853.90,82867.50,53.493,1791438599999,4433306.78840,1962,26.617,2205861.07110,0
1791438600000,82867.50,82867.50,82780.50,82795.10,63.604,1791438659999,5267441.87950,2110,9.422,780266.95770,0
1791438660000,82795.10,82809.20,82763.40,82763.40,77.041,1791438719999,6377583.37340,2165,21.218,1756543.29030,0
1791438720000,82763.50,82763.50,82725.90,82740.00,133.259,1791438779999,11026770.61780,2708,54.013,4469200.74390,0
1791438780000,82740.00,82768.30,82740.00,82761.30,64.816,1791438839999,5363777.89480,1531,21.790,1803218.85660,0
1791438840000,82761.20,82761.30,82720.00,82740.10,62.216,1791438899999,5147386.40570,1531,20.517,1697342.89810,0
1791438900000,82740.00,82740.10,82718.00,82718.00,79.652,1791438959999,6589460.79580,1274,13.443,1112132.19890,0
1791438960000,82718.00,82718.10,82680.80,82683.40,135.184,1791439019999,11180174.13960,2211,12.541,1037095.77380,0
1791439020000,82683.30,82692.90,82665.90,82665.90,43.607,1791439079999,3605393.31390,1803,20.237,1673193.54110,0
1791439080000,82666.00,82666.00,82629.10,82632.00,142.286,1791439139999,11759319.20660,2077,35.388,2924393.32770,0
1791439140000,82632.10,82655.20,82632.00,82637.00,46.737,1791439199999,3862450.90090,1324,24.579,2031201.15420,0
1791439200000,82637.00,82669.90,82615.90,82660.10,258.886,1791439259999,21394315.83260,4193,184.639,15258329.48180,0
1791439260000,82660.10,82692.30,82607.20,82635.50,220.639,1791439319999,18235886.00660,4780,68.419,5654748.00140,0
1791439320000,82635.70,82669.40,82601.20,82653.30,94.548,1791439379999,7811828.39820,3009,28.215,2331337.62890,0
1791439380000,82653.30,82706.30,82652.20,82706.20,62.451,1791439439999,5163704.52570,2356,47.423,3921132.43470,0
1791439440000,82706.30,82768.30,82706.20,82768.20,90.191,1791439499999,7462332.85100,2627,65.372,5408735.27130,0
1791439500000,82768.30,82793.70,82768.20,82784.80,49.181,1791439559999,4071107.98330,1362,25.035,2072363.81600,0
1791439560000,82784.80,82846.90,82784.70,82834.30,82.615,1791439619999,6842352.22540,2589,52.217,4324595.93530,0
1791439620000,82834.30,82843.70,82808.00,82827.70,54.653,1791439679999,4526788.01630,1628,22.559,1868478.78550,0
1791439680000,82827.70,82842.70,82803.50,82805.30,42.116,1791439739999,3488052.86800,1549,17.183,1423109.57350,0
1791439740000,82805.30,82828.80,82805.30,82828.70,27.799,1791439799999,2302083.86190,1036,18.844,1560481.24460,0
1791439800000,82828.80,82863.30,82824.10,82863.30,58.890,1791439859999,4878845.52410,1675,47.687,3950732.10450,0
1791439860000,82863.30,82888.60,82836.80,82881.80,81.085,1791439919999,6718761.41520,2490,39.545,3276910.90460,0
1791439920000,82881.90,82888.70,82827.30,82882.60,103.947,1791439979999,8613048.50110,2709,44.591,3694469.48800,0
1791439980000,82882.60,82882.60,82842.20,82850.50,49.602,1791440039999,4109811.98280,1265,22.005,1823061.80870,0
1791440040000,82850.40,82872.50,82844.80,82872.20,52.375,1791440099999,4339638.72960,1212,42.093,3487684.69990,0
1791440100000,82872.30,82885.20,82872.20,82877.60,23.147,1791440159999,1918521.67780,813,13.930,1154581.44060,0
1791440160000,82877.50,82890.00,82856.30,82889.90,52.258,1791440219999,4330919.18190,1862,32.075,2658273.33490,0
1791440220000,82889.90,82890.00,82857.10,82864.60,47.153,1791440279999,3907589.58710,1568,27.031,2240015.39010,0
1791440280000,82864.60,82871.70,82852.10,82852.20,24.051,1791440339999,1992951.07330,1108,17.541,1453512.29810,0
1791440340000,82852.20,82852.20,82795.00,82817.90,78.818,1791440399999,6528470.95210,1759,12.182,1008870.64880,0
1791440400000,82817.80,82827.30,82717.90,82742.30,57.612,1791440459999,4768368.31140,2511,22.156,1833873.94750,0
1791440460000,82742.30,82798.30,82722.50,82736.70,63.901,1791440519999,5287997.51960,2552,30.774,2546552.78570,0
1791440520000,82736.60,82736.60,82696.40,82713.10,83.726,1791440579999,6924940.73120,2340,39.508,3267508.53640,0
1791440580000,82713.10,82713.10,82667.70,82667.70,42.879,1791440639999,3545658.84610,1681,19.707,1629570.83100,0
1791440640000,82667.70,82676.50,82663.20,82663.30,78.333,1791440699999,6475601.24520,1225,51.926,4292548.04170,0
1791440700000,82663.30,82663.30,82580.00,82597.20,197.267,1791440759999,16296793.03380,3698,57.474,4747261.51480,0
1791440760000,82597.10,82597.10,82555.40,82555.50,126.322,1791440819999,10430367.49600,2519,37.771,3118614.12660,0
1791440820000,82555.40,82575.20,82534.00,82572.00,372.453,1791440879999,30746839.30310,3907,135.170,11158337.17410,0
1791440880000,82571.90,82587.10,82550.10,82559.40,101.763,1791440939999,8402893.68390,2299,55.226,4560164.56100,0
1791440940000,82559.40,82583.50,82552.90,82553.00,147.535,1791440999999,12181830.22240,1868,49.810,4112903.69880,0
1791441000000,82552.90,82565.20,82500.10,82500.10,134.854,1791441059999,11129268.62100,2603,35.002,2888863.34250,0
1791441060000,82500.10,82506.50,82483.00,82483.60,166.639,1791441119999,13747159.34240,2219,47.469,3915921.33700,0
1791441120000,82483.60,82492.60,82457.10,82458.70,199.821,1791441179999,16480483.01980,3208,85.696,7067830.14860,0
1791441180000,82458.70,82543.90,82457.00,82537.20,212.615,1791441239999,17544113.14410,4133,126.814,10463709.28450,0
1791441240000,82537.20,82537.20,82473.30,82477.80,83.784,1791441299999,6911907.23200,1830,24.269,2002166.50200,0
1791441300000,82477.90,82557.70,82475.10,82540.70,93.426,1791441359999,7708741.06030,2430,71.520,5901151.23580,0
1791441360000,82540.70,82583.60,82503.30,82555.20,132.246,1791441419999,10916842.70070,3427,73.256,6047105.31640,0
1791441420000,82555.20,82592.00,82534.00,82592.00,49.389,1791441479999,4077746.97290,1713,37.881,3127719.50720,0
1791441480000,82592.00,82592.10,82550.30,82550.30,37.331,1791441539999,3082862.97500,1548,15.306,1264040.01620,0
1791441540000,82550.40,82569.10,82550.00,82569.10,10.052,1791441599999,829874.54510,579,7.348,606629.82770,0
1791441600000,82569.00,82627.70,82569.00,82627.70,78.453,1791441659999,6480095.22450,2036,51.380,4243655.70850,0
1791441660000,82627.70,82649.70,82612.00,82649.70,47.400,1791441719999,3916524.99390,1313,25.143,2077542.35500,0
1791441720000,82649.60,82660.80,82649.60,82650.20,40.244,1791441779999,3326333.35980,970,30.469,2518349.51780,0
1791441780000,82650.10,82697.30,82628.00,82693.30,117.991,1791441839999,9754002.88970,2076,67.935,5615780.53850,0
1791441840000,82693.30,82693.30,82640.10,82662.00,114.376,1791441899999,9454882.85540,1989,70.048,5790083.31780,0
1791441900000,82662.10,82729.80,82662.00,82729.70,73.843,1791441959999,6106243.08350,1646,64.669,5347712.67360,0
1791441960000,82729.80,82739.80,82712.00,82728.10,68.733,1791442019999,5686348.40060,1968,28.983,2397733.32360,0
1791442020000,82728.10,82739.70,82719.10,82733.20,61.598,1791442079999,5095893.49270,1017,23.634,1955146.64170,0
1791442080000,82733.20,82733.20,82713.80,82728.00,42.044,1791442139999,3478095.13300,841,15.731,1301319.64980,0
1791442140000,82727.90,82758.00,82727.90,82758.00,28.885,1791442199999,2390056.61190,1007,23.805,1969752.59500,0
1791442200000,82758.00,82773.30,82748.10,82767.00,53.180,1791442259999,4401656.28750,1273,18.249,1510404.75080,0
1791442260000,82767.00,82788.40,82766.90,82784.80,41.123,1791442319999,3404168.28210,1139,30.767,2546897.98720,0
1791442320000,82784.80,82800.00,82784.70,82789.10,67.120,1791442379999,5557290.27700,1172,24.681,2043448.43540,0
1791442380000,82789.10,82804.40,82789.00,82804.40,77.533,1791442439999,6419577.90000,964,36.362,3010690.00140,0
1791442440000,82804.40,82880.00,82804.30,82880.00,341.094,1791442499999,28253222.77950,2618,276.808,22928378.54590,0
1791442500000,82880.00,82914.90,82836.00,82840.80,288.731,1791442559999,23931084.32400,4427,155.269,12869400.45760,0
1791442560000,82840.70,82865.40,82836.10,82850.00,100.767,1791442619999,8348516.04530,1414,62.491,5177160.77390,0
1791442620000,82850.10,82873.50,82850.00,82873.50,33.898,1791442679999,2808715.99550,786,24.455,2026351.46840,0
1791442680000,82873.50,82889.90,82862.30,82862.40,93.225,1791442739999,7726492.67550,1492,28.374,2351587.45380,0
1791442740000,82862.30,82862.40,82840.00,82840.10,89.811,1791442799999,7440993.75930,890,3.335,276322.55500,0
1791442800000,82840.10,82840.10,82778.00,82783.50,161.122,1791442859999,13340272.98260,2930,50.479,4179713.04990,0
1791442860000,82783.50,82783.60,82759.60,82759.60,65.319,1791442919999,5406659.01380,1018,4.502,372657.91960,0
1791442920000,82759.70,82759.70,82728.20,82728.20,50.160,1791442979999,4150338.95640,1389,23.692,1960295.66710,0
1791442980000,82728.30,82728.30,82675.30,82675.50,85.932,1791443039999,7106240.04390,1828,30.986,2562123.34410,0
1791443040000,82675.60,82717.30,82675.50,82703.50,40.804,1791443099999,3374327.01380,1552,24.366,2014970.57900,0
1791443100000,82703.40,82795.70,82697.80,82775.50,69.181,1791443159999,5724372.80530,2531,43.090,3565693.72820,0
1791443160000,82775.50,82875.60,82715.60,82875.60,161.202,1791443219999,13347184.30070,4239,93.655,7756168.27470,0
1791443220000,82875.50,82948.50,82860.60,82948.50,181.807,1791443279999,15073201.75370,3795,119.818,9933042.06450,0
1791443280000,82948.40,82987.80,82886.50,82886.60,226.921,1791443339999,18823934.65570,4563,124.304,10312746.50950,0
1791443340000,82886.60,82951.40,82858.70,82942.80,55.564,1791443399999,4606482.48630,2408,30.460,2525401.50150,0
1791443400000,82942.80,82988.00,82934.60,82983.00,108.195,1791443459999,8976117.39800,2554,34.425,2855924.97180,0
1791443460000,82983.00,83013.80,82962.00,82989.90,182.390,1791443519999,15137638.91740,3391,136.666,11342967.18130,0
1791443520000,82989.90,82997.90,82946.00,82946.00,89.783,1791443579999,7450007.15240,2144,38.984,3234895.24650,0
1791443580000,82946.10,82979.40,82935.00,82979.40,74.444,1791443639999,6176411.77340,1960,31.246,2592436.13580,0
1791443640000,82979.30,83043.30,82979.30,83017.50,121.147,1791443699999,10057923.40630,2621,83.112,6899999.27070,0
1791443700000,83017.50,83020.00,82961.90,82962.00,117.635,1791443759999,9763341.78960,2194,43.814,3636501.51030,0
1791443760000,82962.00,83048.10,82950.30,83048.10,112.594,1791443819999,9345612.74450,2335,89.407,7421327.73880,0
1791443820000,83048.10,83090.00,83048.00,83090.00,175.769,1791443879999,14601438.72010,3583,121.304,10076687.86170,0
1791443880000,83089.90,83141.30,83071.60,83071.60,245.018,1791443939999,20363404.86970,4539,154.516,12841909.83100,0
1791443940000,83071.60,83123.20,83071.60,83110.00,63.159,1791443999999,5248811.59510,1492,43.350,3602425.85590,0
1791444000000,83110.10,83124.00,83093.10,83123.30,87.500,1791444059999,7272000.96350,2029,61.785,5134882.80680,0
1791444060000,83123.20,83149.60,83100.40,83142.80,92.458,1791444119999,7685386.03650,2766,58.192,4837153.26220,0
1791444120000,83142.90,83222.00,83136.20,83220.00,247.062,1791444179999,20551049.72540,4693,190.242,15824352.18100,0
1791444180000,83220.10,83245.00,83148.50,83154.50,267.475,1791444239999,22255902.41280,4634,145.129,12077076.23260,0
1791444240000,83154.40,83188.70,83130.00,83130.00,92.238,1791444299999,7670861.42320,2623,46.951,3904624.09930,0
1791444300000,83130.10,83130.10,83082.10,83082.10,68.621,1791444359999,5702318.13580,2121,21.157,1758044.34120,0
1791444360000,83082.10,83108.60,83073.10,83073.10,80.668,1791444419999,6702573.14700,1782,41.221,3424930.23520,0
1791444420000,83073.10,83081.20,83067.50,83068.60,70.035,1791444479999,5818058.85570,1577,33.238,2761159.97830,0
1791444480000,83068.60,83096.20,83068.50,83075.00,95.165,1791444539999,7906322.28720,1228,56.656,4706946.85460,0
1791444540000,83075.00,83109.00,83070.00,83100.00,144.078,1791444599999,11970695.52940,1817,129.702,10776221.55220,0
1791444600000,83100.00,83134.50,83099.90,83109.70,118.668,1791444659999,9863475.54700,2665,45.080,3746715.10530,0
1791444660000,83109.70,83109.70,83073.40,83109.50,89.236,1791444719999,7415030.63380,1687,52.308,4346495.38340,0
1791444720000,83109.50,83134.30,83102.50,83102.50,43.812,1791444779999,3641863.11630,1436,16.684,1386828.07260,0
1791444780000,83102.50,83102.60,83072.10,83072.10,39.601,1791444839999,3290449.94040,1787,16.512,1371995.52780,0
1791444840000,83072.10,83092.80,83070.00,83070.10,49.075,1791444899999,4076984.64580,1453,29.014,2410349.00990,0
1791444900000,83070.10,83070.10,83041.10,83069.10,46.572,1791444959999,3868266.15300,1771,14.515,1205574.32140,0
1791444960000,83069.10,83156.00,83069.10,83155.50,178.788,1791445019999,14859684.25910,2644,159.109,13224458.67670,0
1791445020000,83155.50,83156.90,83131.60,83139.40,56.174,1791445079999,4670703.48930,1565,34.639,2880046.77940,0
1791445080000,83139.30,83169.50,83131.60,83144.10,64.902,1791445139999,5397148.43130,1876,31.752,2640378.71150,0
1791445140000,83144.20,83150.10,83114.20,83115.50,96.280,1791445199999,8004732.87400,1914,54.112,4498911.54000,0
1791445200000,83115.40,83124.90,83078.10,83090.40,74.651,1791445259999,6203700.03480,2080,14.895,1237758.17710,0
1791445260000,83090.40,83097.70,83080.00,83080.10,34.669,1791445319999,2880602.49480,1354,10.681,887436.93680,0
1791445320000,83080.10,83081.10,83060.40,83060.50,35.583,1791445379999,2955916.51880,1230,8.275,687417.63960,0
1791445380000,83060.50,83060.50,83041.30,83048.50,56.894,1791445439999,4725008.67740,1533,13.652,1133767.28980,0
1791445440000,83048.50,83063.00,83042.00,83048.00,77.565,1791445499999,6441878.91740,1615,34.694,2881375.05660,0
1791445500000,83047.90,83048.00,83021.20,83048.00,63.767,1791445559999,5294999.88100,1552,30.798,2557324.01180,0
1791445560000,83048.00,83048.00,83021.80,83029.60,49.402,1791445619999,4101950.35080,1516,13.767,1143061.10640,0
1791445620000,83029.60,83029.60,83027.20,83029.20,22.972,1791445679999,1907338.05580,675,9.087,754480.07840,0
1791445680000,83029.20,83044.50,83008.40,83044.50,56.233,1791445739999,4668422.43260,1667,23.824,1977901.97070,0
1791445740000,83044.50,83054.00,83035.20,83047.20,93.494,1791445799999,7764298.53800,1917,37.728,3133104.45130,0
1791445800000,83047.20,83047.30,83000.00,83000.00,59.806,1791445859999,4965224.37000,1492,8.999,747170.15760,0
1791445860000,83000.10,83035.90,82976.10,83030.50,112.994,1791445919999,9377958.23430,2319,75.579,6272702.73350,0
1791445920000,83030.60,83032.70,83011.00,83011.00,29.626,1791445979999,2459631.04050,1393,11.086,920372.88060,0
1791445980000,83011.10,83020.30,82983.40,82983.40,40.116,1791446039999,3329772.63550,2065,10.760,893115.70840,0
1791446040000,82983.30,82983.40,82916.40,82946.80,425.117,1791446099999,35259573.19080,3980,157.375,13051704.27230,0
1791446100000,82946.80,82967.10,82925.70,82967.00,66.054,1791446159999,5478433.79250,1972,34.086,2826991.30900,0
1791446160000,82967.00,82970.50,82960.30,82970.40,49.997,1791446219999,4147942.29960,815,20.701,1717400.91630,0
1791446220000,82970.50,82980.00,82970.40,82980.00,48.351,1791446279999,4011972.06090,636,28.681,2379857.01380,0
1791446280000,82980.00,82980.00,82956.40,82963.70,54.813,1791446339999,4547742.13120,1108,11.562,959252.56270,0
1791446340000,82963.70,82963.70,82948.20,82948.30,48.133,1791446399999,3992883.78780,1871,15.097,1252401.24990,0
1791446400000,82948.30,82980.00,82942.10,82955.00,56.999,1791446459999,4728650.13450,2634,31.204,2588630.80190,0
1791446460000,82955.10,82999.90,82931.50,82985.50,96.249,1791446519999,7985908.43920,2834,61.145,5073544.76000,0
1791446520000,82985.50,82985.50,82900.20,82909.60,75.562,1791446579999,6266295.39580,2760,17.123,1420260.98350,0
1791446580000,82909.60,82962.00,82909.50,82925.90,53.790,1791446639999,4461296.76280,2165,24.729,2050756.05670,0
1791446640000,82925.90,82967.40,82906.40,82967.20,68.022,1791446699999,5641711.15870,2515,49.383,4095655.06080,0
1791446700000,82967.30,83000.00,82967.20,82999.90,75.099,1791446759999,6232189.48430,2206,64.442,5347764.80940,0
1791446760000,82999.80,82999.90,82951.90,82974.90,49.751,1791446819999,4128103.92260,2082,20.081,1666231.55640,0
1791446820000,82974.90,83007.10,82952.40,83005.00,39.298,1791446879999,3260995.83470,1697,30.494,2530529.69780,0
1791446880000,83005.00,83016.50,82982.90,82983.00,34.461,1791446939999,2860293.25470,1200,12.925,1072794.98030,0
1791446940000,82983.00,83000.20,82970.50,82991.20,17.377,1791446999999,1442078.88760,948,10.328,857058.58100,0
1791447000000,82991.20,82991.20,82950.00,82968.70,52.165,1791447059999,4328164.59350,2491,27.759,2303069.23430,0
1791447060000,82968.70,82984.00,82894.90,82920.40,78.158,1791447119999,6481173.79960,2615,23.621,1958929.84260,0
1791447120000,82920.50,82935.50,82890.50,82920.30,50.376,1791447179999,4176905.55420,2188,13.297,1102504.65240,0
1791447180000,82920.30,82941.50,82867.80,82885.40,189.397,1791447239999,15699129.04340,3785,48.519,4022162.10740,0
1791447240000,82885.50,82920.30,82880.00,82915.30,48.837,1791447299999,4048877.37990,1248,34.210,2836312.02700,0
1791447300000,82915.30,82960.70,82895.70,82960.70,155.562,1791447359999,12899872.09250,3045,96.883,8033825.98450,0
1791447360000,82960.70,82997.20,82950.00,82963.00,128.025,1791447419999,10621952.53770,2318,90.478,7506482.77850,0
1791447420000,82962.90,82985.80,82925.80,82951.70,127.164,1791447479999,10549931.26810,2548,81.264,6742195.36780,0
1791447480000,82951.60,83006.40,82942.00,83006.30,85.860,1791447539999,7124138.26490,2087,47.839,3969424.32460,0
1791447540000,83006.30,83019.00,82980.40,82980.50,27.933,1791447599999,2318667.80080,1110,16.296,1352684.25340,0
1791447600000,82980.50,82980.50,82945.90,82957.10,30.267,1791447659999,2511019.89220,1504,11.782,977446.77660,0
1791447660000,82957.10,82957.10,82934.80,82935.80,41.087,1791447719999,3407795.85220,1169,25.092,2081108.57560,0
1791447720000,82935.70,82950.80,82910.80,82927.10,59.160,1791447779999,4906128.18990,1720,36.346,3014183.28080,0
1791447780000,82927.20,82952.30,82888.90,82889.00,89.301,1791447839999,7404636.95780,2352,22.719,1883746.94070,0
1791447840000,82889.00,82905.90,82888.00,82890.10,40.432,1791447899999,3351435.48390,853,26.341,2183413.33000,0
1791447900000,82890.10,82919.60,82882.80,82919.60,31.138,1791447959999,2581114.44330,904,20.634,1710415.45490,0
1791447960000,82919.60,82923.00,82889.80,82923.00,50.799,1791448019999,4211784.42540,1301,29.015,2405581.41920,0
1791448020000,82923.00,82952.30,82922.90,82952.20,20.364,1791448079999,1688806.36600,806,14.851,1231602.33000,0
1791448080000,82952.30,82952.30,82927.50,82930.00,37.398,1791448139999,3101593.57930,851,14.785,1226148.71420,0
1791448140000,82929.90,82954.10,82929.90,82954.10,31.889,1791448199999,2644843.02370,639,28.090,2329729.74390,0
1791448200000,82954.10,82978.50,82909.80,82912.50,103.697,1791448259999,8601457.19150,3193,48.248,4001940.10060,0
1791448260000,82912.50,82931.60,82880.40,82880.50,58.603,1791448319999,4858662.53260,1594,14.337,1188718.95860,0
1791448320000,82880.50,82880.50,82819.00,82819.00,232.421,1791448379999,19255732.44650,2699,34.353,2846153.22450,0
1791448380000,82819.10,82867.10,82795.30,82839.80,230.331,1791448439999,19075814.17750,4234,75.069,6218023.07950,0
1791448440000,82839.70,82865.40,82801.80,82801.80,36.313,1791448499999,3007919.41820,1603,13.261,1098432.97090,0
1791448500000,82801.90,82801.90,82782.00,82795.90,87.977,1791448559999,7283703.75940,1796,17.916,1483284.45570,0
1791448560000,82796.00,82796.00,82763.70,82764.90,100.339,1791448619999,8306029.89390,1932,51.105,4230580.15070,0
1791448620000,82764.90,82767.90,82740.20,82762.50,199.735,1791448679999,16528728.44900,2603,59.029,4884876.92810,0
1791448680000,82762.50,82820.00,82754.30,82816.50,100.633,1791448739999,8331543.29160,2034,67.748,5608623.97460,0
1791448740000,82816.50,82819.60,82766.30,82798.80,120.677,1791448799999,9990071.11850,2245,45.179,3739942.47570,0
1791448800000,82798.90,82811.80,82790.00,82790.00,26.577,1791448859999,2200549.56090,885,15.285,1265570.86430,0
1791448860000,82790.00,82790.10,82747.60,82747.60,59.297,1791448919999,4907982.28640,1471,15.715,1300680.21800,0
1791448920000,82747.70,82787.90,82747.60,82787.80,54.280,1791448979999,4492971.44990,1251,31.873,2638158.50360,0
1791448980000,82787.90,82829.80,82787.80,82829.70,33.673,1791449039999,2788093.83020,896,25.090,2077467.84240,0
1791449040000,82829.70,82860.50,82815.60,82822.20,71.907,1791449099999,5956852.87340,1998,18.102,1499692.22990,0
1791449100000,82822.10,82860.00,82811.90,82859.40,35.178,1791449159999,2913975.21670,1306,22.135,1833563.09690,0
1791449160000,82859.40,82912.10,82859.40,82907.30,51.841,1791449219999,4296978.72850,1360,40.427,3350883.68810,0
1791449220000,82907.40,82907.40,82866.70,82866.80,38.475,1791449279999,3189383.63580,1046,15.034,1246221.32330,0
1791449280000,82866.70,82866.80,82814.40,82850.90,50.096,1791449339999,4149559.48960,1769,20.415,1691036.16530,0
1791449340000,82851.00,82880.90,82831.00,82860.90,64.980,1791449399999,5383419.14430,1400,21.989,1821955.38220,0
1791449400000,82860.90,82886.00,82821.10,82829.40,50.500,1791449459999,4183879.31620,1569,20.284,1680330.24630,0
1791449460000,82829.40,82874.40,82829.30,82848.60,26.228,1791449519999,2173196.29690,1203,14.561,1206467.55990,0
1791449520000,82848.60,82848.60,82813.60,82813.70,33.684,1791449579999,2790115.87010,1714,10.830,897044.83940,0
1791449580000,82813.60,82813.70,82802.80,82804.10,32.877,1791449639999,2722405.35430,873,10.965,907961.11140,0
1791449640000,82804.10,82812.00,82788.10,82795.30,51.064,1791449699999,4228020.60360,1332,18.454,1527926.61450,0
1791449700000,82795.40,82828.10,82788.00,82828.00,36.226,1791449759999,2999687.05820,1354,24.100,1995670.19180,0
1791449760000,82828.10,82849.70,82812.40,82812.50,33.857,1791449819999,2804595.46240,1308,14.604,1209718.36600,0
1791449820000,82812.50,82829.70,82802.60,82810.80,37.577,1791449879999,3111976.34600,1090,18.744,1552191.15120,0
1791449880000,82810.80,82826.10,82803.00,82815.10,36.705,1791449939999,3039558.52570,1126,24.645,2040847.49710,0
1791449940000,82815.10,82829.90,82815.00,82829.90,16.642,1791449999999,1378282.23070,525,15.555,1288258.84810,0
1791450000000,82829.90,82899.20,82829.90,82882.40,68.017,1791450059999,5636415.25650,2269,45.692,3786421.76650,0
1791450060000,82882.40,82882.40,82852.40,82852.60,35.943,1791450119999,2978462.08540,1888,11.849,981854.47040,0
1791450120000,82852.60,82935.10,82852.60,82935.10,39.173,1791450179999,3247196.85330,1711,26.988,2237186.52420,0
1791450180000,82935.10,82938.00,82921.70,82934.20,55.565,1791450239999,4608210.65300,1498,36.831,3054529.33310,0
1791450240000,82934.20,82980.10,82934.20,82980.10,89.146,1791450299999,7396299.67380,1823,72.892,6047710.49270,0
1791450300000,82980.00,83013.20,82980.00,82988.70,122.817,1791450359999,10193449.90580,2654,97.874,8123101.29700,0
1791450360000,82988.80,83010.90,82983.10,83010.90,33.787,1791450419999,2804225.47120,1100,29.219,2425096.66810,0
1791450420000,83010.90,83010.90,82981.70,82995.70,45.446,1791450479999,3771691.15490,1622,18.361,1523837.74260,0
1791450480000,82995.70,83014.50,82990.80,82990.90,38.923,1791450539999,3230846.80530,1095,28.058,2329002.76460,0
1791450540000,82990.90,83001.00,82980.20,82995.90,39.871,1791450599999,3308938.20720,1116,19.954,1655996.07900,0
1791450600000,82995.90,83005.10,82963.60,82963.70,58.739,1791450659999,4874785.85140,1401,18.955,1573247.11030,0
1791450660000,82963.70,82999.30,82963.60,82985.90,30.893,1791450719999,2563956.17880,1406,20.644,1713315.05780,0
1791450720000,82986.00,82986.00,82960.20,82960.20,9.470,1791450779999,785747.13300,755,2.118,175738.84690,0
1791450780000,82960.10,83000.00,82950.10,83000.00,42.773,1791450839999,3549159.04920,1202,36.962,3066991.69560,0
1791450840000,83000.00,83024.10,82986.40,82991.50,55.688,1791450899999,4622837.06370,2015,36.098,2996669.93510,0
1791450900000,82991.50,83004.20,82926.90,82927.00,33.053,1791450959999,2742115.16480,1505,6.238,517589.76050,0
1791450960000,82927.00,82927.00,82850.00,82850.00,140.732,1791451019999,11666930.01380,2320,14.094,1168284.08880,0
1791451020000,82850.10,82874.10,82768.20,82873.90,115.013,1791451079999,9523445.97670,4040,41.821,3463202.42920,0
1791451080000,82873.90,82921.00,82864.60,82906.40,76.484,1791451139999,6340438.14020,2481,33.066,2741014.46070,0
1791451140000,82906.40,82931.80,82891.30,82930.30,28.345,1791451199999,2350225.63840,1098,16.839,1396111.57400,0
1791451200000,82930.30,82946.20,82913.30,82920.60,32.894,1791451259999,2728023.99050,1225,16.269,1349230.83730,0
1791451260000,82920.60,82950.40,82920.50,82950.10,21.379,1791451319999,1773193.11260,905,18.455,1530669.93120,0
1791451320000,82950.10,82988.00,82950.00,82988.00,155.051,1791451379999,12862833.19020,1715,135.263,11221024.09950,0
1791451380000,82988.00,83012.50,82987.50,83012.50,33.580,1791451439999,2787069.60990,1136,24.479,2031689.41340,0
1791451440000,83012.50,83040.00,83012.50,83019.80,68.046,1791451499999,5649625.36730,1653,28.165,2338388.14110,0
1791451500000,83019.80,83019.80,83005.10,83005.20,40.160,1791451559999,3333884.27650,738,16.927,1405167.38050,0
1791451560000,83005.10,83014.60,82983.80,83014.60,46.010,1791451619999,3818871.76110,1287,27.308,2266610.45300,0
1791451620000,83014.60,83016.30,82988.10,83011.80,50.812,1791451679999,4217541.12670,1345,40.554,3366043.95950,0
1791451680000,83011.90,83011.90,82992.60,82992.70,20.541,1791451739999,1704899.38440,524,7.100,589291.98670,0
1791451740000,82992.70,82997.20,82979.20,82997.20,23.697,1791451799999,1966508.98450,917,16.976,1408753.58420,0
1791451800000,82997.20,83015.00,82960.10,82989.40,30.902,1791451859999,2564509.21480,1632,14.145,1173829.20300,0
1791451860000,82989.40,83056.40,82982.70,83036.80,122.276,1791451919999,10152995.23580,3243,107.640,8937941.18290,0
1791451920000,83036.80,83094.70,83036.80,83094.60,218.675,1791451979999,18164665.01840,3435,188.336,15644672.84080,0
1791451980000,83094.60,83119.30,83078.50,83115.90,111.402,1791452039999,9257918.99120,2921,83.962,6977492.84140,0
1791452040000,83115.90,83115.90,83053.60,83082.80,61.463,1791452099999,5107128.49250,2237,24.127,2004804.44550,0
1791452100000,83082.80,83099.30,83080.40,83099.30,29.107,1791452159999,2418520.01890,1081,22.952,1907096.13340,0
1791452160000,83099.30,83111.00,83095.50,83095.60,26.678,1791452219999,2216981.67100,876,17.662,1467735.82020,0
1791452220000,83095.60,83114.90,83095.50,83109.00,40.615,1791452279999,3375376.20910,941,29.201,2426745.18930,0
1791452280000,83109.00,83116.00,83105.90,83108.70,45.907,1791452339999,3815498.67580,1006,27.731,2304795.09060,0
1791452340000,83108.70,83111.40,83102.60,83111.40,65.959,1791452399999,5481631.59290,1133,54.809,4554976.83510,0
1791452400000,83111.30,83111.40,83087.80,83090.60,35.489,1791452459999,2948974.12510,1215,17.856,1483733.83130,0
1791452460000,83090.60,83118.10,83090.50,83118.00,36.909,1791452519999,3067453.69760,980,25.687,2134820.06380,0
1791452520000,83118.10,83126.30,83115.50,83124.20,78.110,1791452579999,6492591.71490,1502,49.446,4110032.60830,0
1791452580000,83124.20,83129.50,83062.00,83062.10,94.011,1791452639999,7812481.38590,2200,21.156,1758408.32570,0
1791452640000,83062.10,83082.60,83041.30,83082.50,42.435,1791452699999,3524790.71830,1544,28.116,2335441.67200,0
1791452700000,83082.60,83125.50,83080.60,83125.50,84.736,1791452759999,7041530.37980,1683,46.603,3872507.23340,0
1791452760000,83125.40,83125.50,83094.90,83100.40,27.224,1791452819999,2262387.32740,905,20.453,1699661.93680,0
1791452820000,83100.50,83100.50,83065.00,83065.10,63.100,1791452879999,5242360.25050,1396,8.494,705739.28790,0
1791452880000,83065.00,83065.10,83030.10,83064.90,68.536,1791452939999,5691815.39070,1807,20.854,1731893.34600,0
1791452940000,83065.00,83065.00,83040.10,83040.20,17.053,1791452999999,1416331.00250,808,3.294,273579.99350,0
1791453000000,83040.20,83047.30,83008.80,83047.20,67.873,1791453059999,5635113.45390,1863,40.287,3344873.15970,0
1791453060000,83047.20,83059.70,83021.60,83059.60,26.163,1791453119999,2172384.87410,1389,16.855,1399517.31400,0
1791453120000,83059.70,83065.00,83050.20,83065.00,14.621,1791453179999,1214371.04590,610,7.834,650665.08400,0
1791453180000,83065.00,83095.20,83064.90,83084.10,31.229,1791453239999,2594627.13920,962,18.585,1544113.90860,0
1791453240000,83084.20,83084.20,83050.00,83051.70,49.655,1791453299999,4124625.04590,1473,9.294,772008.60730,0
1791453300000,83051.80,83053.60,83032.70,83043.70,27.281,1791453359999,2265544.31880,989,13.186,1095024.58720,0
1791453360000,83043.70,83047.40,83032.70,83047.40,22.466,1791453419999,1865561.97050,666,7.106,590089.77240,0
1791453420000,83047.40,83059.40,83038.50,83055.00,21.899,1791453479999,1818641.91480,897,13.049,1083659.73370,0
1791453480000,83054.90,83085.00,83051.30,83080.00,34.193,1791453539999,2840184.27960,1222,25.768,2140345.33950,0
1791453540000,83080.00,83080.10,83073.80,83080.00,16.747,1791453599999,1391325.93390,500,7.670,637217.88310,0
1791453600000,83079.90,83093.40,83061.60,83061.60,26.973,1791453659999,2241005.66220,1065,19.384,1610494.14240,0
1791453660000,83061.60,83077.10,83051.80,83077.10,31.373,1791453719999,2605902.78420,1032,18.215,1512956.64710,0
1791453720000,83077.00,83103.10,83077.00,83094.80,31.823,1791453779999,2644117.66970,1088,15.501,1288009.10720,0
1791453780000,83094.70,83122.50,83094.70,83122.50,51.321,1791453839999,4265441.92430,1018,44.964,3737071.52870,0
1791453840000,83122.40,83122.40,83108.50,83121.00,27.912,1791453899999,2319823.45850,898,21.085,1752408.95220,0
1791453900000,83121.00,83133.60,83065.80,83065.90,98.015,1791453959999,8145346.96940,2289,19.488,1619786.13990,0
1791453960000,83065.80,83076.40,83056.60,83056.70,35.386,1791454019999,2939276.57910,1223,15.973,1326785.96030,0
1791454020000,83056.60,83070.40,83047.50,83050.10,24.491,1791454079999,2034139.95420,1117,13.520,1122922.50890,0
1791454080000,83050.00,83050.10,83016.70,83026.20,22.344,1791454139999,1855342.52970,1430,6.593,547396.16590,0
1791454140000,83026.20,83026.20,82980.60,82985.90,41.073,1791454199999,3408931.81250,1728,10.556,876063.32380,0
1791454200000,82986.00,83021.30,82980.40,83002.90,58.681,1791454259999,4870796.75470,1486,50.828,4219060.48480,0
1791454260000,83002.90,83029.60,83002.80,83025.70,14.779,1791454319999,1226851.23310,658,10.349,859087.40030,0
1791454320000,83025.60,83040.20,83021.20,83040.20,17.376,1791454379999,1442763.68520,624,14.917,1238587.26420,0
1791454380000,83040.10,83046.90,83034.10,83046.90,26.390,1791454439999,2191483.82830,694,11.331,940948.23020,0
1791454440000,83046.90,83046.90,83023.80,83028.50,28.772,1791454499999,2388979.59700,698,8.366,694605.48230,0
1791454500000,83028.60,83032.50,82974.60,82974.70,44.658,1791454559999,3706972.69310,1457,1.956,162361.36650,0
1791454560000,82974.60,83013.00,82960.60,83000.60,109.209,1791454619999,9062775.15150,2482,73.433,6093721.84460,0
1791454620000,83000.60,83000.60,82955.00,82955.10,28.754,1791454679999,2385746.70630,954,9.306,772126.32090,0
1791454680000,82955.00,82959.20,82932.90,82935.90,65.404,1791454739999,5424728.44180,1617,35.403,2936414.02580,0
1791454740000,82935.80,82960.10,82916.70,82916.70,58.062,1791454799999,4815502.37140,1619,17.771,1473940.80560,0
1791454800000,82916.80,82916.80,82890.70,82892.80,45.804,1791454859999,3797269.62690,1880,14.166,1174374.91360,0
1791454860000,82892.90,82918.50,82892.80,82910.80,49.749,1791454919999,4124319.78450,1028,33.587,2784455.58680,0
1791454920000,82910.70,82950.80,82910.70,82950.80,38.161,1791454979999,3164540.82180,932,35.342,2930788.36840,0
1791454980000,82950.80,82970.30,82936.00,82943.70,57.121,1791455039999,4738821.07080,1416,40.020,3320159.14180,0
1791455040000,82943.70,82949.00,82914.70,82923.50,36.694,1791455099999,3042922.00090,1195,21.972,1822044.73830,0
1791455100000,82923.40,82923.50,82790.50,82791.90,336.553,1791455159999,27885702.08270,5404,47.278,3916647.91700,0
1791455160000,82792.00,82808.60,82750.00,82750.10,85.626,1791455219999,7088472.93150,2439,28.778,2382533.72700,0
1791455220000,82750.10,82765.40,82701.10,82757.60,166.247,1791455279999,13752725.71200,3857,67.147,5555117.12670,0
1791455280000,82757.60,82769.00,82678.30,82692.70,176.408,1791455339999,14591690.78830,3408,61.615,5096497.60940,0
1791455340000,82692.80,82745.40,82687.90,82745.40,147.267,1791455399999,12181465.13340,2660,119.033,9846089.77440,0
1791455400000,82745.40,82806.40,82729.70,82771.00,184.015,1791455459999,15229848.70170,2986,76.061,6295784.05900,0
1791455460000,82771.10,82785.70,82762.50,82782.30,51.677,1791455519999,4277635.06740,1388,37.540,3107419.01170,0
1791455520000,82782.30,82789.30,82705.90,82726.90,60.608,1791455579999,5015325.46270,1944,16.756,1386559.87160,0
1791455580000,82726.90,82726.90,82639.70,82668.80,285.453,1791455639999,23597375.14750,5196,79.903,6605260.39890,0
1791455640000,82668.70,82718.80,82650.50,82692.50,109.062,1791455699999,9018116.89710,2358,56.117,4640132.55820,0
1791455700000,82692.60,82719.60,82670.80,82719.60,59.859,1791455759999,4949619.39320,2285,35.212,2911578.21230,0
1791455760000,82719.50,82724.50,82703.90,82708.80,31.146,1791455819999,2576224.88780,1239,17.489,1446565.18050,0
1791455820000,82708.90,82708.90,82660.10,82660.20,54.460,1791455879999,4503034.16460,1383,17.529,1449281.02560,0
1791455880000,82660.10,82666.30,82640.90,82648.70,123.967,1791455939999,10246059.03340,2407,32.830,2713358.76530,0
1791455940000,82648.70,82655.00,82622.20,82649.90,129.339,1791455999999,10688372.24280,1913,78.736,6506607.66650,0
1791456000000,82649.90,82669.90,82623.40,82653.20,120.380,1791456059999,9948270.67530,2632,45.996,3801285.06320,0
1791456060000,82653.20,82653.30,82627.10,82627.10,54.129,1791456119999,4473106.43660,1128,25.296,2090378.24200,0
1791456120000,82627.10,82627.20,82575.40,82578.70,192.345,1791456179999,15887114.14280,3466,37.350,3084965.09210,0
1791456180000,82578.70,82640.60,82578.70,82619.80,108.578,1791456239999,8971097.48890,2619,40.664,3359290.37490,0
1791456240000,82619.80,82672.10,82619.70,82670.40,39.964,1791456299999,3303231.10350,1594,28.956,2393237.84090,0
1791456300000,82670.50,82697.30,82662.00,82678.90,54.555,1791456359999,4510655.49990,1866,33.766,2791826.39510,0
1791456360000,82679.00,82682.50,82612.10,82612.10,55.275,1791456419999,4568157.70030,1823,19.124,1580637.66880,0
1791456420000,82612.10,82627.40,82560.50,82568.90,139.645,1791456479999,11533709.08450,2953,46.158,3812747.21190,0
1791456480000,82568.90,82582.40,82555.00,82559.30,168.219,1791456539999,13888283.18750,2823,55.993,4622834.69060,0
1791456540000,82559.40,82643.30,82559.30,82643.30,135.745,1791456599999,11211690.70430,2898,125.213,10341738.05750,0
1791456600000,82643.30,82643.80,82607.30,82607.40,225.843,1791456659999,18661240.82440,2286,54.206,4479024.13310,0
1791456660000,82607.30,82660.80,82607.30,82660.80,54.980,1791456719999,4543262.95510,1835,38.715,3199162.22100,0
1791456720000,82660.80,82694.40,82660.70,82670.30,50.784,1791456779999,4198781.38720,1559,33.872,2800453.90860,0
1791456780000,82670.30,82715.90,82663.30,82700.00,118.994,1791456839999,9840562.02390,2393,93.703,7749029.38470,0
1791456840000,82700.10,82709.00,82645.30,82646.50,82.674,1791456899999,6834991.06670,1743,23.838,1970866.12260,0
1791456900000,82646.50,82672.40,82646.40,82660.90,55.504,1791456959999,4587818.19150,1302,27.203,2248441.58280,0
1791456960000,82660.90,82682.40,82660.80,82672.40,44.866,1791457019999,3709170.02410,1150,21.360,1765857.78200,0
1791457020000,82672.40,82700.90,82635.60,82690.70,70.003,1791457079999,5786988.30690,2017,43.188,3570641.06530,0
1791457080000,82690.70,82706.80,82675.40,82698.30,67.818,1791457139999,5607863.91060,1630,17.688,1462608.61590,0
1791457140000,82698.30,82716.60,82684.80,82684.90,157.390,1791457199999,13018076.77190,1364,48.254,3991005.41430,0
1791457200000,82684.80,82695.60,82642.00,82642.00,39.783,1791457259999,3288769.43390,1275,11.480,949139.39610,0
1791457260000,82642.10,82642.10,82607.30,82607.40,59.533,1791457319999,4918790.98590,1101,11.317,935102.25260,0
1791457320000,82607.40,82607.40,82569.80,82586.30,65.041,1791457379999,5371307.25220,2203,24.297,2006493.45120,0
1791457380000,82586.30,82614.40,82580.00,82580.00,46.468,1791457439999,3838141.22710,1442,30.073,2483941.72830,0
1791457440000,82580.10,82610.40,82528.00,82610.30,394.837,1791457499999,32597536.85910,4585,104.383,8618419.67400,0
1791457500000,82610.30,82648.40,82600.00,82600.30,105.202,1791457559999,8691745.25260,2558,55.090,4551256.43450,0
1791457560000,82600.30,82600.30,82503.80,82523.70,125.408,1791457619999,10349651.68270,3300,48.495,4002132.19800,0
1791457620000,82523.80,82536.90,82463.20,82481.90,257.293,1791457679999,21225238.84560,5643,89.107,7351111.28980,0
1791457680000,82481.90,82514.70,82452.00,82466.60,125.627,1791457739999,10361505.47560,3675,64.581,5326704.43960,0
1791457740000,82466.60,82466.60,82407.90,82423.00,332.003,1791457799999,27368958.87120,4583,94.256,7769810.26630,0
1791457800000,82423.00,82477.00,82413.90,82437.80,210.950,1791457859999,17391045.80590,4413,146.990,12117686.17970,0
1791457860000,82437.80,82437.90,82273.00,82408.10,1005.099,1791457919999,82763834.22340,14818,324.469,26717194.15990,0
1791457920000,82408.10,82408.10,82284.60,82379.70,271.240,1791457979999,22335510.91840,5582,143.777,11839555.24660,0
1791457980000,82379.90,82441.70,82370.00,82441.70,473.399,1791458039999,39009149.56400,5784,395.736,32609923.50650,0
1791458040000,82441.60,82489.20,82427.10,82438.90,150.483,1791458099999,12408539.00520,3312,96.477,7955340.42610,0
1791458100000,82438.90,82438.90,82355.00,82367.90,135.061,1791458159999,11128983.02480,3330,39.645,3266845.64090,0
1791458160000,82367.90,82377.40,82305.30,82340.80,335.280,1791458219999,27609736.63700,4893,110.193,9074708.65140,0
1791458220000,82340.80,82373.00,82300.00,82308.90,81.148,1791458279999,6681742.12470,2997,36.803,3030554.55090,0
1791458280000,82308.90,82381.00,82308.90,82381.00,112.978,1791458339999,9305228.63660,2969,85.172,7015081.96000,0
1791458340000,82381.00,82391.10,82341.50,82344.20,119.028,1791458399999,9803650.15680,2699,76.321,6286045.71210,0
1791458400000,82344.20,82406.40,82344.10,82388.40,109.745,1791458459999,9040849.25760,2560,65.942,5432427.85400,0
1791458460000,82388.30,82418.50,82366.10,82413.40,76.088,1791458519999,6269514.13700,1914,57.900,4771033.63570,0
1791458520000,82413.40,82474.70,82413.40,82474.60,240.257,1791458579999,19807267.61570,2423,196.942,16236561.59020,0
1791458580000,82474.70,82547.50,82474.60,82540.70,172.194,1791458639999,14207284.29600,2749,141.970,11713371.39240,0
1791458640000,82540.80,82568.00,82485.00,82485.00,170.426,1791458699999,14066750.45210,3309,79.259,6542387.04260,0
1791458700000,82485.10,82500.00,82452.30,82452.40,65.689,1791458759999,5418402.01340,1911,32.772,2703349.01430,0
1791458760000,82452.30,82463.80,82429.30,82460.10,103.027,1791458819999,8493923.43480,2186,68.584,5654319.94620,0
1791458820000,82460.00,82488.00,82460.00,82488.00,52.948,1791458879999,4366700.18550,1133,42.931,3540543.12930,0
1791458880000,82488.00,82515.20,82487.90,82514.00,134.307,1791458939999,11080327.09740,1262,122.440,10101335.69880,0
1791458940000,82514.00,82520.00,82513.90,82514.10,42.455,1791458999999,3503260.67370,818,28.233,2329709.37180,0
1791459000000,82514.10,82598.00,82514.00,82543.70,171.797,1791459059999,14185982.93950,3542,135.130,11158049.77200,0
1791459060000,82543.70,82568.60,82520.00,82520.00,78.805,1791459119999,6505048.98500,2078,30.827,2544599.78840,0
1791459120000,82520.00,82520.00,82462.90,82505.80,129.361,1791459179999,10671118.24170,3077,68.116,5618916.64250,0
1791459180000,82505.70,82505.80,82463.50,82463.50,29.780,1791459239999,2456543.64460,1367,10.756,887226.82990,0
1791459240000,82463.50,82463.50,82351.80,82358.90,195.985,1791459299999,16146412.70210,3547,44.607,3674756.20590,0
1791459300000,82358.90,82456.30,82358.90,82456.30,77.852,1791459359999,6416212.49710,2568,52.381,4317071.34630,0
1791459360000,82456.30,82456.30,82367.50,82399.40,77.301,1791459419999,6369576.96060,2458,29.655,2443137.13290,0
1791459420000,82399.40,82475.70,82386.70,82451.60,94.352,1791459479999,7777874.03580,4161,63.499,5234414.43200,0
1791459480000,82451.50,82483.30,82403.70,82403.80,87.172,1791459539999,7187017.63640,2833,35.934,2962695.69170,0
1791459540000,82403.80,82479.90,82400.00,82479.80,78.665,1791459599999,6484420.32060,3208,57.903,4772972.59850,0
1791459600000,82479.90,82590.20,82479.80,82560.50,163.596,1791459659999,13506648.86410,4411,98.550,8135494.52950,0
1791459660000,82560.50,82638.70,82560.20,82609.20,261.160,1791459719999,21570612.11310,4238,177.739,14679432.16520,0
1791459720000,82609.10,82614.10,82588.10,82614.10,64.159,1791459779999,5299797.75090,1778,27.655,2284392.55790,0
1791459780000,82614.10,82614.10,82580.00,82599.00,53.970,1791459839999,4457716.03920,1336,23.363,1929694.24160,0
1791459840000,82598.90,82606.10,82583.60,82583.70,35.604,1791459899999,2940748.21420,856,9.224,761845.23050,0
1791459900000,82583.70,82621.90,82566.30,82593.00,108.731,1791459959999,8981087.60530,2174,78.273,6465425.43300,0
1791459960000,82593.00,82593.00,82567.00,82578.40,23.803,1791460019999,1965610.04650,926,9.684,799686.90050,0
1791460020000,82578.40,82589.70,82480.60,82480.60,76.813,1791460079999,6339543.50370,1966,5.126,423158.93050,0
1791460080000,82480.60,82509.30,82480.60,82491.50,25.388,1791460139999,2094307.86640,1212,16.299,1344502.56670,0
1791460140000,82491.50,82556.70,82490.90,82547.10,30.400,1791460199999,2508619.72000,1395,24.835,2049404.25830,0
1791460200000,82547.10,82595.00,82544.10,82591.50,99.359,1791460259999,8204153.17790,2194,71.965,5942027.34570,0
1791460260000,82591.60,82600.00,82575.90,82582.00,51.271,1791460319999,4234155.41250,1291,21.235,1753695.17400,0
1791460320000,82581.90,82582.00,82550.00,82557.40,43.744,1791460379999,3612047.46290,958,11.583,956377.99330,0
1791460380000,82557.40,82557.40,82543.40,82543.40,16.653,1791460439999,1374722.18590,586,8.933,737423.59980,0
1791460440000,82543.50,82557.90,82527.40,82557.90,70.084,1791460499999,5784877.32270,1441,44.224,3650461.24090,0
1791460500000,82557.90,82557.90,82510.10,82510.10,30.758,1791460559999,2538814.14200,885,4.190,345830.84020,0
1791460560000,82510.10,82517.50,82490.00,82490.10,56.662,1791460619999,4675182.94020,994,22.818,1882685.34120,0
1791460620000,82490.00,82490.00,82460.00,82460.00,165.803,1791460679999,13675147.48850,1071,10.656,878879.06220,0
1791460680000,82460.10,82460.10,82447.90,82454.60,33.501,1791460739999,2762323.82930,989,16.419,1353814.53200,0
1791460740000,82454.60,82472.90,82454.60,82464.30,41.292,1791460799999,3405027.36020,992,28.534,2352981.95070,0
1791460800000,82464.40,82469.30,82440.90,82469.20,62.885,1791460859999,5184702.06810,1565,21.929,1808022.51530,0
1791460860000,82469.30,82478.80,82420.00,82420.00,42.309,1791460919999,3487934.43600,1420,9.883,814885.34790,0
1791460920000,82420.10,82428.40,82303.20,82317.80,343.261,1791460979999,28270880.65160,5594,68.820,5666792.53260,0
1791460980000,82317.80,82378.80,82317.70,82343.00,92.643,1791461039999,7629050.42070,2585,55.345,4557363.02840,0
1791461040000,82342.90,82359.00,82294.80,82303.10,312.346,1791461099999,25712178.63600,5084,120.529,9922577.08380,0
1791461100000,82303.20,82387.50,82290.10,82290.10,144.601,1791461159999,11903699.51850,4163,61.741,5082830.92750,0
1791461160000,82290.10,82309.70,82167.00,82247.70,1095.902,1791461219999,90105401.38520,13007,320.103,26319384.98680,0
1791461220000,82247.70,82350.00,82247.60,82324.40,201.486,1791461279999,16583552.80630,4189,145.364,11964236.68470,0
1791461280000,82324.40,82418.60,82301.30,82397.40,225.917,1791461339999,18609056.63580,4804,178.461,14699979.98720,0
1791461340000,82397.40,82410.90,82352.80,82352.90,72.219,1791461399999,5950104.52790,2381,30.956,2550539.07740,0
1791461400000,82352.80,82360.00,82333.60,82340.40,57.569,1791461459999,4740635.36470,1811,24.700,2033968.23030,0
1791461460000,82340.30,82340.40,82300.00,82338.20,72.702,1791461519999,5984637.65810,2081,42.329,3484432.64900,0
1791461520000,82338.30,82397.90,82338.20,82385.10,50.819,1791461579999,4185868.17980,2088,32.064,2641031.15330,0
1791461580000,82385.10,82424.00,82352.90,82353.00,94.540,1791461639999,7789838.58270,2496,44.400,3658504.30270,0
1791461640000,82352.90,82396.90,82352.90,82372.70,45.209,1791461699999,3724258.75140,1590,20.611,1697877.48410,0
1791461700000,82372.80,82402.80,82344.60,82402.70,61.878,1791461759999,5097355.02120,2749,25.032,2062225.70980,0
1791461760000,82402.80,82420.00,82354.10,82420.00,50.300,1791461819999,4144250.29810,1869,28.321,2333515.25790,0
1791461820000,82420.00,82433.20,82382.10,82382.10,60.364,1791461879999,4975099.04310,1337,23.471,1934555.21610,0
1791461880000,82382.10,82382.20,82308.20,82336.10,61.207,1791461939999,5039452.71610,2441,16.600,1366667.80860,0
1791461940000,82336.10,82397.80,82328.60,82397.80,36.400,1791461999999,2997834.96070,1501,19.363,1594844.98040,0
1791462000000,82397.80,82450.80,82394.90,82394.90,108.119,1791462059999,8912343.72920,2837,75.601,6231974.46610,0
1791462060000,82395.00,82430.60,82377.00,82389.80,42.130,1791462119999,3471392.62860,1674,20.033,1650685.87520,0
1791462120000,82389.80,82427.10,82361.60,82427.10,40.667,1791462179999,3350707.24090,2103,19.721,1624927.29310,0
1791462180000,82427.10,82468.90,82425.00,82445.20,75.193,1791462239999,6200053.46990,2287,51.386,4237138.84190,0
1791462240000,82445.10,82453.30,82416.80,82417.60,38.299,1791462299999,3157253.51770,1302,18.337,1511592.18760,0
1791462300000,82417.50,82447.20,82404.20,82404.30,46.294,1791462359999,3815807.93380,1756,21.703,1788883.01970,0
1791462360000,82404.30,82406.90,82360.50,82360.50,53.592,1791462419999,4415406.95870,1578,24.751,2039270.61000,0
1791462420000,82360.50,82394.00,82335.00,82386.80,71.273,1791462479999,5870185.52020,1871,38.228,3148587.13150,0
1791462480000,82386.90,82430.90,82386.80,82409.80,62.568,1791462539999,5156240.75400,1459,36.735,3027174.38930,0
1791462540000,82409.80,82445.00,82409.70,82445.00,46.095,1791462599999,3799578.93680,1276,35.767,2948196.06450,0
1791462600000,82445.00,82445.00,82343.00,82343.00,83.277,1791462659999,6861020.81840,2547,21.971,1809958.34330,0
1791462660000,82343.00,82399.60,82333.30,82399.60,38.666,1791462719999,3184756.48250,2091,22.425,1847114.25900,0
1791462720000,82399.50,82399.60,82361.90,82362.00,34.680,1791462779999,2857022.94220,1546,14.801,1219285.29110,0
1791462780000,82361.90,82380.80,82324.80,82357.10,153.740,1791462839999,12661608.65880,1914,27.388,2255597.80810,0
1791462840000,82357.20,82361.00,82310.00,82310.00,51.062,1791462899999,4203982.16200,1495,26.396,2173100.03580,0
1791462900000,82310.10,82348.80,82302.30,82319.80,74.176,1791462959999,6105956.24390,2146,38.685,3184504.81400,0
1791462960000,82319.80,82359.10,82290.90,82359.00,55.325,1791463019999,4553558.42600,1833,25.859,2128456.49540,0
1791463020000,82359.10,82360.00,82327.30,82350.20,41.249,1791463079999,3396854.89640,1498,17.857,1470556.60290,0
1791463080000,82350.10,82359.50,82319.30,82327.70,38.207,1791463139999,3146058.86130,1621,11.036,908670.23810,0
1791463140000,82327.70,82353.10,82306.10,82318.90,31.207,1791463199999,2569412.05620,1535,16.261,1338821.30110,0
1791463200000,82318.80,82362.00,82318.80,82344.60,37.587,1791463259999,3095140.94760,1281,11.544,950550.53280,0
1791463260000,82344.60,82344.60,82312.20,82328.20,80.229,1791463319999,6604799.20120,1842,19.408,1597759.71210,0
1791463320000,82328.20,82358.30,82326.60,82349.60,40.695,1791463379999,3350879.31790,1404,19.058,1569296.85120,0
1791463380000,82349.80,82380.90,82342.70,82356.30,55.287,1791463439999,4553529.39360,1670,15.983,1316389.57290,0
1791463440000,82356.30,82356.30,82313.50,82313.50,142.026,1791463499999,11693762.74830,1333,17.125,1410102.46940,0
1791463500000,82313.60,82313.60,82276.20,82276.20,56.338,1791463559999,4636722.77960,1501,13.863,1140952.01440,0
1791463560000,82276.30,82284.50,82222.00,82229.90,125.504,1791463619999,10322471.44260,3457,49.669,4085149.57510,0
1791463620000,82230.00,82246.20,82206.10,82218.90,104.563,1791463679999,8598100.67310,2330,51.720,4252919.27130,0
1791463680000,82218.80,82235.60,82179.40,82197.00,192.330,1791463739999,15811025.52590,3499,66.196,5442289.37760,0
1791463740000,82197.00,82219.40,82184.00,82204.20,169.839,1791463799999,13961263.28140,3176,87.137,7162931.33880,0
1791463800000,82204.20,82294.70,81849.20,82294.70,4212.117,1791463859999,345525057.24460,48554,1408.721,115599634.91560,0
1791463860000,82294.70,82384.90,82262.10,82341.80,647.969,1791463919999,53348624.84330,11833,449.641,37019492.12750,0
1791463920000,82341.70,82349.20,82142.60,82164.70,326.501,1791463979999,26847312.31270,10053,128.478,10563757.26930,0
1791463980000,82164.60,82310.40,82154.00,82294.20,309.568,1791464039999,25458841.21690,6554,154.999,12748024.42900,0
1791464040000,82294.60,82308.00,82257.10,82267.30,131.213,1791464099999,10796454.64860,3161,66.636,5482662.86870,0
1791464100000,82266.60,82325.60,82245.70,82269.10,147.828,1791464159999,12165556.90220,4247,84.783,6977298.48590,0
1791464160000,82269.20,82292.00,82218.80,82232.50,153.737,1791464219999,12645314.91180,3534,73.302,6029489.94070,0
1791464220000,82232.50,82268.10,82220.20,82255.20,75.318,1791464279999,6194956.95790,2229,32.655,2686028.91320,0
1791464280000,82255.20,82309.60,82255.10,82281.50,184.471,1791464339999,15179851.74730,3080,152.745,12569241.43830,0
1791464340000,82281.50,82299.50,82264.90,82274.00,59.754,1791464399999,4917086.92030,1921,29.910,2461214.10390,0
1791464400000,82273.90,82289.30,82204.40,82233.50,206.433,1791464459999,16980093.28650,4109,74.796,6152873.67560,0
1791464460000,82233.50,82240.00,82173.90,82174.00,149.471,1791464519999,12287204.52390,3630,66.314,5451164.62600,0
1791464520000,82173.90,82200.00,82066.10,82171.00,255.686,1791464579999,21000043.32750,6408,101.059,8301494.97740,0
1791464580000,82170.90,82244.60,82158.80,82240.30,196.957,1791464639999,16190666.82540,4312,156.358,12853688.47160,0
1791464640000,82240.30,82280.60,82181.90,82280.60,134.449,1791464699999,11054992.57650,3404,63.560,5226006.53870,0
1791464700000,82280.50,82325.20,82265.70,82314.90,112.929,1791464759999,9294306.20610,3411,59.906,4930409.63040,0
1791464760000,82314.90,82320.00,82266.60,82320.00,78.779,1791464819999,6483709.52770,2389,35.568,2927196.48860,0
1791464820000,82320.00,82399.40,82320.00,82399.40,134.193,1791464879999,11052183.38140,2829,97.615,8039812.56940,0
1791464880000,82399.40,82432.50,82383.50,82395.60,325.618,1791464939999,26833457.65350,3913,212.461,17508195.75870,0
1791464940000,82395.60,82409.70,82343.80,82373.10,71.516,1791464999999,5891350.76970,2487,34.220,2819066.81190,0
1791465000000,82373.10,82429.70,82357.40,82429.60,96.281,1791465059999,7933377.86460,2584,73.848,6085148.89300,0
1791465060000,82429.60,82466.20,82429.60,82466.20,113.928,1791465119999,9393233.66820,2350,94.335,7777737.63420,0
1791465120000,82466.20,82489.90,82452.70,82452.70,131.177,1791465179999,10819087.01550,2406,66.030,5446013.57030,0
1791465180000,82452.70,82490.60,82440.00,82471.80,209.082,1791465239999,17242834.57450,2953,164.526,13568288.91820,0
1791465240000,82471.70,82471.70,82429.60,82439.00,56.476,1791465299999,4656167.52740,1704,12.609,1039551.33360,0
1791465300000,82439.00,82466.40,82438.90,82444.00,42.898,1791465359999,3536867.02030,1560,26.247,2163995.65100,0
1791465360000,82444.00,82494.50,82439.00,82470.70,166.922,1791465419999,13766730.28250,2497,138.852,11451865.78070,0
1791465420000,82470.70,82557.00,82470.60,82556.90,336.376,1791465479999,27757971.15330,4567,286.095,23608967.42700,0
1791465480000,82557.00,82566.00,82525.40,82537.60,184.258,1791465539999,15210885.28280,2526,57.595,4754700.33100,0
1791465540000,82537.60,82566.00,82529.40,82558.90,96.986,1791465599999,8006026.67580,2139,78.326,6465806.33610,0
1791465600000,82558.90,82565.60,82546.50,82555.10,104.469,1791465659999,8624777.71770,2105,22.916,1891912.07490,0
1791465660000,82554.60,82570.40,82534.00,82545.50,129.048,1791465719999,10653509.91100,2758,81.811,6753967.19670,0
1791465720000,82545.50,82600.20,82530.90,82542.60,121.878,1791465779999,10063954.28420,3367,72.882,6018489.85540,0
1791465780000,82542.50,82542.60,82465.00,82508.00,97.863,1791465839999,8073970.95570,2481,39.008,3218175.71590,0
1791465840000,82508.00,82508.00,82452.50,82492.10,79.556,1791465899999,6560961.85220,1789,12.555,1035426.59880,0
1791465900000,82492.10,82492.10,82446.00,82462.10,130.311,1791465959999,10744891.64240,2131,76.490,6306881.85300,0
1791465960000,82462.10,82462.10,82404.80,82405.80,69.489,1791466019999,5727896.53380,1897,24.282,2001468.65930,0
1791466020000,82405.70,82405.70,82377.30,82399.50,67.455,1791466079999,5557605.16970,1919,22.158,1825522.09460,0
1791466080000,82399.50,82407.80,82363.60,82399.40,81.584,1791466139999,6721218.81050,1724,39.645,3266164.81620,0
1791466140000,82399.40,82399.40,82320.00,82320.10,122.463,1791466199999,10084978.70970,2182,21.289,1753114.30540,0
1791466200000,82320.10,82419.70,82304.70,82414.60,183.914,1791466259999,15144271.79280,5342,125.054,10298528.10580,0
1791466260000,82414.60,82462.10,82312.80,82313.10,169.800,1791466319999,13989036.92040,5026,65.248,5375816.81730,0
1791466320000,82313.10,82382.70,82275.00,82290.10,210.891,1791466379999,17358993.77690,5512,65.738,5411458.64430,0
1791466380000,82290.10,82314.80,82213.10,82213.10,225.425,1791466439999,18541272.72820,5599,94.481,7771254.64850,0
1791466440000,82213.20,82285.50,82200.80,82262.50,243.723,1791466499999,20042953.74930,5038,139.615,11482659.18090,0
1791466500000,82262.30,82263.60,82205.40,82228.90,139.586,1791466559999,11478204.67910,5235,76.116,6259094.33630,0
1791466560000,82228.90,82228.90,82157.70,82205.30,291.149,1791466619999,23930524.04400,5018,71.720,5894319.22320,0
1791466620000,82205.30,82220.00,82070.80,82113.50,472.139,1791466679999,38773284.83160,8000,163.920,13462722.20910,0
1791466680000,82113.50,82128.10,82030.30,82065.90,343.668,1791466739999,28204876.18260,8285,162.326,13322185.00690,0
1791466740000,82065.80,82120.20,82028.30,82079.70,193.617,1791466799999,15889859.27000,6151,116.083,9526817.86750,0
1791466800000,82079.60,82084.30,81939.80,82037.90,545.920,1791466859999,44765186.48430,10799,242.810,19913054.30290,0
1791466860000,82037.90,82099.90,81974.10,82009.90,268.685,1791466919999,22044673.76600,7134,123.440,10127604.57270,0
1791466920000,82009.80,82009.90,81715.00,81758.80,2574.932,1791466979999,210646713.04950,31473,914.252,74783967.41450,0
1791466980000,81758.70,82072.20,81728.80,82055.00,820.498,1791467039999,67185894.86380,17772,517.867,42414890.15410,0
1791467040000,82055.10,82080.50,81983.20,81994.30,319.972,1791467099999,26247188.86230,7411,179.169,14697683.98100,0
1791467100000,81994.20,81994.20,81751.40,81825.80,497.928,1791467159999,40755373.99200,11186,204.656,16751315.34960,0
1791467160000,81825.80,81967.30,81811.60,81859.50,511.510,1791467219999,41886538.43610,9928,316.311,25900425.13700,0
1791467220000,81859.60,81921.90,81802.50,81893.60,250.726,1791467279999,20524480.35650,7824,111.767,9149576.78150,0
1791467280000,81893.60,81971.90,81866.70,81952.60,302.908,1791467339999,24813502.19880,7090,209.776,17184963.63870,0
1791467340000,81952.50,82086.00,81943.90,82083.90,325.022,1791467399999,26661281.56620,7100,228.418,18737713.64040,0
1791467400000,82083.80,82178.50,82055.00,82178.50,457.597,1791467459999,37576107.20470,8435,305.697,25103054.62780,0
1791467460000,82178.50,82197.10,82086.70,82096.80,198.939,1791467519999,16343722.12530,5401,82.462,6774977.46090,0
1791467520000,82096.80,82131.00,82070.00,82092.60,149.329,1791467579999,12260732.41730,4674,89.921,7382997.12240,0
1791467580000,82092.60,82193.50,82069.50,82105.40,125.971,1791467639999,10347260.66700,4864,62.866,5163928.85480,0
1791467640000,82105.40,82124.30,82031.00,82031.00,99.451,1791467699999,8163167.65240,3356,28.349,2327207.64780,0
1791467700000,82031.00,82092.50,82027.90,82090.20,82.775,1791467759999,6792621.50760,3217,55.816,4580251.03410,0
1791467760000,82090.30,82096.30,81968.50,81972.00,215.536,1791467819999,17680988.03210,3849,39.368,3228200.26170,0
1791467820000,81971.90,82044.10,81946.10,82017.70,186.393,1791467879999,15284054.29410,5171,118.489,9716079.35640,0
1791467880000,82017.70,82099.20,82009.90,82098.40,97.848,1791467939999,8030340.01700,3516,71.921,5902638.33180,0
1791467940000,82098.50,82188.10,82098.50,82144.50,160.943,1791467999999,13223121.74150,4410,94.498,7763411.54310,0
1791468000000,82144.40,82240.50,82100.00,82200.10,286.607,1791468059999,23555517.70580,7223,157.731,12964523.68440,0
1791468060000,82200.00,82217.10,82089.70,82189.50,148.312,1791468119999,12184559.87000,5982,59.605,4897254.01290,0
1791468120000,82189.60,82220.00,82154.00,82194.20,183.010,1791468179999,15040770.74510,4835,61.358,5042606.68270,0
1791468180000,82194.10,82202.00,82161.60,82181.00,121.258,1791468239999,9966043.27770,3095,57.842,4753847.93570,0
1791468240000,82181.00,82278.90,82172.30,82256.00,167.339,1791468299999,13760436.57440,4916,114.922,9449279.62930,0
1791468300000,82255.90,82348.90,82244.40,82339.90,259.424,1791468359999,21352432.60890,6654,155.574,12804662.95390,0
1791468360000,82339.80,82440.30,82316.60,82415.70,365.911,1791468419999,30147661.57760,7758,245.122,20195552.69060,0
1791468420000,82415.60,82435.30,82302.20,82355.40,204.480,1791468479999,16843541.88330,5524,90.031,7415941.83990,0
1791468480000,82355.50,82364.90,82292.20,82292.20,80.436,1791468539999,6622332.73820,3414,29.019,2389202.66000,0
1791468540000,82292.00,82390.20,82268.60,82390.10,144.343,1791468599999,11883231.41750,3719,85.634,7050482.47490,0
1791468600000,82390.20,82450.00,82390.20,82448.20,312.159,1791468659999,25727037.15640,4708,215.826,17786503.60920,0
1791468660000,82448.20,82522.90,82448.20,82522.80,397.963,1791468719999,32824852.96830,7317,286.497,23630668.39520,0
1791468720000,82522.80,82580.00,82472.20,82579.90,283.121,1791468779999,23362674.56120,5205,132.826,10962341.41020,0
1791468780000,82579.90,82580.00,82467.90,82485.70,235.704,1791468839999,19453657.19100,6008,60.495,4992625.31510,0
1791468840000,82485.80,82545.00,82467.80,82502.60,164.261,1791468899999,13552170.98290,3438,109.929,9069528.78160,0
1791468900000,82502.60,82555.00,82486.60,82486.70,152.034,1791468959999,12545524.28970,3986,69.948,5772144.74720,0
1791468960000,82486.70,82486.70,82452.60,82474.90,139.014,1791469019999,11464281.58520,3736,41.194,3397068.86210,0
1791469020000,82474.90,82479.30,82399.20,82470.30,147.428,1791469079999,12154056.60840,4370,60.376,4977278.63570,0
1791469080000,82470.30,82524.70,82464.40,82500.50,78.522,1791469139999,6477610.86240,2633,48.440,3996015.60060,0
1791469140000,82500.40,82550.00,82483.10,82527.70,134.969,1791469199999,11138877.54230,3233,65.533,5408040.10520,0
1791469200000,82527.70,82647.50,82527.60,82644.40,301.319,1791469259999,24889944.19070,5806,212.472,17550816.66130,0
1791469260000,82644.40,82691.30,82564.80,82612.90,319.303,1791469319999,26380980.91430,6540,172.245,14231947.26110,0
1791469320000,82613.00,82679.80,82581.10,82624.50,224.369,1791469379999,18538734.59340,4678,159.780,13202440.79470,0
1791469380000,82624.40,82624.40,82537.00,82567.60,112.366,1791469439999,9278287.72910,4104,49.547,4091144.81610,0
1791469440000,82567.60,82578.90,82450.00,82483.50,249.261,1791469499999,20563621.56090,5308,44.251,3650581.58220,0
1791469500000,82483.40,82545.30,82483.40,82521.40,63.082,1791469559999,5205429.55760,2779,36.207,2987673.23580,0
1791469560000,82521.40,82583.30,82521.40,82579.30,45.533,1791469619999,3759006.60300,1564,33.114,2733766.06150,0
1791469620000,82579.30,82593.70,82553.50,82553.60,77.918,1791469679999,6433836.83400,2049,35.231,2908974.85030,0
1791469680000,82553.50,82655.70,82532.50,82653.60,136.000,1791469739999,11235890.70660,3302,104.676,8648824.60000,0
1791469740000,82653.60,82717.30,82653.60,82692.90,302.370,1791469799999,25004941.46730,5448,173.107,14314591.05070,0
1791469800000,82692.90,82693.00,82609.00,82628.50,174.117,1791469859999,14389765.98790,4516,76.446,6317787.11520,0
1791469860000,82628.50,82636.90,82569.90,82636.90,194.776,1791469919999,16089182.98540,3367,133.290,11010141.30720,0
1791469920000,82636.90,82649.90,82612.10,82643.80,47.922,1791469979999,3959669.80800,2284,26.925,2224694.59570,0
1791469980000,82643.70,82687.80,82629.50,82680.60,79.423,1791470039999,6564406.01290,2421,51.973,4295659.40970,0
1791470040000,82680.60,82750.00,82661.40,82666.20,316.347,1791470099999,26163492.98350,6167,128.184,10602883.28210,0
1791470100000,82666.20,82676.00,82561.60,82573.10,239.368,1791470159999,19773113.61160,5080,65.870,5441427.84970,0
1791470160000,82573.10,82600.00,82563.80,82564.40,71.450,1791470219999,5900350.69580,2207,25.154,2077172.33370,0
1791470220000,82564.30,82600.00,82550.00,82568.50,78.164,1791470279999,6454114.32390,2320,34.627,2859221.99220,0
1791470280000,82568.60,82575.00,82536.50,82536.50,71.832,1791470339999,5930060.65400,2441,31.705,2617353.64230,0
1791470340000,82536.50,82544.20,82500.00,82518.40,96.628,1791470399999,7973658.28570,3085,34.760,2868298.80480,0
1791470400000,82518.40,82580.30,82518.40,82533.10,69.283,1791470459999,5719549.26790,2675,40.485,3341992.08050,0
1791470460000,82533.10,82545.50,82505.20,82541.00,53.908,1791470519999,4448772.15320,2141,23.718,1957294.37760,0
1791470520000,82541.20,82580.80,82541.10,82557.10,31.391,1791470579999,2591839.54420,2386,18.102,1494580.30850,0
1791470580000,82557.20,82565.50,82466.10,82480.90,193.493,1791470639999,15961654.83750,2964,57.521,4745085.47470,0
1791470640000,82480.90,82542.70,82480.90,82528.20,60.149,1791470699999,4963155.43710,2129,33.040,2726200.75850,0
1791470700000,82528.10,82571.70,82519.60,82571.70,168.070,1791470759999,13871503.57020,2439,133.272,10999375.19720,0
1791470760000,82571.70,82600.00,82545.10,82568.50,117.769,1791470819999,9724543.30970,3366,67.055,5536865.56530,0
1791470820000,82568.60,82648.20,82568.50,82615.30,124.808,1791470879999,10311439.23130,2614,94.677,7821997.29280,0
1791470880000,82615.30,82634.70,82581.30,82634.70,58.433,1791470939999,4827658.72060,2334,33.230,2745472.33350,0
1791470940000,82634.70,82648.20,82610.00,82643.30,70.787,1791470999999,5849418.34250,2204,26.957,2227407.49150,0
1791471000000,82643.50,82676.30,82627.10,82674.60,87.184,1791471059999,7206454.97430,2330,56.678,4684877.57450,0
1791471060000,82674.50,82674.50,82636.80,82664.30,71.576,1791471119999,5916564.69520,2448,40.037,3309445.94530,0
1791471120000,82664.30,82693.10,82650.60,82650.70,165.044,1791471179999,13645335.65980,2533,124.166,10265729.91500,0
1791471180000,82650.70,82650.70,82574.00,82602.30,108.528,1791471239999,8965326.49110,2456,67.409,5568625.28520,0
1791471240000,82602.40,82609.10,82532.80,82586.50,139.857,1791471299999,11547327.40810,3428,59.930,4947626.60300,0
1791471300000,82586.50,82643.70,82565.80,82630.50,96.185,1791471359999,7945532.62890,2337,62.733,5181761.69610,0
1791471360000,82630.50,82680.00,82622.10,82622.10,77.431,1791471419999,6400350.78920,2330,28.760,2377065.61280,0
1791471420000,82622.00,82648.20,82608.60,82648.20,59.329,1791471479999,4902631.97550,1781,36.878,3047419.91600,0
1791471480000,82648.20,82743.50,82648.20,82743.40,152.084,1791471539999,12579203.51120,2891,126.788,10487251.01040,0
1791471540000,82743.40,82744.00,82660.40,82660.50,99.055,1791471599999,8192323.25120,2251,34.159,2824549.04980,0
1791471600000,82660.40,82660.40,82623.40,82623.50,73.520,1791471659999,6075893.07670,2416,28.711,2372722.41280,0
1791471660000,82623.40,82634.60,82584.80,82584.80,47.053,1791471719999,3887201.90060,2487,18.522,1530205.59480,0
1791471720000,82584.90,82590.40,82541.00,82544.00,68.757,1791471779999,5677523.52160,2370,19.205,1585903.32140,0
1791471780000,82544.10,82557.10,82486.50,82502.80,250.218,1791471839999,20645173.80720,5073,30.589,2524341.52020,0
1791471840000,82502.90,82521.50,82452.60,82457.10,103.672,1791471899999,8550973.01680,3241,31.942,2634533.85710,0
1791471900000,82457.00,82457.10,82350.20,82389.90,305.619,1791471959999,25182011.22240,5971,87.752,7230227.81150,0
1791471960000,82390.00,82457.10,82383.80,82417.90,137.981,1791472019999,11373996.27470,3220,96.277,7936423.55240,0
1791472020000,82417.80,82446.90,82381.60,82385.80,82.410,1791472079999,6792148.91810,2357,35.011,2885509.37230,0
1791472080000,82385.80,82427.70,82328.00,82349.80,198.995,1791472139999,16392360.54600,4234,80.652,6643662.66060,0
1791472140000,82349.80,82411.60,82349.80,82353.50,97.868,1791472199999,8061724.25300,2732,58.598,4826661.97780,0
1791472200000,82353.50,82382.90,82300.70,82306.90,100.271,1791472259999,8255654.31350,3118,30.178,2484788.69560,0
1791472260000,82306.80,82308.20,82250.00,82295.10,419.518,1791472319999,34519976.92460,5757,105.220,8657608.48870,0
1791472320000,82295.10,82337.20,82260.00,82272.20,397.828,1791472379999,32742129.46100,5785,276.336,22743741.28060,0
1791472380000,82272.20,82272.20,82228.80,82258.70,168.817,1791472439999,13885689.22930,3437,50.258,4133801.12160,0
1791472440000,82258.70,82258.70,82112.60,82120.10,835.900,1791472499999,68699944.42380,6564,137.413,11291794.74370,0
1791472500000,82120.20,82159.10,82070.20,82123.60,442.801,1791472559999,36359099.37680,6782,162.049,13305913.90870,0
1791472560000,82123.50,82185.10,82032.60,82054.20,311.072,1791472619999,25544480.72070,7005,129.715,10652645.85040,0
1791472620000,82054.20,82113.90,82015.00,82050.10,254.752,1791472679999,20902875.06090,5121,98.799,8106819.19710,0
1791472680000,82050.10,82111.60,81950.00,81956.80,516.568,1791472739999,42366204.17650,8317,181.978,14926490.34550,0
1791472740000,81956.70,81965.80,81835.20,81964.60,859.837,1791472799999,70414517.50950,15498,397.578,32560119.26160,0
1791472800000,81964.50,82026.00,81538.10,81621.20,2801.354,1791472859999,228887269.56110,37980,833.547,68115892.67410,0
1791472860000,81621.10,81861.30,81585.30,81749.60,1115.557,1791472919999,91184371.56210,21226,605.199,49470170.66090,0
1791472920000,81749.60,81772.30,81588.40,81599.20,891.964,1791472979999,72828858.16040,17603,371.294,30315885.97700,0
1791472980000,81599.30,81728.20,81297.10,81708.80,3921.028,1791473039999,319353799.46270,46614,1393.628,113566112.36820,0
1791473040000,81708.80,81725.20,81463.80,81501.30,860.927,1791473099999,70233194.53450,14712,434.534,35451280.98910,0
1791473100000,81501.20,81648.70,81403.10,81412.70,1037.625,1791473159999,84624301.87760,15734,512.506,41804092.16830,0
1791473160000,81412.70,81480.90,81310.10,81433.00,949.470,1791473219999,77276607.87140,18813,385.836,31401998.91890,0
1791473220000,81432.90,81533.90,81364.80,81451.80,612.012,1791473279999,49840352.77100,12263,290.857,23686723.90900,0
1791473280000,81451.80,81539.70,81400.10,81400.10,465.969,1791473339999,37961651.43650,9535,207.577,16909481.42610,0
1791473340000,81400.10,81408.80,81222.20,81316.00,1694.466,1791473399999,137760475.08260,21206,654.435,53209001.50290,0
1791473400000,81315.90,81409.80,81240.00,81364.60,873.623,1791473459999,71043843.61340,15111,405.056,32942723.45060,0
1791473460000,81364.50,81426.90,81260.00,81260.10,626.376,1791473519999,50958159.40630,13618,301.539,24531900.00120,0
1791473520000,81260.10,81483.60,81152.10,81482.30,1299.843,1791473579999,105649280.45150,18687,710.995,57808719.36540,0
1791473580000,81482.20,81499.50,81306.00,81312.40,490.273,1791473639999,39922324.03780,10486,221.644,18046745.65770,0
1791473640000,81312.50,81319.10,81142.30,81162.10,665.937,1791473699999,54106104.51640,13257,298.770,24278599.20390,0
1791473700000,81175.20,81236.60,81000.10,81054.80,1862.232,1791473759999,150993400.31510,21534,498.884,40462994.44390,0
1791473760000,81054.90,81256.90,81003.90,81143.00,1757.667,1791473819999,142653734.02940,20418,887.852,72061388.74060,0
1791473820000,81142.90,81171.90,80902.60,80939.60,2309.860,1791473879999,187184867.98570,26868,1256.265,101832631.31150,0
1791473880000,80939.50,81226.70,80901.20,81188.10,2373.994,1791473939999,192429650.40220,23513,1847.272,149747464.40190,0
1791473940000,81188.20,81284.00,81131.40,81272.70,698.965,1791473999999,56757230.23440,12047,334.529,27166767.17030,0
1791474000000,81272.70,81296.00,81120.00,81142.40,578.059,1791474059999,46952500.25890,10756,300.166,24383075.86320,0
1791474060000,81142.40,81218.50,81106.20,81176.90,611.004,1791474119999,49596686.82800,10217,478.300,38826103.06520,0
1791474120000,81176.90,81218.30,81093.10,81152.40,433.416,1791474179999,35177463.00420,8030,188.164,15273219.57370,0
1791474180000,81152.40,81200.00,81144.00,81181.70,261.128,1791474239999,21196071.92290,6593,200.652,16287255.63850,0
1791474240000,81181.70,81224.40,81173.90,81202.50,236.421,1791474299999,19197944.49560,5756,127.141,10323671.54340,0
1791474300000,81202.40,81328.50,81189.80,81193.80,540.295,1791474359999,43906280.82970,10162,383.340,31153348.88490,0
1791474360000,81193.80,81204.20,81120.00,81192.90,190.935,1791474419999,15497435.01360,6484,88.117,7152166.30920,0
1791474420000,81192.90,81268.60,81152.10,81265.40,173.047,1791474479999,14051233.79040,6170,96.730,7855048.84940,0
1791474480000,81265.30,81350.00,81200.00,81283.30,865.766,1791474539999,70392848.70820,14642,659.404,53617051.77080,0
1791474540000,81283.20,81420.00,81267.10,81410.20,877.660,1791474599999,71395511.09350,13930,647.373,52659904.24740,0
1791474600000,81410.20,81500.00,81400.00,81495.40,700.462,1791474659999,57050079.10130,11546,558.608,45497733.44650,0
1791474660000,81495.40,81519.90,81416.00,81416.00,501.174,1791474719999,40836069.53090,10070,305.173,24867948.12090,0
1791474720000,81427.00,81432.20,81323.80,81339.40,248.559,1791474779999,20223117.89420,6512,90.836,7390761.89170,0
1791474780000,81339.40,81339.40,81188.00,81188.90,234.290,1791474839999,19039427.54740,6681,67.313,5471258.08390,0
1791474840000,81188.90,81210.30,81135.90,81153.10,307.506,1791474899999,24959227.26210,8459,103.683,8416019.64010,0
1791474900000,81152.70,81279.10,81083.40,81090.50,553.213,1791474959999,44923108.24030,11070,323.960,26313307.16260,0
1791474960000,81090.50,81136.20,80979.70,80998.00,639.481,1791475019999,51831579.22550,14553,213.788,17331387.44710,0
1791475020000,80997.90,81063.60,80972.70,81051.10,538.312,1791475079999,43613394.81180,11606,182.234,14764794.98210,0
1791475080000,81050.70,81066.00,80972.50,80972.50,399.120,1791475139999,32334389.57580,9414,96.721,7834846.09570,0
1791475140000,80972.50,81030.00,80934.20,80990.70,498.952,1791475199999,40408647.78640,10747,164.345,13310101.36530,0
1791475200000,80990.70,81115.60,80952.10,81047.00,675.407,1791475259999,54729211.23120,16977,271.761,22024854.72500,0
1791475260000,81047.00,81064.60,80855.80,81028.00,972.519,1791475319999,78711234.84680,17606,311.162,25186715.37590,0
1791475320000,81028.00,81102.70,80866.10,81100.80,926.598,1791475379999,75022465.69380,18703,372.963,30197664.35070,0
1791475380000,81100.80,81185.60,81024.20,81033.90,438.377,1791475439999,35550501.62440,13627,287.622,23325939.53760,0
1791475440000,81033.90,81084.20,80963.20,81021.00,264.383,1791475499999,21418867.47200,8733,147.248,11929838.57070,0
1791475500000,81021.00,81078.30,80963.70,80975.70,168.513,1791475559999,13652716.49160,7944,89.593,7258912.40400,0
1791475560000,80975.70,81000.00,80880.00,80910.60,634.297,1791475619999,51326563.24550,12437,241.605,19550346.92330,0
1791475620000,80910.60,81027.60,80716.00,80996.80,1375.528,1791475679999,111242968.24830,25988,540.078,43695495.96220,0
1791475680000,80996.70,81082.50,80952.90,81081.30,497.513,1791475739999,40314973.56620,9223,272.809,22109094.36240,0
1791475740000,81081.30,81120.00,81009.40,81097.10,341.975,1791475799999,27730477.11230,8106,196.763,15955774.79560,0
1791475800000,81097.10,81279.20,81097.10,81200.00,1175.416,1791475859999,95447142.24830,15563,909.433,73849735.54070,0
1791475860000,81200.00,81211.50,81104.30,81104.40,170.515,1791475919999,13840056.26480,7149,84.440,6853675.34710,0
1791475920000,81104.40,81104.40,81005.40,81030.80,243.218,1791475979999,19711940.15540,7006,117.296,9505609.19880,0
1791475980000,81030.80,81091.60,81000.00,81025.50,132.564,1791476039999,10744236.36220,5156,68.429,5545731.11820,0
1791476040000,81025.40,81030.50,80968.00,80984.20,178.292,1791476099999,14441501.76290,4749,93.445,7569009.73920,0
1791476100000,80984.20,81011.00,80935.10,81002.50,156.847,1791476159999,12700071.46860,5229,89.817,7272811.98350,0
1791476160000,81002.40,81007.90,80908.40,80908.40,175.948,1791476219999,14244719.60210,5271,83.367,6750366.59860,0
1791476220000,80908.50,81358.50,80894.00,81229.10,1362.326,1791476279999,110622591.13660,25133,873.264,70908887.16500,0
1791476280000,81229.20,81395.90,81188.70,81374.20,832.799,1791476339999,67715695.02550,15250,512.503,41671755.10640,0
1791476340000,81374.10,81400.00,81301.50,81309.50,767.359,1791476399999,62427161.46680,12773,417.875,33997175.59680,0
1791476400000,81309.50,81415.80,81220.40,81401.90,583.702,1791476459999,47472350.60830,9935,274.404,22323327.52800,0
1791476460000,81402.70,81418.50,81317.80,81353.50,298.347,1791476519999,24273196.02230,7736,130.886,10648705.29660,0
1791476520000,81353.40,81353.50,81271.20,81282.30,227.307,1791476579999,18481460.50550,6109,95.284,7747034.95680,0
1791476580000,81282.20,81291.80,81207.90,81245.90,184.005,1791476639999,14949256.34930,5567,85.337,6933131.03660,0
1791476640000,81245.80,81343.90,81231.70,81286.00,322.143,1791476699999,26188441.41050,7368,205.797,16729880.83010,0
1791476700000,81286.00,81341.20,81250.00,81280.80,155.483,1791476759999,12641000.26190,4440,84.378,6859639.05160,0
1791476760000,81280.80,81362.80,81252.00,81350.10,116.866,1791476819999,9502429.40970,3637,57.650,4688230.80740,0
1791476820000,81350.00,81399.00,81320.50,81342.70,223.049,1791476879999,18147735.48500,4651,105.529,8586088.43690,0
1791476880000,81342.60,81344.30,81280.60,81296.80,145.388,1791476939999,11822990.66890,3639,36.019,2928973.16480,0
1791476940000,81296.80,81311.60,81260.00,81267.60,117.601,1791476999999,9559516.97510,2658,42.939,3490379.44720,0
1791477000000,81267.50,81317.20,81220.10,81220.10,176.930,1791477059999,14377778.65570,4435,93.577,7604329.58120,0
1791477060000,81220.00,81236.50,81076.60,81123.20,323.262,1791477119999,26230594.69000,6979,101.273,8216264.06080,0
1791477120000,81123.20,81284.50,81123.20,81224.00,131.386,1791477179999,10670531.30090,4126,82.196,6674465.55930,0
1791477180000,81224.00,81225.20,81051.40,81073.20,179.663,1791477239999,14574277.08870,5246,49.016,3976492.50750,0
1791477240000,81073.10,81234.90,81073.10,81220.40,265.965,1791477299999,21587983.91600,5540,174.608,14173772.77310,0
1791477300000,81220.40,81284.40,81200.00,81240.80,154.889,1791477359999,12580793.93550,4395,103.918,8440384.18770,0
1791477360000,81240.70,81270.00,81200.00,81229.70,136.647,1791477419999,11100432.13300,4047,57.125,4640181.38480,0
1791477420000,81229.60,81299.60,81206.60,81206.60,227.667,1791477479999,18497236.35690,5349,86.750,7049563.74860,0
1791477480000,81206.60,81298.50,81206.60,81281.90,110.231,1791477539999,8957681.90820,2990,54.422,4422201.48860,0
1791477540000,81282.00,81348.10,81276.10,81338.00,102.562,1791477599999,8339308.41650,2641,51.814,4213236.12840,0
1791477600000,81338.10,81414.60,81338.00,81387.20,165.147,1791477659999,13440229.84960,4349,104.733,8523481.16320,0
1791477660000,81387.30,81400.00,81338.00,81338.00,139.674,1791477719999,11363723.80160,2785,40.326,3280928.23050,0
1791477720000,81338.00,81366.30,81293.00,81297.20,107.677,1791477779999,8757601.75800,3071,27.890,2268459.24790,0
1791477780000,81297.20,81301.70,81225.50,81237.40,130.311,1791477839999,10590712.12250,2871,51.988,4225113.09370,0
1791477840000,81237.30,81265.60,81213.30,81240.70,102.489,1791477899999,8325398.16340,2900,50.836,4129537.11620,0
1791477900000,81240.70,81317.00,81240.70,81315.00,89.992,1791477959999,7315302.93380,3530,58.799,4779697.98880,0
1791477960000,81315.10,81337.70,81250.00,81294.90,71.469,1791478019999,5810528.49010,3033,36.635,2978521.51380,0
1791478020000,81295.00,81295.00,81156.10,81161.50,891.505,1791478079999,72397625.16990,5865,86.778,7047210.49280,0
1791478080000,81161.40,81180.80,81070.00,81070.00,205.490,1791478139999,16669971.48730,4686,60.694,4924153.42130,0
1791478140000,81070.10,81093.50,80978.20,80985.20,427.378,1791478199999,34628548.20520,8081,179.306,14528248.02500,0
1791478200000,80985.10,81035.00,80945.10,80947.10,390.482,1791478259999,31624251.25920,8796,143.860,11650462.63330,0
1791478260000,80947.10,81000.00,80916.50,80996.20,177.615,1791478319999,14377714.27440,4902,105.390,8531527.04390,0
1791478320000,80996.20,81060.50,80986.80,81008.00,168.337,1791478379999,13638886.36950,4773,112.785,9137792.84150,0
1791478380000,81008.10,81031.60,80950.00,81013.50,136.741,1791478439999,11075284.06210,4711,66.790,5409917.45830,0
1791478440000,81013.40,81049.10,80970.10,81037.00,82.264,1791478499999,6663738.06060,4137,51.012,4132185.33140,0
1791478500000,81037.00,81060.50,80960.20,81008.20,143.174,1791478559999,11598884.41350,4979,87.071,7054281.12450,0
1791478560000,81008.20,81013.50,80849.90,80872.40,550.912,1791478619999,44583844.12860,10523,149.340,12086343.80720,0
1791478620000,80872.30,81045.20,80862.80,80894.90,251.308,1791478679999,20339454.98280,7115,138.192,11184937.53190,0
1791478680000,80895.00,80928.30,80860.10,80904.30,198.536,1791478739999,16060185.71940,5927,104.488,8452201.71890,0
1791478740000,80904.20,80940.40,80875.80,80915.90,280.177,1791478799999,22668185.51960,5307,93.156,7536608.16440,0
1791478800000,80916.00,80916.00,80528.00,80789.10,2691.792,1791478859999,217300032.68630,26593,637.138,51452280.01060,0
1791478860000,80789.00,80891.70,80737.50,80774.40,528.730,1791478919999,42723673.23950,11084,224.856,18168975.00380,0
1791478920000,80774.30,80922.10,80626.80,80922.10,1284.411,1791478979999,103748524.91380,16373,580.207,46886110.69080,0
1791478980000,80922.00,80989.00,80774.50,80799.00,418.939,1791479039999,33885069.82590,10295,206.245,16689462.01650,0
1791479040000,80798.80,80800.00,80722.50,80780.30,345.076,1791479099999,27873395.28950,5539,224.572,18141445.08150,0
1791479100000,80780.20,80780.30,80628.00,80666.60,363.984,1791479159999,29374313.06610,8717,106.943,8631827.25990,0
1791479160000,80666.60,80732.70,80656.90,80690.80,275.945,1791479219999,22266546.99020,7584,172.936,13954663.09890,0
1791479220000,80691.20,80813.60,80658.10,80783.00,330.498,1791479279999,26680389.98870,7268,228.775,18469978.14980,0
1791479280000,80782.90,80848.40,80730.00,80740.80,171.628,1791479339999,13864844.00760,4917,61.865,4998056.95850,0
1791479340000,80740.80,80820.00,80740.70,80772.90,173.986,1791479399999,14056228.56880,4854,88.175,7123496.74580,0
1791479400000,80772.90,80847.50,80746.60,80765.70,181.171,1791479459999,14638918.19160,5403,94.628,7646465.73310,0
1791479460000,80765.60,80784.80,80684.80,80723.60,346.297,1791479519999,27950241.89200,7216,79.318,6402820.76510,0
1791479520000,80723.60,80867.40,80705.00,80867.40,358.892,1791479579999,28995982.48620,6339,249.968,20195487.55820,0
1791479580000,80867.30,80936.90,80860.60,80911.20,371.066,1791479639999,30018564.34870,6480,292.454,23659067.97580,0
1791479640000,80911.20,80936.90,80866.80,80887.60,123.298,1791479699999,9975535.20460,3636,64.233,5196762.72780,0
1791479700000,80887.60,80905.00,80842.50,80867.80,215.508,1791479759999,17431647.44830,4875,141.745,11465137.91050,0
1791479760000,80867.80,80871.20,80749.50,80756.70,184.444,1791479819999,14900941.73920,4673,70.377,5685360.92710,0
1791479820000,80756.80,80784.60,80714.00,80778.80,135.083,1791479879999,10906611.93480,4267,64.350,5195581.17010,0
1791479880000,80778.80,80870.20,80763.20,80808.90,144.195,1791479939999,11653762.54270,4964,92.085,7442430.62880,0
1791479940000,80808.80,80845.00,80772.30,80772.30,116.678,1791479999999,9429705.24240,4250,70.440,5692724.33170,0
1791480000000,80772.30,80773.70,80711.70,80750.00,205.139,1791480059999,16562006.50070,4116,62.651,5057959.36540,0
1791480060000,80750.00,80764.70,80625.90,80650.00,349.302,1791480119999,28182126.56550,5524,69.727,5625870.07720,0
1791480120000,80650.10,80650.10,80568.90,80598.70,344.325,1791480179999,27753819.63330,7079,121.294,9776477.00490,0
1791480180000,80598.70,80669.90,80568.10,80622.20,251.727,1791480239999,20293785.54020,5168,170.449,13743161.49140,0
1791480240000,80622.10,80622.20,80377.10,80489.90,1650.288,1791480299999,132808733.45790,24200,468.192,37688322.59680,0
1791480300000,80489.90,80549.80,80463.80,80495.00,479.697,1791480359999,38613339.00700,9706,270.732,21792220.58980,0
1791480360000,80495.00,80502.80,80344.80,80409.30,876.564,1791480419999,70483655.17260,14245,327.891,26367606.81800,0
1791480420000,80409.30,80552.40,80401.90,80552.30,308.410,1791480479999,24814917.72230,6781,190.527,15330584.39180,0
1791480480000,80552.40,80670.00,80500.00,80670.00,339.498,1791480539999,27361483.95940,8464,215.820,17393566.55720,0
1791480540000,80670.00,80737.60,80656.90,80700.00,333.720,1791480599999,26927309.86290,5612,193.822,15638188.26290,0
1791480600000,80700.00,80760.00,80672.80,80760.00,192.777,1791480659999,15561606.74400,4908,120.211,9703578.12170,0
1791480660000,80760.00,80837.40,80719.30,80829.80,397.049,1791480719999,32074118.07440,7284,292.490,23628824.75400,0
1791480720000,80829.90,80855.70,80769.30,80778.10,215.589,1791480779999,17422182.61040,4917,114.635,9263591.44120,0
1791480780000,80778.00,80868.00,80771.20,80844.20,183.394,1791480839999,14823040.53780,4635,102.125,8253979.91600,0
1791480840000,80844.20,80876.50,80801.40,80801.40,155.134,1791480899999,12541322.14550,3778,82.509,6670229.36680,0
1791480900000,80801.40,80844.10,80763.80,80813.00,154.243,1791480959999,12461553.07880,3577,50.770,4101950.76110,0
1791480960000,80813.00,80882.30,80795.70,80795.70,293.098,1791481019999,23699684.16550,4899,153.600,12420070.81250,0
1791481020000,80795.60,80818.40,80727.30,80771.90,173.524,1791481079999,14014930.07280,3943,67.294,5435789.89890,0
1791481080000,80771.80,80800.00,80747.80,80800.00,102.953,1791481139999,8316271.26980,2839,55.798,4507126.62690,0
1791481140000,80799.90,80908.30,80786.40,80894.70,248.840,1791481199999,20124122.61340,4298,171.910,13902985.86910,0
1791481200000,80894.70,80895.00,80855.20,80856.30,213.312,1791481259999,17253289.44120,3744,48.194,3897506.43930,0
1791481260000,80856.10,80882.60,80835.80,80835.80,77.933,1791481319999,6301670.22680,2226,39.656,3206440.00420,0
1791481320000,80835.70,80866.70,80775.10,80832.40,100.363,1791481379999,8111503.24730,3728,59.991,4848552.16620,0
1791481380000,80832.40,80832.40,80763.40,80831.00,76.497,1791481439999,6180468.69760,2598,41.239,3331808.28840,0
1791481440000,80830.90,80831.00,80800.00,80800.00,61.081,1791481499999,4936516.73600,2224,27.624,2232559.72530,0
1791481500000,80800.10,80856.30,80776.90,80853.80,54.628,1791481559999,4415112.75420,2574,38.883,3142735.60500,0
1791481560000,80853.70,80860.00,80757.80,80757.90,65.535,1791481619999,5296232.95460,2476,16.691,1349258.83250,0
1791481620000,80757.80,80766.30,80732.60,80748.90,113.646,1791481679999,9177076.05390,3173,61.579,4972733.11370,0
1791481680000,80748.90,80748.90,80667.30,80680.80,132.457,1791481739999,10688375.40590,3774,45.817,3697196.95080,0
1791481740000,80680.80,80696.20,80550.00,80550.00,226.681,1791481799999,18275541.77660,4213,40.354,3253575.61820,0
1791481800000,80550.00,80575.50,80523.40,80550.00,152.584,1791481859999,12290950.65160,3606,75.023,6043192.90300,0
1791481860000,80549.90,80575.00,80543.40,80571.10,144.057,1791481919999,11604878.67000,3739,78.014,6284437.91360,0
1791481920000,80571.00,80599.50,80505.80,80575.80,194.886,1791481979999,15696416.47550,3682,93.883,7562403.07880,0
1791481980000,80575.80,80645.60,80556.80,80645.60,149.693,1791482039999,12063789.20710,3037,120.391,9702215.44970,0
1791482040000,80645.60,80677.30,80637.70,80646.30,136.289,1791482099999,10991973.51570,3154,79.184,6386383.35850,0
1791482100000,80646.30,80700.00,80623.70,80683.80,68.064,1791482159999,5491043.70610,2729,38.516,3107235.04420,0
1791482160000,80683.70,80700.00,80674.20,80674.20,70.481,1791482219999,5686999.05690,2238,36.365,2934214.25600,0
1791482220000,80674.30,80674.30,80602.90,80621.10,141.331,1791482279999,11394486.88050,2852,43.518,3508246.77740,0
1791482280000,80621.30,80664.10,80621.20,80657.80,52.138,1791482339999,4205052.05860,1601,27.760,2238859.73920,0
1791482340000,80657.90,80718.10,80657.80,80718.10,110.505,1791482399999,8917465.81260,2038,97.750,7888223.23800,0
1791482400000,80718.10,80758.70,80657.90,80670.80,119.891,1791482459999,9677214.38300,4252,59.562,4808152.66310,0
1791482460000,80670.80,80695.20,80637.10,80695.10,69.976,1791482519999,5644626.32530,3019,30.676,2474531.94920,0
1791482520000,80695.10,80737.60,80672.90,80725.50,68.775,1791482579999,5550942.09160,3487,44.535,3594569.93650,0
1791482580000,80725.40,80725.50,80600.60,80625.10,70.945,1791482639999,5721926.10180,3292,40.276,3248244.43660,0
1791482640000,80625.20,80653.70,80573.30,80584.80,90.242,1791482699999,7274871.08010,3175,52.398,4224414.08400,0
1791482700000,80584.70,80604.90,80541.50,80604.80,101.742,1791482759999,8197745.38870,3814,34.172,2753382.52480,0
1791482760000,80604.80,80605.20,80563.10,80564.70,55.372,1791482819999,4462119.42940,2646,25.592,2062298.64290,0
1791482820000,80564.70,80564.80,80505.00,80510.00,93.302,1791482879999,7514080.57120,2545,38.971,3138651.49520,0
1791482880000,80510.00,80585.90,80510.00,80564.50,74.719,1791482939999,6018049.84570,3286,39.020,3142770.14570,0
1791482940000,80564.40,80628.60,80550.00,80550.10,52.913,1791482999999,4263990.48510,2868,34.711,2797210.25780,0
1791483000000,80550.10,80614.70,80527.80,80597.10,137.019,1791483059999,11039175.78110,3395,68.487,5518419.48140,0
1791483060000,80597.00,80615.00,80560.00,80560.10,37.769,1791483119999,3043620.85040,1632,13.970,1125857.67170,0
1791483120000,80560.10,80648.10,80560.00,80636.50,96.251,1791483179999,7758226.44460,3075,64.254,5178846.20560,0
1791483180000,80636.60,80636.60,80585.20,80598.80,48.704,1791483239999,3926001.84770,1930,24.575,1980879.69590,0
1791483240000,80598.80,80801.60,80581.90,80767.40,796.613,1791483299999,64320252.19690,9450,645.634,52130982.61740,0
1791483300000,80767.40,80916.70,80766.90,80916.70,288.720,1791483359999,23340772.46150,6348,217.657,17595729.81810,0
1791483360000,80916.70,80945.30,80866.60,80945.30,360.101,1791483419999,29141587.69160,6923,196.560,15906696.66980,0
1791483420000,80945.30,80965.10,80884.60,80943.30,306.686,1791483479999,24820640.87230,5470,167.841,13583481.54930,0
1791483480000,80943.30,80943.30,80894.70,80905.30,222.121,1791483539999,17973443.15250,3724,126.951,10272701.93230,0
1791483540000,80905.20,80986.20,80900.10,80986.10,194.616,1791483599999,15754257.07040,2989,142.970,11573970.09250,0
1791483600000,80986.20,81188.00,80986.20,81187.90,815.953,1791483659999,66165570.62250,12334,625.067,50687034.61520,0
1791483660000,81187.90,81328.80,81187.90,81278.50,1033.366,1791483719999,83978818.17380,12171,799.351,64960465.58430,0
1791483720000,81278.60,81399.90,81260.00,81394.30,586.035,1791483779999,47673902.82180,10456,409.113,33279981.87920,0
1791483780000,81394.20,81407.00,81286.00,81360.00,414.523,1791483839999,33725378.29370,5998,209.216,17020271.46020,0
1791483840000,81360.00,81431.00,81320.50,81413.30,541.797,1791483899999,44093813.62110,6759,197.017,16034531.85920,0
1791483900000,81413.40,81413.40,81340.00,81351.10,182.861,1791483959999,14878620.39800,4208,67.717,5509644.81430,0
1791483960000,81351.00,81380.00,81313.10,81379.20,178.518,1791484019999,14523082.47850,3764,80.843,6576915.20880,0
1791484020000,81379.20,81395.60,81368.40,81385.60,175.649,1791484079999,14295461.77970,2650,110.650,9005422.91100,0
1791484080000,81385.70,81428.00,81360.60,81400.00,182.807,1791484139999,14882033.85510,3448,117.583,9572479.33570,0
1791484140000,81400.00,81443.80,81397.70,81397.70,197.840,1791484199999,16108168.16690,3256,90.879,7399345.66750,0
1791484200000,81397.80,81397.80,81289.50,81323.80,304.688,1791484259999,24777970.57770,5662,87.117,7084016.38020,0
1791484260000,81323.80,81384.80,81323.80,81355.70,94.474,1791484319999,7686069.40970,3625,36.823,2995739.87290,0
1791484320000,81355.70,81470.00,81326.20,81451.00,270.529,1791484379999,22024862.94210,4967,201.526,16407254.00430,0
1791484380000,81450.90,81490.00,81422.10,81489.70,231.056,1791484439999,18822603.72100,4521,153.303,12488892.33000,0
1791484440000,81489.70,81537.00,81433.10,81452.40,379.945,1791484499999,30966070.62880,6809,220.106,17939015.28680,0
1791484500000,81452.40,81465.00,81291.40,81318.60,664.524,1791484559999,54060655.38890,5838,208.440,16951172.29180,0
1791484560000,81318.70,81342.50,81299.50,81342.50,332.816,1791484619999,27062659.81440,3769,111.692,9081913.84330,0
1791484620000,81342.50,81346.00,81307.80,81346.00,164.553,1791484679999,13384437.35530,2395,115.421,9388337.25070,0
1791484680000,81345.90,81449.90,81345.90,81445.60,254.118,1791484739999,20681778.47240,3303,200.853,16344920.86450,0
1791484740000,81445.70,81496.90,81434.90,81486.00,305.802,1791484799999,24912586.77890,3110,250.114,20376455.20900,0
1791484800000,81486.00,81506.80,81429.40,81504.70,292.365,1791484859999,23821597.28950,5856,140.628,11457898.59960,0
1791484860000,81504.80,81504.80,81462.60,81479.50,96.559,1791484919999,7868410.20730,2415,36.363,2963174.33000,0
1791484920000,81479.50,81490.40,81456.40,81460.40,58.861,1791484979999,4795523.57530,1399,30.117,2453648.84520,0
1791484980000,81460.40,81465.10,81438.30,81448.30,89.792,1791485039999,7313940.75010,1757,46.871,3817897.61280,0
1791485040000,81448.30,81511.10,81448.30,81482.50,150.290,1791485099999,12248011.12070,2284,105.758,8618675.36790,0
1791485100000,81482.60,81524.00,81438.80,81443.50,408.069,1791485159999,33255153.27210,4281,165.262,13468591.40080,0
1791485160000,81443.50,81467.20,81437.60,81446.60,62.551,1791485219999,5094681.44160,1777,32.815,2672746.52980,0
1791485220000,81446.60,81508.80,81446.50,81460.90,76.578,1791485279999,6239546.32400,2311,40.888,3331523.36070,0
1791485280000,81460.80,81469.00,81446.00,81446.00,42.449,1791485339999,3457841.58050,1218,14.438,1176124.37510,0
1791485340000,81446.00,81481.20,81422.30,81458.10,119.090,1791485399999,9700436.64200,2521,51.370,4184428.87010,0
1791485400000,81458.10,81510.00,81452.80,81452.80,57.519,1791485459999,4686518.91810,2508,26.939,2194984.07950,0
1791485460000,81452.80,81495.00,81418.00,81418.00,80.805,1791485519999,6580851.76200,2379,23.490,1913125.79520,0
1791485520000,81418.00,81434.00,81408.80,81425.60,81.953,1791485579999,6672603.78480,2050,42.399,3452069.77940,0
1791485580000,81425.60,81471.00,81420.90,81470.90,34.070,1791485639999,2774672.77980,1090,27.848,2267996.49970,0
1791485640000,81471.00,81489.00,81470.90,81479.30,42.621,1791485699999,3472744.64030,1104,24.287,1978876.17500,0
1791485700000,81479.30,81479.30,81450.20,81452.20,51.607,1791485759999,4204192.85890,1331,12.997,1058817.67610,0
1791485760000,81452.30,81467.00,81440.90,81457.70,32.519,1791485819999,2648870.91120,1316,21.715,1768822.16560,0
1791485820000,81457.70,81490.00,81430.10,81490.00,40.740,1791485879999,3318597.22990,1550,17.952,1462433.77510,0
1791485880000,81490.00,81490.00,81471.20,81472.00,51.337,1791485939999,4182989.85780,1531,20.436,1665185.17150,0
1791485940000,81472.00,81480.20,81452.10,81466.90,46.286,1791485999999,3770880.53870,1722,30.570,2490507.05160,0
1791486000000,81466.90,81500.00,81456.80,81483.80,93.313,1791486059999,7603142.24000,1848,61.093,4977626.15560,0
1791486060000,81483.80,81550.00,81483.80,81518.30,160.596,1791486119999,13093273.19380,3384,114.152,9306481.64560,0
1791486120000,81518.20,81550.00,81518.20,81550.00,78.993,1791486179999,6440964.25900,2032,51.390,4190204.04930,0
1791486180000,81549.90,81569.20,81536.80,81567.40,154.018,1791486239999,12560740.21040,2852,92.285,7526403.77220,0
1791486240000,81567.30,81588.00,81554.90,81585.70,105.343,1791486299999,8593537.06310,2497,54.003,4405325.22220,0
1791486300000,81585.70,81588.80,81456.10,81461.70,264.252,1791486359999,21545008.85170,4327,35.526,2897272.25910,0
1791486360000,81461.60,81508.90,81461.60,81464.50,93.884,1791486419999,7650229.39580,2337,43.022,3505577.20140,0
1791486420000,81464.40,81464.40,81388.00,81388.40,142.345,1791486479999,11589234.66140,3531,31.732,2583332.81870,0
1791486480000,81388.40,81440.60,81386.20,81415.40,79.112,1791486539999,6440591.46590,2469,41.086,3344618.93560,0
1791486540000,81415.40,81434.60,81415.30,81422.50,80.622,1791486599999,6564532.66280,1466,30.790,2507030.87300,0
1791486600000,81422.40,81529.70,81422.40,81518.00,171.544,1791486659999,13977913.34230,3318,114.329,9316262.33790,0
1791486660000,81517.90,81536.70,81467.30,81496.00,144.828,1791486719999,11804244.66510,2432,26.776,2182591.76980,0
1791486720000,81495.90,81509.70,81435.10,81435.90,173.722,1791486779999,14150994.43740,2562,79.503,6475260.73010,0
1791486780000,81435.90,81480.20,81435.90,81459.90,172.707,1791486839999,14067679.52770,1500,127.538,10387850.18100,0
1791486840000,81459.90,81460.00,81450.00,81460.00,102.971,1791486899999,8387956.65770,766,83.538,6804972.83010,0
1791486900000,81460.00,81490.70,81410.90,81426.30,131.084,1791486959999,10677962.63900,2001,79.378,6466089.10820,0
1791486960000,81426.30,81527.60,81426.30,81527.60,48.409,1791487019999,3944034.03910,1979,33.328,2715226.38240,0
1791487020000,81527.50,81562.90,81524.40,81562.20,146.030,1791487079999,11908580.19760,2135,105.423,8596936.53750,0
1791487080000,81562.10,81572.20,81526.10,81555.40,98.371,1791487139999,8022542.82970,2281,43.572,3553554.65630,0
1791487140000,81555.30,81590.10,81529.60,81583.60,97.678,1791487199999,7967553.73820,2009,61.933,5052100.66310,0
1791487200000,81583.60,81614.60,81549.00,81563.40,143.946,1791487259999,11743999.86700,3582,80.399,6559332.36370,0
1791487260000,81563.50,81563.50,81524.60,81524.70,47.958,1791487319999,3910732.23350,1572,25.317,2064405.51890,0
1791487320000,81524.70,81617.90,81524.70,81617.90,49.752,1791487379999,4057978.27990,1848,38.869,3170340.03090,0
1791487380000,81617.80,81671.50,81601.70,81625.10,284.071,1791487439999,23191388.74030,5511,197.515,16125355.27750,0
1791487440000,81625.10,81676.80,81615.70,81620.50,96.495,1791487499999,7878673.99420,2528,46.348,3784337.58210,0
1791487500000,81620.50,81680.00,81605.00,81680.00,106.315,1791487559999,8679791.62750,2384,70.949,5792479.16740,0
1791487560000,81679.90,81693.40,81660.40,81668.90,145.575,1791487619999,11890163.33800,2385,91.249,7453239.23580,0
1791487620000,81668.90,81681.30,81651.60,81651.70,52.839,1791487679999,4315110.81490,1538,29.975,2447914.10100,0
1791487680000,81651.70,81671.50,81639.40,81659.80,94.211,1791487739999,7692367.92380,2097,55.976,4570319.10370,0
1791487740000,81659.70,81659.70,81641.40,81647.80,44.975,1791487799999,3672195.37810,1308,23.298,1902260.77060,0
1791487800000,81647.80,81683.00,81643.40,81683.00,60.086,1791487859999,4907092.19630,1756,43.591,3559955.62760,0
1791487860000,81683.00,81751.20,81682.90,81723.20,219.253,1791487919999,17916767.62230,3742,155.866,12736533.60970,0
1791487920000,81723.20,81749.00,81700.20,81705.10,141.489,1791487979999,11563692.25940,2669,46.499,3800336.00070,0
1791487980000,81705.10,81780.30,81685.70,81759.20,342.138,1791488039999,27970243.60120,4191,262.434,21454250.02190,0
1791488040000,81759.10,81777.30,81753.10,81765.30,75.298,1791488099999,6156533.98520,1380,40.378,3301327.40440,0
1791488100000,81765.30,81780.00,81750.00,81750.10,101.590,1791488159999,8306519.78750,1595,38.025,3109213.53720,0
1791488160000,81750.00,81781.90,81745.10,81775.00,140.029,1791488219999,11450136.68630,1909,77.741,6356799.13810,0
1791488220000,81775.00,81775.10,81750.00,81766.60,61.264,1791488279999,5009201.22530,1378,29.185,2386276.55090,0
1791488280000,81766.60,81789.60,81758.00,81789.60,54.178,1791488339999,4430207.55250,1228,36.679,2999331.97840,0
1791488340000,81789.50,81791.40,81777.80,81784.70,85.202,1791488399999,6968499.60580,1503,52.333,4280241.40430,0
1791488400000,81784.70,81789.70,81706.80,81720.70,187.549,1791488459999,15328121.44770,3103,30.214,2469462.40050,0
1791488460000,81720.70,81750.00,81720.70,81748.50,31.733,1791488519999,2593840.38030,1098,18.515,1513342.03460,0
1791488520000,81748.50,81748.50,81700.20,81748.50,236.883,1791488579999,19358638.54240,2875,40.673,3324140.59240,0
1791488580000,81748.50,81748.50,81681.60,81699.90,71.217,1791488639999,5819117.45730,1771,26.730,2183985.33240,0
1791488640000,81700.00,81706.00,81675.10,81705.90,63.739,1791488699999,5206952.51160,1374,39.573,3232710.28110,0
1791488700000,81705.90,81706.00,81662.00,81691.00,140.492,1791488759999,11475679.39090,2384,34.059,2781957.71660,0
1791488760000,81691.00,81691.00,81682.90,81688.00,22.665,1791488819999,1851426.70970,739,11.067,904016.50550,0
1791488820000,81687.90,81715.90,81682.90,81696.50,43.702,1791488879999,3570139.70570,1144,25.241,2061942.40820,0
1791488880000,81696.50,81720.20,81696.40,81720.20,27.742,1791488939999,2266800.92960,793,25.053,2047070.80330,0
1791488940000,81720.10,81731.40,81686.70,81693.40,44.240,1791488999999,3614798.75680,1231,16.758,1369212.16350,0
1791489000000,81693.40,81722.70,81686.80,81702.00,73.347,1791489059999,5992652.39430,1959,42.225,3449886.37180,0
1791489060000,81702.00,81723.10,81699.00,81705.50,61.560,1791489119999,5030229.97090,1415,27.279,2229018.53570,0
1791489120000,81705.50,81766.00,81699.00,81763.60,99.900,1791489179999,8164738.05240,1633,68.341,5586090.28020,0
1791489180000,81763.60,81775.80,81763.60,81775.80,35.945,1791489239999,2939203.01060,780,19.106,1562286.77700,0
1791489240000,81775.70,81775.80,81748.60,81763.10,45.810,1791489299999,3745413.11170,1168,21.959,1795321.62580,0
1791489300000,81763.10,81765.90,81729.70,81754.80,53.000,1791489359999,4332433.22940,1400,22.448,1834955.94080,0
1791489360000,81754.70,81783.60,81754.70,81783.60,32.510,1791489419999,2658308.48920,814,27.260,2229044.88410,0
1791489420000,81783.70,81798.00,81767.50,81767.60,68.044,1791489479999,5565441.11700,1309,29.223,2390223.91700,0
1791489480000,81767.60,81778.30,81740.70,81760.70,102.008,1791489539999,8340094.49140,1730,28.918,2364478.16880,0
1791489540000,81760.70,81760.70,81699.90,81733.00,138.491,1791489599999,11318920.39950,2605,83.772,6846449.23510,0
1791489600000,81733.00,81778.10,81733.00,81764.50,55.824,1791489659999,4564270.13640,2113,28.788,2353528.06710,0
1791489660000,81764.50,81802.80,81752.20,81802.80,132.380,1791489719999,10827113.86650,2552,90.647,7414127.73690,0
1791489720000,81802.80,81825.00,81772.10,81772.20,89.651,1791489779999,7334760.58980,2865,57.986,4744149.38880,0
1791489780000,81772.20,81783.00,81746.10,81754.80,53.238,1791489839999,4352897.05710,1881,22.122,1808729.16500,0
1791489840000,81754.90,81776.90,81754.80,81764.60,32.855,1791489899999,2686567.72170,1125,14.633,1196494.36660,0
1791489900000,81764.60,81774.80,81745.00,81760.30,66.273,1791489959999,5418510.95750,1819,32.288,2639815.35360,0
1791489960000,81760.30,81813.80,81759.80,81813.70,63.240,1791490019999,5171955.82050,2578,36.925,3019973.25790,0
1791490020000,81813.80,81825.00,81803.50,81824.90,35.053,1791490079999,2867780.23380,1385,21.773,1781300.26160,0
1791490080000,81825.00,81825.00,81803.80,81818.10,39.561,1791490139999,3236785.40180,1231,17.333,1418150.55140,0
1791490140000,81818.00,81842.70,81818.00,81825.00,82.545,1791490199999,6754780.63510,1783,36.361,2975385.44970,0
1791490200000,81824.90,81844.00,81822.30,81843.90,39.055,1791490259999,3195949.60890,1027,26.275,2150113.69530,0
1791490260000,81843.90,81844.00,81805.10,81814.90,44.872,1791490319999,3671696.63810,1786,20.774,1699861.25590,0
1791490320000,81814.80,81848.10,81812.80,81848.00,82.204,1791490379999,6726853.47310,1558,42.787,3501085.80680,0
1791490380000,81848.00,81852.40,81829.80,81845.70,50.302,1791490439999,4116885.65520,1463,22.064,1805794.70610,0
1791490440000,81845.70,81845.70,81833.70,81833.80,81.869,1791490499999,6700268.45320,1716,48.170,3942299.26020,0
1791490500000,81833.80,81833.80,81810.60,81812.40,39.448,1791490559999,3227852.56660,1045,13.542,1108043.49910,0
1791490560000,81812.40,81833.60,81807.00,81807.00,59.238,1791490619999,4846911.29320,1556,18.259,1493993.49430,0
1791490620000,81807.10,81830.00,81807.00,81829.90,22.759,1791490679999,1862127.44150,817,19.368,1584679.89180,0
1791490680000,81830.00,81830.00,81807.60,81808.00,31.687,1791490739999,2592715.60790,879,10.467,856423.31670,0
1791490740000,81808.00,81808.10,81750.00,81750.00,95.094,1791490799999,7777439.23270,1759,6.064,495930.28440,0
1791490800000,81750.00,81769.10,81736.50,81736.60,186.985,1791490859999,15286356.19080,1746,30.975,2532319.31600,0
1791490860000,81736.50,81736.50,81711.40,81718.00,54.879,1791490919999,4484808.57360,1474,9.696,792373.00380,0
1791490920000,81717.90,81723.80,81705.50,81723.80,58.213,1791490979999,4757035.51240,1241,31.543,2577615.40150,0
1791490980000,81723.70,81750.00,81716.50,81732.10,65.462,1791491039999,5350096.81410,1563,35.192,2876126.62520,0
1791491040000,81732.20,81732.20,81681.70,81681.70,74.508,1791491099999,6087997.92560,1780,26.378,2155475.13330,0
1791491100000,81681.70,81724.30,81667.40,81724.30,76.159,1791491159999,6221076.04500,1839,20.900,1707381.31810,0
1791491160000,81724.30,81781.40,81714.70,81764.60,120.509,1791491219999,9851762.16790,2112,98.639,8063908.52840,0
1791491220000,81764.50,81785.60,81764.50,81766.40,44.683,1791491279999,3653920.00320,1279,13.080,1069649.85690,0
1791491280000,81766.50,81777.90,81733.60,81744.20,66.055,1791491339999,5400375.99410,1743,19.739,1613847.82000,0
1791491340000,81744.20,81750.10,81717.30,81717.40,30.141,1791491399999,2463506.28610,1090,8.653,707282.62770,0
1791491400000,81717.30,81759.70,81701.50,81711.70,99.709,1791491459999,8149812.04390,2700,67.391,5508516.57150,0
1791491460000,81711.80,81721.40,81679.20,81690.30,69.125,1791491519999,5647366.13290,2240,20.333,1661137.82990,0
1791491520000,81690.40,81708.00,81674.90,81678.80,31.990,1791491579999,2613372.12540,1435,9.599,784182.40880,0
1791491580000,81678.90,81725.20,81667.30,81680.10,126.989,1791491639999,10374171.60010,2521,79.273,6475837.98550,0
1791491640000,81680.10,81724.60,81653.80,81724.50,141.220,1791491699999,11534401.42230,2101,62.786,5128862.19650,0
1791491700000,81724.50,81755.20,81714.50,81755.20,102.523,1791491759999,8379287.19120,1572,84.998,6947053.54580,0
1791491760000,81755.20,81760.50,81726.10,81726.20,37.635,1791491819999,3076573.70280,1131,8.725,713228.34090,0
1791491820000,81726.20,81761.70,81726.10,81761.70,16.953,1791491879999,1385725.54070,805,12.551,1025899.11070,0
1791491880000,81761.60,81761.70,81738.60,81745.90,23.519,1791491939999,1922833.09260,671,10.641,869951.39290,0
1791491940000,81745.90,81785.40,81745.90,81781.80,166.353,1791491999999,13603128.50610,2041,138.569,11331015.36210,0
1791492000000,81781.80,81785.60,81781.80,81785.60,9.698,1791492059999,793151.48380,387,7.788,636941.50280,0
1791492060000,81785.60,81785.60,81770.00,81785.50,26.488,1791492119999,2166168.87960,924,9.625,787109.45510,0
1791492120000,81785.60,81790.00,81778.20,81780.10,27.177,1791492179999,2222716.19480,703,15.616,1277165.15170,0
1791492180000,81780.20,81812.50,81780.10,81796.20,40.273,1791492239999,3294295.75270,1199,27.092,2216025.03890,0
1791492240000,81796.30,81802.40,81778.20,81778.20,50.929,1791492299999,4165625.85460,863,14.543,1189495.13570,0
1791492300000,81778.30,81779.20,81777.60,81779.20,13.534,1791492359999,1106786.15180,410,8.158,667146.54980,0
1791492360000,81779.20,81790.70,81777.10,81777.20,26.802,1791492419999,2191979.68910,714,10.873,889220.78140,0
1791492420000,81777.20,81777.20,81745.00,81745.00,29.970,1791492479999,2450463.31460,1047,8.825,721536.93040,0
1791492480000,81745.00,81765.00,81745.00,81765.00,17.758,1791492539999,1451786.08430,557,11.801,964760.55510,0
1791492540000,81765.00,81765.00,81683.40,81718.70,273.425,1791492599999,22344383.26070,3170,21.873,1787479.92250,0
1791492600000,81718.70,81749.20,81718.70,81749.10,32.319,1791492659999,2641558.29370,975,18.646,1523968.53050,0
1791492660000,81749.10,81755.00,81748.70,81748.70,24.926,1791492719999,2037749.85770,573,7.358,601523.60990,0
1791492720000,81748.70,81748.70,81732.80,81748.20,17.244,1791492779999,1409555.94850,642,11.511,940919.67740,0
1791492780000,81748.10,81751.40,81748.10,81751.40,11.416,1791492839999,933260.99420,411,7.452,609200.28420,0
1791492840000,81751.30,81765.40,81751.30,81765.40,13.343,1791492899999,1090873.94480,522,9.926,811511.06800,0
1791492900000,81765.40,81765.50,81765.30,81765.50,20.574,1791492959999,1682240.88860,481,15.902,1300233.39400,0
1791492960000,81765.50,81769.60,81751.40,81769.60,34.498,1791493019999,2820651.38330,867,13.529,1106143.29980,0
1791493020000,81769.60,81798.90,81765.00,81765.10,31.774,1791493079999,2598681.02010,1370,15.931,1302907.42420,0
1791493080000,81765.10,81796.20,81759.10,81796.20,68.065,1791493139999,5566081.70960,1066,58.382,4774206.42270,0
1791493140000,81796.20,81796.20,81764.50,81764.60,30.648,1791493199999,2506561.23280,989,10.453,854907.77080,0
1791493200000,81764.50,81765.00,81751.80,81752.60,44.556,1791493259999,3642818.29880,1266,23.178,1894970.34350,0
1791493260000,81752.60,81752.90,81693.00,81737.10,98.579,1791493319999,8056040.50020,2520,16.829,1375304.57650,0
1791493320000,81737.20,81737.20,81679.10,81679.20,67.716,1791493379999,5533175.27370,1947,25.576,2089927.72190,0
1791493380000,81679.20,81679.20,81659.00,81659.00,52.294,1791493439999,4270733.71180,1163,8.908,727497.37970,0
1791493440000,81659.10,81659.10,81637.10,81637.20,55.926,1791493499999,4566370.29670,990,6.450,526623.76210,0
1791493500000,81637.20,81637.20,81588.80,81605.20,114.639,1791493559999,9355316.62780,2890,31.546,2574225.97900,0
1791493560000,81605.20,81630.00,81604.50,81612.70,66.072,1791493619999,5392336.23740,1439,22.901,1868933.60180,0
1791493620000,81612.70,81635.80,81612.60,81635.80,21.021,1791493679999,1715912.36450,760,13.059,1065948.03620,0
1791493680000,81635.80,81661.70,81635.70,81661.70,22.315,1791493739999,1822076.94750,763,12.633,1031504.33730,0
1791493740000,81661.60,81661.70,81642.00,81657.60,43.958,1791493799999,3589464.71610,941,12.128,990270.13500,0
1791493800000,81657.60,81676.80,81657.60,81676.70,22.391,1791493859999,1828568.52300,827,18.994,1551135.12470,0
1791493860000,81676.70,81715.70,81676.70,81701.60,40.735,1791493919999,3328281.43490,1351,20.658,1687770.08890,0
1791493920000,81701.50,81702.10,81683.30,81691.30,24.030,1791493979999,1963104.34120,813,10.015,818165.12060,0
1791493980000,81691.40,81735.00,81691.40,81734.80,31.373,1791494039999,2563863.15180,1180,19.945,1629865.76970,0
1791494040000,81734.90,81738.90,81705.60,81718.00,22.993,1791494099999,1879141.72250,871,11.279,921783.07550,0
1791494100000,81718.00,81730.90,81717.10,81723.70,13.569,1791494159999,1108931.03260,793,4.796,391943.78860,0
1791494160000,81723.70,81731.30,81690.30,81703.00,49.216,1791494219999,4021431.49170,1402,9.867,806256.46310,0
1791494220000,81703.00,81715.40,81702.90,81715.40,14.712,1791494279999,1202045.46660,651,11.247,918940.35490,0
1791494280000,81715.40,81752.60,81715.30,81731.00,84.650,1791494339999,6919657.22940,1754,39.068,3193503.75230,0
1791494340000,81731.10,81750.00,81731.00,81750.00,12.402,1791494399999,1013722.31070,469,10.413,851151.02040,0
1791494400000,81750.00,81764.90,81750.00,81764.90,14.660,1791494459999,1198552.67070,534,11.243,919187.72000,0
1791494460000,81765.00,81765.00,81764.90,81765.00,23.713,1791494519999,1938892.54790,451,14.742,1205379.63000,0
1791494520000,81764.90,81765.70,81710.60,81710.60,67.174,1791494579999,5491097.69080,1378,11.483,938624.08470,0
1791494580000,81710.70,81722.70,81710.70,81722.70,12.661,1791494639999,1034599.38420,408,6.234,509415.30560,0
1791494640000,81722.70,81732.70,81677.20,81677.30,38.402,1791494699999,3137861.70240,1223,8.301,678329.72380,0
1791494700000,81677.20,81677.20,81634.20,81634.20,61.208,1791494759999,4998095.17240,1335,15.692,1281244.41020,0
1791494760000,81634.30,81652.50,81631.90,81631.90,55.040,1791494819999,4493692.33330,1247,22.697,1852999.63710,0
1791494820000,81631.90,81674.50,81631.90,81660.10,76.955,1791494879999,6283814.36270,1434,48.374,3949987.48690,0
1791494880000,81660.10,81660.10,81653.40,81653.50,23.081,1791494939999,1884702.46320,459,12.092,987376.71930,0
1791494940000,81653.50,81653.50,81640.40,81640.50,18.434,1791494999999,1505124.37530,537,8.954,731080.61300,0
1791495000000,81640.50,81650.40,81612.70,81650.40,54.867,1791495059999,4478888.21200,1236,39.174,3197751.19440,0
1791495060000,81650.30,81660.40,81650.30,81660.40,22.190,1791495119999,1811855.37710,543,15.123,1234826.59930,0
1791495120000,81660.40,81660.40,81636.00,81641.10,54.299,1791495179999,4433397.49090,829,26.308,2147786.99840,0
1791495180000,81641.10,81651.40,81626.30,81638.10,65.114,1791495239999,5315892.60800,972,23.605,1927080.44040,0
1791495240000,81638.20,81638.20,81622.30,81633.40,45.252,1791495299999,3693932.31160,922,20.730,1692133.07210,0
1791495300000,81633.50,81676.90,81633.40,81676.90,123.364,1791495359999,10074301.20020,2007,86.464,7060784.51220,0
1791495360000,81676.90,81694.70,81676.90,81688.70,40.822,1791495419999,3334460.06100,918,25.453,2079012.39730,0
1791495420000,81688.60,81707.70,81688.60,81707.70,22.988,1791495479999,1878018.97210,681,18.859,1540720.17330,0
1791495480000,81707.70,81708.50,81699.90,81700.00,23.384,1791495539999,1910642.47380,584,7.350,600545.41760,0
1791495540000,81700.00,81707.70,81699.90,81707.70,12.988,1791495599999,1061150.99140,414,10.426,851829.05620,0
1791495600000,81707.60,81707.60,81687.40,81696.10,31.044,1791495659999,2536182.87270,961,12.452,1017232.86830,0
1791495660000,81696.00,81713.00,81686.80,81686.90,37.173,1791495719999,3037141.88030,1020,28.624,2338698.27440,0
1791495720000,81686.80,81686.90,81674.10,81674.10,20.292,1791495779999,1657411.20550,669,8.866,724154.52060,0
1791495780000,81674.10,81687.30,81674.10,81687.20,25.387,1791495839999,2073579.05860,593,22.050,1801015.10800,0
1791495840000,81687.20,81687.20,81630.00,81665.70,70.787,1791495899999,5779591.13890,1661,12.988,1060555.85340,0
1791495900000,81665.70,81673.60,81618.00,81625.20,32.760,1791495959999,2674856.73250,1419,17.150,1400266.51860,0
1791495960000,81625.20,81625.20,81589.20,81595.50,57.458,1791496019999,4688571.88670,2174,19.461,1588007.42070,0
1791496020000,81595.50,81607.00,81595.50,81601.40,31.296,1791496079999,2553822.79390,683,14.590,1190558.73700,0
1791496080000,81601.30,81601.40,81585.00,81597.60,29.262,1791496139999,2387605.71480,1038,12.693,1035640.27260,0
1791496140000,81597.60,81597.70,81583.00,81589.60,30.597,1791496199999,2496358.75170,764,14.129,1152747.23600,0
1791496200000,81589.60,81593.10,81570.60,81581.80,34.658,1791496259999,2827531.43740,970,7.610,620864.38870,0
1791496260000,81581.80,81640.50,81581.80,81640.50,28.477,1791496319999,2323752.95870,1105,22.231,1814162.77050,0
1791496320000,81640.50,81640.50,81640.40,81640.40,14.312,1791496379999,1168438.04200,382,6.372,520213.26600,0
1791496380000,81640.40,81673.80,81640.40,81673.70,48.541,1791496439999,3963809.37410,988,31.259,2552466.39670,0
1791496440000,81673.70,81687.30,81671.10,81679.80,24.392,1791496499999,1992277.71430,892,11.766,960992.73020,0
1791496500000,81679.80,81707.90,81679.80,81696.50,33.337,1791496559999,2723481.92420,1098,18.398,1502991.39760,0
1791496560000,81696.50,81700.00,81693.30,81693.30,29.994,1791496619999,2450441.24130,765,16.691,1363603.10260,0
1791496620000,81693.40,81693.40,81659.40,81659.40,38.840,1791496679999,3172621.10760,980,6.514,532078.21630,0
1791496680000,81659.40,81664.40,81651.20,81651.20,15.390,1791496739999,1256766.89280,565,9.827,802484.87260,0
1791496740000,81651.20,81669.60,81637.10,81669.50,19.282,1791496799999,1574318.10390,916,13.120,1071227.43530,0
1791496800000,81669.60,81706.60,81669.60,81688.60,42.848,1791496859999,3500540.55420,1562,20.307,1658959.05300,0
1791496860000,81688.70,81710.00,81688.60,81710.00,24.662,1791496919999,2014886.08440,1036,16.838,1375654.10720,0
1791496920000,81709.90,81710.00,81669.50,81708.80,37.138,1791496979999,3033953.29070,1959,11.764,961012.42620,0
1791496980000,81708.80,81708.80,81642.20,81650.10,19.468,1791497039999,1589940.90500,1422,9.259,756121.24910,0
1791497040000,81650.10,81701.40,81650.00,81673.90,26.802,1791497099999,2188894.22590,1517,13.135,1072665.23470,0
1791497100000,81673.90,81699.00,81670.50,81698.90,29.435,1791497159999,2404221.40910,916,23.058,1883375.73500,0
1791497160000,81698.90,81711.20,81698.90,81711.10,25.559,1791497219999,2088361.92520,649,20.867,1704987.85350,0
1791497220000,81711.20,81719.30,81696.20,81699.80,23.931,1791497279999,1955375.95040,1026,10.131,827744.68570,0
1791497280000,81699.90,81746.40,81699.80,81746.40,22.285,1791497339999,1821001.83530,856,19.310,1577912.70030,0
1791497340000,81746.40,81802.30,81746.40,81779.00,77.422,1791497399999,6331180.43480,2039,48.599,3974279.75670,0
1791497400000,81779.10,81788.30,81754.00,81754.00,24.824,1791497459999,2029984.34980,1075,11.288,923080.85090,0
1791497460000,81754.10,81798.70,81754.00,81798.70,97.913,1791497519999,8006035.62290,1749,33.741,2758899.05290,0
1791497520000,81798.60,81823.90,81773.30,81779.80,51.360,1791497579999,4201107.49870,1577,29.430,2407318.12870,0
1791497580000,81779.90,81810.40,81770.90,81810.40,23.782,1791497639999,1945081.03920,1035,17.980,1470613.27140,0
1791497640000,81810.40,81815.90,81793.20,81793.30,29.780,1791497699999,2436293.78270,818,12.061,986716.49830,0
1791497700000,81793.20,81795.90,81783.50,81790.60,17.673,1791497759999,1445445.57540,798,11.057,904334.79430,0
1791497760000,81790.70,81810.10,81790.60,81804.40,20.303,1791497819999,1660891.62380,696,15.375,1257752.03830,0
1791497820000,81804.40,81815.90,81804.30,81815.80,15.621,1791497879999,1277915.08750,564,13.998,1145139.17920,0
1791497880000,81815.90,81821.00,81805.00,81820.90,102.167,1791497939999,8358557.95240,987,91.059,7449810.77240,0
1791497940000,81821.00,81821.00,81772.00,81790.70,33.901,1791497999999,2772977.53060,1485,13.225,1081677.12770,0
1791498000000,81790.70,81792.90,81783.60,81791.20,21.529,1791498059999,1760805.05480,710,13.418,1097421.47340,0
1791498060000,81791.20,81799.00,81768.10,81768.20,21.522,1791498119999,1760208.38020,941,7.244,592471.35930,0
1791498120000,81768.10,81768.20,81762.60,81762.70,18.919,1791498179999,1546887.26930,584,7.356,601450.39960,0
1791498180000,81762.60,81762.70,81732.70,81732.70,50.976,1791498239999,4166873.62390,1544,12.548,1025679.22690,0
1791498240000,81732.80,81751.50,81732.70,81751.40,21.843,1791498299999,1785439.02030,570,18.877,1542990.97040,0
1791498300000,81751.40,81763.00,81751.40,81763.00,15.080,1791498359999,1232881.08480,437,8.696,710939.19420,0
1791498360000,81762.90,81786.50,81762.90,81783.60,15.428,1791498419999,1261695.61630,718,9.221,754077.87290,0
1791498420000,81783.70,81783.70,81782.40,81782.40,15.399,1791498479999,1259369.17120,367,12.883,1053604.41910,0
1791498480000,81782.40,81790.00,81776.00,81776.00,28.059,1791498539999,2294754.82770,682,6.888,563306.86210,0
1791498540000,81776.10,81776.10,81746.60,81746.60,44.606,1791498599999,3647263.62390,928,8.446,690624.71140,0
1791498600000,81746.60,81751.40,81746.60,81746.80,22.690,1791498659999,1854859.93170,517,11.869,970267.76390,0
1791498660000,81746.70,81746.80,81724.60,81724.60,30.764,1791498719999,2514434.05210,801,7.788,636526.36810,0
1791498720000,81724.60,81773.40,81724.60,81773.40,33.040,1791498779999,2700830.13610,1033,28.024,2290751.00370,0
1791498780000,81773.40,81803.00,81773.30,81803.00,15.236,1791498839999,1246177.18710,736,9.859,806369.08690,0
1791498840000,81802.90,81837.40,81802.90,81835.50,67.609,1791498899999,5532394.90060,1725,42.437,3472507.82550,0
1791498900000,81835.60,81888.00,81828.80,81867.10,93.335,1791498959999,7640952.88930,2680,76.945,6299205.55100,0
1791498960000,81867.10,81878.10,81825.90,81825.90,69.747,1791499019999,5709446.14040,1595,18.370,1503659.80920,0
1791499020000,81826.00,81862.20,81820.10,81854.90,28.335,1791499079999,2319052.01200,1114,14.674,1200934.59870,0
1791499080000,81854.80,81862.10,81854.80,81859.60,18.841,1791499139999,1542285.77760,523,9.463,774620.00630,0
1791499140000,81859.60,81894.90,81859.60,81894.90,34.761,1791499199999,2846168.22150,984,25.535,2090858.15020,0
1791499200000,81894.80,81894.90,81860.00,81887.40,38.161,1791499259999,3124614.72850,1223,16.460,1347661.48530,0
1791499260000,81887.40,81897.30,81887.40,81897.20,18.337,1791499319999,1501600.11340,552,12.065,987997.59060,0
1791499320000,81897.30,81897.30,81860.00,81873.40,66.461,1791499379999,5441312.63380,1340,14.973,1225848.99050,0
1791499380000,81873.40,81873.50,81859.00,81862.40,35.450,1791499439999,2902097.14750,699,20.020,1638886.53350,0
1791499440000,81862.40,81872.70,81862.30,81872.60,18.606,1791499499999,1523231.75710,648,16.785,1374147.80130,0
1791499500000,81872.60,81898.70,81867.70,81898.60,47.361,1791499559999,3877765.94760,921,27.997,2292327.87030,0
1791499560000,81898.70,81907.20,81894.20,81894.20,83.359,1791499619999,6827153.27920,1478,56.133,4597327.10360,0
1791499620000,81894.20,81905.40,81894.20,81894.30,24.778,1791499679999,2029269.35540,725,14.191,1162196.51950,0
1791499680000,81894.20,81894.20,81886.00,81886.20,37.628,1791499739999,3081244.83180,629,20.481,1677110.50130,0
1791499740000,81886.20,81889.10,81882.20,81889.00,26.927,1791499799999,2204923.48230,497,13.342,1092507.35320,0
1791499800000,81889.10,81897.60,81840.80,81845.90,36.271,1791499859999,2969490.87630,1308,8.753,716527.25480,0
1791499860000,81845.80,81849.40,81832.60,81834.00,25.952,1791499919999,2123901.40420,942,10.624,869441.56320,0
1791499920000,81834.00,81834.10,81821.20,81822.60,20.295,1791499979999,1660666.39970,733,7.366,602731.63860,0
1791499980000,81822.60,81830.00,81822.60,81829.90,14.049,1791500039999,1149585.72350,475,6.698,548075.97020,0
1791500040000,81829.90,81855.60,81814.20,81814.20,34.240,1791500099999,2802126.64200,1230,12.758,1044101.01980,0
1791500100000,81814.20,81814.30,81793.80,81793.80,44.008,1791500159999,3600009.14000,1020,11.097,907765.67400,0
1791500160000,81793.80,81813.90,81768.80,81770.50,35.043,1791500219999,2865972.48920,1757,10.330,844894.49670,0
1791500220000,81770.50,81807.90,81770.40,81807.90,83.868,1791500279999,6859819.33350,2442,78.698,6436956.21680,0
1791500280000,81807.90,81840.20,81801.80,81827.60,102.018,1791500339999,8347266.26520,3112,78.575,6428963.51500,0
1791500340000,81827.60,81866.00,81827.60,81866.00,55.611,1791500399999,4551765.17000,2229,43.090,3526887.10820,0
1791500400000,81866.00,81876.80,81836.50,81876.80,60.345,1791500459999,4939830.17530,2313,42.808,3504294.87470,0
1791500460000,81876.80,81909.60,81876.70,81902.00,129.750,1791500519999,10626172.23650,4281,96.387,7893832.38560,0
1791500520000,81902.00,81908.20,81853.90,81892.00,92.266,1791500579999,7554953.60140,3102,59.003,4831214.97970,0
1791500580000,81892.00,81909.80,81855.60,81855.70,101.810,1791500639999,8337584.39930,3370,61.726,5054892.76420,0
1791500640000,81855.70,81885.90,81853.50,81853.50,27.937,1791500699999,2287173.26010,1728,19.671,1610442.09930,0
1791500700000,81853.50,81853.60,81840.80,81840.80,25.892,1791500759999,2119258.52000,957,12.561,1028105.71740,0
1791500760000,81840.90,81840.90,81812.50,81812.60,24.343,1791500819999,1991835.48340,1070,5.059,413937.39070,0
1791500820000,81812.60,81812.60,81790.20,81807.70,39.790,1791500879999,3254827.19910,1561,22.259,1820755.54830,0
1791500880000,81807.80,81811.30,81807.70,81808.20,19.640,1791500939999,1606727.35290,445,14.715,1203816.44760,0
1791500940000,81808.10,81837.80,81808.10,81837.80,22.037,1791500999999,1803126.23050,839,18.312,1498323.84880,0
1791501000000,81837.80,81849.10,81810.50,81810.50,27.411,1791501059999,2243139.24050,1256,9.276,759097.87140,0
1791501060000,81810.60,81839.10,81810.50,81839.10,14.541,1791501119999,1189774.87030,690,11.903,973932.54160,0
1791501120000,81839.10,81839.10,81803.30,81805.00,26.871,1791501179999,2198463.57130,933,13.160,1076637.37380,0
1791501180000,81805.10,81812.60,81790.20,81812.60,65.546,1791501239999,5361894.18100,1335,35.121,2872885.14710,0
1791501240000,81812.50,81812.60,81797.00,81797.00,18.684,1791501299999,1528557.48040,559,6.082,497571.72070,0
1791501300000,81797.10,81809.40,81797.00,81805.30,18.130,1791501359999,1483076.09440,553,7.615,622918.13390,0
1791501360000,81805.30,81809.30,81805.30,81809.20,10.766,1791501419999,880752.00340,263,7.129,583213.76430,0
1791501420000,81809.30,81830.90,81809.20,81823.00,30.566,1791501479999,2500885.69130,894,9.552,781520.82940,0
1791501480000,81823.00,81823.00,81809.70,81809.70,14.325,1791501539999,1172011.05020,554,5.031,411632.32770,0
1791501540000,81809.70,81810.90,81800.00,81810.90,20.818,1791501599999,1702996.78910,739,12.895,1054866.68720,0
1791501600000,81810.90,81831.70,81810.80,81817.10,47.710,1791501659999,3903525.83300,984,16.561,1354923.34040,0
1791501660000,81817.10,81866.20,81817.00,81849.90,25.985,1791501719999,2126914.14530,1264,15.862,1298252.96940,0
1791501720000,81850.00,81860.90,81849.90,81860.80,10.729,1791501779999,878205.82410,466,7.882,645169.43490,0
1791501780000,81860.90,81860.90,81850.00,81850.10,9.132,1791501839999,747493.91680,448,4.090,334780.57450,0
1791501840000,81850.10,81881.60,81838.90,81878.20,78.749,1791501899999,6447137.41450,1591,67.143,5496993.37420,0
1791501900000,81878.20,81878.30,81836.30,81836.30,40.000,1791501959999,3274252.09230,1233,12.803,1048141.13290,0
1791501960000,81836.30,81846.10,81836.30,81840.80,15.587,1791502019999,1275623.73730,554,7.019,574429.29650,0
1791502020000,81840.80,81840.90,81816.80,81821.20,21.786,1791502079999,1782564.97510,882,11.456,937320.10110,0
1791502080000,81821.10,81821.20,81790.40,81793.60,52.786,1791502139999,4318105.69190,1392,16.956,1386960.62090,0
1791502140000,81793.70,81808.10,81793.60,81808.10,30.167,1791502199999,2467680.91860,677,21.402,1750693.28960,0
1791502200000,81808.00,81843.30,81804.00,81843.30,54.845,1791502259999,4487450.33230,1269,45.137,3693155.06320,0
1791502260000,81843.30,81859.30,81831.30,81831.40,18.549,1791502319999,1518209.97950,1001,12.691,1038734.00660,0
1791502320000,81831.40,81850.00,81831.30,81843.30,19.387,1791502379999,1586666.17830,667,12.497,1022772.80600,0
1791502380000,81843.40,81844.60,81824.70,81830.20,18.081,1791502439999,1479751.40130,692,8.523,697510.66860,0
1791502440000,81830.20,81842.40,81830.20,81842.30,22.418,1791502499999,1834682.66220,436,12.288,1005655.95420,0
1791502500000,81842.40,81885.70,81842.40,81844.20,36.153,1791502559999,2959528.02790,2004,23.397,1915259.22870,0
1791502560000,81844.30,81850.50,81800.20,81800.30,23.802,1791502619999,1947484.73920,1151,7.995,654101.68350,0
1791502620000,81800.20,81800.30,81792.70,81795.90,24.773,1791502679999,2026323.31490,737,9.268,758075.18290,0
1791502680000,81795.90,81800.00,81783.10,81799.90,55.776,1791502739999,4561966.82760,865,11.692,956299.15250,0
1791502740000,81800.00,81820.00,81794.50,81813.20,22.737,1791502799999,1859993.91530,802,7.820,639671.76310,0
1791502800000,81813.30,81813.30,81813.20,81813.20,6.896,1791502859999,564184.28830,243,4.611,377241.12630,0
1791502860000,81813.20,81817.60,81806.00,81817.60,15.706,1791502919999,1284911.48230,604,5.865,479819.26030,0
1791502920000,81817.60,81817.60,81798.90,81798.90,9.471,1791502979999,774871.62190,472,4.174,341500.37160,0
1791502980000,81799.00,81799.00,81754.20,81779.50,114.467,1791503039999,9360297.05560,2174,60.858,4976260.31160,0
1791503040000,81779.60,81779.60,81763.70,81763.70,23.247,1791503099999,1900894.92470,708,6.923,566067.96420,0
1791503100000,81763.70,81763.80,81717.00,81747.00,133.519,1791503159999,10913775.42900,2339,17.494,1429888.26480,0
1791503160000,81747.10,81747.10,81705.30,81706.30,185.660,1791503219999,15172070.12830,2618,49.276,4026640.71190,0
1791503220000,81706.40,81706.70,81660.00,81679.90,200.406,1791503279999,16369401.31590,2785,41.451,3385888.41440,0
1791503280000,81680.00,81684.20,81655.40,81661.00,38.515,1791503339999,3145327.60060,1200,12.070,985658.49910,0
1791503340000,81661.00,81707.70,81660.90,81686.60,106.615,1791503399999,8710289.23330,1331,30.435,2486040.40870,0
1791503400000,81686.60,81725.60,81668.60,81688.00,122.834,1791503459999,10036466.11610,2336,50.612,4134817.65890,0
1791503460000,81688.10,81724.50,81688.10,81724.50,57.859,1791503519999,4727213.55180,1090,48.827,3989167.54470,0
1791503520000,81724.40,81738.70,81718.10,81724.60,26.109,1791503579999,2133891.11630,964,13.565,1108665.55890,0
1791503580000,81724.70,81726.00,81688.10,81688.20,31.749,1791503639999,2594203.93460,1283,13.240,1081854.70330,0
1791503640000,81688.10,81688.10,81660.40,81680.60,62.927,1791503699999,5139029.09350,1317,34.920,2851663.46090,0
1791503700000,81680.50,81682.70,81666.10,81682.60,43.379,1791503759999,3542851.55730,961,26.268,2145299.94630,0
1791503760000,81682.60,81682.70,81654.60,81654.60,36.158,1791503819999,2952939.23310,941,5.978,488229.26730,0
1791503820000,81654.60,81663.80,81654.60,81658.90,30.941,1791503879999,2526600.04840,838,8.890,725935.28190,0
1791503880000,81658.90,81700.00,81658.80,81700.00,34.954,1791503939999,2854799.40530,1275,27.092,2212684.15760,0
1791503940000,81699.90,81711.00,81699.90,81711.00,18.252,1791503999999,1491206.74040,787,8.326,680249.05300,0
