open_time,open,high,low,close,volume,close_time,quote_volume,count,taker_buy_volume,taker_buy_quote_volume,ignore
1743638400000,82485.10,83889.20,82137.30,83449.00,43538.786,1743652799999,3623559087.39850,706086,21475.085,1787303443.92860,0
1743652800000,83449.20,83707.90,82962.10,83423.70,18012.198,1743667199999,1500539543.80250,377045,9134.970,761030261.73420,0
1743667200000,83423.70,83774.10,83008.40,83058.10,25845.247,1743681599999,2156232432.60610,447293,13229.799,1103745634.71190,0
1743681600000,83058.00,83112.00,81172.20,82001.80,92135.552,1743695999999,7560977587.27370,1428632,45520.609,3735155331.47720,0
1743696000000,82001.70,82463.70,81504.80,81977.40,35332.973,1743710399999,2896951707.97450,703158,18021.818,1477912140.45330,0
1743710400000,81977.40,83298.00,81754.90,83181.50,24298.763,1743724799999,2007347259.60080,404295,13676.729,1130540294.58320,0
