open_time,open,high,low,close,volume,close_time,quote_volume,count,taker_buy_volume,taker_buy_quote_volume,ignore
1778112000000,81390.00,81450.50,80767.10,80797.30,18369.798,1778126399999,1488327880.28990,481881,8892.662,720565164.08190,0
1778126400000,80797.40,81680.60,80675.80,81480.10,19556.646,1778140799999,1587947801.41900,420372,10369.568,841850947.00930,0
1778140800000,81480.00,81564.60,80521.80,80827.90,20018.567,1778155199999,1621031917.52560,457547,9072.952,734606103.52000,0
1778155200000,80827.90,81158.70,79605.00,79861.60,40977.456,1778169599999,3290521533.59320,1007976,19230.799,1544463960.64130,0
1778169600000,79861.50,80235.00,79461.50,80103.10,22970.036,1778183999999,1834941988.01220,661822,11453.439,915030171.97770,0
1778184000000,80103.10,80331.60,79531.10,79969.40,12835.149,1778198399999,1024903881.46620,351147,6029.824,481558019.60500,0
