open_time,open,high,low,close,volume,close_time,quote_volume,count,taker_buy_volume,taker_buy_quote_volume,ignore
1687132800000,26329.60,26459.00,26241.20,26393.50,32200.784,1687147199999,849510301.47644,376342,16220.123,427925187.42320,0
1687147200000,26393.40,26468.50,26354.80,26415.30,19572.100,1687161599999,516997369.83370,251138,9547.910,252221433.41150,0
1687161600000,26415.20,26448.70,26350.20,26438.60,24996.502,1687175999999,659896389.13890,266960,11982.910,316353569.66430,0
1687176000000,26438.50,26569.70,26328.00,26431.10,65548.161,1687190399999,1734847484.36130,655828,32699.990,865552802.57310,0
1687190400000,26431.10,27077.00,26290.30,26672.80,200219.917,1687204799999,5338474734.60403,1640531,103827.488,2768829704.21932,0
1687204800000,26672.80,26852.80,26638.90,26828.50,57996.294,1687219199999,1551474883.19772,628288,29516.420,789660693.08982,0
