open_time,open,high,low,close,volume,close_time,quote_volume,count,taker_buy_volume,taker_buy_quote_volume,ignore
1746489600000,2.13071579,2.13515000,2.12258421,2.12853684,0,1746493199999,0,3600,0,0,0
1746493200000,2.12858158,2.14058684,2.11165789,2.11271579,0,1746496799999,0,3600,0,0,0
1746496800000,2.11271579,2.11458947,2.09458684,2.11318684,0,1746500399999,0,3600,0,0,0
1746500400000,2.11319474,2.12088421,2.10591842,2.11840526,0,1746503999999,0,3600,0,0,0
1746504000000,2.11842105,2.12466842,2.11420263,2.12280789,0,1746507599999,0,3600,0,0,0
1746507600000,2.12280000,2.12430000,2.10562632,2.10633158,0,1746511199999,0,3600,0,0,0
1746511200000,2.10633158,2.11529737,2.10197895,2.10717895,0,1746514799999,0,3600,0,0,0
1746514800000,2.10717895,2.11436579,2.09307763,2.09891579,0,1746518399999,0,3600,0,0,0
1746518400000,2.09897632,2.10307632,2.08071842,2.09707632,0,1746521999999,0,3600,0,0,0
1746522000000,2.09700789,2.10853421,2.09347632,2.10646842,0,1746525599999,0,3600,0,0,0
1746525600000,2.10646842,2.10745263,2.08856053,2.09240000,0,1746529199999,0,3600,0,0,0
1746529200000,2.09254211,2.10445789,2.08311053,2.09006316,0,1746532799999,0,3600,0,0,0
1746532800000,2.09019211,2.10329737,2.08638947,2.10119737,0,1746536399999,0,3600,0,0,0
1746536400000,2.10120526,2.10307895,2.07796579,2.08606842,0,1746539999999,0,3600,0,0,0
1746540000000,2.08592105,2.12256316,2.08536316,2.10571053,0,1746543599999,0,3600,0,0,0
1746543600000,2.10564737,2.12080526,2.10182895,2.11076842,0,1746547199999,0,3600,0,0,0
1746547200000,2.11074474,2.12740526,2.10349737,2.11078947,0,1746550799999,0,3600,0,0,0
1746550800000,2.11095000,2.12853421,2.11095000,2.12123684,0,1746554399999,0,3600,0,0,0
1746554400000,2.12118421,2.14213158,2.12118421,2.14152895,0,1746557999999,0,3600,0,0,0
1746558000000,2.14153684,2.14665000,2.13475789,2.13664474,0,1746561599999,0,3600,0,0,0
1746561600000,2.13671316,2.14063684,2.12157632,2.12738158,0,1746565199999,0,3600,0,0,0
1746565200000,2.12744211,2.13263684,2.11130263,2.11885263,0,1746568799999,0,3600,0,0,0
1746568800000,2.11886053,2.15154474,2.11832105,2.14901316,0,1746572399999,0,3600,0,0,0
1746572400000,2.14896053,2.15947632,2.14121842,2.15491579,0,1746575999999,0,3600,0,0,0
