open_time,open,high,low,close,volume,close_time,quote_volume,count,taker_buy_volume,taker_buy_quote_volume,ignore
1661126400000,0.34480578,0.34514866,0.34157698,0.34210277,0,1661129999999,0,3600,0,0,0
1661130000000,0.34215771,0.34245679,0.34012239,0.34035523,0,1661133599999,0,3600,0,0,0
1661133600000,0.34035341,0.34115895,0.33979126,0.34066364,0,1661137199999,0,3600,0,0,0
1661137200000,0.34064805,0.34093640,0.33659426,0.33706291,0,1661140799999,0,3600,0,0,0
1661140800000,0.33700669,0.34063303,0.33623654,0.34045555,0,1661144399999,0,3600,0,0,0
1661144400000,0.34040205,0.34166701,0.33961919,0.34134143,0,1661147999999,0,3600,0,0,0
1661148000000,0.34128587,0.34141982,0.33722419,0.33904746,0,1661151599999,0,3600,0,0,0
1661151600000,0.33904931,0.33958549,0.33550088,0.33564905,0,1661155199999,0,3600,0,0,0
1661155200000,0.33557948,0.33584188,0.33141124,0.33576770,0,1661158799999,0,3600,0,0,0
1661158800000,0.33576395,0.33646979,0.33267137,0.33414857,0,1661162399999,0,3600,0,0,0
1661162400000,0.33414843,0.33602540,0.33280399,0.33462348,0,1661165999999,0,3600,0,0,0
1661166000000,0.33461705,0.33599292,0.33393293,0.33557948,0,1661169599999,0,3600,0,0,0
1661169600000,0.33557841,0.33712865,0.33496801,0.33548632,0,1661173199999,0,3600,0,0,0
1661173200000,0.33548664,0.33769898,0.33455514,0.33629704,0,1661176799999,0,3600,0,0,0
1661176800000,0.33628761,0.33681980,0.33314576,0.33409832,0,1661180399999,0,3600,0,0,0
1661180400000,0.33404392,0.33843022,0.33381618,0.33730520,0,1661183999999,0,3600,0,0,0
1661184000000,0.33730319,0.33845351,0.33571511,0.33664228,0,1661187599999,0,3600,0,0,0
1661187600000,0.33664266,0.33701738,0.33504966,0.33573214,0,1661191199999,0,3600,0,0,0
1661191200000,0.33573194,0.33582697,0.33299529,0.33418441,0,1661194799999,0,3600,0,0,0
1661194800000,0.33418516,0.33531762,0.33387066,0.33497995,0,1661198399999,0,3600,0,0,0
1661198400000,0.33498620,0.33920208,0.33498620,0.33850087,0,1661201999999,0,3600,0,0,0
1661202000000,0.33850077,0.34085524,0.33808812,0.33857542,0,1661205599999,0,3600,0,0,0
1661205600000,0.33857544,0.34195422,0.33845090,0.34086183,0,1661209199999,0,3600,0,0,0
1661209200000,0.34086221,0.34519188,0.34049901,0.34397234,0,1661212799999,0,3600,0,0,0
