open_time,open,high,low,close,volume,close_time,quote_volume,count,taker_buy_volume,taker_buy_quote_volume,ignore
1678492800000,0.36997306,0.37037050,0.36830421,0.36974776,0,1678496399999,0,3600,0,0,0
1678496400000,0.36975065,0.37385213,0.36962845,0.37242299,0,1678499999999,0,3600,0,0,0
1678500000000,0.37248666,0.37385089,0.36965583,0.37011876,0,1678503599999,0,3600,0,0,0
1678503600000,0.37012073,0.37032875,0.36813868,0.36882746,0,1678507199999,0,3600,0,0,0
1678507200000,0.36881812,0.36906281,0.36586423,0.36779136,0,1678510799999,0,3600,0,0,0
1678510800000,0.36779100,0.36965280,0.36720571,0.36957648,0,1678514399999,0,3600,0,0,0
1678514400000,0.36963566,0.36970960,0.36637566,0.36797998,0,1678517999999,0,3600,0,0,0
1678518000000,0.36797998,0.36860957,0.36092002,0.36256447,0,1678521599999,0,3600,0,0,0
1678521600000,0.36254902,0.36545252,0.35943069,0.36359705,0,1678525199999,0,3600,0,0,0
1678525200000,0.36361863,0.36519137,0.36233989,0.36394577,0,1678528799999,0,3600,0,0,0
1678528800000,0.36394018,0.36424579,0.36140350,0.36159618,0,1678532399999,0,3600,0,0,0
1678532400000,0.36158927,0.36273475,0.36000034,0.36170591,0,1678535999999,0,3600,0,0,0
1678536000000,0.36171064,0.36274083,0.36040814,0.36040941,0,1678539599999,0,3600,0,0,0
1678539600000,0.36040989,0.36113348,0.35938362,0.36015256,0,1678543199999,0,3600,0,0,0
1678543200000,0.36015080,0.36177550,0.35909207,0.36102966,0,1678546799999,0,3600,0,0,0
1678546800000,0.36102634,0.36196131,0.35938971,0.36162679,0,1678550399999,0,3600,0,0,0
1678550400000,0.36162740,0.36365075,0.36002264,0.36037906,0,1678553999999,0,3600,0,0,0
1678554000000,0.36038031,0.36319704,0.35832695,0.36251417,0,1678557599999,0,3600,0,0,0
1678557600000,0.36253285,0.36310408,0.36161573,0.36190282,0,1678561199999,0,3600,0,0,0
1678561200000,0.36189962,0.36262443,0.36083198,0.36201705,0,1678564799999,0,3600,0,0,0
1678564800000,0.36202141,0.36443154,0.36146136,0.36354579,0,1678568399999,0,3600,0,0,0
1678568400000,0.36354533,0.36361618,0.36135793,0.36213735,0,1678571999999,0,3600,0,0,0
1678572000000,0.36213713,0.36290553,0.36127866,0.36157392,0,1678575599999,0,3600,0,0,0
1678575600000,0.36157458,0.36441529,0.36138683,0.36376555,0,1678579199999,0,3600,0,0,0
