open_time,open,high,low,close,volume,close_time,quote_volume,count,taker_buy_volume,taker_buy_quote_volume,ignore
1722470400000,0.62301667,0.63033887,0.62272204,0.62838263,0,1722473999999,0,3600,0,0,0
1722474000000,0.62831150,0.62988722,0.61983196,0.62327184,0,1722477599999,0,3600,0,0,0
1722477600000,0.62325435,0.62338608,0.61074019,0.61249789,0,1722481199999,0,3600,0,0,0
1722481200000,0.61249789,0.61401358,0.60842109,0.61144840,0,1722484799999,0,3600,0,0,0
1722484800000,0.61144558,0.61358244,0.59689921,0.60064419,0,1722488399999,0,3600,0,0,0
1722488400000,0.60064419,0.60952864,0.59788120,0.60728382,0,1722491999999,0,3600,0,0,0
1722492000000,0.60736187,0.61175670,0.60535906,0.60788790,0,1722495599999,0,3600,0,0,0
1722495600000,0.60788572,0.61037625,0.60590224,0.60868768,0,1722499199999,0,3600,0,0,0
1722499200000,0.60868296,0.61085296,0.60690999,0.60821502,0,1722502799999,0,3600,0,0,0
1722502800000,0.60816625,0.61083402,0.60216029,0.60267158,0,1722506399999,0,3600,0,0,0
1722506400000,0.60265696,0.60983556,0.60151087,0.60908204,0,1722509999999,0,3600,0,0,0
1722510000000,0.60908204,0.61116764,0.60662149,0.61015781,0,1722513599999,0,3600,0,0,0
1722513600000,0.61015781,0.61372821,0.60912648,0.61276640,0,1722517199999,0,3600,0,0,0
1722517200000,0.61276640,0.61285231,0.60523314,0.60739286,0,1722520799999,0,3600,0,0,0
1722520800000,0.60737919,0.60777546,0.59440620,0.59452777,0,1722524399999,0,3600,0,0,0
1722524400000,0.59445642,0.59540929,0.58306720,0.58597890,0,1722527999999,0,3600,0,0,0
1722528000000,0.58595603,0.58897373,0.57719332,0.58638258,0,1722531599999,0,3600,0,0,0
1722531600000,0.58638257,0.58641430,0.57558906,0.58108563,0,1722535199999,0,3600,0,0,0
1722535200000,0.58121979,0.58122691,0.56829914,0.57683827,0,1722538799999,0,3600,0,0,0
1722538800000,0.57689240,0.58400622,0.57647543,0.58250504,0,1722542399999,0,3600,0,0,0
1722542400000,0.58238815,0.58976431,0.57853661,0.58922744,0,1722545999999,0,3600,0,0,0
1722546000000,0.58921746,0.59677594,0.58698756,0.59290588,0,1722549599999,0,3600,0,0,0
1722549600000,0.59285710,0.59912523,0.59249575,0.59840475,0,1722553199999,0,3600,0,0,0
1722553200000,0.59840475,0.59991629,0.59560547,0.59628325,0,1722556799999,0,3600,0,0,0
