open_time,open,high,low,close,volume,close_time,quote_volume,count,taker_buy_volume,taker_buy_quote_volume,ignore
1693008000000,0.52567113,0.52659847,0.52304332,0.52382070,0,1693011599999,0,3600,0,0,0
1693011600000,0.52382070,0.52455086,0.52269809,0.52287434,0,1693015199999,0,3600,0,0,0
1693015200000,0.52287434,0.52478001,0.52287434,0.52344852,0,1693018799999,0,3600,0,0,0
1693018800000,0.52344912,0.52496653,0.52344561,0.52374775,0,1693022399999,0,3600,0,0,0
1693022400000,0.52374775,0.52384098,0.52140084,0.52181719,0,1693025999999,0,3600,0,0,0
1693026000000,0.52177068,0.52185997,0.51802283,0.51996317,0,1693029599999,0,3600,0,0,0
1693029600000,0.51996317,0.52173363,0.51964333,0.52173090,0,1693033199999,0,3600,0,0,0
1693033200000,0.52173151,0.52323433,0.52112045,0.52126564,0,1693036799999,0,3600,0,0,0
1693036800000,0.52126564,0.52238389,0.52024940,0.52106647,0,1693040399999,0,3600,0,0,0
1693040400000,0.52106647,0.52226707,0.52027589,0.52146995,0,1693043999999,0,3600,0,0,0
1693044000000,0.52146995,0.52224500,0.52096766,0.52224500,0,1693047599999,0,3600,0,0,0
1693047600000,0.52219851,0.52415373,0.52181281,0.52305828,0,1693051199999,0,3600,0,0,0
1693051200000,0.52305831,0.52305833,0.52110064,0.52276230,0,1693054799999,0,3600,0,0,0
1693054800000,0.52276233,0.52405778,0.52250648,0.52364087,0,1693058399999,0,3600,0,0,0
1693058400000,0.52364087,0.52808835,0.52335440,0.52641592,0,1693061999999,0,3600,0,0,0
1693062000000,0.52641592,0.52672254,0.52472929,0.52527619,0,1693065599999,0,3600,0,0,0
1693065600000,0.52527619,0.52680935,0.52378991,0.52479551,0,1693069199999,0,3600,0,0,0
1693069200000,0.52485103,0.52543736,0.52347013,0.52514416,0,1693072799999,0,3600,0,0,0
1693072800000,0.52514381,0.52599165,0.52437088,0.52545928,0,1693076399999,0,3600,0,0,0
1693076400000,0.52545928,0.52620485,0.52452781,0.52620485,0,1693079999999,0,3600,0,0,0
1693080000000,0.52620485,0.52732144,0.52518708,0.52530796,0,1693083599999,0,3600,0,0,0
1693083600000,0.52530378,0.52676807,0.52517354,0.52563623,0,1693087199999,0,3600,0,0,0
1693087200000,0.52563620,0.52577312,0.52397843,0.52432614,0,1693090799999,0,3600,0,0,0
1693090800000,0.52437266,0.52463214,0.52210722,0.52312760,0,1693094399999,0,3600,0,0,0
