open_time,open,high,low,close,volume,close_time,quote_volume,count,taker_buy_volume,taker_buy_quote_volume,ignore
1695427200000,0.51222598,0.51295377,0.51044108,0.51251630,0,1695430799999,0,3600,0,0,0
1695430800000,0.51256281,0.51268796,0.51099396,0.51166895,0,1695434399999,0,3600,0,0,0
1695434400000,0.51166895,0.51298152,0.51152859,0.51289797,0,1695437999999,0,3600,0,0,0
1695438000000,0.51294448,0.51317099,0.51137278,0.51137450,0,1695441599999,0,3600,0,0,0
1695441600000,0.51142101,0.51293421,0.51048478,0.51252512,0,1695445199999,0,3600,0,0,0
1695445200000,0.51252510,0.51364047,0.51203758,0.51217241,0,1695448799999,0,3600,0,0,0
1695448800000,0.51217241,0.51337107,0.51201711,0.51280060,0,1695452399999,0,3600,0,0,0
1695452400000,0.51280060,0.51341630,0.51172185,0.51201522,0,1695455999999,0,3600,0,0,0
1695456000000,0.51201525,0.51322525,0.51191441,0.51287626,0,1695459599999,0,3600,0,0,0
1695459600000,0.51287168,0.51304081,0.51202406,0.51235876,0,1695463199999,0,3600,0,0,0
1695463200000,0.51235873,0.51240397,0.51128132,0.51131708,0,1695466799999,0,3600,0,0,0
1695466800000,0.51136357,0.51274460,0.51131693,0.51267647,0,1695470399999,0,3600,0,0,0
1695470400000,0.51267650,0.51269314,0.51033872,0.51084287,0,1695473999999,0,3600,0,0,0
1695474000000,0.51093290,0.51097782,0.50856670,0.50930248,0,1695477599999,0,3600,0,0,0
1695477600000,0.50930307,0.51073682,0.50869615,0.50997602,0,1695481199999,0,3600,0,0,0
1695481200000,0.50992891,0.51014427,0.50823039,0.50987382,0,1695484799999,0,3600,0,0,0
1695484800000,0.50987385,0.51072901,0.50845799,0.51072410,0,1695488399999,0,3600,0,0,0
1695488400000,0.51072340,0.51076619,0.50941124,0.51033696,0,1695491999999,0,3600,0,0,0
1695492000000,0.51033699,0.51104293,0.50957668,0.51001881,0,1695495599999,0,3600,0,0,0
1695495600000,0.51006535,0.51062914,0.50973726,0.51019751,0,1695499199999,0,3600,0,0,0
1695499200000,0.51019751,0.51019751,0.50853859,0.50885772,0,1695502799999,0,3600,0,0,0
1695502800000,0.50885772,0.50930594,0.50809819,0.50880090,0,1695506399999,0,3600,0,0,0
1695506400000,0.50880092,0.50915607,0.50695400,0.50715472,0,1695509999999,0,3600,0,0,0
1695510000000,0.50715474,0.50773479,0.50562075,0.50759003,0,1695513599999,0,3600,0,0,0
