open_time,open,high,low,close,volume,close_time,quote_volume,count,taker_buy_volume,taker_buy_quote_volume,ignore
1678060800000,0.36678445,0.36961621,0.36590147,0.36900661,0,1678064399999,0,3600,0,0,0
1678064400000,0.36900699,0.36914355,0.36232244,0.36273003,0,1678067999999,0,3600,0,0,0
1678068000000,0.36267666,0.36394625,0.36059425,0.36272479,0,1678071599999,0,3600,0,0,0
1678071600000,0.36272471,0.36605966,0.36263363,0.36582079,0,1678075199999,0,3600,0,0,0
1678075200000,0.36587455,0.36805020,0.36392638,0.36399481,0,1678078799999,0,3600,0,0,0
1678078800000,0.36399498,0.36441651,0.36297271,0.36368976,0,1678082399999,0,3600,0,0,0
1678082400000,0.36374524,0.36493378,0.36323166,0.36359949,0,1678085999999,0,3600,0,0,0
1678086000000,0.36359951,0.36486077,0.36274714,0.36274714,0,1678089599999,0,3598,0,0,0
1678089600000,0.36280309,0.36281434,0.35923823,0.36195807,0,1678093199999,0,3598,0,0,0
1678093200000,0.36195792,0.36311427,0.36165393,0.36310333,0,1678096799999,0,3599,0,0,0
1678096800000,0.36310096,0.36554350,0.36230820,0.36548297,0,1678100399999,0,3596,0,0,0
1678100400000,0.36553690,0.36560212,0.36113014,0.36117805,0,1678103999999,0,3600,0,0,0
1678104000000,0.36117599,0.36375939,0.36062757,0.36325972,0,1678107599999,0,3598,0,0,0
1678107600000,0.36331370,0.36514654,0.36315143,0.36498195,0,1678111199999,0,3600,0,0,0
1678111200000,0.36498193,0.36630688,0.36446453,0.36585273,0,1678114799999,0,3600,0,0,0
1678114800000,0.36585325,0.36767374,0.36539087,0.36737640,0,1678118399999,0,3600,0,0,0
1678118400000,0.36737700,0.36857466,0.36672179,0.36846470,0,1678121999999,0,3600,0,0,0
1678122000000,0.36854882,0.36940907,0.36793309,0.36920000,0,1678125599999,0,3600,0,0,0
1678125600000,0.36919973,0.37269253,0.36913472,0.37230636,0,1678129199999,0,3600,0,0,0
1678129200000,0.37230134,0.37411655,0.37067335,0.37170068,0,1678132799999,0,3600,0,0,0
1678132800000,0.37169947,0.37335834,0.37102964,0.37113556,0,1678136399999,0,3600,0,0,0
1678136400000,0.37113770,0.37284205,0.37078028,0.37106692,0,1678139999999,0,3600,0,0,0
1678140000000,0.37106579,0.37201054,0.37092713,0.37119533,0,1678143599999,0,3600,0,0,0
1678143600000,0.37119352,0.37134048,0.36950288,0.36957616,0,1678147199999,0,3600,0,0,0
