open_time,open,high,low,close,volume,close_time,quote_volume,count,taker_buy_volume,taker_buy_quote_volume,ignore
1702512000000,0.62744130,0.62854057,0.62297095,0.62485830,0,1702515599999,0,3600,0,0,0
1702515600000,0.62480471,0.62557295,0.62236948,0.62370491,0,1702519199999,0,3600,0,0,0
1702519200000,0.62370491,0.62402415,0.62125561,0.62390243,0,1702522799999,0,3600,0,0,0
1702522800000,0.62395119,0.62457238,0.62060812,0.62310531,0,1702526399999,0,3600,0,0,0
1702526400000,0.62305653,0.62444248,0.62235627,0.62283597,0,1702529999999,0,3600,0,0,0
1702530000000,0.62283595,0.62627009,0.62265639,0.62453084,0,1702533599999,0,3600,0,0,0
1702533600000,0.62446821,0.62802532,0.62401649,0.62681778,0,1702537199999,0,3600,0,0,0
1702537200000,0.62681778,0.62684062,0.62442011,0.62590248,0,1702540799999,0,3600,0,0,0
1702540800000,0.62595126,0.63243026,0.62299167,0.62558275,0,1702544399999,0,3600,0,0,0
1702544400000,0.62558272,0.63051531,0.62461220,0.63039583,0,1702547999999,0,3600,0,0,0
1702548000000,0.63019608,0.63255696,0.62909174,0.63152866,0,1702551599999,0,3600,0,0,0
1702551600000,0.63152866,0.63419709,0.62945164,0.63411392,0,1702555199999,0,3600,0,0,0
1702555200000,0.63406514,0.63438232,0.63046321,0.63073255,0,1702558799999,0,3600,0,0,0
1702558800000,0.63074279,0.63124865,0.60600890,0.62392212,0,1702562399999,0,3600,0,0,0
1702562400000,0.62384363,0.62435871,0.61815439,0.62167451,0,1702565999999,0,3600,0,0,0
1702566000000,0.62172329,0.62368876,0.61999368,0.62308630,0,1702569599999,0,3600,0,0,0
1702569600000,0.62296133,0.62742323,0.62292537,0.62616049,0,1702573199999,0,3600,0,0,0
1702573200000,0.62610951,0.63407191,0.62580583,0.63093407,0,1702576799999,0,3600,0,0,0
1702576800000,0.63093149,0.63110961,0.62752234,0.62930601,0,1702580399999,0,3600,0,0,0
1702580400000,0.62935635,0.63314201,0.62930245,0.63209306,0,1702583999999,0,3600,0,0,0
1702584000000,0.63209304,0.63213816,0.62890457,0.63042327,0,1702587599999,0,3600,0,0,0
1702587600000,0.63046234,0.63472402,0.63036262,0.63453560,0,1702591199999,0,3600,0,0,0
1702591200000,0.63448682,0.63776607,0.63198837,0.63280928,0,1702594799999,0,3600,0,0,0
1702594800000,0.63280930,0.63454926,0.63126401,0.63157097,0,1702598399999,0,3600,0,0,0
