open_time,open,high,low,close,volume,close_time,quote_volume,count,taker_buy_volume,taker_buy_quote_volume,ignore
1665446400000,0.49378119,0.49790451,0.48562328,0.49727052,0,1665449999999,0,3600,0,0,0
1665450000000,0.49732871,0.49882153,0.49379278,0.49487809,0,1665453599999,0,3600,0,0,0
1665453600000,0.49493943,0.49632435,0.49069418,0.49363500,0,1665457199999,0,3600,0,0,0
1665457200000,0.49361108,0.49541449,0.49099796,0.49309585,0,1665460799999,0,3600,0,0,0
1665460800000,0.49309882,0.49546529,0.48974790,0.49280403,0,1665464399999,0,3600,0,0,0
1665464400000,0.49282621,0.49521592,0.48869625,0.48897333,0,1665467999999,0,3600,0,0,0
1665468000000,0.48897273,0.49156688,0.48578421,0.48828197,0,1665471599999,0,3600,0,0,0
1665471600000,0.48828335,0.49088255,0.48410277,0.48937164,0,1665475199999,0,3600,0,0,0
1665475200000,0.48938036,0.49213753,0.48799811,0.48829878,0,1665478799999,0,3600,0,0,0
1665478800000,0.48829930,0.48862369,0.47816563,0.48060381,0,1665482399999,0,3600,0,0,0
1665482400000,0.48042416,0.48444591,0.47916358,0.48363840,0,1665485999999,0,3600,0,0,0
1665486000000,0.48363819,0.48745580,0.48347540,0.48745580,0,1665489599999,0,3599,0,0,0
1665489600000,0.48742691,0.49260587,0.48624991,0.48945429,0,1665493199999,0,3600,0,0,0
1665493200000,0.48945498,0.49237015,0.48701227,0.48721329,0,1665496799999,0,3600,0,0,0
1665496800000,0.48721272,0.49563155,0.48410514,0.49337484,0,1665500399999,0,3600,0,0,0
1665500400000,0.49338397,0.49911408,0.49320753,0.49740316,0,1665503999999,0,3600,0,0,0
1665504000000,0.49740609,0.50239991,0.49488800,0.50027197,0,1665507599999,0,3600,0,0,0
1665507600000,0.50027034,0.50095464,0.49382349,0.49542939,0,1665511199999,0,3600,0,0,0
1665511200000,0.49536996,0.49598191,0.48583262,0.48675810,0,1665514799999,0,3600,0,0,0
1665514800000,0.48689815,0.48977169,0.48411107,0.48713981,0,1665518399999,0,3600,0,0,0
1665518400000,0.48711316,0.49899946,0.48575514,0.49114340,0,1665521999999,0,3600,0,0,0
1665522000000,0.49108861,0.49317979,0.48631535,0.48967397,0,1665525599999,0,3600,0,0,0
1665525600000,0.48973040,0.49157387,0.48834348,0.48991650,0,1665529199999,0,3600,0,0,0
1665529200000,0.48991625,0.49105498,0.48145775,0.48604501,0,1665532799999,0,3600,0,0,0
