open_time,open,high,low,close,volume,close_time,quote_volume,count,taker_buy_volume,taker_buy_quote_volume,ignore
1683590400000,1847.44948718,1856.51384615,1837.44820513,1843.53666667,0,1683604799999,0,14400,0,0,0
1683604800000,1843.53666667,1849.77756098,1831.26846154,1848.77317073,0,1683619199999,0,14395,0,0,0
1683619200000,1848.77317073,1849.18964706,1834.65258824,1846.63564706,0,1683633599999,0,14400,0,0,0
1683633600000,1846.62682353,1853.67423529,1835.33470588,1839.48800000,0,1683647999999,0,14400,0,0,0
1683648000000,1839.46117647,1857.23964706,1836.16376471,1852.49470588,0,1683662399999,0,14400,0,0,0
1683662400000,1852.48447059,1861.22576471,1841.45458824,1846.66329412,0,1683676799999,0,14400,0,0,0
