open_time,open,high,low,close,volume,close_time,quote_volume,count,taker_buy_volume,taker_buy_quote_volume,ignore
1709510400000,3487.80136364,3528.73727273,3441.32022727,3471.80250000,0,1709524799999,0,14400,0,0,0
1709524800000,3471.81863636,3487.37840909,3456.74045455,3478.90159091,0,1709539199999,0,14400,0,0,0
1709539200000,3478.60522727,3541.60909091,3478.60522727,3506.57704545,0,1709553599999,0,14400,0,0,0
1709553600000,3506.69659091,3567.25340909,3461.63704545,3559.83954545,0,1709567999999,0,14400,0,0,0
1709568000000,3559.84022727,3607.24318182,3529.71886364,3592.87250000,0,1709582399999,0,14400,0,0,0
1709582400000,3592.87386364,3640.23545455,3558.62727273,3627.00090909,0,1709596799999,0,14400,0,0,0
