open_time,open,high,low,close,volume,close_time,quote_volume,count,taker_buy_volume,taker_buy_quote_volume,ignore
1700092800000,2058.57692308,2080.66934066,2051.15527473,2053.00428571,0,1700107199999,0,14400,0,0,0
1700107200000,2053.00494505,2064.79890110,2048.31648352,2053.42164835,0,1700121599999,0,14400,0,0,0
1700121600000,2053.42604396,2089.61615385,2036.45802198,2068.89307692,0,1700135999999,0,14400,0,0,0
1700136000000,2068.77417582,2069.31670330,1983.40285714,1995.39252747,0,1700150399999,0,14400,0,0,0
1700150400000,1995.33296703,2014.10791209,1939.53780220,1964.92494505,0,1700164799999,0,14400,0,0,0
1700164800000,1965.00626374,1970.29648352,1945.99021978,1961.48549451,0,1700179199999,0,14400,0,0,0
