open_time,open,high,low,close,volume,close_time,quote_volume,count,taker_buy_volume,taker_buy_quote_volume,ignore
1709164800000,3382.98409091,3466.98000000,3374.49840909,3406.66454545,0,1709179199999,0,14400,0,0,0
1709179200000,3406.66068182,3493.42545455,3397.90545455,3467.56977273,0,1709193599999,0,14400,0,0,0
1709193600000,3467.84477273,3522.35386364,3443.42045455,3513.96863636,0,1709207999999,0,14400,0,0,0
1709208000000,3513.90340909,3517.07045455,3447.81409091,3468.75772727,0,1709222399999,0,14400,0,0,0
1709222400000,3468.62000000,3470.36886364,3352.20227273,3403.13704545,0,1709236799999,0,14400,0,0,0
1709236800000,3403.14545455,3414.95113636,3300.03219512,3340.29386364,0,1709251199999,0,14400,0,0,0
