open_time,open,high,low,close,volume,close_time,quote_volume,count,taker_buy_volume,taker_buy_quote_volume,ignore
1683158400000,1904.94282051,1908.07743590,1895.98358974,1903.61794872,0,1683172799999,0,14400,0,0,0
1683172800000,1903.61794872,1905.55717949,1896.22641026,1898.36820513,0,1683187199999,0,14400,0,0,0
1683187200000,1898.36897436,1917.68743590,1896.41871795,1904.52102564,0,1683201599999,0,14400,0,0,0
1683201600000,1904.52102564,1908.08615385,1877.72153846,1886.07948718,0,1683215999999,0,14400,0,0,0
1683216000000,1885.92179487,1891.41974359,1866.81138889,1876.18305556,0,1683230399999,0,14400,0,0,0
1683230400000,1876.55861111,1879.50250000,1869.98641026,1877.14384615,0,1683244799999,0,14400,0,0,0
