open_time,open,high,low,close,volume,close_time,quote_volume,count,taker_buy_volume,taker_buy_quote_volume,ignore
1666396800000,1299.66824637,1304.08661376,1295.14251741,1298.93510719,0,1666411199999,0,14400,0,0,0
1666411200000,1298.89497983,1300.50969791,1295.25578020,1299.63703229,0,1666425599999,0,14400,0,0,0
1666425600000,1299.63808553,1307.38432547,1299.60030300,1305.68331224,0,1666439999999,0,14400,0,0,0
1666440000000,1305.68489621,1318.26610600,1303.33990925,1316.13678562,0,1666454399999,0,14400,0,0,0
1666454400000,1316.13709712,1319.58939320,1307.65054612,1314.00853906,0,1666468799999,0,14400,0,0,0
1666468800000,1314.00989294,1318.08162308,1312.31203543,1313.84604752,0,1666483199999,0,14400,0,0,0
