open_time,open,high,low,close,volume,close_time,quote_volume,count,taker_buy_volume,taker_buy_quote_volume,ignore
1679616000000,1813.69025641,1818.67923077,1806.79435897,1812.35051282,0,1679630399999,0,14400,0,0,0
1679630400000,1812.35051282,1817.42589744,1803.43897436,1815.18461538,0,1679644799999,0,14396,0,0,0
1679644800000,1815.25666667,1816.55512821,1734.93631579,1748.49315789,0,1679659199999,0,14398,0,0,0
1679659200000,1747.50157895,1782.28526316,1744.40526316,1766.95487179,0,1679673599999,0,14400,0,0,0
1679673600000,1766.95102564,1769.92000000,1727.07205128,1763.73888889,0,1679687999999,0,14400,0,0,0
1679688000000,1763.76111111,1764.39583333,1728.69388889,1749.56777778,0,1679702399999,0,14400,0,0,0
