open_time,open,high,low,close,volume,close_time,quote_volume,count,taker_buy_volume,taker_buy_quote_volume,ignore
1747526400000,2475.22209302,2487.30488372,2468.62209302,2477.26378378,0,1747540799999,0,14400,0,0,0
1747540800000,2477.26918919,2514.63651163,2477.26918919,2509.23348837,0,1747555199999,0,14400,0,0,0
1747555200000,2509.34488372,2527.83627907,2499.21232558,2501.72216216,0,1747569599999,0,14400,0,0,0
1747569600000,2501.72216216,2585.74651163,2489.97348837,2578.81418605,0,1747583999999,0,14400,0,0,0
1747584000000,2578.94534884,2583.61837209,2404.69139535,2409.34534884,0,1747598399999,0,14400,0,0,0
1747598400000,2409.38325581,2510.39813953,2329.96546047,2497.75441860,0,1747612799999,0,14400,0,0,0
