open_time,open,high,low,close,volume,close_time,quote_volume,count,taker_buy_volume,taker_buy_quote_volume,ignore
1708992000000,3176.20926829,3273.25568182,3166.13227273,3215.55772727,0,1709006399999,0,14400,0,0,0
1709006400000,3215.88295455,3238.65022727,3203.04363636,3217.27500000,0,1709020799999,0,14400,0,0,0
1709020800000,3217.27954545,3268.27181818,3216.80454545,3254.82795455,0,1709035199999,0,14399,0,0,0
1709035200000,3254.91772727,3287.88659091,3220.12136364,3229.51977273,0,1709049599999,0,14400,0,0,0
1709049600000,3229.55431818,3259.97780488,3204.87750000,3250.54097561,0,1709063999999,0,14400,0,0,0
1709064000000,3250.58146341,3268.36048780,3233.88585366,3242.45545455,0,1709078399999,0,14400,0,0,0
