open_time,open,high,low,close,volume,close_time,quote_volume,count,taker_buy_volume,taker_buy_quote_volume,ignore
1722556800000,3203.40886364,3218.12568182,3136.88727273,3168.35863636,0,1722571199999,0,14400,0,0,0
1722571200000,3168.36340909,3174.82977273,3127.58909091,3147.52295455,0,1722585599999,0,14400,0,0,0
1722585600000,3147.51136364,3166.27045455,3135.11545455,3153.49431818,0,1722599999999,0,14400,0,0,0
1722600000000,3153.47886364,3182.23204545,2987.97272727,3039.54045455,0,1722614399999,0,14400,0,0,0
1722614400000,3039.52590909,3048.15522727,2996.64659091,3012.18727273,0,1722628799999,0,14400,0,0,0
1722628800000,3012.15295455,3040.85113636,2968.17477273,2989.70477273,0,1722643199999,0,14400,0,0,0
