open_time,open,high,low,close,volume,close_time,quote_volume,count,taker_buy_volume,taker_buy_quote_volume,ignore
1692316800000,1681.34635294,1699.01870588,1672.96400000,1676.94317647,0,1692331199999,0,14400,0,0,0
1692331200000,1676.94317647,1696.90129412,1662.72294118,1690.32941176,0,1692345599999,0,14400,0,0,0
1692345600000,1690.47717647,1696.72352941,1678.58258824,1685.91200000,0,1692359999999,0,14400,0,0,0
1692360000000,1685.90729412,1686.63000000,1655.26447059,1660.74952941,0,1692374399999,0,14400,0,0,0
1692374400000,1660.75423529,1677.50329412,1644.59835294,1657.54494118,0,1692388799999,0,14400,0,0,0
1692388800000,1657.57929412,1669.90270588,1656.66517647,1661.54447059,0,1692403199999,0,14400,0,0,0
