open_time,open,high,low,close,volume,close_time,quote_volume,count,taker_buy_volume,taker_buy_quote_volume,ignore
1709769600000,3818.85000000,3852.54731707,3766.24341463,3775.47634146,0,1709783999999,0,14400,0,0,0
1709784000000,3775.47414634,3803.02853659,3735.52634146,3789.32804878,0,1709798399999,0,14400,0,0,0
1709798400000,3789.11951220,3814.68951220,3771.11658537,3787.56097561,0,1709812799999,0,14400,0,0,0
1709812800000,3787.49048780,3853.30512195,3765.58707317,3838.19951220,0,1709827199999,0,14400,0,0,0
1709827200000,3837.43951220,3883.32365854,3813.83926829,3870.12024390,0,1709841599999,0,14400,0,0,0
1709841600000,3870.16048780,3933.22853659,3841.71536585,3868.71634146,0,1709855999999,0,14400,0,0,0
