open_time,open,high,low,close,volume,close_time,quote_volume,count,taker_buy_volume,taker_buy_quote_volume,ignore
1716076800000,3122.97447368,3136.56113636,3112.86681818,3129.36886364,0,1716091199999,0,14400,0,0,0
1716091200000,3129.36954545,3130.40681818,3103.76295455,3115.95931818,0,1716105599999,0,14400,0,0,0
1716105600000,3115.95409091,3124.32590909,3083.56113636,3102.58659091,0,1716119999999,0,14400,0,0,0
1716120000000,3102.59068182,3102.98318182,3063.67295455,3077.43613636,0,1716134399999,0,14400,0,0,0
1716134400000,3077.42840909,3083.03295455,3058.46750000,3065.15500000,0,1716148799999,0,14400,0,0,0
1716148800000,3065.14954545,3082.18818182,3053.91977273,3071.16750000,0,1716163199999,0,14400,0,0,0
