open_time,open,high,low,close,volume,close_time,quote_volume,count,taker_buy_volume,taker_buy_quote_volume,ignore
1677715200000,1665.11592378,1677.34904105,1644.33704350,1647.93010181,0,1677729599999,0,14400,0,0,0
1677729600000,1647.92778290,1651.29443936,1639.59487574,1644.07877305,0,1677743999999,0,14400,0,0,0
1677744000000,1644.07877305,1648.47698076,1638.05508232,1644.40012167,0,1677758399999,0,14400,0,0,0
1677758400000,1644.39898580,1645.20489981,1619.68246366,1628.29998602,0,1677772799999,0,14400,0,0,0
1677772800000,1628.26303747,1652.15337452,1621.68460130,1648.31007984,0,1677787199999,0,14400,0,0,0
1677787200000,1648.29927473,1657.85139692,1640.75462489,1647.77504580,0,1677801599999,0,14400,0,0,0
