open_time,open,high,low,close,volume,close_time,quote_volume,count,taker_buy_volume,taker_buy_quote_volume,ignore
1695772800000,1593.96741176,1597.58588235,1589.85694118,1595.81552941,0,1695787199999,0,14400,0,0,0
1695787200000,1595.81552941,1597.51670588,1591.09211765,1592.47141176,0,1695801599999,0,14400,0,0,0
1695801600000,1592.47470588,1633.77941176,1590.32011765,1629.63388235,0,1695815999999,0,14400,0,0,0
1695816000000,1629.63388235,1631.32000000,1592.73658824,1601.46835294,0,1695830399999,0,14400,0,0,0
1695830400000,1601.46835294,1603.02435294,1584.80964706,1597.43576471,0,1695844799999,0,14400,0,0,0
1695844800000,1597.51764706,1599.71105882,1593.36647059,1598.57364706,0,1695859199999,0,14400,0,0,0
