open_time,open,high,low,close,volume,close_time,quote_volume,count,taker_buy_volume,taker_buy_quote_volume,ignore
1712361600000,3317.73590909,3345.83704545,3307.27431818,3331.56613636,0,1712375999999,0,14400,0,0,0
1712376000000,3331.56613636,3352.05204545,3321.37477273,3330.56840909,0,1712390399999,0,14400,0,0,0
1712390400000,3330.56363636,3350.85931818,3326.09022727,3330.85977273,0,1712404799999,0,14400,0,0,0
1712404800000,3330.85000000,3360.64500000,3313.93090909,3335.46659091,0,1712419199999,0,14400,0,0,0
1712419200000,3335.47704545,3356.93431818,3331.45568182,3348.87250000,0,1712433599999,0,14400,0,0,0
1712433600000,3348.86295455,3397.86295455,3343.98545455,3351.76181818,0,1712447999999,0,14400,0,0,0
