open_time,open,high,low,close,volume,close_time,quote_volume,count,taker_buy_volume,taker_buy_quote_volume,ignore
1718323200000,3469.14659091,3509.72750000,3458.58204545,3491.08386364,0,1718337599999,0,14400,0,0,0
1718337600000,3491.05863636,3531.77477273,3490.87431818,3516.49977273,0,1718351999999,0,14400,0,0,0
1718352000000,3516.50431818,3530.03409091,3505.86772727,3515.57159091,0,1718366399999,0,14400,0,0,0
1718366400000,3515.64931818,3525.41204545,3461.25136364,3462.22931818,0,1718380799999,0,14400,0,0,0
1718380800000,3462.22863636,3467.03613636,3363.54295455,3406.29659091,0,1718395199999,0,14400,0,0,0
1718395200000,3406.27431818,3528.27340909,3404.29204545,3481.78840909,0,1718409599999,0,14400,0,0,0
