open_time,open,high,low,close,volume,close_time,quote_volume,count,taker_buy_volume,taker_buy_quote_volume,ignore
1663545600000,1334.85124923,1353.44692889,1289.63865213,1295.16766201,0,1663559999999,0,14400,0,0,0
1663560000000,1294.98444280,1312.62193850,1281.61590533,1302.13333623,0,1663574399999,0,14400,0,0,0
1663574400000,1302.13366166,1319.04138210,1289.87859597,1307.96930353,0,1663588799999,0,14400,0,0,0
1663588800000,1307.96918813,1371.03919413,1307.03233176,1341.50607522,0,1663603199999,0,14400,0,0,0
1663603200000,1341.53243135,1366.57053857,1322.51665139,1361.75207968,0,1663617599999,0,14400,0,0,0
1663617600000,1361.82049115,1391.64757276,1356.76783197,1375.66441775,0,1663631999999,0,14400,0,0,0
