open_time,open,high,low,close,volume,close_time,quote_volume,count,taker_buy_volume,taker_buy_quote_volume,ignore
1669593600000,1193.96449435,1199.16648940,1159.11235580,1172.53130398,0,1669607999999,0,14400,0,0,0
1669608000000,1172.53634026,1178.37972407,1166.83111036,1174.00105736,0,1669622399999,0,14399,0,0,0
1669622400000,1174.02109226,1176.39213538,1164.61374688,1170.39178110,0,1669636799999,0,14400,0,0,0
1669636800000,1170.38929233,1181.59493143,1156.39869486,1163.22063747,0,1669651199999,0,14400,0,0,0
1669651200000,1163.33339122,1184.21685875,1151.23557270,1171.64832518,0,1669665599999,0,14400,0,0,0
1669665600000,1171.65238759,1175.36595302,1167.24619616,1167.87783111,0,1669679999999,0,14400,0,0,0
