open_time,open,high,low,close,volume,close_time,quote_volume,count,taker_buy_volume,taker_buy_quote_volume,ignore
1699574400000,2117.61810127,2117.61810127,2117.61810127,2117.61810127,0,1699588799999,0,1,0,0,0
1699588800000,2123.35658228,2135.87013699,2100.84684932,2101.66178082,0,1699603199999,0,13837,0,0,0
1699603200000,2101.66972603,2108.76012658,2083.28602740,2097.01392405,0,1699617599999,0,14400,0,0,0
1699617600000,2097.03797468,2099.12924051,2066.28708861,2089.84506329,0,1699631999999,0,14400,0,0,0
1699632000000,2089.84000000,2103.29835443,2085.83886076,2087.87215190,0,1699646399999,0,14400,0,0,0
1699646400000,2087.89949367,2099.30974684,2070.84974684,2077.76481013,0,1699660799999,0,14400,0,0,0
