open_time,open,high,low,close,volume,close_time,quote_volume,count,taker_buy_volume,taker_buy_quote_volume,ignore
1727222400000,2653.19045455,2672.89409091,2632.86636364,2646.56181818,0,1727236799999,0,14400,0,0,0
1727236800000,2646.56181818,2646.74681818,2611.11931818,2622.04045455,0,1727251199999,0,14400,0,0,0
1727251200000,2622.03022727,2630.29272727,2614.55681818,2627.51659091,0,1727265599999,0,14400,0,0,0
1727265600000,2627.51659091,2629.31590909,2596.75363636,2600.70772727,0,1727279999999,0,14400,0,0,0
1727280000000,2600.81272727,2609.14681818,2567.43613636,2570.56454545,0,1727294399999,0,14400,0,0,0
1727294400000,2570.63863636,2584.72842105,2555.92772727,2580.02704545,0,1727308799999,0,14400,0,0,0
