open_time,open,high,low,close,volume,close_time,quote_volume,count,taker_buy_volume,taker_buy_quote_volume,ignore
1678838400000,1699.48362813,1716.33500712,1681.59987596,1701.68848074,0,1678852799999,0,14400,0,0,0
1678852800000,1701.68835780,1707.67370707,1693.26310403,1704.98912307,0,1678867199999,0,14398,0,0,0
1678867200000,1704.97345954,1705.17178974,1652.29404636,1679.77097423,0,1678881599999,0,14400,0,0,0
1678881600000,1679.77942317,1696.74814698,1626.75047948,1634.32416940,0,1678895999999,0,14400,0,0,0
1678896000000,1634.33852063,1655.13811231,1612.38218503,1646.94800707,0,1678910399999,0,14400,0,0,0
1678910400000,1647.15871598,1664.25881337,1638.01198015,1649.69242879,0,1678924799999,0,14400,0,0,0
