open_time,open,high,low,close,volume,close_time,quote_volume,count,taker_buy_volume,taker_buy_quote_volume,ignore
1731715200000,3089.66268293,3156.36414634,3072.05048780,3154.90000000,0,1731729599999,0,14400,0,0,0
1731729600000,3154.81585366,3164.30951220,3101.94512195,3106.94317073,0,1731743999999,0,14400,0,0,0
1731744000000,3106.94170732,3195.29341463,3103.77048780,3195.29000000,0,1731758399999,0,14400,0,0,0
1731758400000,3195.20512195,3219.26097561,3122.73243902,3141.03829268,0,1731772799999,0,14400,0,0,0
1731772800000,3141.03902439,3184.52414634,3128.48682927,3168.83878049,0,1731787199999,0,14400,0,0,0
1731787200000,3168.83390244,3174.81048780,3122.80707317,3132.64219512,0,1731801599999,0,14400,0,0,0
