open_time,open,high,low,close,volume,close_time,quote_volume,count,taker_buy_volume,taker_buy_quote_volume,ignore
1665014400000,1352.50636186,1383.31378614,1351.88565105,1372.39818847,0,1665028799999,0,14400,0,0,0
1665028800000,1372.39338740,1380.06588051,1362.21439704,1368.33164635,0,1665043199999,0,14400,0,0,0
1665043200000,1368.33901856,1370.32688065,1355.05683536,1368.13589161,0,1665057599999,0,14400,0,0,0
1665057600000,1368.13722790,1379.32543233,1349.57710933,1362.33879149,0,1665071999999,0,14400,0,0,0
1665072000000,1362.33377379,1371.96400997,1354.81678458,1359.02712489,0,1665086399999,0,14400,0,0,0
1665086400000,1359.03095957,1363.65430108,1346.25303952,1351.94330257,0,1665100799999,0,14400,0,0,0
