open_time,open,high,low,close,volume,close_time,quote_volume,count,taker_buy_volume,taker_buy_quote_volume,ignore
1680652800000,1870.43538462,1924.66205128,1864.90307692,1912.54358974,0,1680667199999,0,14400,0,0,0
1680667200000,1912.47923077,1917.94384615,1907.19102564,1910.21846154,0,1680681599999,0,14400,0,0,0
1680681600000,1910.21487179,1919.78333333,1904.14769231,1914.44230769,0,1680695999999,0,14396,0,0,0
1680696000000,1914.44230769,1938.11230769,1884.27435897,1897.01641026,0,1680710399999,0,14400,0,0,0
1680710400000,1897.11384615,1917.87410256,1887.99538462,1909.16692308,0,1680724799999,0,14400,0,0,0
1680724800000,1909.28974359,1914.65461538,1903.58435897,1908.70564103,0,1680739199999,0,14400,0,0,0
