open_time,open,high,low,close,volume,close_time,quote_volume,count,taker_buy_volume,taker_buy_quote_volume,ignore
1707523200000,2486.45170732,2514.68585366,2483.47780488,2512.19714286,0,1707537599999,0,14400,0,0,0
1707537600000,2512.19714286,2515.35439024,2494.55195122,2495.24219512,0,1707551999999,0,14400,0,0,0
1707552000000,2495.24292683,2498.62292683,2471.94341463,2483.01804878,0,1707566399999,0,14400,0,0,0
1707566400000,2483.02292683,2496.32853659,2480.92536585,2490.81000000,0,1707580799999,0,14400,0,0,0
1707580800000,2490.76121951,2497.27682927,2483.39268293,2497.27609756,0,1707595199999,0,14400,0,0,0
1707595200000,2497.27463415,2516.28268293,2492.66487805,2500.30317073,0,1707609599999,0,14400,0,0,0
