open_time,open,high,low,close,volume,close_time,quote_volume,count,taker_buy_volume,taker_buy_quote_volume,ignore
1678147200000,1565.84118943,1583.44788389,1561.69535941,1575.17676683,0,1678161599999,0,14400,0,0,0
1678161600000,1575.17583926,1576.59455669,1570.81438613,1570.90916815,0,1678175999999,0,14400,0,0,0
1678176000000,1571.22596725,1571.32177135,1562.80198730,1563.25788609,0,1678190399999,0,14400,0,0,0
1678190400000,1563.29796425,1571.08219474,1536.92570796,1560.93661017,0,1678204799999,0,14400,0,0,0
1678204800000,1560.87228839,1565.11098702,1548.59075429,1551.57657842,0,1678219199999,0,14400,0,0,0
1678219200000,1551.26108274,1563.32745576,1543.29621092,1561.88968339,0,1678233599999,0,14400,0,0,0
