open_time,open,high,low,close,volume,close_time,quote_volume,count,taker_buy_volume,taker_buy_quote_volume,ignore
1697587200000,1564.77447059,1571.88835294,1562.33729412,1568.23835821,0,1697601599999,0,14400,0,0,0
1697601600000,1568.24432836,1581.48379747,1566.74517647,1572.45341176,0,1697615999999,0,14400,0,0,0
1697616000000,1572.45341176,1584.86364706,1569.88152941,1578.80352941,0,1697630399999,0,14400,0,0,0
1697630400000,1578.80352941,1581.72964706,1568.73176471,1570.08870588,0,1697644799999,0,14400,0,0,0
1697644800000,1570.09341176,1574.67223529,1562.93705882,1563.11164706,0,1697659199999,0,14400,0,0,0
1697659200000,1563.11164706,1565.82058824,1555.89270588,1563.42070588,0,1697673599999,0,14400,0,0,0
