open_time,open,high,low,close,volume,close_time,quote_volume,count,taker_buy_volume,taker_buy_quote_volume,ignore
1694304000000,1635.58976471,1635.75188235,1627.34317647,1631.27352941,0,1694318399999,0,14400,0,0,0
1694318400000,1631.27352941,1631.27352941,1618.78694118,1624.98552941,0,1694332799999,0,14400,0,0,0
1694332800000,1624.98623529,1626.53894118,1619.96776471,1624.55682353,0,1694347199999,0,14400,0,0,0
1694347200000,1624.55682353,1628.33588235,1612.54941176,1619.78682353,0,1694361599999,0,14400,0,0,0
1694361600000,1619.78682353,1620.03635294,1600.95894118,1616.91576471,0,1694375999999,0,14400,0,0,0
1694376000000,1616.92047059,1628.03905882,1614.60741176,1617.40023529,0,1694390399999,0,14400,0,0,0
