open_time,open,high,low,close,volume,close_time,quote_volume,count,taker_buy_volume,taker_buy_quote_volume,ignore
1723334400000,2609.89818182,2667.67227273,2606.25500000,2646.36159091,0,1723348799999,0,14400,0,0,0
1723348800000,2646.36090909,2681.71590909,2634.53045455,2677.35863636,0,1723363199999,0,14400,0,0,0
1723363200000,2677.41477273,2717.64045455,2645.07272727,2653.17909091,0,1723377599999,0,14400,0,0,0
1723377600000,2653.07363636,2655.59159091,2595.12750000,2613.90500000,0,1723391999999,0,14400,0,0,0
1723392000000,2613.90500000,2645.69772727,2596.75750000,2599.21954545,0,1723406399999,0,14400,0,0,0
1723406400000,2599.16159091,2602.17045455,2542.40500000,2555.16022727,0,1723420799999,0,14400,0,0,0
