open_time,open,high,low,close,volume,close_time,quote_volume,count,taker_buy_volume,taker_buy_quote_volume,ignore
1717545600000,3810.39681818,3839.45795455,3800.94113636,3810.56090909,0,1717559999999,0,14400,0,0,0
1717560000000,3810.56090909,3820.19931818,3777.80386364,3810.08500000,0,1717574399999,0,14400,0,0,0
1717574400000,3810.05931818,3811.03704545,3789,3804.32181818,0,1717588799999,0,14400,0,0,0
1717588800000,3804.32909091,3824.23681818,3782.49795455,3813.54568182,0,1717603199999,0,14400,0,0,0
1717603200000,3813.54181818,3877.63681818,3797.05000000,3876.43363636,0,1717617599999,0,14400,0,0,0
1717617600000,3876.42909091,3887.12590909,3842.77000000,3865.71500000,0,1717631999999,0,14400,0,0,0
