open_time,open,high,low,close,volume,close_time,quote_volume,count,taker_buy_volume,taker_buy_quote_volume,ignore
1671235200000,1166.80405699,1178.75801474,1162.19837405,1175.29878608,0,1671249599999,0,14400,0,0,0
1671249600000,1175.30485094,1185.15609605,1173.68193815,1183.48887589,0,1671263999999,0,14400,0,0,0
1671264000000,1183.49086992,1187.62576293,1174.44093041,1179.99544015,0,1671278399999,0,14400,0,0,0
1671278400000,1179.99338444,1182.52208724,1175.22672008,1179.97017627,0,1671292799999,0,14400,0,0,0
1671292800000,1179.97080919,1179.99191024,1171.74409797,1176.82655208,0,1671307199999,0,14400,0,0,0
1671307200000,1176.74646359,1189.55942955,1175.48376602,1187.21556274,0,1671321599999,0,14400,0,0,0
