open_time,open,high,low,close,volume,close_time,quote_volume,count,taker_buy_volume,taker_buy_quote_volume,ignore
1728000000000,2349.76318182,2379.72000000,2339.41431818,2367.13477273,0,1728014399999,0,14400,0,0,0
1728014400000,2367.13090909,2387.05159091,2366.10727273,2381.62000000,0,1728028799999,0,14400,0,0,0
1728028800000,2381.61977273,2393.38500000,2374.33545455,2386.16772727,0,1728043199999,0,14400,0,0,0
1728043200000,2386.16636364,2417.65045455,2353.17318182,2416.97318182,0,1728057599999,0,14400,0,0,0
1728057600000,2416.82477273,2441.12045455,2410.40363636,2428.72750000,0,1728071999999,0,14400,0,0,0
1728072000000,2428.88090909,2431.41545455,2412.61818182,2414.47477273,0,1728086399999,0,14400,0,0,0
