open_time,open,high,low,close,volume,close_time,quote_volume,count,taker_buy_volume,taker_buy_quote_volume,ignore
1714521600000,3014.16590909,3023.10409091,2960.93886364,3004.19727273,0,1714535999999,0,14400,0,0,0
1714536000000,3004.19386364,3013.50454545,2860.45363636,2869.03545455,0,1714550399999,0,14400,0,0,0
1714550400000,2869.23250000,2905.44090909,2818.47159091,2905.37613636,0,1714564799999,0,14400,0,0,0
1714564800000,2905.37000000,2932.83340909,2866.80590909,2885.52431818,0,1714579199999,0,14400,0,0,0
1714579200000,2885.48795455,3015.25363636,2869.29113636,2926.55363636,0,1714593599999,0,14400,0,0,0
1714593600000,2926.48704545,2984.74159091,2915.81000000,2972.44613636,0,1714607999999,0,14400,0,0,0
