open_time,open,high,low,close,volume,close_time,quote_volume,count,taker_buy_volume,taker_buy_quote_volume,ignore
1668124800000,1299.70155929,1308.13469516,1222.51302939,1239.59952040,0,1668139199999,0,14400,0,0,0
1668139200000,1239.57020848,1286.29628582,1229.37866798,1278.99504671,0,1668153599999,0,14400,0,0,0
1668153600000,1278.99246562,1292.40338757,1265.29124747,1275.62710944,0,1668167999999,0,14400,0,0,0
1668168000000,1275.63167003,1308.35878879,1202.83463620,1259.27189474,0,1668182399999,0,14400,0,0,0
1668182400000,1259.74134188,1285.94254554,1234.40746463,1274.24933047,0,1668196799999,0,14400,0,0,0
1668196800000,1274.19703570,1294.74265867,1238.54657326,1288.52717039,0,1668211199999,0,14400,0,0,0
