open_time,open,high,low,close,volume,close_time,quote_volume,count,taker_buy_volume,taker_buy_quote_volume,ignore
1743811200000,1816.85976190,1827.08309524,1809.56952381,1810.07238095,0,1743825599999,0,14400,0,0,0
1743825600000,1810.07785714,1815.67523810,1804.43619048,1813.04476190,0,1743839999999,0,14400,0,0,0
1743840000000,1813.07333333,1822.00888889,1806.70547619,1807.42309524,0,1743854399999,0,14399,0,0,0
1743854400000,1807.42309524,1808.28904762,1778.35500000,1782.09690476,0,1743868799999,0,14399,0,0,0
1743868800000,1782.05976190,1795.35809524,1780.08142857,1782.02952381,0,1743883199999,0,14400,0,0,0
1743883200000,1782.03428571,1809.99500000,1765.78095238,1805.84190476,0,1743897599999,0,14400,0,0,0
