open_time,open,high,low,close,volume,close_time,quote_volume,count,taker_buy_volume,taker_buy_quote_volume,ignore
1717891200000,3681.56421053,3684.60000000,3667.10568182,3674.37772727,0,1717905599999,0,14399,0,0,0
1717905600000,3674.37772727,3691.48113636,3669.35318182,3686.20431818,0,1717919999999,0,14400,0,0,0
1717920000000,3686.18295455,3693.83318182,3683.05136364,3693.40552632,0,1717934399999,0,14400,0,0,0
1717934400000,3693.39605263,3712.03500000,3682.04545455,3690.70250000,0,1717948799999,0,14400,0,0,0
1717948800000,3690.70386364,3709.40204545,3689.45454545,3700.94681818,0,1717963199999,0,14400,0,0,0
1717963200000,3700.94681818,3720.94340909,3695.15477273,3706.33022727,0,1717977599999,0,14400,0,0,0
