open_time,open,high,low,close,volume,close_time,quote_volume,count,taker_buy_volume,taker_buy_quote_volume,ignore
1745020800000,1588.71055556,1600.08523810,1585.28738095,1597.79500000,0,1745035199999,0,14400,0,0,0
1745035200000,1597.79416667,1613.08857143,1595.73023810,1600.88690476,0,1745049599999,0,14400,0,0,0
1745049600000,1600.88571429,1606.21615385,1594.31487179,1596.71128205,0,1745063999999,0,14400,0,0,0
1745064000000,1596.75846154,1612.09410256,1595.30435897,1607.26102564,0,1745078399999,0,14400,0,0,0
1745078400000,1607.25589744,1628.58228718,1598.80358974,1614.67261905,0,1745092799999,0,14400,0,0,0
1745092800000,1614.66976190,1622.13023810,1611.18904762,1613.24452381,0,1745107199999,0,14400,0,0,0
