open_time,open,high,low,close,volume,close_time,quote_volume,count,taker_buy_volume,taker_buy_quote_volume,ignore
1666656000000,1343.77408108,1348.74062937,1335.42633330,1347.52650662,0,1666670399999,0,14400,0,0,0
1666670400000,1347.52607026,1351.46795897,1343.91552672,1347.18646723,0,1666684799999,0,14400,0,0,0
1666684800000,1347.17910448,1349.14811393,1340.51818356,1346.97007477,0,1666699199999,0,14400,0,0,0
1666699200000,1346.99457731,1417.34430801,1346.53543599,1407.71163824,0,1666713599999,0,14400,0,0,0
1666713600000,1407.70678091,1523.39313820,1405.42965327,1492.99940215,0,1666727999999,0,14400,0,0,0
1666728000000,1492.89446593,1494.38577747,1448.76153229,1459.94591455,0,1666742399999,0,14400,0,0,0
