open_time,open,high,low,close,volume,close_time,quote_volume,count,taker_buy_volume,taker_buy_quote_volume,ignore
1671580800000,1217.03506219,1218.82361184,1206.39243237,1210.62639336,0,1671595199999,0,14400,0,0,0
1671595200000,1210.63294310,1213.58824973,1203.75861706,1210.88386185,0,1671609599999,0,14400,0,0,0
1671609600000,1210.87934277,1218.78826799,1207.78368601,1216.85725636,0,1671623999999,0,14396,0,0,0
1671624000000,1216.82389975,1221.82641183,1206.87516659,1215.64998811,0,1671638399999,0,14397,0,0,0
1671638400000,1215.64369506,1216.07560843,1206.72762719,1208.56640901,0,1671652799999,0,14400,0,0,0
1671652800000,1208.56669968,1214.89855111,1207.12155855,1213.78483675,0,1671667199999,0,14400,0,0,0
