open_time,open,high,low,close,volume,close_time,quote_volume,count,taker_buy_volume,taker_buy_quote_volume,ignore
1713052800000,3006.81181818,3019.05909091,2910.12669318,2970.90636364,0,1713067199999,0,14400,0,0,0
1713067200000,2970.91000000,3101.32863636,2965.62704545,3083.86386364,0,1713081599999,0,14400,0,0,0
1713081600000,3083.85386364,3098.63840909,3009.65795455,3027.35727273,0,1713095999999,0,14400,0,0,0
1713096000000,3027.18659091,3072.68545455,3007.79227273,3055.41568182,0,1713110399999,0,14400,0,0,0
1713110400000,3055.52659091,3099.84863636,2980.75545455,3073.63204545,0,1713124799999,0,14400,0,0,0
1713124800000,3073.65045455,3173.35295455,3048.93045455,3155.06863636,0,1713139199999,0,14400,0,0,0
