open_time,open,high,low,close,volume,close_time,quote_volume,count,taker_buy_volume,taker_buy_quote_volume,ignore
1676937600000,1703.24525376,1716.02264190,1698.12610365,1703.04304703,0,1676951999999,0,14399,0,0,0
1676952000000,1703.04261864,1708.95626480,1695.08834236,1703.95285910,0,1676966399999,0,14400,0,0,0
1676966400000,1703.96012176,1714.07620578,1667.30597277,1669.86193152,0,1676980799999,0,14398,0,0,0
1676980800000,1669.60628094,1684.74795716,1659.40905791,1672.08591779,0,1676995199999,0,14398,0,0,0
1676995200000,1672.05961231,1686.29429601,1656.41260797,1671.74580368,0,1677009599999,0,14400,0,0,0
1677009600000,1671.74340039,1674.10553002,1636.43974010,1659.59391073,0,1677023999999,0,14400,0,0,0
