open_time,open,high,low,close,volume,close_time,quote_volume,count,taker_buy_volume,taker_buy_quote_volume,ignore
1717200000000,3762.49477273,3781.93363636,3752.79545455,3778.86340909,0,1717214399999,0,14400,0,0,0
1717214400000,3778.86818182,3793.83250000,3770.70931818,3772.87068182,0,1717228799999,0,14400,0,0,0
1717228800000,3772.89159091,3808.95295455,3772.49318182,3788.57727273,0,1717243199999,0,14400,0,0,0
1717243200000,3788.57795455,3814.13750000,3787.02526316,3798.80113636,0,1717257599999,0,14400,0,0,0
1717257600000,3798.77795455,3809.58568182,3790.97022727,3804.50078947,0,1717271999999,0,14400,0,0,0
1717272000000,3804.50236842,3832.93750000,3799.39340909,3816.10954545,0,1717286399999,0,14400,0,0,0
