open_time,open,high,low,close,volume,close_time,quote_volume,count,taker_buy_volume,taker_buy_quote_volume,ignore
1721174400000,3444.24909091,3516.58772727,3442.18454545,3480.48954545,0,1721188799999,0,14400,0,0,0
1721188800000,3480.40772727,3513.87409091,3472.07977273,3486.45931818,0,1721203199999,0,14400,0,0,0
1721203200000,3486.45863636,3500.02613636,3442.61568182,3448.99863636,0,1721217599999,0,14400,0,0,0
1721217600000,3449.01522727,3474.96681818,3433.59613636,3437.78977273,0,1721231999999,0,14400,0,0,0
1721232000000,3437.78159091,3438.67500000,3376.85409091,3416.67590909,0,1721246399999,0,14400,0,0,0
1721246400000,3416.67272727,3428.31477273,3385.65704545,3387.17340909,0,1721260799999,0,14400,0,0,0
