open_time,open,high,low,close,volume,close_time,quote_volume,count,taker_buy_volume,taker_buy_quote_volume,ignore
1713830400000,3200.33500000,3222.52340909,3181.75159091,3183.88181818,0,1713844799999,0,14400,0,0,0
1713844800000,3183.88795455,3193.17795455,3152.58613636,3160.38727273,0,1713859199999,0,14400,0,0,0
1713859200000,3160.38045455,3185.30795455,3153.18204545,3179.43272727,0,1713873599999,0,14400,0,0,0
1713873600000,3179.43454545,3262.17386364,3173.67363636,3224.90886364,0,1713887999999,0,14400,0,0,0
1713888000000,3225.45431818,3245.80886364,3213.96500000,3217.64318182,0,1713902399999,0,14400,0,0,0
1713902400000,3217.72454545,3221.97727273,3186.58250000,3219.63977273,0,1713916799999,0,14400,0,0,0
