open_time,open,high,low,close,volume,close_time,quote_volume,count,taker_buy_volume,taker_buy_quote_volume,ignore
1702252800000,2352.24000000,2354.87634146,2156.67125227,2251.66477273,0,1702267199999,0,14400,0,0,0
1702267200000,2251.56227273,2254.09386364,2227.23750000,2237.27681818,0,1702281599999,0,14400,0,0,0
1702281600000,2237.27613636,2253.07295455,2230.53795455,2249.55795455,0,1702295999999,0,14400,0,0,0
1702296000000,2249.55590909,2252.02863636,2204.27909091,2219.26681818,0,1702310399999,0,14400,0,0,0
1702310400000,2219.28045455,2221.84022727,2157.49863636,2187.77113636,0,1702324799999,0,14400,0,0,0
1702324800000,2187.62931818,2226.77840909,2181.41590909,2225.07409091,0,1702339199999,0,14400,0,0,0
