open_time,open,high,low,close,volume,close_time,quote_volume,count,taker_buy_volume,taker_buy_quote_volume,ignore
1704240000000,2355.25522727,2384.19295455,2347.49090909,2368.46750000,0,1704254399999,0,14400,0,0,0
1704254400000,2368.46500000,2380.72886364,2357.05931818,2361.73886364,0,1704268799999,0,14400,0,0,0
1704268800000,2361.73272727,2384.98931818,2299.84500000,2307.87886364,0,1704283199999,0,14400,0,0,0
1704283200000,2307.72250000,2308.30090909,2100.73063182,2240.04431818,0,1704297599999,0,14400,0,0,0
1704297600000,2240.16840909,2244.59454545,2191.29136364,2206.74840909,0,1704311999999,0,14400,0,0,0
1704312000000,2206.72681818,2227.77318182,2196.55727273,2209.65386364,0,1704326399999,0,14400,0,0,0
