open_time,open,high,low,close,volume,close_time,quote_volume,count,taker_buy_volume,taker_buy_quote_volume,ignore
1671753600000,1217.57509892,1228.77189771,1214.77985108,1223.99821937,0,1671767999999,0,14400,0,0,0
1671768000000,1223.94240389,1224.85982304,1219.74610071,1221.69980845,0,1671782399999,0,14397,0,0,0
1671782400000,1221.70564872,1226.12826439,1216.00324515,1222.95819456,0,1671796799999,0,14400,0,0,0
1671796800000,1222.95919432,1229.45138658,1212.77708317,1219.32661311,0,1671811199999,0,14400,0,0,0
1671811200000,1219.31898039,1221.10856894,1216.51097275,1219.90862110,0,1671825599999,0,14400,0,0,0
1671825600000,1219.90220620,1222.41452290,1217.27016510,1219.96989469,0,1671839999999,0,14400,0,0,0
