open_time,open,high,low,close,volume,close_time,quote_volume,count,taker_buy_volume,taker_buy_quote_volume,ignore
1725667200000,2225.28250000,2242.43022727,2222.15727273,2238.21704545,0,1725681599999,0,14400,0,0,0
1725681600000,2238.25250000,2293.40977273,2237.68704545,2288.38818182,0,1725695999999,0,14400,0,0,0
1725696000000,2288.37795455,2299.05727273,2275.59590909,2283.74431818,0,1725710399999,0,14400,0,0,0
1725710400000,2283.74363636,2310.81477273,2282.46090909,2300.59750000,0,1725724799999,0,14400,0,0,0
1725724800000,2300.59681818,2304.36977273,2264.23318182,2290.59750000,0,1725739199999,0,14400,0,0,0
1725739200000,2290.59340909,2290.95340909,2258.71522727,2273.82886364,0,1725753599999,0,14400,0,0,0
