open_time,open,high,low,close,volume,close_time,quote_volume,count,taker_buy_volume,taker_buy_quote_volume,ignore
1688515200000,1936.11282353,1942.29470588,1933.97235294,1941.30388235,0,1688529599999,0,14400,0,0,0
1688529600000,1941.30317647,1941.72258824,1932.60101266,1936.30949367,0,1688543999999,0,14400,0,0,0
1688544000000,1936.30443038,1936.92810127,1905.61405063,1910.16354430,0,1688558399999,0,14400,0,0,0
1688558400000,1910.14329114,1913.85556962,1895.10647059,1902.88376471,0,1688572799999,0,14400,0,0,0
1688572800000,1902.88847059,1917.74388235,1901.33094118,1907.70788235,0,1688587199999,0,14400,0,0,0
1688587200000,1907.71000000,1915.55823529,1904.33800000,1910.26717647,0,1688601599999,0,14400,0,0,0
