open_time,open,high,low,close,volume,close_time,quote_volume,count,taker_buy_volume,taker_buy_quote_volume,ignore
1673481600000,1389.26233620,1416.98473716,1386.15763703,1400.88502012,0,1673495999999,0,14400,0,0,0
1673496000000,1400.88409074,1404.80280439,1394.27442536,1398.40413745,0,1673510399999,0,14398,0,0,0
1673510400000,1398.40755107,1402.59770417,1395.00362068,1397.84301908,0,1673524799999,0,14400,0,0,0
1673524800000,1397.84405063,1407.75141757,1367.78527728,1386.11821575,0,1673539199999,0,14400,0,0,0
1673539200000,1386.06098459,1435.68524377,1383.39587674,1425.58965802,0,1673553599999,0,14400,0,0,0
1673553600000,1425.59330916,1436.97153444,1414.68379865,1416.06306484,0,1673567999999,0,14400,0,0,0
