open_time,open,high,low,close,volume,close_time,quote_volume,count,taker_buy_volume,taker_buy_quote_volume,ignore
1674345600000,1626.40328157,1636.44683885,1605.22933620,1622.53618750,0,1674359999999,0,14400,0,0,0
1674360000000,1622.46405635,1631.01370504,1620.83984285,1627.08708570,0,1674374399999,0,14400,0,0,0
1674374400000,1627.08589730,1631.65880323,1619.33540354,1624.38369363,0,1674388799999,0,14400,0,0,0
1674388800000,1624.40971494,1650.24806681,1619.64333830,1635.55071177,0,1674403199999,0,14400,0,0,0
1674403200000,1635.53280294,1663.73245832,1629.89295114,1634.86893877,0,1674417599999,0,14400,0,0,0
1674417600000,1634.94095828,1635.95025545,1607.75107894,1627.25691508,0,1674431999999,0,14400,0,0,0
