open_time,open,high,low,close,volume,close_time,quote_volume,count,taker_buy_volume,taker_buy_quote_volume,ignore
1664150400000,1294.79620294,1313.81673048,1287.53489703,1303.54406154,0,1664164799999,0,14400,0,0,0
1664164800000,1303.54813237,1305.40497150,1279.24619201,1295.36090471,0,1664179199999,0,14400,0,0,0
1664179200000,1295.40022111,1324.59802945,1289.75181677,1296.78393191,0,1664193599999,0,14399,0,0,0
1664193600000,1296.79128664,1338.16069035,1294.34136493,1324.66783716,0,1664207999999,0,14400,0,0,0
1664208000000,1324.66884313,1339.90742400,1311.75723449,1329.76818842,0,1664222399999,0,14400,0,0,0
1664222400000,1330.04879559,1336.84991853,1315.75569101,1335.77174830,0,1664236799999,0,14400,0,0,0
