open_time,open,high,low,close,volume,close_time,quote_volume,count,taker_buy_volume,taker_buy_quote_volume,ignore
1661817600000,0.3334,0.3338,0.3280,0.3298,128110071.1,1661831999999,42382928.44032,56862,59323435.1,19624819.31626,0
1661832000000,0.3297,0.3356,0.3293,0.3320,161116813.6,1661846399999,53586405.37081,64463,81952999.4,27258252.78387,0
1661846400000,0.3321,0.3331,0.3300,0.3304,108226319.5,1661860799999,35834664.87373,51004,53224650.6,17623437.02130,0
1661860800000,0.3305,0.3313,0.3212,0.3236,227703966.0,1661875199999,74273441.08473,94464,105892884.5,34545464.40495,0
1661875200000,0.3236,0.3283,0.3191,0.3259,198858776.4,1661889599999,64284037.93359,83273,96907437.3,31333837.58189,0
1661889600000,0.3259,0.3304,0.3248,0.3266,107194956.8,1661903999999,35111079.72192,56185,51264563.8,16795422.93810,0
