open_time,open,high,low,close,volume,close_time,quote_volume,count,taker_buy_volume,taker_buy_quote_volume,ignore
1733702400000,2.6030,2.6090,2.4333,2.4715,441107236.2,1733716799999,1102774918.05694,1244161,198294813.1,495835498.55217,0
1733716800000,2.4714,2.4945,2.4060,2.4440,277830433.5,1733731199999,681462124.42102,813949,134223778.9,329534143.23053,0
1733731200000,2.4439,2.4449,2.3450,2.3739,488773688.9,1733745599999,1169833528.22022,1336441,237989656.3,569929749.29497,0
1733745600000,2.3739,2.4650,2.3686,2.3885,418601263.3,1733759999999,1011108380.80226,1184691,211822516.4,511751198.71117,0
1733760000000,2.3885,2.4422,2.3780,2.4094,214450713.2,1733774399999,516347616.70005,704329,105972257.2,255149190.21110,0
1733774400000,2.4093,2.4142,2.0100,2.2122,1418857758.8,1733788799999,3156217797.55876,2818117,663637855.2,1478487669.13204,0
