open_time,open,high,low,close,volume,close_time,quote_volume,count,taker_buy_volume,taker_buy_quote_volume,ignore
1724544000000,0.6121,0.6137,0.6037,0.6074,123707438.9,1724558399999,75209324.00704,135593,54396467.8,33081710.99382,0
1724558400000,0.6074,0.6093,0.5946,0.5985,138061126.4,1724572799999,83118804.07967,152445,57938564.5,34896447.68618,0
1724572800000,0.5984,0.6027,0.5960,0.6008,99384892.9,1724587199999,59608327.24767,111514,49007318.3,29397417.38406,0
1724587200000,0.6009,0.6059,0.5997,0.6023,74632775.8,1724601599999,45010561.71444,92690,37728196.4,22754456.63620,0
1724601600000,0.6022,0.6042,0.5988,0.5998,54084925.9,1724615999999,32492941.05419,72307,24458703.6,14694802.22342,0
1724616000000,0.5997,0.6042,0.5985,0.5996,70531763.8,1724630399999,42422051.91062,91149,33444219.1,20116245.89282,0
