open_time,open,high,low,close,volume,close_time,quote_volume,count,taker_buy_volume,taker_buy_quote_volume,ignore
1702166400000,0.6587,0.6696,0.6586,0.6662,126206232.1,1702180799999,83914287.17746,108385,63879317.3,42471938.62913,0
1702180800000,0.6662,0.6719,0.6608,0.6661,106183283.7,1702195199999,70766133.89958,83213,53396073.2,35590799.82820,0
1702195200000,0.6661,0.6671,0.6466,0.6566,231315372.2,1702209599999,151791606.75254,176678,111171318.5,72969899.05659,0
1702209600000,0.6566,0.6630,0.6561,0.6616,133160613,1702223999999,87844493.70578,102732,66230689.4,43699531.70402,0
1702224000000,0.6616,0.6662,0.6544,0.6634,123848380.5,1702238399999,81794777.59707,94183,61108608.9,40367006.61943,0
1702238400000,0.6633,0.6703,0.6586,0.6622,123225341.2,1702252799999,81919964.65608,101815,58844394.7,39119981.34532,0
