open_time,open,high,low,close,volume,close_time,quote_volume,count,taker_buy_volume,taker_buy_quote_volume,ignore
1723680000000,0.5684,0.5738,0.5668,0.5719,86110720.4,1723694399999,49143615.18752,122173,45819999.8,26149066.63101,0
1723694400000,0.5719,0.5721,0.5619,0.5659,111591129.3,1723708799999,63185714.47713,133643,51269042.8,29025574.16315,0
1723708800000,0.5658,0.5699,0.5622,0.5693,86682111.5,1723723199999,49056197.89199,115398,44802790.0,25357369.26172,0
1723723200000,0.5693,0.5730,0.5656,0.5712,125702740.3,1723737599999,71561942.97440,153909,59068332.3,33630478.09969,0
1723737600000,0.5711,0.5722,0.5526,0.5561,234303381.3,1723751999999,131252795.63059,279056,115314341.4,64611727.42057,0
1723752000000,0.5561,0.5619,0.5505,0.5605,130446793.5,1723766399999,72562879.16375,161816,61311187.1,34119410.08780,0
