open_time,open,high,low,close,volume,close_time,quote_volume,count,taker_buy_volume,taker_buy_quote_volume,ignore
1668643200000,0.3748,0.3800,0.3725,0.3759,237234792.2,1668657599999,89322266.73673,101967,117828165.0,44382407.92036,0
1668657600000,0.3760,0.3872,0.3701,0.3792,436798830.7,1668671999999,165810132.69893,197254,219208871.5,83230954.50524,0
1668672000000,0.3792,0.3809,0.3690,0.3740,319091476.4,1668686399999,119378333.31723,147783,158872219.9,59424090.72533,0
1668686400000,0.3741,0.3803,0.3710,0.3746,466731238.1,1668700799999,175348449.75726,201191,232667156.1,87432816.48102,0
1668700800000,0.3746,0.3832,0.3722,0.3804,237396854.5,1668715199999,89391793.25088,114267,120019337.2,45198332.68645,0
1668715200000,0.3804,0.3850,0.3800,0.3817,204499151.6,1668729599999,78226859.94152,95707,99395132.8,38027864.36105,0
