open_time,open,high,low,close,volume,close_time,quote_volume,count,taker_buy_volume,taker_buy_quote_volume,ignore
1712188800000,0.5746,0.5789,0.5655,0.5691,185132170.3,1712203199999,105906035.67600,145097,87187254.0,49870374.39689,0
1712203200000,0.5691,0.5772,0.5626,0.5738,185761346.6,1712217599999,105898713.05209,141787,90820861.6,51780076.59456,0
1712217600000,0.5739,0.5798,0.5733,0.5756,138217202.3,1712231999999,79715849.47847,112800,72219696.5,41652074.41367,0
1712232000000,0.5756,0.6174,0.5753,0.5944,939811565.3,1712246399999,564267738.59709,765120,474396452.8,284690524.14516,0
1712246400000,0.5943,0.6054,0.5942,0.5966,229979707.5,1712260799999,137973769.92851,201471,111648116.7,66972035.47590,0
1712260800000,0.5966,0.5971,0.5853,0.5937,196355877.4,1712275199999,115807260.08079,184509,96470658.3,56900963.77409,0
