open_time,open,high,low,close,volume,close_time,quote_volume,count,taker_buy_volume,taker_buy_quote_volume,ignore
1672876800000,0.3469,0.3485,0.3437,0.3456,159781048.4,1672891199999,55260237.45533,52328,75775480.1,26205759.21750,0
1672891200000,0.3455,0.3479,0.3431,0.3447,179124763.3,1672905599999,61935221.56771,54874,86584881.0,29938093.59707,0
1672905600000,0.3447,0.3453,0.3364,0.3416,336556526.5,1672919999999,114853861.15465,103485,154075726.1,52590504.15278,0
1672920000000,0.3415,0.3422,0.3381,0.3397,292006806.8,1672934399999,99388928.44095,81191,143411318.8,48817454.09233,0
1672934400000,0.3396,0.3414,0.3375,0.3410,150118113.0,1672948799999,50964760.99391,52672,77244657.0,26226872.23265,0
1672948800000,0.3410,0.3417,0.3321,0.3377,207561629.2,1672963199999,70190499.29722,74705,92203038.2,31196657.02136,0
