open_time,open,high,low,close,volume,close_time,quote_volume,count,taker_buy_volume,taker_buy_quote_volume,ignore
1742860800000,2.4486,2.4667,2.4077,2.4134,81974661.0,1742875199999,199559847.33176,247039,37877143.3,92272699.83033,0
1742875200000,2.4133,2.4340,2.4056,2.4210,59618386.4,1742889599999,144333265.49527,185259,29150962.7,70572780.92430,0
1742889600000,2.4210,2.4489,2.4190,2.4434,55225401.5,1742903999999,134539122.89668,171458,27707889.4,67505503.16611,0
1742904000000,2.4435,2.4568,2.4253,2.4364,97075323.3,1742918399999,236955537.82253,293942,46619170.6,113793696.04038,0
1742918400000,2.4364,2.4777,2.4232,2.4580,113098689.1,1742932799999,277491019.89581,322040,56550049.2,138746071.70231,0
1742932800000,2.4580,2.4695,2.4322,2.4481,54400800.2,1742947199999,133246852.68832,189055,26945971.2,66009353.16247,0
