open_time,open,high,low,close,volume,close_time,quote_volume,count,taker_buy_volume,taker_buy_quote_volume,ignore
1706140800000,0.5181,0.5182,0.5138,0.5150,64339872.1,1706155199999,33151141.98832,56134,31456170.6,16209124.22709,0
1706155200000,0.5149,0.5156,0.5092,0.5136,120669204.6,1706169599999,61801632.85870,74898,58594520.6,30007689.90651,0
1706169600000,0.5136,0.5146,0.5100,0.5121,74832977.0,1706183999999,38330212.81698,59535,38093528.7,19511812.25784,0
1706184000000,0.5122,0.5130,0.5054,0.5071,103329609.0,1706198399999,52520509.53690,86776,49910157.0,25369663.05169,0
1706198400000,0.5070,0.5150,0.5036,0.5137,118899683.6,1706212799999,60519304.06967,88665,59690904.2,30390329.15882,0
1706212800000,0.5138,0.5156,0.5099,0.5138,81405175.6,1706227199999,41779234.33455,59017,40496488.7,20787273.03175,0
