open_time,open,high,low,close,volume,close_time,quote_volume,count,taker_buy_volume,taker_buy_quote_volume,ignore
1671753600000,0.3488,0.3503,0.3469,0.3492,163506059.8,1671767999999,56923967.67305,54511,81141443.0,28250407.69527,0
1671768000000,0.3493,0.3515,0.3481,0.3491,118306603.0,1671782399999,41366479.99350,49909,57388600.3,20068752.82073,0
1671782400000,0.3491,0.3518,0.3474,0.3508,148923016.4,1671796799999,52104159.84403,55057,76252523.0,26681176.59933,0
1671796800000,0.3509,0.3542,0.3485,0.3498,255395262.7,1671811199999,89640760.48323,85667,128570371.2,45135763.91793,0
1671811200000,0.3499,0.3527,0.3496,0.3522,82023867.1,1671825599999,28795906.90006,37114,41842620.8,14688008.25331,0
1671825600000,0.3523,0.3548,0.3504,0.3540,118491704.9,1671839999999,41813745.34438,49072,59520380.5,21005622.19706,0
