open_time,open,high,low,close,volume,close_time,quote_volume,count,taker_buy_volume,taker_buy_quote_volume,ignore
1730332800000,0.5231,0.5240,0.5190,0.5218,42302881.1,1730347199999,22071895.74975,56982,19555128.9,10206519.41450,0
1730347200000,0.5218,0.5223,0.5163,0.5179,54137945.3,1730361599999,28109919.11193,75571,24259312.5,12597585.36769,0
1730361600000,0.5178,0.5210,0.5152,0.5187,63853732.0,1730375999999,33098734.83198,83902,30991929.3,16063720.43973,0
1730376000000,0.5186,0.5196,0.5076,0.5108,148028930.6,1730390399999,75909140.74775,135100,66694942.3,34205119.20837,0
1730390400000,0.5108,0.5131,0.5027,0.5061,170703921.1,1730404799999,86722354.98191,149948,86545376.7,43992700.32813,0
1730404800000,0.5061,0.5114,0.5058,0.5095,49738917.8,1730419199999,25315961.62355,99330,22287999.1,11343110.89139,0
