open_time,open,high,low,close,volume,close_time,quote_volume,count,taker_buy_volume,taker_buy_quote_volume,ignore
1714348800000,0.5099,0.5140,0.5018,0.5032,148479215.8,1714363199999,75590555.29010,114169,69527360.4,35414274.55592,0
1714363200000,0.5032,0.5079,0.4982,0.5022,198419336.2,1714377599999,99764281.76836,127776,96971513.9,48764840.32365,0
1714377600000,0.5021,0.5088,0.4994,0.5055,136037982.5,1714391999999,68659565.54724,101285,66537623.1,33581549.82193,0
1714392000000,0.5055,0.5136,0.5025,0.5121,159492974.4,1714406399999,81096052.42939,127616,84346788.7,42906496.43682,0
1714406400000,0.5122,0.5174,0.5110,0.5161,125592557.9,1714420799999,64624484.13278,100172,66530256.1,34231997.49994,0
1714420800000,0.5161,0.5172,0.5094,0.5147,107080372.2,1714435199999,55086047.39628,80191,53240560.1,27399864.63456,0
