open_time,open,high,low,close,volume,close_time,quote_volume,count,taker_buy_volume,taker_buy_quote_volume,ignore
1727654400000,0.6412,0.6513,0.6350,0.6449,422447688.2,1727668799999,271634586.45911,328588,206437623.2,132779517.34742,0
1727668800000,0.6449,0.6540,0.6399,0.6451,243945824.0,1727683199999,157717621.45982,204673,122470497.7,79207230.63934,0
1727683200000,0.6451,0.6550,0.6251,0.6299,410851329.1,1727697599999,262009701.27439,314155,192921362.5,122985234.53492,0
1727697600000,0.6299,0.6368,0.6170,0.6176,275624928.7,1727711999999,172552942.64568,228349,124340566.2,77869691.36054,0
1727712000000,0.6176,0.6237,0.6166,0.6224,159676086.7,1727726399999,98982056.35031,181818,72814210.5,45144986.65040,0
1727726400000,0.6224,0.6248,0.6083,0.6113,176230935.4,1727740799999,108756691.53704,167759,77177469.1,47645782.24471,0
