open_time,open,high,low,close,volume,close_time,quote_volume,count,taker_buy_volume,taker_buy_quote_volume,ignore
1684195200000,0.4269,0.4279,0.4195,0.4239,247153405.4,1684209599999,104609468.93089,113850,115202725.1,48777769.57258,0
1684209600000,0.4240,0.4262,0.4220,0.4259,95206213.9,1684223999999,40403423.79868,72523,46272946.1,19636188.45321,0
1684224000000,0.4258,0.4259,0.4201,0.4216,153811416.2,1684238399999,64957136.97823,88634,76106819.3,32141762.94278,0
1684238400000,0.4216,0.4227,0.4168,0.4220,164668347.4,1684252799999,69280159.81543,83823,79325393.7,33381287.69653,0
1684252800000,0.4220,0.4250,0.4206,0.4224,102564532.3,1684267199999,43353557.69505,69496,52674474.2,22266929.72890,0
1684267200000,0.4225,0.4429,0.4218,0.4424,539140519.9,1684281599999,234296092.43492,251079,291620290.7,126714079.29416,0
