open_time,open,high,low,close,volume,close_time,quote_volume,count,taker_buy_volume,taker_buy_quote_volume,ignore
1676851200000,0.3859,0.3897,0.3760,0.3878,280517219.9,1676865599999,107927618.69496,124773,132936853.9,51179065.67293,0
1676865600000,0.3878,0.3924,0.3874,0.3908,153969740.4,1676879999999,60103459.24278,86584,80149596.2,31287601.94509,0
1676880000000,0.3908,0.3949,0.3892,0.3929,223414827.3,1676894399999,87623927.35956,115283,108212497.4,42443523.51154,0
1676894400000,0.3929,0.4092,0.3913,0.4027,517364734.8,1676908799999,207710817.32017,241013,273686935.8,109914386.10519,0
1676908800000,0.4027,0.4085,0.3982,0.4033,343895207.6,1676923199999,138337472.59322,173774,166870062.6,67143429.14744,0
1676923200000,0.4032,0.4039,0.3971,0.3986,168561462.6,1676937599999,67412675.95284,83005,76559268.1,30619191.77412,0
