open_time,open,high,low,close,volume,close_time,quote_volume,count,taker_buy_volume,taker_buy_quote_volume,ignore
1743638400000,2.0208,2.0699,2.0044,2.0620,174507017.9,1743652799999,357456381.52548,468672,87190890.6,178604263.90276,0
1743652800000,2.0620,2.0808,2.0289,2.0507,116171271.8,1743667199999,238536588.27163,313708,57963657.3,119033287.41515,0
1743667200000,2.0508,2.0564,2.0119,2.0329,121088402.5,1743681599999,246215463.87184,361739,59733110.6,121503813.47308,0
1743681600000,2.0328,2.0416,1.9569,2.0036,359058073.7,1743695999999,716103186.07517,889743,166744620.1,332577464.41420,0
1743696000000,2.0036,2.0726,1.9902,2.0517,205599088.3,1743710399999,417012745.11465,485161,107640709.4,218370439.74292,0
1743710400000,2.0518,2.0678,2.0337,2.0630,104948624.3,1743724799999,215364109.46320,283932,52015514.3,106780608.90764,0
