open_time,open,high,low,close,volume,close_time,quote_volume,count,taker_buy_volume,taker_buy_quote_volume,ignore
1681257600000,0.5164,0.5177,0.5016,0.5076,310064221.7,1681271999999,157695296.58735,144424,146525746.5,74522834.31746,0
1681272000000,0.5075,0.5099,0.5057,0.5063,145644689.6,1681286399999,73923055.08658,81160,71241878.6,36163784.81205,0
1681286400000,0.5063,0.5063,0.5001,0.5024,205397753.6,1681300799999,103297282.85191,110749,93050666.5,46796767.43391,0
1681300800000,0.5025,0.5091,0.4977,0.5021,363838855.1,1681315199999,183393598.38119,173473,177190929.1,89333277.01502,0
1681315200000,0.5022,0.5046,0.4992,0.5023,144130329.6,1681329599999,72389475.16493,84505,71557307.1,35942358.61802,0
1681329600000,0.5023,0.5062,0.5016,0.5046,109517360.6,1681343999999,55225622.45502,69634,52867190.2,26662341.17641,0
