open_time,open,high,low,close,volume,close_time,quote_volume,count,taker_buy_volume,taker_buy_quote_volume,ignore
1737504000000,3.1735,3.2076,3.1634,3.1771,74795114.2,1737518399999,238237228.29579,365808,36524274.3,116350001.64249,0
1737518400000,3.1771,3.1910,3.1501,3.1714,74407111.9,1737532799999,235779610.25767,312149,37242137.9,118008579.70436,0
1737532800000,3.1715,3.2355,3.1410,3.2352,106215854.1,1737547199999,338092482.57985,441959,50298414.7,160163139.06277,0
1737547200000,3.2351,3.2612,3.1507,3.1615,227077403.4,1737561599999,727240351.42198,811566,111527725.8,357182608.35529,0
1737561600000,3.1616,3.2700,3.1268,3.2248,245006765.0,1737575999999,786302802.81399,797832,127739398.6,410102129.31013,0
1737576000000,3.2247,3.2866,3.1503,3.1788,225513455.6,1737590399999,723811535.72471,819260,112081836.6,359481693.28164,0
