open_time,open,high,low,close,volume,close_time,quote_volume,count,taker_buy_volume,taker_buy_quote_volume,ignore
1691625600000,0.6431,0.6444,0.6365,0.6376,168871358.3,1691639999999,108130447.35170,110636,80951290.3,51841113.21511,0
1691640000000,0.6375,0.6386,0.6239,0.6260,285294619.1,1691654399999,180133191.46538,178037,130977140.5,82725072.76039,0
1691654400000,0.6260,0.6324,0.6257,0.6283,204181602.5,1691668799999,128362292.84928,118726,105579955.1,66377221.42013,0
1691668800000,0.6283,0.6375,0.6281,0.6314,354333158.8,1691683199999,224277557.09952,197049,179948046.7,113900378.68841,0
1691683200000,0.6314,0.6357,0.6242,0.6339,238245100.6,1691697599999,150134769.79378,139478,116394611.7,73342417.45380,0
1691697600000,0.6339,0.6353,0.6317,0.6329,77072244.3,1691711999999,48817662.18782,55871,38650165.9,24481414.81708,0
