open_time,open,high,low,close,volume,close_time,quote_volume,count,taker_buy_volume,taker_buy_quote_volume,ignore
1680480000000,0.5176,0.5246,0.5026,0.5119,547817159.3,1680494399999,280992215.05043,253677,257316180.3,132013729.07665,0
1680494400000,0.5120,0.5140,0.5056,0.5135,223158864.4,1680508799999,113896391.53312,129185,111211108.2,56759031.54577,0
1680508800000,0.5135,0.5185,0.5122,0.5148,251971768.4,1680523199999,129817664.52184,144483,125812682.9,64818900.48770,0
1680523200000,0.5147,0.5164,0.5053,0.5083,318003324.4,1680537599999,162425352.70694,178722,156783488.4,80092194.98161,0
1680537600000,0.5084,0.5149,0.5032,0.5094,355392516.8,1680551999999,180747502.36408,186194,170850825.7,86905365.17056,0
1680552000000,0.5094,0.5099,0.4815,0.4957,645514383.4,1680566399999,318799523.00648,309712,296424193.2,146392088.61648,0
