open_time,open,high,low,close,volume,close_time,quote_volume,count,taker_buy_volume,taker_buy_quote_volume,ignore
1717632000000,0.5263,0.5276,0.5245,0.5260,48657346.8,1717646399999,25598438.18236,45507,24340294.3,12805401.44052,0
1717646400000,0.5260,0.5265,0.5225,0.5251,79596919.3,1717660799999,41748040.47953,67702,38480887.6,20182462.96307,0
1717660800000,0.5250,0.5277,0.5231,0.5267,64296448.3,1717675199999,33761508.14489,56266,33266813.8,17469706.76109,0
1717675200000,0.5267,0.5285,0.5255,0.5269,86775992.7,1717689599999,45743856.88873,72821,45929699.8,24214489.56262,0
1717689600000,0.5270,0.5284,0.5192,0.5204,115194631.6,1717703999999,60340601.28023,85404,51050588.6,26738560.24672,0
1717704000000,0.5204,0.5226,0.5162,0.5218,71689220.5,1717718399999,37269317.36971,66040,35987813.5,18715764.68289,0
