open_time,open,high,low,close,volume,close_time,quote_volume,count,taker_buy_volume,taker_buy_quote_volume,ignore
1689379200000,0.7178,0.7366,0.6918,0.7208,1241011131.9,1689393599999,882686375.64520,858247,615899119.1,438221830.29935,0
1689393600000,0.7207,0.7333,0.7133,0.7250,510788538.8,1689407999999,369619034.48539,448262,254799970.8,184431298.59820,0
1689408000000,0.7250,0.7293,0.7102,0.7181,492223396.8,1689422399999,354761599.87916,388508,236350736.3,170371762.87127,0
1689422400000,0.7180,0.7341,0.7173,0.7230,516946005.3,1689436799999,374263219.55377,418707,260193853.2,188406209.30386,0
1689436800000,0.7231,0.7317,0.7009,0.7232,674383691.0,1689451199999,482824360.79147,564440,334022301.5,239191444.77109,0
1689451200000,0.7231,0.7235,0.7070,0.7144,333282125.5,1689465599999,238405816.29566,259096,161367508.2,115444191.50121,0
