open_time,open,high,low,close,volume,close_time,quote_volume,count,taker_buy_volume,taker_buy_quote_volume,ignore
1731715200000,0.8925,0.9196,0.8782,0.9084,379912082.0,1731729599999,339013207.16927,497700,196619904.1,175474024.75690,0
1731729600000,0.9084,0.9854,0.9055,0.9727,931967584.3,1731743999999,893312126.94063,1187422,457109489.4,438135096.10833,0
1731744000000,0.9727,1.0897,0.9615,1.0505,1755398259.3,1731758399999,1812351201.09209,1921345,883280846.4,911985465.55774,0
1731758400000,1.0504,1.2700,1.0310,1.1106,3449614631.1,1731772799999,3916153972.20024,3880557,1675172073.2,1904055463.88134,0
1731772800000,1.1106,1.2075,1.0854,1.1871,1460240908.2,1731787199999,1670817352.71070,1792751,720842152.4,824881801.26288,0
1731787200000,1.1871,1.2034,1.1052,1.1220,868364723.8,1731801599999,998607589.75272,1264274,403915565.3,464422835.80739,0
