open_time,open,high,low,close,volume,close_time,quote_volume,count,taker_buy_volume,taker_buy_quote_volume,ignore
1707955200000,0.5380,0.5596,0.5372,0.5529,317909514.3,1707969599999,173873808.45388,198392,156444876.7,85575653.27389,0
1707969600000,0.5530,0.5577,0.5419,0.5500,255717569.8,1707983999999,140431462.50672,158098,119708392.3,65745971.43223,0
1707984000000,0.5499,0.5554,0.5467,0.5504,180840354.2,1707998399999,99643665.03292,115523,86897239.0,47883421.27786,0
1707998400000,0.5505,0.5555,0.5436,0.5469,278343777.5,1708012799999,152986017.65504,181829,132236728.9,72697433.21203,0
1708012800000,0.5470,0.5553,0.5423,0.5543,196463345.1,1708027199999,107894176.27424,145331,94551070.4,51920173.75625,0
1708027200000,0.5543,0.5771,0.5509,0.5625,492247154.8,1708041599999,277985319.13964,317609,238115273.5,134476280.27773,0
