open_time,open,high,low,close,volume,close_time,quote_volume,count,taker_buy_volume,taker_buy_quote_volume,ignore
1719532800000,0.4753,0.4781,0.4739,0.4761,72305937.3,1719547199999,34398463.43136,80242,34839985.8,16577652.13249,0
1719547200000,0.4761,0.4794,0.4745,0.4776,76450356.2,1719561599999,36434713.80882,73423,36953661.5,17614193.28638,0
1719561600000,0.4776,0.4808,0.4755,0.4797,113381195.0,1719575999999,54248861.16562,85864,58170459.5,27832360.25005,0
1719576000000,0.4798,0.4809,0.4746,0.4761,165425951.1,1719590399999,79087904.82885,122447,79017604.6,37785700.10768,0
1719590400000,0.4760,0.4764,0.4701,0.4738,125705475.9,1719604799999,59518549.30375,102168,63878914.5,30243738.67755,0
1719604800000,0.4738,0.4751,0.4686,0.4715,56147058.5,1719619199999,26483846.75803,58471,26559503.1,12531942.67355,0
