open_time,open,high,low,close,volume,close_time,quote_volume,count,taker_buy_volume,taker_buy_quote_volume,ignore
1684886400000,0.4649,0.4649,0.4541,0.4575,237174800.3,1684900799999,109067204.31054,100588,109216925.1,50230683.21231,0
1684900800000,0.4575,0.4608,0.4563,0.4568,166724742.9,1684915199999,76466197.89574,89899,81242222.2,37262528.74139,0
1684915200000,0.4567,0.4575,0.4529,0.4563,167953974.0,1684929599999,76361942.89932,99121,82271413.4,37408229.03342,0
1684929600000,0.4564,0.4570,0.4406,0.4505,312485963.1,1684943999999,140712117.74717,166584,145526368.4,65543151.88117,0
1684944000000,0.4506,0.4537,0.4454,0.4525,160810136.7,1684958399999,72277530.97400,81353,79266412.0,35629250.70945,0
1684958400000,0.4525,0.4545,0.4516,0.4528,90157414.0,1684972799999,40857922.44112,58491,42446268.8,19235401.61321,0
