open_time,open,high,low,close,volume,close_time,quote_volume,count,taker_buy_volume,taker_buy_quote_volume,ignore
1665273600000,0.5168,0.5169,0.5057,0.5101,456858541.2,1665287999999,232955965.77275,172007,223750250.9,114095638.10719,0
1665288000000,0.5100,0.5179,0.5081,0.5163,303965725.3,1665302399999,156016119.20798,123899,155896875.4,80035479.88014,0
1665302400000,0.5162,0.5199,0.5142,0.5186,379856007.6,1665316799999,196481448.15082,146646,190854309.3,98739332.70126,0
1665316800000,0.5185,0.5346,0.5153,0.5270,789425894.7,1665331199999,414394480.60842,312593,409882192.0,215197106.97477,0
1665331200000,0.5271,0.5496,0.5261,0.5395,836479001.4,1665345599999,447710200.90421,333614,441039808.3,236088742.69815,0
1665345600000,0.5394,0.5399,0.5313,0.5324,511440475.9,1665359999999,274129594.71979,204640,248707672.7,133322602.59685,0
