open_time,open,high,low,close,volume,close_time,quote_volume,count,taker_buy_volume,taker_buy_quote_volume,ignore
1725408000000,0.5570,0.5601,0.5321,0.5527,242227045.9,1725422399999,132149226.00384,261702,115686171.4,63122799.31942,0
1725422400000,0.5527,0.5555,0.5494,0.5541,57271690.4,1725436799999,31613412.13541,100097,27222941.5,15028664.02703,0
1725436800000,0.5542,0.5567,0.5486,0.5501,69824758.3,1725451199999,38595382.50238,101162,34486426.0,19062433.11115,0
1725451200000,0.5501,0.5627,0.5466,0.5617,151265693.7,1725465599999,83885692.56237,171632,74694810.8,41413244.34909,0
1725465600000,0.5618,0.5645,0.5562,0.5574,85805024.8,1725479999999,48078241.67738,141206,41786453.1,23412931.63085,0
1725480000000,0.5575,0.5607,0.5555,0.5576,41092094.5,1725494399999,22937040.32352,68245,21184475.9,11823596.12907,0
