open_time,open,high,low,close,volume,close_time,quote_volume,count,taker_buy_volume,taker_buy_quote_volume,ignore
1677369600000,0.3775,0.3785,0.3764,0.3781,65334625.3,1677383999999,24662068.83750,34589,31934574.4,12055002.99253,0
1677384000000,0.3780,0.3782,0.3769,0.3774,44119262.8,1677398399999,16655174.31958,26685,20006842.7,7553249.25396,0
1677398400000,0.3774,0.3784,0.3759,0.3766,64389183.2,1677412799999,24287530.77100,44812,30139735.0,11369731.42596,0
1677412800000,0.3766,0.3778,0.3750,0.3756,87604869.8,1677427199999,32949013.86384,56254,42803596.4,16099298.19118,0
1677427200000,0.3756,0.3801,0.3743,0.3790,120271009.0,1677441599999,45352530.59652,66648,57002654.4,21498134.49405,0
1677441600000,0.3790,0.3805,0.3752,0.3776,121494868.3,1677455999999,45909112.98039,56099,56915778.4,21506975.39889,0
