open_time,open,high,low,close,volume,close_time,quote_volume,count,taker_buy_volume,taker_buy_quote_volume,ignore
1716508800000,0.86686946,0.91888552,0.84658355,0.91117022,0,1716523199999,0,14399,0,0,0
1716523200000,0.91114929,0.91607774,0.83692137,0.84147382,0,1716537599999,0,14400,0,0,0
1716537600000,0.84148080,0.87529080,0.83393204,0.86014513,0,1716551999999,0,14400,0,0,0
1716552000000,0.86014812,0.88705914,0.84763635,0.87767807,0,1716566399999,0,14400,0,0,0
1716566400000,0.87769127,0.87775581,0.84600292,0.85553846,0,1716580799999,0,14400,0,0,0
1716580800000,0.85496563,0.86634188,0.84729641,0.85087676,0,1716595199999,0,14400,0,0,0
