open_time,open,high,low,close,volume,close_time,quote_volume,count,taker_buy_volume,taker_buy_quote_volume,ignore
1716422400000,0.85239770,0.85826399,0.83574895,0.84538674,0,1716436799999,0,14400,0,0,0
1716436800000,0.84538675,0.85842589,0.84125880,0.84479383,0,1716451199999,0,14400,0,0,0
1716451200000,0.84478687,0.86803578,0.83200897,0.85580638,0,1716465599999,0,14400,0,0,0
1716465600000,0.85571742,0.90763837,0.83431371,0.86334126,0,1716479999999,0,14400,0,0,0
1716480000000,0.86322569,0.90181014,0.83732264,0.87757426,0,1716494399999,0,14400,0,0,0
1716494400000,0.87760217,0.90828645,0.83697930,0.86687643,0,1716508799999,0,14400,0,0,0
