open_time,open,high,low,close,volume,close_time,quote_volume,count,taker_buy_volume,taker_buy_quote_volume,ignore
1757894400000,0.74286714,0.77478920,0.74273326,0.76970781,0,1757908799999,0,14400,0,0,0
1757908800000,0.76970781,0.77454574,0.74078370,0.74486864,0,1757923199999,0,14400,0,0,0
1757923200000,0.74486864,0.75069932,0.71474179,0.72588577,0,1757937599999,0,14400,0,0,0
1757937600000,0.72599592,0.76251220,0.69485637,0.70360214,0,1757951999999,0,14400,0,0,0
1757952000000,0.70336446,0.71480526,0.69372518,0.71128836,0,1757966399999,0,14400,0,0,0
1757966400000,0.71117241,0.71421743,0.69981672,0.70211489,0,1757980799999,0,14400,0,0,0
