open_time,open,high,low,close,volume,close_time,quote_volume,count,taker_buy_volume,taker_buy_quote_volume,ignore
1775088000000,0.09020505,0.09078379,0.08425902,0.08459828,0,1775102399999,0,14400,0,0,0
1775102400000,0.08459828,0.08535932,0.08224421,0.08252636,0,1775116799999,0,14400,0,0,0
1775116800000,0.08252723,0.08269795,0.08093034,0.08199143,0,1775131199999,0,14400,0,0,0
1775131200000,0.08199143,0.08215204,0.07898603,0.07951873,0,1775145599999,0,14400,0,0,0
1775145600000,0.07951873,0.08244369,0.07925200,0.08080952,0,1775159999999,0,14400,0,0,0
1775160000000,0.08080952,0.08166710,0.08050630,0.08114704,0,1775174399999,0,14400,0,0,0
