open_time,open,high,low,close,volume,close_time,quote_volume,count,taker_buy_volume,taker_buy_quote_volume,ignore
1748390400000,0.39797437,0.40463258,0.39334448,0.40080787,0,1748404799999,0,14400,0,0,0
1748404800000,0.40080787,0.40211703,0.39527666,0.39548535,0,1748419199999,0,14400,0,0,0
1748419200000,0.39546796,0.40158429,0.38948663,0.40152951,0,1748433599999,0,14400,0,0,0
1748433600000,0.40153100,0.40895546,0.37878593,0.37879462,0,1748447999999,0,14400,0,0,0
1748448000000,0.37886129,0.38572330,0.37244917,0.37412802,0,1748462399999,0,14400,0,0,0
1748462400000,0.37419468,0.39141944,0.37361582,0.39000327,0,1748476799999,0,14400,0,0,0
