open_time,open,high,low,close,volume,close_time,quote_volume,count,taker_buy_volume,taker_buy_quote_volume,ignore
1743811200000,0.31861260,0.32743851,0.31823821,0.32528443,0,1743825599999,0,14400,0,0,0
1743825600000,0.32529168,0.32677680,0.31858007,0.32208790,0,1743839999999,0,14400,0,0,0
1743840000000,0.32208790,0.33272520,0.32053362,0.32618216,0,1743854399999,0,14399,0,0,0
1743854400000,0.32618216,0.32843655,0.31533892,0.31682584,0,1743868799999,0,14399,0,0,0
1743868800000,0.31681688,0.31978823,0.31576946,0.31775130,0,1743883199999,0,14400,0,0,0
1743883200000,0.31775006,0.32201919,0.31664326,0.31986859,0,1743897599999,0,14400,0,0,0
