open_time,open,high,low,close,volume,close_time,quote_volume,count,taker_buy_volume,taker_buy_quote_volume,ignore
1777593600000,0.10269515,0.10515700,0.10269482,0.10409652,0,1777607999999,0,14400,0,0,0
1777608000000,0.10409652,0.10442779,0.10230469,0.10248661,0,1777622399999,0,14400,0,0,0
1777622400000,0.10248661,0.10308601,0.10154212,0.10289089,0,1777636799999,0,14400,0,0,0
1777636800000,0.10289089,0.10530865,0.10281282,0.10430449,0,1777651199999,0,14400,0,0,0
1777651200000,0.10430449,0.10455878,0.10324840,0.10361281,0,1777665599999,0,14400,0,0,0
1777665600000,0.10361455,0.10369419,0.10162600,0.10206605,0,1777679999999,0,14400,0,0,0
