open_time,open,high,low,close,volume,close_time,quote_volume,count,taker_buy_volume,taker_buy_quote_volume,ignore
1732147200000,0.51583139,0.52700193,0.49689896,0.52184949,0,1732161599999,0,14400,0,0,0
1732161600000,0.52184950,0.53970130,0.51699247,0.52604668,0,1732175999999,0,14400,0,0,0
1732176000000,0.52604668,0.53059630,0.50829696,0.51700908,0,1732190399999,0,14400,0,0,0
1732190400000,0.51700527,0.59392344,0.51658915,0.57872183,0,1732204799999,0,14400,0,0,0
1732204800000,0.57873830,0.60565278,0.56640496,0.56854858,0,1732219199999,0,14400,0,0,0
1732219200000,0.56854327,0.59329201,0.56331735,0.59170627,0,1732233599999,0,14400,0,0,0
