open_time,open,high,low,close,volume,close_time,quote_volume,count,taker_buy_volume,taker_buy_quote_volume,ignore
1783555200000,0.07471580,0.07522240,0.07375213,0.07486183,0,1783569599999,0,14399,0,0,0
1783569600000,0.07486067,0.07737348,0.07433857,0.07636257,0,1783583999999,0,14400,0,0,0
1783584000000,0.07636257,0.07719485,0.07615212,0.07639141,0,1783598399999,0,14400,0,0,0
1783598400000,0.07639141,0.07700460,0.07548805,0.07638409,0,1783612799999,0,14400,0,0,0
1783612800000,0.07638409,0.07788407,0.07589965,0.07682220,0,1783627199999,0,14400,0,0,0
1783627200000,0.07682220,0.07748249,0.07639419,0.07640953,0,1783641599999,0,14400,0,0,0
