open_time,open,high,low,close,volume,close_time,quote_volume,count,taker_buy_volume,taker_buy_quote_volume,ignore
1742601600000,0.35064421,0.35426746,0.34973809,0.35394494,0,1742605199999,0,3600,0,0,0
1742605200000,0.35393598,0.35763030,0.35252254,0.35377108,0,1742608799999,0,3600,0,0,0
1742608800000,0.35378004,0.35570157,0.35275058,0.35377926,0,1742612399999,0,3600,0,0,0
1742612400000,0.35377030,0.35398982,0.35145807,0.35233001,0,1742615999999,0,3600,0,0,0
1742616000000,0.35233001,0.35895450,0.35076813,0.35688674,0,1742619599999,0,3600,0,0,0
1742619600000,0.35689570,0.35781825,0.35502189,0.35765072,0,1742623199999,0,3600,0,0,0
1742623200000,0.35765967,0.36195525,0.35597731,0.35883870,0,1742626799999,0,3600,0,0,0
1742626800000,0.35882079,0.35969099,0.35738532,0.35776471,0,1742630399999,0,3600,0,0,0
1742630400000,0.35776471,0.36035299,0.35753566,0.35755796,0,1742633999999,0,3600,0,0,0
1742634000000,0.35754760,0.36328913,0.35754760,0.36038246,0,1742637599999,0,3600,0,0,0
1742637600000,0.36037351,0.36124109,0.35876590,0.35953820,0,1742641199999,0,3600,0,0,0
1742641200000,0.35954715,0.35977034,0.35643153,0.35726390,0,1742644799999,0,3600,0,0,0
1742644800000,0.35728321,0.35997604,0.35619568,0.35756553,0,1742648399999,0,3600,0,0,0
1742648400000,0.35757309,0.35902201,0.35622433,0.35893425,0,1742651999999,0,3600,0,0,0
1742652000000,0.35892389,0.35892389,0.35287513,0.35306555,0,1742655599999,0,3600,0,0,0
1742655600000,0.35305797,0.35749581,0.35247603,0.35640857,0,1742659199999,0,3599,0,0,0
1742659200000,0.35640857,0.35792599,0.35450423,0.35535512,0,1742662799999,0,3600,0,0,0
1742662800000,0.35535512,0.35639939,0.35443544,0.35472444,0,1742666399999,0,3600,0,0,0
1742666400000,0.35473339,0.35747563,0.35469463,0.35653203,0,1742669999999,0,3600,0,0,0
1742670000000,0.35654098,0.35853892,0.35614682,0.35798502,0,1742673599999,0,3600,0,0,0
1742673600000,0.35798502,0.35872931,0.35660318,0.35709801,0,1742677199999,0,3600,0,0,0
1742677200000,0.35709801,0.35852340,0.35512389,0.35697411,0,1742680799999,0,3600,0,0,0
1742680800000,0.35697411,0.35964356,0.35697411,0.35830717,0,1742684399999,0,3600,0,0,0
1742684400000,0.35830717,0.35909694,0.35458328,0.35536628,0,1742687999999,0,3600,0,0,0
