open_time,open,high,low,close,volume,close_time,quote_volume,count,taker_buy_volume,taker_buy_quote_volume,ignore
1775260800000,0.07972482,0.08067149,0.07960815,0.08032750,0,1775275199999,0,14400,0,0,0
1775275200000,0.08032750,0.08049163,0.07936880,0.08005798,0,1775289599999,0,14400,0,0,0
1775289600000,0.08000001,0.08095411,0.07958255,0.08088773,0,1775303999999,0,14400,0,0,0
1775304000000,0.08088773,0.08156579,0.08002565,0.08079335,0,1775318399999,0,14400,0,0,0
1775318400000,0.08079335,0.08107362,0.08012250,0.08048139,0,1775332799999,0,14400,0,0,0
1775332800000,0.08048165,0.08057901,0.07974327,0.08015546,0,1775347199999,0,14400,0,0,0
