open_time,open,high,low,close,volume,close_time,quote_volume,count,taker_buy_volume,taker_buy_quote_volume,ignore
1740700800000,0.41654032,0.41799827,0.38664558,0.38752618,0,1740715199999,0,14400,0,0,0
1740715200000,0.38754409,0.39594429,0.38350355,0.38838083,0,1740729599999,0,14400,0,0,0
1740729600000,0.38838083,0.39799038,0.38537649,0.38986563,0,1740743999999,0,14398,0,0,0
1740744000000,0.38986265,0.41857222,0.38795704,0.41531427,0,1740758399999,0,14400,0,0,0
1740758400000,0.41531597,0.42822042,0.41288666,0.42207233,0,1740772799999,0,14400,0,0,0
1740772800000,0.42196785,0.42259993,0.41217862,0.41393631,0,1740787199999,0,14400,0,0,0
