open_time,open,high,low,close,volume,close_time,quote_volume,count,taker_buy_volume,taker_buy_quote_volume,ignore
1723075200000,0.26109933,0.28097302,0.25826896,0.27496736,0,1723089599999,0,14400,0,0,0
1723089600000,0.27496737,0.28114634,0.27419166,0.27692841,0,1723103999999,0,14400,0,0,0
1723104000000,0.27693313,0.27911546,0.27540531,0.27798843,0,1723118399999,0,14400,0,0,0
1723118400000,0.27798747,0.28863090,0.27706730,0.28757791,0,1723132799999,0,14400,0,0,0
1723132800000,0.28757692,0.30259516,0.28738516,0.29345993,0,1723147199999,0,14400,0,0,0
1723147200000,0.29346178,0.31453353,0.29334807,0.31200801,0,1723161599999,0,14400,0,0,0
