open_time,open,high,low,close,volume,close_time,quote_volume,count,taker_buy_volume,taker_buy_quote_volume,ignore
1749340800000,0.32122835,0.32190486,0.31613513,0.31772359,0,1749355199999,0,14400,0,0,0
1749355200000,0.31772359,0.32245425,0.31627976,0.31689803,0,1749369599999,0,14400,0,0,0
1749369600000,0.31689803,0.31985815,0.31122415,0.31540910,0,1749383999999,0,14400,0,0,0
1749384000000,0.31540910,0.31758309,0.31144664,0.31452424,0,1749398399999,0,14400,0,0,0
1749398400000,0.31452424,0.32255032,0.31411245,0.31944648,0,1749412799999,0,14400,0,0,0
1749412800000,0.31944648,0.32282768,0.31510256,0.31701132,0,1749427199999,0,14400,0,0,0
