open_time,open,high,low,close,volume,close_time,quote_volume,count,taker_buy_volume,taker_buy_quote_volume,ignore
1780444800000,0.09440949,0.09487255,0.08933399,0.09032661,0,1780459199999,0,14400,0,0,0
1780459200000,0.09032748,0.10326240,0.09032748,0.10256314,0,1780473599999,0,14400,0,0,0
1780473600000,0.10256720,0.10744687,0.09933833,0.10358834,0,1780487999999,0,14400,0,0,0
1780488000000,0.10359269,0.11632825,0.10202703,0.11562141,0,1780502399999,0,14400,0,0,0
1780502400000,0.11561109,0.11835783,0.10921184,0.11041439,0,1780516799999,0,14400,0,0,0
1780516800000,0.11041613,0.11552426,0.10741435,0.11206929,0,1780531199999,0,14400,0,0,0
