open_time,open,high,low,close,volume,close_time,quote_volume,count,taker_buy_volume,taker_buy_quote_volume,ignore
1758067200000,0.69814504,0.69914757,0.68610674,0.68747721,0,1758081599999,0,14400,0,0,0
1758081600000,0.68741924,0.69029848,0.67104854,0.68278588,0,1758095999999,0,14400,0,0,0
1758096000000,0.68279079,0.69196894,0.67772942,0.68806617,0,1758110399999,0,14400,0,0,0
1758110400000,0.68806617,0.69543632,0.68474472,0.68930636,0,1758124799999,0,14400,0,0,0
1758124800000,0.68930636,0.71296956,0.68271669,0.70942442,0,1758139199999,0,14400,0,0,0
1758139200000,0.70948239,0.72151332,0.69464393,0.70964678,0,1758153599999,0,14400,0,0,0
