open_time,open,high,low,close,volume,close_time,quote_volume,count,taker_buy_volume,taker_buy_quote_volume,ignore
1752710400000,0.37162357,0.38101965,0.37100655,0.37569561,0,1752713999999,0,3600,0,0,0
1752714000000,0.37564053,0.37929190,0.36328203,0.36894907,0,1752717599999,0,3600,0,0,0
1752717600000,0.36887503,0.37474640,0.36757599,0.37313955,0,1752721199999,0,3600,0,0,0
1752721200000,0.37318303,0.37335114,0.35939897,0.36283017,0,1752724799999,0,3600,0,0,0
1752724800000,0.36281148,0.36478147,0.36001098,0.36436448,0,1752728399999,0,3600,0,0,0
1752728400000,0.36436448,0.36964465,0.36160925,0.36964465,0,1752731999999,0,3600,0,0,0
1752732000000,0.36979028,0.37475240,0.36512328,0.37301564,0,1752735599999,0,3600,0,0,0
1752735600000,0.37301430,0.37796479,0.36797268,0.37577616,0,1752739199999,0,3600,0,0,0
1752739200000,0.37577764,0.38017356,0.37320639,0.37787334,0,1752742799999,0,3600,0,0,0
1752742800000,0.37781537,0.38681697,0.37622085,0.38314920,0,1752746399999,0,3600,0,0,0
1752746400000,0.38314920,0.38749009,0.38089047,0.38128934,0,1752749999999,0,3600,0,0,0
1752750000000,0.38128934,0.38568245,0.37851183,0.37973036,0,1752753599999,0,3599,0,0,0
1752753600000,0.37973769,0.38463472,0.37593084,0.38395899,0,1752757199999,0,3600,0,0,0
1752757200000,0.38395761,0.38697977,0.37231063,0.37926893,0,1752760799999,0,3600,0,0,0
1752760800000,0.37933424,0.38472734,0.37565166,0.38074376,0,1752764399999,0,3600,0,0,0
1752764400000,0.38074520,0.38213528,0.37409886,0.37807008,0,1752767999999,0,3600,0,0,0
1752768000000,0.37807008,0.37942227,0.36542333,0.36943100,0,1752771599999,0,3600,0,0,0
1752771600000,0.36951140,0.37567565,0.36756577,0.37534331,0,1752775199999,0,3600,0,0,0
1752775200000,0.37534331,0.37706017,0.37220761,0.37405119,0,1752778799999,0,3600,0,0,0
1752778800000,0.37405119,0.37628455,0.36575106,0.36601519,0,1752782399999,0,3600,0,0,0
1752782400000,0.36615854,0.37008684,0.36049841,0.36901121,0,1752785999999,0,3600,0,0,0
1752786000000,0.36899381,0.38281641,0.36899381,0.37622885,0,1752789599999,0,3600,0,0,0
1752789600000,0.37623020,0.38830822,0.37451127,0.38267007,0,1752793199999,0,3600,0,0,0
1752793200000,0.38264398,0.38836112,0.37801448,0.37857237,0,1752796799999,0,3600,0,0,0
