open_time,open,high,low,close,volume,close_time,quote_volume,count,taker_buy_volume,taker_buy_quote_volume,ignore
1754352000000,0.60402622,0.60774891,0.59624684,0.60350066,0,1754355599999,0,3600,0,0,0
1754355600000,0.60350066,0.60817086,0.60007959,0.60230260,0,1754359199999,0,3600,0,0,0
1754359200000,0.60231999,0.60458170,0.59515224,0.59729048,0,1754362799999,0,3600,0,0,0
1754362800000,0.59728178,0.59759808,0.58495288,0.58692503,0,1754366399999,0,3600,0,0,0
1754366400000,0.58699170,0.59035070,0.58364907,0.58516020,0,1754369999999,0,3600,0,0,0
1754370000000,0.58515151,0.58919210,0.58182943,0.58792363,0,1754373599999,0,3600,0,0,0
1754373600000,0.58790623,0.59197547,0.58430223,0.58616139,0,1754377199999,0,3600,0,0,0
1754377200000,0.58617008,0.58825219,0.57982430,0.58048132,0,1754380799999,0,3600,0,0,0
1754380800000,0.58048339,0.58393689,0.57395387,0.58025664,0,1754384399999,0,3600,0,0,0
1754384400000,0.58026534,0.58747557,0.57975274,0.58690933,0,1754387999999,0,3600,0,0,0
1754388000000,0.58690933,0.59223738,0.58238684,0.58552919,0,1754391599999,0,3600,0,0,0
1754391600000,0.58553997,0.59625521,0.58247518,0.59219024,0,1754395199999,0,3600,0,0,0
1754395200000,0.59216995,0.60626509,0.58809505,0.60429710,0,1754398799999,0,3600,0,0,0
1754398800000,0.60427391,0.60664751,0.59348815,0.59669096,0,1754402399999,0,3600,0,0,0
1754402400000,0.59674894,0.59699567,0.57878458,0.58032642,0,1754405999999,0,3600,0,0,0
1754406000000,0.58036121,0.59572259,0.56951377,0.57708066,0,1754409599999,0,3600,0,0,0
1754409600000,0.57697273,0.58334729,0.56789136,0.56900961,0,1754413199999,0,3599,0,0,0
1754413200000,0.56901830,0.58187618,0.56869270,0.57846259,0,1754416799999,0,3600,0,0,0
1754416800000,0.57846259,0.58063133,0.57239921,0.57919669,0,1754420399999,0,3600,0,0,0
1754420400000,0.57933002,0.58312287,0.57385957,0.57538635,0,1754423999999,0,3600,0,0,0
1754424000000,0.57539504,0.58245956,0.57539504,0.58225086,0,1754427599999,0,3600,0,0,0
1754427600000,0.58225086,0.58463379,0.57134285,0.57343446,0,1754431199999,0,3600,0,0,0
1754431200000,0.57343446,0.58095875,0.56597016,0.57874808,0,1754434799999,0,3600,0,0,0
1754434800000,0.57874131,0.58655350,0.57774611,0.57971882,0,1754438399999,0,3600,0,0,0
