open_time,open,high,low,close,volume,close_time,quote_volume,count,taker_buy_volume,taker_buy_quote_volume,ignore
1723248000000,0.31183035,0.31572907,0.30609437,0.30745474,0,1723251599999,0,3600,0,0,0
1723251600000,0.30745474,0.30958263,0.30623931,0.30696452,0,1723255199999,0,3600,0,0,0
1723255200000,0.30689476,0.30801566,0.30535660,0.30661065,0,1723258799999,0,3600,0,0,0
1723258800000,0.30660960,0.30781423,0.30349349,0.30779459,0,1723262399999,0,3600,0,0,0
1723262400000,0.30779566,0.30933406,0.30622828,0.30765632,0,1723265999999,0,3600,0,0,0
1723266000000,0.30765633,0.30862848,0.30569910,0.30758782,0,1723269599999,0,3600,0,0,0
1723269600000,0.30758783,0.30999963,0.30714570,0.30977097,0,1723273199999,0,3600,0,0,0
1723273200000,0.30977203,0.31078411,0.30813879,0.30900569,0,1723276799999,0,3600,0,0,0
1723276800000,0.30900568,0.30976352,0.30717614,0.30717721,0,1723280399999,0,3600,0,0,0
1723280400000,0.30717721,0.30991984,0.30710056,0.30884176,0,1723283999999,0,3600,0,0,0
1723284000000,0.30884176,0.30976288,0.30670116,0.30818722,0,1723287599999,0,3600,0,0,0
1723287600000,0.30818723,0.30941584,0.30747277,0.30897650,0,1723291199999,0,3600,0,0,0
1723291200000,0.30897650,0.30903930,0.30705497,0.30778433,0,1723294799999,0,3600,0,0,0
1723294800000,0.30778540,0.30784304,0.30396688,0.30417607,0,1723298399999,0,3600,0,0,0
1723298400000,0.30417502,0.30493532,0.30253560,0.30437784,0,1723301999999,0,3600,0,0,0
1723302000000,0.30437784,0.30788310,0.30359216,0.30541043,0,1723305599999,0,3600,0,0,0
1723305600000,0.30541741,0.30752038,0.30397028,0.30684293,0,1723309199999,0,3600,0,0,0
1723309200000,0.30684399,0.30790444,0.30552092,0.30731191,0,1723312799999,0,3600,0,0,0
1723312800000,0.30731191,0.31086042,0.30638101,0.30978469,0,1723316399999,0,3600,0,0,0
1723316400000,0.30978469,0.32284792,0.30762754,0.32124401,0,1723319999999,0,3600,0,0,0
1723320000000,0.32124401,0.32307850,0.31702895,0.32233225,0,1723323599999,0,3600,0,0,0
1723323600000,0.32233225,0.33475829,0.32233225,0.32628121,0,1723327199999,0,3600,0,0,0
1723327200000,0.32628121,0.32689586,0.32166640,0.32182726,0,1723330799999,0,3600,0,0,0
1723330800000,0.32189702,0.32190288,0.31821230,0.31969086,0,1723334399999,0,3600,0,0,0
