open_time,open,high,low,close,volume,close_time,quote_volume,count,taker_buy_volume,taker_buy_quote_volume,ignore
1770508800000,0.12646581,0.12657638,0.12435070,0.12445191,0,1770523199999,0,14400,0,0,0
1770523200000,0.12445191,0.12513863,0.12338693,0.12430937,0,1770537599999,0,14400,0,0,0
1770537600000,0.12430937,0.12628097,0.12318163,0.12530072,0,1770551999999,0,14400,0,0,0
1770552000000,0.12530072,0.12545012,0.12232570,0.12277425,0,1770566399999,0,14400,0,0,0
1770566400000,0.12277425,0.12297441,0.12005284,0.12141783,0,1770580799999,0,14400,0,0,0
1770580800000,0.12141783,0.12319679,0.11929379,0.12019210,0,1770595199999,0,14400,0,0,0
