open_time,open,high,low,close,volume,close_time,quote_volume,count,taker_buy_volume,taker_buy_quote_volume,ignore
1766102400000,0.19760923,0.20187418,0.19137734,0.19952091,0,1766116799999,0,14400,0,0,0
1766116800000,0.19959627,0.20830915,0.19882788,0.20409244,0,1766131199999,0,14400,0,0,0
1766131200000,0.20409244,0.20501824,0.20285436,0.20440514,0,1766145599999,0,14400,0,0,0
1766145600000,0.20440514,0.21048674,0.20306166,0.20605890,0,1766159999999,0,14400,0,0,0
1766160000000,0.20605890,0.21339038,0.20530786,0.21179017,0,1766174399999,0,14400,0,0,0
1766174400000,0.21179017,0.21247707,0.20851199,0.20907292,0,1766188799999,0,14400,0,0,0
