open_time,open,high,low,close,volume,close_time,quote_volume,count,taker_buy_volume,taker_buy_quote_volume,ignore
1720828800000,0.39617485,0.40339236,0.39540384,0.40016063,0,1720843199999,0,14400,0,0,0
1720843200000,0.40016063,0.40378962,0.39685088,0.40331580,0,1720857599999,0,14400,0,0,0
1720857600000,0.40330741,0.40489506,0.39524948,0.39677104,0,1720871999999,0,14400,0,0,0
1720872000000,0.39677103,0.39768113,0.38829289,0.39237441,0,1720886399999,0,14400,0,0,0
1720886400000,0.39237304,0.39697583,0.38963409,0.39113227,0,1720900799999,0,14400,0,0,0
1720900800000,0.39113365,0.40478765,0.38733472,0.39969094,0,1720915199999,0,14400,0,0,0
