open_time,open,high,low,close,volume,close_time,quote_volume,count,taker_buy_volume,taker_buy_quote_volume,ignore
1750723200000,0.26915155,0.27317015,0.26695396,0.26875011,0,1750737599999,0,14400,0,0,0
1750737600000,0.26875011,0.27971618,0.26810630,0.26851994,0,1750751999999,0,14400,0,0,0
1750752000000,0.26867646,0.27241674,0.26580812,0.26784762,0,1750766399999,0,14400,0,0,0
1750766400000,0.26784762,0.27206084,0.26601348,0.26894391,0,1750780799999,0,14400,0,0,0
1750780800000,0.26894391,0.27647960,0.26360709,0.26573695,0,1750795199999,0,14400,0,0,0
1750795200000,0.26575434,0.26912174,0.26346877,0.26907241,0,1750809599999,0,14400,0,0,0
