open_time,open,high,low,close,volume,close_time,quote_volume,count,taker_buy_volume,taker_buy_quote_volume,ignore
1769126400000,0.17520898,0.17911487,0.17445632,0.17905585,0,1769140799999,0,14400,0,0,0
1769140800000,0.17905645,0.18022924,0.17809110,0.17948356,0,1769155199999,0,14400,0,0,0
1769155200000,0.17948296,0.17954249,0.17620763,0.17738250,0,1769169599999,0,14400,0,0,0
1769169600000,0.17738191,0.17778180,0.17210619,0.17669114,0,1769183999999,0,14399,0,0,0
1769184000000,0.17674912,0.18164006,0.17493484,0.17565201,0,1769198399999,0,14400,0,0,0
1769198400000,0.17565201,0.17606349,0.17292769,0.17533339,0,1769212799999,0,14400,0,0,0
