open_time,open,high,low,close,volume,close_time,quote_volume,count,taker_buy_volume,taker_buy_quote_volume,ignore
1755475200000,0.70921372,0.71630706,0.67551124,0.68397314,0,1755489599999,0,14400,0,0,0
1755489600000,0.68397314,0.69636067,0.67543032,0.68041125,0,1755503999999,0,14400,0,0,0
1755504000000,0.68040015,0.68262757,0.66843213,0.67439692,0,1755518399999,0,14400,0,0,0
1755518400000,0.67439692,0.68342068,0.66730713,0.68335401,0,1755532799999,0,14400,0,0,0
1755532800000,0.68334290,0.68835809,0.67148178,0.68121975,0,1755547199999,0,14400,0,0,0
1755547200000,0.68121975,0.69436698,0.67585027,0.67720610,0,1755561599999,0,14400,0,0,0
