open_time,open,high,low,close,volume,close_time,quote_volume,count,taker_buy_volume,taker_buy_quote_volume,ignore
1752624000000,0.36109940,0.36430282,0.34986015,0.35203845,0,1752638399999,0,14400,0,0,0
1752638400000,0.35204714,0.36451646,0.34630318,0.36147081,0,1752652799999,0,14400,0,0,0
1752652800000,0.36146950,0.36477458,0.35656144,0.36412849,0,1752667199999,0,14400,0,0,0
1752667200000,0.36411979,0.36965512,0.35791084,0.36603098,0,1752681599999,0,14400,0,0,0
1752681600000,0.36603967,0.37636443,0.36467754,0.37375310,0,1752695999999,0,13819,0,0,0
1752696000000,0.37375310,0.38360760,0.36697677,0.37162357,0,1752710399999,0,14400,0,0,0
