open_time,open,high,low,close,volume,close_time,quote_volume,count,taker_buy_volume,taker_buy_quote_volume,ignore
1752796800000,0.37857237,0.40362067,0.37430677,0.39477258,0,1752811199999,0,14400,0,0,0
1752811200000,0.39477258,0.40634769,0.39236808,0.39939721,0,1752825599999,0,14400,0,0,0
1752825600000,0.39932328,0.41642025,0.39563882,0.40039090,0,1752839999999,0,14400,0,0,0
1752840000000,0.40038220,0.40845624,0.38415328,0.38898800,0,1752854399999,0,14400,0,0,0
1752854400000,0.38893003,0.40116143,0.38710358,0.38961297,0,1752868799999,0,14400,0,0,0
1752868800000,0.38952752,0.39456447,0.37874773,0.39001711,0,1752883199999,0,14400,0,0,0
