open_time,open,high,low,close,volume,close_time,quote_volume,count,taker_buy_volume,taker_buy_quote_volume,ignore
1783814400000,0.08000018,0.08025647,0.07920922,0.07989680,0,1783817999999,0,3600,0,0,0
1783818000000,0.07989593,0.08056370,0.07964018,0.08050810,0,1783821599999,0,3600,0,0,0
1783821600000,0.08050810,0.08057328,0.08018752,0.08051672,0,1783825199999,0,3600,0,0,0
1783825200000,0.08044832,0.08104360,0.08042078,0.08091978,0,1783828799999,0,3600,0,0,0
1783828800000,0.08091978,0.08129062,0.08062820,0.08079900,0,1783832399999,0,3600,0,0,0
1783832400000,0.08079900,0.08116834,0.08060065,0.08063131,0,1783835999999,0,3600,0,0,0
1783836000000,0.08063131,0.08067280,0.07980597,0.08039927,0,1783839599999,0,3600,0,0,0
1783839600000,0.08039927,0.08060515,0.08033286,0.08060309,0,1783843199999,0,3600,0,0,0
1783843200000,0.08060193,0.08255150,0.08058284,0.08172652,0,1783846799999,0,3600,0,0,0
1783846800000,0.08172942,0.08239112,0.08104026,0.08213953,0,1783850399999,0,3600,0,0,0
1783850400000,0.08213927,0.08221986,0.08162810,0.08178758,0,1783853999999,0,3600,0,0,0
1783854000000,0.08178732,0.08185529,0.08076539,0.08159284,0,1783857599999,0,3600,0,0,0
1783857600000,0.08159284,0.08199731,0.08102401,0.08119537,0,1783861199999,0,3600,0,0,0
1783861200000,0.08119537,0.08160126,0.08111103,0.08121918,0,1783864799999,0,3600,0,0,0
1783864800000,0.08121976,0.08184673,0.08101557,0.08161411,0,1783868399999,0,3600,0,0,0
1783868400000,0.08161411,0.08215047,0.08120447,0.08120704,0,1783871999999,0,3600,0,0,0
1783872000000,0.08120704,0.08189778,0.08120679,0.08157925,0,1783875599999,0,3600,0,0,0
1783875600000,0.08157925,0.08160478,0.08075445,0.08096906,0,1783879199999,0,3600,0,0,0
1783879200000,0.08096881,0.08100307,0.08064226,0.08087654,0,1783882799999,0,3600,0,0,0
1783882800000,0.08087654,0.08154998,0.08079977,0.08139448,0,1783886399999,0,3600,0,0,0
1783886400000,0.08139448,0.08146548,0.08083540,0.08099151,0,1783889999999,0,3600,0,0,0
1783890000000,0.08099238,0.08137927,0.08043523,0.08079936,0,1783893599999,0,3600,0,0,0
1783893600000,0.08079936,0.08079936,0.07963831,0.08009848,0,1783897199999,0,3600,0,0,0
1783897200000,0.08009848,0.08009848,0.07972755,0.07990119,0,1783900799999,0,3600,0,0,0
