open_time,open,high,low,close,volume,close_time,quote_volume,count,taker_buy_volume,taker_buy_quote_volume,ignore
1771632000000,0.11132717,0.11190005,0.11022733,0.11037681,0,1771646399999,0,14400,0,0,0
1771646400000,0.11037681,0.11119702,0.10945314,0.10989130,0,1771660799999,0,14400,0,0,0
1771660800000,0.10989130,0.11251424,0.10972475,0.11141770,0,1771675199999,0,14400,0,0,0
1771675200000,0.11141770,0.11200944,0.10969184,0.10998972,0,1771689599999,0,14400,0,0,0
1771689600000,0.10998972,0.11010602,0.10836061,0.10910929,0,1771703999999,0,14400,0,0,0
1771704000000,0.10910929,0.10917562,0.10795904,0.10808276,0,1771718399999,0,14400,0,0,0
