open_time,open,high,low,close,volume,close_time,quote_volume,count,taker_buy_volume,taker_buy_quote_volume,ignore
1780272000000,0.08811860,0.08999563,0.08652176,0.08948065,0,1780286399999,0,14400,0,0,0
1780286400000,0.08948065,0.08992241,0.08564109,0.08581256,0,1780300799999,0,14400,0,0,0
1780300800000,0.08581256,0.08695650,0.08533118,0.08611355,0,1780315199999,0,14400,0,0,0
1780315200000,0.08611382,0.08698646,0.08469687,0.08587495,0,1780329599999,0,14400,0,0,0
1780329600000,0.08587495,0.08968031,0.08552202,0.08902252,0,1780343999999,0,14400,0,0,0
1780344000000,0.08902252,0.08922684,0.08710305,0.08871794,0,1780358399999,0,14400,0,0,0
