open_time,open,high,low,close,volume,close_time,quote_volume,count,taker_buy_volume,taker_buy_quote_volume,ignore
1752537600000,0.33719049,0.33896483,0.32114349,0.32565781,0,1752551999999,0,14400,0,0,0
1752552000000,0.32565781,0.33370512,0.32177780,0.32962306,0,1752566399999,0,14400,0,0,0
1752566400000,0.32961436,0.34224190,0.32716365,0.33695302,0,1752580799999,0,14400,0,0,0
1752580800000,0.33696028,0.34980695,0.33215711,0.34643257,0,1752595199999,0,14400,0,0,0
1752595200000,0.34650793,0.35988705,0.34172087,0.34323825,0,1752609599999,0,14400,0,0,0
1752609600000,0.34328463,0.36371369,0.34221863,0.36109940,0,1752623999999,0,14400,0,0,0
