open_time,open,high,low,close,volume,close_time,quote_volume,count,taker_buy_volume,taker_buy_quote_volume,ignore
1731369600000,0.63510095,0.63524886,0.60136010,0.61243006,0,1731383999999,0,14400,0,0,0
1731384000000,0.61243235,0.61935445,0.59323832,0.61754415,0,1731398399999,0,14400,0,0,0
1731398400000,0.61757978,0.62405249,0.55648397,0.59239180,0,1731412799999,0,14400,0,0,0
1731412800000,0.59246463,0.60559415,0.57310874,0.59788897,0,1731427199999,0,14400,0,0,0
1731427200000,0.59788306,0.60901248,0.58181914,0.59816290,0,1731441599999,0,14400,0,0,0
1731441600000,0.59816290,0.61288290,0.57696833,0.59113163,0,1731455999999,0,14400,0,0,0
