open_time,open,high,low,close,volume,close_time,quote_volume,count,taker_buy_volume,taker_buy_quote_volume,ignore
1743120000000,0.42963013,0.43133973,0.41493796,0.41560258,0,1743134399999,0,14399,0,0,0
1743134400000,0.41560258,0.41729966,0.39222061,0.39328924,0,1743148799999,0,14400,0,0,0
1743148800000,0.39329819,0.39652083,0.38608226,0.38973673,0,1743163199999,0,14400,0,0,0
1743163200000,0.38973673,0.39216455,0.38185126,0.38897826,0,1743177599999,0,14400,0,0,0
1743177600000,0.38891705,0.39195860,0.38352684,0.38538085,0,1743191999999,0,14400,0,0,0
1743192000000,0.38538085,0.38940084,0.38217325,0.38541798,0,1743206399999,0,14400,0,0,0
