open_time,open,high,low,close,volume,close_time,quote_volume,count,taker_buy_volume,taker_buy_quote_volume,ignore
1778803200000,0.12076020,0.12217401,0.12072442,0.12199288,0,1778806799999,0,3600,0,0,0
1778806800000,0.12199723,0.12220539,0.12055002,0.12067602,0,1778810399999,0,3600,0,0,0
1778810400000,0.12067892,0.12202110,0.11953862,0.12181388,0,1778813999999,0,3600,0,0,0
1778814000000,0.12181388,0.12216130,0.12091374,0.12122786,0,1778817599999,0,3600,0,0,0
1778817600000,0.12122786,0.12125133,0.11955135,0.11955743,0,1778821199999,0,3600,0,0,0
1778821200000,0.11955859,0.11996642,0.11700663,0.11733344,0,1778824799999,0,3600,0,0,0
1778824800000,0.11733228,0.11887510,0.11712790,0.11851527,0,1778828399999,0,3600,0,0,0
1778828400000,0.11851527,0.12016729,0.11840240,0.11956970,0,1778831999999,0,3600,0,0,0
1778832000000,0.11956970,0.11957289,0.11819295,0.11864359,0,1778835599999,0,3600,0,0,0
1778835600000,0.11864321,0.11894422,0.11776069,0.11816927,0,1778839199999,0,3600,0,0,0
1778839200000,0.11816927,0.11944487,0.11784977,0.11901875,0,1778842799999,0,3600,0,0,0
1778842800000,0.11901817,0.11911849,0.11806690,0.11819058,0,1778846399999,0,3600,0,0,0
1778846400000,0.11819095,0.11820197,0.11670122,0.11682803,0,1778849999999,0,3600,0,0,0
1778850000000,0.11682803,0.11682803,0.11099196,0.11134788,0,1778853599999,0,3600,0,0,0
1778853600000,0.11135281,0.11253441,0.11084921,0.11124752,0,1778857199999,0,3600,0,0,0
1778857200000,0.11124752,0.11145973,0.10992506,0.11059048,0,1778860799999,0,3600,0,0,0
1778860800000,0.11059048,0.11215874,0.11023119,0.11210222,0,1778864399999,0,3600,0,0,0
1778864400000,0.11210222,0.11278133,0.11185958,0.11249536,0,1778867999999,0,3600,0,0,0
1778868000000,0.11249536,0.11278995,0.11183566,0.11245203,0,1778871599999,0,3600,0,0,0
1778871600000,0.11240102,0.11265346,0.11162678,0.11199700,0,1778875199999,0,3600,0,0,0
1778875200000,0.11199874,0.11207898,0.11103266,0.11109770,0,1778878799999,0,3600,0,0,0
1778878800000,0.11109770,0.11137344,0.11074093,0.11081215,0,1778882399999,0,3600,0,0,0
1778882400000,0.11081250,0.11106626,0.11065017,0.11081133,0,1778885999999,0,3600,0,0,0
1778886000000,0.11081220,0.11115220,0.11072346,0.11099249,0,1778889599999,0,3600,0,0,0
