open_time,open,high,low,close,volume,close_time,quote_volume,count,taker_buy_volume,taker_buy_quote_volume,ignore
1782259200000,0.08634226,0.08675794,0.08471875,0.08483657,0,1782273599999,0,14400,0,0,0
1782273600000,0.08483657,0.08570226,0.08397228,0.08432985,0,1782287999999,0,14400,0,0,0
1782288000000,0.08432985,0.08527604,0.08296294,0.08487822,0,1782302399999,0,14400,0,0,0
1782302400000,0.08488344,0.08537407,0.08131697,0.08132719,0,1782316799999,0,14400,0,0,0
1782316800000,0.08132777,0.08207063,0.07943483,0.08110054,0,1782331199999,0,14400,0,0,0
1782331200000,0.08110054,0.08567229,0.08103501,0.08510443,0,1782345599999,0,14400,0,0,0
