open_time,open,high,low,close,volume,close_time,quote_volume,count,taker_buy_volume,taker_buy_quote_volume,ignore
1748908800000,0.32276543,0.33258419,0.32087288,0.33229434,0,1748912399999,0,3600,0,0,0
1748912400000,0.33229434,0.33913275,0.33139470,0.33848825,0,1748915999999,0,3600,0,0,0
1748916000000,0.33848825,0.33972249,0.33085194,0.33152977,0,1748919599999,0,3600,0,0,0
1748919600000,0.33149332,0.33221082,0.32664251,0.32938099,0,1748923199999,0,3600,0,0,0
1748923200000,0.32938099,0.32946259,0.32474757,0.32623297,0,1748926799999,0,3600,0,0,0
1748926800000,0.32623297,0.33602850,0.32623297,0.33518654,0,1748930399999,0,3600,0,0,0
1748930400000,0.33526191,0.33721310,0.32979938,0.33715638,0,1748933999999,0,3600,0,0,0
1748934000000,0.33722305,0.34017388,0.33610481,0.33883255,0,1748937599999,0,3600,0,0,0
1748937600000,0.33883381,0.33999837,0.33283826,0.33696188,0,1748941199999,0,3600,0,0,0
1748941200000,0.33696188,0.34268518,0.33628380,0.33919812,0,1748944799999,0,3600,0,0,0
1748944800000,0.33919812,0.34584706,0.33919812,0.34584706,0,1748948399999,0,3600,0,0,0
1748948400000,0.34585741,0.34699000,0.33914730,0.34114880,0,1748951999999,0,3600,0,0,0
1748952000000,0.34115006,0.34329249,0.33802279,0.34311740,0,1748955599999,0,3600,0,0,0
1748955600000,0.34311740,0.34878908,0.34021716,0.34206029,0,1748959199999,0,3600,0,0,0
1748959200000,0.34198493,0.34754628,0.33816571,0.34692704,0,1748962799999,0,3600,0,0,0
1748962800000,0.34686037,0.34788053,0.34195758,0.34233066,0,1748966399999,0,3600,0,0,0
1748966400000,0.34233066,0.34327763,0.33596642,0.33621414,0,1748969999999,0,3600,0,0,0
1748970000000,0.33626466,0.34232357,0.33601198,0.33909369,0,1748973599999,0,3600,0,0,0
1748973600000,0.33909495,0.34010747,0.33581840,0.33919835,0,1748977199999,0,3600,0,0,0
1748977200000,0.33919835,0.34453388,0.33918096,0.34175382,0,1748980799999,0,3600,0,0,0
1748980800000,0.34175382,0.34217223,0.33410017,0.33840143,0,1748984399999,0,3600,0,0,0
1748984400000,0.33840143,0.33955804,0.33087867,0.33182317,0,1748987999999,0,3600,0,0,0
1748988000000,0.33175651,0.33823144,0.33059859,0.33661155,0,1748991599999,0,3600,0,0,0
1748991600000,0.33661155,0.33881556,0.33403737,0.33778191,0,1748995199999,0,3600,0,0,0
