open_time,open,high,low,close,volume,close_time,quote_volume,count,taker_buy_volume,taker_buy_quote_volume,ignore
1749772800000,0.31118626,0.31230453,0.27840429,0.28737938,0,1749787199999,0,14400,0,0,0
1749787200000,0.28737359,0.29633756,0.28473348,0.29442779,0,1749801599999,0,14400,0,0,0
1749801600000,0.29442779,0.30084716,0.29044929,0.29438440,0,1749815999999,0,14400,0,0,0
1749816000000,0.29438440,0.30056815,0.28835802,0.29465655,0,1749830399999,0,14400,0,0,0
1749830400000,0.29465655,0.29955809,0.28725011,0.29017289,0,1749844799999,0,14400,0,0,0
1749844800000,0.29018158,0.30070585,0.28959200,0.30048854,0,1749859199999,0,14400,0,0,0
