open_time,open,high,low,close,volume,close_time,quote_volume,count,taker_buy_volume,taker_buy_quote_volume,ignore
1769644800000,0.17278682,0.17329319,0.16584268,0.16676083,0,1769659199999,0,14400,0,0,0
1769659200000,0.16676083,0.16694868,0.16471047,0.16580989,0,1769673599999,0,14399,0,0,0
1769673600000,0.16581858,0.16657979,0.16347546,0.16354213,0,1769687999999,0,14400,0,0,0
1769688000000,0.16354268,0.16457392,0.15446956,0.15778338,0,1769702399999,0,14400,0,0,0
1769702400000,0.15778338,0.16204326,0.15353354,0.15530772,0,1769716799999,0,14399,0,0,0
1769716800000,0.15530772,0.15838403,0.15491877,0.15727407,0,1769731199999,0,14400,0,0,0
