open_time,open,high,low,close,volume,close_time,quote_volume,count,taker_buy_volume,taker_buy_quote_volume,ignore
1779580800000,0.10212849,0.10266518,0.10033206,0.10068798,0,1779595199999,0,14400,0,0,0
1779595200000,0.10068661,0.10146163,0.09974289,0.10109999,0,1779609599999,0,14400,0,0,0
1779609600000,0.10109999,0.10166290,0.10062988,0.10082384,0,1779623999999,0,14400,0,0,0
1779624000000,0.10082558,0.10087270,0.09713395,0.09907852,0,1779638399999,0,14400,0,0,0
1779638400000,0.09907936,0.10005655,0.09893069,0.09923684,0,1779652799999,0,14400,0,0,0
1779652800000,0.09923916,0.09930875,0.09633751,0.09873158,0,1779667199999,0,14400,0,0,0
