open_time,open,high,low,close,volume,close_time,quote_volume,count,taker_buy_volume,taker_buy_quote_volume,ignore
1723161600000,0.31215651,0.31277556,0.30223410,0.30479882,0,1723175999999,0,14400,0,0,0
1723176000000,0.30479882,0.31374765,0.29915190,0.30858239,0,1723190399999,0,14400,0,0,0
1723190400000,0.30865108,0.31484684,0.30632362,0.30871714,0,1723204799999,0,14400,0,0,0
1723204800000,0.30871607,0.31202874,0.29987668,0.30196696,0,1723219199999,0,14400,0,0,0
1723219200000,0.30195672,0.30692646,0.30070128,0.30481293,0,1723233599999,0,14400,0,0,0
1723233600000,0.30481742,0.31208976,0.30226716,0.31182320,0,1723247999999,0,14400,0,0,0
