open_time,open,high,low,close,volume,close_time,quote_volume,count,taker_buy_volume,taker_buy_quote_volume,ignore
1726531200000,0.20930396,0.21090326,0.20539673,0.21052420,0,1726545599999,0,14400,0,0,0
1726545600000,0.21052521,0.21656487,0.20996659,0.21429255,0,1726559999999,0,14400,0,0,0
1726560000000,0.21429255,0.21668795,0.20903899,0.21372396,0,1726574399999,0,14400,0,0,0
1726574400000,0.21372395,0.22993250,0.21143070,0.22948134,0,1726588799999,0,14400,0,0,0
1726588800000,0.22948424,0.23061633,0.22097338,0.22305333,0,1726603199999,0,14400,0,0,0
1726603200000,0.22305332,0.22780982,0.22230209,0.22732202,0,1726617599999,0,14400,0,0,0
