open_time,open,high,low,close,volume,close_time,quote_volume,count,taker_buy_volume,taker_buy_quote_volume,ignore
1725235200000,0.22259633,0.23047354,0.22057399,0.22777940,0,1725249599999,0,14400,0,0,0
1725249600000,0.22777940,0.22808677,0.21810911,0.21950546,0,1725263999999,0,14400,0,0,0
1725264000000,0.21950545,0.23689070,0.21934371,0.23636997,0,1725278399999,0,14400,0,0,0
1725278400000,0.23638312,0.23837069,0.22733215,0.23497720,0,1725292799999,0,14400,0,0,0
1725292800000,0.23497720,0.23846719,0.23315081,0.23467265,0,1725307199999,0,14400,0,0,0
1725307200000,0.23467266,0.24297761,0.23418265,0.23831571,0,1725321599999,0,14400,0,0,0
