open_time,open,high,low,close,volume,close_time,quote_volume,count,taker_buy_volume,taker_buy_quote_volume,ignore
1777852800000,0.10049814,0.10744458,0.09884769,0.10653891,0,1777867199999,0,14400,0,0,0
1777867200000,0.10654007,0.10809413,0.10475646,0.10517614,0,1777881599999,0,14400,0,0,0
1777881600000,0.10517527,0.10648625,0.10141306,0.10251227,0,1777895999999,0,14400,0,0,0
1777896000000,0.10251227,0.10413004,0.10117008,0.10181540,0,1777910399999,0,14400,0,0,0
1777910400000,0.10181540,0.10399023,0.10094656,0.10220542,0,1777924799999,0,14400,0,0,0
1777924800000,0.10220662,0.10232094,0.09973801,0.10032574,0,1777939199999,0,14400,0,0,0
