open_time,open,high,low,close,volume,close_time,quote_volume,count,taker_buy_volume,taker_buy_quote_volume,ignore
1783296000000,0.08062189,0.08107533,0.07832837,0.07880929,0,1783310399999,0,14400,0,0,0
1783310400000,0.07886784,0.07908390,0.07735014,0.07770703,0,1783324799999,0,14400,0,0,0
1783324800000,0.07770611,0.07828964,0.07699438,0.07729836,0,1783339199999,0,14400,0,0,0
1783339200000,0.07729662,0.07767663,0.07472422,0.07750109,0,1783353599999,0,14400,0,0,0
1783353600000,0.07750109,0.07959783,0.07725803,0.07890832,0,1783367999999,0,14400,0,0,0
1783368000000,0.07891180,0.07997607,0.07824944,0.07832456,0,1783382399999,0,14400,0,0,0
