open_time,open,high,low,close,volume,close_time,quote_volume,count,taker_buy_volume,taker_buy_quote_volume,ignore
1773964800000,0.10301116,0.10479578,0.10301116,0.10432332,0,1773979199999,0.00000000,14400,0,0.00000000,0
1773979200000,0.10432332,0.10617554,0.10414631,0.10523707,0,1773993599999,0.00000000,14400,0,0.00000000,0
1773993600000,0.10523707,0.10648018,0.10385114,0.10420832,0,1774007999999,0.00000000,14400,0,0.00000000,0
1774008000000,0.10420832,0.10457949,0.10097226,0.10223895,0,1774022399999,0.00000000,14400,0,0.00000000,0
1774022400000,0.10223895,0.10256801,0.10035475,0.10127357,0,1774036799999,0.00000000,14400,0,0.00000000,0
1774036800000,0.10127357,0.10335800,0.10061668,0.10199909,0,1774051199999,0.00000000,14400,0,0.00000000,0
