open_time,open,high,low,close,volume,close_time,quote_volume,count,taker_buy_volume,taker_buy_quote_volume,ignore
1783209600000,0.07888380,0.07907803,0.07735833,0.07750725,0,1783223999999,0,14400,0,0,0
1783224000000,0.07750610,0.07830131,0.07686343,0.07820697,0,1783238399999,0,14400,0,0,0
1783238400000,0.07820697,0.07835087,0.07701477,0.07770004,0,1783252799999,0,14400,0,0,0
1783252800000,0.07770207,0.07860701,0.07721512,0.07844461,0,1783267199999,0,14400,0,0,0
1783267200000,0.07844461,0.08055677,0.07804485,0.07979058,0,1783281599999,0,14400,0,0,0
1783281600000,0.07979207,0.08145936,0.07923034,0.08062478,0,1783295999999,0,14400,0,0,0
