open_time,open,high,low,close,volume,close_time,quote_volume,count,taker_buy_volume,taker_buy_quote_volume,ignore
1780012800000,0.08826636,0.08886973,0.08702439,0.08727940,0,1780027199999,0,14400,0,0,0
1780027200000,0.08727940,0.08818125,0.08659027,0.08744540,0,1780041599999,0,14400,0,0,0
1780041600000,0.08744540,0.08796213,0.08551361,0.08625498,0,1780055999999,0,14400,0,0,0
1780056000000,0.08625498,0.09000699,0.08445266,0.08878543,0,1780070399999,0,14400,0,0,0
1780070400000,0.08878282,0.08928922,0.08649587,0.08678498,0,1780084799999,0,14400,0,0,0
1780084800000,0.08678122,0.08736838,0.08599094,0.08678026,0,1780099199999,0,14400,0,0,0
