open_time,open,high,low,close,volume,close_time,quote_volume,count,taker_buy_volume,taker_buy_quote_volume,ignore
1768521600000,0.22422417,0.22475119,0.22136884,0.22240680,0,1768535999999,0,14400,0,0,0
1768536000000,0.22240680,0.22414112,0.21977790,0.22234169,0,1768550399999,0,14400,0,0,0
1768550400000,0.22234169,0.22365610,0.22143388,0.22286024,0,1768564799999,0,14400,0,0,0
1768564800000,0.22286099,0.22291027,0.21326925,0.21522536,0,1768579199999,0,14398,0,0,0
1768579200000,0.21522637,0.21820633,0.21461771,0.21692583,0,1768593599999,0,14400,0,0,0
1768593600000,0.21692656,0.22264897,0.21605391,0.22135909,0,1768607999999,0,14400,0,0,0
