open_time,open,high,low,close,volume,close_time,quote_volume,count,taker_buy_volume,taker_buy_quote_volume,ignore
1730332800000,0.36173329,0.36388937,0.35268822,0.35356997,0,1730347199999,0,14400,0,0,0
1730347200000,0.35357375,0.35799393,0.34823827,0.35687681,0,1730361599999,0,14400,0,0,0
1730361600000,0.35687681,0.36633488,0.35606614,0.35752775,0,1730375999999,0,14400,0,0,0
1730376000000,0.35752896,0.35982608,0.34967303,0.35747549,0,1730390399999,0,14400,0,0,0
1730390400000,0.35748337,0.38071541,0.34723235,0.36767210,0,1730404799999,0,14400,0,0,0
1730404800000,0.36774998,0.37489066,0.36261276,0.36278416,0,1730419199999,0,14400,0,0,0
