open_time,open,high,low,close,volume,close_time,quote_volume,count,taker_buy_volume,taker_buy_quote_volume,ignore
1774656000000,0.08906734,0.08987632,0.08807129,0.08921364,0,1774670399999,0,14400,0,0,0
1774670400000,0.08921364,0.09156627,0.08854825,0.09149543,0,1774684799999,0,14400,0,0,0
1774684800000,0.09149543,0.09259126,0.09073974,0.09110083,0,1774699199999,0,14400,0,0,0
1774699200000,0.09115880,0.09363892,0.08995784,0.09267647,0,1774713599999,0,14400,0,0,0
1774713600000,0.09267879,0.09488431,0.09238157,0.09355950,0,1774727999999,0,14400,0,0,0
1774728000000,0.09355050,0.09399757,0.09018797,0.09060696,0,1774742399999,0,14400,0,0,0
