open_time,open,high,low,close,volume,close_time,quote_volume,count,taker_buy_volume,taker_buy_quote_volume,ignore
1739059200000,0.52268967,0.53868847,0.51354475,0.53653734,0,1739073599999,0,14400,0,0,0
1739073600000,0.53659704,0.53662092,0.50412212,0.50822879,0,1739087999999,0,14400,0,0,0
1739088000000,0.50822669,0.51182819,0.49824909,0.49898627,0,1739102399999,0,14400,0,0,0
1739102400000,0.49896629,0.50040621,0.48279644,0.49119973,0,1739116799999,0,14400,0,0,0
1739116800000,0.49119771,0.49314492,0.47355200,0.47743270,0,1739131199999,0,14400,0,0,0
1739131200000,0.47743270,0.48945786,0.45959572,0.47642803,0,1739145599999,0,14400,0,0,0
