open_time,open,high,low,close,volume,close_time,quote_volume,count,taker_buy_volume,taker_buy_quote_volume,ignore
1753228800000,0.50848091,0.50963170,0.48398562,0.48654145,0,1753243199999,0,14400,0,0,0
1753243200000,0.48653275,0.49226276,0.47301745,0.47732989,0,1753257599999,0,14400,0,0,0
1753257600000,0.47732989,0.48243228,0.46379346,0.46800788,0,1753271999999,0,14395,0,0,0
1753272000000,0.46791970,0.46972410,0.44063049,0.46792492,0,1753286399999,0,14400,0,0,0
1753286400000,0.46786695,0.47134760,0.44452723,0.46643316,0,1753300799999,0,14400,0,0,0
1753300800000,0.46649983,0.47146619,0.44107049,0.46019588,0,1753315199999,0,14400,0,0,0
