open_time,open,high,low,close,volume,close_time,quote_volume,count,taker_buy_volume,taker_buy_quote_volume,ignore
1769817600000,0.15382391,0.15405497,0.15240923,0.15264188,0,1769831999999,0,14400,0,0,0
1769832000000,0.15264188,0.15299850,0.14856202,0.14955872,0,1769846399999,0,14400,0,0,0
1769846400000,0.14955872,0.14998144,0.14583448,0.14639235,0,1769860799999,0,14400,0,0,0
1769860800000,0.14639235,0.14654184,0.13721372,0.13941757,0,1769875199999,0,14400,0,0,0
1769875200000,0.13941803,0.14155267,0.12241243,0.13238942,0,1769889599999,0,14400,0,0,0
1769889600000,0.13238942,0.13985898,0.13103731,0.13869690,0,1769903999999,0,14400,0,0,0
