open_time,open,high,low,close,volume,close_time,quote_volume,count,taker_buy_volume,taker_buy_quote_volume,ignore
1730592000000,0.36248292,0.36372583,0.34474240,0.35469635,0,1730606399999,0,14400,0,0,0
1730606400000,0.35469635,0.36915582,0.35280544,0.35344923,0,1730620799999,0,14400,0,0,0
1730620800000,0.35345042,0.36168406,0.34577024,0.34704210,0,1730635199999,0,14400,0,0,0
1730635200000,0.34703512,0.34965644,0.31684790,0.32473520,0,1730649599999,0,14400,0,0,0
1730649600000,0.32473164,0.33194530,0.32076309,0.33038143,0,1730663999999,0,14400,0,0,0
1730664000000,0.33038253,0.34671652,0.32925435,0.33705395,0,1730678399999,0,14400,0,0,0
