open_time,open,high,low,close,volume,close_time,quote_volume,count,taker_buy_volume,taker_buy_quote_volume,ignore
1776124800000,0.10091080,0.10114691,0.09824334,0.09854137,0,1776139199999,0,14400,0,0,0
1776139200000,0.09848340,0.09866617,0.09658808,0.09706923,0,1776153599999,0,14400,0,0,0
1776153600000,0.09706954,0.09767951,0.09633799,0.09640753,0,1776167999999,0,14398,0,0,0
1776168000000,0.09640753,0.09826795,0.09520971,0.09560194,0,1776182399999,0,14400,0,0,0
1776182400000,0.09560222,0.09657288,0.09444081,0.09520287,0,1776196799999,0,14400,0,0,0
1776196800000,0.09520287,0.09643726,0.09483237,0.09630738,0,1776211199999,0,14400,0,0,0
