open_time,open,high,low,close,volume,close_time,quote_volume,count,taker_buy_volume,taker_buy_quote_volume,ignore
1748563200000,0.37320415,0.37671448,0.35386279,0.35658916,0,1748566799999,0,3600,0,0,0
1748566800000,0.35671658,0.36260125,0.35669181,0.35791242,0,1748570399999,0,3600,0,0,0
1748570400000,0.35791374,0.36312505,0.35762663,0.36082320,0,1748573999999,0,3600,0,0,0
1748574000000,0.36082320,0.36349707,0.35984618,0.36069404,0,1748577599999,0,3600,0,0,0
1748577600000,0.36069404,0.36221667,0.35866298,0.36078487,0,1748581199999,0,3600,0,0,0
1748581200000,0.36078487,0.36284573,0.35668375,0.35877689,0,1748584799999,0,3600,0,0,0
1748584800000,0.35877556,0.36004193,0.34982165,0.35115824,0,1748588399999,0,3600,0,0,0
1748588400000,0.35115824,0.35404452,0.35007074,0.35101098,0,1748591999999,0,3600,0,0,0
1748592000000,0.35101098,0.35391800,0.34915887,0.35170192,0,1748595599999,0,3600,0,0,0
1748595600000,0.35169970,0.35325733,0.34490377,0.35078290,0,1748599199999,0,3600,0,0,0
1748599200000,0.35083958,0.35229308,0.34631257,0.35155987,0,1748602799999,0,3600,0,0,0
1748602800000,0.35155987,0.35315430,0.34770425,0.34931849,0,1748606399999,0,3600,0,0,0
1748606400000,0.34931849,0.35036090,0.33835634,0.34599615,0,1748609999999,0,3600,0,0,0
1748610000000,0.34599615,0.34735374,0.33481464,0.33647328,0,1748613599999,0,3600,0,0,0
1748613600000,0.33653125,0.34044950,0.33465990,0.33684470,0,1748617199999,0,3600,0,0,0
1748617200000,0.33678673,0.34021080,0.33360777,0.33383206,0,1748620799999,0,3600,0,0,0
1748620800000,0.33382336,0.33570245,0.31183705,0.32051838,0,1748624399999,0,3600,0,0,0
1748624400000,0.32051838,0.32228369,0.31676601,0.32041916,0,1748627999999,0,3600,0,0,0
1748628000000,0.32042785,0.32261131,0.31693983,0.31982447,0,1748631599999,0,3600,0,0,0
1748631600000,0.31982565,0.32396143,0.31886851,0.32169316,0,1748635199999,0,3600,0,0,0
1748635200000,0.32172794,0.32340760,0.31935545,0.31958729,0,1748638799999,0,3600,0,0,0
1748638800000,0.31964526,0.32201542,0.31645334,0.31763397,0,1748642399999,0,3600,0,0,0
1748642400000,0.31763397,0.31865522,0.30338592,0.30391294,0,1748645999999,0,3600,0,0,0
1748646000000,0.30383935,0.30520143,0.29847139,0.30101430,0,1748649599999,0,3600,0,0,0
