open_time,open,high,low,close,volume,close_time,quote_volume,count,taker_buy_volume,taker_buy_quote_volume,ignore
1763251200000,0.27548585,0.27700240,0.26643791,0.27575831,0,1763265599999,0,14400,0,0,0
1763265600000,0.27575831,0.27896315,0.27349062,0.27838123,0,1763279999999,0,14400,0,0,0
1763280000000,0.27838123,0.27985588,0.26898102,0.27009115,0,1763294399999,0,14400,0,0,0
1763294400000,0.27009207,0.27205539,0.26030455,0.26077971,0,1763308799999,0,14400,0,0,0
1763308800000,0.26084638,0.26368683,0.25397846,0.25959812,0,1763323199999,0,14400,0,0,0
1763323200000,0.25959812,0.27749823,0.25723089,0.27515610,0,1763337599999,0,14400,0,0,0
