open_time,open,high,low,close,volume,close_time,quote_volume,count,taker_buy_volume,taker_buy_quote_volume,ignore
1743552000000,0.36920598,0.37042896,0.35834064,0.36230372,0,1743566399999,0,14400,0,0,0
1743566400000,0.36230372,0.36454731,0.35026558,0.35261266,0,1743580799999,0,14400,0,0,0
1743580800000,0.35261324,0.36177917,0.35070395,0.35384139,0,1743595199999,0,14400,0,0,0
1743595200000,0.35384278,0.37765082,0.35155027,0.37154466,0,1743609599999,0,14399,0,0,0
1743609600000,0.37166261,0.37641298,0.35855379,0.36579310,0,1743623999999,0,14400,0,0,0
1743624000000,0.36578271,0.38419686,0.33047321,0.33118464,0,1743638399999,0,14400,0,0,0
