open_time,open,high,low,close,volume,close_time,quote_volume,count,taker_buy_volume,taker_buy_quote_volume,ignore
1779321600000,0.10581105,0.10788404,0.10574965,0.10739620,0,1779335999999,0,14400,0,0,0
1779336000000,0.10739620,0.10785410,0.10581966,0.10687244,0,1779350399999,0,14400,0,0,0
1779350400000,0.10687244,0.10820084,0.10388182,0.10435671,0,1779364799999,0,14400,0,0,0
1779364800000,0.10435671,0.10558923,0.10314671,0.10493066,0,1779379199999,0,14400,0,0,0
1779379200000,0.10492938,0.10781085,0.10414377,0.10752177,0,1779393599999,0,14400,0,0,0
1779393600000,0.10750611,0.10799487,0.10634829,0.10688602,0,1779407999999,0,14400,0,0,0
