open_time,open,high,low,close,volume,close_time,quote_volume,count,taker_buy_volume,taker_buy_quote_volume,ignore
1778457600000,0.13220945,0.13351569,0.12588434,0.12766568,0,1778471999999,0,14400,0,0,0
1778472000000,0.12766568,0.13000889,0.12646916,0.12917574,0,1778486399999,0,14400,0,0,0
1778486400000,0.12917835,0.13107393,0.12766318,0.13049735,0,1778500799999,0,14399,0,0,0
1778500800000,0.13049735,0.13122037,0.12625121,0.13111786,0,1778515199999,0,14400,0,0,0
1778515200000,0.13112046,0.13292365,0.12869900,0.13056693,0,1778529599999,0,14400,0,0,0
1778529600000,0.13056693,0.13162269,0.12813983,0.12881542,0,1778543999999,0,14400,0,0,0
