open_time,open,high,low,close,volume,close_time,quote_volume,count,taker_buy_volume,taker_buy_quote_volume,ignore
1771200000000,0.12163676,0.12206716,0.12021197,0.12100097,0,1771214399999,0,14400,0,0,0
1771214400000,0.12100097,0.12222850,0.11966948,0.11988457,0,1771228799999,0,14400,0,0,0
1771228800000,0.11988457,0.12160031,0.11942609,0.12106521,0,1771243199999,0,14400,0,0,0
1771243200000,0.12105901,0.12437579,0.11853563,0.11939117,0,1771257599999,0,14400,0,0,0
1771257600000,0.11939157,0.12109952,0.11930032,0.12069942,0,1771271999999,0,14400,0,0,0
1771272000000,0.12069942,0.12416064,0.12030853,0.12310007,0,1771286399999,0,14400,0,0,0
