open_time,open,high,low,close,volume,close_time,quote_volume,count,taker_buy_volume,taker_buy_quote_volume,ignore
1780617600000,0.09451447,0.09684459,0.08945063,0.08952078,0,1780631999999,0,14400,0,0,0
1780632000000,0.08952078,0.09142340,0.08279711,0.08839667,0,1780646399999,0,14400,0,0,0
1780646400000,0.08839407,0.09070007,0.08503395,0.08548959,0,1780660799999,0,14400,0,0,0
1780660800000,0.08548959,0.09102184,0.08312563,0.08347441,0,1780675199999,0,14400,0,0,0
1780675200000,0.08346359,0.09312543,0.08233970,0.08864287,0,1780689599999,0,14400,0,0,0
1780689600000,0.08864287,0.09710985,0.08695252,0.09461578,0,1780703999999,0,14400,0,0,0
