open_time,open,high,low,close,volume,close_time,quote_volume,count,taker_buy_volume,taker_buy_quote_volume,ignore
1748649600000,0.30101540,0.30291723,0.28863129,0.29658948,0,1748663999999,0,14400,0,0,0
1748664000000,0.29658948,0.30642548,0.29381828,0.30498899,0,1748678399999,0,14400,0,0,0
1748678400000,0.30498899,0.30553512,0.29755241,0.29885414,0,1748692799999,0,14400,0,0,0
1748692800000,0.29885305,0.30808774,0.29836054,0.29965426,0,1748707199999,0,14400,0,0,0
1748707200000,0.29966296,0.30887601,0.29843635,0.30712899,0,1748721599999,0,14400,0,0,0
1748721600000,0.30712899,0.31068143,0.30498333,0.30573295,0,1748735999999,0,14400,0,0,0
