open_time,open,high,low,close,volume,close_time,quote_volume,count,taker_buy_volume,taker_buy_quote_volume,ignore
1721865600000,0.45419013,0.45472815,0.42159142,0.42536729,0,1721879999999,0,14400,0,0,0
1721880000000,0.42584783,0.43442240,0.42334219,0.42730660,0,1721894399999,0,14400,0,0,0
1721894400000,0.42730660,0.44571963,0.42546396,0.44453497,0,1721908799999,0,14400,0,0,0
1721908800000,0.44452101,0.45278526,0.42853540,0.44386777,0,1721923199999,0,14400,0,0,0
1721923200000,0.44391464,0.44391464,0.41676106,0.42695883,0,1721937599999,0,14400,0,0,0
1721937600000,0.42695733,0.43598775,0.41343387,0.42814513,0,1721951999999,0,14400,0,0,0
