open_time,open,high,low,close,volume,close_time,quote_volume,count,taker_buy_volume,taker_buy_quote_volume,ignore
1729555200000,0.39017637,0.39681207,0.38604173,0.39093717,0,1729569599999,0,14400,0,0,0
1729569600000,0.39093585,0.39504654,0.38578888,0.38879376,0,1729583999999,0,14400,0,0,0
1729584000000,0.38879240,0.38925834,0.38009538,0.38616958,0,1729598399999,0,14399,0,0,0
1729598400000,0.38617657,0.39216821,0.38045042,0.38486962,0,1729612799999,0,14400,0,0,0
1729612800000,0.38486384,0.38606661,0.37538129,0.38365084,0,1729627199999,0,14400,0,0,0
1729627200000,0.38365083,0.38994745,0.38160962,0.38682789,0,1729641599999,0,14400,0,0,0
