open_time,open,high,low,close,volume,close_time,quote_volume,count,taker_buy_volume,taker_buy_quote_volume,ignore
1759190400000,0.56473611,0.56808674,0.55606005,0.55716336,0,1759204799999,0,14400,0,0,0
1759204800000,0.55717205,0.56138368,0.54380450,0.54555144,0,1759219199999,0,14400,0,0,0
1759219200000,0.54555144,0.54843843,0.53683057,0.54809222,0,1759233599999,0,14400,0,0,0
1759233600000,0.54809031,0.55292879,0.54018167,0.54603639,0,1759247999999,0,14399,0,0,0
1759248000000,0.54603639,0.55897469,0.53489771,0.55770444,0,1759262399999,0,14400,0,0,0
1759262400000,0.55769864,0.56289338,0.55470791,0.55877417,0,1759276799999,0,14400,0,0,0
