open_time,open,high,low,close,volume,close_time,quote_volume,count,taker_buy_volume,taker_buy_quote_volume,ignore
1737590400000,0.85474378,0.85714559,0.83327642,0.83787362,0,1737604799999,0,14400,0,0,0
1737604800000,0.83787064,0.84865259,0.82979050,0.84655468,0,1737619199999,0,14400,0,0,0
1737619200000,0.84657259,0.84909904,0.81963250,0.83257167,0,1737633599999,0,14400,0,0,0
1737633600000,0.83263137,0.86515267,0.81823310,0.84559329,0,1737647999999,0,14400,0,0,0
1737648000000,0.84581998,0.87317644,0.81216447,0.81515885,0,1737662399999,0,14400,0,0,0
1737662400000,0.81508678,0.86545819,0.80273817,0.84924922,0,1737676799999,0,14400,0,0,0
