open_time,open,high,low,close,volume,close_time,quote_volume,count,taker_buy_volume,taker_buy_quote_volume,ignore
1751241600000,0.27851391,0.27890848,0.27039298,0.27112180,0,1751255999999,0,14400,0,0,0
1751256000000,0.27111600,0.27406374,0.26601253,0.27264370,0,1751270399999,0,14400,0,0,0
1751270400000,0.27264370,0.27321520,0.26664868,0.26709062,0,1751284799999,0,14400,0,0,0
1751284800000,0.26708193,0.27159066,0.26242893,0.26804468,0,1751299199999,0,14400,0,0,0
1751299200000,0.26804371,0.27501993,0.26649906,0.27484461,0,1751313599999,0,14400,0,0,0
1751313600000,0.27480983,0.27488513,0.26593558,0.26647572,0,1751327999999,0,14400,0,0,0
