open_time,open,high,low,close,volume,close_time,quote_volume,count,taker_buy_volume,taker_buy_quote_volume,ignore
1744848000000,131.2900,132.6600,129.4000,129.7000,2993650.55,1744862399999,392278642.826100,373853,1507512.77,197519756.435800,0
1744862400000,129.7000,135.6000,129.5300,134.2100,4739676.08,1744876799999,632274918.281140,519593,2501084.42,333559972.818340,0
1744876800000,134.2200,134.9600,132.3300,133.0300,3497801.88,1744891199999,466678544.004150,388975,1762162.99,235108683.902800,0
1744891200000,133.0300,134.4300,130.4800,133.3900,5543138.60,1744905599999,734576436.692480,611090,2818321.96,373542283.700300,0
1744905600000,133.3900,136.2600,131.8800,132.8300,6550228.85,1744919999999,879488805.304760,668917,3332640.84,447522467.262660,0
1744920000000,132.8200,135.2500,132.8100,134.7600,2521981.77,1744934399999,338638148.254760,316259,1282438.84,172214167.738660,0
