open_time,open,high,low,close,volume,close_time,quote_volume,count,taker_buy_volume,taker_buy_quote_volume,ignore
1626134400000,315.530,318.000,313.300,315.460,357619.89,1626148799999,112842625.69215,199315,179470.80,56639319.05875,0
1626148800000,315.460,316.320,308.000,314.360,622085.97,1626163199999,194017343.83464,263472,300193.00,93625901.89025,0
1626163200000,314.330,316.210,310.300,311.630,508093.19,1626177599999,159327925.28754,232786,242873.54,76171901.43816,0
1626177600000,311.680,312.950,305.110,311.500,715655.36,1626191999999,221033788.44389,276927,339570.04,104901149.28707,0
1626192000000,311.490,312.490,305.220,305.990,434005.74,1626206399999,134148736.95547,219886,205854.89,63614251.41000,0
1626206400000,305.990,309.680,305.120,308.820,305962.50,1626220799999,94097691.26714,185798,150564.36,46309316.02224,0
