open_time,open,high,low,close,volume,close_time,quote_volume,count,taker_buy_volume,taker_buy_quote_volume,ignore
1723593600000,0.5765,0.5808,0.5705,0.5792,106965061.0,1723607999999,61617557.22737,174045,55227525.4,31814488.52440,0
1723608000000,0.5792,0.5810,0.5742,0.5763,106111170.7,1723622399999,61276048.85319,130773,53558693.1,30928886.54523,0
1723622400000,0.5763,0.5829,0.5745,0.5790,95094936.0,1723636799999,54986951.89066,118274,48606375.9,28109502.58756,0
1723636800000,0.5791,0.5825,0.5633,0.5736,279562718.3,1723651199999,160151141.71153,318392,127081547.7,72801499.40161,0
1723651200000,0.5736,0.5753,0.5660,0.5670,119339185.2,1723665599999,68178477.39284,145316,59115749.2,33780530.82892,0
1723665600000,0.5671,0.5698,0.5647,0.5684,61838280.6,1723679999999,35121253.34380,81538,31299189.0,17779145.74831,0
