open_time,open,high,low,close,volume,close_time,quote_volume,count,taker_buy_volume,taker_buy_quote_volume,ignore
1684281600000,0.4424,0.4613,0.4396,0.4589,771184431.2,1684295999999,347768620.73303,355251,397312443.7,179146548.54533,0
1684296000000,0.4589,0.4602,0.4446,0.4490,462225303.7,1684310399999,208914790.60946,206359,227815368.2,102968207.74625,0
1684310400000,0.4490,0.4492,0.4412,0.4448,444325370.4,1684324799999,197706228.37937,192884,225662109.5,100420616.70628,0
1684324800000,0.4449,0.4500,0.4373,0.4407,447332288.1,1684339199999,198436317.11519,185657,223798052.2,99315828.04924,0
1684339200000,0.4406,0.4502,0.4380,0.4476,315237599.2,1684353599999,140086465.55105,147149,158356083.3,70362288.48997,0
1684353600000,0.4475,0.4493,0.4442,0.4482,177239173.0,1684367999999,79218437.12733,110924,87962150.3,39319423.79089,0
