open_time,open,high,low,close,volume,close_time,quote_volume,count,taker_buy_volume,taker_buy_quote_volume,ignore
1747094400000,2.5432,2.5456,2.4255,2.4291,205376425.9,1747108799999,507409596.46633,688043,91406843.8,225743191.84650,0
1747108800000,2.4290,2.5152,2.4196,2.4980,154957305.9,1747123199999,384516782.22812,486597,77956776.7,193457689.24061,0
1747123200000,2.4981,2.5678,2.4855,2.5338,198005792.2,1747137599999,502099201.65564,553418,97462357.9,247160769.27239,0
1747137600000,2.5338,2.5619,2.5032,2.5427,197886604.8,1747151999999,501428984.89259,632758,92509865.4,234439527.62574,0
1747152000000,2.5428,2.6051,2.5339,2.5800,176564522.7,1747166399999,453261049.38682,568053,92174329.5,236680369.95077,0
1747166400000,2.5800,2.6021,2.5571,2.5820,104434329.1,1747180799999,269373188.07971,388551,50567710.0,130440989.98801,0
