open_time,open,high,low,close,volume,close_time,quote_volume,count,taker_buy_volume,taker_buy_quote_volume,ignore
1721001600000,0.5203,0.5311,0.5201,0.5267,207773209.2,1721015999999,109393720.04509,165069,105751180.1,55676804.19401,0
1721016000000,0.5267,0.5342,0.5260,0.5303,193324220.8,1721030399999,102456113.73373,143124,95304255.1,50518259.33390,0
1721030400000,0.5303,0.5402,0.5263,0.5363,287509909.7,1721044799999,153138541.33397,203992,141980330.8,75636695.95284,0
1721044800000,0.5363,0.5365,0.5230,0.5235,249530982.2,1721059199999,131939632.87657,172006,124654038.3,65918504.65668,0
1721059200000,0.5235,0.5360,0.5222,0.5350,228742409.7,1721073599999,121592410.49429,189015,106874654.7,56797879.72114,0
1721073600000,0.5349,0.5380,0.5302,0.5368,176178957.6,1721087999999,94137636.97070,138316,87814642.1,46926580.45747,0
