open_time,open,high,low,close,volume,close_time,quote_volume,count,taker_buy_volume,taker_buy_quote_volume,ignore
1679875200000,0.4477,0.4568,0.4422,0.4535,556159356.9,1679889599999,250467046.31320,199233,282855142.5,127390164.25324,0
1679889600000,0.4536,0.4600,0.4482,0.4600,598840581.7,1679903999999,272519725.21227,259149,296056228.3,134777936.21406,0
1679904000000,0.4600,0.4794,0.4599,0.4772,1200341809.4,1679918399999,561522635.40785,458493,622037761.8,290985845.75626,0
1679918400000,0.4773,0.4886,0.4534,0.4575,2373800832.4,1679932799999,1126108505.29472,867360,1175850591.1,558161506.51236,0
1679932800000,0.4576,0.4742,0.4551,0.4676,1044702427.1,1679947199999,485369457.16632,410954,527611193.6,245168156.15188,0
1679947200000,0.4676,0.4812,0.4656,0.4786,783233653.9,1679961599999,371705284.81338,332709,398729341.1,189268117.62522,0
