open_time,open,high,low,close,volume,close_time,quote_volume,count,taker_buy_volume,taker_buy_quote_volume,ignore
1681171200000,0.5173,0.5178,0.5117,0.5155,228047846.0,1681185599999,117439517.91321,109248,111958350.0,57656296.56786,0
1681185600000,0.5155,0.5284,0.5141,0.5230,336239607.4,1681199999999,175730659.11333,162175,177872174.6,92960026.02993,0
1681200000000,0.5229,0.5236,0.5180,0.5203,176133156.4,1681214399999,91751302.57024,101845,86672161.9,45155977.86582,0
1681214400000,0.5203,0.5241,0.5167,0.5190,255016332.8,1681228799999,132693715.71545,127607,125647247.5,65389424.99045,0
1681228800000,0.5190,0.5192,0.5107,0.5159,245794883.1,1681243199999,126602167.65591,120654,112029126.8,57711038.59634,0
1681243200000,0.5159,0.5180,0.5143,0.5163,106175228.5,1681257599999,54792612.22380,63303,52274315.9,26977572.75947,0
