open_time,open,high,low,close,volume,close_time,quote_volume,count,taker_buy_volume,taker_buy_quote_volume,ignore
1689465600000,0.7145,0.7273,0.6980,0.7116,591060347.2,1689479999999,423673389.57075,434781,293939026.9,210745510.44465,0
1689480000000,0.7116,0.7196,0.7067,0.7149,263304167.2,1689494399999,187848956.48728,196491,131161734.3,93580933.62449,0
1689494400000,0.7150,0.7625,0.7136,0.7496,1193512038.7,1689508799999,886801825.96661,879000,610330763.8,453440688.60801,0
1689508800000,0.7496,0.7793,0.7414,0.7710,1162440408.7,1689523199999,884707168.34493,853321,577177042.3,439395031.07699,0
1689523200000,0.7710,0.7899,0.7200,0.7417,1352003302.0,1689537599999,1037725754.35897,996071,649362527.2,499010415.97849,0
1689537600000,0.7417,0.7618,0.7373,0.7463,685651159.9,1689551999999,513817259.28776,486639,339197155.0,254170084.42134,0
