open_time,open,high,low,close,volume,close_time,quote_volume,count,taker_buy_volume,taker_buy_quote_volume,ignore
1675641600000,0.3983,0.4031,0.3961,0.3980,151655976.9,1675655999999,60613268.29460,83248,77256249.0,30872603.33001,0
1675656000000,0.3980,0.4010,0.3932,0.3981,194671254.8,1675670399999,77479140.89053,95929,98382343.8,39164168.91315,0
1675670400000,0.3980,0.3999,0.3950,0.3975,166202921.5,1675684799999,66038892.85252,83528,85568993.6,34000797.36271,0
1675684800000,0.3975,0.4005,0.3962,0.4004,198960623.1,1675699199999,79133960.42210,76388,102371965.7,40718309.21481,0
1675699200000,0.4004,0.4036,0.3984,0.4025,158894289.8,1675713599999,63685438.21020,83444,81425493.1,32641785.39831,0
1675713600000,0.4025,0.4032,0.3906,0.3920,259414344.5,1675727999999,102758944.52185,114517,115245009.6,45637867.39532,0
