open_time,open,high,low,close,volume,close_time,quote_volume,count,taker_buy_volume,taker_buy_quote_volume,ignore
1707436800000,0.5145,0.5204,0.5138,0.5187,94622647.8,1707451199999,48942646.05733,64526,49639883.1,25675183.47762,0
1707451200000,0.5188,0.5195,0.5151,0.5174,103523934.2,1707465599999,53575196.27999,64644,49974850.8,25866643.21054,0
1707465600000,0.5175,0.5268,0.5165,0.5248,160077532.9,1707479999999,83475203.87860,100436,81443912.3,42478261.50521,0
1707480000000,0.5247,0.5265,0.5175,0.5217,210624862.3,1707494399999,109981225.28976,121688,103278037.7,53934297.13787,0
1707494400000,0.5217,0.5266,0.5195,0.5259,121543073.9,1707508799999,63581700.02746,80649,60291052.2,31539414.81310,0
1707508800000,0.5258,0.5283,0.5235,0.5260,104195786.7,1707523199999,54767928.98996,71382,48521911.0,25507036.76440,0
