open_time,open,high,low,close,volume,close_time,quote_volume,count,taker_buy_volume,taker_buy_quote_volume,ignore
1687737600000,0.4900,0.4918,0.4821,0.4840,234413040.2,1687751999999,113894262.90419,127967,109687365.9,53299659.24561,0
1687752000000,0.4839,0.4865,0.4803,0.4842,135634912.5,1687766399999,65620056.01498,88303,63236101.3,30597444.26268,0
1687766400000,0.4843,0.4846,0.4777,0.4825,127645411.7,1687780799999,61414296.67598,81727,58874538.5,28327166.85862,0
1687780800000,0.4824,0.4874,0.4794,0.4844,151659109.8,1687795199999,73299588.19945,99594,77652156.3,37536244.83625,0
1687795200000,0.4845,0.4846,0.4685,0.4787,279741559.2,1687809599999,133118677.23706,155819,128340842.4,61076556.02750,0
1687809600000,0.4786,0.4800,0.4722,0.4788,98477026.5,1687823999999,46992591.19797,62358,48671527.6,23225806.06581,0
