open_time,open,high,low,close,volume,close_time,quote_volume,count,taker_buy_volume,taker_buy_quote_volume,ignore
1668038400000,0.3320,0.3555,0.3288,0.3496,434420544.3,1668052799999,148976968.96740,277912,220165595.0,75513933.57924,0
1668052800000,0.3495,0.3783,0.3476,0.3697,471244041.7,1668067199999,173104943.56269,271511,237910340.6,87367450.38328,0
1668067200000,0.3697,0.3697,0.3552,0.3602,420920922.3,1668081599999,151905414.30778,235764,214678580.9,77493432.55813,0
1668081600000,0.3602,0.3959,0.3589,0.3884,598603024.8,1668095999999,226914679.67139,388227,309009425.6,117146749.24271,0
1668096000000,0.3884,0.3956,0.3731,0.3864,370068806.9,1668110399999,142016769.43444,248772,190404382.3,73100873.49008,0
1668110400000,0.3863,0.4027,0.3816,0.3941,280642140.1,1668124799999,110764797.95132,184347,137107785.8,54129974.49533,0
