open_time,open,high,low,close,volume,close_time,quote_volume,count,taker_buy_volume,taker_buy_quote_volume,ignore
1738281600000,3.1269,3.1329,3.0804,3.0916,69009868.4,1738295999999,214190450.00344,249171,32646308.0,101336634.48420,0
1738296000000,3.0916,3.0978,3.0682,3.0781,63683153.9,1738310399999,196312632.57509,203439,29999049.0,92494694.52748,0
1738310400000,3.0780,3.1010,3.0568,3.0973,63557918.3,1738324799999,195692628.34959,247742,31553570.9,97168040.21894,0
1738324800000,3.0974,3.1142,3.0695,3.0978,103170864.0,1738339199999,319320360.44151,340744,46477223.2,143884734.08142,0
1738339200000,3.0978,3.1033,3.0127,3.0304,140789612.5,1738353599999,429288609.30711,430664,64947341.2,198028283.73707,0
1738353600000,3.0304,3.0456,3.0010,3.0347,78375913.9,1738367999999,236903466.75757,298699,38185920.2,115422515.89386,0
