open_time,open,high,low,close,volume,close_time,quote_volume,count,taker_buy_volume,taker_buy_quote_volume,ignore
1711411200000,0.6408,0.6482,0.6397,0.6442,128754872.4,1711425599999,82980552.54542,122761,63495841.6,40922459.87368,0
1711425600000,0.6443,0.6534,0.6436,0.6473,173783971.9,1711439999999,112575338.26476,137877,84813467.2,54935725.20738,0
1711440000000,0.6474,0.6509,0.6435,0.6449,161914427.4,1711454399999,104787009.88012,140642,78458609.3,50784867.60583,0
1711454400000,0.6450,0.6458,0.6262,0.6347,371302215.1,1711468799999,236245635.75294,347004,171069113.8,108871508.77482,0
1711468800000,0.6348,0.6363,0.6252,0.6303,206608669.5,1711483199999,130479309.00458,212155,102450809.7,64709380.79677,0
1711483200000,0.6304,0.6347,0.6299,0.6323,99485150.6,1711497599999,62943849.74164,108852,48726953.6,30831402.99087,0
