open_time,open,high,low,close,volume,close_time,quote_volume,count,taker_buy_volume,taker_buy_quote_volume,ignore
1670457600000,0.3830,0.3908,0.3826,0.3858,300778548.7,1670471999999,116370373.94946,111116,150042640.0,58053918.44598,0
1670472000000,0.3858,0.3890,0.3840,0.3872,196987241.2,1670486399999,76236238.62995,67152,102066971.5,39504104.31171,0
1670486400000,0.3872,0.3875,0.3821,0.3856,203826712.3,1670500799999,78533799.27184,77609,100662980.4,38787875.96496,0
1670500800000,0.3856,0.3895,0.3842,0.3884,178055247.4,1670515199999,68873834.59285,69583,91268291.1,35308262.24341,0
1670515200000,0.3884,0.3930,0.3873,0.3921,238560549.6,1670529599999,93118525.89108,89869,126984419.7,49562654.24135,0
1670529600000,0.3921,0.3962,0.3900,0.3938,184309636.9,1670543999999,72475018.50410,76438,94728284.2,37265364.62153,0
