open_time,open,high,low,close,volume,close_time,quote_volume,count,taker_buy_volume,taker_buy_quote_volume,ignore
1675900800000,0.3977,0.3994,0.3845,0.3906,311649132.8,1675915199999,122304531.68573,133491,143988272.8,56555145.82025,0
1675915200000,0.3907,0.3942,0.3892,0.3936,150683861.8,1675929599999,59072668.23330,78819,75962479.9,29777788.26162,0
1675929600000,0.3937,0.3948,0.3921,0.3937,145687036.8,1675943999999,57328128.70233,76238,73042112.5,28741695.97926,0
1675944000000,0.3938,0.4102,0.3928,0.4018,588539643.1,1675958399999,237130803.28157,237156,310455070.0,125130979.27385,0
1675958400000,0.4018,0.4042,0.3788,0.3876,693730989.8,1675972799999,273352174.85406,275772,323707211.3,127646293.11822,0
1675972800000,0.3876,0.3896,0.3716,0.3816,466171672.8,1675987199999,178287966.11068,198900,216167256.5,82711205.34913,0
