open_time,open,high,low,close,volume,close_time,quote_volume,count,taker_buy_volume,taker_buy_quote_volume,ignore
1742515200000,2.4345,2.4662,2.4111,2.4222,122316518.2,1742529599999,298338809.91406,352568,60770833.8,148210327.03675,0
1742529600000,2.4223,2.4342,2.3823,2.4065,93079085.1,1742543999999,224040446.78281,290137,45442756.8,109397387.65819,0
1742544000000,2.4065,2.4188,2.3707,2.3871,107072285.4,1742558399999,256271828.72945,317433,52599680.9,125889873.25957,0
1742558400000,2.3871,2.3980,2.3552,2.3713,129977410.7,1742572799999,308728909.67844,375666,64821753.7,154003809.10222,0
1742572800000,2.3712,2.4240,2.3602,2.4005,93661104.8,1742587199999,224439592.06057,277137,49038435.8,117528846.11452,0
1742587200000,2.4005,2.4145,2.3733,2.3793,54656151.8,1742601599999,130696322.64596,188106,26257380.7,62796739.50208,0
