open_time,open,high,low,close,volume,close_time,quote_volume,count,taker_buy_volume,taker_buy_quote_volume,ignore
1684540800000,0.4671,0.4683,0.4628,0.4641,134122091.0,1684555199999,62358332.57251,88565,65504855.4,30457560.94764,0
1684555200000,0.4642,0.4652,0.4614,0.4642,134904906.1,1684569599999,62512674.96966,76573,64233772.7,29770438.04112,0
1684569600000,0.4642,0.4694,0.4632,0.4669,132494410.7,1684583999999,61728684.00769,76005,69369118.9,32323784.80944,0
1684584000000,0.4668,0.4680,0.4651,0.4662,131530770.2,1684598399999,61402037.25187,77295,66802822.6,31187273.71982,0
1684598400000,0.4663,0.4691,0.4651,0.4675,122472575.8,1684612799999,57190595.61956,92534,60849881.7,28414143.06253,0
1684612800000,0.4676,0.4720,0.4664,0.4684,106291924.7,1684627199999,49846914.03381,82436,55842470.9,26191083.32091,0
