open_time,open,high,low,close,volume,close_time,quote_volume,count,taker_buy_volume,taker_buy_quote_volume,ignore
1672272000000,0.3557,0.3577,0.3421,0.3459,595826022.7,1672286399999,207549631.88284,179134,278613209.9,97042600.00580,0
1672286400000,0.3459,0.3483,0.3432,0.3466,264573967.4,1672300799999,91488515.12521,82918,132983642.0,45991621.10104,0
1672300800000,0.3467,0.3475,0.3428,0.3435,253691144.6,1672315199999,87701491.48854,80499,123773575.3,42793854.27429,0
1672315200000,0.3434,0.3471,0.3428,0.3456,230397974.8,1672329599999,79544660.18115,66804,119194736.6,41151919.53599,0
1672329600000,0.3456,0.3467,0.3426,0.3439,154894316.3,1672343999999,53411637.94076,51642,72674142.8,25063362.77636,0
1672344000000,0.3439,0.3443,0.3351,0.3420,449490260.5,1672358399999,152895668.64890,144766,216992040.6,73836110.03852,0
