open_time,open,high,low,close,volume,close_time,quote_volume,count,taker_buy_volume,taker_buy_quote_volume,ignore
1662249600000,0.3294,0.3310,0.3289,0.3301,52681799.2,1662263999999,17377611.34830,28313,26526219.7,8751164.18081,0
1662264000000,0.3301,0.3325,0.3285,0.3286,76261522.8,1662278399999,25207054.08188,37447,38252217.1,12646411.71580,0
1662278400000,0.3286,0.3311,0.3271,0.3310,76013467.9,1662292799999,25029374.20558,42842,37618449.2,12389601.72722,0
1662292800000,0.3310,0.3325,0.3286,0.3297,86583643.7,1662307199999,28592196.49203,47673,43403464.8,14333401.53844,0
1662307200000,0.3296,0.3320,0.3293,0.3306,63181336.7,1662321599999,20899046.39525,36041,31822321.7,10526906.81930,0
1662321600000,0.3305,0.3322,0.3293,0.3315,64307841.6,1662335999999,21280606.78011,32971,31068344.5,10282226.17082,0
