open_time,open,high,low,close,volume,close_time,quote_volume,count,taker_buy_volume,taker_buy_quote_volume,ignore
1745366400000,148.76621053,149.45463158,147.15168421,149.23431579,0,1745380799999,0,14400,0,0,0
1745380800000,149.23431579,152.26710526,148.58955263,151.59373684,0,1745395199999,0,14400,0,0,0
1745395200000,151.59294737,153.71790625,151.01621875,152.09356250,0,1745409599999,0,14399,0,0,0
1745409600000,152.09384375,154.11987500,148.72750000,151.39906250,0,1745423999999,0,14400,0,0,0
1745424000000,151.40418750,152.47287500,148.94365625,150.18478125,0,1745438399999,0,14400,0,0,0
1745438400000,150.17896875,151.81315625,149.83581250,151.15140625,0,1745452799999,0,14400,0,0,0
