open_time,open,high,low,close,volume,close_time,quote_volume,count,taker_buy_volume,taker_buy_quote_volume,ignore
1678492800000,18.17758114,18.85191609,18.04985559,18.17860971,0,1678507199999,0,14400,0,0,0
1678507200000,18.17854754,18.26910056,16.97592669,17.07021992,0,1678521599999,0,14400,0,0,0
1678521600000,17.07099200,17.74648992,16.94684485,17.40476486,0,1678535999999,0,14400,0,0,0
1678536000000,17.40002808,17.51898595,17.07574747,17.14305971,0,1678550399999,0,14400,0,0,0
1678550400000,17.14315713,17.95138232,17.00882842,17.94257691,0,1678564799999,0,14400,0,0,0
1678564800000,17.94246009,18.19709645,17.84405830,18.06912347,0,1678579199999,0,14400,0,0,0
