open_time,open,high,low,close,volume,close_time,quote_volume,count,taker_buy_volume,taker_buy_quote_volume,ignore
1689033600000,21.29973325,21.79187558,21.21149578,21.73967505,0,1689047999999,0,14400,0,0,0
1689048000000,21.73967405,22.23925604,21.70367076,22.10587619,0,1689062399999,0,14400,0,0,0
1689062400000,22.10587619,22.14825037,21.83855749,22.05980009,0,1689076799999,0,14400,0,0,0
1689076800000,22.05779529,22.35146923,21.87811046,22.13738403,0,1689091199999,0,14400,0,0,0
1689091200000,22.13740976,22.17968610,21.90259138,21.97504658,0,1689105599999,0,14400,0,0,0
1689105600000,21.97504558,22.10068798,21.75202088,22.06941763,0,1689119999999,0,14400,0,0,0
