open_time,open,high,low,close,volume,close_time,quote_volume,count,taker_buy_volume,taker_buy_quote_volume,ignore
1680566400000,20.45032274,20.56666915,20.29232294,20.41709240,0,1680580799999,0,14400,0,0,0
1680580800000,20.41809372,20.64031397,20.33155670,20.52052436,0,1680595199999,0,14398,0,0,0
1680595200000,20.52052436,20.99711305,20.47033016,20.97081889,0,1680609599999,0,14395,0,0,0
1680609600000,20.97030026,21.24825126,20.68763085,20.86362523,0,1680623999999,0,14400,0,0,0
1680624000000,20.86317304,21.00892719,20.75649856,20.94372932,0,1680638399999,0,14400,0,0,0
1680638400000,20.94375583,21.07490823,20.83160016,20.91832508,0,1680652799999,0,14400,0,0,0
