open_time,open,high,low,close,volume,close_time,quote_volume,count,taker_buy_volume,taker_buy_quote_volume,ignore
1737763200000,253.38049730,253.67129982,248.15216605,252.75180519,0,1737777599999,0,14400,0,0,0
1737777600000,252.74369901,252.74765285,246.51274017,247.26557530,0,1737791999999,0,14400,0,0,0
1737792000000,247.27662160,250.69682025,246.35840844,249.96984614,0,1737806399999,0,14400,0,0,0
1737806400000,249.97702653,254.62670750,248.26793878,253.66833450,0,1737820799999,0,14400,0,0,0
1737820800000,253.68077574,260.75911994,253.11882443,258.49097814,0,1737835199999,0,14400,0,0,0
1737835200000,258.49411705,259.72623476,255.61400779,256.41220221,0,1737849599999,0,14400,0,0,0
