open_time,open,high,low,close,volume,close_time,quote_volume,count,taker_buy_volume,taker_buy_quote_volume,ignore
1706140800000,88.77249239,89.62088344,87.71723359,88.33909575,0,1706155199999,0,14400,0,0,0
1706155200000,88.34348599,88.64233652,86.74403343,88.20967688,0,1706169599999,0,14400,0,0,0
1706169600000,88.20480205,89.27956599,86.57219188,89.01939752,0,1706183999999,0,14399,0,0,0
1706184000000,89.01866581,89.30225568,86.03085229,86.42408080,0,1706198399999,0,14400,0,0,0
1706198400000,86.41605641,88.15734112,85.11866162,87.74217164,0,1706212799999,0,14400,0,0,0
1706212800000,87.74768865,87.80840902,86.47375670,86.90807694,0,1706227199999,0,14400,0,0,0
