open_time,open,high,low,close,volume,close_time,quote_volume,count,taker_buy_volume,taker_buy_quote_volume,ignore
1715385600000,146.02813463,147.67333964,143.42075561,143.65544575,0,1715399999999,0,14400,0,0,0
1715400000000,143.64471750,146.40039318,143.56270680,145.77049859,0,1715414399999,0,14400,0,0,0
1715414400000,145.77049859,145.83015026,143.18149521,144.25265835,0,1715428799999,0,14400,0,0,0
1715428800000,144.24733000,146.98447593,143.88942870,145.63745441,0,1715443199999,0,14400,0,0,0
1715443200000,145.64232898,146.70347614,144.89803785,146.43477552,0,1715457599999,0,14400,0,0,0
1715457600000,146.43965007,146.52205440,145.10986140,145.41769047,0,1715471999999,0,14400,0,0,0
