open_time,open,high,low,close,volume,close_time,quote_volume,count,taker_buy_volume,taker_buy_quote_volume,ignore
1682812800000,23.18329026,23.19900456,22.97553872,23.14900868,0,1682827199999,0,14400,0,0,0
1682827200000,23.14903800,23.48595566,23.07520750,23.42033540,0,1682841599999,0,14400,0,0,0
1682841600000,23.42058723,23.73574889,23.42058723,23.48888391,0,1682855999999,0,14400,0,0,0
1682856000000,23.48888513,23.97793943,23.33524796,23.67176646,0,1682870399999,0,14400,0,0,0
1682870400000,23.67161646,23.87317402,23.04807427,23.18318793,0,1682884799999,0,14400,0,0,0
1682884800000,23.18328512,23.21518018,22.69392011,22.72480727,0,1682899199999,0,14400,0,0,0
