open_time,open,high,low,close,volume,close_time,quote_volume,count,taker_buy_volume,taker_buy_quote_volume,ignore
1705708800000,93.62831632,94.20891735,92.05508588,93.60499544,0,1705723199999,0,14400,0,0,0
1705723200000,93.60011739,93.66979256,91.81339088,91.89085081,0,1705737599999,0,14400,0,0,0
1705737600000,91.89304593,92.31069203,91.12932774,91.98749542,0,1705751999999,0,14400,0,0,0
1705752000000,91.98749542,92.22488491,90.25817003,90.85343223,0,1705766399999,0,14400,0,0,0
1705766400000,90.84721413,92.56504301,90.75712185,92.01959178,0,1705780799999,0,14400,0,0,0
1705780800000,92.01471050,93.41540905,91.80193747,92.86511115,0,1705795199999,0,14400,0,0,0
