open_time,open,high,low,close,volume,close_time,quote_volume,count,taker_buy_volume,taker_buy_quote_volume,ignore
1701907200000,61.84721567,63.96570519,61.64063864,62.91478609,0,1701921599999,0,14400,0,0,0
1701921600000,62.91478402,63.82044199,62.85175500,63.37609743,0,1701935999999,0,14400,0,0,0
1701936000000,63.37609743,64.26618230,61.83173976,64.19434193,0,1701950399999,0,14400,0,0,0
1701950400000,64.19217111,66.16187649,63.64524868,65.80568917,0,1701964799999,0,14400,0,0,0
1701964800000,65.81470907,67.46668865,64.53991812,64.75639958,0,1701979199999,0,14400,0,0,0
1701979200000,64.76073692,69.34312120,64.64682861,67.75761387,0,1701993599999,0,14400,0,0,0
