open_time,open,high,low,close,volume,close_time,quote_volume,count,taker_buy_volume,taker_buy_quote_volume,ignore
1728086400000,143.21993304,144.01048595,141.71925320,141.83758595,0,1728100799999,0,14400,0,0,0
1728100800000,141.82636308,144.52222997,141.58386418,143.81985238,0,1728115199999,0,14400,0,0,0
1728115200000,143.81497433,144.90711683,143.32326589,143.44239639,0,1728129599999,0,14400,0,0,0
1728129600000,143.44092960,144.14345170,142.52774560,142.90568442,0,1728143999999,0,14400,0,0,0
1728144000000,142.90568778,143.00427385,142.02098575,142.17103651,0,1728158399999,0,14400,0,0,0
1728158400000,142.17103987,142.96911976,141.07387154,142.59762456,0,1728172799999,0,14400,0,0,0
