open_time,open,high,low,close,volume,close_time,quote_volume,count,taker_buy_volume,taker_buy_quote_volume,ignore
1694563200000,17.91828629,18.17814671,17.78546661,17.83041737,0,1694577599999,0,14400,0,0,0
1694577600000,17.83041641,18.54263512,17.70067520,17.88646012,0,1694591999999,0,14400,0,0,0
1694592000000,17.88646012,18.28838985,17.86232494,18.18134135,0,1694606399999,0,14400,0,0,0
1694606400000,18.18092394,18.53161080,17.96979611,18.35846863,0,1694620799999,0,14400,0,0,0
1694620800000,18.35846863,18.53460968,17.89809935,18.35412650,0,1694635199999,0,14400,0,0,0
1694635200000,18.35412650,18.50298201,18.25727470,18.39490481,0,1694649599999,0,14400,0,0,0
