open_time,open,high,low,close,volume,close_time,quote_volume,count,taker_buy_volume,taker_buy_quote_volume,ignore
1724112000000,144.27605944,147.82306291,143.45029877,145.57423261,0,1724126399999,0,14400,0,0,0
1724126400000,145.57910715,148.75453295,145.41199324,147.45246096,0,1724140799999,0,14400,0,0,0
1724140800000,147.46587914,147.69930316,145.20469509,145.40239272,0,1724155199999,0,14400,0,0,0
1724155200000,145.40239272,146.41406983,141.00902312,142.15926359,0,1724169599999,0,14400,0,0,0
1724169600000,142.15852835,144.28747361,141.70514495,144.00231605,0,1724183999999,0,14400,0,0,0
1724184000000,144.00597105,144.49441364,142.24296512,142.26956640,0,1724198399999,0,14400,0,0,0
