open_time,open,high,low,close,volume,close_time,quote_volume,count,taker_buy_volume,taker_buy_quote_volume,ignore
1736208000000,218.23098507,219.09360193,216.27524656,217.35472425,0,1736222399999,0,14400,0,0,0
1736222400000,217.35406845,217.45669309,215.51191289,216.04993105,0,1736236799999,0,14400,0,0,0
1736236800000,216.05097353,216.77224189,212.93139291,214.05779829,0,1736251199999,0,14400,0,0,0
1736251200000,214.06524394,214.33293070,205.47878461,207.80477460,0,1736265599999,0,14400,0,0,0
1736265600000,207.79445648,209.07795473,203.63125500,204.55537030,0,1736279999999,0,14400,0,0,0
1736280000000,204.55224658,204.94330091,201.86629639,202.17054813,0,1736294399999,0,14400,0,0,0
