open_time,open,high,low,close,volume,close_time,quote_volume,count,taker_buy_volume,taker_buy_quote_volume,ignore
1660348800000,45.45520301,47.72766314,45.28226206,47.42537858,0,1660363199999,0,14400,0,0,0
1660363200000,47.42071335,48.34323125,46.92627071,47.15590178,0,1660377599999,0,14400,0,0,0
1660377600000,47.15571237,47.74061069,46.40606326,46.72027667,0,1660391999999,0,14400,0,0,0
1660392000000,46.72059220,47.08953769,46.05359543,46.26729789,0,1660406399999,0,14400,0,0,0
1660406400000,46.25551946,46.76929885,46.07810615,46.32351058,0,1660420799999,0,14400,0,0,0
1660420800000,46.32333172,47.34322443,46.21081633,46.58365121,0,1660435199999,0,14400,0,0,0
