open_time,open,high,low,close,volume,close_time,quote_volume,count,taker_buy_volume,taker_buy_quote_volume,ignore
1708473600000,108.31290579,108.37916337,106.42171474,106.62253664,0,1708487999999,0,14400,0,0,0
1708488000000,106.62107023,107.03731073,104.50845832,104.84651736,0,1708502399999,0,14400,0,0,0
1708502400000,104.84651439,105.58341466,102.29830314,102.75381663,0,1708516799999,0,14400,0,0,0
1708516800000,102.75385533,104.35496766,101.04093730,103.85409104,0,1708531199999,0,14400,0,0,0
1708531200000,103.85409401,104.48418388,100.24584898,102.02388494,0,1708545599999,0,14400,0,0,0
1708545600000,102.03283546,105.65767649,101.40052419,105.04992560,0,1708559999999,0,14400,0,0,0
