open_time,open,high,low,close,volume,close_time,quote_volume,count,taker_buy_volume,taker_buy_quote_volume,ignore
1701820800000,61.02387218,64.45154266,61.02387218,64.35025173,0,1701835199999,0,14400,0,0,0
1701835200000,64.35025173,64.64412553,62.59838847,63.37191816,0,1701849599999,0,14400,0,0,0
1701849600000,63.37035548,66.62434429,62.01137186,63.04434453,0,1701863999999,0,14400,0,0,0
1701864000000,63.04289875,63.72412103,62.38671019,62.61797018,0,1701878399999,0,14400,0,0,0
1701878400000,62.61776745,64.43549236,62.50023457,64.41493213,0,1701892799999,0,14400,0,0,0
1701892800000,64.41493213,64.57320318,61.55571138,61.83613134,0,1701907199999,0,14400,0,0,0
