open_time,open,high,low,close,volume,close_time,quote_volume,count,taker_buy_volume,taker_buy_quote_volume,ignore
1693526400000,19.73447871,19.92199254,19.70259012,19.88739357,0,1693540799999,0,14400,0,0,0
1693540800000,19.88739357,19.92658311,19.77431191,19.79890365,0,1693555199999,0,14400,0,0,0
1693555200000,19.79890365,19.90492188,19.73377499,19.84488594,0,1693569599999,0,14400,0,0,0
1693569600000,19.84488700,19.92252162,19.29544225,19.39936184,0,1693583999999,0,14400,0,0,0
1693584000000,19.39936289,19.55475827,19.03762569,19.27529985,0,1693598399999,0,14400,0,0,0
1693598400000,19.27536804,19.50846053,19.21812941,19.32720681,0,1693612799999,0,14400,0,0,0
