open_time,open,high,low,close,volume,close_time,quote_volume,count,taker_buy_volume,taker_buy_quote_volume,ignore
1741910400000,123.37432554,125.46110497,122.99652212,124.48534758,0,1741924799999,0,14400,0,0,0
1741924800000,124.48967191,125.56862419,124.41526319,124.67938762,0,1741939199999,0,14400,0,0,0
1741939200000,124.67850924,126.57613378,124.62928684,126.16140673,0,1741953599999,0,14400,0,0,0
1741953600000,126.16129986,133.54124881,125.46062595,132.12137427,0,1741967999999,0,14400,0,0,0
1741968000000,132.11637330,134.69506661,130.91015932,134.28386508,0,1741982399999,0,14400,0,0,0
1741982400000,134.27928546,135.96530800,132.34738176,133.50023954,0,1741996799999,0,14400,0,0,0
