open_time,open,high,low,close,volume,close_time,quote_volume,count,taker_buy_volume,taker_buy_quote_volume,ignore
1716940800000,168.68953182,172.51149594,167.47129582,172.28878707,0,1716955199999,0,14400,0,0,0
1716955200000,172.29366512,173.88959926,170.80025322,170.81420252,0,1716969599999,0,14400,0,0,0
1716969600000,170.80961638,171.03889111,167.63200820,168.30057127,0,1716983999999,0,14400,0,0,0
1716984000000,168.29441313,169.93201240,167.19504018,168.58648925,0,1716998399999,0,14400,0,0,0
1716998400000,168.58795267,171.78940274,167.63605953,169.40282055,0,1717012799999,0,14400,0,0,0
1717012800000,169.41086933,169.93731801,167.89261049,168.32219392,0,1717027199999,0,14400,0,0,0
