open_time,open,high,low,close,volume,close_time,quote_volume,count,taker_buy_volume,taker_buy_quote_volume,ignore
1716681600000,168.35801565,168.39802205,164.96334299,166.26764682,0,1716695999999,0,14400,0,0,0
1716696000000,166.26350048,166.98268296,164.74524381,165.35464589,0,1716710399999,0,14400,0,0,0
1716710400000,165.34972822,165.59182904,162.30604591,163.98504519,0,1716724799999,0,14400,0,0,0
1716724800000,163.99796855,165.80476372,162.47464243,162.84443849,0,1716739199999,0,14400,0,0,0
1716739200000,162.84443849,163.47370151,161.19861286,162.70493313,0,1716753599999,0,14400,0,0,0
1716753600000,162.70493313,164.14618191,161.07082975,163.41724659,0,1716767999999,0,14400,0,0,0
