open_time,open,high,low,close,volume,close_time,quote_volume,count,taker_buy_volume,taker_buy_quote_volume,ignore
1702339200000,70.25241670,72.40680368,70.24621150,71.18279943,0,1702353599999,0,14400,0,0,0
1702353600000,71.18279697,71.76770451,69.63120963,71.76770451,0,1702367999999,0,14400,0,0,0
1702368000000,71.76478136,72.19169292,70.50613935,70.62878294,0,1702382399999,0,14400,0,0,0
1702382400000,70.62589137,71.74778895,68.24140336,68.44521840,0,1702396799999,0,14400,0,0,0
1702396800000,68.45003529,68.77439892,65.78475508,67.60240959,0,1702411199999,0,14400,0,0,0
1702411200000,67.60835477,69.08572720,66.93543848,68.58649125,0,1702425599999,0,14400,0,0,0
