open_time,open,high,low,close,volume,close_time,quote_volume,count,taker_buy_volume,taker_buy_quote_volume,ignore
1665532800000,30.80124157,31.12071549,30.67779401,30.93868273,0,1665547199999,0,14398,0,0,0
1665547200000,30.94262072,31.41847792,30.93484116,31.26177768,0,1665561599999,0,14400,0,0,0
1665561600000,31.25793316,31.53807866,31.15672338,31.24368523,0,1665575999999,0,14400,0,0,0
1665576000000,31.24362068,31.33860820,30.93741562,31.28853332,0,1665590399999,0,14400,0,0,0
1665590400000,31.28704325,31.29095470,30.86391182,31.12257549,0,1665604799999,0,14400,0,0,0
1665604800000,31.11735959,31.27539345,31.09196614,31.15792817,0,1665619199999,0,14400,0,0,0
