open_time,open,high,low,close,volume,close_time,quote_volume,count,taker_buy_volume,taker_buy_quote_volume,ignore
1710806400000,195.88694747,198.61186066,180.27904608,184.30051095,0,1710820799999,0,14400,0,0,0
1710820800000,184.29936051,188.99249242,179.30158829,186.13202880,0,1710835199999,0,14400,0,0,0
1710835200000,186.13217935,186.15583789,170.94976803,177.79814478,0,1710849599999,0,14399,0,0,0
1710849600000,177.83038868,185.81180129,174.74151725,182.93052064,0,1710863999999,0,14400,0,0,0
1710864000000,182.96125234,186.28604252,180.01512789,181.45797922,0,1710878399999,0,14400,0,0,0
1710878400000,181.47242427,181.91464436,166.10198275,169.86636115,0,1710892799999,0,14400,0,0,0
