open_time,open,high,low,close,volume,close_time,quote_volume,count,taker_buy_volume,taker_buy_quote_volume,ignore
1690934400000,24.04955830,24.27603939,23.64915028,23.66483124,0,1690948799999,0,14400,0,0,0
1690948800000,23.66483124,23.80855687,23.59379334,23.63705468,0,1690963199999,0,14400,0,0,0
1690963200000,23.63705357,23.71488596,23.44673468,23.67968431,0,1690977599999,0,14400,0,0,0
1690977600000,23.67976106,23.71635751,23.12144488,23.26913960,0,1690991999999,0,14400,0,0,0
1690992000000,23.26285615,23.33084484,22.87690359,23.18441794,0,1691006399999,0,14400,0,0,0
1691006400000,23.18444488,23.32548625,23.01457771,23.15044458,0,1691020799999,0,14400,0,0,0
