open_time,open,high,low,close,volume,close_time,quote_volume,count,taker_buy_volume,taker_buy_quote_volume,ignore
1733097600000,236.78950461,238.15632088,228.11073341,228.47942370,0,1733111999999,0,14400,0,0,0
1733112000000,228.48015541,230.28792408,225.97708090,228.61502439,0,1733126399999,0,14400,0,0,0
1733126400000,228.61502091,228.77234709,222.95924549,224.78141589,0,1733140799999,0,14400,0,0,0
1733140800000,224.78512667,229.57606429,221.75831714,229.28070842,0,1733155199999,0,14400,0,0,0
1733155200000,229.19849259,229.86186528,220.13773588,223.90454837,0,1733169599999,0,14400,0,0,0
1733169600000,223.93808293,225.85815886,221.31266259,225.75228977,0,1733183999999,0,14400,0,0,0
