open_time,open,high,low,close,volume,close_time,quote_volume,count,taker_buy_volume,taker_buy_quote_volume,ignore
1713571200000,142.47599783,143.51888596,139.72458112,142.38874611,0,1713585599999,0,14400,0,0,0
1713585600000,142.39094123,144.98672087,141.63119817,143.48938992,0,1713599999999,0,14400,0,0,0
1713600000000,143.50426797,143.55781053,140.10237641,141.53633058,0,1713614399999,0,14400,0,0,0
1713614400000,141.54194033,147.41620894,140.99100010,147.19795127,0,1713628799999,0,14400,0,0,0
1713628800000,147.19731380,151.81684696,146.35681308,151.20448804,0,1713643199999,0,14400,0,0,0
1713643200000,151.20521974,152.32847149,149.14750673,151.24167475,0,1713657599999,0,14400,0,0,0
