open_time,open,high,low,close,volume,close_time,quote_volume,count,taker_buy_volume,taker_buy_quote_volume,ignore
1711843200000,194.19260214,197.25242977,193.73231464,194.31086720,0,1711857599999,0,14400,0,0,0
1711857600000,194.30320744,197.21187512,194.01512668,196.74787023,0,1711871999999,0,14400,0,0,0
1711872000000,196.74640682,197.17390051,195.46271309,195.82339256,0,1711886399999,0,14400,0,0,0
1711886400000,195.81486005,197.63561853,195.53290566,195.67625554,0,1711900799999,0,14400,0,0,0
1711900800000,195.66645066,200.94135829,195.51596371,200.16839320,0,1711915199999,0,14400,0,0,0
1711915200000,200.16399883,203.12147883,198.50035954,202.47813679,0,1711929599999,0,14400,0,0,0
