open_time,open,high,low,close,volume,close_time,quote_volume,count,taker_buy_volume,taker_buy_quote_volume,ignore
1738022400000,234.91337597,237.77606752,233.07207695,236.70585284,0,1738036799999,0,14400,0,0,0
1738036800000,236.70910865,243.91720723,236.69858565,238.84527119,0,1738051199999,0,14400,0,0,0
1738051200000,238.75899210,239.66042464,235.52037023,238.27181498,0,1738065599999,0,14400,0,0,0
1738065600000,238.26703335,240.06722395,233.79334912,237.48027664,0,1738079999999,0,14400,0,0,0
1738080000000,237.47917233,237.75418195,230.33075602,232.14476691,0,1738094399999,0,14400,0,0,0
1738094400000,232.16313947,232.58427410,225.11747449,227.05060858,0,1738108799999,0,14400,0,0,0
