open_time,open,high,low,close,volume,close_time,quote_volume,count,taker_buy_volume,taker_buy_quote_volume,ignore
1728950400000,157.56333280,158.25864691,155.26253467,155.45800335,0,1728964799999,0,14400,0,0,0
1728964800000,155.46217408,156.33201590,153.74832146,155.12107677,0,1728979199999,0,14400,0,0,0
1728979200000,155.11620218,155.49846435,151.83139780,152.36681905,0,1728993599999,0,14400,0,0,0
1728993600000,152.36722780,159.50248360,150.43468173,153.29995748,0,1729007999999,0,14399,0,0,0
1729008000000,153.29727115,156.28729522,153.12117647,155.17766395,0,1729022399999,0,14400,0,0,0
1729022400000,155.18939695,155.25988933,152.36238712,154.76637390,0,1729036799999,0,14400,0,0,0
