open_time,open,high,low,close,volume,close_time,quote_volume,count,taker_buy_volume,taker_buy_quote_volume,ignore
1690329600000,23.27219381,23.68280794,23.17797345,23.51816365,0,1690343999999,0,14400,0,0,0
1690344000000,23.51823454,23.61563895,23.37463723,23.47966378,0,1690358399999,0,14400,0,0,0
1690358400000,23.47952425,23.96508739,23.44382984,23.82945996,0,1690372799999,0,14400,0,0,0
1690372800000,23.82480766,24.98500645,23.81853903,24.91398527,0,1690387199999,0,14400,0,0,0
1690387200000,24.91406551,25.64586968,24.52380594,25.37040819,0,1690401599999,0,14400,0,0,0
1690401600000,25.37080354,25.56347001,25.07685353,25.17375059,0,1690415999999,0,14400,0,0,0
