open_time,open,high,low,close,volume,close_time,quote_volume,count,taker_buy_volume,taker_buy_quote_volume,ignore
1661904000000,31.46052980,32.64254135,31.45634668,32.45158179,0,1661918399999,0,14400,0,0,0
1661918400000,32.45157295,32.87532683,32.19691733,32.31279869,0,1661932799999,0,14399,0,0,0
1661932800000,32.31246190,32.80227775,31.94633771,32.58104752,0,1661947199999,0,14400,0,0,0
1661947200000,32.58115298,32.93995467,31.58092294,31.92937197,0,1661961599999,0,14400,0,0,0
1661961600000,31.92978231,32.34905799,31.45546678,32.11484234,0,1661975999999,0,14400,0,0,0
1661976000000,32.11053517,32.47268219,31.19581414,31.49319125,0,1661990399999,0,14400,0,0,0
