open_time,open,high,low,close,volume,close_time,quote_volume,count,taker_buy_volume,taker_buy_quote_volume,ignore
1677628800000,21.88468118,22.39804696,21.66168363,22.32572463,0,1677643199999,0,14400,0,0,0
1677643200000,22.32570784,22.66855516,22.30428301,22.58507286,0,1677657599999,0,14398,0,0,0
1677657600000,22.58535861,22.89856801,22.54927417,22.68063445,0,1677671999999,0,14400,0,0,0
1677672000000,22.68072340,22.85510576,22.53179032,22.65765399,0,1677686399999,0,14400,0,0,0
1677686400000,22.65731039,22.65947243,22.11714360,22.14447825,0,1677700799999,0,14400,0,0,0
1677700800000,22.14466926,22.54226994,22.10979335,22.50711245,0,1677715199999,0,14400,0,0,0
