open_time,open,high,low,close,volume,close_time,quote_volume,count,taker_buy_volume,taker_buy_quote_volume,ignore
1699833600000,56.27327200,59.35091599,55.12140611,57.04914403,0,1699847999999,0,14399,0,0,0
1699848000000,57.01355137,59.42715546,56.66027721,58.24329794,0,1699862399999,0,14400,0,0,0
1699862400000,58.24064678,59.59915637,56.49342929,57.01815300,0,1699876799999,0,14400,0,0,0
1699876800000,57.02899837,59.80980498,54.46366223,55.66574211,0,1699891199999,0,14400,0,0,0
1699891200000,55.64324671,56.88971473,52.55950452,54.64460075,0,1699905599999,0,14400,0,0,0
1699905600000,54.64737575,54.65783719,51.57257995,51.63216984,0,1699919999999,0,14400,0,0,0
