open_time,open,high,low,close,volume,close_time,quote_volume,count,taker_buy_volume,taker_buy_quote_volume,ignore
1720137600000,127.84254485,129.09399117,121.06289287,123.66144757,0,1720151999999,0,14400,0,0,0
1720152000000,123.66355980,127.65449240,121.23756264,126.74992834,0,1720166399999,0,14400,0,0,0
1720166400000,126.72425410,130.81013632,122.15530536,130.11811249,0,1720180799999,0,14400,0,0,0
1720180800000,130.11177102,134.94767731,128.41359835,134.91634810,0,1720195199999,0,14400,0,0,0
1720195200000,134.92199366,136.30031540,133.75598295,134.98697354,0,1720209599999,0,14400,0,0,0
1720209600000,134.99331501,135.76720580,133.96249052,134.31353732,0,1720223999999,0,14400,0,0,0
