open_time,open,high,low,close,volume,close_time,quote_volume,count,taker_buy_volume,taker_buy_quote_volume,ignore
1693440000000,20.81891323,20.81927081,20.61447739,20.64154758,0,1693454399999,0,14400,0,0,0
1693454400000,20.64190333,20.84519700,20.63443396,20.77554877,0,1693468799999,0,14400,0,0,0
1693468800000,20.77554771,21.04786976,20.67851139,20.89276418,0,1693483199999,0,14400,0,0,0
1693483200000,20.88811302,20.89393410,20.23451795,20.33238927,0,1693497599999,0,14400,0,0,0
1693497600000,20.33233748,20.33233748,19.45846575,19.83187944,0,1693511999999,0,14400,0,0,0
1693512000000,19.83146389,19.83867050,19.45509977,19.73445683,0,1693526399999,0,14400,0,0,0
