open_time,open,high,low,close,volume,close_time,quote_volume,count,taker_buy_volume,taker_buy_quote_volume,ignore
1731628800000,209.56371941,212.86898036,208.07037284,209.04985572,0,1731643199999,0,14400,0,0,0
1731643200000,209.05058742,210.65584735,204.52439727,209.18580593,0,1731657599999,0,14400,0,0,0
1731657600000,209.18433902,213.86711660,207.86135497,213.58925300,0,1731671999999,0,14400,0,0,0
1731672000000,213.58925300,215.32170319,206.77005065,208.31127930,0,1731686399999,0,14400,0,0,0
1731686400000,208.32929382,213.48911447,208.08404976,212.39848173,0,1731700799999,0,14400,0,0,0
1731700800000,212.35612802,220.40340733,212.29728102,218.44809404,0,1731715199999,0,14400,0,0,0
