open_time,open,high,low,close,volume,close_time,quote_volume,count,taker_buy_volume,taker_buy_quote_volume,ignore
1729641600000,167.59088981,167.92343230,164.57270119,165.51022547,0,1729655999999,0,14400,0,0,0
1729656000000,165.50949376,166.43050993,164.35325683,165.73125567,0,1729670399999,0,14400,0,0,0
1729670400000,165.72906055,166.91004631,164.17503726,166.39165772,0,1729684799999,0,14400,0,0,0
1729684800000,166.40092968,169.40915482,164.99957634,168.12589315,0,1729699199999,0,14400,0,0,0
1729699200000,168.12596632,173.64848093,164.74815597,172.97772269,0,1729713599999,0,14400,0,0,0
1729713600000,172.98113733,174.24609662,170.05107055,170.83565000,0,1729727999999,0,14400,0,0,0
