open_time,open,high,low,close,volume,close_time,quote_volume,count,taker_buy_volume,taker_buy_quote_volume,ignore
1721779200000,173.00762296,174.46282230,170.99893800,173.65499038,0,1721793599999,0,14400,0,0,0
1721793600000,173.65499038,174.55496741,172.23160476,174.24336482,0,1721807999999,0,14400,0,0,0
1721808000000,174.24263312,178.43931756,173.67811145,177.77444398,0,1721822399999,0,14400,0,0,0
1721822400000,177.77176105,181.86797039,176.24144267,177.79074037,0,1721836799999,0,14400,0,0,0
1721836800000,177.79122818,182.43394273,176.48071611,178.13893695,0,1721851199999,0,14400,0,0,0
1721851200000,178.16649298,180.26930853,175.64816731,178.06024090,0,1721865599999,0,14400,0,0,0
