open_time,open,high,low,close,volume,close_time,quote_volume,count,taker_buy_volume,taker_buy_quote_volume,ignore
1703462400000,112.45616003,113.03256931,108.04614234,111.99402293,0,1703476799999,0,14400,0,0,0
1703476800000,112.01792158,114.42815313,111.57498225,112.93013127,0,1703491199999,0,14400,0,0,0
1703491200000,112.92524940,113.61484026,109.85952512,111.80024036,0,1703505599999,0,14400,0,0,0
1703505600000,111.77975255,123.94678870,110.35453790,123.18279539,0,1703519999999,0,14400,0,0,0
1703520000000,123.15021180,126.23133524,121.03324400,121.33017974,0,1703534399999,0,14400,0,0,0
1703534400000,121.30530169,121.76869898,116.55516151,120.89095382,0,1703548799999,0,14400,0,0,0
