open_time,open,high,low,close,volume,close_time,quote_volume,count,taker_buy_volume,taker_buy_quote_volume,ignore
1673654400000,18.29146345,22.81469092,18.20049028,21.92769467,0,1673668799999,0,14400,0,0,0
1673668800000,21.92762731,24.67445053,21.79555239,23.55427255,0,1673683199999,0,14400,0,0,0
1673683200000,23.56387596,23.89961126,21.34756044,22.37993902,0,1673697599999,0,14400,0,0,0
1673697600000,22.37424525,23.51018313,21.86190329,22.33711013,0,1673711999999,0,14400,0,0,0
1673712000000,22.33131874,23.41870540,22.15052956,23.06663416,0,1673726399999,0,14400,0,0,0
1673726400000,23.05563753,24.75060235,22.55165102,24.24455055,0,1673740799999,0,14400,0,0,0
