open_time,open,high,low,close,volume,close_time,quote_volume,count,taker_buy_volume,taker_buy_quote_volume,ignore
1661472000000,301.010,301.500,297.400,299.240,193976.78,1661486399999,58097996.68147,97624,87948.66,26344772.86490,0
1661486400000,299.250,299.750,294.260,296.250,259532.13,1661500799999,76919450.05560,122632,122278.63,36242012.68000,0
1661500800000,296.250,296.700,290.680,293.510,235141.83,1661515199999,69132982.36643,117416,110951.39,32624119.93610,0
1661515200000,293.500,302.330,286.550,287.770,906034.07,1661529599999,266922447.48263,345271,451520.21,133059103.34024,0
1661529600000,287.770,288.180,282.360,285.040,360266.82,1661543999999,102791473.96029,170639,173319.44,49455248.85780,0
1661544000000,285.030,286.230,276.960,279.300,311626.69,1661558399999,87636994.27287,151005,143441.89,40347172.21710,0
