open_time,open,high,low,close,volume,close_time,quote_volume,count,taker_buy_volume,taker_buy_quote_volume,ignore
1739404800000,696.770,724.540,694.750,716.680,524538.20,1739419199999,373392244.48790,617625,266999.09,190050536.16860,0
1739419200000,716.760,721.530,700.000,705.660,370500.02,1739433599999,262766527.46910,455730,172339.42,122268006.40520,0
1739433600000,705.660,711.500,694.520,710.070,345490.02,1739447999999,243353895.21180,396949,174517.85,122947074.29890,0
1739448000000,710.090,730.950,683.960,703.780,1678756.44,1739462399999,1188456778.90560,1501122,845584.16,599027814.50400,0
1739462400000,703.770,707.190,659.300,667.230,1220069.04,1739476799999,826326240.60910,1169474,584339.93,395753487.43100,0
1739476800000,667.240,679.590,664.190,664.350,185804.94,1739491199999,124732469.76980,256321,92130.66,61871086.54330,0
