open_time,open,high,low,close,volume,close_time,quote_volume,count,taker_buy_volume,taker_buy_quote_volume,ignore
1740355200000,657.650,658.790,642.790,644.410,112920.67,1740369599999,73414927.58660,211775,47496.16,30878151.43790,0
1740369600000,644.420,646.210,636.720,644.210,134418.40,1740383999999,86293665.15140,224446,65092.01,41785619.38460,0
1740384000000,644.210,644.490,635.510,639.960,134094.73,1740398399999,85748125.99010,206013,63386.75,40531899.16160,0
1740398400000,639.950,643.650,630.230,635.090,171423.70,1740412799999,109179353.88620,279800,79901.96,50908545.57360,0
1740412800000,635.100,639.640,621.750,627.940,148520.72,1740427199999,93794384.53730,251640,67162.49,42442727.30200,0
1740427200000,627.940,634.530,610.000,614.060,303477.47,1740441599999,188653314.88140,435091,144854.61,90094653.44360,0
