open_time,open,high,low,close,volume,close_time,quote_volume,count,taker_buy_volume,taker_buy_quote_volume,ignore
1743033600000,617.730,626.410,616.730,626.260,95569.87,1743047999999,59487783.06150,126903,51447.38,32018187.95890,0
1743048000000,626.260,637.000,624.600,635.110,192416.88,1743062399999,121593829.31570,196550,93407.86,59027077.92810,0
1743062400000,635.110,642.000,631.380,631.770,517852.06,1743076799999,329463794.60750,406078,258636.84,164557214.51680,0
1743076800000,631.770,639.850,626.330,636.910,515001.24,1743091199999,325061270.09660,423082,269290.93,169950192.15520,0
1743091200000,636.910,641.000,634.980,639.390,176399.63,1743105599999,112565935.03990,196965,89702.36,57228926.25490,0
1743105600000,639.390,640.250,635.800,636.660,93655.67,1743119999999,59768205.14030,116843,44471.41,28379967.26410,0
