open_time,open,high,low,close,volume,close_time,quote_volume,count,taker_buy_volume,taker_buy_quote_volume,ignore
1710979200000,557.000,562.580,549.010,552.930,313828.92,1710993599999,174346405.02291,291731,153132.01,85097401.85237,0
1710993600000,552.990,555.380,541.110,550.270,257216.60,1711007999999,141299551.74560,286636,126392.48,69420819.21151,0
1711008000000,550.280,571.590,549.950,558.600,372921.53,1711022399999,209378314.74858,362474,183751.52,103167767.05521,0
1711022400000,558.610,566.020,553.840,558.730,253828.01,1711036799999,142327017.71674,278725,120446.88,67556672.18170,0
1711036800000,558.730,567.240,544.510,552.360,282235.73,1711051199999,156627730.87992,315937,136911.84,75993572.77117,0
1711051200000,552.350,558.750,546.740,554.130,136214.32,1711065599999,75522111.79604,178402,67377.73,37360390.03284,0
