open_time,open,high,low,close,volume,close_time,quote_volume,count,taker_buy_volume,taker_buy_quote_volume,ignore
1722038400000,581.040,585.440,577.860,583.330,74504.87,1722052799999,43324095.14640,75302,39562.83,23002767.55310,0
1722052800000,583.330,588.250,582.410,587.390,57038.39,1722067199999,33397151.63530,63438,30142.81,17651042.47840,0
1722067200000,587.390,589.200,586.080,587.310,38659.62,1722081599999,22718029.98030,61795,18115.76,10647182.78720,0
1722081600000,587.310,593.020,582.480,585.710,102785.68,1722095999999,60476317.65640,124646,51137.01,30097389.77540,0
1722096000000,585.700,586.520,580.900,584.770,81205.59,1722110399999,47406617.72780,103304,37624.21,21966096.06970,0
1722110400000,584.780,585.830,573.040,581.910,136419.21,1722124799999,79150133.52580,157217,65772.82,38162101.18990,0
