open_time,open,high,low,close,volume,close_time,quote_volume,count,taker_buy_volume,taker_buy_quote_volume,ignore
1728950400000,589.310,592.560,584.670,585.220,74806.51,1728964799999,44074026.02500,115863,32397.27,19090972.63320,0
1728964800000,585.230,587.520,581.160,585.030,63286.50,1728979199999,36985316.75130,102962,32296.09,18875938.41630,0
1728979200000,585.030,591.400,583.850,585.550,155798.10,1728993599999,91657240.28660,160439,71049.90,41780011.36670,0
1728993600000,585.640,600.340,577.730,589.600,409515.76,1729007999999,241703621.49560,457919,210517.78,124304800.72830,0
1729008000000,589.600,595.850,589.330,594.960,104302.62,1729022399999,61869961.97500,169613,52948.86,31409597.55040,0
1729022400000,594.960,595.180,587.320,594.890,88513.50,1729036799999,52344050.99720,130706,43266.31,25592388.13750,0
