open_time,open,high,low,close,volume,close_time,quote_volume,count,taker_buy_volume,taker_buy_quote_volume,ignore
1700524800000,253.260,268.400,252.550,262.950,875232.50,1700539199999,229733535.81940,443188,449644.77,117970664.72740,0
1700539200000,262.950,264.610,257.190,257.520,451719.53,1700553599999,117606176.95940,226819,210958.56,54936424.36680,0
1700553600000,257.520,261.350,257.320,258.970,251648.33,1700567999999,65363902.15880,156536,119369.67,31005114.07110,0
1700568000000,258.960,272.420,247.430,264.720,1905698.21,1700582399999,496384919.08540,966909,925687.19,241414555.21580,0
1700582400000,264.740,266.900,236.330,240.350,4227056.41,1700596799999,1053790755.75750,1941174,2029058.20,505943235.80070,0
1700596800000,240.380,248.400,224,225.660,1990727.78,1700611199999,467028986.45110,910432,963762.74,226402012.83520,0
