open_time,open,high,low,close,volume,close_time,quote_volume,count,taker_buy_volume,taker_buy_quote_volume,ignore
1690934400000,247.870,248.830,245.410,245.800,269589.50,1690948799999,66680532.90350,92157,127620.17,31576207.28600,0
1690948800000,245.790,246.180,244.350,244.700,157940.04,1690963199999,38737814.94640,54234,74318.37,18229122.13290,0
1690963200000,244.710,245.950,244.450,245.880,133789.73,1690977599999,32797999.39500,53054,70900.85,17381852.75370,0
1690977600000,245.880,246.210,242.280,243.190,275470.04,1690991999999,67227557.18365,108988,125588.45,30649524.88760,0
1690992000000,243.190,243.880,234.800,241.540,1040399.58,1691006399999,249100774.15317,318261,503075.85,120489024.60068,0
1691006400000,241.550,242.260,240.430,240.640,189384.96,1691020799999,45745752.89910,62080,91567.95,22116763.02330,0
