open_time,open,high,low,close,volume,close_time,quote_volume,count,taker_buy_volume,taker_buy_quote_volume,ignore
1685491200000,311.530,311.950,310.140,310.730,97692.00,1685505599999,30389753.13630,49956,50154.60,15602357.89160,0
1685505600000,310.720,310.780,305.500,306.980,325979.68,1685519999999,100199116.26244,142206,145394.87,44686363.81700,0
1685520000000,306.990,307.650,306.490,306.700,104636.57,1685534399999,32126752.60140,46651,52707.59,16182762.76680,0
1685534400000,306.700,307.540,305.090,305.490,179533.83,1685548799999,54997369.05670,75321,90565.26,27745268.52040,0
1685548800000,305.500,306.740,305.240,305.870,79589.96,1685563199999,24361199.55800,42039,37915.31,11604817.25760,0
1685563200000,305.870,307.290,305.350,306.900,65280.27,1685577599999,19989735.72030,34987,32520.36,9958767.82780,0
