open_time,open,high,low,close,volume,close_time,quote_volume,count,taker_buy_volume,taker_buy_quote_volume,ignore
1704585600000,307.200,308.180,304.710,306.150,97456.34,1704599999999,29877182.51250,74307,50041.42,15342968.98650,0
1704600000000,306.150,308.950,306.020,308.810,109589.81,1704614399999,33708408.18480,70566,55890.49,17192546.74000,0
1704614400000,308.810,309.410,305.140,305.780,148990.71,1704628799999,45743472.97240,93835,69505.93,21339164.83860,0
1704628800000,305.780,307.690,303.660,305.180,137333.25,1704643199999,42010490.09910,91213,64997.60,19884130.64470,0
1704643200000,305.160,306.300,302.120,306.070,154439.99,1704657599999,47017674.91190,92231,72568.68,22096942.54820,0
1704657600000,306.080,306.530,299.200,302.060,193929.04,1704671999999,58596820.18190,131258,92176.85,27854089.56160,0
