open_time,open,high,low,close,volume,close_time,quote_volume,count,taker_buy_volume,taker_buy_quote_volume,ignore
1679616000000,329.040,329.700,326.680,327.000,99422.23,1679630399999,32635054.55620,70225,50537.71,16590515.84620,0
1679630400000,327.000,327.370,324.570,324.640,158631.02,1679644799999,51673772.36720,92577,79135.70,25779646.18970,0
1679644800000,324.630,324.970,318.000,320.500,331536.69,1679659199999,106738782.68359,188865,165953.42,53425216.39190,0
1679659200000,320.500,324.080,318.800,320.750,419469.11,1679673599999,134933632.65980,231831,213584.80,68712682.81830,0
1679673600000,320.750,322.170,316.550,321.910,250746.32,1679687999999,80169792.39050,166380,130209.74,41638721.19820,0
1679688000000,321.910,322.780,318.300,321.800,149454.61,1679702399999,47944917.84690,119139,71756.74,23018691.68760,0
