open_time,open,high,low,close,volume,close_time,quote_volume,count,taker_buy_volume,taker_buy_quote_volume,ignore
1686268800000,261.960,263.000,257.430,260.180,400976.42,1686283199999,104320282.20190,150584,193255.12,50287140.80590,0
1686283200000,260.180,261.330,255.470,258.300,390586.59,1686297599999,100994934.44973,143576,190721.23,49324549.93490,0
1686297600000,258.300,261.580,257.400,260.730,368771.20,1686311999999,95766831.09560,138049,188505.69,48951115.11640,0
1686312000000,260.730,264.770,260.700,261.170,564325.81,1686326399999,148196854.67447,208339,284146.29,74627330.73947,0
1686326400000,261.170,262.930,259.160,259.200,332111.76,1686340799999,86800145.11770,130687,169402.55,44286162.17750,0
1686340800000,259.210,262.500,259.120,260.780,174251.78,1686355199999,45468259.79760,80767,88556.15,23107562.78250,0
