open_time,open,high,low,close,volume,close_time,quote_volume,count,taker_buy_volume,taker_buy_quote_volume,ignore
1674345600000,299.130,302.150,298.450,300.650,190808.29,1674359999999,57378347.66840,78302,91449.60,27505076.48910,0
1674360000000,300.660,302.850,300.260,302.410,114436.51,1674374399999,34548729.81860,49367,59261.43,17893852.35990,0
1674374400000,302.400,303.750,301.470,302.800,155879.19,1674388799999,47149073.75554,59781,74530.65,22547887.11914,0
1674388800000,302.800,307.660,301.010,303.500,387817.01,1674403199999,117970503.41638,158657,190798.17,58052525.41544,0
1674403200000,303.500,312.000,302.100,303.920,582518.17,1674417599999,178835711.82322,208813,285230.18,87616544.67181,0
1674417600000,303.920,304.110,298.500,303.190,357468.51,1674431999999,107789276.45515,157289,166372.27,50172556.95794,0
