open_time,open,high,low,close,volume,close_time,quote_volume,count,taker_buy_volume,taker_buy_quote_volume,ignore
1744243200000,582.130,582.260,571.690,575.050,129805.18,1744257599999,74908372.09600,158888,61446.50,35448135.28060,0
1744257600000,575.050,580.000,574.210,579.250,97862.62,1744271999999,56571227.40460,120006,47012.42,27176879.08430,0
1744272000000,579.260,583.440,573.510,574.960,318509.07,1744286399999,183928757.81660,255908,168845.19,97499367.63400,0
1744286400000,574.960,581.000,566.500,567.870,340861.36,1744300799999,195883689.10460,333125,185502.43,106613025.13690,0
1744300800000,567.860,576.610,565.980,574.690,132768.10,1744315199999,75887317.94330,204362,68258.32,39018898.59850,0
1744315200000,574.650,578.370,573.900,577.790,60109.00,1744329599999,34638149.21700,93497,29017.99,16723650.35100,0
