open_time,open,high,low,close,volume,close_time,quote_volume,count,taker_buy_volume,taker_buy_quote_volume,ignore
1735171200000,702.130,713.040,700.000,705.920,143023.64,1735185599999,100882424.96600,216178,73746.52,52029320.85500,0
1735185600000,705.910,720.240,701.920,706.320,260144.28,1735199999999,184761519.56520,299750,132088.04,93854627.58880,0
1735200000000,706.330,709.790,689.370,696.090,252526.86,1735214399999,175989789.30780,349823,124315.37,86604565.47190,0
1735214400000,696.080,696.130,681.650,691.080,274662.54,1735228799999,189182401.21970,359548,131071.08,90297606.10700,0
1735228800000,691.080,694.800,684.610,691.570,126968.85,1735243199999,87623018.62760,202055,66512.62,45893008.42190,0
1735243200000,691.570,694.450,685.040,688.750,103959.06,1735257599999,71640865.97690,154307,51523.40,35497094.67380,0
