open_time,open,high,low,close,volume,close_time,quote_volume,count,taker_buy_volume,taker_buy_quote_volume,ignore
1742428800000,618.020,628.000,616.700,624.420,237924.24,1742443199999,148141122.01310,271969,113230.01,70525095.26250,0
1742443200000,624.420,629.400,623.120,623.820,128642.67,1742457599999,80529008.44870,169974,60375.06,37797736.02250,0
1742457600000,623.820,637.300,620.100,625.070,672570.34,1742471999999,424052637.00460,589376,338247.44,213322534.60990,0
1742472000000,625.080,629.630,621.060,624.040,276623.66,1742486399999,173116429.12920,321054,142831.90,89393824.03020,0
1742486400000,624.030,627.980,616.020,626.670,165427.24,1742500799999,102785413.22270,204408,85537.29,53149247.45580,0
1742500800000,626.670,632.180,624.610,629.920,106479.62,1742515199999,67009609.39980,146245,51295.90,32284666.44480,0
