open_time,open,high,low,close,volume,close_time,quote_volume,count,taker_buy_volume,taker_buy_quote_volume,ignore
1670976000000,272.340,278.670,271.410,275.670,518644.80,1670990399999,142526919.66773,189369,266363.93,73220096.16473,0
1670990400000,275.670,276.610,273.500,274.540,497868.45,1671004799999,137021928.12218,151019,240936.45,66317454.06300,0
1671004800000,274.540,277.070,270.770,273.170,628554.61,1671019199999,172160283.23061,184716,308739.52,84561114.35240,0
1671019200000,273.170,274.440,269.040,272.170,793165.53,1671033599999,215417426.31710,248488,385749.82,104780812.41590,0
1671033600000,272.190,274.090,265.000,267.730,898454.92,1671047999999,243047973.70954,324980,436029.00,118019677.68430,0
1671048000000,267.760,268.940,265.500,267.700,411408.71,1671062399999,110013843.25530,133327,200862.76,53722606.77730,0
