open_time,open,high,low,close,volume,close_time,quote_volume,count,taker_buy_volume,taker_buy_quote_volume,ignore
1677283200000,23.07226110,23.16846246,23.05617695,23.13543638,0,1677286799999,0,3600,0,0,0
1677286800000,23.13534112,23.32065016,23.07840723,23.22408512,0,1677290399999,0,3600,0,0,0
1677290400000,23.22406672,23.30472789,22.93786320,23.00473320,0,1677293999999,0,3600,0,0,0
1677294000000,23.00456799,23.06115348,22.94043282,22.95078082,0,1677297599999,0,3600,0,0,0
1677297600000,22.95072176,23.04160504,22.88582291,23.01778594,0,1677301199999,0,3600,0,0,0
1677301200000,23.01770203,23.03749256,22.83680769,22.91054262,0,1677304799999,0,3600,0,0,0
1677304800000,22.91057829,23.16286804,22.91054754,23.14704120,0,1677308399999,0,3600,0,0,0
1677308400000,23.14711300,23.17628764,22.87802919,22.94001019,0,1677311999999,0,3600,0,0,0
1677312000000,22.93984022,23.03969857,22.84786107,22.86778320,0,1677315599999,0,3600,0,0,0
1677315600000,22.86829081,22.88543991,22.75358239,22.82183957,0,1677319199999,0,3600,0,0,0
1677319200000,22.82192322,22.86475296,22.62584744,22.65368500,0,1677322799999,0,3600,0,0,0
1677322800000,22.65972874,22.82907589,22.65588047,22.77777720,0,1677326399999,0,3600,0,0,0
1677326400000,22.77774108,22.79774881,22.06389620,22.46392837,0,1677329999999,0,3600,0,0,0
1677330000000,22.46419368,22.66643527,22.45546142,22.55237042,0,1677333599999,0,3600,0,0,0
1677333600000,22.55264145,22.61420288,22.44865927,22.48788014,0,1677337199999,0,3600,0,0,0
1677337200000,22.48777778,22.53802412,22.21968981,22.33264306,0,1677340799999,0,3600,0,0,0
1677340800000,22.33265138,22.50657469,22.22082281,22.26427785,0,1677344399999,0,3600,0,0,0
1677344400000,22.26367265,22.37459001,22.23830081,22.30594829,0,1677347999999,0,3600,0,0,0
1677348000000,22.30587644,22.31187169,21.85454759,21.91901071,0,1677351599999,0,3600,0,0,0
1677351600000,21.91904145,22.09711396,21.69845422,21.91509527,0,1677355199999,0,3600,0,0,0
1677355200000,21.91510489,21.92859260,21.43550829,21.67733540,0,1677358799999,0,3600,0,0,0
1677358800000,21.67729139,21.77775014,21.49474347,21.76862365,0,1677362399999,0,3600,0,0,0
1677362400000,21.76830478,22.27799549,21.72116160,22.22057953,0,1677365999999,0,3600,0,0,0
1677366000000,22.21510146,22.48234819,22.17272331,22.37562749,0,1677369599999,0,3600,0,0,0
