open_time,open,high,low,close,volume,close_time,quote_volume,count,taker_buy_volume,taker_buy_quote_volume,ignore
1703721600000,106.89830881,109.59371498,106.52270746,107.12349143,0,1703725199999,0,3600,0,0,0
1703725200000,107.10697955,107.88703581,104.56689013,105.07251617,0,1703728799999,0,3600,0,0,0
1703728800000,105.07397959,105.29268620,103.14996674,103.32322162,0,1703732399999,0,3600,0,0,0
1703732400000,103.32322162,104.70027731,103.28595267,104.39000100,0,1703735999999,0,3600,0,0,0
1703736000000,104.50098847,105.64392026,104.01517697,104.53854024,0,1703739599999,0,3600,0,0,0
1703739600000,104.56648552,105.59029660,104.22852218,105.12290300,0,1703743199999,0,3600,0,0,0
1703743200000,105.11912608,106.40691544,104.20372874,104.52434392,0,1703746799999,0,3600,0,0,0
1703746800000,104.53005564,106.35007267,102.33221873,105.87426689,0,1703750399999,0,3600,0,0,0
1703750400000,105.84780764,105.90967061,104.73024849,104.80038777,0,1703753999999,0,3600,0,0,0
1703754000000,104.80526581,105.55075364,103.19754749,104.24777068,0,1703757599999,0,3600,0,0,0
1703757600000,104.29142921,106.12002125,103.91755847,105.15847121,0,1703761199999,0,3600,0,0,0
1703761200000,105.15919935,105.83271148,104.47194818,104.82969043,0,1703764799999,0,3600,0,0,0
1703764800000,104.82481595,105.06299355,100.65614869,101.09081334,0,1703768399999,0,3599,0,0,0
1703768400000,101.10764117,102.42653368,99.13013266,101.01780495,0,1703771999999,0,3600,0,0,0
1703772000000,101.04341804,101.34847973,97.25443000,99.21499652,0,1703775599999,0,3600,0,0,0
1703775600000,99.23207309,100.78597872,98.95796861,99.72431206,0,1703779199999,0,3600,0,0,0
1703779200000,99.71504033,100.40634040,98.42865754,98.88890342,0,1703782799999,0,3600,0,0,0
1703782800000,98.89204976,100.71476845,98.64725690,99.94012721,0,1703786399999,0,3600,0,0,0
1703786400000,99.93793209,100.53134133,98.56456146,99.20532400,0,1703789999999,0,3600,0,0,0
1703790000000,99.21544596,101.61576818,99.02338868,101.07089638,0,1703793599999,0,3600,0,0,0
1703793600000,101.08699394,101.27247873,98.87327955,100.01606377,0,1703797199999,0,3600,0,0,0
1703797200000,100.03538084,101.55951341,99.67151433,100.57152401,0,1703800799999,0,3600,0,0,0
1703800800000,100.56567035,103.95029460,100.12193801,103.77377394,0,1703804399999,0,3600,0,0,0
1703804400000,103.75231052,103.89680142,101.77881151,101.79318403,0,1703807999999,0,3600,0,0,0
