open_time,open,high,low,close,volume,close_time,quote_volume,count,taker_buy_volume,taker_buy_quote_volume,ignore
1681084800000,20.28393753,20.34856353,20.26391737,20.28058355,0,1681088399999,0,3600,0,0,0
1681088400000,20.28058473,20.29729625,20.13563865,20.18026365,0,1681091999999,0,3600,0,0,0
1681092000000,20.18023598,20.26674544,20.17470200,20.24285683,0,1681095599999,0,3600,0,0,0
1681095600000,20.24248330,20.27926787,20.22191343,20.26218947,0,1681099199999,0,3600,0,0,0
1681099200000,20.26219065,20.29548308,20.20390296,20.21778608,0,1681102799999,0,3600,0,0,0
1681102800000,20.21844817,20.32750765,20.18124943,20.25211137,0,1681106399999,0,3600,0,0,0
1681106400000,20.25213994,20.26915187,20.24132032,20.24492566,0,1681109999999,0,3600,0,0,0
1681110000000,20.24509214,20.25715759,20.21225741,20.23208531,0,1681113599999,0,3600,0,0,0
1681113600000,20.23205757,20.32924802,20.22298485,20.26895115,0,1681117199999,0,3600,0,0,0
1681117200000,20.26895115,20.30079254,20.25329758,20.28335649,0,1681120799999,0,3600,0,0,0
1681120800000,20.29056176,20.35504057,20.29056176,20.33664596,0,1681124399999,0,3600,0,0,0
1681124400000,20.33664725,20.37728301,20.28146882,20.28614240,0,1681127999999,0,3598,0,0,0
1681128000000,20.28616772,20.29107571,20.20434554,20.21012962,0,1681131599999,0,3598,0,0,0
1681131600000,20.21010294,20.22950069,20.09261750,20.12641060,0,1681135199999,0,3600,0,0,0
1681135200000,20.12049007,20.20882218,20.08078111,20.16736024,0,1681138799999,0,3600,0,0,0
1681138800000,20.16733363,20.30451415,20.16262299,20.21780555,0,1681142399999,0,3600,0,0,0
1681142400000,20.21780447,20.53054484,20.17056654,20.47214523,0,1681145999999,0,3600,0,0,0
1681146000000,20.47259488,20.60317174,20.47259488,20.53031824,0,1681149599999,0,3600,0,0,0
1681149600000,20.52896663,20.65914759,20.52896663,20.65914759,0,1681153199999,0,3600,0,0,0
1681153200000,20.65913900,20.70941808,20.62376574,20.69101112,0,1681156799999,0,3600,0,0,0
1681156800000,20.69101112,20.73037031,20.53619617,20.56994037,0,1681160399999,0,3600,0,0,0
1681160400000,20.56993921,20.68853302,20.54369841,20.68290948,0,1681163999999,0,3600,0,0,0
1681164000000,20.68290948,20.93890862,20.68290948,20.84056198,0,1681167599999,0,3600,0,0,0
1681167600000,20.84056313,20.94952332,20.82280048,20.89251769,0,1681171199999,0,3600,0,0,0
