open_time,open,high,low,close,volume,close_time,quote_volume,count,taker_buy_volume,taker_buy_quote_volume,ignore
1702857600000,70.86931287,71.96429294,70.73563569,71.35739092,0,1702861199999,0,3600,0,0,0
1702861200000,71.36007384,71.80209467,69.72862550,69.73142505,0,1702864799999,0,3600,0,0,0
1702864800000,69.75195439,70.24087380,68.61408463,68.94039493,0,1702868399999,0,3600,0,0,0
1702868400000,68.94003965,69.99088921,68.71387311,69.93543287,0,1702871999999,0,3600,0,0,0
1702872000000,69.92909390,70.18352858,69.57292565,70.02896138,0,1702875599999,0,3600,0,0,0
1702875600000,70.02896138,70.15277637,69.46346195,69.51939048,0,1702879199999,0,3600,0,0,0
1702879200000,69.51451243,70.17753776,69.17626465,70.05452052,0,1702882799999,0,3600,0,0,0
1702882800000,70.04963999,70.07823062,68.71492922,68.93530818,0,1702886399999,0,3600,0,0,0
1702886400000,68.93530572,69.94196439,68.40043417,69.70677062,0,1702889999999,0,3600,0,0,0
1702890000000,69.70189257,69.76875791,68.08659888,68.65332452,0,1702893599999,0,3600,0,0,0
1702893600000,68.66019908,68.78208803,67.04477561,68.07031764,0,1702897199999,0,3600,0,0,0
1702897200000,68.07109899,68.97754771,67.95292412,68.96435598,0,1702900799999,0,3600,0,0,0
1702900800000,69.01481781,69.25920761,68.24594499,68.36664482,0,1702904399999,0,3600,0,0,0
1702904400000,68.36655568,70.85954751,68.24851078,70.52577082,0,1702907999999,0,3600,0,0,0
1702908000000,70.53064637,71.84071499,70.16412284,71.19093137,0,1702911599999,0,3600,0,0,0
1702911600000,71.19122405,71.31472732,70.23780026,70.73031336,0,1702915199999,0,3600,0,0,0
1702915200000,70.73104384,71.75524195,70.42846151,71.70203227,0,1702918799999,0,3600,0,0,0
1702918800000,71.70203227,72.16279368,71.19675801,71.38299517,0,1702922399999,0,3600,0,0,0
1702922400000,71.35470283,72.34076484,71.21049085,72.32939585,0,1702925999999,0,3600,0,0,0
1702926000000,72.33010363,72.68633343,72.02840598,72.37790940,0,1702929599999,0,3600,0,0,0
1702929600000,72.34393455,73.22381562,71.66267857,72.87809004,0,1702933199999,0,3600,0,0,0
1702933200000,72.87809004,75.45823948,72.87809004,74.90393929,0,1702936799999,0,3600,0,0,0
1702936800000,74.90393929,75.00748995,74.20207631,74.54542541,0,1702940399999,0,3600,0,0,0
1702940400000,74.54054736,74.93256635,74.10090380,74.41908569,0,1702943999999,0,3600,0,0,0
