open_time,open,high,low,close,volume,close_time,quote_volume,count,taker_buy_volume,taker_buy_quote_volume,ignore
1699142400000,42.40519696,42.56421899,41.72593751,41.87912012,0,1699145999999,0,3600,0,0,0
1699146000000,41.87910174,42.22427898,41.84265958,42.20554070,0,1699149599999,0,3600,0,0,0
1699149600000,42.20606514,42.83509989,42.14477288,42.67064029,0,1699153199999,0,3600,0,0,0
1699153200000,42.66598913,42.69801319,42.24427701,42.51892416,0,1699156799999,0,3600,0,0,0
1699156800000,42.51972160,42.53119198,41.85065068,42.07353933,0,1699160399999,0,3600,0,0,0
1699160400000,42.07326026,42.17820643,41.55801872,41.76537582,0,1699163999999,0,3600,0,0,0
1699164000000,41.76663164,41.94742209,41.46549585,41.54118871,0,1699167599999,0,3600,0,0,0
1699167600000,41.54328174,41.74418826,41.44995996,41.56646417,0,1699171199999,0,3600,0,0,0
1699171200000,41.56646252,41.71224776,41.12272868,41.18384145,0,1699174799999,0,3600,0,0,0
1699174800000,41.18849425,41.67935258,41.16512747,41.55278980,0,1699178399999,0,3600,0,0,0
1699178400000,41.55278980,41.61134167,41.29021999,41.60057080,0,1699181999999,0,3600,0,0,0
1699182000000,41.59536150,41.78913617,41.33066929,41.64698842,0,1699185599999,0,3600,0,0,0
1699185600000,41.64698676,41.85685221,41.46057067,41.68391997,0,1699189199999,0,3600,0,0,0
1699189200000,41.68857113,41.73136377,40.51620504,40.68871344,0,1699192799999,0,3600,0,0,0
1699192800000,40.69685669,41.15138366,40.61974125,41.02714212,0,1699196399999,0,3600,0,0,0
1699196400000,41.02719151,41.11083838,40.50406881,40.71974661,0,1699199999999,0,3600,0,0,0
1699200000000,40.71509708,41.12900184,40.63963540,41.03351160,0,1699203599999,0,3600,0,0,0
1699203600000,41.03374245,41.56157437,40.94388437,41.05742563,0,1699207199999,0,3600,0,0,0
1699207200000,41.05297327,41.13231130,40.70465766,40.79412388,0,1699210799999,0,3600,0,0,0
1699210800000,40.79482155,41.02843672,40.74367038,40.74879647,0,1699214399999,0,3600,0,0,0
1699214400000,40.74409952,41.12540362,40.73677441,40.89908509,0,1699217999999,0,3600,0,0,0
1699218000000,40.90445943,40.93254099,40.15553888,40.43175448,0,1699221599999,0,3600,0,0,0
1699221600000,40.43193244,41.01300689,40.41742175,40.93812836,0,1699225199999,0,3600,0,0,0
1699225200000,40.93830900,41.54138604,40.93830900,41.14994342,0,1699228799999,0,3600,0,0,0
