open_time,open,high,low,close,volume,close_time,quote_volume,count,taker_buy_volume,taker_buy_quote_volume,ignore
1708041600000,113.51338146,113.69188941,112.21233320,113.30022324,0,1708045199999,0,3600,0,0,0
1708045200000,113.30022324,113.55131168,112.45568279,113.44528237,0,1708048799999,0,3600,0,0,0
1708048800000,113.42226662,114.10547048,112.96658132,114.02626390,0,1708052399999,0,3600,0,0,0
1708052400000,114.02626710,114.23646900,113.43815985,113.84892534,0,1708055999999,0,3600,0,0,0
1708056000000,113.84739518,113.96630418,113.08345517,113.28754452,0,1708059599999,0,3600,0,0,0
1708059600000,113.28754770,113.36121258,112.90908931,113.13083287,0,1708063199999,0,3600,0,0,0
1708063200000,113.13083605,113.37687286,112.43826624,112.54852790,0,1708066799999,0,3600,0,0,0
1708066800000,112.54852472,112.75236006,111.44957303,111.46965332,0,1708070399999,0,3600,0,0,0
1708070400000,111.47474546,112.13711427,110.88155752,111.13205397,0,1708073999999,0,3600,0,0,0
1708074000000,111.13446860,111.48250952,110.17240020,111.18588841,0,1708077599999,0,3600,0,0,0
1708077600000,111.18588841,112.43319542,110.84534697,112.39493198,0,1708081199999,0,3600,0,0,0
1708081200000,112.39712710,112.66848914,111.87410744,112.12508959,0,1708084799999,0,3600,0,0,0
1708084800000,112.12923279,113.17264227,111.69371019,113.03865269,0,1708088399999,0,3600,0,0,0
1708088400000,113.04425929,113.10969372,111.70180334,112.27539316,0,1708091999999,0,3600,0,0,0
1708092000000,112.27923266,112.45837922,109.22522647,109.75492637,0,1708095599999,0,3600,0,0,0
1708095600000,109.75078313,109.75078313,108.01362065,109.66299984,0,1708099199999,0,3600,0,0,0
1708099200000,109.66300294,110.41647895,108.82670051,109.33212702,0,1708102799999,0,3600,0,0,0
1708102800000,109.33213010,109.46285215,108.73013631,108.91433511,0,1708106399999,0,3600,0,0,0
1708106400000,108.92101108,109.38267106,108.19496195,109.24939126,0,1708109999999,0,3600,0,0,0
1708110000000,109.24938794,109.70127742,108.35894165,108.65078625,0,1708113599999,0,3600,0,0,0
1708113600000,108.65078625,109.47573979,108.38379843,109.47573979,0,1708117199999,0,3600,0,0,0
1708117200000,109.47047663,109.78972243,108.87517308,109.51177959,0,1708120799999,0,3600,0,0,0
1708120800000,109.51177626,109.70981938,109.10142431,109.70522740,0,1708124399999,0,3600,0,0,0
1708124400000,109.70523073,110.70773237,109.60234134,110.32806565,0,1708127999999,0,3600,0,0,0
