open_time,open,high,low,close,volume,close_time,quote_volume,count,taker_buy_volume,taker_buy_quote_volume,ignore
1709510400000,130.16854692,132.99832263,129.10973428,130.77444949,0,1709513999999,0,3600,0,0,0
1709514000000,130.76993729,131.25733225,129.52897479,130.19609672,0,1709517599999,0,3600,0,0,0
1709517600000,130.19609972,130.45847399,129.09247699,130.13891876,0,1709521199999,0,3600,0,0,0
1709521200000,130.14067785,130.17773750,128.42946782,128.97964920,0,1709524799999,0,3600,0,0,0
1709524800000,128.97484134,129.86452879,128.51891170,129.65049437,0,1709528399999,0,3600,0,0,0
1709528400000,129.65537242,129.80158251,128.78975759,128.87673059,0,1709531999999,0,3600,0,0,0
1709532000000,128.87673059,129.30565659,128.62599955,129.22130366,0,1709535599999,0,3600,0,0,0
1709535600000,129.22130366,129.61284281,128.70558390,129.59502898,0,1709539199999,0,3600,0,0,0
1709539200000,129.58491012,132.32276179,129.47979753,131.92356952,0,1709542799999,0,3600,0,0,0
1709542800000,131.94551778,134.93414930,130.84108992,134.32774091,0,1709546399999,0,3600,0,0,0
1709546400000,134.33189027,134.41708043,130.52706232,131.54955278,0,1709549999999,0,3600,0,0,0
1709550000000,131.56183316,132.89730677,130.71074261,132.57433754,0,1709553599999,0,3600,0,0,0
1709553600000,132.58438698,133.67955216,131.77259519,132.70539112,0,1709557199999,0,3600,0,0,0
1709557200000,132.70787893,133.31791881,130.20163707,130.68695070,0,1709560799999,0,3600,0,0,0
1709560800000,130.69365505,132.29123821,129.40792415,131.85063293,0,1709564399999,0,3600,0,0,0
1709564400000,131.86038903,133.04307936,131.57372072,131.77446946,0,1709567999999,0,3600,0,0,0
1709568000000,131.77447236,132.01275770,129.39663826,129.59468458,0,1709571599999,0,3600,0,0,0
1709571600000,129.60228030,130.74448840,127.47156093,127.48460251,0,1709575199999,0,3600,0,0,0
1709575200000,127.48483517,130.12230580,127.43321235,130.12230580,0,1709578799999,0,3600,0,0,0
1709578800000,130.12599087,130.64500522,128.94035734,129.55524715,0,1709582399999,0,3600,0,0,0
1709582400000,129.54821711,129.82829930,128.87444965,129.51437195,0,1709585999999,0,3600,0,0,0
1709586000000,129.51570799,130.45963715,128.15751195,130.45963715,0,1709589599999,0,3600,0,0,0
1709589600000,130.46442680,131.08144006,129.71991367,130.78527367,0,1709593199999,0,3600,0,0,0
1709593200000,130.79103259,133.33391280,130.60595847,133.23892337,0,1709596799999,0,3600,0,0,0
