open_time,open,high,low,close,volume,close_time,quote_volume,count,taker_buy_volume,taker_buy_quote_volume,ignore
1718755200000,137.40006430,138.26269265,136.10936205,137.95568638,0,1718758799999,0,3600,0,0,0
1718758800000,137.97031743,139.64296868,137.14095825,137.95788417,0,1718762399999,0,3600,0,0,0
1718762400000,137.96699690,140.13933286,137.93816529,139.11880360,0,1718765999999,0,3600,0,0,0
1718766000000,139.13444120,141.46274235,138.99859526,140.15990146,0,1718769599999,0,3600,0,0,0
1718769600000,140.15990146,141.17717198,139.84967077,140.59027424,0,1718773199999,0,3600,0,0,0
1718773200000,140.58758817,141.02849612,139.50815478,139.93152946,0,1718776799999,0,3600,0,0,0
1718776800000,139.93494410,141.73366418,139.74403532,141.60755001,0,1718780399999,0,3600,0,0,0
1718780400000,141.60194026,141.87682091,139.80011717,139.98233246,0,1718783999999,0,3600,0,0,0
1718784000000,139.98306730,140.23368552,138.51071260,138.75787024,0,1718787599999,0,3600,0,0,0
1718787600000,138.75152878,139.23523064,137.78511820,138.54592439,0,1718791199999,0,3600,0,0,0
1718791200000,138.54877804,139.46673694,137.90526552,139.40856820,0,1718794799999,0,3600,0,0,0
1718794800000,139.40857132,139.54803132,137.02621238,137.95707093,0,1718798399999,0,3600,0,0,0
1718798400000,137.96341239,138.83400182,137.29517492,138.47297215,0,1718801999999,0,3600,0,0,0
1718802000000,138.46714007,138.76094584,137.46215506,137.48088545,0,1718805599999,0,3600,0,0,0
1718805600000,137.48088545,137.48088545,135.54503586,136.35645259,0,1718809199999,0,3600,0,0,0
1718809200000,136.35645259,137.14122562,136.18482863,136.93221694,0,1718812799999,0,3600,0,0,0
1718812800000,136.92980036,137.55619181,136.08068826,136.89979751,0,1718816399999,0,3600,0,0,0
1718816400000,136.90053230,138.99842317,136.72175565,137.89057243,0,1718819999999,0,3600,0,0,0
1718820000000,137.88030414,138.54951743,137.45202682,137.63362664,0,1718823599999,0,3600,0,0,0
1718823600000,137.63362664,137.68322199,135.65078989,136.67160821,0,1718827199999,0,3600,0,0,0
1718827200000,136.67160821,136.81258678,134.78930215,135.38138585,0,1718830799999,0,3600,0,0,0
1718830800000,135.38138585,135.98428100,134.65567836,135.76826863,0,1718834399999,0,3600,0,0,0
1718834400000,135.76826557,135.96971461,134.67904244,134.71464804,0,1718837999999,0,3600,0,0,0
1718838000000,134.72142852,135.84291874,134.53186838,135.62039291,0,1718841599999,0,3600,0,0,0
