open_time,open,high,low,close,volume,close_time,quote_volume,count,taker_buy_volume,taker_buy_quote_volume,ignore
1743811200000,122.78881579,122.84557895,121.84852632,122.24213158,0,1743814799999,0,3600,0,0,0
1743814800000,122.24739474,122.80215789,121.66728947,121.83905263,0,1743818399999,0,3600,0,0,0
1743818400000,121.83976316,121.97555263,120.71734211,121.02828947,0,1743821999999,0,3600,0,0,0
1743822000000,121.02828947,121.24718421,120.67484211,120.73236842,0,1743825599999,0,3600,0,0,0
1743825600000,120.73394737,121.31889474,120.39263158,120.62292105,0,1743829199999,0,3600,0,0,0
1743829200000,120.62292105,121.05989474,120.39642105,120.67750000,0,1743832799999,0,3600,0,0,0
1743832800000,120.67750000,121.10381579,120.19697368,120.65528947,0,1743836399999,0,3600,0,0,0
1743836400000,120.65607895,121.22815789,120.20642105,121.06465789,0,1743839999999,0,3600,0,0,0
1743840000000,121.06992105,121.45155263,120.70152632,121.17636842,0,1743843599999,0,3600,0,0,0
1743843600000,121.17110526,121.93715789,121.15386842,121.84078947,0,1743847199999,0,3600,0,0,0
1743847200000,121.83631579,121.93202632,120.77986842,120.90876316,0,1743850799999,0,3599,0,0,0
1743850800000,120.91055263,121.05778947,119.93594737,120.29434211,0,1743854399999,0,3600,0,0,0
1743854400000,120.28592105,120.32605263,118.85473684,119.12142105,0,1743857999999,0,3600,0,0,0
1743858000000,119.15807895,119.27576316,117.55500000,117.85739474,0,1743861599999,0,3600,0,0,0
1743861600000,117.86292105,118.45600000,117.23102632,118.13363158,0,1743865199999,0,3599,0,0,0
1743865200000,118.13315789,118.13944737,117.16310526,117.55631579,0,1743868799999,0,3600,0,0,0
1743868800000,117.55521053,118.24710526,117.52860526,117.84481579,0,1743872399999,0,3600,0,0,0
1743872400000,117.84402632,118.51000000,117.63410526,117.96026316,0,1743875999999,0,3600,0,0,0
1743876000000,117.96026316,119.02102632,117.86452632,118.95952632,0,1743879599999,0,3600,0,0,0
1743879600000,118.96031579,119.35228947,118.39157895,118.62960526,0,1743883199999,0,3600,0,0,0
1743883200000,118.63039474,119.37068421,118.41221053,119.26092105,0,1743886799999,0,3600,0,0,0
1743886800000,119.26092105,119.44302632,118.73302632,118.93394737,0,1743890399999,0,3600,0,0,0
1743890400000,118.93842105,119.56368421,118.86155263,119.23344737,0,1743893999999,0,3600,0,0,0
1743894000000,119.23344737,120.52392105,119.18134211,120.31684211,0,1743897599999,0,3600,0,0,0
