open_time,open,high,low,close,volume,close_time,quote_volume,count,taker_buy_volume,taker_buy_quote_volume,ignore
1693180800000,20.79165440,20.79168157,20.47571279,20.57177036,0,1693184399999,0,3600,0,0,0
1693184400000,20.57183786,20.59566783,20.43167762,20.45945263,0,1693187999999,0,3600,0,0,0
1693188000000,20.45903665,20.52191982,20.43462402,20.46634416,0,1693191599999,0,3600,0,0,0
1693191600000,20.46634416,20.54016413,20.44022055,20.48844711,0,1693195199999,0,3600,0,0,0
1693195200000,20.48840211,20.49802279,20.42427829,20.48796182,0,1693198799999,0,3600,0,0,0
1693198800000,20.48796182,20.50594954,20.22038667,20.36651442,0,1693202399999,0,3600,0,0,0
1693202400000,20.36651442,20.43509857,20.32900594,20.39454713,0,1693205999999,0,3600,0,0,0
1693206000000,20.39454713,20.41889513,20.31114291,20.39276203,0,1693209599999,0,3600,0,0,0
1693209600000,20.39276203,20.39717645,20.25739756,20.27656740,0,1693213199999,0,3600,0,0,0
1693213200000,20.26318656,20.28583705,20.05464485,20.23748099,0,1693216799999,0,3600,0,0,0
1693216800000,20.23784282,20.32855121,20.23241718,20.30697857,0,1693220399999,0,3600,0,0,0
1693220400000,20.30697857,20.37283147,20.29149128,20.36682184,0,1693223999999,0,3600,0,0,0
1693224000000,20.36789168,20.78413631,20.34466426,20.61747825,0,1693227599999,0,3600,0,0,0
1693227600000,20.61754801,20.63809194,20.48012544,20.49865380,0,1693231199999,0,3600,0,0,0
1693231200000,20.49911833,20.64672210,20.45525423,20.57532484,0,1693234799999,0,3600,0,0,0
1693234800000,20.57590798,20.66618249,20.47750804,20.53707533,0,1693238399999,0,3600,0,0,0
1693238400000,20.53707533,20.60560056,20.49405707,20.59451986,0,1693241999999,0,3600,0,0,0
1693242000000,20.59451986,20.67982589,20.59451061,20.60758119,0,1693245599999,0,3600,0,0,0
1693245600000,20.60806956,20.64621975,20.52404417,20.64617941,0,1693249199999,0,3600,0,0,0
1693249200000,20.64548063,20.67962785,20.38567470,20.47368317,0,1693252799999,0,3600,0,0,0
1693252800000,20.47336077,20.51838232,20.39785704,20.43221875,0,1693256399999,0,3600,0,0,0
1693256400000,20.43151759,20.46541966,20.37505309,20.42671518,0,1693259999999,0,3600,0,0,0
1693260000000,20.42671409,20.52934297,20.38722280,20.52084984,0,1693263599999,0,3600,0,0,0
1693263600000,20.52084984,20.63816535,20.52084984,20.56076331,0,1693267199999,0,3600,0,0,0
