open_time,open,high,low,close,volume,close_time,quote_volume,count,taker_buy_volume,taker_buy_quote_volume,ignore
1712707200000,172.40835379,173.01576325,171.54888821,172.37526431,0,1712710799999,0,3600,0,0,0
1712710800000,172.37526431,172.37526431,170.19571280,172.14455524,0,1712714399999,0,3600,0,0,0
1712714400000,172.14288643,173.06498208,169.29442525,169.83360663,0,1712717999999,0,3600,0,0,0
1712718000000,169.83451895,171.54293257,169.33694843,171.40264478,0,1712721599999,0,3600,0,0,0
1712721600000,171.40264478,171.94560608,170.90920852,171.04478130,0,1712725199999,0,3600,0,0,0
1712725200000,171.04529350,172.26469437,170.97712984,171.59960038,0,1712728799999,0,3600,0,0,0
1712728800000,171.60448206,173.63764884,171.54125339,172.54716025,0,1712732399999,0,3600,0,0,0
1712732400000,172.54642854,173.31331888,172.43939017,172.76753437,0,1712735999999,0,3600,0,0,0
1712736000000,172.76607095,172.76607460,170.69857950,170.72947464,0,1712739599999,0,3600,0,0,0
1712739600000,170.74166976,172.14507927,170.33368931,171.09153712,0,1712743199999,0,3600,0,0,0
1712743200000,171.09401110,171.31256546,168.38584045,169.84968768,0,1712746799999,0,3600,0,0,0
1712746800000,169.85114749,170.33388378,169.19034828,170.21638588,0,1712750399999,0,3600,0,0,0
1712750400000,170.21097125,170.62037620,162.52536742,165.55568015,0,1712753999999,0,3600,0,0,0
1712754000000,165.55012731,166.13135743,163.76255279,165.89149762,0,1712757599999,0,3600,0,0,0
1712757600000,165.90028167,169.71695850,164.86782804,168.91708367,0,1712761199999,0,3600,0,0,0
1712761200000,168.91372141,169.16868542,167.29872180,167.90232311,0,1712764799999,0,3600,0,0,0
1712764800000,167.90105632,171.70550065,167.00751803,171.56457073,0,1712768399999,0,3600,0,0,0
1712768400000,171.56764390,173.05898741,170.62913421,171.00432874,0,1712771999999,0,3600,0,0,0
1712772000000,171.02871844,171.11026670,167.87424884,168.74802532,0,1712775599999,0,3600,0,0,0
1712775600000,168.72217166,171.24068448,168.38612148,171.24068448,0,1712779199999,0,3600,0,0,0
1712779200000,171.25489347,172.03722974,170.25062308,171.05095822,0,1712782799999,0,3600,0,0,0
1712782800000,171.05096181,172.74684981,170.50295486,172.65364874,0,1712786399999,0,3600,0,0,0
1712786400000,172.64803898,175.48243532,172.57524503,173.95659118,0,1712789999999,0,3600,0,0,0
1712790000000,173.95805460,174.70683702,172.98872491,173.31615280,0,1712793599999,0,3600,0,0,0
