open_time,open,high,low,close,volume,close_time,quote_volume,count,taker_buy_volume,taker_buy_quote_volume,ignore
1660348800000,45.45520301,47.23711112,45.28226206,47.04584933,0,1660352399999,0,3600,0,0,0
1660352400000,47.04274934,47.64943760,46.91034746,47.17174015,0,1660355999999,0,3600,0,0,0
1660356000000,47.17189227,47.72766314,47.08316977,47.65469623,0,1660359599999,0,3600,0,0,0
1660359600000,47.65393660,47.69838530,47.05314127,47.42537858,0,1660363199999,0,3600,0,0,0
1660363200000,47.42071335,47.63523099,46.92627071,47.28918337,0,1660366799999,0,3600,0,0,0
1660366800000,47.29017203,47.96968400,47.27050147,47.96350958,0,1660370399999,0,3600,0,0,0
1660370400000,47.96083702,48.34323125,47.40324270,47.61146828,0,1660373999999,0,3600,0,0,0
1660374000000,47.60659704,47.85921871,47.11557509,47.15590178,0,1660377599999,0,3600,0,0,0
1660377600000,47.15571237,47.45717028,46.90397535,47.16332742,0,1660381199999,0,3600,0,0,0
1660381200000,47.16763350,47.74061069,47.07382277,47.58799619,0,1660384799999,0,3600,0,0,0
1660384800000,47.51861255,47.54859172,46.72274477,46.95833224,0,1660388399999,0,3600,0,0,0
1660388400000,46.95853130,47.06829257,46.40606326,46.72027667,0,1660391999999,0,3600,0,0,0
1660392000000,46.72059220,46.92223208,46.22507115,46.68751997,0,1660395599999,0,3600,0,0,0
1660395600000,46.68748691,47.08953769,46.27285678,46.38098376,0,1660399199999,0,3600,0,0,0
1660399200000,46.38020293,46.59559368,46.24206471,46.29059403,0,1660402799999,0,3600,0,0,0
1660402800000,46.29055826,46.64307162,46.05359543,46.26729789,0,1660406399999,0,3600,0,0,0
1660406400000,46.25551946,46.47593499,46.07810615,46.19150187,0,1660409999999,0,3600,0,0,0
1660410000000,46.19239850,46.76269442,46.11979847,46.74663455,0,1660413599999,0,3600,0,0,0
1660413600000,46.74778449,46.76929885,46.28259560,46.61127199,0,1660417199999,0,3600,0,0,0
1660417200000,46.61224700,46.63913490,46.16932453,46.32351058,0,1660420799999,0,3600,0,0,0
1660420800000,46.32333172,46.80625374,46.21081633,46.74035837,0,1660424399999,0,3600,0,0,0
1660424400000,46.74022568,47.34322443,46.34220370,46.45610236,0,1660427999999,0,3600,0,0,0
1660428000000,46.45587693,46.90004511,46.32457762,46.51115156,0,1660431599999,0,3600,0,0,0
1660431600000,46.51134299,46.96777152,46.24737101,46.58365121,0,1660435199999,0,3600,0,0,0
