open_time,open,high,low,close,volume,close_time,quote_volume,count,taker_buy_volume,taker_buy_quote_volume,ignore
1710288000000,151.04641873,151.59686537,149.46286703,149.51906904,0,1710291599999,0,3600,0,0,0
1710291600000,149.48102026,151.03734205,148.97488277,150.39629979,0,1710295199999,0,3600,0,0,0
1710295200000,150.39820223,150.57294803,149.34289387,149.79053883,0,1710298799999,0,3600,0,0,0
1710298800000,149.79141688,149.97760965,148.76598360,149.29348975,0,1710302399999,0,3600,0,0,0
1710302400000,149.28983425,150.07259957,148.79742031,150.05585691,0,1710305999999,0,3600,0,0,0
1710306000000,150.05585995,152.94362590,149.52924056,151.66346605,0,1710309599999,0,3600,0,0,0
1710309600000,151.67249351,152.91126953,151.53719795,152.39735810,0,1710313199999,0,3600,0,0,0
1710313200000,152.39721176,152.91254304,150.33149395,150.73449771,0,1710316799999,0,3600,0,0,0
1710316800000,150.74025380,152.64088948,150.47700844,152.32650376,0,1710320399999,0,3600,0,0,0
1710320400000,152.32615780,153.08859038,151.48493464,151.97062146,0,1710323999999,0,3600,0,0,0
1710324000000,151.96735316,152.69238822,151.13665140,152.66186890,0,1710327599999,0,3600,0,0,0
1710327600000,152.66693160,154.64550242,152.64299015,153.74783629,0,1710331199999,0,3600,0,0,0
1710331200000,153.75637288,154.34729670,152.57440725,152.81867234,0,1710334799999,0,3600,0,0,0
1710334800000,152.81159917,153.58780721,149.92978215,151.37788172,0,1710338399999,0,3600,0,0,0
1710338400000,151.39460392,155.25791793,150.94434268,155.23011041,0,1710341999999,0,3600,0,0,0
1710342000000,155.15063517,159.41043618,154.09221692,157.29911964,0,1710345599999,0,3600,0,0,0
1710345600000,157.27965623,158.34756531,156.66498055,158.24853481,0,1710349199999,0,3600,0,0,0
1710349200000,158.19208828,159.50487078,157.55970516,159.05618116,0,1710352799999,0,3600,0,0,0
1710352800000,159.05624495,161.63432028,158.50974485,161.10651853,0,1710356399999,0,3600,0,0,0
1710356400000,161.08736271,161.84309561,159.62781672,161.48648956,0,1710359999999,0,3600,0,0,0
1710360000000,161.44275863,161.44275863,159.50432943,159.92156083,0,1710363599999,0,3600,0,0,0
1710363600000,159.91667958,166.71332449,159.62298608,165.72532906,0,1710367199999,0,3600,0,0,0
1710367200000,165.75856128,166.19515154,163.12736537,163.47284462,0,1710370799999,0,3600,0,0,0
1710370800000,163.46503974,164.15459079,162.97154628,163.87480780,0,1710374399999,0,3600,0,0,0
