open_time,open,high,low,close,volume,close_time,quote_volume,count,taker_buy_volume,taker_buy_quote_volume,ignore
1717459200000,68808.44404255,69366.61936170,68654.37276596,69170.35297872,0,1717473599999,0,14400,0,0,0
1717473600000,69170.27744681,69269.86446809,68750.80914894,69013.56297872,0,1717487999999,0,14400,0,0,0
1717488000000,69013.69829787,69190.84936170,68569.17595745,68957.62851064,0,1717502399999,0,14400,0,0,0
1717502400000,68957.62851064,70486.88276596,68850.11404255,70447.76638298,0,1717516799999,0,14400,0,0,0
1717516800000,70447.75127660,71062.10021277,70096.09553191,70432.32000000,0,1717531199999,0,14400,0,0,0
1717531200000,70432.21617021,70734.10297872,70170.21000000,70538.47787234,0,1717545599999,0,14400,0,0,0
