open_time,open,high,low,close,volume,close_time,quote_volume,count,taker_buy_volume,taker_buy_quote_volume,ignore
1711065600000,65504.50590909,66151.09977273,65134.62909091,65980.19425532,0,1711079999999,0,14400,0,0,0
1711080000000,65979.54446809,66631.16295455,65779.45042553,66179.25021277,0,1711094399999,0,14400,0,0,0
1711094400000,66179.68191489,66361.44255319,64084.43340426,64239.82446809,0,1711108799999,0,14400,0,0,0
1711108800000,64240.21404255,64648.66914894,62623.12553191,63870.98021277,0,1711123199999,0,14400,0,0,0
1711123200000,63874.54085106,64121.36617021,62775.79727273,63884.41000000,0,1711137599999,0,14400,0,0,0
1711137600000,63876.31723404,63971.09595745,62332.52489362,63769.50808511,0,1711151999999,0,14400,0,0,0
