open_time,open,high,low,close,volume,close_time,quote_volume,count,taker_buy_volume,taker_buy_quote_volume,ignore
1715558400000,61478.76085106,61798.74021277,60759.81957447,61165.41808511,0,1715572799999,0,14400,0,0,0
1715572800000,61165.86680851,62439.38297872,60803.04106383,62340.98106383,0,1715587199999,0,14400,0,0,0
1715587200000,62339.55170213,63262.11404255,62339.55170213,62735.95127660,0,1715601599999,0,14400,0,0,0
1715601600000,62735.95489362,63200.59680851,62423.79702128,63004.62510638,0,1715615999999,0,14400,0,0,0
1715616000000,63005.24574468,63448.75340426,62570.66829787,63183.01744681,0,1715630399999,0,14400,0,0,0
1715630400000,63181.46340426,63190.93680851,62717.88617021,62938.68595745,0,1715644799999,0,14400,0,0,0
