open_time,open,high,low,close,volume,close_time,quote_volume,count,taker_buy_volume,taker_buy_quote_volume,ignore
1682899200000,29225.36642857,29334.88190476,28400.94166667,28561.34952381,0,1682913599999,0,14400,0,0,0
1682913600000,28561.15428571,28711.02000000,28292.80785714,28629.26785714,0,1682927999999,0,14400,0,0,0
1682928000000,28629.26785714,28667.03238095,28486.82404762,28524.50261905,0,1682942399999,0,14400,0,0,0
1682942400000,28524.50261905,28626.02285714,28084.12690476,28171.14928571,0,1682956799999,0,14400,0,0,0
1682956800000,28171.22547619,28406.75000000,27805.79523810,27839.16761905,0,1682971199999,0,14400,0,0,0
1682971200000,27840.95571429,28144.23571429,27669.13119048,28069.86666667,0,1682985599999,0,14400,0,0,0
