open_time,open,high,low,close,volume,close_time,quote_volume,count,taker_buy_volume,taker_buy_quote_volume,ignore
1776988800000,78253.07956522,78546.91413043,77568.76608696,77737.90891304,0,1777003199999,0,14400,0,0,0
1777003200000,77737.93282609,78015.94391304,77461.62065217,77645.15978261,0,1777017599999,0,14400,0,0,0
1777017600000,77645.15478261,78374.06804348,77417.03391304,78235.98434783,0,1777031999999,0,14400,0,0,0
1777032000000,78235.98130435,78459.18065217,77580.70130435,78040.81065217,0,1777046399999,0,14400,0,0,0
1777046400000,78040.26282609,78057.59152174,77367.99760870,77629.89195652,0,1777060799999,0,14400,0,0,0
1777060800000,77630.15000000,77755.82108696,77265.81565217,77434.20630435,0,1777075199999,0,14400,0,0,0
