open_time,open,high,low,close,volume,close_time,quote_volume,count,taker_buy_volume,taker_buy_quote_volume,ignore
1761264000000,110073.03760870,110810.77956522,109997.80326087,110448.87043478,0,1761278399999,0,14400,0,0,0
1761278400000,110448.86978261,111526.94043478,110338.72260870,111063.99760870,0,1761292799999,0,14400,0,0,0
1761292800000,111063.46021739,111484.45913043,110625.07500000,111068.46347826,0,1761307199999,0,14400,0,0,0
1761307200000,111068.46347826,111964.74804348,109722.08913043,110049.09826087,0,1761321599999,0,14400,0,0,0
1761321600000,110049.08152174,110940.80239130,109805.60195652,110609.51195652,0,1761335999999,0,14400,0,0,0
1761336000000,110609.47173913,111138.07456522,110483.83478261,111006.91760870,0,1761350399999,0,14400,0,0,0
