open_time,open,high,low,close,volume,close_time,quote_volume,count,taker_buy_volume,taker_buy_quote_volume,ignore
1711152000000,63770.43319149,64331.32595745,63020.01957447,63562.32595745,0,1711166399999,0,14400,0,0,0
1711166400000,63555.98276596,64833.05914894,63518.00276596,64569.19893617,0,1711180799999,0,14400,0,0,0
1711180800000,64568.81085106,64829.65361702,64198.99446809,64628.06829787,0,1711195199999,0,14400,0,0,0
1711195200000,64627.91595745,65394.43042553,64281.44680851,65100.65659574,0,1711209599999,0,14400,0,0,0
1711209600000,65100.84957447,65991.03489362,64803.86255319,64881.66234043,0,1711223999999,0,14400,0,0,0
1711224000000,64881.66425532,65173.84148936,63936.45787234,63997.94063830,0,1711238399999,0,14400,0,0,0
