open_time,open,high,low,close,volume,close_time,quote_volume,count,taker_buy_volume,taker_buy_quote_volume,ignore
1717372800000,67770.84680851,68791.50191489,67620.44063830,68386.29574468,0,1717387199999,0,14400,0,0,0
1717387200000,68386.29638298,69214.59872340,68288.14255319,68907.75531915,0,1717401599999,0,14400,0,0,0
1717401600000,68907.75829787,69332.46021277,68844.59829787,69086.54553191,0,1717415999999,0,14400,0,0,0
1717416000000,69086.61851064,70272.14489362,68540.21446809,69604.34212766,0,1717430399999,0,14400,0,0,0
1717430400000,69606.55106383,69706.88085106,68806.57361702,69201.68319149,0,1717444799999,0,14400,0,0,0
1717444800000,69202.39127660,69494.87361702,68730.66319149,68808.42638298,0,1717459199999,0,14400,0,0,0
