open_time,open,high,low,close,volume,close_time,quote_volume,count,taker_buy_volume,taker_buy_quote_volume,ignore
1754265600000,114207.18413043,115001.36543478,114113.55130435,114580.77225000,0,1754279999999,0,14400,0,0,0
1754280000000,114580.77975000,114781.17500000,114152.02630435,114661.24652174,0,1754294399999,0,14400,0,0,0
1754294400000,114661.21956522,114759.35608696,114217.95978261,114493.84673913,0,1754308799999,0,14400,0,0,0
1754308800000,114493.70695652,115471.39630435,114129.30869565,114823.92260870,0,1754323199999,0,14400,0,0,0
1754323200000,114823.89652174,115720.83043478,114731.34630435,114774.91065217,0,1754337599999,0,14400,0,0,0
1754337600000,114774.91130435,115342.84217391,114632.84760870,115055.05369565,0,1754351999999,0,14400,0,0,0
