open_time,open,high,low,close,volume,close_time,quote_volume,count,taker_buy_volume,taker_buy_quote_volume,ignore
1731456000000,87938.82787234,88545.75042553,87025.20042553,87131.95808511,0,1731470399999,0,14400,0,0,0
1731470400000,87133.66127660,87675.50212766,86132.85127660,87356.73977273,0,1731484799999,0,14400,0,0,0
1731484800000,87356.72954545,88064.03340909,87089.51090909,87681.01363636,0,1731499199999,0,14399,0,0,0
1731499200000,87679.76227273,92674.59386364,87511.41295455,92554.76750000,0,1731513599999,0,14400,0,0,0
1731513600000,92548.86181818,93242.52022727,89975.36636364,90202.55909091,0,1731527999999,0,14400,0,0,0
1731528000000,90200.48704545,91138.31522727,87981.20636364,90381.50318182,0,1731542399999,0,14400,0,0,0
