open_time,open,high,low,close,volume,close_time,quote_volume,count,taker_buy_volume,taker_buy_quote_volume,ignore
1728604800000,60324.24659574,60754.93191489,60093.20936170,60616.92276596,0,1728619199999,0,14400,0,0,0
1728619200000,60616.85893617,60918.74127660,60580.79744681,60674.12702128,0,1728633599999,0,14400,0,0,0
1728633600000,60674.12765957,61256.50808511,60652.13340426,61170.37510638,0,1728647999999,0,14400,0,0,0
1728648000000,61170.38212766,62440.41808511,61135.93489362,62264.63489362,0,1728662399999,0,14400,0,0,0
1728662400000,62264.63425532,63405.92744681,62125.77723404,63086.31765957,0,1728676799999,0,14400,0,0,0
1728676800000,63084.43361702,63155.76319149,62355.19723404,62527.98297872,0,1728691199999,0,14400,0,0,0
