open_time,open,high,low,close,volume,close_time,quote_volume,count,taker_buy_volume,taker_buy_quote_volume,ignore
1727740800000,63329.66063830,63739.48340426,63005.39212766,63724.30404255,0,1727755199999,0,14400,0,0,0
1727755200000,63724.30404255,64124.10297872,63653.67085106,64042.91127660,0,1727769599999,0,14400,0,0,0
1727769600000,64043.66936170,64105.60170213,63724.54808511,63733.39659574,0,1727783999999,0,14400,0,0,0
1727784000000,63733.36617021,63807.72063830,61827.77872340,62647.67042553,0,1727798399999,0,14400,0,0,0
1727798400000,62641.25595745,62775.73574468,61113.69914894,61750.28382979,0,1727812799999,0,14400,0,0,0
1727812800000,61752.02574468,61760.89127660,60186.93255319,60821.68851064,0,1727827199999,0,14400,0,0,0
