open_time,open,high,low,close,volume,close_time,quote_volume,count,taker_buy_volume,taker_buy_quote_volume,ignore
1748217600000,109004.45239130,109846.90869565,108678.00978261,109617.48978261,0,1748231999999,0,14400,0,0,0
1748232000000,109617.97956522,110214.69760870,109368.37934783,110092.08282609,0,1748246399999,0,14400,0,0,0
1748246400000,110092.08217391,110171.32630435,109563.82760870,109770.38413043,0,1748260799999,0,14400,0,0,0
1748260800000,109770.38347826,110384.76521739,109506.95565217,109992.36869565,0,1748275199999,0,14400,0,0,0
1748275200000,109994.24695652,110418.48391304,108860.22195652,109132.38847826,0,1748289599999,0,14400,0,0,0
1748289600000,109132.29130435,109881.86260870,108943.87586957,109447.51565217,0,1748303999999,0,14400,0,0,0
