open_time,open,high,low,close,volume,close_time,quote_volume,count,taker_buy_volume,taker_buy_quote_volume,ignore
1748131200000,107758.01413043,108249.27000000,107205.96282609,108109.96195652,0,1748145599999,0,14400,0,0,0
1748145600000,108109.96130435,108283.95956522,107455.95304348,107677.62586957,0,1748159999999,0,14400,0,0,0
1748160000000,107677.63891304,107698.11075000,106712.62630435,107255.85065217,0,1748174399999,0,14400,0,0,0
1748174400000,107255.86152174,107742.46260870,106613.30391304,106952.88630435,0,1748188799999,0,14400,0,0,0
1748188800000,106966.75608696,107933.38347826,106648.76478261,107712.83521739,0,1748203199999,0,14400,0,0,0
1748203200000,107712.83086957,109302.37413043,107178.24695652,109000.77760870,0,1748217599999,0,14400,0,0,0
