open_time,open,high,low,close,volume,close_time,quote_volume,count,taker_buy_volume,taker_buy_quote_volume,ignore
1692144000000,29201.35989011,29258.28560440,29188.75120879,29228.82087912,0,1692158399999,0,14400,0,0,0
1692158400000,29228.80769231,29234.34362637,29112.56769231,29199.18186813,0,1692172799999,0,14400,0,0,0
1692172800000,29199.19505495,29216.38021978,29104.38791209,29165.49604396,0,1692187199999,0,14399,0,0,0
1692187200000,29165.50043956,29209.84857143,29051.36054945,29106.63186813,0,1692201599999,0,14400,0,0,0
1692201600000,29106.62593407,29233.30868132,28960.48692308,29113.04670588,0,1692215999999,0,14400,0,0,0
1692216000000,29113.07541176,29139.69564706,28723.21857143,28730.84197802,0,1692230399999,0,14400,0,0,0
