open_time,open,high,low,close,volume,close_time,quote_volume,count,taker_buy_volume,taker_buy_quote_volume,ignore
1783641600000,63228.60673913,64045.69391304,62939.68195652,63945.16043478,0,1783655999999,0,14400,0,0,0
1783656000000,63945.16478261,64194.48891304,63808.72652174,63973.03847826,0,1783670399999,0,14400,0,0,0
1783670400000,63973.03847826,64488.78760870,63973.03847826,64423.09695652,0,1783684799999,0,14400,0,0,0
1783684800000,64423.41869565,64689.38282609,63820.71978261,64022.55891304,0,1783699199999,0,14400,0,0,0
1783699200000,64037.30173913,64209.60978261,63746.23847826,63920.45804348,0,1783713599999,0,14400,0,0,0
1783713600000,63927.11369565,64212.87978261,63659.79239130,64159.86717391,0,1783727999999,0,14400,0,0,0
