open_time,open,high,low,close,volume,close_time,quote_volume,count,taker_buy_volume,taker_buy_quote_volume,ignore
1665619200000,19155.50639433,19171.37507241,19024.50972100,19088.06563534,0,1665633599999,0,14399,0,0,0
1665633600000,19088.12852163,19110.43142435,18955.68958763,19009.82570265,0,1665647999999,0,14399,0,0,0
1665648000000,19007.86376040,19035.67486957,18586.48865979,18752.29586366,0,1665662399999,0,14400,0,0,0
1665662400000,18752.41375468,19034.83856381,18240.71137590,18951.78945715,0,1665676799999,0,14400,0,0,0
1665676800000,18956.78131282,19481.60376317,18907.78403218,19364.44482145,0,1665691199999,0,14400,0,0,0
1665691200000,19369.54131629,19480.51763463,19336.09006283,19375.65939271,0,1665705599999,0,14400,0,0,0
