open_time,open,high,low,close,volume,close_time,quote_volume,count,taker_buy_volume,taker_buy_quote_volume,ignore
1704758400000,46951.04750000,47142.45212766,46258.27914894,46929.94000000,0,1704772799999,0,14400,0,0,0
1704772800000,46929.98531915,46937.19659574,46602.28510638,46827.10361702,0,1704787199999,0,14400,0,0,0
1704787200000,46826.90574468,46872.72510638,46403.09531915,46616.55872340,0,1704801599999,0,14400,0,0,0
1704801600000,46617.29212766,47023.08659574,45667.16911489,46867.47978723,0,1704815999999,0,14400,0,0,0
1704816000000,46867.73638298,46968.96425532,46507.81829787,46877.14042553,0,1704830399999,0,14400,0,0,0
1704830400000,46877.05680851,47932.25021277,44967.52921809,46111.67042553,0,1704844799999,0,14400,0,0,0
