open_time,open,high,low,close,volume,close_time,quote_volume,count,taker_buy_volume,taker_buy_quote_volume,ignore
1677024000000,24447.77869492,24473.40308453,23867.60128166,24202.03099383,0,1677038399999,0,14398,0,0,0
1677038400000,24202.72527097,24220.53079827,23936.13213349,24064.47566108,0,1677052799999,0,14400,0,0,0
1677052800000,24063.62538428,24205.92876156,23866.75126357,24159.57375051,0,1677067199999,0,14396,0,0,0
1677067200000,24160.60231851,24229.05866760,23638.83605973,23717.91734375,0,1677081599999,0,14400,0,0,0
1677081600000,23715.38647531,23966.71793882,23583.83687492,23791.32156138,0,1677095999999,0,14400,0,0,0
1677096000000,23792.97598966,24212.70440256,23740.14039422,24183.77982635,0,1677110399999,0,14400,0,0,0
