open_time,open,high,low,close,volume,close_time,quote_volume,count,taker_buy_volume,taker_buy_quote_volume,ignore
1725235200000,57304.34680851,57754.90531915,57137.69829787,57745.02914894,0,1725249599999,0,14400,0,0,0
1725249600000,57743.73127660,57972.96893617,57372.41234043,57545.50744681,0,1725263999999,0,14400,0,0,0
1725264000000,57545.51595745,58672.21638298,57519.46127660,58422.42425532,0,1725278399999,0,14400,0,0,0
1725278400000,58422.42063830,58802.16191489,58106.83085106,58538.70361702,0,1725292799999,0,14400,0,0,0
1725292800000,58538.69021277,58658.25276596,58299.87829787,58439.08297872,0,1725307199999,0,14400,0,0,0
1725307200000,58439.39361702,59418.72638298,58384.69042553,59132.74914894,0,1725321599999,0,14400,0,0,0
