open_time,open,high,low,close,volume,close_time,quote_volume,count,taker_buy_volume,taker_buy_quote_volume,ignore
1763769600000,85134.50195652,85595.41565217,84225.18978261,84444.62739130,0,1763783999999,0,14400,0,0,0
1763784000000,84444.63326087,84787.39369565,83837.61282609,84580.61173913,0,1763798399999,0,14400,0,0,0
1763798400000,84580.62260870,84582.12826087,83508.87869565,84110.68695652,0,1763812799999,0,14400,0,0,0
1763812800000,84099.42260870,84718.26021739,83626.76978261,84283.16130435,0,1763827199999,0,14400,0,0,0
1763827200000,84283.17217391,84866.31217391,84224.17065217,84611.42239130,0,1763841599999,0,14400,0,0,0
1763841600000,84611.42239130,85253.04434783,84241.74065217,84734.77369565,0,1763855999999,0,14400,0,0,0
