open_time,open,high,low,close,volume,close_time,quote_volume,count,taker_buy_volume,taker_buy_quote_volume,ignore
1708214400000,51643.57545455,51791.79295455,51175.83931818,51477.26613636,0,1708228799999,0,14400,0,0,0
1708228800000,51477.26545455,51736.72409091,51411.50068182,51665.83022727,0,1708243199999,0,14400,0,0,0
1708243200000,51665.81590909,52063.22818182,51647.53931818,51832.10136364,0,1708257599999,0,14400,0,0,0
1708257600000,51832.09386364,51942.12750000,51540.13522727,51777.04113636,0,1708271999999,0,14400,0,0,0
1708272000000,51777.03272727,51974.47063830,51652.32340426,51761.08723404,0,1708286399999,0,14400,0,0,0
1708286400000,51761.08723404,52378.21468085,51596.20170213,52130.88127660,0,1708300799999,0,14400,0,0,0
