open_time,open,high,low,close,volume,close_time,quote_volume,count,taker_buy_volume,taker_buy_quote_volume,ignore
1739664000000,97570.58466667,97708.86977778,97428.51555556,97548.83128205,0,1739678399999,0,14400,0,0,0
1739678400000,97549.28820513,97681.71755556,97215.93622222,97252.32911111,0,1739692799999,0,14400,0,0,0
1739692800000,97252.32844444,97389.89555556,97064.16155556,97338.64022222,0,1739707199999,0,14400,0,0,0
1739707200000,97338.64466667,97339.68133333,96671.15800000,96909.84022222,0,1739721599999,0,14400,0,0,0
1739721600000,96909.83888889,97163.88977778,96657.96155556,97057.66022222,0,1739735999999,0,14400,0,0,0
1739736000000,97057.65133333,97275.05666667,96049.42777778,96123.26888889,0,1739750399999,0,14400,0,0,0
