open_time,open,high,low,close,volume,close_time,quote_volume,count,taker_buy_volume,taker_buy_quote_volume,ignore
1741132800000,87280.46600000,87889.04711111,86380.66488889,86843.58777778,0,1741147199999,0,14400,0,0,0
1741147200000,86844.92466667,87726.08511111,86748.49288889,87618.23755556,0,1741161599999,0,14400,0,0,0
1741161600000,87618.76222222,90643.25511111,87598.21133333,89812.91466667,0,1741175999999,0,14400,0,0,0
1741176000000,89813.75466667,90909.36155556,87946.41111111,88347.21577778,0,1741190399999,0,14400,0,0,0
1741190400000,88346.20777778,90462.85911111,87600.33111111,89746.15800000,0,1741204799999,0,14400,0,0,0
1741204800000,89748.11533333,90985.01000000,89676.46000000,90608.47755556,0,1741219199999,0,14400,0,0,0
