open_time,open,high,low,close,volume,close_time,quote_volume,count,taker_buy_volume,taker_buy_quote_volume,ignore
1731715200000,91030.78613636,91690.14250000,90850.04204545,91252.52704545,0,1731729599999,0,14400,0,0,0
1731729600000,91252.11795455,91755.09590909,91064.98045455,91112.59295455,0,1731743999999,0,14400,0,0,0
1731744000000,91112.23022727,91584.53727273,90991.84750000,91179.47772727,0,1731758399999,0,14400,0,0,0
1731758400000,91173.19659091,91310.00750000,90066.50681818,90519.85750000,0,1731772799999,0,14400,0,0,0
1731772800000,90520.20522727,91390.86227273,90213.61363636,91099.76000000,0,1731787199999,0,14400,0,0,0
1731787200000,91100.38795455,91176.05954545,90325.51636364,90554.73136364,0,1731801599999,0,14400,0,0,0
