open_time,open,high,low,close,volume,close_time,quote_volume,count,taker_buy_volume,taker_buy_quote_volume,ignore
1661558400000,20244.45682039,20354.69077426,20147.74846193,20204.73395432,0,1661572799999,0,14400,0,0,0
1661572800000,20205.03612981,20272.63435778,19948.58399378,20268.43931863,0,1661587199999,0,14400,0,0,0
1661587200000,20269.05746296,20274.05192456,20142.30365013,20209.51802255,0,1661601599999,0,14400,0,0,0
1661601600000,20209.56238798,20238.66938402,19828.01934411,19972.87185374,0,1661615999999,0,14400,0,0,0
1661616000000,19973.84426652,20088.32906392,19851.89106032,20018.88894332,0,1661630399999,0,14400,0,0,0
1661630400000,20019.48812291,20088.28119378,19871.45172602,20037.73873360,0,1661644799999,0,14400,0,0,0
