open_time,open,high,low,close,volume,close_time,quote_volume,count,taker_buy_volume,taker_buy_quote_volume,ignore
1708473600000,52263.76808511,52367.89808511,51992.16212766,52002.66319149,0,1708487999999,0,14400,0,0,0
1708488000000,52002.66723404,52105.46489362,51490.92957447,51568.24297872,0,1708502399999,0,14400,0,0,0
1708502400000,51568.22595745,51768.91765957,50818.16148936,50971.82361702,0,1708516799999,0,14400,0,0,0
1708516800000,50969.87531915,51440.83744681,50670.73851064,51153.87978723,0,1708531199999,0,14400,0,0,0
1708531200000,51153.88468085,51426.24361702,50661.51680851,51056.20404255,0,1708545599999,0,14400,0,0,0
1708545600000,51056.22617021,51940.08851064,50866.47595745,51850.12361702,0,1708559999999,0,14400,0,0,0
