open_time,open,high,low,close,volume,close_time,quote_volume,count,taker_buy_volume,taker_buy_quote_volume,ignore
1675468800000,23432.55628571,23461.68971429,23333.72921338,23342.56046875,0,1675483199999,0,14400,0,0,0
1675483200000,23342.68984375,23359.61656097,23260.04265625,23330.98923058,0,1675497599999,0,14400,0,0,0
1675497600000,23328.75659510,23374.09761747,23292.29143520,23363.81027037,0,1675511999999,0,14400,0,0,0
1675512000000,23364.32277037,23585.11303573,23343.00234228,23420.34457974,0,1675526399999,0,14400,0,0,0
1675526400000,23420.66265625,23469.73745066,23364.09006647,23428.14212831,0,1675540799999,0,14400,0,0,0
1675540800000,23428.19715265,23447.49109375,23265.23290381,23325.37455691,0,1675555199999,0,14400,0,0,0
