open_time,open,high,low,close,volume,close_time,quote_volume,count,taker_buy_volume,taker_buy_quote_volume,ignore
1723593600000,60586.21113636,61299.07431818,60427.30340909,60949.89545455,0,1723607999999,0,14400,0,0,0
1723608000000,60951.24545455,61157.44295455,60642.08068182,60911.46545455,0,1723622399999,0,14400,0,0,0
1723622400000,60911.46477273,61421.35068182,60639.04295455,61294.97159091,0,1723636799999,0,14400,0,0,0
1723636800000,61294.97159091,61702.25409091,58839.73590909,59424.86636364,0,1723651199999,0,14400,0,0,0
1723651200000,59430.91022727,59454.73977273,58705.30636364,58903.03522727,0,1723665599999,0,14400,0,0,0
1723665600000,58901.25659091,59182.20227273,58443.65750000,58686.19568182,0,1723679999999,0,14400,0,0,0
