open_time,open,high,low,close,volume,close_time,quote_volume,count,taker_buy_volume,taker_buy_quote_volume,ignore
1777334400000,77372.87391304,77473.02282609,76678.07760870,76815.33760870,0,1777348799999,0,14400,0,0,0
1777348800000,76815.33043478,77147.40673913,76436.88478261,76882.48217391,0,1777363199999,0,14400,0,0,0
1777363200000,76882.48282609,77000.10891304,76133.41913043,76224.80869565,0,1777377599999,0,14399,0,0,0
1777377600000,76224.80217391,76417.68608696,75668.19413043,76064.03217391,0,1777391999999,0,14400,0,0,0
1777392000000,76064.02565217,76377.17565217,75892.80739130,76328.46260870,0,1777406399999,0,14400,0,0,0
1777406400000,76328.14978261,76479.55978261,76194.39021739,76342.56326087,0,1777420799999,0,14400,0,0,0
