open_time,open,high,low,close,volume,close_time,quote_volume,count,taker_buy_volume,taker_buy_quote_volume,ignore
1712275200000,68488.28914894,68723.51914894,67450.49106383,67865.53893617,0,1712289599999,0,14400,0,0,0
1712289600000,67865.17702128,68026.86255319,66412.24914894,66927.78276596,0,1712303999999,0,14400,0,0,0
1712304000000,66928.09723404,67662.47914894,66386.95957447,66469.61106383,0,1712318399999,0,14400,0,0,0
1712318400000,66475.46936170,68566.84085106,65981.00553191,68200.71680851,0,1712332799999,0,14400,0,0,0
1712332800000,68195.61808511,68375.65063830,67318.68829787,67411.31127660,0,1712347199999,0,14400,0,0,0
1712347200000,67411.27978723,67968.36042553,67344.87148936,67823.48319149,0,1712361599999,0,14400,0,0,0
