open_time,open,high,low,close,volume,close_time,quote_volume,count,taker_buy_volume,taker_buy_quote_volume,ignore
1765152000000,90396.26869565,91678.04217391,89878.62891304,91074.20826087,0,1765166399999,0,14400,0,0,0
1765166400000,91074.22195652,91845.47173913,91035.88673913,91559.47673913,0,1765180799999,0,14400,0,0,0
1765180800000,91558.31586957,92274.01173913,91486.01195652,91963.31000000,0,1765195199999,0,14400,0,0,0
1765195200000,91963.29695652,92103.42826087,89629.82804348,89976.26673913,0,1765209599999,0,14400,0,0,0
1765209600000,89976.85326087,90507.79739130,89704.87652174,90110.80847826,0,1765223999999,0,14400,0,0,0
1765224000000,90110.79543478,91368.00608696,90110.79543478,90632.82717391,0,1765238399999,0,14400,0,0,0
