open_time,open,high,low,close,volume,close_time,quote_volume,count,taker_buy_volume,taker_buy_quote_volume,ignore
1780704000000,61052.04521739,61521.98369565,60527.99630435,60686.56000000,0,1780718399999,0,14400,0,0,0
1780718400000,60686.54260870,61259.22956522,59505.02021739,60999.67891304,0,1780732799999,0,14400,0,0,0
1780732800000,60999.69195652,61482.02239130,60238.15456522,60799.68065217,0,1780747199999,0,14400,0,0,0
1780747200000,60802.12043478,61157.52282609,60410.37282609,60785.57413043,0,1780761599999,0,14400,0,0,0
1780761600000,60785.66543478,60963.04195652,60409.65891304,60598.92391304,0,1780775999999,0,14400,0,0,0
1780776000000,60598.93260870,60994.57282609,60434.70695652,60890.24760870,0,1780790399999,0,14400,0,0,0
