open_time,open,high,low,close,volume,close_time,quote_volume,count,taker_buy_volume,taker_buy_quote_volume,ignore
1754179200000,112552.52760870,113736.56847826,111951.06282609,113608.98695652,0,1754193599999,0,14400,0,0,0
1754193600000,113608.98108696,113723.05239130,113345.68369565,113705.14782609,0,1754207999999,0,14400,0,0,0
1754208000000,113705.13630435,114253.03978261,113560.48760870,113865.93369565,0,1754222399999,0,14400,0,0,0
1754222400000,113865.92869565,114100.79108696,113583.54934783,113955.06282609,0,1754236799999,0,14400,0,0,0
1754236800000,113955.04978261,114786.49630435,113771.39500000,114305.85413043,0,1754251199999,0,14400,0,0,0
1754251200000,114305.85413043,114612.98826087,114066.19152174,114207.18913043,0,1754265599999,0,14400,0,0,0
