open_time,open,high,low,close,volume,close_time,quote_volume,count,taker_buy_volume,taker_buy_quote_volume,ignore
1715212800000,61195.62148936,61800.56212766,61150.61574468,61683.04255319,0,1715227199999,0,14400,0,0,0
1715227200000,61682.54212766,61773.51042553,61137.54297872,61256.90702128,0,1715241599999,0,14400,0,0,0
1715241600000,61256.69936170,61446.61808511,60640.58914894,61058.14021277,0,1715255999999,0,14400,0,0,0
1715256000000,61058.01489362,62276.23255319,60892.88702128,62157.93574468,0,1715270399999,0,14400,0,0,0
1715270400000,62158.25553191,62668.10340426,61755.27595745,62453.21127660,0,1715284799999,0,14400,0,0,0
1715284800000,62451.99659574,63410.29702128,62352.41723404,63072.99893617,0,1715299199999,0,14400,0,0,0
