open_time,open,high,low,close,volume,close_time,quote_volume,count,taker_buy_volume,taker_buy_quote_volume,ignore
1674691200000,23059.94809203,23272.25859973,23050.08033048,23136.23352560,0,1674705599999,0,14400,0,0,0
1674705600000,23135.93981749,23193.68853988,22913.09782995,22969.46555714,0,1674719999999,0,14400,0,0,0
1674720000000,22968.76911489,23043.62321934,22865.40676448,22990.07419711,0,1674734399999,0,14400,0,0,0
1674734400000,22990.84246859,23240.41638980,22907.14093758,22958.36605505,0,1674748799999,0,14400,0,0,0
1674748800000,22957.61590949,23104.70281249,22866.95901576,23071.61075586,0,1674763199999,0,14400,0,0,0
1674763200000,23070.85453124,23153.94191004,22968.37515625,23010.18549994,0,1674777599999,0,14400,0,0,0
