open_time,open,high,low,close,volume,close_time,quote_volume,count,taker_buy_volume,taker_buy_quote_volume,ignore
1705536000000,42776.52914894,42783.56659574,42513.36148936,42592.95787234,0,1705550399999,0,14400,0,0,0
1705550400000,42592.95723404,42920.20404255,42588.90595745,42914.64829787,0,1705564799999,0,14400,0,0,0
1705564800000,42914.64404255,42926.92148936,42396.88425532,42544.92893617,0,1705579199999,0,14400,0,0,0
1705579200000,42544.90404255,42805.05127660,42363.19702128,42619.82808511,0,1705593599999,0,14400,0,0,0
1705593600000,42619.82382979,42620.07531915,40859.71787234,41025.06638298,0,1705607999999,0,14400,0,0,0
1705608000000,41027.36085106,41364.78404255,40691.10106383,41312.34723404,0,1705622399999,0,14400,0,0,0
