open_time,open,high,low,close,volume,close_time,quote_volume,count,taker_buy_volume,taker_buy_quote_volume,ignore
1704672000000,43925.40872340,43980.76340426,43194.09489362,43517.28212766,0,1704686399999,0,14400,0,0,0
1704686400000,43516.79638298,44277.59595745,43432.04063830,43974.66659574,0,1704700799999,0,14400,0,0,0
1704700800000,43974.53382979,44663.66127660,43645.83787234,44625.65829787,0,1704715199999,0,14400,0,0,0
1704715200000,44629.17319149,45281.99234043,44436.77574468,44962.74765957,0,1704729599999,0,14400,0,0,0
1704729600000,44965.65382979,47240.50936170,44804.29829787,46981.91829787,0,1704743999999,0,14400,0,0,0
1704744000000,46981.59936170,47204.35386364,46669.23977273,46951.04227273,0,1704758399999,0,14400,0,0,0
