open_time,open,high,low,close,volume,close_time,quote_volume,count,taker_buy_volume,taker_buy_quote_volume,ignore
1774569600000,68825.05456522,69162.44652174,68545.98347826,68769.77586957,0,1774583999999,0,14400,0,0,0
1774584000000,68769.79391304,68952.94217391,68308.55326087,68529.64608696,0,1774598399999,0,14400,0,0,0
1774598400000,68530.72478261,68625.32260870,66280.66673913,66703.65413043,0,1774612799999,0,14400,0,0,0
1774612800000,66704.14760870,66750.23978261,65733.89217391,66112.23434783,0,1774627199999,0,14400,0,0,0
1774627200000,66111.59521739,66271.81173913,65591.44521739,66044.64304348,0,1774641599999,0,14400,0,0,0
1774641600000,66043.15630435,66412.37869565,65836.06521739,66404.96500000,0,1774655999999,0,14400,0,0,0
