open_time,open,high,low,close,volume,close_time,quote_volume,count,taker_buy_volume,taker_buy_quote_volume,ignore
1696118400000,26963.13461538,27048.34153846,26955.55868132,27045.00934066,0,1696132799999,0,14400,0,0,0
1696132800000,27044.99549451,27152.38219780,27023.60923077,27110.61065934,0,1696147199999,0,14400,0,0,0
1696147200000,27110.61505495,27285.84879121,27090.11516484,27191.34395604,0,1696161599999,0,14400,0,0,0
1696161600000,27191.34395604,27229.53901099,27094.59241758,27152.89285714,0,1696175999999,0,14400,0,0,0
1696176000000,27152.88120879,27154.81043956,27048.73758242,27102.45340659,0,1696190399999,0,14400,0,0,0
1696190400000,27102.45340659,28066.75543297,27038.01307692,27991.24494505,0,1696204799999,0,14400,0,0,0
