open_time,open,high,low,close,volume,close_time,quote_volume,count,taker_buy_volume,taker_buy_quote_volume,ignore
1743724800000,83193.73711111,83407.85755556,82602.19488889,82814.43622222,0,1743739199999,0,14400,0,0,0
1743739200000,82814.43177778,84002.30911111,82615.80288889,83991.87422222,0,1743753599999,0,14400,0,0,0
1743753600000,83991.34155556,84718.35622222,81672.35177778,82680.07044444,0,1743767999999,0,14400,0,0,0
1743768000000,82680.53311111,83698.89155556,81859.41955556,82854.75933333,0,1743782399999,0,14400,0,0,0
1743782400000,82855.69377778,84596.83044444,82739.55088889,84032.09444444,0,1743796799999,0,14400,0,0,0
1743796800000,84017.29933333,84448.82711111,83498.90777778,83887.22800000,0,1743811199999,0,14400,0,0,0
