open_time,open,high,low,close,volume,close_time,quote_volume,count,taker_buy_volume,taker_buy_quote_volume,ignore
1741219200000,90608.49155556,92014.10044444,89990.88355556,91602.90711111,0,1741233599999,0,14400,0,0,0
1741233600000,91603.95844444,92804.00022222,91272.14755556,91346.73822222,0,1741247999999,0,14400,0,0,0
1741248000000,91346.74777778,91658.61688889,90625.27911111,91349.55000000,0,1741262399999,0,14400,0,0,0
1741262400000,91349.53888889,91448.63622222,89124.38555556,90813.98688889,0,1741276799999,0,14399,0,0,0
1741276800000,90820.02111111,91063.62355556,87853.83000000,88528.55955556,0,1741291199999,0,14400,0,0,0
1741291200000,88529.75511111,90765.38866667,88485.54555556,89930.66444444,0,1741305599999,0,14400,0,0,0
