open_time,open,high,low,close,volume,close_time,quote_volume,count,taker_buy_volume,taker_buy_quote_volume,ignore
1663372800000,19802.44516969,20055.61681479,19771.27942451,19882.37801333,0,1663387199999,0,14400,0,0,0
1663387200000,19881.80600747,19975.10865979,19791.75374370,19843.08317896,0,1663401599999,0,14400,0,0,0
1663401600000,19843.34297277,19910.28310760,19810.46778800,19810.46778800,0,1663415999999,0,14399,0,0,0
1663416000000,19811.28878488,20012.66658614,19756.75802550,19964.14953802,0,1663430399999,0,14400,0,0,0
1663430400000,19963.92798592,20178.35723341,19939.49713648,20009.68543387,0,1663444799999,0,14400,0,0,0
1663444800000,20009.82481531,20140.14883742,19947.25696825,20114.12108270,0,1663459199999,0,14400,0,0,0
