open_time,open,high,low,close,volume,close_time,quote_volume,count,taker_buy_volume,taker_buy_quote_volume,ignore
1699833600000,37062.26117647,37395.00329412,36862.16847059,36913.10741176,0,1699847999999,0,14399,0,0,0
1699848000000,36913.26694118,37043.71341176,36768.53258824,36959.78341176,0,1699862399999,0,14400,0,0,0
1699862400000,36959.78341176,37042.38752941,36703.59388235,36811.06164706,0,1699876799999,0,14400,0,0,0
1699876800000,36811.06705882,36945.46894118,36558.87258824,36839.78247059,0,1699891199999,0,14400,0,0,0
1699891200000,36839.41047059,37025.67517647,36607.90952941,36845.10012658,0,1699905599999,0,14400,0,0,0
1699905600000,36845.26113924,36874.69810127,36346.75253165,36464.84329114,0,1699919999999,0,14400,0,0,0
