open_time,open,high,low,close,volume,close_time,quote_volume,count,taker_buy_volume,taker_buy_quote_volume,ignore
1742688000000,83843.29800000,84276.47355556,83812.13555556,84226.09266667,0,1742702399999,0,14400,0,0,0
1742702400000,84226.09866667,84326.54822222,84072.88422222,84278.02533333,0,1742716799999,0,14400,0,0,0
1742716800000,84278.02088889,85016.76511111,84260.84133333,84682.19866667,0,1742731199999,0,14400,0,0,0
1742731200000,84682.26155556,85249.07911111,84578.63800000,85188.85088889,0,1742745599999,0,14400,0,0,0
1742745600000,85188.87088889,85409.15266667,84808.87377778,85011.95822222,0,1742759999999,0,14400,0,0,0
1742760000000,85011.95444444,86108.89400000,84927.96111111,86077.45511111,0,1742774399999,0,14400,0,0,0
