open_time,open,high,low,close,volume,close_time,quote_volume,count,taker_buy_volume,taker_buy_quote_volume,ignore
1766880000000,87878.42021739,87949.33217391,87715.21369565,87741.96326087,0,1766894399999,0,14400,0,0,0
1766894400000,87741.96326087,87833.21400000,87616.37869565,87730.03675000,0,1766908799999,0,14400,0,0,0
1766908800000,87730.33425000,88006.15195652,87727.18000000,87880.82000000,0,1766923199999,0,14400,0,0,0
1766923200000,87881.04826087,88074.51130435,87804.47847826,87837.95565217,0,1766937599999,0,14400,0,0,0
1766937600000,87837.51434783,87930.29550000,87511.45869565,87526.49130435,0,1766951999999,0,14400,0,0,0
1766952000000,87526.48478261,88022.02565217,87445.33934783,87941.65195652,0,1766966399999,0,14400,0,0,0
