open_time,open,high,low,close,volume,close_time,quote_volume,count,taker_buy_volume,taker_buy_quote_volume,ignore
1688083200000,30448.81648352,30869.36989011,30356.91659341,30738.40692308,0,1688097599999,0,14400,0,0,0
1688097600000,30740.79967033,31275.84604396,30620.89714286,30767.36219780,0,1688111999999,0,14400,0,0,0
1688112000000,30767.35780220,30938.72934066,30720.59494505,30912.71351648,0,1688126399999,0,14400,0,0,0
1688126400000,30912.14252747,31111.12894118,29569.38470588,30066.14458824,0,1688140799999,0,14400,0,0,0
1688140800000,30066.08341176,30714.29752941,29929.66882353,30383.14494118,0,1688155199999,0,14400,0,0,0
1688155200000,30379.65411765,30542.42294118,30349.38070588,30473.16070588,0,1688169599999,0,14400,0,0,0
