open_time,open,high,low,close,volume,close_time,quote_volume,count,taker_buy_volume,taker_buy_quote_volume,ignore
1733616000000,99834.42574468,100322.42468085,99644.28170213,99932.43212766,0,1733630399999,0,14400,0,0,0
1733630400000,99932.43787234,100025.62702128,99343.53063830,99675.20893617,0,1733644799999,0,14400,0,0,0
1733644800000,99675.20829787,99834.25106383,98681.99957447,99702.15829787,0,1733659199999,0,14400,0,0,0
1733659200000,99701.84042553,100483.85148936,99362.07170213,99908.74531915,0,1733673599999,0,14400,0,0,0
1733673600000,99908.74957447,100164.62021277,99478.65063830,100100.88553191,0,1733687999999,0,14400,0,0,0
1733688000000,100100.95574468,101344.04297872,99732.75489362,101109.03468085,0,1733702399999,0,14400,0,0,0
