open_time,open,high,low,close,volume,close_time,quote_volume,count,taker_buy_volume,taker_buy_quote_volume,ignore
1692316800000,26624.75802198,26827.37758242,26321.51164835,26397.89120879,0,1692331199999,0,14400,0,0,0
1692331200000,26397.89934066,26607.19483516,26174.98472527,26423.75538462,0,1692345599999,0,14400,0,0,0
1692345600000,26428.87516484,26608.60131868,26384.13307692,26493.38153846,0,1692359999999,0,14400,0,0,0
1692360000000,26493.39406593,26499.48098901,25940.50406593,25998.56285714,0,1692374399999,0,14400,0,0,0
1692374400000,25998.57164835,26299.52000000,25657.03351648,26062.98769231,0,1692388799999,0,14400,0,0,0
1692388800000,26063.00527473,26242.20296703,26008.74032967,26053.47043956,0,1692403199999,0,14400,0,0,0
