open_time,open,high,low,close,volume,close_time,quote_volume,count,taker_buy_volume,taker_buy_quote_volume,ignore
1767744000000,93750.81173913,93750.81173913,92264.20000000,92808.62217391,0,1767758399999,0,14400,0,0,0
1767758400000,92807.36565217,92924.42586957,92514.69413043,92874.83625000,0,1767772799999,0,14400,0,0,0
1767772800000,92879.00700000,92951.70625000,91602.24195652,92113.55195652,0,1767787199999,0,14399,0,0,0
1767787200000,92101.70826087,92279.32608696,91056.95347826,91347.48847826,0,1767801599999,0,14398,0,0,0
1767801600000,91348.44978261,91774.84608696,90686.50695652,91189.97239130,0,1767815999999,0,14400,0,0,0
1767816000000,91189.95934783,91484.32804348,90785.43586957,91368.15347826,0,1767830399999,0,14400,0,0,0
