open_time,open,high,low,close,volume,close_time,quote_volume,count,taker_buy_volume,taker_buy_quote_volume,ignore
1674259200000,22667.48052377,22779.03940173,22433.60407984,22545.66889283,0,1674273599999,0,14400,0,0,0
1674273600000,22545.45375280,22664.27492780,22516.83696414,22636.40642516,0,1674287999999,0,14400,0,0,0
1674288000000,22635.93991578,23321.34690301,22614.64198202,22904.17131855,0,1674302399999,0,14400,0,0,0
1674302400000,22904.81718529,23276.01265824,22861.26317918,22998.58103005,0,1674316799999,0,14400,0,0,0
1674316800000,22995.31420157,23338.48787191,22987.24403556,23273.70036246,0,1674331199999,0,14400,0,0,0
1674331200000,23274.29881821,23296.24398950,22701.89445860,22779.87398541,0,1674345599999,0,14400,0,0,0
