open_time,open,high,low,close,volume,close_time,quote_volume,count,taker_buy_volume,taker_buy_quote_volume,ignore
1670976000000,17777.35128571,17840.17589988,17754.11142857,17783.53208181,0,1670990399999,0,14400,0,0,0
1670990400000,17783.00508023,17813.92480000,17743.37414286,17806.29028571,0,1671004799999,0,14400,0,0,0
1671004800000,17806.70985714,17861.65442857,17790.67580653,17826.21985650,0,1671019199999,0,14400,0,0,0
1671019200000,17826.08796275,18106.49064609,17817.79635690,18060.14531133,0,1671033599999,0,14400,0,0,0
1671033600000,18061.82958633,18363.52570030,17715.73640214,17795.05799498,0,1671047999999,0,14400,0,0,0
1671048000000,17793.58373807,17934.48857143,17676.55157143,17803.73150971,0,1671062399999,0,14400,0,0,0
