open_time,open,high,low,close,volume,close_time,quote_volume,count,taker_buy_volume,taker_buy_quote_volume,ignore
1732147200000,94282.39363636,95902.10954545,94047.66136364,95792.78909091,0,1732161599999,0,14400,0,0,0
1732161600000,95792.78000000,97836.26727273,95792.78000000,96919.08068182,0,1732175999999,0,14400,0,0,0
1732176000000,96918.81409091,98368.15840909,96733.61204545,97960.71931818,0,1732190399999,0,14400,0,0,0
1732190400000,97960.83522727,98237.66250000,95607.38840909,96663.36954545,0,1732204799999,0,14400,0,0,0
1732204800000,96668.40704545,98965.79750000,96308.49340909,97829.02636364,0,1732219199999,0,14400,0,0,0
1732219200000,97827.17250000,98718.61477273,97566.09545455,98319.96454545,0,1732233599999,0,14400,0,0,0
