open_time,open,high,low,close,volume,close_time,quote_volume,count,taker_buy_volume,taker_buy_quote_volume,ignore
1729641600000,67425.54361702,67453.86255319,66893.13744681,67081.86446809,0,1729655999999,0,14400,0,0,0
1729656000000,67081.86319149,67300.92531915,66804.46340426,66853.08872340,0,1729670399999,0,14400,0,0,0
1729670400000,66853.08872340,67040.42957447,66209.90425532,66412.85382979,0,1729684799999,0,14400,0,0,0
1729684800000,66412.92957447,66877.88276596,65932.37000000,66224.92851064,0,1729699199999,0,14400,0,0,0
1729699200000,66224.89468085,66562.42510638,65260.13191489,66456.35404255,0,1729713599999,0,14400,0,0,0
1729713600000,66456.64638298,66809.55957447,66344.35148936,66671.40340426,0,1729727999999,0,14400,0,0,0
