open_time,open,high,low,close,volume,close_time,quote_volume,count,taker_buy_volume,taker_buy_quote_volume,ignore
1765929600000,87858.24760870,87946.49086957,87154.90586957,87214.74739130,0,1765943999999,0,14400,0,0,0
1765944000000,87214.75173913,87374.71869565,86218.14543478,87045.55630435,0,1765958399999,0,14400,0,0,0
1765958400000,87045.96934783,87120.60586957,86239.50413043,86979.23760870,0,1765972799999,0,14400,0,0,0
1765972800000,86979.23760870,90336.30760870,86829.26826087,87235.26347826,0,1765987199999,0,14400,0,0,0
1765987200000,87238.47652174,87758.36391304,85325.31804348,86017.03695652,0,1766001599999,0,14400,0,0,0
1766001600000,86015.88065217,86415.51478261,85659.57630435,86241.61086957,0,1766015999999,0,14400,0,0,0
