open_time,open,high,low,close,volume,close_time,quote_volume,count,taker_buy_volume,taker_buy_quote_volume,ignore
1648512000000,3333.62,3400.00,3330.32,3370.19,204774.776,1648526399999,690365100.67741,239368,103635.277,349271827.26750,0
1648526400000,3370.20,3422.85,3369.18,3386.18,222453.227,1648540799999,756482604.27307,271923,112472.182,382514983.11456,0
1648540800000,3386.17,3471.00,3384.00,3463.80,370124.930,1648555199999,1270497816.09002,404447,197848.605,679235878.25398,0
1648555200000,3463.79,3480.00,3392.24,3401.22,494085.442,1648569599999,1701721320.32031,480902,236720.341,815492335.74890,0
1648569600000,3401.22,3443.08,3367.14,3429.31,377960.911,1648583999999,1286300255.37116,405238,192033.222,653668641.18552,0
1648584000000,3429.33,3429.45,3336.00,3399.00,259542.264,1648598399999,878077677.94020,302875,123717.180,418610224.66746,0
