open_time,open,high,low,close,volume,close_time,quote_volume,count,taker_buy_volume,taker_buy_quote_volume,ignore
1697155200000,1538.82,1546.96,1537.27,1538.25,201039.824,1697169599999,309989061.50682,189138,95144.766,146709393.57569,0
1697169600000,1538.25,1554.25,1538.06,1548.67,232456.720,1697183999999,359168462.63357,204346,129111.460,199506263.43581,0
1697184000000,1548.66,1551.79,1541.83,1546.01,203435.653,1697198399999,314669280.49471,178139,96754.156,149655220.19074,0
1697198400000,1546.01,1553.19,1536.65,1538.76,334945.091,1697212799999,517610700.20788,302473,161642.269,249827752.60981,0
1697212800000,1538.77,1548.53,1538.44,1545.26,200369.330,1697227199999,309393293.67111,200916,102509.976,158291867.44794,0
1697227200000,1545.26,1575.53,1542.74,1551.55,623234.810,1697241599999,971140156.90152,497017,314237.896,489676851.53360,0
