open_time,open,high,low,close,volume,close_time,quote_volume,count,taker_buy_volume,taker_buy_quote_volume,ignore
1741996800000,1910.78,1922.49,1902.47,1919.79,303992.931,1742011199999,581470186.70226,411622,165166.354,315974207.02981,0
1742011200000,1919.79,1934.77,1913.56,1916.86,325475.069,1742025599999,626344785.66779,385846,161902.389,311621861.58344,0
1742025600000,1916.85,1930.86,1911.40,1927.99,253953.466,1742039999999,487981428.79845,319787,131264.617,252241441.19198,0
1742040000000,1928.00,1938.88,1921.60,1936.81,286966.475,1742054399999,553780340.35391,353239,141973.741,274000654.41976,0
1742054400000,1936.81,1948.00,1927.28,1936.00,408391.955,1742068799999,791223888.34649,404641,192600.661,373227413.62948,0
1742068800000,1936.00,1957.68,1935.10,1936.27,298934.454,1742083199999,581401190.70990,356349,156532.634,304517144.36340,0
