open_time,open,high,low,close,volume,close_time,quote_volume,count,taker_buy_volume,taker_buy_quote_volume,ignore
1640822400000,3628.49,3668.30,3580.00,3647.70,257970.757,1640836799999,937581865.62633,345549,125757.040,457257586.00134,0
1640836800000,3647.69,3717.36,3645.72,3706.40,149869.577,1640851199999,552312935.65937,221032,79747.786,293929141.52885,0
1640851200000,3706.40,3745.00,3676.82,3736.06,155253.139,1640865599999,575706296.84048,231074,80033.632,296935346.92429,0
1640865600000,3736.07,3748.64,3700.00,3707.41,157306.339,1640879999999,585927627.91457,238473,75346.517,280683938.96166,0
1640880000000,3707.44,3766.71,3703.59,3749.20,145496.663,1640894399999,544829859.68011,215402,75744.985,283653812.79049,0
1640894400000,3749.21,3757.21,3680.00,3708.37,157974.243,1640908799999,587369182.18392,217235,74829.296,278250606.25876,0
