open_time,open,high,low,close,volume,close_time,quote_volume,count,taker_buy_volume,taker_buy_quote_volume,ignore
1668124800000,1298.30,1309.01,1219.01,1238.28,1900959.784,1668139199999,2401537405.09085,1148612,914980.604,1155847352.47711,0
1668139200000,1238.24,1290.05,1225.83,1277.85,1628484.412,1668153599999,2051174800.79334,1020465,844883.866,1064443545.07251,0
1668153600000,1277.84,1295.00,1262.34,1274.99,1358845.830,1668167999999,1735511667.02246,904621,666462.814,851522549.62505,0
1668168000000,1275.00,1309.88,1199.57,1259.50,4094475.884,1668182399999,5155405154.04795,2452906,2033257.017,2561247415.37422,0
1668182400000,1259.51,1287.60,1232.22,1273.59,1740015.347,1668196799999,2192654431.43834,1145812,882251.313,1112211913.46303,0
1668196800000,1273.60,1295.00,1235.75,1288.64,1007959.765,1668211199999,1277399967.32447,717760,511111.891,648012260.50300,0
