open_time,open,high,low,close,volume,close_time,quote_volume,count,taker_buy_volume,taker_buy_quote_volume,ignore
1704931200000,2585.81,2617.00,2565.69,2613.07,726666.556,1704945599999,1879729323.97320,913391,359494.822,930265928.61891,0
1704945600000,2613.10,2630.60,2573.48,2590.00,623696.044,1704959999999,1620068329.28075,784514,301434.777,782921701.29024,0
1704960000000,2590.01,2666.66,2586.76,2658.18,701014.855,1704974399999,1843800870.07679,905595,372223.243,979259651.85332,0
1704974400000,2658.18,2691.90,2595.35,2614.66,1725954.564,1704988799999,4570327322.61286,2072374,839868.719,2224707887.83570,0
1704988800000,2614.65,2626.95,2571.28,2623.37,951193.498,1705003199999,2471690098.21357,1304736,474747.022,1233837634.91462,0
1705003200000,2623.36,2633.72,2588.40,2618.59,432901.502,1705017599999,1130119827.68578,600220,212335.990,554303134.90358,0
