open_time,open,high,low,close,volume,close_time,quote_volume,count,taker_buy_volume,taker_buy_quote_volume,ignore
1735171200000,3495.73,3514.32,3448.00,3454.03,282142.954,1735185599999,980670680.02235,654663,132093.112,459184055.61950,0
1735185600000,3454.03,3454.04,3415.00,3420.84,348782.139,1735199999999,1197936755.88937,648713,170921.915,587297962.24383,0
1735200000000,3420.84,3424.37,3345.00,3371.83,649791.286,1735214399999,2193482072.29772,1036551,308728.131,1042181318.23535,0
1735214400000,3371.83,3372.72,3326.00,3342.32,483895.064,1735228799999,1621000203.39515,951830,233703.760,783096978.81049,0
1735228800000,3342.32,3363.93,3311.26,3338.54,424673.407,1735243199999,1416322508.45267,828487,215733.225,719681526.80115,0
1735243200000,3338.54,3349.39,3302.73,3333.15,332773.998,1735257599999,1106640383.43461,661605,164082.524,545635477.79644,0
