open_time,open,high,low,close,volume,close_time,quote_volume,count,taker_buy_volume,taker_buy_quote_volume,ignore
1739836800000,2742.99,2755.85,2706.09,2710.75,360308.454,1739851199999,981658951.69809,657853,184977.364,503997287.95591,0
1739851200000,2710.75,2716.86,2650.31,2671.01,638482.338,1739865599999,1709178613.63450,1054848,308775.323,826727508.61615,0
1739865600000,2671.00,2705.45,2651.42,2678.14,473428.864,1739879999999,1269966875.24510,741461,219325.045,588576782.19384,0
1739880000000,2678.13,2731.74,2656.84,2672.38,768086.902,1739894399999,2068426348.43498,1147132,384970.499,1036969462.38247,0
1739894400000,2672.38,2683.82,2604.18,2628.80,953451.105,1739908799999,2511465937.45267,1354683,464938.959,1224683075.90159,0
1739908800000,2628.87,2671.00,2616.88,2670.57,385829.819,1739923199999,1021631303.81892,688340,196631.043,520610764.44137,0
