open_time,open,high,low,close,volume,close_time,quote_volume,count,taker_buy_volume,taker_buy_quote_volume,ignore
1723852800000,2591.53,2606.81,2585.81,2594.48,143645.382,1723867199999,373036300.83096,261715,77056.231,200128033.95351,0
1723867200000,2594.48,2602.29,2588.94,2598.88,96026.150,1723881599999,249366273.12260,162168,43659.078,113390322.77113,0
1723881600000,2598.89,2606.47,2591.20,2597.90,119991.959,1723895999999,311768418.39019,188065,55979.498,145472324.32771,0
1723896000000,2597.88,2618.29,2595.44,2605.56,186906.583,1723910399999,487216967.28494,269652,95483.237,248929871.87504,0
1723910400000,2605.55,2628.00,2605.49,2613.79,176955.061,1723924799999,462842896.53178,243026,97794.371,255797738.49273,0
1723924800000,2613.79,2617.04,2598.54,2613.18,97083.433,1723939199999,253177256.76299,162430,45998.066,119966623.15508,0
