open_time,open,high,low,close,volume,close_time,quote_volume,count,taker_buy_volume,taker_buy_quote_volume,ignore
1731283200000,3185.19,3224.91,3172.87,3197.12,519839.859,1731297599999,1662759428.13393,1156356,252036.711,806320644.98750,0
1731297600000,3197.11,3199.38,3107.15,3141.58,694289.674,1731311999999,2183779152.13665,1142733,322981.704,1015982683.68634,0
1731312000000,3141.59,3214.69,3133.36,3199.92,602899.320,1731326399999,1916734509.11103,1012950,304546.069,968375419.09514,0
1731326400000,3199.93,3265.12,3140.58,3240.64,1586358.802,1731340799999,5062440110.22015,2014428,808789.486,2582371488.95608,0
1731340800000,3240.63,3349.58,3236.26,3301.56,1538073.179,1731355199999,5070328583.26149,2218645,755227.610,2490279263.85203,0
1731355200000,3301.55,3392.06,3281.37,3375.02,1306089.166,1731369599999,4366218224.48339,1860346,646906.611,2163253147.85242,0
