open_time,open,high,low,close,volume,close_time,quote_volume,count,taker_buy_volume,taker_buy_quote_volume,ignore
1724716800000,2679.26,2693.10,2665.16,2684.50,246068.313,1724731199999,659501836.83149,341325,122658.546,328796833.53522,0
1724731200000,2684.49,2699.11,2671.70,2686.91,265165.914,1724745599999,712457880.85309,314742,138778.516,372869113.23554,0
1724745600000,2686.91,2691.00,2618.00,2625.59,522738.133,1724759999999,1385732567.60476,598154,233843.450,619885478.49245,0
1724760000000,2625.59,2628.13,2556.00,2577.64,929014.833,1724774399999,2411968183.24083,970869,450738.300,1170480610.65488,0
1724774400000,2577.63,2590.96,2561.90,2582.85,418599.384,1724788799999,1078757169.69449,441182,209422.680,539691095.60116,0
1724788800000,2582.85,2587.48,2388.00,2455.98,1454986.852,1724803199999,3598083750.34892,1431664,633655.908,1566045133.54431,0
