open_time,open,high,low,close,volume,close_time,quote_volume,count,taker_buy_volume,taker_buy_quote_volume,ignore
1732492800000,3362.98,3373.00,3301.96,3364.64,414863.153,1732507199999,1386028404.96358,889937,200759.504,670787254.95722,0
1732507200000,3364.63,3422.45,3363.24,3401.65,432026.341,1732521599999,1464027233.37547,768580,224068.287,759418478.73302,0
1732521600000,3401.66,3531.93,3398.82,3475.22,1103545.009,1732535999999,3835039242.30110,1548766,550462.100,1913243504.39141,0
1732536000000,3475.22,3541.99,3351.00,3521.26,2107604.560,1732550399999,7285163487.40728,2571245,1069330.907,3697806021.24920,0
1732550400000,3521.18,3549.91,3423.56,3467.01,1263688.052,1732564799999,4399061529.88373,1885987,601199.086,2093226958.74851,0
1732564800000,3467.02,3507.98,3366.31,3416.92,921112.230,1732579199999,3170872791.74449,1454519,425086.950,1463759978.60224,0
