open_time,open,high,low,close,volume,close_time,quote_volume,count,taker_buy_volume,taker_buy_quote_volume,ignore
1683331200000,1992.55,2023.66,1962.04,1969.88,938733.717,1683345599999,1868387576.37720,783121,457940.899,911921656.34946,0
1683345600000,1969.88,1971.97,1954.27,1958.13,423839.435,1683359999999,831950999.31189,423190,213644.299,419413064.80891,0
1683360000000,1958.12,1958.13,1920.00,1933.70,856993.735,1683374399999,1657822261.66278,713635,409614.489,792233316.93750,0
1683374400000,1933.71,1934.07,1850.00,1876.18,1706921.279,1683388799999,3228984281.35059,1340568,778669.939,1472565886.16334,0
1683388800000,1876.18,1905.40,1875.08,1896.98,625398.464,1683403199999,1181714159.57225,650255,319316.312,603423140.81636,0
1683403200000,1896.99,1898.95,1882.46,1895.29,328947.293,1683417599999,622803136.18101,420838,156533.225,296379411.63372,0
