open_time,open,high,low,close,volume,close_time,quote_volume,count,taker_buy_volume,taker_buy_quote_volume,ignore
1700352000000,1963.19,1963.85,1943.44,1956.17,252544.464,1700366399999,492844142.13870,241251,129172.319,252076705.73432,0
1700366400000,1956.18,1967.74,1953.13,1962.52,158089.846,1700380799999,309948131.70302,174557,82558.729,161872815.75479,0
1700380800000,1962.52,1967.26,1945.72,1952.25,234293.735,1700395199999,458467917.06409,215426,110511.739,216256006.68093,0
1700395200000,1952.24,1969.80,1945.05,1967.22,250948.116,1700409599999,491090490.66774,238284,133736.278,261763019.98800,0
1700409600000,1967.22,1985.71,1966,1984.03,347036.233,1700423999999,685380492.70842,328742,183719.678,362879254.20963,0
1700424000000,1984.03,2016.45,1976.17,2012.46,483357.178,1700438399999,963976038.00044,408477,261806.691,522304669.92541,0
