open_time,open,high,low,close,volume,close_time,quote_volume,count,taker_buy_volume,taker_buy_quote_volume,ignore
1717545600000,3813.11,3845.00,3800.01,3813.01,244966.867,1717559999999,935827351.19804,426248,125282.547,478654461.58256,0
1717560000000,3813.01,3823.40,3778.91,3811.35,358610.492,1717574399999,1362940260.61138,474176,172801.431,656693827.22109,0
1717574400000,3811.36,3816.14,3790.03,3806.87,176254.598,1717588799999,670248833.33779,335446,88246.931,335635177.03802,0
1717588800000,3806.86,3827.47,3783.21,3816.63,391004.047,1717603199999,1489124556.50428,626111,193781.649,738131384.10418,0
1717603200000,3816.62,3881.77,3798.21,3880.00,546796.450,1717617599999,2103719101.08033,779483,289213.452,1112596456.55806,0
1717617600000,3880.01,3892.06,3844.43,3868.61,221527.808,1717631999999,856392518.09817,365216,111598.572,431433649.14537,0
