open_time,open,high,low,close,volume,close_time,quote_volume,count,taker_buy_volume,taker_buy_quote_volume,ignore
1684368000000,1821.65,1827.72,1817.01,1825.86,237848.454,1684382399999,433320753.08030,247295,117630.426,214316709.21273,0
1684382400000,1825.86,1831.46,1813.52,1826.25,351046.494,1684396799999,639584029.33039,327813,179385.121,326873575.50162,0
1684396800000,1826.26,1829.01,1822.40,1824.90,247836.845,1684411199999,452483590.30804,259886,118530.666,216420150.11291,0
1684411200000,1824.91,1826.29,1803.16,1807.26,734910.324,1684425599999,1334121921.10743,608462,365162.370,662944678.25713,0
1684425600000,1807.25,1812.23,1770.00,1794.37,1016032.998,1684439999999,1819414248.04998,806283,482186.173,863488004.34586,0
1684440000000,1794.36,1821.51,1792.45,1799.69,458784.188,1684454399999,828906115.83459,423817,238807.424,431501896.54356,0
