open_time,open,high,low,close,volume,close_time,quote_volume,count,taker_buy_volume,taker_buy_quote_volume,ignore
1727308800000,2580.08977273,2588.19113636,2560.09363636,2571.59568182,0,1727312399999,0,3600,0,0,0
1727312400000,2571.59568182,2587.53204545,2560.72068182,2586.28545455,0,1727315999999,0,3600,0,0,0
1727316000000,2586.33477273,2600.12227273,2586.06613636,2597.25068182,0,1727319599999,0,3600,0,0,0
1727319600000,2597.24613636,2606.04250000,2593.80977273,2602.25704545,0,1727323199999,0,3600,0,0,0
1727323200000,2602.25500000,2604.99613636,2592.52431818,2596.38522727,0,1727326799999,0,3600,0,0,0
1727326800000,2596.38522727,2616.47342105,2592.93431818,2612.78159091,0,1727330399999,0,3600,0,0,0
1727330400000,2612.82863636,2619.94409091,2612.18863636,2616.82409091,0,1727333999999,0,3600,0,0,0
1727334000000,2616.82409091,2634.33545455,2614.46750000,2630.02500000,0,1727337599999,0,3600,0,0,0
1727337600000,2630.00386364,2632.57954545,2617.91431818,2620.02568182,0,1727341199999,0,3600,0,0,0
1727341200000,2620.02795455,2626.06659091,2613.11227273,2619.71272727,0,1727344799999,0,3600,0,0,0
1727344800000,2619.71340909,2639.20500000,2617.00409091,2629.81590909,0,1727348399999,0,3600,0,0,0
1727348400000,2630.03272727,2631.39204545,2622.55590909,2628.65977273,0,1727351999999,0,3600,0,0,0
1727352000000,2628.66795455,2639.44659091,2623.16431818,2630.22090909,0,1727355599999,0,3600,0,0,0
1727355600000,2630.22090909,2634.97772727,2613.51045455,2619.87613636,0,1727359199999,0,3600,0,0,0
1727359200000,2620.46318182,2653.33772727,2613.63181818,2614.01340909,0,1727362799999,0,3600,0,0,0
1727362800000,2613.89750000,2663.14431818,2609.27818182,2652.10363636,0,1727366399999,0,3600,0,0,0
1727366400000,2652.06954545,2664.47363636,2643.33909091,2650.55295455,0,1727369999999,0,3600,0,0,0
1727370000000,2650.55159091,2665.55386364,2628.74613636,2629.63522727,0,1727373599999,0,3600,0,0,0
1727373600000,2629.77045455,2659.17750000,2627.14250000,2659.17750000,0,1727377199999,0,3600,0,0,0
1727377200000,2659.57136364,2659.57136364,2647.18772727,2649.41136364,0,1727380799999,0,3600,0,0,0
1727380800000,2649.39977273,2654.76227273,2628.84431818,2631.24931818,0,1727384399999,0,3600,0,0,0
1727384400000,2631.24272727,2647.72863636,2630.11386364,2638.71045455,0,1727387999999,0,3600,0,0,0
1727388000000,2638.68318182,2646.15613636,2633.84250000,2637.55000000,0,1727391599999,0,3600,0,0,0
1727391600000,2637.55454545,2637.93363636,2617.72431818,2632.11386364,0,1727395199999,0,3600,0,0,0
