open_time,open,high,low,close,volume,close_time,quote_volume,count,taker_buy_volume,taker_buy_quote_volume,ignore
1735257600000,3334.90636364,3348.67704545,3317.83522727,3347.38454545,0,1735261199999,0,3600,0,0,0
1735261200000,3347.34977273,3373.54090909,3342.20636364,3364.47590909,0,1735264799999,0,3600,0,0,0
1735264800000,3364.09159091,3388.11568182,3352.33500000,3364.66545455,0,1735268399999,0,3600,0,0,0
1735268400000,3364.66477273,3385.08590909,3360.05863636,3379.38090909,0,1735271999999,0,3600,0,0,0
1735272000000,3379.36522727,3391.72113636,3374.01727273,3377.88136364,0,1735275599999,0,3600,0,0,0
1735275600000,3378.38886364,3384.08613636,3363.47704545,3383.64295455,0,1735279199999,0,3600,0,0,0
1735279200000,3383.64500000,3397.54340909,3372.90204545,3397.53113636,0,1735282799999,0,3600,0,0,0
1735282800000,3397.51409091,3398.53431818,3317.64181818,3326.34113636,0,1735286399999,0,3600,0,0,0
1735286400000,3326.33113636,3371.27522727,3325.97886364,3359.20363636,0,1735289999999,0,3600,0,0,0
1735290000000,3358.96863636,3442.50727273,3358.40340909,3423.12909091,0,1735293599999,0,3600,0,0,0
1735293600000,3423.01931818,3428.60250000,3386.71250000,3402.58659091,0,1735297199999,0,3600,0,0,0
1735297200000,3402.58659091,3419.47909091,3397.73181818,3419.01636364,0,1735300799999,0,3600,0,0,0
1735300800000,3418.97318182,3422.45522727,3408.15113636,3413.71659091,0,1735304399999,0,3600,0,0,0
1735304400000,3413.69681818,3414.95250000,3379.81909091,3387.75931818,0,1735307999999,0,3600,0,0,0
1735308000000,3387.74931818,3392.94136364,3339.26977273,3358.79136364,0,1735311599999,0,3600,0,0,0
1735311600000,3359.02590909,3359.84272727,3308.19068182,3325.76704545,0,1735315199999,0,3600,0,0,0
1735315200000,3325.89522727,3336.72522727,3310.22636364,3316.08727273,0,1735318799999,0,3600,0,0,0
1735318800000,3316.22909091,3352.24386364,3308.60954545,3350.61636364,0,1735322399999,0,3600,0,0,0
1735322400000,3350.60409091,3366.52136364,3343.05568182,3361.83090909,0,1735325999999,0,3600,0,0,0
1735326000000,3361.83568182,3362.45454545,3343.62863636,3354.78477273,0,1735329599999,0,3600,0,0,0
1735329600000,3355.07295455,3355.49454545,3335.44931818,3339.79750000,0,1735333199999,0,3600,0,0,0
1735333200000,3339.88022727,3344.18318182,3317.89522727,3319.09068182,0,1735336799999,0,3600,0,0,0
1735336800000,3319.09022727,3334.60000000,3310.33454545,3321.03295455,0,1735340399999,0,3600,0,0,0
1735340400000,3321.03295455,3337.25022727,3316.19022727,3333.21204545,0,1735343999999,0,3600,0,0,0
