open_time,open,high,low,close,volume,close_time,quote_volume,count,taker_buy_volume,taker_buy_quote_volume,ignore
1695081600000,1636.84240506,1638.64987342,1626.90860759,1630.22303797,0,1695085199999,0,3600,0,0,0
1695085200000,1630.22341772,1633.65063291,1629.54696203,1633.19367089,0,1695088799999,0,3600,0,0,0
1695088800000,1633.19367089,1639.48211765,1632.33493671,1639.48211765,0,1695092399999,0,3600,0,0,0
1695092400000,1639.48352941,1639.72576471,1633.48729412,1634.59705882,0,1695095999999,0,3600,0,0,0
1695096000000,1634.59705882,1638.47635294,1633.69870588,1637.41423529,0,1695099599999,0,3600,0,0,0
1695099600000,1637.36482353,1638.35823529,1635.75023529,1636.01200000,0,1695103199999,0,3600,0,0,0
1695103200000,1636.01200000,1637.87088608,1632.76924051,1636.86759494,0,1695106799999,0,3600,0,0,0
1695106800000,1636.86253165,1638.50670886,1636.21341772,1636.23215190,0,1695110399999,0,3600,0,0,0
1695110400000,1636.23215190,1644.45860759,1636.20987342,1643.90417722,0,1695113999999,0,3600,0,0,0
1695114000000,1643.90265823,1660.19858824,1641.40721519,1653.36764706,0,1695117599999,0,3600,0,0,0
1695117600000,1653.38576471,1654.16388235,1642.37870588,1646.52917647,0,1695121199999,0,3600,0,0,0
1695121200000,1646.52917647,1647.77964706,1641.91882353,1647.77894118,0,1695124799999,0,3600,0,0,0
1695124800000,1647.77564706,1650.46211765,1640.81541176,1644.07411765,0,1695128399999,0,3600,0,0,0
1695128400000,1644.04117647,1647.42305882,1636.57752941,1638.10952941,0,1695131999999,0,3600,0,0,0
1695132000000,1638.12576471,1646.48176471,1634.77305882,1645.33694118,0,1695135599999,0,3600,0,0,0
1695135600000,1645.33694118,1659.07305882,1644.15011765,1656.70682353,0,1695139199999,0,3600,0,0,0
1695139200000,1656.78588235,1659.53000000,1648.55329412,1650.56435294,0,1695142799999,0,3600,0,0,0
1695142800000,1650.56905882,1650.84294118,1642.29317647,1645.60364706,0,1695146399999,0,3600,0,0,0
1695146400000,1645.60364706,1649.23247059,1643.93458824,1644.64211765,0,1695149999999,0,3600,0,0,0
1695150000000,1644.64211765,1644.92058824,1640.20988235,1644.10611765,0,1695153599999,0,3600,0,0,0
1695153600000,1644.10611765,1644.34941176,1639.11952941,1642.15364706,0,1695157199999,0,3600,0,0,0
1695157200000,1642.15364706,1642.30117647,1637.09000000,1641.08520548,0,1695160799999,0,3600,0,0,0
1695160800000,1641.08438356,1642.83698630,1637.63941176,1641.94682353,0,1695164399999,0,3600,0,0,0
1695164400000,1641.94682353,1644.51941176,1641.25917647,1643.16670588,0,1695167999999,0,3600,0,0,0
