open_time,open,high,low,close,volume,close_time,quote_volume,count,taker_buy_volume,taker_buy_quote_volume,ignore
1722729600000,2903.57250000,2918.74315789,2901.37681818,2914.11590909,0,1722733199999,0,3600,0,0,0
1722733200000,2914.13568182,2915.01000000,2877.27636364,2907.81681818,0,1722736799999,0,3600,0,0,0
1722736800000,2907.70000000,2933.37613636,2905.86340909,2920.33454545,0,1722740399999,0,3600,0,0,0
1722740400000,2920.28886364,2920.54045455,2909.31954545,2915.88909091,0,1722743999999,0,3600,0,0,0
1722744000000,2915.87068182,2919.21590909,2900.37863636,2901.98636364,0,1722747599999,0,3600,0,0,0
1722747600000,2901.98636364,2918.18681818,2900.40727273,2915.61363636,0,1722751199999,0,3600,0,0,0
1722751200000,2915.61363636,2921.78522727,2910.95590909,2918.10386364,0,1722754799999,0,3600,0,0,0
1722754800000,2918.08681818,2918.47977273,2888.44250000,2893.17477273,0,1722758399999,0,3600,0,0,0
1722758400000,2893.15636364,2913.94295455,2878.12568182,2905.72295455,0,1722761999999,0,3600,0,0,0
1722762000000,2905.77477273,2915.76886364,2904.77818182,2912.62250000,0,1722765599999,0,3600,0,0,0
1722765600000,2912.62250000,2916.20477273,2905.58772727,2915.64659091,0,1722769199999,0,3600,0,0,0
1722769200000,2915.62477273,2924.58500000,2910.84522727,2914.09477273,0,1722772799999,0,3600,0,0,0
1722772800000,2914.09931818,2924.34454545,2910.54204545,2923.57386364,0,1722776399999,0,3600,0,0,0
1722776400000,2923.57659091,2925.34750000,2911.00454545,2911.53568182,0,1722779999999,0,3600,0,0,0
1722780000000,2911.47568182,2913.21250000,2852.35136364,2864.61840909,0,1722783599999,0,3600,0,0,0
1722783600000,2864.53090909,2867.44636364,2820.58568182,2826.05545455,0,1722787199999,0,3600,0,0,0
1722787200000,2826.32704545,2837.42272727,2806.31500000,2811.00704545,0,1722790799999,0,3600,0,0,0
1722790800000,2810.96727273,2816.09204545,2636.75718182,2699.85204545,0,1722794399999,0,3600,0,0,0
1722794400000,2700.09159091,2738.40204545,2684.30431818,2730.04318182,0,1722797999999,0,3600,0,0,0
1722798000000,2729.90477273,2766.93000000,2710.40750000,2758.31704545,0,1722801599999,0,3600,0,0,0
1722801600000,2757.77431818,2771.47704545,2735.11909091,2752.78590909,0,1722805199999,0,3600,0,0,0
1722805200000,2752.55636364,2753.02204545,2727.00340909,2730.67977273,0,1722808799999,0,3600,0,0,0
1722808800000,2730.68045455,2751.05909091,2719.12613636,2722.04590909,0,1722812399999,0,3600,0,0,0
1722812400000,2722.06500000,2723.94750000,2681.95068182,2688.64045455,0,1722815999999,0,3600,0,0,0
