open_time,open,high,low,close,volume,close_time,quote_volume,count,taker_buy_volume,taker_buy_quote_volume,ignore
1689206400000,1871.83544304,1876.09278481,1870.62088608,1871.44329114,0,1689209999999,0,3600,0,0,0
1689210000000,1871.45810127,1873.62164557,1868.28696203,1872.85189873,0,1689213599999,0,3600,0,0,0
1689213600000,1872.85283582,1874.25012658,1868.83392405,1870.04443038,0,1689217199999,0,3600,0,0,0
1689217200000,1870.05354430,1870.56278481,1866.02392405,1867.47569620,0,1689220799999,0,3600,0,0,0
1689220800000,1867.47569620,1869.42012658,1864.35734177,1866.01518987,0,1689224399999,0,3600,0,0,0
1689224400000,1866.02025316,1868.49850746,1863.20303797,1868.42569620,0,1689227999999,0,3600,0,0,0
1689228000000,1868.45873418,1873.34962025,1868.12493671,1872.78329114,0,1689231599999,0,3600,0,0,0
1689231600000,1872.78835443,1874.47797468,1870.17620253,1870.38202532,0,1689235199999,0,3600,0,0,0
1689235200000,1870.38202532,1874.24670886,1869.87670886,1873.41215190,0,1689238799999,0,3600,0,0,0
1689238800000,1873.41405063,1883.83025316,1873.41405063,1882.80088608,0,1689242399999,0,3600,0,0,0
1689242400000,1882.80088608,1883.69202532,1880.17898734,1882.27810127,0,1689245999999,0,3600,0,0,0
1689246000000,1882.26721519,1885.24177215,1882.09354430,1883.77113924,0,1689249599999,0,3600,0,0,0
1689249600000,1883.77620253,1885.07278481,1876.17202532,1880.63645570,0,1689253199999,0,3600,0,0,0
1689253200000,1880.63645570,1887.54886076,1879.68278481,1886.93987342,0,1689256799999,0,3600,0,0,0
1689256800000,1886.94493671,1887.55886076,1877.95189873,1882.29594937,0,1689260399999,0,3600,0,0,0
1689260400000,1882.29443038,1942.95594937,1881.48430380,1931.27253165,0,1689263999999,0,3600,0,0,0
1689264000000,1932.11987342,1966.69620253,1931.23000000,1962.53215190,0,1689267599999,0,3600,0,0,0
1689267600000,1962.61139241,1999.21177215,1956.14253165,1989.10670886,0,1689271199999,0,3600,0,0,0
1689271200000,1989.12063291,2012.19392405,1978.49294118,1980.43482353,0,1689274799999,0,3600,0,0,0
1689274800000,1980.38505882,2003.77258824,1979.99764706,1995.35282353,0,1689278399999,0,3600,0,0,0
1689278400000,1995.34741176,1998.78882353,1982.22576471,1984.11541176,0,1689281999999,0,3600,0,0,0
1689282000000,1984.13517647,1984.86376471,1971.69188235,1982.83541176,0,1689285599999,0,3600,0,0,0
1689285600000,1982.83541176,1992.72329412,1982.14282353,1991.48529412,0,1689289199999,0,3600,0,0,0
1689289200000,1991.27447059,2009.58517647,1991.24223529,2004.43258824,0,1689292799999,0,3600,0,0,0
