open_time,open,high,low,close,volume,close_time,quote_volume,count,taker_buy_volume,taker_buy_quote_volume,ignore
1687910400000,1889.58607595,1890.07417722,1864.33088608,1875.20354430,0,1687913999999,0,3600,0,0,0
1687914000000,1875.20354430,1879.24848101,1867.57253165,1870.52898734,0,1687917599999,0,3600,0,0,0
1687917600000,1870.52974684,1872.95493671,1855.28658228,1861.28886076,0,1687921199999,0,3600,0,0,0
1687921200000,1861.28886076,1867.70367089,1859.53101266,1866.72025316,0,1687924799999,0,3600,0,0,0
1687924800000,1866.70810127,1868.86645570,1862.96873418,1867.87810127,0,1687928399999,0,3600,0,0,0
1687928400000,1867.87430380,1869.87123288,1862.29734177,1867.70260274,0,1687931999999,0,3600,0,0,0
1687932000000,1867.70260274,1867.70260274,1860.39164384,1860.90493151,0,1687935599999,0,3600,0,0,0
1687935600000,1860.89013699,1864.12873418,1848.84455696,1851.08354430,0,1687939199999,0,3600,0,0,0
1687939200000,1851.08860759,1857.86929412,1850.52139241,1857.61717647,0,1687942799999,0,3600,0,0,0
1687942800000,1857.61258824,1862.24388235,1855.64858824,1860.91517647,0,1687946399999,0,3600,0,0,0
1687946400000,1860.91517647,1863.33694118,1859.04388235,1863.16894118,0,1687949999999,0,3600,0,0,0
1687950000000,1863.19576471,1865.12505882,1860.97705882,1861.10752941,0,1687953599999,0,3600,0,0,0
1687953600000,1861.10282353,1864.40764706,1850.26588235,1852.79270588,0,1687957199999,0,3600,0,0,0
1687957200000,1852.78600000,1858.98611765,1846.39964706,1857.00305882,0,1687960799999,0,3600,0,0,0
1687960800000,1857.02470588,1867.83905882,1853.19376471,1858.00411765,0,1687964399999,0,3600,0,0,0
1687964400000,1858.01117647,1863.10988235,1855.22929412,1859.60400000,0,1687967999999,0,3600,0,0,0
1687968000000,1859.59929412,1864.83341176,1855.00647059,1855.28000000,0,1687971599999,0,3600,0,0,0
1687971600000,1855.21882353,1856.59941176,1842.64905882,1848.56235294,0,1687975199999,0,3600,0,0,0
1687975200000,1848.56235294,1852.36882353,1846.39764706,1847.40176471,0,1687978799999,0,3600,0,0,0
1687978800000,1847.40647059,1850.34600000,1817.56658824,1832.54705882,0,1687982399999,0,3600,0,0,0
1687982400000,1832.39717647,1834.65600000,1825.22329412,1831.50552941,0,1687985999999,0,3600,0,0,0
1687986000000,1831.48600000,1833.50211765,1826.10423529,1829.86400000,0,1687989599999,0,3600,0,0,0
1687989600000,1829.86470588,1833.56623529,1826.57411765,1827.74611765,0,1687993199999,0,3600,0,0,0
1687993200000,1827.74682353,1836.60752941,1827.38576471,1827.95870588,0,1687996799999,0,3600,0,0,0
