open_time,open,high,low,close,volume,close_time,quote_volume,count,taker_buy_volume,taker_buy_quote_volume,ignore
1724889600000,2528.24431818,2534.85613636,2519.16409091,2534.19840909,0,1724893199999,0,3600,0,0,0
1724893200000,2534.19840909,2537.17045455,2515.57272727,2521.90795455,0,1724896799999,0,3600,0,0,0
1724896800000,2521.90727273,2530.82409091,2512.93386364,2528.78159091,0,1724900399999,0,3600,0,0,0
1724900400000,2528.78363636,2531.54295455,2521.28159091,2523.04545455,0,1724903999999,0,3600,0,0,0
1724904000000,2523.14045455,2527.07227273,2518.79931818,2524.96068182,0,1724907599999,0,3600,0,0,0
1724907600000,2524.96068182,2541.53090909,2523.41704545,2540.39977273,0,1724911199999,0,3600,0,0,0
1724911200000,2540.40181818,2558.56840909,2536.63045455,2550.20181818,0,1724914799999,0,3600,0,0,0
1724914800000,2550.20250000,2556.15590909,2544.69954545,2547.52431818,0,1724918399999,0,3600,0,0,0
1724918400000,2547.52590909,2551.22909091,2539.92909091,2544.59545455,0,1724921999999,0,3600,0,0,0
1724922000000,2544.59022727,2554.63295455,2542.36090909,2543.84590909,0,1724925599999,0,3600,0,0,0
1724925600000,2543.79409091,2547.70454545,2538.23090909,2542.20818182,0,1724929199999,0,3600,0,0,0
1724929200000,2542.20818182,2573.83227273,2540.01227273,2556.15840909,0,1724932799999,0,3600,0,0,0
1724932800000,2555.98045455,2581.20113636,2552.44613636,2572.79477273,0,1724936399999,0,3600,0,0,0
1724936400000,2572.79477273,2577.89500000,2557.32340909,2570.53295455,0,1724939999999,0,3600,0,0,0
1724940000000,2570.55022727,2578.50318182,2559.60772727,2569.36227273,0,1724943599999,0,3600,0,0,0
1724943600000,2569.36977273,2594.93454545,2567.98295455,2576.17181818,0,1724947199999,0,3600,0,0,0
1724947200000,2576.05250000,2585.58977273,2562.16863636,2570.18090909,0,1724950799999,0,3600,0,0,0
1724950800000,2570.19727273,2579.54772727,2564.80750000,2576.54840909,0,1724954399999,0,3600,0,0,0
1724954400000,2576.54840909,2577.74977273,2511.46727273,2520.43522727,0,1724957999999,0,3600,0,0,0
1724958000000,2520.41681818,2540.10022727,2511.13909091,2528.28636364,0,1724961599999,0,3600,0,0,0
1724961600000,2528.29863636,2543.33636364,2527.82545455,2540.22431818,0,1724965199999,0,3600,0,0,0
1724965200000,2540.26181818,2540.33340909,2529.51078947,2529.70045455,0,1724968799999,0,3600,0,0,0
1724968800000,2529.76863636,2531.42204545,2506.59704545,2524.24022727,0,1724972399999,0,3600,0,0,0
1724972400000,2524.22522727,2530.95886364,2521.07568182,2527.89522727,0,1724975999999,0,3600,0,0,0
