open_time,open,high,low,close,volume,close_time,quote_volume,count,taker_buy_volume,taker_buy_quote_volume,ignore
1700697600000,2063.11934066,2065.69472527,2052.91824176,2053.75527473,0,1700701199999,0,3600,0,0,0
1700701200000,2053.75527473,2070.76670330,2053.30518987,2066.68890110,0,1700704799999,0,3600,0,0,0
1700704800000,2066.69263736,2068.36351648,2058.17120879,2062.79153846,0,1700708399999,0,3600,0,0,0
1700708400000,2062.79505495,2065.26098901,2055.77351648,2059.46230769,0,1700711999999,0,3600,0,0,0
1700712000000,2059.46230769,2066.16351648,2057.41879121,2062.14703297,0,1700715599999,0,3600,0,0,0
1700715600000,2062.14637363,2068.58886076,2061.40186813,2063.63978022,0,1700719199999,0,3600,0,0,0
1700719200000,2063.63978022,2063.85571429,2058.18846154,2061.41835165,0,1700722799999,0,3600,0,0,0
1700722800000,2061.32098901,2069.15538462,2061.22461538,2065.65648352,0,1700726399999,0,3600,0,0,0
1700726400000,2065.63758242,2082.72780220,2064.16835165,2081.44725275,0,1700729999999,0,3600,0,0,0
1700730000000,2081.47626374,2088.42351648,2075.68098901,2087.85868132,0,1700733599999,0,3600,0,0,0
1700733600000,2087.85736264,2088.27703297,2070.71659341,2071.77582418,0,1700737199999,0,3600,0,0,0
1700737200000,2071.77142857,2071.80978022,2043.28362637,2062.46681319,0,1700740799999,0,3600,0,0,0
1700740800000,2062.45274725,2070.10439560,2054.57252747,2056.53846154,0,1700744399999,0,3600,0,0,0
1700744400000,2056.54285714,2063.11516484,2048.23362637,2052.75813187,0,1700747999999,0,3600,0,0,0
1700748000000,2052.75439560,2062.56351648,2051.10186813,2059.24307692,0,1700751599999,0,3600,0,0,0
1700751600000,2059.22857143,2062.01956044,2040.22703297,2042.13626374,0,1700755199999,0,3600,0,0,0
1700755200000,2042.13626374,2053.38505495,2040.25197802,2050.10868132,0,1700758799999,0,3600,0,0,0
1700758800000,2050.11593407,2061.41681319,2050.11241758,2058.16373626,0,1700762399999,0,3600,0,0,0
1700762400000,2058.16373626,2063.16681319,2057.38527473,2060.24252747,0,1700765999999,0,3600,0,0,0
1700766000000,2060.24450549,2066.36604396,2055.91263736,2062.05120879,0,1700769599999,0,3600,0,0,0
1700769600000,2062.01428571,2067.56505495,2061.46890110,2065.85780220,0,1700773199999,0,3600,0,0,0
1700773200000,2065.85780220,2077.13681319,2064.35483516,2068.56131868,0,1700776799999,0,3600,0,0,0
1700776800000,2068.55802198,2070.39494505,2061.50945055,2065.71230769,0,1700780399999,0,3600,0,0,0
1700780400000,2065.70791209,2069.96307692,2059.95252747,2061.94252747,0,1700783999999,0,3600,0,0,0
