open_time,open,high,low,close,volume,close_time,quote_volume,count,taker_buy_volume,taker_buy_quote_volume,ignore
1700352000000,1962.53758242,1962.80901099,1951.74483516,1952.26197802,0,1700355599999,0,3600,0,0,0
1700355600000,1952.25967033,1954.17493671,1944.28197802,1950.83227848,0,1700359199999,0,3600,0,0,0
1700359200000,1950.83075949,1952.15527473,1943.66461538,1948.41593407,0,1700362799999,0,3600,0,0,0
1700362800000,1948.41593407,1957.18351648,1944.01648352,1955.92747253,0,1700366399999,0,3600,0,0,0
1700366400000,1955.90835165,1957.58263736,1952.74886076,1956.69810127,0,1700369999999,0,3600,0,0,0
1700370000000,1956.69810127,1962.28879121,1956.20151899,1956.81846154,0,1700373599999,0,3600,0,0,0
1700373600000,1956.86901099,1966.22956044,1956.24043956,1962.23549451,0,1700377199999,0,3600,0,0,0
1700377200000,1962.23483516,1965.10934066,1960.90645570,1961.76934066,0,1700380799999,0,3600,0,0,0
1700380800000,1961.76934066,1966.29604396,1958.16714286,1958.42240506,0,1700384399999,0,3600,0,0,0
1700384400000,1958.40215190,1964.44813187,1957.06813187,1962.51417582,0,1700387999999,0,3600,0,0,0
1700388000000,1962.51351648,1962.96934066,1957.82769231,1957.82769231,0,1700391599999,0,3600,0,0,0
1700391600000,1957.82395604,1957.82395604,1946.35032967,1951.64648352,0,1700395199999,0,3600,0,0,0
1700395200000,1951.64648352,1953.85307692,1945.37934066,1953.12065934,0,1700398799999,0,3600,0,0,0
1700398800000,1953.12571429,1955.32637363,1951.08692308,1953.00879121,0,1700402399999,0,3600,0,0,0
1700402400000,1953.00505495,1955.81153846,1947.66494505,1953.50351648,0,1700405999999,0,3600,0,0,0
1700406000000,1953.52901099,1968.79428571,1949.58615385,1966.73285714,0,1700409599999,0,3600,0,0,0
1700409600000,1966.73087912,1977.98164835,1966.18857143,1968.60186813,0,1700413199999,0,3600,0,0,0
1700413200000,1968.61285714,1979.30373626,1968.14516484,1973.33692308,0,1700416799999,0,3600,0,0,0
1700416800000,1973.33758242,1981.95373626,1971.35186813,1978.73967033,0,1700420399999,0,3600,0,0,0
1700420400000,1978.92824176,1985.24813187,1974.48483516,1983.46153846,0,1700423999999,0,3600,0,0,0
1700424000000,1983.59648352,1987.52780220,1976.49714286,1984.63043956,0,1700427599999,0,3600,0,0,0
1700427600000,1984.63769231,1986.42164835,1978.72252747,1982.56879121,0,1700431199999,0,3600,0,0,0
1700431200000,1982.60043956,1984.31802198,1976.23923077,1980.82012658,0,1700434799999,0,3600,0,0,0
1700434800000,1980.81506329,2015.27560440,1979.80505495,2011.42714286,0,1700438399999,0,3600,0,0,0
