open_time,open,high,low,close,volume,close_time,quote_volume,count,taker_buy_volume,taker_buy_quote_volume,ignore
1734480000000,3892.96022727,3902.97000000,3856.50931818,3883.68159091,0,1734483599999,0,3600,0,0,0
1734483600000,3883.66250000,3897.23181818,3834.92795455,3846.39750000,0,1734487199999,0,3600,0,0,0
1734487200000,3845.73227273,3880.09545455,3838.69159091,3871.07545455,0,1734490799999,0,3600,0,0,0
1734490800000,3871.03363636,3874.22090909,3837.95272727,3850.25181818,0,1734494399999,0,3600,0,0,0
1734494400000,3850.00159091,3850.23500000,3814.74477273,3840.97840909,0,1734497999999,0,3600,0,0,0
1734498000000,3840.90522727,3860.53704545,3829.50386364,3836.34295455,0,1734501599999,0,3600,0,0,0
1734501600000,3836.40363636,3849.27318182,3804.75704545,3828.52181818,0,1734505199999,0,3600,0,0,0
1734505200000,3828.75818182,3855.80159091,3825.83363636,3847.66363636,0,1734508799999,0,3600,0,0,0
1734508800000,3847.62636364,3860.88795455,3842.25613636,3842.79590909,0,1734512399999,0,3600,0,0,0
1734512400000,3842.79590909,3877.53431818,3842.19863636,3870.07409091,0,1734515999999,0,3600,0,0,0
1734516000000,3869.98045455,3876.68568182,3861.08772727,3873.48590909,0,1734519599999,0,3600,0,0,0
1734519600000,3873.42613636,3887.05909091,3872.40000000,3882.66704545,0,1734523199999,0,3600,0,0,0
1734523200000,3882.57409091,3890.78363636,3853.74545455,3862.15954545,0,1734526799999,0,3600,0,0,0
1734526800000,3862.18613636,3875.29659091,3852.79204545,3855.27000000,0,1734530399999,0,3600,0,0,0
1734530400000,3855.32136364,3872.48295455,3833.72022727,3837.47977273,0,1734533999999,0,3600,0,0,0
1734534000000,3837.50295455,3872.71227273,3825.39590909,3868.24159091,0,1734537599999,0,3600,0,0,0
1734537600000,3868.22613636,3879.20159091,3836.59250000,3872.15159091,0,1734541199999,0,3600,0,0,0
1734541200000,3872.15659091,3891.74727273,3856.88318182,3879.42068182,0,1734544799999,0,3600,0,0,0
1734544800000,3879.39318182,3901.92500000,3867.85681818,3898.57272727,0,1734548399999,0,3600,0,0,0
1734548400000,3898.58931818,3906.14477273,3773.63409091,3773.63409091,0,1734551999999,0,3600,0,0,0
1734552000000,3770.76954545,3784.44818182,3650.16720000,3696.27386364,0,1734555599999,0,3600,0,0,0
1734555600000,3695.29863636,3714.20909091,3662.88522727,3693.21909091,0,1734559199999,0,3600,0,0,0
1734559200000,3693.26045455,3702.62068182,3664.69272727,3680.46522727,0,1734562799999,0,3600,0,0,0
1734562800000,3680.50363636,3680.71522727,3618.32840909,3627.31181818,0,1734566399999,0,3600,0,0,0
