open_time,open,high,low,close,volume,close_time,quote_volume,count,taker_buy_volume,taker_buy_quote_volume,ignore
1682467200000,1866.16256410,1882.70692308,1863.65717949,1867.07512821,0,1682470799999,0,3600,0,0,0
1682470800000,1867.11717949,1871.86923077,1862.11512821,1869.68384615,0,1682474399999,0,3600,0,0,0
1682474400000,1869.68897436,1871.63589744,1867.02641026,1868.73820513,0,1682477999999,0,3600,0,0,0
1682478000000,1868.73974359,1872.64102564,1862.29153846,1862.74641026,0,1682481599999,0,3600,0,0,0
1682481600000,1862.74641026,1868.80871795,1862.74641026,1864.92000000,0,1682485199999,0,3600,0,0,0
1682485200000,1864.91487179,1870.43121212,1864.91487179,1868.90121212,0,1682488799999,0,3600,0,0,0
1682488800000,1868.90121212,1877.02948718,1863.86538462,1865.96153846,0,1682492399999,0,3600,0,0,0
1682492400000,1865.96153846,1866.60384615,1858.77820513,1861.85948718,0,1682495999999,0,3600,0,0,0
1682496000000,1861.85948718,1879.70282051,1861.77333333,1877.02256410,0,1682499599999,0,3600,0,0,0
1682499600000,1877.02564103,1898.16205128,1874.03102564,1896.34384615,0,1682503199999,0,3600,0,0,0
1682503200000,1896.33717949,1919.19743590,1892.37512821,1915.60076923,0,1682506799999,0,3600,0,0,0
1682506800000,1915.60205128,1920.03589744,1909.87871795,1913.91948718,0,1682510399999,0,3600,0,0,0
1682510400000,1914.11717949,1964.04179487,1914.11717949,1961.13564103,0,1682513999999,0,3600,0,0,0
1682514000000,1961.13128205,1963.35205128,1944.05384615,1953.89743590,0,1682517599999,0,3600,0,0,0
1682517600000,1954.06769231,1955.31179487,1934.57435897,1946.02051282,0,1682521199999,0,3598,0,0,0
1682521200000,1946.01820513,1954.43948718,1945.00794872,1953.65897436,0,1682524799999,0,3600,0,0,0
1682524800000,1953.69820513,1958.05589744,1946.67076923,1954.15435897,0,1682528399999,0,3600,0,0,0
1682528400000,1954.18179487,1958.47051282,1945.32948718,1947.87538462,0,1682531999999,0,3600,0,0,0
1682532000000,1947.87538462,1950.80230769,1944.23410256,1946.26358974,0,1682535599999,0,3600,0,0,0
1682535600000,1946.28743590,1946.58051282,1820.77948718,1829.17615385,0,1682539199999,0,3600,0,0,0
1682539200000,1828.92333333,1866.62461538,1788.77512821,1865.94974359,0,1682542799999,0,3600,0,0,0
1682542800000,1865.98743590,1881.76923077,1848.55769231,1878.20307692,0,1682546399999,0,3600,0,0,0
1682546400000,1878.18179487,1880.12153846,1856.58384615,1865,0,1682549999999,0,3600,0,0,0
1682550000000,1865,1873.29743590,1860.20333333,1865.93487179,0,1682553599999,0,3600,0,0,0
