open_time,open,high,low,close,volume,close_time,quote_volume,count,taker_buy_volume,taker_buy_quote_volume,ignore
1694908800000,214.86521515,214.96222506,213.82685555,214.01866249,0,1694912399999,0,3600,0,0,0
1694912400000,214.02484805,214.62528523,213.46260581,214.45377364,0,1694915999999,0,3600,0,0,0
1694916000000,214.45378365,214.94065946,214.31028186,214.78910784,0,1694919599999,0,3600,0,0,0
1694919600000,214.78910784,215.07170081,214.62805662,214.85082956,0,1694923199999,0,3600,0,0,0
1694923200000,214.85082956,214.96742902,214.61533651,214.96154272,0,1694926799999,0,3600,0,0,0
1694926800000,214.92030560,214.98110554,214.30298639,214.63081118,0,1694930399999,0,3600,0,0,0
1694930400000,214.63081118,214.83688935,214.43637640,214.74971513,0,1694933999999,0,3600,0,0,0
1694934000000,214.74972514,214.94350916,214.42223211,214.46308028,0,1694937599999,0,3600,0,0,0
1694937600000,214.46308028,215.01283995,214.35399947,214.95983165,0,1694941199999,0,3600,0,0,0
1694941200000,214.95983165,215.06524440,214.71387643,215.00545002,0,1694944799999,0,3600,0,0,0
1694944800000,215.00545002,215.16340414,214.78814481,214.88185524,0,1694948399999,0,3600,0,0,0
1694948400000,214.88186524,214.97163274,214.53546788,214.64120333,0,1694951999999,0,3600,0,0,0
1694952000000,214.59997621,215.06532007,214.54590065,215.04957161,0,1694955599999,0,3600,0,0,0
1694955600000,215.04957161,215.26387821,214.80185196,215.26387821,0,1694959199999,0,3600,0,0,0
1694959200000,215.26387821,216.76948579,215.21771707,215.99149301,0,1694962799999,0,3600,0,0,0
1694962800000,215.99149301,216.62430274,215.98282315,216.19167264,0,1694966399999,0,3600,0,0,0
1694966400000,216.19167264,216.41677605,215.51991503,215.76314465,0,1694969999999,0,3600,0,0,0
1694970000000,215.76314465,215.83486041,215.21046129,215.21911851,0,1694973599999,0,3600,0,0,0
1694973600000,215.21911851,216.05806975,215.13034306,215.93297893,0,1694977199999,0,3600,0,0,0
1694977200000,215.93297893,216.44865913,215.89761691,216.40342841,0,1694980799999,0,3600,0,0,0
1694980800000,216.44467562,216.45830274,215.09252680,215.51728957,0,1694984399999,0,3600,0,0,0
1694984400000,215.55852668,216.29490321,215.34448812,216.13924199,0,1694987999999,0,3600,0,0,0
1694988000000,216.09668880,216.43788575,215.99577447,216.35366892,0,1694991599999,0,3600,0,0,0
1694991600000,216.39762497,216.43959086,216.03870064,216.42943834,0,1694995199999,0,3600,0,0,0
