open_time,open,high,low,close,volume,close_time,quote_volume,count,taker_buy_volume,taker_buy_quote_volume,ignore
1688860800000,236.25292492,236.58837909,235.74908260,236.56810189,0,1688864399999,0,3600,0,0,0
1688864400000,236.56809160,237.00931282,235.91840434,236.17800420,0,1688867999999,0,3600,0,0,0
1688868000000,236.13404815,236.56890664,235.64656380,235.92505759,0,1688871599999,0,3600,0,0,0
1688871600000,235.97230008,236.28718634,235.72286388,236.13222145,0,1688875199999,0,3600,0,0,0
1688875200000,236.17617750,236.28240325,235.55628026,235.67888412,0,1688878799999,0,3600,0,0,0
1688878800000,235.67888412,235.85804429,235.23790615,235.36730958,0,1688882399999,0,3600,0,0,0
1688882400000,235.36730958,235.37306997,234.73413209,234.99400711,0,1688885999999,0,3600,0,0,0
1688886000000,234.99400711,235.22034449,234.33285527,234.57828495,0,1688889599999,0,3600,0,0,0
1688889600000,234.57828495,235.04601986,234.44156556,234.96794537,0,1688893199999,0,3600,0,0,0
1688893200000,234.96794537,235.06979175,234.40067253,235.01084774,0,1688896799999,0,3600,0,0,0
1688896800000,235.05479354,235.09800039,234.62704874,234.83308360,0,1688900399999,0,3600,0,0,0
1688900400000,234.83308360,234.96325109,234.51371655,234.84188760,0,1688903999999,0,3600,0,0,0
1688904000000,234.84188760,235.45785236,234.53680442,235.35430933,0,1688907599999,0,3600,0,0,0
1688907600000,235.31035329,235.47851098,234.52040425,234.54453388,0,1688911199999,0,3600,0,0,0
1688911200000,234.58848993,235.04521545,233.16881534,234.66828554,0,1688914799999,0,3600,0,0,0
1688914800000,234.66827534,234.75417314,234.00889377,234.32338478,0,1688918399999,0,3600,0,0,0
1688918400000,234.32338478,235.05259791,234.02049985,234.51118848,0,1688921999999,0,3600,0,0,0
1688922000000,234.55514453,234.84631054,234.13420716,234.76284582,0,1688925599999,0,3600,0,0,0
1688925600000,234.76284582,234.86176034,234.48539903,234.54848169,0,1688929199999,0,3600,0,0,0
1688929200000,234.50451543,234.85000219,234.23402358,234.80011984,0,1688932799999,0,3600,0,0,0
1688932800000,234.80013080,234.87467272,234.00604997,234.57575914,0,1688936399999,0,3600,0,0,0
1688936400000,234.57575914,234.75626441,234.01655946,234.17279742,0,1688939999999,0,3600,0,0,0
1688940000000,234.17279742,234.66489280,233.57083662,234.31988899,0,1688943599999,0,3600,0,0,0
1688943600000,234.31989995,234.62845401,233.74287466,234.08994404,0,1688947199999,0,3600,0,0,0
