open_time,open,high,low,close,volume,close_time,quote_volume,count,taker_buy_volume,taker_buy_quote_volume,ignore
1580774400000,18.46000000,18.61580000,18.46000000,18.56380000,0,1580777999999,0,3600,0,0,0
1580778000000,18.56470000,18.58000000,18.44690000,18.46520000,0,1580781599999,0,3600,0,0,0
1580781600000,18.46520000,18.56030000,18.44990000,18.49000000,0,1580785199999,0,3597,0,0,0
1580785200000,18.49000000,18.49570000,18.39330000,18.42070000,0,1580788799999,0,3600,0,0,0
1580788800000,18.42070000,18.46850000,18.33470000,18.34100000,0,1580792399999,0,3600,0,0,0
1580792400000,18.34760000,18.37050000,18.25000000,18.35700000,0,1580795999999,0,3597,0,0,0
1580796000000,18.35700000,18.38310000,18.30340000,18.32840000,0,1580799599999,0,3598,0,0,0
1580799600000,18.32840000,18.39150000,18.30010000,18.37090000,0,1580803199999,0,3595,0,0,0
1580803200000,18.37090000,18.39970000,18.24000000,18.24020000,0,1580806799999,0,3600,0,0,0
1580806800000,18.23630000,18.30030000,17.97120000,17.99130000,0,1580810399999,0,3600,0,0,0
1580810400000,17.99670000,18.11860000,17.97140000,17.98890000,0,1580813999999,0,3600,0,0,0
1580814000000,17.98890000,18.17350000,17.89480000,18.04140000,0,1580817599999,0,3600,0,0,0
1580817600000,18.04140000,18.08440000,17.89870000,17.94790000,0,1580821199999,0,3599,0,0,0
1580821200000,17.94790000,17.95150000,17.88000000,17.93090000,0,1580824799999,0,3600,0,0,0
1580824800000,17.93090000,17.97060000,17.87000000,17.96190000,0,1580828399999,0,3599,0,0,0
1580828400000,17.96190000,18.20560000,17.93580000,18.16840000,0,1580831999999,0,3600,0,0,0
1580832000000,18.16840000,18.25380000,18.15970000,18.23980000,0,1580835599999,0,3600,0,0,0
1580835600000,18.23980000,18.25000000,18.18110000,18.23030000,0,1580839199999,0,3600,0,0,0
1580839200000,18.23040000,18.25730000,18.13280000,18.17880000,0,1580842799999,0,3599,0,0,0
1580842800000,18.17880000,18.20830000,18.12000000,18.16430000,0,1580846399999,0,3599,0,0,0
1580846400000,18.16430000,18.19970000,18.06490000,18.19970000,0,1580849999999,0,3600,0,0,0
1580850000000,18.19970000,18.26490000,18.13010000,18.19330000,0,1580853599999,0,3599,0,0,0
1580853600000,18.18770000,18.23060000,18.17300000,18.21320000,0,1580857199999,0,3600,0,0,0
1580857200000,18.21320000,18.23100000,18.14700000,18.18210000,0,1580860799999,0,3599,0,0,0
