open_time,open,high,low,close,volume,close_time,quote_volume,count,taker_buy_volume,taker_buy_quote_volume,ignore
1705276800000,299.57389357,303.92990469,299.53893469,303.77740372,0,1705280399999,0,3600,0,0,0
1705280400000,303.77740372,304.91192040,302.88979702,304.79993302,0,1705283999999,0,3600,0,0,0
1705284000000,304.81269898,307.24194709,304.28752505,307.13355093,0,1705287599999,0,3600,0,0,0
1705287600000,307.13993391,309.93502004,307.03041754,309.50785328,0,1705291199999,0,3600,0,0,0
1705291200000,309.48964408,315.06457243,309.45687906,314.32822087,0,1705294799999,0,3600,0,0,0
1705294800000,314.34099625,317.50718812,314.27992128,316.98504010,0,1705298399999,0,3600,0,0,0
1705298400000,317.07082458,319.73944153,316.82397660,317.27698889,0,1705301999999,0,3600,0,0,0
1705302000000,317.23443569,318.92806628,314.87580346,315.00492611,0,1705305599999,0,3600,0,0,0
1705305600000,315.04746989,316.53358731,311.62105818,314.67902797,0,1705309199999,0,3600,0,0,0
1705309200000,314.67560297,316.88321584,314.36853664,316.58107325,0,1705312799999,0,3600,0,0,0
1705312800000,316.61102337,316.82785882,313.16374945,313.30223082,0,1705316399999,0,3600,0,0,0
1705316400000,313.30766468,313.98103218,312.79486000,312.92481934,0,1705319999999,0,3600,0,0,0
1705320000000,312.93794281,319.94728404,312.35674676,316.85753819,0,1705323599999,0,3600,0,0,0
1705323600000,316.90192330,319.88276426,316.68608016,318.71979462,0,1705327199999,0,3600,0,0,0
1705327200000,318.71978512,318.83407036,313.61355868,314.92571625,0,1705330799999,0,3600,0,0,0
1705330800000,314.93285566,315.92417089,313.52734255,314.31012915,0,1705334399999,0,3600,0,0,0
1705334400000,314.29736319,317.74306033,314.05247471,317.44913108,0,1705337999999,0,3600,0,0,0
1705338000000,317.44913108,317.85122758,316.24088859,316.80768292,0,1705341599999,0,3600,0,0,0
1705341600000,316.80986302,318.98539036,316.78377512,317.63135771,0,1705345199999,0,3600,0,0,0
1705345200000,317.63134828,318.79068188,317.46222588,318.34498478,0,1705348799999,0,3600,0,0,0
1705348800000,318.38204009,318.95678648,316.52830824,316.77157064,0,1705352399999,0,3600,0,0,0
1705352400000,316.82415186,317.32208587,314.79726811,314.91058731,0,1705355999999,0,3600,0,0,0
1705356000000,314.91050736,316.59225522,312.54291661,316.20453872,0,1705359599999,0,3600,0,0,0
1705359600000,316.21761946,318.24753896,315.94438497,317.60080596,0,1705363199999,0,3600,0,0,0
