open_time,open,high,low,close,volume,close_time,quote_volume,count,taker_buy_volume,taker_buy_quote_volume,ignore
1712620800000,586.40544468,590.06299664,584.43087923,585.11152851,0,1712624399999,0,3600,0,0,0
1712624400000,585.10241106,586.05361091,581.89435037,582.50902882,0,1712627999999,0,3600,0,0,0
1712628000000,582.50902882,586.31488115,582.08150513,582.54452289,0,1712631599999,0,3600,0,0,0
1712631600000,582.58706567,583.59748250,581.93708747,582.30334660,0,1712635199999,0,3600,0,0,0
1712635200000,582.30334660,582.95089546,579.89459922,582.08634964,0,1712638799999,0,3600,0,0,0
1712638800000,582.08634964,584.06748027,581.69229010,583.88048400,0,1712642399999,0,3600,0,0,0
1712642400000,583.91026074,584.51792219,580.57321438,581.11577380,0,1712645999999,0,3600,0,0,0
1712646000000,581.15955882,581.38885331,574.25127995,574.43470367,0,1712649599999,0,3600,0,0,0
1712649600000,574.43471409,581.74074482,571.91744122,581.16770743,0,1712653199999,0,3600,0,0,0
1712653200000,581.16427447,582.14274393,579.00632025,579.11233707,0,1712656799999,0,3600,0,0,0
1712656800000,579.07326261,583.47144489,578.92160287,583.13974430,0,1712660399999,0,3600,0,0,0
1712660400000,583.13974430,585.02280000,582.66409038,584.17121239,0,1712663999999,0,3600,0,0,0
1712664000000,584.17120185,584.95549245,582.04345710,583.74350288,0,1712667599999,0,3600,0,0,0
1712667600000,583.70094969,584.70176401,579.75337269,579.75337269,0,1712671199999,0,3600,0,0,0
1712671200000,579.81004285,583.71611496,574.01636885,577.83273369,0,1712674799999,0,3600,0,0,0
1712674800000,577.83070922,579.14544536,573.87222329,578.95924666,0,1712678399999,0,3600,0,0,0
1712678400000,579.00296221,579.08485784,575.72813519,576.24906146,0,1712681999999,0,3600,0,0,0
1712682000000,576.24908495,579.04379303,574.32084178,577.89736434,0,1712685599999,0,3600,0,0,0
1712685600000,577.84842817,579.52199163,577.57102733,579.42300471,0,1712689199999,0,3600,0,0,0
1712689200000,579.42300471,580.84578852,578.35211049,580.39031279,0,1712692799999,0,3600,0,0,0
1712692800000,580.41236701,581.95681398,580.17536255,580.74071044,0,1712696399999,0,3600,0,0,0
1712696400000,580.74072116,582.14430557,579.37023770,582.05451942,0,1712699999999,0,3600,0,0,0
1712700000000,582.00559398,583.38619469,581.32838173,582.83957517,0,1712703599999,0,3600,0,0,0
1712703600000,582.84086250,582.84086250,579.25005580,580.52431532,0,1712707199999,0,3600,0,0,0
