open_time,open,high,low,close,volume,close_time,quote_volume,count,taker_buy_volume,taker_buy_quote_volume,ignore
1707868800000,324.66644737,324.76938143,323.41530286,323.92583084,0,1707872399999,0,3600,0,0,0
1707872400000,323.96839239,324.92680835,323.79727243,324.91267015,0,1707875999999,0,3600,0,0,0
1707876000000,324.87012535,325.58321368,324.56130621,325.49178173,0,1707879599999,0,3600,0,0,0
1707879600000,325.48534210,326.09993029,325.27997915,325.93875017,0,1707883199999,0,3600,0,0,0
1707883200000,325.93875017,326.26157032,325.06718587,325.52074844,0,1707886799999,0,3600,0,0,0
1707886800000,325.52074844,326.26750508,325.42864877,326.21803913,0,1707890399999,0,3600,0,0,0
1707890400000,326.21803913,327.54219383,326.13066707,327.41019596,0,1707893999999,0,3600,0,0,0
1707894000000,327.41018753,328.17056989,327.32458958,327.97521609,0,1707897599999,0,3599,0,0,0
1707897600000,327.97522449,329.97613288,327.73589707,329.85549468,0,1707901199999,0,3600,0,0,0
1707901200000,329.88846906,331.94702433,329.51317551,331.17912613,0,1707904799999,0,3600,0,0,0
1707904800000,331.14752160,332.02012715,330.60470400,332.02012715,0,1707908399999,0,3600,0,0,0
1707908400000,332.02011626,333.60872093,331.83307034,332.78835609,0,1707911999999,0,3600,0,0,0
1707912000000,332.74581113,334.36774666,332.49892715,332.84291032,0,1707915599999,0,3600,0,0,0
1707915600000,332.82588081,334.14655721,332.63440259,333.66663646,0,1707919199999,0,3600,0,0,0
1707919200000,333.64320290,333.65191036,332.04230913,332.48837411,0,1707922799999,0,3600,0,0,0
1707922800000,332.49405390,332.75124807,330.36921672,332.48243404,0,1707926399999,0,3600,0,0,0
1707926400000,332.52729333,332.81767339,331.43015736,332.47642126,0,1707929999999,0,3600,0,0,0
1707930000000,332.51542778,334.31562025,331.48763580,331.48763580,0,1707933599999,0,3600,0,0,0
1707933600000,331.53308160,332.67930663,330.60920532,332.47531046,0,1707937199999,0,3600,0,0,0
1707937200000,332.42984710,332.81854328,331.69509625,332.69055033,0,1707940799999,0,3600,0,0,0
1707940800000,332.68395314,333.70441128,332.41982086,333.42757144,0,1707944399999,0,3600,0,0,0
1707944400000,333.42758024,333.98015885,332.79276139,333.66700996,0,1707947999999,0,3600,0,0,0
1707948000000,333.66700172,334.35014808,332.79645769,333.73680968,0,1707951599999,0,3600,0,0,0
1707951600000,333.70747186,334.01670953,333.02070463,333.77940140,0,1707955199999,0,3600,0,0,0
