open_time,open,high,low,close,volume,close_time,quote_volume,count,taker_buy_volume,taker_buy_quote_volume,ignore
1696550400000,210.59783213,211.24588513,210.54512557,211.23695935,0,1696553999999,0,3600,0,0,0
1696554000000,211.23694983,211.44226837,211.11831215,211.36755754,0,1696557599999,0,3600,0,0,0
1696557600000,211.36755754,211.72203010,211.36755754,211.43902622,0,1696561199999,0,3600,0,0,0
1696561200000,211.48025383,211.68862898,211.32835993,211.54125723,0,1696564799999,0,3600,0,0,0
1696564800000,211.54125723,211.60518709,211.29928524,211.37638176,0,1696568399999,0,3600,0,0,0
1696568400000,211.37638176,211.44205514,211.14702698,211.35071833,0,1696571999999,0,3600,0,0,0
1696572000000,211.35072784,211.58634274,211.13838234,211.53461403,0,1696575599999,0,3600,0,0,0
1696575600000,211.53461403,212.56042981,211.52161023,212.44191124,0,1696579199999,0,3600,0,0,0
1696579200000,212.44191124,212.56154878,212.00721813,212.08331988,0,1696582799999,0,3600,0,0,0
1696582800000,212.08673638,212.28946928,212.04078369,212.18394853,0,1696586399999,0,3600,0,0,0
1696586400000,212.13652584,212.47463671,211.89670487,211.89858251,0,1696589999999,0,3600,0,0,0
1696590000000,211.93982909,212.18129812,211.73298025,212.01686413,0,1696593599999,0,3600,0,0,0
1696593600000,212.02107809,212.07937707,210.37719687,210.49272007,0,1696597199999,0,3600,0,0,0
1696597200000,210.50162823,212.22122413,210.17174157,211.29090051,0,1696600799999,0,3600,0,0,0
1696600800000,211.29090051,211.76395138,210.84028221,211.70127471,0,1696604399999,0,3600,0,0,0
1696604400000,211.70126462,212.76887015,211.59649516,212.62566473,0,1696607999999,0,3600,0,0,0
1696608000000,212.58442761,212.80107382,211.92724396,212.52332402,0,1696611599999,0,3600,0,0,0
1696611600000,212.56456113,214.09919389,212.52276854,213.74810456,0,1696615199999,0,3600,0,0,0
1696615200000,213.70685799,213.92563368,213.23758091,213.40893695,0,1696618799999,0,3600,0,0,0
1696618800000,213.40893695,214.00361178,213.32118145,213.39615140,0,1696622399999,0,3600,0,0,0
1696622400000,213.43933426,213.67243592,213.21021311,213.37903678,0,1696625999999,0,3600,0,0,0
1696626000000,213.37903678,214.37618638,213.15587766,213.97362504,0,1696629599999,0,3600,0,0,0
1696629600000,213.97731634,214.25074556,213.52066460,213.62628508,0,1696633199999,0,3600,0,0,0
1696633200000,213.62892380,213.66088619,213.14019969,213.36500108,0,1696636799999,0,3600,0,0,0
