open_time,open,high,low,close,volume,close_time,quote_volume,count,taker_buy_volume,taker_buy_quote_volume,ignore
1692144000000,236.78637526,237.38751850,236.49397348,236.59719791,0,1692147599999,0,3600,0,0,0
1692147600000,236.59718723,236.88736545,236.34403682,236.67817086,0,1692151199999,0,3600,0,0,0
1692151200000,236.67817086,237.06630839,236.51281788,236.87804776,0,1692154799999,0,3600,0,0,0
1692154800000,236.87804776,237.05862845,236.49987665,236.51325956,0,1692158399999,0,3600,0,0,0
1692158400000,236.51325956,236.76449126,235.84685389,236.14509867,0,1692161999999,0,3600,0,0,0
1692162000000,236.14329853,236.31588039,235.26963986,235.31741583,0,1692165599999,0,3600,0,0,0
1692165600000,235.35336667,235.42056606,234.59469707,234.85912647,0,1692169199999,0,3600,0,0,0
1692169200000,234.81819864,235.37032630,234.73918977,234.86661165,0,1692172799999,0,3600,0,0,0
1692172800000,234.86661165,234.97106089,233.56847713,234.37434331,0,1692176399999,0,3600,0,0,0
1692176400000,234.33310619,234.60190328,233.52247761,234.00852888,0,1692179999999,0,3599,0,0,0
1692180000000,234.05249551,235.04609152,233.86259804,234.87702495,0,1692183599999,0,3600,0,0,0
1692183600000,234.87703556,235.03774480,234.52678737,234.86026053,0,1692187199999,0,3600,0,0,0
1692187200000,234.86027114,234.96503524,233.11585979,233.86502989,0,1692190799999,0,3600,0,0,0
1692190800000,233.86501931,234.01842207,232.62525447,232.84227255,0,1692194399999,0,3600,0,0,0
1692194400000,232.83999216,233.77093345,232.76099218,233.72381785,0,1692197999999,0,3600,0,0,0
1692198000000,233.72380728,234.09706175,233.07955209,233.25622486,0,1692201599999,0,3600,0,0,0
1692201600000,233.25622486,234.66981609,233.02611269,234.65533817,0,1692205199999,0,3600,0,0,0
1692205200000,234.65916312,234.67841655,233.85169600,234.41958712,0,1692208799999,0,3600,0,0,0
1692208800000,234.37948800,235.25939668,234.16224381,234.73959387,0,1692212399999,0,3600,0,0,0
1692212400000,234.73894514,234.79322079,234.11768058,234.17208847,0,1692215999999,0,3600,0,0,0
1692216000000,234.17209908,234.47887667,231.75526522,232.85046215,0,1692219599999,0,3600,0,0,0
1692219600000,232.85046215,232.85046215,230.84960507,231.68544428,0,1692223199999,0,3600,0,0,0
1692223200000,231.63839676,232.29758738,231.61102120,231.85329363,0,1692226799999,0,3600,0,0,0
1692226800000,231.89576786,232.28987686,231.46557136,232.07147442,0,1692230399999,0,3600,0,0,0
