open_time,open,high,low,close,volume,close_time,quote_volume,count,taker_buy_volume,taker_buy_quote_volume,ignore
1664496000000,284.07887784,285.44796591,283.44506841,284.71715842,0,1664499599999,0,3600,0,0,0
1664499600000,284.71579598,284.95501823,283.64930087,284.39350242,0,1664503199999,0,3600,0,0,0
1664503200000,284.38898504,284.78845054,282.82345202,284.33684013,0,1664506799999,0,3600,0,0,0
1664506800000,284.39333165,285.21339268,283.87558362,284.41895272,0,1664510399999,0,3600,0,0,0
1664510400000,284.42020379,284.69587668,283.56084200,283.61970215,0,1664513999999,0,3600,0,0,0
1664514000000,283.61929570,283.98723679,283.36368135,283.44255372,0,1664517599999,0,3600,0,0,0
1664517600000,283.37701366,284.00313626,283.37701366,283.80889271,0,1664521199999,0,3600,0,0,0
1664521200000,283.75038812,287.74928834,283.75038812,286.66926873,0,1664524799999,0,3600,0,0,0
1664524800000,286.73776491,287.28893385,285.52880714,287.12503996,0,1664528399999,0,3600,0,0,0
1664528400000,287.18429899,287.19487327,285.66653065,286.70475165,0,1664531999999,0,3600,0,0,0
1664532000000,286.76352335,287.94859832,285.14040100,285.39464257,0,1664535599999,0,3600,0,0,0
1664535600000,285.39246288,285.49921656,282.57919556,283.39307325,0,1664539199999,0,3600,0,0,0
1664539200000,283.39259486,285.29722626,282.22415965,283.45265662,0,1664542799999,0,3600,0,0,0
1664542800000,283.39336333,285.11484194,282.17025653,284.68810379,0,1664546399999,0,3600,0,0,0
1664546400000,284.71050056,288.82973519,284.01149831,288.77921524,0,1664549999999,0,3600,0,0,0
1664550000000,288.82914884,289.78396609,286.63636234,286.81452383,0,1664553599999,0,3600,0,0,0
1664553600000,286.75556221,288.27634400,286.23495895,287.22094054,0,1664557199999,0,3600,0,0,0
1664557200000,287.21425744,288.23904473,285.61888045,286.64436970,0,1664560799999,0,3600,0,0,0
1664560800000,286.70468400,287.39520436,285.70237539,285.86639486,0,1664564399999,0,3600,0,0,0
1664564400000,285.86804115,286.48394739,283.73089691,284.11681831,0,1664567999999,0,3600,0,0,0
1664568000000,283.94518393,284.76289697,281.36363820,281.81132766,0,1664571599999,0,3600,0,0,0
1664571600000,281.86883419,282.18531191,280.86296710,281.34897934,0,1664575199999,0,3600,0,0,0
1664575200000,281.34676408,281.99499683,280.55409190,281.98429943,0,1664578799999,0,3600,0,0,0
1664578800000,281.98268226,284.85561811,281.54316639,284.79151786,0,1664582399999,0,3600,0,0,0
