open_time,open,high,low,close,volume,close_time,quote_volume,count,taker_buy_volume,taker_buy_quote_volume,ignore
1721260800000,568.84261702,574.32231973,568.61276915,573.52856387,0,1721264399999,0,3600,0,0,0
1721264400000,573.52856387,574.94143926,572.96897546,574.94143926,0,1721267999999,0,3600,0,0,0
1721268000000,574.94145061,576.70670131,570.62801703,573.49573724,0,1721271599999,0,3600,0,0,0
1721271600000,573.41064217,574.63647574,572.87044170,574.04236764,0,1721275199999,0,3600,0,0,0
1721275200000,574.07428253,574.37551380,571.44573251,571.75351438,0,1721278799999,0,3600,0,0,0
1721278800000,571.79606757,574.33058563,569.33984431,573.67507133,0,1721282399999,0,3600,0,0,0
1721282400000,573.67506002,576.01718417,572.87821719,575.72734176,0,1721285999999,0,3600,0,0,0
1721286000000,575.72094748,576.04920791,572.24816930,572.26898797,0,1721289599999,0,3600,0,0,0
1721289600000,572.27131540,574.19619464,570.64576990,574.12544443,0,1721293199999,0,3600,0,0,0
1721293200000,574.07650826,574.97768214,572.88742293,574.26109491,0,1721296799999,0,3600,0,0,0
1721296800000,574.24882829,574.30671650,571.53164410,573.59102739,0,1721300399999,0,3600,0,0,0
1721300400000,573.59927547,574.11844681,572.58186979,573.99841464,0,1721303999999,0,3600,0,0,0
1721304000000,574.04309549,576.77172645,573.98505199,576.61183414,0,1721307599999,0,3600,0,0,0
1721307600000,576.58630222,579.44497926,574.10637391,574.80791874,0,1721311199999,0,3600,0,0,0
1721311200000,574.78878117,575.73033413,567.34599373,570.22883099,0,1721314799999,0,3600,0,0,0
1721314800000,570.22881961,570.42393709,565.03543203,565.48669397,0,1721318399999,0,3600,0,0,0
1721318400000,565.51649257,571.31793810,561.77810952,570.80546026,0,1721321999999,0,3600,0,0,0
1721322000000,570.81121634,571.18836511,567.57563472,567.98179911,0,1721325599999,0,3600,0,0,0
1721325600000,567.97477783,568.18254846,565.73994298,567.01473224,0,1721329199999,0,3600,0,0,0
1721329200000,566.98281735,568.67308552,565.06827435,567.78712827,0,1721332799999,0,3600,0,0,0
1721332800000,567.78782324,570.51333886,566.90610009,570.42794941,0,1721336399999,0,3600,0,0,0
1721336400000,570.38123506,570.70541413,569.74261681,570.55386383,0,1721339999999,0,3600,0,0,0
1721340000000,570.55386383,572.89143685,569.99710798,572.28403643,0,1721343599999,0,3600,0,0,0
1721343600000,572.24147183,573.27055015,571.78322878,571.95660931,0,1721347199999,0,3600,0,0,0
