open_time,open,high,low,close,volume,close_time,quote_volume,count,taker_buy_volume,taker_buy_quote_volume,ignore
1677196800000,308.23939632,309.04674690,307.65720568,308.74572703,0,1677200399999,0,3600,0,0,0
1677200400000,308.74766358,310.92535426,308.69918465,309.97874675,0,1677203999999,0,3600,0,0,0
1677204000000,309.98094983,310.27077056,308.80088619,308.93903290,0,1677207599999,0,3600,0,0,0
1677207600000,308.98225868,309.94541864,308.85924783,309.50444187,0,1677211199999,0,3600,0,0,0
1677211200000,309.50445518,310.21250471,309.35602076,309.74372425,0,1677214799999,0,3600,0,0,0
1677214800000,309.74276107,309.88576441,309.08832150,309.41736754,0,1677218399999,0,3600,0,0,0
1677218400000,309.41620628,310.46703496,308.86564123,310.40391702,0,1677221999999,0,3600,0,0,0
1677222000000,310.40612291,311.16174469,309.65902751,310.78055743,0,1677225599999,0,3600,0,0,0
1677225600000,310.77831961,311.56600742,310.14330849,311.26222781,0,1677229199999,0,3600,0,0,0
1677229200000,311.25516255,311.94028624,309.94361251,309.99652486,0,1677232799999,0,3600,0,0,0
1677232800000,309.98928270,310.52272877,308.24044166,310.49472462,0,1677236399999,0,3600,0,0,0
1677236400000,310.49583364,310.78086356,309.90205690,310.32821941,0,1677239999999,0,3600,0,0,0
1677240000000,310.28465642,311.35845595,309.77559800,310.09721658,0,1677243599999,0,3600,0,0,0
1677243600000,310.09933305,310.18659813,308.00432191,308.18592340,0,1677247199999,0,3600,0,0,0
1677247200000,308.14409930,309.08439973,307.51877664,308.43189370,0,1677250799999,0,3600,0,0,0
1677250800000,308.42287262,308.55020480,303.66740765,303.76232925,0,1677254399999,0,3600,0,0,0
1677254400000,303.76812196,304.15886449,299.15570642,301.07633808,0,1677257999999,0,3600,0,0,0
1677258000000,301.07188356,301.45973564,300.07737953,300.53650893,0,1677261599999,0,3600,0,0,0
1677261600000,300.53743816,301.48692988,299.80957723,301.06434828,0,1677265199999,0,3600,0,0,0
1677265200000,301.06759782,302.34213984,298.91535657,302.32599465,0,1677268799999,0,3600,0,0,0
1677268800000,302.34878685,304.03007121,302.21762263,303.38482584,0,1677272399999,0,3600,0,0,0
1677272400000,303.37539585,303.40416189,300.85921798,301.36225364,0,1677275999999,0,3600,0,0,0
1677276000000,301.36519247,301.96574837,299.53122138,301.07228386,0,1677279599999,0,3600,0,0,0
1677279600000,301.07099683,302.30114899,300.38475141,302.21339343,0,1677283199999,0,3600,0,0,0
