open_time,open,high,low,close,volume,close_time,quote_volume,count,taker_buy_volume,taker_buy_quote_volume,ignore
1745884800000,606.19623176,607.18671340,605.67427528,607.06415979,0,1745888399999,0,3600,0,0,0
1745888400000,607.06415979,607.16484793,605.14705513,606.19698553,0,1745891999999,0,3600,0,0,0
1745892000000,606.19245220,606.21685280,603.58742315,604.40040299,0,1745895599999,0,3600,0,0,0
1745895600000,604.40040299,607.35818363,604.40040299,606.62199871,0,1745899199999,0,3600,0,0,0
1745899200000,606.62199871,608.10494912,605.41527487,605.82866236,0,1745902799999,0,3600,0,0,0
1745902800000,605.82866236,608.03746324,605.76613107,607.63990909,0,1745906399999,0,3600,0,0,0
1745906400000,607.64524243,610.01227485,607.63431917,609.71670251,0,1745909999999,0,3600,0,0,0
1745910000000,609.72203584,610.83219029,609.15780821,609.80077553,0,1745913599999,0,3600,0,0,0
1745913600000,609.83197553,610.41052380,607.28623083,608.05994120,0,1745917199999,0,3600,0,0,0
1745917200000,608.06074120,608.80398280,606.44510613,607.45727424,0,1745920799999,0,3600,0,0,0
1745920800000,607.45807424,607.57035755,602.55877533,602.62187627,0,1745924399999,0,3600,0,0,0
1745924400000,602.62720960,604.55039797,602.55066731,603.81085509,0,1745927999999,0,3600,0,0,0
1745928000000,603.82685509,604.20758720,601.35701693,601.44127408,0,1745931599999,0,3600,0,0,0
1745931600000,601.44127408,603.85675883,600.96821543,602.91679808,0,1745935199999,0,3600,0,0,0
1745935200000,602.92119104,604.12245320,601.69824307,602.84037525,0,1745938799999,0,3600,0,0,0
1745938800000,602.84037525,602.89678593,601.16525099,601.64409835,0,1745942399999,0,3600,0,0,0
1745942400000,601.64489707,603.67140133,601.13155008,602.29700032,0,1745945999999,0,3600,0,0,0
1745946000000,602.29246699,603.88716587,600.73459673,603.71549060,0,1745949599999,0,3600,0,0,0
1745949600000,603.71469060,604.37590784,601.94675477,604.03735933,0,1745953199999,0,3600,0,0,0
1745953200000,604.03655933,604.33406253,602.88596167,602.91152781,0,1745956799999,0,3600,0,0,0
1745956800000,602.91192725,602.91646059,600.70694820,601.10756360,0,1745960399999,0,3600,0,0,0
1745960400000,601.10796420,601.35149407,599.82283328,600.69934640,0,1745963999999,0,3600,0,0,0
1745964000000,600.69934640,600.69934640,599.37107733,599.48293248,0,1745967599999,0,3600,0,0,0
1745967600000,599.48133504,601.09137333,598.15422120,601.01777693,0,1745971199999,0,3600,0,0,0
