open_time,open,high,low,close,volume,close_time,quote_volume,count,taker_buy_volume,taker_buy_quote_volume,ignore
1725062400000,535.17132729,537.86923797,534.90969113,536.64040562,0,1725065999999,0,3600,0,0,0
1725066000000,536.63793526,537.86788600,535.73981265,536.80725114,0,1725069599999,0,3600,0,0,0
1725069600000,536.76179659,537.36422217,536.23397855,536.83021252,0,1725073199999,0,3600,0,0,0
1725073200000,536.87634889,537.77856579,536.54717200,537.35425855,0,1725076799999,0,3600,0,0,0
1725076800000,537.35425855,541.35470727,537.06211541,540.67643636,0,1725080399999,0,3600,0,0,0
1725080400000,540.72187848,540.77434618,536.98851745,536.98851745,0,1725083999999,0,3600,0,0,0
1725084000000,537.04204636,537.46680762,536.13714091,536.69168519,0,1725087599999,0,3600,0,0,0
1725087600000,536.69168519,537.22791679,535.25104336,535.72469273,0,1725091199999,0,3600,0,0,0
1725091200000,535.67923818,537.53621033,535.16212878,535.20543955,0,1725094799999,0,3600,0,0,0
1725094800000,535.20543955,536.02508645,534.24637455,535.10195515,0,1725098399999,0,3600,0,0,0
1725098400000,535.09445011,537.57958455,534.96231436,537.36487326,0,1725101999999,0,3600,0,0,0
1725102000000,537.36487326,537.70824603,536.48601000,536.59017773,0,1725105599999,0,3600,0,0,0
1725105600000,536.59905374,537.34277079,535.54350055,536.83105641,0,1725109199999,0,3600,0,0,0
1725109200000,536.79367354,536.96003018,535.19731854,535.44480262,0,1725112799999,0,3600,0,0,0
1725112800000,535.39934807,537.70414245,535.23872278,536.64805101,0,1725116399999,0,3600,0,0,0
1725116400000,536.64803864,537.15512368,535.14291908,535.80865644,0,1725119999999,0,3600,0,0,0
1725120000000,535.80864406,535.91135664,532.64571027,533.35538678,0,1725123599999,0,3600,0,0,0
1725123600000,533.40085366,533.67802590,531.19024000,533.54538537,0,1725127199999,0,3600,0,0,0
1725127200000,533.54538537,534.74647973,532.39841114,532.80427538,0,1725130799999,0,3600,0,0,0
1725130800000,532.84169531,533.68934407,531.25162727,533.55850364,0,1725134399999,0,3600,0,0,0
1725134400000,533.56652946,533.78036641,531.67746327,532.82972065,0,1725137999999,0,3600,0,0,0
1725138000000,532.87516287,534.52324309,531.75802767,533.71394001,0,1725141599999,0,3600,0,0,0
1725141600000,533.70896255,534.07266071,532.97898182,533.59889458,0,1725145199999,0,3600,0,0,0
1725145200000,533.59890691,533.99232073,531.81780940,532.91458731,0,1725148799999,0,3600,0,0,0
