open_time,open,high,low,close,volume,close_time,quote_volume,count,taker_buy_volume,taker_buy_quote_volume,ignore
1727049600000,588.63861800,591.69613139,583.56306589,590.25471978,0,1727053199999,0,3600,0,0,0
1727053200000,590.25473244,595.66150582,589.66022178,595.15904212,0,1727056799999,0,3600,0,0,0
1727056800000,595.19752592,597.71883818,593.78130967,595.46416939,0,1727060399999,0,3600,0,0,0
1727060400000,595.46074052,599.39547591,595.28776969,596.78331482,0,1727063999999,0,3600,0,0,0
1727064000000,596.77649664,597.46278463,591.98357510,594.58093908,0,1727067599999,0,3600,0,0,0
1727067600000,594.58093908,596.09845300,593.22575386,594.65763345,0,1727071199999,0,3600,0,0,0
1727071200000,594.67126982,594.81658011,592.98292045,593.63311248,0,1727074799999,0,3600,0,0,0
1727074800000,593.58765793,593.77041225,589.49836727,591.11618864,0,1727078399999,0,3600,0,0,0
1727078400000,591.16164318,591.53276387,588.00307698,589.95422691,0,1727081999999,0,3600,0,0,0
1727082000000,590.00610322,592.68188831,589.89489466,592.68188831,0,1727085599999,0,3600,0,0,0
1727085600000,592.68190101,593.11047447,589.71145492,591.99836288,0,1727089199999,0,3600,0,0,0
1727089200000,591.97997652,592.95313913,589.81692559,592.31235161,0,1727092799999,0,3600,0,0,0
1727092800000,592.27556004,594.72047259,591.43232903,593.91631095,0,1727096399999,0,3600,0,0,0
1727096400000,593.96857088,595.65274701,592.23889494,593.10428697,0,1727099999999,0,3600,0,0,0
1727100000000,593.09451157,596.63891694,592.41609989,594.49997549,0,1727103599999,0,3600,0,0,0
1727103600000,594.49314452,601.55562973,591.87633566,600.66310594,0,1727107199999,0,3600,0,0,0
1727107200000,600.72035273,607.81734045,600.48996603,606.73983100,0,1727110799999,0,3600,0,0,0
1727110800000,606.67197631,610.19546655,605.61409192,608.41631001,0,1727114399999,0,3600,0,0,0
1727114400000,608.40767574,614.90866220,608.35984496,612.50166649,0,1727117999999,0,3600,0,0,0
1727118000000,612.49484831,616.03785760,610.42235456,612.11524814,0,1727121599999,0,3600,0,0,0
1727121600000,612.10880134,614.93624409,610.01928445,610.44478809,0,1727125199999,0,3600,0,0,0
1727125200000,610.45988000,612.53086655,607.95094217,609.81637727,0,1727128799999,0,3600,0,0,0
1727128800000,609.81637727,609.87623379,606.35820334,606.42545200,0,1727132399999,0,3600,0,0,0
1727132400000,606.37999745,607.43628601,602.86774364,604.60596062,0,1727135999999,0,3600,0,0,0
