open_time,open,high,low,close,volume,close_time,quote_volume,count,taker_buy_volume,taker_buy_quote_volume,ignore
1675900800000,328.12013260,328.87654529,327.24331763,328.76985701,0,1675904399999,0,3600,0,0,0
1675904400000,328.76494841,329.23950038,327.52931987,327.52931987,0,1675907999999,0,3600,0,0,0
1675908000000,327.52724470,327.76353729,323.12485781,323.12485781,0,1675911599999,0,3600,0,0,0
1675911600000,323.12783490,323.36623642,317.01778836,319.69561854,0,1675915199999,0,3600,0,0,0
1675915200000,319.69093165,320.33784744,317.28600152,318.94663479,0,1675918799999,0,3600,0,0,0
1675918800000,319.00634189,321.45091005,318.56947801,320.60824214,0,1675922399999,0,3600,0,0,0
1675922400000,320.54991918,322.38856516,320.14537399,322.22450669,0,1675925999999,0,3600,0,0,0
1675926000000,322.22940968,322.58408505,321.53425769,322.17218977,0,1675929599999,0,3600,0,0,0
1675929600000,322.17565035,323.85654657,322.02711330,322.81440253,0,1675933199999,0,3600,0,0,0
1675933200000,322.81226023,323.07335838,321.28571050,321.98399261,0,1675936799999,0,3600,0,0,0
1675936800000,321.98571312,322.28583793,320.62387161,320.96276740,0,1675940399999,0,3600,0,0,0
1675940400000,321.01838101,321.95845954,320.00656778,320.60209182,0,1675943999999,0,3600,0,0,0
1675944000000,320.65952508,321.66156560,318.35044576,320.24131386,0,1675947599999,0,3600,0,0,0
1675947600000,320.23869640,322.34356358,319.92836704,321.92554268,0,1675951199999,0,3600,0,0,0
1675951200000,321.92781532,322.47986075,320.54894271,321.31798700,0,1675954799999,0,3600,0,0,0
1675954800000,321.31836366,321.85659163,318.14223287,318.79281048,0,1675958399999,0,3600,0,0,0
1675958400000,318.78654055,319.38412578,315.25749178,316.67770631,0,1675961999999,0,3600,0,0,0
1675962000000,316.75589112,317.57316512,315.33726589,317.30275988,0,1675965599999,0,3600,0,0,0
1675965600000,317.30378695,318.28604643,315.89691583,316.45086592,0,1675969199999,0,3600,0,0,0
1675969200000,316.44769476,316.55574404,308.30077558,311.44919014,0,1675972799999,0,3600,0,0,0
1675972800000,311.39194508,311.39194508,308.66209283,309.42502788,0,1675976399999,0,3600,0,0,0
1675976400000,309.43351449,309.75295414,303.14981577,306.14421648,0,1675979999999,0,3600,0,0,0
1675980000000,306.08181350,307.23022135,302.07136167,304.06471719,0,1675983599999,0,3600,0,0,0
1675983600000,304.14583484,306.33134014,303.60517913,306.18426983,0,1675987199999,0,3600,0,0,0
