open_time,open,high,low,close,volume,close_time,quote_volume,count,taker_buy_volume,taker_buy_quote_volume,ignore
1694649600000,212.630,215.490,209.590,211.930,297169.46,1694663999999,63304352.92810,113654,141582.13,30180535.60340,0
1694664000000,211.940,212.370,211.030,212.030,81839.60,1694678399999,17321756.48600,43485,39912.50,8448175.07110,0
1694678400000,212.020,212.850,211.460,212.520,86628.11,1694692799999,18367686.16310,40112,46190.89,9794097.00430,0
1694692800000,212.520,214.240,211.500,213.050,228868.42,1694707199999,48714821.95650,98471,115092.56,24502658.33740,0
1694707200000,213.040,213.220,211.600,212.750,128095.77,1694721599999,27220245.08500,58505,70154.92,14909522.41370,0
1694721600000,212.760,212.970,211.670,212.040,70582.43,1694735999999,14985222.87280,39385,34035.98,7225958.55170,0
