open_time,open,high,low,close,volume,close_time,quote_volume,count,taker_buy_volume,taker_buy_quote_volume,ignore
1778112000000,648.120,650.300,641.900,642.910,91258.73,1778126399999,58846981.20660,159681,42162.20,27188558.96840,0
1778126400000,642.920,653.950,642.440,652.430,71319.27,1778140799999,46192492.89920,123158,36957.71,23939520.52080,0
1778140800000,652.430,653.620,646.530,648.330,61582.69,1778155199999,40004246.49560,126988,29024.29,18851716.78440,0
1778155200000,648.330,651.480,639.660,642.870,103216.81,1778169599999,66574194.15510,194341,46953.81,30300467.50920,0
1778169600000,642.860,645.190,639.500,644.080,67630.36,1778183999999,43459396.84210,145504,33996.96,21847444.73950,0
1778184000000,644.080,645.580,633.790,637.310,135196.14,1778198399999,86193601.11890,149582,64137.27,40872702.95440,0
