open_time,open,high,low,close,volume,close_time,quote_volume,count,taker_buy_volume,taker_buy_quote_volume,ignore
1723420800000,503.670,509.760,500.200,507.670,101183.76,1723435199999,51167966.06910,189626,47150.43,23852432.11690,0
1723435200000,507.670,511.610,499.410,509.670,119765.94,1723449599999,60649007.73310,174137,57974.21,29360594.02460,0
1723449600000,509.670,518.140,504.540,517.090,170197.26,1723463999999,86972097.66930,237804,84334.43,43090107.34910,0
1723464000000,517.090,524.180,500.200,519.600,319968.31,1723478399999,164611479.61160,450598,162591.06,83662530.49690,0
1723478400000,519.590,521.440,507.400,512.950,118994.71,1723492799999,61189552.01830,219821,57508.24,29571413.05760,0
1723492800000,512.960,522.500,509.560,518.480,93878.74,1723507199999,48381451.01210,148365,49837.13,25692210.18850,0
