open_time,open,high,low,close,volume,close_time,quote_volume,count,taker_buy_volume,taker_buy_quote_volume,ignore
1753056000000,757.320,764.850,746.290,763.710,169871.97,1753070399999,128458749.74030,215592,82101.02,62118090.73520,0
1753070400000,763.700,767.530,759.650,760.870,116355.54,1753084799999,88819095.04210,153509,57152.21,43636986.07250,0
1753084800000,760.880,780.300,760.340,769.590,197989.31,1753099199999,152597493.72930,228899,103128.56,79479334.97660,0
1753099200000,769.600,782.760,766.420,774.620,191648.05,1753113599999,148621420.34800,224007,99373.53,77082974.37130,0
1753113600000,774.610,775.650,755.760,757.590,203571.91,1753127999999,155595839.45770,237259,95538.70,73032834.67260,0
1753128000000,757.560,767.830,755.000,766.510,72736.92,1753142399999,55375062.96970,128855,35084.79,26710749.30010,0
