open_time,open,high,low,close,volume,close_time,quote_volume,count,taker_buy_volume,taker_buy_quote_volume,ignore
1783987200000,567.850,570.860,567.010,570.390,54867.74,1784001599999,31238400.51870,100143,29511.67,16802033.14180,0
1784001600000,570.380,572.060,569.180,570.360,41836.21,1784015999999,23864507.73400,81268,19141.60,10918817.23000,0
1784016000000,570.360,572.000,569.420,571.200,40171.97,1784030399999,22939362.94340,68095,22519.09,12859677.70640,0
1784030400000,571.210,585.000,570.500,583.330,192455.14,1784044799999,111469058.91070,270430,102031.51,59089357.95710,0
1784044800000,583.330,583.870,579.500,581.000,60680.10,1784059199999,35276685.01580,98041,26632.52,15483193.06770,0
1784059200000,581.000,583.370,579.670,582.220,42160.02,1784073599999,24526469.33620,82227,21018.43,12227395.61020,0
