open_time,open,high,low,close,volume,close_time,quote_volume,count,taker_buy_volume,taker_buy_quote_volume,ignore
1785456000000,592.380,592.640,592.370,592.640,499.09,1785456059999,295728.15220,913,300.12,177830.22900,0
1785456060000,592.630,592.640,592.470,592.470,350.23,1785456119999,207528.34740,503,114.28,67716.83890,0
1785456120000,592.480,592.520,592.180,592.210,758.06,1785456179999,449063.43290,2028,213.80,126655.71440,0
1785456180000,592.210,592.480,591.990,592.130,1030.47,1785456239999,610325.27360,1376,567.74,336274.05750,0
1785456240000,592.130,592.760,592.080,592.410,678.77,1785456299999,402153.61200,995,409.29,242472.22010,0
1785456300000,592.400,593.060,592.400,593.060,472.64,1785456359999,280223.66800,921,240.23,142423.33420,0
1785456360000,593.050,593.160,592.760,592.770,811.23,1785456419999,481083.36470,788,112.58,66763.43990,0
1785456420000,592.760,592.770,592.500,592.510,240.54,1785456479999,142561.33130,449,27.52,16311.21260,0
1785456480000,592.500,592.510,592.220,592.360,383.73,1785456539999,227311.98220,671,131.43,77852.17830,0
1785456540000,592.360,592.460,592.070,592.450,731.11,1785456599999,433020.16070,919,440.47,260890.75540,0
1785456600000,592.460,592.590,592.450,592.590,590.07,1785456659999,349620.00070,544,495.91,293829.79220,0
1785456660000,592.600,592.710,592.400,592.700,360.82,1785456719999,213819.85510,651,116.67,69133.64030,0
1785456720000,592.690,592.900,592.610,592.900,220.17,1785456779999,130498.66440,371,97.76,57946.77740,0
1785456780000,592.900,592.930,592.770,592.930,71.96,1785456839999,42662.43520,306,25.29,14992.67580,0
1785456840000,592.940,593.220,592.940,593.090,307.76,1785456899999,182537.44340,494,156.14,92605.89540,0
1785456900000,593.090,593.090,592.930,592.930,145.12,1785456959999,86062.79850,277,14.56,8633.88990,0
1785456960000,592.940,592.940,592.400,592.680,281.40,1785457019999,166771.56920,715,123.23,73014.67980,0
1785457020000,592.690,592.800,592.560,592.720,259.32,1785457079999,153681.87470,555,110.44,65452.05140,0
1785457080000,592.730,592.730,592.660,592.710,59.78,1785457139999,35431.66720,234,9.35,5541.54930,0
1785457140000,592.710,592.890,592.650,592.650,285.10,1785457199999,168998.26700,604,147.63,87511.73530,0
1785457200000,592.650,592.790,592.650,592.790,103.90,1785457259999,61578.13000,260,45.39,26901.74130,0
1785457260000,592.780,592.900,592.780,592.840,212.69,1785457319999,126093.01970,331,138.25,81960.45640,0
1785457320000,592.840,592.840,592.830,592.840,26.71,1785457379999,15834.71360,100,22.43,13297.40120,0
1785457380000,592.840,593.200,592.840,593.200,122.90,1785457439999,72883.85750,363,117.93,69936.45810,0
1785457440000,593.210,593.300,593.110,593.160,349.40,1785457499999,207276.66240,522,109.64,65042.12890,0
1785457500000,593.170,593.220,593.160,593.200,111.07,1785457559999,65887.03720,199,69.21,41055.42520,0
1785457560000,593.210,593.210,593.110,593.110,108.12,1785457619999,64134.93850,222,20.27,12023.41180,0
1785457620000,593.120,593.120,592.710,592.810,401.42,1785457679999,237988.34010,612,130.52,77375.10350,0
1785457680000,592.800,592.830,592.800,592.830,89.93,1785457739999,53311.19350,165,54.15,32100.80950,0
1785457740000,592.830,592.830,592.550,592.680,329.86,1785457799999,195500.19150,552,197.94,117308.67490,0
1785457800000,592.680,592.940,592.640,592.930,170.02,1785457859999,100786.36610,368,118.63,70322.95420,0
1785457860000,592.940,593.000,592.710,592.720,116.78,1785457919999,69238.25190,379,41.18,24415.55410,0
1785457920000,592.710,592.790,592.640,592.650,246.67,1785457979999,146203.12060,1107,87.44,51827.99610,0
1785457980000,592.660,592.800,592.490,592.800,224.17,1785458039999,132843.57490,470,170.09,100798.10270,0
1785458040000,592.810,593.000,592.800,592.850,86.87,1785458099999,51505.67680,366,41.74,24747.09590,0
1785458100000,592.850,592.900,592.770,592.890,89.90,1785458159999,53295.04070,239,62.10,36814.50570,0
1785458160000,592.900,592.960,592.560,592.560,314.16,1785458219999,186230.73640,600,148.86,88251.05200,0
1785458220000,592.570,592.800,592.570,592.660,65.09,1785458279999,38575.89380,390,44.06,26111.91650,0
1785458280000,592.660,592.670,592.620,592.660,90.06,1785458339999,53373.60560,206,21.76,12896.01720,0
1785458340000,592.670,592.670,592.190,592.200,238.12,1785458399999,141074.96730,534,5.42,3211.07560,0
1785458400000,592.200,592.200,592.180,592.190,180.86,1785458459999,107103.53710,198,65.42,38741.58580,0
1785458460000,592.180,592.190,591.960,591.960,320.82,1785458519999,189950.89670,513,31.54,18672.78740,0
1785458520000,591.960,592.110,591.960,592.100,171.16,1785458579999,101330.06920,438,115.52,68388.19340,0
1785458580000,592.100,592.170,592.060,592.170,188.19,1785458639999,111426.06820,300,47.94,28385.02230,0
1785458640000,592.160,592.160,591.970,592.080,505.95,1785458699999,299555.56320,390,29.42,17417.62140,0
1785458700000,592.080,592.170,592.080,592.100,92.19,1785458759999,54588.07350,213,53.94,31938.48930,0
1785458760000,592.100,592.330,592.100,592.120,373.72,1785458819999,221322.41160,528,309.52,183299.17960,0
1785458820000,592.130,592.170,592.040,592.140,105.09,1785458879999,62227.51590,288,12.19,7217.55770,0
1785458880000,592.140,592.150,591.750,591.750,148.00,1785458939999,87602.84550,431,6.81,4031.70520,0
1785458940000,591.760,591.810,591.620,591.670,267.05,1785458999999,158017.49160,526,36.17,21401.18200,0
1785459000000,591.670,591.680,591.570,591.570,196.07,1785459059999,115997.39550,349,48.50,28692.61670,0
1785459060000,591.570,591.570,591.200,591.260,377.91,1785459119999,223491.02570,712,60.97,36054.60620,0
1785459120000,591.260,591.270,591.150,591.170,254.09,1785459179999,150226.96540,439,88.26,52182.58900,0
1785459180000,591.180,591.230,591.170,591.210,257.26,1785459239999,152092.90740,394,39.17,23157.23740,0
1785459240000,591.210,591.210,590.400,590.780,2082.02,1785459299999,1230120.48280,1447,315.66,186527.36510,0
1785459300000,590.780,591.870,590.770,591.370,2482.32,1785459359999,1467874.08020,1465,1859.09,1099439.70620,0
1785459360000,591.380,591.380,591.030,591.040,266.37,1785459419999,157476.44170,390,33.50,19806.69860,0
1785459420000,591.030,591.030,590.820,590.890,303.03,1785459479999,179058.62300,474,125.00,73862.45460,0
1785459480000,590.900,590.940,590.660,590.770,706.27,1785459539999,417261.35140,623,114.13,67419.39890,0
1785459540000,590.760,590.870,590.760,590.870,171.67,1785459599999,101429.44850,275,55.21,32619.63330,0
1785459600000,590.870,591.510,590.870,591.500,404.97,1785459659999,239462.67050,956,281.66,166534.21070,0
1785459660000,591.490,591.840,591.390,591.650,368.43,1785459719999,217983.96650,877,141.68,83819.64160,0
1785459720000,591.650,592.000,591.650,591.990,716.97,1785459779999,424422.51260,721,556.02,329144.92560,0
1785459780000,591.990,592.300,591.680,591.690,1039.99,1785459839999,615734.33020,955,868.23,514048.00190,0
1785459840000,591.690,591.950,591.680,591.950,180.15,1785459899999,106606.17050,302,166.74,98671.04170,0
1785459900000,591.940,592.220,591.940,592.210,164.85,1785459959999,97613.18340,465,72.30,42806.51700,0
1785459960000,592.220,592.380,592.220,592.330,329.32,1785460019999,195064.13520,496,167.88,99436.93140,0
1785460020000,592.330,592.460,592.240,592.450,289.28,1785460079999,171348.93510,463,219.46,129992.10350,0
1785460080000,592.460,593.320,592.460,593.290,485.06,1785460139999,287576.81660,1276,396.19,234871.36570,0
1785460140000,593.280,594.270,593.210,594.160,1703.41,1785460199999,1011631.52370,2922,944.56,560960.80240,0
1785460200000,594.130,594.220,593.600,594.010,1137.84,1785460259999,675802.95190,1717,577.03,342716.84450,0
1785460260000,594.000,594.420,593.880,594.090,683.97,1785460319999,406362.11160,1404,340.01,202015.44350,0
1785460320000,594.080,594.760,594.070,594.460,863.80,1785460379999,513526.59640,1600,497.20,295566.47990,0
1785460380000,594.460,594.540,593.990,594.230,557.82,1785460439999,331449.98430,992,372.38,221267.12600,0
1785460440000,594.230,594.520,594.160,594.160,269.85,1785460499999,160388.18020,762,95.99,57053.76910,0
1785460500000,594.150,594.150,593.400,593.550,434.52,1785460559999,258038.66440,957,117.98,70052.31090,0
1785460560000,593.560,593.620,592.760,592.810,434.40,1785460619999,257678.35860,919,77.06,45697.63970,0
1785460620000,592.820,593.090,592.680,593.080,286.34,1785460679999,169756.70660,647,102.78,60935.40170,0
1785460680000,593.090,593.260,593.030,593.060,287.15,1785460739999,170322.71900,651,93.91,55700.95130,0
1785460740000,593.070,593.070,592.660,592.660,149.10,1785460799999,88396.99160,519,68.38,40542.04350,0
1785460800000,592.670,593.060,592.410,593.050,249.52,1785460859999,147881.72060,863,105.89,62766.10510,0
1785460860000,593.050,593.050,592.770,592.870,162.97,1785460919999,96626.59660,484,50.43,29896.01870,0
1785460920000,592.880,592.880,592.600,592.730,197.93,1785460979999,117320.92500,397,27.20,16120.54390,0
1785460980000,592.740,592.850,592.590,592.740,116.01,1785461039999,68759.04060,444,59.94,35527.80820,0
1785461040000,592.750,592.950,592.570,592.860,176.48,1785461099999,104611.70000,519,130.96,77627.50600,0
1785461100000,592.860,593.150,592.850,592.960,100.36,1785461159999,59515.98420,394,57.14,33883.22910,0
1785461160000,592.970,593.360,592.970,593.300,278.93,1785461219999,165468.99750,747,247.94,147084.18080,0
1785461220000,593.300,593.580,593.140,593.140,76.39,1785461279999,45328.13530,490,26.69,15838.08590,0
1785461280000,593.140,593.360,593.140,593.280,58.89,1785461339999,34935.70590,374,35.41,21005.30630,0
1785461340000,593.280,593.550,593.170,593.440,59.62,1785461399999,35375.90240,378,30.00,17800.69620,0
1785461400000,593.440,593.440,593.080,593.090,421.24,1785461459999,249956.99580,699,42.97,25493.87710,0
1785461460000,593.080,593.080,592.850,592.930,119.77,1785461519999,71013.12620,448,93.10,55198.28970,0
1785461520000,592.940,593.000,592.820,592.910,80.61,1785461579999,47794.09200,379,31.60,18734.89220,0
1785461580000,592.910,592.980,592.780,592.970,53.00,1785461639999,31422.87970,430,32.04,18995.58010,0
1785461640000,592.970,592.980,592.530,592.610,278.26,1785461699999,164915.82730,663,78.00,46225.60920,0
1785461700000,592.610,592.630,592.220,592.220,75.11,1785461759999,44498.87000,422,22.64,13416.48850,0
1785461760000,592.230,592.320,591.840,592.270,289.38,1785461819999,171327.37240,916,180.32,106755.93400,0
1785461820000,592.260,592.320,591.850,591.930,220.46,1785461879999,130524.99310,644,110.62,65489.82400,0
1785461880000,591.940,592.200,591.880,592.200,135.06,1785461939999,79952.09350,392,88.28,52259.73270,0
1785461940000,592.190,592.200,592.010,592.150,89.74,1785461999999,53132.68900,393,32.98,19525.64660,0
1785462000000,592.150,592.150,591.990,592.090,219.18,1785462059999,129772.67670,397,77.44,45850.66150,0
1785462060000,592.090,592.310,592.090,592.270,167.49,1785462119999,99186.88140,399,78.85,46692.54780,0
1785462120000,592.270,592.310,592.060,592.060,145.23,1785462179999,86003.53370,386,84.61,50105.46800,0
1785462180000,592.070,592.070,591.800,591.810,213.05,1785462239999,126102.15630,579,129.87,76868.33450,0
1785462240000,591.810,591.930,591.720,591.800,139.64,1785462299999,82636.19750,429,79.01,46757.66890,0
1785462300000,591.800,592.060,591.750,591.750,374.23,1785462359999,221509.57330,721,199.63,118159.51120,0
1785462360000,591.740,591.770,591.420,591.430,245.38,1785462419999,145171.32880,745,81.47,48202.81300,0
1785462420000,591.430,591.430,590.610,590.940,775.92,1785462479999,458506.19410,1832,395.70,233799.53680,0
1785462480000,590.930,590.940,590.600,590.650,461.94,1785462539999,272896.06500,946,201.34,118943.94510,0
1785462540000,590.650,591.190,590.570,590.570,809.13,1785462599999,478102.68870,1371,223.88,132269.81080,0
1785462600000,590.580,590.600,589.200,589.790,3806.65,1785462659999,2244748.21830,4276,917.13,540694.15770,0
1785462660000,589.780,590.050,589.650,589.930,476.98,1785462719999,281347.72010,1043,206.24,121648.64910,0
1785462720000,589.930,590.270,589.600,590.060,540.22,1785462779999,318728.91860,931,186.33,109943.65580,0
1785462780000,590.070,590.070,589.890,589.910,192.69,1785462839999,113679.82470,513,83.44,49225.75370,0
1785462840000,589.910,589.970,589.610,589.720,322.48,1785462899999,190190.20560,813,152.55,89969.11770,0
1785462900000,589.720,589.830,589.270,589.670,819.07,1785462959999,482820.01580,1248,412.62,243220.19190,0
1785462960000,589.660,589.890,589.650,589.710,189.65,1785463019999,111851.52250,538,152.53,89958.20990,0
1785463020000,589.710,590.000,589.650,589.930,495.19,1785463079999,292085.09790,621,431.88,254738.35670,0
1785463080000,589.940,590.200,589.930,589.940,162.21,1785463139999,95719.68840,446,95.78,56519.30940,0
1785463140000,589.930,589.960,589.840,589.960,60.00,1785463199999,35394.78450,236,22.38,13202.53410,0
1785463200000,589.950,590.140,589.860,589.990,576.08,1785463259999,339883.60530,812,467.23,275658.87340,0
1785463260000,589.990,590.120,589.930,589.980,388.02,1785463319999,228944.13800,618,218.45,128891.95660,0
1785463320000,589.970,589.980,589.630,589.700,245.60,1785463379999,144871.00100,975,52.25,30817.68520,0
1785463380000,589.700,589.930,589.410,589.470,799.81,1785463439999,471570.10950,1290,309.77,182669.25000,0
1785463440000,589.470,589.830,589.470,589.790,783.49,1785463499999,462019.01920,973,676.70,399046.72630,0
1785463500000,589.800,590.010,589.790,590.000,86.28,1785463559999,50890.60390,328,55.47,32718.61880,0
1785463560000,590.010,590.160,589.960,590.150,154.73,1785463619999,91297.33230,447,84.19,49676.26570,0
1785463620000,590.150,590.330,590.150,590.270,316.21,1785463679999,186644.25740,539,208.23,122908.18610,0
1785463680000,590.270,590.470,590.260,590.430,385.16,1785463739999,227380.87770,619,219.46,129554.71010,0
1785463740000,590.420,590.600,590.400,590.540,192.47,1785463799999,113649.63870,357,176.59,104272.36980,0
1785463800000,590.540,590.540,590.050,590.050,187.98,1785463859999,110971.88110,532,37.13,21923.52850,0
1785463860000,590.040,590.320,590.040,590.100,268.32,1785463919999,158353.80740,890,158.46,93511.25120,0
1785463920000,590.100,590.260,589.910,590.260,151.43,1785463979999,89354.20680,435,63.70,37588.24100,0
1785463980000,590.270,590.380,590.080,590.150,143.89,1785464039999,84933.11970,411,70.02,41326.00270,0
1785464040000,590.140,590.140,589.630,589.650,86.87,1785464099999,51236.16940,526,37.39,22048.51760,0
1785464100000,589.640,589.640,589.070,589.190,313.88,1785464159999,184993.87940,1144,73.18,43127.37090,0
1785464160000,589.190,589.260,589.010,589.210,534.52,1785464219999,314901.33150,987,219.31,129207.52610,0
1785464220000,589.210,589.320,589.050,589.320,165.37,1785464279999,97432.28870,632,77.76,45813.59160,0
1785464280000,589.320,589.640,589.310,589.630,224.03,1785464339999,132061.30050,459,158.66,93529.23870,0
1785464340000,589.630,589.640,589.280,589.280,241.15,1785464399999,142128.81870,573,93.05,54841.45040,0
1785464400000,589.280,589.410,589.190,589.300,237.14,1785464459999,139747.21880,453,99.27,58493.83100,0
1785464460000,589.290,589.400,589.050,589.360,339.98,1785464519999,200327.15910,627,143.06,84296.97180,0
1785464520000,589.360,589.360,588.730,589.130,1428.10,1785464579999,841095.82840,1208,168.29,99106.49620,0
1785464580000,589.130,589.130,588.900,589.060,367.85,1785464639999,216685.26700,511,89.53,52736.20690,0
1785464640000,589.060,589.140,588.750,588.950,254.00,1785464699999,149577.45700,549,167.63,98712.60590,0
1785464700000,588.950,589.030,588.930,589.000,87.71,1785464759999,51659.82820,331,33.36,19648.21830,0
1785464760000,589.000,589.000,588.830,588.860,154.15,1785464819999,90783.08560,384,43.97,25893.35250,0
1785464820000,588.860,589.090,588.860,589.040,132.47,1785464879999,78022.79090,393,88.95,52389.67830,0
1785464880000,589.040,589.040,588.890,589.000,96.61,1785464939999,56902.99680,448,48.97,28843.47990,0
1785464940000,589.000,589.000,588.510,588.520,539.37,1785464999999,317546.47890,848,95.38,56162.45200,0
1785465000000,588.530,588.670,588.120,588.660,948.37,1785465059999,557968.81620,1577,251.28,147857.47690,0
1785465060000,588.670,588.780,588.610,588.640,324.55,1785465119999,191068.79770,477,113.09,66582.10490,0
1785465120000,588.650,588.760,588.650,588.760,216.48,1785465179999,127446.36830,296,189.82,111751.07540,0
1785465180000,588.760,588.780,588.670,588.780,217.96,1785465239999,128320.14160,287,170.42,100331.78070,0
1785465240000,588.780,588.780,588.680,588.690,79.76,1785465299999,46957.32560,237,37.42,22030.95780,0
1785465300000,588.680,588.680,588.150,588.150,125.17,1785465359999,73664.49840,522,42.75,25159.90250,0
1785465360000,588.140,588.320,588.080,588.110,267.71,1785465419999,157460.73130,592,140.69,82748.89650,0
1785465420000,588.110,588.130,587.940,587.950,1176.76,1785465479999,691960.14150,999,218.53,128498.23360,0
1785465480000,587.950,588.380,587.940,588.160,301.71,1785465539999,177434.02620,569,236.52,139086.07910,0
1785465540000,588.160,588.200,588.120,588.200,168.74,1785465599999,99248.36450,339,137.54,80897.35570,0
1785465600000,588.200,588.310,588.190,588.310,167.11,1785465659999,98303.13110,303,65.35,38441.59340,0
1785465660000,588.300,588.550,588.300,588.390,559.45,1785465719999,329204.35690,487,451.08,265438.44970,0
1785465720000,588.380,588.380,588.040,588.120,331.24,1785465779999,194839.57620,662,117.06,68843.66450,0
1785465780000,588.120,588.480,588.000,588.480,180.03,1785465839999,105879.39000,418,115.33,67828.41660,0
1785465840000,588.490,588.490,588.200,588.210,177.65,1785465899999,104517.22520,445,72.00,42359.69890,0
1785465900000,588.210,588.280,588.010,588.200,524.16,1785465959999,308294.91940,854,176.27,103669.96990,0
1785465960000,588.190,588.480,588.190,588.450,435.93,1785466019999,256456.02150,655,347.90,204660.92210,0
1785466020000,588.450,588.750,588.340,588.740,279.17,1785466079999,164307.79550,573,230.85,135871.03140,0
1785466080000,588.750,588.750,588.440,588.450,124.90,1785466139999,73520.98710,329,55.88,32895.01640,0
1785466140000,588.450,588.450,588.130,588.250,327.65,1785466199999,192747.49210,422,219.86,129339.82080,0
1785466200000,588.260,588.480,588.250,588.470,120.38,1785466259999,70821.30200,297,88.22,51900.89250,0
1785466260000,588.470,588.480,588.410,588.410,80.37,1785466319999,47292.56040,196,32.86,19336.27660,0
1785466320000,588.400,588.570,588.110,588.570,182.14,1785466379999,107159.84190,578,112.73,66323.63680,0
1785466380000,588.570,588.920,588.570,588.690,607.16,1785466439999,357442.02990,675,424.68,249999.58050,0
1785466440000,588.690,588.700,588.650,588.650,39.31,1785466499999,23140.95690,106,18.96,11161.68320,0
1785466500000,588.650,588.650,588.030,588.380,877.95,1785466559999,516454.98540,986,370.20,217751.53890,0
1785466560000,588.370,588.400,588.190,588.260,158.29,1785466619999,93119.52100,257,54.34,31965.45540,0
1785466620000,588.260,588.340,588.240,588.340,87.96,1785466679999,51743.49630,217,37.25,21912.86720,0
1785466680000,588.340,588.490,588.340,588.440,132.69,1785466739999,78074.06040,251,54.36,31985.28360,0
1785466740000,588.430,588.430,588.370,588.390,68.70,1785466799999,40423.10600,181,29.70,17474.89620,0
1785466800000,588.400,588.400,588.120,588.220,143.70,1785466859999,84530.17690,355,52.24,30725.65030,0
1785466860000,588.220,588.230,587.870,587.880,262.41,1785466919999,154294.34230,649,136.52,80270.94110,0
1785466920000,587.880,588.000,586.850,587.670,2366.16,1785466979999,1389694.93460,2634,620.83,364579.47870,0
1785466980000,587.670,587.700,587.460,587.700,319.57,1785467039999,187783.56780,627,64.49,37892.55080,0
1785467040000,587.700,587.760,587.640,587.640,167.97,1785467099999,98716.72780,242,133.16,78258.71900,0
1785467100000,587.640,587.690,587.460,587.470,165.46,1785467159999,97221.67180,412,42.73,25108.75250,0
1785467160000,587.480,587.540,587.220,587.380,256.81,1785467219999,150826.01320,553,96.59,56725.71560,0
1785467220000,587.370,587.550,587.250,587.440,599.05,1785467279999,351923.84140,642,328.71,193105.15390,0
1785467280000,587.440,587.450,587.330,587.330,153.83,1785467339999,90362.74580,217,56.31,33078.73850,0
1785467340000,587.340,587.680,587.330,587.550,263.79,1785467399999,154990.97720,492,225.42,132448.53050,0
1785467400000,587.550,587.680,587.250,587.250,342.73,1785467459999,201363.14600,470,51.18,30063.93000,0
1785467460000,587.240,587.500,587.170,587.310,461.23,1785467519999,270896.99420,622,301.02,176797.66630,0
1785467520000,587.300,587.310,586.010,586.990,3146.53,1785467579999,1845788.31270,2688,805.85,472639.85390,0
1785467580000,586.980,587.130,586.820,586.830,198.21,1785467639999,116348.39380,569,78.44,46046.43300,0
1785467640000,586.840,587.330,586.830,587.320,301.38,1785467699999,176967.10270,426,289.47,169973.38490,0
1785467700000,587.320,587.320,586.340,586.790,1259.46,1785467759999,739010.28880,1236,314.43,184464.15860,0
1785467760000,586.800,587.330,586.800,587.330,161.14,1785467819999,94597.55140,584,108.34,63598.71510,0
1785467820000,587.330,587.620,587.330,587.560,380.81,1785467879999,223719.60370,708,261.23,153463.28390,0
1785467880000,587.560,587.700,587.510,587.700,167.41,1785467939999,98373.11510,379,134.71,79158.91900,0
1785467940000,587.710,588.150,587.710,588.110,436.90,1785467999999,256857.49690,858,377.32,221836.37650,0
1785468000000,588.120,588.400,588.110,588.210,317.21,1785468059999,186589.94090,769,264.72,155711.79250,0
1785468060000,588.210,588.620,588.210,588.620,181.09,1785468119999,106559.10370,474,171.14,100703.33050,0
1785468120000,588.620,588.870,588.610,588.730,678.68,1785468179999,399574.47230,807,230.37,135629.80540,0
1785468180000,588.720,588.900,588.580,588.780,269.29,1785468239999,158538.27680,458,174.09,102494.01220,0
1785468240000,588.790,588.900,588.730,588.870,136.12,1785468299999,80151.88620,393,89.86,52912.57050,0
1785468300000,588.880,589.270,588.880,589.140,692.67,1785468359999,408033.48220,820,541.08,318737.37670,0
1785468360000,589.140,589.230,589.100,589.220,120.68,1785468419999,71099.62480,310,89.06,52470.89570,0
1785468420000,589.220,589.230,588.840,588.870,690.05,1785468479999,406452.86340,531,200.45,118070.58470,0
1785468480000,588.880,589.150,588.880,589.150,146.77,1785468539999,86442.20980,378,110.06,64820.65090,0
1785468540000,589.150,589.150,589.100,589.100,49.06,1785468599999,28902.77090,131,16.21,9549.89660,0
1785468600000,589.100,589.230,588.850,589.230,176.75,1785468659999,104107.12190,549,82.47,48576.39420,0
1785468660000,589.220,589.370,589.140,589.190,164.52,1785468719999,96941.84700,528,95.45,56244.87280,0
1785468720000,589.180,589.250,589.110,589.210,110.06,1785468779999,64848.46550,356,54.66,32206.20410,0
1785468780000,589.220,589.220,588.970,588.970,76.40,1785468839999,45005.41480,274,17.56,10343.92590,0
1785468840000,588.970,588.970,588.730,588.790,313.88,1785468899999,184823.44650,516,107.45,63265.62580,0
1785468900000,588.800,589.050,588.800,588.900,98.15,1785468959999,57804.93890,379,53.46,31482.85310,0
1785468960000,588.910,589.660,588.910,589.560,450.67,1785469019999,265652.56250,919,317.05,186868.99080,0
1785469020000,589.560,589.560,589.260,589.270,273.58,1785469079999,161236.63140,482,118.47,69820.04580,0
1785469080000,589.260,589.390,589.160,589.270,457.76,1785469139999,269758.72280,453,282.30,166360.82410,0
1785469140000,589.280,589.470,589.270,589.380,51.71,1785469199999,30476.30190,251,24.80,14616.37260,0
1785469200000,589.390,589.690,589.390,589.690,247.18,1785469259999,145710.61520,626,170.85,100713.16450,0
1785469260000,589.690,589.820,589.630,589.690,302.53,1785469319999,178417.39140,464,225.77,133151.36240,0
1785469320000,589.690,589.940,589.690,589.930,190.26,1785469379999,112225.99750,349,156.38,92242.77630,0
1785469380000,589.940,590.120,589.860,589.920,522.11,1785469439999,308053.83880,892,350.39,206732.47820,0
1785469440000,589.920,590.170,589.910,589.910,639.77,1785469499999,377481.70640,664,575.29,339437.88570,0
1785469500000,589.920,590.070,589.850,589.980,362.92,1785469559999,214116.44750,487,245.70,144962.58490,0
1785469560000,589.980,589.990,589.920,589.930,65.53,1785469619999,38660.30430,270,37.89,22353.57950,0
1785469620000,589.920,589.980,589.870,589.870,70.21,1785469679999,41418.60460,286,42.39,25007.40510,0
1785469680000,589.880,589.920,589.730,589.920,91.37,1785469739999,53891.52650,345,52.28,30835.91790,0
1785469740000,589.920,589.930,589.840,589.850,52.56,1785469799999,31004.90070,287,27.60,16280.88750,0
1785469800000,589.850,589.850,589.500,589.560,499.01,1785469859999,294221.31760,679,78.56,46317.80350,0
1785469860000,589.560,589.650,589.430,589.630,629.15,1785469919999,370886.95980,436,64.90,38258.39110,0
1785469920000,589.640,590.000,589.580,590.000,313.35,1785469979999,184795.27370,451,279.77,164991.80510,0
1785469980000,590.000,590.200,589.990,590.190,230.50,1785470039999,136025.55020,429,167.43,98803.86680,0
1785470040000,590.190,590.330,590.190,590.330,547.54,1785470099999,323193.54240,579,334.16,197240.76950,0
1785470100000,590.330,590.340,589.800,589.800,694.32,1785470159999,409669.52650,1169,118.04,69636.11470,0
1785470160000,589.800,590.070,589.690,589.930,395.32,1785470219999,233175.43700,773,203.51,120032.39490,0
1785470220000,589.920,590.030,589.880,589.880,302.85,1785470279999,178665.59370,465,226.54,133647.72640,0
1785470280000,589.880,589.980,589.750,589.760,291.28,1785470339999,171836.21940,265,44.58,26297.57770,0
1785470340000,589.750,589.860,589.740,589.740,149.62,1785470399999,88248.10870,277,125.45,73992.82070,0
1785470400000,589.740,589.810,589.630,589.760,230.39,1785470459999,135861.97310,506,130.76,77110.71530,0
1785470460000,589.760,589.840,589.720,589.830,132.48,1785470519999,78133.32640,339,96.15,56707.86420,0
1785470520000,589.840,590.030,589.830,590.030,109.87,1785470579999,64809.96690,335,94.55,55772.78030,0
1785470580000,590.020,590.380,590.020,590.080,319.38,1785470639999,188508.17180,609,207.80,122653.88410,0
1785470640000,590.080,590.230,590.080,590.170,88.56,1785470699999,52262.11860,270,69.42,40967.25610,0
1785470700000,590.180,590.290,590.170,590.260,88.36,1785470759999,52155.04340,237,29.68,17517.92060,0
1785470760000,590.270,590.270,590.120,590.120,62.42,1785470819999,36839.12690,183,10.64,6279.69860,0
1785470820000,590.130,590.130,589.600,589.650,275.59,1785470879999,162563.84820,528,81.61,48120.58650,0
1785470880000,589.650,589.960,589.630,589.950,188.93,1785470939999,111411.63350,454,135.01,79613.38780,0
1785470940000,589.960,590.000,589.950,590.000,40.73,1785470999999,24030.11100,123,14.12,8330.48470,0
1785471000000,589.990,590.000,589.810,589.870,171.99,1785471059999,101448.56550,346,83.65,49338.62000,0
1785471060000,589.860,589.870,589.670,589.670,84.93,1785471119999,50090.03400,306,8.32,4906.81090,0
1785471120000,589.680,589.700,589.580,589.580,185.63,1785471179999,109461.20950,313,93.06,54875.82110,0
1785471180000,589.580,589.590,589.360,589.360,112.40,1785471239999,66258.14350,293,33.08,19501.41110,0
1785471240000,589.360,589.370,589.240,589.360,263.45,1785471299999,155246.94800,452,174.68,102934.88970,0
1785471300000,589.360,589.550,589.360,589.420,330.05,1785471359999,194548.55380,502,85.21,50222.91850,0
1785471360000,589.420,589.690,589.420,589.490,390.29,1785471419999,230094.21070,586,150.38,88652.03070,0
1785471420000,589.490,589.490,589.320,589.460,118.84,1785471479999,70046.35480,479,55.19,32528.58300,0
1785471480000,589.460,589.560,589.360,589.550,234.32,1785471539999,138119.93060,467,72.23,42577.14060,0
1785471540000,589.560,589.690,589.550,589.690,67.36,1785471599999,39716.79990,281,48.14,28383.98730,0
1785471600000,589.680,589.690,589.500,589.610,211.19,1785471659999,124511.03390,405,107.42,63328.25510,0
1785471660000,589.600,589.610,589.220,589.230,96.59,1785471719999,56924.98100,351,8.57,5052.12040,0
1785471720000,589.220,589.230,588.950,588.950,747.00,1785471779999,440056.28610,501,46.82,27584.02270,0
1785471780000,588.950,588.990,588.750,588.870,367.42,1785471839999,216362.07810,519,171.94,101250.94040,0
1785471840000,588.870,589.000,588.860,589.000,259.33,1785471899999,152729.68930,371,172.55,101619.64440,0
1785471900000,588.990,589.260,588.990,589.250,222.97,1785471959999,131357.04450,546,100.41,59151.99650,0
1785471960000,589.260,589.680,589.260,589.670,226.25,1785472019999,133378.42440,509,222.77,131326.84030,0
1785472020000,589.680,590.000,589.680,589.910,242.86,1785472079999,143258.40960,470,107.62,63471.71980,0
1785472080000,589.910,589.910,589.740,589.810,227.82,1785472139999,134380.55200,271,26.66,15723.14890,0
1785472140000,589.800,589.810,589.800,589.800,39.77,1785472199999,23456.47380,135,12.78,7537.77180,0
1785472200000,589.810,590.000,589.810,589.990,150.07,1785472259999,88523.51710,299,96.59,56978.10340,0
1785472260000,589.990,590.000,589.690,589.690,334.04,1785472319999,197063.04700,483,183.66,108352.41380,0
1785472320000,589.690,589.720,589.670,589.710,115.61,1785472379999,68173.54150,250,67.28,39674.01600,0
1785472380000,589.710,589.780,589.550,589.670,124.24,1785472439999,73255.93100,433,71.29,42034.14780,0
1785472440000,589.670,589.690,589.620,589.690,58.82,1785472499999,34683.81600,169,14.07,8296.35670,0
1785472500000,589.680,589.730,589.680,589.730,24.59,1785472559999,14500.45490,112,14.64,8633.13840,0
1785472560000,589.730,590.110,589.730,590.060,527.77,1785472619999,311387.97000,665,398.69,235221.96450,0
1785472620000,590.060,590.060,589.730,589.870,397.93,1785472679999,234732.71980,574,154.50,91124.56260,0
1785472680000,589.860,590.240,589.860,590.130,290.40,1785472739999,171357.19400,441,262.90,155127.29530,0
1785472740000,590.140,590.160,589.680,589.780,581.70,1785472799999,343187.55280,741,90.76,53538.17200,0
1785472800000,589.780,589.780,589.660,589.660,35.61,1785472859999,20999.05910,241,12.35,7282.48850,0
1785472860000,589.660,589.670,589.510,589.510,73.29,1785472919999,43212.71020,249,13.49,7953.96960,0
1785472920000,589.510,589.550,589.510,589.550,93.62,1785472979999,55191.74650,201,79.17,46673.24030,0
1785472980000,589.540,589.620,589.500,589.510,96.24,1785473039999,56740.16150,290,53.33,31441.14220,0
1785473040000,589.500,589.570,589.390,589.450,271.29,1785473099999,159922.61010,385,64.01,37732.63230,0
1785473100000,589.460,589.660,589.450,589.590,56.38,1785473159999,33238.74890,304,38.76,22849.50610,0
1785473160000,589.590,589.600,589.400,589.410,90.15,1785473219999,53142.14960,280,8.04,4739.50580,0
1785473220000,589.400,589.410,589.310,589.310,138.79,1785473279999,81798.92310,364,85.87,50608.78120,0
1785473280000,589.320,589.320,589.050,589.050,68.52,1785473339999,40374.49840,332,17.32,10206.14640,0
1785473340000,589.060,589.150,589.050,589.130,143.14,1785473399999,84323.86820,337,95.06,56000.12020,0
1785473400000,589.120,589.230,589.100,589.160,144.10,1785473459999,84899.93260,340,53.34,31424.52760,0
1785473460000,589.170,589.320,589.170,589.320,209.99,1785473519999,123739.79280,264,190.90,112490.73090,0
1785473520000,589.310,589.440,589.310,589.440,116.68,1785473579999,68763.00000,247,100.83,59422.43570,0
1785473580000,589.440,589.700,589.410,589.690,150.14,1785473639999,88506.97050,400,60.99,35955.12040,0
1785473640000,589.700,589.780,589.670,589.780,132.03,1785473699999,77864.16310,299,37.42,22068.70040,0
1785473700000,589.770,589.870,589.690,589.690,70.98,1785473759999,41863.37310,279,32.98,19451.64190,0
1785473760000,589.690,589.690,589.580,589.580,121.94,1785473819999,71900.73530,247,24.70,14563.17350,0
1785473820000,589.580,589.660,589.550,589.580,53.96,1785473879999,31815.57910,263,24.52,14456.90470,0
1785473880000,589.580,589.630,589.580,589.630,76.60,1785473939999,45162.89440,122,58.10,34255.66440,0
1785473940000,589.620,589.630,589.500,589.500,132.17,1785473999999,77926.69450,194,73.04,43064.40030,0
1785474000000,589.500,589.780,589.500,589.780,181.45,1785474059999,106981.12760,380,108.09,63732.30760,0
1785474060000,589.770,589.880,589.730,589.730,228.69,1785474119999,134884.14350,412,42.85,25274.35640,0
1785474120000,589.730,590.120,589.730,590.040,661.33,1785474179999,390117.11800,745,514.03,303216.95370,0
1785474180000,590.050,590.300,590.050,590.290,162.67,1785474239999,96003.00340,350,156.60,92420.58840,0
1785474240000,590.300,590.300,590.060,590.070,305.03,1785474299999,180034.58150,319,29.15,17202.19470,0
1785474300000,590.060,590.390,590.060,590.360,349.90,1785474359999,206513.77640,574,258.30,152454.00390,0
1785474360000,590.360,590.390,590.300,590.310,111.44,1785474419999,65789.14040,257,14.06,8300.66450,0
1785474420000,590.300,590.530,590.250,590.530,203.98,1785474479999,120434.71620,567,146.38,86427.08130,0
1785474480000,590.520,590.520,590.360,590.360,266.03,1785474539999,157075.96380,440,153.14,90422.08860,0
1785474540000,590.360,590.410,590.310,590.410,150.48,1785474599999,88836.54310,326,106.51,62878.62380,0
1785474600000,590.400,590.510,590.400,590.480,65.45,1785474659999,38646.02920,214,50.46,29794.56750,0
1785474660000,590.480,590.570,590.480,590.560,84.45,1785474719999,49871.40120,269,72.40,42755.50440,0
1785474720000,590.560,590.840,590.560,590.730,319.49,1785474779999,188732.13310,589,167.62,99012.79750,0
1785474780000,590.730,590.850,590.730,590.850,186.01,1785474839999,109892.02620,348,122.02,72086.23280,0
1785474840000,590.840,590.850,590.720,590.720,101.89,1785474899999,60195.93190,196,15.20,8980.02420,0
1785474900000,590.720,590.810,590.710,590.740,57.46,1785474959999,33944.86400,265,29.03,17149.52330,0
1785474960000,590.740,590.880,590.740,590.880,75.01,1785475019999,44319.64770,248,41.36,24437.06210,0
1785475020000,590.870,591.190,590.870,591.110,774.33,1785475079999,457677.79020,942,359.87,212700.94570,0
1785475080000,591.110,591.200,591.110,591.170,101.01,1785475139999,59712.60060,311,67.95,40169.98120,0
1785475140000,591.160,591.160,590.940,590.950,210.74,1785475199999,124547.97530,368,99.08,58557.82900,0
1785475200000,590.940,591.310,590.940,591.250,189.65,1785475259999,112120.82390,466,165.14,97629.59640,0
1785475260000,591.250,591.250,590.930,590.940,109.08,1785475319999,64477.55000,314,10.30,6088.17230,0
1785475320000,590.930,590.950,590.780,590.920,322.18,1785475379999,190357.01850,565,82.92,48992.25920,0
1785475380000,590.920,591.170,590.920,591.160,52.02,1785475439999,30748.95640,235,19.61,11590.40170,0
1785475440000,591.160,591.170,591.160,591.170,27.40,1785475499999,16197.99000,124,20.60,12178.10200,0
1785475500000,591.160,591.170,590.980,591.020,241.67,1785475559999,142837.06710,290,190.49,112584.37520,0
1785475560000,591.020,591.030,590.710,590.720,73.93,1785475619999,43678.13200,253,9.41,5558.91350,0
1785475620000,590.710,590.750,590.710,590.750,78.55,1785475679999,46400.54660,172,25.50,15063.38110,0
1785475680000,590.750,590.990,590.750,590.820,154.71,1785475739999,91409.89450,374,100.44,59341.47480,0
1785475740000,590.810,590.820,590.600,590.600,91.79,1785475799999,54217.71500,230,6.40,3781.07870,0
1785475800000,590.600,590.820,590.600,590.670,103.75,1785475859999,61284.95210,296,27.49,16238.02180,0
1785475860000,590.670,590.680,590.530,590.530,52.84,1785475919999,31209.16450,165,2.18,1287.66830,0
1785475920000,590.530,590.720,590.530,590.610,180.98,1785475979999,106894.59340,372,146.37,86451.34870,0
1785475980000,590.610,590.660,590.590,590.600,54.15,1785476039999,31983.18430,184,18.82,11115.86030,0
1785476040000,590.590,590.600,590.240,590.330,150.26,1785476099999,88705.85480,474,56.80,33528.06900,0
1785476100000,590.340,590.340,590.190,590.190,154.16,1785476159999,90994.99550,318,3.97,2343.59440,0
1785476160000,590.190,590.300,590.120,590.200,127.73,1785476219999,75391.42130,374,53.99,31866.87820,0
1785476220000,590.200,590.310,590.200,590.300,72.97,1785476279999,43073.00150,168,25.59,15105.02120,0
1785476280000,590.300,590.360,590.150,590.150,166.93,1785476339999,98539.46380,302,11.53,6806.57030,0
1785476340000,590.150,590.430,590.150,590.310,217.41,1785476399999,128326.50790,386,201.54,118957.96500,0
1785476400000,590.320,590.440,590.230,590.230,124.87,1785476459999,73714.72420,387,48.96,28903.44160,0
1785476460000,590.230,590.300,590.220,590.250,85.55,1785476519999,50495.52160,201,51.51,30403.11810,0
1785476520000,590.250,590.480,590.250,590.480,94.30,1785476579999,55668.86140,297,85.55,50503.01420,0
1785476580000,590.470,590.480,590.410,590.420,88.63,1785476639999,52332.86890,182,49.11,28998.10880,0
1785476640000,590.420,590.430,590.200,590.200,92.73,1785476699999,54736.74700,256,11.38,6717.08340,0
1785476700000,590.200,590.230,590.160,590.210,104.32,1785476759999,61569.33720,212,50.11,29574.20090,0
1785476760000,590.200,590.210,590.150,590.160,43.01,1785476819999,25383.43470,156,2.73,1611.17450,0
1785476820000,590.150,590.160,590.140,590.140,40.83,1785476879999,24095.86020,176,21.76,12841.79760,0
1785476880000,590.150,590.280,590.140,590.280,94.57,1785476939999,55814.34360,336,47.92,28281.21410,0
1785476940000,590.270,590.280,590.160,590.170,89.97,1785476999999,53101.24450,259,27.79,16402.31710,0
1785477000000,590.160,590.160,590.090,590.100,28.28,1785477059999,16688.69310,179,7.51,4431.84750,0
1785477060000,590.090,590.100,590.030,590.100,118.70,1785477119999,70038.51630,246,53.95,31832.82380,0
1785477120000,590.100,590.270,590.090,590.260,90.76,1785477179999,53563.89190,221,82.98,48971.96500,0
1785477180000,590.260,590.400,590.260,590.390,70.89,1785477239999,41849.25150,208,53.95,31848.87240,0
1785477240000,590.400,590.430,590.340,590.420,54.84,1785477299999,32376.99200,220,17.35,10243.23580,0
1785477300000,590.420,590.430,590.420,590.430,9.95,1785477359999,5874.73590,81,5.69,3359.54670,0
1785477360000,590.420,590.430,590.040,590.120,306.22,1785477419999,180710.95120,511,121.92,71945.37800,0
1785477420000,590.120,590.230,590.120,590.230,33.22,1785477479999,19605.66880,155,29.36,17327.61450,0
1785477480000,590.220,590.370,590.220,590.360,39.14,1785477539999,23103.07100,191,25.36,14969.51650,0
1785477540000,590.370,590.370,590.360,590.370,16.58,1785477599999,9788.30940,84,14.06,8300.60220,0
1785477600000,590.360,590.590,590.360,590.520,228.39,1785477659999,134855.70690,475,148.45,87647.14290,0
1785477660000,590.520,590.520,590.380,590.460,92.23,1785477719999,54458.11230,315,32.13,18971.20940,0
1785477720000,590.460,590.550,590.360,590.540,74.24,1785477779999,43834.39840,338,62.80,37079.49410,0
1785477780000,590.550,590.710,590.540,590.590,119.70,1785477839999,70699.69200,360,60.01,35442.94600,0
1785477840000,590.580,590.610,590.580,590.600,68.89,1785477899999,40686.19350,150,65.98,38967.57690,0
1785477900000,590.610,590.610,590.600,590.600,42.23,1785477959999,24941.22370,125,18.57,10967.62770,0
1785477960000,590.610,590.800,590.610,590.790,118.19,1785478019999,69816.65370,276,98.56,58219.98860,0
1785478020000,590.800,590.870,590.790,590.790,203.34,1785478079999,120138.85420,261,137.49,81232.59960,0
1785478080000,590.800,590.800,590.580,590.760,132.18,1785478139999,78072.41430,345,80.93,47800.30850,0
1785478140000,590.770,590.870,590.670,590.780,255.42,1785478199999,150889.34940,477,152.22,89919.90950,0
1785478200000,590.780,590.880,590.780,590.810,166.89,1785478259999,98603.84120,261,118.22,69847.66240,0
1785478260000,590.810,591.170,590.810,591.160,72.89,1785478319999,43076.79510,381,56.69,33502.88900,0
1785478320000,591.170,591.360,591.170,591.210,423.72,1785478379999,250538.26180,558,301.05,178004.36060,0
1785478380000,591.200,591.260,591.200,591.250,129.74,1785478439999,76707.99910,164,37.02,21887.50710,0
1785478440000,591.260,591.260,590.910,590.910,84.43,1785478499999,49903.98090,303,2.88,1702.08110,0
1785478500000,590.920,590.920,590.910,590.910,96.53,1785478559999,57041.10110,136,55.88,33020.60960,0
1785478560000,590.910,590.920,590.560,590.710,339.84,1785478619999,200740.28260,496,45.18,26684.44620,0
1785478620000,590.720,590.720,590.700,590.700,49.95,1785478679999,29505.74020,160,9.35,5523.19290,0
1785478680000,590.700,590.970,590.700,590.960,199.02,1785478739999,117591.08110,305,174.35,103017.20720,0
1785478740000,590.970,591.030,590.900,590.970,273.44,1785478799999,161600.51740,317,174.35,103038.85500,0
1785478800000,590.970,591.170,590.970,591.160,128.69,1785478859999,76064.77530,236,64.00,37828.26990,0
1785478860000,591.160,591.170,590.940,590.940,166.49,1785478919999,98409.00390,320,69.43,41037.56420,0
1785478920000,590.940,591.180,590.930,591.170,92.97,1785478979999,54953.22240,277,63.52,37545.64490,0
1785478980000,591.170,591.600,591.050,591.310,1380.22,1785479039999,816184.42390,1030,1166.41,689757.20470,0
1785479040000,591.310,591.570,591.240,591.510,702.06,1785479099999,415204.09680,608,537.36,317802.83890,0
1785479100000,591.510,591.900,591.500,591.780,536.00,1785479159999,317166.72170,633,364.96,215941.57170,0
1785479160000,591.780,592.380,591.760,592.270,1248.75,1785479219999,739403.59750,1164,880.59,521375.77250,0
1785479220000,592.270,592.370,592.260,592.290,362.27,1785479279999,214579.22260,506,148.35,87867.67530,0
1785479280000,592.300,592.600,592.290,592.600,712.71,1785479339999,422241.66710,835,513.59,304261.01170,0
1785479340000,592.600,593.000,592.550,592.960,2174.21,1785479399999,1288862.94840,1435,1013.02,600576.36240,0
1785479400000,592.970,592.980,592.400,592.410,551.04,1785479459999,326575.47800,875,301.09,178449.29590,0
1785479460000,592.400,592.850,592.400,592.810,472.83,1785479519999,280250.63040,692,245.87,145711.13110,0
1785479520000,592.820,592.930,592.710,592.710,195.95,1785479579999,116163.54350,407,102.41,60709.85630,0
1785479580000,592.720,592.720,592.170,592.180,225.27,1785479639999,133468.35390,581,124.76,73919.39720,0
1785479640000,592.170,592.330,592.060,592.250,151.32,1785479699999,89611.01300,705,90.58,53638.88390,0
1785479700000,592.260,592.260,591.810,591.830,224.29,1785479759999,132788.03880,647,69.82,41335.87490,0
1785479760000,591.840,591.920,591.770,591.870,112.20,1785479819999,66403.21000,379,54.70,32372.99670,0
1785479820000,591.870,592.080,591.830,591.950,489.99,1785479879999,290037.87770,581,338.25,200210.82870,0
1785479880000,591.950,592.240,591.880,591.880,189.52,1785479939999,112217.29930,534,69.61,41213.04080,0
1785479940000,591.880,591.910,591.710,591.910,227.93,1785479999999,134894.36040,454,72.42,42861.06150,0
1785480000000,591.900,592.000,591.890,592.000,103.55,1785480059999,61293.00320,253,57.24,33881.14390,0
1785480060000,591.990,592.040,591.770,591.770,97.25,1785480119999,57569.75150,405,38.18,22602.34520,0
1785480120000,591.770,591.780,591.570,591.580,206.46,1785480179999,122160.74630,355,28.75,17010.30440,0
1785480180000,591.570,591.670,591.280,591.620,574.54,1785480239999,339824.99240,971,231.10,136691.08830,0
1785480240000,591.620,591.630,591.340,591.530,238.92,1785480299999,141307.20140,522,158.26,93600.70700,0
1785480300000,591.540,591.550,591.280,591.280,150.04,1785480359999,88740.49650,444,26.12,15448.92980,0
1785480360000,591.280,591.510,591.180,591.510,149.60,1785480419999,88459.29820,569,51.81,30637.47080,0
1785480420000,591.510,591.570,591.330,591.490,229.08,1785480479999,135478.04800,477,136.97,81000.91870,0
1785480480000,591.500,591.780,591.390,591.780,195.76,1785480539999,115792.47090,481,106.60,63058.33170,0
1785480540000,591.770,592.140,591.740,592.140,302.66,1785480599999,179140.49970,593,54.97,32535.28280,0
1785480600000,592.140,592.310,592.140,592.260,113.94,1785480659999,67476.80270,436,57.55,34080.88080,0
1785480660000,592.260,592.260,591.880,592.050,105.19,1785480719999,62281.33810,427,30.64,18140.90280,0
1785480720000,592.050,592.340,592.050,592.340,85.59,1785480779999,50688.97370,266,46.36,27456.73800,0
1785480780000,592.340,592.620,592.340,592.620,92.60,1785480839999,54866.03880,324,72.57,42997.99140,0
1785480840000,592.610,592.850,592.570,592.780,223.30,1785480899999,132359.68600,449,134.27,79588.17670,0
1785480900000,592.790,593.000,592.780,593.000,198.58,1785480959999,117743.00820,368,132.87,78781.92530,0
1785480960000,592.990,593.150,592.940,593.100,468.06,1785481019999,277587.86810,533,367.91,218194.21510,0
1785481020000,593.110,593.170,593.090,593.120,294.04,1785481079999,174406.97330,371,160.43,95158.02970,0
1785481080000,593.110,593.260,593.060,593.110,770.01,1785481139999,456733.95970,648,507.35,300923.65730,0
1785481140000,593.100,593.110,592.830,592.870,196.28,1785481199999,116384.81370,362,70.34,41709.59740,0
1785481200000,592.870,592.870,592.390,592.440,245.50,1785481259999,145480.67190,584,78.01,46226.38710,0
1785481260000,592.440,592.820,592.350,592.770,202.08,1785481319999,119745.71840,663,98.69,58475.09990,0
1785481320000,592.760,592.770,592.640,592.640,392.49,1785481379999,232623.46700,498,278.01,164769.01710,0
1785481380000,592.650,592.770,592.120,592.150,576.96,1785481439999,341793.48070,931,219.10,129795.94260,0
1785481440000,592.150,592.700,592.150,592.170,181.98,1785481499999,107807.62950,738,87.67,51932.56230,0
1785481500000,592.170,592.260,591.940,592.050,457.90,1785481559999,271101.95680,986,257.22,152283.19070,0
1785481560000,592.040,592.050,591.700,591.810,403.32,1785481619999,238705.90420,727,30.84,18251.97650,0
1785481620000,591.820,592.960,591.350,592.880,1408.89,1785481679999,834202.24970,1911,806.77,477884.50710,0
1785481680000,592.870,593.040,592.610,592.990,606.04,1785481739999,359313.66970,866,409.94,243054.32990,0
1785481740000,593.000,593.120,592.830,593.070,198.53,1785481799999,117731.36200,672,77.12,45733.58670,0
1785481800000,593.080,593.080,592.790,592.830,354.02,1785481859999,209924.70290,1823,177.71,105382.43620,0
1785481860000,592.830,592.910,592.230,592.230,483.16,1785481919999,286322.76270,795,315.13,186762.18950,0
1785481920000,592.240,592.510,592.040,592.510,357.52,1785481979999,211705.87530,621,125.97,74598.24820,0
1785481980000,592.510,592.690,592.290,592.530,299.64,1785482039999,177534.61730,681,46.75,27700.64200,0
1785482040000,592.530,592.670,592.360,592.560,653.72,1785482099999,387360.37170,840,412.71,244537.27870,0
1785482100000,592.570,592.570,592.130,592.130,268.10,1785482159999,158814.99730,658,70.28,41634.14860,0
1785482160000,592.130,592.200,592.040,592.190,233.20,1785482219999,138082.66160,503,137.03,81137.36040,0
1785482220000,592.190,592.280,591.910,592.280,427.77,1785482279999,253280.58270,683,266.38,157732.45850,0
1785482280000,592.280,592.280,591.590,591.650,555.58,1785482339999,328769.54130,905,99.21,58702.50770,0
1785482340000,591.650,592.000,591.530,591.850,985.17,1785482399999,582953.68400,799,552.82,327090.29950,0
1785482400000,591.850,592.000,591.490,591.570,490.08,1785482459999,289984.07550,643,257.54,152375.52460,0
1785482460000,591.580,591.700,591.430,591.480,186.20,1785482519999,110144.25770,643,107.92,63837.44880,0
1785482520000,591.490,591.510,591.170,591.410,516.58,1785482579999,305468.34870,948,216.35,127947.32050,0
1785482580000,591.410,591.700,591.410,591.460,416.62,1785482639999,246469.13650,586,116.21,68743.63740,0
1785482640000,591.450,591.460,591.360,591.360,132.34,1785482699999,78266.26800,338,25.48,15068.60490,0
1785482700000,591.360,591.600,591.290,591.590,209.38,1785482759999,123839.65230,444,166.66,98570.40840,0
1785482760000,591.590,591.600,591.400,591.530,442.46,1785482819999,261719.61980,536,112.16,66342.98200,0
1785482820000,591.520,592.090,591.520,592.000,322.26,1785482879999,190741.53170,727,262.79,155536.51140,0
1785482880000,592.010,592.150,591.960,592.140,71.57,1785482939999,42373.51770,247,33.54,19856.92550,0
1785482940000,592.150,592.300,592.150,592.180,430.47,1785482999999,254941.74210,620,247.48,146567.01090,0
1785483000000,592.170,592.410,591.980,592.410,405.79,1785483059999,240293.82370,989,266.54,157838.06550,0
1785483060000,592.410,592.540,592.170,592.270,506.08,1785483119999,299765.94150,862,258.55,153145.86300,0
1785483120000,592.270,592.270,591.640,591.710,409.72,1785483179999,242549.31580,828,238.94,141457.72970,0
1785483180000,591.720,591.720,591.030,591.190,341.25,1785483239999,201779.49640,896,150.84,89191.69860,0
1785483240000,591.200,591.240,590.570,590.660,840.21,1785483299999,496545.13870,1063,312.78,184847.08640,0
1785483300000,590.660,590.910,590.560,590.740,507.23,1785483359999,299638.92720,943,201.35,118959.29360,0
1785483360000,590.750,590.840,590.480,590.490,296.46,1785483419999,175121.47960,736,74.36,43925.59700,0
1785483420000,590.490,590.650,590.410,590.470,437.03,1785483479999,258064.76570,594,281.50,166232.14300,0
1785483480000,590.470,590.500,590.350,590.390,273.32,1785483539999,161373.24350,479,79.52,46948.65910,0
1785483540000,590.390,590.770,590.350,590.770,622.96,1785483599999,367868.94820,930,495.00,292307.44190,0
1785483600000,590.760,590.880,590.610,590.800,417.44,1785483659999,246600.69160,859,226.85,134011.72890,0
1785483660000,590.800,590.940,590.770,590.780,498.09,1785483719999,294296.51350,506,112.27,66334.03050,0
1785483720000,590.780,590.840,590.610,590.610,199.86,1785483779999,118061.55300,415,75.82,44789.83080,0
1785483780000,590.620,590.620,590.170,590.350,927.06,1785483839999,547282.01660,1076,296.19,174838.09200,0
1785483840000,590.360,590.510,590.350,590.490,234.13,1785483899999,138246.49210,400,132.10,77999.57650,0
1785483900000,590.500,590.950,590.490,590.560,343.84,1785483959999,203115.64280,881,159.66,94310.39170,0
1785483960000,590.550,590.560,590.410,590.460,365.14,1785484019999,215608.57490,553,193.43,114216.67570,0
1785484020000,590.460,590.460,590.170,590.200,454.51,1785484079999,268318.08320,496,35.50,20955.06680,0
1785484080000,590.210,590.420,590.140,590.190,331.57,1785484139999,195721.17340,605,90.30,53303.54370,0
1785484140000,590.190,590.280,590.100,590.280,217.74,1785484199999,128515.96350,517,123.13,72674.86840,0
1785484200000,590.280,590.370,590.230,590.230,170.32,1785484259999,100540.23600,380,75.28,44438.25370,0
1785484260000,590.240,590.320,590.230,590.320,211.16,1785484319999,124643.40460,332,111.15,65609.70240,0
1785484320000,590.320,590.660,590.320,590.650,202.35,1785484379999,119485.60740,523,114.70,67728.83210,0
1785484380000,590.660,590.860,590.580,590.760,539.29,1785484439999,318553.32430,713,196.74,116211.04940,0
1785484440000,590.770,590.770,590.310,590.310,244.11,1785484499999,144127.07010,516,72.47,42783.82530,0
1785484500000,590.310,590.310,590.170,590.220,268.27,1785484559999,158342.20400,454,130.83,77221.03600,0
1785484560000,590.230,590.350,590.230,590.270,253.36,1785484619999,149559.69520,404,135.58,80031.73290,0
1785484620000,590.280,590.300,590.210,590.230,277.57,1785484679999,163838.92520,420,141.42,83476.04340,0
1785484680000,590.230,590.260,590.200,590.260,363.89,1785484739999,214776.79250,304,240.00,141654.97320,0
1785484740000,590.260,590.400,590.140,590.190,453.70,1785484799999,267801.39790,607,196.74,116129.50770,0
1785484800000,590.200,590.680,590.110,590.670,514.66,1785484859999,303799.85430,898,284.03,167664.20710,0
1785484860000,590.660,590.670,590.350,590.500,634.52,1785484919999,374707.73700,740,196.97,116308.55250,0
1785484920000,590.500,591.260,590.360,591.260,675.93,1785484979999,399345.62770,929,528.70,312397.17130,0
1785484980000,591.260,591.950,591.250,591.940,540.49,1785485039999,319777.68710,904,402.44,238092.91010,0
1785485040000,591.950,592.170,591.950,592.160,658.41,1785485099999,389840.84600,856,480.96,284765.96600,0
1785485100000,592.150,592.150,591.660,591.910,993.16,1785485159999,587817.44900,1013,157.10,92991.98360,0
1785485160000,591.900,592.220,591.880,592.220,496.17,1785485219999,293768.25390,684,378.28,223965.77680,0
1785485220000,592.220,592.470,592.170,592.400,269.42,1785485279999,159586.10150,625,170.12,100760.25270,0
1785485280000,592.410,592.410,591.910,592.250,520.03,1785485339999,307923.10320,785,364.65,215902.00820,0
1785485340000,592.260,592.260,591.960,592.010,131.79,1785485399999,78034.57510,440,37.36,22119.17720,0
1785485400000,592.010,592.210,592.010,592.180,198.54,1785485459999,117552.74390,462,142.33,84271.17960,0
1785485460000,592.180,592.480,592.180,592.470,188.94,1785485519999,111916.98180,521,74.74,44272.62940,0
1785485520000,592.480,592.480,592.250,592.270,287.08,1785485579999,170052.62460,544,161.34,95567.44260,0
1785485580000,592.270,592.740,592.260,592.740,288.20,1785485639999,170778.94400,617,208.55,123576.21530,0
1785485640000,592.740,592.920,592.480,592.480,507.83,1785485699999,301023.87390,723,364.86,216275.98780,0
1785485700000,592.480,593.330,592.480,592.560,529.39,1785485759999,313938.64540,1402,371.85,220512.47160,0
1785485760000,592.560,592.560,591.950,592.100,968.85,1785485819999,573761.49430,1219,351.37,208103.61340,0
1785485820000,592.100,592.110,591.830,591.960,185.87,1785485879999,110028.83130,449,89.07,52723.75890,0
1785485880000,591.960,592.100,591.800,591.930,220.07,1785485939999,130281.75120,444,92.51,54764.19740,0
1785485940000,591.930,592.000,591.810,591.850,156.28,1785485999999,92505.86660,529,67.72,40084.75480,0
1785486000000,591.860,592.000,591.850,591.950,203.99,1785486059999,120755.79080,384,65.19,38590.09850,0
1785486060000,591.960,592.060,591.950,592.050,246.94,1785486119999,146181.80370,316,160.85,95218.89520,0
1785486120000,592.050,592.300,591.970,592.250,211.11,1785486179999,125014.59910,478,172.91,102396.80740,0
1785486180000,592.250,592.280,592.180,592.180,100.60,1785486239999,59579.43810,253,78.75,46638.88290,0
1785486240000,592.190,592.190,592.110,592.180,156.86,1785486299999,92886.11570,330,66.14,39166.03810,0
1785486300000,592.180,592.610,592.180,592.610,137.58,1785486359999,81504.72200,420,119.08,70546.67870,0
1785486360000,592.600,592.910,592.450,592.450,364.95,1785486419999,216315.08920,795,135.08,80063.51670,0
1785486420000,592.460,593.020,592.460,593.020,139.72,1785486479999,82832.89340,541,128.09,75938.36260,0
1785486480000,593.020,593.020,592.830,592.830,163.44,1785486539999,96903.81410,359,96.85,57421.63790,0
1785486540000,592.830,593.060,592.500,592.500,395.35,1785486599999,234395.44330,742,154.66,91704.09040,0
1785486600000,592.510,592.540,592.230,592.500,270.35,1785486659999,160138.77240,576,93.19,55203.88400,0
1785486660000,592.510,592.510,592.250,592.450,219.47,1785486719999,130008.50740,407,137.51,81456.16960,0
1785486720000,592.450,592.580,592.390,592.570,456.90,1785486779999,270715.03230,555,246.94,146303.03660,0
1785486780000,592.570,592.890,592.570,592.880,156.27,1785486839999,92622.52300,405,94.94,56271.10460,0
1785486840000,592.880,593.290,592.880,593.280,800.09,1785486899999,474472.20570,653,674.71,400110.33300,0
1785486900000,593.280,593.470,593.070,593.470,345.47,1785486959999,204934.79010,673,235.61,139768.02830,0
1785486960000,593.470,593.470,593.270,593.280,113.61,1785487019999,67413.39950,274,50.91,30207.88500,0
1785487020000,593.290,593.290,593.030,593.200,380.88,1785487079999,225951.79830,446,84.66,50216.82710,0
1785487080000,593.210,593.290,592.630,592.630,198.12,1785487139999,117494.34140,578,49.88,29589.71600,0
1785487140000,592.630,592.630,592.140,592.220,506.42,1785487199999,299941.55730,727,283.47,167881.40460,0
1785487200000,592.220,592.280,591.920,591.930,190.94,1785487259999,113070.13580,631,67.90,40209.23210,0
1785487260000,591.930,592.220,591.930,592.150,253.28,1785487319999,149969.01910,462,68.12,40335.65280,0
1785487320000,592.150,592.210,591.980,592.180,286.12,1785487379999,169420.04200,473,24.38,14434.90570,0
1785487380000,592.170,592.400,592.170,592.320,146.07,1785487439999,86519.35940,465,45.81,27131.62850,0
1785487440000,592.310,592.700,592.210,592.680,235.93,1785487499999,139781.97230,497,200.34,118692.47220,0
1785487500000,592.690,592.890,592.620,592.850,104.69,1785487559999,62055.48830,356,71.78,42548.00380,0
1785487560000,592.850,593.320,592.840,593.310,211.42,1785487619999,125395.42630,561,183.83,109028.65040,0
1785487620000,593.310,593.450,593.090,593.400,205.50,1785487679999,121926.59450,754,34.65,20558.94320,0
1785487680000,593.400,593.690,593.400,593.480,480.46,1785487739999,285186.70310,682,295.60,175449.77160,0
1785487740000,593.480,593.530,593.350,593.440,237.20,1785487799999,140763.87810,481,74.49,44205.46920,0
1785487800000,593.440,593.530,593.220,593.340,335.66,1785487859999,199177.09920,510,118.88,70529.93220,0
1785487860000,593.340,593.430,593.340,593.360,118.22,1785487919999,70151.19560,231,51.31,30446.28990,0
1785487920000,593.360,593.450,593.090,593.090,965.06,1785487979999,572554.22520,734,245.91,145907.37220,0
1785487980000,593.090,593.440,593.090,593.400,199.40,1785488039999,118296.84710,346,142.03,84258.01220,0
1785488040000,593.400,593.410,592.820,593.040,324.90,1785488099999,192731.17410,537,139.42,82696.80160,0
1785488100000,593.050,593.400,593.050,593.380,198.31,1785488159999,117629.67600,473,49.43,29321.32800,0
1785488160000,593.390,593.390,593.070,593.240,77.82,1785488219999,46161.18010,362,24.17,14336.31570,0
1785488220000,593.230,593.230,592.890,593.040,170.55,1785488279999,101150.01070,601,65.77,39003.42640,0
1785488280000,593.040,593.170,592.930,593.170,117.30,1785488339999,69563.32540,316,45.58,27031.27180,0
1785488340000,593.180,593.190,593.050,593.180,64.40,1785488399999,38199.11540,228,20.55,12189.50200,0
1785488400000,593.190,593.230,592.820,592.850,178.80,1785488459999,106022.48430,728,72.23,42830.17090,0
1785488460000,592.840,592.850,592.650,592.650,51.28,1785488519999,30398.27660,320,10.66,6319.31430,0
1785488520000,592.650,592.730,592.540,592.540,106.72,1785488579999,63251.22950,437,58.95,34939.43250,0
1785488580000,592.550,592.590,592.320,592.580,213.37,1785488639999,126395.62990,520,150.49,89143.83540,0
1785488640000,592.590,593.080,592.590,592.860,307.78,1785488699999,182457.51510,651,264.00,156502.94760,0
1785488700000,592.860,593.010,592.750,592.820,63.48,1785488759999,37633.75490,420,29.32,17381.83620,0
1785488760000,592.830,592.900,592.560,592.560,256.55,1785488819999,152062.80860,586,32.20,19085.11920,0
1785488820000,592.560,592.560,592.340,592.340,134.55,1785488879999,79714.44860,369,31.64,18747.33520,0
1785488880000,592.340,592.500,592.150,592.490,301.86,1785488939999,178794.33130,523,82.75,49012.37630,0
1785488940000,592.490,592.680,592.320,592.670,132.43,1785488999999,78465.70920,439,64.99,38509.74950,0
1785489000000,592.680,592.990,592.670,592.910,94.64,1785489059999,56114.94860,404,30.92,18331.23480,0
1785489060000,592.900,592.900,592.630,592.630,59.60,1785489119999,35329.45320,243,11.90,7054.08670,0
1785489120000,592.630,592.630,591.950,591.960,200.49,1785489179999,118731.50230,712,14.10,8348.01320,0
1785489180000,591.960,592.110,591.950,592.110,312.14,1785489239999,184794.04320,339,215.81,127760.38470,0
1785489240000,592.100,592.100,592.030,592.030,77.82,1785489299999,46072.98150,217,7.58,4487.66320,0
1785489300000,592.030,592.040,591.540,591.540,242.85,1785489359999,143726.15580,626,29.63,17535.98410,0
1785489360000,591.550,591.700,591.470,591.490,265.87,1785489419999,157280.67590,522,86.55,51200.38900,0
1785489420000,591.480,591.900,591.480,591.620,344.21,1785489479999,203666.84440,631,152.17,90023.67630,0
1785489480000,591.630,591.630,591.420,591.480,225.72,1785489539999,133518.53260,456,66.81,39520.36820,0
1785489540000,591.480,591.480,590.880,590.890,304.05,1785489599999,179753.60400,808,31.02,18339.82780,0
1785489600000,590.880,591.270,590.880,591.200,496.48,1785489659999,293444.24540,753,352.66,208428.43760,0
1785489660000,591.200,591.260,591.200,591.250,98.24,1785489719999,58083.66520,294,56.25,33257.29800,0
1785489720000,591.250,591.250,590.800,590.900,328.67,1785489779999,194230.42220,678,134.27,79341.55560,0
1785489780000,590.900,591.210,590.900,591.200,155.01,1785489839999,91629.46780,514,94.83,56055.67690,0
1785489840000,591.190,591.260,591.060,591.260,173.41,1785489899999,102516.57340,406,65.62,38793.91910,0
1785489900000,591.250,591.260,591.060,591.250,131.16,1785489959999,77542.11480,411,48.41,28619.15060,0
1785489960000,591.260,591.260,591.020,591.020,229.78,1785490019999,135830.91290,517,27.36,16173.53000,0
1785490020000,591.030,591.300,591.020,591.290,222.14,1785490079999,131305.82180,324,179.41,106046.72360,0
1785490080000,591.290,591.300,590.910,590.910,122.10,1785490139999,72181.44770,452,9.97,5894.32770,0
1785490140000,590.920,591.160,590.910,591.160,128.47,1785490199999,75928.11530,330,86.25,50973.71960,0
1785490200000,591.160,591.400,590.970,590.970,133.73,1785490259999,79061.88850,685,65.50,38725.85380,0
1785490260000,590.960,590.970,590.600,590.610,348.24,1785490319999,205729.66170,627,69.04,40785.64590,0
1785490320000,590.600,590.660,590.410,590.520,322.65,1785490379999,190545.26160,746,51.98,30696.37150,0
1785490380000,590.510,590.580,590.300,590.580,441.82,1785490439999,260864.56930,780,214.12,126430.77110,0
1785490440000,590.570,590.670,590.380,590.630,150.07,1785490499999,88625.79490,531,104.96,61984.79380,0
1785490500000,590.630,590.870,590.580,590.870,129.43,1785490559999,76454.24330,401,87.25,51541.05560,0
1785490560000,590.870,591.150,590.730,590.800,940.07,1785490619999,555483.36360,970,336.09,198617.87700,0
1785490620000,590.810,591.280,590.660,591.280,245.55,1785490679999,145095.66600,624,174.13,102892.57690,0
1785490680000,591.280,591.360,590.800,590.800,268.34,1785490739999,158613.59150,637,166.12,98190.53100,0
1785490740000,590.800,590.970,590.630,590.970,181.22,1785490799999,107063.61800,599,88.07,52033.39730,0
1785490800000,590.970,591.000,590.940,590.980,74.22,1785490859999,43862.27540,182,10.19,6022.18050,0
1785490860000,590.980,591.080,590.800,590.990,211.15,1785490919999,124768.54060,528,147.22,86989.56710,0
1785490920000,591.000,591.350,590.990,591.340,166.25,1785490979999,98290.47340,408,114.47,67680.99150,0
1785490980000,591.330,591.330,591.170,591.170,109.86,1785491039999,64951.86190,248,31.29,18499.18820,0
1785491040000,591.170,591.170,590.750,590.850,125.64,1785491099999,74249.56380,468,46.04,27206.59030,0
1785491100000,590.860,590.860,590.670,590.670,333.80,1785491159999,197190.11630,571,89.33,52772.13390,0
1785491160000,590.670,590.670,590.300,590.510,302.13,1785491219999,178384.61220,655,174.94,103284.83480,0
1785491220000,590.510,590.920,590.510,590.910,146.83,1785491279999,86735.48770,444,99.64,58859.81280,0
1785491280000,590.920,590.920,590.770,590.770,103.68,1785491339999,61263.83720,338,32.94,19464.47550,0
1785491340000,590.770,590.980,590.770,590.980,70.83,1785491399999,41852.09980,262,52.74,31163.12340,0
1785491400000,590.970,591.340,590.970,591.330,192.26,1785491459999,113644.47730,418,146.48,86587.07060,0
1785491460000,591.340,591.450,591.160,591.280,251.86,1785491519999,148940.91540,619,158.17,93537.13390,0
1785491520000,591.270,591.490,591.270,591.320,86.70,1785491579999,51274.09180,371,61.17,36176.04260,0
1785491580000,591.310,591.350,590.660,590.670,530.53,1785491639999,313542.51880,750,78.66,46483.93540,0
1785491640000,590.660,590.710,590.450,590.450,314.16,1785491699999,185532.97090,670,154.86,91448.79570,0
1785491700000,590.450,590.650,590.340,590.510,133.78,1785491759999,79000.87350,528,71.36,42139.06140,0
1785491760000,590.510,590.600,590.330,590.440,200.69,1785491819999,118497.35450,370,73.05,43134.46590,0
1785491820000,590.450,590.450,590.230,590.290,267.49,1785491879999,157905.88990,471,84.28,49753.68090,0
1785491880000,590.280,590.500,590.280,590.500,48.88,1785491939999,28856.73250,211,42.17,24895.85470,0
1785491940000,590.500,590.870,590.490,590.860,401.22,1785491999999,236975.73560,401,341.29,201572.78200,0
1785492000000,590.870,590.910,590.460,590.660,251.30,1785492059999,148427.62380,638,164.80,97332.57810,0
1785492060000,590.660,590.950,590.500,590.940,495.08,1785492119999,292412.56680,765,115.31,68111.25560,0
1785492120000,590.940,590.940,590.260,590.270,405.41,1785492179999,239437.89920,818,121.49,71726.01320,0
1785492180000,590.280,590.490,590.200,590.220,188.52,1785492239999,111285.85990,690,57.84,34143.52110,0
1785492240000,590.230,590.340,590.200,590.330,76.19,1785492299999,44972.93000,380,39.83,23510.86860,0
1785492300000,590.330,590.330,589.260,589.270,1312.90,1785492359999,774343.19700,2086,198.01,116785.21430,0
1785492360000,589.260,589.390,588.500,588.810,2762.19,1785492419999,1626679.46390,2507,472.58,278279.28590,0
1785492420000,588.800,589.680,588.640,589.680,520.94,1785492479999,306834.99400,1084,328.49,193516.85330,0
1785492480000,589.680,589.800,589.590,589.680,132.45,1785492539999,78108.61060,548,36.69,21635.98770,0
1785492540000,589.690,589.690,589.610,589.610,153.07,1785492599999,90259.00260,269,81.17,47861.63390,0
1785492600000,589.620,589.900,589.610,589.900,356.06,1785492659999,209980.10640,546,143.92,84875.83290,0
1785492660000,589.900,590.230,589.900,590.220,172.58,1785492719999,101827.48700,510,156.79,92509.22530,0
1785492720000,590.220,590.230,590.010,590.190,307.79,1785492779999,181636.23320,555,189.41,111775.55220,0
1785492780000,590.190,590.450,590.180,590.390,363.27,1785492839999,214441.99740,499,277.16,163612.29430,0
1785492840000,590.400,590.500,590.400,590.410,87.13,1785492899999,51448.05680,283,66.62,39337.82350,0
1785492900000,590.410,590.630,590.390,590.540,260.98,1785492959999,154106.53710,591,194.71,114974.18090,0
1785492960000,590.530,590.530,590.130,590.130,249.44,1785493019999,147223.14300,591,99.68,58826.70760,0
1785493020000,590.130,590.210,590.050,590.160,73.21,1785493079999,43203.09150,314,22.79,13448.53880,0
1785493080000,590.160,590.480,590.160,590.480,73.39,1785493139999,43323.60420,372,56.05,33087.51510,0
1785493140000,590.480,590.660,590.470,590.560,89.61,1785493199999,52921.87480,314,32.63,19269.80610,0
1785493200000,590.550,590.820,590.550,590.690,160.65,1785493259999,94894.01960,514,70.20,41464.91880,0
1785493260000,590.690,590.980,590.690,590.970,108.37,1785493319999,64025.69930,351,103.23,60988.74360,0
1785493320000,590.980,591.140,590.880,590.880,261.94,1785493379999,154813.75300,649,97.42,57578.30890,0
1785493380000,590.870,590.890,590.730,590.780,128.84,1785493439999,76118.90140,287,75.15,44397.17230,0
1785493440000,590.780,590.780,590.550,590.550,61.88,1785493499999,36549.63480,291,12.40,7324.42620,0
1785493500000,590.560,590.800,590.550,590.790,50.24,1785493559999,29673.97930,306,36.01,21269.39090,0
1785493560000,590.790,590.800,590.560,590.560,101.42,1785493619999,59903.90510,318,65.73,38823.14940,0
1785493620000,590.570,590.580,590.550,590.560,48.89,1785493679999,28872.94290,115,18.22,10760.21390,0
1785493680000,590.560,590.600,590.550,590.600,60.78,1785493739999,35894.79240,201,42.66,25193.80440,0
1785493740000,590.600,590.760,590.590,590.730,326.41,1785493799999,192803.99060,378,308.09,181982.05180,0
1785493800000,590.730,590.980,590.730,590.940,111.32,1785493859999,65779.15540,402,62.32,36824.41720,0
1785493860000,590.940,591.080,590.590,590.640,265.37,1785493919999,156790.98060,604,173.75,102662.20870,0
1785493920000,590.640,590.770,590.360,590.360,166.31,1785493979999,98234.19370,513,82.93,48985.22170,0
1785493980000,590.370,591.040,590.360,590.630,172.25,1785494039999,101742.68890,683,126.63,74787.58580,0
1785494040000,590.630,590.640,590.580,590.640,53.00,1785494099999,31302.20500,192,43.92,25939.51600,0
1785494100000,590.640,590.750,590.390,590.640,490.90,1785494159999,289914.59060,752,146.61,86578.85770,0
1785494160000,590.640,590.710,590.480,590.710,109.02,1785494219999,64382.69060,348,74.27,43861.03530,0
1785494220000,590.700,590.830,590.600,590.610,93.90,1785494279999,55465.97790,337,63.66,37603.12320,0
1785494280000,590.600,590.800,590.590,590.670,114.93,1785494339999,67884.48000,307,95.24,56253.99080,0
1785494340000,590.670,590.840,590.590,590.590,166.65,1785494399999,98439.78620,436,74.83,44200.03700,0
1785494400000,590.590,590.750,590.550,590.750,57.67,1785494459999,34061.27280,232,37.49,22143.24650,0
1785494460000,590.750,590.970,590.720,590.720,276.57,1785494519999,163423.98250,531,131.92,77951.30840,0
1785494520000,590.720,591.140,590.720,591.140,217.17,1785494579999,128340.25800,516,177.67,104997.89160,0
1785494580000,591.140,591.530,591.140,591.530,472.00,1785494639999,279127.11600,718,419.44,248053.61120,0
1785494640000,591.540,591.720,591.530,591.710,198.39,1785494699999,117377.46820,387,147.39,87205.16600,0
1785494700000,591.720,591.930,591.710,591.750,119.16,1785494759999,70525.33710,467,59.04,34942.89950,0
1785494760000,591.750,591.750,591.480,591.480,49.06,1785494819999,29022.65070,296,8.35,4939.42030,0
1785494820000,591.480,591.740,591.480,591.580,192.76,1785494879999,114046.46140,417,110.26,65233.86950,0
1785494880000,591.590,591.590,591.520,591.520,99.62,1785494939999,58930.12720,215,21.99,13008.02610,0
1785494940000,591.530,591.530,591.310,591.520,88.37,1785494999999,52266.82720,440,27.71,16389.55570,0
1785495000000,591.520,591.820,591.520,591.810,204.47,1785495059999,120974.77740,497,123.22,72898.92020,0
1785495060000,591.820,591.900,591.580,591.840,95.37,1785495119999,56438.00460,409,44.56,26369.59360,0
1785495120000,591.840,592.040,591.840,591.920,246.04,1785495179999,145649.70970,610,104.68,61968.30710,0
1785495180000,591.910,592.190,591.860,592.000,231.05,1785495239999,136784.64110,630,127.37,75398.15580,0
1785495240000,592.010,592.290,592.000,592.290,219.95,1785495299999,130248.42020,448,178.58,105746.58490,0
1785495300000,592.300,592.930,592.300,592.800,1744.35,1785495359999,1033760.14830,1565,1379.33,817389.90340,0
1785495360000,592.790,592.970,592.790,592.910,391.71,1785495419999,232245.69560,485,306.84,181926.55580,0
1785495420000,592.920,592.920,592.800,592.810,93.41,1785495479999,55381.25390,206,5.48,3249.05620,0
1785495480000,592.810,592.990,592.800,592.930,142.08,1785495539999,84233.82770,259,87.53,51892.17110,0
1785495540000,592.930,593.120,592.850,592.850,932.95,1785495599999,553247.99060,678,754.54,447444.21280,0
1785495600000,592.850,592.930,592.760,592.910,120.98,1785495659999,71726.45860,451,68.38,40541.14600,0
1785495660000,592.910,593.470,592.900,593.400,836.21,1785495719999,496003.55810,932,769.07,456169.37810,0
1785495720000,593.410,593.900,593.410,593.500,700.57,1785495779999,415951.53830,1229,337.63,200450.34730,0
1785495780000,593.510,593.510,593.090,593.450,344.24,1785495839999,204236.74860,803,152.73,90602.64010,0
1785495840000,593.450,593.530,593.240,593.530,136.57,1785495899999,81038.83730,512,71.18,42235.73990,0
1785495900000,593.540,593.830,593.540,593.820,342.27,1785495959999,203203.05990,664,191.36,113609.21810,0
1785495960000,593.830,593.890,593.610,593.630,124.74,1785496019999,74063.46110,504,50.56,30020.22510,0
1785496020000,593.640,593.640,593.240,593.240,355.00,1785496079999,210694.69930,619,107.11,63563.28100,0
1785496080000,593.240,593.330,593.020,593.080,92.67,1785496139999,54973.79120,498,24.22,14367.86710,0
1785496140000,593.080,593.220,593.080,593.140,50.95,1785496199999,30220.21340,192,35.22,20889.54370,0
1785496200000,593.150,593.150,592.850,592.910,138.34,1785496259999,82036.02970,459,40.15,23805.88670,0
1785496260000,592.900,592.910,592.780,592.810,155.53,1785496319999,92200.10960,399,55.76,33054.77620,0
1785496320000,592.810,593.010,592.770,592.870,225.74,1785496379999,133831.72930,432,101.32,60069.47130,0
1785496380000,592.880,593.010,592.730,592.740,225.72,1785496439999,133826.79260,430,21.14,12532.71020,0
1785496440000,592.740,592.930,592.640,592.860,195.74,1785496499999,116028.85590,467,99.30,58860.37890,0
1785496500000,592.860,592.900,592.710,592.710,70.07,1785496559999,41537.07220,351,28.80,17072.23290,0
1785496560000,592.700,592.710,592.510,592.680,180.81,1785496619999,107150.17300,665,84.79,50247.24340,0
1785496620000,592.690,593.140,592.690,593.090,139.40,1785496679999,82646.14120,491,61.45,36430.40790,0
1785496680000,593.090,593.300,593.090,593.300,78.17,1785496739999,46372.28350,233,48.30,28651.81120,0
1785496740000,593.300,593.450,593.180,593.380,169.16,1785496799999,100365.80230,446,108.83,64568.49070,0
1785496800000,593.380,593.740,593.380,593.610,134.64,1785496859999,79919.49870,428,80.76,47932.35760,0
1785496860000,593.620,593.760,593.610,593.760,177.55,1785496919999,105410.53520,353,128.45,76261.16270,0
1785496920000,593.760,593.760,593.650,593.740,108.18,1785496979999,64227.87480,288,62.73,37244.00200,0
1785496980000,593.750,593.800,593.740,593.790,109.48,1785497039999,65004.41500,233,73.53,43659.42280,0
1785497040000,593.800,594.210,593.580,594.120,1831.83,1785497099999,1087962.92180,1319,1598.57,949438.14600,0
1785497100000,594.120,594.130,593.980,594.120,251.80,1785497159999,149582.39590,489,104.27,61941.44240,0
1785497160000,594.120,594.300,594.110,594.160,265.38,1785497219999,157687.18470,511,125.21,74397.42270,0
1785497220000,594.170,594.310,594.160,594.310,132.04,1785497279999,78459.03980,331,113.78,67608.81720,0
1785497280000,594.300,594.320,594.210,594.220,206.67,1785497339999,122820.27390,403,119.93,71271.14560,0
1785497340000,594.210,594.210,593.500,593.500,151.56,1785497399999,90017.84790,586,29.25,17376.88240,0
1785497400000,593.500,593.500,593.060,593.060,259.46,1785497459999,153942.76920,604,32.82,19473.75380,0
1785497460000,593.060,593.070,592.650,593.010,404.49,1785497519999,239819.88340,985,151.80,89996.82870,0
1785497520000,593.010,593.200,592.960,592.960,187.40,1785497579999,111140.57720,445,75.20,44597.91920,0
1785497580000,592.960,593.000,592.860,593.000,105.73,1785497639999,62690.50580,283,16.77,9943.08910,0
1785497640000,593.000,593.060,592.860,592.860,207.85,1785497699999,123240.67180,426,49.14,29135.43990,0
1785497700000,592.860,593.070,592.850,593.070,480.71,1785497759999,285053.72580,440,386.74,229333.50840,0
1785497760000,593.070,593.070,592.600,592.640,309.17,1785497819999,183267.22420,532,138.82,82273.36000,0
1785497820000,592.630,592.640,592.490,592.540,212.28,1785497879999,125789.89950,394,28.24,16734.09060,0
1785497880000,592.540,592.680,592.530,592.530,132.71,1785497939999,78642.37870,326,51.84,30719.61740,0
1785497940000,592.530,592.530,592.240,592.240,251.57,1785497999999,149017.04340,517,83.09,49215.79190,0
1785498000000,592.240,592.440,592.150,592.400,139.45,1785498059999,82591.85850,495,85.09,50396.46920,0
1785498060000,592.390,592.390,592.180,592.200,119.17,1785498119999,70585.01140,367,33.73,19978.59000,0
1785498120000,592.210,592.210,592.170,592.170,127.65,1785498179999,75592.30760,200,65.26,38646.04990,0
1785498180000,592.180,592.180,591.850,591.990,234.49,1785498239999,138810.30980,625,96.28,56988.61480,0
1785498240000,591.980,592.000,591.870,591.930,194.58,1785498299999,115180.99710,282,98.11,58077.38380,0
1785498300000,591.930,592.280,591.920,592.270,231.28,1785498359999,136938.17490,331,182.33,107950.91250,0
1785498360000,592.270,592.270,592.050,592.110,297.61,1785498419999,176241.70740,412,125.26,74172.46020,0
1785498420000,592.120,592.120,592.080,592.090,128.47,1785498479999,76067.54660,254,51.60,30552.61130,0
1785498480000,592.090,592.100,591.860,591.950,136.03,1785498539999,80521.00920,367,45.53,26948.69630,0
1785498540000,591.960,592.190,591.950,592.040,247.93,1785498599999,146797.42410,451,163.65,96894.95320,0
1785498600000,592.050,592.190,592.050,592.070,140.83,1785498659999,83389.86190,316,31.20,18473.77170,0
1785498660000,592.070,592.070,591.870,591.870,111.50,1785498719999,66007.23300,327,32.92,19489.19610,0
1785498720000,591.870,591.880,591.730,591.730,215.93,1785498779999,127782.94180,430,83.30,49294.06500,0
1785498780000,591.740,591.930,591.740,591.930,110.23,1785498839999,65235.86770,335,34.79,20589.23590,0
1785498840000,591.930,592.040,591.870,591.870,355.75,1785498899999,210591.71240,524,85.27,50475.31820,0
1785498900000,591.880,592.570,591.830,592.450,486.98,1785498959999,288453.94140,807,288.94,171133.65030,0
1785498960000,592.450,592.600,592.380,592.380,131.15,1785499019999,77699.02310,363,48.90,28970.49600,0
1785499020000,592.380,592.390,592.130,592.130,73.27,1785499079999,43399.02870,254,7.54,4466.11850,0
1785499080000,592.130,592.220,592.130,592.210,58.94,1785499139999,34901.32250,183,24.67,14608.42470,0
1785499140000,592.210,592.400,592.210,592.390,97.65,1785499199999,57843.55780,234,49.96,29593.57050,0
1785499200000,592.390,592.390,592.130,592.200,200.26,1785499259999,118605.05930,406,73.14,43312.63460,0
1785499260000,592.190,592.600,592.190,592.390,132.02,1785499319999,78209.91240,625,52.36,31016.46580,0
1785499320000,592.390,592.400,592.100,592.110,129.58,1785499379999,76747.53940,558,31.01,18366.90200,0
1785499380000,592.100,592.240,591.860,592.240,264.69,1785499439999,156686.95650,579,173.83,102897.97750,0
1785499440000,592.230,592.260,592.100,592.240,190.31,1785499499999,112706.23190,475,46.09,27293.59570,0
1785499500000,592.250,592.390,592.010,592.020,333.56,1785499559999,197521.19970,510,20.18,11952.36440,0
1785499560000,592.010,592.180,591.870,591.880,305.98,1785499619999,181162.39210,535,224.95,133189.51970,0
1785499620000,591.880,592.170,591.760,592.120,381.44,1785499679999,225759.22150,513,209.81,124176.55560,0
1785499680000,592.110,592.140,592.050,592.090,110.48,1785499739999,65414.32160,270,44.06,26087.92760,0
1785499740000,592.090,592.280,591.580,592.280,846.97,1785499799999,501342.01670,1097,300.76,178032.97590,0
1785499800000,592.280,592.280,591.710,591.710,612.35,1785499859999,362453.13820,674,213.55,126383.90520,0
1785499860000,591.720,592.000,591.720,591.870,412.32,1785499919999,244041.24180,596,237.26,140422.39380,0
1785499920000,591.860,591.870,591.420,591.860,435.84,1785499979999,257854.52150,828,231.64,137029.63680,0
1785499980000,591.870,591.870,591.740,591.810,59.84,1785500039999,35414.36420,204,29.56,17493.57480,0
1785500040000,591.810,591.890,591.680,591.680,96.66,1785500099999,57206.69680,360,41.14,24348.07580,0
1785500100000,591.670,591.670,591.390,591.390,229.93,1785500159999,135998.65280,423,130.07,76934.31370,0
1785500160000,591.380,591.560,591.170,591.550,357.28,1785500219999,211260.48850,723,135.44,80095.38930,0
1785500220000,591.550,591.820,591.550,591.820,75.30,1785500279999,44555.45620,302,45.99,27211.30100,0
1785500280000,591.810,591.820,591.460,591.470,378.29,1785500339999,223813.10880,442,34.55,20443.71130,0
1785500340000,591.470,591.720,591.310,591.310,145.30,1785500399999,85961.56640,456,52.07,30801.53820,0
1785500400000,591.320,591.520,591.320,591.520,183.70,1785500459999,108645.00590,312,154.66,91470.30020,0
1785500460000,591.520,591.970,591.510,591.830,165.10,1785500519999,97719.20640,524,70.73,41858.77810,0
1785500520000,591.840,591.910,591.570,591.580,77.61,1785500579999,45933.25040,342,11.72,6936.83490,0
1785500580000,591.580,591.620,591.310,591.600,116.23,1785500639999,68744.80230,468,65.86,38953.09260,0
1785500640000,591.590,591.740,591.590,591.690,144.04,1785500699999,85221.99080,325,100.67,59561.48650,0
1785500700000,591.680,591.950,591.680,591.900,43.82,1785500759999,25934.90140,294,27.19,16091.66130,0
1785500760000,591.910,591.980,591.900,591.970,116.44,1785500819999,68926.92450,224,77.66,45970.54650,0
1785500820000,591.970,592.170,591.360,591.360,1499.12,1785500879999,887203.10300,1136,247.05,146226.36600,0
1785500880000,591.370,591.610,591.140,591.510,914.28,1785500939999,540684.33180,846,219.87,130028.27710,0
1785500940000,591.510,591.570,591.170,591.300,232.70,1785500999999,137605.15230,642,146.34,86531.16640,0
1785501000000,591.300,591.300,590.520,590.910,1931.06,1785501059999,1140865.67930,2129,421.63,249112.87530,0
1785501060000,590.900,591.150,590.760,590.760,409.08,1785501119999,241773.68140,797,239.16,141340.74360,0
1785501120000,590.760,590.980,590.660,590.980,240.33,1785501179999,141985.52340,593,184.81,109184.77020,0
1785501180000,590.980,590.980,590.490,590.490,236.55,1785501239999,139752.56600,540,38.59,22802.67940,0
1785501240000,590.480,590.700,590.330,590.550,344.47,1785501299999,203398.16800,657,146.52,86516.01840,0
1785501300000,590.550,590.870,590.340,590.870,255.09,1785501359999,150635.18940,800,127.51,75303.98450,0
1785501360000,590.870,590.940,590.720,590.880,185.05,1785501419999,109336.70580,520,39.78,23503.54040,0
1785501420000,590.890,590.980,590.870,590.870,93.67,1785501479999,55353.09040,307,17.35,10252.78730,0
1785501480000,590.860,590.870,590.550,590.650,164.40,1785501539999,97109.57200,443,68.82,40649.60170,0
1785501540000,590.660,590.670,590.450,590.460,195.85,1785501599999,115662.04370,471,56.76,33518.82280,0
1785501600000,590.460,590.790,590.450,590.780,198.61,1785501659999,117300.16590,569,105.34,62217.94780,0
1785501660000,590.780,590.960,590.670,590.820,163.47,1785501719999,96581.91370,525,112.84,66668.19640,0
1785501720000,590.820,590.820,590.310,590.320,259.53,1785501779999,153267.51060,450,46.47,27432.61680,0
1785501780000,590.320,590.860,590.320,590.860,76.40,1785501839999,45121.02070,427,52.77,31164.52620,0
1785501840000,590.850,590.860,590.670,590.670,111.81,1785501899999,66052.73770,266,61.60,36388.56560,0
1785501900000,590.670,590.850,590.530,590.620,207.97,1785501959999,122834.41790,500,149.69,88408.94880,0
1785501960000,590.630,590.660,590.450,590.530,130.14,1785502019999,76851.96860,406,56.46,33340.84970,0
1785502020000,590.520,590.860,590.520,590.850,109.01,1785502079999,64394.36540,424,65.26,38549.57730,0
1785502080000,590.860,590.860,590.600,590.790,284.18,1785502139999,167873.01330,437,137.87,81441.13680,0
1785502140000,590.790,590.800,590.560,590.640,94.40,1785502199999,55757.97350,360,48.90,28881.06750,0
1785502200000,590.650,590.680,590.400,590.620,165.80,1785502259999,97917.90970,453,53.38,31523.89080,0
1785502260000,590.620,590.990,590.620,590.970,335.58,1785502319999,198262.92880,588,263.65,155763.73870,0
1785502320000,590.980,591.220,590.700,590.940,1299.62,1785502379999,768036.46380,3793,412.90,244003.89040,0
1785502380000,590.950,591.250,590.950,591.030,278.39,1785502439999,164566.68010,1038,161.35,95382.01650,0
1785502440000,591.040,592.260,590.300,591.990,7224.73,1785502499999,4272266.97260,6259,5230.22,3093511.30050,0
1785502500000,591.990,592.650,591.850,592.380,1481.05,1785502559999,877203.76150,2061,1309.86,775823.79930,0
1785502560000,592.380,593.090,592.320,592.780,1087.31,1785502619999,644495.84870,2196,854.44,506499.41790,0
1785502620000,592.790,593.210,592.470,592.550,1171.10,1785502679999,694382.73370,1163,738.90,438135.06080,0
1785502680000,592.560,592.890,591.930,592.890,1807.16,1785502739999,1070415.83170,1476,594.13,352029.12700,0
1785502740000,592.900,593.230,592.840,592.890,435.83,1785502799999,258444.83710,861,278.71,165269.03080,0
1785502800000,592.890,593.860,592.830,593.090,976.19,1785502859999,579292.23170,3045,600.89,356570.54950,0
1785502860000,593.080,593.350,592.980,593.350,580.09,1785502919999,344025.51920,773,405.91,240728.12360,0
1785502920000,593.360,594.280,593.070,594.210,1105.00,1785502979999,656198.42160,2757,787.75,467763.58180,0
1785502980000,594.210,594.880,594.170,594.600,1852.95,1785503039999,1101574.34720,3823,1283.96,763335.13420,0
1785503040000,594.590,595.310,594.490,595.250,1834.76,1785503099999,1091637.01310,3737,1400.81,833446.07110,0
1785503100000,595.240,595.850,595.100,595.840,2685.36,1785503159999,1599048.09610,2911,2192.55,1305687.10220,0
1785503160000,595.840,595.860,595.310,595.330,901.11,1785503219999,536659.91720,1316,311.64,185592.63920,0
1785503220000,595.320,595.320,594.440,594.940,1669.79,1785503279999,992961.15700,1714,1180.99,702262.87220,0
1785503280000,594.940,594.940,594.570,594.770,425.87,1785503339999,253269.43880,655,106.06,63070.27970,0
1785503340000,594.770,594.810,594.440,594.450,204.91,1785503399999,121845.04720,498,43.04,25588.87390,0
1785503400000,594.450,595.660,594.440,595.240,2366.68,1785503459999,1408408.88640,1992,1827.07,1087262.36500,0
1785503460000,595.240,595.250,594.840,594.840,499.12,1785503519999,297010.40100,673,120.40,71654.44630,0
1785503520000,594.850,595.010,594.640,594.650,426.24,1785503579999,253559.96710,716,217.84,129599.17850,0
1785503580000,594.640,594.760,594.420,594.440,349.24,1785503639999,207635.93190,769,109.72,65233.40960,0
1785503640000,594.450,594.880,594.440,594.720,283.59,1785503699999,168648.74860,732,104.61,62201.64130,0
1785503700000,594.730,594.880,594.550,594.690,210.15,1785503759999,124987.40810,660,71.58,42569.95570,0
1785503760000,594.690,594.770,594.530,594.770,241.19,1785503819999,143415.73740,620,104.57,62177.48630,0
1785503820000,594.770,594.770,594.640,594.650,210.28,1785503879999,125059.02470,397,46.18,27465.16700,0
1785503880000,594.640,594.810,594.640,594.810,101.53,1785503939999,60386.43120,249,76.17,45302.70300,0
1785503940000,594.810,595.250,594.810,595.130,340.77,1785503999999,202787.49740,737,220.07,130952.86110,0
1785504000000,595.140,595.140,594.770,594.860,182.11,1785504059999,108335.02230,570,82.64,49158.31360,0
1785504060000,594.850,595.200,594.850,595.200,185.29,1785504119999,110258.90570,349,153.64,91424.15730,0
1785504120000,595.190,595.560,595.190,595.520,282.16,1785504179999,168000.69480,537,204.35,121673.45870,0
1785504180000,595.520,595.520,595.090,595.090,420.64,1785504239999,250428.47270,805,107.72,64130.59890,0
1785504240000,595.090,595.090,594.770,594.790,254.27,1785504299999,151263.75240,564,56.54,33632.92120,0
1785504300000,594.790,594.850,594.460,594.520,436.00,1785504359999,259300.18340,798,142.74,84885.13370,0
1785504360000,594.530,594.690,594.520,594.600,244.06,1785504419999,145124.33670,323,133.61,79443.37270,0
1785504420000,594.610,594.680,594.470,594.560,426.28,1785504479999,253450.92550,6007,183.61,109166.66070,0
1785504480000,594.570,594.640,594.440,594.480,154.58,1785504539999,91902.10800,469,48.39,28768.95980,0
1785504540000,594.480,594.640,594.480,594.640,144.24,1785504599999,85754.51530,290,56.80,33769.77360,0
1785504600000,594.650,594.710,593.260,593.580,1287.91,1785504659999,765088.58380,2045,365.34,217077.00160,0
1785504660000,593.580,593.580,592.470,592.650,1207.41,1785504719999,715972.00210,2361,371.02,219966.54350,0
1785504720000,592.660,593.190,592.510,593.000,533.85,1785504779999,316481.25690,1348,222.45,131881.34270,0
1785504780000,593.010,593.130,592.640,592.940,400.80,1785504839999,237604.11800,1121,186.50,110561.55660,0
1785504840000,592.940,593.800,592.920,593.360,491.58,1785504899999,291681.76490,1406,315.04,186918.57430,0
1785504900000,593.370,593.580,593.200,593.530,285.53,1785504959999,169417.61110,1103,129.94,77096.59040,0
1785504960000,593.520,593.520,592.870,592.920,241.97,1785505019999,143527.77000,888,80.79,47916.55390,0
1785505020000,592.930,593.140,592.610,592.730,225.00,1785505079999,133424.34930,738,126.11,74784.83710,0
1785505080000,592.730,592.740,592.120,592.520,436.37,1785505139999,258495.10300,1078,139.48,82629.85600,0
1785505140000,592.520,592.530,592.190,592.410,528.99,1785505199999,313348.95950,6147,256.96,152201.24140,0
1785505200000,592.400,592.600,592.150,592.160,431.26,1785505259999,255464.02880,660,119.07,70539.51500,0
1785505260000,592.150,592.700,591.880,592.050,2532.66,1785505319999,1500280.61500,2529,412.24,244156.43500,0
1785505320000,592.050,592.220,591.670,591.890,811.50,1785505379999,480331.27010,1544,445.83,263884.08190,0
1785505380000,591.890,592.370,591.820,592.080,489.49,1785505439999,289808.05940,1301,175.78,104083.23890,0
1785505440000,592.080,592.220,591.750,591.750,324.86,1785505499999,192299.47910,715,41.24,24412.46030,0
1785505500000,591.750,592.110,591.640,591.990,273.83,1785505559999,162074.09260,1016,122.75,72655.03370,0
1785505560000,591.990,592.040,591.250,591.300,502.94,1785505619999,297477.62380,1375,210.89,124736.45700,0
1785505620000,591.310,591.330,588.710,589.310,8183.76,1785505679999,4827992.85200,6789,1564.04,922539.84110,0
1785505680000,589.310,589.660,588.470,589.220,3999.37,1785505739999,2355622.39960,3504,1634.80,963059.59800,0
1785505740000,589.220,589.830,588.520,589.780,1574.02,1785505799999,927024.65890,2335,789.23,464875.60870,0
1785505800000,589.770,589.990,589.210,589.210,835.65,1785505859999,492820.59820,1736,535.49,315802.40770,0
1785505860000,589.220,589.520,588.710,588.830,896.09,1785505919999,527931.85610,1508,435.19,256441.01890,0
1785505920000,588.840,589.130,588.540,588.650,874.53,1785505979999,514936.61600,1899,524.93,309090.78450,0
1785505980000,588.650,589.010,588.100,588.990,1547.56,1785506039999,910813.50270,2124,966.94,569133.33650,0
1785506040000,588.980,589.340,588.870,589.310,682.84,1785506099999,402324.55530,1493,376.19,221643.92630,0
1785506100000,589.300,589.490,588.800,589.190,435.64,1785506159999,256653.18050,1317,250.80,147760.72780,0
1785506160000,589.190,589.370,589.040,589.330,602.21,1785506219999,354819.10080,1088,437.63,257848.00210,0
1785506220000,589.330,589.600,589.310,589.380,492.73,1785506279999,290438.31910,1057,198.23,116842.77290,0
1785506280000,589.370,589.370,588.510,588.840,691.69,1785506339999,407295.73580,1331,160.25,94354.91720,0
1785506340000,588.830,589.150,588.780,589.090,337.66,1785506399999,198884.45500,755,235.07,138456.47800,0
1785506400000,589.080,589.080,588.640,588.970,576.11,1785506459999,339279.53390,1419,319.16,187940.70950,0
1785506460000,588.970,589.050,588.590,588.810,681.79,1785506519999,401438.12640,1471,367.34,216293.67650,0
1785506520000,588.820,588.940,588.630,588.910,485.31,1785506579999,285726.38720,1312,403.70,237677.69150,0
1785506580000,588.920,589.370,588.780,588.990,960.25,1785506639999,565715.47660,1919,774.72,456430.94640,0
1785506640000,588.990,588.990,588.490,588.590,671.10,1785506699999,395102.52750,1496,357.87,210708.86980,0
1785506700000,588.590,588.770,588.210,588.510,711.30,1785506759999,418600.59470,1847,327.07,192484.07430,0
1785506760000,588.510,588.590,586.370,586.500,5904.04,1785506819999,3467398.94150,5511,1450.59,851901.41590,0
1785506820000,586.490,587.290,586.300,587.090,2631.73,1785506879999,1544036.44100,3382,1638.88,961555.26730,0
1785506880000,587.080,587.080,586.300,586.510,994.17,1785506939999,583163.57420,2270,602.34,353304.48820,0
1785506940000,586.510,586.700,585.630,586.460,2752.63,1785506999999,1613514.49570,4121,1369.93,803059.15460,0
1785507000000,586.450,586.770,585.110,586.240,2979.88,1785507059999,1745593.69070,4366,935.63,548234.82330,0
1785507060000,586.230,588.170,586.230,588.170,2078.43,1785507119999,1220892.25260,3677,1713.33,1006395.35380,0
1785507120000,588.160,589.270,587.990,588.740,1499.73,1785507179999,882785.34670,3038,919.93,541527.66790,0
1785507180000,588.730,588.730,587.420,587.770,1790.11,1785507239999,1052604.78330,2683,603.98,355189.89310,0
1785507240000,587.760,588.410,587.560,588.390,852.67,1785507299999,501425.14560,1688,667.75,392667.83030,0
1785507300000,588.380,588.490,587.550,587.550,2159.72,1785507359999,1270136.71140,3323,712.62,419105.98040,0
1785507360000,587.550,587.770,587.170,587.770,1546.31,1785507419999,908308.65280,2409,617.39,362667.94130,0
1785507420000,587.770,588.380,587.490,587.520,1266.38,1785507479999,744727.66070,2324,665.28,391247.12380,0
1785507480000,587.510,587.750,587.060,587.550,1143.48,1785507539999,671659.86100,2196,465.48,273432.53000,0
1785507540000,587.560,587.990,587.070,587.130,1411.05,1785507599999,828888.95290,2403,660.47,387972.99670,0
1785507600000,587.140,587.540,586.660,587.080,1766.95,1785507659999,1037196.87020,2396,609.74,357914.76940,0
1785507660000,587.070,587.430,586.950,587.340,572.69,1785507719999,336222.80170,1461,331.96,194881.11600,0
1785507720000,587.330,587.650,586.820,586.820,1217.67,1785507779999,715092.85440,1994,609.96,358212.14360,0
1785507780000,586.820,587.140,586.810,587.100,458.29,1785507839999,269013.25180,1508,196.52,115351.83250,0
1785507840000,587.090,587.090,586.320,586.680,534.07,1785507899999,313282.73200,1445,180.37,105806.54770,0
1785507900000,586.680,587.080,586.590,587.040,668.30,1785507959999,392235.12520,1691,342.50,201023.34750,0
1785507960000,587.040,587.040,586.080,586.430,1052.11,1785508019999,617090.41860,1652,338.32,198420.55140,0
1785508020000,586.440,586.680,585.850,586.680,717.48,1785508079999,420636.53650,1616,319.54,187378.34890,0
1785508080000,586.690,586.860,586.260,586.470,705.25,1785508139999,413638.03380,1102,372.43,218421.18550,0
1785508140000,586.480,586.910,586.460,586.910,527.16,1785508199999,309301.04200,1082,412.02,241752.08320,0
1785508200000,586.910,587.730,586.910,587.690,722.80,1785508259999,424498.54270,1800,472.49,277508.31070,0
1785508260000,587.690,587.700,587.120,587.260,493.51,1785508319999,289929.92750,1412,288.36,169410.94540,0
1785508320000,587.260,587.390,587.070,587.370,297.72,1785508379999,174819.65890,1026,184.55,108363.78460,0
1785508380000,587.380,587.640,587.080,587.500,550.52,1785508439999,323409.77100,1224,410.45,241133.69770,0
1785508440000,587.490,588.210,587.480,588.140,491.10,1785508499999,288700.60080,1325,388.36,228311.35240,0
1785508500000,588.140,588.600,588.070,588.250,566.04,1785508559999,333008.65360,1351,407.98,240021.02570,0
1785508560000,588.250,588.390,588.100,588.160,303.95,1785508619999,178787.90490,750,161.44,94957.77600,0
1785508620000,588.170,588.440,587.780,587.950,395.90,1785508679999,232866.48980,970,268.72,158066.28920,0
1785508680000,587.940,587.970,587.320,587.320,518.95,1785508739999,305007.54160,1013,243.66,143233.34420,0
1785508740000,587.330,587.750,587.320,587.480,256.19,1785508799999,150521.81090,818,163.86,96264.14490,0
1785508800000,587.470,587.690,587.400,587.650,101.47,1785508859999,59613.01060,455,77.07,45278.65960,0
1785508860000,587.650,587.840,587.400,587.400,140.59,1785508919999,82629.00840,719,74.89,44016.72790,0
1785508920000,587.400,587.480,586.930,586.930,362.39,1785508979999,212779.40200,952,116.40,68357.95580,0
1785508980000,586.930,586.990,586.600,586.640,377.89,1785509039999,221725.21650,934,175.61,103045.10090,0
1785509040000,586.650,586.740,586.500,586.680,524.69,1785509099999,307806.77080,824,226.10,132636.28900,0
1785509100000,586.680,586.930,586.500,586.700,1008.65,1785509159999,591821.87120,1260,361.96,212361.00780,0
1785509160000,586.700,587.120,586.690,586.850,397.43,1785509219999,233246.97040,703,282.28,165663.03110,0
1785509220000,586.850,587.630,586.840,587.630,265.10,1785509279999,155654.65440,850,187.20,109900.06840,0
1785509280000,587.640,588.080,587.510,587.990,629.00,1785509339999,369722.70300,1156,329.17,193493.34350,0
1785509340000,587.990,588.200,587.740,588.050,582.23,1785509399999,342384.14350,1013,419.70,246804.60670,0
1785509400000,588.060,588.150,587.770,587.820,577.11,1785509459999,339340.43550,971,282.67,166209.38520,0
1785509460000,587.830,587.890,587.660,587.830,173.93,1785509519999,102235.61010,481,81.14,47691.65310,0
1785509520000,587.830,587.830,587.140,587.140,277.25,1785509579999,162855.40560,831,104.38,61307.87410,0
1785509580000,587.130,587.150,586.830,586.890,211.85,1785509639999,124351.03460,732,70.62,41450.17620,0
1785509640000,586.900,586.960,586.200,586.200,465.72,1785509699999,273166.80770,777,133.82,78486.20320,0
1785509700000,586.200,586.420,585.880,586.100,696.92,1785509759999,408483.67470,1315,200.58,117574.11650,0
1785509760000,586.110,586.680,585.880,586.600,712.79,1785509819999,417940.18480,1307,589.55,345685.90680,0
1785509820000,586.600,586.820,586.580,586.620,238.91,1785509879999,140168.33560,529,126.86,74426.86380,0
1785509880000,586.630,587.230,586.500,587.130,1208.29,1785509939999,709013.70770,1451,818.65,480380.08690,0
1785509940000,587.140,587.200,586.900,586.940,323.22,1785509999999,189745.16410,784,122.00,71619.51250,0
1785510000000,586.950,587.070,586.010,586.080,1062.74,1785510059999,623157.58890,1740,262.57,153954.10840,0
1785510060000,586.080,586.280,585.870,585.870,1025.83,1785510119999,601190.52040,1507,620.85,363857.00020,0
1785510120000,585.880,586.170,585.850,586.060,371.26,1785510179999,217580.72100,823,218.85,128256.65820,0
1785510180000,586.060,586.500,585.990,586.290,423.97,1785510239999,248589.21140,1066,301.34,176692.91100,0
1785510240000,586.300,586.770,586.300,586.670,109.09,1785510299999,63998.66410,521,60.57,35531.60230,0
1785510300000,586.680,586.980,586.580,586.580,355.21,1785510359999,208460.06460,873,165.33,97027.31820,0
1785510360000,586.590,587.000,586.590,586.640,214.37,1785510419999,125795.72900,714,100.96,59241.29780,0
1785510420000,586.640,586.790,586.480,586.560,210.83,1785510479999,123674.86730,739,147.27,86390.44520,0
1785510480000,586.560,586.610,586.370,586.520,117.86,1785510539999,69125.21170,608,57.10,33488.91340,0
1785510540000,586.530,586.680,586.200,586.260,141.50,1785510599999,82970.33080,611,106.86,62655.36920,0
1785510600000,586.260,586.370,586.200,586.200,160.18,1785510659999,93908.97630,513,108.20,63433.47220,0
1785510660000,586.200,586.210,585.610,585.730,599.83,1785510719999,351418.52850,1065,198.07,116044.46350,0
1785510720000,585.730,585.790,585.410,585.630,1108.51,1785510779999,649076.23680,1253,292.06,171004.70140,0
1785510780000,585.640,585.680,585.400,585.530,270.98,1785510839999,158655.82670,680,89.15,52196.04150,0
1785510840000,585.530,585.860,585.530,585.750,185.72,1785510899999,108779.31320,736,119.44,69957.04620,0
1785510900000,585.740,586.880,585.740,586.670,968.96,1785510959999,568308.34060,1629,642.55,376816.23500,0
1785510960000,586.670,586.730,585.770,585.770,327.74,1785511019999,192170.80290,1049,173.93,101981.54010,0
1785511020000,585.760,585.810,585.450,585.510,187.21,1785511079999,109626.27700,556,103.42,60559.43960,0
1785511080000,585.510,585.510,585.120,585.390,357.83,1785511139999,209442.73820,940,98.87,57867.50230,0
1785511140000,585.390,585.560,585.340,585.530,308.71,1785511199999,180735.01490,630,103.44,60559.63790,0
1785511200000,585.530,585.830,585.360,585.420,440.51,1785511259999,257940.87670,1001,122.55,71758.51490,0
1785511260000,585.430,585.690,584.640,584.870,1858.86,1785511319999,1087399.11500,2283,412.58,241350.24410,0
1785511320000,584.860,585.290,584.700,584.820,824.96,1785511379999,482542.62820,1294,309.46,181017.32200,0
1785511380000,584.810,584.820,584.380,584.720,765.78,1785511439999,447673.32150,1415,271.92,158979.27940,0
1785511440000,584.720,584.770,584.420,584.540,427.57,1785511499999,249939.38070,827,93.17,54468.52470,0
1785511500000,584.540,584.980,584.540,584.620,830.40,1785511559999,485524.19620,1009,188.85,110430.63520,0
1785511560000,584.610,584.680,584.370,584.530,718.05,1785511619999,419746.17010,986,496.24,290091.49080,0
1785511620000,584.530,584.970,584.490,584.510,598.65,1785511679999,350041.69720,994,153.03,89486.09360,0
1785511680000,584.510,584.920,584.450,584.770,393.15,1785511739999,229834.98050,1022,168.62,98583.67810,0
1785511740000,584.770,585.040,584.770,585.020,335.90,1785511799999,196487.36470,586,210.35,123044.77350,0
1785511800000,585.010,585.170,584.870,584.970,243.06,1785511859999,142189.19710,601,152.15,89005.41830,0
1785511860000,584.980,585.270,584.770,584.870,342.52,1785511919999,200386.05660,993,212.62,124390.73260,0
1785511920000,584.860,584.860,584.370,584.520,651.58,1785511979999,380868.05880,1087,362.65,211988.05980,0
1785511980000,584.520,584.980,584.520,584.960,372.89,1785512039999,218072.01350,840,204.65,119668.12760,0
1785512040000,584.960,585.360,584.890,585.310,336.51,1785512099999,196895.40320,849,261.76,153162.47530,0
1785512100000,585.310,585.870,585.310,585.850,197.58,1785512159999,115714.22810,894,135.90,79589.90670,0
1785512160000,585.850,585.910,585.690,585.910,336.21,1785512219999,196956.53760,794,238.17,139525.18840,0
1785512220000,585.920,586.250,585.920,586.190,543.55,1785512279999,318560.20790,1239,327.03,191665.35640,0
1785512280000,586.190,586.600,586.170,586.480,441.72,1785512339999,259048.76790,900,363.01,212887.57900,0
1785512340000,586.480,586.520,586.050,586.060,186.16,1785512399999,109144.78090,519,96.89,56800.53750,0
1785512400000,586.060,586.340,585.880,586.080,504.20,1785512459999,295501.49860,895,238.75,139939.35740,0
1785512460000,586.080,586.080,585.880,585.990,373.92,1785512519999,219088.80470,731,199.41,116839.28720,0
1785512520000,585.990,586.000,585.500,585.500,141.42,1785512579999,82832.87620,544,99.43,58237.34780,0
1785512580000,585.500,585.500,585.270,585.470,110.35,1785512639999,64595.75430,449,76.95,45044.30500,0
1785512640000,585.470,585.720,585.420,585.710,174.70,1785512699999,102288.74620,416,158.92,93050.22490,0
1785512700000,585.710,585.740,585.580,585.630,78.91,1785512759999,46215.72380,452,34.47,20187.68470,0
1785512760000,585.640,585.710,585.330,585.530,661.29,1785512819999,387213.03120,922,482.30,282411.25870,0
1785512820000,585.530,585.560,584.510,584.570,257.34,1785512879999,150548.41560,1020,106.07,62049.52030,0
1785512880000,584.570,584.740,584.550,584.650,434.18,1785512939999,253857.87030,796,173.90,101673.11840,0
1785512940000,584.650,584.980,584.650,584.930,127.51,1785512999999,74571.05710,481,105.14,61486.11380,0
1785513000000,584.930,585.580,584.930,585.580,340.03,1785513059999,199004.00980,928,307.20,179795.53230,0
1785513060000,585.580,585.790,585.570,585.740,290.90,1785513119999,170373.67020,664,192.50,112744.55410,0
1785513120000,585.730,585.740,585.150,585.650,340.44,1785513179999,199322.60390,956,168.36,98563.61760,0
1785513180000,585.660,585.810,585.320,585.810,191.47,1785513239999,112120.77300,552,82.80,48487.29880,0
1785513240000,585.800,586.180,585.800,585.950,403.79,1785513299999,236620.15100,695,231.47,135652.94350,0
1785513300000,585.950,586.150,585.950,585.960,167.12,1785513359999,97940.90820,469,69.15,40527.32990,0
1785513360000,585.960,586.260,585.960,586.250,139.32,1785513419999,81652.15240,389,88.33,51769.76750,0
1785513420000,586.250,586.370,586.140,586.140,201.75,1785513479999,118281.00670,378,55.51,32545.86120,0
1785513480000,586.150,586.150,585.840,585.840,282.65,1785513539999,165627.18000,511,228.01,133605.73190,0
1785513540000,585.830,585.830,585.660,585.800,98.30,1785513599999,57581.49900,339,49.43,28953.44680,0
1785513600000,585.790,586.080,585.630,585.990,403.88,1785513659999,236580.75700,769,240.76,141021.96030,0
1785513660000,586.000,586.220,586.000,586.080,410.02,1785513719999,240310.25160,759,173.48,101670.68560,0
1785513720000,586.070,586.210,585.990,586.200,303.26,1785513779999,177727.40420,615,175.32,102745.33890,0
1785513780000,586.210,586.300,586.120,586.140,315.15,1785513839999,184743.38330,658,171.36,100452.89420,0
1785513840000,586.140,586.300,586.000,586.120,547.50,1785513899999,320913.91290,941,258.76,151677.33860,0
1785513900000,586.120,586.200,586.000,586.010,219.70,1785513959999,128771.83320,465,67.77,39721.74620,0
1785513960000,586.000,586.030,585.830,585.840,349.86,1785514019999,205007.09300,541,205.38,120349.14070,0
1785514020000,585.840,586.260,585.840,586.150,386.90,1785514079999,226736.64220,788,206.79,121184.94140,0
1785514080000,586.150,586.790,586.090,586.790,281.23,1785514139999,164933.88090,903,192.87,113109.38670,0
1785514140000,586.790,586.820,586.590,586.590,715.17,1785514199999,419579.47810,776,239.45,140489.40660,0
1785514200000,586.590,586.880,586.580,586.820,296.37,1785514259999,173885.06340,823,123.93,72710.44390,0
1785514260000,586.820,586.950,586.690,586.690,424.07,1785514319999,248859.13590,861,351.68,206378.36350,0
1785514320000,586.690,586.730,586.510,586.520,796.08,1785514379999,466979.11150,433,39.46,23149.03910,0
1785514380000,586.510,586.850,586.470,586.810,139.83,1785514439999,82029.55110,396,98.18,57595.34180,0
1785514440000,586.800,586.910,586.470,586.680,230.07,1785514499999,134958.97610,567,184.37,108150.00980,0
1785514500000,586.690,586.840,586.470,586.470,162.30,1785514559999,95217.10780,564,33.65,19744.62840,0
1785514560000,586.480,586.490,586.410,586.410,151.77,1785514619999,89004.33740,437,59.30,34775.97680,0
1785514620000,586.410,586.760,586.180,586.710,193.94,1785514679999,113731.47820,672,87.93,51562.62150,0
1785514680000,586.720,587.120,586.720,586.960,478.82,1785514739999,281069.22480,990,311.66,182947.35250,0
1785514740000,586.960,586.970,586.630,586.690,97.46,1785514799999,57195.01100,421,14.47,8492.08240,0
1785514800000,586.680,586.820,586.510,586.820,171.64,1785514859999,100695.05900,423,150.54,88317.74310,0
1785514860000,586.820,587.030,586.800,587.000,93.45,1785514919999,54850.01670,568,46.01,27005.65340,0
1785514920000,586.990,587.200,586.910,587.100,253.83,1785514979999,149023.46320,502,175.89,103266.83560,0
1785514980000,587.100,587.250,587.100,587.240,131.01,1785515039999,76926.23960,350,82.59,48494.83240,0
1785515040000,587.240,587.690,587.240,587.530,344.60,1785515099999,202469.22380,749,178.09,104629.18640,0
1785515100000,587.520,587.520,586.870,586.930,1053.52,1785515159999,618485.07290,975,236.76,138995.92190,0
1785515160000,586.940,587.180,586.890,587.110,386.16,1785515219999,226672.14490,666,118.07,69311.34080,0
1785515220000,587.110,587.260,587.010,587.010,172.84,1785515279999,101489.16990,415,52.60,30885.70070,0
1785515280000,587.010,587.260,586.900,587.170,154.01,1785515339999,90417.25630,397,107.36,63033.93120,0
1785515340000,587.170,587.440,587.160,587.360,47.36,1785515399999,27814.13780,304,42.60,25018.24690,0
1785515400000,587.360,587.580,587.170,587.170,263.89,1785515459999,155002.18400,634,149.36,87733.32050,0
1785515460000,587.170,587.230,587.130,587.170,209.87,1785515519999,123229.05100,374,78.62,46163.49660,0
1785515520000,587.180,587.220,587.050,587.050,118.34,1785515579999,69485.08290,347,42.76,25108.44140,0
1785515580000,587.060,587.410,587.050,587.410,140.92,1785515639999,82750.65380,508,78.53,46112.61240,0
1785515640000,587.410,587.420,587.050,587.130,79.35,1785515699999,46593.33980,458,35.15,20638.30360,0
1785515700000,587.130,587.190,587.060,587.060,149.29,1785515759999,87648.02330,337,74.26,43599.41260,0
1785515760000,587.070,587.170,587.050,587.050,191.16,1785515819999,112223.74710,306,45.11,26483.38190,0
1785515820000,587.050,587.060,587.010,587.050,94.21,1785515879999,55304.19520,230,58.20,34164.90310,0
1785515880000,587.060,587.080,586.810,586.830,368.06,1785515939999,216050.45140,424,60.32,35408.88760,0
1785515940000,586.840,587.210,586.840,587.160,210.91,1785515999999,123819.51870,431,167.86,98543.66070,0
1785516000000,587.160,587.310,587.150,587.300,46.63,1785516059999,27381.83600,324,30.69,18021.53520,0
1785516060000,587.310,587.500,587.120,587.130,101.65,1785516119999,59702.62360,506,39.16,23000.55350,0
1785516120000,587.120,587.370,587.000,587.370,242.15,1785516179999,142182.74050,604,191.87,112661.91570,0
1785516180000,587.370,587.440,587.360,587.400,64.53,1785516239999,37905.87630,248,22.23,13057.74640,0
1785516240000,587.400,587.870,587.400,587.780,229.44,1785516299999,134826.85720,673,175.20,102956.39620,0
1785516300000,587.770,587.870,587.740,587.840,141.29,1785516359999,83049.44420,484,53.41,31394.26600,0
1785516360000,587.840,587.970,587.830,587.920,279.24,1785516419999,164169.85300,562,106.51,62617.35310,0
1785516420000,587.910,587.970,587.360,587.440,246.56,1785516479999,144882.47040,630,29.67,17434.95580,0
1785516480000,587.450,587.450,587.340,587.340,102.42,1785516539999,60159.14140,272,25.74,15118.84480,0
1785516540000,587.330,587.330,587.120,587.260,91.96,1785516599999,53998.09090,330,41.12,24144.72270,0
1785516600000,587.270,587.670,587.270,587.590,198.07,1785516659999,116363.70820,465,133.72,78564.44700,0
1785516660000,587.580,587.910,587.540,587.720,199.15,1785516719999,117048.52360,527,166.15,97654.68490,0
1785516720000,587.730,587.730,587.440,587.450,65.83,1785516779999,38678.05030,302,8.31,4882.38350,0
1785516780000,587.450,587.970,587.440,587.970,116.36,1785516839999,68376.64550,508,95.75,56268.49190,0
1785516840000,587.970,588.300,587.740,587.750,588.43,1785516899999,346064.51350,1218,419.30,246603.76910,0
1785516900000,587.750,588.160,587.750,587.970,683.44,1785516959999,401859.58230,939,588.59,346090.96290,0
1785516960000,587.980,588.090,587.650,587.750,429.71,1785517019999,252608.50300,676,65.67,38604.54010,0
1785517020000,587.750,587.870,587.720,587.820,141.46,1785517079999,83144.70360,340,99.62,58552.51040,0
1785517080000,587.810,587.870,587.810,587.870,92.33,1785517139999,54276.49050,205,73.13,42989.88750,0
1785517140000,587.860,587.940,587.780,587.780,180.67,1785517199999,106217.28260,375,110.75,65109.88230,0
1785517200000,587.780,587.880,587.700,587.870,129.01,1785517259999,75828.15900,440,41.30,24275.60760,0
1785517260000,587.880,588.080,587.720,588.080,276.36,1785517319999,162453.70690,735,119.45,70222.71920,0
1785517320000,588.070,588.160,587.610,587.610,127.46,1785517379999,74939.68800,638,45.61,26820.99520,0
1785517380000,587.610,587.640,587.220,587.540,297.04,1785517439999,174492.12680,728,209.07,122813.31200,0
1785517440000,587.540,587.740,587.420,587.610,76.70,1785517499999,45069.20720,505,44.80,26323.61410,0
1785517500000,587.620,587.760,587.580,587.580,75.68,1785517559999,44474.43890,337,31.72,18641.04990,0
1785517560000,587.590,587.590,587.260,587.260,137.01,1785517619999,80474.83180,419,40.24,23633.73870,0
1785517620000,587.270,587.360,587.210,587.210,287.91,1785517679999,169082.29130,530,207.41,121808.06020,0
1785517680000,587.220,587.390,587.210,587.320,83.74,1785517739999,49181.12150,408,60.22,35366.83390,0
1785517740000,587.330,587.330,587.220,587.220,28.67,1785517799999,16836.82790,179,6.54,3841.03090,0
1785517800000,587.230,587.650,587.230,587.640,129.10,1785517859999,75832.38040,495,100.40,58973.76470,0
1785517860000,587.640,588.000,587.640,587.990,208.83,1785517919999,122778.54210,508,61.31,36041.08500,0
1785517920000,587.980,588.190,587.910,587.990,476.15,1785517979999,280000.16420,620,338.86,199268.84660,0
1785517980000,587.990,588.210,587.980,588.080,157.54,1785518039999,92648.58410,490,116.84,68710.50010,0
1785518040000,588.080,588.360,588.080,588.270,119.30,1785518099999,70177.21440,469,99.10,58293.94660,0
1785518100000,588.270,588.380,588.170,588.170,289.91,1785518159999,170551.46140,536,142.53,83850.94580,0
1785518160000,588.170,588.240,587.940,587.980,560.14,1785518219999,329390.21800,500,9.90,5823.03350,0
1785518220000,587.990,587.990,587.770,587.780,115.02,1785518279999,67619.58100,317,25.90,15225.43400,0
1785518280000,587.770,587.780,587.500,587.610,164.83,1785518339999,96850.64670,400,86.87,51039.55200,0
1785518340000,587.610,588.380,587.530,588.200,325.39,1785518399999,191271.83690,842,270.60,159066.56070,0
1785518400000,588.210,588.240,587.980,588.050,47.18,1785518459999,27748.56520,440,21.29,12521.52300,0
1785518460000,588.050,588.090,587.970,588.090,94.47,1785518519999,55549.87910,310,52.59,30924.49830,0
1785518520000,588.090,588.100,587.680,587.720,153.90,1785518579999,90488.83370,411,47.46,27906.68180,0
1785518580000,587.730,588.080,587.720,588.080,201.69,1785518639999,118566.73330,325,140.24,82429.90440,0
1785518640000,588.070,588.660,588.070,588.610,387.50,1785518699999,228023.41640,708,327.53,192724.55800,0
1785518700000,588.610,589.000,588.510,588.940,1178.96,1785518759999,694214.52480,1202,853.71,502661.45550,0
1785518760000,588.930,589.010,588.920,589.010,384.82,1785518819999,226652.75390,393,286.97,169019.25080,0
1785518820000,589.000,589.250,589.000,589.100,283.99,1785518879999,167311.55320,679,214.14,126156.38020,0
1785518880000,589.100,589.190,589.090,589.110,153.85,1785518939999,90641.43130,314,33.53,19753.58010,0
1785518940000,589.110,589.220,588.940,589.220,194.90,1785518999999,114804.85500,482,104.49,61550.29110,0
1785519000000,589.210,589.210,589.050,589.070,115.16,1785519059999,67840.44140,396,29.36,17295.57490,0
1785519060000,589.060,589.260,589.030,589.250,73.99,1785519119999,43586.74250,331,39.48,23257.56580,0
1785519120000,589.250,589.250,588.990,589.060,151.11,1785519179999,89014.25560,465,105.56,62180.50430,0
1785519180000,589.060,589.400,589.050,589.390,254.26,1785519239999,149804.71040,687,163.75,96475.50250,0
1785519240000,589.400,589.740,589.340,589.650,214.39,1785519299999,126400.94780,829,170.17,100327.53910,0
1785519300000,589.650,589.730,589.500,589.730,152.01,1785519359999,89626.95520,512,50.23,29617.84720,0
1785519360000,589.720,589.720,589.670,589.700,111.41,1785519419999,65698.21930,283,86.20,50831.90350,0
1785519420000,589.710,590.150,589.710,589.920,512.39,1785519479999,302301.25160,1119,383.90,226503.98530,0
1785519480000,589.910,590.010,589.590,589.590,341.06,1785519539999,201163.02770,515,151.97,89651.33620,0
1785519540000,589.600,589.600,589.470,589.470,84.17,1785519599999,49624.29720,207,52.91,31195.68070,0
1785519600000,589.470,589.480,589.360,589.470,278.55,1785519659999,164184.00770,487,145.31,85649.03900,0
1785519660000,589.470,589.470,589.360,589.370,94.69,1785519719999,55808.15920,245,54.10,31884.91810,0
1785519720000,589.360,589.370,589.260,589.260,38.38,1785519779999,22617.76680,210,4.03,2374.93880,0
1785519780000,589.260,589.480,589.260,589.480,67.34,1785519839999,39688.25130,334,49.85,29379.68180,0
1785519840000,589.470,589.570,589.460,589.460,53.97,1785519899999,31816.47640,226,12.76,7521.99640,0
1785519900000,589.470,589.610,589.470,589.500,96.73,1785519959999,57028.35460,327,32.86,19372.84300,0
1785519960000,589.490,589.690,589.410,589.560,136.63,1785520019999,80545.25770,427,34.32,20232.94360,0
1785520020000,589.550,589.690,589.550,589.550,54.08,1785520079999,31886.29460,269,12.86,7582.54460,0
1785520080000,589.560,589.650,589.560,589.630,77.34,1785520139999,45600.96630,222,41.36,24385.85600,0
1785520140000,589.630,589.790,589.510,589.790,121.33,1785520199999,71539.18950,486,49.48,29175.61350,0
1785520200000,589.800,590.020,589.790,590.010,99.05,1785520259999,58434.98220,299,45.24,26688.02880,0
1785520260000,590.010,590.170,590.010,590.170,325.36,1785520319999,191994.64040,374,287.61,169718.88510,0
1785520320000,590.170,590.230,589.960,590.080,512.07,1785520379999,302165.63750,571,122.02,72000.17750,0
1785520380000,590.080,590.180,589.970,589.980,164.50,1785520439999,97068.01970,372,31.14,18376.08990,0
1785520440000,589.980,590.230,589.980,590.220,96.29,1785520499999,56823.39320,295,85.03,50178.64210,0
1785520500000,590.220,590.300,590.160,590.270,117.30,1785520559999,69235.17890,407,78.94,46594.38420,0
1785520560000,590.270,590.430,590.270,590.330,131.77,1785520619999,77792.87700,400,94.92,56037.36740,0
1785520620000,590.330,590.330,589.700,589.880,452.76,1785520679999,267064.24030,697,84.47,49819.52980,0
1785520680000,589.870,589.870,589.560,589.560,292.66,1785520739999,172571.64360,397,7.23,4263.13150,0
1785520740000,589.560,589.560,589.380,589.390,125.71,1785520799999,74100.25150,275,17.54,10338.67850,0
1785520800000,589.380,589.680,589.270,589.680,334.27,1785520859999,197014.90640,658,139.62,82295.17430,0
1785520860000,589.680,589.900,589.610,589.610,107.56,1785520919999,63433.53580,464,35.49,20930.08900,0
1785520920000,589.610,589.620,589.130,589.170,219.75,1785520979999,129501.28430,673,51.23,30185.15800,0
1785520980000,589.180,589.470,589.080,589.460,637.92,1785521039999,375866.14270,838,175.08,103164.90260,0
1785521040000,589.470,589.580,589.460,589.570,74.12,1785521099999,43697.53030,270,57.92,34146.52240,0
1785521100000,589.570,589.650,589.010,589.580,840.53,1785521159999,495422.63120,1101,653.93,385480.22790,0
1785521160000,589.570,589.910,589.570,589.620,192.86,1785521219999,113745.72920,513,88.50,52192.43980,0
1785521220000,589.620,589.800,589.620,589.800,179.01,1785521279999,105564.17340,299,143.16,84422.30300,0
1785521280000,589.800,589.910,589.790,589.840,52.04,1785521339999,30695.61700,289,32.99,19458.46060,0
1785521340000,589.830,589.910,589.520,589.590,311.12,1785521399999,183470.03170,433,44.33,26140.06720,0
1785521400000,589.590,589.670,589.400,589.400,109.74,1785521459999,64703.57310,372,30.04,17711.85220,0
1785521460000,589.400,589.410,589.290,589.300,47.50,1785521519999,27994.77750,221,7.03,4143.27320,0
1785521520000,589.290,589.350,589.260,589.350,99.98,1785521579999,58916.53510,253,66.55,39216.77020,0
1785521580000,589.340,589.350,589.340,589.340,73.31,1785521639999,43205.03450,124,51.91,30593.15850,0
1785521640000,589.350,589.470,589.340,589.370,84.55,1785521699999,49836.51580,270,26.45,15589.56310,0
1785521700000,589.370,589.520,589.370,589.520,47.53,1785521759999,28017.13790,234,28.98,17082.14680,0
1785521760000,589.520,589.560,589.420,589.480,177.96,1785521819999,104911.51720,351,56.65,33396.38570,0
1785521820000,589.480,589.490,589.130,589.140,198.54,1785521879999,116983.47180,474,19.79,11659.81790,0
1785521880000,589.140,589.420,589.130,589.410,69.52,1785521939999,40967.44880,279,54.95,32381.96870,0
1785521940000,589.420,589.480,589.320,589.390,117.47,1785521999999,69236.13800,329,44.62,26298.51910,0
1785522000000,589.400,589.490,589.360,589.410,114.70,1785522059999,67607.19300,331,19.28,11364.20890,0
1785522060000,589.410,589.460,589.350,589.350,135.91,1785522119999,80108.96800,276,117.25,69111.24060,0
1785522120000,589.350,589.510,589.340,589.510,145.55,1785522179999,85792.94550,272,57.40,33832.42500,0
1785522180000,589.510,589.550,589.200,589.240,85.84,1785522239999,50594.70240,434,25.06,14770.08200,0
1785522240000,589.240,589.420,589.190,589.190,142.18,1785522299999,83785.04780,376,15.40,9075.89280,0
1785522300000,589.200,589.220,588.690,588.690,535.20,1785522359999,315128.06390,816,93.32,54941.43550,0
1785522360000,588.700,588.700,588.630,588.640,111.65,1785522419999,65723.66740,270,40.53,23858.17540,0
1785522420000,588.640,588.670,588.400,588.410,123.04,1785522479999,72411.91480,420,28.95,17039.01580,0
1785522480000,588.400,588.410,588.350,588.350,61.12,1785522539999,35961.17100,180,14.02,8248.81120,0
1785522540000,588.350,588.360,588.140,588.200,342.93,1785522599999,201728.81560,637,174.90,102884.88710,0
1785522600000,588.200,588.440,588.190,588.440,255.82,1785522659999,150485.88950,528,66.71,39242.92490,0
1785522660000,588.450,588.460,588.400,588.460,186.17,1785522719999,109549.30060,288,26.23,15434.42630,0
1785522720000,588.460,588.460,588.240,588.250,360.16,1785522779999,211903.12160,394,38.58,22698.22200,0
1785522780000,588.250,588.340,588.120,588.330,129.34,1785522839999,76085.64530,561,73.74,43378.03080,0
1785522840000,588.340,588.400,588.230,588.270,87.85,1785522899999,51680.70140,445,65.78,38696.39850,0
1785522900000,588.260,588.430,588.190,588.410,353.10,1785522959999,207717.66670,606,160.67,94520.03700,0
1785522960000,588.420,588.540,588.270,588.270,162.38,1785523019999,95552.61550,347,138.87,81718.46660,0
1785523020000,588.270,588.600,588.160,588.600,157.91,1785523079999,92898.75840,545,73.85,43447.82570,0
1785523080000,588.600,588.600,588.300,588.510,378.14,1785523139999,222507.34200,787,218.51,128572.29700,0
1785523140000,588.500,588.600,588.190,588.200,641.29,1785523199999,377369.28350,522,28.13,16554.51360,0
1785523200000,588.200,588.290,588.020,588.290,98.53,1785523259999,57952.91340,470,69.90,41113.66490,0
1785523260000,588.290,588.480,588.260,588.450,259.65,1785523319999,152771.14240,367,165.26,97242.08540,0
1785523320000,588.450,588.460,588.400,588.460,55.84,1785523379999,32858.60090,260,32.43,19083.24370,0
1785523380000,588.460,588.890,588.460,588.890,163.75,1785523439999,96399.13740,558,159.02,93614.14690,0
1785523440000,588.890,589.060,588.880,589.000,153.68,1785523499999,90519.27230,338,77.94,45905.11220,0
1785523500000,589.010,589.160,589.000,589.130,110.09,1785523559999,64848.85960,365,72.43,42664.82010,0
1785523560000,589.130,589.130,588.770,588.820,155.95,1785523619999,91845.76420,423,31.27,18413.71650,0
1785523620000,588.810,588.990,588.810,588.980,31.54,1785523679999,18575.66750,156,8.69,5117.57250,0
1785523680000,588.980,589.200,588.980,589.190,48.17,1785523739999,28378.15420,337,25.62,15092.36600,0
1785523740000,589.190,589.340,589.180,589.280,81.85,1785523799999,48233.19750,347,54.44,32080.03160,0
1785523800000,589.280,589.280,589.050,589.240,152.75,1785523859999,89994.37950,445,68.82,40547.12520,0
1785523860000,589.230,589.550,589.230,589.550,273.85,1785523919999,161403.78820,557,240.15,141542.05270,0
1785523920000,589.550,589.670,589.540,589.660,162.71,1785523979999,95939.91750,381,75.61,44581.25570,0
1785523980000,589.660,589.990,589.650,589.990,141.00,1785524039999,83168.20140,498,74.51,43948.51420,0
1785524040000,589.980,589.990,589.620,589.650,130.80,1785524099999,77138.80510,418,57.80,34084.22320,0
1785524100000,589.650,589.880,589.620,589.780,191.72,1785524159999,113074.83220,455,176.94,104357.72180,0
1785524160000,589.780,589.830,589.680,589.740,59.57,1785524219999,35129.59350,419,34.52,20356.84070,0
1785524220000,589.740,589.840,589.620,589.630,81.42,1785524279999,48016.53220,378,35.59,20988.70400,0
1785524280000,589.620,589.630,589.620,589.630,22.86,1785524339999,13478.87680,148,16.36,9646.34680,0
1785524340000,589.630,589.630,589.330,589.330,144.27,1785524399999,85045.73240,489,40.17,23680.01390,0
1785524400000,589.330,589.660,589.260,589.660,146.89,1785524459999,86601.50960,590,92.67,54634.59540,0
1785524460000,589.660,589.660,589.400,589.410,63.22,1785524519999,37270.66350,404,17.96,10587.66450,0
1785524520000,589.410,589.580,589.360,589.410,76.87,1785524579999,45313.26650,482,35.62,20996.02400,0
1785524580000,589.410,589.450,589.270,589.310,71.08,1785524639999,41889.62390,386,61.63,36320.17540,0
1785524640000,589.310,589.310,588.840,588.950,128.33,1785524699999,75578.34550,523,84.55,49790.14740,0
1785524700000,588.950,589.050,588.820,589.050,89.15,1785524759999,52505.81660,392,54.99,32388.20350,0
1785524760000,589.050,589.050,588.840,588.860,134.22,1785524819999,79041.62020,386,11.21,6601.80970,0
1785524820000,588.860,589.050,588.680,589.050,170.09,1785524879999,100147.77330,445,59.18,34848.61160,0
1785524880000,589.050,589.120,588.810,588.940,273.10,1785524939999,160849.67550,450,123.38,72675.90230,0
1785524940000,588.940,589.050,588.880,588.880,29.75,1785524999999,17521.73160,187,14.86,8751.38670,0
1785525000000,588.880,588.890,588.780,588.780,27.06,1785525059999,15934.20810,193,1.63,959.77250,0
1785525060000,588.780,588.790,588.440,588.450,64.15,1785525119999,37757.96030,400,13.40,7885.77890,0
1785525120000,588.440,588.870,588.440,588.860,106.14,1785525179999,62472.20460,436,85.04,50054.21120,0
1785525180000,588.860,588.870,588.730,588.730,22.47,1785525239999,13230.81550,175,5.60,3297.41200,0
1785525240000,588.730,588.820,588.730,588.820,9.49,1785525299999,5587.45720,100,4.72,2779.01430,0
1785525300000,588.820,588.970,588.810,588.970,71.28,1785525359999,41975.50950,378,39.91,23502.36370,0
1785525360000,588.970,589.040,588.850,588.860,40.49,1785525419999,23847.61940,345,17.82,10495.67740,0
1785525420000,588.860,588.980,588.850,588.980,33.43,1785525479999,19685.62220,236,21.22,12495.76250,0
1785525480000,588.970,589.050,588.920,588.930,74.02,1785525539999,43596.68800,220,12.35,7274.28790,0
1785525540000,588.930,589.090,588.860,588.860,44.08,1785525599999,25962.15490,306,22.80,13429.12390,0
1785525600000,588.860,588.860,588.740,588.790,53.49,1785525659999,31494.96710,310,10.85,6388.32580,0
1785525660000,588.790,588.930,588.790,588.920,23.32,1785525719999,13731.86810,212,18.19,10710.71900,0
1785525720000,588.930,589.020,588.920,589.010,75.89,1785525779999,44697.93680,219,39.43,23223.61090,0
1785525780000,589.010,589.010,588.890,588.900,48.69,1785525839999,28674.97370,171,29.04,17101.80580,0
1785525840000,588.890,588.890,588.750,588.750,23.53,1785525899999,13854.44760,168,6.68,3932.96100,0
1785525900000,588.750,588.760,588.620,588.650,74.16,1785525959999,43656.55880,271,28.14,16564.88010,0
1785525960000,588.650,588.700,588.650,588.680,43.20,1785526019999,25430.85210,159,10.50,6180.96570,0
1785526020000,588.670,588.830,588.670,588.820,73.22,1785526079999,43105.33460,225,60.20,35440.05820,0
1785526080000,588.830,588.990,588.820,588.990,54.14,1785526139999,31881.56270,236,42.47,25009.92310,0
1785526140000,588.990,589.150,588.990,589.140,68.10,1785526199999,40118.26870,210,17.84,10508.75560,0
1785526200000,589.130,589.130,588.770,588.770,92.39,1785526259999,54412.49100,458,22.58,13297.49150,0
1785526260000,588.770,588.860,588.740,588.750,71.45,1785526319999,42070.32710,278,37.63,22156.70660,0
1785526320000,588.750,588.990,588.740,588.990,123.69,1785526379999,72833.21060,342,107.74,63440.98900,0
1785526380000,588.990,589.010,588.620,588.690,96.33,1785526439999,56723.17120,466,36.76,21642.09610,0
1785526440000,588.680,588.890,588.620,588.890,34.16,1785526499999,20110.33720,305,29.16,17167.03930,0
1785526500000,588.890,588.970,588.780,588.790,50.11,1785526559999,29510.99160,311,14.10,8303.67340,0
1785526560000,588.790,588.830,588.560,588.830,142.24,1785526619999,83732.02970,446,87.39,51443.51460,0
1785526620000,588.830,588.830,588.670,588.760,77.42,1785526679999,45578.92750,349,20.37,11991.68360,0
1785526680000,588.760,588.770,588.750,588.770,23.78,1785526739999,14000.73640,156,18.83,11086.38080,0
1785526740000,588.770,588.770,588.620,588.670,30.74,1785526799999,18096.65420,300,10.78,6345.68400,0
1785526800000,588.670,588.670,588.330,588.340,66.37,1785526859999,39061.34770,466,13.48,7932.81670,0
1785526860000,588.340,588.510,588.240,588.440,70.38,1785526919999,41409.99520,438,32.81,19303.53300,0
1785526920000,588.440,588.560,588.430,588.560,86.14,1785526979999,50694.36310,322,12.94,7615.15530,0
1785526980000,588.560,588.920,588.550,588.910,88.08,1785527039999,51862.76350,333,82.74,48719.03190,0
1785527040000,588.920,589.220,588.910,589.220,138.79,1785527099999,81746.34970,389,120.96,71244.80190,0
1785527100000,589.220,589.760,589.130,589.660,712.76,1785527159999,420199.24970,1332,582.36,343317.34210,0
1785527160000,589.660,589.850,589.480,589.500,478.44,1785527219999,282127.07190,764,267.73,157870.37400,0
1785527220000,589.500,589.540,589.270,589.300,64.99,1785527279999,38306.46320,387,32.37,19078.85800,0
1785527280000,589.290,589.360,589.250,589.300,23.36,1785527339999,13765.53790,217,9.67,5698.26520,0
1785527340000,589.290,589.320,589.150,589.150,113.63,1785527399999,66951.26650,229,16.51,9727.77480,0
1785527400000,589.150,589.170,588.830,588.890,168.13,1785527459999,99033.09020,446,71.14,41899.83460,0
1785527460000,588.890,588.940,588.800,588.940,49.74,1785527519999,29289.52130,287,32.63,19213.96470,0
1785527520000,588.940,589.050,588.920,588.980,67.32,1785527579999,39650.24480,351,24.90,14665.79610,0
1785527580000,588.980,589.120,588.970,589.110,97.29,1785527639999,57312.21110,187,28.42,16740.44460,0
1785527640000,589.100,589.120,588.980,589.030,234.86,1785527699999,138348.09770,315,16.40,9661.36900,0
1785527700000,589.040,589.090,588.770,588.830,371.79,1785527759999,218965.82050,637,259.08,152585.07090,0
1785527760000,588.840,588.940,588.830,588.940,53.54,1785527819999,31527.93210,280,24.06,14168.71260,0
1785527820000,588.940,588.940,588.850,588.860,59.39,1785527879999,34975.08190,241,13.17,7756.18660,0
1785527880000,588.850,588.980,588.820,588.850,91.99,1785527939999,54171.55140,357,24.04,14156.43810,0
1785527940000,588.860,588.860,588.310,588.530,599.25,1785527999999,352700.16630,969,219.07,128961.02960,0
1785528000000,588.530,589.050,588.530,589.050,222.45,1785528059999,130986.95740,675,193.70,114055.65260,0
1785528060000,589.050,589.200,589.040,589.060,107.77,1785528119999,63489.66780,420,57.24,33720.81660,0
1785528120000,589.060,589.140,589.050,589.130,58.40,1785528179999,34402.28730,255,42.35,24947.61950,0
1785528180000,589.130,589.340,589.070,589.280,136.46,1785528239999,80400.62420,446,36.98,21788.46740,0
1785528240000,589.280,589.280,589.120,589.140,139.18,1785528299999,82002.43160,305,25.67,15124.13670,0
1785528300000,589.140,589.150,589.100,589.110,64.25,1785528359999,37850.89560,183,48.88,28795.83280,0
1785528360000,589.110,589.110,588.900,588.970,100.58,1785528419999,59240.03860,308,34.07,20065.09760,0
1785528420000,588.970,588.980,588.760,588.760,45.09,1785528479999,26553.80200,218,0.45,264.97960,0
1785528480000,588.760,588.800,588.690,588.790,37.93,1785528539999,22330.63780,208,14.53,8554.28160,0
1785528540000,588.790,588.800,588.630,588.640,12.17,1785528599999,7164.56450,172,1.81,1065.49660,0
1785528600000,588.630,588.840,588.620,588.780,42.55,1785528659999,25048.60980,290,25.71,15135.38070,0
1785528660000,588.780,588.880,588.770,588.770,25.51,1785528719999,15021.39030,223,8.76,5158.19250,0
1785528720000,588.770,588.780,588.670,588.670,15.79,1785528779999,9295.57810,152,0.65,382.66440,0
1785528780000,588.680,588.830,588.670,588.830,80.16,1785528839999,47197.23540,311,32.35,19046.10440,0
1785528840000,588.830,588.880,588.820,588.870,16.54,1785528899999,9739.28890,100,15.15,8920.82560,0
1785528900000,588.880,589.100,588.870,589.060,66.69,1785528959999,39275.50930,312,54.43,32055.03940,0
1785528960000,589.060,589.060,588.760,588.760,62.05,1785529019999,36538.30170,292,13.87,8166.99980,0
1785529020000,588.760,589.110,588.760,589.110,79.86,1785529079999,47029.94730,353,66.06,38904.82580,0
1785529080000,589.100,589.110,588.960,589.050,52.93,1785529139999,31178.39200,239,9.93,5849.04210,0
1785529140000,589.040,589.090,589.040,589.080,24.93,1785529199999,14685.26890,156,10.73,6320.62450,0
1785529200000,589.080,589.090,589.080,589.090,13.96,1785529259999,8223.56980,55,1.30,765.81700,0
1785529260000,589.080,589.090,588.870,588.870,60.31,1785529319999,35521.19340,286,8.32,4900.22970,0
1785529320000,588.870,588.870,588.740,588.740,52.62,1785529379999,30984.34360,216,6.78,3992.27530,0
1785529380000,588.730,588.730,588.240,588.440,741.65,1785529439999,436343.13840,655,55.18,32469.57410,0
1785529440000,588.440,588.610,588.320,588.320,117.97,1785529499999,69424.83800,417,82.72,48680.83650,0
1785529500000,588.330,588.470,588.320,588.470,88.29,1785529559999,51945.80790,216,77.13,45379.18920,0
1785529560000,588.460,588.460,588.280,588.290,64.35,1785529619999,37861.19560,244,31.28,18403.71210,0
1785529620000,588.290,588.400,588.280,588.400,96.05,1785529679999,56510.60900,255,86.89,51121.26610,0
1785529680000,588.400,588.400,588.390,588.400,22.20,1785529739999,13062.30250,92,4.45,2618.38000,0
1785529740000,588.390,588.470,588.390,588.470,29.76,1785529799999,17511.15060,160,26.83,15787.09230,0
1785529800000,588.470,588.640,588.370,588.640,144.39,1785529859999,84969.25410,440,93.93,55275.55570,0
1785529860000,588.640,588.640,588.460,588.530,96.58,1785529919999,56844.37730,312,37.88,22294.49870,0
1785529920000,588.530,588.580,588.530,588.570,36.10,1785529979999,21246.29670,149,25.08,14760.60970,0
1785529980000,588.570,588.760,588.570,588.730,127.08,1785530039999,74804.73070,294,75.07,44191.01270,0
1785530040000,588.740,588.740,588.560,588.560,113.98,1785530099999,67096.86490,231,23.12,13607.97580,0
1785530100000,588.560,588.570,588.280,588.280,34.78,1785530159999,20466.14380,248,2.75,1618.46160,0
1785530160000,588.280,588.400,588.280,588.400,68.21,1785530219999,40129.09080,230,63.79,37528.80920,0
1785530220000,588.400,588.410,588.310,588.310,42.39,1785530279999,24942.12500,185,29.22,17193.09280,0
1785530280000,588.310,588.580,588.300,588.580,59.47,1785530339999,34991.99220,267,52.98,31173.79830,0
1785530340000,588.580,588.580,588.090,588.100,172.84,1785530399999,101672.69050,419,29.84,17555.49530,0
1785530400000,588.100,588.170,588.040,588.170,89.08,1785530459999,52385.87830,280,64.71,38054.69020,0
1785530460000,588.170,588.300,588.130,588.150,94.38,1785530519999,55514.03510,353,49.59,29168.88460,0
1785530520000,588.150,588.250,587.760,587.820,356.72,1785530579999,209743.01590,776,121.05,71193.21410,0
1785530580000,587.830,587.870,587.760,587.870,107.27,1785530639999,63055.73000,258,39.10,22983.77610,0
1785530640000,587.870,588.030,587.860,588.030,30.53,1785530699999,17949.65800,152,25.88,15215.38970,0
1785530700000,588.030,588.180,588.020,588.090,77.81,1785530759999,45757.05740,280,29.39,17284.16290,0
1785530760000,588.080,588.080,587.970,587.980,65.90,1785530819999,38748.83980,168,49.85,29311.17700,0
1785530820000,587.970,588.160,587.970,588.160,83.23,1785530879999,48941.40520,256,75.28,44266.37940,0
1785530880000,588.160,588.160,588.040,588.050,54.26,1785530939999,31912.86000,211,8.87,5216.94620,0
1785530940000,588.050,588.050,587.700,587.760,88.92,1785530999999,52267.38200,355,56.26,33066.21550,0
1785531000000,587.750,587.760,587.690,587.700,36.18,1785531059999,21264.19990,170,14.64,8604.35030,0
1785531060000,587.700,587.850,587.700,587.850,40.86,1785531119999,24016.92900,218,34.39,20213.74790,0
1785531120000,587.840,588.020,587.790,588.020,76.14,1785531179999,44761.09540,313,52.89,31093.83700,0
1785531180000,588.010,588.030,587.210,587.560,887.10,1785531239999,521320.33950,1764,227.69,133823.28950,0
1785531240000,587.560,587.840,587.290,587.660,259.06,1785531299999,152187.63750,741,148.12,87013.00900,0
1785531300000,587.660,587.720,587.550,587.550,313.99,1785531359999,184513.38370,546,139.57,82013.47020,0
1785531360000,587.550,587.560,587.460,587.480,123.11,1785531419999,72324.74150,315,46.50,27317.89560,0
1785531420000,587.470,587.470,587.210,587.210,218.31,1785531479999,128218.68430,388,30.48,17900.94120,0
1785531480000,587.210,587.330,586.960,587.230,363.55,1785531539999,213449.74700,961,136.20,79977.44810,0
1785531540000,587.230,587.280,587.110,587.260,448.59,1785531599999,263399.66650,515,279.97,164390.67410,0
1785531600000,587.250,587.260,587.060,587.070,64.26,1785531659999,37732.21740,217,16.78,9853.10010,0
1785531660000,587.060,587.060,586.920,586.920,137.79,1785531719999,80879.71230,295,40.24,23620.57350,0
1785531720000,586.930,586.940,586.680,586.800,342.20,1785531779999,200815.51250,615,145.95,85646.06520,0
1785531780000,586.800,586.910,586.700,586.900,191.90,1785531839999,112606.66400,422,54.34,31887.48870,0
1785531840000,586.900,586.960,586.900,586.950,125.09,1785531899999,73418.33580,265,66.44,38995.03870,0
1785531900000,586.960,587.340,586.960,587.340,126.51,1785531959999,74276.59120,416,106.84,62728.33940,0
1785531960000,587.340,587.440,587.330,587.440,84.78,1785532019999,49797.47120,242,79.27,46561.15370,0
1785532020000,587.440,587.740,587.430,587.740,112.12,1785532079999,65883.22010,337,99.86,58678.21150,0
1785532080000,587.740,587.740,587.730,587.740,52.10,1785532139999,30621.24230,93,50.93,29933.59820,0
1785532140000,587.730,587.880,587.730,587.880,103.26,1785532199999,60691.76700,288,94.66,55637.28750,0
1785532200000,587.890,587.900,587.890,587.890,72.70,1785532259999,42739.80850,136,24.52,14415.26830,0
1785532260000,587.900,587.900,587.730,587.840,190.61,1785532319999,112047.01790,395,57.62,33866.96950,0
1785532320000,587.840,587.930,587.830,587.930,44.74,1785532379999,26301.18230,219,33.98,19975.59010,0
1785532380000,587.930,588.430,587.930,587.960,355.46,1785532439999,209101.58610,803,204.80,120464.19720,0
1785532440000,587.960,587.970,587.960,587.960,20.87,1785532499999,12270.78890,81,6.37,3745.36890,0
1785532500000,587.970,588.090,587.820,587.830,190.55,1785532559999,112044.88330,396,136.87,80480.34650,0
1785532560000,587.830,588.040,587.820,588.040,71.96,1785532619999,42302.10810,250,65.29,38381.32460,0
1785532620000,588.040,588.330,588.040,588.320,66.10,1785532679999,38879.83460,317,57.96,34091.19990,0
1785532680000,588.330,588.500,588.320,588.460,58.93,1785532739999,34677.41900,269,31.36,18453.00610,0
1785532740000,588.460,588.460,588.350,588.350,55.06,1785532799999,32399.39800,215,10.29,6055.25340,0
1785532800000,588.340,588.350,588.270,588.270,50.06,1785532859999,29449.93190,118,6.50,3823.84300,0
1785532860000,588.280,588.480,588.270,588.470,53.34,1785532919999,31386.29750,190,50.69,29827.14800,0
1785532920000,588.480,588.660,588.470,588.650,213.56,1785532979999,125701.60260,374,175.00,103007.63520,0
1785532980000,588.650,588.710,588.650,588.690,106.24,1785533039999,62542.47100,164,33.35,19632.19790,0
1785533040000,588.700,588.820,588.640,588.640,323.09,1785533099999,190217.77620,405,209.29,123215.99170,0
1785533100000,588.640,588.640,588.350,588.560,85.72,1785533159999,50448.62990,361,26.37,15518.34200,0
1785533160000,588.560,588.570,588.420,588.420,114.17,1785533219999,67193.26790,279,40.69,23948.51880,0
1785533220000,588.420,588.460,588.400,588.410,41.43,1785533279999,24378.62690,173,10.26,6037.25620,0
1785533280000,588.400,588.440,588.400,588.440,41.29,1785533339999,24295.44700,98,30.81,18128.91330,0
1785533340000,588.440,588.500,588.440,588.500,25.43,1785533399999,14965.21570,116,21.01,12364.13410,0
1785533400000,588.500,588.650,588.500,588.640,47.18,1785533459999,27769.54410,169,20.11,11835.99060,0
1785533460000,588.640,588.650,588.480,588.480,49.19,1785533519999,28952.94320,196,5.43,3195.66560,0
1785533520000,588.480,588.490,588.400,588.400,78.87,1785533579999,46409.89430,161,33.41,19659.16220,0
1785533580000,588.410,588.410,588.400,588.410,11.13,1785533639999,6548.93730,65,4.53,2665.49730,0
1785533640000,588.410,588.410,588.400,588.410,5.14,1785533699999,3024.40030,49,2.43,1429.83630,0
1785533700000,588.410,588.410,588.350,588.350,75.41,1785533759999,44370.30570,217,21.96,12920.70860,0
1785533760000,588.360,588.360,588.350,588.360,19.66,1785533819999,11567.11690,117,15.59,9172.53240,0
1785533820000,588.360,588.440,588.350,588.360,151.20,1785533879999,88966.85350,286,45.73,26906.05410,0
1785533880000,588.370,588.690,588.370,588.400,268.52,1785533939999,158039.24210,461,219.96,129458.90320,0
1785533940000,588.400,588.520,588.400,588.460,97.45,1785533999999,57343.68870,170,82.34,48451.39440,0
1785534000000,588.450,588.610,588.300,588.300,119.85,1785534059999,70530.61610,350,65.33,38443.65140,0
1785534060000,588.300,588.500,588.300,588.500,33.82,1785534119999,19898.14510,185,27.29,16056.05180,0
1785534120000,588.500,588.500,588.420,588.420,51.76,1785534179999,30459.47080,123,1.14,670.81720,0
1785534180000,588.420,588.570,588.270,588.270,232.82,1785534239999,137000.10870,424,91.53,53863.11960,0
1785534240000,588.280,588.430,588.280,588.380,35.17,1785534299999,20692.05130,206,29.80,17532.36210,0
1785534300000,588.380,588.380,588.240,588.240,74.43,1785534359999,43787.51780,185,2.28,1341.34710,0
1785534360000,588.240,588.260,588.240,588.260,30.55,1785534419999,17971.03990,120,26.22,15423.92440,0
1785534420000,588.250,588.660,588.250,588.660,90.09,1785534479999,53012.94350,366,81.96,48228.57370,0
1785534480000,588.650,588.660,588.590,588.600,46.09,1785534539999,27130.78820,150,3.35,1971.98640,0
1785534540000,588.590,588.590,588.270,588.280,246.92,1785534599999,145311.40350,305,5.86,3448.00010,0
1785534600000,588.280,588.280,588.130,588.130,40.69,1785534659999,23933.85880,189,6.09,3581.81100,0
1785534660000,588.140,588.250,588.140,588.240,86.20,1785534719999,50700.84770,244,67.33,39600.77300,0
1785534720000,588.240,588.300,588.240,588.270,60.07,1785534779999,35337.95740,220,31.08,18283.68420,0
1785534780000,588.270,588.280,588.100,588.100,33.72,1785534839999,19834.71030,198,3.48,2047.21270,0
1785534840000,588.100,588.100,587.810,587.920,188.76,1785534899999,110971.40090,390,24.75,14550.22070,0
1785534900000,587.910,588.070,587.700,587.870,148.97,1785534959999,87576.77840,602,45.54,26769.19670,0
1785534960000,587.860,587.870,587.640,587.640,73.19,1785535019999,43016.18570,262,20.14,11835.85480,0
1785535020000,587.650,587.650,586.960,587.290,390.21,1785535079999,229147.77340,1011,139.56,81957.75450,0
1785535080000,587.300,587.330,587.290,587.330,79.96,1785535139999,46961.68440,169,28.87,16955.60490,0
1785535140000,587.320,587.510,587.320,587.500,63.37,1785535199999,37227.03610,235,46.63,27393.02230,0
1785535200000,587.500,587.500,587.120,587.230,122.44,1785535259999,71903.22760,497,57.60,33823.26650,0
1785535260000,587.230,587.300,587.170,587.180,185.99,1785535319999,109221.58540,362,47.30,27776.75840,0
1785535320000,587.170,587.410,587.170,587.400,128.19,1785535379999,75280.77030,294,105.89,62186.41060,0
1785535380000,587.410,587.410,586.950,587.200,171.43,1785535439999,100643.42160,521,84.36,49521.40010,0
1785535440000,587.200,587.580,587.190,587.580,585.83,1785535499999,344137.23300,682,356.55,209433.68120,0
1785535500000,587.580,587.870,587.450,587.860,143.94,1785535559999,84579.01830,394,63.94,37569.85260,0
1785535560000,587.860,587.940,587.580,587.750,275.55,1785535619999,161975.02050,605,51.43,30231.45600,0
1785535620000,587.750,588.000,587.750,588.000,49.27,1785535679999,28965.96330,322,45.06,26490.91720,0
1785535680000,587.990,588.060,587.910,588.030,57.74,1785535739999,33951.65370,344,21.76,12794.72080,0
1785535740000,588.040,588.060,587.920,587.930,50.71,1785535799999,29818.42110,250,29.52,17358.50240,0
1785535800000,587.930,587.930,587.790,587.810,137.07,1785535859999,80579.06090,230,28.79,16922.78680,0
1785535860000,587.820,587.980,587.810,587.970,73.90,1785535919999,43444.48050,218,52.01,30577.03580,0
1785535920000,587.980,587.980,587.770,587.840,74.91,1785535979999,44034.61250,268,14.05,8258.93420,0
1785535980000,587.850,588.060,587.840,587.970,24.33,1785536039999,14304.45050,228,16.91,9941.50520,0
1785536040000,587.980,587.980,587.850,587.860,55.56,1785536099999,32664.73430,209,11.48,6749.57680,0
1785536100000,587.860,588.050,587.850,588.050,87.96,1785536159999,51714.37640,285,84.54,49703.88830,0
1785536160000,588.050,588.050,587.800,587.800,49.03,1785536219999,28826.60880,272,6.51,3827.23910,0
1785536220000,587.800,587.800,587.670,587.680,53.42,1785536279999,31397.15330,151,17.29,10162.37080,0
1785536280000,587.670,587.680,587.670,587.670,8.85,1785536339999,5200.88360,65,0.41,240.94880,0
1785536340000,587.670,587.830,587.610,587.750,122.86,1785536399999,72202.45090,427,80.29,47183.52270,0
1785536400000,587.760,587.830,587.760,587.780,29.90,1785536459999,17574.50020,127,5.95,3497.23940,0
1785536460000,587.770,587.860,587.770,587.850,25.28,1785536519999,14859.34360,136,22.06,12966.66420,0
1785536520000,587.850,587.860,587.800,587.810,19.28,1785536579999,11333.33830,122,5.57,3274.16280,0
1785536580000,587.800,587.810,587.700,587.710,31.87,1785536639999,18732.60410,126,2.01,1181.39010,0
1785536640000,587.710,587.710,587.560,587.560,68.04,1785536699999,39983.82890,183,9.71,5706.66410,0
1785536700000,587.570,587.570,587.520,587.530,39.93,1785536759999,23460.90750,136,4.01,2356.07570,0
1785536760000,587.530,587.640,587.520,587.640,34.75,1785536819999,20417.59430,160,30.91,18161.34270,0
1785536820000,587.630,587.670,587.630,587.670,22.71,1785536879999,13345.36030,106,20.64,12128.93170,0
1785536880000,587.670,587.760,587.660,587.760,16.39,1785536939999,9632.04300,129,13.19,7751.43740,0
1785536940000,587.750,587.840,587.740,587.790,117.45,1785536999999,69034.60570,266,15.64,9192.68470,0
1785537000000,587.790,587.790,587.670,587.750,15.21,1785537059999,8939.22890,176,6.77,3978.71480,0
1785537060000,587.760,587.760,587.750,587.760,5.45,1785537119999,3203.26380,67,2.63,1545.80880,0
1785537120000,587.750,587.850,587.710,587.710,81.46,1785537179999,47881.30510,327,51.96,30541.05750,0
1785537180000,587.710,587.720,587.630,587.630,17.15,1785537239999,10078.63580,139,4.22,2480.03520,0
1785537240000,587.640,587.710,587.610,587.610,75.14,1785537299999,44157.03260,254,31.71,18634.36640,0
1785537300000,587.610,587.610,586.940,586.990,284.78,1785537359999,167202.04600,555,102.09,59924.15250,0
1785537360000,587.000,587.030,586.990,587.000,161.15,1785537419999,94596.01910,163,114.71,67335.24940,0
1785537420000,586.990,587.150,586.940,587.150,134.71,1785537479999,79073.45960,292,107.97,63378.40270,0
1785537480000,587.160,587.160,587.150,587.160,14.83,1785537539999,8707.52550,73,9.10,5343.15600,0
1785537540000,587.160,587.160,587.150,587.160,8.56,1785537599999,5026.06050,80,5.65,3317.45400,0
1785537600000,587.150,587.250,587.150,587.250,58.43,1785537659999,34308.05590,246,40.39,23715.80420,0
1785537660000,587.240,587.880,587.240,587.880,187.53,1785537719999,110183.05810,644,184.39,108338.27990,0
1785537720000,587.880,587.890,587.710,587.710,127.54,1785537779999,74970.28560,288,62.70,36855.43180,0
1785537780000,587.720,587.720,587.520,587.650,64.02,1785537839999,37617.18580,253,45.68,26839.43370,0
1785537840000,587.650,587.680,587.580,587.580,124.04,1785537899999,72891.78420,245,39.30,23093.74290,0
1785537900000,587.580,587.580,587.530,587.550,97.12,1785537959999,57063.03590,189,4.47,2626.39320,0
1785537960000,587.560,587.560,587.440,587.440,32.92,1785538019999,19340.13170,171,3.63,2132.44460,0
1785538020000,587.450,587.450,587.440,587.450,14.19,1785538079999,8335.81040,94,3.68,2161.81600,0
1785538080000,587.440,587.540,587.440,587.470,59.68,1785538139999,35062.38710,252,21.19,12448.46120,0
1785538140000,587.470,587.470,587.360,587.400,111.87,1785538199999,65715.33070,303,10.07,5914.84630,0
1785538200000,587.390,587.400,587.360,587.360,36.41,1785538259999,21386.67210,114,5.66,3324.65970,0
1785538260000,587.370,587.370,587.220,587.220,82.39,1785538319999,48387.25730,202,28.05,16471.84770,0
1785538320000,587.220,587.230,587.100,587.140,128.58,1785538379999,75499.64910,316,33.84,19871.81550,0
1785538380000,587.140,587.140,587.060,587.070,30.05,1785538439999,17642.28410,118,19.18,11260.29590,0
1785538440000,587.070,587.170,586.980,587.170,140.87,1785538499999,82695.59480,323,115.89,68031.62310,0
1785538500000,587.180,587.180,587.170,587.180,3.32,1785538559999,1949.41830,44,1.39,816.18020,0
1785538560000,587.180,587.320,587.170,587.290,119.96,1785538619999,70443.80650,268,88.46,51944.28520,0
1785538620000,587.290,587.290,587.250,587.250,85.90,1785538679999,50446.54430,140,14.26,8374.36270,0
1785538680000,587.250,587.260,587.250,587.250,32.57,1785538739999,19126.78410,85,5.16,3030.26160,0
1785538740000,587.260,587.260,587.020,587.050,163.58,1785538799999,96036.15510,408,69.39,40735.84690,0
1785538800000,587.060,587.380,587.060,587.360,834.26,1785538859999,489931.56640,768,778.13,456965.04750,0
1785538860000,587.360,587.400,587.350,587.400,88.61,1785538919999,52046.73240,285,63.39,37233.61800,0
1785538920000,587.400,587.650,587.390,587.650,64.32,1785538979999,37787.28540,361,58.75,34514.84880,0
1785538980000,587.640,587.770,587.640,587.670,101.30,1785539039999,59534.90640,334,62.50,36730.73120,0
1785539040000,587.670,587.680,587.670,587.670,6.04,1785539099999,3549.54540,50,1.86,1093.08480,0
1785539100000,587.670,587.680,587.580,587.680,142.51,1785539159999,83743.51810,322,25.69,15096.04110,0
1785539160000,587.680,587.770,587.670,587.760,140.30,1785539219999,82455.99810,301,46.27,27193.51230,0
1785539220000,587.770,587.770,587.760,587.760,18.69,1785539279999,10985.35540,112,12.10,7112.01700,0
1785539280000,587.770,588.120,587.760,588.050,457.59,1785539339999,269070.58150,668,394.02,231688.60690,0
1785539340000,588.050,588.050,587.820,587.830,176.42,1785539399999,103730.99780,303,17.72,10418.76850,0
1785539400000,587.820,587.920,587.680,587.830,325.30,1785539459999,191200.67520,602,146.69,86217.69410,0
1785539460000,587.820,587.970,587.760,587.820,314.21,1785539519999,184709.65160,490,108.27,63649.89750,0
1785539520000,587.820,587.860,587.720,587.760,205.49,1785539579999,120787.26600,436,87.22,51271.03710,0
1785539580000,587.760,587.770,587.520,587.520,162.15,1785539639999,95275.06190,364,19.62,11528.63940,0
1785539640000,587.530,587.570,587.410,587.570,93.75,1785539699999,55075.01980,367,32.77,19251.50870,0
1785539700000,587.570,587.570,587.560,587.560,27.97,1785539759999,16434.09280,142,3.96,2326.77720,0
1785539760000,587.570,587.570,587.500,587.500,32.77,1785539819999,19253.62110,133,5.27,3096.21130,0
1785539820000,587.500,587.590,587.500,587.590,39.87,1785539879999,23425.28870,212,26.26,15428.52230,0
1785539880000,587.580,587.680,587.580,587.680,46.53,1785539939999,27341.37840,201,40.33,23698.23350,0
1785539940000,587.670,587.760,587.660,587.760,52.57,1785539999999,30894.59700,241,22.76,13376.05440,0
1785540000000,587.760,587.950,587.760,587.770,90.52,1785540059999,53210.94660,341,64.13,37696.76110,0
1785540060000,587.760,587.760,587.510,587.510,98.78,1785540119999,58044.43700,348,16.05,9432.23120,0
1785540120000,587.500,587.610,587.500,587.610,89.09,1785540179999,52345.01330,324,49.49,29077.93440,0
1785540180000,587.600,587.680,587.600,587.620,66.25,1785540239999,38931.01890,279,36.10,21213.96270,0
1785540240000,587.620,587.620,587.490,587.520,66.43,1785540299999,39032.16590,279,32.44,19060.59690,0
1785540300000,587.520,587.520,587.490,587.490,25.64,1785540359999,15063.30450,128,3.41,2003.37500,0
1785540360000,587.490,587.670,587.490,587.670,49.52,1785540419999,29096.57450,265,41.98,24666.32190,0
1785540420000,587.660,587.670,587.660,587.660,4.07,1785540479999,2391.79300,49,1.68,987.28560,0
1785540480000,587.660,587.670,587.660,587.660,20.29,1785540539999,11923.72610,120,10.47,6152.90490,0
1785540540000,587.660,587.670,587.660,587.670,15.92,1785540599999,9355.62420,142,7.70,4525.05900,0
1785540600000,587.670,587.670,587.550,587.550,52.13,1785540659999,30633.77410,173,3.42,2009.83140,0
1785540660000,587.550,587.550,587.190,587.390,401.28,1785540719999,235677.50960,675,118.97,69868.47870,0
1785540720000,587.390,587.400,587.310,587.320,62.76,1785540779999,36861.70100,224,26.22,15399.86010,0
1785540780000,587.310,587.320,587.310,587.310,109.27,1785540839999,64175.43110,143,6.74,3958.53680,0
1785540840000,587.310,587.550,587.310,587.550,178.66,1785540899999,104952.74400,457,154.51,90766.73520,0
1785540900000,587.540,587.540,587.260,587.270,173.58,1785540959999,101966.56850,296,13.08,7681.56070,0
1785540960000,587.270,587.440,587.270,587.440,46.23,1785541019999,27153.03630,225,40.93,24039.68920,0
1785541020000,587.440,587.440,587.430,587.440,28.34,1785541079999,16647.94390,165,17.77,10438.80880,0
1785541080000,587.430,587.440,587.280,587.290,29.50,1785541139999,17328.38710,191,12.15,7137.32100,0
1785541140000,587.290,587.380,587.280,587.370,25.50,1785541199999,14977.05230,161,21.55,12656.94980,0
1785541200000,587.380,587.380,587.260,587.270,57.30,1785541259999,33653.07720,181,16.04,9419.89780,0
1785541260000,587.270,587.430,587.270,587.430,113.11,1785541319999,66437.62250,293,47.80,28074.49170,0
1785541320000,587.420,587.430,587.370,587.370,41.76,1785541379999,24530.40670,156,1.69,992.70320,0
1785541380000,587.380,587.440,587.350,587.350,57.89,1785541439999,34004.45950,268,23.13,13586.21140,0
1785541440000,587.350,587.360,587.260,587.270,85.08,1785541499999,49969.06730,177,46.63,27387.23960,0
1785541500000,587.260,587.370,587.190,587.370,238.37,1785541559999,139985.62790,321,197.21,115812.41880,0
1785541560000,587.380,587.470,587.380,587.470,72.50,1785541619999,42589.07250,205,49.30,28960.03220,0
1785541620000,587.470,587.580,587.400,587.570,91.18,1785541679999,53565.35210,284,47.01,27617.63900,0
1785541680000,587.580,587.580,587.510,587.560,50.02,1785541739999,29388.80250,184,25.99,15269.80850,0
1785541740000,587.570,587.570,587.380,587.390,184.55,1785541799999,108430.55730,245,20.94,12303.56940,0
1785541800000,587.380,587.390,587.280,587.320,64.33,1785541859999,37784.85440,213,8.69,5104.24080,0
1785541860000,587.310,587.320,587.170,587.310,148.51,1785541919999,87211.58560,273,26.66,15655.08240,0
1785541920000,587.320,587.730,587.320,587.730,39.70,1785541979999,23323.85300,301,38.82,22806.74430,0
1785541980000,587.730,587.740,587.720,587.740,52.80,1785542039999,31031.72590,126,9.15,5377.73890,0
1785542040000,587.730,587.730,587.380,587.390,133.01,1785542099999,78155.12370,349,10.16,5967.93890,0
1785542100000,587.390,587.450,587.390,587.390,153.83,1785542159999,90363.54110,158,40.74,23931.05800,0
1785542160000,587.390,587.400,587.300,587.310,135.36,1785542219999,79504.68130,227,19.20,11276.39820,0
1785542220000,587.300,587.310,587.300,587.300,15.76,1785542279999,9255.95090,68,10.29,6043.41990,0
1785542280000,587.300,587.310,587.260,587.260,64.17,1785542339999,37686.89880,124,3.25,1908.71850,0
1785542340000,587.260,587.380,587.260,587.320,297.88,1785542399999,174947.64210,349,238.82,140259.19270,0
