open_time,open,high,low,close,volume,close_time,quote_volume,count,taker_buy_volume,taker_buy_quote_volume,ignore
1704844800000,301.370,303.230,300.650,302.020,115941.80,1704859199999,35025325.50470,94937,55405.25,16738628.88680,0
1704859200000,302.010,302.820,299.520,299.940,77782.80,1704873599999,23417372.43760,66966,36291.51,10927014.92440,0
1704873600000,299.950,301.300,297.940,299.750,123043.00,1704887999999,36874504.70120,93678,61189.06,18335862.81740,0
1704888000000,299.760,299.900,289.020,294.820,344642.75,1704902399999,101211383.72760,228911,158517.82,46558743.17030,0
1704902400000,294.810,298.350,293.340,298.110,186484.47,1704916799999,55197486.35010,160540,89282.59,26428245.66340,0
1704916800000,298.110,310.420,291.000,305.990,584682.76,1704931199999,176414182.49313,416071,289625.88,87422715.12703,0
