open_time,open,high,low,close,volume,close_time,quote_volume,count,taker_buy_volume,taker_buy_quote_volume,ignore
1660521600000,317.590,327.330,315.120,323.720,458149.39,1660535999999,147607558.33582,189874,224949.31,72481019.91172,0
1660536000000,323.720,324.800,315.500,316.610,392644.05,1660550399999,125506373.70509,166268,192439.25,61511759.07040,0
1660550400000,316.610,318.460,313.570,315.910,287853.75,1660564799999,91064627.72810,135820,139612.36,44175788.95290,0
1660564800000,315.900,319.760,313.740,319.380,323255.19,1660579199999,102570259.65240,145634,156159.83,49556820.69580,0
1660579200000,319.380,320.490,316.640,317.030,184672.32,1660593599999,58820895.67280,96622,87394.58,27838031.76500,0
1660593600000,317.040,320.220,315.530,319.310,186847.61,1660607999999,59454931.91210,96182,92003.80,29278543.37980,0
