open_time,open,high,low,close,volume,close_time,quote_volume,count,taker_buy_volume,taker_buy_quote_volume,ignore
1705190400000,302.360,303.140,300.340,302.420,88011.46,1705204799999,26586495.59910,70764,42451.33,12823581.37230,0
1705204800000,302.410,305.630,301.240,304.480,115203.87,1705219199999,34990329.09380,86593,57318.47,17409134.35290,0
1705219200000,304.470,305.500,303.120,303.390,95840.70,1705233599999,29179173.95100,69424,42739.33,13012937.39400,0
1705233600000,303.400,306.890,303.130,305.510,114438.28,1705247999999,34889851.93063,78313,55295.42,16860268.40573,0
1705248000000,305.510,306.770,303.630,304.240,119575.64,1705262399999,36528477.08330,90662,60311.59,18424688.47280,0
1705262400000,304.240,305.640,298.890,299.670,195171.87,1705276799999,59114158.89870,150712,91712.16,27792017.39240,0
