open_time,open,high,low,close,volume,close_time,quote_volume,count,taker_buy_volume,taker_buy_quote_volume,ignore
1703980800000,316.690,319.700,315.840,318.900,186929.78,1703995199999,59396643.40620,116711,92914.37,29524211.05320,0
1703995200000,318.910,324.790,318.260,322.090,365798.36,1704009599999,117800304.92239,196279,176958.26,56982835.80819,0
1704009600000,322.090,322.990,317.040,317.330,216688.90,1704023999999,69340105.27930,126746,103450.48,33110526.19030,0
1704024000000,317.330,318.420,314.800,315.280,156331.77,1704038399999,49437285.44610,109416,79902.47,25271995.69220,0
1704038400000,315.280,318.130,314.980,315.800,109233.15,1704052799999,34547222.86740,78342,55582.93,17580463.27630,0
1704052800000,315.800,315.810,306.380,311.330,259480.50,1704067199999,80815466.26279,170306,113053.99,35219520.12670,0
