open_time,open,high,low,close,volume,close_time,quote_volume,count,taker_buy_volume,taker_buy_quote_volume,ignore
1681689600000,347.860,350.600,342.440,349.060,409506.97,1681703999999,141939106.58270,174969,203645.29,70598601.37880,0
1681704000000,349.060,349.250,343.830,345.030,253654.53,1681718399999,87997972.00000,108641,118901.64,41251534.23770,0
1681718400000,345.020,346.140,339.210,342.240,324587.55,1681732799999,111219683.48578,142107,154624.14,52985645.41970,0
1681732800000,342.250,343.380,337.520,339.050,330643.30,1681747199999,112668359.39480,145162,156581.82,53367586.28700,0
1681747200000,339.060,343.160,338.390,342.100,146068.06,1681761599999,49772915.52030,77180,80124.40,27304827.14590,0
1681761600000,342.090,342.790,339.550,340.250,83159.49,1681775999999,28356941.50780,50542,40156.70,13692744.87360,0
