open_time,open,high,low,close,volume,close_time,quote_volume,count,taker_buy_volume,taker_buy_quote_volume,ignore
1672444800000,245.730,245.990,245.050,245.210,98379.36,1672459199999,24156924.78430,32708,48892.77,12006022.37600,0
1672459200000,245.210,245.780,244.730,245.490,105342.21,1672473599999,25835951.48270,31267,51839.01,12714234.29260,0
1672473600000,245.500,246.330,245.140,245.550,145723.46,1672487999999,35807828.39970,39666,73683.75,18107195.45430,0
1672488000000,245.550,248.000,245.160,246.840,264277.20,1672502399999,65206386.78952,73996,140149.34,34585025.30012,0
1672502400000,246.830,247.220,246.010,246.790,85295.58,1672516799999,21035451.59550,32155,40738.22,10047037.55950,0
1672516800000,246.790,247.350,245.560,246.110,122782.82,1672531199999,30274930.70780,37598,53907.90,13295902.01880,0
