open_time,open,high,low,close,volume,close_time,quote_volume,count,taker_buy_volume,taker_buy_quote_volume,ignore
1775520000000,600.450,601.690,596.690,599.270,58767.19,1775534399999,35221260.73730,126644,27180.21,16288492.79310,0
1775534400000,599.280,602.110,596.930,599.380,41319.26,1775548799999,24747876.05020,89330,19606.94,11744733.92710,0
1775548800000,599.370,606.690,596.530,597.230,136637.76,1775563199999,82181655.19810,186951,71074.21,42753283.94760,0
1775563200000,597.240,600.270,592.220,598.740,126319.31,1775577599999,75336754.59860,194886,60958.52,36356629.29300,0
1775577600000,598.740,609.340,598.720,608.770,91993.74,1775591999999,55578515.36200,158352,51235.34,30952556.96940,0
1775592000000,608.780,625.380,607.590,620.610,220956.19,1775606399999,136284948.94150,363994,120815.14,74524054.38520,0
