open_time,open,high,low,close,volume,close_time,quote_volume,count,taker_buy_volume,taker_buy_quote_volume,ignore
1771632000000,626.080,628.960,624.260,625.500,65741.93,1771646399999,41211844.23420,119423,31520.25,19762383.61440,0
1771646400000,625.490,628.290,625.000,626.120,47887.73,1771660799999,30020419.73730,83556,23593.50,14793089.86230,0
1771660800000,626.120,631.820,625.940,630.420,69136.39,1771675199999,43516662.87170,107621,40609.63,25559424.58670,0
1771675200000,630.420,635.120,627.630,627.950,101390.25,1771689599999,64032436.27490,157617,48580.63,30690564.26810,0
1771689600000,627.950,629.810,624.280,627.220,73026.74,1771703999999,45771149.26950,117839,37570.60,23548795.94450,0
1771704000000,627.210,627.890,624.380,625.820,44673.29,1771718399999,27967509.33330,84682,19558.34,12246872.45030,0
