open_time,open,high,low,close,volume,close_time,quote_volume,count,taker_buy_volume,taker_buy_quote_volume,ignore
1668902400000,272.330,273.700,271.750,273.050,131622.74,1668916799999,35906592.46760,60780,62503.90,17051754.12890,0
1668916800000,273.060,273.880,272.580,273.310,80030.28,1668931199999,21864734.05760,46554,38463.04,10509328.91900,0
1668931200000,273.320,273.440,266.000,267.350,306689.20,1668945599999,82777770.85424,133737,133523.26,36043313.82600,0
1668945600000,267.350,270.970,266.000,270.500,219552.77,1668959999999,58961312.07920,107908,111666.60,29994239.46010,0
1668960000000,270.510,270.990,268.270,269.550,156893.11,1668974399999,42288370.14020,70927,75745.76,20415011.73800,0
1668974400000,269.550,269.690,261.360,264.110,332560.03,1668988799999,88123107.77147,152027,148674.35,39392778.63540,0
