open_time,open,high,low,close,volume,close_time,quote_volume,count,taker_buy_volume,taker_buy_quote_volume,ignore
1727481600000,607.330,619.060,605.530,612.700,206335.54,1727495999999,126515166.06100,196321,106826.17,65507259.25550,0
1727496000000,612.690,613.000,600.100,602.730,152137.08,1727510399999,92094249.18570,163681,68233.15,41293745.67200,0
1727510400000,602.720,603.300,594.810,602.550,158226.20,1727524799999,94903305.41520,192443,69759.55,41853357.34630,0
1727524800000,602.550,603.510,597.300,601.170,84895.28,1727539199999,51020896.18990,116481,39279.47,23604095.94990,0
1727539200000,601.160,602.120,597.750,600.260,48890.74,1727553599999,29365586.12560,78451,21255.51,12770040.59160,0
1727553600000,600.260,602.120,595.760,601.120,46259.57,1727567999999,27727116.17960,70006,22084.60,13238352.22650,0
