open_time,open,high,low,close,volume,close_time,quote_volume,count,taker_buy_volume,taker_buy_quote_volume,ignore
1698883200000,228.150,232.740,227.700,230.860,235330.08,1698897599999,54241696.86720,119153,119594.75,27563838.72580,0
1698897600000,230.850,231.160,227.810,229.970,225005.07,1698911999999,51569098.92280,98022,112532.86,25790355.78130,0
1698912000000,229.960,232.180,228.500,232.030,159529.71,1698926399999,36792382.09210,82191,80060.40,18466982.04290,0
1698926400000,232.020,233.970,228.150,229.570,444272.25,1698940799999,102784038.13640,201812,215531.25,49874169.57520,0
1698940800000,229.580,232.730,227.770,232.670,256584.99,1698955199999,59162201.06380,132446,123214,28417368.22580,0
1698955200000,232.680,233.170,230.530,232.030,118515.83,1698969599999,27442686.00960,71877,60662.19,14047772.07750,0
