open_time,open,high,low,close,volume,close_time,quote_volume,count,taker_buy_volume,taker_buy_quote_volume,ignore
1749600000000,673.670,674.430,667.950,670.720,83372.05,1749614399999,55951288.00530,110549,40348.43,27079850.18840,0
1749614400000,670.730,672.380,668.570,670.080,63457.72,1749628799999,42527067.75480,89158,37754.23,25302969.95390,0
1749628800000,670.070,672.360,666.020,667.390,93535.80,1749643199999,62620940.02630,133708,46927.56,31416668.23040,0
1749643200000,667.390,672.360,665.710,669.590,103509.34,1749657599999,69281498.24120,154801,54091.83,36204431.23570,0
1749657600000,669.590,669.790,665.170,667.160,68332.42,1749671999999,45605949.38360,123792,32334.54,21582038.12590,0
1749672000000,667.160,669.150,662.060,667.580,67293.88,1749686399999,44796030.66560,122446,36789.98,24490046.10710,0
