open_time,open,high,low,close,volume,close_time,quote_volume,count,taker_buy_volume,taker_buy_quote_volume,ignore
1678579200000,275.830,278.000,273.920,276.400,212953.34,1678593599999,58838525.61000,87119,114599.43,31667021.59590,0
1678593600000,276.400,278.200,275.200,275.650,119451.79,1678607999999,33063175.37890,60717,62358.69,17261241.47650,0
1678608000000,275.650,276.370,274.700,276.130,119122.98,1678622399999,32826536.96260,59154,59494.37,16395571.29630,0
1678622400000,276.140,276.270,273.210,273.520,171030.35,1678636799999,46964222.43410,79684,77770.23,21354353.19030,0
1678636800000,273.530,282.490,273.090,277.710,482757.58,1678651199999,134546442.52442,189158,246926.27,68809522.25837,0
1678651200000,277.730,288.770,277.410,288.040,501616.52,1678665599999,142243139.95811,205856,262971.37,74564131.89161,0
