open_time,open,high,low,close,volume,close_time,quote_volume,count,taker_buy_volume,taker_buy_quote_volume,ignore
1661731200000,276.230,280.140,274.110,278.450,330873.92,1661745599999,91730261.42893,161841,168334.18,46671791.92665,0
1661745600000,278.460,279.990,276.800,277.780,177661.36,1661759999999,49445171.96910,96024,85625.35,23829566.42080,0
1661760000000,277.790,277.930,271.940,273.210,374633.99,1661774399999,102711114.82248,156803,173814.01,47652001.76450,0
1661774400000,273.220,284.780,272.810,284.250,697610.61,1661788799999,195590652.35507,253870,361488.67,101319528.77287,0
1661788800000,284.270,286.230,279.850,280.900,342949.93,1661803199999,97024334.16731,143867,179716.57,50848231.01989,0
1661803200000,280.890,286.560,280.830,285.610,238447.91,1661817599999,67667823.97989,103356,127414.65,36155598.83119,0
