open_time,open,high,low,close,volume,close_time,quote_volume,count,taker_buy_volume,taker_buy_quote_volume,ignore
1752451200000,692.330,700.000,690.200,697.610,96557.11,1752465599999,67096687.89790,116899,53332.26,37076600.48150,0
1752465600000,697.620,708.000,692.900,706.860,212513.46,1752479999999,149027022.79110,220006,107756.03,75576836.78250,0
1752480000000,706.870,707.190,701.000,704.880,120003.96,1752494399999,84570498.46670,152647,55653.50,39223323.67960,0
1752494400000,704.870,705.670,690.430,692.900,134033.68,1752508799999,93624633.56590,158390,61723.16,43115668.35580,0
1752508800000,692.910,694.510,687.840,690.110,81836.40,1752523199999,56621591.62000,129764,39648.41,27434600.62890,0
1752523200000,690.110,692.330,686.010,689.110,52557.53,1752537599999,36255074.81350,93082,26785.02,18481232.15550,0
