open_time,open,high,low,close,volume,close_time,quote_volume,count,taker_buy_volume,taker_buy_quote_volume,ignore
1748995200000,661.330,669.990,660.640,668.410,77528.54,1749009599999,51651382.81070,109955,39865.00,26561373.30160,0
1749009600000,668.400,670.990,668.100,670.800,62039.90,1749023999999,41528536.85720,87232,30643.11,20515009.52250,0
1749024000000,670.810,671.830,667.500,667.860,52870.80,1749038399999,35430744.16370,79763,27696.86,18564874.93780,0
1749038400000,667.860,670.500,665.130,669.420,79334.38,1749052799999,52987867.40030,121694,42386.39,28308932.66570,0
1749052800000,669.430,670.000,666.130,667.360,50955.78,1749067199999,34048813.85550,75359,28507.25,19048080.02890,0
1749067200000,667.350,667.470,661.520,662.930,73279.08,1749081599999,48652390.64570,116239,33528.18,22254514.09230,0
