open_time,open,high,low,close,volume,close_time,quote_volume,count,taker_buy_volume,taker_buy_quote_volume,ignore
1640822400000,514.490,518.250,508.000,514.080,151738.80,1640836799999,77940774.54879,106269,73522.03,37772214.20076,0
1640836800000,514.080,521.810,513.510,520.150,99869.76,1640851199999,51668354.97709,83810,48968.29,25335604.37909,0
1640851200000,520.150,525.390,517.280,524.550,126934.07,1640865599999,66094604.29170,101558,56740.18,29552757.87140,0
1640865600000,524.490,527.590,518.040,518.490,148606.09,1640879999999,77727946.45500,105396,65984.73,34517618.19430,0
1640880000000,518.500,523.920,518.300,519.890,101186.07,1640894399999,52746728.13460,71361,48619.58,25346185.76060,0
1640894400000,519.880,521.400,514.770,518.410,96404.66,1640908799999,49906734.13080,75744,45145.33,23370859.96160,0
