open_time,open,high,low,close,volume,close_time,quote_volume,count,taker_buy_volume,taker_buy_quote_volume,ignore
1709942400000,485.300,492.210,481.570,489.030,205429.56,1709956799999,99874939.04194,160819,108519.35,52760042.62314,0
1709956800000,489.020,489.450,485.200,487.160,177268.14,1709971199999,86402928.79140,123347,87419.45,42605978.60570,0
1709971200000,487.160,494.340,483.340,487.230,325188.67,1709985599999,158815253.26170,224343,161563.60,78916302.96670,0
1709985600000,487.220,488.420,482.430,483.960,173849.99,1709999999999,84388880.87370,141620,87871.28,42656371.94000,0
1710000000000,483.960,485.470,479.270,481.950,140194.52,1710014399999,67686351.33011,132720,66134.61,31934732.40220,0
1710014400000,481.950,489.360,481.950,488.050,104617.63,1710028799999,50897576.27044,92540,52428.41,25505178.97824,0
