open_time,open,high,low,close,volume,close_time,quote_volume,count,taker_buy_volume,taker_buy_quote_volume,ignore
1661385600000,296.060,298.910,295.600,295.940,191424.93,1661399999999,56879343.18800,91647,92969.79,27625140.83390,0
1661400000000,295.930,307.860,295.510,305.110,457411.02,1661414399999,137885163.70485,179527,246916.07,74455974.78405,0
1661414400000,305.100,305.850,301.110,304.010,280443.42,1661428799999,85108896.49134,134003,142934.59,43390100.67700,0
1661428800000,304.010,305.450,298.750,301.250,332320.09,1661443199999,100469990.28267,151448,150490.45,45507447.83890,0
1661443200000,301.260,302.410,299.560,302.220,181916.37,1661457599999,54761818.86970,95885,90428.53,27225090.54370,0
1661457600000,302.240,303.780,300.180,301.000,124156.28,1661471999999,37496262.88604,73061,57887.10,17482360.81774,0
