open_time,open,high,low,close,volume,close_time,quote_volume,count,taker_buy_volume,taker_buy_quote_volume,ignore
1751068800000,645.570,645.840,644.000,644.180,18197.88,1751083199999,11736327.67580,41392,9384.40,6052535.21060,0
1751083200000,644.180,646.980,644.060,646.910,26707.75,1751097599999,17242998.76870,46073,15206.15,9818046.06700,0
1751097600000,646.910,647.000,645.080,646.210,17224.92,1751111999999,11131928.21330,37427,8583.11,5546569.05710,0
1751112000000,646.200,646.760,645.190,646.380,23911.75,1751126399999,15443710.77270,42172,11356.82,7335568.56220,0
1751126400000,646.390,647.500,645.300,647.180,23347.14,1751140799999,15092684.04630,45638,14910.54,9639040.26640,0
1751140800000,647.180,648.990,647.050,648.380,20610.87,1751155199999,13358442.23840,51689,10499.42,6804786.10800,0
