open_time,open,high,low,close,volume,close_time,quote_volume,count,taker_buy_volume,taker_buy_quote_volume,ignore
1759622400000,1151.450,1169.950,1144.000,1163.630,241081.16,1759636799999,279514291.80650,302414,128377.19,148903006.05970,0
1759636800000,1163.630,1189.900,1163.510,1178.350,321219.57,1759651199999,378154045.78000,413291,155540.08,183112630.11960,0
1759651200000,1178.350,1180.630,1154.300,1168.140,268134.53,1759665599999,312143537.08810,338391,125542.78,146158247.41520,0
1759665600000,1168.140,1171.770,1157.110,1158.990,152412.42,1759679999999,177397955.33370,237921,67110.24,78125867.99260,0
1759680000000,1159.000,1170.500,1148.680,1150.510,165894.31,1759694399999,192443983.65680,261055,78618.50,91230356.19090,0
1759694400000,1150.500,1167.990,1148.340,1167.980,90241.70,1759708799999,104668906.83470,181470,45738.57,53042261.78650,0
