open_time,open,high,low,close,volume,close_time,quote_volume,count,taker_buy_volume,taker_buy_quote_volume,ignore
1712793600000,610.040,618.550,604.580,616.950,260759.27,1712807999999,159511289.60221,279422,133542.59,81689427.01831,0
1712808000000,616.950,617.320,604.280,605.080,172104.06,1712822399999,104884510.18108,195079,80283.77,48913128.34000,0
1712822400000,605.080,606.150,592.300,593.140,247350.86,1712836799999,148272595.28467,222829,112949.80,67716325.56000,0
1712836800000,593.140,607.820,592.660,603.270,336947.05,1712851199999,202703768.23715,320469,172178.62,103579512.87595,0
1712851200000,603.270,606.480,598.250,605.320,112605.02,1712865599999,67859210.60040,132033,57910.86,34899877.31130,0
1712865600000,605.320,607.730,602.870,604.850,72492.59,1712879999999,43896008.83640,87787,34930.54,21151118.97790,0
