open_time,open,high,low,close,volume,close_time,quote_volume,count,taker_buy_volume,taker_buy_quote_volume,ignore
1746144000000,599.140,603.500,598.330,601.200,73044.19,1746158399999,43931451.57580,108115,37428.80,22513050.99830,0
1746158400000,601.210,601.990,595.030,595.220,79139.14,1746172799999,47322516.73860,119820,32518.27,19443202.76760,0
1746172800000,595.210,600.370,595.000,597.700,77928.86,1746187199999,46621757.11120,91448,36448.46,21802813.55830,0
1746187200000,597.700,600.590,596.290,599.410,79356.82,1746201599999,47510079.02080,116034,37928.57,22705896.03800,0
1746201600000,599.400,601.550,597.880,598.580,54591.14,1746215999999,32744576.34030,87444,28533.80,17113881.66850,0
1746216000000,598.580,601.480,597.860,600.600,44436.49,1746230399999,26658720.63490,78306,24767.94,14857603.36620,0
