open_time,open,high,low,close,volume,close_time,quote_volume,count,taker_buy_volume,taker_buy_quote_volume,ignore
1692662400000,210.220,210.720,209.480,209.890,126102.44,1692676799999,26496373.87460,42921,61277.14,12875736.85840,0
1692676800000,209.890,209.970,208.020,209.730,230171.03,1692691199999,48070968.76480,65807,111898.09,23370661.04800,0
1692691200000,209.740,210.750,208.500,208.860,210997.02,1692705599999,44225740.28190,63726,100633.35,21094849.81540,0
1692705600000,208.870,209.850,202.970,205.260,700680.19,1692719999999,144856784.98190,201637,333030.28,68869144.85980,0
1692720000000,205.260,211.480,202.640,207.990,853111.63,1692734399999,176024956.62980,260147,434050.92,89590475.10990,0
1692734400000,207.990,213.170,204.060,210.840,465477.30,1692748799999,97251552.56390,171788,238372.40,49811979.72110,0
