open_time,open,high,low,close,volume,close_time,quote_volume,count,taker_buy_volume,taker_buy_quote_volume,ignore
1683849600000,307.270,308.920,303.750,304.180,154670.83,1683863999999,47402795.57490,78374,73923.84,22662770.09780,0
1683864000000,304.180,306.390,301.000,303.740,234094.30,1683878399999,70979617.64404,109856,109213.84,33115562.57450,0
1683878400000,303.750,305.860,303.010,305.180,118632.36,1683892799999,36149745.61040,62824,59347.63,18083232.82050,0
1683892800000,305.180,306.910,304.520,305.120,138967.35,1683907199999,42471692.91081,75571,69543.38,21256493.14191,0
1683907200000,305.120,306.260,301.200,306.120,178216.84,1683921599999,54226042.17514,93217,84074.14,25584173.97780,0
1683921600000,306.130,308.550,305.010,308.320,160422.38,1683935999999,49245409.34921,85829,80393.14,24683162.50741,0
