open_time,open,high,low,close,volume,close_time,quote_volume,count,taker_buy_volume,taker_buy_quote_volume,ignore
1676678400000,312.910,315.710,312.810,314.960,192304.10,1676692799999,60485553.00190,87542,98795.39,31077337.49490,0
1676692800000,314.950,318.850,314.560,316.670,259080.18,1676707199999,82132115.43260,109070,133195.09,42225390.29020,0
1676707200000,316.660,316.930,313.080,314.650,204719.08,1676721599999,64521187.06190,92566,94609.79,29818922.97600,0
1676721600000,314.640,317.250,314.140,316.380,174462.79,1676735999999,55166549.63710,85667,87629.34,27709572.99910,0
1676736000000,316.380,316.990,314.490,314.980,215828.28,1676750399999,68191657.10580,91765,109455.57,34584929.07940,0
1676750400000,314.960,316.780,313.730,316.210,109413.74,1676764799999,34483527.46760,57614,55023.96,17344684.29520,0
