open_time,open,high,low,close,volume,close_time,quote_volume,count,taker_buy_volume,taker_buy_quote_volume,ignore
1716336000000,619.020,624.940,617.370,622.590,143504.89,1716350399999,89114486.37780,146195,75719.15,47028713.44890,0
1716350400000,622.580,623.630,613.000,621.800,158796.08,1716364799999,98397217.32690,172341,72382.68,44845105.29760,0
1716364800000,621.800,626.910,618.090,618.240,148283.68,1716379199999,92418096.35290,175049,73525.13,45831860.00130,0
1716379200000,618.240,622.330,610.760,621.400,251463.97,1716393599999,155148012.60960,264224,131818.11,81337848.29530,0
1716393600000,621.390,622.400,610.270,612.630,180298.89,1716407999999,110899539.39990,195149,89160.59,54820039.24240,0
1716408000000,612.640,617.240,611.540,615.240,64230.55,1716422399999,39461601.51010,104647,30990.11,19038634.55910,0
