open_time,open,high,low,close,volume,close_time,quote_volume,count,taker_buy_volume,taker_buy_quote_volume,ignore
1674432000000,303.190,308.240,303.050,304.230,283084.54,1674446399999,86627535.27534,119522,138263.67,42320424.39894,0
1674446400000,304.230,306.540,302.860,303.700,137558.39,1674460799999,41932843.18555,67113,66634.14,20319324.51151,0
1674460800000,303.700,306.950,303.060,306.760,180279.63,1674475199999,55028758.10350,79442,86394.10,26375478.80770,0
1674475200000,306.760,307.200,300.620,303.770,402847.34,1674489599999,122605721.53499,186644,189975.12,57835025.70921,0
1674489600000,303.770,306.560,302.750,304.810,248489.01,1674503999999,75745463.38411,111407,124701.75,38017915.19711,0
1674504000000,304.810,306.880,304.530,305.360,119859.55,1674518399999,36682878.72650,64812,62290.42,19065793.19490,0
