open_time,open,high,low,close,volume,close_time,quote_volume,count,taker_buy_volume,taker_buy_quote_volume,ignore
1753142400000,766.520,772.540,753.080,760.490,206554.40,1753156799999,157660386.57630,254077,95743.65,73090569.57820,0
1753156800000,760.490,764.550,745.000,758.490,190207.62,1753171199999,143505291.58980,239869,89076.34,67199396.69630,0
1753171200000,758.490,766.190,749.500,766.170,180302.10,1753185599999,136806001.37140,203402,91099.97,69129300.57790,0
1753185600000,766.180,768.100,755.890,764.440,152322.84,1753199999999,116278545.62070,184590,75816.43,57881135.68220,0
1753200000000,764.430,776.670,764.100,772.680,126205.07,1753214399999,97304991.02810,177467,65810.20,50742706.80710,0
1753214400000,772.680,789.480,771.810,787.600,149704.54,1753228799999,117063372.73270,167169,84708.46,66257393.11380,0
