open_time,open,high,low,close,volume,close_time,quote_volume,count,taker_buy_volume,taker_buy_quote_volume,ignore
1670544000000,290.340,291.400,288.720,289.370,139947.93,1670558399999,40580836.63380,74450,72837.39,21121274.63830,0
1670558400000,289.370,290.650,289.000,290.310,81795.29,1670572799999,23710730.07820,50420,40932.34,11866138.98050,0
1670572800000,290.310,291.700,289.360,290.720,135459.50,1670587199999,39366233.86220,67604,68289.72,19848135.30260,0
1670587200000,290.730,292.100,286.760,289.880,324315.78,1670601599999,93867931.97490,143197,160915.90,46583675.31500,0
1670601600000,289.870,290.100,286.400,287.870,142125.74,1670615999999,40977389.45980,69347,69074.95,19918124.49700,0
1670616000000,287.860,287.910,284.500,285.910,160616.30,1670630399999,45974422.96539,78959,77383.77,22152038.96790,0
