open_time,open,high,low,close,volume,close_time,quote_volume,count,taker_buy_volume,taker_buy_quote_volume,ignore
1749772800000,654.410,654.440,637.550,649.040,254783.25,1749787199999,164246757.38100,374397,121475.79,78314121.45930,0
1749787200000,649.050,654.900,645.610,654.830,81374.70,1749801599999,52878277.46980,132219,37955.50,24668402.81640,0
1749801600000,654.830,659.700,652.160,654.600,145055.38,1749815999999,95059257.00750,188064,72610.81,47574518.00140,0
1749816000000,654.600,654.830,649.180,653.470,89159.53,1749830399999,58141267.86200,138847,44514.79,29031197.87070,0
1749830400000,653.480,655.340,649.300,650.960,52821.46,1749844799999,34452980.10060,104466,23968.49,15633122.40470,0
1749844800000,650.960,655.040,650.040,655.040,33673.52,1749859199999,21987472.11380,71268,17685.81,11548129.09380,0
