open_time,open,high,low,close,volume,close_time,quote_volume,count,taker_buy_volume,taker_buy_quote_volume,ignore
1665446400000,271.470,271.490,267.000,269.910,304059.40,1665460799999,81858233.80294,127903,140574.80,37839997.91290,0
1665460800000,269.910,271.420,269.320,270.930,129648.00,1665475199999,35053675.45651,60727,62637.67,16934789.51101,0
1665475200000,270.940,272.270,270.510,272.030,118583.01,1665489599999,32161862.14880,59176,57351.79,15556627.08870,0
1665489600000,272.040,273.860,269.580,273.000,287161.32,1665503999999,78133518.91680,125994,141207.29,38422520.49050,0
1665504000000,273.000,273.680,269.100,270.130,163367.35,1665518399999,44369974.69880,80339,78836.09,21411726.60490,0
1665518400000,270.120,271.600,269.860,271.400,88277.82,1665532799999,23897068.81530,51277,44919.30,12160820.99960,0
