open_time,open,high,low,close,volume,close_time,quote_volume,count,taker_buy_volume,taker_buy_quote_volume,ignore
1741219200000,597.920,605.720,596.540,601.630,88156.67,1741233599999,53004508.76240,143893,42876.35,25783872.22530,0
1741233600000,601.620,611.820,601.620,604.710,180754.51,1741247999999,109790965.25260,176482,84366.53,51275804.28440,0
1741248000000,604.720,605.760,599.510,603.600,68946.57,1741262399999,41556192.18580,110474,34272.41,20659960.06240,0
1741262400000,603.610,604.000,594.000,600.110,118416.06,1741276799999,70959940.06130,176202,59884.69,35882362.40420,0
1741276800000,600.110,601.020,589.090,593.400,97690.08,1741291199999,57985742.68640,159090,52128.68,30942395.60820,0
1741291200000,593.400,601.130,593.000,596.270,67349.50,1741305599999,40230134.52100,110348,36298.40,21677185.76970,0
