open_time,open,high,low,close,volume,close_time,quote_volume,count,taker_buy_volume,taker_buy_quote_volume,ignore
1679875200000,328.280,328.940,326.710,327.720,89665.89,1679889599999,29402037.77290,68592,43239.05,14177967.02820,0
1679889600000,327.710,328.260,325.350,325.880,100941.35,1679903999999,33003433.81740,74941,49067.17,16044445.91150,0
1679904000000,325.880,328.650,325.450,328.340,115984.62,1679918399999,37987724.88140,79094,62638.39,20515829.28370,0
1679918400000,328.350,329.650,310.480,313.940,1173553.26,1679932799999,372498428.04505,505065,572255.94,181522479.82350,0
1679932800000,313.930,315.480,305.510,305.910,775455.93,1679947199999,240432683.38294,348207,382126.59,118513406.18970,0
1679947200000,305.920,311.670,305.460,310.200,306530.45,1679961599999,94399755.30740,162185,163934.69,50495635.49760,0
