open_time,open,high,low,close,volume,close_time,quote_volume,count,taker_buy_volume,taker_buy_quote_volume,ignore
1745107200000,591.570,593.560,591.550,592.340,37769.93,1745121599999,22383091.34760,70018,17658.75,10464427.43730,0
1745121600000,592.330,594.850,591.510,593.720,56709.96,1745135999999,33655052.51310,87268,27329.63,16220448.20090,0
1745136000000,593.720,595.000,589.120,589.870,83068.65,1745150399999,49181153.85370,104339,41127.19,24348009.09050,0
1745150400000,589.870,592.130,587.310,587.790,78406.42,1745164799999,46231070.63710,94459,38587.99,22751087.00210,0
1745164800000,587.780,589.500,587.000,589.420,43536.14,1745179199999,25604792.73760,63513,23839.22,14018646.68450,0
1745179200000,589.410,592.980,589.080,592.420,44384.39,1745193599999,26218147.69320,69246,21336.93,12603019.74420,0
