open_time,open,high,low,close,volume,close_time,quote_volume,count,taker_buy_volume,taker_buy_quote_volume,ignore
1661817600000,285.620,288.580,284.420,287.120,284403.16,1661831999999,81485425.68160,130107,151513.29,43415803.23420,0
1661832000000,287.140,291.110,286.860,290.460,311634.01,1661846399999,90100901.72306,135247,156779.55,45331418.81146,0
1661846400000,290.460,291.940,288.330,289.530,244770.21,1661860799999,71011327.98800,111595,124447.75,36107314.54050,0
1661860800000,289.530,290.140,279.680,281.340,528725.26,1661875199999,150297285.81811,216591,267796.10,76125464.48080,0
1661875200000,281.340,284.580,276.210,282.060,503694.56,1661889599999,140919783.17947,196637,244060.49,68289651.43172,0
1661889600000,282.060,284.170,280.360,281.420,203928.12,1661903999999,57523648.99760,101826,95641.36,26978026.52150,0
