open_time,open,high,low,close,volume,close_time,quote_volume,count,taker_buy_volume,taker_buy_quote_volume,ignore
1671580800000,251.100,251.350,247.900,248.490,342127.58,1671595199999,85377718.21020,96692,169005.43,42173584.71070,0
1671595200000,248.460,249.230,246.610,247.780,308368.00,1671609599999,76501754.43650,92742,153275.71,38031332.57120,0
1671609600000,247.780,249.810,247.040,249.250,296786.40,1671623999999,73777927.35100,92982,157872.48,39247744.81500,0
1671624000000,249.260,249.790,247.280,248.950,310886.47,1671638399999,77276837.15030,103401,154398.43,38383282.54360,0
1671638400000,248.950,249.000,245.000,246.050,240283.93,1671652799999,59409231.37412,80582,111628.20,27610042.91550,0
1671652800000,246.040,247.550,245.210,246.070,214820.76,1671667199999,52920950.79420,73351,109957.22,27088263.36200,0
