open_time,open,high,low,close,volume,close_time,quote_volume,count,taker_buy_volume,taker_buy_quote_volume,ignore
1754956800000,805.250,815.530,803.790,808.560,98893.52,1754971199999,80246686.09940,150798,47996.56,38946082.82810,0
1754971200000,808.550,813.670,803.200,808.210,80586.11,1754985599999,65120295.31560,124956,40539.64,32761215.43800,0
1754985600000,808.210,809.320,797.700,803.320,83942.35,1754999999999,67399019.13930,127844,41975.78,33705288.18190,0
1755000000000,803.310,821.200,800.520,821.150,211539.60,1755014399999,171815037.81380,245988,107880.87,87632003.49090,0
1755014400000,821.150,833.380,821.150,832.340,174816.97,1755028799999,144664246.68880,227160,93238.02,77174292.02560,0
1755028800000,832.340,840.660,831.120,833.050,140223.51,1755043199999,117266878.29980,177569,76751.92,64196545.97130,0
