open_time,open,high,low,close,volume,close_time,quote_volume,count,taker_buy_volume,taker_buy_quote_volume,ignore
1754438400000,755.560,756.400,746.390,748.980,64019.21,1754452799999,48061026.92720,138979,27124.34,20372396.39760,0
1754452800000,749.000,763.670,747.530,763.490,106164.13,1754467199999,80497464.30840,166280,55414.83,42005716.05800,0
1754467200000,763.500,765.460,759.120,762.600,75589.35,1754481599999,57653201.01480,135199,39259.51,29949233.09770,0
1754481600000,762.600,770.390,758.160,769.710,126416.45,1754495999999,96699433.28860,175453,64395.80,49262751.15550,0
1754496000000,769.710,775.390,766.220,773.570,80171.79,1754510399999,61828681.59080,120929,39694.60,30607648.09310,0
1754510400000,773.570,773.760,768.340,769.940,40007.24,1754524799999,30833148.49560,75600,18183.89,14013885.08820,0
