open_time,open,high,low,close,volume,close_time,quote_volume,count,taker_buy_volume,taker_buy_quote_volume,ignore
1727308800000,587.490,589.730,581.150,588.350,114778.12,1727323199999,67238124.27530,158064,59365.55,34783594.47860,0
1727323200000,588.340,596.990,587.420,596.280,114590.76,1727337599999,67918762.89300,126368,57732.05,34220036.48020,0
1727337600000,596.280,599.220,593.600,595.620,93334.41,1727351999999,55642401.43380,115858,44373.75,26455165.69590,0
1727352000000,595.620,603.380,592.540,601.960,221378.50,1727366399999,132184592.62900,216464,103482.15,61789230.50250,0
1727366400000,601.970,609.500,592.540,593.140,215124.40,1727380799999,129541153.49200,199042,98883.23,59516729.09940,0
1727380800000,593.140,598.720,591.330,596.470,87533.94,1727395199999,52062620.12810,115850,43175.61,25684428.82160,0
