open_time,open,high,low,close,volume,close_time,quote_volume,count,taker_buy_volume,taker_buy_quote_volume,ignore
1775001600000,617.640,620.200,614.070,617.140,65043.44,1775015999999,40136677.37010,134084,31936.79,19707455.84330,0
1775016000000,617.150,622.660,615.300,616.710,121233.52,1775030399999,75026824.25930,164778,68627.78,42477819.28620,0
1775030400000,616.700,618.040,614.140,615.760,66653.71,1775044799999,41047208.38870,124328,34630.22,21327998.73700,0
1775044800000,615.760,618.480,610.210,615.250,100363.46,1775059199999,61629028.42650,205917,50167.86,30807851.61950,0
1775059200000,615.260,619.980,611.820,614.230,87926.14,1775073599999,54090517.78190,149344,44948.62,27649762.46120,0
1775073600000,614.220,616.400,609.620,611.180,64247.03,1775087999999,39342239.40320,111504,30791.07,18857641.29080,0
