open_time,open,high,low,close,volume,close_time,quote_volume,count,taker_buy_volume,taker_buy_quote_volume,ignore
1740182400000,647.100,651.430,644.750,649.800,77621.27,1740196799999,50369847.46320,120842,39218.81,25455344.72530,0
1740196800000,649.810,659.740,649.120,654.500,97989.86,1740211199999,64219536.75700,153705,45239.42,29644126.86470,0
1740211200000,654.500,658.500,652.970,655.790,59579.57,1740225599999,39100733.09000,122610,27599.51,18115111.94240,0
1740225600000,655.790,658.900,654.010,657.960,59957.03,1740239999999,39331469.97850,101811,29940.63,19642577.95120,0
1740240000000,657.940,679.720,657.670,675.200,569633.27,1740254399999,381128246.03890,528685,309858.83,207290498.79810,0
1740254400000,675.200,678.040,666.670,668.130,123039.11,1740268799999,82482274.77010,167730,55328.35,37080549.87320,0
