open_time,open,high,low,close,volume,close_time,quote_volume,count,taker_buy_volume,taker_buy_quote_volume,ignore
1791072000000,787.420,788.070,787.340,788.070,283.49,1791072059999,223281.31260,740,201.72,158879.61500,0
1791072060000,788.070,788.070,787.770,787.850,314.83,1791072119999,248066.43590,802,101.49,79968.18630,0
1791072120000,787.850,787.980,787.550,787.980,448.06,1791072179999,352950.54750,990,131.15,103319.09540,0
1791072180000,787.990,788.000,787.700,788.000,318.45,1791072239999,250879.01040,715,97.63,76909.77260,0
1791072240000,788.000,788.000,787.760,787.770,123.96,1791072299999,97668.91860,401,24.05,18950.27250,0
1791072300000,787.770,787.770,787.450,787.550,757.14,1791072359999,596389.01490,741,58.98,46454.39330,0
1791072360000,787.560,787.600,787.280,787.320,252.94,1791072419999,199170.98330,572,64.89,51091.41870,0
1791072420000,787.330,787.530,787.320,787.520,217.80,1791072479999,171494.80890,545,126.32,99461.51850,0
1791072480000,787.530,788.010,787.370,788.010,142.50,1791072539999,112226.49920,640,79.97,62984.63210,0
1791072540000,788.010,788.220,787.200,787.200,726.68,1791072599999,572422.15890,1135,224.01,176491.87500,0
1791072600000,787.200,787.210,787.000,787.000,214.01,1791072659999,168445.18510,404,44.78,35247.54940,0
1791072660000,787.010,787.110,787.000,787.010,114.22,1791072719999,89897.04490,403,36.38,28632.29130,0
1791072720000,787.010,787.010,786.820,786.830,188.64,1791072779999,148439.21190,563,50.19,39492.64010,0
1791072780000,786.830,787.090,786.650,787.090,253.93,1791072839999,199776.93490,793,109.94,86496.02330,0
1791072840000,787.080,787.090,786.790,786.790,169.99,1791072899999,133776.61940,478,55.10,43363.25050,0
1791072900000,786.800,786.800,786.350,786.410,158.35,1791072959999,124543.61650,551,37.24,29286.53350,0
1791072960000,786.400,786.910,786.400,786.900,75.78,1791073019999,59609.25200,521,66.41,52238.48810,0
1791073020000,786.900,787.350,786.900,787.340,66.70,1791073079999,52502.68970,440,63.75,50180.20880,0
1791073080000,787.350,787.400,786.960,787.040,417.45,1791073139999,328607.38420,863,141.21,111164.37050,0
1791073140000,787.030,787.030,786.780,787.020,302.31,1791073199999,237887.37850,599,199.87,157282.82550,0
1791073200000,787.020,787.450,787.010,787.440,622.33,1791073259999,489987.63900,1768,250.72,197397.50090,0
1791073260000,787.430,787.780,787.390,787.400,310.93,1791073319999,244876.33110,941,128.02,100829.75370,0
1791073320000,787.400,787.550,787.390,787.490,118.12,1791073379999,93017.41310,413,72.97,57461.02710,0
1791073380000,787.480,787.480,787.040,787.040,288.90,1791073439999,227471.89140,989,35.60,28028.81910,0
1791073440000,787.040,787.050,786.860,786.870,187.98,1791073499999,147932.43790,363,50.12,39440.11620,0
1791073500000,786.860,787.090,786.860,787.050,172.97,1791073559999,136129.19650,463,71.13,55975.75550,0
1791073560000,787.040,787.050,786.630,786.630,155.60,1791073619999,122432.91430,379,17.78,13987.77640,0
1791073620000,786.630,786.730,786.630,786.720,109.83,1791073679999,86401.78650,304,44.99,35392.27200,0
1791073680000,786.730,786.890,786.710,786.890,78.90,1791073739999,62073.86670,393,52.99,41689.96040,0
1791073740000,786.900,786.920,786.890,786.910,31.66,1791073799999,24913.32580,120,12.09,9513.66830,0
1791073800000,786.920,786.930,786.820,786.830,129.12,1791073859999,101604.11800,318,25.44,20018.52630,0
1791073860000,786.820,786.830,786.780,786.790,110.38,1791073919999,86848.66470,220,19.91,15665.49030,0
1791073920000,786.780,786.790,786.780,786.780,71.05,1791073979999,55900.99230,197,27.33,21502.97070,0
1791073980000,786.790,786.960,786.780,786.820,156.70,1791074039999,123306.89190,429,59.43,46762.22070,0
1791074040000,786.820,787.290,786.810,787.210,377.74,1791074099999,297305.94460,769,337.10,265316.14860,0
1791074100000,787.210,787.420,787.090,787.410,197.47,1791074159999,155450.13220,571,96.56,76012.72250,0
1791074160000,787.410,787.520,787.140,787.280,388.06,1791074219999,305521.74700,777,123.97,97603.40550,0
1791074220000,787.290,787.450,787.010,787.210,839.91,1791074279999,661217.57280,838,612.16,481932.97300,0
1791074280000,787.210,787.220,787.020,787.030,101.40,1791074339999,79815.47890,236,10.99,8650.78660,0
1791074340000,787.020,787.030,786.730,786.730,143.72,1791074399999,113089.49110,402,47.56,37419.63330,0
1791074400000,786.730,786.740,786.350,786.570,242.54,1791074459999,190760.82230,627,74.27,58410.53210,0
1791074460000,786.580,786.580,786.410,786.410,101.79,1791074519999,80061.36740,219,13.06,10272.12970,0
1791074520000,786.420,786.420,786.340,786.340,52.44,1791074579999,41236.72110,221,24.33,19131.92560,0
1791074580000,786.340,786.420,785.530,785.700,1433.70,1791074639999,1126810.66410,1487,422.48,331963.51720,0
1791074640000,785.700,785.710,785.440,785.440,290.23,1791074699999,227992.10560,397,26.30,20662.08940,0
1791074700000,785.450,785.550,785.440,785.450,116.51,1791074759999,91515.36880,268,50.19,39422.25630,0
1791074760000,785.460,785.460,785.370,785.400,246.90,1791074819999,193920.20870,520,45.33,35602.03630,0
1791074820000,785.400,785.410,785.030,785.090,304.62,1791074879999,239194.20390,751,41.29,32418.96580,0
1791074880000,785.090,785.280,784.590,785.180,1143.18,1791074939999,897362.09310,1308,503.47,395264.62700,0
1791074940000,785.190,785.600,785.180,785.600,130.08,1791074999999,102157.92640,444,110.94,87125.48120,0
1791075000000,785.600,785.600,785.380,785.460,149.70,1791075059999,117591.98420,418,48.71,38261.42210,0
1791075060000,785.460,785.870,785.460,785.870,782.03,1791075119999,614437.43470,503,720.39,566009.08470,0
1791075120000,785.870,786.120,785.860,786.070,208.66,1791075179999,164002.95720,466,187.94,147716.54970,0
1791075180000,786.080,786.150,785.970,786.030,179.58,1791075239999,141168.26740,443,103.08,81030.94190,0
1791075240000,785.990,786.070,785.910,785.920,75.20,1791075299999,59107.31360,268,27.78,21835.80750,0
1791075300000,785.910,785.920,785.700,785.710,104.20,1791075359999,81882.49340,295,50.98,40061.40140,0
1791075360000,785.720,785.870,785.720,785.760,57.60,1791075419999,45260.73760,340,28.65,22512.26610,0
1791075420000,785.760,785.990,785.750,785.990,85.80,1791075479999,67423.08420,322,61.47,48304.34220,0
1791075480000,785.990,786.050,785.750,785.930,239.53,1791075539999,188259.57990,486,98.27,77234.31280,0
1791075540000,785.930,785.940,785.810,785.870,78.83,1791075599999,61951.89180,253,20.61,16196.52630,0
1791075600000,785.870,786.160,785.860,786.160,97.20,1791075659999,76397.94420,424,79.38,62391.58380,0
1791075660000,786.160,786.220,785.640,785.640,270.75,1791075719999,212821.46700,698,31.05,24409.06220,0
1791075720000,785.650,785.650,785.570,785.570,54.56,1791075779999,42863.21420,340,27.81,21847.58680,0
1791075780000,785.580,785.590,785.360,785.370,137.37,1791075839999,107910.99420,547,47.61,37401.00420,0
1791075840000,785.370,785.370,785.070,785.140,158.60,1791075899999,124529.35260,505,33.95,26654.36080,0
1791075900000,785.140,785.140,784.570,784.940,366.03,1791075959999,287243.05880,1085,92.68,72729.34680,0
1791075960000,784.940,785.220,784.930,785.160,322.48,1791076019999,253175.58630,621,171.06,134300.91430,0
1791076020000,785.130,785.200,785.070,785.070,55.63,1791076079999,43678.47470,188,15.60,12248.33190,0
1791076080000,785.080,785.080,784.900,784.950,311.05,1791076139999,244171.02360,438,33.40,26216.56270,0
1791076140000,784.940,785.000,784.620,784.810,432.54,1791076199999,339456.11510,617,303.28,238003.55090,0
1791076200000,784.810,784.920,784.570,784.730,345.41,1791076259999,271046.00120,735,173.48,136121.11750,0
1791076260000,784.720,784.730,784.570,784.580,216.62,1791076319999,169976.16370,372,31.18,24466.42900,0
1791076320000,784.580,784.670,784.570,784.670,145.08,1791076379999,113835.13150,295,91.04,71432.60140,0
1791076380000,784.660,784.720,784.560,784.570,114.03,1791076439999,89472.73990,356,13.25,10396.99490,0
1791076440000,784.560,784.580,784.390,784.400,291.41,1791076499999,228609.65160,507,51.16,40136.19180,0
1791076500000,784.390,784.400,783.710,783.840,1023.93,1791076559999,802863.34870,1526,219.36,172028.06910,0
1791076560000,783.850,783.970,783.840,783.920,224.02,1791076619999,175617.89850,519,66.63,52233.25860,0
1791076620000,783.920,784.020,783.750,783.750,215.21,1791076679999,168713.93400,471,81.83,64153.37200,0
1791076680000,783.750,783.750,783.460,783.700,520.10,1791076739999,407550.52110,830,82.07,64310.45030,0
1791076740000,783.700,783.710,783.700,783.700,66.05,1791076799999,51763.69840,232,31.34,24561.47140,0
1791076800000,783.710,783.710,783.430,783.490,121.82,1791076859999,95457.95980,410,36.01,28213.78290,0
1791076860000,783.480,784.100,783.480,783.960,641.45,1791076919999,502806.13850,804,527.29,413322.85180,0
1791076920000,783.970,784.020,783.870,783.880,143.01,1791076979999,112113.79730,301,46.60,36532.03900,0
1791076980000,783.880,784.100,783.840,784.090,174.03,1791077039999,136430.64390,380,161.18,126357.11350,0
1791077040000,784.090,784.170,784.090,784.160,55.62,1791077099999,43613.55640,246,29.35,23014.35500,0
1791077100000,784.160,784.230,784.100,784.150,71.05,1791077159999,55715.62070,331,40.67,31891.86130,0
1791077160000,784.160,784.160,784.150,784.160,29.97,1791077219999,23501.02470,118,4.92,3858.06720,0
1791077220000,784.150,784.160,783.780,783.830,346.26,1791077279999,271445.83190,517,22.73,17816.17970,0
1791077280000,783.830,783.940,783.830,783.940,68.14,1791077339999,53414.02280,283,52.70,41310.89290,0
1791077340000,783.930,783.990,783.930,783.950,53.82,1791077399999,42192.96830,204,26.72,20947.30640,0
1791077400000,783.950,783.960,783.860,783.870,61.75,1791077459999,48406.34800,183,46.36,36341.63830,0
1791077460000,783.860,784.020,783.860,784.020,83.07,1791077519999,65118.90180,353,56.37,44189.64130,0
1791077520000,784.020,784.020,783.450,783.460,462.14,1791077579999,362132.55520,696,124.18,97302.36200,0
1791077580000,783.450,783.590,783.450,783.590,57.16,1791077639999,44784.33760,256,35.68,27954.90510,0
1791077640000,783.580,783.700,783.390,783.700,308.83,1791077699999,241975.57300,640,66.44,52059.41830,0
1791077700000,783.700,783.800,783.540,783.750,239.96,1791077759999,188052.96710,532,150.06,117602.27420,0
1791077760000,783.740,784.230,783.740,784.230,453.46,1791077819999,355538.95350,580,441.28,345990.33280,0
1791077820000,784.220,784.230,783.640,783.690,227.07,1791077879999,178000.81760,566,52.29,40986.87900,0
1791077880000,783.690,783.800,783.690,783.800,45.14,1791077939999,35376.97510,241,37.67,29522.58980,0
1791077940000,783.790,783.800,783.720,783.720,34.43,1791077999999,26985.78310,233,12.05,9444.77960,0
1791078000000,783.720,783.800,783.690,783.800,437.98,1791078059999,343279.00890,348,279.49,219061.29650,0
1791078060000,783.800,783.990,783.790,783.990,209.16,1791078119999,163946.24270,283,188.37,147650.30190,0
1791078120000,783.980,783.990,783.900,783.900,53.58,1791078179999,42004.77870,244,24.58,19270.01980,0
1791078180000,783.900,783.910,783.860,783.860,53.85,1791078239999,42211.91560,149,29.85,23398.66010,0
1791078240000,783.860,784.040,783.860,784.040,116.20,1791078299999,91092.33830,362,78.32,61396.38940,0
1791078300000,784.030,784.290,784.030,784.280,341.85,1791078359999,268060.97060,393,325.67,255372.60770,0
1791078360000,784.280,784.290,784.270,784.270,86.20,1791078419999,67605.05770,248,16.47,12917.24270,0
1791078420000,784.270,784.280,784.270,784.280,68.55,1791078479999,53762.26040,180,55.19,43284.41320,0
1791078480000,784.270,784.280,784.260,784.260,42.29,1791078539999,33166.78070,113,14.25,11175.88760,0
1791078540000,784.260,784.270,784.250,784.260,37.19,1791078599999,29166.66240,135,10.04,7874.02520,0
1791078600000,784.250,784.560,784.240,784.560,422.88,1791078659999,331686.48380,514,384.75,301781.07270,0
1791078660000,784.560,784.760,784.550,784.730,114.31,1791078719999,89697.70120,363,108.80,85374.11810,0
1791078720000,784.730,784.930,784.730,784.930,314.07,1791078779999,246494.65170,421,308.65,242240.69880,0
1791078780000,784.920,784.980,784.920,784.980,86.65,1791078839999,68016.19990,300,71.83,56383.18400,0
1791078840000,784.980,784.980,784.750,784.840,360.32,1791078899999,282796.92720,545,101.52,79679.56090,0
1791078900000,784.840,784.850,784.830,784.830,24.95,1791078959999,19581.63710,104,6.75,5297.67060,0
1791078960000,784.830,784.830,784.720,784.770,190.40,1791079019999,149414.47690,347,136.41,107046.11390,0
1791079020000,784.770,784.780,784.690,784.770,114.48,1791079079999,89837.87560,236,21.54,16903.28700,0
1791079080000,784.780,784.910,784.770,784.870,132.18,1791079139999,103739.48220,265,121.80,95592.94160,0
1791079140000,784.880,784.880,784.780,784.790,37.03,1791079199999,29063.77320,173,17.45,13696.14520,0
1791079200000,784.790,784.790,784.480,784.480,123.33,1791079259999,96760.71860,382,32.80,25732.64040,0
1791079260000,784.490,784.500,784.480,784.490,73.86,1791079319999,57942.40340,259,59.89,46983.16270,0
1791079320000,784.500,784.550,784.430,784.440,243.16,1791079379999,190764.48030,562,61.08,47918.35010,0
1791079380000,784.440,784.720,784.430,784.720,184.16,1791079439999,144491.44930,505,165.42,129786.77180,0
1791079440000,784.720,784.720,784.420,784.420,77.23,1791079499999,60596.22870,396,6.85,5374.28160,0
1791079500000,784.430,784.790,784.420,784.760,381.33,1791079559999,299203.77800,682,139.27,109270.39640,0
1791079560000,784.760,784.760,784.560,784.560,90.56,1791079619999,71057.47730,303,57.80,45351.10050,0
1791079620000,784.570,784.570,784.270,784.270,93.69,1791079679999,73499.13200,431,19.48,15283.37850,0
1791079680000,784.280,784.280,784.220,784.220,40.59,1791079739999,31831.96070,179,0.89,697.97230,0
1791079740000,784.220,784.230,784.200,784.200,56.42,1791079799999,44245.23940,200,37.47,29384.38530,0
1791079800000,784.210,784.230,783.340,784.230,887.06,1791079859999,695233.34300,1512,464.81,364310.38030,0
1791079860000,784.240,784.290,784.230,784.290,44.02,1791079919999,34523.53380,181,27.15,21292.78100,0
1791079920000,784.280,784.380,784.280,784.380,48.03,1791079979999,37670.96570,408,40.21,31537.59960,0
1791079980000,784.380,784.430,784.190,784.190,56.10,1791080039999,43997.56330,377,8.85,6941.05250,0
1791080040000,784.180,784.180,783.710,783.840,185.21,1791080099999,145172.06530,549,83.51,65451.81290,0
1791080100000,783.840,783.940,783.570,783.570,201.17,1791080159999,157654.89130,577,45.69,35809.25790,0
1791080160000,783.570,783.630,783.320,783.320,323.93,1791080219999,253795.98340,614,95.71,74984.52950,0
1791080220000,783.330,783.640,782.450,783.510,2075.54,1791080279999,1625182.31380,2260,722.31,565805.31250,0
1791080280000,783.500,783.550,783.430,783.480,137.03,1791080339999,107360.53220,426,44.84,35130.88640,0
1791080340000,783.480,783.490,783.360,783.370,49.73,1791080399999,38959.27400,211,8.57,6713.62500,0
1791080400000,783.360,783.650,783.360,783.440,150.70,1791080459999,118071.40100,445,92.35,72352.94410,0
1791080460000,783.440,783.480,783.430,783.480,34.81,1791080519999,27271.96410,165,21.93,17180.94730,0
1791080520000,783.480,783.780,783.430,783.780,148.72,1791080579999,116530.24450,566,127.46,99872.11970,0
1791080580000,783.780,784.120,783.780,783.980,67.83,1791080639999,53178.86490,403,46.34,36329.43170,0
1791080640000,783.970,784.030,783.900,783.900,87.59,1791080699999,68668.61910,351,32.68,25620.25980,0
1791080700000,783.910,783.910,783.770,783.780,51.33,1791080759999,40233.07680,221,14.75,11561.23680,0
1791080760000,783.780,783.780,783.740,783.740,37.23,1791080819999,29179.33970,182,18.91,14820.81420,0
1791080820000,783.750,783.750,783.700,783.710,37.20,1791080879999,29154.63320,178,10.86,8511.39550,0
1791080880000,783.700,783.710,783.390,783.400,158.16,1791080939999,123928.13150,371,46.04,36070.69280,0
1791080940000,783.400,783.740,783.400,783.740,165.28,1791080999999,129498.53390,390,134.27,105197.33950,0
1791081000000,783.740,783.740,783.370,783.370,253.29,1791081059999,198454.77820,536,39.70,31105.00490,0
1791081060000,783.380,783.600,783.190,783.430,225.81,1791081119999,176900.48520,701,104.52,81881.96620,0
1791081120000,783.440,783.480,783.170,783.390,213.12,1791081179999,166940.45350,542,115.47,90446.04320,0
1791081180000,783.390,784.040,783.390,784.040,157.43,1791081239999,123378.48730,471,149.43,117108.48340,0
1791081240000,784.030,784.260,784.000,784.030,226.36,1791081299999,177491.34880,465,51.75,40579.66420,0
1791081300000,784.030,784.310,784.020,784.310,292.88,1791081359999,229662.21820,382,270.20,211877.63280,0
1791081360000,784.300,784.670,784.300,784.590,334.37,1791081419999,262321.76110,667,274.78,215565.32100,0
1791081420000,784.590,784.590,784.310,784.310,216.38,1791081479999,169740.96820,331,21.09,16542.75500,0
1791081480000,784.310,784.310,784.130,784.140,37.60,1791081539999,29486.14280,204,3.99,3128.73840,0
1791081540000,784.130,784.330,783.990,784.200,538.10,1791081599999,421929.67320,630,361.57,283516.21620,0
1791081600000,784.190,784.490,784.150,784.490,96.14,1791081659999,75396.69880,297,65.42,51306.70760,0
1791081660000,784.490,784.680,784.480,784.680,128.48,1791081719999,100801.27150,308,101.64,79744.66610,0
1791081720000,784.670,784.810,784.670,784.810,211.91,1791081779999,166290.57770,271,196.75,154394.93460,0
1791081780000,784.810,784.810,784.770,784.770,82.66,1791081839999,64870.69320,114,4.60,3610.01710,0
1791081840000,784.770,784.780,784.680,784.690,206.18,1791081899999,161798.84640,276,15.63,12265.93590,0
1791081900000,784.680,784.690,784.670,784.680,40.88,1791081959999,32077.54570,104,5.85,4590.38550,0
1791081960000,784.670,784.680,784.670,784.680,58.64,1791082019999,46013.32780,137,27.90,21892.57200,0
1791082020000,784.670,784.680,783.670,783.790,1828.72,1791082079999,1433913.24040,1196,224.28,175809.76450,0
1791082080000,783.790,784.350,783.780,784.350,310.09,1791082139999,243128.12540,519,293.74,230304.83560,0
1791082140000,784.350,784.350,784.320,784.330,27.19,1791082199999,21326.03300,113,9.33,7317.80530,0
1791082200000,784.320,784.330,784.320,784.330,28.24,1791082259999,22149.43560,124,23.88,18729.80040,0
1791082260000,784.320,784.330,784.040,784.120,271.91,1791082319999,213222.02280,474,91.81,71984.33690,0
1791082320000,784.110,784.120,783.760,783.780,231.04,1791082379999,181121.08690,387,66.70,52277.60270,0
1791082380000,783.780,783.780,783.740,783.750,31.02,1791082439999,24312.62960,184,16.33,12799.12230,0
1791082440000,783.750,783.790,783.740,783.790,130.98,1791082499999,102657.03020,202,78.79,61751.93820,0
1791082500000,783.780,783.790,783.740,783.750,71.10,1791082559999,55726.99260,119,52.33,41015.66270,0
1791082560000,783.740,783.800,783.740,783.800,137.12,1791082619999,107469.41830,199,115.63,90625.85370,0
1791082620000,783.800,783.800,783.790,783.790,24.53,1791082679999,19226.56090,111,19.22,15064.63600,0
1791082680000,783.800,783.940,783.790,783.940,81.24,1791082739999,63678.30570,248,75.61,59264.78120,0
1791082740000,783.930,783.940,783.930,783.940,28.51,1791082799999,22350.04820,100,20.39,15984.53660,0
1791082800000,783.930,783.930,783.790,783.860,139.50,1791082859999,109346.93420,376,71.43,55988.04230,0
1791082860000,783.860,783.860,783.670,783.680,117.25,1791082919999,91896.65220,332,11.66,9138.00580,0
1791082920000,783.680,783.700,783.620,783.630,210.99,1791082979999,165347.53150,444,42.27,33126.23290,0
1791082980000,783.630,783.630,783.200,783.490,446.96,1791083039999,350123.10360,855,132.72,103966.95140,0
1791083040000,783.490,783.740,783.380,783.740,161.82,1791083099999,126780.83560,540,99.63,78057.66990,0
1791083100000,783.740,783.740,783.600,783.660,118.70,1791083159999,93017.92560,275,79.71,62461.74260,0
1791083160000,783.660,783.660,783.600,783.650,142.25,1791083219999,111471.67600,281,69.22,54242.49060,0
1791083220000,783.650,783.650,783.460,783.480,228.93,1791083279999,179368.00590,458,181.89,142510.82390,0
1791083280000,783.490,783.490,783.440,783.450,87.35,1791083339999,68436.33920,206,53.50,41915.81710,0
1791083340000,783.450,783.800,783.450,783.800,216.53,1791083399999,169672.92330,478,165.72,129856.24810,0
1791083400000,783.790,783.880,783.750,783.880,64.91,1791083459999,50874.57260,243,59.68,46775.50060,0
1791083460000,783.890,783.890,783.880,783.890,14.83,1791083519999,11625.04000,105,9.96,7807.54440,0
1791083520000,783.890,784.020,783.850,784.020,87.13,1791083579999,68301.85950,403,77.88,61051.01780,0
1791083580000,784.010,784.020,783.980,783.990,31.68,1791083639999,24836.90480,118,18.45,14464.61730,0
1791083640000,783.980,783.980,783.800,783.870,232.29,1791083699999,182081.46880,633,179.39,140613.66400,0
1791083700000,783.860,783.860,783.800,783.810,31.49,1791083759999,24682.78090,183,9.76,7650.22610,0
1791083760000,783.800,783.950,783.740,783.950,76.41,1791083819999,59889.04850,399,58.91,46173.04710,0
1791083820000,783.950,783.950,783.840,783.850,32.84,1791083879999,25744.02460,237,10.39,8145.17550,0
1791083880000,783.840,783.970,783.840,783.870,61.86,1791083939999,48490.39530,292,45.49,35658.01190,0
1791083940000,783.860,783.990,783.860,783.990,103.73,1791083999999,81314.14660,257,79.94,62663.68840,0
1791084000000,783.980,783.990,783.980,783.990,38.64,1791084059999,30293.28830,190,30.11,23605.93890,0
1791084060000,783.990,784.280,783.990,784.270,173.73,1791084119999,136237.40080,446,161.31,126499.13710,0
1791084120000,784.270,784.440,784.270,784.410,174.01,1791084179999,136483.86120,373,145.01,113737.18660,0
1791084180000,784.400,784.400,784.280,784.300,53.56,1791084239999,42007.88350,278,36.66,28752.49440,0
1791084240000,784.300,784.300,784.250,784.260,61.01,1791084299999,47849.32590,212,15.95,12509.43870,0
1791084300000,784.260,784.540,784.240,784.540,112.65,1791084359999,88351.80070,518,86.35,67725.88870,0
1791084360000,784.530,784.540,784.350,784.370,87.09,1791084419999,68315.35340,294,19.55,15335.57300,0
1791084420000,784.360,784.420,784.230,784.380,170.26,1791084479999,133541.55470,390,35.22,27623.96830,0
1791084480000,784.380,784.400,784.220,784.280,68.31,1791084539999,53574.79450,196,21.45,16823.46220,0
1791084540000,784.270,784.280,784.240,784.240,24.28,1791084599999,19041.74560,110,6.82,5348.62530,0
1791084600000,784.250,784.350,784.120,784.340,102.31,1791084659999,80230.00940,407,60.59,47512.76990,0
1791084660000,784.350,784.380,784.330,784.340,51.70,1791084719999,40551.46390,177,22.49,17640.07560,0
1791084720000,784.330,784.370,784.330,784.360,73.30,1791084779999,57492.83860,243,45.11,35381.78000,0
1791084780000,784.350,784.780,784.350,784.760,235.23,1791084839999,184572.18850,529,220.72,173186.26050,0
1791084840000,784.760,785.280,784.760,785.280,328.60,1791084899999,257944.99960,695,296.72,232922.42290,0
1791084900000,785.280,785.280,784.420,784.430,877.89,1791084959999,688978.42270,1865,141.47,111013.13470,0
1791084960000,784.430,784.770,784.390,784.760,204.13,1791085019999,160152.48940,555,147.83,115982.60930,0
1791085020000,784.770,784.940,784.770,784.890,84.24,1791085079999,66118.06420,340,66.22,51974.52660,0
1791085080000,784.880,784.890,784.870,784.870,28.49,1791085139999,22361.17470,124,11.07,8688.62600,0
1791085140000,784.870,785.040,784.840,785.030,113.15,1791085199999,88810.42640,352,92.40,72523.79720,0
1791085200000,785.040,785.240,784.940,785.240,712.61,1791085259999,559437.89950,611,181.04,142124.02980,0
1791085260000,785.250,785.480,785.240,785.420,222.11,1791085319999,174445.85330,502,199.58,156749.76790,0
1791085320000,785.410,785.440,785.400,785.410,86.52,1791085379999,67953.77350,217,65.83,51703.72810,0
1791085380000,785.420,785.550,785.170,785.180,263.02,1791085439999,206592.49660,574,164.11,128907.69030,0
1791085440000,785.180,785.260,785.050,785.250,74.46,1791085499999,58460.85520,294,54.20,42553.63620,0
1791085500000,785.260,785.380,785.010,785.380,128.40,1791085559999,100815.78070,481,77.24,60646.30780,0
1791085560000,785.390,785.440,785.390,785.400,54.12,1791085619999,42506.54720,201,38.26,30049.86530,0
1791085620000,785.410,785.940,785.400,785.930,468.93,1791085679999,368423.98710,724,441.98,347247.28350,0
1791085680000,785.940,786.020,785.890,785.890,201.28,1791085739999,158196.12460,518,104.75,82328.72210,0
1791085740000,785.890,786.030,785.890,786.010,205.63,1791085799999,161617.19350,419,161.74,127122.69560,0
1791085800000,786.000,786.010,785.800,785.840,135.46,1791085859999,106454.94570,377,44.18,34718.65240,0
1791085860000,785.850,785.890,785.840,785.850,88.66,1791085919999,69674.94510,209,45.39,35670.44220,0
1791085920000,785.850,785.850,785.500,785.510,159.59,1791085979999,125385.87620,376,54.63,42922.16650,0
1791085980000,785.510,785.560,785.370,785.420,127.91,1791086039999,100468.30880,275,54.34,42683.86650,0
1791086040000,785.420,785.610,785.370,785.610,133.59,1791086099999,104938.34500,272,103.98,81678.10360,0
1791086100000,785.610,785.650,785.290,785.460,540.93,1791086159999,424889.16780,674,98.87,77661.06980,0
1791086160000,785.440,785.440,785.140,785.250,150.16,1791086219999,117913.60900,411,74.17,58238.45300,0
1791086220000,785.250,785.410,785.240,785.360,59.85,1791086279999,47001.94290,183,35.07,27540.09950,0
1791086280000,785.360,785.420,785.360,785.380,170.68,1791086339999,134049.54240,207,31.06,24393.70490,0
1791086340000,785.380,785.380,784.840,784.950,480.16,1791086399999,376974.68010,614,72.63,57009.69060,0
1791086400000,784.960,785.130,784.950,784.950,132.97,1791086459999,104387.86680,386,77.34,60716.13770,0
1791086460000,784.950,785.250,784.950,785.240,101.57,1791086519999,79737.07400,498,80.50,63197.43000,0
1791086520000,785.240,785.910,785.240,785.430,331.32,1791086579999,260305.49980,895,148.64,116783.35060,0
1791086580000,785.430,785.560,785.430,785.560,113.57,1791086639999,89207.83330,285,77.27,60692.83910,0
1791086640000,785.550,785.590,785.250,785.260,288.99,1791086699999,226973.70620,521,73.24,57526.40150,0
1791086700000,785.260,785.260,785.080,785.150,191.90,1791086759999,150671.10350,337,24.79,19464.27310,0
1791086760000,785.160,785.180,785.120,785.170,77.14,1791086819999,60565.69170,270,56.09,44038.23300,0
1791086820000,785.170,785.180,784.960,784.970,80.89,1791086879999,63502.34790,414,4.38,3438.42270,0
1791086880000,784.970,784.970,784.630,784.630,150.71,1791086939999,118272.84120,554,34.98,27451.51970,0
1791086940000,784.630,784.640,784.270,784.280,214.55,1791086999999,168306.22110,529,1.91,1498.42150,0
1791087000000,784.270,784.280,784.190,784.190,108.75,1791087059999,85283.84580,308,17.23,13511.83880,0
1791087060000,784.190,784.200,784.190,784.190,71.59,1791087119999,56140.58750,157,42.54,33359.86800,0
1791087120000,784.190,784.200,784.160,784.190,178.83,1791087179999,140234.38320,342,115.49,90564.51200,0
1791087180000,784.200,784.200,784.050,784.140,208.76,1791087239999,163698.29330,430,113.97,89367.61280,0
1791087240000,784.140,784.390,784.140,784.240,344.70,1791087299999,270316.00100,381,277.33,217474.80540,0
1791087300000,784.240,784.240,784.220,784.220,66.65,1791087359999,52268.73710,223,6.71,5262.20670,0
1791087360000,784.220,784.220,784.210,784.210,37.01,1791087419999,29023.76890,176,15.68,12296.56960,0
1791087420000,784.210,784.220,784.040,784.040,80.57,1791087479999,63179.19050,352,6.02,4720.56270,0
1791087480000,784.050,784.050,783.850,784.000,352.63,1791087539999,276444.56410,570,99.94,78350.03360,0
1791087540000,784.000,784.600,784.000,784.600,231.52,1791087599999,181586.03580,578,174.23,136643.74140,0
1791087600000,784.610,784.740,784.600,784.740,146.67,1791087659999,115091.71100,486,70.15,55046.11140,0
1791087660000,784.750,784.810,784.740,784.750,80.82,1791087719999,63425.10900,229,59.58,46756.64650,0
1791087720000,784.740,784.820,784.660,784.750,157.60,1791087779999,123671.17480,360,124.25,97499.49500,0
1791087780000,784.750,784.760,784.710,784.710,64.06,1791087839999,50269.37830,194,20.52,16102.51470,0
1791087840000,784.710,784.710,784.670,784.680,31.62,1791087899999,24811.49660,185,4.89,3837.10440,0
1791087900000,784.670,784.680,784.670,784.670,32.44,1791087959999,25454.73690,143,4.21,3303.50280,0
1791087960000,784.670,784.680,784.630,784.630,114.93,1791088019999,90181.50560,331,66.65,52298.34500,0
1791088020000,784.640,784.640,784.630,784.640,70.26,1791088079999,55128.34230,202,23.85,18713.66400,0
1791088080000,784.630,785.010,784.600,785.010,150.37,1791088139999,118003.86070,484,129.43,101571.71600,0
1791088140000,785.000,785.250,785.000,785.240,193.51,1791088199999,151920.64360,463,176.64,138677.40450,0
1791088200000,785.240,785.240,785.040,785.050,112.85,1791088259999,88596.21150,295,19.66,15434.12930,0
1791088260000,785.060,785.060,785.040,785.050,56.50,1791088319999,44355.45610,252,28.63,22476.21880,0
1791088320000,785.040,785.050,784.850,784.860,64.44,1791088379999,50584.79870,328,5.12,4019.12930,0
1791088380000,784.850,784.990,784.850,784.860,116.47,1791088439999,91414.58900,339,70.17,55074.34580,0
1791088440000,784.860,784.860,784.810,784.820,65.47,1791088499999,51383.98220,212,47.85,37554.97390,0
1791088500000,784.810,784.860,784.810,784.860,61.31,1791088559999,48117.06010,214,30.87,24227.43630,0
1791088560000,784.870,785.170,784.860,785.150,100.62,1791088619999,78988.42740,314,71.23,55913.97860,0
1791088620000,785.150,785.260,785.150,785.170,147.19,1791088679999,115573.30320,311,88.15,69213.72070,0
1791088680000,785.160,785.220,785.160,785.220,97.93,1791088739999,76892.88500,221,87.59,68774.11010,0
1791088740000,785.220,785.460,785.220,785.460,156.67,1791088799999,123044.34910,343,133.31,104698.29890,0
1791088800000,785.460,785.460,785.450,785.450,54.29,1791088859999,42642.54380,165,46.33,36390.36180,0
1791088860000,785.450,785.450,785.270,785.330,278.50,1791088919999,218722.92290,374,119.74,94029.89510,0
1791088920000,785.320,785.380,785.320,785.380,76.70,1791088979999,60235.55350,230,57.45,45118.06200,0
1791088980000,785.380,785.460,785.370,785.460,67.39,1791089039999,52929.78410,235,42.06,33034.79480,0
1791089040000,785.460,785.500,785.430,785.470,177.34,1791089099999,139292.25030,330,136.29,107048.99370,0
1791089100000,785.460,785.470,785.460,785.470,15.02,1791089159999,11797.64130,95,3.21,2521.35870,0
1791089160000,785.470,785.490,785.460,785.490,51.19,1791089219999,40208.65120,196,31.97,25111.73060,0
1791089220000,785.490,785.490,785.480,785.480,20.82,1791089279999,16353.82570,155,13.21,10376.32290,0
1791089280000,785.480,785.490,785.370,785.370,90.05,1791089339999,70730.08000,227,6.29,4940.51760,0
1791089340000,785.370,785.410,785.260,785.400,130.07,1791089399999,102142.31890,340,90.85,71341.97210,0
1791089400000,785.410,785.500,785.400,785.480,47.24,1791089459999,37105.68580,197,15.15,11899.48680,0
1791089460000,785.480,785.480,785.340,785.400,84.90,1791089519999,66679.10480,231,47.14,37022.35070,0
1791089520000,785.400,785.400,785.350,785.360,23.36,1791089579999,18346.74220,148,8.79,6903.64360,0
1791089580000,785.350,785.360,785.350,785.360,35.10,1791089639999,27566.10670,121,31.98,25115.81280,0
1791089640000,785.370,785.410,785.330,785.330,67.32,1791089699999,52872.38880,247,20.02,15723.60730,0
1791089700000,785.330,785.340,785.140,785.240,81.53,1791089759999,64023.38120,328,16.06,12610.76580,0
1791089760000,785.240,785.290,785.230,785.280,128.56,1791089819999,100949.35120,178,92.64,72743.82110,0
1791089820000,785.290,785.290,785.280,785.290,22.59,1791089879999,17739.51460,122,3.94,3094.04260,0
1791089880000,785.280,785.430,785.280,785.420,35.89,1791089939999,28186.47220,184,33.16,26042.28500,0
1791089940000,785.430,785.460,785.230,785.230,111.85,1791089999999,87846.05250,322,19.74,15504.71340,0
1791090000000,785.230,785.370,785.230,785.330,50.24,1791090059999,39452.35180,237,17.53,13765.77770,0
1791090060000,785.340,785.840,785.330,785.830,164.24,1791090119999,129029.85630,619,140.98,110755.32330,0
1791090120000,785.840,785.950,785.830,785.940,88.86,1791090179999,69832.80180,506,78.74,61879.91930,0
1791090180000,785.950,786.150,785.940,786.060,309.19,1791090239999,243032.93050,713,236.92,186224.57980,0
1791090240000,786.060,786.070,786.010,786.020,140.25,1791090299999,110242.43330,239,36.28,28517.51510,0
1791090300000,786.010,786.020,786.010,786.020,41.04,1791090359999,32258.03770,180,18.73,14722.15460,0
1791090360000,786.010,786.020,786.010,786.010,26.78,1791090419999,21049.44810,145,10.03,7883.78060,0
1791090420000,786.010,786.580,786.010,786.510,647.90,1791090479999,509494.89580,1044,564.20,443664.15900,0
1791090480000,786.510,786.660,786.440,786.650,200.33,1791090539999,157560.59060,551,124.87,98212.51110,0
1791090540000,786.660,786.690,786.600,786.610,137.11,1791090599999,107859.35320,371,109.54,86171.17980,0
1791090600000,786.600,786.600,786.200,786.210,133.83,1791090659999,105253.80020,530,34.66,27262.39680,0
1791090660000,786.210,786.260,786.150,786.160,105.47,1791090719999,82919.94470,353,49.75,39112.46740,0
1791090720000,786.160,786.330,786.150,786.330,124.23,1791090779999,97672.60950,475,75.97,59729.30740,0
1791090780000,786.330,786.330,786.320,786.320,50.02,1791090839999,39331.77530,179,4.89,3845.15370,0
1791090840000,786.320,786.480,786.180,786.480,178.48,1791090899999,140329.69000,573,142.08,111708.57410,0
1791090900000,786.490,786.980,786.490,786.800,410.47,1791090959999,322976.27660,961,354.31,278784.04280,0
1791090960000,786.800,786.900,786.790,786.900,93.41,1791091019999,73498.88870,369,68.90,54212.79830,0
1791091020000,786.900,786.940,786.870,786.930,143.31,1791091079999,112769.74080,400,97.99,77107.91410,0
1791091080000,786.940,787.490,786.940,787.490,581.48,1791091139999,457710.47510,1207,505.44,397844.93010,0
1791091140000,787.490,787.730,787.480,787.620,416.84,1791091199999,328308.14070,1022,345.93,272456.93580,0
1791091200000,787.610,787.850,786.680,786.750,715.80,1791091259999,563536.52490,1544,370.36,291593.94460,0
1791091260000,786.760,786.890,786.760,786.880,239.18,1791091319999,188192.43940,444,97.89,77021.83290,0
1791091320000,786.890,786.890,786.790,786.790,96.74,1791091379999,76119.07450,342,22.91,18025.96700,0
1791091380000,786.800,786.910,786.800,786.900,84.71,1791091439999,66656.48150,322,73.29,57670.08350,0
1791091440000,786.910,787.110,786.900,787.110,63.86,1791091499999,50258.87500,382,57.88,45552.35140,0
1791091500000,787.100,787.290,787.050,787.280,238.30,1791091559999,187570.81070,567,126.60,99650.42180,0
1791091560000,787.290,787.340,787.240,787.240,195.58,1791091619999,153977.76470,406,27.29,21485.15590,0
1791091620000,787.240,787.240,786.950,786.960,121.26,1791091679999,95447.71420,376,7.72,6076.09280,0
1791091680000,786.960,786.960,786.950,786.950,56.35,1791091739999,44344.73730,112,10.48,8247.34080,0
1791091740000,786.960,786.960,786.950,786.950,73.47,1791091799999,57817.78830,132,57.18,44998.37280,0
1791091800000,786.960,787.060,786.840,786.840,264.70,1791091859999,208303.90590,539,85.92,67613.86120,0
1791091860000,786.850,786.850,786.840,786.840,38.70,1791091919999,30450.77850,183,7.05,5547.29250,0
1791091920000,786.840,786.850,786.840,786.840,19.77,1791091979999,15555.88100,163,5.42,4264.72700,0
1791091980000,786.840,786.850,786.600,786.600,174.91,1791092039999,137608.78310,518,30.26,23805.58210,0
1791092040000,786.600,786.610,786.600,786.600,41.70,1791092099999,32801.38250,222,16.25,12782.41250,0
1791092100000,786.600,786.610,786.450,786.450,143.95,1791092159999,113218.95140,381,19.96,15698.57090,0
1791092160000,786.450,786.520,786.450,786.500,366.52,1791092219999,288267.29290,334,265.96,209177.26310,0
1791092220000,786.500,786.960,786.480,786.900,913.88,1791092279999,718835.81600,746,812.03,638708.64070,0
1791092280000,786.910,786.960,786.850,786.960,191.42,1791092339999,150625.61190,482,93.99,73958.04430,0
1791092340000,786.950,787.090,786.950,787.020,192.55,1791092399999,151543.10200,488,107.12,84304.91210,0
1791092400000,787.010,787.240,787.010,787.240,78.34,1791092459999,61662.68940,415,56.47,44447.43660,0
1791092460000,787.240,787.460,787.240,787.450,170.29,1791092519999,134076.36590,563,109.11,85906.19690,0
1791092520000,787.450,787.530,787.280,787.510,209.73,1791092579999,165149.29180,541,72.00,56692.10650,0
1791092580000,787.510,787.700,787.500,787.690,218.68,1791092639999,172229.42660,640,85.47,67314.70980,0
1791092640000,787.700,787.850,787.550,787.550,156.16,1791092699999,123018.12200,634,54.61,43019.09510,0
1791092700000,787.560,787.570,787.370,787.430,190.82,1791092759999,150255.14290,488,126.44,99559.08510,0
1791092760000,787.430,787.440,787.200,787.270,139.88,1791092819999,110132.55910,530,49.50,38971.07570,0
1791092820000,787.270,787.300,787.270,787.290,80.14,1791092879999,63092.27820,249,40.52,31900.63580,0
1791092880000,787.300,787.500,787.300,787.490,45.98,1791092939999,36205.36460,342,40.78,32110.58200,0
1791092940000,787.500,787.560,787.490,787.560,97.99,1791092999999,77167.34590,250,92.55,72883.40030,0
1791093000000,787.560,787.820,787.550,787.810,106.61,1791093059999,83980.05980,498,62.71,49398.83870,0
1791093060000,787.820,787.820,787.790,787.800,63.82,1791093119999,50277.89740,259,45.53,35868.86360,0
1791093120000,787.800,787.990,787.790,787.980,242.23,1791093179999,190848.44090,472,225.42,177602.97430,0
1791093180000,787.970,788.000,787.870,787.990,320.60,1791093239999,252617.19720,636,233.14,183703.65630,0
1791093240000,788.000,788.000,787.800,787.800,133.93,1791093299999,105534.50570,400,42.66,33615.97510,0
1791093300000,787.790,787.800,787.340,787.340,127.99,1791093359999,100806.96280,451,37.42,29476.49370,0
1791093360000,787.350,787.410,787.310,787.400,165.18,1791093419999,130051.15450,299,101.39,79826.64160,0
1791093420000,787.400,787.400,786.680,786.990,608.91,1791093479999,479146.90970,750,45.73,35981.34420,0
1791093480000,786.990,787.000,786.790,787.000,109.34,1791093539999,86037.05430,436,81.06,63782.51990,0
1791093540000,787.000,787.180,786.540,787.180,665.21,1791093599999,523351.75620,1059,80.86,63625.75130,0
1791093600000,787.190,787.430,787.090,787.350,320.01,1791093659999,251933.32910,785,174.44,137324.25420,0
1791093660000,787.340,787.340,787.290,787.290,28.81,1791093719999,22682.02340,221,11.98,9431.85700,0
1791093720000,787.300,787.390,787.030,787.040,282.92,1791093779999,222723.35320,777,144.54,113783.05640,0
1791093780000,787.040,787.040,786.670,786.690,499.87,1791093839999,393299.68140,618,44.63,35114.45680,0
1791093840000,786.690,786.690,786.380,786.520,391.79,1791093899999,308160.83370,796,133.38,104912.15840,0
1791093900000,786.510,786.810,786.510,786.760,188.88,1791093959999,148593.94900,471,162.87,128131.04850,0
1791093960000,786.750,786.940,786.750,786.940,43.73,1791094019999,34405.90000,303,36.46,28685.93630,0
1791094020000,786.930,786.940,786.750,786.760,93.91,1791094079999,73891.77260,482,27.10,21322.70850,0
1791094080000,786.760,787.090,786.750,787.080,550.23,1791094139999,432994.56890,449,537.83,423236.49420,0
1791094140000,787.090,787.160,787.080,787.160,36.09,1791094199999,28406.04390,254,14.20,11176.78950,0
1791094200000,787.160,787.160,787.100,787.110,33.20,1791094259999,26132.82710,282,4.72,3715.28220,0
1791094260000,787.110,787.110,786.960,786.970,76.50,1791094319999,60208.53180,450,33.69,26514.94690,0
1791094320000,786.970,787.130,786.960,787.090,125.72,1791094379999,98949.49640,380,80.13,63065.46330,0
1791094380000,787.120,787.120,786.800,786.960,376.18,1791094439999,296025.50310,475,62.08,48854.55630,0
1791094440000,786.960,787.000,786.810,787.000,117.63,1791094499999,92562.70810,408,42.28,33268.95740,0
1791094500000,787.000,787.190,787.000,787.190,40.62,1791094559999,31971.50630,275,32.47,25556.42480,0
1791094560000,787.190,787.190,787.030,787.040,60.75,1791094619999,47816.67290,358,18.44,14513.61160,0
1791094620000,787.030,787.040,787.030,787.030,16.90,1791094679999,13300.88230,122,7.53,5926.41120,0
1791094680000,787.030,787.040,787.030,787.040,84.04,1791094739999,66142.75610,219,75.49,59413.64960,0
1791094740000,787.040,787.910,787.030,787.910,606.75,1791094799999,477802.80080,910,535.38,421596.96820,0
1791094800000,787.920,788.930,787.910,788.700,855.43,1791094859999,674508.60030,1427,705.88,556552.84060,0
1791094860000,788.710,788.710,788.700,788.710,72.89,1791094919999,57488.78240,332,43.94,34655.91740,0
1791094920000,788.710,789.000,788.380,788.390,513.61,1791094979999,405135.26200,989,237.68,187493.45410,0
1791094980000,788.390,788.460,788.340,788.340,132.49,1791095039999,104454.55710,522,42.46,33475.91380,0
1791095040000,788.350,788.350,788.310,788.350,104.66,1791095099999,82507.43680,304,49.72,39196.05110,0
1791095100000,788.340,788.610,788.290,788.470,557.72,1791095159999,439706.08070,739,436.94,344474.94040,0
1791095160000,788.470,788.470,788.330,788.330,151.95,1791095219999,119795.61150,414,55.18,43502.36010,0
1791095220000,788.330,788.340,788.100,788.180,241.51,1791095279999,190358.89710,529,101.36,79885.62990,0
1791095280000,788.180,788.490,788.170,788.220,177.10,1791095339999,139621.16930,689,82.75,65238.24400,0
1791095340000,788.220,788.570,788.130,788.540,323.19,1791095399999,254795.28440,760,188.63,148705.56740,0
1791095400000,788.540,788.540,788.400,788.410,59.54,1791095459999,46946.67600,379,15.46,12190.30510,0
1791095460000,788.400,788.410,788.280,788.290,95.03,1791095519999,74915.65670,385,28.51,22474.80350,0
1791095520000,788.280,788.780,788.170,788.690,291.87,1791095579999,230121.85310,845,226.59,178644.50930,0
1791095580000,788.690,788.700,788.570,788.660,135.46,1791095639999,106826.94950,376,63.11,49770.55190,0
1791095640000,788.660,788.770,788.620,788.710,236.16,1791095699999,186258.74950,477,81.06,63931.42680,0
1791095700000,788.710,788.760,788.580,788.750,115.86,1791095759999,91376.55900,515,55.73,43953.01640,0
1791095760000,788.760,788.800,788.710,788.740,191.80,1791095819999,151284.27080,406,85.21,67209.35440,0
1791095820000,788.730,788.740,788.310,788.320,301.58,1791095879999,237775.06600,427,7.84,6183.27700,0
1791095880000,788.320,788.320,788.130,788.140,73.02,1791095939999,57556.32310,276,1.70,1339.92690,0
1791095940000,788.130,788.150,788.040,788.110,501.72,1791095999999,395402.28750,603,173.02,136352.88770,0
1791096000000,788.120,788.150,787.730,787.780,2478.26,1791096059999,1952844.28890,871,112.44,88592.31260,0
1791096060000,787.790,788.200,787.780,788.200,271.86,1791096119999,214184.96480,545,198.11,156081.98100,0
1791096120000,788.200,788.280,788.190,788.270,101.79,1791096179999,80235.77580,356,97.24,76649.25980,0
1791096180000,788.280,788.390,788.260,788.390,45.41,1791096239999,35797.38520,204,40.99,32312.75610,0
1791096240000,788.390,788.500,788.380,788.500,90.07,1791096299999,71012.37550,283,65.04,51278.45850,0
1791096300000,788.510,788.560,788.480,788.490,109.33,1791096359999,86206.86310,296,38.37,30254.44670,0
1791096360000,788.500,788.880,788.500,788.880,107.90,1791096419999,85109.01290,407,102.62,80944.37810,0
1791096420000,788.880,789.140,788.880,789.130,379.02,1791096479999,299044.25170,481,360.27,284250.41780,0
1791096480000,789.130,789.180,789.130,789.180,133.58,1791096539999,105413.38190,352,110.71,87365.95480,0
1791096540000,789.180,789.180,789.000,789.000,82.68,1791096599999,65244.50790,309,9.51,7504.44500,0
1791096600000,789.000,789.000,788.830,789.000,228.68,1791096659999,180416.81790,400,60.09,47403.50390,0
1791096660000,789.000,789.360,789.000,789.260,204.36,1791096719999,161286.16770,685,119.96,94672.10940,0
1791096720000,789.260,789.310,789.230,789.240,124.64,1791096779999,98373.17110,407,42.58,33606.58990,0
1791096780000,789.230,789.370,789.210,789.210,144.60,1791096839999,114131.42940,478,78.47,61934.13870,0
1791096840000,789.210,789.470,789.090,789.470,384.77,1791096899999,303689.98190,664,298.25,235401.02560,0
1791096900000,789.460,789.480,789.260,789.270,134.95,1791096959999,106534.46360,409,41.19,32517.24220,0
1791096960000,789.270,789.400,789.260,789.340,126.88,1791097019999,100152.15400,379,77.23,60960.70370,0
1791097020000,789.350,789.350,789.140,789.140,72.85,1791097079999,57494.58360,295,14.56,11490.39690,0
1791097080000,789.140,789.150,788.690,788.780,1311.17,1791097139999,1034620.56400,568,155.21,122459.85840,0
1791097140000,788.770,789.050,788.770,789.050,324.13,1791097199999,255718.27070,423,280.94,221649.60900,0
1791097200000,789.040,789.140,789.040,789.040,124.42,1791097259999,98178.64260,355,26.33,20776.61670,0
1791097260000,789.040,789.050,788.730,788.740,296.79,1791097319999,234118.05730,543,19.99,15769.18620,0
1791097320000,788.740,788.740,788.290,788.320,373.23,1791097379999,294289.03850,903,49.30,38865.77150,0
1791097380000,788.330,788.330,788.320,788.330,87.32,1791097439999,68836.25670,212,15.43,12163.93190,0
1791097440000,788.330,788.330,788.160,788.300,226.41,1791097499999,178466.41980,435,38.10,30031.81300,0
1791097500000,788.300,788.420,788.150,788.420,325.20,1791097559999,256336.49040,558,74.73,58909.70320,0
1791097560000,788.420,788.420,788.330,788.340,75.01,1791097619999,59137.86160,281,46.34,36535.18800,0
1791097620000,788.340,788.760,788.140,788.630,387.23,1791097679999,305272.96250,830,186.10,146711.59030,0
1791097680000,788.630,788.920,788.620,788.810,234.61,1791097739999,185047.45150,594,172.49,136046.07670,0
1791097740000,788.800,788.810,788.800,788.810,23.33,1791097799999,18402.80830,104,10.43,8227.28830,0
1791097800000,788.800,788.810,788.640,788.640,100.81,1791097859999,79510.25190,348,29.17,23005.30010,0
1791097860000,788.650,788.650,788.640,788.640,61.85,1791097919999,48777.79230,232,40.83,32200.57950,0
1791097920000,788.650,788.650,788.640,788.650,39.70,1791097979999,31309.09800,184,9.00,7097.85000,0
1791097980000,788.650,788.650,788.550,788.550,70.94,1791098039999,55943.08390,276,13.39,10559.90030,0
1791098040000,788.560,788.560,788.380,788.380,59.49,1791098099999,46907.84240,286,4.26,3358.82430,0
1791098100000,788.390,788.390,788.070,788.130,113.74,1791098159999,89645.05610,399,58.63,46206.35880,0
1791098160000,788.140,788.140,787.880,787.950,611.46,1791098219999,481844.37390,505,73.23,57703.66420,0
1791098220000,787.960,788.020,787.300,787.470,795.05,1791098279999,626190.98010,999,128.19,100985.36290,0
1791098280000,787.480,787.690,787.480,787.580,177.52,1791098339999,139813.36130,501,81.36,64076.39230,0
1791098340000,787.580,787.610,787.510,787.600,144.10,1791098399999,113485.20600,377,97.85,77059.83550,0
1791098400000,787.600,787.930,787.570,787.930,138.14,1791098459999,108804.82970,329,124.24,97856.84510,0
1791098460000,787.940,788.000,787.760,787.760,105.49,1791098519999,83115.33430,421,24.00,18910.05410,0
1791098520000,787.760,788.070,787.750,787.990,133.98,1791098579999,105575.53420,421,57.31,45156.47170,0
1791098580000,787.990,788.400,787.980,788.390,95.40,1791098639999,75195.47810,368,82.07,64688.89410,0
1791098640000,788.400,788.400,788.250,788.260,26.20,1791098699999,20654.41690,217,1.98,1560.83500,0
1791098700000,788.250,788.470,788.160,788.370,348.19,1791098759999,274473.30320,573,245.93,193860.20800,0
1791098760000,788.370,788.370,788.120,788.130,53.72,1791098819999,42346.22280,256,11.81,9308.21770,0
1791098820000,788.130,788.140,788.110,788.110,54.63,1791098879999,43055.09210,199,13.62,10734.32990,0
1791098880000,788.120,788.710,788.110,788.700,290.28,1791098939999,228878.11700,621,256.49,202235.95520,0
1791098940000,788.710,788.760,788.480,788.480,124.11,1791098999999,97884.21590,397,64.11,50564.53850,0
1791099000000,788.490,788.540,788.310,788.310,50.26,1791099059999,39627.97010,374,22.11,17433.12890,0
1791099060000,788.310,788.320,788.060,788.230,230.38,1791099119999,181584.81970,609,186.18,146746.52830,0
1791099120000,788.220,788.220,787.700,787.700,98.50,1791099179999,77609.16250,427,16.39,12915.46480,0
1791099180000,787.700,787.700,787.640,787.650,25.13,1791099239999,19793.67020,145,5.50,4332.07500,0
1791099240000,787.650,787.650,787.640,787.640,70.00,1791099299999,55134.99190,214,19.19,15115.00350,0
1791099300000,787.640,788.010,787.640,788.000,177.85,1791099359999,140119.57520,396,151.27,119180.08250,0
1791099360000,788.010,788.190,788.010,788.190,91.15,1791099419999,71839.34130,221,68.95,54341.74660,0
1791099420000,788.190,788.190,787.860,788.030,148.75,1791099479999,117228.69790,404,32.14,25325.97480,0
1791099480000,788.030,788.030,788.020,788.020,25.04,1791099539999,19732.09420,173,7.34,5784.14020,0
1791099540000,788.020,788.030,787.820,787.930,144.84,1791099599999,114124.01800,274,19.14,15079.54240,0
1791099600000,787.920,788.060,787.920,788.060,72.41,1791099659999,57060.64580,172,36.86,29046.92820,0
1791099660000,788.060,788.400,788.050,788.290,156.63,1791099719999,123468.58350,444,87.97,69346.02360,0
1791099720000,788.290,788.400,788.280,788.400,115.73,1791099779999,91231.82660,214,72.11,56846.62780,0
1791099780000,788.390,788.460,788.370,788.460,158.76,1791099839999,125166.05220,283,120.76,95207.05190,0
1791099840000,788.460,788.460,788.370,788.370,43.52,1791099899999,34313.11160,155,7.58,5976.48860,0
1791099900000,788.370,788.440,788.160,788.210,401.62,1791099959999,316597.41300,544,105.84,83441.51090,0
1791099960000,788.210,788.370,788.160,788.170,333.36,1791100019999,262785.70760,396,269.13,212156.76760,0
1791100020000,788.170,788.240,788.160,788.230,56.69,1791100079999,44682.83070,198,32.35,25497.73810,0
1791100080000,788.240,788.310,788.230,788.300,41.33,1791100139999,32579.33580,162,12.51,9861.16220,0
1791100140000,788.300,788.300,788.090,788.150,148.04,1791100199999,116682.18760,320,55.40,43662.30380,0
1791100200000,788.150,788.310,788.140,788.300,81.77,1791100259999,64454.20950,270,66.11,52110.39470,0
1791100260000,788.310,788.320,788.300,788.320,51.35,1791100319999,40479.76640,176,23.63,18627.88110,0
1791100320000,788.320,788.400,788.080,788.210,172.89,1791100379999,136287.26770,522,36.75,28968.26390,0
1791100380000,788.220,788.460,788.210,788.380,174.45,1791100439999,137532.29020,415,73.41,57872.74850,0
1791100440000,788.380,788.380,788.070,788.080,246.77,1791100499999,194499.82310,313,4.71,3712.80820,0
1791100500000,788.080,788.110,787.940,787.990,129.85,1791100559999,102327.15440,376,30.21,23806.84670,0
1791100560000,787.980,787.980,787.750,787.750,275.75,1791100619999,217244.40190,363,13.26,10446.68540,0
1791100620000,787.760,788.380,787.750,788.170,243.32,1791100679999,191774.18220,576,110.68,87220.40170,0
1791100680000,788.170,788.340,788.160,788.340,137.37,1791100739999,108278.37290,352,71.50,56356.78130,0
1791100740000,788.350,788.500,788.200,788.260,356.14,1791100799999,280770.96430,633,94.44,74458.43730,0
1791100800000,788.260,788.430,787.870,788.050,302.25,1791100859999,238201.42310,894,135.15,106507.03030,0
1791100860000,788.040,788.160,787.920,788.140,181.27,1791100919999,142851.55420,637,48.16,37951.40030,0
1791100920000,788.130,788.160,787.650,787.730,832.28,1791100979999,655716.83570,1938,476.50,375395.40090,0
1791100980000,787.730,787.850,787.580,787.640,311.59,1791101039999,245462.43740,956,62.84,49501.44350,0
1791101040000,787.640,788.000,787.630,787.980,269.22,1791101099999,212109.88090,512,207.41,163404.92270,0
1791101100000,787.980,788.040,787.910,788.020,181.78,1791101159999,143239.75940,385,40.48,31897.93280,0
1791101160000,788.020,788.080,787.990,788.020,93.15,1791101219999,73404.98410,311,50.31,39645.45060,0
1791101220000,788.010,788.080,788.010,788.010,52.27,1791101279999,41190.29950,228,17.39,13703.82090,0
1791101280000,788.020,788.080,787.790,787.790,433.40,1791101339999,341491.93480,484,31.23,24608.28050,0
1791101340000,787.800,788.010,787.790,788.010,107.99,1791101399999,85083.88000,280,94.89,74763.54420,0
1791101400000,788.010,788.730,788.010,788.700,215.25,1791101459999,169684.69740,590,200.21,157823.37700,0
1791101460000,788.710,788.710,788.420,788.550,451.96,1791101519999,356413.15760,536,140.60,110880.63920,0
1791101520000,788.550,789.000,788.540,788.950,341.25,1791101579999,269171.00710,629,274.87,216803.19960,0
1791101580000,788.950,789.000,788.940,789.000,69.05,1791101639999,54478.08250,206,56.00,44182.10500,0
1791101640000,789.000,789.000,788.950,788.950,97.82,1791101699999,77176.39990,176,36.38,28702.62740,0
1791101700000,788.960,788.960,788.800,788.900,204.69,1791101759999,161473.81900,409,119.68,94409.40760,0
1791101760000,788.900,789.080,788.900,789.040,313.47,1791101819999,247338.52920,421,217.92,171944.79950,0
1791101820000,789.030,789.040,789.030,789.030,35.83,1791101879999,28271.18540,145,24.05,18976.41200,0
1791101880000,789.040,789.340,789.040,789.090,302.26,1791101939999,238530.20870,585,214.60,169347.00010,0
1791101940000,789.100,789.100,789.040,789.050,81.19,1791101999999,64066.25270,209,29.50,23278.43150,0
1791102000000,789.050,789.050,788.870,788.910,190.04,1791102059999,149933.57520,342,55.56,43832.85700,0
1791102060000,788.910,789.050,788.880,788.960,266.58,1791102119999,210319.76920,359,59.45,46903.05210,0
1791102120000,788.960,789.260,788.960,789.150,244.93,1791102179999,193292.03990,416,72.75,57407.43810,0
1791102180000,789.140,789.250,789.140,789.250,63.90,1791102239999,50429.72120,194,29.69,23430.75450,0
1791102240000,789.240,789.240,788.750,788.750,257.61,1791102299999,203231.47660,512,50.46,39808.28230,0
1791102300000,788.750,788.920,788.630,788.840,254.40,1791102359999,200656.05910,476,118.24,93256.73580,0
1791102360000,788.850,788.960,788.700,788.960,165.98,1791102419999,130926.21040,388,89.13,70307.54530,0
1791102420000,788.960,789.110,788.930,788.940,191.62,1791102479999,151193.56080,422,52.00,41029.26010,0
1791102480000,788.940,789.200,788.940,789.130,242.04,1791102539999,190994.47090,353,225.64,178054.72140,0
1791102540000,789.140,789.360,789.030,789.210,286.90,1791102599999,226410.26800,442,176.68,139423.56940,0
1791102600000,789.220,789.320,789.150,789.210,166.78,1791102659999,131630.44880,378,22.08,17426.65380,0
1791102660000,789.210,789.210,788.980,788.990,191.66,1791102719999,151243.35530,417,43.59,34396.78000,0
1791102720000,788.990,789.300,788.990,789.290,118.66,1791102779999,93637.74730,324,103.36,81563.52550,0
1791102780000,789.290,789.300,789.190,789.200,150.68,1791102839999,118928.21290,294,15.02,11854.83290,0
1791102840000,789.200,789.700,789.190,789.700,307.44,1791102899999,242717.43860,494,292.07,230582.70610,0
1791102900000,789.700,789.700,789.590,789.600,71.37,1791102959999,56357.34040,195,27.13,21423.24500,0
1791102960000,789.590,789.640,789.590,789.640,123.12,1791103019999,97217.05280,248,56.53,44636.44270,0
1791103020000,789.630,789.630,789.210,789.210,297.51,1791103079999,234869.88910,561,28.94,22843.75810,0
1791103080000,789.220,789.220,789.210,789.220,102.02,1791103139999,80515.90140,242,69.72,55024.41840,0
1791103140000,789.220,789.390,789.210,789.390,128.16,1791103199999,101148.67510,285,80.48,63518.66970,0
1791103200000,789.380,789.440,789.380,789.430,77.61,1791103259999,61267.92110,198,66.53,52521.05020,0
1791103260000,789.430,789.540,789.430,789.530,40.94,1791103319999,32321.89830,201,27.15,21434.38160,0
1791103320000,789.540,789.540,789.080,789.090,226.18,1791103379999,178520.01930,472,34.50,27227.26460,0
1791103380000,789.080,789.110,789.080,789.100,84.02,1791103439999,66299.15260,150,39.69,31319.03720,0
1791103440000,789.100,789.110,789.100,789.100,24.74,1791103499999,19522.43730,118,10.33,8151.50630,0
1791103500000,789.110,789.110,788.960,789.110,272.63,1791103559999,215119.14200,407,39.90,31483.19580,0
1791103560000,789.110,789.420,789.110,789.380,196.66,1791103619999,155229.72460,514,93.44,73747.44250,0
1791103620000,789.390,789.400,789.370,789.370,215.89,1791103679999,170420.80490,260,127.01,100260.30330,0
1791103680000,789.370,789.450,789.370,789.430,98.99,1791103739999,78144.40410,278,38.34,30265.15390,0
1791103740000,789.420,789.450,789.350,789.350,216.32,1791103799999,170769.20450,402,68.61,54162.91740,0
1791103800000,789.350,789.350,789.240,789.340,195.03,1791103859999,153936.65980,427,101.07,79773.01170,0
1791103860000,789.350,789.360,789.290,789.300,128.92,1791103919999,101760.99430,300,28.00,22101.72200,0
1791103920000,789.290,789.420,789.290,789.410,211.18,1791103979999,166697.96070,274,192.83,152212.92800,0
1791103980000,789.410,789.690,789.410,789.680,215.77,1791104039999,170340.78340,393,208.11,164293.17630,0
1791104040000,789.690,790.790,789.690,790.260,2094.19,1791104099999,1654946.47880,2089,1443.83,1140908.79080,0
1791104100000,790.250,790.260,789.780,789.890,489.85,1791104159999,386978.68740,661,94.59,74719.54750,0
1791104160000,789.890,790.210,789.880,790.200,210.51,1791104219999,166310.76320,374,167.51,132334.49740,0
1791104220000,790.210,790.250,789.580,789.650,432.33,1791104279999,341440.28290,720,117.50,92793.38370,0
1791104280000,789.640,790.170,789.640,790.170,375.37,1791104339999,296507.88480,532,301.52,238163.63400,0
1791104340000,790.170,790.230,790.170,790.220,65.10,1791104399999,51443.28120,254,53.78,42497.99080,0
1791104400000,790.230,790.950,790.220,790.430,769.91,1791104459999,608736.95350,1318,620.78,490823.02820,0
1791104460000,790.440,790.610,789.940,789.940,416.33,1791104519999,329026.27400,1192,146.42,115720.12940,0
1791104520000,789.950,790.050,789.770,789.880,156.81,1791104579999,123858.95800,664,26.02,20552.27330,0
1791104580000,789.880,790.570,789.880,790.320,276.77,1791104639999,218742.32320,903,143.93,113743.11130,0
1791104640000,790.310,790.590,790.310,790.510,142.95,1791104699999,113000.44120,454,91.10,72010.29350,0
1791104700000,790.500,790.510,790.130,790.250,251.13,1791104759999,198472.04870,880,70.13,55420.96530,0
1791104760000,790.250,790.400,790.250,790.260,156.23,1791104819999,123473.96100,558,53.73,42464.28320,0
1791104820000,790.250,790.570,790.250,790.560,187.96,1791104879999,148566.34740,531,148.81,117618.97530,0
1791104880000,790.560,791.600,790.560,791.060,1102.71,1791104939999,872491.48060,1725,920.52,728325.81990,0
1791104940000,791.070,792.000,791.060,791.560,1213.52,1791104999999,960788.41970,1771,901.44,713669.58950,0
1791105000000,791.570,792.310,791.560,791.940,1287.69,1791105059999,1019825.03080,1679,793.16,628179.79520,0
1791105060000,791.940,793.130,791.940,792.200,1690.67,1791105119999,1340181.03830,2117,1043.00,826653.03930,0
1791105120000,792.200,792.770,792.010,792.760,866.70,1791105179999,686812.90350,1356,642.58,509206.72160,0
1791105180000,792.770,792.990,792.540,792.680,604.40,1791105239999,479131.71640,1152,326.11,258514.48970,0
1791105240000,792.680,793.080,792.590,792.720,794.75,1791105299999,630075.41670,1301,540.39,428415.11880,0
1791105300000,792.730,792.880,792.680,792.690,430.57,1791105359999,341350.73060,665,94.97,75289.68280,0
1791105360000,792.690,793.100,792.020,792.160,576.91,1791105419999,457199.38420,1457,243.18,192732.31530,0
1791105420000,792.160,794.600,792.050,794.420,2886.58,1791105479999,2290059.40120,3908,2045.33,1622913.66390,0
1791105480000,794.410,795.120,794.330,794.960,2838.01,1791105539999,2255561.53950,3700,2038.09,1619850.06810,0
1791105540000,794.960,795.360,793.570,793.630,1166.58,1791105599999,926816.51160,2153,462.56,367498.05130,0
1791105600000,793.630,794.110,793.340,793.440,1548.72,1791105659999,1229318.71500,1870,531.22,421703.76000,0
1791105660000,793.440,794.100,793.440,794.100,433.88,1791105719999,344340.00220,997,245.36,194728.56090,0
1791105720000,794.090,795.210,794.020,794.720,1325.54,1791105779999,1053510.27600,2111,1016.53,807906.11770,0
1791105780000,794.720,795.340,794.610,795.120,921.16,1791105839999,732269.64170,1570,702.07,558111.46900,0
1791105840000,795.110,795.720,794.920,795.010,2195.78,1791105899999,1746326.17700,2406,1710.26,1360242.26950,0
1791105900000,795.010,795.410,794.990,795.000,683.84,1791105959999,543733.45990,1157,456.72,363138.89080,0
1791105960000,795.000,795.010,794.470,794.820,723.98,1791106019999,575382.48700,1050,179.70,142818.01970,0
1791106020000,794.810,795.020,794.680,794.680,493.30,1791106079999,392076.40110,932,225.41,179149.17590,0
1791106080000,794.680,794.690,794.500,794.510,270.48,1791106139999,214923.81290,714,93.91,74623.26200,0
1791106140000,794.500,794.510,793.830,793.840,829.52,1791106199999,658773.73450,1458,84.46,67087.26590,0
1791106200000,793.840,795.360,793.770,795.140,1707.20,1791106259999,1356165.29970,3286,1351.50,1073599.53770,0
1791106260000,795.130,795.500,795.130,795.400,365.80,1791106319999,290963.57680,823,284.06,225943.07330,0
1791106320000,795.400,795.770,794.890,794.890,657.82,1791106379999,523281.10570,1437,341.21,271439.69090,0
1791106380000,794.900,794.900,794.200,794.210,464.45,1791106439999,369069.75410,1101,84.62,67247.58040,0
1791106440000,794.200,794.430,794.130,794.360,924.42,1791106499999,734186.68860,828,545.40,433148.54940,0
1791106500000,794.360,794.400,794.260,794.310,245.94,1791106559999,195367.68980,507,166.06,131913.51510,0
1791106560000,794.310,794.310,793.840,794.060,454.60,1791106619999,360925.27290,932,128.58,102082.29090,0
1791106620000,794.050,794.060,793.470,793.480,630.12,1791106679999,500188.94050,987,139.61,110826.17600,0
1791106680000,793.470,794.100,793.280,794.090,1088.78,1791106739999,863970.02300,1221,653.74,518706.70940,0
1791106740000,794.090,794.200,793.740,794.200,270.79,1791106799999,215018.54450,888,174.35,138437.60170,0
1791106800000,794.190,794.200,794.000,794.000,1229.99,1791106859999,976780.39460,984,289.38,229793.59800,0
1791106860000,794.000,794.370,793.920,794.110,505.54,1791106919999,401464.90460,767,411.14,326499.14070,0
1791106920000,794.110,794.430,793.970,793.990,751.81,1791106979999,597084.19090,1186,163.89,130168.88010,0
1791106980000,793.990,793.990,793.500,793.630,1259.83,1791107039999,999912.50600,1115,421.90,334807.50590,0
1791107040000,793.630,793.780,793.420,793.550,288.31,1791107099999,228792.63200,703,82.54,65501.38100,0
1791107100000,793.550,793.560,793.550,793.560,81.91,1791107159999,64999.92870,190,46.09,36574.96770,0
1791107160000,793.550,793.690,793.550,793.690,110.91,1791107219999,88017.13140,420,81.67,64813.45210,0
1791107220000,793.680,793.790,793.680,793.710,177.12,1791107279999,140590.97350,422,95.63,75907.37680,0
1791107280000,793.700,793.700,793.460,793.470,145.55,1791107339999,115513.46000,426,51.48,40858.31820,0
1791107340000,793.460,793.490,792.430,792.430,1091.68,1791107399999,865660.90420,1463,182.10,144396.48970,0
1791107400000,792.430,792.530,791.910,791.960,637.68,1791107459999,505189.37010,1064,151.26,119813.24740,0
1791107460000,791.960,791.990,791.170,791.290,1435.61,1791107519999,1136344.14440,1457,211.41,167317.65850,0
1791107520000,791.290,791.570,791.280,791.550,258.88,1791107579999,204898.29280,489,118.01,93404.01030,0
1791107580000,791.550,792.090,791.550,792.080,339.97,1791107639999,269226.98420,585,289.89,229567.11080,0
1791107640000,792.090,792.120,792.000,792.110,155.60,1791107699999,123245.64470,399,94.51,74858.80060,0
1791107700000,792.120,792.230,792.110,792.230,254.99,1791107759999,202000.88170,328,202.30,160260.81490,0
1791107760000,792.230,792.270,792.080,792.260,245.86,1791107819999,194758.66870,543,156.80,124208.43500,0
1791107820000,792.260,792.360,792.260,792.280,303.20,1791107879999,240225.21540,397,189.40,150060.08360,0
1791107880000,792.290,792.290,791.900,791.980,1307.64,1791107939999,1035801.27640,579,120.00,95043.50170,0
1791107940000,791.970,792.410,791.970,792.410,118.10,1791107999999,93560.69430,336,110.33,87404.63880,0
1791108000000,792.410,792.830,792.410,792.670,284.07,1791108059999,225176.19480,678,183.47,145424.01620,0
1791108060000,792.660,792.670,791.920,792.240,673.96,1791108119999,533976.74040,1156,174.80,138454.74920,0
1791108120000,792.240,792.340,792.040,792.160,295.56,1791108179999,234151.78940,745,83.88,66446.10480,0
1791108180000,792.170,792.210,791.730,791.970,453.14,1791108239999,358888.44280,884,54.85,43439.04380,0
1791108240000,791.980,792.040,791.470,791.890,470.91,1791108299999,372859.36870,1046,93.32,73885.33400,0
1791108300000,791.890,791.900,791.620,791.620,279.65,1791108359999,221408.98380,530,13.85,10965.42900,0
1791108360000,791.620,791.710,791.540,791.540,224.82,1791108419999,177976.57710,460,82.05,64954.50250,0
1791108420000,791.540,791.730,791.480,791.680,433.52,1791108479999,343165.70740,697,228.22,180651.90650,0
1791108480000,791.680,791.690,791.260,791.260,211.09,1791108539999,167049.30740,468,10.09,7984.75950,0
1791108540000,791.260,791.450,791.260,791.450,274.27,1791108599999,217027.18530,369,201.53,159469.18470,0
1791108600000,791.450,791.480,791.450,791.480,71.76,1791108659999,56795.46330,220,26.06,20625.64850,0
1791108660000,791.480,791.500,790.980,790.990,322.27,1791108719999,254986.62300,652,42.55,33673.19870,0
1791108720000,790.990,791.170,790.980,791.160,129.73,1791108779999,102629.14490,296,88.57,70069.13400,0
1791108780000,791.160,791.170,790.690,790.700,477.62,1791108839999,377737.72080,801,64.47,50986.66010,0
1791108840000,790.700,791.090,790.650,791.080,631.03,1791108899999,499030.65620,735,481.68,380924.59540,0
1791108900000,791.080,791.110,791.020,791.020,84.38,1791108959999,66751.17990,219,7.34,5806.61280,0
1791108960000,791.020,791.030,790.770,790.910,399.16,1791109019999,315682.05890,541,43.18,34147.86850,0
1791109020000,790.910,790.910,790.720,790.760,183.25,1791109079999,144910.65290,292,31.40,24830.45030,0
1791109080000,790.770,790.770,790.430,790.760,349.82,1791109139999,276556.88690,698,66.37,52469.92420,0
1791109140000,790.770,790.910,790.590,790.690,821.14,1791109199999,649329.83900,832,553.00,437298.15170,0
1791109200000,790.700,790.900,790.610,790.680,358.76,1791109259999,283693.05270,583,163.63,129392.55150,0
1791109260000,790.680,790.990,790.680,790.980,170.87,1791109319999,135142.91430,423,94.86,75022.96100,0
1791109320000,790.980,791.160,790.860,790.870,407.99,1791109379999,322736.69260,655,195.42,154581.46670,0
1791109380000,790.870,791.190,790.790,791.170,214.62,1791109439999,169760.14010,488,135.37,107076.37300,0
1791109440000,791.170,791.480,791.150,791.440,336.03,1791109499999,265927.99260,557,244.18,193237.57290,0
1791109500000,791.440,791.530,791.230,791.530,782.00,1791109559999,618879.55240,1726,523.53,414313.75890,0
1791109560000,791.540,791.680,791.540,791.670,585.63,1791109619999,463609.79900,1728,475.13,376134.98550,0
1791109620000,791.680,791.680,791.560,791.670,173.63,1791109679999,137447.25030,359,69.28,54842.93970,0
1791109680000,791.670,791.680,791.580,791.580,56.54,1791109739999,44759.45820,152,11.60,9182.77900,0
1791109740000,791.580,791.880,791.440,791.510,599.33,1791109799999,474466.11230,781,461.67,365494.05990,0
1791109800000,791.520,791.680,791.450,791.500,405.99,1791109859999,321345.45510,514,202.92,160619.04280,0
1791109860000,791.510,791.620,791.500,791.610,98.96,1791109919999,78330.81550,345,80.59,63790.49550,0
1791109920000,791.620,791.620,790.830,790.830,212.86,1791109979999,168436.83790,555,52.45,41498.87060,0
1791109980000,790.840,791.080,790.830,791.080,147.96,1791110039999,117026.04580,330,141.51,111924.26600,0
1791110040000,791.070,791.070,790.060,790.070,277.66,1791110099999,219510.22720,793,6.65,5257.33230,0
1791110100000,790.060,790.060,789.710,789.790,1026.63,1791110159999,810913.22260,1244,184.49,145718.22400,0
1791110160000,789.800,789.800,789.390,789.640,254.15,1791110219999,200664.68550,690,79.03,62395.19620,0
1791110220000,789.640,789.880,789.640,789.820,109.76,1791110279999,86693.41980,395,32.26,25479.93690,0
1791110280000,789.810,789.970,789.700,789.870,272.91,1791110339999,215559.17340,526,133.42,105370.91200,0
1791110340000,789.870,789.870,789.580,789.580,289.60,1791110399999,228687.87940,532,36.43,28766.03140,0
1791110400000,789.580,789.650,789.530,789.650,116.87,1791110459999,92277.55690,285,65.81,51961.71610,0
1791110460000,789.640,790.030,789.530,789.940,460.38,1791110519999,363583.56340,790,373.90,295280.89120,0
1791110520000,789.950,789.960,789.770,789.790,173.96,1791110579999,137408.13180,321,69.57,54949.66400,0
1791110580000,789.780,789.950,789.640,789.800,264.94,1791110639999,209245.18210,434,82.12,64856.23760,0
1791110640000,789.800,789.970,789.730,789.860,141.03,1791110699999,111392.84830,318,86.94,68666.35060,0
1791110700000,789.870,789.870,789.740,789.800,137.44,1791110759999,108548.78710,361,73.24,57843.61440,0
1791110760000,789.800,789.870,789.640,789.650,239.04,1791110819999,188779.38450,418,109.80,86709.81320,0
1791110820000,789.650,789.690,789.390,789.400,293.68,1791110879999,231879.22690,464,100.05,78990.03540,0
1791110880000,789.390,789.410,789.380,789.380,208.75,1791110939999,164786.26530,315,77.09,60854.81430,0
1791110940000,789.390,789.390,789.280,789.280,201.37,1791110999999,158946.94530,379,52.38,41345.18710,0
1791111000000,789.280,789.320,789.190,789.310,112.90,1791111059999,89104.88540,316,30.96,24435.40470,0
1791111060000,789.320,789.500,789.310,789.500,108.17,1791111119999,85385.69830,424,86.94,68628.64520,0
1791111120000,789.500,789.800,789.500,789.790,136.77,1791111179999,108001.69230,333,124.68,98454.16670,0
1791111180000,789.800,790.000,789.790,789.990,234.82,1791111239999,185478.19850,406,214.49,169421.62630,0
1791111240000,789.990,790.000,789.900,789.900,209.48,1791111299999,165479.34920,329,142.86,112851.12590,0
1791111300000,789.900,789.910,789.850,789.900,50.56,1791111359999,39936.62690,213,34.86,27535.22710,0
1791111360000,789.900,789.970,789.690,789.720,855.40,1791111419999,675614.51060,882,665.64,525730.65590,0
1791111420000,789.720,789.720,789.360,789.370,217.02,1791111479999,171353.35420,435,63.56,50189.13180,0
1791111480000,789.370,789.370,789.270,789.270,178.82,1791111539999,141150.60850,382,51.85,40927.09100,0
1791111540000,789.260,789.260,789.140,789.140,204.59,1791111599999,161459.25980,371,30.35,23952.24580,0
1791111600000,789.140,789.150,788.910,788.920,414.38,1791111659999,326960.42540,546,81.10,63991.06330,0
1791111660000,788.920,788.960,788.700,788.950,365.90,1791111719999,288639.67920,879,135.38,106792.48750,0
1791111720000,788.960,789.050,788.900,788.900,244.45,1791111779999,192863.96890,512,138.76,109479.07080,0
1791111780000,788.910,789.050,788.900,788.980,186.18,1791111839999,146891.41190,480,134.01,105730.48900,0
1791111840000,788.980,788.980,788.750,788.750,319.92,1791111899999,252390.31580,502,32.09,25316.18280,0
1791111900000,788.750,788.920,788.650,788.900,1668.83,1791111959999,1316533.71930,635,1376.14,1085648.81400,0
1791111960000,788.910,789.050,788.900,788.970,457.09,1791112019999,360613.63670,358,412.52,325447.98200,0
1791112020000,788.970,788.970,788.960,788.970,33.90,1791112079999,26745.84960,115,10.56,8331.52320,0
1791112080000,788.970,788.970,788.770,788.870,314.04,1791112139999,247737.43390,549,96.84,76395.61610,0
1791112140000,788.870,788.870,788.860,788.860,77.88,1791112199999,61436.70780,167,29.10,22956.11700,0
1791112200000,788.870,788.980,788.790,788.890,415.08,1791112259999,327446.54150,502,200.28,157995.82870,0
1791112260000,788.880,788.930,788.670,788.670,191.08,1791112319999,150742.42890,462,134.16,105839.62400,0
1791112320000,788.670,788.680,788.360,788.370,187.27,1791112379999,147672.89510,496,16.67,13145.69540,0
1791112380000,788.370,788.370,788.220,788.240,295.75,1791112439999,233137.39880,464,82.54,65063.52250,0
1791112440000,788.240,788.240,788.060,788.080,330.68,1791112499999,260620.06340,531,70.02,55182.31660,0
1791112500000,788.070,788.330,788.070,788.300,657.39,1791112559999,518126.13640,506,629.05,495790.59560,0
1791112560000,788.300,788.570,788.290,788.570,266.34,1791112619999,209993.44170,493,223.99,176600.92630,0
1791112620000,788.580,788.920,788.570,788.920,331.21,1791112679999,261248.43190,518,263.35,207726.20430,0
1791112680000,788.920,789.000,788.910,789.000,138.96,1791112739999,109628.69920,349,94.58,74616.74060,0
1791112740000,788.990,789.280,788.990,789.270,172.27,1791112799999,135945.67730,438,132.96,104921.90430,0
1791112800000,789.270,789.340,789.270,789.330,97.85,1791112859999,77234.50640,183,81.94,64676.31490,0
1791112860000,789.330,789.360,789.060,789.060,196.81,1791112919999,155328.90710,498,51.85,40922.23220,0
1791112920000,789.070,789.110,789.060,789.100,105.86,1791112979999,83532.16110,254,75.08,59243.98630,0
1791112980000,789.090,789.650,789.090,789.650,694.53,1791113039999,548231.83600,772,648.23,511683.51530,0
1791113040000,789.650,789.720,789.430,789.430,188.72,1791113099999,149017.74420,397,78.88,62285.54750,0
1791113100000,789.430,789.570,789.420,789.570,86.68,1791113159999,68432.41730,311,77.60,61263.98150,0
1791113160000,789.580,790.000,789.580,789.940,169.42,1791113219999,133818.62350,617,120.92,95506.73600,0
1791113220000,789.930,789.940,789.720,789.730,145.64,1791113279999,115028.62630,338,48.71,38470.73980,0
1791113280000,789.730,789.780,789.420,789.420,214.51,1791113339999,169390.88310,471,85.05,67158.71980,0
1791113340000,789.410,789.420,789.230,789.230,180.96,1791113399999,142831.32080,306,34.32,27088.46640,0
1791113400000,789.230,789.960,789.230,789.960,283.59,1791113459999,223899.22090,695,218.12,172208.35340,0
1791113460000,789.970,790.000,789.920,789.920,172.06,1791113519999,135923.32400,274,57.08,45093.17420,0
1791113520000,789.930,789.930,789.710,789.770,267.58,1791113579999,211332.32990,542,110.53,87293.16240,0
1791113580000,789.760,789.770,789.710,789.710,45.28,1791113639999,35760.01730,192,15.40,12162.38400,0
1791113640000,789.710,789.710,789.380,789.380,186.88,1791113699999,147541.46850,344,36.37,28711.47100,0
1791113700000,789.390,789.520,789.370,789.430,323.81,1791113759999,255616.41260,405,129.36,102117.20710,0
1791113760000,789.430,789.440,789.420,789.430,47.93,1791113819999,37837.39760,185,19.63,15496.59910,0
1791113820000,789.420,789.680,789.400,789.680,117.18,1791113879999,92507.18410,457,83.02,65540.78080,0
1791113880000,789.670,789.680,789.450,789.470,62.62,1791113939999,49442.12880,293,33.31,26298.00080,0
1791113940000,789.470,789.480,789.420,789.480,70.46,1791113999999,55624.45390,265,31.85,25143.64200,0
1791114000000,789.480,789.670,789.380,789.380,378.83,1791114059999,299080.35170,454,50.63,39971.59350,0
1791114060000,789.380,789.390,788.770,788.870,1331.04,1791114119999,1050595.41020,585,80.03,63137.49510,0
1791114120000,788.870,788.880,788.700,788.700,65.86,1791114179999,51948.53000,257,26.35,20782.57430,0
1791114180000,788.710,788.930,788.500,788.500,177.49,1791114239999,140000.77380,448,47.19,37221.36150,0
1791114240000,788.500,788.510,788.250,788.280,346.43,1791114299999,273114.70750,556,30.60,24124.08120,0
1791114300000,788.280,788.280,788.020,788.210,270.61,1791114359999,213279.60760,490,45.08,35526.79130,0
1791114360000,788.220,788.380,788.220,788.380,231.70,1791114419999,182652.12030,443,92.29,72751.40390,0
1791114420000,788.380,788.620,788.370,788.610,57.78,1791114479999,45560.13370,314,50.54,39851.03330,0
1791114480000,788.620,788.730,788.470,788.470,167.97,1791114539999,132474.08460,477,55.51,43778.00530,0
1791114540000,788.460,788.640,788.460,788.640,101.54,1791114599999,80065.57130,255,95.35,75184.54000,0
1791114600000,788.640,788.650,788.640,788.640,27.87,1791114659999,21979.46500,121,6.82,5378.59300,0
1791114660000,788.640,788.650,788.570,788.570,92.14,1791114719999,72660.30050,270,59.21,46691.85750,0
1791114720000,788.570,788.640,788.570,788.630,72.30,1791114779999,57015.84010,255,53.32,42048.33210,0
1791114780000,788.640,788.690,788.550,788.650,208.45,1791114839999,164388.29180,424,123.29,97228.10400,0
1791114840000,788.650,788.890,788.640,788.880,119.10,1791114899999,93940.36910,390,116.60,91968.65900,0
1791114900000,788.890,789.090,788.880,789.080,118.12,1791114959999,93193.40120,478,82.49,65080.57610,0
1791114960000,789.090,789.110,788.930,788.930,88.43,1791115019999,69776.45170,283,43.52,34339.68470,0
1791115020000,788.930,788.970,788.930,788.970,59.60,1791115079999,47021.31480,166,50.43,39786.64310,0
1791115080000,788.960,789.000,788.740,789.000,261.10,1791115139999,205969.57590,431,150.35,118598.92330,0
1791115140000,789.010,789.170,789.000,789.150,53.66,1791115199999,42342.12330,215,32.82,25896.93140,0
1791115200000,789.150,789.190,789.060,789.180,144.60,1791115259999,114107.66460,410,75.83,59838.19600,0
1791115260000,789.180,789.580,789.160,789.460,467.75,1791115319999,369206.43910,829,341.46,269531.59910,0
1791115320000,789.470,789.480,789.370,789.470,266.17,1791115379999,210124.31850,483,90.31,71292.15080,0
1791115380000,789.480,789.530,789.090,789.150,146.19,1791115439999,115386.17250,522,44.88,35419.49080,0
1791115440000,789.150,789.530,789.040,789.420,549.03,1791115499999,433320.75970,577,387.65,305961.68320,0
1791115500000,789.420,789.530,789.420,789.460,86.37,1791115559999,68186.70150,278,37.23,29391.54040,0
1791115560000,789.470,789.750,789.460,789.610,338.45,1791115619999,267235.55190,675,208.82,164880.69490,0
1791115620000,789.620,790.000,789.610,790.000,575.89,1791115679999,454887.52970,687,355.58,280857.70650,0
1791115680000,790.000,790.000,789.990,790.000,83.53,1791115739999,65988.66720,108,80.25,63397.50000,0
1791115740000,789.990,790.130,789.930,789.990,542.85,1791115799999,428846.69690,744,373.58,295123.44360,0
1791115800000,789.990,790.050,789.980,790.000,113.90,1791115859999,89983.91850,367,50.18,39643.18100,0
1791115860000,790.000,790.090,789.960,789.990,181.85,1791115919999,143663.95170,493,144.93,114496.20150,0
1791115920000,789.990,790.000,789.590,789.590,192.45,1791115979999,152005.53470,647,35.19,27793.80610,0
1791115980000,789.600,789.600,788.960,789.090,359.98,1791116039999,284064.99890,714,110.88,87491.69290,0
1791116040000,789.100,789.110,788.860,788.860,70.72,1791116099999,55795.52780,355,21.04,16600.45120,0
1791116100000,788.860,788.880,788.390,788.390,655.17,1791116159999,516665.43930,811,110.52,87160.48900,0
1791116160000,788.390,788.790,788.080,788.190,559.28,1791116219999,440923.76650,1009,196.04,154582.99930,0
1791116220000,788.190,788.310,787.640,788.200,1709.00,1791116279999,1346684.98970,1481,133.84,105467.13110,0
1791116280000,788.200,788.840,788.200,788.820,213.20,1791116339999,168142.41160,742,159.40,125712.34490,0
1791116340000,788.800,788.840,788.560,788.810,269.93,1791116399999,212892.53550,673,214.66,169300.77330,0
1791116400000,788.800,788.870,788.620,788.860,105.49,1791116459999,83201.80660,357,56.90,44875.46780,0
1791116460000,788.860,789.000,788.810,788.960,131.51,1791116519999,103752.37660,458,57.89,45668.65940,0
1791116520000,788.960,789.090,788.960,789.090,79.53,1791116579999,62751.10960,308,62.12,49013.89870,0
1791116580000,789.100,789.100,788.770,788.780,664.65,1791116639999,524402.86890,380,52.51,41426.34980,0
1791116640000,788.780,788.920,788.770,788.900,83.01,1791116699999,65483.60650,318,20.06,15824.08810,0
1791116700000,788.890,788.950,788.860,788.870,80.07,1791116759999,63168.10440,242,15.35,12109.53920,0
1791116760000,788.860,788.870,788.770,788.780,59.83,1791116819999,47196.84440,251,8.43,6650.14890,0
1791116820000,788.780,788.880,788.770,788.880,87.75,1791116879999,69217.60590,212,68.78,54253.90000,0
1791116880000,788.880,789.080,788.880,788.950,112.71,1791116939999,88926.17740,319,72.93,57538.14160,0
1791116940000,788.960,789.160,788.700,788.700,712.85,1791116999999,562391.56230,610,28.89,22791.91490,0
1791117000000,788.700,788.870,788.660,788.860,97.50,1791117059999,76899.52120,379,69.28,54641.79020,0
1791117060000,788.870,789.210,788.860,789.210,97.27,1791117119999,76754.12650,368,94.78,74789.54320,0
1791117120000,789.200,789.280,788.920,789.000,214.44,1791117179999,169213.08490,529,113.39,89473.77120,0
1791117180000,789.000,789.360,789.000,789.310,193.72,1791117239999,152891.45270,499,128.05,101062.17750,0
1791117240000,789.320,789.320,789.240,789.250,40.07,1791117299999,31625.93670,144,13.26,10465.79080,0
1791117300000,789.240,789.290,789.240,789.280,69.72,1791117359999,55027.66680,192,56.69,44743.63800,0
1791117360000,789.280,789.360,789.240,789.360,73.49,1791117419999,58003.64390,275,55.18,43551.83810,0
1791117420000,789.350,789.360,789.290,789.290,66.29,1791117479999,52325.22050,272,36.42,28747.98780,0
1791117480000,789.300,789.350,789.160,789.280,104.85,1791117539999,82752.52190,456,41.59,32823.66860,0
1791117540000,789.280,789.280,789.120,789.140,65.38,1791117599999,51594.36010,211,41.44,32701.62570,0
1791117600000,789.120,789.310,789.120,789.260,62.33,1791117659999,49193.70450,251,34.41,27157.33560,0
1791117660000,789.250,789.480,789.250,789.470,151.62,1791117719999,119687.29740,368,108.61,85732.65220,0
1791117720000,789.470,789.480,789.280,789.280,52.48,1791117779999,41425.90050,239,20.05,15825.31070,0
1791117780000,789.280,789.290,789.050,789.140,137.01,1791117839999,108118.97310,463,83.56,65937.57250,0
1791117840000,789.140,789.140,788.770,788.770,104.28,1791117899999,82270.23500,313,25.51,20125.47360,0
1791117900000,788.770,788.930,788.550,788.630,245.77,1791117959999,193840.16740,629,84.06,66297.98420,0
1791117960000,788.630,788.640,788.440,788.490,423.58,1791118019999,334011.40670,489,106.60,84054.65700,0
1791118020000,788.500,788.760,788.500,788.610,283.97,1791118079999,223958.00600,514,131.24,103504.97190,0
1791118080000,788.620,788.760,788.500,788.760,149.74,1791118139999,118080.79420,368,85.39,67336.68400,0
1791118140000,788.760,789.400,788.760,789.300,338.26,1791118199999,266927.14250,556,287.62,226973.26980,0
1791118200000,789.300,789.310,789.290,789.300,48.92,1791118259999,38612.53700,193,44.21,34894.97350,0
1791118260000,789.310,789.310,789.250,789.250,52.55,1791118319999,41476.35570,251,31.98,25240.78130,0
1791118320000,789.260,789.310,789.250,789.310,65.47,1791118379999,51673.64650,231,54.54,43047.09880,0
1791118380000,789.310,789.500,789.310,789.490,86.37,1791118439999,68182.43520,265,80.10,63232.85190,0
1791118440000,789.500,789.500,789.070,789.190,355.65,1791118499999,280679.45430,520,247.65,195435.86020,0
1791118500000,789.180,789.280,789.050,789.280,198.28,1791118559999,156471.33200,497,84.47,66657.99380,0
1791118560000,789.280,789.290,789.230,789.280,74.04,1791118619999,58436.41620,181,54.26,42824.70560,0
1791118620000,789.290,789.420,789.230,789.420,136.54,1791118679999,107775.95230,334,79.28,62576.86350,0
1791118680000,789.410,789.420,789.240,789.240,72.85,1791118739999,57502.58830,244,23.23,18336.69850,0
1791118740000,789.240,789.360,789.050,789.090,230.36,1791118799999,181800.22870,385,24.52,19353.01870,0
1791118800000,789.090,789.440,789.090,789.440,117.25,1791118859999,92544.85120,397,89.74,70829.72380,0
1791118860000,789.430,789.630,789.430,789.620,126.17,1791118919999,99623.07990,357,85.98,67888.38610,0
1791118920000,789.630,789.920,789.620,789.870,299.08,1791118979999,236205.22160,682,202.14,159642.99020,0
1791118980000,789.880,789.880,789.780,789.870,185.20,1791119039999,146277.20310,441,80.82,63834.27750,0
1791119040000,789.880,789.930,789.630,789.630,190.46,1791119099999,150439.89840,334,37.99,30006.42720,0
1791119100000,789.640,789.640,789.270,789.280,120.17,1791119159999,94876.33910,438,21.62,17068.58640,0
1791119160000,789.280,789.530,789.270,789.530,149.82,1791119219999,118254.99930,325,135.21,106723.54110,0
1791119220000,789.540,789.560,789.500,789.500,81.22,1791119279999,64126.61910,231,32.34,25533.78510,0
1791119280000,789.500,789.690,789.410,789.650,196.41,1791119339999,155074.87220,419,81.44,64296.97810,0
1791119340000,789.650,789.800,789.540,789.790,254.18,1791119399999,200727.25420,351,215.41,170108.56120,0
1791119400000,789.790,789.790,789.640,789.640,137.60,1791119459999,108668.86020,332,50.02,39502.43070,0
1791119460000,789.650,789.870,789.610,789.850,78.37,1791119519999,61893.60270,313,51.30,40513.45420,0
1791119520000,789.850,790.080,789.630,790.080,869.05,1791119579999,686398.35830,886,459.20,362709.29630,0
1791119580000,790.090,790.730,790.080,790.650,746.67,1791119639999,590227.21470,1006,644.15,509175.08110,0
1791119640000,790.650,790.650,790.560,790.570,176.59,1791119699999,139608.11610,297,93.62,74013.61190,0
1791119700000,790.580,790.730,790.480,790.500,327.09,1791119759999,258589.96460,561,111.23,87935.13400,0
1791119760000,790.490,790.980,790.490,790.980,243.92,1791119819999,192901.07210,530,219.97,173959.65830,0
1791119820000,790.980,791.000,790.960,790.990,114.64,1791119879999,90677.81210,319,87.37,69108.09490,0
1791119880000,791.000,791.110,790.980,790.980,124.99,1791119939999,98875.10080,386,81.49,64462.98540,0
1791119940000,790.980,791.060,790.730,790.730,170.23,1791119999999,134643.08230,502,43.82,34658.71010,0
1791120000000,790.720,790.790,790.610,790.780,101.11,1791120059999,79948.55340,263,56.36,44563.06170,0
1791120060000,790.780,791.060,790.770,790.920,369.95,1791120119999,292580.75560,576,57.07,45134.39510,0
1791120120000,790.920,790.950,790.910,790.930,150.14,1791120179999,118749.19280,204,58.86,46553.92860,0
1791120180000,790.930,790.930,790.500,790.630,152.05,1791120239999,120235.10880,501,48.17,38082.07620,0
1791120240000,790.640,790.760,790.630,790.760,43.81,1791120299999,34640.11680,229,21.25,16802.15160,0
1791120300000,790.760,790.760,790.630,790.630,63.48,1791120359999,50193.38310,265,11.15,8816.12960,0
1791120360000,790.640,790.640,790.300,790.300,93.57,1791120419999,73965.81220,353,8.78,6941.60820,0
1791120420000,790.300,790.590,790.140,790.580,386.97,1791120479999,305810.62260,678,248.49,196379.89710,0
1791120480000,790.590,790.670,790.450,790.460,218.93,1791120539999,173085.56960,379,62.83,49672.87550,0
1791120540000,790.460,790.610,790.450,790.600,86.85,1791120599999,68658.89030,250,52.95,41857.99480,0
1791120600000,790.600,790.690,790.600,790.660,151.17,1791120659999,119525.55740,266,66.09,52254.77480,0
1791120660000,790.660,790.710,790.650,790.710,70.59,1791120719999,55814.80330,225,51.46,40688.75530,0
1791120720000,790.710,790.710,790.700,790.700,50.48,1791120779999,39914.77280,232,23.68,18724.01280,0
1791120780000,790.700,790.710,790.540,790.540,184.63,1791120839999,145975.32250,353,28.08,22200.82630,0
1791120840000,790.550,790.650,790.320,790.350,250.86,1791120899999,198307.11500,441,66.28,52399.84020,0
1791120900000,790.350,790.350,790.000,790.030,284.94,1791120959999,225142.07830,606,73.95,58425.99810,0
1791120960000,790.030,790.720,790.030,790.660,214.82,1791121019999,169800.93160,511,139.13,109971.38310,0
1791121020000,790.660,790.700,790.600,790.700,75.04,1791121079999,59327.73450,309,42.59,33672.39110,0
1791121080000,790.700,790.790,790.610,790.630,172.58,1791121139999,136456.26460,438,67.61,53455.65040,0
1791121140000,790.630,790.630,790.460,790.460,44.82,1791121199999,35431.54610,224,13.36,10561.13640,0
1791121200000,790.460,790.460,790.170,790.180,115.12,1791121259999,90986.42780,332,24.47,19341.64180,0
1791121260000,790.180,790.340,790.170,790.280,81.18,1791121319999,64151.26880,299,54.32,42923.94870,0
1791121320000,790.290,790.290,790.280,790.280,23.33,1791121379999,18437.39520,126,16.28,12865.92120,0
1791121380000,790.290,790.490,790.290,790.440,119.71,1791121439999,94617.31330,293,90.75,71725.03540,0
1791121440000,790.450,790.450,790.270,790.270,68.01,1791121499999,53753.49120,224,5.52,4362.70160,0
1791121500000,790.270,790.280,790.210,790.210,66.30,1791121559999,52392.61340,215,24.65,19479.24100,0
1791121560000,790.220,790.550,790.210,790.480,207.76,1791121619999,164218.00750,524,138.85,109743.46040,0
1791121620000,790.490,790.490,790.310,790.310,95.17,1791121679999,75223.09840,258,17.97,14202.28840,0
1791121680000,790.310,790.460,790.310,790.460,68.62,1791121739999,54232.72290,264,61.17,48344.74940,0
1791121740000,790.460,790.870,790.450,790.700,233.34,1791121799999,184506.69330,566,156.52,123764.68170,0
1791121800000,790.690,790.690,790.290,790.290,205.11,1791121859999,162127.14940,411,35.33,27924.75690,0
1791121860000,790.290,790.300,790.270,790.270,28.62,1791121919999,22617.66920,133,8.65,6835.92460,0
1791121920000,790.280,790.460,790.270,790.450,99.81,1791121979999,78878.62740,278,74.12,58576.16770,0
1791121980000,790.450,790.460,790.400,790.400,83.35,1791122039999,65882.61690,174,14.83,11721.93980,0
1791122040000,790.400,790.410,790.290,790.300,63.87,1791122099999,50480.15380,221,10.91,8623.19920,0
1791122100000,790.300,790.300,790.270,790.280,63.44,1791122159999,50135.32340,127,14.97,11830.50040,0
1791122160000,790.280,790.280,790.210,790.210,107.64,1791122219999,85061.62930,260,25.97,20522.25430,0
1791122220000,790.210,790.220,789.840,789.840,195.54,1791122279999,154471.40050,473,29.87,23593.07280,0
1791122280000,789.840,789.840,789.770,789.770,69.78,1791122339999,55112.54690,211,6.74,5323.40160,0
1791122340000,789.780,789.860,789.730,789.850,168.52,1791122399999,133090.42010,357,110.43,87213.27590,0
1791122400000,789.860,790.120,789.750,789.760,239.21,1791122459999,188962.84080,569,69.57,54961.28120,0
1791122460000,789.760,789.760,789.750,789.760,276.20,1791122519999,218129.29680,279,34.68,27388.87680,0
1791122520000,789.760,789.880,789.150,789.150,1615.50,1791122579999,1275698.50640,1261,222.51,175685.65090,0
1791122580000,789.150,789.160,789.050,789.120,166.50,1791122639999,131384.68270,431,42.38,33441.39550,0
1791122640000,789.110,789.290,789.050,789.050,360.12,1791122699999,284202.90040,602,149.17,117725.63320,0
1791122700000,789.050,789.060,788.860,788.870,300.30,1791122759999,236920.62660,529,38.61,30460.81260,0
1791122760000,788.860,788.870,788.510,788.630,430.51,1791122819999,339538.54740,698,47.58,37526.89710,0
1791122820000,788.630,788.740,788.010,788.010,580.49,1791122879999,457629.81440,930,42.35,33389.34260,0
1791122880000,788.020,788.540,788.000,788.370,360.64,1791122939999,284250.39240,919,210.83,166169.18910,0
1791122940000,788.370,788.470,788.360,788.370,272.29,1791122999999,214685.16870,367,49.26,38838.01890,0
1791123000000,788.360,788.360,787.720,787.800,511.91,1791123059999,403360.55210,829,59.88,47181.42390,0
1791123060000,787.810,788.020,787.400,787.570,934.00,1791123119999,735703.01690,1126,279.01,219783.92190,0
1791123120000,787.580,788.060,787.500,787.620,879.37,1791123179999,692697.62760,1187,431.54,339951.19260,0
1791123180000,787.620,787.830,787.600,787.830,426.38,1791123239999,335835.14160,525,140.31,110515.58740,0
1791123240000,787.830,788.000,787.730,787.830,343.80,1791123299999,270881.12050,527,127.81,100697.45780,0
1791123300000,787.830,787.830,785.680,786.500,3618.14,1791123359999,2846884.48120,3347,541.45,425879.38270,0
1791123360000,786.510,787.200,786.510,787.040,693.57,1791123419999,545855.19270,1125,181.46,142793.86770,0
1791123420000,787.030,787.040,786.830,786.830,606.52,1791123479999,477316.13080,644,140.28,110395.36410,0
1791123480000,786.840,787.040,786.830,786.930,398.70,1791123539999,313764.68140,575,160.20,126073.82270,0
1791123540000,786.930,787.000,786.670,786.670,359.62,1791123599999,283000.76570,507,142.03,111771.98710,0
1791123600000,786.680,787.020,786.670,786.830,286.76,1791123659999,225623.98030,531,228.86,180060.63310,0
1791123660000,786.820,787.030,786.690,786.800,710.83,1791123719999,559289.22780,716,387.17,304613.75360,0
1791123720000,786.810,786.940,786.470,786.930,586.59,1791123779999,461515.85300,819,387.65,304999.51740,0
1791123780000,786.920,787.150,786.920,787.090,301.96,1791123839999,237658.05240,470,255.59,201158.88120,0
1791123840000,787.100,787.130,787.090,787.130,86.93,1791123899999,68422.77190,267,55.76,43888.85290,0
1791123900000,787.120,787.130,787.000,787.080,108.69,1791123959999,85547.00510,338,46.96,36959.84590,0
1791123960000,787.080,787.150,786.930,786.970,192.47,1791124019999,151479.71820,413,46.17,36338.93620,0
1791124020000,786.980,787.490,786.980,787.480,347.19,1791124079999,273327.62230,677,305.97,240880.68310,0
1791124080000,787.480,787.480,787.150,787.190,227.22,1791124139999,178895.43880,568,124.98,98397.45470,0
1791124140000,787.180,787.470,787.180,787.460,53.50,1791124199999,42120.67290,325,42.73,33641.95040,0
1791124200000,787.460,787.600,787.360,787.600,202.30,1791124259999,159305.19490,526,135.90,107017.31140,0
1791124260000,787.590,787.850,787.590,787.780,355.43,1791124319999,279979.81650,632,270.57,213133.91800,0
1791124320000,787.770,787.970,787.740,787.770,255.72,1791124379999,201473.88180,645,112.22,88414.68910,0
1791124380000,787.770,787.830,787.630,787.640,137.43,1791124439999,108259.08800,375,73.30,57741.73000,0
1791124440000,787.640,787.700,787.630,787.700,51.25,1791124499999,40368.41500,193,26.69,21022.83700,0
1791124500000,787.700,787.830,787.640,787.820,79.73,1791124559999,62801.85390,322,54.03,42558.27090,0
1791124560000,787.830,787.830,787.280,787.280,119.06,1791124619999,93780.34760,517,18.63,14676.99430,0
1791124620000,787.280,787.280,786.900,786.910,257.44,1791124679999,202616.73670,516,33.42,26304.92110,0
1791124680000,786.950,786.980,786.890,786.970,95.93,1791124739999,75489.30500,305,72.66,57177.20300,0
1791124740000,786.970,787.340,786.970,787.340,190.68,1791124799999,150091.15430,398,166.30,130897.58020,0
1791124800000,787.340,787.340,787.330,787.340,28.46,1791124859999,22407.53610,142,12.43,9786.63620,0
1791124860000,787.330,787.340,787.210,787.270,174.25,1791124919999,137186.90340,414,79.46,62558.50590,0
1791124920000,787.280,787.290,787.000,787.000,114.82,1791124979999,90375.15890,322,29.11,22914.34800,0
1791124980000,787.000,787.010,787.000,787.010,19.60,1791125039999,15425.28160,118,8.16,6422.00160,0
1791125040000,787.000,787.010,786.950,786.950,50.81,1791125099999,39987.08220,183,7.87,6193.55870,0
1791125100000,786.950,786.960,786.910,786.920,47.48,1791125159999,37363.93060,160,21.76,17123.97570,0
1791125160000,786.920,786.920,786.780,786.780,281.33,1791125219999,221375.73490,333,114.41,90029.32470,0
1791125220000,786.770,786.870,786.510,786.720,513.57,1791125279999,404011.20480,781,191.67,150775.76270,0
1791125280000,786.720,786.920,786.630,786.640,143.40,1791125339999,112820.68790,457,76.66,60312.44290,0
1791125340000,786.630,786.730,786.500,786.720,213.88,1791125399999,168237.33980,451,171.13,134610.99950,0
1791125400000,786.730,786.730,786.540,786.690,150.07,1791125459999,118044.34730,387,89.53,70422.42660,0
1791125460000,786.700,786.910,786.690,786.910,100.18,1791125519999,78815.44920,318,95.18,74881.88580,0
1791125520000,786.910,787.480,786.900,787.480,470.90,1791125579999,370652.60350,675,440.35,346600.62190,0
1791125580000,787.470,787.480,787.240,787.240,188.49,1791125639999,148417.20120,362,90.78,71476.12870,0
1791125640000,787.250,787.370,787.240,787.370,117.22,1791125699999,92290.72370,312,76.63,60332.46530,0
1791125700000,787.370,787.580,787.370,787.570,208.23,1791125759999,163976.60600,374,201.13,158385.16410,0
1791125760000,787.580,787.580,787.460,787.460,152.36,1791125819999,119992.12370,356,73.21,57658.22720,0
1791125820000,787.460,787.470,787.370,787.380,98.36,1791125879999,77452.37300,296,28.84,22709.73120,0
1791125880000,787.380,787.460,787.370,787.380,136.75,1791125939999,107677.91950,365,89.15,70196.32170,0
1791125940000,787.370,787.550,787.370,787.540,78.07,1791125999999,61475.61100,337,70.73,55695.65670,0
1791126000000,787.540,787.550,787.540,787.540,109.42,1791126059999,86173.00800,276,38.12,30021.40600,0
1791126060000,787.550,787.660,787.370,787.660,319.51,1791126119999,251611.42320,730,151.05,118947.21390,0
1791126120000,787.670,787.810,787.590,787.730,236.56,1791126179999,186339.71980,613,172.96,136239.93590,0
1791126180000,787.740,788.060,787.730,788.060,385.95,1791126239999,304093.26470,775,318.95,251302.36360,0
1791126240000,788.060,788.620,788.040,788.040,562.93,1791126299999,443768.21570,1208,415.44,327496.98350,0
1791126300000,788.050,788.050,787.810,788.000,156.69,1791126359999,123462.42820,552,98.73,77791.46040,0
1791126360000,788.010,788.330,787.870,788.150,815.45,1791126419999,642682.68220,983,471.77,371833.19630,0
1791126420000,788.160,788.480,788.150,788.170,337.62,1791126479999,266159.72600,693,191.06,150621.74280,0
1791126480000,788.170,788.170,787.870,787.870,233.65,1791126539999,184116.97550,413,22.08,17400.04180,0
1791126540000,787.880,788.000,787.870,787.930,170.68,1791126599999,134482.65000,391,86.77,68365.61970,0
1791126600000,787.920,788.000,787.870,788.000,150.96,1791126659999,118938.71770,300,120.23,94726.90650,0
1791126660000,788.010,788.200,788.010,788.200,39.01,1791126719999,30744.14350,276,28.12,22161.69700,0
1791126720000,788.190,788.200,787.890,788.020,318.30,1791126779999,250835.33560,459,39.56,31178.28140,0
1791126780000,788.020,788.310,788.020,788.310,164.90,1791126839999,129966.68230,394,131.14,103358.06550,0
1791126840000,788.300,788.380,788.300,788.300,65.50,1791126899999,51635.68480,283,49.73,39203.41090,0
1791126900000,788.300,788.310,788.020,788.020,225.53,1791126959999,177763.78440,386,20.92,16489.57560,0
1791126960000,788.020,788.030,787.940,787.950,64.43,1791127019999,50771.54460,263,26.22,20662.03140,0
1791127020000,787.940,788.160,787.940,788.000,151.66,1791127079999,119507.77460,408,128.59,101326.60260,0
1791127080000,788.000,788.070,787.890,788.060,191.82,1791127139999,151154.97870,473,46.00,36247.15490,0
1791127140000,788.050,788.650,788.050,788.410,249.13,1791127199999,196414.90590,776,161.66,127441.50440,0
1791127200000,788.410,788.800,788.340,788.800,452.68,1791127259999,356975.59620,1063,340.30,268355.07790,0
1791127260000,788.800,789.040,788.640,788.650,1528.57,1791127319999,1205974.56240,902,269.28,212422.84400,0
1791127320000,788.640,788.660,788.530,788.650,113.84,1791127379999,89770.94510,330,89.82,70828.67560,0
1791127380000,788.650,788.680,788.440,788.440,81.70,1791127439999,64428.36350,289,19.48,15362.67990,0
1791127440000,788.440,788.440,788.160,788.160,88.95,1791127499999,70121.40790,287,15.19,11974.72380,0
1791127500000,788.170,788.240,788.040,788.050,82.46,1791127559999,64992.03710,328,52.40,41300.30490,0
1791127560000,788.040,788.040,787.910,787.980,155.25,1791127619999,122329.54900,443,95.20,75012.25540,0
1791127620000,787.980,788.240,787.850,788.230,264.39,1791127679999,208329.01610,466,242.53,191104.42800,0
1791127680000,788.230,788.240,788.140,788.150,72.65,1791127739999,57262.23960,169,8.75,6896.34080,0
1791127740000,788.150,788.150,787.870,787.870,59.67,1791127799999,47022.75710,251,3.25,2560.94440,0
1791127800000,787.880,787.990,787.850,787.920,168.08,1791127859999,132431.76250,429,123.75,97502.27270,0
1791127860000,787.920,787.970,787.870,787.970,102.29,1791127919999,80594.49910,323,61.85,48731.31940,0
1791127920000,787.960,787.970,787.840,787.840,117.42,1791127979999,92521.52260,287,24.66,19431.32790,0
1791127980000,787.850,787.850,787.700,787.850,115.94,1791128039999,91330.44650,383,86.47,68115.17880,0
1791128040000,787.850,787.850,787.810,787.810,85.47,1791128099999,67335.81940,188,11.99,9446.09570,0
1791128100000,787.800,787.800,787.700,787.700,115.64,1791128159999,91095.95330,291,42.27,33298.83130,0
1791128160000,787.710,787.710,787.500,787.500,82.54,1791128219999,65006.90480,277,8.14,6410.94570,0
1791128220000,787.510,787.510,787.370,787.370,105.35,1791128279999,82955.90960,308,44.97,35409.54480,0
1791128280000,787.370,787.410,787.260,787.400,219.08,1791128339999,172492.68600,476,122.77,96663.18990,0
1791128340000,787.410,787.410,787.400,787.400,48.55,1791128399999,38228.44510,139,17.51,13787.54910,0
1791128400000,787.400,787.470,787.400,787.470,207.69,1791128459999,163536.30080,286,72.32,56945.96280,0
1791128460000,787.470,787.680,787.470,787.540,209.23,1791128519999,164791.96320,388,141.11,111138.60480,0
1791128520000,787.550,787.640,787.540,787.590,119.21,1791128579999,93887.57580,244,111.36,87705.35080,0
1791128580000,787.590,787.600,787.550,787.560,114.39,1791128639999,90091.54370,182,38.17,30061.83600,0
1791128640000,787.560,787.690,787.500,787.690,93.47,1791128699999,73615.08000,330,49.76,39189.40790,0
1791128700000,787.690,787.750,787.680,787.740,86.55,1791128759999,68175.78910,260,74.83,58943.87770,0
1791128760000,787.750,788.000,787.750,787.990,119.30,1791128819999,94000.44100,400,115.14,90722.75460,0
1791128820000,788.000,788.120,787.990,788.120,80.08,1791128879999,63107.69580,320,66.47,52382.33000,0
1791128880000,788.130,788.370,788.130,788.250,142.03,1791128939999,111959.23850,419,88.93,70098.74140,0
1791128940000,788.250,788.260,787.890,787.890,93.05,1791128999999,73335.33110,341,17.35,13673.33470,0
1791129000000,787.890,787.890,787.740,787.800,100.18,1791129059999,78920.40990,283,35.73,28146.70250,0
1791129060000,787.800,787.880,787.770,787.800,114.83,1791129119999,90465.15610,339,76.64,60377.02290,0
1791129120000,787.800,787.900,787.790,787.790,155.01,1791129179999,122122.73810,288,38.62,30426.00490,0
1791129180000,787.790,787.800,787.790,787.790,34.60,1791129239999,27257.74320,178,20.92,16480.77600,0
1791129240000,787.800,787.940,787.790,787.850,85.31,1791129299999,67212.40320,272,44.99,35444.40140,0
1791129300000,787.850,787.850,787.840,787.850,16.70,1791129359999,13157.03060,126,10.26,8083.34100,0
1791129360000,787.850,787.850,787.830,787.830,43.21,1791129419999,34042.40360,195,10.83,8532.30950,0
1791129420000,787.830,787.840,787.830,787.830,29.34,1791129479999,23115.03820,160,10.60,8351.10400,0
1791129480000,787.830,787.830,787.800,787.830,130.64,1791129539999,102920.30320,211,82.55,65033.94770,0
1791129540000,787.820,787.830,787.500,787.500,157.65,1791129599999,124183.44920,324,6.25,4923.64930,0
1791129600000,787.510,787.830,787.500,787.830,253.27,1791129659999,199480.90770,568,199.72,157302.43620,0
1791129660000,787.820,788.010,787.530,787.590,380.76,1791129719999,299978.30720,681,195.79,154255.50250,0
1791129720000,787.600,787.600,787.130,787.170,757.03,1791129779999,596042.34440,667,71.42,56222.04430,0
1791129780000,787.160,787.170,786.900,786.900,234.96,1791129839999,184917.04570,464,23.42,18431.96510,0
1791129840000,786.900,787.170,786.900,787.160,498.75,1791129899999,392535.82960,609,224.15,176403.22570,0
1791129900000,787.160,787.300,786.960,786.960,211.22,1791129959999,166259.84060,411,104.81,82507.86210,0
1791129960000,786.960,786.970,786.940,786.940,118.99,1791130019999,93638.46130,348,11.55,9089.38630,0
1791130020000,786.940,786.970,786.940,786.950,208.25,1791130079999,163882.62600,346,113.68,89460.88400,0
1791130080000,786.940,787.300,786.940,787.290,275.30,1791130139999,216692.59680,575,256.73,202074.08110,0
1791130140000,787.290,787.760,787.290,787.760,185.12,1791130199999,145770.45980,518,73.13,57589.58040,0
1791130200000,787.760,788.370,787.750,788.220,172.63,1791130259999,136053.56760,768,113.27,89262.86900,0
1791130260000,788.230,788.230,788.100,788.200,176.31,1791130319999,138959.78200,439,49.50,39013.01950,0
1791130320000,788.200,788.470,788.190,788.470,124.99,1791130379999,98538.88440,412,119.13,93919.55000,0
1791130380000,788.470,788.520,788.460,788.510,118.38,1791130439999,93339.45600,239,102.29,80653.08040,0
1791130440000,788.520,788.850,788.490,788.840,247.42,1791130499999,195136.93000,795,141.92,111930.54370,0
1791130500000,788.840,788.860,788.620,788.700,144.99,1791130559999,114357.64770,485,40.05,31587.13790,0
1791130560000,788.690,788.690,788.490,788.550,117.77,1791130619999,92865.70640,295,32.94,25973.26330,0
1791130620000,788.550,788.550,788.010,788.140,134.54,1791130679999,106052.21080,470,54.70,43111.63230,0
1791130680000,788.150,788.560,788.150,788.540,88.51,1791130739999,69787.72560,399,72.65,57282.16150,0
1791130740000,788.530,788.560,788.470,788.550,104.56,1791130799999,82444.49010,239,44.54,35119.09980,0
1791130800000,788.550,789.120,788.550,789.110,173.89,1791130859999,137171.56920,561,149.99,118323.18080,0
1791130860000,789.120,789.160,788.960,789.040,367.17,1791130919999,289731.92570,554,213.52,168484.32220,0
1791130920000,789.040,789.040,788.930,788.940,76.15,1791130979999,60081.89360,243,29.96,23638.31540,0
1791130980000,788.940,789.000,788.590,788.990,148.98,1791131039999,117516.27700,560,53.20,41963.02240,0
1791131040000,789.000,789.190,788.900,789.190,92.16,1791131099999,72713.59920,433,44.77,35323.85520,0
1791131100000,789.190,789.190,788.980,789.070,158.83,1791131159999,125318.86450,417,114.47,90316.56230,0
1791131160000,789.070,789.070,789.010,789.010,36.90,1791131219999,29115.91200,206,13.58,10715.28010,0
1791131220000,789.010,789.020,788.960,788.960,31.44,1791131279999,24805.75800,166,7.55,5956.81250,0
1791131280000,788.970,789.180,788.960,789.080,93.58,1791131339999,73841.80420,383,52.08,41093.15100,0
1791131340000,789.070,789.080,789.070,789.070,57.42,1791131399999,45308.45440,156,5.50,4339.94000,0
1791131400000,789.070,789.470,788.910,789.420,230.81,1791131459999,182155.33560,766,126.79,100064.27720,0
1791131460000,789.420,789.420,789.380,789.380,62.61,1791131519999,49424.40320,273,17.81,14059.29720,0
1791131520000,789.390,789.600,789.380,789.420,571.27,1791131579999,451025.38570,661,186.78,147456.76270,0
1791131580000,789.420,789.420,789.240,789.250,148.20,1791131639999,116979.19880,261,18.08,14270.07960,0
1791131640000,789.240,789.390,789.240,789.390,176.91,1791131699999,139625.97790,333,130.62,103092.03970,0
1791131700000,789.400,789.400,789.000,789.000,439.06,1791131759999,346492.85080,670,58.61,46246.55950,0
1791131760000,789.000,789.390,788.930,789.390,211.89,1791131819999,167198.49650,509,102.39,80793.46960,0
1791131820000,789.390,789.670,789.390,789.610,191.89,1791131879999,151511.73480,446,133.01,105018.80820,0
1791131880000,789.620,789.620,788.960,789.050,582.60,1791131939999,459779.91830,532,32.59,25719.63410,0
1791131940000,789.060,789.220,789.050,789.210,55.68,1791131999999,43937.54130,210,50.51,39857.68220,0
1791132000000,789.220,789.220,789.160,789.160,105.10,1791132059999,82944.99920,238,11.38,8981.18410,0
1791132060000,789.170,789.510,789.160,789.500,111.09,1791132119999,87681.63310,375,97.48,76937.62640,0
1791132120000,789.510,789.570,789.340,789.560,142.28,1791132179999,112317.23100,441,100.18,79080.79480,0
1791132180000,789.570,789.570,789.560,789.560,25.73,1791132239999,20315.55870,159,17.99,14204.36430,0
1791132240000,789.570,789.570,789.220,789.220,442.75,1791132299999,349500.19860,341,13.00,10261.00960,0
1791132300000,789.220,789.410,789.100,789.400,125.62,1791132359999,99133.60410,356,73.49,57994.41290,0
1791132360000,789.410,789.410,788.880,788.890,147.85,1791132419999,116678.94060,453,20.98,16560.42220,0
1791132420000,788.890,789.110,788.890,789.100,149.10,1791132479999,117638.04260,373,97.69,77075.18930,0
1791132480000,789.110,789.200,789.100,789.190,44.85,1791132539999,35391.74100,205,33.88,26735.22490,0
1791132540000,789.200,789.730,789.190,789.630,613.82,1791132599999,484664.82980,951,497.00,392418.61390,0
1791132600000,789.630,789.630,789.180,789.190,227.79,1791132659999,179805.59960,535,88.49,69841.86100,0
1791132660000,789.190,789.440,789.180,789.330,238.56,1791132719999,188307.49850,429,77.01,60783.70640,0
1791132720000,789.330,789.330,789.110,789.120,46.33,1791132779999,36563.47820,225,4.52,3567.11760,0
1791132780000,789.110,789.120,788.880,788.920,171.22,1791132839999,135093.08700,335,33.60,26510.61660,0
1791132840000,788.930,788.930,788.920,788.930,18.89,1791132899999,14902.79760,96,9.88,7794.62840,0
1791132900000,788.920,789.170,788.910,789.160,121.71,1791132959999,96023.47030,323,92.11,72671.08920,0
1791132960000,789.160,789.390,789.160,789.380,38.40,1791133019999,30307.08190,239,34.18,26976.42570,0
1791133020000,789.380,789.390,789.330,789.340,46.05,1791133079999,36350.60700,160,8.42,6646.59080,0
1791133080000,789.330,789.330,789.080,789.290,301.56,1791133139999,237982.68340,427,77.26,60969.77300,0
1791133140000,789.290,789.300,789.060,789.060,124.87,1791133199999,98552.26890,328,16.12,12723.09600,0
1791133200000,789.060,789.230,789.050,789.230,154.07,1791133259999,121580.24930,337,100.26,79114.46260,0
1791133260000,789.230,789.230,789.210,789.210,53.19,1791133319999,41978.73420,410,15.61,12319.85180,0
1791133320000,789.220,789.280,789.170,789.270,97.23,1791133379999,76734.22290,451,75.71,59750.52680,0
1791133380000,789.270,789.280,789.220,789.230,79.00,1791133439999,62350.91290,401,18.59,14672.16520,0
1791133440000,789.220,789.610,789.220,789.610,158.31,1791133499999,124961.40940,583,148.20,116981.08050,0
1791133500000,789.600,789.740,789.600,789.700,81.11,1791133559999,64050.29070,449,50.48,39861.80750,0
1791133560000,789.690,789.720,789.690,789.700,35.80,1791133619999,28271.16220,261,24.94,19695.11800,0
1791133620000,789.690,789.700,789.390,789.400,106.37,1791133679999,83985.82480,663,12.86,10154.09570,0
1791133680000,789.400,789.400,789.150,789.390,149.20,1791133739999,117752.86010,669,88.60,69921.99340,0
1791133740000,789.390,789.390,788.810,788.900,578.80,1791133799999,456687.06920,681,11.29,8909.58350,0
1791133800000,788.900,788.950,788.820,788.830,44.71,1791133859999,35269.40140,316,12.47,9836.71900,0
1791133860000,788.830,788.830,788.750,788.830,105.61,1791133919999,83302.71550,453,70.12,55308.14700,0
1791133920000,788.820,788.830,788.700,788.830,151.26,1791133979999,119307.22980,488,101.60,80136.65960,0
1791133980000,788.830,788.960,788.820,788.960,83.95,1791134039999,66222.72910,320,75.41,59486.20580,0
1791134040000,788.960,789.080,788.960,789.080,56.91,1791134099999,44904.09630,304,50.46,39814.81380,0
1791134100000,789.070,789.120,789.070,789.120,52.50,1791134159999,41426.62520,263,44.44,35066.72100,0
1791134160000,789.120,789.250,789.120,789.240,80.90,1791134219999,63847.23110,362,18.48,14584.37490,0
1791134220000,789.250,789.360,789.240,789.350,85.55,1791134279999,67520.91930,344,73.11,57702.76550,0
1791134280000,789.360,789.360,789.210,789.210,110.14,1791134339999,86934.21810,493,35.34,27893.90900,0
1791134340000,789.210,789.230,788.940,789.230,129.38,1791134399999,102087.08590,539,36.08,28468.62510,0
1791134400000,789.230,789.230,789.220,789.230,24.83,1791134459999,19596.55510,262,22.25,17560.36750,0
1791134460000,789.230,789.250,789.220,789.250,24.83,1791134519999,19596.77680,231,14.89,11751.73960,0
1791134520000,789.250,789.250,788.930,788.940,87.39,1791134579999,68967.64820,504,5.91,4663.94500,0
1791134580000,788.940,789.320,788.940,789.310,92.30,1791134639999,72835.09520,416,37.96,29954.05170,0
1791134640000,789.320,789.360,789.310,789.360,29.00,1791134699999,22890.35220,276,22.62,17854.50320,0
1791134700000,789.360,789.470,789.350,789.470,24.34,1791134759999,19214.11600,316,22.88,18061.57960,0
1791134760000,789.480,789.520,789.460,789.460,47.31,1791134819999,37351.51540,247,8.53,6734.38960,0
1791134820000,789.470,789.740,789.460,789.650,113.08,1791134879999,89290.92550,389,86.75,68499.43600,0
1791134880000,789.650,789.650,789.580,789.580,204.79,1791134939999,161704.76800,203,79.85,63049.56790,0
1791134940000,789.580,789.610,789.580,789.580,65.22,1791134999999,51496.97400,120,55.56,43869.62040,0
1791135000000,789.580,789.760,789.580,789.760,87.81,1791135059999,69339.83180,204,62.25,49155.58830,0
1791135060000,789.760,789.760,789.750,789.760,38.98,1791135119999,30784.59570,185,14.07,11111.92320,0
1791135120000,789.760,789.760,789.510,789.510,111.53,1791135179999,88073.08560,345,20.47,16164.50260,0
1791135180000,789.510,789.520,789.510,789.520,39.62,1791135239999,31280.47180,143,8.56,6758.29120,0
1791135240000,789.510,789.520,789.390,789.400,71.10,1791135299999,56129.98790,219,11.20,8841.47020,0
1791135300000,789.400,789.510,789.390,789.440,121.51,1791135359999,95923.51210,310,88.56,69909.88640,0
1791135360000,789.430,789.440,789.210,789.340,86.94,1791135419999,68619.73660,379,36.59,28878.40850,0
1791135420000,789.340,789.340,789.330,789.340,10.89,1791135479999,8595.86570,136,6.20,4893.90800,0
1791135480000,789.340,789.340,788.920,788.950,146.87,1791135539999,115889.45010,478,32.66,25768.02740,0
1791135540000,788.950,789.230,788.950,789.170,40.01,1791135599999,31572.99630,232,20.59,16246.45780,0
1791135600000,789.170,789.180,789.170,789.170,8.30,1791135659999,6550.12300,71,1.20,947.01600,0
1791135660000,789.170,789.180,789.090,789.090,51.89,1791135719999,40949.48530,189,7.67,6052.74900,0
1791135720000,789.100,789.100,789.000,789.000,41.74,1791135779999,32935.12770,176,10.12,7985.44360,0
1791135780000,789.000,789.010,788.950,788.960,46.26,1791135839999,36498.58680,170,1.46,1151.93960,0
1791135840000,788.950,789.330,788.950,789.320,60.53,1791135899999,47760.99580,285,52.65,41543.38170,0
1791135900000,789.320,789.440,789.130,789.440,122.07,1791135959999,96351.89020,433,62.93,49671.79870,0
1791135960000,789.430,789.490,789.430,789.450,47.72,1791136019999,37673.50800,268,22.41,17691.93340,0
1791136020000,789.440,789.470,789.440,789.460,71.13,1791136079999,56153.95490,155,66.93,52838.30140,0
1791136080000,789.460,789.460,789.020,789.020,63.44,1791136139999,50078.63600,377,3.40,2683.98600,0
1791136140000,789.030,789.330,789.020,789.280,287.53,1791136199999,226920.57690,406,238.14,187940.24920,0
1791136200000,789.270,789.280,789.080,789.080,69.95,1791136259999,55203.18010,242,5.29,4175.25510,0
1791136260000,789.090,789.100,789.080,789.090,8.88,1791136319999,7007.06910,80,3.29,2596.10610,0
1791136320000,789.090,789.090,788.930,788.930,116.36,1791136379999,91811.12580,258,5.68,4481.54940,0
1791136380000,788.940,788.940,788.880,788.880,92.61,1791136439999,73062.24540,222,9.11,7187.14490,0
1791136440000,788.880,788.880,788.630,788.630,95.10,1791136499999,75009.82890,295,10.27,8100.32450,0
1791136500000,788.640,788.750,788.630,788.690,78.00,1791136559999,61516.91200,252,42.14,33233.78460,0
1791136560000,788.700,788.700,788.650,788.650,23.49,1791136619999,18526.03650,142,1.13,891.20860,0
1791136620000,788.660,788.780,788.660,788.680,85.79,1791136679999,67664.99580,307,35.09,27675.16820,0
1791136680000,788.670,788.800,788.670,788.790,49.98,1791136739999,39420.41350,129,35.12,27699.10450,0
1791136740000,788.800,788.850,788.740,788.740,66.87,1791136799999,52746.36850,252,26.23,20689.33230,0
1791136800000,788.740,788.850,788.630,788.700,127.18,1791136859999,100309.61640,476,29.33,23132.23470,0
1791136860000,788.710,788.740,788.700,788.740,92.74,1791136919999,73145.93460,205,62.27,49113.43650,0
1791136920000,788.730,788.930,788.650,788.920,94.58,1791136979999,74597.87860,517,50.64,39940.02830,0
1791136980000,788.920,789.090,788.920,789.080,271.93,1791137039999,214552.02090,335,247.13,194985.54730,0
1791137040000,789.080,789.080,789.000,789.000,54.92,1791137099999,43334.19000,229,9.38,7401.04700,0
1791137100000,789.000,789.080,789.000,789.070,94.94,1791137159999,74911.31440,186,88.69,69979.77460,0
1791137160000,789.070,789.180,789.040,789.050,224.95,1791137219999,177506.39340,394,190.24,150117.23110,0
1791137220000,789.050,789.140,789.040,789.140,26.30,1791137279999,20753.24270,149,15.93,12569.99390,0
1791137280000,789.140,789.140,789.080,789.080,46.71,1791137339999,36859.95260,267,8.38,6612.99320,0
1791137340000,789.080,789.090,789.080,789.090,12.45,1791137399999,9824.10100,57,5.50,4339.99500,0
1791137400000,789.080,789.090,788.950,789.090,139.86,1791137459999,110351.52610,412,87.59,69109.07580,0
1791137460000,789.090,789.090,789.080,789.080,23.29,1791137519999,18377.74060,106,6.74,5318.46660,0
1791137520000,789.090,789.090,789.030,789.030,48.04,1791137579999,37906.82950,241,6.63,5231.40140,0
1791137580000,789.040,789.040,789.030,789.040,15.56,1791137639999,12277.34500,84,3.82,3014.13280,0
1791137640000,789.030,789.230,789.030,789.220,81.09,1791137699999,63988.94920,251,74.91,59111.67470,0
1791137700000,789.230,789.420,789.230,789.420,54.56,1791137759999,43066.45840,348,48.95,38638.30250,0
1791137760000,789.420,789.440,789.420,789.440,24.64,1791137819999,19451.68580,163,19.54,15425.59330,0
1791137820000,789.440,789.440,789.300,789.440,215.71,1791137879999,170278.72960,495,57.91,45710.85610,0
1791137880000,789.440,789.690,789.440,789.680,75.98,1791137939999,59990.87510,405,65.67,51850.62500,0
1791137940000,789.680,789.770,789.520,789.520,200.61,1791137999999,158420.84430,514,55.35,43710.81990,0
1791138000000,789.530,789.750,789.520,789.740,74.94,1791138059999,59173.87810,286,72.66,57373.45250,0
1791138060000,789.740,789.750,789.540,789.550,78.24,1791138119999,61785.50250,295,16.01,12643.60180,0
1791138120000,789.550,789.550,789.490,789.500,35.09,1791138179999,27703.74760,155,11.06,8731.88750,0
1791138180000,789.490,789.500,789.380,789.380,44.79,1791138239999,35358.66680,225,8.79,6938.80220,0
1791138240000,789.380,789.390,789.380,789.390,10.12,1791138299999,7988.54510,68,1.95,1539.31050,0
1791138300000,789.380,789.440,789.380,789.430,93.58,1791138359999,73871.09990,262,76.82,60641.08460,0
1791138360000,789.430,789.440,789.430,789.430,31.66,1791138419999,24993.37630,155,2.25,1776.24000,0
1791138420000,789.430,789.440,789.430,789.430,30.31,1791138479999,23927.85500,124,23.17,18291.32480,0
1791138480000,789.440,789.440,789.430,789.440,7.35,1791138539999,5802.34260,65,3.21,2534.10240,0
1791138540000,789.430,789.510,789.430,789.500,65.08,1791138599999,51379.10200,209,62.75,49539.61880,0
1791138600000,789.500,789.510,789.500,789.510,9.87,1791138659999,7792.40070,57,3.57,2818.55070,0
1791138660000,789.500,789.510,789.340,789.500,94.83,1791138719999,74861.39790,511,40.63,32072.32530,0
1791138720000,789.510,789.520,789.500,789.510,28.79,1791138779999,22730.08800,118,27.54,21743.20650,0
1791138780000,789.510,789.520,788.850,788.850,176.26,1791138839999,139119.59590,583,35.80,28249.59260,0
1791138840000,788.860,788.860,788.680,788.860,129.31,1791138899999,101992.89550,369,59.00,46534.73170,0
1791138900000,788.860,789.110,788.850,789.100,56.78,1791138959999,44794.58930,263,54.50,42995.93810,0
1791138960000,789.100,789.390,789.100,789.380,41.40,1791139019999,32675.42500,205,23.08,18214.09580,0
1791139020000,789.380,789.390,789.230,789.240,122.88,1791139079999,96994.07020,274,51.94,40998.19990,0
1791139080000,789.240,789.240,789.230,789.230,15.64,1791139139999,12343.62530,104,6.81,5374.72440,0
1791139140000,789.230,789.240,789.230,789.240,12.32,1791139199999,9723.36180,76,4.82,3804.13680,0
1791139200000,789.230,789.340,789.230,789.340,66.22,1791139259999,52264.56120,195,62.63,49431.15370,0
1791139260000,789.340,789.400,789.330,789.390,24.20,1791139319999,19102.36000,122,22.02,17381.56080,0
1791139320000,789.390,789.440,789.390,789.440,82.57,1791139379999,65180.40920,132,45.74,36107.17550,0
1791139380000,789.440,789.440,789.430,789.440,29.75,1791139439999,23485.58040,119,3.79,2991.97760,0
1791139440000,789.430,789.440,789.430,789.430,10.35,1791139499999,8170.63750,88,3.70,2920.92800,0
1791139500000,789.430,789.440,789.380,789.390,74.77,1791139559999,59025.05900,214,3.38,2668.23720,0
1791139560000,789.380,789.390,789.350,789.360,19.84,1791139619999,15661.28920,147,2.74,2162.91810,0
1791139620000,789.350,789.360,789.330,789.330,9.26,1791139679999,7309.26520,70,0.50,394.67180,0
1791139680000,789.330,789.340,789.230,789.230,39.56,1791139739999,31225.48280,223,12.78,10087.75360,0
1791139740000,789.230,789.340,789.140,789.340,142.77,1791139799999,112669.22670,309,108.30,85466.08650,0
1791139800000,789.330,789.390,789.330,789.330,90.57,1791139859999,71491.83930,255,62.75,49531.62820,0
1791139860000,789.330,789.340,789.280,789.290,15.84,1791139919999,12502.64020,93,5.27,4159.57630,0
1791139920000,789.280,789.290,789.280,789.290,12.39,1791139979999,9779.20800,59,2.88,2273.15520,0
1791139980000,789.290,789.290,789.190,789.240,81.66,1791140039999,64447.22890,213,48.37,38173.84240,0
1791140040000,789.250,789.330,789.240,789.320,52.35,1791140099999,41320.11270,152,34.49,27222.94550,0
1791140100000,789.330,789.330,789.320,789.320,14.54,1791140159999,11476.83510,129,12.23,9653.50590,0
1791140160000,789.330,789.650,789.320,789.640,105.24,1791140219999,83081.18060,261,100.39,79252.54120,0
1791140220000,789.640,789.650,789.640,789.640,7.62,1791140279999,6017.09590,86,3.91,3087.53150,0
1791140280000,789.650,789.650,789.640,789.650,17.79,1791140339999,14047.85330,58,15.77,12452.78050,0
1791140340000,789.640,789.690,789.450,789.680,205.72,1791140399999,162426.96810,439,123.51,97514.66660,0
1791140400000,789.690,789.860,789.680,789.730,172.08,1791140459999,135908.65520,475,122.84,97019.06880,0
1791140460000,789.730,790.110,789.650,790.060,590.03,1791140519999,466051.89670,831,506.99,400461.28310,0
1791140520000,790.060,790.070,789.870,789.870,28.12,1791140579999,22212.47790,258,7.10,5608.80730,0
1791140580000,789.870,789.880,789.860,789.860,48.38,1791140639999,38213.93620,217,14.60,11532.21870,0
1791140640000,789.860,790.060,789.860,790.060,91.38,1791140699999,72180.48490,267,87.99,69502.74000,0
1791140700000,790.050,790.070,789.990,789.990,96.57,1791140759999,76294.75350,240,23.18,18313.55620,0
1791140760000,789.990,790.070,789.870,789.870,213.82,1791140819999,168924.58450,436,79.28,62631.71910,0
1791140820000,789.870,789.870,789.110,789.230,728.64,1791140879999,575151.54430,801,67.35,53153.05560,0
1791140880000,789.240,789.310,789.240,789.290,68.62,1791140939999,54161.57430,161,6.87,5422.45730,0
1791140940000,789.300,789.300,789.130,789.290,243.95,1791140999999,192523.15960,402,137.05,108155.51760,0
1791141000000,789.300,789.300,789.150,789.160,137.10,1791141059999,108203.87670,234,18.68,14742.92780,0
1791141060000,789.160,789.250,789.160,789.240,52.15,1791141119999,41157.10720,129,29.53,23304.49840,0
1791141120000,789.240,789.250,789.240,789.250,36.10,1791141179999,28491.82730,181,26.33,20780.95250,0
1791141180000,789.250,789.360,789.200,789.360,133.13,1791141239999,105069.64720,318,75.24,59381.69460,0
1791141240000,789.360,789.480,789.360,789.370,106.39,1791141299999,83988.01050,216,79.13,62467.64000,0
1791141300000,789.380,789.380,789.370,789.370,28.37,1791141359999,22394.60070,114,17.38,13719.42440,0
1791141360000,789.380,789.530,789.370,789.530,49.33,1791141419999,38942.91450,234,37.37,29500.58510,0
1791141420000,789.520,789.530,789.520,789.530,25.95,1791141479999,20488.24620,144,20.22,15964.29660,0
1791141480000,789.530,789.540,789.530,789.540,44.58,1791141539999,35197.29750,189,39.65,31304.91460,0
1791141540000,789.530,789.550,789.530,789.550,26.67,1791141599999,21057.02030,109,21.37,16872.47600,0
1791141600000,789.540,789.550,789.520,789.520,67.44,1791141659999,53246.49610,187,22.06,17417.22040,0
1791141660000,789.520,789.530,789.520,789.530,15.58,1791141719999,12300.78950,110,6.79,5360.90870,0
1791141720000,789.520,789.520,789.310,789.310,90.86,1791141779999,71721.99300,275,3.60,2841.65640,0
1791141780000,789.310,789.320,789.220,789.220,52.07,1791141839999,41098.56750,202,20.33,16046.86730,0
1791141840000,789.220,789.260,789.210,789.250,85.43,1791141899999,67423.13130,207,67.33,53138.21730,0
1791141900000,789.260,789.520,789.260,789.450,91.26,1791141959999,72048.64080,345,71.25,56251.28150,0
1791141960000,789.440,789.450,789.430,789.430,13.03,1791142019999,10286.42020,100,5.06,3994.60190,0
1791142020000,789.430,789.440,789.430,789.430,10.86,1791142079999,8573.23220,115,2.24,1768.34560,0
1791142080000,789.440,789.440,789.400,789.410,51.37,1791142139999,40552.59970,158,8.08,6378.49340,0
1791142140000,789.410,789.410,789.400,789.400,39.22,1791142199999,30960.55860,110,29.06,22940.25460,0
1791142200000,789.410,789.530,789.400,789.530,110.04,1791142259999,86871.59260,289,90.14,71162.35010,0
1791142260000,789.530,789.880,789.520,789.870,78.56,1791142319999,62032.36080,381,68.57,54144.77570,0
1791142320000,789.870,789.880,789.540,789.540,185.22,1791142379999,146259.93380,463,57.83,45662.79910,0
1791142380000,789.550,789.780,789.540,789.770,190.36,1791142439999,150313.83900,365,144.21,113870.67700,0
1791142440000,789.780,790.240,789.770,790.090,392.07,1791142499999,309763.04330,660,323.64,255698.46410,0
1791142500000,790.090,790.100,790.080,790.100,106.87,1791142559999,84437.31530,238,94.43,74608.65490,0
1791142560000,790.100,790.110,790.090,790.110,33.54,1791142619999,26499.91840,187,29.73,23489.67550,0
1791142620000,790.110,790.110,789.990,790.000,99.82,1791142679999,78863.14420,386,43.11,34058.09780,0
1791142680000,790.000,790.000,789.520,789.650,312.02,1791142739999,246394.92310,543,26.86,21211.35340,0
1791142740000,789.660,789.750,789.650,789.750,58.14,1791142799999,45911.01170,185,51.92,40999.34370,0
1791142800000,789.760,789.840,789.480,789.490,168.89,1791142859999,133362.51880,357,16.11,12721.29140,0
1791142860000,789.490,789.710,789.480,789.530,131.02,1791142919999,103454.61920,363,73.30,57876.35550,0
1791142920000,789.530,789.540,789.390,789.390,55.07,1791142979999,43476.86510,180,7.25,5723.37100,0
1791142980000,789.390,789.730,789.390,789.610,573.24,1791143039999,452605.63400,564,156.61,123646.09210,0
1791143040000,789.620,789.680,789.340,789.670,457.58,1791143099999,361245.67110,542,69.07,54528.28660,0
1791143100000,789.680,789.680,789.670,789.670,31.07,1791143159999,24535.15380,162,10.69,8441.67920,0
1791143160000,789.680,789.690,789.670,789.670,103.79,1791143219999,81960.74860,263,28.02,22126.83460,0
1791143220000,789.670,789.730,789.670,789.730,28.03,1791143279999,22134.84270,157,23.95,18912.94360,0
1791143280000,789.730,789.780,789.720,789.780,25.58,1791143339999,20201.95380,111,21.00,16584.92840,0
1791143340000,789.780,789.830,789.780,789.820,12.46,1791143399999,9841.10360,94,9.90,7819.17710,0
1791143400000,789.830,789.860,789.570,789.730,278.85,1791143459999,220219.74260,467,63.63,50248.77190,0
1791143460000,789.720,789.820,789.720,789.820,21.60,1791143519999,17059.30970,117,15.69,12391.84830,0
1791143520000,789.820,789.870,789.810,789.870,100.70,1791143579999,79537.42170,225,64.47,50920.92330,0
1791143580000,789.860,789.870,789.860,789.870,8.78,1791143639999,6935.02600,53,5.52,4360.08240,0
1791143640000,789.860,789.920,789.860,789.920,27.39,1791143699999,21634.63940,128,23.86,18846.40830,0
1791143700000,789.910,789.980,789.810,789.810,175.71,1791143759999,138797.21400,307,29.71,23468.90670,0
1791143760000,789.810,789.820,789.810,789.820,17.42,1791143819999,13758.62750,76,13.73,10844.22860,0
1791143820000,789.820,789.820,789.810,789.820,36.60,1791143879999,28907.05240,144,0.64,505.48480,0
1791143880000,789.810,789.820,789.780,789.790,31.96,1791143939999,25242.25250,107,1.15,908.28880,0
1791143940000,789.790,789.990,789.780,789.990,76.86,1791143999999,60705.75900,189,73.17,57791.33880,0
1791144000000,789.990,790.000,789.690,789.700,110.51,1791144059999,87289.94870,330,29.13,23005.91660,0
1791144060000,789.690,789.860,789.630,789.640,248.36,1791144119999,196142.54220,550,145.19,114664.28680,0
1791144120000,789.630,789.960,789.630,789.900,223.48,1791144179999,176500.80590,535,170.50,134650.42420,0
1791144180000,789.910,789.910,789.900,789.900,34.89,1791144239999,27559.72960,164,11.86,9368.33260,0
1791144240000,789.910,789.910,789.900,789.900,23.91,1791144299999,18886.66850,75,15.95,12599.06450,0
1791144300000,789.910,789.910,789.600,789.600,122.31,1791144359999,96597.21430,418,7.68,6065.34210,0
1791144360000,789.610,789.720,789.610,789.720,120.24,1791144419999,94944.86340,225,115.48,91185.85370,0
1791144420000,789.720,789.720,789.710,789.710,31.21,1791144479999,24647.05830,123,20.92,16520.94240,0
1791144480000,789.710,789.760,789.710,789.750,39.68,1791144539999,31336.67850,119,33.04,26092.76130,0
1791144540000,789.750,789.760,789.750,789.760,64.66,1791144599999,51065.61130,241,37.63,29718.66880,0
1791144600000,789.760,789.760,789.750,789.750,30.15,1791144659999,23811.17210,102,20.96,16553.36960,0
1791144660000,789.750,789.760,789.480,789.610,353.62,1791144719999,279221.62560,563,188.08,148498.76200,0
1791144720000,789.610,790.110,789.610,790.040,469.12,1791144779999,370549.88330,432,408.69,322807.79810,0
1791144780000,790.050,790.110,790.050,790.110,33.92,1791144839999,26799.54160,120,29.39,23220.38860,0
1791144840000,790.110,790.190,790.100,790.190,138.14,1791144899999,109147.47160,222,127.61,100827.18150,0
1791144900000,790.180,790.490,790.180,790.480,88.39,1791144959999,69857.53330,401,56.83,44914.25090,0
1791144960000,790.490,790.490,790.480,790.480,13.95,1791145019999,11027.26930,109,7.33,5794.29170,0
1791145020000,790.490,790.490,790.480,790.490,30.82,1791145079999,24362.74200,205,14.84,11730.87160,0
1791145080000,790.480,790.590,790.470,790.580,260.40,1791145139999,205847.10720,360,138.70,109645.35220,0
1791145140000,790.580,790.590,790.440,790.560,156.04,1791145199999,123354.07080,314,47.20,37311.56240,0
1791145200000,790.570,790.720,790.560,790.720,378.23,1791145259999,299042.17010,262,365.58,289040.89630,0
1791145260000,790.720,790.720,790.710,790.720,52.08,1791145319999,41180.26890,135,9.21,7282.53120,0
1791145320000,790.710,790.760,790.590,790.760,189.05,1791145379999,149475.00630,418,84.38,66713.86170,0
1791145380000,790.760,790.860,790.750,790.860,68.82,1791145439999,54422.88880,218,54.87,43391.54280,0
1791145440000,790.860,790.870,790.810,790.820,56.86,1791145499999,44967.20540,187,15.83,12518.72010,0
1791145500000,790.810,790.820,790.710,790.720,50.92,1791145559999,40267.27580,180,8.73,6903.76160,0
1791145560000,790.710,790.710,790.220,790.330,258.24,1791145619999,204146.43410,569,57.54,45480.70890,0
1791145620000,790.340,790.340,790.330,790.340,50.75,1791145679999,40109.45160,181,20.41,16130.83940,0
1791145680000,790.340,790.820,790.330,790.700,274.98,1791145739999,217392.87880,549,207.88,164346.39660,0
1791145740000,790.700,790.700,790.610,790.620,135.82,1791145799999,107391.29370,260,19.89,15726.85340,0
1791145800000,790.620,790.620,790.420,790.420,185.16,1791145859999,146381.70850,324,10.39,8214.50180,0
1791145860000,790.410,790.410,790.150,790.160,118.72,1791145919999,93822.82310,409,28.99,22910.66770,0
1791145920000,790.150,790.380,790.140,790.290,283.19,1791145979999,223805.04530,461,42.02,33203.55710,0
1791145980000,790.290,790.560,790.180,790.560,538.09,1791146039999,425263.64810,571,223.81,176899.66550,0
1791146040000,790.560,790.670,790.550,790.670,23.78,1791146099999,18800.76440,216,22.83,18049.69620,0
1791146100000,790.670,790.770,790.670,790.770,49.57,1791146159999,39196.48180,209,42.32,33463.50790,0
1791146160000,790.770,790.810,790.770,790.800,21.19,1791146219999,16756.82420,136,18.58,14692.86560,0
1791146220000,790.810,790.960,790.710,790.800,360.25,1791146279999,284903.74540,534,57.55,45512.00400,0
1791146280000,790.800,790.920,790.460,790.460,379.98,1791146339999,300452.05130,601,96.82,76554.83910,0
1791146340000,790.460,790.700,790.460,790.690,108.23,1791146399999,85559.87440,273,83.80,66246.44630,0
1791146400000,790.690,790.730,790.690,790.720,46.90,1791146459999,37084.56240,125,15.13,11963.41740,0
1791146460000,790.720,790.730,790.610,790.610,70.36,1791146519999,55632.55020,246,5.35,4230.06810,0
1791146520000,790.620,790.770,790.500,790.760,140.64,1791146579999,111184.72020,357,114.75,90716.79310,0
1791146580000,790.770,791.400,790.770,791.390,208.12,1791146639999,164646.35480,676,193.83,153342.33200,0
1791146640000,791.390,791.400,791.320,791.330,103.18,1791146699999,81655.42130,254,34.83,27564.30940,0
1791146700000,791.320,791.680,791.250,791.450,667.68,1791146759999,528499.11760,913,265.22,209918.13010,0
1791146760000,791.440,791.940,791.430,791.940,427.28,1791146819999,338274.45800,573,391.76,310151.68140,0
1791146820000,791.940,792.320,791.930,792.160,802.56,1791146879999,635716.99780,1261,444.45,352046.66280,0
1791146880000,792.160,792.180,792.120,792.120,132.40,1791146939999,104880.71830,416,54.58,43235.18760,0
1791146940000,792.120,792.130,791.520,791.530,323.71,1791146999999,256366.27880,657,67.44,53413.35180,0
1791147000000,791.520,791.720,791.520,791.680,137.75,1791147059999,109050.26260,294,105.72,83692.50140,0
1791147060000,791.690,791.690,791.680,791.690,44.97,1791147119999,35602.22390,163,37.43,29632.95670,0
1791147120000,791.690,792.120,791.680,792.120,266.24,1791147179999,210810.02040,480,99.01,78399.36260,0
1791147180000,792.110,792.290,791.760,791.840,362.80,1791147239999,287355.07530,720,106.76,84565.77550,0
1791147240000,791.840,791.950,791.840,791.940,52.69,1791147299999,41727.04610,196,9.05,7166.82070,0
1791147300000,791.940,792.080,791.730,791.990,464.89,1791147359999,368141.27920,1634,206.13,163227.62010,0
1791147360000,792.000,792.150,791.840,792.120,725.01,1791147419999,574197.21000,1692,424.52,336209.98860,0
1791147420000,792.130,792.130,791.800,792.090,921.06,1791147479999,729492.74020,2039,520.15,411977.53640,0
1791147480000,792.090,792.190,792.080,792.190,52.80,1791147539999,41824.49650,187,49.91,39535.29210,0
1791147540000,792.190,792.270,792.070,792.170,457.14,1791147599999,362124.34180,1550,255.82,202639.82060,0
1791147600000,792.170,793.090,792.170,792.410,1946.94,1791147659999,1543368.81530,1753,1667.18,1321600.34300,0
1791147660000,792.410,792.410,792.040,792.130,963.09,1791147719999,762962.93410,2419,427.53,338679.42700,0
1791147720000,792.130,792.480,792.070,792.470,858.54,1791147779999,680180.58960,2363,439.50,348200.91880,0
1791147780000,792.470,792.770,792.470,792.580,759.41,1791147839999,601971.39400,1624,194.28,153993.03920,0
1791147840000,792.580,792.590,792.420,792.430,283.90,1791147899999,224993.34510,717,121.75,96488.41870,0
1791147900000,792.430,792.440,792.360,792.390,436.25,1791147959999,345690.52760,1380,180.71,143194.35970,0
1791147960000,792.390,792.400,791.990,792.300,199.03,1791148019999,157659.60330,599,59.93,47473.37700,0
1791148020000,792.290,792.460,792.290,792.460,256.94,1791148079999,203600.22640,1042,196.77,155920.63920,0
1791148080000,792.450,792.840,792.450,792.840,144.51,1791148139999,114538.15360,435,126.88,100565.15280,0
1791148140000,792.850,793.100,792.730,792.930,550.63,1791148199999,436606.33170,803,378.10,299801.77640,0
1791148200000,792.940,794.570,792.930,794.080,2485.61,1791148259999,1973095.78130,2628,2011.89,1597078.04220,0
1791148260000,794.080,796.580,794.080,795.710,6066.20,1791148319999,4824497.92470,5486,4754.25,3780989.19210,0
1791148320000,795.700,796.200,795.360,795.780,1405.50,1791148379999,1118347.45380,2285,784.96,624561.37630,0
1791148380000,795.770,795.880,794.660,794.760,928.40,1791148439999,738199.52250,1997,274.15,217979.24450,0
1791148440000,794.750,794.810,794.350,794.360,670.64,1791148499999,532920.01900,1248,265.39,210889.39550,0
1791148500000,794.360,794.360,793.830,793.910,1243.41,1791148559999,987213.28950,1319,334.00,265163.05040,0
1791148560000,793.910,794.080,793.650,793.980,578.71,1791148619999,459411.18190,904,292.70,232352.67570,0
1791148620000,793.980,793.980,793.200,793.240,851.89,1791148679999,676025.27910,1198,219.13,173893.19070,0
1791148680000,793.230,793.370,793.110,793.110,790.77,1791148739999,627287.78630,1053,344.39,273188.75930,0
1791148740000,793.120,793.120,792.710,792.760,941.59,1791148799999,746589.92770,2662,255.87,202865.24230,0
1791148800000,792.760,792.970,792.600,792.620,678.38,1791148859999,537846.91390,1944,375.17,297447.67840,0
1791148860000,792.630,792.970,792.340,792.620,658.17,1791148919999,521711.01740,2180,286.27,226925.92390,0
1791148920000,792.620,793.360,792.610,793.360,360.92,1791148979999,286199.34960,546,321.87,255230.78640,0
1791148980000,793.350,793.530,793.260,793.520,276.77,1791149039999,219589.16850,621,122.06,96844.89790,0
1791149040000,793.530,793.580,793.390,793.570,325.28,1791149099999,258102.28070,559,140.77,111694.18490,0
1791149100000,793.580,794.000,793.570,793.850,302.87,1791149159999,240426.53100,838,158.58,125882.61590,0
1791149160000,793.840,794.010,793.840,793.930,168.47,1791149219999,133753.56280,449,91.75,72839.89960,0
1791149220000,793.930,794.010,793.880,793.890,137.70,1791149279999,109332.70890,434,54.47,43249.05130,0
1791149280000,793.890,793.890,793.880,793.880,96.65,1791149339999,76728.64270,201,14.07,11170.03230,0
1791149340000,793.880,793.880,793.590,793.600,139.91,1791149399999,111055.66490,466,9.45,7499.93750,0
1791149400000,793.590,794.080,793.590,794.080,419.43,1791149459999,332984.62010,386,384.31,305105.40130,0
1791149460000,794.080,794.080,793.990,794.000,62.33,1791149519999,49492.78710,217,11.36,9019.97120,0
1791149520000,793.990,794.140,793.990,794.130,306.23,1791149579999,243165.21790,433,281.62,223625.09600,0
1791149580000,794.140,794.140,794.060,794.070,227.80,1791149639999,180894.10680,400,82.79,65743.15870,0
1791149640000,794.060,794.070,794.060,794.070,14.98,1791149699999,11895.05040,111,3.16,2509.26120,0
1791149700000,794.060,794.150,794.060,794.140,110.62,1791149759999,87840.12270,278,59.19,47001.52970,0
1791149760000,794.150,794.380,794.140,794.380,166.67,1791149819999,132385.72010,395,120.69,95863.77480,0
1791149820000,794.370,794.590,794.370,794.590,225.86,1791149879999,179441.42060,392,196.84,156388.02070,0
1791149880000,794.590,794.590,794.180,794.460,365.09,1791149939999,290018.68160,569,149.23,118526.28020,0
1791149940000,794.460,794.460,794.370,794.380,124.29,1791149999999,98736.38190,176,50.24,39910.22360,0
1791150000000,794.380,794.460,794.370,794.400,142.03,1791150059999,112829.26420,321,55.63,44192.66250,0
1791150060000,794.410,794.470,794.080,794.080,403.73,1791150119999,320691.01130,555,34.94,27756.43840,0
1791150120000,794.080,794.110,794.070,794.100,268.16,1791150179999,212943.00590,235,202.10,160485.10600,0
1791150180000,794.090,794.310,794.090,794.300,107.86,1791150239999,85660.81440,296,97.39,77346.56370,0
1791150240000,794.310,794.310,794.150,794.230,66.15,1791150299999,52539.45370,264,33.65,26724.96610,0
1791150300000,794.240,794.460,794.230,794.460,48.92,1791150359999,38858.79630,308,39.18,31122.04170,0
1791150360000,794.460,794.830,794.450,794.830,138.59,1791150419999,110128.99570,489,121.11,96240.67730,0
1791150420000,794.830,794.970,794.440,794.650,765.94,1791150479999,608726.13360,731,244.31,194202.85730,0
1791150480000,794.640,794.850,794.620,794.690,180.31,1791150539999,143297.77750,409,102.76,81661.41090,0
1791150540000,794.700,794.700,794.640,794.650,79.36,1791150599999,63064.63910,164,13.63,10831.60050,0
1791150600000,794.650,794.840,794.650,794.840,82.43,1791150659999,65507.19050,342,76.31,60643.70920,0
1791150660000,794.830,794.840,794.730,794.740,470.37,1791150719999,373827.18500,385,64.92,51595.41900,0
1791150720000,794.740,794.810,794.730,794.800,50.86,1791150779999,40421.98490,187,26.03,20687.38580,0
1791150780000,794.810,794.810,794.220,794.220,308.84,1791150839999,245422.97340,480,19.45,15452.82130,0
1791150840000,794.220,794.220,794.040,794.050,45.13,1791150899999,35838.41620,287,16.26,12912.01670,0
1791150900000,794.050,794.050,793.640,793.640,170.78,1791150959999,135583.87420,423,6.52,5176.23190,0
1791150960000,793.640,793.650,793.590,793.590,55.28,1791151019999,43871.94430,199,3.80,3015.82590,0
1791151020000,793.600,793.600,793.380,793.390,185.68,1791151079999,147332.40650,343,19.45,15431.94300,0
1791151080000,793.380,793.380,793.270,793.280,201.62,1791151139999,159945.48900,361,65.59,52031.92730,0
1791151140000,793.290,793.290,793.080,793.140,317.40,1791151199999,251761.25990,394,60.73,48168.48840,0
1791151200000,793.140,794.230,793.140,794.070,724.58,1791151259999,575216.98620,1083,625.48,496544.43050,0
1791151260000,794.070,794.160,793.830,793.990,453.13,1791151319999,359799.29260,705,134.46,106760.91520,0
1791151320000,794.000,795.710,793.990,794.800,2404.10,1791151379999,1911703.08600,2651,1605.45,1276552.42040,0
1791151380000,794.800,795.310,793.850,795.230,2799.37,1791151439999,2225057.29220,1867,2340.11,1860108.48510,0
1791151440000,795.220,795.850,795.130,795.720,589.64,1791151499999,469048.82670,1076,349.95,278373.39530,0
1791151500000,795.710,795.720,794.740,795.310,447.01,1791151559999,355448.34710,1311,252.35,200644.27710,0
1791151560000,795.300,796.200,795.300,795.600,611.32,1791151619999,486527.05800,1437,343.74,273570.52580,0
1791151620000,795.590,795.600,795.050,795.060,158.81,1791151679999,126303.03730,555,53.53,42565.59890,0
1791151680000,795.050,795.200,794.770,795.200,165.47,1791151739999,131544.09070,604,81.20,64549.43360,0
1791151740000,795.190,795.510,795.010,795.110,434.15,1791151799999,345246.15030,791,95.60,76029.00070,0
1791151800000,795.100,795.100,794.620,794.630,186.78,1791151859999,148461.59030,526,46.11,36647.41360,0
1791151860000,794.620,795.000,794.390,794.870,171.36,1791151919999,136170.87790,639,85.03,67569.89670,0
1791151920000,794.860,794.870,794.690,794.720,148.33,1791151979999,117889.30300,366,78.27,62204.28010,0
1791151980000,794.710,795.560,794.710,795.430,224.68,1791152039999,178653.03110,761,149.94,119205.63830,0
1791152040000,795.430,795.820,795.180,795.350,301.11,1791152099999,239539.79190,779,172.09,136902.68250,0
1791152100000,795.350,796.820,795.100,796.520,2335.57,1791152159999,1859451.58510,2014,1764.76,1404983.84090,0
1791152160000,796.530,798.600,796.530,797.310,6280.17,1791152219999,5009579.10290,6099,4707.65,3755384.57260,0
1791152220000,797.340,797.660,796.790,797.020,771.28,1791152279999,614846.70310,1633,270.95,215998.25490,0
1791152280000,797.020,797.400,796.670,797.010,562.92,1791152339999,448705.20820,1184,220.33,175609.89490,0
1791152340000,797.010,797.150,796.510,796.550,450.59,1791152399999,359067.73670,975,159.70,127260.22940,0
1791152400000,796.550,796.850,796.360,796.470,476.73,1791152459999,379764.74900,1028,177.78,141604.20140,0
1791152460000,796.470,796.610,795.450,796.560,1228.43,1791152519999,977808.37600,1780,309.60,246492.17530,0
1791152520000,796.550,796.560,795.960,796.320,476.97,1791152579999,379788.69200,1114,185.04,147313.96950,0
1791152580000,796.320,796.320,795.670,795.830,260.19,1791152639999,207088.67290,720,72.95,58054.04400,0
1791152640000,795.840,795.990,795.600,795.700,394.70,1791152699999,314125.62840,797,147.51,117393.24750,0
1791152700000,795.700,796.520,795.700,796.520,337.88,1791152759999,268947.50840,814,222.13,176817.53810,0
1791152760000,796.510,796.640,795.710,796.640,741.68,1791152819999,590508.09010,1303,501.97,399639.94280,0
1791152820000,796.640,796.740,796.230,796.370,586.59,1791152879999,467163.51680,970,333.80,265828.73910,0
1791152880000,796.370,796.370,795.820,796.170,779.51,1791152939999,620576.65360,1065,255.43,203362.46960,0
1791152940000,796.160,796.170,796.040,796.100,699.69,1791152999999,557006.86440,463,157.77,125598.04830,0
1791153000000,796.110,796.280,795.080,796.090,1855.62,1791153059999,1476702.76810,1880,306.38,243843.80110,0
1791153060000,796.090,796.230,795.330,795.530,1028.32,1791153119999,818391.30000,1562,210.82,167767.74640,0
1791153120000,795.530,796.090,795.390,795.780,226.90,1791153179999,180543.61400,704,90.07,71660.12400,0
1791153180000,795.780,795.920,795.420,795.500,421.63,1791153239999,335446.03180,868,145.32,115606.72550,0
1791153240000,795.500,796.070,795.420,796.030,207.66,1791153299999,165267.51310,588,132.53,105469.30050,0
1791153300000,796.020,796.500,796.020,796.340,580.03,1791153359999,461889.78140,1036,376.16,299544.46770,0
1791153360000,796.330,796.890,796.330,796.800,348.95,1791153419999,278016.52950,796,204.81,163167.96000,0
1791153420000,796.800,796.900,796.310,796.320,173.77,1791153479999,138443.93570,596,58.07,46266.65770,0
1791153480000,796.320,796.480,795.790,796.040,451.89,1791153539999,359756.92070,896,246.57,196266.11050,0
1791153540000,796.050,796.360,795.740,795.800,1444.19,1791153599999,1149881.19830,1107,459.73,365999.23430,0
1791153600000,795.810,796.010,795.740,795.810,271.23,1791153659999,215864.05110,672,138.66,110353.84600,0
1791153660000,795.810,796.240,795.810,796.220,160.71,1791153719999,127924.01580,428,104.24,82971.01360,0
1791153720000,796.220,796.620,796.220,796.610,204.55,1791153779999,162917.26080,502,184.36,146837.04270,0
1791153780000,796.620,796.780,796.490,796.490,286.31,1791153839999,228099.57990,592,160.93,128213.89160,0
1791153840000,796.490,796.500,796.190,796.190,143.79,1791153899999,114499.23220,445,50.31,40057.48810,0
1791153900000,796.190,796.200,795.890,795.900,167.88,1791153959999,133638.97970,532,87.61,69738.92890,0
1791153960000,795.890,795.990,795.860,795.980,207.72,1791154019999,165325.30420,296,190.69,151770.27760,0
1791154020000,795.980,795.980,795.560,795.870,1002.63,1791154079999,797822.80210,801,312.00,248260.12430,0
1791154080000,795.870,795.880,795.270,795.390,329.50,1791154139999,262118.48820,639,91.63,72879.65400,0
1791154140000,795.380,795.380,795.180,795.190,298.67,1791154199999,237515.84690,555,173.68,138114.21370,0
1791154200000,795.190,795.540,795.180,795.200,631.15,1791154259999,501993.02290,646,431.77,343414.52190,0
1791154260000,795.200,795.220,794.950,795.220,355.21,1791154319999,282401.63600,649,106.36,84557.73730,0
1791154320000,795.220,795.700,795.200,795.700,293.75,1791154379999,233629.33510,866,177.58,141234.96590,0
1791154380000,795.690,795.990,795.690,795.980,54.59,1791154439999,43443.84930,277,46.19,36759.16380,0
1791154440000,795.990,795.990,795.840,795.940,85.18,1791154499999,67796.33550,269,32.91,26192.59950,0
1791154500000,795.940,795.940,795.900,795.910,81.29,1791154559999,64701.32080,215,50.63,40298.22890,0
1791154560000,795.910,796.320,795.910,796.090,382.01,1791154619999,304140.74770,712,343.26,273288.75070,0
1791154620000,796.090,796.090,795.840,795.840,78.95,1791154679999,62837.79940,245,30.35,24155.64880,0
1791154680000,795.840,795.900,795.680,795.900,243.16,1791154739999,193503.44920,421,226.06,179895.50440,0
1791154740000,795.900,795.960,795.890,795.960,56.43,1791154799999,44913.97080,190,51.24,40783.10460,0
1791154800000,795.960,796.690,795.900,796.390,395.16,1791154859999,314682.56640,1123,194.03,154499.27990,0
1791154860000,796.390,796.440,796.170,796.340,279.45,1791154919999,222533.73960,741,170.27,135585.23920,0
1791154920000,796.330,796.390,795.890,795.900,183.94,1791154979999,146468.06350,716,70.94,56488.72950,0
1791154980000,795.900,796.050,795.710,795.930,662.59,1791155039999,527357.47110,884,115.26,91736.80870,0
1791155040000,795.930,796.070,795.830,795.970,619.81,1791155099999,493357.52270,1056,302.97,241146.91820,0
1791155100000,795.970,796.190,795.460,795.560,1226.28,1791155159999,975810.50620,1693,519.96,413732.30920,0
1791155160000,795.570,795.650,795.290,795.290,663.35,1791155219999,527682.46150,929,247.08,196550.69590,0
1791155220000,795.300,795.300,794.940,794.940,439.48,1791155279999,349427.03530,994,131.82,104804.53500,0
1791155280000,794.950,795.870,794.950,795.860,960.37,1791155339999,763704.73090,1684,786.93,625772.77950,0
1791155340000,795.870,796.230,795.860,795.980,646.43,1791155399999,514604.89010,1577,312.48,248741.50260,0
1791155400000,795.980,796.580,795.980,796.330,299.92,1791155459999,238837.00290,783,230.88,183851.76380,0
1791155460000,796.340,796.340,796.030,796.300,191.41,1791155519999,152398.36000,575,103.39,82311.23990,0
1791155520000,796.310,796.470,796.070,796.290,231.45,1791155579999,184293.19230,781,120.37,95842.31380,0
1791155580000,796.290,796.700,796.290,796.690,182.31,1791155639999,145198.73020,670,109.26,87017.78290,0
1791155640000,796.700,796.800,796.620,796.790,285.02,1791155699999,227085.34600,487,167.42,133391.73370,0
1791155700000,796.800,797.000,796.650,796.990,407.85,1791155759999,324976.80230,694,331.92,264474.66500,0
1791155760000,797.000,797.500,796.990,797.400,1199.03,1791155819999,955944.73210,1154,597.60,476378.48870,0
1791155820000,797.390,797.750,797.230,797.230,732.37,1791155879999,584081.04130,968,378.56,301890.09670,0
1791155880000,797.230,797.470,796.670,796.670,283.57,1791155939999,226076.07640,805,96.13,76642.73100,0
1791155940000,796.670,797.240,796.670,797.100,294.34,1791155999999,234583.97290,766,93.61,74598.43960,0
1791156000000,797.100,797.280,796.910,797.040,291.48,1791156059999,232344.57500,658,135.10,107691.52150,0
1791156060000,797.030,797.150,796.600,796.670,490.43,1791156119999,390778.50160,1003,250.44,199552.78690,0
1791156120000,796.680,796.680,796.330,796.330,199.90,1791156179999,159226.06730,666,71.33,56815.34200,0
1791156180000,796.330,796.340,796.160,796.200,600.05,1791156239999,477784.49900,836,267.39,212895.95170,0
1791156240000,796.200,796.460,796.190,796.310,270.79,1791156299999,215635.56280,652,169.41,134896.98750,0
1791156300000,796.300,796.470,796.280,796.470,165.11,1791156359999,131488.85970,438,79.32,63165.51580,0
1791156360000,796.470,796.750,796.460,796.740,94.42,1791156419999,75215.49850,304,82.36,65607.55550,0
1791156420000,796.750,797.000,796.430,796.770,416.92,1791156479999,332190.15830,890,107.03,85268.00600,0
1791156480000,796.770,797.000,796.590,796.590,301.71,1791156539999,240429.65350,613,179.70,143200.33450,0
1791156540000,796.590,796.660,796.440,796.440,193.15,1791156599999,153860.28870,521,82.27,65532.94800,0
1791156600000,796.440,796.620,796.320,796.620,121.34,1791156659999,96634.37260,379,71.62,57037.07040,0
1791156660000,796.620,796.860,796.320,796.330,178.61,1791156719999,142299.78760,750,89.71,71471.76700,0
1791156720000,796.320,796.330,795.960,796.190,183.16,1791156779999,145817.47320,625,76.39,60813.94160,0
1791156780000,796.190,796.450,796.180,796.240,237.27,1791156839999,188941.46220,613,65.87,52454.05170,0
1791156840000,796.210,796.210,795.720,795.750,423.90,1791156899999,337385.40420,780,50.85,40473.90290,0
1791156900000,795.760,795.760,795.370,795.430,1503.10,1791156959999,1195709.43460,1174,352.68,280544.61810,0
1791156960000,795.430,795.510,795.110,795.240,319.51,1791157019999,254122.50960,777,91.04,72406.39080,0
1791157020000,795.230,795.330,795.170,795.330,212.04,1791157079999,168620.99770,347,144.37,114806.64320,0
1791157080000,795.330,795.330,795.030,795.090,650.06,1791157139999,516901.60620,723,488.17,388167.80010,0
1791157140000,795.090,795.140,795.070,795.120,105.93,1791157199999,84224.06580,295,49.60,39436.26710,0
1791157200000,795.140,795.560,795.130,795.560,87.12,1791157259999,69295.51830,319,57.19,45485.26530,0
1791157260000,795.560,795.560,795.240,795.240,149.11,1791157319999,118617.42870,590,22.56,17946.75870,0
1791157320000,795.240,795.540,795.100,795.540,137.84,1791157379999,109609.31290,544,64.11,50979.91210,0
1791157380000,795.540,795.790,795.530,795.720,236.67,1791157439999,188318.71610,616,115.54,91931.47380,0
1791157440000,795.710,795.800,795.700,795.800,204.69,1791157499999,162879.16130,420,48.59,38665.04620,0
1791157500000,795.800,795.800,795.360,795.460,246.91,1791157559999,196435.05910,617,86.15,68528.86910,0
1791157560000,795.450,795.700,795.450,795.660,81.80,1791157619999,65080.37460,348,41.25,32818.06730,0
1791157620000,795.660,795.850,795.580,795.840,75.46,1791157679999,60044.93780,430,34.13,27156.59910,0
1791157680000,795.840,795.850,795.670,795.680,86.87,1791157739999,69131.49290,312,17.56,13973.09990,0
1791157740000,795.680,795.810,795.550,795.800,71.71,1791157799999,57054.26520,288,27.46,21846.98390,0
1791157800000,795.800,795.950,795.630,795.940,213.38,1791157859999,169810.08030,382,105.95,84320.65200,0
1791157860000,795.950,796.250,795.950,796.010,730.67,1791157919999,581631.37510,456,589.90,469561.07590,0
1791157920000,796.000,796.160,795.940,795.960,97.87,1791157979999,77907.96400,357,43.32,34481.81760,0
1791157980000,795.960,795.990,795.750,795.870,134.87,1791158039999,107338.01780,399,62.10,49420.42950,0
1791158040000,795.860,795.990,795.850,795.950,212.38,1791158099999,169038.27730,303,76.30,60725.51080,0
1791158100000,795.950,795.960,795.950,795.960,26.96,1791158159999,21459.03690,74,22.49,17901.14040,0
1791158160000,795.960,795.960,795.660,795.800,711.21,1791158219999,566068.80970,453,269.63,214610.29030,0
1791158220000,795.810,795.960,795.810,795.950,96.78,1791158279999,77027.76480,132,12.04,9582.13310,0
1791158280000,795.950,795.960,795.670,795.670,368.77,1791158339999,293467.66520,456,108.56,86392.78180,0
1791158340000,795.680,795.920,795.660,795.860,298.80,1791158399999,237780.63900,351,153.95,122499.92220,0
