open_time,open,high,low,close,volume,close_time,quote_volume,count,taker_buy_volume,taker_buy_quote_volume,ignore
1716940800000,601.910,603.990,601.150,601.820,59033.09,1716955199999,35566699.30670,64500,26673.59,16072784.93850,0
1716955200000,601.820,603.770,598.370,598.460,53835.35,1716969599999,32399298.42110,67090,24121.80,14519580.24750,0
1716969600000,598.460,600.920,596.080,599.500,92629.87,1716983999999,55476813.08160,104598,47873.93,28673132.13590,0
1716984000000,599.500,601.640,595.080,595.730,89500.94,1716998399999,53546994.18460,130331,41016.27,24544729.59580,0
1716998400000,595.730,596.910,593.330,594.090,74124.77,1717012799999,44101862.57280,95882,36031.19,21438655.03520,0
1717012800000,594.090,597.620,593.860,595.770,34150.69,1717027199999,20354590.95040,55627,18447.22,10994778.25250,0
