open_time,open,high,low,close,volume,close_time,quote_volume,count,taker_buy_volume,taker_buy_quote_volume,ignore
1776297600000,623.080,626.680,621.020,624.610,51691.97,1776311999999,32238855.10340,110559,25793.19,16086859.53360,0
1776312000000,624.600,626.440,622.140,622.980,57648.31,1776326399999,35984758.37970,101681,25171.64,15714199.09530,0
1776326400000,622.980,624.170,619.090,621.230,81598.49,1776340799999,50712745.20160,119212,38133.60,23702128.58370,0
1776340800000,621.230,626.830,615.090,625.130,146405.12,1776355199999,90871833.30840,223717,73604.27,45699173.72500,0
1776355200000,625.140,638.020,623.860,636.920,191101.85,1776369599999,120601629.16480,266877,97842.51,61730547.93000,0
1776369600000,636.930,637.890,632.190,636.150,63939.77,1776383999999,40579675.79320,120381,34184.21,21691655.24230,0
