open_time,open,high,low,close,volume,close_time,quote_volume,count,taker_buy_volume,taker_buy_quote_volume,ignore
1756512000000,862.850,862.920,852.570,860.950,72286.14,1756526399999,62071250.64980,121979,34214.08,29380536.01680,0
1756526400000,860.950,862.440,857.550,861.010,37627.74,1756540799999,32371308.28620,79897,17986.53,15475874.98690,0
1756540800000,861.010,861.800,858.850,860.740,26787.09,1756555199999,23047178.14150,60113,13648.50,11742887.57860,0
1756555200000,860.740,860.740,851.800,859.490,75611.65,1756569599999,64699970.81860,118464,37841.22,32376282.29990,0
1756569600000,859.490,859.620,856.500,859.270,29514.03,1756583999999,25333481.42170,61047,13001.24,11158905.98290,0
1756584000000,859.270,864.600,857.370,862.600,35209.81,1756598399999,30318543.38860,71304,18137.24,15614875.59270,0
