open_time,open,high,low,close,volume,close_time,quote_volume,count,taker_buy_volume,taker_buy_quote_volume,ignore
1728691200000,573.760,577.420,573.570,576.890,53858.77,1728705599999,31027742.86310,80153,26283.74,15142358.73670,0
1728705600000,576.890,579.040,574.080,575.350,59579.52,1728719999999,34391931.43560,77758,26697.58,15411940.14130,0
1728720000000,575.340,579.170,575.010,576.570,47941.09,1728734399999,27662628.62410,73401,24873.77,14353599.55870,0
1728734400000,576.570,578.950,575.010,575.960,56514.14,1728748799999,32600319.50080,72898,29630.78,17095272.96150,0
1728748800000,575.960,578.330,575.720,577.650,23734.31,1728763199999,13690404.87600,56842,11428.03,6592006.81960,0
1728763200000,577.650,578.180,576.210,576.510,15593.24,1728777599999,9004891.38910,42492,7545.99,4357805.49760,0
