open_time,open,high,low,close,volume,close_time,quote_volume,count,taker_buy_volume,taker_buy_quote_volume,ignore
1710374400000,631.010,632.000,611.030,615.830,535624.88,1710388799999,331908756.22660,644076,261269.65,161921013.34194,0
1710388800000,615.830,622.150,606.100,607.120,388146.52,1710403199999,238611859.89052,453265,184320.39,113350461.63395,0
1710403200000,607.170,614.990,603.260,606.350,350917.54,1710417599999,214090109.14620,408187,176653.03,107804957.02960,0
1710417600000,606.350,608.680,586.450,593.330,785977.24,1710431999999,469190740.32126,876192,375813.52,224355139.71679,0
1710432000000,593.310,600.340,565.550,579.800,861848.83,1710446399999,505743979.87983,961370,412077.19,241991865.36110,0
1710446400000,579.780,609.720,579.300,603.750,415346.73,1710460799999,248716697.90769,497341,215499.07,129049588.63764,0
