open_time,open,high,low,close,volume,close_time,quote_volume,count,taker_buy_volume,taker_buy_quote_volume,ignore
1725753600000,493.360,496.680,490.670,496.500,39626.54,1725767999999,19572865.93370,64665,20467.56,10111347.80500,0
1725768000000,496.510,504.900,496.100,503.020,108729.14,1725782399999,54347523.46670,96740,61178.02,30594289.85120,0
1725782400000,503.020,506.330,501.000,501.430,102423.30,1725796799999,51592011.43660,108519,48706.21,24540063.60940,0
1725796800000,501.500,502.000,491.060,491.770,117032.55,1725811199999,58127882.50830,119410,54090.83,26881908.19650,0
1725811200000,491.760,498.840,491.100,495.380,57888.76,1725825599999,28650168.54470,77486,29775.46,14735857.16250,0
1725825600000,495.380,507.000,494.720,503.030,91950.27,1725839999999,46160319.20470,111130,47701.94,23945540.74830,0
