open_time,open,high,low,close,volume,close_time,quote_volume,count,taker_buy_volume,taker_buy_quote_volume,ignore
1733443200000,717.770,733.920,714.170,729.860,259905.19,1733457599999,188946128.80260,332829,123849.79,90031295.67310,0
1733457600000,729.860,735.180,725.250,726.040,169342.24,1733471999999,123596080.79410,193243,80652.92,58851512.03130,0
1733472000000,726.030,729.790,712.180,718.880,276643.72,1733486399999,198992383.23860,313720,136659.47,98295499.04820,0
1733486400000,718.880,733.770,705.600,733.160,448025.60,1733500799999,322057636.86760,420547,219378.79,157795205.04810,0
1733500800000,733.160,746.760,729.060,738.760,433743.00,1733515199999,320547807.99150,395855,203722.89,150554395.33640,0
1733515200000,738.770,744.660,727.000,730.750,210623.48,1733529599999,155138148.57950,223427,94062.14,69293681.82680,0
