open_time,open,high,low,close,volume,close_time,quote_volume,count,taker_buy_volume,taker_buy_quote_volume,ignore
1686182400000,259.210,262.990,257.040,258.730,372469.94,1686196799999,96857062.77453,139565,185670.06,48297377.60000,0
1686196800000,258.730,262.460,258.360,260.820,286885.31,1686211199999,74655851.21020,113571,151319.37,39377075.92920,0
1686211200000,260.820,267.250,260.260,264.870,439220.97,1686225599999,115545139.57147,171027,230898.52,60756486.07557,0
1686225600000,264.870,267.750,263.440,265.180,636529.95,1686239999999,168809389.00861,233721,315477.82,83684846.69044,0
1686240000000,265.170,265.370,261.050,264.270,348963.59,1686254399999,91854507.75310,135009,170839.41,44970497.96350,0
1686254400000,264.260,265.260,261.510,261.960,181358.55,1686268799999,47748244.55440,79578,86775.44,22851022.34770,0
