open_time,open,high,low,close,volume,close_time,quote_volume,count,taker_buy_volume,taker_buy_quote_volume,ignore
1790035200000,799.780,799.880,799.170,799.200,617.71,1790035259999,493907.37880,1554,232.07,185540.22430,0
1790035260000,799.190,799.380,798.890,799.190,402.51,1790035319999,321680.26180,1480,215.79,172458.92390,0
1790035320000,799.190,799.420,799.020,799.160,770.45,1790035379999,615799.11920,1382,299.59,239446.46520,0
1790035380000,799.160,799.200,798.600,798.650,494.60,1790035439999,395133.12210,1285,221.91,177283.08140,0
1790035440000,798.650,798.950,798.110,798.320,832.26,1790035499999,664530.24530,1892,308.20,246081.89140,0
1790035500000,798.310,799.040,798.240,798.970,398.64,1790035559999,318413.58140,1199,318.05,254037.94530,0
1790035560000,798.960,799.100,798.450,798.450,386.77,1790035619999,308969.07290,1196,156.66,125146.85540,0
1790035620000,798.460,798.890,797.760,797.760,514.76,1790035679999,410955.91960,1404,146.37,116840.35030,0
1790035680000,797.770,798.470,797.770,798.160,369.42,1790035739999,294829.96610,1234,226.10,180438.11240,0
1790035740000,798.170,798.310,797.840,798.120,408.50,1790035799999,326014.24800,1100,150.35,119987.45420,0
1790035800000,798.120,798.640,798.110,798.540,421.77,1790035859999,336736.63790,1127,281.09,224418.00070,0
1790035860000,798.530,798.760,798.170,798.600,365.96,1790035919999,292185.81130,1239,133.08,106247.05250,0
1790035920000,798.590,799.110,798.590,798.860,341.80,1790035979999,273078.77900,897,246.17,196670.73040,0
1790035980000,798.860,799.100,798.590,799.000,263.52,1790036039999,210525.84790,926,201.99,161367.80260,0
1790036040000,799.000,799.780,799.000,799.780,236.78,1790036099999,189285.37890,694,219.72,175647.61560,0
1790036100000,799.780,799.830,799.100,799.820,252.35,1790036159999,201754.44130,1056,141.24,112924.75980,0
1790036160000,799.830,800.240,799.770,800.160,839.65,1790036219999,671799.38710,1284,614.36,491548.82650,0
1790036220000,800.150,800.480,799.760,799.770,351.31,1790036279999,281148.29270,988,217.18,173807.42060,0
1790036280000,799.770,799.770,799.410,799.740,200.17,1790036339999,160054.12430,822,122.90,98264.91960,0
1790036340000,799.740,800.360,799.730,800.300,266.74,1790036399999,213440.55370,826,178.87,143123.58580,0
1790036400000,800.300,800.300,799.180,799.240,436.46,1790036459999,349031.39710,1147,128.02,102356.86580,0
1790036460000,799.250,799.570,799.240,799.570,255.15,1790036519999,203955.04780,825,130.64,104428.69400,0
1790036520000,799.570,800.250,799.560,800.240,211.25,1790036579999,168959.31920,812,169.76,135780.25910,0
1790036580000,800.240,800.250,799.360,799.370,272.20,1790036639999,217718.55420,874,70.77,56593.38930,0
1790036640000,799.360,799.530,798.930,799.360,695.22,1790036699999,555639.62270,1206,409.14,326985.23190,0
1790036700000,799.360,799.520,799.100,799.320,323.90,1790036759999,258921.29100,1183,160.60,128370.58420,0
1790036760000,799.320,799.570,798.640,798.640,433.66,1790036819999,346537.07740,1086,103.01,82316.56470,0
1790036820000,798.650,799.510,798.260,799.400,336.47,1790036879999,268793.44820,1156,200.53,160226.62440,0
1790036880000,799.410,799.710,799.230,799.240,184.63,1790036939999,147611.37220,521,47.99,38367.67820,0
1790036940000,799.230,799.460,799.000,799.050,206.34,1790036999999,164899.78600,832,103.06,82357.64170,0
1790037000000,799.060,800.850,798.850,800.490,3093.37,1790037059999,2475031.13120,3290,1713.61,1370785.04150,0
1790037060000,800.490,800.490,798.120,799.450,2233.26,1790037119999,1785265.47850,2952,431.45,344964.11640,0
1790037120000,799.450,799.850,799.250,799.850,375.18,1790037179999,299930.97500,1085,240.88,192565.69450,0
1790037180000,799.850,802.050,799.850,800.860,2464.43,1790037239999,1973830.58980,3039,2033.26,1628547.89690,0
1790037240000,800.860,802.080,800.600,800.920,1241.98,1790037299999,995084.02390,2032,1009.80,809112.05720,0
1790037300000,800.920,800.920,800.040,800.140,187.42,1790037359999,150019.51720,881,82.51,66037.09590,0
1790037360000,800.090,800.160,799.290,799.300,407.17,1790037419999,325690.46030,1077,168.96,135161.27190,0
1790037420000,799.300,799.750,799.050,799.060,422.06,1790037479999,337387.34370,1100,235.80,188490.00540,0
1790037480000,799.060,799.110,798.730,798.730,296.31,1790037539999,236733.24270,947,95.54,76328.46420,0
1790037540000,798.730,799.260,798.610,798.800,343.82,1790037599999,274662.45330,1023,211.45,168910.36820,0
1790037600000,798.800,799.160,797.350,797.610,648.97,1790037659999,517879.37160,1810,136.13,108636.72890,0
1790037660000,797.600,798.960,797.400,798.960,421.56,1790037719999,336416.66380,1331,335.84,267999.34990,0
1790037720000,798.950,799.210,798.480,799.210,227.48,1790037779999,181721.85660,926,171.01,136613.82080,0
1790037780000,799.160,799.590,799.160,799.390,338.50,1790037839999,270596.56550,1021,244.42,195385.67920,0
1790037840000,799.380,799.980,799.380,799.980,243.63,1790037899999,194841.73530,711,165.92,132688.30810,0
1790037900000,799.980,800.500,799.760,799.960,632.40,1790037959999,506034.22940,1321,353.22,282647.21780,0
1790037960000,799.950,799.950,799.020,799.330,279.04,1790038019999,223090.00400,1139,136.11,108814.41150,0
1790038020000,799.340,799.410,798.870,798.970,271.29,1790038079999,216804.51590,948,85.85,68599.19550,0
1790038080000,798.970,799.370,798.690,799.360,293.37,1790038139999,234372.64090,952,208.95,166930.04170,0
1790038140000,799.370,799.570,798.840,799.210,476.90,1790038199999,381177.35250,1327,223.29,178464.30730,0
1790038200000,799.210,799.570,798.620,798.620,373.33,1790038259999,298284.57950,1230,110.87,88586.86250,0
1790038260000,798.620,798.780,797.000,797.830,3709.35,1790038319999,2959409.72750,3849,644.56,514413.55920,0
1790038320000,797.830,797.930,797.010,797.720,828.14,1790038379999,660500.46510,1821,366.26,292163.43700,0
1790038380000,797.730,797.900,797.360,797.660,489.91,1790038439999,390742.64120,1048,119.09,94982.99670,0
1790038440000,797.660,798.120,797.470,798.110,236.10,1790038499999,188347.77280,992,130.35,103979.53450,0
1790038500000,798.120,798.290,796.520,796.770,2987.52,1790038559999,2381879.97840,3379,2262.39,1803671.46570,0
1790038560000,796.770,797.340,796.130,796.480,1399.48,1790038619999,1115001.68780,2506,891.94,710652.78590,0
1790038620000,796.470,796.480,795.240,795.500,1126.22,1790038679999,896222.88450,2099,212.20,168856.18200,0
1790038680000,795.500,795.680,794.590,794.760,1299.37,1790038739999,1032896.33450,2018,294.82,234374.96800,0
1790038740000,794.770,794.770,794.260,794.690,725.96,1790038799999,576740.34950,1518,387.75,308025.61870,0
1790038800000,794.700,795.270,793.810,793.840,1602.75,1790038859999,1273868.60690,2800,479.57,381229.93430,0
1790038860000,793.850,795.000,793.300,794.830,1506.94,1790038919999,1196771.35760,3001,770.45,612098.09500,0
1790038920000,794.830,794.970,793.110,793.220,780.18,1790038979999,619355.34550,2571,219.37,174213.44580,0
1790038980000,793.230,793.290,792.210,792.340,1567.37,1790039039999,1242495.50340,2846,507.94,402662.53440,0
1790039040000,792.340,792.810,792.150,792.210,939.01,1790039099999,744140.31810,1641,340.22,269618.26370,0
1790039100000,792.220,792.920,791.370,792.290,2126.93,1790039159999,1684681.88530,3775,958.10,758955.50680,0
1790039160000,792.290,793.940,792.290,793.740,841.03,1790039219999,667075.82590,1712,564.54,447749.54120,0
1790039220000,793.740,793.960,793.380,793.640,452.84,1790039279999,359449.58290,1459,272.55,216336.80090,0
1790039280000,793.620,794.310,793.230,794.310,467.77,1790039339999,371364.50820,1245,297.98,236578.41910,0
1790039340000,794.300,794.340,793.650,794.130,2020.30,1790039399999,1604146.13640,1340,1654.43,1313627.80290,0
1790039400000,794.130,794.360,793.670,793.850,634.37,1790039459999,503715.07250,1825,407.74,323761.33930,0
1790039460000,793.850,793.940,792.800,793.200,356.17,1790039519999,282570.06740,1502,124.54,98803.08050,0
1790039520000,793.190,793.800,792.850,793.730,689.49,1790039579999,546967.09360,1548,270.65,214739.20980,0
1790039580000,793.740,793.880,793.230,793.500,1009.63,1790039639999,801201.58720,1560,845.66,671084.26060,0
1790039640000,793.370,793.590,792.640,793.090,832.80,1790039699999,660436.55590,1527,148.44,117720.20030,0
1790039700000,793.080,794.250,793.070,794.220,760.31,1790039759999,603384.59790,1593,468.10,371469.61860,0
1790039760000,794.210,794.210,792.540,792.660,454.42,1790039819999,360483.16440,1552,190.53,151121.45950,0
1790039820000,792.670,793.150,792.460,792.570,643.58,1790039879999,510152.79980,1625,193.73,153571.61860,0
1790039880000,792.560,792.700,790.680,790.900,950.09,1790039939999,752238.26490,2257,318.99,252539.21200,0
1790039940000,790.870,791.950,790.450,791.870,1203.22,1790039999999,951965.79150,2814,625.11,494678.70530,0
1790040000000,791.870,792.370,791.550,792.060,537.32,1790040059999,425574.54750,1455,371.82,294478.87980,0
1790040060000,792.050,792.490,791.140,792.490,689.80,1790040119999,546158.94930,1822,455.88,360940.70280,0
1790040120000,792.490,792.890,792.160,792.550,413.63,1790040179999,327849.83130,1474,293.97,233007.34460,0
1790040180000,792.560,793.530,792.560,793.360,523.12,1790040239999,414959.03170,1188,412.21,326968.28810,0
1790040240000,793.350,794.230,793.200,794.230,423.51,1790040299999,336174.43350,924,313.43,248811.33600,0
1790040300000,794.240,794.590,793.580,793.590,517.05,1790040359999,410682.51460,1285,326.94,259688.57790,0
1790040360000,793.580,794.300,793.230,794.300,641.50,1790040419999,509113.41460,1448,403.70,320407.60010,0
1790040420000,794.310,794.840,794.000,794.180,533.07,1790040479999,423585.30910,1138,390.42,310249.26290,0
1790040480000,794.190,794.550,794.150,794.460,174.99,1790040539999,139010.69330,751,58.76,46677.34490,0
1790040540000,794.470,795.560,794.460,795.460,459.99,1790040599999,365763.06020,1151,388.01,308510.53530,0
1790040600000,795.450,795.480,794.640,795.070,489.87,1790040659999,389499.37320,1359,225.79,179506.50040,0
1790040660000,795.070,796.140,794.970,795.850,455.85,1790040719999,362739.39270,1390,369.47,293993.08050,0
1790040720000,795.860,796.110,795.550,795.990,351.84,1790040779999,279992.51700,1090,212.13,168820.78240,0
1790040780000,795.990,796.500,795.870,795.970,461.02,1790040839999,367057.20140,1116,376.64,299876.68590,0
1790040840000,795.960,796.300,795.720,795.750,184.23,1790040899999,146645.16450,907,102.74,81781.97900,0
1790040900000,795.750,795.800,795.500,795.760,297.99,1790040959999,237098.97350,848,124.17,98798.80020,0
1790040960000,795.750,796.000,795.480,795.770,193.58,1790041019999,154022.89410,742,111.90,89032.60730,0
1790041020000,795.770,795.770,795.010,795.010,256.14,1790041079999,203726.04810,885,107.51,85515.29270,0
1790041080000,795.010,795.080,794.310,794.320,372.32,1790041139999,295901.57730,863,80.06,63642.58510,0
1790041140000,794.320,794.360,793.590,793.800,438.06,1790041199999,347796.59840,1000,155.45,123403.62870,0
1790041200000,793.810,794.410,793.650,794.400,217.93,1790041259999,173049.74690,847,146.28,116163.42410,0
1790041260000,794.410,794.500,793.600,793.990,325.86,1790041319999,258770.51460,1279,133.09,105676.17050,0
1790041320000,793.990,794.310,793.690,794.260,216.82,1790041379999,172141.47990,859,170.83,135629.36680,0
1790041380000,794.250,794.250,786.220,786.630,16807.50,1790041439999,13264004.33760,15103,6223.07,4906778.40700,0
1790041440000,786.630,789.190,786.630,788.940,1966.94,1790041499999,1550172.23160,2795,1118.58,881289.98990,0
1790041500000,788.930,789.390,788.770,788.770,1130.45,1790041559999,892097.10910,1880,269.88,212958.77080,0
1790041560000,788.780,789.030,788.720,788.920,474.96,1790041619999,374679.77690,1142,198.01,156199.66970,0
1790041620000,788.920,789.500,788.920,789.380,845.02,1790041679999,666896.23060,1282,533.34,420897.76270,0
1790041680000,789.380,789.710,789.100,789.400,533.78,1790041739999,421373.80190,1116,267.49,211159.91100,0
1790041740000,789.410,789.410,788.570,788.570,668.75,1790041799999,527626.92150,1476,148.07,116834.05790,0
1790041800000,788.560,788.750,788.450,788.570,426.11,1790041859999,336027.11880,1439,108.67,85696.18750,0
1790041860000,788.570,789.820,788.520,789.720,853.83,1790041919999,673777.33840,1540,601.84,474902.59790,0
1790041920000,789.730,789.850,789.590,789.830,297.35,1790041979999,234830.91470,978,88.41,69819.33420,0
1790041980000,789.830,790.180,789.770,790.000,388.85,1790042039999,307192.16950,1151,226.59,179006.39020,0
1790042040000,789.990,790.440,789.900,790.440,370.17,1790042099999,292481.52590,1024,197.45,156012.31430,0
1790042100000,790.450,790.800,790.360,790.500,502.15,1790042159999,397006.72450,1009,324.41,256479.55710,0
1790042160000,790.500,790.500,789.910,790.170,539.10,1790042219999,425989.19740,1202,258.68,204396.34070,0
1790042220000,790.160,790.490,789.960,789.960,282.82,1790042279999,223492.84740,642,102.51,81014.49130,0
1790042280000,789.960,790.100,789.600,789.700,211.88,1790042339999,167365.43920,771,119.56,94441.83150,0
1790042340000,789.710,790.070,789.480,789.980,420.30,1790042399999,331899.43430,903,298.71,235887.28550,0
1790042400000,789.970,790.090,789.540,789.550,219.37,1790042459999,173249.33090,861,101.93,80502.32050,0
1790042460000,789.540,789.540,788.320,788.320,632.83,1790042519999,499228.82530,1502,202.82,159950.67530,0
1790042520000,788.330,789.690,788.190,789.690,534.43,1790042579999,421458.94530,1643,409.35,322829.28660,0
1790042580000,789.690,790.240,789.120,789.150,336.31,1790042639999,265610.84850,1370,140.76,111173.68430,0
1790042640000,789.150,789.260,788.660,788.870,190.47,1790042699999,150283.45130,1006,59.46,46911.79450,0
1790042700000,788.860,790.150,788.800,789.630,1179.66,1790042759999,931224.67940,2088,726.41,573383.87910,0
1790042760000,789.640,790.720,789.640,790.630,517.85,1790042819999,409316.08890,1570,236.53,186957.06770,0
1790042820000,790.630,790.630,790.080,790.440,315.61,1790042879999,249455.45930,1201,101.95,80575.73730,0
1790042880000,790.440,791.000,790.440,790.460,463.08,1790042939999,366138.06400,1443,231.22,182812.17970,0
1790042940000,790.460,790.470,788.930,789.560,467.45,1790042999999,369032.88380,1750,160.47,126669.76310,0
1790043000000,789.560,789.560,788.450,788.580,576.20,1790043059999,454543.57610,1539,131.41,103666.44310,0
1790043060000,788.580,789.190,788.580,788.770,301.28,1790043119999,237679.28430,1079,106.54,84049.21360,0
1790043120000,788.760,788.890,788.380,788.670,510.26,1790043179999,402422.07280,1579,260.73,205626.40970,0
1790043180000,788.680,788.800,787.870,788.190,2202.40,1790043239999,1736103.25320,2474,783.41,617446.21420,0
1790043240000,788.180,789.390,788.180,788.890,501.55,1790043299999,395691.66030,1481,147.88,116651.98080,0
1790043300000,788.890,789.720,788.620,789.540,208.00,1790043359999,164136.41450,1213,151.47,119525.81940,0
1790043360000,789.550,790.100,789.410,789.990,409.11,1790043419999,323091.17580,1262,279.95,221084.84500,0
1790043420000,789.990,790.010,788.500,788.500,372.85,1790043479999,294290.26340,1371,95.81,75646.18550,0
1790043480000,788.510,789.080,788.250,789.070,220.28,1790043539999,173717.22670,1033,158.46,124960.85130,0
1790043540000,789.070,789.530,788.940,788.940,192.03,1790043599999,151553.79050,831,149.98,118367.21150,0
1790043600000,788.930,789.390,788.670,789.240,267.95,1790043659999,211409.90720,1193,164.57,129837.14010,0
1790043660000,789.240,789.240,788.550,788.830,188.52,1790043719999,148701.51780,957,98.83,77949.24340,0
1790043720000,788.840,789.540,788.830,789.500,328.62,1790043779999,259382.81960,1190,232.28,183331.88250,0
1790043780000,789.500,789.920,789.410,789.500,266.64,1790043839999,210562.54580,944,167.32,132128.32440,0
1790043840000,789.500,790.160,789.490,789.750,353.04,1790043899999,278891.43950,1085,177.57,140265.80180,0
1790043900000,789.760,790.580,789.750,790.500,252.38,1790043959999,199466.56530,786,212.10,167632.70030,0
1790043960000,790.500,790.760,790.500,790.760,183.13,1790044019999,144791.29420,612,136.28,107748.25450,0
1790044020000,790.750,791.100,790.720,791.090,419.58,1790044079999,331829.35170,777,231.73,183267.36870,0
1790044080000,791.090,791.650,791.090,791.480,510.90,1790044139999,404369.17780,1092,304.72,241165.28050,0
1790044140000,791.490,791.530,791.000,791.130,183.51,1790044199999,145189.16220,539,114.24,90377.18120,0
1790044200000,791.130,791.230,790.550,790.560,769.87,1790044259999,608893.30410,1057,150.74,119230.28480,0
1790044260000,790.560,790.560,790.010,790.240,288.00,1790044319999,227587.69190,874,170.21,134499.62500,0
1790044320000,790.230,790.230,789.690,789.920,259.63,1790044379999,205074.69450,832,112.94,89200.44270,0
1790044380000,789.930,790.420,789.930,790.410,170.53,1790044439999,134753.03960,747,102.39,80906.31070,0
1790044440000,790.420,790.810,790.420,790.800,97.42,1790044499999,77022.06460,598,67.02,52984.89130,0
1790044500000,790.810,791.660,790.810,791.390,638.75,1790044559999,505420.48150,1277,489.17,387044.62350,0
1790044560000,791.380,792.060,791.280,792.050,253.23,1790044619999,200476.03220,982,183.55,145305.99060,0
1790044620000,792.040,792.940,792.040,792.230,1644.55,1790044679999,1303208.93150,2410,1258.10,996984.86500,0
1790044680000,792.230,792.660,792.050,792.050,233.22,1790044739999,184779.90740,982,132.91,105308.15080,0
1790044740000,792.050,792.150,791.680,791.890,136.97,1790044799999,108461.88400,720,79.74,63141.32630,0
1790044800000,791.880,792.180,791.880,792.050,259.83,1790044859999,205803.45760,650,183.39,145257.95330,0
1790044860000,792.060,792.460,791.840,792.460,182.56,1790044919999,144594.58010,714,108.00,85545.60120,0
1790044920000,792.450,792.460,792.300,792.420,176.08,1790044979999,139524.82220,527,124.63,98754.87800,0
1790044980000,792.420,792.770,792.000,792.100,428.43,1790045039999,339533.83510,839,271.27,215003.22200,0
1790045040000,792.100,792.220,791.920,792.070,146.35,1790045099999,115922.03320,649,94.35,74732.87380,0
1790045100000,792.060,792.070,791.770,791.880,195.46,1790045159999,154783.61920,881,62.78,49713.64860,0
1790045160000,791.890,792.060,791.480,791.850,190.79,1790045219999,151063.60660,863,100.51,79581.23630,0
1790045220000,791.840,791.840,791.540,791.830,194.74,1790045279999,154170.74290,642,86.46,68448.87220,0
1790045280000,791.840,792.770,791.830,792.690,309.06,1790045339999,244940.84670,773,198.80,157535.39330,0
1790045340000,792.690,792.690,791.770,791.770,407.90,1790045399999,323204.83890,1091,132.14,104701.54090,0
1790045400000,791.760,792.060,791.510,791.840,449.44,1790045459999,355872.89700,923,190.80,151078.28450,0
1790045460000,791.840,793.440,791.330,791.580,2001.48,1790045519999,1586366.95640,2392,1317.70,1044455.33130,0
1790045520000,791.580,791.680,790.500,790.620,986.78,1790045579999,780477.87820,1948,603.81,477559.24290,0
1790045580000,790.620,790.650,790.250,790.260,260.63,1790045639999,206015.09940,858,77.08,60928.80750,0
1790045640000,790.250,790.960,790.100,790.960,813.35,1790045699999,643021.49670,1345,505.93,399967.60400,0
1790045700000,790.970,791.050,790.220,790.220,130.70,1790045759999,103362.29050,937,51.41,40661.26690,0
1790045760000,790.220,791.050,790.150,790.930,306.30,1790045819999,242111.85390,960,246.51,194852.06810,0
1790045820000,790.930,790.930,790.610,790.780,86.12,1790045879999,68098.52110,644,49.46,39108.45210,0
1790045880000,790.780,791.480,790.780,791.350,169.90,1790045939999,134406.87700,663,138.21,109334.95490,0
1790045940000,791.350,791.810,791.340,791.350,270.40,1790045999999,214031.13180,718,225.54,178520.34390,0
1790046000000,791.350,791.760,790.920,791.730,377.99,1790046059999,299081.84580,1439,244.43,193398.55790,0
1790046060000,791.740,791.770,790.170,790.210,451.89,1790046119999,357444.06960,1172,138.18,109259.51480,0
1790046120000,790.210,791.520,790.000,791.520,399.80,1790046179999,316120.09860,1716,240.18,189901.06950,0
1790046180000,791.520,792.000,791.300,791.590,271.42,1790046239999,214873.84040,1286,113.49,89848.61430,0
1790046240000,791.590,791.860,791.330,791.670,301.19,1790046299999,238453.47520,1067,263.72,208791.35590,0
1790046300000,791.670,791.680,791.110,791.150,110.27,1790046359999,87263.20520,590,31.81,25168.20310,0
1790046360000,791.160,791.200,790.670,790.670,169.52,1790046419999,134081.17140,777,58.05,45918.29210,0
1790046420000,790.670,790.670,789.860,789.910,528.98,1790046479999,418001.33800,1103,60.43,47749.71850,0
1790046480000,789.920,790.810,789.910,790.530,362.39,1790046539999,286387.64650,1081,252.14,199233.31440,0
1790046540000,790.520,790.520,789.480,789.650,484.99,1790046599999,383068.87340,1213,211.38,166941.46350,0
1790046600000,789.650,789.650,789.200,789.210,436.31,1790046659999,344394.92090,1318,143.99,113650.05430,0
1790046660000,789.200,789.390,788.780,788.980,355.47,1790046719999,280482.20160,1286,129.73,102355.79150,0
1790046720000,788.990,789.600,788.950,789.220,205.31,1790046779999,162024.75340,1168,96.96,76516.95320,0
1790046780000,789.230,789.790,789.230,789.550,159.76,1790046839999,126133.42280,883,115.40,91106.49790,0
1790046840000,789.560,790.200,789.560,790.200,270.72,1790046899999,213862.18730,861,233.77,184675.03110,0
1790046900000,790.200,790.790,790.190,790.650,319.98,1790046959999,252969.68060,901,197.81,156381.32190,0
1790046960000,790.660,790.720,789.340,789.540,178.09,1790047019999,140656.06840,1033,60.13,47475.82630,0
1790047020000,789.540,789.890,789.450,789.890,203.32,1790047079999,160565.29090,1078,85.69,67666.00220,0
1790047080000,789.890,790.760,789.810,790.660,161.86,1790047139999,127904.40160,889,125.64,99285.19560,0
1790047140000,790.650,790.760,789.770,789.920,254.18,1790047199999,200841.68490,1056,98.16,77581.61880,0
1790047200000,789.930,789.930,789.410,789.660,375.56,1790047259999,296561.33190,1251,179.17,141469.32860,0
1790047260000,789.660,790.380,789.600,789.910,340.39,1790047319999,268883.95250,1026,254.35,200903.22960,0
1790047320000,789.920,790.030,789.180,789.560,179.76,1790047379999,141945.98340,1258,78.45,61948.05470,0
1790047380000,789.570,789.570,788.860,789.560,379.28,1790047439999,299294.50490,1131,95.64,75479.47090,0
1790047440000,789.560,790.090,789.560,789.620,120.13,1790047499999,94878.31020,734,63.33,50017.40790,0
1790047500000,789.620,790.550,789.450,790.550,162.13,1790047559999,128096.77270,856,139.03,109848.41880,0
1790047560000,790.550,791.650,790.550,791.640,238.59,1790047619999,188757.44580,890,205.89,162888.96920,0
1790047620000,791.640,792.130,791.510,792.130,207.20,1790047679999,164057.46760,807,150.45,119129.07830,0
1790047680000,792.130,792.550,792.080,792.540,182.30,1790047739999,144433.32970,714,150.71,119406.54160,0
1790047740000,792.540,792.650,792.080,792.310,362.91,1790047799999,287557.47780,861,276.25,218886.08160,0
1790047800000,792.310,792.320,791.480,791.620,380.99,1790047859999,301731.73430,974,70.60,55911.34010,0
1790047860000,791.620,791.920,790.000,790.380,1393.35,1790047919999,1101771.40570,2067,682.08,539262.89520,0
1790047920000,790.390,790.410,789.850,790.040,893.93,1790047979999,706327.32520,1359,562.13,444163.38250,0
1790047980000,790.040,790.100,789.620,789.920,556.49,1790048039999,439608.52940,1162,277.45,219182.53630,0
1790048040000,789.920,790.200,789.890,790.090,331.58,1790048099999,261976.61760,993,133.79,105702.09300,0
1790048100000,790.090,790.090,789.700,789.900,232.30,1790048159999,183500.49920,878,88.34,69783.19160,0
1790048160000,789.900,790.000,789.690,789.720,219.99,1790048219999,173761.90340,811,51.80,40914.67350,0
1790048220000,789.720,790.000,789.540,789.740,196.59,1790048279999,155274.70180,1014,106.82,84368.53170,0
1790048280000,789.740,790.040,789.580,790.030,186.91,1790048339999,147624.01580,709,132.91,104978.65340,0
1790048340000,790.020,790.100,789.670,789.670,124.07,1790048399999,98000.02650,632,45.66,36071.01860,0
1790048400000,789.670,789.850,789.390,789.400,164.05,1790048459999,129532.63230,515,19.52,15414.25670,0
1790048460000,789.400,789.820,789.390,789.820,136.03,1790048519999,107404.96230,777,69.58,54938.10460,0
1790048520000,789.820,790.090,789.460,789.470,361.01,1790048579999,285171.68950,859,190.69,150637.01160,0
1790048580000,789.470,789.470,788.990,789.350,269.48,1790048639999,212662.34970,742,66.62,52574.43010,0
1790048640000,789.360,789.640,789.350,789.450,264.78,1790048699999,209050.70420,723,204.02,161080.96180,0
1790048700000,789.440,789.800,789.170,789.750,166.78,1790048759999,131663.55740,660,61.76,48752.37830,0
1790048760000,789.760,789.760,789.410,789.420,117.85,1790048819999,93059.98650,394,41.98,33148.23060,0
1790048820000,789.410,789.850,789.410,789.770,146.61,1790048879999,115769.78000,716,106.49,84091.24230,0
1790048880000,789.770,789.860,789.230,789.400,433.17,1790048939999,341921.48470,987,334.89,264324.88680,0
1790048940000,789.410,789.840,789.410,789.630,129.40,1790048999999,102176.42130,644,66.44,52457.15170,0
1790049000000,789.630,789.820,789.280,789.370,124.29,1790049059999,98134.59850,539,60.96,48128.86960,0
1790049060000,789.370,789.390,788.800,788.980,794.10,1790049119999,626556.33650,775,148.82,117422.56930,0
1790049120000,788.990,788.990,788.350,788.420,506.68,1790049179999,399535.90790,1112,268.66,211834.63330,0
1790049180000,788.430,788.620,788.340,788.620,246.64,1790049239999,194476.12750,683,111.23,87704.18200,0
1790049240000,788.620,788.630,788.350,788.590,251.50,1790049299999,198304.11360,585,44.66,35215.29370,0
1790049300000,788.590,789.200,788.580,789.190,1031.79,1790049359999,813935.35250,843,883.66,697051.11310,0
1790049360000,789.190,789.500,789.190,789.270,258.43,1790049419999,204001.16650,685,138.96,109689.21970,0
1790049420000,789.270,789.890,789.270,789.890,197.51,1790049479999,155959.93430,785,164.44,129849.03780,0
1790049480000,789.900,790.300,789.890,790.090,724.07,1790049539999,572107.25520,735,554.34,437999.01740,0
1790049540000,790.090,790.220,789.420,789.690,542.23,1790049599999,428203.82180,1202,266.30,210273.73800,0
1790049600000,789.680,790.200,789.310,789.470,1351.56,1790049659999,1067565.36760,1309,1173.39,926852.22740,0
1790049660000,789.470,789.630,789.230,789.630,284.55,1790049719999,224631.75510,801,208.66,164720.58800,0
1790049720000,789.630,789.630,789.300,789.400,235.18,1790049779999,185654.69610,683,123.89,97793.65680,0
1790049780000,789.390,790.220,789.160,790.220,835.07,1790049839999,659679.17000,1560,640.55,506002.37420,0
1790049840000,790.220,790.810,790.210,790.780,1054.72,1790049899999,833819.63350,1270,875.96,692495.79650,0
1790049900000,790.780,790.900,789.820,790.200,877.98,1790049959999,693893.79020,1205,545.90,431423.30620,0
1790049960000,790.190,790.920,790.190,790.750,1247.37,1790050019999,986135.55590,1026,1047.61,828179.81270,0
1790050020000,790.750,790.920,789.810,789.820,561.31,1790050079999,443597.52650,1122,176.78,139701.36250,0
1790050080000,789.830,790.090,789.540,789.540,272.98,1790050139999,215602.52130,927,80.09,63257.36300,0
1790050140000,789.530,789.630,789.340,789.420,290.30,1790050199999,229188.94710,807,160.30,126551.63770,0
1790050200000,789.420,789.850,789.380,789.820,270.38,1790050259999,213467.34660,741,121.73,96106.42370,0
1790050260000,789.820,790.070,789.650,789.650,734.83,1790050319999,580435.40300,1357,313.35,247510.05040,0
1790050320000,789.650,789.660,788.800,789.210,1331.71,1790050379999,1051017.45070,1304,161.17,127189.38910,0
1790050380000,789.210,789.390,789.010,789.010,281.13,1790050439999,221870.19770,696,107.13,84547.97680,0
1790050440000,789.010,789.190,788.800,788.810,351.40,1790050499999,277247.31850,727,131.53,103769.35100,0
1790050500000,788.810,789.010,788.650,788.730,409.46,1790050559999,322991.22680,887,91.57,72228.95840,0
1790050560000,788.730,788.840,788.330,788.510,721.37,1790050619999,568920.37280,1293,248.55,196021.39790,0
1790050620000,788.510,788.520,788.250,788.340,479.40,1790050679999,377946.54250,1075,178.68,140859.76890,0
1790050680000,788.330,788.620,788.310,788.520,450.26,1790050739999,355013.15730,1134,181.40,143028.87900,0
1790050740000,788.520,788.620,788.450,788.530,416.62,1790050799999,328516.05250,651,96.53,76118.01860,0
1790050800000,788.530,788.710,788.330,788.710,784.80,1790050859999,618795.93630,880,116.58,91923.91900,0
1790050860000,788.700,789.030,788.690,788.870,384.84,1790050919999,303593.44660,881,125.64,99116.34880,0
1790050920000,788.860,789.190,788.620,788.620,467.23,1790050979999,368605.59000,1157,144.78,114220.10180,0
1790050980000,788.620,788.730,788.350,788.620,664.68,1790051039999,524080.58350,861,471.68,371893.05080,0
1790051040000,788.610,788.720,788.560,788.710,181.66,1790051099999,143256.71740,481,48.38,38152.71980,0
1790051100000,788.710,788.860,788.450,788.770,404.71,1790051159999,319166.86590,820,241.48,190439.21080,0
1790051160000,788.770,788.930,788.710,788.770,262.63,1790051219999,207161.69010,752,43.41,34241.27630,0
1790051220000,788.760,788.770,788.520,788.610,207.36,1790051279999,163526.65720,643,49.99,39422.22330,0
1790051280000,788.610,789.080,788.560,788.690,310.48,1790051339999,244923.46240,1325,109.34,86251.36190,0
1790051340000,788.690,788.930,788.530,788.540,258.15,1790051399999,203605.10670,777,83.63,65961.49870,0
1790051400000,788.540,788.600,788.510,788.560,201.74,1790051459999,159082.99870,514,60.96,48070.46370,0
1790051460000,788.560,788.670,788.180,788.390,540.08,1790051519999,425802.88760,980,198.60,156575.74190,0
1790051520000,788.400,788.400,788.310,788.310,155.99,1790051579999,122971.27300,406,33.51,26416.79070,0
1790051580000,788.320,788.480,788.230,788.360,378.36,1790051639999,298276.08710,814,234.84,185134.43040,0
1790051640000,788.370,788.460,788.160,788.450,896.84,1790051699999,706962.01660,1060,390.74,308017.26090,0
1790051700000,788.460,788.470,788.240,788.350,736.06,1790051759999,580311.49900,808,144.14,113635.20680,0
1790051760000,788.360,788.360,787.650,787.650,2219.38,1790051819999,1748921.86170,896,225.09,177375.70990,0
1790051820000,787.660,788.250,787.450,788.240,1208.10,1790051879999,951621.09690,1473,417.82,329136.31950,0
1790051880000,788.250,788.520,787.860,787.960,440.16,1790051939999,346975.02740,972,172.75,136180.11960,0
1790051940000,787.960,788.990,787.960,788.370,497.32,1790051999999,392220.94540,1383,206.26,162657.80030,0
1790052000000,788.360,788.360,787.700,787.770,293.91,1790052059999,231652.54610,918,53.72,42335.98550,0
1790052060000,787.770,788.500,787.770,788.320,460.11,1790052119999,362657.55190,1566,168.63,132906.67970,0
1790052120000,788.320,788.320,787.810,788.100,403.47,1790052179999,317951.46970,861,265.32,209066.88090,0
1790052180000,788.110,788.300,788.100,788.100,180.05,1790052239999,141915.91240,574,62.28,49090.86360,0
1790052240000,788.110,788.140,787.860,788.140,289.40,1790052299999,228046.11550,753,131.07,103282.79650,0
1790052300000,788.150,788.150,787.570,787.920,678.65,1790052359999,534677.02860,1163,213.24,168011.69190,0
1790052360000,787.920,788.050,787.780,788.020,248.65,1790052419999,195919.83220,693,168.65,132884.68770,0
1790052420000,788.030,788.180,787.700,788.030,595.67,1790052479999,469362.83860,1010,245.83,193705.85740,0
1790052480000,788.030,788.100,787.580,787.590,385.51,1790052539999,303718.03750,716,95.67,75373.37440,0
1790052540000,787.590,787.590,786.410,786.850,1346.14,1790052599999,1059419.66940,1974,230.78,181584.50260,0
1790052600000,786.850,787.020,786.000,786.360,1447.41,1790052659999,1138146.75550,1978,417.06,327954.55870,0
1790052660000,786.360,787.220,786.360,787.150,601.88,1790052719999,473544.31040,1161,386.42,304008.94340,0
1790052720000,787.150,787.910,787.000,787.910,291.73,1790052779999,229694.49760,927,232.57,183120.09140,0
1790052780000,787.920,788.100,787.800,787.820,299.21,1790052839999,235772.91800,812,217.57,171441.44080,0
1790052840000,787.820,788.160,787.660,788.020,317.55,1790052899999,250217.04100,932,173.98,137083.70560,0
1790052900000,788.020,788.400,787.550,787.560,424.32,1790052959999,334410.70520,1093,191.06,150597.86640,0
1790052960000,787.550,787.570,787.240,787.280,208.80,1790053019999,164406.10180,704,127.20,100153.02150,0
1790053020000,787.280,787.490,787.160,787.390,266.69,1790053079999,209971.06180,579,160.77,126575.08980,0
1790053080000,787.390,787.800,787.390,787.480,275.14,1790053139999,216701.86160,639,196.78,154979.29320,0
1790053140000,787.490,788.000,787.490,788.000,260.52,1790053199999,205215.79110,524,173.09,136348.00510,0
1790053200000,788.000,788.200,786.800,786.880,658.51,1790053259999,518526.65420,1625,292.63,230416.20700,0
1790053260000,786.880,787.160,786.310,787.160,770.00,1790053319999,605695.20030,1510,458.55,360730.76190,0
1790053320000,787.150,787.800,787.120,787.120,301.97,1790053379999,237809.70660,1010,141.24,111226.86080,0
1790053380000,787.120,787.770,787.120,787.290,234.71,1790053439999,184807.10510,964,170.52,134259.97370,0
1790053440000,787.300,787.640,786.940,787.430,200.77,1790053499999,158048.55510,997,130.71,102898.39410,0
1790053500000,787.430,788.140,787.260,787.910,551.64,1790053559999,434593.35900,1103,456.14,359358.30020,0
1790053560000,787.910,788.310,787.750,788.160,397.80,1790053619999,313486.86770,915,293.07,230942.38820,0
1790053620000,788.150,788.290,787.800,787.800,244.81,1790053679999,192946.79440,629,65.51,51630.68590,0
1790053680000,787.800,788.150,787.400,788.150,205.88,1790053739999,162205.73120,841,138.17,108854.20480,0
1790053740000,788.140,788.170,787.440,787.780,235.08,1790053799999,185214.13090,829,142.33,112137.21600,0
1790053800000,787.790,788.040,787.790,788.040,124.36,1790053859999,97990.90130,532,81.78,64439.88260,0
1790053860000,788.030,788.390,787.650,787.780,270.26,1790053919999,212988.55940,993,106.17,83660.34160,0
1790053920000,787.770,787.770,787.130,787.140,168.30,1790053979999,132502.76450,516,74.73,58829.27440,0
1790053980000,787.150,787.540,787.140,787.540,125.20,1790054039999,98563.75280,534,102.56,80739.86320,0
1790054040000,787.550,787.570,787.140,787.320,129.39,1790054099999,101874.05670,552,59.60,46921.63920,0
1790054100000,787.320,787.390,786.710,786.850,194.55,1790054159999,153117.18610,909,54.08,42562.26790,0
1790054160000,786.850,786.860,786.040,786.370,743.72,1790054219999,584821.26160,2515,287.28,225883.06930,0
1790054220000,786.370,786.370,785.420,785.670,851.35,1790054279999,668943.60710,1763,195.93,153943.98650,0
1790054280000,785.670,785.710,784.640,785.240,3017.98,1790054339999,2369293.18340,2500,618.49,485629.74730,0
1790054340000,785.240,785.410,784.920,784.960,707.93,1790054399999,555829.06860,1521,315.89,248023.41670,0
1790054400000,784.960,785.410,784.390,785.370,1088.92,1790054459999,854538.87810,1866,341.30,267889.36540,0
1790054460000,785.360,786.330,785.360,786.320,588.38,1790054519999,462355.69670,1294,540.03,424361.44500,0
1790054520000,786.330,787.040,786.320,787.040,346.92,1790054579999,272914.22090,1266,264.19,207832.95400,0
1790054580000,787.040,787.380,786.790,787.380,410.29,1790054639999,322935.06630,850,183.94,144787.90320,0
1790054640000,787.370,787.550,786.250,786.250,428.75,1790054699999,337414.88840,1281,169.54,133454.00990,0
1790054700000,786.250,786.250,785.370,785.380,682.46,1790054759999,536405.59450,1061,161.30,126771.38790,0
1790054760000,785.380,785.870,785.230,785.870,468.95,1790054819999,368365.50460,1328,280.17,220077.35450,0
1790054820000,785.870,785.900,784.860,784.950,1044.38,1790054879999,820003.24910,1448,278.47,218663.28930,0
1790054880000,784.950,785.400,784.760,785.330,726.94,1790054939999,570672.51270,1318,353.90,277815.96660,0
1790054940000,785.330,785.560,785.130,785.310,354.77,1790054999999,278645.08590,929,201.71,158422.93060,0
1790055000000,785.310,785.830,784.660,784.870,979.32,1790055059999,769023.60630,1838,615.57,483482.54090,0
1790055060000,784.870,784.870,784.500,784.620,443.31,1790055119999,347823.41540,1115,252.24,197908.28880,0
1790055120000,784.630,784.630,784.020,784.150,867.92,1790055179999,680722.46070,1336,206.26,161761.49830,0
1790055180000,784.150,785.070,784.150,785.040,1063.59,1790055239999,834594.77560,2808,718.27,563602.18880,0
1790055240000,785.050,785.690,784.850,785.220,811.76,1790055299999,637455.23600,2750,268.98,211228.04310,0
1790055300000,785.240,785.760,785.110,785.210,534.72,1790055359999,420040.48200,1212,429.52,337406.75410,0
1790055360000,785.210,785.450,784.950,785.260,413.20,1790055419999,324443.03020,1136,174.15,136726.80580,0
1790055420000,785.270,786.900,785.270,786.800,441.29,1790055479999,346900.13760,1172,381.81,300135.49280,0
1790055480000,786.800,787.220,786.140,787.220,1003.64,1790055539999,789421.61320,1622,434.09,341472.58350,0
1790055540000,787.210,787.510,787.160,787.380,279.87,1790055599999,220351.15850,658,146.02,114968.13440,0
1790055600000,787.370,787.510,787.010,787.130,341.33,1790055659999,268723.68970,886,118.96,93661.41460,0
1790055660000,787.120,787.260,786.800,787.010,583.53,1790055719999,459247.23690,1026,232.04,182617.38940,0
1790055720000,787.020,787.260,786.940,787.190,335.98,1790055779999,264467.01730,900,217.32,171059.03040,0
1790055780000,787.200,787.240,787.090,787.240,136.79,1790055839999,107675.07850,475,90.99,71623.41770,0
1790055840000,787.230,787.400,787.120,787.390,150.22,1790055899999,118259.07440,542,115.12,90627.00720,0
1790055900000,787.400,788.160,787.390,787.730,1502.17,1790055959999,1183393.36950,1159,1364.67,1075050.63660,0
1790055960000,787.730,788.200,787.730,788.130,321.56,1790056019999,253393.50680,1027,193.62,152567.40520,0
1790056020000,788.140,788.490,788.130,788.260,459.24,1790056079999,362012.39110,1023,260.15,205071.54690,0
1790056080000,788.250,788.870,787.970,788.160,1349.85,1790056139999,1064209.89430,2188,553.77,436641.46200,0
1790056140000,788.160,788.510,788.080,788.270,306.37,1790056199999,241519.09920,919,166.98,131632.27050,0
1790056200000,788.260,788.630,787.750,788.360,1001.33,1790056259999,789299.49150,1572,639.71,504296.18130,0
1790056260000,788.360,789.000,788.310,788.680,608.53,1790056319999,479953.18130,1250,423.57,334059.98490,0
1790056320000,788.690,789.000,788.620,788.990,397.58,1790056379999,313611.61330,931,216.55,170811.81700,0
1790056380000,788.990,789.400,788.990,789.340,619.41,1790056439999,488883.80810,921,457.08,360756.17740,0
1790056440000,789.340,789.340,788.940,789.000,334.72,1790056499999,264121.73860,703,193.25,152482.40390,0
1790056500000,789.000,789.190,788.770,788.850,330.06,1790056559999,260428.66030,785,129.69,102325.31930,0
1790056560000,788.840,788.960,788.460,788.470,155.29,1790056619999,122462.64920,624,44.31,34942.92380,0
1790056620000,788.480,788.680,788.470,788.590,278.77,1790056679999,219834.70320,603,160.81,126811.42330,0
1790056680000,788.580,788.630,788.240,788.250,191.11,1790056739999,150695.68880,776,67.24,53022.62310,0
1790056740000,788.240,788.270,787.690,788.000,457.03,1790056799999,360123.43420,810,93.56,73714.78250,0
1790056800000,788.000,788.420,787.820,788.420,266.34,1790056859999,209904.02470,930,118.19,93138.95740,0
1790056860000,788.420,788.590,787.760,787.820,242.52,1790056919999,191146.81520,1045,114.01,89852.79260,0
1790056920000,787.820,787.820,787.280,787.440,516.48,1790056979999,406732.15690,1188,181.23,142716.66790,0
1790056980000,787.450,787.700,787.120,787.410,418.45,1790057039999,329525.31520,1013,317.96,250393.62990,0
1790057040000,787.350,787.350,786.960,786.960,214.61,1790057099999,168923.04340,580,53.35,41995.55670,0
1790057100000,786.960,787.170,786.940,786.940,133.40,1790057159999,104987.46100,428,69.27,54515.14570,0
1790057160000,786.950,787.290,786.750,786.950,382.43,1790057219999,300956.77190,1001,118.52,93267.98540,0
1790057220000,786.950,787.040,786.630,786.830,434.56,1790057279999,341935.17070,750,388.76,305898.36460,0
1790057280000,786.820,787.960,786.820,787.950,230.53,1790057339999,181497.30180,887,193.25,152147.49240,0
1790057340000,787.960,788.060,787.240,787.280,558.78,1790057399999,440077.39410,855,113.03,89045.53620,0
1790057400000,787.270,787.400,787.090,787.240,297.47,1790057459999,234149.03050,498,258.01,203082.93770,0
1790057460000,787.240,787.430,787.040,787.220,232.12,1790057519999,182738.40600,633,146.92,115668.46940,0
1790057520000,787.220,787.220,786.750,786.750,145.99,1790057579999,114890.13050,463,28.41,22353.65350,0
1790057580000,786.750,787.220,786.560,786.660,691.86,1790057639999,544412.36300,1008,544.30,428329.51310,0
1790057640000,786.680,787.520,786.660,787.220,551.70,1790057699999,434292.77910,1132,328.08,258217.26700,0
1790057700000,787.220,787.520,786.890,786.890,318.36,1790057759999,250625.66640,615,60.44,47578.58910,0
1790057760000,786.880,787.380,786.760,786.770,201.61,1790057819999,158687.20570,784,112.93,88886.85770,0
1790057820000,786.770,787.090,786.700,787.010,160.58,1790057879999,126352.98770,864,109.94,86504.20720,0
1790057880000,787.020,787.020,786.700,786.760,88.53,1790057939999,69660.90220,386,34.71,27310.48110,0
1790057940000,786.750,786.750,786.120,786.230,386.82,1790057999999,304193.29400,823,124.53,97939.53500,0
1790058000000,786.230,786.790,786.220,786.570,150.17,1790058059999,118113.12590,695,81.55,64135.64260,0
1790058060000,786.570,786.730,786.380,786.700,103.48,1790058119999,81390.68260,577,71.02,55858.46780,0
1790058120000,786.690,786.720,786.410,786.460,175.32,1790058179999,137908.97980,396,41.24,32440.64910,0
1790058180000,786.450,786.690,786.120,786.670,259.07,1790058239999,203722.03390,691,169.58,133360.67930,0
1790058240000,786.680,786.680,786.280,786.440,310.31,1790058299999,244039.61430,636,82.02,64504.01820,0
1790058300000,786.440,786.700,786.360,786.580,286.11,1790058359999,225023.56630,680,123.03,96762.32870,0
1790058360000,786.580,787.440,786.580,787.350,439.49,1790058419999,345945.07770,1081,396.19,311858.78400,0
1790058420000,787.350,787.360,786.000,786.740,2001.05,1790058479999,1574040.26910,2229,305.81,240585.77250,0
1790058480000,786.740,787.210,786.740,787.140,436.37,1790058539999,343397.45420,689,398.12,313289.28770,0
1790058540000,787.130,788.510,787.080,787.970,1846.30,1790058599999,1454675.25120,1918,1528.47,1204344.74360,0
1790058600000,787.960,788.360,787.550,787.650,559.56,1790058659999,440925.60320,928,244.72,192846.81750,0
1790058660000,787.660,788.360,787.260,788.270,587.82,1790058719999,463026.77040,1329,384.70,303068.42450,0
1790058720000,788.260,788.330,787.960,788.330,531.72,1790058779999,419075.81370,1145,249.13,196349.77020,0
1790058780000,788.330,788.830,788.030,788.030,1086.89,1790058839999,857038.87450,1545,582.70,459489.37770,0
1790058840000,788.020,788.640,788.010,788.300,438.44,1790058899999,345643.09380,1109,224.72,177145.07890,0
1790058900000,788.290,788.560,788.040,788.040,254.67,1790058959999,200763.47460,682,79.39,62584.68790,0
1790058960000,788.050,788.200,787.970,788.020,443.06,1790059019999,349159.31650,705,197.58,155697.83540,0
1790059020000,788.010,788.490,787.570,788.370,473.40,1790059079999,373033.83130,952,186.44,146908.21310,0
1790059080000,788.370,788.560,788.020,788.270,662.81,1790059139999,522451.64750,1094,214.33,168931.56500,0
1790059140000,788.270,788.520,788.040,788.040,772.43,1790059199999,608869.62570,1009,346.16,272869.92030,0
1790059200000,788.030,788.250,787.910,788.000,656.65,1790059259999,517502.24310,1174,177.20,139645.42050,0
1790059260000,788.000,788.480,787.640,787.960,975.47,1790059319999,768671.98390,1100,211.67,166812.57370,0
1790059320000,787.960,788.390,787.860,788.140,581.63,1790059379999,458452.80100,858,383.73,302467.77630,0
1790059380000,788.130,788.130,787.920,787.940,169.14,1790059439999,133281.21940,334,58.75,46293.10410,0
1790059440000,787.950,788.070,787.880,788.000,136.32,1790059499999,107416.27250,350,92.19,72644.68050,0
1790059500000,788.010,788.010,787.720,787.890,141.36,1790059559999,111368.85610,544,80.15,63143.03850,0
1790059560000,787.890,788.000,787.830,787.840,67.31,1790059619999,53034.87580,278,39.01,30736.19620,0
1790059620000,787.840,787.940,787.820,787.880,106.26,1790059679999,83722.13250,351,43.94,34620.24040,0
1790059680000,787.890,788.100,787.880,788.090,209.01,1790059739999,164695.33260,419,167.55,132024.36160,0
1790059740000,788.100,788.100,787.730,787.750,142.29,1790059799999,112111.64270,527,49.63,39104.22720,0
1790059800000,787.740,788.000,787.700,787.910,316.59,1790059859999,249438.08390,704,270.71,213288.35280,0
1790059860000,787.920,788.010,787.910,787.920,67.32,1790059919999,53046.37770,257,53.72,42329.84430,0
1790059920000,787.910,788.750,787.860,788.450,1270.12,1790059979999,1001299.76710,1551,1051.84,829231.96340,0
1790059980000,788.450,788.450,787.900,787.950,717.33,1790060039999,565383.42810,770,69.31,54623.88260,0
1790060040000,787.960,787.960,787.610,787.650,170.34,1790060099999,134185.05290,492,62.87,49526.56600,0
1790060100000,787.640,787.640,787.540,787.550,104.23,1790060159999,82087.25880,205,60.44,47599.82390,0
1790060160000,787.560,787.560,786.850,786.850,248.51,1790060219999,195634.26130,688,72.89,57373.16270,0
1790060220000,786.850,786.980,786.850,786.910,131.22,1790060279999,103258.46560,301,62.84,49448.35560,0
1790060280000,786.900,786.910,786.740,786.780,367.77,1790060339999,289383.96190,356,75.80,59643.77270,0
1790060340000,786.770,787.470,786.770,787.100,477.29,1790060399999,375740.90390,650,282.25,222190.76750,0
1790060400000,787.110,787.110,786.930,786.930,71.03,1790060459999,55905.17060,319,28.69,22580.92440,0
1790060460000,786.920,787.000,786.740,786.740,176.33,1790060519999,138741.18850,608,121.17,95339.57880,0
1790060520000,786.740,787.070,786.670,786.890,290.78,1790060579999,228803.78760,906,183.72,144557.53980,0
1790060580000,786.890,786.900,786.590,786.670,207.69,1790060639999,163393.57530,628,93.96,73916.60920,0
1790060640000,786.670,787.400,786.580,787.050,266.38,1790060699999,209634.18660,983,208.35,163955.71550,0
1790060700000,787.060,787.450,786.870,786.930,118.31,1790060759999,93125.87980,737,74.52,58657.44770,0
1790060760000,786.930,787.200,786.800,787.030,193.24,1790060819999,152071.92250,764,125.73,98942.11810,0
1790060820000,787.020,787.800,786.950,787.560,191.32,1790060879999,150653.22630,857,141.97,111789.10300,0
1790060880000,787.560,787.560,786.800,787.080,110.08,1790060939999,86647.15160,677,42.94,33794.47490,0
1790060940000,787.080,787.570,787.040,787.430,112.89,1790060999999,88873.21800,614,84.01,66138.43120,0
1790061000000,787.420,787.860,787.390,787.840,261.16,1790061059999,205708.63720,787,194.11,152889.93060,0
1790061060000,787.830,787.960,787.800,787.880,190.18,1790061119999,149840.45850,509,111.09,87524.63590,0
1790061120000,787.870,787.960,787.800,787.920,200.03,1790061179999,157596.42050,537,167.20,131728.67900,0
1790061180000,787.920,787.920,787.400,787.470,199.77,1790061239999,157353.82600,521,40.02,31516.99040,0
1790061240000,787.470,787.680,787.410,787.420,166.03,1790061299999,130755.04120,531,75.03,59087.53070,0
1790061300000,787.420,787.650,787.160,787.160,279.54,1790061359999,220116.54090,744,76.41,60170.59530,0
1790061360000,787.170,787.260,786.570,787.000,677.88,1790061419999,533441.95060,1038,259.55,204237.14460,0
1790061420000,787.010,787.400,787.000,787.140,232.76,1790061479999,183240.16300,629,110.59,87058.81640,0
1790061480000,787.140,787.270,786.980,786.980,150.49,1790061539999,118462.77680,561,81.18,63901.72560,0
1790061540000,786.980,786.990,786.180,786.180,315.75,1790061599999,248326.25970,659,36.67,28849.04100,0
1790061600000,786.180,786.610,786.070,786.280,588.44,1790061659999,462707.63240,1014,308.78,242819.16750,0
1790061660000,786.280,786.290,785.770,785.800,245.24,1790061719999,192763.07580,647,81.17,63803.44820,0
1790061720000,785.810,786.190,785.630,785.690,545.55,1790061779999,428729.42210,1306,266.35,209320.90720,0
1790061780000,785.690,785.700,785.310,785.420,434.29,1790061839999,341130.20120,974,189.68,148993.30440,0
1790061840000,785.420,785.670,785.300,785.310,325.36,1790061899999,255568.32780,706,97.24,76376.79300,0
1790061900000,785.310,785.900,785.300,785.650,535.95,1790061959999,421089.72460,961,375.23,294789.80760,0
1790061960000,785.650,785.660,785.490,785.540,170.44,1790062019999,133890.99090,494,32.37,25428.09150,0
1790062020000,785.540,785.670,785.330,785.670,182.82,1790062079999,143599.87360,518,134.62,105739.31080,0
1790062080000,785.670,785.670,785.180,785.280,285.55,1790062139999,224254.69290,600,47.45,37266.52150,0
1790062140000,785.280,785.620,785.280,785.610,124.02,1790062199999,97410.29040,472,93.14,73157.23670,0
1790062200000,785.620,785.680,785.180,785.280,160.55,1790062259999,126101.06230,648,49.28,38707.92880,0
1790062260000,785.290,785.420,785.110,785.410,364.03,1790062319999,285857.83920,699,192.79,151397.41310,0
1790062320000,785.420,785.430,784.860,784.860,706.40,1790062379999,554581.19160,828,137.14,107668.07630,0
1790062380000,784.860,784.860,784.280,784.490,1007.91,1790062439999,790755.69300,796,91.71,71943.14610,0
1790062440000,784.490,784.560,784.350,784.400,259.32,1790062499999,203430.43230,596,163.69,128410.74500,0
1790062500000,784.400,784.400,783.580,783.780,1662.68,1790062559999,1303330.78830,1387,443.11,347285.72470,0
1790062560000,783.770,785.310,783.710,784.610,2065.46,1790062619999,1620559.72380,1814,1697.76,1332212.44850,0
1790062620000,784.600,784.710,784.500,784.700,388.71,1790062679999,304988.93190,876,231.28,181463.61280,0
1790062680000,784.700,784.710,784.340,784.420,757.44,1790062739999,594209.25540,628,196.49,154125.47310,0
1790062740000,784.420,785.020,784.420,785.020,272.32,1790062799999,213701.56030,813,199.80,156789.10320,0
1790062800000,785.010,785.460,785.010,785.190,225.25,1790062859999,176888.65660,669,122.71,96357.11880,0
1790062860000,785.190,785.200,785.000,785.090,212.56,1790062919999,166880.01660,461,66.30,52048.84730,0
1790062920000,785.090,785.410,785.020,785.370,142.06,1790062979999,111544.65700,552,95.20,74750.23070,0
1790062980000,785.380,785.380,785.110,785.170,113.09,1790063039999,88802.55450,358,56.15,44088.33600,0
1790063040000,785.180,785.400,785.060,785.400,186.04,1790063099999,146075.56900,541,91.59,71918.49340,0
1790063100000,785.410,785.910,785.390,785.790,402.46,1790063159999,316165.42550,774,335.16,263291.08380,0
1790063160000,785.780,785.800,785.520,785.740,128.20,1790063219999,100727.20530,638,57.85,45451.11250,0
1790063220000,785.740,785.740,785.480,785.480,248.73,1790063279999,195407.15960,334,18.30,14377.48840,0
1790063280000,785.490,785.540,785.400,785.510,149.39,1790063339999,117343.39580,589,83.93,65925.34570,0
1790063340000,785.510,785.820,785.160,785.160,428.60,1790063399999,336733.45350,824,230.51,181130.10590,0
1790063400000,785.170,785.240,785.140,785.140,130.03,1790063459999,102096.63870,352,35.88,28172.54190,0
1790063460000,785.150,785.360,785.000,785.010,265.87,1790063519999,208746.96340,429,59.94,47062.88690,0
1790063520000,785.010,785.410,785.000,785.390,245.09,1790063579999,192465.93420,578,153.12,120239.23850,0
1790063580000,785.390,785.690,785.320,785.460,219.17,1790063639999,172151.45170,635,110.71,86954.81350,0
1790063640000,785.460,785.680,785.360,785.500,334.05,1790063699999,262402.53160,669,228.93,179822.83850,0
1790063700000,785.490,785.490,785.110,785.120,205.37,1790063759999,161267.37070,487,36.67,28792.55590,0
1790063760000,785.120,785.120,784.770,784.950,250.85,1790063819999,196899.87620,547,83.53,65561.34960,0
1790063820000,784.960,785.150,784.860,785.070,355.07,1790063879999,278717.84230,610,219.70,172455.90130,0
1790063880000,785.060,785.650,785.060,785.260,318.42,1790063939999,250100.23140,747,181.60,142633.73740,0
1790063940000,785.270,785.400,785.170,785.390,141.44,1790063999999,111074.00670,450,37.71,29613.58720,0
1790064000000,785.400,786.030,785.400,786.010,453.03,1790064059999,355929.53980,992,298.69,234679.61040,0
1790064060000,786.000,786.210,785.900,786.020,623.82,1790064119999,490338.89430,1041,337.35,265161.16950,0
1790064120000,786.010,787.070,786.010,787.070,711.07,1790064179999,559408.82920,1466,513.85,404227.84420,0
1790064180000,787.070,787.080,785.860,785.890,369.86,1790064239999,290899.48520,960,116.69,91810.55770,0
1790064240000,785.900,786.950,785.830,786.770,308.21,1790064299999,242324.55150,1162,191.97,150931.62370,0
1790064300000,786.760,786.760,786.390,786.520,186.35,1790064359999,146571.62760,655,97.94,77025.99870,0
1790064360000,786.520,787.130,786.480,786.850,326.92,1790064419999,257257.14360,807,234.10,184224.32040,0
1790064420000,786.840,787.000,786.600,787.000,474.47,1790064479999,373328.02150,803,247.62,194836.18690,0
1790064480000,787.010,787.600,787.000,787.490,208.59,1790064539999,164244.42060,772,161.90,127476.16250,0
1790064540000,787.500,787.590,787.240,787.590,270.40,1790064599999,212916.53720,591,101.24,79717.87330,0
1790064600000,787.590,787.790,787.580,787.680,190.29,1790064659999,149884.29490,425,139.61,109967.74480,0
1790064660000,787.680,787.940,787.540,787.620,345.71,1790064719999,272322.97650,831,192.02,151262.15870,0
1790064720000,787.610,787.770,787.510,787.690,577.88,1790064779999,455152.45530,782,428.29,337333.21920,0
1790064780000,787.690,787.840,787.480,787.540,514.81,1790064839999,405470.81320,765,87.77,69126.36920,0
1790064840000,787.530,787.530,787.120,787.150,393.21,1790064899999,309571.58990,714,119.91,94405.47270,0
1790064900000,787.150,787.150,786.720,786.720,269.78,1790064959999,212301.76880,625,60.22,47387.81840,0
1790064960000,786.710,786.770,786.470,786.540,290.45,1790065019999,228471.42640,647,110.29,86754.31420,0
1790065020000,786.540,786.880,786.140,786.140,391.90,1790065079999,308253.99010,827,91.37,71871.17020,0
1790065080000,786.140,786.430,785.880,786.340,417.82,1790065139999,328456.93390,815,138.18,108623.77780,0
1790065140000,786.320,786.330,785.750,786.060,378.08,1790065199999,297206.64760,919,130.06,102237.43260,0
1790065200000,786.070,786.460,785.880,786.140,318.35,1790065259999,250253.39810,797,173.83,136637.80170,0
1790065260000,786.150,786.640,786.140,786.510,361.65,1790065319999,284433.21040,899,117.00,92011.76470,0
1790065320000,786.510,786.510,786.070,786.070,154.40,1790065379999,121400.06920,413,39.95,31412.89050,0
1790065380000,786.060,786.240,785.880,786.000,180.57,1790065439999,141939.09660,601,95.73,75250.83170,0
1790065440000,786.000,786.030,785.920,785.990,188.78,1790065499999,148378.72120,464,73.52,57786.15700,0
1790065500000,785.980,786.850,785.210,785.210,496.86,1790065559999,390564.62300,1597,219.21,172343.60450,0
1790065560000,785.210,785.510,785.210,785.360,241.03,1790065619999,189292.60420,690,138.33,108631.23650,0
1790065620000,785.370,785.370,784.850,784.910,390.89,1790065679999,306849.11600,706,108.02,84789.28830,0
1790065680000,784.910,784.960,784.580,784.600,358.60,1790065739999,281423.45010,662,157.08,123266.21400,0
1790065740000,784.610,784.880,784.050,784.790,880.85,1790065799999,690946.60190,1072,111.79,87716.18520,0
1790065800000,784.800,784.980,784.680,784.720,154.11,1790065859999,120950.42030,546,132.23,103778.59750,0
1790065860000,784.710,785.210,784.100,785.070,348.92,1790065919999,273790.78030,1179,221.31,173662.36660,0
1790065920000,785.080,785.440,784.670,784.710,467.43,1790065979999,366943.64840,1478,253.20,198775.56100,0
1790065980000,784.720,785.460,784.450,785.390,246.97,1790066039999,193856.63680,925,174.82,137233.80630,0
1790066040000,785.390,785.540,785.200,785.540,193.62,1790066099999,152063.09010,690,113.37,89036.87210,0
1790066100000,785.540,786.630,785.530,786.630,539.63,1790066159999,424250.79000,1132,328.02,257836.53360,0
1790066160000,786.630,787.340,786.610,787.330,497.24,1790066219999,391318.94240,1478,256.59,201941.14570,0
1790066220000,787.330,787.950,787.330,787.740,817.10,1790066279999,643606.54000,1558,406.22,319956.10380,0
1790066280000,787.740,788.620,787.600,787.940,1206.92,1790066339999,951142.60320,2124,686.22,540819.89330,0
1790066340000,787.950,788.180,787.770,788.050,848.78,1790066399999,668818.63370,1162,417.46,328959.48780,0
1790066400000,788.050,788.290,787.750,788.070,771.08,1790066459999,607602.69320,1503,321.14,253047.10320,0
1790066460000,788.070,788.730,788.000,788.180,1053.60,1790066519999,830494.99290,1592,345.96,272707.11760,0
1790066520000,788.190,788.770,788.000,788.430,1223.39,1790066579999,964551.26560,1467,809.76,638446.49480,0
1790066580000,788.420,791.080,788.310,789.300,5517.11,1790066639999,4355760.72600,4246,4236.70,3345143.18500,0
1790066640000,789.290,789.850,788.830,789.430,2018.85,1790066699999,1593362.61840,2104,392.85,310052.54570,0
1790066700000,789.430,789.690,788.320,788.420,1808.21,1790066759999,1426706.54880,2624,642.16,506620.21750,0
1790066760000,788.420,788.430,787.940,788.350,1289.54,1790066819999,1016424.21460,1638,342.30,269793.05060,0
1790066820000,788.340,789.270,788.210,789.160,1293.27,1790066879999,1020209.42350,1891,429.84,339077.46830,0
1790066880000,789.160,789.340,788.820,788.830,1152.45,1790066939999,909448.53440,1745,497.10,392284.27070,0
1790066940000,788.820,789.270,788.520,788.770,1218.36,1790066999999,961059.20370,1846,525.95,414862.35410,0
1790067000000,788.770,789.030,788.410,788.730,790.81,1790067059999,623690.94310,1201,339.08,267412.72710,0
1790067060000,788.730,788.780,788.150,788.620,1502.78,1790067119999,1184960.43030,1778,457.69,360878.08060,0
1790067120000,788.620,789.050,788.410,788.880,762.60,1790067179999,601458.60130,1240,315.71,249001.94080,0
1790067180000,788.880,789.000,788.670,788.710,1331.52,1790067239999,1050298.97210,1412,684.64,540025.04890,0
1790067240000,788.720,788.750,788.250,788.740,992.99,1790067299999,782946.30130,1295,536.69,423174.46950,0
1790067300000,788.750,788.900,788.590,788.770,1034.85,1790067359999,816249.57450,1454,396.20,312484.47350,0
1790067360000,788.770,788.770,788.430,788.560,972.96,1790067419999,767210.80740,834,127.53,100560.12750,0
1790067420000,788.560,788.590,787.900,788.300,1004.86,1790067479999,792118.58300,1209,357.20,281524.46360,0
1790067480000,788.310,788.390,788.030,788.040,397.38,1790067539999,313215.88580,707,125.43,98862.14080,0
1790067540000,788.040,788.170,787.930,788.160,473.69,1790067599999,373282.01960,717,264.29,208266.18290,0
1790067600000,788.170,788.230,787.620,787.620,665.37,1790067659999,524272.78830,1066,240.55,189554.15340,0
1790067660000,787.630,787.860,787.290,787.300,431.18,1790067719999,339586.61370,987,133.61,105229.93720,0
1790067720000,787.310,788.120,787.300,787.550,1249.41,1790067779999,984036.41450,1872,915.73,721221.19570,0
1790067780000,787.560,787.560,785.880,785.880,959.16,1790067839999,754627.83950,1516,84.15,66185.10330,0
1790067840000,785.880,785.890,784.500,784.580,2143.00,1790067899999,1682432.14220,3168,1047.83,822681.82360,0
1790067900000,784.570,784.990,783.930,784.090,1297.81,1790067959999,1018103.32830,2477,668.59,524566.24730,0
1790067960000,784.090,785.110,783.610,785.110,1023.87,1790068019999,802888.78610,1964,432.02,338840.65980,0
1790068020000,785.110,785.200,784.430,785.200,570.59,1790068079999,447837.27050,1454,334.35,262398.43740,0
1790068080000,785.210,785.970,784.720,785.100,2503.43,1790068139999,1966149.50890,3257,1169.57,918607.71420,0
1790068140000,785.090,785.600,784.600,785.120,812.50,1790068199999,637915.36780,2333,527.30,413975.73460,0
1790068200000,785.110,785.110,784.650,784.870,253.94,1790068259999,199300.44880,1195,137.64,108027.92760,0
1790068260000,784.870,785.800,784.490,785.560,335.55,1790068319999,263450.80530,1483,219.87,172636.21830,0
1790068320000,785.570,786.290,785.060,785.800,607.06,1790068379999,476992.47270,1446,429.93,337800.78690,0
1790068380000,785.800,786.390,785.570,786.320,212.30,1790068439999,166883.53420,912,184.10,144714.84210,0
1790068440000,786.290,786.290,785.870,785.870,178.53,1790068499999,140334.97540,596,56.48,44393.24330,0
1790068500000,785.870,786.290,785.560,785.900,238.66,1790068559999,187581.49960,1154,141.10,110901.87230,0
1790068560000,785.900,785.980,785.580,785.810,211.31,1790068619999,166036.35210,996,136.89,107560.17130,0
1790068620000,785.810,786.480,785.800,786.330,172.42,1790068679999,135546.99190,716,125.19,98413.66860,0
1790068680000,786.340,786.750,786.330,786.660,288.02,1790068739999,226552.13790,794,243.86,191817.54320,0
1790068740000,786.650,786.830,786.420,786.420,112.39,1790068799999,88411.73550,636,72.39,56945.16460,0
1790068800000,786.400,786.750,786.400,786.590,142.78,1790068859999,112303.51980,600,101.96,80195.19900,0
1790068860000,786.580,786.770,786.500,786.500,115.90,1790068919999,91171.48120,503,75.67,59526.20160,0
1790068920000,786.490,786.610,786.400,786.510,137.13,1790068979999,107849.03540,554,103.49,81391.61510,0
1790068980000,786.500,786.510,786.030,786.260,140.10,1790069039999,110153.68140,614,76.61,60232.66510,0
1790069040000,786.260,786.680,786.260,786.660,274.20,1790069099999,215669.80110,621,247.32,194525.17050,0
1790069100000,786.660,786.670,786.340,786.590,88.81,1790069159999,69845.61120,528,66.33,52165.52200,0
1790069160000,786.580,786.840,786.300,786.820,204.46,1790069219999,160820.08010,689,144.28,113480.48030,0
1790069220000,786.820,786.900,786.590,786.590,194.54,1790069279999,153066.80920,497,144.59,113765.76930,0
1790069280000,786.580,786.940,786.440,786.930,269.53,1790069339999,212028.04400,784,178.11,140100.33600,0
1790069340000,786.940,787.320,786.940,787.200,150.30,1790069399999,118311.37260,580,107.17,84358.40130,0
1790069400000,787.200,787.220,786.770,787.220,84.74,1790069459999,66691.31400,581,45.29,35644.12590,0
1790069460000,787.220,787.790,787.210,787.550,242.28,1790069519999,190808.98110,727,205.02,161462.62360,0
1790069520000,787.550,787.970,787.550,787.610,599.25,1790069579999,472120.98790,672,203.17,160053.69970,0
1790069580000,787.610,787.610,787.220,787.360,347.08,1790069639999,273287.50970,923,126.30,99442.59690,0
1790069640000,787.360,787.810,787.360,787.530,324.35,1790069699999,255466.25690,742,213.38,168060.49220,0
1790069700000,787.520,787.520,787.030,787.180,105.40,1790069759999,82976.90540,549,74.37,58547.16710,0
1790069760000,787.170,787.680,787.130,787.680,143.42,1790069819999,112927.26280,606,95.94,75539.86810,0
1790069820000,787.670,788.090,787.670,787.940,451.76,1790069879999,355956.29480,1018,313.71,247189.06510,0
1790069880000,787.940,787.940,787.240,787.290,162.46,1790069939999,127953.16050,660,89.35,70370.92390,0
1790069940000,787.300,787.540,787.280,787.300,135.42,1790069999999,106628.93970,461,77.39,60931.60830,0
1790070000000,787.300,787.540,787.200,787.540,252.17,1790070059999,198535.60390,621,62.93,49546.08290,0
1790070060000,787.540,788.110,787.500,787.990,192.92,1790070119999,152008.47850,831,139.19,109678.27270,0
1790070120000,787.980,788.020,787.860,787.960,210.05,1790070179999,165510.70340,455,69.68,54906.05600,0
1790070180000,787.970,788.120,787.880,787.880,226.07,1790070239999,178148.86360,642,138.86,109422.88680,0
1790070240000,787.880,788.150,787.860,787.950,292.56,1790070299999,230527.88150,654,210.10,165551.08180,0
1790070300000,787.950,788.120,787.800,787.990,238.13,1790070359999,187649.54580,715,178.94,141007.36060,0
1790070360000,787.990,788.280,787.990,788.140,504.75,1790070419999,397834.79840,1018,376.40,296667.94570,0
1790070420000,788.140,788.350,788.030,788.270,486.34,1790070479999,383342.26270,981,267.67,210976.10930,0
1790070480000,788.270,788.610,788.150,788.150,1082.63,1790070539999,853576.31500,1457,615.40,485183.06560,0
1790070540000,788.150,788.300,787.940,787.950,431.63,1790070599999,340174.50510,776,275.68,217258.50630,0
1790070600000,788.010,788.010,787.940,788.000,44.02,1790070659999,34687.14310,216,32.60,25688.39770,0
1790070660000,788.010,788.370,787.970,788.200,540.88,1790070719999,426245.27000,660,390.11,307425.99590,0
1790070720000,788.190,788.870,787.810,788.380,1085.68,1790070779999,855781.05020,2289,589.41,464579.56810,0
1790070780000,788.370,789.000,787.950,788.960,784.55,1790070839999,618598.15820,2100,451.84,356249.41850,0
1790070840000,788.950,788.950,788.150,788.450,599.95,1790070899999,473074.13250,1604,194.71,153533.75430,0
1790070900000,788.440,788.440,787.770,787.780,422.60,1790070959999,333071.79560,1224,125.84,99173.97450,0
1790070960000,787.770,789.000,787.770,788.120,661.28,1790071019999,521307.48990,1854,404.95,319236.37000,0
1790071020000,788.110,788.110,787.860,787.970,316.45,1790071079999,249354.33380,1020,198.10,156094.84110,0
1790071080000,787.990,788.600,787.990,788.280,430.21,1790071139999,339133.43350,1107,191.06,150595.83040,0
1790071140000,788.270,789.040,788.160,788.210,1022.22,1790071199999,806113.13000,1695,647.37,510554.91920,0
1790071200000,788.220,788.430,787.960,788.170,479.21,1790071259999,377711.50140,1369,143.18,112843.70430,0
1790071260000,788.170,788.170,787.930,787.950,258.55,1790071319999,203751.57810,798,131.51,103636.90310,0
1790071320000,787.950,788.280,787.920,788.260,240.39,1790071379999,189447.64660,769,147.89,116544.12580,0
1790071380000,788.260,788.260,787.830,787.920,256.57,1790071439999,202160.88480,897,137.94,108684.93580,0
1790071440000,787.920,788.010,787.730,787.820,127.14,1790071499999,100172.76010,679,70.71,55710.88830,0
1790071500000,787.830,787.960,787.730,787.830,92.05,1790071559999,72519.65770,653,59.14,46592.40890,0
1790071560000,787.830,787.940,787.610,787.630,265.31,1790071619999,209006.29550,668,73.49,57890.38720,0
1790071620000,787.640,787.730,787.470,787.480,93.93,1790071679999,73983.05220,482,50.91,40100.60090,0
1790071680000,787.470,787.820,787.470,787.750,109.71,1790071739999,86413.05160,461,67.43,53107.34400,0
1790071740000,787.750,788.040,787.750,787.760,255.18,1790071799999,201049.12890,607,125.69,99032.63030,0
1790071800000,787.760,788.000,787.750,787.840,384.24,1790071859999,302746.07650,596,199.40,157104.95530,0
1790071860000,787.840,788.020,787.730,787.980,184.47,1790071919999,145338.11460,477,62.11,48938.50240,0
1790071920000,787.990,788.160,787.770,788.130,206.97,1790071979999,163091.80780,710,148.41,116946.73920,0
1790071980000,788.140,788.260,787.550,787.640,353.86,1790072039999,278816.64540,884,145.33,114517.21670,0
1790072040000,787.640,787.940,787.580,787.780,121.24,1790072099999,95507.41490,505,91.56,72125.59690,0
1790072100000,787.790,788.300,787.790,788.120,233.88,1790072159999,184328.36020,722,105.72,83311.59410,0
1790072160000,788.120,788.120,787.890,788.020,162.00,1790072219999,127656.01140,615,101.34,79854.21820,0
1790072220000,788.020,788.020,787.480,787.960,147.22,1790072279999,115971.76470,848,80.04,63046.14700,0
1790072280000,787.970,788.000,787.620,787.620,88.43,1790072339999,69666.93090,539,38.67,30465.94770,0
1790072340000,787.610,788.270,787.550,787.920,720.00,1790072399999,567332.53100,1275,442.39,348573.33820,0
1790072400000,787.920,787.950,787.710,787.710,139.56,1790072459999,109955.66520,486,84.14,66291.91460,0
1790072460000,787.710,787.790,787.600,787.710,200.94,1790072519999,158277.75820,701,104.53,82335.07390,0
1790072520000,787.720,787.820,787.530,787.560,94.27,1790072579999,74252.67510,596,61.97,48810.89400,0
1790072580000,787.560,787.570,787.160,787.200,769.70,1790072639999,606043.09390,973,168.21,132446.14100,0
1790072640000,787.200,787.210,786.630,787.070,430.95,1790072699999,339151.45900,1165,195.29,153665.52060,0
1790072700000,787.070,787.070,785.810,786.150,508.72,1790072759999,399933.52890,1331,184.20,144793.80430,0
1790072760000,786.160,786.750,786.160,786.400,327.63,1790072819999,257661.24390,890,258.84,203554.95350,0
1790072820000,786.410,786.620,786.220,786.540,194.43,1790072879999,152912.46810,813,77.86,61231.51710,0
1790072880000,786.540,786.940,786.350,786.940,181.15,1790072939999,142488.94320,663,117.99,92810.23770,0
1790072940000,786.940,787.530,786.930,787.260,341.53,1790072999999,268863.55960,847,252.66,198897.92640,0
1790073000000,787.270,787.300,787.030,787.170,143.64,1790073059999,113067.49010,744,73.61,57942.28280,0
1790073060000,787.180,787.240,786.940,786.950,263.72,1790073119999,207569.80770,598,39.71,31257.46440,0
1790073120000,786.940,787.140,786.940,786.940,274.02,1790073179999,215668.39250,755,149.00,117266.87970,0
1790073180000,786.950,787.120,786.520,786.710,337.63,1790073239999,265672.21680,1212,221.59,174361.73760,0
1790073240000,786.720,787.190,786.720,787.190,300.45,1790073299999,236445.72400,941,195.04,153497.36010,0
1790073300000,787.190,787.780,787.190,787.610,166.03,1790073359999,130760.29190,771,135.37,106610.11740,0
1790073360000,787.610,788.150,787.510,788.150,248.77,1790073419999,196023.97610,704,117.39,92495.53830,0
1790073420000,788.140,788.310,787.860,787.990,314.62,1790073479999,247964.64150,888,96.21,75823.98410,0
1790073480000,787.990,788.420,787.980,788.090,401.84,1790073539999,316738.76200,989,210.50,165909.18770,0
1790073540000,788.080,788.300,787.880,788.160,225.31,1790073599999,177557.60460,605,136.77,107771.57080,0
1790073600000,788.150,788.150,787.700,787.700,152.72,1790073659999,120343.67290,575,56.05,44164.45120,0
1790073660000,787.700,788.000,787.640,787.980,165.79,1790073719999,130617.51180,681,135.24,106546.97130,0
1790073720000,787.980,788.140,787.940,788.000,159.74,1790073779999,125881.55750,591,100.08,78866.17730,0
1790073780000,788.000,788.000,787.660,787.850,140.69,1790073839999,110843.05630,660,87.87,69230.06960,0
1790073840000,787.850,787.940,787.840,787.930,44.08,1790073899999,34730.61140,292,36.95,29112.89610,0
1790073900000,787.940,788.080,787.660,787.660,356.45,1790073959999,280880.36040,647,237.61,187239.51300,0
1790073960000,787.660,787.850,787.510,787.650,113.18,1790074019999,89150.39710,560,54.33,42792.15670,0
1790074020000,787.650,787.950,787.640,787.850,62.85,1790074079999,49515.20920,372,45.39,35759.72830,0
1790074080000,787.860,787.860,787.400,787.690,205.39,1790074139999,161748.03060,724,135.75,106901.64960,0
1790074140000,787.700,787.790,787.440,787.580,50.88,1790074199999,40074.29640,420,37.20,29298.83940,0
1790074200000,787.590,787.880,787.580,787.880,78.00,1790074259999,61444.67440,356,45.35,35722.20340,0
1790074260000,787.880,787.880,787.620,787.770,52.39,1790074319999,41270.36680,436,24.26,19109.63180,0
1790074320000,787.760,787.930,787.720,787.920,70.27,1790074379999,55356.89630,329,61.12,48148.24190,0
1790074380000,787.930,788.220,787.780,787.780,196.20,1790074439999,154612.06270,705,114.67,90363.65600,0
1790074440000,787.790,788.230,787.750,788.140,270.39,1790074499999,213037.14640,729,202.32,159410.70460,0
1790074500000,788.130,789.470,787.810,788.970,1835.92,1790074559999,1447875.41760,1969,1487.47,1173074.76050,0
1790074560000,788.960,789.590,788.060,788.340,1667.72,1790074619999,1315527.49190,1959,572.30,451602.32070,0
1790074620000,788.340,789.230,787.380,787.620,2384.52,1790074679999,1879811.66450,2498,1038.98,819505.92090,0
1790074680000,787.620,787.930,787.500,787.630,234.10,1790074739999,184398.73240,752,79.34,62492.99740,0
1790074740000,787.640,787.640,787.020,787.210,656.85,1790074799999,517092.08070,978,146.58,115390.55560,0
1790074800000,787.220,787.810,787.220,787.530,132.53,1790074859999,104373.98720,625,84.15,66268.05440,0
1790074860000,787.530,787.610,787.370,787.600,105.58,1790074919999,83145.34280,693,67.26,52967.70000,0
1790074920000,787.590,787.920,787.480,787.860,89.35,1790074979999,70391.50800,590,53.16,41878.64410,0
1790074980000,787.850,788.000,787.630,788.000,139.07,1790075039999,109562.84260,732,101.86,80248.12600,0
1790075040000,787.990,788.000,787.640,787.750,150.08,1790075099999,118226.79420,543,72.11,56806.99790,0
1790075100000,787.760,787.820,787.300,787.300,157.27,1790075159999,123883.19860,651,90.72,71465.66190,0
1790075160000,787.300,787.300,786.550,786.790,855.64,1790075219999,673264.47020,1175,211.81,166619.43810,0
1790075220000,786.780,786.800,786.610,786.680,151.77,1790075279999,119397.90570,563,78.65,61873.85870,0
1790075280000,786.690,786.690,786.530,786.530,161.31,1790075339999,126882.89780,308,21.24,16706.69220,0
1790075340000,786.530,786.970,785.560,785.560,976.68,1790075399999,767828.81850,2048,306.16,240752.67750,0
1790075400000,785.550,786.480,785.120,786.380,474.66,1790075459999,372950.77200,1635,264.21,207614.57760,0
1790075460000,786.380,786.570,785.800,786.020,294.56,1790075519999,231591.61010,1074,81.33,63932.31920,0
1790075520000,786.020,786.650,786.020,786.190,293.22,1790075579999,230578.63400,1218,102.32,80454.97090,0
1790075580000,786.190,786.480,785.650,786.380,212.37,1790075639999,166949.96170,885,128.82,101266.06860,0
1790075640000,786.370,786.660,786.370,786.520,124.15,1790075699999,97650.99690,502,41.80,32875.99620,0
1790075700000,786.520,786.630,786.400,786.530,121.29,1790075759999,95393.36900,576,56.45,44396.91070,0
1790075760000,786.530,787.240,786.530,787.230,77.01,1790075819999,60595.54510,569,68.78,54120.72480,0
1790075820000,787.240,787.550,787.200,787.550,130.98,1790075879999,103125.79490,643,92.44,72781.32340,0
1790075880000,787.540,787.640,787.360,787.360,263.50,1790075939999,207520.00370,491,88.97,70067.74660,0
1790075940000,787.370,787.410,787.090,787.130,106.20,1790075999999,83604.77570,406,24.97,19656.07400,0
1790076000000,787.130,787.460,787.050,787.460,89.02,1790076059999,70080.71080,501,70.51,55509.74540,0
1790076060000,787.460,787.660,787.180,787.340,775.17,1790076119999,610363.93920,974,360.78,284092.11170,0
1790076120000,787.340,787.660,787.300,787.400,280.92,1790076179999,221222.17560,823,157.71,124195.89310,0
1790076180000,787.410,787.460,787.160,787.160,86.75,1790076239999,68301.34250,410,22.84,17982.50120,0
1790076240000,787.160,787.550,787.160,787.480,87.93,1790076299999,69228.01700,542,59.36,46733.42720,0
1790076300000,787.480,787.490,787.350,787.380,74.92,1790076359999,58994.90080,380,32.06,25245.02890,0
1790076360000,787.370,787.580,786.940,786.940,245.27,1790076419999,193072.95390,516,27.38,21561.59170,0
1790076420000,786.950,786.950,786.670,786.680,229.19,1790076479999,180338.82790,653,119.54,94058.48830,0
1790076480000,786.680,786.720,786.170,786.180,145.11,1790076539999,114130.42140,474,28.23,22201.48300,0
1790076540000,786.180,786.310,786.090,786.190,148.86,1790076599999,117035.46050,559,75.07,59020.48300,0
1790076600000,786.200,786.540,786.170,786.170,94.70,1790076659999,74472.60240,484,43.44,34160.42040,0
1790076660000,786.170,786.460,785.800,786.350,130.13,1790076719999,102302.63090,725,48.91,38449.96350,0
1790076720000,786.350,786.480,786.350,786.470,50.74,1790076779999,39903.92990,265,46.24,36364.97920,0
1790076780000,786.480,786.640,786.480,786.630,29.92,1790076839999,23534.88370,268,25.83,20317.56710,0
1790076840000,786.630,786.640,786.330,786.470,163.97,1790076899999,128962.50850,548,34.47,27108.25100,0
1790076900000,786.480,787.000,786.340,786.990,113.46,1790076959999,89248.44700,615,68.56,53930.17740,0
1790076960000,786.990,787.470,786.990,787.470,212.53,1790077019999,167309.26640,747,181.16,142609.15610,0
1790077020000,787.470,787.610,787.470,787.530,84.13,1790077079999,66258.91790,313,45.75,36031.85610,0
1790077080000,787.520,787.700,787.520,787.640,90.01,1790077139999,70896.46590,330,62.74,49416.69960,0
1790077140000,787.650,788.450,787.650,787.960,1142.29,1790077199999,900214.91120,1402,538.66,424507.52450,0
1790077200000,787.960,787.960,787.800,787.930,126.30,1790077259999,99508.84990,521,59.82,47129.25070,0
1790077260000,787.930,788.200,787.930,788.090,156.06,1790077319999,122985.14430,454,99.39,78322.82930,0
1790077320000,788.100,788.100,787.940,787.940,82.81,1790077379999,65259.26800,274,12.92,10181.93990,0
1790077380000,787.940,788.000,787.930,787.950,109.37,1790077439999,86178.64660,271,74.33,58568.08520,0
1790077440000,787.940,788.100,787.860,787.940,305.04,1790077499999,240359.39050,550,149.65,117919.42190,0
1790077500000,787.950,788.180,787.900,787.990,375.60,1790077559999,295990.41370,827,298.49,235225.01000,0
1790077560000,787.990,788.010,787.870,787.930,140.97,1790077619999,111073.33730,400,47.01,37040.18680,0
1790077620000,787.930,788.110,787.780,788.100,288.68,1790077679999,227462.15670,678,241.98,190667.93220,0
1790077680000,788.110,788.530,788.100,788.330,1343.15,1790077739999,1058880.83390,974,273.98,215988.35370,0
1790077740000,788.340,788.500,788.030,788.260,858.37,1790077799999,676637.40640,790,369.14,290974.49590,0
1790077800000,788.260,788.440,787.680,787.680,270.69,1790077859999,213331.14400,853,98.67,77761.37850,0
1790077860000,787.680,787.690,787.590,787.600,84.12,1790077919999,66256.60120,346,23.04,18147.33000,0
1790077920000,787.600,787.710,787.470,787.470,149.06,1790077979999,117393.44130,521,81.02,63808.27140,0
1790077980000,787.480,787.480,787.090,787.090,143.32,1790078039999,112843.16760,526,45.66,35949.96770,0
1790078040000,787.100,787.100,786.710,786.710,144.31,1790078099999,113562.18530,462,22.80,17941.55800,0
1790078100000,786.720,787.190,786.710,787.100,197.35,1790078159999,155301.81580,675,97.73,76901.75670,0
1790078160000,787.100,787.640,786.710,787.500,458.89,1790078219999,361239.50590,1018,211.08,166143.74000,0
1790078220000,787.500,787.600,787.070,787.110,563.74,1790078279999,443810.15230,633,186.98,147194.30350,0
1790078280000,787.110,787.250,787.080,787.250,102.92,1790078339999,81015.53340,301,31.84,25063.05710,0
1790078340000,787.250,787.340,787.090,787.310,146.33,1790078399999,115186.64340,461,87.61,68963.81240,0
1790078400000,787.310,787.320,787.090,787.300,297.17,1790078459999,233936.21030,672,87.51,68884.70380,0
1790078460000,787.300,787.440,786.800,786.840,224.11,1790078519999,176398.51450,707,69.91,55020.41670,0
1790078520000,786.850,787.360,786.850,787.340,175.48,1790078579999,138130.61100,722,95.08,74832.79660,0
1790078580000,787.340,787.440,786.990,787.290,195.07,1790078639999,153566.27450,706,79.16,62317.94020,0
1790078640000,787.290,787.330,786.850,787.020,439.16,1790078699999,345632.26050,489,20.05,15781.62890,0
1790078700000,787.030,787.300,787.020,787.200,91.01,1790078759999,71643.61250,464,45.90,36130.01620,0
1790078760000,787.200,787.350,786.990,787.080,527.00,1790078819999,414851.75610,783,312.35,245882.32080,0
1790078820000,787.080,787.190,786.740,786.840,205.68,1790078879999,161855.06300,578,51.00,40132.52340,0
1790078880000,786.840,786.950,786.770,786.940,143.65,1790078939999,113031.90550,521,50.00,39343.22400,0
1790078940000,786.940,787.130,786.480,786.620,162.21,1790078999999,127643.16210,655,33.79,26590.33190,0
1790079000000,786.630,786.920,786.630,786.920,126.80,1790079059999,99758.76130,542,65.48,51517.39270,0
1790079060000,786.920,786.940,786.410,786.410,404.30,1790079119999,318044.83720,642,53.22,41861.97580,0
1790079120000,786.420,786.850,786.410,786.700,246.01,1790079179999,193511.45990,592,166.49,130962.03550,0
1790079180000,786.700,787.010,786.620,786.710,1382.19,1790079239999,1087682.75670,859,365.98,287968.78040,0
1790079240000,786.710,786.710,786.050,786.050,385.14,1790079299999,302872.58550,552,108.28,85148.41830,0
1790079300000,786.050,786.060,785.350,785.530,460.20,1790079359999,361559.31410,971,116.09,91194.14320,0
1790079360000,785.520,786.200,785.440,785.490,417.03,1790079419999,327647.72960,951,132.04,103748.42460,0
1790079420000,785.500,785.670,785.250,785.570,480.92,1790079479999,377699.98610,903,144.59,113561.59080,0
1790079480000,785.570,785.720,785.420,785.420,277.82,1790079539999,218249.45560,787,128.75,101142.60020,0
1790079540000,785.430,786.280,785.430,786.160,698.57,1790079599999,548939.85990,1157,442.82,347948.26060,0
1790079600000,786.150,786.790,786.110,786.660,212.63,1790079659999,167239.61380,830,136.88,107661.99270,0
1790079660000,786.660,787.120,786.540,787.120,271.71,1790079719999,213804.22530,705,124.96,98327.60370,0
1790079720000,787.120,787.140,786.760,786.880,496.32,1790079779999,390573.46710,590,60.90,47926.09430,0
1790079780000,786.870,786.980,786.260,786.340,280.92,1790079839999,220955.80060,560,70.29,55293.91960,0
1790079840000,786.340,786.640,786.260,786.640,130.51,1790079899999,102642.00290,461,46.09,36246.12660,0
1790079900000,786.630,786.910,786.600,786.870,90.85,1790079959999,71475.83350,493,50.23,39520.16300,0
1790079960000,786.860,786.940,786.480,786.670,982.62,1790080019999,773178.48340,675,703.83,553818.88060,0
1790080020000,786.680,787.400,786.680,787.390,109.06,1790080079999,85839.82530,472,80.67,63494.62480,0
1790080080000,787.400,787.400,787.160,787.330,239.74,1790080139999,188755.82410,629,156.35,123099.51850,0
1790080140000,787.330,787.890,787.330,787.820,325.78,1790080199999,256619.84810,694,97.09,76470.48000,0
1790080200000,787.820,788.540,787.720,788.440,520.03,1790080259999,409862.70930,1252,322.35,254058.22610,0
1790080260000,788.440,788.470,787.970,788.330,431.86,1790080319999,340383.56100,1337,135.41,106715.90070,0
1790080320000,788.340,788.760,788.330,788.470,790.35,1790080379999,623236.67330,1330,364.28,287251.56450,0
1790080380000,788.480,788.500,787.860,787.920,422.09,1790080439999,332692.27380,909,170.68,134525.00000,0
1790080440000,787.930,788.010,787.680,787.760,220.59,1790080499999,173808.77100,518,96.02,75656.20160,0
1790080500000,787.770,787.890,787.640,787.670,387.57,1790080559999,305307.54650,692,146.78,115625.37280,0
1790080560000,787.680,788.310,787.550,787.940,296.42,1790080619999,233565.16210,1030,180.62,142320.36320,0
1790080620000,787.930,787.990,787.550,787.990,548.49,1790080679999,432082.12500,1151,248.21,195537.65080,0
1790080680000,788.000,788.080,787.860,787.860,217.37,1790080739999,171292.05710,609,106.69,84072.06870,0
1790080740000,787.870,788.200,787.690,787.690,328.16,1790080799999,258605.16290,837,189.98,149719.02700,0
1790080800000,787.700,788.160,787.630,788.130,346.43,1790080859999,272972.73580,814,215.23,169590.05570,0
1790080860000,788.140,788.140,787.860,787.990,205.79,1790080919999,162162.19720,644,116.68,91943.73170,0
1790080920000,787.990,787.990,787.400,787.690,105.55,1790080979999,83137.22440,710,34.21,26942.48400,0
1790080980000,787.700,788.380,787.600,788.380,254.22,1790081039999,200320.30580,805,210.67,166008.34260,0
1790081040000,788.390,788.390,787.790,788.050,308.56,1790081099999,243152.19480,704,201.23,158562.40820,0
1790081100000,788.060,788.290,788.030,788.070,290.44,1790081159999,228904.78680,791,149.19,117574.99420,0
1790081160000,788.080,788.310,787.860,787.860,818.57,1790081219999,645129.51960,1193,274.91,216657.47350,0
1790081220000,787.870,788.160,787.640,787.650,235.60,1790081279999,185647.20090,688,170.41,134282.21670,0
1790081280000,787.640,788.040,787.560,787.950,617.06,1790081339999,486146.89960,854,568.84,448157.73510,0
1790081340000,787.940,788.360,787.710,788.360,314.51,1790081399999,247855.64610,790,249.13,196333.07890,0
1790081400000,788.360,788.760,788.220,788.460,937.14,1790081459999,738921.17690,1622,566.40,446602.60590,0
1790081460000,788.470,788.990,788.420,788.880,406.83,1790081519999,320859.10620,996,317.78,250624.46920,0
1790081520000,788.890,789.480,788.890,789.010,894.83,1790081579999,706193.53490,1332,516.54,407655.88610,0
1790081580000,789.000,789.660,789.000,789.660,645.83,1790081639999,509807.21410,1169,407.65,321782.36150,0
1790081640000,789.660,789.660,789.310,789.400,218.72,1790081699999,172657.42720,671,130.67,103147.19070,0
1790081700000,789.400,790.450,789.400,790.220,825.45,1790081759999,652142.67760,1604,654.87,517366.18910,0
1790081760000,790.220,791.220,790.220,790.650,1277.62,1790081819999,1010293.13270,1921,939.51,742919.76490,0
1790081820000,790.650,791.640,790.650,791.330,670.69,1790081879999,530663.71000,1065,582.91,461203.76620,0
1790081880000,791.330,791.930,791.330,791.600,715.36,1790081939999,566365.00670,1110,447.39,354198.86930,0
1790081940000,791.600,791.960,791.330,791.960,580.35,1790081999999,459363.65140,874,425.68,336946.28960,0
1790082000000,791.950,791.980,791.460,791.660,879.57,1790082059999,696370.50680,1441,506.91,401329.04730,0
1790082060000,791.670,792.260,791.560,792.200,2388.17,1790082119999,1891214.06130,2059,1758.42,1392531.26160,0
1790082120000,792.210,792.600,792.200,792.540,1537.80,1790082179999,1218485.05770,1427,622.53,493265.01880,0
1790082180000,792.540,792.610,792.300,792.330,540.48,1790082239999,428307.45860,1033,248.76,197135.30740,0
1790082240000,792.330,792.340,791.450,791.590,834.44,1790082299999,660858.25820,1588,256.10,202829.38040,0
1790082300000,791.590,792.130,791.590,791.700,805.11,1790082359999,637522.42370,1394,364.90,288940.79170,0
1790082360000,791.710,792.300,791.430,792.130,506.11,1790082419999,400763.55340,1385,299.97,237523.99620,0
1790082420000,792.130,792.300,791.840,791.910,757.33,1790082479999,599879.57430,1103,172.28,136457.96280,0
1790082480000,791.910,792.000,791.540,791.540,403.46,1790082539999,319446.52280,1309,158.23,125287.40650,0
1790082540000,791.540,791.550,790.710,790.860,739.08,1790082599999,584589.87450,1407,181.00,143176.33520,0
1790082600000,790.860,790.960,790.540,790.960,771.25,1790082659999,609864.89500,1509,274.08,216739.23500,0
1790082660000,790.960,791.730,790.650,790.650,1539.69,1790082719999,1218079.39580,1838,757.81,599468.21290,0
1790082720000,790.650,791.190,790.500,791.180,895.57,1790082779999,708132.30720,1160,295.75,233838.92950,0
1790082780000,791.180,791.570,791.080,791.080,401.35,1790082839999,317586.61540,967,170.13,134619.71810,0
1790082840000,791.080,791.280,790.820,790.870,454.04,1790082899999,359185.12870,1070,189.10,149594.53110,0
1790082900000,790.870,790.870,789.810,789.990,576.99,1790082959999,455955.88450,1753,128.10,101213.67560,0
1790082960000,790.000,790.450,789.940,790.360,317.12,1790083019999,250581.89970,1630,152.76,120701.38850,0
1790083020000,790.370,790.600,789.940,790.590,274.22,1790083079999,216719.82630,1238,91.27,72132.68410,0
1790083080000,790.590,790.740,790.190,790.500,473.69,1790083139999,374454.25780,1365,246.19,194612.64540,0
1790083140000,790.500,791.040,790.400,790.460,572.81,1790083199999,452931.22480,1272,382.39,302370.96410,0
1790083200000,790.460,790.910,790.170,790.760,202.01,1790083259999,159700.93830,1053,107.77,85201.62390,0
1790083260000,790.760,791.170,790.690,790.690,381.22,1790083319999,301526.33980,1042,97.88,77417.09130,0
1790083320000,790.700,790.700,790.150,790.370,342.39,1790083379999,270617.54820,953,130.02,102752.47920,0
1790083380000,790.370,790.670,790.070,790.600,1454.95,1790083439999,1149876.67910,1772,1085.06,857561.65890,0
1790083440000,790.590,790.590,789.990,789.990,328.09,1790083499999,259249.66610,778,31.46,24855.09450,0
1790083500000,789.990,789.990,789.350,789.380,553.13,1790083559999,436739.58840,1277,118.83,93820.44820,0
1790083560000,789.390,789.530,789.230,789.320,288.98,1790083619999,228109.10410,823,75.95,59953.68530,0
1790083620000,789.320,789.340,788.560,789.270,613.84,1790083679999,484358.88460,1559,192.42,151831.47450,0
1790083680000,789.260,789.780,788.770,789.440,581.93,1790083739999,459194.90220,1753,299.04,235970.86450,0
1790083740000,789.450,789.490,788.810,789.160,279.40,1790083799999,220488.71780,1399,81.92,64641.49280,0
1790083800000,789.160,789.580,787.600,788.990,1375.38,1790083859999,1084671.97380,3410,391.31,308633.04840,0
1790083860000,788.990,790.320,788.830,789.800,1139.01,1790083919999,899565.97500,2285,726.72,573967.16150,0
1790083920000,789.790,790.570,789.440,790.350,934.33,1790083979999,738114.99380,2375,542.12,428274.67330,0
1790083980000,790.340,790.690,790.250,790.560,403.48,1790084039999,318945.95450,1155,251.31,198655.46800,0
1790084040000,790.570,791.070,790.370,791.000,831.59,1790084099999,657547.67370,1387,566.43,447899.30410,0
1790084100000,790.990,791.650,790.670,790.670,851.40,1790084159999,673634.21990,1837,490.42,388021.34320,0
1790084160000,790.660,790.830,789.100,789.620,1126.82,1790084219999,890130.47740,2453,448.02,353890.26620,0
1790084220000,789.610,789.920,788.250,788.370,666.34,1790084279999,525688.66350,2268,195.75,154433.53690,0
1790084280000,788.370,789.450,788.030,789.080,1654.01,1790084339999,1304548.46310,2458,787.86,621369.06980,0
1790084340000,789.080,789.080,788.160,788.160,442.25,1790084399999,348780.04470,1658,128.04,100961.45130,0
1790084400000,788.160,788.160,787.060,787.580,943.17,1790084459999,742815.23800,1981,262.45,206697.37080,0
1790084460000,787.570,788.500,787.480,788.420,425.87,1790084519999,335542.93630,1738,236.42,186294.51380,0
1790084520000,788.410,789.150,788.410,789.140,259.18,1790084579999,204432.98010,1149,151.72,119678.97120,0
1790084580000,789.140,789.810,789.080,789.600,589.95,1790084639999,465661.83340,1315,436.52,344549.28580,0
1790084640000,789.590,789.690,789.140,789.410,191.93,1790084699999,151520.39580,1153,80.04,63187.01610,0
1790084700000,789.420,789.420,788.750,788.780,1083.46,1790084759999,854871.25700,1593,84.93,67009.09940,0
1790084760000,788.770,789.080,788.080,788.560,446.28,1790084819999,351852.12800,1446,138.08,108863.64750,0
1790084820000,788.560,789.470,788.450,789.100,357.68,1790084879999,282250.72100,1548,219.53,173232.02710,0
1790084880000,789.110,790.120,788.800,790.100,480.71,1790084939999,379565.31300,1555,395.49,312291.31170,0
1790084940000,790.100,790.420,789.890,790.340,386.24,1790084999999,305188.53300,1398,205.02,162004.97020,0
1790085000000,790.340,790.890,790.340,790.890,527.08,1790085059999,416687.92460,1417,380.37,300708.16380,0
1790085060000,790.890,790.920,790.180,790.180,453.56,1790085119999,358508.89680,1003,90.01,71153.24880,0
1790085120000,790.180,790.610,789.850,790.510,434.15,1790085179999,343106.66640,1567,136.27,107688.59270,0
1790085180000,790.510,790.710,790.350,790.470,301.92,1790085239999,238670.67760,1199,113.17,89463.03110,0
1790085240000,790.480,790.760,790.360,790.670,243.96,1790085299999,192855.27060,917,162.60,128540.66360,0
1790085300000,790.670,790.920,790.360,790.630,341.88,1790085359999,270282.33520,1042,227.99,180235.88390,0
1790085360000,790.640,790.710,790.340,790.590,718.03,1790085419999,567644.33730,1133,339.65,268510.44840,0
1790085420000,790.580,791.010,790.530,791.000,894.56,1790085479999,707336.85530,922,775.22,612964.34970,0
1790085480000,791.010,792.170,791.010,792.140,672.15,1790085539999,532159.88970,1554,501.63,397137.63380,0
1790085540000,792.140,793.280,791.900,792.090,3092.01,1790085599999,2450830.60350,2363,1295.09,1026449.66840,0
1790085600000,792.080,792.140,791.120,791.160,768.38,1790085659999,608321.83110,1747,337.11,266916.01820,0
1790085660000,791.150,791.600,790.790,791.600,587.23,1790085719999,464562.21900,1777,184.19,145722.02320,0
1790085720000,791.600,791.720,791.120,791.440,637.18,1790085779999,504183.40210,1342,160.78,127230.70450,0
1790085780000,791.440,791.440,790.820,790.820,233.49,1790085839999,184708.99130,887,51.83,40998.44320,0
1790085840000,790.810,791.200,790.580,790.710,489.42,1790085899999,387040.50490,1170,231.71,183245.72910,0
1790085900000,790.700,790.990,790.310,790.440,640.96,1790085959999,506755.85750,1381,253.59,200495.34380,0
1790085960000,790.430,790.430,789.670,789.850,1570.10,1790086019999,1240286.91800,1825,104.83,82822.32380,0
1790086020000,789.860,791.200,789.860,790.650,482.98,1790086079999,381872.26580,1744,204.01,161275.79710,0
1790086080000,790.650,790.670,789.920,790.420,385.35,1790086139999,304568.56490,1438,107.69,85116.94210,0
1790086140000,790.420,790.420,789.690,789.870,256.20,1790086199999,202400.91540,910,107.25,84740.31750,0
1790086200000,789.860,790.290,789.470,790.030,770.80,1790086259999,608859.23740,1457,283.57,224029.37720,0
1790086260000,790.030,791.300,789.950,790.930,295.38,1790086319999,233623.49240,1394,182.87,144629.62870,0
1790086320000,790.920,791.530,790.760,791.530,428.21,1790086379999,338839.37360,1227,265.80,210342.04220,0
1790086380000,791.540,792.300,790.860,791.750,847.41,1790086439999,670892.95480,2378,455.08,360343.12860,0
1790086440000,791.760,791.770,791.150,791.450,563.39,1790086499999,445944.65640,1161,124.04,98176.56430,0
1790086500000,791.460,791.640,790.740,790.740,238.22,1790086559999,188484.22640,1105,118.58,93836.45820,0
1790086560000,790.750,791.060,790.390,790.500,254.79,1790086619999,201444.72290,1223,103.55,81864.51710,0
1790086620000,790.500,790.500,789.640,789.860,316.32,1790086679999,249869.29360,1151,91.32,72134.73250,0
1790086680000,789.850,789.850,789.260,789.450,266.49,1790086739999,210383.26930,981,142.60,112572.75650,0
1790086740000,789.460,789.650,788.930,788.930,285.69,1790086799999,225468.50880,1029,85.19,67239.68580,0
1790086800000,788.940,789.000,788.510,788.630,565.72,1790086859999,446168.00070,1273,296.32,233696.91540,0
1790086860000,788.630,789.060,788.140,789.040,829.98,1790086919999,654335.13760,1683,516.17,406925.71100,0
1790086920000,789.050,789.290,788.320,788.710,288.77,1790086979999,227789.85370,1295,150.79,118950.18260,0
1790086980000,788.710,789.020,788.620,788.700,156.19,1790087039999,123195.04070,720,105.56,83260.47880,0
1790087040000,788.700,788.810,788.320,788.620,258.67,1790087099999,203997.58460,963,106.30,83830.72880,0
1790087100000,788.620,788.760,788.120,788.120,445.82,1790087159999,351476.93190,955,72.83,57414.41620,0
1790087160000,788.130,788.130,787.490,787.700,597.60,1790087219999,470802.24670,1430,117.65,92678.70090,0
1790087220000,787.690,787.910,787.310,787.900,297.84,1790087279999,234542.71660,1120,195.72,154124.41520,0
1790087280000,787.900,788.360,787.860,787.860,309.16,1790087339999,243654.45100,1087,143.05,112738.51310,0
1790087340000,787.850,787.860,787.050,787.050,434.71,1790087399999,342322.37000,1138,143.41,112940.49410,0
1790087400000,787.050,787.080,785.550,785.850,1569.08,1790087459999,1233935.16600,3150,461.49,362889.12930,0
1790087460000,785.850,786.400,784.850,785.860,2019.54,1790087519999,1586036.21260,3038,584.01,458807.85970,0
1790087520000,785.940,785.970,784.380,784.400,1573.68,1790087579999,1235264.36750,2908,515.23,404375.14580,0
1790087580000,784.390,785.110,784.030,784.870,1688.20,1790087639999,1324380.73060,2504,846.08,663714.32400,0
1790087640000,784.870,785.660,784.660,784.880,724.80,1790087699999,569173.67000,1791,432.71,339791.84940,0
1790087700000,784.890,785.060,780.340,781.420,6893.68,1790087759999,5392607.53990,6347,782.25,612361.66310,0
1790087760000,781.420,782.980,781.410,782.040,3310.41,1790087819999,2589142.30720,4884,1267.29,991119.18670,0
1790087820000,782.040,783.220,781.970,782.880,1375.31,1790087879999,1076320.66880,2947,787.38,616227.58410,0
1790087880000,782.870,784.100,782.720,783.760,697.87,1790087939999,546718.20850,1984,427.57,334944.36880,0
1790087940000,783.760,784.940,783.690,784.550,849.01,1790087999999,666001.87880,2112,586.23,459841.16610,0
1790088000000,784.560,785.250,783.750,785.250,1256.95,1790088059999,985977.73000,2637,924.75,725421.76660,0
1790088060000,785.150,785.170,783.790,783.940,636.87,1790088119999,499627.91120,1659,164.28,128883.49390,0
1790088120000,783.940,783.940,782.340,782.350,841.67,1790088179999,658987.68710,2253,308.31,241376.72900,0
1790088180000,782.350,782.920,782.180,782.720,1456.15,1790088239999,1139601.04960,1789,1153.61,902863.16950,0
1790088240000,782.710,783.560,782.400,783.110,451.03,1790088299999,353238.64740,1616,284.60,222888.75790,0
1790088300000,783.110,783.790,783.050,783.140,896.87,1790088359999,702596.13320,2073,385.12,301704.88790,0
1790088360000,783.150,783.960,782.880,783.960,625.69,1790088419999,490153.31570,1608,436.19,341691.52760,0
1790088420000,783.950,784.500,783.510,784.400,608.37,1790088479999,477051.73960,1591,443.69,347937.79920,0
1790088480000,784.410,784.550,784.040,784.550,291.26,1790088539999,228425.56190,1374,210.77,165298.99130,0
1790088540000,784.550,784.940,784.320,784.750,368.81,1790088599999,289393.93130,1243,250.69,196713.86040,0
1790088600000,784.750,785.330,784.750,785.320,553.82,1790088659999,434767.11880,1294,470.33,369223.72180,0
1790088660000,785.330,785.800,785.020,785.210,772.95,1790088719999,607132.21870,1525,655.61,514985.30200,0
1790088720000,785.220,785.410,784.880,785.020,209.37,1790088779999,164383.22010,1041,78.60,61710.46450,0
1790088780000,785.010,785.410,784.390,785.400,328.22,1790088839999,257641.16570,1168,228.50,179358.76650,0
1790088840000,785.410,785.560,785.160,785.520,239.07,1790088899999,187762.73830,868,116.83,91752.62790,0
1790088900000,785.530,786.400,785.530,786.400,415.02,1790088959999,326244.86080,1079,285.58,224487.47270,0
1790088960000,786.410,786.420,786.130,786.220,270.82,1790089019999,212930.27680,754,146.06,114832.48500,0
1790089020000,786.230,786.660,786.220,786.540,257.35,1790089079999,202396.30650,1038,154.53,121531.81510,0
1790089080000,786.540,787.180,786.480,786.990,1025.92,1790089139999,807295.95140,1313,917.16,721707.67190,0
1790089140000,786.990,787.530,786.950,787.290,691.67,1790089199999,544551.09310,1040,322.47,253874.57510,0
1790089200000,787.290,787.470,786.630,786.780,976.19,1790089259999,768297.46660,1679,156.63,123289.27250,0
1790089260000,786.780,787.350,786.760,787.350,329.39,1790089319999,259225.90570,1319,97.71,76899.26170,0
1790089320000,787.350,788.590,787.350,788.290,1124.67,1790089379999,886290.18840,1865,1009.18,795302.04430,0
1790089380000,788.300,788.370,787.400,787.690,322.38,1790089439999,253986.18180,1248,123.87,97570.21870,0
1790089440000,787.700,788.200,787.700,788.200,570.34,1790089499999,449362.42230,1024,261.08,205711.49400,0
1790089500000,788.200,788.760,787.880,788.300,1249.08,1790089559999,984761.34030,1774,471.53,371807.76480,0
1790089560000,788.300,788.710,787.900,788.010,341.29,1790089619999,269058.08780,1281,220.76,174043.85760,0
1790089620000,788.020,788.120,787.630,787.910,267.72,1790089679999,210930.33700,1180,159.82,125918.91000,0
1790089680000,787.920,788.310,787.920,788.300,359.24,1790089739999,283149.06440,968,175.25,138124.10050,0
1790089740000,788.310,788.570,787.310,787.830,666.51,1790089799999,525151.99270,1557,320.26,252371.00720,0
1790089800000,787.830,788.150,787.630,788.020,757.81,1790089859999,597080.29110,1144,627.64,494514.27490,0
1790089860000,788.020,788.150,787.590,788.150,623.24,1790089919999,491038.42560,1061,288.09,226973.26850,0
1790089920000,788.160,788.270,787.870,788.190,322.44,1790089979999,254097.74800,726,31.18,24571.89340,0
1790089980000,788.200,788.460,787.740,787.790,1045.90,1790090039999,824237.62500,1268,128.71,101440.42420,0
1790090040000,787.790,788.770,787.790,788.750,1506.17,1790090099999,1187410.96910,1493,839.41,661891.91260,0
1790090100000,788.750,788.970,788.160,788.160,507.77,1790090159999,400423.54240,921,189.97,149797.22010,0
1790090160000,788.170,788.520,788.120,788.410,114.07,1790090219999,89925.28360,661,66.84,52689.61680,0
1790090220000,788.420,788.560,787.760,787.950,271.62,1790090279999,214081.55400,1079,67.90,53518.82670,0
1790090280000,787.960,788.740,787.750,788.100,2321.87,1790090339999,1830089.46670,2344,2071.61,1632828.16100,0
1790090340000,788.100,789.100,788.100,789.000,862.52,1790090399999,680293.51500,1384,444.40,350448.65050,0
1790090400000,789.010,789.150,788.530,788.670,910.41,1790090459999,718234.48070,1122,344.10,271485.46780,0
1790090460000,788.690,789.470,788.570,789.470,264.18,1790090519999,208457.09510,989,152.09,120019.98410,0
1790090520000,789.470,790.260,789.470,790.100,526.27,1790090579999,415690.36590,1187,373.28,294844.83550,0
1790090580000,790.110,790.420,789.610,790.190,323.72,1790090639999,255768.61350,993,119.75,94617.22960,0
1790090640000,790.200,790.400,789.700,789.700,539.35,1790090699999,426193.99500,850,233.88,184835.44290,0
1790090700000,789.700,790.080,789.260,790.080,1234.59,1790090759999,974718.49630,1246,76.95,60762.14100,0
1790090760000,790.070,790.150,789.520,789.920,385.24,1790090819999,304248.17040,857,47.20,37284.54080,0
1790090820000,789.920,789.920,789.260,789.460,151.67,1790090879999,119749.31570,576,39.81,31423.94320,0
1790090880000,789.450,789.690,789.450,789.530,129.88,1790090939999,102553.61280,535,54.29,42866.39770,0
1790090940000,789.520,789.640,789.340,789.340,138.55,1790090999999,109385.48240,591,63.25,49936.59950,0
1790091000000,789.330,789.450,789.000,789.020,310.06,1790091059999,244683.03180,1006,129.79,102420.19420,0
1790091060000,789.030,789.300,788.890,789.200,251.17,1790091119999,198189.92820,890,108.79,85840.11020,0
1790091120000,789.200,789.640,789.200,789.400,651.02,1790091179999,513987.95240,844,58.79,46410.13990,0
1790091180000,789.390,789.620,789.350,789.400,400.36,1790091239999,316081.96120,796,171.81,135631.54130,0
1790091240000,789.400,789.400,788.690,789.070,264.45,1790091299999,208641.15810,842,116.54,91944.02040,0
1790091300000,789.070,789.330,788.630,788.760,478.24,1790091359999,377384.60280,976,306.01,241507.63740,0
1790091360000,788.750,789.710,788.750,789.530,595.68,1790091419999,470226.07400,1019,431.35,340527.10980,0
1790091420000,789.530,789.570,788.940,789.150,145.29,1790091479999,114652.35320,675,88.58,69895.76550,0
1790091480000,789.140,789.150,788.340,788.440,675.44,1790091539999,532634.04280,1197,184.44,145433.91050,0
1790091540000,788.430,788.980,788.430,788.660,1259.67,1790091599999,993564.51200,1138,503.23,396914.03000,0
1790091600000,788.660,789.490,788.660,788.900,1066.26,1790091659999,841318.26710,1169,469.26,370188.27290,0
1790091660000,788.910,789.230,788.620,789.230,128.30,1790091719999,101208.49060,542,82.42,65016.98630,0
1790091720000,789.230,790.150,789.170,789.560,873.92,1790091779999,690267.27440,1436,459.28,362779.04430,0
1790091780000,789.560,789.690,789.240,789.490,215.40,1790091839999,170048.55750,798,125.15,98791.60190,0
1790091840000,789.500,790.200,789.490,790.200,163.52,1790091899999,129156.76760,549,86.23,68108.94220,0
1790091900000,790.190,790.460,790.060,790.400,406.15,1790091959999,321001.37600,970,228.42,180532.29640,0
1790091960000,790.400,791.310,789.990,789.990,1072.54,1790092019999,848071.52390,2110,542.30,428854.88540,0
1790092020000,789.980,790.110,789.290,790.110,398.32,1790092079999,314524.35930,1204,140.77,111146.99560,0
1790092080000,790.120,790.420,790.030,790.370,290.68,1790092139999,229702.03810,927,89.80,70966.88450,0
1790092140000,790.370,790.560,790.020,790.020,339.22,1790092199999,268093.60120,847,180.82,142902.96640,0
1790092200000,790.020,790.020,789.280,789.330,301.06,1790092259999,237720.43140,980,140.84,111207.83020,0
1790092260000,789.320,789.320,788.800,788.940,273.57,1790092319999,215868.24520,878,70.73,55811.51130,0
1790092320000,788.960,789.180,788.580,789.000,431.11,1790092379999,340097.70950,963,168.06,132584.81790,0
1790092380000,789.000,789.130,788.250,788.450,319.82,1790092439999,252223.94720,875,51.68,40758.55030,0
1790092440000,788.440,788.690,788.440,788.440,157.90,1790092499999,124516.05210,568,67.72,53401.79680,0
1790092500000,788.440,788.570,788.250,788.300,269.28,1790092559999,212303.07680,983,61.75,48682.96120,0
1790092560000,788.300,788.610,788.150,788.420,443.38,1790092619999,349549.52920,964,207.04,163240.43820,0
1790092620000,788.420,788.430,788.060,788.140,388.82,1790092679999,306443.07050,825,256.85,202426.35100,0
1790092680000,788.140,788.550,788.140,788.290,191.74,1790092739999,151162.12740,925,67.43,53155.30860,0
1790092740000,788.290,788.470,788.160,788.370,182.81,1790092799999,144111.25970,656,115.97,91417.57210,0
1790092800000,788.360,788.420,788.080,788.250,385.96,1790092859999,304237.85750,933,187.69,147950.14930,0
1790092860000,788.250,788.620,787.980,788.060,467.34,1790092919999,368351.27450,1001,211.30,166554.68220,0
1790092920000,788.060,788.850,788.050,788.420,853.35,1790092979999,672915.79940,1190,553.69,436629.53160,0
1790092980000,788.410,789.060,788.210,789.060,305.04,1790093039999,240556.19780,886,79.52,62711.76630,0
1790093040000,789.070,789.070,787.970,788.140,366.59,1790093099999,289051.43480,1174,82.87,65344.29260,0
1790093100000,788.130,788.130,787.480,787.910,338.90,1790093159999,266959.74640,1302,139.90,110205.82280,0
1790093160000,787.920,788.460,787.390,788.440,329.41,1790093219999,259486.82450,1110,214.91,169288.89890,0
1790093220000,788.440,789.090,788.360,788.990,234.69,1790093279999,185143.31820,828,183.83,145017.90940,0
1790093280000,789.000,789.050,787.970,788.330,519.44,1790093339999,409564.83390,1082,123.09,97022.55190,0
1790093340000,788.330,788.460,787.870,787.890,109.32,1790093399999,86164.80960,622,42.83,33762.41440,0
1790093400000,787.890,787.950,787.270,787.330,275.45,1790093459999,216920.93960,961,64.69,50946.38920,0
1790093460000,787.330,787.330,786.680,787.130,693.30,1790093519999,545635.05860,1336,451.91,355668.66270,0
1790093520000,787.140,787.290,786.790,786.790,275.82,1790093579999,217072.48020,1021,89.69,70586.47410,0
1790093580000,786.790,786.830,786.270,786.300,428.92,1790093639999,337370.94420,994,44.27,34827.72210,0
1790093640000,786.300,786.810,786.120,786.640,508.29,1790093699999,399752.89360,1049,292.20,229825.69240,0
1790093700000,786.630,786.690,786.090,786.620,304.02,1790093759999,239071.05600,930,137.35,108006.90690,0
1790093760000,786.630,787.220,786.630,786.810,445.25,1790093819999,350408.68940,1196,244.06,192054.49490,0
1790093820000,786.810,786.850,786.290,786.300,195.13,1790093879999,153476.10190,717,73.49,57799.38030,0
1790093880000,786.300,786.340,785.810,785.960,321.47,1790093939999,252683.46560,1001,108.98,85659.74130,0
1790093940000,785.960,785.960,785.540,785.790,242.56,1790093999999,190583.93420,853,129.78,101969.85490,0
1790094000000,785.790,786.110,785.290,785.940,1044.46,1790094059999,820526.02950,1208,138.91,109154.27530,0
1790094060000,785.940,786.640,785.940,786.400,223.36,1790094119999,175652.94060,795,122.00,95933.15860,0
1790094120000,786.410,786.630,786.000,786.010,184.86,1790094179999,145385.76600,775,73.90,58120.97330,0
1790094180000,786.010,786.570,785.770,786.300,454.23,1790094239999,357113.63810,1216,310.85,244402.25400,0
1790094240000,786.300,786.480,786.160,786.480,217.56,1790094299999,171059.52690,797,75.57,59417.82640,0
1790094300000,786.470,787.120,786.440,786.480,785.79,1790094359999,618227.08350,1307,360.34,283471.39100,0
1790094360000,786.470,786.480,786.080,786.080,305.76,1790094419999,240413.30750,854,149.87,117839.37530,0
1790094420000,786.080,786.170,785.800,786.170,159.92,1790094479999,125692.71850,629,92.44,72654.42640,0
1790094480000,786.170,786.170,785.920,785.920,61.51,1790094539999,48349.99990,317,18.12,14243.21730,0
1790094540000,785.920,786.630,785.920,786.370,343.36,1790094599999,269976.48890,879,266.59,209594.02230,0
1790094600000,786.380,786.850,786.180,786.400,271.46,1790094659999,213514.10630,915,136.12,107062.63650,0
1790094660000,786.400,786.600,785.770,786.070,607.60,1790094719999,477741.24230,977,388.99,305888.46160,0
1790094720000,786.070,786.820,786.020,786.230,840.56,1790094779999,661095.76710,1239,548.60,431507.87920,0
1790094780000,786.230,786.570,785.780,786.570,283.04,1790094839999,222463.39120,821,129.01,101401.25830,0
1790094840000,786.570,786.940,786.020,786.840,280.88,1790094899999,220890.79170,821,170.26,133892.96510,0
1790094900000,786.830,786.840,786.320,786.590,380.15,1790094959999,299000.26270,745,108.26,85162.65100,0
1790094960000,786.600,786.760,786.450,786.580,135.90,1790095019999,106891.16130,754,67.63,53192.92130,0
1790095020000,786.580,786.790,786.530,786.550,126.74,1790095079999,99697.06100,632,91.16,71708.84560,0
1790095080000,786.540,787.020,786.540,787.010,286.34,1790095139999,225277.45820,576,270.19,212571.78090,0
1790095140000,787.020,787.080,786.670,787.080,548.16,1790095199999,431316.20870,831,121.97,95984.66830,0
1790095200000,787.080,788.120,787.080,788.100,1305.80,1790095259999,1028729.78520,1256,851.77,670963.74720,0
1790095260000,788.100,788.280,788.060,788.060,194.45,1790095319999,153261.06170,635,135.98,107175.47720,0
1790095320000,788.070,788.160,787.330,787.860,258.89,1790095379999,203973.14240,995,159.77,125875.77940,0
1790095380000,787.860,788.440,787.850,788.440,100.33,1790095439999,79072.09190,444,93.31,73539.53780,0
1790095440000,788.440,789.120,788.440,788.830,1425.69,1790095499999,1124693.35490,1182,854.09,673723.66110,0
1790095500000,788.840,789.150,788.620,789.020,378.99,1790095559999,298986.98710,761,182.05,143617.91040,0
1790095560000,789.010,789.020,788.490,788.490,488.62,1790095619999,385441.59770,902,148.88,117450.18450,0
1790095620000,788.490,788.490,788.400,788.400,148.00,1790095679999,116689.27800,308,21.23,16738.31890,0
1790095680000,788.400,789.250,788.060,788.570,391.07,1790095739999,308427.04660,1268,215.13,169687.45680,0
1790095740000,788.560,789.960,788.560,789.900,432.00,1790095799999,340991.61670,1260,386.39,304993.59980,0
1790095800000,789.910,791.050,789.890,791.010,1060.57,1790095859999,838338.03190,1601,733.68,579929.09170,0
1790095860000,791.010,791.370,790.470,791.340,2463.08,1790095919999,1948176.36140,1841,373.20,295205.16160,0
1790095920000,791.350,791.580,791.170,791.450,564.14,1790095979999,446431.20500,1179,345.15,273139.97330,0
1790095980000,791.410,791.650,791.000,791.080,692.28,1790096039999,547766.97950,881,122.52,96948.38820,0
1790096040000,791.090,791.090,789.440,790.980,3711.70,1790096099999,2933635.85120,2924,736.49,582186.28800,0
1790096100000,790.990,791.040,790.480,790.630,481.70,1790096159999,380897.71800,815,199.17,157472.20660,0
1790096160000,790.640,790.850,790.530,790.830,315.16,1790096219999,249189.29490,598,79.23,62648.18270,0
1790096220000,790.840,790.920,790.540,790.780,640.77,1790096279999,506704.78590,663,211.64,167355.60680,0
1790096280000,790.780,790.790,790.450,790.450,501.41,1790096339999,396409.63670,656,117.63,92995.01500,0
1790096340000,790.460,790.460,789.790,789.800,651.42,1790096399999,514695.10810,706,57.64,45534.66220,0
1790096400000,789.800,789.890,789.400,789.630,784.41,1790096459999,619374.91770,957,237.61,187609.64690,0
1790096460000,789.630,790.000,789.620,789.990,870.73,1790096519999,687725.50310,729,667.90,527519.35000,0
1790096520000,789.980,790.350,789.640,789.800,2733.68,1790096579999,2159604.59270,1363,2090.54,1651519.12750,0
1790096580000,789.790,790.340,789.790,790.330,2751.86,1790096639999,2173965.11140,877,2465.57,1947794.26540,0
1790096640000,790.330,790.380,790.010,790.020,521.65,1790096699999,412219.24400,829,100.39,79329.79320,0
1790096700000,790.020,790.500,790.020,790.360,1526.83,1790096759999,1206710.89150,1180,1363.44,1077580.62940,0
1790096760000,790.360,790.420,790.170,790.400,285.57,1790096819999,225703.69550,752,77.01,60863.32520,0
1790096820000,790.400,790.400,790.330,790.370,78.73,1790096879999,62225.95070,301,26.75,21142.03430,0
1790096880000,790.360,790.560,790.170,790.560,1655.02,1790096939999,1308158.31130,1101,1447.90,1144471.99470,0
1790096940000,790.550,790.550,789.530,789.700,1847.49,1790096999999,1459422.46260,1453,1037.42,819442.13350,0
1790097000000,789.700,789.980,789.700,789.970,190.24,1790097059999,150258.26590,519,86.02,67936.91760,0
1790097060000,789.980,790.460,789.910,790.430,2440.54,1790097119999,1928116.99320,1033,2054.66,1623198.06030,0
1790097120000,790.420,790.450,789.130,789.170,1203.97,1790097179999,950970.74930,1395,83.15,65684.28370,0
1790097180000,789.170,789.690,789.010,789.600,693.33,1790097239999,547241.53180,1065,403.32,318327.58450,0
1790097240000,789.610,789.830,788.790,789.540,2013.74,1790097299999,1589561.08130,1606,350.30,276573.86070,0
1790097300000,789.560,790.280,789.560,790.170,3113.75,1790097359999,2459876.25100,874,2916.51,2304042.38180,0
1790097360000,790.180,790.250,789.280,789.410,1051.54,1790097419999,830563.27440,1710,159.44,125911.58560,0
1790097420000,789.400,789.490,788.440,788.650,422.57,1790097479999,333380.74410,1238,62.43,49251.42760,0
1790097480000,788.660,788.800,788.010,788.030,663.83,1790097539999,523343.69450,1128,253.03,199488.76700,0
1790097540000,788.040,789.270,788.010,789.270,1027.67,1790097599999,810299.57770,1316,854.85,674073.68540,0
1790097600000,789.280,789.670,788.730,788.730,712.24,1790097659999,562039.86780,951,101.91,80430.69160,0
1790097660000,788.730,788.920,788.610,788.910,264.71,1790097719999,208800.92530,868,108.89,85892.26410,0
1790097720000,788.920,788.990,788.900,788.990,296.38,1790097779999,233835.42410,507,191.64,151198.68620,0
1790097780000,788.980,789.000,788.840,788.850,518.90,1790097839999,409397.60900,500,364.93,287921.33680,0
1790097840000,788.840,789.300,788.840,789.290,2064.09,1790097899999,1628578.33000,656,1954.99,1542493.84360,0
1790097900000,789.290,789.440,789.180,789.190,124.20,1790097959999,98029.63660,503,63.09,49794.08390,0
1790097960000,789.190,789.190,788.510,788.660,482.81,1790098019999,380810.71590,997,67.74,53426.62790,0
1790098020000,788.670,788.720,788.580,788.590,121.98,1790098079999,96198.15120,414,28.04,22113.17870,0
1790098080000,788.590,788.710,788.560,788.620,205.69,1790098139999,162215.59670,493,90.29,71205.96320,0
1790098140000,788.610,788.930,788.600,788.700,586.02,1790098199999,462222.78820,815,126.36,99667.23190,0
1790098200000,788.700,788.990,788.420,788.990,989.47,1790098259999,780460.69050,1162,807.47,636904.13360,0
1790098260000,788.990,789.320,788.970,789.300,2989.09,1790098319999,2358428.65800,1027,2826.82,2230374.84660,0
1790098320000,789.300,789.500,788.740,788.750,669.83,1790098379999,528576.28910,1081,74.74,58980.25430,0
1790098380000,788.750,789.000,788.740,788.990,707.44,1790098439999,558128.08860,948,348.58,275014.94290,0
1790098440000,788.990,789.260,788.490,788.560,2416.78,1790098499999,1906778.58360,1188,1945.24,1534777.60060,0
1790098500000,788.570,788.640,788.170,788.460,555.34,1790098559999,437829.80490,1190,131.62,103768.15250,0
1790098560000,788.470,788.650,788.210,788.220,405.40,1790098619999,319639.99390,716,123.12,97078.25260,0
1790098620000,788.220,788.380,787.870,787.870,419.02,1790098679999,330218.75380,1008,131.88,103940.02080,0
1790098680000,787.880,788.140,787.860,788.040,137.03,1790098739999,107980.21680,585,51.02,40203.00650,0
1790098740000,788.040,788.310,787.600,787.810,465.32,1790098799999,366598.01070,979,361.88,285098.99960,0
1790098800000,787.810,787.900,787.680,787.680,106.88,1790098859999,84204.46980,405,34.01,26794.21560,0
1790098860000,787.690,788.030,787.690,787.930,71.23,1790098919999,56123.26500,511,42.87,33775.79150,0
1790098920000,787.920,788.360,787.740,788.350,225.24,1790098979999,177501.64860,715,106.74,84112.14330,0
1790098980000,788.350,788.700,788.010,788.010,475.63,1790099039999,375000.60280,842,101.74,80215.73850,0
1790099040000,788.020,788.020,787.680,787.750,414.18,1790099099999,326339.36180,650,67.25,52980.80790,0
1790099100000,787.740,787.830,787.600,787.600,138.45,1790099159999,109062.13400,481,81.13,63910.04720,0
1790099160000,787.600,787.600,787.140,787.340,156.62,1790099219999,123311.61970,633,67.56,53188.14990,0
1790099220000,787.340,787.600,787.240,787.420,431.95,1790099279999,340135.38890,669,363.93,286574.63300,0
1790099280000,787.420,787.980,787.320,787.930,577.13,1790099339999,454595.86630,990,416.03,327685.54820,0
1790099340000,787.940,787.970,787.500,787.500,157.14,1790099399999,123793.35380,511,44.24,34849.34000,0
1790099400000,787.490,787.550,787.330,787.340,89.26,1790099459999,70287.48270,567,35.65,28072.51760,0
1790099460000,787.350,787.350,787.090,787.190,91.21,1790099519999,71802.00990,477,64.05,50419.54510,0
1790099520000,787.200,788.530,787.190,788.530,5384.83,1790099579999,4243251.16820,1439,5024.11,3959009.01400,0
1790099580000,788.520,788.530,787.900,787.900,297.11,1790099639999,234147.92270,687,105.91,83453.45610,0
1790099640000,787.900,789.040,787.900,788.430,1120.81,1790099699999,883783.79120,1699,857.96,676498.94300,0
1790099700000,788.430,788.730,788.020,788.710,268.96,1790099759999,212043.38670,972,170.01,134039.88140,0
1790099760000,788.720,789.340,788.630,789.340,323.69,1790099819999,255414.11920,861,223.00,175960.90320,0
1790099820000,789.340,789.390,789.170,789.180,201.65,1790099879999,159162.81650,489,97.86,77241.56760,0
1790099880000,789.170,789.170,788.800,788.880,140.31,1790099939999,110695.84380,684,62.46,49272.19690,0
1790099940000,788.880,789.010,788.630,789.010,422.70,1790099999999,333444.38300,869,177.13,139721.87810,0
1790100000000,789.010,789.200,788.460,788.520,1189.40,1790100059999,938180.98730,1076,334.75,264025.29690,0
1790100060000,788.530,788.590,788.080,788.270,478.31,1790100119999,377097.73070,744,104.62,82462.16620,0
1790100120000,788.270,788.580,787.920,788.270,373.35,1790100179999,294275.01610,1250,180.31,142135.05490,0
1790100180000,788.270,788.620,788.130,788.610,163.94,1790100239999,129242.55410,636,102.92,81130.92140,0
1790100240000,788.620,788.790,788.190,788.210,447.66,1790100299999,352967.16170,1185,177.88,140245.99770,0
1790100300000,788.210,788.660,788.210,788.520,143.79,1790100359999,113369.05750,819,67.92,53547.28640,0
1790100360000,788.520,788.670,788.160,788.410,261.60,1790100419999,206254.11760,868,179.16,141249.41220,0
1790100420000,788.410,788.460,788.210,788.250,176.05,1790100479999,138789.10670,660,57.39,45240.19820,0
1790100480000,788.260,788.540,788.090,788.330,354.66,1790100539999,279575.32530,1031,278.45,219502.02280,0
1790100540000,788.330,788.460,788.310,788.320,93.24,1790100599999,73508.55650,459,20.09,15838.08410,0
1790100600000,788.320,788.400,787.860,787.860,85.71,1790100659999,67550.24270,617,25.91,20421.16620,0
1790100660000,787.860,788.800,787.750,788.730,462.79,1790100719999,364815.09280,1160,368.35,290365.54740,0
1790100720000,788.720,788.930,788.620,788.740,135.85,1790100779999,107149.06380,785,61.04,48143.78680,0
1790100780000,788.750,788.770,788.470,788.730,101.56,1790100839999,80086.70620,688,49.92,39366.03950,0
1790100840000,788.720,788.860,788.180,788.280,214.01,1790100899999,168747.06180,952,72.17,56902.61640,0
1790100900000,788.290,788.750,788.240,788.570,92.75,1790100959999,73136.25510,671,54.35,42855.65860,0
1790100960000,788.570,788.910,788.530,788.910,255.03,1790101019999,201148.22720,832,113.04,89154.87230,0
1790101020000,788.910,788.960,788.650,788.790,464.69,1790101079999,366535.72270,593,36.09,28466.87140,0
1790101080000,788.790,789.010,788.740,788.930,260.36,1790101139999,205389.65520,803,137.82,108723.09410,0
1790101140000,788.930,789.010,788.520,788.520,749.94,1790101199999,591617.92490,917,401.13,316438.75240,0
1790101200000,788.520,788.610,788.320,788.570,185.98,1790101259999,146644.56170,692,54.71,43136.22820,0
1790101260000,788.570,788.770,788.180,788.230,265.72,1790101319999,209506.59380,1066,87.57,69044.48540,0
1790101320000,788.240,788.440,788.180,788.210,166.95,1790101379999,131615.46710,572,77.10,60782.40640,0
1790101380000,788.210,788.440,788.210,788.260,228.57,1790101439999,180194.87430,673,112.53,88711.42590,0
1790101440000,788.260,788.390,787.910,787.920,157.76,1790101499999,124335.34440,695,44.75,35270.42300,0
1790101500000,787.910,787.920,786.750,786.900,907.83,1790101559999,714724.78330,1455,99.15,78059.80180,0
1790101560000,786.910,787.380,786.790,787.380,198.94,1790101619999,156576.65020,745,105.37,82931.54990,0
1790101620000,787.380,787.380,786.520,786.670,408.17,1790101679999,321205.64880,825,49.79,39174.26160,0
1790101680000,786.670,786.770,786.470,786.490,270.11,1790101739999,212461.30040,690,151.00,118773.74080,0
1790101740000,786.480,786.910,786.360,786.360,410.89,1790101799999,323237.35010,743,297.19,233789.40690,0
1790101800000,786.370,786.560,786.210,786.510,231.99,1790101859999,182425.25520,739,68.92,54195.62950,0
1790101860000,786.510,786.940,786.460,786.820,302.42,1790101919999,237917.29160,875,110.29,86771.52350,0
1790101920000,786.830,787.030,786.240,786.510,557.71,1790101979999,438692.30830,1057,64.27,50552.71410,0
1790101980000,786.510,786.630,786.320,786.320,147.98,1790102039999,116393.98390,450,73.04,57451.53080,0
1790102040000,786.320,786.580,786.200,786.330,242.26,1790102099999,190516.93260,850,131.43,103353.94940,0
1790102100000,786.340,786.580,786.220,786.580,154.76,1790102159999,121700.74730,512,39.40,30982.07710,0
1790102160000,786.580,786.780,785.960,786.020,465.78,1790102219999,366206.14270,1004,72.12,56715.44740,0
1790102220000,786.020,786.480,786.020,786.300,107.76,1790102279999,84722.57120,461,72.85,57273.39740,0
1790102280000,786.310,786.740,786.160,786.740,260.29,1790102339999,204705.62890,781,122.07,96009.96780,0
1790102340000,786.730,787.080,786.600,787.080,102.30,1790102399999,80491.52620,598,58.83,46289.96200,0
1790102400000,787.080,787.090,786.860,787.040,158.26,1790102459999,124551.51460,409,49.81,39199.19090,0
1790102460000,787.040,787.190,786.800,787.060,437.66,1790102519999,344453.62930,790,289.79,228086.69500,0
1790102520000,787.050,787.480,787.050,787.390,142.99,1790102579999,112583.81820,456,140.69,110773.40070,0
1790102580000,787.390,787.390,786.970,787.160,238.85,1790102639999,188036.36070,580,148.30,116746.93100,0
1790102640000,787.160,787.160,786.990,786.990,156.09,1790102699999,122846.98610,217,113.84,89593.64060,0
1790102700000,786.990,787.520,786.990,787.520,212.99,1790102759999,167670.22540,700,108.87,85703.51110,0
1790102760000,787.520,787.730,787.520,787.710,260.30,1790102819999,205019.58200,558,139.71,110036.24340,0
1790102820000,787.700,787.710,787.440,787.680,63.28,1790102879999,49838.90970,372,19.15,15080.85520,0
1790102880000,787.670,787.810,787.670,787.670,176.20,1790102939999,138801.78970,455,39.47,31092.04710,0
1790102940000,787.670,788.000,787.650,787.660,332.13,1790102999999,261675.08410,647,150.53,118597.69440,0
1790103000000,787.660,787.850,787.240,787.340,181.69,1790103059999,143075.07730,779,90.09,70946.62100,0
1790103060000,787.350,787.450,787.320,787.320,61.51,1790103119999,48431.94150,271,43.32,34109.28970,0
1790103120000,787.330,787.560,787.160,787.500,355.12,1790103179999,279625.73360,618,254.51,200410.18560,0
1790103180000,787.500,787.700,787.330,787.700,308.23,1790103239999,242724.32240,652,199.37,157005.47720,0
1790103240000,787.700,787.700,787.440,787.660,117.15,1790103299999,92268.81990,475,31.60,24887.89390,0
1790103300000,787.660,788.190,787.650,787.750,468.77,1790103359999,369343.11290,1002,156.27,123120.09790,0
1790103360000,787.760,787.860,787.550,787.550,146.86,1790103419999,115678.51480,421,42.16,33208.21340,0
1790103420000,787.560,787.860,787.550,787.740,193.72,1790103479999,152605.19490,458,108.61,85556.97960,0
1790103480000,787.740,787.990,787.540,787.590,964.88,1790103539999,760043.98740,1035,81.82,64452.57410,0
1790103540000,787.590,787.840,787.460,787.810,459.96,1790103599999,362283.95490,812,191.97,151208.35200,0
1790103600000,787.810,788.720,787.810,788.680,374.43,1790103659999,295150.68290,1054,256.52,202198.43610,0
1790103660000,788.680,789.130,788.620,789.130,488.39,1790103719999,385246.84050,1208,375.60,296279.32660,0
1790103720000,789.130,789.330,788.870,789.220,466.52,1790103779999,368107.69290,1210,329.53,260015.47070,0
1790103780000,789.220,789.230,788.710,788.780,343.47,1790103839999,271010.97820,680,165.28,130406.22540,0
1790103840000,788.780,788.970,788.770,788.970,107.63,1790103899999,84906.50430,385,35.31,27855.25710,0
1790103900000,788.970,789.230,788.700,788.810,290.26,1790103959999,229029.18540,728,192.04,151535.86600,0
1790103960000,788.810,789.420,788.810,789.420,165.22,1790104019999,130383.63860,836,116.41,91862.83310,0
1790104020000,789.420,789.530,789.220,789.270,245.35,1790104079999,193665.15850,682,120.58,95175.71410,0
1790104080000,789.270,789.280,788.780,788.860,207.03,1790104139999,163349.48600,776,101.66,80213.11510,0
1790104140000,788.850,789.160,788.660,789.110,677.86,1790104199999,534744.06220,910,521.16,411120.08230,0
1790104200000,789.110,789.150,788.890,788.890,119.82,1790104259999,94549.25930,312,16.36,12909.62400,0
1790104260000,788.890,789.210,788.850,789.080,411.96,1790104319999,325032.11500,649,200.96,158562.45890,0
1790104320000,789.080,789.220,788.990,789.210,71.87,1790104379999,56708.44190,506,31.55,24894.80700,0
1790104380000,789.210,789.230,788.930,788.990,287.60,1790104439999,226938.02830,580,74.76,58988.32090,0
1790104440000,789.000,789.150,788.680,788.820,245.53,1790104499999,193709.17760,613,28.20,22247.32040,0
1790104500000,788.820,789.160,788.810,789.160,105.23,1790104559999,83025.39050,635,53.01,41823.45100,0
1790104560000,789.170,789.620,789.150,789.620,150.29,1790104619999,118633.53470,658,114.21,90153.56060,0
1790104620000,789.610,789.700,789.300,789.500,457.44,1790104679999,361165.25150,961,132.72,104790.52850,0
1790104680000,789.510,790.000,789.490,789.860,213.85,1790104739999,168874.93270,723,142.64,112646.80660,0
1790104740000,789.860,790.340,789.850,790.270,347.38,1790104799999,274487.04180,899,213.81,168943.49690,0
1790104800000,790.280,790.280,789.590,789.730,433.20,1790104859999,342230.42750,961,61.80,48819.83990,0
1790104860000,789.730,789.880,789.610,789.760,209.48,1790104919999,165428.57450,483,25.37,20035.64670,0
1790104920000,789.760,789.760,789.510,789.510,110.57,1790104979999,87306.24060,395,19.39,15310.28110,0
1790104980000,789.500,789.500,789.290,789.310,125.69,1790105039999,99212.59440,382,17.15,13537.22220,0
1790105040000,789.310,789.520,789.180,789.370,93.14,1790105099999,73519.04980,449,44.68,35267.46920,0
1790105100000,789.370,789.990,789.360,789.740,231.21,1790105159999,182586.87020,708,63.34,50021.01290,0
1790105160000,789.740,789.900,789.260,789.500,268.17,1790105219999,211746.52420,677,36.58,28878.60730,0
1790105220000,789.500,789.760,789.490,789.730,263.76,1790105279999,208271.48810,605,54.37,42929.33870,0
1790105280000,789.720,790.120,789.720,789.740,139.29,1790105339999,110021.59970,601,59.56,47043.21740,0
1790105340000,789.740,789.840,789.470,789.840,175.03,1790105399999,138224.35670,650,58.04,45837.01910,0
1790105400000,789.840,790.060,789.590,789.720,191.27,1790105459999,151083.36180,640,61.36,48465.28600,0
1790105460000,789.710,789.710,789.400,789.410,87.04,1790105519999,68720.86340,448,14.25,11250.15210,0
1790105520000,789.410,789.850,789.140,789.480,1377.88,1790105579999,1087721.24720,1270,968.79,764829.97650,0
1790105580000,789.490,789.790,789.290,789.300,1009.45,1790105639999,796999.42630,1124,893.26,705265.14480,0
1790105640000,789.290,789.670,789.000,789.630,491.66,1790105699999,388035.72010,1127,292.65,230957.60120,0
1790105700000,789.640,789.770,789.100,789.110,408.65,1790105759999,322598.07260,835,56.15,44328.96030,0
1790105760000,789.110,789.220,788.710,788.750,226.39,1790105819999,178623.48650,934,43.53,34340.75190,0
1790105820000,788.750,788.930,787.930,787.940,442.11,1790105879999,348593.85480,1102,47.41,37384.89530,0
1790105880000,787.930,787.990,787.560,787.680,249.09,1790105939999,196225.11680,809,64.72,50980.54150,0
1790105940000,787.670,788.360,787.600,787.940,580.63,1790105999999,457570.22290,1354,355.43,280076.99700,0
1790106000000,787.940,788.240,787.940,788.190,83.46,1790106059999,65773.74500,416,48.65,38339.23260,0
1790106060000,788.190,788.440,787.580,788.090,408.52,1790106119999,321967.71140,1192,257.48,202945.89710,0
1790106120000,788.080,788.460,788.080,788.450,180.73,1790106179999,142441.82300,547,46.09,36326.22290,0
1790106180000,788.450,788.450,787.260,787.540,2108.02,1790106239999,1660995.55590,1941,116.35,91652.28950,0
1790106240000,787.540,787.540,787.060,787.510,337.93,1790106299999,266070.99280,803,42.10,33144.50820,0
1790106300000,787.510,787.790,787.500,787.500,127.10,1790106359999,100107.75900,542,45.99,36223.59880,0
1790106360000,787.510,787.830,787.510,787.650,100.10,1790106419999,78851.23610,591,65.85,51871.09790,0
1790106420000,787.650,787.650,787.000,787.010,351.82,1790106479999,276988.10060,699,25.99,20456.97570,0
1790106480000,787.000,787.850,786.920,787.290,2823.84,1790106539999,2223444.07560,2252,2380.16,1874124.27850,0
1790106540000,787.290,787.350,787.120,787.340,89.99,1790106599999,70845.18520,435,36.55,28772.48290,0
1790106600000,787.330,787.330,786.860,786.920,381.15,1790106659999,299962.55910,751,235.63,185435.23290,0
1790106660000,786.910,786.910,786.660,786.890,110.20,1790106719999,86704.30360,526,44.41,34938.74190,0
1790106720000,786.890,787.290,786.890,787.000,167.79,1790106779999,132075.50570,737,71.76,56486.45770,0
1790106780000,787.000,787.000,786.260,786.260,258.05,1790106839999,202975.94560,885,47.94,37708.52810,0
1790106840000,786.260,786.280,786.000,786.020,275.33,1790106899999,216435.89350,642,70.96,55778.99890,0
1790106900000,786.010,786.300,785.840,786.100,315.43,1790106959999,247943.83470,890,100.74,79186.20040,0
1790106960000,786.100,786.430,786.000,786.420,164.18,1790107019999,129079.74770,718,67.11,52763.77690,0
1790107020000,786.420,786.600,786.380,786.420,271.90,1790107079999,213849.70300,653,122.97,96716.11440,0
1790107080000,786.420,786.790,786.240,786.470,330.50,1790107139999,259972.48210,741,172.35,135572.23450,0
1790107140000,786.470,786.790,786.250,786.730,414.55,1790107199999,326031.51730,1108,269.28,211781.59230,0
1790107200000,786.740,786.870,786.580,786.640,110.77,1790107259999,87146.12460,633,35.98,28304.52010,0
1790107260000,786.640,786.770,786.360,786.450,135.10,1790107319999,106262.00410,890,58.76,46216.22460,0
1790107320000,786.450,786.630,786.110,786.620,292.03,1790107379999,229641.29990,850,145.08,114093.10330,0
1790107380000,786.620,787.200,786.620,787.060,281.44,1790107439999,221486.77400,952,189.90,149444.75860,0
1790107440000,787.070,787.110,786.950,787.060,119.16,1790107499999,93783.00370,497,80.96,63717.64630,0
1790107500000,787.070,787.160,786.720,786.750,195.55,1790107559999,153887.70890,736,48.63,38268.12610,0
1790107560000,786.740,786.750,786.150,786.150,400.28,1790107619999,314813.17570,854,90.06,70823.00780,0
1790107620000,786.160,786.410,786.150,786.320,122.90,1790107679999,96633.34140,629,75.31,59213.13800,0
1790107680000,786.330,786.480,786.330,786.410,110.89,1790107739999,87206.84540,503,45.94,36127.77020,0
1790107740000,786.410,786.440,785.760,785.790,175.90,1790107799999,138264.28160,694,44.25,34779.29490,0
1790107800000,785.780,786.020,785.780,785.980,236.44,1790107859999,185814.50100,682,91.81,72153.35980,0
1790107860000,785.980,786.000,785.360,785.530,440.98,1790107919999,346419.93190,1010,70.15,55101.50230,0
1790107920000,785.530,785.850,785.400,785.770,155.60,1790107979999,122250.25860,763,109.39,85946.95210,0
1790107980000,785.770,785.790,785.630,785.660,109.16,1790108039999,85768.28130,450,75.78,59542.76950,0
1790108040000,785.660,785.670,785.410,785.460,145.40,1790108099999,114212.01530,448,66.51,52239.38940,0
1790108100000,785.450,785.760,785.370,785.760,238.03,1790108159999,186993.82240,693,122.13,95942.69110,0
1790108160000,785.770,785.920,785.350,785.350,84.57,1790108219999,66442.73520,561,39.06,30686.58570,0
1790108220000,785.350,785.560,785.100,785.110,165.50,1790108279999,129975.16170,622,68.71,53967.16580,0
1790108280000,785.100,785.260,785.000,785.220,361.62,1790108339999,283905.17980,1049,128.77,101097.07780,0
1790108340000,785.230,785.650,785.010,785.010,118.79,1790108399999,93284.45420,692,60.09,47187.88190,0
1790108400000,785.010,785.710,784.960,785.710,219.45,1790108459999,172301.95770,699,76.06,59733.42150,0
1790108460000,785.700,786.090,785.670,786.090,144.53,1790108519999,113579.23830,513,111.63,87722.76430,0
1790108520000,786.090,786.410,786.080,786.300,270.84,1790108579999,212953.91810,710,121.67,95660.46700,0
1790108580000,786.290,786.290,785.780,785.780,209.87,1790108639999,164968.43740,574,67.76,53265.94080,0
1790108640000,785.780,786.670,785.720,786.590,298.61,1790108699999,234781.53860,830,215.86,169713.25420,0
1790108700000,786.600,786.600,786.410,786.560,88.59,1790108759999,69672.54060,329,38.21,30050.63960,0
1790108760000,786.550,787.080,786.550,786.960,343.14,1790108819999,270000.14540,802,252.87,198964.34840,0
1790108820000,786.950,787.010,786.760,787.000,125.50,1790108879999,98750.70210,480,59.53,46842.10170,0
1790108880000,787.000,787.200,787.000,787.150,344.74,1790108939999,271332.92930,519,307.76,242229.02290,0
1790108940000,787.150,787.600,787.150,787.340,502.70,1790108999999,395828.46080,815,222.39,175105.73350,0
1790109000000,787.330,787.340,786.280,786.280,391.53,1790109059999,308071.44370,782,36.94,29060.62860,0
1790109060000,786.290,786.290,785.790,785.930,134.25,1790109119999,105520.59430,438,34.89,27418.13220,0
1790109120000,785.930,786.010,785.700,785.710,106.27,1790109179999,83515.98320,464,12.18,9572.58210,0
1790109180000,785.710,786.630,785.700,786.260,502.25,1790109239999,394886.70180,914,333.99,262567.03020,0
1790109240000,786.270,786.750,786.260,786.530,306.19,1790109299999,240829.28230,846,255.71,201122.47330,0
1790109300000,786.530,786.570,786.490,786.560,80.44,1790109359999,63269.82850,194,36.39,28622.05760,0
1790109360000,786.550,786.790,786.550,786.730,106.64,1790109419999,83888.26600,511,86.17,67784.54750,0
1790109420000,786.730,786.740,786.500,786.500,129.34,1790109479999,101743.96100,475,97.12,76397.82200,0
1790109480000,786.500,786.510,786.220,786.230,56.30,1790109539999,44272.43880,303,3.50,2752.29310,0
1790109540000,786.230,786.310,786.220,786.260,51.30,1790109599999,40335.69650,243,25.13,19758.44710,0
1790109600000,786.260,786.260,786.220,786.220,34.11,1790109659999,26818.68460,176,18.38,14451.09400,0
1790109660000,786.230,786.230,786.080,786.120,120.84,1790109719999,94997.16410,347,25.53,20069.43050,0
1790109720000,786.120,786.300,786.110,786.290,95.02,1790109779999,74706.97650,224,65.61,51582.26680,0
1790109780000,786.290,786.390,786.120,786.120,74.15,1790109839999,58304.19020,390,31.38,24674.31440,0
1790109840000,786.120,786.130,786.100,786.110,22.40,1790109899999,17608.98490,168,2.32,1823.79190,0
1790109900000,786.100,786.110,785.670,785.670,91.81,1790109959999,72154.47410,423,15.22,11961.95700,0
1790109960000,785.670,785.830,785.670,785.720,84.49,1790110019999,66389.47540,388,31.45,24710.83660,0
1790110020000,785.720,785.730,785.640,785.640,51.97,1790110079999,40832.44500,302,24.12,18950.84800,0
1790110080000,785.640,785.640,785.400,785.470,142.60,1790110139999,112016.78940,474,37.16,29190.07980,0
1790110140000,785.460,785.820,785.460,785.820,283.80,1790110199999,222962.53150,583,245.72,193044.19100,0
1790110200000,785.820,785.870,785.810,785.870,19.52,1790110259999,15339.31300,181,15.72,12353.19800,0
1790110260000,785.870,785.870,785.430,785.710,331.11,1790110319999,260137.57400,585,48.67,38233.97410,0
1790110320000,785.720,785.720,785.340,785.370,204.88,1790110379999,160931.89110,528,14.85,11663.45840,0
1790110380000,785.370,785.420,785.330,785.340,95.52,1790110439999,75017.75390,297,14.33,11254.49610,0
1790110440000,785.340,785.340,785.050,785.200,168.91,1790110499999,132620.32790,566,73.39,57618.72770,0
1790110500000,785.200,785.530,785.200,785.520,162.90,1790110559999,127942.02580,444,124.75,97978.24020,0
1790110560000,785.520,785.550,785.460,785.470,75.72,1790110619999,59480.24630,272,8.47,6653.38590,0
1790110620000,785.460,785.660,785.320,785.330,104.10,1790110679999,81776.01780,445,35.16,27620.09610,0
1790110680000,785.330,785.400,785.230,785.400,80.97,1790110739999,63584.10270,340,20.07,15760.61650,0
1790110740000,785.400,785.400,784.170,785.330,2248.65,1790110799999,1764536.94830,2270,266.64,209298.43640,0
1790110800000,785.320,785.490,785.320,785.350,107.49,1790110859999,84423.28390,516,45.12,35436.61240,0
1790110860000,785.360,785.680,785.350,785.680,129.62,1790110919999,101812.08630,596,54.84,43076.35060,0
1790110920000,785.680,786.160,785.680,786.160,122.36,1790110979999,96165.44930,812,112.43,88361.51090,0
1790110980000,786.150,786.210,785.450,785.590,388.23,1790111039999,305111.62650,963,60.28,47362.78850,0
1790111040000,785.580,785.780,785.580,785.630,70.87,1790111099999,55680.97530,508,35.27,27710.34040,0
1790111100000,785.620,785.690,785.580,785.680,166.48,1790111159999,130795.45280,625,45.50,35746.51280,0
1790111160000,785.680,785.680,785.410,785.410,53.72,1790111219999,42203.43900,253,7.44,5845.31330,0
1790111220000,785.420,785.820,785.360,785.790,355.38,1790111279999,279156.90160,874,284.66,223606.79080,0
1790111280000,785.790,785.830,785.790,785.830,22.97,1790111339999,18050.12350,182,19.55,15362.63090,0
1790111340000,785.820,785.970,785.360,785.410,1509.62,1790111399999,1186007.94740,2018,1166.94,916752.74460,0
1790111400000,785.410,785.420,785.110,785.110,161.23,1790111459999,126614.65390,604,38.57,30287.97840,0
1790111460000,785.120,785.470,785.120,785.460,112.69,1790111519999,88487.89760,576,49.42,38808.10190,0
1790111520000,785.470,785.470,785.020,785.080,693.20,1790111579999,544385.42720,677,23.28,18279.63880,0
1790111580000,785.080,785.330,784.560,785.180,637.57,1790111639999,500430.88030,937,81.84,64256.49190,0
1790111640000,785.170,785.210,785.170,785.210,31.90,1790111699999,25047.80330,241,11.46,8998.32790,0
1790111700000,785.210,785.210,785.010,785.050,75.05,1790111759999,58921.31700,337,12.16,9546.10800,0
1790111760000,785.060,785.110,784.930,784.950,112.95,1790111819999,88665.53960,406,32.12,25216.31600,0
1790111820000,784.940,785.340,784.940,785.310,109.52,1790111879999,85993.93130,559,51.94,40779.58900,0
1790111880000,785.310,785.340,785.230,785.330,70.66,1790111939999,55486.86640,339,39.85,31292.45770,0
1790111940000,785.330,785.530,784.720,785.060,1930.60,1790111999999,1515771.41240,1815,200.50,157431.25810,0
1790112000000,785.070,785.260,785.060,785.130,52.15,1790112059999,40948.17090,380,35.40,27795.64190,0
1790112060000,785.130,785.140,784.910,784.980,109.36,1790112119999,85848.85340,445,39.72,31178.92180,0
1790112120000,784.990,785.300,784.980,785.280,314.53,1790112179999,246962.41320,596,284.63,223487.16790,0
1790112180000,785.290,785.860,785.110,785.560,374.88,1790112239999,294459.85780,847,277.08,217638.99550,0
1790112240000,785.570,785.770,785.520,785.720,205.87,1790112299999,161739.58810,509,128.13,100662.05970,0
1790112300000,785.720,785.740,785.560,785.560,75.82,1790112359999,59572.65670,259,52.34,41124.62530,0
1790112360000,785.570,785.570,785.040,785.050,143.09,1790112419999,112364.31070,380,13.34,10477.71500,0
1790112420000,785.040,785.480,785.040,785.390,281.61,1790112479999,221140.32440,743,220.57,173203.97510,0
1790112480000,785.400,785.640,785.400,785.580,201.93,1790112539999,158622.13610,362,150.89,118531.64750,0
1790112540000,785.590,785.660,785.250,785.360,300.77,1790112599999,236244.62630,459,97.16,76330.07270,0
1790112600000,785.360,785.410,785.300,785.300,76.71,1790112659999,60246.10580,238,38.03,29867.64020,0
1790112660000,785.310,785.490,785.300,785.480,47.26,1790112719999,37116.22800,277,45.75,35930.30780,0
1790112720000,785.490,785.720,785.250,785.480,470.12,1790112779999,369260.77630,976,188.05,147702.29790,0
1790112780000,785.480,785.490,785.400,785.410,160.75,1790112839999,126256.53060,212,104.76,82279.62830,0
1790112840000,785.420,785.500,785.420,785.480,69.17,1790112899999,54331.54750,215,27.42,21537.51280,0
1790112900000,785.480,785.540,785.390,785.540,109.58,1790112959999,86070.39680,305,23.70,18615.49290,0
1790112960000,785.530,785.650,785.140,785.640,480.10,1790113019999,377049.85310,854,253.72,199255.65010,0
1790113020000,785.650,785.730,785.630,785.640,104.00,1790113079999,81711.68300,335,24.35,19131.37520,0
1790113080000,785.650,785.650,785.400,785.470,245.81,1790113139999,193080.32230,589,185.02,145329.60340,0
1790113140000,785.470,785.660,785.460,785.530,186.01,1790113199999,146113.86690,374,149.79,117659.72530,0
1790113200000,785.520,785.520,784.920,784.920,321.69,1790113259999,252583.69800,417,12.98,10191.30210,0
1790113260000,784.920,785.050,784.910,785.040,87.56,1790113319999,68731.53720,435,32.61,25597.63310,0
1790113320000,785.040,785.120,784.740,784.800,169.48,1790113379999,133025.56650,395,91.06,71473.62150,0
1790113380000,784.810,784.820,784.470,784.500,262.09,1790113439999,205661.73000,589,57.21,44892.35560,0
1790113440000,784.500,784.810,784.490,784.810,29.01,1790113499999,22763.89800,249,19.72,15473.94470,0
1790113500000,784.800,784.810,784.800,784.810,38.16,1790113559999,29948.17750,175,22.35,17540.48950,0
1790113560000,784.800,785.110,784.800,785.100,67.20,1790113619999,52748.77290,369,49.89,39158.99040,0
1790113620000,785.110,785.160,785.100,785.160,51.61,1790113679999,40519.46810,343,47.02,36915.83810,0
1790113680000,785.160,785.260,785.150,785.150,95.62,1790113739999,75081.04440,338,34.04,26727.88030,0
1790113740000,785.150,785.420,785.110,785.420,50.59,1790113799999,39723.75430,353,43.92,34486.70980,0
1790113800000,785.410,785.470,785.400,785.410,58.25,1790113859999,45751.78680,245,42.98,33758.16190,0
1790113860000,785.410,785.480,785.400,785.480,47.72,1790113919999,37481.48160,257,45.28,35564.98420,0
1790113920000,785.470,785.480,785.110,785.110,112.21,1790113979999,88121.23160,402,22.78,17890.27900,0
1790113980000,785.110,785.400,785.070,785.340,329.14,1790114039999,258445.86260,676,257.91,202515.30800,0
1790114040000,785.330,785.340,785.060,785.060,78.24,1790114099999,61429.69360,279,10.62,8338.34290,0
1790114100000,785.070,785.180,785.060,785.070,123.44,1790114159999,96918.72340,326,39.57,31067.64850,0
1790114160000,785.060,785.280,785.040,785.090,271.68,1790114219999,213318.47070,457,173.23,136019.66240,0
1790114220000,785.080,785.230,784.660,784.760,292.15,1790114279999,229313.91020,716,104.51,82026.57040,0
1790114280000,784.760,784.840,784.680,784.690,503.11,1790114339999,394830.42530,691,446.29,350241.03380,0
1790114340000,784.680,784.720,784.540,784.550,324.30,1790114399999,254460.56770,564,268.71,210844.14060,0
1790114400000,784.550,785.290,784.500,785.290,540.97,1790114459999,424570.55300,1083,483.10,379152.85640,0
1790114460000,785.290,785.430,784.690,784.750,236.95,1790114519999,186025.25630,898,97.86,76826.50910,0
1790114520000,784.750,784.750,783.410,783.930,1025.65,1790114579999,804097.20510,1977,161.14,126315.94770,0
1790114580000,783.930,784.560,782.650,784.510,1074.41,1790114639999,841824.39280,2662,527.48,413330.87940,0
1790114640000,784.520,784.600,783.560,783.720,264.47,1790114699999,207378.63840,1399,95.49,74878.39990,0
1790114700000,783.720,784.640,783.640,784.640,189.36,1790114759999,148476.07440,970,135.55,106298.48760,0
1790114760000,784.640,785.330,784.640,785.100,187.41,1790114819999,147121.92910,957,119.33,93671.94800,0
1790114820000,785.100,785.100,784.360,784.380,109.98,1790114879999,86287.91530,633,47.72,37436.25470,0
1790114880000,784.380,784.500,783.940,784.500,283.79,1790114939999,222536.01020,995,134.28,105309.65580,0
1790114940000,784.490,784.800,783.960,783.980,368.67,1790114999999,289119.63770,909,118.81,93178.59130,0
1790115000000,783.990,784.050,783.720,783.800,95.72,1790115059999,75027.94760,438,27.78,21776.74370,0
1790115060000,783.810,784.040,783.750,783.760,183.56,1790115119999,143887.41920,660,56.62,44381.33240,0
1790115120000,783.760,783.840,783.440,783.640,212.86,1790115179999,166815.62210,840,64.32,50407.18940,0
1790115180000,783.650,783.770,783.130,783.590,235.91,1790115239999,184818.29480,789,74.64,58474.35880,0
1790115240000,783.590,783.940,783.470,783.940,72.65,1790115299999,56931.40940,497,32.34,25344.22770,0
1790115300000,783.940,784.320,783.740,784.320,129.11,1790115359999,101230.22570,651,85.29,66875.13580,0
1790115360000,784.320,784.350,784.060,784.230,89.86,1790115419999,70467.96670,667,31.40,24623.84660,0
1790115420000,784.240,784.730,784.240,784.500,369.89,1790115479999,290173.09570,864,147.88,116004.49510,0
1790115480000,784.500,785.080,784.390,785.070,201.18,1790115539999,157886.22820,839,160.62,126061.46980,0
1790115540000,785.080,785.720,784.900,785.480,488.35,1790115599999,383489.67530,1299,297.80,233873.87840,0
1790115600000,785.490,785.740,785.410,785.410,237.68,1790115659999,186715.82960,670,157.52,123740.66070,0
1790115660000,785.420,785.730,785.290,785.720,98.13,1790115719999,77083.63160,565,81.93,64359.85660,0
1790115720000,785.720,785.870,785.260,785.380,1226.17,1790115779999,963189.91330,1811,197.59,155213.51280,0
1790115780000,785.400,785.560,784.910,785.030,1186.65,1790115839999,931812.54440,1702,348.77,273874.08020,0
1790115840000,785.040,785.040,784.800,784.950,572.39,1790115899999,449271.68460,934,239.66,188103.45440,0
1790115900000,784.950,785.250,784.900,785.140,171.65,1790115959999,134758.49910,524,114.10,89572.43220,0
1790115960000,785.150,785.510,785.140,785.460,160.16,1790116019999,125783.44850,578,86.21,67701.64380,0
1790116020000,785.460,785.460,785.160,785.170,56.77,1790116079999,44576.77450,344,19.55,15350.20650,0
1790116080000,785.180,785.220,785.110,785.160,45.76,1790116139999,35928.32770,307,13.84,10866.30680,0
1790116140000,785.170,785.220,785.160,785.220,57.53,1790116199999,45171.66990,269,42.22,33150.12460,0
1790116200000,785.220,785.410,785.220,785.290,356.05,1790116259999,279607.57830,650,190.37,149489.14640,0
1790116260000,785.300,785.350,785.170,785.200,651.18,1790116319999,511347.12460,582,31.74,24923.53130,0
1790116320000,785.210,785.790,785.200,785.710,169.42,1790116379999,133084.10380,796,73.90,58047.84140,0
1790116380000,785.700,786.170,785.640,786.160,178.17,1790116439999,140013.33150,768,106.09,83372.55880,0
1790116440000,786.160,786.480,786.160,786.420,334.04,1790116499999,262640.00750,661,227.88,179169.31460,0
1790116500000,786.410,786.850,786.410,786.650,638.07,1790116559999,501943.51990,1110,422.56,332410.60350,0
1790116560000,786.640,786.730,786.310,786.670,178.10,1790116619999,140082.81040,636,111.36,87589.01340,0
1790116620000,786.670,786.790,786.510,786.520,54.56,1790116679999,42922.92320,286,16.87,13271.96000,0
1790116680000,786.510,786.900,786.500,786.820,158.79,1790116739999,124915.19330,624,96.73,76097.10610,0
1790116740000,786.820,787.310,786.750,787.310,413.47,1790116799999,325424.18760,921,277.72,218581.87400,0
1790116800000,787.310,787.500,787.260,787.380,232.14,1790116859999,182781.95170,592,89.39,70384.03000,0
1790116860000,787.390,787.390,787.190,787.350,154.20,1790116919999,121399.22560,423,65.27,51384.52480,0
1790116920000,787.350,787.440,787.080,787.200,491.53,1790116979999,386956.44770,750,161.82,127388.74410,0
1790116980000,787.200,787.240,787.010,787.240,154.70,1790117039999,121761.07210,456,116.71,91859.50580,0
1790117040000,787.230,787.810,787.100,787.790,399.80,1790117099999,314830.62270,771,309.91,244062.74050,0
1790117100000,787.790,788.120,787.680,787.790,468.28,1790117159999,368935.04500,804,185.91,146470.58740,0
1790117160000,787.790,788.180,787.500,788.170,263.16,1790117219999,207346.26090,729,198.97,156774.30640,0
1790117220000,788.180,788.360,788.130,788.310,639.00,1790117279999,503698.55420,2242,343.29,270602.16000,0
1790117280000,788.320,788.400,787.870,787.900,514.04,1790117339999,405148.62730,2085,164.73,129833.26230,0
1790117340000,787.910,787.990,787.770,787.980,393.53,1790117399999,310064.56120,906,241.85,190551.54940,0
1790117400000,787.980,787.980,787.240,787.700,856.77,1790117459999,674828.60680,1705,333.72,262819.71240,0
1790117460000,787.700,788.010,787.570,787.770,402.48,1790117519999,317102.26090,841,130.20,102578.60800,0
1790117520000,787.760,787.920,787.460,787.510,658.11,1790117579999,518376.48780,918,233.42,183869.02390,0
1790117580000,787.510,788.040,787.510,788.040,158.16,1790117639999,124584.70730,462,141.22,111240.28890,0
1790117640000,788.040,788.040,787.760,787.950,355.04,1790117699999,279739.35250,607,194.45,153207.45910,0
1790117700000,787.950,788.620,787.940,788.570,625.30,1790117759999,492933.84990,1092,464.19,365901.06920,0
1790117760000,788.560,788.570,788.320,788.360,221.87,1790117819999,174939.54370,406,112.60,88776.77190,0
1790117820000,788.350,788.380,788.190,788.210,230.96,1790117879999,182061.85270,450,96.97,76436.86190,0
1790117880000,788.200,788.210,788.010,788.020,220.95,1790117939999,174128.25710,405,116.82,92061.61020,0
1790117940000,788.020,788.020,787.880,787.970,209.30,1790117999999,164916.79520,315,45.21,35620.69510,0
1790118000000,787.970,788.110,787.830,788.000,258.44,1790118059999,203628.18660,549,75.27,59309.21140,0
1790118060000,788.000,788.110,787.780,787.850,180.32,1790118119999,142087.51650,608,51.50,40580.52720,0
1790118120000,787.840,787.860,787.700,787.710,82.87,1790118179999,65284.35840,327,37.98,29919.94150,0
1790118180000,787.710,788.260,787.650,788.220,369.54,1790118239999,291191.73200,905,246.85,194529.08910,0
1790118240000,788.230,788.570,788.200,788.200,366.37,1790118299999,288845.92920,723,206.47,162783.37930,0
1790118300000,788.210,789.460,788.200,789.390,483.02,1790118359999,381003.01940,1445,419.99,331281.84520,0
1790118360000,789.390,789.620,789.120,789.340,545.87,1790118419999,430902.87550,1134,245.53,193817.21400,0
1790118420000,789.340,789.630,789.280,789.590,314.03,1790118479999,247909.85060,904,231.12,182457.52050,0
1790118480000,789.590,789.610,789.090,789.600,323.30,1790118539999,255223.03410,840,168.98,133387.60750,0
1790118540000,789.610,790.250,789.600,790.250,752.59,1790118599999,594495.40790,1825,463.31,365977.66610,0
1790118600000,790.250,790.300,789.910,790.010,335.94,1790118659999,265438.33850,699,204.37,161480.95470,0
1790118660000,790.020,790.530,789.790,790.520,475.55,1790118719999,375753.57400,1173,270.03,213369.27160,0
1790118720000,790.520,791.000,789.990,790.080,917.01,1790118779999,724940.87750,1781,510.63,403665.05800,0
1790118780000,790.080,790.370,789.950,790.310,245.18,1790118839999,193721.06340,832,179.08,141491.55040,0
1790118840000,790.320,790.910,790.320,790.870,293.83,1790118899999,232330.22640,742,190.65,150738.25430,0
1790118900000,790.860,791.340,790.740,791.190,300.87,1790118959999,237990.23740,1135,178.55,141245.03130,0
1790118960000,791.180,791.770,791.180,791.450,416.71,1790119019999,329810.78910,1102,249.24,197262.52170,0
1790119020000,791.450,791.660,791.310,791.460,268.16,1790119079999,212231.61510,872,77.25,61138.39940,0
1790119080000,791.450,791.620,791.190,791.480,754.33,1790119139999,596982.99090,1161,530.27,419658.96620,0
1790119140000,791.470,791.470,791.000,791.000,335.07,1790119199999,265132.35960,592,91.43,72340.32920,0
1790119200000,791.000,791.300,790.920,791.040,443.61,1790119259999,350965.02830,716,183.19,144930.95360,0
1790119260000,791.040,791.160,790.360,790.460,1039.74,1790119319999,822060.60550,1376,127.78,101030.99530,0
1790119320000,790.470,791.010,790.420,790.770,893.80,1790119379999,706812.64180,2805,675.96,534555.01320,0
1790119380000,790.780,791.080,790.660,790.670,231.42,1790119439999,183041.82430,798,90.63,71687.41900,0
1790119440000,790.670,790.760,790.380,790.380,285.08,1790119499999,225392.67680,501,124.20,98199.03540,0
1790119500000,790.380,790.380,789.740,789.800,377.97,1790119559999,298638.99010,840,54.79,43278.07150,0
1790119560000,789.800,790.000,789.150,789.150,646.61,1790119619999,510471.16130,1093,57.55,45438.41900,0
1790119620000,789.160,789.320,789.040,789.040,197.08,1790119679999,155537.01770,534,53.44,42175.13760,0
1790119680000,789.050,789.490,788.810,789.360,427.94,1790119739999,337727.75130,1029,261.57,206435.62690,0
1790119740000,789.360,789.680,789.150,789.630,353.97,1790119799999,279414.12330,705,197.90,156223.01130,0
1790119800000,789.630,789.630,789.140,789.500,386.09,1790119859999,304787.60700,739,153.65,121289.14710,0
1790119860000,789.500,790.000,788.530,788.670,580.76,1790119919999,458437.10730,1305,137.20,108272.13440,0
1790119920000,788.680,788.920,788.490,788.500,196.64,1790119979999,155090.53760,818,93.16,73478.34410,0
1790119980000,788.490,788.560,787.260,788.020,1174.28,1790120039999,925065.68980,1774,324.11,255309.18940,0
1790120040000,788.010,788.960,787.820,788.880,1092.72,1790120099999,861366.07130,1369,925.87,729814.88450,0
1790120100000,788.880,789.150,788.520,788.680,380.18,1790120159999,299929.11750,877,162.40,128126.75950,0
1790120160000,788.680,788.690,788.370,788.370,96.93,1790120219999,76435.51450,547,44.12,34790.34110,0
1790120220000,788.370,788.570,788.130,788.410,335.88,1790120279999,264822.90770,723,173.81,137039.21490,0
1790120280000,788.420,789.060,788.310,788.900,271.14,1790120339999,213859.21350,985,178.20,140543.33490,0
1790120340000,788.910,788.940,788.680,788.690,94.90,1790120399999,74858.05880,219,4.92,3880.94450,0
1790120400000,788.690,789.070,788.680,789.070,85.24,1790120459999,67243.09510,422,46.53,36701.88290,0
1790120460000,789.080,789.110,788.800,788.800,69.79,1790120519999,55062.36640,322,28.67,22621.62690,0
1790120520000,788.800,788.970,788.640,788.640,136.66,1790120579999,107792.81290,541,60.77,47935.80920,0
1790120580000,788.650,789.770,788.650,789.140,860.82,1790120639999,679448.69440,1290,704.34,555935.04650,0
1790120640000,789.140,789.390,789.130,789.390,88.87,1790120699999,70145.80970,429,39.91,31499.80460,0
1790120700000,789.390,789.910,789.390,789.740,316.96,1790120759999,250301.97730,706,201.07,158789.37450,0
1790120760000,789.730,789.810,789.310,789.530,221.17,1790120819999,174614.76980,764,56.98,44982.27670,0
1790120820000,789.520,789.600,789.230,789.500,120.08,1790120879999,94800.46010,566,67.26,53097.75770,0
1790120880000,789.500,789.500,789.030,789.090,183.21,1790120939999,144595.76620,708,57.84,45650.43460,0
1790120940000,789.090,789.210,788.230,788.580,350.15,1790120999999,276147.75180,967,103.22,81385.02480,0
1790121000000,788.570,788.660,788.240,788.660,182.81,1790121059999,144136.09280,546,43.85,34575.69110,0
1790121060000,788.660,788.940,788.470,788.940,131.35,1790121119999,103592.73110,595,117.92,93001.09090,0
1790121120000,788.940,789.210,788.850,788.850,82.48,1790121179999,65080.06610,504,37.52,29604.97850,0
1790121180000,788.860,789.080,788.680,789.020,156.60,1790121239999,123534.02240,611,101.01,79684.43750,0
1790121240000,789.030,789.030,788.650,788.700,159.29,1790121299999,125645.58720,472,30.75,24254.32990,0
1790121300000,788.700,788.910,788.440,788.440,180.03,1790121359999,141997.81950,474,21.64,17068.30900,0
1790121360000,788.450,788.620,788.350,788.620,106.98,1790121419999,84350.03670,382,76.82,60569.96500,0
1790121420000,788.620,788.680,788.520,788.680,68.40,1790121479999,53940.64510,273,48.65,38365.28110,0
1790121480000,788.670,788.860,788.620,788.850,102.62,1790121539999,80934.82790,349,43.53,34331.55170,0
1790121540000,788.860,788.870,788.690,788.870,101.04,1790121599999,79695.74100,361,42.07,33182.94530,0
