open_time,open,high,low,close,volume,close_time,quote_volume,count,taker_buy_volume,taker_buy_quote_volume,ignore
1778630400000,665.240,683.450,664.740,681.650,218578.11,1778644799999,148010036.34740,270124,117212.27,79353844.19570,0
1778644800000,681.650,682.640,676.270,679.370,112454.38,1778659199999,76327933.20680,149062,54190.78,36780958.47970,0
1778659200000,679.370,686.140,677.670,678.770,126402.22,1778673599999,86178006.91470,187727,64163.86,43746252.50960,0
1778673600000,678.770,680.750,664.110,664.580,270489.14,1778687999999,181562167.84130,372471,133039.96,89318377.65220,0
1778688000000,664.580,674.970,664.540,671.580,87591.55,1778702399999,58680578.52240,169262,45238.58,30303749.81440,0
1778702400000,671.590,674.150,668.370,671.900,37002.95,1778716799999,24844880.76970,99167,19227.42,12910141.85040,0
