open_time,open,high,low,close,volume,close_time,quote_volume,count,taker_buy_volume,taker_buy_quote_volume,ignore
1755129600000,848.290,857.500,844.310,855.640,120453.91,1755143999999,102507657.20710,166183,64018.94,54501307.88610,0
1755144000000,855.650,867.490,850.310,858.280,308703.01,1755158399999,265223400.86010,292837,156010.51,134042639.14570,0
1755158400000,858.290,870.150,855.830,862.670,245697.32,1755172799999,212037082.63270,282065,116958.48,100937883.31340,0
1755172800000,862.670,866.000,821.000,847.370,630188.17,1755187199999,531085294.96780,621768,304073.64,256288725.13630,0
1755187200000,847.380,848.520,828.210,838.540,229407.12,1755201599999,192420441.07670,296335,103270.04,86593254.63220,0
1755201600000,838.530,843.450,825.180,840.800,131065.04,1755215999999,109394636.84400,199466,66776.82,55732184.27240,0
