open_time,open,high,low,close,volume,close_time,quote_volume,count,taker_buy_volume,taker_buy_quote_volume,ignore
1714694400000,560.210,566.940,558.570,565.900,114778.55,1714708799999,64636824.64170,137993,57114.81,32170377.39640,0
1714708800000,565.900,566.970,559.640,560.820,73433.66,1714723199999,41358150.71920,95389,35550.88,20023313.62030,0
1714723200000,560.830,568.700,560.150,562.470,161244.82,1714737599999,91055434.36680,159242,81652.26,46116688.54310,0
1714737600000,562.470,578.900,560.080,577.270,289404.55,1714751999999,165667064.07330,269787,146228.56,83715270.72310,0
1714752000000,577.270,581.290,577.270,580.600,79565.90,1714766399999,46085290.45290,102176,40586.01,23509713.83110,0
1714766400000,580.600,589.830,580.380,586.650,104289.62,1714780799999,61103656.39200,135771,54110.54,31699996.24240,0
