open_time,open,high,low,close,volume,close_time,quote_volume,count,taker_buy_volume,taker_buy_quote_volume,ignore
1748390400000,687.140,687.360,681.170,684.150,94229.85,1748404799999,64449445.32110,143357,45868.02,31367166.44410,0
1748404800000,684.150,684.640,679.710,681.710,85711.13,1748419199999,58444558.93800,119191,44165.42,30112513.71840,0
1748419200000,681.720,686.960,680.730,686.940,68695.17,1748433599999,46975029.24980,112691,37449.05,25612433.50700,0
1748433600000,686.950,688.880,680.870,681.690,136040.09,1748447999999,93121118.16900,184969,67433.12,46149571.76680,0
1748448000000,681.700,689.050,681.680,683.320,114586.19,1748462399999,78565561.46230,132724,60242.68,41305688.90550,0
1748462400000,683.320,688.750,683.240,686.800,56499.69,1748476799999,38800948.56880,93282,27649.02,18987148.38280,0
