open_time,open,high,low,close,volume,close_time,quote_volume,count,taker_buy_volume,taker_buy_quote_volume,ignore
1788998400000,722.780,723.550,722.500,723.500,1579.52,1788998459999,1141660.18920,1914,1043.72,754382.31190,0
1788998460000,723.500,723.770,723.110,723.330,565.13,1788998519999,408873.10900,1355,238.84,172793.21590,0
1788998520000,723.340,723.940,723.260,723.710,769.54,1788998579999,556832.69670,1956,586.26,424212.95380,0
1788998580000,723.670,724.110,723.630,724.050,572.43,1788998639999,414344.72920,1536,279.43,202264.38710,0
1788998640000,724.050,724.290,723.920,724.280,455.33,1788998699999,329695.28530,1329,246.05,178157.90510,0
1788998700000,724.280,724.570,723.970,724.240,537.68,1788998759999,389429.34470,1592,298.18,215972.85170,0
1788998760000,724.230,724.250,723.790,723.840,501.21,1788998819999,362905.00680,1441,103.53,74960.27230,0
1788998820000,723.850,723.990,723.540,723.670,746.17,1788998879999,540066.70580,1637,521.55,377504.31920,0
1788998880000,723.670,723.670,723.340,723.340,96.51,1788998939999,69825.48180,530,28.31,20480.94280,0
1788998940000,723.350,723.350,722.830,723.130,411.81,1788998999999,297769.77020,918,111.40,80537.90200,0
1788999000000,723.140,723.340,722.920,723.330,495.84,1788999059999,358545.56490,1165,410.65,296944.99540,0
1788999060000,723.340,723.780,723.340,723.480,443.43,1788999119999,320814.18750,1413,232.70,168349.38520,0
1788999120000,723.490,723.530,723.060,723.450,275.23,1788999179999,199078.03280,1234,216.43,156544.84000,0
1788999180000,723.460,723.740,722.920,722.980,519.66,1788999239999,375825.78480,1424,298.71,216022.26920,0
1788999240000,723.000,723.660,722.950,722.960,331.90,1788999299999,240029.87640,1347,160.73,116243.00840,0
1788999300000,722.960,723.200,722.750,722.860,626.87,1788999359999,453183.02400,1286,231.25,167192.78490,0
1788999360000,722.860,723.060,722.810,722.920,109.75,1788999419999,79344.68600,663,69.85,50498.45700,0
1788999420000,722.930,723.050,722.780,722.880,193.73,1788999479999,140052.28660,869,99.61,72010.01290,0
1788999480000,722.880,723.190,722.590,722.590,155.68,1788999539999,112547.17410,822,101.39,73301.90470,0
1788999540000,722.590,722.590,722.230,722.310,329.32,1788999599999,237901.38770,526,32.78,23684.64120,0
1788999600000,722.310,722.360,722.050,722.050,469.44,1788999659999,339048.02730,767,232.51,167939.52020,0
1788999660000,722.060,722.190,721.960,722.190,309.83,1788999719999,223722.56910,1113,106.01,76547.15550,0
1788999720000,722.190,722.360,722.030,722.180,130.77,1788999779999,94441.73080,820,75.94,54839.90470,0
1788999780000,722.190,723.060,721.950,723.020,389.92,1788999839999,281658.67490,1561,241.08,174132.08850,0
1788999840000,723.020,723.020,722.200,722.230,481.98,1788999899999,348353.52980,812,49.51,35789.56130,0
1788999900000,722.240,722.240,721.810,721.870,277.02,1788999959999,200004.75700,957,64.90,46850.12520,0
1788999960000,721.880,721.880,721.500,721.670,388.53,1789000019999,280400.42440,1307,103.61,74774.90720,0
1789000020000,721.670,721.920,721.660,721.920,170.76,1789000079999,123253.60320,790,118.93,85842.50920,0
1789000080000,721.920,722.350,721.730,722.080,562.08,1789000139999,405873.35980,1891,259.87,187627.55970,0
1789000140000,722.080,722.420,721.940,722.130,252.64,1789000199999,182430.52010,924,77.32,55835.89130,0
1789000200000,722.130,722.130,721.380,721.990,435.98,1789000259999,314668.92230,1391,126.11,91010.82490,0
1789000260000,722.000,722.000,721.290,721.300,380.94,1789000319999,274877.09420,1436,183.09,132114.85680,0
1789000320000,721.300,721.370,721.070,721.140,399.09,1789000379999,287816.20410,815,113.94,82169.31890,0
1789000380000,721.150,721.620,720.700,721.620,608.29,1789000439999,438531.94510,1778,346.56,249824.55220,0
1789000440000,721.620,721.710,721.180,721.440,340.34,1789000499999,245539.44050,1200,208.53,150439.59280,0
1789000500000,721.450,721.900,721.440,721.510,327.59,1789000559999,236444.41240,1130,254.92,183996.11780,0
1789000560000,721.510,722.640,721.460,722.610,1125.32,1789000619999,812748.88280,1602,1086.56,784764.66910,0
1789000620000,722.620,722.750,722.200,722.460,162.98,1789000679999,117756.88200,859,87.77,63412.64600,0
1789000680000,722.470,722.840,722.220,722.830,265.25,1789000739999,191642.10350,1320,211.23,152613.32230,0
1789000740000,722.840,723.170,722.210,722.560,638.88,1789000799999,461756.92220,1603,193.93,140136.88030,0
1789000800000,722.560,722.560,722.010,722.020,171.11,1789000859999,123564.19150,927,37.07,26766.88780,0
1789000860000,722.020,722.070,721.850,721.850,69.41,1789000919999,50112.50870,376,17.18,12403.97760,0
1789000920000,721.860,721.860,721.370,721.470,357.84,1789000979999,258211.14100,1083,141.65,102199.94160,0
1789000980000,721.470,721.540,721.350,721.490,86.94,1789001039999,62724.35130,446,25.09,18101.47140,0
1789001040000,721.500,722.040,721.490,722.040,139.55,1789001099999,100731.97450,1068,118.90,85826.63760,0
1789001100000,722.040,722.090,721.390,721.410,424.77,1789001159999,306558.69090,1169,53.18,38384.45530,0
1789001160000,721.420,722.410,721.380,722.410,698.61,1789001219999,504303.10910,1757,452.21,326390.70420,0
1789001220000,722.410,723.430,722.360,722.650,672.75,1789001279999,486441.25040,1491,581.58,420524.34140,0
1789001280000,722.650,723.140,722.580,722.870,203.36,1789001339999,146983.12140,1094,146.48,105869.48220,0
1789001340000,722.880,722.890,722.500,722.500,135.52,1789001399999,97938.37840,486,12.15,8781.03520,0
1789001400000,722.500,722.510,721.770,721.820,769.22,1789001459999,555422.20580,1176,88.18,63658.80480,0
1789001460000,721.820,722.610,721.800,722.600,333.44,1789001519999,240797.69350,1064,300.65,217119.31360,0
1789001520000,722.600,723.090,722.400,722.870,403.74,1789001579999,291802.09530,1455,225.51,162985.30610,0
1789001580000,722.880,722.880,722.090,722.500,508.78,1789001639999,367596.89180,1268,186.30,134580.56930,0
1789001640000,722.500,722.500,722.360,722.430,193.57,1789001699999,139836.87450,511,143.83,103902.06640,0
1789001700000,722.440,722.520,722.430,722.470,138.63,1789001759999,100157.49280,392,118.80,85830.48320,0
1789001760000,722.470,722.470,721.760,721.800,136.14,1789001819999,98295.51190,745,52.40,37830.20840,0
1789001820000,721.800,721.800,721.230,721.450,340.10,1789001879999,245369.52510,956,149.32,107711.46760,0
1789001880000,721.460,721.930,721.360,721.360,650.83,1789001939999,469622.03500,1848,419.95,303025.57450,0
1789001940000,721.370,721.430,721.100,721.100,327.60,1789001999999,236293.76450,1156,212.02,152925.08000,0
1789002000000,721.110,721.660,720.780,721.650,418.12,1789002059999,301492.87330,1335,120.05,86567.08830,0
1789002060000,721.660,722.810,721.660,722.220,912.12,1789002119999,658898.17450,2188,667.44,482089.32330,0
1789002120000,722.220,722.570,722.000,722.360,245.14,1789002179999,177034.51120,1248,143.00,103272.39860,0
1789002180000,722.350,722.980,722.350,722.950,131.67,1789002239999,95154.59990,887,73.71,53266.88110,0
1789002240000,722.960,723.130,722.940,723.110,150.52,1789002299999,108828.00170,801,56.72,41008.58320,0
1789002300000,723.100,724.260,723.060,723.740,472.82,1789002359999,342208.34650,1760,336.64,243652.12440,0
1789002360000,723.730,723.820,723.340,723.790,276.60,1789002419999,200130.21940,1379,155.20,112292.27710,0
1789002420000,723.790,724.270,723.730,724.260,236.23,1789002479999,171060.09500,1071,153.65,111260.11690,0
1789002480000,724.260,724.960,724.150,724.890,848.21,1789002539999,614466.27140,1966,512.13,371020.34290,0
1789002540000,724.900,724.900,724.070,724.410,930.78,1789002599999,674405.18490,1858,453.81,328830.45210,0
1789002600000,724.410,724.690,724.240,724.480,484.57,1789002659999,351071.68610,992,402.64,291719.18870,0
1789002660000,724.480,724.560,724.000,724.020,1123.85,1789002719999,813959.61970,651,64.07,46398.43510,0
1789002720000,724.030,724.030,723.640,723.640,271.51,1789002779999,196544.97330,723,53.59,38789.99350,0
1789002780000,723.640,723.640,723.220,723.230,247.71,1789002839999,179207.62970,768,108.29,78346.38820,0
1789002840000,723.230,723.490,723.090,723.370,208.94,1789002899999,151119.52230,818,57.66,41704.43480,0
1789002900000,723.380,723.490,723.060,723.060,312.88,1789002959999,226303.10980,1066,139.46,100878.39920,0
1789002960000,723.060,723.200,722.810,722.810,212.88,1789003019999,153914.94140,858,56.76,41041.49710,0
1789003020000,722.810,723.050,722.530,722.530,281.25,1789003079999,203265.29030,926,91.74,66301.44920,0
1789003080000,722.540,722.760,722.170,722.340,1080.28,1789003139999,780488.22600,1661,826.10,596834.76120,0
1789003140000,722.340,723.200,722.030,722.950,864.52,1789003199999,624670.21770,1515,553.75,400070.58630,0
1789003200000,722.960,723.000,721.880,721.880,417.57,1789003259999,301650.94190,1121,68.77,49682.81450,0
1789003260000,721.890,721.890,721.180,721.500,383.48,1789003319999,276722.82500,1318,93.04,67132.19540,0
1789003320000,721.500,721.500,720.840,721.240,415.15,1789003379999,299373.67960,1153,127.70,92079.20800,0
1789003380000,721.240,722.080,721.050,722.070,278.78,1789003439999,201178.21550,1321,123.59,89191.52410,0
1789003440000,722.070,722.640,721.960,721.990,214.79,1789003499999,155150.50190,1151,102.40,73967.45770,0
1789003500000,721.990,722.040,721.610,721.770,394.53,1789003559999,284780.75010,958,75.44,54449.42280,0
1789003560000,721.770,722.060,721.410,721.410,180.69,1789003619999,130391.04500,995,84.43,60924.60100,0
1789003620000,721.410,721.630,721.200,721.240,175.28,1789003679999,126440.96510,1023,72.16,52056.02100,0
1789003680000,721.250,721.250,720.710,720.720,207.11,1789003739999,149316.92940,659,75.89,54713.15720,0
1789003740000,720.730,720.900,720.400,720.410,319.94,1789003799999,230558.74680,936,83.37,60085.35590,0
1789003800000,720.410,720.940,720.300,720.550,472.32,1789003859999,340339.92020,1499,235.48,169684.25620,0
1789003860000,720.560,720.560,720.340,720.360,477.01,1789003919999,343655.08820,1141,163.18,117558.66040,0
1789003920000,720.370,720.370,719.420,719.590,1601.28,1789003979999,1152740.19800,2293,334.11,240560.82030,0
1789003980000,719.590,719.680,719.230,719.310,897.51,1789004039999,645689.33120,1604,536.87,386235.39910,0
1789004040000,719.320,719.390,718.980,719.220,867.72,1789004099999,624046.93860,1759,285.05,205005.56180,0
1789004100000,719.230,719.240,718.690,718.700,383.86,1789004159999,275988.28110,1198,134.18,96477.30110,0
1789004160000,718.710,719.030,718.610,718.970,362.20,1789004219999,260360.95910,1220,175.54,126188.61970,0
1789004220000,718.970,718.970,718.240,718.440,1047.94,1789004279999,753036.98900,1672,138.08,99207.41370,0
1789004280000,718.440,718.540,716.300,717.440,3372.57,1789004339999,2419589.67540,4014,899.48,645336.53120,0
1789004340000,717.440,717.870,717.200,717.860,1627.15,1789004399999,1167461.65800,2406,702.08,503722.89570,0
1789004400000,717.870,718.780,717.870,718.770,539.05,1789004459999,387221.34240,1799,398.37,286170.33420,0
1789004460000,718.780,720.030,718.540,719.940,980.20,1789004519999,704989.64720,2125,724.78,521342.89260,0
1789004520000,719.930,720.490,719.610,720.010,1372.02,1789004579999,987908.61160,2357,876.59,631159.15500,0
1789004580000,720.010,720.090,719.190,719.200,481.30,1789004639999,346394.01620,1298,218.92,157565.60890,0
1789004640000,719.200,719.560,719.110,719.490,355.57,1789004699999,255758.42500,1104,195.83,140863.64040,0
1789004700000,719.490,719.550,719.010,719.470,308.31,1789004759999,221765.51460,1388,145.67,104784.01870,0
1789004760000,719.470,719.690,718.680,719.220,1795.06,1789004819999,1290954.08610,2096,387.13,278408.83160,0
1789004820000,719.240,720.190,718.860,720.190,522.69,1789004879999,376135.89780,1743,303.48,218387.10950,0
1789004880000,720.200,720.540,719.670,720.080,477.75,1789004939999,344018.75770,1530,204.62,147344.36910,0
1789004940000,720.080,720.390,719.990,720.030,278.43,1789004999999,200507.89540,1089,108.84,78376.42290,0
1789005000000,720.040,720.240,719.680,719.810,424.92,1789005059999,305902.11820,1337,148.35,106797.67420,0
1789005060000,719.810,719.950,719.420,719.930,285.90,1789005119999,205757.45030,1293,109.71,78958.72220,0
1789005120000,719.940,719.940,719.280,719.630,528.59,1789005179999,380357.39240,1676,223.61,160901.64660,0
1789005180000,719.620,719.620,718.940,719.160,498.04,1789005239999,358156.96300,1224,182.49,131243.45860,0
1789005240000,719.160,719.600,719.100,719.510,437.59,1789005299999,314792.74720,1333,216.09,155449.63230,0
1789005300000,719.520,720.240,719.430,720.120,470.10,1789005359999,338431.90060,1315,318.29,229133.27000,0
1789005360000,720.130,720.620,719.740,720.320,543.54,1789005419999,391553.78500,1440,268.22,193201.38110,0
1789005420000,720.320,720.930,720.310,720.930,337.03,1789005479999,242885.11300,964,280.06,201831.38950,0
1789005480000,720.930,721.470,720.870,721.420,551.88,1789005539999,398042.20860,1295,484.22,349250.69820,0
1789005540000,721.420,721.420,721.100,721.110,153.29,1789005599999,110557.49100,374,92.90,67003.71340,0
1789005600000,721.110,721.410,720.820,721.280,424.90,1789005659999,306387.53680,1673,203.95,147061.42090,0
1789005660000,721.290,721.310,720.970,721.150,164.27,1789005719999,118464.33320,985,130.92,94413.06540,0
1789005720000,721.140,721.260,720.960,721.040,179.01,1789005779999,129088.86460,919,83.39,60134.68660,0
1789005780000,721.040,721.610,720.970,721.610,300.12,1789005839999,216477.28280,1081,247.28,178369.27830,0
1789005840000,721.610,721.940,721.290,721.290,373.25,1789005899999,269371.21760,1020,188.99,136395.47430,0
1789005900000,721.290,721.890,721.100,721.880,297.10,1789005959999,214316.95620,1079,143.00,103157.19280,0
1789005960000,721.880,722.190,721.720,721.930,255.27,1789006019999,184291.84050,1065,194.80,140636.31670,0
1789006020000,721.930,722.100,721.830,721.970,230.64,1789006079999,166516.81180,823,157.18,113481.78320,0
1789006080000,721.970,722.010,721.350,721.360,103.43,1789006139999,74643.15870,539,25.56,18445.44750,0
1789006140000,721.350,721.650,721.320,721.570,131.65,1789006199999,94973.54660,590,68.97,49756.90100,0
1789006200000,721.560,721.570,721.190,721.350,213.00,1789006259999,153648.90250,1009,85.36,61576.96350,0
1789006260000,721.350,721.640,721.170,721.640,165.61,1789006319999,119463.49770,864,84.02,60612.20720,0
1789006320000,721.630,721.640,721.180,721.270,129.39,1789006379999,93336.48380,630,39.38,28408.50040,0
1789006380000,721.270,721.610,721.120,721.610,101.20,1789006439999,72994.02240,740,69.31,49994.87290,0
1789006440000,721.620,721.780,721.500,721.780,179.34,1789006499999,129410.05030,772,74.73,53925.22500,0
1789006500000,721.770,722.000,721.510,721.900,173.28,1789006559999,125070.05920,922,122.21,88209.83050,0
1789006560000,721.890,721.890,720.930,720.960,408.16,1789006619999,294371.74880,786,48.77,35186.00260,0
1789006620000,720.950,721.190,720.710,721.050,446.34,1789006679999,321749.74200,884,113.74,82001.55710,0
1789006680000,721.050,721.380,720.960,721.360,453.80,1789006739999,327284.73290,1111,163.96,118249.24480,0
1789006740000,721.360,721.500,721.180,721.500,84.58,1789006799999,61014.70340,568,53.81,38816.77260,0
1789006800000,721.500,721.880,721.490,721.530,185.69,1789006859999,134003.23880,793,148.83,107399.12050,0
1789006860000,721.520,721.690,721.170,721.300,117.59,1789006919999,84831.53560,959,73.26,52852.28510,0
1789006920000,721.300,721.540,721.250,721.540,104.51,1789006979999,75387.40180,577,67.40,48619.28920,0
1789006980000,721.540,721.540,721.270,721.400,374.53,1789007039999,270188.55840,717,60.92,43944.82750,0
1789007040000,721.390,721.390,720.890,721.110,887.03,1789007099999,639631.52380,1226,178.15,128472.96600,0
1789007100000,721.110,721.450,720.880,721.120,179.64,1789007159999,129545.31250,1169,87.40,63027.50420,0
1789007160000,721.110,721.250,721.000,721.020,88.12,1789007219999,63543.98320,815,41.58,29983.41210,0
1789007220000,721.010,721.370,720.960,721.300,87.52,1789007279999,63114.90590,616,62.90,45360.76520,0
1789007280000,721.300,721.500,721.170,721.500,109.56,1789007339999,79032.50000,684,83.83,60472.78080,0
1789007340000,721.490,721.870,721.180,721.300,387.58,1789007399999,279642.66770,1321,199.55,143987.07240,0
1789007400000,721.290,721.870,721.290,721.760,241.81,1789007459999,174492.66780,1272,146.47,105683.38610,0
1789007460000,721.760,722.270,721.760,722.160,457.35,1789007519999,330220.55400,1017,387.43,279726.55090,0
1789007520000,722.160,722.700,722.160,722.600,309.68,1789007579999,223724.74490,1214,278.66,201311.43020,0
1789007580000,722.600,722.790,722.550,722.670,312.27,1789007639999,225676.81090,895,252.53,182504.65260,0
1789007640000,722.670,723.240,722.600,723.240,188.54,1789007699999,136281.99970,916,155.66,112520.60380,0
1789007700000,723.230,723.420,723.050,723.100,582.71,1789007759999,421415.76730,973,287.52,207935.52450,0
1789007760000,723.100,723.100,722.910,723.090,189.40,1789007819999,136938.04720,549,137.04,99080.72280,0
1789007820000,723.090,723.610,723.090,723.470,309.49,1789007879999,223852.96910,1309,192.03,138898.98590,0
1789007880000,723.480,724.110,723.470,724.080,380.24,1789007939999,275212.46770,1352,259.53,187846.71530,0
1789007940000,724.060,724.100,723.600,723.660,174.29,1789007999999,126175.90850,698,63.95,46293.74000,0
1789008000000,723.660,723.910,723.640,723.910,472.09,1789008059999,341683.35490,985,359.58,260254.08270,0
1789008060000,723.900,723.990,723.740,723.740,342.89,1789008119999,248204.52970,798,86.71,62764.69080,0
1789008120000,723.750,723.960,723.390,723.600,363.22,1789008179999,262845.98600,1111,102.39,74103.75670,0
1789008180000,723.600,723.850,723.600,723.720,192.35,1789008239999,139209.73470,796,75.82,54872.27520,0
1789008240000,723.720,723.720,723.390,723.520,274.89,1789008299999,198882.03530,592,181.44,131265.09140,0
1789008300000,723.530,723.890,723.410,723.410,374.27,1789008359999,270865.60960,936,245.65,177792.83840,0
1789008360000,723.400,723.720,723.400,723.720,223.96,1789008419999,162043.29820,705,190.98,138180.51070,0
1789008420000,723.720,724.100,723.630,724.000,517.75,1789008479999,374784.40840,934,475.56,344244.86030,0
1789008480000,724.000,724.060,723.800,724.040,174.52,1789008539999,126351.06700,746,125.78,91064.64730,0
1789008540000,724.050,724.560,724.050,724.550,253.65,1789008599999,183729.80330,1054,202.62,146766.01320,0
1789008600000,724.550,724.730,724.340,724.460,404.94,1789008659999,293408.42050,1130,214.39,155351.74790,0
1789008660000,724.460,724.850,724.360,724.700,220.30,1789008719999,159637.32790,1067,162.77,117947.94460,0
1789008720000,724.700,725.040,724.610,724.880,830.57,1789008779999,602056.88600,1593,443.67,321601.02100,0
1789008780000,724.880,725.340,724.850,725.290,938.33,1789008839999,680380.70680,1436,815.62,591394.56940,0
1789008840000,725.290,725.310,725.060,725.310,206.81,1789008899999,149985.26450,650,128.68,93324.48290,0
1789008900000,725.310,725.310,725.030,725.040,377.93,1789008959999,274050.94030,928,235.27,170599.67670,0
1789008960000,725.040,725.110,724.690,724.690,225.10,1789009019999,163170.35650,732,55.01,39876.37690,0
1789009020000,724.700,724.770,724.690,724.760,175.80,1789009079999,127409.10670,591,96.97,70277.17410,0
1789009080000,724.750,725.070,724.750,725.070,256.06,1789009139999,185624.31720,672,235.68,170849.91630,0
1789009140000,725.070,725.500,725.020,725.350,683.16,1789009199999,495511.66710,1105,584.10,423670.58300,0
1789009200000,725.350,725.720,725.290,725.560,440.58,1789009259999,319644.08700,1180,369.13,267804.34760,0
1789009260000,725.550,725.620,725.450,725.470,343.85,1789009319999,249475.41450,797,214.50,155625.12800,0
1789009320000,725.470,725.930,725.460,725.920,475.52,1789009379999,345084.46880,1817,396.04,287402.83120,0
1789009380000,725.930,726.380,725.710,726.100,1093.21,1789009439999,793701.77750,2396,718.33,521549.74140,0
1789009440000,726.100,726.470,725.880,726.310,420.84,1789009499999,305605.81970,1142,368.28,267434.95420,0
1789009500000,726.310,726.310,725.820,725.940,844.37,1789009559999,613007.84990,1078,252.15,183048.16100,0
1789009560000,725.940,725.950,725.510,725.560,430.24,1789009619999,312264.32770,808,142.34,103306.06340,0
1789009620000,725.560,725.640,725.200,725.310,451.28,1789009679999,327349.28190,1093,101.57,73681.88890,0
1789009680000,725.320,725.330,725.030,725.030,392.69,1789009739999,284771.17120,867,114.80,83252.51320,0
1789009740000,725.030,725.240,725.030,725.050,321.38,1789009799999,233029.93040,819,155.95,113076.45710,0
1789009800000,725.050,725.050,724.850,724.930,182.34,1789009859999,132182.96450,502,35.42,25675.52540,0
1789009860000,724.940,725.010,724.800,724.800,185.13,1789009919999,134209.36730,708,84.05,60932.02280,0
1789009920000,724.800,724.860,724.690,724.860,138.86,1789009979999,100638.02130,600,53.51,38781.84850,0
1789009980000,724.850,724.860,724.790,724.790,64.49,1789010039999,46745.37350,393,19.40,14062.06960,0
1789010040000,724.790,724.790,724.470,724.610,266.14,1789010099999,192848.32800,618,61.82,44792.13220,0
1789010100000,724.610,724.610,724.520,724.590,115.65,1789010159999,83795.69560,413,44.62,32330.85920,0
1789010160000,724.580,724.580,724.410,724.420,164.07,1789010219999,118867.46340,599,68.83,49865.09490,0
1789010220000,724.420,724.660,724.330,724.530,256.75,1789010279999,186002.18140,840,183.82,133165.94220,0
1789010280000,724.520,724.590,724.490,724.580,122.64,1789010339999,88858.79370,502,45.65,33075.87100,0
1789010340000,724.590,724.590,724.370,724.380,78.85,1789010399999,57126.33520,376,22.24,16112.04820,0
1789010400000,724.380,724.480,724.370,724.470,61.36,1789010459999,44452.25710,404,40.21,29129.93240,0
1789010460000,724.480,724.610,724.420,724.560,274.14,1789010519999,198610.23350,734,141.71,102667.53900,0
1789010520000,724.570,724.690,724.400,724.400,324.79,1789010579999,235323.30740,832,71.98,52157.00180,0
1789010580000,724.390,724.390,724.130,724.130,173.18,1789010639999,125430.02600,532,18.74,13572.35970,0
1789010640000,724.130,724.130,723.980,724.000,220.75,1789010699999,159831.10850,478,41.20,29831.78640,0
1789010700000,724.000,724.010,723.840,723.840,210.26,1789010759999,152222.66640,406,29.49,21349.85170,0
1789010760000,723.840,723.850,723.610,723.610,115.04,1789010819999,83263.23290,471,26.84,19426.17870,0
1789010820000,723.600,723.770,723.580,723.620,173.10,1789010879999,125269.30620,603,68.83,49810.92770,0
1789010880000,723.620,724.280,723.620,724.250,743.15,1789010939999,537954.37710,1493,500.96,362634.85910,0
1789010940000,724.250,724.380,724.180,724.320,112.10,1789010999999,81193.08560,524,55.95,40523.43470,0
1789011000000,724.330,724.330,723.920,723.990,175.85,1789011059999,127334.12480,484,52.79,38219.83620,0
1789011060000,723.990,724.120,723.990,724.020,161.46,1789011119999,116907.96470,593,103.75,75121.35430,0
1789011120000,724.010,724.530,724.010,724.460,300.20,1789011179999,217443.07430,1045,194.11,140599.29630,0
1789011180000,724.460,724.830,724.440,724.800,356.44,1789011239999,258271.61910,1039,173.40,125649.25680,0
1789011240000,724.810,724.930,724.090,724.090,557.37,1789011299999,403934.81170,1092,236.10,171136.49430,0
1789011300000,724.080,724.080,723.590,723.590,192.26,1789011359999,139137.83990,707,137.64,99603.97180,0
1789011360000,723.590,723.720,723.390,723.720,197.33,1789011419999,142773.87310,866,53.16,38463.29890,0
1789011420000,723.720,723.900,723.650,723.850,321.79,1789011479999,232915.35210,1070,112.35,81318.11580,0
1789011480000,723.840,723.870,723.480,723.860,86.55,1789011539999,62633.51920,819,60.61,43861.82140,0
1789011540000,723.860,724.010,723.740,724.000,88.77,1789011599999,64256.34700,656,60.42,43736.45930,0
1789011600000,724.010,724.110,723.940,724.000,194.04,1789011659999,140487.01330,619,123.23,89218.83250,0
1789011660000,724.010,724.130,724.000,724.130,61.40,1789011719999,44457.76360,492,51.33,37166.68860,0
1789011720000,724.140,724.800,724.130,724.240,582.89,1789011779999,422296.21120,1158,498.10,360853.84830,0
1789011780000,724.230,724.660,724.230,724.650,138.18,1789011839999,100095.33910,719,117.33,84989.90780,0
1789011840000,724.650,724.660,724.470,724.470,80.04,1789011899999,57995.28760,384,42.88,31069.14220,0
1789011900000,724.470,724.540,724.460,724.540,84.99,1789011959999,61574.43130,430,69.25,50171.04890,0
1789011960000,724.540,724.670,724.530,724.550,150.58,1789012019999,109104.77170,629,86.87,62942.89950,0
1789012020000,724.550,724.700,724.550,724.690,69.50,1789012079999,50359.97950,377,62.58,45345.75160,0
1789012080000,724.700,724.830,724.660,724.750,124.27,1789012139999,90065.46930,735,64.28,46585.29740,0
1789012140000,724.760,724.760,724.690,724.750,56.62,1789012199999,41033.23010,242,49.30,35728.16940,0
1789012200000,724.740,724.740,723.950,724.040,609.46,1789012259999,441497.35590,1195,53.43,38699.84780,0
1789012260000,724.040,724.150,723.520,723.540,160.07,1789012319999,115855.54370,840,59.33,42943.02210,0
1789012320000,723.540,723.580,723.450,723.520,122.89,1789012379999,88913.49930,439,62.67,45343.23780,0
1789012380000,723.530,723.530,723.520,723.520,35.61,1789012439999,25764.83100,157,28.38,20533.78140,0
1789012440000,723.530,723.590,723.520,723.590,57.91,1789012499999,41900.15600,298,43.09,31177.26620,0
1789012500000,723.590,723.590,723.280,723.420,123.16,1789012559999,89097.42990,507,62.62,45300.10570,0
1789012560000,723.420,723.610,723.410,723.600,88.09,1789012619999,63735.66560,589,64.98,47015.48490,0
1789012620000,723.600,723.610,723.270,723.510,81.89,1789012679999,59241.35840,561,39.28,28412.54750,0
1789012680000,723.510,723.510,723.270,723.270,58.27,1789012739999,42153.11790,244,11.86,8579.38460,0
1789012740000,723.280,723.890,723.270,723.790,533.49,1789012799999,386006.02460,867,450.32,325831.76500,0
1789012800000,723.790,723.790,723.510,723.510,190.16,1789012859999,137609.59150,535,108.25,78332.23830,0
1789012860000,723.520,723.520,723.310,723.340,292.13,1789012919999,211331.61800,626,216.69,156755.12940,0
1789012920000,723.340,723.360,723.200,723.320,239.73,1789012979999,173395.12950,552,179.46,129800.66100,0
1789012980000,723.320,723.640,723.210,723.560,780.25,1789013039999,564442.04850,958,693.80,501904.99360,0
1789013040000,723.560,723.560,723.430,723.440,89.37,1789013099999,64658.61510,345,34.00,24598.69240,0
1789013100000,723.440,723.730,723.430,723.520,385.26,1789013159999,278778.42720,1023,279.51,202249.58080,0
1789013160000,723.530,723.680,723.520,723.680,138.65,1789013219999,100327.37350,575,93.84,67902.65420,0
1789013220000,723.670,723.720,723.670,723.690,166.50,1789013279999,120495.20750,367,129.57,93769.34250,0
1789013280000,723.700,723.700,723.680,723.680,40.64,1789013339999,29410.65050,141,15.33,11094.17750,0
1789013340000,723.690,723.690,723.440,723.460,601.18,1789013399999,434967.93630,430,59.50,43049.57280,0
1789013400000,723.460,723.460,723.320,723.330,80.90,1789013459999,58523.49400,213,7.31,5288.47060,0
1789013460000,723.320,723.580,723.230,723.230,359.21,1789013519999,259859.18050,825,283.90,205381.43000,0
1789013520000,723.240,723.240,723.110,723.140,246.76,1789013579999,178450.77010,479,79.98,57836.24010,0
1789013580000,723.140,723.230,723.140,723.190,148.18,1789013639999,107162.18920,299,93.83,67855.30830,0
1789013640000,723.200,723.230,723.200,723.210,44.74,1789013699999,32356.68580,156,31.46,22752.45700,0
1789013700000,723.220,723.240,723.210,723.240,72.36,1789013759999,52332.63020,212,55.75,40319.97320,0
1789013760000,723.240,723.340,723.230,723.330,210.21,1789013819999,152039.86710,309,194.16,140430.43060,0
1789013820000,723.340,723.590,723.000,723.520,567.40,1789013879999,410397.24790,1201,389.11,281454.43270,0
1789013880000,723.530,723.950,723.520,723.950,474.53,1789013939999,343443.10350,958,420.56,304376.14410,0
1789013940000,723.950,723.950,723.670,723.910,163.18,1789013999999,118110.72840,658,76.71,55522.33890,0
1789014000000,723.910,723.990,723.770,723.770,188.52,1789014059999,136463.04300,693,158.20,114515.45520,0
1789014060000,723.770,723.770,723.350,723.360,178.67,1789014119999,129271.92360,505,99.04,71658.77790,0
1789014120000,723.360,723.390,723.130,723.150,172.52,1789014179999,124778.75370,404,61.71,44631.77180,0
1789014180000,723.150,723.180,722.910,723.160,177.10,1789014239999,128053.79510,577,85.04,61489.78640,0
1789014240000,723.170,723.180,722.930,722.950,167.62,1789014299999,121207.14260,908,79.64,57586.02850,0
1789014300000,722.950,723.040,722.940,723.030,136.41,1789014359999,98622.71100,487,86.23,62342.50880,0
1789014360000,723.030,723.040,722.890,722.890,133.91,1789014419999,96811.81180,443,28.69,20741.76760,0
1789014420000,722.900,722.960,722.900,722.920,58.12,1789014479999,42017.55020,344,21.00,15181.81000,0
1789014480000,722.930,723.340,722.920,723.330,488.35,1789014539999,353163.64030,1335,243.95,176411.99560,0
1789014540000,723.340,723.340,722.720,722.810,675.80,1789014599999,488516.71950,892,97.83,70734.35370,0
1789014600000,722.820,723.080,722.810,722.950,238.13,1789014659999,172160.30560,924,158.39,114514.29520,0
1789014660000,722.950,723.140,722.800,723.140,224.46,1789014719999,162264.13200,745,61.32,44332.25430,0
1789014720000,723.140,723.190,722.940,723.160,160.31,1789014779999,115919.50050,760,135.53,98000.91950,0
1789014780000,723.150,723.230,723.040,723.230,185.10,1789014839999,133847.28780,523,119.14,86150.11420,0
1789014840000,723.230,723.340,723.150,723.210,97.32,1789014899999,70389.80020,668,51.07,36937.85120,0
1789014900000,723.210,723.260,722.830,722.830,184.35,1789014959999,133285.11210,730,61.84,44714.58100,0
1789014960000,722.830,722.890,722.510,722.540,281.10,1789015019999,203153.33800,820,40.02,28922.57150,0
1789015020000,722.540,722.740,722.520,722.610,83.06,1789015079999,60022.62520,592,48.54,35077.78440,0
1789015080000,722.610,722.610,722.500,722.590,69.25,1789015139999,50035.55500,443,47.64,34421.55570,0
1789015140000,722.600,722.660,722.590,722.660,53.01,1789015199999,38306.08220,344,46.32,33471.72430,0
1789015200000,722.660,722.690,722.550,722.580,53.11,1789015259999,38379.06010,333,19.99,14444.79890,0
1789015260000,722.580,722.750,722.580,722.740,45.30,1789015319999,32737.67930,377,42.96,31046.52390,0
1789015320000,722.750,722.770,722.450,722.460,120.15,1789015379999,86826.89980,452,26.99,19505.35170,0
1789015380000,722.460,723.010,722.460,722.640,634.15,1789015439999,458297.87860,1096,282.10,203858.10490,0
1789015440000,722.640,722.640,722.260,722.340,308.77,1789015499999,223056.44490,682,118.06,85283.33250,0
1789015500000,722.350,722.430,722.260,722.410,77.24,1789015559999,55794.03490,523,34.91,25217.31600,0
1789015560000,722.420,722.640,722.410,722.640,65.83,1789015619999,47563.28500,461,61.21,44225.45420,0
1789015620000,722.640,722.670,722.180,722.400,579.50,1789015679999,418649.70250,1210,86.63,62577.33130,0
1789015680000,722.410,722.500,722.400,722.410,45.74,1789015739999,33045.19570,284,19.44,14044.18820,0
1789015740000,722.400,722.560,722.400,722.550,105.43,1789015799999,76169.21080,393,96.68,69846.95080,0
1789015800000,722.560,722.640,722.500,722.500,79.01,1789015859999,57093.23270,445,37.08,26794.26980,0
1789015860000,722.510,722.550,722.410,722.420,67.85,1789015919999,49021.99720,359,25.27,18257.82400,0
1789015920000,722.420,722.420,722.080,722.340,127.40,1789015979999,92005.17580,733,62.76,45322.93230,0
1789015980000,722.350,722.920,722.250,722.410,509.63,1789016039999,368249.21810,1277,396.22,286285.06660,0
1789016040000,722.420,722.530,722.420,722.530,51.92,1789016099999,37510.66840,386,40.07,28949.15060,0
1789016100000,722.520,722.530,722.240,722.330,173.86,1789016159999,125587.11600,701,51.81,37424.56150,0
1789016160000,722.330,722.500,722.240,722.500,97.35,1789016219999,70324.01020,527,78.60,56780.20970,0
1789016220000,722.500,722.970,722.500,722.900,156.50,1789016279999,113120.52060,941,118.20,85433.53650,0
1789016280000,722.900,723.150,722.900,723.130,138.88,1789016339999,100417.23530,753,98.13,70950.46380,0
1789016340000,723.140,723.210,722.690,722.830,401.16,1789016399999,290030.96800,849,108.97,78782.84020,0
1789016400000,722.840,723.060,722.830,722.990,244.91,1789016459999,177057.98340,853,156.04,112805.83030,0
1789016460000,722.990,723.000,722.650,722.650,170.30,1789016519999,123112.70180,438,25.14,18172.84070,0
1789016520000,722.650,722.650,721.940,721.940,247.72,1789016579999,178884.95250,713,19.05,13757.93840,0
1789016580000,721.940,721.940,721.480,721.490,261.64,1789016639999,188822.32530,907,73.36,52939.59580,0
1789016640000,721.490,721.490,721.060,721.180,293.18,1789016699999,211440.39260,762,82.43,59442.23230,0
1789016700000,721.180,721.640,721.100,721.340,665.38,1789016759999,479970.21490,1131,505.69,364759.80020,0
1789016760000,721.350,721.350,721.070,721.110,212.09,1789016819999,152954.22900,685,53.17,38343.61870,0
1789016820000,721.110,721.160,721.060,721.070,101.24,1789016879999,73004.26080,408,43.43,31317.17470,0
1789016880000,721.060,721.310,721.060,721.180,153.39,1789016939999,110617.87940,880,100.38,72388.01530,0
1789016940000,721.190,721.360,721.190,721.280,82.29,1789016999999,59353.71290,529,55.79,40239.17580,0
1789017000000,721.270,721.740,721.270,721.680,143.54,1789017059999,103578.00300,934,110.03,79397.27190,0
1789017060000,721.680,722.220,721.660,722.120,235.81,1789017119999,170261.89260,778,146.65,105875.95750,0
1789017120000,722.120,722.560,721.950,722.550,445.17,1789017179999,321506.56260,1156,222.99,161066.70260,0
1789017180000,722.560,722.900,722.410,722.510,249.53,1789017239999,180315.33790,903,111.86,80830.68200,0
1789017240000,722.570,723.280,722.420,723.180,182.84,1789017299999,132165.92110,848,130.90,94625.82690,0
1789017300000,723.180,723.290,722.850,723.190,239.60,1789017359999,173265.77930,870,156.31,113034.25460,0
1789017360000,723.200,723.380,722.290,722.620,523.43,1789017419999,378465.36700,1204,98.64,71313.76540,0
1789017420000,722.610,722.620,722.370,722.450,81.43,1789017479999,58832.18670,470,60.89,43990.75040,0
1789017480000,722.460,722.460,722.220,722.240,52.06,1789017539999,37603.59980,508,29.86,21567.64730,0
1789017540000,722.240,722.320,722.040,722.090,73.67,1789017599999,53207.06520,684,29.90,21594.17360,0
1789017600000,722.100,722.100,721.740,721.740,96.95,1789017659999,69990.90050,381,12.23,8829.19190,0
1789017660000,721.750,722.000,721.730,721.750,116.93,1789017719999,84406.75290,463,50.90,36740.19730,0
1789017720000,721.750,721.760,721.590,721.690,131.98,1789017779999,95247.77260,521,55.72,40212.15690,0
1789017780000,721.700,722.080,721.650,721.860,130.42,1789017839999,94152.55340,569,62.05,44793.18530,0
1789017840000,721.860,721.910,721.800,721.850,90.88,1789017899999,65602.16760,375,62.73,45282.18780,0
1789017900000,721.840,721.840,721.540,721.600,110.13,1789017959999,79473.52700,450,31.89,23013.97940,0
1789017960000,721.600,721.880,721.600,721.880,76.95,1789018019999,55533.99410,499,60.52,43677.02350,0
1789018020000,721.890,721.930,721.870,721.880,91.28,1789018079999,65895.23740,311,70.02,50548.01170,0
1789018080000,721.880,722.970,721.870,722.790,859.72,1789018139999,621019.37010,1702,499.77,360975.22240,0
1789018140000,722.800,722.960,722.450,722.450,406.09,1789018199999,293473.90520,1180,114.21,82540.91280,0
1789018200000,722.460,722.790,722.220,722.250,485.69,1789018259999,350907.76130,1373,225.11,162654.46500,0
1789018260000,722.240,723.010,722.240,723.000,182.34,1789018319999,131776.48250,907,111.32,80439.93870,0
1789018320000,723.010,723.160,722.770,723.150,146.85,1789018379999,106163.71320,759,131.01,94712.19310,0
1789018380000,723.160,723.340,722.680,722.910,598.24,1789018439999,432458.95720,1020,86.07,62238.79290,0
1789018440000,722.910,722.920,722.520,722.840,238.24,1789018499999,172177.37760,921,64.18,46385.06720,0
1789018500000,722.830,723.310,722.810,723.310,453.80,1789018559999,328096.71210,1047,307.54,222349.33800,0
1789018560000,723.320,723.340,723.110,723.280,206.10,1789018619999,149067.30960,644,92.19,66675.47900,0
1789018620000,723.270,723.340,722.730,722.730,333.09,1789018679999,240860.45310,771,132.87,96086.94110,0
1789018680000,722.730,722.900,722.530,722.590,156.63,1789018739999,113205.42860,681,48.96,35386.59670,0
1789018740000,722.600,722.600,722.410,722.430,54.54,1789018799999,39404.46550,278,29.95,21637.15600,0
1789018800000,722.430,722.580,722.150,722.240,157.32,1789018859999,113641.77460,766,71.09,51353.05280,0
1789018860000,722.240,722.500,722.210,722.490,317.57,1789018919999,229399.19030,655,133.14,96170.42360,0
1789018920000,722.500,722.780,722.490,722.780,193.21,1789018979999,139616.19570,733,153.32,110786.24790,0
1789018980000,722.780,722.790,722.660,722.670,94.80,1789019039999,68514.22410,345,45.74,33056.71380,0
1789019040000,722.660,722.910,722.460,722.840,220.96,1789019099999,159692.63120,950,135.89,98215.65860,0
1789019100000,722.840,722.980,722.710,722.980,73.02,1789019159999,52782.29330,756,54.39,39315.74290,0
1789019160000,722.970,723.220,722.780,723.070,175.77,1789019219999,127078.41900,745,150.55,108843.41310,0
1789019220000,723.070,723.070,722.660,722.660,245.53,1789019279999,177486.48920,526,127.79,92376.11400,0
1789019280000,722.660,722.790,722.560,722.740,161.31,1789019339999,116580.10790,511,77.15,55753.67410,0
1789019340000,722.730,722.740,722.470,722.580,76.41,1789019399999,55214.74170,445,28.24,20406.09870,0
1789019400000,722.580,722.620,722.510,722.620,43.84,1789019459999,31676.94630,350,29.67,21438.23120,0
1789019460000,722.620,722.630,722.420,722.430,57.66,1789019519999,41660.60470,369,33.10,23915.42940,0
1789019520000,722.430,722.780,722.420,722.780,81.42,1789019579999,58829.92400,467,66.55,48087.11680,0
1789019580000,722.770,722.970,722.750,722.820,107.49,1789019639999,77701.14030,495,56.33,40717.70330,0
1789019640000,722.820,723.310,722.780,723.300,609.20,1789019699999,440462.07800,1011,545.89,394692.26330,0
1789019700000,723.300,723.610,722.870,723.470,1412.25,1789019759999,1021456.73370,1506,915.02,661725.98440,0
1789019760000,723.460,723.470,723.290,723.410,412.33,1789019819999,298275.53720,616,117.19,84771.24160,0
1789019820000,723.420,723.870,723.410,723.810,307.58,1789019879999,222586.86190,710,269.51,195035.09860,0
1789019880000,723.810,723.900,723.700,723.730,288.08,1789019939999,208503.90850,712,221.46,160286.95020,0
1789019940000,723.720,723.720,723.530,723.620,391.69,1789019999999,283448.17710,574,95.87,69368.27160,0
1789020000000,723.630,723.660,723.110,723.160,1814.25,1789020059999,1312563.95300,924,114.90,83119.28630,0
1789020060000,723.160,723.270,723.100,723.160,249.46,1789020119999,180407.80980,565,214.32,154994.92910,0
1789020120000,723.160,723.210,723.060,723.070,316.67,1789020179999,229006.68090,1482,187.72,135753.93950,0
1789020180000,723.060,723.070,722.890,722.890,229.05,1789020239999,165610.84550,1064,104.19,75332.47940,0
1789020240000,722.890,722.890,722.390,722.390,157.67,1789020299999,113930.56120,612,71.29,51511.37480,0
1789020300000,722.400,722.400,721.800,721.800,250.27,1789020359999,180713.87630,562,18.44,13314.08850,0
1789020360000,721.800,721.800,721.650,721.780,270.30,1789020419999,195079.18080,560,218.02,157347.12950,0
1789020420000,721.770,721.780,721.320,721.440,699.99,1789020479999,505055.49570,829,187.25,135108.35570,0
1789020480000,721.440,721.880,721.340,721.820,532.99,1789020539999,384587.21210,1113,341.97,246754.75980,0
1789020540000,721.830,721.830,721.230,721.280,607.83,1789020599999,438598.71140,1713,228.40,164800.18980,0
1789020600000,721.290,721.460,720.570,720.980,1788.62,1789020659999,1289510.27500,2661,698.72,503749.03200,0
1789020660000,720.980,721.040,720.620,720.860,342.45,1789020719999,246841.10500,1087,184.69,133112.83070,0
1789020720000,720.850,720.860,720.570,720.570,353.80,1789020779999,254991.22880,982,59.12,42607.68800,0
1789020780000,720.580,720.670,720.440,720.450,199.53,1789020839999,143770.09340,863,62.07,44725.60360,0
1789020840000,720.440,720.450,720.430,720.440,238.90,1789020899999,172113.11580,328,113.61,81849.63370,0
1789020900000,720.440,720.450,720.170,720.250,477.30,1789020959999,343805.91180,1141,90.59,65248.62880,0
1789020960000,720.250,720.260,719.700,719.940,776.58,1789021019999,559099.84700,1438,162.08,116679.57320,0
1789021020000,719.930,719.940,719.280,719.280,517.93,1789021079999,372700.14100,818,97.29,70005.77520,0
1789021080000,719.280,719.280,718.720,719.170,1073.43,1789021139999,771832.43290,1401,214.47,154226.70200,0
1789021140000,719.170,719.550,719.170,719.310,408.38,1789021199999,293773.84430,938,225.96,162541.05460,0
1789021200000,719.300,719.420,718.720,719.420,477.48,1789021259999,343308.35950,1106,197.72,142182.64490,0
1789021260000,719.410,719.480,719.230,719.320,610.34,1789021319999,439044.44610,1078,444.74,319916.64470,0
1789021320000,719.330,719.540,719.250,719.250,1139.13,1789021379999,819525.32880,1011,381.46,274439.82240,0
1789021380000,719.250,719.330,719.080,719.270,990.42,1789021439999,712326.06670,869,423.51,304592.34840,0
1789021440000,719.270,719.330,718.900,718.950,1292.27,1789021499999,929232.34080,957,672.37,483456.62060,0
1789021500000,718.950,718.960,718.860,718.900,264.72,1789021559999,190304.39420,525,94.17,67697.88830,0
1789021560000,718.890,718.890,718.500,718.520,481.32,1789021619999,345898.37660,943,98.62,70875.02300,0
1789021620000,718.530,718.900,718.530,718.770,339.38,1789021679999,243923.11870,934,160.64,115458.02320,0
1789021680000,718.760,718.760,718.470,718.630,454.91,1789021739999,326914.80520,781,78.95,56735.26510,0
1789021740000,718.640,718.660,718.490,718.490,177.48,1789021799999,127535.04820,551,55.49,39875.88190,0
1789021800000,718.500,719.030,718.500,718.880,802.16,1789021859999,576657.08660,1280,660.12,474546.38800,0
1789021860000,718.880,719.240,718.760,718.930,1381.13,1789021919999,993002.92060,1496,683.91,491744.99390,0
1789021920000,718.930,718.940,718.720,718.720,179.02,1789021979999,128683.58240,470,64.83,46601.07250,0
1789021980000,718.720,718.770,718.510,718.520,167.43,1789022039999,120323.87970,575,63.12,45361.28340,0
1789022040000,718.520,718.690,718.490,718.610,141.56,1789022099999,101725.54510,451,77.31,55556.35850,0
1789022100000,718.600,718.810,718.570,718.650,240.97,1789022159999,173167.27410,746,111.10,79838.76540,0
1789022160000,718.660,718.870,718.500,718.840,308.85,1789022219999,221938.36760,646,83.79,60213.56370,0
1789022220000,718.850,718.880,718.660,718.870,161.62,1789022279999,116170.30410,641,93.63,67300.43440,0
1789022280000,718.880,718.990,718.700,718.700,178.52,1789022339999,128330.12500,545,82.82,59535.78320,0
1789022340000,718.710,719.500,718.660,719.330,301.79,1789022399999,217044.50070,914,230.00,165423.52980,0
1789022400000,719.330,719.490,719.300,719.450,272.26,1789022459999,195857.14250,755,201.08,144649.82280,0
1789022460000,719.460,719.460,719.380,719.400,165.70,1789022519999,119206.17530,335,113.32,81522.44660,0
1789022520000,719.410,719.860,719.400,719.860,588.49,1789022579999,423527.92250,908,400.07,287910.07120,0
1789022580000,719.860,720.120,719.700,719.700,666.82,1789022639999,480036.57520,816,376.35,270926.04960,0
1789022640000,719.700,719.700,719.390,719.680,410.70,1789022699999,295515.14390,736,328.09,236073.97430,0
1789022700000,719.680,720.190,719.620,720.130,177.65,1789022759999,127895.93930,719,135.38,97469.94330,0
1789022760000,720.130,720.790,719.840,720.750,351.37,1789022819999,253086.07570,1267,278.01,200234.68140,0
1789022820000,720.750,721.000,720.520,720.880,314.99,1789022879999,227035.09990,994,218.36,157389.41500,0
1789022880000,720.880,721.000,720.690,721.000,164.56,1789022939999,118627.66400,805,102.84,74135.30390,0
1789022940000,720.990,721.430,720.910,721.300,329.20,1789022999999,237438.10590,1845,230.62,166336.14220,0
1789023000000,721.310,721.880,721.310,721.740,372.92,1789023059999,269113.47740,1223,275.07,198497.51610,0
1789023060000,721.730,721.780,721.570,721.630,182.16,1789023119999,131465.72120,774,100.04,72197.76950,0
1789023120000,721.630,721.630,721.220,721.330,321.99,1789023179999,232280.69190,1147,228.49,164828.39770,0
1789023180000,721.320,721.330,721.200,721.280,140.32,1789023239999,101208.46540,494,52.66,37982.06000,0
1789023240000,721.280,721.280,721.010,721.060,136.87,1789023299999,98704.66220,517,38.08,27458.96530,0
1789023300000,721.060,721.330,721.060,721.330,142.82,1789023359999,102999.30820,673,114.77,82771.36210,0
1789023360000,721.320,721.370,721.230,721.250,116.78,1789023419999,84234.25460,418,41.30,29789.17340,0
1789023420000,721.260,721.310,721.190,721.310,248.09,1789023479999,178931.89050,516,38.83,28005.79940,0
1789023480000,721.320,721.680,721.320,721.390,464.68,1789023539999,335276.40930,799,356.15,256972.37630,0
1789023540000,721.390,721.450,721.240,721.240,161.58,1789023599999,116551.49860,453,46.26,33370.84260,0
1789023600000,721.250,721.300,721.110,721.110,338.70,1789023659999,244268.79930,764,108.53,78272.08180,0
1789023660000,721.110,721.120,720.280,720.280,512.20,1789023719999,369155.05360,978,20.74,14950.93750,0
1789023720000,720.290,720.290,719.920,719.930,154.58,1789023779999,111319.81820,631,44.73,32215.11370,0
1789023780000,719.940,719.940,719.650,719.680,171.35,1789023839999,123339.05760,745,76.16,54818.80090,0
1789023840000,719.680,719.730,718.970,719.050,346.91,1789023899999,249538.72620,951,105.44,75845.07590,0
1789023900000,719.050,719.050,718.710,718.710,730.31,1789023959999,525006.63510,1519,224.56,161423.84430,0
1789023960000,718.720,718.790,718.520,718.550,511.06,1789024019999,367292.12890,1128,155.03,111418.48770,0
1789024020000,718.550,719.060,718.500,718.570,685.98,1789024079999,493019.82230,1483,379.28,272583.36170,0
1789024080000,718.580,718.710,718.250,718.560,1406.64,1789024139999,1010699.67210,1840,372.82,267880.21420,0
1789024140000,718.560,718.730,718.350,718.720,211.06,1789024199999,151656.52370,1143,121.89,87585.49900,0
1789024200000,718.730,719.210,718.700,719.200,224.85,1789024259999,161650.03190,964,181.08,130185.29260,0
1789024260000,719.210,719.410,719.070,719.410,346.55,1789024319999,249249.14100,867,291.43,209607.91450,0
1789024320000,719.420,719.420,719.200,719.210,95.38,1789024379999,68603.93110,308,40.65,29238.20410,0
1789024380000,719.210,719.210,719.180,719.180,72.68,1789024439999,52270.79580,123,7.27,5228.59030,0
1789024440000,719.190,719.240,719.020,719.230,488.99,1789024499999,351656.29460,826,248.49,178694.75460,0
1789024500000,719.230,719.240,719.120,719.120,80.66,1789024559999,58008.92200,264,25.01,17985.90450,0
1789024560000,719.130,719.140,718.820,719.140,211.02,1789024619999,151728.16540,689,59.57,42833.13980,0
1789024620000,719.130,719.210,719.000,719.170,321.73,1789024679999,231370.68730,690,45.67,32840.93780,0
1789024680000,719.170,719.170,718.800,718.930,162.45,1789024739999,116788.86100,657,107.66,77394.88770,0
1789024740000,718.940,719.080,718.790,718.890,232.56,1789024799999,167209.20120,798,101.63,73071.20340,0
1789024800000,718.880,718.910,718.500,718.520,294.72,1789024859999,211835.23400,664,50.16,36057.00200,0
1789024860000,718.530,718.530,718.050,718.500,663.66,1789024919999,476677.07910,1086,141.83,101882.42850,0
1789024920000,718.510,718.560,718.120,718.250,397.49,1789024979999,285567.63600,656,79.02,56761.81130,0
1789024980000,718.260,718.550,718.100,718.100,143.83,1789025039999,103323.09490,761,64.73,46503.18100,0
1789025040000,718.100,718.110,715.580,717.340,6088.82,1789025099999,4364614.90820,3665,955.52,685074.92410,0
1789025100000,717.350,717.950,717.350,717.470,1221.26,1789025159999,876427.43310,1528,403.02,289201.35820,0
1789025160000,717.480,717.620,717.270,717.510,696.53,1789025219999,499705.22560,962,290.71,208563.12280,0
1789025220000,717.520,717.660,717.510,717.620,289.18,1789025279999,207511.84030,778,140.65,100929.90840,0
1789025280000,717.630,717.630,717.500,717.510,216.15,1789025339999,155098.88000,395,134.42,96453.39420,0
1789025340000,717.510,717.530,717.150,717.270,616.02,1789025399999,441887.16580,875,203.28,145817.51460,0
1789025400000,717.270,717.360,716.880,716.910,578.61,1789025459999,414896.94190,1062,128.80,92356.28420,0
1789025460000,716.900,716.940,716.550,716.910,511.85,1789025519999,366894.29730,1304,176.31,126380.02540,0
1789025520000,716.920,716.920,716.360,716.360,637.57,1789025579999,456982.12090,968,71.85,51489.28870,0
1789025580000,716.370,716.410,716.000,716.070,221.48,1789025639999,158634.83310,997,77.56,55554.99110,0
1789025640000,716.080,716.280,715.870,716.280,810.63,1789025699999,580457.60450,1511,183.34,131289.09930,0
1789025700000,716.290,716.910,716.220,716.730,552.35,1789025759999,395833.94300,1339,395.84,283658.34000,0
1789025760000,716.730,716.840,716.490,716.490,429.49,1789025819999,307818.37080,947,300.21,215162.38470,0
1789025820000,716.480,716.630,716.360,716.630,233.78,1789025879999,167498.86060,699,142.37,102003.19750,0
1789025880000,716.620,717.050,716.590,717.000,387.85,1789025939999,278037.37930,924,314.98,225801.67930,0
1789025940000,717.010,717.180,715.980,716.100,1193.10,1789025999999,855144.60640,2024,541.20,387870.20840,0
1789026000000,716.100,716.560,715.550,716.550,987.96,1789026059999,707460.58640,2022,567.91,406726.49560,0
1789026060000,716.530,716.900,716.530,716.900,375.76,1789026119999,269323.46960,990,210.07,150565.33980,0
1789026120000,716.900,717.130,716.820,717.130,250.74,1789026179999,179779.78510,849,208.76,149680.20600,0
1789026180000,717.130,717.460,717.070,717.460,377.19,1789026239999,270569.05410,779,312.08,223861.10120,0
1789026240000,717.460,717.760,717.460,717.730,230.80,1789026299999,165633.18160,797,199.02,142827.09860,0
1789026300000,717.740,718.200,717.740,718.150,417.71,1789026359999,299925.29090,1006,339.00,243398.61820,0
1789026360000,718.140,718.150,717.760,717.760,214.82,1789026419999,154253.75870,618,81.23,58328.39940,0
1789026420000,717.760,717.870,717.630,717.860,162.58,1789026479999,116689.60380,600,70.95,50922.63390,0
1789026480000,717.870,718.080,717.760,718.070,107.96,1789026539999,77509.12530,622,87.87,63086.25520,0
1789026540000,718.080,718.170,717.960,718.160,158.28,1789026599999,113659.64220,493,91.16,65461.22380,0
1789026600000,718.170,718.710,718.170,718.630,485.80,1789026659999,349048.56250,1139,400.52,287775.61070,0
1789026660000,718.630,718.860,718.570,718.640,296.48,1789026719999,213095.87700,568,182.16,130930.25210,0
1789026720000,718.640,719.380,718.640,719.250,437.08,1789026779999,314298.02810,926,389.33,279955.94830,0
1789026780000,719.260,719.380,718.850,718.990,223.58,1789026839999,160780.15080,632,108.44,77973.35140,0
1789026840000,719.000,719.760,718.990,719.580,641.60,1789026899999,461627.13290,906,621.22,446966.01240,0
1789026900000,719.570,719.580,719.290,719.290,62.53,1789026959999,44984.16500,267,26.98,19409.87320,0
1789026960000,719.280,719.280,718.860,718.860,218.53,1789027019999,157116.36590,625,70.52,50698.43090,0
1789027020000,718.860,719.120,718.830,719.110,277.83,1789027079999,199743.99790,480,261.69,188141.47610,0
1789027080000,719.120,719.160,718.970,719.130,470.25,1789027139999,338150.98320,477,227.62,163676.35970,0
1789027140000,719.140,719.400,719.140,719.220,120.39,1789027199999,86597.55200,398,81.07,58312.30650,0
1789027200000,719.220,719.580,718.990,719.580,410.93,1789027259999,295522.27910,899,306.18,220190.18170,0
1789027260000,719.590,719.730,718.920,719.000,440.28,1789027319999,316804.66280,982,289.66,208432.83150,0
1789027320000,719.010,719.560,718.910,719.100,645.21,1789027379999,463993.08650,1410,405.98,291957.12550,0
1789027380000,719.100,719.160,718.790,718.800,139.14,1789027439999,100049.14950,408,22.22,15978.84570,0
1789027440000,718.800,718.940,718.380,718.770,477.33,1789027499999,343005.63010,1073,194.29,139631.68750,0
1789027500000,718.770,718.930,718.600,718.850,274.31,1789027559999,197156.72550,737,175.54,126170.76750,0
1789027560000,718.850,718.870,718.690,718.700,56.10,1789027619999,40321.72520,310,23.03,16552.38700,0
1789027620000,718.700,719.340,718.690,719.340,447.59,1789027679999,321788.62740,1095,411.61,295920.60470,0
1789027680000,719.350,719.730,719.350,719.700,183.49,1789027739999,132028.55170,681,124.05,89256.51270,0
1789027740000,719.700,719.720,719.540,719.540,169.18,1789027799999,121754.00480,490,113.21,81475.29310,0
1789027800000,719.540,719.790,719.340,719.620,226.84,1789027859999,163243.28530,577,180.96,130229.14920,0
1789027860000,719.620,719.620,718.820,719.010,379.93,1789027919999,273221.52700,1009,83.51,60052.36670,0
1789027920000,719.000,719.010,718.820,718.990,50.61,1789027979999,36385.99400,359,11.87,8534.15530,0
1789027980000,719.000,719.200,718.720,718.830,501.62,1789028039999,360645.00670,875,116.10,83465.92070,0
1789028040000,718.830,718.850,718.600,718.740,823.64,1789028099999,591964.21450,768,291.29,209348.04870,0
1789028100000,718.750,718.750,718.540,718.670,92.04,1789028159999,66147.03350,522,35.39,25433.30370,0
1789028160000,718.660,718.970,718.450,718.970,151.76,1789028219999,109069.84910,613,78.89,56699.16320,0
1789028220000,718.970,718.970,718.810,718.890,109.80,1789028279999,78934.31650,396,98.18,70580.48450,0
1789028280000,718.900,718.900,718.350,718.460,344.49,1789028339999,247513.05660,513,20.09,14433.87710,0
1789028340000,718.460,719.000,718.460,718.950,444.82,1789028399999,319683.34400,646,389.01,279569.86880,0
1789028400000,718.950,719.120,718.860,719.040,97.37,1789028459999,70012.53770,451,41.51,29847.28670,0
1789028460000,719.040,719.550,719.030,719.290,215.27,1789028519999,154855.72940,606,151.95,109298.00900,0
1789028520000,719.290,719.390,719.110,719.280,357.49,1789028579999,257114.60230,546,72.37,52053.33020,0
1789028580000,719.290,719.740,719.280,719.710,223.33,1789028639999,160705.83840,538,167.92,120837.43190,0
1789028640000,719.720,719.850,719.570,719.810,126.06,1789028699999,90734.45450,464,82.10,59093.83350,0
1789028700000,719.820,719.820,719.090,719.200,605.37,1789028759999,435607.86470,651,66.88,48119.23090,0
1789028760000,719.200,719.610,719.180,719.610,154.89,1789028819999,111420.44010,568,122.57,88169.65690,0
1789028820000,719.600,719.610,719.140,719.200,83.46,1789028879999,60045.34390,359,13.13,9443.74560,0
1789028880000,719.190,719.700,719.190,719.690,52.72,1789028939999,37934.78770,370,37.77,27176.02650,0
1789028940000,719.680,719.730,719.450,719.670,104.33,1789028999999,75071.84160,404,86.76,62428.43670,0
1789029000000,719.680,719.810,719.430,719.490,141.58,1789029059999,101894.28120,550,76.33,54937.39740,0
1789029060000,719.490,719.490,719.070,719.290,378.61,1789029119999,272327.33780,692,306.88,220730.25040,0
1789029120000,719.280,719.280,718.890,718.890,132.30,1789029179999,95133.46720,479,40.10,28835.40850,0
1789029180000,718.890,719.360,718.460,719.210,515.99,1789029239999,370903.86750,1073,325.49,233948.28410,0
1789029240000,719.220,719.360,719.060,719.130,218.86,1789029299999,157415.11090,416,124.88,89820.40800,0
1789029300000,719.120,719.120,718.890,719.060,365.69,1789029359999,262924.80270,547,28.67,20613.25180,0
1789029360000,719.070,719.280,719.060,719.240,136.82,1789029419999,98395.09070,527,68.90,49549.58110,0
1789029420000,719.250,719.570,719.250,719.460,125.94,1789029479999,90606.10240,499,80.50,57912.75910,0
1789029480000,719.460,719.470,719.200,719.200,150.46,1789029539999,108231.94350,439,35.07,25227.22170,0
1789029540000,719.200,719.460,719.150,719.180,89.49,1789029599999,64365.47300,392,48.67,35005.00590,0
1789029600000,719.180,719.330,719.060,719.170,163.30,1789029659999,117446.01870,649,101.26,72827.20240,0
1789029660000,719.160,719.170,718.780,718.830,198.22,1789029719999,142516.82380,427,13.53,9726.10340,0
1789029720000,718.840,718.920,718.660,718.750,108.54,1789029779999,78019.52400,401,38.46,27645.91100,0
1789029780000,718.760,718.930,718.740,718.790,83.69,1789029839999,60159.65010,388,56.91,40907.83940,0
1789029840000,718.800,719.050,718.790,719.050,50.68,1789029899999,36433.89970,313,45.35,32601.87110,0
1789029900000,719.050,719.220,718.900,718.900,112.31,1789029959999,80767.35630,359,52.70,37898.53520,0
1789029960000,718.900,719.180,718.790,719.080,170.39,1789030019999,122497.36170,647,83.17,59796.05780,0
1789030020000,719.080,719.270,719.080,719.170,90.75,1789030079999,65262.82170,327,50.76,36504.78220,0
1789030080000,719.180,719.180,718.870,718.870,109.03,1789030139999,78399.85430,422,83.01,59689.09170,0
1789030140000,718.880,719.040,718.720,718.990,252.00,1789030199999,181166.10750,501,211.35,151941.95690,0
1789030200000,719.000,719.140,718.840,719.100,98.67,1789030259999,70946.45940,709,48.24,34684.93440,0
1789030260000,719.110,719.510,719.100,719.450,163.59,1789030319999,117687.88880,551,91.64,65923.64460,0
1789030320000,719.460,719.510,719.270,719.350,112.28,1789030379999,80775.93450,387,21.98,15813.23730,0
1789030380000,719.360,719.360,719.240,719.250,34.38,1789030439999,24730.29900,183,6.49,4668.21930,0
1789030440000,719.250,719.400,719.250,719.270,58.86,1789030499999,42339.93920,369,21.38,15379.24280,0
1789030500000,719.270,719.280,718.900,718.900,53.21,1789030559999,38258.71410,495,8.36,6010.92770,0
1789030560000,718.900,718.900,718.690,718.690,60.27,1789030619999,43318.09840,331,18.71,13447.04330,0
1789030620000,718.690,718.700,718.500,718.500,137.98,1789030679999,99155.84700,300,39.92,28689.98040,0
1789030680000,718.510,718.620,718.510,718.610,80.27,1789030739999,57678.47430,332,41.93,30129.15420,0
1789030740000,718.610,718.670,718.510,718.660,58.19,1789030799999,41814.27290,294,39.47,28362.30020,0
1789030800000,718.670,718.860,718.580,718.830,143.14,1789030859999,102874.01780,647,88.48,63588.00740,0
1789030860000,718.830,719.140,718.650,718.920,204.58,1789030919999,147061.95440,876,136.84,98369.94010,0
1789030920000,718.920,719.130,718.750,719.130,188.99,1789030979999,135862.69790,819,160.91,115676.39460,0
1789030980000,719.140,719.140,719.100,719.120,54.76,1789031039999,39379.75130,270,37.86,27226.46030,0
1789031040000,719.110,719.360,719.100,719.180,163.13,1789031099999,117321.62800,586,136.87,98434.88260,0
1789031100000,719.190,719.220,718.910,718.910,90.15,1789031159999,64832.44540,393,41.66,29961.72340,0
1789031160000,718.920,718.950,718.690,718.940,202.23,1789031219999,145355.98280,598,168.72,121267.43620,0
1789031220000,718.950,719.110,718.920,719.070,151.57,1789031279999,108976.34590,529,106.57,76621.68070,0
1789031280000,719.070,719.070,718.680,718.690,80.42,1789031339999,57807.30620,316,58.94,42367.03600,0
1789031340000,718.680,718.760,718.030,718.030,275.17,1789031399999,197681.64870,839,48.50,34855.53960,0
1789031400000,718.030,718.250,718.030,718.140,126.51,1789031459999,90852.52720,788,74.89,53780.58380,0
1789031460000,718.140,718.510,718.130,718.500,86.73,1789031519999,62296.89150,675,60.24,43269.01600,0
1789031520000,718.510,718.640,718.510,718.550,57.27,1789031579999,41153.47790,424,27.81,19983.71930,0
1789031580000,718.560,718.560,718.400,718.410,53.91,1789031639999,38734.18190,220,8.33,5984.83500,0
1789031640000,718.400,718.860,718.400,718.860,116.93,1789031699999,84020.68550,904,103.59,74434.92580,0
1789031700000,718.860,719.000,718.680,718.680,191.71,1789031759999,137820.13940,632,22.87,16441.42970,0
1789031760000,718.680,718.690,718.270,718.320,132.61,1789031819999,95278.60580,614,32.45,23312.66450,0
1789031820000,718.320,718.440,718.270,718.390,100.96,1789031879999,72526.18640,607,50.97,36613.84590,0
1789031880000,718.400,718.500,718.340,718.490,74.89,1789031939999,53802.10400,525,40.34,28980.98430,0
1789031940000,718.500,718.550,718.310,718.350,88.40,1789031999999,63510.54870,403,24.30,17458.61250,0
1789032000000,718.350,718.770,718.350,718.640,252.09,1789032059999,181164.75770,1016,127.93,91933.36940,0
1789032060000,718.640,718.910,718.620,718.710,111.77,1789032119999,80330.97610,796,87.85,63138.06370,0
1789032120000,718.700,718.710,718.590,718.700,93.80,1789032179999,67408.71940,425,33.78,24275.43280,0
1789032180000,718.710,718.860,718.700,718.850,51.94,1789032239999,37335.30230,464,32.97,23698.82930,0
1789032240000,718.850,718.860,718.660,718.670,82.28,1789032299999,59141.76510,250,7.45,5355.23540,0
1789032300000,718.660,718.680,718.500,718.580,256.37,1789032359999,184218.48610,803,141.68,101805.15630,0
1789032360000,718.570,718.700,718.380,718.580,184.41,1789032419999,132503.65490,984,134.42,96585.09910,0
1789032420000,718.590,719.040,718.580,718.960,253.27,1789032479999,182051.81270,892,159.36,114563.53900,0
1789032480000,718.960,718.960,718.550,718.650,178.04,1789032539999,127967.73560,573,113.91,81876.81680,0
1789032540000,718.660,718.660,718.650,718.650,19.71,1789032599999,14164.70770,175,11.62,8350.82920,0
1789032600000,718.650,718.650,717.830,717.890,325.93,1789032659999,234033.33030,973,56.93,40872.98470,0
1789032660000,717.900,718.000,717.350,717.930,1883.18,1789032719999,1351649.36860,2626,1395.63,1001715.73110,0
1789032720000,717.940,717.940,717.520,717.520,308.92,1789032779999,221744.00280,844,94.55,67871.51360,0
1789032780000,717.520,717.700,717.230,717.270,326.12,1789032839999,233971.01000,1105,159.94,114746.89510,0
1789032840000,717.280,717.980,717.230,717.920,174.93,1789032899999,125542.40570,1025,114.60,82243.35050,0
1789032900000,717.910,717.910,717.090,717.090,604.02,1789032959999,433305.85320,813,55.03,39493.01120,0
1789032960000,717.090,717.230,717.080,717.220,200.11,1789033019999,143503.81940,778,84.43,60547.25310,0
1789033020000,717.230,717.350,717.190,717.220,166.52,1789033079999,119437.69170,681,93.54,67091.33150,0
1789033080000,717.210,717.350,716.580,716.610,934.28,1789033139999,669787.46120,1476,141.97,101759.66260,0
1789033140000,716.610,716.620,716.350,716.360,281.75,1789033199999,201866.77000,886,63.21,45287.95910,0
1789033200000,716.370,716.430,716.070,716.310,472.27,1789033259999,338232.30220,1255,247.86,177514.75920,0
1789033260000,716.300,716.480,716.010,716.060,423.75,1789033319999,303487.95710,1123,144.60,103568.43690,0
1789033320000,716.060,716.110,715.680,715.940,670.26,1789033379999,479884.52220,1335,108.14,77420.89730,0
1789033380000,715.940,716.560,715.940,716.490,550.80,1789033439999,394522.87810,1163,466.64,334237.18260,0
1789033440000,716.490,716.850,716.490,716.770,287.51,1789033499999,206048.32250,906,254.30,182248.10570,0
1789033500000,716.770,717.050,716.500,716.660,592.60,1789033559999,424683.23790,1194,190.10,136255.98790,0
1789033560000,716.670,717.370,716.570,717.370,175.34,1789033619999,125699.02210,1280,145.90,104597.42460,0
1789033620000,717.370,717.370,716.910,717.110,89.48,1789033679999,64161.76890,489,43.82,31417.77680,0
1789033680000,717.110,717.120,716.690,716.770,108.22,1789033739999,77579.74570,485,33.46,23984.21910,0
1789033740000,716.770,717.160,716.770,717.110,193.09,1789033799999,138442.43080,928,149.17,106953.79490,0
1789033800000,717.110,717.420,717.050,717.320,132.23,1789033859999,94847.97570,782,100.01,71736.53230,0
1789033860000,717.320,717.320,717.190,717.230,78.40,1789033919999,56231.07270,349,35.99,25812.86130,0
1789033920000,717.230,717.620,717.200,717.560,618.39,1789033979999,443635.86430,1032,444.31,318747.74450,0
1789033980000,717.560,717.990,717.550,717.980,208.37,1789034039999,149546.84810,829,187.32,134439.85650,0
1789034040000,717.990,717.990,717.700,717.850,164.93,1789034099999,118391.23500,571,60.40,43357.47740,0
1789034100000,717.860,717.880,717.660,717.710,186.49,1789034159999,133854.22980,705,82.18,58986.46350,0
1789034160000,717.700,717.710,717.700,717.700,19.89,1789034219999,14275.18590,155,13.29,9538.36590,0
1789034220000,717.700,717.700,717.160,717.280,530.76,1789034279999,380810.80440,1043,69.82,50084.15870,0
1789034280000,717.290,717.540,717.280,717.540,130.39,1789034339999,93542.92100,674,86.73,62222.47820,0
1789034340000,717.540,717.680,717.450,717.620,116.62,1789034399999,83679.31680,624,92.04,66042.78800,0
1789034400000,717.620,717.630,717.500,717.530,114.81,1789034459999,82381.75600,408,64.94,46596.79790,0
1789034460000,717.530,717.730,717.520,717.720,124.98,1789034519999,89682.94960,536,92.52,66391.38440,0
1789034520000,717.720,718.370,717.650,718.360,630.37,1789034579999,452554.52080,1541,517.39,371437.50100,0
1789034580000,718.370,718.500,718.360,718.490,105.81,1789034639999,76012.42150,465,69.63,50021.59630,0
1789034640000,718.500,718.500,718.020,718.030,182.89,1789034699999,131353.30330,509,19.14,13750.22600,0
1789034700000,718.020,718.310,717.970,718.310,134.79,1789034759999,96786.30520,784,54.42,39078.98780,0
1789034760000,718.310,718.420,718.190,718.410,155.90,1789034819999,111975.29140,610,56.61,40661.55270,0
1789034820000,718.410,718.580,718.020,718.050,431.42,1789034879999,309876.93980,784,104.21,74851.28290,0
1789034880000,718.050,718.280,717.910,717.910,98.86,1789034939999,70996.46260,526,23.74,17049.35810,0
1789034940000,717.910,718.010,717.660,717.730,115.58,1789034999999,82968.74690,701,55.69,39974.33830,0
1789035000000,717.740,717.840,717.720,717.820,45.77,1789035059999,32853.09360,462,22.88,16422.82060,0
1789035060000,717.820,717.980,717.760,717.940,77.59,1789035119999,55698.95990,623,33.43,23997.80860,0
1789035120000,717.940,717.980,717.670,717.790,101.42,1789035179999,72802.33010,632,27.27,19576.87820,0
1789035180000,717.790,717.800,717.700,717.740,33.88,1789035239999,24317.58050,356,8.67,6222.93120,0
1789035240000,717.740,718.430,717.740,718.050,418.31,1789035299999,300358.75980,912,366.93,263455.94230,0
1789035300000,718.050,718.440,718.050,718.430,77.60,1789035359999,55742.24410,564,48.05,34513.69810,0
1789035360000,718.430,718.430,717.830,718.010,265.06,1789035419999,190385.17480,741,39.45,28336.62850,0
1789035420000,718.010,718.010,717.690,717.820,231.87,1789035479999,166434.33810,707,76.60,54981.60320,0
1789035480000,717.830,718.150,717.830,717.960,83.43,1789035539999,59904.04660,605,51.23,36782.80920,0
1789035540000,717.950,718.070,717.950,718.070,59.18,1789035599999,42492.91580,327,25.57,18359.68180,0
1789035600000,718.060,718.060,717.800,717.960,66.63,1789035659999,47836.48710,423,30.86,22154.96270,0
1789035660000,717.960,718.290,717.960,718.290,62.76,1789035719999,45068.29720,472,41.97,30139.50160,0
1789035720000,718.280,718.290,717.860,718.080,132.96,1789035779999,95468.44020,597,81.47,58492.91910,0
1789035780000,718.080,718.080,717.590,717.700,97.66,1789035839999,70097.78300,593,29.82,21403.31400,0
1789035840000,717.700,717.700,717.500,717.500,83.16,1789035899999,59673.49460,364,23.10,16575.36720,0
1789035900000,717.500,717.790,717.060,717.790,880.75,1789035959999,631819.69180,1261,394.11,282777.26790,0
1789035960000,717.800,718.030,717.790,717.790,159.91,1789036019999,114798.66830,535,80.34,57674.94540,0
1789036020000,717.790,717.880,717.760,717.760,45.95,1789036079999,32983.43840,268,10.97,7874.30260,0
1789036080000,717.760,717.980,717.760,717.880,97.43,1789036139999,69942.27180,535,51.69,37105.03180,0
1789036140000,717.880,718.000,717.820,717.820,69.24,1789036199999,49708.74920,312,49.51,35544.09790,0
1789036200000,717.820,717.960,717.660,717.690,93.96,1789036259999,67442.04660,511,23.93,17176.28110,0
1789036260000,717.700,717.700,717.470,717.470,241.96,1789036319999,173645.04800,359,32.49,23314.27960,0
1789036320000,717.470,717.480,717.180,717.310,136.77,1789036379999,98102.55600,697,51.98,37283.13480,0
1789036380000,717.300,717.310,716.780,716.780,169.54,1789036439999,121577.00880,563,51.12,36661.44060,0
1789036440000,716.770,717.150,716.570,717.150,200.10,1789036499999,143428.58150,883,80.72,57859.63850,0
1789036500000,717.140,717.540,717.140,717.370,98.84,1789036559999,70902.88910,925,58.77,42157.48490,0
1789036560000,717.370,717.740,717.360,717.680,96.06,1789036619999,68930.94760,634,53.90,38675.02020,0
1789036620000,717.670,718.270,717.600,718.080,216.36,1789036679999,155344.30180,828,160.87,115511.41360,0
1789036680000,718.080,718.310,718.030,718.250,183.01,1789036739999,131430.14280,620,145.83,104729.18390,0
1789036740000,718.250,718.400,718.110,718.240,91.44,1789036799999,65681.63840,524,38.16,27410.39310,0
1789036800000,718.250,718.410,718.250,718.370,96.41,1789036859999,69256.03180,496,60.00,43100.45180,0
1789036860000,718.370,718.370,718.310,718.320,58.98,1789036919999,42367.40720,219,22.91,16456.79390,0
1789036920000,718.310,718.320,717.970,718.090,468.93,1789036979999,336738.00120,746,45.63,32765.80690,0
1789036980000,718.090,718.160,717.960,718.120,111.07,1789037039999,79752.74390,469,57.80,41502.16250,0
1789037040000,718.110,718.170,718.110,718.120,49.07,1789037099999,35239.39300,242,13.91,9989.14650,0
1789037100000,718.120,718.130,717.750,718.000,102.69,1789037159999,73735.55800,533,29.48,21166.94760,0
1789037160000,718.010,718.310,717.910,717.910,173.05,1789037219999,124285.37690,612,96.62,69390.91610,0
1789037220000,717.910,718.030,717.840,717.980,66.39,1789037279999,47661.82850,356,49.43,35486.02930,0
1789037280000,717.980,718.160,717.900,718.000,92.00,1789037339999,66055.96100,513,49.48,35524.34660,0
1789037340000,718.000,718.010,717.950,718.010,35.42,1789037399999,25430.46980,218,6.27,4501.70960,0
1789037400000,718.010,718.030,717.860,718.030,110.21,1789037459999,79122.98840,333,50.92,36557.26900,0
1789037460000,718.020,718.030,717.720,717.760,63.74,1789037519999,45758.13490,374,16.06,11528.49910,0
1789037520000,717.760,717.760,717.530,717.610,88.48,1789037579999,63495.91590,459,25.39,18220.57560,0
1789037580000,717.610,717.620,717.560,717.560,27.36,1789037639999,19633.02310,247,16.30,11696.63710,0
1789037640000,717.560,717.570,717.560,717.560,23.17,1789037699999,16625.91210,146,4.69,3365.40330,0
1789037700000,717.560,717.570,717.470,717.530,45.33,1789037759999,32525.45200,302,19.44,13949.04550,0
1789037760000,717.520,718.880,717.490,718.490,617.41,1789037819999,443265.50900,1644,381.58,273979.32910,0
1789037820000,718.490,718.590,717.970,718.080,116.77,1789037879999,83877.26840,737,52.58,37766.11010,0
1789037880000,718.070,718.070,717.600,717.610,66.29,1789037939999,47587.61540,444,14.40,10336.57410,0
1789037940000,717.610,717.610,717.220,717.230,74.61,1789037999999,53529.25880,362,8.81,6319.80670,0
1789038000000,717.240,717.240,716.910,717.040,196.96,1789038059999,141234.37740,946,51.28,36769.66590,0
1789038060000,717.050,717.060,716.740,716.760,188.70,1789038119999,135270.62480,742,115.56,82838.62190,0
1789038120000,716.750,716.800,716.140,716.800,658.17,1789038179999,471539.55590,1645,201.51,144373.54410,0
1789038180000,716.810,716.890,716.760,716.760,80.96,1789038239999,58034.76410,469,46.58,33390.26180,0
1789038240000,716.750,716.760,715.800,716.070,564.74,1789038299999,404432.67520,1335,169.10,121081.67700,0
1789038300000,716.070,716.350,715.970,716.340,699.35,1789038359999,500839.43240,1050,154.40,110583.75980,0
1789038360000,716.330,716.540,716.080,716.480,119.20,1789038419999,85379.51270,784,56.90,40757.76870,0
1789038420000,716.490,717.050,716.480,716.950,225.20,1789038479999,161435.63750,635,171.07,122624.26420,0
1789038480000,716.940,716.950,716.730,716.870,73.51,1789038539999,52697.94860,391,21.47,15391.53280,0
1789038540000,716.870,716.870,716.630,716.640,81.86,1789038599999,58677.91590,350,25.35,18170.67100,0
1789038600000,716.630,717.310,716.630,717.300,548.30,1789038659999,393155.29120,1191,508.26,364442.95900,0
1789038660000,717.300,717.490,717.300,717.440,1203.14,1789038719999,863071.34040,774,329.85,236629.67320,0
1789038720000,717.430,717.600,717.190,717.330,587.05,1789038779999,421129.48690,720,353.61,253669.06160,0
1789038780000,717.330,717.800,717.310,717.760,115.77,1789038839999,83075.81710,661,85.98,61696.78310,0
1789038840000,717.760,718.000,717.640,717.980,104.55,1789038899999,75051.38810,562,69.49,49886.74250,0
1789038900000,718.000,719.170,718.000,718.790,702.38,1789038959999,504841.21810,1704,559.44,402091.31180,0
1789038960000,718.790,719.260,718.420,718.650,981.18,1789039019999,705339.28190,1260,338.10,243073.05850,0
1789039020000,718.650,719.070,718.300,718.590,248.65,1789039079999,178707.23240,1114,121.40,87261.10840,0
1789039080000,718.590,718.680,718.390,718.650,181.09,1789039139999,130123.06940,719,61.10,43906.22780,0
1789039140000,718.650,718.710,718.450,718.700,139.39,1789039199999,100167.17790,572,43.89,31540.14620,0
1789039200000,718.690,718.900,718.490,718.720,452.38,1789039259999,325085.58870,664,187.88,135022.67850,0
1789039260000,718.730,718.800,718.320,718.320,222.74,1789039319999,160067.00660,578,112.76,81024.66940,0
1789039320000,718.310,718.350,717.900,718.350,688.38,1789039379999,494310.61630,589,103.50,74327.78690,0
1789039380000,718.340,718.500,718.340,718.340,175.15,1789039439999,125831.32510,392,89.36,64194.62970,0
1789039440000,718.350,718.690,718.350,718.470,552.93,1789039499999,397255.85930,581,438.58,315083.56490,0
1789039500000,718.480,718.480,718.170,718.170,609.77,1789039559999,438042.13920,264,26.13,18773.88240,0
1789039560000,718.170,718.280,717.920,718.030,428.92,1789039619999,307994.60830,635,331.04,237702.67590,0
1789039620000,718.030,718.590,717.990,718.590,141.36,1789039679999,101525.56610,572,127.04,91240.63720,0
1789039680000,718.590,718.870,718.580,718.730,370.95,1789039739999,266609.37480,576,323.60,232575.70960,0
1789039740000,718.720,718.730,718.600,718.720,36.73,1789039799999,26395.97790,288,25.42,18267.36920,0
1789039800000,718.730,718.790,718.550,718.600,201.05,1789039859999,144488.74950,418,61.47,44173.90240,0
1789039860000,718.610,718.800,718.570,718.620,97.36,1789039919999,69968.07900,485,34.82,25022.68970,0
1789039920000,718.610,718.830,718.610,718.820,107.12,1789039979999,76989.24180,384,101.58,73007.61960,0
1789039980000,718.830,718.830,718.250,718.590,468.99,1789040039999,336992.71990,794,79.91,57407.55340,0
1789040040000,718.590,718.830,718.480,718.720,160.76,1789040099999,115538.59570,441,103.78,74588.15530,0
1789040100000,718.720,718.850,718.710,718.800,77.14,1789040159999,55449.48120,286,48.11,34581.88530,0
1789040160000,718.800,718.800,718.560,718.570,84.97,1789040219999,61069.23890,321,20.47,14710.70740,0
1789040220000,718.560,718.560,718.450,718.500,67.18,1789040279999,48270.24850,333,17.08,12271.36280,0
1789040280000,718.500,718.750,718.310,718.700,494.72,1789040339999,355470.63930,859,430.91,309616.49350,0
1789040340000,718.710,718.780,718.630,718.720,52.74,1789040399999,37905.16200,319,25.44,18283.80920,0
1789040400000,718.720,718.720,718.440,718.560,85.09,1789040459999,61147.76590,309,18.73,13458.09230,0
1789040460000,718.570,718.720,718.390,718.590,78.30,1789040519999,56268.56160,388,18.85,13544.85620,0
1789040520000,718.590,718.780,718.450,718.770,92.73,1789040579999,66641.56090,487,61.67,44320.47670,0
1789040580000,718.770,718.780,718.070,718.490,476.59,1789040639999,342338.14630,928,100.27,72017.74120,0
1789040640000,718.480,718.480,718.270,718.430,110.43,1789040699999,79323.61580,394,37.42,26879.56580,0
1789040700000,718.440,718.700,718.440,718.560,70.42,1789040759999,50604.30660,569,26.87,19308.05700,0
1789040760000,718.560,718.640,718.340,718.340,73.19,1789040819999,52590.52110,430,22.00,15808.94920,0
1789040820000,718.330,718.330,717.680,717.680,158.84,1789040879999,114046.61650,468,39.84,28595.11450,0
1789040880000,717.690,718.250,717.390,718.110,895.14,1789040939999,642548.19840,1393,662.63,475651.40760,0
1789040940000,718.100,718.100,717.940,718.000,97.65,1789040999999,70115.98800,432,30.64,22000.54870,0
1789041000000,718.000,718.000,717.200,717.280,335.51,1789041059999,240742.39270,838,21.13,15157.19450,0
1789041060000,717.270,717.280,717.000,717.010,124.23,1789041119999,89091.73490,468,12.53,8986.24110,0
1789041120000,717.010,717.220,717.000,717.210,155.64,1789041179999,111618.77210,475,108.51,77818.75040,0
1789041180000,717.210,717.740,717.210,717.730,171.85,1789041239999,123296.31690,712,88.96,63825.25650,0
1789041240000,717.730,717.790,717.210,717.270,340.76,1789041299999,244523.40160,657,34.76,24938.03690,0
1789041300000,717.270,717.270,716.770,716.870,193.54,1789041359999,138764.43110,1048,69.49,49818.74220,0
1789041360000,716.880,716.970,716.630,716.640,135.28,1789041419999,96972.38380,531,67.90,48675.74300,0
1789041420000,716.640,716.950,716.610,716.950,168.18,1789041479999,120539.31390,575,86.12,61730.93870,0
1789041480000,716.960,717.300,716.920,717.000,102.92,1789041539999,73804.17270,652,70.94,50870.06190,0
1789041540000,717.000,717.000,716.630,716.660,110.95,1789041599999,79537.37930,309,25.26,18109.84140,0
1789041600000,716.650,717.330,716.610,717.050,437.70,1789041659999,313827.11120,1233,348.72,250016.26840,0
1789041660000,717.040,717.040,716.680,716.680,404.93,1789041719999,290261.82730,757,158.26,113446.29600,0
1789041720000,716.680,716.960,716.550,716.670,641.16,1789041779999,459582.73660,1374,376.15,269622.98010,0
1789041780000,716.660,716.670,716.270,716.330,187.94,1789041839999,134656.33170,711,70.81,50731.59920,0
1789041840000,716.330,716.340,716.000,716.210,365.98,1789041899999,262095.69800,998,131.65,94283.10900,0
1789041900000,716.210,716.280,716.000,716.280,458.81,1789041959999,328554.96810,887,92.64,66347.37600,0
1789041960000,716.280,716.390,715.860,715.880,372.57,1789042019999,266855.99600,776,186.69,133727.11390,0
1789042020000,715.880,716.020,715.800,715.840,150.56,1789042079999,107790.21640,760,43.72,31300.32110,0
1789042080000,715.850,716.060,715.290,715.510,981.30,1789042139999,702244.59140,1598,288.30,206356.02010,0
1789042140000,715.510,715.750,715.500,715.610,225.95,1789042199999,161694.01260,640,83.69,59890.28910,0
1789042200000,715.600,715.770,715.470,715.770,269.03,1789042259999,192519.66250,803,95.37,68253.01050,0
1789042260000,715.770,715.790,715.700,715.710,88.44,1789042319999,63299.76540,344,36.87,26389.05750,0
1789042320000,715.710,715.720,715.540,715.550,743.63,1789042379999,532164.20210,587,69.80,49951.40980,0
1789042380000,715.540,716.240,715.540,716.240,323.03,1789042439999,231225.78770,977,236.82,169514.41160,0
1789042440000,716.240,716.310,716.060,716.060,156.92,1789042499999,112387.30580,597,82.70,59229.35010,0
1789042500000,716.060,716.150,715.630,715.670,184.11,1789042559999,131808.98430,1183,82.64,59162.79640,0
1789042560000,715.670,715.700,715.490,715.500,278.44,1789042619999,199232.07780,642,21.82,15614.95760,0
1789042620000,715.490,715.770,715.490,715.530,117.43,1789042679999,84038.68820,686,39.42,28210.68570,0
1789042680000,715.520,715.940,715.520,715.940,465.45,1789042739999,333123.24980,851,351.08,251276.41520,0
1789042740000,715.940,715.950,715.660,715.660,483.69,1789042799999,346235.85590,734,166.97,119528.14080,0
1789042800000,715.660,715.710,715.540,715.640,271.69,1789042859999,194434.41810,908,149.93,107295.50920,0
1789042860000,715.640,715.730,715.620,715.660,103.12,1789042919999,73801.72280,454,34.07,24383.47460,0
1789042920000,715.660,715.910,715.380,715.380,693.03,1789042979999,495936.56680,859,186.01,133143.61400,0
1789042980000,715.390,715.800,715.380,715.800,207.60,1789043039999,148555.82290,666,129.96,93000.05700,0
1789043040000,715.800,715.810,715.540,715.540,130.66,1789043099999,93512.74610,368,25.19,18027.92040,0
1789043100000,715.540,715.780,715.540,715.730,225.38,1789043159999,161300.22700,632,73.01,52251.93620,0
1789043160000,715.730,715.890,715.730,715.870,138.27,1789043219999,98975.34540,480,104.40,74731.27370,0
1789043220000,715.870,716.030,715.870,715.890,152.30,1789043279999,109040.19180,471,115.00,82335.39520,0
1789043280000,715.880,716.200,715.740,716.190,163.43,1789043339999,116998.26580,682,69.58,49819.11830,0
1789043340000,716.190,717.000,716.160,716.830,589.89,1789043399999,422685.71860,1300,463.50,332138.58590,0
1789043400000,716.830,718.390,713.340,717.300,10081.72,1789043459999,7212747.60820,10189,4154.99,2975395.54040,0
1789043460000,717.290,717.290,715.610,716.470,2223.48,1789043519999,1592865.90300,3727,834.87,598142.77390,0
1789043520000,716.470,717.080,715.770,715.940,891.84,1789043579999,639005.32660,2530,469.49,336464.99020,0
1789043580000,715.930,716.080,714.930,715.290,943.43,1789043639999,674908.46670,2380,234.81,167999.13350,0
1789043640000,715.280,715.460,714.120,714.670,1887.80,1789043699999,1349304.94380,3265,1110.93,794091.37760,0
1789043700000,714.680,716.120,714.670,715.360,760.79,1789043759999,544234.18780,2495,412.02,294741.61880,0
1789043760000,715.360,716.200,714.750,714.950,686.72,1789043819999,491399.73420,2106,370.73,265250.11280,0
1789043820000,714.960,715.130,714.240,714.540,635.30,1789043879999,453977.84850,1688,145.47,103965.19620,0
1789043880000,714.510,714.960,712.660,712.660,3479.26,1789043939999,2482089.33020,4077,637.27,454743.13080,0
1789043940000,712.670,712.670,710.680,711.470,10811.21,1789043999999,7693414.13760,7732,4182.19,2976033.46640,0
1789044000000,711.470,712.890,710.820,711.610,7623.95,1789044059999,5425475.33540,5170,4808.34,3421533.20400,0
1789044060000,711.620,713.280,711.610,712.450,3148.20,1789044119999,2243012.26420,4123,1633.48,1163709.88580,0
1789044120000,712.440,713.070,711.790,712.710,1322.68,1789044179999,942379.18280,2651,874.06,622775.61600,0
1789044180000,712.700,712.890,712.380,712.440,538.67,1789044239999,383887.16230,1741,255.06,181766.92870,0
1789044240000,712.430,712.800,712.190,712.440,641.80,1789044299999,457247.15930,1879,231.86,165196.10070,0
1789044300000,712.440,712.740,711.920,711.980,625.75,1789044359999,445676.53360,1665,355.50,253207.33930,0
1789044360000,711.980,712.070,710.060,710.540,2002.37,1789044419999,1424028.99360,3469,564.87,401826.88120,0
1789044420000,710.500,710.510,703.500,707.100,23442.34,1789044479999,16567566.68770,17516,7968.46,5629419.32060,0
1789044480000,707.110,708.740,706.720,708.460,2348.07,1789044539999,1661794.77600,4503,1129.66,799580.75760,0
1789044540000,708.450,709.050,707.960,708.860,1388.99,1789044599999,984303.14890,2546,707.69,501532.57010,0
1789044600000,708.860,709.170,707.650,708.630,2454.97,1789044659999,1738889.39320,3865,1213.58,859540.37760,0
1789044660000,708.630,708.630,707.540,707.560,735.26,1789044719999,520563.36440,2222,342.79,242680.77730,0
1789044720000,707.570,707.600,706.480,707.050,910.91,1789044779999,643989.55990,2534,336.46,237862.63880,0
1789044780000,707.060,707.350,705.890,706.040,1743.13,1789044839999,1231322.50290,3334,811.09,572969.23370,0
1789044840000,706.040,706.580,705.870,705.900,861.50,1789044899999,608403.91070,2092,432.39,305368.15470,0
1789044900000,705.900,706.200,703.000,704.860,5447.88,1789044959999,3838993.68000,5965,1798.57,1267640.08300,0
1789044960000,704.860,706.030,704.260,705.720,3723.23,1789045019999,2626367.54460,3684,2133.30,1504753.75240,0
1789045020000,705.720,706.920,705.070,706.680,980.42,1789045079999,692262.28230,2603,697.75,492681.87780,0
1789045080000,706.680,707.840,706.140,706.180,1909.17,1789045139999,1349926.53110,2793,1250.08,884043.58470,0
1789045140000,706.190,707.360,705.450,705.780,2225.60,1789045199999,1571888.56280,3686,1439.97,1017182.35640,0
1789045200000,705.760,707.050,705.510,707.050,998.04,1789045259999,704937.44170,2955,543.13,383643.60010,0
1789045260000,707.060,708.450,707.040,707.490,2885.37,1789045319999,2042839.66310,3869,1516.84,1073825.75170,0
1789045320000,707.500,708.490,707.490,708.220,1331.10,1789045379999,942677.95380,2322,935.91,662823.27430,0
1789045380000,708.220,708.640,708.160,708.260,710.67,1789045439999,503432.88020,1834,365.04,258594.64500,0
1789045440000,708.270,708.870,707.670,707.830,862.50,1789045499999,610949.82490,2087,317.67,225025.15430,0
1789045500000,707.830,708.200,707.490,707.650,732.62,1789045559999,518560.26090,2372,287.36,203403.12520,0
1789045560000,707.660,708.040,707.490,708.030,387.22,1789045619999,274066.39490,1582,175.53,124238.08190,0
1789045620000,708.040,708.040,707.220,707.280,539.47,1789045679999,381697.75670,1552,247.40,175022.98260,0
1789045680000,707.270,707.490,706.570,706.890,687.82,1789045739999,486277.79680,1882,256.78,181549.12960,0
1789045740000,706.900,707.860,706.690,707.000,665.62,1789045799999,470794.59350,1936,370.30,261930.65950,0
1789045800000,707.010,707.850,706.940,707.180,372.05,1789045859999,263203.26220,1656,218.27,154421.47570,0
1789045860000,707.180,707.480,706.890,706.900,333.48,1789045919999,235814.75340,1399,123.41,87268.78390,0
1789045920000,706.900,707.190,705.500,705.680,1145.69,1789045979999,809138.96570,2241,411.21,290434.02390,0
1789045980000,705.680,705.930,705.250,705.390,1545.17,1789046039999,1090305.27800,2712,606.49,427926.83660,0
1789046040000,705.380,706.000,705.340,705.600,777.19,1789046099999,548432.76780,2163,360.99,254730.36990,0
1789046100000,705.590,706.080,705.450,706.080,460.48,1789046159999,324966.70180,1585,296.27,209088.25750,0
1789046160000,706.090,706.750,705.390,706.570,743.73,1789046219999,525194.70800,2092,399.88,282414.39740,0
1789046220000,706.570,706.580,706.020,706.130,1526.29,1789046279999,1078023.52320,1397,225.50,159247.34500,0
1789046280000,706.130,706.330,705.350,705.790,2090.19,1789046339999,1475496.46820,1591,248.91,175687.10250,0
1789046340000,705.800,705.800,705.260,705.340,680.54,1789046399999,480139.79310,1486,166.71,117621.63350,0
1789046400000,705.350,706.220,705.240,705.840,791.11,1789046459999,558233.51690,1901,413.18,291514.51110,0
1789046460000,705.830,707.000,705.830,706.890,745.29,1789046519999,526697.85600,1754,418.20,295528.20860,0
1789046520000,706.900,707.070,706.560,706.860,456.29,1789046579999,322522.26010,1464,277.91,196432.27100,0
1789046580000,706.850,707.520,706.850,706.960,1240.38,1789046639999,877234.36430,1574,613.26,433725.61950,0
1789046640000,706.970,707.000,706.500,706.500,405.62,1789046699999,286675.25260,1069,69.33,48996.00100,0
1789046700000,706.500,707.130,706.420,706.640,1260.51,1789046759999,890842.76770,2125,734.45,519021.59770,0
1789046760000,706.640,707.200,706.620,707.120,520.65,1789046819999,368052.47370,1203,212.59,150268.69300,0
1789046820000,707.120,707.200,706.770,707.170,853.57,1789046879999,603500.57080,1011,172.16,121736.63340,0
1789046880000,707.170,707.410,706.910,707.390,281.80,1789046939999,199274.27730,856,87.30,61732.24570,0
1789046940000,707.390,707.630,706.870,706.870,556.58,1789046999999,393693.70660,1100,339.03,239849.55510,0
1789047000000,706.880,707.520,706.610,706.610,697.40,1789047059999,492993.94700,1756,95.70,67659.74770,0
1789047060000,706.610,707.130,706.350,706.350,550.95,1789047119999,389351.06710,1565,168.16,118828.36090,0
1789047120000,706.350,707.350,706.220,707.070,570.46,1789047179999,403142.75780,1937,241.23,170507.13040,0
1789047180000,707.080,707.590,706.870,707.210,440.02,1789047239999,311190.03740,1330,239.57,169430.15900,0
1789047240000,707.210,707.940,707.210,707.520,1211.09,1789047299999,856939.48240,1739,706.90,500168.43610,0
1789047300000,707.510,707.920,707.270,707.740,575.79,1789047359999,407409.24530,1648,383.30,271205.05280,0
1789047360000,707.750,709.580,707.700,709.540,1144.37,1789047419999,811125.99500,2325,960.77,680985.98550,0
1789047420000,709.530,709.850,708.840,709.490,1279.27,1789047479999,907494.53880,2552,768.07,544886.03380,0
1789047480000,709.480,709.640,708.620,708.630,640.50,1789047539999,454224.64520,1588,304.30,215813.03650,0
1789047540000,708.630,709.430,708.520,709.330,1256.51,1789047599999,890828.07230,1499,943.75,669085.16730,0
1789047600000,709.340,709.340,708.690,709.020,313.13,1789047659999,222006.47930,1316,143.77,101931.20400,0
1789047660000,709.020,709.650,708.870,709.080,852.47,1789047719999,604573.25060,1692,417.13,295841.96800,0
1789047720000,709.080,709.700,708.760,709.100,739.49,1789047779999,524360.74990,1607,329.96,234009.32020,0
1789047780000,709.110,709.790,709.050,709.530,826.79,1789047839999,586593.67590,1244,352.27,249887.61550,0
1789047840000,709.540,709.540,708.820,708.860,469.52,1789047899999,332983.95170,1083,131.45,93243.60510,0
1789047900000,708.830,709.160,708.660,709.150,456.80,1789047959999,323797.50790,1479,313.77,222407.91440,0
1789047960000,709.160,709.470,709.010,709.290,473.36,1789048019999,335696.60140,1230,121.50,86170.28340,0
1789048020000,709.290,709.770,709.290,709.510,344.07,1789048079999,244126.24860,1324,204.58,145149.95490,0
1789048080000,709.510,710.200,709.370,709.720,958.23,1789048139999,680163.49950,1881,782.11,555178.55190,0
1789048140000,709.730,710.200,709.480,709.880,1131.35,1789048199999,803045.67050,1695,427.13,303225.62230,0
1789048200000,709.880,709.950,708.950,709.180,581.54,1789048259999,412488.94210,1469,287.56,203981.23650,0
1789048260000,709.180,709.290,708.600,708.940,1050.05,1789048319999,744426.66350,1663,578.43,410121.80330,0
1789048320000,708.920,710.520,708.920,710.430,457.94,1789048379999,325016.45380,1547,342.87,243347.17120,0
1789048380000,710.430,710.830,710.120,710.550,956.45,1789048439999,679643.80190,2082,612.39,435160.15060,0
1789048440000,710.540,710.800,710.000,710.000,604.38,1789048499999,429406.51080,1368,136.26,96801.68940,0
1789048500000,710.000,710.500,710.000,710.340,427.87,1789048559999,303866.39430,1166,104.91,74508.02110,0
1789048560000,710.350,710.800,710.180,710.380,706.46,1789048619999,501931.66830,1642,311.18,221113.29430,0
1789048620000,710.390,710.500,710.160,710.430,321.63,1789048679999,228460.87170,942,109.95,78104.21370,0
1789048680000,710.420,711.060,710.300,711.010,582.16,1789048739999,413701.20180,1213,429.96,305552.00560,0
1789048740000,711.010,711.220,710.430,710.640,440.76,1789048799999,313272.71120,1274,163.53,116237.66600,0
1789048800000,710.640,711.380,710.630,711.210,1198.70,1789048859999,852397.17280,1956,587.71,417911.59140,0
1789048860000,711.200,711.950,711.120,711.950,644.00,1789048919999,458100.70580,1640,381.22,271203.58750,0
1789048920000,711.950,712.150,711.420,711.570,965.00,1789048979999,686905.88080,2282,704.86,501734.33120,0
1789048980000,711.580,711.720,710.940,711.510,484.12,1789049039999,344344.13100,1712,215.01,152939.85110,0
1789049040000,711.520,711.520,710.700,711.080,591.04,1789049099999,420192.99390,1593,103.30,73440.16100,0
1789049100000,711.080,711.090,709.960,709.960,597.52,1789049159999,424508.38580,1610,70.49,50081.36980,0
1789049160000,709.960,710.050,709.440,709.670,306.54,1789049219999,217581.18790,1719,66.58,47258.65370,0
1789049220000,709.670,709.730,708.740,708.740,973.69,1789049279999,690408.03710,1705,108.76,77128.86740,0
1789049280000,708.750,708.830,708.190,708.620,800.19,1789049339999,566973.51320,1980,277.49,196596.02840,0
1789049340000,708.610,708.810,708.280,708.810,355.13,1789049399999,251587.83280,1538,100.53,71224.84680,0
1789049400000,708.820,709.240,708.570,708.840,279.33,1789049459999,198036.34190,1237,165.70,117475.24660,0
1789049460000,708.830,709.430,708.750,709.370,197.85,1789049519999,140293.63040,998,103.36,73291.86320,0
1789049520000,709.380,709.790,709.320,709.470,312.61,1789049579999,221808.48210,1225,138.84,98510.89820,0
1789049580000,709.460,709.530,709.030,709.260,243.07,1789049639999,172406.95980,1129,132.11,93699.01770,0
1789049640000,709.260,709.440,708.500,708.500,157.55,1789049699999,111712.29160,936,34.87,24730.36570,0
1789049700000,708.500,708.510,708.120,708.190,279.74,1789049759999,198152.63700,1082,146.37,103675.67760,0
1789049760000,708.180,708.190,707.560,707.770,857.98,1789049819999,607389.84620,1255,71.30,50461.42410,0
1789049820000,707.770,707.770,707.320,707.490,414.33,1789049879999,293117.07670,1388,101.36,71704.25740,0
1789049880000,707.490,707.750,707.000,707.740,769.35,1789049939999,544098.01410,1551,167.85,118735.66280,0
1789049940000,707.740,708.530,707.740,708.530,470.62,1789049999999,333272.60250,1578,397.37,281407.03040,0
1789050000000,708.520,709.240,708.390,708.890,382.00,1789050059999,270776.42020,1527,271.99,192794.48540,0
1789050060000,708.890,708.970,708.440,708.970,180.70,1789050119999,128066.15490,1011,94.82,67200.08630,0
1789050120000,708.980,709.800,708.950,709.720,413.02,1789050179999,293004.99200,1299,236.75,167958.29360,0
1789050180000,709.730,709.740,709.340,709.550,218.77,1789050239999,155217.90430,789,91.35,64805.38280,0
1789050240000,709.550,710.880,709.210,710.230,1508.90,1789050299999,1071303.74440,2686,917.30,651366.91050,0
1789050300000,710.240,711.210,710.230,710.780,779.40,1789050359999,554028.71820,2039,523.61,372201.15810,0
1789050360000,710.770,710.770,709.050,709.270,1677.71,1789050419999,1190458.13730,2563,349.03,247600.19180,0
1789050420000,709.260,709.860,709.050,709.680,350.06,1789050479999,248319.50020,1355,270.76,192068.55890,0
1789050480000,709.670,710.500,709.670,710.490,475.47,1789050539999,337633.89230,1035,313.61,222658.03900,0
1789050540000,710.490,710.680,709.820,709.880,555.54,1789050599999,394676.80330,1292,197.45,140292.96020,0
1789050600000,709.880,710.350,709.780,709.860,290.38,1789050659999,206179.99920,1181,130.12,92383.59530,0
1789050660000,709.910,709.970,709.730,709.740,198.90,1789050719999,141181.89110,1073,73.62,52254.64670,0
1789050720000,709.730,710.160,709.730,709.830,259.46,1789050779999,184186.14550,1121,50.58,35907.57710,0
1789050780000,709.830,710.120,709.710,710.040,387.96,1789050839999,275403.81300,1394,197.26,140034.94710,0
1789050840000,710.030,710.180,709.900,709.990,97.17,1789050899999,68990.92880,837,66.76,47400.02490,0
1789050900000,709.990,710.820,709.990,710.670,349.53,1789050959999,248329.00540,1242,219.48,155910.89480,0
1789050960000,710.670,710.750,710.330,710.650,220.63,1789051019999,156778.54570,968,111.97,79562.02030,0
1789051020000,710.640,710.840,710.460,710.750,120.40,1789051079999,85569.97290,654,53.69,38157.66300,0
1789051080000,710.750,710.760,710.140,710.170,230.90,1789051139999,164022.40220,966,52.19,37071.33340,0
1789051140000,710.170,710.260,710.130,710.140,106.24,1789051199999,75447.82780,409,73.30,52055.01790,0
1789051200000,710.140,710.400,710.050,710.330,175.26,1789051259999,124470.56750,821,115.35,81920.45290,0
1789051260000,710.320,710.810,710.320,710.360,316.86,1789051319999,225159.79580,928,241.51,171618.62760,0
1789051320000,710.350,710.540,710.130,710.130,111.40,1789051379999,79133.73650,750,35.36,25117.89570,0
1789051380000,710.120,710.330,710.090,710.190,162.43,1789051439999,115356.03840,933,90.89,64546.79150,0
1789051440000,710.190,710.670,710.100,710.620,1769.22,1789051499999,1256874.94740,2114,1517.89,1078342.55040,0
1789051500000,710.630,711.320,710.540,710.930,572.89,1789051559999,407312.21060,1301,456.45,324517.99940,0
1789051560000,710.930,711.600,710.930,711.530,859.96,1789051619999,611766.04730,1502,612.90,436007.56250,0
1789051620000,711.540,711.600,710.540,710.650,1146.24,1789051679999,815089.47640,1962,130.11,92527.53420,0
1789051680000,710.640,710.670,710.100,710.430,873.36,1789051739999,620506.01680,1326,451.45,320724.06880,0
1789051740000,710.430,710.500,710.060,710.060,154.00,1789051799999,109382.43970,742,43.36,30799.88910,0
1789051800000,710.060,710.190,709.570,709.570,234.90,1789051859999,166770.20860,952,118.20,83933.90270,0
1789051860000,709.570,709.840,709.570,709.710,151.86,1789051919999,107774.63030,762,70.97,50365.66090,0
1789051920000,709.700,710.390,709.700,710.390,241.20,1789051979999,171289.11390,1055,131.73,93549.85510,0
1789051980000,710.390,710.670,710.120,710.520,341.05,1789052039999,242321.26290,1047,269.08,191182.66760,0
1789052040000,710.520,710.720,710.460,710.710,183.12,1789052099999,130118.59610,692,167.26,118849.21080,0
1789052100000,710.710,710.800,710.400,710.630,206.26,1789052159999,146566.19420,898,79.79,56692.79880,0
1789052160000,710.630,710.830,710.410,710.560,1061.76,1789052219999,754506.45150,1486,113.21,80453.45510,0
1789052220000,710.560,710.630,709.900,709.910,1478.05,1789052279999,1049715.99620,1701,111.15,78936.81550,0
1789052280000,709.920,710.170,709.850,709.880,391.63,1789052339999,278067.85520,972,155.65,110516.78750,0
1789052340000,709.890,710.250,709.840,710.200,474.22,1789052399999,336702.44600,1167,186.72,132571.63950,0
1789052400000,710.200,710.200,709.170,709.170,346.67,1789052459999,246002.24120,1532,66.42,47130.72980,0
1789052460000,709.160,709.200,708.490,708.680,721.46,1789052519999,511299.34750,1425,289.92,205459.55900,0
1789052520000,708.670,708.840,708.090,708.320,1004.92,1789052579999,712012.06770,1617,433.75,307296.87350,0
1789052580000,708.330,709.280,708.190,709.260,1839.32,1789052639999,1303585.74990,2007,1115.12,790448.50950,0
1789052640000,709.250,709.400,708.730,708.730,184.11,1789052699999,130513.94640,817,151.49,107385.11160,0
1789052700000,708.730,709.820,708.600,709.760,1164.94,1789052759999,826287.78270,1655,1017.79,721981.14070,0
1789052760000,709.770,709.790,709.180,709.300,272.75,1789052819999,193510.95500,987,146.68,104065.88270,0
1789052820000,709.310,709.980,709.300,709.970,229.16,1789052879999,162629.07980,962,185.03,131313.18880,0
1789052880000,709.970,710.340,709.590,710.340,349.02,1789052939999,247810.62090,1050,223.39,158621.99330,0
1789052940000,710.350,710.660,709.990,710.230,272.60,1789052999999,193631.03890,843,193.84,137685.09490,0
1789053000000,710.230,710.810,710.160,710.750,382.58,1789053059999,271833.79230,820,201.27,142991.29870,0
1789053060000,710.760,710.760,710.180,710.330,273.82,1789053119999,194524.48570,713,228.89,162598.68370,0
1789053120000,710.340,710.400,709.850,710.370,299.24,1789053179999,212492.32020,763,157.25,111685.36030,0
1789053180000,710.360,710.510,709.580,709.800,754.29,1789053239999,535428.37800,1187,134.19,95270.78000,0
1789053240000,709.800,709.810,709.470,709.590,216.34,1789053299999,153525.75010,548,49.11,34851.65830,0
1789053300000,709.600,709.700,709.130,709.630,481.39,1789053359999,341551.60290,1262,141.39,100311.95830,0
1789053360000,709.630,709.690,709.170,709.300,305.24,1789053419999,216539.54200,777,83.61,59305.47340,0
1789053420000,709.300,709.300,708.330,708.330,313.85,1789053479999,222490.09010,973,73.82,52340.57210,0
1789053480000,708.330,708.340,707.530,707.740,1012.30,1789053539999,716612.83470,1306,130.39,92313.44310,0
1789053540000,707.740,708.580,707.730,708.210,702.82,1789053599999,497713.59600,1355,599.27,424362.20460,0
1789053600000,708.210,708.300,707.350,707.390,348.32,1789053659999,246508.72210,1023,76.12,53873.12100,0
1789053660000,707.400,707.770,707.170,707.770,675.87,1789053719999,478141.47140,1261,433.70,306802.72020,0
1789053720000,707.780,708.190,707.570,707.910,584.60,1789053779999,413811.26750,1055,515.91,365182.00720,0
1789053780000,707.900,707.900,707.380,707.380,352.71,1789053839999,249591.77650,686,54.51,38575.96250,0
1789053840000,707.370,707.650,707.340,707.600,189.70,1789053899999,134207.40510,547,135.33,95743.16040,0
1789053900000,707.610,707.610,706.970,707.150,580.25,1789053959999,410359.77560,1368,224.46,158746.37650,0
1789053960000,707.150,707.390,707.100,707.240,139.00,1789054019999,98304.01420,509,84.16,59518.57260,0
1789054020000,707.240,707.330,707.050,707.330,107.83,1789054079999,76256.35050,512,76.26,53929.87910,0
1789054080000,707.330,707.670,707.210,707.290,194.33,1789054139999,137478.51290,747,134.75,95331.44920,0
1789054140000,707.300,707.390,706.720,706.720,389.98,1789054199999,275733.90740,729,38.64,27327.39970,0
1789054200000,706.720,707.400,706.720,707.400,369.61,1789054259999,261366.78000,1080,286.30,202455.65200,0
1789054260000,707.390,707.510,707.220,707.370,159.33,1789054319999,112696.35810,574,81.81,57864.57400,0
1789054320000,707.380,707.640,707.060,707.640,116.64,1789054379999,82489.43880,661,58.21,41167.61910,0
1789054380000,707.630,708.220,707.630,708.120,250.40,1789054439999,177274.61750,682,204.48,144762.87940,0
1789054440000,708.110,708.430,708.060,708.070,251.48,1789054499999,178115.69280,680,192.88,136611.37520,0
1789054500000,708.070,708.750,708.010,708.390,631.14,1789054559999,447069.26590,1152,425.35,301259.50080,0
1789054560000,708.400,709.660,708.400,709.600,448.41,1789054619999,318041.94960,1103,399.91,283636.63570,0
1789054620000,709.590,709.750,709.400,709.640,132.93,1789054679999,94321.58970,677,85.30,60523.41110,0
1789054680000,709.640,709.740,709.360,709.420,141.81,1789054739999,100613.06220,684,93.04,66008.98660,0
1789054740000,709.420,709.420,708.690,708.860,113.86,1789054799999,80727.57680,513,63.29,44868.29230,0
1789054800000,708.860,708.870,708.090,708.130,284.08,1789054859999,201287.60260,842,72.40,51290.66190,0
1789054860000,708.130,708.240,707.900,707.950,174.23,1789054919999,123369.17960,744,55.26,39128.86610,0
1789054920000,707.980,708.230,707.910,708.140,173.84,1789054979999,123084.16670,681,108.57,76869.48050,0
1789054980000,708.130,708.320,707.800,708.320,86.86,1789055039999,61494.57720,565,29.53,20907.55630,0
1789055040000,708.320,708.390,707.950,708.130,57.73,1789055099999,40883.72830,441,31.77,22498.08800,0
1789055100000,708.140,708.610,707.920,708.610,385.05,1789055159999,272696.64120,969,295.78,209465.96720,0
1789055160000,708.600,708.810,707.720,707.810,219.83,1789055219999,155708.40240,886,74.18,52543.28070,0
1789055220000,707.800,707.820,707.210,707.210,338.81,1789055279999,239679.04960,654,103.15,72961.16940,0
1789055280000,707.220,707.590,707.210,707.260,83.11,1789055339999,58790.09410,434,58.20,41168.02560,0
1789055340000,707.260,707.980,707.210,707.960,103.42,1789055399999,73180.22360,548,89.18,63107.19190,0
1789055400000,707.960,708.370,707.880,707.880,422.36,1789055459999,299079.70880,1104,100.09,70870.13770,0
1789055460000,707.890,707.970,707.710,707.720,95.37,1789055519999,67507.66320,518,53.38,37784.09860,0
1789055520000,707.720,708.270,707.710,708.010,84.10,1789055579999,59544.24720,577,55.58,39349.62720,0
1789055580000,708.000,708.010,707.730,707.730,73.73,1789055639999,52194.41190,459,24.87,17604.67600,0
1789055640000,707.740,707.840,707.560,707.560,246.60,1789055699999,174504.11940,594,165.68,117238.33840,0
1789055700000,707.550,707.690,707.310,707.550,174.18,1789055759999,123232.70610,587,61.90,43792.55950,0
1789055760000,707.550,708.160,707.540,708.010,385.90,1789055819999,273167.31170,801,293.97,208089.23270,0
1789055820000,708.010,708.210,707.920,707.980,88.97,1789055879999,62996.32340,422,53.54,37908.48700,0
1789055880000,707.990,708.540,707.980,708.450,756.68,1789055939999,535963.38350,1068,166.83,118180.84270,0
1789055940000,708.460,708.460,707.970,708.160,1796.80,1789055999999,1272491.67240,2030,190.62,135006.77980,0
1789056000000,708.170,708.800,708.000,708.790,672.47,1789056059999,476248.89680,1398,283.86,201052.64690,0
1789056060000,708.790,709.050,708.610,708.750,416.56,1789056119999,295282.63070,1171,234.96,166552.94430,0
1789056120000,708.750,708.880,707.580,707.590,604.48,1789056179999,428090.75370,1311,136.39,96628.05260,0
1789056180000,707.580,707.580,707.180,707.280,267.11,1789056239999,188930.04880,721,126.62,89558.20330,0
1789056240000,707.280,707.370,706.890,707.000,606.27,1789056299999,428721.96250,1307,345.66,244444.30220,0
1789056300000,707.000,708.190,707.000,708.010,1621.19,1789056359999,1147267.50680,2126,1481.64,1048541.21370,0
1789056360000,708.020,708.160,707.780,708.030,458.82,1789056419999,324846.02730,774,352.89,249849.08390,0
1789056420000,708.030,708.030,707.040,707.050,1279.81,1789056479999,905644.53470,1867,650.23,460127.32940,0
1789056480000,707.050,707.050,706.390,706.390,539.10,1789056539999,380963.32630,1366,115.08,81331.83350,0
1789056540000,706.390,706.630,706.020,706.020,469.83,1789056599999,331878.55350,1214,150.23,106129.38610,0
1789056600000,706.030,707.050,706.020,706.820,994.57,1789056659999,702846.16690,1662,829.44,586157.86500,0
1789056660000,706.830,706.990,706.450,706.460,360.15,1789056719999,254507.68020,932,133.76,94530.82350,0
1789056720000,706.460,706.900,706.180,706.700,306.21,1789056779999,216373.89920,1047,90.67,64058.75490,0
1789056780000,706.700,707.060,706.690,707.010,216.74,1789056839999,153206.01140,742,162.54,114893.55950,0
1789056840000,707.000,707.120,706.820,706.820,91.57,1789056899999,64736.38130,552,41.25,29161.28740,0
1789056900000,706.820,707.100,706.820,706.830,103.28,1789056959999,73012.38660,541,47.61,33655.38740,0
1789056960000,706.840,706.980,706.110,706.160,216.79,1789057019999,153169.31110,789,71.33,50405.74970,0
1789057020000,706.160,706.260,705.720,705.770,537.98,1789057079999,379787.72620,1488,141.23,99698.10140,0
1789057080000,705.760,705.860,705.120,705.200,982.74,1789057139999,693250.58940,1780,292.56,206395.35670,0
1789057140000,705.200,705.260,705.020,705.090,554.21,1789057199999,390806.97890,1235,223.65,157707.22980,0
1789057200000,705.080,706.520,705.020,706.450,829.59,1789057259999,585308.20790,1510,621.20,438219.59670,0
1789057260000,706.450,707.000,706.260,706.850,351.60,1789057319999,248441.79900,1141,254.70,179974.50470,0
1789057320000,706.850,706.960,706.390,706.390,292.18,1789057379999,206509.97420,749,129.40,91466.10080,0
1789057380000,706.380,706.470,706.010,706.260,193.77,1789057439999,136844.42260,786,83.31,58833.87770,0
1789057440000,706.270,706.490,706.220,706.400,120.73,1789057499999,85275.14340,560,85.77,60580.23390,0
1789057500000,706.410,706.410,705.900,706.200,211.46,1789057559999,149309.12960,819,52.51,37076.71910,0
1789057560000,706.190,706.200,705.660,705.660,120.77,1789057619999,85255.66380,621,49.61,35017.91700,0
1789057620000,705.660,705.860,705.600,705.720,167.04,1789057679999,117879.21600,666,125.95,88882.25270,0
1789057680000,705.710,706.110,705.710,706.040,120.92,1789057739999,85361.86470,605,81.46,57502.96070,0
1789057740000,706.040,706.050,705.800,705.930,240.81,1789057799999,169993.22830,575,167.28,118085.26460,0
1789057800000,705.930,706.170,705.740,705.870,298.60,1789057859999,210818.44000,764,217.45,153532.22330,0
1789057860000,705.860,706.400,705.860,706.340,365.31,1789057919999,258023.73400,652,200.88,141874.78800,0
1789057920000,706.340,706.340,705.930,705.930,122.14,1789057979999,86243.51540,660,66.50,46953.60790,0
1789057980000,705.930,706.060,705.860,706.050,182.27,1789058039999,128680.34830,482,157.72,111348.69810,0
1789058040000,706.050,706.060,705.400,705.400,615.58,1789058099999,434399.92140,1237,162.19,114459.33060,0
1789058100000,705.400,705.470,704.560,704.710,1024.26,1789058159999,722038.00300,1975,250.04,176282.20570,0
1789058160000,704.710,705.800,704.710,705.800,403.99,1789058219999,285020.16450,1236,267.31,188573.08710,0
1789058220000,705.790,706.720,705.790,706.630,300.36,1789058279999,212137.81950,1192,240.71,170001.60080,0
1789058280000,706.620,706.630,706.200,706.200,139.84,1789058339999,98785.53470,814,67.55,47717.13510,0
1789058340000,706.200,706.500,706.090,706.500,333.86,1789058399999,235796.73380,586,221.00,156085.51510,0
1789058400000,706.500,706.650,706.290,706.620,135.19,1789058459999,95508.97320,792,92.34,65233.75250,0
1789058460000,706.610,707.250,706.610,707.060,384.18,1789058519999,271615.77850,859,294.49,208197.63070,0
1789058520000,707.060,707.460,706.920,707.050,673.97,1789058579999,476649.61200,961,592.68,419168.22400,0
1789058580000,707.040,707.040,706.220,706.460,193.87,1789058639999,136966.23050,767,78.35,55343.72790,0
1789058640000,706.450,707.370,706.450,707.290,103.49,1789058699999,73170.32990,722,71.12,50283.57620,0
1789058700000,707.290,707.940,707.290,707.930,288.23,1789058759999,203981.65600,906,184.78,130766.29080,0
1789058760000,707.930,709.000,707.930,708.890,776.86,1789058819999,550409.48960,1392,289.44,205035.35910,0
1789058820000,708.890,709.500,708.800,708.800,673.57,1789058879999,477691.20100,1613,330.20,234201.81650,0
1789058880000,708.800,709.110,708.780,708.780,226.27,1789058939999,160395.59920,727,153.29,108657.04490,0
1789058940000,708.780,708.890,708.380,708.550,224.45,1789058999999,159039.86300,880,63.33,44876.18960,0
1789059000000,708.540,708.700,708.340,708.350,86.59,1789059059999,61352.51370,419,36.81,26080.78680,0
1789059060000,708.350,708.560,708.260,708.420,155.82,1789059119999,110379.90270,559,84.80,60069.29610,0
1789059120000,708.410,708.480,708.250,708.250,183.55,1789059179999,130024.21160,604,110.60,78348.39310,0
1789059180000,708.240,708.560,708.240,708.400,137.97,1789059239999,97732.60300,482,106.87,75699.81160,0
1789059240000,708.390,708.710,708.300,708.710,133.98,1789059299999,94925.69790,507,116.66,82656.13750,0
1789059300000,708.710,708.790,708.470,708.790,250.31,1789059359999,177357.92860,591,49.26,34906.17600,0
1789059360000,708.790,709.140,708.790,709.010,326.72,1789059419999,231657.12180,685,203.61,144364.50400,0
1789059420000,709.000,709.000,708.910,708.910,79.54,1789059479999,56389.74020,375,44.41,31484.20540,0
1789059480000,708.910,709.440,708.910,709.360,433.40,1789059539999,307390.14690,1906,374.46,265594.33670,0
1789059540000,709.360,709.370,708.610,708.670,551.87,1789059599999,391301.51960,1001,100.39,71173.50260,0
1789059600000,708.680,708.790,708.470,708.770,172.32,1789059659999,122114.00310,659,61.91,43872.98390,0
1789059660000,708.760,709.070,708.610,708.670,173.03,1789059719999,122661.75200,756,110.29,78185.63770,0
1789059720000,708.670,709.330,708.670,709.020,322.98,1789059779999,229032.93530,1157,220.30,156209.88260,0
1789059780000,709.020,709.020,708.210,708.330,209.55,1789059839999,148461.78210,866,53.58,37954.21740,0
1789059840000,708.330,708.860,708.330,708.860,130.01,1789059899999,92133.37770,602,109.00,77246.55050,0
1789059900000,708.860,709.350,708.860,709.280,244.93,1789059959999,173709.28830,717,176.41,125109.55070,0
1789059960000,709.280,709.290,708.890,708.990,270.63,1789060019999,191913.40110,639,81.05,57473.82730,0
1789060020000,708.990,709.260,708.930,709.070,62.31,1789060079999,44181.42740,503,38.33,27176.87920,0
1789060080000,709.060,709.120,708.890,709.000,198.20,1789060139999,140518.47900,609,137.53,97503.02260,0
1789060140000,709.000,709.160,708.890,708.950,67.93,1789060199999,48163.47240,449,32.76,23226.83190,0
1789060200000,708.950,709.480,708.940,709.480,99.16,1789060259999,70329.21570,719,76.65,54362.39750,0
1789060260000,709.480,709.750,709.480,709.750,182.55,1789060319999,129539.92110,570,136.34,96749.15870,0
1789060320000,709.740,709.900,709.460,709.460,276.23,1789060379999,196057.46490,856,140.99,100076.73990,0
1789060380000,709.460,709.590,709.200,709.210,144.47,1789060439999,102495.52940,647,48.66,34521.18110,0
1789060440000,709.210,709.450,709.110,709.410,367.65,1789060499999,260754.98250,1064,197.04,139752.36250,0
1789060500000,709.420,709.450,709.280,709.280,68.12,1789060559999,48319.86320,485,36.99,26238.49770,0
1789060560000,709.280,709.540,709.190,709.350,135.16,1789060619999,95876.33520,727,66.96,47494.57300,0
1789060620000,709.350,709.770,709.350,709.710,138.75,1789060679999,98457.67130,515,101.95,72342.31390,0
1789060680000,709.710,709.720,709.460,709.540,143.13,1789060739999,101561.95280,540,46.93,33298.76140,0
1789060740000,709.540,710.360,709.540,710.360,292.90,1789060799999,207955.92800,1025,167.75,119107.47760,0
1789060800000,710.360,711.500,710.070,711.410,1076.97,1789060859999,765374.50940,2200,812.29,577283.77420,0
1789060860000,711.400,711.600,711.140,711.210,376.87,1789060919999,268064.38280,1117,244.35,173801.45360,0
1789060920000,711.200,711.610,711.200,711.350,259.42,1789060979999,184573.91700,674,151.13,107521.19110,0
1789060980000,711.350,711.640,711.350,711.420,281.62,1789061039999,200372.59770,676,83.60,59478.74020,0
1789061040000,711.420,711.700,711.320,711.570,255.73,1789061099999,181962.64690,748,158.89,113052.17000,0
1789061100000,711.560,712.060,710.960,710.960,611.25,1789061159999,435013.98360,1559,189.71,135025.63040,0
1789061160000,710.950,711.200,710.880,711.200,241.70,1789061219999,171838.99460,672,136.26,96877.75110,0
1789061220000,711.190,711.640,711.190,711.500,466.93,1789061279999,332232.84150,926,137.52,97839.43790,0
1789061280000,711.500,711.970,711.490,711.910,412.46,1789061339999,293552.94230,1004,295.65,210407.91170,0
1789061340000,711.900,711.920,711.560,711.610,767.31,1789061399999,546187.61390,854,112.85,80325.08900,0
1789061400000,711.600,712.470,711.520,712.260,673.76,1789061459999,479689.87010,1542,598.60,426165.49710,0
1789061460000,712.250,712.750,712.250,712.500,731.21,1789061519999,520976.82800,1118,632.93,450955.35880,0
1789061520000,712.490,713.480,712.490,712.980,982.13,1789061579999,700175.36430,2202,716.07,510517.55210,0
1789061580000,713.000,713.020,712.640,712.680,504.43,1789061639999,359550.47410,1071,132.65,94547.07000,0
1789061640000,712.670,713.850,712.670,713.530,535.37,1789061699999,381896.88740,1465,442.25,315475.34430,0
1789061700000,713.520,713.760,713.030,713.720,1035.24,1789061759999,738470.74420,1872,580.79,414305.74550,0
1789061760000,713.710,713.920,713.330,713.510,964.35,1789061819999,688173.88700,1459,591.54,422113.47340,0
1789061820000,713.500,713.680,712.790,712.820,435.48,1789061879999,310553.07150,1091,96.94,69134.14810,0
1789061880000,712.810,712.930,712.500,712.560,319.65,1789061939999,227837.74550,806,77.82,55466.68100,0
1789061940000,712.560,712.560,712.300,712.300,263.67,1789061999999,187845.27380,679,111.14,79178.07460,0
1789062000000,712.300,712.380,711.920,712.250,534.48,1789062059999,380641.91160,1592,335.56,238975.58620,0
1789062060000,712.250,712.710,712.210,712.470,573.56,1789062119999,408626.80600,1178,330.44,235415.08460,0
1789062120000,712.470,712.710,711.800,712.200,341.77,1789062179999,243378.88040,959,96.58,68775.36090,0
1789062180000,712.190,712.530,712.100,712.460,288.72,1789062239999,205666.98800,753,53.19,37886.89150,0
1789062240000,712.460,712.720,712.460,712.660,128.33,1789062299999,91449.32620,502,44.82,31938.93240,0
1789062300000,712.660,712.890,712.550,712.770,196.32,1789062359999,139920.64850,978,95.62,68147.24640,0
1789062360000,712.760,712.900,712.250,712.370,332.15,1789062419999,236676.73310,790,58.43,41631.09450,0
1789062420000,712.370,712.740,712.370,712.600,266.10,1789062479999,189622.93380,642,196.35,139916.75480,0
1789062480000,712.600,713.320,712.600,713.310,238.56,1789062539999,170088.98720,740,226.12,161220.60440,0
1789062540000,713.310,713.460,713.190,713.370,310.86,1789062599999,221750.30260,838,165.07,117747.13770,0
1789062600000,713.360,713.450,713.120,713.150,202.93,1789062659999,144751.70270,651,58.30,41581.91750,0
1789062660000,713.150,713.440,713.150,713.410,64.35,1789062719999,45903.32990,309,45.05,32134.62310,0
1789062720000,713.410,713.780,713.380,713.620,278.09,1789062779999,198436.01330,905,176.86,126200.54380,0
1789062780000,713.620,713.620,713.380,713.490,138.38,1789062839999,98734.46700,589,69.86,49844.81300,0
1789062840000,713.490,713.580,713.330,713.390,112.53,1789062899999,80286.08870,400,27.82,19847.22010,0
1789062900000,713.380,713.380,713.020,713.020,95.09,1789062959999,67819.70150,515,21.26,15162.51770,0
1789062960000,713.020,713.380,713.000,713.220,230.15,1789063019999,164125.59330,507,95.35,67990.78720,0
1789063020000,713.220,713.380,713.050,713.170,182.26,1789063079999,129982.96690,607,54.80,39084.40140,0
1789063080000,713.160,713.300,713.130,713.230,179.30,1789063139999,127879.25510,462,69.06,49254.54850,0
1789063140000,713.230,713.240,713.030,713.050,135.05,1789063199999,96304.40310,485,19.93,14211.59990,0
1789063200000,713.050,713.060,712.440,713.020,754.55,1789063259999,537823.16920,1077,206.07,146897.07250,0
1789063260000,713.020,713.150,712.470,712.470,196.78,1789063319999,140292.49810,756,67.16,47887.11620,0
1789063320000,712.470,712.480,711.790,712.120,809.25,1789063379999,576208.83960,1282,147.94,105332.67670,0
1789063380000,712.120,712.200,711.640,711.800,318.84,1789063439999,226960.17700,919,60.71,43213.06820,0
1789063440000,711.800,711.900,711.550,711.620,283.84,1789063499999,202019.88700,782,58.35,41528.70320,0
1789063500000,711.610,711.780,711.370,711.700,167.35,1789063559999,119074.27570,991,57.28,40757.15440,0
1789063560000,711.700,711.710,711.460,711.690,127.17,1789063619999,90495.00260,665,74.95,53336.02980,0
1789063620000,711.680,712.000,711.640,711.700,235.51,1789063679999,167638.78190,801,119.98,85399.90160,0
1789063680000,711.700,711.770,711.470,711.470,247.95,1789063739999,176440.37730,608,78.44,55819.62120,0
1789063740000,711.470,711.470,710.840,710.940,541.90,1789063799999,385398.50560,909,284.37,202246.66360,0
1789063800000,710.940,711.220,710.910,711.080,280.07,1789063859999,199136.35980,914,163.85,116502.61710,0
1789063860000,711.080,711.230,710.900,710.900,107.51,1789063919999,76447.05400,484,47.64,33875.99890,0
1789063920000,710.900,710.980,710.840,710.980,262.73,1789063979999,186776.70030,536,55.20,39242.44570,0
1789063980000,710.980,711.040,710.690,710.840,79.16,1789064039999,56277.74800,460,27.83,19784.59240,0
1789064040000,710.830,710.980,710.750,710.750,97.75,1789064099999,69486.34240,547,56.14,39909.04950,0
1789064100000,710.750,710.940,710.650,710.930,85.03,1789064159999,60437.54040,531,46.01,32705.46440,0
1789064160000,710.920,711.520,710.920,711.100,685.21,1789064219999,487294.03330,1074,613.29,436139.04640,0
1789064220000,711.090,711.100,710.650,710.710,136.70,1789064279999,97171.27840,816,44.57,31677.54710,0
1789064280000,710.700,710.810,710.480,710.810,367.95,1789064339999,261468.76460,712,75.49,53648.51930,0
1789064340000,710.800,710.920,710.800,710.900,199.45,1789064399999,141780.07690,604,49.57,35237.78490,0
1789064400000,710.890,711.360,710.890,711.270,143.16,1789064459999,101805.54080,702,123.66,87936.46280,0
1789064460000,711.270,711.530,711.160,711.520,305.20,1789064519999,217096.24090,935,148.92,105939.09320,0
1789064520000,711.510,712.000,711.460,711.700,243.61,1789064579999,173398.14900,975,149.06,106096.27800,0
1789064580000,711.710,712.090,711.640,711.650,599.66,1789064639999,426902.37990,1041,490.25,349018.30440,0
1789064640000,711.640,711.860,711.640,711.860,87.92,1789064699999,62578.39080,431,77.38,55076.86680,0
1789064700000,711.850,711.960,711.850,711.860,60.10,1789064759999,42785.41710,380,25.11,17875.83720,0
1789064760000,711.850,711.860,711.650,711.700,99.78,1789064819999,71019.33700,400,34.65,24660.46260,0
1789064820000,711.700,711.830,711.700,711.760,40.54,1789064879999,28854.90480,317,32.93,23438.11940,0
1789064880000,711.760,712.200,711.760,712.110,85.39,1789064939999,60801.44300,576,62.29,44351.13630,0
1789064940000,712.110,712.120,711.780,711.780,97.41,1789064999999,69347.72270,374,41.39,29464.51500,0
1789065000000,711.790,711.860,711.530,711.530,235.71,1789065059999,167761.88600,555,108.32,77100.44980,0
1789065060000,711.530,711.720,711.520,711.670,114.21,1789065119999,81275.92130,406,56.88,40475.40120,0
1789065120000,711.660,711.670,711.550,711.590,126.23,1789065179999,89822.78760,309,36.14,25716.62930,0
1789065180000,711.590,711.600,711.230,711.230,402.57,1789065239999,286442.27980,443,7.11,5059.05500,0
1789065240000,711.230,711.660,711.220,711.660,107.61,1789065299999,76545.21180,589,77.26,54957.63160,0
1789065300000,711.660,711.710,711.520,711.700,59.25,1789065359999,42162.84980,475,34.19,24329.14170,0
1789065360000,711.700,712.390,711.700,712.290,79.05,1789065419999,56291.33910,722,67.11,47786.48340,0
1789065420000,712.290,712.400,712.210,712.370,127.55,1789065479999,90856.37400,540,90.55,64498.95010,0
1789065480000,712.370,712.610,712.330,712.600,128.90,1789065539999,91827.88860,456,96.76,68933.24740,0
1789065540000,712.600,712.710,712.470,712.690,83.41,1789065599999,59437.20480,533,64.42,45904.64200,0
1789065600000,712.680,712.700,712.440,712.510,259.66,1789065659999,185046.34610,470,139.51,99420.72100,0
1789065660000,712.510,712.770,712.510,712.610,44.56,1789065719999,31755.45170,393,31.00,22091.64790,0
1789065720000,712.610,712.880,712.440,712.690,801.44,1789065779999,571162.37620,1054,484.34,345204.61580,0
1789065780000,712.690,712.700,712.450,712.460,192.36,1789065839999,137074.80570,504,108.65,77423.09180,0
1789065840000,712.450,712.710,712.450,712.700,205.19,1789065899999,146203.14660,610,60.48,43094.06990,0
1789065900000,712.710,712.790,712.520,712.580,132.65,1789065959999,94539.21060,504,57.15,40730.09220,0
1789065960000,712.580,712.590,712.410,712.590,93.96,1789066019999,66948.06850,417,45.76,32603.05090,0
1789066020000,712.590,712.750,712.500,712.740,84.31,1789066079999,60077.91830,468,40.41,28795.39590,0
1789066080000,712.740,712.750,712.610,712.610,58.29,1789066139999,41543.42740,338,17.25,12294.18210,0
1789066140000,712.610,713.490,712.610,713.040,216.98,1789066199999,154739.81880,1104,183.17,130625.67830,0
1789066200000,713.030,713.040,712.650,713.020,280.36,1789066259999,199849.31200,886,89.18,63571.62450,0
1789066260000,713.020,713.870,713.020,713.720,229.97,1789066319999,164084.44210,1308,200.28,142897.65250,0
1789066320000,713.720,713.720,713.280,713.670,388.91,1789066379999,277464.23830,938,94.40,67350.76450,0
1789066380000,713.670,713.680,713.310,713.670,128.88,1789066439999,91958.09190,707,64.40,45947.31670,0
1789066440000,713.670,714.080,713.670,713.840,261.69,1789066499999,186826.95340,962,205.27,146548.99870,0
1789066500000,713.840,714.060,713.770,714.060,186.54,1789066559999,133182.25200,726,108.89,77743.10450,0
1789066560000,714.050,714.350,713.900,713.940,544.93,1789066619999,389160.71460,1258,298.49,213170.32060,0
1789066620000,713.940,714.080,713.770,713.820,108.03,1789066679999,77128.51090,701,68.36,48806.51300,0
1789066680000,713.810,713.980,713.770,713.940,76.08,1789066739999,54310.09590,464,26.62,19001.96080,0
1789066740000,713.930,714.340,713.930,714.340,42.23,1789066799999,30158.35070,450,38.87,27758.81090,0
1789066800000,714.340,714.550,714.040,714.160,534.73,1789066859999,381976.85920,1281,351.47,251072.11550,0
1789066860000,714.150,714.490,714.150,714.230,271.82,1789066919999,194158.56450,811,186.39,133129.52590,0
1789066920000,714.220,714.480,714.130,714.320,219.63,1789066979999,156875.52140,1338,96.14,68670.71060,0
1789066980000,714.320,714.450,714.040,714.450,310.01,1789067039999,221441.04830,744,216.66,154768.29750,0
1789067040000,714.440,714.500,714.190,714.200,97.38,1789067099999,69564.99290,463,27.22,19445.02520,0
1789067100000,714.190,714.200,713.970,714.010,263.31,1789067159999,188011.51820,621,117.77,84087.62010,0
1789067160000,714.010,714.020,713.860,713.940,137.10,1789067219999,97879.58680,508,66.56,47517.05830,0
1789067220000,713.940,714.210,713.940,714.070,149.74,1789067279999,106932.89930,609,44.38,31691.77930,0
1789067280000,714.060,714.060,713.850,713.850,168.69,1789067339999,120430.98320,330,20.81,14856.65820,0
1789067340000,713.850,714.480,713.810,714.230,277.85,1789067399999,198429.32630,1134,198.74,141935.21290,0
1789067400000,714.230,714.240,713.830,713.830,254.37,1789067459999,181631.50730,602,21.69,15487.55640,0
1789067460000,713.820,713.830,713.540,713.680,202.62,1789067519999,144601.56370,593,30.41,21702.39170,0
1789067520000,713.680,713.840,713.680,713.790,113.72,1789067579999,81170.31450,325,17.73,12654.76110,0
1789067580000,713.790,714.340,713.790,714.340,161.81,1789067639999,115555.26550,738,126.69,90473.19700,0
1789067640000,714.340,714.390,713.470,713.610,2099.26,1789067699999,1498624.14670,1903,157.74,112610.79780,0
1789067700000,713.620,714.130,713.620,713.860,142.83,1789067759999,101969.27010,757,65.39,46677.93940,0
1789067760000,713.860,714.140,713.860,713.950,195.99,1789067819999,139941.32790,435,174.67,124717.50850,0
1789067820000,713.950,714.160,713.900,713.900,368.44,1789067879999,263076.48160,414,36.20,25851.18880,0
1789067880000,713.900,713.900,713.760,713.820,65.49,1789067939999,46749.17580,409,23.64,16874.63430,0
1789067940000,713.820,713.830,713.770,713.780,30.60,1789067999999,21842.35000,122,10.46,7466.26530,0
1789068000000,713.770,713.820,713.480,713.480,79.69,1789068059999,56876.01260,340,31.67,22604.31110,0
1789068060000,713.480,713.680,713.480,713.680,55.04,1789068119999,39275.05680,399,27.98,19965.66930,0
1789068120000,713.680,713.910,713.680,713.890,68.65,1789068179999,49004.48320,365,44.31,31630.49820,0
1789068180000,713.880,714.040,713.610,713.610,93.93,1789068239999,67052.74020,361,55.18,39391.79040,0
1789068240000,713.610,714.260,713.550,714.260,332.55,1789068299999,237396.41980,721,278.07,198502.77680,0
1789068300000,714.260,714.750,714.220,714.330,525.34,1789068359999,375364.96450,982,291.69,208437.06610,0
1789068360000,714.320,714.350,714.180,714.180,65.51,1789068419999,46792.61290,282,13.58,9700.03540,0
1789068420000,714.180,714.760,714.170,714.750,101.05,1789068479999,72195.86150,585,67.32,48098.84270,0
1789068480000,714.750,714.950,714.540,714.950,350.95,1789068539999,250829.85740,661,252.88,180740.67480,0
1789068540000,714.940,715.200,714.520,714.820,1099.02,1789068599999,785684.93890,1576,456.44,326318.68960,0
1789068600000,714.820,714.890,714.450,714.450,226.17,1789068659999,161635.22170,839,132.08,94390.11330,0
1789068660000,714.440,714.600,714.330,714.590,204.44,1789068719999,146064.79350,670,160.99,115020.34090,0
1789068720000,714.590,714.810,714.510,714.550,185.59,1789068779999,132640.91540,553,75.80,54173.16480,0
1789068780000,714.550,714.640,714.410,714.560,96.08,1789068839999,68652.17770,351,67.17,47995.48380,0
1789068840000,714.550,714.710,714.470,714.560,181.90,1789068899999,129987.08890,526,138.12,98701.79530,0
1789068900000,714.550,715.120,714.310,714.850,498.96,1789068959999,356623.69450,1049,368.82,263590.50190,0
1789068960000,714.850,714.940,714.760,714.940,111.53,1789069019999,79724.45610,414,80.04,57214.24490,0
1789069020000,714.930,714.940,714.600,714.820,128.91,1789069079999,92141.50220,457,94.82,67774.71840,0
1789069080000,714.820,715.250,714.790,715.190,276.88,1789069139999,197973.98690,679,224.36,160422.71880,0
1789069140000,715.190,715.420,715.190,715.420,123.00,1789069199999,87986.50780,456,100.15,71641.04280,0
1789069200000,715.410,716.120,715.410,716.030,628.67,1789069259999,450094.06830,1106,543.75,389293.41550,0
1789069260000,716.020,716.110,715.950,715.970,193.91,1789069319999,138845.88090,380,135.41,96959.81250,0
1789069320000,715.970,716.300,715.970,716.300,357.61,1789069379999,256091.07030,733,126.76,90778.90710,0
1789069380000,716.300,716.330,716.070,716.130,180.21,1789069439999,129063.92360,377,77.82,55727.84670,0
1789069440000,716.120,716.240,715.720,716.020,451.59,1789069499999,323346.58970,776,205.35,147020.74060,0
1789069500000,716.020,716.030,715.420,715.440,184.13,1789069559999,131771.93150,505,14.36,10275.54990,0
1789069560000,715.440,715.500,715.110,715.110,155.37,1789069619999,111134.23320,497,47.11,33698.62820,0
1789069620000,715.110,715.210,714.830,715.190,102.70,1789069679999,73434.06790,452,55.93,39988.53840,0
1789069680000,715.200,715.310,715.120,715.130,101.57,1789069739999,72645.09160,336,74.75,53462.28420,0
1789069740000,715.120,715.180,715.010,715.010,78.89,1789069799999,56417.32570,298,24.34,17406.34260,0
1789069800000,715.010,715.280,714.020,714.170,1139.99,1789069859999,814583.12870,1681,217.59,155523.81560,0
1789069860000,714.170,714.810,714.060,714.630,570.18,1789069919999,407286.05550,962,458.42,327435.93170,0
1789069920000,714.630,714.820,714.300,714.330,359.06,1789069979999,256587.09650,750,264.72,189181.15660,0
1789069980000,714.330,714.640,714.330,714.490,84.92,1789070039999,60675.40430,492,69.48,49643.00270,0
1789070040000,714.490,714.550,714.410,714.420,76.34,1789070099999,54542.02090,317,37.60,26863.80780,0
1789070100000,714.410,714.770,714.410,714.760,86.44,1789070159999,61764.60360,538,70.59,50440.13650,0
1789070160000,714.760,714.760,714.490,714.490,78.96,1789070219999,56428.11700,231,6.85,4894.73910,0
1789070220000,714.490,714.730,714.490,714.730,108.79,1789070279999,77743.61950,351,31.27,22345.13350,0
1789070280000,714.720,715.060,714.670,714.790,263.53,1789070339999,188382.21240,769,76.98,55027.81070,0
1789070340000,714.780,714.790,714.370,714.690,169.75,1789070399999,121299.04820,794,69.59,49728.61850,0
1789070400000,714.680,715.100,714.680,715.100,286.42,1789070459999,204742.83720,937,120.92,86434.38820,0
1789070460000,715.100,715.110,714.970,714.970,78.19,1789070519999,55912.62070,219,9.48,6779.23630,0
1789070520000,714.970,714.970,714.610,714.620,159.84,1789070579999,114245.91020,680,94.64,67641.36020,0
1789070580000,714.610,714.610,714.300,714.360,113.92,1789070639999,81387.40660,561,48.25,34468.26480,0
1789070640000,714.350,714.450,714.180,714.330,96.40,1789070699999,68854.99730,515,22.46,16041.82820,0
1789070700000,714.320,714.520,714.290,714.510,140.34,1789070759999,100255.68890,547,48.72,34805.91080,0
1789070760000,714.510,714.640,714.230,714.280,132.75,1789070819999,94846.85850,560,39.80,28434.88190,0
1789070820000,714.280,714.820,714.270,714.820,73.60,1789070879999,52587.66830,542,66.71,47664.82050,0
1789070880000,714.810,715.000,714.810,714.910,55.68,1789070939999,39808.49610,298,24.97,17851.76960,0
1789070940000,714.920,715.320,714.910,715.320,79.55,1789070999999,56882.26690,510,70.31,50275.18280,0
1789071000000,715.320,715.470,715.140,715.370,231.72,1789071059999,165753.15030,812,117.18,83822.09580,0
1789071060000,715.370,715.660,715.290,715.350,339.19,1789071119999,242659.19000,810,278.05,198910.92230,0
1789071120000,715.350,715.550,715.250,715.290,120.57,1789071179999,86261.23920,430,69.94,50035.63810,0
1789071180000,715.300,715.370,715.250,715.370,74.41,1789071239999,53224.59970,333,31.12,22260.25820,0
1789071240000,715.360,715.840,715.360,715.660,118.75,1789071299999,84986.63520,529,62.50,44727.59410,0
1789071300000,715.660,715.740,715.520,715.730,131.14,1789071359999,93851.05970,653,46.53,33299.00190,0
1789071360000,715.730,715.840,715.700,715.700,83.31,1789071419999,59631.83940,437,26.15,18717.15150,0
1789071420000,715.710,715.840,715.680,715.830,49.46,1789071479999,35400.19350,302,26.57,19017.78320,0
1789071480000,715.830,715.920,715.830,715.910,120.60,1789071539999,86334.13340,324,81.22,58143.58460,0
1789071540000,715.910,716.030,715.680,715.680,132.17,1789071599999,94620.62460,483,58.92,42181.06310,0
1789071600000,715.680,715.740,715.680,715.680,39.69,1789071659999,28405.89000,332,24.28,17376.98960,0
1789071660000,715.680,715.810,715.680,715.800,40.94,1789071719999,29301.21990,301,25.13,17986.00950,0
1789071720000,715.810,716.170,715.810,715.910,642.27,1789071779999,459869.60940,795,541.90,388006.50170,0
1789071780000,715.910,715.910,715.660,715.820,260.54,1789071839999,186495.33630,528,135.46,96965.27000,0
1789071840000,715.830,715.860,715.530,715.680,125.62,1789071899999,89906.19760,412,44.98,32191.56130,0
1789071900000,715.680,715.770,715.630,715.770,70.38,1789071959999,50370.18470,418,19.03,13619.73120,0
1789071960000,715.770,715.770,715.660,715.750,82.16,1789072019999,58802.71400,286,13.42,9604.75930,0
1789072020000,715.760,716.080,715.750,716.080,56.42,1789072079999,40388.83190,385,43.19,30918.99460,0
1789072080000,716.070,716.070,715.950,715.950,68.14,1789072139999,48789.53630,290,14.09,10088.10480,0
1789072140000,715.950,716.040,715.810,715.910,131.96,1789072199999,94476.94580,469,37.94,27162.70580,0
1789072200000,715.920,715.920,715.640,715.650,205.28,1789072259999,146932.08370,633,36.09,25833.59670,0
1789072260000,715.650,715.650,715.410,715.460,72.05,1789072319999,51556.36580,355,28.50,20392.28190,0
1789072320000,715.450,715.460,715.220,715.260,149.30,1789072379999,106794.89230,350,31.55,22566.67170,0
1789072380000,715.270,715.910,715.270,715.900,244.52,1789072439999,175021.52910,779,151.49,108424.35870,0
1789072440000,715.900,715.910,715.660,715.720,100.68,1789072499999,72065.27930,289,46.38,33194.99750,0
1789072500000,715.720,715.720,715.510,715.510,124.00,1789072559999,88731.95030,289,35.16,25159.59690,0
1789072560000,715.510,715.560,715.510,715.510,18.35,1789072619999,13129.91410,158,12.21,8736.50790,0
1789072620000,715.520,715.730,715.510,715.730,103.00,1789072679999,73707.81550,349,99.99,71554.02470,0
1789072680000,715.730,715.840,715.600,715.600,155.65,1789072739999,111406.28840,299,75.91,54334.44150,0
1789072740000,715.600,715.750,715.600,715.750,91.67,1789072799999,65600.74900,245,90.59,64827.89500,0
1789072800000,715.750,715.890,715.630,715.690,105.47,1789072859999,75494.94580,595,41.29,29554.32210,0
1789072860000,715.690,715.750,715.630,715.740,22.52,1789072919999,16116.43890,240,12.17,8709.58100,0
1789072920000,715.750,716.010,715.510,715.760,546.00,1789072979999,390838.15070,904,254.37,182072.61310,0
1789072980000,715.750,716.070,715.580,715.740,1734.45,1789073039999,1241533.45290,1697,1167.09,835443.36270,0
1789073040000,715.730,716.500,715.730,716.160,1558.94,1789073099999,1116391.94660,1519,1432.35,1025728.89780,0
1789073100000,716.150,716.670,716.150,716.410,682.37,1789073159999,488934.55670,1631,440.86,315877.62640,0
1789073160000,716.420,716.680,716.360,716.550,640.00,1789073219999,458569.76460,1160,434.25,311141.36160,0
1789073220000,716.550,716.580,715.640,715.640,585.05,1789073279999,418918.20740,839,138.56,99239.33560,0
1789073280000,715.640,715.700,715.450,715.540,142.82,1789073339999,102194.38060,501,80.78,57800.71110,0
1789073340000,715.540,715.790,715.530,715.790,83.88,1789073399999,60025.44670,320,72.79,52089.55760,0
1789073400000,715.790,715.940,715.790,715.800,70.79,1789073459999,50675.41930,435,41.26,29535.93790,0
1789073460000,715.800,715.840,715.650,715.650,126.78,1789073519999,90740.64680,259,78.64,56285.11840,0
1789073520000,715.650,715.870,715.510,715.720,391.90,1789073579999,280450.26300,798,182.46,130578.29250,0
1789073580000,715.720,715.770,715.650,715.650,66.49,1789073639999,47587.81700,270,27.15,19432.03540,0
1789073640000,715.650,715.800,715.590,715.750,535.35,1789073699999,383122.99000,561,316.07,226184.31040,0
1789073700000,715.760,715.900,715.760,715.890,23.33,1789073759999,16700.34580,397,22.20,15891.44730,0
1789073760000,715.890,715.900,715.580,715.630,56.23,1789073819999,40248.45290,281,6.70,4795.12890,0
1789073820000,715.630,715.640,715.540,715.540,20.31,1789073879999,14533.83490,125,6.82,4880.58960,0
1789073880000,715.550,715.670,715.220,715.300,176.73,1789073939999,126450.68920,675,63.89,45713.84130,0
1789073940000,715.300,715.380,715.300,715.370,11.78,1789073999999,8426.87620,125,7.69,5501.08300,0
1789074000000,715.380,715.760,715.370,715.760,213.30,1789074059999,152604.21110,420,195.44,139826.90120,0
1789074060000,715.750,715.760,715.130,715.130,372.79,1789074119999,266722.37610,680,76.06,54415.81620,0
1789074120000,715.130,715.410,715.050,715.050,287.12,1789074179999,205366.24870,780,130.40,93277.38190,0
1789074180000,715.050,715.060,714.960,714.970,135.12,1789074239999,96615.45690,269,26.01,18598.29050,0
1789074240000,714.960,714.970,714.860,714.860,115.80,1789074299999,82789.37330,195,17.85,12760.43050,0
1789074300000,714.870,715.450,714.770,715.430,541.45,1789074359999,387085.69180,877,399.94,285922.91170,0
1789074360000,715.430,715.440,715.270,715.320,368.30,1789074419999,263474.09740,613,274.38,196283.27060,0
1789074420000,715.320,715.320,714.830,715.140,757.11,1789074479999,541400.35740,953,626.51,447999.05150,0
1789074480000,715.140,715.280,715.140,715.270,247.36,1789074539999,176918.12290,338,217.16,155317.70460,0
1789074540000,715.280,715.750,715.270,715.710,194.02,1789074599999,138807.86930,503,162.43,116202.25700,0
1789074600000,715.710,715.770,715.710,715.770,43.93,1789074659999,31442.25150,133,34.74,24864.47010,0
1789074660000,715.770,715.770,715.380,715.380,211.32,1789074719999,151223.09270,402,26.92,19259.77010,0
1789074720000,715.390,715.600,715.380,715.550,198.11,1789074779999,141744.02470,371,182.39,130496.51580,0
1789074780000,715.540,715.870,715.110,715.170,1046.26,1789074839999,748661.11430,1096,287.97,206071.26630,0
1789074840000,715.170,715.230,715.170,715.220,22.23,1789074899999,15899.30060,101,4.85,3468.77750,0
1789074900000,715.230,715.230,714.990,715.050,335.63,1789074959999,240009.22520,542,45.46,32506.77160,0
1789074960000,715.060,715.220,715.050,715.210,38.26,1789075019999,27362.47900,128,28.66,20496.71070,0
1789075020000,715.210,715.220,714.980,714.980,57.14,1789075079999,40864.05960,295,16.32,11672.29350,0
1789075080000,714.980,714.980,714.620,714.640,102.68,1789075139999,73388.42790,360,0.59,421.65470,0
1789075140000,714.650,714.650,714.470,714.470,119.00,1789075199999,85031.39720,245,6.66,4758.92690,0
1789075200000,714.470,714.480,714.400,714.470,78.07,1789075259999,55775.30640,268,15.13,10809.11230,0
1789075260000,714.480,714.550,714.200,714.290,234.65,1789075319999,167636.59400,571,26.25,18750.99090,0
1789075320000,714.280,714.310,714.280,714.280,23.07,1789075379999,16478.57550,94,8.61,6150.03800,0
1789075380000,714.290,714.590,714.280,714.480,123.32,1789075439999,88111.77460,367,52.38,37420.95090,0
1789075440000,714.490,714.710,714.490,714.710,55.67,1789075499999,39783.74350,170,26.13,18673.33350,0
1789075500000,714.700,714.700,714.430,714.640,87.46,1789075559999,62494.38390,310,7.67,5479.94850,0
1789075560000,714.640,714.640,714.370,714.570,71.42,1789075619999,51028.17910,353,27.22,19447.07720,0
1789075620000,714.580,714.580,714.570,714.580,4.16,1789075679999,2972.63530,58,2.41,1722.13780,0
1789075680000,714.570,714.640,714.570,714.640,40.43,1789075739999,28891.93520,170,34.24,24468.72830,0
1789075740000,714.640,714.690,714.450,714.600,234.57,1789075799999,167608.46380,308,7.30,5216.30440,0
1789075800000,714.600,714.610,714.600,714.600,10.92,1789075859999,7803.45260,184,2.06,1472.09660,0
1789075860000,714.600,714.610,714.370,714.370,44.87,1789075919999,32060.69990,292,4.58,3272.28080,0
1789075920000,714.370,714.420,714.320,714.410,76.48,1789075979999,54634.55250,310,53.79,38425.17010,0
1789075980000,714.420,714.420,714.410,714.420,8.18,1789076039999,5843.92000,65,4.62,3300.62040,0
1789076040000,714.420,714.490,714.100,714.480,517.76,1789076099999,369811.19710,508,102.46,73192.96920,0
1789076100000,714.490,714.490,714.270,714.270,83.46,1789076159999,59626.10320,223,8.93,6380.19890,0
1789076160000,714.280,714.440,714.280,714.420,48.41,1789076219999,34581.46310,199,37.76,26973.68760,0
1789076220000,714.430,714.830,714.430,714.690,236.64,1789076279999,169130.01450,372,155.77,111326.30890,0
1789076280000,714.700,714.700,714.140,714.490,350.59,1789076339999,250427.77430,518,240.00,171421.04400,0
1789076340000,714.490,714.710,714.490,714.710,23.28,1789076399999,16636.79240,148,13.91,9940.26600,0
1789076400000,714.720,714.900,714.620,714.820,237.65,1789076459999,169869.58490,507,39.75,28411.38990,0
1789076460000,714.830,714.920,714.490,714.760,603.36,1789076519999,431230.04890,798,95.12,67981.47150,0
1789076520000,714.770,714.970,714.580,714.670,1012.42,1789076579999,723603.17220,1131,312.94,223679.03120,0
1789076580000,714.670,714.820,714.430,714.520,554.17,1789076639999,396030.18620,856,302.04,215859.00680,0
1789076640000,714.520,714.830,714.300,714.340,888.23,1789076699999,634648.52620,1076,126.17,90147.06640,0
1789076700000,714.350,714.560,714.280,714.560,167.14,1789076759999,119404.55310,523,44.20,31577.00360,0
1789076760000,714.560,714.830,714.550,714.830,27.81,1789076819999,19875.05820,227,18.08,12920.66710,0
1789076820000,714.830,715.370,714.830,715.360,759.30,1789076879999,542986.23950,735,694.82,496872.56780,0
1789076880000,715.360,715.370,715.320,715.330,39.11,1789076939999,27977.44420,183,14.57,10422.93490,0
1789076940000,715.320,715.320,714.870,714.870,52.53,1789076999999,37564.63820,329,1.26,900.98900,0
1789077000000,714.870,714.880,714.860,714.860,21.36,1789077059999,15269.59620,119,10.58,7563.32570,0
1789077060000,714.870,714.920,714.860,714.870,78.08,1789077119999,55818.71570,246,45.65,32634.47460,0
1789077120000,714.870,714.870,714.850,714.860,12.21,1789077179999,8728.46130,99,2.91,2080.24260,0
1789077180000,714.850,715.090,714.690,714.860,95.03,1789077239999,67943.88830,519,23.60,16870.15530,0
1789077240000,714.850,714.850,714.700,714.720,55.51,1789077299999,39675.00950,219,31.23,22320.66230,0
1789077300000,714.720,714.730,714.720,714.720,14.50,1789077359999,10363.48270,185,4.27,3051.89710,0
1789077360000,714.720,715.030,714.720,714.720,141.28,1789077419999,101004.37200,490,57.99,41457.17610,0
1789077420000,714.720,714.950,714.670,714.680,162.53,1789077479999,116176.69650,459,101.64,72652.48500,0
1789077480000,714.680,714.700,714.310,714.620,207.20,1789077539999,148060.76730,490,119.87,85657.62040,0
1789077540000,714.630,714.950,714.620,714.780,114.48,1789077599999,81823.89010,463,56.38,40294.50060,0
1789077600000,714.790,715.090,714.410,714.600,434.52,1789077659999,310550.93440,911,306.04,218729.32140,0
1789077660000,714.610,715.120,714.600,715.110,127.84,1789077719999,91388.61260,436,119.16,85183.61120,0
1789077720000,715.120,715.120,714.690,714.690,241.20,1789077779999,172425.19640,652,117.74,84150.64580,0
1789077780000,714.690,715.100,714.590,715.050,229.28,1789077839999,163875.72180,638,205.95,147196.86070,0
1789077840000,715.050,715.500,715.040,715.420,103.88,1789077899999,74311.96340,417,84.29,60297.16100,0
1789077900000,715.420,715.420,715.140,715.180,181.75,1789077959999,129990.69690,590,154.28,110340.61820,0
1789077960000,715.180,715.380,715.140,715.380,38.39,1789078019999,27456.52980,248,14.75,10549.54760,0
1789078020000,715.380,715.380,714.990,715.230,46.72,1789078079999,33410.13540,451,19.89,14223.14800,0
1789078080000,715.230,715.840,715.220,715.830,287.78,1789078139999,205955.92840,593,259.92,186014.45370,0
1789078140000,715.840,715.900,715.810,715.880,63.84,1789078199999,45700.70810,232,46.20,33072.88080,0
1789078200000,715.870,716.190,715.660,716.050,210.38,1789078259999,150605.60030,856,104.07,74501.08020,0
1789078260000,716.040,716.040,715.810,715.940,135.83,1789078319999,97238.56690,376,28.74,20574.44400,0
1789078320000,715.940,715.940,715.380,715.380,66.07,1789078379999,47288.87050,461,3.45,2469.28560,0
1789078380000,715.390,715.390,715.210,715.210,21.94,1789078439999,15693.68220,223,7.01,5014.41060,0
1789078440000,715.210,715.450,715.010,715.440,236.88,1789078499999,169407.03650,561,201.98,144448.64940,0
1789078500000,715.450,715.520,715.330,715.520,49.41,1789078559999,35350.09020,561,19.10,13664.53910,0
1789078560000,715.520,715.800,715.520,715.790,30.44,1789078619999,21786.03690,228,26.66,19080.78520,0
1789078620000,715.790,716.140,715.790,715.940,434.85,1789078679999,311351.91010,662,381.67,273277.58290,0
1789078680000,715.940,715.950,715.690,715.870,65.48,1789078739999,46870.38250,335,25.90,18538.18220,0
1789078740000,715.870,715.990,715.660,715.690,306.15,1789078799999,219157.19760,885,98.76,70689.95920,0
1789078800000,715.690,715.820,715.600,715.750,91.58,1789078859999,65545.06410,352,55.63,39815.03060,0
1789078860000,715.750,715.940,715.660,715.930,40.18,1789078919999,28759.74820,375,20.12,14401.14280,0
1789078920000,715.930,715.940,715.440,715.670,315.24,1789078979999,225559.98330,553,167.29,119690.41420,0
1789078980000,715.670,716.000,715.670,715.710,435.83,1789079039999,311990.38370,548,364.32,260805.07700,0
1789079040000,715.710,715.830,715.660,715.830,41.90,1789079099999,29988.31260,242,18.68,13369.77310,0
1789079100000,715.820,715.820,715.620,715.640,144.08,1789079159999,103113.39980,412,8.73,6247.97560,0
1789079160000,715.640,715.720,715.370,715.370,89.86,1789079219999,64305.30110,389,29.77,21305.25940,0
1789079220000,715.380,715.380,715.190,715.190,38.08,1789079279999,27237.97890,215,0.84,600.83520,0
1789079280000,715.200,715.200,714.830,714.830,92.85,1789079339999,66384.73530,315,3.54,2530.97760,0
1789079340000,714.830,714.830,714.500,714.500,88.43,1789079399999,63194.96970,311,9.93,7095.71200,0
1789079400000,714.510,714.620,714.410,714.530,113.53,1789079459999,81121.40780,607,39.63,28315.53000,0
1789079460000,714.530,714.780,714.380,714.380,98.07,1789079519999,70081.85010,430,27.08,19352.81890,0
1789079520000,714.380,714.450,713.520,713.840,436.36,1789079579999,311473.18240,1009,34.47,24603.75500,0
1789079580000,713.850,713.930,713.170,713.400,912.23,1789079639999,650848.63800,1406,111.48,79533.59850,0
1789079640000,713.410,713.450,713.130,713.130,199.17,1789079699999,142081.18090,682,38.00,27108.62560,0
1789079700000,713.140,713.440,713.140,713.310,143.31,1789079759999,102224.65420,526,73.36,52324.97200,0
1789079760000,713.310,713.390,712.880,712.880,169.21,1789079819999,120670.33290,546,4.10,2924.38320,0
1789079820000,712.870,713.000,712.860,712.990,158.93,1789079879999,113304.22390,434,78.51,55970.12800,0
1789079880000,713.000,713.040,712.610,712.800,211.61,1789079939999,150839.27870,601,75.14,53553.32650,0
1789079940000,712.810,713.190,712.680,713.190,305.66,1789079999999,217936.68890,635,236.62,168708.28790,0
1789080000000,713.190,713.190,712.690,712.700,138.00,1789080059999,98381.64010,614,58.63,41796.36230,0
1789080060000,712.700,712.710,712.610,712.610,42.84,1789080119999,30529.77860,247,12.06,8594.21610,0
1789080120000,712.620,712.640,712.300,712.580,379.46,1789080179999,270356.19630,1295,143.60,102307.91580,0
1789080180000,712.590,712.590,712.420,712.570,71.69,1789080239999,51079.02600,376,14.13,10067.42460,0
1789080240000,712.580,712.890,712.510,712.510,342.29,1789080299999,243953.31930,696,246.65,175792.47390,0
1789080300000,712.520,712.670,712.490,712.670,138.91,1789080359999,98982.46350,438,60.58,43165.21580,0
1789080360000,712.680,712.880,712.670,712.870,145.75,1789080419999,103893.59710,539,104.56,74531.94920,0
1789080420000,712.880,713.400,712.870,713.360,150.32,1789080479999,107209.75860,474,134.70,96069.62170,0
1789080480000,713.360,713.360,713.160,713.230,69.04,1789080539999,49243.42680,373,28.02,19983.88850,0
1789080540000,713.230,713.240,713.040,713.060,79.29,1789080599999,56547.76840,451,12.08,8615.30790,0
1789080600000,713.050,713.220,713.050,713.180,152.16,1789080659999,108517.15770,341,50.84,36256.17690,0
1789080660000,713.190,713.190,713.100,713.190,211.08,1789080719999,150527.62340,302,8.28,5904.88690,0
1789080720000,713.180,713.210,712.600,712.630,410.01,1789080779999,292340.34100,625,21.93,15633.47160,0
1789080780000,712.630,712.750,712.630,712.740,33.91,1789080839999,24167.32880,177,31.21,22243.06040,0
1789080840000,712.740,713.100,712.740,713.100,111.23,1789080899999,79297.78450,390,75.02,53480.23160,0
1789080900000,713.090,713.100,712.310,712.630,207.94,1789080959999,148188.61890,906,55.54,39571.18310,0
1789080960000,712.620,712.720,712.440,712.500,332.61,1789081019999,237024.95150,613,214.97,153194.94840,0
1789081020000,712.500,712.840,712.420,712.800,656.64,1789081079999,467930.78130,1015,500.46,356646.15660,0
1789081080000,712.840,712.950,711.930,712.360,1453.60,1789081139999,1035569.77410,1661,269.70,192192.87620,0
1789081140000,712.360,712.430,711.780,712.320,756.42,1789081199999,538725.74070,970,578.15,411768.87130,0
1789081200000,712.320,712.570,712.050,712.570,524.86,1789081259999,373832.44420,1051,85.42,60842.64360,0
1789081260000,712.570,713.500,712.570,712.610,1426.53,1789081319999,1017139.83660,1442,1131.27,806641.80500,0
1789081320000,712.620,712.660,712.240,712.650,369.63,1789081379999,263316.86440,670,32.12,22884.55720,0
1789081380000,712.660,712.690,711.840,711.990,422.59,1789081439999,300908.59530,861,13.71,9769.07470,0
1789081440000,712.000,712.030,711.380,711.860,503.73,1789081499999,358479.91080,1164,79.59,56642.92460,0
1789081500000,711.870,712.510,711.870,712.440,693.41,1789081559999,493940.73510,1290,149.26,106316.01720,0
1789081560000,712.440,712.610,711.750,712.050,134.55,1789081619999,95839.74770,951,38.69,27556.72510,0
1789081620000,712.060,712.060,711.300,711.430,185.16,1789081679999,131759.58300,1010,72.27,51412.81780,0
1789081680000,711.430,711.680,709.990,710.460,1903.15,1789081739999,1352343.43150,2797,569.17,404376.34030,0
1789081740000,710.470,711.130,710.470,710.880,418.56,1789081799999,297492.12240,1317,205.27,145894.11340,0
1789081800000,710.880,711.060,710.810,710.810,363.92,1789081859999,258715.67760,945,104.00,73931.56910,0
1789081860000,710.810,711.580,710.450,710.880,534.76,1789081919999,380152.12040,1412,389.05,276524.33670,0
1789081920000,710.880,711.470,710.880,711.390,402.36,1789081979999,286199.76410,815,340.43,242148.90110,0
1789081980000,711.390,711.400,710.260,710.460,391.93,1789082039999,278477.99680,1189,56.82,40362.97420,0
1789082040000,710.450,710.540,709.250,709.440,1290.61,1789082099999,915916.85720,2303,335.35,237939.97310,0
1789082100000,709.440,710.220,708.970,709.630,1168.00,1789082159999,828834.79470,2788,269.44,191224.66140,0
1789082160000,709.640,709.780,708.980,709.770,523.15,1789082219999,371103.52590,1477,192.66,136664.81340,0
1789082220000,709.780,710.260,709.770,710.230,3415.73,1789082279999,2424786.63270,1129,3272.45,2323037.44370,0
1789082280000,710.230,710.660,709.620,709.640,1324.16,1789082339999,940429.43270,1948,941.65,668820.15490,0
1789082340000,709.630,709.990,709.630,709.990,120.55,1789082399999,85566.11620,835,50.89,36121.00470,0
1789082400000,709.990,710.940,709.980,710.930,164.49,1789082459999,116856.45910,864,128.33,91168.83170,0
1789082460000,710.940,711.090,710.460,710.710,597.73,1789082519999,424924.31180,904,511.89,363902.50510,0
1789082520000,710.720,710.950,710.660,710.820,262.81,1789082579999,186805.90340,849,182.11,129441.01720,0
1789082580000,710.820,711.040,710.730,710.730,198.16,1789082639999,140873.50550,710,74.95,53284.33540,0
1789082640000,710.720,710.720,710.310,710.580,270.57,1789082699999,192235.37440,893,122.95,87348.78300,0
1789082700000,710.590,710.860,710.480,710.480,141.04,1789082759999,100242.02050,745,98.23,69815.13170,0
1789082760000,710.480,710.980,710.480,710.910,145.90,1789082819999,103695.32880,672,99.62,70800.43870,0
1789082820000,710.920,711.250,710.920,711.250,80.82,1789082879999,57470.78320,463,63.30,45011.80260,0
1789082880000,711.240,711.430,711.090,711.380,268.15,1789082939999,190729.09770,855,178.30,126821.90870,0
1789082940000,711.390,711.590,710.990,710.990,435.03,1789082999999,309447.27960,667,228.45,162521.21040,0
1789083000000,711.000,711.340,710.990,711.270,104.41,1789083059999,74255.99660,702,80.95,57570.70680,0
1789083060000,711.260,711.370,711.070,711.120,175.33,1789083119999,124694.08910,764,33.05,23504.60920,0
1789083120000,711.130,711.130,710.850,711.120,131.25,1789083179999,93313.53480,667,77.28,54942.19000,0
1789083180000,711.120,711.500,711.120,711.460,54.76,1789083239999,38952.27350,324,41.36,29418.57010,0
1789083240000,711.460,711.460,711.230,711.300,85.82,1789083299999,61048.68360,601,46.03,32741.97950,0
1789083300000,711.300,711.300,711.020,711.110,117.33,1789083359999,83430.00260,570,66.66,47398.42810,0
1789083360000,711.110,711.390,711.110,711.290,261.69,1789083419999,186124.82900,702,68.78,48913.64390,0
1789083420000,711.290,711.640,711.250,711.300,212.82,1789083479999,151415.24830,739,143.98,102436.79100,0
1789083480000,711.300,711.640,711.290,711.630,184.69,1789083539999,131400.87080,488,133.54,95013.64100,0
1789083540000,711.630,711.760,710.280,710.490,1674.39,1789083599999,1190366.93900,1893,627.37,445994.06790,0
1789083600000,710.490,710.680,710.310,710.530,224.40,1789083659999,159423.21970,810,119.36,84794.23540,0
1789083660000,710.540,710.630,710.300,710.430,106.46,1789083719999,75634.57350,494,56.13,39874.12030,0
1789083720000,710.440,710.840,710.440,710.800,106.06,1789083779999,75376.80740,536,70.64,50201.01470,0
1789083780000,710.810,711.090,710.680,710.810,147.42,1789083839999,104796.72630,698,92.26,65579.85140,0
1789083840000,710.810,711.230,710.760,711.220,102.01,1789083899999,72535.15330,522,72.60,51623.61260,0
1789083900000,711.220,711.230,710.880,710.960,69.13,1789083959999,49156.61980,709,20.24,14390.65860,0
1789083960000,710.960,711.070,710.710,710.970,160.00,1789084019999,113734.65810,698,58.07,41279.14160,0
1789084020000,710.970,710.970,710.710,710.770,82.76,1789084079999,58826.43080,483,7.42,5274.28300,0
1789084080000,710.760,710.810,710.660,710.720,65.42,1789084139999,46496.60180,465,22.61,16069.48840,0
1789084140000,710.720,710.730,710.490,710.570,61.34,1789084199999,43586.05440,453,16.94,12036.60850,0
1789084200000,710.560,710.800,710.520,710.630,104.93,1789084259999,74576.53410,560,14.47,10282.82970,0
1789084260000,710.630,710.630,710.260,710.420,240.80,1789084319999,171068.32650,808,128.69,91423.05140,0
1789084320000,710.420,710.420,710.160,710.160,81.31,1789084379999,57752.15340,367,7.31,5191.63380,0
1789084380000,710.170,710.350,710.090,710.090,118.83,1789084439999,84392.45990,885,53.09,37701.70410,0
1789084440000,710.090,710.120,709.550,709.600,424.47,1789084499999,301296.02630,913,142.29,101007.47870,0
1789084500000,709.600,709.740,709.230,709.450,464.44,1789084559999,329517.47320,1259,269.26,191028.25330,0
1789084560000,709.440,709.700,709.160,709.640,151.76,1789084619999,107665.83540,822,82.81,58751.94330,0
1789084620000,709.630,709.690,709.160,709.280,510.82,1789084679999,362367.35520,1115,166.39,118021.02040,0
1789084680000,709.270,709.270,708.670,709.050,666.26,1789084739999,472379.73230,1327,175.80,124649.48400,0
1789084740000,709.050,709.160,708.820,709.130,268.34,1789084799999,190265.76940,786,159.60,113163.38970,0
