open_time,open,high,low,close,volume,close_time,quote_volume,count,taker_buy_volume,taker_buy_quote_volume,ignore
1745020800000,591.520,592.990,590.850,592.980,42680.99,1745035199999,25263571.95870,76136,25905.02,15334034.14280,0
1745035200000,592.980,593.970,591.250,592.570,50656.50,1745049599999,30005991.04240,73822,27154.81,16085030.85780,0
1745049600000,592.570,592.900,589.260,590.380,51632.83,1745063999999,30508871.29520,75351,28063.71,16582657.80760,0
1745064000000,590.390,590.680,587.450,588.870,76387.92,1745078399999,44970782.36980,92959,39046.80,22988702.41360,0
1745078400000,588.870,591.160,587.150,590.730,59580.27,1745092799999,35117315.72230,82843,29176.11,17199379.86890,0
1745092800000,590.740,593.530,590.380,591.560,34326.83,1745107199999,20319996.99200,67127,17898.52,10594112.56610,0
