open_time,open,high,low,close,volume,close_time,quote_volume,count,taker_buy_volume,taker_buy_quote_volume,ignore
1775260800000,588.400,589.380,587.310,589.250,28984.63,1775275199999,17048845.68120,65898,14886.12,8755234.06740,0
1775275200000,589.250,592.390,588.370,590.270,44927.01,1775289599999,26530802.96610,79775,21451.96,12670042.78040,0
1775289600000,590.270,591.880,589.220,589.650,41200.61,1775303999999,24316522.76940,73460,20053.53,11836305.46780,0
1775304000000,589.650,592.170,588.100,591.370,56446.47,1775318399999,33314998.27410,86724,27390.69,16169074.52690,0
1775318400000,591.370,596.890,590.680,593.680,64219.98,1775332799999,38109030.17130,101239,34053.98,20207812.33000,0
1775332800000,593.670,595.410,592.870,593.620,28576.75,1775347199999,16972830.69740,63568,13567.85,8058052.86370,0
