open_time,open,high,low,close,volume,close_time,quote_volume,count,taker_buy_volume,taker_buy_quote_volume,ignore
1707696000000,320.430,321.790,317.480,319.220,116652.26,1707710399999,37277854.08260,83232,56399.66,18025527.17610,0
1707710400000,319.220,320.050,315.220,317.980,124009.58,1707724799999,39393997.62740,79289,60973.25,19374237.33280,0
1707724800000,317.990,318.430,315.350,316.860,93401.68,1707739199999,29577242.09100,70238,44431.26,14069531.04570,0
1707739200000,316.870,322.290,316.480,321.920,163898.14,1707753599999,52374505.39130,99347,85747.50,27406559.67070,0
1707753600000,321.920,330.540,320.720,324.050,417931.05,1707767999999,136078051.24662,214266,201755.13,65698491.40362,0
1707768000000,324.050,328.500,323.940,327.660,157894.40,1707782399999,51632765.39350,102495,82599.86,27008555.27240,0
