open_time,open,high,low,close,volume,close_time,quote_volume,count,taker_buy_volume,taker_buy_quote_volume,ignore
1666915200000,286.680,288.140,285.520,286.920,152274.56,1666929599999,43694715.79100,72221,73869.95,21198994.65950,0
1666929600000,286.920,287.830,285.660,286.060,123693.65,1666943999999,35479825.24480,57100,60107.90,17242508.74200,0
1666944000000,286.050,287.620,285.700,287.550,171767.99,1666958399999,49237484.96020,69656,84905.05,24339444.69550,0
1666958400000,287.550,296.870,286.520,296.810,575462.23,1666972799999,168285787.20189,216250,311489.89,91106872.70079,0
1666972800000,296.820,300.900,296.290,299.080,508624.67,1666987199999,151805626.10707,181141,275771.37,82321982.62947,0
1666987200000,299.090,301.080,297.070,297.850,171530.11,1667001599999,51282726.69660,79553,90549.56,27076686.39680,0
