open_time,open,high,low,close,volume,close_time,quote_volume,count,taker_buy_volume,taker_buy_quote_volume,ignore
1771200000000,615.170,618.310,611.180,613.290,58569.38,1771214399999,35986467.02740,156367,26796.07,16464434.20420,0
1771214400000,613.290,618.750,610.050,613.160,63351.41,1771228799999,38872365.86740,138217,29780.64,18273865.29550,0
1771228800000,613.170,619.870,612.490,618.520,79890.12,1771243199999,49276986.67150,168082,39920.78,24627685.91860,0
1771243200000,618.510,631.290,604.200,607.310,295301.08,1771257599999,182443760.28370,486356,135676.37,83884339.78690,0
1771257600000,607.310,618.270,607.000,616.600,88910.04,1771271999999,54543541.32550,206640,47006.55,28833285.01290,0
1771272000000,616.600,628.380,615.810,627.150,90354.99,1771286399999,56327438.87720,175699,44521.91,27757521.62910,0
