open_time,open,high,low,close,volume,close_time,quote_volume,count,taker_buy_volume,taker_buy_quote_volume,ignore
1765497600000,886.290,896.510,880.330,892.780,77184.79,1765511999999,68611377.36130,180356,38144.76,33922337.63950,0
1765512000000,892.780,894.440,886.570,889.580,53320.28,1765526399999,47481569.23710,132372,26304.33,23423251.68060,0
1765526400000,889.570,889.630,883.920,886.290,52972.71,1765540799999,46967443.53600,106680,23966.15,21247942.45360,0
1765540800000,886.290,892.540,872.290,874.440,139700.25,1765555199999,123481836.87780,241906,64990.32,57486093.84140,0
1765555200000,874.440,882.350,870.730,877.470,113015.96,1765569599999,99075058.58900,263191,55646.23,48785273.94660,0
1765569600000,877.470,882.920,875.400,881.860,30109.45,1765583999999,26479461.17460,95199,14994.77,13188293.63920,0
