open_time,open,high,low,close,volume,close_time,quote_volume,count,taker_buy_volume,taker_buy_quote_volume,ignore
1697932800000,214.330,215.300,213.950,214.330,69436.06,1697947199999,14894334.69890,39326,35054.58,7519123.63870,0
1697947200000,214.340,216.880,213.710,214.260,184949.09,1697961599999,39838877.38700,80699,90739.41,19548123.93920,0
1697961600000,214.260,214.830,213.680,214.130,75999.91,1697975999999,16286589.43500,39221,35771.90,7666505.55980,0
1697976000000,214.120,215.150,214,214.320,74181.87,1697990399999,15914255.47400,37317,37775.38,8104577.11550,0
1697990400000,214.330,215.880,214.070,215.180,81041.89,1698004799999,17445765.80080,39229,38173.02,8217398.36200,0
1698004800000,215.180,218.820,214.910,217.950,174696.96,1698019199999,37926672.21290,86168,96308.94,20909366.65140,0
