open_time,open,high,low,close,volume,close_time,quote_volume,count,taker_buy_volume,taker_buy_quote_volume,ignore
1625875200000,316.860,321.000,314.010,315.070,386051.31,1625889599999,122580706.53276,219713,184686.43,58661938.63759,0
1625889600000,315.060,315.530,310.440,313.100,365791.52,1625903999999,114487405.30927,210309,170129.13,53261890.38170,0
1625904000000,313.110,314.850,310.300,313.320,396734.31,1625918399999,124238751.94250,220711,191751.75,60061451.46030,0
1625918400000,313.320,317.170,312.000,316.500,337729.39,1625932799999,106047485.26552,196733,171809.83,53963515.42142,0
1625932800000,316.490,319.740,311.330,313.500,534886.70,1625947199999,168540984.17714,242862,260206.89,82015021.10141,0
1625947200000,313.500,317.400,311.350,316.110,250008.01,1625961599999,78642751.44091,178665,130931.04,41194003.72332,0
