open_time,open,high,low,close,volume,close_time,quote_volume,count,taker_buy_volume,taker_buy_quote_volume,ignore
1679097600000,338.620,344.760,337.200,343.000,522212.87,1679111999999,178412864.14328,254826,262361.13,89639247.74858,0
1679112000000,343.000,345.770,341.610,343.960,256154.14,1679126399999,88022333.04680,124929,127487.44,43817065.14220,0
1679126400000,343.960,343.960,339.680,342.750,218767.76,1679140799999,74748294.72010,117782,102972.71,35189080.57520,0
1679140800000,342.750,343.650,329.020,332.100,702362.95,1679155199999,235940234.10415,283226,339972.29,114215248.37700,0
1679155200000,332.110,336.720,326.000,335.200,522924.99,1679169599999,174153988.09047,249956,253998.72,84623112.09175,0
1679169600000,335.200,337.330,329.360,330.820,242863.84,1679183999999,80891092.09530,129627,125477.21,41779193.30900,0
