open_time,open,high,low,close,volume,close_time,quote_volume,count,taker_buy_volume,taker_buy_quote_volume,ignore
1721865600000,574.780,576.180,553.080,556.700,275337.08,1721879999999,154628684.86620,258833,132375.50,74340708.55010,0
1721880000000,556.700,564.650,554.290,561.840,83096.43,1721894399999,46615883.92170,101847,38600.28,21656308.07520,0
1721894400000,561.840,567.550,560.500,564.420,87602.27,1721908799999,49406339.06070,97928,45336.29,25567124.10850,0
1721908800000,564.410,567.260,556.580,565.210,119509.21,1721923199999,67235684.46590,158321,59146.59,33278520.15020,0
1721923200000,565.210,570.560,562.660,566.450,112672.33,1721937599999,63924377.77370,146383,55600.89,31547952.19290,0
1721937600000,566.470,573.420,560.890,570.940,74427.86,1721951999999,42393868.19000,116641,39234.21,22349271.71770,0
