open_time,open,high,low,close,volume,close_time,quote_volume,count,taker_buy_volume,taker_buy_quote_volume,ignore
1785628800000,575.470,575.560,575.310,575.520,718.87,1785628859999,413681.61470,962,264.00,151929.30160,0
1785628860000,575.530,575.760,575.520,575.740,474.28,1785628919999,273023.06310,660,307.85,177205.39200,0
1785628920000,575.750,575.750,575.560,575.730,552.48,1785628979999,318041.05790,715,162.35,93458.47140,0
1785628980000,575.730,576.130,575.720,576.130,292.44,1785629039999,168396.83170,584,217.08,125006.01470,0
1785629040000,576.120,576.550,576.120,576.550,332.17,1785629099999,191468.12420,649,322.95,186154.46510,0
1785629100000,576.550,576.760,576.540,576.650,441.32,1785629159999,254501.55420,587,329.15,189812.37890,0
1785629160000,576.660,576.920,576.560,576.730,1217.17,1785629219999,702025.38730,900,654.46,377448.76110,0
1785629220000,576.720,576.800,576.640,576.800,376.76,1785629279999,217279.76120,412,340.46,196346.29200,0
1785629280000,576.790,576.800,576.790,576.790,30.58,1785629339999,17638.32680,126,8.86,5110.44800,0
1785629340000,576.800,576.910,576.720,576.740,334.26,1785629399999,192798.94070,508,169.49,97760.83360,0
1785629400000,576.740,576.990,576.730,576.930,512.86,1785629459999,295861.19820,765,420.32,242469.10760,0
1785629460000,576.930,576.980,576.800,576.970,294.81,1785629519999,170071.32670,429,216.09,124658.39390,0
1785629520000,576.980,577.160,576.950,577.040,382.10,1785629579999,220486.66920,637,244.03,140811.78450,0
1785629580000,577.040,577.040,576.820,576.820,106.63,1785629639999,61515.99200,254,22.87,13194.05440,0
1785629640000,576.820,576.830,576.650,576.650,74.46,1785629699999,42946.07490,224,7.54,4348.72150,0
1785629700000,576.650,576.650,576.620,576.620,48.46,1785629759999,27943.24790,156,21.46,12374.47980,0
1785629760000,576.620,576.710,576.600,576.710,174.19,1785629819999,100441.54690,387,154.55,89116.96970,0
1785629820000,576.720,576.830,576.720,576.830,121.43,1785629879999,70042.13150,262,108.77,62739.59700,0
1785629880000,576.820,576.820,576.390,576.400,565.04,1785629939999,325789.60470,507,7.85,4526.43690,0
1785629940000,576.390,576.420,576.320,576.410,262.18,1785629999999,151111.07470,377,154.48,89037.63620,0
1785630000000,576.410,576.420,576.300,576.310,180.03,1785630059999,103768.25800,345,124.66,71854.72290,0
1785630060000,576.310,576.310,576.110,576.110,66.12,1785630119999,38101.45150,277,24.19,13939.80590,0
1785630120000,576.110,576.160,576.100,576.160,112.26,1785630179999,64674.96580,300,100.40,57842.11780,0
1785630180000,576.160,576.160,576.130,576.140,48.91,1785630239999,28179.42730,155,22.44,12928.84780,0
1785630240000,576.130,576.140,576.100,576.110,165.26,1785630299999,95209.27270,258,59.44,34244.13410,0
1785630300000,576.100,576.110,576.040,576.040,99.82,1785630359999,57503.95080,195,41.78,24067.79920,0
1785630360000,576.050,576.050,575.620,575.620,322.99,1785630419999,186011.23010,536,33.35,19203.65960,0
1785630420000,575.630,575.630,575.430,575.520,284.46,1785630479999,163708.16900,498,132.86,76457.41680,0
1785630480000,575.520,575.530,575.520,575.520,60.97,1785630539999,35089.96330,174,50.89,29288.72170,0
1785630540000,575.520,575.530,575.390,575.390,202.37,1785630599999,116454.27700,253,37.25,21434.62760,0
1785630600000,575.400,575.710,575.390,575.700,199.39,1785630659999,114739.10960,432,131.99,75956.15400,0
1785630660000,575.700,575.790,575.390,575.390,194.16,1785630719999,111754.43320,571,67.25,38715.07900,0
1785630720000,575.390,575.400,575.200,575.200,213.72,1785630779999,122949.65390,416,33.48,19258.60610,0
1785630780000,575.200,575.210,574.590,575.200,1217.07,1785630839999,699718.29750,1457,116.45,66952.67550,0
1785630840000,575.210,575.350,574.770,574.860,468.25,1785630899999,269256.40010,709,111.85,64336.57700,0
1785630900000,574.860,575.110,574.740,574.740,286.17,1785630959999,164530.20640,548,163.63,94086.32890,0
1785630960000,574.740,574.790,574.600,574.610,283.92,1785631019999,163179.95090,486,51.08,29358.85000,0
1785631020000,574.600,574.750,574.540,574.680,495.81,1785631079999,284919.85600,678,411.13,236261.58540,0
1785631080000,574.680,574.720,574.620,574.650,98.01,1785631139999,56322.17760,283,75.26,43248.56650,0
1785631140000,574.650,574.720,574.650,574.690,65.13,1785631199999,37428.68950,207,31.68,18205.71660,0
1785631200000,574.690,575.030,574.690,574.980,173.39,1785631259999,99676.12750,398,152.55,87694.31610,0
1785631260000,574.970,574.970,574.610,574.610,178.87,1785631319999,102805.09730,439,58.89,33845.35520,0
1785631320000,574.600,574.600,574.500,574.530,281.09,1785631379999,161492.51350,383,122.74,70516.77650,0
1785631380000,574.540,574.640,574.540,574.630,78.50,1785631439999,45107.79490,192,64.75,37206.64120,0
1785631440000,574.630,574.710,574.580,574.700,623.45,1785631499999,358257.73870,324,546.77,314195.52660,0
1785631500000,574.710,574.930,574.700,574.830,141.23,1785631559999,81183.16210,342,71.32,40996.27050,0
1785631560000,574.840,574.910,574.830,574.910,89.94,1785631619999,51704.65540,282,67.99,39085.88520,0
1785631620000,574.900,574.930,574.900,574.920,56.60,1785631679999,32540.38280,161,40.94,23537.20310,0
1785631680000,574.930,574.930,574.800,574.800,260.77,1785631739999,149918.21110,245,31.74,18248.20130,0
1785631740000,574.800,574.810,574.620,574.620,283.99,1785631799999,163211.85430,524,99.79,57346.75270,0
1785631800000,574.620,574.630,574.620,574.620,53.69,1785631859999,30851.41640,159,6.86,3941.96180,0
1785631860000,574.620,574.640,574.610,574.640,167.83,1785631919999,96438.41610,254,116.52,66954.83040,0
1785631920000,574.630,574.640,574.500,574.560,151.70,1785631979999,87159.83800,267,87.24,50121.11130,0
1785631980000,574.550,574.560,574.550,574.550,28.96,1785632039999,16639.19970,103,23.17,13312.55520,0
1785632040000,574.550,574.560,574.500,574.510,40.15,1785632099999,23067.45380,158,5.88,3378.34430,0
1785632100000,574.510,574.510,574.280,574.340,648.64,1785632159999,372575.78610,661,194.30,111590.58920,0
1785632160000,574.340,574.760,574.330,574.760,305.29,1785632219999,175384.17880,533,272.87,156762.58500,0
1785632220000,574.750,574.990,574.750,574.980,241.89,1785632279999,139076.07580,364,155.65,89490.15910,0
1785632280000,574.970,574.980,574.790,574.790,287.47,1785632339999,165248.48580,266,66.77,38384.51880,0
1785632340000,574.790,574.860,574.740,574.860,124.23,1785632399999,71406.57580,261,73.66,42339.30500,0
1785632400000,574.870,575.070,574.870,575.030,177.75,1785632459999,102204.97210,470,128.60,73943.90200,0
1785632460000,575.040,575.100,574.940,574.940,359.35,1785632519999,206632.08300,382,58.78,33799.94640,0
1785632520000,574.940,575.150,574.940,575.090,208.61,1785632579999,119969.62350,495,113.63,65346.23130,0
1785632580000,575.090,575.790,575.060,575.780,634.71,1785632639999,365185.73120,947,612.71,352528.20910,0
1785632640000,575.790,576.070,575.790,576.070,363.55,1785632699999,209366.19760,552,352.19,202822.74030,0
1785632700000,576.060,576.120,576.000,576.010,361.62,1785632759999,208315.87780,864,127.73,73579.80640,0
1785632760000,576.000,576.260,575.910,576.260,561.43,1785632819999,323434.32070,681,376.19,216726.63090,0
1785632820000,576.260,576.300,576.210,576.210,144.94,1785632879999,83522.72730,262,52.08,30010.88500,0
1785632880000,576.210,576.220,576.020,576.160,155.52,1785632939999,89595.70690,417,96.38,55521.62320,0
1785632940000,576.160,576.190,576.050,576.190,128.86,1785632999999,74239.12090,298,92.71,53411.67330,0
1785633000000,576.190,576.370,576.180,576.370,177.16,1785633059999,102086.73520,380,147.33,84897.70120,0
1785633060000,576.370,576.380,576.040,576.040,394.27,1785633119999,227198.09590,749,194.61,112134.79710,0
1785633120000,576.050,576.050,576.040,576.040,69.28,1785633179999,39908.56750,168,51.63,29741.46150,0
1785633180000,576.050,576.260,576.040,576.260,243.16,1785633239999,140089.19050,557,161.55,93070.50290,0
1785633240000,576.260,576.590,576.250,576.540,275.63,1785633299999,158884.63930,612,188.34,108561.18410,0
1785633300000,576.550,577.180,576.550,576.900,962.21,1785633359999,555164.12940,1337,719.60,415168.51150,0
1785633360000,576.900,576.900,576.390,576.390,204.69,1785633419999,118035.53910,572,40.93,23601.61530,0
1785633420000,576.400,576.400,576.260,576.260,117.39,1785633479999,67656.47600,330,59.28,34164.94630,0
1785633480000,576.260,576.270,576.220,576.220,95.68,1785633539999,55137.11090,172,56.41,32507.39070,0
1785633540000,576.220,576.240,576.100,576.240,151.32,1785633599999,87182.58320,340,119.48,68837.98500,0
1785633600000,576.240,576.360,576.230,576.350,94.11,1785633659999,54235.41020,232,89.32,51475.03870,0
1785633660000,576.350,576.420,576.320,576.320,115.55,1785633719999,66600.17040,289,66.22,38167.41820,0
1785633720000,576.330,576.420,576.300,576.420,77.25,1785633779999,44522.62740,218,57.25,32996.28750,0
1785633780000,576.410,576.520,576.320,576.510,173.00,1785633839999,99725.99900,442,123.16,70993.93420,0
1785633840000,576.510,576.520,576.510,576.520,16.58,1785633899999,9558.61130,98,7.55,4352.72600,0
1785633900000,576.510,576.580,576.510,576.570,59.53,1785633959999,34320.76110,203,45.73,26364.68840,0
1785633960000,576.580,576.610,576.580,576.600,83.98,1785634019999,48422.38880,190,72.39,41739.59480,0
1785634020000,576.610,576.610,576.600,576.610,18.52,1785634079999,10678.79220,102,16.02,9237.29220,0
1785634080000,576.600,576.800,576.600,576.790,128.52,1785634139999,74118.51740,329,86.31,49773.07590,0
1785634140000,576.800,576.810,576.790,576.800,62.69,1785634199999,36159.41100,178,41.52,23948.76240,0
1785634200000,576.800,576.840,576.770,576.840,442.58,1785634259999,255279.64330,341,138.01,79603.30150,0
1785634260000,576.830,576.900,576.800,576.890,268.71,1785634319999,155004.88090,405,147.40,85027.52250,0
1785634320000,576.900,577.160,576.900,577.150,255.38,1785634379999,147361.07020,508,239.33,138100.42210,0
1785634380000,577.150,577.330,577.150,577.330,261.53,1785634439999,150961.72940,426,238.00,137379.88010,0
1785634440000,577.320,577.540,577.280,577.530,535.86,1785634499999,309398.74010,716,450.11,259893.58120,0
1785634500000,577.530,577.620,577.410,577.560,797.76,1785634559999,460727.93010,692,431.94,249448.55700,0
1785634560000,577.560,577.610,577.530,577.550,331.77,1785634619999,191626.74850,353,276.33,159605.10700,0
1785634620000,577.550,577.610,577.550,577.600,197.51,1785634679999,114077.40910,268,138.17,79802.97000,0
1785634680000,577.600,577.620,577.600,577.610,136.03,1785634739999,78572.48110,164,113.30,65443.45570,0
1785634740000,577.610,577.620,577.610,577.620,56.16,1785634799999,32438.68130,107,10.37,5989.91940,0
1785634800000,577.610,577.620,577.500,577.610,291.51,1785634859999,168366.07200,404,149.67,86441.10560,0
1785634860000,577.620,577.720,577.610,577.710,229.44,1785634919999,132535.51890,391,201.43,116356.51640,0
1785634920000,577.710,577.850,577.670,577.670,515.55,1785634979999,297869.00880,905,331.17,191339.28480,0
1785634980000,577.670,577.730,577.670,577.720,248.10,1785635039999,143330.93670,247,112.55,65021.26420,0
1785635040000,577.720,577.730,577.550,577.590,468.99,1785635099999,270900.31530,340,273.17,157785.78550,0
1785635100000,577.590,577.870,577.590,577.740,837.87,1785635159999,484045.22080,686,752.30,434610.79670,0
1785635160000,577.730,577.740,577.610,577.610,69.75,1785635219999,40292.66820,220,6.04,3488.91240,0
1785635220000,577.610,577.620,577.590,577.590,125.67,1785635279999,72588.14150,163,0.59,340.78500,0
1785635280000,577.590,577.740,577.590,577.740,252.98,1785635339999,146132.02230,328,239.71,138466.86560,0
1785635340000,577.740,577.830,577.740,577.790,136.64,1785635399999,78948.69300,285,97.24,56182.99530,0
1785635400000,577.780,577.830,577.780,577.820,163.60,1785635459999,94528.05470,273,69.04,39890.76220,0
1785635460000,577.820,577.920,577.820,577.910,335.48,1785635519999,193865.56980,366,194.58,112441.27110,0
1785635520000,577.910,578.190,577.910,578.150,809.57,1785635579999,467973.57910,761,585.57,338484.90020,0
1785635580000,578.150,578.330,578.150,578.260,592.56,1785635639999,342663.17290,559,409.88,237021.38320,0
1785635640000,578.260,578.270,578.050,578.130,423.57,1785635699999,244884.60000,398,185.45,107211.75260,0
1785635700000,578.130,578.140,578.120,578.120,100.45,1785635759999,58073.85480,186,69.86,40388.86040,0
1785635760000,578.110,578.110,577.990,577.990,382.33,1785635819999,220986.33900,215,5.22,3017.36070,0
1785635820000,578.000,578.000,577.990,577.990,84.42,1785635879999,48794.19720,105,28.14,16264.92000,0
1785635880000,577.990,578.000,577.990,577.990,21.43,1785635939999,12386.43550,63,10.98,6346.44000,0
1785635940000,577.990,578.000,577.780,577.790,2973.85,1785635999999,1718732.65840,626,468.39,270649.80590,0
1785636000000,577.800,578.050,577.790,577.910,422.73,1785636059999,244324.60250,728,271.50,156911.14700,0
1785636060000,577.910,577.910,577.780,577.790,177.89,1785636119999,102793.42740,401,73.49,42466.53490,0
1785636120000,577.780,577.790,577.780,577.780,68.63,1785636179999,39653.19230,214,15.23,8799.74030,0
1785636180000,577.780,577.790,577.550,577.580,195.96,1785636239999,113195.97110,475,137.19,79249.61780,0
1785636240000,577.580,577.860,577.580,577.760,223.85,1785636299999,129324.12030,535,148.94,86039.55030,0
1785636300000,577.750,577.940,577.680,577.930,212.60,1785636359999,122841.44500,469,131.26,75842.84440,0
1785636360000,577.930,579.240,577.930,579.060,2082.52,1785636419999,1205062.96810,2962,1494.39,864740.64020,0
1785636420000,579.060,580.320,578.670,580.060,3744.62,1785636479999,2169927.94850,4109,1949.14,1129812.50610,0
1785636480000,580.070,580.760,579.370,579.550,1571.56,1785636539999,911812.08230,2766,861.37,499742.23760,0
1785636540000,579.550,579.720,579.370,579.710,605.52,1785636599999,350911.31390,933,508.20,294511.20980,0
1785636600000,579.710,580.380,579.710,579.960,514.66,1785636659999,298470.20940,1254,269.36,156212.92080,0
1785636660000,579.950,580.070,579.730,579.730,729.31,1785636719999,422960.49250,948,387.19,224546.26690,0
1785636720000,579.730,579.910,579.600,579.760,579.33,1785636779999,335853.57380,932,352.39,204290.54690,0
1785636780000,579.760,579.920,579.750,579.920,555.19,1785636839999,321888.71280,838,214.32,124258.52640,0
1785636840000,579.920,580.380,579.920,580.230,571.49,1785636899999,331583.41190,967,432.32,250839.44620,0
1785636900000,580.240,580.590,580.200,580.200,940.78,1785636959999,546036.28010,1001,486.82,282570.43570,0
1785636960000,580.200,580.500,580.050,580.140,849.81,1785637019999,493102.51890,1143,638.65,370572.27400,0
1785637020000,580.130,580.380,579.750,580.350,641.64,1785637079999,372132.33030,1087,329.81,191294.78020,0
1785637080000,580.350,580.880,580.350,580.870,766.90,1785637139999,445337.43840,1142,586.24,340433.07960,0
1785637140000,580.870,581.400,580.620,581.400,998.68,1785637199999,580271.93330,1724,720.19,418460.07940,0
1785637200000,581.400,581.460,580.970,581.140,911.55,1785637259999,529786.69780,1454,562.84,327121.81230,0
1785637260000,581.150,581.220,580.700,580.710,569.64,1785637319999,330984.58500,708,191.32,111180.48000,0
1785637320000,580.700,580.720,579.920,580.080,685.52,1785637379999,397715.96610,1147,238.19,138181.36240,0
1785637380000,580.090,580.590,580.090,580.500,495.38,1785637439999,287529.81990,820,183.15,106289.96710,0
1785637440000,580.490,580.790,580.480,580.770,241.05,1785637499999,139961.96300,525,172.76,100310.38390,0
1785637500000,580.770,580.820,580.140,580.230,614.94,1785637559999,356969.53300,828,95.86,55641.96750,0
1785637560000,580.240,580.310,580.190,580.270,269.40,1785637619999,156318.60680,369,76.89,44615.76850,0
1785637620000,580.280,580.280,580.220,580.220,145.11,1785637679999,84199.74460,319,77.46,44945.96200,0
1785637680000,580.230,580.230,579.840,579.920,220.51,1785637739999,127890.53500,511,52.84,30642.38430,0
1785637740000,579.930,580.390,579.870,580.310,966.93,1785637799999,560931.20010,984,711.52,412731.36570,0
1785637800000,580.320,580.510,580.260,580.510,418.21,1785637859999,242703.61560,772,246.47,143036.28410,0
1785637860000,580.520,581.240,580.200,581.000,3671.15,1785637919999,2132063.59240,1890,2110.20,1225388.11490,0
1785637920000,581.000,581.010,580.560,580.890,3545.11,1785637979999,2059565.99000,1005,338.01,196288.28950,0
1785637980000,580.900,581.140,580.840,580.930,631.38,1785638039999,366818.83810,896,448.11,260339.48020,0
1785638040000,580.920,581.110,580.840,580.840,470.04,1785638099999,273069.95880,545,359.58,208899.26680,0
1785638100000,580.840,580.840,580.580,580.670,346.03,1785638159999,200940.38910,584,177.12,102848.60410,0
1785638160000,580.660,580.670,580.520,580.600,149.95,1785638219999,87061.95820,339,72.58,42138.87020,0
1785638220000,580.610,580.700,580.540,580.540,93.37,1785638279999,54213.84940,330,46.23,26842.62270,0
1785638280000,580.540,580.550,580.340,580.340,170.27,1785638339999,98835.93330,512,68.20,39587.48920,0
1785638340000,580.350,580.400,580.240,580.400,269.29,1785638399999,156287.96840,457,80.52,46729.90320,0
1785638400000,580.400,580.410,580.250,580.310,108.88,1785638459999,63186.16180,317,25.59,14849.93800,0
1785638460000,580.310,580.320,579.840,579.920,650.65,1785638519999,377386.97200,812,147.31,85432.60490,0
1785638520000,579.930,580.320,579.930,580.320,186.07,1785638579999,107944.62230,584,128.60,74599.59300,0
1785638580000,580.320,580.590,580.320,580.540,303.24,1785638639999,176020.31150,549,203.48,118103.70280,0
1785638640000,580.540,580.830,580.540,580.810,134.27,1785638699999,77970.16980,395,80.46,46720.28640,0
1785638700000,580.810,580.810,580.550,580.550,143.66,1785638759999,83414.96710,292,11.33,6578.07320,0
1785638760000,580.560,580.720,580.320,580.370,325.22,1785638819999,188806.34660,605,211.16,122594.40230,0
1785638820000,580.360,580.520,580.260,580.510,121.19,1785638879999,70331.79080,429,97.34,56490.91030,0
1785638880000,580.520,581.150,580.510,580.990,408.10,1785638939999,237067.48120,772,363.73,211288.71000,0
1785638940000,580.990,581.030,580.980,581.010,129.98,1785638999999,75520.98420,220,38.76,22520.58890,0
1785639000000,581.010,581.030,580.770,581.010,175.44,1785639059999,101909.37760,426,130.27,75668.66130,0
1785639060000,581.000,581.010,580.800,580.810,96.64,1785639119999,56140.83560,269,35.72,20751.79780,0
1785639120000,580.800,581.310,580.800,581.220,352.83,1785639179999,205039.91320,628,314.55,182798.57610,0
1785639180000,581.210,581.360,581.170,581.180,144.12,1785639239999,83770.39870,432,105.14,61112.03160,0
1785639240000,581.170,581.450,581.060,581.320,610.78,1785639299999,355025.27380,762,152.24,88500.08050,0
1785639300000,581.320,581.320,581.100,581.240,405.50,1785639359999,235680.33080,533,285.69,166048.10400,0
1785639360000,581.230,581.290,581.230,581.270,130.44,1785639419999,75820.28790,255,81.84,47570.40390,0
1785639420000,581.270,581.310,581.180,581.300,102.16,1785639479999,59378.74830,247,47.69,27720.19110,0
1785639480000,581.300,581.310,581.240,581.310,235.08,1785639539999,136645.66710,339,195.14,113429.36520,0
1785639540000,581.300,581.660,581.240,581.640,479.51,1785639599999,278808.73060,743,377.92,219745.70560,0
1785639600000,581.630,581.850,581.620,581.670,742.08,1785639659999,431676.88570,1050,516.05,300194.30850,0
1785639660000,581.670,581.760,581.580,581.760,255.81,1785639719999,148795.63370,596,191.48,111377.92810,0
1785639720000,581.750,581.960,581.750,581.960,262.84,1785639779999,152930.43310,625,218.72,127260.13450,0
1785639780000,581.950,582.240,581.560,581.580,2077.63,1785639839999,1209142.45590,1671,785.15,456957.68740,0
1785639840000,581.590,581.710,581.430,581.710,589.16,1785639899999,342643.66770,610,464.29,270023.29540,0
1785639900000,581.700,581.860,581.700,581.830,282.48,1785639959999,164342.92570,526,142.59,82955.76670,0
1785639960000,581.840,581.920,581.720,581.740,280.57,1785640019999,163245.04320,665,201.06,116983.70640,0
1785640020000,581.750,582.240,581.740,582.230,457.57,1785640079999,266354.66940,586,403.44,234841.70950,0
1785640080000,582.230,582.330,582.200,582.210,396.80,1785640139999,231035.31110,613,219.70,127918.21570,0
1785640140000,582.210,582.340,582.030,582.140,307.39,1785640199999,178954.48760,606,159.04,92590.16660,0
1785640200000,582.140,582.220,581.940,581.990,439.87,1785640259999,256042.54450,529,89.16,51907.59430,0
1785640260000,581.980,581.990,581.320,581.570,592.60,1785640319999,344600.59640,720,99.06,57609.40350,0
1785640320000,581.580,581.820,581.560,581.810,368.07,1785640379999,214068.89540,487,332.81,193561.11880,0
1785640380000,581.820,581.940,581.680,581.690,162.19,1785640439999,94368.82770,433,83.91,48822.75960,0
1785640440000,581.690,582.030,581.670,582.020,321.61,1785640499999,187119.19830,622,126.49,73596.96170,0
1785640500000,582.020,582.030,581.600,581.730,330.07,1785640559999,192025.07380,489,137.86,80184.92120,0
1785640560000,581.730,581.820,581.670,581.700,258.32,1785640619999,150279.21390,543,119.60,69577.73510,0
1785640620000,581.690,581.690,581.380,581.610,395.20,1785640679999,229802.90370,632,143.52,83451.89510,0
1785640680000,581.620,581.990,581.360,581.940,623.27,1785640739999,362521.46660,818,479.23,278725.46450,0
1785640740000,581.940,582.310,581.900,582.310,270.02,1785640799999,157192.29830,727,218.09,126960.40480,0
1785640800000,582.300,582.310,582.130,582.300,187.11,1785640859999,108940.70350,448,122.39,71256.78320,0
1785640860000,582.300,582.900,582.300,582.720,1133.60,1785640919999,660501.36990,1741,754.67,439702.88460,0
1785640920000,582.720,582.720,582.580,582.630,259.00,1785640979999,150905.95800,493,133.50,77784.81620,0
1785640980000,582.630,582.650,582.470,582.570,246.58,1785641039999,143645.25790,506,135.80,79105.69690,0
1785641040000,582.570,582.580,581.870,581.960,589.51,1785641099999,343155.24870,745,59.08,34394.49580,0
1785641100000,581.960,581.970,581.810,581.810,136.93,1785641159999,79681.61940,248,49.20,28627.97550,0
1785641160000,581.810,581.920,581.700,581.700,199.65,1785641219999,116160.11010,422,76.81,44690.44190,0
1785641220000,581.700,581.760,581.560,581.590,196.19,1785641279999,114115.85200,449,69.60,40484.70320,0
1785641280000,581.600,581.600,581.520,581.530,75.49,1785641339999,43901.49210,276,39.41,22919.01140,0
1785641340000,581.520,581.670,581.400,581.670,245.98,1785641399999,143045.77600,466,188.58,109668.28050,0
1785641400000,581.670,581.790,581.670,581.730,223.93,1785641459999,130270.48860,382,122.40,71206.24590,0
1785641460000,581.730,582.200,581.720,582.200,372.04,1785641519999,216473.82510,903,292.09,169959.44940,0
1785641520000,582.190,582.300,582.190,582.190,268.23,1785641579999,156179.28810,349,29.60,17233.97750,0
1785641580000,582.190,582.200,582.060,582.070,109.94,1785641639999,63997.94910,284,53.34,31047.82750,0
1785641640000,582.080,582.170,582.030,582.160,334.18,1785641699999,194519.70160,610,253.98,147836.34910,0
1785641700000,582.160,582.800,582.160,582.650,517.09,1785641759999,301222.60070,728,427.06,248766.85130,0
1785641760000,582.650,583.100,582.650,583.030,785.69,1785641819999,457958.96940,1110,650.73,379289.01490,0
1785641820000,583.040,583.440,583.030,583.440,934.60,1785641879999,545108.49110,1242,760.71,443696.64490,0
1785641880000,583.440,583.440,583.200,583.280,486.26,1785641939999,283645.82870,725,178.41,104071.15630,0
1785641940000,583.280,583.290,582.600,582.690,801.63,1785641999999,467237.59680,869,97.71,56955.74170,0
1785642000000,582.690,583.040,582.690,583.030,147.36,1785642059999,85887.20530,441,122.57,71437.85530,0
1785642060000,583.030,583.040,582.960,582.980,141.93,1785642119999,82742.38320,301,57.45,33491.72310,0
1785642120000,582.970,583.050,582.970,582.980,214.15,1785642179999,124853.77040,384,145.75,84975.84910,0
1785642180000,582.980,583.080,582.790,582.790,431.54,1785642239999,251583.03560,574,191.11,111420.62780,0
1785642240000,582.790,582.800,582.530,582.530,209.29,1785642299999,121956.23180,426,38.39,22369.57690,0
1785642300000,582.530,582.900,582.490,582.890,315.07,1785642359999,183577.98530,534,228.38,133060.95070,0
1785642360000,582.890,582.900,582.680,582.690,113.40,1785642419999,66088.25180,384,16.27,9481.56600,0
1785642420000,582.690,582.760,582.680,582.720,124.57,1785642479999,72589.77370,271,71.27,41530.17350,0
1785642480000,582.720,582.730,582.600,582.600,103.03,1785642539999,60030.12670,284,28.29,16483.06360,0
1785642540000,582.600,582.610,582.370,582.470,228.34,1785642599999,133004.45350,460,83.80,48807.25410,0
1785642600000,582.480,582.760,582.470,582.680,400.90,1785642659999,233583.58010,635,234.31,136511.21390,0
1785642660000,582.680,583.010,582.670,582.800,1424.24,1785642719999,830242.96140,990,575.96,335707.25650,0
1785642720000,582.800,582.800,582.670,582.690,80.74,1785642779999,47048.48970,258,55.90,32573.11100,0
1785642780000,582.700,582.850,582.690,582.760,195.85,1785642839999,114140.00710,400,81.32,47391.48430,0
1785642840000,582.760,583.050,582.750,583.020,218.84,1785642899999,127573.95050,419,149.79,87320.49590,0
1785642900000,583.010,583.020,582.710,582.720,125.53,1785642959999,73163.38800,337,32.78,19101.90800,0
1785642960000,582.710,582.720,582.350,582.350,70.58,1785643019999,41116.97640,374,7.71,4491.07820,0
1785643020000,582.350,582.480,582.350,582.480,196.20,1785643079999,114273.03570,252,185.49,108034.87200,0
1785643080000,582.480,582.680,582.470,582.560,139.01,1785643139999,80986.67860,361,68.68,40011.01240,0
1785643140000,582.550,582.640,582.440,582.640,124.32,1785643199999,72417.62550,286,65.21,37987.39790,0
1785643200000,582.640,582.900,582.640,582.890,210.43,1785643259999,122635.80110,449,184.24,107372.52220,0
1785643260000,582.900,583.130,582.840,583.120,207.55,1785643319999,120991.08760,564,151.17,88125.89380,0
1785643320000,583.120,583.200,582.800,583.160,156.39,1785643379999,91180.57090,664,77.06,44923.71790,0
1785643380000,583.170,584.000,583.160,583.850,2742.32,1785643439999,1600258.81300,1430,2546.54,1485979.01740,0
1785643440000,583.850,584.340,583.750,584.290,1406.90,1785643499999,821748.66490,1599,903.87,527942.86430,0
1785643500000,584.280,584.580,584.220,584.460,969.17,1785643559999,566389.85460,1216,641.71,375007.83920,0
1785643560000,584.470,584.610,584.360,584.610,702.93,1785643619999,410865.24880,772,442.89,258872.45060,0
1785643620000,584.620,584.990,584.520,584.990,1152.21,1785643679999,673800.98610,1409,884.47,517220.17460,0
1785643680000,584.990,585.050,584.780,584.810,1236.03,1785643739999,723007.88040,1109,693.93,405919.58980,0
1785643740000,584.820,584.820,584.400,584.530,487.08,1785643799999,284736.03680,743,169.52,99092.95110,0
1785643800000,584.530,584.540,584.270,584.270,330.64,1785643859999,193222.26190,686,104.12,60842.83620,0
1785643860000,584.270,584.420,584.100,584.410,202.41,1785643919999,118245.88980,562,114.47,66873.41460,0
1785643920000,584.420,584.560,584.340,584.560,177.88,1785643979999,103961.71570,444,63.99,37400.14850,0
1785643980000,584.550,584.940,584.550,584.940,203.91,1785644039999,119232.68090,470,146.72,85791.02490,0
1785644040000,584.930,584.940,584.660,584.770,445.19,1785644099999,260351.18070,783,149.10,87190.05910,0
1785644100000,584.770,585.160,584.770,585.100,794.43,1785644159999,464751.11980,890,587.73,343814.42720,0
1785644160000,585.090,585.230,584.860,584.860,545.35,1785644219999,319052.63910,1020,254.03,148622.15320,0
1785644220000,584.860,584.970,584.260,584.490,684.64,1785644279999,400201.18850,1058,111.47,65164.49750,0
1785644280000,584.490,584.610,584.470,584.530,217.52,1785644339999,127146.01960,565,87.86,51355.60250,0
1785644340000,584.520,584.810,584.520,584.810,121.15,1785644399999,70834.12130,366,89.07,52078.25320,0
1785644400000,584.800,585.040,584.800,585.040,192.98,1785644459999,112883.59970,465,104.77,61285.08400,0
1785644460000,585.030,585.050,584.780,585.040,328.25,1785644519999,191990.01560,683,184.81,108089.23100,0
1785644520000,585.040,585.090,584.950,584.960,651.90,1785644579999,381342.04530,657,204.37,119551.70070,0
1785644580000,584.960,585.020,584.950,584.960,198.52,1785644639999,116131.86310,381,76.58,44798.41070,0
1785644640000,584.960,585.000,584.730,584.760,586.39,1785644699999,342984.58230,571,166.91,97619.83720,0
1785644700000,584.760,584.850,584.600,584.840,286.99,1785644759999,167808.86410,610,145.89,85302.92380,0
1785644760000,584.830,585.030,584.780,584.780,243.88,1785644819999,142653.51590,557,130.11,76104.68080,0
1785644820000,584.790,585.060,584.610,584.850,720.65,1785644879999,421472.95650,918,447.87,261935.22030,0
1785644880000,584.840,585.330,584.720,585.270,449.86,1785644939999,263194.93310,961,274.39,160537.15440,0
1785644940000,585.270,585.410,584.940,585.140,520.10,1785644999999,304366.51230,759,108.64,63574.43320,0
1785645000000,585.130,585.370,585.100,585.370,323.48,1785645059999,189313.70350,783,191.46,112045.51350,0
1785645060000,585.360,585.360,585.000,585.180,422.89,1785645119999,247458.57050,701,109.05,63807.13620,0
1785645120000,585.180,585.240,585.080,585.080,114.83,1785645179999,67192.63760,414,44.27,25902.82390,0
1785645180000,585.090,585.340,585.090,585.310,167.66,1785645239999,98124.12760,344,135.08,79055.68940,0
1785645240000,585.300,585.410,585.120,585.270,378.57,1785645299999,221583.71220,575,72.49,42426.75250,0
1785645300000,585.270,585.410,585.270,585.390,186.19,1785645359999,108989.28910,467,48.14,28178.83110,0
1785645360000,585.390,585.400,585.300,585.400,130.93,1785645419999,76641.99490,412,52.36,30649.19120,0
1785645420000,585.390,585.500,585.210,585.380,370.73,1785645479999,217020.93430,708,213.01,124691.83240,0
1785645480000,585.380,585.510,585.100,585.100,317.41,1785645539999,185813.64520,548,196.18,114849.58800,0
1785645540000,585.100,585.300,585.090,585.150,194.07,1785645599999,113578.08760,414,114.19,66827.56750,0
1785645600000,585.150,585.150,584.830,584.830,193.37,1785645659999,113113.89070,433,21.25,12431.06080,0
1785645660000,584.840,584.840,584.550,584.550,187.07,1785645719999,109383.97790,578,23.50,13740.91890,0
1785645720000,584.550,584.660,584.490,584.530,424.69,1785645779999,248255.77990,629,162.97,95265.02000,0
1785645780000,584.530,584.770,584.520,584.770,183.76,1785645839999,107429.91320,257,133.03,77768.40380,0
1785645840000,584.770,584.770,584.550,584.620,159.59,1785645899999,93309.22170,421,59.46,34766.02590,0
1785645900000,584.620,585.030,584.610,584.960,480.43,1785645959999,280994.72700,598,405.49,237172.03030,0
1785645960000,584.960,585.250,584.950,585.180,368.90,1785646019999,215867.32170,637,272.45,159427.08970,0
1785646020000,585.170,585.440,585.160,585.350,458.24,1785646079999,268213.04970,749,328.02,191986.53490,0
1785646080000,585.340,585.390,585.260,585.270,125.84,1785646139999,73656.12230,400,68.17,39901.40460,0
1785646140000,585.260,585.270,585.170,585.260,62.84,1785646199999,36775.91950,296,40.22,23537.92630,0
1785646200000,585.260,585.360,585.260,585.360,52.48,1785646259999,30715.67050,189,48.35,28298.47050,0
1785646260000,585.350,585.360,585.120,585.290,207.65,1785646319999,121520.81940,527,150.74,88212.22670,0
1785646320000,585.290,585.540,585.290,585.430,323.79,1785646379999,189557.21250,537,265.93,155679.96660,0
1785646380000,585.420,585.700,585.420,585.700,249.75,1785646439999,146252.62030,571,203.38,119096.83060,0
1785646440000,585.690,585.700,585.350,585.500,363.47,1785646499999,212818.86830,770,109.04,63847.21780,0
1785646500000,585.500,585.520,585.410,585.490,103.62,1785646559999,60666.49690,420,41.23,24139.10500,0
1785646560000,585.480,585.700,585.480,585.590,300.87,1785646619999,176191.01600,527,137.63,80592.49860,0
1785646620000,585.590,585.710,585.530,585.540,155.96,1785646679999,91338.11480,392,96.83,56708.23040,0
1785646680000,585.540,585.580,585.340,585.340,63.90,1785646739999,37409.71090,328,16.72,9788.44580,0
1785646740000,585.350,585.400,585.260,585.260,116.41,1785646799999,68140.94040,318,43.15,25258.45910,0
1785646800000,585.260,585.500,585.250,585.480,171.79,1785646859999,100561.58620,492,108.37,63432.63000,0
1785646860000,585.480,585.700,585.450,585.490,650.64,1785646919999,381012.30830,936,379.40,222178.83680,0
1785646920000,585.480,585.530,584.760,584.770,318.17,1785646979999,186201.24090,873,68.48,40079.06780,0
1785646980000,584.770,584.780,584.370,584.510,896.90,1785647039999,524310.46860,849,139.96,81829.47440,0
1785647040000,584.510,584.680,584.340,584.340,340.60,1785647099999,199083.24080,855,111.23,65018.31310,0
1785647100000,584.340,584.550,584.220,584.230,671.16,1785647159999,392227.34030,995,208.78,122015.57900,0
1785647160000,584.230,584.450,584.130,584.450,304.67,1785647219999,178002.97660,710,142.18,83073.05560,0
1785647220000,584.440,585.160,584.440,585.090,511.94,1785647279999,299394.57570,805,385.11,225234.42310,0
1785647280000,585.080,585.320,584.800,584.800,590.02,1785647339999,345274.00980,832,165.73,96984.86650,0
1785647340000,584.800,584.930,584.660,584.780,249.84,1785647399999,146108.41110,611,137.72,80538.75860,0
1785647400000,584.770,584.800,584.670,584.670,176.37,1785647459999,103131.56430,393,73.41,42926.34300,0
1785647460000,584.680,584.680,584.620,584.630,61.19,1785647519999,35773.94770,229,14.46,8453.96280,0
1785647520000,584.620,584.630,584.570,584.570,40.96,1785647579999,23945.28280,183,10.49,6132.50570,0
1785647580000,584.580,584.580,584.360,584.380,247.31,1785647639999,144539.81870,505,30.66,17917.37520,0
1785647640000,584.380,584.420,584.350,584.420,193.52,1785647699999,113092.33710,331,82.09,47974.25680,0
1785647700000,584.420,584.530,584.160,584.210,272.40,1785647759999,159188.65000,697,162.88,95189.45440,0
1785647760000,584.220,584.220,584.180,584.220,103.23,1785647819999,60307.63150,331,26.18,15294.65550,0
1785647820000,584.210,584.400,584.210,584.340,166.85,1785647879999,97493.23520,443,57.53,33612.86700,0
1785647880000,584.340,584.460,584.340,584.400,81.88,1785647939999,47850.50270,272,51.78,30259.29670,0
1785647940000,584.410,584.450,584.330,584.430,127.77,1785647999999,74667.55150,422,23.11,13505.46570,0
1785648000000,584.440,584.440,584.350,584.440,95.78,1785648059999,55972.23320,368,54.53,31866.17910,0
1785648060000,584.440,584.620,584.430,584.580,181.08,1785648119999,105845.78000,414,162.27,94850.26710,0
1785648120000,584.570,584.600,584.560,584.590,125.78,1785648179999,73528.94360,268,37.48,21910.42330,0
1785648180000,584.600,584.600,584.340,584.340,146.53,1785648239999,85642.39480,369,46.50,27178.15030,0
1785648240000,584.340,584.370,584.270,584.340,180.08,1785648299999,105222.48510,306,101.41,59254.20600,0
1785648300000,584.340,584.430,584.330,584.350,192.95,1785648359999,112753.34870,453,129.14,75464.76940,0
1785648360000,584.360,584.380,584.350,584.360,68.61,1785648419999,40093.23390,197,39.85,23286.94060,0
1785648420000,584.360,584.360,584.180,584.180,90.98,1785648479999,53156.99320,336,19.14,11183.84420,0
1785648480000,584.180,584.270,584.180,584.270,153.81,1785648539999,89857.92470,271,111.45,65111.52470,0
1785648540000,584.260,584.490,584.260,584.490,213.14,1785648599999,124557.22930,377,122.33,71491.37650,0
1785648600000,584.480,584.690,584.480,584.690,84.91,1785648659999,49635.47140,380,62.26,36396.37680,0
1785648660000,584.690,584.920,584.690,584.870,105.85,1785648719999,61909.55120,401,54.05,31611.64710,0
1785648720000,584.880,584.990,584.820,584.830,199.85,1785648779999,116897.08310,497,75.73,44295.26200,0
1785648780000,584.820,584.860,584.660,584.820,130.49,1785648839999,76308.80460,438,60.81,35561.87160,0
1785648840000,584.830,584.860,584.820,584.850,25.21,1785648899999,14744.00820,151,18.74,10960.06680,0
1785648900000,584.850,584.860,584.400,584.400,147.66,1785648959999,86321.54110,511,25.24,14756.33280,0
1785648960000,584.400,584.480,584.390,584.480,110.52,1785649019999,64591.54450,262,55.44,32400.65430,0
1785649020000,584.480,584.740,584.330,584.590,468.99,1785649079999,274147.04740,755,214.04,125117.36890,0
1785649080000,584.580,584.770,584.580,584.680,123.55,1785649139999,72239.17760,320,68.45,40020.68360,0
1785649140000,584.690,584.960,584.690,584.800,404.69,1785649199999,236678.08270,694,189.99,111108.53290,0
1785649200000,584.800,585.190,584.700,585.010,2593.06,1785649259999,1516563.24000,1448,518.76,303420.23910,0
1785649260000,585.010,585.590,585.010,585.280,683.96,1785649319999,400341.04320,1153,483.51,282995.11430,0
1785649320000,585.280,585.480,585.120,585.170,340.34,1785649379999,199205.18510,574,148.81,87107.98380,0
1785649380000,585.160,585.640,585.100,585.540,475.13,1785649439999,278115.56120,845,360.51,211012.49840,0
1785649440000,585.540,585.920,585.540,585.850,354.39,1785649499999,207584.41230,901,246.48,144373.04770,0
1785649500000,585.860,585.870,585.860,585.870,137.07,1785649559999,80304.47820,240,88.41,51796.53060,0
1785649560000,585.860,585.910,585.860,585.900,121.54,1785649619999,71207.46740,265,90.39,52957.73360,0
1785649620000,585.900,585.900,585.640,585.650,1033.81,1785649679999,605633.83600,585,22.75,13325.85970,0
1785649680000,585.640,585.880,585.620,585.620,246.05,1785649739999,144128.40090,545,160.81,94192.56410,0
1785649740000,585.620,585.730,585.620,585.620,140.00,1785649799999,81996.28040,332,110.50,64718.23180,0
1785649800000,585.620,585.660,585.570,585.660,61.91,1785649859999,36255.78770,269,27.82,16291.80770,0
1785649860000,585.660,585.760,585.650,585.680,112.90,1785649919999,66125.73530,411,57.81,33858.84380,0
1785649920000,585.680,585.740,585.680,585.690,59.88,1785649979999,35072.15370,227,29.39,17213.79230,0
1785649980000,585.680,585.690,585.590,585.590,86.46,1785650039999,50632.81080,198,14.45,8462.89470,0
1785650040000,585.590,585.590,585.270,585.400,486.33,1785650099999,284706.07970,649,87.94,51480.94770,0
1785650100000,585.410,585.510,585.240,585.240,79.40,1785650159999,46480.23090,342,12.92,7564.01780,0
1785650160000,585.240,585.300,585.130,585.300,240.00,1785650219999,140445.17990,455,174.32,102007.64240,0
1785650220000,585.300,585.320,585.070,585.070,106.65,1785650279999,62413.43580,317,8.53,4992.18310,0
1785650280000,585.070,585.080,585.030,585.030,36.76,1785650339999,21507.21580,134,10.14,5932.71120,0
1785650340000,585.020,585.100,585.000,585.090,212.31,1785650399999,124213.18730,319,121.32,70978.76820,0
1785650400000,585.100,585.200,585.000,585.010,549.03,1785650459999,321240.71030,416,360.63,211005.92040,0
1785650460000,585.010,585.010,584.980,584.990,101.66,1785650519999,59469.96900,294,32.09,18772.39850,0
1785650520000,584.990,584.990,584.890,584.940,182.61,1785650579999,106815.72470,386,57.01,33346.98910,0
1785650580000,584.940,584.990,584.930,584.990,87.77,1785650639999,51340.07750,173,50.66,29633.32020,0
1785650640000,584.990,585.130,584.980,585.110,193.35,1785650699999,113121.77250,481,64.82,37922.72160,0
1785650700000,585.110,585.150,584.860,585.010,238.93,1785650759999,139780.77200,583,68.48,40057.72690,0
1785650760000,585.010,585.010,584.850,584.850,133.41,1785650819999,78039.89440,253,7.10,4153.56800,0
1785650820000,584.850,584.860,584.530,584.600,167.92,1785650879999,98175.26490,518,42.24,24691.72270,0
1785650880000,584.600,584.600,584.470,584.480,210.76,1785650939999,123195.29780,314,41.86,24467.51710,0
1785650940000,584.480,584.480,584.220,584.340,305.42,1785650999999,178464.51410,478,53.70,31377.23020,0
1785651000000,584.340,584.340,584.300,584.300,89.30,1785651059999,52180.63950,222,8.97,5241.52500,0
1785651060000,584.300,584.380,583.920,584.150,1054.37,1785651119999,615877.84730,2123,274.61,160423.68610,0
1785651120000,584.140,584.150,583.980,584.030,601.40,1785651179999,351243.83010,516,133.81,78148.69750,0
1785651180000,584.020,584.030,584.010,584.020,112.36,1785651239999,65620.53090,206,48.60,28383.41600,0
1785651240000,584.030,584.030,584.020,584.030,139.23,1785651299999,81313.13770,163,3.31,1933.13930,0
1785651300000,584.020,584.070,583.980,584.070,259.45,1785651359999,151520.57180,345,171.97,100431.88880,0
1785651360000,584.060,584.080,584.060,584.080,97.93,1785651419999,57197.65690,220,44.03,25716.70570,0
1785651420000,584.080,584.080,583.650,583.750,682.95,1785651479999,398699.72590,838,165.20,96426.46490,0
1785651480000,583.750,583.820,583.750,583.820,195.50,1785651539999,114132.28520,293,68.68,40093.50100,0
1785651540000,583.820,583.990,583.810,583.980,132.75,1785651599999,77511.07580,348,111.32,64998.19410,0
1785651600000,583.990,584.000,583.890,583.990,185.17,1785651659999,108128.23020,422,88.39,51613.12830,0
1785651660000,584.000,584.200,583.950,584.150,142.95,1785651719999,83494.55560,399,65.04,37985.59100,0
1785651720000,584.150,584.150,584.050,584.060,49.16,1785651779999,28714.11700,191,22.34,13047.90060,0
1785651780000,584.050,584.060,584.050,584.060,26.31,1785651839999,15366.37870,93,2.32,1355.01920,0
1785651840000,584.050,584.140,584.050,584.140,64.78,1785651899999,37837.54690,214,48.80,28503.80310,0
1785651900000,584.130,584.300,584.130,584.300,85.61,1785651959999,50012.61100,256,32.68,19091.20940,0
1785651960000,584.300,584.400,584.300,584.400,46.96,1785652019999,27442.01820,214,33.11,19348.28590,0
1785652020000,584.400,584.400,584.210,584.370,99.93,1785652079999,58390.83540,327,43.91,25655.64930,0
1785652080000,584.370,584.510,584.360,584.510,226.70,1785652139999,132489.29470,230,220.25,128720.13140,0
1785652140000,584.500,584.930,584.500,584.930,130.38,1785652199999,76240.53970,375,110.42,64567.19020,0
1785652200000,584.920,585.000,584.820,584.970,196.15,1785652259999,114734.24930,410,95.55,55888.88270,0
1785652260000,584.960,585.180,584.780,584.840,446.77,1785652319999,261367.97300,780,345.30,202003.65940,0
1785652320000,584.840,584.980,584.840,584.930,160.22,1785652379999,93715.86930,359,114.44,66936.98530,0
1785652380000,584.930,585.030,584.930,585.020,61.24,1785652439999,35822.65080,240,57.36,33552.98940,0
1785652440000,585.020,585.180,584.980,585.040,230.57,1785652499999,134903.73880,531,127.12,74375.59140,0
1785652500000,585.040,585.190,585.000,585.170,248.20,1785652559999,145214.65220,407,135.21,79106.55720,0
1785652560000,585.170,585.170,585.080,585.140,130.64,1785652619999,76441.36740,254,91.96,53807.71330,0
1785652620000,585.150,585.580,585.140,585.480,1636.28,1785652679999,957904.31070,649,1148.88,672563.90830,0
1785652680000,585.490,585.860,585.490,585.810,405.43,1785652739999,237470.21610,560,260.22,152407.16790,0
1785652740000,585.810,585.900,585.670,585.780,459.38,1785652799999,269110.58270,690,220.33,129066.71410,0
1785652800000,585.780,585.790,585.510,585.790,224.30,1785652859999,131359.19230,563,76.66,44892.01230,0
1785652860000,585.790,585.900,585.790,585.800,96.38,1785652919999,56465.44610,320,24.35,14265.75570,0
1785652920000,585.790,585.890,585.760,585.880,117.84,1785652979999,69030.84200,288,37.11,21739.78220,0
1785652980000,585.890,585.890,585.370,585.380,172.48,1785653039999,100999.97360,558,65.82,38531.15150,0
1785653040000,585.380,585.410,585.260,585.410,133.49,1785653099999,78134.57040,376,46.64,27298.93660,0
1785653100000,585.400,585.400,585.240,585.320,115.77,1785653159999,67758.86930,271,47.02,27519.76260,0
1785653160000,585.310,585.420,585.190,585.420,186.18,1785653219999,108966.27550,423,53.57,31355.08390,0
1785653220000,585.410,585.410,584.910,585.190,904.98,1785653279999,529534.24340,827,158.63,92815.91390,0
1785653280000,585.180,585.450,585.130,585.450,149.56,1785653339999,87526.67470,412,76.56,44807.69500,0
1785653340000,585.440,585.450,585.210,585.330,196.05,1785653399999,114750.68190,434,90.70,53082.13260,0
1785653400000,585.320,585.320,584.890,584.990,634.58,1785653459999,371266.18270,783,172.95,101194.39710,0
1785653460000,584.980,585.090,584.980,585.050,114.45,1785653519999,66957.17660,278,53.11,31070.70090,0
1785653520000,585.050,585.080,584.970,585.070,122.60,1785653579999,71721.42400,326,30.76,17994.52700,0
1785653580000,585.070,585.080,584.990,584.990,69.63,1785653639999,40735.38210,199,9.06,5300.40810,0
1785653640000,585.000,585.000,584.920,584.930,88.19,1785653699999,51589.04330,213,25.22,14752.90460,0
1785653700000,584.920,585.160,584.920,585.160,85.38,1785653759999,49955.79850,268,27.38,16018.75900,0
1785653760000,585.150,585.160,585.150,585.160,59.21,1785653819999,34646.81310,125,8.16,4774.90560,0
1785653820000,585.150,585.160,585.150,585.150,31.01,1785653879999,18145.59020,108,8.87,5190.36920,0
1785653880000,585.150,585.460,585.150,585.450,245.37,1785653939999,143622.49190,568,147.17,86134.82370,0
1785653940000,585.450,585.600,585.360,585.380,281.97,1785653999999,165084.52930,499,167.35,97973.80780,0
1785654000000,585.380,585.380,585.230,585.230,109.55,1785654059999,64119.90650,286,32.88,19243.51490,0
1785654060000,585.240,585.500,585.230,585.400,351.01,1785654119999,205470.24960,487,271.29,158799.95670,0
1785654120000,585.390,585.640,585.360,585.590,192.58,1785654179999,112752.58560,576,129.13,75599.74750,0
1785654180000,585.580,585.610,585.200,585.200,781.60,1785654239999,457566.55930,694,71.28,41735.77290,0
1785654240000,585.200,585.320,585.120,585.120,391.54,1785654299999,229141.36300,635,212.83,124553.17900,0
1785654300000,585.120,585.210,585.090,585.090,134.56,1785654359999,78741.14450,367,35.21,20603.99900,0
1785654360000,585.090,585.180,585.090,585.170,157.44,1785654419999,92121.52160,384,76.24,44608.70380,0
1785654420000,585.170,585.170,585.160,585.160,55.96,1785654479999,32745.80080,235,3.93,2299.71810,0
1785654480000,585.160,585.170,585.020,585.060,189.04,1785654539999,110602.77060,440,47.36,27707.64300,0
1785654540000,585.050,585.320,585.050,585.250,109.93,1785654599999,64333.88810,405,45.09,26386.13700,0
1785654600000,585.250,585.270,585.150,585.170,145.55,1785654659999,85176.12530,356,76.42,44720.39620,0
1785654660000,585.170,585.320,584.870,584.880,417.46,1785654719999,244279.64250,922,205.87,120469.94530,0
1785654720000,584.870,585.420,584.870,585.410,353.86,1785654779999,207035.80460,549,327.38,191543.86500,0
1785654780000,585.410,585.680,585.410,585.540,200.80,1785654839999,117589.92220,505,95.71,56045.59430,0
1785654840000,585.540,585.540,585.390,585.400,58.66,1785654899999,34344.50690,270,10.60,6206.27460,0
1785654900000,585.390,585.390,585.280,585.280,36.46,1785654959999,21340.44710,192,9.39,5495.87310,0
1785654960000,585.280,585.290,585.170,585.170,98.95,1785655019999,57912.09470,322,4.55,2662.85810,0
1785655020000,585.180,585.240,585.170,585.240,70.09,1785655079999,41015.90320,163,50.80,29727.76390,0
1785655080000,585.230,585.300,585.230,585.300,98.05,1785655139999,57384.82030,200,12.42,7268.99860,0
1785655140000,585.300,585.510,585.290,585.510,117.24,1785655199999,68628.39960,307,96.19,56307.84350,0
1785655200000,585.510,585.590,585.510,585.580,49.50,1785655259999,28986.05570,222,24.04,14077.19330,0
1785655260000,585.590,585.870,585.580,585.870,176.32,1785655319999,103265.95520,489,136.14,79737.10590,0
1785655320000,585.870,586.280,585.870,586.120,879.29,1785655379999,515330.95750,1160,625.83,366762.37740,0
1785655380000,586.120,586.250,586.120,586.200,212.80,1785655439999,124740.41710,385,142.39,83466.45200,0
1785655440000,586.190,586.190,585.890,585.900,166.49,1785655499999,97565.56920,380,52.90,30997.88630,0
1785655500000,585.890,585.900,585.800,585.840,112.62,1785655559999,65979.08180,274,41.43,24271.43980,0
1785655560000,585.840,585.850,585.720,585.810,188.01,1785655619999,110135.77210,320,54.32,31821.15140,0
1785655620000,585.810,585.820,585.660,585.660,78.91,1785655679999,46221.54470,254,22.58,13227.34250,0
1785655680000,585.670,585.670,585.370,585.370,122.36,1785655739999,71640.01750,415,26.09,15272.83770,0
1785655740000,585.370,585.990,585.370,585.990,423.83,1785655799999,248202.42660,513,389.83,228295.39120,0
1785655800000,585.980,585.980,585.890,585.960,143.59,1785655859999,84134.89910,289,70.76,41460.07520,0
1785655860000,585.960,585.960,585.760,585.760,87.03,1785655919999,50991.71540,301,25.44,14906.03440,0
1785655920000,585.760,585.760,585.350,585.350,283.89,1785655979999,166220.02860,500,14.71,8612.15740,0
1785655980000,585.360,585.360,585.180,585.260,214.78,1785656039999,125697.35250,463,91.77,53704.29770,0
1785656040000,585.270,585.270,585.000,585.000,90.76,1785656099999,53110.30590,486,6.24,3651.78350,0
1785656100000,585.010,585.010,585.000,585.000,54.05,1785656159999,31619.42970,211,17.97,10512.62970,0
1785656160000,585.010,585.010,585.000,585.010,48.63,1785656219999,28448.80430,122,25.43,14876.80430,0
1785656220000,585.010,585.130,585.000,585.120,97.66,1785656279999,57135.75070,300,63.03,36875.99050,0
1785656280000,585.130,585.280,585.120,585.280,69.61,1785656339999,40734.44860,254,51.56,30171.16010,0
1785656340000,585.270,585.340,585.200,585.330,151.31,1785656399999,88554.24590,277,67.91,39743.82650,0
1785656400000,585.340,585.340,585.330,585.340,62.20,1785656459999,36407.84850,130,32.25,18877.21500,0
1785656460000,585.340,585.600,585.340,585.600,124.36,1785656519999,72808.45170,401,110.32,64587.82090,0
1785656520000,585.590,585.690,585.590,585.690,57.03,1785656579999,33398.34800,191,44.36,25978.45500,0
1785656580000,585.680,585.790,585.640,585.640,142.91,1785656639999,83709.18530,372,46.14,27024.36440,0
1785656640000,585.640,585.720,585.640,585.720,59.33,1785656699999,34748.42910,178,36.02,21095.96140,0
1785656700000,585.720,585.720,585.380,585.390,368.78,1785656759999,215969.30590,433,100.98,59143.49810,0
1785656760000,585.390,585.390,585.250,585.250,52.48,1785656819999,30718.14820,264,9.92,5806.22660,0
1785656820000,585.260,585.480,585.250,585.480,93.49,1785656879999,54724.95580,324,74.19,43426.16950,0
1785656880000,585.470,585.790,585.280,585.280,255.05,1785656939999,149362.58510,762,98.17,57487.93530,0
1785656940000,585.290,585.290,585.280,585.290,23.13,1785656999999,13537.56520,141,3.88,2270.92520,0
1785657000000,585.290,585.460,585.180,585.460,193.39,1785657059999,113183.03050,505,91.49,53548.59950,0
1785657060000,585.460,585.860,585.450,585.860,765.48,1785657119999,448277.94850,945,552.38,323481.81520,0
1785657120000,585.870,585.880,585.640,585.870,380.86,1785657179999,223093.48250,699,272.08,159370.79370,0
1785657180000,585.880,585.910,585.470,585.570,670.63,1785657239999,392800.35770,825,172.60,101089.18780,0
1785657240000,585.570,585.940,585.570,585.880,234.51,1785657299999,137361.82920,423,149.12,87339.60670,0
1785657300000,585.870,585.930,585.770,585.840,184.71,1785657359999,108210.10490,396,116.53,68265.67020,0
1785657360000,585.840,586.480,584.730,585.630,4154.23,1785657419999,2432697.32030,2804,960.37,562600.89870,0
1785657420000,585.620,585.890,585.600,585.810,494.84,1785657479999,289838.27980,744,271.42,158970.06250,0
1785657480000,585.810,585.920,585.800,585.820,192.26,1785657539999,112635.95130,322,82.40,48274.40660,0
1785657540000,585.830,585.900,585.730,585.790,190.97,1785657599999,111873.99180,412,87.72,51387.49120,0
1785657600000,585.790,585.970,585.790,585.840,385.15,1785657659999,225663.11570,510,131.64,77129.13860,0
1785657660000,585.840,585.840,585.490,585.490,358.08,1785657719999,209722.91300,638,135.83,79554.72900,0
1785657720000,585.490,585.530,585.490,585.500,113.10,1785657779999,66220.77290,239,55.19,32313.98360,0
1785657780000,585.490,585.500,585.230,585.390,248.06,1785657839999,145206.94170,467,80.10,46879.75340,0
1785657840000,585.390,585.440,585.300,585.310,176.42,1785657899999,103275.63930,360,33.93,19863.02460,0
1785657900000,585.310,585.310,585.050,585.060,190.07,1785657959999,111221.06050,431,47.20,27618.44810,0
1785657960000,585.050,585.060,585.010,585.020,159.12,1785658019999,93090.76360,253,40.34,23599.87130,0
1785658020000,585.020,585.030,584.920,584.920,90.24,1785658079999,52789.87850,270,15.73,9201.63020,0
1785658080000,584.930,584.980,584.850,584.860,158.09,1785658139999,92473.03940,327,90.03,52662.60710,0
1785658140000,584.850,584.960,584.850,584.960,50.96,1785658199999,29806.23220,193,40.46,23664.86620,0
1785658200000,584.950,585.120,584.950,585.110,176.51,1785658259999,103258.63000,271,166.70,97519.68840,0
1785658260000,585.120,585.150,585.110,585.140,124.39,1785658319999,72784.81410,259,32.57,19057.64990,0
1785658320000,585.140,585.140,584.890,584.900,133.96,1785658379999,78375.73870,298,59.13,34596.86140,0
1785658380000,584.890,584.940,584.740,584.750,216.45,1785658439999,126595.55410,391,73.46,42963.22020,0
1785658440000,584.760,584.790,584.680,584.680,109.63,1785658499999,64104.39630,286,50.73,29663.30250,0
1785658500000,584.680,584.700,584.660,584.690,50.85,1785658559999,29730.73730,171,13.75,8039.34590,0
1785658560000,584.700,584.700,584.370,584.540,497.03,1785658619999,290546.91620,721,192.06,112276.86620,0
1785658620000,584.530,584.540,584.400,584.410,70.34,1785658679999,41112.42010,224,7.84,4582.04120,0
1785658680000,584.410,584.580,584.410,584.570,212.10,1785658739999,123965.15800,286,183.30,107130.29340,0
1785658740000,584.580,584.580,584.550,584.580,120.22,1785658799999,70276.15610,207,69.09,40387.10000,0
1785658800000,584.580,584.600,584.530,584.590,82.21,1785658859999,48057.82500,284,39.01,22803.86550,0
1785658860000,584.590,584.620,584.590,584.620,50.27,1785658919999,29387.81940,229,21.51,12574.82700,0
1785658920000,584.620,584.770,584.620,584.770,84.39,1785658979999,49341.39940,277,75.31,44032.28030,0
1785658980000,584.770,584.860,584.610,584.770,223.93,1785659039999,130942.58980,605,96.66,56518.18270,0
1785659040000,584.770,584.820,584.760,584.820,30.77,1785659099999,17994.00380,262,18.61,10883.06870,0
1785659100000,584.820,584.820,584.760,584.790,30.65,1785659159999,17923.89950,181,7.80,4561.37200,0
1785659160000,584.790,584.790,584.660,584.660,200.05,1785659219999,116974.02650,371,67.45,39439.77340,0
1785659220000,584.660,584.770,584.660,584.770,79.17,1785659279999,46290.60440,157,62.75,36689.30920,0
1785659280000,584.760,584.760,584.530,584.530,145.54,1785659339999,85091.56490,363,20.16,11786.46520,0
1785659340000,584.520,584.710,584.520,584.710,115.66,1785659399999,67616.92420,241,37.23,21764.65780,0
1785659400000,584.700,584.710,584.460,584.700,293.13,1785659459999,171356.35260,509,133.74,78176.82050,0
1785659460000,584.690,584.690,584.650,584.650,47.60,1785659519999,27830.11260,241,22.54,13178.23640,0
1785659520000,584.650,584.870,584.650,584.870,277.10,1785659579999,162026.59580,408,212.69,124357.66580,0
1785659580000,584.860,585.000,584.660,584.670,193.43,1785659639999,113125.68640,523,116.05,67874.10400,0
1785659640000,584.660,584.670,584.550,584.550,38.05,1785659699999,22244.25950,203,3.50,2046.07520,0
1785659700000,584.550,584.630,584.530,584.590,129.84,1785659759999,75900.81350,327,68.62,40112.90040,0
1785659760000,584.600,584.660,584.590,584.590,59.69,1785659819999,34896.92170,254,15.93,9313.25480,0
1785659820000,584.590,584.630,584.530,584.620,95.38,1785659879999,55758.56640,245,47.34,27674.65730,0
1785659880000,584.620,584.620,584.210,584.230,453.88,1785659939999,265213.59330,757,170.34,99534.42080,0
1785659940000,584.230,584.410,584.020,584.020,601.19,1785659999999,351226.49260,837,133.12,77774.87760,0
1785660000000,584.030,584.270,584.000,584.270,457.78,1785660059999,267386.01870,611,283.73,165722.25910,0
1785660060000,584.260,584.270,584.050,584.270,277.82,1785660119999,162281.80860,574,124.11,72493.27700,0
1785660120000,584.270,584.540,584.180,584.460,144.28,1785660179999,84315.51890,407,71.12,41562.62900,0
1785660180000,584.470,584.520,584.370,584.380,86.99,1785660239999,50843.75700,249,25.77,15061.78800,0
1785660240000,584.380,584.610,584.370,584.500,508.55,1785660299999,297228.67900,680,299.72,175164.14580,0
1785660300000,584.490,584.500,584.460,584.480,125.50,1785660359999,73352.93980,237,65.24,38132.01730,0
1785660360000,584.470,584.560,584.470,584.560,168.14,1785660419999,98278.88690,269,153.92,89967.03460,0
1785660420000,584.560,584.560,584.460,584.460,51.77,1785660479999,30261.71410,218,2.25,1315.23510,0
1785660480000,584.460,584.470,584.230,584.240,97.07,1785660539999,56719.40410,322,13.38,7817.93030,0
1785660540000,584.240,584.420,584.220,584.410,223.95,1785660599999,130843.75030,291,194.75,113783.89810,0
1785660600000,584.420,584.530,584.360,584.500,120.09,1785660659999,70185.28600,448,66.85,39067.51690,0
1785660660000,584.500,584.500,584.310,584.310,58.39,1785660719999,34126.46730,242,2.16,1262.39800,0
1785660720000,584.320,584.320,584.240,584.260,83.69,1785660779999,48897.88160,254,48.86,28547.85560,0
1785660780000,584.270,584.300,584.190,584.200,86.60,1785660839999,50594.82660,232,8.63,5042.22290,0
1785660840000,584.190,584.200,584.060,584.060,84.90,1785660899999,49595.37360,272,34.77,20312.04300,0
1785660900000,584.070,584.150,584.040,584.150,77.18,1785660959999,45078.05780,211,59.15,34547.26770,0
1785660960000,584.140,584.300,584.060,584.070,167.23,1785661019999,97687.17640,438,57.45,33559.96200,0
1785661020000,584.060,584.210,584.060,584.110,158.34,1785661079999,92491.95180,271,132.54,77420.36610,0
1785661080000,584.110,584.180,583.960,584.130,347.65,1785661139999,203054.61510,443,39.41,23020.31200,0
1785661140000,584.130,584.220,584.020,584.030,107.66,1785661199999,62893.04240,273,26.75,15627.49450,0
1785661200000,584.020,584.020,583.910,583.920,130.23,1785661259999,76049.08270,374,35.69,20841.56580,0
1785661260000,583.910,583.920,583.360,583.410,741.82,1785661319999,432864.20550,1032,183.25,106912.56150,0
1785661320000,583.400,583.410,583.080,583.130,1248.47,1785661379999,728120.30980,1102,366.01,213444.44280,0
1785661380000,583.130,583.190,583.070,583.190,273.48,1785661439999,159477.59100,349,119.42,69639.80910,0
1785661440000,583.180,583.190,582.790,582.940,730.99,1785661499999,426149.02720,1019,172.83,100750.64820,0
1785661500000,582.940,583.380,582.930,583.360,294.41,1785661559999,171707.50800,688,160.72,93728.59630,0
1785661560000,583.350,583.650,583.340,583.610,405.04,1785661619999,236323.29470,584,343.12,200200.26720,0
1785661620000,583.610,583.800,583.610,583.700,101.79,1785661679999,59417.08390,404,39.62,23126.81680,0
1785661680000,583.710,584.170,583.710,584.170,277.10,1785661739999,161816.93210,700,235.17,137329.75780,0
1785661740000,584.160,584.350,584.160,584.350,173.36,1785661799999,101285.90820,400,103.94,60728.43170,0
1785661800000,584.350,584.510,584.350,584.440,130.86,1785661859999,76480.54660,383,61.36,35860.67150,0
1785661860000,584.450,584.570,584.440,584.570,162.01,1785661919999,94699.12880,264,116.93,68347.86330,0
1785661920000,584.560,584.570,584.450,584.460,470.75,1785661979999,275168.59990,261,136.10,79555.61940,0
1785661980000,584.450,584.460,584.340,584.340,145.51,1785662039999,85041.02430,169,15.30,8942.15550,0
1785662040000,584.350,584.350,584.210,584.260,131.04,1785662099999,76559.79300,264,57.07,33341.70600,0
1785662100000,584.260,584.550,584.250,584.490,129.82,1785662159999,75867.94890,395,118.96,69520.44620,0
1785662160000,584.490,584.490,584.300,584.300,34.23,1785662219999,20003.84470,203,9.92,5797.55790,0
1785662220000,584.310,584.400,583.920,583.930,132.60,1785662279999,77467.46270,485,34.97,20431.33720,0
1785662280000,583.930,584.020,583.820,583.820,562.37,1785662339999,328385.48520,651,357.60,208809.67200,0
1785662340000,583.810,584.000,583.710,583.900,395.90,1785662399999,231147.27680,736,211.18,123298.19240,0
1785662400000,583.900,583.910,583.600,583.810,398.94,1785662459999,232884.99130,502,225.74,131775.46140,0
1785662460000,583.800,583.900,583.800,583.900,91.14,1785662519999,53211.57770,190,68.85,40197.85950,0
1785662520000,583.890,584.050,583.890,584.040,78.15,1785662579999,45637.30910,214,51.28,29945.90600,0
1785662580000,584.040,584.050,583.910,584.040,328.40,1785662639999,191783.20860,326,201.46,117646.21650,0
1785662640000,584.030,584.270,584.030,584.270,85.73,1785662699999,50078.25080,276,80.41,46970.84350,0
1785662700000,584.270,584.420,584.270,584.350,56.63,1785662759999,33091.73700,267,41.13,24033.94340,0
1785662760000,584.350,584.360,583.970,583.980,149.09,1785662819999,87085.65880,430,20.71,12098.05040,0
1785662820000,583.980,583.980,583.800,583.800,100.80,1785662879999,58852.28260,227,5.84,3409.96640,0
1785662880000,583.810,583.850,583.730,583.840,87.97,1785662939999,51354.73890,212,79.22,46246.77000,0
1785662940000,583.840,583.850,583.840,583.850,37.82,1785662999999,22081.03000,145,20.12,11747.06200,0
1785663000000,583.840,584.020,583.840,584.010,98.85,1785663059999,57717.81100,305,75.81,44265.67840,0
1785663060000,584.010,584.330,584.010,584.150,172.68,1785663119999,100872.38140,581,108.38,63307.14200,0
1785663120000,584.150,584.160,584.100,584.150,118.32,1785663179999,69112.99860,224,88.50,51693.93230,0
1785663180000,584.160,584.330,584.150,584.330,70.53,1785663239999,41209.57810,234,65.72,38399.45770,0
1785663240000,584.320,584.370,584.320,584.370,14.97,1785663299999,8747.52880,118,7.80,4557.86240,0
1785663300000,584.370,584.440,584.360,584.370,56.29,1785663359999,32895.28380,220,30.29,17700.81690,0
1785663360000,584.360,584.620,584.360,584.620,88.08,1785663419999,51479.28590,298,79.86,46674.76510,0
1785663420000,584.620,584.800,584.610,584.790,61.21,1785663479999,35791.64670,304,28.01,16377.37810,0
1785663480000,584.790,584.930,584.710,584.930,124.67,1785663539999,72911.35430,331,84.17,49226.75160,0
1785663540000,584.920,584.930,584.470,584.500,329.99,1785663599999,192959.49630,462,63.75,37280.07280,0
1785663600000,584.500,584.650,584.500,584.650,113.52,1785663659999,66361.88610,170,108.39,63362.70390,0
1785663660000,584.640,584.930,584.640,584.930,108.65,1785663719999,63532.73940,316,94.00,54966.08980,0
1785663720000,584.930,584.960,584.700,584.700,103.82,1785663779999,60726.09600,348,21.66,12669.74550,0
1785663780000,584.700,584.710,584.590,584.590,60.33,1785663839999,35272.75650,172,10.29,6016.63290,0
1785663840000,584.600,584.600,584.370,584.380,62.03,1785663899999,36257.40830,287,9.81,5734.81140,0
1785663900000,584.380,584.520,584.370,584.510,101.31,1785663959999,59212.20240,216,90.33,52795.06680,0
1785663960000,584.520,584.590,584.460,584.460,108.76,1785664019999,63575.04900,333,42.78,25006.59090,0
1785664020000,584.470,584.470,584.280,584.290,25.82,1785664079999,15088.71130,220,5.69,3325.04130,0
1785664080000,584.280,584.340,584.280,584.330,48.84,1785664139999,28536.64470,176,20.96,12246.84330,0
1785664140000,584.330,584.440,584.300,584.300,61.41,1785664199999,35886.45030,293,30.68,17928.43770,0
1785664200000,584.300,584.310,584.290,584.300,67.67,1785664259999,39539.57290,170,47.07,27503.02950,0
1785664260000,584.290,584.300,584.230,584.230,43.23,1785664319999,25258.63960,168,6.91,4037.49380,0
1785664320000,584.230,584.240,584.160,584.160,18.04,1785664379999,10539.25080,150,2.86,1670.91520,0
1785664380000,584.160,584.260,584.140,584.260,274.75,1785664439999,160512.25490,399,93.34,54529.19830,0
1785664440000,584.250,584.400,584.250,584.340,125.57,1785664499999,73374.19960,285,101.37,59232.42140,0
1785664500000,584.340,584.340,584.130,584.130,93.56,1785664559999,54657.74840,291,10.30,6017.28190,0
1785664560000,584.130,584.140,583.920,584.050,294.09,1785664619999,171752.77310,353,63.04,36813.72170,0
1785664620000,584.050,584.050,584.040,584.050,34.02,1785664679999,19869.12120,92,8.04,4695.76200,0
1785664680000,584.040,584.050,584.040,584.040,33.55,1785664739999,19594.58800,62,4.60,2686.63000,0
1785664740000,584.040,584.060,584.040,584.060,87.10,1785664799999,50870.43770,172,55.36,32333.00810,0
1785664800000,584.050,584.060,584.050,584.060,47.60,1785664859999,27800.89520,188,11.52,6728.37120,0
1785664860000,584.050,584.130,584.050,584.130,79.06,1785664919999,46178.18870,260,64.22,37510.27510,0
1785664920000,584.130,584.310,584.130,584.310,65.11,1785664979999,38037.86090,314,57.90,33825.69400,0
1785664980000,584.300,584.330,584.300,584.330,94.76,1785665039999,55370.04710,165,11.97,6994.24150,0
1785665040000,584.320,584.480,584.320,584.480,116.51,1785665099999,68082.18520,293,114.23,66749.88410,0
1785665100000,584.470,584.560,584.470,584.560,101.86,1785665159999,59541.19690,296,39.04,22820.66640,0
1785665160000,584.550,584.560,584.450,584.550,122.11,1785665219999,71375.94860,268,30.62,17897.18600,0
1785665220000,584.540,584.550,584.280,584.400,208.35,1785665279999,121759.99060,379,88.01,51423.78710,0
1785665280000,584.390,584.400,584.380,584.390,38.89,1785665339999,22726.94260,142,11.67,6819.91480,0
1785665340000,584.390,584.540,584.380,584.540,153.53,1785665399999,89727.75620,288,144.68,84555.75720,0
1785665400000,584.540,584.550,584.480,584.480,40.33,1785665459999,23574.35830,175,6.81,3980.78140,0
1785665460000,584.480,584.480,584.400,584.410,123.48,1785665519999,72162.61390,139,9.35,5464.23350,0
1785665520000,584.400,584.410,584.280,584.280,171.06,1785665579999,99963.73970,324,6.30,3681.56540,0
1785665580000,584.280,584.290,584.130,584.160,79.28,1785665639999,46315.64210,308,5.83,3405.60390,0
1785665640000,584.150,584.150,584.070,584.080,66.99,1785665699999,39129.36650,191,1.65,963.75130,0
1785665700000,584.080,584.080,583.920,584.030,62.02,1785665759999,36219.66310,275,26.92,15720.18970,0
1785665760000,584.030,584.320,584.020,584.250,110.94,1785665819999,64806.63680,379,92.83,54225.38160,0
1785665820000,584.250,584.270,584.250,584.270,43.46,1785665879999,25391.99250,132,21.97,12836.24960,0
1785665880000,584.260,584.420,584.260,584.420,99.55,1785665939999,58169.05260,283,62.44,36485.61300,0
1785665940000,584.420,584.450,584.420,584.450,14.61,1785665999999,8538.62310,123,7.64,4465.10930,0
1785666000000,584.450,584.450,584.190,584.200,63.55,1785666059999,37134.68120,292,5.64,3296.01400,0
1785666060000,584.200,584.250,584.020,584.020,130.72,1785666119999,76369.11630,274,15.32,8950.25580,0
1785666120000,584.020,584.020,583.710,583.750,167.53,1785666179999,97808.17100,385,65.05,37977.42500,0
1785666180000,583.740,583.750,583.150,583.510,1043.50,1785666239999,608783.06770,1074,550.77,321314.07040,0
1785666240000,583.510,583.520,583.310,583.440,251.51,1785666299999,146742.56940,500,105.07,61300.01490,0
1785666300000,583.440,583.450,583.440,583.440,25.09,1785666359999,14638.57840,102,6.88,4014.13600,0
1785666360000,583.440,583.450,583.310,583.340,60.69,1785666419999,35404.48520,285,23.39,13644.45800,0
1785666420000,583.340,583.750,583.340,583.750,465.38,1785666479999,271533.17820,525,414.11,241614.15680,0
1785666480000,583.740,583.750,583.740,583.750,20.37,1785666539999,11890.89360,74,10.98,6409.57500,0
1785666540000,583.750,583.870,583.740,583.840,74.40,1785666599999,43436.85120,199,49.95,29161.61980,0
1785666600000,583.840,584.060,583.830,584.050,72.48,1785666659999,42323.81170,338,53.91,31479.38300,0
1785666660000,584.050,584.070,584.050,584.060,33.22,1785666719999,19402.30510,199,8.25,4818.49690,0
1785666720000,584.050,584.200,584.050,584.120,140.09,1785666779999,81832.47440,349,64.10,37440.53640,0
1785666780000,584.110,584.180,584.110,584.130,97.62,1785666839999,57024.21410,183,93.68,54722.81270,0
1785666840000,584.140,584.210,584.090,584.090,111.52,1785666899999,65146.78010,295,63.79,37264.05130,0
1785666900000,584.080,584.080,583.930,583.940,48.53,1785666959999,28339.82130,186,2.08,1214.59760,0
1785666960000,583.940,584.180,583.940,584.150,108.55,1785667019999,63402.68680,296,82.43,48144.54840,0
1785667020000,584.150,584.160,584.150,584.160,38.01,1785667079999,22203.73210,103,19.06,11134.08960,0
1785667080000,584.160,584.240,584.150,584.240,30.47,1785667139999,17800.31040,156,25.07,14645.76020,0
1785667140000,584.240,584.400,584.230,584.250,165.49,1785667199999,96700.01100,373,78.25,45720.39280,0
1785667200000,584.250,584.250,584.130,584.130,33.44,1785667259999,19535.92350,221,9.97,5824.35800,0
1785667260000,584.130,584.340,584.130,584.330,30.88,1785667319999,18042.30910,176,26.33,15383.83410,0
1785667320000,584.340,584.340,584.330,584.330,23.55,1785667379999,13761.03770,55,6.62,3868.33080,0
1785667380000,584.340,584.340,584.330,584.340,44.53,1785667439999,26020.64690,111,43.20,25243.48800,0
1785667440000,584.340,584.400,584.330,584.330,107.30,1785667499999,62703.90920,279,39.69,23194.03230,0
1785667500000,584.320,584.350,584.320,584.350,28.05,1785667559999,16390.73350,108,15.00,8765.22210,0
1785667560000,584.350,584.350,584.340,584.350,13.84,1785667619999,8087.39170,143,12.61,7368.65350,0
1785667620000,584.350,584.440,584.340,584.440,81.46,1785667679999,47602.58410,362,56.12,32794.96810,0
1785667680000,584.440,584.470,584.370,584.380,78.03,1785667739999,45603.96550,285,27.34,15978.70310,0
1785667740000,584.380,584.380,584.360,584.360,78.66,1785667799999,45966.51400,158,53.33,31164.52210,0
1785667800000,584.370,584.370,584.190,584.190,69.95,1785667859999,40873.98370,281,19.89,11622.62250,0
1785667860000,584.200,584.200,584.180,584.190,15.98,1785667919999,9335.26120,113,5.69,3324.04130,0
1785667920000,584.180,584.190,584.180,584.180,8.45,1785667979999,4936.34520,161,2.42,1413.73980,0
1785667980000,584.180,584.190,583.910,584.010,325.46,1785668039999,190069.01280,395,70.87,41386.26780,0
1785668040000,584.010,584.080,584.010,584.080,97.37,1785668099999,56869.82630,162,48.34,28232.88180,0
1785668100000,584.070,584.070,583.870,583.870,115.00,1785668159999,67156.53130,239,16.34,9541.62080,0
1785668160000,583.880,583.930,583.660,583.850,401.85,1785668219999,234605.85540,388,90.44,52799.10840,0
1785668220000,583.840,584.020,583.840,583.970,275.15,1785668279999,160677.68520,271,250.63,146358.11370,0
1785668280000,583.960,583.970,583.960,583.970,9.85,1785668339999,5752.07150,70,6.55,3825.00350,0
1785668340000,583.960,584.190,583.960,584.190,401.74,1785668399999,234655.85160,492,344.90,201453.38710,0
1785668400000,584.180,584.260,584.060,584.080,242.84,1785668459999,141855.34220,356,30.28,17689.86000,0
1785668460000,584.090,584.130,584.080,584.130,175.49,1785668519999,102503.26420,289,140.30,81949.28500,0
1785668520000,584.130,584.140,583.920,583.930,167.94,1785668579999,98093.29480,430,9.90,5782.82210,0
1785668580000,583.930,583.930,583.860,583.870,60.53,1785668639999,35344.03690,184,34.25,19999.16760,0
1785668640000,583.860,583.890,583.860,583.880,81.15,1785668699999,47381.09390,171,46.35,27062.63070,0
1785668700000,583.880,584.080,583.880,584.080,70.79,1785668759999,41338.49210,266,68.50,40001.23030,0
1785668760000,584.080,584.080,583.980,583.990,47.87,1785668819999,27958.25370,213,9.43,5507.48560,0
1785668820000,583.980,584.160,583.980,584.160,71.85,1785668879999,41961.82180,274,67.10,39187.68730,0
1785668880000,584.170,584.170,584.160,584.170,16.77,1785668939999,9796.39810,91,3.49,2038.75330,0
1785668940000,584.160,584.160,583.750,583.750,106.13,1785668999999,61970.71600,381,4.22,2464.18560,0
1785669000000,583.750,583.760,583.700,583.760,136.76,1785669059999,79830.62590,270,79.17,46213.37760,0
1785669060000,583.750,583.750,583.650,583.720,99.80,1785669119999,58250.81030,279,37.87,22103.43830,0
1785669120000,583.720,583.720,583.430,583.460,189.34,1785669179999,110486.47340,360,51.06,29790.81630,0
1785669180000,583.460,583.580,583.450,583.580,70.65,1785669239999,41226.93020,187,58.42,34089.98990,0
1785669240000,583.580,583.700,583.570,583.650,52.35,1785669299999,30553.25780,211,27.34,15955.62900,0
1785669300000,583.650,583.760,583.640,583.760,16.90,1785669359999,9864.69760,145,11.56,6747.86180,0
1785669360000,583.760,583.840,583.750,583.840,54.52,1785669419999,31828.35860,203,35.26,20583.90900,0
1785669420000,583.830,584.110,583.830,584.060,182.37,1785669479999,106499.95490,390,108.81,63535.26550,0
1785669480000,584.060,584.060,584.050,584.060,28.27,1785669539999,16511.29620,128,20.27,11838.89620,0
1785669540000,584.050,584.050,583.720,583.720,106.75,1785669599999,62327.71360,320,3.12,1821.74830,0
1785669600000,583.720,583.910,583.570,583.790,619.32,1785669659999,361521.32750,759,183.06,106864.06570,0
1785669660000,583.790,583.790,583.640,583.680,125.32,1785669719999,73147.94180,238,85.49,49897.75800,0
1785669720000,583.670,583.940,583.670,583.920,355.90,1785669779999,207763.75140,386,333.64,194770.81990,0
1785669780000,583.910,583.970,583.720,583.820,116.00,1785669839999,67724.35190,307,49.96,29166.53200,0
1785669840000,583.820,583.940,583.770,583.860,53.30,1785669899999,31120.79310,270,22.52,13148.21060,0
1785669900000,583.860,584.020,583.860,584.020,52.27,1785669959999,30523.54280,203,43.85,25607.08520,0
1785669960000,584.020,584.090,584.020,584.030,60.60,1785670019999,35394.44610,202,12.33,7201.49880,0
1785670020000,584.020,584.020,583.800,583.810,73.46,1785670079999,42893.11450,245,3.86,2253.80310,0
1785670080000,583.800,583.870,583.780,583.820,62.75,1785670139999,36634.48480,177,40.50,23643.92750,0
1785670140000,583.810,583.820,583.670,583.680,42.16,1785670199999,24611.31010,200,4.23,2469.45850,0
1785670200000,583.680,583.680,583.450,583.460,61.30,1785670259999,35770.94940,256,14.38,8390.50400,0
1785670260000,583.450,583.460,583.300,583.410,301.80,1785670319999,176067.33600,521,145.58,84929.32440,0
1785670320000,583.410,583.570,583.410,583.520,120.08,1785670379999,70067.56040,277,49.94,29138.78330,0
1785670380000,583.520,583.600,583.490,583.520,343.08,1785670439999,200214.48250,301,43.73,25517.36960,0
1785670440000,583.530,583.800,583.530,583.800,53.05,1785670499999,30961.40670,248,47.19,27541.42300,0
1785670500000,583.800,583.960,583.600,583.610,87.82,1785670559999,51275.13170,456,42.15,24609.79770,0
1785670560000,583.610,583.610,583.440,583.580,107.39,1785670619999,62663.30800,281,32.05,18701.45730,0
1785670620000,583.580,583.600,583.440,583.470,64.66,1785670679999,37732.26620,275,18.79,10964.80000,0
1785670680000,583.470,583.580,583.460,583.580,40.90,1785670739999,23864.38850,129,15.72,9172.42820,0
1785670740000,583.570,583.650,583.530,583.650,54.61,1785670799999,31870.21220,202,23.14,13503.99720,0
1785670800000,583.640,583.780,583.500,583.560,114.59,1785670859999,66886.44010,468,41.07,23973.04670,0
1785670860000,583.570,583.570,583.190,583.320,230.22,1785670919999,134302.92980,539,88.16,51425.90460,0
1785670920000,583.320,583.380,583.060,583.060,257.28,1785670979999,150046.28130,514,56.52,32965.28480,0
1785670980000,583.070,583.080,582.380,582.390,732.70,1785671039999,426998.60210,1178,128.98,75169.28850,0
1785671040000,582.390,582.590,582.310,582.420,718.93,1785671099999,418722.84260,940,431.50,251313.64350,0
1785671100000,582.420,582.800,582.410,582.790,448.97,1785671159999,261608.76820,578,286.48,166927.66590,0
1785671160000,582.780,582.990,582.780,582.980,79.23,1785671219999,46178.97300,291,68.27,39791.36030,0
1785671220000,582.980,583.060,582.850,583.050,284.50,1785671279999,165857.35220,377,226.36,131963.44970,0
1785671280000,583.050,583.290,582.960,582.960,230.48,1785671339999,134408.69610,516,128.16,74740.07070,0
1785671340000,582.960,583.050,582.750,582.860,90.67,1785671399999,52846.10850,450,18.39,10718.06610,0
1785671400000,582.860,583.130,582.850,583.100,92.95,1785671459999,54185.49900,345,53.07,30936.67730,0
1785671460000,583.090,583.250,583.000,583.000,102.07,1785671519999,59515.72830,498,21.83,12729.43250,0
1785671520000,582.990,583.070,582.790,582.790,547.34,1785671579999,319077.80570,779,156.54,91258.21430,0
1785671580000,582.790,582.790,581.830,582.500,959.53,1785671639999,558586.28750,1554,313.93,182756.52550,0
1785671640000,582.510,582.510,582.250,582.490,186.77,1785671699999,108777.71860,487,56.88,33127.77450,0
1785671700000,582.490,582.780,582.490,582.550,186.63,1785671759999,108742.86150,551,115.96,67566.37770,0
1785671760000,582.540,582.680,581.920,582.110,260.47,1785671819999,151673.79440,775,105.25,61284.98250,0
1785671820000,582.110,582.290,581.890,582.280,510.67,1785671879999,297231.98330,730,201.49,117277.21450,0
1785671880000,582.290,582.350,582.280,582.290,97.68,1785671939999,56878.79800,213,30.68,17865.37020,0
1785671940000,582.290,582.440,582.160,582.440,164.81,1785671999999,95970.79690,391,73.51,42809.15670,0
1785672000000,582.440,582.900,582.440,582.870,245.81,1785672059999,143261.82160,551,98.69,57511.25770,0
1785672060000,582.870,583.060,582.870,582.900,267.49,1785672119999,155941.45320,618,123.71,72119.69310,0
1785672120000,582.890,582.940,582.740,582.890,195.02,1785672179999,113663.18560,514,156.97,91485.65300,0
1785672180000,582.900,582.900,582.490,582.490,158.89,1785672239999,92582.30210,641,38.68,22532.29140,0
1785672240000,582.490,582.760,582.490,582.600,292.01,1785672299999,170136.00050,457,229.17,133522.64440,0
1785672300000,582.600,582.710,582.590,582.640,49.85,1785672359999,29045.61210,230,28.67,16704.56640,0
1785672360000,582.650,582.650,582.530,582.530,62.25,1785672419999,36264.85350,247,14.28,8318.76050,0
1785672420000,582.530,582.630,582.530,582.630,172.80,1785672479999,100667.23980,248,136.59,79572.07700,0
1785672480000,582.630,582.630,582.470,582.470,61.59,1785672539999,35882.20010,280,22.12,12887.17830,0
1785672540000,582.480,582.590,582.430,582.500,461.72,1785672599999,268954.22910,558,114.33,66593.87220,0
1785672600000,582.510,582.630,582.470,582.470,127.71,1785672659999,74396.76970,379,42.73,24892.20060,0
1785672660000,582.480,582.480,582.320,582.330,310.43,1785672719999,180783.30570,524,171.19,99691.93820,0
1785672720000,582.330,582.340,582.300,582.300,33.78,1785672779999,19670.50230,208,8.62,5019.53250,0
1785672780000,582.300,582.480,582.290,582.480,150.60,1785672839999,87704.02380,263,125.02,72806.55030,0
1785672840000,582.480,582.600,582.470,582.590,60.51,1785672899999,35247.41510,202,56.19,32730.92620,0
1785672900000,582.590,582.690,582.480,582.690,197.64,1785672959999,115138.43390,447,125.57,73152.81150,0
1785672960000,582.690,582.740,582.690,582.700,103.97,1785673019999,60585.71140,279,62.19,36239.36370,0
1785673020000,582.710,583.130,582.710,582.970,209.38,1785673079999,122058.40890,551,165.45,96445.60070,0
1785673080000,582.970,582.980,582.850,582.860,92.42,1785673139999,53869.39020,184,60.89,35490.39880,0
1785673140000,582.860,582.860,582.700,582.840,144.56,1785673199999,84244.04450,289,82.50,48076.17290,0
1785673200000,582.830,582.840,582.650,582.650,99.12,1785673259999,57766.35000,289,32.36,18860.66480,0
1785673260000,582.650,583.070,582.540,582.750,655.70,1785673319999,382134.13760,815,589.04,343281.17860,0
1785673320000,582.750,582.820,582.690,582.820,129.73,1785673379999,75597.16890,306,79.44,46291.51720,0
1785673380000,582.820,582.910,582.530,582.540,195.32,1785673439999,113828.42560,440,88.77,51736.49860,0
1785673440000,582.540,582.630,582.460,582.490,144.93,1785673499999,84430.00410,484,60.77,35402.71550,0
1785673500000,582.500,582.690,582.500,582.680,117.79,1785673559999,68627.49210,245,110.52,64391.82580,0
1785673560000,582.680,582.690,582.530,582.550,149.90,1785673619999,87335.68200,405,53.57,31212.20170,0
1785673620000,582.550,582.690,582.550,582.690,53.39,1785673679999,31107.01760,165,48.18,28071.38110,0
1785673680000,582.690,582.700,582.610,582.670,77.89,1785673739999,45383.52570,246,58.74,34225.19100,0
1785673740000,582.660,582.670,582.580,582.590,29.20,1785673799999,17012.63680,200,15.53,9048.12960,0
1785673800000,582.590,582.590,582.460,582.460,84.68,1785673859999,49328.73550,294,8.31,4840.89520,0
1785673860000,582.460,582.600,582.460,582.480,90.68,1785673919999,52823.98590,367,49.83,29026.90090,0
1785673920000,582.470,582.480,582.400,582.400,84.00,1785673979999,48925.64520,280,14.40,8387.54130,0
1785673980000,582.400,582.410,582.240,582.320,206.63,1785674039999,120329.11960,441,104.31,60745.75410,0
1785674040000,582.320,582.390,582.230,582.290,162.51,1785674099999,94636.03030,388,90.70,52818.00310,0
1785674100000,582.290,582.450,582.290,582.440,137.33,1785674159999,79975.31980,235,133.28,77616.63200,0
1785674160000,582.450,582.500,582.340,582.340,148.51,1785674219999,86501.11910,309,25.21,14683.66600,0
1785674220000,582.350,582.350,582.030,582.080,115.01,1785674279999,66958.32330,541,48.62,28307.15990,0
1785674280000,582.090,582.110,581.590,581.810,614.02,1785674339999,357283.70880,1056,146.06,84981.96650,0
1785674340000,581.820,582.010,581.810,582.000,72.26,1785674399999,42046.49900,252,52.52,30559.61380,0
1785674400000,582.010,582.100,581.840,581.850,187.05,1785674459999,108864.16000,440,29.57,17210.87220,0
1785674460000,581.840,581.950,581.840,581.940,45.89,1785674519999,26705.29740,211,40.33,23469.74740,0
1785674520000,581.950,582.000,581.910,581.990,187.57,1785674579999,109159.33810,265,33.34,19402.98120,0
1785674580000,581.980,581.990,581.980,581.990,36.09,1785674639999,21003.82390,157,16.57,9643.57430,0
1785674640000,581.990,582.100,581.910,582.070,199.22,1785674699999,115953.44460,420,143.59,83576.00060,0
1785674700000,582.080,582.110,581.990,582.110,112.27,1785674759999,65347.54850,309,29.41,17118.81160,0
1785674760000,582.110,582.110,581.970,581.970,76.21,1785674819999,44356.33020,298,46.51,27070.15610,0
1785674820000,581.980,581.990,581.970,581.980,50.20,1785674879999,29215.45450,131,24.19,14078.26810,0
1785674880000,581.990,582.080,581.980,582.080,79.69,1785674939999,46383.16100,206,44.04,25632.68670,0
1785674940000,582.080,582.320,582.070,582.270,242.17,1785674999999,141001.44930,511,158.11,92052.89480,0
1785675000000,582.270,582.270,582.100,582.100,52.43,1785675059999,30525.40900,276,14.70,8559.08590,0
1785675060000,582.110,582.210,582.050,582.100,277.20,1785675119999,161362.59000,384,88.34,51425.18520,0
1785675120000,582.110,582.110,582.090,582.110,53.90,1785675179999,31375.15010,144,38.48,22399.21410,0
1785675180000,582.100,582.160,582.100,582.150,25.58,1785675239999,14891.46070,120,20.49,11928.31870,0
1785675240000,582.160,582.350,582.150,582.350,105.30,1785675299999,61311.36600,218,81.09,47215.10080,0
1785675300000,582.340,582.350,582.230,582.230,75.30,1785675359999,43846.47120,177,41.25,24018.57370,0
1785675360000,582.240,582.240,582.080,582.080,167.04,1785675419999,97251.08600,234,17.33,10090.20720,0
1785675420000,582.090,582.190,582.080,582.190,76.18,1785675479999,44344.16460,217,61.88,36020.41510,0
1785675480000,582.190,582.190,582.090,582.100,82.18,1785675539999,47840.90860,155,19.08,11107.79910,0
1785675540000,582.090,582.170,582.010,582.160,115.41,1785675599999,67179.00320,286,52.52,30570.22300,0
1785675600000,582.160,582.290,582.010,582.290,173.57,1785675659999,101041.48150,360,106.02,61718.18890,0
1785675660000,582.280,582.380,582.150,582.150,211.28,1785675719999,123026.99410,480,75.68,44067.78400,0
1785675720000,582.140,582.150,581.960,581.960,50.21,1785675779999,29226.42180,297,17.40,10129.17560,0
1785675780000,581.960,582.050,581.900,582.010,236.60,1785675839999,137694.24720,499,158.73,92373.43910,0
1785675840000,582.010,582.020,581.700,581.990,309.84,1785675899999,180274.17970,473,68.42,39813.17540,0
1785675900000,581.990,582.310,581.900,582.240,168.40,1785675959999,98029.67450,538,113.62,66143.08900,0
1785675960000,582.240,582.380,582.240,582.370,113.52,1785676019999,66102.76210,287,93.38,54374.18180,0
1785676020000,582.370,582.500,582.090,582.160,316.73,1785676079999,184449.10780,505,202.48,117913.51270,0
1785676080000,582.150,582.150,582.040,582.100,194.91,1785676139999,113450.41270,332,115.82,67414.35160,0
1785676140000,582.100,582.210,582.100,582.210,78.65,1785676199999,45785.03910,181,57.13,33257.32600,0
1785676200000,582.200,582.270,582.200,582.270,64.99,1785676259999,37839.58890,172,60.54,35248.63810,0
1785676260000,582.270,582.370,582.270,582.360,87.02,1785676319999,50674.02810,221,84.02,48927.00120,0
1785676320000,582.370,582.370,582.360,582.370,55.23,1785676379999,32163.92880,157,18.60,10832.08200,0
1785676380000,582.370,582.390,582.360,582.390,48.54,1785676439999,28268.45440,154,40.01,23300.84260,0
1785676440000,582.380,582.400,582.380,582.390,57.96,1785676499999,33755.58500,132,45.09,26260.22610,0
1785676500000,582.400,582.400,582.120,582.180,191.86,1785676559999,111710.70260,489,86.44,50324.23940,0
1785676560000,582.180,582.190,581.920,581.920,141.60,1785676619999,82419.90030,315,26.64,15505.07500,0
1785676620000,581.930,582.040,581.850,582.000,230.77,1785676679999,134295.09100,510,145.19,84487.42660,0
1785676680000,581.990,582.110,581.900,581.940,73.32,1785676739999,42670.95070,329,25.05,14578.65840,0
1785676740000,581.950,582.030,581.940,582.020,82.21,1785676799999,47843.49130,180,64.30,37420.80190,0
1785676800000,582.030,582.130,582.020,582.120,103.19,1785676859999,60065.10180,202,89.28,51968.26650,0
1785676860000,582.120,582.140,582.120,582.140,35.53,1785676919999,20683.15520,114,24.77,14419.46240,0
1785676920000,582.140,582.220,582.140,582.210,86.39,1785676979999,50294.08550,189,73.36,42707.99250,0
1785676980000,582.220,582.380,582.210,582.340,195.93,1785677039999,114094.42310,267,186.87,108818.77620,0
1785677040000,582.340,582.350,582.120,582.130,56.13,1785677099999,32682.78980,189,7.97,4639.86300,0
1785677100000,582.120,582.250,582.120,582.250,72.54,1785677159999,42230.44140,201,67.03,39022.89120,0
1785677160000,582.260,582.400,582.250,582.380,94.53,1785677219999,55047.97200,226,78.38,45642.87210,0
1785677220000,582.380,582.430,582.380,582.430,61.69,1785677279999,35928.82320,238,58.05,33808.88640,0
1785677280000,582.420,582.590,582.420,582.590,72.59,1785677339999,42283.90140,243,69.50,40483.94690,0
1785677340000,582.590,582.590,582.370,582.370,111.85,1785677399999,65150.98830,273,38.66,22517.68260,0
1785677400000,582.370,582.500,582.370,582.500,52.40,1785677459999,30518.91550,193,49.97,29103.71010,0
1785677460000,582.510,582.810,582.510,582.710,344.59,1785677519999,200797.07610,598,302.55,176298.88200,0
1785677520000,582.710,582.780,582.710,582.770,66.72,1785677579999,38881.29040,200,60.76,35408.04830,0
1785677580000,582.780,582.850,582.650,582.700,327.29,1785677639999,190735.73930,523,207.50,120925.93470,0
1785677640000,582.700,582.800,582.690,582.690,157.80,1785677699999,91957.62330,249,125.80,73308.93700,0
1785677700000,582.690,582.840,582.650,582.820,215.54,1785677759999,125604.30680,364,186.56,108715.73130,0
1785677760000,582.820,582.820,582.310,582.760,462.99,1785677819999,269684.97510,669,130.59,76070.54710,0
1785677820000,582.770,583.110,582.770,582.920,632.42,1785677879999,368711.74110,708,518.88,302515.80780,0
1785677880000,582.920,582.920,582.640,582.640,106.53,1785677939999,62087.85370,330,13.91,8107.69950,0
1785677940000,582.640,582.640,582.350,582.520,1205.22,1785677999999,702056.57000,482,130.64,76088.71830,0
1785678000000,582.520,582.980,582.510,582.980,207.02,1785678059999,120616.62860,526,158.03,92076.68900,0
1785678060000,582.980,583.120,582.890,582.930,219.50,1785678119999,127974.85950,396,153.84,89691.81480,0
1785678120000,582.930,582.940,582.850,582.860,69.75,1785678179999,40658.86240,171,7.97,4646.01620,0
1785678180000,582.850,583.110,582.850,583.110,53.78,1785678239999,31348.88960,256,44.55,25969.00170,0
1785678240000,583.100,583.290,583.100,583.270,230.99,1785678299999,134714.92910,345,161.44,94153.77830,0
1785678300000,583.270,583.950,583.210,583.610,954.36,1785678359999,556987.78250,1359,547.21,319358.57020,0
1785678360000,583.610,583.610,583.240,583.250,127.12,1785678419999,74164.45740,404,13.95,8139.25000,0
1785678420000,583.240,583.270,583.060,583.150,290.21,1785678479999,169244.71850,438,182.87,106642.35690,0
1785678480000,583.150,583.250,583.150,583.210,110.21,1785678539999,64273.86030,168,98.61,57508.36660,0
1785678540000,583.210,583.220,583.150,583.150,50.67,1785678599999,29550.57790,163,7.09,4134.98420,0
1785678600000,583.150,583.310,583.150,583.180,237.36,1785678659999,138436.21580,392,184.59,107657.68620,0
1785678660000,583.180,583.190,583.180,583.180,17.64,1785678719999,10287.32300,130,2.78,1621.26820,0
1785678720000,583.180,583.340,583.040,583.340,115.12,1785678779999,67135.66810,390,78.10,45547.94040,0
1785678780000,583.330,583.440,583.190,583.260,95.28,1785678839999,55580.76610,351,46.13,26908.59330,0
1785678840000,583.270,583.330,583.270,583.320,34.65,1785678899999,20212.01440,138,31.19,18193.72720,0
1785678900000,583.330,583.360,583.280,583.360,52.80,1785678959999,30799.42450,188,27.77,16198.88810,0
1785678960000,583.360,583.560,583.290,583.290,353.61,1785679019999,206318.12770,465,282.27,164694.74120,0
1785679020000,583.290,583.580,583.290,583.340,159.97,1785679079999,93333.90500,407,106.18,61949.46410,0
1785679080000,583.330,583.340,583.310,583.310,35.90,1785679139999,20941.58960,104,18.08,10546.78720,0
1785679140000,583.300,583.300,583.090,583.270,87.19,1785679199999,50848.10630,345,39.49,23027.66020,0
1785679200000,583.270,583.350,583.210,583.350,79.50,1785679259999,46370.19690,233,63.66,37131.09070,0
1785679260000,583.360,583.510,583.230,583.230,202.48,1785679319999,118130.70570,625,116.32,67865.54870,0
1785679320000,583.230,583.240,583.000,583.000,120.14,1785679379999,70061.81890,472,48.82,28470.94630,0
1785679380000,583.000,583.240,583.000,583.100,80.60,1785679439999,46999.83900,319,40.81,23794.19660,0
1785679440000,583.100,583.240,583.050,583.080,92.09,1785679499999,53699.89840,394,39.44,22996.87690,0
1785679500000,583.090,583.120,582.650,582.650,127.32,1785679559999,74214.07800,426,4.18,2436.96300,0
1785679560000,582.660,582.860,582.650,582.860,116.07,1785679619999,67643.72380,250,82.80,48253.56740,0
1785679620000,582.850,583.060,582.850,583.020,115.63,1785679679999,67406.59840,404,55.99,32636.93530,0
1785679680000,583.020,583.140,583.020,583.060,157.94,1785679739999,92094.40780,225,129.77,75668.56630,0
1785679740000,583.060,583.070,582.930,582.930,123.29,1785679799999,71879.17640,169,7.69,4483.62110,0
1785679800000,582.930,583.100,582.930,583.090,86.96,1785679859999,50698.29170,276,51.42,29977.33700,0
1785679860000,583.100,583.110,583.030,583.040,65.38,1785679919999,38121.20540,173,10.66,6215.44670,0
1785679920000,583.040,583.140,583.030,583.030,101.25,1785679979999,59038.47070,237,30.26,17643.36840,0
1785679980000,583.030,583.040,582.970,582.970,91.15,1785680039999,53141.69060,176,5.07,2955.99180,0
1785680040000,582.970,583.040,582.970,583.030,74.21,1785680099999,43264.55080,154,55.01,32070.37540,0
1785680100000,583.040,583.290,583.030,583.290,312.17,1785680159999,182041.38070,299,303.30,176868.81230,0
1785680160000,583.290,583.380,583.230,583.380,108.52,1785680219999,63296.34850,294,70.15,40916.16450,0
1785680220000,583.380,583.720,583.380,583.380,316.17,1785680279999,184518.03990,555,244.22,142532.98280,0
1785680280000,583.380,583.660,583.380,583.660,218.58,1785680339999,127558.19590,292,215.60,125819.43840,0
1785680340000,583.670,583.910,583.670,583.860,237.10,1785680399999,138429.66720,345,118.17,68989.24840,0
1785680400000,583.860,583.860,583.840,583.840,99.71,1785680459999,58215.64860,111,89.89,52482.29940,0
1785680460000,583.850,583.850,583.840,583.840,32.79,1785680519999,19144.27460,94,16.10,9399.98500,0
1785680520000,583.850,583.850,583.490,583.500,150.87,1785680579999,88051.72360,441,41.51,24222.48130,0
1785680580000,583.490,583.500,583.440,583.440,19.47,1785680639999,11360.50940,112,5.42,3162.54400,0
1785680640000,583.440,583.490,583.440,583.490,65.22,1785680699999,38052.88340,136,60.76,35450.68820,0
1785680700000,583.480,583.660,583.450,583.550,419.95,1785680759999,245064.14510,477,88.53,51662.68820,0
1785680760000,583.540,583.650,583.510,583.640,148.26,1785680819999,86519.29110,357,85.50,49892.94390,0
1785680820000,583.640,583.650,583.570,583.580,32.46,1785680879999,18944.12010,146,4.70,2742.85070,0
1785680880000,583.580,583.650,583.580,583.650,24.13,1785680939999,14083.02210,112,6.56,3828.53690,0
1785680940000,583.650,583.810,583.640,583.800,76.53,1785680999999,44675.02650,251,42.00,24517.36100,0
1785681000000,583.810,584.090,583.770,583.780,379.33,1785681059999,221495.77380,656,297.52,173729.17990,0
1785681060000,583.770,583.770,583.400,583.410,109.30,1785681119999,63790.41690,383,46.98,27419.97570,0
1785681120000,583.410,583.540,583.400,583.520,63.07,1785681179999,36800.71060,241,51.19,29868.51500,0
1785681180000,583.520,583.830,583.520,583.800,212.37,1785681239999,123961.23160,505,178.85,104393.08550,0
1785681240000,583.810,584.100,583.810,583.940,293.60,1785681299999,171462.32370,484,215.02,125572.52780,0
1785681300000,583.950,584.140,583.950,584.130,188.63,1785681359999,110175.26100,386,138.72,81022.69130,0
1785681360000,584.130,584.310,583.840,583.840,560.10,1785681419999,327129.55100,955,377.58,220522.30610,0
1785681420000,583.850,584.100,583.840,584.020,64.62,1785681479999,37738.55280,273,37.37,21823.06920,0
1785681480000,584.010,584.310,584.010,584.130,73.23,1785681539999,42784.52720,399,17.01,9937.16860,0
1785681540000,584.140,584.170,584.030,584.160,153.28,1785681599999,89535.94270,320,110.95,64809.94560,0
1785681600000,584.170,584.280,584.160,584.230,92.94,1785681659999,54296.27940,268,69.53,40619.65080,0
1785681660000,584.220,584.320,584.210,584.300,526.73,1785681719999,307756.10490,428,343.29,200577.52150,0
1785681720000,584.290,584.470,584.290,584.470,74.46,1785681779999,43514.73800,326,45.54,26612.84560,0
1785681780000,584.460,584.800,584.460,584.790,574.47,1785681839999,335845.90670,757,426.43,249293.95500,0
1785681840000,584.790,584.790,584.660,584.750,226.03,1785681899999,132161.99570,334,129.87,75937.36020,0
1785681900000,584.750,585.390,584.750,585.120,3844.16,1785681959999,2248920.18530,1545,3570.58,2088827.82770,0
1785681960000,585.110,585.430,585.110,585.410,573.39,1785682019999,335608.58500,734,348.55,204001.55250,0
1785682020000,585.420,585.610,585.380,585.380,670.12,1785682079999,392343.28120,684,515.39,301750.25460,0
1785682080000,585.380,585.510,585.260,585.270,526.07,1785682139999,307962.71290,562,221.64,129750.17960,0
1785682140000,585.270,585.270,585.030,585.130,412.70,1785682199999,241483.97430,667,123.91,72497.28000,0
1785682200000,585.130,585.130,584.980,584.980,203.75,1785682259999,119205.42260,428,112.71,65943.12140,0
1785682260000,584.990,585.040,584.980,584.980,118.36,1785682319999,69241.37670,306,30.04,17573.55300,0
1785682320000,584.980,585.010,584.960,585.000,144.19,1785682379999,84348.73660,265,66.51,38907.47590,0
1785682380000,584.990,585.000,584.720,584.770,142.84,1785682439999,83544.48440,444,22.99,13444.98750,0
1785682440000,584.770,584.780,584.510,584.520,246.35,1785682499999,144031.35290,473,22.58,13200.74470,0
1785682500000,584.520,584.550,584.400,584.550,210.92,1785682559999,123279.93150,356,69.70,40738.44840,0
1785682560000,584.550,584.560,584.530,584.530,124.94,1785682619999,73032.62470,206,70.80,41385.48270,0
1785682620000,584.540,584.590,584.530,584.590,54.26,1785682679999,31718.30630,154,31.83,18606.30390,0
1785682680000,584.590,584.610,584.440,584.550,309.79,1785682739999,181078.09240,513,155.83,91084.28140,0
1785682740000,584.560,584.600,584.520,584.520,139.72,1785682799999,81675.80420,245,15.71,9183.59320,0
1785682800000,584.530,584.760,584.520,584.760,204.11,1785682859999,119336.37110,301,192.25,112401.87580,0
1785682860000,584.760,585.000,584.760,584.890,328.76,1785682919999,192290.20270,571,238.16,139296.15070,0
1785682920000,584.880,584.920,584.550,584.560,137.46,1785682979999,80392.43290,538,50.35,29449.22920,0
1785682980000,584.550,584.830,584.520,584.630,472.69,1785683039999,276375.21920,671,108.88,63656.40930,0
1785683040000,584.630,584.770,584.610,584.720,324.97,1785683099999,190010.62640,437,239.79,140205.59430,0
1785683100000,584.720,585.000,584.720,584.830,239.34,1785683159999,139991.76900,511,139.85,81795.89860,0
1785683160000,584.830,584.840,584.770,584.770,92.41,1785683219999,54041.51580,230,18.83,11011.82290,0
1785683220000,584.770,584.840,584.750,584.840,84.92,1785683279999,49658.68300,217,43.13,25221.33760,0
1785683280000,584.830,584.960,584.830,584.830,139.87,1785683339999,81811.81530,289,110.54,64656.50780,0
1785683340000,584.830,584.840,584.830,584.840,67.47,1785683399999,39458.69430,180,21.42,12527.27280,0
1785683400000,584.830,584.840,584.830,584.840,29.20,1785683459999,17077.18130,149,14.53,8497.72520,0
1785683460000,584.840,584.840,584.770,584.770,57.47,1785683519999,33609.02980,244,23.51,13748.95120,0
1785683520000,584.770,584.940,584.770,584.940,94.93,1785683579999,55515.94510,233,63.57,37176.28590,0
1785683580000,584.930,585.280,584.930,585.280,139.11,1785683639999,81398.58230,361,130.07,76109.48870,0
1785683640000,585.280,585.890,585.280,585.640,2818.92,1785683699999,1650422.59940,1131,2456.35,1438069.50350,0
1785683700000,585.640,585.640,585.360,585.360,156.14,1785683759999,91416.36680,418,39.40,23069.38550,0
1785683760000,585.360,585.630,585.360,585.610,343.52,1785683819999,201141.84580,512,211.87,124054.62860,0
1785683820000,585.600,585.800,585.520,585.790,581.73,1785683879999,340678.97650,671,375.10,219658.41590,0
1785683880000,585.800,586.000,585.800,585.980,465.38,1785683939999,272690.03320,719,202.31,118545.60610,0
1785683940000,585.980,585.990,585.980,585.990,94.91,1785683999999,55615.78190,226,42.01,24617.43990,0
1785684000000,585.980,585.990,585.970,585.970,105.22,1785684059999,61656.43250,185,59.24,34713.45600,0
1785684060000,585.970,585.980,585.930,585.970,346.40,1785684119999,202977.57570,335,146.38,85772.33280,0
1785684120000,585.970,586.270,585.620,585.630,935.90,1785684179999,548498.83630,1168,624.47,365985.62750,0
1785684180000,585.630,585.630,585.570,585.570,149.53,1785684239999,87567.02530,301,57.55,33702.46130,0
1785684240000,585.580,585.710,585.530,585.530,277.16,1785684299999,162315.63330,353,100.59,58907.54800,0
1785684300000,585.520,585.720,585.480,585.710,168.44,1785684359999,98638.00180,321,130.53,76440.34000,0
1785684360000,585.720,586.150,585.710,586.130,227.92,1785684419999,133546.60320,522,125.80,73707.88750,0
1785684420000,586.130,586.140,585.960,586.010,215.88,1785684479999,126513.49490,301,135.09,79165.02650,0
1785684480000,586.020,586.020,585.820,585.830,82.17,1785684539999,48146.97400,288,11.94,6995.91470,0
1785684540000,585.830,585.830,585.820,585.820,31.12,1785684599999,18230.91380,67,19.54,11447.11820,0
1785684600000,585.820,585.830,585.820,585.820,42.41,1785684659999,24844.67380,160,4.76,2788.55080,0
1785684660000,585.820,585.860,585.820,585.850,77.20,1785684719999,45225.85090,217,19.78,11588.02060,0
1785684720000,585.860,586.000,585.850,585.990,351.60,1785684779999,205999.70190,276,311.55,182531.44980,0
1785684780000,585.990,586.200,585.990,586.150,283.42,1785684839999,166118.83600,484,134.14,78616.94190,0
1785684840000,586.150,586.890,586.140,586.780,1101.15,1785684899999,645975.91470,1354,873.02,512155.61470,0
1785684900000,586.770,586.770,586.550,586.550,350.39,1785684959999,205559.03870,607,147.38,86458.56150,0
1785684960000,586.560,586.610,586.440,586.490,462.78,1785685019999,271446.08670,473,136.75,80211.93890,0
1785685020000,586.490,586.530,585.930,585.930,360.46,1785685079999,211302.67210,797,48.68,28537.87840,0
1785685080000,585.920,586.150,585.860,585.990,755.43,1785685139999,442656.27480,588,590.46,345993.44840,0
1785685140000,585.990,586.000,585.940,585.950,91.59,1785685199999,53670.40930,222,25.17,14749.59350,0
1785685200000,585.940,586.010,585.920,585.960,153.12,1785685259999,89722.45100,357,45.58,26707.74810,0
1785685260000,585.970,586.370,585.970,586.360,242.58,1785685319999,142163.17940,559,142.62,83581.88060,0
1785685320000,586.370,586.720,586.360,586.650,210.18,1785685379999,123297.70790,447,85.86,50362.37610,0
1785685380000,586.640,586.670,586.560,586.660,243.70,1785685439999,142960.65380,347,165.35,96998.89300,0
1785685440000,586.670,586.860,586.660,586.710,228.98,1785685499999,134344.82410,409,119.20,69933.81860,0
1785685500000,586.710,586.900,586.710,586.900,104.96,1785685559999,61586.70390,318,80.57,47276.04710,0
1785685560000,586.900,587.690,586.810,587.290,2190.92,1785685619999,1286681.11420,2342,1615.98,949008.29410,0
1785685620000,587.290,587.870,587.250,587.780,904.05,1785685679999,531286.55840,1218,617.63,362955.14810,0
1785685680000,587.790,587.980,587.340,587.380,1641.09,1785685739999,964381.08560,1695,605.98,356110.09330,0
1785685740000,587.390,587.390,587.190,587.190,393.33,1785685799999,231007.88440,625,169.64,99630.14430,0
1785685800000,587.200,587.200,586.970,586.970,280.28,1785685859999,164550.51540,542,25.82,15157.63390,0
1785685860000,586.980,587.060,586.750,587.060,394.15,1785685919999,231318.13570,799,140.97,82731.89110,0
1785685920000,587.060,587.260,587.050,587.250,102.09,1785685979999,59945.04160,269,87.89,51606.92800,0
1785685980000,587.260,587.300,587.030,587.060,773.55,1785686039999,454154.49820,609,133.91,78618.83580,0
1785686040000,587.060,587.060,586.820,586.830,194.41,1785686099999,114108.53560,360,62.29,36557.89020,0
1785686100000,586.840,586.930,586.670,586.670,159.48,1785686159999,93589.81420,391,44.13,25898.48190,0
1785686160000,586.670,586.680,586.580,586.590,155.15,1785686219999,91010.11430,287,20.23,11866.95960,0
1785686220000,586.590,586.590,586.580,586.590,62.37,1785686279999,36585.39220,124,39.76,23322.81840,0
1785686280000,586.590,586.790,586.510,586.590,463.26,1785686339999,271770.11790,587,210.05,123221.37880,0
1785686340000,586.600,586.690,586.510,586.680,220.36,1785686399999,129255.74580,326,127.84,74986.08110,0
1785686400000,586.690,587.290,586.680,587.170,951.88,1785686459999,558790.81750,1144,568.77,333878.37790,0
1785686460000,587.170,587.440,587.170,587.180,560.27,1785686519999,329049.30390,855,281.80,165496.64580,0
1785686520000,587.180,587.190,586.680,586.690,283.42,1785686579999,166353.26890,785,63.49,37268.69620,0
1785686580000,586.680,586.680,586.430,586.440,413.47,1785686639999,242513.13690,674,73.42,43063.19070,0
1785686640000,586.430,586.740,586.240,586.740,1029.03,1785686699999,603522.24510,1067,473.99,278015.87320,0
1785686700000,586.740,586.740,586.600,586.610,221.65,1785686759999,130033.83330,316,28.84,16918.18910,0
1785686760000,586.610,586.920,586.600,586.910,286.63,1785686819999,168166.85690,462,215.30,126315.36780,0
1785686820000,586.910,587.260,586.910,587.260,88.44,1785686879999,51917.77590,348,56.47,33151.90900,0
1785686880000,587.260,587.260,587.000,587.140,209.28,1785686939999,122882.32230,524,46.39,27235.79310,0
1785686940000,587.140,587.150,587.060,587.070,130.98,1785686999999,76898.94930,316,31.02,18211.05860,0
1785687000000,587.070,587.090,586.980,587.090,191.94,1785687059999,112671.70590,362,102.80,60345.85570,0
1785687060000,587.090,587.200,586.830,586.860,200.71,1785687119999,117817.56730,573,48.72,28599.77720,0
1785687120000,586.860,587.050,586.860,587.050,187.88,1785687179999,110280.29740,353,124.88,73299.05440,0
1785687180000,587.050,587.050,586.950,586.960,99.50,1785687239999,58405.29410,285,61.28,35970.45230,0
1785687240000,586.960,587.320,586.960,587.080,104.26,1785687299999,61217.54800,538,55.88,32808.12560,0
1785687300000,587.080,587.090,586.900,587.010,294.03,1785687359999,172588.70890,423,79.96,46932.86810,0
1785687360000,587.000,587.140,587.000,587.130,145.09,1785687419999,85174.50030,342,105.49,61925.82540,0
1785687420000,587.130,587.140,586.940,586.940,119.16,1785687479999,69958.81350,381,57.04,33488.57450,0
1785687480000,586.940,587.090,586.900,587.090,117.73,1785687539999,69103.33580,303,42.09,24706.42200,0
1785687540000,587.090,587.120,587.040,587.100,94.48,1785687599999,55467.96600,317,63.15,37074.88640,0
1785687600000,587.110,587.110,586.930,586.930,110.15,1785687659999,64661.87110,331,27.62,16213.31460,0
1785687660000,586.930,587.430,586.930,587.430,169.27,1785687719999,99383.51560,529,133.93,78631.63610,0
1785687720000,587.430,587.620,587.430,587.540,546.16,1785687779999,320872.00720,635,271.79,159668.35850,0
1785687780000,587.540,587.550,587.260,587.260,156.22,1785687839999,91771.09380,396,34.46,20244.20480,0
1785687840000,587.260,587.400,587.260,587.400,234.23,1785687899999,137565.11880,376,164.09,96368.23880,0
1785687900000,587.390,587.400,587.160,587.160,112.72,1785687959999,66201.51250,328,25.86,15186.07150,0
1785687960000,587.150,587.160,586.720,586.720,167.94,1785688019999,98554.01390,515,37.35,21916.93540,0
1785688020000,586.720,586.770,586.440,586.630,456.35,1785688079999,267692.44790,581,115.18,67567.65370,0
1785688080000,586.630,586.700,586.630,586.630,154.01,1785688139999,90350.59450,232,68.21,40015.36430,0
1785688140000,586.630,586.830,586.630,586.690,117.75,1785688199999,69091.24100,332,54.01,31689.32350,0
1785688200000,586.690,586.700,586.610,586.620,127.90,1785688259999,75034.76640,244,9.75,5719.77180,0
1785688260000,586.610,586.890,586.540,586.890,227.42,1785688319999,133416.23880,485,128.64,75471.49120,0
1785688320000,586.900,587.670,586.900,587.220,368.24,1785688379999,216278.09620,795,225.32,132317.45510,0
1785688380000,587.220,588.530,587.220,588.300,1632.14,1785688439999,959834.21660,2119,1404.94,826190.41210,0
1785688440000,588.300,588.730,588.240,588.240,1073.49,1785688499999,631734.40070,1345,547.13,321987.85170,0
1785688500000,588.240,588.390,588.100,588.160,655.17,1785688559999,385399.79100,797,499.03,293548.80780,0
1785688560000,588.160,588.450,588.150,588.440,383.46,1785688619999,225576.62150,512,319.50,187949.64040,0
1785688620000,588.440,588.450,588.370,588.440,180.05,1785688679999,105947.35060,274,77.74,45744.65700,0
1785688680000,588.440,588.720,588.320,588.640,379.69,1785688739999,223456.75100,589,282.81,166445.54510,0
1785688740000,588.640,588.650,588.430,588.480,181.93,1785688799999,107078.15200,407,37.86,22281.16720,0
1785688800000,588.490,588.490,588.100,588.290,364.60,1785688859999,214505.28380,750,89.65,52737.96330,0
1785688860000,588.280,588.810,588.280,588.670,508.00,1785688919999,299030.24720,837,334.60,196943.09490,0
1785688920000,588.680,589.000,588.680,588.910,473.32,1785688979999,278735.63040,908,281.99,166057.26810,0
1785688980000,588.910,588.920,588.660,588.910,357.33,1785689039999,210408.99570,597,175.74,103484.05990,0
1785689040000,588.900,589.150,588.900,588.990,371.62,1785689099999,218901.48100,659,279.59,164687.82630,0
1785689100000,589.000,589.140,588.870,588.870,234.75,1785689159999,138264.71590,550,73.76,43441.61590,0
1785689160000,588.870,589.100,588.730,589.100,387.20,1785689219999,228022.09600,602,287.89,169538.04940,0
1785689220000,589.100,589.260,588.880,588.980,436.09,1785689279999,256889.07130,776,180.08,106064.44860,0
1785689280000,588.990,589.240,588.990,589.030,203.43,1785689339999,119848.38780,556,115.25,67895.40540,0
1785689340000,589.020,589.030,588.730,588.900,729.54,1785689399999,429606.19100,677,131.23,77276.86980,0
1785689400000,588.900,589.040,588.640,588.860,398.44,1785689459999,234612.50140,803,82.29,48456.79900,0
1785689460000,588.860,588.860,588.420,588.660,740.85,1785689519999,436054.45460,609,148.80,87586.50080,0
1785689520000,588.650,588.690,588.480,588.490,204.48,1785689579999,120359.29970,369,78.88,46426.07370,0
1785689580000,588.480,588.610,588.480,588.570,224.89,1785689639999,132363.01650,308,67.37,39649.83140,0
1785689640000,588.560,588.570,588.250,588.370,284.95,1785689699999,167657.56610,469,41.05,24152.40060,0
1785689700000,588.370,588.480,588.030,588.250,666.15,1785689759999,391849.09750,778,162.47,95577.25870,0
1785689760000,588.240,588.250,588.240,588.240,49.79,1785689819999,29288.67730,143,20.77,12217.95250,0
1785689820000,588.240,588.250,588.080,588.160,266.93,1785689879999,156989.14080,443,168.08,98850.14630,0
1785689880000,588.150,588.240,588.110,588.150,289.00,1785689939999,169976.03450,362,173.63,102117.87130,0
1785689940000,588.150,588.160,588.120,588.120,82.19,1785689999999,48340.24920,194,30.75,18085.87270,0
1785690000000,588.120,588.120,587.940,587.940,385.97,1785690059999,226969.04480,722,138.87,81664.09020,0
1785690060000,587.950,588.010,587.830,587.890,455.15,1785690119999,267583.77430,660,342.52,201368.47240,0
1785690120000,587.890,588.190,587.870,588.180,169.61,1785690179999,99740.54330,511,79.26,46605.64940,0
1785690180000,588.190,588.400,588.190,588.350,163.79,1785690239999,96365.26910,599,84.13,49495.20760,0
1785690240000,588.350,588.440,588.350,588.440,105.72,1785690299999,62204.80610,253,92.48,54414.16670,0
1785690300000,588.440,588.440,587.970,587.970,150.05,1785690359999,88269.70340,587,22.43,13197.16860,0
1785690360000,587.970,587.980,587.960,587.970,61.71,1785690419999,36283.49390,201,44.11,25935.36690,0
1785690420000,587.960,588.120,587.960,588.050,171.06,1785690479999,100592.50100,405,123.04,72352.73200,0
1785690480000,588.060,588.060,588.040,588.050,60.32,1785690539999,35471.22980,203,35.98,21158.10820,0
1785690540000,588.050,588.060,588.010,588.020,57.68,1785690599999,33918.10630,201,21.03,12366.65940,0
1785690600000,588.010,588.150,587.980,588.150,131.99,1785690659999,77613.47960,396,66.92,39351.63160,0
1785690660000,588.140,588.580,588.140,588.580,225.36,1785690719999,132578.58840,505,203.63,119794.74430,0
1785690720000,588.570,588.580,588.350,588.350,181.07,1785690779999,106548.25620,529,31.65,18622.38410,0
1785690780000,588.350,588.360,588.240,588.280,67.30,1785690839999,39590.90040,279,22.82,13424.34600,0
1785690840000,588.270,588.600,588.270,588.590,149.07,1785690899999,87718.66270,397,121.64,71576.25580,0
1785690900000,588.590,588.600,588.150,588.150,128.49,1785690959999,75594.66210,451,17.56,10330.00980,0
1785690960000,588.150,588.310,588.060,588.060,64.08,1785691019999,37692.34940,415,32.34,19022.07840,0
1785691020000,588.050,588.050,587.890,587.890,203.17,1785691079999,119459.84300,383,99.81,58685.42770,0
1785691080000,587.900,588.080,587.880,588.000,209.40,1785691139999,123113.98680,358,141.68,83295.34080,0
1785691140000,587.990,588.090,587.990,588.090,39.85,1785691199999,23432.35320,170,24.58,14453.23150,0
1785691200000,588.090,588.190,588.040,588.040,97.48,1785691259999,57332.48150,359,22.99,13520.98640,0
1785691260000,588.040,588.050,587.810,587.870,145.93,1785691319999,85790.86530,341,63.26,37186.41700,0
1785691320000,587.880,587.940,587.790,587.800,178.15,1785691379999,104730.19090,327,21.67,12739.97780,0
1785691380000,587.790,587.810,587.750,587.800,87.02,1785691439999,51147.94090,233,32.05,18838.23170,0
1785691440000,587.800,588.600,587.800,588.590,426.39,1785691499999,250792.29890,756,332.76,195723.47320,0
1785691500000,588.600,588.600,588.060,588.060,181.82,1785691559999,106980.20660,418,24.58,14461.42970,0
1785691560000,588.050,588.270,588.050,588.090,179.92,1785691619999,105817.11410,410,136.08,80032.00400,0
1785691620000,588.090,588.100,587.890,587.900,64.19,1785691679999,37745.92960,259,9.78,5751.12530,0
1785691680000,587.890,587.900,587.890,587.900,38.83,1785691739999,22827.88590,102,11.72,6890.18800,0
1785691740000,587.890,587.900,587.880,587.880,55.87,1785691799999,32845.43140,147,19.03,11187.65000,0
1785691800000,587.880,588.180,587.880,588.140,137.80,1785691859999,81028.21830,390,90.30,53093.50260,0
1785691860000,588.140,588.250,588.020,588.250,100.83,1785691919999,59297.06210,356,45.45,26728.49140,0
1785691920000,588.240,588.250,588.240,588.240,19.73,1785691979999,11606.09570,104,12.05,7088.41250,0
1785691980000,588.240,588.250,588.120,588.130,105.70,1785692039999,62170.54620,276,17.55,10321.69120,0
1785692040000,588.130,588.130,588.120,588.130,36.32,1785692099999,21360.64930,116,13.09,7698.62170,0
1785692100000,588.130,588.140,588.080,588.140,83.68,1785692159999,49212.60520,272,51.73,30422.56820,0
1785692160000,588.140,588.180,588.070,588.070,113.18,1785692219999,66567.65990,275,45.54,26785.64730,0
1785692220000,588.070,588.250,588.070,588.250,77.64,1785692279999,45661.50570,213,54.21,31882.60450,0
1785692280000,588.250,588.250,588.040,588.150,367.92,1785692339999,216383.97190,359,40.43,23776.62640,0
1785692340000,588.150,588.160,588.020,588.120,74.36,1785692399999,43730.13400,254,22.65,13319.96980,0
1785692400000,588.130,588.130,588.120,588.120,18.29,1785692459999,10756.79770,107,8.29,4875.59770,0
1785692460000,588.120,588.130,587.920,587.930,95.63,1785692519999,56236.79660,313,11.62,6833.73660,0
1785692520000,587.930,587.930,587.910,587.910,12.50,1785692579999,7349.04220,100,4.89,2874.97710,0
1785692580000,587.910,587.930,587.590,587.690,664.37,1785692639999,390480.49410,698,169.33,99528.35910,0
1785692640000,587.690,588.020,587.690,588.020,262.57,1785692699999,154332.52220,355,253.29,148877.30860,0
1785692700000,588.020,588.120,588.020,588.120,68.90,1785692759999,40517.19790,178,67.80,39870.31590,0
1785692760000,588.110,588.120,587.980,588.020,143.21,1785692819999,84215.71260,303,53.40,31400.85570,0
1785692820000,588.020,588.020,588.010,588.010,24.05,1785692879999,14141.76130,154,12.08,7103.28160,0
1785692880000,588.020,588.020,587.820,587.900,305.54,1785692939999,179628.44030,434,83.11,48862.35390,0
1785692940000,587.910,588.190,587.900,588.190,56.70,1785692999999,33341.89240,316,45.68,26861.19150,0
1785693000000,588.190,588.190,588.180,588.180,39.71,1785693059999,23356.92810,132,30.03,17663.34570,0
1785693060000,588.190,588.190,588.180,588.190,47.16,1785693119999,27738.64840,133,7.96,4681.99240,0
1785693120000,588.190,588.190,588.130,588.140,75.63,1785693179999,44483.43380,128,8.04,4728.65220,0
1785693180000,588.140,588.260,588.140,588.250,99.68,1785693239999,58632.48970,251,84.31,49591.11210,0
1785693240000,588.250,588.340,588.250,588.340,54.43,1785693299999,32019.69970,172,50.84,29907.85800,0
1785693300000,588.340,588.340,588.070,588.110,240.53,1785693359999,141475.47190,374,37.95,22319.17680,0
1785693360000,588.110,588.120,587.980,587.980,41.81,1785693419999,24587.11080,167,6.20,3645.61480,0
1785693420000,587.990,588.050,587.980,588.050,83.75,1785693479999,49244.56180,177,57.15,33604.26380,0
1785693480000,588.050,588.050,588.040,588.040,3.86,1785693539999,2269.84250,47,0.81,476.32050,0
1785693540000,588.050,588.190,588.040,588.090,160.68,1785693599999,94500.08870,384,41.77,24564.78710,0
1785693600000,588.100,588.480,588.090,588.200,277.18,1785693659999,163070.14990,638,148.12,87133.71740,0
1785693660000,588.200,588.450,588.200,588.440,206.33,1785693719999,121392.01870,378,178.86,105228.96640,0
1785693720000,588.450,588.490,588.100,588.200,239.85,1785693779999,141101.97210,576,74.17,43635.10320,0
1785693780000,588.210,588.330,588.210,588.300,88.64,1785693839999,52146.84590,274,50.59,29761.92950,0
1785693840000,588.290,588.510,588.250,588.510,62.74,1785693899999,36913.33290,297,48.52,28547.88100,0
1785693900000,588.510,588.600,588.250,588.380,299.62,1785693959999,176303.29640,551,208.50,122682.40000,0
1785693960000,588.390,588.450,588.250,588.370,346.90,1785694019999,204098.71220,452,150.43,88507.22750,0
1785694020000,588.360,588.370,588.360,588.360,17.26,1785694079999,10155.20540,103,11.18,6577.97660,0
1785694080000,588.370,588.480,588.360,588.470,64.53,1785694139999,37969.87870,223,59.11,34780.75520,0
1785694140000,588.480,588.480,588.470,588.470,35.26,1785694199999,20749.47890,109,2.67,1571.24160,0
1785694200000,588.480,588.480,588.380,588.380,113.80,1785694259999,66966.42350,229,4.05,2383.19550,0
1785694260000,588.380,588.560,588.380,588.560,45.27,1785694319999,26640.29240,236,37.32,21961.56360,0
1785694320000,588.560,588.950,588.550,588.950,368.56,1785694379999,216961.31670,438,343.85,202416.63450,0
1785694380000,588.940,588.970,588.940,588.960,88.85,1785694439999,52329.09420,170,77.53,45662.12080,0
1785694440000,588.970,589.120,588.960,589.060,341.29,1785694499999,201037.80180,519,192.64,113468.78020,0
1785694500000,589.060,589.060,588.830,588.830,157.70,1785694559999,92877.91370,326,15.35,9040.41440,0
1785694560000,588.830,588.970,588.830,588.960,63.62,1785694619999,37464.80570,244,54.51,32100.29250,0
1785694620000,588.970,589.000,588.870,588.870,176.82,1785694679999,104138.09040,362,42.16,24830.81040,0
1785694680000,588.870,588.870,588.790,588.840,66.74,1785694739999,39298.17990,254,15.35,9038.20630,0
1785694740000,588.830,588.890,588.830,588.880,104.16,1785694799999,61335.39170,186,90.15,53085.77740,0
1785694800000,588.890,589.590,588.880,589.580,1576.64,1785694859999,929011.72090,1092,1310.83,772321.85780,0
1785694860000,589.580,590.640,589.510,590.020,3655.63,1785694919999,2157224.94450,3434,2808.27,1657201.48900,0
1785694920000,590.010,590.220,590.010,590.050,290.43,1785694979999,171396.01050,474,105.59,62311.58500,0
1785694980000,590.050,590.400,590.050,590.390,321.40,1785695039999,189699.28170,574,214.90,126832.27000,0
1785695040000,590.400,590.490,590.390,590.460,266.85,1785695099999,157557.39920,416,147.12,86861.91000,0
1785695100000,590.460,590.460,590.300,590.310,360.39,1785695159999,212767.87990,389,86.18,50879.14710,0
1785695160000,590.310,590.330,590.300,590.320,66.06,1785695219999,38996.24730,212,44.39,26204.26670,0
1785695220000,590.330,590.370,590.330,590.370,177.51,1785695279999,104795.21620,275,103.82,61291.77690,0
1785695280000,590.360,590.890,590.360,590.770,768.87,1785695339999,454149.04200,1051,537.44,317424.24940,0
1785695340000,590.760,590.770,590.640,590.670,178.39,1785695399999,105374.61130,316,69.42,41004.33520,0
1785695400000,590.660,590.670,590.610,590.640,164.47,1785695459999,97143.56230,286,40.93,24175.07190,0
1785695460000,590.640,590.650,590.130,590.130,427.36,1785695519999,252283.00380,710,28.78,16992.34450,0
1785695520000,590.140,590.330,590.140,590.160,208.90,1785695579999,123305.58690,450,71.89,42433.39680,0
1785695580000,590.150,590.400,590.150,590.220,502.26,1785695639999,296471.89350,524,379.95,224274.62120,0
1785695640000,590.220,590.320,590.170,590.270,181.11,1785695699999,106895.32500,314,95.21,56195.50730,0
1785695700000,590.270,590.590,590.260,590.480,241.21,1785695759999,142436.39400,530,105.43,62254.73460,0
1785695760000,590.480,590.650,590.480,590.530,130.90,1785695819999,77305.56620,421,44.86,26492.47360,0
1785695820000,590.530,590.540,590.190,590.470,330.65,1785695879999,195201.54730,681,185.61,109564.09520,0
1785695880000,590.470,590.470,590.020,590.020,145.58,1785695939999,85925.39400,538,32.52,19195.63990,0
1785695940000,590.020,590.310,589.940,590.300,145.94,1785695999999,86109.56730,481,117.47,69311.89800,0
1785696000000,590.310,590.700,590.300,590.570,322.88,1785696059999,190687.71020,667,151.85,89670.80890,0
1785696060000,590.570,591.350,590.340,591.250,1401.07,1785696119999,827991.12240,2212,1016.98,600988.85890,0
1785696120000,591.260,591.590,590.790,590.790,702.62,1785696179999,415473.67450,1375,471.71,278956.55920,0
1785696180000,590.790,590.790,590.230,590.230,203.42,1785696239999,120102.83410,621,38.81,22911.00440,0
1785696240000,590.230,590.480,590.190,590.460,257.71,1785696299999,152132.62790,555,143.98,84995.52010,0
1785696300000,590.460,590.480,589.970,589.970,284.15,1785696359999,167718.59000,796,84.78,50048.08700,0
1785696360000,589.970,590.140,589.940,590.050,140.16,1785696419999,82702.75980,466,49.93,29461.42230,0
1785696420000,590.050,590.050,589.940,589.940,103.68,1785696479999,61173.64660,358,29.27,17270.43390,0
1785696480000,589.950,590.090,589.950,590.080,102.86,1785696539999,60688.32330,337,75.43,44504.32550,0
1785696540000,590.090,590.140,589.990,590.000,105.38,1785696599999,62179.31750,298,29.06,17147.54920,0
1785696600000,590.000,590.000,589.650,589.900,343.05,1785696659999,202318.31090,682,129.91,76613.21280,0
1785696660000,589.910,590.120,589.910,590.050,380.79,1785696719999,224684.60690,460,95.19,56163.45080,0
1785696720000,590.050,590.050,589.920,590.030,182.89,1785696779999,107904.33540,309,41.50,24485.62690,0
1785696780000,590.020,590.020,589.790,589.900,243.55,1785696839999,143657.90710,410,33.27,19623.46470,0
1785696840000,589.900,589.910,589.800,589.800,84.57,1785696899999,49884.76740,219,20.33,11992.08350,0
1785696900000,589.800,589.860,589.800,589.860,71.54,1785696959999,42196.18180,139,48.68,28712.78640,0
1785696960000,589.860,589.900,589.710,589.710,95.16,1785697019999,56124.28810,303,32.26,19026.74540,0
1785697020000,589.720,589.720,589.710,589.710,35.30,1785697079999,20816.88150,113,11.85,6988.18200,0
1785697080000,589.720,589.720,589.670,589.680,37.29,1785697139999,21990.28150,133,18.54,10933.40800,0
1785697140000,589.680,589.720,589.610,589.710,158.83,1785697199999,93657.05110,277,108.33,63879.77320,0
1785697200000,589.710,589.710,589.610,589.660,144.02,1785697259999,84920.25110,289,65.07,38367.19960,0
1785697260000,589.660,589.890,589.660,589.680,201.73,1785697319999,118975.75800,497,70.58,41624.47460,0
1785697320000,589.680,589.800,589.410,589.410,214.26,1785697379999,126339.46440,755,42.13,24844.60000,0
1785697380000,589.410,589.410,589.050,589.160,245.24,1785697439999,144492.83170,816,97.54,57462.80850,0
1785697440000,589.150,589.450,589.120,589.450,235.92,1785697499999,139010.20100,515,131.79,77657.96710,0
1785697500000,589.460,589.490,589.270,589.370,139.43,1785697559999,82172.42110,403,103.70,61115.06860,0
1785697560000,589.380,589.400,589.380,589.390,65.87,1785697619999,38823.00580,149,52.42,30895.73870,0
1785697620000,589.380,589.390,589.380,589.380,30.89,1785697679999,18206.04280,80,9.46,5575.62940,0
1785697680000,589.390,589.570,589.290,589.300,250.47,1785697739999,147633.20080,485,142.11,83763.35190,0
1785697740000,589.300,589.330,589.270,589.320,69.30,1785697799999,40837.86580,196,49.84,29370.28560,0
1785697800000,589.330,589.420,589.330,589.350,111.57,1785697859999,65756.83530,291,47.67,28094.67130,0
1785697860000,589.350,589.360,589.320,589.330,39.35,1785697919999,23191.01600,145,9.59,5651.96180,0
1785697920000,589.320,589.320,589.160,589.160,111.12,1785697979999,65474.82590,262,8.02,4725.31110,0
1785697980000,589.170,589.400,589.090,589.390,209.98,1785698039999,123705.22160,424,174.53,102820.57070,0
1785698040000,589.400,589.500,589.400,589.490,123.03,1785698099999,72519.42400,215,110.79,65304.30780,0
1785698100000,589.500,589.690,589.500,589.690,124.19,1785698159999,73217.74150,318,118.20,69686.51080,0
1785698160000,589.690,589.690,589.680,589.690,29.41,1785698219999,17342.70680,192,21.80,12855.24200,0
1785698220000,589.690,589.690,589.680,589.690,39.42,1785698279999,23245.30870,136,12.31,7259.08390,0
1785698280000,589.690,589.950,589.680,589.900,567.43,1785698339999,334624.21590,408,518.92,306006.73400,0
1785698340000,589.900,589.900,589.580,589.580,206.79,1785698399999,121950.55290,329,13.42,7913.59990,0
1785698400000,589.580,589.590,589.400,589.400,194.11,1785698459999,114424.86500,281,54.41,32077.71010,0
1785698460000,589.410,589.410,589.400,589.400,85.50,1785698519999,50393.77550,78,7.55,4450.04550,0
1785698520000,589.410,589.540,589.400,589.400,219.63,1785698579999,129458.78220,339,132.02,77815.82170,0
1785698580000,589.410,589.410,589.400,589.400,40.31,1785698639999,23758.88870,73,17.47,10296.99270,0
1785698640000,589.410,589.410,589.400,589.400,13.26,1785698699999,7815.51850,44,7.45,4391.10450,0
1785698700000,589.410,589.520,589.400,589.520,470.91,1785698759999,277556.56150,213,58.21,34310.69860,0
1785698760000,589.530,589.580,589.530,589.570,22.65,1785698819999,13353.51390,121,15.47,9120.52560,0
1785698820000,589.580,589.600,589.570,589.600,35.80,1785698879999,21107.18850,116,22.95,13531.03580,0
1785698880000,589.590,589.600,589.590,589.590,25.69,1785698939999,15146.76470,70,19.76,11650.49600,0
1785698940000,589.600,589.600,589.500,589.500,72.03,1785698999999,42467.41120,229,12.29,7245.90760,0
1785699000000,589.500,589.510,589.430,589.460,96.62,1785699059999,56954.41980,202,34.80,20513.48140,0
1785699060000,589.450,589.460,589.450,589.450,19.90,1785699119999,11730.15000,127,9.50,5599.87000,0
1785699120000,589.460,589.460,588.850,588.960,605.63,1785699179999,356866.56830,935,95.94,56508.14810,0
1785699180000,588.960,589.020,588.960,589.010,69.79,1785699239999,41104.87860,212,30.70,18081.98440,0
1785699240000,589.010,589.190,589.010,589.180,83.18,1785699299999,49000.02400,217,64.25,37848.23510,0
1785699300000,589.190,589.300,589.180,589.200,111.07,1785699359999,65445.96690,321,77.63,45741.45950,0
1785699360000,589.200,589.270,589.200,589.270,60.53,1785699419999,35666.76800,123,53.05,31259.12360,0
1785699420000,589.260,589.270,589.220,589.230,79.20,1785699479999,46668.03560,118,9.97,5874.62470,0
1785699480000,589.220,589.230,589.100,589.190,173.10,1785699539999,101981.32020,257,114.22,67290.06920,0
1785699540000,589.200,589.410,589.190,589.310,369.63,1785699599999,217834.49670,339,325.81,192007.08820,0
1785699600000,589.310,589.320,589.310,589.310,28.93,1785699659999,17048.95860,102,22.03,12982.71960,0
1785699660000,589.320,589.480,589.310,589.470,49.97,1785699719999,29453.63800,203,45.50,26818.74610,0
1785699720000,589.470,589.480,589.340,589.350,167.55,1785699779999,98750.40650,239,92.31,54403.00460,0
1785699780000,589.350,589.350,589.340,589.350,18.40,1785699839999,10843.94910,73,9.31,5486.84850,0
1785699840000,589.340,589.350,589.340,589.340,13.46,1785699899999,7932.63230,57,11.59,6830.56650,0
1785699900000,589.340,589.600,589.340,589.600,110.85,1785699959999,65335.87300,308,108.29,63826.79910,0
1785699960000,589.590,589.730,589.590,589.730,57.85,1785700019999,34112.26350,265,47.45,27979.37130,0
1785700020000,589.720,589.780,589.700,589.710,151.60,1785700079999,89406.52610,358,51.30,30253.48280,0
1785700080000,589.710,590.070,589.710,589.850,219.14,1785700139999,129284.46420,622,156.24,92174.84920,0
1785700140000,589.850,589.960,589.850,589.960,246.90,1785700199999,145642.00470,219,243.21,143465.45400,0
1785700200000,589.960,590.120,589.960,590.110,151.62,1785700259999,89465.27700,359,87.65,51718.74620,0
1785700260000,590.120,590.120,590.050,590.050,74.84,1785700319999,44163.31180,249,22.02,12994.34100,0
1785700320000,590.050,590.050,590.030,590.040,31.92,1785700379999,18833.96670,101,19.89,11735.89560,0
1785700380000,590.040,590.150,589.910,590.010,142.28,1785700439999,83953.98470,406,54.90,32393.22390,0
1785700440000,590.010,590.020,590.010,590.010,42.38,1785700499999,25004.72480,98,10.10,5959.20200,0
1785700500000,590.010,590.020,590.010,590.020,14.79,1785700559999,8726.35800,74,11.01,6496.12020,0
1785700560000,590.010,590.030,590.010,590.020,47.75,1785700619999,28173.50990,113,40.78,24061.09380,0
1785700620000,590.020,590.030,590.020,590.030,16.19,1785700679999,9552.52570,59,10.19,6012.40570,0
1785700680000,590.020,590.030,590.020,590.020,23.90,1785700739999,14101.60480,67,12.68,7481.58040,0
1785700740000,590.020,590.020,589.810,589.810,130.14,1785700799999,76773.01010,271,9.37,5526.82460,0
1785700800000,589.810,589.820,589.380,589.430,356.77,1785700859999,210350.11540,542,122.05,71946.85300,0
1785700860000,589.430,589.570,589.430,589.570,99.30,1785700919999,58538.24540,293,64.08,37775.46590,0
1785700920000,589.570,589.570,589.520,589.520,97.18,1785700979999,57293.36970,296,25.72,15163.67320,0
1785700980000,589.530,589.530,589.490,589.490,165.61,1785701039999,97627.61930,253,33.12,19524.25920,0
1785701040000,589.490,589.500,589.430,589.440,69.89,1785701099999,41197.60900,194,9.55,5629.69680,0
1785701100000,589.430,589.430,589.310,589.370,186.59,1785701159999,109968.09640,326,134.32,79161.26690,0
1785701160000,589.380,589.380,589.300,589.300,63.51,1785701219999,37430.42620,191,16.00,9430.08000,0
1785701220000,589.300,589.310,589.210,589.210,65.27,1785701279999,38461.08130,209,6.07,3576.69400,0
1785701280000,589.210,589.350,589.210,589.340,181.32,1785701339999,106846.90710,321,163.67,96445.92240,0
1785701340000,589.340,589.480,589.340,589.360,104.27,1785701399999,61459.73690,274,42.73,25184.41400,0
1785701400000,589.350,589.350,589.250,589.250,47.90,1785701459999,28227.75630,193,11.94,7035.98470,0
1785701460000,589.250,589.250,588.960,588.960,153.74,1785701519999,90569.69550,440,18.54,10920.78110,0
1785701520000,588.960,588.970,588.960,588.970,80.78,1785701579999,47576.43070,107,24.19,14247.18430,0
1785701580000,588.970,589.040,588.940,589.040,348.38,1785701639999,205183.41710,274,241.85,142441.34760,0
1785701640000,589.040,589.260,589.040,589.250,143.27,1785701699999,84404.08510,250,99.00,58323.69320,0
1785701700000,589.250,589.260,589.170,589.170,97.90,1785701759999,57685.69790,203,18.04,10630.14510,0
1785701760000,589.170,589.430,589.160,589.350,195.53,1785701819999,115220.45080,385,80.38,47365.68750,0
1785701820000,589.360,589.360,589.120,589.120,144.80,1785701879999,85320.56380,323,15.01,8843.45130,0
1785701880000,589.130,589.130,589.090,589.100,30.46,1785701939999,17944.63760,153,13.11,7723.47930,0
1785701940000,589.090,589.100,589.050,589.050,44.36,1785701999999,26131.07560,163,13.81,8134.99580,0
1785702000000,589.060,589.120,588.880,588.880,279.73,1785702059999,164768.71040,430,103.54,60990.82630,0
1785702060000,588.890,588.900,588.880,588.890,66.15,1785702119999,38954.93490,151,50.90,29974.51390,0
1785702120000,588.900,588.930,588.890,588.930,53.11,1785702179999,31276.75290,123,41.26,24298.22980,0
1785702180000,588.930,588.930,588.920,588.930,31.74,1785702239999,18692.42820,77,10.74,6325.10820,0
1785702240000,588.930,588.930,588.850,588.850,55.59,1785702299999,32736.65850,243,7.34,4322.28380,0
1785702300000,588.850,588.850,588.660,588.680,412.46,1785702359999,242810.06940,447,148.73,87554.90000,0
1785702360000,588.690,588.690,588.680,588.680,26.22,1785702419999,15435.37130,92,18.17,10696.49730,0
1785702420000,588.680,588.690,588.680,588.690,27.91,1785702479999,16430.25620,281,19.74,11620.74060,0
1785702480000,588.690,588.690,588.680,588.690,26.52,1785702539999,15611.86740,128,7.38,4344.53220,0
1785702540000,588.680,589.040,588.680,589.030,313.20,1785702599999,184417.37610,388,306.97,180749.89620,0
1785702600000,589.030,589.030,588.750,588.750,132.50,1785702659999,78028.14150,244,18.14,10681.28480,0
1785702660000,588.760,588.830,588.750,588.830,166.68,1785702719999,98135.12030,265,139.20,81956.26990,0
1785702720000,588.830,588.940,588.830,588.930,80.49,1785702779999,47398.54750,198,75.99,44748.53970,0
1785702780000,588.940,589.070,588.930,589.060,95.60,1785702839999,56308.23710,263,65.43,38539.30520,0
1785702840000,589.060,589.070,588.980,589.000,125.59,1785702899999,73976.10270,214,49.91,29396.68890,0
1785702900000,589.000,589.030,588.990,589.020,109.54,1785702959999,64520.32510,177,87.93,51791.67430,0
1785702960000,589.030,589.030,589.020,589.020,12.46,1785703019999,7339.22950,79,4.03,2373.79090,0
1785703020000,589.030,589.030,588.990,589.000,42.21,1785703079999,24861.96530,128,28.13,16568.75020,0
1785703080000,589.000,589.060,588.990,589.050,74.72,1785703139999,44010.87360,174,70.95,41790.23970,0
1785703140000,589.050,589.060,589.010,589.010,88.08,1785703199999,51883.30800,208,13.19,7769.70140,0
1785703200000,589.010,589.200,589.010,589.200,150.93,1785703259999,88909.51740,352,138.47,81569.45840,0
1785703260000,589.190,589.200,589.190,589.190,17.22,1785703319999,10145.95190,95,10.01,5897.89200,0
1785703320000,589.190,589.200,589.190,589.200,54.38,1785703379999,32040.36300,185,21.08,12420.33600,0
1785703380000,589.190,589.200,589.110,589.110,47.95,1785703439999,28251.03800,224,27.10,15966.96510,0
1785703440000,589.110,589.120,588.990,588.990,71.19,1785703499999,41935.44530,168,9.18,5407.76840,0
1785703500000,588.990,589.000,588.830,589.000,148.85,1785703559999,87658.68010,419,74.87,44089.94050,0
1785703560000,588.990,589.310,588.990,589.310,110.38,1785703619999,65039.14340,428,58.77,34627.34420,0
1785703620000,589.310,589.310,589.150,589.150,67.05,1785703679999,39509.36850,212,26.40,15557.25170,0
1785703680000,589.150,589.220,589.150,589.220,40.69,1785703739999,23973.14820,167,35.87,21133.44460,0
1785703740000,589.210,589.340,589.210,589.340,45.43,1785703799999,26771.81270,238,37.57,22139.89570,0
1785703800000,589.350,589.350,589.260,589.260,54.70,1785703859999,32234.86180,139,33.67,19841.20420,0
1785703860000,589.260,589.330,589.260,589.330,59.08,1785703919999,34815.61920,178,36.11,21279.03130,0
1785703920000,589.320,589.330,589.270,589.330,80.34,1785703979999,47344.41320,186,42.41,24991.68340,0
1785703980000,589.320,589.410,589.320,589.400,101.76,1785704039999,59973.18350,246,93.40,55046.10400,0
1785704040000,589.400,589.430,589.330,589.330,131.27,1785704099999,77370.21200,231,50.54,29788.88490,0
1785704100000,589.330,589.410,589.330,589.410,36.60,1785704159999,21571.14790,191,30.09,17734.37150,0
1785704160000,589.410,589.540,589.410,589.530,78.87,1785704219999,46489.54600,333,63.58,37477.20550,0
1785704220000,589.530,589.540,589.410,589.410,36.50,1785704279999,21517.28090,184,9.15,5394.27790,0
1785704280000,589.410,589.420,589.290,589.290,35.23,1785704339999,20763.61400,202,8.17,4815.53500,0
1785704340000,589.290,589.900,589.260,589.900,396.78,1785704399999,233941.13270,655,341.29,201217.59090,0
1785704400000,589.890,589.930,589.580,589.590,328.08,1785704459999,193505.19400,432,91.36,53884.37340,0
1785704460000,589.590,589.690,589.580,589.680,69.46,1785704519999,40954.78640,236,60.12,35448.02650,0
1785704520000,589.690,589.790,589.680,589.760,139.47,1785704579999,82250.74130,329,84.02,49548.49920,0
1785704580000,589.770,589.870,589.760,589.860,52.84,1785704639999,31165.68030,217,39.52,23309.52100,0
1785704640000,589.860,590.200,589.860,590.180,514.31,1785704699999,303432.25730,654,416.28,245604.59520,0
1785704700000,590.180,590.310,590.140,590.310,248.80,1785704759999,146849.29470,461,170.63,100709.23010,0
1785704760000,590.300,590.340,590.300,590.340,70.92,1785704819999,41864.76270,222,41.04,24226.57400,0
1785704820000,590.330,590.440,590.010,590.010,276.94,1785704879999,163470.72960,652,98.24,57998.69310,0
1785704880000,590.000,590.090,589.920,589.920,175.64,1785704939999,103629.37780,384,75.33,44445.14760,0
1785704940000,589.920,590.160,589.800,590.160,300.20,1785704999999,177107.25160,451,182.14,107469.32950,0
1785705000000,590.150,590.220,590.150,590.220,54.30,1785705059999,32047.01310,147,48.30,28505.95850,0
1785705060000,590.210,590.220,590.090,590.180,217.23,1785705119999,128198.80020,472,151.61,89470.70680,0
1785705120000,590.180,590.220,590.080,590.090,47.14,1785705179999,27820.86790,212,8.62,5087.41630,0
1785705180000,590.090,590.090,589.960,590.050,132.94,1785705239999,78438.98360,259,60.18,35508.21710,0
1785705240000,590.060,590.220,590.060,590.150,69.01,1785705299999,40726.00850,202,54.78,32327.64920,0
1785705300000,590.150,590.340,590.130,590.280,94.15,1785705359999,55573.97670,285,42.17,24890.70990,0
1785705360000,590.280,590.280,590.140,590.140,111.74,1785705419999,65945.88130,361,56.08,33095.43860,0
1785705420000,590.130,590.130,589.960,589.960,66.69,1785705479999,39347.53790,192,17.18,10135.95140,0
1785705480000,589.960,590.020,589.960,590.010,53.84,1785705539999,31764.87190,157,46.60,27493.21360,0
1785705540000,590.010,590.020,589.960,589.960,53.91,1785705599999,31806.58070,209,10.52,6206.77740,0
1785705600000,589.960,589.970,589.960,589.960,24.44,1785705659999,14418.71240,101,9.00,5309.73000,0
1785705660000,589.970,589.970,589.960,589.970,30.08,1785705719999,17746.26000,139,26.32,15528.01040,0
1785705720000,589.960,590.010,589.960,590.010,140.14,1785705779999,82678.52660,161,71.80,42360.50460,0
1785705780000,590.000,590.030,590.000,590.020,28.88,1785705839999,17039.88460,135,20.61,12160.44880,0
1785705840000,590.030,590.030,590.020,590.020,22.40,1785705899999,13216.61210,72,16.41,9682.39230,0
1785705900000,590.030,590.030,589.960,589.960,124.81,1785705959999,73635.99610,188,20.56,12130.72580,0
1785705960000,589.960,590.000,589.960,589.960,68.95,1785706019999,40679.30130,140,28.17,16619.57570,0
1785706020000,589.960,590.030,589.960,590.020,28.54,1785706079999,16838.89070,107,19.23,11345.85810,0
1785706080000,590.030,590.030,590.020,590.020,23.43,1785706139999,13824.27760,93,10.90,6431.32700,0
1785706140000,590.020,590.110,590.020,590.110,25.82,1785706199999,15234.76450,139,24.09,14214.02360,0
1785706200000,590.120,590.180,590.110,590.150,59.39,1785706259999,35049.79770,159,16.39,9672.56410,0
1785706260000,590.150,590.160,590.100,590.100,60.83,1785706319999,35898.11010,223,14.57,8598.38130,0
1785706320000,590.100,590.100,590.020,590.020,24.84,1785706379999,14656.76870,108,10.43,6154.09390,0
1785706380000,590.030,590.030,590.020,590.030,83.91,1785706439999,49508.84340,146,26.52,15647.59560,0
1785706440000,590.030,590.030,590.020,590.030,54.26,1785706499999,32014.69660,119,21.14,12473.23420,0
1785706500000,590.020,590.610,590.020,590.440,273.31,1785706559999,161354.84690,629,196.83,116190.97330,0
1785706560000,590.440,590.440,590.020,590.020,115.20,1785706619999,67999.01660,367,15.49,9140.95340,0
1785706620000,590.020,590.030,589.580,589.580,265.88,1785706679999,156833.89580,401,11.58,6832.04990,0
1785706680000,589.580,589.630,589.570,589.570,63.75,1785706739999,37586.57090,171,38.30,22581.66140,0
1785706740000,589.580,589.580,589.570,589.580,22.84,1785706799999,13465.91240,86,13.36,7876.78880,0
1785706800000,589.580,589.580,589.430,589.440,86.19,1785706859999,50809.22150,281,18.29,10781.61460,0
1785706860000,589.440,589.850,589.430,589.840,261.61,1785706919999,154249.19660,579,197.85,116645.90580,0
1785706920000,589.840,591.170,589.840,591.070,987.85,1785706979999,583707.67040,1348,677.78,400452.93180,0
1785706980000,591.080,591.140,590.610,590.610,320.01,1785707039999,189108.86400,560,119.54,70644.45140,0
1785707040000,590.620,590.620,590.570,590.590,53.87,1785707099999,31815.52660,204,42.39,25035.39120,0
1785707100000,590.580,591.150,590.580,591.110,328.05,1785707159999,193791.93700,642,290.79,171779.10120,0
1785707160000,591.100,591.190,590.910,590.920,172.26,1785707219999,101815.91880,445,48.63,28741.38020,0
1785707220000,590.910,590.920,590.760,590.760,219.99,1785707279999,129993.00410,257,156.32,92371.34440,0
1785707280000,590.750,590.750,590.450,590.510,87.33,1785707339999,51568.84600,310,55.23,32611.72070,0
1785707340000,590.520,590.580,590.450,590.450,144.60,1785707399999,85388.94930,311,91.60,54091.16840,0
1785707400000,590.460,590.520,590.290,590.350,179.77,1785707459999,106130.19030,306,73.15,43185.98340,0
1785707460000,590.350,590.360,590.300,590.310,178.81,1785707519999,105559.19030,199,26.00,15348.42600,0
1785707520000,590.310,590.350,590.300,590.340,196.76,1785707579999,116149.66360,213,124.62,73565.17810,0
1785707580000,590.350,590.370,589.910,590.040,368.38,1785707639999,217415.04790,654,86.39,50974.43150,0
1785707640000,590.040,590.160,590.040,590.150,38.78,1785707699999,22883.77620,170,30.00,17702.83240,0
1785707700000,590.160,590.230,589.950,589.970,170.32,1785707759999,100507.09190,435,37.95,22392.65830,0
1785707760000,589.980,590.210,589.970,590.100,175.32,1785707819999,103461.27850,301,79.85,47119.52340,0
1785707820000,590.110,590.110,589.850,589.980,262.21,1785707879999,154703.95300,452,160.35,94602.27080,0
1785707880000,589.980,590.210,589.820,590.040,262.07,1785707939999,154616.60700,569,165.73,97772.42980,0
1785707940000,590.030,590.120,590.030,590.110,93.64,1785707999999,55254.45200,160,33.40,19707.36640,0
1785708000000,590.110,590.900,590.060,590.630,549.11,1785708059999,324266.59570,1212,331.97,196029.43660,0
1785708060000,590.630,591.070,590.620,590.860,397.50,1785708119999,234844.48100,1054,318.38,188095.07530,0
1785708120000,590.860,591.070,590.560,591.070,163.01,1785708179999,96296.61510,814,119.94,70852.56050,0
1785708180000,591.060,591.180,591.000,591.160,193.26,1785708239999,114236.98710,717,145.33,85905.47380,0
1785708240000,591.150,591.200,590.990,591.000,94.63,1785708299999,55938.63780,587,41.04,24259.72940,0
1785708300000,590.990,591.040,590.850,590.970,175.45,1785708359999,103684.08970,408,105.18,62157.11150,0
1785708360000,590.980,591.040,590.880,590.890,84.70,1785708419999,50055.55080,346,44.99,26587.88620,0
1785708420000,590.880,590.890,590.530,590.540,188.65,1785708479999,111428.57330,567,76.32,45077.27740,0
1785708480000,590.540,590.660,590.420,590.420,113.99,1785708539999,67317.13390,326,45.40,26811.11890,0
1785708540000,590.420,590.670,590.420,590.670,57.10,1785708599999,33716.14140,253,45.19,26683.98350,0
1785708600000,590.680,591.080,590.680,590.900,240.14,1785708659999,141911.53950,602,189.02,111701.30080,0
1785708660000,590.900,591.090,590.900,591.050,105.81,1785708719999,62536.80930,299,76.47,45195.77120,0
1785708720000,591.050,591.050,590.670,590.740,62.62,1785708779999,37001.20670,348,14.69,8678.41370,0
1785708780000,590.740,590.830,590.630,590.760,214.65,1785708839999,126798.97500,427,69.33,40957.16230,0
1785708840000,590.760,590.770,590.610,590.610,155.26,1785708899999,91716.21230,293,125.61,74201.41850,0
1785708900000,590.600,590.660,590.460,590.660,43.25,1785708959999,25539.60620,269,20.27,11969.48110,0
1785708960000,590.650,591.050,590.650,591.050,56.71,1785709019999,33508.19840,306,40.11,23699.92790,0
1785709020000,591.040,591.040,590.770,590.770,92.95,1785709079999,54927.35420,468,17.19,10157.76270,0
1785709080000,590.770,590.780,590.230,590.250,136.52,1785709139999,80610.94730,503,34.54,20395.89970,0
1785709140000,590.250,590.390,590.170,590.230,94.65,1785709199999,55867.54230,428,34.54,20388.31670,0
1785709200000,590.230,590.290,590.190,590.280,147.61,1785709259999,87123.40980,305,34.73,20499.66020,0
1785709260000,590.280,590.280,590.120,590.260,135.75,1785709319999,80121.43600,327,105.03,61989.50910,0
1785709320000,590.260,590.270,589.920,590.060,175.51,1785709379999,103559.75400,570,39.99,23593.42620,0
1785709380000,590.070,590.170,590.030,590.070,88.52,1785709439999,52234.00670,308,55.75,32896.95470,0
1785709440000,590.070,590.080,589.900,589.900,68.08,1785709499999,40167.08870,256,10.00,5900.11460,0
1785709500000,589.900,589.900,589.800,589.810,49.82,1785709559999,29385.76490,196,14.15,8346.21340,0
1785709560000,589.810,589.870,589.250,589.290,388.30,1785709619999,228908.82630,802,59.68,35186.99270,0
1785709620000,589.290,589.340,589.190,589.300,162.93,1785709679999,96012.18310,376,104.26,61439.49320,0
1785709680000,589.310,589.430,589.310,589.390,59.16,1785709739999,34867.15880,315,37.73,22236.64920,0
1785709740000,589.400,589.480,589.400,589.450,89.35,1785709799999,52666.88200,333,51.92,30604.03710,0
1785709800000,589.450,589.460,589.290,589.300,56.28,1785709859999,33171.16300,254,5.99,3530.75940,0
1785709860000,589.300,589.300,589.050,589.070,276.49,1785709919999,162889.78540,580,52.52,30938.75960,0
1785709920000,589.070,589.110,589.010,589.020,132.61,1785709979999,78113.21080,297,17.83,10503.10650,0
1785709980000,589.020,589.050,588.840,588.930,346.19,1785710039999,203890.45800,771,190.89,112422.19720,0
1785710040000,588.920,589.120,588.710,588.730,338.43,1785710099999,199326.12080,632,178.10,104907.35000,0
1785710100000,588.730,588.740,588.550,588.560,188.61,1785710159999,111028.68330,516,40.35,23754.07040,0
1785710160000,588.560,588.740,588.440,588.580,847.09,1785710219999,498579.46430,791,586.97,345489.59530,0
1785710220000,588.580,588.650,588.510,588.590,120.62,1785710279999,70994.81870,394,45.49,26774.60100,0
1785710280000,588.600,588.840,588.590,588.600,252.95,1785710339999,148924.06680,488,163.77,96417.76010,0
1785710340000,588.590,588.590,588.130,588.280,678.54,1785710399999,399194.30820,1107,239.44,140856.11750,0
1785710400000,588.280,588.430,588.080,588.430,306.24,1785710459999,180137.89190,655,80.35,47263.56030,0
1785710460000,588.430,588.600,588.420,588.600,102.03,1785710519999,60046.62220,237,73.73,43391.15820,0
1785710520000,588.600,588.620,588.520,588.520,100.49,1785710579999,59148.61810,301,21.67,12755.06190,0
1785710580000,588.530,588.780,588.520,588.780,56.02,1785710639999,32975.46650,301,42.60,25075.01220,0
1785710640000,588.780,589.080,588.770,589.070,99.31,1785710699999,58480.77140,330,77.92,45883.76970,0
1785710700000,589.080,589.240,589.070,589.120,196.97,1785710759999,116048.54890,307,67.79,39937.90820,0
1785710760000,589.120,589.120,588.730,588.730,188.70,1785710819999,111137.72960,449,10.26,6041.55570,0
1785710820000,588.740,588.910,588.730,588.910,197.20,1785710879999,116113.74490,291,183.84,108247.62620,0
1785710880000,588.900,588.910,588.770,588.780,160.63,1785710939999,94592.45000,232,19.77,11641.08630,0
1785710940000,588.780,588.810,588.730,588.740,74.20,1785710999999,43687.55850,204,35.72,21031.08730,0
1785711000000,588.740,588.740,588.730,588.740,30.47,1785711059999,17938.76930,114,16.62,9784.85880,0
1785711060000,588.740,588.740,588.680,588.730,111.40,1785711119999,65582.80060,229,82.66,48662.97430,0
1785711120000,588.740,588.740,588.730,588.730,25.47,1785711179999,14995.05650,83,10.34,6087.57160,0
1785711180000,588.730,588.800,588.610,588.800,150.27,1785711239999,88464.04430,383,90.23,53117.11190,0
1785711240000,588.790,588.800,588.670,588.670,55.42,1785711299999,32629.69390,160,10.31,6070.50800,0
1785711300000,588.670,588.680,588.630,588.630,30.41,1785711359999,17901.40320,106,9.52,5604.23040,0
1785711360000,588.630,588.650,588.630,588.650,66.99,1785711419999,39432.95930,124,51.39,30250.26250,0
1785711420000,588.640,588.830,588.640,588.830,87.30,1785711479999,51390.91130,208,38.53,22682.80830,0
1785711480000,588.820,588.830,588.790,588.790,96.59,1785711539999,56873.94310,162,12.84,7560.40890,0
1785711540000,588.790,588.790,588.730,588.730,74.36,1785711599999,43780.07010,172,46.06,27118.23480,0
1785711600000,588.730,588.730,588.630,588.650,129.85,1785711659999,76439.25470,384,81.91,48217.24010,0
1785711660000,588.640,588.730,588.570,588.570,238.51,1785711719999,140401.67720,389,160.87,94697.52710,0
1785711720000,588.580,588.690,588.360,588.600,212.53,1785711779999,125080.01210,640,70.99,41778.91450,0
1785711780000,588.600,588.690,588.540,588.540,89.50,1785711839999,52681.41040,300,45.78,26946.89860,0
1785711840000,588.540,588.590,588.400,588.400,108.15,1785711899999,63649.39590,283,76.12,44799.24770,0
1785711900000,588.400,588.410,588.230,588.240,139.10,1785711959999,81836.81090,348,44.67,26280.69140,0
1785711960000,588.240,588.440,588.180,588.430,110.67,1785712019999,65103.54980,401,79.58,46816.00860,0
1785712020000,588.430,588.430,588.300,588.390,116.03,1785712079999,68268.81500,296,24.53,14432.00220,0
1785712080000,588.380,588.500,588.330,588.500,80.55,1785712139999,47394.73010,268,42.19,24825.24340,0
1785712140000,588.490,588.550,588.460,588.540,103.23,1785712199999,60748.71760,215,66.25,38986.87390,0
1785712200000,588.540,588.550,588.480,588.490,142.57,1785712259999,83903.77990,263,16.42,9663.85360,0
1785712260000,588.490,588.490,588.400,588.410,79.92,1785712319999,47027.43200,236,36.38,21406.64000,0
1785712320000,588.400,588.410,588.210,588.250,224.66,1785712379999,132166.81860,376,64.15,37736.63960,0
1785712380000,588.250,588.360,588.240,588.270,190.60,1785712439999,112128.94950,313,111.34,65500.16810,0
1785712440000,588.270,588.350,588.170,588.280,234.51,1785712499999,137959.08250,465,89.56,52686.83570,0
1785712500000,588.290,588.300,588.170,588.170,199.62,1785712559999,117424.03620,353,44.48,26166.29410,0
1785712560000,588.180,588.330,588.110,588.330,236.71,1785712619999,139231.97440,408,172.35,101378.35400,0
1785712620000,588.320,588.320,588.140,588.180,167.07,1785712679999,98271.51710,376,66.47,39097.00160,0
1785712680000,588.180,588.540,588.180,588.540,232.07,1785712739999,136525.46250,484,192.39,113184.25130,0
1785712740000,588.550,588.830,588.540,588.820,123.31,1785712799999,72595.79350,404,97.29,57275.48710,0
1785712800000,588.820,588.830,588.620,588.630,101.68,1785712859999,59859.39870,273,27.83,16383.73830,0
1785712860000,588.620,588.630,588.480,588.530,228.98,1785712919999,134765.79160,441,75.26,44294.48710,0
1785712920000,588.530,588.620,588.300,588.590,269.47,1785712979999,158575.40220,632,181.25,106659.68290,0
1785712980000,588.590,588.730,588.400,588.400,128.67,1785713039999,75729.61910,419,36.06,21225.09580,0
1785713040000,588.400,588.500,588.340,588.410,78.34,1785713099999,46095.61210,309,61.81,36369.49940,0
1785713100000,588.410,588.470,588.400,588.470,68.86,1785713159999,40519.97080,217,35.03,20612.43980,0
1785713160000,588.470,588.700,588.470,588.530,64.71,1785713219999,38089.37900,324,45.66,26875.49600,0
1785713220000,588.520,588.560,588.470,588.560,51.94,1785713279999,30567.91460,178,29.04,17090.67860,0
1785713280000,588.560,588.620,588.560,588.570,87.04,1785713339999,51230.58330,220,66.75,39288.31030,0
1785713340000,588.580,588.670,588.570,588.620,71.63,1785713399999,42162.35380,149,35.97,21171.82590,0
1785713400000,588.620,588.700,588.570,588.700,140.67,1785713459999,82804.53620,260,124.29,73162.99470,0
1785713460000,588.700,588.820,588.690,588.790,484.85,1785713519999,285452.34950,419,463.98,273164.50380,0
1785713520000,588.780,588.790,588.660,588.780,74.74,1785713579999,44001.61200,409,49.43,29100.25450,0
1785713580000,588.790,588.890,588.790,588.890,113.45,1785713639999,66804.57020,324,105.62,62193.82310,0
1785713640000,588.890,589.120,588.890,589.120,173.78,1785713699999,102361.91770,474,158.35,93272.17970,0
1785713700000,589.110,589.130,589.010,589.010,69.91,1785713759999,41183.67110,242,28.87,17007.53390,0
1785713760000,589.010,589.130,589.010,589.120,87.19,1785713819999,51361.46800,211,62.27,36682.24660,0
1785713820000,589.120,589.130,589.010,589.030,85.42,1785713879999,50319.03340,214,20.86,12287.89720,0
1785713880000,589.030,589.130,589.030,589.120,36.92,1785713939999,21749.90760,117,36.19,21319.85090,0
1785713940000,589.130,589.130,588.900,589.070,111.59,1785713999999,65729.23600,364,69.33,40836.47470,0
1785714000000,589.080,589.080,588.730,588.800,208.40,1785714059999,122716.85170,459,18.58,10940.41150,0
1785714060000,588.800,588.870,588.800,588.860,41.03,1785714119999,24159.30920,202,35.96,21174.03980,0
1785714120000,588.870,588.910,588.840,588.840,138.82,1785714179999,81747.13540,365,31.14,18337.80630,0
1785714180000,588.840,588.880,588.710,588.880,121.55,1785714239999,71568.30170,340,49.64,29229.09200,0
1785714240000,588.870,588.940,588.850,588.930,81.00,1785714299999,47699.40180,216,41.00,24144.71670,0
1785714300000,588.930,588.930,588.650,588.730,229.03,1785714359999,134839.81500,540,57.31,33737.38150,0
1785714360000,588.720,588.730,588.580,588.670,155.28,1785714419999,91405.53890,265,11.52,6781.00010,0
1785714420000,588.670,588.940,588.670,588.750,148.37,1785714479999,87362.83150,378,90.19,53103.21380,0
1785714480000,588.760,588.780,588.640,588.660,96.37,1785714539999,56733.39550,244,14.48,8524.63500,0
1785714540000,588.660,588.830,588.620,588.620,59.30,1785714599999,34912.24450,251,24.47,14405.40910,0
1785714600000,588.620,588.620,588.510,588.560,52.86,1785714659999,31110.76030,207,26.46,15572.61000,0
1785714660000,588.560,588.660,588.550,588.660,164.09,1785714719999,96582.66000,259,108.07,63609.88900,0
1785714720000,588.660,588.660,588.410,588.530,123.54,1785714779999,72707.35770,376,62.94,37041.50180,0
1785714780000,588.540,588.680,588.540,588.670,30.96,1785714839999,18223.56690,156,21.15,12448.77340,0
1785714840000,588.670,588.680,588.460,588.460,59.38,1785714899999,34949.85200,210,21.40,12595.24820,0
1785714900000,588.470,588.590,588.460,588.580,84.20,1785714959999,49553.46760,160,68.93,40567.43170,0
1785714960000,588.590,588.630,588.530,588.530,46.41,1785715019999,27316.67100,221,19.83,11671.87520,0
1785715020000,588.530,588.530,588.460,588.460,23.72,1785715079999,13958.67180,112,11.33,6667.37050,0
1785715080000,588.470,588.760,588.470,588.760,76.37,1785715139999,44952.42240,274,66.52,39153.88080,0
1785715140000,588.770,588.870,588.770,588.860,59.06,1785715199999,34776.85600,204,42.14,24814.08880,0
