open_time,open,high,low,close,volume,close_time,quote_volume,count,taker_buy_volume,taker_buy_quote_volume,ignore
1724544000000,580.430,583.800,575.300,578.740,124243.16,1724558399999,71877014.60800,169835,57678.88,33367553.89660,0
1724558400000,578.750,579.560,568.000,570.580,127189.73,1724572799999,72943569.47810,159064,57291.15,32863969.15930,0
1724572800000,570.580,575.500,568.470,573.840,75850.35,1724587199999,43436405.51780,124764,37411.04,21425249.91120,0
1724587200000,573.850,578.400,572.300,574.970,70280.29,1724601599999,40471053.98370,113511,33845.48,19492636.39000,0
1724601600000,574.960,576.980,572.920,575.310,43637.84,1724615999999,25103666.94800,82194,20370.28,11718606.25840,0
1724616000000,575.310,578.750,571.480,573.480,59857.82,1724630399999,34475492.50320,106895,28500.74,16416735.06040,0
