open_time,open,high,low,close,volume,close_time,quote_volume,count,taker_buy_volume,taker_buy_quote_volume,ignore
1790380800000,777.530,777.710,777.520,777.520,234.68,1790380859999,182491.68550,547,101.67,79060.35800,0
1790380860000,777.520,777.530,777.440,777.530,128.65,1790380919999,100021.89220,360,106.79,83026.51620,0
1790380920000,777.530,777.530,776.910,777.060,550.44,1790380979999,427757.66700,854,125.39,97442.91550,0
1790380980000,777.060,777.300,777.060,777.290,124.96,1790381039999,97113.72550,270,76.01,59070.52380,0
1790381040000,777.300,777.300,777.090,777.100,170.75,1790381099999,132715.75030,391,37.20,28913.22980,0
1790381100000,777.100,777.440,777.100,777.440,300.38,1790381159999,233484.89560,640,224.55,174537.32570,0
1790381160000,777.440,777.930,777.440,777.690,367.55,1790381219999,285856.10560,589,160.91,125134.17380,0
1790381220000,777.690,778.100,777.520,778.010,225.72,1790381279999,175580.78330,622,93.25,72538.07550,0
1790381280000,778.020,778.540,778.010,778.400,358.83,1790381339999,279299.32790,653,233.25,181536.13280,0
1790381340000,778.380,778.380,777.880,777.880,129.26,1790381399999,100581.44800,413,36.98,28774.04730,0
1790381400000,777.880,777.910,777.710,777.900,84.65,1790381459999,65841.94250,302,56.08,43618.85220,0
1790381460000,777.910,778.130,777.890,778.120,49.40,1790381519999,38431.21050,290,18.31,14244.57590,0
1790381520000,778.120,778.130,777.720,777.720,291.48,1790381579999,226750.53840,468,31.05,24153.76690,0
1790381580000,777.730,778.120,777.610,778.020,157.83,1790381639999,122769.36590,468,75.58,58790.43310,0
1790381640000,778.030,778.030,777.750,777.750,62.67,1790381699999,48752.24810,256,8.77,6822.15290,0
1790381700000,777.750,778.010,777.750,777.890,71.62,1790381759999,55713.69880,381,28.01,21787.95350,0
1790381760000,777.880,777.890,777.530,777.530,64.56,1790381819999,50213.02060,330,2.46,1913.44080,0
1790381820000,777.540,777.820,777.530,777.770,52.45,1790381879999,40791.47060,345,37.27,28984.95300,0
1790381880000,777.770,777.890,777.770,777.870,54.39,1790381939999,42308.31460,213,42.56,33106.06930,0
1790381940000,777.880,777.880,777.670,777.670,56.64,1790381999999,44054.20720,298,7.67,5965.55050,0
1790382000000,777.680,777.950,777.670,777.940,261.04,1790382059999,203057.58270,324,239.01,185922.73600,0
1790382060000,777.940,778.070,777.940,778.070,40.90,1790382119999,31820.55540,288,25.25,19644.80660,0
1790382120000,778.070,778.080,777.810,777.890,61.06,1790382179999,47503.08870,295,15.64,12165.83340,0
1790382180000,777.880,777.880,777.620,777.680,56.01,1790382239999,43560.76280,358,13.69,10646.16490,0
1790382240000,777.690,777.730,777.680,777.680,51.65,1790382299999,40167.99190,185,13.07,10164.45340,0
1790382300000,777.690,777.810,777.690,777.750,175.35,1790382359999,136382.38490,348,39.05,30369.67500,0
1790382360000,777.740,777.750,777.530,777.570,65.71,1790382419999,51100.58780,262,27.85,21658.28390,0
1790382420000,777.580,777.660,777.370,777.380,76.01,1790382479999,59099.87150,370,32.18,25019.61010,0
1790382480000,777.390,777.410,777.210,777.360,124.87,1790382539999,97062.92780,515,51.33,39898.68940,0
1790382540000,777.370,777.400,777.360,777.370,50.37,1790382599999,39156.78630,203,27.84,21642.26830,0
1790382600000,777.360,777.420,777.310,777.420,115.83,1790382659999,90042.43820,283,105.77,82222.16940,0
1790382660000,777.420,777.420,776.370,776.370,446.62,1790382719999,347024.59210,1146,63.46,49313.48350,0
1790382720000,776.370,776.440,776.080,776.090,997.77,1790382779999,774507.59260,1269,710.72,551683.35940,0
1790382780000,776.090,776.090,775.790,775.790,350.12,1790382839999,271675.13080,644,44.92,34854.00880,0
1790382840000,775.790,775.900,775.560,775.730,385.72,1790382899999,299219.73830,716,149.98,116342.18190,0
1790382900000,775.730,775.880,775.500,775.520,253.36,1790382959999,196518.32420,733,82.39,63906.20890,0
1790382960000,775.520,775.670,775.370,775.370,402.48,1790383019999,312137.38560,657,93.98,72881.61650,0
1790383020000,775.360,775.590,775.170,775.280,566.36,1790383079999,439188.80770,783,213.88,165863.71040,0
1790383080000,775.290,775.590,775.230,775.490,111.83,1790383139999,86714.94000,476,63.42,49179.00430,0
1790383140000,775.500,775.680,775.280,775.680,229.78,1790383199999,178188.93680,611,160.33,124334.77580,0
1790383200000,775.690,776.100,775.550,776.090,185.23,1790383259999,143706.67180,729,158.86,123248.11670,0
1790383260000,776.100,776.110,776.040,776.080,65.65,1790383319999,50949.71800,254,18.64,14465.72650,0
1790383320000,776.080,776.470,776.070,776.460,240.53,1790383379999,186723.03590,506,112.95,87675.63230,0
1790383380000,776.460,776.500,776.380,776.420,42.99,1790383439999,33379.47570,276,25.24,19597.24590,0
1790383440000,776.420,776.430,776.030,776.030,73.70,1790383499999,57209.91610,305,17.79,13809.49190,0
1790383500000,776.040,776.140,776.030,776.130,81.30,1790383559999,63094.44770,325,59.54,46206.60920,0
1790383560000,776.140,776.710,776.140,776.710,117.27,1790383619999,91055.48930,582,99.27,77078.35550,0
1790383620000,776.720,776.900,776.540,776.650,132.10,1790383679999,102601.11920,526,88.20,68500.90650,0
1790383680000,776.650,776.720,776.380,776.380,52.54,1790383739999,40801.74010,338,17.67,13722.54040,0
1790383740000,776.380,776.730,776.360,776.730,96.24,1790383799999,74729.38160,466,85.68,66529.80120,0
1790383800000,776.740,777.000,776.740,777.000,83.18,1790383859999,64623.07850,321,44.38,34477.29900,0
1790383860000,777.000,777.000,776.930,776.990,88.60,1790383919999,68840.04970,274,21.70,16860.17960,0
1790383920000,776.990,777.040,776.400,776.420,101.08,1790383979999,78515.93290,592,32.06,24902.73500,0
1790383980000,776.420,776.510,776.310,776.460,143.53,1790384039999,111435.23060,404,40.76,31646.60740,0
1790384040000,776.470,776.750,776.460,776.520,61.01,1790384099999,47378.39070,400,37.86,29400.11730,0
1790384100000,776.520,776.970,776.520,776.970,33.36,1790384159999,25913.75970,337,28.43,22084.60080,0
1790384160000,776.960,776.970,776.610,776.610,54.52,1790384219999,42353.48690,238,2.20,1708.80780,0
1790384220000,776.620,776.630,776.460,776.470,20.07,1790384279999,15585.81130,164,2.05,1592.01180,0
1790384280000,776.470,776.520,776.320,776.320,65.53,1790384339999,50879.83260,258,12.67,9838.11540,0
1790384340000,776.330,776.500,776.160,776.440,79.00,1790384399999,61333.34770,411,48.82,37902.56620,0
1790384400000,776.440,776.600,776.280,776.570,202.26,1790384459999,157047.39620,558,149.13,115792.61970,0
1790384460000,776.580,776.900,776.580,776.890,50.76,1790384519999,39427.73170,390,45.98,35714.83030,0
1790384520000,776.900,777.010,776.760,776.820,81.41,1790384579999,63248.01810,450,35.69,27726.74120,0
1790384580000,776.830,777.080,776.820,777.070,84.24,1790384639999,65445.34240,260,68.40,53140.27880,0
1790384640000,777.080,777.160,776.500,776.500,242.69,1790384699999,188543.21690,579,19.33,15013.84830,0
1790384700000,776.500,776.750,776.460,776.740,66.75,1790384759999,51835.77980,374,54.40,42245.18950,0
1790384760000,776.750,776.920,776.620,776.850,108.37,1790384819999,84178.87910,543,50.58,39287.22610,0
1790384820000,776.850,776.860,776.470,776.520,30.50,1790384879999,23685.87840,279,11.55,8968.50090,0
1790384880000,776.530,776.530,776.370,776.490,44.12,1790384939999,34257.58610,321,20.91,16235.65220,0
1790384940000,776.500,776.500,776.180,776.180,142.11,1790384999999,110323.19530,399,11.74,9113.31820,0
1790385000000,776.180,776.500,776.160,776.360,159.46,1790385059999,123793.41320,446,112.49,87325.64710,0
1790385060000,776.370,776.430,776.200,776.260,88.09,1790385119999,68387.89510,399,38.90,30201.01660,0
1790385120000,776.260,776.320,775.810,776.050,319.09,1790385179999,247631.54660,706,42.37,32876.76520,0
1790385180000,776.060,776.070,776.050,776.070,13.97,1790385239999,10841.53930,134,11.98,9297.19980,0
1790385240000,776.070,776.200,776.070,776.200,46.31,1790385299999,35942.97860,245,36.23,28119.38850,0
1790385300000,776.200,776.310,776.150,776.260,101.92,1790385359999,79115.34590,340,30.63,23775.21320,0
1790385360000,776.260,776.730,776.250,776.730,77.58,1790385419999,60239.14630,414,59.09,45882.56560,0
1790385420000,776.720,776.730,776.650,776.660,89.45,1790385479999,69475.89250,319,26.13,20294.85020,0
1790385480000,776.660,776.660,776.160,776.260,70.75,1790385539999,54931.16820,442,16.44,12761.17190,0
1790385540000,776.260,776.550,776.250,776.250,208.13,1790385599999,161599.36530,431,30.28,23510.76860,0
1790385600000,776.250,776.460,776.250,776.460,74.19,1790385659999,57597.31140,405,38.27,29710.13170,0
1790385660000,776.470,776.620,776.460,776.530,50.43,1790385719999,39162.22480,292,22.78,17689.72030,0
1790385720000,776.530,776.680,776.520,776.540,217.84,1790385779999,169168.85000,507,143.15,111163.45560,0
1790385780000,776.540,776.540,776.010,776.250,125.77,1790385839999,97642.31040,634,33.36,25892.84190,0
1790385840000,776.250,776.310,776.170,776.180,34.37,1790385899999,26679.26430,292,10.81,8391.07910,0
1790385900000,776.180,776.440,776.060,776.060,55.72,1790385959999,43252.23280,394,31.32,24311.56960,0
1790385960000,776.060,776.220,775.920,776.210,27.96,1790386019999,21698.42960,258,17.12,13285.86150,0
1790386020000,776.210,776.210,776.040,776.050,23.48,1790386079999,18223.45300,236,7.06,5479.00860,0
1790386080000,776.070,776.080,775.940,776.080,28.79,1790386139999,22341.79080,252,12.26,9513.66240,0
1790386140000,776.070,776.080,775.780,775.800,58.47,1790386199999,45369.46300,327,10.72,8316.62870,0
1790386200000,775.800,775.910,775.800,775.910,54.66,1790386259999,42407.64130,203,52.14,40452.60850,0
1790386260000,775.910,776.160,775.900,776.070,69.00,1790386319999,53548.40900,406,42.27,32802.48740,0
1790386320000,776.060,776.160,776.040,776.040,49.21,1790386379999,38191.59960,274,25.22,19573.05560,0
1790386380000,776.050,776.050,775.980,775.990,49.49,1790386439999,38405.37190,149,6.55,5082.78070,0
1790386440000,775.990,776.160,775.990,776.160,31.61,1790386499999,24530.52610,258,23.09,17918.66930,0
1790386500000,776.150,776.230,776.140,776.140,53.46,1790386559999,41494.45750,243,9.89,7676.29500,0
1790386560000,776.140,776.470,776.140,776.470,69.34,1790386619999,53827.28890,361,59.39,46103.92460,0
1790386620000,776.470,776.640,776.460,776.640,48.53,1790386679999,37686.59950,322,32.02,24865.44620,0
1790386680000,776.650,776.920,776.640,776.920,187.22,1790386739999,145438.96380,477,72.90,56629.17200,0
1790386740000,776.910,777.050,776.910,777.020,169.07,1790386799999,131368.17070,263,148.40,115307.38620,0
1790386800000,777.020,777.460,777.020,777.210,407.57,1790386859999,316803.96790,809,349.03,271299.13560,0
1790386860000,777.210,777.460,777.160,777.410,210.26,1790386919999,163447.28710,497,135.49,105321.72390,0
1790386920000,777.410,777.420,777.070,777.070,167.87,1790386979999,130475.52410,429,18.62,14471.50010,0
1790386980000,777.060,777.060,777.000,777.000,20.51,1790387039999,15936.96070,116,6.01,4669.83010,0
1790387040000,777.010,777.010,776.810,776.830,66.02,1790387099999,51292.74030,284,9.69,7527.96680,0
1790387100000,776.840,776.910,776.830,776.900,49.34,1790387159999,38331.08720,261,31.48,24455.92930,0
1790387160000,776.900,777.450,776.900,777.280,298.26,1790387219999,231831.54150,483,292.14,227074.96240,0
1790387220000,777.280,777.440,777.180,777.270,321.01,1790387279999,249524.48070,627,91.90,71435.65590,0
1790387280000,777.270,777.280,776.920,776.920,39.26,1790387339999,30509.14640,268,6.94,5392.03070,0
1790387340000,776.910,776.920,776.700,776.710,59.58,1790387399999,46279.98670,208,14.41,11192.45170,0
1790387400000,776.710,776.810,776.710,776.800,33.69,1790387459999,26170.02770,167,27.04,21004.38780,0
1790387460000,776.810,776.810,776.500,776.500,203.15,1790387519999,157785.90760,491,31.43,24409.45980,0
1790387520000,776.510,776.700,776.500,776.690,67.84,1790387579999,52684.23250,288,37.63,29222.82090,0
1790387580000,776.700,776.830,776.650,776.690,47.54,1790387639999,36927.17110,344,15.69,12186.94010,0
1790387640000,776.700,776.780,776.630,776.780,149.93,1790387699999,116450.54880,356,128.30,99650.93900,0
1790387700000,776.790,776.900,776.600,776.600,230.68,1790387759999,179176.57340,393,14.61,11348.46770,0
1790387760000,776.600,776.600,776.340,776.340,30.13,1790387819999,23395.77650,346,10.47,8130.03790,0
1790387820000,776.340,776.350,776.260,776.260,27.87,1790387879999,21636.56720,176,6.31,4898.76850,0
1790387880000,776.260,776.360,776.260,776.360,37.34,1790387939999,28985.82020,200,12.17,9447.33560,0
1790387940000,776.370,776.430,776.370,776.420,19.58,1790387999999,15201.93490,124,11.29,8765.62150,0
1790388000000,776.420,776.500,775.890,775.900,136.88,1790388059999,106251.19770,557,19.17,14883.38240,0
1790388060000,775.900,775.900,775.220,775.380,549.00,1790388119999,425732.39660,1225,103.57,80318.49080,0
1790388120000,775.380,775.520,775.140,775.220,409.09,1790388179999,317155.28390,741,55.87,43312.27000,0
1790388180000,775.230,775.870,775.230,775.870,151.58,1790388239999,117551.94760,524,118.47,91874.17840,0
1790388240000,775.870,775.870,775.710,775.790,45.10,1790388299999,34987.55870,223,28.72,22279.35970,0
1790388300000,775.780,776.180,775.770,775.860,164.16,1790388359999,127385.06920,545,85.47,66321.84770,0
1790388360000,775.850,776.250,775.850,776.240,48.85,1790388419999,37907.46000,377,42.66,33104.40680,0
1790388420000,776.240,776.250,776.020,776.240,113.14,1790388479999,87812.00470,443,80.23,62267.33830,0
1790388480000,776.240,776.240,775.920,775.940,211.41,1790388539999,164071.57860,559,20.76,16110.87610,0
1790388540000,775.940,776.090,775.920,776.090,179.20,1790388599999,139055.63840,448,106.17,82387.78220,0
1790388600000,776.090,776.390,776.090,776.110,99.08,1790388659999,76910.24170,481,62.71,48675.56120,0
1790388660000,776.120,776.350,776.060,776.280,119.25,1790388719999,92565.71780,528,44.60,34619.23840,0
1790388720000,776.290,776.580,776.280,776.500,164.50,1790388779999,127731.01950,641,93.42,72539.76810,0
1790388780000,776.500,776.640,776.500,776.640,105.23,1790388839999,81721.35760,270,63.56,49360.46030,0
1790388840000,776.630,777.000,776.630,776.990,158.39,1790388899999,123046.94880,454,105.57,82008.05220,0
1790388900000,776.990,777.150,776.950,776.960,322.54,1790388959999,250632.92570,620,235.09,182680.94720,0
1790388960000,776.970,777.210,776.960,777.210,90.37,1790389019999,70227.96020,366,63.75,49540.08820,0
1790389020000,777.200,777.210,776.840,776.840,44.02,1790389079999,34205.77690,335,5.97,4638.52640,0
1790389080000,776.850,777.300,776.840,777.300,216.83,1790389139999,168501.24380,792,166.90,129699.54160,0
1790389140000,777.250,777.300,777.170,777.170,112.76,1790389199999,87643.09450,223,12.03,9350.88190,0
1790389200000,777.160,777.160,776.690,776.690,100.91,1790389259999,78398.12120,420,17.33,13465.10170,0
1790389260000,776.700,776.700,776.420,776.480,173.88,1790389319999,135027.69840,305,3.13,2430.88400,0
1790389320000,776.480,776.630,776.430,776.630,111.55,1790389379999,86613.48840,336,33.63,26112.75510,0
1790389380000,776.640,776.640,776.290,776.290,165.15,1790389439999,128231.70400,326,1.96,1521.94000,0
1790389440000,776.290,776.300,776.060,776.060,136.21,1790389499999,105731.45940,297,6.18,4797.10590,0
1790389500000,776.060,776.580,776.060,776.480,97.72,1790389559999,75859.29970,489,71.99,55879.54760,0
1790389560000,776.470,776.470,776.250,776.260,160.90,1790389619999,124913.73370,491,14.71,11419.52950,0
1790389620000,776.270,776.270,776.260,776.260,16.05,1790389679999,12459.02260,101,4.96,3850.29920,0
1790389680000,776.260,776.430,776.090,776.100,224.91,1790389739999,174587.88870,492,61.83,48001.20330,0
1790389740000,776.090,776.100,775.960,775.960,61.90,1790389799999,48035.59960,173,27.12,21044.56510,0
1790389800000,775.960,775.970,775.750,775.800,117.05,1790389859999,90811.68040,347,30.79,23886.19010,0
1790389860000,775.810,775.970,775.660,775.660,163.61,1790389919999,126937.00330,448,53.05,41158.83080,0
1790389920000,775.670,775.780,775.660,775.680,162.11,1790389979999,125753.01820,407,57.88,44898.93000,0
1790389980000,775.680,775.690,775.600,775.620,119.98,1790390039999,93061.21090,313,52.05,40370.81640,0
1790390040000,775.630,776.000,775.620,775.990,86.61,1790390099999,67185.95100,379,77.93,60452.60170,0
1790390100000,775.990,776.010,775.710,775.710,42.37,1790390159999,32876.10160,226,10.14,7867.91420,0
1790390160000,775.710,775.710,775.620,775.630,45.82,1790390219999,35542.03970,132,20.00,15514.11620,0
1790390220000,775.620,775.860,775.620,775.830,120.94,1790390279999,93815.88540,406,85.42,66258.91830,0
1790390280000,775.830,775.840,775.620,775.730,99.12,1790390339999,76891.44410,372,15.32,11883.40030,0
1790390340000,775.730,775.730,775.220,775.420,234.27,1790390399999,181640.18380,573,57.90,44892.36980,0
1790390400000,775.420,775.810,775.420,775.520,221.55,1790390459999,171853.67290,601,184.35,142999.72860,0
1790390460000,775.520,775.540,775.400,775.420,166.03,1790390519999,128752.70990,349,11.98,9290.15920,0
1790390520000,775.430,775.690,775.350,775.590,361.12,1790390579999,280049.49090,623,207.18,160663.99310,0
1790390580000,775.590,775.660,775.580,775.640,33.98,1790390639999,26355.68890,195,20.51,15907.90720,0
1790390640000,775.640,775.790,775.610,775.620,179.74,1790390699999,139425.06770,439,42.20,32733.86720,0
1790390700000,775.630,775.630,775.490,775.500,43.51,1790390759999,33745.08360,196,8.46,6561.25480,0
1790390760000,775.500,775.690,775.410,775.610,193.21,1790390819999,149849.51930,542,86.27,66909.17840,0
1790390820000,775.620,775.760,775.620,775.750,44.47,1790390879999,34496.05850,193,34.61,26847.16350,0
1790390880000,775.760,775.760,775.490,775.530,168.99,1790390939999,131075.08050,429,36.14,28031.07380,0
1790390940000,775.530,775.820,775.530,775.660,137.22,1790390999999,106442.48050,512,69.31,53760.59200,0
1790391000000,775.650,775.650,775.560,775.620,18.38,1790391059999,14255.75240,137,7.78,6034.12300,0
1790391060000,775.620,775.620,775.480,775.480,57.41,1790391119999,44526.08020,271,29.98,23252.51590,0
1790391120000,775.480,775.490,775.350,775.350,113.33,1790391179999,87877.66280,217,102.35,79363.43630,0
1790391180000,775.350,775.350,775.090,775.240,254.86,1790391239999,197565.69690,494,78.00,60465.98360,0
1790391240000,775.250,775.250,775.160,775.210,49.25,1790391299999,38177.43550,184,34.32,26603.86070,0
1790391300000,775.220,775.220,775.210,775.210,21.10,1790391359999,16357.08980,144,15.88,12310.49360,0
1790391360000,775.220,775.620,775.220,775.610,149.46,1790391419999,115886.91970,419,147.89,114669.41950,0
1790391420000,775.610,775.670,775.560,775.560,47.01,1790391479999,36462.87020,211,17.95,13922.45150,0
1790391480000,775.560,775.570,775.490,775.530,35.64,1790391539999,27640.57830,239,11.35,8802.33990,0
1790391540000,775.540,775.590,775.340,775.450,51.49,1790391599999,39927.81300,329,25.34,19649.51050,0
1790391600000,775.450,775.460,775.340,775.400,57.96,1790391659999,44940.99510,309,30.69,23795.90210,0
1790391660000,775.400,775.400,775.270,775.270,37.08,1790391719999,28749.88970,241,8.86,6869.78690,0
1790391720000,775.270,775.280,775.160,775.200,88.70,1790391779999,68762.73460,342,42.48,32931.52460,0
1790391780000,775.190,775.280,775.190,775.280,108.22,1790391839999,83893.99770,317,49.11,38071.43870,0
1790391840000,775.280,775.530,775.280,775.310,122.98,1790391899999,95360.94120,381,94.69,73424.14270,0
1790391900000,775.310,775.370,775.310,775.360,35.70,1790391959999,27679.82030,166,14.58,11304.36060,0
1790391960000,775.360,775.600,775.320,775.600,84.26,1790392019999,65334.44760,380,59.94,46477.80550,0
1790392020000,775.600,775.610,775.590,775.610,8.92,1790392079999,6918.37330,110,5.22,4048.65760,0
1790392080000,775.600,775.650,775.600,775.640,23.94,1790392139999,18568.54860,203,21.23,16466.58570,0
1790392140000,775.640,775.650,775.640,775.640,23.70,1790392199999,18382.82700,156,16.06,12456.93740,0
1790392200000,775.640,775.640,775.210,775.210,80.13,1790392259999,62137.40480,431,9.95,7715.21380,0
1790392260000,775.210,775.220,774.820,774.990,1026.05,1790392319999,795307.84470,804,171.70,133088.86440,0
1790392320000,774.980,775.060,774.980,775.000,95.47,1790392379999,73991.75960,294,26.17,20281.92940,0
1790392380000,775.000,775.010,774.820,774.820,61.87,1790392439999,47947.45860,253,13.64,10570.86550,0
1790392440000,774.830,775.110,774.770,775.110,153.11,1790392499999,118636.98370,462,92.45,71636.94400,0
1790392500000,775.100,775.140,774.870,774.870,76.17,1790392559999,59033.21630,394,25.04,19408.04710,0
1790392560000,774.880,774.960,774.800,774.960,161.50,1790392619999,125142.84220,345,45.54,35287.31130,0
1790392620000,774.950,775.000,774.860,774.870,54.33,1790392679999,42100.88830,243,6.65,5153.42080,0
1790392680000,774.870,774.870,774.810,774.870,51.11,1790392739999,39602.06410,234,32.38,25089.19430,0
1790392740000,774.860,775.000,774.810,774.990,245.42,1790392799999,190161.77040,393,218.65,169418.94890,0
1790392800000,775.000,775.120,774.990,775.100,93.02,1790392859999,72097.20300,250,63.99,49595.79600,0
1790392860000,775.090,775.260,775.010,775.260,62.27,1790392919999,48263.87900,304,38.28,29669.54980,0
1790392920000,775.260,775.380,775.250,775.310,81.25,1790392979999,62994.68100,327,53.04,41121.97910,0
1790392980000,775.320,775.320,775.020,775.080,187.31,1790393039999,145190.51970,335,47.08,36489.14420,0
1790393040000,775.080,775.290,775.080,775.230,83.73,1790393099999,64909.11880,242,63.59,49295.50300,0
1790393100000,775.230,775.450,775.230,775.310,75.80,1790393159999,58770.72170,341,44.42,34439.05020,0
1790393160000,775.300,775.490,775.300,775.400,314.90,1790393219999,244170.67750,480,238.05,184581.21430,0
1790393220000,775.390,775.400,775.150,775.330,191.60,1790393279999,148546.89330,452,97.63,75686.09380,0
1790393280000,775.330,775.670,775.330,775.580,223.50,1790393339999,173329.04480,401,183.98,142685.63050,0
1790393340000,775.580,775.590,775.570,775.580,22.79,1790393399999,17675.48100,140,15.43,11967.26460,0
1790393400000,775.590,776.190,775.580,776.150,313.93,1790393459999,243558.74990,639,255.81,198456.60740,0
1790393460000,776.140,776.150,776.100,776.100,83.75,1790393519999,65000.58790,170,34.42,26713.95900,0
1790393520000,776.100,776.290,776.060,776.270,195.14,1790393579999,151448.81980,493,161.32,125200.28050,0
1790393580000,776.270,776.270,775.950,775.960,92.65,1790393639999,71907.11590,327,35.15,27278.74370,0
1790393640000,775.960,775.970,775.650,775.710,168.53,1790393699999,130742.41000,339,10.03,7780.99520,0
1790393700000,775.710,775.760,775.670,775.760,83.35,1790393759999,64653.66700,196,72.99,56617.50400,0
1790393760000,775.760,775.850,775.690,775.700,39.97,1790393819999,31007.16620,260,15.70,12179.71430,0
1790393820000,775.700,775.700,775.620,775.620,12.30,1790393879999,9540.63050,147,0.69,535.20120,0
1790393880000,775.620,775.730,775.620,775.680,63.63,1790393939999,49356.26460,312,32.75,25402.63420,0
1790393940000,775.680,775.940,775.590,775.590,238.90,1790393999999,185328.36670,493,93.96,72894.22360,0
1790394000000,775.580,775.590,775.500,775.500,31.35,1790394059999,24313.08310,156,10.91,8460.83010,0
1790394060000,775.500,775.510,775.440,775.440,51.90,1790394119999,40247.36330,164,12.39,9608.20580,0
1790394120000,775.440,775.450,775.150,775.150,71.81,1790394179999,55670.42500,276,13.12,10170.69470,0
1790394180000,775.160,775.160,775.030,775.120,103.36,1790394239999,80110.06430,272,92.42,71630.30690,0
1790394240000,775.120,775.130,774.960,774.970,169.11,1790394299999,131076.22230,307,39.44,30570.59930,0
1790394300000,774.970,775.030,774.900,774.900,177.94,1790394359999,137894.72240,439,100.98,78251.60350,0
1790394360000,774.900,774.910,774.900,774.910,15.45,1790394419999,11972.28520,135,8.02,6214.77820,0
1790394420000,774.910,775.110,774.900,775.050,44.88,1790394479999,34783.18970,329,28.26,21901.15630,0
1790394480000,775.060,775.060,774.900,774.900,21.97,1790394539999,17027.15620,231,4.39,3402.49210,0
1790394540000,774.900,774.910,774.510,774.680,593.23,1790394599999,459572.45090,534,58.54,45350.18880,0
1790394600000,774.690,774.780,774.680,774.750,106.51,1790394659999,82515.10660,281,101.04,78277.52920,0
1790394660000,774.760,774.770,774.760,774.760,31.50,1790394719999,24405.00750,182,9.42,7298.30670,0
1790394720000,774.760,774.770,774.230,774.550,347.49,1790394779999,269106.95760,663,43.89,33993.80200,0
1790394780000,774.550,774.740,774.550,774.740,140.93,1790394839999,109168.21740,381,65.22,50521.90460,0
1790394840000,774.730,774.820,774.720,774.730,54.56,1790394899999,42270.83740,240,28.94,22421.66000,0
1790394900000,774.720,774.730,774.710,774.710,22.21,1790394959999,17206.51480,108,9.03,6995.77820,0
1790394960000,774.710,774.770,774.710,774.770,33.89,1790395019999,26256.03450,180,22.45,17392.89860,0
1790395020000,774.770,774.820,774.760,774.810,14.30,1790395079999,11079.59240,108,7.27,5632.68560,0
1790395080000,774.820,774.820,774.690,774.690,72.32,1790395139999,56031.82670,289,1.20,929.73390,0
1790395140000,774.700,774.700,774.450,774.540,87.45,1790395199999,67733.95000,337,39.49,30583.93010,0
1790395200000,774.540,774.650,774.540,774.640,41.40,1790395259999,32069.42850,240,27.36,21193.75640,0
1790395260000,774.640,775.080,774.640,774.900,229.52,1790395319999,177862.55020,775,73.28,56781.74180,0
1790395320000,774.890,774.900,774.560,774.870,211.51,1790395379999,163866.04070,797,108.39,83972.00630,0
1790395380000,774.870,775.050,774.860,774.950,66.23,1790395439999,51323.72220,379,39.80,30840.96600,0
1790395440000,774.950,774.960,774.560,774.600,149.10,1790395499999,115517.77730,526,17.21,13332.03460,0
1790395500000,774.610,774.770,774.560,774.740,177.74,1790395559999,137691.25790,487,114.10,88392.42800,0
1790395560000,774.740,775.060,774.730,775.060,75.41,1790395619999,58437.09900,368,69.43,53803.84220,0
1790395620000,775.060,775.060,774.900,774.960,110.06,1790395679999,85291.81370,348,22.46,17404.98400,0
1790395680000,774.950,775.170,774.950,774.960,185.48,1790395739999,143764.94010,473,131.78,102143.40170,0
1790395740000,774.960,774.970,774.960,774.960,16.30,1790395799999,12631.96130,84,11.33,8780.41010,0
1790395800000,774.970,774.970,774.820,774.870,62.80,1790395859999,48662.43440,353,33.11,25654.88090,0
1790395860000,774.880,774.890,774.870,774.880,44.57,1790395919999,34536.39050,188,15.26,11824.68750,0
1790395920000,774.890,774.970,774.640,774.770,160.31,1790395979999,124211.41780,530,46.14,35751.12420,0
1790395980000,774.770,774.930,774.620,774.720,125.45,1790396039999,97196.45230,429,50.24,38924.76590,0
1790396040000,774.710,774.720,774.710,774.710,14.68,1790396099999,11372.79890,81,5.61,4346.17920,0
1790396100000,774.720,775.090,774.720,775.090,210.04,1790396159999,162764.75790,501,206.31,159874.42970,0
1790396160000,775.080,775.090,775.030,775.090,8.88,1790396219999,6882.74630,89,3.65,2829.07790,0
1790396220000,775.080,775.080,774.870,774.920,50.72,1790396279999,39307.09790,341,19.60,15187.83540,0
1790396280000,774.930,775.110,774.930,775.100,58.26,1790396339999,45155.04090,322,57.09,44248.17470,0
1790396340000,775.110,775.400,775.110,775.400,115.05,1790396399999,89198.20880,387,113.66,88120.65450,0
1790396400000,775.380,775.630,775.380,775.570,105.36,1790396459999,81713.76770,393,37.44,29034.17750,0
1790396460000,775.570,775.570,775.180,775.180,157.32,1790396519999,121985.85400,431,6.02,4667.22300,0
1790396520000,775.170,775.170,774.680,774.680,43.73,1790396579999,33887.52380,362,3.51,2720.58190,0
1790396580000,774.680,774.930,774.550,774.680,159.55,1790396639999,123605.80360,658,94.10,72895.08420,0
1790396640000,774.690,774.690,774.370,774.440,144.20,1790396699999,111676.29210,363,51.45,39843.36000,0
1790396700000,774.440,774.640,774.370,774.370,228.62,1790396759999,177068.30140,508,130.34,100947.36910,0
1790396760000,774.370,774.380,774.100,774.100,245.23,1790396819999,189872.86850,596,63.71,49331.09490,0
1790396820000,774.100,774.160,774.090,774.100,59.81,1790396879999,46300.06660,293,32.53,25181.99740,0
1790396880000,774.100,774.100,773.910,774.060,151.25,1790396939999,117065.98800,525,40.21,31120.62640,0
1790396940000,774.060,774.060,773.800,773.800,99.50,1790396999999,77009.14440,363,27.10,20976.73730,0
1790397000000,773.810,773.810,773.350,773.670,386.60,1790397059999,299064.77820,820,113.80,88019.84300,0
1790397060000,773.670,773.960,773.660,773.900,241.19,1790397119999,186641.93940,495,213.49,165204.65770,0
1790397120000,773.900,773.900,773.800,773.850,49.11,1790397179999,38004.12530,296,30.76,23803.58580,0
1790397180000,773.860,773.990,773.850,773.990,31.28,1790397239999,24206.94520,323,27.92,21606.64690,0
1790397240000,773.990,774.160,773.890,773.890,178.15,1790397299999,137896.26880,492,49.57,38369.18080,0
1790397300000,773.890,773.890,773.880,773.880,18.68,1790397359999,14456.22380,186,14.54,11252.36060,0
1790397360000,773.890,774.180,773.880,774.130,140.34,1790397419999,108636.52710,432,139.03,107622.48920,0
1790397420000,774.140,774.140,773.370,773.510,432.61,1790397479999,334666.11030,645,29.13,22542.60780,0
1790397480000,773.510,773.730,773.500,773.720,56.87,1790397539999,43994.37090,356,41.97,32467.24720,0
1790397540000,773.730,773.840,773.720,773.840,47.92,1790397599999,37079.13110,243,39.31,30417.04080,0
1790397600000,773.840,773.900,773.830,773.900,35.25,1790397659999,27279.56560,246,31.59,24447.16120,0
1790397660000,773.910,774.020,773.880,773.880,55.43,1790397719999,42902.08510,307,10.19,7886.46610,0
1790397720000,773.880,774.120,773.880,774.020,145.34,1790397779999,112494.10630,513,78.46,60724.59280,0
1790397780000,774.010,774.210,774.010,774.170,270.26,1790397839999,209205.68000,397,249.10,192824.28650,0
1790397840000,774.170,774.360,774.150,774.350,129.18,1790397899999,100024.87440,333,126.20,97717.82170,0
1790397900000,774.350,774.360,774.170,774.170,56.30,1790397959999,43594.25940,228,3.93,3042.99800,0
1790397960000,774.170,774.250,774.170,774.240,28.75,1790398019999,22257.73410,172,19.19,14856.66050,0
1790398020000,774.240,774.430,774.210,774.370,39.31,1790398079999,30439.54900,266,31.53,24414.81030,0
1790398080000,774.370,774.380,774.350,774.360,48.71,1790398139999,37719.62600,220,11.24,8704.00900,0
1790398140000,774.350,774.400,774.300,774.400,30.24,1790398199999,23415.38840,282,18.34,14200.98840,0
1790398200000,774.410,774.410,774.400,774.400,8.83,1790398259999,6838.00590,76,5.39,4174.06990,0
1790398260000,774.400,774.540,774.400,774.530,77.46,1790398319999,59992.00330,313,71.40,55298.73960,0
1790398320000,774.540,774.540,774.450,774.470,36.74,1790398379999,28454.77920,156,12.31,9533.66750,0
1790398380000,774.480,774.480,774.380,774.380,76.80,1790398439999,59477.98510,191,6.31,4886.74710,0
1790398440000,774.380,774.390,774.370,774.370,46.00,1790398499999,35621.58720,105,10.75,8324.69230,0
1790398500000,774.370,774.390,774.370,774.380,61.49,1790398559999,47616.57260,192,47.85,37054.13510,0
1790398560000,774.380,774.390,774.370,774.380,86.31,1790398619999,66837.35060,212,10.68,8270.45140,0
1790398620000,774.370,774.400,774.370,774.390,87.77,1790398679999,67967.36620,89,80.15,62066.64080,0
1790398680000,774.400,774.540,774.390,774.540,38.71,1790398739999,29979.58160,283,37.62,29135.41330,0
1790398740000,774.550,774.650,774.550,774.650,55.15,1790398799999,42720.60600,219,49.79,38568.64370,0
1790398800000,774.640,774.670,774.640,774.670,48.88,1790398859999,37865.43930,186,31.85,24673.11940,0
1790398860000,774.660,774.670,774.590,774.590,306.56,1790398919999,237476.45920,310,14.16,10968.73430,0
1790398920000,774.590,774.600,774.560,774.580,181.55,1790398979999,140624.05150,308,115.05,89114.70750,0
1790398980000,774.590,774.610,774.580,774.610,73.39,1790399039999,56847.62720,256,61.93,47970.77500,0
1790399040000,774.610,774.610,774.540,774.550,243.76,1790399099999,188807.74760,253,3.04,2354.71930,0
1790399100000,774.540,774.550,774.380,774.380,139.61,1790399159999,108129.65940,253,3.54,2741.90310,0
1790399160000,774.390,774.390,774.370,774.370,68.21,1790399219999,52820.42690,113,48.41,37487.80700,0
1790399220000,774.370,774.430,774.240,774.250,267.14,1790399279999,206864.61320,322,19.68,15239.82840,0
1790399280000,774.240,774.380,774.240,774.290,94.81,1790399339999,73411.85470,325,75.54,58490.79230,0
1790399340000,774.300,774.300,774.290,774.290,11.43,1790399399999,8850.19600,111,6.13,4746.45900,0
1790399400000,774.290,774.300,774.290,774.290,57.16,1790399459999,44258.95210,165,53.57,41479.25100,0
1790399460000,774.290,774.300,774.230,774.240,55.30,1790399519999,42816.56770,324,22.48,17405.07990,0
1790399520000,774.230,774.240,774.000,774.050,82.66,1790399579999,63990.37290,389,17.39,13460.95870,0
1790399580000,774.060,774.140,774.000,774.130,200.60,1790399639999,155273.03800,391,151.05,116920.65320,0
1790399640000,774.140,774.140,774.030,774.030,69.74,1790399699999,53983.33390,227,52.96,40993.58140,0
1790399700000,774.040,774.040,773.910,773.970,104.47,1790399759999,80856.16420,302,49.57,38364.32420,0
1790399760000,773.960,773.970,773.880,773.880,83.18,1790399819999,64374.93630,234,9.27,7174.00000,0
1790399820000,773.880,773.920,773.880,773.910,24.75,1790399879999,19154.20600,162,11.48,8884.43230,0
1790399880000,773.910,773.920,773.740,773.740,262.20,1790399939999,202910.86820,372,146.83,113634.39080,0
1790399940000,773.730,773.920,773.680,773.880,227.92,1790399999999,176366.51270,407,188.57,145918.48540,0
1790400000000,773.870,773.940,773.830,773.920,266.40,1790400059999,206168.85450,355,247.41,191473.19650,0
1790400060000,773.920,774.100,773.920,774.100,60.38,1790400119999,46735.35580,278,58.61,45365.27820,0
1790400120000,774.090,774.110,774.090,774.100,15.65,1790400179999,12114.68790,164,12.71,9838.83870,0
1790400180000,774.110,774.130,774.100,774.130,38.81,1790400239999,30043.20210,223,25.21,19515.41710,0
1790400240000,774.130,774.290,774.130,774.290,32.05,1790400299999,24813.17420,241,29.29,22676.23950,0
1790400300000,774.290,774.290,774.180,774.180,39.70,1790400359999,30738.12370,161,4.75,3677.70630,0
1790400360000,774.190,774.280,774.180,774.280,33.82,1790400419999,26184.20600,171,33.06,25595.77050,0
1790400420000,774.280,774.300,773.760,773.760,270.37,1790400479999,209300.82170,471,33.92,26254.24570,0
1790400480000,773.770,773.770,773.760,773.770,9.70,1790400539999,7505.55760,132,8.56,6623.47120,0
1790400540000,773.760,773.770,773.600,773.610,26.63,1790400599999,20603.43050,223,4.11,3179.62610,0
1790400600000,773.610,773.610,773.460,773.470,62.97,1790400659999,48710.29240,258,18.27,14132.33210,0
1790400660000,773.470,773.500,773.330,773.330,127.79,1790400719999,98837.89960,371,32.01,24758.68730,0
1790400720000,773.330,773.350,773.170,773.240,140.34,1790400779999,108524.32260,445,54.90,42452.47490,0
1790400780000,773.250,773.250,773.240,773.240,20.47,1790400839999,15828.33050,112,10.77,8327.90250,0
1790400840000,773.240,773.250,773.240,773.250,26.09,1790400899999,20173.99800,162,16.64,12866.88000,0
1790400900000,773.250,773.250,773.240,773.240,35.48,1790400959999,27434.84720,219,29.20,22578.90000,0
1790400960000,773.240,773.250,773.190,773.200,130.97,1790401019999,101268.25820,356,35.43,27394.79200,0
1790401020000,773.190,773.630,773.190,773.620,293.27,1790401079999,226804.82280,627,275.19,212821.27400,0
1790401080000,773.630,773.770,773.620,773.640,223.57,1790401139999,172974.24380,458,109.79,84939.35830,0
1790401140000,773.650,773.900,773.610,773.830,93.10,1790401199999,72032.46480,472,78.53,60759.60890,0
1790401200000,773.830,773.840,773.700,773.840,56.25,1790401259999,43524.37820,326,36.51,28250.12720,0
1790401260000,773.830,774.000,773.830,773.980,79.35,1790401319999,61413.64480,341,65.93,51026.94420,0
1790401320000,773.990,773.990,773.910,773.910,13.24,1790401379999,10247.42860,153,2.76,2136.21240,0
1790401380000,773.910,773.910,773.850,773.850,9.55,1790401439999,7390.48170,96,2.30,1779.87800,0
1790401440000,773.850,773.860,773.810,773.810,15.44,1790401499999,11948.23280,118,8.77,6786.72040,0
1790401500000,773.820,773.910,773.820,773.900,99.43,1790401559999,76944.55190,252,98.06,75884.32440,0
1790401560000,773.900,773.950,773.890,773.950,96.66,1790401619999,74807.62880,240,87.45,67679.66210,0
1790401620000,773.950,773.970,773.600,773.650,232.12,1790401679999,179595.59800,508,50.83,39327.90020,0
1790401680000,773.650,773.660,773.600,773.620,54.35,1790401739999,42047.24000,244,25.61,19812.84470,0
1790401740000,773.620,773.740,773.620,773.730,74.12,1790401799999,57347.02690,285,73.08,56542.37720,0
1790401800000,773.740,773.740,773.730,773.730,17.04,1790401859999,13184.47670,170,11.75,9091.44500,0
1790401860000,773.740,773.740,773.320,773.330,181.66,1790401919999,140522.82120,411,13.16,10180.62690,0
1790401920000,773.320,773.330,773.200,773.240,135.09,1790401979999,104456.26320,316,94.54,73100.88020,0
1790401980000,773.230,773.260,773.220,773.230,35.53,1790402039999,27473.07120,185,26.85,20761.38430,0
1790402040000,773.220,773.220,773.070,773.130,68.11,1790402099999,52657.84790,285,40.66,31434.17590,0
1790402100000,773.120,773.300,773.120,773.300,105.17,1790402159999,81321.72870,364,101.04,78128.31190,0
1790402160000,773.300,773.320,773.290,773.320,39.13,1790402219999,30259.62500,208,31.62,24452.11770,0
1790402220000,773.320,773.400,773.320,773.390,43.58,1790402279999,33703.11190,214,28.02,21669.55420,0
1790402280000,773.380,773.380,773.250,773.320,32.94,1790402339999,25472.59060,240,21.56,16672.13760,0
1790402340000,773.320,773.320,773.240,773.240,17.64,1790402399999,13641.17840,200,6.73,5204.43360,0
1790402400000,773.250,773.340,773.190,773.280,152.55,1790402459999,117964.08430,415,66.29,51259.47990,0
1790402460000,773.290,773.290,773.000,773.000,145.42,1790402519999,112418.73280,471,21.88,16914.87520,0
1790402520000,773.000,773.000,772.680,772.680,241.25,1790402579999,186454.30730,597,63.24,48875.89290,0
1790402580000,772.680,772.690,772.550,772.620,202.44,1790402639999,156404.58210,413,118.40,91474.06540,0
1790402640000,772.640,773.110,772.560,773.110,600.29,1790402699999,463884.42440,960,540.52,417690.60340,0
1790402700000,773.110,773.110,773.030,773.060,100.00,1790402759999,77308.22800,186,25.98,20083.70540,0
1790402760000,773.060,773.100,773.000,773.010,52.20,1790402819999,40353.41180,366,28.15,21761.44990,0
1790402820000,773.010,773.010,772.960,772.960,28.28,1790402879999,21860.43640,195,3.34,2581.83420,0
1790402880000,772.960,772.960,772.710,772.710,72.37,1790402939999,55924.31820,388,34.11,26358.16760,0
1790402940000,772.720,772.870,772.710,772.870,85.76,1790402999999,66274.16530,310,59.39,45894.80930,0
1790403000000,772.870,772.990,772.870,772.990,69.11,1790403059999,53416.05910,294,55.15,42626.23880,0
1790403060000,772.990,773.000,772.980,772.980,27.65,1790403119999,21373.26980,164,12.19,9422.86110,0
1790403120000,772.980,772.980,772.910,772.920,47.31,1790403179999,36568.66010,224,14.16,10945.08980,0
1790403180000,772.910,772.920,772.760,772.770,52.52,1790403239999,40590.78970,300,25.63,19808.05080,0
1790403240000,772.770,772.770,772.600,772.600,58.62,1790403299999,45298.68280,237,21.45,16575.59200,0
1790403300000,772.600,772.610,772.550,772.580,123.05,1790403359999,95065.27590,224,51.41,39717.82830,0
1790403360000,772.590,772.600,772.480,772.490,139.93,1790403419999,108101.78390,386,81.83,63218.17530,0
1790403420000,772.480,772.490,772.360,772.360,128.06,1790403479999,98914.79610,362,70.69,54600.65770,0
1790403480000,772.370,772.430,772.370,772.430,88.59,1790403539999,68426.92770,205,76.93,59420.85360,0
1790403540000,772.440,772.640,772.440,772.640,98.15,1790403599999,75826.02120,286,87.26,67413.12420,0
1790403600000,772.650,772.670,772.590,772.600,81.08,1790403659999,62645.55400,229,20.81,16078.17580,0
1790403660000,772.600,772.620,772.590,772.600,70.49,1790403719999,54460.76970,207,44.56,34427.23050,0
1790403720000,772.590,772.800,772.590,772.800,127.38,1790403779999,98425.03670,363,112.34,86804.07920,0
1790403780000,772.790,772.810,772.690,772.690,82.11,1790403839999,63452.82060,327,39.70,30679.85730,0
1790403840000,772.680,772.710,772.660,772.700,48.93,1790403899999,37807.31890,173,32.12,24818.56180,0
1790403900000,772.700,772.710,772.660,772.660,59.29,1790403959999,45812.17060,165,32.83,25366.78810,0
1790403960000,772.660,772.670,772.440,772.440,106.31,1790404019999,82129.16440,386,40.03,30923.04400,0
1790404020000,772.450,772.450,772.430,772.450,58.41,1790404079999,45118.12030,308,38.15,29468.59550,0
1790404080000,772.450,772.550,772.320,772.540,212.31,1790404139999,163992.97100,580,129.78,100248.05930,0
1790404140000,772.540,772.560,772.540,772.550,42.50,1790404199999,32833.61120,121,27.93,21577.55810,0
1790404200000,772.560,772.840,772.560,772.690,149.98,1790404259999,115885.71340,511,128.75,99480.64430,0
1790404260000,772.680,772.740,772.680,772.740,61.36,1790404319999,47412.27550,158,48.31,37328.73420,0
1790404320000,772.730,773.170,772.730,773.160,114.60,1790404379999,88574.79570,459,83.67,64667.17650,0
1790404380000,773.160,773.190,773.050,773.190,93.24,1790404439999,72086.66380,364,45.64,35285.70630,0
1790404440000,773.180,773.190,772.730,772.730,109.40,1790404499999,84565.25840,432,8.63,6669.86060,0
1790404500000,772.730,772.730,772.560,772.590,77.55,1790404559999,59917.10370,353,42.76,33036.61750,0
1790404560000,772.580,772.670,772.570,772.670,46.69,1790404619999,36072.31190,178,33.23,25673.24020,0
1790404620000,772.660,772.690,772.580,772.590,30.78,1790404679999,23782.77300,202,14.96,11559.22480,0
1790404680000,772.580,772.730,772.580,772.720,76.64,1790404739999,59216.49780,230,67.58,52216.18520,0
1790404740000,772.730,772.770,772.720,772.770,41.32,1790404799999,31929.69440,144,31.51,24349.09690,0
1790404800000,772.760,772.880,772.760,772.790,71.32,1790404859999,55117.30350,262,27.34,21128.93620,0
1790404860000,772.780,772.790,772.500,772.520,330.35,1790404919999,255235.02880,471,35.68,27570.90670,0
1790404920000,772.520,772.770,772.520,772.760,75.58,1790404979999,58393.16170,299,61.21,47291.05110,0
1790404980000,772.770,772.800,772.760,772.790,31.75,1790405039999,24535.50270,143,23.46,18129.22870,0
1790405040000,772.800,772.890,772.790,772.880,38.21,1790405099999,29529.83600,142,26.13,20194.03090,0
1790405100000,772.880,772.930,772.840,772.870,94.62,1790405159999,73129.37970,300,56.94,44006.56280,0
1790405160000,772.860,772.870,772.840,772.850,32.33,1790405219999,24986.56440,168,3.48,2689.56040,0
1790405220000,772.850,772.850,772.790,772.820,33.86,1790405279999,26167.59060,193,20.56,15888.93380,0
1790405280000,772.830,773.110,772.830,772.970,231.78,1790405339999,179162.18970,493,160.26,123876.15630,0
1790405340000,772.980,773.080,772.970,773.080,156.55,1790405399999,121018.90170,331,38.07,29429.62940,0
1790405400000,773.070,773.080,773.070,773.070,37.46,1790405459999,28959.39420,76,19.20,14843.13600,0
1790405460000,773.070,773.080,772.900,772.900,73.29,1790405519999,56654.49050,273,6.59,5093.99760,0
1790405520000,772.910,772.910,772.900,772.910,12.97,1790405579999,10024.55000,136,3.70,2859.76700,0
1790405580000,772.910,772.910,772.640,772.640,172.74,1790405639999,133486.28750,403,10.31,7966.35340,0
1790405640000,772.650,772.650,772.640,772.640,21.21,1790405699999,16387.74420,71,4.98,3847.79700,0
1790405700000,772.640,772.700,772.640,772.690,72.88,1790405759999,56311.90880,229,62.80,48523.23710,0
1790405760000,772.690,772.730,772.690,772.730,78.10,1790405819999,60347.79280,285,56.64,43765.85820,0
1790405820000,772.740,772.740,772.560,772.650,179.92,1790405879999,139018.78520,343,30.04,23208.85210,0
1790405880000,772.650,772.710,772.500,772.500,60.68,1790405939999,46882.11380,322,20.85,16109.72680,0
1790405940000,772.500,772.540,772.380,772.530,143.71,1790405999999,111009.29220,394,65.55,50634.80300,0
1790406000000,772.530,772.540,772.460,772.520,72.99,1790406059999,56385.07420,261,27.96,21598.90600,0
1790406060000,772.530,772.830,772.520,772.820,142.57,1790406119999,110162.49050,578,117.91,91107.10510,0
1790406120000,772.820,772.830,772.700,772.700,74.55,1790406179999,57611.90370,231,3.82,2951.81440,0
1790406180000,772.700,773.100,772.700,773.100,305.04,1790406239999,235748.03320,849,256.08,197906.54360,0
1790406240000,773.090,773.210,773.090,773.180,104.85,1790406299999,81064.38490,506,78.90,61001.16530,0
1790406300000,773.190,773.350,773.180,773.340,88.93,1790406359999,68768.97040,369,61.32,47418.43320,0
1790406360000,773.340,773.440,773.340,773.440,143.13,1790406419999,110698.20140,466,53.80,41609.45960,0
1790406420000,773.430,773.610,773.430,773.500,131.23,1790406479999,101506.87190,619,85.02,65761.50630,0
1790406480000,773.500,773.570,773.440,773.510,188.96,1790406539999,146162.00390,721,79.18,61247.42180,0
1790406540000,773.520,773.520,773.230,773.330,325.35,1790406599999,251606.23910,572,103.89,80341.13670,0
1790406600000,773.320,773.330,773.240,773.250,46.46,1790406659999,35926.38720,222,11.26,8706.90140,0
1790406660000,773.240,773.610,773.240,773.610,105.03,1790406719999,81232.92670,566,89.29,69059.77270,0
1790406720000,773.600,773.670,773.600,773.670,85.06,1790406779999,65805.43400,375,59.07,45698.41520,0
1790406780000,773.670,773.710,773.620,773.630,190.73,1790406839999,147561.07220,619,101.46,78495.76970,0
1790406840000,773.630,773.730,773.620,773.720,113.15,1790406899999,87543.22270,354,72.73,56270.55870,0
1790406900000,773.730,773.730,773.580,773.590,169.65,1790406959999,131253.17760,247,44.99,34804.57410,0
1790406960000,773.590,773.780,773.520,773.770,83.18,1790407019999,64348.73820,642,52.75,40809.41280,0
1790407020000,773.780,773.780,773.690,773.750,56.20,1790407079999,43483.79770,321,26.92,20828.58950,0
1790407080000,773.740,773.880,773.740,773.880,167.96,1790407139999,129968.00720,416,153.66,118902.55430,0
1790407140000,773.880,773.880,773.820,773.820,29.46,1790407199999,22798.03780,220,7.95,6152.21700,0
1790407200000,773.820,773.830,773.820,773.820,57.34,1790407259999,44371.22140,184,38.26,29606.73580,0
1790407260000,773.830,773.840,773.770,773.800,183.28,1790407319999,141822.92810,392,37.98,29389.05230,0
1790407320000,773.810,773.830,773.690,773.690,138.60,1790407379999,107244.38410,264,11.78,9115.06700,0
1790407380000,773.700,773.840,773.690,773.820,61.35,1790407439999,47471.35970,309,47.40,36677.30240,0
1790407440000,773.820,773.830,773.640,773.640,44.57,1790407499999,34484.88980,279,13.12,10151.20780,0
1790407500000,773.640,773.650,773.590,773.590,81.47,1790407559999,63028.03310,148,8.42,6513.77650,0
1790407560000,773.590,773.590,773.460,773.470,70.92,1790407619999,54857.33140,284,10.10,7812.05830,0
1790407620000,773.470,773.500,773.460,773.490,44.71,1790407679999,34581.91730,201,33.90,26220.69730,0
1790407680000,773.500,773.510,773.480,773.500,41.49,1790407739999,32092.23730,259,32.90,25447.96270,0
1790407740000,773.510,773.580,773.500,773.570,35.32,1790407799999,27321.28200,189,18.48,14295.04570,0
1790407800000,773.580,773.640,773.570,773.640,71.75,1790407859999,55506.58170,316,26.08,20175.98370,0
1790407860000,773.630,773.640,773.520,773.520,59.09,1790407919999,45710.92550,260,13.37,10343.45690,0
1790407920000,773.520,773.530,773.520,773.520,23.78,1790407979999,18394.40250,237,9.69,7495.50570,0
1790407980000,773.520,773.530,773.410,773.420,240.68,1790408039999,186150.45160,226,10.20,7889.26190,0
1790408040000,773.420,773.420,773.400,773.400,34.13,1790408099999,26396.37280,220,11.22,8677.72710,0
1790408100000,773.410,773.500,773.400,773.490,85.48,1790408159999,66112.67570,424,76.86,59445.63930,0
1790408160000,773.490,773.530,773.440,773.450,106.61,1790408219999,82461.06990,387,83.12,64291.71790,0
1790408220000,773.450,773.530,773.440,773.530,48.63,1790408279999,37614.51310,431,37.69,29152.55770,0
1790408280000,773.530,773.760,773.460,773.760,82.64,1790408339999,63926.00600,487,70.39,54449.86190,0
1790408340000,773.760,773.800,773.750,773.800,53.21,1790408399999,41172.33090,312,43.54,33689.96800,0
1790408400000,773.800,773.800,773.740,773.780,39.24,1790408459999,30362.30420,328,26.14,20226.17110,0
1790408460000,773.780,773.960,773.770,773.810,197.72,1790408519999,153011.19330,603,69.36,53671.93720,0
1790408520000,773.810,773.810,773.770,773.780,95.17,1790408579999,73641.42060,220,81.65,63179.64820,0
1790408580000,773.780,773.800,773.720,773.720,121.08,1790408639999,93688.27750,161,18.10,14005.44130,0
1790408640000,773.720,773.730,773.700,773.700,33.38,1790408699999,25826.22140,156,0.27,208.90430,0
1790408700000,773.700,773.740,773.700,773.730,47.12,1790408759999,36457.79210,340,28.84,22314.18170,0
1790408760000,773.730,773.770,773.700,773.710,45.23,1790408819999,34995.76890,299,26.05,20155.74430,0
1790408820000,773.710,773.970,773.710,773.890,260.87,1790408879999,201887.94790,450,166.74,129036.95240,0
1790408880000,773.880,773.890,773.820,773.830,29.87,1790408939999,23115.04930,185,10.60,8202.81340,0
1790408940000,773.830,773.830,773.820,773.830,34.11,1790408999999,26395.22130,193,22.11,17109.38130,0
1790409000000,773.820,773.830,773.760,773.760,29.81,1790409059999,23066.68540,189,6.35,4913.63610,0
1790409060000,773.760,773.770,773.630,773.630,89.99,1790409119999,69627.27620,301,29.13,22538.11750,0
1790409120000,773.630,773.630,773.610,773.620,26.67,1790409179999,20632.28840,167,8.59,6645.39580,0
1790409180000,773.610,773.620,773.500,773.620,122.17,1790409239999,94504.37590,375,72.50,56080.79030,0
1790409240000,773.610,773.690,773.610,773.690,112.24,1790409299999,86833.42020,293,91.14,70509.97590,0
1790409300000,773.690,773.960,773.690,773.840,245.94,1790409359999,190331.50610,464,162.45,125715.66640,0
1790409360000,773.840,773.840,773.760,773.810,40.82,1790409419999,31586.45150,198,24.91,19275.18330,0
1790409420000,773.810,773.870,773.810,773.860,98.31,1790409479999,76075.53140,272,60.59,46886.72310,0
1790409480000,773.870,773.940,773.860,773.940,42.78,1790409539999,33107.08090,168,31.68,24516.89260,0
1790409540000,773.930,773.950,773.890,773.890,62.45,1790409599999,48331.19200,261,23.41,18117.34640,0
1790409600000,773.890,773.900,773.760,773.900,114.01,1790409659999,88223.37140,479,59.48,46026.63860,0
1790409660000,773.900,774.200,773.730,773.730,257.09,1790409719999,198983.45080,817,107.55,83245.54650,0
1790409720000,773.730,773.730,773.430,773.430,49.73,1790409779999,38468.39990,326,4.40,3403.64100,0
1790409780000,773.430,773.440,773.420,773.430,48.57,1790409839999,37565.18730,240,13.36,10333.02780,0
1790409840000,773.430,773.430,773.320,773.330,33.15,1790409899999,25637.03420,168,4.91,3797.22150,0
1790409900000,773.320,773.320,773.140,773.150,93.14,1790409959999,72017.18990,246,9.70,7499.60640,0
1790409960000,773.140,773.150,773.100,773.100,71.63,1790410019999,55380.03490,174,12.11,9362.77570,0
1790410020000,773.100,773.110,773.000,773.000,96.86,1790410079999,74876.13080,268,17.33,13396.68710,0
1790410080000,773.000,773.050,772.990,773.040,201.92,1790410139999,156084.96770,219,189.69,146630.93290,0
1790410140000,773.040,773.280,773.040,773.280,136.67,1790410199999,105667.57090,418,113.62,87844.86380,0
1790410200000,773.270,773.280,773.250,773.260,55.01,1790410259999,42537.11650,146,45.61,35268.42520,0
1790410260000,773.260,773.320,773.260,773.320,57.93,1790410319999,44797.20250,220,38.56,29818.43830,0
1790410320000,773.310,773.320,773.290,773.290,26.47,1790410379999,20469.63460,156,15.95,12334.43220,0
1790410380000,773.290,773.300,773.250,773.250,23.00,1790410439999,17785.39970,131,5.34,4129.35800,0
1790410440000,773.250,773.700,773.250,773.600,251.10,1790410499999,194213.78810,667,204.92,158489.18490,0
1790410500000,773.590,773.950,773.590,773.800,249.16,1790410559999,192791.12350,513,214.63,166070.14330,0
1790410560000,773.790,773.800,773.760,773.770,26.27,1790410619999,20327.11930,128,10.67,8256.16190,0
1790410620000,773.760,773.770,773.680,773.690,78.73,1790410679999,60914.57350,240,5.97,4619.02950,0
1790410680000,773.690,773.690,773.680,773.690,25.50,1790410739999,19728.99810,163,15.81,12232.03890,0
1790410740000,773.680,773.690,773.660,773.670,27.94,1790410799999,21616.62720,201,11.58,8959.22900,0
1790410800000,773.660,773.740,773.660,773.700,100.84,1790410859999,78020.26590,269,80.71,62445.08980,0
1790410860000,773.700,773.700,773.680,773.680,13.34,1790410919999,10320.99370,89,3.93,3040.60400,0
1790410920000,773.690,773.690,773.650,773.650,24.32,1790410979999,18815.63960,173,3.42,2645.97230,0
1790410980000,773.650,773.650,773.520,773.520,77.63,1790411039999,60052.77430,175,25.11,19423.78870,0
1790411040000,773.520,773.610,773.500,773.610,136.16,1790411099999,105324.77480,334,124.67,96437.04520,0
1790411100000,773.600,773.610,773.460,773.470,46.71,1790411159999,36131.53560,153,0.60,464.10030,0
1790411160000,773.460,773.650,773.250,773.540,269.20,1790411219999,208202.09740,581,190.08,147007.26210,0
1790411220000,773.540,773.680,773.540,773.680,42.67,1790411279999,33008.90140,194,38.92,30108.07320,0
1790411280000,773.680,773.680,773.600,773.610,32.19,1790411339999,24903.60660,189,7.82,6049.83050,0
1790411340000,773.610,773.640,773.600,773.640,27.69,1790411399999,21421.65880,85,13.43,10389.72580,0
1790411400000,773.650,773.870,773.650,773.870,137.29,1790411459999,106224.33120,275,116.04,89783.37960,0
1790411460000,773.870,774.330,773.870,774.320,201.48,1790411519999,155958.46820,526,171.25,132556.69210,0
1790411520000,774.320,774.620,774.250,774.590,248.79,1790411579999,192658.96000,529,143.50,111127.06730,0
1790411580000,774.580,774.620,774.410,774.610,330.05,1790411639999,255623.25970,478,116.82,90477.00390,0
1790411640000,774.620,774.770,774.490,774.770,259.04,1790411699999,200644.25830,490,205.18,158926.78870,0
1790411700000,774.760,774.770,774.520,774.640,106.42,1790411759999,82434.82730,326,68.26,52873.12000,0
1790411760000,774.630,774.760,774.630,774.760,43.24,1790411819999,33498.61620,209,25.91,20072.77420,0
1790411820000,774.760,774.960,774.760,774.850,211.38,1790411879999,163796.30840,473,141.69,109793.05990,0
1790411880000,774.860,775.120,774.850,774.990,235.53,1790411939999,182533.98430,500,161.51,125169.71360,0
1790411940000,774.980,774.990,774.700,774.700,54.69,1790411999999,42378.83910,246,1.98,1534.28910,0
1790412000000,774.700,774.860,774.420,774.420,518.01,1790412059999,401270.42210,581,95.62,74079.24350,0
1790412060000,774.420,774.480,774.420,774.470,89.05,1790412119999,68963.05110,156,83.42,64603.06250,0
1790412120000,774.470,774.600,774.420,774.600,251.19,1790412179999,194548.40560,362,44.15,34193.90620,0
1790412180000,774.590,774.640,774.580,774.590,38.63,1790412239999,29923.56410,152,24.27,18800.24870,0
1790412240000,774.590,774.660,774.580,774.660,50.28,1790412299999,38948.49110,163,40.47,31349.19290,0
1790412300000,774.650,774.660,774.510,774.510,55.06,1790412359999,42649.09890,176,4.24,3284.19860,0
1790412360000,774.510,774.520,774.380,774.390,54.25,1790412419999,42013.54790,228,1.98,1533.48090,0
1790412420000,774.380,774.390,774.250,774.250,64.39,1790412479999,49856.83560,199,6.67,5164.54000,0
1790412480000,774.250,774.260,774.130,774.130,83.34,1790412539999,64520.86680,213,7.05,5458.39790,0
1790412540000,774.130,774.130,773.770,773.800,286.31,1790412599999,221573.49080,664,104.83,81118.94750,0
1790412600000,773.800,773.900,773.800,773.800,130.28,1790412659999,100816.88630,273,64.64,50021.30700,0
1790412660000,773.800,773.840,773.640,773.640,138.66,1790412719999,107291.10960,342,35.74,27654.95580,0
1790412720000,773.650,773.680,773.640,773.670,27.40,1790412779999,21198.29550,160,17.64,13647.56100,0
1790412780000,773.670,773.810,773.670,773.800,26.96,1790412839999,20860.30240,244,20.71,16024.28810,0
1790412840000,773.810,773.810,773.800,773.810,9.51,1790412899999,7358.91130,53,7.33,5672.02730,0
1790412900000,773.800,773.870,773.800,773.860,59.99,1790412959999,46422.41530,254,53.58,41462.03530,0
1790412960000,773.870,773.870,773.860,773.860,10.12,1790413019999,7831.53110,114,6.79,5254.57730,0
1790413020000,773.860,773.870,773.840,773.840,65.22,1790413079999,50470.66490,178,5.87,4542.60890,0
1790413080000,773.840,773.900,773.820,773.820,34.21,1790413139999,26474.27810,228,25.68,19873.14530,0
1790413140000,773.810,773.820,773.700,773.700,74.57,1790413199999,57696.87230,133,62.28,48186.94690,0
1790413200000,773.700,773.710,773.670,773.700,85.35,1790413259999,66034.63620,323,32.30,24990.27260,0
1790413260000,773.710,773.710,773.700,773.710,16.01,1790413319999,12387.01780,169,8.08,6251.57680,0
1790413320000,773.700,773.720,773.670,773.670,126.94,1790413379999,98213.81490,264,29.14,22545.90900,0
1790413380000,773.670,773.680,773.420,773.420,72.64,1790413439999,56187.01040,293,0.76,587.85700,0
1790413440000,773.420,773.560,773.420,773.550,91.39,1790413499999,70686.90590,341,76.82,59416.79980,0
1790413500000,773.560,773.750,773.550,773.740,47.60,1790413559999,36822.76290,333,45.60,35275.59580,0
1790413560000,773.750,773.780,773.690,773.690,55.82,1790413619999,43190.47380,299,35.75,27661.20190,0
1790413620000,773.690,773.750,773.690,773.740,64.50,1790413679999,49904.43010,254,62.25,48163.60120,0
1790413680000,773.750,773.750,773.740,773.740,13.65,1790413739999,10561.61690,138,6.59,5099.01250,0
1790413740000,773.740,773.750,773.610,773.620,63.74,1790413799999,49313.43900,380,20.18,15612.23730,0
1790413800000,773.610,773.620,772.900,773.120,306.08,1790413859999,236637.99090,782,73.29,56654.29130,0
1790413860000,773.110,773.120,772.710,772.720,175.65,1790413919999,135742.94130,498,30.95,23917.52040,0
1790413920000,772.720,772.730,772.320,772.320,322.34,1790413979999,249006.89850,740,53.11,41025.55200,0
1790413980000,772.310,772.500,771.710,771.710,1097.51,1790414039999,847413.60370,1829,279.50,215835.87630,0
1790414040000,771.710,772.100,771.430,771.850,787.05,1790414099999,607389.92440,1793,310.59,239693.88970,0
1790414100000,771.840,771.840,771.280,771.380,339.06,1790414159999,261583.07290,1025,94.90,73208.95310,0
1790414160000,771.390,771.640,771.280,771.290,243.57,1790414219999,187885.44330,867,126.35,97462.92030,0
1790414220000,771.290,771.450,771.110,771.450,333.15,1790414279999,256940.77640,891,129.46,99842.94260,0
1790414280000,771.440,771.480,771.280,771.430,228.24,1790414339999,176052.73510,498,121.70,93872.88210,0
1790414340000,771.430,771.490,771.370,771.400,87.61,1790414399999,67583.20060,346,53.19,41030.59850,0
1790414400000,771.400,771.450,771.090,771.090,129.15,1790414459999,99616.51650,577,49.17,37928.23240,0
1790414460000,771.100,771.340,771.060,771.080,236.13,1790414519999,182096.86310,664,83.65,64509.13740,0
1790414520000,771.080,771.320,771.080,771.320,173.03,1790414579999,133427.56220,504,151.46,116793.98730,0
1790414580000,771.310,771.390,771.230,771.270,138.28,1790414639999,106655.28430,522,102.02,78687.53270,0
1790414640000,771.280,771.380,770.950,770.950,398.46,1790414699999,307244.96040,837,35.73,27554.47840,0
1790414700000,770.950,771.040,770.850,771.040,98.67,1790414759999,76066.17130,499,54.82,42261.03800,0
1790414760000,771.040,771.040,770.880,770.930,91.27,1790414819999,70366.32500,351,29.90,23050.15780,0
1790414820000,770.940,771.250,770.930,771.250,196.20,1790414879999,151291.63400,583,149.04,114928.23290,0
1790414880000,771.250,771.290,771.080,771.080,111.50,1790414939999,85988.00120,454,26.84,20699.81200,0
1790414940000,771.080,771.090,770.970,770.970,52.06,1790414999999,40138.77280,190,7.14,5505.13370,0
1790415000000,770.980,770.980,770.770,770.770,259.54,1790415059999,200083.15970,546,194.78,150162.12460,0
1790415060000,770.780,770.890,770.620,770.890,527.22,1790415119999,406303.81830,784,314.12,242074.32180,0
1790415120000,770.890,770.890,770.570,770.740,333.24,1790415179999,256799.93130,546,174.03,134107.15190,0
1790415180000,770.740,770.750,770.600,770.650,168.68,1790415239999,129995.71920,461,53.07,40898.93870,0
1790415240000,770.660,770.930,770.650,770.920,171.65,1790415299999,132301.60930,630,149.97,115592.27320,0
1790415300000,770.930,770.950,770.820,770.820,89.99,1790415359999,69373.92010,257,42.09,32448.75320,0
1790415360000,770.820,770.830,770.550,770.640,527.78,1790415419999,406755.02830,530,75.84,58451.20250,0
1790415420000,770.640,770.790,770.640,770.750,154.97,1790415479999,119440.97830,552,124.71,96118.17450,0
1790415480000,770.760,770.810,770.650,770.660,216.78,1790415539999,167087.00190,314,77.59,59800.60250,0
1790415540000,770.660,770.910,770.550,770.910,161.63,1790415599999,124561.67660,575,124.41,95877.98240,0
1790415600000,770.900,770.970,770.840,770.890,145.74,1790415659999,112350.84980,390,111.97,86317.72020,0
1790415660000,770.880,771.140,770.880,771.040,163.70,1790415719999,126207.54930,556,133.82,103168.94920,0
1790415720000,771.040,771.130,771.040,771.090,85.14,1790415779999,65649.70090,356,64.76,49935.00830,0
1790415780000,771.080,771.290,771.080,771.290,52.90,1790415839999,40792.87470,345,43.71,33706.63250,0
1790415840000,771.280,771.350,771.160,771.330,229.98,1790415899999,177366.49930,606,165.03,127273.49890,0
1790415900000,771.330,771.750,771.270,771.660,169.92,1790415959999,131099.63000,578,131.36,101345.60340,0
1790415960000,771.660,771.680,771.530,771.530,80.49,1790416019999,62109.74990,277,50.31,38821.59980,0
1790416020000,771.540,771.810,771.530,771.680,102.84,1790416079999,79361.25310,465,54.52,42070.15820,0
1790416080000,771.680,771.680,771.400,771.530,80.06,1790416139999,61765.69800,441,36.30,28003.10430,0
1790416140000,771.530,771.600,771.530,771.540,30.87,1790416199999,23818.59750,230,24.57,18957.62400,0
1790416200000,771.540,771.560,771.530,771.550,94.99,1790416259999,73289.02870,243,72.39,55852.05700,0
1790416260000,771.550,771.550,771.280,771.370,141.75,1790416319999,109336.86910,556,93.24,71917.72800,0
1790416320000,771.380,771.530,771.380,771.530,37.66,1790416379999,29054.34270,374,31.27,24124.46930,0
1790416380000,771.530,771.650,771.510,771.610,62.75,1790416439999,48418.45150,306,49.69,38341.01160,0
1790416440000,771.610,771.670,771.480,771.490,56.56,1790416499999,43640.43810,359,36.71,28324.96690,0
1790416500000,771.490,771.540,771.480,771.530,15.64,1790416559999,12066.53700,279,12.51,9651.68660,0
1790416560000,771.540,771.630,771.530,771.620,72.52,1790416619999,55954.24280,400,46.78,36094.64590,0
1790416620000,771.630,771.890,771.600,771.660,122.37,1790416679999,94445.52610,505,88.45,68265.24690,0
1790416680000,771.660,771.660,771.480,771.490,56.99,1790416739999,43968.73090,283,18.29,14110.77630,0
1790416740000,771.480,771.630,771.480,771.630,153.71,1790416799999,118588.98410,382,90.58,69884.82310,0
1790416800000,771.640,771.850,771.640,771.760,165.33,1790416859999,127600.97080,488,65.35,50432.85080,0
1790416860000,771.770,771.840,771.760,771.840,74.08,1790416919999,57174.53130,399,59.84,46184.22860,0
1790416920000,771.850,772.090,771.850,772.040,146.17,1790416979999,112843.24900,764,89.10,68783.42070,0
1790416980000,772.050,772.250,772.040,772.190,123.68,1790417039999,95503.96150,591,73.23,56545.44960,0
1790417040000,772.200,772.330,772.190,772.320,51.93,1790417099999,40103.11050,450,49.45,38187.84280,0
1790417100000,772.320,772.330,772.250,772.250,56.45,1790417159999,43596.74400,202,5.73,4425.25890,0
1790417160000,772.260,772.360,772.250,772.330,104.57,1790417219999,80759.40740,571,78.51,60632.60630,0
1790417220000,772.340,772.340,772.330,772.340,57.95,1790417279999,44757.06550,324,54.77,42301.05610,0
1790417280000,772.340,772.400,772.330,772.390,110.09,1790417339999,85031.13300,451,100.62,77716.68860,0
1790417340000,772.390,772.700,772.390,772.690,225.54,1790417399999,174235.85420,726,215.08,166155.95510,0
1790417400000,772.700,772.710,772.690,772.700,75.81,1790417459999,58578.55440,288,65.02,50241.13410,0
1790417460000,772.710,772.780,772.710,772.770,34.64,1790417519999,26767.39340,380,30.26,23382.76500,0
1790417520000,772.780,772.880,772.770,772.840,113.02,1790417579999,87345.49340,454,88.91,68712.12450,0
1790417580000,772.830,772.880,772.830,772.880,45.46,1790417639999,35134.08980,217,34.29,26501.21090,0
1790417640000,772.880,772.880,772.760,772.760,56.95,1790417699999,44013.55490,250,21.61,16701.56300,0
1790417700000,772.770,772.820,772.760,772.820,49.62,1790417759999,38345.09080,270,44.32,34249.40930,0
1790417760000,772.810,772.960,772.810,772.910,66.42,1790417819999,51335.25890,405,17.38,13432.36600,0
1790417820000,772.910,773.100,772.900,773.090,155.45,1790417879999,120166.52830,521,118.28,91432.46190,0
1790417880000,773.090,773.250,773.080,773.240,117.67,1790417939999,90977.99660,451,89.53,69221.43290,0
1790417940000,773.240,773.400,773.240,773.400,103.14,1790417999999,79759.66570,490,86.61,66977.66810,0
1790418000000,773.400,773.470,773.390,773.460,51.52,1790418059999,39847.03930,343,38.99,30155.75340,0
1790418060000,773.460,773.710,773.460,773.710,130.71,1790418119999,101116.75300,637,122.29,94603.12490,0
1790418120000,773.710,773.710,773.490,773.500,106.07,1790418179999,82056.32860,526,45.05,34849.25090,0
1790418180000,773.490,773.500,773.440,773.480,64.92,1790418239999,50212.90420,302,36.02,27859.84440,0
1790418240000,773.490,773.620,773.490,773.620,84.26,1790418299999,65182.56450,363,63.11,48821.89070,0
1790418300000,773.610,773.620,773.470,773.480,65.35,1790418359999,50549.91280,260,20.77,16065.34820,0
1790418360000,773.480,773.520,773.470,773.510,44.10,1790418419999,34110.31540,234,13.19,10202.25640,0
1790418420000,773.510,773.530,773.510,773.530,34.54,1790418479999,26717.49580,282,22.97,17767.87000,0
1790418480000,773.530,773.530,773.480,773.510,72.91,1790418539999,56395.97790,256,34.28,26515.57340,0
1790418540000,773.510,773.670,773.510,773.560,81.79,1790418599999,63272.71210,386,42.80,33108.83490,0
1790418600000,773.570,773.610,773.470,773.480,113.42,1790418659999,87738.05870,284,57.70,44635.70210,0
1790418660000,773.480,773.540,773.300,773.530,346.69,1790418719999,268119.53320,438,151.46,117131.65210,0
1790418720000,773.530,773.540,773.530,773.540,33.77,1790418779999,26122.21870,140,11.06,8555.35240,0
1790418780000,773.540,773.540,773.530,773.530,12.80,1790418839999,9901.27610,124,9.21,7124.30340,0
1790418840000,773.530,773.570,773.410,773.410,119.49,1790418899999,92429.93560,719,68.81,53227.87620,0
1790418900000,773.420,773.490,773.410,773.480,52.09,1790418959999,40287.91760,300,30.57,23643.76410,0
1790418960000,773.490,773.490,773.430,773.430,34.84,1790419019999,26947.94620,238,12.06,9328.14140,0
1790419020000,773.440,773.440,773.410,773.420,21.70,1790419079999,16783.41620,127,8.23,6365.32560,0
1790419080000,773.420,773.420,773.300,773.310,32.10,1790419139999,24824.73200,161,1.84,1422.98170,0
1790419140000,773.300,773.650,773.300,773.590,340.24,1790419199999,263154.28270,736,308.88,238893.58060,0
1790419200000,773.600,773.650,773.590,773.640,80.09,1790419259999,61959.01450,257,75.35,58292.05340,0
1790419260000,773.650,773.660,773.640,773.660,116.35,1790419319999,90014.28360,383,64.79,50124.95040,0
1790419320000,773.650,773.660,773.460,773.570,223.77,1790419379999,173105.16550,525,86.37,66812.62800,0
1790419380000,773.580,773.610,773.400,773.480,132.94,1790419439999,102830.74430,466,68.51,52992.73650,0
1790419440000,773.480,773.700,773.480,773.700,42.20,1790419499999,32645.12690,348,36.33,28104.46650,0
1790419500000,773.700,773.950,773.700,773.890,191.48,1790419559999,148166.92760,640,156.77,121308.90400,0
1790419560000,773.900,773.990,773.890,773.990,81.76,1790419619999,63275.10350,299,71.04,54978.26080,0
1790419620000,773.990,774.060,773.860,773.930,327.70,1790419679999,253640.21910,458,170.34,131843.07270,0
1790419680000,773.930,773.940,773.900,773.910,27.05,1790419739999,20934.74690,156,9.88,7646.41500,0
1790419740000,773.910,774.000,773.860,773.870,52.76,1790419799999,40834.04540,304,15.70,12150.97340,0
1790419800000,773.870,774.190,773.860,774.100,142.86,1790419859999,110577.69680,536,118.54,91752.51180,0
1790419860000,774.100,774.100,774.070,774.070,28.07,1790419919999,21728.75160,180,13.36,10341.89240,0
1790419920000,774.070,774.080,774.070,774.080,13.94,1790419979999,10790.63350,139,9.77,7562.76160,0
1790419980000,774.070,774.080,774.020,774.030,41.79,1790420039999,32347.87940,188,3.40,2631.81660,0
1790420040000,774.020,774.030,773.810,773.980,201.96,1790420099999,156292.37110,437,32.72,25322.22870,0
1790420100000,773.970,774.050,773.920,774.040,257.34,1790420159999,199173.44590,337,207.57,160651.92170,0
1790420160000,774.040,774.330,774.040,774.330,58.52,1790420219999,45304.43680,418,50.25,38901.19620,0
1790420220000,774.320,774.330,774.320,774.330,46.52,1790420279999,36021.60870,189,24.23,18762.01590,0
1790420280000,774.320,774.330,774.240,774.240,60.36,1790420339999,46735.95650,145,2.81,2175.75480,0
1790420340000,774.240,774.380,774.220,774.380,163.34,1790420399999,126471.25280,318,135.58,104978.37700,0
1790420400000,774.380,774.500,774.370,774.500,84.10,1790420459999,65130.33180,404,65.48,50709.86920,0
1790420460000,774.500,774.660,774.190,774.270,405.04,1790420519999,313655.76580,793,126.09,97633.62840,0
1790420520000,774.280,774.420,774.270,774.420,30.76,1790420579999,23817.32430,267,23.61,18281.25640,0
1790420580000,774.420,774.620,774.410,774.490,121.75,1790420639999,94297.03880,402,54.18,41961.55450,0
1790420640000,774.490,774.580,774.440,774.580,62.93,1790420699999,48739.13040,249,20.40,15800.07160,0
1790420700000,774.570,774.580,774.470,774.470,61.94,1790420759999,47972.55690,253,30.18,23373.90190,0
1790420760000,774.480,774.600,774.470,774.600,102.02,1790420819999,79016.86140,193,96.15,74470.67900,0
1790420820000,774.590,774.600,774.590,774.600,20.54,1790420879999,15910.24270,114,16.41,12711.18600,0
1790420880000,774.600,774.900,774.590,774.740,297.59,1790420939999,230567.64250,600,220.27,170656.19330,0
1790420940000,774.740,774.910,774.740,774.910,76.18,1790420999999,59026.73280,311,63.45,49162.81980,0
1790421000000,774.900,774.910,774.640,774.680,198.02,1790421059999,153422.60840,359,16.25,12591.61420,0
1790421060000,774.680,774.770,774.680,774.770,81.00,1790421119999,62752.34010,158,74.37,57615.69090,0
1790421120000,774.760,774.790,774.760,774.780,45.58,1790421179999,35314.40840,161,29.92,23181.45830,0
1790421180000,774.790,774.900,774.780,774.900,55.69,1790421239999,43149.17620,192,33.74,26142.20730,0
1790421240000,774.900,774.920,774.890,774.910,72.71,1790421299999,56343.20510,153,65.68,50895.66830,0
1790421300000,774.910,774.910,774.860,774.860,97.59,1790421359999,75622.23020,273,28.90,22394.58860,0
1790421360000,774.860,774.960,774.820,774.960,139.34,1790421419999,107970.94730,347,92.12,71381.56210,0
1790421420000,774.960,775.020,774.950,775.000,123.03,1790421479999,95347.82890,335,85.27,66083.87100,0
1790421480000,774.990,775.170,774.990,775.160,92.70,1790421539999,71849.19510,303,85.46,66237.58250,0
1790421540000,775.160,775.170,775.120,775.120,65.66,1790421599999,50896.84280,228,23.70,18371.34110,0
1790421600000,775.120,775.130,775.060,775.070,208.40,1790421659999,161531.92710,296,11.14,8634.82880,0
1790421660000,775.060,775.070,774.930,775.010,99.67,1790421719999,77245.85200,297,8.52,6603.38390,0
1790421720000,775.000,775.010,774.760,774.770,203.46,1790421779999,157659.95740,444,23.82,18455.95550,0
1790421780000,774.780,774.960,774.770,774.960,48.26,1790421839999,37396.95490,280,17.88,13854.67980,0
1790421840000,774.960,774.960,774.950,774.950,16.88,1790421899999,13081.21290,105,5.69,4409.52240,0
1790421900000,774.950,774.990,774.950,774.990,26.63,1790421959999,20637.42030,163,16.61,12872.25650,0
1790421960000,775.000,775.000,774.940,774.950,65.22,1790422019999,50543.82620,221,13.96,10818.62100,0
1790422020000,774.950,774.960,774.850,774.870,69.30,1790422079999,53701.53710,328,22.26,17249.57030,0
1790422080000,774.870,774.900,774.850,774.860,200.05,1790422139999,155012.02070,168,5.57,4316.09670,0
1790422140000,774.860,774.860,774.680,774.780,274.34,1790422199999,212554.29830,533,10.37,8034.74210,0
1790422200000,774.780,774.840,774.770,774.840,30.64,1790422259999,23740.49980,226,21.08,16333.41240,0
1790422260000,774.840,774.840,774.830,774.840,9.62,1790422319999,7453.92080,107,5.62,4354.60080,0
1790422320000,774.840,775.440,774.830,775.440,243.81,1790422379999,188985.57560,666,238.60,184946.25480,0
1790422380000,775.440,775.680,775.440,775.680,181.47,1790422439999,140739.80050,404,160.97,124840.51000,0
1790422440000,775.670,775.770,775.670,775.760,105.14,1790422499999,81556.74900,276,58.43,45324.02490,0
1790422500000,775.760,776.000,775.750,775.990,318.09,1790422559999,246795.54410,657,228.68,177428.79900,0
1790422560000,775.990,775.990,775.970,775.980,81.56,1790422619999,63289.17830,211,19.82,15379.97400,0
1790422620000,775.990,776.180,775.990,776.170,547.18,1790422679999,424660.90400,548,413.61,320993.61530,0
1790422680000,776.160,776.430,776.160,776.340,365.36,1790422739999,283646.73490,582,255.49,198345.58470,0
1790422740000,776.340,776.360,776.330,776.330,101.98,1790422799999,79170.94110,207,62.66,48645.64550,0
1790422800000,776.330,776.340,776.040,776.300,279.89,1790422859999,217259.46350,527,130.84,101555.90130,0
1790422860000,776.310,776.320,776.130,776.150,169.91,1790422919999,131885.97070,377,34.12,26482.79070,0
1790422920000,776.140,776.270,776.140,776.260,108.62,1790422979999,84309.06540,239,76.99,59757.52380,0
1790422980000,776.260,776.360,776.260,776.280,101.19,1790423039999,78553.90670,251,32.88,25524.12310,0
1790423040000,776.280,776.280,776.010,776.130,104.01,1790423099999,80725.65520,393,17.34,13456.68490,0
1790423100000,776.120,776.230,776.120,776.230,37.58,1790423159999,29168.99840,157,26.42,20506.80580,0
1790423160000,776.220,776.290,776.210,776.290,174.15,1790423219999,135184.52060,405,82.80,64273.86280,0
1790423220000,776.280,776.290,776.230,776.240,55.82,1790423279999,43331.58790,250,14.75,11450.22510,0
1790423280000,776.230,776.240,775.920,775.920,226.01,1790423339999,175386.20960,410,6.14,4764.71590,0
1790423340000,775.920,775.950,775.920,775.930,60.04,1790423399999,46586.54060,233,20.28,15735.96140,0
1790423400000,775.920,775.930,775.880,775.890,33.85,1790423459999,26263.97520,211,5.69,4414.86900,0
1790423460000,775.890,775.890,775.880,775.890,26.61,1790423519999,20646.18130,219,1.45,1125.04050,0
1790423520000,775.890,775.890,775.820,775.820,128.03,1790423579999,99332.96300,332,41.05,31849.29800,0
1790423580000,775.820,775.850,775.740,775.850,227.96,1790423639999,176849.68220,314,150.28,116587.77310,0
1790423640000,775.840,775.850,775.730,775.730,121.91,1790423699999,94581.46090,268,58.40,45309.61850,0
1790423700000,775.720,775.730,775.680,775.680,24.43,1790423759999,18950.36160,113,2.66,2063.38650,0
1790423760000,775.690,775.800,775.690,775.800,37.47,1790423819999,29066.26100,187,27.63,21432.97540,0
1790423820000,775.790,775.800,775.600,775.610,160.09,1790423879999,124181.37810,398,15.76,12224.77810,0
1790423880000,775.620,775.660,775.420,775.600,348.13,1790423939999,270008.35510,451,27.19,21089.19540,0
1790423940000,775.610,775.780,775.560,775.740,129.71,1790423999999,100610.34190,284,98.62,76496.85420,0
1790424000000,775.730,775.740,775.730,775.740,94.32,1790424059999,73167.15690,167,30.33,23528.19420,0
1790424060000,775.740,775.740,775.680,775.680,84.13,1790424119999,65261.48210,266,29.69,23031.46540,0
1790424120000,775.680,775.690,775.410,775.420,98.68,1790424179999,76539.54350,454,1.51,1171.21420,0
1790424180000,775.410,775.420,775.030,775.100,289.38,1790424239999,224325.05170,572,57.17,44314.99100,0
1790424240000,775.110,775.120,775.060,775.060,84.63,1790424299999,65597.48750,280,38.65,29958.23580,0
1790424300000,775.060,775.460,775.060,775.430,324.83,1790424359999,251804.34810,371,285.58,221372.39550,0
1790424360000,775.420,775.500,775.410,775.500,67.95,1790424419999,52690.50800,247,34.89,27054.84300,0
1790424420000,775.500,775.830,775.330,775.550,554.26,1790424479999,429872.54090,919,207.73,161126.65010,0
1790424480000,775.540,775.660,775.540,775.660,52.26,1790424539999,40530.97780,224,45.27,35109.90730,0
1790424540000,775.660,775.780,775.510,775.520,169.04,1790424599999,131114.72390,474,37.33,28955.32800,0
1790424600000,775.510,775.520,775.510,775.520,31.19,1790424659999,24188.32320,111,16.63,12896.89760,0
1790424660000,775.520,775.520,775.300,775.310,75.26,1790424719999,58360.67880,395,7.14,5536.91790,0
1790424720000,775.310,775.310,775.200,775.210,51.64,1790424779999,40034.08610,265,4.81,3728.92620,0
1790424780000,775.210,775.220,775.200,775.220,68.46,1790424839999,53071.02740,114,52.97,41063.06760,0
1790424840000,775.220,775.450,775.210,775.370,250.77,1790424899999,194443.49010,440,192.25,149066.64750,0
1790424900000,775.370,775.680,775.360,775.680,39.85,1790424959999,30902.70210,277,31.36,24319.45430,0
1790424960000,775.670,775.750,775.670,775.750,32.68,1790425019999,25350.14590,206,16.72,12969.96260,0
1790425020000,775.750,775.950,775.700,775.950,65.21,1790425079999,50588.15600,375,30.67,23793.31040,0
1790425080000,775.940,776.410,775.860,776.160,808.83,1790425139999,627762.15440,1078,618.79,480247.97600,0
1790425140000,776.160,776.180,775.730,775.730,342.41,1790425199999,265682.22780,615,64.43,49993.15170,0
1790425200000,775.740,775.740,775.390,775.400,90.84,1790425259999,70457.02120,362,8.55,6631.27240,0
1790425260000,775.400,775.530,775.350,775.390,117.33,1790425319999,90981.21930,330,41.94,32520.44290,0
1790425320000,775.400,775.490,775.390,775.440,53.99,1790425379999,41866.21030,221,22.87,17733.74150,0
1790425380000,775.450,775.450,775.270,775.270,60.25,1790425439999,46715.25110,279,9.40,7287.77980,0
1790425440000,775.280,775.280,775.140,775.270,99.42,1790425499999,77070.19530,321,55.90,43332.87550,0
1790425500000,775.260,775.390,775.260,775.340,51.79,1790425559999,40154.20790,248,31.36,24313.72410,0
1790425560000,775.340,775.350,774.910,774.990,384.60,1790425619999,298080.41720,755,127.42,98748.87320,0
1790425620000,774.990,775.000,774.970,775.000,47.61,1790425679999,36897.01290,171,30.64,23745.55320,0
1790425680000,775.000,775.110,774.990,775.100,75.13,1790425739999,58228.57130,160,51.49,39905.55820,0
1790425740000,775.110,775.140,775.100,775.140,36.66,1790425799999,28415.63700,111,29.14,22586.86760,0
1790425800000,775.140,775.140,775.130,775.130,17.11,1790425859999,13262.49960,103,2.53,1961.10420,0
1790425860000,775.130,775.140,775.130,775.130,13.43,1790425919999,10410.02190,131,2.60,2015.36400,0
1790425920000,775.140,775.170,775.130,775.170,18.87,1790425979999,14626.84510,192,12.05,9340.45850,0
1790425980000,775.170,775.390,775.160,775.380,40.17,1790426039999,31141.45540,232,29.49,22861.78390,0
1790426040000,775.390,775.390,775.260,775.260,93.34,1790426099999,72372.07590,251,37.17,28819.70830,0
1790426100000,775.270,775.360,775.260,775.360,27.55,1790426159999,21359.16390,144,25.55,19808.49810,0
1790426160000,775.360,775.360,775.260,775.260,26.97,1790426219999,20910.89720,221,4.37,3388.29320,0
1790426220000,775.260,775.270,774.890,774.890,99.11,1790426279999,76817.96070,371,2.68,2077.20490,0
1790426280000,774.900,774.900,774.690,774.700,125.37,1790426339999,97136.45190,359,7.60,5888.74360,0
1790426340000,774.690,774.830,774.690,774.820,156.64,1790426399999,121358.50920,400,88.69,68710.42020,0
1790426400000,774.830,774.910,774.740,774.750,34.71,1790426459999,26894.58600,269,7.20,5578.54140,0
1790426460000,774.750,774.750,774.410,774.450,71.43,1790426519999,55327.21960,450,25.50,19748.68970,0
1790426520000,774.450,774.500,774.440,774.490,32.34,1790426579999,25046.50720,149,28.48,22057.03490,0
1790426580000,774.490,774.500,774.440,774.450,53.06,1790426639999,41093.49560,206,11.55,8944.92900,0
1790426640000,774.440,774.450,774.440,774.450,4.62,1790426699999,3577.93390,48,2.11,1634.08950,0
1790426700000,774.440,774.480,774.440,774.470,70.87,1790426759999,54884.89990,245,25.83,20004.10000,0
1790426760000,774.480,774.540,774.420,774.420,93.24,1790426819999,72213.59910,349,54.87,42496.77190,0
1790426820000,774.430,774.660,774.420,774.660,76.55,1790426879999,59284.28470,298,59.65,46196.55270,0
1790426880000,774.650,774.660,774.650,774.650,6.18,1790426939999,4787.35330,111,1.63,1262.69580,0
1790426940000,774.660,774.660,774.580,774.590,36.59,1790426999999,28344.18710,227,16.72,12952.19330,0
1790427000000,774.590,774.590,774.530,774.540,65.71,1790427059999,50896.69710,185,5.15,3989.13610,0
1790427060000,774.540,774.550,774.440,774.550,115.03,1790427119999,89088.77480,324,57.80,44763.80570,0
1790427120000,774.550,774.600,774.550,774.590,31.05,1790427179999,24050.69860,243,19.42,15042.33980,0
1790427180000,774.600,774.600,774.540,774.550,17.46,1790427239999,13524.03740,193,3.53,2734.25710,0
1790427240000,774.540,774.540,774.350,774.460,146.40,1790427299999,113374.51370,354,36.65,28381.48460,0
1790427300000,774.470,774.550,774.460,774.550,34.95,1790427359999,27068.25150,171,33.13,25658.73430,0
1790427360000,774.550,774.560,774.540,774.560,24.83,1790427419999,19232.16830,134,12.24,9480.58700,0
1790427420000,774.560,774.590,774.460,774.470,119.06,1790427479999,92218.93350,256,20.67,16010.30130,0
1790427480000,774.460,774.680,774.460,774.640,121.91,1790427539999,94429.82050,355,52.91,40980.70270,0
1790427540000,774.640,774.640,774.580,774.580,45.99,1790427599999,35623.82750,229,4.68,3625.21400,0
1790427600000,774.580,774.580,774.480,774.550,118.69,1790427659999,91926.93890,300,54.95,42559.12860,0
1790427660000,774.560,774.690,774.560,774.680,75.33,1790427719999,58351.86050,262,66.65,51628.04940,0
1790427720000,774.680,774.950,774.680,774.950,88.41,1790427779999,68499.56600,378,85.20,66012.49830,0
1790427780000,774.950,775.070,774.660,774.660,186.53,1790427839999,144548.34760,537,44.42,34422.55650,0
1790427840000,774.660,774.670,774.640,774.640,14.18,1790427899999,10984.49180,150,4.73,3664.10290,0
1790427900000,774.640,774.880,774.640,774.880,88.45,1790427959999,68523.38820,366,76.44,59219.89180,0
1790427960000,774.890,775.020,774.800,775.020,417.26,1790428019999,323336.19810,383,387.63,300377.09060,0
1790428020000,775.020,775.030,774.560,774.750,638.19,1790428079999,494466.01410,983,113.71,88092.19590,0
1790428080000,774.760,774.760,774.370,774.380,136.06,1790428139999,105388.86100,403,4.71,3648.74110,0
1790428140000,774.370,774.480,774.370,774.470,64.51,1790428199999,49956.80880,211,61.55,47664.41760,0
1790428200000,774.470,774.480,774.000,774.000,122.42,1790428259999,94784.21080,533,1.58,1223.16840,0
1790428260000,774.000,774.050,773.810,773.860,948.51,1790428319999,734064.54170,1393,826.71,639798.56000,0
1790428320000,773.860,774.080,773.530,774.080,465.63,1790428379999,360267.10280,894,234.16,181188.27100,0
1790428380000,774.080,774.110,773.670,773.840,98.74,1790428439999,76414.18010,429,57.13,44208.10480,0
1790428440000,773.850,773.910,773.740,773.750,95.36,1790428499999,73793.12170,281,32.91,25467.93460,0
1790428500000,773.750,773.980,773.620,773.620,249.39,1790428559999,192982.62030,559,33.00,25536.18910,0
1790428560000,773.620,773.760,773.510,773.750,77.37,1790428619999,59854.21970,435,34.83,26944.94730,0
1790428620000,773.760,773.910,773.750,773.910,34.79,1790428679999,26919.71240,250,25.41,19661.87000,0
1790428680000,773.900,773.900,772.900,773.180,1725.98,1790428739999,1334573.85060,1816,547.24,423100.24070,0
1790428740000,773.190,773.350,773.190,773.350,181.34,1790428799999,140225.28650,444,149.46,115572.34770,0
1790428800000,773.340,773.770,773.340,773.540,321.00,1790428859999,248328.15740,594,291.35,225389.20530,0
1790428860000,773.540,773.630,773.370,773.380,115.05,1790428919999,88998.60500,340,41.21,31878.11710,0
1790428920000,773.370,773.380,772.810,772.870,498.38,1790428979999,385256.04080,876,187.35,144819.90350,0
1790428980000,772.870,772.870,772.780,772.820,87.50,1790429039999,67621.57850,227,47.46,36676.84380,0
1790429040000,772.810,772.820,772.630,772.640,55.70,1790429099999,43040.14500,339,18.17,14039.10760,0
1790429100000,772.640,772.750,772.610,772.620,123.90,1790429159999,95734.65570,380,47.53,36725.31830,0
1790429160000,772.610,772.630,772.480,772.630,130.48,1790429219999,100800.15130,416,47.46,36663.73320,0
1790429220000,772.630,772.680,772.410,772.450,153.56,1790429279999,118620.69190,480,106.90,82573.42100,0
1790429280000,772.450,772.460,772.120,772.240,326.39,1790429339999,252086.32060,628,124.83,96411.09000,0
1790429340000,772.250,773.070,772.250,773.070,261.67,1790429399999,202201.58730,709,242.53,187414.01780,0
1790429400000,773.060,773.070,772.710,772.710,63.05,1790429459999,48729.77170,370,7.30,5642.46520,0
1790429460000,772.720,772.930,772.710,772.860,256.16,1790429519999,197972.58990,590,69.49,53699.72150,0
1790429520000,772.860,772.870,772.600,772.630,86.27,1790429579999,66662.87470,416,60.29,46586.94940,0
1790429580000,772.630,772.710,772.590,772.590,54.24,1790429639999,41908.20200,245,30.98,23936.16530,0
1790429640000,772.600,772.650,772.060,772.110,439.75,1790429699999,339642.66840,711,102.06,78822.47720,0
1790429700000,772.110,772.380,772.090,772.180,500.67,1790429759999,386620.15820,753,285.12,220176.62270,0
1790429760000,772.180,772.320,772.170,772.320,192.53,1790429819999,148672.81430,395,135.29,104471.68670,0
1790429820000,772.320,772.570,772.310,772.450,363.70,1790429879999,280957.92990,499,287.14,221811.74910,0
1790429880000,772.450,772.500,772.400,772.420,123.25,1790429939999,95200.86320,281,86.89,67115.57210,0
1790429940000,772.410,772.530,772.330,772.530,126.40,1790429999999,97631.69970,331,80.72,62348.82290,0
1790430000000,772.530,772.610,772.520,772.540,214.83,1790430059999,165965.20710,325,178.74,138083.52340,0
1790430060000,772.530,772.710,772.420,772.630,706.10,1790430119999,545468.86360,611,585.59,452369.71380,0
1790430120000,772.630,772.710,772.630,772.650,135.93,1790430179999,105027.52660,382,113.99,88075.07960,0
1790430180000,772.650,772.690,772.640,772.640,71.91,1790430239999,55562.99840,210,55.26,42697.97020,0
1790430240000,772.650,772.650,772.540,772.560,171.76,1790430299999,132704.78900,209,2.61,2016.53480,0
1790430300000,772.560,772.740,772.540,772.740,88.21,1790430359999,68151.11850,363,82.36,63631.54170,0
1790430360000,772.740,772.770,772.680,772.770,158.53,1790430419999,122498.52320,323,96.69,74712.51550,0
1790430420000,772.770,773.200,772.770,772.790,351.46,1790430479999,271693.37620,633,328.13,253660.74550,0
1790430480000,772.790,773.010,772.750,773.010,76.91,1790430539999,59438.07350,315,68.75,53132.07180,0
1790430540000,773.000,773.020,772.800,772.800,174.47,1790430599999,134861.08100,393,25.98,20081.55520,0
1790430600000,772.800,773.090,772.800,772.970,142.07,1790430659999,109809.80440,395,100.81,77917.41770,0
1790430660000,772.980,772.990,772.720,772.730,174.43,1790430719999,134816.76820,426,38.70,29912.95600,0
1790430720000,772.720,772.740,772.680,772.700,47.98,1790430779999,37073.86570,205,20.43,15786.07720,0
1790430780000,772.690,772.740,772.690,772.740,22.06,1790430839999,17046.14870,114,15.11,11675.67560,0
1790430840000,772.730,772.750,772.540,772.750,161.37,1790430899999,124682.88050,476,50.12,38725.09400,0
1790430900000,772.740,772.870,772.740,772.860,71.84,1790430959999,55520.10210,189,67.95,52513.78820,0
1790430960000,772.870,773.000,772.860,773.000,50.32,1790431019999,38895.09940,198,28.29,21866.21510,0
1790431020000,772.990,772.990,772.840,772.880,104.63,1790431079999,80869.13130,276,43.22,33402.68340,0
1790431080000,772.890,772.970,772.740,772.890,445.51,1790431139999,344317.27260,475,300.35,232132.18820,0
1790431140000,772.880,773.000,772.750,772.750,245.12,1790431199999,189438.47280,483,76.51,59132.78010,0
1790431200000,772.750,772.750,772.400,772.400,316.39,1790431259999,244414.97760,507,32.26,24918.92860,0
1790431260000,772.410,772.570,772.340,772.560,168.68,1790431319999,130292.95280,532,106.85,82535.88670,0
1790431320000,772.560,772.580,772.560,772.570,51.48,1790431379999,39771.96520,323,45.44,35105.70270,0
1790431380000,772.570,772.800,772.570,772.790,115.26,1790431439999,89056.20000,458,103.88,80264.02450,0
1790431440000,772.790,772.960,772.760,772.840,252.73,1790431499999,195326.91520,573,149.11,115237.38760,0
1790431500000,772.840,772.840,772.660,772.670,43.70,1790431559999,33767.69300,223,6.91,5339.49210,0
1790431560000,772.670,772.710,772.580,772.710,99.93,1790431619999,77207.18710,348,75.07,57999.67610,0
1790431620000,772.700,772.720,772.700,772.720,28.26,1790431679999,21836.76200,121,25.37,19603.65410,0
1790431680000,772.720,772.720,772.710,772.710,38.15,1790431739999,29479.21600,145,32.95,25461.12400,0
1790431740000,772.720,772.760,772.710,772.740,301.60,1790431799999,233053.02370,222,284.73,220016.90090,0
1790431800000,772.740,772.930,772.720,772.930,259.08,1790431859999,200211.41700,319,240.89,186154.76330,0
1790431860000,772.920,772.940,772.920,772.930,74.18,1790431919999,57336.27210,119,57.30,44289.36150,0
1790431920000,772.930,772.970,772.820,772.960,269.98,1790431979999,208669.34090,516,149.39,115468.56960,0
1790431980000,772.960,773.070,772.960,773.060,102.54,1790432039999,79265.62360,197,100.14,77410.30460,0
1790432040000,773.070,773.400,773.060,773.400,228.82,1790432099999,176911.83390,386,206.00,159269.35980,0
1790432100000,773.400,773.650,773.390,773.550,330.87,1790432159999,255943.72740,596,219.74,169969.87860,0
1790432160000,773.560,773.560,773.280,773.290,267.66,1790432219999,207014.71350,448,141.35,109317.70270,0
1790432220000,773.300,773.300,773.090,773.100,116.05,1790432279999,89729.70890,301,3.37,2605.82520,0
1790432280000,773.100,773.100,772.960,772.960,201.71,1790432339999,155927.60210,310,1.82,1406.93150,0
1790432340000,772.960,773.170,772.960,773.070,949.15,1790432399999,733698.59940,451,739.98,571988.64190,0
1790432400000,773.070,773.150,772.710,773.000,776.74,1790432459999,600392.74230,842,96.73,74771.05020,0
1790432460000,773.010,773.390,773.010,773.380,132.95,1790432519999,102785.18440,352,131.02,101292.85620,0
1790432520000,773.380,773.580,773.380,773.570,85.12,1790432579999,65836.96180,252,83.23,64375.09460,0
1790432580000,773.580,773.590,773.570,773.580,22.19,1790432639999,17165.73930,119,11.92,9221.08380,0
1790432640000,773.580,773.590,773.430,773.440,52.96,1790432699999,40965.55180,202,3.51,2714.97960,0
1790432700000,773.430,773.440,773.360,773.420,122.94,1790432759999,95080.41280,222,86.95,67245.19520,0
1790432760000,773.420,773.420,773.400,773.400,34.46,1790432819999,26651.71990,104,10.43,8066.70270,0
1790432820000,773.400,773.410,773.310,773.310,51.42,1790432879999,39766.90500,197,6.59,5096.72010,0
1790432880000,773.310,773.320,773.260,773.260,38.47,1790432939999,29748.78020,150,3.48,2691.12060,0
1790432940000,773.260,773.320,773.260,773.320,41.33,1790432999999,31959.36760,144,35.24,27250.18870,0
1790433000000,773.320,773.410,773.200,773.200,345.38,1790433059999,267087.29610,458,111.70,86372.65650,0
1790433060000,773.200,773.450,773.190,773.440,56.73,1790433119999,43868.13170,243,44.52,34426.24910,0
1790433120000,773.440,773.820,773.440,773.820,198.84,1790433179999,153834.34950,460,166.72,128981.37410,0
1790433180000,773.810,773.820,773.800,773.820,34.33,1790433239999,26565.00380,167,13.99,10825.74180,0
1790433240000,773.820,773.820,773.690,773.700,71.07,1790433299999,54990.95820,285,19.42,15025.18150,0
1790433300000,773.700,773.700,773.520,773.530,178.90,1790433359999,138399.98180,367,77.11,59649.97120,0
1790433360000,773.540,773.640,773.540,773.570,83.00,1790433419999,64209.81930,290,37.42,28948.30490,0
1790433420000,773.560,773.840,773.530,773.840,565.53,1790433479999,437475.11710,473,516.55,399585.91360,0
1790433480000,773.840,773.850,773.830,773.830,55.70,1790433539999,43103.03900,182,23.51,18193.14540,0
1790433540000,773.840,773.850,773.830,773.840,21.93,1790433599999,16970.26180,148,10.71,8287.84290,0
1790433600000,773.840,773.950,773.830,773.950,106.19,1790433659999,82181.29600,262,101.37,78451.16020,0
1790433660000,773.940,773.960,773.940,773.960,39.57,1790433719999,30625.13830,163,31.76,24580.66540,0
1790433720000,773.960,773.970,773.950,773.970,44.21,1790433779999,34216.70200,142,35.92,27800.65580,0
1790433780000,773.970,773.970,773.960,773.970,6.25,1790433839999,4837.29240,65,4.24,3281.63280,0
1790433840000,773.970,773.970,773.750,773.940,443.97,1790433899999,343571.09000,447,124.02,95971.57350,0
1790433900000,773.950,773.950,773.890,773.900,49.62,1790433959999,38401.51410,119,20.34,15741.12650,0
1790433960000,773.890,774.070,773.890,774.070,102.88,1790434019999,79622.98530,279,98.98,76604.65260,0
1790434020000,774.070,774.070,774.010,774.020,26.80,1790434079999,20744.60790,136,4.83,3738.63460,0
1790434080000,774.010,774.020,773.920,773.930,33.78,1790434139999,26144.60720,171,1.38,1068.10170,0
1790434140000,773.930,773.930,773.920,773.930,8.42,1790434199999,6516.44310,100,3.67,2840.32310,0
1790434200000,773.920,774.200,773.920,774.200,120.75,1790434259999,93462.58090,319,114.52,88640.52610,0
1790434260000,774.190,774.270,774.190,774.260,56.88,1790434319999,44036.74600,192,53.68,41559.33150,0
1790434320000,774.260,774.320,774.260,774.320,50.49,1790434379999,39094.49540,187,48.72,37724.02700,0
1790434380000,774.320,774.330,774.190,774.200,435.71,1790434439999,337364.65060,374,251.26,194542.40270,0
1790434440000,774.190,774.200,774.190,774.190,23.15,1790434499999,17922.58190,151,8.34,6456.82800,0
1790434500000,774.190,774.290,774.190,774.280,29.72,1790434559999,23009.81020,155,19.82,15345.08580,0
1790434560000,774.280,774.300,774.190,774.190,90.38,1790434619999,69978.20360,182,10.38,8036.52520,0
1790434620000,774.200,774.200,774.180,774.190,30.43,1790434679999,23558.55890,116,6.32,4892.91200,0
1790434680000,774.180,774.180,774.150,774.150,24.25,1790434739999,18773.45790,107,4.61,3568.87760,0
1790434740000,774.160,774.160,774.150,774.150,11.80,1790434799999,9135.03250,46,6.25,4838.50000,0
1790434800000,774.160,774.410,774.150,774.400,333.15,1790434859999,257954.27220,320,311.52,241204.36820,0
1790434860000,774.400,774.420,774.280,774.290,87.84,1790434919999,68022.45270,310,21.43,16595.09040,0
1790434920000,774.300,774.360,774.210,774.250,164.25,1790434979999,127179.46490,449,39.95,30931.64630,0
1790434980000,774.260,774.330,774.200,774.320,422.41,1790435039999,327041.96470,418,151.70,117449.36920,0
1790435040000,774.330,774.600,774.320,774.500,199.81,1790435099999,154749.68680,489,177.98,137843.75740,0
1790435100000,774.500,774.510,774.400,774.410,65.86,1790435159999,51007.00180,340,22.36,17317.65120,0
1790435160000,774.410,774.420,774.400,774.420,79.95,1790435219999,61914.30840,334,62.65,48517.16500,0
1790435220000,774.420,774.430,774.420,774.430,53.70,1790435279999,41586.52500,304,19.18,14853.54660,0
1790435280000,774.420,774.590,774.420,774.580,161.24,1790435339999,124874.73080,382,150.59,116625.63460,0
1790435340000,774.590,774.600,774.580,774.590,29.99,1790435399999,23229.89100,262,15.18,11758.35180,0
1790435400000,774.600,774.600,774.460,774.480,71.30,1790435459999,55223.50190,323,22.64,17534.11970,0
1790435460000,774.480,774.520,774.470,774.510,62.76,1790435519999,48607.03510,240,59.24,45880.76030,0
1790435520000,774.520,774.530,774.510,774.520,29.98,1790435579999,23220.11410,266,27.23,21090.21000,0
1790435580000,774.530,774.540,774.430,774.430,56.65,1790435639999,43875.93140,370,9.39,7272.83240,0
1790435640000,774.430,774.450,774.430,774.450,29.22,1790435699999,22629.06520,205,19.46,15070.61710,0
1790435700000,774.450,774.490,774.440,774.480,19.67,1790435759999,15233.92450,220,14.33,11098.22890,0
1790435760000,774.490,774.710,774.480,774.700,86.00,1790435819999,66613.86800,475,76.22,59039.25540,0
1790435820000,774.700,774.700,774.690,774.700,44.73,1790435879999,34652.20380,228,32.01,24798.14700,0
1790435880000,774.690,774.700,774.660,774.670,37.29,1790435939999,28888.06570,240,9.32,7220.14400,0
1790435940000,774.670,774.670,774.660,774.670,34.30,1790435999999,26571.12540,198,28.74,22264.01580,0
1790436000000,774.660,774.670,774.620,774.630,58.21,1790436059999,45091.92410,277,10.82,8381.52570,0
1790436060000,774.630,774.630,774.420,774.550,251.93,1790436119999,195121.57120,593,43.46,33660.45970,0
1790436120000,774.550,774.550,774.490,774.500,35.98,1790436179999,27867.28680,236,8.73,6761.57450,0
1790436180000,774.500,774.500,774.470,774.470,19.21,1790436239999,14877.79630,246,7.39,5723.43580,0
1790436240000,774.480,774.590,774.420,774.490,272.01,1790436299999,210674.84160,600,81.30,62967.85060,0
1790436300000,774.490,774.630,774.360,774.590,205.95,1790436359999,159494.41190,530,67.11,51975.12250,0
1790436360000,774.590,774.600,774.580,774.600,12.84,1790436419999,9945.78630,186,8.85,6855.17410,0
1790436420000,774.600,774.610,774.590,774.610,35.66,1790436479999,27622.24780,281,27.41,21231.87770,0
1790436480000,774.610,774.620,774.600,774.620,16.07,1790436539999,12448.05180,200,11.93,9241.16760,0
1790436540000,774.620,774.620,774.610,774.620,9.92,1790436599999,7684.21530,184,8.41,6514.55420,0
1790436600000,774.620,774.760,774.610,774.760,65.30,1790436659999,50586.93160,306,51.93,40228.59260,0
1790436660000,774.760,774.780,774.720,774.730,116.51,1790436719999,90267.47120,367,63.09,48879.91740,0
1790436720000,774.720,774.840,774.720,774.840,72.30,1790436779999,56017.89070,345,56.00,43388.52670,0
1790436780000,774.840,774.940,774.630,774.840,502.09,1790436839999,389025.68940,665,163.16,126414.71460,0
1790436840000,774.840,774.900,774.830,774.900,62.44,1790436899999,48381.57820,276,50.57,39184.34310,0
1790436900000,774.900,774.970,774.690,774.790,312.64,1790436959999,242235.05880,625,164.42,127389.99600,0
1790436960000,774.790,774.860,774.780,774.860,140.32,1790437019999,108722.41740,394,40.14,31101.46670,0
1790437020000,774.860,774.860,774.760,774.830,194.99,1790437079999,151081.41380,477,38.76,30030.86750,0
1790437080000,774.830,774.830,774.780,774.830,287.72,1790437139999,222924.94120,387,65.68,50888.86450,0
1790437140000,774.820,774.850,774.670,774.850,386.91,1790437199999,299767.46880,448,99.85,77364.42270,0
1790437200000,774.840,774.850,774.540,774.550,279.55,1790437259999,216565.60710,439,31.78,24617.93940,0
1790437260000,774.540,774.760,774.540,774.760,86.60,1790437319999,67081.42080,290,72.29,55995.79050,0
1790437320000,774.760,775.000,774.760,774.860,517.05,1790437379999,400672.40640,488,468.28,362881.48620,0
1790437380000,774.850,774.860,774.550,774.550,86.47,1790437439999,66992.27720,300,1.78,1378.85950,0
1790437440000,774.560,774.920,774.550,774.850,614.89,1790437499999,476311.28820,388,565.98,438423.95850,0
1790437500000,774.850,774.850,774.550,774.550,91.04,1790437559999,70533.98130,271,4.64,3594.84730,0
1790437560000,774.550,774.560,774.230,774.230,165.59,1790437619999,128227.94400,372,5.50,4259.48910,0
1790437620000,774.240,774.240,774.140,774.200,93.01,1790437679999,72005.20710,323,44.91,34767.48380,0
1790437680000,774.200,774.200,774.190,774.190,21.32,1790437739999,16505.91510,103,18.43,14268.50600,0
1790437740000,774.190,774.200,773.990,773.990,141.02,1790437799999,109163.85640,403,6.24,4830.21910,0
1790437800000,773.990,774.190,773.990,774.190,96.30,1790437859999,74538.40200,373,71.41,55273.64570,0
1790437860000,774.180,774.410,774.180,774.350,104.28,1790437919999,80746.72980,332,50.97,39465.76730,0
1790437920000,774.350,775.020,774.300,774.830,305.48,1790437979999,236641.89440,807,253.22,196154.47080,0
1790437980000,774.840,774.840,774.610,774.620,140.10,1790438039999,108540.79030,258,10.30,7979.32960,0
1790438040000,774.610,774.810,774.610,774.800,97.04,1790438099999,75177.05370,269,90.99,70490.53770,0
1790438100000,774.800,774.810,774.610,774.650,133.60,1790438159999,103499.28980,394,27.71,21466.97090,0
1790438160000,774.640,774.660,774.640,774.660,43.78,1790438219999,33914.25630,144,10.04,7777.56700,0
1790438220000,774.650,774.670,774.650,774.660,39.26,1790438279999,30413.20970,141,37.76,29251.22470,0
1790438280000,774.670,774.670,774.660,774.660,24.04,1790438339999,18622.91280,126,8.64,6693.14880,0
1790438340000,774.660,774.670,774.660,774.670,14.79,1790438399999,11457.32950,123,10.81,8374.18270,0
1790438400000,774.670,774.700,774.430,774.430,159.16,1790438459999,123282.98350,376,34.66,26848.28460,0
1790438460000,774.430,774.440,774.360,774.360,153.60,1790438519999,118951.66500,365,10.38,8038.68450,0
1790438520000,774.360,774.370,774.210,774.250,154.21,1790438579999,119395.82960,427,67.39,52175.54320,0
1790438580000,774.240,774.440,774.130,774.440,336.13,1790438639999,260233.74510,583,176.79,136868.95550,0
1790438640000,774.430,774.440,774.300,774.300,42.18,1790438699999,32663.57240,202,4.79,3708.99130,0
1790438700000,774.300,774.310,774.300,774.310,72.43,1790438759999,56082.72040,245,17.14,13271.67340,0
1790438760000,774.310,774.440,774.310,774.440,132.33,1790438819999,102477.80080,347,51.59,39950.32500,0
1790438820000,774.430,774.710,774.430,774.710,447.44,1790438879999,346596.75230,605,322.42,249744.56190,0
1790438880000,774.710,774.710,774.700,774.710,21.95,1790438939999,17004.73140,179,6.64,5144.07440,0
1790438940000,774.710,774.810,774.700,774.810,53.55,1790438999999,41486.22370,349,40.16,31112.87340,0
1790439000000,774.800,774.810,774.670,774.670,270.57,1790439059999,209617.18430,290,9.18,7112.71280,0
1790439060000,774.670,774.670,774.600,774.610,43.09,1790439119999,33378.88320,193,10.44,8087.04260,0
1790439120000,774.610,774.610,774.600,774.610,22.17,1790439179999,17172.97480,187,9.28,7188.38080,0
1790439180000,774.600,774.740,774.600,774.680,62.80,1790439239999,48650.60750,321,34.91,27043.54090,0
1790439240000,774.680,774.690,774.600,774.620,88.93,1790439299999,68890.68690,219,74.48,57696.95520,0
1790439300000,774.620,774.690,774.620,774.690,42.04,1790439359999,32566.35660,239,31.64,24510.01820,0
1790439360000,774.690,774.690,774.680,774.680,17.62,1790439419999,13649.97890,176,11.73,9087.11370,0
1790439420000,774.690,774.690,774.680,774.680,17.78,1790439479999,13773.89380,201,8.34,6460.91460,0
1790439480000,774.690,774.840,774.680,774.830,28.11,1790439539999,21779.01520,273,22.42,17370.48190,0
1790439540000,774.830,774.870,774.810,774.810,91.12,1790439599999,70603.96740,271,64.64,50086.02450,0
1790439600000,774.800,774.810,774.560,774.570,58.30,1790439659999,45164.92540,272,19.53,15129.24470,0
1790439660000,774.560,774.570,774.410,774.560,69.49,1790439719999,53818.03250,422,37.90,29351.88190,0
1790439720000,774.560,774.610,774.560,774.610,52.15,1790439779999,40394.96640,133,33.21,25724.04930,0
1790439780000,774.610,774.610,774.490,774.500,48.71,1790439839999,37728.56590,217,10.94,8473.65160,0
1790439840000,774.500,774.500,774.320,774.320,31.03,1790439899999,24029.71240,174,7.90,6117.82520,0
1790439900000,774.330,774.330,774.230,774.240,31.13,1790439959999,24103.58960,156,12.95,10026.94350,0
1790439960000,774.230,774.240,774.230,774.240,34.60,1790440019999,26788.56090,167,20.29,15709.32960,0
1790440020000,774.240,774.240,774.080,774.090,114.42,1790440079999,88577.48850,255,29.39,22752.19440,0
1790440080000,774.090,774.160,774.080,774.150,61.04,1790440139999,47250.78020,242,53.38,41321.08450,0
1790440140000,774.150,774.240,774.150,774.240,27.74,1790440199999,21476.54480,139,21.60,16722.78620,0
1790440200000,774.230,774.240,774.230,774.240,23.50,1790440259999,18194.60520,168,20.02,15500.28480,0
1790440260000,774.240,774.500,774.230,774.490,35.91,1790440319999,27805.24500,315,30.10,23306.31060,0
1790440320000,774.500,774.500,774.490,774.500,42.77,1790440379999,33125.13180,204,19.45,15064.02500,0
1790440380000,774.490,774.520,774.490,774.510,66.99,1790440439999,51884.45200,198,36.74,28455.54050,0
1790440440000,774.510,774.510,774.500,774.500,61.19,1790440499999,47392.16430,107,50.93,39445.79430,0
1790440500000,774.500,774.510,774.420,774.430,35.61,1790440559999,27578.45620,173,22.99,17804.91530,0
1790440560000,774.430,774.440,774.420,774.440,148.68,1790440619999,115142.38450,242,136.63,105810.60520,0
1790440620000,774.440,774.540,774.430,774.540,95.77,1790440679999,74170.66600,241,87.87,68052.27600,0
1790440680000,774.530,774.670,774.530,774.670,47.67,1790440739999,36924.81430,267,43.05,33346.11040,0
1790440740000,774.670,774.670,774.620,774.620,72.82,1790440799999,56410.37100,170,10.19,7893.68210,0
1790440800000,774.620,774.620,774.510,774.510,28.09,1790440859999,21758.08120,177,6.41,4965.05660,0
1790440860000,774.510,774.520,774.450,774.460,28.65,1790440919999,22188.70110,123,11.11,8604.35540,0
1790440920000,774.460,774.460,774.450,774.460,36.08,1790440979999,27942.39800,175,24.20,18741.93200,0
1790440980000,774.450,774.460,774.450,774.450,32.22,1790441039999,24953.00500,112,22.60,17502.79600,0
1790441040000,774.460,774.470,774.430,774.440,83.86,1790441099999,64945.03110,211,31.86,24673.78940,0
1790441100000,774.430,774.440,774.330,774.330,44.91,1790441159999,34778.32400,174,9.51,7364.40020,0
1790441160000,774.340,774.340,774.310,774.320,21.26,1790441219999,16462.27050,187,9.86,7634.92960,0
1790441220000,774.310,774.470,774.310,774.390,70.21,1790441279999,54369.79100,342,50.35,38989.46260,0
1790441280000,774.380,774.390,774.140,774.190,255.15,1790441339999,197547.63330,423,36.48,28246.57860,0
1790441340000,774.190,774.350,774.190,774.340,37.45,1790441399999,28995.02610,198,32.83,25418.08340,0
1790441400000,774.340,774.360,774.190,774.200,126.16,1790441459999,97680.25550,234,14.35,11110.77980,0
1790441460000,774.200,774.200,774.190,774.190,26.22,1790441519999,20299.39480,158,13.30,10296.86000,0
1790441520000,774.190,774.200,774.190,774.190,24.67,1790441579999,19099.44450,208,17.72,13718.82400,0
1790441580000,774.200,774.200,774.190,774.200,45.05,1790441639999,34877.67510,145,41.56,32175.75200,0
1790441640000,774.190,774.690,774.190,774.580,235.31,1790441699999,182251.32760,588,191.16,148053.99610,0
1790441700000,774.570,774.570,774.480,774.490,52.07,1790441759999,40329.89560,166,8.93,6916.34100,0
1790441760000,774.480,774.490,774.360,774.420,84.71,1790441819999,65600.77050,292,37.52,29055.77820,0
1790441820000,774.420,774.740,774.420,774.680,185.02,1790441879999,143324.40050,370,172.89,133926.99720,0
1790441880000,774.680,774.680,774.600,774.610,42.53,1790441939999,32945.52840,148,7.41,5740.02440,0
1790441940000,774.600,774.780,774.520,774.780,112.78,1790441999999,87359.99420,421,69.10,53527.63280,0
1790442000000,774.780,774.780,774.700,774.700,43.70,1790442059999,33856.12900,163,12.64,9792.90120,0
1790442060000,774.700,774.710,774.700,774.710,29.15,1790442119999,22582.77160,153,26.66,20653.76860,0
1790442120000,774.710,774.710,774.510,774.510,111.98,1790442179999,86743.70080,428,20.75,16074.59070,0
1790442180000,774.520,774.520,774.210,774.250,95.83,1790442239999,74199.20730,408,75.64,58564.40680,0
1790442240000,774.250,774.250,774.100,774.210,254.33,1790442299999,196893.18560,550,99.87,77314.68290,0
1790442300000,774.220,774.250,774.220,774.250,47.97,1790442359999,37140.14360,231,46.43,35947.83270,0
1790442360000,774.240,774.240,774.030,774.070,122.08,1790442419999,94501.14620,368,66.75,51668.04670,0
1790442420000,774.060,774.070,774.000,774.000,48.51,1790442479999,37548.18750,274,8.16,6316.33900,0
1790442480000,774.000,774.060,773.920,774.060,161.74,1790442539999,125179.22420,404,40.69,31492.29210,0
1790442540000,774.050,774.060,774.050,774.060,21.60,1790442599999,16719.54780,125,6.78,5248.12680,0
1790442600000,774.050,774.050,773.830,773.830,40.57,1790442659999,31396.72920,227,8.30,6422.98780,0
1790442660000,773.840,773.840,773.550,773.640,166.29,1790442719999,128652.61290,522,33.23,25709.22280,0
1790442720000,773.640,773.760,773.640,773.750,65.40,1790442779999,50599.78720,213,57.08,44162.18720,0
1790442780000,773.750,773.910,773.750,773.900,44.01,1790442839999,34056.27250,212,27.33,21147.93370,0
1790442840000,773.910,773.910,773.900,773.910,16.56,1790442899999,12815.84910,97,6.51,5038.15410,0
1790442900000,773.910,773.910,773.620,773.620,43.19,1790442959999,33417.91320,250,10.97,8487.94330,0
1790442960000,773.620,773.620,773.460,773.490,67.40,1790443019999,52136.45140,276,21.14,16352.40030,0
1790443020000,773.490,773.750,773.490,773.590,141.73,1790443079999,109639.26230,446,120.76,93415.46350,0
1790443080000,773.580,773.590,773.580,773.580,18.96,1790443139999,14667.17160,81,9.48,7333.63320,0
1790443140000,773.590,773.590,773.370,773.440,236.61,1790443199999,182996.84250,456,160.34,124006.03320,0
1790443200000,773.440,773.610,773.440,773.500,150.58,1790443259999,116480.04890,304,107.81,83394.37470,0
1790443260000,773.490,773.500,773.400,773.410,46.91,1790443319999,36281.80170,147,30.90,23898.68060,0
1790443320000,773.410,773.420,773.360,773.360,31.50,1790443379999,24361.42670,141,10.06,7780.10560,0
1790443380000,773.360,773.450,773.360,773.450,61.95,1790443439999,47912.83190,255,43.44,33596.55710,0
1790443440000,773.450,773.520,773.450,773.510,95.72,1790443499999,74039.83260,249,69.72,53928.65240,0
1790443500000,773.520,773.680,773.520,773.680,60.51,1790443559999,46809.80610,288,51.84,40102.79630,0
1790443560000,773.680,773.760,773.500,773.510,88.09,1790443619999,68152.41470,342,34.10,26382.84960,0
1790443620000,773.500,773.520,773.500,773.510,22.22,1790443679999,17187.43320,132,14.72,11386.12520,0
1790443680000,773.510,773.520,773.500,773.510,43.71,1790443739999,33810.13170,170,14.74,11401.67390,0
1790443740000,773.500,773.520,773.430,773.440,96.48,1790443799999,74626.12870,195,35.00,27072.59160,0
1790443800000,773.430,773.570,773.430,773.430,211.34,1790443859999,163474.26920,333,79.93,61823.14310,0
1790443860000,773.440,773.440,773.280,773.280,51.85,1790443919999,40099.36340,284,8.49,6566.21980,0
1790443920000,773.280,773.290,773.170,773.290,120.61,1790443979999,93258.64180,280,5.21,4028.84090,0
1790443980000,773.280,773.290,773.090,773.100,148.49,1790444039999,114803.85250,305,74.59,57666.99910,0
1790444040000,773.100,773.110,772.830,772.840,168.21,1790444099999,130021.55430,391,9.63,7444.27830,0
1790444100000,772.840,772.970,772.790,772.920,282.99,1790444159999,218710.42910,428,240.25,185677.35940,0
1790444160000,772.920,772.950,772.910,772.950,61.24,1790444219999,47333.77610,197,54.08,41799.73770,0
1790444220000,772.950,773.150,772.950,773.000,92.52,1790444279999,71523.59220,346,59.58,46057.04300,0
1790444280000,773.010,773.010,772.910,772.920,45.73,1790444339999,35348.50670,240,19.25,14879.73620,0
1790444340000,772.920,773.050,772.910,773.050,82.71,1790444399999,63930.27150,248,78.97,61039.57930,0
1790444400000,773.040,773.080,772.860,772.870,427.48,1790444459999,330441.71830,400,44.42,34337.10370,0
1790444460000,772.870,772.870,772.770,772.780,42.16,1790444519999,32583.51160,160,10.07,7782.70360,0
1790444520000,772.770,772.960,772.770,772.960,83.31,1790444579999,64384.55080,290,77.30,59739.76120,0
1790444580000,772.960,772.960,772.950,772.960,25.43,1790444639999,19656.36750,128,24.90,19246.70400,0
1790444640000,772.960,773.200,772.950,773.200,210.14,1790444699999,162463.67610,342,204.93,158435.62020,0
1790444700000,773.190,773.200,773.040,773.040,36.54,1790444759999,28249.76950,190,12.59,9733.36740,0
1790444760000,773.050,773.050,773.040,773.040,25.79,1790444819999,19936.91220,158,21.06,16280.43300,0
1790444820000,773.040,773.050,773.010,773.020,57.87,1790444879999,44735.53560,196,11.57,8944.10450,0
1790444880000,773.020,773.050,773.010,773.040,44.26,1790444939999,34214.17640,159,40.95,31655.42330,0
1790444940000,773.050,773.050,772.730,772.730,168.70,1790444999999,130382.64760,368,14.28,11035.88270,0
1790445000000,772.740,772.740,772.710,772.720,77.49,1790445059999,59878.41240,168,39.66,30646.30600,0
1790445060000,772.710,772.740,772.710,772.740,49.64,1790445119999,38358.00250,148,48.40,37399.82870,0
1790445120000,772.730,772.930,772.730,772.870,93.70,1790445179999,72410.73330,340,85.76,66273.89890,0
1790445180000,772.870,772.990,772.770,772.960,226.98,1790445239999,175418.70310,440,186.13,143849.16730,0
1790445240000,772.950,772.960,772.800,772.820,112.68,1790445299999,87086.09760,187,20.47,15820.75320,0
1790445300000,772.820,772.830,772.820,772.830,16.48,1790445359999,12736.18130,88,10.77,8323.37910,0
1790445360000,772.830,773.100,772.820,773.080,277.70,1790445419999,214646.78660,497,199.86,154482.41380,0
1790445420000,773.080,773.080,772.870,772.870,40.14,1790445479999,31027.57130,226,13.43,10380.90420,0
1790445480000,772.880,772.880,772.870,772.870,13.42,1790445539999,10372.02790,103,11.25,8694.90000,0
1790445540000,772.870,772.880,772.870,772.880,16.28,1790445599999,12582.46330,88,13.97,10797.13360,0
1790445600000,772.870,772.900,772.710,772.900,107.90,1790445659999,83386.33660,443,52.04,40217.19840,0
1790445660000,772.890,772.970,772.890,772.960,81.83,1790445719999,63248.27860,288,59.44,45942.82620,0
1790445720000,772.960,773.140,772.960,773.140,65.62,1790445779999,50726.89400,296,50.97,39401.16290,0
1790445780000,773.140,773.420,773.130,773.410,248.08,1790445839999,191842.78490,543,209.98,162378.94460,0
1790445840000,773.410,773.410,773.350,773.370,124.55,1790445899999,96324.84050,225,53.60,41452.45000,0
1790445900000,773.370,773.370,773.310,773.370,52.99,1790445959999,40979.78920,258,22.94,17740.51280,0
1790445960000,773.370,773.440,773.320,773.320,73.28,1790446019999,56673.89370,269,43.22,33425.40250,0
1790446020000,773.320,773.330,773.010,773.010,160.21,1790446079999,123881.50120,334,11.62,8984.67750,0
1790446080000,773.010,773.020,772.970,772.980,18.19,1790446139999,14060.91660,101,7.04,5441.92000,0
1790446140000,772.970,773.100,772.970,773.010,132.58,1790446199999,102487.24380,348,129.29,99944.17210,0
1790446200000,773.020,773.020,773.010,773.010,18.55,1790446259999,14339.45600,143,12.05,9314.89100,0
1790446260000,773.010,773.020,773.000,773.000,33.68,1790446319999,26034.97190,198,12.31,9515.80350,0
1790446320000,773.010,773.010,773.000,773.000,8.95,1790446379999,6918.41030,82,6.03,4661.25030,0
1790446380000,773.010,773.010,773.000,773.000,10.85,1790446439999,8387.12480,90,7.48,5782.11480,0
1790446440000,773.010,773.010,772.960,772.960,20.04,1790446499999,15490.79560,140,7.65,5913.39170,0
1790446500000,772.960,772.970,772.760,772.760,54.65,1790446559999,42235.03180,289,35.35,27318.78230,0
1790446560000,772.760,772.770,772.760,772.760,12.52,1790446619999,9675.04490,79,8.97,6931.74690,0
1790446620000,772.760,772.770,772.710,772.710,104.70,1790446679999,80907.23470,235,9.70,7495.63950,0
1790446680000,772.720,772.720,772.710,772.710,31.78,1790446739999,24556.90350,121,17.97,13885.77840,0
1790446740000,772.710,772.720,772.580,772.580,80.20,1790446799999,61967.21250,370,19.82,15313.33420,0
1790446800000,772.580,772.590,772.500,772.540,136.50,1790446859999,105452.95130,289,8.96,6922.21930,0
1790446860000,772.530,772.720,772.530,772.720,175.22,1790446919999,135377.83750,316,142.20,109863.62920,0
1790446920000,772.710,772.720,772.670,772.680,30.15,1790446979999,23297.24680,201,11.88,9179.91280,0
1790446980000,772.670,772.680,772.550,772.560,31.00,1790447039999,23951.11750,192,19.98,15436.88120,0
1790447040000,772.560,772.560,772.500,772.510,59.44,1790447099999,45919.09140,214,16.37,12646.53510,0
1790447100000,772.510,772.510,772.410,772.410,55.86,1790447159999,43151.22460,180,8.85,6836.56790,0
1790447160000,772.410,772.550,772.410,772.550,67.54,1790447219999,52169.98070,252,44.92,34697.98330,0
1790447220000,772.550,772.600,772.540,772.600,64.07,1790447279999,49499.37470,112,21.98,16981.06210,0
1790447280000,772.600,772.600,772.410,772.410,58.99,1790447339999,45572.43840,235,13.80,10660.23670,0
1790447340000,772.420,772.420,772.410,772.420,13.22,1790447399999,10211.36920,47,10.90,8419.37800,0
1790447400000,772.420,772.450,772.390,772.450,75.79,1790447459999,58540.62130,291,42.70,32981.77700,0
1790447460000,772.450,772.460,772.440,772.450,31.77,1790447519999,24540.67830,171,22.94,17720.02780,0
1790447520000,772.450,772.590,772.450,772.580,30.23,1790447579999,23353.86310,229,28.40,21940.05880,0
1790447580000,772.580,772.720,772.500,772.610,240.91,1790447639999,186122.71090,522,184.76,142741.69690,0
1790447640000,772.610,772.610,772.340,772.340,82.67,1790447699999,63856.38790,289,14.95,11547.92390,0
1790447700000,772.340,772.350,772.340,772.350,18.57,1790447759999,14342.46200,110,10.82,8356.82700,0
1790447760000,772.340,772.390,772.340,772.340,75.52,1790447819999,58328.38900,248,66.08,51037.26670,0
1790447820000,772.350,772.350,772.060,772.070,261.67,1790447879999,202065.75980,549,8.56,6610.02730,0
1790447880000,772.060,772.070,772.010,772.020,729.62,1790447939999,563276.26440,364,106.64,82328.64750,0
1790447940000,772.020,772.060,772.000,772.010,1481.31,1790447999999,1143587.90470,534,225.98,174460.53610,0
1790448000000,772.020,772.020,771.390,771.430,5502.17,1790448059999,4247501.15320,896,154.64,119332.63290,0
1790448060000,771.440,771.450,771.290,771.360,473.67,1790448119999,365380.11210,445,179.80,138694.67870,0
1790448120000,771.360,771.360,771.350,771.350,68.87,1790448179999,53123.16580,123,29.13,22469.71680,0
1790448180000,771.350,771.360,771.310,771.320,95.67,1790448239999,73794.11190,228,66.97,51656.92440,0
1790448240000,771.320,771.320,771.080,771.090,113.64,1790448299999,87638.70870,422,22.14,17073.91260,0
1790448300000,771.080,771.160,771.060,771.060,267.83,1790448359999,206526.39940,377,178.89,137944.19140,0
1790448360000,771.070,771.120,771.060,771.060,196.36,1790448419999,151410.44920,376,138.44,106748.75380,0
1790448420000,771.070,771.120,771.060,771.090,66.74,1790448479999,51462.20610,209,54.28,41854.43930,0
1790448480000,771.080,771.090,771.080,771.080,32.86,1790448539999,25337.94810,115,25.93,19994.36370,0
1790448540000,771.090,771.320,771.090,771.310,171.02,1790448599999,131892.60900,358,130.84,100902.18530,0
1790448600000,771.310,771.320,771.090,771.100,73.65,1790448659999,56798.46310,295,12.46,9608.66570,0
1790448660000,771.100,771.190,771.010,771.140,273.76,1790448719999,211092.37560,566,198.62,153150.81050,0
1790448720000,771.140,771.150,771.140,771.150,22.09,1790448779999,17034.64810,96,16.55,12762.53250,0
1790448780000,771.140,771.150,771.060,771.120,101.17,1790448839999,78010.83820,346,85.51,65935.42750,0
1790448840000,771.120,771.510,771.110,771.510,157.74,1790448899999,121659.64070,368,151.02,116476.18150,0
1790448900000,771.500,771.510,771.410,771.420,109.63,1790448959999,84576.60820,244,64.12,49467.58370,0
1790448960000,771.420,771.420,771.370,771.410,61.23,1790449019999,47232.07520,211,54.40,41963.46720,0
1790449020000,771.400,771.410,771.390,771.390,59.20,1790449079999,45667.00710,161,13.80,10645.45800,0
1790449080000,771.380,771.420,771.380,771.410,61.00,1790449139999,47055.33460,119,48.98,37783.11900,0
1790449140000,771.410,771.430,771.410,771.430,29.61,1790449199999,22841.81670,102,25.41,19601.88130,0
1790449200000,771.430,771.630,771.420,771.580,93.75,1790449259999,72331.35950,327,61.16,47186.45550,0
1790449260000,771.590,771.860,771.580,771.860,99.11,1790449319999,76483.53060,405,93.07,71822.60790,0
1790449320000,771.850,771.860,771.800,771.810,69.87,1790449379999,53926.81690,230,37.74,29128.11340,0
1790449380000,771.800,771.800,771.310,771.510,327.59,1790449439999,252728.63380,714,161.62,124675.18370,0
1790449440000,771.500,771.660,771.500,771.640,88.75,1790449499999,68480.96700,256,76.56,59074.59300,0
1790449500000,771.640,771.760,771.640,771.730,63.51,1790449559999,49009.47350,194,53.72,41454.46720,0
1790449560000,771.720,771.730,771.670,771.670,43.00,1790449619999,33183.79980,211,18.61,14361.84140,0
1790449620000,771.670,771.700,771.650,771.700,41.66,1790449679999,32147.44600,205,23.86,18411.85760,0
1790449680000,771.700,771.890,771.700,771.890,124.54,1790449739999,96119.08320,325,122.98,94915.18270,0
1790449740000,771.880,771.920,771.860,771.870,97.94,1790449799999,75600.09040,268,67.55,52142.20570,0
1790449800000,771.870,771.870,771.680,771.680,48.34,1790449859999,37306.38650,203,19.48,15033.13160,0
1790449860000,771.690,771.690,771.600,771.600,59.94,1790449919999,46253.16550,268,10.48,8087.13220,0
1790449920000,771.610,771.610,771.460,771.460,149.35,1790449979999,115229.64630,283,7.66,5910.15820,0
1790449980000,771.460,771.590,771.250,771.290,785.90,1790450039999,606303.35390,775,357.19,275584.31820,0
1790450040000,771.280,771.310,771.250,771.300,224.66,1790450099999,173272.87270,281,162.20,125099.84990,0
1790450100000,771.310,771.380,771.300,771.370,71.54,1790450159999,55180.74210,216,62.20,47976.62880,0
1790450160000,771.370,771.510,771.370,771.500,58.13,1790450219999,44841.88020,258,44.00,33941.81690,0
1790450220000,771.500,771.510,771.320,771.320,55.16,1790450279999,42551.17050,332,7.24,5584.64590,0
1790450280000,771.320,771.460,771.260,771.460,235.96,1790450339999,181993.23710,438,206.28,159100.97570,0
1790450340000,771.450,771.460,771.250,771.300,91.74,1790450399999,70761.19540,309,50.74,39134.93560,0
1790450400000,771.300,771.310,771.100,771.100,82.40,1790450459999,63547.51050,289,39.70,30614.29030,0
1790450460000,771.100,771.270,771.100,771.270,77.43,1790450519999,59709.73710,337,68.96,53178.06310,0
1790450520000,771.270,771.270,771.020,771.130,505.89,1790450579999,390121.23960,522,66.42,51218.99150,0
1790450580000,771.140,771.170,771.130,771.150,111.71,1790450639999,86144.86300,300,85.87,66218.32180,0
1790450640000,771.150,771.240,771.140,771.240,106.30,1790450699999,81975.58320,217,97.09,74873.26370,0
1790450700000,771.230,771.240,771.230,771.230,17.39,1790450759999,13411.78340,147,9.37,7226.51880,0
1790450760000,771.230,771.360,771.110,771.360,317.79,1790450819999,245078.54770,563,275.22,212248.30340,0
1790450820000,771.360,771.410,771.330,771.330,65.03,1790450879999,50162.00710,279,28.69,22130.57610,0
1790450880000,771.330,771.350,771.330,771.350,33.22,1790450939999,25623.97550,151,27.01,20833.97890,0
1790450940000,771.350,771.820,771.340,771.580,1572.31,1790450999999,1213175.78020,1651,1375.78,1061533.87640,0
1790451000000,771.570,771.570,771.400,771.420,82.71,1790451059999,63806.61110,307,37.71,29090.16320,0
1790451060000,771.420,771.420,771.410,771.410,19.51,1790451119999,15050.33560,118,12.65,9758.46300,0
1790451120000,771.410,771.490,771.410,771.490,112.75,1790451179999,86979.37000,258,108.62,83793.25650,0
1790451180000,771.490,771.520,771.480,771.510,59.17,1790451239999,45649.99480,167,49.37,38089.24990,0
1790451240000,771.510,771.530,771.510,771.530,54.03,1790451299999,41685.41060,192,47.64,36755.42070,0
1790451300000,771.530,771.540,771.530,771.540,12.56,1790451359999,9690.51130,64,9.45,7291.05300,0
1790451360000,771.540,771.540,771.500,771.500,145.54,1790451419999,112287.16000,342,68.50,52849.10130,0
1790451420000,771.500,771.500,771.380,771.380,59.82,1790451479999,46148.55750,233,7.79,6009.20750,0
1790451480000,771.380,771.390,771.220,771.230,100.13,1790451539999,77231.89110,331,21.12,16289.42400,0
1790451540000,771.230,771.230,771.220,771.220,30.60,1790451599999,23599.40510,120,7.31,5637.69130,0
1790451600000,771.220,771.230,771.220,771.220,28.28,1790451659999,21810.22630,172,12.47,9617.23810,0
1790451660000,771.230,771.410,771.220,771.400,118.40,1790451719999,91321.80340,377,81.79,63083.90170,0
1790451720000,771.410,771.510,771.400,771.500,122.00,1790451779999,94114.85520,254,70.55,54425.97770,0
1790451780000,771.510,771.530,771.500,771.530,33.82,1790451839999,26092.66280,149,29.31,22613.15290,0
1790451840000,771.530,771.530,771.400,771.410,208.86,1790451899999,161129.12010,312,18.26,14087.05190,0
1790451900000,771.400,771.450,771.320,771.390,213.58,1790451959999,164752.06860,281,91.63,70682.88360,0
1790451960000,771.380,771.390,771.380,771.390,19.51,1790452019999,15049.76570,115,14.19,10946.02410,0
1790452020000,771.380,771.390,771.380,771.390,22.25,1790452079999,17163.32790,158,12.29,9480.38310,0
1790452080000,771.390,771.480,771.380,771.480,57.99,1790452139999,44734.92290,294,54.93,42374.33540,0
1790452140000,771.480,771.490,771.470,771.490,78.07,1790452199999,60229.23200,189,37.48,28915.25940,0
1790452200000,771.490,771.490,771.260,771.260,163.23,1790452259999,125922.65940,331,24.76,19101.38440,0
1790452260000,771.270,771.270,771.260,771.260,19.95,1790452319999,15386.73000,127,9.30,7172.81100,0
1790452320000,771.260,771.270,771.200,771.260,85.43,1790452379999,65885.66440,353,41.28,31835.86180,0
1790452380000,771.250,771.260,771.200,771.210,137.39,1790452439999,105959.82130,195,3.39,2614.56690,0
1790452440000,771.210,771.210,771.200,771.200,17.30,1790452499999,13341.90510,119,14.51,11190.25710,0
1790452500000,771.210,771.210,771.200,771.210,22.22,1790452559999,17136.22620,63,16.22,12509.02620,0
1790452560000,771.210,771.210,771.200,771.210,6.41,1790452619999,4943.43560,78,4.36,3362.47560,0
1790452620000,771.210,771.230,771.200,771.230,38.38,1790452679999,29599.11310,132,31.74,24478.25570,0
1790452680000,771.220,771.230,771.220,771.220,43.80,1790452739999,33779.86310,82,42.71,32939.23330,0
1790452740000,771.230,771.230,771.220,771.230,11.77,1790452799999,9077.33950,70,8.01,6177.55230,0
1790452800000,771.230,771.260,771.220,771.240,44.81,1790452859999,34559.46360,189,27.88,21502.25620,0
1790452860000,771.240,771.250,771.180,771.190,57.16,1790452919999,44082.67380,285,12.60,9717.02400,0
1790452920000,771.180,771.230,771.180,771.230,65.19,1790452979999,50274.06740,261,52.54,40518.61790,0
1790452980000,771.230,771.260,771.220,771.230,123.00,1790453039999,94863.23240,241,24.69,19041.89950,0
1790453040000,771.230,771.240,770.900,770.900,488.05,1790453099999,376291.43580,540,16.13,12437.06530,0
1790453100000,770.910,771.060,770.900,771.060,105.34,1790453159999,81212.51850,301,103.68,79932.61020,0
1790453160000,771.060,771.230,771.000,771.190,234.40,1790453219999,180744.35050,563,182.28,140552.63020,0
1790453220000,771.190,771.190,771.060,771.120,197.52,1790453279999,152309.18450,502,136.21,105032.25080,0
1790453280000,771.120,771.140,771.010,771.010,138.34,1790453339999,106676.33140,346,64.51,49745.52780,0
1790453340000,771.010,771.010,770.120,770.250,1241.31,1790453399999,956208.99100,1669,131.16,101020.12130,0
1790453400000,770.250,770.520,770.240,770.510,329.27,1790453459999,253666.42500,506,174.97,134788.07240,0
1790453460000,770.520,770.760,770.520,770.760,275.75,1790453519999,212498.17080,593,162.84,125482.28590,0
1790453520000,770.750,770.750,770.580,770.580,130.87,1790453579999,100859.59220,349,63.72,49106.80510,0
1790453580000,770.590,770.960,770.590,770.930,706.60,1790453639999,544668.90350,785,597.80,460795.96540,0
1790453640000,770.920,770.930,770.790,770.850,93.60,1790453699999,72151.14210,185,52.21,40243.99000,0
1790453700000,770.840,770.900,770.820,770.890,175.74,1790453759999,135468.17390,313,96.02,74016.65240,0
1790453760000,770.890,770.930,770.890,770.930,101.54,1790453819999,78279.00270,262,32.06,24715.52370,0
1790453820000,770.930,770.960,770.930,770.960,27.04,1790453879999,20846.25440,161,23.88,18410.09730,0
1790453880000,770.960,771.260,770.950,770.970,514.49,1790453939999,396720.78840,705,373.52,288024.03510,0
1790453940000,770.970,770.970,770.800,770.830,124.45,1790453999999,95938.02460,352,76.95,59322.56390,0
1790454000000,770.830,770.830,770.630,770.640,56.33,1790454059999,43416.21470,373,19.01,14652.35380,0
1790454060000,770.630,770.630,770.600,770.600,15.62,1790454119999,12036.91390,127,5.09,3922.43810,0
1790454120000,770.600,770.710,770.600,770.610,80.39,1790454179999,61951.85550,416,58.14,44804.48260,0
1790454180000,770.600,770.600,770.540,770.550,23.11,1790454239999,17807.44570,159,5.37,4137.96850,0
1790454240000,770.540,770.540,770.480,770.480,51.51,1790454299999,39688.79880,161,31.94,24609.71860,0
1790454300000,770.490,770.810,770.480,770.750,89.72,1790454359999,69137.33850,462,75.62,58270.73000,0
1790454360000,770.750,770.760,770.680,770.690,30.90,1790454419999,23815.11860,129,3.28,2527.88260,0
1790454420000,770.690,770.800,770.680,770.800,41.49,1790454479999,31977.12850,232,37.56,28948.12690,0
1790454480000,770.800,771.110,770.800,770.910,228.58,1790454539999,176239.75790,548,121.18,93424.26570,0
1790454540000,770.920,770.920,770.910,770.920,26.96,1790454599999,20783.99720,74,26.36,20321.45120,0
1790454600000,770.910,770.920,770.870,770.870,19.83,1790454659999,15287.03130,204,3.26,2513.18900,0
1790454660000,770.870,770.870,770.780,770.820,89.85,1790454719999,69257.07670,226,47.83,36866.93310,0
1790454720000,770.820,770.820,770.740,770.760,39.35,1790454779999,30329.49210,243,21.63,16671.40040,0
1790454780000,770.760,770.830,770.760,770.800,44.87,1790454839999,34585.83370,222,31.69,24426.51620,0
1790454840000,770.800,770.810,770.800,770.800,23.64,1790454899999,18221.88110,107,16.91,13034.39710,0
1790454900000,770.800,770.810,770.750,770.750,15.97,1790454959999,12309.44460,140,0.87,670.59820,0
1790454960000,770.750,770.810,770.750,770.800,83.62,1790455019999,64451.13170,434,77.76,59934.35650,0
1790455020000,770.810,770.810,770.800,770.800,12.54,1790455079999,9665.86760,81,3.56,2744.08360,0
1790455080000,770.800,770.810,770.600,770.600,122.51,1790455139999,94424.63640,373,4.07,3136.53240,0
1790455140000,770.600,770.610,769.380,769.420,1750.78,1790455199999,1347975.65360,1647,198.11,152532.04410,0
1790455200000,769.420,769.430,768.250,768.370,2209.58,1790455259999,1698727.03040,2843,546.44,420122.30530,0
1790455260000,768.370,768.520,767.610,768.520,1289.33,1790455319999,990324.26810,2108,461.13,354252.13320,0
1790455320000,768.510,768.560,767.880,768.160,304.98,1790455379999,234287.98630,824,168.46,129403.03810,0
1790455380000,768.160,768.170,767.880,767.880,755.08,1790455439999,579917.40880,965,376.50,289154.37400,0
1790455440000,767.880,768.070,767.620,768.070,380.49,1790455499999,292133.84880,773,183.04,140534.05660,0
1790455500000,768.070,768.650,767.870,768.160,1790.94,1790455559999,1375854.05580,2409,326.95,251194.63560,0
1790455560000,768.170,768.520,768.090,768.250,173.36,1790455619999,133191.92250,672,105.20,80818.57570,0
1790455620000,768.250,768.250,767.030,767.290,1105.89,1790455679999,848705.68240,2233,421.24,323212.05560,0
1790455680000,767.290,767.730,767.290,767.720,245.78,1790455739999,188655.42870,804,172.42,132342.36820,0
1790455740000,767.720,767.720,767.180,767.180,146.44,1790455799999,112382.13360,608,60.82,46676.54390,0
1790455800000,767.180,768.000,767.180,768.000,370.10,1790455859999,284018.05480,842,236.84,181757.17490,0
1790455860000,768.000,768.770,767.970,768.760,496.06,1790455919999,381172.90210,911,469.95,361109.90240,0
1790455920000,768.770,768.820,768.560,768.710,563.66,1790455979999,433288.12150,546,255.84,196646.72750,0
1790455980000,768.710,769.110,768.710,769.050,169.25,1790456039999,130135.91100,511,157.82,121346.46740,0
1790456040000,769.060,769.210,769.050,769.210,251.95,1790456099999,193769.03390,314,242.03,186138.97160,0
1790456100000,769.200,769.560,769.200,769.560,209.84,1790456159999,161454.32660,370,202.93,156137.52690,0
1790456160000,769.550,769.670,769.480,769.670,158.18,1790456219999,121728.79480,410,93.50,71955.10420,0
1790456220000,769.670,769.710,769.510,769.710,293.68,1790456279999,226026.26460,444,72.75,55989.52280,0
1790456280000,769.710,769.760,769.710,769.750,53.38,1790456339999,41089.03240,129,37.94,29204.09240,0
1790456340000,769.750,769.750,769.510,769.710,260.34,1790456399999,200349.08340,401,188.42,144994.60040,0
1790456400000,769.700,769.840,769.630,769.840,278.44,1790456459999,214313.99560,705,132.14,101709.31560,0
1790456460000,769.840,770.050,769.790,770.040,280.84,1790456519999,216215.24590,676,131.29,101080.27840,0
1790456520000,770.040,770.290,770.040,770.280,167.50,1790456579999,129002.58420,533,139.96,107790.73300,0
1790456580000,770.290,770.380,770.280,770.370,62.66,1790456639999,48267.79900,335,43.45,33470.17840,0
1790456640000,770.370,770.690,770.370,770.650,367.81,1790456699999,283422.61840,729,215.43,165991.98150,0
1790456700000,770.650,770.690,770.650,770.680,71.24,1790456759999,54902.41930,233,19.07,14696.79220,0
1790456760000,770.690,770.800,770.690,770.800,42.92,1790456819999,33080.48710,350,40.94,31554.42550,0
1790456820000,770.790,770.800,770.740,770.780,162.86,1790456879999,125527.03280,335,45.11,34768.76060,0
1790456880000,770.780,770.790,770.720,770.720,138.67,1790456939999,106879.01640,214,3.89,2998.29710,0
1790456940000,770.720,770.730,770.710,770.720,93.02,1790456999999,71692.01760,321,33.24,25618.80680,0
1790457000000,770.710,770.720,770.650,770.660,156.18,1790457059999,120364.03420,275,19.96,15382.51370,0
1790457060000,770.670,770.900,770.650,770.820,433.10,1790457119999,333814.80150,683,287.07,221263.19230,0
1790457120000,770.820,771.070,770.820,771.060,73.90,1790457179999,56971.61260,319,39.23,30244.14710,0
1790457180000,771.070,771.270,771.070,771.240,111.81,1790457239999,86227.23950,401,76.11,58693.97800,0
1790457240000,771.240,771.250,771.240,771.240,30.22,1790457299999,23307.13670,127,26.39,20353.28750,0
1790457300000,771.250,771.250,771.230,771.230,51.64,1790457359999,39826.76690,194,18.88,14561.02500,0
1790457360000,771.230,771.240,771.230,771.230,26.34,1790457419999,20314.24250,135,4.43,3416.59320,0
1790457420000,771.230,771.360,771.230,771.350,66.38,1790457479999,51196.64790,269,53.46,41232.11050,0
1790457480000,771.360,771.600,771.350,771.590,84.26,1790457539999,65002.94170,338,78.69,60706.10730,0
1790457540000,771.590,771.750,771.590,771.740,37.18,1790457599999,28691.42390,284,33.04,25496.66880,0
1790457600000,771.750,771.750,771.500,771.500,122.49,1790457659999,94518.30280,338,3.43,2646.90510,0
1790457660000,771.500,771.510,771.390,771.390,50.98,1790457719999,39328.25450,174,7.47,5762.39890,0
1790457720000,771.390,771.470,771.390,771.460,75.63,1790457779999,58342.97010,343,63.09,48669.03360,0
1790457780000,771.470,771.720,771.470,771.660,53.53,1790457839999,41307.69100,234,27.79,21444.25190,0
1790457840000,771.660,771.900,771.660,771.900,190.25,1790457899999,146825.53450,453,184.16,142125.21220,0
1790457900000,771.890,771.960,771.890,771.950,130.17,1790457959999,100479.49950,197,123.23,95122.39490,0
1790457960000,771.950,772.170,771.950,772.160,165.63,1790458019999,127869.43650,404,160.76,124109.90780,0
1790458020000,772.160,772.380,772.160,772.300,161.45,1790458079999,124688.51140,448,95.63,73852.11580,0
1790458080000,772.290,772.290,772.250,772.270,28.32,1790458139999,21870.40520,174,18.44,14240.47450,0
1790458140000,772.270,772.440,772.270,772.440,188.10,1790458199999,145282.24380,354,133.56,103157.93060,0
1790458200000,772.450,772.730,772.450,772.730,164.33,1790458259999,126974.59530,371,133.78,103368.57890,0
1790458260000,772.720,772.810,772.720,772.800,128.97,1790458319999,99661.04450,222,65.56,50662.22370,0
1790458320000,772.800,772.860,772.800,772.850,65.50,1790458379999,50620.32070,173,28.84,22288.39610,0
1790458380000,772.860,772.970,772.850,772.890,128.54,1790458439999,99347.58600,278,112.86,87228.83690,0
1790458440000,772.880,773.520,772.880,773.510,265.34,1790458499999,205158.99020,709,256.73,198501.95540,0
1790458500000,773.490,773.500,773.220,773.220,328.03,1790458559999,253679.13510,526,65.34,50528.39690,0
1790458560000,773.220,773.220,773.020,773.030,83.39,1790458619999,64468.71120,260,23.86,18444.50840,0
1790458620000,773.030,773.120,773.020,773.080,70.62,1790458679999,54594.29340,211,24.32,18800.48500,0
1790458680000,773.080,773.090,772.810,772.820,213.72,1790458739999,165203.73010,413,3.88,2999.22320,0
1790458740000,772.820,772.820,772.520,772.700,343.16,1790458799999,265137.76190,389,15.57,12030.64170,0
1790458800000,772.700,772.700,772.270,772.380,235.31,1790458859999,181756.33560,600,49.67,38360.94040,0
1790458860000,772.380,772.390,772.330,772.340,38.44,1790458919999,29689.74570,143,7.14,5514.78880,0
1790458920000,772.340,772.420,772.330,772.340,111.41,1790458979999,86050.41110,230,54.14,41815.41170,0
1790458980000,772.340,772.430,772.330,772.340,80.68,1790459039999,62314.46650,267,42.03,32461.89740,0
1790459040000,772.340,772.350,772.340,772.350,16.94,1790459099999,13083.48290,105,4.33,3344.27550,0
1790459100000,772.350,772.350,772.280,772.280,90.47,1790459159999,69870.71870,232,59.33,45820.58110,0
1790459160000,772.290,772.290,772.180,772.180,54.01,1790459219999,41708.92630,217,4.02,3104.46390,0
1790459220000,772.190,772.190,772.110,772.120,19.08,1790459279999,14732.63820,149,1.28,988.32910,0
1790459280000,772.120,772.120,772.100,772.110,12.28,1790459339999,9481.49980,111,0.32,247.07660,0
1790459340000,772.100,772.110,772.100,772.100,23.47,1790459399999,18121.37320,89,18.62,14376.68820,0
1790459400000,772.100,772.100,771.400,771.780,569.32,1790459459999,439346.01030,1248,211.61,163282.02390,0
1790459460000,771.770,771.780,771.540,771.660,188.50,1790459519999,145460.31840,310,10.17,7848.97380,0
1790459520000,771.650,772.150,771.650,772.100,118.33,1790459579999,91338.29280,483,105.04,81077.35420,0
1790459580000,772.090,772.180,771.880,772.030,473.15,1790459639999,365276.00070,595,410.10,316601.46090,0
1790459640000,772.020,772.110,771.930,771.940,93.85,1790459699999,72454.69580,290,5.32,4107.16770,0
1790459700000,771.930,771.950,771.780,771.780,65.21,1790459759999,50335.20450,236,0.45,347.36630,0
1790459760000,771.780,772.180,771.780,772.180,73.97,1790459819999,57102.01480,351,58.54,45190.53870,0
1790459820000,772.180,772.380,772.150,772.380,112.13,1790459879999,86592.50350,379,51.34,39647.27590,0
1790459880000,772.380,772.680,772.380,772.510,275.86,1790459939999,213122.02110,418,200.13,154617.55340,0
1790459940000,772.500,772.610,772.360,772.370,110.02,1790459999999,84992.02820,343,30.17,23306.38920,0
1790460000000,772.370,772.750,772.360,772.750,170.27,1790460059999,131541.85530,421,112.41,86837.57620,0
1790460060000,772.760,772.990,772.760,772.870,306.13,1790460119999,236602.57720,729,128.03,98949.25860,0
1790460120000,772.870,772.890,772.560,772.670,227.41,1790460179999,175732.42540,753,105.74,81710.84420,0
1790460180000,772.670,772.680,772.310,772.670,143.59,1790460239999,110927.08300,918,76.54,59130.11670,0
1790460240000,772.680,772.860,772.680,772.860,116.27,1790460299999,89850.54480,400,30.90,23877.98550,0
1790460300000,772.860,773.410,772.860,773.290,253.72,1790460359999,196139.23860,824,164.99,127540.96960,0
1790460360000,773.290,773.860,773.260,773.530,676.47,1790460419999,523344.20060,1397,362.69,280577.56410,0
1790460420000,773.540,773.550,773.440,773.440,68.35,1790460479999,52870.06270,225,7.23,5592.60210,0
1790460480000,773.440,773.450,773.310,773.320,140.06,1790460539999,108321.32710,474,37.40,28923.46150,0
1790460540000,773.310,773.340,773.170,773.340,87.78,1790460599999,67874.61480,410,57.49,44452.87070,0
1790460600000,773.340,773.390,773.280,773.370,133.62,1790460659999,103333.74630,337,60.92,47110.94390,0
1790460660000,773.380,773.570,773.370,773.560,109.16,1790460719999,84432.94720,258,89.88,69519.92000,0
1790460720000,773.570,773.870,773.560,773.830,215.77,1790460779999,166956.77970,657,126.54,97907.90400,0
1790460780000,773.830,773.860,773.760,773.760,47.91,1790460839999,37074.04490,272,20.51,15871.12010,0
1790460840000,773.760,773.860,773.740,773.850,151.98,1790460899999,117599.79580,302,119.58,92530.16670,0
1790460900000,773.850,773.870,773.850,773.860,53.71,1790460959999,41564.24120,158,24.96,19315.78100,0
1790460960000,773.860,773.880,773.770,773.810,786.82,1790461019999,608890.19220,415,532.32,411944.49530,0
1790461020000,773.800,773.800,773.130,773.310,475.23,1790461079999,367565.28120,794,25.39,19632.20580,0
1790461080000,773.300,773.500,773.300,773.370,197.64,1790461139999,152863.42570,428,144.86,112040.51730,0
1790461140000,773.360,773.370,773.360,773.360,24.59,1790461199999,19016.96910,151,4.67,3611.63790,0
1790461200000,773.360,773.370,773.200,773.200,98.17,1790461259999,75917.62860,250,4.00,3093.42760,0
1790461260000,773.200,773.210,773.170,773.180,9.09,1790461319999,7028.27320,82,0.62,479.37550,0
1790461320000,773.170,773.180,773.070,773.070,45.83,1790461379999,35432.77810,263,7.00,5411.61330,0
1790461380000,773.070,773.190,773.020,773.180,70.49,1790461439999,54496.68490,283,35.99,27824.72080,0
1790461440000,773.180,773.310,773.150,773.280,72.46,1790461499999,56030.82780,291,23.88,18464.68260,0
1790461500000,773.270,773.280,773.010,773.180,81.76,1790461559999,63217.51010,468,42.68,33000.82410,0
1790461560000,773.180,773.300,773.180,773.290,62.99,1790461619999,48708.37570,232,13.18,10191.27490,0
1790461620000,773.290,773.340,773.280,773.290,70.57,1790461679999,54573.27280,217,49.14,38000.87800,0
1790461680000,773.290,773.650,773.290,773.620,128.42,1790461739999,99332.89550,482,93.83,72574.20770,0
1790461740000,773.620,773.670,773.600,773.600,65.91,1790461799999,50990.74340,240,23.67,18312.10270,0
1790461800000,773.600,773.610,773.460,773.600,114.42,1790461859999,88511.71960,311,17.60,13613.55810,0
1790461860000,773.610,773.660,773.520,773.520,34.59,1790461919999,26759.89940,220,5.47,4231.67700,0
1790461920000,773.530,773.530,773.520,773.530,23.13,1790461979999,17891.61430,90,9.67,7480.03510,0
1790461980000,773.520,773.520,773.280,773.310,72.93,1790462039999,56405.74200,400,12.29,9503.90150,0
1790462040000,773.300,773.350,773.300,773.300,37.84,1790462099999,29262.38240,189,20.79,16077.18570,0
1790462100000,773.300,773.380,773.300,773.380,16.46,1790462159999,12729.27060,124,7.12,5506.25440,0
1790462160000,773.380,773.410,773.230,773.260,115.75,1790462219999,89512.21870,340,15.35,11870.26840,0
1790462220000,773.260,773.270,773.260,773.260,31.55,1790462279999,24396.50760,156,15.46,11954.75420,0
1790462280000,773.270,773.270,773.260,773.270,11.95,1790462339999,9240.49740,86,4.04,3124.01080,0
1790462340000,773.260,773.270,773.260,773.270,9.59,1790462399999,7415.58810,56,2.47,1909.97690,0
1790462400000,773.260,773.270,773.050,773.050,202.24,1790462459999,156378.16680,338,30.31,23437.79570,0
1790462460000,773.040,773.040,772.760,772.770,135.97,1790462519999,105087.35240,336,5.39,4165.33030,0
1790462520000,772.760,772.770,772.760,772.760,116.66,1790462579999,90151.14740,186,96.58,74634.12660,0
1790462580000,772.770,772.770,772.760,772.760,53.76,1790462639999,41543.63460,165,5.70,4404.78900,0
1790462640000,772.760,772.770,772.580,772.580,108.35,1790462699999,83722.27310,373,11.73,9063.62050,0
1790462700000,772.570,772.700,772.570,772.700,53.72,1790462759999,41505.56780,189,43.92,33933.28740,0
1790462760000,772.700,772.700,772.690,772.700,4.39,1790462819999,3392.14100,60,3.19,2464.91300,0
1790462820000,772.690,772.880,772.690,772.880,84.06,1790462879999,64959.73200,308,77.97,60253.33430,0
1790462880000,772.870,772.940,772.870,772.940,33.50,1790462939999,25892.38530,215,25.03,19345.77000,0
1790462940000,772.930,772.990,772.930,772.990,135.93,1790462999999,105071.55510,205,130.89,101175.74690,0
1790463000000,772.990,773.000,772.980,772.990,501.31,1790463059999,387507.90720,183,383.98,296813.07460,0
1790463060000,772.990,773.350,772.980,773.350,4553.71,1790463119999,3520052.82690,621,4429.47,3424015.82080,0
1790463120000,773.350,773.490,773.350,773.480,46.81,1790463179999,36203.67310,255,38.31,29629.65670,0
1790463180000,773.480,773.550,773.480,773.540,36.11,1790463239999,27931.16840,188,34.04,26329.96580,0
1790463240000,773.540,773.550,773.410,773.440,201.39,1790463299999,155775.86710,325,14.13,10929.17200,0
1790463300000,773.440,773.440,773.260,773.390,73.59,1790463359999,56908.60330,330,28.80,22271.07240,0
1790463360000,773.380,773.390,773.380,773.380,13.38,1790463419999,10347.91240,106,8.80,6805.83200,0
1790463420000,773.390,773.390,773.160,773.160,54.02,1790463479999,41775.87670,268,2.07,1600.89750,0
1790463480000,773.170,773.170,773.150,773.160,28.64,1790463539999,22143.31090,94,16.11,12455.63130,0
1790463540000,773.160,773.190,773.150,773.180,16.13,1790463599999,12471.17380,84,11.21,8667.13860,0
1790463600000,773.190,773.380,773.180,773.370,65.86,1790463659999,50924.93800,293,64.61,49958.38110,0
1790463660000,773.380,773.760,773.370,773.760,68.84,1790463719999,53253.36820,419,63.83,49377.97200,0
1790463720000,773.750,773.820,773.750,773.820,63.87,1790463779999,49421.99420,273,20.09,15545.48810,0
1790463780000,773.820,773.880,773.710,773.760,266.25,1790463839999,206029.54170,733,72.03,55739.18660,0
1790463840000,773.760,773.780,773.580,773.770,158.71,1790463899999,122792.19400,592,32.31,24997.68950,0
1790463900000,773.780,773.820,773.680,773.810,85.75,1790463959999,66350.22400,412,38.77,29997.97930,0
1790463960000,773.810,773.820,773.800,773.800,43.33,1790464019999,33529.14310,155,2.97,2298.22870,0
1790464020000,773.810,773.870,773.800,773.830,112.02,1790464079999,86685.79620,353,76.17,58943.23900,0
1790464080000,773.820,773.830,773.820,773.820,7.21,1790464139999,5579.25620,93,1.40,1083.36200,0
1790464140000,773.820,773.870,773.820,773.870,113.98,1790464199999,88203.82810,147,106.07,82082.68090,0
1790464200000,773.860,773.870,773.860,773.870,32.64,1790464259999,25258.93000,150,13.96,10803.22520,0
1790464260000,773.860,773.870,773.050,773.460,1179.02,1790464319999,911952.71460,1455,429.25,332011.07440,0
1790464320000,773.470,773.470,773.350,773.360,133.09,1790464379999,102932.17440,382,27.42,21205.56090,0
1790464380000,773.360,773.560,773.350,773.560,98.09,1790464439999,75862.44610,322,94.52,73101.12660,0
1790464440000,773.560,773.600,773.550,773.590,27.15,1790464499999,21002.21960,150,11.51,8903.83530,0
1790464500000,773.590,773.640,773.580,773.580,102.73,1790464559999,79473.81370,380,49.50,38294.16010,0
1790464560000,773.580,773.580,773.360,773.430,128.82,1790464619999,99639.90440,380,9.67,7479.53890,0
1790464620000,773.420,773.610,773.420,773.610,73.41,1790464679999,56785.83870,463,41.16,31837.92350,0
1790464680000,773.600,773.670,773.600,773.600,57.19,1790464739999,44244.55870,355,18.58,14374.17530,0
1790464740000,773.610,773.640,773.550,773.630,49.44,1790464799999,38246.03590,247,22.52,17420.67310,0
1790464800000,773.640,773.710,773.630,773.700,16.37,1790464859999,12664.50000,141,6.15,4757.93210,0
1790464860000,773.710,773.870,773.700,773.860,43.84,1790464919999,33922.72270,221,23.25,17989.65380,0
1790464920000,773.860,773.860,773.680,773.700,63.11,1790464979999,48834.07980,326,0.81,626.75030,0
1790464980000,773.680,773.690,773.530,773.530,39.65,1790465039999,30674.11460,285,0.56,433.23000,0
1790465040000,773.540,773.540,773.460,773.460,28.88,1790465099999,22338.58930,199,0.66,510.51820,0
1790465100000,773.460,773.470,773.420,773.420,18.91,1790465159999,14625.86770,145,0.97,750.23950,0
1790465160000,773.420,773.430,773.240,773.240,29.02,1790465219999,22442.93830,330,5.14,3975.24340,0
1790465220000,773.250,773.260,773.240,773.250,12.24,1790465279999,9464.52730,113,3.73,2884.22250,0
1790465280000,773.240,773.250,773.100,773.190,26.43,1790465339999,20435.71800,317,2.03,1569.59880,0
1790465340000,773.110,773.380,773.110,773.280,252.43,1790465399999,195185.52090,615,160.60,124172.36950,0
1790465400000,773.280,773.320,773.280,773.320,17.52,1790465459999,13548.12650,128,7.29,5637.34100,0
1790465460000,773.320,773.450,773.310,773.370,84.32,1790465519999,65212.98080,333,25.19,19480.81050,0
1790465520000,773.380,773.380,773.370,773.370,14.06,1790465579999,10873.69740,79,11.06,8553.58280,0
1790465580000,773.370,773.510,773.370,773.510,37.30,1790465639999,28848.59350,224,29.29,22653.83190,0
1790465640000,773.520,773.630,773.330,773.330,181.37,1790465699999,140301.35420,468,28.71,22208.71300,0
1790465700000,773.320,773.580,773.310,773.570,57.36,1790465759999,44365.57970,232,53.40,41302.60530,0
1790465760000,773.580,773.580,773.570,773.570,18.76,1790465819999,14512.27700,82,10.38,8029.76040,0
1790465820000,773.580,773.580,773.440,773.450,124.02,1790465879999,95937.28120,266,4.66,3604.66000,0
1790465880000,773.450,773.590,773.450,773.580,26.97,1790465939999,20861.49780,192,22.25,17210.51610,0
1790465940000,773.590,773.650,773.280,773.290,303.27,1790465999999,234590.78860,585,34.47,26662.91060,0
1790466000000,773.290,773.610,773.280,773.610,84.38,1790466059999,65266.26260,284,82.06,63471.95680,0
1790466060000,773.610,773.610,773.310,773.340,47.24,1790466119999,36542.11170,253,2.42,1872.05200,0
1790466120000,773.320,773.340,773.220,773.220,29.18,1790466179999,22564.48750,241,0.64,494.92480,0
1790466180000,773.220,773.280,773.110,773.110,24.62,1790466239999,19034.71450,126,5.75,4445.45560,0
1790466240000,773.120,773.310,773.110,773.300,106.99,1790466299999,82722.55160,344,93.14,72014.94680,0
1790466300000,773.300,773.380,773.260,773.370,59.21,1790466359999,45789.14060,251,23.83,18428.49560,0
1790466360000,773.370,773.610,773.370,773.560,37.66,1790466419999,29130.45720,324,23.50,18176.43490,0
1790466420000,773.560,773.610,773.550,773.600,18.35,1790466479999,14195.31260,146,10.52,8138.02610,0
1790466480000,773.600,773.700,773.560,773.690,35.66,1790466539999,27587.93340,236,29.72,22992.64490,0
1790466540000,773.690,773.840,773.690,773.840,49.00,1790466599999,37914.25890,186,46.08,35654.97770,0
1790466600000,773.830,773.830,773.690,773.720,89.99,1790466659999,69632.75080,253,16.75,12959.51680,0
1790466660000,773.720,773.850,773.330,773.670,459.07,1790466719999,355130.28650,864,124.63,96423.80690,0
1790466720000,773.670,773.710,773.610,773.620,37.16,1790466779999,28748.78700,125,1.61,1245.56220,0
1790466780000,773.620,773.660,773.610,773.630,39.82,1790466839999,30805.66950,137,33.18,25668.75250,0
1790466840000,773.630,773.640,773.630,773.630,41.37,1790466899999,32005.16400,133,9.09,7032.38760,0
1790466900000,773.640,773.640,773.630,773.640,3.53,1790466959999,2730.94530,63,3.14,2429.22960,0
1790466960000,773.640,773.640,773.630,773.630,12.55,1790467019999,9709.11980,80,6.33,4897.14120,0
1790467020000,773.640,773.760,773.630,773.760,33.84,1790467079999,26181.06760,190,21.94,16974.27600,0
1790467080000,773.760,773.830,773.750,773.820,56.12,1790467139999,43424.30710,133,46.30,35826.01240,0
1790467140000,773.830,773.880,773.740,773.740,649.68,1790467199999,502770.31690,320,524.36,405790.11310,0
