open_time,open,high,low,close,volume,close_time,quote_volume,count,taker_buy_volume,taker_buy_quote_volume,ignore
1745798400000,2.2512,2.2642,2.2164,2.2582,149356485.9,1745812799999,334930615.72401,483111,71074121.2,159392839.51809,0
1745812800000,2.2581,2.3425,2.2554,2.3340,192759145.2,1745827199999,442285830.98840,516986,97149661.7,222971531.05759,0
1745827200000,2.3340,2.3622,2.3047,2.3184,202605930.4,1745841599999,472414362.39427,508490,97813160.5,228105147.06042,0
1745841600000,2.3183,2.3282,2.2476,2.2727,213390810.6,1745855999999,488597611.46994,542512,100802624.9,230740204.01911,0
1745856000000,2.2726,2.2956,2.2582,2.2906,113979955.8,1745870399999,259537587.68223,355653,56312333.9,128254003.36986,0
1745870400000,2.2905,2.3063,2.2827,2.2941,57660128.1,1745884799999,132234722.45518,210545,27670373.3,63473048.69647,0
