open_time,open,high,low,close,volume,close_time,quote_volume,count,taker_buy_volume,taker_buy_quote_volume,ignore
1672099200000,1227.80916903,1233.24045597,1222.09529418,1224.60644238,0,1672102799999,0,3600,0,0,0
1672102800000,1224.62101266,1226.09305182,1221.94602974,1223.18628531,0,1672106399999,0,3600,0,0,0
1672106400000,1223.18557093,1225.22422650,1223.18557093,1224.68356689,0,1672109999999,0,3600,0,0,0
1672110000000,1224.68106117,1224.82646856,1221.96310006,1223.78324643,0,1672113599999,0,3600,0,0,0
1672113600000,1223.78290652,1224.48623711,1222.48160272,1224.28113925,0,1672117199999,0,3600,0,0,0
1672117200000,1224.28629805,1224.67505585,1222.68192457,1222.78787599,0,1672120799999,0,3600,0,0,0
1672120800000,1222.78693483,1224.16502244,1221.88955923,1224.16250556,0,1672124399999,0,3600,0,0,0
1672124400000,1224.16299243,1224.17096725,1220.81742853,1222.18136788,0,1672127999999,0,3600,0,0,0
1672128000000,1222.18101104,1222.18701363,1216.32935955,1217.00819010,0,1672131599999,0,3600,0,0,0
1672131600000,1217.00886932,1222.47442093,1216.27408643,1222.27994282,0,1672135199999,0,3600,0,0,0
1672135200000,1222.29041600,1223.38401679,1220.22048408,1221.37813390,0,1672138799999,0,3598,0,0,0
1672138800000,1221.37949633,1221.49473160,1217.64229522,1219.40692270,0,1672142399999,0,3600,0,0,0
1672142400000,1219.40601447,1219.46347506,1216.06992258,1217.04838115,0,1672145999999,0,3600,0,0,0
1672146000000,1217.05363823,1218.74647572,1215.24862595,1217.46125137,0,1672149599999,0,3600,0,0,0
1672149600000,1217.46414445,1218.65350718,1206.63560369,1210.08648183,0,1672153199999,0,3600,0,0,0
1672153200000,1210.08051168,1217.54070861,1206.81030944,1211.27034250,0,1672156799999,0,3600,0,0,0
1672156800000,1211.26763053,1212.75979642,1208.99506711,1210.43094438,0,1672160399999,0,3600,0,0,0
1672160400000,1210.43155818,1211.97633817,1201.73559319,1207.32895624,0,1672163999999,0,3600,0,0,0
1672164000000,1207.32837278,1208.28187992,1205.35909810,1206.62130663,0,1672167599999,0,3600,0,0,0
1672167600000,1206.61991001,1211.03384212,1205.65471248,1211.00313468,0,1672171199999,0,3600,0,0,0
1672171200000,1211.01336131,1211.80479474,1208.93467019,1209.58840262,0,1672174799999,0,3600,0,0,0
1672174800000,1209.58824015,1211.93512583,1208.65338719,1211.44030990,0,1672178399999,0,3600,0,0,0
1672178400000,1211.41184424,1214.23207838,1210.98634942,1211.30398614,0,1672181999999,0,3600,0,0,0
1672182000000,1211.30647899,1213.72525339,1210.86419392,1211.71647485,0,1672185599999,0,3600,0,0,0
