open_time,open,high,low,close,volume,close_time,quote_volume,count,taker_buy_volume,taker_buy_quote_volume,ignore
1678924800000,1649.72994081,1658.70906562,1639.67094343,1640.58112303,0,1678928399999,0,3600,0,0,0
1678928400000,1640.62563295,1647.84818993,1632.98450163,1645.50795314,0,1678931999999,0,3599,0,0,0
1678932000000,1645.44984850,1653.83293435,1644.33992085,1649.84169072,0,1678935599999,0,3597,0,0,0
1678935600000,1649.83365134,1650.91107860,1641.87547178,1646.12974019,0,1678939199999,0,3600,0,0,0
1678939200000,1646.12672979,1648.00768072,1637.04771994,1640.42799616,0,1678942799999,0,3600,0,0,0
1678942800000,1640.46398633,1648.09238343,1636.98487356,1644.38407483,0,1678946399999,0,3600,0,0,0
1678946400000,1644.38065706,1654.00952442,1643.94870735,1652.52971398,0,1678949999999,0,3600,0,0,0
1678950000000,1652.51676870,1659.21782771,1649.42300860,1655.58782979,0,1678953599999,0,3600,0,0,0
1678953600000,1655.56011190,1656.72002914,1650.74615199,1653.60283752,0,1678957199999,0,3600,0,0,0
1678957200000,1653.60542332,1663.84934123,1639.93656671,1653.13894105,0,1678960799999,0,3600,0,0,0
1678960800000,1653.16707722,1668.83301116,1646.70451565,1664.10845437,0,1678964399999,0,3600,0,0,0
1678964400000,1664.03502889,1664.91587822,1657.27011957,1660.38901922,0,1678967999999,0,3599,0,0,0
1678968000000,1660.39625016,1662.22050671,1646.53667797,1650.52281545,0,1678971599999,0,3599,0,0,0
1678971600000,1650.50322335,1658.35041834,1637.53739376,1656.52166969,0,1678975199999,0,3598,0,0,0
1678975200000,1656.62317845,1664.56607903,1646.08964734,1659.20944050,0,1678978799999,0,3600,0,0,0
1678978800000,1659.14043319,1666.07084751,1652.86510965,1662.96393264,0,1678982399999,0,3600,0,0,0
1678982400000,1662.96144777,1664.41010125,1654.77527549,1661.41095497,0,1678985999999,0,3600,0,0,0
1678986000000,1661.40503928,1662.20147420,1653.67869500,1656.34509671,0,1678989599999,0,3600,0,0,0
1678989600000,1656.30835426,1661.93888322,1654.68363135,1661.39804693,0,1678993199999,0,3600,0,0,0
1678993200000,1661.36389988,1690.16453873,1660.91234611,1679.40597663,0,1678996799999,0,3600,0,0,0
1678996800000,1679.44293367,1679.58005471,1652.91555697,1655.65427583,0,1679000399999,0,3600,0,0,0
1679000400000,1655.66030144,1680.81201514,1654.78153721,1671.41651549,0,1679003999999,0,3600,0,0,0
1679004000000,1671.41481346,1675.63983301,1668.76413792,1672.39641570,0,1679007599999,0,3600,0,0,0
1679007600000,1672.39789959,1677.58855684,1670.56374079,1673.60431019,0,1679011199999,0,3600,0,0,0
