open_time,open,high,low,close,volume,close_time,quote_volume,count,taker_buy_volume,taker_buy_quote_volume,ignore
1697760000000,1566.62462687,1594.89316456,1561.26253731,1586.69151899,0,1697774399999,0,14400,0,0,0
1697774400000,1586.70025316,1589.13270588,1579.11518987,1583.52152941,0,1697788799999,0,14400,0,0,0
1697788800000,1583.52223529,1629.54200000,1583.17929412,1613.15235294,0,1697803199999,0,14400,0,0,0
1697803200000,1613.15235294,1616.49070588,1598.63058824,1605.43941176,0,1697817599999,0,14400,0,0,0
1697817600000,1605.44411765,1609.83164706,1597.90082353,1606.69835294,0,1697831999999,0,14400,0,0,0
1697832000000,1606.72752941,1609.98305882,1602.45364706,1603.82635294,0,1697846399999,0,14400,0,0,0
