open_time,open,high,low,close,volume,close_time,quote_volume,count,taker_buy_volume,taker_buy_quote_volume,ignore
1783296000000,1785.57627907,1798.42930233,1772.75674419,1779.59000000,0,1783310399999,0,14400,0,0,0
1783310400000,1779.59418605,1784.44837209,1765.75465116,1772.33162791,0,1783324799999,0,14400,0,0,0
1783324800000,1772.33162791,1777.87488372,1756.01488372,1760.41162791,0,1783339199999,0,14400,0,0,0
1783339200000,1760.21395349,1788.77325581,1730.95930233,1788.22883721,0,1783353599999,0,14400,0,0,0
1783353600000,1788.30395349,1804.54744186,1783.21186047,1792.38023256,0,1783367999999,0,14400,0,0,0
1783368000000,1792.54953488,1830.75654651,1787.54139535,1799.41162791,0,1783382399999,0,14400,0,0,0
