open_time,open,high,low,close,volume,close_time,quote_volume,count,taker_buy_volume,taker_buy_quote_volume,ignore
1667001600000,1554.61599004,1593.25866190,1548.53825276,1588.73167995,0,1667015999999,0,14400,0,0,0
1667016000000,1588.73275512,1601.83867090,1576.36274482,1593.04616498,0,1667030399999,0,14399,0,0,0
1667030400000,1593.11078037,1650.96076132,1590.83657101,1615.11764804,0,1667044799999,0,14400,0,0,0
1667044800000,1615.07474251,1643.41153099,1609.40529486,1632.26476194,0,1667059199999,0,14400,0,0,0
1667059200000,1632.27497736,1661.78596259,1617.94397147,1622.79775084,0,1667073599999,0,14400,0,0,0
1667073600000,1622.79569629,1631.50290617,1604.50164189,1619.51992427,0,1667087999999,0,14400,0,0,0
