open_time,open,high,low,close,volume,close_time,quote_volume,count,taker_buy_volume,taker_buy_quote_volume,ignore
1727481600000,2694.58250000,2704.06568182,2688.27863636,2690.27954545,0,1727495999999,0,14400,0,0,0
1727496000000,2690.28409091,2700.07204545,2675.23431818,2677.99736842,0,1727510399999,0,14400,0,0,0
1727510400000,2678.00263158,2678.41659091,2650.74386364,2675.23977273,0,1727524799999,0,14400,0,0,0
1727524800000,2675.23977273,2675.68863636,2652.78000000,2669.87973684,0,1727539199999,0,14400,0,0,0
1727539200000,2669.87973684,2683.55704545,2662.25090909,2678.07068182,0,1727553599999,0,14400,0,0,0
1727553600000,2678.07136364,2679.84818182,2656.15636364,2675.30272727,0,1727567999999,0,14400,0,0,0
