open_time,open,high,low,close,volume,close_time,quote_volume,count,taker_buy_volume,taker_buy_quote_volume,ignore
1666224000000,1284.78203320,1288.06045572,1271.75158946,1280.36070342,0,1666238399999,0,14397,0,0,0
1666238400000,1280.33024441,1295.28797293,1280.01594275,1292.37023594,0,1666252799999,0,14398,0,0,0
1666252800000,1292.36847787,1302.02501546,1290.08483958,1299.51454365,0,1666267199999,0,14400,0,0,0
1666267200000,1299.51295996,1310.24122536,1291.03577255,1300.09105409,0,1666281599999,0,14400,0,0,0
1666281600000,1300.08925146,1300.09334633,1277.84382417,1284.70079060,0,1666295999999,0,14400,0,0,0
1666296000000,1284.76566357,1287.65369555,1272.43670393,1282.50884462,0,1666310399999,0,14400,0,0,0
