open_time,open,high,low,close,volume,close_time,quote_volume,count,taker_buy_volume,taker_buy_quote_volume,ignore
1760659200000,3894.50000000,3949.91116279,3889.02627907,3932.53279070,0,1760673599999,0,14400,0,0,0
1760673600000,3932.73069767,3935.64325581,3753.87953488,3756.60000000,0,1760687999999,0,14399,0,0,0
1760688000000,3756.36465116,3816.50534884,3677.34883721,3778.03651163,0,1760702399999,0,14397,0,0,0
1760702400000,3778.02558140,3810.83581395,3715.06000000,3797.49883721,0,1760716799999,0,14397,0,0,0
1760716800000,3797.47860465,3849.80860465,3780.13209302,3827.53953488,0,1760731199999,0,14400,0,0,0
1760731200000,3827.60976744,3882.32302326,3819.11372093,3831.50348837,0,1760745599999,0,14400,0,0,0
