open_time,open,high,low,close,volume,close_time,quote_volume,count,taker_buy_volume,taker_buy_quote_volume,ignore
1702512000000,2260.04022727,2262.07409091,2246.10545455,2251.14318182,0,1702526399999,0,14400,0,0,0
1702526400000,2251.21659091,2283.23613636,2246.70795455,2282.60363636,0,1702540799999,0,14400,0,0,0
1702540800000,2282.55863636,2307.68522727,2271.34068182,2306.92363636,0,1702555199999,0,14400,0,0,0
1702555200000,2307.23227273,2317.26295455,2233.40369773,2275.32545455,0,1702569599999,0,14400,0,0,0
1702569600000,2275.16454545,2313.60045455,2274.87840909,2292.90818182,0,1702583999999,0,14400,0,0,0
1702584000000,2292.90454545,2331.59136364,2283.56250000,2315.45250000,0,1702598399999,0,14400,0,0,0
