open_time,open,high,low,close,volume,close_time,quote_volume,count,taker_buy_volume,taker_buy_quote_volume,ignore
1750118400000,2544.34558140,2588.52372093,2524.75697674,2586.69534884,0,1750121999999,0,3600,0,0,0
1750122000000,2587.02674419,2591.39348837,2573.60953488,2580.77930233,0,1750125599999,0,3600,0,0,0
1750125600000,2580.79395349,2615.85279070,2558.44325581,2608.89720930,0,1750129199999,0,3600,0,0,0
1750129200000,2608.80860465,2617.53930233,2601.13441860,2606.99046512,0,1750132799999,0,3600,0,0,0
1750132800000,2607.03302326,2610.30651163,2587.57953488,2592.12395349,0,1750136399999,0,3600,0,0,0
1750136400000,2592.03232558,2598.02162791,2576.92604651,2579.94372093,0,1750139999999,0,3600,0,0,0
1750140000000,2579.94372093,2588.35697674,2575.14953488,2582.23139535,0,1750143599999,0,3600,0,0,0
1750143600000,2582.23279070,2586.62302326,2570.71813953,2582.59139535,0,1750147199999,0,3600,0,0,0
1750147200000,2582.45558140,2585.30651163,2567.24186047,2571.51395349,0,1750150799999,0,3600,0,0,0
1750150800000,2571.51325581,2575.58860465,2561.72651163,2566.60697674,0,1750154399999,0,3600,0,0,0
1750154400000,2566.60767442,2568.96116279,2546.02953488,2556.92581395,0,1750157999999,0,3600,0,0,0
1750158000000,2556.83279070,2557.06534884,2542.15093023,2552.08837209,0,1750161599999,0,3600,0,0,0
1750161600000,2552.08837209,2559.10186047,2545.95162791,2547.71372093,0,1750165199999,0,3600,0,0,0
1750165200000,2547.71139535,2563.44674419,2546.74488372,2553.03511628,0,1750168799999,0,3600,0,0,0
1750168800000,2553.10000000,2567.18186047,2531.45325581,2533.11627907,0,1750172399999,0,3600,0,0,0
1750172400000,2533.75441860,2540.09186047,2484.27604651,2499.08441860,0,1750175999999,0,3600,0,0,0
1750176000000,2499.09209302,2502.29302326,2460.63720930,2462.20139535,0,1750179599999,0,3600,0,0,0
1750179600000,2462.02697674,2486.67465116,2454.85813953,2468.17395349,0,1750183199999,0,3600,0,0,0
1750183200000,2467.90813953,2497.00906977,2464.79279070,2497.00906977,0,1750186799999,0,3600,0,0,0
1750186800000,2497.00837209,2542.97720930,2496.92348837,2528.82441860,0,1750190399999,0,3600,0,0,0
1750190400000,2528.56209302,2533.65441860,2506.94953488,2510.54813953,0,1750193999999,0,3600,0,0,0
1750194000000,2510.54023256,2525.16372093,2503.64069767,2519.89581395,0,1750197599999,0,3600,0,0,0
1750197600000,2519.89976744,2520.53534884,2493.23325581,2494.68046512,0,1750201199999,0,3600,0,0,0
1750201200000,2494.67651163,2519.34744186,2493.95395349,2509.88093023,0,1750204799999,0,3600,0,0,0
