open_time,open,high,low,close,volume,close_time,quote_volume,count,taker_buy_volume,taker_buy_quote_volume,ignore
1748304000000,2563.73697674,2573.25720930,2549.68534884,2550.52604651,0,1748307599999,0,3600,0,0,0
1748307600000,2550.55744186,2550.76441860,2510.93534884,2529.61488372,0,1748311199999,0,3600,0,0,0
1748311200000,2529.68930233,2544.39116279,2528.72116279,2535.92906977,0,1748314799999,0,3600,0,0,0
1748314800000,2535.89348837,2564.12674419,2535.84209302,2549.13906977,0,1748318399999,0,3600,0,0,0
1748318400000,2549.13860465,2568.74069767,2549.11883721,2559.03348837,0,1748321999999,0,3600,0,0,0
1748322000000,2559.02441860,2572.91581395,2550.55302326,2569.74953488,0,1748325599999,0,3600,0,0,0
1748325600000,2569.74953488,2610.38186047,2565.23186047,2569.49930233,0,1748329199999,0,3600,0,0,0
1748329200000,2569.48744186,2618.04953488,2569.48744186,2607.07976744,0,1748332799999,0,3600,0,0,0
1748332800000,2607.17976744,2642.42651163,2607.17976744,2634.67790698,0,1748336399999,0,3600,0,0,0
1748336400000,2634.82790698,2645.44116279,2622.21790698,2637.80953488,0,1748339999999,0,3600,0,0,0
1748340000000,2637.91465116,2641.77465116,2631.06558140,2638.30465116,0,1748343599999,0,3600,0,0,0
1748343600000,2638.30395349,2653.62767442,2627.02953488,2652.34139535,0,1748347199999,0,3600,0,0,0
1748347200000,2652.36488372,2653.70697674,2635.05930233,2648.20139535,0,1748350799999,0,3600,0,0,0
1748350800000,2648.20465116,2683.08441860,2645.79697674,2655.33813953,0,1748354399999,0,3600,0,0,0
1748354400000,2655.32488372,2671.11511628,2634.15953488,2661.11697674,0,1748357999999,0,3600,0,0,0
1748358000000,2661.04255814,2670.40511628,2653.94023256,2667.73930233,0,1748361599999,0,3600,0,0,0
1748361600000,2667.97720930,2683.35395349,2658.67953488,2670.15837209,0,1748365199999,0,3600,0,0,0
1748365200000,2670.17162791,2711.95046512,2670.06744186,2696.02558140,0,1748368799999,0,3600,0,0,0
1748368800000,2695.89139535,2707.25232558,2676.03069767,2680.12604651,0,1748372399999,0,3600,0,0,0
1748372400000,2680.12674419,2688.20488372,2671.69581395,2687.46162791,0,1748375999999,0,3600,0,0,0
1748376000000,2687.56511628,2693.74906977,2664.69325581,2668.28000000,0,1748379599999,0,3600,0,0,0
1748379600000,2668.28162791,2677.01558140,2658.95255814,2662.29069767,0,1748383199999,0,3600,0,0,0
1748383200000,2662.38372093,2669.43860465,2653.68744186,2659.66325581,0,1748386799999,0,3600,0,0,0
1748386800000,2659.80348837,2664.68906977,2652.25162791,2660.85162791,0,1748390399999,0,3600,0,0,0
