open_time,open,high,low,close,volume,close_time,quote_volume,count,taker_buy_volume,taker_buy_quote_volume,ignore
1671667200000,1213.77362378,1218.19876686,1211.82981033,1214.73113565,0,1671681599999,0,14397,0,0,0
1671681600000,1214.72008310,1214.90098174,1209.79377815,1213.76107212,0,1671695999999,0,14399,0,0,0
1671696000000,1213.76183844,1221.21248849,1212.22984111,1217.43494891,0,1671710399999,0,14397,0,0,0
1671710400000,1217.44017438,1218.55257992,1184.87870937,1186.59276333,0,1671724799999,0,14400,0,0,0
1671724800000,1186.58599470,1194.95865429,1183.59008534,1194.93278734,0,1671739199999,0,14400,0,0,0
1671739200000,1194.93272312,1235.45701735,1194.20467221,1217.56912877,0,1671753599999,0,14400,0,0,0
