open_time,open,high,low,close,volume,close_time,quote_volume,count,taker_buy_volume,taker_buy_quote_volume,ignore
1766275200000,2978.13883721,2981.35139535,2961.93720930,2972.94116279,0,1766289599999,0,14400,0,0,0
1766289600000,2972.94116279,2982.43348837,2971.83883721,2981.12116279,0,1766303999999,0,14400,0,0,0
1766304000000,2981.12116279,3012.12558140,2977.72790698,2996.58651163,0,1766318399999,0,14400,0,0,0
1766318400000,2996.58651163,3005.41465116,2944.88232558,2974.77093023,0,1766332799999,0,14400,0,0,0
1766332800000,2974.62209302,2997.25511628,2967.84023256,2991.27418605,0,1766347199999,0,14400,0,0,0
1766347200000,2991.26813953,3011.89930233,2971.38116279,3002.18953488,0,1766361599999,0,14400,0,0,0
