open_time,open,high,low,close,volume,close_time,quote_volume,count,taker_buy_volume,taker_buy_quote_volume,ignore
1710374400000,4005.01750000,4010.96454545,3956.91318182,3993.58659091,0,1710388799999,0,14400,0,0,0
1710388800000,3993.52181818,4005.33909091,3941.64590909,3963.43568182,0,1710403199999,0,14400,0,0,0
1710403200000,3963.43886364,3997.68431818,3943.75931818,3955.21522727,0,1710417599999,0,14400,0,0,0
1710417600000,3955.17454545,3967.13818182,3821.98613636,3845.93409091,0,1710431999999,0,14400,0,0,0
1710432000000,3845.86045455,3895.22068182,3725.74840909,3784.89750000,0,1710446399999,0,14400,0,0,0
1710446400000,3785.42568182,3890.81840909,3782.03590909,3881.87522727,0,1710460799999,0,14400,0,0,0
