open_time,open,high,low,close,volume,close_time,quote_volume,count,taker_buy_volume,taker_buy_quote_volume,ignore
1765324800000,3318.19883721,3328.08883721,3305.68186047,3305.97372093,0,1765328399999,0,3600,0,0,0
1765328400000,3305.97372093,3314.62534884,3288.17720930,3302.83255814,0,1765331999999,0,3600,0,0,0
1765332000000,3302.85209302,3312.29069767,3292.43162791,3310.71674419,0,1765335599999,0,3600,0,0,0
1765335600000,3310.85953488,3316.36162791,3305.49046512,3309.75279070,0,1765339199999,0,3600,0,0,0
1765339200000,3309.69697674,3327.18139535,3306.96767442,3322.22000000,0,1765342799999,0,3600,0,0,0
1765342800000,3322.25767442,3334.04302326,3314.95139535,3322.72186047,0,1765346399999,0,3600,0,0,0
1765346400000,3322.75465116,3327.61883721,3315.09720930,3325.99116279,0,1765349999999,0,3599,0,0,0
1765350000000,3325.98976744,3327.29930233,3311.91441860,3327.03930233,0,1765353599999,0,3600,0,0,0
1765353600000,3327.08813953,3333.17348837,3322.30511628,3322.30930233,0,1765357199999,0,3600,0,0,0
1765357200000,3322.30930233,3348.37302326,3315.28395349,3348.18976744,0,1765360799999,0,3600,0,0,0
1765360800000,3347.93581395,3373.09232558,3312.18860465,3312.89534884,0,1765364399999,0,3600,0,0,0
1765364400000,3312.89813953,3319.91674419,3298.39348837,3318.37325581,0,1765367999999,0,3600,0,0,0
1765368000000,3318.42209302,3326.51302326,3310.05162791,3324.40953488,0,1765371599999,0,3600,0,0,0
1765371600000,3324.58302326,3338.74837209,3319.77209302,3334.70720930,0,1765375199999,0,3600,0,0,0
1765375200000,3334.68488372,3336.91883721,3305.48534884,3319.84209302,0,1765378799999,0,3598,0,0,0
1765378800000,3319.66534884,3337.38697674,3307.24860465,3327.91069767,0,1765382399999,0,3600,0,0,0
1765382400000,3327.93441860,3369.49418605,3322.19418605,3351.42441860,0,1765385999999,0,3600,0,0,0
1765386000000,3351.42441860,3384.76651163,3346.78906977,3370.48906977,0,1765389599999,0,3600,0,0,0
1765389600000,3370.45000000,3428.69813953,3360.89604651,3381.38906977,0,1765393199999,0,3600,0,0,0
1765393200000,3381.36093023,3428.23534884,3351.67976744,3390.05325581,0,1765396799999,0,3600,0,0,0
1765396800000,3390.53767442,3446.27767442,3347.83534884,3354.12232558,0,1765400399999,0,3600,0,0,0
1765400400000,3355.05209302,3368.34348837,3330.04069767,3339.25604651,0,1765403999999,0,3600,0,0,0
1765404000000,3339.27953488,3354.73813953,3320.51465116,3346.93441860,0,1765407599999,0,3600,0,0,0
1765407600000,3346.93511628,3352.08418605,3321.55674419,3323.90744186,0,1765411199999,0,3600,0,0,0
