open_time,open,high,low,close,volume,close_time,quote_volume,count,taker_buy_volume,taker_buy_quote_volume,ignore
1780617600000,1770.82139535,1774.47275000,1758.95209302,1759.82581395,0,1780621199999,0,3600,0,0,0
1780621200000,1759.69674419,1763.29186047,1747.33790698,1753.50465116,0,1780624799999,0,3600,0,0,0
1780624800000,1753.50465116,1754.53604651,1728.28162791,1730.23325581,0,1780628399999,0,3600,0,0,0
1780628400000,1730.23255814,1739.10046512,1722.69511628,1729.30441860,0,1780631999999,0,3600,0,0,0
1780632000000,1729.45000000,1745.63302326,1719.23720930,1744.40697674,0,1780635599999,0,3600,0,0,0
1780635600000,1744.51767442,1746.91139535,1682.05325581,1684.31348837,0,1780639199999,0,3600,0,0,0
1780639200000,1684.09581395,1688.69116279,1629.69900465,1656.47674419,0,1780642799999,0,3600,0,0,0
1780642800000,1656.46906977,1679.35860465,1634.32651163,1679.20465116,0,1780646399999,0,3600,0,0,0
1780646400000,1679.23627907,1679.38046512,1659.83279070,1664.01813953,0,1780649999999,0,3600,0,0,0
1780650000000,1664.02093023,1688.71325581,1663.19162791,1682.50558140,0,1780653599999,0,3600,0,0,0
1780653600000,1682.52906977,1684.74325581,1672.28441860,1676.64069767,0,1780657199999,0,3600,0,0,0
1780657200000,1676.74837209,1681.44976744,1663.36465116,1663.66813953,0,1780660799999,0,3600,0,0,0
1780660800000,1663.67604651,1670.52813953,1646.85023256,1657.10116279,0,1780664399999,0,3600,0,0,0
1780664400000,1657.11511628,1676.85883721,1615.02860465,1615.87186047,0,1780667999999,0,3600,0,0,0
1780668000000,1615.40534884,1623.81348837,1596.15604651,1600.79255814,0,1780671599999,0,3600,0,0,0
1780671600000,1600.77906977,1603.63906977,1572.48558140,1584.17279070,0,1780675199999,0,3600,0,0,0
1780675200000,1583.72813953,1611.83139535,1548.63883721,1608.53488372,0,1780678799999,0,3600,0,0,0
1780678800000,1608.68093023,1612.61418605,1588.37790698,1594.39744186,0,1780682399999,0,3600,0,0,0
1780682400000,1594.22581395,1598.49372093,1547.15744186,1553.08720930,0,1780685999999,0,3600,0,0,0
1780686000000,1553.16976744,1579.05186047,1541.30837209,1574.57279070,0,1780689599999,0,3600,0,0,0
1780689600000,1574.40441860,1607.30697674,1557.69953488,1604.18790698,0,1780693199999,0,3600,0,0,0
1780693200000,1604.02465116,1618.97395349,1602.80744186,1609.91186047,0,1780696799999,0,3600,0,0,0
1780696800000,1609.83093023,1610.24186047,1591.53697674,1597.23744186,0,1780700399999,0,3600,0,0,0
1780700400000,1597.26023256,1602.89651163,1561.18930233,1583.34418605,0,1780703999999,0,3600,0,0,0
