open_time,open,high,low,close,volume,close_time,quote_volume,count,taker_buy_volume,taker_buy_quote_volume,ignore
1710028800000,3905.24340909,3940.35522727,3899.46704545,3935.19909091,0,1710043199999,0,14400,0,0,0
1710043200000,3934.98431818,3949.84409091,3929.65227273,3944.99113636,0,1710057599999,0,14400,0,0,0
1710057600000,3945.01977273,3964.34909091,3920.45386364,3932.85772727,0,1710071999999,0,14400,0,0,0
1710072000000,3932.85454545,3947.10159091,3862.98204545,3883.73340909,0,1710086399999,0,14400,0,0,0
1710086400000,3883.72818182,3925.22659091,3882.62545455,3897.92439024,0,1710100799999,0,14400,0,0,0
1710100800000,3897.92097561,3903.92682927,3793.31146341,3878.67829268,0,1710115199999,0,14400,0,0,0
