open_time,open,high,low,close,volume,close_time,quote_volume,count,taker_buy_volume,taker_buy_quote_volume,ignore
1699747200000,2053.16430380,2054.89481013,2015.02303797,2051.43063291,0,1699761599999,0,14400,0,0,0
1699761600000,2051.43215190,2059.98101266,2043.97075949,2057.76278481,0,1699775999999,0,14400,0,0,0
1699776000000,2057.75746835,2058.60797468,2046.26721519,2047.45696203,0,1699790399999,0,14400,0,0,0
1699790400000,2047.47556962,2065.62481013,2036.03974684,2057.17886076,0,1699804799999,0,14400,0,0,0
1699804800000,2057.17316456,2059.65949367,2045.05177215,2049.20265823,0,1699819199999,0,14400,0,0,0
1699819200000,2049.17493671,2065.78987342,2031.79924051,2044.70746835,0,1699833599999,0,14400,0,0,0
