open_time,open,high,low,close,volume,close_time,quote_volume,count,taker_buy_volume,taker_buy_quote_volume,ignore
1742342400000,1931.60023810,1948.86071429,1929.57761905,1945.20404762,0,1742345999999,0,3600,0,0,0
1742346000000,1945.19571429,1946.71190476,1931.57285714,1931.57285714,0,1742349599999,0,3600,0,0,0
1742349600000,1931.57285714,1934.71309524,1927.95523810,1933.56214286,0,1742353199999,0,3600,0,0,0
1742353200000,1933.69309524,1938.86714286,1930.63083333,1938.36333333,0,1742356799999,0,3600,0,0,0
1742356800000,1938.37595238,1939.89476190,1930.44952381,1933.29166667,0,1742360399999,0,3600,0,0,0
1742360400000,1933.29166667,1940.34428571,1932.09404762,1939.19380952,0,1742363999999,0,3600,0,0,0
1742364000000,1939.18452381,1942.86571429,1934.60023810,1938.96238095,0,1742367599999,0,3600,0,0,0
1742367600000,1938.95761905,1939.61666667,1931.06428571,1931.59476190,0,1742371199999,0,3599,0,0,0
1742371200000,1931.68000000,1944.35500000,1931.68000000,1940.55261905,0,1742374799999,0,3600,0,0,0
1742374800000,1940.55238095,1946.36119048,1938.38071429,1943.73285714,0,1742378399999,0,3599,0,0,0
1742378400000,1943.73285714,1987.03214048,1942.81238095,1973.67571429,0,1742381999999,0,3600,0,0,0
1742382000000,1973.67619048,2033.30952381,1973.67619048,2028.30571429,0,1742385599999,0,3600,0,0,0
1742385600000,2028.28095238,2029.49119048,1995.76642857,2004.06261905,0,1742389199999,0,3600,0,0,0
1742389200000,2004.08738095,2022.41404762,1998.24547619,2016.63380952,0,1742392799999,0,3600,0,0,0
1742392800000,2016.35571429,2039.23309524,2016.35571429,2030.74571429,0,1742396399999,0,3600,0,0,0
1742396400000,2030.76904762,2056.13285714,2026.25857143,2049.00976190,0,1742399999999,0,3600,0,0,0
1742400000000,2049.00857143,2050.12928571,2036.84333333,2048.22095238,0,1742403599999,0,3600,0,0,0
1742403600000,2048.21452381,2048.87261905,2015.73547619,2027.22500000,0,1742407199999,0,3600,0,0,0
1742407200000,2027.33214286,2057.67039762,2000.18095238,2046.34904762,0,1742410799999,0,3600,0,0,0
1742410800000,2046.02500000,2051.99452381,2021.48047619,2030.78047619,0,1742414399999,0,3600,0,0,0
1742414400000,2031.09309524,2045.16119048,2028.82214286,2034.25595238,0,1742417999999,0,3600,0,0,0
1742418000000,2034.25595238,2046.39928571,2033.63761905,2040.61809524,0,1742421599999,0,3600,0,0,0
1742421600000,2040.48000000,2057.40000000,2036.42404762,2049.45714286,0,1742425199999,0,3600,0,0,0
1742425200000,2049.45642857,2069.33666667,2042.45738095,2056.40452381,0,1742428799999,0,3600,0,0,0
