open_time,open,high,low,close,volume,close_time,quote_volume,count,taker_buy_volume,taker_buy_quote_volume,ignore
1734048000000,3881.87454545,3940.76613636,3853.59022727,3932.58522727,0,1734062399999,0,14400,0,0,0
1734062400000,3932.54227273,3935.86340909,3871.59181818,3884.83590909,0,1734076799999,0,14400,0,0,0
1734076800000,3885.16022727,3923.13113636,3872.42954545,3902.03318182,0,1734091199999,0,14400,0,0,0
1734091200000,3902.06931818,3967.48431818,3879.50840909,3886.13568182,0,1734105599999,0,14400,0,0,0
1734105600000,3886.01113636,3946.12272727,3881.63409091,3917.60318182,0,1734119999999,0,14400,0,0,0
1734120000000,3917.76386364,3935.25704545,3892.15818182,3906.78000000,0,1734134399999,0,14400,0,0,0
