open_time,open,high,low,close,volume,close_time,quote_volume,count,taker_buy_volume,taker_buy_quote_volume,ignore
1701648000000,2193.02097561,2228.41463415,2191.51560976,2210.58414634,0,1701662399999,0,14400,0,0,0
1701662400000,2210.58829268,2264.65121951,2210.25317073,2246.25926829,0,1701676799999,0,14400,0,0,0
1701676800000,2246.33487805,2273.33219512,2216.12236842,2237.54340909,0,1701691199999,0,14400,0,0,0
1701691200000,2237.59568182,2255.47295455,2202.31340909,2211.82227273,0,1701705599999,0,14400,0,0,0
1701705600000,2211.86522727,2235.16272727,2210.01318182,2234.34909091,0,1701719999999,0,14400,0,0,0
1701720000000,2234.37909091,2253.71681818,2220.86727273,2243.27931818,0,1701734399999,0,14400,0,0,0
