open_time,open,high,low,close,volume,close_time,quote_volume,count,taker_buy_volume,taker_buy_quote_volume,ignore
1667865600000,1567.75673876,1574.14362277,1560.22610933,1561.68156207,0,1667869199999,0,3600,0,0,0
1667869200000,1561.68216436,1574.70223751,1560.13006702,1571.20210024,0,1667872799999,0,3600,0,0,0
1667872800000,1571.19535118,1574.02425967,1537.69923125,1539.33196829,0,1667876399999,0,3600,0,0,0
1667876400000,1538.63096785,1545.17106100,1503.70981368,1508.25653885,0,1667879999999,0,3600,0,0,0
1667880000000,1507.41068861,1513.93323210,1460.35251760,1465.28820964,0,1667883599999,0,3600,0,0,0
1667883600000,1465.21023528,1474.58857762,1435.31282514,1470.43080133,0,1667887199999,0,3600,0,0,0
1667887200000,1470.61137082,1489.44013791,1467.00151385,1485.41376404,0,1667890799999,0,3600,0,0,0
1667890800000,1485.41656871,1497.42022181,1477.94426413,1492.52883310,0,1667894399999,0,3600,0,0,0
1667894400000,1492.58573505,1492.69316145,1482.29166786,1486.80832217,0,1667897999999,0,3600,0,0,0
1667898000000,1486.77738120,1494.10888681,1480.64486627,1489.93916510,0,1667901599999,0,3600,0,0,0
1667901600000,1489.94368488,1490.24437640,1477.44272486,1479.57240486,0,1667905199999,0,3600,0,0,0
1667905200000,1479.57652802,1485.37821293,1471.26153170,1477.11669679,0,1667908799999,0,3600,0,0,0
1667908800000,1477.11538677,1485.89438304,1472.28507916,1478.31732045,0,1667912399999,0,3600,0,0,0
1667912400000,1478.32438606,1478.67107102,1458.03764442,1462.86257958,0,1667915999999,0,3600,0,0,0
1667916000000,1462.68942865,1472.92790496,1425.39484545,1444.63100602,0,1667919599999,0,3600,0,0,0
1667919600000,1444.78066190,1461.70221986,1427.97861896,1461.32473461,0,1667923199999,0,3600,0,0,0
1667923200000,1461.63332840,1579.64482004,1456.29430553,1545.80693089,0,1667926799999,0,3600,0,0,0
1667926800000,1545.72722489,1552.97926336,1446.11346148,1447.98942671,0,1667930399999,0,3600,0,0,0
1667930400000,1448.07390353,1465.85436016,1346.80707116,1346.80707116,0,1667933999999,0,3600,0,0,0
1667934000000,1347.11331264,1357.40173806,1228.05242880,1317.16395465,0,1667937599999,0,3600,0,0,0
1667937600000,1315.84790173,1333.82527911,1282.88059905,1311.30416717,0,1667941199999,0,3600,0,0,0
1667941200000,1310.83266874,1338.24876890,1301.05548757,1335.62768433,0,1667944799999,0,3600,0,0,0
1667944800000,1335.68040733,1336.69310288,1310.21396632,1318.58915877,0,1667948399999,0,3600,0,0,0
1667948400000,1318.59936233,1343.36987481,1314.94861564,1333.60317220,0,1667951999999,0,3600,0,0,0
