open_time,open,high,low,close,volume,close_time,quote_volume,count,taker_buy_volume,taker_buy_quote_volume,ignore
1771718400000,1973.49767442,1982.95372093,1967.66093023,1974.68767442,0,1771732799999,0,14400,0,0,0
1771732800000,1974.68767442,1979.47465116,1971.11651163,1976.10813953,0,1771747199999,0,14400,0,0,0
1771747200000,1976.11209302,1983.02697674,1970.56325581,1980.68790698,0,1771761599999,0,14400,0,0,0
1771761600000,1980.68790698,1981.37348837,1944.07186047,1954.10558140,0,1771775999999,0,14400,0,0,0
1771776000000,1954.09953488,1955.59697674,1935.34488372,1943.61837838,0,1771790399999,0,14400,0,0,0
1771790400000,1943.70918919,1960.82581395,1940.03534884,1957.86511628,0,1771804799999,0,14400,0,0,0
