open_time,open,high,low,close,volume,close_time,quote_volume,count,taker_buy_volume,taker_buy_quote_volume,ignore
1670630400000,1263.12025228,1268.37516739,1261.62250926,1265.10005277,0,1670644799999,0,14400,0,0,0
1670644800000,1265.10496556,1266.58083377,1262.78215498,1264.64831380,0,1670659199999,0,14400,0,0,0
1670659200000,1264.64837983,1267.56271959,1259.85843008,1266.22943189,0,1670673599999,0,14400,0,0,0
1670673600000,1266.22873827,1278.93348092,1263.93549435,1278.22143071,0,1670687999999,0,14400,0,0,0
1670688000000,1278.21973456,1282.99526573,1266.56079738,1272.11420510,0,1670702399999,0,14400,0,0,0
1670702400000,1272.11314397,1273.63851812,1262.56306450,1266.30900684,0,1670716799999,0,14400,0,0,0
