open_time,open,high,low,close,volume,close_time,quote_volume,count,taker_buy_volume,taker_buy_quote_volume,ignore
1762646400000,3401.54883721,3403.99372093,3358.92209302,3375.59069767,0,1762660799999,0,14400,0,0,0
1762660800000,3375.63325581,3424.60697674,3370.23813953,3422.81139535,0,1762675199999,0,14400,0,0,0
1762675200000,3422.75558140,3435.11186047,3382.65418605,3428.41744186,0,1762689599999,0,14400,0,0,0
1762689600000,3428.40348837,3563.32232558,3424.88488372,3515.79511628,0,1762703999999,0,14400,0,0,0
1762704000000,3515.70558140,3579.77116279,3501.70883721,3579.77116279,0,1762718399999,0,14400,0,0,0
1762718400000,3579.86953488,3619.38069767,3563.10604651,3583.67837209,0,1762732799999,0,14400,0,0,0
