open_time,open,high,low,close,volume,close_time,quote_volume,count,taker_buy_volume,taker_buy_quote_volume,ignore
1783641600000,1745.36023256,1746.43348837,1738.09325581,1743.00046512,0,1783645199999,0,3600,0,0,0
1783645200000,1742.99976744,1777.19604651,1738.61302326,1767.55046512,0,1783648799999,0,3600,0,0,0
1783648800000,1767.55000000,1774.80813953,1764.98209302,1772.89116279,0,1783652399999,0,3600,0,0,0
1783652400000,1772.89348837,1779.63651163,1769.51860465,1775.96488372,0,1783655999999,0,3600,0,0,0
1783656000000,1775.96488372,1780.28116279,1772.12720930,1774.67116279,0,1783659599999,0,3600,0,0,0
1783659600000,1774.67581395,1779.37860465,1772.60162791,1778.94186047,0,1783663199999,0,3600,0,0,0
1783663200000,1778.95883721,1779.77418605,1769.28558140,1770.95790698,0,1783666799999,0,3600,0,0,0
1783666800000,1771.00372093,1777.16302326,1768.80488372,1773.26023256,0,1783670399999,0,3600,0,0,0
1783670400000,1773.26023256,1788.88348837,1772.66720930,1784.05395349,0,1783673999999,0,3600,0,0,0
1783674000000,1784.02674419,1794.52325581,1781.51790698,1792.61232558,0,1783677599999,0,3600,0,0,0
1783677600000,1792.61232558,1802.08604651,1789.51395349,1797.16790698,0,1783681199999,0,3600,0,0,0
1783681200000,1797.16139535,1802.33767442,1794.35534884,1801.12767442,0,1783684799999,0,3600,0,0,0
1783684800000,1801.28720930,1806.82325581,1793.12930233,1793.99465116,0,1783688399999,0,3600,0,0,0
1783688400000,1793.84581395,1811.32000000,1793.67837209,1803.90813953,0,1783691999999,0,3600,0,0,0
1783692000000,1803.96860465,1804.47697674,1776.50837209,1784.89604651,0,1783695599999,0,3600,0,0,0
1783695600000,1784.96441860,1796.69325581,1784.05325581,1790.83372093,0,1783699199999,0,3600,0,0,0
1783699200000,1791.10000000,1799.27953488,1785.95372093,1797.74906977,0,1783702799999,0,3600,0,0,0
1783702800000,1797.59976744,1798.63093023,1788.18302326,1788.18441860,0,1783706399999,0,3600,0,0,0
1783706400000,1788.18906977,1792.74372093,1781.75279070,1784.87883721,0,1783709999999,0,3600,0,0,0
1783710000000,1784.87418605,1796.77790698,1784.15441860,1792.61162791,0,1783713599999,0,3600,0,0,0
1783713600000,1792.76023256,1794.20790698,1789.60720930,1790.28325581,0,1783717199999,0,3600,0,0,0
1783717200000,1790.28790698,1796.40372093,1789.88511628,1794.41651163,0,1783720799999,0,3600,0,0,0
1783720800000,1794.41186047,1796.59279070,1793.11627907,1795.23395349,0,1783724399999,0,3600,0,0,0
1783724400000,1795.23395349,1797.92186047,1792.68372093,1796.77232558,0,1783727999999,0,3600,0,0,0
