open_time,open,high,low,close,volume,close_time,quote_volume,count,taker_buy_volume,taker_buy_quote_volume,ignore
1763337600000,3095.79046512,3179.88674419,3069.30534884,3176.67767442,0,1763351999999,0,14400,0,0,0
1763352000000,3176.68046512,3207.05488372,3166.69674419,3198.67697674,0,1763366399999,0,14400,0,0,0
1763366400000,3198.74976744,3221.68395349,3180.68372093,3204.04139535,0,1763380799999,0,14398,0,0,0
1763380800000,3204.04558140,3207.69906977,3096.39813953,3120.14558140,0,1763395199999,0,14400,0,0,0
1763395200000,3120.14209302,3141.68581395,2975.98558140,2982.24651163,0,1763409599999,0,14400,0,0,0
1763409600000,2982.11906977,3031.78744186,2960.09651163,3031.10953488,0,1763423999999,0,14400,0,0,0
