open_time,open,high,low,close,volume,close_time,quote_volume,count,taker_buy_volume,taker_buy_quote_volume,ignore
1745712000000,1820.95837838,1856.44594595,1801.64702703,1809.50891892,0,1745726399999,0,14400,0,0,0
1745726400000,1809.50891892,1811.51081081,1790.67540541,1803.68838710,0,1745740799999,0,14400,0,0,0
1745740800000,1803.68741935,1814.51675676,1801.84216216,1806.46648649,0,1745755199999,0,14400,0,0,0
1745755200000,1806.46027027,1807.24837838,1784.77837838,1793.91729730,0,1745769599999,0,14400,0,0,0
1745769600000,1793.89864865,1808.18540541,1787.96351351,1807.92459459,0,1745783999999,0,14400,0,0,0
1745784000000,1807.92918919,1808.07135135,1785.11297297,1791.54000000,0,1745798399999,0,14400,0,0,0
