open_time,open,high,low,close,volume,close_time,quote_volume,count,taker_buy_volume,taker_buy_quote_volume,ignore
1710806400000,3520.51568182,3547.69340909,3364.02931818,3419.87000000,0,1710820799999,0,14400,0,0,0
1710820800000,3419.62363636,3427.38159091,3306.56977273,3359.88295455,0,1710835199999,0,14400,0,0,0
1710835200000,3360.06477273,3360.12318182,3203.68386364,3275.89545455,0,1710849599999,0,14399,0,0,0
1710849600000,3275.99795455,3323.94818182,3223.68545455,3303.22022727,0,1710863999999,0,14400,0,0,0
1710864000000,3303.27840909,3359.65772727,3281.29454545,3334.07704545,0,1710878399999,0,14400,0,0,0
1710878400000,3333.94818182,3338.31522727,3151.13909091,3159.17272727,0,1710892799999,0,14400,0,0,0
