open_time,open,high,low,close,volume,close_time,quote_volume,count,taker_buy_volume,taker_buy_quote_volume,ignore
1677196800000,1650.33520340,1657.17621921,1646.40532710,1651.37057194,0,1677200399999,0,3600,0,0,0
1677200400000,1651.37558304,1664.10808810,1651.37558304,1653.78203418,0,1677203999999,0,3600,0,0,0
1677204000000,1653.69416583,1655.35233423,1646.89395262,1648.49464761,0,1677207599999,0,3600,0,0,0
1677207600000,1648.49418508,1651.95529878,1646.22605259,1649.20665932,0,1677211199999,0,3600,0,0,0
1677211200000,1649.20075083,1651.38454674,1646.93210867,1647.10122124,0,1677214799999,0,3600,0,0,0
1677214800000,1647.09537429,1647.42812624,1642.53042180,1645.04453293,0,1677218399999,0,3600,0,0,0
1677218400000,1645.04425548,1652.36064855,1641.79106687,1651.43796244,0,1677221999999,0,3600,0,0,0
1677222000000,1651.29513465,1656.15104567,1645.24344424,1651.74988874,0,1677225599999,0,3600,0,0,0
1677225600000,1651.74765437,1657.55491974,1646.36528137,1653.85447200,0,1677229199999,0,3600,0,0,0
1677229200000,1653.84989846,1655.69753388,1647.04636622,1647.72902584,0,1677232799999,0,3600,0,0,0
1677232800000,1647.60946786,1649.92904259,1642.85390794,1648.78163731,0,1677236399999,0,3600,0,0,0
1677236400000,1648.78729590,1650.87335523,1644.50223080,1647.26049137,0,1677239999999,0,3600,0,0,0
1677240000000,1647.26033697,1654.04186632,1644.34333146,1645.22106912,0,1677243599999,0,3600,0,0,0
1677243600000,1645.22385490,1647.79972456,1632.45093923,1635.23174672,0,1677247199999,0,3600,0,0,0
1677247200000,1635.20121353,1640.56940740,1629.90133662,1636.88660171,0,1677250799999,0,3600,0,0,0
1677250800000,1636.72648334,1638.50241541,1600.45085639,1603.01047228,0,1677254399999,0,3600,0,0,0
1677254400000,1603.08185713,1603.08735322,1576.10386777,1593.38184751,0,1677257999999,0,3600,0,0,0
1677258000000,1593.37554193,1597.25854934,1589.24536024,1593.55596862,0,1677261599999,0,3600,0,0,0
1677261600000,1593.55587583,1599.31715393,1589.24435436,1596.30119395,0,1677265199999,0,3600,0,0,0
1677265200000,1596.30162732,1611.26401797,1586.61908710,1610.83649167,0,1677268799999,0,3600,0,0,0
1677268800000,1610.88309461,1622.60457781,1607.29321510,1611.48810206,0,1677272399999,0,3600,0,0,0
1677272400000,1611.46008758,1611.80351493,1601.10592453,1602.51205053,0,1677275999999,0,3600,0,0,0
1677276000000,1602.51562277,1609.04325826,1594.44998820,1604.46546249,0,1677279599999,0,3600,0,0,0
1677279600000,1604.47500709,1611.22598876,1599.64102636,1607.81610502,0,1677283199999,0,3600,0,0,0
