open_time,open,high,low,close,volume,close_time,quote_volume,count,taker_buy_volume,taker_buy_quote_volume,ignore
1761350400000,3934.88511628,3935.70558140,3913.74116279,3918.49813953,0,1761353999999,0,3600,0,0,0
1761354000000,3918.50279070,3938.89825000,3915.74139535,3932.77025000,0,1761357599999,0,3600,0,0,0
1761357600000,3932.77025000,3937.42950000,3926.69950000,3934.28500000,0,1761361199999,0,3600,0,0,0
1761361200000,3934.29000000,3935.44700000,3920.57300000,3921.38450000,0,1761364799999,0,3600,0,0,0
1761364800000,3921.34825000,3935.22750000,3920.72250000,3923.21525000,0,1761368399999,0,3600,0,0,0
1761368400000,3923.21525000,3932.05790698,3920.81550000,3930.36906977,0,1761371999999,0,3600,0,0,0
1761372000000,3930.45767442,3935.95883721,3926.84813953,3928.62581395,0,1761375599999,0,3600,0,0,0
1761375600000,3928.62581395,3957.59767442,3925.85767442,3928.95813953,0,1761379199999,0,3600,0,0,0
1761379200000,3928.95348837,3955.90720930,3927.86441860,3953.93767442,0,1761382799999,0,3600,0,0,0
1761382800000,3953.93697674,3956.58790698,3941.09116279,3942.41604651,0,1761386399999,0,3600,0,0,0
1761386400000,3942.60209302,3946.90604651,3931.98558140,3942.56720930,0,1761389999999,0,3600,0,0,0
1761390000000,3942.54488372,3945.26558140,3938.53325581,3940.39046512,0,1761393599999,0,3600,0,0,0
1761393600000,3940.39046512,3955.52767442,3939.76418605,3953.26860465,0,1761397199999,0,3600,0,0,0
1761397200000,3953.27465116,3956.33023256,3935.57255814,3942.97883721,0,1761400799999,0,3600,0,0,0
1761400800000,3942.97883721,3947.76027027,3934.10558140,3938.60697674,0,1761404399999,0,3600,0,0,0
1761404400000,3938.60697674,3938.61232558,3925.63432432,3932.92648649,0,1761407999999,0,3600,0,0,0
1761408000000,3932.92189189,3937.95054054,3928.29594595,3932.67243243,0,1761411599999,0,3600,0,0,0
1761411600000,3932.67702703,3939.50486486,3930.72216216,3934.76621622,0,1761415199999,0,3600,0,0,0
1761415200000,3934.76081081,3968.90810811,3929.39378378,3960.13945946,0,1761418799999,0,3600,0,0,0
1761418800000,3960.06972973,3963.86351351,3951.60351351,3957.48675676,0,1761422399999,0,3600,0,0,0
1761422400000,3957.49162162,3959.40810811,3945.36837838,3945.39216216,0,1761425999999,0,3600,0,0,0
1761426000000,3945.39216216,3952.47186047,3937.73702703,3952.47186047,0,1761429599999,0,3600,0,0,0
1761429600000,3952.47534884,3964.79255814,3946.66093023,3961.65744186,0,1761433199999,0,3600,0,0,0
1761433200000,3961.65744186,3963.58395349,3950.56697674,3953.74069767,0,1761436799999,0,3600,0,0,0
