open_time,open,high,low,close,volume,close_time,quote_volume,count,taker_buy_volume,taker_buy_quote_volume,ignore
1765411200000,3323.90604651,3327.22116279,3168.96186047,3191.72488372,0,1765425599999,0,14400,0,0,0
1765425600000,3191.73883721,3215.13465116,3181.33395349,3201.85627907,0,1765439999999,0,14400,0,0,0
1765440000000,3201.85697674,3212.94372093,3179.50860465,3193.04674419,0,1765454399999,0,14400,0,0,0
1765454400000,3193.05139535,3208.38302326,3148.13139535,3180.07581395,0,1765468799999,0,14400,0,0,0
1765468800000,3179.98767442,3233.32720930,3155.68581395,3194.61720930,0,1765483199999,0,14400,0,0,0
1765483200000,3194.58860465,3272.55930233,3193.40302326,3237.10302326,0,1765497599999,0,14400,0,0,0
