open_time,open,high,low,close,volume,close_time,quote_volume,count,taker_buy_volume,taker_buy_quote_volume,ignore
1706400000000,2267.92772727,2288.55954545,2263.01568182,2287.13181818,0,1706414399999,0,14400,0,0,0
1706414400000,2287.17977273,2307.83659091,2281.89590909,2282.68681818,0,1706428799999,0,14400,0,0,0
1706428800000,2282.68750000,2300.83068182,2277.21931818,2280.98295455,0,1706443199999,0,14400,0,0,0
1706443200000,2280.98227273,2285.82750000,2262.69818182,2270.09568182,0,1706457599999,0,14400,0,0,0
1706457600000,2270.09568182,2275.92342105,2248.43272727,2253.95840909,0,1706471999999,0,14400,0,0,0
1706472000000,2253.96500000,2265.96204545,2240.72477273,2256.90113636,0,1706486399999,0,14400,0,0,0
