open_time,open,high,low,close,volume,close_time,quote_volume,count,taker_buy_volume,taker_buy_quote_volume,ignore
1747612800000,2497.73279070,2511.03209302,2430.28558140,2443.45093023,0,1747616399999,0,3600,0,0,0
1747616400000,2443.04627907,2450.12465116,2416.60372093,2428.90883721,0,1747619999999,0,3600,0,0,0
1747620000000,2428.87604651,2434.91511628,2393.95139535,2401.49395349,0,1747623599999,0,3600,0,0,0
1747623600000,2401.27534884,2404.33465116,2380.14930233,2385.64023256,0,1747627199999,0,3600,0,0,0
1747627200000,2385.45395349,2404.41139535,2352.75162791,2365.94790698,0,1747630799999,0,3600,0,0,0
1747630800000,2365.78581395,2385.72069767,2358.88325581,2378.54162791,0,1747634399999,0,3600,0,0,0
1747634400000,2378.39534884,2397.52604651,2349.89139535,2354.34023256,0,1747637999999,0,3600,0,0,0
1747638000000,2354.30418605,2412.32465116,2352.42813953,2403.84534884,0,1747641599999,0,3600,0,0,0
1747641600000,2403.75674419,2421.66930233,2391.53883721,2404.97046512,0,1747645199999,0,3600,0,0,0
1747645200000,2404.97023256,2415.16279070,2391.31976744,2405.76325581,0,1747648799999,0,3600,0,0,0
1747648800000,2405.49372093,2418.64232558,2393.36418605,2409.77558140,0,1747652399999,0,3600,0,0,0
1747652400000,2409.80906977,2421.94232558,2407.38302326,2418.25720930,0,1747655999999,0,3600,0,0,0
1747656000000,2418.25720930,2420.65325581,2386.00255814,2400.73558140,0,1747659599999,0,3600,0,0,0
1747659600000,2400.74418605,2441.72000000,2395.43023256,2428.03000000,0,1747663199999,0,3600,0,0,0
1747663200000,2427.22441860,2454.03511628,2418.64162791,2447.07162791,0,1747666799999,0,3600,0,0,0
1747666800000,2447.09883721,2472.77813953,2444.15604651,2466.59534884,0,1747670399999,0,3600,0,0,0
1747670400000,2466.58441860,2508.51418605,2451.32232558,2508.51418605,0,1747673999999,0,3600,0,0,0
1747674000000,2509.40441860,2546.02093023,2503.32465116,2505.54302326,0,1747677599999,0,3600,0,0,0
1747677600000,2505.52697674,2517.86767442,2477.15139535,2489.47511628,0,1747681199999,0,3600,0,0,0
1747681200000,2489.46976744,2524.63581395,2480.56906977,2520.50627907,0,1747684799999,0,3600,0,0,0
1747684800000,2519.82558140,2533.49976744,2507.24395349,2520.55023256,0,1747688399999,0,3600,0,0,0
1747688400000,2520.55023256,2524.74232558,2504.01767442,2524.04604651,0,1747691999999,0,3600,0,0,0
1747692000000,2523.74790698,2523.74790698,2493.30976744,2504.31000000,0,1747695599999,0,3600,0,0,0
1747695600000,2504.27511628,2533.48860465,2501.24744186,2527.69093023,0,1747699199999,0,3600,0,0,0
