open_time,open,high,low,close,volume,close_time,quote_volume,count,taker_buy_volume,taker_buy_quote_volume,ignore
1688601600000,1910.26717647,1915.53576471,1898.94611765,1913.53794521,0,1688615999999,0,14400,0,0,0
1688616000000,1913.53794521,1929.83988235,1909.66047059,1925.14505882,0,1688630399999,0,14400,0,0,0
1688630400000,1925.14035294,1957.82600000,1911.54576471,1917.50058824,0,1688644799999,0,14400,0,0,0
1688644800000,1917.70576471,1918.78529412,1865.09411765,1888.54917647,0,1688659199999,0,14400,0,0,0
1688659200000,1888.55694118,1894.06305882,1878.50270588,1885.35482353,0,1688673599999,0,14400,0,0,0
1688673600000,1885.33647059,1887.60611765,1846.60905882,1846.78070588,0,1688687999999,0,14400,0,0,0
