open_time,open,high,low,close,volume,close_time,quote_volume,count,taker_buy_volume,taker_buy_quote_volume,ignore
1711584000000,3501.37681818,3530.92363636,3465.69931818,3496.79750000,0,1711598399999,0,14400,0,0,0
1711598400000,3496.80113636,3579.32954545,3496.00954545,3573.67613636,0,1711612799999,0,14400,0,0,0
1711612800000,3573.73181818,3593.12090909,3565.91000000,3579.46863636,0,1711627199999,0,14400,0,0,0
1711627200000,3579.43250000,3611.31045455,3552.79340909,3577.97613636,0,1711641599999,0,14399,0,0,0
1711641600000,3578.23159091,3580.79500000,3541.77204545,3563.84340909,0,1711655999999,0,14400,0,0,0
1711656000000,3563.44590909,3579.43954545,3542.81704545,3560.72318182,0,1711670399999,0,14400,0,0,0
