open_time,open,high,low,close,volume,close_time,quote_volume,count,taker_buy_volume,taker_buy_quote_volume,ignore
1698796800000,1814.77835294,1828.79270588,1807.87235294,1809.90976471,0,1698811199999,0,14400,0,0,0
1698811200000,1809.90223529,1810.13341176,1797.89294118,1804.39705882,0,1698825599999,0,14400,0,0,0
1698825600000,1804.47352941,1808.16023529,1792.48788235,1799.60600000,0,1698839999999,0,14400,0,0,0
1698840000000,1799.60670588,1826.48623529,1784.16458824,1792.30741176,0,1698854399999,0,14400,0,0,0
1698854400000,1792.30270588,1850.50694118,1791.96858824,1835.94729412,0,1698868799999,0,14400,0,0,0
1698868800000,1835.92988235,1857.44258824,1835.86000000,1846.72352941,0,1698883199999,0,14400,0,0,0
