open_time,open,high,low,close,volume,close_time,quote_volume,count,taker_buy_volume,taker_buy_quote_volume,ignore
1669766400000,1216.38604860,1282.37701505,1213.07908124,1265.28411311,0,1669780799999,0,14400,0,0,0
1669780800000,1265.26785574,1274.49816899,1265.26785574,1272.50676870,0,1669795199999,0,14397,0,0,0
1669795200000,1272.50619503,1276.86775787,1261.96833923,1266.57050220,0,1669809599999,0,14400,0,0,0
1669809600000,1266.72676772,1271.51998366,1257.12934087,1267.42683350,0,1669823999999,0,14400,0,0,0
1669824000000,1267.41850013,1299.49009926,1259.52621247,1286.94280221,0,1669838399999,0,14400,0,0,0
1669838400000,1287.05883935,1309.12305298,1285.17483833,1294.55963423,0,1669852799999,0,14400,0,0,0
