open_time,open,high,low,close,volume,close_time,quote_volume,count,taker_buy_volume,taker_buy_quote_volume,ignore
1664409600000,1337.39814043,1351.55324466,1327.86089818,1341.29659379,0,1664423999999,0,14400,0,0,0
1664424000000,1341.30019960,1345.14337263,1314.01480707,1321.05610338,0,1664438399999,0,14400,0,0,0
1664438400000,1321.05305853,1344.70799803,1314.85083412,1336.97341330,0,1664452799999,0,14400,0,0,0
1664452800000,1336.96709351,1337.72040264,1288.75445783,1327.48017272,0,1664467199999,0,14400,0,0,0
1664467200000,1327.46379768,1347.93718991,1315.03121415,1333.63634402,0,1664481599999,0,14400,0,0,0
1664481600000,1333.52879011,1340.63317884,1324.76991057,1335.73470277,0,1664495999999,0,14400,0,0,0
