open_time,open,high,low,close,volume,close_time,quote_volume,count,taker_buy_volume,taker_buy_quote_volume,ignore
1783209600000,1780.69953488,1780.80465116,1757.31976744,1761.67790698,0,1783223999999,0,14400,0,0,0
1783224000000,1761.67790698,1772.18767442,1760.37186047,1770.44069767,0,1783238399999,0,14400,0,0,0
1783238400000,1770.43604651,1772.52441860,1750.08674419,1760.07488372,0,1783252799999,0,14400,0,0,0
1783252800000,1760.14604651,1779.47511628,1756.75232558,1774.57023256,0,1783267199999,0,14400,0,0,0
1783267200000,1774.57023256,1785.71348837,1770.56511628,1781.44279070,0,1783281599999,0,14400,0,0,0
1783281600000,1781.44279070,1807.22255814,1769.63744186,1785.64325581,0,1783295999999,0,14400,0,0,0
