open_time,open,high,low,close,volume,close_time,quote_volume,count,taker_buy_volume,taker_buy_quote_volume,ignore
1782172800000,1728.45953488,1736.02720930,1720.54465116,1729.41790698,0,1782187199999,0,14400,0,0,0
1782187200000,1729.41790698,1731.22891892,1682.69465116,1683.13534884,0,1782201599999,0,14400,0,0,0
1782201600000,1683.18860465,1684.63232558,1639.05302326,1660.79046512,0,1782215999999,0,14400,0,0,0
1782216000000,1660.81465116,1671.37093023,1645.83279070,1659.67790698,0,1782230399999,0,14400,0,0,0
1782230400000,1659.66232558,1673.14441860,1650.31744186,1663.12093023,0,1782244799999,0,14400,0,0,0
1782244800000,1662.80604651,1672.83000000,1660.48488372,1667.11860465,0,1782259199999,0,14400,0,0,0
