open_time,open,high,low,close,volume,close_time,quote_volume,count,taker_buy_volume,taker_buy_quote_volume,ignore
1756339200000,4506.88976744,4548.01232558,4468.60232558,4541.66790698,0,1756353599999,0,14400,0,0,0
1756353600000,4541.65116279,4599.43534884,4534.99232558,4596.62116279,0,1756367999999,0,14400,0,0,0
1756368000000,4596.70441860,4632.62255814,4582.08930233,4594.50139535,0,1756382399999,0,14399,0,0,0
1756382400000,4594.54790698,4614.68860465,4486.00674419,4504.22627907,0,1756396799999,0,14400,0,0,0
1756396800000,4504.14046512,4529.73674419,4438.11255814,4438.11255814,0,1756411199999,0,14400,0,0,0
1756411200000,4438.76418605,4515.77209302,4431.47232558,4511.09046512,0,1756425599999,0,14400,0,0,0
