open_time,open,high,low,close,volume,close_time,quote_volume,count,taker_buy_volume,taker_buy_quote_volume,ignore
1749600000000,2816.00720930,2833.90279070,2772.79697674,2791.00534884,0,1749614399999,0,14400,0,0,0
1749614400000,2791.00534884,2802.94767442,2780.49441860,2791.70232558,0,1749628799999,0,14400,0,0,0
1749628800000,2791.72302326,2793.25511628,2754.51186047,2772.30418605,0,1749643199999,0,14400,0,0,0
1749643200000,2772.31255814,2878.54441860,2764.85674419,2865.13209302,0,1749657599999,0,14400,0,0,0
1749657600000,2865.08162791,2873.87883721,2802.45162791,2813.67000000,0,1749671999999,0,14400,0,0,0
1749672000000,2813.60883721,2830.92093023,2745.07744186,2772.26441860,0,1749686399999,0,14400,0,0,0
