open_time,open,high,low,close,volume,close_time,quote_volume,count,taker_buy_volume,taker_buy_quote_volume,ignore
1766880000000,2949.07325581,2951.50697674,2941.57302326,2943.54432432,0,1766894399999,0,14400,0,0,0
1766894400000,2943.54432432,2947.00883721,2930.97023256,2938.91488372,0,1766908799999,0,14400,0,0,0
1766908800000,2938.93162791,2946.91279070,2931.99162791,2944.16581395,0,1766923199999,0,14400,0,0,0
1766923200000,2944.16627907,2959.61604651,2938.24651163,2949.31302326,0,1766937599999,0,14400,0,0,0
1766937600000,2949.31162791,2954.39255814,2927.00860465,2933.62511628,0,1766951999999,0,14400,0,0,0
1766952000000,2933.60976744,2954.79976744,2929.22162791,2950.87651163,0,1766966399999,0,14400,0,0,0
