open_time,open,high,low,close,volume,close_time,quote_volume,count,taker_buy_volume,taker_buy_quote_volume,ignore
1715817600000,3032.72704545,3040.83318182,2997.44659091,3013.43250000,0,1715831999999,0,14400,0,0,0
1715832000000,3013.52500000,3021.21204545,3004.48921053,3016.31477273,0,1715846399999,0,14400,0,0,0
1715846400000,3016.32863636,3027.59295455,2991.49250000,3007.06772727,0,1715860799999,0,14400,0,0,0
1715860800000,3007.05136364,3007.45886364,2932.44613636,2956.52727273,0,1715875199999,0,14400,0,0,0
1715875200000,2956.54409091,2960.61954545,2925.74409091,2944.95409091,0,1715889599999,0,14400,0,0,0
1715889600000,2944.96113636,2946.23447368,2923.32409091,2944.73863636,0,1715903999999,0,14400,0,0,0
