open_time,open,high,low,close,volume,close_time,quote_volume,count,taker_buy_volume,taker_buy_quote_volume,ignore
1777766400000,2316.95209302,2317.47465116,2309.63186047,2313.89465116,0,1777769999999,0,3600,0,0,0
1777770000000,2313.89604651,2314.04348837,2303.42418605,2303.98860465,0,1777773599999,0,3600,0,0,0
1777773600000,2303.98860465,2306.54697674,2299.57000000,2303.27093023,0,1777777199999,0,3600,0,0,0
1777777200000,2303.27093023,2303.93837209,2299.84511628,2301.96729730,0,1777780799999,0,3600,0,0,0
1777780800000,2301.96189189,2304.34186047,2297.98534884,2301.57459459,0,1777784399999,0,3600,0,0,0
1777784400000,2301.56918919,2304.76720930,2301.32135135,2304.17081081,0,1777787999999,0,3600,0,0,0
1777788000000,2304.17081081,2306.21418605,2299.98372093,2304.58232558,0,1777791599999,0,3600,0,0,0
1777791600000,2304.58232558,2313.94486486,2304.54697674,2309.32209302,0,1777795199999,0,3600,0,0,0
1777795200000,2309.32209302,2312.44918919,2307.82046512,2308.29186047,0,1777798799999,0,3600,0,0,0
1777798800000,2308.29116279,2321.15674419,2307.69162162,2316.42674419,0,1777802399999,0,3600,0,0,0
1777802400000,2316.43511628,2316.53674419,2311.41627907,2311.54186047,0,1777805999999,0,3600,0,0,0
1777806000000,2311.54186047,2327.31372093,2310.48883721,2319.65945946,0,1777809599999,0,3600,0,0,0
1777809600000,2319.72756757,2332.14790698,2319.72756757,2325.66441860,0,1777813199999,0,3600,0,0,0
1777813200000,2325.66860465,2328.57054054,2321.05756757,2322.25348837,0,1777816799999,0,3600,0,0,0
1777816800000,2322.23488372,2329.31232558,2321.25000000,2328.44976744,0,1777820399999,0,3600,0,0,0
1777820400000,2328.36000000,2333.38581395,2325.11790698,2328.37162791,0,1777823999999,0,3600,0,0,0
1777824000000,2328.37767442,2334.27023256,2322.58325581,2328.34432432,0,1777827599999,0,3600,0,0,0
1777827600000,2328.34432432,2335.30209302,2324.52209302,2331.83697674,0,1777831199999,0,3600,0,0,0
1777831200000,2331.83697674,2333.33488372,2328.41581395,2330.94046512,0,1777834799999,0,3600,0,0,0
1777834800000,2330.94046512,2336.88813953,2328.53000000,2335.62418605,0,1777838399999,0,3600,0,0,0
1777838400000,2335.62418605,2343.98534884,2328.81511628,2329.58488372,0,1777841999999,0,3600,0,0,0
1777842000000,2329.58488372,2333.71534884,2316.17930233,2323.82023256,0,1777845599999,0,3600,0,0,0
1777845600000,2323.82604651,2355.72372093,2323.82604651,2343.80372093,0,1777849199999,0,3600,0,0,0
1777849200000,2343.82744186,2347.02720930,2320.78883721,2322.87883721,0,1777852799999,0,3600,0,0,0
