open_time,open,high,low,close,volume,close_time,quote_volume,count,taker_buy_volume,taker_buy_quote_volume,ignore
1752969600000,3592.25000000,3690.89396744,3579.34255814,3658.20651163,0,1752983999999,0,14400,0,0,0
1752984000000,3658.23720930,3689.32325581,3634.57069767,3668.33418605,0,1752998399999,0,14400,0,0,0
1752998400000,3668.32720930,3763.27697674,3668.32720930,3756.16651163,0,1753012799999,0,14400,0,0,0
1753012800000,3756.18534884,3789.62372093,3725.26767442,3786.07651163,0,1753027199999,0,14400,0,0,0
1753027200000,3786.08232558,3821.97465116,3731.46674419,3749.05534884,0,1753041599999,0,14400,0,0,0
1753041600000,3749.24720930,3772.92093023,3683.55441860,3756.76511628,0,1753055999999,0,14400,0,0,0
