open_time,open,high,low,close,volume,close_time,quote_volume,count,taker_buy_volume,taker_buy_quote_volume,ignore
1706572800000,2317.65795455,2318.26545455,2304.90568182,2305.17113636,0,1706576399999,0,3600,0,0,0
1706576400000,2305.17181818,2324.85636364,2304.12068182,2314.91522727,0,1706579999999,0,3600,0,0,0
1706580000000,2314.91522727,2327.86500000,2314.91522727,2317.84159091,0,1706583599999,0,3600,0,0,0
1706583600000,2317.84159091,2319.88136364,2310.76681818,2311.50704545,0,1706587199999,0,3600,0,0,0
1706587200000,2311.50250000,2314.50250000,2308.55681818,2311.53750000,0,1706590799999,0,3600,0,0,0
1706590800000,2311.53681818,2313.32363636,2304.48204545,2304.92113636,0,1706594399999,0,3600,0,0,0
1706594400000,2304.92113636,2309.06000000,2301.40250000,2304.32227273,0,1706597999999,0,3600,0,0,0
1706598000000,2304.32227273,2313.94295455,2302.92136364,2309.26386364,0,1706601599999,0,3600,0,0,0
1706601600000,2309.26386364,2312.80772727,2303.08840909,2308.19272727,0,1706605199999,0,3600,0,0,0
1706605200000,2308.19340909,2308.94840909,2303.70840909,2304.42045455,0,1706608799999,0,3600,0,0,0
1706608800000,2304.42113636,2315.79818182,2302.91840909,2314.96204545,0,1706612399999,0,3600,0,0,0
1706612400000,2314.97090909,2317.56227273,2311.30090909,2314.01315789,0,1706615999999,0,3600,0,0,0
1706616000000,2314.01394737,2332.16545455,2300.00659091,2306.65090909,0,1706619599999,0,3600,0,0,0
1706619600000,2306.70659091,2313.62022727,2297.52613636,2305.95727273,0,1706623199999,0,3600,0,0,0
1706623200000,2305.96113636,2315.52909091,2299.00318182,2313.01431818,0,1706626799999,0,3600,0,0,0
1706626800000,2313.06681818,2346.34090909,2303.77977273,2340.93431818,0,1706630399999,0,3600,0,0,0
1706630400000,2340.92295455,2369.14772727,2336.25886364,2368.92000000,0,1706633999999,0,3600,0,0,0
1706634000000,2368.92454545,2380.01227273,2364.55113636,2370.56227273,0,1706637599999,0,3600,0,0,0
1706637600000,2370.56227273,2380.48204545,2364.58363636,2376.60522727,0,1706641199999,0,3600,0,0,0
1706641200000,2376.68250000,2378.12250000,2369.33931818,2374.88977273,0,1706644799999,0,3600,0,0,0
1706644800000,2374.89113636,2384.53704545,2373.70727273,2374.08681818,0,1706648399999,0,3600,0,0,0
1706648400000,2374.08681818,2390.78590909,2370.07750000,2380.18545455,0,1706651999999,0,3600,0,0,0
1706652000000,2380.18022727,2381.56181818,2364.99863636,2365.11613636,0,1706655599999,0,3600,0,0,0
1706655600000,2365.09840909,2367.75545455,2337.21272727,2343.20227273,0,1706659199999,0,3600,0,0,0
