open_time,open,high,low,close,volume,close_time,quote_volume,count,taker_buy_volume,taker_buy_quote_volume,ignore
1694217600000,1636.43095890,1636.83493151,1633.58882353,1634.47647059,0,1694231999999,0,14400,0,0,0
1694232000000,1634.47647059,1635.80882353,1632.08541176,1634.57150685,0,1694246399999,0,14400,0,0,0
1694246400000,1634.57150685,1636.05482353,1633.57588235,1635.25369863,0,1694260799999,0,14400,0,0,0
1694260800000,1635.25369863,1636.99623529,1630.04258824,1635.20541176,0,1694275199999,0,14400,0,0,0
1694275200000,1635.20541176,1637.36505882,1632.39058824,1634.08576471,0,1694289599999,0,14400,0,0,0
1694289600000,1634.08576471,1636.93739726,1633.73588235,1635.58976471,0,1694303999999,0,14400,0,0,0
