open_time,open,high,low,close,volume,close_time,quote_volume,count,taker_buy_volume,taker_buy_quote_volume,ignore
1744675200000,1623.74500000,1643.29976190,1615.42380952,1637.99166667,0,1744689599999,0,14400,0,0,0
1744689600000,1637.99452381,1648.04880952,1632.49452381,1644.91861111,0,1744703999999,0,14400,0,0,0
1744704000000,1644.91861111,1651.05641026,1623.03428571,1632.01285714,0,1744718399999,0,14400,0,0,0
1744718400000,1632.01285714,1660.33571429,1602.40523810,1620.83023810,0,1744732799999,0,14400,0,0,0
1744732800000,1620.82452381,1627.65428571,1598.57404762,1607.40476190,0,1744747199999,0,14400,0,0,0
1744747200000,1607.30119048,1614.64095238,1584.29880952,1588.78166667,0,1744761599999,0,14400,0,0,0
