open_time,open,high,low,close,volume,close_time,quote_volume,count,taker_buy_volume,taker_buy_quote_volume,ignore
1733875200000,3628.26045455,3668.45000000,3562.96318182,3665.07613636,0,1733889599999,0,14400,0,0,0
1733889600000,3665.03159091,3681.48750000,3647.27068182,3652.39454545,0,1733903999999,0,14400,0,0,0
1733904000000,3652.48159091,3727.27613636,3651.34568182,3716.13431818,0,1733918399999,0,14400,0,0,0
1733918400000,3716.12977273,3820.15272727,3710.22250000,3786.78227273,0,1733932799999,0,14400,0,0,0
1733932800000,3787.06818182,3813.28045455,3754.52886364,3803.59795455,0,1733947199999,0,14400,0,0,0
1733947200000,3803.65704545,3848.23863636,3802.85659091,3831.56363636,0,1733961599999,0,14400,0,0,0
