open_time,open,high,low,close,volume,close_time,quote_volume,count,taker_buy_volume,taker_buy_quote_volume,ignore
1668038400000,1102.14053102,1183.90833408,1087.28082817,1172.81937541,0,1668052799999,0,14400,0,0,0
1668052800000,1173.28467572,1204.67502021,1159.89261493,1189.95023828,0,1668067199999,0,14400,0,0,0
1668067200000,1190.09140962,1218.83212254,1176.28519230,1187.29693771,0,1668081599999,0,14399,0,0,0
1668081600000,1187.22874370,1345.05788523,1186.25155845,1320.85150976,0,1668095999999,0,14400,0,0,0
1668096000000,1321.20131756,1349.18070753,1249.04036903,1292.64538947,0,1668110399999,0,14400,0,0,0
1668110400000,1292.67051734,1342.82233423,1284.69129860,1299.82569834,0,1668124799999,0,14400,0,0,0
