open_time,open,high,low,close,volume,close_time,quote_volume,count,taker_buy_volume,taker_buy_quote_volume,ignore
1725321600000,2538.09863636,2552.75045455,2514.88045455,2516.04250000,0,1725335999999,0,14400,0,0,0
1725336000000,2515.97681818,2525.02500000,2512.62295455,2519.83921053,0,1725350399999,0,14400,0,0,0
1725350400000,2519.84447368,2520.64815789,2494.71181818,2509.32340909,0,1725364799999,0,14400,0,0,0
1725364800000,2509.32340909,2518.86454545,2436.88181818,2444.49068182,0,1725379199999,0,14400,0,0,0
1725379200000,2444.35090909,2468.80840909,2436.38704545,2447.40818182,0,1725393599999,0,14400,0,0,0
1725393600000,2447.54545455,2469.81636364,2415.29431818,2425.28545455,0,1725407999999,0,14400,0,0,0
