open_time,open,high,low,close,volume,close_time,quote_volume,count,taker_buy_volume,taker_buy_quote_volume,ignore
1732838400000,3578.82136364,3601.85272727,3550.73613636,3583.70113636,0,1732852799999,0,14400,0,0,0
1732852800000,3583.69795455,3595.32977273,3535.95272727,3544.57500000,0,1732867199999,0,14400,0,0,0
1732867200000,3544.56977273,3599.45840909,3544.56977273,3594.64772727,0,1732881599999,0,14400,0,0,0
1732881600000,3594.69409091,3644.71000000,3575.01750000,3614.39454545,0,1732895999999,0,14400,0,0,0
1732896000000,3614.39318182,3619.92454545,3559.59772727,3582.77227273,0,1732910399999,0,14400,0,0,0
1732910400000,3582.90795455,3603.39477273,3575.72818182,3592.14522727,0,1732924799999,0,14400,0,0,0
