open_time,open,high,low,close,volume,close_time,quote_volume,count,taker_buy_volume,taker_buy_quote_volume,ignore
1687564800000,1892.57388235,1892.66282353,1878.34164706,1881.58576471,0,1687568399999,0,3600,0,0,0
1687568400000,1881.60411765,1890.22988235,1879.15011765,1889.27517647,0,1687571999999,0,3600,0,0,0
1687572000000,1889.27517647,1896.42752941,1886.58176471,1895.55317647,0,1687575599999,0,3600,0,0,0
1687575600000,1895.55176471,1896.36917647,1892.19835294,1894.12811765,0,1687579199999,0,3600,0,0,0
1687579200000,1894.12811765,1897.39105882,1892.10082353,1892.97447059,0,1687582799999,0,3600,0,0,0
1687582800000,1892.96105882,1896.21258824,1891.77058824,1894.46800000,0,1687586399999,0,3600,0,0,0
1687586400000,1894.46729412,1894.46729412,1886.65741176,1888.67576471,0,1687589999999,0,3600,0,0,0
1687590000000,1888.79811765,1888.83623529,1882.33423529,1883.05164706,0,1687593599999,0,3600,0,0,0
1687593600000,1883.05635294,1888.52517647,1882.34623529,1887.71270588,0,1687597199999,0,3600,0,0,0
1687597200000,1887.71270588,1888.80835294,1885.52470588,1888.47117647,0,1687600799999,0,3600,0,0,0
1687600800000,1888.47117647,1892.59611765,1887.96164706,1892.59070588,0,1687604399999,0,3600,0,0,0
1687604400000,1892.59070588,1892.85129412,1889.60176471,1890.41643836,0,1687607999999,0,3600,0,0,0
1687608000000,1890.39041096,1905.30364706,1890.22400000,1896.42941176,0,1687611599999,0,3600,0,0,0
1687611600000,1896.41752941,1898.42341176,1887.05729412,1892.15764706,0,1687615199999,0,3600,0,0,0
1687615200000,1892.15011765,1893.95576471,1889.54152941,1893.50611765,0,1687618799999,0,3600,0,0,0
1687618800000,1893.50611765,1894.06623529,1869.43376471,1874.19729412,0,1687622399999,0,3600,0,0,0
1687622400000,1874.20200000,1877.50070588,1867.59411765,1877.28435294,0,1687625999999,0,3600,0,0,0
1687626000000,1877.28905882,1884.28917647,1876.48058824,1882.80035294,0,1687629599999,0,3600,0,0,0
1687629600000,1882.68176471,1887.98400000,1882.11564706,1886.47764706,0,1687633199999,0,3600,0,0,0
1687633200000,1886.47764706,1888.88176471,1885.84611765,1887.81811765,0,1687636799999,0,3600,0,0,0
1687636800000,1887.80964706,1887.80964706,1875.41458824,1876.85917647,0,1687640399999,0,3600,0,0,0
1687640400000,1876.88317647,1877.67647059,1865.00858824,1875.12964706,0,1687643999999,0,3600,0,0,0
1687644000000,1875.12964706,1876.98235294,1871.99211765,1875.10917647,0,1687647599999,0,3600,0,0,0
1687647600000,1874.98917647,1878.22188235,1872.96458824,1874.98011765,0,1687651199999,0,3600,0,0,0
