open_time,open,high,low,close,volume,close_time,quote_volume,count,taker_buy_volume,taker_buy_quote_volume,ignore
1775433600000,2110.01027027,2132.88116279,2110.01027027,2121.89860465,0,1775437199999,0,3600,0,0,0
1775437200000,2121.89860465,2124.41558140,2112.77651163,2114.80813953,0,1775440799999,0,3600,0,0,0
1775440800000,2115.07255814,2143.85023256,2114.59209302,2133.69976744,0,1775444399999,0,3600,0,0,0
1775444400000,2133.69418605,2136.79465116,2127.18511628,2129.03651163,0,1775447999999,0,3600,0,0,0
1775448000000,2129.04186047,2134.48302326,2125.46302326,2131.02674419,0,1775451599999,0,3600,0,0,0
1775451600000,2131.02139535,2134.43675676,2128.53405405,2131.32139535,0,1775455199999,0,3600,0,0,0
1775455200000,2131.31744186,2138.60325581,2120.32069767,2127.54674419,0,1775458799999,0,3600,0,0,0
1775458800000,2127.54674419,2140.26116279,2122.92567568,2134.86255814,0,1775462399999,0,3600,0,0,0
1775462400000,2134.89720930,2146.77209302,2133.64162791,2138.57465116,0,1775465999999,0,3600,0,0,0
1775466000000,2138.58000000,2172.26976744,2138.48302326,2150.90744186,0,1775469599999,0,3600,0,0,0
1775469600000,2151.00302326,2157.41604651,2150.03162791,2153.02139535,0,1775473199999,0,3600,0,0,0
1775473200000,2153.00465116,2153.41325581,2147.10558140,2151.47395349,0,1775476799999,0,3600,0,0,0
1775476800000,2151.46930233,2154.14675676,2142.52000000,2143.24279070,0,1775480399999,0,3600,0,0,0
1775480400000,2143.24139535,2148.95069767,2138.76767442,2145.23209302,0,1775483999999,0,3600,0,0,0
1775484000000,2145.51581395,2164.58000000,2138.47046512,2156.78488372,0,1775487599999,0,3600,0,0,0
1775487600000,2156.78488372,2169.02232558,2155.81511628,2164.64604651,0,1775491199999,0,3600,0,0,0
1775491200000,2164.64604651,2168.07953488,2140.63116279,2140.80186047,0,1775494799999,0,3600,0,0,0
1775494800000,2140.79162791,2141.01348837,2124.03000000,2135.08372093,0,1775498399999,0,3600,0,0,0
1775498400000,2135.06279070,2148.18744186,2131.91813953,2144.80945946,0,1775501999999,0,3600,0,0,0
1775502000000,2144.81486486,2145.65790698,2136.07302326,2144.40325581,0,1775505599999,0,3600,0,0,0
1775505600000,2144.47441860,2154.61023256,2140.41395349,2148.94279070,0,1775509199999,0,3600,0,0,0
1775509200000,2148.94279070,2148.94279070,2138.05604651,2139.43604651,0,1775512799999,0,3600,0,0,0
1775512800000,2139.43604651,2140.70534884,2106.03744186,2106.03744186,0,1775516399999,0,3600,0,0,0
1775516400000,2105.99139535,2110.26604651,2089.09279070,2107.54255814,0,1775519999999,0,3600,0,0,0
