open_time,open,high,low,close,volume,close_time,quote_volume,count,taker_buy_volume,taker_buy_quote_volume,ignore
1747180800000,2679.79674419,2722.41534884,2625.30651163,2646.80372093,0,1747195199999,0,14400,0,0,0
1747195200000,2646.82255814,2686.37069767,2637.19279070,2641.46627907,0,1747209599999,0,14400,0,0,0
1747209600000,2641.47023256,2645.10534884,2580.43627907,2625.01279070,0,1747223999999,0,14400,0,0,0
1747224000000,2625.00813953,2635.07581395,2560.40162791,2597.26255814,0,1747238399999,0,14400,0,0,0
1747238400000,2597.34813953,2616.61558140,2548.47627907,2604.06255814,0,1747252799999,0,14400,0,0,0
1747252800000,2604.50325581,2613.42372093,2584.43372093,2609.51860465,0,1747267199999,0,14400,0,0,0
