open_time,open,high,low,close,volume,close_time,quote_volume,count,taker_buy_volume,taker_buy_quote_volume,ignore
1735257600000,3334.90636364,3388.11568182,3317.83522727,3379.38090909,0,1735271999999,0,14400,0,0,0
1735272000000,3379.36522727,3398.53431818,3317.64181818,3326.34113636,0,1735286399999,0,14400,0,0,0
1735286400000,3326.33113636,3442.50727273,3325.97886364,3419.01636364,0,1735300799999,0,14400,0,0,0
1735300800000,3418.97318182,3422.45522727,3308.19068182,3325.76704545,0,1735315199999,0,14400,0,0,0
1735315200000,3325.89522727,3366.52136364,3308.60954545,3354.78477273,0,1735329599999,0,14400,0,0,0
1735329600000,3355.07295455,3355.49454545,3310.33454545,3333.21204545,0,1735343999999,0,14400,0,0,0
