open_time,open,high,low,close,volume,close_time,quote_volume,count,taker_buy_volume,taker_buy_quote_volume,ignore
1711929600000,3645.37136364,3645.75181818,3601.01659091,3610.51636364,0,1711943999999,0,14400,0,0,0
1711944000000,3610.50409091,3613.28227273,3501.08045455,3546.58409091,0,1711958399999,0,14399,0,0,0
1711958400000,3546.59500000,3559.57863636,3520.84659091,3538.11636364,0,1711972799999,0,14400,0,0,0
1711972800000,3538.12931818,3570.46136364,3438.71727273,3444.53363636,0,1711987199999,0,14400,0,0,0
1711987200000,3444.21636364,3488.62636364,3416.32250000,3486.29181818,0,1712001599999,0,14400,0,0,0
1712001600000,3486.33477273,3514.46431818,3471.47068182,3503.86204545,0,1712015999999,0,14400,0,0,0
