open_time,open,high,low,close,volume,close_time,quote_volume,count,taker_buy_volume,taker_buy_quote_volume,ignore
1761523200000,4158.88953488,4188.79232558,4149.58674419,4170.90511628,0,1761526799999,0,3600,0,0,0
1761526800000,4170.90441860,4206.39139535,4167.82279070,4191.57000000,0,1761530399999,0,3600,0,0,0
1761530400000,4191.71325581,4217.47046512,4184.02953488,4205.25581395,0,1761533999999,0,3600,0,0,0
1761534000000,4205.25372093,4224.67744186,4200.46720930,4204.47627907,0,1761537599999,0,3600,0,0,0
1761537600000,4204.60534884,4217.24581395,4194.28279070,4212.58395349,0,1761541199999,0,3600,0,0,0
1761541200000,4212.58325581,4252.91093023,4210.29395349,4233.16558140,0,1761544799999,0,3600,0,0,0
1761544800000,4233.16558140,4244.99790698,4222.97232558,4234.96093023,0,1761548399999,0,3600,0,0,0
1761548400000,4235.05674419,4246.53023256,4196.59418605,4201.17488372,0,1761551999999,0,3600,0,0,0
1761552000000,4201.17534884,4201.17906977,4157.46302326,4166.94162791,0,1761555599999,0,3599,0,0,0
1761555600000,4167.00279070,4172.79116279,4154.72279070,4160.02534884,0,1761559199999,0,3600,0,0,0
1761559200000,4160.05069767,4174.34302326,4155.18976744,4167.15069767,0,1761562799999,0,3600,0,0,0
1761562800000,4167.14813953,4175.15302326,4135.60116279,4161.00348837,0,1761566399999,0,3600,0,0,0
1761566400000,4161.70069767,4166.22302326,4138.34023256,4145.61906977,0,1761569999999,0,3600,0,0,0
1761570000000,4145.62255814,4185.89627907,4130.65511628,4178.04930233,0,1761573599999,0,3600,0,0,0
1761573600000,4178.04534884,4183.04441860,4125.13930233,4148.99465116,0,1761577199999,0,3600,0,0,0
1761577200000,4148.98930233,4175.51674419,4148.44232558,4173.18279070,0,1761580799999,0,3600,0,0,0
1761580800000,4173.18534884,4218.51674419,4173.07069767,4214.45860465,0,1761584399999,0,3600,0,0,0
1761584400000,4214.46255814,4225.03255814,4200.54279070,4221.54139535,0,1761587999999,0,3600,0,0,0
1761588000000,4221.53651163,4233.38279070,4207.86860465,4215.09930233,0,1761591599999,0,3600,0,0,0
1761591600000,4215.09953488,4220.72720930,4188.04069767,4192.22581395,0,1761595199999,0,3600,0,0,0
1761595200000,4193.71627907,4194.90674419,4129.76744186,4129.76744186,0,1761598799999,0,3600,0,0,0
1761598800000,4129.52767442,4138.67767442,4098.33976744,4117.18604651,0,1761602399999,0,3600,0,0,0
1761602400000,4117.18534884,4143.85720930,4110.94162791,4122.80604651,0,1761605999999,0,3600,0,0,0
1761606000000,4122.85116279,4127.74906977,4103.76953488,4120.27046512,0,1761609599999,0,3600,0,0,0
