open_time,open,high,low,close,volume,close_time,quote_volume,count,taker_buy_volume,taker_buy_quote_volume,ignore
1783209600000,1780.69953488,1780.80465116,1770.22651163,1772.20790698,0,1783213199999,0,3600,0,0,0
1783213200000,1772.20325581,1774.33837209,1761.65953488,1766.73883721,0,1783216799999,0,3600,0,0,0
1783216800000,1766.66209302,1767.57720930,1757.31976744,1760.63790698,0,1783220399999,0,3600,0,0,0
1783220400000,1760.63790698,1763.41697674,1758.17720930,1761.67790698,0,1783223999999,0,3600,0,0,0
1783224000000,1761.67790698,1772.18767442,1760.37186047,1767.60046512,0,1783227599999,0,3600,0,0,0
1783227600000,1767.56930233,1767.62000000,1761.18567568,1765.94883721,0,1783231199999,0,3600,0,0,0
1783231200000,1765.80883721,1767.77465116,1762.40790698,1764.73767442,0,1783234799999,0,3600,0,0,0
1783234800000,1764.73767442,1772.01581395,1762.08000000,1770.44069767,0,1783238399999,0,3600,0,0,0
1783238400000,1770.43604651,1772.52441860,1766.82232558,1767.60162791,0,1783241999999,0,3600,0,0,0
1783242000000,1767.60162791,1767.68279070,1750.08674419,1757.84441860,0,1783245599999,0,3600,0,0,0
1783245600000,1757.84255814,1761.66069767,1755.36534884,1761.42418605,0,1783249199999,0,3600,0,0,0
1783249200000,1761.43139535,1764.64883721,1759.33767442,1760.07488372,0,1783252799999,0,3600,0,0,0
1783252800000,1760.14604651,1769.18186047,1756.75232558,1765.14023256,0,1783256399999,0,3600,0,0,0
1783256400000,1765.11162791,1767.42744186,1762.34232558,1766.14976744,0,1783259999999,0,3600,0,0,0
1783260000000,1766.14976744,1772.54837209,1765.14232558,1772.43883721,0,1783263599999,0,3600,0,0,0
1783263600000,1772.40744186,1779.47511628,1770.76651163,1774.57023256,0,1783267199999,0,3600,0,0,0
1783267200000,1774.57023256,1776.91302326,1770.56511628,1772.99023256,0,1783270799999,0,3600,0,0,0
1783270800000,1772.94395349,1784.88813953,1772.92279070,1779.54069767,0,1783274399999,0,3600,0,0,0
1783274400000,1779.54465116,1785.71348837,1778.06162791,1781.50279070,0,1783277999999,0,3600,0,0,0
1783278000000,1781.50279070,1784.45651163,1778.15813953,1781.44279070,0,1783281599999,0,3600,0,0,0
1783281600000,1781.44279070,1783.17023256,1776.51534884,1777.36046512,0,1783285199999,0,3600,0,0,0
1783285200000,1777.36046512,1791.65511628,1769.63744186,1787.37953488,0,1783288799999,0,3600,0,0,0
1783288800000,1787.37953488,1807.22255814,1785.00093023,1789.88255814,0,1783292399999,0,3600,0,0,0
1783292400000,1789.85558140,1802.23837209,1783.13255814,1785.64325581,0,1783295999999,0,3600,0,0,0
