open_time,open,high,low,close,volume,close_time,quote_volume,count,taker_buy_volume,taker_buy_quote_volume,ignore
1736640000000,3283.02500000,3290.67250000,3274.45409091,3286.03090909,0,1736654399999,0,14400,0,0,0
1736654400000,3286.03159091,3289.43931818,3263.47704545,3266.81704545,0,1736668799999,0,14400,0,0,0
1736668800000,3266.82840909,3271.32250000,3224.87386364,3253.05477273,0,1736683199999,0,14400,0,0,0
1736683200000,3253.02681818,3295.37022727,3248.23795455,3285.47590909,0,1736697599999,0,14400,0,0,0
1736697600000,3285.57909091,3299.79363636,3269.00954545,3279.86363636,0,1736711999999,0,14400,0,0,0
1736712000000,3279.86363636,3289.13545455,3234.42340909,3267.19022727,0,1736726399999,0,14400,0,0,0
