open_time,open,high,low,close,volume,close_time,quote_volume,count,taker_buy_volume,taker_buy_quote_volume,ignore
1720396800000,2930.91954545,2951.39386364,2884.46000000,2886.89022727,0,1720400399999,0,3600,0,0,0
1720400400000,2886.85681818,2888.81704545,2823.78636364,2856.54068182,0,1720403999999,0,3600,0,0,0
1720404000000,2856.53863636,2895.08954545,2840.60318182,2888.65681818,0,1720407599999,0,3600,0,0,0
1720407600000,2888.71477273,2894.97340909,2866.84840909,2879.85026316,0,1720411199999,0,3600,0,0,0
1720411200000,2879.61131579,2916.68704545,2875.47447368,2913.26840909,0,1720414799999,0,3600,0,0,0
1720414800000,2913.71386364,2920.75522727,2902.54340909,2917.01000000,0,1720418399999,0,3600,0,0,0
1720418400000,2916.99704545,2932.19250000,2903.36227273,2912.66886364,0,1720421999999,0,3600,0,0,0
1720422000000,2912.67431818,2928.21068182,2902.76181818,2926.78727273,0,1720425599999,0,3600,0,0,0
1720425600000,2926.88000000,3064.95727273,2922.90090909,3059.41340909,0,1720429199999,0,3600,0,0,0
1720429200000,3058.69500000,3093.03000000,3043.80227273,3050.82386364,0,1720432799999,0,3600,0,0,0
1720432800000,3050.91363636,3069.77500000,3008.85977273,3013.91000000,0,1720436399999,0,3599,0,0,0
1720436400000,3014.02863636,3064.25090909,3010.11295455,3053.82568182,0,1720439999999,0,3600,0,0,0
1720440000000,3053.89750000,3062.84386364,3038.66704545,3049.01727273,0,1720443599999,0,3600,0,0,0
1720443600000,3049.01795455,3059.90727273,3019.59318182,3037.29613636,0,1720447199999,0,3600,0,0,0
1720447200000,3037.44636364,3046.03954545,2894.49818182,2982.62068182,0,1720450799999,0,3600,0,0,0
1720450800000,2982.60386364,3033.60113636,2967.25454545,2969.35886364,0,1720454399999,0,3600,0,0,0
1720454400000,2969.50613636,2993.05886364,2946.54113636,2971.82477273,0,1720457999999,0,3600,0,0,0
1720458000000,2971.76818182,2988.44136364,2953.42136364,2984.83522727,0,1720461599999,0,3600,0,0,0
1720461600000,2984.83750000,3000.85181818,2975.27454545,2991.32659091,0,1720465199999,0,3600,0,0,0
1720465200000,2991.31272727,3009.09363636,2983.94113636,3004.32431818,0,1720468799999,0,3600,0,0,0
1720468800000,3004.52636364,3014.72909091,2992.88000000,2997.49659091,0,1720472399999,0,3600,0,0,0
1720472400000,2997.50954545,3027.72886364,2985.04750000,3026.28681818,0,1720475999999,0,3600,0,0,0
1720476000000,3026.19090909,3044.28977273,3021.04159091,3024.17727273,0,1720479599999,0,3600,0,0,0
1720479600000,3024.16840909,3033.21818182,3015.50840909,3018.97613636,0,1720483199999,0,3600,0,0,0
