open_time,open,high,low,close,volume,close_time,quote_volume,count,taker_buy_volume,taker_buy_quote_volume,ignore
1697241600000,1552.21240506,1554.28037975,1551.62430380,1553.08063291,0,1697245199999,0,3600,0,0,0
1697245200000,1553.08063291,1555.85582278,1549.40772152,1555.36569620,0,1697248799999,0,3600,0,0,0
1697248800000,1555.36569620,1556.37886076,1552.66924051,1554.13240506,0,1697252399999,0,3600,0,0,0
1697252400000,1554.13240506,1555.46014925,1552.68791045,1553.77253165,0,1697255999999,0,3600,0,0,0
1697256000000,1553.76746835,1554.89265823,1552.27924051,1552.62974684,0,1697259599999,0,3600,0,0,0
1697259600000,1552.62974684,1553.81430380,1549.72113924,1550.22507463,0,1697263199999,0,3600,0,0,0
1697263200000,1550.22507463,1550.73506329,1546.15556962,1546.38283582,0,1697266799999,0,3600,0,0,0
1697266800000,1546.38149254,1548.03607595,1545.34379747,1547.80556962,0,1697270399999,0,3600,0,0,0
1697270400000,1547.83088608,1548.44658228,1545.74075949,1547.52265823,0,1697273999999,0,3600,0,0,0
1697274000000,1547.52265823,1549.43329114,1547.29447761,1547.81626866,0,1697277599999,0,3600,0,0,0
1697277600000,1547.81626866,1549.28493671,1547.75895522,1548.49850746,0,1697281199999,0,3600,0,0,0
1697281200000,1548.49850746,1548.61134328,1545.11164557,1547.19313433,0,1697284799999,0,3600,0,0,0
1697284800000,1547.19313433,1550.29240506,1546.20343284,1550.25531646,0,1697288399999,0,3600,0,0,0
1697288400000,1550.25531646,1552.53253165,1549.59607595,1551.76341772,0,1697291999999,0,3600,0,0,0
1697292000000,1551.75835443,1552.41506329,1549.07134328,1549.46000000,0,1697295599999,0,3600,0,0,0
1697295600000,1549.45493671,1557.67025316,1549.45493671,1556.29924051,0,1697299199999,0,3600,0,0,0
1697299200000,1556.23341772,1558.44265823,1552.66848101,1555.91569620,0,1697302799999,0,3600,0,0,0
1697302800000,1555.91569620,1556.93962025,1554.06455696,1554.32202532,0,1697306399999,0,3600,0,0,0
1697306400000,1554.32202532,1555.27791045,1553.71810127,1554.48379747,0,1697309999999,0,3600,0,0,0
1697310000000,1554.48379747,1556.01379747,1553.70556962,1555.32405063,0,1697313599999,0,3600,0,0,0
1697313600000,1555.31898734,1555.52268657,1553.45746835,1555.49805970,0,1697317199999,0,3600,0,0,0
1697317200000,1555.49805970,1561.00151899,1553.62430380,1555.13544304,0,1697320799999,0,3600,0,0,0
1697320800000,1555.13544304,1556.70223881,1554.31126582,1556.45582278,0,1697324399999,0,3600,0,0,0
1697324400000,1556.45582278,1557.62632911,1554.92696203,1554.93962025,0,1697327999999,0,3600,0,0,0
