open_time,open,high,low,close,volume,close_time,quote_volume,count,taker_buy_volume,taker_buy_quote_volume,ignore
1667952000000,1333.68217913,1336.94658267,1316.24762307,1317.80526677,0,1667955599999,0,3600,0,0,0
1667955600000,1317.63133005,1330.17248921,1313.36141619,1317.24696165,0,1667959199999,0,3600,0,0,0
1667959200000,1317.34643797,1328.20437500,1293.24233131,1294.98537463,0,1667962799999,0,3599,0,0,0
1667962800000,1294.71044491,1313.33122379,1284.27673693,1312.37445151,0,1667966399999,0,3600,0,0,0
1667966400000,1312.37183937,1317.40940506,1301.82678386,1303.78370187,0,1667969999999,0,3600,0,0,0
1667970000000,1303.77739861,1315.48132590,1286.11913483,1302.25366348,0,1667973599999,0,3600,0,0,0
1667973600000,1302.56797489,1307.06139616,1295.04877768,1295.57439004,0,1667977199999,0,3600,0,0,0
1667977200000,1295.57457654,1298.76332437,1266.92289121,1274.64387975,0,1667980799999,0,3599,0,0,0
1667980800000,1274.41668639,1276.06151301,1251.42452757,1263.66718256,0,1667984399999,0,3600,0,0,0
1667984400000,1263.69821795,1264.04854881,1199.83323771,1215.69883050,0,1667987999999,0,3600,0,0,0
1667988000000,1215.76333676,1226.01715429,1138.73708430,1194.40193911,0,1667991599999,0,3600,0,0,0
1667991600000,1194.49472561,1223.37462490,1179.14676904,1219.73262976,0,1667995199999,0,3600,0,0,0
1667995200000,1219.80898541,1247.62036867,1214.05191429,1226.19698294,0,1667998799999,0,3600,0,0,0
1667998800000,1226.60815987,1234.30953507,1194.14934742,1215.13237674,0,1668002399999,0,3599,0,0,0
1668002400000,1215.13288795,1244.48451799,1190.83834931,1226.36216995,0,1668005999999,0,3600,0,0,0
1668006000000,1226.34718084,1241.01733896,1149.70674320,1163.07672387,0,1668009599999,0,3600,0,0,0
1668009600000,1163.29731576,1198.09441590,1149.93523904,1174.94844285,0,1668013199999,0,3600,0,0,0
1668013200000,1174.84493010,1185.96078279,1155.56316024,1169.72738374,0,1668016799999,0,3600,0,0,0
1668016800000,1169.77590044,1176.92911178,1145.26418813,1163.77394729,0,1668020399999,0,3600,0,0,0
1668020400000,1163.70842807,1204.47930423,1162.93687341,1195.18932594,0,1668023999999,0,3600,0,0,0
1668024000000,1195.18915241,1199.46770051,1148.59120904,1165.44562657,0,1668027599999,0,3600,0,0,0
1668027600000,1165.60876259,1166.06969971,1103.30361722,1106.55472065,0,1668031199999,0,3600,0,0,0
1668031200000,1106.61911719,1131.73628752,1101.98320849,1118.05690908,0,1668034799999,0,3600,0,0,0
1668034800000,1118.12915545,1122.97269321,1074.69088241,1102.01143132,0,1668038399999,0,3600,0,0,0
