open_time,open,high,low,close,volume,close_time,quote_volume,count,taker_buy_volume,taker_buy_quote_volume,ignore
1708560000000,2968.62863636,2969.03681818,2906.87045455,2935.46295455,0,1708574399999,0,14400,0,0,0
1708574400000,2935.46022727,2997.38545455,2921.50545455,2993.87590909,0,1708588799999,0,14400,0,0,0
1708588800000,2993.87386364,3032.64590909,2971.34295455,2990.75295455,0,1708603199999,0,14400,0,0,0
1708603200000,2990.74909091,3005.00090909,2931.71340909,2987.05568182,0,1708617599999,0,14400,0,0,0
1708617600000,2987.05500000,3002.81386364,2961.30272727,2987.56795455,0,1708631999999,0,14400,0,0,0
1708632000000,2987.56340909,3034.96560976,2969.59931818,2971.33340909,0,1708646399999,0,14400,0,0,0
