open_time,open,high,low,close,volume,close_time,quote_volume,count,taker_buy_volume,taker_buy_quote_volume,ignore
1771545600000,1949.08186047,1963.92767442,1947.52627907,1954.87976744,0,1771559999999,0,14400,0,0,0
1771560000000,1954.87976744,1968.45790698,1931.95255814,1961.02023256,0,1771574399999,0,14400,0,0,0
1771574400000,1960.96906977,1973.67651163,1940.95139535,1943.60279070,0,1771588799999,0,14400,0,0,0
1771588800000,1944.02046512,1980.20837209,1923.52651163,1963.78279070,0,1771603199999,0,14400,0,0,0
1771603200000,1963.87883721,1980.98348837,1939.35418605,1963.66813953,0,1771617599999,0,14400,0,0,0
1771617600000,1963.68000000,1975.08023256,1961.98081081,1968.97093023,0,1771631999999,0,14400,0,0,0
