open_time,open,high,low,close,volume,close_time,quote_volume,count,taker_buy_volume,taker_buy_quote_volume,ignore
1733616000000,3996.55068182,4008.60704545,3986.48386364,3989.64000000,0,1733630399999,0,14400,0,0,0
1733630400000,3989.62636364,3995.78818182,3959.41159091,3980.93750000,0,1733644799999,0,14400,0,0,0
1733644800000,3980.93477273,3981.68568182,3924.61409091,3972.09227273,0,1733659199999,0,14400,0,0,0
1733659200000,3972.08204545,4003.44727273,3957.20204545,3990.74590909,0,1733673599999,0,14400,0,0,0
1733673600000,3990.93113636,3999.71500000,3964.57113636,3989.95250000,0,1733687999999,0,14400,0,0,0
1733688000000,3989.95318182,4015.50386364,3975.63772727,4003.93795455,0,1733702399999,0,14400,0,0,0
