open_time,open,high,low,close,volume,close_time,quote_volume,count,taker_buy_volume,taker_buy_quote_volume,ignore
1724630400000,2746.22136364,2761.86500000,2722.76272727,2744.27863636,0,1724644799999,0,14400,0,0,0
1724644800000,2744.27863636,2752.11068182,2729.59181818,2733.45068182,0,1724659199999,0,14400,0,0,0
1724659200000,2733.43159091,2748.68613636,2714.12227273,2737.49045455,0,1724673599999,0,14400,0,0,0
1724673600000,2737.46454545,2742.33090909,2704.25022727,2721.94818182,0,1724687999999,0,14400,0,0,0
1724688000000,2721.90272727,2731.94272727,2676.50045455,2680.89340909,0,1724702399999,0,14400,0,0,0
1724702400000,2680.96272727,2693.05113636,2667.50386364,2680.74136364,0,1724716799999,0,14400,0,0,0
