open_time,open,high,low,close,volume,close_time,quote_volume,count,taker_buy_volume,taker_buy_quote_volume,ignore
1774310400000,2152.10000000,2155.58906977,2125.70674419,2141.71232558,0,1774324799999,0.00000000,14400,0,0.00000000,0
1774324800000,2141.68674419,2169.95581395,2129.43232558,2165.91837209,0,1774339199999,0,14400,0,0,0
1774339200000,2165.87860465,2175.13232558,2147.92000000,2165.71418605,0,1774353599999,0,14400,0,0,0
1774353600000,2165.70953488,2169.73023256,2121.42720930,2135.36325581,0,1774367999999,0,14400,0,0,0
1774368000000,2135.29023256,2140.19813953,2103.85441860,2116.65697674,0,1774382399999,0,14400,0,0,0
1774382400000,2116.78465116,2163.36395349,2115.76906977,2156.28883721,0,1774396799999,0,14400,0,0,0
