open_time,open,high,low,close,volume,close_time,quote_volume,count,taker_buy_volume,taker_buy_quote_volume,ignore
1778544000000,2339.77813953,2340.54116279,2332.27279070,2333.54270270,0,1778547599999,0,3600,0,0,0
1778547600000,2333.54270270,2335.31697674,2296.42697674,2311.40837209,0,1778551199999,0,3600,0,0,0
1778551200000,2311.40883721,2317.01720930,2307.71441860,2315.79702703,0,1778554799999,0,3600,0,0,0
1778554800000,2315.79864865,2316.71720930,2307.48860465,2309.19906977,0,1778558399999,0,3600,0,0,0
1778558400000,2309.20186047,2314.21459459,2305.98395349,2311.01108108,0,1778561999999,0,3600,0,0,0
1778562000000,2311.01108108,2314.08405405,2309.86813953,2310.32767442,0,1778565599999,0,3600,0,0,0
1778565600000,2310.32302326,2313.79813953,2302.94069767,2303.93976744,0,1778569199999,0,3600,0,0,0
1778569200000,2303.95372093,2304.94232558,2292.67883721,2295.48255814,0,1778572799999,0,3600,0,0,0
1778572800000,2295.44837209,2295.94279070,2281.33162791,2288.18302326,0,1778576399999,0,3600,0,0,0
1778576400000,2288.19023256,2294.99046512,2281.44767442,2292.43604651,0,1778579999999,0,3600,0,0,0
1778580000000,2292.43674419,2293.70139535,2282.51720930,2286.14674419,0,1778583599999,0,3600,0,0,0
1778583600000,2286.19465116,2287.03648649,2279.26325581,2287.03486486,0,1778587199999,0,3600,0,0,0
1778587200000,2287.02837838,2293.67325581,2281.53046512,2289.09790698,0,1778590799999,0,3600,0,0,0
1778590800000,2289.02279070,2292.07720930,2269.22046512,2271.72627907,0,1778594399999,0,3600,0,0,0
1778594400000,2271.94232558,2281.42860465,2262.98581395,2269.13627907,0,1778597999999,0,3600,0,0,0
1778598000000,2269.09093023,2274.00534884,2257.45093023,2262.06697674,0,1778601599999,0,3600,0,0,0
1778601600000,2262.13953488,2270.92093023,2256.74000000,2264.01883721,0,1778605199999,0,3600,0,0,0
1778605200000,2264.06162791,2277.46720930,2264.06162791,2276.49372093,0,1778608799999,0,3600,0,0,0
1778608800000,2276.49302326,2284.30627907,2275.09906977,2279.29395349,0,1778612399999,0,3600,0,0,0
1778612400000,2279.29883721,2286.93813953,2279.29883721,2284.95046512,0,1778615999999,0,3600,0,0,0
1778616000000,2284.99837209,2287.19046512,2281.42790698,2284.94860465,0,1778619599999,0,3600,0,0,0
1778619600000,2284.93534884,2287.36953488,2282.92139535,2285.22511628,0,1778623199999,0,3600,0,0,0
1778623200000,2285.22511628,2291.03604651,2282.32621622,2282.39945946,0,1778626799999,0,3600,0,0,0
1778626800000,2282.40648649,2283.81069767,2273.92976744,2275.07255814,0,1778630399999,0,3600,0,0,0
