open_time,open,high,low,close,volume,close_time,quote_volume,count,taker_buy_volume,taker_buy_quote_volume,ignore
1766016000000,2833.62465116,2846.93720930,2821.78325581,2832.31790698,0,1766030399999,0,14400,0,0,0
1766030400000,2832.31790698,2842.04767442,2823.08790698,2836.17302326,0,1766044799999,0,14400,0,0,0
1766044800000,2836.28348837,2863.55116279,2832.48953488,2858.81418605,0,1766059199999,0,14400,0,0,0
1766059200000,2858.83744186,2996.26767442,2854.51488372,2965.09558140,0,1766073599999,0,14400,0,0,0
1766073600000,2965.14860465,2966.98302326,2777.12511628,2782.65906977,0,1766087999999,0,14400,0,0,0
1766088000000,2782.50302326,2838.08744186,2780.14255814,2828.49279070,0,1766102399999,0,14400,0,0,0
