open_time,open,high,low,close,volume,close_time,quote_volume,count,taker_buy_volume,taker_buy_quote_volume,ignore
1754697600000,4009.48891892,4051.63621622,4006.69918919,4050.84405405,0,1754711999999,0,14400,0,0,0
1754712000000,4050.84945946,4196.74729730,4045.33108108,4170.49972973,0,1754726399999,0,14400,0,0,0
1754726400000,4170.50513514,4244.78216216,4169.05378378,4190.23648649,0,1754740799999,0,14400,0,0,0
1754740800000,4190.24189189,4222.51270270,4154.74189189,4209.05486486,0,1754755199999,0,14400,0,0,0
1754755200000,4209.01675676,4269.37837838,4195.75540541,4258.53378378,0,1754769599999,0,14400,0,0,0
1754769600000,4258.50351351,4323.31000000,4247.28432432,4260.90270270,0,1754783999999,0,14400,0,0,0
