open_time,open,high,low,close,volume,close_time,quote_volume,count,taker_buy_volume,taker_buy_quote_volume,ignore
1690329600000,1857.68670588,1866.87376471,1852.17082353,1858.69000000,0,1690343999999,0,14400,0,0,0
1690344000000,1858.69000000,1860.87176471,1852.26788235,1853.28141176,0,1690358399999,0,14400,0,0,0
1690358400000,1853.28611765,1855.93211765,1848.98588235,1851.14482353,0,1690372799999,0,14400,0,0,0
1690372800000,1851.14411765,1861.08717647,1850.21564706,1860.70235294,0,1690387199999,0,14400,0,0,0
1690387200000,1860.70235294,1881.99988235,1855.40447059,1873.12941176,0,1690401599999,0,14400,0,0,0
1690401600000,1873.12470588,1887.30976471,1866.65294118,1871.96917647,0,1690415999999,0,14400,0,0,0
