open_time,open,high,low,close,volume,close_time,quote_volume,count,taker_buy_volume,taker_buy_quote_volume,ignore
1736208000000,3687.41727273,3700.35204545,3663.77909091,3682.40318182,0,1736222399999,0,14400,0,0,0
1736222400000,3682.39909091,3685.78568182,3659.99272727,3667.71210526,0,1736236799999,0,14400,0,0,0
1736236800000,3667.71210526,3679.12022727,3626.42590909,3639.76659091,0,1736251199999,0,14400,0,0,0
1736251200000,3639.76909091,3645.79659091,3418.56587500,3463.31090909,0,1736265599999,0,14400,0,0,0
1736265600000,3463.29863636,3491.37340909,3379.16886364,3385.98340909,0,1736279999999,0,14400,0,0,0
1736280000000,3386.12204545,3413.68681818,3358.29022727,3381.16909091,0,1736294399999,0,14400,0,0,0
