open_time,open,high,low,close,volume,close_time,quote_volume,count,taker_buy_volume,taker_buy_quote_volume,ignore
1713657600000,3155.44568182,3196.03931818,3127.51454545,3167.14431818,0,1713671999999,0,14400,0,0,0
1713672000000,3167.09431818,3190.97204545,3154.95227273,3179.64613636,0,1713686399999,0,14400,0,0,0
1713686400000,3179.64613636,3186.64613636,3153.98113636,3168.99113636,0,1713700799999,0,14400,0,0,0
1713700800000,3168.97363636,3175.76795455,3138.75477273,3158.96052632,0,1713715199999,0,14400,0,0,0
1713715200000,3158.97263158,3161.34022727,3117.23750000,3137.08818182,0,1713729599999,0,14400,0,0,0
1713729600000,3137.09772727,3169.26863636,3130.58000000,3147.66684211,0,1713743999999,0,14400,0,0,0
