open_time,open,high,low,close,volume,close_time,quote_volume,count,taker_buy_volume,taker_buy_quote_volume,ignore
1705190400000,2578.12931818,2578.58363636,2550.34409091,2551.11840909,0,1705204799999,0,14400,0,0,0
1705204800000,2551.11500000,2555.73363636,2542.47386364,2550.71522727,0,1705219199999,0,14400,0,0,0
1705219200000,2550.71590909,2553.53022727,2535.00590909,2537.74704545,0,1705233599999,0,14400,0,0,0
1705233600000,2537.74772727,2546.37681818,2525.03477273,2537.68500000,0,1705247999999,0,14400,0,0,0
1705248000000,2537.68500000,2543.91409091,2500.18250000,2501.16500000,0,1705262399999,0,14400,0,0,0
1705262400000,2501.12681818,2531.62727273,2470.26500000,2473.05545455,0,1705276799999,0,14400,0,0,0
