open_time,open,high,low,close,volume,close_time,quote_volume,count,taker_buy_volume,taker_buy_quote_volume,ignore
1689897600000,1891.51988235,1892.85517647,1886.77270588,1889.20588235,0,1689901199999,0,3600,0,0,0
1689901200000,1889.20729412,1897.44094118,1887.70905882,1896.06447059,0,1689904799999,0,3600,0,0,0
1689904800000,1896.08847059,1901.49635294,1894.54411765,1898.51047059,0,1689908399999,0,3600,0,0,0
1689908400000,1898.50576471,1900.38400000,1896.08094118,1896.73258824,0,1689911999999,0,3600,0,0,0
1689912000000,1896.73258824,1897.45494118,1894.43329412,1895.26164706,0,1689915599999,0,3600,0,0,0
1689915600000,1895.26094118,1895.97152941,1890.72505882,1892.18694118,0,1689919199999,0,3600,0,0,0
1689919200000,1892.18694118,1894.47211765,1890.61047059,1893.08635294,0,1689922799999,0,3600,0,0,0
1689922800000,1893.09105882,1893.72788235,1887.86435294,1889.41341176,0,1689926399999,0,3600,0,0,0
1689926400000,1889.41341176,1892.57470588,1889.08552941,1891.39129412,0,1689929999999,0,3600,0,0,0
1689930000000,1891.39129412,1894.09317647,1884.99352941,1885.46847059,0,1689933599999,0,3600,0,0,0
1689933600000,1885.46376471,1889.77611765,1885.16200000,1888.45505882,0,1689937199999,0,3600,0,0,0
1689937200000,1888.45035294,1889.44070588,1884.77070588,1889.28282353,0,1689940799999,0,3600,0,0,0
1689940800000,1889.28141176,1896.33611765,1889.08776471,1894.50364706,0,1689944399999,0,3600,0,0,0
1689944400000,1894.50294118,1896.01564706,1888.45152941,1889.35623529,0,1689947999999,0,3600,0,0,0
1689948000000,1889.35764706,1894.00035294,1886.29470588,1893.83964706,0,1689951599999,0,3600,0,0,0
1689951600000,1893.83964706,1895.61282353,1890.47588235,1891.17635294,0,1689955199999,0,3600,0,0,0
1689955200000,1891.17670588,1891.83317647,1888.85270588,1889.68671233,0,1689958799999,0,3600,0,0,0
1689958800000,1889.69219178,1898.68035294,1888.96294118,1898.11811765,0,1689962399999,0,3600,0,0,0
1689962400000,1898.15176471,1905.45011765,1898.15176471,1899.76964706,0,1689965999999,0,3600,0,0,0
1689966000000,1899.76964706,1899.85435294,1885.41847059,1894.67717647,0,1689969599999,0,3600,0,0,0
1689969600000,1894.67717647,1895.45600000,1891.05211765,1894.78352941,0,1689973199999,0,3600,0,0,0
1689973200000,1894.78423529,1896.07223529,1891.91317647,1894.05658824,0,1689976799999,0,3600,0,0,0
1689976800000,1894.05658824,1895.44588235,1892.26541176,1893.11470588,0,1689980399999,0,3600,0,0,0
1689980400000,1893.11470588,1893.54611765,1890.73129412,1891.66835294,0,1689983999999,0,3600,0,0,0
