open_time,open,high,low,close,volume,close_time,quote_volume,count,taker_buy_volume,taker_buy_quote_volume,ignore
1694995200000,1622.48811765,1635.96294118,1606.53058824,1630.21411765,0,1695009599999,0,14400,0,0,0
1695009600000,1630.21882353,1638.06632911,1627.05240506,1634.00797468,0,1695023999999,0,14400,0,0,0
1695024000000,1634.00797468,1657.31101266,1630.84898734,1655.44227848,0,1695038399999,0,14400,0,0,0
1695038400000,1655.62607595,1668.92873418,1650.74493671,1655.38721519,0,1695052799999,0,14400,0,0,0
1695052800000,1655.39227848,1658.11987342,1633.14050633,1640.66341772,0,1695067199999,0,14400,0,0,0
1695067200000,1640.66848101,1642.10455696,1635.45050633,1636.86367089,0,1695081599999,0,14400,0,0,0
