open_time,open,high,low,close,volume,close_time,quote_volume,count,taker_buy_volume,taker_buy_quote_volume,ignore
1770249600000,2147.84302326,2172.16255814,2099.57906977,2110.05511628,0,1770263999999,0,14400,0,0,0
1770264000000,2110.06302326,2124.43023256,2072.19636279,2091.33860465,0,1770278399999,0,14399,0,0,0
1770278400000,2091.30813953,2147.12790698,2063.62209302,2079.56627907,0,1770292799999,0,14400,0,0,0
1770292800000,2079.57465116,2105.02906977,1929.32837209,1961.11604651,0,1770307199999,0,14400,0,0,0
1770307200000,1961.02023256,2017.73395349,1916.34953488,1928.46837209,0,1770321599999,0,14400,0,0,0
1770321600000,1928.53953488,1942.41279070,1819.63627907,1827.36813953,0,1770335999999,0,14400,0,0,0
