open_time,open,high,low,close,volume,close_time,quote_volume,count,taker_buy_volume,taker_buy_quote_volume,ignore
1744243200000,1669.42619048,1669.47571429,1602.49547619,1616.72928571,0,1744257599999,0,14400,0,0,0
1744257600000,1616.73738095,1625.64761905,1585.12880952,1595.64000000,0,1744271999999,0,14400,0,0,0
1744272000000,1595.64333333,1606.35071429,1582.29880952,1595.07452381,0,1744286399999,0,14397,0,0,0
1744286400000,1595.05738095,1624.66095238,1484.31666667,1495.90166667,0,1744300799999,0,14400,0,0,0
1744300800000,1495.98333333,1531.96285714,1473.56666667,1514.96523810,0,1744315199999,0,14400,0,0,0
1744315200000,1514.64380952,1533.63238095,1514.21666667,1522.60452381,0,1744329599999,0,14400,0,0,0
