open_time,open,high,low,close,volume,close_time,quote_volume,count,taker_buy_volume,taker_buy_quote_volume,ignore
1748476800000,2681.48744186,2787.04372093,2671.51767442,2762.40651163,0,1748491199999,0,14400,0,0,0
1748491200000,2762.39674419,2766.32139535,2705.28395349,2731.08860465,0,1748505599999,0,14400,0,0,0
1748505600000,2731.09418605,2742.69209302,2708.90279070,2716.08325581,0,1748519999999,0,14400,0,0,0
1748520000000,2715.97558140,2718.44162791,2622.84348837,2643.53511628,0,1748534399999,0,14400,0,0,0
1748534400000,2643.54046512,2673.26534884,2629.48279070,2650.17441860,0,1748548799999,0,14400,0,0,0
1748548800000,2650.51883721,2668.44093023,2620.82325581,2631.79325581,0,1748563199999,0,14400,0,0,0
