open_time,open,high,low,close,volume,close_time,quote_volume,count,taker_buy_volume,taker_buy_quote_volume,ignore
1778025600000,2361.03302326,2367.43232558,2355.32069767,2364.93116279,0,1778029199999,0,3600,0,0,0
1778029200000,2364.92558140,2376.16976744,2363.14697674,2373.00046512,0,1778032799999,0,3600,0,0,0
1778032800000,2372.99581395,2373.14627907,2360.49186047,2369.66534884,0,1778036399999,0,3600,0,0,0
1778036400000,2369.68348837,2380.56325581,2368.04093023,2376.87651163,0,1778039999999,0,3600,0,0,0
1778040000000,2376.88116279,2378.95372093,2362.79139535,2366.20232558,0,1778043599999,0,3600,0,0,0
1778043600000,2366.20232558,2366.95069767,2355.20627907,2365.02465116,0,1778047199999,0,3600,0,0,0
1778047200000,2365.02395349,2371.04418605,2361.18000000,2370.44627907,0,1778050799999,0,3600,0,0,0
1778050800000,2370.44697674,2375.06093023,2368.88186047,2371.57883721,0,1778054399999,0,3600,0,0,0
1778054400000,2371.61093023,2395.82604651,2369.59395349,2393.82046512,0,1778057999999,0,3600,0,0,0
1778058000000,2393.88930233,2418.18581395,2384.89534884,2412.55325581,0,1778061599999,0,3600,0,0,0
1778061600000,2412.38930233,2414.11604651,2406.32511628,2410.86325581,0,1778065199999,0,3600,0,0,0
1778065200000,2410.83488372,2423.34093023,2408.89581395,2410.41790698,0,1778068799999,0,3600,0,0,0
1778068800000,2410.42116279,2413.31558140,2400.92395349,2404.65651163,0,1778072399999,0,3600,0,0,0
1778072400000,2404.65186047,2404.65186047,2365.58697674,2369.32883721,0,1778075999999,0,3600,0,0,0
1778076000000,2369.25418605,2372.41790698,2348.32604651,2359.28930233,0,1778079599999,0,3600,0,0,0
1778079600000,2359.30023256,2365.88162791,2354.82627907,2359.22627907,0,1778083199999,0,3600,0,0,0
1778083200000,2359.20023256,2366.96302326,2351.13023256,2358.25767442,0,1778086799999,0,3600,0,0,0
1778086800000,2358.25720930,2360.78790698,2348.28953488,2350.01441860,0,1778090399999,0,3600,0,0,0
1778090400000,2350.01441860,2352.05395349,2338.72116279,2345.34046512,0,1778093999999,0,3600,0,0,0
1778094000000,2345.34395349,2349.96162791,2342.36511628,2348.94674419,0,1778097599999,0,3600,0,0,0
1778097600000,2348.88744186,2356.81162791,2345.62395349,2350.77116279,0,1778101199999,0,3600,0,0,0
1778101200000,2350.77069767,2357.19720930,2346.30325581,2354.49860465,0,1778104799999,0,3600,0,0,0
1778104800000,2354.58558140,2355.01162791,2345.18767442,2347.49046512,0,1778108399999,0,3600,0,0,0
1778108400000,2347.49046512,2351.50351351,2338.79906977,2351.03023256,0,1778111999999,0,3600,0,0,0
