open_time,open,high,low,close,volume,close_time,quote_volume,count,taker_buy_volume,taker_buy_quote_volume,ignore
1759536000000,4512.32302326,4516.42139535,4464.69325581,4486.99837209,0,1759550399999,0,14400,0,0,0
1759550400000,4486.99906977,4517.89000000,4479.82744186,4498.51441860,0,1759564799999,0,14400,0,0,0
1759564800000,4498.38418605,4503.86720930,4480.75906977,4484.07255814,0,1759579199999,0,14400,0,0,0
1759579200000,4484.08534884,4510.97651163,4443.40069767,4453.82581395,0,1759593599999,0,14400,0,0,0
1759593600000,4454.28581395,4476.60534884,4440.93441860,4467.33093023,0,1759607999999,0,14400,0,0,0
1759608000000,4467.33093023,4494.51000000,4467.33093023,4487.48418605,0,1759622399999,0,14400,0,0,0
