open_time,open,high,low,close,volume,close_time,quote_volume,count,taker_buy_volume,taker_buy_quote_volume,ignore
1759449600000,4484.37395349,4484.52720930,4466.82023256,4468.39255814,0,1759453199999,0,3600,0,0,0
1759453200000,4468.39209302,4479.17465116,4461.64953488,4472.13209302,0,1759456799999,0,3600,0,0,0
1759456800000,4471.94418605,4514.96302326,4471.45813953,4510.39697674,0,1759460399999,0,3600,0,0,0
1759460400000,4510.39255814,4557.75837209,4493.07953488,4500.52558140,0,1759463999999,0,3600,0,0,0
1759464000000,4500.52651163,4509.40744186,4486.12534884,4493.76767442,0,1759467599999,0,3600,0,0,0
1759467600000,4494.89558140,4500.45232558,4467.74232558,4476.38302326,0,1759471199999,0,3600,0,0,0
1759471200000,4476.39465116,4485.30162791,4460.13465116,4471.68534884,0,1759474799999,0,3599,0,0,0
1759474800000,4471.69069767,4475.71372093,4454.09883721,4462.23511628,0,1759478399999,0,3600,0,0,0
1759478400000,4462.23790698,4466.29511628,4428.26767442,4466.19906977,0,1759481999999,0,3600,0,0,0
1759482000000,4466.19441860,4479.64348837,4457.13255814,4473.26790698,0,1759485599999,0,3600,0,0,0
1759485600000,4473.26790698,4494.73511628,4467.95581395,4489.47790698,0,1759489199999,0,3600,0,0,0
1759489200000,4489.47790698,4490.34558140,4466.99581395,4478.38651163,0,1759492799999,0,3600,0,0,0
1759492800000,4478.43604651,4492.00534884,4473.37767442,4482.73697674,0,1759496399999,0,3600,0,0,0
1759496400000,4482.73813953,4503.16116279,4453.74255814,4471.22325581,0,1759499999999,0,3600,0,0,0
1759500000000,4471.18651163,4489.71720930,4436.73139535,4483.22581395,0,1759503599999,0,3600,0,0,0
1759503600000,4483.21953488,4541.48441860,4458.09465116,4534.92767442,0,1759507199999,0,3600,0,0,0
1759507200000,4534.92674419,4590.20860465,4522.68209302,4523.67813953,0,1759510799999,0,3600,0,0,0
1759510800000,4524.28000000,4525.92302326,4457.06372093,4471.82418605,0,1759514399999,0,3600,0,0,0
1759514400000,4471.82418605,4512.19813953,4452.31953488,4512.19813953,0,1759517999999,0,3600,0,0,0
1759518000000,4512.46790698,4540.81534884,4503.80860465,4518.83302326,0,1759521599999,0,3600,0,0,0
1759521600000,4519.57093023,4542.38651163,4494.10767442,4534.17813953,0,1759525199999,0,3600,0,0,0
1759525200000,4534.79325581,4537.47093023,4514.96418605,4523.47046512,0,1759528799999,0,3600,0,0,0
1759528800000,4523.46930233,4534.28860465,4523.44069767,4528.26023256,0,1759532399999,0,3600,0,0,0
1759532400000,4528.23511628,4528.67186047,4508.47651163,4512.25139535,0,1759535999999,0,3600,0,0,0
