open_time,open,high,low,close,volume,close_time,quote_volume,count,taker_buy_volume,taker_buy_quote_volume,ignore
1769644800000,3010.63000000,3013.16883721,2997.03906977,3009.21465116,0,1769648399999,0,3600,0,0,0
1769648400000,3009.21465116,3011.38279070,2987.71558140,2992.94418605,0,1769651999999,0,3600,0,0,0
1769652000000,2992.94860465,2998.92216216,2946.04813953,2959.24558140,0,1769655599999,0,3600,0,0,0
1769655600000,2959.27418605,2972.09418605,2948.19418605,2952.69232558,0,1769659199999,0,3600,0,0,0
1769659200000,2952.69232558,2960.44860465,2938.45139535,2959.54790698,0,1769662799999,0,3600,0,0,0
1769662800000,2959.54790698,2965.50767442,2948.61534884,2950.99767442,0,1769666399999,0,3599,0,0,0
1769666400000,2951.06186047,2959.52720930,2950.27186047,2956.02081081,0,1769669999999,0,3600,0,0,0
1769670000000,2956.02243243,2964.79767442,2955.65837838,2961.47976744,0,1769673599999,0,3600,0,0,0
1769673600000,2961.50023256,2968.60116279,2943.89232558,2952.83139535,0,1769677199999,0,3600,0,0,0
1769677200000,2952.83186047,2955.19534884,2942.74023256,2942.75023256,0,1769680799999,0,3600,0,0,0
1769680800000,2942.75023256,2948.90302326,2941.87651163,2944.45372093,0,1769684399999,0,3600,0,0,0
1769684400000,2944.46488372,2944.53581395,2924.17116279,2929.64581395,0,1769687999999,0,3600,0,0,0
1769688000000,2929.63348837,2938.07302326,2926.70372093,2936.52837209,0,1769691599999,0,3600,0,0,0
1769691600000,2936.52837209,2939.04186047,2931.89837209,2935.93674419,0,1769695199999,0,3600,0,0,0
1769695200000,2935.94302326,2936.66860465,2876.73348837,2876.73348837,0,1769698799999,0,3600,0,0,0
1769698800000,2876.42116279,2876.91627907,2798.35604651,2824.39697674,0,1769702399999,0,3600,0,0,0
1769702400000,2824.38651163,2836.03976744,2802.26883721,2834.98604651,0,1769705999999,0,3600,0,0,0
1769706000000,2834.98883721,2859.82767442,2819.46116279,2824.14023256,0,1769709599999,0,3599,0,0,0
1769709600000,2824.30720930,2833.83232558,2756.11511628,2764.38069767,0,1769713199999,0,3600,0,0,0
1769713200000,2764.34627907,2809.55976744,2759.38976744,2797.60348837,0,1769716799999,0,3600,0,0,0
1769716800000,2797.75395349,2811.40744186,2789.80465116,2805.94116279,0,1769720399999,0,3600,0,0,0
1769720400000,2805.83534884,2824.64023256,2805.63790698,2820.23465116,0,1769723999999,0,3600,0,0,0
1769724000000,2820.02255814,2825.09325581,2811.05604651,2819.74000000,0,1769727599999,0,3600,0,0,0
1769727600000,2819.71418605,2827.36209302,2813.26186047,2822.70790698,0,1769731199999,0,3600,0,0,0
