open_time,open,high,low,close,volume,close_time,quote_volume,count,taker_buy_volume,taker_buy_quote_volume,ignore
1667865600000,1567.75673876,1574.70223751,1503.70981368,1508.25653885,0,1667879999999,0,14400,0,0,0
1667880000000,1507.41068861,1513.93323210,1435.31282514,1492.52883310,0,1667894399999,0,14400,0,0,0
1667894400000,1492.58573505,1494.10888681,1471.26153170,1477.11669679,0,1667908799999,0,14400,0,0,0
1667908800000,1477.11538677,1485.89438304,1425.39484545,1461.32473461,0,1667923199999,0,14400,0,0,0
1667923200000,1461.63332840,1579.64482004,1228.05242880,1317.16395465,0,1667937599999,0,14400,0,0,0
1667937600000,1315.84790173,1343.36987481,1282.88059905,1333.60317220,0,1667951999999,0,14400,0,0,0
