open_time,open,high,low,close,volume,close_time,quote_volume,count,taker_buy_volume,taker_buy_quote_volume,ignore
1745625600000,1784.63810811,1815.14432432,1784.63810811,1797.57216216,0,1745639999999,0,14400,0,0,0
1745640000000,1797.57675676,1810.51756757,1789.17621622,1800.42594595,0,1745654399999,0,14400,0,0,0
1745654400000,1800.40756757,1837.77513514,1780.08621622,1786.04297297,0,1745668799999,0,14400,0,0,0
1745668800000,1786.04378378,1803.49783784,1780.53162162,1800.23378378,0,1745683199999,0,14400,0,0,0
1745683200000,1800.22189189,1813.44000000,1796.14405405,1812.94486486,0,1745697599999,0,14400,0,0,0
1745697600000,1812.82459459,1830.20189189,1805.74675676,1820.95783784,0,1745711999999,0,14400,0,0,0
