open_time,open,high,low,close,volume,close_time,quote_volume,count,taker_buy_volume,taker_buy_quote_volume,ignore
1778198400000,2291.12674419,2294.15581395,2266.12162162,2278.99621622,0,1778212799999,0,14400,0,0,0
1778212800000,2278.99081081,2284.66378378,2267.37162162,2281.58813953,0,1778227199999,0,14400,0,0,0
1778227200000,2281.44697674,2296.80627907,2280.22270270,2295.53000000,0,1778241599999,0,14400,0,0,0
1778241600000,2295.56837209,2300.45860465,2270.45891892,2292.76651163,0,1778255999999,0,14400,0,0,0
1778256000000,2292.79651163,2321.11930233,2286.66372093,2315.95302326,0,1778270399999,0,14400,0,0,0
1778270400000,2316.01860465,2318.72255814,2303.33883721,2307.21378378,0,1778284799999,0,14400,0,0,0
