open_time,open,high,low,close,volume,close_time,quote_volume,count,taker_buy_volume,taker_buy_quote_volume,ignore
1700438400000,2011.43373626,2012.50780220,1995.65681319,1999.59351648,0,1700452799999,0,14400,0,0,0
1700452800000,1999.59483516,2022.05417582,1994.05538462,2019.17659341,0,1700467199999,0,14400,0,0,0
1700467200000,2019.05967033,2041.83043956,2008.77065934,2024.61010989,0,1700481599999,0,14400,0,0,0
1700481600000,2024.60879121,2048.41648352,1995.90505495,2042.16113924,0,1700495999999,0,14400,0,0,0
1700496000000,2042.16113924,2066.13175824,2012.94626374,2036.35516484,0,1700510399999,0,14400,0,0,0
1700510400000,2036.34329670,2038.80054945,2015.60219780,2021.41101266,0,1700524799999,0,14400,0,0,0
