open_time,open,high,low,close,volume,close_time,quote_volume,count,taker_buy_volume,taker_buy_quote_volume,ignore
1665792000000,1296.65757524,1299.86436379,1296.01369126,1296.01369126,0,1665795599999,0,3600,0,0,0
1665795600000,1296.00822749,1300.05944664,1293.52367698,1297.86524599,0,1665799199999,0,3600,0,0,0
1665799200000,1297.86285761,1300.45237298,1295.39813380,1298.74054217,0,1665802799999,0,3600,0,0,0
1665802800000,1298.74493778,1301.20154526,1297.76489922,1300.25813461,0,1665806399999,0,3600,0,0,0
1665806400000,1300.25974227,1300.76556361,1298.21800361,1298.63015332,0,1665809999999,0,3600,0,0,0
1665810000000,1298.63037644,1298.93240254,1293.82888400,1295.55552200,0,1665813599999,0,3600,0,0,0
1665813600000,1295.55534383,1295.96842535,1292.02214293,1293.66085359,0,1665817199999,0,3600,0,0,0
1665817200000,1293.66116506,1294.88174372,1291.07241093,1294.73814808,0,1665820799999,0,3600,0,0,0
1665820800000,1294.73903883,1294.94147959,1277.50685802,1280.25500131,0,1665824399999,0,3600,0,0,0
1665824400000,1280.25477998,1284.29553765,1278.67190801,1280.29272564,0,1665827999999,0,3600,0,0,0
1665828000000,1280.29424982,1287.61743757,1277.53690150,1284.77529618,0,1665831599999,0,3600,0,0,0
1665831600000,1284.77480967,1287.31830728,1284.02763216,1286.89263395,0,1665835199999,0,3600,0,0,0
1665835200000,1286.89247872,1288.43312593,1285.18491478,1285.43919835,0,1665838799999,0,3600,0,0,0
1665838800000,1285.43908782,1289.59262153,1279.58281509,1289.09576691,0,1665842399999,0,3600,0,0,0
1665842400000,1289.10800056,1291.04441793,1285.54882817,1288.58219067,0,1665845999999,0,3600,0,0,0
1665846000000,1288.58658628,1288.99255450,1285.29423606,1286.30766072,0,1665849599999,0,3600,0,0,0
1665849600000,1286.31041611,1289.21484484,1283.63463261,1285.28791228,0,1665853199999,0,3600,0,0,0
1665853200000,1285.28846610,1286.74202239,1282.04687542,1282.97987949,0,1665856799999,0,3600,0,0,0
1665856800000,1282.97723290,1285.43996419,1282.47369221,1283.64611687,0,1665860399999,0,3600,0,0,0
1665860400000,1283.64395949,1283.79943198,1279.89501843,1282.28587400,0,1665863999999,0,3600,0,0,0
1665864000000,1282.28642738,1283.47832560,1279.23874903,1281.13933640,0,1665867599999,0,3600,0,0,0
1665867600000,1281.13880556,1281.13880556,1272.32036508,1276.06480876,0,1665871199999,0,3600,0,0,0
1665871200000,1276.06397071,1276.42233917,1271.08805121,1271.23985716,0,1665874799999,0,3600,0,0,0
1665874800000,1271.24075852,1279.24482512,1264.25660183,1274.89137458,0,1665878399999,0,3600,0,0,0
