open_time,open,high,low,close,volume,close_time,quote_volume,count,taker_buy_volume,taker_buy_quote_volume,ignore
1714953600000,0.52961381,0.53338686,0.52845158,0.53164591,0,1714967999999,0,14400,0,0,0
1714968000000,0.53169469,0.53984826,0.53073307,0.53972839,0,1714982399999,0,14400,0,0,0
1714982400000,0.53976620,0.54752559,0.53115913,0.53497795,0,1714996799999,0,14400,0,0,0
1714996800000,0.53502672,0.55922396,0.52500902,0.55922396,0,1715011199999,0,14400,0,0,0
1715011200000,0.55917396,0.56990651,0.54273709,0.54670105,0,1715025599999,0,14400,0,0,0
1715025600000,0.54669238,0.54796443,0.53879268,0.54008936,0,1715039999999,0,14400,0,0,0
