open_time,open,high,low,close,volume,close_time,quote_volume,count,taker_buy_volume,taker_buy_quote_volume,ignore
1732838400000,1.54227610,1.57818146,1.52378780,1.55193073,0,1732852799999,0,14400,0,0,0
1732852800000,1.55193366,1.64523073,1.53949098,1.58860756,0,1732867199999,0,14400,0,0,0
1732867200000,1.58905098,1.68277024,1.58905098,1.65224366,0,1732881599999,0,14400,0,0,0
1732881600000,1.65241927,1.77343390,1.64441488,1.71079415,0,1732895999999,0,14400,0,0,0
1732896000000,1.71024122,1.73553268,1.67711415,1.72533780,0,1732910399999,0,14400,0,0,0
1732910400000,1.72549390,1.81432366,1.71768512,1.80143610,0,1732924799999,0,14400,0,0,0
