open_time,open,high,low,close,volume,close_time,quote_volume,count,taker_buy_volume,taker_buy_quote_volume,ignore
1743292800000,2.13492474,2.21390421,2.11592368,2.18305684,0,1743307199999,0,14400,0,0,0
1743307200000,2.18262447,2.19443237,2.16039684,2.17567789,0,1743321599999,0,14400,0,0,0
1743321600000,2.17573053,2.19871789,2.15397974,2.16262711,0,1743335999999,0,14400,0,0,0
1743336000000,2.16267184,2.16912211,2.12326553,2.13759053,0,1743350399999,0,14400,0,0,0
1743350400000,2.13759842,2.17055211,2.11517763,2.14333605,0,1743364799999,0,14400,0,0,0
1743364800000,2.14332816,2.16356342,2.10787289,2.13642395,0,1743379199999,0,14400,0,0,0
