open_time,open,high,low,close,volume,close_time,quote_volume,count,taker_buy_volume,taker_buy_quote_volume,ignore
1745712000000,2.19120000,2.20503750,2.15946562,2.17572500,0,1745726399999,0,14400,0,0,0
1745726400000,2.17565312,2.17883438,2.16024688,2.17228125,0,1745740799999,0,14400,0,0,0
1745740800000,2.17229062,2.18309688,2.16929062,2.18050312,0,1745755199999,0,14400,0,0,0
1745755200000,2.18052188,2.26953125,2.17349062,2.22750625,0,1745769599999,0,14400,0,0,0
1745769600000,2.22759688,2.28395938,2.21568750,2.28361875,0,1745783999999,0,14400,0,0,0
1745784000000,2.28386562,2.29427188,2.24563125,2.25199375,0,1745798399999,0,14400,0,0,0
