open_time,open,high,low,close,volume,close_time,quote_volume,count,taker_buy_volume,taker_buy_quote_volume,ignore
1706918400000,0.51060140,0.51083875,0.50602273,0.50771745,0,1706932799999,0,14400,0,0,0
1706932800000,0.50771745,0.50887010,0.50664639,0.50773412,0,1706947199999,0,14400,0,0,0
1706947200000,0.50773412,0.52680911,0.50724085,0.52172890,0,1706961599999,0,14400,0,0,0
1706961600000,0.52167548,0.52636292,0.51660153,0.52012429,0,1706975999999,0,14400,0,0,0
1706976000000,0.52017305,0.52168776,0.51706794,0.52088052,0,1706990399999,0,14400,0,0,0
1706990400000,0.52087833,0.52207089,0.51809708,0.51865323,0,1707004799999,0,14400,0,0,0
