open_time,open,high,low,close,volume,close_time,quote_volume,count,taker_buy_volume,taker_buy_quote_volume,ignore
1708473600000,0.56231462,0.56283168,0.55605548,0.55910315,0,1708487999999,0,14400,0,0,0
1708488000000,0.55910313,0.55943319,0.54547181,0.54696526,0,1708502399999,0,14400,0,0,0
1708502400000,0.54694475,0.55035032,0.53280592,0.53890207,0,1708516799999,0,14400,0,0,0
1708516800000,0.53890962,0.54479099,0.53432698,0.53998813,0,1708531199999,0,14400,0,0,0
1708531200000,0.53999474,0.54362714,0.53527014,0.54241484,0,1708545599999,0,14400,0,0,0
1708545600000,0.54241486,0.54939118,0.54079725,0.54913367,0,1708559999999,0,14400,0,0,0
