open_time,open,high,low,close,volume,close_time,quote_volume,count,taker_buy_volume,taker_buy_quote_volume,ignore
1677024000000,0.39189666,0.39266719,0.38283662,0.39019439,0,1677038399999,0,14398,0,0,0
1677038400000,0.39019327,0.39217696,0.38539641,0.39042738,0,1677052799999,0,14400,0,0,0
1677052800000,0.39042423,0.39082972,0.38585938,0.39061115,0,1677067199999,0,14396,0,0,0
1677067200000,0.39061231,0.39756673,0.38600503,0.38827217,0,1677081599999,0,14400,0,0,0
1677081600000,0.38826972,0.39411861,0.38678437,0.39282661,0,1677095999999,0,14400,0,0,0
1677096000000,0.39282822,0.39633497,0.39095438,0.39525775,0,1677110399999,0,14400,0,0,0
