open_time,open,high,low,close,volume,close_time,quote_volume,count,taker_buy_volume,taker_buy_quote_volume,ignore
1676678400000,0.39506881,0.39599110,0.39349802,0.39494328,0,1676692799999,0,14400,0,0,0
1676692800000,0.39494355,0.39679261,0.39323469,0.39454866,0,1676707199999,0,14400,0,0,0
1676707200000,0.39454593,0.39477876,0.39114354,0.39279436,0,1676721599999,0,14400,0,0,0
1676721600000,0.39279627,0.39538273,0.39222011,0.39493908,0,1676735999999,0,14400,0,0,0
1676736000000,0.39490070,0.39750392,0.39249713,0.39350719,0,1676750399999,0,14400,0,0,0
1676750400000,0.39357016,0.39496774,0.39182726,0.39427805,0,1676764799999,0,14400,0,0,0
