open_time,open,high,low,close,volume,close_time,quote_volume,count,taker_buy_volume,taker_buy_quote_volume,ignore
1687219200000,0.49357559,0.49643967,0.48953884,0.49032970,0,1687233599999,0,14400,0,0,0
1687233600000,0.49032970,0.49127486,0.48430565,0.48750087,0,1687247999999,0,14400,0,0,0
1687248000000,0.48754725,0.48763678,0.47844769,0.48346375,0,1687262399999,0,14400,0,0,0
1687262400000,0.48346375,0.48489820,0.47203737,0.47848825,0,1687276799999,0,14400,0,0,0
1687276800000,0.47848825,0.49015840,0.47739390,0.48885554,0,1687291199999,0,14400,0,0,0
1687291200000,0.48886672,0.49367072,0.48821459,0.49287826,0,1687305599999,0,14400,0,0,0
