open_time,open,high,low,close,volume,close_time,quote_volume,count,taker_buy_volume,taker_buy_quote_volume,ignore
1682726400000,0.47951682,0.48683310,0.47744988,0.48069563,0,1682740799999,0,14400,0,0,0
1682740800000,0.48069327,0.48177691,0.47770947,0.47827438,0,1682755199999,0,14400,0,0,0
1682755200000,0.47827438,0.48241856,0.47598298,0.48065528,0,1682769599999,0,14400,0,0,0
1682769600000,0.48065530,0.48189739,0.47752974,0.47832502,0,1682783999999,0,14400,0,0,0
1682784000000,0.47827199,0.47954132,0.47133163,0.47840857,0,1682798399999,0,14400,0,0,0
1682798400000,0.47840796,0.47921400,0.47637746,0.47801472,0,1682812799999,0,14400,0,0,0
