open_time,open,high,low,close,volume,close_time,quote_volume,count,taker_buy_volume,taker_buy_quote_volume,ignore
1730937600000,0.54188774,0.57800545,0.53772968,0.55967801,0,1730951999999,0,14400,0,0,0
1730952000000,0.55967071,0.56238221,0.55020771,0.55547788,0,1730966399999,0,14400,0,0,0
1730966400000,0.55552665,0.55690395,0.54661611,0.54713392,0,1730980799999,0,14399,0,0,0
1730980800000,0.54712840,0.55010534,0.54068801,0.54978266,0,1730995199999,0,14400,0,0,0
1730995200000,0.54978266,0.55553490,0.54851098,0.55488155,0,1731009599999,0,14400,0,0,0
1731009600000,0.55489832,0.55801636,0.55044694,0.55566562,0,1731023999999,0,14400,0,0,0
