open_time,open,high,low,close,volume,close_time,quote_volume,count,taker_buy_volume,taker_buy_quote_volume,ignore
1690502400000,0.71388163,0.71871044,0.71136463,0.71435961,0,1690516799999,0,14400,0,0,0
1690516800000,0.71435958,0.71505101,0.70537552,0.70595300,0,1690531199999,0,14400,0,0,0
1690531200000,0.70594913,0.71303162,0.70311623,0.70938707,0,1690545599999,0,14400,0,0,0
1690545600000,0.70938676,0.71729509,0.70937661,0.71247863,0,1690559999999,0,14400,0,0,0
1690560000000,0.71247863,0.71512969,0.70854668,0.71207049,0,1690574399999,0,14400,0,0,0
1690574400000,0.71204649,0.71371399,0.71006101,0.71204942,0,1690588799999,0,14400,0,0,0
