open_time,open,high,low,close,volume,close_time,quote_volume,count,taker_buy_volume,taker_buy_quote_volume,ignore
1698364800000,0.55339172,0.55856621,0.54880182,0.55241686,0,1698379199999,0,14400,0,0,0
1698379200000,0.55242492,0.55263768,0.54522907,0.54535907,0,1698393599999,0,14400,0,0,0
1698393600000,0.54535273,0.55185704,0.54516397,0.54904538,0,1698407999999,0,14400,0,0,0
1698408000000,0.54904538,0.55522938,0.54792559,0.55469886,0,1698422399999,0,14400,0,0,0
1698422400000,0.55474572,0.55478979,0.53499345,0.54506156,0,1698436799999,0,14400,0,0,0
1698436800000,0.54511284,0.54683030,0.54274658,0.54298781,0,1698451199999,0,14400,0,0,0
