open_time,open,high,low,close,volume,close_time,quote_volume,count,taker_buy_volume,taker_buy_quote_volume,ignore
1668470400000,0.37754345,0.38768962,0.36783637,0.36861614,0,1668484799999,0,14399,0,0,0
1668484800000,0.36855364,0.38303610,0.36694853,0.37970345,0,1668499199999,0,14400,0,0,0
1668499200000,0.37976245,0.38891366,0.37828420,0.37953134,0,1668513599999,0,14400,0,0,0
1668513600000,0.37954807,0.39389581,0.37793846,0.39085163,0,1668527999999,0,14400,0,0,0
1668528000000,0.39085286,0.39752466,0.37655684,0.38465854,0,1668542399999,0,14400,0,0,0
1668542400000,0.38473199,0.39076974,0.38045470,0.38875222,0,1668556799999,0,14400,0,0,0
