open_time,open,high,low,close,volume,close_time,quote_volume,count,taker_buy_volume,taker_buy_quote_volume,ignore
1678060800000,0.36678445,0.36961621,0.36059425,0.36582079,0,1678075199999,0,14400,0,0,0
1678075200000,0.36587455,0.36805020,0.36274714,0.36274714,0,1678089599999,0,14398,0,0,0
1678089600000,0.36280309,0.36560212,0.35923823,0.36117805,0,1678103999999,0,14393,0,0,0
1678104000000,0.36117599,0.36767374,0.36062757,0.36737640,0,1678118399999,0,14398,0,0,0
1678118400000,0.36737700,0.37411655,0.36672179,0.37170068,0,1678132799999,0,14400,0,0,0
1678132800000,0.37169947,0.37335834,0.36950288,0.36957616,0,1678147199999,0,14400,0,0,0
