open_time,open,high,low,close,volume,close_time,quote_volume,count,taker_buy_volume,taker_buy_quote_volume,ignore
1679616000000,0.44387718,0.44401803,0.43139754,0.43251103,0,1679630399999,0,14400,0,0,0
1679630400000,0.43246196,0.43776657,0.42828072,0.43317342,0,1679644799999,0,14396,0,0,0
1679644800000,0.43317342,0.43430332,0.41776769,0.42254769,0,1679659199999,0,14398,0,0,0
1679659200000,0.42238154,0.42876154,0.42141455,0.42659566,0,1679673599999,0,14400,0,0,0
1679673600000,0.42659566,0.43022338,0.41473217,0.42609962,0,1679687999999,0,14400,0,0,0
1679688000000,0.42604619,0.42702179,0.41682160,0.42578448,0,1679702399999,0,14400,0,0,0
