open_time,open,high,low,close,volume,close_time,quote_volume,count,taker_buy_volume,taker_buy_quote_volume,ignore
1743638400000,2.02375211,2.07186395,2.00758395,2.06325368,0,1743652799999,0,14400,0,0,0
1743652800000,2.06335368,2.08172105,2.03121842,2.05230868,0,1743667199999,0,14398,0,0,0
1743667200000,2.05235605,2.05773316,2.01410816,2.03380605,0,1743681599999,0,14400,0,0,0
1743681600000,2.03395921,2.04221158,1.96054211,2.00557158,0,1743695999999,0,14400,0,0,0
1743696000000,2.00568474,2.07402211,1.99180737,2.05360079,0,1743710399999,0,14400,0,0,0
1743710400000,2.05365342,2.06882526,2.03570316,2.06430947,0,1743724799999,0,14400,0,0,0
