open_time,open,high,low,close,volume,close_time,quote_volume,count,taker_buy_volume,taker_buy_quote_volume,ignore
1731974400000,1.11407381,1.14762921,1.11148197,1.13813701,0,1731988799999,0,14400,0,0,0
1731988800000,1.13810544,1.14064439,1.09802956,1.10228779,0,1732003199999,0,14400,0,0,0
1732003200000,1.10228856,1.10688135,1.08269153,1.10075325,0,1732017599999,0,14400,0,0,0
1732017600000,1.10075325,1.12186821,1.07006489,1.09636169,0,1732031999999,0,14400,0,0,0
1732032000000,1.09636167,1.11635838,1.08422750,1.10595120,0,1732046399999,0,14400,0,0,0
1732046400000,1.10597140,1.11647410,1.07122244,1.10057047,0,1732060799999,0,14400,0,0,0
