open_time,open,high,low,close,volume,close_time,quote_volume,count,taker_buy_volume,taker_buy_quote_volume,ignore
1689379200000,0.71794422,0.73503805,0.69265429,0.72113109,0,1689393599999,0,14400,0,0,0
1689393600000,0.72082621,0.73308220,0.71363757,0.72496481,0,1689407999999,0,14400,0,0,0
1689408000000,0.72496396,0.72887058,0.71160260,0.71799488,0,1689422399999,0,14400,0,0,0
1689422400000,0.71801904,0.73350043,0.71767121,0.72330060,0,1689436799999,0,14400,0,0,0
1689436800000,0.72329920,0.73129927,0.70137112,0.72331332,0,1689451199999,0,14400,0,0,0
1689451200000,0.72331356,0.72346830,0.70812833,0.71444745,0,1689465599999,0,14400,0,0,0
