open_time,open,high,low,close,volume,close_time,quote_volume,count,taker_buy_volume,taker_buy_quote_volume,ignore
1723766400000,0.56074302,0.56866359,0.55799945,0.56243376,0,1723780799999,0,14400,0,0,0
1723780800000,0.56243378,0.56927949,0.56142027,0.56747329,0,1723795199999,0,14400,0,0,0
1723795200000,0.56747327,0.57046439,0.56461917,0.56615023,0,1723809599999,0,14400,0,0,0
1723809600000,0.56617220,0.56777955,0.55367124,0.55796238,0,1723823999999,0,14400,0,0,0
1723824000000,0.55796238,0.56871800,0.55658719,0.56661655,0,1723838399999,0,14400,0,0,0
1723838400000,0.56668266,0.56789340,0.56279564,0.56367365,0,1723852799999,0,14400,0,0,0
