open_time,open,high,low,close,volume,close_time,quote_volume,count,taker_buy_volume,taker_buy_quote_volume,ignore
1678406400000,0.37066128,0.37469085,0.36503484,0.37387615,0,1678420799999,0,14400,0,0,0
1678420800000,0.37387544,0.37511385,0.36716735,0.37031752,0,1678435199999,0,14400,0,0,0
1678435200000,0.37031987,0.37157221,0.35743642,0.36146546,0,1678449599999,0,14400,0,0,0
1678449600000,0.36146271,0.37241181,0.36052245,0.36884006,0,1678463999999,0,14400,0,0,0
1678464000000,0.36884626,0.37228172,0.36407517,0.36819409,0,1678478399999,0,14400,0,0,0
1678478400000,0.36819880,0.37224853,0.36671359,0.36997178,0,1678492799999,0,14399,0,0,0
