open_time,open,high,low,close,volume,close_time,quote_volume,count,taker_buy_volume,taker_buy_quote_volume,ignore
1693008000000,0.52567113,0.52659847,0.52269809,0.52374775,0,1693022399999,0,14400,0,0,0
1693022400000,0.52374775,0.52384098,0.51802283,0.52126564,0,1693036799999,0,14400,0,0,0
1693036800000,0.52126564,0.52415373,0.52024940,0.52305828,0,1693051199999,0,14400,0,0,0
1693051200000,0.52305831,0.52808835,0.52110064,0.52527619,0,1693065599999,0,14400,0,0,0
1693065600000,0.52527619,0.52680935,0.52347013,0.52620485,0,1693079999999,0,14400,0,0,0
1693080000000,0.52620485,0.52732144,0.52210722,0.52312760,0,1693094399999,0,14400,0,0,0
