open_time,open,high,low,close,volume,close_time,quote_volume,count,taker_buy_volume,taker_buy_quote_volume,ignore
1682985600000,0.46491275,0.46506038,0.45880999,0.46378853,0,1682999999999,0,14400,0,0,0
1683000000000,0.46378794,0.46551097,0.46171168,0.46345644,0,1683014399999,0,14398,0,0,0
1683014400000,0.46345703,0.46470222,0.45992470,0.46067195,0,1683028799999,0,14400,0,0,0
1683028800000,0.46072443,0.46457509,0.45869838,0.46233762,0,1683043199999,0,14400,0,0,0
1683043200000,0.46233764,0.46483441,0.45768887,0.46326581,0,1683057599999,0,14400,0,0,0
1683057600000,0.46326764,0.46594268,0.46326764,0.46452313,0,1683071999999,0,14400,0,0,0
