open_time,open,high,low,close,volume,close_time,quote_volume,count,taker_buy_volume,taker_buy_quote_volume,ignore
1733616000000,2.60983658,2.61687053,2.56397368,2.59278974,0,1733630399999,0,14400,0,0,0
1733630400000,2.59247921,2.59329921,2.52813921,2.55353474,0,1733644799999,0,14400,0,0,0
1733644800000,2.55354263,2.55585868,2.48500868,2.53930211,0,1733659199999,0,14400,0,0,0
1733659200000,2.53913632,2.56695237,2.51100711,2.54121421,0,1733673599999,0,14400,0,0,0
1733673600000,2.54104842,2.64665711,2.53750421,2.57998684,0,1733687999999,0,14400,0,0,0
1733688000000,2.58020789,2.62123053,2.55530395,2.60182842,0,1733702399999,0,14400,0,0,0
