open_time,open,high,low,close,volume,close_time,quote_volume,count,taker_buy_volume,taker_buy_quote_volume,ignore
1663286400000,0.32615342,0.32791582,0.32160939,0.32703384,0,1663300799999,0,14400,0,0,0
1663300800000,0.32704094,0.32930691,0.32383038,0.32625663,0,1663315199999,0,14399,0,0,0
1663315200000,0.32625596,0.33113835,0.32275310,0.33017306,0,1663329599999,0,14400,0,0,0
1663329600000,0.33020930,0.33466427,0.32711366,0.33459812,0,1663343999999,0,14400,0,0,0
1663344000000,0.33459498,0.34205014,0.33035875,0.34129393,0,1663358399999,0,14400,0,0,0
1663358400000,0.34129312,0.35802101,0.34122852,0.35521152,0,1663372799999,0,14400,0,0,0
