open_time,open,high,low,close,volume,close_time,quote_volume,count,taker_buy_volume,taker_buy_quote_volume,ignore
1726704000000,0.58531052,0.58988187,0.58109401,0.58518809,0,1726718399999,0,14400,0,0,0
1726718400000,0.58517346,0.58842971,0.58234572,0.58507377,0,1726732799999,0,14400,0,0,0
1726732800000,0.58507378,0.58684021,0.58144196,0.58567876,0,1726747199999,0,14400,0,0,0
1726747200000,0.58567876,0.59295949,0.58347584,0.58611381,0,1726761599999,0,14400,0,0,0
1726761600000,0.58611383,0.59441944,0.58580661,0.58964338,0,1726775999999,0,14400,0,0,0
1726776000000,0.58965596,0.59348336,0.58508115,0.58676004,0,1726790399999,0,14400,0,0,0
