open_time,open,high,low,close,volume,close_time,quote_volume,count,taker_buy_volume,taker_buy_quote_volume,ignore
1736812800000,2.52329429,2.55331714,2.51547714,2.53348571,0,1736827199999,0,14400,0,0,0
1736827200000,2.53340857,2.55314857,2.51342857,2.51579143,0,1736841599999,0,14400,0,0,0
1736841600000,2.51573429,2.60247714,2.51573429,2.57521429,0,1736855999999,0,14400,0,0,0
1736856000000,2.57518857,2.59168000,2.54701714,2.57995429,0,1736870399999,0,14400,0,0,0
1736870400000,2.57992000,2.69920571,2.55244286,2.66453429,0,1736884799999,0,14400,0,0,0
1736884800000,2.66385429,2.67924857,2.63972857,2.66795714,0,1736899199999,0,14400,0,0,0
