open_time,open,high,low,close,volume,close_time,quote_volume,count,taker_buy_volume,taker_buy_quote_volume,ignore
1729209600000,0.54409325,0.54682825,0.53970896,0.54338398,0,1729223999999,0,14400,0,0,0
1729224000000,0.54339860,0.55286237,0.54232150,0.54988301,0,1729238399999,0,14400,0,0,0
1729238400000,0.54988096,0.55306150,0.54626090,0.54633586,0,1729252799999,0,14400,0,0,0
1729252800000,0.54632855,0.54759355,0.54287358,0.54601502,0,1729267199999,0,14400,0,0,0
1729267200000,0.54597355,0.54891510,0.54339886,0.54646192,0,1729281599999,0,14400,0,0,0
1729281600000,0.54646190,0.54722516,0.54470105,0.54673376,0,1729295999999,0,14400,0,0,0
