open_time,open,high,low,close,volume,close_time,quote_volume,count,taker_buy_volume,taker_buy_quote_volume,ignore
1668211200000,0.38420277,0.38452798,0.37285672,0.37521450,0,1668225599999,0,14400,0,0,0
1668225600000,0.37522169,0.37623517,0.36250879,0.36930812,0,1668239999999,0,14400,0,0,0
1668240000000,0.36936767,0.37182406,0.36494969,0.37146055,0,1668254399999,0,14400,0,0,0
1668254400000,0.37146773,0.37305860,0.36573604,0.36973201,0,1668268799999,0,14400,0,0,0
1668268800000,0.36969569,0.37072937,0.35955860,0.36540699,0,1668283199999,0,14400,0,0,0
1668283200000,0.36519999,0.36710576,0.36048212,0.36347737,0,1668297599999,0,14400,0,0,0
