open_time,open,high,low,close,volume,close_time,quote_volume,count,taker_buy_volume,taker_buy_quote_volume,ignore
1736208000000,2.41985789,2.42344237,2.39345842,2.40511053,0,1736222399999,0,14400,0,0,0
1736222400000,2.40523421,2.44762316,2.40381342,2.42743658,0,1736236799999,0,14400,0,0,0
1736236800000,2.42739974,2.46766737,2.40694632,2.42132237,0,1736251199999,0,14400,0,0,0
1736251200000,2.42154342,2.44287895,2.28002000,2.31439763,0,1736265599999,0,14400,0,0,0
1736265600000,2.31423737,2.34572974,2.26319868,2.28289289,0,1736279999999,0,14400,0,0,0
1736280000000,2.28296132,2.30748053,2.25824526,2.27110605,0,1736294399999,0,14400,0,0,0
