open_time,open,high,low,close,volume,close_time,quote_volume,count,taker_buy_volume,taker_buy_quote_volume,ignore
1667606400000,0.50636126,0.50978882,0.49492053,0.49876280,0,1667620799999,0,14400,0,0,0
1667620800000,0.49886998,0.50232073,0.49538951,0.49830462,0,1667635199999,0,14400,0,0,0
1667635200000,0.49830536,0.49876099,0.49163185,0.49715604,0,1667649599999,0,14400,0,0,0
1667649600000,0.49710164,0.50318297,0.49204272,0.49873670,0,1667663999999,0,14400,0,0,0
1667664000000,0.49886138,0.50888018,0.49678462,0.49801284,0,1667678399999,0,14400,0,0,0
1667678400000,0.49801260,0.50208984,0.48984987,0.49308291,0,1667692799999,0,14400,0,0,0
