open_time,open,high,low,close,volume,close_time,quote_volume,count,taker_buy_volume,taker_buy_quote_volume,ignore
1582070400000,0.29830808,0.29868921,0.29251337,0.29670537,0,1582084799999,0,14400,0,0,0
1582084800000,0.29717655,0.29782866,0.29103377,0.29251611,0,1582099199999,0,14311,0,0,0
1582099200000,0.29251611,0.29712940,0.29045948,0.29617854,0,1582113599999,0,14393,0,0,0
1582113600000,0.29620354,0.29714567,0.29280102,0.29463336,0,1582127999999,0,14391,0,0,0
1582128000000,0.29463336,0.30737999,0.29426360,0.29853127,0,1582142399999,0,14398,0,0,0
1582142400000,0.29855527,0.29903413,0.27083500,0.27510598,0,1582156799999,0,14389,0,0,0
