open_time,open,high,low,close,volume,close_time,quote_volume,count,taker_buy_volume,taker_buy_quote_volume,ignore
1697414400000,0.48734134,0.48854225,0.48607393,0.48769923,0,1697428799999,0,14400,0,0,0
1697428800000,0.48769980,0.49737318,0.48524415,0.49320631,0,1697443199999,0,14400,0,0,0
1697443200000,0.49321791,0.49504852,0.48994371,0.49409774,0,1697457599999,0,14400,0,0,0
1697457600000,0.49409774,0.51058659,0.49151728,0.49207428,0,1697471999999,0,14400,0,0,0
1697472000000,0.49207428,0.49789592,0.49026788,0.49628194,0,1697486399999,0,14400,0,0,0
1697486400000,0.49629911,0.49921238,0.49425682,0.49776364,0,1697500799999,0,14400,0,0,0
