open_time,open,high,low,close,volume,close_time,quote_volume,count,taker_buy_volume,taker_buy_quote_volume,ignore
1697932800000,0.52089928,0.52398821,0.51649970,0.52003700,0,1697947199999,0,14400,0,0,0
1697947200000,0.52008421,0.52398702,0.51219275,0.51635546,0,1697961599999,0,14400,0,0,0
1697961600000,0.51640339,0.51872511,0.51492485,0.51618322,0,1697975999999,0,14400,0,0,0
1697976000000,0.51618319,0.51909449,0.51605635,0.51840365,0,1697990399999,0,14400,0,0,0
1697990400000,0.51840362,0.52300071,0.51795794,0.52034037,0,1698004799999,0,14400,0,0,0
1698004800000,0.52034037,0.52365288,0.51718873,0.52263269,0,1698019199999,0,14400,0,0,0
