open_time,open,high,low,close,volume,close_time,quote_volume,count,taker_buy_volume,taker_buy_quote_volume,ignore
1696550400000,0.52265065,0.52700641,0.52240488,0.52554434,0,1696564799999,0,14400,0,0,0
1696564800000,0.52554434,0.52582674,0.51868859,0.51996116,0,1696579199999,0,14400,0,0,0
1696579200000,0.51996116,0.52282074,0.51918008,0.52054829,0,1696593599999,0,14400,0,0,0
1696593600000,0.52055378,0.52541680,0.51737073,0.52444457,0,1696607999999,0,14400,0,0,0
1696608000000,0.52444457,0.52655089,0.52284993,0.52562875,0,1696622399999,0,14400,0,0,0
1696622400000,0.52563415,0.52924418,0.52520529,0.52540132,0,1696636799999,0,14400,0,0,0
