open_time,open,high,low,close,volume,close_time,quote_volume,count,taker_buy_volume,taker_buy_quote_volume,ignore
1713657600000,0.52877971,0.53010261,0.52166331,0.52671818,0,1713671999999,0,14400,0,0,0
1713672000000,0.52670566,0.53525507,0.52550672,0.53373838,0,1713686399999,0,14400,0,0,0
1713686400000,0.53373839,0.53654914,0.52781817,0.53024940,0,1713700799999,0,14400,0,0,0
1713700800000,0.53024940,0.53096579,0.52332321,0.52741203,0,1713715199999,0,14400,0,0,0
1713715200000,0.52746081,0.52795042,0.51833555,0.52307289,0,1713729599999,0,14400,0,0,0
1713729600000,0.52307071,0.52930735,0.52162254,0.52460066,0,1713743999999,0,14400,0,0,0
