open_time,open,high,low,close,volume,close_time,quote_volume,count,taker_buy_volume,taker_buy_quote_volume,ignore
1672185600000,0.36748268,0.36868646,0.35843761,0.35961049,0,1672199999999,0,14400,0,0,0
1672200000000,0.35968221,0.36370118,0.35473874,0.35868006,0,1672214399999,0,14398,0,0,0
1672214400000,0.35868006,0.35936248,0.35618885,0.35846231,0,1672228799999,0,14399,0,0,0
1672228800000,0.35846181,0.36197309,0.35690704,0.35710896,0,1672243199999,0,14400,0,0,0
1672243200000,0.35717677,0.35977051,0.35545274,0.35829499,0,1672257599999,0,14398,0,0,0
1672257600000,0.35835978,0.35983068,0.35551137,0.35582298,0,1672271999999,0,14400,0,0,0
