open_time,open,high,low,close,volume,close_time,quote_volume,count,taker_buy_volume,taker_buy_quote_volume,ignore
1710201600000,0.72256634,0.73257119,0.68773681,0.68906265,0,1710215999999,0,14400,0,0,0
1710216000000,0.68906997,0.70973023,0.68545196,0.70279578,0,1710230399999,0,14400,0,0,0
1710230400000,0.70282432,0.70501720,0.67868083,0.70121153,0,1710244799999,0,14400,0,0,0
1710244800000,0.70122615,0.71302255,0.68764964,0.70253341,0,1710259199999,0,14400,0,0,0
1710259200000,0.70258219,0.70333760,0.65884321,0.69088506,0,1710273599999,0,14400,0,0,0
1710273600000,0.69086457,0.69104605,0.68280839,0.68802236,0,1710287999999,0,14400,0,0,0
