open_time,open,high,low,close,volume,close_time,quote_volume,count,taker_buy_volume,taker_buy_quote_volume,ignore
1712188800000,0.57423074,0.57836975,0.56546560,0.56854502,0,1712203199999,0,14400,0,0,0
1712203200000,0.56854500,0.57663541,0.56232878,0.57330149,0,1712217599999,0,14400,0,0,0
1712217600000,0.57332159,0.57908420,0.57288053,0.57506163,0,1712231999999,0,14400,0,0,0
1712232000000,0.57506163,0.61628702,0.57483003,0.59394061,0,1712246399999,0,14400,0,0,0
1712246400000,0.59394061,0.60490897,0.59390896,0.59606260,0,1712260799999,0,14400,0,0,0
1712260800000,0.59610776,0.59644237,0.58502197,0.59336477,0,1712275199999,0,14400,0,0,0
