open_time,open,high,low,close,volume,close_time,quote_volume,count,taker_buy_volume,taker_buy_quote_volume,ignore
1667520000000,20199.80,20316.00,20171.60,20309.20,35410.810,1667534399999,717814041.19440,194930,17752.739,359887285.71280,0
1667534400000,20309.30,20677.00,20296.00,20603.30,106949.307,1667548799999,2194099481.22068,500032,58613.199,1202235485.53498,0
1667548800000,20603.30,20665.00,20533.20,20547.00,60734.001,1667563199999,1250822490.22720,340456,29448.981,606566214.56200,0
1667563200000,20547.10,21297.00,20350.00,20829.30,386297.687,1667577599999,8060892223.45770,1737742,198261.149,4137993633.30510,0
1667577600000,20829.20,21100.00,20660.00,21097.30,177529.745,1667591999999,3699230512.07989,919868,88007.550,1834347831.63636,0
1667592000000,21097.20,21200.00,21040.60,21137.60,57593.665,1667606399999,1216458113.52940,358361,29717.028,627680309.13650,0
