open_time,open,high,low,close,volume,close_time,quote_volume,count,taker_buy_volume,taker_buy_quote_volume,ignore
1721606400000,68138.00,68459.70,67700.00,67847.30,29357.100,1721620799999,1997181945.84850,395434,14187.199,965368320.97440,0
1721620800000,67847.30,67966.00,67100.00,67210.30,26807.626,1721635199999,1809057505.73810,372536,12496.719,843361425.52380,0
1721635200000,67210.40,67571.40,66904.20,67479.10,20838.304,1721649599999,1401887520.41320,312695,10517.404,707680687.47590,0
1721649600000,67479.10,67932.20,66538.60,67044.30,56104.431,1721663999999,3768544037.73240,714092,27639.603,1856752190.93410,0
1721664000000,67044.30,68228.60,66784.10,68193.50,34521.383,1721678399999,2329810930.37230,466620,17906.490,1208919423.33820,0
1721678400000,68193.60,68221.50,67202.10,67499.20,25362.547,1721692799999,1717395426.16690,399933,12225.981,827859371.77500,0
