open_time,open,high,low,close,volume,close_time,quote_volume,count,taker_buy_volume,taker_buy_quote_volume,ignore
1715990400000,66980.00,67059.80,66696.10,66918.90,14987.935,1716004799999,1002364373.00700,257021,7478.125,500202756.40570,0
1716004800000,66919.00,67233.60,66700.10,66854.10,15843.297,1716019199999,1060425889.06320,283148,7812.299,522995595.86060,0
1716019200000,66854.10,67340.50,66808.40,67152.40,19628.857,1716033599999,1317558374.49300,351710,9811.400,658579893.76940,0
1716033600000,67152.50,67198.70,66503.20,66781.40,27767.746,1716047999999,1855983100.30890,447429,12503.797,835837815.21410,0
1716048000000,66781.30,66965.00,66682.60,66881.70,10585.364,1716062399999,707417063.34030,206609,5500.173,367639675.73470,0
1716062400000,66881.80,67035.10,66761.10,66884.90,8118.349,1716076799999,543206057.84410,174220,4196.089,280784742.83340,0
