open_time,open,high,low,close,volume,close_time,quote_volume,count,taker_buy_volume,taker_buy_quote_volume,ignore
1680393600000,28443.70,28516.50,28340.00,28463.00,28921.926,1680407999999,821898477.28940,306179,14559.486,413791977.14040,0
1680408000000,28463.00,28483.70,28366.00,28401.30,21969.846,1680422399999,624572501.28020,221155,10464.708,297512171.06320,0
1680422400000,28401.30,28432.90,28287.00,28344.90,30770.077,1680436799999,872852055.65906,279851,14679.137,416460218.58920,0
1680436800000,28344.90,28352.50,28022.00,28110.20,92591.724,1680451199999,2610223026.75307,756269,44539.419,1255729910.69086,0
1680451200000,28110.10,28218.20,27820.00,27933.70,83183.919,1680465599999,2334074555.13781,687691,39826.801,1117735511.69704,0
1680465600000,27933.70,28197.60,27825.20,28161.20,59221.178,1680479999999,1659290812.94486,551050,29551.484,828037100.11508,0
