open_time,open,high,low,close,volume,close_time,quote_volume,count,taker_buy_volume,taker_buy_quote_volume,ignore
1729641600000,67406.50,67449.00,66856.70,67057.80,18075.878,1729655999999,1213597255.96640,297114,8698.535,584077698.29920,0
1729656000000,67057.80,67290.00,66779.50,66838.00,18800.014,1729670399999,1259898798.91940,301232,9204.197,616855432.65970,0
1729670400000,66838.00,67046.80,66150.00,66406.10,47764.715,1729684799999,3176957929.65260,584635,21482.082,1428970989.76820,0
1729684800000,66406.10,66921.70,65900.00,66201.60,61638.876,1729699199999,4091283896.67470,792431,30526.987,2026605394.05020,0
1729699200000,66201.70,66566.00,65222.30,66465.20,80361.232,1729713599999,5291318917.94900,980248,39247.214,2585047803.47270,0
1729713600000,66465.30,66806.20,66300.00,66647.20,21574.343,1729727999999,1435482530.32430,317918,10373.617,690348420.63290,0
