open_time,open,high,low,close,volume,close_time,quote_volume,count,taker_buy_volume,taker_buy_quote_volume,ignore
1702339200000,41271.10,41963,41202.10,41760.30,53546.667,1702353599999,2232916102.11318,503491,27833.552,1160547750.81064,0
1702353600000,41760.30,42095.30,41401,41930.10,49611.901,1702367999999,2069343245.94923,500684,25500.278,1063723755.40299,0
1702368000000,41930,42125,41570.80,41606.70,42543.035,1702382399999,1780427582.77796,454276,19859.916,831249078.29315,0
1702382400000,41606.70,42085.90,41171.20,41376.60,85992.114,1702396799999,3580579699.41074,833062,41919.258,1745820280.48947,0
1702396800000,41376.70,41488,40711,41169.60,88690.075,1702411199999,3648118703.53233,832020,44197.014,1818123508.14584,0
1702411200000,41169.70,41577,41060.50,41515,36157.326,1702425599999,1493394777.44403,417529,19170.411,791936567.39680,0
