open_time,open,high,low,close,volume,close_time,quote_volume,count,taker_buy_volume,taker_buy_quote_volume,ignore
1698105600000,33074,35300,32833.50,34071.10,281275.402,1698119999999,9616316919.86730,2924751,145026.673,4956421003.50192,0
1698120000000,34071.10,34597.90,33710,34025.90,120913.576,1698134399999,4124809379.61785,1473753,60524.158,2065040673.20975,0
1698134400000,34025.80,34888,33966,34550,105261.541,1698148799999,3621581549.81106,1266200,53240.026,1831622069.78965,0
1698148800000,34549.90,34849.40,33244,33674,208284.691,1698163199999,7087994452.00756,2363364,100024.016,3403678059.77872,0
1698163200000,33673.90,34398.90,33379.20,33792,118528.892,1698177599999,4012455957.17752,1658341,60133.955,2036135734.38158,0
1698177600000,33792,34307.50,33485.30,33917,87728.961,1698191999999,2975642198.58893,1170263,44343.397,1504073206.10146,0
