open_time,open,high,low,close,volume,close_time,quote_volume,count,taker_buy_volume,taker_buy_quote_volume,ignore
1715472000000,60809.20,61081.30,60778.00,60902.50,8957.244,1715486399999,545639942.72050,172569,4852.268,295592594.29290,0
1715486400000,60902.60,61097.00,60557.30,60803.80,13680.716,1715500799999,832516342.07020,214190,6299.398,383382014.49640,0
1715500800000,60803.80,61361.90,60757.70,61120.00,20279.049,1715515199999,1238804754.84190,290560,10862.497,663460217.57730,0
1715515200000,61120.10,61598.80,61050.00,61395.90,17168.030,1715529599999,1051821588.32580,263174,8930.962,547295814.03760,0
1715529600000,61395.90,61849.40,61158.30,61393.50,28818.414,1715543999999,1772426362.81820,432020,14094.012,866811237.57390,0
1715544000000,61393.40,61527.50,60870.00,61455.80,15140.444,1715558399999,927365520.66690,267629,7053.475,432078937.55720,0
