open_time,open,high,low,close,volume,close_time,quote_volume,count,taker_buy_volume,taker_buy_quote_volume,ignore
1687824000000,30260.10,30488.00,30213.00,30360.00,41157.089,1687838399999,1249640752.93236,513403,20516.335,622940426.40996,0
1687838400000,30360.00,30470.00,30222.50,30404.50,36501.042,1687852799999,1107267998.30760,431120,19199.282,582480879.38450,0
1687852800000,30404.50,30800.00,30322.20,30720.10,81853.383,1687867199999,2502511574.80971,860331,42188.546,1289994543.33495,0
1687867200000,30720.10,30998.50,30351.00,30487.40,147090.862,1687881599999,4514833805.93110,1413868,71474.377,2194368509.15930,0
1687881600000,30487.40,30762.40,30435.90,30638.40,57462.807,1687895999999,1760218830.52581,699750,28993.844,888137485.65981,0
1687896000000,30638.40,30738.80,30533.10,30683.20,42008.165,1687910399999,1286967959.65420,408002,20951.716,641878188.85070,0
