open_time,open,high,low,close,volume,close_time,quote_volume,count,taker_buy_volume,taker_buy_quote_volume,ignore
1692835200000,26419.20,26535.90,26334.00,26430.00,29657.857,1692849599999,783806862.27850,289382,15320.501,404901245.77180,0
1692849600000,26430.00,26509.60,26370.10,26460.70,23503.450,1692863999999,621435423.82440,231710,12241.728,323704698.88680,0
1692864000000,26460.80,26568.30,26395.00,26433.80,33863.857,1692878399999,896407614.55900,314672,16906.966,447576195.77630,0
1692878400000,26433.80,26433.90,25972.50,25987.30,100356.806,1692892799999,2628439726.27980,811679,47701.867,1249435630.88030,0
1692892800000,25987.30,26148.00,25835.00,26025.90,68869.989,1692907199999,1792496502.06611,569853,34018.119,885572629.69136,0
1692907200000,26026.00,26200.00,25918.50,26164.60,30501.378,1692921599999,795039356.56960,311326,15864.839,413588323.02480,0
