open_time,open,high,low,close,volume,close_time,quote_volume,count,taker_buy_volume,taker_buy_quote_volume,ignore
1678752000000,24119.50,24507.00,23990.00,24379.90,103809.190,1678766399999,2519116681.35609,911628,53283.440,1293100224.69799,0
1678766400000,24379.90,24850.00,24148.00,24251.90,154883.625,1678780799999,3782950074.57172,1140380,78689.346,1922576616.44686,0
1678780800000,24252.30,24844.40,24121.70,24747.30,156510.376,1678795199999,3834140419.22814,1259824,79663.134,1951557395.27954,0
1678795200000,24747.40,26489.90,24405.00,25911.30,572682.237,1678809599999,14697773496.76979,3879874,292866.793,7517181867.85293,0
1678809600000,25911.30,26025.70,24222.00,25065.50,344601.197,1678823999999,8672633668.03015,2390956,166420.925,4187976516.95264,0
1678824000000,25066.40,25184.00,23951.00,24682.50,240076.010,1678838399999,5904619850.52422,1716684,116374.930,2862791355.61625,0
