open_time,open,high,low,close,volume,close_time,quote_volume,count,taker_buy_volume,taker_buy_quote_volume,ignore
1660435200000,24429.00,24632.60,24332.10,24554.30,51331.577,1660449599999,1258289637.70636,454203,25450.722,623846771.58686,0
1660449600000,24554.30,25065.00,24484.40,24867.10,94220.309,1660463999999,2335463393.14193,695778,51435.261,1275126087.56523,0
1660464000000,24867.20,24872.60,24511.00,24554.20,94591.205,1660478399999,2335327778.81749,695519,45680.800,1127939494.20540,0
1660478400000,24554.30,24579.50,24379.30,24512.10,61061.029,1660492799999,1494930586.97679,516903,29200.920,714952206.10590,0
1660492800000,24512.00,24548.80,24138.00,24273.80,87399.410,1660507199999,2123377654.32546,691272,40706.697,988955784.93910,0
1660507200000,24273.90,24420.00,24162.00,24294.10,48710.790,1660521599999,1183439857.23100,454798,23756.029,577235305.47410,0
