open_time,open,high,low,close,volume,close_time,quote_volume,count,taker_buy_volume,taker_buy_quote_volume,ignore
1670544000000,17216.00,17288.70,17179.10,17194.00,42568.695,1670558399999,733150595.20560,249993,21721.382,374130601.33880,0
1670558400000,17194.00,17227.10,17180.50,17203.70,23222.115,1670572799999,399513268.82890,154926,12379.665,212989665.64430,0
1670572800000,17203.70,17260.60,17190.50,17231.90,34072.588,1670587199999,586658686.16670,201280,17910.912,308407762.82220,0
1670587200000,17231.80,17365.40,17060.00,17170.40,130055.394,1670601599999,2233497348.24960,651003,63832.485,1096522007.17860,0
1670601600000,17170.30,17178.50,17112.00,17134.90,28838.384,1670615999999,494404911.77960,183534,13866.089,237712378.90800,0
1670616000000,17135.00,17149.00,17052.00,17122.00,31474.007,1670630399999,538458537.96350,187894,15522.793,265573856.25030,0
