open_time,open,high,low,close,volume,close_time,quote_volume,count,taker_buy_volume,taker_buy_quote_volume,ignore
1680998400000,27924.90,28078.10,27907.70,28012.00,30081.571,1681012799999,842943685.52440,222746,15895.122,445388846.84900,0
1681012800000,28011.90,28055.00,27820.00,27888.20,47649.419,1681027199999,1330187233.90090,320586,21472.423,599461018.98990,0
1681027200000,27888.20,27927.00,27762.80,27919.30,31551.572,1681041599999,879458414.10480,249561,15445.687,430619346.67780,0
1681041600000,27919.30,27960.00,27777.00,27873.60,35449.263,1681055999999,988065770.89090,295890,17185.694,479069344.95940,0
1681056000000,27873.60,28290.60,27860.30,28132.40,69130.263,1681070399999,1941117202.28289,474576,38209.941,1073011544.65759,0
1681070400000,28132.40,28539.10,28077.10,28309.40,91999.792,1681084799999,2607345409.95710,651272,48712.028,1380629537.11974,0
