open_time,open,high,low,close,volume,close_time,quote_volume,count,taker_buy_volume,taker_buy_quote_volume,ignore
1745020800000,84421.00,84947.80,84317.20,84845.30,10423.621,1745035199999,882807744.93080,191621,5693.901,482237719.59830,0
1745035200000,84845.30,85240.00,84840.10,85174.50,13824.920,1745049599999,1175768586.51670,231278,7153.854,608399579.62250,0
1745049600000,85174.50,85400.00,85070.90,85179.30,12830.984,1745063999999,1093896594.47650,217583,6473.131,551918067.98910,0
1745064000000,85179.30,85600.00,85006.20,85146.30,15225.821,1745078399999,1299298589.03370,252885,7679.078,655386094.27640,0
1745078400000,85146.30,85277.80,84613.50,85054.30,16462.047,1745092799999,1399125081.92860,276201,7846.199,666881733.83370,0
1745092800000,85054.20,85332.70,84966.00,85046.90,4613.173,1745107199999,392976774.25370,108816,2258.179,192366578.51480,0
