open_time,open,high,low,close,volume,close_time,quote_volume,count,taker_buy_volume,taker_buy_quote_volume,ignore
1714694400000,59036.70,59976.90,58781.30,59687.90,36797.051,1714708799999,2188748739.39970,570436,18668.909,1110624944.86060,0
1714708800000,59687.90,59810.00,59031.50,59158.10,23719.982,1714723199999,1408697984.63970,380177,11274.086,669582038.83860,0
1714723200000,59158.10,59562.90,58818.20,59269.30,31556.268,1714737599999,1866884545.51140,469522,15652.286,926096348.32700,0
1714737600000,59269.40,62239.60,58970.50,61662.10,155671.882,1714751999999,9497543018.38710,1902774,80966.348,4939496377.47140,0
1714752000000,61662.20,62181.00,61497.60,62031.90,40812.563,1714766399999,2521813826.51430,621690,20465.116,1264777836.48310,0
1714766400000,62031.90,63333.00,61931.10,62853.70,65048.713,1714780799999,4080564995.06150,898888,34645.056,2173339221.90110,0
