open_time,open,high,low,close,volume,close_time,quote_volume,count,taker_buy_volume,taker_buy_quote_volume,ignore
1742860800000,87463.40,87644.00,86278.50,86477.40,28269.465,1742875199999,2458155856.70890,459971,14036.314,1220835374.45390,0
1742875200000,86477.30,86847.30,86260.00,86404.40,22193.451,1742889599999,1920501954.51110,347991,11258.299,974279601.28280,0
1742889600000,86404.50,87448.00,86358.20,87323.30,22125.787,1742903999999,1925255778.01840,336727,11812.606,1027752300.18590,0
1742904000000,87323.40,88221.00,86839.20,87723.00,47579.277,1742918399999,4167738744.92850,760234,23077.649,2022295721.42550,0
1742918400000,87723.00,88284.00,87532.30,88051.40,23475.471,1742932799999,2063456496.78840,420232,11599.652,1019602940.28160,0
1742932800000,88054.00,88500.00,87079.00,87369.80,29861.838,1742947199999,2620707040.14370,443553,14872.517,1305464054.37290,0
