open_time,open,high,low,close,volume,close_time,quote_volume,count,taker_buy_volume,taker_buy_quote_volume,ignore
1712275200000,585.17144469,590.44979830,581.86069138,589.39040744,0,1712278799999,0,3600,0,0,0
1712278800000,589.33361834,591.30363358,584.87357532,585.12044128,0,1712282399999,0,3600,0,0,0
1712282400000,585.08426011,585.13265319,575.07673493,576.19031489,0,1712285999999,0,3600,0,0,0
1712286000000,576.16691064,582.21354766,575.66406076,581.49590204,0,1712289599999,0,3600,0,0,0
1712289600000,581.49590204,581.55224690,574.41770240,575.90677730,0,1712293199999,0,3600,0,0,0
1712293200000,575.90677730,576.22533546,564.76750000,569.12951581,0,1712296799999,0,3600,0,0,0
1712296800000,569.11969420,573.16355094,568.26726877,571.88263606,0,1712300399999,0,3600,0,0,0
1712300400000,571.92517838,575.46296010,569.23947956,574.62910571,0,1712303999999,0,3600,0,0,0
1712304000000,574.62967574,580.99894681,573.75056335,580.08819843,0,1712307599999,0,3600,0,0,0
1712307600000,580.13075163,580.13457503,572.81479576,576.75170864,0,1712311199999,0,3600,0,0,0
1712311200000,576.79426183,579.27215635,572.66739434,579.01774750,0,1712314799999,0,3600,0,0,0
1712314800000,579.01775852,579.42917977,575.93839234,577.45209838,0,1712318399999,0,3600,0,0,0
1712318400000,577.42762763,580.33507515,573.23438813,579.88037064,0,1712321999999,0,3600,0,0,0
1712322000000,579.88478681,583.90128052,576.10274962,583.61952652,0,1712325599999,0,3600,0,0,0
1712325600000,583.61730851,585.87583496,580.25043812,584.59182124,0,1712329199999,0,3600,0,0,0
1712329200000,584.62497879,585.05553886,580.00443505,583.95755745,0,1712332799999,0,3600,0,0,0
1712332800000,583.95755745,584.80558164,581.52796804,582.46535015,0,1712336399999,0,3600,0,0,0
1712336400000,582.45948356,582.76901879,578.52922638,579.03397020,0,1712339999999,0,3600,0,0,0
1712340000000,579.03057988,581.46064234,577.63113959,581.08575897,0,1712343599999,0,3600,0,0,0
1712343600000,581.08576994,584.18672774,581.03633789,582.53212351,0,1712347199999,0,3600,0,0,0
1712347200000,582.52071440,583.45614776,580.43919162,581.68815760,0,1712350799999,0,3600,0,0,0
1712350800000,581.68815760,583.07948167,580.70299183,580.70299183,0,1712354399999,0,3600,0,0,0
1712354400000,580.70299183,582.51377030,578.97603678,580.50391934,0,1712357999999,0,3600,0,0,0
1712358000000,580.54647253,580.69027809,577.80103107,577.97288198,0,1712361599999,0,3600,0,0,0
