open_time,open,high,low,close,volume,close_time,quote_volume,count,taker_buy_volume,taker_buy_quote_volume,ignore
1697155200000,205.22130460,206.69754654,204.82023997,205.14674490,0,1697169599999,0,14400,0,0,0
1697169600000,205.14015149,206.26663407,204.36668921,206.25384922,0,1697183999999,0,14400,0,0,0
1697184000000,206.25384922,206.29398263,205.01737996,205.53194529,0,1697198399999,0,14400,0,0,0
1697198400000,205.57590134,206.64727602,205.18749360,205.68253260,0,1697212799999,0,14400,0,0,0
1697212800000,205.63726688,206.28507383,205.21492683,205.57579345,0,1697227199999,0,14400,0,0,0
1697227200000,205.53183741,208.19727012,205.51313233,206.02617231,0,1697241599999,0,14400,0,0,0
