open_time,open,high,low,close,volume,close_time,quote_volume,count,taker_buy_volume,taker_buy_quote_volume,ignore
1706745600000,300.40765727,301.29601705,299.68267095,300.58993242,0,1706749199999,0,3600,0,0,0
1706749200000,300.58993242,300.64320907,296.43699839,296.65733495,0,1706752799999,0,3600,0,0,0
1706752800000,296.65734459,298.29972504,296.50440666,298.16633505,0,1706756399999,0,3600,0,0,0
1706756400000,298.20889728,299.09111646,297.58219274,298.43497134,0,1706759999999,0,3600,0,0,0
1706760000000,298.39225498,299.90195486,298.00234746,299.46654387,0,1706763599999,0,3600,0,0,0
1706763600000,299.46655296,299.60992648,297.39339734,298.14302145,0,1706767199999,0,3600,0,0,0
1706767200000,298.09407625,298.54394095,297.52597749,298.32741471,0,1706770799999,0,3600,0,0,0
1706770800000,298.33524157,298.66579945,297.96940502,298.05131566,0,1706774399999,0,3600,0,0,0
1706774400000,298.03216672,298.43413369,297.41618970,298.43413369,0,1706777999999,0,3600,0,0,0
1706778000000,298.44690866,299.31019729,298.09768298,299.11576068,0,1706781599999,0,3600,0,0,0
1706781600000,299.09022877,300.12838742,298.84438219,299.97398005,0,1706785199999,0,3600,0,0,0
1706785200000,300.01653324,300.62032853,298.87463837,299.07817879,0,1706788799999,0,3600,0,0,0
1706788800000,299.12073198,299.63752582,298.62420249,299.26454510,0,1706792399999,0,3600,0,0,0
1706792400000,299.26453603,299.82377051,298.44730353,299.57167586,0,1706795999999,0,3600,0,0,0
1706796000000,299.56755472,301.04733712,299.48020271,300.96954367,0,1706799599999,0,3600,0,0,0
1706799600000,300.96883616,302.05727002,299.68576822,299.79254083,0,1706803199999,0,3600,0,0,0
1706803200000,299.75330162,300.36371841,298.25923660,299.82982862,0,1706806799999,0,3600,0,0,0
1706806800000,299.82982862,301.66853498,299.82159358,300.81973697,0,1706810399999,0,3600,0,0,0
1706810400000,300.81804390,300.94452133,299.62346119,299.84105830,0,1706813999999,0,3600,0,0,0
1706814000000,299.84104936,301.16473185,299.44943999,300.68706252,0,1706817599999,0,3600,0,0,0
1706817600000,300.69344550,301.11759644,299.87690164,300.25614485,0,1706821199999,0,3600,0,0,0
1706821200000,300.28444369,301.20854398,300.08180828,301.04233663,0,1706824799999,0,3600,0,0,0
1706824800000,301.04234555,301.04234555,299.43704532,299.65853041,0,1706828399999,0,3600,0,0,0
1706828400000,299.65853933,300.23210183,299.08798686,300.06977990,0,1706831999999,0,3600,0,0,0
