open_time,open,high,low,close,volume,close_time,quote_volume,count,taker_buy_volume,taker_buy_quote_volume,ignore
1590451200000,16.37950000,16.40600000,16.22490000,16.29870000,0,1590454799999,0,3600,0,0,0
1590454800000,16.29990000,16.34820000,16.25610000,16.33000000,0,1590458399999,0,3600,0,0,0
1590458400000,16.33000000,16.37870000,16.31480000,16.32630000,0,1590461999999,0,3600,0,0,0
1590462000000,16.32630000,16.48430000,16.31470000,16.44300000,0,1590465599999,0,3600,0,0,0
1590465600000,16.44300000,16.44520000,16.36560000,16.38380000,0,1590469199999,0,3600,0,0,0
1590469200000,16.38380000,16.43420000,16.34040000,16.41050000,0,1590472799999,0,3600,0,0,0
1590472800000,16.41050000,16.42720000,16.29770000,16.33260000,0,1590476399999,0,3600,0,0,0
1590476400000,16.33260000,16.45000000,16.30100000,16.41030000,0,1590479999999,0,3600,0,0,0
1590480000000,16.41030000,16.49180000,16.38960000,16.40890000,0,1590483599999,0,3600,0,0,0
1590483600000,16.40880000,16.43450000,16.29150000,16.31910000,0,1590487199999,0,3600,0,0,0
1590487200000,16.31910000,16.31910000,16.18880000,16.24750000,0,1590490799999,0,3600,0,0,0
1590490800000,16.24750000,16.26630000,16.18890000,16.24610000,0,1590494399999,0,3599,0,0,0
1590494400000,16.24610000,16.28490000,16.09540000,16.13450000,0,1590497999999,0,3600,0,0,0
1590498000000,16.13450000,16.21820000,16.08240000,16.15270000,0,1590501599999,0,3600,0,0,0
1590501600000,16.15360000,16.25840000,16.12680000,16.16440000,0,1590505199999,0,3600,0,0,0
1590505200000,16.16430000,16.19720000,15.96990000,16.01780000,0,1590508799999,0,3600,0,0,0
1590508800000,16.02270000,16.14510000,15.95370000,16.12320000,0,1590512399999,0,3600,0,0,0
1590512400000,16.12320000,16.17470000,16.11000000,16.15680000,0,1590515999999,0,3600,0,0,0
1590516000000,16.15940000,16.18640000,16.12380000,16.16090000,0,1590519599999,0,3600,0,0,0
1590519600000,16.15840000,16.17230000,16.07270000,16.11310000,0,1590523199999,0,3600,0,0,0
1590523200000,16.11310000,16.22440000,16.11310000,16.20000000,0,1590526799999,0,3600,0,0,0
1590526800000,16.20000000,16.22400000,16.15500000,16.19490000,0,1590530399999,0,3600,0,0,0
1590530400000,16.19490000,16.22210000,16.14120000,16.20530000,0,1590533999999,0,3600,0,0,0
1590534000000,16.20430000,16.25510000,16.16380000,16.21590000,0,1590537599999,0,3600,0,0,0
