open_time,open,high,low,close,volume,close_time,quote_volume,count,taker_buy_volume,taker_buy_quote_volume,ignore
1686268800000,261.99077805,262.82171965,257.72141266,260.18491962,0,1686283199999,0,14400,0,0,0
1686283200000,260.18491962,261.11750424,255.78745467,258.33614709,0,1686297599999,0,14400,0,0,0
1686297600000,258.29490998,261.24865063,257.53411642,260.63001089,0,1686311999999,0,14400,0,0,0
1686312000000,260.67324166,264.37217086,260.62928561,261.15289612,0,1686326399999,0,14400,0,0,0
1686326400000,261.13640354,262.68839524,259.18857434,259.22804962,0,1686340799999,0,14400,0,0,0
1686340800000,259.22386706,262.25872274,259.09856027,260.55844767,0,1686355199999,0,14400,0,0,0
