open_time,open,high,low,close,volume,close_time,quote_volume,count,taker_buy_volume,taker_buy_quote_volume,ignore
1766880000000,845.11917766,845.70953545,839.66870582,841.64677786,0,1766894399999,0,14400,0,0,0
1766894400000,841.64267321,844.19946247,841.41758175,843.93895301,0,1766908799999,0,14400,0,0,0
1766908800000,843.93977493,856.65058148,843.93977493,854.61012726,0,1766923199999,0,14400,0,0,0
1766923200000,854.61560671,863.11240592,854.61560671,860.53950658,0,1766937599999,0,14400,0,0,0
1766937600000,860.53950658,867.12411534,858.94776473,859.75003038,0,1766951999999,0,14400,0,0,0
1766952000000,859.73359203,862.37122385,856.93143329,859.38363192,0,1766966399999,0,14400,0,0,0
