open_time,open,high,low,close,volume,close_time,quote_volume,count,taker_buy_volume,taker_buy_quote_volume,ignore
1771632000000,625.98085842,628.46362751,624.10376658,625.27556926,0,1771646399999,0,14400,0,0,0
1771646400000,625.28104871,628.03975836,624.99826049,625.89837275,0,1771660799999,0,14400,0,0,0
1771660800000,625.89837275,631.44593222,625.77382193,630.20501359,0,1771675199999,0,14400,0,0,0
1771675200000,630.20501359,634.64268164,627.60697934,627.71856064,0,1771689599999,0,14400,0,0,0
1771689600000,627.71856064,629.54511132,624.15561384,626.91510148,0,1771703999999,0,14400,0,0,0
1771704000000,626.92058093,627.60864658,624.64303682,625.77833932,0,1771718399999,0,14400,0,0,0
