open_time,open,high,low,close,volume,close_time,quote_volume,count,taker_buy_volume,taker_buy_quote_volume,ignore
1708473600000,354.56772786,355.55237200,352.64017533,353.38178196,0,1708487999999,0,14400,0,0,0
1708488000000,353.36262435,360.29230065,351.00478919,360.27798754,0,1708502399999,0,14400,0,0,0
1708502400000,360.28217011,365.71262991,358.03988874,364.17199757,0,1708516799999,0,14400,0,0,0
1708516800000,364.09240851,373.17317708,361.51504255,369.80413905,0,1708531199999,0,14400,0,0,0
1708531200000,369.90203382,372.36554698,365.06792426,370.79422196,0,1708545599999,0,14400,0,0,0
1708545600000,370.83678443,379.27391123,370.76717126,379.18039975,0,1708559999999,0,14400,0,0,0
