open_time,open,high,low,close,volume,close_time,quote_volume,count,taker_buy_volume,taker_buy_quote_volume,ignore
1733961600000,711.25268354,723.86867529,708.73658375,718.54003105,0,1733975999999,0,14400,0,0,0
1733976000000,718.53737309,721.80750658,713.13524177,714.65594937,0,1733990399999,0,14400,0,0,0
1733990400000,714.70569620,725.69396506,710.83383261,713.85899848,0,1734004799999,0,14399,0,0,0
1734004800000,713.80778613,720.30466119,710.97202532,714.54060275,0,1734019199999,0,14400,0,0,0
1734019200000,714.54060275,723.70011389,704.30983690,704.57757266,0,1734033599999,0,14400,0,0,0
1734033600000,704.49767605,711.05128248,699.57775261,705.81240990,0,1734047999999,0,14400,0,0,0
