open_time,open,high,low,close,volume,close_time,quote_volume,count,taker_buy_volume,taker_buy_quote_volume,ignore
1769990400000,758.40411836,770.37650411,728.74843164,751.57137274,0,1770004799999,0,14400,0,0,0
1770004800000,751.58233164,760.17539200,729.23492966,752.53883858,0,1770019199999,0,14400,0,0,0
1770019200000,752.55034542,767.25102989,752.55034542,762.40388830,0,1770033599999,0,14400,0,0,0
1770033600000,762.40142255,780.96038630,762.12468581,777.65604633,0,1770047999999,0,14400,0,0,0
1770048000000,777.70536140,780.94353874,770.00490458,770.59715467,0,1770062399999,0,14400,0,0,0
1770062400000,770.56975741,776.86436422,767.61266937,773.94667568,0,1770076799999,0,14400,0,0,0
