open_time,open,high,low,close,volume,close_time,quote_volume,count,taker_buy_volume,taker_buy_quote_volume,ignore
1727395200000,596.30937827,605.52165818,596.04071386,604.56087300,0,1727409599999,0,14400,0,0,0
1727409600000,604.55406743,606.60870634,599.92473671,604.02429789,0,1727423999999,0,14400,0,0,0
1727424000000,604.02428531,608.71587583,602.34065500,608.51609677,0,1727438399999,0,14400,0,0,0
1727438400000,608.50997308,614.61003892,606.12360955,608.98900309,0,1727452799999,0,14400,0,0,0
1727452800000,608.95036673,612.93666895,605.12164132,605.43769336,0,1727467199999,0,14400,0,0,0
1727467200000,605.49472624,611.31442727,604.17378072,606.90924072,0,1727481599999,0,14400,0,0,0
