open_time,open,high,low,close,volume,close_time,quote_volume,count,taker_buy_volume,taker_buy_quote_volume,ignore
1709683200000,393.89241051,396.62836258,385.73922025,391.16696625,0,1709697599999,0,14400,0,0,0
1709697600000,391.16696625,411.60462135,391.16696625,410.53413030,0,1709711999999,0,14400,0,0,0
1709712000000,410.60969840,434.44366914,407.57386827,426.25216907,0,1709726399999,0,14400,0,0,0
1709726400000,426.21305726,428.96383825,413.66545869,419.81985996,0,1709740799999,0,14400,0,0,0
1709740800000,419.83354125,425.44962819,419.22984864,424.46845811,0,1709755199999,0,14400,0,0,0
1709755200000,424.46846678,429.91745707,424.21512035,429.28994593,0,1709769599999,0,14400,0,0,0
