open_time,open,high,low,close,volume,close_time,quote_volume,count,taker_buy_volume,taker_buy_quote_volume,ignore
1754784000000,798.78478444,812.99992832,798.77938571,811.06180062,0,1754798399999,0,14400,0,0,0
1754798400000,811.08333302,815.41554670,798.53365079,799.29176413,0,1754812799999,0,14400,0,0,0
1754812800000,799.29176413,804.61648305,793.81814314,798.97556857,0,1754827199999,0,14400,0,0,0
1754827200000,798.97509333,803.67266032,795.92131079,801.99985444,0,1754841599999,0,14400,0,0,0
1754841600000,801.99920262,804.62883622,800.46014775,802.91886813,0,1754855999999,0,14400,0,0,0
1754856000000,802.91124365,806.99343102,799.24351221,806.99343102,0,1754870399999,0,14400,0,0,0
