open_time,open,high,low,close,volume,close_time,quote_volume,count,taker_buy_volume,taker_buy_quote_volume,ignore
1699056000000,230.21573490,231.31238465,229.30968408,231.14697753,0,1699070399999,0,14400,0,0,0
1699070400000,231.14697753,232.08833986,229.79520966,231.77174947,0,1699084799999,0,14400,0,0,0
1699084800000,231.81836424,236.55213368,231.39537291,234.36029241,0,1699099199999,0,14400,0,0,0
1699099200000,234.36029241,236.45500519,233.91026975,234.77984013,0,1699113599999,0,14400,0,0,0
1699113600000,234.77007269,237.21602144,234.39651575,236.09096878,0,1699127999999,0,14400,0,0,0
1699128000000,236.09096878,238.58571369,235.72161496,237.13603890,0,1699142399999,0,14400,0,0,0
