open_time,open,high,low,close,volume,close_time,quote_volume,count,taker_buy_volume,taker_buy_quote_volume,ignore
1754697600000,793.45803419,795.96871714,793.13846114,793.84072163,0,1754701199999,0,3600,0,0,0
1754701200000,793.84072163,797.45100168,792.85700741,796.89503346,0,1754704799999,0,3600,0,0,0
1754704800000,796.89503346,797.26298527,795.48438986,796.07812054,0,1754708399999,0,3600,0,0,0
1754708400000,796.06287168,797.40125737,794.77798990,797.07643903,0,1754711999999,0,3600,0,0,0
1754712000000,797.08024327,801.15965292,796.78272914,801.15589146,0,1754715599999,0,3600,0,0,0
1754715600000,801.16019051,809.97777460,800.85206740,809.04398062,0,1754719199999,0,3600,0,0,0
1754719200000,809.04588338,809.20681176,804.08358889,804.90169079,0,1754722799999,0,3600,0,0,0
1754722800000,804.90311460,809.41894949,804.17415216,809.41894949,0,1754726399999,0,3600,0,0,0
1754726400000,809.42434832,809.61572127,806.01864083,807.85822060,0,1754729999999,0,3600,0,0,0
1754730000000,807.85187140,813.64618413,807.46716349,813.52163746,0,1754733599999,0,3600,0,0,0
1754733600000,813.52798667,819.08094446,813.33610476,816.16691013,0,1754737199999,0,3600,0,0,0
1754737200000,816.17135819,816.37079679,811.36005429,811.61538337,0,1754740799999,0,3600,0,0,0
1754740800000,811.59576624,814.96221333,811.24548629,814.75471662,0,1754744399999,0,3600,0,0,0
1754744400000,814.76154111,815.47600232,807.26230276,807.29453714,0,1754747999999,0,3600,0,0,0
1754748000000,807.29183783,809.63265390,805.14252121,809.01250217,0,1754751599999,0,3600,0,0,0
1754751600000,809.01736762,809.98042083,804.97824381,806.45316889,0,1754755199999,0,3600,0,0,0
1754755200000,806.45729587,808.02163905,802.98868286,803.71859527,0,1754758799999,0,3600,0,0,0
1754758800000,803.72243113,806.14436730,803.57985895,804.66089081,0,1754762399999,0,3600,0,0,0
1754762400000,804.66533925,806.51107476,803.51926378,806.25726749,0,1754765999999,0,3600,0,0,0
1754766000000,806.25726749,808.76005619,804.21915303,804.69211479,0,1754769599999,0,3600,0,0,0
1754769600000,804.69211479,807.33224730,803.38401768,807.14206738,0,1754773199999,0,3600,0,0,0
1754773200000,807.14578167,807.55184590,800.43448141,802.41258216,0,1754776799999,0,3600,0,0,0
1754776800000,802.42744454,805.01907524,798.28221384,798.40836314,0,1754780399999,0,3600,0,0,0
1754780400000,798.41153775,799.56143460,797.91644770,798.77526063,0,1754783999999,0,3600,0,0,0
