open_time,open,high,low,close,volume,close_time,quote_volume,count,taker_buy_volume,taker_buy_quote_volume,ignore
1690934400000,247.68107418,248.71244769,247.00477983,247.06859358,0,1690937999999,0,3600,0,0,0
1690938000000,247.06694523,247.86678039,246.83970094,246.98368742,0,1690941599999,0,3600,0,0,0
1690941600000,246.98750711,247.04690181,246.62472223,246.74576696,0,1690945199999,0,3600,0,0,0
1690945200000,246.74576696,246.75423541,245.43667577,245.74229749,0,1690948799999,0,3600,0,0,0
1690948800000,245.74229749,246.11952511,245.39111230,245.61902145,0,1690952399999,0,3600,0,0,0
1690952400000,245.66463693,245.70381111,244.94807571,245.34805845,0,1690955999999,0,3600,0,0,0
1690956000000,245.35234234,245.37765402,244.50359134,244.58973378,0,1690959599999,0,3600,0,0,0
1690959600000,244.63043863,245.34530341,244.42957380,244.60560684,0,1690963199999,0,3600,0,0,0
1690963200000,244.60559661,245.23901524,244.39417394,245.12337680,0,1690966799999,0,3600,0,0,0
1690966800000,245.12337680,245.44420729,244.59856541,244.74020792,0,1690970399999,0,3600,0,0,0
1690970400000,244.74020792,245.32931245,244.60019279,245.29028391,0,1690973999999,0,3600,0,0,0
1690974000000,245.33423996,245.90684229,245.27812924,245.90047310,0,1690977599999,0,3600,0,0,0
1690977600000,245.90047310,246.14873685,245.10451406,245.28634422,0,1690981199999,0,3600,0,0,0
1690981200000,245.32755043,245.40033226,244.79957767,245.00947262,0,1690984799999,0,3600,0,0,0
1690984800000,245.00790338,245.15026491,243.69221490,243.91399796,0,1690988399999,0,3600,0,0,0
1690988400000,243.91223957,244.13219024,242.28809445,243.22609847,0,1690991999999,0,3600,0,0,0
1690992000000,243.18016440,243.80863490,235.91239388,237.78064446,0,1690995599999,0,3600,0,0,0
1690995600000,237.72472738,241.39921865,236.97083125,241.16951887,0,1690999199999,0,3600,0,0,0
1690999200000,241.16950796,241.42222651,240.31131812,240.60380149,0,1691002799999,0,3600,0,0,0
1691002800000,240.65086031,241.56949900,240.42872807,241.45499149,0,1691006399999,0,3600,0,0,0
1691006400000,241.45499149,242.02056562,241.09971813,241.70286379,0,1691009999999,0,3600,0,0,0
1691010000000,241.70287550,242.02991440,240.74531147,241.94604498,0,1691013599999,0,3600,0,0,0
1691013600000,241.94603404,242.17119099,241.16691509,241.25715165,0,1691017199999,0,3600,0,0,0
1691017200000,241.25609899,241.25989382,240.38291333,240.64194459,0,1691020799999,0,3600,0,0,0
