open_time,open,high,low,close,volume,close_time,quote_volume,count,taker_buy_volume,taker_buy_quote_volume,ignore
1688688000000,232.20613424,234.43779627,231.26998389,234.21481348,0,1688702399999,0,14400,0,0,0
1688702400000,234.21475386,235.11670772,232.54159513,233.12844970,0,1688716799999,0,14400,0,0,0
1688716800000,233.16921410,234.25615392,232.53126776,233.32975658,0,1688731199999,0,14400,0,0,0
1688731200000,233.32975658,236.15656915,232.72099746,235.67553549,0,1688745599999,0,14400,0,0,0
1688745600000,235.63157945,236.04334973,233.84815186,235.25707709,0,1688759999999,0,14400,0,0,0
1688760000000,235.25707709,235.93245491,234.61984617,235.59729022,0,1688774399999,0,14400,0,0,0
