open_time,open,high,low,close,volume,close_time,quote_volume,count,taker_buy_volume,taker_buy_quote_volume,ignore
1744156800000,553.74211565,554.76003968,534.42225120,542.87514613,0,1744171199999,0,14400,0,0,0
1744171200000,542.84746613,557.77832960,541.75147260,556.69004173,0,1744185599999,0,14400,0,0,0
1744185600000,556.67981233,559.51626667,549.05135125,550.44406893,0,1744199999999,0,14400,0,0,0
1744200000000,550.44186433,563.62823493,549.04527891,561.24849499,0,1744214399999,0,14399,0,0,0
1744214400000,561.25382832,585.88566091,560.97490843,579.74555893,0,1744228799999,0,14400,0,0,0
1744228800000,579.71529551,584.76941360,579.27686125,582.41017613,0,1744243199999,0,14400,0,0,0
