open_time,open,high,low,close,volume,close_time,quote_volume,count,taker_buy_volume,taker_buy_quote_volume,ignore
1763596800000,897.82607145,915.63992575,893.89328312,910.06742605,0,1763611199999,0,14400,0,0,0
1763611200000,910.06757747,914.55453866,899.63401874,907.89467359,0,1763625599999,0,14400,0,0,0
1763625600000,907.89467359,908.88098562,897.16511853,902.44543616,0,1763639999999,0,14400,0,0,0
1763640000000,902.41803890,907.85438405,889.20358753,890.22350521,0,1763654399999,0,14400,0,0,0
1763654400000,890.23361507,890.60533918,868.36861852,880.53317627,0,1763668799999,0,14400,0,0,0
1763668800000,880.52319029,883.72066668,865.74453793,866.71543740,0,1763683199999,0,14400,0,0,0
