open_time,open,high,low,close,volume,close_time,quote_volume,count,taker_buy_volume,taker_buy_quote_volume,ignore
1707868800000,324.66644737,326.09993029,323.41530286,325.93875017,0,1707883199999,0,14400,0,0,0
1707883200000,325.93875017,328.17056989,325.06718587,327.97521609,0,1707897599999,0,14399,0,0,0
1707897600000,327.97522449,333.60872093,327.73589707,332.78835609,0,1707911999999,0,14400,0,0,0
1707912000000,332.74581113,334.36774666,330.36921672,332.48243404,0,1707926399999,0,14400,0,0,0
1707926400000,332.52729333,334.31562025,330.60920532,332.69055033,0,1707940799999,0,14400,0,0,0
1707940800000,332.68395314,334.35014808,332.41982086,333.77940140,0,1707955199999,0,14400,0,0,0
