open_time,open,high,low,close,volume,close_time,quote_volume,count,taker_buy_volume,taker_buy_quote_volume,ignore
1761696000000,1103.38741118,1108.36227605,1098.97370422,1104.56152970,0,1761710399999,0,14400,0,0,0
1761710400000,1104.56292877,1121.16380518,1103.81314740,1117.15579053,0,1761724799999,0,14400,0,0,0
1761724800000,1117.16126999,1119.72558011,1110.72153014,1113.66566804,0,1761739199999,0,14398,0,0,0
1761739200000,1113.66566804,1118.68442082,1096.91562637,1099.29439541,0,1761753599999,0,14400,0,0,0
1761753600000,1099.29308034,1114.15968462,1083.25225523,1107.11428562,0,1761767999999,0,14400,0,0,0
1761768000000,1107.16539075,1119.49944362,1103.45534125,1107.54729830,0,1761782399999,0,14400,0,0,0
