open_time,open,high,low,close,volume,close_time,quote_volume,count,taker_buy_volume,taker_buy_quote_volume,ignore
1752624000000,689.96725120,693.56070053,688.39401187,692.79865467,0,1752627599999,0,3600,0,0,0
1752627600000,692.79865467,692.79865467,689.91203253,690.41793200,0,1752631199999,0,3600,0,0,0
1752631200000,690.46513200,690.71074444,685.92625019,687.59453165,0,1752634799999,0,3600,0,0,0
1752634800000,687.56253165,688.61092613,686.70723792,687.84916463,0,1752638399999,0,3600,0,0,0
1752638400000,687.83009880,688.07299840,685.21111552,687.13892589,0,1752641999999,0,3600,0,0,0
1752642000000,687.13892589,689.64585049,687.07353653,689.07131323,0,1752645599999,0,3600,0,0,0
1752645600000,689.07131323,691.04546292,688.11736864,690.99306368,0,1752649199999,0,3600,0,0,0
1752649200000,690.99346292,693.76627712,690.05059757,692.04674187,0,1752652799999,0,3600,0,0,0
1752652800000,692.04674187,693.51517656,690.85350251,693.08989303,0,1752656399999,0,3600,0,0,0
1752656400000,693.09442636,695.44530211,692.88804384,694.97146784,0,1752659999999,0,3600,0,0,0
1752660000000,694.95667144,694.95667144,693.11058560,693.38051479,0,1752663599999,0,3600,0,0,0
1752663600000,693.38011555,694.71277412,691.90825165,694.32881760,0,1752667199999,0,3600,0,0,0
1752667200000,694.32921680,695.80853888,692.69447583,692.80958960,0,1752670799999,0,3600,0,0,0
1752670800000,692.80958960,693.95043413,690.93568987,692.75775127,0,1752674399999,0,3600,0,0,0
1752674400000,692.75775127,703.60864720,691.95244857,703.38171280,0,1752677999999,0,3600,0,0,0
1752678000000,703.37306601,706.29936603,696.68471280,700.23499120,0,1752681599999,0,3600,0,0,0
1752681600000,700.23658960,702.18999535,698.86856427,700.97896267,0,1752685199999,0,3378,0,0,0
1752685200000,701.01095947,706.13687456,700.03981360,705.86873812,0,1752688799999,0,3240,0,0,0
1752688800000,705.80178344,710.98530053,705.54590151,707.52593145,0,1752692399999,0,3600,0,0,0
1752692400000,707.55979644,709.38188187,704.93386373,706.80685680,0,1752695999999,0,3600,0,0,0
1752696000000,706.80725600,713.62896363,706.80725600,712.79336987,0,1752699599999,0,3600,0,0,0
1752699600000,712.79542823,715.51571867,711.19213627,712.52430436,0,1752703199999,0,3600,0,0,0
1752703200000,712.51342284,715.00623015,709.41299633,710.70215280,0,1752706799999,0,3600,0,0,0
1752706800000,710.71033449,711.43716585,706.43840643,708.54440240,0,1752710399999,0,3600,0,0,0
