open_time,open,high,low,close,volume,close_time,quote_volume,count,taker_buy_volume,taker_buy_quote_volume,ignore
1670716800000,288.13960958,290.89656748,287.63013062,290.59852476,0,1670731199999,0,14400,0,0,0
1670731200000,290.60246380,291.11324962,289.80019487,290.45836041,0,1670745599999,0,14400,0,0,0
1670745600000,290.44694740,290.51168743,289.68755894,290.27800973,0,1670759999999,0,14400,0,0,0
1670760000000,290.27800973,290.34694367,289.01526824,289.64889650,0,1670774399999,0,14400,0,0,0
1670774400000,289.64769819,291.21020407,289.05716808,289.96620109,0,1670788799999,0,14400,0,0,0
1670788800000,289.96775628,289.97700458,283.51823030,284.48904666,0,1670803199999,0,14400,0,0,0
