open_time,open,high,low,close,volume,close_time,quote_volume,count,taker_buy_volume,taker_buy_quote_volume,ignore
1783641600000,568.72011710,576.58208274,568.11348845,575.49539699,0,1783655999999,0,14400,0,0,0
1783656000000,575.49539699,578.15811233,573.92152438,574.22566575,0,1783670399999,0,14400,0,0,0
1783670400000,574.19278904,577.49388073,574.00185422,575.60523060,0,1783684799999,0,14400,0,0,0
1783684800000,575.60523060,576.91799247,569.75452060,573.74386997,0,1783699199999,0,14400,0,0,0
1783699200000,573.77425353,578.29424097,573.77425353,575.97174590,0,1783713599999,0,14400,0,0,0
1783713600000,576.00870481,576.95616003,574.73838123,575.44004685,0,1783727999999,0,14400,0,0,0
