open_time,open,high,low,close,volume,close_time,quote_volume,count,taker_buy_volume,taker_buy_quote_volume,ignore
1666224000000,271.98104069,272.78476451,269.04515457,270.66690958,0,1666238399999,0,14397,0,0,0
1666238400000,270.60753542,272.39109188,270.42549535,271.60181743,0,1666252799999,0,14398,0,0,0
1666252800000,271.59983960,272.99869807,271.32467442,272.80731205,0,1666267199999,0,14400,0,0,0
1666267200000,272.80164238,273.39932884,271.32172497,272.40093077,0,1666281599999,0,14400,0,0,0
1666281600000,272.39890830,272.46688767,268.10577688,269.11413372,0,1666295999999,0,14400,0,0,0
1666296000000,269.05833139,269.50087971,267.37544361,268.99359939,0,1666310399999,0,14400,0,0,0
