open_time,open,high,low,close,volume,close_time,quote_volume,count,taker_buy_volume,taker_buy_quote_volume,ignore
1689638400000,244.10039305,246.46582062,243.99550043,245.95329029,0,1689641999999,0,3600,0,0,0
1689642000000,245.95820475,246.55971808,245.72363630,246.39571100,0,1689645599999,0,3600,0,0,0
1689645600000,246.39571100,246.64847686,245.32690189,245.59123956,0,1689649199999,0,3600,0,0,0
1689649200000,245.63519560,246.05759253,244.31565227,244.46130728,0,1689652799999,0,3600,0,0,0
1689652800000,244.46129657,245.14478702,244.02258489,244.23881824,0,1689656399999,0,3600,0,0,0
1689656400000,244.23485730,244.40199896,243.51935930,243.65319967,0,1689659999999,0,3600,0,0,0
1689660000000,243.64594692,243.74202518,241.04098930,242.08089501,0,1689663599999,0,3600,0,0,0
1689663600000,242.12705800,243.68462752,240.54954426,241.25810828,0,1689667199999,0,3600,0,0,0
1689667200000,241.17466613,242.52330788,240.72734992,241.80705181,0,1689670799999,0,3600,0,0,0
1689670800000,241.84828892,242.51238845,240.57614967,241.10904130,0,1689674399999,0,3600,0,0,0
1689674400000,241.05774873,242.18432097,240.89185380,241.88245982,0,1689677999999,0,3600,0,0,0
1689678000000,241.88244919,242.03259711,239.58247352,239.63084292,0,1689681599999,0,3600,0,0,0
1689681600000,239.63478367,240.37164217,238.99444000,239.92145969,0,1689685199999,0,3600,0,0,0
1689685200000,239.92144907,239.97068819,238.49166775,239.38626432,0,1689688799999,0,3600,0,0,0
1689688800000,239.34231886,241.22054176,239.34231886,240.51767709,0,1689692399999,0,3600,0,0,0
1689692400000,240.51768769,240.53436009,239.75265624,240.17872495,0,1689695999999,0,3600,0,0,0
1689696000000,240.17872495,240.78855534,237.70436858,238.85676683,0,1689699599999,0,3600,0,0,0
1689699600000,238.84470498,239.57297675,238.37332232,239.43065434,0,1689703199999,0,3600,0,0,0
1689703200000,239.47559068,240.66791782,239.21707760,240.66791782,0,1689706799999,0,3600,0,0,0
1689706800000,240.66791782,241.18308792,239.67273648,240.11190845,0,1689710399999,0,3600,0,0,0
1689710400000,240.11651438,240.34480948,239.25582560,239.83158814,0,1689713999999,0,3600,0,0,0
1689714000000,239.82540257,240.38251828,239.25717290,240.17974922,0,1689717599999,0,3600,0,0,0
1689717600000,240.16919977,240.61545208,239.87288766,240.58220293,0,1689721199999,0,3600,0,0,0
1689721200000,240.58221357,240.68434015,239.55919104,240.26204390,0,1689724799999,0,3600,0,0,0
