open_time,open,high,low,close,volume,close_time,quote_volume,count,taker_buy_volume,taker_buy_quote_volume,ignore
1767484800000,878.61527071,883.26146545,878.48910805,880.98184203,0,1767488399999,0,3600,0,0,0
1767488400000,880.98184203,883.69672599,880.58482405,882.53821341,0,1767491999999,0,3600,0,0,0
1767492000000,882.53821341,882.55081566,880.18443523,880.71877742,0,1767495599999,0,3600,0,0,0
1767495600000,880.73521578,883.54308658,880.73521578,883.12328625,0,1767499199999,0,3600,0,0,0
1767499200000,883.13972460,890.80858514,882.88896159,888.85195334,0,1767502799999,0,3600,0,0,0
1767502800000,888.85195334,888.94663696,885.65274652,888.16362967,0,1767506399999,0,3600,0,0,0
1767506400000,888.16436940,889.61292052,884.17392488,884.73098044,0,1767509999999,0,3600,0,0,0
1767510000000,884.72892626,885.62790637,883.12492844,884.68249233,0,1767513599999,0,3600,0,0,0
1767513600000,884.68797178,886.58662581,882.72496488,885.99005944,0,1767517199999,0,3600,0,0,0
1767517200000,885.99005944,886.73169366,884.49868953,886.20780981,0,1767520799999,0,3600,0,0,0
1767520800000,886.20493425,887.37083003,885.75014762,887.20423618,0,1767524399999,0,3600,0,0,0
1767524400000,887.20971563,887.20971563,884.57004085,884.94474503,0,1767527999999,0,3600,0,0,0
1767528000000,884.94474503,887.87792690,883.96887485,887.11743721,0,1767531599999,0,3600,0,0,0
1767531600000,887.11743721,889.97118315,886.46380504,888.74283918,0,1767535199999,0,3600,0,0,0
1767535200000,888.74283918,888.74324989,884.87666168,886.96701051,0,1767538799999,0,3600,0,0,0
1767538800000,886.95057215,889.35743318,885.23492833,889.27979653,0,1767542399999,0,3600,0,0,0
1767542400000,889.27431708,897.58865021,889.25733308,897.34913005,0,1767545999999,0,3600,0,0,0
1767546000000,897.34707670,902.85698466,896.48579630,900.97936348,0,1767549599999,0,3600,0,0,0
1767549600000,900.97388403,900.99620429,894.88739814,895.18473616,0,1767553199999,0,3600,0,0,0
1767553200000,895.18473616,895.40272729,890.75303545,892.60688227,0,1767556799999,0,3600,0,0,0
1767556800000,892.60688227,897.70127751,892.59701926,896.22924303,0,1767560399999,0,3600,0,0,0
1767560400000,896.22924303,897.40646447,895.11224647,897.03834100,0,1767563999999,0,3600,0,0,0
1767564000000,897.04203005,897.52729012,892.67080260,893.66409068,0,1767567599999,0,3600,0,0,0
1767567600000,893.66409068,896.42240422,893.01498416,895.59350890,0,1767571199999,0,3600,0,0,0
