open_time,open,high,low,close,volume,close_time,quote_volume,count,taker_buy_volume,taker_buy_quote_volume,ignore
1755475200000,855.39910406,858.52107711,831.76003137,835.67873319,0,1755489599999,0,14400,0,0,0
1755489600000,835.67698416,839.59187879,825.05818984,830.16596279,0,1755503999999,0,14400,0,0,0
1755504000000,830.16342460,837.45007543,828.53062527,831.46412693,0,1755518399999,0,14400,0,0,0
1755518400000,831.46332885,842.38784637,830.57385611,841.84707753,0,1755532799999,0,14400,0,0,0
1755532800000,841.85041547,847.98251013,838.70121637,844.94412072,0,1755547199999,0,14400,0,0,0
1755547200000,844.94865581,855.72291069,842.73392625,846.99236259,0,1755561599999,0,14400,0,0,0
