open_time,open,high,low,close,volume,close_time,quote_volume,count,taker_buy_volume,taker_buy_quote_volume,ignore
1718841600000,599.27207222,603.08240031,595.58261260,598.14451830,0,1718855999999,0,14400,0,0,0
1718856000000,598.12111404,606.00359013,597.11963557,605.31296479,0,1718870399999,0,14400,0,0,0
1718870400000,605.31296479,607.91041553,601.38927864,602.97067204,0,1718884799999,0,14400,0,0,0
1718884800000,602.91214977,604.27896869,592.33105006,596.18359409,0,1718899199999,0,14400,0,0,0
1718899200000,596.10161615,597.11480077,591.31283504,593.04685957,0,1718913599999,0,14400,0,0,0
1718913600000,593.00430638,593.77530808,584.96247602,587.64729559,0,1718927999999,0,14400,0,0,0
