open_time,open,high,low,close,volume,close_time,quote_volume,count,taker_buy_volume,taker_buy_quote_volume,ignore
1760486400000,1208.31809340,1213.22743964,1200.20500055,1209.60645405,0,1760489999999,0,3600,0,0,0
1760490000000,1209.61206301,1211.80694578,1200.04520408,1206.80384041,0,1760493599999,0,3600,0,0,0
1760493600000,1206.70845759,1222.82996610,1206.46251575,1217.27836395,0,1760497199999,0,3600,0,0,0
1760497200000,1217.27836395,1219.07779521,1203.03213312,1206.61372962,0,1760500799999,0,3600,0,0,0
1760500800000,1206.61262945,1215.92527637,1203.31428836,1210.10259521,0,1760504399999,0,3600,0,0,0
1760504400000,1210.11383425,1213.91536267,1186.06143082,1192.38332351,0,1760507999999,0,3600,0,0,0
1760508000000,1192.56455540,1194.08676267,1177.07115660,1189.85022158,0,1760511599999,0,3600,0,0,0
1760511600000,1189.87257774,1191.20101884,1181.24990137,1190.14583918,0,1760515199999,0,3600,0,0,0
1760515200000,1190.02779332,1215.25482021,1188.18167184,1202.95607842,0,1760518799999,0,3600,0,0,0
1760518800000,1203.07142705,1203.07142705,1186.73477712,1188.33788014,0,1760522399999,0,3600,0,0,0
1760522400000,1188.33624041,1192.28999281,1180.75240452,1182.49814175,0,1760525999999,0,3600,0,0,0
1760526000000,1182.45868542,1187.42571671,1177.45902078,1185.18483059,0,1760529599999,0,3599,0,0,0
1760529600000,1185.18199715,1191.27185868,1178.09931742,1178.54756241,0,1760533199999,0,3600,0,0,0
1760533200000,1178.45797337,1184.71639912,1166.18588395,1176.45279611,0,1760536799999,0,3600,0,0,0
1760536800000,1176.41826636,1187.22874088,1165.86802942,1171.52788238,0,1760540399999,0,3600,0,0,0
1760540400000,1171.51953456,1176.13421523,1164.90185786,1168.83247414,0,1760543999999,0,3600,0,0,0
1760544000000,1168.81274616,1187.96010066,1158.75637123,1181.55040082,0,1760547599999,0,3600,0,0,0
1760547600000,1181.50109726,1181.92996362,1156.40782225,1167.31779973,0,1760551199999,0,3600,0,0,0
1760551200000,1167.35216495,1173.27145386,1162.01517326,1171.83744926,0,1760554799999,0,3600,0,0,0
1760554800000,1171.83785911,1171.93905793,1163.02469079,1164.45220558,0,1760558399999,0,3600,0,0,0
1760558400000,1164.44605784,1170.56775755,1151.75853356,1155.72525514,0,1760561999999,0,3600,0,0,0
1760562000000,1155.75194795,1161.92472289,1149.09300742,1153.20357122,0,1760565599999,0,3600,0,0,0
1760565600000,1153.20824526,1165.44648151,1151.72395240,1154.20510197,0,1760569199999,0,3600,0,0,0
1760569200000,1154.15578690,1165.38076768,1151.93563348,1162.59311458,0,1760572799999,0,3600,0,0,0
