open_time,open,high,low,close,volume,close_time,quote_volume,count,taker_buy_volume,taker_buy_quote_volume,ignore
1760400000000,1294.68599281,1318.08122066,1271.37148729,1278.19678607,0,1760414399999,0,14400,0,0,0
1760414400000,1278.21788196,1280.20590448,1180.29799860,1195.50772247,0,1760428799999,0,14400,0,0,0
1760428800000,1195.64438890,1212.80468277,1165.99530534,1170.13179527,0,1760443199999,0,14400,0,0,0
1760443200000,1170.20644389,1215.24270288,1143.45034712,1213.49269814,0,1760457599999,0,14400,0,0,0
1760457600000,1213.60193726,1249.68161425,1192.68126353,1206.46973008,0,1760471999999,0,14400,0,0,0
1760472000000,1206.53205330,1222.44823600,1203.69539544,1208.19836737,0,1760486399999,0,14400,0,0,0
