open_time,open,high,low,close,volume,close_time,quote_volume,count,taker_buy_volume,taker_buy_quote_volume,ignore
1705968000000,305.90104434,311.15728374,305.26325419,310.27692507,0,1705982399999,0,14400,0,0,0
1705982400000,310.23437188,311.50922832,307.19062879,308.26936088,0,1705996799999,0,14400,0,0,0
1705996800000,308.28948773,309.20771454,292.15082765,295.99957119,0,1706011199999,0,14400,0,0,0
1706011200000,295.99958092,298.61512637,290.55755875,296.71898958,0,1706025599999,0,14400,0,0,0
1706025600000,296.71897991,298.86478988,294.58002014,294.58002014,0,1706039999999,0,14400,0,0,0
1706040000000,294.60458263,298.90776324,293.02388314,298.76586818,0,1706054399999,0,14400,0,0,0
