open_time,open,high,low,close,volume,close_time,quote_volume,count,taker_buy_volume,taker_buy_quote_volume,ignore
1672963200000,256.66900910,258.00357020,256.15502507,257.87533498,0,1672966799999,0,3600,0,0,0
1672966800000,257.87931956,258.28887825,257.42747708,257.64242393,0,1672970399999,0,3600,0,0,0
1672970400000,257.64066721,258.59102254,256.96962922,258.40198640,0,1672973999999,0,3600,0,0,0
1672974000000,258.40180999,258.78163670,257.24047609,257.75206911,0,1672977599999,0,3600,0,0,0
1672977600000,257.75206911,258.08075785,256.84814759,257.53136677,0,1672981199999,0,3600,0,0,0
1672981200000,257.53287171,257.59422535,256.62044208,256.95548561,0,1672984799999,0,3600,0,0,0
1672984800000,256.95904866,256.96467145,255.37841403,255.68092028,0,1672988399999,0,3600,0,0,0
1672988400000,255.68245455,256.47310207,255.35663080,256.41204908,0,1672991999999,0,3600,0,0,0
1672992000000,256.41064765,257.31444055,256.31955085,256.89205275,0,1672995599999,0,3600,0,0,0
1672995600000,256.89171944,257.06831068,256.11719751,256.54319585,0,1672999199999,0,3600,0,0,0
1672999200000,256.54524936,256.77932445,255.86810017,256.09347547,0,1673002799999,0,3600,0,0,0
1673002800000,256.09353594,256.65876363,255.55650724,256.42709037,0,1673006399999,0,3600,0,0,0
1673006400000,256.42862713,256.48951954,254.45681399,255.72894900,0,1673009999999,0,3600,0,0,0
1673010000000,255.73377055,257.22792368,254.71172077,256.40867148,0,1673013599999,0,3600,0,0,0
1673013600000,256.34933529,257.06335261,255.83739933,256.45866563,0,1673017199999,0,3600,0,0,0
1673017200000,256.45917893,259.46473838,256.40092274,259.10951979,0,1673020799999,0,3600,0,0,0
1673020800000,259.10654319,260.27758722,258.08522357,258.90674475,0,1673024399999,0,3600,0,0,0
1673024400000,258.89854441,259.15312055,258.31222385,258.48889908,0,1673027999999,0,3600,0,0,0
1673028000000,258.48913702,259.85082198,258.43937261,258.80369333,0,1673031599999,0,3600,0,0,0
1673031600000,258.80788834,260.30424514,258.46085604,260.03115851,0,1673035199999,0,3600,0,0,0
1673035200000,260.03008318,260.50662402,258.62779635,258.79576263,0,1673038799999,0,3600,0,0,0
1673038800000,258.79525127,259.58496836,258.72988280,259.07082509,0,1673042399999,0,3600,0,0,0
1673042400000,259.07161898,259.85440633,259.01627397,259.76581372,0,1673045999999,0,3600,0,0,0
1673046000000,259.76510781,260.15553966,259.32287512,259.86605563,0,1673049599999,0,3600,0,0,0
