open_time,open,high,low,close,volume,close_time,quote_volume,count,taker_buy_volume,taker_buy_quote_volume,ignore
1729728000000,584.92466788,592.19372364,583.36416091,590.43370582,0,1729742399999,0,14400,0,0,0
1729742400000,590.42812462,594.45426652,589.55981071,590.68873061,0,1729756799999,0,14400,0,0,0
1729756800000,590.64327607,592.75397045,585.95717327,591.20824182,0,1729771199999,0,14400,0,0,0
1729771200000,591.21063773,593.74096779,589.62818695,592.43222119,0,1729785599999,0,14399,0,0,0
1729785600000,592.42058733,594.89151040,590.04160926,594.38168813,0,1729799999999,0,14400,0,0,0
1729800000000,594.42946208,598.00727420,593.09845632,594.50008473,0,1729814399999,0,14400,0,0,0
