open_time,open,high,low,close,volume,close_time,quote_volume,count,taker_buy_volume,taker_buy_quote_volume,ignore
1700179200000,242.68061107,245.84159358,242.43337489,244.55789750,0,1700193599999,0,14400,0,0,0
1700193600000,244.55844866,245.76803853,243.58071005,244.43325778,0,1700207999999,0,14400,0,0,0
1700208000000,244.43437328,245.82692842,242.59770277,244.24353899,0,1700222399999,0,14399,0,0,0
1700222400000,244.28970178,245.03772068,238.40952606,238.78580750,0,1700236799999,0,14399,0,0,0
1700236800000,238.84627261,244.34212796,238.60047646,243.26345170,0,1700251199999,0,14400,0,0,0
1700251200000,243.26345170,245.28559619,242.66662944,244.82363740,0,1700265599999,0,14400,0,0,0
