open_time,open,high,low,close,volume,close_time,quote_volume,count,taker_buy_volume,taker_buy_quote_volume,ignore
1717891200000,682.63478154,683.10816385,670.92700128,674.89176486,0,1717905599999,0,14399,0,0,0
1717905600000,674.89176486,681.43608427,672.20844717,679.83504562,0,1717919999999,0,14400,0,0,0
1717920000000,679.87759881,683.20897775,677.65670142,679.31857309,0,1717934399999,0,14400,0,0,0
1717934400000,679.31856059,684.65441277,676.84702625,676.87895357,0,1717948799999,0,14400,0,0,0
1717948800000,676.85404752,678.73875751,675.64079266,675.64713865,0,1717963199999,0,14400,0,0,0
1717963200000,675.68650035,675.88734667,670.33521965,673.04947746,0,1717977599999,0,14400,0,0,0
