open_time,open,high,low,close,volume,close_time,quote_volume,count,taker_buy_volume,taker_buy_quote_volume,ignore
1724457600000,591.56219510,592.27331469,578.37235831,578.78111454,0,1724471999999,0,14400,0,0,0
1724472000000,578.78111454,580.91801852,575.13536723,579.00696977,0,1724486399999,0,14400,0,0,0
1724486400000,579.05107296,583.38225759,577.83428774,578.43461354,0,1724500799999,0,14400,0,0,0
1724500800000,578.42779536,582.37159759,577.81374682,578.69556961,0,1724515199999,0,14400,0,0,0
1724515200000,578.73714818,589.52751357,578.35323903,589.26717836,0,1724529599999,0,14400,0,0,0
1724529600000,589.21967836,591.92322907,575.67767239,580.55025038,0,1724543999999,0,14400,0,0,0
