open_time,open,high,low,close,volume,close_time,quote_volume,count,taker_buy_volume,taker_buy_quote_volume,ignore
1759449600000,1090.26022970,1112.43944740,1084.37980477,1107.98130630,0,1759463999999,0,14400,0,0,0
1759464000000,1107.99226521,1112.64017356,1084.68437630,1086.26189655,0,1759478399999,0,14399,0,0,0
1759478400000,1086.26532573,1114.81530690,1084.00229808,1106.43885173,0,1759492799999,0,14400,0,0,0
1759492800000,1106.44707090,1167.96843125,1102.66446499,1164.60806707,0,1759507199999,0,14400,0,0,0
1759507200000,1164.69633715,1177.77762871,1132.96943421,1170.17991532,0,1759521599999,0,14400,0,0,0
1759521600000,1170.34554060,1192.25997001,1165.19994030,1189.46362059,0,1759535999999,0,14400,0,0,0
