open_time,open,high,low,close,volume,close_time,quote_volume,count,taker_buy_volume,taker_buy_quote_volume,ignore
1743033600000,617.97299349,626.75880769,617.28302975,626.63732437,0,1743047999999,0,14400,0,0,0
1743048000000,626.63772373,636.87239147,625.15242667,635.36393647,0,1743062399999,0,14398,0,0,0
1743062400000,635.36633287,642.46852620,632.54964779,632.81965200,0,1743076799999,0,14400,0,0,0
1743076800000,632.78631867,639.82327924,625.90937267,636.97661496,0,1743091199999,0,14400,0,0,0
1743091200000,636.97661496,641.46953608,635.27974843,639.68183568,0,1743105599999,0,14400,0,0,0
1743105600000,639.76047784,640.73323459,636.63333333,637.25604269,0,1743119999999,0,14400,0,0,0
