open_time,open,high,low,close,volume,close_time,quote_volume,count,taker_buy_volume,taker_buy_quote_volume,ignore
1675987200000,306.18779762,307.88280043,305.12507138,306.67944745,0,1676001599999,0,14400,0,0,0
1676001600000,306.67912508,307.96317046,302.54503807,307.78453901,0,1676015999999,0,14398,0,0,0
1676016000000,307.78333354,309.13937430,305.60426862,306.43363437,0,1676030399999,0,14398,0,0,0
1676030400000,306.43113554,308.33516292,304.13219458,305.98595765,0,1676044799999,0,14400,0,0,0
1676044800000,305.97445188,308.71751038,304.94309025,308.58347949,0,1676059199999,0,14400,0,0,0
1676059200000,308.57708428,308.75626582,304.55079724,305.81363272,0,1676073599999,0,14400,0,0,0
