open_time,open,high,low,close,volume,close_time,quote_volume,count,taker_buy_volume,taker_buy_quote_volume,ignore
1609459200000,37.35440352,38.09576690,36.97841114,37.90612323,0,1609473599999,0,14400,0,0,0
1609473600000,37.91699066,38.06877514,37.38911190,37.68215211,0,1609487999999,0,14400,0,0,0
1609488000000,37.68071461,38.94855582,37.35778876,38.38895671,0,1609502399999,0,14400,0,0,0
1609502400000,38.38970917,38.87502369,37.89538725,38.13298373,0,1609516799999,0,14400,0,0,0
1609516800000,38.13281472,38.32247429,36.98678582,37.44166556,0,1609531199999,0,14400,0,0,0
1609531200000,37.42501236,37.95060464,37.10774709,37.75607551,0,1609545599999,0,14400,0,0,0
