open_time,open,high,low,close,volume,close_time,quote_volume,count,taker_buy_volume,taker_buy_quote_volume,ignore
1689033600000,246.08003740,247.87321107,244.63522041,246.73114699,0,1689047999999,0,14400,0,0,0
1689048000000,246.72454290,247.70038195,245.79686820,247.14663289,0,1689062399999,0,14400,0,0,0
1689062400000,247.10267685,248.60907777,245.40710998,245.69423712,0,1689076799999,0,14400,0,0,0
1689076800000,245.65424712,247.61060151,245.30765708,247.35945191,0,1689091199999,0,14400,0,0,0
1689091200000,247.39813322,248.55418842,246.87401747,247.45669779,0,1689105599999,0,14400,0,0,0
1689105600000,247.45668636,249.45535187,247.11947796,248.57305051,0,1689119999999,0,14400,0,0,0
