open_time,open,high,low,close,volume,close_time,quote_volume,count,taker_buy_volume,taker_buy_quote_volume,ignore
1762214400000,993.61891112,1000.89547808,982.41066164,999.27082752,0,1762228799999,0,14400,0,0,0
1762228800000,999.27205756,1001.94177162,940.29102060,944.76551123,0,1762243199999,0,14400,0,0,0
1762243200000,944.73755419,963.18558879,939.95649852,958.24217382,0,1762257599999,0,14399,0,0,0
1762257600000,958.19861218,966.67471474,935.68098699,949.86977929,0,1762271999999,0,14399,0,0,0
1762272000000,949.85268340,953.19489304,908.56894418,919.58201937,0,1762286399999,0,14400,0,0,0
1762286400000,919.63104764,941.56677238,881.99638095,936.49135896,0,1762300799999,0,14400,0,0,0
