open_time,open,high,low,close,volume,close_time,quote_volume,count,taker_buy_volume,taker_buy_quote_volume,ignore
1684800000000,309.07324453,315.26717776,309.07196681,314.71803794,0,1684814399999,0,14400,0,0,0
1684814400000,314.71803794,315.28422030,312.68289957,313.50385361,0,1684828799999,0,14400,0,0,0
1684828800000,313.51628917,314.00087068,312.91913032,313.82031965,0,1684843199999,0,14400,0,0,0
1684843200000,313.86427569,314.59617798,312.64998255,314.41510771,0,1684857599999,0,14398,0,0,0
1684857600000,314.41510771,314.57940877,312.16149557,312.72597074,0,1684871999999,0,14400,0,0,0
1684872000000,312.72899384,313.71285672,312.64291951,313.46572609,0,1684886399999,0,14400,0,0,0
