open_time,open,high,low,close,volume,close_time,quote_volume,count,taker_buy_volume,taker_buy_quote_volume,ignore
1750377600000,644.62392183,645.57568960,643.65950403,644.83484533,0,1750391999999,0,14400,0,0,0
1750392000000,644.84017867,647.80776401,641.64454968,647.80015200,0,1750406399999,0,14400,0,0,0
1750406400000,647.80548693,649.72713592,646.51119615,647.38283973,0,1750420799999,0,14400,0,0,0
1750420800000,647.38283973,649.74897379,643.02052132,645.48597307,0,1750435199999,0,14400,0,0,0
1750435200000,645.48876747,645.58566460,638.17174629,642.76981013,0,1750449599999,0,14400,0,0,0
1750449600000,642.77020917,645.26081900,639.91073189,641.65609789,0,1750463999999,0,14400,0,0,0
