open_time,open,high,low,close,volume,close_time,quote_volume,count,taker_buy_volume,taker_buy_quote_volume,ignore
1710892800000,507.68823694,522.47640778,505.87687712,512.26783688,0,1710907199999,0,14400,0,0,0
1710907200000,512.15438256,533.75607562,500.15663258,532.10329439,0,1710921599999,0,14400,0,0,0
1710921600000,532.10329439,535.87598617,522.24483618,533.52747879,0,1710935999999,0,14400,0,0,0
1710936000000,533.52747879,539.44974318,515.80678420,516.53254339,0,1710950399999,0,14400,0,0,0
1710950400000,516.49000056,542.42668437,504.92166065,540.70658196,0,1710964799999,0,14400,0,0,0
1710964800000,540.76231774,559.01415750,539.77836454,556.75356876,0,1710979199999,0,14400,0,0,0
