open_time,open,high,low,close,volume,close_time,quote_volume,count,taker_buy_volume,taker_buy_quote_volume,ignore
1755993600000,880.39439904,886.42940021,880.31134293,885.55186800,0,1755997199999,0,3600,0,0,0
1755997200000,885.55186800,885.55186800,880.98188907,882.19114709,0,1756000799999,0,3600,0,0,0
1756000800000,882.20320833,883.45518000,876.61775723,877.07618443,0,1756004399999,0,3600,0,0,0
1756004400000,877.07618443,879.37159717,874.55063296,878.62182709,0,1756007999999,0,3600,0,0,0
1756008000000,878.64169472,882.15618155,878.64169472,880.75673013,0,1756011599999,0,3600,0,0,0
1756011600000,880.75673013,881.02214805,875.90803701,877.94265995,0,1756015199999,0,3600,0,0,0
1756015200000,877.94265995,877.94345803,870.74277024,871.29871552,0,1756018799999,0,3600,0,0,0
1756018800000,871.22952800,874.53506039,870.32990197,870.33536192,0,1756022399999,0,3600,0,0,0
1756022400000,870.33376576,872.01689683,867.93651300,869.45075300,0,1756025999999,0,3600,0,0,0
1756026000000,869.45743200,871.22489547,868.11362261,868.69546795,0,1756029599999,0,3600,0,0,0
1756029600000,868.69546795,868.70570411,861.90724633,862.41456331,0,1756033199999,0,3600,0,0,0
1756033200000,862.41576043,863.78756789,860.50953131,861.48928011,0,1756036799999,0,3600,0,0,0
1756036800000,861.48967915,862.27434133,859.93996500,861.18318900,0,1756040399999,0,3600,0,0,0
1756040400000,861.14640100,865.45825233,860.96932811,863.09648533,0,1756043999999,0,3600,0,0,0
1756044000000,863.08048533,868.44806573,861.32053700,868.35111301,0,1756047599999,0,3600,0,0,0
1756047600000,868.33511301,872.28345067,865.55409131,867.37819120,0,1756051199999,0,3600,0,0,0
1756051200000,867.38473493,869.08622300,865.99980243,867.36304200,0,1756054799999,0,3600,0,0,0
1756054800000,867.36957233,875.90160629,867.36864800,873.99578677,0,1756058399999,0,3600,0,0,0
1756058400000,873.99738293,883.14253600,872.44822300,879.70425387,0,1756061999999,0,3600,0,0,0
1756062000000,879.70778107,881.55048535,860.26620437,869.46495776,0,1756065599999,0,3600,0,0,0
1756065600000,869.45922539,872.05172821,860.61227989,868.99635541,0,1756069199999,0,3600,0,0,0
1756069200000,868.99251349,878.64036687,866.56616400,875.95567669,0,1756072799999,0,3600,0,0,0
1756072800000,875.94715104,878.58869845,872.01661729,877.59755680,0,1756076399999,0,3600,0,0,0
1756076400000,877.59875404,880.13044875,875.52700661,876.53001333,0,1756079999999,0,3600,0,0,0
