open_time,open,high,low,close,volume,close_time,quote_volume,count,taker_buy_volume,taker_buy_quote_volume,ignore
1722038400000,580.94447078,585.20181585,577.74807149,583.28010987,0,1722052799999,0,14400,0,0,0
1722052800000,583.28010987,587.98633777,582.49481442,587.08035166,0,1722067199999,0,14400,0,0,0
1722067200000,587.07229000,588.98920902,585.85552158,587.08190561,0,1722081599999,0,14400,0,0,0
1722081600000,587.13147587,592.87256355,582.52610819,585.66076327,0,1722095999999,0,14400,0,0,0
1722096000000,585.65198553,586.56296162,581.07917259,584.63469519,0,1722110399999,0,14400,0,0,0
1722110400000,584.61767391,585.65445319,573.16938757,581.55123691,0,1722124799999,0,14400,0,0,0
