open_time,open,high,low,close,volume,close_time,quote_volume,count,taker_buy_volume,taker_buy_quote_volume,ignore
1760486400000,1208.31809340,1222.82996610,1200.04520408,1206.61372962,0,1760500799999,0,14400,0,0,0
1760500800000,1206.61262945,1215.92527637,1177.07115660,1190.14583918,0,1760515199999,0,14400,0,0,0
1760515200000,1190.02779332,1215.25482021,1177.45902078,1185.18483059,0,1760529599999,0,14399,0,0,0
1760529600000,1185.18199715,1191.27185868,1164.90185786,1168.83247414,0,1760543999999,0,14400,0,0,0
1760544000000,1168.81274616,1187.96010066,1156.40782225,1164.45220558,0,1760558399999,0,14400,0,0,0
1760558400000,1164.44605784,1170.56775755,1149.09300742,1162.59311458,0,1760572799999,0,14400,0,0,0
