open_time,open,high,low,close,volume,close_time,quote_volume,count,taker_buy_volume,taker_buy_quote_volume,ignore
1777248000000,635.74528996,639.80924267,633.89863014,638.32971068,0,1777262399999,0,14400,0,0,0
1777262400000,638.32971068,638.61627801,625.14087562,625.82858252,0,1777276799999,0,14400,0,0,0
1777276800000,625.82858252,628.89128568,625.46786082,627.36349325,0,1777291199999,0,14400,0,0,0
1777291200000,627.36897270,628.56031003,618.54687307,620.88183759,0,1777305599999,0,14400,0,0,0
1777305600000,620.88348142,623.99342532,620.47935740,623.49320015,0,1777319999999,0,14400,0,0,0
1777320000000,623.49320015,627.31254063,623.15224684,626.86947199,0,1777334399999,0,14400,0,0,0
