open_time,open,high,low,close,volume,close_time,quote_volume,count,taker_buy_volume,taker_buy_quote_volume,ignore
1761350400000,1109.20604863,1118.16697836,1101.11736321,1116.98233364,0,1761364799999,0,14400,0,0,0
1761364800000,1117.01584321,1119.08307430,1110.89945055,1112.70807275,0,1761379199999,0,14400,0,0,0
1761379200000,1112.70807275,1118.25555862,1110.02277655,1115.79836007,0,1761393599999,0,14400,0,0,0
1761393600000,1115.75970685,1117.62820300,1105.61940918,1108.67946164,0,1761407999999,0,14400,0,0,0
1761408000000,1108.67946164,1117.09943782,1107.78550501,1116.30316315,0,1761422399999,0,14400,0,0,0
1761422400000,1116.31138233,1121.02496463,1112.94490334,1116.60987666,0,1761436799999,0,14400,0,0,0
