open_time,open,high,low,close,volume,close_time,quote_volume,count,taker_buy_volume,taker_buy_quote_volume,ignore
1668902400000,272.62498396,273.62183850,271.86350512,273.13662588,0,1668916799999,0,14400,0,0,0
1668916800000,273.14047571,273.80269735,272.67562297,273.43451488,0,1668931199999,0,14400,0,0,0
1668931200000,273.43625295,273.58848841,266.43771257,267.46733256,0,1668945599999,0,14400,0,0,0
1668945600000,267.41722593,270.98645710,266.21130632,270.72235687,0,1668959999999,0,14400,0,0,0
1668960000000,270.71749813,271.07642708,268.49791685,269.62818605,0,1668974399999,0,14400,0,0,0
1668974400000,269.58010922,269.76530906,262.01416256,264.22323923,0,1668988799999,0,14400,0,0,0
