open_time,open,high,low,close,volume,close_time,quote_volume,count,taker_buy_volume,taker_buy_quote_volume,ignore
1728086400000,555.33610453,557.59586004,555.30619544,557.55517822,0,1728089999999,0,3600,0,0,0
1728090000000,557.59381459,557.92153255,555.63898352,556.53859505,0,1728093599999,0,3600,0,0,0
1728093600000,556.58404959,556.65925782,552.89735183,553.17977073,0,1728097199999,0,3600,0,0,0
1728097200000,553.12749800,554.30378491,551.76693585,553.53998516,0,1728100799999,0,3600,0,0,0
1728100800000,553.58542751,556.99637736,553.54601209,556.09158497,0,1728104399999,0,3600,0,0,0
1728104400000,556.09158497,558.69047386,556.04613042,558.43122047,0,1728107999999,0,3600,0,0,0
1728108000000,558.44283692,561.25951145,557.73371839,561.25268098,0,1728111599999,0,3600,0,0,0
1728111600000,561.27109007,564.67999660,560.20428110,561.80472798,0,1728115199999,0,3600,0,0,0
1728115200000,561.85700071,564.58657969,561.81836435,564.47640270,0,1728118799999,0,3600,0,0,0
1728118800000,564.43094815,565.08904439,562.86718809,562.94566070,0,1728122399999,0,3600,0,0,0
1728122400000,562.94564836,564.46676386,561.72748375,561.72749606,0,1728125999999,0,3600,0,0,0
1728126000000,561.72748375,562.69419974,561.06585618,561.43307364,0,1728129599999,0,3600,0,0,0
1728129600000,561.47851587,563.15956070,561.44235400,563.10387888,0,1728133199999,0,3600,0,0,0
1728133200000,563.14933342,563.30659723,560.43616954,560.85426191,0,1728136799999,0,3600,0,0,0
1728136800000,560.89971645,563.04342512,560.49262252,562.14548251,0,1728140399999,0,3600,0,0,0
1728140400000,562.14548251,564.76348727,561.15682731,564.32758065,0,1728143999999,0,3600,0,0,0
1728144000000,564.27532029,564.76847943,561.22464516,561.66612117,0,1728147599999,0,3600,0,0,0
1728147600000,561.71320640,564.05036409,561.48690318,563.40776602,0,1728151199999,0,3600,0,0,0
1728151200000,563.39929691,563.86970682,561.55266183,561.82755566,0,1728154799999,0,3600,0,0,0
1728154800000,561.83436145,562.68328318,559.41542500,560.67992996,0,1728158399999,0,3600,0,0,0
1728158400000,560.63516959,560.83885548,558.18458159,558.65540311,0,1728161999999,0,3600,0,0,0
1728162000000,558.65540311,562.09486364,557.97886700,561.28601706,0,1728165599999,0,3600,0,0,0
1728165600000,561.28600469,564.00824268,561.12302239,563.94108313,0,1728169199999,0,3600,0,0,0
1728169200000,563.94790132,563.99131041,562.35379742,562.94393755,0,1728172799999,0,3600,0,0,0
