open_time,open,high,low,close,volume,close_time,quote_volume,count,taker_buy_volume,taker_buy_quote_volume,ignore
1660608000000,319.48360601,322.30441336,314.84663595,318.26877921,0,1660622399999,0,14400,0,0,0
1660622400000,318.26922529,319.01681720,315.22452475,317.79728080,0,1660636799999,0,14400,0,0,0
1660636800000,317.73291014,318.91837919,316.53505818,317.37132449,0,1660651199999,0,14400,0,0,0
1660651200000,317.37035909,317.78639928,313.33867900,315.80594581,0,1660665599999,0,14400,0,0,0
1660665600000,315.80887601,316.51612213,312.24055782,315.53870905,0,1660679999999,0,14400,0,0,0
1660680000000,315.52693035,317.87083997,315.24108364,316.07646327,0,1660694399999,0,14400,0,0,0
