open_time,open,high,low,close,volume,close_time,quote_volume,count,taker_buy_volume,taker_buy_quote_volume,ignore
1648944000000,437.14729558,439.97203184,432.26781557,437.34181635,0,1648958399999,0,14400,0,0,0
1648958400000,437.34181635,444.42691414,437.08589405,444.10855664,0,1648972799999,0,14400,0,0,0
1648972800000,444.17900942,445.45755124,441.22224727,444.33323214,0,1648987199999,0,14400,0,0,0
1648987200000,444.26864855,449.79128874,443.49086574,447.43355284,0,1649001599999,0,14400,0,0,0
1649001600000,447.44021748,448.89505647,445.91080594,448.11227572,0,1649015999999,0,14400,0,0,0
1649016000000,448.11219743,455.60502397,447.00319928,450.35366477,0,1649030399999,0,14400,0,0,0
