open_time,open,high,low,close,volume,close_time,quote_volume,count,taker_buy_volume,taker_buy_quote_volume,ignore
1751673600000,653.60129333,656.08658981,652.87183581,655.98532425,0,1751687999999,0,14400,0,0,0
1751688000000,655.98532425,656.73952016,654.34016663,654.47987200,0,1751702399999,0,14400,0,0,0
1751702400000,654.47987200,655.94500301,653.94826619,655.39674405,0,1751716799999,0,14400,0,0,0
1751716800000,655.39674405,655.60650312,654.17952112,654.35529765,0,1751731199999,0,14400,0,0,0
1751731200000,654.35529765,654.83259139,652.05552765,654.11895160,0,1751745599999,0,14400,0,0,0
1751745600000,654.11975160,656.42325567,653.84880481,656.15590995,0,1751759999999,0,14400,0,0,0
