open_time,open,high,low,close,volume,close_time,quote_volume,count,taker_buy_volume,taker_buy_quote_volume,ignore
1752192000000,685.75509528,691.38251952,683.79279257,689.51700369,0,1752206399999,0,14400,0,0,0
1752206400000,689.47474179,694.97045451,684.66920037,684.86973605,0,1752220799999,0,14400,0,0,0
1752220800000,684.87653833,690.76358933,684.65516368,688.31109067,0,1752235199999,0,14400,0,0,0
1752235200000,688.25670187,694.24600040,686.25071813,687.24131200,0,1752249599999,0,14400,0,0,0
1752249600000,687.20064133,697.22792429,686.12441363,693.95441973,0,1752263999999,0,14400,0,0,0
1752264000000,693.95480597,694.14698352,682.80496587,689.95989920,0,1752278399999,0,14400,0,0,0
