open_time,open,high,low,close,volume,close_time,quote_volume,count,taker_buy_volume,taker_buy_quote_volume,ignore
1726790400000,566.93635426,571.46991403,559.12018964,571.39704545,0,1726804799999,0,14400,0,0,0
1726804800000,571.42865291,577.10005838,570.23163681,573.52882651,0,1726819199999,0,14400,0,0,0
1726819200000,573.57429337,573.75581180,566.68283055,570.00554407,0,1726833599999,0,14400,0,0,0
1726833600000,569.99871364,573.61758628,564.58089721,569.78914740,0,1726847999999,0,14400,0,0,0
1726848000000,569.84369467,570.71555132,564.20000552,566.71567400,0,1726862399999,0,14400,0,0,0
1726862400000,566.76251875,569.88105718,566.11623551,569.01195134,0,1726876799999,0,14400,0,0,0
