open_time,open,high,low,close,volume,close_time,quote_volume,count,taker_buy_volume,taker_buy_quote_volume,ignore
1718928000000,587.64730716,587.64796205,583.38479302,584.87549469,0,1718931599999,0,3600,0,0,0
1718931600000,584.88188919,589.15133012,584.55732426,587.54327271,0,1718935199999,0,3600,0,0,0
1718935200000,587.54327271,589.28796371,586.24130239,586.77978928,0,1718938799999,0,3600,0,0,0
1718938800000,586.73722452,587.61935784,585.36159065,586.38744259,0,1718942399999,0,3600,0,0,0
1718942400000,586.41935749,587.66425517,584.82319798,587.49491692,0,1718945999999,0,3600,0,0,0
1718946000000,587.41832117,587.70763914,585.22495838,587.48562095,0,1718949599999,0,3600,0,0,0
1718949600000,587.41754744,587.45193344,585.28421546,586.19248137,0,1718953199999,0,3600,0,0,0
1718953200000,586.19184308,587.24415232,582.39709347,583.54209532,0,1718956799999,0,3600,0,0,0
1718956800000,583.41689152,584.49464687,578.20226466,579.99895075,0,1718960399999,0,3600,0,0,0
1718960400000,580.00359307,586.81163825,579.75024808,586.22234872,0,1718963999999,0,3600,0,0,0
1718964000000,586.22300249,587.08667512,584.11546001,584.93078888,0,1718967599999,0,3600,0,0,0
1718967600000,584.93078888,587.26325145,584.67815563,586.04520851,0,1718971199999,0,3600,0,0,0
1718971200000,586.04520851,587.50741559,582.44116726,584.62129372,0,1718974799999,0,3600,0,0,0
1718974800000,584.66385860,584.66385860,577.77584477,580.06204010,0,1718978399999,0,3600,0,0,0
1718978400000,580.10156756,587.18443617,578.88175091,585.66427745,0,1718981999999,0,3600,0,0,0
1718982000000,585.66770067,586.99973649,580.85612452,583.05192566,0,1718985599999,0,3600,0,0,0
1718985600000,582.88660651,584.65650399,582.43821328,583.15334034,0,1718989199999,0,3600,0,0,0
1718989200000,583.11142545,584.69209326,579.69966638,582.23822410,0,1718992799999,0,3600,0,0,0
1718992800000,582.25300774,586.06830598,581.93972256,585.97814272,0,1718996399999,0,3600,0,0,0
1718996400000,585.92920655,586.34434451,584.50095461,586.12293566,0,1718999999999,0,3600,0,0,0
1719000000000,586.12256433,587.44582442,585.44975532,586.41900764,0,1719003599999,0,3600,0,0,0
1719003600000,586.42092254,587.09420835,584.93485413,587.08145409,0,1719007199999,0,3600,0,0,0
1719007200000,587.08783707,587.89546211,583.98272652,586.24963741,0,1719010799999,0,3600,0,0,0
1719010800000,586.24964907,586.85365396,585.85487165,586.18210943,0,1719014399999,0,3600,0,0,0
