open_time,open,high,low,close,volume,close_time,quote_volume,count,taker_buy_volume,taker_buy_quote_volume,ignore
1718323200000,599.76464340,603.42643801,594.70682721,600.87892315,0,1718337599999,0,14400,0,0,0
1718337600000,600.87893464,609.84944193,600.84957294,608.13284626,0,1718351999999,0,14400,0,0,0
1718352000000,608.13285786,611.02519725,606.64696636,610.83882224,0,1718366399999,0,14400,0,0,0
1718366400000,610.84520522,612.37278481,601.46194038,602.43225855,0,1718380799999,0,14400,0,0,0
1718380800000,602.43225855,603.20261655,590.16769008,596.17521260,0,1718395199999,0,14400,0,0,0
1718395200000,596.15486217,604.89354472,595.35549843,603.26901157,0,1718409599999,0,14400,0,0,0
