open_time,open,high,low,close,volume,close_time,quote_volume,count,taker_buy_volume,taker_buy_quote_volume,ignore
1775001600000,617.47851279,619.62145222,616.11340197,619.21510132,0,1775005199999,0,3600,0,0,0
1775005200000,619.21510132,619.49773121,615.42557425,615.52214089,0,1775008799999,0,3600,0,0,0
1775008800000,615.52783952,616.53416334,614.12825808,614.72467911,0,1775012399999,0,3600,0,0,0
1775012400000,614.72467911,617.17352400,614.71919966,616.67063637,0,1775015999999,0,3600,0,0,0
1775016000000,616.78488295,617.02212608,615.54602842,615.94450148,0,1775019599999,0,3600,0,0,0
1775019600000,615.94450148,618.98439655,615.01683527,617.43046795,0,1775023199999,0,3600,0,0,0
1775023200000,617.43046795,621.89261419,617.30512548,619.31622497,0,1775026799999,0,3600,0,0,0
1775026800000,619.31622497,621.04759753,616.25611315,616.40962000,0,1775030399999,0,3600,0,0,0
1775030400000,616.38060630,617.34035377,614.94454663,615.50894740,0,1775033999999,0,3600,0,0,0
1775034000000,615.50346795,616.09166353,614.01944125,615.66964205,0,1775037599999,0,3600,0,0,0
1775037600000,615.67512151,616.64077890,613.84113514,614.80046219,0,1775041199999,0,3600,0,0,0
1775041200000,614.79498274,615.79234137,614.17020714,615.40205449,0,1775044799999,0,3600,0,0,0
1775044800000,615.40753395,617.53943047,613.41108918,614.62482553,0,1775048399999,0,3600,0,0,0
1775048400000,614.66592142,616.57758932,610.05607923,610.89538049,0,1775051999999,0,3600,0,0,0
1775052000000,610.89538049,614.68350103,610.79296027,613.90697090,0,1775055599999,0,3600,0,0,0
1775055600000,613.90697090,615.22852438,612.17031556,614.89229185,0,1775059199999,0,3600,0,0,0
1775059200000,614.89311377,617.28000429,612.31185295,616.42224767,0,1775062799999,0,3600,0,0,0
1775062800000,616.42224767,619.45441577,613.87936103,614.13962679,0,1775066399999,0,3600,0,0,0
1775066400000,614.13962679,614.91447260,612.47436855,613.07463447,0,1775069999999,0,3600,0,0,0
1775070000000,613.08011392,614.67513297,612.68973125,613.71881395,0,1775073599999,0,3600,0,0,0
1775073600000,613.77580123,613.97253096,610.90556932,613.55050890,0,1775077199999,0,3600,0,0,0
1775077200000,613.55050890,615.97358555,613.49440395,614.51066197,0,1775080799999,0,3600,0,0,0
1775080800000,614.49723732,614.49723732,609.85257288,610.91864699,0,1775084399999,0,3600,0,0,0
1775084400000,610.91316753,611.53858501,609.98671842,610.83409925,0,1775087999999,0,3600,0,0,0
