open_time,open,high,low,close,volume,close_time,quote_volume,count,taker_buy_volume,taker_buy_quote_volume,ignore
1747958400000,686.52137568,691.31727016,683.93446627,688.02624716,0,1747972799999,0,14400,0,0,0
1747972800000,688.02185112,689.77135328,682.15953973,682.38005203,0,1747987199999,0,14400,0,0,0
1747987200000,682.38005203,687.23978045,670.32377784,671.82013653,0,1748001599999,0,14400,0,0,0
1748001600000,671.91332925,674.95584540,661.52530893,670.62597440,0,1748015999999,0,14400,0,0,0
1748016000000,670.64570901,671.09860613,665.26176059,665.58853987,0,1748030399999,0,14400,0,0,0
1748030400000,665.58814043,665.59483273,654.12307720,656.92268600,0,1748044799999,0,14400,0,0,0
