open_time,open,high,low,close,volume,close_time,quote_volume,count,taker_buy_volume,taker_buy_quote_volume,ignore
1675296000000,316.97367900,322.19116977,316.35841651,322.18797028,0,1675299599999,0,3600,0,0,0
1675299600000,322.13258147,322.20537474,319.76455758,320.07556324,0,1675303199999,0,3600,0,0,0
1675303200000,320.01601518,321.63031196,319.35093051,321.39433923,0,1675306799999,0,3600,0,0,0
1675306800000,321.39396630,327.71692700,321.24260095,327.55610383,0,1675310399999,0,3600,0,0,0
1675310400000,327.56375036,329.76528905,326.22574206,329.28265993,0,1675313999999,0,3598,0,0,0
1675314000000,329.28364365,332.22527309,329.28364365,331.19653638,0,1675317599999,0,3600,0,0,0
1675317600000,331.18653334,334.26269195,329.12271945,329.30058041,0,1675321199999,0,3600,0,0,0
1675321200000,329.29878335,330.25648000,326.84391402,328.58997138,0,1675324799999,0,3600,0,0,0
1675324800000,328.64833676,330.31291010,327.93539744,330.08756890,0,1675328399999,0,3600,0,0,0
1675328400000,330.13701423,330.58539922,329.18293582,330.13913525,0,1675331999999,0,3600,0,0,0
1675332000000,330.13931496,330.14048311,328.32347230,329.37763422,0,1675335599999,0,3599,0,0,0
1675335600000,329.32293308,330.58442646,329.32293308,329.97712941,0,1675339199999,0,3599,0,0,0
1675339200000,329.96558276,332.04812961,329.33347523,331.61896851,0,1675342799999,0,3600,0,0,0
1675342800000,331.61654607,331.74603056,327.48804524,327.79123328,0,1675346399999,0,3600,0,0,0
1675346400000,327.73496104,330.35993720,325.18169854,325.96114884,0,1675349999999,0,3600,0,0,0
1675350000000,325.92070185,329.22080541,325.04200723,328.25248166,0,1675353599999,0,3600,0,0,0
1675353600000,328.30816437,329.48018113,327.38224518,328.52811329,0,1675357199999,0,3600,0,0,0
1675357200000,328.58270905,330.25878331,328.41140576,329.83391061,0,1675360799999,0,3600,0,0,0
1675360800000,329.83044226,332.54758925,329.65695878,331.17277478,0,1675364399999,0,3600,0,0,0
1675364400000,331.11758783,331.37060616,327.38451124,328.09558961,0,1675367999999,0,3600,0,0,0
1675368000000,328.10057322,329.19016821,327.72410349,329.12867527,0,1675371599999,0,3600,0,0,0
1675371600000,329.20026740,330.71987184,322.57351383,322.75310719,0,1675375199999,0,3600,0,0,0
1675375200000,322.79264180,327.57550957,321.97233412,326.71504715,0,1675378799999,0,3600,0,0,0
1675378800000,326.70225632,327.55559944,322.62806456,323.43088825,0,1675382399999,0,3600,0,0,0
