open_time,open,high,low,close,volume,close_time,quote_volume,count,taker_buy_volume,taker_buy_quote_volume,ignore
1716163200000,574.64735821,577.31726715,570.80329386,575.98884117,0,1716177599999,0,14400,0,0,0
1716177600000,575.98884117,580.49993748,571.77020307,576.19035514,0,1716191999999,0,14400,0,0,0
1716192000000,576.19035514,577.40025348,572.01998325,572.93065021,0,1716206399999,0,14400,0,0,0
1716206400000,572.93065021,576.76235447,568.93619581,576.66927574,0,1716220799999,0,14400,0,0,0
1716220800000,576.66926483,590.47429570,575.42859466,589.38972168,0,1716235199999,0,14400,0,0,0
1716235200000,589.35263819,601.96265047,585.59086102,599.76270487,0,1716249599999,0,14400,0,0,0
