open_time,open,high,low,close,volume,close_time,quote_volume,count,taker_buy_volume,taker_buy_quote_volume,ignore
1707523200000,323.95216516,324.88601873,322.53791055,324.58682725,0,1707537599999,0,14400,0,0,0
1707537600000,324.62937169,325.22809802,323.14012509,323.36994174,0,1707551999999,0,14400,0,0,0
1707552000000,323.37116138,323.77974126,318.99223660,320.21489212,0,1707566399999,0,14400,0,0,0
1707566400000,320.18806053,321.88392093,319.82227804,321.12064772,0,1707580799999,0,14400,0,0,0
1707580800000,321.12065638,322.34915564,320.75320153,321.85373890,0,1707595199999,0,14400,0,0,0
1707595200000,321.89628345,323.81995660,321.76742481,322.97185824,0,1707609599999,0,14400,0,0,0
