open_time,open,high,low,close,volume,close_time,quote_volume,count,taker_buy_volume,taker_buy_quote_volume,ignore
1753228800000,786.76448347,804.74386172,785.22708227,797.17144001,0,1753243199999,0,14400,0,0,0
1753243200000,797.16984337,801.54502464,792.43596899,794.31091763,0,1753257599999,0,14400,0,0,0
1753257600000,794.39730923,808.63173889,788.29177131,808.51153347,0,1753271999999,0,14395,0,0,0
1753272000000,808.50086504,809.68985983,775.56819231,784.48232824,0,1753286399999,0,14400,0,0,0
1753286400000,784.48925981,784.48925981,761.08380033,770.83462717,0,1753300799999,0,14400,0,0,0
1753300800000,770.95339620,777.10393844,752.73264485,776.71620421,0,1753315199999,0,14400,0,0,0
