open_time,open,high,low,close,volume,close_time,quote_volume,count,taker_buy_volume,taker_buy_quote_volume,ignore
1748044800000,656.92268600,661.52180779,655.42463163,659.43578453,0,1748048399999,0,3600,0,0,0
1748048400000,659.44658153,663.60540820,659.42667261,660.33909941,0,1748051999999,0,3600,0,0,0
1748052000000,660.33909941,663.94413327,659.83099020,663.91932728,0,1748055599999,0,3600,0,0,0
1748055600000,663.93612728,666.40780229,663.11648480,664.50345648,0,1748059199999,0,3600,0,0,0
1748059200000,664.50079480,667.90942272,664.30493593,667.70663560,0,1748062799999,0,3600,0,0,0
1748062800000,667.70663560,669.09562051,666.60586460,668.21291647,0,1748066399999,0,3600,0,0,0
1748066400000,668.21291647,670.76663133,666.50384393,668.67501800,0,1748069999999,0,3600,0,0,0
1748070000000,668.69101800,671.51901283,667.78437987,668.22309208,0,1748073599999,0,3600,0,0,0
1748073600000,668.21695875,672.48917173,668.17057400,671.54882933,0,1748077199999,0,3600,0,0,0
1748077200000,671.54962813,673.55657579,670.64639913,671.39048173,0,1748080799999,0,3600,0,0,0
1748080800000,671.38434840,677.06611368,671.22804493,676.43388873,0,1748084399999,0,3600,0,0,0
1748084400000,676.41429533,676.69258493,673.76389253,674.65847913,0,1748087999999,0,3600,0,0,0
1748088000000,674.66198141,675.84194760,674.00259453,675.81572979,0,1748091599999,0,3600,0,0,0
1748091600000,675.81572979,675.99471309,671.64729216,672.01628787,0,1748095199999,0,3600,0,0,0
1748095200000,672.01628787,674.32442320,671.56312267,674.00825949,0,1748098799999,0,3600,0,0,0
1748098800000,674.00825949,674.38451211,672.16153251,674.09862000,0,1748102399999,0,3600,0,0,0
1748102400000,674.09328667,675.41604552,672.80346888,675.32583611,0,1748105999999,0,3600,0,0,0
1748106000000,675.32583611,676.48297787,673.95865507,675.70228760,0,1748109599999,0,3600,0,0,0
1748109600000,675.70228760,676.80822280,674.72571000,675.40611953,0,1748113199999,0,3600,0,0,0
1748113200000,675.40691953,676.79909664,675.07253513,676.67329667,0,1748116799999,0,3600,0,0,0
1748116800000,676.67329667,676.91268656,672.23979047,672.76771793,0,1748120399999,0,3600,0,0,0
1748120400000,672.76761509,673.23275315,669.86242287,671.63297973,0,1748123999999,0,3600,0,0,0
1748124000000,671.63297973,671.66086717,669.08758187,669.27837047,0,1748127599999,0,3600,0,0,0
1748127600000,669.28596747,669.41303113,666.24612860,668.02527453,0,1748131199999,0,3600,0,0,0
