open_time,open,high,low,close,volume,close_time,quote_volume,count,taker_buy_volume,taker_buy_quote_volume,ignore
1728432000000,580.74410708,582.90192888,573.10652278,576.34549719,0,1728446399999,0,14400,0,0,0
1728446400000,576.34549719,585.51276827,575.52390489,582.24225042,0,1728460799999,0,14400,0,0,0
1728460800000,582.23543224,585.62393765,581.41089382,583.10015455,0,1728475199999,0,14400,0,0,0
1728475200000,583.14560909,584.76435312,576.44790527,580.98763056,0,1728489599999,0,14400,0,0,0
1728489600000,581.03991600,581.80760882,571.16800320,571.85741455,0,1728503999999,0,14400,0,0,0
1728504000000,571.85741455,573.15257512,566.27022727,570.70698610,0,1728518399999,0,14400,0,0,0
