open_time,open,high,low,close,volume,close_time,quote_volume,count,taker_buy_volume,taker_buy_quote_volume,ignore
1674518400000,305.12368937,323.36816348,303.18256704,322.01484837,0,1674532799999,0,14400,0,0,0
1674532800000,322.02183597,322.53602466,317.73281456,318.16545759,0,1674547199999,0,14400,0,0,0
1674547200000,318.16137267,318.27178156,312.50426107,314.15031542,0,1674561599999,0,14400,0,0,0
1674561600000,314.14987759,316.28476138,311.26482177,316.03988425,0,1674575999999,0,14400,0,0,0
1674576000000,316.10228472,316.34814112,308.70857633,310.84001620,0,1674590399999,0,14400,0,0,0
1674590400000,310.84949436,311.01185007,299.32455960,300.28567008,0,1674604799999,0,14400,0,0,0
