open_time,open,high,low,close,volume,close_time,quote_volume,count,taker_buy_volume,taker_buy_quote_volume,ignore
1663545600000,266.22578106,269.66881793,260.94983066,261.85466134,0,1663559999999,0,14400,0,0,0
1663560000000,261.86058009,263.16767832,256.75409191,259.51753116,0,1663574399999,0,14400,0,0,0
1663574400000,259.51786848,262.63657005,257.64529213,261.97104397,0,1663588799999,0,14400,0,0,0
1663588800000,261.97092381,270.33831518,261.95585647,266.14442726,0,1663603199999,0,14400,0,0,0
1663603200000,266.14986321,269.62232835,264.42787483,268.85233635,0,1663617599999,0,14400,0,0,0
1663617600000,268.90156555,272.93593419,268.40512740,271.95578758,0,1663631999999,0,14400,0,0,0
