open_time,open,high,low,close,volume,close_time,quote_volume,count,taker_buy_volume,taker_buy_quote_volume,ignore
1731801600000,622.61726159,628.47092611,605.34905673,614.09684480,0,1731815999999,0,14400,0,0,0
1731816000000,614.09196675,647.39689835,612.54231121,638.59277450,0,1731830399999,0,14400,0,0,0
1731830400000,638.59277450,645.68041639,628.36605622,628.61056393,0,1731844799999,0,14400,0,0,0
1731844800000,628.61057407,634.35268914,622.10347270,624.91924038,0,1731859199999,0,14400,0,0,0
1731859200000,624.89484000,625.42648058,616.32835778,619.95845100,0,1731873599999,0,14400,0,0,0
1731873600000,619.97796319,621.59467997,611.67062904,618.78831415,0,1731887999999,0,14400,0,0,0
