open_time,open,high,low,close,volume,close_time,quote_volume,count,taker_buy_volume,taker_buy_quote_volume,ignore
1718409600000,603.26901157,605.99492928,601.38535288,605.58115787,0,1718423999999,0,14400,0,0,0
1718424000000,605.58188270,609.01551037,604.74218473,606.70230708,0,1718438399999,0,14400,0,0,0
1718438400000,606.70268209,608.77600014,606.12658638,608.75811608,0,1718452799999,0,14400,0,0,0
1718452800000,608.71876610,609.57636936,604.19353617,607.26639938,0,1718467199999,0,14400,0,0,0
1718467200000,607.26638769,608.06125281,605.18529806,606.88242341,0,1718481599999,0,14400,0,0,0
1718481600000,606.88242341,609.31652966,604.15961522,608.07474890,0,1718495999999,0,14400,0,0,0
