open_time,open,high,low,close,volume,close_time,quote_volume,count,taker_buy_volume,taker_buy_quote_volume,ignore
1776211200000,613.81594508,619.78829175,613.81594508,616.16345030,0,1776225599999,0,14400,0,0,0
1776225600000,616.16091584,617.22465260,610.80861834,611.57174477,0,1776239999999,0,14400,0,0,0
1776240000000,611.56626532,620.55238133,610.57810741,619.71868177,0,1776254399999,0,14400,0,0,0
1776254400000,619.71613337,620.40978492,616.07165129,619.06188175,0,1776268799999,0,14400,0,0,0
1776268800000,619.06188175,627.51867656,618.62038773,625.49764137,0,1776283199999,0,14400,0,0,0
1776283200000,625.49723070,626.72475322,621.42835342,622.56373863,0,1776297599999,0,14400,0,0,0
