open_time,open,high,low,close,volume,close_time,quote_volume,count,taker_buy_volume,taker_buy_quote_volume,ignore
1665187200000,282.30221038,282.67782121,280.61521995,280.99691763,0,1665201599999,0,14400,0,0,0
1665201600000,280.93756816,281.98477424,280.64333252,281.28697348,0,1665215999999,0,14400,0,0,0
1665216000000,281.28703550,281.59903759,280.43359142,281.57049191,0,1665230399999,0,14400,0,0,0
1665230400000,281.57164167,281.62378964,280.12391645,280.72915009,0,1665244799999,0,14400,0,0,0
1665244800000,280.72933805,282.21151835,280.51202952,280.61738642,0,1665259199999,0,14400,0,0,0
1665259200000,280.61719109,281.01404110,275.49787025,276.39514217,0,1665273599999,0,14400,0,0,0
