open_time,open,high,low,close,volume,close_time,quote_volume,count,taker_buy_volume,taker_buy_quote_volume,ignore
1737417600000,682.48710137,684.82698597,675.00918753,682.31887082,0,1737431999999,0,14400,0,0,0
1737432000000,682.31647600,683.61594829,677.57990473,682.40140849,0,1737446399999,0,14400,0,0,0
1737446400000,682.40140849,691.37681008,680.65248682,689.41574527,0,1737460799999,0,14400,0,0,0
1737460800000,689.41565123,691.94198364,683.19575134,687.33620989,0,1737475199999,0,14400,0,0,0
1737475200000,687.34826110,697.08650774,686.77813436,694.82326614,0,1737489599999,0,14400,0,0,0
1737489600000,694.82041096,695.60663925,689.77387708,692.19681640,0,1737503999999,0,14400,0,0,0
