open_time,open,high,low,close,volume,close_time,quote_volume,count,taker_buy_volume,taker_buy_quote_volume,ignore
1695168000000,217.16816506,217.77494856,216.20408158,216.43653047,0,1695182399999,0,14400,0,0,0
1695182400000,216.33965949,216.68988900,215.64591207,216.30180968,0,1695196799999,0,14400,0,0,0
1695196800000,216.30180968,217.01604911,214.86809997,215.85339459,0,1695211199999,0,14400,0,0,0
1695211200000,215.85339459,216.67557225,215.17243036,215.82314974,0,1695225599999,0,14400,0,0,0
1695225600000,215.82313927,216.74437414,213.53449875,214.32635663,0,1695239999999,0,14400,0,0,0
1695240000000,214.32919110,215.09311308,213.51813353,214.37840659,0,1695254399999,0,14400,0,0,0
