open_time,open,high,low,close,volume,close_time,quote_volume,count,taker_buy_volume,taker_buy_quote_volume,ignore
1665446400000,271.52764272,271.52764272,267.40650907,269.99175314,0,1665460799999,0,14400,0,0,0
1665460800000,270.05755220,271.48480914,269.33875341,271.08450323,0,1665475199999,0,14400,0,0,0
1665475200000,271.08601337,272.19381931,270.70443716,272.19141393,0,1665489599999,0,14399,0,0,0
1665489600000,272.19334175,273.91103742,269.77186569,273.10387249,0,1665503999999,0,14400,0,0,0
1665504000000,273.16500799,273.70739369,269.22360016,270.19775910,0,1665518399999,0,14400,0,0,0
1665518400000,270.19300851,271.47988863,269.93727318,271.32320763,0,1665532799999,0,14400,0,0,0
