open_time,open,high,low,close,volume,close_time,quote_volume,count,taker_buy_volume,taker_buy_quote_volume,ignore
1745625600000,599.94461989,606.44782032,599.40301419,602.21185835,0,1745639999999,0,14400,0,0,0
1745640000000,602.21820756,605.09169165,600.16421460,602.35368695,0,1745654399999,0,14400,0,0,0
1745654400000,602.36003616,606.09141975,600.83588887,602.24496313,0,1745668799999,0,14400,0,0,0
1745668800000,602.24496313,608.90724752,601.66952173,607.99514492,0,1745683199999,0,14400,0,0,0
1745683200000,608.00149413,609.24339771,606.80055779,608.14202476,0,1745697599999,0,14400,0,0,0
1745697600000,608.14249824,609.00013110,606.42734865,607.27890676,0,1745711999999,0,14400,0,0,0
