open_time,open,high,low,close,volume,close_time,quote_volume,count,taker_buy_volume,taker_buy_quote_volume,ignore
1758412800000,1043.88108733,1083.29163923,1039.55103967,1069.44084521,0,1758427199999,0,14400,0,0,0
1758427200000,1069.43372603,1080.85145479,1059.25412740,1073.82909829,0,1758441599999,0,14400,0,0,0
1758441600000,1073.82361884,1075.14193904,1050.67690301,1051.03294071,0,1758455999999,0,14400,0,0,0
1758456000000,1051.03891096,1057.45552192,1044.56153419,1056.23235240,0,1758470399999,0,14400,0,0,0
1758470400000,1056.29791918,1057.64793732,1040.14795308,1047.92994871,0,1758484799999,0,14400,0,0,0
1758484800000,1047.92748937,1053.94077638,1041.41601592,1047.97433723,0,1758499199999,0,14400,0,0,0
