open_time,open,high,low,close,volume,close_time,quote_volume,count,taker_buy_volume,taker_buy_quote_volume,ignore
1664928000000,296.22131251,296.36827498,294.26073342,294.81392660,0,1664942399999,0,14400,0,0,0
1664942400000,294.80841219,295.87765628,293.82563277,294.12527267,0,1664956799999,0,14400,0,0,0
1664956800000,294.06683397,294.26786141,290.84813540,291.95095464,0,1664971199999,0,14400,0,0,0
1664971200000,291.95342551,293.15848613,289.26059214,292.64192513,0,1664985599999,0,14399,0,0,0
1664985600000,292.64334142,294.91629875,292.59656216,293.22396307,0,1664999999999,0,14400,0,0,0
1665000000000,293.22116164,294.41106480,292.14760062,294.12972664,0,1665014399999,0,14400,0,0,0
