open_time,open,high,low,close,volume,close_time,quote_volume,count,taker_buy_volume,taker_buy_quote_volume,ignore
1749168000000,633.32107151,641.61399251,629.50019904,641.36370731,0,1749182399999,0,14400,0,0,0
1749182400000,641.36370731,642.49564909,635.08574240,641.41187231,0,1749196799999,0,14400,0,0,0
1749196800000,641.44787231,646.87420213,640.90096775,646.35087973,0,1749211199999,0,14400,0,0,0
1749211200000,646.34828905,651.10722064,645.65859457,647.72425617,0,1749225599999,0,14400,0,0,0
1749225600000,647.69758951,648.66103275,644.01898373,645.20562453,0,1749239999999,0,14400,0,0,0
1749240000000,645.19042293,646.62133733,641.24730580,642.71813573,0,1749254399999,0,14400,0,0,0
