open_time,open,high,low,close,volume,close_time,quote_volume,count,taker_buy_volume,taker_buy_quote_volume,ignore
1674172800000,294.58796975,296.41843164,293.33835105,294.68371311,0,1674187199999,0,14398,0,0,0
1674187200000,294.68383616,295.66055014,286.64556147,288.06122659,0,1674201599999,0,14398,0,0,0
1674201600000,288.06835896,288.74672964,287.13183204,287.13310939,0,1674215999999,0,14400,0,0,0
1674216000000,287.13561643,290.16590458,286.81642133,289.48822425,0,1674230399999,0,14400,0,0,0
1674230400000,289.54522861,294.64894167,289.05578456,294.41676743,0,1674244799999,0,14400,0,0,0
1674244800000,294.40334659,305.35930849,294.40334659,305.10005776,0,1674259199999,0,14400,0,0,0
