open_time,open,high,low,close,volume,close_time,quote_volume,count,taker_buy_volume,taker_buy_quote_volume,ignore
1753401600000,770.72600403,771.34023020,753.30924633,756.85677832,0,1753415999999,0,14400,0,0,0
1753416000000,756.81997624,766.45880896,752.35507499,761.51468107,0,1753430399999,0,14400,0,0,0
1753430400000,761.48294693,773.23619099,761.29850960,771.68708668,0,1753444799999,0,14400,0,0,0
1753444800000,771.68135411,775.99353321,760.91070701,765.76815936,0,1753459199999,0,14400,0,0,0
1753459200000,765.76763604,777.34608484,763.43288427,774.36648109,0,1753473599999,0,14400,0,0,0
1753473600000,774.35955112,785.78874933,773.79734640,785.54962029,0,1753487999999,0,14400,0,0,0
