open_time,open,high,low,close,volume,close_time,quote_volume,count,taker_buy_volume,taker_buy_quote_volume,ignore
1696982400000,208.55311634,208.77672953,204.42566127,205.40830481,0,1696996799999,0,14400,0,0,0
1696996800000,205.40506745,206.63641780,205.29151979,206.08544074,0,1697011199999,0,14400,0,0,0
1697011200000,206.08543130,208.28442238,205.41992414,207.65597220,0,1697025599999,0,14400,0,0,0
1697025600000,207.65598226,207.89960521,204.83706185,205.26655191,0,1697039999999,0,14400,0,0,0
1697040000000,205.26655191,206.36373186,204.46873053,206.03718541,0,1697054399999,0,14400,0,0,0
1697054400000,206.03718541,206.64288422,205.64207020,206.55990169,0,1697068799999,0,14400,0,0,0
