open_time,open,high,low,close,volume,close_time,quote_volume,count,taker_buy_volume,taker_buy_quote_volume,ignore
1664928000000,296.22131251,296.36827498,295.10069780,295.29416799,0,1664931599999,0,3600,0,0,0
1664931600000,295.22757120,295.69067915,294.93727376,295.20976200,0,1664935199999,0,3600,0,0,0
1664935200000,295.12704762,295.60785334,294.36712542,294.57901913,0,1664938799999,0,3600,0,0,0
1664938800000,294.57880050,295.41940554,294.26073342,294.81392660,0,1664942399999,0,3600,0,0,0
1664942400000,294.80841219,295.20116684,294.11966302,294.50360032,0,1664945999999,0,3600,0,0,0
1664946000000,294.50423593,295.39346379,294.24143424,295.16887331,0,1664949599999,0,3600,0,0,0
1664949600000,295.17483694,295.87765628,294.95845179,295.48805034,0,1664953199999,0,3600,0,0,0
1664953200000,295.43276069,295.58528314,293.82563277,294.12527267,0,1664956799999,0,3600,0,0,0
1664956800000,294.06683397,294.26786141,291.59851260,292.89758824,0,1664960399999,0,3600,0,0,0
1664960400000,292.89864062,292.90706203,290.84813540,291.50099472,0,1664963999999,0,3600,0,0,0
1664964000000,291.50181428,292.60252162,291.41237600,292.41573448,0,1664967599999,0,3600,0,0,0
1664967600000,292.41956357,292.42666551,291.16432296,291.95095464,0,1664971199999,0,3600,0,0,0
1664971200000,291.95342551,292.88458471,291.44429256,292.24105003,0,1664974799999,0,3599,0,0,0
1664974800000,292.24002369,292.41899389,290.24033612,291.32427649,0,1664978399999,0,3600,0,0,0
1664978400000,291.32965891,291.54206222,289.26059214,290.83237764,0,1664981999999,0,3600,0,0,0
1664982000000,290.89685258,293.15848613,290.71537342,292.64192513,0,1664985599999,0,3600,0,0,0
1664985600000,292.64334142,294.87267557,292.59656216,294.43117635,0,1664989199999,0,3600,0,0,0
1664989200000,294.42711877,294.85641734,293.11650593,293.53377306,0,1664992799999,0,3600,0,0,0
1664992800000,293.58948824,294.25215433,293.17122262,294.10602032,0,1664996399999,0,3600,0,0,0
1664996400000,294.11068619,294.91629875,293.05241414,293.22396307,0,1664999999999,0,3600,0,0,0
1665000000000,293.22116164,293.50185029,292.14760062,292.51519315,0,1665003599999,0,3600,0,0,0
1665003600000,292.50781395,293.28659015,292.43848624,292.72076621,0,1665007199999,0,3600,0,0,0
1665007200000,292.72431794,294.12094864,292.31456565,293.96449197,0,1665010799999,0,3600,0,0,0
1665010800000,293.96180670,294.41106480,293.50583656,294.12972664,0,1665014399999,0,3600,0,0,0
