open_time,open,high,low,close,volume,close_time,quote_volume,count,taker_buy_volume,taker_buy_quote_volume,ignore
1755388800000,838.71932892,849.94345625,838.11738916,847.21323213,0,1755392399999,0,3600,0,0,0
1755392400000,847.20943137,851.27224559,843.19863683,848.42684775,0,1755395999999,0,3600,0,0,0
1755396000000,848.42589765,849.65010057,844.15734941,846.44886983,0,1755399599999,0,3600,0,0,0
1755399600000,846.43313911,846.94705589,843.61243937,844.58896625,0,1755403199999,0,3600,0,0,0
1755403200000,844.58801387,848.91351775,844.58169244,848.70589105,0,1755406799999,0,3600,0,0,0
1755406800000,848.71008787,850.21569524,847.69972033,847.71249054,0,1755410399999,0,3600,0,0,0
1755410400000,847.71154025,851.57773544,847.61747886,849.29440224,0,1755413999999,0,3600,0,0,0
1755414000000,849.29345205,855.49320321,848.49344492,854.26742444,0,1755417599999,0,3600,0,0,0
1755417600000,854.26742444,856.96187698,851.69936214,856.79157524,0,1755421199999,0,3600,0,0,0
1755421200000,856.78967467,864.00574246,856.75952851,861.76294859,0,1755424799999,0,3600,0,0,0
1755424800000,861.76389897,862.49843614,859.19888251,860.07225063,0,1755428399999,0,3600,0,0,0
1755428400000,860.07225063,863.24478825,859.66792000,861.59739444,0,1755431999999,0,3600,0,0,0
1755432000000,861.59244206,862.17231740,857.78696335,858.62080129,0,1755435599999,0,3600,0,0,0
1755435600000,858.61985110,859.23634105,855.36623660,857.95766441,0,1755439199999,0,3600,0,0,0
1755439200000,857.95090565,859.18059541,856.36882244,858.07419676,0,1755442799999,0,3600,0,0,0
1755442800000,858.06784756,861.83922930,857.65113279,860.04000448,0,1755446399999,0,3600,0,0,0
1755446400000,860.04095486,861.24396771,854.78483238,856.04933111,0,1755449999999,0,3600,0,0,0
1755450000000,856.04298190,856.48268184,853.15117790,855.31745746,0,1755453599999,0,3600,0,0,0
1755453600000,855.32088603,856.01202638,848.52869035,851.97529629,0,1755457199999,0,3600,0,0,0
1755457200000,851.97634181,854.82603035,851.07159362,851.30661778,0,1755460799999,0,3600,0,0,0
1755460800000,851.27099654,853.24444460,850.68608032,852.25632819,0,1755464399999,0,3600,0,0,0
1755464400000,852.25632819,854.56342267,851.07715756,854.09899990,0,1755467999999,0,3600,0,0,0
1755468000000,854.09518200,858.08815140,853.98354156,857.91167070,0,1755471599999,0,3600,0,0,0
1755471600000,857.91024317,858.94284940,854.92507625,855.39370724,0,1755475199999,0,3600,0,0,0
