open_time,open,high,low,close,volume,close_time,quote_volume,count,taker_buy_volume,taker_buy_quote_volume,ignore
1693267200000,218.76462669,219.46123800,217.85288322,218.20289460,0,1693281599999,0,14400,0,0,0
1693281600000,218.24685064,218.41175032,217.43558260,217.53718568,0,1693295999999,0,14400,0,0,0
1693296000000,217.58114172,217.85998638,217.00213387,217.41669712,0,1693310399999,0,14400,0,0,0
1693310400000,217.45868618,233.94762751,217.14022025,228.21146825,0,1693324799999,0,14400,0,0,0
1693324800000,228.21389294,230.54555391,227.10731761,227.19650570,0,1693339199999,0,14400,0,0,0
1693339200000,227.19606778,227.86194974,225.88590968,226.89854624,0,1693353599999,0,14400,0,0,0
