open_time,open,high,low,close,volume,close_time,quote_volume,count,taker_buy_volume,taker_buy_quote_volume,ignore
1669593600000,307.59912532,309.45862942,288.06601024,297.20878086,0,1669607999999,0,14400,0,0,0
1669608000000,297.21241608,297.51391064,292.71043338,295.62663197,0,1669622399999,0,14399,0,0,0
1669622400000,295.67356784,296.83657453,293.59269434,295.10873237,0,1669636799999,0,14400,0,0,0
1669636800000,295.10654801,297.65072090,290.71483766,291.94480102,0,1669651199999,0,14400,0,0,0
1669651200000,291.95114657,299.37276260,288.85528771,293.21972204,0,1669665599999,0,14400,0,0,0
1669665600000,293.27315879,294.40905829,291.94151066,293.43280251,0,1669679999999,0,14400,0,0,0
