open_time,open,high,low,close,volume,close_time,quote_volume,count,taker_buy_volume,taker_buy_quote_volume,ignore
1760659200000,1144.87348590,1153.54187634,1143.07008340,1149.99283726,0,1760662799999,0,3600,0,0,0
1760662800000,1150.01900510,1156.36734426,1143.64983192,1146.52457463,0,1760666399999,0,3600,0,0,0
1760666400000,1146.52305282,1149.83915695,1137.62456548,1147.40417984,0,1760669999999,0,3600,0,0,0
1760670000000,1147.40172099,1151.78949740,1146.33614395,1150.54394745,0,1760673599999,0,3600,0,0,0
1760673600000,1150.56386433,1154.01455956,1143.64870964,1144.26623863,0,1760677199999,0,3600,0,0,0
1760677200000,1144.23391447,1146.68453015,1127.02278790,1128.93352652,0,1760680799999,0,3600,0,0,0
1760680800000,1128.94365889,1133.50646975,1093.75836060,1095.14666027,0,1760684399999,0,3600,0,0,0
1760684400000,1095.18023775,1099.10877055,1060.36725174,1062.87507647,0,1760687999999,0,3599,0,0,0
1760688000000,1062.69484063,1063.11491566,1021.39971625,1043.53806156,0,1760691599999,0,3599,0,0,0
1760691600000,1043.50408896,1060.97332911,1038.41751616,1039.05638105,0,1760695199999,0,3600,0,0,0
1760695200000,1039.03966038,1045.92790315,1027.92322014,1043.14914877,0,1760698799999,0,3600,0,0,0
1760698800000,1043.32089753,1079.89340778,1042.29517895,1072.44099012,0,1760702399999,0,3598,0,0,0
1760702400000,1072.44724504,1075.36694370,1060.32140658,1064.08102397,0,1760705999999,0,3598,0,0,0
1760706000000,1064.09701781,1076.67157521,1057.09255932,1069.37658849,0,1760709599999,0,3600,0,0,0
1760709600000,1069.43312164,1070.49717192,1047.35368133,1055.87577575,0,1760713199999,0,3599,0,0,0
1760713200000,1055.89355932,1073.93155529,1051.80864116,1073.93155529,0,1760716799999,0,3600,0,0,0
1760716800000,1073.93852203,1092.44753819,1067.81831660,1071.45137258,0,1760720399999,0,3600,0,0,0
1760720400000,1071.46970729,1076.69823704,1066.40213167,1075.86238719,0,1760723999999,0,3600,0,0,0
1760724000000,1075.91512334,1081.06368051,1070.74265315,1072.34312237,0,1760727599999,0,3600,0,0,0
1760727600000,1072.35584899,1075.57259210,1063.30102274,1066.87043397,0,1760731199999,0,3600,0,0,0
1760731200000,1066.79728099,1079.07658696,1064.63730747,1077.75949584,0,1760734799999,0,3600,0,0,0
1760734800000,1077.78745485,1089.52573858,1076.72128649,1088.33002752,0,1760738399999,0,3600,0,0,0
1760738400000,1088.32274838,1090.33137322,1075.89142415,1077.01256126,0,1760741999999,0,3600,0,0,0
1760742000000,1076.99489114,1077.82417522,1070.33845578,1071.32927912,0,1760745599999,0,3600,0,0,0
