open_time,open,high,low,close,volume,close_time,quote_volume,count,taker_buy_volume,taker_buy_quote_volume,ignore
1769558400000,898.34781997,901.01497586,894.41512779,896.94201274,0,1769572799999,0,14400,0,0,0
1769572800000,896.94201274,904.71415877,895.39368173,903.33068455,0,1769587199999,0,14400,0,0,0
1769587200000,903.32520510,909.37124822,902.32027397,907.71096666,0,1769601599999,0,14400,0,0,0
1769601600000,907.71000792,908.21331488,897.32046940,902.89073436,0,1769615999999,0,14400,0,0,0
1769616000000,902.89073436,907.03240745,897.87392770,904.18863455,0,1769630399999,0,14400,0,0,0
1769630400000,904.11246918,907.50614701,899.98336986,902.92567123,0,1769644799999,0,14400,0,0,0
