open_time,open,high,low,close,volume,close_time,quote_volume,count,taker_buy_volume,taker_buy_quote_volume,ignore
1779408000000,658.50614288,661.43340807,656.15496793,659.59445725,0,1779422399999,0,14400,0,0,0
1779422400000,659.62733396,660.51248245,655.53354644,659.48545205,0,1779436799999,0,14400,0,0,0
1779436800000,659.49093151,660.95135097,654.86378252,657.96238959,0,1779451199999,0,14399,0,0,0
1779451200000,657.96238959,663.98184247,656.46723960,658.45527829,0,1779465599999,0,14400,0,0,0
1779465600000,658.44431938,661.53186134,648.62770774,652.40861392,0,1779479999999,0,14400,0,0,0
1779480000000,652.45244953,654.03292822,648.82066984,650.45457907,0,1779494399999,0,14400,0,0,0
