open_time,open,high,low,close,volume,close_time,quote_volume,count,taker_buy_volume,taker_buy_quote_volume,ignore
1731110400000,597.77879275,638.06017047,597.52543614,635.18170891,0,1731124799999,0,14400,0,0,0
1731124800000,635.26508491,636.17191300,626.77643640,628.97413753,0,1731139199999,0,14400,0,0,0
1731139200000,628.96048995,633.83692564,623.63297635,625.75582634,0,1731153599999,0,14400,0,0,0
1731153600000,625.74900815,626.97967409,616.27723727,616.82335250,0,1731167999999,0,14400,0,0,0
1731168000000,616.64337890,621.38479545,610.25020148,615.98165865,0,1731182399999,0,14400,0,0,0
1731182400000,615.98165865,627.61222222,614.23365963,624.66997685,0,1731196799999,0,14400,0,0,0
