open_time,open,high,low,close,volume,close_time,quote_volume,count,taker_buy_volume,taker_buy_quote_volume,ignore
1764028800000,864.99906710,866.15623715,860.42207978,864.73720005,0,1764032399999,0,3600,0,0,0
1764032400000,864.74267951,866.96827341,860.82245923,860.94258586,0,1764035999999,0,3600,0,0,0
1764036000000,860.97367140,862.64357408,856.63669808,862.28227649,0,1764039599999,0,3600,0,0,0
1764039600000,862.28391573,864.48777684,859.27486947,860.83523984,0,1764043199999,0,3600,0,0,0
1764043200000,860.83899326,864.94985622,858.47747107,863.47419321,0,1764046799999,0,3600,0,0,0
1764046800000,863.47419321,864.35288416,859.91449556,862.97689188,0,1764050399999,0,3600,0,0,0
1764050400000,863.00976334,864.69251052,858.33533527,860.62150699,0,1764053999999,0,3600,0,0,0
1764054000000,860.63053347,862.61446545,855.67002027,855.87724726,0,1764057599999,0,3600,0,0,0
1764057600000,855.87724726,859.62750910,852.44937544,852.68298997,0,1764061199999,0,3600,0,0,0
1764061200000,852.69098233,853.28090288,846.89436730,852.81461597,0,1764064799999,0,3600,0,0,0
1764064800000,852.81707408,855.84504041,851.25578699,854.08370299,0,1764068399999,0,3600,0,0,0
1764068400000,854.08288107,854.64708242,850.13868895,850.60561685,0,1764071999999,0,3600,0,0,0
1764072000000,850.60620822,855.15780836,849.92168041,853.66219485,0,1764075599999,0,3600,0,0,0
1764075600000,853.65397567,855.76715892,846.20063493,847.72542116,0,1764079199999,0,3600,0,0,0
1764079200000,847.75417555,850.19459486,837.56545479,842.09545041,0,1764082799999,0,3600,0,0,0
1764082800000,842.10375740,848.95953589,837.62909334,846.25777945,0,1764086399999,0,3600,0,0,0
1764086400000,846.27561507,855.61701110,845.47143192,853.40128370,0,1764089999999,0,3600,0,0,0
1764090000000,853.40107537,861.81141781,852.24041334,857.88482370,0,1764093599999,0,3600,0,0,0
1764093600000,857.89030315,860.95440301,855.39474667,855.39474667,0,1764097199999,0,3600,0,0,0
1764097200000,855.39802415,856.38943482,845.67696411,855.20718311,0,1764100799999,0,3600,0,0,0
1764100800000,855.21127996,859.73305200,853.69197695,858.29806438,0,1764104399999,0,3600,0,0,0
1764104400000,858.35936926,858.90211151,856.34069466,856.40698041,0,1764107999999,0,3600,0,0,0
1764108000000,856.40698041,863.39144693,851.11698082,862.24850121,0,1764111599999,0,3600,0,0,0
1764111600000,862.24439162,867.59783836,861.06215890,862.60768760,0,1764115199999,0,3600,0,0,0
