open_time,open,high,low,close,volume,close_time,quote_volume,count,taker_buy_volume,taker_buy_quote_volume,ignore
1725580800000,502.41109727,503.89168453,500.75534982,502.74893673,0,1725584399999,0,3600,0,0,0
1725584400000,502.70348218,506.41057491,501.35974234,505.30771486,0,1725587999999,0,3600,0,0,0
1725588000000,505.31453304,508.02025117,504.85822727,507.06465163,0,1725591599999,0,3600,0,0,0
1725591600000,507.06710145,507.46291864,505.39433991,505.40089927,0,1725595199999,0,3600,0,0,0
1725595200000,505.44635382,507.87125078,505.24200198,507.17373068,0,1725598799999,0,3600,0,0,0
1725598800000,507.18646567,508.37457465,505.61226727,506.51778245,0,1725602399999,0,3600,0,0,0
1725602400000,506.51778245,506.98369235,504.88891182,506.63340136,0,1725605999999,0,3600,0,0,0
1725606000000,506.63341360,507.15736282,497.14249542,501.37866532,0,1725609599999,0,3600,0,0,0
1725609600000,501.37865306,504.66478182,500.82623291,502.76392993,0,1725613199999,0,3600,0,0,0
1725613200000,502.76391764,504.62940045,501.84796927,504.59089994,0,1725616799999,0,3600,0,0,0
1725616800000,504.59089994,506.63828315,504.50859606,504.87963225,0,1725620399999,0,3597,0,0,0
1725620400000,504.87963225,505.37654655,503.21686473,504.19614326,0,1725623999999,0,3600,0,0,0
1725624000000,504.19615554,509.64087420,501.98923148,508.73425098,0,1725627599999,0,3600,0,0,0
1725627600000,508.73425098,509.29017545,502.16322866,503.43933387,0,1725631199999,0,3600,0,0,0
1725631200000,503.32412882,504.00180825,495.13609215,496.95563514,0,1725634799999,0,3600,0,0,0
1725634800000,496.88959562,498.72936174,489.02449746,492.55824546,0,1725638399999,0,3600,0,0,0
1725638400000,492.50190242,493.41046486,485.22147120,489.43620939,0,1725641999999,0,3600,0,0,0
1725642000000,489.48167627,491.62687805,484.92512742,488.27018280,0,1725645599999,0,3600,0,0,0
1725645600000,488.27018280,488.55585364,478.68865808,478.68865808,0,1725649199999,0,3600,0,0,0
1725649200000,478.58467205,484.93197682,478.38538984,482.36013501,0,1725652799999,0,3600,0,0,0
1725652800000,482.34374560,484.17822945,473.12741965,474.32696864,0,1725656399999,0,3600,0,0,0
1725656400000,474.33794649,483.63272098,471.43861527,483.58181189,0,1725659999999,0,3600,0,0,0
1725660000000,483.57448008,485.91642469,482.36435080,484.06606527,0,1725663599999,0,3600,0,0,0
1725663600000,484.02062303,487.36728436,483.97117162,487.15309831,0,1725667199999,0,3600,0,0,0
