open_time,open,high,low,close,volume,close_time,quote_volume,count,taker_buy_volume,taker_buy_quote_volume,ignore
1731369600000,659.70977640,667.10405393,633.63054200,653.84286231,0,1731383999999,0,14400,0,0,0
1731384000000,653.83309535,655.42558595,643.05225615,648.53833694,0,1731398399999,0,14400,0,0,0
1731398400000,648.53240441,657.13948299,614.80689800,626.66526717,0,1731412799999,0,14400,0,0,0
1731412800000,626.61464910,631.12267289,612.90734189,625.41476197,0,1731427199999,0,14400,0,0,0
1731427200000,625.39984098,632.53137420,616.67665938,628.36883961,0,1731441599999,0,14400,0,0,0
1731441600000,628.30527877,634.97475515,622.47922150,625.44139364,0,1731455999999,0,14400,0,0,0
