open_time,open,high,low,close,volume,close_time,quote_volume,count,taker_buy_volume,taker_buy_quote_volume,ignore
1704153600000,313.48673006,320.21003188,312.44993978,319.09972637,0,1704167999999,0,14400,0,0,0
1704168000000,319.11310903,319.18638976,316.78056739,317.37018603,0,1704182399999,0,14400,0,0,0
1704182400000,317.37134350,320.22426253,317.30872580,319.56967978,0,1704196799999,0,14400,0,0,0
1704196800000,319.57000508,321.11115125,306.48922088,308.37599737,0,1704211199999,0,14400,0,0,0
1704211200000,308.39768411,311.14924081,307.49402980,311.06459550,0,1704225599999,0,14400,0,0,0
1704225600000,311.08573877,312.34155963,309.45983720,312.10895202,0,1704239999999,0,14400,0,0,0
