open_time,open,high,low,close,volume,close_time,quote_volume,count,taker_buy_volume,taker_buy_quote_volume,ignore
1708560000000,379.18039975,385.41369139,377.46960590,384.81221888,0,1708563599999,0,3600,0,0,0
1708563600000,384.80757227,386.84318308,376.44321726,376.72140330,0,1708567199999,0,3600,0,0,0
1708567200000,376.64693522,379.15487819,375.33170626,375.53007738,0,1708570799999,0,3600,0,0,0
1708570800000,375.57262124,376.39253458,373.97693786,375.25013330,0,1708574399999,0,3600,0,0,0
1708574400000,375.25012401,376.94725788,374.65008117,375.60750823,0,1708577999999,0,3600,0,0,0
1708578000000,375.60749891,379.19451974,375.26318262,378.17331519,0,1708581599999,0,3600,0,0,0
1708581600000,378.22225136,381.68206506,377.94378933,381.56823356,0,1708585199999,0,3600,0,0,0
1708585200000,381.56823356,381.96656373,377.87507562,381.39816273,0,1708588799999,0,3600,0,0,0
1708588800000,381.42466257,383.01193694,379.01640102,381.08086267,0,1708592399999,0,3600,0,0,0
1708592400000,381.08364903,384.22664470,380.87259024,383.41540421,0,1708595999999,0,3600,0,0,0
1708596000000,383.37185835,383.66953202,380.81956411,381.13977258,0,1708599599999,0,3600,0,0,0
1708599600000,381.13932577,383.29355513,380.34353986,382.95520902,0,1708603199999,0,3600,0,0,0
1708603200000,382.95520902,383.47462322,379.89062638,381.85295695,0,1708606799999,0,3600,0,0,0
1708606800000,381.89841150,382.70677229,376.34313798,377.67282933,0,1708610399999,0,3600,0,0,0
1708610400000,377.67921535,381.55929991,377.41628961,380.52132358,0,1708613999999,0,3600,0,0,0
1708614000000,380.40004699,381.61022373,379.20873119,381.08106081,0,1708617599999,0,3600,0,0,0
1708617600000,381.08473103,381.08473103,377.61209958,378.00563057,0,1708621199999,0,3600,0,0,0
1708621200000,378.00563057,380.91805355,378.00563057,380.91540797,0,1708624799999,0,3600,0,0,0
1708624800000,380.91540797,382.30921695,379.99715311,382.20057337,0,1708628399999,0,3600,0,0,0
1708628400000,382.24312656,382.73461868,381.26434374,382.18577617,0,1708631999999,0,3600,0,0,0
1708632000000,382.18577617,387.01949300,381.90589888,386.50827164,0,1708635599999,0,3600,0,0,0
1708635600000,386.49662037,386.99909986,381.79596056,383.34721073,0,1708639199999,0,3600,0,0,0
1708639200000,383.30465754,385.30216968,380.58063383,384.73738374,0,1708642799999,0,3600,0,0,0
1708642800000,384.69483055,385.34018837,381.37386005,382.63306139,0,1708646399999,0,3600,0,0,0
