open_time,open,high,low,close,volume,close_time,quote_volume,count,taker_buy_volume,taker_buy_quote_volume,ignore
1680652800000,310.79362576,314.83309937,310.25603730,314.56243580,0,1680667199999,0,14400,0,0,0
1680667200000,314.56243580,315.86817002,313.83884816,314.67563077,0,1680681599999,0,14400,0,0,0
1680681600000,314.66829744,315.70562553,313.92839632,315.68241778,0,1680695999999,0,14396,0,0,0
1680696000000,315.68241778,316.67150318,310.83027933,312.14840454,0,1680710399999,0,14400,0,0,0
1680710400000,312.19284899,313.97966964,311.19862212,313.71640726,0,1680724799999,0,14400,0,0,0
1680724800000,313.71905659,314.76632172,313.52208217,313.96989580,0,1680739199999,0,14400,0,0,0
