open_time,open,high,low,close,volume,close_time,quote_volume,count,taker_buy_volume,taker_buy_quote_volume,ignore
1752364800000,160.69126316,161.73292105,160.19771053,160.88952632,0,1752368399999,0,3600,0,0,0
1752368400000,160.89031579,161.73297368,160.76350000,161.50526316,0,1752371999999,0,3600,0,0,0
1752372000000,161.50526316,161.76052632,160.64960526,161.40047368,0,1752375599999,0,3600,0,0,0
1752375600000,161.40126316,161.48305263,160.83760526,161.18228947,0,1752379199999,0,3600,0,0,0
1752379200000,161.18307895,162.13268421,161.03873684,161.97347368,0,1752382799999,0,3600,0,0,0
1752382800000,161.97426316,162.23094737,161.31939474,161.36121053,0,1752386399999,0,3600,0,0,0
1752386400000,161.36042105,162.13178947,161.27097368,161.59521053,0,1752389999999,0,3600,0,0,0
1752390000000,161.59600000,162.74921053,161.46081579,162.66621053,0,1752393599999,0,3600,0,0,0
1752393600000,162.66542105,162.74118421,161.65865789,162.21465789,0,1752397199999,0,3600,0,0,0
1752397200000,162.21913158,162.48921053,161.58184211,161.89165789,0,1752400799999,0,3600,0,0,0
1752400800000,161.88797368,162.08284211,161.58734211,161.81581579,0,1752404399999,0,3600,0,0,0
1752404400000,161.81818421,162.71628947,161.69410526,162.04736842,0,1752407999999,0,3600,0,0,0
1752408000000,162.04131579,162.85610526,161.79847368,162.61515789,0,1752411599999,0,3600,0,0,0
1752411600000,162.65910526,162.98115789,161.94213158,162.91747368,0,1752415199999,0,3600,0,0,0
1752415200000,162.91747368,164.15528947,162.36055263,162.79973684,0,1752418799999,0,3600,0,0,0
1752418800000,162.80052632,163.47342105,161.87250000,162.03502632,0,1752422399999,0,3600,0,0,0
1752422400000,162.03502632,162.44094737,160.88307895,160.93102632,0,1752425999999,0,3600,0,0,0
1752426000000,160.93023684,162.77855263,160.54031579,162.64378947,0,1752429599999,0,3600,0,0,0
1752429600000,162.65307895,163.27044737,162.38221053,163.07092105,0,1752433199999,0,3600,0,0,0
1752433200000,163.07250000,163.54305263,162.52000000,162.54400000,0,1752436799999,0,3600,0,0,0
1752436800000,162.53802632,163.05865789,161.97747368,162.56284211,0,1752440399999,0,3600,0,0,0
1752440400000,162.56276316,162.56355263,160.16828947,160.55157895,0,1752443999999,0,3600,0,0,0
1752444000000,160.55526316,161.06928947,159.64836842,160.80518421,0,1752447599999,0,3600,0,0,0
1752447600000,160.79771053,161.44744737,160.30694737,161.14015789,0,1752451199999,0,3600,0,0,0
