open_time,open,high,low,close,volume,close_time,quote_volume,count,taker_buy_volume,taker_buy_quote_volume,ignore
1686873600000,14.77407212,14.86411326,14.63673881,14.80356513,0,1686887999999,0,14400,0,0,0
1686888000000,14.80335583,14.97782412,14.79011110,14.85150146,0,1686902399999,0,14400,0,0,0
1686902400000,14.85150146,14.94335418,14.53083314,14.56016376,0,1686916799999,0,14400,0,0,0
1686916800000,14.56016376,15.07108189,14.40143142,14.99772096,0,1686931199999,0,14400,0,0,0
1686931200000,14.99769313,15.45778578,14.89291795,15.27733156,0,1686945599999,0,14400,0,0,0
1686945600000,15.27733237,15.43499987,15.22601157,15.31803593,0,1686959999999,0,14400,0,0,0
