open_time,open,high,low,close,volume,close_time,quote_volume,count,taker_buy_volume,taker_buy_quote_volume,ignore
1744156800000,105.40142105,106.57873684,101.27418421,103.19842105,0,1744171199999,0,14400,0,0,0
1744171200000,103.17657895,107.80597368,103.05371053,107.37442105,0,1744185599999,0,14400,0,0,0
1744185600000,107.37513158,108.24865789,102.75623684,103.42992105,0,1744199999999,0,14400,0,0,0
1744200000000,103.42992105,107.37357895,102.31794737,106.53518421,0,1744214399999,0,14399,0,0,0
1744214400000,106.53518421,120.72465789,106.24286842,118.94726316,0,1744228799999,0,14400,0,0,0
1744228800000,118.90647368,120.47576316,118.09305263,119.05742105,0,1744243199999,0,14400,0,0,0
