open_time,open,high,low,close,volume,close_time,quote_volume,count,taker_buy_volume,taker_buy_quote_volume,ignore
1741305600000,143.30690310,145.53817715,135.06106066,136.51372150,0,1741309199999,0,3600,0,0,0
1741309200000,136.50939411,141.72722554,136.01467824,140.68363013,0,1741312799999,0,3600,0,0,0
1741312800000,140.65177564,141.91856258,139.76298184,140.71213137,0,1741316399999,0,3600,0,0,0
1741316400000,140.71163985,141.73463940,140.52366186,140.80089068,0,1741319999999,0,3600,0,0,0
1741320000000,140.79693493,142.12003282,140.62789905,141.01065755,0,1741323599999,0,3600,0,0,0
1741323600000,141.01771422,143.58801181,140.94608781,143.17552850,0,1741327199999,0,3600,0,0,0
1741327200000,143.18023554,144.11160741,142.21094174,143.59833451,0,1741330799999,0,3600,0,0,0
1741330800000,143.59953367,144.61643360,143.39251377,144.32809696,0,1741334399999,0,3600,0,0,0
1741334400000,144.31794029,144.64863539,143.24756763,144.10915055,0,1741337999999,0,3600,0,0,0
1741338000000,144.09969991,146.18553830,143.21194832,143.57571450,0,1741341599999,0,3600,0,0,0
1741341600000,143.59939689,143.90290223,142.61112483,143.65019569,0,1741345199999,0,3600,0,0,0
1741345200000,143.65519523,144.44284121,142.96721038,143.56307778,0,1741348799999,0,3600,0,0,0
1741348800000,143.57356670,144.07273773,141.75732446,142.63050648,0,1741352399999,0,3600,0,0,0
1741352400000,142.62826465,147.28692032,142.55810315,144.14442199,0,1741355999999,0,3600,0,0,0
1741356000000,144.14134022,148.07681529,142.74572869,146.31640480,0,1741359599999,0,3600,0,0,0
1741359600000,146.30707000,147.33646232,143.14320467,144.87065403,0,1741363199999,0,3600,0,0,0
1741363200000,144.86485344,145.94116425,141.68081633,142.34705402,0,1741366799999,0,3600,0,0,0
1741366800000,142.34661044,144.80384334,141.33127309,143.38784592,0,1741370399999,0,3600,0,0,0
1741370400000,143.38074092,149.70580287,142.95722851,149.62993557,0,1741373999999,0,3600,0,0,0
1741374000000,149.62508054,150.86110764,145.88394612,146.36819570,0,1741377599999,0,3600,0,0,0
1741377600000,146.36327442,147.56759049,143.43129543,145.04782767,0,1741381199999,0,3600,0,0,0
1741381200000,144.99407798,145.44138859,141.76969879,142.76713844,0,1741384799999,0,3600,0,0,0
1741384800000,142.68245507,143.04987110,140.63062878,141.07703039,0,1741388399999,0,3600,0,0,0
1741388400000,141.07703266,141.18888187,137.55634277,139.38991037,0,1741391999999,0,3600,0,0,0
