open_time,open,high,low,close,volume,close_time,quote_volume,count,taker_buy_volume,taker_buy_quote_volume,ignore
1679443200000,22.52822087,22.53052357,22.02025256,22.30632115,0,1679457599999,0,14400,0,0,0
1679457600000,22.30627419,22.55320691,22.23265815,22.31395474,0,1679471999999,0,14396,0,0,0
1679472000000,22.31420075,22.69675889,22.10439923,22.48027142,0,1679486399999,0,14400,0,0,0
1679486400000,22.48027263,23.07935700,22.32714296,22.63012909,0,1679500799999,0,14398,0,0,0
1679500800000,22.63015777,22.94349872,20.97083005,21.08728837,0,1679515199999,0,14400,0,0,0
1679515200000,21.09805574,21.84510520,20.98142227,21.41640879,0,1679529599999,0,14400,0,0,0
