open_time,open,high,low,close,volume,close_time,quote_volume,count,taker_buy_volume,taker_buy_quote_volume,ignore
1769212800000,127.44159666,128.10862737,127.29561264,127.90560603,0,1769227199999,0,14400,0,0,0
1769227200000,127.90583336,128.08976110,127.05647090,127.12947567,0,1769241599999,0,14400,0,0,0
1769241600000,127.12732775,127.39622829,126.94426056,127.17869532,0,1769255999999,0,14400,0,0,0
1769256000000,127.17308396,127.40334426,126.80604962,126.84882528,0,1769270399999,0,14400,0,0,0
1769270400000,126.85087274,127.50577569,126.65144134,127.30419041,0,1769284799999,0,14400,0,0,0
1769284800000,127.30468109,127.74194099,127.10459849,127.21169202,0,1769299199999,0,14400,0,0,0
