open_time,open,high,low,close,volume,close_time,quote_volume,count,taker_buy_volume,taker_buy_quote_volume,ignore
1783641600000,78.04220324,79.44087451,77.81078709,79.05505820,0,1783655999999,0,14400,0,0,0
1783656000000,79.05853531,79.36223119,78.75121586,78.86798001,0,1783670399999,0,14400,0,0,0
1783670400000,78.86861479,79.63108708,78.81469112,79.36555562,0,1783684799999,0,14400,0,0,0
1783684800000,79.36565834,79.54424578,77.17169266,78.11518337,0,1783699199999,0,14400,0,0,0
1783699200000,78.13550266,78.25479666,77.34696532,77.89500724,0,1783713599999,0,14400,0,0,0
1783713600000,77.89342801,78.23025538,77.71316735,78.12290638,0,1783727999999,0,14400,0,0,0
