open_time,open,high,low,close,volume,close_time,quote_volume,count,taker_buy_volume,taker_buy_quote_volume,ignore
1769990400000,100.76385452,103.03994935,96.10470961,100.03224785,0,1770004799999,0,14400,0,0,0
1770004800000,100.04669709,102.35103018,97.20428284,101.43255672,0,1770019199999,0,14400,0,0,0
1770019200000,101.43710217,103.41241454,101.40991566,102.77550908,0,1770033599999,0,14400,0,0,0
1770033600000,102.76986671,106.05377627,102.48242187,104.68131196,0,1770047999999,0,14400,0,0,0
1770048000000,104.69120046,105.72617555,103.53390105,103.93503917,0,1770062399999,0,14400,0,0,0
1770062400000,103.93637127,105.18763899,103.33935706,104.54013991,0,1770076799999,0,14400,0,0,0
