open_time,open,high,low,close,volume,close_time,quote_volume,count,taker_buy_volume,taker_buy_quote_volume,ignore
1778803200000,92.15285916,92.63763347,92.11401082,92.42932479,0,1778806799999,0,3600,0,0,0
1778806800000,92.42184835,92.53607963,91.71403832,91.74646570,0,1778810399999,0,3600,0,0,0
1778810400000,91.74690665,92.42747759,91.50063468,92.35513580,0,1778813999999,0,3600,0,0,0
1778814000000,92.35573645,92.45899248,91.88526420,92.06053740,0,1778817599999,0,3600,0,0,0
1778817600000,92.06073804,92.06073804,91.28106559,91.28822606,0,1778821199999,0,3600,0,0,0
1778821200000,91.29067889,91.52550666,90.28320755,90.61197140,0,1778824799999,0,3600,0,0,0
1778824800000,90.60673947,91.07734054,90.48941419,91.00838694,0,1778828399999,0,3600,0,0,0
1778828400000,91.01073497,91.71262863,90.93876693,91.60568967,0,1778831999999,0,3600,0,0,0
1778832000000,91.60509384,91.63501907,90.98236564,91.25725165,0,1778835599999,0,3600,0,0,0
1778835600000,91.25995836,91.30804410,90.93004971,91.16300089,0,1778839199999,0,3600,0,0,0
1778839200000,91.16368769,91.57241104,91.01213723,91.46103537,0,1778842799999,0,3600,0,0,0
1778842800000,91.45635715,91.53501460,91.18703880,91.26752818,0,1778846399999,0,3600,0,0,0
1778846400000,91.26897315,91.26897315,90.57330951,90.66508004,0,1778849999999,0,3600,0,0,0
1778850000000,90.66642740,90.66642740,88.76301159,88.90488588,0,1778853599999,0,3600,0,0,0
1778853600000,88.90462611,89.53769129,88.58600097,89.07312018,0,1778857199999,0,3600,0,0,0
1778857200000,89.07240400,89.27892970,88.71875370,89.03837758,0,1778860799999,0,3600,0,0,0
1778860800000,89.03899126,89.65535384,88.82352938,89.51313886,0,1778864399999,0,3600,0,0,0
1778864400000,89.51388457,89.88949293,89.49421333,89.82054824,0,1778867999999,0,3600,0,0,0
1778868000000,89.81468266,90.07880967,89.49092623,89.80501681,0,1778871599999,0,3600,0,0,0
1778871600000,89.80289116,89.80305352,89.36085831,89.42339186,0,1778875199999,0,3600,0,0,0
1778875200000,89.42495081,89.50384067,89.09177837,89.27989634,0,1778878799999,0,3600,0,0,0
1778878800000,89.27986859,89.42200481,89.01364036,89.06134272,0,1778882399999,0,3600,0,0,0
1778882400000,89.05721962,89.35597658,89.05721962,89.33347960,0,1778885999999,0,3600,0,0,0
1778886000000,89.33349635,89.38461415,89.21038960,89.24361969,0,1778889599999,0,3600,0,0,0
