open_time,open,high,low,close,volume,close_time,quote_volume,count,taker_buy_volume,taker_buy_quote_volume,ignore
1747612800000,173.36065789,173.82100000,165.00978947,165.36886842,0,1747627199999,0,14400,0,0,0
1747627200000,165.36965789,166.80860526,159.51694737,161.91073684,0,1747641599999,0,14400,0,0,0
1747641600000,161.90547368,162.68415789,160.54426316,162.20623684,0,1747655999999,0,14400,0,0,0
1747656000000,162.20702632,164.71313158,160.17363158,164.20607895,0,1747670399999,0,14400,0,0,0
1747670400000,164.20607895,167.34265789,162.80128947,166.59494737,0,1747684799999,0,14400,0,0,0
1747684800000,166.59968421,167.75744737,165.17178947,166.81000000,0,1747699199999,0,14400,0,0,0
