open_time,open,high,low,close,volume,close_time,quote_volume,count,taker_buy_volume,taker_buy_quote_volume,ignore
1761868800000,184.65868421,186.89026316,183.75105263,185.14368421,0,1761883199999,0,14400,0,0,0
1761883200000,185.13842105,186.99684211,184.78789474,185.36552632,0,1761897599999,0,14400,0,0,0
1761897600000,185.35842105,189.05289474,184.59736842,188.89631579,0,1761911999999,0,14396,0,0,0
1761912000000,188.89052632,190.20789474,186.10473684,188.15815789,0,1761926399999,0,14400,0,0,0
1761926400000,188.15131579,189.01868421,184.47684211,188.47421053,0,1761940799999,0,14400,0,0,0
1761940800000,188.45657895,188.77078947,186.57236842,187.20552632,0,1761955199999,0,14400,0,0,0
