open_time,open,high,low,close,volume,close_time,quote_volume,count,taker_buy_volume,taker_buy_quote_volume,ignore
1695168000000,20.02772868,20.23004726,19.85301935,19.91366922,0,1695182399999,0,14400,0,0,0
1695182400000,19.91366820,19.96978105,19.80140307,19.94923145,0,1695196799999,0,14400,0,0,0
1695196800000,19.94920824,20.16298936,19.88259626,20.05809176,0,1695211199999,0,14400,0,0,0
1695211200000,20.05809176,20.35505524,19.90284942,20.19240066,0,1695225599999,0,14400,0,0,0
1695225600000,20.19239963,20.51724166,19.90688069,20.12123025,0,1695239999999,0,14400,0,0,0
1695240000000,20.12151176,20.44734465,20.10441891,20.29588488,0,1695254399999,0,14400,0,0,0
