open_time,open,high,low,close,volume,close_time,quote_volume,count,taker_buy_volume,taker_buy_quote_volume,ignore
1721347200000,159.22251877,159.40712915,157.78183937,158.05780488,0,1721350799999,0,3600,0,0,0
1721350800000,158.06160976,158.59266513,156.20942371,158.55655301,0,1721354399999,0,3600,0,0,0
1721354400000,158.56289811,159.79461853,157.98583773,158.75421707,0,1721357999999,0,3600,0,0,0
1721358000000,158.76470488,161.97713399,158.67046107,161.84846768,0,1721361599999,0,3600,0,0,0
1721361600000,161.84139083,162.40469886,160.78681232,160.80241841,0,1721365199999,0,3600,0,0,0
1721365200000,160.80221145,162.43544541,160.67369496,162.25742786,0,1721368799999,0,3600,0,0,0
1721368800000,162.25672055,165.60214120,162.12485159,164.46324550,0,1721372399999,0,3600,0,0,0
1721372400000,164.46885151,164.49890531,160.87664889,161.43657502,0,1721375999999,0,3600,0,0,0
1721376000000,161.42689581,162.33315654,159.24900388,161.85184020,0,1721379599999,0,3600,0,0,0
1721379600000,161.85184020,163.46080020,160.38385959,160.64726904,0,1721383199999,0,3599,0,0,0
1721383200000,160.58872125,162.99113756,160.35205473,162.04686289,0,1721386799999,0,3600,0,0,0
1721386800000,162.04685918,162.88405874,161.70536785,162.64580351,0,1721390399999,0,3600,0,0,0
1721390400000,162.64506809,164.29401145,162.28863882,163.84906830,0,1721393999999,0,3600,0,0,0
1721394000000,163.84055744,167.82287039,162.33644925,167.01234707,0,1721397599999,0,3599,0,0,0
1721397600000,167.03487657,168.84758156,166.61616288,168.70996754,0,1721401199999,0,3600,0,0,0
1721401200000,168.70655290,169.04584639,167.15656228,168.82061091,0,1721404799999,0,3600,0,0,0
1721404800000,168.81061091,172.09383619,168.78527038,169.34931747,0,1721408399999,0,3600,0,0,0
1721408400000,169.34004917,170.64904561,168.88211269,170.56257533,0,1721411999999,0,3600,0,0,0
1721412000000,170.56769728,170.62739809,168.30614212,169.83454028,0,1721415599999,0,3600,0,0,0
1721415600000,169.83454028,170.90057630,169.53447428,170.45431088,0,1721419199999,0,3600,0,0,0
1721419200000,170.45141464,170.52812597,168.79710484,169.12170207,0,1721422799999,0,3600,0,0,0
1721422800000,169.12169838,169.91345484,167.97407470,168.08005796,0,1721426399999,0,3600,0,0,0
1721426400000,168.06859822,169.32382641,168.06859822,168.76949871,0,1721429999999,0,3600,0,0,0
1721430000000,168.77364875,169.56907786,168.70538637,169.12684566,0,1721433599999,0,3600,0,0,0
