open_time,open,high,low,close,volume,close_time,quote_volume,count,taker_buy_volume,taker_buy_quote_volume,ignore
1730851200000,166.62850695,184.90858994,166.41525110,184.82423452,0,1730865599999,0,14400,0,0,0
1730865600000,184.87414481,188.28070061,182.73561878,183.76072482,0,1730879999999,0,14400,0,0,0
1730880000000,183.79008846,186.80335015,180.16851223,186.67705792,0,1730894399999,0,14400,0,0,0
1730894400000,186.71057452,188.61202120,184.31058620,185.53822860,0,1730908799999,0,14400,0,0,0
1730908800000,185.51445838,188.37340286,184.76597417,188.37340286,0,1730923199999,0,14400,0,0,0
1730923200000,188.36726000,190.00237749,186.44844400,186.58134027,0,1730937599999,0,14400,0,0,0
