open_time,open,high,low,close,volume,close_time,quote_volume,count,taker_buy_volume,taker_buy_quote_volume,ignore
1711670400000,189.67120688,190.71588740,187.61311844,188.34555140,0,1711684799999,0,14400,0,0,0
1711684800000,188.34066944,189.13474546,183.42475996,183.64658139,0,1711699199999,0,14400,0,0,0
1711699200000,183.64170719,186.44056512,183.48148664,185.83035615,0,1711713599999,0,14400,0,0,0
1711713600000,185.83084008,189.82366805,184.30250077,184.86875982,0,1711727999999,0,14400,0,0,0
1711728000000,184.91612073,187.67109383,184.55117536,187.66034298,0,1711742399999,0,14400,0,0,0
1711742400000,187.66302985,192.97435390,187.35896741,192.04488427,0,1711756799999,0,14400,0,0,0
