open_time,open,high,low,close,volume,close_time,quote_volume,count,taker_buy_volume,taker_buy_quote_volume,ignore
1784332800000,75.03519521,75.26705149,74.99021422,75.09927804,0,1784336399999,0,3600,0,0,0
1784336400000,75.09493480,75.24100412,75.05495125,75.22711632,0,1784339999999,0,3600,0,0,0
1784340000000,75.22573852,75.44480970,75.15129847,75.21093507,0,1784343599999,0,3600,0,0,0
1784343600000,75.21157337,75.37929977,75.15499822,75.37809490,0,1784347199999,0,3600,0,0,0
1784347200000,75.37804879,75.38674509,75.05633101,75.10365156,0,1784350799999,0,3600,0,0,0
1784350800000,75.10392489,75.11442016,74.87301977,74.92313784,0,1784354399999,0,3600,0,0,0
1784354400000,74.92327628,75.08916693,74.91986583,74.97268810,0,1784357999999,0,3600,0,0,0
1784358000000,74.97407205,75.04804171,74.90210009,74.96499312,0,1784361599999,0,3600,0,0,0
1784361600000,74.96433918,75.03640029,74.80638861,74.96616713,0,1784365199999,0,3600,0,0,0
1784365200000,74.96641660,75.00314540,74.67060823,74.84537287,0,1784368799999,0,3600,0,0,0
1784368800000,74.84536162,74.95004520,74.80184196,74.90254366,0,1784372399999,0,3600,0,0,0
1784372400000,74.90274569,75.01783881,74.89589371,74.96015164,0,1784375999999,0,3600,0,0,0
1784376000000,74.96468409,75.18125027,74.72620086,75.00595214,0,1784379599999,0,3600,0,0,0
1784379600000,75.00595671,75.00595671,74.52239153,74.73172728,0,1784383199999,0,3600,0,0,0
1784383200000,74.73088371,75.00719299,74.65466061,74.98754602,0,1784386799999,0,3600,0,0,0
1784386800000,74.98754512,75.03745131,74.82182865,74.96642053,0,1784390399999,0,3600,0,0,0
1784390400000,74.96299310,75.27562689,74.85122064,75.16568678,0,1784393999999,0,3600,0,0,0
1784394000000,75.16580571,75.39123155,75.06395134,75.35077194,0,1784397599999,0,3600,0,0,0
1784397600000,75.35076641,75.58372779,75.18903473,75.28578704,0,1784401199999,0,3600,0,0,0
1784401200000,75.28514065,75.44731186,75.23236947,75.44190597,0,1784404799999,0,3600,0,0,0
1784404800000,75.44216722,75.57644570,75.33689285,75.46728880,0,1784408399999,0,3600,0,0,0
1784408400000,75.46593631,75.62081290,75.35094778,75.48671967,0,1784411999999,0,3600,0,0,0
1784412000000,75.48672175,75.60946026,75.39368180,75.57312987,0,1784415599999,0,3600,0,0,0
1784415600000,75.57142095,75.58183295,75.40419309,75.52376598,0,1784419199999,0,3600,0,0,0
