open_time,open,high,low,close,volume,close_time,quote_volume,count,taker_buy_volume,taker_buy_quote_volume,ignore
1779494400000,84.38288436,84.53661174,84.09620127,84.43839299,0,1779497999999,0,3600,0,0,0
1779498000000,84.43868665,84.64456011,84.32486984,84.52591948,0,1779501599999,0,3600,0,0,0
1779501600000,84.52373434,84.58445412,84.22103633,84.53724123,0,1779505199999,0,3600,0,0,0
1779505200000,84.53522133,84.74779702,84.49140059,84.67887374,0,1779508799999,0,3600,0,0,0
1779508800000,84.67884547,84.71079161,84.35222371,84.41134092,0,1779512399999,0,3600,0,0,0
1779512400000,84.41133409,84.46741115,84.19018288,84.45340874,0,1779515999999,0,3600,0,0,0
1779516000000,84.45474809,84.48973913,84.19138843,84.26554540,0,1779519599999,0,3600,0,0,0
1779519600000,84.26557938,84.32089927,81.63446519,82.23574868,0,1779523199999,0,3600,0,0,0
1779523200000,82.24256438,82.34064034,81.71082950,82.13220643,0,1779526799999,0,3600,0,0,0
1779526800000,82.13219970,82.18620234,81.99837118,82.00967702,0,1779530399999,0,3600,0,0,0
1779530400000,82.00512893,82.38187558,82.00512893,82.26183446,0,1779533999999,0,3600,0,0,0
1779534000000,82.25733163,82.47952741,82.23799808,82.30142330,0,1779537599999,0,3600,0,0,0
1779537600000,82.30596875,82.55331522,82.15602310,82.48502904,0,1779541199999,0,3600,0,0,0
1779541200000,82.49026869,83.39526350,82.48574797,83.23100797,0,1779544799999,0,3600,0,0,0
1779544800000,83.23097422,84.41742115,83.10381515,84.13287404,0,1779548399999,0,3600,0,0,0
1779548400000,84.13286461,84.51148334,83.64481532,84.09580113,0,1779551999999,0,3600,0,0,0
1779552000000,84.09513959,84.29422252,83.93491288,84.11114851,0,1779555599999,0,3600,0,0,0
1779555600000,84.11145182,84.34790957,84.02533559,84.22025606,0,1779559199999,0,3600,0,0,0
1779559200000,84.22022278,85.11956855,84.18030803,84.70826591,0,1779562799999,0,3600,0,0,0
1779562800000,84.70830801,85.10610133,84.62012159,84.95754365,0,1779566399999,0,3600,0,0,0
1779566400000,84.96183786,87.06004416,84.80323809,87.06004416,0,1779569999999,0,3600,0,0,0
1779570000000,87.06513713,87.42967464,86.01576407,86.27636467,0,1779573599999,0,3600,0,0,0
1779573600000,86.28242661,86.59973631,85.56620797,85.81360607,0,1779577199999,0,3600,0,0,0
1779577200000,85.81371097,85.93292486,85.67327509,85.74348275,0,1779580799999,0,3600,0,0,0
