open_time,open,high,low,close,volume,close_time,quote_volume,count,taker_buy_volume,taker_buy_quote_volume,ignore
1746921600000,177.86647368,180.11110526,173.10705263,175.89457895,0,1746935999999,0,14400,0,0,0
1746936000000,175.88352632,177.58860526,172.38931579,172.67807895,0,1746950399999,0,14400,0,0,0
1746950400000,172.66939474,175.02042105,172.61307895,174.77089474,0,1746964799999,0,14400,0,0,0
1746964800000,174.76931579,175.10650000,169.48318421,170.46042105,0,1746979199999,0,14400,0,0,0
1746979200000,170.47015789,173.41502632,169.47518421,172.73978947,0,1746993599999,0,14400,0,0,0
1746993600000,172.74081579,173.78968421,171.29363158,173.18078947,0,1747007999999,0,14400,0,0,0
