open_time,open,high,low,close,volume,close_time,quote_volume,count,taker_buy_volume,taker_buy_quote_volume,ignore
1780617600000,68.87642553,69.09008746,68.29032968,68.32692600,0,1780621199999,0,3600,0,0,0
1780621200000,68.33076142,68.79283257,67.59595717,68.51968865,0,1780624799999,0,3600,0,0,0
1780624800000,68.51911486,68.60307854,67.21229155,67.32005478,0,1780628399999,0,3600,0,0,0
1780628400000,67.31384653,67.84532465,66.97606088,67.08037452,0,1780631999999,0,3600,0,0,0
1780632000000,67.08963325,68.01001812,66.57281483,67.92830485,0,1780635599999,0,3600,0,0,0
1780635600000,67.93844958,68.07300837,66.10200748,66.21981819,0,1780639199999,0,3600,0,0,0
1780639200000,66.22006492,66.54082103,63.95048503,65.06401950,0,1780642799999,0,3600,0,0,0
1780642800000,65.06786703,66.28577104,63.97137811,66.17549877,0,1780646399999,0,3600,0,0,0
1780646400000,66.16635293,66.18480870,65.10207442,65.30535930,0,1780649999999,0,3600,0,0,0
1780650000000,65.30659920,66.57628307,65.30659920,66.55173217,0,1780653599999,0,3600,0,0,0
1780653600000,66.55177503,66.72777660,66.17314934,66.39991707,0,1780657199999,0,3600,0,0,0
1780657200000,66.40444730,66.77860022,65.85134053,66.09707620,0,1780660799999,0,3600,0,0,0
1780660800000,66.09554851,66.32949080,65.25134966,65.81753460,0,1780664399999,0,3600,0,0,0
1780664400000,65.81699243,66.79780685,64.33807128,64.35099908,0,1780667999999,0,3600,0,0,0
1780668000000,64.34073397,65.80313476,63.99713707,65.25181332,0,1780671599999,0,3600,0,0,0
1780671600000,65.25280000,65.30059296,63.83102644,64.27729068,0,1780675199999,0,3600,0,0,0
1780675200000,64.27403716,65.96312530,63.22739686,65.87071378,0,1780678799999,0,3600,0,0,0
1780678800000,65.86829361,66.04139333,64.82031686,65.10386248,0,1780682399999,0,3600,0,0,0
1780682400000,65.09942746,65.37867703,62.64910394,62.91591987,0,1780685999999,0,3600,0,0,0
1780686000000,62.91693520,63.78847601,61.51173255,63.47341865,0,1780689599999,0,3600,0,0,0
1780689600000,63.46145550,64.77807125,62.70469846,64.67583776,0,1780693199999,0,3600,0,0,0
1780693200000,64.67022521,65.39548859,64.55177313,64.91488203,0,1780696799999,0,3600,0,0,0
1780696800000,64.89804946,64.89921232,63.82107250,64.40501295,0,1780700399999,0,3600,0,0,0
1780700400000,64.40554313,64.78180927,62.66758245,63.62513786,0,1780703999999,0,3600,0,0,0
