open_time,open,high,low,close,volume,close_time,quote_volume,count,taker_buy_volume,taker_buy_quote_volume,ignore
1712966400000,153.18200622,153.39756953,145.52035759,151.74902007,0,1712980799999,0,14400,0,0,0
1712980800000,151.74901676,154.92318855,150.61238942,151.02129639,0,1712995199999,0,14400,0,0,0
1712995200000,151.01616146,153.37234314,149.50886881,151.23935977,0,1713009599999,0,14400,0,0,0
1713009600000,151.23935649,152.97519883,148.42376888,148.99141834,0,1713023999999,0,14400,0,0,0
1713024000000,148.99142156,149.60873620,129.65067751,133.61931311,0,1713038399999,0,14400,0,0,0
1713038400000,133.68498589,143.32514805,116.19261585,138.39379496,0,1713052799999,0,14400,0,0,0
