open_time,open,high,low,close,volume,close_time,quote_volume,count,taker_buy_volume,taker_buy_quote_volume,ignore
1762214400000,166.06078947,168.39105263,164.20973684,167.68131579,0,1762228799999,0,14400,0,0,0
1762228800000,167.67973684,168.11421053,155.89894737,157.05131579,0,1762243199999,0,14400,0,0,0
1762243200000,157.05500000,162.15368421,156.46815789,161.72342105,0,1762257599999,0,14399,0,0,0
1762257600000,161.72421053,165.21789474,159.44131579,161.47315789,0,1762271999999,0,14399,0,0,0
1762272000000,161.47578947,162.28210526,152.33131579,154.61894737,0,1762286399999,0,14400,0,0,0
1762286400000,154.61421053,155.82578947,146.17710526,155.05736842,0,1762300799999,0,14400,0,0,0
