open_time,open,high,low,close,volume,close_time,quote_volume,count,taker_buy_volume,taker_buy_quote_volume,ignore
1733270400000,233.89747872,240.39259148,233.89747872,237.67722664,0,1733284799999,0,14400,0,0,0
1733284800000,237.67234496,240.78515629,235.94275522,236.59016685,0,1733299199999,0,14400,0,0,0
1733299200000,236.59016326,237.84031040,235.05424222,235.97543707,0,1733313599999,0,14400,0,0,0
1733313600000,235.97682732,236.11894977,229.92771203,233.72468504,0,1733327999999,0,14400,0,0,0
1733328000000,233.73102293,234.01801615,224.69518792,232.62569774,0,1733342399999,0,14400,0,0,0
1733342400000,232.68079299,236.22551562,225.86619507,229.17632054,0,1733356799999,0,14400,0,0,0
