open_time,open,high,low,close,volume,close_time,quote_volume,count,taker_buy_volume,taker_buy_quote_volume,ignore
1777939200000,84.09878380,84.95724567,84.04302880,84.79001707,0,1777953599999,0,14400,0,0,0
1777953600000,84.79385351,85.10428585,84.55621367,84.88335272,0,1777967999999,0,14400,0,0,0
1777968000000,84.87618162,84.99856222,84.43771051,84.96439538,0,1777982399999,0,14400,0,0,0
1777982400000,84.96819928,86.07473606,84.91121140,85.49933464,0,1777996799999,0,14400,0,0,0
1777996800000,85.49920946,86.55340221,85.08069006,86.50242926,0,1778011199999,0,14400,0,0,0
1778011200000,86.49514538,86.97081233,86.18055633,86.29653883,0,1778025599999,0,14400,0,0,0
