open_time,open,high,low,close,volume,close_time,quote_volume,count,taker_buy_volume,taker_buy_quote_volume,ignore
1764806400000,144.66471531,145.37226631,143.67049110,145.04816966,0,1764809999999,0,3600,0,0,0
1764810000000,145.02217519,146.87547041,144.13524250,144.17451707,0,1764813599999,0,3600,0,0,0
1764813600000,144.17451707,146.06575688,143.99896336,145.61479573,0,1764817199999,0,3600,0,0,0
1764817200000,145.60816346,145.61134809,144.33032590,144.65304915,0,1764820799999,0,3600,0,0,0
1764820800000,144.65308106,144.88798646,143.76162974,144.16594946,0,1764824399999,0,3600,0,0,0
1764824400000,144.16597424,144.23016170,142.97943194,143.23885964,0,1764827999999,0,3600,0,0,0
1764828000000,143.23877508,144.24677704,143.10781121,143.96854266,0,1764831599999,0,3600,0,0,0
1764831600000,143.96450788,144.00175982,142.66570535,143.45325219,0,1764835199999,0,3600,0,0,0
1764835200000,143.46057779,144.01971369,142.74358654,142.90119598,0,1764838799999,0,3598,0,0,0
1764838800000,142.90074672,144.17526431,142.90059099,143.89763296,0,1764842399999,0,3600,0,0,0
1764842400000,143.90107677,144.15927904,143.30239465,143.34061569,0,1764845999999,0,3600,0,0,0
1764846000000,143.34024856,143.47116144,142.71449402,143.04564812,0,1764849599999,0,3600,0,0,0
1764849600000,143.04999798,143.48139555,142.42142089,142.87097324,0,1764853199999,0,3600,0,0,0
1764853200000,142.87544450,143.13383510,141.80528958,142.24301268,0,1764856799999,0,3600,0,0,0
1764856800000,142.24016676,143.29356980,141.49372966,141.84047125,0,1764860399999,0,3600,0,0,0
1764860400000,141.83433591,144.14605236,141.81667479,143.22285285,0,1764863999999,0,3600,0,0,0
1764864000000,143.20989780,143.79907529,142.27007912,142.62151458,0,1764867599999,0,3600,0,0,0
1764867600000,142.62035534,142.78174182,141.13143499,142.13052616,0,1764871199999,0,3600,0,0,0
1764871200000,142.13571153,142.19998379,140.37265708,140.73891088,0,1764874799999,0,3600,0,0,0
1764874800000,140.73916644,140.81424330,137.84955166,139.65263042,0,1764878399999,0,3600,0,0,0
1764878400000,139.66518850,140.46104655,139.20904823,140.40739497,0,1764881999999,0,3600,0,0,0
1764882000000,140.39582451,140.40829441,138.55775472,138.71316519,0,1764885599999,0,3600,0,0,0
1764885600000,138.71318770,139.75849495,138.71318770,139.38880110,0,1764889199999,0,3600,0,0,0
1764889200000,139.38889824,139.40991084,138.72120877,139.00802772,0,1764892799999,0,3600,0,0,0
