open_time,open,high,low,close,volume,close_time,quote_volume,count,taker_buy_volume,taker_buy_quote_volume,ignore
1684195200000,20.98765788,21.13001590,20.67075623,20.86350492,0,1684209599999,0,14397,0,0,0
1684209600000,20.86350492,21.06659166,20.76712104,21.04297570,0,1684223999999,0,14400,0,0,0
1684224000000,21.04297678,21.09691746,20.80636826,20.88131103,0,1684238399999,0,14397,0,0,0
1684238400000,20.88131103,20.89588892,20.66581406,20.77900292,0,1684252799999,0,14400,0,0,0
1684252800000,20.77900292,20.81001820,20.48004890,20.49992919,0,1684267199999,0,14400,0,0,0
1684267200000,20.50065178,20.72895001,20.44590403,20.67183720,0,1684281599999,0,14400,0,0,0
