open_time,open,high,low,close,volume,close_time,quote_volume,count,taker_buy_volume,taker_buy_quote_volume,ignore
1688428800000,19.26242522,19.40103250,19.22161943,19.36459952,0,1688432399999,0,3600,0,0,0
1688432400000,19.36459952,19.49815594,19.24812021,19.28286274,0,1688435999999,0,3600,0,0,0
1688436000000,19.28286174,19.45167345,19.28286174,19.39097562,0,1688439599999,0,3600,0,0,0
1688439600000,19.39052655,19.42761704,19.27258634,19.29019173,0,1688443199999,0,3600,0,0,0
1688443200000,19.29019173,19.31717252,19.13656196,19.20436552,0,1688446799999,0,3600,0,0,0
1688446800000,19.19861559,19.23899057,19.11237975,19.21530185,0,1688450399999,0,3600,0,0,0
1688450400000,19.21527877,19.26036038,19.08114244,19.18947298,0,1688453999999,0,3600,0,0,0
1688454000000,19.18470117,19.22789927,19.06805966,19.10628287,0,1688457599999,0,3600,0,0,0
1688457600000,19.10628287,19.18496855,19.07230290,19.14931880,0,1688461199999,0,3600,0,0,0
1688461200000,19.14931787,19.21755658,19.08200018,19.21054002,0,1688464799999,0,3600,0,0,0
1688464800000,19.21054002,19.23893864,19.13111993,19.17778429,0,1688468399999,0,3600,0,0,0
1688468400000,19.17780659,19.24819378,19.13369364,19.23535815,0,1688471999999,0,3600,0,0,0
1688472000000,19.23535815,19.34912702,19.21200910,19.33883956,0,1688475599999,0,3600,0,0,0
1688475600000,19.33883869,19.44017190,19.32563150,19.43152036,0,1688479199999,0,3600,0,0,0
1688479200000,19.43152036,19.54619036,19.38339253,19.53267554,0,1688482799999,0,3600,0,0,0
1688482800000,19.53246624,19.92593203,19.52620789,19.84369196,0,1688486399999,0,3600,0,0,0
1688486400000,19.84369196,19.85607055,19.57332935,19.59064683,0,1688489999999,0,3600,0,0,0
1688490000000,19.58980874,19.64176888,19.37006210,19.55172916,0,1688493599999,0,3600,0,0,0
1688493600000,19.54301471,19.54301471,19.40562141,19.45176024,0,1688497199999,0,3600,0,0,0
1688497200000,19.45148029,19.56889962,19.31068325,19.49869005,0,1688500799999,0,3600,0,0,0
1688500800000,19.49909659,19.56918529,19.38106055,19.43093334,0,1688504399999,0,3600,0,0,0
1688504400000,19.43091162,19.45931434,19.37961991,19.42499751,0,1688507999999,0,3600,0,0,0
1688508000000,19.42511375,19.49248493,19.39137514,19.46289574,0,1688511599999,0,3600,0,0,0
1688511600000,19.46289663,19.51886399,19.11134352,19.13363934,0,1688515199999,0,3600,0,0,0
