open_time,open,high,low,close,volume,close_time,quote_volume,count,taker_buy_volume,taker_buy_quote_volume,ignore
1708732800000,99.89056495,100.76107270,99.52142041,100.55550621,0,1708736399999,0,3600,0,0,0
1708736400000,100.55594234,100.56378626,98.50274239,98.72373215,0,1708739999999,0,3600,0,0,0
1708740000000,98.72861305,99.86206763,98.55470688,99.70138450,0,1708743599999,0,3600,0,0,0
1708743600000,99.70064396,100.44772759,99.42775915,100.23297086,0,1708747199999,0,3600,0,0,0
1708747200000,100.23297086,101.26102642,100.19208122,101.07137129,0,1708750799999,0,3600,0,0,0
1708750800000,101.06990787,101.40067495,100.65323433,101.27239378,0,1708754399999,0,3600,0,0,0
1708754400000,101.27239378,101.57782591,101.03345949,101.37167592,0,1708757999999,0,3600,0,0,0
1708758000000,101.37167592,102.24943189,101.17060918,102.24861797,0,1708761599999,0,3600,0,0,0
1708761600000,102.23855545,102.44465351,101.58703312,101.66953729,0,1708765199999,0,3600,0,0,0
1708765200000,101.66954021,102.72551579,101.55218517,102.50278113,0,1708768799999,0,3600,0,0,0
1708768800000,102.50205236,102.79680221,102.12994319,102.28168889,0,1708772399999,0,3600,0,0,0
1708772400000,102.28168596,102.43886922,101.87398575,102.13631811,0,1708775999999,0,3600,0,0,0
1708776000000,102.13143714,102.57290070,101.71905018,102.28346136,0,1708779599999,0,3600,0,0,0
1708779600000,102.28265648,102.54832527,102.04981629,102.29926478,0,1708783199999,0,3600,0,0,0
1708783200000,102.29926478,102.41370537,101.80991572,102.18410477,0,1708786799999,0,3600,0,0,0
1708786800000,102.18410477,102.43720342,101.94841512,101.94895709,0,1708790399999,0,3600,0,0,0
1708790400000,101.95056393,102.71976488,101.90880703,102.53677535,0,1708793999999,0,3600,0,0,0
1708794000000,102.53677242,103.85604293,102.52116267,103.44427495,0,1708797599999,0,3600,0,0,0
1708797600000,103.45500666,103.88113783,103.17023305,103.33382268,0,1708801199999,0,3600,0,0,0
1708801200000,103.33009391,104.15583804,103.24716028,104.07170901,0,1708804799999,0,3600,0,0,0
1708804800000,104.06683391,104.34705277,103.72382521,104.05945035,0,1708808399999,0,3600,0,0,0
1708808400000,104.05945035,104.57968750,103.82402993,104.48668289,0,1708811999999,0,3600,0,0,0
1708812000000,104.48668289,104.77395391,103.98825052,104.11705503,0,1708815599999,0,3600,0,0,0
1708815600000,104.12193308,104.40207496,104.00420677,104.02101604,0,1708819199999,0,3600,0,0,0
