open_time,open,high,low,close,volume,close_time,quote_volume,count,taker_buy_volume,taker_buy_quote_volume,ignore
1723680000000,143.70826177,145.39609499,143.19643624,144.70019657,0,1723694399999,0,14400,0,0,0
1723694400000,144.70019295,144.87749430,141.12120962,142.49024117,0,1723708799999,0,14400,0,0,0
1723708800000,142.49804605,143.51340359,141.29344705,143.14494908,0,1723723199999,0,14400,0,0,0
1723723200000,143.14495265,146.48938646,142.15342357,145.95224734,0,1723737599999,0,14400,0,0,0
1723737600000,145.95224734,147.58228428,137.80387934,140.00648808,0,1723751999999,0,14400,0,0,0
1723752000000,139.99141384,144.80414653,138.74919470,142.57948796,0,1723766399999,0,14400,0,0,0
