open_time,open,high,low,close,volume,close_time,quote_volume,count,taker_buy_volume,taker_buy_quote_volume,ignore
1726012800000,135.62192178,135.90227627,133.30530056,133.63385114,0,1726027199999,0,14400,0,0,0
1726027200000,133.63311599,133.63311599,131.09744248,132.44063707,0,1726041599999,0,14400,0,0,0
1726041600000,132.44063707,132.44063707,130.38733032,131.98257065,0,1726055999999,0,14400,0,0,0
1726056000000,131.98393104,133.30304851,128.22560702,131.20619061,0,1726070399999,0,14400,0,0,0
1726070400000,131.16850177,133.56412380,131.09904814,132.72413419,0,1726084799999,0,14400,0,0,0
1726084800000,132.71301385,133.09524914,132.02177848,132.40996712,0,1726099199999,0,14400,0,0,0
