open_time,open,high,low,close,volume,close_time,quote_volume,count,taker_buy_volume,taker_buy_quote_volume,ignore
1685577600000,20.81925932,20.97830876,20.43439983,20.70227114,0,1685591999999,0,14400,0,0,0
1685592000000,20.70227221,20.73848224,20.55823696,20.61348080,0,1685606399999,0,14400,0,0,0
1685606400000,20.61350585,20.72886054,20.58490995,20.71905105,0,1685620799999,0,14398,0,0,0
1685620800000,20.71904998,20.89868322,20.62529057,20.68714591,0,1685635199999,0,14400,0,0,0
1685635200000,20.68714698,20.85796576,20.53000079,20.67832857,0,1685649599999,0,14398,0,0,0
1685649600000,20.67854243,20.71422133,20.42223244,20.49468870,0,1685663999999,0,14400,0,0,0
