open_time,open,high,low,close,volume,close_time,quote_volume,count,taker_buy_volume,taker_buy_quote_volume,ignore
1742515200000,127.60007880,129.07183005,127.37534338,127.95340726,0,1742529599999,0,14400,0,0,0
1742529600000,127.95288862,128.74940022,127.40557811,128.06996720,0,1742543999999,0,14400,0,0,0
1742544000000,128.07210811,129.09945946,125.76516816,126.40230732,0,1742558399999,0,14400,0,0,0
1742558400000,126.40230732,127.76459016,125.41284108,125.97217232,0,1742572799999,0,14400,0,0,0
1742572800000,125.98191557,129.69763935,124.86417697,128.22545359,0,1742587199999,0,14400,0,0,0
1742587200000,128.23060224,130.17610657,127.57178607,128.47831378,0,1742601599999,0,14400,0,0,0
