open_time,open,high,low,close,volume,close_time,quote_volume,count,taker_buy_volume,taker_buy_quote_volume,ignore
1696464000000,23.12992854,23.74564613,23.04631454,23.23475531,0,1696478399999,0,14400,0,0,0
1696478400000,23.23475531,23.47945008,22.83596615,23.00575579,0,1696492799999,0,14400,0,0,0
1696492800000,23.00667704,23.34500503,22.89228553,23.21822246,0,1696507199999,0,14400,0,0,0
1696507200000,23.21822246,23.57637691,22.64163452,22.81125483,0,1696521599999,0,14400,0,0,0
1696521600000,22.81163932,23.05307719,22.58075404,22.79781787,0,1696535999999,0,14400,0,0,0
1696536000000,22.79878827,22.85308960,22.61445621,22.69225113,0,1696550399999,0,14400,0,0,0
