open_time,open,high,low,close,volume,close_time,quote_volume,count,taker_buy_volume,taker_buy_quote_volume,ignore
1732406400000,254.87073692,259.74331711,254.51802896,258.58095166,0,1732420799999,0,14400,0,0,0
1732420800000,258.57192342,259.18973049,254.16837907,256.67551391,0,1732435199999,0,14400,0,0,0
1732435200000,256.64301467,256.75842362,248.06269707,248.42853076,0,1732449599999,0,14400,0,0,0
1732449600000,248.40959962,250.15436608,241.20944145,244.17755611,0,1732463999999,0,14400,0,0,0
1732464000000,244.18531593,250.32669745,243.68789046,248.59446056,0,1732478399999,0,14400,0,0,0
1732478400000,248.59519226,254.70724899,248.18511728,252.72307523,0,1732492799999,0,14400,0,0,0
