open_time,open,high,low,close,volume,close_time,quote_volume,count,taker_buy_volume,taker_buy_quote_volume,ignore
1726704000000,134.31584094,138.63219707,134.28771607,138.00668194,0,1726718399999,0,14400,0,0,0
1726718400000,138.00668194,139.10190190,137.60860972,138.55906172,0,1726732799999,0,14400,0,0,0
1726732800000,138.55888812,139.59561272,138.27021066,139.48359593,0,1726747199999,0,14400,0,0,0
1726747200000,139.48140080,142.99749077,139.45039211,142.95250143,0,1726761599999,0,14400,0,0,0
1726761600000,142.95811450,143.99799912,142.52258110,143.03071444,0,1726775999999,0,14400,0,0,0
1726776000000,143.02906525,143.75238989,141.12585370,142.87336232,0,1726790399999,0,14400,0,0,0
