open_time,open,high,low,close,volume,close_time,quote_volume,count,taker_buy_volume,taker_buy_quote_volume,ignore
1778198400000,88.41542781,88.64336153,88.12679543,88.25122583,0,1778201999999,0,3600,0,0,0
1778202000000,88.25453982,88.36533985,87.92658742,88.13842105,0,1778205599999,0,3600,0,0,0
1778205600000,88.13473684,88.31842105,87.63315789,88.05631579,0,1778209199999,0,3600,0,0,0
1778209200000,88.05631579,88.36605263,87.66263158,88.23236842,0,1778212799999,0,3600,0,0,0
1778212800000,88.23157895,88.36289474,88.02421053,88.17000000,0,1778216399999,0,3600,0,0,0
1778216400000,88.17000000,88.41763158,88.05236842,88.06078947,0,1778219999999,0,3600,0,0,0
1778220000000,88.05605263,88.27578947,87.83631579,88.04210526,0,1778223599999,0,3600,0,0,0
1778223600000,88.04289474,88.22228736,87.66710526,88.21780714,0,1778227199999,0,3600,0,0,0
1778227200000,88.21848896,88.61130330,88.01741008,88.36806112,0,1778230799999,0,3600,0,0,0
1778230800000,88.36947141,88.70667697,88.23474761,88.42716432,0,1778234399999,0,3600,0,0,0
1778234400000,88.42705767,88.72419211,88.30224686,88.63862889,0,1778237999999,0,3600,0,0,0
1778238000000,88.63428746,88.72659657,88.48598583,88.64075957,0,1778241599999,0,3600,0,0,0
1778241600000,88.64004694,88.82172645,88.39223940,88.46969179,0,1778245199999,0,3600,0,0,0
1778245200000,88.46521709,88.55260177,88.02721252,88.30359359,0,1778248799999,0,3600,0,0,0
1778248800000,88.32880351,89.37112004,88.32782536,89.14652653,0,1778252399999,0,3600,0,0,0
1778252400000,89.14257949,89.59498528,88.44214602,89.58318924,0,1778255999999,0,3600,0,0,0
1778256000000,89.58443567,89.76581115,89.35517769,89.60858101,0,1778259599999,0,3600,0,0,0
1778259600000,89.60245005,91.89644575,89.58015120,91.65228654,0,1778263199999,0,3600,0,0,0
1778263200000,91.64760913,92.55112086,91.64491476,92.31548336,0,1778266799999,0,3600,0,0,0
1778266800000,92.32203861,92.77051694,92.06081374,92.58435502,0,1778270399999,0,3600,0,0,0
1778270400000,92.58748460,92.65284718,92.03376326,92.10854058,0,1778273999999,0,3600,0,0,0
1778274000000,92.10855147,92.38220750,91.76055629,92.30920773,0,1778277599999,0,3600,0,0,0
1778277600000,92.30462451,92.69225106,92.25681057,92.29633029,0,1778281199999,0,3600,0,0,0
1778281200000,92.29567022,92.29700525,91.75901650,92.01551901,0,1778284799999,0,3600,0,0,0
