open_time,open,high,low,close,volume,close_time,quote_volume,count,taker_buy_volume,taker_buy_quote_volume,ignore
1683158400000,22.23151113,22.47869796,22.13765967,22.23343708,0,1683172799999,0,14400,0,0,0
1683172800000,22.23850153,22.34761308,22.10465116,22.10918279,0,1683187199999,0,14400,0,0,0
1683187200000,22.10925874,22.44838016,22.08384761,22.24366743,0,1683201599999,0,14400,0,0,0
1683201600000,22.24366869,22.32655327,21.76083127,21.81678483,0,1683215999999,0,14400,0,0,0
1683216000000,21.81727798,21.91709199,21.61279268,21.74365557,0,1683230399999,0,14400,0,0,0
1683230400000,21.75105497,21.79052617,21.62309216,21.73570506,0,1683244799999,0,14400,0,0,0
