open_time,open,high,low,close,volume,close_time,quote_volume,count,taker_buy_volume,taker_buy_quote_volume,ignore
1757894400000,239.77026316,243.40368421,239.17894737,242.62947368,0,1757908799999,0,14400,0,0,0
1757908800000,242.64000000,243.99473684,236.34210526,237.95789474,0,1757923199999,0,14400,0,0,0
1757923200000,237.98052632,238.08526316,231.71078947,236.45210526,0,1757937599999,0,14400,0,0,0
1757937600000,236.45210526,238.00263158,231.99052632,233.01447368,0,1757951999999,0,14400,0,0,0
1757952000000,233.00315789,234.66526316,230.16552632,232.95105263,0,1757966399999,0,14400,0,0,0
1757966400000,232.98026316,235.37710526,232.77842105,234.32789474,0,1757980799999,0,14400,0,0,0
