open_time,open,high,low,close,volume,close_time,quote_volume,count,taker_buy_volume,taker_buy_quote_volume,ignore
1779321600000,86.16557499,87.02097466,86.10575081,86.84778076,0,1779335999999,0,14400,0,0,0
1779336000000,86.84905497,87.18363926,86.22827871,86.63834966,0,1779350399999,0,14400,0,0,0
1779350400000,86.63972925,87.18637562,85.58105194,85.58505575,0,1779364799999,0,14400,0,0,0
1779364800000,85.58495790,86.88057666,85.34673025,86.45866954,0,1779379199999,0,14400,0,0,0
1779379200000,86.46002258,87.98084276,86.05270913,87.83060506,0,1779393599999,0,14400,0,0,0
1779393600000,87.82530028,87.90998409,87.03538174,87.34119811,0,1779407999999,0,14400,0,0,0
