open_time,open,high,low,close,volume,close_time,quote_volume,count,taker_buy_volume,taker_buy_quote_volume,ignore
1758585600000,220.38552632,221.40210526,219.43631579,219.68921053,0,1758589199999,0,3600,0,0,0
1758589200000,219.69605263,219.90447368,216.60342105,216.60710526,0,1758592799999,0,3600,0,0,0
1758592800000,216.60710526,217.85684211,214.11052632,214.11552632,0,1758596399999,0,3600,0,0,0
1758596400000,214.11500000,217.79789474,212.36842105,216.93263158,0,1758599999999,0,3600,0,0,0
1758600000000,216.95210526,217.41447368,214.03315789,215.78157895,0,1758603599999,0,3600,0,0,0
1758603600000,215.77842105,217.79605263,214.68763158,216.94842105,0,1758607199999,0,3600,0,0,0
1758607200000,216.95368421,220.22394737,216.94289474,219.22368421,0,1758610799999,0,3600,0,0,0
1758610800000,219.22368421,219.46447368,218.63289474,218.96342105,0,1758614399999,0,3600,0,0,0
1758614400000,218.99052632,220.31605263,218.45868421,220.06236842,0,1758617999999,0,3600,0,0,0
1758618000000,220.06763158,220.86236842,218.24552632,218.67394737,0,1758621599999,0,3600,0,0,0
1758621600000,218.67394737,219.25763158,218.24552632,219.08842105,0,1758625199999,0,3600,0,0,0
1758625200000,219.08473684,219.62684211,217.87789474,219.35921053,0,1758628799999,0,3600,0,0,0
1758628800000,219.35289474,220.63973684,218.75473684,219.88289474,0,1758632399999,0,3600,0,0,0
1758632400000,219.88289474,220.14578947,218.60500000,219.03684211,0,1758635999999,0,3600,0,0,0
1758636000000,219.03684211,220.63605263,217.61473684,217.70078947,0,1758639599999,0,3600,0,0,0
1758639600000,217.69973684,219.91736842,217.04236842,219.28605263,0,1758643199999,0,3600,0,0,0
1758643200000,219.28000000,221.62315789,217.85394737,220.44710526,0,1758646799999,0,3600,0,0,0
1758646800000,220.44236842,220.56894737,215.92236842,216.73789474,0,1758650399999,0,3600,0,0,0
1758650400000,216.74236842,217.19815789,215.29684211,215.80763158,0,1758653999999,0,3600,0,0,0
1758654000000,215.79000000,217.15157895,214.39578947,214.57000000,0,1758657599999,0,3600,0,0,0
1758657600000,214.55210526,215.31526316,213.27500000,215.29842105,0,1758661199999,0,3600,0,0,0
1758661200000,215.29763158,216.66289474,214.47394737,215.83842105,0,1758664799999,0,3600,0,0,0
1758664800000,215.83763158,216.43921053,214.76078947,215.28368421,0,1758668399999,0,3600,0,0,0
1758668400000,215.28368421,215.96000000,213.26815789,213.29000000,0,1758671999999,0,3600,0,0,0
