open_time,open,high,low,close,volume,close_time,quote_volume,count,taker_buy_volume,taker_buy_quote_volume,ignore
1678147200000,20.62638364,20.95278505,20.44760031,20.79182359,0,1678161599999,0,14400,0,0,0
1678161600000,20.79184078,20.85333954,20.68531320,20.70249665,0,1678175999999,0,14400,0,0,0
1678176000000,20.70793459,20.73299857,20.28417676,20.30044520,0,1678190399999,0,14400,0,0,0
1678190400000,20.30063983,20.63305370,19.93503388,20.42521218,0,1678204799999,0,14400,0,0,0
1678204800000,20.42458180,20.50482707,19.99027004,20.02387427,0,1678219199999,0,14400,0,0,0
1678219200000,20.01879664,20.27711584,19.72485391,20.24528126,0,1678233599999,0,14400,0,0,0
