open_time,open,high,low,close,volume,close_time,quote_volume,count,taker_buy_volume,taker_buy_quote_volume,ignore
1747785600000,168.58442105,170.90028947,166.81465789,169.97392105,0,1747799999999,0,14400,0,0,0
1747800000000,169.96865789,171.72944737,168.34042105,168.82792105,0,1747814399999,0,14400,0,0,0
1747814400000,168.82871053,169.64134211,167.36800000,169.33913158,0,1747828799999,0,14400,0,0,0
1747828800000,169.33834211,173.61644737,168.37534211,172.15531579,0,1747843199999,0,14400,0,0,0
1747843200000,172.16057895,174.92078947,165.71100000,171.20331579,0,1747857599999,0,14400,0,0,0
1747857600000,171.20450000,175.85884211,169.14610526,173.54436842,0,1747871999999,0,14400,0,0,0
