open_time,open,high,low,close,volume,close_time,quote_volume,count,taker_buy_volume,taker_buy_quote_volume,ignore
1754956800000,174.84394737,176.73157895,174.67973684,175.54026316,0,1754971199999,0,14400,0,0,0
1754971200000,175.54315789,176.63921053,173.64421053,175.89552632,0,1754985599999,0,14400,0,0,0
1754985600000,175.90078947,176.49894737,173.72710526,175.24105263,0,1754999999999,0,14400,0,0,0
1755000000000,175.24184211,182.02868421,174.74815789,181.69315789,0,1755014399999,0,14400,0,0,0
1755014400000,181.69315789,191.05157895,180.79868421,190.58710526,0,1755028799999,0,14400,0,0,0
1755028800000,190.59973684,193.72289474,189.63342105,191.76842105,0,1755043199999,0,14400,0,0,0
