open_time,open,high,low,close,volume,close_time,quote_volume,count,taker_buy_volume,taker_buy_quote_volume,ignore
1662336000000,32.15463670,32.47513462,32.06278651,32.10024608,0,1662350399999,0,14400,0,0,0
1662350400000,32.10298718,32.18519539,31.47578129,31.68238112,0,1662364799999,0,14400,0,0,0
1662364800000,31.68226013,31.74127951,31.15544041,31.27153173,0,1662379199999,0,14400,0,0,0
1662379200000,31.27161709,31.91890548,31.18335728,31.85388336,0,1662393599999,0,14398,0,0,0
1662393600000,31.85402892,32.00738046,31.69869693,31.72944341,0,1662407999999,0,14400,0,0,0
1662408000000,31.72333396,32.40970737,31.72152375,32.17558262,0,1662422399999,0,14400,0,0,0
