open_time,open,high,low,close,volume,close_time,quote_volume,count,taker_buy_volume,taker_buy_quote_volume,ignore
1777852800000,83.90763062,83.90903359,83.36379156,83.78175977,0,1777856399999,0,3600,0,0,0
1777856400000,83.78174791,84.85133910,83.43728463,84.73883164,0,1777859999999,0,3600,0,0,0
1777860000000,84.74251208,85.59392784,84.74251208,85.26165990,0,1777863599999,0,3600,0,0,0
1777863600000,85.26607270,85.57586065,85.11375351,85.40014785,0,1777867199999,0,3600,0,0,0
1777867200000,85.40454857,85.87446162,85.38700266,85.75650932,0,1777870799999,0,3600,0,0,0
1777870800000,85.75649386,85.79079645,85.34513693,85.37589270,0,1777874399999,0,3600,0,0,0
1777874400000,85.38045713,85.40535388,84.53512704,84.86976657,0,1777877999999,0,3600,0,0,0
1777878000000,84.87023449,85.00566542,84.69183955,84.87671265,0,1777881599999,0,3600,0,0,0
1777881600000,84.87674090,84.89736764,84.62915080,84.76859465,0,1777885199999,0,3600,0,0,0
1777885200000,84.76860682,85.18983061,84.68515114,85.04331857,0,1777888799999,0,3600,0,0,0
1777888800000,85.04345069,85.06540833,83.28677146,84.04050043,0,1777892399999,0,3600,0,0,0
1777892400000,84.04180500,84.14313500,83.84683726,83.95977834,0,1777895999999,0,3600,0,0,0
1777896000000,83.96050387,84.15206118,83.85680944,83.91770370,0,1777899599999,0,3600,0,0,0
1777899600000,83.91672619,84.32039278,83.62687219,83.99799847,0,1777903199999,0,3600,0,0,0
1777903200000,84.00229556,85.31024772,83.80247332,84.99448585,0,1777906799999,0,3600,0,0,0
1777906800000,84.99390532,85.16566086,84.02592626,84.48368880,0,1777910399999,0,3600,0,0,0
1777910400000,84.47795823,84.78032256,83.99961742,84.48578964,0,1777913999999,0,3600,0,0,0
1777914000000,84.48569352,85.16374553,84.48338963,84.93966940,0,1777917599999,0,3600,0,0,0
1777917600000,84.93670750,85.03269253,84.58399576,84.73604846,0,1777921199999,0,3600,0,0,0
1777921200000,84.73601022,84.75450516,84.37140098,84.44085754,0,1777924799999,0,3600,0,0,0
1777924800000,84.44050734,84.44341616,84.06066189,84.08463943,0,1777928399999,0,3600,0,0,0
1777928400000,84.08390056,84.50413023,84.07966568,84.42388470,0,1777931999999,0,3600,0,0,0
1777932000000,84.42386678,84.55290793,84.17760985,84.21385153,0,1777935599999,0,3600,0,0,0
1777935600000,84.21380796,84.22405049,84.02477341,84.09809942,0,1777939199999,0,3600,0,0,0
