open_time,open,high,low,close,volume,close_time,quote_volume,count,taker_buy_volume,taker_buy_quote_volume,ignore
1672358400000,9.63890893,10.23017924,9.40041998,9.90111080,0,1672361999999,0,3600,0,0,0
1672362000000,9.90145510,9.96802041,9.58572645,9.68742767,0,1672365599999,0,3600,0,0,0
1672365600000,9.68187611,9.96201164,9.46825507,9.57250729,0,1672369199999,0,3597,0,0,0
1672369200000,9.57242925,9.78348785,9.50237807,9.52085406,0,1672372799999,0,3600,0,0,0
1672372800000,9.52083781,9.71430657,9.51069028,9.64485694,0,1672376399999,0,3600,0,0,0
1672376400000,9.64466117,9.64961647,9.30262906,9.32765761,0,1672379999999,0,3600,0,0,0
1672380000000,9.32184529,9.47644493,9.29080960,9.38731594,0,1672383599999,0,3600,0,0,0
1672383600000,9.38732601,9.42587463,9.09289458,9.13638570,0,1672387199999,0,3600,0,0,0
1672387200000,9.13209948,9.23778211,9.00901620,9.13878433,0,1672390799999,0,3600,0,0,0
1672390800000,9.13858879,9.22570033,9.06656957,9.13321673,0,1672394399999,0,3600,0,0,0
1672394400000,9.13328336,9.20987000,9.07468449,9.08337879,0,1672397999999,0,3600,0,0,0
1672398000000,9.09206155,9.18924581,9.08243301,9.12468430,0,1672401599999,0,3600,0,0,0
1672401600000,9.12463342,10.00705427,9.11238223,9.50985420,0,1672405199999,0,3600,0,0,0
1672405200000,9.51546770,9.71801514,9.46066447,9.52287102,0,1672408799999,0,3600,0,0,0
1672408800000,9.52346760,9.67677039,9.39549179,9.50085731,0,1672412399999,0,3600,0,0,0
1672412400000,9.50085731,9.67094948,9.46083672,9.57076537,0,1672415999999,0,3600,0,0,0
1672416000000,9.57208520,9.63713574,9.49770167,9.61349968,0,1672419599999,0,3600,0,0,0
1672419600000,9.61351984,9.95852545,9.58306356,9.83411062,0,1672423199999,0,3600,0,0,0
1672423200000,9.83131426,10.05145467,9.77269238,9.97138177,0,1672426799999,0,3600,0,0,0
1672426800000,9.94393033,9.96242312,9.79022899,9.85263248,0,1672430399999,0,3600,0,0,0
1672430400000,9.85299497,10.06386967,9.83299383,9.85292801,0,1672433999999,0,3600,0,0,0
1672434000000,9.85714949,9.98607291,9.80071092,9.81931171,0,1672437599999,0,3600,0,0,0
1672437600000,9.82378452,9.87586767,9.70653486,9.81415493,0,1672441199999,0,3600,0,0,0
1672441200000,9.81838570,9.91929219,9.80656539,9.90202377,0,1672444799999,0,3600,0,0,0
