open_time,open,high,low,close,volume,close_time,quote_volume,count,taker_buy_volume,taker_buy_quote_volume,ignore
1709078400000,108.36486472,109.29277745,107.26066965,107.58130918,0,1709092799999,0,14400,0,0,0
1709092800000,107.56957747,110.13213907,107.54458724,110.03707427,0,1709107199999,0,14400,0,0,0
1709107200000,110.06353299,114.95814395,109.21919732,111.39266694,0,1709121599999,0,14400,0,0,0
1709121600000,111.38617914,113.30420141,110.52891415,113.06173099,0,1709135999999,0,14400,0,0,0
1709136000000,113.06099928,116.84603271,107.47385489,111.33416596,0,1709150399999,0,14400,0,0,0
1709150400000,111.33637109,119.06812054,110.15215078,119.03307990,0,1709164799999,0,14400,0,0,0
