open_time,open,high,low,close,volume,close_time,quote_volume,count,taker_buy_volume,taker_buy_quote_volume,ignore
1779840000000,83.71848911,84.19050285,83.50282054,83.63361180,0,1779854399999,0,14400,0,0,0
1779854400000,83.63192243,84.20715724,82.92365548,84.20560343,0,1779868799999,0,14400,0,0,0
1779868800000,84.20550908,84.41038338,83.61545039,83.93686873,0,1779883199999,0,14400,0,0,0
1779883200000,83.93812243,84.82388162,82.99298652,84.42801152,0,1779897599999,0,14400,0,0,0
1779897600000,84.42800021,84.74229728,83.17130267,83.91685134,0,1779911999999,0,14400,0,0,0
1779912000000,83.91799372,84.13441065,82.12875339,82.43722256,0,1779926399999,0,14400,0,0,0
