open_time,open,high,low,close,volume,close_time,quote_volume,count,taker_buy_volume,taker_buy_quote_volume,ignore
1699747200000,56.34377244,57.87427430,54.52936375,57.40165105,0,1699761599999,0,14400,0,0,0
1699761600000,57.39699989,61.84685235,56.49452387,61.09334256,0,1699775999999,0,14400,0,0,0
1699776000000,61.09327375,61.39611764,58.49790510,59.97254870,0,1699790399999,0,14400,0,0,0
1699790400000,59.97358054,60.38534726,57.76036913,58.61813959,0,1699804799999,0,14400,0,0,0
1699804800000,58.61778351,58.74268638,55.51315039,56.03084092,0,1699819199999,0,14400,0,0,0
1699819200000,56.02977486,57.52887375,55.65802785,56.28397179,0,1699833599999,0,14400,0,0,0
