open_time,open,high,low,close,volume,close_time,quote_volume,count,taker_buy_volume,taker_buy_quote_volume,ignore
1759017600000,203.45684211,204.04947368,200.85000000,201.40526316,0,1759031999999,0,14400,0,0,0
1759032000000,201.40526316,202.43736842,200.39157895,202.10184211,0,1759046399999,0,14400,0,0,0
1759046400000,202.10710526,202.67394737,199.27184211,199.85368421,0,1759060799999,0,14400,0,0,0
1759060800000,199.85447368,203.51394737,198.01578947,203.40394737,0,1759075199999,0,14400,0,0,0
1759075200000,203.41315789,206.64236842,203.26315789,206.18078947,0,1759089599999,0,14400,0,0,0
1759089600000,206.17552632,210.93789474,206.03026316,210.84473684,0,1759103999999,0,14400,0,0,0
