open_time,open,high,low,close,volume,close_time,quote_volume,count,taker_buy_volume,taker_buy_quote_volume,ignore
1748995200000,155.20557895,155.71502632,154.18960526,155.46794737,0,1748998799999,0,3600,0,0,0
1748998800000,155.47321053,157.29831579,155.24786842,156.79850000,0,1749002399999,0,3600,0,0,0
1749002400000,156.79402632,157.62400000,155.95655263,156.03384211,0,1749005999999,0,3600,0,0,0
1749006000000,156.03384211,157.46628947,155.96623684,156.55960526,0,1749009599999,0,3600,0,0,0
1749009600000,156.55960526,156.91573684,156.17276316,156.44123684,0,1749013199999,0,3600,0,0,0
1749013200000,156.44202632,156.82463158,155.72418421,156.46300000,0,1749016799999,0,3600,0,0,0
1749016800000,156.46300000,157.01684211,156.01118421,156.43913158,0,1749020399999,0,3600,0,0,0
1749020400000,156.43473684,156.87118421,156.04647368,156.42505263,0,1749023999999,0,3600,0,0,0
1749024000000,156.42505263,157.17942105,156.42057895,156.69442105,0,1749027599999,0,3600,0,0,0
1749027600000,156.69363158,157.78715789,156.26521053,157.53510526,0,1749031199999,0,3600,0,0,0
1749031200000,157.53510526,157.89218421,156.46031579,156.63355263,0,1749034799999,0,3600,0,0,0
1749034800000,156.63355263,156.85463158,155.72757895,155.91189474,0,1749038399999,0,3600,0,0,0
1749038400000,155.91873684,156.35581579,155.15121053,155.68686842,0,1749041999999,0,3600,0,0,0
1749042000000,155.68134211,156.86336842,155.31307895,155.73173684,0,1749045599999,0,3600,0,0,0
1749045600000,155.73331579,156.86534211,154.58647368,156.84526316,0,1749049199999,0,3600,0,0,0
1749049200000,156.84815789,157.94731579,156.55865789,157.12713158,0,1749052799999,0,3600,0,0,0
1749052800000,157.12186842,157.55973684,156.40352632,157.36431579,0,1749056399999,0,3600,0,0,0
1749056400000,157.36431579,157.41581579,155.58423684,156.06731579,0,1749059999999,0,3600,0,0,0
1749060000000,156.06731579,156.51921053,155.53047368,155.63007895,0,1749063599999,0,3600,0,0,0
1749063600000,155.62771053,155.98952632,155.27952632,155.38684211,0,1749067199999,0,3600,0,0,0
1749067200000,155.38060526,155.49921053,153.99557895,154.52507895,0,1749070799999,0,3600,0,0,0
1749070800000,154.51981579,155.58944737,153.89594737,155.07118421,0,1749074399999,0,3600,0,0,0
1749074400000,155.07039474,155.21347368,153.32531579,153.53434211,0,1749077999999,0,3600,0,0,0
1749078000000,153.53434211,153.75300000,152.98192105,153.25589474,0,1749081599999,0,3600,0,0,0
