open_time,open,high,low,close,volume,close_time,quote_volume,count,taker_buy_volume,taker_buy_quote_volume,ignore
1784073600000,77.86704514,77.91939968,77.04185464,77.79107744,0,1784087999999,0,14400,0,0,0
1784088000000,77.78648187,78.66709581,77.40386136,77.41450368,0,1784102399999,0,14400,0,0,0
1784102400000,77.41446353,77.90485302,77.24065787,77.52127891,0,1784116799999,0,14400,0,0,0
1784116800000,77.52154000,79.02627040,77.26275676,78.06392742,0,1784131199999,0,14400,0,0,0
1784131200000,78.06479765,78.11390696,76.95698093,77.15545280,0,1784145599999,0,14400,0,0,0
1784145600000,77.16535396,77.72484112,77.10935571,77.28259217,0,1784159999999,0,14400,0,0,0
