open_time,open,high,low,close,volume,close_time,quote_volume,count,taker_buy_volume,taker_buy_quote_volume,ignore
1735430400000,195.49767991,195.68290649,192.45645342,194.77410133,0,1735444799999,0,14400,0,0,0
1735444800000,194.77598083,197.32243823,194.10268936,196.04329485,0,1735459199999,0,14400,0,0,0
1735459200000,196.04769045,197.29541264,194.90971451,196.10169289,0,1735473599999,0,14400,0,0,0
1735473600000,196.10301157,197.64985381,192.92253643,195.17239940,0,1735487999999,0,14400,0,0,0
1735488000000,195.17503949,195.47273039,192.18968978,192.71583608,0,1735502399999,0,14400,0,0,0
1735502400000,192.71583687,192.78877497,188.59054993,189.95829907,0,1735516799999,0,14400,0,0,0
