open_time,open,high,low,close,volume,close_time,quote_volume,count,taker_buy_volume,taker_buy_quote_volume,ignore
1778284800000,92.01550668,93.80601617,91.85173628,93.64266812,0,1778299199999,0,14400,0,0,0
1778299200000,93.63810711,94.10201381,92.85566774,93.75445219,0,1778313599999,0,14400,0,0,0
1778313600000,93.75451611,93.93840512,93.08983498,93.62629273,0,1778327999999,0,14400,0,0,0
1778328000000,93.62329712,93.73398600,92.41511890,93.00000777,0,1778342399999,0,14400,0,0,0
1778342400000,92.99798465,93.63150518,92.69965793,93.50998441,0,1778356799999,0,14400,0,0,0
1778356800000,93.50494147,93.54393972,93.05373202,93.12887819,0,1778371199999,0,14400,0,0,0
