open_time,open,high,low,close,volume,close_time,quote_volume,count,taker_buy_volume,taker_buy_quote_volume,ignore
1739404800000,196.77916511,198.17684038,195.04325813,198.17684038,0,1739419199999,0,14400,0,0,0
1739419200000,198.18183737,198.44522775,192.75176488,193.08709558,0,1739433599999,0,14400,0,0,0
1739433600000,193.08290953,193.51020371,191.12459064,191.89540442,0,1739447999999,0,14397,0,0,0
1739448000000,191.89645059,193.10984261,188.95393178,191.97056224,0,1739462399999,0,14398,0,0,0
1739462400000,191.95448897,194.58673881,190.03076652,192.66963994,0,1739476799999,0,14400,0,0,0
1739476800000,192.67498878,195.44275195,192.58793314,194.25242121,0,1739491199999,0,14400,0,0,0
