open_time,open,high,low,close,volume,close_time,quote_volume,count,taker_buy_volume,taker_buy_quote_volume,ignore
1744761600000,126.10623684,127.30868421,124.87897368,126.44907895,0,1744775999999,0,14400,0,0,0
1744776000000,126.44907895,126.67463158,124.50368421,124.78871053,0,1744790399999,0,14400,0,0,0
1744790400000,124.77423684,126.60873684,123.53128947,126.26281579,0,1744804799999,0,14398,0,0,0
1744804800000,126.25755263,129.47400000,124.51336842,128.38228947,0,1744819199999,0,14400,0,0,0
1744819200000,128.37018421,133.80123684,124.91602632,132.47560526,0,1744833599999,0,14400,0,0,0
1744833600000,132.47902632,133.66207895,130.80186842,131.33150000,0,1744847999999,0,14400,0,0,0
