open_time,open,high,low,close,volume,close_time,quote_volume,count,taker_buy_volume,taker_buy_quote_volume,ignore
1778889600000,89.23907424,89.42839493,89.15219176,89.21733523,0,1778893199999,0,3600,0,0,0
1778893200000,89.21732590,89.33940045,88.96229698,89.29483717,0,1778896799999,0,3600,0,0,0
1778896800000,89.29560031,89.37534293,88.97936722,89.19434407,0,1778900399999,0,3600,0,0,0
1778900400000,89.19440012,89.26714093,89.00019696,89.05719615,0,1778903999999,0,3600,0,0,0
1778904000000,89.05580204,89.07187151,88.21893173,88.85573752,0,1778907599999,0,3600,0,0,0
1778907600000,88.85630612,88.90857446,88.28528559,88.57111501,0,1778911199999,0,3600,0,0,0
1778911200000,88.57105476,88.65650709,87.84397232,88.01338805,0,1778914799999,0,3600,0,0,0
1778914800000,88.01339546,88.01339574,86.75742568,87.46764750,0,1778918399999,0,3600,0,0,0
1778918400000,87.46719201,87.61387847,87.37298613,87.48958432,0,1778921999999,0,3600,0,0,0
1778922000000,87.48517545,87.51124870,85.82097243,86.04654384,0,1778925599999,0,3600,0,0,0
1778925600000,86.05113649,86.13889619,85.54351479,86.00030619,0,1778929199999,0,3600,0,0,0
1778929200000,86.00036633,86.31582181,86.00036633,86.10857491,0,1778932799999,0,3600,0,0,0
1778932800000,86.10993885,86.42463639,86.01899588,86.25208203,0,1778936399999,0,3600,0,0,0
1778936400000,86.25202325,86.33418997,86.11928294,86.24672332,0,1778939999999,0,3600,0,0,0
1778940000000,86.24797682,86.66295370,86.07636650,86.39922057,0,1778943599999,0,3600,0,0,0
1778943600000,86.39908046,86.66757024,86.27587108,86.49506763,0,1778947199999,0,3600,0,0,0
1778947200000,86.49510907,86.77852546,86.37960551,86.62293659,0,1778950799999,0,3600,0,0,0
1778950800000,86.63103011,86.95306493,86.63019726,86.80514469,0,1778954399999,0,3600,0,0,0
1778954400000,86.80521705,86.96005078,86.62847909,86.81882688,0,1778957999999,0,3600,0,0,0
1778958000000,86.81883730,86.85469159,86.65729145,86.69326571,0,1778961599999,0,3600,0,0,0
1778961600000,86.69325454,86.88830478,86.68064159,86.68064159,0,1778965199999,0,3600,0,0,0
1778965200000,86.67999138,86.76777690,86.50076075,86.59128984,0,1778968799999,0,3600,0,0,0
1778968800000,86.59130536,86.69074758,86.45704085,86.54127661,0,1778972399999,0,3600,0,0,0
1778972400000,86.54197659,86.69934510,86.49447201,86.54627688,0,1778975999999,0,3600,0,0,0
