open_time,open,high,low,close,volume,close_time,quote_volume,count,taker_buy_volume,taker_buy_quote_volume,ignore
1760832000000,187.56157895,187.86131579,184.91500000,187.03526316,0,1760846399999,0,14400,0,0,0
1760846400000,187.03842105,187.67184211,185.20000000,185.89789474,0,1760860799999,0,14400,0,0,0
1760860800000,185.89789474,190.03710526,183.22736842,189.00394737,0,1760875199999,0,14400,0,0,0
1760875200000,189.00631579,191.69684211,188.13342105,190.77789474,0,1760889599999,0,14400,0,0,0
1760889600000,190.78315789,192.26342105,188.35394737,188.88500000,0,1760903999999,0,14400,0,0,0
1760904000000,188.89105263,190.12578947,186.93710526,187.86552632,0,1760918399999,0,14400,0,0,0
