open_time,open,high,low,close,volume,close_time,quote_volume,count,taker_buy_volume,taker_buy_quote_volume,ignore
1718496000000,145.50556745,145.56249297,143.90841467,143.99907125,0,1718510399999,0,14400,0,0,0
1718510400000,143.99833955,145.24765073,143.08484409,144.49270420,0,1718524799999,0,14400,0,0,0
1718524800000,144.48782934,145.71910986,143.83547720,145.01350560,0,1718539199999,0,14400,0,0,0
1718539200000,145.01204219,148.75624130,144.81564554,148.54342318,0,1718553599999,0,14400,0,0,0
1718553600000,148.53342318,149.27575719,147.60757506,148.79071211,0,1718567999999,0,14400,0,0,0
1718568000000,148.78656904,151.29153169,148.40214357,151.28729029,0,1718582399999,0,14400,0,0,0
