open_time,open,high,low,close,volume,close_time,quote_volume,count,taker_buy_volume,taker_buy_quote_volume,ignore
1677110400000,24.15633906,24.22634714,23.99766439,24.02044779,0,1677113999999,0,3600,0,0,0
1677114000000,24.02083070,24.21399046,23.96321173,24.16500723,0,1677117599999,0,3600,0,0,0
1677117600000,24.16126699,24.63201001,24.16097711,24.60133558,0,1677121199999,0,3600,0,0,0
1677121200000,24.60519864,24.68327218,24.41794082,24.44137649,0,1677124799999,0,3598,0,0,0
1677124800000,24.44141565,24.57576897,24.38302036,24.57454861,0,1677128399999,0,3600,0,0,0
1677128400000,24.57455890,24.57487916,24.34586161,24.37045006,0,1677131999999,0,3599,0,0,0
1677132000000,24.36614210,24.41665198,24.24161748,24.34952981,0,1677135599999,0,3597,0,0,0
1677135600000,24.34925359,24.55092516,24.34925359,24.50308087,0,1677139199999,0,3600,0,0,0
1677139200000,24.50312887,24.62822595,24.46190646,24.47302064,0,1677142799999,0,3598,0,0,0
1677142800000,24.47304302,24.59540875,24.32382185,24.32382185,0,1677146399999,0,3600,0,0,0
1677146400000,24.31748188,24.41451746,24.27405866,24.38018713,0,1677149999999,0,3600,0,0,0
1677150000000,24.38029064,24.45309327,23.61198440,23.75876358,0,1677153599999,0,3600,0,0,0
1677153600000,23.75891289,24.08273677,23.60835373,24.03111979,0,1677157199999,0,3600,0,0,0
1677157200000,24.03046381,24.37790051,24.01263752,24.16765279,0,1677160799999,0,3600,0,0,0
1677160800000,24.16762322,24.28235678,24.03345314,24.06804426,0,1677164399999,0,3600,0,0,0
1677164400000,24.07241357,24.08837233,23.80061228,23.87511668,0,1677167999999,0,3600,0,0,0
1677168000000,23.87490427,23.91767442,23.74951343,23.75619927,0,1677171599999,0,3600,0,0,0
1677171600000,23.75611836,23.98195437,23.75366214,23.81415138,0,1677175199999,0,3600,0,0,0
1677175200000,23.81446158,23.86535858,23.62018650,23.79297182,0,1677178799999,0,3600,0,0,0
1677178800000,23.79253086,24.06855080,23.73814125,24.03636772,0,1677182399999,0,3600,0,0,0
1677182400000,24.03658092,24.20688018,23.92412459,23.94413750,0,1677185999999,0,3600,0,0,0
1677186000000,23.94425872,23.99690131,23.75498686,23.75539534,0,1677189599999,0,3600,0,0,0
1677189600000,23.75606591,23.85216576,23.67981870,23.83758236,0,1677193199999,0,3600,0,0,0
1677193200000,23.83642806,23.93321092,23.77482218,23.91216848,0,1677196799999,0,3600,0,0,0
