open_time,open,high,low,close,volume,close_time,quote_volume,count,taker_buy_volume,taker_buy_quote_volume,ignore
1751155200000,150.71652632,151.06073684,149.43247368,149.47452632,0,1751169599999,0,14400,0,0,0
1751169600000,149.47900000,150.27960526,149.37939474,150.27960526,0,1751183999999,0,14400,0,0,0
1751184000000,150.29644737,152.05121053,149.96528947,151.66910526,0,1751198399999,0,14400,0,0,0
1751198400000,151.70305263,152.53242105,150.73886842,150.76310526,0,1751212799999,0,14400,0,0,0
1751212800000,150.76231579,152.22871053,149.75542105,151.18205263,0,1751227199999,0,14400,0,0,0
1751227200000,151.18205263,154.71036842,150.43376316,153.31592105,0,1751241599999,0,14400,0,0,0
