open_time,open,high,low,close,volume,close_time,quote_volume,count,taker_buy_volume,taker_buy_quote_volume,ignore
1752364800000,160.69126316,161.76052632,160.19771053,161.18228947,0,1752379199999,0,14400,0,0,0
1752379200000,161.18307895,162.74921053,161.03873684,162.66621053,0,1752393599999,0,14400,0,0,0
1752393600000,162.66542105,162.74118421,161.58184211,162.04736842,0,1752407999999,0,14400,0,0,0
1752408000000,162.04131579,164.15528947,161.79847368,162.03502632,0,1752422399999,0,14400,0,0,0
1752422400000,162.03502632,163.54305263,160.54031579,162.54400000,0,1752436799999,0,14400,0,0,0
1752436800000,162.53802632,163.05865789,159.64836842,161.14015789,0,1752451199999,0,14400,0,0,0
