open_time,open,high,low,close,volume,close_time,quote_volume,count,taker_buy_volume,taker_buy_quote_volume,ignore
1776556800000,86.14461183,86.37610224,85.28459935,85.60170918,0,1776571199999,0,14400,0,0,0
1776571200000,85.60174422,85.95035520,84.45161008,84.88405370,0,1776585599999,0,14400,0,0,0
1776585600000,84.88413479,85.68384234,84.46276185,85.60903402,0,1776599999999,0,14400,0,0,0
1776600000000,85.60937724,87.10164535,85.56250769,86.34598121,0,1776614399999,0,14400,0,0,0
1776614400000,86.35148488,86.48658701,84.90315795,85.32836661,0,1776628799999,0,14400,0,0,0
1776628800000,85.32696865,85.35560928,82.98698863,83.46549229,0,1776643199999,0,14400,0,0,0
