open_time,open,high,low,close,volume,close_time,quote_volume,count,taker_buy_volume,taker_buy_quote_volume,ignore
1756598400000,202.70947368,205.92973684,202.70947368,205.45157895,0,1756601999999,0,3600,0,0,0
1756602000000,205.45315789,206.56210526,204.21157895,206.40657895,0,1756605599999,0,3600,0,0,0
1756605600000,206.40131579,206.63421053,204.90789474,205.02526316,0,1756609199999,0,3600,0,0,0
1756609200000,205.03052632,205.66921053,204.83105263,205.55342105,0,1756612799999,0,3600,0,0,0
1756612800000,205.56500000,205.62789474,203.50684211,204.41526316,0,1756616399999,0,3600,0,0,0
1756616400000,204.42052632,204.85763158,203.90868421,204.64131579,0,1756619999999,0,3600,0,0,0
1756620000000,204.63605263,204.86657895,202.78289474,202.94078947,0,1756623599999,0,3600,0,0,0
1756623600000,202.93394737,203.90500000,202.92236842,203.54736842,0,1756627199999,0,3600,0,0,0
1756627200000,203.54131579,205.83657895,203.52684211,205.79605263,0,1756630799999,0,3600,0,0,0
1756630800000,205.80210526,205.83578947,203.90263158,204.03394737,0,1756634399999,0,3600,0,0,0
1756634400000,204.03552632,204.49078947,202.77368421,203.52789474,0,1756637999999,0,3600,0,0,0
1756638000000,203.53842105,203.81710526,202.33736842,203.64842105,0,1756641599999,0,3600,0,0,0
1756641600000,203.64236842,203.78605263,202.46105263,203.38973684,0,1756645199999,0,3600,0,0,0
1756645200000,203.39500000,203.77421053,201.74184211,202.09473684,0,1756648799999,0,3600,0,0,0
1756648800000,202.09552632,203.91421053,201.54947368,203.73500000,0,1756652399999,0,3600,0,0,0
1756652400000,203.73500000,204.86236842,203.62131579,204.56078947,0,1756655999999,0,3600,0,0,0
1756656000000,204.57078947,205.26500000,203.70368421,205.11473684,0,1756659599999,0,3600,0,0,0
1756659600000,205.11552632,205.60394737,204.55552632,204.95684211,0,1756663199999,0,3600,0,0,0
1756663200000,204.95605263,205.70052632,204.68315789,205.67447368,0,1756666799999,0,3600,0,0,0
1756666800000,205.67526316,205.93973684,204.44842105,204.60684211,0,1756670399999,0,3600,0,0,0
1756670400000,204.60684211,205.20052632,204.34315789,204.83605263,0,1756673999999,0,3600,0,0,0
1756674000000,204.82894737,205.40815789,204.26736842,205.36684211,0,1756677599999,0,3600,0,0,0
1756677600000,205.36684211,205.75473684,203.47815789,203.75157895,0,1756681199999,0,3600,0,0,0
1756681200000,203.74921053,203.87131579,200.32578947,200.65868421,0,1756684799999,0,3600,0,0,0
