open_time,open,high,low,close,volume,close_time,quote_volume,count,taker_buy_volume,taker_buy_quote_volume,ignore
1767744000000,141.08355441,141.33465693,138.58403007,139.57809999,0,1767758399999,0,14400,0,0,0
1767758400000,139.57376702,139.70852719,138.28720714,139.38317210,0,1767772799999,0,14400,0,0,0
1767772800000,139.38403258,139.78429739,136.60856562,137.98045626,0,1767787199999,0,14399,0,0,0
1767787200000,137.96256217,138.50327933,135.28671025,135.70110823,0,1767801599999,0,14398,0,0,0
1767801600000,135.69881284,136.64879716,134.45395930,135.75319349,0,1767815999999,0,14400,0,0,0
1767816000000,135.75347443,137.04112029,135.01039055,136.38159546,0,1767830399999,0,14400,0,0,0
