open_time,open,high,low,close,volume,close_time,quote_volume,count,taker_buy_volume,taker_buy_quote_volume,ignore
1745884800000,147.82336842,149.17534211,146.97702632,147.47055263,0,1745899199999,0,14400,0,0,0
1745899200000,147.47055263,148.94547368,145.61797368,148.88273684,0,1745913599999,0,14400,0,0,0
1745913600000,148.88273684,149.49155263,147.62323684,148.99205263,0,1745927999999,0,14400,0,0,0
1745928000000,148.99810526,149.20739474,146.90152632,148.00015789,0,1745942399999,0,14400,0,0,0
1745942400000,148.00252632,150.31721053,147.70700000,149.23560526,0,1745956799999,0,14400,0,0,0
1745956800000,149.23797368,149.49544737,145.00055263,146.30755263,0,1745971199999,0,14400,0,0,0
