open_time,open,high,low,close,volume,close_time,quote_volume,count,taker_buy_volume,taker_buy_quote_volume,ignore
1776211200000,83.71912925,84.05139975,83.15783804,83.46185208,0,1776225599999,0,14400,0,0,0
1776225600000,83.46050523,83.78289914,82.66572479,82.92624868,0,1776239999999,0,14400,0,0,0
1776240000000,82.92177391,83.66305540,82.75097539,83.59983860,0,1776254399999,0,14400,0,0,0
1776254400000,83.60434264,84.47073569,83.26322468,84.01481265,0,1776268799999,0,14400,0,0,0
1776268800000,84.01042116,85.77609829,83.91669253,85.49069505,0,1776283199999,0,14400,0,0,0
1776283200000,85.47963245,85.55006663,84.21648617,84.88919745,0,1776297599999,0,14400,0,0,0
