open_time,open,high,low,close,volume,close_time,quote_volume,count,taker_buy_volume,taker_buy_quote_volume,ignore
1781395200000,68.93245768,69.09299462,68.65017446,68.97435536,0,1781409599999,0,14400,0,0,0
1781409600000,68.94820251,69.01103784,68.03120565,68.21495222,0,1781423999999,0,14400,0,0,0
1781424000000,68.22400426,68.51135851,67.92821761,68.10908603,0,1781438399999,0,14400,0,0,0
1781438400000,68.10828519,68.16612057,66.95851038,67.43512518,0,1781452799999,0,14400,0,0,0
1781452800000,67.43522251,67.74504628,67.21275801,67.56234240,0,1781467199999,0,14400,0,0,0
1781467200000,67.56670071,71.27667835,67.45667672,71.26483153,0,1781481599999,0,14400,0,0,0
