open_time,open,high,low,close,volume,close_time,quote_volume,count,taker_buy_volume,taker_buy_quote_volume,ignore
1711324800000,183.85999736,185.42299829,181.01390855,184.79209293,0,1711339199999,0,14400,0,0,0
1711339200000,184.79282463,189.61088369,183.85514354,185.77108232,0,1711353599999,0,14400,0,0,0
1711353600000,185.76742378,191.76066907,185.68524742,187.94638523,0,1711367999999,0,14399,0,0,0
1711368000000,187.94711282,194.44948761,186.43423734,192.74697916,0,1711382399999,0,14400,0,0,0
1711382400000,192.75461534,194.45934961,190.41275682,192.24232295,0,1711396799999,0,14400,0,0,0
1711396800000,192.24049550,192.99180143,188.43823447,188.97491122,0,1711411199999,0,14400,0,0,0
