open_time,open,high,low,close,volume,close_time,quote_volume,count,taker_buy_volume,taker_buy_quote_volume,ignore
1687392000000,17.23684591,17.73743391,17.17004505,17.52612247,0,1687406399999,0,14400,0,0,0
1687406400000,17.52633257,17.55532630,17.15710046,17.37049864,0,1687420799999,0,14400,0,0,0
1687420800000,17.37049784,17.39773212,16.66765558,16.84828435,0,1687435199999,0,14400,0,0,0
1687435200000,16.85271707,17.15645530,16.67322808,16.89691153,0,1687449599999,0,14400,0,0,0
1687449600000,16.89691074,17.10154618,16.79574001,16.93435711,0,1687463999999,0,14400,0,0,0
1687464000000,16.93435711,16.95152332,16.57530815,16.62756677,0,1687478399999,0,14400,0,0,0
