open_time,open,high,low,close,volume,close_time,quote_volume,count,taker_buy_volume,taker_buy_quote_volume,ignore
1751155200000,150.71652632,151.06073684,150.27394737,150.64086842,0,1751158799999,0,3600,0,0,0
1751158800000,150.64086842,150.87692105,150.22539474,150.25018421,0,1751162399999,0,3600,0,0,0
1751162400000,150.25228947,150.31676316,149.43247368,149.86092105,0,1751165999999,0,3600,0,0,0
1751166000000,149.86171053,150.13242105,149.47136842,149.47452632,0,1751169599999,0,3600,0,0,0
1751169600000,149.47900000,149.95855263,149.37939474,149.78597368,0,1751173199999,0,3600,0,0,0
1751173200000,149.78597368,149.87115789,149.42223684,149.70702632,0,1751176799999,0,3600,0,0,0
1751176800000,149.70860526,150.16515789,149.59592105,149.76505263,0,1751180399999,0,3600,0,0,0
1751180400000,149.76426316,150.27960526,149.56426316,150.27960526,0,1751183999999,0,3600,0,0,0
1751184000000,150.29644737,150.97360526,149.96528947,150.77528947,0,1751187599999,0,3600,0,0,0
1751187600000,150.77450000,152.05121053,150.53652632,151.11434211,0,1751191199999,0,3600,0,0,0
1751191200000,151.10750000,151.78939474,150.91023684,151.40663158,0,1751194799999,0,3600,0,0,0
1751194800000,151.40742105,151.73460526,150.94271053,151.66910526,0,1751198399999,0,3600,0,0,0
1751198400000,151.70305263,151.97973684,150.91521053,151.85757895,0,1751201999999,0,3600,0,0,0
1751202000000,151.86205263,151.98207895,151.16034211,151.76676316,0,1751205599999,0,3600,0,0,0
1751205600000,151.76676316,152.53242105,151.21702632,151.30189474,0,1751209199999,0,3600,0,0,0
1751209200000,151.29663158,151.72736842,150.73886842,150.76310526,0,1751212799999,0,3600,0,0,0
1751212800000,150.76231579,150.93023684,149.75542105,150.51394737,0,1751216399999,0,3600,0,0,0
1751216400000,150.51315789,151.42455263,150.36971053,151.42455263,0,1751219999999,0,3600,0,0,0
1751220000000,151.42007895,152.22871053,151.17860526,151.88244737,0,1751223599999,0,3600,0,0,0
1751223600000,151.88771053,151.91534211,150.99713158,151.18205263,0,1751227199999,0,3600,0,0,0
1751227200000,151.18205263,151.38592105,150.83718421,150.84323684,0,1751230799999,0,3600,0,0,0
1751230800000,150.83797368,151.99052632,150.43376316,151.65184211,0,1751234399999,0,3600,0,0,0
1751234400000,151.64736842,154.71036842,151.60052632,152.91457895,0,1751237999999,0,3600,0,0,0
1751238000000,152.90923684,153.72439474,152.56928947,153.31592105,0,1751241599999,0,3600,0,0,0
