open_time,open,high,low,close,volume,close_time,quote_volume,count,taker_buy_volume,taker_buy_quote_volume,ignore
1747958400000,179.67686842,185.33344737,179.33626316,185.03252632,0,1747972799999,0,14400,0,0,0
1747972800000,185.02042105,185.29839474,180.11626316,182.56797368,0,1747987199999,0,14400,0,0,0
1747987200000,182.56955263,187.61244737,177.22673684,177.82750000,0,1748001599999,0,14400,0,0,0
1748001600000,177.85460526,183.73063158,173.45247368,180.64913158,0,1748015999999,0,14400,0,0,0
1748016000000,180.62807895,182.23863158,178.40392105,179.13881579,0,1748030399999,0,14400,0,0,0
1748030400000,179.14197368,179.25652632,173.32502632,174.00818421,0,1748044799999,0,14400,0,0,0
