open_time,open,high,low,close,volume,close_time,quote_volume,count,taker_buy_volume,taker_buy_quote_volume,ignore
1725148800000,135.35069181,135.60116293,132.87646335,134.07938234,0,1725163199999,0,14400,0,0,0
1725163200000,134.07938234,134.07964720,131.12829119,132.80051520,0,1725177599999,0,14400,0,0,0
1725177600000,132.80051520,132.81593070,130.22632606,131.91258439,0,1725191999999,0,14400,0,0,0
1725192000000,131.91119307,134.78440101,130.08732394,134.26875934,0,1725206399999,0,14400,0,0,0
1725206400000,134.26851543,135.85410345,131.94238562,135.23682979,0,1725220799999,0,14400,0,0,0
1725220800000,135.23122004,136.10562673,127.86078585,128.54663004,0,1725235199999,0,14400,0,0,0
