open_time,open,high,low,close,volume,close_time,quote_volume,count,taker_buy_volume,taker_buy_quote_volume,ignore
1758585600000,220.38552632,221.40210526,212.36842105,216.93263158,0,1758599999999,0,14400,0,0,0
1758600000000,216.95210526,220.22394737,214.03315789,218.96342105,0,1758614399999,0,14400,0,0,0
1758614400000,218.99052632,220.86236842,217.87789474,219.35921053,0,1758628799999,0,14400,0,0,0
1758628800000,219.35289474,220.63973684,217.04236842,219.28605263,0,1758643199999,0,14400,0,0,0
1758643200000,219.28000000,221.62315789,214.39578947,214.57000000,0,1758657599999,0,14400,0,0,0
1758657600000,214.55210526,216.66289474,213.26815789,213.29000000,0,1758671999999,0,14400,0,0,0
