open_time,open,high,low,close,volume,close_time,quote_volume,count,taker_buy_volume,taker_buy_quote_volume,ignore
1780099200000,82.03451765,83.09352124,81.95270791,82.66895756,0,1780113599999,0,14400,0,0,0
1780113600000,82.66893802,82.79809463,81.87413590,82.37985612,0,1780127999999,0,14400,0,0,0
1780128000000,82.37516794,82.54477038,82.19737018,82.32858653,0,1780142399999,0,14400,0,0,0
1780142400000,82.32863150,82.91142813,82.25289673,82.68602841,0,1780156799999,0,14400,0,0,0
1780156800000,82.68847730,83.13521264,82.62971884,82.98839779,0,1780171199999,0,14400,0,0,0
1780171200000,82.98845289,83.16380418,82.46587192,82.71684919,0,1780185599999,0,14400,0,0,0
