open_time,open,high,low,close,volume,close_time,quote_volume,count,taker_buy_volume,taker_buy_quote_volume,ignore
1738800000000,196.10913158,198.88202272,196.01070992,197.16641350,0,1738803599999,0,3600,0,0,0
1738803600000,197.17385537,199.96399709,196.22588183,199.36863191,0,1738807199999,0,3600,0,0,0
1738807200000,199.37757791,201.19189810,199.23733783,200.35046170,0,1738810799999,0,3600,0,0,0
1738810800000,200.32523008,201.24340456,199.36868574,200.70038924,0,1738814399999,0,3600,0,0,0
1738814400000,200.70539183,202.05355353,200.28458050,201.58449300,0,1738817999999,0,3600,0,0,0
1738818000000,201.59122820,202.59386496,200.71127829,201.70097938,0,1738821599999,0,3600,0,0,0
1738821600000,201.70098001,203.96149801,201.45490664,203.69599345,0,1738825199999,0,3600,0,0,0
1738825200000,203.69668823,203.69668823,201.82768935,202.00524452,0,1738828799999,0,3600,0,0,0
1738828800000,202.01129867,202.52667807,200.94152808,201.11899969,0,1738832399999,0,3600,0,0,0
1738832400000,201.13331097,202.91914944,200.71249572,202.57721085,0,1738835999999,0,3600,0,0,0
1738836000000,202.57709782,202.85262125,200.87087775,201.36655987,0,1738839599999,0,3600,0,0,0
1738839600000,201.35958312,201.49036560,198.67116319,200.26057916,0,1738843199999,0,3600,0,0,0
1738843200000,200.25988104,200.62073471,197.80537760,198.23809887,0,1738846799999,0,3600,0,0,0
1738846800000,198.23809887,200.43998826,198.08682143,200.17884941,0,1738850399999,0,3600,0,0,0
1738850400000,200.18233638,200.64324051,195.17657049,195.22377807,0,1738853999999,0,3599,0,0,0
1738854000000,195.24105442,196.14531605,190.58495192,191.23675363,0,1738857599999,0,3600,0,0,0
1738857600000,191.23259585,192.91233249,188.76740012,190.34152646,0,1738861199999,0,3600,0,0,0
1738861200000,190.34195983,192.88045514,189.09771126,190.01772847,0,1738864799999,0,3600,0,0,0
1738864800000,190.03446866,191.04587626,188.56164176,189.93370456,0,1738868399999,0,3600,0,0,0
1738868400000,189.93478456,191.72712982,188.74031586,189.86546354,0,1738871999999,0,3600,0,0,0
1738872000000,189.89429796,193.09355579,189.57878302,193.09353743,0,1738875599999,0,3600,0,0,0
1738875600000,193.12828020,194.59955521,190.64028952,193.96876496,0,1738879199999,0,3600,0,0,0
1738879200000,193.96946264,194.07646986,190.42518291,190.68533185,0,1738882799999,0,3600,0,0,0
1738882800000,190.68638079,191.14762293,187.51057567,189.55369859,0,1738886399999,0,3600,0,0,0
