open_time,open,high,low,close,volume,close_time,quote_volume,count,taker_buy_volume,taker_buy_quote_volume,ignore
1696809600000,23.22166024,23.30733793,23.08839329,23.24659544,0,1696823999999,0,14400,0,0,0
1696824000000,23.25124660,23.36621313,22.86600271,22.98066362,0,1696838399999,0,14400,0,0,0
1696838400000,22.98067169,23.00518226,22.09365585,22.17429905,0,1696852799999,0,14400,0,0,0
1696852800000,22.17429792,22.38510752,22.08117749,22.20158812,0,1696867199999,0,14400,0,0,0
1696867200000,22.20147537,22.41613269,21.64345098,22.19426074,0,1696881599999,0,14400,0,0,0
1696881600000,22.20010872,22.25201867,22.00705342,22.09636259,0,1696895999999,0,14400,0,0,0
