open_time,open,high,low,close,volume,close_time,quote_volume,count,taker_buy_volume,taker_buy_quote_volume,ignore
1778544000000,97.36486178,97.66621403,97.18451228,97.52543008,0,1778547599999,0,3600,0,0,0
1778547600000,97.52543008,97.65453439,95.59325202,96.28242949,0,1778551199999,0,3600,0,0,0
1778551200000,96.27939183,96.71028905,96.16716552,96.55260236,0,1778554799999,0,3600,0,0,0
1778554800000,96.55281195,96.63966206,96.05007925,96.13673334,0,1778558399999,0,3600,0,0,0
1778558400000,96.13678402,96.49919417,96.07564128,96.36525839,0,1778561999999,0,3600,0,0,0
1778562000000,96.36454705,96.76348291,96.26622318,96.57809394,0,1778565599999,0,3600,0,0,0
1778565600000,96.58025784,96.98902882,96.17169369,96.20253470,0,1778569199999,0,3600,0,0,0
1778569200000,96.20247648,96.30013571,95.85694116,96.04066627,0,1778572799999,0,3600,0,0,0
1778572800000,96.04383173,96.13587476,95.46150469,95.65771536,0,1778576399999,0,3600,0,0,0
1778576400000,95.66230455,96.04978398,95.33346709,95.78489766,0,1778579999999,0,3600,0,0,0
1778580000000,95.78475222,95.96619283,94.94424607,94.99242920,0,1778583599999,0,3600,0,0,0
1778583600000,94.99382530,95.02540446,94.62166369,94.99644668,0,1778587199999,0,3600,0,0,0
1778587200000,94.98899240,95.54229032,94.42437166,95.22438101,0,1778590799999,0,3600,0,0,0
1778590800000,95.21902084,95.38374116,94.58157110,94.68397418,0,1778594399999,0,3600,0,0,0
1778594400000,94.68651577,95.22918987,94.42715880,94.55092602,0,1778597999999,0,3600,0,0,0
1778598000000,94.54878015,94.78048256,93.63234120,93.86359930,0,1778601599999,0,3600,0,0,0
1778601600000,93.86185004,94.30461641,93.62396468,93.83251804,0,1778605199999,0,3600,0,0,0
1778605200000,93.83704763,94.67051544,93.82582844,94.51842723,0,1778608799999,0,3600,0,0,0
1778608800000,94.51432469,94.76395652,94.36297998,94.55900423,0,1778612399999,0,3600,0,0,0
1778612400000,94.56032539,94.98872496,94.56032539,94.91564663,0,1778615999999,0,3600,0,0,0
1778616000000,94.91823020,94.97531077,94.62471808,94.74129563,0,1778619599999,0,3600,0,0,0
1778619600000,94.73989128,94.85400932,94.54490776,94.67681577,0,1778623199999,0,3600,0,0,0
1778623200000,94.67681256,95.01842893,94.64327926,94.67168306,0,1778626799999,0,3600,0,0,0
1778626800000,94.67096332,94.74685026,94.25368818,94.28798486,0,1778630399999,0,3600,0,0,0
