open_time,open,high,low,close,volume,close_time,quote_volume,count,taker_buy_volume,taker_buy_quote_volume,ignore
1679011200000,19.67576004,20.26127444,19.42710300,19.99158611,0,1679025599999,0,14400,0,0,0
1679025600000,19.99164686,20.26395514,19.88757338,20.01099462,0,1679039999999,0,14394,0,0,0
1679040000000,20.01128866,20.71232501,19.93700607,20.67449769,0,1679054399999,0,14400,0,0,0
1679054400000,20.67490900,20.68768900,19.81467110,20.03389819,0,1679068799999,0,14400,0,0,0
1679068800000,20.03388180,20.60492132,19.91193131,20.53363580,0,1679083199999,0,14400,0,0,0
1679083200000,20.54126760,21.67882659,20.32269322,21.60294966,0,1679097599999,0,14400,0,0,0
