open_time,open,high,low,close,volume,close_time,quote_volume,count,taker_buy_volume,taker_buy_quote_volume,ignore
1721433600000,169.12977249,171.78313980,168.29805792,169.56956563,0,1721447999999,0,14400,0,0,0
1721448000000,169.56663880,170.36797839,168.52259722,168.57733767,0,1721462399999,0,14400,0,0,0
1721462400000,168.58075231,169.83156224,167.66815801,168.03475627,0,1721476799999,0,14400,0,0,0
1721476800000,168.03475997,169.70843856,167.27396190,169.28256134,0,1721491199999,0,14400,0,0,0
1721491200000,169.28255763,174.54121036,168.91869893,172.42092370,0,1721505599999,0,14400,0,0,0
1721505600000,172.42092370,175.03946766,172.41829331,173.60445413,0,1721519999999,0,14400,0,0,0
