open_time,open,high,low,close,volume,close_time,quote_volume,count,taker_buy_volume,taker_buy_quote_volume,ignore
1778889600000,89.23907424,89.42839493,88.96229698,89.05719615,0,1778903999999,0,14400,0,0,0
1778904000000,89.05580204,89.07187151,86.75742568,87.46764750,0,1778918399999,0,14400,0,0,0
1778918400000,87.46719201,87.61387847,85.54351479,86.10857491,0,1778932799999,0,14400,0,0,0
1778932800000,86.10993885,86.66757024,86.01899588,86.49506763,0,1778947199999,0,14400,0,0,0
1778947200000,86.49510907,86.96005078,86.37960551,86.69326571,0,1778961599999,0,14400,0,0,0
1778961600000,86.69325454,86.88830478,86.45704085,86.54627688,0,1778975999999,0,14400,0,0,0
