open_time,open,high,low,close,volume,close_time,quote_volume,count,taker_buy_volume,taker_buy_quote_volume,ignore
1670803200000,13.42557725,13.49125873,13.38579040,13.41712264,0,1670806799999,0,3600,0,0,0
1670806800000,13.41709976,13.42550796,13.38808518,13.40827793,0,1670810399999,0,3600,0,0,0
1670810400000,13.40814712,13.40825323,12.82009427,12.94861047,0,1670813999999,0,3600,0,0,0
1670814000000,12.94853992,13.06474831,12.90207635,12.95823901,0,1670817599999,0,3600,0,0,0
1670817600000,12.95823458,13.03250516,12.93150494,13.00027418,0,1670821199999,0,3600,0,0,0
1670821200000,13.00034115,13.02678211,12.96873387,13.02165868,0,1670824799999,0,3600,0,0,0
1670824800000,13.02645421,13.02645421,12.96972266,13.00597415,0,1670828399999,0,3600,0,0,0
1670828400000,13.00600230,13.01586868,12.96769338,12.98409873,0,1670831999999,0,3600,0,0,0
1670832000000,12.97926630,13.07540707,12.95898346,13.06700044,0,1670835599999,0,3600,0,0,0
1670835600000,13.06621212,13.22580375,13.05186786,13.18919460,0,1670839199999,0,3600,0,0,0
1670839200000,13.18901652,13.22360677,13.16091927,13.18142883,0,1670842799999,0,3600,0,0,0
1670842800000,13.18140414,13.20993280,13.15038384,13.16732695,0,1670846399999,0,3600,0,0,0
1670846400000,13.16735047,13.18449608,13.01108901,13.04051088,0,1670849999999,0,3600,0,0,0
1670850000000,13.04059010,13.18291694,13.04014297,13.11343371,0,1670853599999,0,3600,0,0,0
1670853600000,13.11333543,13.17296548,13.06398086,13.15043403,0,1670857199999,0,3600,0,0,0
1670857200000,13.15048493,13.19387227,13.10240103,13.10240103,0,1670860799999,0,3600,0,0,0
1670860800000,13.10237818,13.14815603,13.09954974,13.11971894,0,1670864399999,0,3600,0,0,0
1670864400000,13.11952556,13.21447994,13.09903505,13.16617680,0,1670867999999,0,3600,0,0,0
1670868000000,13.16606042,13.20858309,13.14096107,13.19513074,0,1670871599999,0,3600,0,0,0
1670871600000,13.19518787,13.24450096,13.18993379,13.23142082,0,1670875199999,0,3600,0,0,0
1670875200000,13.23145295,13.28759781,13.20069061,13.28759781,0,1670878799999,0,3600,0,0,0
1670878800000,13.28755633,13.38417133,13.27141357,13.31581559,0,1670882399999,0,3600,0,0,0
1670882400000,13.31579093,13.34473386,13.28055660,13.30305326,0,1670885999999,0,3600,0,0,0
1670886000000,13.30300617,13.35066371,13.26026798,13.31478502,0,1670889599999,0,3600,0,0,0
