open_time,open,high,low,close,volume,close_time,quote_volume,count,taker_buy_volume,taker_buy_quote_volume,ignore
1742688000000,128.50653865,130.84019107,128.22293065,130.83634324,0,1742702399999,0,14400,0,0,0
1742702400000,130.83877568,131.47358992,129.73569503,131.14308492,0,1742716799999,0,14400,0,0,0
1742716800000,131.14632816,134.03528119,130.94623562,133.09027384,0,1742731199999,0,14400,0,0,0
1742731200000,133.08993630,133.82372508,132.24247557,132.51107845,0,1742745599999,0,14400,0,0,0
1742745600000,132.51148324,132.73404973,130.35649509,130.54613227,0,1742759999999,0,14400,0,0,0
1742760000000,130.54775389,132.84268031,130.20661901,132.83335557,0,1742774399999,0,14400,0,0,0
