open_time,open,high,low,close,volume,close_time,quote_volume,count,taker_buy_volume,taker_buy_quote_volume,ignore
1780185600000,82.73429310,83.40387937,82.62804068,83.24006459,0,1780199999999,0,14400,0,0,0
1780200000000,83.24006735,83.29981332,82.52218364,82.67113193,0,1780214399999,0,14400,0,0,0
1780214400000,82.67114785,83.04914885,82.48971112,82.75671773,0,1780228799999,0,14400,0,0,0
1780228800000,82.75591349,83.11855923,81.85534370,81.88338350,0,1780243199999,0,14400,0,0,0
1780243200000,81.88339672,82.04041601,81.34353773,81.58658629,0,1780257599999,0,14400,0,0,0
1780257600000,81.58524925,82.91161029,81.58524925,82.44413678,0,1780271999999,0,14400,0,0,0
