open_time,open,high,low,close,volume,close_time,quote_volume,count,taker_buy_volume,taker_buy_quote_volume,ignore
1678233600000,20.24500350,20.37827516,20.23503275,20.30531211,0,1678237199999,0,3600,0,0,0
1678237200000,20.30508167,20.31467961,20.08920147,20.11132461,0,1678240799999,0,3600,0,0,0
1678240800000,20.11114574,20.17654005,20.04060483,20.04971501,0,1678244399999,0,3600,0,0,0
1678244400000,20.04983505,20.08290633,19.80495951,19.99787416,0,1678247999999,0,3600,0,0,0
1678248000000,19.99776914,20.06182920,19.97298187,20.00224861,0,1678251599999,0,3600,0,0,0
1678251600000,20.00223977,20.00424145,19.53848088,19.65246446,0,1678255199999,0,3600,0,0,0
1678255200000,19.65310372,19.70831989,19.45242734,19.55481483,0,1678258799999,0,3600,0,0,0
1678258800000,19.55484339,19.58428189,19.13800866,19.19205816,0,1678262399999,0,3600,0,0,0
1678262400000,19.19285928,19.36837835,19.16773700,19.30912250,0,1678265999999,0,3600,0,0,0
1678266000000,19.30914701,19.40583520,19.29420511,19.36069663,0,1678269599999,0,3600,0,0,0
1678269600000,19.36068482,19.52571675,19.25955584,19.48522305,0,1678273199999,0,3600,0,0,0
1678273200000,19.48531077,19.52481817,19.30786782,19.33299599,0,1678276799999,0,3600,0,0,0
1678276800000,19.33276396,19.37554961,19.01263143,19.04452587,0,1678280399999,0,3600,0,0,0
1678280400000,19.04050779,19.06435935,18.66844614,18.77346774,0,1678283999999,0,3600,0,0,0
1678284000000,18.77320642,18.95285899,18.65498645,18.85357691,0,1678287599999,0,3600,0,0,0
1678287600000,18.85376729,19.27382766,18.77678174,19.23749383,0,1678291199999,0,3600,0,0,0
1678291200000,19.23752078,19.40645451,18.98824931,19.15929230,0,1678294799999,0,3600,0,0,0
1678294800000,19.15914407,19.18425252,18.82274863,18.82293590,0,1678298399999,0,3600,0,0,0
1678298400000,18.82271212,18.92521229,18.48193570,18.69954948,0,1678301999999,0,3600,0,0,0
1678302000000,18.70675557,18.86520964,18.62308627,18.67767740,0,1678305599999,0,3600,0,0,0
1678305600000,18.68183909,18.94338290,18.53054340,18.89289877,0,1678309199999,0,3600,0,0,0
1678309200000,18.89791056,18.94599799,18.53681452,18.68671631,0,1678312799999,0,3600,0,0,0
1678312800000,18.68668617,18.69689793,18.13437674,18.36011504,0,1678316399999,0,3600,0,0,0
1678316400000,18.36521325,18.57858400,18.23196565,18.41239307,0,1678319999999,0,3600,0,0,0
