open_time,open,high,low,close,volume,close_time,quote_volume,count,taker_buy_volume,taker_buy_quote_volume,ignore
1761609600000,198.70763158,200.24289474,198.43500000,199.68947368,0,1761613199999,0,3600,0,0,0
1761613200000,199.68947368,202.04131579,199.68947368,201.36473684,0,1761616799999,0,3600,0,0,0
1761616800000,201.37000000,201.84473684,199.63026316,200.80026316,0,1761620399999,0,3600,0,0,0
1761620400000,200.78842105,201.89868421,199.94342105,201.26447368,0,1761623999999,0,3600,0,0,0
1761624000000,201.27289474,202.13763158,200.43552632,201.13526316,0,1761627599999,0,3600,0,0,0
1761627600000,201.13526316,201.45657895,198.65210526,198.71947368,0,1761631199999,0,3600,0,0,0
1761631200000,198.71947368,200.92184211,198.71947368,200.87894737,0,1761634799999,0,3600,0,0,0
1761634800000,200.88052632,202.97868421,200.73342105,202.39657895,0,1761638399999,0,3600,0,0,0
1761638400000,202.37684211,203.96026316,201.98026316,203.42763158,0,1761641999999,0,3600,0,0,0
1761642000000,203.42763158,203.76473684,201.50473684,201.99368421,0,1761645599999,0,3600,0,0,0
1761645600000,201.99368421,202.01763158,199.88842105,200.29657895,0,1761649199999,0,3600,0,0,0
1761649200000,200.31105263,200.65631579,199.23657895,199.74000000,0,1761652799999,0,3600,0,0,0
1761652800000,199.74000000,200.35157895,198.25105263,200.21842105,0,1761656399999,0,3600,0,0,0
1761656400000,200.21868421,203.00263158,200.15973684,202.72263158,0,1761659999999,0,3600,0,0,0
1761660000000,202.72263158,202.91026316,196.92032895,199.52052632,0,1761663599999,0,3600,0,0,0
1761663600000,199.53184211,200.67184211,198.50236842,198.85000000,0,1761667199999,0,3600,0,0,0
1761667200000,198.85000000,200.63157895,197.95263158,199.81921053,0,1761670799999,0,3600,0,0,0
1761670800000,199.81921053,200.87052632,199.68789474,200.84842105,0,1761674399999,0,3600,0,0,0
1761674400000,200.85447368,201.25868421,198.90789474,199.68657895,0,1761677999999,0,3600,0,0,0
1761678000000,199.68289474,200.12184211,194.54289474,195.40184211,0,1761681599999,0,3600,0,0,0
1761681600000,195.41684211,195.41684211,192.23342105,192.53710526,0,1761685199999,0,3600,0,0,0
1761685200000,192.53394737,194.37368421,190.78422105,193.90789474,0,1761688799999,0,3600,0,0,0
1761688800000,193.88736842,195.11447368,193.36736842,194.93157895,0,1761692399999,0,3600,0,0,0
1761692400000,194.93394737,194.93394737,193.81526316,194.19026316,0,1761695999999,0,3600,0,0,0
