open_time,open,high,low,close,volume,close_time,quote_volume,count,taker_buy_volume,taker_buy_quote_volume,ignore
1720310400000,143.03510082,143.32788810,140.32457752,142.10469593,0,1720324799999,0,14400,0,0,0
1720324800000,142.10615934,142.11220271,138.07542083,139.09062627,0,1720339199999,0,14400,0,0,0
1720339200000,139.09062982,140.67168957,138.76736885,139.88835844,0,1720353599999,0,14400,0,0,0
1720353600000,139.89323649,140.78430566,135.60171231,137.07136702,0,1720367999999,0,14400,0,0,0
1720368000000,137.07063884,139.58442794,136.78801701,137.32552897,0,1720382399999,0,14399,0,0,0
1720382400000,137.32537911,137.84875733,131.24342611,131.63391433,0,1720396799999,0,14400,0,0,0
