open_time,open,high,low,close,volume,close_time,quote_volume,count,taker_buy_volume,taker_buy_quote_volume,ignore
1731024000000,75859.40,76350.20,75576.30,75900.40,26499.940,1731038399999,2012797622.05000,518141,12825.852,974224995.31510,0
1731038400000,75900.40,76247.00,75696.10,76171.00,20162.471,1731052799999,1532099746.19950,355869,10343.586,786029455.35580,0
1731052800000,76171.00,76350.00,75775.80,75951.90,23054.513,1731067199999,1752560312.65150,386627,11010.235,836936378.65500,0
1731067200000,75952.00,76627.80,75620.10,76423.30,58380.345,1731081599999,4442345619.29920,829360,28661.482,2181217678.88360,0
1731081600000,76423.30,77182.90,75820.00,76894.40,72505.490,1731095999999,5547264852.31730,975878,37239.316,2849637433.91630,0
1731096000000,76894.40,77080.40,76278.50,76482.20,29767.565,1731110399999,2279135805.22590,468860,14202.153,1087280404.03730,0
