open_time,open,high,low,close,volume,close_time,quote_volume,count,taker_buy_volume,taker_buy_quote_volume,ignore
1673049600000,16943.90,16973.60,16924.80,16944.40,18044.048,1673063999999,305748488.74520,100105,8608.635,145869907.38290,0
1673064000000,16944.30,16945.00,16915.80,16939.80,10556.131,1673078399999,178717102.51530,64629,5365.615,90838561.68270,0
1673078400000,16939.80,16946.40,16903.00,16912.30,13458.257,1673092799999,227729118.19050,77137,6762.562,114431857.83220,0
1673092800000,16912.30,16944.00,16900.10,16934.50,16729.551,1673107199999,283074319.28670,93962,9279.190,157017856.55440,0
1673107200000,16934.50,16939.60,16910.40,16937.30,9360.224,1673121599999,158422289.09420,60692,4863.460,82313854.49460,0
1673121600000,16937.30,16945.80,16922.90,16936.50,9824.894,1673135999999,166381363.33880,58117,4471.653,75725980.87930,0
