open_time,open,high,low,close,volume,close_time,quote_volume,count,taker_buy_volume,taker_buy_quote_volume,ignore
1718150400000,67320.60,67624.20,66920.00,67413.00,21465.281,1718164799999,1444318440.30140,326312,10532.987,708726838.37530,0
1718164800000,67413.00,67621.00,67200.00,67449.40,15864.818,1718179199999,1069539477.45010,206683,7212.944,486236883.91710,0
1718179200000,67449.50,68065.30,67346.60,67789.90,27553.384,1718193599999,1867366327.68110,293797,14948.821,1013082712.94170,0
1718193600000,67790.00,70028.00,67740.90,69738.00,109560.362,1718207999999,7592802593.11730,1105551,57078.342,3954418376.11830,0
1718208000000,69738.00,69864.20,67215.20,67523.20,123012.215,1718222399999,8463370965.92790,1245202,58953.145,4057576905.50460,0
1718222400000,67523.10,68692.60,67409.80,68270.30,32462.400,1718236799999,2211880707.83220,364647,16572.316,1129019007.77400,0
