open_time,open,high,low,close,volume,close_time,quote_volume,count,taker_buy_volume,taker_buy_quote_volume,ignore
1726531200000,58187.00,58320.00,57588.80,58035.20,26540.640,1726545599999,1537523743.63120,341187,12176.648,705292473.39280,0
1726545600000,58035.20,58762.00,57993.00,58668.10,23933.192,1726559999999,1399310620.55450,303822,12590.189,736043046.56370,0
1726560000000,58668.10,59274.40,58600.00,59055.10,37558.458,1726574399999,2214740007.47130,433361,18438.036,1087389208.97620,0
1726574400000,59055.00,61345.00,58850.00,61103.00,138114.453,1726588799999,8307465628.81700,1419302,74773.246,4498985139.89490,0
1726588800000,61111.00,61240.60,59600.00,59946.00,66312.487,1726603199999,4018082981.92320,843767,31431.937,1904861211.63450,0
1726603200000,59945.90,60398.20,59696.00,60281.00,25982.836,1726617599999,1561207633.27720,374227,13240.934,795692173.00980,0
