open_time,open,high,low,close,volume,close_time,quote_volume,count,taker_buy_volume,taker_buy_quote_volume,ignore
1672963200000,16823.80,16865.00,16795.60,16825.10,21068.091,1672977599999,354579261.91680,106245,10281.845,173043411.83040,0
1672977600000,16825.00,16828.00,16773.00,16785.60,23858.147,1672991999999,400704723.47920,117522,10977.919,184370993.25430,0
1672992000000,16785.60,16805.30,16685.20,16731.40,43531.809,1673006399999,729320974.10034,194863,20130.623,337322604.77850,0
1673006400000,16731.50,16843.00,16664.80,16834.20,102292.922,1673020799999,1714168937.11050,409327,53434.274,895542040.42160,0
1673020800000,16834.10,16960.00,16801.60,16932.60,57987.086,1673035199999,978224477.17790,244016,31158.861,525686288.57390,0
1673035200000,16932.70,17030.00,16881.00,16943.80,68235.574,1673049599999,1156656661.48463,298655,34326.065,581927441.79883,0
