open_time,open,high,low,close,volume,close_time,quote_volume,count,taker_buy_volume,taker_buy_quote_volume,ignore
1674345600000,22781.80,22974.30,22600.20,22766.10,77074.223,1674359999999,1756554882.44270,496947,38659.633,881253451.63320,0
1674360000000,22766.00,22967.00,22720.00,22893.20,41651.721,1674374399999,952898275.77550,287026,21235.552,485802436.17810,0
1674374400000,22893.20,22934.10,22733.00,22785.50,45038.944,1674388799999,1028910966.91370,302360,21479.590,490734769.36520,0
1674388800000,22785.60,23080.20,22631.10,22792.90,106358.408,1674403199999,2431655071.62000,630360,53413.213,1221339924.77950,0
1674403200000,22793.00,22962.80,22681.00,22720.00,72710.666,1674417599999,1660094312.05570,445195,34431.024,786202158.63720,0
1674417600000,22720.00,22770.00,22287.00,22704.60,139695.849,1674431999999,3148448922.98246,773064,68021.163,1533423896.91205,0
