open_time,open,high,low,close,volume,close_time,quote_volume,count,taker_buy_volume,taker_buy_quote_volume,ignore
1662508800000,18781.40,18861.90,18500.00,18736.30,110548.940,1662523199999,2068099370.55021,674944,52896.024,989827458.27770,0
1662523200000,18736.20,18833.00,18664.20,18791.50,58734.217,1662537599999,1101471898.22570,377774,29491.449,553137531.23230,0
1662537600000,18791.40,18848.00,18679.90,18729.50,48997.764,1662551999999,919113003.39640,330363,23976.185,449786482.55630,0
1662552000000,18729.40,18960.00,18663.60,18863.30,117302.112,1662566399999,2210477077.07046,673899,59794.896,1126760805.54836,0
1662566400000,18863.30,19188.00,18844.80,18982.10,118730.560,1662580799999,2257728389.53899,652602,62370.229,1186102234.75469,0
1662580800000,18982.10,19455.00,18980.00,19287.00,141323.100,1662595199999,2726623905.15189,770143,74970.044,1446224732.56279,0
