open_time,open,high,low,close,volume,close_time,quote_volume,count,taker_buy_volume,taker_buy_quote_volume,ignore
1691452800000,29202.70,29255.00,29132.40,29182.80,21205.290,1691467199999,618833233.10770,200621,9724.338,283795541.43650,0
1691467200000,29182.80,29330.00,29170.20,29177.00,30113.085,1691481599999,880381418.48093,277596,15730.272,459928597.75963,0
1691481600000,29177.00,29439.00,29160.00,29428.00,46193.521,1691495999999,1353444294.15790,377052,25383.558,743784543.35860,0
1691496000000,29428.10,29666.00,29336.60,29517.50,130658.527,1691510399999,3852330582.08225,957869,67287.747,1984071097.72115,0
1691510400000,29517.50,29944.80,29516.10,29866.40,136368.699,1691524799999,4060127269.80698,967910,72576.738,2160727007.61808,0
1691524800000,29866.40,30250.00,29674.10,29759.00,94730.679,1691539199999,2834460950.96681,745402,49499.953,1481593427.76147,0
