open_time,open,high,low,close,volume,close_time,quote_volume,count,taker_buy_volume,taker_buy_quote_volume,ignore
1703635200000,42538.60,42580.00,42145.70,42274.70,25627.172,1703649599999,1086178388.96747,283444,11981.921,507853428.94836,0
1703649600000,42274.70,42595.50,42248.50,42495.90,20023.850,1703663999999,849857615.16661,221905,10527.773,446816487.35855,0
1703664000000,42496.00,43277.10,42443.00,43059.30,61784.091,1703678399999,2654202523.27124,564426,32451.162,1393828394.28196,0
1703678400000,43059.30,43191.10,42726.60,43009.60,59036.748,1703692799999,2536613347.35731,577719,28760.495,1235854920.64938,0
1703692800000,43010.00,43264.00,42890.30,43183.90,37903.282,1703707199999,1633130561.47298,424267,18718.291,806608035.42664,0
1703707200000,43183.80,43700.00,43146.20,43453.80,46976.395,1703721599999,2040435134.66721,533941,24365.254,1058334495.18622,0
