open_time,open,high,low,close,volume,close_time,quote_volume,count,taker_buy_volume,taker_buy_quote_volume,ignore
1728777600000,63176.00,63260.00,62615.40,62686.20,22542.817,1728791999999,1417777637.76670,287206,10067.735,633134123.73900,0
1728792000000,62686.20,62960.00,62675.40,62819.00,9250.078,1728806399999,581059248.65580,146148,4918.829,309002144.02000,0
1728806400000,62819.00,62938.10,62486.10,62528.50,13355.855,1728820799999,837308738.93380,205423,6357.700,398651364.34290,0
1728820800000,62528.40,62811.00,62020.00,62195.30,32569.283,1728835199999,2031285223.35170,396894,16115.770,1005203452.86390,0
1728835200000,62195.20,62864.80,62141.10,62699.30,33647.995,1728849599999,2103894259.67580,403471,17958.212,1122934514.84120,0
1728849600000,62699.20,63118.30,62574.10,62839.80,18330.128,1728863999999,1151427908.05730,297830,9633.468,605236374.08610,0
