open_time,open,high,low,close,volume,close_time,quote_volume,count,taker_buy_volume,taker_buy_quote_volume,ignore
1648425600000,46820.90,47731.20,46651.20,47042.80,60037.976,1648439999999,2822838812.12472,540835,30248.198,1423121442.75142,0
1648440000000,47042.90,47400.00,46755.20,46984.50,36122.177,1648454399999,1698648400.86016,434405,18264.234,858959238.14928,0
1648454400000,46984.50,47417.00,46834.80,47250.00,33601.066,1648468799999,1584096263.90691,391917,17357.339,818351157.13111,0
1648468800000,47249.90,47948.00,47100.10,47410.90,73893.933,1648483199999,3510840233.30643,708103,37149.171,1765527050.21518,0
1648483200000,47410.90,48200.00,47292.50,47923.00,60928.768,1648497599999,2910154494.87603,572155,30384.154,1451457266.78377,0
1648497600000,47922.50,48085.20,46855.00,47121.90,52981.862,1648511999999,2516661734.07150,501818,24912.042,1183897391.34121,0
