open_time,open,high,low,close,volume,close_time,quote_volume,count,taker_buy_volume,taker_buy_quote_volume,ignore
1718064000000,69558.80,69600.00,67881.90,68472.30,62972.141,1718078399999,4315758536.80310,709224,29171.617,1998873423.34300,0
1718078400000,68472.20,68472.20,67300.00,67582.00,54397.426,1718092799999,3690458957.56640,628986,26042.550,1766979995.14180,0
1718092800000,67582.10,67690.80,66689.50,66919.60,60250.278,1718107199999,4046972824.97380,678583,27530.278,1849608842.25510,0
1718107200000,66919.60,67288.00,66000.00,66266.00,69766.471,1718121599999,4657494190.00220,807427,32456.710,2167355783.45970,0
1718121600000,66266.00,67591.30,66177.90,67420.60,47244.306,1718135999999,3158036982.52930,559484,23800.617,1591272128.62180,0
1718136000000,67420.50,67605.00,67180.40,67320.70,17354.320,1718150399999,1169757463.40690,217341,8312.776,560375301.70620,0
