open_time,open,high,low,close,volume,close_time,quote_volume,count,taker_buy_volume,taker_buy_quote_volume,ignore
1681430400000,30362.70,30950.00,30293.00,30684.60,143783.626,1681444799999,4413222889.17422,1160212,75158.854,2307080738.60972,0
1681444800000,30684.50,31059.00,30665.90,30739.90,95052.482,1681459199999,2930391684.98152,808627,48928.110,1508696100.55683,0
1681459200000,30739.90,30819.30,30647.00,30790.00,51819.143,1681473599999,1593152150.24790,470202,26026.639,800234003.35760,0
1681473600000,30789.90,30840.00,30080.10,30226.70,173876.177,1681487999999,5301978811.80970,1355976,80341.905,2450065198.64090,0
1681488000000,30226.70,30340.80,29925.00,30311.20,102233.968,1681502399999,3085413379.75745,884654,49728.037,1501117188.13411,0
1681502400000,30311.10,30500.00,30260.00,30453.10,48626.219,1681516799999,1479057752.21021,449846,25030.824,761357956.93661,0
