open_time,open,high,low,close,volume,close_time,quote_volume,count,taker_buy_volume,taker_buy_quote_volume,ignore
1715558400000,61455.70,61787.60,60750.00,61130.00,42993.269,1715572799999,2630167285.19310,592085,21486.048,1314231770.42180,0
1715572800000,61130.00,62426.00,60757.60,62296.60,44748.278,1715587199999,2754176350.35540,596303,23072.700,1420377270.55800,0
1715587200000,62296.50,63289.30,62296.50,62700.00,74300.067,1715601599999,4663015622.88880,918939,38375.991,2408691854.11690,0
1715601600000,62699.90,63183.00,62400.00,62980.50,42598.003,1715615999999,2676510269.47040,631782,21429.591,1346645086.39930,0
1715616000000,62981.20,63440.00,62540.20,63140.50,43073.508,1715630399999,2712238729.65490,652712,21839.419,1375308589.64480,0
1715630400000,63139.60,63162.10,62683.50,62912.10,14213.948,1715644799999,894272571.72560,248074,6926.722,435745866.91910,0
