open_time,open,high,low,close,volume,close_time,quote_volume,count,taker_buy_volume,taker_buy_quote_volume,ignore
1739145600000,96423.60,97091.80,95200.10,96770.00,32348.746,1739159999999,3114937780.89220,684527,16019.416,1542345022.55720,0
1739160000000,96770.00,97634.00,96591.80,97386.30,23605.802,1739174399999,2291650309.93440,475988,11762.639,1142029109.67830,0
1739174400000,97386.30,97930.00,97305.50,97627.20,18947.956,1739188799999,1851028275.13120,386934,9239.315,902626708.91210,0
1739188800000,97627.30,98328.00,96806.60,97187.70,35096.177,1739203199999,3421981473.47680,706198,17311.752,1688329672.41860,0
1739203200000,97187.70,97611.00,96828.40,97343.60,16027.970,1739217599999,1558536927.60010,368493,8364.592,813400999.35770,0
1739217600000,97343.60,97455.50,97090.30,97379.20,6905.894,1739231999999,671852072.89520,174980,3305.699,321611466.26250,0
