open_time,open,high,low,close,volume,close_time,quote_volume,count,taker_buy_volume,taker_buy_quote_volume,ignore
1736726400000,94499.90,95934.50,93852.00,94215.40,39756.953,1736740799999,3766936707.60610,798728,19702.667,1867343787.38790,0
1736740800000,94215.40,94878.00,93222.20,93557.90,29936.963,1736755199999,2812827959.63320,583394,14226.341,1336443790.81460,0
1736755200000,93557.90,93626.10,90809.80,90827.50,69147.558,1736769599999,6366048983.20100,1160748,31535.600,2904045781.57670,0
1736769600000,90827.50,93055.00,88909.00,92093.60,127451.604,1736783999999,11623759933.45450,2028531,61368.443,5600126063.44920,0
1736784000000,92093.70,92501.50,91207.80,92274.80,54692.581,1736798399999,5024190199.54360,1064897,27439.149,2520871867.48340,0
1736798400000,92274.90,94681.10,91869.30,94485.30,40164.831,1736812799999,3763975825.39150,771153,20325.600,1903952479.53200,0
