open_time,open,high,low,close,volume,close_time,quote_volume,count,taker_buy_volume,taker_buy_quote_volume,ignore
1674432000000,22704.70,22825.90,22645.60,22657.60,47573.102,1674446399999,1081411429.59680,281985,23365.406,531184839.19860,0
1674446400000,22657.60,22793.30,22596.80,22692.40,36713.329,1674460799999,833929122.88960,247028,17908.671,406828569.38510,0
1674460800000,22692.40,22960.00,22661.90,22906.50,68826.107,1674475199999,1571944984.01457,395686,35236.718,804819328.68017,0
1674475200000,22906.40,23160.00,22500.00,22852.00,183939.268,1674489599999,4198657531.60359,1020599,92012.871,2100725435.73154,0
1674489600000,22852.10,23193.10,22653.00,22789.60,135640.765,1674503999999,3109390930.33579,809625,68133.319,1561951030.27234,0
1674504000000,22789.60,23043.90,22756.10,22913.10,53110.269,1674518399999,1217508981.43880,378029,25636.935,587760735.76890,0
