open_time,open,high,low,close,volume,close_time,quote_volume,count,taker_buy_volume,taker_buy_quote_volume,ignore
1679270400000,27955.80,28048.00,27120.60,27264.30,154695.612,1679284799999,4262959974.97244,1251870,73580.639,2028145739.18052,0
1679284800000,27264.30,28261.90,27140.00,28168.50,139390.542,1679299199999,3864202106.21372,1110828,72820.117,2019166150.52962,0
1679299200000,28168.50,28483.20,27881.20,28176.80,202307.208,1679313599999,5701326948.68670,1596091,100458.907,2832091725.35783,0
1679313600000,28176.80,28254.30,27570.00,27679.70,185779.965,1679327999999,5191857456.67352,1499430,89993.489,2515665038.40512,0
1679328000000,27679.70,28031.00,27445.00,27769.50,159678.784,1679342399999,4423680890.52720,1365914,79459.914,2201753324.97530,0
1679342400000,27769.60,28180.80,27566.80,27704.10,95371.337,1679356799999,2659753244.24095,934795,47588.464,1327384276.40395,0
