open_time,open,high,low,close,volume,close_time,quote_volume,count,taker_buy_volume,taker_buy_quote_volume,ignore
1687219200000,26828.60,27177.30,26782.60,26880.70,79486.167,1687233599999,2142766247.71035,784778,41464.158,1117936400.06425,0
1687233600000,26880.70,27024.20,26733.60,26820.40,58297.568,1687247999999,1565410619.00542,565774,28183.308,756860664.07570,0
1687248000000,26820.50,26898.60,26688.20,26895.20,41628.652,1687262399999,1114876765.14900,464867,21905.839,586763695.28170,0
1687262400000,26895.20,27125.50,26633.90,27054.20,114387.910,1687276799999,3072619706.38094,1060000,57713.556,1550584914.73930,0
1687276800000,27054.30,28145.00,26983.30,27973.80,340072.600,1687291199999,9391861679.73622,2696937,180551.874,4986534731.25114,0
1687291200000,27973.70,28397.80,27855.60,28290.60,124303.400,1687305599999,3498796269.84300,1158703,65953.616,1856765978.13040,0
