open_time,open,high,low,close,volume,close_time,quote_volume,count,taker_buy_volume,taker_buy_quote_volume,ignore
1689379200000,248.05259874,249.37728971,246.99640818,248.40589768,0,1689393599999,0,14400,0,0,0
1689393600000,248.40589768,250.23282573,247.93854274,250.06089287,0,1689407999999,0,14400,0,0,0
1689408000000,250.05713971,252.45174724,249.53447446,250.82127365,0,1689422399999,0,14400,0,0,0
1689422400000,250.81376354,251.33320665,249.21668000,250.35684258,0,1689436799999,0,14400,0,0,0
1689436800000,250.36952299,252.06421859,249.51654074,251.98990300,0,1689451199999,0,14400,0,0,0
1689451200000,251.98990300,252.06928032,250.03298153,251.00650331,0,1689465599999,0,14400,0,0,0
