open_time,open,high,low,close,volume,close_time,quote_volume,count,taker_buy_volume,taker_buy_quote_volume,ignore
1706400000000,305.56631216,306.11089847,304.24016003,305.87569774,0,1706414399999,0,14400,0,0,0
1706414400000,305.86930551,308.57268354,305.31765002,305.73897695,0,1706428799999,0,14400,0,0,0
1706428800000,305.78140248,308.85108468,305.52334581,307.00309558,0,1706443199999,0,14400,0,0,0
1706443200000,307.00350125,307.87701324,304.75313347,304.98370136,0,1706457599999,0,14400,0,0,0
1706457600000,304.98370136,306.12915635,303.47468379,303.81286257,0,1706471999999,0,14400,0,0,0
1706472000000,303.81287185,305.59487506,303.03796844,305.16220369,0,1706486399999,0,14400,0,0,0
