open_time,open,high,low,close,volume,close_time,quote_volume,count,taker_buy_volume,taker_buy_quote_volume,ignore
1691107200000,241.04951485,241.77837720,240.86504720,241.56366930,0,1691121599999,0,14400,0,0,0
1691121600000,241.52243219,243.31799971,241.11769384,242.05494569,0,1691135999999,0,14400,0,0,0
1691136000000,242.01370858,242.63201905,241.39782629,241.86081168,0,1691150399999,0,14400,0,0,0
1691150400000,241.86018586,243.27300313,241.67764635,243.09453331,0,1691164799999,0,14400,0,0,0
1691164800000,243.09453331,243.33475149,240.89106549,241.53327552,0,1691179199999,0,14400,0,0,0
1691179200000,241.53327552,241.91308306,240.29521037,241.70749498,0,1691193599999,0,14400,0,0,0
