open_time,open,high,low,close,volume,close_time,quote_volume,count,taker_buy_volume,taker_buy_quote_volume,ignore
1720483200000,510.57813250,516.31895724,506.66004830,514.06724167,0,1720497599999,0,14400,0,0,0
1720497600000,514.05447572,516.25043385,511.67705135,512.35838581,0,1720511999999,0,14400,0,0,0
1720512000000,512.41370496,518.84795957,511.53114668,516.15521908,0,1720526399999,0,14400,0,0,0
1720526400000,516.08023986,519.86048857,511.69529319,516.98464255,0,1720540799999,0,14400,0,0,0
1720540800000,516.94094106,520.87464894,515.80083902,517.08180749,0,1720555199999,0,14400,0,0,0
1720555200000,517.08009634,518.90366222,514.75003745,516.89722480,0,1720569599999,0,14400,0,0,0
