open_time,open,high,low,close,volume,close_time,quote_volume,count,taker_buy_volume,taker_buy_quote_volume,ignore
1663804800000,264.04433681,266.02861897,263.55838488,265.18047914,0,1663819199999,0,14399,0,0,0
1663819200000,265.18060074,266.86300003,264.50188604,266.84178565,0,1663833599999,0,14400,0,0,0
1663833600000,266.82737013,270.35670207,266.32605185,270.21076113,0,1663847999999,0,14400,0,0,0
1663848000000,270.20613634,271.17665187,266.86778308,268.45570134,0,1663862399999,0,14400,0,0,0
1663862400000,268.45061291,275.49833711,266.88769478,274.31436246,0,1663876799999,0,14400,0,0,0
1663876800000,274.30743292,276.50996258,273.34490146,275.37714903,0,1663891199999,0,14400,0,0,0
