open_time,open,high,low,close,volume,close_time,quote_volume,count,taker_buy_volume,taker_buy_quote_volume,ignore
1675036800000,317.13269636,320.75045524,314.20236800,315.67577647,0,1675051199999,0,14400,0,0,0
1675051200000,315.67987791,316.32541483,312.28275790,312.59381293,0,1675065599999,0,14397,0,0,0
1675065600000,312.59160433,313.40321115,304.49220003,306.80939227,0,1675079999999,0,14399,0,0,0
1675080000000,306.80093236,311.17820866,305.40607821,308.86477138,0,1675094399999,0,14399,0,0,0
1675094400000,308.86356132,310.27745999,302.29087767,305.16282693,0,1675108799999,0,14400,0,0,0
1675108800000,305.21872704,307.19152334,302.70031797,307.14606370,0,1675123199999,0,14400,0,0,0
