open_time,open,high,low,close,volume,close_time,quote_volume,count,taker_buy_volume,taker_buy_quote_volume,ignore
1665619200000,270.89494999,272.17095350,268.13083872,269.72492268,0,1665633599999,0,14399,0,0,0
1665633600000,269.72532170,269.96592649,262.27568587,264.30883265,0,1665647999999,0,14399,0,0,0
1665648000000,264.35723273,266.28176688,258.18931146,262.36948303,0,1665662399999,0,14400,0,0,0
1665662400000,262.36800423,267.72740959,257.38543463,266.73177474,0,1665676799999,0,14400,0,0,0
1665676800000,266.80230609,273.44338557,266.62499667,271.65416348,0,1665691199999,0,14400,0,0,0
1665691200000,271.73327913,273.61903696,271.30896379,271.64022260,0,1665705599999,0,14400,0,0,0
