open_time,open,high,low,close,volume,close_time,quote_volume,count,taker_buy_volume,taker_buy_quote_volume,ignore
1663200000000,279.32899066,280.46610529,273.51265514,276.17285015,0,1663214399999,0,14399,0,0,0
1663214400000,276.17781491,278.56572135,271.33975117,276.97860438,0,1663228799999,0,14400,0,0,0
1663228800000,277.04879338,277.05122695,273.56925472,275.63326316,0,1663243199999,0,14399,0,0,0
1663243200000,275.63321187,277.17014610,266.81615750,269.77708880,0,1663257599999,0,14400,0,0,0
1663257600000,269.76865307,272.66807016,269.24866360,271.74572846,0,1663271999999,0,14400,0,0,0
1663272000000,271.68328859,272.71677276,268.73219992,271.07237211,0,1663286399999,0,14400,0,0,0
