open_time,open,high,low,close,volume,close_time,quote_volume,count,taker_buy_volume,taker_buy_quote_volume,ignore
1723593600000,524.25124698,527.04397496,522.08649460,525.75474046,0,1723607999999,0,14400,0,0,0
1723608000000,525.75474046,528.53585396,525.02800149,526.69396134,0,1723622399999,0,14400,0,0,0
1723622400000,526.69396134,531.48669787,524.50638458,529.98388783,0,1723636799999,0,14400,0,0,0
1723636800000,529.93495166,531.54808410,515.65558443,525.26860179,0,1723651199999,0,14400,0,0,0
1723651200000,525.32146133,526.21279471,520.72104014,524.38334328,0,1723665599999,0,14400,0,0,0
1723665600000,524.35141702,526.00040270,519.99007548,523.54661345,0,1723679999999,0,14400,0,0,0
