open_time,open,high,low,close,volume,close_time,quote_volume,count,taker_buy_volume,taker_buy_quote_volume,ignore
1694822400000,214.05558085,215.75451125,214.01302766,214.47414349,0,1694836799999,0,14400,0,0,0
1694836800000,214.46796789,215.34740544,214.28268433,214.89187522,0,1694851199999,0,14400,0,0,0
1694851200000,214.89186453,214.95783032,213.46110337,214.24394292,0,1694865599999,0,14400,0,0,0
1694865600000,214.24395291,214.42011917,213.36442763,213.98120398,0,1694879999999,0,14400,0,0,0
1694880000000,213.98119400,214.83698893,213.89473728,214.29153938,0,1694894399999,0,14400,0,0,0
1694894400000,214.33277649,215.14586239,214.23200907,214.80913268,0,1694908799999,0,14400,0,0,0
