open_time,open,high,low,close,volume,close_time,quote_volume,count,taker_buy_volume,taker_buy_quote_volume,ignore
1696723200000,212.24296364,212.67761565,211.90814388,212.67386174,0,1696737599999,0,14400,0,0,0
1696737600000,212.62990570,212.71201960,211.36897294,211.63865314,0,1696751999999,0,14400,0,0,0
1696752000000,211.63865314,211.68211684,209.09015067,210.18085115,0,1696766399999,0,14400,0,0,0
1696766400000,210.13960469,212.44498924,209.84484735,211.54180058,0,1696780799999,0,14400,0,0,0
1696780800000,211.54180058,211.86201898,211.12133987,211.63923247,0,1696795199999,0,14400,0,0,0
1696795200000,211.63924186,212.05748115,210.91373547,211.32529296,0,1696809599999,0,14400,0,0,0
