open_time,open,high,low,close,volume,close_time,quote_volume,count,taker_buy_volume,taker_buy_quote_volume,ignore
1701993600000,232.57602651,236.37184812,232.37387391,235.42566265,0,1702007999999,0,14400,0,0,0
1702008000000,235.42226441,236.93119511,232.53002000,232.89585138,0,1702022399999,0,14400,0,0,0
1702022400000,232.94779873,235.55883950,232.25498044,234.58166188,0,1702036799999,0,14400,0,0,0
1702036800000,234.58014381,236.15448385,233.70846673,234.91262338,0,1702051199999,0,14400,0,0,0
1702051200000,234.96081615,238.19244323,234.61161559,237.93762549,0,1702065599999,0,14400,0,0,0
1702065600000,237.93325468,239.88583351,237.85534180,238.82601219,0,1702079999999,0,14400,0,0,0
