open_time,open,high,low,close,volume,close_time,quote_volume,count,taker_buy_volume,taker_buy_quote_volume,ignore
1719100800000,591.05138800,592.95528312,587.04693193,592.71522077,0,1719115199999,0,14400,0,0,0
1719115200000,592.71522077,593.08558432,590.43782188,592.31281800,0,1719129599999,0,14400,0,0,0
1719129600000,592.27025307,592.35009277,587.62938409,589.28367219,0,1719143999999,0,14400,0,0,0
1719144000000,589.31345942,590.30920308,584.58925532,585.01263003,0,1719158399999,0,14400,0,0,0
1719158400000,585.05518322,585.85692707,581.44261422,585.37610226,0,1719172799999,0,14399,0,0,0
1719172800000,585.37610226,585.47089796,576.08681162,577.49904000,0,1719187199999,0,14400,0,0,0
