open_time,open,high,low,close,volume,close_time,quote_volume,count,taker_buy_volume,taker_buy_quote_volume,ignore
1712275200000,585.17144469,591.30363358,575.07673493,581.49590204,0,1712289599999,0,14400,0,0,0
1712289600000,581.49590204,581.55224690,564.76750000,574.62910571,0,1712303999999,0,14400,0,0,0
1712304000000,574.62967574,580.99894681,572.66739434,577.45209838,0,1712318399999,0,14400,0,0,0
1712318400000,577.42762763,585.87583496,573.23438813,583.95755745,0,1712332799999,0,14400,0,0,0
1712332800000,583.95755745,584.80558164,577.63113959,582.53212351,0,1712347199999,0,14400,0,0,0
1712347200000,582.52071440,583.45614776,577.80103107,577.97288198,0,1712361599999,0,14400,0,0,0
