open_time,open,high,low,close,volume,close_time,quote_volume,count,taker_buy_volume,taker_buy_quote_volume,ignore
1722211200000,583.98663462,597.13681322,583.74383017,592.53857351,0,1722225599999,0,14400,0,0,0
1722225600000,592.49600941,595.33559787,590.60653120,593.70281855,0,1722239999999,0,14400,0,0,0
1722240000000,593.74537174,594.85705511,591.99828217,592.98993872,0,1722254399999,0,14400,0,0,0
1722254400000,592.98993872,593.48154460,580.25633770,582.92852235,0,1722268799999,0,14400,0,0,0
1722268800000,582.92852235,583.61495217,572.40653557,577.81345474,0,1722283199999,0,14400,0,0,0
1722283200000,577.86707639,580.43322715,573.86586070,574.30032544,0,1722297599999,0,14400,0,0,0
