open_time,open,high,low,close,volume,close_time,quote_volume,count,taker_buy_volume,taker_buy_quote_volume,ignore
1740441600000,614.22525939,621.38368397,604.54822981,607.03345653,0,1740455999999,0,14400,0,0,0
1740456000000,607.06201483,613.03933328,586.16327981,599.71214187,0,1740470399999,0,14400,0,0,0
1740470400000,599.64356544,612.97144515,594.66560973,611.11013212,0,1740484799999,0,14400,0,0,0
1740484800000,611.13262213,616.72668645,600.97125925,609.05965311,0,1740499199999,0,14400,0,0,0
1740499200000,609.04435637,619.95796101,604.73187664,619.39655851,0,1740513599999,0,14400,0,0,0
1740513600000,619.43781424,628.15788267,617.66473803,623.40205333,0,1740527999999,0,14400,0,0,0
