open_time,open,high,low,close,volume,close_time,quote_volume,count,taker_buy_volume,taker_buy_quote_volume,ignore
1730937600000,592.20549364,611.17956118,591.38560490,604.77869127,0,1730951999999,0,14400,0,0,0
1730952000000,604.78893608,606.09681545,591.47838036,595.80016990,0,1730966399999,0,14400,0,0,0
1730966400000,595.81379540,597.46523982,592.16517582,592.31881550,0,1730980799999,0,14399,0,0,0
1730980800000,592.32517673,597.94087110,587.20376682,597.92317065,0,1730995199999,0,14400,0,0,0
1730995200000,597.89589793,601.09305409,595.27268357,598.99305951,0,1731009599999,0,14400,0,0,0
1731009600000,598.99165936,602.71992548,595.67769418,598.27732384,0,1731023999999,0,14400,0,0,0
