open_time,open,high,low,close,volume,close_time,quote_volume,count,taker_buy_volume,taker_buy_quote_volume,ignore
1737849600000,686.43829387,690.34675848,686.35472308,689.71289421,0,1737863999999,0,14400,0,0,0
1737864000000,689.71822755,690.75750327,688.56785096,689.50845573,0,1737878399999,0,14400,0,0,0
1737878400000,689.51378907,689.89721357,684.54653135,685.49739161,0,1737892799999,0,14400,0,0,0
1737892800000,685.49739161,686.15216183,683.55517120,684.94054739,0,1737907199999,0,14400,0,0,0
1737907200000,684.93795369,685.56416439,683.46463843,684.13184995,0,1737921599999,0,14400,0,0,0
1737921600000,684.12491677,684.55128000,664.71864000,667.30263711,0,1737935999999,0,14400,0,0,0
