open_time,open,high,low,close,volume,close_time,quote_volume,count,taker_buy_volume,taker_buy_quote_volume,ignore
1701388800000,227.56822230,229.27185703,227.01183253,229.10142117,0,1701403199999,0,14400,0,0,0
1701403200000,229.10142117,229.94971242,228.35930910,228.59601351,0,1701417599999,0,14400,0,0,0
1701417600000,228.54782074,229.95757576,228.35099724,228.86218738,0,1701431999999,0,14400,0,0,0
1701432000000,228.86218661,229.08108060,227.40259058,228.32941373,0,1701446399999,0,14400,0,0,0
1701446400000,228.32941373,229.34331981,227.88339961,228.71514753,0,1701460799999,0,14400,0,0,0
1701460800000,228.71577168,228.98681506,228.12046690,228.47241586,0,1701475199999,0,14400,0,0,0
