open_time,open,high,low,close,volume,close_time,quote_volume,count,taker_buy_volume,taker_buy_quote_volume,ignore
1678752000000,307.87719650,308.31976529,305.22940159,306.18651204,0,1678766399999,0,14400,0,0,0
1678766400000,306.18690519,308.00275133,303.73397974,304.22524143,0,1678780799999,0,14397,0,0,0
1678780800000,304.22835832,307.45352001,302.08780813,306.11985190,0,1678795199999,0,14400,0,0,0
1678795200000,306.12237621,319.36980403,304.38306021,317.54033641,0,1678809599999,0,14398,0,0,0
1678809600000,317.55101141,317.99344998,306.79907554,310.98768233,0,1678823999999,0,14400,0,0,0
1678824000000,311.06628884,311.98170830,304.41417118,308.47134658,0,1678838399999,0,14400,0,0,0
