open_time,open,high,low,close,volume,close_time,quote_volume,count,taker_buy_volume,taker_buy_quote_volume,ignore
1739145600000,615.83324865,622.24978800,596.32875877,606.45096496,0,1739159999999,0,14400,0,0,0
1739160000000,606.47048892,612.93625720,605.11152960,608.03049040,0,1739174399999,0,14400,0,0,0
1739174400000,608.02569472,610.27942849,602.58108804,606.12607736,0,1739188799999,0,14400,0,0,0
1739188800000,606.13778453,609.78449427,601.94823051,603.20403645,0,1739203199999,0,14400,0,0,0
1739203200000,603.21178587,615.29295800,602.95191940,612.24073813,0,1739217599999,0,14400,0,0,0
1739217600000,612.24073813,618.83130320,610.07334561,618.62504213,0,1739231999999,0,14400,0,0,0
