open_time,open,high,low,close,volume,close_time,quote_volume,count,taker_buy_volume,taker_buy_quote_volume,ignore
1708560000000,379.18039975,386.84318308,373.97693786,375.25013330,0,1708574399999,0,14400,0,0,0
1708574400000,375.25012401,381.96656373,374.65008117,381.39816273,0,1708588799999,0,14400,0,0,0
1708588800000,381.42466257,384.22664470,379.01640102,382.95520902,0,1708603199999,0,14400,0,0,0
1708603200000,382.95520902,383.47462322,376.34313798,381.08106081,0,1708617599999,0,14400,0,0,0
1708617600000,381.08473103,382.73461868,377.61209958,382.18577617,0,1708631999999,0,14400,0,0,0
1708632000000,382.18577617,387.01949300,380.58063383,382.63306139,0,1708646399999,0,14400,0,0,0
