open_time,open,high,low,close,volume,close_time,quote_volume,count,taker_buy_volume,taker_buy_quote_volume,ignore
1689465600000,251.01024022,251.98078150,248.06420631,248.25508808,0,1689479999999,0,14400,0,0,0
1689480000000,248.25514994,249.26113338,247.82674456,248.54714511,0,1689494399999,0,14399,0,0,0
1689494400000,248.54714511,250.45185509,248.54714511,250.14832658,0,1689508799999,0,14400,0,0,0
1689508800000,250.14832658,250.43055927,248.20404939,248.67535678,0,1689523199999,0,14400,0,0,0
1689523200000,248.63411967,249.01134894,244.17458140,244.36945214,0,1689537599999,0,14400,0,0,0
1689537600000,244.36389512,245.13944948,242.12606325,242.30803827,0,1689551999999,0,14399,0,0,0
