open_time,open,high,low,close,volume,close_time,quote_volume,count,taker_buy_volume,taker_buy_quote_volume,ignore
1680825600000,312.23920762,312.76091621,311.06290617,311.87029903,0,1680839999999,0,14400,0,0,0
1680840000000,311.87031492,311.99311303,309.88422644,310.26003178,0,1680854399999,0,14400,0,0,0
1680854400000,310.21246273,310.82429443,309.74271818,310.38431467,0,1680868799999,0,14400,0,0,0
1680868800000,310.43288943,311.25737412,309.86527143,311.05768643,0,1680883199999,0,14400,0,0,0
1680883200000,311.05768643,311.71681036,310.36784077,310.70741186,0,1680897599999,0,14400,0,0,0
1680897600000,310.70742778,311.43228977,310.15746054,310.35053112,0,1680911999999,0,14400,0,0,0
