open_time,open,high,low,close,volume,close_time,quote_volume,count,taker_buy_volume,taker_buy_quote_volume,ignore
1741996800000,587.73030207,594.65073419,587.59257341,593.24597712,0,1742011199999,0,14400,0,0,0
1742011200000,593.24797472,595.16158731,589.76025712,590.72938379,0,1742025599999,0,14400,0,0,0
1742025600000,590.73708304,597.84972249,590.73708304,596.05395307,0,1742039999999,0,14400,0,0,0
1742040000000,596.04662233,603.38680169,595.57880677,603.08757499,0,1742054399999,0,14400,0,0,0
1742054400000,603.08224165,616.44543184,602.13693653,611.55341392,0,1742068799999,0,14400,0,0,0
1742068800000,611.55154725,619.87092464,611.52901536,619.82303547,0,1742083199999,0,14400,0,0,0
