open_time,open,high,low,close,volume,close_time,quote_volume,count,taker_buy_volume,taker_buy_quote_volume,ignore
1669766400000,295.33832730,305.28270626,295.25834711,295.84148473,0,1669780799999,0,14400,0,0,0
1669780800000,295.83308221,301.07489089,295.83308221,301.00293055,0,1669795199999,0,14397,0,0,0
1669795200000,301.00241845,303.61148445,298.89520373,300.61083011,0,1669809599999,0,14400,0,0,0
1669809600000,300.55726337,300.88855461,297.24020446,298.10752033,0,1669823999999,0,14400,0,0,0
1669824000000,298.04072432,300.96623856,292.80230374,298.48998512,0,1669838399999,0,14400,0,0,0
1669838400000,298.43678070,302.41979791,298.35926364,300.53989599,0,1669852799999,0,14400,0,0,0
