open_time,open,high,low,close,volume,close_time,quote_volume,count,taker_buy_volume,taker_buy_quote_volume,ignore
1683504000000,320.91861900,322.07588235,316.37213375,318.50704951,0,1683518399999,0,14396,0,0,0
1683518400000,318.50704951,318.79693591,315.53542953,316.59429783,0,1683532799999,0,14400,0,0,0
1683532800000,316.59244200,317.85884569,314.23564979,317.61880256,0,1683547199999,0,14400,0,0,0
1683547200000,317.61213589,317.96858897,315.84196461,317.82861382,0,1683561599999,0,14397,0,0,0
1683561600000,317.82783896,318.18726837,311.26738218,311.77782608,0,1683575999999,0,14400,0,0,0
1683576000000,311.73338164,313.83107788,311.29422629,313.73466547,0,1683590399999,0,14400,0,0,0
