open_time,open,high,low,close,volume,close_time,quote_volume,count,taker_buy_volume,taker_buy_quote_volume,ignore
1671840000000,246.17231377,246.26162126,244.93447747,245.90332275,0,1671854399999,0,14400,0,0,0
1671854400000,245.90326477,245.91856963,244.75046793,245.39480940,0,1671868799999,0,14400,0,0,0
1671868800000,245.39507829,245.40923270,243.55711120,243.97858637,0,1671883199999,0,14400,0,0,0
1671883200000,243.97797228,244.79945677,243.78910146,244.37935628,0,1671897599999,0,14400,0,0,0
1671897600000,244.38059145,245.08564928,244.14343037,244.50135372,0,1671911999999,0,14400,0,0,0
1671912000000,244.50247868,244.88978064,244.11322911,244.54363441,0,1671926399999,0,14400,0,0,0
