open_time,open,high,low,close,volume,close_time,quote_volume,count,taker_buy_volume,taker_buy_quote_volume,ignore
1707609600000,322.99014589,323.96002271,321.81316431,323.82958652,0,1707623999999,0,14400,0,0,0
1707624000000,323.82547020,324.71737758,323.09971954,324.18150668,0,1707638399999,0,14400,0,0,0
1707638400000,324.18151527,324.63341773,321.68866306,322.27816151,0,1707652799999,0,14400,0,0,0
1707652800000,322.27816151,322.85874250,320.32874868,321.02970645,0,1707667199999,0,14400,0,0,0
1707667200000,321.07225965,322.26578994,320.80353662,321.83994196,0,1707681599999,0,14400,0,0,0
1707681600000,321.83995047,322.14111609,320.10322532,320.66892261,0,1707695999999,0,14400,0,0,0
