open_time,open,high,low,close,volume,close_time,quote_volume,count,taker_buy_volume,taker_buy_quote_volume,ignore
1741824000000,569.84569736,577.73444457,568.00426155,577.31958381,0,1741838399999,0,14400,0,0,0
1741838400000,577.31958381,582.22152400,573.98957395,578.24946421,0,1741852799999,0,14400,0,0,0
1741852800000,578.24946421,582.59716400,573.35887512,578.64318147,0,1741867199999,0,14400,0,0,0
1741867200000,578.64771600,611.75724021,576.22417340,581.45065152,0,1741881599999,0,14400,0,0,0
1741881600000,581.43465152,583.55797300,571.94954780,577.26648589,0,1741895999999,0,14400,0,0,0
1741896000000,577.23363880,579.85100932,571.29326777,579.82140640,0,1741910399999,0,14400,0,0,0
