open_time,open,high,low,close,volume,close_time,quote_volume,count,taker_buy_volume,taker_buy_quote_volume,ignore
1682985600000,328.47808933,328.53099954,325.21202731,325.75773564,0,1682999999999,0,14400,0,0,0
1683000000000,325.75842850,325.76386566,323.06999931,323.68951547,0,1683014399999,0,14398,0,0,0
1683014400000,323.64507102,325.16230988,323.42205318,324.84968846,0,1683028799999,0,14400,0,0,0
1683028800000,324.84968846,325.78156305,322.09157780,324.74466626,0,1683043199999,0,14400,0,0,0
1683043200000,324.75182537,326.30297414,324.01858219,325.34626875,0,1683057599999,0,14400,0,0,0
1683057600000,325.34699794,325.55035923,321.50305024,321.55816728,0,1683071999999,0,14400,0,0,0
