open_time,open,high,low,close,volume,close_time,quote_volume,count,taker_buy_volume,taker_buy_quote_volume,ignore
1661558400000,279.55792647,281.80661039,278.46533465,280.81758128,0,1661572799999,0,14400,0,0,0
1661572800000,280.82127469,282.76472549,276.41326323,282.56613747,0,1661587199999,0,14400,0,0,0
1661587200000,282.66741542,284.53749361,280.26126568,282.90037221,0,1661601599999,0,14400,0,0,0
1661601600000,282.89424963,284.12206087,278.40750234,280.30982663,0,1661615999999,0,14400,0,0,0
1661616000000,280.31499656,280.62448815,276.29491935,277.95333875,0,1661630399999,0,14400,0,0,0
1661630400000,277.95400518,278.29388866,273.72095164,277.85147967,0,1661644799999,0,14400,0,0,0
