open_time,open,high,low,close,volume,close_time,quote_volume,count,taker_buy_volume,taker_buy_quote_volume,ignore
1741305600000,596.53209175,600.22852479,577.48100859,593.77302539,0,1741319999999,0,14400,0,0,0
1741320000000,593.78329257,603.23879515,593.48784775,599.33492517,0,1741334399999,0,14400,0,0,0
1741334400000,599.33492517,602.68197349,598.14077568,599.68699365,0,1741348799999,0,14400,0,0,0
1741348800000,599.72552651,609.97910923,597.64978987,604.27680480,0,1741363199999,0,14400,0,0,0
1741363200000,604.27400816,606.05540213,597.19752149,600.01709184,0,1741377599999,0,14400,0,0,0
1741377600000,600.01575947,601.54547813,590.21902635,594.80542775,0,1741391999999,0,14400,0,0,0
