open_time,open,high,low,close,volume,close_time,quote_volume,count,taker_buy_volume,taker_buy_quote_volume,ignore
1700524800000,253.05609077,267.48997872,252.47672687,262.67755888,0,1700539199999,0,14400,0,0,0
1700539200000,262.67755969,264.20585988,257.07969393,257.29327557,0,1700553599999,0,14400,0,0,0
1700553600000,257.34676394,261.12751596,257.26615172,258.76398740,0,1700567999999,0,14400,0,0,0
1700568000000,258.75003472,271.43375505,248.09916333,264.50505536,0,1700582399999,0,14400,0,0,0
1700582400000,264.58359025,266.22651860,236.95574615,240.09943209,0,1700596799999,0,14400,0,0,0
1700596800000,240.05292047,247.64189482,223.97403292,225.55368861,0,1700611199999,0,14400,0,0,0
