open_time,open,high,low,close,volume,close_time,quote_volume,count,taker_buy_volume,taker_buy_quote_volume,ignore
1727308800000,587.54795414,589.40683695,580.92873667,587.94698605,0,1727323199999,0,14400,0,0,0
1727323200000,587.90834969,596.48942078,587.19122801,595.99116911,0,1727337599999,0,14400,0,0,0
1727337600000,595.98435092,599.01062697,593.45289235,595.37005348,0,1727351999999,0,14400,0,0,0
1727352000000,595.41004087,602.56713636,592.22069169,601.43971618,0,1727366399999,0,14400,0,0,0
1727366400000,601.43972875,608.97743078,592.94751830,593.01380433,0,1727380799999,0,14400,0,0,0
1727380800000,593.02535583,598.38386136,591.31625462,596.30936579,0,1727395199999,0,14400,0,0,0
