open_time,open,high,low,close,volume,close_time,quote_volume,count,taker_buy_volume,taker_buy_quote_volume,ignore
1692662400000,210.38833524,210.77329377,209.66230939,210.09940131,0,1692676799999,0,14400,0,0,0
1692676800000,210.09941194,210.10292945,208.34750993,209.81243000,0,1692691199999,0,14400,0,0,0
1692691200000,209.81243000,210.77854321,208.82478381,209.09772485,0,1692705599999,0,14400,0,0,0
1692705600000,209.09772485,209.91257086,204.66968593,205.61050927,0,1692719999999,0,14400,0,0,0
1692720000000,205.60707842,209.79742150,203.63725988,208.30069830,0,1692734399999,0,14400,0,0,0
1692734400000,208.34325149,212.64195690,205.40065767,210.90692104,0,1692748799999,0,14400,0,0,0
