open_time,open,high,low,close,volume,close_time,quote_volume,count,taker_buy_volume,taker_buy_quote_volume,ignore
1741564800000,554.51011661,563.08409385,550.18686983,560.67914249,0,1741579199999,0,14400,0,0,0
1741579200000,560.69249669,566.76576429,560.43388833,564.56237248,0,1741593599999,0,14400,0,0,0
1741593600000,564.56636608,573.22592680,559.08770091,567.39006744,0,1741607999999,0,14400,0,0,0
1741608000000,567.44579669,569.84202024,541.83705677,550.40203901,0,1741622399999,0,14400,0,0,0
1741622400000,550.40203901,551.08685720,523.28614400,537.75990549,0,1741636799999,0,14400,0,0,0
1741636800000,537.65801424,541.40817653,531.03500853,531.40827280,0,1741651199999,0,14400,0,0,0
