open_time,open,high,low,close,volume,close_time,quote_volume,count,taker_buy_volume,taker_buy_quote_volume,ignore
1667347200000,323.92742271,327.52595266,322.81125445,326.29189190,0,1667361599999,0,14400,0,0,0
1667361600000,326.35652223,327.95133670,319.32809087,322.72375403,0,1667375999999,0,14400,0,0,0
1667376000000,322.71976824,323.05396735,315.47474596,320.48873681,0,1667390399999,0,14399,0,0,0
1667390400000,320.41910307,320.98172975,318.04790545,318.60844281,0,1667404799999,0,14400,0,0,0
1667404800000,318.67053516,329.50268166,316.88605333,319.84365498,0,1667419199999,0,14400,0,0,0
1667419200000,319.90009141,321.47554837,315.87395606,320.20503502,0,1667433599999,0,14400,0,0,0
