open_time,open,high,low,close,volume,close_time,quote_volume,count,taker_buy_volume,taker_buy_quote_volume,ignore
1726963200000,588.69461066,589.60719773,581.06055309,584.05973320,0,1726977599999,0,14400,0,0,0
1726977600000,584.10520036,585.35213748,581.55352527,584.50770988,0,1726991999999,0,14400,0,0,0
1726992000000,584.55317709,585.81704018,580.05270693,581.52795463,0,1727006399999,0,14400,0,0,0
1727006400000,581.47568190,583.05949318,577.15193564,580.61915855,0,1727020799999,0,14400,0,0,0
1727020800000,580.61814771,587.45487964,578.14274727,585.83804455,0,1727035199999,0,14400,0,0,0
1727035200000,585.83804455,594.22553255,576.60289674,588.55267165,0,1727049599999,0,14400,0,0,0
