open_time,open,high,low,close,volume,close_time,quote_volume,count,taker_buy_volume,taker_buy_quote_volume,ignore
1724544000000,580.55026272,583.87725959,575.93978909,579.48879946,0,1724558399999,0,14400,0,0,0
1724558400000,579.29949919,579.81688418,569.11036648,571.15618705,0,1724572799999,0,14400,0,0,0
1724572800000,571.20027795,575.68941727,569.23229073,574.02911979,0,1724587199999,0,14400,0,0,0
1724587200000,574.02228935,578.63457136,572.67974133,575.20995399,0,1724601599999,0,14400,0,0,0
1724601600000,575.20995399,577.18102786,573.54826859,575.67229419,0,1724615999999,0,14400,0,0,0
1724616000000,575.67228196,578.90243754,572.10708361,573.91063364,0,1724630399999,0,14400,0,0,0
