open_time,open,high,low,close,volume,close_time,quote_volume,count,taker_buy_volume,taker_buy_quote_volume,ignore
1745452800000,605.73418413,606.78235886,601.82336468,604.05676337,0,1745467199999,0,14400,0,0,0
1745467200000,604.06023124,606.59711949,601.76819759,602.91305140,0,1745481599999,0,14400,0,0,0
1745481600000,602.92035298,604.78368905,592.71976278,597.65010543,0,1745495999999,0,14400,0,0,0
1745496000000,597.65010543,600.68917905,595.85820565,598.45209697,0,1745510399999,0,14400,0,0,0
1745510400000,598.45844617,600.82467725,595.53003832,598.97384694,0,1745524799999,0,14400,0,0,0
1745524800000,598.97622546,602.44357994,598.04417295,601.54833325,0,1745539199999,0,14400,0,0,0
