open_time,open,high,low,close,volume,close_time,quote_volume,count,taker_buy_volume,taker_buy_quote_volume,ignore
1719360000000,578.24141736,584.56919100,575.57187498,580.11633239,0,1719374399999,0,14400,0,0,0
1719374400000,580.11633239,580.96119889,575.43275207,578.67193883,0,1719388799999,0,14400,0,0,0
1719388800000,578.68894814,579.14151713,572.68140477,573.75191784,0,1719403199999,0,14400,0,0,0
1719403200000,573.75191784,576.92072610,570.78846017,572.55930045,0,1719417599999,0,14399,0,0,0
1719417600000,572.52483227,574.61208979,567.53055459,574.40776596,0,1719431999999,0,14400,0,0,0
1719432000000,574.40777798,575.78173680,571.69030987,573.05144894,0,1719446399999,0,14400,0,0,0
