open_time,open,high,low,close,volume,close_time,quote_volume,count,taker_buy_volume,taker_buy_quote_volume,ignore
1746316800000,599.31845048,600.46142528,598.23292968,599.78781499,0,1746331199999,0,14400,0,0,0
1746331200000,599.79354764,600.18904248,596.49848932,597.04827968,0,1746345599999,0,14400,0,0,0
1746345600000,597.04294635,597.07681913,592.88722984,594.10032776,0,1746359999999,0,14400,0,0,0
1746360000000,594.09794704,594.18871484,588.10643093,589.25788219,0,1746374399999,0,14400,0,0,0
1746374400000,589.25751859,589.70496887,585.94826357,588.48091985,0,1746388799999,0,14400,0,0,0
1746388800000,588.48211781,589.98884520,584.72739213,585.96651149,0,1746403199999,0,14400,0,0,0
