open_time,open,high,low,close,volume,close_time,quote_volume,count,taker_buy_volume,taker_buy_quote_volume,ignore
1701820800000,231.21797884,232.78292599,230.73028369,231.80359810,0,1701835199999,0,14400,0,0,0
1701835200000,231.80359810,233.49116068,228.72735721,233.24767987,0,1701849599999,0,14400,0,0,0
1701849600000,233.24720292,234.77832750,228.83886853,230.21532169,0,1701863999999,0,14400,0,0,0
1701864000000,230.14778922,231.10164904,229.18218557,229.98747099,0,1701878399999,0,14400,0,0,0
1701878400000,229.98740413,231.70997637,229.47582753,230.86490663,0,1701892799999,0,14400,0,0,0
1701892800000,230.86490663,232.17230470,228.99776855,229.40658357,0,1701907199999,0,14400,0,0,0
