open_time,open,high,low,close,volume,close_time,quote_volume,count,taker_buy_volume,taker_buy_quote_volume,ignore
1742774400000,623.72560640,627.18933739,618.05400715,623.20948133,0,1742788799999,0,14400,0,0,0
1742788800000,623.20265040,625.98736727,620.72281749,623.01520060,0,1742803199999,0,14399,0,0,0
1742803200000,623.00257131,632.12129315,622.30406187,630.71106155,0,1742817599999,0,14400,0,0,0
1742817600000,630.73159488,632.27346213,624.55279104,630.99968047,0,1742831999999,0,14400,0,0,0
1742832000000,631.00567979,639.53650528,629.82042533,636.29792413,0,1742846399999,0,14400,0,0,0
1742846400000,636.29912197,638.48196719,632.31540709,637.10308852,0,1742860799999,0,14400,0,0,0
