open_time,open,high,low,close,volume,close_time,quote_volume,count,taker_buy_volume,taker_buy_quote_volume,ignore
1688169600000,240.32568226,245.81800563,240.30916413,241.35978480,0,1688183999999,0,14400,0,0,0
1688184000000,241.35978480,242.26853642,240.30976487,242.08857111,0,1688198399999,0,14400,0,0,0
1688198400000,242.08857111,244.29560263,241.94580541,243.50492878,0,1688212799999,0,14400,0,0,0
1688212800000,243.50492878,248.67928704,242.94426866,247.36401186,0,1688227199999,0,14400,0,0,0
1688227200000,247.35338690,248.17884489,245.72262088,246.41614666,0,1688241599999,0,14400,0,0,0
1688241600000,246.41692725,249.01309664,246.38783934,247.86368571,0,1688255999999,0,14400,0,0,0
