open_time,open,high,low,close,volume,close_time,quote_volume,count,taker_buy_volume,taker_buy_quote_volume,ignore
1699920000000,241.11843038,242.49465201,238.19044137,242.40621170,0,1699934399999,0,14400,0,0,0
1699934400000,242.40621170,244.51363656,241.43829080,244.38066054,0,1699948799999,0,14400,0,0,0
1699948800000,244.38065970,249.27890985,243.93934436,244.54325408,0,1699963199999,0,14400,0,0,0
1699963200000,244.58976492,246.97146899,242.76647303,244.15190480,0,1699977599999,0,14400,0,0,0
1699977600000,244.19863718,245.61099768,234.59945758,239.99988985,0,1699991999999,0,14400,0,0,0
1699992000000,239.99238900,242.93338674,239.25500233,242.19612322,0,1700006399999,0,14400,0,0,0
