open_time,open,high,low,close,volume,close_time,quote_volume,count,taker_buy_volume,taker_buy_quote_volume,ignore
1691884800000,240.29254148,240.59174589,239.84482593,240.31615604,0,1691899199999,0,14400,0,0,0
1691899200000,240.31616681,240.57892096,240.04415198,240.32707772,0,1691913599999,0,14400,0,0,0
1691913600000,240.32708850,240.95861662,240.17312695,240.75958447,0,1691927999999,0,14400,0,0,0
1691928000000,240.76313593,240.85556039,240.20966483,240.38775322,0,1691942399999,0,14400,0,0,0
1691942400000,240.38775322,241.60836941,240.21482571,241.58622894,0,1691956799999,0,14400,0,0,0
1691956800000,241.57458120,241.80574403,239.85757785,240.15036123,0,1691971199999,0,14400,0,0,0
