open_time,open,high,low,close,volume,close_time,quote_volume,count,taker_buy_volume,taker_buy_quote_volume,ignore
1714089600000,613.14038554,614.95910011,606.48013248,610.04538391,0,1714103999999,0,14400,0,0,0
1714104000000,610.08793710,612.56312644,607.57539438,608.45304792,0,1714118399999,0,14400,0,0,0
1714118400000,608.45304792,610.32424027,601.32342632,602.47208973,0,1714132799999,0,14400,0,0,0
1714132800000,602.48485569,607.89818926,597.46476773,599.17688649,0,1714147199999,0,14400,0,0,0
1714147200000,599.17689853,604.60662403,598.09985724,601.32993128,0,1714161599999,0,14400,0,0,0
1714161600000,601.36746292,603.63294990,597.02279869,597.88175282,0,1714175999999,0,14400,0,0,0
