open_time,open,high,low,close,volume,close_time,quote_volume,count,taker_buy_volume,taker_buy_quote_volume,ignore
1677110400000,0.3953,0.3971,0.3903,0.3951,155325731.3,1677124799999,61185951.18356,90676,72275315.6,28473142.85726,0
1677124800000,0.3950,0.3978,0.3937,0.3964,140495013.1,1677139199999,55600508.63539,80154,70711631.3,27987325.68325,0
1677139200000,0.3963,0.3974,0.3880,0.3896,215997085.3,1677153599999,84900838.44634,108146,103548097.3,40701060.89693,0
1677153600000,0.3896,0.3933,0.3880,0.3892,224531934.4,1677167999999,87725084.24407,126170,108324736.4,42323216.62075,0
1677168000000,0.3893,0.3910,0.3852,0.3909,163814683.0,1677182399999,63580728.42367,107289,76290641.8,29611274.63931,0
1677182400000,0.3909,0.3913,0.3862,0.3881,79540860.6,1677196799999,30944199.41055,68183,35864910.6,13952777.82610,0
