open_time,open,high,low,close,volume,close_time,quote_volume,count,taker_buy_volume,taker_buy_quote_volume,ignore
1733184000000,2.7242,2.7797,2.6457,2.7765,658289912.0,1733198399999,1786397478.19421,1874961,322801391.2,876354888.65861,0
1733198400000,2.7766,2.7895,2.5200,2.6282,939768017.5,1733212799999,2484955812.25028,2229545,462173297.8,1221419299.91434,0
1733212800000,2.6282,2.8800,2.5637,2.8559,873598105.2,1733227199999,2349318987.32318,2181812,422270025.5,1136232733.27768,0
1733227200000,2.8559,2.9160,2.2860,2.5266,3157161207.5,1733241599999,8032676109.87204,6906235,1537303560.1,3915695502.29909,0
1733241600000,2.5268,2.6097,2.4812,2.5708,875453029.2,1733255999999,2230035210.46271,2308284,425294546.2,1083933624.97792,0
1733256000000,2.5710,2.6880,2.5103,2.5127,568010234.0,1733270399999,1477267453.50639,1449511,268040065.6,697911531.13957,0
