open_time,open,high,low,close,volume,close_time,quote_volume,count,taker_buy_volume,taker_buy_quote_volume,ignore
1782000000000,1.1495,1.1510,1.1456,1.1490,23559987.3,1782014399999,27053766.29153,70428,11882997.2,13645800.26999,0
1782014400000,1.1490,1.1516,1.1423,1.1468,28233961.0,1782028799999,32367216.90851,73893,13337796.9,15288663.80727,0
1782028800000,1.1468,1.1529,1.1404,1.1420,45393554.2,1782043199999,52032715.24467,105743,23536036.5,26973115.56262,0
1782043200000,1.1419,1.1512,1.1391,1.1492,45632644.8,1782057599999,52227029.99365,107252,23406453.1,26781913.07074,0
1782057600000,1.1491,1.1491,1.1382,1.1449,43985663.9,1782071999999,50311660.43073,102252,23492640.3,26868146.77921,0
1782072000000,1.1449,1.1466,1.1193,1.1243,104322531.6,1782086399999,117961313.88535,222203,50303435.5,56894133.45686,0
