open_time,open,high,low,close,volume,close_time,quote_volume,count,taker_buy_volume,taker_buy_quote_volume,ignore
1732406400000,1.4698,1.5140,1.4418,1.4741,349812349.1,1732420799999,517430337.12528,725716,168505844.2,249363075.39966,0
1732420800000,1.4741,1.4845,1.4368,1.4661,252527932.7,1732435199999,368698472.12893,543212,123493592.0,180376112.86387,0
1732435200000,1.4662,1.4700,1.3789,1.3851,475946435.9,1732449599999,675969925.38667,870452,225357502.2,320166012.33678,0
1732449600000,1.3850,1.4048,1.2795,1.3099,1159993354.7,1732463999999,1560555141.74951,1680263,561405630.0,755918832.80795,0
1732464000000,1.3097,1.4078,1.3000,1.3797,554150419.3,1732478399999,752983236.01757,990957,274754592.7,373296509.24473,0
1732478400000,1.3797,1.4613,1.3730,1.4334,418050513.6,1732492799999,596406572.41017,795348,203476944.0,290261257.15653,0
