open_time,open,high,low,close,volume,close_time,quote_volume,count,taker_buy_volume,taker_buy_quote_volume,ignore
1748390400000,2.3157,2.3227,2.3016,2.3117,45737559.9,1748404799999,105705902.18425,180952,23329232.2,53919994.78107,0
1748404800000,2.3116,2.3152,2.2830,2.2945,62780507.0,1748419199999,144189858.43135,203943,30899378.6,70976485.91266,0
1748419200000,2.2945,2.3090,2.2861,2.3068,50815795.2,1748433599999,116797601.44819,189674,23796599.8,54702059.98561,0
1748433600000,2.3067,2.3142,2.2506,2.2515,153606816.0,1748447999999,349959828.95386,386603,63891491.9,145627584.43422,0
1748448000000,2.2515,2.2674,2.2244,2.2261,108470571.1,1748462399999,243963551.43508,326509,46819210.2,105342968.36431,0
1748462400000,2.2261,2.2800,2.2251,2.2732,66207098.7,1748476799999,149369059.28750,229987,34365203.7,77529200.27152,0
