open_time,open,high,low,close,volume,close_time,quote_volume,count,taker_buy_volume,taker_buy_quote_volume,ignore
1691971200000,0.6252,0.6305,0.6237,0.6299,124298208.1,1691985599999,77904291.76033,76463,62769938.1,39343311.77837,0
1691985600000,0.6299,0.6341,0.6261,0.6263,140782625.2,1691999999999,88688434.14052,91274,68913020.7,43415809.96847,0
1692000000000,0.6263,0.6298,0.6257,0.6280,71579718.8,1692014399999,44956161.75427,55258,35231937.9,22129158.11043,0
1692014400000,0.6281,0.6325,0.6260,0.6314,127688111.2,1692028799999,80408341.97856,79231,63187572.3,39793517.66059,0
1692028800000,0.6315,0.6323,0.6242,0.6283,134311806.8,1692043199999,84412925.63088,88098,63737370.0,40054812.38891,0
1692043200000,0.6283,0.6366,0.6277,0.6339,109977548.4,1692057599999,69543567.21165,81036,57170770.8,36154139.80933,0
