open_time,open,high,low,close,volume,close_time,quote_volume,count,taker_buy_volume,taker_buy_quote_volume,ignore
1685404800000,0.4941,0.4988,0.4893,0.4969,290678385.3,1685419199999,143626849.71526,140261,151707968.8,74966942.69852,0
1685419200000,0.4970,0.5048,0.4956,0.5009,437265642.6,1685433599999,218790741.85257,204197,217252801.8,108718357.97829,0
1685433600000,0.5010,0.5058,0.4983,0.5023,297768709.0,1685447999999,149343995.55747,135277,150468374.5,75477426.70637,0
1685448000000,0.5022,0.5093,0.4933,0.5044,410511475.9,1685462399999,205276135.92823,181144,199937642.7,100010597.08702,0
1685462400000,0.5044,0.5258,0.5021,0.5198,1109970957.7,1685476799999,575690821.37509,504116,580349210.2,300973976.72741,0
1685476800000,0.5199,0.5292,0.5043,0.5202,567425945.2,1685491199999,294958213.92207,310378,280446714.2,145923317.33107,0
