open_time,open,high,low,close,volume,close_time,quote_volume,count,taker_buy_volume,taker_buy_quote_volume,ignore
1690329600000,0.7084,0.7150,0.7008,0.7106,232106953.2,1690343999999,164239601.85114,157988,110667642.3,78314791.86223,0
1690344000000,0.7107,0.7108,0.6963,0.7001,216988104.8,1690358399999,152536868.98001,145468,103688709.1,72894488.06265,0
1690358400000,0.7001,0.7036,0.6919,0.6975,207077759.1,1690372799999,144593611.76976,132338,99750241.8,69662837.78458,0
1690372800000,0.6974,0.7060,0.6961,0.7034,209240673.1,1690387199999,146906027.62940,137735,107943415.3,75795360.55504,0
1690387200000,0.7034,0.7188,0.6944,0.7137,680544220.2,1690401599999,481761804.22574,377694,335583894.7,237623829.02745,0
1690401600000,0.7138,0.7311,0.7111,0.7156,488428592.4,1690415999999,352325183.38132,278912,243009342.6,175304232.47436,0
