open_time,open,high,low,close,volume,close_time,quote_volume,count,taker_buy_volume,taker_buy_quote_volume,ignore
1669248000000,0.3812,0.3841,0.3778,0.3821,229376394.2,1669262399999,87337001.55175,101707,111112393.6,42317922.60362,0
1669262400000,0.3821,0.3846,0.3795,0.3804,168562914.8,1669276799999,64360994.24777,73535,86987799.5,33215865.64162,0
1669276800000,0.3803,0.3814,0.3740,0.3783,215368610.2,1669291199999,81394373.40770,89653,102843886.7,38871141.02206,0
1669291200000,0.3783,0.3938,0.3776,0.3889,412957248.9,1669305599999,159388832.36091,169099,219297802.3,84649024.22775,0
1669305600000,0.3890,0.4045,0.3864,0.4030,639525514.2,1669319999999,253647007.17061,265573,334771442.0,132824114.40944,0
1669320000000,0.4031,0.4048,0.3974,0.4017,375402433.0,1669334399999,150530117.49084,163547,187963400.5,75376964.91993,0
