open_time,open,high,low,close,volume,close_time,quote_volume,count,taker_buy_volume,taker_buy_quote_volume,ignore
1745280000000,2.0841,2.1029,2.0620,2.0820,84458493.6,1745294399999,176144016.82968,258303,41856790.7,87298744.11103,0
1745294400000,2.0820,2.0961,2.0670,2.0913,75805285.2,1745308799999,157763168.13907,197685,36970826.7,76948801.04028,0
1745308800000,2.0913,2.1074,2.0903,2.0987,76574165.3,1745323199999,160728182.51481,219723,36993241.0,77647822.38611,0
1745323200000,2.0987,2.1923,2.0933,2.1542,315185863.3,1745337599999,675828071.36798,630088,155909208.0,334377589.85797,0
1745337600000,2.1541,2.1708,2.1391,2.1534,122731499.7,1745351999999,264191522.02541,322817,61048955.9,131431530.27110,0
1745352000000,2.1534,2.2506,2.1470,2.2138,221946117.4,1745366399999,489752232.36219,572567,124616325.2,274924805.29557,0
