open_time,open,high,low,close,volume,close_time,quote_volume,count,taker_buy_volume,taker_buy_quote_volume,ignore
1721865600000,0.6175,0.6218,0.5937,0.6055,424752218.8,1721879999999,256998775.89021,409371,206798924.7,125160450.15509,0
1721880000000,0.6055,0.6153,0.5969,0.6088,249849956.1,1721894399999,151206010.44752,218067,121267304.0,73389456.06066,0
1721894400000,0.6087,0.6123,0.5991,0.6104,198987759.4,1721908799999,120682576.46002,194981,98525641.4,59756878.21178,0
1721908800000,0.6105,0.6252,0.6004,0.6173,463107974.4,1721923199999,284316657.61082,400031,223081971.8,136958782.16664,0
1721923200000,0.6172,0.6259,0.5970,0.6004,333813872.2,1721937599999,204018127.54749,325593,161408797.8,98710379.08690,0
1721937600000,0.6004,0.6024,0.5837,0.5993,309675185.9,1721951999999,183948012.72316,288780,144165150.5,85638442.97992,0
