open_time,open,high,low,close,volume,close_time,quote_volume,count,taker_buy_volume,taker_buy_quote_volume,ignore
1690243200000,0.7016,0.7027,0.6890,0.6965,259127393.0,1690257599999,180417212.15755,155033,127316778.1,88642969.86140,0
1690257600000,0.6966,0.6973,0.6735,0.6799,369284086.6,1690271999999,253551538.49296,205195,177989744.9,122254838.01942,0
1690272000000,0.6799,0.6938,0.6775,0.6853,331420228.6,1690286399999,227694442.02174,184582,163072715.3,112038260.76480,0
1690286400000,0.6852,0.7080,0.6849,0.6998,574823353.0,1690300799999,401416728.23500,318817,294575935.8,205689802.33129,0
1690300800000,0.6998,0.7070,0.6950,0.7003,316177286.8,1690315199999,221740384.94279,198453,157397003.1,110397314.46777,0
1690315200000,0.7002,0.7160,0.6970,0.7084,305247383.3,1690329599999,216170045.25659,208204,154643308.2,109522191.68571,0
