open_time,open,high,low,close,volume,close_time,quote_volume,count,taker_buy_volume,taker_buy_quote_volume,ignore
1725840000000,0.5292,0.5309,0.5267,0.5301,45680241.0,1725854399999,24165886.67479,72998,21584557.8,11421023.90644,0
1725854400000,0.5302,0.5314,0.5266,0.5306,44936447.5,1725868799999,23766615.61316,72033,22310799.4,11801029.03595,0
1725868800000,0.5306,0.5340,0.5293,0.5308,67179915.0,1725883199999,35716349.09969,74643,32313070.9,17182218.61544,0
1725883200000,0.5308,0.5332,0.5275,0.5291,78695087.5,1725897599999,41707933.84745,90284,37023699.4,19624957.27438,0
1725897600000,0.5290,0.5390,0.5289,0.5384,126515683.8,1725911999999,67665323.80919,130053,67109149.0,35895324.18262,0
1725912000000,0.5384,0.5427,0.5361,0.5392,74181299.8,1725926399999,40022224.37381,113291,38715398.1,20890245.41736,0
