open_time,open,high,low,close,volume,close_time,quote_volume,count,taker_buy_volume,taker_buy_quote_volume,ignore
1708473600000,0.5627,0.5635,0.5564,0.5595,106533309.3,1708487999999,59564352.15430,91403,50753330.3,28377668.44252,0
1708488000000,0.5594,0.5600,0.5456,0.5472,172909423.7,1708502399999,95343317.55609,118112,80761026.8,44540519.65584,0
1708502400000,0.5472,0.5511,0.5330,0.5393,346036358.0,1708516799999,187357825.15196,237927,163806956.0,88730000.03631,0
1708516800000,0.5393,0.5453,0.5340,0.5403,290012446.8,1708531199999,156647349.39374,217409,139027087.3,75094006.86184,0
1708531200000,0.5403,0.5442,0.5354,0.5426,147932615.5,1708545599999,79944168.61140,119898,71172762.8,38461511.53894,0
1708545600000,0.5426,0.5499,0.5411,0.5495,111366723.9,1708559999999,60754327.45835,96840,54141691.3,29538741.91547,0
