open_time,open,high,low,close,volume,close_time,quote_volume,count,taker_buy_volume,taker_buy_quote_volume,ignore
1785542400000,1.0613,1.0619,1.0613,1.0618,127787.2,1785542459999,135658.11207,427,114384.7,121431.44841,0
1785542460000,1.0618,1.0622,1.0618,1.0622,103052.6,1785542519999,109436.97948,391,90309.5,95906.17089,0
1785542520000,1.0622,1.0632,1.0621,1.0631,284432.2,1785542579999,302328.53608,713,190380.6,202346.85985,0
1785542580000,1.0631,1.0632,1.0626,1.0627,132219.7,1785542639999,140545.65654,422,11104.3,11802.44099,0
1785542640000,1.0626,1.0627,1.0624,1.0627,64046.9,1785542699999,68054.63976,304,47004.3,49946.24665,0
1785542700000,1.0626,1.0627,1.0620,1.0627,152741.7,1785542759999,162289.43054,535,35945.3,38185.41479,0
1785542760000,1.0626,1.0626,1.0622,1.0622,149623.4,1785542819999,158957.38166,262,23469.3,24931.51432,0
1785542820000,1.0623,1.0623,1.0621,1.0621,48955.9,1785542879999,51999.61434,186,7244.5,7695.81234,0
1785542880000,1.0621,1.0628,1.0621,1.0627,161888.1,1785542939999,171978.99768,374,154548.8,164180.52306,0
1785542940000,1.0627,1.0628,1.0624,1.0625,80551.9,1785542999999,85601.37431,306,6164.4,6551.46771,0
1785543000000,1.0624,1.0626,1.0624,1.0624,39110.6,1785543059999,41554.79370,195,32812.0,34862.99107,0
1785543060000,1.0624,1.0625,1.0624,1.0624,21249.2,1785543119999,22576.15694,137,10068.6,10697.88750,0
1785543120000,1.0625,1.0625,1.0622,1.0622,86510.2,1785543179999,91901.19863,259,4490.5,4771.15593,0
1785543180000,1.0622,1.0624,1.0622,1.0624,69921.6,1785543239999,74279.45504,264,62568.0,66468.45426,0
1785543240000,1.0625,1.0627,1.0623,1.0624,110079.5,1785543299999,116968.00557,390,30710.9,32633.72307,0
1785543300000,1.0623,1.0628,1.0623,1.0627,84910.2,1785543359999,90223.31675,276,65648.9,69758.96584,0
1785543360000,1.0627,1.0629,1.0627,1.0629,45165.1,1785543419999,48000.35292,233,33347.5,35441.73967,0
1785543420000,1.0629,1.0630,1.0628,1.0630,64656.3,1785543479999,68722.83625,238,56297.7,59838.91961,0
1785543480000,1.0629,1.0629,1.0618,1.0620,337395.2,1785543539999,358450.52990,575,50034.4,53134.99649,0
1785543540000,1.0620,1.0628,1.0620,1.0627,165819.0,1785543599999,176179.52667,447,65183.3,69245.22567,0
1785543600000,1.0627,1.0628,1.0624,1.0624,88359.5,1785543659999,93893.54935,240,17373.9,18463.86818,0
1785543660000,1.0624,1.0625,1.0622,1.0622,69136.3,1785543719999,73449.29294,184,7499.9,7967.82461,0
1785543720000,1.0622,1.0622,1.0619,1.0621,99911.1,1785543779999,106114.25911,322,34129.6,36247.77998,0
1785543780000,1.0622,1.0622,1.0621,1.0621,8568.8,1785543839999,9101.26991,110,3474.3,3690.40146,0
1785543840000,1.0621,1.0622,1.0620,1.0621,29950.7,1785543899999,31810.55887,93,667.0,708.46637,0
1785543900000,1.0620,1.0622,1.0620,1.0620,105302.1,1785543959999,111843.73673,231,99488.2,105669.37493,0
1785543960000,1.0620,1.0626,1.0620,1.0625,188599.9,1785544019999,200365.86880,360,138292.6,146919.93062,0
1785544020000,1.0625,1.0626,1.0625,1.0625,40213.6,1785544079999,42729.39958,117,24495.8,26029.23708,0
1785544080000,1.0626,1.0631,1.0625,1.0631,130816.2,1785544139999,139034.60402,313,126534.2,134483.37357,0
1785544140000,1.0630,1.0633,1.0624,1.0625,259704.4,1785544199999,276069.51358,613,51933.1,55212.76382,0
1785544200000,1.0624,1.0628,1.0624,1.0627,96230.7,1785544259999,102261.76041,244,88396.6,93937.15841,0
1785544260000,1.0628,1.0628,1.0625,1.0626,120179.3,1785544319999,127708.94545,271,19623.6,20852.80982,0
1785544320000,1.0625,1.0626,1.0620,1.0622,69568.0,1785544379999,73898.97442,385,27835.2,29565.05702,0
1785544380000,1.0622,1.0626,1.0622,1.0624,72185.8,1785544439999,76687.48284,313,54946.8,58371.34845,0
1785544440000,1.0624,1.0631,1.0623,1.0630,143025.4,1785544499999,152000.40206,498,139200.2,147935.72745,0
1785544500000,1.0630,1.0631,1.0626,1.0627,138312.4,1785544559999,147010.58017,388,18644.6,19815.07245,0
1785544560000,1.0627,1.0628,1.0627,1.0628,10320.9,1785544619999,10968.77151,104,7510.8,7982.47824,0
1785544620000,1.0628,1.0628,1.0627,1.0628,9725.3,1785544679999,10335.82475,94,7484.4,7954.42032,0
1785544680000,1.0627,1.0628,1.0624,1.0626,126490.2,1785544739999,134412.52861,359,28337.5,30111.85988,0
1785544740000,1.0626,1.0629,1.0626,1.0628,71000.6,1785544799999,75455.62612,224,56768.8,60332.68704,0
1785544800000,1.0628,1.0630,1.0628,1.0628,83649.0,1785544859999,88909.41141,209,18635.2,19807.36912,0
1785544860000,1.0628,1.0629,1.0627,1.0628,65360.7,1785544919999,69462.35013,247,16502.1,17538.47449,0
1785544920000,1.0628,1.0630,1.0628,1.0630,18008.4,1785544979999,19140.98683,136,15151.3,16104.39372,0
1785544980000,1.0629,1.0632,1.0629,1.0629,114804.7,1785545039999,122046.29866,272,47956.8,50984.56487,0
1785545040000,1.0629,1.0630,1.0628,1.0628,102742.6,1785545099999,109206.62326,242,28058.3,29825.39964,0
1785545100000,1.0629,1.0630,1.0626,1.0630,373779.1,1785545159999,397300.00554,420,291084.1,309409.02982,0
1785545160000,1.0630,1.0630,1.0629,1.0629,10138.7,1785545219999,10776.85132,87,4270.9,4539.96670,0
1785545220000,1.0630,1.0630,1.0626,1.0627,186936.1,1785545279999,198693.72980,335,90011.7,95680.42104,0
1785545280000,1.0627,1.0629,1.0626,1.0629,195781.5,1785545339999,208061.10305,198,189427.5,201308.09009,0
1785545340000,1.0629,1.0630,1.0628,1.0630,103885.2,1785545399999,110420.81872,205,100835.1,107179.16026,0
1785545400000,1.0631,1.0633,1.0628,1.0628,156345.4,1785545459999,166216.15551,506,30817.3,32763.46581,0
1785545460000,1.0629,1.0629,1.0627,1.0628,93239.2,1785545519999,99096.95806,282,61013.1,64847.14196,0
1785545520000,1.0629,1.0629,1.0626,1.0627,87957.8,1785545579999,93480.08459,289,27027.6,28725.55004,0
1785545580000,1.0628,1.0628,1.0627,1.0627,2473.0,1785545639999,2628.19412,57,1370.2,1456.24856,0
1785545640000,1.0628,1.0628,1.0627,1.0628,6981.4,1785545699999,7419.35467,73,2208.9,2347.61892,0
1785545700000,1.0628,1.0628,1.0625,1.0626,115236.5,1785545759999,122455.64634,202,10954.5,11641.38872,0
1785545760000,1.0626,1.0626,1.0620,1.0620,116597.8,1785545819999,123871.70832,347,6908.9,7341.25014,0
1785545820000,1.0621,1.0622,1.0615,1.0619,297086.8,1785545879999,315453.95271,681,101255.2,107510.47865,0
1785545880000,1.0619,1.0622,1.0618,1.0622,60464.1,1785545939999,64212.44463,263,56425.6,59923.69003,0
1785545940000,1.0622,1.0626,1.0621,1.0625,46162.1,1785545999999,49040.13983,234,40803.4,43346.78460,0
1785546000000,1.0626,1.0634,1.0625,1.0633,232178.4,1785546059999,246798.07396,488,224117.8,238228.33830,0
1785546060000,1.0634,1.0637,1.0633,1.0637,270368.2,1785546119999,287527.84118,571,191747.9,203923.25222,0
1785546120000,1.0637,1.0637,1.0636,1.0636,122948.0,1785546179999,130777.22061,256,15691.1,16690.62307,0
1785546180000,1.0637,1.0637,1.0635,1.0635,66783.0,1785546239999,71028.94204,262,2743.4,2918.02320,0
1785546240000,1.0636,1.0636,1.0635,1.0635,13434.8,1785546299999,14288.46609,79,5562.9,5916.70044,0
1785546300000,1.0636,1.0636,1.0635,1.0636,78327.1,1785546359999,83301.90098,165,10301.3,10956.46268,0
1785546360000,1.0636,1.0636,1.0632,1.0634,130661.3,1785546419999,138939.94187,450,30731.1,32677.49542,0
1785546420000,1.0634,1.0636,1.0632,1.0632,88335.2,1785546479999,93937.68258,336,31930.9,33957.04349,0
1785546480000,1.0633,1.0634,1.0632,1.0634,88314.3,1785546539999,93906.25204,208,66658.0,70880.96738,0
1785546540000,1.0635,1.0640,1.0634,1.0637,253491.5,1785546599999,269658.52149,734,143119.4,152251.31069,0
1785546600000,1.0637,1.0638,1.0632,1.0637,189389.0,1785546659999,201436.77574,427,134631.1,143201.29347,0
1785546660000,1.0637,1.0642,1.0636,1.0641,128792.2,1785546719999,137043.34081,310,85601.6,91086.32268,0
1785546720000,1.0642,1.0642,1.0641,1.0641,25087.4,1785546779999,26696.93581,183,14334.7,15254.98774,0
1785546780000,1.0642,1.0642,1.0636,1.0636,377189.2,1785546839999,401358.12535,495,30950.0,32936.99000,0
1785546840000,1.0637,1.0640,1.0636,1.0640,84383.8,1785546899999,89758.55637,233,47902.6,50957.10708,0
1785546900000,1.0640,1.0643,1.0640,1.0641,84650.8,1785546959999,90084.02138,275,49145.7,52299.76245,0
1785546960000,1.0642,1.0643,1.0641,1.0642,54945.6,1785547019999,58473.11496,168,22724.6,24183.75620,0
1785547020000,1.0642,1.0646,1.0641,1.0644,125530.2,1785547079999,133610.66780,488,62956.4,67012.02002,0
1785547080000,1.0644,1.0644,1.0640,1.0641,91713.0,1785547139999,97604.38213,301,1331.3,1417.01001,0
1785547140000,1.0641,1.0641,1.0633,1.0635,106523.8,1785547199999,113296.61853,353,37897.4,40301.81525,0
1785547200000,1.0636,1.0637,1.0635,1.0636,33113.7,1785547259999,35220.57793,164,29754.2,31647.60418,0
1785547260000,1.0637,1.0640,1.0637,1.0640,59514.6,1785547319999,63315.42669,212,56624.4,60240.54866,0
1785547320000,1.0640,1.0640,1.0639,1.0639,16112.1,1785547379999,17142.87641,119,12132.2,12908.66080,0
1785547380000,1.0640,1.0643,1.0639,1.0642,35763.4,1785547439999,38057.34560,201,31793.3,33832.62267,0
1785547440000,1.0643,1.0643,1.0634,1.0636,163739.0,1785547499999,174190.21299,570,36265.7,38573.03043,0
1785547500000,1.0636,1.0641,1.0635,1.0640,89368.6,1785547559999,95070.49519,330,51746.5,55044.26639,0
1785547560000,1.0640,1.0640,1.0636,1.0636,38185.6,1785547619999,40620.43818,190,1264.0,1344.82725,0
1785547620000,1.0637,1.0637,1.0635,1.0636,33779.6,1785547679999,35927.74162,151,25049.3,26642.51422,0
1785547680000,1.0636,1.0638,1.0635,1.0638,32181.2,1785547739999,34229.54866,185,30948.1,32918.04079,0
1785547740000,1.0638,1.0643,1.0637,1.0642,140865.4,1785547799999,149881.75137,399,130665.8,139029.55131,0
1785547800000,1.0643,1.0645,1.0641,1.0644,214622.2,1785547859999,228431.13109,387,127647.1,135863.32920,0
1785547860000,1.0644,1.0647,1.0644,1.0645,405666.2,1785547919999,431846.79088,398,54875.5,58418.74215,0
1785547920000,1.0646,1.0646,1.0645,1.0645,22067.0,1785547979999,23491.49122,259,11697.2,12452.83912,0
1785547980000,1.0646,1.0646,1.0645,1.0645,45007.5,1785548039999,47912.66208,195,21783.3,23190.50118,0
1785548040000,1.0646,1.0646,1.0640,1.0644,577030.5,1785548099999,614198.51805,409,90429.4,96232.55744,0
1785548100000,1.0644,1.0644,1.0643,1.0644,15044.8,1785548159999,16012.84024,107,6596.0,7020.78240,0
1785548160000,1.0644,1.0644,1.0642,1.0643,57006.0,1785548219999,60671.73780,295,6512.3,6931.45882,0
1785548220000,1.0643,1.0646,1.0642,1.0646,116468.5,1785548279999,123969.84865,264,110559.1,117679.97824,0
1785548280000,1.0646,1.0646,1.0645,1.0646,38817.5,1785548339999,41324.10595,117,28772.0,30630.67120,0
1785548340000,1.0646,1.0646,1.0645,1.0646,12380.7,1785548399999,13180.38442,53,11292.7,12022.20842,0
1785548400000,1.0646,1.0648,1.0645,1.0645,200438.0,1785548459999,213394.10490,423,117434.9,125024.38793,0
1785548460000,1.0646,1.0646,1.0643,1.0643,79245.3,1785548519999,84352.89350,233,10384.9,11054.81090,0
1785548520000,1.0644,1.0644,1.0642,1.0643,101293.6,1785548579999,107803.13932,259,38441.8,40913.69686,0
1785548580000,1.0644,1.0644,1.0643,1.0644,7229.1,1785548639999,7694.29435,60,3632.2,3866.11368,0
1785548640000,1.0644,1.0644,1.0643,1.0643,18522.4,1785548699999,19713.60900,70,2186.8,2327.62992,0
1785548700000,1.0644,1.0644,1.0643,1.0643,18334.1,1785548759999,19513.86486,110,8822.3,9390.45612,0
1785548760000,1.0644,1.0644,1.0643,1.0643,50317.1,1785548819999,53556.55173,263,40622.0,43238.05680,0
1785548820000,1.0644,1.0644,1.0643,1.0643,11784.3,1785548879999,12542.83887,100,8083.8,8604.39672,0
1785548880000,1.0644,1.0646,1.0643,1.0645,89472.4,1785548939999,95235.79244,250,68923.4,73364.55910,0
1785548940000,1.0646,1.0646,1.0642,1.0643,185736.6,1785548999999,197699.92656,335,132377.1,140903.53996,0
1785549000000,1.0644,1.0644,1.0638,1.0639,121477.3,1785549059999,129255.07945,439,5759.2,6128.28396,0
1785549060000,1.0639,1.0639,1.0638,1.0639,20478.5,1785549119999,21785.67031,162,6420.1,6830.34439,0
1785549120000,1.0639,1.0648,1.0638,1.0647,152402.7,1785549179999,162191.44126,383,149667.1,159280.38472,0
1785549180000,1.0648,1.0648,1.0645,1.0645,94493.6,1785549239999,100604.26956,283,29934.6,31874.13121,0
1785549240000,1.0646,1.0647,1.0645,1.0646,92174.0,1785549299999,98128.36161,183,58268.7,62032.99174,0
1785549300000,1.0646,1.0646,1.0641,1.0641,97455.0,1785549359999,103734.76032,286,19996.8,21288.59092,0
1785549360000,1.0642,1.0642,1.0641,1.0642,89963.8,1785549419999,95736.07930,224,55997.2,59592.22024,0
1785549420000,1.0642,1.0642,1.0641,1.0642,27880.3,1785549479999,29669.57899,110,21517.6,22899.02992,0
1785549480000,1.0642,1.0645,1.0641,1.0645,125257.9,1785549539999,133322.02370,216,120361.4,128110.65893,0
1785549540000,1.0644,1.0646,1.0644,1.0646,106685.8,1785549599999,113566.27570,362,46651.5,49660.68935,0
1785549600000,1.0645,1.0647,1.0645,1.0646,174635.5,1785549659999,185916.26869,401,96243.6,102462.22121,0
1785549660000,1.0645,1.0649,1.0645,1.0649,77548.7,1785549719999,82563.25917,314,66407.8,70703.36997,0
1785549720000,1.0649,1.0649,1.0648,1.0649,55904.5,1785549779999,59531.73115,204,46195.5,49193.58795,0
1785549780000,1.0649,1.0650,1.0648,1.0650,117215.4,1785549839999,124823.54941,281,63416.3,67532.95247,0
1785549840000,1.0649,1.0651,1.0649,1.0650,52618.8,1785549899999,56040.70835,196,47563.2,50656.96785,0
1785549900000,1.0650,1.0651,1.0648,1.0648,87296.4,1785549959999,92968.97973,344,6189.1,6591.83764,0
1785549960000,1.0649,1.0651,1.0648,1.0649,46299.4,1785550019999,49306.11384,239,26384.7,28097.23305,0
1785550020000,1.0648,1.0653,1.0648,1.0652,103501.6,1785550079999,110238.89140,336,98881.4,105318.54929,0
1785550080000,1.0652,1.0653,1.0651,1.0651,40282.1,1785550139999,42909.05351,277,8351.9,8897.04738,0
1785550140000,1.0652,1.0652,1.0650,1.0650,17323.8,1785550199999,18451.75615,200,3236.1,3447.08081,0
1785550200000,1.0651,1.0653,1.0650,1.0653,33460.7,1785550259999,35640.85379,190,27126.0,28893.78765,0
1785550260000,1.0653,1.0653,1.0648,1.0648,113279.3,1785550319999,120653.88852,398,13362.7,14234.98295,0
1785550320000,1.0648,1.0649,1.0648,1.0649,89633.6,1785550379999,95448.01919,257,61619.1,65618.17959,0
1785550380000,1.0648,1.0657,1.0648,1.0657,81259.1,1785550439999,86571.14779,410,75595.3,80536.88777,0
1785550440000,1.0656,1.0657,1.0653,1.0653,91442.9,1785550499999,97436.26547,433,20811.3,22174.42904,0
1785550500000,1.0654,1.0656,1.0653,1.0655,143230.9,1785550559999,152602.15230,314,88556.9,94350.93765,0
1785550560000,1.0655,1.0655,1.0652,1.0652,81491.8,1785550619999,86811.60330,299,9455.9,10074.52778,0
1785550620000,1.0653,1.0653,1.0651,1.0652,98026.5,1785550679999,104420.95590,315,67658.4,72073.30004,0
1785550680000,1.0653,1.0656,1.0652,1.0656,79321.3,1785550739999,84509.90398,270,78614.0,83756.40641,0
1785550740000,1.0656,1.0656,1.0655,1.0656,39415.8,1785550799999,41999.83133,149,22964.3,24470.75808,0
1785550800000,1.0656,1.0660,1.0655,1.0659,139645.8,1785550859999,148826.26390,385,133376.7,142144.53409,0
1785550860000,1.0660,1.0661,1.0659,1.0661,66451.0,1785550919999,70837.99973,314,44940.3,47907.94165,0
1785550920000,1.0661,1.0662,1.0660,1.0661,55518.9,1785550979999,59189.61447,192,53120.1,56632.42327,0
1785550980000,1.0662,1.0662,1.0660,1.0660,80836.5,1785551039999,86178.58145,259,23849.2,25426.33492,0
1785551040000,1.0661,1.0661,1.0655,1.0655,205393.4,1785551099999,218935.91309,433,53238.4,56756.55050,0
1785551100000,1.0656,1.0656,1.0654,1.0655,81539.1,1785551159999,86878.71652,219,43443.2,46288.81142,0
1785551160000,1.0655,1.0658,1.0654,1.0657,97543.5,1785551219999,103935.14207,190,96190.8,102493.92029,0
1785551220000,1.0658,1.0659,1.0657,1.0658,33098.9,1785551279999,35277.11720,163,30596.6,32610.26190,0
1785551280000,1.0659,1.0659,1.0658,1.0659,17096.7,1785551339999,18222.10707,117,4442.1,4734.83439,0
1785551340000,1.0659,1.0659,1.0656,1.0656,29017.9,1785551399999,30928.12025,248,15269.1,16275.23421,0
1785551400000,1.0657,1.0658,1.0656,1.0657,64511.0,1785551459999,68748.92214,140,13266.5,14138.45451,0
1785551460000,1.0658,1.0658,1.0655,1.0655,62439.2,1785551519999,66537.41527,291,4617.8,4920.93685,0
1785551520000,1.0656,1.0659,1.0656,1.0658,31588.5,1785551579999,33663.58478,236,22959.5,24467.51608,0
1785551580000,1.0658,1.0659,1.0656,1.0656,25524.7,1785551639999,27201.98353,208,1587.2,1691.73732,0
1785551640000,1.0657,1.0657,1.0656,1.0656,13310.4,1785551699999,14184.48075,93,9185.1,9788.56107,0
1785551700000,1.0657,1.0657,1.0655,1.0655,20137.2,1785551759999,21458.07455,183,5795.4,6175.69101,0
1785551760000,1.0655,1.0656,1.0655,1.0655,16864.0,1785551819999,17969.19514,135,6031.4,6427.05984,0
1785551820000,1.0655,1.0656,1.0655,1.0656,69338.4,1785551879999,73885.30695,342,52417.5,55856.08800,0
1785551880000,1.0655,1.0656,1.0653,1.0653,47327.0,1785551939999,50426.18094,277,12709.8,13543.54894,0
1785551940000,1.0654,1.0654,1.0650,1.0650,88059.2,1785551999999,93796.40992,270,4427.5,4715.77804,0
1785552000000,1.0650,1.0651,1.0648,1.0648,23311.0,1785552059999,24824.69325,244,3868.0,4119.18025,0
1785552060000,1.0648,1.0649,1.0648,1.0648,38418.7,1785552119999,40910.25473,133,20229.7,21542.60753,0
1785552120000,1.0648,1.0649,1.0648,1.0648,16210.2,1785552179999,17261.50100,166,8800.4,9371.54596,0
1785552180000,1.0648,1.0649,1.0648,1.0648,15009.8,1785552239999,15983.32390,160,8888.6,9465.47014,0
1785552240000,1.0649,1.0649,1.0648,1.0649,101489.5,1785552299999,108075.25868,277,92162.2,98143.52678,0
1785552300000,1.0650,1.0650,1.0648,1.0649,145820.2,1785552359999,155283.76061,257,99036.0,105463.47697,0
1785552360000,1.0650,1.0652,1.0649,1.0652,78510.0,1785552419999,83613.77405,238,76154.3,81105.10086,0
1785552420000,1.0652,1.0655,1.0652,1.0654,146089.2,1785552479999,155635.49482,470,102910.2,109633.42230,0
1785552480000,1.0653,1.0655,1.0652,1.0655,72170.9,1785552539999,76885.35469,274,57546.5,61306.06183,0
1785552540000,1.0655,1.0656,1.0651,1.0652,163944.6,1785552599999,174670.60533,482,27296.9,29085.19373,0
1785552600000,1.0652,1.0653,1.0651,1.0652,30790.5,1785552659999,32798.08608,172,20813.6,22170.77090,0
1785552660000,1.0652,1.0653,1.0652,1.0652,4780.1,1785552719999,5091.95299,80,1904.7,2029.07691,0
1785552720000,1.0652,1.0653,1.0652,1.0652,4790.1,1785552779999,5102.68243,95,2679.1,2854.04523,0
1785552780000,1.0652,1.0653,1.0651,1.0651,90602.4,1785552839999,96507.69096,622,38956.2,41496.27466,0
1785552840000,1.0651,1.0653,1.0650,1.0652,69210.5,1785552899999,73717.42747,362,34252.6,36483.73278,0
1785552900000,1.0652,1.0653,1.0650,1.0651,78944.3,1785552959999,84087.33273,232,3850.6,4101.32727,0
1785552960000,1.0650,1.0652,1.0650,1.0652,61362.5,1785553019999,65357.01261,174,55462.8,59073.81256,0
1785553020000,1.0651,1.0653,1.0649,1.0650,57348.6,1785553079999,61080.09639,384,16818.4,17913.81731,0
1785553080000,1.0649,1.0653,1.0649,1.0652,60879.9,1785553139999,64845.55976,249,59709.6,63599.00804,0
1785553140000,1.0653,1.0653,1.0651,1.0652,98237.2,1785553199999,104637.89088,342,48305.7,51451.15055,0
1785553200000,1.0652,1.0653,1.0651,1.0653,29192.1,1785553259999,31096.12973,209,25863.6,27550.61163,0
1785553260000,1.0653,1.0654,1.0652,1.0653,163805.4,1785553319999,174502.95527,456,142754.6,152078.75828,0
1785553320000,1.0653,1.0654,1.0652,1.0653,63304.4,1785553379999,67438.73639,239,61153.5,65147.39405,0
1785553380000,1.0654,1.0655,1.0653,1.0654,48488.2,1785553439999,51659.86273,259,45834.1,48832.24427,0
1785553440000,1.0654,1.0655,1.0653,1.0654,91098.9,1785553499999,97058.15606,259,43848.6,46719.21462,0
1785553500000,1.0653,1.0654,1.0653,1.0653,92339.3,1785553559999,98373.70744,189,46511.5,49553.35210,0
1785553560000,1.0654,1.0655,1.0654,1.0655,43890.0,1785553619999,46760.63212,156,40099.2,42721.91380,0
1785553620000,1.0655,1.0656,1.0655,1.0655,114756.0,1785553679999,122273.55625,173,85337.6,90928.25105,0
1785553680000,1.0656,1.0657,1.0655,1.0656,47526.9,1785553739999,50644.23102,155,36463.4,38855.55970,0
1785553740000,1.0657,1.0660,1.0657,1.0658,115958.4,1785553799999,123594.74420,320,50669.3,54003.20133,0
1785553800000,1.0658,1.0660,1.0656,1.0656,131079.2,1785553859999,139711.38577,321,86770.9,92489.03146,0
1785553860000,1.0656,1.0657,1.0650,1.0650,75717.0,1785553919999,80669.50096,378,2059.2,2193.45742,0
1785553920000,1.0651,1.0651,1.0644,1.0644,194956.1,1785553979999,207542.68988,479,12144.5,12927.92985,0
1785553980000,1.0644,1.0645,1.0644,1.0644,13910.8,1785554039999,14806.95815,101,3026.3,3221.49635,0
1785554040000,1.0644,1.0648,1.0644,1.0647,32031.2,1785554099999,34099.88396,193,24672.7,26265.90866,0
1785554100000,1.0647,1.0648,1.0645,1.0645,58957.4,1785554159999,62771.34929,239,1468.9,1564.03773,0
1785554160000,1.0646,1.0646,1.0643,1.0645,67690.8,1785554219999,72052.20473,368,29242.0,31125.30906,0
1785554220000,1.0644,1.0647,1.0644,1.0647,41035.6,1785554279999,43683.54512,200,28932.2,30800.00520,0
1785554280000,1.0646,1.0647,1.0646,1.0646,22685.8,1785554339999,24152.28386,137,9811.8,10446.62346,0
1785554340000,1.0647,1.0647,1.0646,1.0647,4821.6,1785554399999,5133.26318,90,1878.2,1999.71954,0
1785554400000,1.0646,1.0648,1.0644,1.0644,99257.6,1785554459999,105675.53328,400,41014.3,43667.93590,0
1785554460000,1.0644,1.0645,1.0644,1.0644,5363.0,1785554519999,5708.48032,97,1031.2,1097.71240,0
1785554520000,1.0644,1.0648,1.0644,1.0648,103559.4,1785554579999,110249.82977,219,99131.9,105536.31663,0
1785554580000,1.0647,1.0651,1.0647,1.0651,70565.6,1785554639999,75149.31316,200,65639.7,69903.26461,0
1785554640000,1.0650,1.0651,1.0650,1.0651,22994.1,1785554699999,24489.01220,67,2957.0,3149.50070,0
1785554700000,1.0650,1.0651,1.0650,1.0651,23166.7,1785554759999,24672.85411,125,3186.1,3393.51511,0
1785554760000,1.0651,1.0651,1.0648,1.0648,54433.9,1785554819999,57970.50515,209,6809.5,7252.37719,0
1785554820000,1.0649,1.0649,1.0644,1.0648,125811.4,1785554879999,133938.55847,983,87315.9,92953.36208,0
1785554880000,1.0647,1.0648,1.0643,1.0643,49055.4,1785554939999,52213.55592,199,14962.5,15926.09664,0
1785554940000,1.0644,1.0644,1.0643,1.0643,3628.9,1785554999999,3862.40525,43,1669.8,1777.33512,0
1785555000000,1.0644,1.0646,1.0643,1.0644,45764.6,1785555059999,48715.22569,231,33168.7,35307.41081,0
1785555060000,1.0645,1.0645,1.0644,1.0644,18596.0,1785555119999,19794.40082,202,8184.2,8712.08090,0
1785555120000,1.0645,1.0647,1.0644,1.0646,23107.3,1785555179999,24598.66657,211,18553.5,19751.14901,0
1785555180000,1.0647,1.0649,1.0646,1.0649,20258.0,1785555239999,21570.60153,137,19207.5,20452.03983,0
1785555240000,1.0649,1.0649,1.0639,1.0641,214209.2,1785555299999,228028.05995,558,49436.1,52616.58369,0
1785555300000,1.0642,1.0642,1.0638,1.0641,67674.3,1785555359999,72009.03586,277,20741.0,22069.42463,0
1785555360000,1.0642,1.0642,1.0641,1.0642,18358.9,1785555419999,19536.52311,139,8176.2,8701.11204,0
1785555420000,1.0642,1.0642,1.0641,1.0642,4576.3,1785555479999,4869.92830,83,2874.7,3059.25574,0
1785555480000,1.0642,1.0647,1.0641,1.0646,94278.1,1785555539999,100343.15450,301,84804.4,90261.95272,0
1785555540000,1.0647,1.0649,1.0642,1.0644,194605.8,1785555599999,207170.48464,517,54323.4,57827.52244,0
1785555600000,1.0644,1.0647,1.0644,1.0647,28604.7,1785555659999,30450.38522,129,16303.0,17353.99540,0
1785555660000,1.0646,1.0647,1.0642,1.0643,172728.6,1785555719999,183875.01870,385,7631.4,8124.85527,0
1785555720000,1.0642,1.0645,1.0642,1.0643,105537.5,1785555779999,112328.44490,212,63318.6,67391.17994,0
1785555780000,1.0643,1.0644,1.0643,1.0643,9302.1,1785555839999,9900.40549,75,1804.6,1920.81624,0
1785555840000,1.0643,1.0644,1.0643,1.0644,54891.3,1785555899999,58425.01339,156,42028.0,44734.60320,0
1785555900000,1.0644,1.0645,1.0643,1.0645,48129.0,1785555959999,51228.71431,167,37994.6,40441.65942,0
1785555960000,1.0645,1.0647,1.0645,1.0647,32714.2,1785556019999,34827.16942,180,23503.2,25021.13882,0
1785556020000,1.0647,1.0652,1.0647,1.0651,121003.4,1785556079999,128852.65534,377,81447.8,86737.21896,0
1785556080000,1.0651,1.0652,1.0646,1.0646,155180.0,1785556139999,165261.08273,381,19758.2,21045.85736,0
1785556140000,1.0646,1.0648,1.0643,1.0645,258808.4,1785556199999,275488.71734,434,102533.6,109136.64733,0
1785556200000,1.0646,1.0651,1.0645,1.0651,58911.1,1785556259999,62728.54493,208,55271.7,58853.94185,0
1785556260000,1.0650,1.0651,1.0646,1.0646,132296.6,1785556319999,140871.28055,302,63069.7,67159.49007,0
1785556320000,1.0646,1.0648,1.0645,1.0646,55913.8,1785556379999,59526.47046,203,28839.1,30702.99904,0
1785556380000,1.0646,1.0653,1.0645,1.0653,128587.9,1785556439999,136944.26246,289,124017.4,132078.21629,0
1785556440000,1.0652,1.0655,1.0650,1.0653,192851.2,1785556499999,205449.07239,475,92239.3,98267.81834,0
1785556500000,1.0652,1.0653,1.0652,1.0652,121292.3,1785556559999,129200.96676,186,4088.0,4354.94640,0
1785556560000,1.0653,1.0653,1.0651,1.0651,60424.3,1785556619999,64362.94724,108,16311.7,17375.22821,0
1785556620000,1.0652,1.0655,1.0651,1.0655,95602.1,1785556679999,101849.21945,231,93955.2,100094.92504,0
1785556680000,1.0655,1.0656,1.0654,1.0656,75180.6,1785556739999,80106.55936,146,74773.1,79672.40811,0
1785556740000,1.0656,1.0656,1.0655,1.0655,13096.7,1785556799999,13955.60374,87,10698.9,11400.74784,0
1785556800000,1.0655,1.0656,1.0655,1.0655,80019.3,1785556859999,85263.47197,234,29078.2,30985.72992,0
1785556860000,1.0655,1.0656,1.0655,1.0656,50444.0,1785556919999,53749.47823,178,13962.3,14878.22688,0
1785556920000,1.0656,1.0659,1.0656,1.0659,126103.7,1785556979999,134391.91374,349,123715.5,131846.72207,0
1785556980000,1.0658,1.0659,1.0658,1.0658,41521.9,1785557039999,44254.61571,155,5746.9,6125.62071,0
1785557040000,1.0658,1.0659,1.0654,1.0655,80754.2,1785557099999,86053.93303,501,26527.8,28266.25796,0
1785557100000,1.0655,1.0656,1.0652,1.0653,53141.2,1785557159999,56620.13938,231,491.8,524.03693,0
1785557160000,1.0652,1.0653,1.0650,1.0650,33680.9,1785557219999,35874.95317,170,5555.7,5917.84301,0
1785557220000,1.0650,1.0653,1.0650,1.0652,36641.7,1785557279999,39030.38778,202,34305.8,36542.19082,0
1785557280000,1.0652,1.0653,1.0652,1.0653,21823.6,1785557339999,23248.28421,81,17854.9,19020.82497,0
1785557340000,1.0652,1.0653,1.0652,1.0653,6258.5,1785557399999,6666.83496,65,2807.6,2990.93628,0
1785557400000,1.0653,1.0653,1.0652,1.0652,5516.4,1785557459999,5876.47705,100,4077.7,4343.97381,0
1785557460000,1.0652,1.0654,1.0652,1.0654,35093.3,1785557519999,37385.72642,171,33419.7,35602.98807,0
1785557520000,1.0654,1.0657,1.0653,1.0657,43799.9,1785557579999,46668.61884,213,21275.3,22668.62058,0
1785557580000,1.0656,1.0659,1.0656,1.0657,87952.6,1785557639999,93740.00203,201,43109.0,45946.14399,0
1785557640000,1.0657,1.0657,1.0656,1.0657,16685.8,1785557699999,17781.34047,58,9519.9,10145.35743,0
1785557700000,1.0656,1.0657,1.0654,1.0655,40227.1,1785557759999,42863.99012,299,2398.2,2555.32552,0
1785557760000,1.0655,1.0655,1.0652,1.0652,29919.1,1785557819999,31873.78494,402,4714.4,5022.64066,0
1785557820000,1.0653,1.0653,1.0651,1.0651,39216.0,1785557879999,41771.90163,259,1746.4,1860.38277,0
1785557880000,1.0651,1.0652,1.0651,1.0651,26834.6,1785557939999,28581.64713,99,1146.7,1221.46484,0
1785557940000,1.0651,1.0653,1.0651,1.0652,34944.4,1785557999999,37222.47696,174,29215.1,31119.95740,0
1785558000000,1.0652,1.0653,1.0652,1.0652,5560.8,1785558059999,5923.62427,63,2601.1,2770.95183,0
1785558060000,1.0652,1.0654,1.0652,1.0653,13975.9,1785558119999,14888.75796,178,11668.6,12430.81790,0
1785558120000,1.0653,1.0658,1.0653,1.0655,42420.2,1785558179999,45204.83389,285,18725.1,19953.40364,0
1785558180000,1.0656,1.0657,1.0655,1.0657,8950.6,1785558239999,9537.73355,109,7747.3,8255.59111,0
1785558240000,1.0656,1.0657,1.0655,1.0655,36963.6,1785558299999,39388.37092,106,11119.8,11849.28750,0
1785558300000,1.0655,1.0656,1.0655,1.0655,6964.6,1785558359999,7421.08351,48,3022.1,3220.34976,0
1785558360000,1.0655,1.0656,1.0654,1.0654,50257.3,1785558419999,53546.54255,162,5034.4,5364.31832,0
1785558420000,1.0654,1.0655,1.0654,1.0655,8722.9,1785558479999,9293.91494,75,5372.8,5724.71840,0
1785558480000,1.0655,1.0656,1.0654,1.0655,28129.4,1785558539999,29972.31728,191,26388.6,28117.57153,0
1785558540000,1.0655,1.0657,1.0653,1.0653,68094.4,1785558599999,72555.74960,249,5023.7,5353.03580,0
1785558600000,1.0653,1.0654,1.0651,1.0651,71128.4,1785558659999,75767.13740,185,1662.9,1771.51534,0
1785558660000,1.0651,1.0654,1.0651,1.0653,26538.6,1785558719999,28269.49161,158,23177.7,24689.35619,0
1785558720000,1.0653,1.0655,1.0652,1.0653,20914.7,1785558779999,22282.59385,232,4302.4,4583.98391,0
1785558780000,1.0652,1.0653,1.0652,1.0652,21503.3,1785558839999,22905.93672,122,6215.6,6621.47868,0
1785558840000,1.0652,1.0653,1.0650,1.0650,36629.2,1785558899999,39013.70044,165,3512.8,3741.50810,0
1785558900000,1.0650,1.0651,1.0650,1.0651,47373.9,1785558959999,50454.31037,71,11068.7,11789.27237,0
1785558960000,1.0651,1.0651,1.0650,1.0651,29982.0,1785559019999,31931.58482,109,7548.2,8039.58782,0
1785559020000,1.0650,1.0651,1.0650,1.0650,5211.8,1785559079999,5550.92820,75,3612.0,3847.14120,0
1785559080000,1.0650,1.0651,1.0650,1.0651,31144.7,1785559139999,33170.21899,101,11134.9,11859.78199,0
1785559140000,1.0651,1.0651,1.0650,1.0651,7137.2,1785559199999,7601.62592,80,5079.2,5409.85592,0
1785559200000,1.0651,1.0651,1.0650,1.0651,8389.0,1785559259999,8934.65087,93,3658.7,3896.88137,0
1785559260000,1.0651,1.0655,1.0650,1.0655,118452.0,1785559319999,126164.14025,313,86760.5,92412.54220,0
1785559320000,1.0654,1.0656,1.0654,1.0655,5458.7,1785559379999,5816.42008,95,4523.7,4820.21342,0
1785559380000,1.0655,1.0656,1.0655,1.0655,10946.5,1785559439999,11664.48950,75,9937.5,10589.40000,0
1785559440000,1.0655,1.0657,1.0655,1.0657,53907.7,1785559499999,57444.72415,141,35193.8,37503.25477,0
1785559500000,1.0656,1.0658,1.0656,1.0657,20968.9,1785559559999,22347.50754,154,19956.7,21268.82528,0
1785559560000,1.0657,1.0658,1.0657,1.0658,4516.3,1785559619999,4813.36257,80,3416.6,3641.41228,0
1785559620000,1.0657,1.0658,1.0657,1.0657,22385.8,1785559679999,23858.63952,104,20924.6,22301.43868,0
1785559680000,1.0657,1.0658,1.0657,1.0658,44724.5,1785559739999,47667.17430,179,42730.7,45542.38006,0
1785559740000,1.0658,1.0661,1.0658,1.0660,48813.3,1785559799999,52032.22755,162,20166.0,21496.65332,0
1785559800000,1.0661,1.0662,1.0660,1.0661,27258.3,1785559859999,29060.27372,198,20662.9,22029.56606,0
1785559860000,1.0661,1.0663,1.0661,1.0663,27371.1,1785559919999,29184.03447,168,25705.2,27407.98605,0
1785559920000,1.0663,1.0663,1.0662,1.0662,10958.3,1785559979999,11684.63542,101,8959.6,9553.62148,0
1785559980000,1.0662,1.0668,1.0662,1.0668,110148.2,1785560039999,117480.61250,422,96998.0,103453.75248,0
1785560040000,1.0668,1.0668,1.0663,1.0664,110367.6,1785560099999,117708.11612,288,49329.6,52605.09120,0
1785560100000,1.0664,1.0664,1.0661,1.0661,88256.1,1785560159999,94106.33731,219,43408.1,46286.85856,0
1785560160000,1.0661,1.0662,1.0661,1.0661,35655.5,1785560219999,38015.20019,66,28716.4,30617.42568,0
1785560220000,1.0661,1.0665,1.0661,1.0664,75973.3,1785560279999,81011.27418,179,57123.7,60911.93407,0
1785560280000,1.0665,1.0665,1.0664,1.0665,11777.2,1785560339999,12559.80806,57,6019.8,6420.11670,0
1785560340000,1.0665,1.0665,1.0664,1.0664,13631.4,1785560399999,14537.35527,76,8303.1,8855.25615,0
1785560400000,1.0664,1.0664,1.0658,1.0659,235421.9,1785560459999,251020.32293,531,87599.5,93405.50127,0
1785560460000,1.0658,1.0659,1.0658,1.0658,19649.6,1785560519999,20943.42389,126,8802.1,9382.15839,0
1785560520000,1.0658,1.0659,1.0656,1.0656,55596.4,1785560579999,59252.77333,404,6037.6,6435.11639,0
1785560580000,1.0656,1.0657,1.0656,1.0656,3350.3,1785560639999,3570.31467,48,2349.9,2504.28843,0
1785560640000,1.0656,1.0664,1.0656,1.0664,237308.7,1785560699999,252947.17367,533,228218.2,243256.56495,0
1785560700000,1.0663,1.0663,1.0661,1.0661,106088.0,1785560759999,113117.95599,183,21677.3,23112.33726,0
1785560760000,1.0661,1.0662,1.0661,1.0661,13189.5,1785560819999,14062.05023,145,7242.8,7722.27336,0
1785560820000,1.0661,1.0662,1.0660,1.0660,53962.3,1785560879999,57529.60506,207,15548.0,16576.27760,0
1785560880000,1.0660,1.0662,1.0660,1.0661,15669.1,1785560939999,16704.87873,106,13477.1,14368.04847,0
1785560940000,1.0661,1.0661,1.0660,1.0661,31290.5,1785560999999,33357.50349,194,8328.9,8879.44029,0
1785561000000,1.0660,1.0662,1.0660,1.0662,21001.3,1785561059999,22389.67562,198,16458.5,17546.67580,0
1785561060000,1.0661,1.0662,1.0661,1.0662,6323.2,1785561119999,6741.46302,97,2995.0,3193.26900,0
1785561120000,1.0662,1.0663,1.0659,1.0659,80214.0,1785561179999,85521.01696,331,34790.2,37093.28892,0
1785561180000,1.0659,1.0660,1.0659,1.0660,9464.5,1785561239999,10088.84489,82,6343.4,6762.06440,0
1785561240000,1.0659,1.0662,1.0659,1.0661,57403.5,1785561299999,61194.95128,192,54481.9,58080.65787,0
1785561300000,1.0661,1.0662,1.0657,1.0657,44973.1,1785561359999,47944.26052,193,15838.0,16885.85952,0
1785561360000,1.0657,1.0657,1.0649,1.0649,379433.8,1785561419999,404181.74167,528,6779.3,7220.36253,0
1785561420000,1.0649,1.0650,1.0647,1.0647,50127.1,1785561479999,53375.97512,211,3705.1,3945.29878,0
1785561480000,1.0647,1.0649,1.0647,1.0649,68549.7,1785561539999,72992.86508,191,52173.3,55555.72975,0
1785561540000,1.0649,1.0650,1.0648,1.0648,45289.8,1785561599999,48228.68637,237,31135.7,33156.60566,0
1785561600000,1.0648,1.0649,1.0647,1.0647,33072.7,1785561659999,35216.80281,188,12353.1,13154.81619,0
1785561660000,1.0647,1.0647,1.0645,1.0645,60428.4,1785561719999,64334.66229,194,4102.5,4367.62438,0
1785561720000,1.0645,1.0646,1.0645,1.0645,17700.6,1785561779999,18842.96153,92,6728.3,7162.94818,0
1785561780000,1.0646,1.0646,1.0645,1.0646,15763.4,1785561839999,16780.56907,102,4297.7,4575.33142,0
1785561840000,1.0645,1.0647,1.0645,1.0646,116764.6,1785561899999,124307.44211,225,98951.1,105343.77565,0
1785561900000,1.0647,1.0648,1.0647,1.0648,37233.5,1785561959999,39644.00518,136,29719.5,31643.84938,0
1785561960000,1.0648,1.0648,1.0643,1.0643,160584.4,1785562019999,170953.27933,309,16704.4,17781.52383,0
1785562020000,1.0644,1.0644,1.0639,1.0639,155227.2,1785562079999,165180.43168,296,15840.6,16857.44325,0
1785562080000,1.0639,1.0640,1.0639,1.0639,8663.8,1785562139999,9217.83276,59,4159.4,4425.60160,0
1785562140000,1.0640,1.0642,1.0639,1.0642,69258.3,1785562199999,73693.33931,238,55735.3,59306.09530,0
1785562200000,1.0641,1.0644,1.0640,1.0644,213097.8,1785562259999,226755.03548,388,120594.3,128328.31846,0
1785562260000,1.0643,1.0644,1.0643,1.0644,27708.1,1785562319999,29490.83646,133,11056.3,11768.32572,0
1785562320000,1.0643,1.0647,1.0643,1.0647,61054.4,1785562379999,64996.28819,269,57547.6,61263.27864,0
1785562380000,1.0647,1.0648,1.0646,1.0648,25019.5,1785562439999,26639.18909,156,21615.8,23015.28222,0
1785562440000,1.0648,1.0648,1.0641,1.0641,117067.8,1785562499999,124633.61792,379,52532.5,55935.70477,0
1785562500000,1.0642,1.0643,1.0641,1.0643,70081.4,1785562559999,74581.13618,205,48520.4,51636.42897,0
1785562560000,1.0642,1.0644,1.0642,1.0644,24885.3,1785562619999,26485.89412,134,19811.5,21086.23174,0
1785562620000,1.0644,1.0644,1.0643,1.0643,5575.8,1785562679999,5934.67385,65,3499.1,3724.44204,0
1785562680000,1.0644,1.0644,1.0643,1.0644,10307.6,1785562739999,10971.09205,86,7133.7,7593.11028,0
1785562740000,1.0644,1.0644,1.0631,1.0632,224535.1,1785562799999,238818.18209,678,11993.9,12756.30655,0
1785562800000,1.0632,1.0633,1.0629,1.0630,104251.4,1785562859999,110834.66735,393,35425.7,37665.04010,0
1785562860000,1.0629,1.0630,1.0628,1.0629,75018.0,1785562919999,79736.00739,228,16162.3,17179.72000,0
1785562920000,1.0628,1.0630,1.0627,1.0629,150999.3,1785562979999,160494.29249,339,101048.0,107404.43222,0
1785562980000,1.0629,1.0630,1.0626,1.0627,83287.5,1785563039999,88520.20901,262,30187.4,32086.92866,0
1785563040000,1.0626,1.0628,1.0626,1.0628,48976.0,1785563099999,52047.01340,165,40217.3,42739.86206,0
1785563100000,1.0627,1.0628,1.0627,1.0627,13727.0,1785563159999,14588.71625,116,10333.5,10982.44380,0
1785563160000,1.0627,1.0628,1.0624,1.0624,80041.4,1785563219999,85045.75386,366,6765.6,7188.57336,0
1785563220000,1.0624,1.0624,1.0623,1.0624,45032.1,1785563279999,47839.48554,158,9199.3,9773.33632,0
1785563280000,1.0623,1.0623,1.0621,1.0622,212348.1,1785563339999,225553.55660,398,85154.2,90451.01621,0
1785563340000,1.0621,1.0622,1.0621,1.0621,23545.4,1785563399999,25009.00777,76,14384.3,15279.00346,0
1785563400000,1.0622,1.0625,1.0621,1.0625,197628.8,1785563459999,209929.04166,339,153170.0,162705.36731,0
1785563460000,1.0624,1.0625,1.0623,1.0624,54306.8,1785563519999,57697.21003,209,21310.2,22642.08602,0
1785563520000,1.0624,1.0630,1.0623,1.0630,73849.8,1785563579999,78473.44783,356,66673.0,70846.94021,0
1785563580000,1.0629,1.0631,1.0629,1.0631,88444.8,1785563639999,94016.92981,222,81720.4,86869.35774,0
1785563640000,1.0631,1.0632,1.0630,1.0631,45563.2,1785563699999,48439.65240,182,27252.1,28973.14686,0
1785563700000,1.0631,1.0634,1.0631,1.0634,68414.6,1785563759999,72742.82620,181,61511.8,65403.50097,0
1785563760000,1.0633,1.0634,1.0633,1.0633,12647.6,1785563819999,13449.15089,104,9578.1,10185.35154,0
1785563820000,1.0634,1.0634,1.0629,1.0629,116981.1,1785563879999,124380.39146,382,17689.8,18811.33056,0
1785563880000,1.0629,1.0633,1.0628,1.0633,193666.2,1785563939999,205858.96192,285,86455.0,91904.72348,0
1785563940000,1.0633,1.0636,1.0632,1.0636,109144.5,1785563999999,116064.99481,252,105567.7,112261.87211,0
1785564000000,1.0635,1.0638,1.0635,1.0637,174415.0,1785564059999,185510.41685,381,146713.6,156047.72499,0
1785564060000,1.0637,1.0637,1.0635,1.0635,45046.4,1785564119999,47913.32327,269,21923.9,23320.39946,0
1785564120000,1.0636,1.0636,1.0635,1.0636,13031.4,1785564179999,13859.95743,187,10635.3,11311.70508,0
1785564180000,1.0636,1.0637,1.0635,1.0636,100079.8,1785564239999,106445.23342,302,31824.3,33848.69681,0
1785564240000,1.0636,1.0637,1.0628,1.0629,177622.3,1785564299999,188881.32624,512,10271.3,10922.91553,0
1785564300000,1.0628,1.0630,1.0626,1.0629,166570.8,1785564359999,177032.82671,471,130555.0,138752.72182,0
1785564360000,1.0629,1.0630,1.0628,1.0628,66958.3,1785564419999,71167.26580,242,4905.3,5214.16460,0
1785564420000,1.0628,1.0631,1.0628,1.0631,97297.8,1785564479999,103423.32709,300,76574.4,81396.52513,0
1785564480000,1.0630,1.0631,1.0630,1.0631,12196.0,1785564539999,12964.81321,88,4652.1,4945.64751,0
1785564540000,1.0630,1.0631,1.0627,1.0627,129039.1,1785564599999,137156.16745,422,1112.0,1182.00616,0
1785564600000,1.0627,1.0630,1.0627,1.0629,74112.4,1785564659999,78771.38523,264,29413.0,31261.28601,0
1785564660000,1.0630,1.0632,1.0629,1.0632,95017.6,1785564719999,101010.05277,208,74117.1,78793.45039,0
1785564720000,1.0631,1.0634,1.0630,1.0630,159889.8,1785564779999,169996.28480,471,73103.2,77725.46163,0
1785564780000,1.0631,1.0633,1.0630,1.0632,55272.4,1785564839999,58760.50153,191,31748.3,33753.05555,0
1785564840000,1.0632,1.0633,1.0632,1.0632,20274.5,1785564899999,21557.45898,126,16105.8,17125.29714,0
1785564900000,1.0632,1.0632,1.0631,1.0631,62367.9,1785564959999,66309.16475,145,23640.5,25134.57960,0
1785564960000,1.0631,1.0632,1.0631,1.0631,18703.0,1785565019999,19884.39543,120,12361.3,13142.53416,0
1785565020000,1.0631,1.0632,1.0631,1.0631,20672.3,1785565079999,21978.14241,159,14202.8,15100.41696,0
1785565080000,1.0631,1.0632,1.0629,1.0629,24379.6,1785565139999,25917.05232,182,1284.5,1365.45922,0
1785565140000,1.0629,1.0634,1.0628,1.0634,125254.8,1785565199999,133152.40524,360,83938.6,89230.46104,0
1785565200000,1.0634,1.0642,1.0634,1.0642,194685.9,1785565259999,207152.99201,311,192447.8,204772.31835,0
1785565260000,1.0641,1.0642,1.0641,1.0641,76985.0,1785565319999,81925.76336,172,60248.6,64116.56012,0
1785565320000,1.0641,1.0642,1.0641,1.0642,24751.2,1785565379999,26338.83025,114,10783.3,11475.58786,0
1785565380000,1.0642,1.0642,1.0641,1.0642,34936.0,1785565439999,37176.12113,152,7235.3,7699.80626,0
1785565440000,1.0641,1.0642,1.0639,1.0639,108284.0,1785565499999,115220.37219,237,3188.8,3393.40931,0
1785565500000,1.0639,1.0640,1.0639,1.0640,27070.9,1785565559999,28800.96085,103,2303.4,2450.81760,0
1785565560000,1.0640,1.0644,1.0638,1.0644,230779.4,1785565619999,245560.27786,441,150509.8,160161.37796,0
1785565620000,1.0643,1.0648,1.0643,1.0648,114448.5,1785565679999,121841.16380,418,112320.0,119575.21770,0
1785565680000,1.0648,1.0649,1.0646,1.0646,194402.6,1785565739999,207000.07316,314,125052.2,133162.59535,0
1785565740000,1.0646,1.0647,1.0640,1.0641,108607.8,1785565799999,115578.71257,388,12054.2,12827.03594,0
1785565800000,1.0640,1.0646,1.0640,1.0646,225218.7,1785565859999,239746.24545,291,192991.5,205441.32867,0
1785565860000,1.0645,1.0646,1.0639,1.0641,132101.4,1785565919999,140588.48212,447,25513.6,27148.93714,0
1785565920000,1.0642,1.0642,1.0641,1.0641,22994.3,1785565979999,24469.92572,279,16910.9,17996.57978,0
1785565980000,1.0642,1.0642,1.0639,1.0639,37112.4,1785566039999,39490.63653,336,1562.2,1662.43134,0
1785566040000,1.0640,1.0641,1.0639,1.0640,79170.6,1785566099999,84237.38889,199,47940.2,51010.79358,0
1785566100000,1.0640,1.0641,1.0640,1.0640,55472.4,1785566159999,59027.47629,114,48426.9,51531.06429,0
1785566160000,1.0641,1.0641,1.0640,1.0641,16076.4,1785566219999,17106.09079,106,8011.9,8525.46279,0
1785566220000,1.0640,1.0641,1.0640,1.0640,4156.3,1785566279999,4422.43192,72,1287.2,1369.70952,0
1785566280000,1.0641,1.0643,1.0640,1.0643,72047.5,1785566339999,76667.43095,270,60808.5,64709.12741,0
1785566340000,1.0643,1.0643,1.0639,1.0639,207128.3,1785566399999,220408.18625,351,94505.1,100568.84809,0
1785566400000,1.0639,1.0640,1.0639,1.0639,41555.7,1785566459999,44211.26725,314,1580.2,1681.33280,0
1785566460000,1.0639,1.0640,1.0639,1.0639,12460.5,1785566519999,13257.13246,318,4065.1,4325.26640,0
1785566520000,1.0639,1.0640,1.0639,1.0639,17019.8,1785566579999,18107.57130,346,2060.8,2192.69120,0
1785566580000,1.0640,1.0640,1.0639,1.0640,14647.4,1785566639999,15584.19911,183,8302.5,8833.86000,0
1785566640000,1.0639,1.0640,1.0638,1.0640,76099.2,1785566699999,80961.55513,253,26057.3,27723.12486,0
1785566700000,1.0639,1.0641,1.0639,1.0640,54916.0,1785566759999,58431.10136,193,27266.7,29012.26245,0
1785566760000,1.0640,1.0640,1.0639,1.0639,28059.6,1785566819999,29854.59319,152,14364.0,15283.29600,0
1785566820000,1.0639,1.0642,1.0637,1.0638,173140.9,1785566879999,184218.48442,449,41092.9,43724.06306,0
1785566880000,1.0637,1.0638,1.0637,1.0637,18927.6,1785566939999,20133.88443,88,5963.1,6343.54578,0
1785566940000,1.0637,1.0641,1.0637,1.0640,92008.9,1785566999999,97886.08744,277,78380.4,83388.06965,0
1785567000000,1.0640,1.0642,1.0637,1.0642,59546.5,1785567059999,63356.89603,232,27980.0,29768.42651,0
1785567060000,1.0642,1.0642,1.0641,1.0641,20813.6,1785567119999,22149.67580,75,19240.4,20475.63368,0
1785567120000,1.0641,1.0642,1.0641,1.0641,5087.3,1785567179999,5413.62481,80,2288.8,2435.74096,0
1785567180000,1.0641,1.0642,1.0641,1.0641,6206.2,1785567239999,6604.48581,67,4683.9,4984.60638,0
1785567240000,1.0642,1.0642,1.0639,1.0640,27047.2,1785567299999,28780.84015,245,8407.9,8947.40626,0
1785567300000,1.0640,1.0640,1.0638,1.0639,30065.3,1785567359999,31984.52011,149,5528.9,5882.27194,0
1785567360000,1.0638,1.0639,1.0637,1.0637,75489.8,1785567419999,80302.06826,174,5147.8,5476.73723,0
1785567420000,1.0637,1.0638,1.0635,1.0635,23292.1,1785567479999,24776.17754,147,10890.7,11585.32042,0
1785567480000,1.0636,1.0636,1.0635,1.0636,23673.5,1785567539999,25177.90524,94,11379.9,12103.66164,0
1785567540000,1.0636,1.0636,1.0634,1.0634,100589.4,1785567599999,106976.50485,205,46293.0,49232.64566,0
1785567600000,1.0634,1.0635,1.0634,1.0634,15958.7,1785567659999,16971.65805,118,11764.7,12511.75845,0
1785567660000,1.0634,1.0635,1.0634,1.0634,15995.1,1785567719999,17010.22071,158,10313.7,10968.61995,0
1785567720000,1.0634,1.0635,1.0634,1.0635,19974.0,1785567779999,21241.48906,104,11374.6,12096.88710,0
1785567780000,1.0634,1.0637,1.0631,1.0631,678980.5,1785567839999,722057.93748,885,285374.7,303502.14305,0
1785567840000,1.0631,1.0633,1.0630,1.0631,112572.7,1785567899999,119685.30970,298,93428.1,99330.87327,0
1785567900000,1.0631,1.0633,1.0627,1.0632,773202.9,1785567959999,821853.00691,822,457527.2,486302.24830,0
1785567960000,1.0632,1.0633,1.0631,1.0632,65231.9,1785568019999,69356.29522,228,30824.8,32774.99030,0
1785568020000,1.0631,1.0632,1.0631,1.0632,20332.6,1785568079999,21616.93366,130,13466.0,14317.05120,0
1785568080000,1.0631,1.0632,1.0631,1.0631,11160.0,1785568139999,11864.59694,108,4009.4,4262.79408,0
1785568140000,1.0631,1.0632,1.0631,1.0631,38296.5,1785568199999,40716.09473,227,30855.8,32805.88656,0
1785568200000,1.0631,1.0635,1.0631,1.0634,99288.0,1785568259999,105577.91651,336,84892.9,90270.73341,0
1785568260000,1.0635,1.0638,1.0635,1.0638,155845.9,1785568319999,165764.48849,383,148864.5,158339.34175,0
1785568320000,1.0638,1.0638,1.0632,1.0633,240874.4,1785568379999,256174.82856,438,74823.8,79560.17599,0
1785568380000,1.0632,1.0633,1.0632,1.0633,41117.3,1785568439999,43718.93586,180,30225.0,32138.24250,0
1785568440000,1.0632,1.0633,1.0632,1.0633,25667.0,1785568499999,27291.02607,159,18716.7,19901.46711,0
1785568500000,1.0633,1.0633,1.0628,1.0630,205134.3,1785568559999,218058.92985,477,62199.0,66118.58401,0
1785568560000,1.0630,1.0631,1.0630,1.0630,40264.2,1785568619999,42803.46287,201,26182.7,27834.82837,0
1785568620000,1.0630,1.0631,1.0626,1.0626,89815.5,1785568679999,95467.28727,356,31828.8,33837.14926,0
1785568680000,1.0626,1.0627,1.0624,1.0624,68609.1,1785568739999,72897.59660,185,4443.9,4722.01357,0
1785568740000,1.0624,1.0625,1.0623,1.0623,28380.9,1785568799999,30150.05467,168,1731.9,1839.97111,0
1785568800000,1.0623,1.0625,1.0623,1.0625,47307.9,1785568859999,50260.92561,205,42622.8,45283.54049,0
1785568860000,1.0624,1.0627,1.0624,1.0626,116843.2,1785568919999,124155.27507,296,96244.2,102269.01636,0
1785568920000,1.0627,1.0627,1.0626,1.0626,36198.8,1785568979999,38468.20816,140,33632.8,35741.57656,0
1785568980000,1.0627,1.0627,1.0624,1.0624,60924.7,1785569039999,64733.92060,172,6758.7,7182.26989,0
1785569040000,1.0624,1.0625,1.0624,1.0624,6323.8,1785569099999,6718.56677,51,1616.5,1717.53125,0
1785569100000,1.0625,1.0625,1.0623,1.0623,93748.0,1785569159999,99590.53156,168,10450.3,11102.42334,0
1785569160000,1.0623,1.0624,1.0623,1.0624,4690.6,1785569219999,4983.09678,61,2724.0,2893.97760,0
1785569220000,1.0623,1.0624,1.0620,1.0620,96085.8,1785569279999,102051.32268,277,3617.2,3841.91111,0
1785569280000,1.0620,1.0620,1.0615,1.0615,333659.8,1785569339999,354227.20964,541,53840.2,57156.76856,0
1785569340000,1.0616,1.0616,1.0615,1.0615,56427.3,1785569399999,59899.09633,231,15173.8,16108.50608,0
1785569400000,1.0615,1.0616,1.0615,1.0616,73782.7,1785569459999,78325.72979,208,53937.4,57259.94384,0
1785569460000,1.0616,1.0616,1.0615,1.0615,61621.9,1785569519999,65413.09185,258,14450.0,15340.12000,0
1785569520000,1.0615,1.0615,1.0611,1.0612,186140.9,1785569579999,197545.05940,484,9185.1,9748.22104,0
1785569580000,1.0611,1.0618,1.0609,1.0617,383198.3,1785569639999,406610.99003,665,233919.4,248230.06602,0
1785569640000,1.0617,1.0618,1.0617,1.0618,15856.7,1785569699999,16836.01062,81,9522.3,10110.77814,0
1785569700000,1.0618,1.0618,1.0617,1.0618,25786.4,1785569759999,27379.68327,110,22623.9,24022.05702,0
1785569760000,1.0617,1.0619,1.0617,1.0618,98813.4,1785569819999,104921.96891,327,59250.8,62914.41296,0
1785569820000,1.0619,1.0619,1.0614,1.0614,120570.5,1785569879999,128005.09476,268,5344.7,5674.53001,0
1785569880000,1.0614,1.0615,1.0614,1.0615,9724.5,1785569939999,10321.84871,70,2644.1,2806.71215,0
1785569940000,1.0614,1.0616,1.0614,1.0616,109240.8,1785569999999,115962.22592,302,104155.8,110564.99500,0
1785570000000,1.0616,1.0617,1.0615,1.0616,93119.9,1785570059999,98858.55988,207,88310.3,93753.14740,0
1785570060000,1.0616,1.0617,1.0616,1.0617,23138.6,1785570119999,24565.78069,110,18429.3,19566.38781,0
1785570120000,1.0617,1.0618,1.0616,1.0618,29188.4,1785570179999,30989.92684,200,27082.3,28754.05680,0
1785570180000,1.0617,1.0618,1.0617,1.0618,6882.1,1785570239999,7307.18346,61,4578.9,4861.87602,0
1785570240000,1.0618,1.0618,1.0617,1.0618,13517.5,1785570299999,14352.66020,68,11304.5,12003.11810,0
1785570300000,1.0617,1.0619,1.0617,1.0619,56168.0,1785570359999,59641.86336,240,46325.9,49191.52627,0
1785570360000,1.0618,1.0619,1.0618,1.0619,11518.8,1785570419999,12231.22195,165,5601.1,5947.80809,0
1785570420000,1.0618,1.0619,1.0618,1.0618,18051.6,1785570479999,19168.15972,105,9708.4,10309.34996,0
1785570480000,1.0618,1.0619,1.0618,1.0618,14591.8,1785570539999,15494.78245,155,12092.1,12840.60099,0
1785570540000,1.0619,1.0620,1.0618,1.0620,27869.3,1785570599999,29594.27215,181,23742.4,25212.07172,0
1785570600000,1.0619,1.0620,1.0618,1.0618,66764.8,1785570659999,70896.22279,143,16675.9,17709.25017,0
1785570660000,1.0618,1.0620,1.0617,1.0619,184040.2,1785570719999,195416.36703,372,123622.3,131266.92789,0
1785570720000,1.0619,1.0620,1.0619,1.0619,16402.6,1785570779999,17418.69418,102,7732.4,8211.80880,0
1785570780000,1.0619,1.0623,1.0619,1.0623,66254.4,1785570839999,70373.28935,280,64220.2,68212.85501,0
1785570840000,1.0623,1.0625,1.0621,1.0622,95475.3,1785570899999,101428.01983,329,24856.4,26406.59665,0
1785570900000,1.0621,1.0622,1.0619,1.0621,94515.2,1785570959999,100380.69256,367,43800.5,46519.19026,0
1785570960000,1.0620,1.0621,1.0619,1.0620,79128.4,1785571019999,84029.56848,404,4624.6,4911.34652,0
1785571020000,1.0620,1.0620,1.0616,1.0617,122237.7,1785571079999,129798.36686,471,15994.2,16985.71584,0
1785571080000,1.0617,1.0619,1.0615,1.0616,154178.7,1785571139999,163684.86040,346,57545.6,61098.85009,0
1785571140000,1.0615,1.0616,1.0615,1.0616,30394.8,1785571199999,32264.38413,122,3039.3,3226.52088,0
1785571200000,1.0615,1.0617,1.0615,1.0617,65623.0,1785571259999,69668.44959,261,48920.3,51936.87395,0
1785571260000,1.0617,1.0617,1.0613,1.0614,180749.6,1785571319999,191868.78435,376,21861.9,23209.63547,0
1785571320000,1.0613,1.0614,1.0612,1.0613,100318.5,1785571379999,106468.03382,348,45109.4,47875.47079,0
1785571380000,1.0612,1.0612,1.0610,1.0610,114516.1,1785571439999,121512.95658,212,63811.3,67710.17043,0
1785571440000,1.0611,1.0612,1.0610,1.0611,58860.0,1785571499999,62454.86088,239,41441.2,43973.49712,0
1785571500000,1.0611,1.0612,1.0611,1.0612,47292.6,1785571559999,50186.39673,191,42188.7,44770.64844,0
1785571560000,1.0611,1.0612,1.0611,1.0612,42274.1,1785571619999,44860.37854,198,33310.3,35348.89036,0
1785571620000,1.0612,1.0612,1.0611,1.0612,89731.6,1785571679999,95217.10059,189,28998.3,30772.99596,0
1785571680000,1.0611,1.0612,1.0609,1.0610,182712.0,1785571739999,193858.38501,340,52756.2,55974.41260,0
1785571740000,1.0609,1.0610,1.0609,1.0610,130210.1,1785571799999,138141.65926,214,17641.7,18717.84370,0
1785571800000,1.0609,1.0611,1.0609,1.0610,173902.7,1785571859999,184511.28601,404,142550.4,151246.88238,0
1785571860000,1.0610,1.0612,1.0610,1.0612,153088.0,1785571919999,162440.53588,382,134462.9,142679.17296,0
1785571920000,1.0612,1.0615,1.0611,1.0614,250083.1,1785571979999,265419.90212,487,210952.9,223898.02986,0
1785571980000,1.0615,1.0616,1.0614,1.0616,64695.5,1785572039999,68675.08542,226,59451.8,63109.26380,0
1785572040000,1.0615,1.0616,1.0615,1.0615,36661.4,1785572099999,38918.35769,120,22815.9,24221.35944,0
1785572100000,1.0616,1.0616,1.0615,1.0615,189193.7,1785572159999,200837.61163,312,84990.8,90226.23328,0
1785572160000,1.0616,1.0616,1.0615,1.0615,53667.8,1785572219999,56971.13745,153,27677.5,29382.43400,0
1785572220000,1.0616,1.0617,1.0615,1.0617,110359.9,1785572279999,117159.85459,310,94691.5,100526.42125,0
1785572280000,1.0616,1.0617,1.0616,1.0617,25895.0,1785572339999,27492.34069,81,22086.9,23449.66173,0
1785572340000,1.0617,1.0617,1.0614,1.0614,124680.3,1785572399999,132355.35091,283,5811.0,6169.53870,0
1785572400000,1.0613,1.0615,1.0613,1.0615,101292.2,1785572459999,107510.18127,165,41002.0,43519.53509,0
1785572460000,1.0614,1.0615,1.0614,1.0614,34318.1,1785572519999,36427.37652,80,21451.8,22771.08570,0
1785572520000,1.0614,1.0615,1.0614,1.0615,34827.2,1785572579999,36968.78344,109,31933.6,33897.51640,0
1785572580000,1.0614,1.0615,1.0614,1.0615,25969.6,1785572639999,27564.96593,102,8324.9,8836.88135,0
1785572640000,1.0614,1.0615,1.0614,1.0615,6227.0,1785572699999,6609.92048,55,5826.8,6185.14820,0
1785572700000,1.0614,1.0615,1.0614,1.0614,28967.2,1785572759999,30746.55072,91,7646.4,8116.65360,0
1785572760000,1.0615,1.0617,1.0614,1.0617,93556.1,1785572819999,99314.76334,302,80246.9,85186.83832,0
1785572820000,1.0616,1.0618,1.0616,1.0618,64592.9,1785572879999,68580.38415,217,62318.4,66165.66311,0
1785572880000,1.0618,1.0622,1.0617,1.0618,258569.5,1785572939999,274593.38392,468,162541.4,172610.15768,0
1785572940000,1.0618,1.0619,1.0617,1.0617,31311.2,1785572999999,33248.16707,95,25098.6,26651.74812,0
1785573000000,1.0618,1.0618,1.0617,1.0617,48474.5,1785573059999,51466.92738,113,15507.3,16465.65114,0
1785573060000,1.0617,1.0619,1.0617,1.0619,95481.6,1785573119999,101384.19715,300,84556.0,89784.48259,0
1785573120000,1.0619,1.0619,1.0617,1.0617,37071.4,1785573179999,39362.63792,149,8443.8,8966.00784,0
1785573180000,1.0618,1.0619,1.0617,1.0619,61627.5,1785573239999,65436.63992,189,55784.0,59232.04786,0
1785573240000,1.0619,1.0622,1.0618,1.0621,51732.9,1785573299999,54941.12963,273,50882.9,54038.48959,0
1785573300000,1.0622,1.0622,1.0620,1.0620,130713.0,1785573359999,138829.91106,172,6137.0,6518.65981,0
1785573360000,1.0620,1.0621,1.0620,1.0620,17332.1,1785573419999,18408.00260,80,13124.0,13939.00040,0
1785573420000,1.0621,1.0621,1.0618,1.0618,47582.0,1785573479999,50526.31258,232,16242.7,17248.16045,0
1785573480000,1.0618,1.0619,1.0617,1.0617,18849.1,1785573539999,20014.10287,133,1356.5,1440.46352,0
1785573540000,1.0617,1.0618,1.0617,1.0618,5942.3,1785573599999,6309.27726,51,3373.5,3581.98230,0
1785573600000,1.0617,1.0618,1.0617,1.0617,38401.6,1785573659999,40772.42838,116,14496.6,15392.48988,0
1785573660000,1.0617,1.0619,1.0615,1.0615,178642.0,1785573719999,189677.11577,444,64677.1,68674.71472,0
1785573720000,1.0615,1.0616,1.0615,1.0615,42391.5,1785573779999,44999.38741,121,8101.6,8600.65856,0
1785573780000,1.0615,1.0616,1.0615,1.0615,41657.5,1785573839999,44219.59149,149,1552.4,1648.02784,0
1785573840000,1.0615,1.0616,1.0615,1.0616,18988.1,1785573899999,20157.52530,109,16571.5,17592.30440,0
1785573900000,1.0615,1.0616,1.0612,1.0612,43568.9,1785573959999,46244.14497,201,4499.1,4775.68189,0
1785573960000,1.0612,1.0613,1.0612,1.0612,52691.8,1785574019999,55917.05076,120,5126.0,5440.22380,0
1785574020000,1.0612,1.0615,1.0612,1.0615,254578.0,1785574079999,270194.04482,375,229758.7,243852.42274,0
1785574080000,1.0614,1.0616,1.0614,1.0616,169718.1,1785574139999,180160.20368,253,138369.2,146884.75901,0
1785574140000,1.0616,1.0616,1.0615,1.0615,39841.6,1785574199999,42292.09791,161,2399.9,2547.73336,0
1785574200000,1.0614,1.0615,1.0614,1.0615,57247.4,1785574259999,60767.32241,113,49320.5,52353.71075,0
1785574260000,1.0614,1.0620,1.0614,1.0619,152269.3,1785574319999,161660.35431,442,145798.0,154791.05449,0
1785574320000,1.0620,1.0621,1.0619,1.0621,64854.8,1785574379999,68878.44824,154,63324.1,67252.87402,0
1785574380000,1.0621,1.0622,1.0620,1.0622,70277.8,1785574439999,74641.86060,185,54014.2,57368.48400,0
1785574440000,1.0622,1.0622,1.0621,1.0622,55642.1,1785574499999,59102.76067,126,52862.6,56150.65372,0
1785574500000,1.0621,1.0622,1.0621,1.0622,9785.2,1785574559999,10393.69656,74,8356.4,8876.16808,0
1785574560000,1.0621,1.0622,1.0621,1.0621,24958.9,1785574619999,26509.72951,98,8818.2,9366.69204,0
1785574620000,1.0622,1.0624,1.0621,1.0624,88686.4,1785574679999,94207.83047,316,81277.5,86337.37042,0
1785574680000,1.0624,1.0624,1.0623,1.0623,28503.9,1785574739999,30279.89525,48,2022.8,2149.02272,0
1785574740000,1.0623,1.0624,1.0619,1.0619,134171.9,1785574799999,142521.07493,271,14209.4,15094.41213,0
1785574800000,1.0619,1.0621,1.0619,1.0621,42142.9,1785574859999,44756.65632,132,38925.3,41339.57793,0
1785574860000,1.0620,1.0620,1.0619,1.0619,75008.2,1785574919999,79658.06131,198,21050.0,22355.10000,0
1785574920000,1.0619,1.0620,1.0616,1.0616,84271.4,1785574979999,89478.59807,274,13540.5,14376.28428,0
1785574980000,1.0616,1.0617,1.0616,1.0616,16457.9,1785575039999,17472.14966,86,4430.2,4703.54334,0
1785575040000,1.0617,1.0617,1.0616,1.0617,8189.2,1785575099999,8693.83791,87,1831.9,1944.92823,0
1785575100000,1.0616,1.0617,1.0616,1.0616,45593.3,1785575159999,48402.49697,121,6496.9,6897.75873,0
1785575160000,1.0616,1.0617,1.0613,1.0614,113887.4,1785575219999,120893.25493,299,15006.7,15931.97581,0
1785575220000,1.0613,1.0614,1.0613,1.0613,25750.7,1785575279999,27329.38112,90,1632.1,1732.31094,0
1785575280000,1.0614,1.0614,1.0613,1.0613,15718.6,1785575339999,16682.27199,89,1218.1,1292.89134,0
1785575340000,1.0613,1.0616,1.0613,1.0616,312121.6,1785575399999,331302.63450,454,296363.5,314576.95619,0
1785575400000,1.0616,1.0618,1.0615,1.0617,162535.6,1785575459999,172563.15739,328,147167.9,156247.31534,0
1785575460000,1.0618,1.0619,1.0617,1.0619,56505.1,1785575519999,59998.67063,225,51757.0,54957.21841,0
1785575520000,1.0619,1.0622,1.0618,1.0621,179812.4,1785575579999,190968.60041,429,131914.2,140100.56863,0
1785575580000,1.0622,1.0622,1.0621,1.0621,17955.2,1785575639999,19071.17661,67,9586.9,10183.20518,0
1785575640000,1.0622,1.0622,1.0621,1.0621,37502.4,1785575699999,39834.12586,149,28268.2,30026.48204,0
1785575700000,1.0621,1.0628,1.0621,1.0627,182013.4,1785575759999,193383.02058,463,171195.1,181889.31641,0
1785575760000,1.0627,1.0628,1.0623,1.0623,241370.1,1785575819999,256506.04332,401,81428.5,86542.20980,0
1785575820000,1.0623,1.0624,1.0620,1.0620,78467.9,1785575879999,83348.59184,207,4909.1,5214.34780,0
1785575880000,1.0620,1.0621,1.0620,1.0620,16595.5,1785575939999,17624.90435,52,4833.5,5133.66035,0
1785575940000,1.0620,1.0621,1.0619,1.0620,28910.5,1785575999999,30701.75304,129,2595.9,2756.84684,0
1785576000000,1.0620,1.0620,1.0619,1.0619,10650.1,1785576059999,11309.68553,67,3443.4,3656.89080,0
1785576060000,1.0620,1.0620,1.0619,1.0620,41872.0,1785576119999,44467.22825,147,33514.5,35592.39900,0
1785576120000,1.0620,1.0622,1.0619,1.0621,58739.4,1785576179999,62383.98898,230,42253.8,44876.40801,0
1785576180000,1.0621,1.0622,1.0621,1.0621,24211.4,1785576239999,25716.09935,91,11714.1,12442.71702,0
1785576240000,1.0622,1.0622,1.0616,1.0617,50900.4,1785576299999,54052.08969,225,2681.5,2847.26295,0
1785576300000,1.0616,1.0617,1.0614,1.0614,41662.1,1785576359999,44227.88893,141,2420.5,2569.82675,0
1785576360000,1.0615,1.0615,1.0613,1.0613,80075.5,1785576419999,84989.88449,151,13459.0,14285.54972,0
1785576420000,1.0614,1.0614,1.0613,1.0613,33686.6,1785576479999,35752.80854,98,12199.6,12948.65544,0
1785576480000,1.0614,1.0614,1.0613,1.0614,28494.0,1785576539999,30241.46856,78,7863.6,8346.42504,0
1785576540000,1.0613,1.0614,1.0612,1.0612,25716.2,1785576599999,27292.79481,110,9596.9,10186.14467,0
1785576600000,1.0613,1.0613,1.0608,1.0608,261877.6,1785576659999,277861.16582,492,140584.2,149173.86986,0
1785576660000,1.0608,1.0609,1.0608,1.0608,10971.4,1785576719999,11638.88877,83,4276.5,4536.93885,0
1785576720000,1.0609,1.0611,1.0608,1.0611,342710.1,1785576779999,363585.12121,329,336193.3,356670.90433,0
1785576780000,1.0610,1.0613,1.0610,1.0613,134230.5,1785576839999,142438.12301,254,129683.6,137613.29558,0
1785576840000,1.0613,1.0613,1.0612,1.0612,21692.6,1785576899999,23021.78774,92,16006.2,16987.38006,0
1785576900000,1.0612,1.0613,1.0612,1.0612,21640.9,1785576959999,22967.11575,137,17926.7,19025.60671,0
1785576960000,1.0612,1.0613,1.0612,1.0612,37609.9,1785577019999,39914.57802,150,29521.4,31331.06182,0
1785577020000,1.0613,1.0613,1.0612,1.0612,33109.0,1785577079999,35137.29074,154,20199.4,21437.62322,0
1785577080000,1.0613,1.0615,1.0613,1.0614,124395.3,1785577139999,132035.71943,240,112544.5,119457.28031,0
1785577140000,1.0614,1.0615,1.0614,1.0615,36181.0,1785577199999,38405.12360,87,26102.0,27707.27300,0
1785577200000,1.0614,1.0616,1.0614,1.0615,92394.4,1785577259999,98077.39368,185,22922.6,24333.11127,0
1785577260000,1.0615,1.0616,1.0615,1.0615,7778.5,1785577319999,8257.10696,71,2292.1,2433.29336,0
1785577320000,1.0615,1.0616,1.0615,1.0615,71636.3,1785577379999,76047.66997,221,57375.2,60909.51232,0
1785577380000,1.0616,1.0616,1.0615,1.0616,14659.5,1785577439999,15561.59777,72,5385.2,5716.92832,0
1785577440000,1.0615,1.0616,1.0612,1.0616,125734.6,1785577499999,133454.12414,400,30430.9,32298.65382,0
1785577500000,1.0616,1.0616,1.0615,1.0615,18602.0,1785577559999,19746.65883,133,6358.3,6749.97128,0
1785577560000,1.0615,1.0616,1.0615,1.0615,8728.1,1785577619999,9265.32138,89,4432.3,4705.32968,0
1785577620000,1.0615,1.0616,1.0615,1.0615,69336.2,1785577679999,73601.42226,230,10459.6,11103.91136,0
1785577680000,1.0615,1.0616,1.0615,1.0615,31297.8,1785577739999,33223.41312,92,7984.2,8476.02672,0
1785577740000,1.0615,1.0616,1.0611,1.0611,113722.6,1785577799999,120703.57859,251,1595.7,1693.59808,0
1785577800000,1.0612,1.0612,1.0611,1.0611,33214.8,1785577859999,35247.11810,107,28938.2,30709.21784,0
1785577860000,1.0611,1.0612,1.0611,1.0611,49489.9,1785577919999,52516.93881,125,32059.2,34021.22304,0
1785577920000,1.0611,1.0612,1.0610,1.0611,35356.5,1785577979999,37516.90730,160,14725.2,15626.01694,0
1785577980000,1.0610,1.0611,1.0609,1.0609,63722.9,1785578039999,67607.67159,128,22346.4,23709.58281,0
1785578040000,1.0609,1.0610,1.0608,1.0608,93057.6,1785578099999,98725.42175,195,21743.0,23069.26794,0
1785578100000,1.0608,1.0611,1.0608,1.0611,268952.0,1785578159999,285335.69947,237,267364.2,283651.07995,0
1785578160000,1.0611,1.0613,1.0610,1.0611,136156.7,1785578219999,144486.71841,353,48148.4,51092.73066,0
1785578220000,1.0611,1.0613,1.0611,1.0613,75828.9,1785578279999,80472.79986,159,74925.2,79513.81667,0
1785578280000,1.0613,1.0613,1.0608,1.0609,124403.8,1785578339999,131996.81103,258,18341.0,19465.27372,0
1785578340000,1.0608,1.0609,1.0606,1.0607,92711.6,1785578399999,98340.50496,223,31755.7,33685.96185,0
1785578400000,1.0606,1.0613,1.0606,1.0607,241229.9,1785578459999,255959.40490,610,142311.6,151005.83116,0
1785578460000,1.0606,1.0607,1.0602,1.0603,168025.6,1785578519999,178181.12995,447,19930.3,21137.67950,0
1785578520000,1.0602,1.0603,1.0599,1.0599,404775.1,1785578579999,429071.76590,1228,95390.2,101116.13906,0
1785578580000,1.0599,1.0600,1.0594,1.0596,411189.9,1785578639999,435712.42282,908,119671.4,126809.44252,0
1785578640000,1.0596,1.0597,1.0594,1.0595,141302.3,1785578699999,149704.34099,297,12684.9,13440.15833,0
1785578700000,1.0594,1.0603,1.0594,1.0603,176930.9,1785578759999,187536.92042,457,163886.3,173712.55842,0
1785578760000,1.0602,1.0604,1.0602,1.0603,40454.1,1785578819999,42895.01480,171,31713.5,33627.52442,0
1785578820000,1.0603,1.0605,1.0603,1.0604,60847.7,1785578879999,64520.68331,151,20361.9,21592.17614,0
1785578880000,1.0605,1.0605,1.0604,1.0605,21891.4,1785578939999,23215.13608,129,14955.2,15859.98960,0
1785578940000,1.0605,1.0605,1.0604,1.0604,31188.9,1785578999999,33073.07169,114,3621.3,3840.38865,0
1785579000000,1.0604,1.0605,1.0603,1.0605,58924.2,1785579059999,62482.74307,237,28501.7,30223.53326,0
1785579060000,1.0604,1.0610,1.0604,1.0610,147687.2,1785579119999,156640.38438,336,85219.3,90387.89649,0
1785579120000,1.0610,1.0610,1.0609,1.0610,72199.2,1785579179999,76602.76140,142,7801.6,8277.49760,0
1785579180000,1.0609,1.0612,1.0609,1.0611,86576.9,1785579239999,91861.80385,270,22490.3,23865.12745,0
1785579240000,1.0610,1.0611,1.0610,1.0611,19548.7,1785579299999,20742.99297,55,18222.7,19336.10697,0
1785579300000,1.0610,1.0611,1.0607,1.0610,144014.3,1785579359999,152783.48856,380,30291.1,32136.40737,0
1785579360000,1.0610,1.0613,1.0610,1.0612,63937.7,1785579419999,67847.82959,260,41965.1,44532.87247,0
1785579420000,1.0612,1.0617,1.0612,1.0617,94404.8,1785579479999,100206.95119,313,92516.5,98202.90718,0
1785579480000,1.0616,1.0625,1.0616,1.0625,112075.4,1785579539999,119048.60259,416,100747.7,107016.92904,0
1785579540000,1.0625,1.0627,1.0624,1.0627,219712.1,1785579599999,233445.82704,340,154938.9,164626.01187,0
1785579600000,1.0627,1.0630,1.0626,1.0629,615462.0,1785579659999,654152.59795,445,69636.7,74007.22064,0
1785579660000,1.0630,1.0630,1.0629,1.0630,134259.3,1785579719999,142705.02500,131,8150.3,8663.76890,0
1785579720000,1.0630,1.0630,1.0629,1.0629,92547.6,1785579779999,98375.36571,166,65216.7,69325.35210,0
1785579780000,1.0629,1.0630,1.0629,1.0629,49308.3,1785579839999,52413.56169,159,37696.2,40071.06060,0
1785579840000,1.0629,1.0630,1.0622,1.0623,155319.0,1785579899999,165045.68791,417,18291.4,19431.58381,0
1785579900000,1.0622,1.0623,1.0622,1.0622,57687.1,1785579959999,61278.60449,152,33668.7,35766.26001,0
1785579960000,1.0623,1.0623,1.0622,1.0622,9688.8,1785580019999,10292.13328,67,6899.2,7329.02016,0
1785580020000,1.0622,1.0623,1.0622,1.0623,10596.3,1785580079999,11255.79575,76,4058.9,4311.76947,0
1785580080000,1.0622,1.0627,1.0622,1.0626,107217.2,1785580139999,113917.29215,441,69025.1,73334.51721,0
1785580140000,1.0626,1.0626,1.0624,1.0625,37597.2,1785580199999,39946.41925,207,8374.1,8897.51934,0
1785580200000,1.0625,1.0625,1.0623,1.0624,142688.6,1785580259999,151584.99809,331,8995.5,9556.98948,0
1785580260000,1.0623,1.0624,1.0621,1.0622,31733.5,1785580319999,33709.79564,193,969.0,1029.42792,0
1785580320000,1.0621,1.0622,1.0621,1.0621,17890.9,1785580379999,19001.99354,85,686.5,729.20030,0
1785580380000,1.0621,1.0624,1.0621,1.0623,124664.2,1785580439999,132424.90008,247,93166.4,98964.88447,0
1785580440000,1.0623,1.0623,1.0622,1.0623,40734.7,1785580499999,43268.61233,70,2139.9,2273.21577,0
1785580500000,1.0623,1.0623,1.0622,1.0623,22528.1,1785580559999,23931.39159,82,20437.7,21710.96871,0
1785580560000,1.0622,1.0623,1.0622,1.0622,8918.7,1785580619999,9473.70567,57,2625.3,2788.85619,0
1785580620000,1.0623,1.0623,1.0620,1.0620,133338.6,1785580679999,141620.03791,279,6232.0,6619.14812,0
1785580680000,1.0621,1.0621,1.0620,1.0620,8791.2,1785580739999,9337.01045,42,7560.5,8030.00705,0
1785580740000,1.0620,1.0624,1.0619,1.0623,138737.3,1785580799999,147352.61203,343,102010.8,108348.44727,0
1785580800000,1.0624,1.0626,1.0624,1.0624,92724.4,1785580859999,98517.98475,249,46674.1,49590.44491,0
1785580860000,1.0624,1.0624,1.0623,1.0623,17232.8,1785580919999,18307.58954,65,11861.0,12601.12640,0
1785580920000,1.0624,1.0628,1.0623,1.0628,45016.3,1785580979999,47835.92127,201,42851.4,45535.53073,0
1785580980000,1.0627,1.0633,1.0627,1.0632,201766.1,1785581039999,214459.61752,330,185182.8,196832.81009,0
1785581040000,1.0632,1.0633,1.0631,1.0632,59667.3,1785581099999,63438.73465,177,34784.3,36983.24677,0
1785581100000,1.0632,1.0633,1.0630,1.0630,111627.0,1785581159999,118678.37192,277,15657.3,16648.13652,0
1785581160000,1.0630,1.0630,1.0619,1.0621,163240.5,1785581219999,173451.91373,552,50846.3,54017.85864,0
1785581220000,1.0622,1.0623,1.0618,1.0618,159416.3,1785581279999,169297.23480,361,70433.6,74798.02872,0
1785581280000,1.0619,1.0619,1.0618,1.0618,12311.7,1785581339999,13072.84973,73,2866.7,3044.14873,0
1785581340000,1.0618,1.0625,1.0618,1.0622,145226.3,1785581399999,154260.29647,340,88980.8,94506.84715,0
1785581400000,1.0622,1.0622,1.0620,1.0620,22538.7,1785581459999,23937.82793,76,12299.9,13063.86012,0
1785581460000,1.0620,1.0621,1.0620,1.0620,29468.2,1785581519999,31296.16077,117,9323.7,9902.70177,0
1785581520000,1.0620,1.0621,1.0618,1.0618,60716.6,1785581579999,64473.90083,186,5195.5,5517.12497,0
1785581580000,1.0618,1.0621,1.0618,1.0620,58446.1,1785581639999,62068.30216,224,54674.1,58062.59944,0
1785581640000,1.0620,1.0622,1.0619,1.0621,187956.0,1785581699999,199605.73331,260,40238.1,42735.90580,0
1785581700000,1.0620,1.0620,1.0619,1.0619,25798.5,1785581759999,27397.70939,79,21500.0,22833.00000,0
1785581760000,1.0619,1.0620,1.0619,1.0619,24754.9,1785581819999,26289.39673,100,21684.2,23028.62040,0
1785581820000,1.0620,1.0620,1.0619,1.0619,4296.7,1785581879999,4562.84562,70,1798.9,1910.43180,0
1785581880000,1.0620,1.0620,1.0619,1.0619,10662.3,1785581939999,11323.04306,62,7466.9,7929.84780,0
1785581940000,1.0619,1.0622,1.0619,1.0622,53754.9,1785581999999,57087.90663,208,37204.7,39513.10959,0
1785582000000,1.0621,1.0625,1.0621,1.0622,94339.0,1785582059999,100216.65876,368,75717.5,80436.22109,0
1785582060000,1.0621,1.0621,1.0619,1.0619,16877.7,1785582119999,17924.19606,164,6854.9,7279.90380,0
1785582120000,1.0619,1.0620,1.0619,1.0619,27129.7,1785582179999,28810.18719,148,11587.6,12306.03120,0
1785582180000,1.0619,1.0620,1.0619,1.0620,18762.1,1785582239999,19924.50113,101,10271.4,10908.22680,0
1785582240000,1.0619,1.0623,1.0619,1.0623,102977.1,1785582299999,109376.53921,242,77563.6,82382.34736,0
1785582300000,1.0622,1.0623,1.0619,1.0619,99055.9,1785582359999,105212.40517,282,2763.7,2935.32822,0
1785582360000,1.0619,1.0620,1.0617,1.0619,62535.7,1785582419999,66402.67319,278,30095.4,31955.74410,0
1785582420000,1.0619,1.0620,1.0619,1.0619,3854.5,1785582479999,4093.40187,65,3083.2,3274.35840,0
1785582480000,1.0619,1.0620,1.0619,1.0619,3521.3,1785582539999,3739.42168,71,1532.1,1627.09020,0
1785582540000,1.0619,1.0621,1.0619,1.0621,30067.3,1785582599999,31930.73608,163,22021.6,23387.00406,0
1785582600000,1.0620,1.0621,1.0620,1.0620,52784.4,1785582659999,56057.37789,144,3450.9,3665.20089,0
1785582660000,1.0620,1.0621,1.0620,1.0620,5023.2,1785582719999,5334.79250,123,1541.0,1636.69610,0
1785582720000,1.0620,1.0621,1.0620,1.0620,46318.7,1785582779999,49191.78097,213,13215.7,14036.39497,0
1785582780000,1.0621,1.0621,1.0620,1.0621,88231.2,1785582839999,93702.44270,150,9083.0,9647.05430,0
1785582840000,1.0620,1.0624,1.0620,1.0624,99674.5,1785582899999,105874.00027,334,95916.2,101882.54592,0
1785582900000,1.0625,1.0627,1.0623,1.0623,55979.9,1785582959999,59478.82233,237,4438.7,4716.17619,0
1785582960000,1.0624,1.0624,1.0620,1.0620,77000.2,1785583019999,81792.36269,233,2470.2,2624.33251,0
1785583020000,1.0620,1.0620,1.0619,1.0619,41495.8,1785583079999,44067.13422,124,19824.7,21053.83140,0
1785583080000,1.0619,1.0620,1.0619,1.0620,9041.1,1785583139999,9601.41632,83,6722.3,7139.08260,0
1785583140000,1.0619,1.0620,1.0613,1.0619,412651.1,1785583199999,438108.70125,770,167249.9,177551.28076,0
1785583200000,1.0618,1.0621,1.0618,1.0620,34670.7,1785583259999,36820.24826,149,26134.7,27755.53462,0
1785583260000,1.0621,1.0624,1.0621,1.0624,163176.4,1785583319999,173341.30412,300,110589.1,117478.00040,0
1785583320000,1.0623,1.0624,1.0620,1.0621,79518.1,1785583379999,84470.00266,178,1697.8,1803.67837,0
1785583380000,1.0620,1.0621,1.0620,1.0620,3712.9,1785583439999,3943.36486,50,2650.6,2815.20226,0
1785583440000,1.0621,1.0621,1.0619,1.0619,34859.6,1785583499999,37020.87901,122,1177.5,1250.61128,0
1785583500000,1.0620,1.0622,1.0619,1.0622,24424.8,1785583559999,25939.90611,194,22637.0,24041.43243,0
1785583560000,1.0621,1.0622,1.0621,1.0621,11689.9,1785583619999,12416.91366,81,10708.7,11374.78114,0
1785583620000,1.0622,1.0623,1.0621,1.0621,86466.1,1785583679999,91844.65250,215,80821.5,85849.04486,0
1785583680000,1.0621,1.0621,1.0620,1.0621,83275.6,1785583739999,88446.62887,162,45414.8,48235.05908,0
1785583740000,1.0621,1.0622,1.0620,1.0621,51466.2,1785583799999,54664.53069,158,30055.1,31923.81378,0
1785583800000,1.0621,1.0623,1.0619,1.0619,142297.0,1785583859999,151140.87151,258,31802.3,33777.44609,0
1785583860000,1.0620,1.0620,1.0619,1.0620,22985.0,1785583919999,24409.14201,87,13705.1,14554.81620,0
1785583920000,1.0620,1.0620,1.0619,1.0619,7952.8,1785583979999,8445.52150,79,4431.8,4706.57160,0
1785583980000,1.0619,1.0625,1.0619,1.0625,105092.1,1785584039999,111627.25367,362,86024.3,91369.88887,0
1785584040000,1.0624,1.0625,1.0624,1.0625,3737.5,1785584099999,3971.04982,62,3298.2,3504.33750,0
1785584100000,1.0624,1.0625,1.0624,1.0624,92486.8,1785584159999,98265.48295,255,75066.3,79757.94375,0
1785584160000,1.0625,1.0625,1.0624,1.0625,4193.2,1785584219999,4455.12274,70,2670.6,2837.51250,0
1785584220000,1.0625,1.0626,1.0624,1.0625,33810.6,1785584279999,35923.69818,171,29693.8,31549.68137,0
1785584280000,1.0626,1.0626,1.0625,1.0625,27257.4,1785584339999,28963.64983,81,26623.3,28289.91858,0
1785584340000,1.0626,1.0630,1.0625,1.0630,120819.6,1785584399999,128409.70720,321,118165.1,125588.26403,0
1785584400000,1.0630,1.0631,1.0627,1.0627,152313.8,1785584459999,161899.97678,283,17565.6,18672.08059,0
1785584460000,1.0627,1.0628,1.0627,1.0627,7161.4,1785584519999,7610.81701,63,3972.3,4221.76044,0
1785584520000,1.0628,1.0628,1.0627,1.0628,7056.4,1785584579999,7499.30163,61,4653.5,4945.73980,0
1785584580000,1.0628,1.0630,1.0627,1.0630,45975.3,1785584639999,48864.38673,195,42734.1,45419.64593,0
1785584640000,1.0629,1.0630,1.0629,1.0629,10105.2,1785584699999,10741.46972,92,6526.4,6937.56320,0
1785584700000,1.0629,1.0630,1.0629,1.0629,7089.8,1785584759999,7536.04614,75,2977.2,3164.76360,0
1785584760000,1.0630,1.0630,1.0627,1.0628,42688.2,1785584819999,45373.36941,248,8521.2,9057.87328,0
1785584820000,1.0627,1.0628,1.0627,1.0627,11629.7,1785584879999,12359.37330,120,4911.1,5219.51708,0
1785584880000,1.0627,1.0628,1.0627,1.0627,7153.1,1785584939999,7602.02750,72,4281.3,4550.16564,0
1785584940000,1.0627,1.0628,1.0627,1.0627,10186.9,1785584999999,10826.41849,86,7998.6,8500.91208,0
1785585000000,1.0627,1.0628,1.0627,1.0627,4720.2,1785585059999,5016.30977,104,1532.3,1628.52844,0
1785585060000,1.0627,1.0628,1.0627,1.0627,27388.1,1785585119999,29107.82598,174,24921.1,26486.14508,0
1785585120000,1.0627,1.0632,1.0627,1.0631,93811.7,1785585179999,99719.50832,316,82591.4,87791.59523,0
1785585180000,1.0631,1.0632,1.0631,1.0632,18443.0,1785585239999,19608.31608,157,15627.8,16615.47696,0
1785585240000,1.0632,1.0632,1.0631,1.0632,50748.9,1785585299999,53952.88966,114,17340.7,18436.63224,0
1785585300000,1.0631,1.0632,1.0631,1.0631,3873.3,1785585359999,4117.85915,86,1539.2,1636.47744,0
1785585360000,1.0631,1.0632,1.0631,1.0631,4648.4,1785585419999,4942.07766,69,3636.2,3866.00784,0
1785585420000,1.0632,1.0632,1.0631,1.0632,22273.6,1785585479999,23681.15377,86,20896.1,22216.73352,0
1785585480000,1.0632,1.0632,1.0631,1.0631,11776.9,1785585539999,12521.13968,72,11172.9,11879.02728,0
1785585540000,1.0632,1.0633,1.0631,1.0632,33798.9,1785585599999,35935.04961,120,27329.0,29056.82853,0
1785585600000,1.0632,1.0636,1.0632,1.0636,147038.0,1785585659999,156379.01394,354,117077.9,124516.72490,0
1785585660000,1.0636,1.0637,1.0635,1.0637,45472.7,1785585719999,48364.18649,268,28452.7,30262.89672,0
1785585720000,1.0636,1.0638,1.0636,1.0637,71545.6,1785585779999,76107.98082,231,69153.0,73563.02687,0
1785585780000,1.0638,1.0640,1.0638,1.0640,94817.6,1785585839999,100880.49551,268,93239.9,99201.98439,0
1785585840000,1.0640,1.0642,1.0640,1.0642,139902.7,1785585899999,148870.86561,315,53774.0,57221.37255,0
1785585900000,1.0641,1.0642,1.0635,1.0635,372403.4,1785585959999,396196.36964,683,43211.9,45976.81816,0
1785585960000,1.0636,1.0636,1.0635,1.0635,52548.2,1785586019999,55886.75961,273,17489.1,18601.40676,0
1785586020000,1.0635,1.0636,1.0635,1.0636,18979.0,1785586079999,20185.43363,156,12671.3,13477.19468,0
1785586080000,1.0635,1.0636,1.0633,1.0633,75700.8,1785586139999,80505.98482,238,9157.8,9740.19568,0
1785586140000,1.0633,1.0634,1.0630,1.0630,124160.5,1785586199999,132013.95777,352,18468.5,19638.79101,0
1785586200000,1.0630,1.0631,1.0630,1.0630,57178.5,1785586259999,60782.77579,136,20302.9,21584.01299,0
1785586260000,1.0630,1.0632,1.0630,1.0631,66046.0,1785586319999,70212.96758,241,57239.2,60851.22686,0
1785586320000,1.0632,1.0632,1.0631,1.0631,37765.9,1785586379999,40150.83341,171,19051.2,20255.23584,0
1785586380000,1.0631,1.0633,1.0631,1.0632,44462.9,1785586439999,47273.80497,190,36476.1,38782.28692,0
1785586440000,1.0632,1.0633,1.0629,1.0629,147486.8,1785586499999,156803.69565,406,15210.0,16172.74521,0
1785586500000,1.0629,1.0630,1.0629,1.0629,32398.6,1785586559999,34437.42938,119,9574.4,10177.58720,0
1785586560000,1.0629,1.0630,1.0629,1.0629,67073.3,1785586619999,71292.65370,212,4431.3,4710.47190,0
1785586620000,1.0629,1.0630,1.0629,1.0629,9230.1,1785586679999,9811.12325,131,4499.6,4783.07480,0
1785586680000,1.0629,1.0630,1.0629,1.0629,13159.6,1785586739999,13987.79724,95,4584.0,4872.79200,0
1785586740000,1.0629,1.0630,1.0629,1.0629,61985.2,1785586799999,65884.13353,158,644.5,685.10350,0
1785586800000,1.0629,1.0630,1.0628,1.0628,105304.2,1785586859999,111932.20715,285,48882.8,51962.38318,0
1785586860000,1.0628,1.0630,1.0628,1.0629,51081.9,1785586919999,54294.05260,227,36364.8,38652.26557,0
1785586920000,1.0630,1.0632,1.0629,1.0632,49732.1,1785586979999,52869.06072,178,46289.9,49209.92830,0
1785586980000,1.0631,1.0632,1.0631,1.0631,11498.8,1785587039999,12224.99429,70,6200.1,6591.94632,0
1785587040000,1.0631,1.0633,1.0631,1.0633,27844.6,1785587099999,29604.42772,115,15500.2,16479.88320,0
1785587100000,1.0633,1.0633,1.0632,1.0632,8770.9,1785587159999,9325.91918,56,6983.0,7425.02390,0
1785587160000,1.0632,1.0633,1.0632,1.0632,18152.8,1785587219999,19300.15680,61,998.4,1061.59872,0
1785587220000,1.0633,1.0634,1.0632,1.0634,50849.9,1785587279999,54069.70461,191,50089.9,53261.61949,0
1785587280000,1.0634,1.0634,1.0633,1.0634,44086.0,1785587339999,46880.86777,138,42239.7,44917.69698,0
1785587340000,1.0633,1.0634,1.0631,1.0631,119770.1,1785587399999,127349.77185,222,2650.7,2818.73424,0
1785587400000,1.0631,1.0632,1.0628,1.0629,139122.6,1785587459999,147882.97430,210,19005.8,20201.63001,0
1785587460000,1.0628,1.0631,1.0628,1.0631,41146.3,1785587519999,43734.24074,213,33402.2,35503.79522,0
1785587520000,1.0630,1.0631,1.0630,1.0630,10658.5,1785587579999,11330.20417,62,2186.7,2324.68077,0
1785587580000,1.0631,1.0631,1.0630,1.0630,15937.8,1785587639999,16942.65045,80,7690.5,8175.77055,0
1785587640000,1.0631,1.0632,1.0630,1.0632,38385.4,1785587699999,40807.63701,169,36318.6,38610.59194,0
1785587700000,1.0632,1.0632,1.0629,1.0629,33105.2,1785587759999,35191.98871,234,1239.4,1317.60034,0
1785587760000,1.0629,1.0634,1.0629,1.0633,202483.5,1785587819999,215266.49159,268,201527.5,214250.10963,0
1785587820000,1.0633,1.0635,1.0633,1.0634,48970.2,1785587879999,52077.18471,158,47634.0,50656.29754,0
1785587880000,1.0635,1.0635,1.0631,1.0631,56911.8,1785587939999,60516.75090,204,3473.6,3693.84925,0
1785587940000,1.0631,1.0633,1.0630,1.0633,62520.9,1785587999999,66467.20717,216,58041.0,61704.62383,0
1785588000000,1.0633,1.0634,1.0632,1.0633,46164.2,1785588059999,49086.45643,121,45730.5,48625.34340,0
1785588060000,1.0634,1.0638,1.0634,1.0637,36748.8,1785588119999,39085.03648,163,31438.1,33436.04489,0
1785588120000,1.0638,1.0638,1.0632,1.0633,56492.6,1785588179999,60076.74557,290,22273.7,23684.16114,0
1785588180000,1.0633,1.0633,1.0632,1.0633,25506.1,1785588239999,27118.33305,79,2475.3,2631.98649,0
1785588240000,1.0632,1.0633,1.0632,1.0632,14795.9,1785588299999,15732.08079,80,10799.1,11482.68303,0
1785588300000,1.0632,1.0633,1.0632,1.0633,13972.3,1785588359999,14856.39460,81,10452.4,11114.03692,0
1785588360000,1.0633,1.0635,1.0632,1.0635,59489.4,1785588419999,63257.35355,192,54573.2,58029.48553,0
1785588420000,1.0635,1.0635,1.0634,1.0635,2703.3,1785588479999,2874.84817,52,1589.5,1690.43325,0
1785588480000,1.0634,1.0638,1.0634,1.0637,27528.3,1785588539999,29278.93769,205,26581.5,28271.93289,0
1785588540000,1.0637,1.0639,1.0637,1.0639,65909.8,1785588599999,70115.10899,160,59915.4,63738.31156,0
1785588600000,1.0639,1.0639,1.0638,1.0638,12494.6,1785588659999,13292.92211,90,11666.3,12411.77657,0
1785588660000,1.0638,1.0639,1.0638,1.0638,22328.2,1785588719999,23753.12751,87,3883.5,4131.65565,0
1785588720000,1.0638,1.0640,1.0638,1.0640,76837.7,1785588779999,81748.53359,150,69756.5,74214.86071,0
1785588780000,1.0640,1.0640,1.0638,1.0639,86373.6,1785588839999,91889.08265,105,12212.3,12992.67998,0
1785588840000,1.0639,1.0640,1.0639,1.0640,29194.2,1785588899999,31060.65025,90,15819.4,16831.20053,0
1785588900000,1.0639,1.0640,1.0639,1.0640,21855.4,1785588959999,23252.53766,85,5776.0,6145.66400,0
1785588960000,1.0639,1.0643,1.0639,1.0642,119160.8,1785589019999,126801.17029,271,100218.7,106643.33811,0
1785589020000,1.0643,1.0644,1.0641,1.0641,125779.0,1785589079999,133863.58707,332,34925.9,37171.71226,0
1785589080000,1.0642,1.0642,1.0639,1.0639,19834.5,1785589139999,21103.08529,135,2903.1,3088.97080,0
1785589140000,1.0639,1.0640,1.0639,1.0639,23203.2,1785589199999,24687.39764,93,15131.6,16100.02240,0
1785589200000,1.0639,1.0640,1.0639,1.0640,25939.4,1785589259999,27598.19699,129,12693.3,13505.67120,0
1785589260000,1.0640,1.0640,1.0639,1.0639,47452.5,1785589319999,50487.47324,180,27584.9,29350.33360,0
1785589320000,1.0639,1.0640,1.0639,1.0640,13878.9,1785589379999,14766.25146,95,4897.5,5210.94000,0
1785589380000,1.0639,1.0640,1.0639,1.0639,16578.3,1785589439999,17638.55035,111,8969.8,9543.86720,0
1785589440000,1.0640,1.0642,1.0639,1.0642,64370.0,1785589499999,68493.41511,261,59063.1,62846.75232,0
1785589500000,1.0641,1.0642,1.0640,1.0640,59105.1,1785589559999,62893.22266,179,3373.1,3589.33335,0
1785589560000,1.0641,1.0641,1.0639,1.0639,55625.1,1785589619999,59183.98593,161,7029.8,7479.73469,0
1785589620000,1.0639,1.0640,1.0639,1.0639,8496.3,1785589679999,9039.67940,86,4658.3,4956.43120,0
1785589680000,1.0639,1.0643,1.0639,1.0640,321012.8,1785589739999,341586.37207,434,244542.0,260208.77451,0
1785589740000,1.0641,1.0641,1.0640,1.0641,4666.5,1785589799999,4965.36985,61,2138.5,2275.57785,0
1785589800000,1.0640,1.0641,1.0640,1.0641,8099.9,1785589859999,8618.75555,97,4619.5,4915.60995,0
1785589860000,1.0640,1.0643,1.0640,1.0642,45187.3,1785589919999,48087.22856,216,43167.3,45937.63101,0
1785589920000,1.0642,1.0643,1.0640,1.0641,85415.5,1785589979999,90901.18738,210,34638.3,36864.77908,0
1785589980000,1.0640,1.0641,1.0640,1.0640,34894.0,1785590039999,37127.43717,114,2211.7,2353.46997,0
1785590040000,1.0640,1.0641,1.0639,1.0639,31579.2,1785590099999,33599.65428,180,303.7,323.15873,0
1785590100000,1.0639,1.0640,1.0635,1.0635,163641.0,1785590159999,174061.86755,401,17951.2,19094.71275,0
1785590160000,1.0635,1.0638,1.0635,1.0638,69585.9,1785590219999,74017.23133,172,34631.6,36836.73548,0
1785590220000,1.0637,1.0638,1.0637,1.0637,72347.2,1785590279999,76960.25397,153,45373.3,48268.11654,0
1785590280000,1.0637,1.0638,1.0637,1.0637,11125.1,1785590339999,11834.18782,79,4189.5,4456.79010,0
1785590340000,1.0637,1.0639,1.0637,1.0638,62726.0,1785590399999,66727.53534,191,57430.8,61094.89799,0
1785590400000,1.0638,1.0639,1.0638,1.0638,8709.7,1785590459999,9265.72781,72,3489.5,3712.47905,0
1785590460000,1.0638,1.0639,1.0638,1.0638,21748.6,1785590519999,23136.24729,57,866.1,921.44379,0
1785590520000,1.0638,1.0639,1.0636,1.0636,47534.7,1785590579999,50566.04593,183,1112.7,1183.74497,0
1785590580000,1.0636,1.0638,1.0636,1.0638,123262.3,1785590639999,131115.04321,151,62093.5,66049.84958,0
1785590640000,1.0637,1.0638,1.0637,1.0638,26541.4,1785590699999,28233.59637,55,15091.9,16054.76322,0
1785590700000,1.0638,1.0638,1.0636,1.0637,40605.6,1785590759999,43192.24884,174,5494.1,5844.59388,0
1785590760000,1.0636,1.0637,1.0636,1.0636,35051.3,1785590819999,37282.53075,82,19680.7,20934.36059,0
1785590820000,1.0637,1.0637,1.0636,1.0636,13578.4,1785590879999,14442.02136,65,351.2,373.57144,0
1785590880000,1.0636,1.0637,1.0636,1.0636,24328.6,1785590939999,25877.61405,69,17150.9,18243.41233,0
1785590940000,1.0636,1.0637,1.0636,1.0636,15297.3,1785590999999,16270.77191,88,5636.3,5995.33231,0
1785591000000,1.0637,1.0638,1.0636,1.0638,77378.7,1785591059999,82309.73207,368,74524.8,79274.12858,0
1785591060000,1.0638,1.0638,1.0637,1.0638,20967.7,1785591119999,22303.49697,125,1544.8,1643.35824,0
1785591120000,1.0638,1.0640,1.0637,1.0640,64838.9,1785591179999,68979.05463,348,59947.4,63775.20194,0
1785591180000,1.0639,1.0640,1.0639,1.0640,11708.4,1785591239999,12456.79054,138,2237.8,2381.01920,0
1785591240000,1.0639,1.0640,1.0639,1.0640,6701.6,1785591299999,7130.26756,95,4353.2,4631.80480,0
1785591300000,1.0640,1.0640,1.0639,1.0640,37212.5,1785591359999,39593.44537,176,30666.2,32628.83680,0
1785591360000,1.0640,1.0640,1.0639,1.0640,15403.5,1785591419999,16388.88915,101,11055.0,11762.52000,0
1785591420000,1.0639,1.0644,1.0639,1.0644,62972.0,1785591479999,67013.04778,290,56685.6,60322.70537,0
1785591480000,1.0643,1.0644,1.0639,1.0639,255362.3,1785591539999,271765.32447,391,8058.7,8577.68028,0
1785591540000,1.0639,1.0640,1.0637,1.0637,79595.5,1785591599999,84675.49494,288,248.1,263.95318,0
1785591600000,1.0637,1.0638,1.0637,1.0637,10992.9,1785591659999,11693.51072,108,3629.9,3861.48762,0
1785591660000,1.0637,1.0638,1.0637,1.0638,7815.5,1785591719999,8313.38189,85,345.4,367.43652,0
1785591720000,1.0637,1.0638,1.0636,1.0636,164485.6,1785591779999,174966.90254,386,93512.1,99473.04093,0
1785591780000,1.0636,1.0638,1.0636,1.0638,94881.1,1785591839999,100922.78574,243,72282.8,76887.21585,0
1785591840000,1.0637,1.0638,1.0637,1.0638,33057.1,1785591899999,35165.93785,118,31005.8,32983.97004,0
1785591900000,1.0637,1.0638,1.0635,1.0635,46216.8,1785591959999,49157.99795,193,1544.2,1642.60684,0
1785591960000,1.0636,1.0636,1.0629,1.0629,184823.2,1785592019999,196530.36466,391,6839.3,7274.08873,0
1785592020000,1.0630,1.0631,1.0629,1.0629,144694.6,1785592079999,153811.11708,398,108207.7,115026.05714,0
1785592080000,1.0630,1.0630,1.0628,1.0628,88912.1,1785592139999,94503.92919,220,14162.0,15054.20600,0
1785592140000,1.0629,1.0629,1.0626,1.0626,91395.4,1785592199999,97130.94759,250,7945.5,8444.90929,0
1785592200000,1.0626,1.0629,1.0626,1.0629,125512.5,1785592259999,133391.22128,232,62197.6,66100.32102,0
1785592260000,1.0629,1.0629,1.0628,1.0628,36038.5,1785592319999,38302.91758,121,11997.8,12752.46162,0
1785592320000,1.0629,1.0632,1.0629,1.0631,67151.8,1785592379999,71383.80762,309,47061.4,50025.72641,0
1785592380000,1.0631,1.0632,1.0631,1.0632,6375.7,1785592439999,6778.18259,74,1759.2,1870.38144,0
1785592440000,1.0631,1.0632,1.0630,1.0630,67847.7,1785592499999,72128.95219,165,1296.7,1378.64929,0
1785592500000,1.0630,1.0631,1.0630,1.0631,12562.6,1785592559999,13354.14971,108,1059.1,1125.92921,0
1785592560000,1.0630,1.0631,1.0626,1.0627,221112.0,1785592619999,235008.36774,397,1866.5,1983.55533,0
1785592620000,1.0626,1.0630,1.0626,1.0630,76493.9,1785592679999,81294.50521,213,72451.4,76997.95758,0
1785592680000,1.0629,1.0632,1.0629,1.0632,53701.7,1785592739999,57087.81092,170,53099.8,56447.98412,0
1785592740000,1.0631,1.0632,1.0630,1.0630,108885.0,1785592799999,115755.60861,145,7260.7,7718.91458,0
1785592800000,1.0630,1.0632,1.0630,1.0632,28605.7,1785592859999,30410.57447,135,26334.7,27996.47995,0
1785592860000,1.0632,1.0632,1.0631,1.0632,27810.4,1785592919999,29567.81855,159,25823.1,27455.11992,0
1785592920000,1.0631,1.0636,1.0631,1.0636,81040.9,1785592979999,86172.55477,336,76113.8,80933.26879,0
1785592980000,1.0635,1.0637,1.0635,1.0637,62219.0,1785593039999,66175.25346,240,45787.9,48700.52048,0
1785593040000,1.0637,1.0637,1.0636,1.0636,20351.2,1785593099999,21647.43167,130,18953.5,20160.83795,0
1785593100000,1.0636,1.0640,1.0636,1.0640,139612.4,1785593159999,148513.42713,382,116514.7,123946.31718,0
1785593160000,1.0640,1.0640,1.0639,1.0640,26195.1,1785593219999,27870.83271,102,18658.2,19852.32480,0
1785593220000,1.0639,1.0640,1.0639,1.0640,29653.0,1785593279999,31550.49650,138,26698.0,28406.67200,0
1785593280000,1.0640,1.0645,1.0639,1.0640,224937.3,1785593339999,239376.04576,609,143668.8,152881.93765,0
1785593340000,1.0640,1.0641,1.0636,1.0636,108208.6,1785593399999,115119.10840,295,4959.3,5276.33689,0
1785593400000,1.0636,1.0637,1.0636,1.0636,8368.3,1785593459999,8900.96580,104,4419.2,4700.70304,0
1785593460000,1.0636,1.0637,1.0636,1.0636,56555.5,1785593519999,60155.81923,243,33894.3,36053.36691,0
1785593520000,1.0636,1.0637,1.0636,1.0636,32401.6,1785593579999,34465.34558,198,30038.2,31951.63334,0
1785593580000,1.0637,1.0637,1.0636,1.0636,11538.5,1785593639999,12272.98792,110,6393.2,6800.44684,0
1785593640000,1.0636,1.0638,1.0636,1.0637,57561.5,1785593699999,61227.34857,215,49203.5,52337.77730,0
1785593700000,1.0638,1.0639,1.0637,1.0638,110988.7,1785593759999,118072.18136,162,69202.5,73620.24582,0
1785593760000,1.0639,1.0640,1.0638,1.0639,56382.8,1785593819999,59990.25710,146,55606.0,59163.83690,0
1785593820000,1.0639,1.0643,1.0639,1.0643,120734.8,1785593879999,128481.17050,305,42577.7,45306.39916,0
1785593880000,1.0642,1.0643,1.0642,1.0643,3974.3,1785593939999,4229.71441,58,2643.5,2813.47705,0
1785593940000,1.0642,1.0643,1.0640,1.0640,87562.2,1785593999999,93181.42512,231,2701.5,2874.86883,0
1785594000000,1.0640,1.0641,1.0640,1.0640,13292.7,1785594059999,14144.49503,73,10622.3,11303.18943,0
1785594060000,1.0640,1.0641,1.0640,1.0641,30853.3,1785594119999,32828.29923,83,3880.3,4129.02723,0
1785594120000,1.0641,1.0641,1.0640,1.0640,9675.2,1785594179999,10294.99084,80,5780.4,6150.92364,0
1785594180000,1.0641,1.0645,1.0640,1.0644,73979.8,1785594239999,78727.91206,275,72579.0,77237.11745,0
1785594240000,1.0645,1.0645,1.0644,1.0645,30904.1,1785594299999,32897.14845,48,28244.1,30065.84445,0
1785594300000,1.0645,1.0645,1.0644,1.0645,15065.5,1785594359999,16037.04074,69,13225.4,14078.43830,0
1785594360000,1.0645,1.0645,1.0643,1.0644,139975.4,1785594419999,148989.83659,209,58726.9,62511.13388,0
1785594420000,1.0643,1.0644,1.0643,1.0644,8262.1,1785594479999,8793.69702,84,3439.9,3661.42956,0
1785594480000,1.0643,1.0645,1.0643,1.0644,40616.5,1785594539999,43232.14807,148,37169.4,39563.34936,0
1785594540000,1.0645,1.0646,1.0644,1.0645,151733.9,1785594599999,161532.48313,255,148248.6,157822.58531,0
1785594600000,1.0645,1.0646,1.0645,1.0645,477726.4,1785594659999,508585.49624,146,457434.4,486984.66224,0
1785594660000,1.0646,1.0646,1.0644,1.0645,188779.9,1785594719999,200962.96914,260,80212.2,85393.71451,0
1785594720000,1.0644,1.0645,1.0644,1.0644,26816.9,1785594779999,28544.65688,159,7485.2,7967.99540,0
1785594780000,1.0645,1.0645,1.0644,1.0644,10737.5,1785594839999,11429.25459,63,2595.9,2763.33555,0
1785594840000,1.0644,1.0645,1.0644,1.0644,31063.2,1785594899999,33064.90702,129,12369.4,13167.22630,0
1785594900000,1.0644,1.0645,1.0644,1.0644,7822.9,1785594959999,8326.80850,69,1137.4,1210.76230,0
1785594960000,1.0644,1.0645,1.0644,1.0644,46695.4,1785595019999,49702.72514,190,1413.8,1504.99010,0
1785595020000,1.0644,1.0645,1.0644,1.0644,22951.8,1785595079999,24430.34308,96,4471.6,4760.01820,0
1785595080000,1.0645,1.0645,1.0644,1.0645,39281.7,1785595139999,41814.79147,106,33499.9,35660.64355,0
1785595140000,1.0645,1.0646,1.0644,1.0644,168366.9,1785595199999,179227.02383,242,79981.2,85140.45058,0
1785595200000,1.0644,1.0645,1.0644,1.0645,22125.0,1785595259999,23551.74402,83,18940.2,20161.84290,0
1785595260000,1.0644,1.0645,1.0643,1.0643,83683.1,1785595319999,89073.67950,201,18079.6,19245.70317,0
1785595320000,1.0643,1.0644,1.0643,1.0643,9670.7,1785595379999,10292.67077,71,1447.6,1540.82544,0
1785595380000,1.0644,1.0644,1.0643,1.0644,8661.3,1785595439999,9218.72943,93,5078.4,5405.44896,0
1785595440000,1.0643,1.0646,1.0643,1.0646,169034.7,1785595499999,179927.92841,287,145070.8,154420.84766,0
1785595500000,1.0645,1.0646,1.0643,1.0644,97494.2,1785595559999,103781.74090,249,14979.2,15946.11964,0
1785595560000,1.0644,1.0646,1.0644,1.0645,42073.4,1785595619999,44786.08119,143,18970.7,20193.25704,0
1785595620000,1.0645,1.0646,1.0645,1.0645,53687.6,1785595679999,57150.71476,139,2645.6,2816.50576,0
1785595680000,1.0645,1.0646,1.0645,1.0645,20728.9,1785595739999,22066.35936,125,4453.1,4740.77026,0
1785595740000,1.0645,1.0646,1.0645,1.0646,38781.8,1785595799999,41284.53841,86,13123.1,13970.85226,0
1785595800000,1.0645,1.0646,1.0643,1.0643,276331.2,1785595859999,294150.32438,274,11176.4,11898.33220,0
1785595860000,1.0643,1.0646,1.0643,1.0646,113972.5,1785595919999,121312.68927,164,94764.4,100868.59388,0
1785595920000,1.0646,1.0646,1.0645,1.0645,11127.0,1785595979999,11845.63719,84,9456.9,10067.81574,0
1785595980000,1.0645,1.0646,1.0645,1.0645,8682.8,1785596039999,9243.64143,52,8008.3,8525.63618,0
1785596040000,1.0646,1.0646,1.0644,1.0644,268595.7,1785596099999,285923.46378,257,47643.5,50721.23638,0
1785596100000,1.0644,1.0649,1.0644,1.0649,439465.7,1785596159999,467870.26789,456,429387.0,457139.69742,0
1785596160000,1.0649,1.0651,1.0649,1.0651,113080.8,1785596219999,120434.30869,269,93100.9,99155.74761,0
1785596220000,1.0651,1.0652,1.0651,1.0652,43762.2,1785596279999,46612.71874,191,19149.8,20398.05150,0
1785596280000,1.0652,1.0655,1.0652,1.0654,109741.1,1785596339999,116913.69041,279,100439.5,107004.82646,0
1785596340000,1.0655,1.0658,1.0654,1.0658,224884.7,1785596399999,239634.98014,392,212285.6,226210.59805,0
1785596400000,1.0658,1.0659,1.0654,1.0655,374515.2,1785596459999,399123.80379,448,31864.6,33955.59750,0
1785596460000,1.0655,1.0655,1.0652,1.0652,159405.0,1785596519999,169815.62599,323,9940.0,10590.38012,0
1785596520000,1.0653,1.0653,1.0650,1.0651,127890.8,1785596579999,136213.82431,343,15690.5,16712.34435,0
1785596580000,1.0650,1.0653,1.0649,1.0650,209123.1,1785596639999,222721.15386,501,70874.7,75485.69317,0
1785596640000,1.0649,1.0651,1.0647,1.0647,100152.2,1785596699999,106656.32258,296,19640.9,20918.01539,0
1785596700000,1.0648,1.0648,1.0647,1.0647,13559.3,1785596759999,14437.59475,79,10080.4,10733.60992,0
1785596760000,1.0647,1.0648,1.0647,1.0647,21895.4,1785596819999,23313.11181,139,10794.3,11493.77064,0
1785596820000,1.0648,1.0648,1.0646,1.0646,83436.0,1785596879999,88834.74859,219,22247.2,23688.30059,0
1785596880000,1.0647,1.0647,1.0646,1.0647,21309.5,1785596939999,22686.93190,147,8382.0,8924.31540,0
1785596940000,1.0647,1.0651,1.0647,1.0650,203729.6,1785596999999,216946.43555,383,193408.2,205954.95059,0
1785597000000,1.0650,1.0653,1.0650,1.0652,49661.5,1785597059999,52902.29969,206,43501.6,46340.81144,0
1785597060000,1.0652,1.0653,1.0646,1.0647,240283.2,1785597119999,255894.21993,494,13394.5,14267.58433,0
1785597120000,1.0646,1.0647,1.0645,1.0646,32018.1,1785597179999,34086.01206,144,21004.4,22361.37107,0
1785597180000,1.0646,1.0647,1.0646,1.0646,4349.9,1785597239999,4631.08975,71,1862.1,1982.57787,0
1785597240000,1.0646,1.0647,1.0646,1.0647,28953.5,1785597299999,30826.34941,169,24533.1,26120.39157,0
1785597300000,1.0646,1.0647,1.0644,1.0644,138849.3,1785597359999,147815.20313,380,7588.0,8078.92400,0
1785597360000,1.0644,1.0645,1.0642,1.0642,73240.3,1785597419999,77950.04372,224,34499.3,36717.61499,0
1785597420000,1.0642,1.0643,1.0641,1.0642,43480.8,1785597479999,46271.49807,240,3787.1,4030.42593,0
1785597480000,1.0641,1.0642,1.0639,1.0639,130893.5,1785597539999,139279.91560,287,50739.1,53991.11149,0
1785597540000,1.0640,1.0641,1.0636,1.0637,246227.5,1785597599999,261949.04149,497,50228.2,53443.32672,0
1785597600000,1.0637,1.0640,1.0637,1.0639,59474.1,1785597659999,63270.63582,288,45546.2,48452.87246,0
1785597660000,1.0639,1.0641,1.0638,1.0640,109587.8,1785597719999,116592.30158,241,99054.3,105386.61220,0
1785597720000,1.0641,1.0641,1.0640,1.0641,10596.3,1785597779999,11275.03923,90,5760.3,6129.53523,0
1785597780000,1.0640,1.0641,1.0640,1.0640,7255.0,1785597839999,7719.87838,102,5583.8,5941.72158,0
1785597840000,1.0641,1.0641,1.0639,1.0640,23990.2,1785597899999,25525.88119,156,7741.8,8237.63386,0
1785597900000,1.0640,1.0640,1.0635,1.0635,123242.7,1785597959999,131084.62180,320,2958.6,3147.53339,0
1785597960000,1.0636,1.0636,1.0635,1.0636,41091.4,1785598019999,43704.21263,133,35087.3,37318.85228,0
1785598020000,1.0635,1.0638,1.0635,1.0637,51595.0,1785598079999,54879.21255,231,41975.4,44646.87761,0
1785598080000,1.0637,1.0638,1.0636,1.0637,21586.4,1785598139999,22961.53358,121,1442.9,1534.90665,0
1785598140000,1.0637,1.0637,1.0636,1.0637,24203.1,1785598199999,25742.46207,96,449.1,477.70767,0
1785598200000,1.0636,1.0637,1.0632,1.0632,123543.2,1785598259999,131380.89277,302,1860.3,1978.55997,0
1785598260000,1.0632,1.0636,1.0632,1.0635,92100.7,1785598319999,97940.05210,284,54284.3,57726.25330,0
1785598320000,1.0635,1.0636,1.0634,1.0636,52256.6,1785598379999,55578.60343,153,50889.3,54124.61290,0
1785598380000,1.0636,1.0636,1.0635,1.0635,111442.9,1785598439999,118524.52462,204,50523.5,53736.74272,0
1785598440000,1.0635,1.0635,1.0634,1.0635,28717.2,1785598499999,30539.22901,151,13585.3,14447.96655,0
1785598500000,1.0634,1.0637,1.0633,1.0634,163982.1,1785598559999,174404.28216,379,67076.7,71340.88560,0
1785598560000,1.0633,1.0635,1.0633,1.0635,107396.2,1785598619999,114206.00856,170,63231.4,67241.55842,0
1785598620000,1.0635,1.0636,1.0634,1.0636,35546.6,1785598679999,37804.46855,160,32241.0,34289.15508,0
1785598680000,1.0635,1.0636,1.0635,1.0636,6805.7,1785598739999,7238.26356,78,4016.1,4271.52396,0
1785598740000,1.0635,1.0636,1.0635,1.0635,31838.2,1785598799999,33861.12353,70,11978.3,12740.11988,0
1785598800000,1.0636,1.0639,1.0635,1.0638,61807.8,1785598859999,65745.79724,312,58735.0,62477.29591,0
1785598860000,1.0639,1.0639,1.0638,1.0639,3825.2,1785598919999,4069.46777,73,2200.1,2340.68639,0
1785598920000,1.0638,1.0639,1.0633,1.0633,117430.9,1785598979999,124903.73583,364,1955.2,2079.42047,0
1785598980000,1.0633,1.0634,1.0633,1.0633,16920.4,1785599039999,17992.87159,95,14102.7,14996.81118,0
1785599040000,1.0633,1.0634,1.0633,1.0633,33890.9,1785599099999,36038.00787,162,18139.0,19289.01260,0
1785599100000,1.0633,1.0635,1.0633,1.0635,63660.9,1785599159999,67696.66911,196,57586.2,61237.44060,0
1785599160000,1.0635,1.0636,1.0634,1.0635,92596.9,1785599219999,98480.10868,257,88342.0,93955.40773,0
1785599220000,1.0635,1.0636,1.0635,1.0636,18545.6,1785599279999,19724.19182,182,9462.2,10063.99592,0
1785599280000,1.0635,1.0636,1.0635,1.0636,47113.2,1785599339999,50107.92324,220,30350.4,32280.68544,0
1785599340000,1.0635,1.0636,1.0635,1.0635,44053.9,1785599399999,46853.22528,200,19026.3,20236.37268,0
1785599400000,1.0635,1.0636,1.0635,1.0635,9524.4,1785599459999,10129.49494,132,2955.4,3143.36344,0
1785599460000,1.0635,1.0636,1.0633,1.0633,114060.5,1785599519999,121297.91967,361,19808.7,21068.45908,0
1785599520000,1.0633,1.0634,1.0633,1.0633,18104.6,1785599579999,19252.09148,140,14703.0,15635.17020,0
1785599580000,1.0633,1.0633,1.0632,1.0633,142149.2,1785599639999,151145.34008,265,21557.0,22921.55810,0
1785599640000,1.0632,1.0633,1.0632,1.0633,17165.8,1785599699999,18251.67109,137,9925.3,10553.57149,0
1785599700000,1.0632,1.0635,1.0632,1.0634,142891.0,1785599759999,151941.84617,280,136712.3,145371.46689,0
1785599760000,1.0634,1.0635,1.0634,1.0635,18323.0,1785599819999,19485.34538,116,6671.8,7095.45930,0
1785599820000,1.0634,1.0635,1.0630,1.0630,147510.4,1785599879999,156843.69162,407,11864.2,12613.98282,0
1785599880000,1.0630,1.0631,1.0630,1.0630,55205.6,1785599939999,58683.69568,149,1428.8,1518.95728,0
1785599940000,1.0631,1.0631,1.0623,1.0624,363811.2,1785599999999,386592.03499,669,47936.1,50935.91100,0
1785600000000,1.0623,1.0624,1.0623,1.0623,200509.6,1785600059999,213014.90881,257,135607.3,144069.19552,0
1785600060000,1.0623,1.0624,1.0620,1.0622,421954.9,1785600119999,448174.78752,767,136312.3,144785.38484,0
1785600120000,1.0622,1.0626,1.0621,1.0626,117860.3,1785600179999,125199.65703,370,52185.2,55441.87449,0
1785600180000,1.0626,1.0632,1.0626,1.0632,222752.2,1785600239999,236760.63303,537,172911.4,183780.39513,0
1785600240000,1.0632,1.0634,1.0625,1.0627,239336.7,1785600299999,254405.54885,561,102667.4,109113.05158,0
1785600300000,1.0628,1.0630,1.0627,1.0629,162511.2,1785600359999,172727.02829,356,141466.9,150360.98866,0
1785600360000,1.0629,1.0630,1.0626,1.0626,116720.8,1785600419999,124040.75352,299,11331.5,12043.62928,0
1785600420000,1.0626,1.0627,1.0626,1.0626,111836.8,1785600479999,118845.33231,286,75486.3,80219.29101,0
1785600480000,1.0626,1.0627,1.0626,1.0626,28945.4,1785600539999,30758.70909,203,13270.5,14102.56035,0
1785600540000,1.0626,1.0627,1.0622,1.0622,139180.0,1785600599999,147864.96288,403,46313.4,49201.79171,0
1785600600000,1.0622,1.0625,1.0619,1.0625,414750.1,1785600659999,440486.83010,759,221489.4,235233.08829,0
1785600660000,1.0624,1.0625,1.0624,1.0624,31683.6,1785600719999,33661.18192,143,5252.8,5581.10000,0
1785600720000,1.0625,1.0626,1.0624,1.0625,113430.6,1785600779999,120517.57546,366,52978.3,56292.57125,0
1785600780000,1.0626,1.0627,1.0625,1.0627,64461.0,1785600839999,68497.86982,274,56199.3,59719.23817,0
1785600840000,1.0626,1.0627,1.0623,1.0624,59342.9,1785600899999,63056.10502,301,7157.9,7606.59986,0
1785600900000,1.0624,1.0628,1.0623,1.0627,114171.0,1785600959999,121303.75992,390,88421.8,93947.50360,0
1785600960000,1.0628,1.0629,1.0628,1.0629,16310.1,1785601019999,17334.73763,167,13391.8,14233.16839,0
1785601020000,1.0628,1.0629,1.0626,1.0627,205773.8,1785601079999,218677.37591,300,43747.4,46494.68830,0
1785601080000,1.0627,1.0627,1.0626,1.0627,5688.9,1785601139999,6045.41037,83,3852.3,4093.83921,0
1785601140000,1.0627,1.0627,1.0623,1.0624,53799.1,1785601199999,57162.80680,192,3583.1,3807.67640,0
1785601200000,1.0623,1.0624,1.0622,1.0624,168679.8,1785601259999,179188.75746,308,116242.1,123484.44771,0
1785601260000,1.0623,1.0629,1.0623,1.0628,148959.5,1785601319999,158298.11610,397,78186.5,83090.01563,0
1785601320000,1.0628,1.0628,1.0627,1.0628,24253.8,1785601379999,25776.83314,93,23198.8,24655.68464,0
1785601380000,1.0627,1.0629,1.0627,1.0628,58676.8,1785601439999,62360.86591,144,48197.8,51224.70981,0
1785601440000,1.0629,1.0630,1.0628,1.0630,49941.2,1785601499999,53080.88692,202,26945.6,28640.98645,0
1785601500000,1.0630,1.0632,1.0630,1.0631,24049.9,1785601559999,25568.09403,138,18862.7,20053.58171,0
1785601560000,1.0631,1.0633,1.0631,1.0633,62999.1,1785601619999,66984.13132,230,61322.5,65201.62931,0
1785601620000,1.0633,1.0633,1.0632,1.0633,25067.7,1785601679999,26652.98363,110,10049.9,10686.05867,0
1785601680000,1.0633,1.0633,1.0630,1.0630,126485.5,1785601739999,134477.67400,300,20569.2,21871.23036,0
1785601740000,1.0631,1.0631,1.0629,1.0630,61244.8,1785601799999,65101.72979,135,2038.0,2166.43227,0
1785601800000,1.0629,1.0631,1.0629,1.0630,57351.9,1785601859999,60966.03454,132,47999.5,51024.44065,0
1785601860000,1.0630,1.0633,1.0630,1.0632,84531.2,1785601919999,89866.72440,306,44653.3,47476.46625,0
1785601920000,1.0633,1.0633,1.0629,1.0631,84676.8,1785601979999,90021.12909,353,18058.7,19198.14856,0
1785601980000,1.0632,1.0635,1.0631,1.0635,43694.5,1785602039999,46459.45708,268,41883.5,44533.89842,0
1785602040000,1.0636,1.0639,1.0635,1.0639,39033.3,1785602099999,41522.43712,223,33697.5,35846.70392,0
1785602100000,1.0639,1.0639,1.0634,1.0634,135408.2,1785602159999,144030.83783,352,11871.1,12629.06370,0
1785602160000,1.0635,1.0638,1.0634,1.0638,205401.3,1785602219999,218471.91920,239,194604.3,206987.18075,0
1785602220000,1.0637,1.0640,1.0637,1.0637,153437.3,1785602279999,163238.74035,351,49213.9,52356.73310,0
1785602280000,1.0638,1.0640,1.0635,1.0635,139562.9,1785602339999,148458.97798,310,65336.9,69505.48702,0
1785602340000,1.0635,1.0635,1.0633,1.0634,43374.0,1785602399999,46123.05901,190,2597.7,2762.57298,0
1785602400000,1.0633,1.0634,1.0630,1.0630,35286.0,1785602459999,37516.99035,155,6509.5,6922.20230,0
1785602460000,1.0631,1.0631,1.0629,1.0629,24750.3,1785602519999,26309.63492,148,1743.4,1853.31739,0
1785602520000,1.0629,1.0629,1.0620,1.0621,98377.9,1785602579999,104500.28198,390,32707.5,34739.15334,0
1785602580000,1.0620,1.0621,1.0617,1.0618,95652.4,1785602639999,101575.24436,310,14028.8,14898.37770,0
1785602640000,1.0617,1.0618,1.0617,1.0618,28997.8,1785602699999,30787.42074,80,4564.8,4846.90464,0
1785602700000,1.0617,1.0618,1.0613,1.0614,188664.2,1785602759999,200259.07235,364,5278.5,5603.96868,0
1785602760000,1.0613,1.0614,1.0613,1.0613,85289.7,1785602819999,90520.82173,180,28631.2,30389.15568,0
1785602820000,1.0613,1.0614,1.0613,1.0614,103868.5,1785602879999,110243.20756,188,75685.1,80332.16514,0
1785602880000,1.0614,1.0614,1.0613,1.0613,40601.3,1785602939999,43092.66907,161,25093.8,26634.55932,0
1785602940000,1.0614,1.0614,1.0613,1.0614,488360.9,1785602999999,518332.06437,245,346412.0,367681.69680,0
1785603000000,1.0614,1.0614,1.0613,1.0614,64973.2,1785603059999,68958.93558,253,28784.2,30551.54988,0
1785603060000,1.0613,1.0614,1.0613,1.0614,47095.0,1785603119999,49985.18478,127,32612.8,34615.22592,0
1785603120000,1.0614,1.0614,1.0610,1.0610,232178.0,1785603179999,246379.49548,296,4617.7,4900.48425,0
1785603180000,1.0611,1.0611,1.0606,1.0606,142414.9,1785603239999,151083.43585,320,26946.8,28588.34409,0
1785603240000,1.0606,1.0609,1.0604,1.0608,795109.6,1785603299999,843265.07074,660,626590.3,664526.35024,0
1785603300000,1.0609,1.0609,1.0598,1.0601,719771.6,1785603359999,763170.74724,1025,256737.4,272184.19471,0
1785603360000,1.0601,1.0606,1.0592,1.0605,850019.4,1785603419999,900697.25528,1467,328594.2,348149.71472,0
1785603420000,1.0604,1.0604,1.0599,1.0600,144258.0,1785603479999,152916.60142,238,12512.5,13263.45533,0
1785603480000,1.0599,1.0602,1.0598,1.0600,370415.0,1785603539999,392619.47891,378,142792.9,151347.54593,0
1785603540000,1.0600,1.0606,1.0600,1.0606,306622.9,1785603599999,325145.48429,474,228467.7,242265.22733,0
1785603600000,1.0605,1.0606,1.0601,1.0601,133047.1,1785603659999,141077.69785,270,34237.8,36303.04911,0
1785603660000,1.0601,1.0602,1.0598,1.0600,236235.8,1785603719999,250402.97396,385,68605.3,72715.81314,0
1785603720000,1.0600,1.0603,1.0600,1.0603,94500.2,1785603779999,100179.97452,317,79251.5,84013.31594,0
1785603780000,1.0603,1.0610,1.0603,1.0608,207653.9,1785603839999,220255.87444,702,117779.9,124913.64800,0
1785603840000,1.0608,1.0612,1.0608,1.0610,155085.9,1785603899999,164557.39659,492,120869.7,128251.82647,0
1785603900000,1.0609,1.0613,1.0609,1.0612,113659.2,1785603959999,120608.22452,416,112192.1,119051.74718,0
1785603960000,1.0612,1.0613,1.0610,1.0613,205343.0,1785604019999,217894.49746,440,73543.0,78046.14101,0
1785604020000,1.0613,1.0614,1.0612,1.0613,47097.3,1785604079999,49983.40971,237,22239.1,23603.53483,0
1785604080000,1.0614,1.0614,1.0613,1.0613,18084.4,1785604139999,19193.72885,123,7551.3,8014.94982,0
1785604140000,1.0614,1.0614,1.0607,1.0608,99928.6,1785604199999,106045.44708,419,13074.1,13876.43943,0
1785604200000,1.0608,1.0608,1.0603,1.0604,111531.7,1785604259999,118282.08818,386,34444.2,36529.58876,0
1785604260000,1.0605,1.0605,1.0599,1.0603,125997.4,1785604319999,133580.27004,503,64582.7,68465.94531,0
1785604320000,1.0602,1.0603,1.0599,1.0599,62736.0,1785604379999,66503.29766,717,8722.0,9245.43737,0
1785604380000,1.0600,1.0600,1.0597,1.0597,60196.6,1785604439999,63803.18642,254,12384.8,13127.86990,0
1785604440000,1.0598,1.0598,1.0582,1.0590,871344.8,1785604499999,922614.21468,2855,135601.8,143563.84953,0
1785604500000,1.0589,1.0590,1.0576,1.0583,912296.4,1785604559999,965256.80389,2269,247711.0,262072.84212,0
1785604560000,1.0584,1.0586,1.0581,1.0583,253279.4,1785604619999,268051.62273,548,109927.9,116337.25796,0
1785604620000,1.0583,1.0586,1.0579,1.0584,120083.9,1785604679999,127081.95580,440,65274.4,69081.02056,0
1785604680000,1.0583,1.0589,1.0583,1.0587,209406.0,1785604739999,221694.96930,456,84708.7,89672.89132,0
1785604740000,1.0586,1.0593,1.0586,1.0591,259052.1,1785604799999,274347.93997,515,166556.2,176388.85777,0
1785604800000,1.0590,1.0597,1.0590,1.0595,152404.8,1785604859999,161458.12483,419,123878.4,131237.62830,0
1785604860000,1.0595,1.0598,1.0592,1.0595,249341.2,1785604919999,264155.37825,579,104873.0,111099.94347,0
1785604920000,1.0595,1.0599,1.0595,1.0596,172760.1,1785604979999,183075.79275,429,43765.1,46376.83126,0
1785604980000,1.0595,1.0598,1.0594,1.0598,72628.6,1785605039999,76955.07178,233,47995.5,50855.64741,0
1785605040000,1.0598,1.0599,1.0596,1.0599,71015.1,1785605099999,75260.62186,237,34950.0,37039.93689,0
1785605100000,1.0598,1.0599,1.0576,1.0579,384599.2,1785605159999,407014.36419,1076,98637.0,104366.96623,0
1785605160000,1.0579,1.0581,1.0566,1.0578,1413557.9,1785605219999,1494400.14121,2942,219224.0,231806.45252,0
1785605220000,1.0578,1.0579,1.0576,1.0576,111851.5,1785605279999,118309.21634,347,20947.8,22159.31231,0
1785605280000,1.0576,1.0582,1.0576,1.0582,108200.6,1785605339999,114467.10129,374,79879.3,84503.36953,0
1785605340000,1.0581,1.0586,1.0581,1.0585,196225.1,1785605399999,207687.97063,301,103009.9,109021.06157,0
1785605400000,1.0585,1.0586,1.0576,1.0576,403965.7,1785605459999,427449.32052,807,59594.8,63062.42430,0
1785605460000,1.0576,1.0582,1.0571,1.0582,419481.6,1785605519999,443600.00117,879,136222.9,144050.02768,0
1785605520000,1.0582,1.0586,1.0577,1.0578,282984.2,1785605579999,299496.48175,691,143085.7,151442.74901,0
1785605580000,1.0577,1.0581,1.0577,1.0579,103163.9,1785605639999,109148.11092,264,62144.9,65750.74072,0
1785605640000,1.0580,1.0580,1.0569,1.0570,482513.1,1785605699999,510300.65952,652,129169.2,136619.17224,0
1785605700000,1.0570,1.0583,1.0570,1.0583,215806.5,1785605759999,228220.59347,709,108876.4,115157.07991,0
1785605760000,1.0582,1.0583,1.0566,1.0571,300575.1,1785605819999,317787.28239,872,64076.7,67731.97904,0
1785605820000,1.0571,1.0577,1.0566,1.0577,274550.1,1785605879999,290234.84084,723,187303.6,198009.84330,0
1785605880000,1.0576,1.0582,1.0576,1.0582,74664.0,1785605939999,78978.65136,330,29264.7,30957.11482,0
1785605940000,1.0581,1.0584,1.0580,1.0583,304524.5,1785605999999,322256.18153,689,226342.9,239527.24374,0
1785606000000,1.0583,1.0588,1.0583,1.0587,141041.6,1785606059999,149313.08669,374,105757.6,111960.12570,0
1785606060000,1.0587,1.0591,1.0587,1.0591,183710.9,1785606119999,194531.30664,376,158529.1,167866.71812,0
1785606120000,1.0591,1.0594,1.0590,1.0594,62823.0,1785606179999,66536.94048,296,45946.9,48664.13520,0
1785606180000,1.0594,1.0594,1.0591,1.0592,189071.6,1785606239999,200277.64806,348,37977.1,40231.02346,0
1785606240000,1.0591,1.0595,1.0591,1.0594,206963.5,1785606299999,219243.94739,404,162012.7,171629.25929,0
1785606300000,1.0595,1.0595,1.0593,1.0594,56562.2,1785606359999,59920.11661,191,23485.4,24880.43502,0
1785606360000,1.0594,1.0594,1.0585,1.0586,254186.0,1785606419999,269141.86035,624,23504.3,24893.67802,0
1785606420000,1.0585,1.0586,1.0584,1.0585,151128.5,1785606479999,159963.99521,277,6815.3,7214.31330,0
1785606480000,1.0585,1.0585,1.0580,1.0580,110716.4,1785606539999,117178.74373,336,2500.4,2646.09164,0
1785606540000,1.0581,1.0583,1.0580,1.0582,188562.7,1785606599999,199527.56293,425,147207.0,155766.58386,0
1785606600000,1.0583,1.0583,1.0565,1.0569,1029574.5,1785606659999,1088421.59198,1843,565620.1,597919.45828,0
1785606660000,1.0568,1.0573,1.0567,1.0573,179521.6,1785606719999,189749.17455,585,78377.3,82843.09234,0
1785606720000,1.0572,1.0577,1.0569,1.0577,301864.1,1785606779999,319118.81215,512,105420.1,111458.70350,0
1785606780000,1.0576,1.0583,1.0576,1.0583,157540.6,1785606839999,166697.98182,376,136670.9,144616.42094,0
1785606840000,1.0582,1.0585,1.0582,1.0585,63197.2,1785606899999,66879.84426,189,39870.4,42194.98914,0
1785606900000,1.0585,1.0585,1.0583,1.0584,48998.5,1785606959999,51858.82529,138,13334.0,14112.74958,0
1785606960000,1.0583,1.0585,1.0582,1.0585,66823.0,1785607019999,70722.32502,2791,38215.8,40446.88080,0
1785607020000,1.0584,1.0587,1.0584,1.0587,104301.3,1785607079999,110416.05663,240,98268.5,104029.99923,0
1785607080000,1.0587,1.0587,1.0586,1.0587,11422.5,1785607139999,12092.40202,62,5435.2,5754.24624,0
1785607140000,1.0587,1.0587,1.0585,1.0585,66313.5,1785607199999,70199.40287,145,19012.0,20127.22090,0
1785607200000,1.0585,1.0585,1.0575,1.0577,345505.1,1785607259999,365486.47200,1787,111323.4,117747.71380,0
1785607260000,1.0577,1.0578,1.0571,1.0574,308643.0,1785607319999,326424.36739,1233,195211.1,206470.47598,0
1785607320000,1.0573,1.0581,1.0573,1.0581,174155.1,1785607379999,184216.37621,485,122856.3,129948.04692,0
1785607380000,1.0580,1.0585,1.0579,1.0583,377991.8,1785607439999,400019.59511,800,273636.4,289584.87844,0
1785607440000,1.0583,1.0587,1.0583,1.0587,46682.9,1785607499999,49412.45272,268,38087.5,40314.63453,0
1785607500000,1.0586,1.0589,1.0584,1.0586,149775.0,1785607559999,158567.12670,458,107808.5,114138.68278,0
1785607560000,1.0586,1.0591,1.0586,1.0589,328328.8,1785607619999,347694.65833,515,285883.2,302745.49851,0
1785607620000,1.0590,1.0592,1.0589,1.0592,182793.0,1785607679999,193601.77479,454,117579.6,124534.27177,0
1785607680000,1.0592,1.0594,1.0588,1.0588,211085.4,1785607739999,223585.46424,491,104364.5,110551.35002,0
1785607740000,1.0588,1.0589,1.0587,1.0587,85204.4,1785607799999,90218.41357,209,42869.9,45394.73360,0
1785607800000,1.0587,1.0588,1.0587,1.0587,83184.2,1785607859999,88073.86564,180,67531.0,71501.82280,0
1785607860000,1.0587,1.0589,1.0587,1.0588,83573.6,1785607919999,88489.41846,271,82307.8,87149.19044,0
1785607920000,1.0588,1.0591,1.0588,1.0590,72804.7,1785607979999,77096.81197,278,48086.7,50920.61426,0
1785607980000,1.0589,1.0590,1.0589,1.0590,27835.2,1785608039999,29475.09785,133,4045.7,4284.39630,0
1785608040000,1.0590,1.0590,1.0582,1.0584,162247.6,1785608099999,171752.49476,488,55269.7,58509.87585,0
1785608100000,1.0583,1.0584,1.0574,1.0574,238043.9,1785608159999,251806.26765,772,59972.0,63451.51091,0
1785608160000,1.0575,1.0581,1.0572,1.0572,772046.0,1785608219999,816459.50662,684,633452.1,669866.15761,0
1785608220000,1.0572,1.0573,1.0566,1.0570,480738.6,1785608279999,508109.42900,1563,241437.1,255174.93581,0
1785608280000,1.0569,1.0570,1.0567,1.0570,259702.9,1785608339999,274459.12084,407,204975.4,216620.28074,0
1785608340000,1.0570,1.0576,1.0570,1.0576,87907.9,1785608399999,92946.13753,307,73735.0,77961.20636,0
1785608400000,1.0576,1.0577,1.0566,1.0567,251371.7,1785608459999,265733.68132,921,76569.4,80952.24348,0
1785608460000,1.0566,1.0575,1.0566,1.0575,255940.7,1785608519999,270495.33605,708,143727.9,151907.28005,0
1785608520000,1.0574,1.0581,1.0573,1.0581,174117.7,1785608579999,184183.76541,420,118593.5,125449.46205,0
1785608580000,1.0580,1.0580,1.0571,1.0573,190721.3,1785608639999,201725.40833,380,21861.3,23118.01963,0
1785608640000,1.0572,1.0576,1.0563,1.0569,595313.7,1785608699999,629107.84122,1581,171198.8,180919.61981,0
1785608700000,1.0568,1.0573,1.0568,1.0573,277567.2,1785608759999,293381.65360,524,94051.4,99415.76069,0
1785608760000,1.0572,1.0578,1.0572,1.0576,144591.2,1785608819999,152916.98058,495,98319.0,103979.90239,0
1785608820000,1.0575,1.0580,1.0574,1.0575,229973.2,1785608879999,243255.93014,633,107322.9,113517.57656,0
1785608880000,1.0575,1.0576,1.0568,1.0574,88721.0,1785608939999,93802.61598,427,29394.6,31073.77651,0
1785608940000,1.0574,1.0575,1.0572,1.0575,109891.9,1785608999999,116196.32510,164,34099.8,36054.92328,0
1785609000000,1.0574,1.0575,1.0540,1.0555,4863643.1,1785609059999,5130976.50104,8532,892229.8,941314.88641,0
1785609060000,1.0554,1.0555,1.0532,1.0543,3896332.2,1785609119999,4106876.64204,6228,1700264.3,1792331.62733,0
1785609120000,1.0543,1.0548,1.0522,1.0547,1467054.0,1785609179999,1545523.62659,4535,664734.5,700446.16354,0
1785609180000,1.0547,1.0547,1.0533,1.0545,768204.9,1785609239999,809776.44574,1432,351549.9,370568.36612,0
1785609240000,1.0545,1.0554,1.0543,1.0552,854767.1,1785609299999,901671.93721,1418,577953.5,609631.81635,0
1785609300000,1.0551,1.0562,1.0551,1.0561,475222.3,1785609359999,501721.14804,1159,340781.8,359774.32400,0
1785609360000,1.0560,1.0572,1.0557,1.0571,758515.0,1785609419999,801462.66297,5261,508278.9,537087.33376,0
1785609420000,1.0571,1.0577,1.0560,1.0563,472041.5,1785609479999,498810.85671,2714,203634.2,215160.94321,0
1785609480000,1.0563,1.0569,1.0560,1.0566,193655.7,1785609539999,204579.49649,689,65280.0,68960.89465,0
1785609540000,1.0565,1.0569,1.0559,1.0562,211806.0,1785609599999,223766.54531,724,117069.4,123674.10582,0
1785609600000,1.0563,1.0564,1.0560,1.0560,340420.7,1785609659999,359554.47606,502,111606.7,117887.50682,0
1785609660000,1.0560,1.0561,1.0559,1.0560,182277.0,1785609719999,192485.84824,974,82434.1,87052.76447,0
1785609720000,1.0560,1.0563,1.0542,1.0542,300987.1,1785609779999,317637.38111,2867,78927.0,83295.51927,0
1785609780000,1.0542,1.0546,1.0541,1.0541,404290.7,1785609839999,426270.86256,889,210369.1,221818.61264,0
1785609840000,1.0541,1.0546,1.0536,1.0541,2325364.3,1785609899999,2451179.13348,1509,195351.2,205908.48914,0
1785609900000,1.0541,1.0543,1.0522,1.0532,2147444.7,1785609959999,2260843.21879,5078,962251.1,1013135.94872,0
1785609960000,1.0533,1.0535,1.0519,1.0530,828396.9,1785610019999,872060.25742,1982,359321.1,378262.38353,0
1785610020000,1.0530,1.0534,1.0513,1.0520,1190590.9,1785610079999,1252583.51754,3146,326848.0,343930.44409,0
1785610080000,1.0520,1.0529,1.0518,1.0524,539151.7,1785610139999,567315.47838,1154,380844.6,400720.97901,0
1785610140000,1.0524,1.0524,1.0482,1.0492,5515589.4,1785610199999,5790134.28526,9012,1518563.7,1594613.12170,0
1785610200000,1.0493,1.0493,1.0464,1.0485,6521100.5,1785610259999,6832643.24407,10519,1944567.2,2037473.37078,0
1785610260000,1.0486,1.0498,1.0481,1.0498,1115107.9,1785610319999,1169675.81943,1797,675515.6,708561.35459,0
1785610320000,1.0497,1.0501,1.0495,1.0501,484620.2,1785610379999,508725.78480,764,249412.9,261832.60438,0
1785610380000,1.0500,1.0512,1.0500,1.0512,458432.9,1785610439999,481695.10258,995,356858.6,374954.83388,0
1785610440000,1.0512,1.0517,1.0506,1.0506,730671.6,1785610499999,768115.08665,10324,494194.8,519540.73156,0
1785610500000,1.0506,1.0523,1.0506,1.0523,718635.7,1785610559999,755488.73207,2055,555319.5,583768.19600,0
1785610560000,1.0523,1.0526,1.0520,1.0522,400773.0,1785610619999,421713.13084,811,228624.9,240570.57283,0
1785610620000,1.0522,1.0530,1.0522,1.0530,412448.6,1785610679999,434186.71491,749,323206.0,340243.49253,0
1785610680000,1.0529,1.0529,1.0527,1.0528,185061.1,1785610739999,194827.97731,389,98802.2,104021.03479,0
1785610740000,1.0528,1.0528,1.0524,1.0528,243233.5,1785610799999,256007.93320,575,125534.3,132128.12583,0
1785610800000,1.0527,1.0537,1.0522,1.0527,869083.9,1785610859999,915137.92671,1495,469936.9,494860.97832,0
1785610860000,1.0528,1.0529,1.0515,1.0522,525158.6,1785610919999,552534.93493,1134,165841.5,174461.92766,0
1785610920000,1.0522,1.0532,1.0518,1.0530,826914.2,1785610979999,870156.34840,1536,207576.2,218493.98192,0
1785610980000,1.0530,1.0536,1.0527,1.0527,348507.4,1785611039999,367078.75261,7816,150337.3,158356.50370,0
1785611040000,1.0528,1.0535,1.0527,1.0533,217087.3,1785611099999,228634.43473,596,134083.0,141211.34817,0
1785611100000,1.0533,1.0535,1.0529,1.0535,200888.6,1785611159999,211574.73133,548,83388.2,87833.34725,0
1785611160000,1.0535,1.0536,1.0530,1.0530,266286.0,1785611219999,280456.87152,442,211415.6,222666.75016,0
1785611220000,1.0531,1.0533,1.0530,1.0532,81731.6,1785611279999,86078.19830,274,39399.4,41495.05846,0
1785611280000,1.0532,1.0533,1.0531,1.0532,88016.0,1785611339999,92697.44536,247,71802.3,75622.79233,0
1785611340000,1.0533,1.0539,1.0533,1.0535,395816.8,1785611399999,416997.46834,652,235036.0,247614.40720,0
1785611400000,1.0534,1.0539,1.0534,1.0537,422978.5,1785611459999,445686.53420,551,350039.8,368833.94162,0
1785611460000,1.0537,1.0538,1.0535,1.0535,176820.3,1785611519999,186307.35524,363,92598.9,97571.54361,0
1785611520000,1.0536,1.0536,1.0533,1.0535,93467.5,1785611579999,98467.14662,334,57594.7,60675.84383,0
1785611580000,1.0535,1.0537,1.0533,1.0533,120607.4,1785611639999,127067.52859,259,21151.1,22285.72404,0
1785611640000,1.0533,1.0534,1.0527,1.0527,176279.4,1785611699999,185645.76835,455,16653.8,17542.81747,0
1785611700000,1.0527,1.0528,1.0521,1.0522,279385.5,1785611759999,294030.73910,1242,97975.2,103103.50022,0
1785611760000,1.0522,1.0527,1.0522,1.0523,156609.1,1785611819999,164824.30978,552,57245.9,60245.82673,0
1785611820000,1.0524,1.0530,1.0523,1.0529,176879.8,1785611879999,186219.60546,421,109457.4,115232.74753,0
1785611880000,1.0529,1.0535,1.0529,1.0535,81036.8,1785611939999,85354.32724,334,63557.6,66944.58457,0
1785611940000,1.0535,1.0535,1.0527,1.0528,130605.3,1785611999999,137553.19036,462,39301.5,41395.93322,0
1785612000000,1.0527,1.0528,1.0520,1.0520,148444.6,1785612059999,156220.31675,463,7348.6,7732.73106,0
1785612060000,1.0520,1.0524,1.0516,1.0516,274323.3,1785612119999,288623.14749,1030,150367.6,158207.93189,0
1785612120000,1.0516,1.0517,1.0509,1.0511,360760.5,1785612179999,379259.78523,1183,139209.4,146349.53723,0
1785612180000,1.0512,1.0512,1.0508,1.0510,140802.6,1785612239999,147979.95206,439,42762.6,44941.34648,0
1785612240000,1.0510,1.0514,1.0510,1.0513,117378.4,1785612299999,123390.54956,419,87991.9,92497.69494,0
1785612300000,1.0513,1.0515,1.0510,1.0511,150989.6,1785612359999,158727.95401,567,62561.4,65768.68947,0
1785612360000,1.0511,1.0516,1.0511,1.0515,96436.8,1785612419999,101394.40522,269,60163.5,63255.04385,0
1785612420000,1.0516,1.0518,1.0515,1.0517,64350.3,1785612479999,67668.78110,277,36403.1,38282.29352,0
1785612480000,1.0517,1.0520,1.0517,1.0520,134991.4,1785612539999,141989.41015,324,92083.6,96859.00023,0
1785612540000,1.0520,1.0522,1.0519,1.0522,52855.9,1785612599999,55607.51347,237,46018.1,48413.90885,0
1785612600000,1.0521,1.0534,1.0521,1.0534,540293.3,1785612659999,568793.90607,914,440458.9,463696.25273,0
1785612660000,1.0534,1.0534,1.0525,1.0525,119261.3,1785612719999,125581.15420,441,20807.8,21908.76307,0
1785612720000,1.0526,1.0526,1.0523,1.0525,57123.0,1785612779999,60120.84588,266,39319.6,41383.12740,0
1785612780000,1.0525,1.0525,1.0517,1.0518,124421.0,1785612839999,130906.07782,424,64180.9,67519.14451,0
1785612840000,1.0518,1.0529,1.0518,1.0523,184436.4,1785612899999,194101.93071,611,134270.9,141296.98741,0
1785612900000,1.0522,1.0526,1.0522,1.0524,124167.5,1785612959999,130680.07703,3550,47948.9,50463.77058,0
1785612960000,1.0524,1.0526,1.0521,1.0521,46207.8,1785613019999,48628.27193,310,24337.4,25612.49468,0
1785613020000,1.0521,1.0521,1.0511,1.0512,53851.9,1785613079999,56635.71809,1756,9974.0,10488.59472,0
1785613080000,1.0512,1.0515,1.0511,1.0511,165463.2,1785613139999,173942.90426,570,76352.1,80271.14223,0
1785613140000,1.0512,1.0514,1.0512,1.0513,141977.6,1785613199999,149251.85466,312,91804.9,96508.65987,0
1785613200000,1.0514,1.0516,1.0512,1.0514,100959.3,1785613259999,106148.38497,397,56162.3,59046.58001,0
1785613260000,1.0513,1.0514,1.0513,1.0513,54658.3,1785613319999,57467.38867,191,51178.8,53809.39032,0
1785613320000,1.0514,1.0516,1.0512,1.0512,142278.0,1785613379999,149589.46366,479,43651.7,45898.04450,0
1785613380000,1.0513,1.0513,1.0509,1.0509,134629.1,1785613439999,141499.01950,788,42436.7,44603.81828,0
1785613440000,1.0509,1.0511,1.0509,1.0510,150221.9,1785613499999,157886.41875,386,71756.7,75419.73132,0
1785613500000,1.0511,1.0515,1.0509,1.0515,97231.5,1785613559999,102202.88668,511,64424.3,67720.21646,0
1785613560000,1.0515,1.0520,1.0514,1.0520,91008.9,1785613619999,95710.95303,439,88090.3,92641.29080,0
1785613620000,1.0520,1.0520,1.0515,1.0517,131567.3,1785613679999,138378.64158,353,73068.5,76852.68792,0
1785613680000,1.0518,1.0521,1.0517,1.0521,89164.7,1785613739999,93797.22134,331,85507.3,89950.20458,0
1785613740000,1.0520,1.0524,1.0520,1.0524,125487.4,1785613799999,132046.26799,315,117193.3,123319.94483,0
1785613800000,1.0524,1.0529,1.0524,1.0528,101149.0,1785613859999,106471.38267,368,96505.2,101582.72841,0
1785613860000,1.0528,1.0529,1.0523,1.0523,138747.7,1785613919999,146051.01043,320,14705.5,15480.86356,0
1785613920000,1.0523,1.0524,1.0518,1.0518,75360.4,1785613979999,79290.67662,254,2959.5,3113.32096,0
1785613980000,1.0518,1.0522,1.0518,1.0520,92130.0,1785614039999,96922.94940,360,72882.3,76673.39282,0
1785614040000,1.0521,1.0522,1.0520,1.0521,25084.0,1785614099999,26391.97389,138,23834.1,25076.97333,0
1785614100000,1.0521,1.0523,1.0517,1.0522,211948.6,1785614159999,222975.07701,498,137138.1,144278.88613,0
1785614160000,1.0523,1.0524,1.0522,1.0523,133191.3,1785614219999,140154.66104,247,18051.7,18996.02679,0
1785614220000,1.0523,1.0524,1.0522,1.0524,76278.6,1785614279999,80268.59403,196,55589.4,58498.12879,0
1785614280000,1.0523,1.0524,1.0519,1.0519,70097.4,1785614339999,73756.83275,272,4710.3,4956.43321,0
1785614340000,1.0519,1.0519,1.0517,1.0517,39795.2,1785614399999,41856.11167,114,17085.6,17970.72935,0
1785614400000,1.0517,1.0517,1.0511,1.0511,530027.1,1785614459999,557248.59426,1048,163866.6,172273.31783,0
1785614460000,1.0511,1.0513,1.0510,1.0511,140066.6,1785614519999,147233.39108,514,56844.8,59752.96281,0
1785614520000,1.0512,1.0518,1.0512,1.0518,93502.6,1785614579999,98311.74002,420,83699.5,88005.73066,0
1785614580000,1.0518,1.0524,1.0518,1.0524,180817.3,1785614639999,190253.94908,478,155741.1,163867.74403,0
1785614640000,1.0523,1.0525,1.0522,1.0523,252778.1,1785614699999,266016.30317,372,194118.5,204287.16301,0
1785614700000,1.0522,1.0527,1.0522,1.0526,119592.8,1785614759999,125878.03406,378,88952.7,93626.63943,0
1785614760000,1.0527,1.0534,1.0526,1.0530,306141.7,1785614819999,322378.24406,694,233566.7,245946.17514,0
1785614820000,1.0530,1.0530,1.0529,1.0530,55214.5,1785614879999,58139.17499,256,38279.4,40308.20820,0
1785614880000,1.0530,1.0530,1.0523,1.0526,148502.8,1785614939999,156307.93647,468,61513.4,64741.35939,0
1785614940000,1.0526,1.0526,1.0523,1.0523,57296.2,1785614999999,60303.03358,244,12144.9,12783.13142,0
1785615000000,1.0524,1.0527,1.0524,1.0527,61815.9,1785615059999,65062.56472,292,56621.0,59595.31860,0
1785615060000,1.0526,1.0527,1.0523,1.0526,152872.6,1785615119999,160901.53163,435,98400.5,103565.89372,0
1785615120000,1.0527,1.0528,1.0524,1.0528,62015.2,1785615179999,65277.08644,372,40743.7,42886.94765,0
1785615180000,1.0527,1.0536,1.0527,1.0536,102434.1,1785615239999,107886.50948,454,96877.0,102034.11845,0
1785615240000,1.0536,1.0536,1.0533,1.0533,92755.0,1785615299999,97708.54670,291,26437.3,27849.72118,0
1785615300000,1.0533,1.0536,1.0533,1.0536,33174.2,1785615359999,34947.52473,287,28152.6,29657.93489,0
1785615360000,1.0535,1.0539,1.0535,1.0537,99213.4,1785615419999,104544.81607,381,51670.8,54445.65399,0
1785615420000,1.0536,1.0540,1.0536,1.0539,109836.2,1785615479999,115749.38978,396,106036.9,111746.05174,0
1785615480000,1.0539,1.0541,1.0539,1.0541,52828.9,1785615539999,55682.76504,183,50735.2,53476.19220,0
1785615540000,1.0541,1.0542,1.0540,1.0542,57582.2,1785615599999,60698.76522,201,56151.1,59190.37029,0
1785615600000,1.0541,1.0546,1.0541,1.0545,126034.5,1785615659999,132901.27040,353,114921.5,121183.72571,0
1785615660000,1.0545,1.0558,1.0545,1.0552,1303610.2,1785615719999,1375525.64515,1377,1061147.7,1119711.03775,0
1785615720000,1.0552,1.0553,1.0545,1.0547,166287.2,1785615779999,175414.34231,447,43582.8,45974.36559,0
1785615780000,1.0547,1.0547,1.0543,1.0543,84041.6,1785615839999,88619.87590,240,7306.9,7704.79874,0
1785615840000,1.0543,1.0548,1.0543,1.0544,149845.1,1785615899999,158031.32169,318,60800.4,64120.39373,0
1785615900000,1.0544,1.0544,1.0540,1.0542,153407.6,1785615959999,161720.91606,327,112833.4,118946.53452,0
1785615960000,1.0542,1.0542,1.0538,1.0538,55236.5,1785616019999,58223.93765,221,2087.6,2200.30924,0
1785616020000,1.0538,1.0545,1.0536,1.0545,137336.4,1785616079999,144750.52098,431,124677.7,131410.62730,0
1785616080000,1.0544,1.0544,1.0539,1.0540,123894.7,1785616139999,130606.97575,256,68325.0,72020.89455,0
1785616140000,1.0540,1.0540,1.0537,1.0539,144116.2,1785616199999,151877.97985,315,66500.1,70080.39868,0
1785616200000,1.0540,1.0540,1.0532,1.0537,230725.9,1785616259999,243083.82926,533,29499.6,31077.62741,0
1785616260000,1.0536,1.0537,1.0532,1.0532,178691.4,1785616319999,188231.85553,454,103905.6,109447.70775,0
1785616320000,1.0532,1.0535,1.0529,1.0534,81099.9,1785616379999,85417.08126,397,39717.0,41831.72820,0
1785616380000,1.0535,1.0541,1.0535,1.0538,68588.6,1785616439999,72283.98768,409,42700.4,45000.61982,0
1785616440000,1.0537,1.0541,1.0537,1.0540,41907.8,1785616499999,44169.39280,182,30927.4,32596.40032,0
1785616500000,1.0539,1.0543,1.0539,1.0541,104099.4,1785616559999,109732.56088,320,63370.8,66797.63375,0
1785616560000,1.0542,1.0543,1.0541,1.0542,58489.3,1785616619999,61661.07963,186,50039.8,52753.61843,0
1785616620000,1.0542,1.0543,1.0541,1.0541,31201.3,1785616679999,32892.93427,195,7108.0,7493.93462,0
1785616680000,1.0541,1.0541,1.0529,1.0530,301293.2,1785616739999,317409.68306,801,47642.7,50179.22284,0
1785616740000,1.0531,1.0531,1.0528,1.0528,47561.9,1785616799999,50084.74441,183,10017.6,10549.33092,0
1785616800000,1.0529,1.0537,1.0528,1.0536,96157.9,1785616859999,101286.53202,450,64474.2,67905.47064,0
1785616860000,1.0535,1.0536,1.0534,1.0534,38408.2,1785616919999,40463.27971,155,9961.6,10495.30729,0
1785616920000,1.0534,1.0542,1.0533,1.0539,507590.4,1785616979999,534901.85823,892,404713.3,426491.33268,0
1785616980000,1.0539,1.0542,1.0539,1.0540,226154.6,1785617039999,238389.41709,264,191961.6,202349.30713,0
1785617040000,1.0540,1.0543,1.0540,1.0542,62384.9,1785617099999,65763.95494,175,60842.2,64137.80248,0
1785617100000,1.0542,1.0543,1.0542,1.0542,17048.3,1785617159999,17972.71331,72,3954.5,4169.22935,0
1785617160000,1.0542,1.0543,1.0541,1.0542,72629.5,1785617219999,76566.25291,267,9789.9,10321.24912,0
1785617220000,1.0541,1.0544,1.0541,1.0544,77087.3,1785617279999,81267.82492,292,71705.2,75593.89199,0
1785617280000,1.0543,1.0549,1.0543,1.0548,164354.4,1785617339999,173333.60328,357,161728.2,170564.22814,0
1785617340000,1.0548,1.0550,1.0548,1.0550,87923.3,1785617399999,92749.51729,211,43008.2,45368.62349,0
1785617400000,1.0549,1.0551,1.0549,1.0550,38347.6,1785617459999,40456.86632,146,35117.0,37048.58579,0
1785617460000,1.0551,1.0558,1.0549,1.0549,413953.9,1785617519999,436928.42778,809,141534.8,149376.81867,0
1785617520000,1.0549,1.0551,1.0547,1.0547,277160.0,1785617579999,292385.56170,517,115593.4,121942.22159,0
1785617580000,1.0548,1.0548,1.0544,1.0546,104328.6,1785617639999,110020.51144,320,59191.7,62419.19258,0
1785617640000,1.0546,1.0548,1.0545,1.0546,172891.7,1785617699999,182346.14417,207,23665.0,24959.38102,0
1785617700000,1.0545,1.0546,1.0545,1.0545,11221.2,1785617759999,11833.12995,83,3745.5,3950.00430,0
1785617760000,1.0546,1.0549,1.0546,1.0547,31495.3,1785617819999,33218.68090,215,19614.0,20686.45322,0
1785617820000,1.0547,1.0549,1.0547,1.0549,12278.7,1785617879999,12951.70525,96,10092.7,10645.93332,0
1785617880000,1.0548,1.0550,1.0548,1.0550,17252.2,1785617939999,18199.18394,93,15473.2,16322.69474,0
1785617940000,1.0549,1.0550,1.0549,1.0549,3971.2,1785617999999,4189.47286,65,2539.8,2679.48900,0
1785618000000,1.0549,1.0556,1.0548,1.0556,166247.0,1785618059999,175392.46812,481,124120.7,130952.84350,0
1785618060000,1.0555,1.0585,1.0551,1.0583,2517778.0,1785618119999,2659177.28956,3485,1205799.8,1273885.79812,0
1785618120000,1.0582,1.0582,1.0575,1.0575,288285.1,1785618179999,304963.78937,743,167687.4,177390.16059,0
1785618180000,1.0575,1.0576,1.0572,1.0573,306629.5,1785618239999,324238.20702,572,59042.7,62432.47996,0
1785618240000,1.0573,1.0576,1.0572,1.0574,247065.4,1785618299999,261250.76943,437,206394.6,218246.69759,0
1785618300000,1.0573,1.0574,1.0573,1.0573,33234.4,1785618359999,35139.98026,153,12491.4,13208.40636,0
1785618360000,1.0573,1.0576,1.0573,1.0573,168890.0,1785618419999,178592.86214,345,58368.7,61719.71527,0
1785618420000,1.0573,1.0574,1.0573,1.0573,65974.2,1785618479999,69756.80710,122,22854.4,24166.24256,0
1785618480000,1.0573,1.0574,1.0567,1.0567,185604.4,1785618539999,196206.89160,449,4770.9,5042.91622,0
1785618540000,1.0567,1.0569,1.0567,1.0568,47058.1,1785618599999,49730.95793,123,44010.1,46510.13292,0
1785618600000,1.0568,1.0569,1.0568,1.0568,64336.2,1785618659999,67992.25545,112,17592.9,18593.93601,0
1785618660000,1.0569,1.0571,1.0568,1.0569,153584.4,1785618719999,162330.57336,370,28431.3,30050.38123,0
1785618720000,1.0568,1.0571,1.0568,1.0571,71593.9,1785618779999,75670.75288,197,53608.0,56661.84926,0
1785618780000,1.0571,1.0571,1.0558,1.0565,897412.7,1785618839999,947959.15678,1246,618526.9,653364.32850,0
1785618840000,1.0565,1.0573,1.0565,1.0573,64068.6,1785618899999,67714.68046,272,56183.2,59379.35904,0
1785618900000,1.0572,1.0575,1.0572,1.0574,237717.4,1785618959999,251361.41801,296,82064.3,86774.14633,0
1785618960000,1.0573,1.0577,1.0573,1.0576,180668.4,1785619019999,191068.08066,299,146111.1,154521.39843,0
1785619020000,1.0576,1.0581,1.0575,1.0580,423009.0,1785619079999,447434.27668,691,259534.5,274514.03072,0
1785619080000,1.0580,1.0582,1.0579,1.0582,204681.2,1785619139999,216566.14614,456,131392.9,139021.96382,0
1785619140000,1.0582,1.0587,1.0580,1.0584,291546.5,1785619199999,308569.10932,756,140394.6,148587.58136,0
1785619200000,1.0584,1.0587,1.0582,1.0583,81110.6,1785619259999,85851.06615,433,13920.8,14734.62818,0
1785619260000,1.0583,1.0586,1.0580,1.0586,327966.3,1785619319999,347115.58881,621,224269.7,237377.47365,0
1785619320000,1.0585,1.0588,1.0583,1.0583,211933.5,1785619379999,224353.66814,562,71140.1,75316.37631,0
1785619380000,1.0583,1.0583,1.0579,1.0581,190649.5,1785619439999,201718.54594,416,84707.0,89622.56354,0
1785619440000,1.0581,1.0582,1.0577,1.0577,146784.3,1785619499999,155299.51649,348,8993.1,9514.89408,0
1785619500000,1.0577,1.0578,1.0572,1.0572,68877.2,1785619559999,72836.60616,375,7075.7,7483.56670,0
1785619560000,1.0572,1.0573,1.0571,1.0571,48183.2,1785619619999,50938.25548,221,10541.4,11144.37005,0
1785619620000,1.0571,1.0574,1.0571,1.0574,33190.1,1785619679999,35091.40123,256,20718.6,21905.46937,0
1785619680000,1.0574,1.0578,1.0574,1.0578,42227.5,1785619739999,44661.90657,182,34743.7,36746.85562,0
1785619740000,1.0577,1.0578,1.0574,1.0577,127463.8,1785619799999,134805.55872,341,64741.5,68470.39365,0
1785619800000,1.0577,1.0581,1.0575,1.0576,260605.2,1785619859999,275703.91755,490,155089.8,164087.03757,0
1785619860000,1.0576,1.0581,1.0576,1.0581,88639.1,1785619919999,93777.03584,210,55869.8,59111.74786,0
1785619920000,1.0581,1.0582,1.0580,1.0581,48768.6,1785619979999,51601.59005,209,23147.4,24492.38238,0
1785619980000,1.0581,1.0584,1.0580,1.0583,224008.5,1785620039999,237046.26106,376,69540.0,73582.95024,0
1785620040000,1.0583,1.0587,1.0582,1.0586,130435.3,1785620099999,138049.92540,341,68154.4,72134.67364,0
1785620100000,1.0586,1.0587,1.0583,1.0583,50566.1,1785620159999,53523.02147,381,14364.1,15204.31772,0
1785620160000,1.0583,1.0584,1.0580,1.0580,74662.0,1785620219999,79009.33386,366,6021.0,6372.38815,0
1785620220000,1.0580,1.0581,1.0580,1.0580,14575.5,1785620279999,15421.33999,269,4609.9,4877.73519,0
1785620280000,1.0580,1.0584,1.0580,1.0583,93651.2,1785620339999,99108.61672,256,55552.1,58789.04530,0
1785620340000,1.0583,1.0584,1.0583,1.0584,16245.5,1785620399999,17192.97328,152,3606.3,3816.90792,0
1785620400000,1.0583,1.0583,1.0578,1.0578,79148.7,1785620459999,83745.91349,501,14162.1,14983.28598,0
1785620460000,1.0578,1.0581,1.0578,1.0580,42500.4,1785620519999,44965.05694,243,30176.9,31926.82196,0
1785620520000,1.0580,1.0588,1.0580,1.0588,241592.3,1785620579999,255729.71043,597,144662.1,153112.04990,0
1785620580000,1.0587,1.0591,1.0586,1.0586,413572.4,1785620639999,437889.79633,863,112956.6,119610.04189,0
1785620640000,1.0586,1.0604,1.0586,1.0600,873206.1,1785620699999,925312.08372,1420,626675.9,664029.13165,0
1785620700000,1.0600,1.0603,1.0600,1.0600,139218.9,1785620759999,147591.09644,518,17837.8,18910.54734,0
1785620760000,1.0600,1.0602,1.0600,1.0601,152108.8,1785620819999,161251.64835,429,87275.5,92525.28093,0
1785620820000,1.0600,1.0601,1.0599,1.0600,112071.0,1785620879999,118792.01993,378,12566.9,13322.16348,0
1785620880000,1.0600,1.0601,1.0599,1.0599,73120.2,1785620939999,77506.55117,342,3982.7,4221.78329,0
1785620940000,1.0599,1.0600,1.0599,1.0600,35513.8,1785620999999,37641.93021,391,7874.6,8347.07600,0
1785621000000,1.0600,1.0601,1.0600,1.0600,24371.3,1785621059999,25833.90664,196,3286.4,3483.91264,0
1785621060000,1.0600,1.0600,1.0595,1.0595,229845.3,1785621119999,243571.67437,598,1370.0,1451.91310,0
1785621120000,1.0595,1.0596,1.0595,1.0595,22750.5,1785621179999,24104.81895,195,6642.0,7037.86320,0
1785621180000,1.0595,1.0595,1.0579,1.0583,1051982.2,1785621239999,1113517.35150,1332,133783.1,141593.05183,0
1785621240000,1.0583,1.0590,1.0579,1.0589,768096.5,1785621299999,812964.15290,1139,539849.5,571447.13618,0
1785621300000,1.0589,1.0590,1.0588,1.0590,132756.8,1785621359999,140571.80570,340,13608.9,14411.49627,0
1785621360000,1.0590,1.0599,1.0588,1.0596,892148.3,1785621419999,945233.22064,1057,726913.6,770158.09165,0
1785621420000,1.0596,1.0597,1.0596,1.0597,38908.8,1785621479999,41231.52596,102,37614.8,39860.40356,0
1785621480000,1.0596,1.0597,1.0594,1.0595,94465.4,1785621539999,100088.54685,188,390.1,413.31293,0
1785621540000,1.0594,1.0599,1.0594,1.0598,87641.6,1785621599999,92872.96237,226,86266.6,91415.76464,0
1785621600000,1.0598,1.0602,1.0597,1.0598,510228.5,1785621659999,540811.70546,769,337032.2,357233.81055,0
1785621660000,1.0598,1.0598,1.0592,1.0593,118408.9,1785621719999,125456.61140,399,9591.1,10160.38271,0
1785621720000,1.0592,1.0594,1.0592,1.0593,18965.0,1785621779999,20089.59514,125,14504.5,15364.78301,0
1785621780000,1.0593,1.0598,1.0593,1.0595,349306.6,1785621839999,370126.47824,798,155482.6,164740.97344,0
1785621840000,1.0595,1.0602,1.0594,1.0601,172354.9,1785621899999,182663.28459,384,99878.2,105848.91905,0
1785621900000,1.0600,1.0608,1.0600,1.0605,339762.2,1785621959999,360295.16056,720,285858.9,303126.27751,0
1785621960000,1.0605,1.0606,1.0601,1.0602,160972.2,1785622019999,170687.27589,424,47634.1,50510.97988,0
1785622020000,1.0602,1.0604,1.0602,1.0604,148277.8,1785622079999,157213.61484,173,147577.3,156470.91930,0
1785622080000,1.0604,1.0605,1.0604,1.0604,53952.6,1785622139999,57215.05544,128,47466.1,50336.77084,0
1785622140000,1.0604,1.0606,1.0604,1.0605,224849.8,1785622199999,238454.15240,405,54428.0,57722.21909,0
1785622200000,1.0604,1.0608,1.0603,1.0606,218774.2,1785622259999,232027.72423,440,111544.7,118299.70202,0
1785622260000,1.0605,1.0606,1.0600,1.0601,117300.9,1785622319999,124375.70568,431,24831.5,26325.60927,0
1785622320000,1.0600,1.0603,1.0600,1.0602,273557.2,1785622379999,290010.69963,376,63392.9,67209.76953,0
1785622380000,1.0602,1.0604,1.0601,1.0604,29925.8,1785622439999,31728.88701,144,29052.8,30803.33781,0
1785622440000,1.0604,1.0604,1.0600,1.0602,174163.2,1785622499999,184655.81737,350,13105.3,13895.06709,0
1785622500000,1.0602,1.0605,1.0601,1.0602,108837.9,1785622559999,115405.14980,425,54485.7,57773.87897,0
1785622560000,1.0602,1.0602,1.0601,1.0602,14164.3,1785622619999,15015.80976,110,2353.3,2494.96866,0
1785622620000,1.0601,1.0602,1.0601,1.0601,14432.4,1785622679999,15300.12321,273,3359.7,3561.95394,0
1785622680000,1.0601,1.0601,1.0600,1.0601,43551.4,1785622739999,46167.00327,180,779.9,826.77199,0
1785622740000,1.0600,1.0601,1.0598,1.0600,50240.6,1785622799999,53253.21987,235,16951.4,17968.29015,0
1785622800000,1.0601,1.0601,1.0600,1.0600,20313.3,1785622859999,21533.96348,99,18654.8,19775.95348,0
1785622860000,1.0601,1.0601,1.0600,1.0601,18944.6,1785622919999,20081.47776,56,2017.6,2138.85776,0
1785622920000,1.0601,1.0601,1.0591,1.0593,356280.8,1785622979999,377443.49334,624,109522.6,116009.22086,0
1785622980000,1.0593,1.0594,1.0592,1.0593,119173.7,1785623039999,126237.18012,314,64530.9,68359.41111,0
1785623040000,1.0594,1.0594,1.0592,1.0593,99323.9,1785623099999,105213.64379,234,28138.3,29807.23219,0
1785623100000,1.0594,1.0596,1.0593,1.0595,139021.2,1785623159999,147288.00537,270,77054.4,81636.06447,0
1785623160000,1.0594,1.0597,1.0594,1.0596,87415.2,1785623219999,92623.74597,141,73052.3,77405.91654,0
1785623220000,1.0597,1.0599,1.0596,1.0598,161300.1,1785623279999,170930.90690,270,64140.1,67970.41704,0
1785623280000,1.0599,1.0602,1.0598,1.0599,308908.4,1785623339999,327443.22810,525,231061.5,244923.56767,0
1785623340000,1.0598,1.0601,1.0598,1.0600,22842.5,1785623399999,24211.78378,91,11644.0,12341.76967,0
1785623400000,1.0601,1.0602,1.0600,1.0602,80439.9,1785623459999,85276.04949,159,31835.8,33750.88055,0
1785623460000,1.0602,1.0603,1.0601,1.0602,20228.4,1785623519999,21445.82733,97,13920.1,14758.38802,0
1785623520000,1.0603,1.0603,1.0601,1.0601,205740.8,1785623579999,218125.33418,278,4647.7,4927.86946,0
1785623580000,1.0601,1.0602,1.0601,1.0602,13215.5,1785623639999,14010.96813,56,12165.8,12898.18116,0
1785623640000,1.0602,1.0603,1.0601,1.0602,94654.1,1785623699999,100352.66232,145,71071.5,75350.41272,0
1785623700000,1.0603,1.0603,1.0598,1.0598,123460.4,1785623759999,130875.20455,349,230.2,244.00726,0
1785623760000,1.0598,1.0605,1.0598,1.0604,200242.1,1785623819999,212282.74328,280,181660.2,192583.29129,0
1785623820000,1.0604,1.0607,1.0604,1.0607,109369.8,1785623879999,115988.48987,268,33147.2,35154.71538,0
1785623880000,1.0606,1.0608,1.0606,1.0606,146816.6,1785623939999,155727.10847,247,78585.2,83355.37629,0
1785623940000,1.0607,1.0607,1.0604,1.0604,57701.9,1785623999999,61197.65037,263,7114.7,7546.56048,0
1785624000000,1.0605,1.0605,1.0604,1.0605,5868.8,1785624059999,6223.53281,61,2572.9,2728.56045,0
1785624060000,1.0605,1.0605,1.0604,1.0604,29561.7,1785624119999,31348.58765,94,13609.7,14433.08685,0
1785624120000,1.0604,1.0606,1.0604,1.0605,134920.3,1785624179999,143074.07275,322,33342.4,35360.75845,0
1785624180000,1.0606,1.0606,1.0604,1.0605,51698.3,1785624239999,54826.15553,214,24893.3,26399.49000,0
1785624240000,1.0604,1.0605,1.0604,1.0605,5257.3,1785624299999,5575.27090,52,4299.8,4559.93790,0
1785624300000,1.0605,1.0612,1.0605,1.0609,435032.1,1785624359999,461504.15587,662,399221.5,423510.52312,0
1785624360000,1.0609,1.0610,1.0609,1.0610,24208.6,1785624419999,25683.25883,80,3550.9,3767.50490,0
1785624420000,1.0610,1.0611,1.0609,1.0610,38772.2,1785624479999,41137.67323,164,20276.7,21513.95797,0
1785624480000,1.0611,1.0618,1.0611,1.0613,770384.0,1785624539999,817819.03001,870,188114.4,199676.88473,0
1785624540000,1.0612,1.0613,1.0610,1.0610,158518.2,1785624599999,168218.64990,313,22894.1,24296.06709,0
1785624600000,1.0610,1.0613,1.0610,1.0612,85005.0,1785624659999,90200.81904,277,40492.5,42971.68150,0
1785624660000,1.0613,1.0613,1.0603,1.0607,581154.6,1785624719999,616360.38355,738,81268.4,86191.79011,0
1785624720000,1.0607,1.0607,1.0606,1.0606,61211.0,1785624779999,64922.33194,115,19453.4,20634.22138,0
1785624780000,1.0607,1.0607,1.0604,1.0605,70784.6,1785624839999,75066.90019,233,9379.8,9947.37849,0
1785624840000,1.0606,1.0606,1.0605,1.0605,31695.1,1785624899999,33612.97718,66,3236.3,3432.41978,0
1785624900000,1.0605,1.0605,1.0604,1.0605,31092.7,1785624959999,32973.41685,164,13657.9,14484.20295,0
1785624960000,1.0604,1.0605,1.0604,1.0604,52813.6,1785625019999,56007.46840,238,39269.6,41645.41080,0
1785625020000,1.0605,1.0605,1.0604,1.0605,35410.8,1785625079999,37551.86552,153,22532.0,23895.18600,0
1785625080000,1.0605,1.0606,1.0604,1.0605,26173.4,1785625139999,27757.24991,94,24743.5,26240.90272,0
1785625140000,1.0606,1.0606,1.0601,1.0601,168793.5,1785625199999,178986.83961,404,3010.5,3192.14465,0
1785625200000,1.0601,1.0614,1.0601,1.0611,657932.7,1785625259999,698093.71452,1051,569935.8,604708.65195,0
1785625260000,1.0611,1.0615,1.0610,1.0613,223096.5,1785625319999,236776.84726,408,113080.7,120008.43974,0
1785625320000,1.0613,1.0613,1.0610,1.0610,72476.9,1785625379999,76907.34849,344,45396.6,48171.35252,0
1785625380000,1.0611,1.0614,1.0610,1.0614,86925.6,1785625439999,92247.48882,276,84375.7,89541.92135,0
1785625440000,1.0614,1.0614,1.0613,1.0613,33552.1,1785625499999,35610.88864,153,20449.1,21704.67474,0
1785625500000,1.0613,1.0615,1.0610,1.0610,228387.9,1785625559999,242407.70845,722,79498.8,84381.30651,0
1785625560000,1.0610,1.0611,1.0607,1.0609,106702.1,1785625619999,113194.46346,294,50329.3,53389.86522,0
1785625620000,1.0608,1.0612,1.0608,1.0612,54528.8,1785625679999,57855.86354,323,40449.8,42918.55155,0
1785625680000,1.0612,1.0613,1.0611,1.0611,152681.1,1785625739999,162020.28293,416,18707.2,19852.40089,0
1785625740000,1.0611,1.0613,1.0609,1.0611,152411.4,1785625799999,161722.87800,435,66602.1,70668.46806,0
1785625800000,1.0611,1.0612,1.0610,1.0611,162633.3,1785625859999,172573.86716,347,120429.5,127793.15029,0
1785625860000,1.0610,1.0611,1.0604,1.0604,60543.0,1785625919999,64226.71219,477,2678.1,2841.16616,0
1785625920000,1.0605,1.0606,1.0604,1.0605,26162.0,1785625979999,27744.66763,225,10485.4,11119.84374,0
1785625980000,1.0605,1.0605,1.0604,1.0604,25209.5,1785626039999,26733.29052,212,151.9,161.08995,0
1785626040000,1.0604,1.0607,1.0601,1.0601,202007.4,1785626099999,214196.67598,473,35777.1,37943.78235,0
1785626100000,1.0601,1.0602,1.0601,1.0601,44409.6,1785626159999,47079.88192,248,12649.6,13411.10592,0
1785626160000,1.0601,1.0602,1.0597,1.0599,224262.6,1785626219999,237709.41596,579,91515.5,96997.06208,0
1785626220000,1.0599,1.0600,1.0599,1.0599,23252.4,1785626279999,24645.29969,141,809.3,857.85800,0
1785626280000,1.0600,1.0600,1.0599,1.0599,32474.7,1785626339999,34421.15038,199,12158.5,12888.01000,0
1785626340000,1.0599,1.0600,1.0599,1.0599,5356.0,1785626399999,5676.86518,111,407.8,432.26800,0
1785626400000,1.0599,1.0599,1.0596,1.0596,124856.2,1785626459999,132315.61029,297,553.6,586.64992,0
1785626460000,1.0596,1.0598,1.0596,1.0598,105580.5,1785626519999,111883.70410,247,56363.1,59729.86205,0
1785626520000,1.0598,1.0598,1.0595,1.0595,133228.7,1785626579999,141164.53324,259,33830.6,35846.81034,0
1785626580000,1.0595,1.0595,1.0594,1.0594,46139.9,1785626639999,48880.93564,171,3255.8,3449.52010,0
1785626640000,1.0595,1.0595,1.0593,1.0595,80799.6,1785626699999,85599.33997,192,37132.9,39339.10901,0
1785626700000,1.0594,1.0595,1.0594,1.0594,50098.6,1785626759999,53075.67694,76,12201.0,12926.95950,0
1785626760000,1.0594,1.0595,1.0590,1.0590,57718.1,1785626819999,61141.43366,311,4317.8,4573.57662,0
1785626820000,1.0591,1.0591,1.0590,1.0590,26124.0,1785626879999,27667.33654,132,20205.4,21399.53914,0
1785626880000,1.0591,1.0591,1.0590,1.0590,27064.5,1785626939999,28662.38754,109,10820.4,11459.88564,0
1785626940000,1.0590,1.0597,1.0590,1.0596,154773.5,1785626999999,163946.10569,355,98078.5,103893.09629,0
1785627000000,1.0596,1.0599,1.0594,1.0595,241444.5,1785627059999,255872.27858,317,65427.1,69340.56796,0
1785627060000,1.0595,1.0600,1.0594,1.0600,91600.9,1785627119999,97073.52911,220,65213.6,69106.12282,0
1785627120000,1.0600,1.0600,1.0596,1.0596,31471.6,1785627179999,33353.37719,203,803.8,851.80729,0
1785627180000,1.0597,1.0597,1.0596,1.0596,11429.5,1785627239999,12110.93719,59,2389.9,2532.57703,0
1785627240000,1.0596,1.0597,1.0596,1.0596,20719.5,1785627299999,21955.54648,104,11642.8,12337.87516,0
1785627300000,1.0596,1.0598,1.0592,1.0592,124994.9,1785627359999,132441.49311,401,23653.0,25065.14469,0
1785627360000,1.0592,1.0596,1.0592,1.0596,168947.6,1785627419999,178971.74946,220,139489.2,147769.40813,0
1785627420000,1.0595,1.0597,1.0595,1.0597,33849.3,1785627479999,35867.67525,205,19850.8,21034.86861,0
1785627480000,1.0596,1.0596,1.0594,1.0594,38775.0,1785627539999,41082.95637,119,20918.8,22163.46860,0
1785627540000,1.0594,1.0595,1.0594,1.0594,20180.7,1785627599999,21379.52032,85,867.4,919.01030,0
1785627600000,1.0595,1.0597,1.0594,1.0597,35772.8,1785627659999,37901.92975,201,30054.1,31843.53897,0
1785627660000,1.0597,1.0599,1.0597,1.0598,44889.8,1785627719999,47573.64733,149,41400.2,43875.71298,0
1785627720000,1.0598,1.0600,1.0598,1.0600,50257.0,1785627779999,53267.22896,112,34226.9,36278.46367,0
1785627780000,1.0600,1.0600,1.0596,1.0596,69689.5,1785627839999,73856.87290,222,577.0,611.61614,0
1785627840000,1.0597,1.0603,1.0594,1.0602,165895.7,1785627899999,175798.75582,495,124833.3,132291.81000,0
1785627900000,1.0603,1.0606,1.0601,1.0602,43518.5,1785627959999,46147.23077,251,11666.9,12372.36467,0
1785627960000,1.0601,1.0603,1.0601,1.0602,19526.6,1785628019999,20702.43354,96,17226.2,18263.55069,0
1785628020000,1.0602,1.0603,1.0602,1.0602,11452.6,1785628079999,12142.29684,93,2503.2,2654.14296,0
1785628080000,1.0603,1.0604,1.0602,1.0603,37675.0,1785628139999,39946.95142,131,37445.0,39703.09620,0
1785628140000,1.0604,1.0604,1.0602,1.0602,34084.6,1785628199999,36140.74981,116,8537.8,9053.48312,0
1785628200000,1.0602,1.0604,1.0602,1.0603,42128.7,1785628259999,44670.26267,106,26780.5,28396.57571,0
1785628260000,1.0604,1.0605,1.0604,1.0605,119652.8,1785628319999,126880.69003,156,38358.8,40676.53243,0
1785628320000,1.0605,1.0605,1.0602,1.0605,122439.8,1785628379999,129828.21437,300,84230.4,89313.36772,0
1785628380000,1.0605,1.0605,1.0604,1.0604,85881.2,1785628439999,91074.71629,143,62918.1,66724.64505,0
1785628440000,1.0604,1.0605,1.0600,1.0601,113955.3,1785628499999,120815.97044,374,41355.2,43842.83644,0
1785628500000,1.0601,1.0603,1.0600,1.0602,51802.1,1785628559999,54915.90229,127,34865.3,36961.18798,0
1785628560000,1.0603,1.0603,1.0602,1.0602,37018.8,1785628619999,39248.12244,83,7906.8,8383.58004,0
1785628620000,1.0603,1.0603,1.0600,1.0601,24617.3,1785628679999,26098.82470,166,10277.9,10896.83869,0
1785628680000,1.0601,1.0601,1.0600,1.0601,6815.8,1785628739999,7225.37881,37,6308.1,6687.21681,0
1785628740000,1.0601,1.0601,1.0600,1.0600,26818.6,1785628799999,28430.10865,193,23926.5,25364.48265,0
