open_time,open,high,low,close,volume,close_time,quote_volume,count,taker_buy_volume,taker_buy_quote_volume,ignore
1790467200000,1.5265,1.5274,1.5261,1.5273,295846.1,1790467259999,451723.23456,1081,142459.4,217502.11045,0
1790467260000,1.5272,1.5273,1.5261,1.5263,276410.2,1790467319999,422001.22501,961,56244.9,85862.36309,0
1790467320000,1.5262,1.5263,1.5252,1.5255,632403.5,1790467379999,964859.73932,1192,90595.2,138204.02999,0
1790467380000,1.5254,1.5259,1.5247,1.5248,509008.5,1790467439999,776380.27288,1303,102866.1,156920.34081,0
1790467440000,1.5248,1.5250,1.5247,1.5250,326882.5,1790467499999,498453.92293,599,199411.3,304080.48143,0
1790467500000,1.5250,1.5251,1.5246,1.5247,261636.7,1790467559999,398953.16979,609,40634.9,61958.90928,0
1790467560000,1.5247,1.5247,1.5240,1.5240,273385.1,1790467619999,416747.08001,791,46523.2,70920.92660,0
1790467620000,1.5240,1.5243,1.5240,1.5243,116797.6,1790467679999,178013.08433,348,64820.2,98795.55317,0
1790467680000,1.5243,1.5251,1.5242,1.5251,213215.6,1790467739999,325056.45543,734,190267.0,290075.88025,0
1790467740000,1.5251,1.5253,1.5247,1.5253,365326.1,1790467799999,557162.96944,814,94741.0,144488.97646,0
1790467800000,1.5253,1.5255,1.5246,1.5247,214431.4,1790467859999,327052.65828,631,56431.5,86073.46252,0
1790467860000,1.5247,1.5249,1.5242,1.5242,151782.1,1790467919999,231418.07568,628,82870.0,126346.55976,0
1790467920000,1.5243,1.5243,1.5240,1.5240,97893.0,1790467979999,149198.48898,436,42754.4,65163.46026,0
1790467980000,1.5241,1.5243,1.5234,1.5242,527808.1,1790468039999,804310.78334,1104,127396.5,194122.29485,0
1790468040000,1.5243,1.5243,1.5232,1.5232,254080.4,1790468099999,387178.96601,770,11710.4,17846.96598,0
1790468100000,1.5232,1.5234,1.5228,1.5229,295594.4,1790468159999,450234.53723,769,95738.7,145829.16042,0
1790468160000,1.5228,1.5229,1.5223,1.5224,204834.6,1790468219999,311885.89814,541,15525.3,23638.72718,0
1790468220000,1.5224,1.5226,1.5218,1.5218,327725.0,1790468279999,498893.47044,955,99083.6,150844.15389,0
1790468280000,1.5219,1.5223,1.5218,1.5222,189911.8,1790468339999,289044.44314,593,94988.6,144571.10928,0
1790468340000,1.5222,1.5223,1.5212,1.5212,297002.6,1790468399999,452006.84007,582,40776.6,62056.76036,0
1790468400000,1.5212,1.5215,1.5208,1.5209,357706.5,1790468459999,544110.85843,969,115234.1,175289.92430,0
1790468460000,1.5209,1.5211,1.5208,1.5209,124919.5,1790468519999,189996.95543,420,38413.6,58424.90498,0
1790468520000,1.5208,1.5219,1.5207,1.5214,299048.1,1790468579999,454944.38081,913,98292.2,149541.06269,0
1790468580000,1.5214,1.5218,1.5208,1.5209,140393.3,1790468639999,213602.63664,530,49871.9,75884.12189,0
1790468640000,1.5208,1.5209,1.5201,1.5202,195841.0,1790468699999,297768.60453,504,13346.2,20290.38822,0
1790468700000,1.5203,1.5205,1.5203,1.5204,86604.9,1790468759999,131676.41652,411,44263.9,67301.47062,0
1790468760000,1.5204,1.5209,1.5202,1.5202,216416.9,1790468819999,329093.23012,500,44441.0,67576.72907,0
1790468820000,1.5202,1.5203,1.5192,1.5193,516425.3,1790468879999,784869.60022,1000,115070.8,174884.88538,0
1790468880000,1.5192,1.5198,1.5192,1.5197,153464.3,1790468939999,233184.61128,524,82182.2,124875.56522,0
1790468940000,1.5197,1.5198,1.5192,1.5194,236937.0,1790468999999,360039.63661,655,66163.0,100541.55857,0
1790469000000,1.5194,1.5204,1.5194,1.5203,910384.1,1790469059999,1383894.37122,1240,341059.9,518463.15062,0
1790469060000,1.5203,1.5214,1.5200,1.5210,244517.6,1790469119999,371890.66894,1044,128366.0,195222.01553,0
1790469120000,1.5209,1.5214,1.5209,1.5210,173834.0,1790469179999,264417.83374,827,94070.9,143091.26109,0
1790469180000,1.5209,1.5220,1.5204,1.5220,383103.6,1790469239999,582689.87058,1111,127758.3,194326.31115,0
1790469240000,1.5220,1.5228,1.5219,1.5221,181014.5,1790469299999,275559.03093,889,102300.2,155725.58347,0
1790469300000,1.5221,1.5229,1.5217,1.5228,138010.2,1790469359999,210085.27749,876,86123.4,131108.94998,0
1790469360000,1.5229,1.5230,1.5218,1.5218,188756.4,1790469419999,287393.49633,620,127278.5,193799.89278,0
1790469420000,1.5218,1.5218,1.5199,1.5202,235451.0,1790469479999,357946.06036,896,98308.7,149452.94877,0
1790469480000,1.5202,1.5222,1.5199,1.5220,177908.3,1790469539999,270590.96008,1019,120638.8,183476.08419,0
1790469540000,1.5221,1.5221,1.5209,1.5209,146248.2,1790469599999,222501.81576,531,76190.7,115918.68284,0
1790469600000,1.5209,1.5209,1.5204,1.5205,107412.0,1790469659999,163334.88900,336,18725.5,28473.23782,0
1790469660000,1.5205,1.5205,1.5203,1.5204,108132.1,1790469719999,164405.68974,388,62728.5,95375.06995,0
1790469720000,1.5205,1.5206,1.5199,1.5201,436385.5,1790469779999,663433.12458,748,271277.0,412429.44064,0
1790469780000,1.5202,1.5205,1.5200,1.5201,216365.2,1790469839999,328920.45770,453,67069.6,101957.47554,0
1790469840000,1.5201,1.5203,1.5198,1.5198,127832.7,1790469899999,194319.71469,468,38444.3,58439.15347,0
1790469900000,1.5199,1.5211,1.5198,1.5208,207860.7,1790469959999,316069.03265,858,110785.3,168431.68612,0
1790469960000,1.5208,1.5208,1.5191,1.5191,292282.0,1790470019999,444202.42012,706,10247.5,15575.58403,0
1790470020000,1.5190,1.5191,1.5180,1.5190,611988.3,1790470079999,929299.20226,1476,72261.6,109724.82576,0
1790470080000,1.5191,1.5192,1.5183,1.5184,296893.2,1790470139999,450908.71006,805,75983.7,115406.13039,0
1790470140000,1.5184,1.5185,1.5177,1.5177,435690.0,1790470199999,661352.99224,826,99318.1,150758.23796,0
1790470200000,1.5177,1.5177,1.5164,1.5169,1632534.2,1790470259999,2476431.63508,2313,787877.5,1195165.06965,0
1790470260000,1.5170,1.5178,1.5166,1.5166,426133.9,1790470319999,646623.18199,912,243659.0,369758.19352,0
1790470320000,1.5166,1.5167,1.5149,1.5164,1383856.7,1790470379999,2097518.43684,2136,283573.5,429911.69324,0
1790470380000,1.5164,1.5165,1.5149,1.5157,762734.0,1790470439999,1156118.24492,1299,132860.0,201381.10923,0
1790470440000,1.5157,1.5166,1.5156,1.5161,266673.4,1790470499999,404324.37439,969,121393.0,184042.34565,0
1790470500000,1.5161,1.5161,1.5155,1.5160,201747.6,1790470559999,305827.76298,692,70774.6,107285.87754,0
1790470560000,1.5160,1.5164,1.5160,1.5163,311368.4,1790470619999,472123.32655,827,193255.7,293036.17905,0
1790470620000,1.5162,1.5169,1.5161,1.5169,156748.7,1790470679999,237703.06618,625,115014.6,174425.61867,0
1790470680000,1.5169,1.5176,1.5168,1.5174,196765.7,1790470739999,298544.09584,826,127014.6,192702.16508,0
1790470740000,1.5174,1.5174,1.5166,1.5170,215464.3,1790470799999,326840.40881,652,92046.2,139611.69718,0
1790470800000,1.5171,1.5177,1.5170,1.5172,236963.5,1790470859999,359566.65204,747,65080.4,98759.53891,0
1790470860000,1.5172,1.5172,1.5156,1.5162,372879.5,1790470919999,565343.23052,1616,141327.7,214271.89822,0
1790470920000,1.5163,1.5166,1.5159,1.5162,105303.7,1790470979999,159657.10654,670,34794.8,52750.91684,0
1790470980000,1.5162,1.5163,1.5152,1.5152,197301.8,1790471039999,299074.58161,826,39400.7,59723.10312,0
1790471040000,1.5153,1.5155,1.5152,1.5152,164444.6,1790471099999,249191.41051,623,74286.8,112570.44100,0
1790471100000,1.5152,1.5153,1.5141,1.5144,495711.2,1790471159999,750757.21412,1577,211186.5,319829.19883,0
1790471160000,1.5144,1.5151,1.5144,1.5149,116246.7,1790471219999,176093.65877,678,41740.8,63230.30472,0
1790471220000,1.5149,1.5170,1.5148,1.5169,307366.7,1790471279999,466003.97981,1356,256323.4,388613.56503,0
1790471280000,1.5170,1.5171,1.5166,1.5170,205902.0,1790471339999,312323.34733,574,29941.6,45419.97306,0
1790471340000,1.5170,1.5181,1.5169,1.5175,614436.3,1790471399999,932606.99787,1226,319765.2,485380.51488,0
1790471400000,1.5175,1.5191,1.5175,1.5187,881198.3,1790471459999,1338039.94767,1714,601451.6,913253.67751,0
1790471460000,1.5187,1.5199,1.5185,1.5198,489273.3,1790471519999,743336.04350,1182,275529.0,418608.52208,0
1790471520000,1.5199,1.5203,1.5192,1.5192,368336.3,1790471579999,559826.00816,1072,161090.0,244850.50821,0
1790471580000,1.5192,1.5197,1.5190,1.5190,226753.8,1790471639999,344528.33038,818,123171.3,187141.90780,0
1790471640000,1.5190,1.5196,1.5189,1.5196,217883.5,1790471699999,331003.56952,662,126070.1,191513.24687,0
1790471700000,1.5195,1.5198,1.5186,1.5198,550064.7,1790471759999,835687.43612,975,381541.8,579708.09726,0
1790471760000,1.5198,1.5204,1.5178,1.5182,676626.1,1790471819999,1028117.85270,1901,262298.6,398666.61298,0
1790471820000,1.5181,1.5192,1.5179,1.5190,459099.7,1790471879999,697164.14403,1283,240920.1,365872.85046,0
1790471880000,1.5190,1.5190,1.5180,1.5182,181977.1,1790471939999,276334.93479,1043,140263.5,212988.34590,0
1790471940000,1.5182,1.5182,1.5173,1.5175,298515.3,1790471999999,453050.72876,859,93052.7,141213.95204,0
1790472000000,1.5175,1.5175,1.5171,1.5171,84976.0,1790472059999,128930.72215,414,23555.9,35741.72542,0
1790472060000,1.5171,1.5172,1.5161,1.5164,276292.3,1790472119999,419042.42228,937,49561.5,75165.12110,0
1790472120000,1.5164,1.5165,1.5153,1.5165,294092.9,1790472179999,445741.25821,958,143577.1,217626.10879,0
1790472180000,1.5165,1.5165,1.5158,1.5158,184987.7,1790472239999,280491.82959,572,43105.9,65354.63698,0
1790472240000,1.5158,1.5158,1.5153,1.5154,92662.3,1790472299999,140445.77799,463,51035.4,77354.03365,0
1790472300000,1.5154,1.5157,1.5145,1.5151,527695.7,1790472359999,799463.69038,1441,174523.6,264452.03564,0
1790472360000,1.5150,1.5169,1.5149,1.5168,838204.5,1790472419999,1270505.89869,1407,797512.7,1208851.39528,0
1790472420000,1.5168,1.5174,1.5151,1.5154,541565.5,1790472479999,821326.29893,1576,341928.7,518573.88520,0
1790472480000,1.5155,1.5166,1.5153,1.5162,196576.1,1790472539999,297957.00708,638,167478.0,253838.76575,0
1790472540000,1.5162,1.5171,1.5162,1.5169,260905.8,1790472599999,395731.07138,881,192800.3,292435.66450,0
1790472600000,1.5170,1.5175,1.5164,1.5168,314335.6,1790472659999,476855.37936,952,148751.9,225652.77069,0
1790472660000,1.5168,1.5180,1.5168,1.5169,250796.3,1790472719999,380592.59926,1263,119085.9,180716.85791,0
1790472720000,1.5168,1.5173,1.5168,1.5169,96524.5,1790472779999,146430.96238,714,46355.4,70321.19389,0
1790472780000,1.5170,1.5176,1.5155,1.5158,264599.2,1790472839999,401306.19787,1140,71734.3,108808.80463,0
1790472840000,1.5158,1.5158,1.5152,1.5155,150942.3,1790472899999,228758.81822,622,57318.1,86864.21180,0
1790472900000,1.5154,1.5162,1.5148,1.5161,331142.8,1790472959999,501803.74687,1085,139939.8,212051.51759,0
1790472960000,1.5161,1.5168,1.5158,1.5163,238169.2,1790473019999,361144.29206,1040,137259.9,208143.40579,0
1790473020000,1.5164,1.5172,1.5164,1.5169,249971.4,1790473079999,379122.97181,831,42658.8,64700.64979,0
1790473080000,1.5170,1.5170,1.5161,1.5164,69213.5,1790473139999,104963.03835,567,22674.6,34382.45329,0
1790473140000,1.5163,1.5172,1.5161,1.5171,84655.8,1790473199999,128383.57162,641,21020.1,31883.15317,0
1790473200000,1.5172,1.5190,1.5170,1.5188,632827.6,1790473259999,960842.95656,1538,478391.3,726472.53883,0
1790473260000,1.5188,1.5202,1.5186,1.5202,279161.5,1790473319999,424123.53738,925,176221.9,267739.01205,0
1790473320000,1.5201,1.5210,1.5200,1.5205,975091.4,1790473379999,1482695.39818,1564,711716.9,1082241.14931,0
1790473380000,1.5205,1.5206,1.5202,1.5203,172312.8,1790473439999,261994.56900,626,82208.0,124994.24643,0
1790473440000,1.5203,1.5204,1.5196,1.5202,183569.7,1790473499999,279024.53317,626,76366.4,116065.54587,0
1790473500000,1.5202,1.5205,1.5196,1.5197,266372.1,1790473559999,404908.79478,843,98027.1,149011.88898,0
1790473560000,1.5196,1.5199,1.5189,1.5190,286886.4,1790473619999,435939.55102,910,102723.6,156101.18011,0
1790473620000,1.5190,1.5200,1.5189,1.5196,179543.7,1790473679999,272786.08228,809,79234.7,120378.14916,0
1790473680000,1.5195,1.5205,1.5195,1.5205,127203.4,1790473739999,193353.14758,585,117727.4,178952.18428,0
1790473740000,1.5204,1.5204,1.5200,1.5201,145498.3,1790473799999,221177.79667,360,57957.9,88105.10239,0
1790473800000,1.5200,1.5215,1.5197,1.5210,249606.7,1790473859999,379538.80134,1230,180156.3,273954.18012,0
1790473860000,1.5210,1.5244,1.5210,1.5238,664243.1,1790473919999,1011434.35350,2706,381458.8,580817.53893,0
1790473920000,1.5239,1.5254,1.5218,1.5221,716789.6,1790473979999,1092254.74410,2923,373309.2,568864.83218,0
1790473980000,1.5221,1.5241,1.5220,1.5226,414879.8,1790474039999,632014.54809,1883,310235.8,472602.99909,0
1790474040000,1.5225,1.5253,1.5221,1.5248,1320234.0,1790474099999,2011947.94796,2661,961738.3,1465660.52761,0
1790474100000,1.5247,1.5251,1.5237,1.5243,865986.3,1790474159999,1320234.71000,1578,261035.1,397922.54811,0
1790474160000,1.5243,1.5243,1.5225,1.5225,127679.7,1790474219999,194491.80314,972,44402.7,67635.94056,0
1790474220000,1.5225,1.5234,1.5225,1.5227,309955.2,1790474279999,472033.76064,1079,229473.3,349457.72856,0
1790474280000,1.5227,1.5228,1.5219,1.5223,397932.8,1790474339999,605793.07005,1258,289594.3,440867.45811,0
1790474340000,1.5224,1.5230,1.5218,1.5227,496431.0,1790474399999,755811.71828,1213,380897.6,579902.08393,0
1790474400000,1.5227,1.5252,1.5225,1.5241,734799.7,1790474459999,1119680.85891,1966,502336.5,765360.03170,0
1790474460000,1.5240,1.5244,1.5237,1.5240,197283.1,1790474519999,300670.34792,790,119571.9,182234.01756,0
1790474520000,1.5241,1.5263,1.5239,1.5241,2581914.5,1790474579999,3937184.61994,3649,1428433.6,2178320.01435,0
1790474580000,1.5241,1.5250,1.5241,1.5241,329044.5,1790474639999,501639.33038,872,201749.3,307546.80687,0
1790474640000,1.5241,1.5246,1.5236,1.5241,463874.5,1790474699999,706964.56331,1032,263262.2,401207.44652,0
1790474700000,1.5241,1.5244,1.5238,1.5238,169386.0,1790474759999,258165.32240,519,94625.1,144221.86428,0
1790474760000,1.5238,1.5240,1.5229,1.5240,278056.9,1790474819999,423609.17644,1244,140614.6,214222.20461,0
1790474820000,1.5240,1.5255,1.5240,1.5255,733593.0,1790474879999,1118634.24925,1688,524628.4,799976.74354,0
1790474880000,1.5254,1.5266,1.5254,1.5263,601310.8,1790474939999,917623.34690,1128,519447.5,792718.79582,0
1790474940000,1.5262,1.5280,1.5262,1.5274,717475.5,1790474999999,1095803.89793,1558,557516.5,851534.50488,0
1790475000000,1.5273,1.5274,1.5264,1.5264,586376.9,1790475059999,895321.70398,1123,122446.8,186955.47218,0
1790475060000,1.5264,1.5277,1.5254,1.5255,781758.7,1790475119999,1193529.71295,1788,265261.8,405005.09121,0
1790475120000,1.5255,1.5257,1.5248,1.5248,294894.2,1790475179999,449801.48472,890,174526.8,266206.96307,0
1790475180000,1.5248,1.5253,1.5245,1.5245,217178.0,1790475239999,331177.27930,766,72258.4,110188.37313,0
1790475240000,1.5245,1.5264,1.5245,1.5253,456133.8,1790475299999,695803.68256,1278,282226.9,430514.16515,0
1790475300000,1.5253,1.5257,1.5247,1.5252,227108.9,1790475359999,346395.93620,925,141844.7,216342.22768,0
1790475360000,1.5252,1.5259,1.5250,1.5257,350563.3,1790475419999,534803.95263,1083,217310.1,331509.38335,0
1790475420000,1.5257,1.5268,1.5256,1.5263,289001.1,1790475479999,441100.99973,1211,138754.1,211787.54096,0
1790475480000,1.5262,1.5269,1.5260,1.5260,483949.8,1790475539999,738786.80164,985,152262.2,232423.40564,0
1790475540000,1.5260,1.5270,1.5255,1.5269,474695.7,1790475599999,724428.37081,1411,222378.4,339380.82805,0
1790475600000,1.5269,1.5278,1.5269,1.5272,300820.5,1790475659999,459420.95466,1372,207647.6,317130.62022,0
1790475660000,1.5271,1.5280,1.5264,1.5277,340783.9,1790475719999,520429.91286,1124,205722.2,314179.75254,0
1790475720000,1.5277,1.5297,1.5266,1.5270,932419.8,1790475779999,1425028.53495,2337,574865.1,878719.39587,0
1790475780000,1.5270,1.5278,1.5270,1.5274,199481.7,1790475839999,304683.06795,923,127662.5,194982.70563,0
1790475840000,1.5274,1.5274,1.5262,1.5264,184896.8,1790475899999,282349.30660,812,111917.3,170905.90840,0
1790475900000,1.5264,1.5269,1.5255,1.5265,236964.2,1790475959999,361648.24994,1037,141454.4,215863.46668,0
1790475960000,1.5265,1.5265,1.5258,1.5262,177103.2,1790476019999,270272.95925,733,92699.8,141467.16796,0
1790476020000,1.5262,1.5269,1.5261,1.5265,177523.6,1790476079999,271004.98391,734,142739.1,217907.59392,0
1790476080000,1.5265,1.5268,1.5251,1.5257,780314.3,1790476139999,1190552.06556,1289,289713.3,442005.60318,0
1790476140000,1.5257,1.5264,1.5256,1.5261,279578.4,1790476199999,426621.93938,853,186557.6,284676.89667,0
1790476200000,1.5261,1.5261,1.5254,1.5256,189197.1,1790476259999,288657.61962,781,126734.1,193356.99535,0
1790476260000,1.5255,1.5263,1.5253,1.5262,185178.3,1790476319999,282494.06538,763,108049.5,164837.17141,0
1790476320000,1.5262,1.5263,1.5250,1.5250,199326.2,1790476379999,304103.39099,844,50425.5,76938.83870,0
1790476380000,1.5250,1.5251,1.5249,1.5250,252062.3,1790476439999,384393.09532,415,164025.9,250141.72210,0
1790476440000,1.5249,1.5249,1.5243,1.5244,317455.6,1790476499999,484012.50994,745,61970.4,94477.02313,0
1790476500000,1.5244,1.5247,1.5243,1.5245,216322.3,1790476559999,329775.25925,460,54366.7,82879.56333,0
1790476560000,1.5244,1.5245,1.5224,1.5228,2030898.9,1790476619999,3093793.50374,2124,99823.1,152061.39630,0
1790476620000,1.5229,1.5232,1.5225,1.5228,302725.6,1790476679999,460994.45275,661,124841.1,190103.82292,0
1790476680000,1.5228,1.5228,1.5225,1.5225,182826.6,1790476739999,278384.24800,371,68110.2,103708.40822,0
1790476740000,1.5225,1.5228,1.5221,1.5223,240660.8,1790476799999,366418.19104,672,137372.9,209161.15716,0
1790476800000,1.5223,1.5224,1.5215,1.5221,489167.7,1790476859999,744480.21478,905,86697.1,131975.47568,0
1790476860000,1.5221,1.5225,1.5220,1.5221,92095.6,1790476919999,140197.08594,440,58630.5,89253.56190,0
1790476920000,1.5221,1.5222,1.5218,1.5221,67569.9,1790476979999,102842.02425,334,33568.8,51092.44200,0
1790476980000,1.5221,1.5224,1.5218,1.5221,98502.0,1790477039999,149931.15256,580,52463.7,79858.18356,0
1790477040000,1.5222,1.5226,1.5219,1.5222,154588.1,1790477099999,235323.84699,553,109176.3,166198.27414,0
1790477100000,1.5222,1.5230,1.5222,1.5226,217031.5,1790477159999,330477.69874,588,196027.0,298495.55406,0
1790477160000,1.5226,1.5232,1.5224,1.5224,251389.3,1790477219999,382792.00335,799,91637.8,139548.33010,0
1790477220000,1.5224,1.5227,1.5219,1.5219,216088.0,1790477279999,328960.29284,674,98178.1,149472.42651,0
1790477280000,1.5219,1.5220,1.5210,1.5211,231589.6,1790477339999,352370.30089,635,101042.9,153744.05588,0
1790477340000,1.5210,1.5219,1.5210,1.5219,152071.2,1790477399999,231375.72854,661,113733.5,173046.49641,0
1790477400000,1.5218,1.5225,1.5215,1.5224,144538.1,1790477459999,220011.24198,802,117408.3,178713.32241,0
1790477460000,1.5225,1.5231,1.5225,1.5226,100767.7,1790477519999,153451.82668,676,87660.2,133491.24212,0
1790477520000,1.5226,1.5227,1.5220,1.5221,231042.8,1790477579999,351703.35896,864,148703.5,226357.75778,0
1790477580000,1.5220,1.5221,1.5216,1.5217,171842.5,1790477639999,261514.10033,567,87121.2,132590.31941,0
1790477640000,1.5217,1.5217,1.5206,1.5206,223240.6,1790477699999,339546.23165,553,21852.2,33238.85576,0
1790477700000,1.5207,1.5207,1.5200,1.5201,188354.9,1790477759999,286332.58734,574,120871.2,183742.03091,0
1790477760000,1.5201,1.5201,1.5192,1.5196,316878.2,1790477819999,481541.77188,1051,113985.4,173219.76676,0
1790477820000,1.5197,1.5200,1.5196,1.5199,107222.8,1790477879999,162963.52031,587,80114.9,121765.13491,0
1790477880000,1.5199,1.5200,1.5193,1.5194,373530.3,1790477939999,567590.98725,795,128557.8,195338.48953,0
1790477940000,1.5195,1.5200,1.5190,1.5198,247017.6,1790477999999,375331.38410,937,112093.3,170316.20752,0
1790478000000,1.5199,1.5201,1.5196,1.5198,313053.2,1790478059999,475792.33586,626,68241.4,103718.82779,0
1790478060000,1.5199,1.5200,1.5192,1.5197,386846.4,1790478119999,587803.68647,782,223248.3,339204.72160,0
1790478120000,1.5197,1.5200,1.5194,1.5195,65003.0,1790478179999,98791.36758,576,21286.5,32349.47856,0
1790478180000,1.5195,1.5199,1.5195,1.5196,109411.6,1790478239999,166274.70386,445,16604.5,25233.21721,0
1790478240000,1.5197,1.5197,1.5189,1.5190,80823.5,1790478299999,122793.93229,591,27316.4,41504.47716,0
1790478300000,1.5190,1.5206,1.5190,1.5199,474619.5,1790478359999,721493.38459,1215,434019.5,659787.16296,0
1790478360000,1.5200,1.5213,1.5198,1.5212,237848.3,1790478419999,361729.33414,1174,170835.4,259810.57006,0
1790478420000,1.5212,1.5214,1.5211,1.5212,104253.3,1790478479999,158594.82336,350,80591.9,122602.46624,0
1790478480000,1.5212,1.5213,1.5208,1.5210,374973.0,1790478539999,570322.76441,765,257464.7,391591.43567,0
1790478540000,1.5210,1.5210,1.5196,1.5197,195441.3,1790478599999,297130.43245,810,31691.9,48193.31607,0
1790478600000,1.5196,1.5196,1.5191,1.5193,218341.9,1790478659999,331728.37208,712,60697.8,92222.09000,0
1790478660000,1.5194,1.5194,1.5185,1.5187,125816.1,1790478719999,191083.94170,567,66256.6,100624.53866,0
1790478720000,1.5187,1.5191,1.5184,1.5190,114854.0,1790478779999,174435.70530,623,71289.2,108280.88802,0
1790478780000,1.5190,1.5197,1.5190,1.5197,102743.5,1790478839999,156109.24109,638,62827.3,95462.62924,0
1790478840000,1.5198,1.5206,1.5196,1.5203,182944.5,1790478899999,278065.69168,755,125472.8,190712.50040,0
1790478900000,1.5204,1.5204,1.5193,1.5193,55426.6,1790478959999,84237.75980,462,24865.2,37786.22179,0
1790478960000,1.5194,1.5196,1.5188,1.5189,81714.6,1790479019999,124134.91447,710,46655.1,70873.57808,0
1790479020000,1.5189,1.5197,1.5187,1.5196,150117.2,1790479079999,228084.67016,642,66900.7,101646.69116,0
1790479080000,1.5197,1.5200,1.5196,1.5197,79130.2,1790479139999,120260.72057,465,40511.1,61566.91079,0
1790479140000,1.5196,1.5197,1.5181,1.5183,306531.2,1790479199999,465583.70077,792,28465.8,43228.66881,0
1790479200000,1.5184,1.5185,1.5167,1.5167,370370.9,1790479259999,562115.92957,1300,66688.9,101233.87666,0
1790479260000,1.5168,1.5169,1.5158,1.5165,792099.6,1790479319999,1200933.80342,1143,352619.3,534572.19222,0
1790479320000,1.5165,1.5171,1.5160,1.5160,355946.0,1790479379999,539770.66980,794,55056.5,83489.08109,0
1790479380000,1.5161,1.5162,1.5157,1.5162,199346.5,1790479439999,302201.86101,701,120110.8,182083.46901,0
1790479440000,1.5162,1.5164,1.5158,1.5159,303383.4,1790479499999,459948.04338,720,88316.9,133887.06288,0
1790479500000,1.5159,1.5164,1.5151,1.5158,153191.9,1790479559999,232161.90118,960,77778.6,117870.44868,0
1790479560000,1.5158,1.5163,1.5155,1.5156,189175.1,1790479619999,286762.07566,846,66314.2,100530.90605,0
1790479620000,1.5156,1.5157,1.5151,1.5151,125863.5,1790479679999,190719.67862,461,50310.8,76235.40682,0
1790479680000,1.5151,1.5155,1.5151,1.5155,93090.9,1790479739999,141055.85560,401,31397.9,47577.01074,0
1790479740000,1.5155,1.5157,1.5152,1.5154,226379.4,1790479799999,343046.58980,604,73850.7,111911.68653,0
1790479800000,1.5154,1.5166,1.5151,1.5165,240770.7,1790479859999,364905.08047,867,193856.3,293818.54627,0
1790479860000,1.5166,1.5166,1.5156,1.5160,148082.0,1790479919999,224491.10247,730,60989.4,92455.60120,0
1790479920000,1.5159,1.5160,1.5152,1.5159,145957.6,1790479979999,221206.09365,615,30981.6,46956.03571,0
1790479980000,1.5160,1.5172,1.5159,1.5169,150615.9,1790480039999,228394.00087,822,80461.1,122017.92030,0
1790480040000,1.5169,1.5169,1.5164,1.5164,99938.6,1790480099999,151562.30460,337,66808.2,101320.16656,0
1790480100000,1.5164,1.5165,1.5161,1.5161,292652.9,1790480159999,443719.85770,401,49134.9,74507.01199,0
1790480160000,1.5162,1.5166,1.5156,1.5166,138757.4,1790480219999,210351.87792,747,94970.5,143969.16620,0
1790480220000,1.5166,1.5177,1.5166,1.5174,404762.9,1790480279999,614080.82291,836,358261.1,543526.35949,0
1790480280000,1.5173,1.5173,1.5163,1.5167,273080.1,1790480339999,414165.29759,545,177915.9,269824.28540,0
1790480340000,1.5167,1.5171,1.5165,1.5167,213744.0,1790480399999,324231.64404,574,153476.7,232811.91400,0
1790480400000,1.5167,1.5173,1.5164,1.5165,190919.0,1790480459999,289599.63700,630,109893.8,166689.76178,0
1790480460000,1.5166,1.5166,1.5161,1.5163,124649.0,1790480519999,189014.68572,417,70110.0,106308.79920,0
1790480520000,1.5163,1.5170,1.5156,1.5163,462121.5,1790480579999,700667.62258,1113,159741.7,242200.07726,0
1790480580000,1.5162,1.5165,1.5162,1.5162,110968.2,1790480639999,168271.10162,354,23766.4,36039.36272,0
1790480640000,1.5162,1.5163,1.5160,1.5161,77768.9,1790480699999,117909.02947,218,34609.1,52472.74135,0
1790480700000,1.5161,1.5162,1.5155,1.5155,114565.7,1790480759999,173657.71611,339,6358.2,9636.69702,0
1790480760000,1.5155,1.5156,1.5149,1.5149,201654.1,1790480819999,305537.56956,483,42262.4,64034.60327,0
1790480820000,1.5149,1.5152,1.5146,1.5146,248604.7,1790480879999,376600.54865,833,164049.4,248517.75763,0
1790480880000,1.5146,1.5156,1.5146,1.5149,276795.9,1790480939999,419358.41355,1055,173600.5,263010.05296,0
1790480940000,1.5148,1.5150,1.5144,1.5146,241247.3,1790480999999,365410.14084,757,108850.0,164883.09445,0
1790481000000,1.5147,1.5148,1.5145,1.5147,134458.6,1790481059999,203663.41395,297,86285.1,130695.56971,0
1790481060000,1.5148,1.5152,1.5147,1.5149,154531.0,1790481119999,234096.09968,603,113553.1,172018.44607,0
1790481120000,1.5148,1.5158,1.5148,1.5155,115219.0,1790481179999,174582.89758,566,79784.8,120895.41957,0
1790481180000,1.5155,1.5156,1.5153,1.5153,75087.2,1790481239999,113792.17198,259,20452.9,30995.96732,0
1790481240000,1.5153,1.5154,1.5147,1.5147,211266.6,1790481299999,320100.39908,489,36954.1,55995.73119,0
1790481300000,1.5148,1.5150,1.5147,1.5149,49199.2,1790481359999,74531.46957,325,30831.3,46705.95928,0
1790481360000,1.5149,1.5150,1.5145,1.5146,92453.5,1790481419999,140038.53621,512,41848.0,63384.46936,0
1790481420000,1.5147,1.5148,1.5145,1.5148,47919.6,1790481479999,72583.67456,318,33461.6,50684.58469,0
1790481480000,1.5147,1.5149,1.5147,1.5149,53330.2,1790481539999,80785.10493,282,45120.6,68349.77309,0
1790481540000,1.5148,1.5154,1.5148,1.5149,434729.5,1790481599999,658692.53869,669,277355.5,420239.80450,0
1790481600000,1.5150,1.5153,1.5147,1.5153,224232.0,1790481659999,339697.47992,701,146443.1,221857.73160,0
1790481660000,1.5153,1.5153,1.5133,1.5133,628115.9,1790481719999,950811.93014,1487,134467.5,203548.79545,0
1790481720000,1.5134,1.5136,1.5126,1.5131,554963.0,1790481779999,839692.22055,1313,124355.3,188156.72548,0
1790481780000,1.5131,1.5134,1.5125,1.5134,352151.9,1790481839999,532758.83605,1003,124802.5,188816.28110,0
1790481840000,1.5135,1.5148,1.5135,1.5139,261817.6,1790481899999,396499.75519,1117,122052.0,184815.74309,0
1790481900000,1.5139,1.5139,1.5130,1.5133,116697.7,1790481959999,176595.64831,847,78534.7,118841.57944,0
1790481960000,1.5133,1.5146,1.5132,1.5146,159848.5,1790482019999,241970.64654,810,96398.2,145919.09484,0
1790482020000,1.5145,1.5163,1.5145,1.5160,494228.9,1790482079999,749081.69210,1605,374903.9,568214.62409,0
1790482080000,1.5159,1.5159,1.5150,1.5152,289622.3,1790482139999,438892.34798,1034,192628.2,291897.98229,0
1790482140000,1.5152,1.5152,1.5143,1.5144,146856.6,1790482199999,222445.15414,773,59617.9,90301.97615,0
1790482200000,1.5144,1.5154,1.5144,1.5154,125026.9,1790482259999,189384.29054,697,91956.1,139289.57427,0
1790482260000,1.5154,1.5170,1.5154,1.5170,206668.2,1790482319999,313353.72634,982,165141.8,250384.75833,0
1790482320000,1.5170,1.5180,1.5170,1.5180,277543.5,1790482379999,421168.80109,1172,236716.1,359212.72559,0
1790482380000,1.5180,1.5182,1.5169,1.5171,316068.8,1790482439999,479638.91525,957,229296.2,347976.61861,0
1790482440000,1.5171,1.5173,1.5168,1.5168,155907.3,1790482499999,236535.89929,415,78944.9,119768.66025,0
1790482500000,1.5169,1.5174,1.5165,1.5174,171117.2,1790482559999,259547.24698,812,77592.9,117696.59523,0
1790482560000,1.5174,1.5174,1.5163,1.5164,66543.1,1790482619999,100941.92518,375,29358.1,44537.39221,0
1790482620000,1.5164,1.5170,1.5160,1.5160,180508.9,1790482679999,273742.15845,865,114410.1,173504.52623,0
1790482680000,1.5160,1.5160,1.5147,1.5147,302991.2,1790482739999,459189.33251,1001,56465.7,85559.48597,0
1790482740000,1.5147,1.5150,1.5145,1.5146,132833.4,1790482799999,201210.68487,389,25996.8,39379.86123,0
1790482800000,1.5145,1.5148,1.5137,1.5138,221326.7,1790482859999,335142.61605,853,63140.3,95609.46001,0
1790482860000,1.5137,1.5158,1.5137,1.5149,960576.4,1790482919999,1455344.08589,1816,601674.7,911499.89740,0
1790482920000,1.5148,1.5149,1.5138,1.5139,106147.7,1790482979999,160752.18187,446,26349.0,39897.93258,0
1790482980000,1.5139,1.5139,1.5133,1.5136,220465.7,1790483039999,333693.21220,668,119966.5,181580.49185,0
1790483040000,1.5137,1.5139,1.5130,1.5132,427211.3,1790483099999,646559.80754,993,235954.7,357115.67439,0
1790483100000,1.5133,1.5140,1.5132,1.5139,155223.9,1790483159999,234926.34580,569,107000.6,161942.05291,0
1790483160000,1.5139,1.5140,1.5131,1.5131,312988.3,1790483219999,473682.55588,555,97018.1,146826.90051,0
1790483220000,1.5132,1.5134,1.5130,1.5132,227536.1,1790483279999,344297.41489,523,125077.2,189266.50305,0
1790483280000,1.5131,1.5132,1.5119,1.5119,573623.3,1790483339999,867549.53172,1306,128586.4,194465.93799,0
1790483340000,1.5120,1.5120,1.5084,1.5107,1882897.6,1790483399999,2843567.85691,2925,559940.8,845689.27071,0
1790483400000,1.5107,1.5109,1.5101,1.5103,571109.0,1790483459999,862649.68039,1229,228620.2,345323.46221,0
1790483460000,1.5104,1.5105,1.5091,1.5097,1131204.6,1790483519999,1707792.10463,1740,269215.8,406465.52353,0
1790483520000,1.5098,1.5105,1.5096,1.5102,470078.8,1790483579999,709855.19698,1050,264819.7,399892.23079,0
1790483580000,1.5101,1.5106,1.5091,1.5096,634178.3,1790483639999,957458.36587,1279,152296.1,229982.30647,0
1790483640000,1.5097,1.5102,1.5096,1.5098,260186.7,1790483699999,392825.53515,732,143571.9,216761.20897,0
1790483700000,1.5097,1.5100,1.5094,1.5097,282496.5,1790483759999,426496.61168,756,114660.4,173114.05036,0
1790483760000,1.5097,1.5098,1.5091,1.5093,312476.8,1790483819999,471663.33202,788,107234.4,161870.26094,0
1790483820000,1.5092,1.5093,1.5070,1.5070,1980701.0,1790483879999,2986749.32401,2620,441825.0,666246.37121,0
1790483880000,1.5071,1.5076,1.5071,1.5074,348385.2,1790483939999,525170.21727,761,168699.8,254303.62005,0
1790483940000,1.5074,1.5075,1.5061,1.5065,599693.9,1790483999999,903549.75333,1371,145985.7,219936.82372,0
1790484000000,1.5066,1.5075,1.5065,1.5075,216470.4,1790484059999,326246.06429,808,191510.0,288634.63951,0
1790484060000,1.5075,1.5079,1.5067,1.5068,436666.0,1790484119999,658242.90591,1137,108651.7,163785.57546,0
1790484120000,1.5067,1.5075,1.5066,1.5074,352618.6,1790484179999,531373.99641,684,197292.6,297293.62596,0
1790484180000,1.5075,1.5081,1.5066,1.5069,428763.4,1790484239999,646286.13553,1135,236346.3,356287.69618,0
1790484240000,1.5069,1.5069,1.5057,1.5060,362953.4,1790484299999,546719.39876,911,118424.0,178377.12354,0
1790484300000,1.5061,1.5069,1.5060,1.5068,370374.1,1790484359999,557947.52982,1025,196780.1,296440.90497,0
1790484360000,1.5069,1.5069,1.5057,1.5060,538851.3,1790484419999,811547.17514,1218,209737.1,315857.53965,0
1790484420000,1.5060,1.5083,1.5060,1.5080,1103186.8,1790484479999,1662666.26474,1707,953853.4,1437532.13838,0
1790484480000,1.5080,1.5080,1.5076,1.5077,144439.8,1790484539999,217779.20302,413,69089.2,104170.55171,0
1790484540000,1.5076,1.5077,1.5068,1.5068,266118.2,1790484599999,401109.04285,890,107179.8,161547.29962,0
1790484600000,1.5069,1.5073,1.5060,1.5060,126761.4,1790484659999,191027.72991,775,48489.0,73071.95167,0
1790484660000,1.5060,1.5061,1.5055,1.5060,285099.0,1790484719999,429324.76497,678,114328.5,172164.56907,0
1790484720000,1.5061,1.5065,1.5059,1.5060,345111.4,1790484779999,519782.49408,861,204227.6,307594.85251,0
1790484780000,1.5060,1.5075,1.5059,1.5074,258276.1,1790484839999,389245.46749,871,175496.8,264489.36330,0
1790484840000,1.5074,1.5074,1.5065,1.5066,79243.4,1790484899999,119420.56016,479,33786.4,50918.27518,0
1790484900000,1.5065,1.5072,1.5065,1.5072,133726.4,1790484959999,201503.62990,546,92421.2,139265.89343,0
1790484960000,1.5072,1.5076,1.5069,1.5076,166030.1,1790485019999,250252.21273,608,74901.9,112905.93456,0
1790485020000,1.5076,1.5077,1.5072,1.5073,240356.1,1790485079999,362315.87436,674,112782.7,170008.81353,0
1790485080000,1.5073,1.5073,1.5069,1.5070,101377.8,1790485139999,152789.81565,443,28511.1,42971.03467,0
1790485140000,1.5070,1.5073,1.5066,1.5066,179394.3,1790485199999,270357.48786,610,56089.9,84529.09678,0
1790485200000,1.5066,1.5071,1.5064,1.5068,483911.5,1790485259999,729225.85124,1067,310409.2,467767.00799,0
1790485260000,1.5068,1.5073,1.5065,1.5072,343896.7,1790485319999,518223.09647,854,76858.0,115812.74871,0
1790485320000,1.5072,1.5092,1.5072,1.5087,537828.7,1790485379999,811109.37865,1548,302176.1,455712.22851,0
1790485380000,1.5088,1.5097,1.5087,1.5092,342408.9,1790485439999,516801.73817,763,282299.3,426067.90171,0
1790485440000,1.5091,1.5094,1.5090,1.5093,298212.5,1790485499999,450055.86955,545,223692.2,337587.84220,0
1790485500000,1.5093,1.5108,1.5093,1.5106,529523.4,1790485559999,799581.73292,1245,438992.7,662899.73908,0
1790485560000,1.5106,1.5109,1.5103,1.5107,310814.4,1790485619999,469518.32729,837,195210.5,294897.40495,0
1790485620000,1.5106,1.5127,1.5104,1.5127,1267970.9,1790485679999,1916368.40883,1783,1021222.8,1543431.80633,0
1790485680000,1.5126,1.5134,1.5125,1.5132,497738.2,1790485739999,753031.08388,995,299954.8,453797.69223,0
1790485740000,1.5133,1.5137,1.5124,1.5128,375935.2,1790485799999,568850.32614,1104,217752.9,329485.92750,0
1790485800000,1.5128,1.5134,1.5128,1.5133,191410.4,1790485859999,289617.65450,519,81332.7,123064.96744,0
1790485860000,1.5133,1.5135,1.5126,1.5126,164199.1,1790485919999,248479.88291,706,91677.7,138737.40139,0
1790485920000,1.5127,1.5127,1.5119,1.5121,243048.2,1790485979999,367552.03640,647,78939.4,119367.05847,0
1790485980000,1.5122,1.5130,1.5120,1.5120,255131.8,1790486039999,385863.79044,976,206032.4,311595.45445,0
1790486040000,1.5121,1.5125,1.5118,1.5123,103460.8,1790486099999,156437.74905,635,63623.2,96203.38691,0
1790486100000,1.5124,1.5131,1.5120,1.5131,234965.8,1790486159999,355375.59167,641,198737.0,300578.89861,0
1790486160000,1.5131,1.5135,1.5130,1.5133,153127.7,1790486219999,231723.71108,485,98787.1,149491.29588,0
1790486220000,1.5132,1.5132,1.5128,1.5132,150525.8,1790486279999,227753.78691,636,92336.4,139707.03949,0
1790486280000,1.5132,1.5148,1.5131,1.5145,402489.9,1790486339999,609398.81505,1031,321677.0,487023.32548,0
1790486340000,1.5144,1.5146,1.5139,1.5146,243739.2,1790486399999,369066.23640,706,185501.2,280882.24308,0
1790486400000,1.5145,1.5145,1.5132,1.5134,260704.7,1790486459999,394719.25420,811,116614.4,176566.89327,0
1790486460000,1.5135,1.5141,1.5135,1.5139,286994.6,1790486519999,434499.82342,717,145882.5,220857.73407,0
1790486520000,1.5140,1.5144,1.5140,1.5140,76683.9,1790486579999,116118.93908,528,46676.5,70681.64413,0
1790486580000,1.5140,1.5145,1.5138,1.5141,102264.4,1790486639999,154849.98189,513,53331.2,80748.84012,0
1790486640000,1.5142,1.5144,1.5140,1.5140,68278.8,1790486699999,103390.74419,326,23440.9,35495.20865,0
1790486700000,1.5141,1.5143,1.5138,1.5138,75666.0,1790486759999,114566.87969,433,50909.1,77084.96723,0
1790486760000,1.5138,1.5140,1.5129,1.5129,117245.8,1790486819999,177443.75075,760,42249.8,63946.24483,0
1790486820000,1.5129,1.5134,1.5129,1.5133,100842.9,1790486879999,152587.34837,338,46668.4,70620.48249,0
1790486880000,1.5133,1.5134,1.5133,1.5133,33981.8,1790486939999,51424.99989,149,3419.5,5175.07130,0
1790486940000,1.5133,1.5134,1.5127,1.5128,177220.4,1790486999999,268170.14012,501,19063.5,28842.76145,0
1790487000000,1.5129,1.5134,1.5125,1.5133,421298.7,1790487059999,637388.29801,974,280023.7,423668.49113,0
1790487060000,1.5134,1.5136,1.5128,1.5129,135438.0,1790487119999,204975.24534,544,81470.2,123299.77651,0
1790487120000,1.5129,1.5136,1.5128,1.5136,136252.3,1790487179999,206175.12678,585,115286.7,174450.01011,0
1790487180000,1.5135,1.5145,1.5135,1.5143,205672.2,1790487239999,311417.31806,684,128562.3,194646.48040,0
1790487240000,1.5142,1.5147,1.5142,1.5146,231936.5,1790487299999,351269.63325,451,193969.1,293771.04962,0
1790487300000,1.5147,1.5161,1.5146,1.5160,764261.4,1790487359999,1158123.88874,1651,577795.6,875624.82754,0
1790487360000,1.5161,1.5184,1.5158,1.5184,645542.2,1790487419999,979308.02372,1979,489322.2,742293.47669,0
1790487420000,1.5184,1.5217,1.5184,1.5211,1845028.5,1790487479999,2805557.49320,5384,1157237.4,1759620.19798,0
1790487480000,1.5211,1.5235,1.5210,1.5235,1176629.8,1790487539999,1791158.53631,3455,670687.1,1020918.61359,0
1790487540000,1.5235,1.5237,1.5184,1.5199,1627144.1,1790487599999,2475048.21582,3419,497128.7,756026.15056,0
1790487600000,1.5199,1.5202,1.5190,1.5193,336587.0,1790487659999,511497.14356,1165,177432.2,269625.54018,0
1790487660000,1.5193,1.5196,1.5178,1.5178,558067.3,1790487719999,847712.04036,1263,212194.9,322370.58658,0
1790487720000,1.5178,1.5182,1.5176,1.5179,236671.8,1790487779999,359241.87846,683,122683.3,186231.73382,0
1790487780000,1.5179,1.5186,1.5179,1.5183,197458.3,1790487839999,299786.45970,756,138221.4,209844.51105,0
1790487840000,1.5182,1.5190,1.5180,1.5188,323133.1,1790487899999,490668.78462,922,270021.7,410016.18297,0
1790487900000,1.5188,1.5194,1.5183,1.5183,303974.0,1790487959999,461644.80243,1076,187090.0,284107.65820,0
1790487960000,1.5183,1.5214,1.5183,1.5211,566200.5,1790488019999,860797.81070,1916,360451.8,547893.87993,0
1790488020000,1.5211,1.5218,1.5193,1.5196,363311.6,1790488079999,552346.18673,1419,227174.8,345346.83514,0
1790488080000,1.5195,1.5209,1.5188,1.5202,334314.2,1790488139999,508127.09545,1641,238319.3,362222.97957,0
1790488140000,1.5203,1.5208,1.5201,1.5207,190443.9,1790488199999,289556.83492,842,155231.8,236017.78140,0
1790488200000,1.5207,1.5214,1.5201,1.5201,397889.1,1790488259999,605188.69524,1015,294039.5,447258.80867,0
1790488260000,1.5202,1.5202,1.5196,1.5201,97081.3,1790488319999,147553.46748,561,64588.9,98166.87579,0
1790488320000,1.5200,1.5202,1.5196,1.5202,124080.4,1790488379999,188581.64546,698,76052.7,115583.88275,0
1790488380000,1.5201,1.5208,1.5195,1.5195,198087.5,1790488439999,301150.63581,813,92057.4,139961.34529,0
1790488440000,1.5195,1.5198,1.5193,1.5196,152424.2,1790488499999,231623.89098,599,91219.0,138613.91347,0
1790488500000,1.5197,1.5202,1.5196,1.5199,189674.3,1790488559999,288272.01649,861,127308.0,193481.12356,0
1790488560000,1.5198,1.5199,1.5195,1.5197,132194.6,1790488619999,200899.74738,497,51284.0,77938.22696,0
1790488620000,1.5196,1.5196,1.5189,1.5191,196743.4,1790488679999,298883.42906,697,47953.7,72844.80140,0
1790488680000,1.5191,1.5193,1.5188,1.5188,156439.3,1790488739999,237631.43912,561,52436.2,79651.88944,0
1790488740000,1.5188,1.5192,1.5184,1.5187,224194.7,1790488799999,340510.43910,903,57022.0,86603.99015,0
1790488800000,1.5186,1.5191,1.5183,1.5185,266893.6,1790488859999,405322.70162,871,177298.4,269256.88310,0
1790488860000,1.5186,1.5186,1.5173,1.5180,424806.2,1790488919999,644848.06590,1051,144811.7,219800.86388,0
1790488920000,1.5180,1.5192,1.5177,1.5192,254464.0,1790488979999,386351.32939,1250,204835.9,310998.83591,0
1790488980000,1.5191,1.5197,1.5187,1.5193,193988.1,1790489039999,294702.33173,1294,90931.0,138139.65782,0
1790489040000,1.5192,1.5199,1.5184,1.5199,117609.7,1790489099999,178653.54702,956,56371.2,85628.90333,0
1790489100000,1.5199,1.5208,1.5186,1.5186,125995.4,1790489159999,191519.06541,1202,48684.1,73996.54669,0
1790489160000,1.5187,1.5191,1.5187,1.5190,76825.7,1790489219999,116690.00053,600,62634.3,95134.42960,0
1790489220000,1.5191,1.5214,1.5191,1.5213,325835.4,1790489279999,495480.56650,1742,240656.3,365955.86861,0
1790489280000,1.5213,1.5222,1.5212,1.5215,319292.8,1790489339999,485899.45182,1116,134096.0,204055.04927,0
1790489340000,1.5214,1.5220,1.5213,1.5218,237540.9,1790489399999,361432.82844,878,157543.1,239710.84996,0
1790489400000,1.5218,1.5232,1.5217,1.5225,215813.5,1790489459999,328566.07791,1410,130238.3,198272.60692,0
1790489460000,1.5226,1.5232,1.5215,1.5219,206013.5,1790489519999,313670.44173,1105,130574.1,198810.69313,0
1790489520000,1.5219,1.5231,1.5218,1.5230,188572.4,1790489579999,287097.62146,1287,117684.3,179171.76854,0
1790489580000,1.5230,1.5231,1.5227,1.5228,153457.8,1790489639999,233697.24282,512,105215.6,160229.75386,0
1790489640000,1.5228,1.5249,1.5227,1.5241,1749290.5,1790489699999,2665688.34052,2311,1444294.4,2200927.46299,0
1790489700000,1.5241,1.5247,1.5231,1.5232,1096376.4,1790489759999,1670716.15623,1142,397808.1,606322.84653,0
1790489760000,1.5232,1.5237,1.5221,1.5223,631074.5,1790489819999,960863.04592,1245,125983.2,191867.28033,0
1790489820000,1.5224,1.5233,1.5221,1.5226,810470.3,1790489879999,1234144.61000,1365,478064.5,727977.29835,0
1790489880000,1.5226,1.5238,1.5225,1.5228,762783.4,1790489939999,1161809.41204,1190,319160.3,486107.61620,0
1790489940000,1.5228,1.5235,1.5224,1.5235,360319.1,1790489999999,548747.56733,934,252117.2,383967.14069,0
1790490000000,1.5234,1.5243,1.5234,1.5240,688785.5,1790490059999,1049663.94869,1145,224585.6,342234.44803,0
1790490060000,1.5239,1.5240,1.5217,1.5223,802942.6,1790490119999,1222798.02871,1422,173867.4,264691.71446,0
1790490120000,1.5224,1.5225,1.5220,1.5224,257275.1,1790490179999,391646.65193,722,65753.9,100097.61309,0
1790490180000,1.5224,1.5232,1.5223,1.5226,302175.2,1790490239999,460081.43885,929,191150.4,291032.25822,0
1790490240000,1.5225,1.5230,1.5222,1.5225,402292.5,1790490299999,612504.53366,1196,171639.3,261339.77473,0
1790490300000,1.5225,1.5230,1.5224,1.5224,163930.8,1790490359999,249622.64655,770,87694.9,133534.26839,0
1790490360000,1.5225,1.5244,1.5222,1.5243,429315.6,1790490419999,654017.88666,1917,271366.3,413366.31024,0
1790490420000,1.5243,1.5246,1.5241,1.5241,456859.2,1790490479999,696405.91629,1249,303325.3,462376.55756,0
1790490480000,1.5242,1.5246,1.5238,1.5239,217072.5,1790490539999,330858.81219,1118,113768.2,173403.48325,0
1790490540000,1.5238,1.5238,1.5222,1.5224,363365.7,1790490599999,553301.05464,1247,144311.4,219759.64631,0
1790490600000,1.5225,1.5228,1.5218,1.5222,442658.1,1790490659999,673767.69286,946,181408.3,276129.68713,0
1790490660000,1.5223,1.5225,1.5214,1.5221,642223.6,1790490719999,977483.77830,1257,288938.7,439756.80002,0
1790490720000,1.5222,1.5222,1.5201,1.5201,259711.7,1790490779999,395062.11700,994,30923.1,47024.72447,0
1790490780000,1.5201,1.5202,1.5186,1.5186,700106.3,1790490839999,1063733.53336,1994,263921.3,400956.27206,0
1790490840000,1.5187,1.5199,1.5186,1.5199,306389.3,1790490899999,465454.36604,852,225481.6,342559.91117,0
1790490900000,1.5198,1.5211,1.5193,1.5207,325787.1,1790490959999,495316.94098,1262,214616.5,326295.08910,0
1790490960000,1.5206,1.5208,1.5202,1.5208,122569.7,1790491019999,186358.10291,668,79956.2,121571.08512,0
1790491020000,1.5208,1.5216,1.5203,1.5216,256569.7,1790491079999,390196.28922,956,99161.6,150826.45073,0
1790491080000,1.5216,1.5224,1.5212,1.5216,225627.5,1790491139999,343332.05648,1119,163118.6,248205.36193,0
1790491140000,1.5215,1.5215,1.5204,1.5205,312277.9,1790491199999,474964.20378,1132,229672.2,349304.46543,0
1790491200000,1.5206,1.5214,1.5206,1.5213,168132.8,1790491259999,255715.91945,816,93503.6,142211.31790,0
1790491260000,1.5213,1.5222,1.5208,1.5211,253869.9,1790491319999,386280.30727,1093,156965.6,238831.41657,0
1790491320000,1.5211,1.5212,1.5202,1.5203,122758.1,1790491379999,186659.85828,848,77832.5,118345.58637,0
1790491380000,1.5203,1.5207,1.5200,1.5202,144568.9,1790491439999,219806.77293,783,64416.7,97938.69322,0
1790491440000,1.5203,1.5209,1.5200,1.5209,112393.7,1790491499999,170901.49611,883,59498.0,90469.90311,0
1790491500000,1.5208,1.5210,1.5208,1.5210,32492.1,1790491559999,49416.03379,229,18665.3,28388.22645,0
1790491560000,1.5210,1.5222,1.5208,1.5215,181090.5,1790491619999,275520.84395,1178,92270.0,140382.52021,0
1790491620000,1.5215,1.5222,1.5215,1.5216,137220.4,1790491679999,208823.68835,733,32975.7,50184.20450,0
1790491680000,1.5215,1.5220,1.5210,1.5213,86334.0,1790491739999,131365.64618,969,44529.1,67749.92385,0
1790491740000,1.5214,1.5221,1.5213,1.5216,172570.5,1790491799999,262603.31475,831,50780.5,77274.14099,0
1790491800000,1.5217,1.5217,1.5207,1.5207,113241.0,1790491859999,172246.03341,784,53842.4,81897.53165,0
1790491860000,1.5208,1.5211,1.5204,1.5211,107684.7,1790491919999,163758.81001,753,67297.6,102338.35073,0
1790491920000,1.5212,1.5216,1.5208,1.5212,67416.0,1790491979999,102550.84730,758,22049.6,33542.45929,0
1790491980000,1.5212,1.5217,1.5210,1.5213,62149.0,1790492039999,94557.32321,609,28013.0,42621.61689,0
1790492040000,1.5212,1.5214,1.5205,1.5209,74015.9,1790492099999,112577.01207,558,51096.8,77718.52067,0
1790492100000,1.5209,1.5213,1.5200,1.5208,191031.5,1790492159999,290487.55423,924,56758.3,86302.87177,0
1790492160000,1.5207,1.5207,1.5204,1.5205,36858.8,1790492219999,56046.93537,398,12700.4,19311.78102,0
1790492220000,1.5205,1.5205,1.5195,1.5204,149994.2,1790492279999,227979.87741,916,83716.5,127241.03530,0
1790492280000,1.5204,1.5208,1.5202,1.5208,157330.8,1790492339999,239227.86905,614,70959.9,107895.57023,0
1790492340000,1.5207,1.5218,1.5206,1.5210,554222.2,1790492399999,843089.22258,1149,365252.3,555610.98010,0
1790492400000,1.5210,1.5221,1.5208,1.5221,330084.8,1790492459999,502078.64890,808,142311.1,216474.90314,0
1790492460000,1.5221,1.5223,1.5215,1.5216,151827.5,1790492519999,231094.16164,726,69246.6,105401.43296,0
1790492520000,1.5216,1.5227,1.5215,1.5227,103146.9,1790492579999,157013.01262,1154,87985.3,133932.69909,0
1790492580000,1.5226,1.5232,1.5221,1.5231,328746.3,1790492639999,500621.20257,1298,242406.2,369151.81933,0
1790492640000,1.5230,1.5230,1.5221,1.5223,127064.0,1790492699999,193462.40427,500,46296.1,70472.23093,0
1790492700000,1.5222,1.5224,1.5216,1.5216,107743.8,1790492759999,163991.93657,722,73273.5,111525.98547,0
1790492760000,1.5216,1.5217,1.5194,1.5194,235915.0,1790492819999,358779.24604,836,15450.2,23485.57779,0
1790492820000,1.5194,1.5204,1.5194,1.5203,127231.0,1790492879999,193395.22454,889,62305.1,94692.81356,0
1790492880000,1.5202,1.5209,1.5202,1.5209,61827.9,1790492939999,94003.68646,499,31842.9,48415.72066,0
1790492940000,1.5208,1.5222,1.5208,1.5212,104777.6,1790492999999,159412.03224,1226,74176.5,112853.74252,0
1790493000000,1.5211,1.5224,1.5211,1.5216,145362.5,1790493059999,221201.99717,1006,103267.9,157139.60369,0
1790493060000,1.5216,1.5230,1.5216,1.5224,175859.7,1790493119999,267684.59440,1227,97004.7,147650.46008,0
1790493120000,1.5223,1.5229,1.5216,1.5225,699531.3,1790493179999,1064811.68831,1447,469902.5,715304.35422,0
1790493180000,1.5224,1.5226,1.5218,1.5219,58981.6,1790493239999,89788.35114,440,37093.4,56469.15983,0
1790493240000,1.5219,1.5223,1.5218,1.5223,112134.8,1790493299999,170669.14440,525,95417.9,145225.73867,0
1790493300000,1.5223,1.5228,1.5223,1.5223,247904.2,1790493359999,377446.62192,701,137720.2,209687.93242,0
1790493360000,1.5223,1.5232,1.5221,1.5230,192105.0,1790493419999,292542.55796,842,167012.4,254329.20763,0
1790493420000,1.5229,1.5237,1.5212,1.5215,688719.3,1790493479999,1048369.73029,1657,142881.6,217541.24708,0
1790493480000,1.5215,1.5222,1.5212,1.5214,188344.4,1790493539999,286607.34542,791,62544.0,95178.53925,0
1790493540000,1.5214,1.5219,1.5209,1.5218,309974.9,1790493599999,471584.09422,921,52987.4,80612.95056,0
1790493600000,1.5219,1.5226,1.5218,1.5226,83905.9,1790493659999,127723.79039,616,55267.8,84133.01737,0
1790493660000,1.5225,1.5233,1.5224,1.5232,98258.6,1790493719999,149623.98132,748,77915.6,118647.23696,0
1790493720000,1.5231,1.5233,1.5227,1.5228,119393.6,1790493779999,181830.30738,547,60744.7,92513.29900,0
1790493780000,1.5228,1.5242,1.5227,1.5236,310329.1,1790493839999,472807.30156,1186,204722.5,311918.30440,0
1790493840000,1.5236,1.5247,1.5231,1.5245,339867.2,1790493899999,517978.22772,1165,257995.9,393220.64296,0
1790493900000,1.5246,1.5256,1.5245,1.5251,653700.2,1790493959999,996912.96001,1844,330199.9,503589.73103,0
1790493960000,1.5251,1.5259,1.5246,1.5246,290761.9,1790494019999,443513.01674,851,228565.6,348656.79545,0
1790494020000,1.5246,1.5251,1.5246,1.5246,246207.4,1790494079999,375409.60353,554,176686.1,269413.71907,0
1790494080000,1.5247,1.5258,1.5246,1.5258,225708.4,1790494139999,344221.72136,880,192165.4,293060.15070,0
1790494140000,1.5259,1.5259,1.5246,1.5257,481061.3,1790494199999,733843.82146,981,344734.2,525933.64988,0
1790494200000,1.5256,1.5257,1.5250,1.5250,350831.7,1790494259999,535141.42167,947,226071.0,344841.28659,0
1790494260000,1.5250,1.5255,1.5248,1.5251,167609.6,1790494319999,255618.92041,704,98346.5,149993.77555,0
1790494320000,1.5252,1.5263,1.5250,1.5262,356925.1,1790494379999,544535.16371,1317,304506.9,464570.88687,0
1790494380000,1.5262,1.5278,1.5262,1.5269,623677.5,1790494439999,952328.33976,2065,374430.6,571709.16261,0
1790494440000,1.5269,1.5281,1.5269,1.5277,841505.5,1790494499999,1285496.41882,1614,691254.0,1055946.88756,0
1790494500000,1.5277,1.5286,1.5271,1.5273,579883.2,1790494559999,885968.59457,1365,384992.3,588210.03879,0
1790494560000,1.5272,1.5278,1.5268,1.5277,430722.0,1790494619999,657812.11467,1112,264180.8,403447.93374,0
1790494620000,1.5276,1.5277,1.5267,1.5274,343970.9,1790494679999,525311.36171,903,189369.9,289194.01106,0
1790494680000,1.5274,1.5294,1.5274,1.5294,764272.1,1790494739999,1167985.96446,1665,598058.0,913901.43701,0
1790494740000,1.5293,1.5307,1.5292,1.5296,997501.2,1790494799999,1526133.86519,2044,534394.6,817560.81937,0
1790494800000,1.5297,1.5303,1.5288,1.5301,907476.8,1790494859999,1388007.08745,1632,542952.8,830459.96134,0
1790494860000,1.5301,1.5314,1.5295,1.5295,1066407.8,1790494919999,1632347.73018,2370,620505.0,949754.33169,0
1790494920000,1.5296,1.5306,1.5295,1.5305,501070.9,1790494979999,766653.25776,1337,339818.2,519941.78552,0
1790494980000,1.5305,1.5317,1.5295,1.5310,689535.3,1790495039999,1055449.86134,1692,479336.5,733660.40953,0
1790495040000,1.5310,1.5320,1.5307,1.5314,723247.5,1790495099999,1107528.80548,1367,553902.1,848194.47939,0
1790495100000,1.5314,1.5318,1.5307,1.5307,603632.9,1790495159999,924379.75734,969,261318.9,400212.89706,0
1790495160000,1.5308,1.5320,1.5307,1.5316,739698.9,1790495219999,1132693.46221,1119,543907.4,832866.63110,0
1790495220000,1.5317,1.5324,1.5316,1.5320,827124.2,1790495279999,1267121.72000,1228,557191.7,853585.16468,0
1790495280000,1.5320,1.5330,1.5319,1.5330,725143.6,1790495339999,1111289.52249,1271,573535.1,878953.86494,0
1790495340000,1.5330,1.5344,1.5324,1.5340,1241047.4,1790495399999,1902699.47152,2218,756863.0,1160485.40436,0
1790495400000,1.5339,1.5347,1.5329,1.5345,1310458.4,1790495459999,2009963.05575,2280,812568.3,1246309.00706,0
1790495460000,1.5344,1.5348,1.5338,1.5339,779029.5,1790495519999,1195250.54036,1311,543346.8,833651.45975,0
1790495520000,1.5339,1.5348,1.5336,1.5337,418947.3,1790495579999,642784.65079,1038,245484.7,376655.98209,0
1790495580000,1.5336,1.5343,1.5324,1.5327,666447.7,1790495639999,1021863.51696,1397,342080.2,524509.72215,0
1790495640000,1.5327,1.5340,1.5324,1.5326,369872.8,1790495699999,567024.95006,1372,199212.7,305383.60605,0
1790495700000,1.5325,1.5336,1.5325,1.5331,391175.8,1790495759999,599735.54281,856,211420.6,324124.55465,0
1790495760000,1.5331,1.5359,1.5329,1.5343,1380844.5,1790495819999,2118601.81131,2616,953811.4,1463354.77421,0
1790495820000,1.5343,1.5364,1.5340,1.5362,1017881.7,1790495879999,1563034.59101,2303,651443.1,1000270.56663,0
1790495880000,1.5362,1.5369,1.5356,1.5364,1224209.4,1790495939999,1880702.62208,2060,899619.1,1382063.76709,0
1790495940000,1.5364,1.5392,1.5362,1.5379,2242804.9,1790495999999,3448797.43536,3562,1308478.3,2012028.23710,0
1790496000000,1.5379,1.5386,1.5366,1.5370,2211046.9,1790496059999,3400248.91226,2887,1169969.5,1799228.09496,0
1790496060000,1.5369,1.5387,1.5369,1.5383,2484424.1,1790496119999,3820754.62579,2696,1124947.0,1729971.89326,0
1790496120000,1.5383,1.5387,1.5370,1.5383,2845822.5,1790496179999,4377141.63824,2666,1815246.2,2792066.38784,0
1790496180000,1.5383,1.5383,1.5368,1.5368,806478.2,1790496239999,1239849.09625,1698,343063.5,527431.47110,0
1790496240000,1.5368,1.5378,1.5368,1.5376,893554.7,1790496299999,1373793.23472,1202,581357.1,893817.44243,0
1790496300000,1.5375,1.5383,1.5373,1.5382,1191273.2,1790496359999,1832112.42875,1891,690930.1,1062607.67961,0
1790496360000,1.5382,1.5399,1.5382,1.5395,2189822.2,1790496419999,3370411.58328,2563,1255443.1,1932184.71881,0
1790496420000,1.5396,1.5403,1.5392,1.5403,1942560.9,1790496479999,2990932.34404,1966,1159848.7,1785835.78060,0
1790496480000,1.5402,1.5418,1.5395,1.5395,1859733.0,1790496539999,2865374.47022,3025,906025.5,1395907.49271,0
1790496540000,1.5395,1.5395,1.5386,1.5389,720199.5,1790496599999,1108424.74971,1544,327753.6,504408.50879,0
1790496600000,1.5389,1.5394,1.5380,1.5382,1100995.1,1790496659999,1693901.14952,1575,251722.8,387301.55099,0
1790496660000,1.5382,1.5392,1.5377,1.5389,663227.0,1790496719999,1020274.43386,1324,491115.6,755538.92263,0
1790496720000,1.5389,1.5390,1.5352,1.5357,1858746.5,1790496779999,2856325.56318,2965,334325.2,513773.65130,0
1790496780000,1.5357,1.5367,1.5354,1.5364,839804.2,1790496839999,1289968.24837,1492,408773.6,627922.71220,0
1790496840000,1.5364,1.5373,1.5362,1.5373,392374.7,1790496899999,602918.91508,863,253503.6,389551.36075,0
1790496900000,1.5372,1.5392,1.5369,1.5387,759944.2,1790496959999,1168765.08086,1720,474958.6,730431.30175,0
1790496960000,1.5386,1.5411,1.5386,1.5403,833961.8,1790497019999,1284530.03926,2057,429973.8,662201.38664,0
1790497020000,1.5403,1.5411,1.5400,1.5400,702703.3,1790497079999,1082573.32744,1855,314533.5,484539.46900,0
1790497080000,1.5400,1.5401,1.5367,1.5381,1030983.8,1790497139999,1585714.92464,2560,476220.2,732454.02365,0
1790497140000,1.5380,1.5382,1.5365,1.5365,387676.2,1790497199999,595891.35062,1291,201248.8,309343.21409,0
1790497200000,1.5365,1.5379,1.5355,1.5379,1070747.4,1790497259999,1645326.49638,2336,602993.8,926685.81032,0
1790497260000,1.5379,1.5388,1.5375,1.5377,737065.4,1790497319999,1133788.11638,1435,226900.2,349048.37307,0
1790497320000,1.5377,1.5377,1.5356,1.5362,381338.0,1790497379999,585856.64741,1216,131943.5,202696.85189,0
1790497380000,1.5362,1.5362,1.5352,1.5355,797103.1,1790497439999,1224144.84979,1076,186417.4,286267.55217,0
1790497440000,1.5356,1.5359,1.5340,1.5354,809093.7,1790497499999,1241880.64739,1440,154321.4,236921.36300,0
1790497500000,1.5353,1.5365,1.5342,1.5365,509519.4,1790497559999,782012.10862,1459,180650.7,277283.01575,0
1790497560000,1.5365,1.5372,1.5357,1.5369,337793.3,1790497619999,519060.63018,1088,207983.8,319610.49568,0
1790497620000,1.5369,1.5370,1.5358,1.5364,276057.5,1790497679999,424175.00409,834,172634.8,265266.83137,0
1790497680000,1.5364,1.5371,1.5361,1.5371,252887.5,1790497739999,388585.46443,706,103643.7,159238.75514,0
1790497740000,1.5371,1.5380,1.5371,1.5379,183779.2,1790497799999,282590.45168,556,141218.4,217141.52281,0
1790497800000,1.5380,1.5384,1.5365,1.5368,328583.7,1790497859999,505235.52622,1061,130557.3,200752.31797,0
1790497860000,1.5367,1.5393,1.5367,1.5387,689569.6,1790497919999,1061044.70692,1522,445648.0,685696.16264,0
1790497920000,1.5387,1.5409,1.5387,1.5406,718490.9,1790497979999,1106541.27699,1744,471322.3,725888.48596,0
1790497980000,1.5406,1.5417,1.5404,1.5414,552670.0,1790498039999,851739.69287,1638,292070.9,450142.35347,0
1790498040000,1.5413,1.5414,1.5393,1.5398,476147.8,1790498099999,733288.88922,1545,290793.2,447835.55155,0
1790498100000,1.5397,1.5397,1.5372,1.5373,596401.2,1790498159999,917385.40462,1332,166103.4,255443.28999,0
1790498160000,1.5374,1.5386,1.5374,1.5381,273649.0,1790498219999,420856.67594,905,150428.1,231336.15107,0
1790498220000,1.5380,1.5391,1.5377,1.5381,185186.8,1790498279999,284828.10950,905,80705.7,124133.03648,0
1790498280000,1.5380,1.5380,1.5369,1.5370,485512.9,1790498339999,746448.02897,891,126043.2,193771.20835,0
1790498340000,1.5369,1.5374,1.5361,1.5367,454932.1,1790498399999,699096.37427,1289,239060.3,367379.60516,0
1790498400000,1.5366,1.5367,1.5360,1.5361,406720.2,1790498459999,624812.79381,602,77045.5,118361.44451,0
1790498460000,1.5361,1.5362,1.5355,1.5360,333177.7,1790498519999,511707.17639,719,101441.2,155788.71955,0
1790498520000,1.5360,1.5361,1.5353,1.5355,401900.7,1790498579999,617134.58599,616,72188.3,110842.71392,0
1790498580000,1.5356,1.5370,1.5355,1.5356,289580.0,1790498639999,444909.00121,1027,113663.1,174620.30190,0
1790498640000,1.5357,1.5365,1.5353,1.5363,544737.5,1790498699999,836553.68808,1158,288589.3,443230.75414,0
1790498700000,1.5363,1.5363,1.5354,1.5354,243639.7,1790498759999,374169.79333,542,75600.7,116099.85532,0
1790498760000,1.5355,1.5358,1.5352,1.5353,261649.7,1790498819999,401755.52497,618,27220.9,41797.75121,0
1790498820000,1.5352,1.5355,1.5337,1.5351,528460.3,1790498879999,811006.56096,1404,138591.2,212695.02791,0
1790498880000,1.5350,1.5365,1.5350,1.5362,650106.7,1790498939999,998525.52135,1241,388958.1,597367.46776,0
1790498940000,1.5362,1.5367,1.5357,1.5365,385315.7,1790498999999,591884.99906,741,247579.0,380325.29604,0
1790499000000,1.5365,1.5365,1.5355,1.5355,214437.0,1790499059999,329334.67731,618,46375.6,71229.79432,0
1790499060000,1.5356,1.5362,1.5356,1.5362,272598.7,1790499119999,418657.91892,475,146511.0,225018.09826,0
1790499120000,1.5362,1.5373,1.5361,1.5368,557593.0,1790499179999,856881.93320,1070,422849.5,649829.34990,0
1790499180000,1.5368,1.5371,1.5364,1.5364,228363.6,1790499239999,350937.03570,505,110835.6,170325.09012,0
1790499240000,1.5365,1.5369,1.5359,1.5367,201926.9,1790499299999,310252.91068,746,109273.1,167887.39779,0
1790499300000,1.5366,1.5367,1.5359,1.5363,187234.0,1790499359999,287636.46466,500,113407.4,174235.94962,0
1790499360000,1.5363,1.5363,1.5344,1.5345,521596.0,1790499419999,800799.37654,1090,64879.2,99559.06395,0
1790499420000,1.5346,1.5346,1.5334,1.5343,543555.8,1790499479999,833798.89233,1190,89226.6,136866.57916,0
1790499480000,1.5343,1.5352,1.5339,1.5342,392122.4,1790499539999,601777.57266,878,170240.4,261254.86742,0
1790499540000,1.5341,1.5344,1.5341,1.5342,237905.1,1790499599999,365016.74530,329,106905.4,164024.40133,0
1790499600000,1.5341,1.5343,1.5323,1.5336,771048.5,1790499659999,1182187.88453,2078,158979.8,243783.79106,0
1790499660000,1.5336,1.5336,1.5322,1.5323,722653.0,1790499719999,1107706.05258,1343,179179.1,274661.32751,0
1790499720000,1.5324,1.5327,1.5317,1.5319,684069.4,1790499779999,1048089.09155,1061,97758.1,149786.55372,0
1790499780000,1.5319,1.5322,1.5316,1.5318,462254.6,1790499839999,708158.56999,834,112568.1,172447.21420,0
1790499840000,1.5319,1.5319,1.5315,1.5318,434738.7,1790499899999,665906.02662,791,128698.0,197142.91779,0
1790499900000,1.5318,1.5319,1.5307,1.5308,664051.1,1790499959999,1016885.52063,1137,224218.3,343392.61497,0
1790499960000,1.5307,1.5307,1.5295,1.5296,1244606.8,1790500019999,1904225.43832,1841,259212.7,396569.81965,0
1790500020000,1.5296,1.5299,1.5295,1.5298,311865.8,1790500079999,477061.54294,829,60556.9,92636.03985,0
1790500080000,1.5297,1.5298,1.5283,1.5284,754989.6,1790500139999,1154432.33499,1504,144694.9,221236.87852,0
1790500140000,1.5284,1.5285,1.5273,1.5275,1228181.6,1790500199999,1876387.55053,2056,480566.7,734227.18745,0
1790500200000,1.5274,1.5276,1.5265,1.5270,606408.5,1790500259999,925946.33548,1418,192439.8,293842.95265,0
1790500260000,1.5270,1.5284,1.5262,1.5282,783697.9,1790500319999,1196935.62277,1869,468740.8,715924.92348,0
1790500320000,1.5282,1.5307,1.5278,1.5298,1364674.8,1790500379999,2087068.77355,2509,961719.4,1470771.49212,0
1790500380000,1.5298,1.5304,1.5291,1.5299,386750.6,1790500439999,591647.66951,1091,202275.2,309433.48528,0
1790500440000,1.5300,1.5300,1.5289,1.5290,327242.8,1790500499999,500543.65210,698,201124.4,307646.05392,0
1790500500000,1.5291,1.5293,1.5285,1.5286,281804.5,1790500559999,430832.68362,769,70628.2,107982.08457,0
1790500560000,1.5286,1.5290,1.5275,1.5275,604255.2,1790500619999,923345.89272,1579,193782.9,296101.13953,0
1790500620000,1.5275,1.5284,1.5265,1.5277,540782.8,1790500679999,826030.21820,1411,252022.6,384951.27803,0
1790500680000,1.5278,1.5289,1.5275,1.5278,524335.7,1790500739999,801221.97053,1163,283296.5,432918.92101,0
1790500740000,1.5278,1.5281,1.5269,1.5274,668281.1,1790500799999,1020893.80490,1272,260069.9,397319.53958,0
1790500800000,1.5274,1.5282,1.5270,1.5280,210341.4,1790500859999,321257.21300,948,112556.3,171905.45595,0
1790500860000,1.5279,1.5280,1.5273,1.5277,156109.1,1790500919999,238471.13061,936,83201.2,127096.27544,0
1790500920000,1.5278,1.5294,1.5276,1.5294,226364.0,1790500979999,345992.80897,1313,139882.5,213804.41930,0
1790500980000,1.5293,1.5296,1.5285,1.5294,290910.9,1790501039999,444854.28770,947,181235.3,277128.46056,0
1790501040000,1.5295,1.5299,1.5285,1.5289,286229.5,1790501099999,437669.64580,706,163535.9,250049.36640,0
1790501100000,1.5290,1.5303,1.5290,1.5302,309371.9,1790501159999,473315.61283,1080,254278.7,389019.62357,0
1790501160000,1.5303,1.5303,1.5296,1.5300,193132.9,1790501219999,295475.81732,751,88473.8,135356.79217,0
1790501220000,1.5301,1.5301,1.5286,1.5286,234631.1,1790501279999,358853.55665,760,44742.6,68421.60001,0
1790501280000,1.5287,1.5302,1.5285,1.5298,310194.1,1790501339999,474384.31596,1306,220423.7,337097.37990,0
1790501340000,1.5298,1.5302,1.5297,1.5298,162484.8,1790501399999,248577.91354,494,95421.3,145982.33461,0
1790501400000,1.5298,1.5303,1.5295,1.5301,274779.9,1790501459999,420362.64581,802,107017.0,163717.54558,0
1790501460000,1.5301,1.5310,1.5300,1.5307,329541.9,1790501519999,504406.56540,1144,229551.8,351371.54325,0
1790501520000,1.5308,1.5320,1.5305,1.5313,628680.0,1790501579999,962748.88758,1470,392254.6,600709.21514,0
1790501580000,1.5314,1.5326,1.5313,1.5325,657331.2,1790501639999,1007053.85294,1412,478400.8,732907.32095,0
1790501640000,1.5325,1.5325,1.5315,1.5322,832360.5,1790501699999,1275257.96018,1360,390047.1,597591.47884,0
1790501700000,1.5323,1.5323,1.5301,1.5309,359467.5,1790501759999,550317.89608,1408,170426.8,260868.79964,0
1790501760000,1.5309,1.5318,1.5309,1.5315,180205.6,1790501819999,275935.25825,902,151521.9,232011.69560,0
1790501820000,1.5315,1.5326,1.5315,1.5322,295262.4,1790501879999,452371.84467,1029,177719.3,272271.07531,0
1790501880000,1.5321,1.5340,1.5320,1.5336,672300.4,1790501939999,1030784.30735,1772,530337.4,813124.09290,0
1790501940000,1.5336,1.5343,1.5335,1.5340,434284.4,1790501999999,666107.06223,993,343977.6,527584.80510,0
1790502000000,1.5340,1.5341,1.5339,1.5341,215631.5,1790502059999,330781.46019,523,164612.3,252518.99887,0
1790502060000,1.5340,1.5349,1.5340,1.5349,485811.5,1790502119999,745420.55409,1121,354364.7,543729.34493,0
1790502120000,1.5349,1.5358,1.5345,1.5349,583838.4,1790502179999,896331.74530,1427,487726.3,748792.05141,0
1790502180000,1.5348,1.5351,1.5348,1.5349,232028.2,1790502239999,356149.30402,423,203752.3,312746.75034,0
1790502240000,1.5350,1.5350,1.5344,1.5347,407639.0,1790502299999,625563.82305,733,217541.3,333832.32304,0
1790502300000,1.5346,1.5365,1.5346,1.5363,434806.3,1790502359999,667621.70115,1698,330955.7,508176.69240,0
1790502360000,1.5364,1.5372,1.5355,1.5363,849941.1,1790502419999,1305839.70951,2508,413025.5,634571.15456,0
1790502420000,1.5362,1.5363,1.5355,1.5359,386786.8,1790502479999,594071.55940,1161,154990.4,238052.09857,0
1790502480000,1.5358,1.5376,1.5357,1.5369,505579.2,1790502539999,777000.98080,1640,342402.4,526205.85128,0
1790502540000,1.5369,1.5371,1.5360,1.5367,309550.3,1790502599999,475629.16402,960,152616.6,234479.33531,0
1790502600000,1.5367,1.5368,1.5363,1.5368,298503.8,1790502659999,458670.94924,886,151305.4,232497.12121,0
1790502660000,1.5368,1.5375,1.5363,1.5367,551325.6,1790502719999,847322.25413,1383,220224.0,338478.33812,0
1790502720000,1.5367,1.5372,1.5366,1.5371,309788.8,1790502779999,476109.24860,927,217875.9,334853.49327,0
1790502780000,1.5372,1.5372,1.5364,1.5365,280836.3,1790502839999,431577.84062,711,86925.6,133585.31945,0
1790502840000,1.5365,1.5366,1.5357,1.5359,207648.9,1790502899999,318943.66290,704,86574.3,132972.42314,0
1790502900000,1.5359,1.5360,1.5356,1.5357,151810.8,1790502959999,233143.22892,451,88527.2,135957.28002,0
1790502960000,1.5357,1.5375,1.5356,1.5367,733767.6,1790503019999,1127547.45878,1596,550996.4,846639.77201,0
1790503020000,1.5367,1.5367,1.5362,1.5364,227523.0,1790503079999,349581.36743,676,142357.4,218724.63211,0
1790503080000,1.5365,1.5379,1.5363,1.5378,395947.0,1790503139999,608640.67867,1194,278123.7,427475.04604,0
1790503140000,1.5377,1.5378,1.5372,1.5377,370111.4,1790503199999,569064.67450,965,221041.0,339856.86527,0
1790503200000,1.5377,1.5379,1.5372,1.5378,357704.9,1790503259999,549939.39515,910,170703.4,262450.61849,0
1790503260000,1.5378,1.5384,1.5372,1.5384,666038.8,1790503319999,1024089.57192,1688,245640.1,377735.87822,0
1790503320000,1.5384,1.5390,1.5380,1.5389,821231.2,1790503379999,1263498.51572,2143,582268.9,895825.73261,0
1790503380000,1.5388,1.5389,1.5369,1.5370,1292347.0,1790503439999,1987416.31470,2652,219852.1,338064.26589,0
1790503440000,1.5370,1.5371,1.5361,1.5371,237792.1,1790503499999,365414.11221,940,130025.3,199810.94356,0
1790503500000,1.5371,1.5374,1.5362,1.5366,370662.8,1790503559999,569599.28394,1381,188459.4,289603.37195,0
1790503560000,1.5366,1.5367,1.5357,1.5364,365797.1,1790503619999,561928.39864,1211,102386.3,157292.06796,0
1790503620000,1.5364,1.5384,1.5364,1.5381,570539.7,1790503679999,877192.64028,1556,433565.0,666546.82354,0
1790503680000,1.5382,1.5388,1.5379,1.5387,244351.1,1790503739999,375902.18632,994,187620.5,288631.83392,0
1790503740000,1.5388,1.5392,1.5386,1.5391,329098.1,1790503799999,506419.09327,775,271476.7,417750.97115,0
1790503800000,1.5391,1.5395,1.5387,1.5392,314693.9,1790503859999,484363.75100,1066,131393.3,202239.99557,0
1790503860000,1.5392,1.5400,1.5386,1.5398,1273388.6,1790503919999,1960284.59666,2150,862535.0,1327839.61045,0
1790503920000,1.5397,1.5405,1.5385,1.5389,765274.2,1790503979999,1178141.72063,2044,312087.0,480486.32585,0
1790503980000,1.5389,1.5408,1.5389,1.5408,806988.3,1790504039999,1242848.03371,1798,479253.5,738055.96407,0
1790504040000,1.5408,1.5409,1.5399,1.5406,564710.3,1790504099999,869874.53544,1117,356836.3,549686.57513,0
1790504100000,1.5405,1.5417,1.5399,1.5403,1334555.9,1790504159999,2056563.71612,2570,968504.7,1492541.26588,0
1790504160000,1.5403,1.5423,1.5403,1.5414,526202.7,1790504219999,811110.96628,1917,352042.7,542654.20006,0
1790504220000,1.5414,1.5416,1.5404,1.5405,776634.1,1790504279999,1196769.77247,1861,298881.2,460564.59234,0
1790504280000,1.5405,1.5413,1.5399,1.5399,469449.3,1790504339999,723301.25800,1227,298451.6,459831.93543,0
1790504340000,1.5399,1.5400,1.5390,1.5399,854527.1,1790504399999,1315546.29128,1566,252295.4,388447.93294,0
1790504400000,1.5399,1.5400,1.5387,1.5395,880915.6,1790504459999,1356003.73877,1420,210155.5,323460.97912,0
1790504460000,1.5395,1.5399,1.5389,1.5399,255290.1,1790504519999,392964.99695,1281,144794.0,222879.33536,0
1790504520000,1.5399,1.5403,1.5390,1.5395,255773.2,1790504579999,393817.60470,1016,152329.4,234544.36912,0
1790504580000,1.5394,1.5403,1.5390,1.5390,291206.2,1790504639999,448407.64732,1107,121217.8,186647.49602,0
1790504640000,1.5390,1.5398,1.5390,1.5390,245606.3,1790504699999,378084.71527,788,196641.6,302709.46312,0
1790504700000,1.5391,1.5391,1.5379,1.5380,268397.0,1790504759999,412901.26351,1101,83096.5,127826.22645,0
1790504760000,1.5380,1.5380,1.5368,1.5379,505651.1,1790504819999,777349.65105,1505,140430.8,215891.29337,0
1790504820000,1.5380,1.5389,1.5377,1.5380,535398.5,1790504879999,823634.43656,1206,364678.6,561032.04439,0
1790504880000,1.5381,1.5387,1.5380,1.5384,174135.4,1790504939999,267893.25332,492,111998.6,172297.53259,0
1790504940000,1.5384,1.5385,1.5379,1.5383,176941.4,1790504999999,272180.82101,507,69860.1,107463.30583,0
1790505000000,1.5382,1.5383,1.5375,1.5375,290628.9,1790505059999,446977.22475,944,149849.0,230465.30563,0
1790505060000,1.5376,1.5388,1.5376,1.5388,210552.0,1790505119999,323905.04628,994,132779.3,204270.37498,0
1790505120000,1.5388,1.5397,1.5388,1.5395,236824.9,1790505179999,364551.17910,1002,142455.7,219280.17454,0
1790505180000,1.5394,1.5395,1.5390,1.5392,173024.0,1790505239999,266328.08393,498,66748.8,102741.34164,0
1790505240000,1.5393,1.5397,1.5392,1.5397,153506.0,1790505299999,236303.63551,525,102978.5,158522.99853,0
1790505300000,1.5397,1.5404,1.5388,1.5392,551201.1,1790505359999,848708.48086,1142,394931.4,608127.75267,0
1790505360000,1.5392,1.5392,1.5379,1.5382,272404.1,1790505419999,419117.26832,904,77053.5,118561.28815,0
1790505420000,1.5382,1.5383,1.5375,1.5380,161453.3,1790505479999,248286.81032,667,34999.0,53826.14045,0
1790505480000,1.5380,1.5381,1.5376,1.5380,154176.4,1790505539999,237100.84828,429,60964.8,93758.32693,0
1790505540000,1.5379,1.5380,1.5370,1.5372,167493.0,1790505599999,257520.58259,577,38843.9,59718.10224,0
1790505600000,1.5372,1.5375,1.5368,1.5368,94186.6,1790505659999,144780.40987,498,9660.9,14851.66538,0
1790505660000,1.5368,1.5374,1.5360,1.5363,377313.5,1790505719999,579771.59503,1033,59368.4,91241.82053,0
1790505720000,1.5362,1.5367,1.5361,1.5365,266034.6,1790505779999,408720.86477,938,107521.2,165191.91559,0
1790505780000,1.5364,1.5365,1.5362,1.5362,174276.4,1790505839999,267760.08592,436,25063.3,38509.59225,0
1790505840000,1.5363,1.5363,1.5356,1.5356,271812.5,1790505899999,417446.70242,644,16481.8,25315.42785,0
1790505900000,1.5356,1.5360,1.5356,1.5360,138799.9,1790505959999,213175.63054,443,91711.9,140854.78077,0
1790505960000,1.5360,1.5360,1.5358,1.5359,85099.8,1790506019999,130702.94398,341,11301.6,17358.50015,0
1790506020000,1.5359,1.5364,1.5358,1.5364,196421.4,1790506079999,301721.69338,735,132622.8,203722.34306,0
1790506080000,1.5364,1.5365,1.5363,1.5364,43013.9,1790506139999,66088.31004,390,33430.1,51364.12285,0
1790506140000,1.5365,1.5385,1.5365,1.5378,375552.1,1790506199999,577371.80593,1366,280868.7,431743.86309,0
1790506200000,1.5378,1.5378,1.5358,1.5359,180727.7,1790506259999,277758.64087,656,28192.7,43316.11727,0
1790506260000,1.5358,1.5359,1.5352,1.5355,174488.5,1790506319999,267921.59185,665,63632.1,97701.83812,0
1790506320000,1.5355,1.5356,1.5346,1.5351,423705.7,1790506379999,650363.13209,913,91309.5,140155.02707,0
1790506380000,1.5351,1.5351,1.5350,1.5350,48071.6,1790506439999,73790.40489,179,4988.9,7658.46039,0
1790506440000,1.5351,1.5351,1.5348,1.5349,161999.5,1790506499999,248663.17804,278,6930.6,10638.32450,0
1790506500000,1.5348,1.5352,1.5348,1.5352,86468.7,1790506559999,132728.26911,391,73191.3,112346.43459,0
1790506560000,1.5351,1.5383,1.5351,1.5374,2283693.3,1790506619999,3509807.64240,3282,1810592.3,2782756.21712,0
1790506620000,1.5374,1.5396,1.5369,1.5370,1516945.4,1790506679999,2333979.68878,2287,1152622.9,1773487.64415,0
1790506680000,1.5369,1.5374,1.5363,1.5372,401745.9,1790506739999,617479.16992,1151,121840.9,187267.74133,0
1790506740000,1.5371,1.5377,1.5367,1.5376,144812.9,1790506799999,222630.84427,606,85540.0,131506.44928,0
1790506800000,1.5375,1.5375,1.5358,1.5359,472809.6,1790506859999,726554.12490,1385,196748.2,302321.00480,0
1790506860000,1.5359,1.5369,1.5358,1.5368,215483.8,1790506919999,331030.03896,886,147983.5,227328.43837,0
1790506920000,1.5369,1.5369,1.5355,1.5357,246654.9,1790506979999,378894.49093,1053,58395.6,89694.02626,0
1790506980000,1.5358,1.5358,1.5347,1.5347,202718.8,1790507039999,311212.41393,943,60369.3,92677.70491,0
1790507040000,1.5346,1.5347,1.5337,1.5345,492393.0,1790507099999,755413.26690,1168,138513.6,212493.03413,0
1790507100000,1.5344,1.5368,1.5344,1.5365,366217.0,1790507159999,562452.64552,1695,193454.6,297094.39861,0
1790507160000,1.5365,1.5365,1.5354,1.5359,230498.0,1790507219999,354044.24267,1013,151355.5,232478.32531,0
1790507220000,1.5358,1.5359,1.5350,1.5351,165083.5,1790507279999,253452.46667,814,46824.9,71895.27749,0
1790507280000,1.5351,1.5358,1.5349,1.5358,287428.5,1790507339999,441255.18279,836,168602.9,258838.14101,0
1790507340000,1.5357,1.5363,1.5357,1.5361,138061.0,1790507399999,212069.91518,687,68018.7,104477.22550,0
1790507400000,1.5360,1.5374,1.5357,1.5362,305685.0,1790507459999,469683.40840,1416,171295.0,263185.75600,0
1790507460000,1.5363,1.5364,1.5352,1.5355,119299.1,1790507519999,183210.31067,680,40875.5,62765.69616,0
1790507520000,1.5354,1.5363,1.5353,1.5362,157368.0,1790507579999,241670.31666,756,122741.6,188500.25650,0
1790507580000,1.5362,1.5363,1.5345,1.5345,159209.8,1790507639999,244446.63636,675,47821.8,73415.57731,0
1790507640000,1.5345,1.5347,1.5342,1.5343,157572.9,1790507699999,241799.24286,483,47612.6,73066.45481,0
1790507700000,1.5342,1.5352,1.5338,1.5343,539379.0,1790507759999,827609.96208,1617,350919.8,538471.23627,0
1790507760000,1.5343,1.5348,1.5340,1.5341,119299.2,1790507819999,183032.58270,654,47867.9,73442.67596,0
1790507820000,1.5341,1.5342,1.5330,1.5334,494614.4,1790507879999,758571.84718,1174,188649.4,289312.44607,0
1790507880000,1.5333,1.5339,1.5331,1.5331,287198.6,1790507939999,440394.38148,767,75988.2,116521.15072,0
1790507940000,1.5331,1.5340,1.5331,1.5338,122902.4,1790507999999,188470.70025,573,84875.8,130157.88580,0
1790508000000,1.5338,1.5340,1.5323,1.5326,1501572.4,1790508059999,2301568.60064,1279,864031.6,1324328.46881,0
1790508060000,1.5326,1.5335,1.5324,1.5329,258003.1,1790508119999,395526.99314,864,161538.8,247648.46765,0
1790508120000,1.5329,1.5345,1.5328,1.5342,171898.3,1790508179999,263681.33192,929,83463.2,128000.06689,0
1790508180000,1.5342,1.5343,1.5338,1.5341,72127.8,1790508239999,110647.35278,411,26885.8,41244.07891,0
1790508240000,1.5341,1.5345,1.5336,1.5345,293628.0,1790508299999,450389.39638,695,179748.6,275709.17967,0
1790508300000,1.5345,1.5354,1.5345,1.5348,279493.7,1790508359999,428995.87277,836,92239.3,141566.22862,0
1790508360000,1.5347,1.5369,1.5347,1.5369,220195.0,1790508419999,338131.75721,1046,181769.8,279134.84897,0
1790508420000,1.5369,1.5377,1.5368,1.5376,321887.5,1790508479999,494864.34135,936,194836.0,299524.85471,0
1790508480000,1.5376,1.5378,1.5358,1.5363,617861.4,1790508539999,949610.18911,1232,101402.2,155782.12492,0
1790508540000,1.5362,1.5363,1.5356,1.5357,89953.9,1790508599999,138180.12211,392,23416.6,35970.92917,0
1790508600000,1.5356,1.5359,1.5354,1.5354,169718.2,1790508659999,260634.07648,484,52819.5,81116.29037,0
1790508660000,1.5355,1.5366,1.5354,1.5363,237185.2,1790508719999,364351.13436,941,98933.0,151966.85196,0
1790508720000,1.5364,1.5367,1.5359,1.5362,171104.0,1790508779999,262872.20188,622,55855.1,85803.85764,0
1790508780000,1.5362,1.5362,1.5349,1.5350,139354.5,1790508839999,213964.00976,773,35683.5,54784.95206,0
1790508840000,1.5350,1.5350,1.5339,1.5340,144583.9,1790508899999,221871.46779,639,46794.0,71802.70506,0
1790508900000,1.5341,1.5350,1.5338,1.5346,648892.3,1790508959999,995727.80953,1311,400425.7,614452.52384,0
1790508960000,1.5345,1.5349,1.5345,1.5348,153547.8,1790509019999,235648.97192,393,108589.4,166650.15155,0
1790509020000,1.5348,1.5351,1.5345,1.5351,70823.0,1790509079999,108697.47252,418,30763.4,47216.47828,0
1790509080000,1.5351,1.5354,1.5341,1.5342,294704.0,1790509139999,452323.29068,858,128669.7,197502.24548,0
1790509140000,1.5341,1.5342,1.5334,1.5340,208355.9,1790509199999,319557.88896,724,58368.0,89525.87887,0
1790509200000,1.5339,1.5344,1.5333,1.5337,315253.0,1790509259999,483561.20266,815,205916.9,315859.01114,0
1790509260000,1.5338,1.5342,1.5338,1.5339,64997.2,1790509319999,99702.76694,452,20337.1,31195.56541,0
1790509320000,1.5338,1.5342,1.5336,1.5342,238134.1,1790509379999,365252.67595,617,112786.3,172996.29057,0
1790509380000,1.5341,1.5343,1.5341,1.5343,100384.5,1790509439999,154018.57103,350,89927.6,137975.59853,0
1790509440000,1.5342,1.5353,1.5341,1.5352,516275.3,1790509499999,792322.06391,940,356488.3,547112.35760,0
1790509500000,1.5352,1.5352,1.5341,1.5341,106888.9,1790509559999,164033.37497,593,50995.8,78257.80475,0
1790509560000,1.5341,1.5344,1.5338,1.5340,143300.5,1790509619999,219832.00908,476,58348.0,89513.60138,0
1790509620000,1.5340,1.5340,1.5327,1.5331,466882.8,1790509679999,715808.37932,1054,112804.9,172949.91335,0
1790509680000,1.5330,1.5333,1.5329,1.5331,344682.1,1790509739999,528439.23731,629,153386.0,235170.11321,0
1790509740000,1.5332,1.5338,1.5331,1.5335,131218.7,1790509799999,201228.15357,507,40728.5,62459.86171,0
1790509800000,1.5335,1.5342,1.5329,1.5342,381903.0,1790509859999,585705.54396,1116,278784.3,427550.56624,0
1790509860000,1.5342,1.5348,1.5341,1.5348,106114.5,1790509919999,162828.50212,586,73908.5,113411.50358,0
1790509920000,1.5347,1.5365,1.5347,1.5364,181035.8,1790509979999,278053.01067,958,125949.0,193422.20860,0
1790509980000,1.5364,1.5366,1.5361,1.5362,186886.3,1790510039999,287121.50590,604,40863.2,62780.74651,0
1790510040000,1.5362,1.5372,1.5360,1.5372,173453.6,1790510099999,266533.82330,881,140963.2,216610.14754,0
1790510100000,1.5372,1.5382,1.5372,1.5382,256894.5,1790510159999,395002.29011,1042,127732.5,196398.76552,0
1790510160000,1.5381,1.5387,1.5377,1.5383,559655.7,1790510219999,860845.25556,1375,392863.7,604285.90669,0
1790510220000,1.5382,1.5394,1.5381,1.5393,595729.2,1790510279999,916642.60489,1584,368257.1,566607.60225,0
1790510280000,1.5393,1.5395,1.5369,1.5375,837227.4,1790510339999,1287902.36346,1852,227170.4,349454.07584,0
1790510340000,1.5375,1.5379,1.5369,1.5373,150226.2,1790510399999,230964.16103,638,65665.6,100954.85268,0
1790510400000,1.5373,1.5386,1.5371,1.5371,154093.5,1790510459999,236975.08787,944,70775.9,108846.32167,0
1790510460000,1.5371,1.5388,1.5371,1.5381,379094.9,1790510519999,583039.98951,1303,194944.3,299786.84845,0
1790510520000,1.5382,1.5394,1.5381,1.5390,225695.2,1790510579999,347327.73268,1221,177785.6,273591.12308,0
1790510580000,1.5389,1.5390,1.5378,1.5378,291719.4,1790510639999,448804.75793,929,141492.7,217692.46071,0
1790510640000,1.5378,1.5391,1.5378,1.5390,168595.9,1790510699999,259345.41311,901,119799.6,184271.09351,0
1790510700000,1.5389,1.5401,1.5386,1.5399,290160.3,1790510759999,446710.15664,1346,190946.8,293987.79750,0
1790510760000,1.5399,1.5404,1.5392,1.5404,572903.3,1790510819999,882116.94164,1536,210538.7,324204.71255,0
1790510820000,1.5404,1.5409,1.5390,1.5391,252710.4,1790510879999,389175.60884,1203,132924.1,204705.34294,0
1790510880000,1.5391,1.5398,1.5390,1.5391,184099.7,1790510939999,283402.79661,825,122522.4,188604.13114,0
1790510940000,1.5391,1.5403,1.5388,1.5402,263249.0,1790510999999,405316.00855,875,186776.6,287573.39610,0
1790511000000,1.5402,1.5402,1.5395,1.5395,120596.4,1790511059999,185692.50820,637,58276.8,89731.50429,0
1790511060000,1.5395,1.5396,1.5388,1.5389,308395.8,1790511119999,474690.37119,772,82833.1,127513.88350,0
1790511120000,1.5389,1.5400,1.5388,1.5397,354187.0,1790511179999,545213.72722,1172,220456.2,339342.29928,0
1790511180000,1.5397,1.5399,1.5394,1.5398,214007.0,1790511239999,329515.06168,672,127273.9,195967.92633,0
1790511240000,1.5397,1.5414,1.5397,1.5407,762943.9,1790511299999,1175387.30639,1135,649124.5,1000085.96188,0
1790511300000,1.5406,1.5407,1.5403,1.5406,140415.7,1790511359999,216311.32073,561,81044.9,124852.48355,0
1790511360000,1.5405,1.5412,1.5403,1.5408,630825.7,1790511419999,972021.74976,1243,369991.3,570118.07954,0
1790511420000,1.5408,1.5414,1.5407,1.5410,255597.8,1790511479999,393897.90538,1104,149646.9,230619.33592,0
1790511480000,1.5410,1.5411,1.5400,1.5400,540541.6,1790511539999,832725.17416,1178,240272.4,370129.57910,0
1790511540000,1.5401,1.5401,1.5399,1.5399,134878.2,1790511599999,207716.31118,342,41570.0,64021.94365,0
1790511600000,1.5399,1.5406,1.5398,1.5399,127594.5,1790511659999,196505.40963,527,90303.1,139070.95278,0
1790511660000,1.5398,1.5408,1.5398,1.5398,274268.0,1790511719999,422421.48963,873,120084.6,184949.87174,0
1790511720000,1.5398,1.5406,1.5397,1.5405,161268.0,1790511779999,248362.99121,782,139045.1,214138.62673,0
1790511780000,1.5405,1.5407,1.5397,1.5398,80012.0,1790511839999,123247.58583,527,31512.1,48545.04530,0
1790511840000,1.5398,1.5399,1.5390,1.5399,145126.7,1790511899999,223422.99932,821,79347.6,122152.40298,0
1790511900000,1.5398,1.5399,1.5384,1.5387,250917.9,1790511959999,386111.92613,1022,89988.9,138473.99689,0
1790511960000,1.5386,1.5397,1.5386,1.5395,293095.9,1790512019999,451057.39032,869,249403.4,383812.31624,0
1790512020000,1.5395,1.5396,1.5387,1.5390,100754.8,1790512079999,155062.00919,465,57743.3,88866.67633,0
1790512080000,1.5390,1.5390,1.5386,1.5388,123542.1,1790512139999,190107.54231,398,47760.1,73493.00046,0
1790512140000,1.5388,1.5393,1.5385,1.5389,336359.4,1790512199999,517618.40929,717,158219.9,243494.80872,0
1790512200000,1.5390,1.5390,1.5377,1.5382,322031.3,1790512259999,495352.77806,961,118674.3,182531.56438,0
1790512260000,1.5381,1.5393,1.5381,1.5387,150325.9,1790512319999,231317.18183,769,70514.9,108497.89977,0
1790512320000,1.5387,1.5393,1.5385,1.5391,190028.7,1790512379999,292415.61759,621,82083.9,126316.49508,0
1790512380000,1.5391,1.5401,1.5391,1.5395,337211.8,1790512439999,519228.63133,828,132928.8,204677.63574,0
1790512440000,1.5396,1.5407,1.5395,1.5407,218178.6,1790512499999,336029.15564,687,146842.8,226172.83700,0
1790512500000,1.5407,1.5412,1.5407,1.5408,363792.0,1790512559999,560598.89676,659,210982.0,325116.74780,0
1790512560000,1.5409,1.5424,1.5406,1.5421,496608.3,1790512619999,765455.51854,1275,351425.6,541686.71627,0
1790512620000,1.5421,1.5437,1.5406,1.5407,1512625.9,1790512679999,2333188.81115,2577,730925.2,1127544.87819,0
1790512680000,1.5406,1.5417,1.5406,1.5411,315145.6,1790512739999,485647.25221,1051,197253.6,303979.94468,0
1790512740000,1.5411,1.5425,1.5411,1.5421,281177.8,1790512799999,433547.54873,1075,204171.4,314795.74943,0
1790512800000,1.5421,1.5421,1.5410,1.5417,481105.5,1790512859999,741698.40216,1052,312472.4,481697.70676,0
1790512860000,1.5417,1.5437,1.5417,1.5433,459317.8,1790512919999,708872.15339,1180,152457.6,235246.91231,0
1790512920000,1.5433,1.5436,1.5430,1.5431,268323.9,1790512979999,414099.21346,819,204093.3,314973.69082,0
1790512980000,1.5431,1.5437,1.5427,1.5431,687456.7,1790513039999,1060927.90084,1276,409638.2,632181.82597,0
1790513040000,1.5431,1.5432,1.5427,1.5431,343953.2,1790513099999,530720.28969,644,146945.6,226726.12395,0
1790513100000,1.5430,1.5457,1.5428,1.5446,2098861.8,1790513159999,3241346.89606,3347,1271512.5,1963520.47356,0
1790513160000,1.5445,1.5456,1.5428,1.5429,1030688.8,1790513219999,1591783.23918,2034,372726.1,575728.51689,0
1790513220000,1.5428,1.5437,1.5425,1.5428,214861.6,1790513279999,331486.78274,833,88584.6,136670.18395,0
1790513280000,1.5428,1.5428,1.5416,1.5427,613754.3,1790513339999,946642.41892,1207,389690.6,601059.69263,0
1790513340000,1.5427,1.5427,1.5416,1.5416,172069.9,1790513399999,265311.18311,645,72117.5,111193.22388,0
1790513400000,1.5415,1.5419,1.5412,1.5419,313634.6,1790513459999,483469.18424,1054,114216.3,176056.89720,0
1790513460000,1.5419,1.5419,1.5404,1.5405,177454.8,1790513519999,273465.83340,817,44083.4,67937.85875,0
1790513520000,1.5405,1.5406,1.5400,1.5403,286344.6,1790513579999,441052.38293,753,158217.2,243704.29327,0
1790513580000,1.5403,1.5405,1.5391,1.5396,528899.3,1790513639999,814330.25565,1053,156044.1,240279.27119,0
1790513640000,1.5395,1.5402,1.5390,1.5392,423639.6,1790513699999,652255.94540,1096,179363.8,276155.05769,0
1790513700000,1.5391,1.5391,1.5383,1.5385,309960.0,1790513759999,476909.22513,947,116930.9,179914.31606,0
1790513760000,1.5385,1.5385,1.5363,1.5365,1486829.7,1790513819999,2285525.17723,2426,310668.6,477497.45975,0
1790513820000,1.5366,1.5371,1.5364,1.5371,217652.1,1790513879999,334471.91719,856,135659.7,208466.03368,0
1790513880000,1.5370,1.5373,1.5354,1.5358,1225281.8,1790513939999,1882205.67850,1433,262638.3,403535.28367,0
1790513940000,1.5357,1.5359,1.5345,1.5346,589251.2,1790513999999,904499.01074,1223,244157.9,374756.51131,0
1790514000000,1.5346,1.5346,1.5276,1.5279,6985972.5,1790514059999,10689850.81043,8396,1964199.3,3005409.34529,0
1790514060000,1.5278,1.5279,1.5213,1.5274,6714189.5,1790514119999,10236843.52245,10114,2465260.4,3758901.56770,0
1790514120000,1.5274,1.5298,1.5245,1.5297,1978149.8,1790514179999,3022109.75941,4967,958386.9,1463722.61845,0
1790514180000,1.5296,1.5304,1.5273,1.5274,1311368.2,1790514239999,2004937.15259,2998,474912.0,726112.04407,0
1790514240000,1.5275,1.5291,1.5250,1.5278,2149722.5,1790514299999,3282164.09424,4468,812838.1,1241398.86279,0
1790514300000,1.5277,1.5277,1.5259,1.5267,884767.6,1790514359999,1350761.27807,2769,305980.6,467097.04752,0
1790514360000,1.5267,1.5273,1.5243,1.5270,855847.1,1790514419999,1305987.83845,3151,352299.7,537463.20747,0
1790514420000,1.5269,1.5284,1.5253,1.5276,1550000.3,1790514479999,2366499.15228,3405,526757.5,804441.53123,0
1790514480000,1.5276,1.5287,1.5274,1.5275,582115.1,1790514539999,889542.75914,1974,352085.2,538021.18594,0
1790514540000,1.5276,1.5276,1.5256,1.5256,478554.7,1790514599999,730598.49049,2056,201805.6,308104.33040,0
1790514600000,1.5256,1.5266,1.5251,1.5256,478396.0,1790514659999,730008.57892,1859,250666.4,382506.12704,0
1790514660000,1.5256,1.5263,1.5248,1.5250,479595.6,1790514719999,731685.30628,1999,195950.4,298950.40222,0
1790514720000,1.5249,1.5251,1.5217,1.5229,1780039.9,1790514779999,2710913.98130,4302,538103.4,819447.36142,0
1790514780000,1.5229,1.5235,1.5217,1.5228,1036514.7,1790514839999,1578180.27136,2937,264191.0,402280.62748,0
1790514840000,1.5228,1.5244,1.5203,1.5217,1823372.3,1790514899999,2775652.97973,4079,591040.2,899861.72527,0
1790514900000,1.5216,1.5234,1.5206,1.5234,1477072.1,1790514959999,2248516.85480,3926,726005.3,1105263.48563,0
1790514960000,1.5234,1.5249,1.5230,1.5249,922002.6,1790515019999,1405335.81228,2284,643091.5,980277.78438,0
1790515020000,1.5249,1.5252,1.5240,1.5248,324838.0,1790515079999,495237.96179,1238,204055.4,311095.48311,0
1790515080000,1.5249,1.5254,1.5235,1.5252,337089.7,1790515139999,513861.89170,1427,184420.4,281132.67078,0
1790515140000,1.5252,1.5257,1.5250,1.5253,377721.4,1790515199999,576144.21401,1072,295323.6,450463.96095,0
1790515200000,1.5253,1.5253,1.5238,1.5251,406202.9,1790515259999,619169.21239,1431,177612.8,270718.94607,0
1790515260000,1.5251,1.5257,1.5243,1.5257,366908.3,1790515319999,559556.55256,1711,196970.3,300386.23886,0
1790515320000,1.5257,1.5271,1.5257,1.5265,918119.3,1790515379999,1401423.03281,1767,685390.1,1046173.56942,0
1790515380000,1.5265,1.5270,1.5263,1.5266,308295.8,1790515439999,470635.13594,1073,220390.2,336440.51080,0
1790515440000,1.5266,1.5271,1.5263,1.5271,205893.5,1790515499999,314341.23027,824,167848.4,256260.25114,0
1790515500000,1.5271,1.5278,1.5270,1.5271,435372.1,1790515559999,665034.10484,1280,174909.1,267171.10110,0
1790515560000,1.5271,1.5279,1.5270,1.5276,232150.3,1790515619999,354586.63443,947,125177.2,191186.86866,0
1790515620000,1.5277,1.5286,1.5275,1.5276,394407.8,1790515679999,602694.80641,1121,286708.7,438124.08909,0
1790515680000,1.5275,1.5289,1.5272,1.5286,476696.0,1790515739999,728520.51635,1399,266150.0,406743.90875,0
1790515740000,1.5286,1.5301,1.5286,1.5298,502899.3,1790515799999,769199.18624,1470,365969.4,559764.84829,0
1790515800000,1.5298,1.5323,1.5297,1.5319,898179.1,1790515859999,1374862.60084,2379,634428.0,971161.70908,0
1790515860000,1.5319,1.5340,1.5316,1.5340,798112.3,1790515919999,1223273.96889,2254,523966.2,803142.99859,0
1790515920000,1.5339,1.5349,1.5336,1.5339,1161925.3,1790515979999,1782693.80278,1987,651388.2,999399.24003,0
1790515980000,1.5340,1.5349,1.5325,1.5348,699691.0,1790516039999,1073089.22426,2208,278076.9,426482.15796,0
1790516040000,1.5349,1.5367,1.5312,1.5322,1671476.1,1790516099999,2564812.63862,4080,898313.3,1378649.76363,0
1790516100000,1.5323,1.5323,1.5302,1.5310,751160.9,1790516159999,1149994.72374,2297,220062.3,336901.45332,0
1790516160000,1.5310,1.5320,1.5296,1.5297,505993.2,1790516219999,774411.22454,2050,284972.0,436157.86329,0
1790516220000,1.5297,1.5297,1.5277,1.5287,799919.2,1790516279999,1222603.99036,2429,258825.9,395594.01478,0
1790516280000,1.5287,1.5300,1.5256,1.5262,756570.6,1790516339999,1155842.06938,3279,202726.4,309694.33764,0
1790516340000,1.5263,1.5281,1.5261,1.5262,710204.7,1790516399999,1084458.82442,2388,280035.2,427586.73124,0
1790516400000,1.5262,1.5270,1.5257,1.5262,349799.9,1790516459999,533935.96013,1938,165240.4,252211.19937,0
1790516460000,1.5263,1.5270,1.5251,1.5259,459896.8,1790516519999,701779.90404,1707,177597.4,270960.38954,0
1790516520000,1.5259,1.5265,1.5256,1.5257,343010.3,1790516579999,523403.12959,1067,187621.9,286282.95453,0
1790516580000,1.5257,1.5264,1.5257,1.5258,166881.1,1790516639999,254680.39591,697,90902.6,138726.39143,0
1790516640000,1.5258,1.5258,1.5237,1.5246,754718.1,1790516699999,1150566.13058,2049,214832.5,327499.34833,0
1790516700000,1.5247,1.5267,1.5224,1.5266,1013012.3,1790516759999,1544226.91266,3556,400187.8,610164.78179,0
1790516760000,1.5266,1.5269,1.5250,1.5250,484645.9,1790516819999,739741.48367,1645,195502.0,298406.96409,0
1790516820000,1.5250,1.5270,1.5250,1.5270,584898.3,1790516879999,892672.47678,1797,395548.9,603649.86721,0
1790516880000,1.5270,1.5288,1.5268,1.5286,403368.4,1790516939999,616301.69864,1902,281828.5,430640.77021,0
1790516940000,1.5286,1.5298,1.5282,1.5295,628750.4,1790516999999,961318.46513,1665,422412.3,645792.85891,0
1790517000000,1.5296,1.5299,1.5285,1.5285,343578.1,1790517059999,525471.15524,1345,164705.7,251897.29531,0
1790517060000,1.5285,1.5288,1.5276,1.5280,192415.4,1790517119999,294058.85653,985,68667.6,104941.59034,0
1790517120000,1.5281,1.5286,1.5277,1.5286,202951.1,1790517179999,310144.19951,1029,121413.1,185537.85094,0
1790517180000,1.5285,1.5290,1.5283,1.5287,129590.9,1790517239999,198096.35146,673,72618.9,111008.98627,0
1790517240000,1.5288,1.5295,1.5286,1.5288,203458.9,1790517299999,311102.28862,1110,95030.7,145294.57680,0
1790517300000,1.5289,1.5298,1.5284,1.5293,215841.6,1790517359999,330093.04400,1192,114590.0,175235.59350,0
1790517360000,1.5293,1.5300,1.5292,1.5299,134506.1,1790517419999,205739.39786,763,46521.5,71161.09338,0
1790517420000,1.5299,1.5309,1.5298,1.5301,288723.0,1790517479999,441832.02788,1288,179364.3,274467.26261,0
1790517480000,1.5301,1.5315,1.5299,1.5313,621451.1,1790517539999,951246.29170,1518,385928.3,590765.98533,0
1790517540000,1.5314,1.5325,1.5314,1.5324,253873.7,1790517599999,388910.22884,877,170869.6,261769.03127,0
1790517600000,1.5325,1.5329,1.5321,1.5329,260523.2,1790517659999,399257.34242,1284,118580.1,181729.06756,0
1790517660000,1.5330,1.5334,1.5298,1.5301,533288.6,1790517719999,817070.38616,2068,121600.8,186370.00963,0
1790517720000,1.5300,1.5306,1.5283,1.5302,660357.0,1790517779999,1009887.71280,2634,353870.0,541154.97531,0
1790517780000,1.5302,1.5308,1.5285,1.5286,257187.8,1790517839999,393439.91841,1573,79200.9,121195.58417,0
1790517840000,1.5286,1.5287,1.5269,1.5273,304352.3,1790517899999,464942.35442,1286,63786.4,97444.85815,0
1790517900000,1.5274,1.5282,1.5263,1.5280,523728.1,1790517959999,799881.09677,1848,300981.2,459730.37570,0
1790517960000,1.5281,1.5299,1.5281,1.5289,190480.6,1790518019999,291262.24359,1147,90413.4,138238.13368,0
1790518020000,1.5289,1.5305,1.5289,1.5305,168996.5,1790518079999,258539.87904,861,100906.9,154372.89227,0
1790518080000,1.5304,1.5314,1.5301,1.5307,248369.3,1790518139999,380249.18286,1061,52943.7,81047.69662,0
1790518140000,1.5307,1.5315,1.5302,1.5314,368520.5,1790518199999,564171.66855,1052,277536.4,424889.47736,0
1790518200000,1.5314,1.5318,1.5290,1.5294,778223.1,1790518259999,1191295.94766,1866,163346.8,250037.56306,0
1790518260000,1.5295,1.5305,1.5286,1.5298,341134.8,1790518319999,521789.53092,1458,129136.5,197530.83321,0
1790518320000,1.5297,1.5301,1.5295,1.5298,212730.0,1790518379999,325411.40007,759,125182.0,191488.01057,0
1790518380000,1.5298,1.5307,1.5297,1.5301,138984.4,1790518439999,212687.57261,834,99948.4,152948.90155,0
1790518440000,1.5301,1.5311,1.5297,1.5309,91401.7,1790518499999,139858.93086,691,56715.9,86792.37627,0
1790518500000,1.5309,1.5313,1.5301,1.5301,154789.0,1790518559999,236917.90252,1064,47376.0,72516.22038,0
1790518560000,1.5301,1.5310,1.5297,1.5306,308903.0,1790518619999,472749.31547,1297,217116.7,332288.30798,0
1790518620000,1.5307,1.5310,1.5297,1.5300,299592.0,1790518679999,458425.67567,1029,44739.9,68465.21305,0
1790518680000,1.5300,1.5312,1.5292,1.5293,142914.0,1790518739999,218712.75978,1035,56602.2,86612.20148,0
1790518740000,1.5292,1.5296,1.5277,1.5277,321465.4,1790518799999,491365.90783,1172,55628.5,85053.67187,0
1790518800000,1.5277,1.5278,1.5262,1.5269,636558.2,1790518859999,971918.65307,1891,188151.9,287244.74539,0
1790518860000,1.5269,1.5275,1.5268,1.5270,332166.3,1790518919999,507269.62627,1016,181417.6,277058.36628,0
1790518920000,1.5271,1.5288,1.5271,1.5277,273173.1,1790518979999,417447.31412,1240,132034.9,201765.38143,0
1790518980000,1.5277,1.5281,1.5243,1.5245,322416.2,1790519039999,491869.80752,1675,78871.8,120323.93240,0
1790519040000,1.5244,1.5261,1.5236,1.5236,571114.3,1790519099999,870792.15569,2169,213213.8,325152.79959,0
1790519100000,1.5237,1.5266,1.5231,1.5260,687685.5,1790519159999,1048438.27387,2453,254493.5,388033.37155,0
1790519160000,1.5259,1.5270,1.5233,1.5237,509708.1,1790519219999,777544.76283,2133,194250.6,296478.14016,0
1790519220000,1.5238,1.5239,1.5209,1.5219,2251032.5,1790519279999,3425336.82896,4108,742326.5,1129478.48282,0
1790519280000,1.5219,1.5220,1.5187,1.5194,4047380.7,1790519339999,6154073.02505,6622,1594892.7,2425371.82421,0
1790519340000,1.5194,1.5203,1.5172,1.5195,2218548.6,1790519399999,3368180.23152,4901,467568.7,709954.43506,0
1790519400000,1.5196,1.5219,1.5181,1.5205,761003.3,1790519459999,1156864.57040,3386,433032.7,658309.53793,0
1790519460000,1.5204,1.5226,1.5202,1.5216,302383.3,1790519519999,460166.89889,1375,146147.4,222386.21063,0
1790519520000,1.5216,1.5232,1.5214,1.5224,316826.9,1790519579999,482454.99914,1271,138544.0,210958.47206,0
1790519580000,1.5224,1.5239,1.5213,1.5228,736470.9,1790519639999,1121631.15253,2768,239546.2,364807.29781,0
1790519640000,1.5228,1.5236,1.5225,1.5227,220401.5,1790519699999,335686.21182,1227,91709.9,139671.42036,0
1790519700000,1.5226,1.5233,1.5194,1.5205,608099.7,1790519759999,925142.33418,2421,206944.0,314825.26463,0
1790519760000,1.5205,1.5216,1.5202,1.5212,235694.2,1790519819999,358504.54847,1672,115532.1,175732.88880,0
1790519820000,1.5211,1.5212,1.5142,1.5155,3863366.3,1790519879999,5861544.41170,7344,1071019.3,1625155.41949,0
1790519880000,1.5154,1.5179,1.5137,1.5153,2750812.8,1790519939999,4169655.68539,6461,1421591.2,2154992.20807,0
1790519940000,1.5154,1.5172,1.5150,1.5164,647009.3,1790519999999,981168.57661,2329,398777.6,604722.64476,0
1790520000000,1.5164,1.5171,1.5157,1.5164,506129.0,1790520059999,767482.87202,2539,233428.5,353960.37524,0
1790520060000,1.5163,1.5195,1.5153,1.5184,985776.6,1790520119999,1496340.91212,3199,560659.6,850868.97254,0
1790520120000,1.5184,1.5198,1.5183,1.5194,374454.4,1790520179999,568899.99892,1324,201174.0,305669.41337,0
1790520180000,1.5193,1.5207,1.5191,1.5191,552829.4,1790520239999,840423.65951,1339,321512.2,488777.11659,0
1790520240000,1.5192,1.5208,1.5192,1.5199,209179.0,1790520299999,318003.42341,1160,122374.7,186040.33116,0
1790520300000,1.5198,1.5209,1.5191,1.5207,408989.0,1790520359999,621722.50899,1390,246646.4,374985.47629,0
1790520360000,1.5207,1.5213,1.5182,1.5188,502010.5,1790520419999,763020.40345,2209,231094.7,351262.25201,0
1790520420000,1.5188,1.5194,1.5170,1.5173,735994.9,1790520479999,1117470.63081,2100,78624.9,119408.01863,0
1790520480000,1.5172,1.5176,1.5113,1.5158,3805446.4,1790520539999,5761520.54342,7730,1563663.3,2367183.81287,0
1790520540000,1.5158,1.5179,1.5150,1.5177,972651.5,1790520599999,1474503.80061,3499,572821.3,868428.59618,0
1790520600000,1.5176,1.5191,1.5172,1.5178,619134.8,1790520659999,939924.04801,2094,239924.8,364251.23844,0
1790520660000,1.5178,1.5190,1.5160,1.5169,1193977.8,1790520719999,1811545.64221,2752,621829.0,943392.93759,0
1790520720000,1.5168,1.5191,1.5168,1.5178,559193.3,1790520779999,848902.84011,2301,334333.2,507567.86536,0
1790520780000,1.5177,1.5178,1.5161,1.5178,343444.5,1790520839999,521017.87339,1536,118056.9,179123.39644,0
1790520840000,1.5177,1.5189,1.5166,1.5188,437985.8,1790520899999,664858.41565,1534,297021.5,450900.37487,0
1790520900000,1.5188,1.5189,1.5168,1.5170,247357.7,1790520959999,375470.06028,1220,114085.2,173162.53028,0
1790520960000,1.5169,1.5177,1.5160,1.5167,306669.6,1790521019999,465127.27050,1137,168583.2,255693.84231,0
1790521020000,1.5166,1.5180,1.5164,1.5173,693524.7,1790521079999,1052193.59390,1907,493648.4,748913.76231,0
1790521080000,1.5172,1.5174,1.5162,1.5163,271321.6,1790521139999,411498.74572,1516,65186.1,98866.59709,0
1790521140000,1.5163,1.5169,1.5154,1.5159,797415.4,1790521199999,1208861.31837,1896,386807.1,586422.38927,0
1790521200000,1.5158,1.5170,1.5151,1.5156,518631.6,1790521259999,786270.05545,1937,223380.7,338676.86388,0
1790521260000,1.5155,1.5157,1.5118,1.5122,1017889.7,1790521319999,1541061.31538,3461,215281.2,325883.51490,0
1790521320000,1.5122,1.5162,1.5112,1.5162,1244051.3,1790521379999,1883608.44922,4070,531664.1,805102.88862,0
1790521380000,1.5161,1.5175,1.5132,1.5147,684384.8,1790521439999,1037352.72620,3363,222375.4,337034.05826,0
1790521440000,1.5147,1.5151,1.5086,1.5098,3051610.4,1790521499999,4611132.23159,5956,654974.4,990441.73157,0
1790521500000,1.5098,1.5108,1.5073,1.5103,3933080.2,1790521559999,5935641.60147,7938,1448481.2,2186595.68540,0
1790521560000,1.5103,1.5142,1.5092,1.5142,996453.5,1790521619999,1505984.15126,3764,577194.2,872465.79016,0
1790521620000,1.5141,1.5144,1.5121,1.5138,610239.2,1790521679999,923353.52795,3000,392387.9,593685.15185,0
1790521680000,1.5137,1.5143,1.5131,1.5142,459666.5,1790521739999,695775.71351,1630,290336.3,439490.24108,0
1790521740000,1.5141,1.5157,1.5137,1.5153,535546.1,1790521799999,811223.50181,1933,360034.3,545344.66175,0
1790521800000,1.5152,1.5160,1.5148,1.5150,329569.7,1790521859999,499441.06044,1355,159965.4,242416.25251,0
1790521860000,1.5150,1.5151,1.5137,1.5141,237168.9,1790521919999,359138.93381,1165,96138.0,145579.19099,0
1790521920000,1.5141,1.5149,1.5138,1.5149,195655.7,1790521979999,296297.39143,1384,90669.1,137314.57891,0
1790521980000,1.5148,1.5148,1.5128,1.5129,381188.4,1790522039999,577083.86630,1419,80254.7,121502.36907,0
1790522040000,1.5128,1.5154,1.5128,1.5152,350103.7,1790522099999,530285.65941,1290,229476.8,347604.17385,0
1790522100000,1.5152,1.5165,1.5146,1.5165,388811.3,1790522159999,589286.28935,1465,282431.6,428060.25261,0
1790522160000,1.5164,1.5188,1.5164,1.5184,649468.2,1790522219999,985776.49989,2028,450398.7,683603.00427,0
1790522220000,1.5183,1.5189,1.5154,1.5154,537567.3,1790522279999,815660.94485,2018,229831.6,348725.98035,0
1790522280000,1.5154,1.5167,1.5152,1.5158,236402.9,1790522339999,358329.41776,1412,152254.3,230773.34526,0
1790522340000,1.5157,1.5162,1.5152,1.5159,138964.1,1790522399999,210634.75244,923,77293.5,117156.06737,0
1790522400000,1.5158,1.5166,1.5144,1.5149,542180.8,1790522459999,821461.51907,1600,147585.4,223640.69045,0
1790522460000,1.5149,1.5162,1.5139,1.5161,636827.1,1790522519999,964704.13358,1828,415944.6,630170.52956,0
1790522520000,1.5161,1.5170,1.5153,1.5164,363277.3,1790522579999,550789.77328,1500,192242.3,291492.25535,0
1790522580000,1.5164,1.5174,1.5163,1.5168,228856.5,1790522639999,347116.39066,799,120072.8,182127.37168,0
1790522640000,1.5168,1.5171,1.5143,1.5156,789036.2,1790522699999,1195918.96547,2040,212238.5,321673.54837,0
1790522700000,1.5156,1.5161,1.5146,1.5147,294461.8,1790522759999,446226.91224,1273,138290.5,209543.21511,0
1790522760000,1.5147,1.5150,1.5127,1.5128,700292.4,1790522819999,1059962.55840,2049,215199.3,325773.75942,0
1790522820000,1.5128,1.5139,1.5106,1.5134,1649286.4,1790522879999,2493749.20765,4022,1078733.1,1631198.73974,0
1790522880000,1.5134,1.5143,1.5126,1.5139,425265.3,1790522939999,643608.70252,1586,256683.7,388468.71354,0
1790522940000,1.5139,1.5155,1.5139,1.5152,511663.0,1790522999999,775047.46901,1151,401703.2,608470.70839,0
1790523000000,1.5152,1.5163,1.5138,1.5163,495043.2,1790523059999,750053.41392,1461,268416.8,406727.14444,0
1790523060000,1.5162,1.5178,1.5131,1.5132,1022531.9,1790523119999,1549625.30145,3170,283630.8,429815.63933,0
1790523120000,1.5132,1.5162,1.5127,1.5162,435118.0,1790523179999,658679.50490,1700,184027.7,278670.53707,0
1790523180000,1.5162,1.5162,1.5141,1.5150,345375.4,1790523239999,523366.54713,1319,122417.5,185507.66580,0
1790523240000,1.5149,1.5157,1.5137,1.5137,427229.9,1790523299999,647126.02008,1330,112809.3,170875.44538,0
1790523300000,1.5137,1.5143,1.5126,1.5133,225623.2,1790523359999,341459.55599,1171,77577.7,117409.67891,0
1790523360000,1.5133,1.5150,1.5131,1.5142,233736.2,1790523419999,353907.58795,1413,168158.7,254618.78725,0
1790523420000,1.5142,1.5150,1.5130,1.5138,150831.5,1790523479999,228346.20833,1127,76262.1,115455.38341,0
1790523480000,1.5137,1.5143,1.5133,1.5142,116696.1,1790523539999,176643.10051,888,50196.3,75981.83892,0
1790523540000,1.5143,1.5143,1.5135,1.5136,215224.5,1790523599999,325816.73132,953,126612.1,191668.98640,0
1790523600000,1.5136,1.5144,1.5134,1.5136,188666.2,1790523659999,285631.60521,897,79378.4,120173.12235,0
1790523660000,1.5137,1.5143,1.5131,1.5131,657926.1,1790523719999,995779.40528,1236,160468.1,242868.73082,0
1790523720000,1.5131,1.5141,1.5126,1.5130,715052.6,1790523779999,1082056.68017,1749,431187.6,652576.17173,0
1790523780000,1.5130,1.5133,1.5126,1.5127,140504.2,1790523839999,212553.63728,819,72456.5,109607.30443,0
1790523840000,1.5127,1.5136,1.5114,1.5114,533762.8,1790523899999,807330.64006,1511,250158.8,378480.10361,0
1790523900000,1.5115,1.5127,1.5112,1.5118,260466.3,1790523959999,393766.43720,1275,145632.0,220157.64158,0
1790523960000,1.5118,1.5130,1.5117,1.5128,195722.0,1790524019999,296016.29420,1101,99816.7,150969.32366,0
1790524020000,1.5129,1.5142,1.5127,1.5141,375926.7,1790524079999,568872.71563,1084,267727.3,405144.61384,0
1790524080000,1.5142,1.5145,1.5138,1.5140,183281.5,1790524139999,277517.76294,739,106410.2,161124.57843,0
1790524140000,1.5141,1.5146,1.5141,1.5142,138543.1,1790524199999,209794.91885,566,80717.8,122231.59322,0
1790524200000,1.5142,1.5142,1.5132,1.5132,298013.9,1790524259999,451177.53812,663,51346.8,77725.72936,0
1790524260000,1.5132,1.5142,1.5126,1.5127,478209.4,1790524319999,723715.20130,1741,211799.3,320590.93183,0
1790524320000,1.5126,1.5134,1.5122,1.5130,189980.8,1790524379999,287376.48344,1207,115406.3,174560.83439,0
1790524380000,1.5130,1.5140,1.5122,1.5122,115054.5,1790524439999,174072.67933,964,67875.5,102684.82608,0
1790524440000,1.5122,1.5133,1.5118,1.5133,267460.0,1790524499999,404490.39234,1121,62687.9,94803.50600,0
1790524500000,1.5133,1.5142,1.5132,1.5138,236077.6,1790524559999,357354.01402,1045,127468.6,192952.35121,0
1790524560000,1.5138,1.5149,1.5138,1.5147,192271.3,1790524619999,291160.42167,977,113609.9,172047.28586,0
1790524620000,1.5147,1.5155,1.5141,1.5152,213484.6,1790524679999,323385.60496,1375,108492.6,164343.79450,0
1790524680000,1.5151,1.5159,1.5151,1.5159,355912.6,1790524739999,539418.25511,905,305585.5,463144.46297,0
1790524740000,1.5159,1.5162,1.5148,1.5158,276842.4,1790524799999,419587.71115,1011,183174.5,277627.98528,0
1790524800000,1.5158,1.5182,1.5152,1.5180,1690412.3,1790524859999,2563673.91277,2731,1402576.0,2127077.11424,0
1790524860000,1.5179,1.5188,1.5178,1.5184,579912.4,1790524919999,880512.94858,1679,245450.4,372680.61442,0
1790524920000,1.5183,1.5184,1.5171,1.5179,909930.6,1790524979999,1381158.41794,1683,305141.0,463160.44774,0
1790524980000,1.5179,1.5186,1.5176,1.5181,798917.2,1790525039999,1212766.30445,1236,389191.3,590808.48774,0
1790525040000,1.5182,1.5201,1.5180,1.5198,600968.2,1790525099999,913026.86226,1826,354350.4,538299.07008,0
1790525100000,1.5197,1.5206,1.5195,1.5203,524454.6,1790525159999,797169.02989,1460,292882.4,445191.80193,0
1790525160000,1.5202,1.5213,1.5197,1.5212,463660.1,1790525219999,705073.48196,1452,283609.2,431259.40897,0
1790525220000,1.5213,1.5215,1.5202,1.5206,502387.2,1790525279999,764072.65009,1329,320682.6,487736.82414,0
1790525280000,1.5206,1.5216,1.5205,1.5213,350249.9,1790525339999,532775.27829,876,246455.1,374890.20807,0
1790525340000,1.5213,1.5214,1.5211,1.5211,279304.5,1790525399999,424883.11144,658,222198.7,338015.56763,0
1790525400000,1.5211,1.5211,1.5189,1.5196,1974683.7,1790525459999,3001066.05229,2036,808707.2,1228872.22266,0
1790525460000,1.5196,1.5197,1.5183,1.5189,680534.0,1790525519999,1033646.41662,1484,245536.6,372948.13414,0
1790525520000,1.5190,1.5200,1.5190,1.5198,183117.7,1790525579999,278233.94197,1054,117956.5,179227.26387,0
1790525580000,1.5198,1.5202,1.5195,1.5201,126815.2,1790525639999,192750.59646,896,69686.4,105912.75512,0
1790525640000,1.5202,1.5205,1.5199,1.5203,108012.4,1790525699999,164193.55476,592,64537.8,98102.66085,0
1790525700000,1.5203,1.5211,1.5198,1.5211,278568.7,1790525759999,423505.37006,1006,187219.8,284644.26274,0
1790525760000,1.5211,1.5215,1.5200,1.5206,184729.6,1790525819999,280947.68241,1148,70105.7,106626.30549,0
1790525820000,1.5206,1.5206,1.5191,1.5200,166449.4,1790525879999,252964.45647,965,47550.3,72267.03299,0
1790525880000,1.5200,1.5220,1.5199,1.5219,286594.6,1790525939999,436025.78946,1430,179329.9,272854.49615,0
1790525940000,1.5219,1.5226,1.5217,1.5217,246698.8,1790525999999,375520.29363,975,153676.1,233923.15150,0
1790526000000,1.5216,1.5232,1.5212,1.5230,571818.2,1790526059999,870374.99727,1623,459799.9,699878.00831,0
1790526060000,1.5230,1.5239,1.5222,1.5228,349232.8,1790526119999,531970.24634,1347,223406.6,340310.29329,0
1790526120000,1.5228,1.5232,1.5208,1.5214,163916.7,1790526179999,249511.99716,1239,57950.2,88196.66799,0
1790526180000,1.5213,1.5214,1.5199,1.5205,303549.8,1790526239999,461557.01180,1186,106069.2,161266.86298,0
1790526240000,1.5205,1.5208,1.5196,1.5198,145090.8,1790526299999,220568.20235,832,38479.8,58495.63135,0
1790526300000,1.5198,1.5201,1.5192,1.5196,403062.1,1790526359999,612469.75798,1287,123164.5,187162.86283,0
1790526360000,1.5195,1.5197,1.5187,1.5189,332332.5,1790526419999,504843.76921,979,118180.6,179527.38263,0
1790526420000,1.5189,1.5190,1.5178,1.5182,542084.5,1790526479999,823059.01129,1502,199990.5,303636.71522,0
1790526480000,1.5182,1.5188,1.5169,1.5174,1754543.9,1790526539999,2662398.19942,2443,1060800.4,1609626.86765,0
1790526540000,1.5175,1.5177,1.5164,1.5167,639786.0,1790526599999,970609.36000,1681,343771.6,521562.88162,0
1790526600000,1.5166,1.5168,1.5145,1.5145,669671.9,1790526659999,1015078.00172,1936,166673.2,252666.75180,0
1790526660000,1.5145,1.5179,1.5136,1.5169,2047018.2,1790526719999,3102290.95608,3305,1098367.6,1664948.09241,0
1790526720000,1.5169,1.5190,1.5155,1.5190,962874.9,1790526779999,1461377.19321,2339,564267.2,856537.29447,0
1790526780000,1.5190,1.5192,1.5175,1.5175,334733.6,1790526839999,508381.73978,1133,69374.7,105363.29782,0
1790526840000,1.5176,1.5190,1.5175,1.5187,293553.5,1790526899999,445671.67988,1002,93907.8,142567.25507,0
1790526900000,1.5187,1.5192,1.5154,1.5157,774008.7,1790526959999,1174482.12744,2495,167502.8,254119.34682,0
1790526960000,1.5157,1.5173,1.5154,1.5172,233556.3,1790527019999,354201.68222,1284,121234.3,183817.89179,0
1790527020000,1.5172,1.5190,1.5169,1.5172,198564.5,1790527079999,301419.78159,1324,58206.7,88344.16190,0
1790527080000,1.5172,1.5190,1.5167,1.5171,267821.9,1790527139999,406545.53104,1551,99814.1,151523.99132,0
1790527140000,1.5171,1.5183,1.5171,1.5183,113342.7,1790527199999,172025.45686,996,48120.5,73038.69644,0
1790527200000,1.5183,1.5183,1.5170,1.5175,128748.2,1790527259999,195365.46030,853,37133.3,56340.85684,0
1790527260000,1.5175,1.5181,1.5170,1.5174,153617.7,1790527319999,233085.08640,902,82605.1,125330.97091,0
1790527320000,1.5174,1.5174,1.5164,1.5164,91379.9,1790527379999,138606.76451,545,25859.7,39223.61667,0
1790527380000,1.5164,1.5168,1.5149,1.5155,464958.1,1790527439999,704752.64864,1616,188848.0,286256.23509,0
1790527440000,1.5155,1.5159,1.5152,1.5156,212684.9,1790527499999,322321.02750,758,109838.9,166460.42992,0
1790527500000,1.5156,1.5173,1.5156,1.5168,213719.2,1790527559999,324146.85826,1236,107044.2,162342.63389,0
1790527560000,1.5169,1.5176,1.5164,1.5174,472549.7,1790527619999,716957.14133,1452,352768.0,535217.96586,0
1790527620000,1.5174,1.5183,1.5174,1.5174,201658.6,1790527679999,306078.18884,1002,104647.6,158828.24435,0
1790527680000,1.5174,1.5179,1.5172,1.5173,119950.1,1790527739999,182018.15005,616,26094.1,39595.80146,0
1790527740000,1.5172,1.5185,1.5169,1.5174,591228.5,1790527799999,897145.00020,1442,217928.9,330677.05121,0
1790527800000,1.5174,1.5176,1.5171,1.5172,84733.2,1790527859999,128562.50541,733,25090.3,38067.63018,0
1790527860000,1.5172,1.5178,1.5163,1.5167,279563.1,1790527919999,424166.52380,1058,199943.4,303370.61204,0
1790527920000,1.5167,1.5182,1.5166,1.5180,127208.2,1790527979999,193049.81950,813,71682.2,108770.36530,0
1790527980000,1.5180,1.5184,1.5168,1.5169,135508.7,1790528039999,205640.25902,800,75037.7,113884.69372,0
1790528040000,1.5169,1.5172,1.5158,1.5158,111864.7,1790528099999,169654.07911,562,39317.2,59634.45400,0
1790528100000,1.5158,1.5164,1.5153,1.5158,235835.6,1790528159999,357429.24565,722,161601.3,244907.45450,0
1790528160000,1.5159,1.5170,1.5159,1.5168,113264.4,1790528219999,171773.85941,753,58670.8,88988.42579,0
1790528220000,1.5168,1.5176,1.5166,1.5176,72717.5,1790528279999,110308.50589,478,40194.5,60980.32832,0
1790528280000,1.5176,1.5182,1.5175,1.5181,137388.2,1790528339999,208545.51697,794,53498.0,81202.32518,0
1790528340000,1.5182,1.5186,1.5175,1.5180,326958.4,1790528399999,496342.08951,1017,162406.7,246556.37137,0
1790528400000,1.5180,1.5181,1.5175,1.5181,167883.1,1790528459999,254807.07149,713,64480.1,97864.13264,0
1790528460000,1.5181,1.5208,1.5177,1.5180,1293167.8,1790528519999,1964740.81856,2826,854014.0,1297506.82820,0
1790528520000,1.5180,1.5204,1.5179,1.5203,531110.3,1790528579999,806871.73788,1627,418887.1,636360.94531,0
1790528580000,1.5204,1.5206,1.5203,1.5206,141285.5,1790528639999,214823.59953,564,75683.7,115078.57923,0
1790528640000,1.5205,1.5206,1.5203,1.5203,70223.6,1790528699999,106769.23852,542,31411.4,47758.63371,0
1790528700000,1.5203,1.5209,1.5201,1.5208,355405.9,1790528759999,540415.93438,1142,157225.4,239056.88007,0
1790528760000,1.5208,1.5212,1.5185,1.5187,753724.4,1790528819999,1145994.98504,1795,102208.5,155412.38580,0
1790528820000,1.5187,1.5196,1.5175,1.5196,281040.7,1790528879999,426755.42847,1641,95022.6,144303.05963,0
1790528880000,1.5197,1.5203,1.5191,1.5194,293000.2,1790528939999,445321.45199,1039,42375.7,64396.72881,0
1790528940000,1.5194,1.5196,1.5191,1.5194,108520.0,1790528999999,164889.59620,738,42110.6,63984.65096,0
1790529000000,1.5194,1.5204,1.5194,1.5194,209224.1,1790529059999,318022.72524,1084,61064.8,92819.88175,0
1790529060000,1.5195,1.5200,1.5193,1.5193,191969.7,1790529119999,291722.33473,959,67885.8,103159.53656,0
1790529120000,1.5193,1.5202,1.5193,1.5202,127399.7,1790529179999,193600.67679,573,42990.5,65335.13053,0
1790529180000,1.5201,1.5205,1.5198,1.5202,252212.7,1790529239999,383416.40004,811,71312.8,108403.52890,0
1790529240000,1.5202,1.5207,1.5202,1.5206,79000.8,1790529299999,120120.79884,478,64653.4,98306.03470,0
1790529300000,1.5207,1.5218,1.5207,1.5217,237464.1,1790529359999,361301.90314,877,79207.2,120506.47743,0
1790529360000,1.5217,1.5226,1.5214,1.5216,420097.7,1790529419999,639455.28074,1174,318584.3,484943.29753,0
1790529420000,1.5217,1.5220,1.5215,1.5215,100064.1,1790529479999,152268.08711,576,14960.6,22766.05345,0
1790529480000,1.5215,1.5217,1.5212,1.5212,220407.5,1790529539999,335325.59198,729,36919.3,56168.17245,0
1790529540000,1.5212,1.5213,1.5204,1.5210,406275.5,1790529599999,617851.65900,1099,87686.9,133352.95071,0
1790529600000,1.5210,1.5218,1.5209,1.5212,349786.9,1790529659999,532173.41172,884,225324.4,342798.96810,0
1790529660000,1.5212,1.5216,1.5210,1.5211,79606.5,1790529719999,121108.57182,667,24606.3,37434.86868,0
1790529720000,1.5211,1.5214,1.5208,1.5213,77639.7,1790529779999,118100.54553,543,32745.0,49809.12391,0
1790529780000,1.5213,1.5216,1.5211,1.5211,29780.9,1790529839999,45305.92253,524,14641.9,22274.77348,0
1790529840000,1.5211,1.5217,1.5205,1.5217,277132.1,1790529899999,421461.89264,842,96512.2,146783.98005,0
1790529900000,1.5216,1.5219,1.5212,1.5213,110801.8,1790529959999,168596.06172,798,33204.3,50524.87353,0
1790529960000,1.5213,1.5217,1.5208,1.5208,147753.8,1790530019999,224780.37199,630,72258.2,109938.37689,0
1790530020000,1.5208,1.5208,1.5200,1.5203,112135.8,1790530079999,170465.86922,692,36117.3,54903.86175,0
1790530080000,1.5202,1.5202,1.5194,1.5194,120997.7,1790530139999,183900.97700,570,30632.8,46557.20691,0
1790530140000,1.5193,1.5194,1.5191,1.5191,112127.8,1790530199999,170360.36717,410,27061.1,41116.45190,0
1790530200000,1.5192,1.5200,1.5191,1.5199,168105.2,1790530259999,255418.16783,552,66323.4,100778.67205,0
1790530260000,1.5200,1.5213,1.5195,1.5212,603872.3,1790530319999,918049.49555,1131,469889.1,714352.70207,0
1790530320000,1.5212,1.5216,1.5207,1.5208,260613.7,1790530379999,396456.16909,654,63137.8,96051.64611,0
1790530380000,1.5208,1.5212,1.5207,1.5209,123871.3,1790530439999,188400.02994,453,59042.9,89801.30986,0
1790530440000,1.5209,1.5223,1.5209,1.5223,215498.3,1790530499999,327926.27719,646,108601.2,165244.50011,0
1790530500000,1.5223,1.5227,1.5220,1.5220,288623.7,1790530559999,439407.25656,698,150809.3,229607.77502,0
1790530560000,1.5221,1.5231,1.5210,1.5215,845028.6,1790530619999,1286487.35799,1454,363052.7,552831.93668,0
1790530620000,1.5215,1.5216,1.5211,1.5213,141841.0,1790530679999,215787.19211,474,47957.9,72962.68962,0
1790530680000,1.5212,1.5213,1.5205,1.5212,179069.6,1790530739999,272365.40936,648,53832.9,81871.56099,0
1790530740000,1.5213,1.5216,1.5208,1.5210,140879.3,1790530799999,214310.74092,839,69811.5,106199.44263,0
1790530800000,1.5209,1.5211,1.5206,1.5209,68695.9,1790530859999,104473.88599,537,29572.5,44975.16750,0
1790530860000,1.5209,1.5209,1.5203,1.5203,134721.2,1790530919999,204843.52354,414,9500.7,14446.53669,0
1790530920000,1.5203,1.5210,1.5203,1.5209,112386.7,1790530979999,170922.47018,416,101994.2,155117.95607,0
1790530980000,1.5209,1.5221,1.5208,1.5212,356839.5,1790531039999,542981.06484,906,272428.3,414532.95877,0
1790531040000,1.5212,1.5216,1.5212,1.5213,44588.8,1790531099999,67838.67012,253,24183.9,36793.14480,0
1790531100000,1.5212,1.5225,1.5212,1.5225,88798.5,1790531159999,135125.76294,519,68221.5,103812.97829,0
1790531160000,1.5225,1.5230,1.5224,1.5228,91002.8,1790531219999,138577.05192,497,61387.3,93477.38780,0
1790531220000,1.5228,1.5251,1.5228,1.5240,1023900.2,1790531279999,1560402.08331,2215,820804.9,1250893.19108,0
1790531280000,1.5240,1.5248,1.5238,1.5246,594996.9,1790531339999,906957.67274,834,296321.4,451666.86534,0
1790531340000,1.5246,1.5250,1.5246,1.5250,86440.0,1790531399999,131811.29445,292,79841.0,121748.80959,0
1790531400000,1.5250,1.5250,1.5243,1.5243,138343.8,1790531459999,210926.10630,473,63798.0,97270.96913,0
1790531460000,1.5244,1.5245,1.5239,1.5239,224688.1,1790531519999,342497.87985,512,49189.0,74981.13778,0
1790531520000,1.5239,1.5240,1.5234,1.5236,133793.7,1790531579999,203852.72961,749,64213.9,97839.91717,0
1790531580000,1.5236,1.5237,1.5233,1.5233,67898.8,1790531639999,103443.76226,296,18394.2,28024.92953,0
1790531640000,1.5233,1.5238,1.5229,1.5235,256036.6,1790531699999,390039.85277,730,177190.6,269915.51489,0
1790531700000,1.5236,1.5240,1.5236,1.5239,67346.1,1790531759999,102624.48595,434,32108.8,48927.48736,0
1790531760000,1.5239,1.5242,1.5235,1.5235,34343.1,1790531819999,52334.79527,463,14935.6,22760.48625,0
1790531820000,1.5235,1.5238,1.5235,1.5237,65465.2,1790531879999,99748.79172,292,31845.7,48523.37914,0
1790531880000,1.5236,1.5239,1.5236,1.5239,89094.0,1790531939999,135755.28017,290,81718.5,124517.80035,0
1790531940000,1.5238,1.5239,1.5237,1.5237,36397.2,1790531999999,55462.90133,227,13648.9,20799.49376,0
1790532000000,1.5238,1.5239,1.5235,1.5235,126404.2,1790532059999,192602.72891,432,31895.0,48598.66656,0
1790532060000,1.5235,1.5236,1.5231,1.5231,85254.6,1790532119999,129880.81326,287,9009.3,13725.85308,0
1790532120000,1.5231,1.5236,1.5231,1.5234,125151.7,1790532179999,190650.98243,476,65017.7,99041.32717,0
1790532180000,1.5234,1.5237,1.5231,1.5233,173016.5,1790532239999,263561.20904,604,104227.0,158774.60608,0
1790532240000,1.5233,1.5237,1.5231,1.5231,136966.9,1790532299999,208666.39045,402,21446.5,32672.64969,0
1790532300000,1.5232,1.5247,1.5231,1.5241,277648.2,1790532359999,423198.75797,885,169796.4,258787.54447,0
1790532360000,1.5241,1.5246,1.5240,1.5243,112699.4,1790532419999,171797.54315,434,63990.5,97545.29131,0
1790532420000,1.5243,1.5248,1.5241,1.5247,162793.4,1790532479999,248174.24949,555,87601.4,133550.37079,0
1790532480000,1.5246,1.5249,1.5246,1.5248,75980.0,1790532539999,115854.69749,381,58415.5,89072.96429,0
1790532540000,1.5248,1.5255,1.5248,1.5253,349066.9,1790532599999,532406.09099,708,147274.7,224624.40168,0
1790532600000,1.5253,1.5256,1.5252,1.5255,158241.1,1790532659999,241376.30682,379,120830.3,184312.25716,0
1790532660000,1.5255,1.5266,1.5255,1.5266,671096.6,1790532719999,1024173.75499,1163,481668.2,735105.24100,0
1790532720000,1.5265,1.5266,1.5259,1.5259,199489.0,1790532779999,304497.09027,483,140618.4,214642.55186,0
1790532780000,1.5259,1.5272,1.5259,1.5269,485288.5,1790532839999,740915.60103,965,398347.3,608161.80746,0
1790532840000,1.5270,1.5272,1.5270,1.5271,174559.6,1790532899999,266564.36806,401,81795.3,124907.66215,0
1790532900000,1.5270,1.5289,1.5270,1.5288,558091.8,1790532959999,852771.65999,1356,415412.9,634733.07408,0
1790532960000,1.5288,1.5307,1.5286,1.5304,774194.3,1790533019999,1184265.59991,1529,571163.9,873730.55982,0
1790533020000,1.5303,1.5311,1.5300,1.5311,378405.4,1790533079999,579165.07477,1135,205769.3,314955.05585,0
1790533080000,1.5311,1.5311,1.5308,1.5309,290402.6,1790533139999,444596.62556,708,144213.8,220789.14721,0
1790533140000,1.5308,1.5310,1.5298,1.5301,384865.1,1790533199999,588983.64636,845,126740.6,193977.23409,0
1790533200000,1.5302,1.5306,1.5290,1.5298,329706.6,1790533259999,504364.30608,1069,125988.2,192747.10542,0
1790533260000,1.5298,1.5304,1.5297,1.5302,196234.8,1790533319999,300234.64844,711,162679.1,248895.52564,0
1790533320000,1.5302,1.5310,1.5295,1.5310,309074.1,1790533379999,472931.81200,819,159273.5,243747.59322,0
1790533380000,1.5309,1.5333,1.5299,1.5309,2514470.3,1790533439999,3852215.51538,3494,1449396.6,2220734.36997,0
1790533440000,1.5309,1.5314,1.5303,1.5313,225469.6,1790533499999,345127.41052,732,83389.3,127634.05826,0
1790533500000,1.5312,1.5315,1.5309,1.5312,156328.2,1790533559999,239369.67603,583,83551.6,127933.90044,0
1790533560000,1.5313,1.5316,1.5312,1.5316,80042.5,1790533619999,122582.21431,385,37155.5,56902.78785,0
1790533620000,1.5315,1.5327,1.5315,1.5324,198695.8,1790533679999,304476.93608,1039,95507.7,146350.17737,0
1790533680000,1.5325,1.5334,1.5325,1.5330,196349.2,1790533739999,301014.97479,702,147162.6,225610.41184,0
1790533740000,1.5330,1.5373,1.5329,1.5372,2889145.5,1790533799999,4435501.10110,4782,1992428.8,3058348.88542,0
1790533800000,1.5373,1.5377,1.5348,1.5353,1121329.5,1790533859999,1722921.91426,3037,253493.2,389538.36221,0
1790533860000,1.5352,1.5364,1.5346,1.5350,405752.1,1790533919999,622949.51571,1478,172610.9,265000.25157,0
1790533920000,1.5350,1.5362,1.5343,1.5357,470125.9,1790533979999,721850.41239,1732,201838.1,309916.20899,0
1790533980000,1.5357,1.5361,1.5348,1.5361,177280.1,1790534039999,272182.01563,686,94683.4,145369.61761,0
1790534040000,1.5361,1.5361,1.5346,1.5347,152483.8,1790534099999,234115.79608,647,49882.7,76585.66836,0
1790534100000,1.5347,1.5354,1.5346,1.5352,212245.4,1790534159999,325791.52772,547,125356.6,192409.48624,0
1790534160000,1.5352,1.5358,1.5346,1.5358,191337.1,1790534219999,293737.64802,862,90308.7,138647.20440,0
1790534220000,1.5359,1.5359,1.5349,1.5350,208351.5,1790534279999,319882.87393,743,42032.7,64530.59725,0
1790534280000,1.5350,1.5354,1.5342,1.5342,277703.9,1790534339999,426186.89865,713,25567.2,39246.84881,0
1790534340000,1.5342,1.5348,1.5342,1.5347,151877.9,1790534399999,233052.87990,484,60658.3,93079.71078,0
1790534400000,1.5347,1.5350,1.5346,1.5346,112566.2,1790534459999,172768.11808,353,38325.9,58823.02203,0
1790534460000,1.5346,1.5350,1.5343,1.5347,242842.2,1790534519999,372671.60304,579,153240.8,235170.24842,0
1790534520000,1.5348,1.5361,1.5348,1.5359,217590.5,1790534579999,334115.87919,753,170911.4,262423.88804,0
1790534580000,1.5360,1.5361,1.5357,1.5360,161525.8,1790534639999,248089.66276,476,116296.6,178622.10475,0
1790534640000,1.5360,1.5376,1.5357,1.5373,938259.7,1790534699999,1441956.84173,1571,642709.0,987691.95958,0
1790534700000,1.5373,1.5375,1.5371,1.5374,299607.3,1790534759999,460601.63964,500,103923.2,159762.54990,0
1790534760000,1.5373,1.5397,1.5373,1.5388,804639.1,1790534819999,1238026.05732,1958,509659.1,784098.48569,0
1790534820000,1.5388,1.5391,1.5378,1.5383,682814.7,1790534879999,1050580.99094,1523,204989.7,315422.68396,0
1790534880000,1.5384,1.5395,1.5383,1.5395,279593.7,1790534939999,430307.07347,910,168340.0,259088.50286,0
1790534940000,1.5394,1.5395,1.5385,1.5395,277033.4,1790534999999,426365.90443,795,137818.4,212109.78857,0
1790535000000,1.5395,1.5412,1.5395,1.5406,839374.5,1790535059999,1292965.81801,1836,508755.7,783722.54675,0
1790535060000,1.5406,1.5406,1.5368,1.5372,1239479.0,1790535119999,1906699.47263,2614,225809.6,347214.95797,0
1790535120000,1.5372,1.5374,1.5366,1.5368,306062.1,1790535179999,470395.76747,1091,105614.6,162335.00365,0
1790535180000,1.5367,1.5371,1.5366,1.5370,140466.0,1790535239999,215877.47910,604,36935.1,56762.49463,0
1790535240000,1.5370,1.5377,1.5369,1.5373,222687.1,1790535299999,342366.38937,569,95963.2,147521.61853,0
1790535300000,1.5374,1.5376,1.5367,1.5367,204167.0,1790535359999,313838.73281,612,75068.4,115391.40654,0
1790535360000,1.5368,1.5376,1.5368,1.5374,167583.9,1790535419999,257622.79879,688,74780.6,114949.92672,0
1790535420000,1.5373,1.5377,1.5369,1.5377,192647.3,1790535479999,296159.80214,737,131003.7,201401.94985,0
1790535480000,1.5377,1.5387,1.5375,1.5378,256707.5,1790535539999,394865.32434,965,172314.3,265044.29860,0
1790535540000,1.5378,1.5386,1.5377,1.5383,573067.6,1790535599999,881531.16435,935,389517.3,599197.72197,0
1790535600000,1.5383,1.5387,1.5355,1.5358,509049.4,1790535659999,782438.86012,1722,112544.8,173030.59712,0
1790535660000,1.5358,1.5370,1.5358,1.5358,325385.2,1790535719999,499945.43790,1372,112398.5,172682.70200,0
1790535720000,1.5358,1.5363,1.5338,1.5343,670299.7,1790535779999,1028657.73581,2028,174886.4,268372.55179,0
1790535780000,1.5343,1.5347,1.5332,1.5336,789309.7,1790535839999,1210647.32706,1722,325253.5,498786.11021,0
1790535840000,1.5336,1.5345,1.5336,1.5338,266488.6,1790535899999,408815.17299,695,64227.2,98519.98842,0
1790535900000,1.5339,1.5341,1.5338,1.5339,139471.6,1790535959999,213939.10216,518,43206.0,66275.24364,0
1790535960000,1.5339,1.5344,1.5338,1.5342,139182.8,1790536019999,213522.29991,519,72142.8,110671.76492,0
1790536020000,1.5341,1.5345,1.5332,1.5334,315080.8,1790536079999,483331.40022,1041,65476.7,100457.14026,0
1790536080000,1.5334,1.5337,1.5326,1.5327,417899.8,1790536139999,640642.60259,951,51718.0,79283.21467,0
1790536140000,1.5327,1.5335,1.5327,1.5335,150299.7,1790536199999,230398.85793,580,73416.4,112551.74247,0
1790536200000,1.5334,1.5335,1.5332,1.5335,179418.6,1790536259999,275108.29794,544,57733.5,88525.69258,0
1790536260000,1.5334,1.5340,1.5334,1.5335,129381.8,1790536319999,198436.65397,633,50279.1,77113.01115,0
1790536320000,1.5334,1.5336,1.5332,1.5336,147154.7,1790536379999,225630.05934,537,72826.7,111666.73714,0
1790536380000,1.5335,1.5338,1.5332,1.5337,153519.5,1790536439999,235429.68311,452,43778.8,67143.78626,0
1790536440000,1.5338,1.5340,1.5327,1.5331,578168.1,1790536499999,886733.40103,862,185466.2,284422.86216,0
1790536500000,1.5332,1.5344,1.5332,1.5344,59069.4,1790536559999,90608.51275,460,54814.0,84080.67307,0
1790536560000,1.5344,1.5356,1.5344,1.5356,190005.8,1790536619999,291648.72711,695,150430.5,230901.71033,0
1790536620000,1.5356,1.5362,1.5345,1.5347,264389.9,1790536679999,406055.33598,1001,109293.7,167867.70249,0
1790536680000,1.5346,1.5366,1.5346,1.5361,464318.4,1790536739999,713098.42993,1269,381410.5,585758.47822,0
1790536740000,1.5361,1.5361,1.5355,1.5355,105473.2,1790536799999,161989.28365,507,46547.1,71486.98949,0
1790536800000,1.5355,1.5356,1.5340,1.5345,116463.2,1790536859999,178756.39236,747,47976.8,73632.79457,0
1790536860000,1.5344,1.5358,1.5336,1.5336,742138.6,1790536919999,1139114.93359,1385,613089.0,941097.45437,0
1790536920000,1.5336,1.5341,1.5331,1.5334,242552.1,1790536979999,371950.46731,764,55347.6,84882.61525,0
1790536980000,1.5334,1.5340,1.5331,1.5332,490186.0,1790537039999,751734.11050,1118,314037.2,481614.26235,0
1790537040000,1.5332,1.5347,1.5331,1.5347,71222.8,1790537099999,109247.06091,608,55548.9,85207.90694,0
1790537100000,1.5346,1.5347,1.5340,1.5341,99996.1,1790537159999,153436.28781,539,22416.3,34395.09810,0
1790537160000,1.5342,1.5343,1.5327,1.5327,219196.8,1790537219999,336100.94234,984,64050.9,98204.30141,0
1790537220000,1.5328,1.5328,1.5314,1.5320,397591.1,1790537279999,609135.93901,1274,121679.1,186415.72940,0
1790537280000,1.5321,1.5322,1.5314,1.5314,256178.6,1790537339999,392435.21676,672,96700.4,148137.15666,0
1790537340000,1.5315,1.5326,1.5314,1.5326,158409.5,1790537399999,242653.19673,648,84305.3,129141.77166,0
1790537400000,1.5325,1.5330,1.5312,1.5312,565456.0,1790537459999,866380.20787,1512,209669.4,321252.93721,0
1790537460000,1.5313,1.5321,1.5311,1.5317,230400.6,1790537519999,352879.06155,881,64229.2,98366.18302,0
1790537520000,1.5316,1.5317,1.5294,1.5294,1124243.7,1790537579999,1720172.43234,2158,183517.1,280784.76400,0
1790537580000,1.5294,1.5298,1.5277,1.5298,1526127.8,1790537639999,2332976.69636,2558,514392.5,786403.25285,0
1790537640000,1.5298,1.5305,1.5296,1.5298,304996.7,1790537699999,466719.64212,741,65614.0,100402.81157,0
1790537700000,1.5298,1.5305,1.5296,1.5304,96810.6,1790537759999,148117.95636,481,63265.8,96799.98809,0
1790537760000,1.5304,1.5310,1.5304,1.5309,94879.0,1790537819999,145242.01303,460,73499.1,112514.69099,0
1790537820000,1.5310,1.5332,1.5306,1.5319,1099610.2,1790537879999,1684494.53963,2168,808096.2,1237872.18966,0
1790537880000,1.5320,1.5347,1.5320,1.5343,1371973.7,1790537939999,2104293.53743,2360,1108183.3,1699635.29636,0
1790537940000,1.5344,1.5350,1.5339,1.5348,231720.4,1790537999999,355580.38340,1163,113094.5,173543.11317,0
1790538000000,1.5348,1.5349,1.5336,1.5337,117499.8,1790538059999,180273.53095,760,26150.7,40114.13117,0
1790538060000,1.5337,1.5363,1.5337,1.5360,591239.0,1790538119999,907648.26983,1573,458443.9,703836.32448,0
1790538120000,1.5360,1.5361,1.5339,1.5339,136056.9,1790538179999,208869.86062,800,15266.0,23438.96891,0
1790538180000,1.5339,1.5343,1.5338,1.5338,113735.9,1790538239999,174473.00190,494,58253.7,89359.86377,0
1790538240000,1.5338,1.5341,1.5336,1.5339,156878.1,1790538299999,240625.66130,736,96260.5,147643.02429,0
1790538300000,1.5340,1.5343,1.5338,1.5338,123495.2,1790538359999,189446.15864,631,26810.5,41127.97643,0
1790538360000,1.5338,1.5355,1.5333,1.5350,189732.4,1790538419999,291170.72916,1113,103957.3,159525.28681,0
1790538420000,1.5351,1.5352,1.5339,1.5339,208904.3,1790538479999,320590.68286,1055,60835.6,93356.74200,0
1790538480000,1.5339,1.5344,1.5334,1.5334,142663.2,1790538539999,218849.74638,874,44678.8,68537.48650,0
1790538540000,1.5334,1.5337,1.5330,1.5334,135912.7,1790538599999,208405.49513,810,69214.9,106125.95784,0
1790538600000,1.5333,1.5334,1.5327,1.5327,113878.7,1790538659999,174583.43749,618,34515.3,52917.43219,0
1790538660000,1.5327,1.5328,1.5323,1.5323,89851.4,1790538719999,137697.27470,472,37684.0,57754.68167,0
1790538720000,1.5323,1.5329,1.5319,1.5322,201731.4,1790538779999,309131.02637,853,65517.9,100390.86589,0
1790538780000,1.5321,1.5325,1.5318,1.5320,83059.0,1790538839999,127256.35715,592,38651.2,59216.42176,0
1790538840000,1.5320,1.5330,1.5320,1.5325,94940.7,1790538899999,145499.76993,566,69820.5,106997.79413,0
1790538900000,1.5325,1.5329,1.5323,1.5325,71188.0,1790538959999,109099.40531,455,17888.9,27415.32679,0
1790538960000,1.5324,1.5326,1.5321,1.5323,86472.1,1790539019999,132507.39400,537,24855.0,38087.22412,0
1790539020000,1.5322,1.5323,1.5315,1.5316,84925.1,1790539079999,130086.90540,636,24124.0,36952.30468,0
1790539080000,1.5315,1.5318,1.5310,1.5312,107767.0,1790539139999,165045.77659,546,15141.8,23188.53232,0
1790539140000,1.5313,1.5313,1.5310,1.5312,78231.8,1790539199999,119786.49295,302,42679.6,65350.63168,0
1790539200000,1.5311,1.5321,1.5311,1.5319,245264.1,1790539259999,375651.61651,929,165656.5,253718.54723,0
1790539260000,1.5319,1.5323,1.5319,1.5321,150534.5,1790539319999,230629.49627,550,87753.2,134443.22234,0
1790539320000,1.5322,1.5325,1.5319,1.5319,97731.4,1790539379999,149754.74526,581,32744.3,50175.40749,0
1790539380000,1.5319,1.5331,1.5319,1.5329,338897.1,1790539439999,519444.36064,822,262269.5,401986.88215,0
1790539440000,1.5330,1.5340,1.5330,1.5339,81827.6,1790539499999,125477.72020,589,66943.2,102650.72564,0
1790539500000,1.5340,1.5341,1.5319,1.5319,134999.1,1790539559999,206965.16669,971,24559.6,37648.20911,0
1790539560000,1.5320,1.5322,1.5314,1.5318,278213.3,1790539619999,426177.84810,752,65573.0,100442.53078,0
1790539620000,1.5318,1.5319,1.5311,1.5317,115826.9,1790539679999,177394.77741,682,40129.9,61461.59314,0
1790539680000,1.5317,1.5333,1.5313,1.5328,490435.1,1790539739999,751505.31198,1250,361253.7,553519.66444,0
1790539740000,1.5329,1.5342,1.5329,1.5337,140353.5,1790539799999,215271.04296,760,98054.1,150383.16496,0
1790539800000,1.5338,1.5342,1.5338,1.5339,230587.9,1790539859999,353720.88886,649,52097.0,79921.02220,0
1790539860000,1.5339,1.5346,1.5339,1.5342,119813.8,1790539919999,183820.00568,685,89160.0,136788.29682,0
1790539920000,1.5342,1.5346,1.5341,1.5341,76832.0,1790539979999,117883.90910,423,48729.7,74764.50495,0
1790539980000,1.5341,1.5343,1.5340,1.5342,87327.4,1790540039999,133967.96502,457,51030.5,78286.89273,0
1790540040000,1.5343,1.5345,1.5339,1.5344,67894.3,1790540099999,104154.66218,455,40984.9,62875.49787,0
1790540100000,1.5345,1.5346,1.5342,1.5344,163995.9,1790540159999,251642.85614,654,109417.1,167898.19613,0
1790540160000,1.5344,1.5345,1.5335,1.5335,205912.4,1790540219999,315872.12175,887,92119.3,141313.45426,0
1790540220000,1.5335,1.5342,1.5333,1.5339,98133.4,1790540279999,150522.29173,758,58864.2,90284.72572,0
1790540280000,1.5339,1.5343,1.5332,1.5337,108361.6,1790540339999,166202.31080,692,90243.5,138414.49006,0
1790540340000,1.5337,1.5338,1.5334,1.5335,89147.6,1790540399999,136722.25263,560,29481.9,45214.29723,0
1790540400000,1.5336,1.5338,1.5323,1.5323,265882.0,1790540459999,407649.30091,1069,75213.5,115319.79067,0
1790540460000,1.5323,1.5328,1.5293,1.5293,1516262.0,1790540519999,2320630.42551,2948,310601.4,475242.58530,0
1790540520000,1.5293,1.5297,1.5285,1.5294,422163.7,1790540579999,645511.26428,1273,196388.8,300291.16547,0
1790540580000,1.5293,1.5293,1.5282,1.5291,664776.9,1790540639999,1016273.08991,1617,373056.7,570290.20335,0
1790540640000,1.5290,1.5296,1.5284,1.5295,1034324.1,1790540699999,1581472.46203,1670,167769.1,256568.25357,0
1790540700000,1.5296,1.5296,1.5282,1.5282,278224.1,1790540759999,425344.48103,1229,123134.6,188246.13403,0
1790540760000,1.5282,1.5286,1.5233,1.5273,3609135.2,1790540819999,5507431.60753,4218,903667.1,1379705.52601,0
1790540820000,1.5273,1.5277,1.5273,1.5277,188608.6,1790540879999,288098.25704,623,107438.5,164112.51358,0
1790540880000,1.5276,1.5283,1.5271,1.5283,234673.7,1790540939999,358541.36841,1003,155878.0,238170.03599,0
1790540940000,1.5283,1.5288,1.5279,1.5279,210869.3,1790540999999,322294.34316,787,111495.2,170405.54787,0
1790541000000,1.5280,1.5288,1.5280,1.5288,206050.9,1790541059999,314933.14855,572,152515.4,233105.80505,0
1790541060000,1.5288,1.5290,1.5283,1.5286,194562.2,1790541119999,297433.57845,758,120784.3,184646.52795,0
1790541120000,1.5287,1.5287,1.5269,1.5270,134607.7,1790541179999,205661.45348,832,21599.3,33005.31856,0
1790541180000,1.5269,1.5280,1.5269,1.5279,207729.6,1790541239999,317330.57156,734,180195.5,275267.59490,0
1790541240000,1.5279,1.5287,1.5279,1.5282,115098.8,1790541299999,175913.81760,480,58408.4,89260.28174,0
1790541300000,1.5283,1.5285,1.5279,1.5284,116192.1,1790541359999,177572.88359,425,46729.7,71411.46377,0
1790541360000,1.5284,1.5293,1.5284,1.5289,238252.4,1790541419999,364264.91589,643,177433.6,271268.04882,0
1790541420000,1.5290,1.5291,1.5278,1.5278,159233.4,1790541479999,243383.83528,856,66786.2,102071.30671,0
1790541480000,1.5278,1.5279,1.5274,1.5277,132576.3,1790541539999,202532.87697,486,75773.8,115751.82989,0
1790541540000,1.5278,1.5283,1.5271,1.5271,222911.0,1790541599999,340586.14816,695,114020.4,174217.59732,0
1790541600000,1.5272,1.5276,1.5272,1.5275,61336.2,1790541659999,93684.15645,175,47457.6,72484.61049,0
1790541660000,1.5276,1.5282,1.5272,1.5272,397129.0,1790541719999,606750.51033,877,244719.8,373917.80851,0
1790541720000,1.5273,1.5277,1.5272,1.5276,76305.7,1790541779999,116552.55969,227,67881.7,103684.15505,0
1790541780000,1.5277,1.5286,1.5276,1.5285,113578.4,1790541839999,173547.52188,451,111829.3,170874.88844,0
1790541840000,1.5285,1.5290,1.5285,1.5290,79261.7,1790541899999,121162.35628,313,72436.8,110729.36089,0
1790541900000,1.5290,1.5293,1.5285,1.5286,154657.6,1790541959999,236482.14056,517,24233.1,37048.68499,0
1790541960000,1.5286,1.5288,1.5281,1.5287,146463.8,1790542019999,223870.26011,742,30410.7,46482.90437,0
1790542020000,1.5286,1.5286,1.5245,1.5253,1041523.9,1790542079999,1589191.33641,2269,115287.6,175865.41215,0
1790542080000,1.5252,1.5258,1.5248,1.5257,644939.0,1790542139999,983670.41492,1223,325758.9,496839.87506,0
1790542140000,1.5257,1.5260,1.5232,1.5238,1664137.6,1790542199999,2536964.33055,2587,403777.1,615547.09673,0
1790542200000,1.5239,1.5246,1.5239,1.5241,431134.4,1790542259999,657157.53602,1004,245102.3,373594.62986,0
1790542260000,1.5240,1.5242,1.5235,1.5235,195876.8,1790542319999,298494.78310,874,42856.5,65309.16408,0
1790542320000,1.5236,1.5239,1.5223,1.5239,511799.7,1790542379999,779522.62859,1206,115224.2,175535.03265,0
1790542380000,1.5238,1.5239,1.5234,1.5237,222003.6,1790542439999,338261.36962,524,56300.7,85779.22855,0
1790542440000,1.5237,1.5237,1.5225,1.5227,561563.8,1790542499999,855303.05023,1196,162279.0,247126.44029,0
1790542500000,1.5226,1.5231,1.5225,1.5231,198915.9,1790542559999,302910.22207,809,69683.8,106118.29102,0
1790542560000,1.5231,1.5232,1.5219,1.5226,420114.4,1790542619999,639658.36159,1266,129738.7,197547.83200,0
1790542620000,1.5226,1.5244,1.5226,1.5232,758352.2,1790542679999,1155264.53410,1643,571810.6,871123.92717,0
1790542680000,1.5232,1.5232,1.5229,1.5229,273130.5,1790542739999,415985.47817,606,105652.6,160910.38366,0
1790542740000,1.5229,1.5232,1.5229,1.5230,187779.1,1790542799999,285993.49868,396,82022.0,124919.75292,0
1790542800000,1.5230,1.5231,1.5229,1.5231,203904.6,1790542859999,310543.62276,706,168059.2,255954.16536,0
1790542860000,1.5230,1.5231,1.5225,1.5226,234654.2,1790542919999,357355.76344,588,94865.8,144466.32725,0
1790542920000,1.5225,1.5228,1.5161,1.5183,3449348.3,1790542979999,5239843.62600,6421,1212197.1,1841071.01758,0
1790542980000,1.5182,1.5218,1.5182,1.5217,972459.4,1790543039999,1478080.17038,1945,711056.4,1080463.32395,0
1790543040000,1.5217,1.5229,1.5214,1.5214,464559.6,1790543099999,707069.00660,1363,205409.2,312640.89788,0
1790543100000,1.5214,1.5221,1.5206,1.5212,405825.5,1790543159999,617374.26814,1163,117607.3,178917.77817,0
1790543160000,1.5212,1.5222,1.5212,1.5221,352599.1,1790543219999,536517.17177,812,308515.1,469441.94193,0
1790543220000,1.5221,1.5227,1.5219,1.5219,274197.4,1790543279999,417396.40219,841,95276.7,145045.48931,0
1790543280000,1.5218,1.5223,1.5213,1.5222,190354.5,1790543339999,289679.17175,607,113428.3,172606.52437,0
1790543340000,1.5221,1.5229,1.5218,1.5228,307128.1,1790543399999,467584.82496,778,213985.4,325777.01947,0
1790543400000,1.5228,1.5237,1.5228,1.5235,371224.1,1790543459999,565432.96837,974,222382.2,338723.98232,0
1790543460000,1.5234,1.5236,1.5230,1.5236,220160.9,1790543519999,335367.31895,676,83076.3,126551.38719,0
1790543520000,1.5235,1.5238,1.5233,1.5235,166396.8,1790543579999,253524.16818,541,58778.8,89553.34411,0
1790543580000,1.5236,1.5252,1.5236,1.5251,396353.3,1790543639999,604199.98157,985,279088.3,425427.06730,0
1790543640000,1.5251,1.5271,1.5251,1.5271,864626.7,1790543699999,1319537.09317,1417,628471.4,959078.26554,0
1790543700000,1.5270,1.5293,1.5270,1.5279,906481.1,1790543759999,1385519.08113,2261,380752.7,581958.28241,0
1790543760000,1.5280,1.5290,1.5248,1.5261,1348412.7,1790543819999,2058701.71034,2709,454687.3,693955.43542,0
1790543820000,1.5261,1.5267,1.5255,1.5260,271787.3,1790543879999,414731.88526,853,159090.7,242758.60183,0
1790543880000,1.5259,1.5276,1.5254,1.5269,518061.0,1790543939999,790945.76172,1533,249029.8,380156.23634,0
1790543940000,1.5269,1.5269,1.5258,1.5259,183847.3,1790543999999,280606.56733,684,99458.4,151815.53998,0
1790544000000,1.5259,1.5270,1.5257,1.5257,371748.5,1790544059999,567461.44796,822,146200.0,223158.87268,0
1790544060000,1.5257,1.5259,1.5254,1.5257,441259.7,1790544119999,673251.84627,896,223544.6,341076.61244,0
1790544120000,1.5257,1.5261,1.5250,1.5254,240729.8,1790544179999,367296.92271,631,56778.0,86619.21677,0
1790544180000,1.5254,1.5263,1.5252,1.5261,143994.6,1790544239999,219720.57525,747,71614.3,109280.17105,0
1790544240000,1.5262,1.5265,1.5259,1.5260,227825.2,1790544299999,347720.83530,719,140676.8,214715.58175,0
1790544300000,1.5261,1.5269,1.5261,1.5264,119160.0,1790544359999,181911.94272,515,78918.0,120473.64276,0
1790544360000,1.5264,1.5265,1.5248,1.5249,167762.0,1790544419999,255971.03571,879,37377.5,57004.21150,0
1790544420000,1.5250,1.5250,1.5217,1.5222,1380526.0,1790544479999,2102626.86036,2288,282629.3,430353.02419,0
1790544480000,1.5223,1.5226,1.5221,1.5221,88608.8,1790544539999,134896.53374,458,38862.9,59165.07112,0
1790544540000,1.5222,1.5226,1.5216,1.5217,272619.4,1790544599999,414939.91699,748,73415.8,111751.69039,0
1790544600000,1.5218,1.5219,1.5212,1.5216,176195.3,1790544659999,268110.67108,602,107981.2,164312.55271,0
1790544660000,1.5216,1.5233,1.5209,1.5232,553969.5,1790544719999,842991.50767,1343,283109.2,430886.73870,0
1790544720000,1.5233,1.5233,1.5218,1.5218,125781.2,1790544779999,191486.48232,837,18091.3,27544.38101,0
1790544780000,1.5218,1.5230,1.5218,1.5226,363522.1,1790544839999,553418.59042,812,344553.3,524549.51566,0
1790544840000,1.5226,1.5232,1.5222,1.5229,578760.8,1790544899999,881306.96339,869,435760.4,663571.33158,0
1790544900000,1.5229,1.5229,1.5203,1.5206,3010971.4,1790544959999,4582013.47539,1411,338650.8,515406.30589,0
1790544960000,1.5206,1.5207,1.5160,1.5174,1142392.8,1790545019999,1733949.33617,3237,543669.7,825078.42226,0
1790545020000,1.5174,1.5186,1.5133,1.5171,1542637.1,1790545079999,2338614.77810,5006,629151.3,954005.15490,0
1790545080000,1.5172,1.5181,1.5154,1.5175,637753.6,1790545139999,967260.56194,1982,504208.1,764627.49568,0
1790545140000,1.5175,1.5201,1.5174,1.5188,1307093.4,1790545199999,1985381.88995,1852,967606.7,1469591.89321,0
1790545200000,1.5189,1.5194,1.5181,1.5183,307232.7,1790545259999,466562.93208,1093,239980.1,364422.28212,0
1790545260000,1.5183,1.5191,1.5182,1.5191,156733.0,1790545319999,238042.91102,621,85737.3,130206.29865,0
1790545320000,1.5190,1.5199,1.5190,1.5194,269731.5,1790545379999,409846.83316,924,189579.5,288060.63801,0
1790545380000,1.5194,1.5198,1.5184,1.5190,367516.4,1790545439999,558167.53046,1513,134107.0,203668.56239,0
1790545440000,1.5190,1.5191,1.5183,1.5187,138421.2,1790545499999,210233.90224,616,99187.6,150644.33409,0
1790545500000,1.5188,1.5204,1.5187,1.5203,115267.7,1790545559999,175128.84060,674,83279.7,126531.02285,0
1790545560000,1.5202,1.5205,1.5201,1.5205,176408.4,1790545619999,268197.87545,630,118765.7,180568.00592,0
1790545620000,1.5204,1.5213,1.5203,1.5212,144732.7,1790545679999,220110.61357,935,80257.7,122063.94840,0
1790545680000,1.5212,1.5214,1.5211,1.5214,59302.8,1790545739999,90213.95141,378,52116.3,79282.49643,0
1790545740000,1.5215,1.5217,1.5201,1.5203,228826.6,1790545799999,348062.80046,987,63105.9,95955.04252,0
1790545800000,1.5203,1.5217,1.5201,1.5216,86834.5,1790545859999,132051.80246,606,60655.1,92244.67450,0
1790545860000,1.5217,1.5220,1.5210,1.5218,115277.0,1790545919999,175382.11644,855,52043.3,79180.18714,0
1790545920000,1.5218,1.5224,1.5218,1.5224,39095.9,1790545979999,59512.92220,350,37753.5,57469.42036,0
1790545980000,1.5223,1.5225,1.5212,1.5212,154161.7,1790546039999,234665.75268,719,25003.7,38061.63994,0
1790546040000,1.5213,1.5223,1.5212,1.5222,76153.5,1790546099999,115889.48894,596,53370.6,81213.62733,0
1790546100000,1.5223,1.5225,1.5216,1.5216,98002.4,1790546159999,149166.27360,733,17934.5,27297.48270,0
1790546160000,1.5216,1.5219,1.5206,1.5216,189208.0,1790546219999,287815.15358,1080,44226.2,67285.87362,0
1790546220000,1.5215,1.5221,1.5210,1.5216,84375.9,1790546279999,128377.13175,728,25013.6,38061.36492,0
1790546280000,1.5217,1.5225,1.5217,1.5221,116407.7,1790546339999,177206.92346,541,82645.4,125810.75026,0
1790546340000,1.5220,1.5232,1.5217,1.5217,495602.4,1790546399999,754545.17556,1271,397943.4,605867.37474,0
1790546400000,1.5217,1.5239,1.5193,1.5201,657019.6,1790546459999,999870.13876,2479,267216.2,406797.40867,0
1790546460000,1.5202,1.5206,1.5131,1.5155,1590802.2,1790546519999,2413754.44539,5624,636298.4,965059.20115,0
1790546520000,1.5154,1.5154,1.5103,1.5136,2099294.3,1790546579999,3175279.08280,9059,1011655.3,1529993.34300,0
1790546580000,1.5135,1.5136,1.5106,1.5119,1017202.4,1790546639999,1537976.62832,4778,482538.5,729572.65470,0
1790546640000,1.5119,1.5136,1.5111,1.5136,821133.2,1790546699999,1241787.02417,3307,603496.0,912702.48753,0
1790546700000,1.5137,1.5141,1.5119,1.5125,942068.1,1790546759999,1425319.11162,3381,580404.3,878051.43458,0
1790546760000,1.5125,1.5154,1.5125,1.5135,1350261.9,1790546819999,2044835.09839,2936,929394.7,1407321.04935,0
1790546820000,1.5136,1.5137,1.5083,1.5115,1817781.0,1790546879999,2745767.14663,4582,448215.7,677195.95994,0
1790546880000,1.5114,1.5114,1.5089,1.5102,969015.1,1790546939999,1463235.75227,2746,476884.7,720102.68155,0
1790546940000,1.5101,1.5111,1.5093,1.5102,769352.4,1790546999999,1161894.23884,2128,508750.4,768342.72608,0
1790547000000,1.5102,1.5113,1.5089,1.5110,673185.3,1790547059999,1016710.64864,2313,446119.5,673799.85722,0
1790547060000,1.5111,1.5118,1.5092,1.5094,625491.2,1790547119999,944729.07570,2268,297791.0,449804.43846,0
1790547120000,1.5094,1.5101,1.5093,1.5098,346963.6,1790547179999,523815.62718,1126,192710.8,290921.45245,0
1790547180000,1.5097,1.5100,1.5068,1.5070,1711080.3,1790547239999,2580161.61710,3381,396545.4,598029.44643,0
1790547240000,1.5070,1.5078,1.5060,1.5074,1493038.5,1790547299999,2250052.19074,2851,440191.8,663458.20504,0
1790547300000,1.5074,1.5074,1.5032,1.5056,2878371.9,1790547359999,4332151.99351,5763,914898.1,1377163.05790,0
1790547360000,1.5057,1.5059,1.5044,1.5049,922417.9,1790547419999,1388173.77677,2434,379042.2,570445.76765,0
1790547420000,1.5050,1.5084,1.5048,1.5081,908058.5,1790547479999,1367921.02756,2592,724902.7,1091912.48540,0
1790547480000,1.5081,1.5103,1.5078,1.5094,483602.1,1790547539999,729685.76801,2074,339463.5,512175.88856,0
1790547540000,1.5095,1.5120,1.5089,1.5119,1068412.4,1790547599999,1614190.34680,2035,776896.9,1173647.41575,0
1790547600000,1.5119,1.5135,1.5100,1.5101,1142551.4,1790547659999,1727983.76989,2645,716252.7,1083534.36461,0
1790547660000,1.5100,1.5131,1.5094,1.5123,615070.1,1790547719999,929464.74982,2405,305479.3,461685.57739,0
1790547720000,1.5123,1.5146,1.5123,1.5146,588391.0,1790547779999,890506.85264,1599,498766.5,754844.11729,0
1790547780000,1.5146,1.5150,1.5143,1.5150,357600.4,1790547839999,541660.43549,1013,238319.8,360983.39243,0
1790547840000,1.5150,1.5152,1.5143,1.5147,289203.6,1790547899999,438090.79112,980,124142.0,188055.28139,0
1790547900000,1.5148,1.5163,1.5148,1.5161,516855.9,1790547959999,783407.37199,1449,388617.2,589015.66624,0
1790547960000,1.5162,1.5164,1.5140,1.5143,393138.1,1790548019999,595771.98537,1505,118433.5,179480.59584,0
1790548020000,1.5142,1.5167,1.5141,1.5167,399561.6,1790548079999,605626.23629,1404,224916.3,340957.00504,0
1790548080000,1.5167,1.5174,1.5160,1.5167,514311.7,1790548139999,780137.43850,1445,195215.3,296133.64077,0
1790548140000,1.5166,1.5169,1.5158,1.5165,362168.1,1790548199999,549235.42610,1371,142264.6,215743.84505,0
1790548200000,1.5164,1.5164,1.5128,1.5128,324120.2,1790548259999,490897.29989,2136,105303.9,159486.59779,0
1790548260000,1.5129,1.5135,1.5113,1.5123,558916.4,1790548319999,845277.95740,2699,172374.6,260698.07433,0
1790548320000,1.5122,1.5123,1.5103,1.5105,305557.8,1790548379999,461821.44167,1954,99467.3,150328.83317,0
1790548380000,1.5105,1.5114,1.5082,1.5082,817013.0,1790548439999,1233429.84283,2508,326616.6,493061.24606,0
1790548440000,1.5082,1.5096,1.5063,1.5064,708297.4,1790548499999,1068327.86460,2253,333495.4,503152.08143,0
1790548500000,1.5064,1.5073,1.5042,1.5062,1670229.6,1790548559999,2514629.45233,5042,663863.9,999535.07736,0
1790548560000,1.5061,1.5080,1.5053,1.5061,652484.6,1790548619999,982965.07374,3027,189250.7,285121.38263,0
1790548620000,1.5061,1.5065,1.5049,1.5061,446058.6,1790548679999,671666.19058,2168,153762.7,231538.03811,0
1790548680000,1.5060,1.5082,1.5058,1.5068,465812.7,1790548739999,702151.42793,2012,298328.7,449717.14376,0
1790548740000,1.5067,1.5095,1.5067,1.5081,1016975.8,1790548799999,1533889.92514,2211,779923.1,1176260.87034,0
1790548800000,1.5081,1.5086,1.5076,1.5078,281909.8,1790548859999,425155.71020,1164,145706.2,219739.45135,0
1790548860000,1.5077,1.5077,1.5058,1.5059,230341.0,1790548919999,347153.17721,1207,69927.7,105396.01722,0
1790548920000,1.5059,1.5063,1.5053,1.5061,415373.8,1790548979999,625521.57465,1433,109798.6,165351.36065,0
1790548980000,1.5061,1.5064,1.5051,1.5052,195362.2,1790549039999,294156.10956,998,78244.6,117822.19660,0
1790549040000,1.5051,1.5063,1.5051,1.5056,232652.6,1790549099999,350302.11008,1211,112013.8,168660.81971,0
1790549100000,1.5056,1.5056,1.5039,1.5042,490045.1,1790549159999,737327.27284,2262,136998.7,206133.01567,0
1790549160000,1.5042,1.5049,1.5022,1.5047,1083849.8,1790549219999,1629310.44214,2545,324280.6,487599.70043,0
1790549220000,1.5048,1.5056,1.5019,1.5053,1865192.0,1790549279999,2804581.05939,2954,373879.7,562385.17551,0
1790549280000,1.5053,1.5055,1.5045,1.5047,567343.5,1790549339999,853791.00942,1864,235280.4,354068.22188,0
1790549340000,1.5047,1.5060,1.5045,1.5059,300214.9,1790549399999,451977.09726,1211,168775.2,254092.12918,0
1790549400000,1.5060,1.5075,1.5056,1.5071,349010.7,1790549459999,525780.67476,1638,252460.9,380319.40966,0
1790549460000,1.5072,1.5076,1.5061,1.5064,232025.1,1790549519999,349624.15013,1352,164575.2,247985.04754,0
1790549520000,1.5065,1.5083,1.5065,1.5076,305688.3,1790549579999,460893.67323,1278,229542.7,346086.65952,0
1790549580000,1.5077,1.5082,1.5069,1.5081,163691.7,1790549639999,246767.67138,928,111036.6,167383.61767,0
1790549640000,1.5082,1.5082,1.5068,1.5073,248719.9,1790549699999,374891.43458,859,163237.2,246030.14488,0
1790549700000,1.5074,1.5087,1.5074,1.5083,313797.8,1790549759999,473276.83731,1422,222691.8,335869.82923,0
1790549760000,1.5083,1.5083,1.5068,1.5077,231470.7,1790549819999,348978.39848,1328,86249.9,130031.53290,0
1790549820000,1.5078,1.5082,1.5075,1.5077,147316.8,1790549879999,222127.11635,955,71149.0,107275.96016,0
1790549880000,1.5077,1.5080,1.5074,1.5074,106767.8,1790549939999,160978.37794,512,21857.8,32956.75252,0
1790549940000,1.5074,1.5075,1.5065,1.5072,176217.9,1790549999999,265528.67034,752,127253.8,191737.51653,0
1790550000000,1.5071,1.5112,1.5063,1.5110,1319613.2,1790550059999,1991466.55240,2970,897870.5,1354782.34511,0
1790550060000,1.5110,1.5122,1.5108,1.5119,626710.5,1790550119999,947321.58500,1859,228624.1,345583.54547,0
1790550120000,1.5120,1.5141,1.5119,1.5120,851580.8,1790550179999,1288473.50909,2693,453874.4,686725.76577,0
1790550180000,1.5119,1.5133,1.5111,1.5117,555153.9,1790550239999,839400.35743,1833,295103.5,446173.68828,0
1790550240000,1.5117,1.5127,1.5110,1.5111,311873.6,1790550299999,471563.65496,1560,159306.1,240858.98289,0
1790550300000,1.5110,1.5118,1.5098,1.5098,221199.7,1790550359999,334216.67556,1462,92654.8,140018.23079,0
1790550360000,1.5098,1.5100,1.5082,1.5087,451966.9,1790550419999,682089.16803,2289,138477.9,208995.38551,0
1790550420000,1.5087,1.5092,1.5074,1.5078,451968.4,1790550479999,681608.22789,1923,122402.5,184584.40152,0
1790550480000,1.5077,1.5081,1.5063,1.5067,332107.8,1790550539999,500585.98261,1850,161348.1,243205.84378,0
1790550540000,1.5067,1.5076,1.5062,1.5066,358596.0,1790550599999,540305.02978,1411,180756.1,272355.90533,0
1790550600000,1.5066,1.5101,1.5059,1.5082,1957520.6,1790550659999,2952747.78086,3355,1303020.2,1965672.80691,0
1790550660000,1.5081,1.5099,1.5076,1.5090,364051.3,1790550719999,549262.52523,1616,263541.4,397612.15420,0
1790550720000,1.5090,1.5098,1.5079,1.5084,233994.7,1790550779999,353029.81849,1583,89252.0,134684.63021,0
1790550780000,1.5083,1.5117,1.5079,1.5116,428742.1,1790550839999,647476.62037,2036,274903.9,415224.38926,0
1790550840000,1.5117,1.5117,1.5085,1.5086,325330.6,1790550899999,491272.85482,1171,145775.5,220157.12829,0
1790550900000,1.5086,1.5098,1.5080,1.5082,219359.2,1790550959999,330962.65075,1425,111514.1,168271.33134,0
1790550960000,1.5081,1.5119,1.5080,1.5117,256825.0,1790551019999,387783.55454,1841,185669.4,280343.18692,0
1790551020000,1.5117,1.5129,1.5109,1.5109,341498.8,1790551079999,516336.22218,2010,179680.7,271659.50251,0
1790551080000,1.5109,1.5127,1.5109,1.5115,566710.7,1790551139999,856691.94916,1834,216593.6,327419.28534,0
1790551140000,1.5115,1.5122,1.5114,1.5122,310020.8,1790551199999,468704.85487,1306,214425.7,324178.88917,0
1790551200000,1.5122,1.5142,1.5119,1.5139,499756.8,1790551259999,756146.77594,1991,322596.1,488081.53812,0
1790551260000,1.5138,1.5141,1.5131,1.5138,279311.9,1790551319999,422801.60341,1200,164827.1,249499.31509,0
1790551320000,1.5139,1.5142,1.5127,1.5131,278892.4,1790551379999,422027.14427,1175,119998.0,181574.49935,0
1790551380000,1.5130,1.5133,1.5115,1.5115,121788.7,1790551439999,184248.24873,941,69275.8,104809.77763,0
1790551440000,1.5116,1.5135,1.5113,1.5127,640491.1,1790551499999,968795.88667,1637,435461.2,658665.75490,0
1790551500000,1.5127,1.5137,1.5124,1.5133,84149.6,1790551559999,127335.51515,943,51562.5,78023.29338,0
1790551560000,1.5133,1.5147,1.5133,1.5146,226547.9,1790551619999,343048.78390,1101,140916.3,213372.20464,0
1790551620000,1.5145,1.5159,1.5135,1.5158,1531381.1,1790551679999,2319564.26671,3342,1045357.7,1583468.45256,0
1790551680000,1.5157,1.5159,1.5139,1.5145,233895.4,1790551739999,354312.20271,1111,145844.8,220923.75111,0
1790551740000,1.5144,1.5145,1.5131,1.5133,309985.7,1790551799999,469299.96289,1099,127734.8,193397.11530,0
1790551800000,1.5134,1.5149,1.5126,1.5149,839110.3,1790551859999,1270157.59031,2018,589838.5,892843.47290,0
1790551860000,1.5149,1.5150,1.5144,1.5146,171860.1,1790551919999,260324.56613,800,81571.1,123556.04406,0
1790551920000,1.5146,1.5152,1.5117,1.5141,1507941.9,1790551979999,2281666.94275,2510,218707.7,331048.76456,0
1790551980000,1.5141,1.5141,1.5127,1.5131,321457.1,1790552039999,486477.79753,1458,121126.3,183301.57156,0
1790552040000,1.5131,1.5133,1.5118,1.5133,178498.6,1790552099999,269978.12698,1156,85583.9,129450.24003,0
1790552100000,1.5132,1.5138,1.5100,1.5114,882655.8,1790552159999,1334386.14281,2549,115914.5,175196.89742,0
1790552160000,1.5114,1.5120,1.5104,1.5107,356479.7,1790552219999,538768.76628,1355,94371.5,142623.83484,0
1790552220000,1.5107,1.5125,1.5107,1.5118,245420.5,1790552279999,371045.39251,1043,174914.1,264447.13410,0
1790552280000,1.5119,1.5126,1.5117,1.5117,124988.4,1790552339999,189008.67171,885,50778.3,76783.54038,0
1790552340000,1.5118,1.5130,1.5118,1.5127,153079.2,1790552399999,231529.13541,928,103433.3,156455.93710,0
1790552400000,1.5126,1.5131,1.5121,1.5125,150870.2,1790552459999,228184.63964,823,81969.6,123966.91722,0
1790552460000,1.5125,1.5126,1.5115,1.5118,85726.5,1790552519999,129616.98627,698,31426.6,47512.20177,0
1790552520000,1.5118,1.5120,1.5107,1.5112,191989.7,1790552579999,290182.30177,1220,89935.2,135931.00677,0
1790552580000,1.5112,1.5113,1.5108,1.5112,84295.1,1790552639999,127375.06409,513,28266.4,42711.41034,0
1790552640000,1.5112,1.5114,1.5105,1.5107,140036.1,1790552699999,211587.72199,683,53166.2,80329.53209,0
1790552700000,1.5108,1.5115,1.5100,1.5107,271143.7,1790552759999,409665.02055,1658,154508.5,233465.69016,0
1790552760000,1.5106,1.5132,1.5105,1.5131,179907.0,1790552819999,271998.81980,1225,122026.3,184476.99800,0
1790552820000,1.5131,1.5142,1.5117,1.5142,683942.1,1790552879999,1034905.58858,1971,400485.7,605878.17640,0
1790552880000,1.5143,1.5175,1.5138,1.5169,1351425.4,1790552939999,2048891.85534,3220,998418.9,1513738.46402,0
1790552940000,1.5168,1.5171,1.5157,1.5165,365185.8,1790552999999,553795.14404,1305,165915.1,251617.05914,0
1790553000000,1.5165,1.5179,1.5165,1.5178,301807.7,1790553059999,457864.50714,1268,193360.9,293321.95513,0
1790553060000,1.5177,1.5187,1.5169,1.5187,583907.4,1790553119999,886205.50677,1580,276734.9,420066.50303,0
1790553120000,1.5186,1.5193,1.5179,1.5191,360325.0,1790553179999,547208.33045,1303,226089.6,343356.70537,0
1790553180000,1.5191,1.5193,1.5182,1.5188,357908.0,1790553239999,543594.86167,1107,224307.4,340692.07946,0
1790553240000,1.5188,1.5188,1.5176,1.5183,254263.6,1790553299999,385968.68287,1114,126927.0,192671.82745,0
1790553300000,1.5184,1.5186,1.5181,1.5183,157495.9,1790553359999,239128.08473,730,78029.5,118477.51243,0
1790553360000,1.5183,1.5193,1.5183,1.5188,135752.5,1790553419999,206186.57286,1008,72620.6,110299.22839,0
1790553420000,1.5188,1.5194,1.5180,1.5180,222371.5,1790553479999,337708.35917,1193,75211.0,114224.17501,0
1790553480000,1.5180,1.5180,1.5153,1.5163,739992.4,1790553539999,1122299.23747,2332,119411.6,181083.86167,0
1790553540000,1.5163,1.5164,1.5153,1.5159,142086.2,1790553599999,215365.40965,645,54846.6,83129.34165,0
