open_time,open,high,low,close,volume,close_time,quote_volume,count,taker_buy_volume,taker_buy_quote_volume,ignore
1713052800000,0.4786,0.4833,0.4636,0.4699,459543377.6,1713067199999,217233089.25426,316738,221610543.2,104759710.60469,0
1713067200000,0.4698,0.4987,0.4677,0.4953,304384175.9,1713081599999,148360981.39559,225904,151463903.1,73824169.64292,0
1713081600000,0.4954,0.4988,0.4796,0.4824,269785490.8,1713095999999,132121201.66497,179650,132895878.6,65094755.58495,0
1713096000000,0.4823,0.4930,0.4791,0.4865,316285440.1,1713110399999,153522229.12328,221140,156225325.9,75829475.71400,0
1713110400000,0.4866,0.4956,0.4731,0.4897,465675539.7,1713124799999,226524941.23808,289647,227467875.9,110631815.66768,0
1713124800000,0.4897,0.5070,0.4841,0.5029,285487894.2,1713139199999,141583660.72624,184937,139583810.1,69247310.25013,0
