open_time,open,high,low,close,volume,close_time,quote_volume,count,taker_buy_volume,taker_buy_quote_volume,ignore
1718668800000,0.5044,0.5078,0.4641,0.4898,541517558.6,1718683199999,265205712.43505,417272,262968810.1,128775558.14062,0
1718683200000,0.4898,0.5045,0.4869,0.5004,218734092.7,1718697599999,108316625.43483,180348,110180899.7,54553395.14633,0
1718697600000,0.5005,0.5094,0.4925,0.4958,282987729.8,1718711999999,141415845.05607,223880,143406471.6,71661791.71168,0
1718712000000,0.4958,0.4969,0.4818,0.4848,340494468.6,1718726399999,166484797.17121,294110,170319558.6,83287584.01826,0
1718726400000,0.4849,0.4849,0.4759,0.4820,214586035.7,1718740799999,102970066.21060,187913,105789056.6,50765634.54526,0
1718740800000,0.4820,0.4915,0.4806,0.4907,117322626.9,1718755199999,57120215.87227,111954,59734638.2,29086145.70777,0
