open_time,open,high,low,close,volume,close_time,quote_volume,count,taker_buy_volume,taker_buy_quote_volume,ignore
1708992000000,0.5512,0.5616,0.5482,0.5537,289388712.8,1709006399999,160765645.41499,199957,141729513.3,78746114.18614,0
1709006400000,0.5537,0.5577,0.5504,0.5524,184729819.5,1709020799999,102407331.48464,118023,89303059.0,49505217.77349,0
1709020800000,0.5524,0.5654,0.5522,0.5601,233625984.8,1709035199999,130738959.90161,149923,116045856.0,64917897.75070,0
1709035200000,0.5602,0.5710,0.5546,0.5612,425798145.8,1709049599999,239627705.96729,262063,205105829.8,115448530.31548,0
1709049600000,0.5612,0.5977,0.5577,0.5942,645833653.4,1709063999999,373211193.00354,405582,323466140.4,186885042.16899,0
1709064000000,0.5942,0.5942,0.5777,0.5869,350815017.1,1709078399999,205429751.59851,226037,169853543.2,99440789.45903,0
