open_time,open,high,low,close,volume,close_time,quote_volume,count,taker_buy_volume,taker_buy_quote_volume,ignore
1741651200000,2.0202,2.0638,1.8952,2.0446,453336015.9,1741665599999,898170859.58693,1357920,221547934.1,438788513.81915,0
1741665600000,2.0446,2.1300,2.0398,2.0940,199035676.6,1741679999999,416622882.58061,522114,101796178.7,213073685.93394,0
1741680000000,2.0939,2.1633,2.0885,2.1543,158215053.8,1741694399999,337370738.28766,463050,81509220.4,173821073.98193,0
1741694400000,2.1543,2.1596,2.0551,2.1350,381670374.2,1741708799999,804118642.90012,1057707,185628712.6,391123025.48353,0
1741708800000,2.1349,2.2125,2.0785,2.2071,246092899.8,1741723199999,528747476.14710,678692,126270312.6,271443005.06427,0
1741723200000,2.2070,2.2092,2.1620,2.1700,108590823.3,1741737599999,237624208.64795,340578,51570294.8,112876521.91400,0
