open_time,open,high,low,close,volume,close_time,quote_volume,count,taker_buy_volume,taker_buy_quote_volume,ignore
1748995200000,2.2437,2.2653,2.2282,2.2520,61199441.4,1749009599999,137670885.48442,242931,29881267.7,67226458.25277,0
1749009600000,2.2520,2.2524,2.2263,2.2329,43637415.5,1749023999999,97670090.84883,173980,22817821.1,51070680.19112,0
1749024000000,2.2330,2.2632,2.2322,2.2519,60719202.2,1749038399999,136720157.52795,202584,30867659.7,69492446.76974,0
1749038400000,2.2520,2.2605,2.2180,2.2484,98753253.7,1749052799999,221238399.83289,323188,49613124.8,111148049.93887,0
1749052800000,2.2483,2.2515,2.2046,2.2046,59502404.5,1749067199999,132589170.72614,210869,27694286.2,61738925.32603,0
1749067200000,2.2047,2.2153,2.1936,2.1998,63458368.0,1749081599999,139812990.31080,232280,31164461.0,68671502.42988,0
