open_time,open,high,low,close,volume,close_time,quote_volume,count,taker_buy_volume,taker_buy_quote_volume,ignore
1674432000000,0.4003,0.4125,0.3993,0.4051,302448871.0,1674446399999,123167002.57125,123388,158449983.7,64537742.91259,0
1674446400000,0.4052,0.4144,0.4039,0.4136,233705577.2,1674460799999,95587012.70663,95324,118621812.8,48523403.64553,0
1674460800000,0.4135,0.4328,0.4131,0.4233,897339045.1,1674475199999,380792196.42383,320786,462600993.0,196277410.65677,0
1674475200000,0.4232,0.4300,0.4124,0.4217,747922772.2,1674489599999,316146735.21775,283670,360797382.4,152532878.68551,0
1674489600000,0.4216,0.4309,0.4191,0.4267,451063698.9,1674503999999,191412102.83403,175336,223837126.7,94990634.86739,0
1674504000000,0.4267,0.4332,0.4227,0.4234,444676867.2,1674518399999,190590791.50736,179474,218855698.8,93822785.54295,0
