open_time,open,high,low,close,volume,close_time,quote_volume,count,taker_buy_volume,taker_buy_quote_volume,ignore
1671494400000,0.3385,0.3430,0.3355,0.3391,343079769.7,1671508799999,116317535.49359,116839,182542931.7,61896043.45251,0
1671508800000,0.3391,0.3452,0.3383,0.3421,236581923.3,1671523199999,81128916.95656,89635,121751900.1,41749309.02117,0
1671523200000,0.3421,0.3469,0.3404,0.3436,196605737.7,1671537599999,67603020.38022,77124,100338020.0,34503883.82300,0
1671537600000,0.3435,0.3494,0.3421,0.3465,245215315.0,1671551999999,84652187.49634,90981,124787738.1,43090783.61360,0
1671552000000,0.3465,0.3492,0.3447,0.3490,129365205.1,1671566399999,44831783.67244,55251,64044039.5,22202519.61213,0
1671566400000,0.3489,0.3529,0.3479,0.3482,168341669.8,1671580799999,58956754.74950,74599,85152897.0,29827785.05733,0
