open_time,open,high,low,close,volume,close_time,quote_volume,count,taker_buy_volume,taker_buy_quote_volume,ignore
1710028800000,0.6206,0.6255,0.6200,0.6230,130737409.4,1710043199999,81399606.22552,108031,65946778.1,41060962.08159,0
1710043200000,0.6231,0.6282,0.6222,0.6270,102433455.6,1710057599999,63995897.34142,79897,48963024.2,30592025.80876,0
1710057600000,0.6270,0.6288,0.6171,0.6195,225896223.3,1710071999999,140638870.28631,166647,106334037.3,66205638.90359,0
1710072000000,0.6196,0.6214,0.6017,0.6108,335814752.5,1710086399999,205455064.94051,251389,153772316.2,94094276.91943,0
1710086400000,0.6108,0.6153,0.6100,0.6126,107109315.5,1710100799999,65678981.40791,97946,50406568.2,30910166.38513,0
1710100800000,0.6126,0.6147,0.5966,0.6086,206908362.8,1710115199999,125286349.68769,172944,94555279.0,57261192.65870,0
