open_time,open,high,low,close,volume,close_time,quote_volume,count,taker_buy_volume,taker_buy_quote_volume,ignore
1705708800000,0.5442,0.5444,0.5390,0.5432,72201533.4,1705723199999,39153017.64848,56966,34937272.8,18947377.31716,0
1705723200000,0.5432,0.5528,0.5431,0.5493,81922062.6,1705737599999,44849551.74362,57974,42722617.9,23390732.22653,0
1705737600000,0.5492,0.5524,0.5440,0.5493,100747392.4,1705751999999,55215721.82752,74300,51581723.8,28270585.22627,0
1705752000000,0.5493,0.5510,0.5471,0.5482,82069489.6,1705766399999,45080045.49890,57887,42936475.1,23584093.65340,0
1705766400000,0.5482,0.5492,0.5445,0.5468,72754449.7,1705780799999,39813590.32879,59459,35313496.6,19326471.82091,0
1705780800000,0.5468,0.5553,0.5461,0.5535,75961198.7,1705795199999,41852869.51644,60365,41110732.9,22652941.06753,0
