open_time,open,high,low,close,volume,close_time,quote_volume,count,taker_buy_volume,taker_buy_quote_volume,ignore
1669507200000,0.3958,0.4007,0.3949,0.3998,103575949.7,1669521599999,41212964.46629,56200,51736044.2,20584721.42168,0
1669521600000,0.3997,0.4029,0.3991,0.4003,104239692.2,1669535999999,41804932.82838,59495,50662551.2,20320609.49868,0
1669536000000,0.4003,0.4085,0.3976,0.4063,223365413.5,1669550399999,90042213.05256,105161,112979045.9,45552193.05691,0
1669550400000,0.4064,0.4095,0.4020,0.4034,238595215.6,1669564799999,96670798.08001,109073,115587304.5,46842368.96583,0
1669564800000,0.4035,0.4044,0.3981,0.4021,161059640.0,1669579199999,64587088.52874,83325,71030085.2,28491412.56854,0
1669579200000,0.4021,0.4043,0.3936,0.3961,206446025.3,1669593599999,82424454.90326,96321,96585977.4,38564045.42527,0
