open_time,open,high,low,close,volume,close_time,quote_volume,count,taker_buy_volume,taker_buy_quote_volume,ignore
1719360000000,0.4755,0.4781,0.4738,0.4748,59961555.0,1719374399999,28514734.50197,60975,28112464.5,13371952.39671,0
1719374400000,0.4748,0.4754,0.4718,0.4732,55554534.6,1719388799999,26312477.41533,58791,26149375.0,12387049.52280,0
1719388800000,0.4732,0.4775,0.4705,0.4746,127304407.1,1719403199999,60239532.16788,99253,63731001.7,30158904.40539,0
1719403200000,0.4746,0.4759,0.4677,0.4696,114221103.4,1719417599999,53918368.71428,97224,54032679.5,25510833.00133,0
1719417600000,0.4696,0.4721,0.4644,0.4716,104213223.0,1719431999999,48783842.66208,101440,49811919.1,23322161.35512,0
1719432000000,0.4717,0.4725,0.4695,0.4696,35881873.9,1719446399999,16889670.86139,49941,16138209.0,7596744.12667,0
