open_time,open,high,low,close,volume,close_time,quote_volume,count,taker_buy_volume,taker_buy_quote_volume,ignore
1774656000000,1.3250,1.3288,1.3181,1.3265,37295154.0,1774670399999,49389775.03922,108147,18193935.8,24094404.90792,0
1774670400000,1.3264,1.3415,1.3251,1.3402,56327733.1,1774684799999,75187253.69299,121319,31415519.0,41931720.40854,0
1774684800000,1.3403,1.3425,1.3339,1.3394,34011174.1,1774699199999,45512566.06113,94283,17606153.1,23562336.98797,0
1774699200000,1.3395,1.3577,1.3354,1.3526,74918126.0,1774713599999,101005950.11282,178157,41242279.2,55606758.61695,0
1774713600000,1.3526,1.3538,1.3410,1.3442,31079787.9,1774727999999,41876111.41652,87312,13142194.9,17710550.85035,0
1774728000000,1.3442,1.3475,1.3302,1.3327,40158149.1,1774742399999,53778512.47556,104163,20388899.2,27315943.38253,0
