open_time,open,high,low,close,volume,close_time,quote_volume,count,taker_buy_volume,taker_buy_quote_volume,ignore
1681862400000,0.5327,0.5378,0.5241,0.5265,233205523.9,1681876799999,123257823.49217,130163,105275465.8,55653254.98359,0
1681876800000,0.5265,0.5335,0.5204,0.5219,246593183.4,1681891199999,129940996.30300,129167,116051716.4,61181354.95629,0
1681891200000,0.5219,0.5224,0.4595,0.4971,831749443.9,1681905599999,410621249.28219,450835,363484690.4,179406874.27209,0
1681905600000,0.4970,0.5017,0.4942,0.4965,259935687.8,1681919999999,129378890.10687,146152,124062505.9,61759732.16212,0
1681920000000,0.4965,0.4992,0.4909,0.4944,203657963.9,1681934399999,100766649.68277,122672,96446393.0,47719719.12784,0
1681934400000,0.4944,0.4965,0.4837,0.4908,277018670.1,1681948799999,136039571.97661,173338,134350352.9,66001081.37541,0
