open_time,open,high,low,close,volume,close_time,quote_volume,count,taker_buy_volume,taker_buy_quote_volume,ignore
1758412800000,2.9735,2.9972,2.9709,2.9961,29305679.5,1758427199999,87439416.17619,136364,13171510.4,39299351.40548,0
1758427200000,2.9962,3.0123,2.9916,2.9956,39523020.5,1758441599999,118676484.36438,154667,19727178.6,59240010.88338,0
1758441600000,2.9957,2.9994,2.9592,2.9737,57202704.1,1758455999999,170172574.75415,177269,25439925.7,75673869.83284,0
1758456000000,2.9738,2.9873,2.9682,2.9784,27975807.1,1758470399999,83338230.80233,124024,13156215.5,39198232.61304,0
1758470400000,2.9784,2.9840,2.9506,2.9802,47527223.1,1758484799999,141031936.98153,182989,21107418.2,62642657.71434,0
1758484800000,2.9801,2.9919,2.9627,2.9686,39122375.3,1758499199999,116447086.80703,150115,19984839.9,59486771.14192,0
