open_time,open,high,low,close,volume,close_time,quote_volume,count,taker_buy_volume,taker_buy_quote_volume,ignore
1784419200000,1.0922,1.0994,1.0913,1.0943,34132385.5,1784433599999,37357717.19593,74701,18997879.7,20792779.24668,0
1784433600000,1.0944,1.0980,1.0925,1.0948,27531398.8,1784447999999,30165828.92720,65664,13422391.4,14706274.76161,0
1784448000000,1.0948,1.0991,1.0933,1.0964,28241860.1,1784462399999,30964587.61479,70326,13749018.1,15072244.69729,0
1784462400000,1.0965,1.1014,1.0903,1.0973,49452213.4,1784476799999,54194715.63995,98468,26639883.5,29193304.36538,0
1784476800000,1.0973,1.0978,1.0880,1.0943,43494778.7,1784491199999,47531517.15313,92235,21636368.5,23649156.91316,0
1784491200000,1.0943,1.1013,1.0910,1.0972,39475213.7,1784505599999,43261576.46169,105751,20144506.1,22072610.38014,0
