open_time,open,high,low,close,volume,close_time,quote_volume,count,taker_buy_volume,taker_buy_quote_volume,ignore
1750032000000,2.1644,2.1869,2.1498,2.1714,68783802.8,1750046399999,149193037.57968,214611,35992718.7,78100630.76969,0
1750046400000,2.1713,2.2030,2.1704,2.2019,70967245.5,1750060799999,155042442.08699,210582,37516906.7,81979620.59420,0
1750060800000,2.2019,2.2485,2.1926,2.2441,98513410.7,1750075199999,218329934.70519,286354,49673048.4,110125019.53293,0
1750075200000,2.2441,2.2974,2.2432,2.2892,229560292.4,1750089599999,520438124.34941,641048,119702853.3,271388967.46096,0
1750089600000,2.2892,2.3359,2.2891,2.3349,192955816.5,1750103999999,446771030.13822,534159,100929709.2,233693065.14767,0
1750104000000,2.3350,2.3366,2.2280,2.2372,206984465.4,1750118399999,473527857.46995,546374,101592011.5,232551674.45802,0
