open_time,open,high,low,close,volume,close_time,quote_volume,count,taker_buy_volume,taker_buy_quote_volume,ignore
1717545600000,0.5259,0.5283,0.5247,0.5261,66691484.0,1717559999999,35101402.11662,53542,33463436.0,17612860.99027,0
1717560000000,0.5261,0.5278,0.5247,0.5272,68748647.5,1717574399999,36165635.58491,50386,34728336.4,18270646.41212,0
1717574400000,0.5273,0.5334,0.5257,0.5292,169080120.7,1717588799999,89461205.67614,115888,83511559.0,44192698.03952,0
1717588800000,0.5291,0.5306,0.5261,0.5298,92685163.7,1717603199999,48975440.98408,71129,47994979.7,25365382.60482,0
1717603200000,0.5298,0.5309,0.5258,0.5278,80951192.5,1717617599999,42766727.20943,71349,37216409.3,19662016.33701,0
1717617600000,0.5278,0.5282,0.5236,0.5263,49138120.3,1717631999999,25860634.60135,47221,23787205.4,12521256.94040,0
