open_time,open,high,low,close,volume,close_time,quote_volume,count,taker_buy_volume,taker_buy_quote_volume,ignore
1780876800000,1.1548,1.1671,1.1416,1.1513,95406724.6,1780891199999,110188664.56002,277558,47342723.2,54681504.83831,0
1780891200000,1.1513,1.1522,1.1311,1.1473,75603210.3,1780905599999,86236463.97065,204605,36507342.0,41642517.71348,0
1780905600000,1.1472,1.1647,1.1356,1.1571,73114986.0,1780919999999,84005325.47340,204049,36282541.9,41693642.82214,0
1780920000000,1.1572,1.1844,1.1457,1.1704,141106243.7,1780934399999,164411802.43526,391266,71105455.4,82873740.00079,0
1780934400000,1.1704,1.1861,1.1573,1.1793,94495532.6,1780948799999,110753902.82061,259147,44491580.3,52156386.64035,0
1780948800000,1.1793,1.1859,1.1657,1.1677,75370935.2,1780963199999,88616866.60746,223875,38717121.8,45517246.27679,0
