open_time,open,high,low,close,volume,close_time,quote_volume,count,taker_buy_volume,taker_buy_quote_volume,ignore
1783036800000,1.0873,1.0953,1.0821,1.0901,45512073.5,1783051199999,49578866.34071,130171,21808725.3,23756501.57451,0
1783051200000,1.0902,1.1063,1.0880,1.1019,49929810.0,1783065599999,54877468.84115,127807,25933257.4,28501724.10657,0
1783065600000,1.1020,1.1123,1.0976,1.1095,66336052.0,1783079999999,73297185.12443,149848,31304408.5,34591544.62307,0
1783080000000,1.1094,1.1235,1.1031,1.1196,113408039.1,1783094399999,126274311.05622,227160,53767804.9,59883078.74231,0
1783094400000,1.1196,1.1448,1.1136,1.1313,107668483.4,1783108799999,121342364.67689,218589,52516608.2,59201006.50189,0
1783108800000,1.1312,1.1436,1.1268,1.1341,80035682.8,1783123199999,90740813.13730,187321,41434108.2,46976237.61965,0
