open_time,open,high,low,close,volume,close_time,quote_volume,count,taker_buy_volume,taker_buy_quote_volume,ignore
1785369600000,1.0733,1.0743,1.0732,1.0740,179422.8,1785369659999,192640.71528,832,121205.0,130136.39508,0
1785369660000,1.0741,1.0741,1.0730,1.0733,122337.0,1785369719999,131330.17751,567,25795.9,27685.95533,0
1785369720000,1.0733,1.0734,1.0725,1.0731,240985.3,1785369779999,258518.67714,739,164954.2,176954.00117,0
1785369780000,1.0731,1.0733,1.0724,1.0726,92388.2,1785369839999,99110.22923,626,30375.6,32586.55570,0
1785369840000,1.0727,1.0734,1.0726,1.0734,203952.9,1785369899999,218835.55635,409,100821.7,108172.97508,0
1785369900000,1.0734,1.0740,1.0734,1.0736,101366.0,1785369959999,108835.94613,604,50804.1,54548.41657,0
1785369960000,1.0735,1.0745,1.0732,1.0743,233770.7,1785370019999,250976.08639,723,57937.3,62212.91755,0
1785370020000,1.0743,1.0743,1.0738,1.0742,128123.7,1785370079999,137622.67505,406,72866.0,78267.59434,0
1785370080000,1.0742,1.0752,1.0742,1.0746,697734.4,1785370139999,749993.66957,1023,403071.3,433275.40164,0
1785370140000,1.0746,1.0748,1.0742,1.0745,41887.4,1785370199999,45009.21278,398,22402.4,24071.92888,0
1785370200000,1.0746,1.0746,1.0742,1.0743,114676.8,1785370259999,123207.26088,410,20014.2,21503.23369,0
1785370260000,1.0743,1.0750,1.0743,1.0749,60738.7,1785370319999,65281.21023,417,30931.3,33245.07368,0
1785370320000,1.0749,1.0752,1.0747,1.0752,99710.8,1785370379999,107184.40823,414,38402.7,41279.86164,0
1785370380000,1.0751,1.0759,1.0751,1.0756,350976.1,1785370439999,377492.05533,691,296898.2,319330.54999,0
1785370440000,1.0756,1.0757,1.0745,1.0748,169498.2,1785370499999,182218.63431,525,69580.4,74782.26514,0
1785370500000,1.0749,1.0765,1.0747,1.0764,383154.3,1785370559999,412032.27878,808,191715.1,206224.79975,0
1785370560000,1.0764,1.0765,1.0757,1.0757,135628.4,1785370619999,145965.41746,457,39615.5,42635.05367,0
1785370620000,1.0757,1.0757,1.0752,1.0753,110827.9,1785370679999,119190.99678,579,43877.9,47185.19601,0
1785370680000,1.0754,1.0760,1.0754,1.0759,95988.3,1785370739999,103254.38494,494,51763.5,55682.30872,0
1785370740000,1.0758,1.0759,1.0751,1.0752,82982.1,1785370799999,89238.58648,374,39725.3,42714.94401,0
1785370800000,1.0752,1.0753,1.0745,1.0749,93366.6,1785370859999,100351.32858,455,57348.0,61635.57575,0
1785370860000,1.0749,1.0750,1.0745,1.0745,74048.0,1785370919999,79585.44612,369,29999.1,32244.79009,0
1785370920000,1.0745,1.0752,1.0745,1.0752,144889.7,1785370979999,155733.22655,392,127980.9,137557.92575,0
1785370980000,1.0752,1.0753,1.0750,1.0752,31006.5,1785371039999,33337.28026,238,14563.0,15657.98691,0
1785371040000,1.0751,1.0753,1.0747,1.0750,58014.1,1785371099999,62366.85718,360,23803.9,25590.02071,0
1785371100000,1.0750,1.0752,1.0744,1.0745,221658.9,1785371159999,238234.27721,534,110644.0,118911.15076,0
1785371160000,1.0745,1.0750,1.0745,1.0747,66203.8,1785371219999,71155.00330,367,19214.5,20650.91563,0
1785371220000,1.0746,1.0746,1.0736,1.0739,217438.6,1785371279999,233512.44607,580,87859.4,94348.75739,0
1785371280000,1.0740,1.0746,1.0740,1.0746,367652.7,1785371339999,395026.78273,357,139819.9,150208.77296,0
1785371340000,1.0745,1.0748,1.0743,1.0747,117727.5,1785371399999,126506.96390,315,82313.0,88452.37105,0
1785371400000,1.0747,1.0747,1.0738,1.0738,143991.3,1785371459999,154650.79229,500,12702.9,13644.84308,0
1785371460000,1.0739,1.0739,1.0734,1.0734,186196.3,1785371519999,199908.28522,666,42179.4,45289.36442,0
1785371520000,1.0734,1.0734,1.0721,1.0724,249500.2,1785371579999,267617.32138,820,76783.1,82351.04350,0
1785371580000,1.0725,1.0732,1.0725,1.0732,170582.2,1785371639999,183005.95051,492,81556.4,87496.48452,0
1785371640000,1.0732,1.0732,1.0725,1.0726,126026.9,1785371699999,135199.05438,307,15201.0,16307.67438,0
1785371700000,1.0725,1.0725,1.0720,1.0725,91196.5,1785371759999,97780.61582,462,43454.0,46591.91886,0
1785371760000,1.0725,1.0726,1.0715,1.0719,489326.3,1785371819999,524509.54194,756,126271.9,135352.76191,0
1785371820000,1.0720,1.0720,1.0710,1.0717,567152.0,1785371879999,607756.27546,819,154375.4,165421.37770,0
1785371880000,1.0717,1.0720,1.0713,1.0715,89863.6,1785371939999,96304.34649,398,38951.6,41742.73013,0
1785371940000,1.0714,1.0716,1.0710,1.0713,190426.1,1785371999999,203987.26615,551,49224.2,52736.06769,0
1785372000000,1.0714,1.0714,1.0709,1.0710,101601.9,1785372059999,108827.03499,398,36863.9,39485.64542,0
1785372060000,1.0710,1.0711,1.0705,1.0706,120713.3,1785372119999,129254.64684,498,43492.9,46572.89210,0
1785372120000,1.0705,1.0710,1.0699,1.0701,836454.8,1785372179999,895256.55545,1060,330321.5,353543.63335,0
1785372180000,1.0702,1.0705,1.0699,1.0702,325762.3,1785372239999,348605.03851,633,75099.6,80368.52934,0
1785372240000,1.0701,1.0702,1.0690,1.0697,906596.3,1785372299999,969659.29674,1037,86935.8,92999.76630,0
1785372300000,1.0697,1.0700,1.0696,1.0700,108718.8,1785372359999,116306.10310,324,82894.0,88682.26812,0
1785372360000,1.0699,1.0701,1.0695,1.0701,266577.8,1785372419999,285209.65087,528,191588.2,204989.59614,0
1785372420000,1.0701,1.0703,1.0696,1.0699,190225.1,1785372479999,203527.03405,542,51856.4,55482.00698,0
1785372480000,1.0698,1.0708,1.0698,1.0704,207016.5,1785372539999,221598.16204,618,105924.8,113384.93775,0
1785372540000,1.0703,1.0707,1.0700,1.0701,171334.3,1785372599999,183392.91218,653,72152.0,77230.26743,0
1785372600000,1.0702,1.0702,1.0692,1.0694,198852.1,1785372659999,212724.97637,469,30829.1,32975.17400,0
1785372660000,1.0694,1.0699,1.0693,1.0698,94480.4,1785372719999,101051.40423,354,53088.1,56781.93870,0
1785372720000,1.0699,1.0700,1.0697,1.0698,71900.2,1785372779999,76922.83224,261,15897.0,17007.56867,0
1785372780000,1.0697,1.0698,1.0686,1.0687,590924.8,1785372839999,631670.78540,1049,218222.9,233259.20534,0
1785372840000,1.0688,1.0688,1.0685,1.0687,199905.7,1785372899999,213634.05028,422,42015.6,44902.73041,0
1785372900000,1.0686,1.0688,1.0679,1.0686,536758.8,1785372959999,573426.71938,865,109904.0,117430.16493,0
1785372960000,1.0686,1.0687,1.0685,1.0686,75530.7,1785373019999,80713.81202,188,22759.4,24322.42349,0
1785373020000,1.0686,1.0688,1.0684,1.0688,169867.7,1785373079999,181528.63153,477,131180.9,140189.48432,0
1785373080000,1.0688,1.0693,1.0687,1.0693,129226.2,1785373139999,138154.99760,337,104699.1,111932.58041,0
1785373140000,1.0693,1.0702,1.0692,1.0702,226519.5,1785373199999,242279.86415,421,143397.4,153378.07875,0
1785373200000,1.0701,1.0710,1.0696,1.0697,370671.1,1785373259999,396781.83886,894,148102.1,158530.73986,0
1785373260000,1.0697,1.0701,1.0697,1.0700,401516.8,1785373319999,429556.72536,495,310131.4,331783.97777,0
1785373320000,1.0700,1.0711,1.0700,1.0706,249471.7,1785373379999,267139.38119,800,71160.5,76190.71126,0
1785373380000,1.0706,1.0712,1.0703,1.0712,301749.3,1785373439999,323074.30750,608,255131.3,273163.89577,0
1785373440000,1.0712,1.0728,1.0710,1.0727,371019.4,1785373499999,397733.87273,874,310953.0,333363.90745,0
1785373500000,1.0727,1.0736,1.0718,1.0721,564831.4,1785373559999,606009.61864,1322,208431.7,223632.38188,0
1785373560000,1.0721,1.0733,1.0719,1.0728,201861.6,1785373619999,216515.53625,729,87331.5,93661.20951,0
1785373620000,1.0728,1.0747,1.0728,1.0743,532833.6,1785373679999,572179.76265,1296,308910.1,331728.55954,0
1785373680000,1.0743,1.0749,1.0741,1.0742,269060.6,1785373739999,289117.73241,626,45432.7,48821.09149,0
1785373740000,1.0741,1.0743,1.0731,1.0731,361994.2,1785373799999,388692.17259,701,99094.1,106404.11733,0
1785373800000,1.0731,1.0732,1.0724,1.0728,83898.1,1785373859999,89990.13592,424,46819.6,50215.66044,0
1785373860000,1.0727,1.0729,1.0721,1.0722,126228.0,1785373919999,135391.07771,416,59305.6,63611.41497,0
1785373920000,1.0721,1.0722,1.0715,1.0715,158878.8,1785373979999,170295.07665,611,13930.6,14933.58789,0
1785373980000,1.0714,1.0714,1.0709,1.0710,64986.5,1785374039999,69609.91386,358,17317.0,18548.98049,0
1785374040000,1.0710,1.0710,1.0696,1.0697,210944.9,1785374099999,225792.75869,607,14491.8,15512.65012,0
1785374100000,1.0696,1.0703,1.0696,1.0703,187697.0,1785374159999,200845.76484,564,84295.6,90195.52925,0
1785374160000,1.0703,1.0709,1.0702,1.0709,111440.7,1785374219999,119290.69793,322,101189.6,108318.99284,0
1785374220000,1.0709,1.0715,1.0708,1.0713,187726.7,1785374279999,201115.16289,456,123566.9,132378.65680,0
1785374280000,1.0712,1.0713,1.0703,1.0705,258942.9,1785374339999,277262.18141,422,49466.0,52951.15976,0
1785374340000,1.0705,1.0712,1.0703,1.0712,66122.5,1785374399999,70793.34554,247,51408.1,55042.33675,0
1785374400000,1.0712,1.0716,1.0711,1.0713,122198.8,1785374459999,130910.58438,391,60461.4,64774.19851,0
1785374460000,1.0713,1.0721,1.0713,1.0717,192728.3,1785374519999,206550.60566,622,121681.6,130405.61170,0
1785374520000,1.0717,1.0723,1.0717,1.0723,131494.4,1785374579999,140969.31323,377,37173.6,39853.95571,0
1785374580000,1.0723,1.0728,1.0722,1.0728,58838.3,1785374639999,63101.75114,318,44163.4,47364.71959,0
1785374640000,1.0728,1.0733,1.0726,1.0732,142446.0,1785374699999,152833.10184,430,85089.9,91298.01771,0
1785374700000,1.0732,1.0735,1.0729,1.0730,124207.8,1785374759999,133287.31432,485,82697.0,88742.49421,0
1785374760000,1.0730,1.0732,1.0730,1.0732,31732.8,1785374819999,34052.76512,196,15808.4,16964.56462,0
1785374820000,1.0732,1.0735,1.0731,1.0735,132999.2,1785374879999,142740.28761,414,115473.2,123931.92697,0
1785374880000,1.0735,1.0735,1.0734,1.0735,48594.5,1785374939999,52163.10659,148,17702.9,19004.06315,0
1785374940000,1.0734,1.0735,1.0732,1.0733,59007.8,1785374999999,63334.18476,210,22036.5,23652.51406,0
1785375000000,1.0733,1.0744,1.0731,1.0742,168709.4,1785375059999,181144.39284,597,105356.0,113126.45840,0
1785375060000,1.0742,1.0747,1.0740,1.0747,251725.3,1785375119999,270419.44875,667,103878.9,111602.05287,0
1785375120000,1.0747,1.0756,1.0747,1.0754,318775.8,1785375179999,342730.33299,1043,221510.5,238138.38344,0
1785375180000,1.0754,1.0757,1.0752,1.0756,163240.8,1785375239999,175559.63289,604,100775.4,108383.74153,0
1785375240000,1.0755,1.0758,1.0751,1.0757,194542.9,1785375299999,209212.08258,463,111737.6,120161.46205,0
1785375300000,1.0758,1.0765,1.0755,1.0763,420164.7,1785375359999,452092.96994,1266,193134.3,207817.62841,0
1785375360000,1.0762,1.0769,1.0758,1.0763,374512.8,1785375419999,403210.80387,912,136145.0,146566.70911,0
1785375420000,1.0763,1.0763,1.0750,1.0750,132750.3,1785375479999,142781.88699,604,54120.0,58208.92304,0
1785375480000,1.0751,1.0751,1.0745,1.0746,157421.1,1785375539999,169200.10751,516,94278.9,101338.55659,0
1785375540000,1.0746,1.0746,1.0739,1.0740,182009.1,1785375599999,195557.69095,434,140995.0,151501.43866,0
1785375600000,1.0739,1.0751,1.0739,1.0751,244169.7,1785375659999,262351.37717,483,169675.6,182329.05086,0
1785375660000,1.0751,1.0754,1.0749,1.0754,345710.3,1785375719999,371672.99619,540,253415.2,272444.46942,0
1785375720000,1.0753,1.0756,1.0750,1.0754,219876.8,1785375779999,236430.60978,417,116690.5,125481.10601,0
1785375780000,1.0754,1.0769,1.0754,1.0767,518145.7,1785375839999,557698.68684,782,429750.5,462547.93731,0
1785375840000,1.0767,1.0767,1.0764,1.0766,356989.0,1785375899999,384328.61880,411,177545.0,191145.68852,0
1785375900000,1.0766,1.0784,1.0762,1.0781,1212696.6,1785375959999,1306112.74958,1716,648987.6,699163.47651,0
1785375960000,1.0782,1.0804,1.0782,1.0788,1951613.2,1785376019999,2106147.74857,3005,1070699.2,1155469.98859,0
1785376020000,1.0788,1.0789,1.0782,1.0786,459028.6,1785376079999,495161.12238,843,312014.3,336592.72758,0
1785376080000,1.0787,1.0797,1.0785,1.0797,798862.7,1785376139999,862096.25533,1107,486978.9,525528.35002,0
1785376140000,1.0796,1.0803,1.0796,1.0800,587240.1,1785376199999,634206.94136,985,441376.7,476678.35901,0
1785376200000,1.0800,1.0801,1.0794,1.0796,391996.3,1785376259999,423227.48525,745,238512.6,257515.63109,0
1785376260000,1.0796,1.0807,1.0796,1.0800,687746.2,1785376319999,742878.17210,1036,472279.0,510159.36531,0
1785376320000,1.0800,1.0805,1.0797,1.0797,579114.5,1785376379999,625489.78990,1119,391603.2,422972.11286,0
1785376380000,1.0796,1.0797,1.0790,1.0792,308274.1,1785376439999,332716.55322,689,148786.9,160585.41654,0
1785376440000,1.0792,1.0805,1.0792,1.0803,288881.6,1785376499999,311914.84311,662,177746.7,191913.66226,0
1785376500000,1.0803,1.0807,1.0798,1.0798,443854.0,1785376559999,479541.38242,684,274410.3,296486.09396,0
1785376560000,1.0797,1.0797,1.0788,1.0788,222056.8,1785376619999,239618.84874,635,39569.7,42699.32145,0
1785376620000,1.0788,1.0794,1.0788,1.0792,214748.3,1785376679999,231719.62015,509,132437.2,142902.04193,0
1785376680000,1.0792,1.0792,1.0781,1.0785,110852.1,1785376739999,119559.57162,449,30328.6,32704.98119,0
1785376740000,1.0785,1.0786,1.0778,1.0778,136734.3,1785376799999,147425.18486,387,35838.7,38639.10795,0
1785376800000,1.0779,1.0788,1.0779,1.0787,167563.5,1785376859999,180700.26237,538,94521.2,101929.44358,0
1785376860000,1.0787,1.0787,1.0779,1.0779,102322.9,1785376919999,110351.95902,498,37308.4,40238.54772,0
1785376920000,1.0779,1.0781,1.0772,1.0779,139242.7,1785376979999,150060.76233,1411,49743.1,53606.65112,0
1785376980000,1.0780,1.0788,1.0777,1.0783,162497.7,1785377039999,175197.97342,645,80381.4,86670.67307,0
1785377040000,1.0782,1.0782,1.0779,1.0779,86202.7,1785377099999,92929.61228,391,18600.6,20052.52825,0
1785377100000,1.0780,1.0782,1.0773,1.0781,95057.1,1785377159999,102444.48376,530,44102.6,47533.75222,0
1785377160000,1.0782,1.0790,1.0782,1.0790,180747.5,1785377219999,194988.20648,494,69743.8,75235.66075,0
1785377220000,1.0790,1.0795,1.0787,1.0791,128591.4,1785377279999,138766.57625,405,81840.5,88316.12374,0
1785377280000,1.0792,1.0793,1.0786,1.0793,141261.1,1785377339999,152412.69128,546,77917.1,84071.21126,0
1785377340000,1.0794,1.0797,1.0785,1.0786,159492.9,1785377399999,172116.43130,626,75363.3,81321.12411,0
1785377400000,1.0786,1.0790,1.0784,1.0787,627306.4,1785377459999,676727.97304,792,512324.7,552685.43772,0
1785377460000,1.0786,1.0796,1.0786,1.0794,275518.6,1785377519999,297324.95773,607,208259.5,224729.67683,0
1785377520000,1.0795,1.0799,1.0793,1.0797,160858.0,1785377579999,173662.41949,629,105864.6,114289.56765,0
1785377580000,1.0797,1.0801,1.0791,1.0791,186365.2,1785377639999,201258.57757,478,139496.1,150653.97906,0
1785377640000,1.0791,1.0792,1.0786,1.0788,68981.7,1785377699999,74420.27692,346,9841.4,10616.47598,0
1785377700000,1.0788,1.0788,1.0780,1.0782,63998.5,1785377759999,69002.72398,437,15115.4,16296.86887,0
1785377760000,1.0782,1.0783,1.0776,1.0780,90817.6,1785377819999,97897.39111,461,36568.5,39412.89419,0
1785377820000,1.0780,1.0782,1.0777,1.0782,62238.3,1785377879999,67094.42246,388,27723.7,29887.08294,0
1785377880000,1.0781,1.0790,1.0780,1.0790,168594.0,1785377939999,181837.22235,597,128566.4,138663.11211,0
1785377940000,1.0789,1.0790,1.0783,1.0783,140454.0,1785377999999,151515.91937,372,5272.7,5689.10855,0
1785378000000,1.0783,1.0792,1.0782,1.0790,128866.3,1785378059999,138993.91317,370,114664.8,123673.68770,0
1785378060000,1.0790,1.0792,1.0789,1.0790,108656.9,1785378119999,117239.43805,352,52193.3,56316.27961,0
1785378120000,1.0790,1.0795,1.0787,1.0789,127633.6,1785378179999,137739.97451,483,75882.1,81887.98189,0
1785378180000,1.0789,1.0790,1.0785,1.0786,156551.4,1785378239999,168870.39446,399,3624.9,3910.26097,0
1785378240000,1.0786,1.0787,1.0783,1.0784,77667.7,1785378299999,83770.77303,364,42389.4,45722.17264,0
1785378300000,1.0784,1.0786,1.0778,1.0779,275914.7,1785378359999,297471.55880,647,80367.8,86664.47568,0
1785378360000,1.0779,1.0780,1.0777,1.0778,74920.0,1785378419999,80747.01939,269,3576.7,3855.33019,0
1785378420000,1.0777,1.0779,1.0774,1.0775,255716.9,1785378479999,275565.92951,648,159684.4,172077.79023,0
1785378480000,1.0775,1.0781,1.0775,1.0780,86488.8,1785378539999,93212.18579,319,50356.4,54275.66938,0
1785378540000,1.0780,1.0781,1.0771,1.0777,224940.3,1785378599999,242337.59837,649,62823.6,67689.07085,0
1785378600000,1.0776,1.0777,1.0772,1.0772,182264.9,1785378659999,196387.56224,512,10774.6,11609.58446,0
1785378660000,1.0771,1.0773,1.0768,1.0768,109054.7,1785378719999,117469.33109,357,44910.3,48378.82812,0
1785378720000,1.0768,1.0768,1.0761,1.0767,204375.6,1785378779999,219989.53399,666,93910.0,101082.69849,0
1785378780000,1.0766,1.0771,1.0765,1.0771,174450.8,1785378839999,187824.91922,474,123587.2,133059.04836,0
1785378840000,1.0770,1.0772,1.0766,1.0766,68849.6,1785378899999,74148.82342,313,14634.5,15761.69443,0
1785378900000,1.0766,1.0767,1.0757,1.0762,133348.2,1785378959999,143487.60082,623,46916.9,50487.73569,0
1785378960000,1.0761,1.0761,1.0756,1.0760,89282.7,1785379019999,96055.62704,373,45428.3,48874.69956,0
1785379020000,1.0761,1.0766,1.0759,1.0766,274001.7,1785379079999,294915.00302,550,235861.3,253869.20438,0
1785379080000,1.0766,1.0772,1.0766,1.0769,96834.3,1785379139999,104286.55696,379,69084.8,74401.18066,0
1785379140000,1.0768,1.0773,1.0768,1.0772,45056.1,1785379199999,48527.40601,241,31487.4,33911.81919,0
1785379200000,1.0773,1.0778,1.0772,1.0775,153368.4,1785379259999,165239.52373,515,58826.2,63379.10695,0
1785379260000,1.0776,1.0779,1.0768,1.0770,140691.2,1785379319999,151590.95340,556,41865.4,45106.87089,0
1785379320000,1.0770,1.0773,1.0769,1.0773,60979.1,1785379379999,65679.37501,268,41192.1,44368.67339,0
1785379380000,1.0773,1.0780,1.0773,1.0780,31844.5,1785379439999,34320.15680,207,24947.4,26886.66422,0
1785379440000,1.0780,1.0781,1.0778,1.0781,88257.2,1785379499999,95138.54225,341,46745.2,50389.89537,0
1785379500000,1.0780,1.0781,1.0773,1.0774,53226.4,1785379559999,57355.05173,338,23380.5,25191.12412,0
1785379560000,1.0773,1.0775,1.0771,1.0774,114450.5,1785379619999,123296.03187,383,37532.8,40435.34959,0
1785379620000,1.0774,1.0775,1.0774,1.0775,33799.3,1785379679999,36418.67150,76,33056.8,35618.70200,0
1785379680000,1.0775,1.0782,1.0774,1.0781,149011.3,1785379739999,160622.70805,407,127528.7,137463.23404,0
1785379740000,1.0781,1.0781,1.0769,1.0769,148515.2,1785379799999,160005.33466,548,55005.5,59244.60799,0
1785379800000,1.0769,1.0770,1.0766,1.0767,78427.4,1785379859999,84446.54221,242,45474.7,48962.91291,0
1785379860000,1.0768,1.0777,1.0768,1.0771,112303.2,1785379919999,120981.96069,450,42990.6,46313.51470,0
1785379920000,1.0771,1.0772,1.0768,1.0769,65560.8,1785379979999,70606.08438,261,26264.9,28285.76961,0
1785379980000,1.0769,1.0770,1.0767,1.0770,43628.5,1785380039999,46983.04371,275,13278.7,14300.02039,0
1785380040000,1.0769,1.0770,1.0764,1.0764,92022.8,1785380099999,99073.97938,440,7456.5,8028.16394,0
1785380100000,1.0764,1.0766,1.0764,1.0766,34932.2,1785380159999,37605.20589,184,31175.1,33561.06345,0
1785380160000,1.0766,1.0767,1.0752,1.0754,165200.9,1785380219999,177723.20122,619,13210.5,14209.90094,0
1785380220000,1.0754,1.0755,1.0749,1.0752,277202.7,1785380279999,298015.86035,457,35063.3,37701.96558,0
1785380280000,1.0752,1.0752,1.0748,1.0748,87135.6,1785380339999,93667.03298,312,22982.0,24704.93758,0
1785380340000,1.0748,1.0751,1.0748,1.0751,25579.7,1785380399999,27497.05986,168,11603.2,12473.00752,0
1785380400000,1.0750,1.0751,1.0746,1.0748,81294.9,1785380459999,87376.42235,337,38931.7,41843.68527,0
1785380460000,1.0748,1.0756,1.0748,1.0755,197390.7,1785380519999,212224.19284,391,145869.9,156827.42162,0
1785380520000,1.0755,1.0763,1.0755,1.0761,99525.3,1785380579999,107069.98675,498,44136.7,47484.76805,0
1785380580000,1.0762,1.0762,1.0756,1.0759,102904.9,1785380639999,110714.99699,416,48661.0,52358.25087,0
1785380640000,1.0758,1.0761,1.0756,1.0761,96033.2,1785380699999,103315.96284,323,77026.8,82869.10532,0
1785380700000,1.0761,1.0762,1.0758,1.0760,47764.0,1785380759999,51395.22555,380,17003.1,18295.95417,0
1785380760000,1.0760,1.0763,1.0759,1.0762,54396.2,1785380819999,58533.34020,225,44543.9,47933.19229,0
1785380820000,1.0763,1.0765,1.0761,1.0762,59789.8,1785380879999,64357.09831,312,22313.0,24015.86988,0
1785380880000,1.0762,1.0762,1.0743,1.0745,90270.5,1785380939999,97060.88366,625,13487.5,14498.99567,0
1785380940000,1.0745,1.0751,1.0744,1.0749,194605.9,1785380999999,209168.71990,401,101170.5,108745.36656,0
1785381000000,1.0749,1.0752,1.0749,1.0749,53232.9,1785381059999,57229.58310,316,29079.3,31263.14300,0
1785381060000,1.0748,1.0748,1.0745,1.0747,137093.5,1785381119999,147331.16962,312,108941.6,117077.24895,0
1785381120000,1.0746,1.0747,1.0740,1.0741,135151.7,1785381179999,145169.53253,364,19963.7,21443.16019,0
1785381180000,1.0740,1.0742,1.0740,1.0740,49237.3,1785381239999,52886.95574,189,41486.7,44562.81134,0
1785381240000,1.0740,1.0754,1.0740,1.0754,158286.8,1785381299999,170135.59084,616,130287.0,140038.60652,0
1785381300000,1.0753,1.0760,1.0753,1.0759,145500.4,1785381359999,156495.18534,459,89434.8,96190.12391,0
1785381360000,1.0759,1.0774,1.0754,1.0774,589631.2,1785381419999,634426.46924,967,409462.5,440582.03063,0
1785381420000,1.0773,1.0776,1.0768,1.0770,287970.9,1785381479999,310244.41954,666,157173.2,169334.02477,0
1785381480000,1.0770,1.0774,1.0770,1.0771,54879.8,1785381539999,59119.46061,249,45514.7,49031.82766,0
1785381540000,1.0770,1.0770,1.0755,1.0761,133887.6,1785381599999,144059.14128,556,81567.3,87742.98186,0
1785381600000,1.0761,1.0765,1.0755,1.0764,162268.2,1785381659999,174588.13134,499,114503.9,123195.18537,0
1785381660000,1.0765,1.0766,1.0760,1.0765,275237.6,1785381719999,296235.37087,735,113010.7,121636.76757,0
1785381720000,1.0765,1.0767,1.0762,1.0763,212499.8,1785381779999,228769.89432,496,125634.0,135255.19788,0
1785381780000,1.0763,1.0767,1.0762,1.0767,41876.0,1785381839999,45076.28384,224,24672.8,26559.25968,0
1785381840000,1.0767,1.0768,1.0766,1.0768,21992.0,1785381899999,23679.32967,157,10083.5,10857.45141,0
1785381900000,1.0767,1.0774,1.0767,1.0771,114440.1,1785381959999,123260.91162,465,52889.4,56969.09047,0
1785381960000,1.0771,1.0772,1.0767,1.0769,142357.0,1785382019999,153317.20815,427,68939.7,74247.18749,0
1785382020000,1.0769,1.0772,1.0768,1.0770,41097.1,1785382079999,44261.70421,190,9148.0,9852.39616,0
1785382080000,1.0769,1.0775,1.0769,1.0773,115454.8,1785382139999,124369.71328,418,101693.1,109545.06365,0
1785382140000,1.0773,1.0776,1.0773,1.0775,41046.8,1785382199999,44224.52958,131,37158.3,40034.97972,0
1785382200000,1.0775,1.0775,1.0761,1.0766,213384.9,1785382259999,229817.68015,655,61339.5,66036.89910,0
1785382260000,1.0766,1.0766,1.0756,1.0760,113998.7,1785382319999,122672.33680,586,68131.6,73316.86219,0
1785382320000,1.0760,1.0762,1.0754,1.0756,107487.0,1785382379999,115629.24486,498,72019.4,77472.52785,0
1785382380000,1.0756,1.0765,1.0756,1.0762,59990.1,1785382439999,64555.82108,417,40533.4,43618.49309,0
1785382440000,1.0762,1.0765,1.0760,1.0761,64094.6,1785382499999,68984.47817,275,23594.3,25394.18489,0
1785382500000,1.0761,1.0762,1.0756,1.0760,67880.6,1785382559999,73032.59819,288,15616.0,16799.94891,0
1785382560000,1.0759,1.0764,1.0751,1.0752,241062.2,1785382619999,259334.51410,616,169372.8,182236.36730,0
1785382620000,1.0752,1.0753,1.0751,1.0752,21568.0,1785382679999,23189.31338,212,11394.0,12250.84120,0
1785382680000,1.0753,1.0756,1.0752,1.0754,72033.7,1785382739999,77461.89579,289,12229.7,13151.25945,0
1785382740000,1.0753,1.0754,1.0749,1.0752,79611.3,1785382799999,85593.64990,377,59724.5,64212.32277,0
1785382800000,1.0753,1.0756,1.0750,1.0756,48654.4,1785382859999,52314.21867,335,16817.6,18084.81085,0
1785382860000,1.0755,1.0756,1.0753,1.0754,84148.7,1785382919999,90500.58806,258,25017.1,26904.96921,0
1785382920000,1.0753,1.0754,1.0750,1.0752,53229.2,1785382979999,57229.12033,220,35079.3,37715.14172,0
1785382980000,1.0752,1.0754,1.0752,1.0753,25675.3,1785383039999,27607.37458,225,17199.8,18493.95588,0
1785383040000,1.0752,1.0757,1.0752,1.0757,106670.1,1785383099999,114714.09062,269,24820.0,26691.75454,0
1785383100000,1.0756,1.0762,1.0754,1.0757,124838.5,1785383159999,134316.45700,568,62767.7,67530.69626,0
1785383160000,1.0757,1.0758,1.0753,1.0753,20302.0,1785383219999,21836.84761,226,4461.1,4798.93468,0
1785383220000,1.0753,1.0758,1.0753,1.0756,63232.5,1785383279999,68006.43718,304,54240.2,58334.76410,0
1785383280000,1.0755,1.0759,1.0752,1.0758,63769.1,1785383339999,68578.79215,308,52442.8,56397.56767,0
1785383340000,1.0758,1.0759,1.0755,1.0755,21618.8,1785383399999,23256.00332,165,6831.0,7348.27329,0
1785383400000,1.0755,1.0755,1.0751,1.0755,80722.2,1785383459999,86793.51773,291,20983.9,22564.87409,0
1785383460000,1.0755,1.0757,1.0755,1.0755,26524.4,1785383519999,28529.55481,260,19332.7,20794.18844,0
1785383520000,1.0756,1.0762,1.0755,1.0759,289265.8,1785383579999,311216.03014,492,260721.5,280500.94897,0
1785383580000,1.0759,1.0759,1.0750,1.0751,90345.3,1785383639999,97146.96876,290,5054.7,5435.72615,0
1785383640000,1.0750,1.0752,1.0749,1.0751,187229.6,1785383699999,201288.12041,247,173595.1,186631.46019,0
1785383700000,1.0752,1.0756,1.0751,1.0753,18998.5,1785383759999,20429.48884,221,11346.2,12200.66366,0
1785383760000,1.0753,1.0754,1.0752,1.0753,11624.8,1785383819999,12499.56375,118,2641.5,2840.46562,0
1785383820000,1.0753,1.0753,1.0749,1.0750,17099.0,1785383879999,18385.07082,166,7547.6,8115.87542,0
1785383880000,1.0749,1.0749,1.0743,1.0743,119515.3,1785383939999,128419.73113,367,8411.4,9037.37866,0
1785383940000,1.0743,1.0750,1.0742,1.0750,136182.5,1785383999999,146322.57543,307,110361.4,118580.15807,0
1785384000000,1.0749,1.0757,1.0749,1.0750,196749.5,1785384059999,211556.72280,672,109503.5,117742.12871,0
1785384060000,1.0751,1.0754,1.0750,1.0752,66704.7,1785384119999,71719.09577,304,47907.2,51508.60715,0
1785384120000,1.0752,1.0756,1.0752,1.0753,32258.7,1785384179999,34690.44353,365,17297.9,18601.64431,0
1785384180000,1.0752,1.0753,1.0743,1.0744,53732.3,1785384239999,57755.01630,299,10098.7,10853.04462,0
1785384240000,1.0744,1.0749,1.0744,1.0745,32996.8,1785384299999,35458.12767,290,19830.1,21309.15561,0
1785384300000,1.0745,1.0749,1.0744,1.0747,58691.2,1785384359999,63070.69404,280,21756.5,23380.15730,0
1785384360000,1.0746,1.0746,1.0743,1.0743,97172.0,1785384419999,104413.47376,231,36353.8,39065.60281,0
1785384420000,1.0743,1.0744,1.0736,1.0736,218580.8,1785384479999,234761.48248,409,3157.2,3391.85908,0
1785384480000,1.0736,1.0739,1.0732,1.0739,295233.7,1785384539999,316938.64064,629,179730.1,192940.75280,0
1785384540000,1.0739,1.0742,1.0738,1.0741,108776.4,1785384599999,116821.96618,455,37749.9,40545.14814,0
1785384600000,1.0741,1.0742,1.0738,1.0738,92697.0,1785384659999,99554.59360,289,63334.3,68020.79506,0
1785384660000,1.0738,1.0739,1.0735,1.0738,172535.7,1785384719999,185239.79225,395,26989.8,28977.27778,0
1785384720000,1.0737,1.0737,1.0735,1.0736,67802.8,1785384779999,72794.64759,322,35094.9,37679.47195,0
1785384780000,1.0737,1.0737,1.0735,1.0736,51230.4,1785384839999,55000.20646,191,12808.8,13751.87199,0
1785384840000,1.0736,1.0739,1.0735,1.0737,76940.8,1785384899999,82610.08721,371,49232.4,52861.59765,0
1785384900000,1.0737,1.0738,1.0735,1.0736,109967.4,1785384959999,118063.09225,294,12531.9,13454.55481,0
1785384960000,1.0736,1.0737,1.0734,1.0736,54717.4,1785385019999,58741.93231,216,20987.5,22532.16903,0
1785385020000,1.0736,1.0737,1.0733,1.0733,220247.4,1785385079999,236450.63448,235,2280.9,2448.93337,0
1785385080000,1.0733,1.0733,1.0730,1.0730,54684.1,1785385139999,58685.15420,261,19768.3,21216.49643,0
1785385140000,1.0731,1.0732,1.0725,1.0727,148233.5,1785385199999,159020.26050,509,31047.6,33310.71730,0
1785385200000,1.0728,1.0732,1.0727,1.0732,73903.1,1785385259999,79288.33695,203,60866.8,65302.61731,0
1785385260000,1.0731,1.0734,1.0731,1.0732,95351.1,1785385319999,102340.29052,290,26117.5,28031.94223,0
1785385320000,1.0733,1.0733,1.0725,1.0731,134237.4,1785385379999,144012.99310,443,75653.9,81156.95719,0
1785385380000,1.0731,1.0735,1.0730,1.0734,54832.4,1785385439999,58847.13583,272,39612.2,42514.06915,0
1785385440000,1.0733,1.0737,1.0733,1.0735,217476.0,1785385499999,233469.23368,455,60310.6,64747.24667,0
1785385500000,1.0735,1.0741,1.0734,1.0741,99411.0,1785385559999,106729.10690,278,77047.5,82719.76158,0
1785385560000,1.0741,1.0743,1.0738,1.0742,132322.6,1785385619999,142128.16491,356,59844.3,64279.82047,0
1785385620000,1.0742,1.0747,1.0741,1.0747,44883.4,1785385679999,48226.82435,264,33577.0,36079.69884,0
1785385680000,1.0747,1.0750,1.0739,1.0739,100677.1,1785385739999,108185.75053,425,44153.3,47448.71800,0
1785385740000,1.0739,1.0744,1.0739,1.0742,150719.8,1785385799999,161895.07432,386,55060.5,59142.39474,0
1785385800000,1.0741,1.0745,1.0740,1.0745,59816.1,1785385859999,64253.32952,239,39635.8,42577.79865,0
1785385860000,1.0744,1.0750,1.0744,1.0750,81089.6,1785385919999,87149.21086,293,68239.0,73338.36724,0
1785385920000,1.0750,1.0751,1.0746,1.0747,34526.9,1785385979999,37110.33778,208,8612.7,9257.01624,0
1785385980000,1.0747,1.0756,1.0747,1.0754,96105.8,1785386039999,103336.64884,373,54250.0,58328.87711,0
1785386040000,1.0754,1.0756,1.0753,1.0754,32107.9,1785386099999,34530.60578,235,11910.9,12809.87301,0
1785386100000,1.0754,1.0757,1.0752,1.0756,216131.7,1785386159999,232418.89921,414,188116.0,202294.88575,0
1785386160000,1.0756,1.0757,1.0755,1.0756,55024.5,1785386219999,59184.31388,252,45868.2,49335.91429,0
1785386220000,1.0755,1.0756,1.0740,1.0747,239569.1,1785386279999,257417.10551,627,105049.4,112837.05379,0
1785386280000,1.0747,1.0748,1.0741,1.0742,80081.1,1785386339999,86035.91753,261,20476.7,21995.13054,0
1785386340000,1.0743,1.0743,1.0739,1.0743,108597.0,1785386399999,116643.24311,330,26233.8,28178.35327,0
1785386400000,1.0743,1.0747,1.0743,1.0745,36439.2,1785386459999,39154.73679,278,15403.0,16551.48325,0
1785386460000,1.0744,1.0744,1.0737,1.0740,176862.7,1785386519999,189921.30481,307,92227.8,99036.51965,0
1785386520000,1.0739,1.0741,1.0738,1.0738,81072.3,1785386579999,87075.61067,210,71986.8,77317.92041,0
1785386580000,1.0738,1.0740,1.0736,1.0737,120575.5,1785386639999,129467.64025,314,55319.5,59402.01378,0
1785386640000,1.0737,1.0746,1.0737,1.0745,153727.3,1785386699999,165119.14761,367,115344.2,123887.77882,0
1785386700000,1.0746,1.0753,1.0744,1.0753,75300.1,1785386759999,80933.75432,350,31480.6,33839.51985,0
1785386760000,1.0752,1.0758,1.0750,1.0758,118150.2,1785386819999,127060.84120,439,73985.6,79565.60779,0
1785386820000,1.0757,1.0758,1.0752,1.0752,155035.5,1785386879999,166746.21625,369,20047.3,21565.03000,0
1785386880000,1.0752,1.0752,1.0744,1.0746,45223.6,1785386939999,48600.88386,240,5281.6,5676.13139,0
1785386940000,1.0746,1.0750,1.0746,1.0750,87835.0,1785386999999,94394.66897,164,80760.0,86790.48935,0
1785387000000,1.0749,1.0755,1.0749,1.0751,139362.4,1785387059999,149851.62025,384,18581.4,19980.08265,0
1785387060000,1.0750,1.0752,1.0750,1.0752,52163.3,1785387119999,56077.90199,223,37161.3,39949.96515,0
1785387120000,1.0752,1.0757,1.0751,1.0755,92654.2,1785387179999,99645.70721,295,19057.2,20494.24122,0
1785387180000,1.0754,1.0757,1.0754,1.0756,208758.8,1785387239999,224526.37706,214,42928.7,46174.13184,0
1785387240000,1.0756,1.0756,1.0745,1.0746,141597.3,1785387299999,152233.44362,401,11071.3,11897.86365,0
1785387300000,1.0746,1.0747,1.0742,1.0742,82806.4,1785387359999,88974.86467,235,9446.5,10151.22178,0
1785387360000,1.0742,1.0744,1.0740,1.0742,57394.9,1785387419999,61652.31429,231,12643.7,13582.12563,0
1785387420000,1.0741,1.0742,1.0733,1.0733,290798.4,1785387479999,312273.51200,373,8614.7,9252.43388,0
1785387480000,1.0733,1.0734,1.0729,1.0734,254386.1,1785387539999,273010.97158,466,104069.1,111685.87471,0
1785387540000,1.0735,1.0739,1.0735,1.0739,45617.0,1785387599999,48978.76106,191,20523.4,22036.47218,0
1785387600000,1.0738,1.0738,1.0734,1.0735,180435.4,1785387659999,193715.53786,464,32595.6,34997.52845,0
1785387660000,1.0735,1.0738,1.0734,1.0736,110217.0,1785387719999,118324.76409,373,66989.3,71919.11754,0
1785387720000,1.0736,1.0737,1.0718,1.0724,600840.8,1785387779999,644409.96552,1212,40707.9,43656.29468,0
1785387780000,1.0724,1.0724,1.0719,1.0722,86062.0,1785387839999,92272.37430,293,34724.7,37230.11983,0
1785387840000,1.0722,1.0733,1.0722,1.0732,325916.9,1785387899999,349645.14732,536,122875.1,131818.09642,0
1785387900000,1.0732,1.0735,1.0728,1.0735,125136.7,1785387959999,134283.19609,420,33262.1,35697.46448,0
1785387960000,1.0734,1.0738,1.0733,1.0733,82805.8,1785388019999,88895.39398,319,13540.2,14537.00578,0
1785388020000,1.0733,1.0733,1.0730,1.0730,69175.4,1785388079999,74232.91175,299,18934.9,20319.58200,0
1785388080000,1.0730,1.0736,1.0730,1.0736,126985.7,1785388139999,136295.87810,399,23691.9,25428.35766,0
1785388140000,1.0736,1.0738,1.0730,1.0730,159880.0,1785388199999,171610.01655,442,20835.8,22366.30096,0
1785388200000,1.0730,1.0731,1.0728,1.0731,45899.0,1785388259999,49246.12598,333,31495.5,33792.05696,0
1785388260000,1.0730,1.0731,1.0728,1.0731,45170.5,1785388319999,48465.30854,170,32671.2,35053.76778,0
1785388320000,1.0730,1.0730,1.0726,1.0729,97488.1,1785388379999,104585.06204,361,22433.7,24066.58372,0
1785388380000,1.0728,1.0729,1.0726,1.0729,29324.1,1785388439999,31458.04876,142,11793.1,12651.80657,0
1785388440000,1.0728,1.0732,1.0728,1.0729,112987.6,1785388499999,121240.83981,353,19626.1,21058.51212,0
1785388500000,1.0729,1.0735,1.0728,1.0730,102711.9,1785388559999,110224.57684,321,60694.6,65130.00427,0
1785388560000,1.0730,1.0736,1.0729,1.0735,171051.9,1785388619999,183574.29299,362,141574.2,151932.56859,0
1785388620000,1.0734,1.0736,1.0731,1.0731,40760.3,1785388679999,43747.96086,267,11599.0,12449.40505,0
1785388680000,1.0731,1.0737,1.0729,1.0737,63805.0,1785388739999,68473.59358,325,19900.5,21359.07847,0
1785388740000,1.0736,1.0738,1.0729,1.0738,141624.2,1785388799999,152021.97512,473,113780.8,122139.18093,0
1785388800000,1.0737,1.0740,1.0732,1.0732,40899.6,1785388859999,43915.95334,249,16183.0,17378.42621,0
1785388860000,1.0733,1.0737,1.0732,1.0733,62509.5,1785388919999,67099.54339,263,32479.2,34863.20756,0
1785388920000,1.0733,1.0733,1.0728,1.0730,31111.6,1785388979999,33384.54427,199,17350.8,18616.11349,0
1785388980000,1.0730,1.0730,1.0725,1.0727,316418.0,1785389039999,339447.05212,309,100965.1,108312.39435,0
1785389040000,1.0726,1.0730,1.0726,1.0728,184328.5,1785389099999,197740.88524,285,121439.5,130275.93644,0
1785389100000,1.0728,1.0731,1.0727,1.0727,26737.1,1785389159999,28686.72963,270,15938.0,17100.14679,0
1785389160000,1.0727,1.0734,1.0725,1.0733,417132.5,1785389219999,447513.71819,576,231407.3,248266.18007,0
1785389220000,1.0734,1.0737,1.0731,1.0736,38696.4,1785389279999,41534.71186,301,13708.4,14714.59037,0
1785389280000,1.0736,1.0743,1.0736,1.0741,226645.0,1785389339999,243374.94447,357,141833.7,152300.62593,0
1785389340000,1.0741,1.0742,1.0736,1.0738,64011.4,1785389399999,68739.84166,382,12868.4,13817.66177,0
1785389400000,1.0739,1.0746,1.0737,1.0745,90257.9,1785389459999,96957.64509,522,64904.8,69724.92376,0
1785389460000,1.0745,1.0750,1.0744,1.0749,95661.0,1785389519999,102802.94669,464,57571.4,61872.02167,0
1785389520000,1.0749,1.0768,1.0749,1.0755,343412.4,1785389579999,369518.52009,1029,236301.7,254251.50417,0
1785389580000,1.0755,1.0762,1.0755,1.0760,249643.5,1785389639999,268610.23891,360,64122.1,68991.76246,0
1785389640000,1.0760,1.0764,1.0757,1.0758,116917.1,1785389699999,125814.12199,358,48087.1,51744.66046,0
1785389700000,1.0758,1.0759,1.0750,1.0750,104262.9,1785389759999,112133.10574,365,39596.4,42590.54193,0
1785389760000,1.0750,1.0750,1.0747,1.0747,53993.3,1785389819999,58034.08168,287,31038.1,33360.22887,0
1785389820000,1.0747,1.0757,1.0747,1.0755,244205.1,1785389879999,262549.20554,587,206390.7,221886.34916,0
1785389880000,1.0755,1.0756,1.0751,1.0752,38902.6,1785389939999,41835.91935,215,16155.9,17373.52285,0
1785389940000,1.0751,1.0753,1.0748,1.0748,75093.6,1785389999999,80738.05901,199,54630.6,58740.45833,0
1785390000000,1.0748,1.0755,1.0748,1.0753,225260.7,1785390059999,242157.65433,460,192491.3,206920.32818,0
1785390060000,1.0754,1.0760,1.0753,1.0758,64439.4,1785390119999,69324.43757,269,23979.5,25795.13538,0
1785390120000,1.0758,1.0764,1.0758,1.0762,81942.4,1785390179999,88186.04926,286,64435.5,69345.22386,0
1785390180000,1.0762,1.0768,1.0762,1.0765,66563.1,1785390239999,71658.92866,330,25336.9,27275.47710,0
1785390240000,1.0765,1.0767,1.0764,1.0766,24528.8,1785390299999,26406.55164,134,21713.2,23375.60251,0
1785390300000,1.0766,1.0778,1.0766,1.0769,272747.1,1785390359999,293840.22575,1442,149313.9,160855.21057,0
1785390360000,1.0769,1.0776,1.0768,1.0770,364839.8,1785390419999,393021.56839,589,243815.6,262653.88174,0
1785390420000,1.0769,1.0771,1.0768,1.0770,45165.8,1785390479999,48639.73419,219,7059.0,7602.41098,0
1785390480000,1.0770,1.0771,1.0766,1.0766,82595.1,1785390539999,88943.45296,333,5291.9,5698.68698,0
1785390540000,1.0765,1.0768,1.0762,1.0768,82964.5,1785390599999,89304.66555,309,64474.3,69401.69150,0
1785390600000,1.0768,1.0770,1.0763,1.0763,279015.6,1785390659999,300411.90683,399,13757.1,14814.51228,0
1785390660000,1.0763,1.0764,1.0758,1.0759,240037.6,1785390719999,258297.06818,404,95392.3,102649.58946,0
1785390720000,1.0759,1.0760,1.0754,1.0754,40102.8,1785390779999,43139.02915,253,8358.1,8989.86428,0
1785390780000,1.0754,1.0757,1.0750,1.0751,84509.5,1785390839999,90880.64064,318,32172.9,34602.71525,0
1785390840000,1.0750,1.0753,1.0749,1.0750,97677.8,1785390899999,105015.92117,312,74719.0,80332.52069,0
1785390900000,1.0750,1.0750,1.0745,1.0747,271606.8,1785390959999,291911.38681,400,196277.0,210951.51388,0
1785390960000,1.0746,1.0756,1.0746,1.0756,136524.8,1785391019999,146765.48159,441,126127.5,135583.81969,0
1785391020000,1.0756,1.0760,1.0756,1.0757,67734.3,1785391079999,72867.90498,300,34288.7,36886.51307,0
1785391080000,1.0757,1.0757,1.0753,1.0755,56573.3,1785391139999,60843.65786,230,31674.1,34063.71300,0
1785391140000,1.0754,1.0759,1.0754,1.0759,60436.7,1785391199999,65010.80810,244,50466.6,54285.63529,0
1785391200000,1.0758,1.0763,1.0758,1.0761,128729.1,1785391259999,138518.91958,474,76629.2,82459.89380,0
1785391260000,1.0760,1.0760,1.0756,1.0759,86765.8,1785391319999,93343.97464,366,22433.3,24132.87906,0
1785391320000,1.0759,1.0761,1.0757,1.0758,91426.8,1785391379999,98363.42847,383,30793.0,33130.75719,0
1785391380000,1.0757,1.0760,1.0757,1.0757,91844.3,1785391439999,98813.19339,271,23802.6,25607.49189,0
1785391440000,1.0757,1.0768,1.0757,1.0768,77708.3,1785391499999,83644.50773,432,63635.3,68496.53058,0
1785391500000,1.0768,1.0770,1.0765,1.0765,95923.0,1785391559999,103282.06294,319,22325.6,24038.40302,0
1785391560000,1.0764,1.0766,1.0761,1.0766,59214.8,1785391619999,63735.90586,377,27092.6,29162.71044,0
1785391620000,1.0766,1.0772,1.0766,1.0770,39190.3,1785391679999,42205.53702,297,25137.0,27069.94837,0
1785391680000,1.0769,1.0770,1.0759,1.0760,212463.2,1785391739999,228692.22224,458,9634.6,10369.73338,0
1785391740000,1.0759,1.0762,1.0750,1.0751,81406.5,1785391799999,87568.39000,446,30789.4,33131.95480,0
1785391800000,1.0750,1.0751,1.0746,1.0750,101754.1,1785391859999,109372.03328,372,44854.8,48210.72912,0
1785391860000,1.0750,1.0754,1.0750,1.0754,93057.9,1785391919999,100047.74265,335,49293.3,53000.41658,0
1785391920000,1.0753,1.0759,1.0751,1.0759,69844.8,1785391979999,75110.41627,329,31115.6,33467.58990,0
1785391980000,1.0759,1.0760,1.0753,1.0754,67861.6,1785392039999,72983.55962,283,6416.7,6903.61072,0
1785392040000,1.0753,1.0753,1.0750,1.0750,208185.6,1785392099999,223817.02680,256,7611.6,8183.98487,0
1785392100000,1.0749,1.0749,1.0745,1.0746,98626.5,1785392159999,105989.58718,227,68404.4,73508.64062,0
1785392160000,1.0745,1.0746,1.0740,1.0742,236448.0,1785392219999,254021.61314,448,83823.4,90042.06921,0
1785392220000,1.0742,1.0743,1.0737,1.0738,93610.9,1785392279999,100527.57508,328,30238.5,32471.17522,0
1785392280000,1.0737,1.0739,1.0735,1.0735,69719.8,1785392339999,74860.13430,257,17880.4,19199.97069,0
1785392340000,1.0735,1.0740,1.0732,1.0740,107598.7,1785392399999,115508.71595,481,91096.6,97796.68710,0
1785392400000,1.0739,1.0744,1.0739,1.0744,91418.6,1785392459999,98205.55372,272,83894.9,90123.74373,0
1785392460000,1.0744,1.0747,1.0740,1.0740,244657.4,1785392519999,262855.62310,535,62466.2,67112.17781,0
1785392520000,1.0740,1.0742,1.0738,1.0741,69444.8,1785392579999,74583.29724,252,44057.7,47318.54937,0
1785392580000,1.0741,1.0746,1.0741,1.0746,41865.1,1785392639999,44976.27004,207,38925.8,41818.60728,0
1785392640000,1.0745,1.0750,1.0743,1.0750,148236.5,1785392699999,159282.97195,360,58567.7,62935.38352,0
1785392700000,1.0749,1.0759,1.0749,1.0755,115169.6,1785392759999,123873.03804,391,66153.2,71146.75608,0
1785392760000,1.0755,1.0758,1.0755,1.0755,41803.4,1785392819999,44967.67187,178,21500.5,23129.00402,0
1785392820000,1.0756,1.0756,1.0751,1.0755,41769.6,1785392879999,44914.57193,277,30055.3,32318.09975,0
1785392880000,1.0754,1.0755,1.0751,1.0752,16486.9,1785392939999,17728.23262,165,6463.1,6949.22860,0
1785392940000,1.0752,1.0758,1.0752,1.0758,44066.3,1785392999999,47389.69059,257,41959.5,45124.11229,0
1785393000000,1.0758,1.0758,1.0752,1.0755,89194.5,1785393059999,95922.13109,337,24114.8,25934.68574,0
1785393060000,1.0755,1.0757,1.0755,1.0756,45891.5,1785393119999,49360.46695,157,36221.1,38959.93365,0
1785393120000,1.0757,1.0757,1.0752,1.0755,52142.6,1785393179999,56079.23393,228,10733.7,11543.04305,0
1785393180000,1.0754,1.0755,1.0754,1.0755,7785.3,1785393239999,8372.55748,88,2458.6,2644.22430,0
1785393240000,1.0754,1.0754,1.0745,1.0745,68581.1,1785393299999,73721.95791,337,342.5,368.11420,0
1785393300000,1.0745,1.0746,1.0745,1.0746,7779.9,1785393359999,8359.73472,92,2321.7,2494.89882,0
1785393360000,1.0746,1.0746,1.0742,1.0743,65418.1,1785393419999,70282.85582,229,18424.7,19793.67378,0
1785393420000,1.0743,1.0747,1.0743,1.0747,34050.3,1785393479999,36587.53579,188,33151.2,35621.39720,0
1785393480000,1.0747,1.0750,1.0743,1.0743,55130.7,1785393539999,59250.89301,342,17409.3,18711.50785,0
1785393540000,1.0743,1.0745,1.0743,1.0744,37272.4,1785393599999,40046.92175,71,36048.8,38732.29339,0
1785393600000,1.0744,1.0745,1.0741,1.0744,253372.8,1785393659999,272211.55462,421,182149.2,195690.01531,0
1785393660000,1.0744,1.0750,1.0744,1.0749,51856.8,1785393719999,55735.15182,257,49250.5,52933.54805,0
1785393720000,1.0749,1.0750,1.0748,1.0748,30209.8,1785393779999,32472.33567,115,14937.8,16056.64652,0
1785393780000,1.0748,1.0749,1.0744,1.0745,53602.6,1785393839999,57607.82905,160,6714.3,7214.64540,0
1785393840000,1.0744,1.0745,1.0744,1.0744,5487.6,1785393899999,5896.05026,67,1728.2,1856.95090,0
1785393900000,1.0744,1.0749,1.0743,1.0747,132868.3,1785393959999,142768.29427,439,104790.3,112600.20529,0
1785393960000,1.0747,1.0748,1.0742,1.0742,31924.6,1785394019999,34305.84892,177,4149.5,4459.86640,0
1785394020000,1.0742,1.0743,1.0734,1.0734,95597.3,1785394079999,102655.00137,313,1311.1,1408.08660,0
1785394080000,1.0734,1.0735,1.0728,1.0732,146291.9,1785394139999,156975.72970,534,80737.8,86629.38777,0
1785394140000,1.0732,1.0737,1.0730,1.0733,57330.6,1785394199999,61532.83663,367,33313.5,35755.58328,0
1785394200000,1.0733,1.0733,1.0729,1.0729,69302.1,1785394259999,74372.90908,265,27260.0,29255.43909,0
1785394260000,1.0729,1.0732,1.0726,1.0730,311248.0,1785394319999,333906.56291,552,64511.9,69207.19084,0
1785394320000,1.0729,1.0730,1.0722,1.0725,112687.9,1785394379999,120862.03944,321,14223.1,15251.76289,0
1785394380000,1.0724,1.0725,1.0723,1.0725,74126.8,1785394439999,79495.05117,273,50801.3,54480.88355,0
1785394440000,1.0726,1.0729,1.0725,1.0727,80646.2,1785394499999,86504.45621,182,67639.2,72553.47288,0
1785394500000,1.0727,1.0729,1.0724,1.0727,44708.8,1785394559999,47957.08310,250,11223.7,12038.84483,0
1785394560000,1.0726,1.0730,1.0724,1.0724,56385.5,1785394619999,60484.80806,268,29628.7,31784.57981,0
1785394620000,1.0724,1.0731,1.0724,1.0731,146517.0,1785394679999,157178.36810,266,118750.5,127395.86429,0
1785394680000,1.0731,1.0733,1.0731,1.0731,75225.2,1785394739999,80730.95436,146,24592.2,26392.02658,0
1785394740000,1.0732,1.0732,1.0730,1.0732,55763.9,1785394799999,59840.70521,243,27957.7,30002.68454,0
1785394800000,1.0733,1.0747,1.0730,1.0747,157719.9,1785394859999,169304.62527,629,69664.8,74803.34568,0
1785394860000,1.0747,1.0763,1.0742,1.0759,590863.2,1785394919999,635238.47502,1474,289967.6,311764.45460,0
1785394920000,1.0759,1.0759,1.0747,1.0750,140330.9,1785394979999,150890.26575,641,78975.1,84918.77145,0
1785394980000,1.0751,1.0762,1.0750,1.0762,106909.8,1785395039999,114988.42029,558,91969.4,98919.19580,0
1785395040000,1.0761,1.0765,1.0755,1.0755,91987.3,1785395099999,98982.96927,561,26661.9,28693.02967,0
1785395100000,1.0756,1.0767,1.0755,1.0763,498345.7,1785395159999,536335.66577,1006,292119.2,314410.82746,0
1785395160000,1.0764,1.0766,1.0762,1.0763,147111.1,1785395219999,158348.11615,341,15742.3,16946.62793,0
1785395220000,1.0762,1.0763,1.0761,1.0762,120610.0,1785395279999,129800.79046,219,9573.5,10303.95490,0
1785395280000,1.0762,1.0763,1.0753,1.0753,206307.4,1785395339999,221942.86502,428,29524.1,31759.24173,0
1785395340000,1.0754,1.0761,1.0753,1.0761,62754.0,1785395399999,67505.95352,346,57029.1,61349.49763,0
1785395400000,1.0761,1.0762,1.0758,1.0759,123023.1,1785395459999,132376.31126,261,36801.6,39599.03799,0
1785395460000,1.0759,1.0761,1.0758,1.0761,68546.7,1785395519999,73751.36837,163,66663.4,71725.14179,0
1785395520000,1.0761,1.0767,1.0760,1.0764,164721.3,1785395579999,177317.26621,382,93738.0,100898.98379,0
1785395580000,1.0764,1.0766,1.0761,1.0762,161385.4,1785395639999,173710.72050,351,80878.5,87058.49845,0
1785395640000,1.0761,1.0762,1.0758,1.0761,264352.5,1785395699999,284431.34831,358,95090.9,102312.68075,0
1785395700000,1.0761,1.0766,1.0761,1.0763,91992.9,1785395759999,99020.25898,374,35486.7,38194.18768,0
1785395760000,1.0763,1.0766,1.0762,1.0765,84785.9,1785395819999,91269.17886,299,28929.7,31142.86575,0
1785395820000,1.0764,1.0770,1.0762,1.0762,951508.1,1785395879999,1024394.20500,990,428691.0,461523.54451,0
1785395880000,1.0762,1.0768,1.0762,1.0764,497989.3,1785395939999,536127.18445,461,202391.1,217879.04168,0
1785395940000,1.0764,1.0787,1.0763,1.0784,1157568.1,1785395999999,1246969.34862,1423,613911.8,661272.62192,0
1785396000000,1.0784,1.0784,1.0781,1.0781,180251.0,1785396059999,194353.44162,351,71318.6,76898.05595,0
1785396060000,1.0782,1.0782,1.0779,1.0779,103959.2,1785396119999,112073.00221,231,33496.6,36111.91446,0
1785396120000,1.0780,1.0787,1.0774,1.0774,394035.5,1785396179999,424859.20057,712,89106.9,96065.01861,0
1785396180000,1.0773,1.0777,1.0772,1.0777,201772.3,1785396239999,217376.32543,369,50011.1,53885.60806,0
1785396240000,1.0778,1.0781,1.0777,1.0780,143468.6,1785396299999,154658.27946,193,80371.4,86640.81005,0
1785396300000,1.0780,1.0782,1.0773,1.0773,277464.4,1785396359999,299088.85004,431,55327.5,59648.09058,0
1785396360000,1.0773,1.0775,1.0771,1.0774,240166.1,1785396419999,258714.36466,310,134240.9,144610.30540,0
1785396420000,1.0774,1.0781,1.0774,1.0777,346076.9,1785396479999,373004.83952,477,262100.2,282488.44609,0
1785396480000,1.0777,1.0781,1.0775,1.0781,96506.3,1785396539999,103999.58762,230,25745.1,27746.91739,0
1785396540000,1.0781,1.0785,1.0780,1.0782,84922.2,1785396599999,91567.39255,293,40296.8,43447.45810,0
1785396600000,1.0783,1.0784,1.0779,1.0780,453998.0,1785396659999,489487.07100,552,223193.3,240650.97269,0
1785396660000,1.0779,1.0780,1.0776,1.0777,150863.7,1785396719999,162602.72219,352,22892.8,24676.14638,0
1785396720000,1.0776,1.0777,1.0772,1.0774,263344.9,1785396779999,283718.52147,393,110814.2,119386.80206,0
1785396780000,1.0774,1.0775,1.0772,1.0774,274369.9,1785396839999,295591.28415,448,163084.7,175697.98797,0
1785396840000,1.0775,1.0777,1.0774,1.0777,316722.9,1785396899999,341286.89639,390,100929.9,108756.75398,0
1785396900000,1.0777,1.0780,1.0773,1.0779,259526.9,1785396959999,279669.13159,481,123741.4,133347.89892,0
1785396960000,1.0779,1.0779,1.0770,1.0772,379792.7,1785397019999,409208.14045,394,26125.8,28145.41510,0
1785397020000,1.0772,1.0785,1.0772,1.0782,479242.4,1785397079999,516733.74327,616,234120.5,252396.88479,0
1785397080000,1.0782,1.0783,1.0779,1.0783,268029.9,1785397139999,288951.41799,419,119599.2,128933.14913,0
1785397140000,1.0783,1.0789,1.0783,1.0788,349121.7,1785397199999,376557.18477,424,280020.0,302016.51108,0
1785397200000,1.0788,1.0794,1.0788,1.0792,379993.4,1785397259999,410031.05203,626,168587.6,181908.97306,0
1785397260000,1.0792,1.0793,1.0791,1.0792,142678.0,1785397319999,153978.19711,186,35198.8,37988.98318,0
1785397320000,1.0791,1.0792,1.0778,1.0778,216762.4,1785397379999,233810.31775,498,8197.4,8838.92189,0
1785397380000,1.0778,1.0783,1.0778,1.0782,275718.6,1785397439999,297204.45536,394,211640.7,228134.23466,0
1785397440000,1.0783,1.0784,1.0782,1.0784,55090.2,1785397499999,59405.16917,256,34820.3,37547.37924,0
1785397500000,1.0784,1.0785,1.0779,1.0782,173526.1,1785397559999,187095.16126,349,34810.4,37527.09154,0
1785397560000,1.0782,1.0787,1.0775,1.0775,151041.9,1785397619999,162872.98214,515,36818.6,39710.33939,0
1785397620000,1.0776,1.0784,1.0776,1.0781,118553.9,1785397679999,127801.58909,360,85960.6,92657.13129,0
1785397680000,1.0781,1.0783,1.0780,1.0783,68896.6,1785397739999,74277.42408,206,26037.4,28072.54526,0
1785397740000,1.0783,1.0783,1.0780,1.0783,108040.6,1785397799999,116484.63536,265,42040.6,45329.75670,0
1785397800000,1.0782,1.0783,1.0778,1.0778,339174.1,1785397859999,365633.30123,366,26430.3,28492.07480,0
1785397860000,1.0778,1.0779,1.0773,1.0774,68104.6,1785397919999,73381.93233,311,20905.6,22523.71237,0
1785397920000,1.0773,1.0776,1.0768,1.0774,382402.0,1785397979999,411938.05033,659,308332.3,332154.66840,0
1785397980000,1.0773,1.0778,1.0770,1.0778,185545.9,1785398039999,199882.57906,371,44230.6,47653.61858,0
1785398040000,1.0779,1.0780,1.0769,1.0770,165558.6,1785398099999,178385.16904,334,24321.7,26210.89437,0
1785398100000,1.0769,1.0772,1.0766,1.0770,228852.6,1785398159999,246460.16158,355,78203.6,84215.88666,0
1785398160000,1.0771,1.0771,1.0758,1.0761,260411.9,1785398219999,280266.76692,591,176077.7,189491.78442,0
1785398220000,1.0762,1.0765,1.0762,1.0764,47437.5,1785398279999,51060.80878,174,35549.2,38264.27104,0
1785398280000,1.0764,1.0767,1.0764,1.0767,51107.3,1785398339999,55019.39973,160,31624.2,34044.91767,0
1785398340000,1.0766,1.0767,1.0760,1.0763,231794.2,1785398399999,249461.10282,540,117383.8,126325.03686,0
1785398400000,1.0764,1.0767,1.0763,1.0763,174058.3,1785398459999,187369.43418,453,66437.9,71522.25052,0
1785398460000,1.0764,1.0765,1.0756,1.0756,151121.6,1785398519999,162637.53468,560,47725.5,51365.20580,0
1785398520000,1.0757,1.0763,1.0751,1.0762,150643.1,1785398579999,162018.79749,652,94904.5,102073.77356,0
1785398580000,1.0763,1.0763,1.0745,1.0745,103954.5,1785398639999,111800.24813,620,17247.6,18547.55684,0
1785398640000,1.0745,1.0757,1.0745,1.0754,209425.5,1785398699999,225195.58283,633,92748.0,99702.63159,0
1785398700000,1.0753,1.0767,1.0749,1.0765,257591.7,1785398759999,277178.87342,819,166671.9,179357.33973,0
1785398760000,1.0766,1.0771,1.0764,1.0767,131848.5,1785398819999,141967.56990,565,86274.2,92890.89862,0
1785398820000,1.0767,1.0769,1.0764,1.0767,46728.9,1785398879999,50308.04634,395,24667.2,26556.43282,0
1785398880000,1.0766,1.0772,1.0763,1.0763,86975.1,1785398939999,93660.58820,474,55431.4,59693.58214,0
1785398940000,1.0763,1.0764,1.0758,1.0759,194169.0,1785398999999,208945.80530,399,17480.3,18810.31062,0
1785399000000,1.0759,1.0761,1.0758,1.0759,54062.8,1785399059999,58169.77315,265,20170.6,21703.80506,0
1785399060000,1.0759,1.0762,1.0759,1.0761,60647.6,1785399119999,65257.53666,247,49128.9,52863.50841,0
1785399120000,1.0761,1.0766,1.0761,1.0764,193943.3,1785399179999,208754.50476,451,81000.3,87185.43424,0
1785399180000,1.0763,1.0764,1.0760,1.0762,71485.7,1785399239999,76933.86883,276,38249.4,41163.84432,0
1785399240000,1.0762,1.0763,1.0759,1.0760,132448.1,1785399299999,142535.15623,295,57289.2,61654.89024,0
1785399300000,1.0759,1.0762,1.0755,1.0761,213623.3,1785399359999,229814.18629,488,102493.1,110264.01674,0
1785399360000,1.0761,1.0767,1.0758,1.0760,229578.9,1785399419999,247054.98237,537,54974.1,59166.69479,0
1785399420000,1.0760,1.0768,1.0760,1.0766,85141.8,1785399479999,91646.50772,379,45811.7,49311.24694,0
1785399480000,1.0766,1.0766,1.0760,1.0762,81921.2,1785399539999,88170.74743,349,12843.6,13821.92177,0
1785399540000,1.0761,1.0763,1.0761,1.0762,18570.2,1785399599999,19985.18523,112,15543.3,16727.84574,0
1785399600000,1.0763,1.0769,1.0763,1.0766,119144.8,1785399659999,128273.44723,382,71053.1,76490.33998,0
1785399660000,1.0766,1.0769,1.0765,1.0769,99243.3,1785399719999,106855.21143,283,64575.8,69530.51326,0
1785399720000,1.0769,1.0769,1.0763,1.0764,69849.0,1785399779999,75192.15275,318,28333.6,30499.20765,0
1785399780000,1.0764,1.0779,1.0764,1.0778,210372.6,1785399839999,226618.20571,574,203181.7,218870.85416,0
1785399840000,1.0778,1.0782,1.0774,1.0780,193437.1,1785399899999,208464.78812,500,49614.4,53476.34310,0
1785399900000,1.0780,1.0789,1.0777,1.0788,203486.5,1785399959999,219397.93348,584,178544.6,192512.78195,0
1785399960000,1.0789,1.0791,1.0786,1.0789,203189.0,1785400019999,219208.63598,569,64058.4,69108.98375,0
1785400020000,1.0788,1.0792,1.0787,1.0791,349098.4,1785400079999,376669.80062,577,210190.9,226798.37002,0
1785400080000,1.0790,1.0803,1.0784,1.0784,723670.7,1785400139999,781178.63892,1381,451421.6,487327.84264,0
1785400140000,1.0785,1.0788,1.0784,1.0785,69070.3,1785400199999,74500.75092,270,29290.9,31593.42113,0
1785400200000,1.0784,1.0790,1.0782,1.0784,434199.5,1785400259999,468338.75835,598,81893.3,88331.95736,0
1785400260000,1.0785,1.0792,1.0783,1.0792,267428.0,1785400319999,288493.62441,524,201009.8,216856.88084,0
1785400320000,1.0791,1.0794,1.0786,1.0792,304393.1,1785400379999,328460.20688,513,77325.4,83439.53065,0
1785400380000,1.0791,1.0792,1.0784,1.0784,93724.2,1785400439999,101112.76729,324,23548.3,25404.63598,0
1785400440000,1.0785,1.0791,1.0784,1.0786,98305.2,1785400499999,106041.69749,313,64440.4,69506.02390,0
1785400500000,1.0786,1.0786,1.0779,1.0780,147547.8,1785400559999,159072.19685,407,49843.1,53733.62379,0
1785400560000,1.0780,1.0786,1.0779,1.0785,152774.6,1785400619999,164748.98414,259,93835.4,101183.71864,0
1785400620000,1.0785,1.0787,1.0784,1.0786,69241.0,1785400679999,74683.34577,289,17463.4,18836.21933,0
1785400680000,1.0786,1.0786,1.0778,1.0779,100734.7,1785400739999,108612.67319,318,4528.6,4881.91394,0
1785400740000,1.0778,1.0779,1.0773,1.0773,108530.3,1785400799999,116950.41967,267,1051.7,1133.62146,0
1785400800000,1.0773,1.0773,1.0771,1.0772,154883.3,1785400859999,166839.13281,367,84000.4,90486.29856,0
1785400860000,1.0773,1.0782,1.0772,1.0782,125739.5,1785400919999,135495.69449,354,103042.5,111037.96711,0
1785400920000,1.0782,1.0784,1.0780,1.0781,182771.5,1785400979999,197077.27481,265,26781.1,28876.63131,0
1785400980000,1.0781,1.0783,1.0777,1.0783,89600.2,1785401039999,96582.17459,354,33103.9,35683.72396,0
1785401040000,1.0782,1.0787,1.0782,1.0787,33507.3,1785401099999,36135.38139,265,19633.2,21173.48869,0
1785401100000,1.0787,1.0789,1.0785,1.0788,105299.6,1785401159999,113591.82790,317,72684.1,78407.99712,0
1785401160000,1.0788,1.0791,1.0787,1.0788,62829.4,1785401219999,67783.83541,316,25584.4,27602.69351,0
1785401220000,1.0789,1.0790,1.0786,1.0787,122146.4,1785401279999,131775.47186,252,9334.9,10071.43426,0
1785401280000,1.0786,1.0788,1.0782,1.0782,148305.3,1785401339999,159944.50572,325,25014.8,26976.19733,0
1785401340000,1.0783,1.0785,1.0782,1.0782,140514.6,1785401399999,151522.33854,199,12642.7,13633.73043,0
1785401400000,1.0782,1.0783,1.0780,1.0780,333404.7,1785401459999,359476.51002,285,167935.5,181068.57201,0
1785401460000,1.0781,1.0783,1.0780,1.0782,32368.5,1785401519999,34898.05754,156,21797.7,23501.17012,0
1785401520000,1.0783,1.0783,1.0777,1.0777,64443.9,1785401579999,69470.33690,346,3618.4,3900.83571,0
1785401580000,1.0777,1.0781,1.0775,1.0781,183221.1,1785401639999,197486.16532,307,98842.3,106532.18638,0
1785401640000,1.0780,1.0781,1.0778,1.0779,56826.1,1785401699999,61252.21070,215,9032.6,9736.26009,0
1785401700000,1.0778,1.0779,1.0775,1.0775,91592.1,1785401759999,98703.82853,233,3761.1,4053.26640,0
1785401760000,1.0775,1.0781,1.0775,1.0781,229813.2,1785401819999,247698.32304,377,219700.4,236796.85005,0
1785401820000,1.0781,1.0782,1.0779,1.0779,75407.2,1785401879999,81296.41419,230,13687.4,14756.69360,0
1785401880000,1.0780,1.0781,1.0779,1.0781,27836.4,1785401939999,30007.21815,103,21905.4,23614.14094,0
1785401940000,1.0780,1.0781,1.0779,1.0780,48631.5,1785401999999,52424.27765,159,5487.3,5915.71100,0
1785402000000,1.0780,1.0782,1.0779,1.0781,210170.0,1785402059999,226577.29866,502,149317.5,160977.83201,0
1785402060000,1.0782,1.0788,1.0781,1.0787,137184.8,1785402119999,147918.62759,467,73355.2,79099.72814,0
1785402120000,1.0786,1.0788,1.0783,1.0787,98625.9,1785402179999,106370.49719,361,60604.8,65363.68081,0
1785402180000,1.0787,1.0794,1.0787,1.0791,341347.4,1785402239999,368340.83993,611,285331.7,307892.59466,0
1785402240000,1.0790,1.0814,1.0790,1.0809,1236747.2,1785402299999,1336089.54552,1685,880596.0,951297.45936,0
1785402300000,1.0809,1.0809,1.0802,1.0805,220431.4,1785402359999,238157.94008,595,65137.1,70369.66899,0
1785402360000,1.0805,1.0807,1.0802,1.0807,130606.4,1785402419999,141108.84489,463,55393.0,59850.04907,0
1785402420000,1.0806,1.0808,1.0803,1.0804,96994.0,1785402479999,104802.15863,342,30271.8,32710.06997,0
1785402480000,1.0804,1.0805,1.0802,1.0802,66492.2,1785402539999,71834.98588,279,21812.8,23566.80694,0
1785402540000,1.0803,1.0805,1.0802,1.0805,44633.3,1785402599999,48222.26692,194,36748.4,39704.39674,0
1785402600000,1.0805,1.0807,1.0803,1.0803,117172.6,1785402659999,126608.50314,456,41234.2,44555.04080,0
1785402660000,1.0803,1.0804,1.0797,1.0800,132388.9,1785402719999,142975.70088,365,30240.4,32655.17054,0
1785402720000,1.0800,1.0802,1.0799,1.0801,67037.8,1785402779999,72407.18484,190,33346.4,36017.41227,0
1785402780000,1.0801,1.0806,1.0801,1.0806,75321.0,1785402839999,81364.81474,396,51610.2,55753.92786,0
1785402840000,1.0805,1.0813,1.0805,1.0811,273871.8,1785402899999,296040.35815,790,148042.2,160027.25840,0
1785402900000,1.0811,1.0811,1.0803,1.0803,147678.0,1785402959999,159587.39991,616,68173.7,73674.64034,0
1785402960000,1.0804,1.0807,1.0802,1.0807,109701.7,1785403019999,118529.72525,328,86193.7,93130.03643,0
1785403020000,1.0806,1.0807,1.0804,1.0805,97806.8,1785403079999,105687.09873,242,33472.4,36169.78429,0
1785403080000,1.0804,1.0805,1.0801,1.0802,100956.4,1785403139999,109065.06818,329,31304.7,33819.86360,0
1785403140000,1.0802,1.0807,1.0800,1.0802,277043.7,1785403199999,299275.93127,604,151560.0,163726.34223,0
1785403200000,1.0803,1.0804,1.0802,1.0804,24991.0,1785403259999,26998.53606,201,18766.4,20274.21393,0
1785403260000,1.0803,1.0810,1.0801,1.0809,290573.6,1785403319999,314000.59411,709,248449.3,268483.58321,0
1785403320000,1.0809,1.0810,1.0807,1.0808,54784.5,1785403379999,59214.03350,186,20149.0,21778.23172,0
1785403380000,1.0807,1.0808,1.0804,1.0804,95557.7,1785403439999,103255.48450,342,42673.3,46110.02839,0
1785403440000,1.0804,1.0808,1.0801,1.0808,181641.5,1785403499999,196228.35061,384,80809.6,87302.21090,0
1785403500000,1.0807,1.0809,1.0805,1.0806,90954.5,1785403559999,98291.69975,386,40716.3,43999.99176,0
1785403560000,1.0807,1.0808,1.0803,1.0804,123690.6,1785403619999,133660.40763,331,44175.8,47744.17466,0
1785403620000,1.0803,1.0810,1.0803,1.0810,108384.3,1785403679999,117121.18257,439,81694.9,88280.49061,0
1785403680000,1.0810,1.0810,1.0805,1.0808,99858.0,1785403739999,107921.57569,335,51970.7,56165.86370,0
1785403740000,1.0808,1.0810,1.0807,1.0809,80989.4,1785403799999,87537.01627,231,40502.9,43777.90611,0
1785403800000,1.0809,1.0810,1.0805,1.0806,164858.7,1785403859999,178182.43416,412,89993.5,97271.43570,0
1785403860000,1.0806,1.0810,1.0804,1.0809,157413.3,1785403919999,170125.02143,509,132528.3,143234.43057,0
1785403920000,1.0809,1.0811,1.0809,1.0811,52876.5,1785403979999,57159.37990,183,41244.5,44586.05063,0
1785403980000,1.0811,1.0816,1.0810,1.0810,330233.2,1785404039999,357115.70603,784,260412.2,281620.23668,0
1785404040000,1.0811,1.0822,1.0809,1.0819,1175071.6,1785404099999,1270874.61784,1452,870860.1,941825.17377,0
1785404100000,1.0820,1.0824,1.0815,1.0816,305610.2,1785404159999,330668.49950,621,168566.1,182394.72198,0
1785404160000,1.0816,1.0821,1.0815,1.0819,97836.2,1785404219999,105849.78277,443,46863.2,50699.78925,0
1785404220000,1.0820,1.0821,1.0818,1.0819,99599.9,1785404279999,107764.52899,363,65419.0,70783.45896,0
1785404280000,1.0819,1.0819,1.0815,1.0815,85855.0,1785404339999,92863.40391,269,33653.2,36402.51615,0
1785404340000,1.0815,1.0815,1.0811,1.0814,129006.1,1785404399999,139488.38246,387,82990.5,89730.90571,0
1785404400000,1.0814,1.0816,1.0809,1.0811,78994.0,1785404459999,85412.84686,419,49413.1,53428.37964,0
1785404460000,1.0811,1.0811,1.0805,1.0811,282261.4,1785404519999,305050.99569,547,163512.8,176716.60758,0
1785404520000,1.0810,1.0813,1.0806,1.0806,93063.6,1785404579999,100601.25363,295,8945.1,9671.00081,0
1785404580000,1.0807,1.0807,1.0800,1.0800,126909.5,1785404639999,137090.58142,320,16777.1,18122.46538,0
1785404640000,1.0800,1.0803,1.0800,1.0803,67809.2,1785404699999,73244.86102,203,62785.2,67818.49493,0
1785404700000,1.0802,1.0804,1.0799,1.0804,251981.6,1785404759999,272170.89073,621,115539.6,124802.98945,0
1785404760000,1.0804,1.0806,1.0803,1.0806,61815.2,1785404819999,66789.06027,298,46982.5,50762.43797,0
1785404820000,1.0805,1.0811,1.0805,1.0809,203959.0,1785404879999,220461.93342,464,64073.0,69250.79726,0
1785404880000,1.0809,1.0809,1.0808,1.0809,40860.8,1785404939999,44165.01474,194,26621.0,28774.63890,0
1785404940000,1.0809,1.0811,1.0807,1.0807,127918.4,1785404999999,138265.51708,397,43999.6,47558.00854,0
1785405000000,1.0807,1.0809,1.0803,1.0803,199285.7,1785405059999,215364.36372,472,88603.1,95756.01518,0
1785405060000,1.0803,1.0807,1.0802,1.0802,124485.7,1785405119999,134503.14298,381,77090.3,83291.85030,0
1785405120000,1.0802,1.0805,1.0801,1.0802,90666.2,1785405179999,97943.85428,326,57497.9,62113.93824,0
1785405180000,1.0803,1.0803,1.0801,1.0803,63582.5,1785405239999,68683.22952,224,40695.9,43961.38837,0
1785405240000,1.0803,1.0805,1.0801,1.0803,132431.8,1785405299999,143069.32771,366,96004.2,103716.69713,0
1785405300000,1.0803,1.0804,1.0800,1.0800,113835.8,1785405359999,122963.27236,269,4516.8,4879.28653,0
1785405360000,1.0801,1.0801,1.0799,1.0800,38621.9,1785405419999,41709.21346,248,3251.0,3511.09252,0
1785405420000,1.0799,1.0800,1.0798,1.0798,70506.8,1785405479999,76140.65619,260,22738.8,24556.46395,0
1785405480000,1.0798,1.0802,1.0798,1.0802,184258.3,1785405539999,198992.70830,335,167662.1,181070.36569,0
1785405540000,1.0802,1.0806,1.0801,1.0806,65735.8,1785405599999,71011.29037,278,53033.9,57290.94520,0
1785405600000,1.0806,1.0808,1.0803,1.0806,358168.8,1785405659999,387041.18609,640,174668.4,188738.19333,0
1785405660000,1.0807,1.0815,1.0806,1.0815,182927.8,1785405719999,197760.87263,550,139700.6,151034.20062,0
1785405720000,1.0815,1.0822,1.0814,1.0822,785377.7,1785405779999,849633.77879,720,154567.3,167196.86267,0
1785405780000,1.0822,1.0822,1.0812,1.0813,332040.7,1785405839999,359217.56884,490,14656.8,15854.09007,0
1785405840000,1.0813,1.0816,1.0812,1.0813,54041.7,1785405899999,58440.31951,290,32689.7,35349.50751,0
1785405900000,1.0814,1.0823,1.0813,1.0823,116122.1,1785405959999,125632.82451,475,95480.2,103300.46872,0
1785405960000,1.0823,1.0824,1.0817,1.0818,412604.4,1785406019999,446470.24179,790,140723.9,152276.31956,0
1785406020000,1.0818,1.0822,1.0817,1.0822,56677.2,1785406079999,61318.08978,246,55318.1,59847.89014,0
1785406080000,1.0822,1.0822,1.0817,1.0819,286113.0,1785406139999,309553.16145,513,139761.6,151201.32729,0
1785406140000,1.0819,1.0819,1.0814,1.0815,309972.0,1785406199999,335255.03209,403,4180.2,4520.94874,0
1785406200000,1.0815,1.0819,1.0813,1.0814,194287.1,1785406259999,210144.88734,569,116262.2,125748.64240,0
1785406260000,1.0814,1.0815,1.0812,1.0814,233818.7,1785406319999,252835.04663,397,98763.0,106797.29654,0
1785406320000,1.0814,1.0814,1.0809,1.0810,60846.9,1785406379999,65779.32373,321,3678.1,3976.78238,0
1785406380000,1.0809,1.0810,1.0804,1.0806,124512.5,1785406439999,134559.26964,408,44460.2,48040.71340,0
1785406440000,1.0805,1.0811,1.0805,1.0811,142922.7,1785406499999,154468.82170,335,129388.6,139844.40671,0
1785406500000,1.0811,1.0812,1.0809,1.0812,147306.3,1785406559999,159239.23978,337,96092.2,103876.77016,0
1785406560000,1.0812,1.0817,1.0811,1.0813,351265.0,1785406619999,379884.98801,676,263604.2,285078.33700,0
1785406620000,1.0813,1.0819,1.0813,1.0816,122807.0,1785406679999,132827.52413,378,103744.0,112205.97216,0
1785406680000,1.0816,1.0816,1.0815,1.0815,17924.3,1785406739999,19386.32961,115,11991.6,12970.11456,0
1785406740000,1.0815,1.0816,1.0811,1.0812,172345.2,1785406799999,186360.90038,382,69712.8,75374.99718,0
1785406800000,1.0812,1.0816,1.0811,1.0815,68011.1,1785406859999,73539.12509,257,62721.3,67820.17038,0
1785406860000,1.0815,1.0815,1.0811,1.0812,138329.7,1785406919999,149572.80616,434,52857.3,57150.79489,0
1785406920000,1.0812,1.0812,1.0808,1.0809,41852.5,1785406979999,45239.04710,177,1847.8,1997.71995,0
1785406980000,1.0809,1.0810,1.0808,1.0809,41639.7,1785407039999,45009.48248,172,38236.6,41331.13744,0
1785407040000,1.0810,1.0810,1.0808,1.0808,48249.7,1785407099999,52153.33676,112,8545.8,9237.94669,0
1785407100000,1.0808,1.0810,1.0808,1.0808,45248.7,1785407159999,48910.10077,207,34421.2,37206.90035,0
1785407160000,1.0808,1.0810,1.0807,1.0807,176583.9,1785407219999,190858.47904,262,75719.0,81843.20481,0
1785407220000,1.0808,1.0808,1.0805,1.0805,65380.2,1785407279999,70655.10757,241,13353.6,14432.00000,0
1785407280000,1.0805,1.0806,1.0805,1.0806,10939.7,1785407339999,11821.15163,52,8057.8,8707.25868,0
1785407340000,1.0805,1.0806,1.0804,1.0805,82558.0,1785407399999,89203.79607,188,39864.6,43074.16529,0
1785407400000,1.0804,1.0805,1.0804,1.0804,63405.2,1785407459999,68503.91992,137,9418.4,10176.58120,0
1785407460000,1.0804,1.0807,1.0804,1.0806,215326.7,1785407519999,232667.52593,447,148665.6,160641.26176,0
1785407520000,1.0806,1.0807,1.0803,1.0804,150277.8,1785407579999,162384.97749,360,13624.2,14723.47290,0
1785407580000,1.0803,1.0804,1.0795,1.0799,464574.8,1785407639999,501686.88321,722,172104.8,185818.52753,0
1785407640000,1.0798,1.0800,1.0796,1.0800,205457.3,1785407699999,221844.46128,348,144048.2,155536.27953,0
1785407700000,1.0800,1.0800,1.0797,1.0798,125584.5,1785407759999,135605.78402,313,31846.7,34388.92643,0
1785407760000,1.0797,1.0799,1.0797,1.0799,75228.9,1785407819999,81232.35148,146,21324.0,23026.50615,0
1785407820000,1.0798,1.0799,1.0797,1.0799,73991.8,1785407879999,79897.63030,181,52977.9,57207.34370,0
1785407880000,1.0798,1.0800,1.0798,1.0800,197877.0,1785407939999,213703.10196,290,185058.3,199860.19105,0
1785407940000,1.0800,1.0801,1.0798,1.0800,210529.4,1785407999999,227350.90818,365,53509.2,57788.39441,0
1785408000000,1.0801,1.0805,1.0801,1.0804,151957.1,1785408059999,164160.34884,348,121069.0,130793.24227,0
1785408060000,1.0804,1.0806,1.0800,1.0804,241682.1,1785408119999,261097.35013,496,96362.8,104104.11443,0
1785408120000,1.0803,1.0804,1.0799,1.0800,111576.8,1785408179999,120519.91706,200,32207.9,34788.55278,0
1785408180000,1.0799,1.0803,1.0799,1.0803,77915.5,1785408239999,84157.07561,280,70472.8,76118.00692,0
1785408240000,1.0802,1.0803,1.0797,1.0798,62575.1,1785408299999,67584.81692,201,5890.7,6362.13006,0
1785408300000,1.0797,1.0801,1.0797,1.0798,172016.5,1785408359999,185760.69316,307,139630.8,150788.37202,0
1785408360000,1.0798,1.0798,1.0792,1.0792,104071.6,1785408419999,112342.53470,279,6286.7,6787.95612,0
1785408420000,1.0792,1.0794,1.0788,1.0789,389457.5,1785408479999,420229.01149,599,74524.0,80427.31339,0
1785408480000,1.0789,1.0789,1.0785,1.0787,364906.3,1785408539999,393630.17867,492,168817.7,182111.43869,0
1785408540000,1.0787,1.0787,1.0783,1.0786,245357.3,1785408599999,264613.67974,464,93366.5,100694.24961,0
1785408600000,1.0787,1.0788,1.0787,1.0788,52253.2,1785408659999,56366.65591,119,41719.5,45003.95372,0
1785408660000,1.0788,1.0788,1.0784,1.0786,101001.0,1785408719999,108940.62174,220,28801.8,31065.10264,0
1785408720000,1.0786,1.0787,1.0784,1.0784,179122.0,1785408779999,193183.45976,329,42483.3,45822.39300,0
1785408780000,1.0784,1.0785,1.0777,1.0781,358528.5,1785408839999,386480.10756,540,109086.3,117589.46020,0
1785408840000,1.0780,1.0781,1.0776,1.0776,103056.1,1785408899999,111074.36496,245,5912.9,6373.26924,0
1785408900000,1.0777,1.0783,1.0776,1.0782,337739.5,1785408959999,364071.96898,522,308350.2,332395.43431,0
1785408960000,1.0783,1.0786,1.0782,1.0786,203709.4,1785409019999,219668.84429,409,104522.6,112719.43888,0
1785409020000,1.0786,1.0787,1.0785,1.0787,42977.4,1785409079999,46355.94084,183,41290.0,44535.92864,0
1785409080000,1.0786,1.0788,1.0786,1.0787,77872.7,1785409139999,84000.81144,217,71173.1,76774.48744,0
1785409140000,1.0788,1.0788,1.0787,1.0788,24553.5,1785409199999,26487.34236,70,14819.1,15986.84508,0
1785409200000,1.0787,1.0790,1.0786,1.0788,312823.7,1785409259999,337477.96030,584,111034.2,119789.95887,0
1785409260000,1.0787,1.0788,1.0781,1.0783,229888.4,1785409319999,247910.85153,403,101248.9,109173.97976,0
1785409320000,1.0783,1.0787,1.0783,1.0785,193942.8,1785409379999,209165.32235,495,96514.3,104087.24553,0
1785409380000,1.0784,1.0786,1.0784,1.0785,58347.7,1785409439999,62927.68793,185,41111.2,44338.60222,0
1785409440000,1.0784,1.0787,1.0784,1.0786,123834.5,1785409499999,133561.33277,337,88225.6,95154.65091,0
1785409500000,1.0786,1.0787,1.0782,1.0784,83128.2,1785409559999,89640.76068,517,42981.8,46347.47152,0
1785409560000,1.0783,1.0789,1.0783,1.0789,200579.7,1785409619999,216353.98429,411,161135.2,173808.85012,0
1785409620000,1.0789,1.0792,1.0788,1.0792,125833.0,1785409679999,135771.20493,279,118584.8,127950.32760,0
1785409680000,1.0792,1.0792,1.0791,1.0792,73765.7,1785409739999,79606.60996,254,60430.9,65217.02728,0
1785409740000,1.0791,1.0796,1.0791,1.0796,110609.5,1785409799999,119394.68496,248,106837.3,115323.06214,0
1785409800000,1.0795,1.0797,1.0794,1.0795,130581.8,1785409859999,140965.25453,443,66510.1,71800.17328,0
1785409860000,1.0794,1.0795,1.0792,1.0793,74925.3,1785409919999,80867.92902,240,46380.2,50058.23935,0
1785409920000,1.0794,1.0796,1.0794,1.0795,39723.4,1785409979999,42882.23772,161,34262.7,36987.54608,0
1785409980000,1.0795,1.0796,1.0790,1.0791,136991.7,1785410039999,147844.40293,443,31496.0,33988.14340,0
1785410040000,1.0792,1.0796,1.0791,1.0796,134950.7,1785410099999,145657.67533,367,99344.6,107229.42941,0
1785410100000,1.0796,1.0797,1.0794,1.0794,310943.0,1785410159999,335671.60299,502,39938.7,43117.12202,0
1785410160000,1.0795,1.0807,1.0795,1.0806,203699.1,1785410219999,220026.42492,569,196031.1,211745.04786,0
1785410220000,1.0806,1.0811,1.0806,1.0806,193624.9,1785410279999,209268.57162,464,53783.1,58129.55745,0
1785410280000,1.0806,1.0809,1.0805,1.0805,192317.5,1785410339999,207832.72595,398,144112.1,155738.02497,0
1785410340000,1.0805,1.0808,1.0805,1.0806,47990.5,1785410399999,51863.55206,189,24191.8,26144.68035,0
1785410400000,1.0807,1.0807,1.0803,1.0804,94306.5,1785410459999,101898.13749,238,7326.5,7916.55077,0
1785410460000,1.0803,1.0803,1.0800,1.0802,123262.7,1785410519999,133145.39855,208,53412.9,57691.45784,0
1785410520000,1.0801,1.0803,1.0800,1.0803,122484.8,1785410579999,132298.52089,236,23003.3,24847.41986,0
1785410580000,1.0802,1.0803,1.0801,1.0802,90082.5,1785410639999,97300.39001,200,3705.9,4003.19187,0
1785410640000,1.0802,1.0804,1.0801,1.0804,21349.7,1785410699999,23063.26901,146,20782.2,22450.28596,0
1785410700000,1.0804,1.0806,1.0804,1.0804,43143.1,1785410759999,46615.67858,170,9725.8,10508.39006,0
1785410760000,1.0805,1.0805,1.0803,1.0804,85581.3,1785410819999,92461.43384,145,1170.8,1264.93851,0
1785410820000,1.0804,1.0804,1.0803,1.0804,13178.1,1785410879999,14236.87299,51,5715.6,6175.13424,0
1785410880000,1.0803,1.0804,1.0803,1.0803,16901.6,1785410939999,18260.13855,74,13400.7,14478.11628,0
1785410940000,1.0804,1.0805,1.0803,1.0805,56696.6,1785410999999,61255.05392,326,40266.7,43505.04395,0
1785411000000,1.0804,1.0805,1.0803,1.0804,121087.1,1785411059999,130816.09104,199,6090.5,6580.25509,0
1785411060000,1.0803,1.0804,1.0803,1.0803,38883.5,1785411119999,42008.97930,130,31342.5,33862.43700,0
1785411120000,1.0803,1.0804,1.0802,1.0802,110996.7,1785411179999,119910.88331,305,22456.8,24262.01416,0
1785411180000,1.0802,1.0802,1.0801,1.0802,29042.2,1785411239999,31370.83704,320,1465.4,1582.92508,0
1785411240000,1.0801,1.0802,1.0800,1.0802,85420.7,1785411299999,92264.23247,215,39330.8,42482.60548,0
1785411300000,1.0801,1.0803,1.0800,1.0801,111481.8,1785411359999,120414.26839,243,26343.1,28454.71223,0
1785411360000,1.0801,1.0804,1.0801,1.0804,236348.8,1785411419999,255319.06271,352,111106.2,120019.78731,0
1785411420000,1.0804,1.0815,1.0804,1.0811,349577.9,1785411479999,377786.62564,1528,292849.2,316457.80076,0
1785411480000,1.0810,1.0814,1.0810,1.0811,197801.3,1785411539999,213855.62338,567,144243.2,155949.29414,0
1785411540000,1.0811,1.0811,1.0806,1.0806,88344.0,1785411599999,95491.41837,268,15327.8,16568.82694,0
1785411600000,1.0806,1.0808,1.0805,1.0807,89454.2,1785411659999,96672.35095,294,65758.8,71066.32618,0
1785411660000,1.0808,1.0812,1.0808,1.0810,247687.5,1785411719999,267761.67484,375,175152.4,189344.18930,0
1785411720000,1.0811,1.0811,1.0806,1.0808,175926.5,1785411779999,190164.59987,358,62649.7,67718.25209,0
1785411780000,1.0807,1.0809,1.0807,1.0809,64386.8,1785411839999,69593.41501,165,57796.4,62470.62011,0
1785411840000,1.0809,1.0810,1.0808,1.0809,29423.9,1785411899999,31803.58139,176,22290.6,24093.91001,0
1785411900000,1.0809,1.0813,1.0809,1.0813,31538.8,1785411959999,34097.34516,230,29033.9,31389.72645,0
1785411960000,1.0814,1.0814,1.0810,1.0812,158183.2,1785412019999,171027.77749,290,38945.6,42106.05666,0
1785412020000,1.0811,1.0812,1.0811,1.0811,30350.6,1785412079999,32814.04155,130,20078.9,21709.30668,0
1785412080000,1.0812,1.0818,1.0811,1.0818,54254.3,1785412139999,58675.26083,548,44866.5,48523.00816,0
1785412140000,1.0818,1.0820,1.0816,1.0819,248204.1,1785412199999,268506.99214,829,131226.8,141964.64529,0
1785412200000,1.0819,1.0841,1.0819,1.0838,1539441.4,1785412259999,1667648.16698,3803,1285174.7,1392158.58871,0
1785412260000,1.0838,1.0845,1.0837,1.0841,736015.4,1785412319999,797950.94762,1561,435432.2,472081.90407,0
1785412320000,1.0840,1.0842,1.0834,1.0836,316514.6,1785412379999,343016.29319,724,108642.6,117735.09189,0
1785412380000,1.0836,1.0841,1.0835,1.0838,297691.7,1785412439999,322602.13535,387,140494.1,152248.18963,0
1785412440000,1.0839,1.0844,1.0839,1.0844,71704.0,1785412499999,77735.36484,240,65490.0,70999.27904,0
1785412500000,1.0844,1.0845,1.0834,1.0837,519176.6,1785412559999,562846.38440,738,309195.0,335235.37060,0
1785412560000,1.0837,1.0837,1.0831,1.0831,243005.7,1785412619999,263288.43796,397,82515.8,89403.42350,0
1785412620000,1.0832,1.0838,1.0832,1.0836,140937.3,1785412679999,152704.91633,403,109759.3,118919.26211,0
1785412680000,1.0835,1.0840,1.0834,1.0834,216648.8,1785412739999,234793.74565,4049,80414.4,87156.63258,0
1785412740000,1.0835,1.0835,1.0834,1.0834,72921.9,1785412799999,79007.77591,151,41894.5,45392.69075,0
1785412800000,1.0835,1.0844,1.0835,1.0842,278764.8,1785412859999,302184.73327,1335,168493.7,182629.47378,0
1785412860000,1.0842,1.0843,1.0837,1.0842,273081.8,1785412919999,296015.32657,649,117038.6,126867.84254,0
1785412920000,1.0843,1.0852,1.0842,1.0851,527785.0,1785412979999,572465.20962,1573,387853.6,420705.10316,0
1785412980000,1.0851,1.0855,1.0850,1.0852,527219.2,1785413039999,572195.28506,1182,392208.5,425669.77293,0
1785413040000,1.0852,1.0852,1.0839,1.0840,269808.3,1785413099999,292643.66773,751,33256.9,36080.60213,0
1785413100000,1.0840,1.0842,1.0837,1.0838,410109.4,1785413159999,444535.30894,615,276710.8,299943.62300,0
1785413160000,1.0838,1.0839,1.0835,1.0837,253838.8,1785413219999,275086.09390,404,39622.1,42940.23711,0
1785413220000,1.0838,1.0840,1.0836,1.0838,243080.9,1785413279999,263434.48504,358,130138.4,141039.93815,0
1785413280000,1.0839,1.0841,1.0838,1.0840,57334.5,1785413339999,62150.92091,230,27525.4,29837.86087,0
1785413340000,1.0840,1.0844,1.0840,1.0841,309285.4,1785413399999,335317.05511,412,79633.4,86337.77869,0
1785413400000,1.0841,1.0842,1.0835,1.0836,271980.7,1785413459999,294798.48611,536,91526.1,99224.59887,0
1785413460000,1.0835,1.0842,1.0835,1.0837,418009.7,1785413519999,452995.69728,688,314581.4,340889.12657,0
1785413520000,1.0837,1.0840,1.0837,1.0838,129366.6,1785413579999,140213.10709,406,88666.8,96100.79809,0
1785413580000,1.0838,1.0844,1.0838,1.0843,227350.2,1785413639999,246464.67622,393,210683.0,228394.47330,0
1785413640000,1.0842,1.0850,1.0841,1.0846,401144.8,1785413699999,435091.08515,754,299383.4,324723.48393,0
1785413700000,1.0847,1.0850,1.0843,1.0843,218820.8,1785413759999,237353.24526,600,141905.9,153928.95552,0
1785413760000,1.0843,1.0844,1.0837,1.0839,454525.9,1785413819999,492688.61170,638,363265.3,393751.00039,0
1785413820000,1.0838,1.0838,1.0832,1.0835,314426.9,1785413879999,340685.46803,599,90240.5,97777.27716,0
1785413880000,1.0835,1.0835,1.0830,1.0831,187704.6,1785413939999,203317.75865,445,24228.2,26244.38102,0
1785413940000,1.0830,1.0832,1.0829,1.0829,217888.6,1785413999999,235977.46856,396,76324.2,82664.62182,0
1785414000000,1.0830,1.0830,1.0822,1.0823,630197.4,1785414059999,682158.53549,828,289014.8,312829.36275,0
1785414060000,1.0823,1.0827,1.0821,1.0827,437331.7,1785414119999,473346.56109,683,126590.8,137028.78202,0
1785414120000,1.0826,1.0827,1.0821,1.0822,280734.7,1785414179999,303832.42167,393,69823.4,75565.01505,0
1785414180000,1.0822,1.0829,1.0822,1.0828,245781.0,1785414239999,266110.06775,393,209829.6,227185.81950,0
1785414240000,1.0828,1.0844,1.0828,1.0834,1116272.5,1785414299999,1209643.50166,1151,871694.0,944585.88604,0
1785414300000,1.0834,1.0844,1.0834,1.0837,236016.9,1785414359999,255836.25626,573,130877.6,141843.36043,0
1785414360000,1.0838,1.0840,1.0837,1.0838,100020.1,1785414419999,108406.17755,2232,45438.8,49251.50121,0
1785414420000,1.0839,1.0839,1.0826,1.0830,235073.8,1785414479999,254669.26761,2863,66772.6,72341.77758,0
1785414480000,1.0830,1.0830,1.0822,1.0822,162389.8,1785414539999,175779.51148,379,13406.2,14509.68839,0
1785414540000,1.0822,1.0825,1.0820,1.0823,385114.3,1785414599999,416791.67334,485,160944.7,174177.96013,0
1785414600000,1.0823,1.0838,1.0823,1.0829,1214623.4,1785414659999,1315578.12063,1833,741890.7,803495.42281,0
1785414660000,1.0829,1.0829,1.0815,1.0816,449630.8,1785414719999,486504.44104,967,104156.0,112686.48355,0
1785414720000,1.0815,1.0819,1.0815,1.0817,216456.1,1785414779999,234128.73806,348,153933.9,166499.14241,0
1785414780000,1.0816,1.0818,1.0813,1.0816,219537.2,1785414839999,237435.13512,1242,59442.7,64292.81519,0
1785414840000,1.0815,1.0823,1.0815,1.0823,145454.3,1785414899999,157370.84584,577,114862.3,124277.83895,0
1785414900000,1.0823,1.0834,1.0823,1.0832,637570.5,1785414959999,690393.84738,1301,446070.3,483042.91666,0
1785414960000,1.0833,1.0834,1.0826,1.0828,167888.2,1785415019999,181838.30914,467,45243.6,49002.07372,0
1785415020000,1.0828,1.0834,1.0828,1.0831,225829.7,1785415079999,244616.64161,517,107980.1,116956.44879,0
1785415080000,1.0831,1.0833,1.0830,1.0833,120458.9,1785415139999,130466.06308,268,25383.7,27493.61992,0
1785415140000,1.0833,1.0834,1.0829,1.0831,31585.7,1785415199999,34215.86703,356,12068.9,13074.70311,0
1785415200000,1.0830,1.0830,1.0824,1.0826,153113.8,1785415259999,165765.48245,384,55248.5,59813.57297,0
1785415260000,1.0826,1.0830,1.0826,1.0827,220675.4,1785415319999,238945.08940,463,69418.5,75163.17894,0
1785415320000,1.0827,1.0829,1.0823,1.0825,48123.5,1785415379999,52098.97592,433,28862.0,31246.73147,0
1785415380000,1.0825,1.0826,1.0823,1.0823,63247.1,1785415439999,68462.39877,138,14464.6,15656.95509,0
1785415440000,1.0823,1.0824,1.0816,1.0819,487483.5,1785415499999,527404.32003,566,36920.9,39941.86403,0
1785415500000,1.0818,1.0825,1.0818,1.0825,132007.7,1785415559999,142853.07860,450,120199.4,130074.24677,0
1785415560000,1.0825,1.0827,1.0823,1.0826,104746.8,1785415619999,113384.46300,442,26935.3,29158.55962,0
1785415620000,1.0826,1.0834,1.0824,1.0830,298087.9,1785415679999,322761.59011,3332,243357.1,263499.35616,0
1785415680000,1.0829,1.0830,1.0827,1.0830,100932.5,1785415739999,109297.82424,250,83032.7,89915.48491,0
1785415740000,1.0830,1.0830,1.0823,1.0828,62665.4,1785415799999,67842.05384,474,32300.0,34966.70945,0
1785415800000,1.0827,1.0829,1.0824,1.0828,47486.2,1785415859999,51412.26258,336,18356.0,19873.49967,0
1785415860000,1.0828,1.0830,1.0826,1.0829,77425.9,1785415919999,83843.43674,279,51305.2,55558.25046,0
1785415920000,1.0830,1.0833,1.0829,1.0832,151668.0,1785415979999,164267.21451,369,88198.6,95526.54219,0
1785415980000,1.0831,1.0835,1.0831,1.0834,100150.4,1785416039999,108490.42281,367,90029.2,97525.64882,0
1785416040000,1.0835,1.0835,1.0832,1.0834,179896.6,1785416099999,194886.09017,542,78249.6,84769.60848,0
1785416100000,1.0834,1.0834,1.0833,1.0834,39345.6,1785416159999,42624.57819,89,14897.1,16139.51814,0
1785416160000,1.0833,1.0833,1.0830,1.0830,103312.5,1785416219999,111901.64565,219,28900.6,31304.89538,0
1785416220000,1.0831,1.0834,1.0829,1.0834,44064.8,1785416279999,47725.39497,351,37288.3,40386.45412,0
1785416280000,1.0833,1.0834,1.0832,1.0833,28813.7,1785416339999,31214.69202,112,17437.2,18890.53321,0
1785416340000,1.0833,1.0834,1.0829,1.0829,100211.5,1785416399999,108554.89470,314,62034.4,67201.83761,0
1785416400000,1.0830,1.0833,1.0825,1.0827,190684.5,1785416459999,206487.03586,796,114297.3,123770.82042,0
1785416460000,1.0827,1.0833,1.0826,1.0832,177868.5,1785416519999,192624.38768,360,107821.5,116774.72704,0
1785416520000,1.0832,1.0835,1.0825,1.0825,351065.0,1785416579999,380267.12613,709,172385.0,186716.91937,0
1785416580000,1.0826,1.0827,1.0818,1.0819,481963.5,1785416639999,521586.55570,706,192748.4,208585.49505,0
1785416640000,1.0819,1.0820,1.0818,1.0820,191011.5,1785416699999,206668.62695,272,51151.6,55343.77282,0
1785416700000,1.0820,1.0824,1.0819,1.0824,75568.3,1785416759999,81780.55401,509,38190.2,41326.27276,0
1785416760000,1.0823,1.0824,1.0820,1.0821,68729.9,1785416819999,74377.40535,375,12151.6,13149.98675,0
1785416820000,1.0821,1.0828,1.0819,1.0819,114581.7,1785416879999,124024.90155,843,72530.2,78507.08441,0
1785416880000,1.0820,1.0821,1.0820,1.0821,14702.9,1785416939999,15908.96063,136,6306.8,6824.38043,0
1785416940000,1.0821,1.0821,1.0817,1.0818,55092.8,1785416999999,59608.19815,260,6304.0,6821.36710,0
1785417000000,1.0818,1.0818,1.0814,1.0814,188938.1,1785417059999,204346.46382,592,116232.3,125710.39093,0
1785417060000,1.0815,1.0815,1.0808,1.0811,211795.2,1785417119999,228972.90279,619,67512.4,72988.91346,0
1785417120000,1.0811,1.0813,1.0810,1.0812,59791.8,1785417179999,64642.80629,385,32085.8,34688.72953,0
1785417180000,1.0813,1.0818,1.0812,1.0818,194435.4,1785417239999,210276.53641,511,182522.6,197392.97857,0
1785417240000,1.0818,1.0818,1.0815,1.0816,30162.1,1785417299999,32625.19435,171,7582.9,8202.88766,0
1785417300000,1.0816,1.0816,1.0811,1.0813,140625.3,1785417359999,152052.68338,484,94738.9,102432.76008,0
1785417360000,1.0813,1.0814,1.0812,1.0813,88728.3,1785417419999,95940.15055,255,42364.7,45809.74176,0
1785417420000,1.0813,1.0817,1.0812,1.0817,54040.2,1785417479999,58443.38787,231,42700.2,46179.10359,0
1785417480000,1.0816,1.0820,1.0816,1.0820,171155.1,1785417539999,185157.12517,392,127947.6,138417.08541,0
1785417540000,1.0820,1.0822,1.0816,1.0816,99878.4,1785417599999,108073.05040,316,66617.3,72087.61020,0
1785417600000,1.0816,1.0817,1.0811,1.0812,47880.3,1785417659999,51768.07145,188,4589.3,4962.56086,0
1785417660000,1.0811,1.0812,1.0811,1.0812,25245.3,1785417719999,27293.16390,119,4700.7,5082.39684,0
1785417720000,1.0811,1.0815,1.0811,1.0814,69626.3,1785417779999,75281.91522,415,54111.1,58507.01693,0
1785417780000,1.0813,1.0816,1.0813,1.0814,64213.3,1785417839999,69440.95849,252,47222.7,51067.49607,0
1785417840000,1.0814,1.0819,1.0814,1.0819,103279.7,1785417899999,111710.58641,242,78971.2,85414.85579,0
1785417900000,1.0819,1.0821,1.0815,1.0815,271672.0,1785417959999,293893.95498,496,75543.6,81725.59932,0
1785417960000,1.0815,1.0816,1.0812,1.0813,66883.7,1785418019999,72321.42907,406,26123.7,28247.62781,0
1785418020000,1.0814,1.0814,1.0812,1.0813,94251.1,1785418079999,101906.36625,224,51481.4,55662.25076,0
1785418080000,1.0813,1.0813,1.0804,1.0804,659319.7,1785418139999,712631.75312,930,178973.9,193455.13083,0
1785418140000,1.0804,1.0807,1.0804,1.0807,101014.4,1785418199999,109148.63084,280,70031.1,75672.55297,0
1785418200000,1.0806,1.0808,1.0794,1.0799,1926577.4,1785418259999,2081091.13043,2162,901926.4,974332.64638,0
1785418260000,1.0799,1.0803,1.0795,1.0800,331545.3,1785418319999,358071.25715,829,203056.5,219304.64640,0
1785418320000,1.0800,1.0803,1.0794,1.0795,318347.2,1785418379999,343712.58567,659,96594.3,104311.10388,0
1785418380000,1.0795,1.0799,1.0791,1.0798,261720.6,1785418439999,282525.11240,808,122750.3,132508.78646,0
1785418440000,1.0799,1.0803,1.0793,1.0796,151129.7,1785418499999,163156.21370,547,88857.5,95926.10574,0
1785418500000,1.0795,1.0798,1.0791,1.0794,178564.6,1785418559999,192747.23282,671,91963.6,99272.67887,0
1785418560000,1.0794,1.0799,1.0793,1.0799,151112.9,1785418619999,163148.98146,620,90328.3,97523.66172,0
1785418620000,1.0798,1.0803,1.0796,1.0802,184803.8,1785418679999,199580.92869,759,109646.9,118416.21915,0
1785418680000,1.0802,1.0809,1.0797,1.0808,349952.5,1785418739999,378012.51340,753,232210.2,250810.61108,0
1785418740000,1.0808,1.0812,1.0806,1.0811,239689.0,1785418799999,259078.92355,727,154111.6,166581.98443,0
1785418800000,1.0811,1.0811,1.0795,1.0798,922929.7,1785418859999,996874.69400,1206,260909.5,281789.58796,0
1785418860000,1.0798,1.0806,1.0797,1.0803,426700.5,1785418919999,460999.32381,873,197506.6,213360.90412,0
1785418920000,1.0803,1.0823,1.0801,1.0819,972788.2,1785418979999,1051418.40142,1751,679894.2,734824.51899,0
1785418980000,1.0818,1.0819,1.0808,1.0812,405520.2,1785419039999,438444.20611,764,263997.6,285418.38733,0
1785419040000,1.0813,1.0829,1.0813,1.0827,324451.2,1785419099999,351238.50698,1122,164660.8,178248.98734,0
1785419100000,1.0827,1.0839,1.0825,1.0836,646158.2,1785419159999,700042.55991,1355,465418.9,504205.07606,0
1785419160000,1.0836,1.0847,1.0834,1.0843,420052.9,1785419219999,455401.27954,1139,264393.8,286641.88244,0
1785419220000,1.0843,1.0855,1.0841,1.0851,863266.5,1785419279999,936399.72147,1595,540045.9,585804.73880,0
1785419280000,1.0851,1.0855,1.0843,1.0852,531924.3,1785419339999,577196.03273,1039,364030.3,395046.74878,0
1785419340000,1.0853,1.0868,1.0853,1.0860,1477548.3,1785419399999,1604810.95391,1908,1068426.8,1160545.70519,0
1785419400000,1.0860,1.0868,1.0847,1.0856,1485280.7,1785419459999,1613012.35419,2475,879393.0,955065.01995,0
1785419460000,1.0855,1.0864,1.0855,1.0859,536845.2,1785419519999,582960.05158,1183,234426.7,254550.45445,0
1785419520000,1.0859,1.0861,1.0849,1.0856,452031.2,1785419579999,490637.49117,1137,147275.2,159883.98206,0
1785419580000,1.0857,1.0868,1.0857,1.0859,202747.6,1785419639999,220234.38326,810,109587.6,119042.27334,0
1785419640000,1.0860,1.0886,1.0858,1.0872,2285688.3,1785419699999,2485420.99021,2647,1589053.7,1727709.73170,0
1785419700000,1.0871,1.0872,1.0862,1.0869,523323.0,1785419759999,568630.08114,1096,333097.1,361951.48075,0
1785419760000,1.0868,1.0868,1.0861,1.0864,257590.4,1785419819999,279860.20206,872,79397.7,86266.76867,0
1785419820000,1.0865,1.0865,1.0859,1.0859,172622.9,1785419879999,187505.44172,665,28779.2,31262.26820,0
1785419880000,1.0859,1.0859,1.0850,1.0853,645296.4,1785419939999,700281.74534,900,251379.6,272811.04238,0
1785419940000,1.0853,1.0856,1.0849,1.0850,136829.1,1785419999999,148502.55065,623,63117.2,68504.89762,0
1785420000000,1.0850,1.0857,1.0847,1.0857,699578.8,1785420059999,759071.10723,1164,280142.7,303995.57400,0
1785420060000,1.0858,1.0858,1.0847,1.0848,468686.1,1785420119999,508593.11677,1076,221907.8,240796.52161,0
1785420120000,1.0848,1.0857,1.0848,1.0853,277746.8,1785420179999,301419.39923,939,186030.6,201881.40706,0
1785420180000,1.0852,1.0854,1.0846,1.0854,384587.2,1785420239999,417257.56747,984,222803.3,241742.15320,0
1785420240000,1.0853,1.0858,1.0850,1.0851,298442.5,1785420299999,323899.34225,4832,127488.4,138373.95039,0
1785420300000,1.0851,1.0855,1.0842,1.0844,651444.5,1785420359999,706768.20397,2961,330840.1,358968.08735,0
1785420360000,1.0844,1.0845,1.0838,1.0840,409178.8,1785420419999,443549.93949,914,163079.9,176783.59729,0
1785420420000,1.0839,1.0840,1.0827,1.0828,410396.5,1785420479999,444640.96984,982,65871.3,71394.06310,0
1785420480000,1.0827,1.0833,1.0826,1.0832,281797.0,1785420539999,305206.06933,790,110882.8,120091.48282,0
1785420540000,1.0831,1.0837,1.0831,1.0837,92215.7,1785420599999,99899.27117,382,67516.0,73145.02227,0
1785420600000,1.0836,1.0837,1.0831,1.0831,98402.3,1785420659999,106612.25865,524,44203.6,47895.43146,0
1785420660000,1.0830,1.0836,1.0828,1.0832,517512.4,1785420719999,560587.21838,798,151771.4,164404.84784,0
1785420720000,1.0831,1.0832,1.0828,1.0829,116016.7,1785420779999,125643.81724,473,89663.6,97103.72105,0
1785420780000,1.0828,1.0829,1.0823,1.0825,248370.2,1785420839999,268871.30827,773,115240.5,124751.75413,0
1785420840000,1.0825,1.0826,1.0823,1.0825,132036.0,1785420899999,142924.06162,404,57341.6,62073.07779,0
1785420900000,1.0824,1.0826,1.0820,1.0825,136318.8,1785420959999,147531.76211,744,70914.8,76748.60707,0
1785420960000,1.0824,1.0834,1.0824,1.0834,281928.2,1785421019999,305277.59455,643,154046.5,166818.91642,0
1785421020000,1.0834,1.0839,1.0829,1.0831,406555.7,1785421079999,440466.70206,841,116654.6,126385.86544,0
1785421080000,1.0830,1.0830,1.0812,1.0821,575223.0,1785421139999,622387.41403,1230,118894.1,128628.55614,0
1785421140000,1.0821,1.0825,1.0816,1.0816,190390.9,1785421199999,206004.00769,554,96969.6,104932.69648,0
1785421200000,1.0816,1.0819,1.0810,1.0818,379777.8,1785421259999,410661.86547,868,120636.3,130457.36005,0
1785421260000,1.0817,1.0824,1.0814,1.0823,172378.6,1785421319999,186501.48642,619,43157.3,46690.74928,0
1785421320000,1.0823,1.0840,1.0822,1.0840,137830.4,1785421379999,149274.88478,954,105454.4,114208.70631,0
1785421380000,1.0840,1.0847,1.0838,1.0845,351448.4,1785421439999,381080.12242,1035,177337.5,192293.39664,0
1785421440000,1.0845,1.0847,1.0841,1.0847,199927.2,1785421499999,216799.76903,642,84501.6,91633.55137,0
1785421500000,1.0847,1.0852,1.0846,1.0852,325610.2,1785421559999,353255.18409,650,288424.0,312908.98310,0
1785421560000,1.0851,1.0868,1.0851,1.0862,416642.8,1785421619999,452490.23779,1255,277779.9,301680.66495,0
1785421620000,1.0863,1.0864,1.0857,1.0858,420816.8,1785421679999,457013.81355,5019,159317.8,173021.81638,0
1785421680000,1.0858,1.0868,1.0858,1.0863,182651.1,1785421739999,198430.52027,845,128094.7,139154.64087,0
1785421740000,1.0863,1.0863,1.0849,1.0851,535099.7,1785421799999,580887.08722,1390,131020.4,142189.00661,0
1785421800000,1.0850,1.0868,1.0850,1.0865,567089.2,1785421859999,615795.70523,1344,327360.4,355413.43387,0
1785421860000,1.0865,1.0871,1.0864,1.0871,269750.8,1785421919999,293143.20178,878,73008.3,79346.18967,0
1785421920000,1.0871,1.0882,1.0870,1.0881,560706.0,1785421979999,609951.43733,2171,241235.5,262410.52641,0
1785421980000,1.0882,1.0888,1.0879,1.0880,454850.5,1785422039999,495035.94631,1295,111933.3,121821.94297,0
1785422040000,1.0880,1.0880,1.0874,1.0877,141855.6,1785422099999,154289.69260,430,67178.9,73066.56758,0
1785422100000,1.0877,1.0880,1.0870,1.0870,615762.2,1785422159999,669598.75243,1002,206574.4,224642.09939,0
1785422160000,1.0869,1.0896,1.0869,1.0896,990693.9,1785422219999,1078311.27511,2075,645432.5,702519.05843,0
1785422220000,1.0896,1.0902,1.0893,1.0900,1523635.0,1785422279999,1660610.63075,2336,854357.4,931165.42797,0
1785422280000,1.0899,1.0900,1.0883,1.0884,269775.5,1785422339999,293806.90199,716,74467.7,81080.93239,0
1785422340000,1.0883,1.0886,1.0880,1.0886,346958.0,1785422399999,377570.71489,732,45622.1,49654.53050,0
1785422400000,1.0886,1.0894,1.0885,1.0889,291494.7,1785422459999,317450.19113,684,151285.8,164756.22429,0
1785422460000,1.0889,1.0889,1.0881,1.0883,250011.5,1785422519999,272105.33647,604,65082.7,70832.51999,0
1785422520000,1.0883,1.0886,1.0877,1.0877,159065.0,1785422579999,173095.43540,669,54156.2,58939.68779,0
1785422580000,1.0877,1.0878,1.0868,1.0876,531776.0,1785422639999,578157.28141,1571,259896.2,282540.17229,0
1785422640000,1.0875,1.0876,1.0869,1.0874,296033.7,1785422699999,321849.07732,667,190301.3,206890.85050,0
1785422700000,1.0874,1.0878,1.0866,1.0878,485540.0,1785422759999,527819.39942,967,209128.4,227360.04244,0
1785422760000,1.0878,1.0878,1.0871,1.0872,137330.0,1785422819999,149338.02133,517,60081.1,65332.16960,0
1785422820000,1.0873,1.0878,1.0873,1.0875,191430.8,1785422879999,208199.10051,574,117643.2,127946.84317,0
1785422880000,1.0875,1.0876,1.0869,1.0876,128711.8,1785422939999,139928.53796,448,73833.0,80269.72650,0
1785422940000,1.0876,1.0886,1.0875,1.0885,325670.5,1785422999999,354371.17016,738,251511.4,273672.64748,0
1785423000000,1.0886,1.0895,1.0884,1.0885,306855.9,1785423059999,334093.62483,788,240690.1,262047.36916,0
1785423060000,1.0885,1.0888,1.0881,1.0884,429493.1,1785423119999,467458.46185,811,251105.5,273304.72624,0
1785423120000,1.0884,1.0888,1.0883,1.0888,133030.8,1785423179999,144811.06072,597,84328.9,91796.70031,0
1785423180000,1.0888,1.0890,1.0884,1.0885,178987.9,1785423239999,194862.93810,563,44900.7,48884.07905,0
1785423240000,1.0884,1.0885,1.0873,1.0873,252580.1,1785423299999,274818.62946,700,70644.6,76849.85732,0
1785423300000,1.0873,1.0874,1.0864,1.0866,219087.7,1785423359999,238091.13475,785,57849.1,62870.13957,0
1785423360000,1.0865,1.0866,1.0854,1.0862,779060.1,1785423419999,845968.00135,1180,183518.7,199299.55969,0
1785423420000,1.0861,1.0862,1.0856,1.0862,175086.3,1785423479999,190134.85652,622,55401.2,60164.14724,0
1785423480000,1.0861,1.0870,1.0860,1.0870,108388.2,1785423539999,117773.65276,412,97988.8,106477.59724,0
1785423540000,1.0870,1.0873,1.0868,1.0870,118475.6,1785423599999,128796.06414,490,48926.0,53188.89958,0
1785423600000,1.0870,1.0872,1.0857,1.0860,793677.2,1785423659999,862417.79580,1284,269303.1,292567.10029,0
1785423660000,1.0859,1.0860,1.0852,1.0860,204959.9,1785423719999,222507.21684,661,147035.8,159618.98673,0
1785423720000,1.0859,1.0870,1.0858,1.0870,152550.4,1785423779999,165714.66463,614,133783.1,145332.69257,0
1785423780000,1.0871,1.0877,1.0867,1.0877,298679.7,1785423839999,324707.78822,727,239063.1,259908.45698,0
1785423840000,1.0876,1.0879,1.0871,1.0877,288910.6,1785423899999,314221.36815,845,133148.3,144808.90060,0
1785423900000,1.0878,1.0882,1.0874,1.0881,191854.2,1785423959999,208725.40002,640,83604.3,90955.01110,0
1785423960000,1.0882,1.0885,1.0881,1.0884,186152.8,1785424019999,202595.39540,678,73794.0,80314.44672,0
1785424020000,1.0883,1.0887,1.0878,1.0878,393931.3,1785424079999,428722.80653,653,252149.0,274420.29845,0
1785424080000,1.0878,1.0892,1.0877,1.0892,108675.4,1785424139999,118300.43955,440,100027.2,108888.62680,0
1785424140000,1.0891,1.0906,1.0891,1.0905,634210.5,1785424199999,691251.75629,1790,285911.2,311616.59632,0
1785424200000,1.0905,1.0905,1.0887,1.0887,228063.3,1785424259999,248565.08166,871,113514.7,123733.72274,0
1785424260000,1.0888,1.0888,1.0878,1.0878,238328.0,1785424319999,259367.45971,1653,86108.5,93724.58713,0
1785424320000,1.0879,1.0883,1.0876,1.0882,132878.3,1785424379999,144554.91785,444,77835.6,84677.42165,0
1785424380000,1.0882,1.0882,1.0879,1.0879,51291.3,1785424439999,55806.19898,274,23855.2,25955.19313,0
1785424440000,1.0880,1.0884,1.0878,1.0878,176001.5,1785424499999,191496.60730,510,82268.6,89513.56638,0
1785424500000,1.0878,1.0879,1.0873,1.0879,195346.7,1785424559999,212472.33665,713,100366.3,109164.88138,0
1785424560000,1.0879,1.0889,1.0879,1.0887,319776.1,1785424619999,348113.49314,784,231831.0,252370.24396,0
1785424620000,1.0887,1.0896,1.0887,1.0891,304276.0,1785424679999,331428.54323,1136,158177.3,172276.22689,0
1785424680000,1.0890,1.0907,1.0889,1.0906,429210.3,1785424739999,467768.24009,1650,263309.4,286970.69579,0
1785424740000,1.0907,1.0911,1.0906,1.0910,439306.9,1785424799999,479255.23961,1337,317551.3,346429.12302,0
1785424800000,1.0910,1.0932,1.0906,1.0918,2846198.6,1785424859999,3108573.15803,5478,1747223.0,1908215.28420,0
1785424860000,1.0917,1.0949,1.0912,1.0943,1739705.7,1785424919999,1902026.51375,4585,1141635.0,1248230.62157,0
1785424920000,1.0943,1.0945,1.0933,1.0934,769025.5,1785424979999,841110.06568,1510,438851.0,479946.80520,0
1785424980000,1.0934,1.0935,1.0921,1.0926,374694.4,1785425039999,409450.09461,1019,106383.9,116248.80034,0
1785425040000,1.0925,1.0928,1.0922,1.0923,244822.0,1785425099999,267451.74209,585,82911.6,90577.35030,0
1785425100000,1.0923,1.0929,1.0918,1.0918,286780.0,1785425159999,313312.38612,721,149538.1,163384.98681,0
1785425160000,1.0918,1.0920,1.0904,1.0920,276198.3,1785425219999,301367.55799,967,191524.0,208986.36147,0
1785425220000,1.0919,1.0920,1.0912,1.0919,397055.2,1785425279999,433479.08469,863,210896.7,230244.28377,0
1785425280000,1.0919,1.0919,1.0905,1.0908,314452.4,1785425339999,343119.75058,671,140432.4,153199.73376,0
1785425340000,1.0908,1.0918,1.0908,1.0917,488499.7,1785425399999,533108.32249,581,300480.7,327898.27153,0
1785425400000,1.0916,1.0921,1.0913,1.0913,176811.5,1785425459999,193039.42677,672,86444.0,94379.75043,0
1785425460000,1.0914,1.0915,1.0905,1.0913,244321.7,1785425519999,266573.27560,829,70176.2,76569.77769,0
1785425520000,1.0913,1.0927,1.0913,1.0927,183770.7,1785425579999,200677.98303,685,125230.2,136760.38641,0
1785425580000,1.0926,1.0927,1.0919,1.0926,430459.3,1785425639999,470214.98957,887,124596.7,136107.57562,0
1785425640000,1.0927,1.0927,1.0913,1.0921,190810.5,1785425699999,208371.81448,788,69442.1,75834.56706,0
1785425700000,1.0921,1.0933,1.0921,1.0930,484786.6,1785425759999,529816.02255,995,345899.7,378012.97385,0
1785425760000,1.0930,1.0940,1.0929,1.0939,427278.2,1785425819999,467212.66407,804,290884.4,318069.45004,0
1785425820000,1.0939,1.0940,1.0921,1.0922,282394.0,1785425879999,308730.04948,931,48871.4,53440.46254,0
1785425880000,1.0921,1.0927,1.0917,1.0919,554286.0,1785425939999,605363.18447,1147,191226.3,208837.84579,0
1785425940000,1.0919,1.0920,1.0910,1.0913,151405.6,1785425999999,165256.55344,666,44244.6,48291.97716,0
1785426000000,1.0912,1.0915,1.0909,1.0911,129947.1,1785426059999,141784.37252,584,73175.1,79842.66380,0
1785426060000,1.0910,1.0913,1.0909,1.0912,140935.4,1785426119999,153762.55869,417,51052.0,55701.51215,0
1785426120000,1.0912,1.0913,1.0902,1.0907,263753.4,1785426179999,287665.01841,731,63018.5,68718.89078,0
1785426180000,1.0907,1.0919,1.0907,1.0913,314351.4,1785426239999,343104.61808,827,148273.8,161806.07611,0
1785426240000,1.0913,1.0917,1.0912,1.0912,89801.0,1785426299999,98023.70199,497,60096.1,65599.47504,0
1785426300000,1.0913,1.0936,1.0913,1.0930,1251342.8,1785426359999,1367440.84637,1926,810515.6,885567.94779,0
1785426360000,1.0930,1.0933,1.0924,1.0933,138382.7,1785426419999,151223.33985,647,85363.1,93290.06298,0
1785426420000,1.0932,1.0933,1.0921,1.0921,99836.4,1785426479999,109112.36706,563,27086.0,29602.72079,0
1785426480000,1.0922,1.0922,1.0916,1.0917,87982.5,1785426539999,96065.31334,390,37338.6,40766.56216,0
1785426540000,1.0918,1.0936,1.0917,1.0936,192210.0,1785426599999,209990.67250,633,167928.0,183450.04288,0
1785426600000,1.0936,1.0936,1.0918,1.0918,312785.7,1785426659999,341879.33289,794,64690.7,70678.94616,0
1785426660000,1.0918,1.0919,1.0915,1.0917,229044.6,1785426719999,250039.91257,590,66924.9,73060.11263,0
1785426720000,1.0917,1.0917,1.0906,1.0910,302185.7,1785426779999,329669.64112,695,33766.7,36849.15654,0
1785426780000,1.0910,1.0916,1.0909,1.0910,699030.1,1785426839999,762891.51892,849,402585.9,439364.27384,0
1785426840000,1.0910,1.0932,1.0910,1.0932,131236.5,1785426899999,143281.43333,662,98746.8,107812.09653,0
1785426900000,1.0931,1.0937,1.0928,1.0929,389707.9,1785426959999,426099.04310,929,201274.2,220066.79475,0
1785426960000,1.0929,1.0929,1.0923,1.0923,147691.3,1785427019999,161378.53996,381,9468.8,10346.34126,0
1785427020000,1.0924,1.0926,1.0923,1.0924,177217.8,1785427079999,193592.27500,309,117691.2,128566.30495,0
1785427080000,1.0923,1.0925,1.0919,1.0919,253788.9,1785427139999,277227.74602,579,32614.4,35623.03162,0
1785427140000,1.0919,1.0919,1.0915,1.0918,140739.6,1785427199999,153642.66785,367,45897.6,50104.75822,0
1785427200000,1.0918,1.0920,1.0910,1.0913,647530.6,1785427259999,706777.37604,991,261987.0,285940.10661,0
1785427260000,1.0912,1.0923,1.0911,1.0919,654726.3,1785427319999,714793.82938,1041,452560.3,494050.72406,0
1785427320000,1.0920,1.0926,1.0919,1.0921,397791.2,1785427379999,434508.14307,926,240449.4,262644.27276,0
1785427380000,1.0922,1.0928,1.0917,1.0926,210952.9,1785427439999,230397.40612,701,164613.2,179785.70848,0
1785427440000,1.0926,1.0933,1.0924,1.0929,349744.2,1785427499999,382206.46304,792,125072.6,136688.92648,0
1785427500000,1.0929,1.0936,1.0929,1.0933,127616.6,1785427559999,139530.21280,644,71982.7,78704.26868,0
1785427560000,1.0934,1.0935,1.0930,1.0930,214045.2,1785427619999,234009.94505,612,84101.5,91948.19257,0
1785427620000,1.0929,1.0930,1.0921,1.0924,234557.0,1785427679999,256234.57882,602,115696.3,126372.64908,0
1785427680000,1.0924,1.0924,1.0914,1.0919,159521.3,1785427739999,174185.04386,574,45686.7,49877.37760,0
1785427740000,1.0919,1.0919,1.0912,1.0915,55616.9,1785427799999,60708.23818,354,26513.1,28938.72399,0
1785427800000,1.0914,1.0919,1.0908,1.0909,521639.7,1785427859999,569234.34700,828,299821.9,327180.05529,0
1785427860000,1.0909,1.0909,1.0899,1.0903,811820.7,1785427919999,885090.81461,2397,196749.2,214502.41533,0
1785427920000,1.0904,1.0908,1.0903,1.0908,134083.2,1785427979999,146227.70590,626,89685.9,97808.10177,0
1785427980000,1.0908,1.0916,1.0908,1.0914,386582.6,1785428039999,421886.11491,940,292039.7,318712.15469,0
1785428040000,1.0913,1.0914,1.0906,1.0907,114968.8,1785428099999,125416.42527,501,18818.6,20526.96519,0
1785428100000,1.0908,1.0911,1.0902,1.0902,163307.2,1785428159999,178109.24188,592,20945.8,22847.99894,0
1785428160000,1.0903,1.0905,1.0898,1.0901,297548.8,1785428219999,324363.68674,565,106491.3,116080.57941,0
1785428220000,1.0901,1.0907,1.0896,1.0906,437988.3,1785428279999,477400.80958,6034,204070.0,222446.03689,0
1785428280000,1.0906,1.0907,1.0896,1.0904,234214.6,1785428339999,255259.51184,723,85881.3,93607.67002,0
1785428340000,1.0905,1.0906,1.0895,1.0895,171353.0,1785428399999,186794.76621,557,27108.8,29560.87828,0
1785428400000,1.0895,1.0898,1.0894,1.0895,153680.3,1785428459999,167447.86972,416,34646.5,37749.75972,0
1785428460000,1.0896,1.0897,1.0887,1.0891,346855.7,1785428519999,377772.47731,1008,172576.3,187954.34690,0
1785428520000,1.0891,1.0892,1.0881,1.0882,413792.2,1785428579999,450499.74822,764,133843.3,145730.16504,0
1785428580000,1.0883,1.0902,1.0882,1.0900,743180.7,1785428639999,809421.96824,1031,478847.3,521372.64928,0
1785428640000,1.0900,1.0902,1.0892,1.0893,81376.5,1785428699999,88674.45278,501,6515.5,7100.96951,0
1785428700000,1.0892,1.0897,1.0892,1.0893,199703.9,1785428759999,217566.61763,1634,65434.3,71287.27938,0
1785428760000,1.0894,1.0895,1.0889,1.0894,145968.5,1785428819999,158996.92964,552,81545.0,88829.73146,0
1785428820000,1.0895,1.0898,1.0894,1.0898,37899.4,1785428879999,41299.27786,202,25001.4,27244.74912,0
1785428880000,1.0897,1.0904,1.0897,1.0899,475111.6,1785428939999,517872.10928,986,258487.1,281752.75564,0
1785428940000,1.0900,1.0900,1.0892,1.0894,306468.8,1785428999999,333897.24819,501,125460.9,136691.20870,0
1785429000000,1.0894,1.0896,1.0889,1.0895,342353.3,1785429059999,372928.05884,660,211884.9,230823.52496,0
1785429060000,1.0894,1.0901,1.0894,1.0900,88663.6,1785429119999,96616.54908,402,47040.6,51259.71250,0
1785429120000,1.0900,1.0903,1.0899,1.0900,99413.6,1785429179999,108368.97888,402,35259.2,38435.22778,0
1785429180000,1.0900,1.0902,1.0898,1.0901,110618.3,1785429239999,120581.65875,303,40055.5,43663.10788,0
1785429240000,1.0901,1.0901,1.0899,1.0901,38948.3,1785429299999,42454.32733,178,8792.4,9584.42219,0
1785429300000,1.0900,1.0905,1.0895,1.0895,328874.3,1785429359999,358516.48450,680,175682.3,191514.16153,0
1785429360000,1.0896,1.0905,1.0895,1.0905,116457.3,1785429419999,126940.62258,425,84746.4,92368.93225,0
1785429420000,1.0905,1.0905,1.0899,1.0900,76478.9,1785429479999,83384.25850,370,24604.2,26825.08328,0
1785429480000,1.0899,1.0900,1.0892,1.0892,78679.8,1785429539999,85734.68471,311,22076.4,24062.19628,0
1785429540000,1.0893,1.0897,1.0893,1.0895,66538.6,1785429599999,72492.96810,291,36857.9,40153.96678,0
1785429600000,1.0894,1.0894,1.0887,1.0887,200317.2,1785429659999,218129.78445,586,99019.9,107828.84534,0
1785429660000,1.0888,1.0891,1.0885,1.0890,135925.3,1785429719999,147999.97237,429,67704.1,73715.72335,0
1785429720000,1.0890,1.0890,1.0884,1.0887,226951.8,1785429779999,247076.77990,559,122095.2,132917.62934,0
1785429780000,1.0888,1.0890,1.0883,1.0886,60256.0,1785429839999,65596.28450,482,22517.7,24513.44054,0
1785429840000,1.0885,1.0886,1.0883,1.0883,76058.3,1785429899999,82780.94549,377,39442.1,42929.50480,0
1785429900000,1.0883,1.0886,1.0882,1.0884,95434.1,1785429959999,103875.67223,375,45407.8,49424.98327,0
1785429960000,1.0884,1.0890,1.0884,1.0890,130022.6,1785430019999,141553.03727,431,123378.1,134319.97031,0
1785430020000,1.0890,1.0896,1.0889,1.0895,376219.3,1785430079999,409829.12394,573,334046.0,363893.72967,0
1785430080000,1.0896,1.0898,1.0895,1.0896,30459.5,1785430139999,33191.28782,256,12950.8,14112.45583,0
1785430140000,1.0896,1.0897,1.0892,1.0895,403362.3,1785430199999,439425.40201,686,84119.5,91649.30339,0
1785430200000,1.0895,1.0896,1.0889,1.0889,200282.9,1785430259999,218177.56208,493,139581.8,152063.01853,0
1785430260000,1.0890,1.0895,1.0889,1.0895,60384.9,1785430319999,65769.33150,251,57257.8,62363.81776,0
1785430320000,1.0895,1.0897,1.0895,1.0896,56106.7,1785430379999,61135.15384,255,37197.0,40531.22016,0
1785430380000,1.0896,1.0897,1.0893,1.0893,59475.2,1785430439999,64794.89874,292,25951.5,28271.69714,0
1785430440000,1.0893,1.0905,1.0893,1.0904,98304.0,1785430499999,107129.10550,460,72551.2,79062.24517,0
1785430500000,1.0905,1.0907,1.0899,1.0903,266110.6,1785430559999,290115.75742,780,196456.4,214168.57786,0
1785430560000,1.0903,1.0903,1.0900,1.0901,39385.7,1785430619999,42934.57913,188,20681.6,22545.03316,0
1785430620000,1.0902,1.0905,1.0902,1.0903,80995.7,1785430679999,88314.40283,364,35214.0,38396.19115,0
1785430680000,1.0903,1.0904,1.0901,1.0901,56128.0,1785430739999,61191.54922,212,7810.0,8515.20653,0
1785430740000,1.0902,1.0902,1.0895,1.0895,70867.4,1785430799999,77234.31546,341,17789.3,19387.36254,0
1785430800000,1.0896,1.0900,1.0894,1.0897,197057.4,1785430859999,214744.62359,505,104237.0,113587.91628,0
1785430860000,1.0897,1.0909,1.0897,1.0905,119879.3,1785430919999,130693.56625,563,95234.7,103814.77711,0
1785430920000,1.0905,1.0905,1.0892,1.0892,153920.9,1785430979999,167763.66181,663,58419.2,63684.77809,0
1785430980000,1.0892,1.0895,1.0892,1.0895,113174.9,1785431039999,123284.34451,238,98629.2,107439.07491,0
1785431040000,1.0895,1.0900,1.0894,1.0900,95810.2,1785431099999,104397.26897,393,67621.3,73682.35876,0
1785431100000,1.0900,1.0900,1.0897,1.0898,98928.7,1785431159999,107811.55881,385,16783.4,18291.22507,0
1785431160000,1.0899,1.0906,1.0898,1.0906,100416.8,1785431219999,109486.05922,393,69654.8,75944.01702,0
1785431220000,1.0905,1.0906,1.0892,1.0895,240484.7,1785431279999,262108.86632,733,64360.2,70123.25168,0
1785431280000,1.0894,1.0900,1.0894,1.0900,54046.6,1785431339999,58891.97144,340,36213.0,39461.74848,0
1785431340000,1.0900,1.0900,1.0896,1.0897,153161.1,1785431399999,166905.71437,470,34299.8,37380.72043,0
1785431400000,1.0898,1.0905,1.0898,1.0900,166136.9,1785431459999,181106.66675,543,135263.7,147447.48958,0
1785431460000,1.0901,1.0901,1.0891,1.0891,126286.6,1785431519999,137613.21860,462,7014.4,7640.91267,0
1785431520000,1.0891,1.0895,1.0886,1.0886,384543.1,1785431579999,418728.71409,1033,101792.9,110864.38625,0
1785431580000,1.0885,1.0886,1.0878,1.0883,323534.2,1785431639999,352057.67320,851,95605.7,104027.82730,0
1785431640000,1.0884,1.0892,1.0883,1.0891,65356.4,1785431699999,71161.74284,333,62388.6,67930.70022,0
1785431700000,1.0892,1.0893,1.0890,1.0892,144382.8,1785431759999,157247.61266,453,114278.1,124461.79540,0
1785431760000,1.0892,1.0893,1.0889,1.0889,133709.4,1785431819999,145619.26981,437,65327.0,71145.57887,0
1785431820000,1.0890,1.0900,1.0890,1.0895,162439.6,1785431879999,176968.43815,628,79257.0,86340.69637,0
1785431880000,1.0894,1.0894,1.0890,1.0891,39898.9,1785431939999,43457.20026,351,17303.7,18846.84131,0
1785431940000,1.0891,1.0901,1.0889,1.0900,196373.2,1785431999999,213933.12846,643,173861.9,189409.68430,0
1785432000000,1.0900,1.0908,1.0900,1.0906,75297.6,1785432059999,82093.63618,354,50063.0,54582.30442,0
1785432060000,1.0906,1.0907,1.0900,1.0903,303019.3,1785432119999,330380.00142,6169,210718.3,229746.29782,0
1785432120000,1.0904,1.0906,1.0900,1.0900,110514.2,1785432179999,120499.14383,352,58626.9,63929.02297,0
1785432180000,1.0900,1.0905,1.0895,1.0904,286899.4,1785432239999,312662.47161,548,147310.1,160529.27644,0
1785432240000,1.0904,1.0907,1.0899,1.0901,230172.0,1785432299999,250977.19761,545,114778.2,125135.63133,0
1785432300000,1.0900,1.0901,1.0894,1.0897,349770.9,1785432359999,381158.28543,696,60412.4,65824.82883,0
1785432360000,1.0896,1.0897,1.0892,1.0892,33488.0,1785432419999,36483.25369,223,7854.2,8556.45464,0
1785432420000,1.0892,1.0895,1.0892,1.0893,61611.4,1785432479999,67116.29433,324,42757.7,46577.68435,0
1785432480000,1.0894,1.0894,1.0890,1.0892,93513.0,1785432539999,101853.05977,379,36937.0,40230.13893,0
1785432540000,1.0892,1.0893,1.0888,1.0888,59336.5,1785432599999,64619.35754,274,9738.7,10606.17269,0
1785432600000,1.0889,1.0889,1.0884,1.0888,475301.2,1785432659999,517405.85471,622,218604.1,237973.90283,0
1785432660000,1.0889,1.0891,1.0885,1.0885,90597.3,1785432719999,98647.38875,366,53293.8,58031.57158,0
1785432720000,1.0885,1.0886,1.0883,1.0883,43409.1,1785432779999,47246.10132,292,21207.0,23081.80528,0
1785432780000,1.0883,1.0884,1.0874,1.0877,190068.1,1785432839999,206733.69579,684,51212.7,55700.97393,0
1785432840000,1.0877,1.0878,1.0868,1.0870,542339.8,1785432899999,589661.03313,847,217042.8,236000.04289,0
1785432900000,1.0870,1.0874,1.0870,1.0873,147754.8,1785432959999,160640.92962,330,93783.3,101963.18490,0
1785432960000,1.0873,1.0880,1.0873,1.0878,223604.0,1785433019999,243212.30220,431,189857.3,206514.04619,0
1785433020000,1.0879,1.0882,1.0874,1.0875,268348.5,1785433079999,291881.30468,635,144834.6,157511.98026,0
1785433080000,1.0874,1.0878,1.0867,1.0878,338867.4,1785433139999,368391.10117,692,151838.8,165073.26524,0
1785433140000,1.0879,1.0880,1.0874,1.0875,94413.4,1785433199999,102697.63504,421,13209.5,14368.03310,0
1785433200000,1.0876,1.0880,1.0876,1.0880,63974.8,1785433259999,69590.15413,314,55897.9,60803.68402,0
1785433260000,1.0880,1.0892,1.0880,1.0891,327909.1,1785433319999,356972.70289,677,315952.3,343956.59591,0
1785433320000,1.0892,1.0896,1.0892,1.0895,209816.7,1785433379999,228588.74782,425,106405.6,115924.12752,0
1785433380000,1.0895,1.0908,1.0895,1.0900,337088.4,1785433439999,367536.27863,843,136506.2,148829.34579,0
1785433440000,1.0899,1.0905,1.0896,1.0903,161669.6,1785433499999,176191.56614,473,142184.7,154952.89714,0
1785433500000,1.0904,1.0907,1.0903,1.0906,78863.9,1785433559999,85997.73449,326,62400.1,68044.27484,0
1785433560000,1.0907,1.0909,1.0906,1.0908,106912.1,1785433619999,116613.26872,370,42015.5,45828.39903,0
1785433620000,1.0908,1.0914,1.0908,1.0909,300956.8,1785433679999,328387.28595,870,202046.7,220459.63816,0
1785433680000,1.0910,1.0921,1.0908,1.0921,169242.7,1785433739999,184735.76207,587,118610.0,129471.51505,0
1785433740000,1.0921,1.0927,1.0916,1.0916,1343556.5,1785433799999,1467593.82294,4911,475977.9,519863.20069,0
1785433800000,1.0916,1.0920,1.0914,1.0914,224907.6,1785433859999,245519.94754,1867,43294.3,47264.35244,0
1785433860000,1.0914,1.0918,1.0914,1.0918,140745.7,1785433919999,153638.08884,305,52850.6,57691.94334,0
1785433920000,1.0918,1.0918,1.0908,1.0911,123074.6,1785433979999,134315.99513,523,32308.7,35253.05935,0
1785433980000,1.0911,1.0912,1.0908,1.0909,81258.1,1785434039999,88649.58435,323,25036.2,27314.33182,0
1785434040000,1.0909,1.0909,1.0901,1.0902,100842.4,1785434099999,109958.32834,409,10308.0,11239.41261,0
1785434100000,1.0902,1.0903,1.0899,1.0900,60222.0,1785434159999,65643.36859,264,12845.6,14001.92034,0
1785434160000,1.0900,1.0901,1.0900,1.0900,32751.1,1785434219999,35698.80378,160,1047.8,1142.20678,0
1785434220000,1.0901,1.0902,1.0900,1.0901,46480.2,1785434279999,50667.57171,175,37137.3,40483.43485,0
1785434280000,1.0901,1.0909,1.0901,1.0908,142173.9,1785434339999,155055.87016,312,125446.1,136810.29648,0
1785434340000,1.0908,1.0912,1.0905,1.0905,249530.2,1785434399999,272226.96931,535,114479.2,124898.88480,0
1785434400000,1.0905,1.0911,1.0905,1.0907,113125.4,1785434459999,123408.03401,524,39080.7,42632.27507,0
1785434460000,1.0908,1.0915,1.0907,1.0910,166093.6,1785434519999,181237.33886,571,78104.0,85222.15786,0
1785434520000,1.0909,1.0913,1.0909,1.0912,76924.1,1785434579999,83929.26909,216,60113.6,65588.13195,0
1785434580000,1.0913,1.0914,1.0912,1.0912,27189.4,1785434639999,29671.18485,290,10312.0,11253.48772,0
1785434640000,1.0913,1.0918,1.0912,1.0913,82698.6,1785434699999,90268.61345,550,40901.0,44643.44640,0
1785434700000,1.0913,1.0920,1.0912,1.0919,63470.2,1785434759999,69276.94101,389,57516.8,62779.17392,0
1785434760000,1.0920,1.0922,1.0914,1.0921,180645.0,1785434819999,197222.15148,719,90799.5,99127.35067,0
1785434820000,1.0922,1.0922,1.0908,1.0908,136126.1,1785434879999,148601.87893,522,8881.9,9697.28587,0
1785434880000,1.0908,1.0913,1.0904,1.0912,189498.5,1785434939999,206692.75302,513,73990.5,80712.69443,0
1785434940000,1.0913,1.0915,1.0911,1.0911,143994.8,1785434999999,157137.51469,575,89603.3,97785.01603,0
1785435000000,1.0911,1.0912,1.0905,1.0906,242233.4,1785435059999,264208.70399,530,67606.4,73742.21402,0
1785435060000,1.0906,1.0908,1.0904,1.0904,68301.6,1785435119999,74491.24657,234,14939.0,16293.73660,0
1785435120000,1.0904,1.0905,1.0899,1.0901,79448.7,1785435179999,86610.12650,450,33258.1,36253.30962,0
1785435180000,1.0902,1.0905,1.0901,1.0905,90714.0,1785435239999,98902.48466,263,85482.7,93198.48883,0
1785435240000,1.0905,1.0905,1.0903,1.0904,40554.8,1785435299999,44221.05093,184,2165.1,2360.94806,0
1785435300000,1.0903,1.0903,1.0898,1.0901,192153.3,1785435359999,209461.71313,543,103142.8,112429.49126,0
1785435360000,1.0902,1.0906,1.0901,1.0904,49762.5,1785435419999,54261.55562,315,21694.8,23655.72352,0
1785435420000,1.0904,1.0905,1.0899,1.0900,192874.8,1785435479999,210283.99872,356,7841.5,8548.28409,0
1785435480000,1.0900,1.0908,1.0899,1.0901,259472.0,1785435539999,282902.10504,859,107814.9,117537.58678,0
1785435540000,1.0901,1.0902,1.0897,1.0897,94029.6,1785435599999,102481.52618,269,3461.5,3772.95432,0
1785435600000,1.0898,1.0898,1.0892,1.0895,190283.0,1785435659999,207314.30003,400,54316.4,59173.52733,0
1785435660000,1.0895,1.0902,1.0895,1.0900,164893.7,1785435719999,179705.62040,625,73085.6,79652.14072,0
1785435720000,1.0900,1.0903,1.0898,1.0898,156482.4,1785435779999,170572.64511,436,82711.3,90161.47581,0
1785435780000,1.0899,1.0903,1.0898,1.0898,63206.9,1785435839999,68895.77051,271,23888.9,26037.98577,0
1785435840000,1.0898,1.0900,1.0898,1.0899,59788.1,1785435899999,65163.05175,184,18924.3,20625.63992,0
1785435900000,1.0898,1.0899,1.0898,1.0898,14517.3,1785435959999,15821.47874,146,5252.0,5724.15480,0
1785435960000,1.0898,1.0899,1.0893,1.0897,205631.7,1785436019999,224046.60151,605,90452.3,98550.92321,0
1785436020000,1.0898,1.0903,1.0897,1.0902,65043.7,1785436079999,70899.81287,246,54246.0,59128.22463,0
1785436080000,1.0903,1.0908,1.0902,1.0905,254424.7,1785436139999,277463.23619,632,186729.9,203630.63859,0
1785436140000,1.0905,1.0907,1.0901,1.0901,150372.9,1785436199999,163986.42049,318,18175.0,19821.62404,0
1785436200000,1.0901,1.0904,1.0901,1.0902,154474.5,1785436259999,168409.98971,328,111893.1,121986.19493,0
1785436260000,1.0902,1.0905,1.0898,1.0903,82036.7,1785436319999,89430.87083,425,35047.1,38206.37863,0
1785436320000,1.0904,1.0905,1.0898,1.0898,100388.3,1785436379999,109448.37015,535,30646.5,33416.97210,0
1785436380000,1.0898,1.0899,1.0893,1.0893,151165.3,1785436439999,164723.47972,551,32226.9,35120.91981,0
1785436440000,1.0893,1.0894,1.0888,1.0888,396838.0,1785436499999,432171.67465,712,112769.1,122804.75514,0
1785436500000,1.0888,1.0893,1.0888,1.0892,70761.2,1785436559999,77065.88903,328,63133.3,68758.52914,0
1785436560000,1.0892,1.0896,1.0890,1.0890,72474.4,1785436619999,78947.94083,417,17950.3,19554.79264,0
1785436620000,1.0890,1.0891,1.0874,1.0875,746258.6,1785436679999,812074.10575,5895,404450.3,440161.54067,0
1785436680000,1.0875,1.0878,1.0872,1.0872,465899.6,1785436739999,506677.69349,702,321714.1,349870.09751,0
1785436740000,1.0873,1.0873,1.0866,1.0871,575140.5,1785436799999,625078.93453,747,380578.0,413611.67545,0
1785436800000,1.0872,1.0878,1.0872,1.0878,129702.7,1785436859999,141065.79879,522,80743.9,87817.24831,0
1785436860000,1.0878,1.0878,1.0872,1.0874,133450.1,1785436919999,145124.77142,345,31476.1,34224.91240,0
1785436920000,1.0874,1.0875,1.0872,1.0873,41039.8,1785436979999,44628.43118,311,24701.5,26862.54368,0
1785436980000,1.0873,1.0873,1.0869,1.0869,55263.8,1785437039999,60076.98641,295,13186.3,14336.57797,0
1785437040000,1.0869,1.0872,1.0869,1.0871,72238.8,1785437099999,78526.83271,146,70243.3,76357.91324,0
1785437100000,1.0872,1.0873,1.0869,1.0870,109546.6,1785437159999,119084.42848,323,16626.3,18076.35014,0
1785437160000,1.0869,1.0872,1.0869,1.0869,65249.1,1785437219999,70926.82974,268,49589.9,53904.64509,0
1785437220000,1.0869,1.0870,1.0868,1.0868,36053.0,1785437279999,39186.26373,256,12203.0,13263.73330,0
1785437280000,1.0868,1.0869,1.0861,1.0863,416614.6,1785437339999,452626.00072,635,136847.2,148677.91176,0
1785437340000,1.0862,1.0865,1.0859,1.0863,426935.1,1785437399999,463691.44526,618,72448.9,78692.47186,0
1785437400000,1.0864,1.0864,1.0858,1.0858,333571.3,1785437459999,362280.10860,1363,136906.1,148687.90972,0
1785437460000,1.0858,1.0859,1.0857,1.0858,233418.0,1785437519999,253442.62353,328,82794.8,89901.78314,0
1785437520000,1.0859,1.0859,1.0855,1.0855,275598.5,1785437579999,299221.15849,291,30691.6,33322.95554,0
1785437580000,1.0856,1.0856,1.0854,1.0854,80543.5,1785437639999,87426.55339,199,14603.5,15852.13076,0
1785437640000,1.0855,1.0855,1.0845,1.0846,619622.2,1785437699999,672247.53815,764,100786.8,109371.35518,0
1785437700000,1.0846,1.0850,1.0845,1.0849,469822.4,1785437759999,509646.53861,666,274204.5,297442.02670,0
1785437760000,1.0850,1.0850,1.0848,1.0849,202897.0,1785437819999,220117.74027,335,48458.4,52574.22456,0
1785437820000,1.0850,1.0852,1.0849,1.0852,1013235.2,1785437879999,1099360.48448,263,982749.0,1066285.38610,0
1785437880000,1.0852,1.0852,1.0851,1.0851,46006.8,1785437939999,49923.73188,158,17532.0,19025.72640,0
1785437940000,1.0852,1.0853,1.0849,1.0851,288991.6,1785437999999,313597.10364,470,85825.8,93138.08432,0
1785438000000,1.0851,1.0854,1.0845,1.0845,376121.2,1785438059999,408056.94670,777,127689.7,138530.58069,0
1785438060000,1.0845,1.0847,1.0845,1.0846,85037.5,1785438119999,92231.19813,325,29654.8,32163.94278,0
1785438120000,1.0845,1.0849,1.0845,1.0849,56087.8,1785438179999,60840.19441,425,47628.8,51664.50389,0
1785438180000,1.0849,1.0852,1.0846,1.0852,163148.8,1785438239999,177005.18069,484,75624.2,82047.55881,0
1785438240000,1.0851,1.0854,1.0849,1.0849,126878.4,1785438299999,137690.52179,490,39275.8,42625.95662,0
1785438300000,1.0849,1.0850,1.0846,1.0846,76300.4,1785438359999,82768.57909,293,22859.5,24798.19565,0
1785438360000,1.0846,1.0858,1.0846,1.0857,283313.8,1785438419999,307477.03984,908,271207.3,294334.87182,0
1785438420000,1.0856,1.0860,1.0856,1.0858,250017.5,1785438479999,271478.81183,441,194013.5,210666.74614,0
1785438480000,1.0857,1.0864,1.0856,1.0863,368244.9,1785438539999,399884.59740,873,327673.7,355836.72805,0
1785438540000,1.0864,1.0865,1.0859,1.0859,119970.3,1785438599999,130309.25258,325,39158.9,42534.48046,0
1785438600000,1.0859,1.0863,1.0859,1.0860,249668.0,1785438659999,271171.78797,541,182313.6,198014.38576,0
1785438660000,1.0861,1.0867,1.0860,1.0866,206985.7,1785438719999,224866.91511,672,204853.8,222550.88664,0
1785438720000,1.0866,1.0868,1.0864,1.0865,339351.5,1785438779999,368756.83533,693,120595.5,131044.18641,0
1785438780000,1.0864,1.0865,1.0855,1.0857,188353.7,1785438839999,204496.70107,444,145548.0,158009.49526,0
1785438840000,1.0857,1.0859,1.0857,1.0858,61076.2,1785438899999,66316.98582,234,59219.5,64301.03915,0
1785438900000,1.0858,1.0859,1.0852,1.0854,224670.9,1785438959999,243867.88271,577,141361.7,153429.91336,0
1785438960000,1.0854,1.0857,1.0854,1.0856,64365.5,1785439019999,69870.42918,453,47645.9,51721.71740,0
1785439020000,1.0857,1.0860,1.0857,1.0859,39646.1,1785439079999,43050.99845,301,37262.9,40463.10364,0
1785439080000,1.0860,1.0862,1.0854,1.0861,270862.3,1785439139999,294124.71664,778,187575.0,203697.50854,0
1785439140000,1.0862,1.0863,1.0858,1.0860,81928.9,1785439199999,88980.32829,381,25667.0,27875.62193,0
1785439200000,1.0860,1.0864,1.0860,1.0860,265412.5,1785439259999,288282.33182,571,43657.7,47417.48687,0
1785439260000,1.0860,1.0863,1.0859,1.0862,124460.1,1785439319999,135182.02056,541,105948.8,115078.20309,0
1785439320000,1.0862,1.0863,1.0857,1.0862,1080014.6,1785439379999,1172989.09091,602,84849.2,92142.21724,0
1785439380000,1.0863,1.0867,1.0862,1.0866,76070.1,1785439439999,82649.77033,458,73853.3,80241.41444,0
1785439440000,1.0866,1.0871,1.0866,1.0870,155640.4,1785439499999,169174.56160,549,123749.8,134511.74294,0
1785439500000,1.0871,1.0873,1.0867,1.0873,148471.4,1785439559999,161392.91364,724,127847.3,138976.50480,0
1785439560000,1.0873,1.0878,1.0869,1.0877,316724.1,1785439619999,344405.69431,893,170954.1,185910.16548,0
1785439620000,1.0877,1.0878,1.0875,1.0876,130363.7,1785439679999,141798.23805,346,113170.3,123099.11258,0
1785439680000,1.0876,1.0877,1.0873,1.0873,69090.3,1785439739999,75138.56770,206,26460.3,28778.07743,0
1785439740000,1.0874,1.0874,1.0872,1.0872,26099.6,1785439799999,28378.33172,151,6757.8,7348.01973,0
1785439800000,1.0873,1.0877,1.0872,1.0875,183889.8,1785439859999,199956.66757,552,127915.2,139090.08841,0
1785439860000,1.0875,1.0876,1.0868,1.0868,187004.6,1785439919999,203320.80317,424,2528.9,2749.23479,0
1785439920000,1.0868,1.0869,1.0863,1.0863,169266.7,1785439979999,183931.85052,343,38034.2,41331.97389,0
1785439980000,1.0864,1.0872,1.0864,1.0871,298237.0,1785440039999,324165.63784,839,197268.8,214401.85736,0
1785440040000,1.0871,1.0878,1.0871,1.0877,339245.8,1785440099999,368887.12836,558,244070.0,265405.50158,0
1785440100000,1.0877,1.0878,1.0876,1.0876,148929.1,1785440159999,161991.26303,177,60887.4,66228.31070,0
1785440160000,1.0876,1.0878,1.0875,1.0875,164420.1,1785440219999,178834.61456,261,17021.4,18514.38943,0
1785440220000,1.0875,1.0875,1.0868,1.0869,199702.8,1785440279999,217123.83112,614,40853.6,44412.58042,0
1785440280000,1.0868,1.0880,1.0868,1.0879,121620.2,1785440339999,132260.11474,864,105225.5,114430.82745,0
1785440340000,1.0879,1.0885,1.0879,1.0883,244111.8,1785440399999,265671.75421,725,122687.7,133514.92740,0
1785440400000,1.0883,1.0884,1.0877,1.0877,85301.4,1785440459999,92823.17857,377,5923.9,6446.20658,0
1785440460000,1.0877,1.0879,1.0875,1.0877,89509.3,1785440519999,97357.21280,326,63852.2,69449.44258,0
1785440520000,1.0878,1.0878,1.0874,1.0876,74303.6,1785440579999,80809.93885,484,39543.5,43004.54209,0
1785440580000,1.0876,1.0885,1.0876,1.0884,75518.9,1785440639999,82163.02410,478,63868.1,69488.52565,0
1785440640000,1.0884,1.0886,1.0882,1.0885,107518.6,1785440699999,117022.36623,369,29239.7,31824.46044,0
1785440700000,1.0886,1.0889,1.0885,1.0885,72955.7,1785440759999,79427.89980,445,48882.5,53220.34216,0
1785440760000,1.0885,1.0886,1.0879,1.0879,104347.1,1785440819999,113557.14030,319,11408.7,12414.35229,0
1785440820000,1.0879,1.0881,1.0878,1.0880,118814.6,1785440879999,129265.06518,445,87584.3,95287.12087,0
1785440880000,1.0880,1.0881,1.0878,1.0878,97527.7,1785440939999,106107.47505,289,23049.1,25075.77591,0
1785440940000,1.0878,1.0883,1.0876,1.0883,54948.3,1785440999999,59781.28118,512,46575.9,50674.10019,0
1785441000000,1.0883,1.0887,1.0877,1.0886,127101.8,1785441059999,138310.51502,628,42920.5,46705.62110,0
1785441060000,1.0886,1.0895,1.0884,1.0892,252353.9,1785441119999,274848.11563,631,139115.9,151512.16374,0
1785441120000,1.0892,1.0892,1.0889,1.0890,128995.3,1785441179999,140476.11685,346,45936.1,50027.87102,0
1785441180000,1.0891,1.0894,1.0889,1.0889,90793.9,1785441239999,98887.63251,352,46855.2,51032.27155,0
1785441240000,1.0889,1.0895,1.0889,1.0894,85800.9,1785441299999,93463.07482,2374,76325.8,83141.68863,0
1785441300000,1.0894,1.0895,1.0892,1.0894,154352.9,1785441359999,168146.26598,1380,55773.3,60757.85219,0
1785441360000,1.0894,1.0901,1.0894,1.0898,920265.9,1785441419999,1002868.31171,1404,577834.1,629679.59852,0
1785441420000,1.0898,1.0898,1.0891,1.0891,202577.7,1785441479999,220661.32536,665,106447.4,115943.39099,0
1785441480000,1.0891,1.0905,1.0891,1.0893,730382.1,1785441539999,796132.20661,1364,434351.2,473404.18405,0
1785441540000,1.0893,1.0904,1.0893,1.0895,873991.8,1785441599999,952597.04108,1351,302586.5,329781.24190,0
1785441600000,1.0894,1.0895,1.0886,1.0887,338259.9,1785441659999,368428.13661,744,115864.9,126198.16476,0
1785441660000,1.0888,1.0913,1.0888,1.0908,1980552.2,1785441719999,2159543.43952,3371,1254051.3,1367167.21430,0
1785441720000,1.0907,1.0919,1.0907,1.0914,576845.9,1785441779999,629612.47459,1414,428406.6,467625.23596,0
1785441780000,1.0915,1.0918,1.0911,1.0913,98579.6,1785441839999,107601.10440,508,35497.7,38748.11542,0
1785441840000,1.0914,1.0914,1.0906,1.0908,236392.6,1785441899999,257908.83522,813,74320.5,81084.12210,0
1785441900000,1.0908,1.0912,1.0904,1.0908,206567.4,1785441959999,225302.25459,594,36647.9,39977.70435,0
1785441960000,1.0908,1.0908,1.0897,1.0897,213257.7,1785442019999,232529.82906,555,74001.2,80680.31423,0
1785442020000,1.0897,1.0902,1.0895,1.0896,253058.4,1785442079999,275782.47952,669,122103.5,133066.48889,0
1785442080000,1.0897,1.0901,1.0896,1.0897,83913.6,1785442139999,91458.21752,469,58584.5,63852.29890,0
1785442140000,1.0898,1.0898,1.0891,1.0891,50353.4,1785442199999,54853.50221,307,1096.6,1194.63033,0
1785442200000,1.0891,1.0891,1.0883,1.0888,152015.8,1785442259999,165488.67878,789,61715.5,67187.04915,0
1785442260000,1.0887,1.0888,1.0881,1.0881,78822.1,1785442319999,85780.82140,287,1384.1,1506.32840,0
1785442320000,1.0882,1.0888,1.0878,1.0888,321754.7,1785442379999,350092.85428,759,253773.9,276128.73823,0
1785442380000,1.0887,1.0888,1.0881,1.0881,43810.3,1785442439999,47692.23525,246,15872.1,17281.30358,0
1785442440000,1.0881,1.0881,1.0878,1.0879,65072.5,1785442499999,70795.01127,201,2295.4,2497.22456,0
1785442500000,1.0878,1.0880,1.0874,1.0879,166812.9,1785442559999,181418.07207,498,90548.7,98478.50389,0
1785442560000,1.0880,1.0880,1.0876,1.0876,34893.7,1785442619999,37959.97944,198,3014.4,3279.50154,0
1785442620000,1.0877,1.0877,1.0872,1.0872,66018.1,1785442679999,71787.87733,295,13823.0,15030.02015,0
1785442680000,1.0872,1.0873,1.0866,1.0869,319755.9,1785442739999,347493.97498,618,186225.6,202374.19085,0
1785442740000,1.0869,1.0872,1.0869,1.0869,405211.0,1785442799999,440469.13710,354,370928.2,403201.82403,0
1785442800000,1.0869,1.0874,1.0869,1.0872,124395.0,1785442859999,135232.99030,499,91741.5,99732.29780,0
1785442860000,1.0872,1.0872,1.0870,1.0870,25169.8,1785442919999,27361.75654,147,10274.9,11170.43020,0
1785442920000,1.0871,1.0877,1.0870,1.0876,31599.1,1785442979999,34356.81400,345,29503.2,32077.94701,0
1785442980000,1.0877,1.0877,1.0871,1.0873,36255.5,1785443039999,39423.32920,268,17876.5,19436.61059,0
1785443040000,1.0873,1.0874,1.0870,1.0870,22696.8,1785443099999,24676.82810,220,11702.4,12724.27680,0
1785443100000,1.0870,1.0871,1.0864,1.0864,58878.7,1785443159999,63985.72038,261,8989.4,9769.28620,0
1785443160000,1.0865,1.0866,1.0864,1.0865,28296.8,1785443219999,30744.52805,249,21825.1,23713.18286,0
1785443220000,1.0866,1.0866,1.0864,1.0864,75609.0,1785443279999,82151.26849,229,26705.6,29018.17817,0
1785443280000,1.0864,1.0865,1.0861,1.0861,57151.3,1785443339999,62081.67556,174,1214.8,1319.55999,0
1785443340000,1.0862,1.0863,1.0856,1.0858,167017.1,1785443399999,181375.34291,474,42449.1,46107.31293,0
1785443400000,1.0858,1.0868,1.0846,1.0855,2463123.2,1785443459999,2674165.31289,2969,1584045.7,1719756.12361,0
1785443460000,1.0855,1.0855,1.0847,1.0850,570808.7,1785443519999,619291.10375,808,349238.2,378883.44801,0
1785443520000,1.0849,1.0852,1.0848,1.0850,175937.2,1785443579999,190889.40762,504,89426.1,97031.65606,0
1785443580000,1.0849,1.0852,1.0848,1.0850,230159.9,1785443639999,249715.14889,508,127044.8,137838.97874,0
1785443640000,1.0850,1.0851,1.0850,1.0851,26669.0,1785443699999,28936.49970,120,6347.0,6887.12970,0
1785443700000,1.0850,1.0851,1.0848,1.0850,28892.6,1785443759999,31346.58667,251,13462.1,14605.71421,0
1785443760000,1.0850,1.0850,1.0849,1.0850,18027.9,1785443819999,19559.00032,168,5316.1,5767.96850,0
1785443820000,1.0849,1.0851,1.0849,1.0850,51534.7,1785443879999,55914.91325,266,26890.7,29176.62202,0
1785443880000,1.0850,1.0858,1.0850,1.0858,100922.8,1785443939999,109538.65152,418,96760.1,105021.36531,0
1785443940000,1.0857,1.0858,1.0855,1.0857,61508.1,1785443999999,66777.79686,206,30958.8,33610.94664,0
1785444000000,1.0857,1.0863,1.0855,1.0861,227136.3,1785444059999,246633.30625,664,162987.2,176974.53796,0
1785444060000,1.0862,1.0865,1.0858,1.0865,189037.8,1785444119999,205298.27473,461,131934.3,143282.40244,0
1785444120000,1.0866,1.0871,1.0866,1.0866,46344.8,1785444179999,50367.16015,335,27898.1,30319.05383,0
1785444180000,1.0867,1.0867,1.0861,1.0862,60992.7,1785444239999,66262.23059,223,24195.4,26286.80239,0
1785444240000,1.0862,1.0865,1.0861,1.0865,54517.7,1785444299999,59217.21950,346,42325.1,45974.45380,0
1785444300000,1.0865,1.0865,1.0859,1.0861,105147.4,1785444359999,114202.68276,264,41816.4,45417.36998,0
1785444360000,1.0860,1.0861,1.0860,1.0861,5750.2,1785444419999,6245.14470,75,4275.0,4643.07750,0
1785444420000,1.0861,1.0861,1.0859,1.0861,28089.1,1785444479999,30504.46527,185,7292.1,7919.38480,0
1785444480000,1.0861,1.0869,1.0861,1.0867,75063.9,1785444539999,81553.98189,426,52377.5,56902.49659,0
1785444540000,1.0868,1.0869,1.0863,1.0864,78969.8,1785444599999,85818.85071,498,48696.7,52924.54798,0
1785444600000,1.0865,1.0865,1.0860,1.0860,34060.0,1785444659999,36996.65148,183,1280.6,1391.29192,0
1785444660000,1.0861,1.0863,1.0861,1.0862,37005.4,1785444719999,40195.88472,258,21575.4,23435.81872,0
1785444720000,1.0862,1.0863,1.0859,1.0859,26521.5,1785444779999,28805.46231,174,691.8,751.45272,0
1785444780000,1.0860,1.0860,1.0859,1.0859,7628.8,1785444839999,8284.22342,102,1095.0,1189.17000,0
1785444840000,1.0860,1.0860,1.0855,1.0855,66177.1,1785444899999,71853.13943,240,2698.9,2930.50724,0
1785444900000,1.0856,1.0858,1.0855,1.0858,12764.5,1785444959999,13857.49733,168,11437.9,12417.34373,0
1785444960000,1.0858,1.0858,1.0852,1.0853,50967.0,1785445019999,55321.64876,225,2584.0,2804.58941,0
1785445020000,1.0853,1.0853,1.0851,1.0853,278153.5,1785445079999,301852.29851,372,114768.7,124547.11866,0
1785445080000,1.0853,1.0853,1.0852,1.0852,11366.4,1785445139999,12334.92041,69,1031.3,1119.26989,0
1785445140000,1.0853,1.0853,1.0850,1.0851,138407.6,1785445199999,150186.18799,235,6298.1,6834.12743,0
1785445200000,1.0851,1.0853,1.0850,1.0853,227690.3,1785445259999,247094.19386,439,95314.4,103430.03276,0
1785445260000,1.0853,1.0857,1.0852,1.0857,82728.1,1785445319999,89794.79822,387,82026.4,89033.19244,0
1785445320000,1.0857,1.0866,1.0856,1.0865,206815.4,1785445379999,224620.94606,740,198938.8,216067.57863,0
1785445380000,1.0866,1.0867,1.0856,1.0856,149870.5,1785445439999,162814.93838,434,3897.8,4234.23027,0
1785445440000,1.0857,1.0857,1.0850,1.0851,56635.6,1785445499999,61477.13483,216,1634.1,1773.85062,0
1785445500000,1.0851,1.0851,1.0850,1.0851,51977.2,1785445559999,56396.63954,136,13775.4,14947.68654,0
1785445560000,1.0851,1.0852,1.0850,1.0850,80402.2,1785445619999,87240.22800,226,17700.6,19206.95721,0
1785445620000,1.0850,1.0853,1.0850,1.0853,65101.5,1785445679999,70642.89073,326,35088.0,38076.38635,0
1785445680000,1.0854,1.0856,1.0853,1.0854,56476.9,1785445739999,61301.00743,278,27173.0,29494.43788,0
1785445740000,1.0854,1.0855,1.0852,1.0854,89862.9,1785445799999,97527.98019,216,50766.6,55096.05028,0
1785445800000,1.0855,1.0856,1.0854,1.0855,35072.6,1785445859999,38070.73553,182,28910.5,31382.35345,0
1785445860000,1.0856,1.0856,1.0852,1.0856,372783.6,1785445919999,404591.60984,367,39942.5,43355.87509,0
1785445920000,1.0855,1.0856,1.0855,1.0855,6620.5,1785445979999,7187.13887,45,5861.2,6362.91872,0
1785445980000,1.0856,1.0859,1.0855,1.0856,290298.2,1785446039999,315187.83164,475,74020.0,80358.46860,0
1785446040000,1.0856,1.0858,1.0854,1.0857,54172.1,1785446099999,58814.17547,291,43028.8,46717.08137,0
1785446100000,1.0857,1.0857,1.0856,1.0856,17073.3,1785446159999,18536.12424,51,13497.6,14654.34432,0
1785446160000,1.0857,1.0857,1.0854,1.0854,76819.4,1785446219999,83389.15043,180,4018.5,4362.16289,0
1785446220000,1.0853,1.0854,1.0851,1.0853,57494.1,1785446279999,62392.39218,329,40317.9,43753.09233,0
1785446280000,1.0853,1.0856,1.0852,1.0856,21168.6,1785446339999,22977.36040,160,17847.3,19372.09237,0
1785446340000,1.0855,1.0856,1.0853,1.0855,32223.4,1785446399999,34977.04126,144,11255.0,12216.18470,0
1785446400000,1.0855,1.0856,1.0853,1.0854,21459.4,1785446459999,23293.39581,112,7904.8,8580.51478,0
1785446460000,1.0854,1.0856,1.0853,1.0856,39299.4,1785446519999,42659.80046,229,13981.5,15177.40132,0
1785446520000,1.0856,1.0857,1.0854,1.0855,40273.5,1785446579999,43719.29562,328,28849.4,31318.33387,0
1785446580000,1.0855,1.0856,1.0854,1.0854,15450.3,1785446639999,16771.76485,111,5237.2,5685.44785,0
1785446640000,1.0854,1.0854,1.0848,1.0848,203422.8,1785446699999,220756.37593,258,8003.0,8683.92712,0
1785446700000,1.0848,1.0850,1.0848,1.0850,64501.9,1785446759999,69978.09464,240,29977.6,32523.57271,0
1785446760000,1.0850,1.0857,1.0849,1.0856,58847.9,1785446819999,63872.62464,382,45260.6,49122.59329,0
1785446820000,1.0856,1.0856,1.0850,1.0851,101611.8,1785446879999,110292.17301,249,6503.1,7059.08434,0
1785446880000,1.0850,1.0850,1.0848,1.0849,26941.6,1785446939999,29229.43715,97,3302.3,3582.66527,0
1785446940000,1.0848,1.0852,1.0847,1.0852,143866.9,1785446999999,156080.47375,387,112290.1,121823.61014,0
1785447000000,1.0851,1.0854,1.0850,1.0850,269401.1,1785447059999,292367.95497,483,82762.1,89814.72362,0
1785447060000,1.0851,1.0851,1.0848,1.0849,20594.8,1785447119999,22343.96293,102,5991.0,6500.31083,0
1785447120000,1.0848,1.0850,1.0848,1.0850,26890.9,1785447179999,29174.31283,176,24878.2,26990.73884,0
1785447180000,1.0850,1.0850,1.0849,1.0849,9877.6,1785447239999,10716.63227,100,4240.3,4600.72550,0
1785447240000,1.0850,1.0850,1.0849,1.0850,8754.6,1785447299999,9498.32473,67,4591.9,4982.21150,0
1785447300000,1.0849,1.0850,1.0849,1.0850,13857.4,1785447359999,15034.22924,134,3359.8,3645.38300,0
1785447360000,1.0849,1.0850,1.0849,1.0850,26570.9,1785447419999,28828.48118,151,17117.7,18572.70450,0
1785447420000,1.0850,1.0850,1.0847,1.0848,77589.7,1785447479999,84174.65225,201,14943.2,16211.82964,0
1785447480000,1.0848,1.0850,1.0848,1.0850,86727.1,1785447539999,94085.01645,245,84358.0,91514.77986,0
1785447540000,1.0850,1.0852,1.0849,1.0852,103892.1,1785447599999,112729.11920,417,98714.9,107112.03484,0
1785447600000,1.0853,1.0856,1.0853,1.0856,54825.2,1785447659999,59507.54368,299,53684.2,58268.99332,0
1785447660000,1.0856,1.0856,1.0852,1.0852,100201.4,1785447719999,108756.44504,270,37343.0,40534.61046,0
1785447720000,1.0853,1.0853,1.0848,1.0848,44887.1,1785447779999,48706.67065,156,30522.3,33120.48293,0
1785447780000,1.0849,1.0849,1.0844,1.0845,153214.1,1785447839999,166179.87299,403,45660.9,49525.93462,0
1785447840000,1.0845,1.0846,1.0840,1.0846,285925.6,1785447899999,309994.01085,802,130996.8,142029.02783,0
1785447900000,1.0846,1.0846,1.0840,1.0843,150881.8,1785447959999,163619.82719,336,25172.5,27290.87809,0
1785447960000,1.0843,1.0844,1.0838,1.0838,96734.9,1785448019999,104862.36593,331,24923.7,27021.63510,0
1785448020000,1.0838,1.0840,1.0838,1.0840,73353.2,1785448079999,79507.12287,155,54539.6,59115.89953,0
1785448080000,1.0840,1.0840,1.0839,1.0840,18699.5,1785448139999,20269.47635,233,10883.0,11797.17200,0
1785448140000,1.0840,1.0840,1.0839,1.0840,30338.7,1785448199999,32886.42317,127,23062.4,24999.64160,0
1785448200000,1.0839,1.0840,1.0839,1.0840,44792.0,1785448259999,48552.83222,255,27834.2,30172.27280,0
1785448260000,1.0840,1.0840,1.0838,1.0840,52623.9,1785448319999,57040.23948,245,17576.3,19052.44229,0
1785448320000,1.0840,1.0841,1.0838,1.0839,65498.7,1785448379999,71000.05640,264,16749.4,18157.30200,0
1785448380000,1.0839,1.0840,1.0838,1.0840,66710.5,1785448439999,72305.14074,222,21364.4,23158.17915,0
1785448440000,1.0840,1.0843,1.0839,1.0843,50249.7,1785448499999,54476.82090,215,38446.0,41680.11346,0
1785448500000,1.0843,1.0845,1.0842,1.0844,35367.2,1785448559999,38349.84951,192,20976.4,22745.14567,0
1785448560000,1.0845,1.0845,1.0836,1.0837,135231.3,1785448619999,146585.60683,390,3505.4,3801.18823,0
1785448620000,1.0836,1.0848,1.0836,1.0845,183205.1,1785448679999,198653.51944,647,122860.0,133207.65722,0
1785448680000,1.0845,1.0845,1.0844,1.0845,7630.0,1785448739999,8274.35642,52,3844.2,4169.03490,0
1785448740000,1.0845,1.0845,1.0840,1.0841,50073.0,1785448799999,54296.05286,194,1256.2,1362.22332,0
1785448800000,1.0840,1.0842,1.0831,1.0841,507480.4,1785448859999,549944.90576,1152,202945.9,219930.74587,0
1785448860000,1.0842,1.0849,1.0842,1.0848,225883.2,1785448919999,244970.29708,565,94221.3,102183.82644,0
1785448920000,1.0849,1.0851,1.0844,1.0849,325298.6,1785448979999,352876.94493,754,192704.4,209033.52465,0
1785448980000,1.0849,1.0862,1.0848,1.0862,417790.6,1785449039999,453605.01837,943,285857.5,310336.93208,0
1785449040000,1.0861,1.0861,1.0857,1.0859,66200.5,1785449099999,71892.27855,278,16388.1,17795.74630,0
1785449100000,1.0860,1.0862,1.0855,1.0859,90230.3,1785449159999,97975.79113,426,48547.3,52711.73805,0
1785449160000,1.0859,1.0864,1.0857,1.0864,129261.8,1785449219999,140401.42799,366,117171.5,127273.14671,0
1785449220000,1.0864,1.0867,1.0862,1.0865,322941.4,1785449279999,350862.24982,549,197616.6,214701.69686,0
1785449280000,1.0866,1.0875,1.0866,1.0873,308663.3,1785449339999,335540.86257,738,211907.3,230355.07884,0
1785449340000,1.0873,1.0876,1.0868,1.0874,326668.5,1785449399999,355147.29702,644,166691.9,181232.36987,0
1785449400000,1.0873,1.0877,1.0872,1.0876,125250.9,1785449459999,136188.52438,260,37686.8,40984.53653,0
1785449460000,1.0877,1.0877,1.0873,1.0875,78974.6,1785449519999,85880.79934,269,59256.0,64437.26552,0
1785449520000,1.0875,1.0875,1.0865,1.0866,211229.4,1785449579999,229600.31287,423,30612.9,33267.04295,0
1785449580000,1.0866,1.0866,1.0862,1.0862,138259.6,1785449639999,150201.08687,270,12042.7,13082.30785,0
1785449640000,1.0863,1.0867,1.0862,1.0867,28852.8,1785449699999,31347.87660,172,28653.3,31131.12875,0
1785449700000,1.0867,1.0869,1.0867,1.0869,33647.3,1785449759999,36569.05706,162,30585.3,33241.29742,0
1785449760000,1.0869,1.0870,1.0869,1.0869,12143.2,1785449819999,13199.10062,128,10845.0,11788.08704,0
1785449820000,1.0870,1.0870,1.0868,1.0868,20096.4,1785449879999,21842.78696,108,1280.9,1392.23729,0
1785449880000,1.0869,1.0869,1.0861,1.0862,141974.6,1785449939999,154252.98607,278,24016.3,26088.87096,0
1785449940000,1.0861,1.0863,1.0861,1.0862,32279.6,1785449999999,35060.33937,129,12866.8,13976.02510,0
1785450000000,1.0863,1.0864,1.0861,1.0862,47920.9,1785450059999,52055.95843,194,16982.7,18448.91256,0
1785450060000,1.0862,1.0863,1.0861,1.0862,21778.8,1785450119999,23655.60994,242,13147.6,14280.98120,0
1785450120000,1.0862,1.0868,1.0862,1.0867,84717.0,1785450179999,92032.88790,334,69591.4,75603.44048,0
1785450180000,1.0868,1.0872,1.0865,1.0866,93003.0,1785450239999,101085.66219,329,17250.8,18749.88410,0
1785450240000,1.0865,1.0869,1.0865,1.0866,72986.9,1785450299999,79315.51053,209,37550.8,40805.70884,0
1785450300000,1.0865,1.0875,1.0865,1.0870,539621.7,1785450359999,586561.88547,711,239599.8,260458.01852,0
1785450360000,1.0871,1.0878,1.0870,1.0877,353429.9,1785450419999,384247.91670,528,284271.4,309066.39347,0
1785450420000,1.0878,1.0884,1.0876,1.0881,264990.4,1785450479999,288330.32915,668,194134.6,211243.05698,0
1785450480000,1.0881,1.0887,1.0880,1.0883,466137.8,1785450539999,507282.63529,692,234495.0,255214.25560,0
1785450540000,1.0883,1.0885,1.0879,1.0881,493790.7,1785450599999,537320.19371,626,435108.6,473467.77407,0
1785450600000,1.0882,1.0885,1.0881,1.0883,138546.1,1785450659999,150790.49068,339,134355.4,146229.82193,0
1785450660000,1.0883,1.0883,1.0873,1.0877,237054.5,1785450719999,257826.03062,662,77572.9,84362.77303,0
1785450720000,1.0876,1.0877,1.0874,1.0876,52661.5,1785450779999,57271.38752,240,17149.9,18650.86112,0
1785450780000,1.0876,1.0879,1.0876,1.0876,163054.1,1785450839999,177365.36845,420,56700.3,61675.52525,0
1785450840000,1.0876,1.0880,1.0874,1.0875,89842.5,1785450899999,97717.94810,406,42488.6,46217.31810,0
1785450900000,1.0876,1.0877,1.0873,1.0874,41239.0,1785450959999,44848.31386,272,24765.4,26933.39243,0
1785450960000,1.0875,1.0875,1.0873,1.0873,23746.7,1785451019999,25821.92993,123,1224.2,1331.24091,0
1785451020000,1.0874,1.0878,1.0873,1.0876,58075.5,1785451079999,63156.90630,267,46937.9,51043.33806,0
1785451080000,1.0877,1.0877,1.0871,1.0871,73671.5,1785451139999,80106.73000,270,1020.8,1110.04649,0
1785451140000,1.0871,1.0872,1.0867,1.0870,42719.3,1785451199999,46432.98493,360,14688.3,15965.71555,0
1785451200000,1.0870,1.0870,1.0863,1.0865,90916.4,1785451259999,98789.54318,375,14178.2,15405.16427,0
1785451260000,1.0866,1.0868,1.0865,1.0866,54865.4,1785451319999,59619.64708,212,17782.0,19323.02267,0
1785451320000,1.0867,1.0867,1.0863,1.0865,44770.9,1785451379999,48643.49282,233,3349.3,3639.47074,0
1785451380000,1.0865,1.0868,1.0864,1.0867,43612.8,1785451439999,47390.99678,214,31949.9,34716.95668,0
1785451440000,1.0867,1.0870,1.0867,1.0869,5907.9,1785451499999,6421.21048,103,4481.1,4870.42292,0
1785451500000,1.0869,1.0872,1.0869,1.0870,73690.1,1785451559999,80105.40937,280,48009.1,52187.83808,0
1785451560000,1.0870,1.0870,1.0867,1.0868,53255.7,1785451619999,57876.69423,205,2242.7,2437.36636,0
1785451620000,1.0868,1.0868,1.0865,1.0865,27790.1,1785451679999,30198.10987,185,4117.9,4475.28814,0
1785451680000,1.0865,1.0866,1.0861,1.0862,70606.3,1785451739999,76705.91579,225,18067.6,19626.73879,0
1785451740000,1.0863,1.0863,1.0862,1.0862,39369.6,1785451799999,42763.47432,107,2148.0,2333.37240,0
1785451800000,1.0863,1.0864,1.0863,1.0863,26876.7,1785451859999,29196.46276,232,23655.8,25697.59909,0
1785451860000,1.0863,1.0863,1.0857,1.0857,117676.8,1785451919999,127803.46279,309,3807.4,4135.31044,0
1785451920000,1.0857,1.0860,1.0855,1.0858,125403.8,1785451979999,136159.25538,429,75654.6,82142.05524,0
1785451980000,1.0857,1.0860,1.0857,1.0860,70614.8,1785452039999,76685.16822,254,69472.8,75445.02110,0
1785452040000,1.0861,1.0861,1.0858,1.0859,81184.7,1785452099999,88160.96948,164,5460.8,5930.17964,0
1785452100000,1.0858,1.0859,1.0857,1.0858,11324.9,1785452159999,12296.57051,86,6537.4,7098.36481,0
1785452160000,1.0857,1.0858,1.0856,1.0857,23438.4,1785452219999,25447.13255,123,12103.7,13141.06480,0
1785452220000,1.0857,1.0857,1.0853,1.0857,110071.0,1785452279999,119482.02547,416,50645.5,54976.54566,0
1785452280000,1.0857,1.0857,1.0854,1.0854,23378.6,1785452339999,25378.42980,118,2712.8,2945.19035,0
1785452340000,1.0854,1.0856,1.0854,1.0855,25612.0,1785452399999,27801.52702,146,12746.9,13836.79041,0
1785452400000,1.0855,1.0855,1.0851,1.0854,129407.6,1785452459999,140449.33702,463,36005.0,39077.40448,0
1785452460000,1.0853,1.0858,1.0853,1.0858,67699.1,1785452519999,73488.34372,308,66685.8,72388.50082,0
1785452520000,1.0857,1.0858,1.0853,1.0853,93049.8,1785452579999,101015.55893,291,32452.0,35232.84534,0
1785452580000,1.0853,1.0858,1.0853,1.0858,72247.0,1785452639999,78429.44065,446,58607.5,63623.01113,0
1785452640000,1.0859,1.0860,1.0855,1.0860,112667.0,1785452699999,122328.39053,372,94855.8,102989.81861,0
1785452700000,1.0859,1.0867,1.0859,1.0864,295441.7,1785452759999,320919.40203,599,268201.5,291328.59822,0
1785452760000,1.0864,1.0870,1.0864,1.0868,79416.8,1785452819999,86314.85229,351,45234.7,49164.97339,0
1785452820000,1.0868,1.0875,1.0867,1.0875,93120.2,1785452879999,101242.59583,410,92079.2,100111.18806,0
1785452880000,1.0875,1.0875,1.0872,1.0872,99295.8,1785452939999,107974.71252,280,41434.4,45059.47722,0
1785452940000,1.0873,1.0874,1.0870,1.0872,87106.0,1785452999999,94702.24560,436,41680.7,45315.92561,0
1785453000000,1.0872,1.0873,1.0869,1.0872,72383.6,1785453059999,78686.28073,320,25471.2,27688.10868,0
1785453060000,1.0873,1.0878,1.0873,1.0877,49666.4,1785453119999,54013.42434,272,47528.0,51687.73088,0
1785453120000,1.0877,1.0882,1.0877,1.0880,413112.4,1785453179999,449455.56386,542,244929.1,266488.95312,0
1785453180000,1.0880,1.0883,1.0878,1.0880,326400.0,1785453239999,355125.43582,498,209010.7,227403.67119,0
1785453240000,1.0881,1.0883,1.0881,1.0882,24166.8,1785453299999,26298.13233,154,16185.1,17612.45398,0
1785453300000,1.0883,1.0883,1.0881,1.0882,86064.0,1785453359999,93656.33841,265,30969.2,33702.78288,0
1785453360000,1.0882,1.0882,1.0879,1.0879,158685.3,1785453419999,172655.13096,313,47029.4,51172.77845,0
1785453420000,1.0880,1.0880,1.0876,1.0879,210688.1,1785453479999,229192.59727,334,83786.5,91145.12870,0
1785453480000,1.0880,1.0880,1.0877,1.0877,60779.7,1785453539999,66118.26189,254,4879.8,5308.55717,0
1785453540000,1.0876,1.0877,1.0870,1.0870,119087.1,1785453599999,129501.75677,355,8128.9,8840.87409,0
1785453600000,1.0870,1.0870,1.0865,1.0866,64099.1,1785453659999,69658.71727,228,26103.3,28364.87243,0
1785453660000,1.0867,1.0867,1.0862,1.0862,75976.2,1785453719999,82549.04796,263,2741.7,2979.33176,0
1785453720000,1.0862,1.0865,1.0861,1.0864,97089.4,1785453779999,105462.26343,244,41668.0,45265.33795,0
1785453780000,1.0865,1.0865,1.0859,1.0859,64404.9,1785453839999,69946.80026,297,6467.4,7024.25974,0
1785453840000,1.0860,1.0862,1.0860,1.0861,56682.9,1785453899999,61562.65749,279,43689.2,47450.19992,0
1785453900000,1.0861,1.0867,1.0861,1.0864,65301.9,1785453959999,70945.28051,353,49538.0,53818.22646,0
1785453960000,1.0863,1.0863,1.0859,1.0859,35463.9,1785454019999,38516.37868,238,9210.7,10003.13717,0
1785454020000,1.0859,1.0860,1.0858,1.0858,20128.3,1785454079999,21857.41154,149,959.3,1041.79713,0
1785454080000,1.0858,1.0859,1.0855,1.0855,73667.1,1785454139999,79981.42511,207,2254.9,2448.38950,0
1785454140000,1.0856,1.0856,1.0852,1.0854,357343.2,1785454199999,387854.47670,475,222467.0,241461.67043,0
1785454200000,1.0855,1.0855,1.0854,1.0854,22415.0,1785454259999,24329.91886,101,6778.6,7358.17030,0
1785454260000,1.0855,1.0859,1.0855,1.0856,89554.7,1785454319999,97224.98545,383,56757.9,61615.84731,0
1785454320000,1.0857,1.0869,1.0856,1.0868,160894.1,1785454379999,174742.15084,700,131232.2,142527.70651,0
1785454380000,1.0869,1.0874,1.0867,1.0874,138443.2,1785454439999,150506.72379,446,114289.1,124248.14254,0
1785454440000,1.0875,1.0880,1.0872,1.0878,208731.9,1785454499999,227029.04938,528,160041.8,174069.34528,0
1785454500000,1.0878,1.0885,1.0877,1.0884,239040.7,1785454559999,260132.50484,708,166625.8,181328.54668,0
1785454560000,1.0884,1.0894,1.0884,1.0893,762107.4,1785454619999,829966.43449,1111,601695.3,655262.08696,0
1785454620000,1.0892,1.0892,1.0884,1.0890,483925.0,1785454679999,526861.70726,621,249697.0,271853.27523,0
1785454680000,1.0890,1.0891,1.0889,1.0890,121420.1,1785454739999,132222.28685,155,66459.7,72374.62404,0
1785454740000,1.0890,1.0891,1.0890,1.0891,8583.0,1785454799999,9347.44111,55,5541.1,6034.81201,0
1785454800000,1.0890,1.0891,1.0873,1.0873,1445466.8,1785454859999,1573679.72137,1162,198932.1,216582.07310,0
1785454860000,1.0873,1.0874,1.0867,1.0868,161787.8,1785454919999,175896.93426,537,71162.0,77373.07766,0
1785454920000,1.0868,1.0868,1.0856,1.0859,384702.5,1785454979999,417840.63474,793,102745.0,111591.49791,0
1785454980000,1.0858,1.0859,1.0849,1.0854,768022.1,1785455039999,833702.49304,918,225650.7,244923.35746,0
1785455040000,1.0854,1.0855,1.0844,1.0846,1454350.0,1785455099999,1577711.20998,1011,573829.8,622507.73447,0
1785455100000,1.0846,1.0850,1.0842,1.0843,663849.0,1785455159999,719994.61958,597,278212.7,301740.75404,0
1785455160000,1.0844,1.0844,1.0839,1.0844,442240.1,1785455219999,479428.17836,511,206047.9,223362.19868,0
1785455220000,1.0844,1.0855,1.0843,1.0852,248528.7,1785455279999,269673.83898,520,141476.1,153493.91962,0
1785455280000,1.0852,1.0854,1.0850,1.0854,189918.1,1785455339999,206116.45493,384,130222.7,141336.26620,0
1785455340000,1.0854,1.0856,1.0853,1.0855,29103.3,1785455399999,31588.88302,155,28967.5,31441.48856,0
1785455400000,1.0856,1.0856,1.0835,1.0836,488605.1,1785455459999,529910.97286,940,31324.4,33967.36817,0
1785455460000,1.0836,1.0846,1.0836,1.0844,1287479.3,1785455519999,1395693.73687,878,797446.9,864456.37368,0
1785455520000,1.0843,1.0844,1.0838,1.0842,336754.5,1785455579999,365050.19447,405,216398.6,234562.39869,0
1785455580000,1.0842,1.0842,1.0837,1.0840,520622.7,1785455639999,564300.01436,575,114630.3,124240.20324,0
1785455640000,1.0839,1.0841,1.0839,1.0840,225917.0,1785455699999,244893.58906,230,110719.9,120020.44398,0
1785455700000,1.0841,1.0844,1.0841,1.0842,29996.0,1785455759999,32521.45262,181,17602.9,19084.46618,0
1785455760000,1.0842,1.0844,1.0840,1.0843,137526.0,1785455819999,149090.19178,396,37081.3,40203.05541,0
1785455820000,1.0842,1.0843,1.0840,1.0841,59073.5,1785455879999,64044.08523,186,11474.5,12439.88082,0
1785455880000,1.0841,1.0841,1.0835,1.0835,166559.0,1785455939999,180525.61834,362,21728.4,23555.74029,0
1785455940000,1.0836,1.0837,1.0818,1.0824,2753806.8,1785455999999,2980880.58049,2607,793947.7,859361.41740,0
