open_time,open,high,low,close,volume,close_time,quote_volume,count,taker_buy_volume,taker_buy_quote_volume,ignore
1752019200000,2.3097,2.3184,2.2966,2.3025,57089065.4,1752033599999,131697814.18498,194357,27393516.4,63198218.87167,0
1752033600000,2.3025,2.3368,2.3009,2.3307,84901895.2,1752047999999,197303664.75587,232097,44566208.0,103553925.51036,0
1752048000000,2.3308,2.3887,2.3292,2.3806,190488850.0,1752062399999,449367038.34581,390813,102305558.1,241355746.34525,0
1752062400000,2.3807,2.4052,2.3508,2.3811,263387650.9,1752076799999,626660976.83027,547562,134855425.3,320895610.30789,0
1752076800000,2.3812,2.4282,2.3739,2.4201,171860932.7,1752091199999,411792232.95312,361943,86403277.3,207075204.17318,0
1752091200000,2.4201,2.4214,2.3836,2.4033,129307071.4,1752105599999,310866608.38020,336564,64102756.8,154120597.03968,0
