open_time,open,high,low,close,volume,close_time,quote_volume,count,taker_buy_volume,taker_buy_quote_volume,ignore
1672963200000,0.3377,0.3407,0.3354,0.3390,182501372.4,1672977599999,61713054.88398,63887,91078798.6,30802535.96870,0
1672977600000,0.3390,0.3390,0.3309,0.3349,348457233.9,1672991999999,116599998.96486,101097,170069115.3,56916672.06003,0
1672992000000,0.3349,0.3367,0.3337,0.3344,184392747.2,1673006399999,61799180.94464,58590,95144205.6,31889350.13483,0
1673006400000,0.3344,0.3381,0.3330,0.3378,333517417.3,1673020799999,111995177.48118,104694,168958075.8,56742605.13332,0
1673020800000,0.3379,0.3424,0.3360,0.3417,199257434.1,1673035199999,67527327.29114,73378,105213252.6,35656825.73822,0
1673035200000,0.3417,0.3459,0.3401,0.3440,183480616.2,1673049599999,62878736.77554,73185,90689059.0,31085241.16624,0
