open_time,open,high,low,close,volume,close_time,quote_volume,count,taker_buy_volume,taker_buy_quote_volume,ignore
1741219200000,2.4986,2.5472,2.4684,2.5123,141671689.2,1741233599999,355001387.50971,426463,70410966.5,176514010.84103,0
1741233600000,2.5123,2.5537,2.4986,2.5109,106301204.4,1741247999999,268039242.78962,318366,52574747.8,132584416.12771,0
1741248000000,2.5110,2.6444,2.5085,2.6097,270910054.5,1741262399999,701217835.95300,776316,135418256.3,350534118.98987,0
1741262400000,2.6097,2.6393,2.5443,2.6207,277047442.0,1741276799999,717789741.41437,870218,134845199.6,349410371.67999,0
1741276800000,2.6206,2.6385,2.5261,2.5829,235331751.8,1741291199999,606558633.56438,680332,113534328.0,292734072.97700,0
1741291200000,2.5830,2.6247,2.5727,2.5981,111156373.5,1741305599999,288847613.11408,397911,51971872.5,135075306.40542,0
