open_time,open,high,low,close,volume,close_time,quote_volume,count,taker_buy_volume,taker_buy_quote_volume,ignore
1721260800000,0.6256,0.6366,0.6006,0.6069,482231856.6,1721275199999,296979922.18793,486848,228494305.2,140712449.22795,0
1721275200000,0.6069,0.6126,0.5774,0.5797,643104837.5,1721289599999,379298515.56870,545125,305687076.7,180231145.83814,0
1721289600000,0.5798,0.5855,0.5666,0.5785,471567331.6,1721303999999,271368512.62106,404293,239126233.3,137655316.67293,0
1721304000000,0.5786,0.5875,0.5611,0.5626,466019251.4,1721318399999,267831080.62491,379685,218412412.5,125636523.17153,0
1721318400000,0.5627,0.5717,0.5568,0.5692,223913556.7,1721332799999,126777561.95159,213685,113040414.7,64030085.42651,0
1721332800000,0.5692,0.5724,0.5640,0.5693,123157839.2,1721347199999,70029901.94243,123181,63593799.8,36163769.76644,0
