open_time,open,high,low,close,volume,close_time,quote_volume,count,taker_buy_volume,taker_buy_quote_volume,ignore
1724716800000,0.5871,0.5948,0.5864,0.5926,75152604.9,1724731199999,44396972.58863,109075,37557257.9,22190666.07348,0
1724731200000,0.5926,0.5941,0.5860,0.5908,71165244.3,1724745599999,42049006.98506,115844,32335239.2,19103455.32094,0
1724745600000,0.5907,0.5920,0.5832,0.5871,93161485.1,1724759999999,54684819.67990,112564,45183850.9,26522333.27454,0
1724760000000,0.5870,0.5989,0.5849,0.5937,189702254.6,1724774399999,112376253.15849,200801,99693509.2,59064058.70307,0
1724774400000,0.5936,0.6000,0.5915,0.5929,103670091.5,1724788799999,61812538.75295,126573,53067796.6,31645954.24055,0
1724788800000,0.5929,0.5930,0.5517,0.5662,436075058.9,1724803199999,248333584.09346,390558,195346849.5,111198291.56652,0
