open_time,open,high,low,close,volume,close_time,quote_volume,count,taker_buy_volume,taker_buy_quote_volume,ignore
1664064000000,0.4877,0.4907,0.4753,0.4853,545515699.4,1664078399999,263431497.51104,248828,270525372.4,130670773.99741,0
1664078400000,0.4854,0.4927,0.4813,0.4909,568233092.8,1664092799999,276675765.80154,235600,284160936.3,138383292.28855,0
1664092800000,0.4910,0.5036,0.4831,0.4996,738701310.1,1664107199999,362604974.78036,319362,369741879.5,181547288.69125,0
1664107200000,0.4996,0.5210,0.4849,0.5039,2463063401.9,1664121599999,1237309123.76186,916669,1233763844.9,620027944.75894,0
1664121600000,0.5039,0.5082,0.4900,0.5018,1072687327.9,1664135999999,536841376.23049,441902,535076020.8,267837984.02518,0
1664136000000,0.5019,0.5060,0.4857,0.4912,932938364.1,1664150399999,463072836.32881,402815,459650185.5,228171872.11637,0
