open_time,open,high,low,close,volume,close_time,quote_volume,count,taker_buy_volume,taker_buy_quote_volume,ignore
1739145600000,2.3909,2.4355,2.3217,2.3818,236322155.2,1739159999999,560823204.73498,749213,117440090.0,278532245.99287,0
1739160000000,2.3818,2.4190,2.3709,2.4039,105767057.7,1739174399999,253328351.71691,381421,50798034.4,121684012.10208,0
1739174400000,2.4039,2.4531,2.4004,2.4272,128543307.4,1739188799999,312349233.10941,422055,62946485.9,152944356.00519,0
1739188800000,2.4273,2.4720,2.4038,2.4204,158034130.6,1739203199999,384444057.03783,548670,77324980.0,188176653.78369,0
1739203200000,2.4205,2.4446,2.4074,2.4233,72213157.3,1739217599999,175336262.01919,328465,35422877.6,86015342.22667,0
1739217600000,2.4233,2.4414,2.4071,2.4226,49597170.7,1739231999999,120122479.81223,222696,25113887.8,60830564.89037,0
