open_time,open,high,low,close,volume,close_time,quote_volume,count,taker_buy_volume,taker_buy_quote_volume,ignore
1702425600000,0.6197,0.6198,0.6026,0.6049,229006187.8,1702439999999,139863126.02473,178958,111990858.7,68411292.21262,0
1702440000000,0.6049,0.6081,0.5929,0.6053,239615152,1702454399999,144459725.46766,183453,116228701.6,70089464.10531,0
1702454400000,0.6053,0.6094,0.6005,0.6016,132911300.5,1702468799999,80464231.10621,96326,64512857.1,39056050.48244,0
1702468800000,0.6017,0.6169,0.6013,0.6150,171009526.7,1702483199999,104257374.61161,130990,81582269.5,49724292.33665,0
1702483200000,0.6150,0.6270,0.6114,0.6257,161222360.9,1702497599999,99657942.82534,123072,77997329.2,48215972.03306,0
1702497600000,0.6256,0.6350,0.6228,0.6277,173155653,1702511999999,108754437.33578,125561,80569983.5,50606585.70246,0
