open_time,open,high,low,close,volume,close_time,quote_volume,count,taker_buy_volume,taker_buy_quote_volume,ignore
1783728000000,1.1040,1.1091,1.1011,1.1071,26262636.6,1783742399999,29022749.21792,70744,13140696.6,14521433.13279,0
1783742400000,1.1070,1.1089,1.1031,1.1072,22229666.5,1783756799999,24598363.23280,62133,10623895.5,11756311.18492,0
1783756800000,1.1071,1.1105,1.1053,1.1081,26350415.0,1783771199999,29192237.20664,61068,13231310.3,14657869.55767,0
1783771200000,1.1080,1.1179,1.1070,1.1127,49042164.1,1783785599999,54548566.21071,98523,23732878.7,26398516.92687,0
1783785600000,1.1128,1.1188,1.1105,1.1151,34771366.5,1783799999999,38749279.02549,78051,16779631.1,18701034.32479,0
1783800000000,1.1151,1.1160,1.0960,1.0963,64943912.0,1783814399999,71806462.71161,112400,31045951.6,34326557.34933,0
