open_time,open,high,low,close,volume,close_time,quote_volume,count,taker_buy_volume,taker_buy_quote_volume,ignore
1728345600000,0.5282,0.5336,0.5280,0.5321,70138522.1,1728359999999,37266499.61749,105509,34623523.6,18397047.77168,0
1728360000000,0.5320,0.5342,0.5240,0.5270,106736437.7,1728374399999,56449888.26375,106311,49553104.6,26207306.73173,0
1728374400000,0.5271,0.5314,0.5258,0.5311,56707208.2,1728388799999,30014871.72619,95020,29565044.7,15649010.69480,0
1728388800000,0.5310,0.5321,0.5206,0.5244,130055368.7,1728403199999,68557618.62678,138553,59840624.2,31548852.89539,0
1728403200000,0.5244,0.5306,0.5228,0.5299,77911180.9,1728417599999,41138513.84526,97672,39743129.3,20984230.68933,0
1728417600000,0.5298,0.5361,0.5285,0.5308,100947598.8,1728431999999,53690022.99181,81485,53122819.6,28264876.57853,0
