open_time,open,high,low,close,volume,close_time,quote_volume,count,taker_buy_volume,taker_buy_quote_volume,ignore
1669680000000,0.3884,0.3895,0.3827,0.3840,233212873.2,1669694399999,90101984.02230,111674,118031212.8,45607833.34687,0
1669694400000,0.3840,0.3948,0.3838,0.3924,244231378.5,1669708799999,95488358.89652,109039,127686933.6,49924926.82606,0
1669708800000,0.3925,0.3936,0.3899,0.3924,152072830.2,1669723199999,59583896.10833,69327,74887656.0,29342845.78044,0
1669723200000,0.3924,0.3943,0.3892,0.3911,205568361.4,1669737599999,80574701.74309,84200,100283308.8,39307593.11933,0
1669737600000,0.3910,0.3975,0.3862,0.3953,262266182.6,1669751999999,102604594.27114,113773,131875604.3,51611942.93684,0
1669752000000,0.3953,0.4039,0.3941,0.3977,306701530.7,1669766399999,122307171.30530,135899,153048640.7,61051455.67097,0
