open_time,open,high,low,close,volume,close_time,quote_volume,count,taker_buy_volume,taker_buy_quote_volume,ignore
1778025600000,1.4118,1.4238,1.4065,1.4215,54957254.6,1778039999999,77798949.57193,137362,28100564.4,39784730.35483,0
1778040000000,1.4215,1.4350,1.4133,1.4304,80812387.8,1778054399999,115042749.54310,179096,40153798.6,57171490.19342,0
1778054400000,1.4304,1.4568,1.4291,1.4504,112067203.0,1778068799999,161882862.07567,257391,57447603.9,82962870.54908,0
1778068800000,1.4504,1.4516,1.4124,1.4290,166994617.7,1778083199999,238677550.86159,311912,80793207.1,115442638.11923,0
1778083200000,1.4290,1.4338,1.4200,1.4270,48452078.8,1778097599999,69105296.82157,133398,23379047.6,33344420.00344,0
1778097600000,1.4269,1.4283,1.4151,1.4241,37097903.1,1778111999999,52787415.29505,108688,19931188.3,28366229.49573,0
