open_time,open,high,low,close,volume,close_time,quote_volume,count,taker_buy_volume,taker_buy_quote_volume,ignore
1626134400000,0.6284,0.6327,0.6243,0.6275,105162696.9,1626148799999,66116596.48387,133775,52799668.3,33199030.27990,0
1626148800000,0.6275,0.6437,0.6167,0.6372,258804402.7,1626163199999,163213830.92243,210891,127916574.4,80666312.15044,0
1626163200000,0.6372,0.6394,0.6266,0.6289,170963443.9,1626177599999,108111681.04282,161750,85219764.8,53902874.84191,0
1626177600000,0.6289,0.6289,0.6149,0.6221,271342724.8,1626191999999,168364678.08642,203501,127907511.5,79380501.42524,0
1626192000000,0.6221,0.6274,0.6103,0.6121,197766704.9,1626206399999,122699121.87578,185812,92960517.2,57708079.09345,0
1626206400000,0.6120,0.6225,0.6081,0.6192,161335659.6,1626220799999,99524017.72318,161283,79075998.8,48791618.83256,0
