open_time,open,high,low,close,volume,close_time,quote_volume,count,taker_buy_volume,taker_buy_quote_volume,ignore
1729382400000,0.5438,0.5446,0.5413,0.5428,25324042.5,1729396799999,13750775.55595,44406,11500528.7,6244778.98047,0
1729396800000,0.5428,0.5434,0.5380,0.5400,47464919.0,1729411199999,25691084.14202,50114,18344008.6,9932567.61672,0
1729411200000,0.5401,0.5419,0.5361,0.5410,78956063.8,1729425599999,42564371.79262,88357,39402085.9,21246414.06904,0
1729425600000,0.5410,0.5450,0.5369,0.5445,101795985.1,1729439999999,55134305.14496,113045,51410874.6,27849036.27121,0
1729440000000,0.5444,0.5458,0.5416,0.5424,48865282.2,1729454399999,26579717.22471,75606,22138645.3,12043866.37428,0
1729454400000,0.5424,0.5488,0.5422,0.5483,74981126.2,1729468799999,40952002.36028,85188,39548477.7,21600318.73667,0
