open_time,open,high,low,close,volume,close_time,quote_volume,count,taker_buy_volume,taker_buy_quote_volume,ignore
1777334400000,1.3999,1.4000,1.3879,1.3921,36251356.3,1777348799999,50547608.04292,88948,16440105.0,22923042.03648,0
1777348800000,1.3922,1.3966,1.3839,1.3923,42010024.8,1777363199999,58419676.30254,96059,20265518.4,28187303.42129,0
1777363200000,1.3923,1.3954,1.3781,1.3808,41443163.6,1777377599999,57433117.37511,99309,18222440.0,25261434.54352,0
1777377600000,1.3807,1.3844,1.3668,1.3744,88972386.5,1777391999999,122331189.56310,192403,47559409.7,65391211.90081,0
1777392000000,1.3744,1.3855,1.3696,1.3816,50197132.8,1777406399999,69194300.83612,114328,25215066.8,34758096.60648,0
1777406400000,1.3817,1.3843,1.3777,1.3798,27695388.7,1777420799999,38238121.39629,75916,13242413.7,18284311.80969,0
