open_time,open,high,low,close,volume,close_time,quote_volume,count,taker_buy_volume,taker_buy_quote_volume,ignore
1698364800000,0.5536,0.5590,0.5485,0.5525,224647623.4,1698379199999,124326148.08154,135082,110061592.3,60926388.81925,0
1698379200000,0.5525,0.5528,0.5452,0.5455,140224650.1,1698393599999,77053220.95394,83304,63448905.8,34869018.29852,0
1698393600000,0.5455,0.5523,0.5452,0.5493,114280122.9,1698407999999,62820702.00968,78697,57606242.5,31666279.54112,0
1698408000000,0.5493,0.5557,0.5479,0.5551,179505685.6,1698422399999,99065610.08787,111685,96042782,53016089.37320,0
1698422400000,0.5551,0.5552,0.5240,0.5451,317021205.9,1698436799999,172365560.91326,194914,139300596.4,75762116.55299,0
1698436800000,0.5452,0.5470,0.5419,0.5432,70512726.8,1698451199999,38459556.04413,53041,33505090,18275137.37269,0
