open_time,open,high,low,close,volume,close_time,quote_volume,count,taker_buy_volume,taker_buy_quote_volume,ignore
1673827200000,0.3845,0.4055,0.3840,0.4053,570435664.2,1673841599999,224056433.96891,184199,292630746.3,114964721.85476,0
1673841600000,0.4052,0.4062,0.3926,0.3933,431565135.3,1673855999999,172599239.52822,149228,210583815.1,84238239.18987,0
1673856000000,0.3934,0.3934,0.3752,0.3848,481748501.3,1673870399999,185586409.39620,168761,224416111.4,86461371.16086,0
1673870400000,0.3849,0.3870,0.3777,0.3856,378393157.9,1673884799999,145237342.74453,135373,178407556.2,68477484.89477,0
1673884800000,0.3855,0.3927,0.3848,0.3922,298538916.9,1673899199999,116124870.38258,124864,139963841.9,54455718.10860,0
1673899200000,0.3922,0.3941,0.3838,0.3854,248997766.3,1673913599999,96760567.64400,96200,117525000.9,45684987.69513,0
