open_time,open,high,low,close,volume,close_time,quote_volume,count,taker_buy_volume,taker_buy_quote_volume,ignore
1679961600000,0.4786,0.4836,0.4660,0.4730,1034544867.3,1679975999999,492701570.44138,409986,508472383.9,242254311.85777,0
1679976000000,0.4730,0.4939,0.4716,0.4832,1185316692.5,1679990399999,575390601.45754,452264,602618099.6,292619794.05008,0
1679990400000,0.4832,0.4997,0.4780,0.4969,1374282910.6,1680004799999,670637849.78926,496404,701145281.6,342243867.69626,0
1680004800000,0.4969,0.5059,0.4921,0.4976,1436950817.7,1680019199999,716749822.17967,508934,713851117.5,356148500.66578,0
1680019200000,0.4975,0.5317,0.4941,0.5199,1953047673.7,1680033599999,998933861.04792,664050,1019739707.4,521664898.45791,0
1680033600000,0.5199,0.5350,0.5118,0.5145,1164491750.3,1680047999999,608330962.71114,423859,578384022.8,302247043.82408,0
