open_time,open,high,low,close,volume,close_time,quote_volume,count,taker_buy_volume,taker_buy_quote_volume,ignore
1698624000000,0.5564,0.5577,0.5508,0.5549,81711605.1,1698638399999,45314383.43146,58144,38263974.3,21222337.99029,0
1698638400000,0.5549,0.5551,0.5494,0.5527,112402885.9,1698652799999,62076367.97001,66508,54482866.5,30091525.14228,0
1698652800000,0.5528,0.5680,0.5514,0.5632,220383418.5,1698667199999,123352939.67800,134810,116295786.1,65099942.13541,0
1698667200000,0.5632,0.5847,0.5623,0.5781,515481150.4,1698681599999,296368379.11099,316029,255612358.6,146967834.50150,0
1698681600000,0.5781,0.5843,0.5691,0.5826,305477926.6,1698695999999,176518361.07960,203651,144686402.3,83631934.43910,0
1698696000000,0.5826,0.5828,0.5757,0.5786,115517069.2,1698710399999,66904135.24277,86095,56526112.3,32738191.75690,0
