open_time,open,high,low,close,volume,close_time,quote_volume,count,taker_buy_volume,taker_buy_quote_volume,ignore
1747958400000,179.6100,185.4000,179.1700,184.9400,5125120.21,1747972799999,936571451.355390,677767,2730586.83,498964692.041450,0
1747972800000,184.9400,185.3000,180.0000,182.4800,4157625.41,1747987199999,756682771.024710,522123,2092676.63,380777173.566220,0
1747987200000,182.4800,187.6700,177.1000,177.8800,8245446.78,1748001599999,1513181521.028110,921361,4058111.05,744811488.827430,0
1748001600000,177.8700,183.7000,173.2900,180.6300,11687690.74,1748015999999,2087145475.363340,1302582,5809812.87,1037207341.018550,0
1748016000000,180.6200,182.1900,178.2700,179.0700,4266622.14,1748030399999,769526228.764440,566557,2021851.98,364807079.151200,0
1748030400000,179.0600,179.2000,173.1800,173.9200,3868650.75,1748044799999,681051633.609390,515725,1817601.39,320142760.255300,0
