open_time,open,high,low,close,volume,close_time,quote_volume,count,taker_buy_volume,taker_buy_quote_volume,ignore
1771977600000,78.9200,82.9700,78.6600,81.7200,7854345.96,1771991999999,640111329.320900,572694,4064108.62,331132247.786500,0
1771992000000,81.7100,82.4100,80.9300,82.1300,4471574.82,1772006399999,365306739.250100,328138,2362612.00,193040635.360800,0
1772006400000,82.1400,83.3800,81.8800,83.3300,3728464.32,1772020799999,307844635.767900,292690,2035559.10,168133766.168100,0
1772020800000,83.3400,86.4300,82.8500,85.9200,9124959.82,1772035199999,771887274.407800,667282,4875573.95,412354891.934900,0
1772035200000,85.9200,89.6000,85.9200,89.3900,8931033.88,1772049599999,785899347.994700,676035,4645459.19,408704868.460300,0
1772049600000,89.4000,92.0900,87.0500,88.0100,8328907.78,1772063999999,745271334.676400,671187,4179038.74,374193253.202800,0
