open_time,open,high,low,close,volume,close_time,quote_volume,count,taker_buy_volume,taker_buy_quote_volume,ignore
1782691200000,71.3600,73.3000,70.3100,72.6400,5787113.28,1782705599999,415385544.092100,463330,2959428.46,212483233.758400,0
1782705600000,72.6500,73.0900,70.9700,72.6700,4323429.18,1782719999999,311669779.265900,323054,2153576.78,155226890.692300,0
1782720000000,72.6700,73.6500,72.2000,72.5000,4137782.40,1782734399999,301540444.934700,326451,1973200.32,143818978.746200,0
1782734400000,72.5000,74.5500,72.0900,73.8700,11219401.01,1782748799999,824164274.087000,856777,5785696.82,425027363.493800,0
1782748800000,73.8800,76.4900,72.8400,75.9500,8686034.11,1782763199999,652344382.381500,616443,4515299.71,339048180.813500,0
1782763200000,75.9600,75.9900,74.8600,75.1300,2499857.71,1782777599999,188415816.421200,223292,1130787.07,85257302.209300,0
