open_time,open,high,low,close,volume,close_time,quote_volume,count,taker_buy_volume,taker_buy_quote_volume,ignore
1785110400000,76.7500,76.7800,76.6700,76.6800,40328.59,1785110459999,3094882.114400,2117,23481.00,1802086.688600,0
1785110460000,76.6800,76.7000,76.6300,76.6400,8343.04,1785110519999,639631.802600,1239,3726.56,285723.414700,0
1785110520000,76.6400,76.6800,76.6100,76.6200,5094.06,1785110579999,390422.254200,835,1664.25,127565.976000,0
1785110580000,76.6100,76.6400,76.5500,76.5600,9798.60,1785110639999,750457.954400,1259,4138.42,316976.498400,0
1785110640000,76.5700,76.5800,76.5500,76.5600,4437.87,1785110699999,339782.679000,758,1507.88,115453.331300,0
1785110700000,76.5600,76.5900,76.5300,76.5700,15205.14,1785110759999,1164108.503900,1206,5071.05,388243.672900,0
1785110760000,76.5600,76.5700,76.5200,76.5400,13788.60,1785110819999,1055458.591300,1314,6685.84,511817.338200,0
1785110820000,76.5400,76.5500,76.4600,76.4600,11336.81,1785110879999,867356.950300,1465,3098.73,237140.262000,0
1785110880000,76.4600,76.5500,76.4600,76.5100,16463.40,1785110939999,1259589.717300,1189,5283.21,404181.375400,0
1785110940000,76.5100,76.5500,76.5100,76.5400,7929.38,1785110999999,606893.075400,855,3923.64,300308.582900,0
1785111000000,76.5400,76.6000,76.5200,76.5300,9856.32,1785111059999,754533.536300,1218,5975.15,457432.854200,0
1785111060000,76.5400,76.6100,76.5200,76.5700,10252.65,1785111119999,784866.216200,1035,6420.94,491531.005100,0
1785111120000,76.5600,76.5800,76.5500,76.5600,4649.84,1785111179999,355971.860500,541,1841.56,140992.533200,0
1785111180000,76.5600,76.6000,76.5500,76.6000,4090.15,1785111239999,313199.055000,569,3038.49,232668.282000,0
1785111240000,76.6000,76.6000,76.5700,76.5700,16113.95,1785111299999,1234148.140600,558,352.11,26967.036900,0
1785111300000,76.5700,76.5800,76.5100,76.5300,11384.04,1785111359999,871292.702200,1101,4430.02,339009.501300,0
1785111360000,76.5200,76.5400,76.5000,76.5000,3811.47,1785111419999,291653.924900,788,1128.36,86354.127500,0
1785111420000,76.5000,76.5000,76.4800,76.4900,3027.06,1785111479999,231529.753400,548,938.77,71813.034300,0
1785111480000,76.4800,76.4900,76.4200,76.4200,11099.82,1785111539999,848539.039500,1123,2242.68,171473.796400,0
1785111540000,76.4100,76.4300,76.3400,76.4200,33807.68,1785111599999,2582372.035000,1878,9117.05,696510.101200,0
1785111600000,76.4200,76.4400,76.3900,76.4400,9592.64,1785111659999,733054.439000,941,5345.19,408472.869000,0
1785111660000,76.4400,76.4700,76.4000,76.4000,10060.84,1785111719999,769033.262900,998,5647.93,431737.435300,0
1785111720000,76.4100,76.4800,76.4000,76.4600,17586.51,1785111779999,1344438.302200,1063,15544.70,1188353.121100,0
1785111780000,76.4600,76.4600,76.4000,76.4300,9437.18,1785111839999,721172.912000,902,6186.18,472715.916000,0
1785111840000,76.4300,76.4300,76.3800,76.4000,7009.92,1785111899999,535551.917600,651,1964.23,150055.469000,0
1785111900000,76.4000,76.5000,76.4000,76.5000,15737.57,1785111959999,1203079.429500,1319,10522.26,804341.482900,0
1785111960000,76.4900,76.5200,76.4400,76.5200,15082.50,1785112019999,1153477.584400,1332,11760.25,899423.826200,0
1785112020000,76.5200,76.5500,76.4600,76.4700,7284.97,1785112079999,557401.157000,936,2548.96,195047.755100,0
1785112080000,76.4700,76.5200,76.4600,76.5200,4934.16,1785112139999,377425.110000,721,3290.31,251669.073100,0
1785112140000,76.5200,76.5200,76.4500,76.4700,11088.01,1785112199999,847885.743600,739,3536.51,270415.261400,0
1785112200000,76.4700,76.5100,76.4100,76.4700,15894.24,1785112259999,1215549.136100,1363,7256.26,554983.661700,0
1785112260000,76.4700,76.5000,76.4500,76.4800,27068.58,1785112319999,2069967.427700,1053,6060.86,463477.501000,0
1785112320000,76.4800,76.4800,76.4400,76.4500,5350.02,1785112379999,409044.298300,708,1321.86,101067.647800,0
1785112380000,76.4500,76.5000,76.4200,76.4500,5318.96,1785112439999,406663.257400,713,3570.34,272970.671800,0
1785112440000,76.4600,76.4700,76.4500,76.4600,1623.76,1785112499999,124150.831200,271,1067.21,81598.916300,0
1785112500000,76.4700,76.4700,76.4000,76.4300,6513.38,1785112559999,497827.016100,716,2308.93,176454.951500,0
1785112560000,76.4200,76.4500,76.3700,76.4200,7947.86,1785112619999,607207.913200,794,2964.16,226474.354800,0
1785112620000,76.4100,76.4200,76.3800,76.3900,7680.93,1785112679999,586774.753000,579,4312.64,329432.033600,0
1785112680000,76.3900,76.4400,76.3600,76.4200,10631.73,1785112739999,812184.681900,935,6498.35,496450.715900,0
1785112740000,76.4200,76.4300,76.3800,76.3900,9405.24,1785112799999,718557.642500,625,4119.46,314705.973900,0
1785112800000,76.4000,76.4200,76.3800,76.4000,15168.85,1785112859999,1158778.156100,544,2982.42,227846.085200,0
1785112860000,76.4000,76.4500,76.3900,76.4100,4948.75,1785112919999,378176.453800,650,3036.99,232075.392800,0
1785112920000,76.4100,76.4400,76.4000,76.4300,2505.60,1785112979999,191474.810800,353,1889.77,144415.294300,0
1785112980000,76.4300,76.4300,76.3900,76.4100,2481.20,1785113039999,189573.218000,488,1244.21,95063.786100,0
1785113040000,76.4100,76.4200,76.3700,76.4000,3789.81,1785113099999,289504.940500,546,1303.99,99608.579400,0
1785113100000,76.3900,76.4600,76.3900,76.4600,3339.24,1785113159999,255218.970300,715,2475.97,189252.829000,0
1785113160000,76.4600,76.4700,76.4500,76.4700,1291.85,1785113219999,98772.931500,307,961.77,73537.997000,0
1785113220000,76.4600,76.4800,76.3900,76.4000,9129.42,1785113279999,697957.854500,979,2223.23,170006.087800,0
1785113280000,76.3900,76.4700,76.3700,76.4700,3967.22,1785113339999,303128.706300,716,3185.49,243391.844900,0
1785113340000,76.4600,76.4600,76.4100,76.4200,1860.75,1785113399999,142216.408900,340,58.96,4506.930100,0
1785113400000,76.4100,76.4300,76.3900,76.4300,2027.81,1785113459999,154948.494600,377,1310.65,100146.681500,0
1785113460000,76.4300,76.4700,76.4200,76.4600,4574.44,1785113519999,349653.619900,559,2368.84,181074.320600,0
1785113520000,76.4600,76.5000,76.4500,76.4700,5346.20,1785113579999,408840.428900,920,3533.86,270246.184000,0
1785113580000,76.4600,76.4600,76.4100,76.4200,4675.97,1785113639999,357398.325900,660,2442.46,186691.307000,0
1785113640000,76.4100,76.4200,76.2700,76.3100,46780.24,1785113699999,3571478.758100,2085,8492.27,648190.683300,0
1785113700000,76.3200,76.3300,76.2300,76.2300,22430.63,1785113759999,1710489.197600,1319,5960.60,454468.810700,0
1785113760000,76.2400,76.2500,76.1600,76.2400,48227.26,1785113819999,3674212.932200,1974,13046.00,993977.588400,0
1785113820000,76.2500,76.3000,76.2300,76.3000,6991.56,1785113879999,533174.965600,635,2318.29,176822.960200,0
1785113880000,76.3000,76.3100,76.2900,76.3000,4328.30,1785113939999,330246.487200,726,2608.16,199004.154600,0
1785113940000,76.3000,76.3200,76.2700,76.3100,6524.43,1785113999999,497786.619100,666,3742.30,285537.171500,0
1785114000000,76.3200,76.3200,76.2800,76.3200,6273.53,1785114059999,478677.821600,777,4399.97,335734.319700,0
1785114060000,76.3200,76.3600,76.3200,76.3500,5301.17,1785114119999,404677.958500,744,4255.13,324819.612500,0
1785114120000,76.3500,76.3900,76.3300,76.3900,13353.14,1785114179999,1019791.441600,892,12164.23,929019.031600,0
1785114180000,76.3900,76.4000,76.3700,76.3800,6090.75,1785114239999,465248.200400,842,4075.55,311320.440100,0
1785114240000,76.3800,76.3800,76.3500,76.3500,8212.78,1785114299999,627175.623300,992,3138.56,239689.959600,0
1785114300000,76.3600,76.4000,76.3300,76.4000,5375.53,1785114359999,410441.838100,760,3029.90,231347.506400,0
1785114360000,76.4000,76.4200,76.3800,76.4000,6065.68,1785114419999,463421.468100,755,4261.23,325558.631200,0
1785114420000,76.4100,76.4200,76.3800,76.4100,3415.61,1785114479999,260942.286500,550,1788.29,136626.643200,0
1785114480000,76.4100,76.4100,76.3400,76.3500,4962.03,1785114539999,379064.857200,826,2092.42,159862.907800,0
1785114540000,76.3500,76.4000,76.3400,76.4000,8412.28,1785114599999,642392.696600,705,4437.98,338935.062500,0
1785114600000,76.4000,76.4000,76.3400,76.3400,2747.32,1785114659999,209808.147000,598,1430.17,109220.873700,0
1785114660000,76.3500,76.3700,76.3400,76.3500,2422.83,1785114719999,184994.665400,469,1496.78,114288.325400,0
1785114720000,76.3500,76.3500,76.2800,76.3200,9860.86,1785114779999,752473.015500,1136,4297.05,327911.876700,0
1785114780000,76.3200,76.3200,76.2400,76.2400,4856.66,1785114839999,370449.123500,650,456.66,34827.730100,0
1785114840000,76.2500,76.2500,76.2100,76.2500,7081.63,1785114899999,539846.208800,831,3841.13,292842.948100,0
1785114900000,76.2500,76.2500,76.1300,76.1700,24723.67,1785114959999,1883669.012900,1931,9190.80,700053.111400,0
1785114960000,76.1700,76.2000,76.1400,76.1700,10197.56,1785115019999,776746.465000,1154,4792.71,365070.724200,0
1785115020000,76.1700,76.2300,76.1600,76.2100,10805.85,1785115079999,823487.257200,867,8504.33,648097.336300,0
1785115080000,76.2200,76.2600,76.2100,76.2600,10765.89,1785115139999,820824.077900,808,9821.17,748796.109300,0
1785115140000,76.2600,76.2600,76.2000,76.2100,5468.46,1785115199999,416875.339800,890,1917.25,146169.792300,0
1785115200000,76.2100,76.2100,76.1700,76.1900,11722.45,1785115259999,893126.728100,682,1387.26,105687.431100,0
1785115260000,76.1900,76.2400,76.1400,76.2400,9224.30,1785115319999,702718.832600,964,5919.09,450938.343000,0
1785115320000,76.2400,76.2700,76.2100,76.2700,13957.20,1785115379999,1064114.546700,1048,9460.39,721286.748800,0
1785115380000,76.2700,76.2800,76.2400,76.2500,2821.91,1785115439999,215213.533600,518,1786.09,136223.197200,0
1785115440000,76.2500,76.2600,76.2300,76.2500,1661.90,1785115499999,126716.993200,380,1230.43,93820.397400,0
1785115500000,76.2500,76.2500,76.1700,76.2000,15671.35,1785115559999,1194433.103700,827,2453.47,186926.254100,0
1785115560000,76.2000,76.2000,76.1700,76.1900,4842.32,1785115619999,368907.373100,585,2674.93,203781.869700,0
1785115620000,76.2000,76.2000,76.1900,76.2000,2221.12,1785115679999,169232.746900,299,561.41,42779.442000,0
1785115680000,76.2000,76.2200,76.1800,76.1900,8603.25,1785115739999,655511.142100,574,5899.29,449495.227200,0
1785115740000,76.1900,76.2000,76.1600,76.2000,4270.65,1785115799999,325343.530100,456,1565.38,119257.736500,0
1785115800000,76.2000,76.2000,76.1600,76.1800,24117.65,1785115859999,1837191.340300,869,9253.80,704890.270100,0
1785115860000,76.1900,76.2900,76.1900,76.2800,12937.26,1785115919999,986299.091700,1134,9671.76,737342.498700,0
1785115920000,76.2800,76.3300,76.2600,76.2800,14239.07,1785115979999,1086332.071500,879,9684.13,738792.967400,0
1785115980000,76.2900,76.3000,76.2800,76.2900,3836.19,1785116039999,292662.773500,344,1508.85,115112.046200,0
1785116040000,76.3000,76.3100,76.2600,76.2700,3464.48,1785116099999,264316.759800,421,828.70,63224.193700,0
1785116100000,76.2700,76.2700,75.9300,75.9900,103859.96,1785116159999,7895611.504500,4609,19144.68,1455167.459200,0
1785116160000,75.9900,76.0600,75.9700,76.0300,29745.29,1785116219999,2260922.351500,1286,20047.00,1523671.005800,0
1785116220000,76.0400,76.1400,76.0300,76.1400,15368.60,1785116279999,1169293.458600,904,8715.20,663035.564300,0
1785116280000,76.1400,76.2400,76.1300,76.2300,15653.59,1785116339999,1192366.823800,1060,12926.28,984661.009800,0
1785116340000,76.2400,76.2800,76.2300,76.2800,10541.90,1785116399999,803895.231800,786,7770.41,592563.194100,0
1785116400000,76.2800,76.2900,76.2700,76.2900,5439.18,1785116459999,414906.247500,508,2535.75,193436.901400,0
1785116460000,76.2900,76.3000,76.2700,76.2700,5448.66,1785116519999,415700.349000,532,4301.54,328190.492300,0
1785116520000,76.2700,76.2800,76.2300,76.2600,5188.40,1785116579999,395623.719500,706,3151.46,240299.915600,0
1785116580000,76.2700,76.2700,76.2000,76.2100,5215.25,1785116639999,397594.115800,726,2680.71,204364.195700,0
1785116640000,76.2100,76.2300,76.2000,76.2100,3330.93,1785116699999,253872.382800,898,2322.32,177000.177900,0
1785116700000,76.2200,76.2200,76.1800,76.2200,2894.78,1785116759999,220594.165300,731,1260.31,96047.200700,0
1785116760000,76.2200,76.3100,76.2200,76.3100,6684.81,1785116819999,509826.176500,877,4398.12,335422.669200,0
1785116820000,76.3100,76.3400,76.2900,76.3100,9154.33,1785116879999,698641.238200,1239,6328.61,482995.699600,0
1785116880000,76.3200,76.3500,76.3200,76.3400,4337.58,1785116939999,331099.201400,774,3486.93,266165.694100,0
1785116940000,76.3400,76.3500,76.3300,76.3400,6411.81,1785116999999,489472.733600,672,3417.78,260923.805800,0
1785117000000,76.3500,76.3900,76.3000,76.3100,27787.06,1785117059999,2121281.660300,1697,5091.50,388822.074900,0
1785117060000,76.3100,76.3800,76.3000,76.3800,11658.50,1785117119999,890029.974600,838,9409.64,718353.924800,0
1785117120000,76.3800,76.3800,76.3200,76.3600,4274.21,1785117179999,326352.079200,900,1991.94,152086.698300,0
1785117180000,76.3700,76.3700,76.3600,76.3600,2437.15,1785117239999,186106.629200,528,585.52,44716.162400,0
1785117240000,76.3700,76.3700,76.3200,76.3300,6174.51,1785117299999,471333.977400,673,2527.57,192941.133700,0
1785117300000,76.3400,76.4400,76.3300,76.4100,18593.30,1785117359999,1420385.707700,1688,15467.28,1181576.332100,0
1785117360000,76.4200,76.4800,76.4100,76.4400,11920.85,1785117419999,911351.442800,938,8307.96,635119.140600,0
1785117420000,76.4500,76.4500,76.4100,76.4200,4659.73,1785117479999,356142.409900,817,3491.63,266866.636900,0
1785117480000,76.4200,76.4700,76.4100,76.4700,12967.74,1785117539999,991281.523400,1024,4989.40,381420.866300,0
1785117540000,76.4700,76.5000,76.4600,76.4900,14414.95,1785117599999,1102442.889000,900,5816.78,444869.395900,0
1785117600000,76.4900,76.5400,76.4400,76.4400,20745.43,1785117659999,1587159.180000,1945,9066.48,693629.688500,0
1785117660000,76.4500,76.5200,76.4400,76.5000,6427.02,1785117719999,491497.232800,1025,4691.09,358724.545100,0
1785117720000,76.5000,76.5000,76.4600,76.4800,6407.77,1785117779999,490069.259100,977,2888.48,220912.826800,0
1785117780000,76.4800,76.4900,76.4500,76.4900,6163.51,1785117839999,471264.137100,963,2934.50,224377.679100,0
1785117840000,76.4900,76.5800,76.4700,76.4800,26135.52,1785117899999,1999743.523800,1701,12290.26,940336.000700,0
1785117900000,76.4900,76.5100,76.4600,76.4900,6310.64,1785117959999,482649.363700,909,3182.22,243412.722900,0
1785117960000,76.5000,76.5000,76.4400,76.4500,5511.78,1785118019999,421418.917800,797,2109.45,161290.213400,0
1785118020000,76.4600,76.4900,76.4400,76.4800,4589.08,1785118079999,350889.614200,842,3127.65,239148.872000,0
1785118080000,76.4800,76.4800,76.4300,76.4500,5312.48,1785118139999,406147.177400,604,1200.04,91745.924400,0
1785118140000,76.4500,76.4900,76.4200,76.4700,5479.18,1785118199999,418896.589300,820,2254.74,172388.831700,0
1785118200000,76.4800,76.4800,76.3800,76.4100,5889.81,1785118259999,450061.177500,710,1013.54,77434.165100,0
1785118260000,76.4100,76.4700,76.4000,76.4700,5870.66,1785118319999,448779.003200,774,5472.18,418321.599000,0
1785118320000,76.4700,76.4700,76.4200,76.4300,3264.71,1785118379999,249579.936800,610,1072.78,82013.730400,0
1785118380000,76.4300,76.4800,76.4100,76.4800,3172.17,1785118439999,242454.908800,543,2649.25,202485.610700,0
1785118440000,76.4800,76.5000,76.4400,76.4600,7901.69,1785118499999,604230.518600,717,4080.10,311989.948200,0
1785118500000,76.4700,76.4700,76.4100,76.4100,3094.29,1785118559999,236524.166300,707,1120.81,85677.907100,0
1785118560000,76.4200,76.4900,76.4100,76.4200,4061.31,1785118619999,310503.852900,787,2127.96,162707.330700,0
1785118620000,76.4200,76.5000,76.4000,76.4700,8971.12,1785118679999,686001.979500,862,4006.22,306334.963100,0
1785118680000,76.4700,76.5000,76.4700,76.4700,3022.66,1785118739999,231197.068900,516,2069.67,158309.831100,0
1785118740000,76.4700,76.5400,76.4600,76.5400,4664.34,1785118799999,356778.374000,508,4429.30,338794.542000,0
1785118800000,76.5400,76.5700,76.5200,76.5200,9121.50,1785118859999,698092.186200,879,3203.09,245149.652800,0
1785118860000,76.5300,76.5300,76.4700,76.5100,4500.07,1785118919999,344254.885000,695,2741.71,209731.417600,0
1785118920000,76.5100,76.5400,76.4800,76.5200,4048.56,1785118979999,309735.373800,537,1767.83,135255.295100,0
1785118980000,76.5200,76.5300,76.4700,76.4700,3798.83,1785119039999,290595.546000,531,2312.72,176908.048400,0
1785119040000,76.4800,76.5300,76.4700,76.5100,2897.88,1785119099999,221702.450600,406,1588.31,121511.082500,0
1785119100000,76.5100,76.5500,76.5000,76.5500,6623.78,1785119159999,506826.236400,375,5822.24,445502.530800,0
1785119160000,76.5500,76.5600,76.5100,76.5600,4858.40,1785119219999,371865.924000,591,1795.85,137463.962800,0
1785119220000,76.5600,76.5800,76.5400,76.5500,2932.70,1785119279999,224526.468700,446,1377.08,105430.860900,0
1785119280000,76.5500,76.6000,76.5400,76.5800,6958.39,1785119339999,532881.632400,779,4235.26,324346.918300,0
1785119340000,76.5800,76.5800,76.5400,76.5400,1698.98,1785119399999,130065.546600,345,636.86,48757.625300,0
1785119400000,76.5500,76.5500,76.4600,76.4600,6568.79,1785119459999,502395.978500,825,1300.93,99483.909800,0
1785119460000,76.4700,76.4700,76.4200,76.4300,4395.98,1785119519999,336069.185500,627,1005.75,76892.486700,0
1785119520000,76.4300,76.4600,76.4200,76.4400,3122.98,1785119579999,238727.634900,473,1764.44,134875.235600,0
1785119580000,76.4500,76.4500,76.4000,76.4200,3426.02,1785119639999,261798.666700,449,651.16,49760.612300,0
1785119640000,76.4200,76.4700,76.4200,76.4400,19575.11,1785119699999,1496422.768100,754,14612.68,1117063.839200,0
1785119700000,76.4400,76.4400,76.4000,76.4300,4434.91,1785119759999,338924.590500,423,1753.89,134026.394900,0
1785119760000,76.4400,76.5700,76.4300,76.5600,3888.17,1785119819999,297453.252600,692,3355.18,256672.939100,0
1785119820000,76.5700,76.6000,76.5300,76.5700,24080.38,1785119879999,1844000.158200,1001,6556.27,501976.611300,0
1785119880000,76.5800,76.5900,76.5500,76.5800,5383.49,1785119939999,412235.300900,454,1410.02,107965.407100,0
1785119940000,76.5900,76.6200,76.5600,76.6000,7646.89,1785119999999,585715.972700,657,5963.34,456768.268000,0
1785120000000,76.6000,76.6100,76.5700,76.6100,4314.22,1785120059999,330419.182700,428,1589.07,121717.853800,0
1785120060000,76.6100,76.6300,76.6000,76.6200,6756.41,1785120119999,517673.448600,514,4180.28,320280.771700,0
1785120120000,76.6200,76.6300,76.6100,76.6300,3589.10,1785120179999,274998.241900,364,2318.81,177673.521400,0
1785120180000,76.6300,76.6300,76.6000,76.6000,2185.17,1785120239999,167421.565000,277,753.44,57733.724900,0
1785120240000,76.6100,76.6100,76.5400,76.5500,3127.25,1785120299999,239450.704600,540,234.07,17924.114900,0
1785120300000,76.5500,76.5900,76.5400,76.5600,8629.30,1785120359999,660741.628600,602,3829.56,293204.159700,0
1785120360000,76.5600,76.5800,76.5400,76.5500,1915.30,1785120419999,146643.675500,318,917.07,70217.559500,0
1785120420000,76.5500,76.5500,76.4900,76.5100,2843.93,1785120479999,217605.194600,534,1023.35,78299.514900,0
1785120480000,76.5200,76.5200,76.4500,76.4500,2955.91,1785120539999,226035.501300,468,534.37,40872.570600,0
1785120540000,76.4600,76.4800,76.4500,76.4700,4447.12,1785120599999,340071.781800,351,3471.72,265485.917400,0
1785120600000,76.4700,76.4700,76.4100,76.4100,6528.85,1785120659999,499020.689500,522,1342.25,102599.335300,0
1785120660000,76.4200,76.4200,76.4000,76.4100,4258.31,1785120719999,325374.508500,506,457.70,34974.879800,0
1785120720000,76.4000,76.4100,76.3300,76.3600,11089.08,1785120779999,846724.407800,1060,1787.26,136452.049900,0
1785120780000,76.3600,76.3600,76.3200,76.3500,3124.46,1785120839999,238524.241000,545,1120.64,85552.770900,0
1785120840000,76.3600,76.3700,76.3300,76.3300,4004.89,1785120899999,305779.881500,400,775.02,59174.913000,0
1785120900000,76.3400,76.3600,76.3300,76.3600,2594.28,1785120959999,198059.896500,244,1705.09,130183.487000,0
1785120960000,76.3600,76.4200,76.3500,76.3900,8761.55,1785121019999,669328.808100,826,7007.06,535295.075900,0
1785121020000,76.3900,76.4000,76.3800,76.4000,902.02,1785121079999,68903.288700,180,410.73,31375.859400,0
1785121080000,76.4000,76.4200,76.3900,76.4000,2949.42,1785121139999,225345.557000,227,985.90,75327.437200,0
1785121140000,76.4100,76.4200,76.3900,76.3900,1495.79,1785121199999,114293.936300,314,848.66,64849.234400,0
1785121200000,76.4000,76.4600,76.3800,76.4500,5467.98,1785121259999,417783.078200,533,2141.25,163655.276600,0
1785121260000,76.4600,76.4800,76.4500,76.4700,6385.36,1785121319999,488233.451300,651,2863.07,218917.588100,0
1785121320000,76.4700,76.5100,76.4400,76.4500,6860.65,1785121379999,524696.125100,880,2773.46,212104.563000,0
1785121380000,76.4500,76.4500,76.3800,76.3800,2417.24,1785121439999,184716.530800,682,330.96,25291.238100,0
1785121440000,76.3900,76.3900,76.3400,76.3400,28407.78,1785121499999,2169361.284100,1003,6379.13,487118.955300,0
1785121500000,76.3500,76.3900,76.3400,76.3800,7159.31,1785121559999,546716.150400,618,1699.25,129763.462700,0
1785121560000,76.3900,76.4000,76.3600,76.3800,4105.61,1785121619999,313595.779700,576,2390.81,182620.818900,0
1785121620000,76.3800,76.4000,76.3400,76.3600,4608.75,1785121679999,351948.067100,711,1582.60,120848.594400,0
1785121680000,76.3700,76.3800,76.3500,76.3800,1836.27,1785121739999,140231.020200,422,1053.01,80419.276200,0
1785121740000,76.3800,76.3800,76.3300,76.3400,3198.51,1785121799999,244227.456000,545,1422.85,108648.589900,0
1785121800000,76.3400,76.3400,76.3100,76.3100,6093.63,1785121859999,465038.709400,517,143.13,10923.803800,0
1785121860000,76.3100,76.3600,76.3100,76.3600,4727.87,1785121919999,360873.778700,625,1914.43,146130.356600,0
1785121920000,76.3600,76.3600,76.3400,76.3600,1996.81,1785121979999,152463.976100,448,1074.12,82016.662200,0
1785121980000,76.3600,76.3800,76.3500,76.3700,1999.58,1785122039999,152692.027400,383,837.08,63922.921300,0
1785122040000,76.3700,76.4000,76.3600,76.4000,1604.30,1785122099999,122543.432100,405,1415.03,108087.328500,0
1785122100000,76.3900,76.4100,76.3900,76.4000,3876.77,1785122159999,296188.324000,368,832.33,63593.119000,0
1785122160000,76.4100,76.4500,76.4000,76.4400,13016.25,1785122219999,994757.850600,662,8111.28,619833.657200,0
1785122220000,76.4300,76.4500,76.4300,76.4400,778.65,1785122279999,59522.470900,309,494.99,37839.508500,0
1785122280000,76.4500,76.4500,76.4100,76.4400,7404.86,1785122339999,565928.897100,515,3574.85,273215.447900,0
1785122340000,76.4400,76.4400,76.4000,76.4200,3058.68,1785122399999,233735.079000,425,2025.24,154761.957100,0
1785122400000,76.4200,76.4200,76.3700,76.3900,3380.49,1785122459999,258241.168100,486,805.66,61541.509500,0
1785122460000,76.3900,76.4300,76.3900,76.4300,3141.86,1785122519999,240067.170500,367,2176.08,166286.230200,0
1785122520000,76.4300,76.4300,76.3700,76.3900,4073.78,1785122579999,311215.727100,563,1443.45,110252.345000,0
1785122580000,76.3900,76.4400,76.3800,76.4300,2842.45,1785122639999,217187.739900,487,2004.53,153160.925200,0
1785122640000,76.4300,76.4500,76.4200,76.4300,4008.15,1785122699999,306368.677600,351,1234.73,94374.730800,0
1785122700000,76.4300,76.4900,76.4200,76.4900,2448.23,1785122759999,187195.999200,465,2114.56,161688.624200,0
1785122760000,76.4900,76.4900,76.4600,76.4700,2948.88,1785122819999,225517.255300,390,398.82,30504.050400,0
1785122820000,76.4600,76.4700,76.4600,76.4600,784.91,1785122879999,60020.938700,205,672.01,51388.604700,0
1785122880000,76.4700,76.4700,76.4500,76.4600,1414.95,1785122939999,108190.380500,278,352.13,26927.266000,0
1785122940000,76.4500,76.4600,76.4100,76.4300,3255.41,1785122999999,248830.440200,444,1302.33,99533.066200,0
1785123000000,76.4300,76.4300,76.3400,76.3500,5731.47,1785123059999,437680.428500,639,872.13,66600.280500,0
1785123060000,76.3500,76.3600,76.3200,76.3500,4924.29,1785123119999,375921.245600,605,1989.10,151848.493300,0
1785123120000,76.3600,76.3800,76.3400,76.3600,2052.34,1785123179999,156714.973800,416,1187.20,90652.466900,0
1785123180000,76.3700,76.3700,76.3400,76.3500,3219.90,1785123239999,245843.830700,274,434.99,33215.526400,0
1785123240000,76.3500,76.3900,76.3400,76.3900,1270.20,1785123299999,96995.607200,235,1118.40,85405.761000,0
1785123300000,76.3900,76.3900,76.3600,76.3700,2337.30,1785123359999,178509.526100,384,899.95,68731.846500,0
1785123360000,76.3700,76.3900,76.3700,76.3700,1124.75,1785123419999,85908.153200,182,567.52,43347.448000,0
1785123420000,76.3700,76.3800,76.3700,76.3800,305.65,1785123479999,23343.047700,236,55.72,4255.893600,0
1785123480000,76.3800,76.4100,76.3800,76.3900,2664.05,1785123539999,203515.745800,355,1891.15,144468.696500,0
1785123540000,76.3900,76.3900,76.3700,76.3700,1602.44,1785123599999,122384.792600,240,108.82,8311.856100,0
1785123600000,76.3700,76.3800,76.3600,76.3800,1047.08,1785123659999,79969.801200,156,864.59,66033.045600,0
1785123660000,76.3700,76.4300,76.3700,76.4300,8894.32,1785123719999,679593.993900,594,6516.34,497893.733900,0
1785123720000,76.4400,76.4400,76.4200,76.4400,1365.93,1785123779999,104400.947300,245,741.59,56684.685000,0
1785123780000,76.4400,76.4700,76.4300,76.4700,3320.98,1785123839999,253928.898800,317,3114.63,238151.925100,0
1785123840000,76.4600,76.4700,76.4500,76.4500,1415.76,1785123899999,108250.618200,207,236.79,18107.326000,0
1785123900000,76.4500,76.4700,76.4100,76.4200,3049.89,1785123959999,233143.354000,545,1256.94,96088.713300,0
1785123960000,76.4200,76.4400,76.4100,76.4300,1252.64,1785124019999,95729.345500,207,660.37,50467.074000,0
1785124020000,76.4200,76.4300,76.4100,76.4100,2301.40,1785124079999,175880.631000,282,1261.35,96400.354600,0
1785124080000,76.4200,76.4200,76.3700,76.3800,2382.45,1785124139999,182004.623900,440,1139.13,87031.128700,0
1785124140000,76.3800,76.3800,76.3300,76.3400,4562.04,1785124199999,348353.710500,399,529.84,40454.264600,0
1785124200000,76.3400,76.3500,76.3200,76.3400,3269.68,1785124259999,249588.573400,318,1920.41,146590.751100,0
1785124260000,76.3500,76.3600,76.3400,76.3400,1529.15,1785124319999,116747.596400,197,433.35,33088.276700,0
1785124320000,76.3500,76.3800,76.3400,76.3600,2724.38,1785124379999,208050.833800,291,878.67,67095.430800,0
1785124380000,76.3600,76.3700,76.3400,76.3400,2799.64,1785124439999,213751.654500,297,673.77,51442.843900,0
1785124440000,76.3500,76.3500,76.3200,76.3300,1944.80,1785124499999,148452.049400,242,283.44,21637.789500,0
1785124500000,76.3200,76.3300,76.2800,76.2900,12021.50,1785124559999,917288.419500,781,1714.60,130828.120300,0
1785124560000,76.2900,76.3200,76.2900,76.2900,4092.25,1785124619999,312251.441800,376,2450.25,186962.964400,0
1785124620000,76.3000,76.3500,76.3000,76.3400,4314.12,1785124679999,329265.686600,414,3002.17,229132.222600,0
1785124680000,76.3300,76.4100,76.3300,76.4100,23763.60,1785124739999,1815065.372400,1142,18528.97,1415226.274300,0
1785124740000,76.4100,76.4100,76.3600,76.3700,3142.98,1785124799999,240060.858100,383,1327.81,101410.754100,0
1785124800000,76.3800,76.3900,76.3300,76.3400,5722.62,1785124859999,436961.569200,658,2437.34,186096.378600,0
1785124860000,76.3400,76.3700,76.3400,76.3600,2365.31,1785124919999,180615.693400,337,1802.83,137665.272800,0
1785124920000,76.3600,76.3700,76.3500,76.3600,3211.79,1785124979999,245259.561600,552,1656.11,126467.838800,0
1785124980000,76.3700,76.4700,76.3600,76.4600,12113.95,1785125039999,925864.919800,1210,7836.76,598865.287300,0
1785125040000,76.4700,76.4800,76.4400,76.4800,5851.66,1785125099999,447422.415200,654,3292.37,251747.434600,0
1785125100000,76.4800,76.4800,76.4200,76.4200,9455.96,1785125159999,722953.227700,796,4022.57,307547.587500,0
1785125160000,76.4200,76.4400,76.4100,76.4100,4996.82,1785125219999,381889.857000,431,1168.51,89312.590500,0
1785125220000,76.4100,76.4800,76.4100,76.4500,6070.41,1785125279999,464037.499400,640,4524.52,345834.604000,0
1785125280000,76.4600,76.4700,76.4300,76.4400,3230.46,1785125339999,246965.422900,405,1910.00,146015.204100,0
1785125340000,76.4300,76.4300,76.3300,76.3400,5885.52,1785125399999,449464.768300,832,974.49,74406.292400,0
1785125400000,76.3400,76.3500,76.3300,76.3400,1330.49,1785125459999,101569.036500,283,868.86,66329.060000,0
1785125460000,76.3400,76.3400,76.2900,76.2900,5702.53,1785125519999,435195.852500,756,1798.64,137258.647600,0
1785125520000,76.3000,76.3600,76.3000,76.3400,3968.62,1785125579999,302937.941900,548,2491.67,190189.079800,0
1785125580000,76.3300,76.3800,76.3300,76.3500,2190.62,1785125639999,167253.873600,439,1541.22,117670.762600,0
1785125640000,76.3500,76.3900,76.3400,76.3800,1128.91,1785125699999,86205.781800,299,1009.40,77079.705200,0
1785125700000,76.3900,76.4000,76.3500,76.3800,2898.44,1785125759999,221374.622200,548,1184.89,90500.110100,0
1785125760000,76.3800,76.4200,76.3600,76.4200,1106.15,1785125819999,84497.535700,395,660.73,50473.290400,0
1785125820000,76.4200,76.4200,76.4000,76.4100,2800.45,1785125879999,213972.887200,406,818.02,62505.821200,0
1785125880000,76.4200,76.4900,76.4100,76.4900,4941.14,1785125939999,377826.137500,528,3554.24,271788.385700,0
1785125940000,76.4900,76.5100,76.4500,76.4700,10468.69,1785125999999,800673.646300,892,4136.52,316402.585500,0
1785126000000,76.4600,76.5100,76.4600,76.5000,7998.54,1785126059999,611775.006100,639,6621.66,506458.443600,0
1785126060000,76.5000,76.5000,76.4700,76.4800,2392.53,1785126119999,182998.157000,335,1814.07,138755.677600,0
1785126120000,76.4700,76.6000,76.4700,76.5100,28766.89,1785126179999,2201996.992100,1751,9741.93,745541.288500,0
1785126180000,76.5100,76.5400,76.4800,76.4900,8486.10,1785126239999,649280.207700,671,3538.94,270838.853800,0
1785126240000,76.5000,76.5000,76.4200,76.4300,12293.02,1785126299999,939862.707400,797,515.36,39396.515400,0
1785126300000,76.4300,76.4400,76.3900,76.3900,5908.01,1785126359999,451496.113100,533,2693.22,205828.954800,0
1785126360000,76.4000,76.4000,76.3300,76.3400,8888.44,1785126419999,678719.940200,795,2289.65,174833.413200,0
1785126420000,76.3500,76.3500,76.3000,76.3200,4242.15,1785126479999,323737.435800,588,1859.59,141910.301100,0
1785126480000,76.3200,76.3200,76.2900,76.3200,4103.95,1785126539999,313150.715600,409,2172.68,165784.556000,0
1785126540000,76.3200,76.3900,76.3100,76.3400,8898.00,1785126599999,679277.705500,836,5811.81,443664.068500,0
1785126600000,76.3500,76.3800,76.3000,76.3200,6482.56,1785126659999,494909.481000,711,3639.00,277864.724500,0
1785126660000,76.3200,76.3300,76.2800,76.2900,3809.41,1785126719999,290643.249700,483,1670.54,127453.475000,0
1785126720000,76.2800,76.2900,76.2300,76.2300,12115.04,1785126779999,923895.490400,776,1836.30,140057.730600,0
1785126780000,76.2300,76.2900,76.2300,76.2900,3440.31,1785126839999,262313.189800,435,1371.27,104568.700200,0
1785126840000,76.2800,76.3200,76.2600,76.2900,4691.03,1785126899999,357897.893100,617,2209.95,168601.841700,0
1785126900000,76.2900,76.3200,76.2800,76.3100,5129.57,1785126959999,391417.885300,392,3013.78,229965.823900,0
1785126960000,76.3100,76.3200,76.3000,76.3100,2887.53,1785127019999,220337.126000,342,592.45,45210.781200,0
1785127020000,76.3000,76.3500,76.2900,76.3500,2201.50,1785127079999,168004.490800,402,901.27,68787.769200,0
1785127080000,76.3500,76.3600,76.3000,76.3100,2308.66,1785127139999,176239.881300,389,497.21,37951.950100,0
1785127140000,76.3100,76.3100,76.2700,76.2800,6310.27,1785127199999,481401.724500,522,757.33,57776.292900,0
1785127200000,76.2800,76.3100,76.2700,76.3100,2194.77,1785127259999,167434.331100,361,1219.33,93022.738200,0
1785127260000,76.3100,76.3700,76.3000,76.3600,2044.07,1785127319999,156059.269500,324,1645.37,125623.615400,0
1785127320000,76.3700,76.4000,76.3700,76.3800,3823.41,1785127379999,292050.657400,592,2024.27,154623.027500,0
1785127380000,76.3900,76.3900,76.3500,76.3600,1449.08,1785127439999,110664.270100,260,309.91,23669.444700,0
1785127440000,76.3600,76.4000,76.3500,76.3800,1686.50,1785127499999,128806.789800,256,1128.11,86156.164700,0
1785127500000,76.3900,76.4000,76.3100,76.3200,9761.01,1785127559999,745387.878300,603,1700.87,129896.760100,0
1785127560000,76.3200,76.3200,76.3100,76.3200,409.02,1785127619999,31215.137100,83,282.09,21529.108800,0
1785127620000,76.3200,76.3400,76.3100,76.3300,1736.23,1785127679999,132509.501500,299,997.98,76170.938100,0
1785127680000,76.3400,76.3400,76.3000,76.3100,2893.79,1785127739999,220845.749100,461,741.61,56602.536000,0
1785127740000,76.3100,76.3400,76.3000,76.3300,2659.42,1785127799999,202978.502200,291,1320.33,100774.693700,0
1785127800000,76.3300,76.3400,76.3100,76.3100,876.38,1785127859999,66891.878600,280,285.35,21780.882300,0
1785127860000,76.3200,76.3400,76.3000,76.3300,1593.39,1785127919999,121608.106100,315,720.95,55023.448500,0
1785127920000,76.3300,76.3300,76.3100,76.3200,1171.29,1785127979999,89387.766700,201,171.98,13126.434700,0
1785127980000,76.3100,76.3400,76.3100,76.3200,1882.91,1785128039999,143729.505400,288,1377.60,105159.864000,0
1785128040000,76.3300,76.3400,76.3200,76.3400,1524.53,1785128099999,116367.630300,130,1203.97,91901.759500,0
1785128100000,76.3400,76.3400,76.3100,76.3300,6533.89,1785128159999,498670.798300,313,5349.16,408251.148800,0
1785128160000,76.3300,76.3500,76.3000,76.3400,17921.99,1785128219999,1367768.147500,707,5633.91,430006.898100,0
1785128220000,76.3400,76.3400,76.3200,76.3300,1784.13,1785128279999,136186.528200,206,1021.97,78012.726300,0
1785128280000,76.3400,76.3400,76.2800,76.2800,8465.65,1785128339999,646005.657100,453,364.67,27834.842600,0
1785128340000,76.2800,76.2900,76.2700,76.2700,1489.05,1785128399999,113585.406400,176,355.34,27108.426300,0
1785128400000,76.2800,76.2800,76.2200,76.2400,6453.86,1785128459999,492107.661300,694,1534.43,116989.143800,0
1785128460000,76.2400,76.2800,76.2400,76.2700,1712.00,1785128519999,130554.523200,349,1043.20,79556.073900,0
1785128520000,76.2700,76.3300,76.2700,76.3100,5013.55,1785128579999,382507.464700,597,3833.88,292485.886700,0
1785128580000,76.3100,76.3100,76.2700,76.3000,3300.79,1785128639999,251821.469500,509,1319.52,100670.211700,0
1785128640000,76.2900,76.3000,76.2400,76.2400,5425.14,1785128699999,413716.191100,582,1907.81,145477.821900,0
1785128700000,76.2400,76.2600,76.2400,76.2500,1814.18,1785128759999,138326.492500,372,1304.33,99455.209500,0
1785128760000,76.2600,76.3100,76.2500,76.3100,3300.02,1785128819999,251736.026700,491,3202.16,244270.569700,0
1785128820000,76.3000,76.3200,76.3000,76.3200,1147.63,1785128879999,87574.893500,317,906.93,69207.996000,0
1785128880000,76.3200,76.3500,76.2900,76.2900,3702.26,1785128939999,282554.922000,650,1233.83,94180.182500,0
1785128940000,76.3000,76.3300,76.2900,76.3200,1745.75,1785128999999,133219.719200,349,1111.28,84805.420200,0
1785129000000,76.3200,76.3900,76.3100,76.3700,2781.98,1785129059999,212448.677600,565,1737.43,132674.348300,0
1785129060000,76.3700,76.3800,76.3600,76.3700,1140.42,1785129119999,87094.810300,281,706.78,53978.906600,0
1785129120000,76.3700,76.3900,76.3500,76.3900,5254.65,1785129179999,401308.742800,463,4892.00,373616.965900,0
1785129180000,76.3900,76.4200,76.3800,76.4200,3351.07,1785129239999,256008.955200,459,2911.44,222426.285700,0
1785129240000,76.4200,76.4500,76.4100,76.4200,8006.83,1785129299999,611956.816800,664,4505.74,344379.435800,0
1785129300000,76.4200,76.4300,76.3200,76.3500,24046.25,1785129359999,1836721.587900,1392,9539.08,728555.732900,0
1785129360000,76.3600,76.3600,76.3000,76.3100,11663.46,1785129419999,890278.489400,778,1085.92,82869.551100,0
1785129420000,76.3100,76.3600,76.3100,76.3500,2396.05,1785129479999,182882.439200,384,1800.48,137428.460300,0
1785129480000,76.3500,76.3900,76.3500,76.3800,2604.98,1785129539999,198954.213100,382,1104.03,84319.428300,0
1785129540000,76.3800,76.3800,76.3600,76.3800,3047.21,1785129599999,232726.339800,395,2712.13,207136.345600,0
1785129600000,76.3800,76.4500,76.3800,76.4400,8349.34,1785129659999,638008.231300,686,5622.51,429596.756400,0
1785129660000,76.4500,76.4700,76.4300,76.4700,4727.45,1785129719999,361414.708700,624,3965.51,303172.228700,0
1785129720000,76.4700,76.4700,76.4300,76.4400,6324.67,1785129779999,483567.331200,453,2742.46,209687.531300,0
1785129780000,76.4400,76.4700,76.4100,76.4100,5156.57,1785129839999,394117.849400,626,2117.71,161889.814100,0
1785129840000,76.4200,76.4200,76.3900,76.4200,2124.94,1785129899999,162353.228200,302,1576.04,120415.301000,0
1785129900000,76.4200,76.4200,76.3700,76.3900,1716.52,1785129959999,131126.473000,353,591.17,45163.156900,0
1785129960000,76.3900,76.4100,76.3700,76.4000,8466.90,1785130019999,646761.389200,406,6273.17,479181.514200,0
1785130020000,76.3900,76.4200,76.3900,76.4200,2453.35,1785130079999,187459.301600,283,704.85,53856.463100,0
1785130080000,76.4200,76.4200,76.4000,76.4200,766.18,1785130139999,58546.035300,299,319.31,24400.700100,0
1785130140000,76.4100,76.4200,76.3800,76.3900,1271.40,1785130199999,97129.127100,252,444.12,33928.348400,0
1785130200000,76.4000,76.4200,76.3600,76.3900,15094.54,1785130259999,1152947.732400,633,1733.96,132447.163000,0
1785130260000,76.3800,76.4200,76.3800,76.4100,700.90,1785130319999,53553.441700,226,557.36,42586.794000,0
1785130320000,76.4100,76.4300,76.3600,76.4300,6951.58,1785130379999,531086.085700,770,1606.90,122776.964500,0
1785130380000,76.4300,76.4300,76.3600,76.3600,2082.93,1785130439999,159150.428200,297,317.72,24278.968300,0
1785130440000,76.3700,76.3700,76.3400,76.3600,2694.77,1785130499999,205751.319100,290,858.65,65565.188600,0
1785130500000,76.3700,76.3700,76.3400,76.3400,3887.62,1785130559999,296850.890400,287,150.13,11463.295300,0
1785130560000,76.3500,76.3600,76.3400,76.3500,4404.49,1785130619999,336255.168400,318,1060.93,81002.127300,0
1785130620000,76.3500,76.3500,76.3200,76.3400,3562.05,1785130679999,271896.503200,316,683.82,52199.310900,0
1785130680000,76.3400,76.3900,76.3300,76.3800,1388.85,1785130739999,106046.236300,286,1261.38,96315.486600,0
1785130740000,76.3900,76.4300,76.3600,76.3600,15435.18,1785130799999,1179308.148700,879,7926.27,605565.858500,0
1785130800000,76.3700,76.3700,76.3000,76.3500,3798.18,1785130859999,289896.736900,506,2570.60,196196.301700,0
1785130860000,76.3500,76.3800,76.3100,76.3100,2871.76,1785130919999,219250.839400,365,742.97,56733.592700,0
1785130920000,76.3200,76.3500,76.3200,76.3300,1538.09,1785130979999,117411.682700,246,1098.86,83881.374500,0
1785130980000,76.3200,76.3700,76.3200,76.3600,1361.19,1785131039999,103928.131600,198,600.20,45820.897700,0
1785131040000,76.3600,76.3600,76.3300,76.3300,7586.51,1785131099999,579167.853400,276,203.31,15524.599200,0
1785131100000,76.3300,76.3500,76.2800,76.2900,4463.00,1785131159999,340662.147500,451,761.36,58119.107900,0
1785131160000,76.2800,76.3100,76.2700,76.3000,8691.45,1785131219999,663001.282000,658,4395.98,335329.646700,0
1785131220000,76.2900,76.2900,76.2800,76.2800,1756.84,1785131279999,134016.541100,144,422.37,32222.607300,0
1785131280000,76.2900,76.3100,76.2800,76.3100,960.69,1785131339999,73293.160500,219,521.08,39756.120700,0
1785131340000,76.3100,76.3200,76.2800,76.3100,2288.24,1785131399999,174578.204000,391,1132.77,86425.398900,0
1785131400000,76.3100,76.3200,76.2900,76.2900,1160.52,1785131459999,88561.207100,218,265.41,20256.088400,0
1785131460000,76.3000,76.3400,76.3000,76.3400,1630.80,1785131519999,124442.586000,385,966.50,73755.955500,0
1785131520000,76.3400,76.3500,76.3200,76.3300,964.10,1785131579999,73594.280400,229,352.71,26923.520600,0
1785131580000,76.3400,76.3400,76.3200,76.3300,1310.71,1785131639999,100047.838200,165,736.53,56220.968000,0
1785131640000,76.3300,76.3600,76.3300,76.3600,2034.20,1785131699999,155308.752200,232,1629.79,124435.513400,0
1785131700000,76.3500,76.3900,76.3300,76.3900,7366.02,1785131759999,562422.594600,437,6581.90,502557.062200,0
1785131760000,76.3800,76.4200,76.3800,76.4100,3938.29,1785131819999,300893.327100,327,3665.72,280071.469300,0
1785131820000,76.4100,76.5400,76.4100,76.5400,23394.58,1785131879999,1789403.953900,1319,19140.58,1463940.678000,0
1785131880000,76.5400,76.6000,76.5300,76.5400,37230.87,1785131939999,2850903.449200,1786,11958.21,915679.635600,0
1785131940000,76.5400,76.5500,76.5200,76.5300,6271.16,1785131999999,479957.395400,383,2391.09,182998.321400,0
1785132000000,76.5200,76.5300,76.4900,76.5100,5311.05,1785132059999,406322.965600,550,2290.94,175270.342400,0
1785132060000,76.5100,76.5600,76.5000,76.5100,7154.80,1785132119999,547590.644700,814,3664.95,280491.202000,0
1785132120000,76.5200,76.6000,76.5200,76.5900,7415.55,1785132179999,567841.930500,711,6046.10,462965.046500,0
1785132180000,76.5900,76.6500,76.5900,76.6400,19417.89,1785132239999,1487856.235800,1212,16041.34,1229120.771700,0
1785132240000,76.6400,76.6900,76.6300,76.6800,10108.52,1785132299999,774903.878700,1045,6282.17,481624.974100,0
1785132300000,76.6900,76.6900,76.6300,76.6700,15014.95,1785132359999,1150959.803500,1152,8899.38,682162.462200,0
1785132360000,76.6800,76.9600,76.6700,76.9100,116079.01,1785132419999,8920916.215200,6018,82823.85,6364615.662600,0
1785132420000,76.9000,76.9000,76.7800,76.8000,31832.81,1785132479999,2445836.468700,1708,16222.55,1246445.281700,0
1785132480000,76.7900,76.7900,76.6500,76.7000,24170.00,1785132539999,1854515.265000,1547,5179.86,397410.594700,0
1785132540000,76.6900,76.7500,76.6400,76.7400,25103.21,1785132599999,1924980.816600,1280,13845.31,1061620.434300,0
1785132600000,76.7400,76.8300,76.7400,76.8100,17072.58,1785132659999,1311066.881500,1120,12678.34,973636.950000,0
1785132660000,76.8100,76.8300,76.7800,76.8200,7723.56,1785132719999,593239.526200,753,3401.64,261271.830900,0
1785132720000,76.8300,76.9200,76.8200,76.8700,50345.58,1785132779999,3870379.832500,2097,40787.62,3135553.114400,0
1785132780000,76.8600,76.8900,76.7800,76.8400,32168.01,1785132839999,2472395.165600,1491,25287.81,1943699.161800,0
1785132840000,76.8300,76.8700,76.8100,76.8500,35003.48,1785132899999,2689672.038900,1037,10100.82,776168.087500,0
1785132900000,76.8500,76.8800,76.8200,76.8600,8032.67,1785132959999,617388.353400,776,4414.30,339294.769600,0
1785132960000,76.8500,76.9100,76.8500,76.9100,8195.51,1785133019999,630040.873700,663,4920.03,378223.784900,0
1785133020000,76.9100,76.9100,76.8500,76.8600,27098.36,1785133079999,2082986.602200,1496,12940.60,994750.542800,0
1785133080000,76.8500,76.8500,76.7300,76.7700,18521.76,1785133139999,1421829.610700,1258,3414.74,262074.506100,0
1785133140000,76.7600,76.7800,76.7400,76.7600,4670.28,1785133199999,358470.590000,595,1465.53,112486.249700,0
1785133200000,76.7500,76.7600,76.6800,76.7100,13901.37,1785133259999,1066699.548200,1185,5155.45,395647.572800,0
1785133260000,76.7200,76.7300,76.6700,76.6800,9108.08,1785133319999,698587.831600,840,3370.87,258559.582300,0
1785133320000,76.6800,76.7000,76.6600,76.6800,7283.19,1785133379999,558466.002800,567,4530.51,347413.427000,0
1785133380000,76.6800,76.7400,76.6800,76.7100,2915.92,1785133439999,223680.736100,494,1107.72,84965.264200,0
1785133440000,76.7100,76.7100,76.6800,76.7100,5587.48,1785133499999,428536.166000,476,4352.26,333801.770000,0
1785133500000,76.7000,76.7000,76.6600,76.6600,10076.98,1785133559999,772697.596000,744,3494.90,268006.048300,0
1785133560000,76.6700,76.6900,76.6600,76.6700,3517.11,1785133619999,269654.670300,489,1564.64,119965.923900,0
1785133620000,76.6600,76.6700,76.6500,76.6600,4079.56,1785133679999,312734.590300,528,1622.87,124415.998300,0
1785133680000,76.6500,76.6700,76.6200,76.6700,14842.43,1785133739999,1137491.300500,1075,1615.37,123805.358300,0
1785133740000,76.6600,76.6600,76.6200,76.6500,4380.01,1785133799999,335693.953700,549,1638.25,125565.775500,0
1785133800000,76.6500,76.6600,76.6100,76.6300,8231.36,1785133859999,630748.469200,653,3608.40,276493.189600,0
1785133860000,76.6300,76.6900,76.6300,76.6700,5668.77,1785133919999,434609.806400,604,4438.25,340257.540400,0
1785133920000,76.6800,76.7100,76.6700,76.7000,6742.14,1785133979999,517035.957400,630,2903.45,222664.056800,0
1785133980000,76.7100,76.7400,76.6800,76.7400,5040.73,1785134039999,386617.954200,541,2913.39,223455.161600,0
1785134040000,76.7400,76.7700,76.7300,76.7700,4654.71,1785134099999,357235.623000,438,3535.67,271352.104000,0
1785134100000,76.7700,76.8200,76.7600,76.7900,16058.72,1785134159999,1233123.951600,1066,11443.40,878701.340600,0
1785134160000,76.7900,76.8300,76.7600,76.8300,9221.06,1785134219999,708137.356400,696,3935.54,302275.169100,0
1785134220000,76.8400,76.9000,76.8400,76.8600,7936.24,1785134279999,610071.821800,942,4407.76,338834.810800,0
1785134280000,76.8500,76.8600,76.8000,76.8300,10039.33,1785134339999,771323.769100,571,7378.44,566880.136000,0
1785134340000,76.8300,76.8400,76.8100,76.8200,2812.77,1785134399999,216094.907300,261,730.49,56127.058400,0
1785134400000,76.8100,76.8200,76.7500,76.7700,10457.21,1785134459999,802909.959600,492,2541.16,195063.748800,0
1785134460000,76.7700,76.8000,76.7600,76.7900,4705.15,1785134519999,361215.815000,498,2313.58,177634.939100,0
1785134520000,76.8000,76.8100,76.7600,76.8100,3683.23,1785134579999,282827.163900,441,1540.13,118265.403500,0
1785134580000,76.8100,76.8300,76.8000,76.8300,6549.46,1785134639999,503059.277100,585,1818.06,139647.594200,0
1785134640000,76.8300,76.8300,76.8000,76.8200,4280.52,1785134699999,328804.296300,493,2659.65,204298.081200,0
1785134700000,76.8200,76.8300,76.7400,76.7400,5819.21,1785134759999,446758.986000,630,553.74,42514.777500,0
1785134760000,76.7500,76.7600,76.7300,76.7500,2255.07,1785134819999,173062.825300,406,1108.20,85052.895100,0
1785134820000,76.7500,76.8100,76.7500,76.7700,7273.68,1785134879999,558529.112100,482,6073.88,466404.564000,0
1785134880000,76.7700,76.7700,76.6800,76.6800,19816.28,1785134939999,1520449.620000,804,549.96,42185.904100,0
1785134940000,76.6800,76.7200,76.6800,76.6800,5871.61,1785134999999,450332.581700,663,3323.35,254901.309400,0
1785135000000,76.6800,76.6800,76.6200,76.6400,11706.73,1785135059999,897212.690500,939,5883.48,450943.819800,0
1785135060000,76.6500,76.6700,76.6200,76.6500,5110.30,1785135119999,391684.489500,622,2829.19,216863.982600,0
1785135120000,76.6600,76.7000,76.6500,76.6900,3287.23,1785135179999,252069.428900,405,1470.63,112776.211000,0
1785135180000,76.6900,76.7000,76.6800,76.6900,1090.82,1785135239999,83656.699800,234,813.84,62415.787900,0
1785135240000,76.6900,76.7000,76.6600,76.6900,4642.02,1785135299999,355948.954600,395,1505.23,115418.110000,0
1785135300000,76.6900,76.6900,76.6400,76.6700,6443.29,1785135359999,493955.708900,666,1850.52,141872.394600,0
1785135360000,76.6800,76.7000,76.6700,76.7000,1261.82,1785135419999,96760.448700,277,813.05,62351.549400,0
1785135420000,76.6900,76.7000,76.6900,76.6900,2763.85,1785135479999,211967.577700,164,792.12,60755.604000,0
1785135480000,76.6900,76.7400,76.6800,76.7200,13465.32,1785135539999,1032805.082200,943,9628.22,738454.216700,0
1785135540000,76.7100,76.7400,76.6800,76.6900,2355.47,1785135599999,180701.905400,395,1065.60,81751.307800,0
1785135600000,76.6900,76.6900,76.6200,76.6500,10419.78,1785135659999,798563.300900,981,4528.98,347106.075000,0
1785135660000,76.6600,76.7200,76.6500,76.6900,3640.40,1785135719999,279180.849000,571,2686.41,206011.494400,0
1785135720000,76.6900,76.6900,76.6400,76.6700,6880.36,1785135779999,527510.072400,782,2486.25,190592.989900,0
1785135780000,76.6700,76.6900,76.6600,76.6900,2016.00,1785135839999,154578.297700,324,1661.54,127405.139100,0
1785135840000,76.6800,76.7300,76.6800,76.7300,2625.72,1785135899999,201403.904500,567,2309.19,177122.625300,0
1785135900000,76.7300,76.7300,76.6700,76.7300,10311.94,1785135959999,790868.616200,764,2813.81,215806.248100,0
1785135960000,76.7200,76.7200,76.6600,76.6700,6474.97,1785136019999,496573.578800,560,1425.00,109267.871300,0
1785136020000,76.6800,76.6800,76.6300,76.6300,9517.27,1785136079999,729525.786100,633,3593.35,275462.488900,0
1785136080000,76.6300,76.6400,76.5300,76.5700,20671.13,1785136139999,1582833.423900,1518,4514.11,345640.167400,0
1785136140000,76.5700,76.6700,76.5700,76.6600,12254.82,1785136199999,938935.208000,910,9090.85,696545.769800,0
1785136200000,76.6700,76.6700,76.6200,76.6400,2636.36,1785136259999,202064.965600,598,1099.70,84283.792000,0
1785136260000,76.6500,76.6600,76.6200,76.6500,3017.32,1785136319999,231252.779700,549,1641.93,125843.525600,0
1785136320000,76.6600,76.6700,76.6400,76.6500,2301.60,1785136379999,176433.649700,411,816.46,62591.645000,0
1785136380000,76.6400,76.6800,76.6300,76.6800,1482.12,1785136439999,113609.605900,396,1110.33,85113.622700,0
1785136440000,76.6800,76.6900,76.6500,76.6900,1405.69,1785136499999,107774.022000,402,936.25,71784.269800,0
1785136500000,76.6900,76.6900,76.6000,76.6300,2998.98,1785136559999,229841.245600,698,989.95,75871.924100,0
1785136560000,76.6200,76.6600,76.6000,76.6200,3434.85,1785136619999,263207.620200,651,2063.05,158077.936700,0
1785136620000,76.6200,76.6500,76.6000,76.6400,8205.29,1785136679999,628769.913100,582,6927.66,530892.586900,0
1785136680000,76.6400,76.6500,76.6200,76.6200,3321.62,1785136739999,254551.835700,417,1862.76,142748.571600,0
1785136740000,76.6300,76.6700,76.6200,76.6600,3680.29,1785136799999,282072.561700,400,3294.47,252500.975500,0
1785136800000,76.6700,76.6700,76.6300,76.6400,2435.72,1785136859999,186710.509900,405,1607.09,123192.716300,0
1785136860000,76.6500,76.6500,76.6400,76.6500,497.26,1785136919999,38113.516300,193,350.99,26903.383500,0
1785136920000,76.6500,76.6500,76.6200,76.6400,2912.45,1785136979999,223188.758900,413,678.50,51996.626100,0
1785136980000,76.6300,76.6400,76.6100,76.6200,7068.46,1785137039999,541581.253500,346,410.24,31433.779500,0
1785137040000,76.6100,76.6400,76.6100,76.6200,9859.86,1785137099999,755496.992500,397,708.58,54293.948300,0
1785137100000,76.6200,76.6200,76.5700,76.5900,5011.89,1785137159999,383835.504200,691,1297.61,99381.404300,0
1785137160000,76.5900,76.6000,76.5700,76.5700,2026.22,1785137219999,155174.830200,435,604.48,46297.456800,0
1785137220000,76.5700,76.5700,76.5600,76.5600,1137.09,1785137279999,87057.171400,216,156.10,11952.577000,0
1785137280000,76.5700,76.5700,76.5500,76.5500,1585.41,1785137339999,121377.788600,258,210.70,16133.082900,0
1785137340000,76.5600,76.5600,76.5300,76.5400,4416.56,1785137399999,338028.399800,439,2041.21,156234.223400,0
1785137400000,76.5400,76.5400,76.4300,76.4300,26531.80,1785137459999,2028819.168700,1697,4756.58,363746.358100,0
1785137460000,76.4300,76.4500,76.4000,76.4200,11646.09,1785137519999,890026.247700,1055,4129.50,315596.093800,0
1785137520000,76.4200,76.4400,76.4100,76.4300,3538.81,1785137579999,270462.540900,346,991.94,75818.103200,0
1785137580000,76.4300,76.4500,76.4300,76.4400,2860.61,1785137639999,218670.783600,285,2205.84,168622.081100,0
1785137640000,76.4500,76.5000,76.4400,76.5000,10482.82,1785137699999,801503.431600,562,8144.67,622729.180400,0
1785137700000,76.4900,76.5400,76.4900,76.5400,5012.53,1785137759999,383558.536300,473,2829.67,216526.918500,0
1785137760000,76.5300,76.5400,76.4900,76.5000,7115.56,1785137819999,544442.517200,340,2279.35,174380.606400,0
1785137820000,76.4900,76.5100,76.4800,76.4800,3150.90,1785137879999,241024.783400,327,1086.03,83082.071400,0
1785137880000,76.4800,76.5000,76.4300,76.4700,6922.83,1785137939999,529376.264500,684,1828.69,139843.772300,0
1785137940000,76.4600,76.4800,76.4200,76.4200,14401.98,1785137999999,1100903.667600,708,2404.47,183807.713700,0
1785138000000,76.4100,76.4400,76.3500,76.4300,17260.65,1785138059999,1318370.107000,1250,4160.70,317782.146000,0
1785138060000,76.4300,76.4600,76.4200,76.4500,4926.49,1785138119999,376570.178800,383,2475.76,189253.805600,0
1785138120000,76.4500,76.4600,76.4100,76.4200,4545.48,1785138179999,347432.727200,392,590.52,45142.751600,0
1785138180000,76.4200,76.4700,76.4200,76.4600,1777.04,1785138239999,135853.907600,213,1235.49,94452.338600,0
1785138240000,76.4600,76.4900,76.4600,76.4900,2337.14,1785138299999,178756.340400,254,2182.02,166892.905200,0
1785138300000,76.4900,76.5300,76.4900,76.5200,3645.06,1785138359999,278874.743500,379,2870.10,219596.655400,0
1785138360000,76.5300,76.5300,76.4800,76.5200,6650.95,1785138419999,508836.298400,561,3568.39,272986.913300,0
1785138420000,76.5200,76.5500,76.5100,76.5500,4208.32,1785138479999,322112.352300,366,3866.31,295941.265700,0
1785138480000,76.5400,76.5400,76.5100,76.5400,7566.01,1785138539999,578980.179100,445,4067.62,311259.923900,0
1785138540000,76.5400,76.5700,76.5300,76.5600,4257.81,1785138599999,325933.033800,366,4040.71,309318.269000,0
1785138600000,76.5700,76.5700,76.5300,76.5300,5273.53,1785138659999,403726.062100,360,825.15,63171.146300,0
1785138660000,76.5300,76.5400,76.5200,76.5200,5009.59,1785138719999,383384.317600,204,59.90,4584.743300,0
1785138720000,76.5300,76.5300,76.5000,76.5100,2402.83,1785138779999,183849.610100,250,1143.67,87507.938300,0
1785138780000,76.5100,76.5300,76.5000,76.5200,6628.54,1785138839999,507173.689600,357,4804.54,367627.932600,0
1785138840000,76.5100,76.5900,76.5100,76.5800,13500.30,1785138899999,1033659.803500,700,12132.61,928960.582100,0
1785138900000,76.5800,76.5900,76.5800,76.5800,7344.69,1785138959999,562510.466400,361,5414.70,414711.832200,0
1785138960000,76.5700,76.5800,76.5000,76.5100,8324.17,1785139019999,637292.758700,533,2739.23,209750.423400,0
1785139020000,76.5100,76.5200,76.4700,76.4700,5308.91,1785139079999,406133.215900,454,2091.16,159994.581300,0
1785139080000,76.4700,76.4900,76.4500,76.4600,2074.71,1785139139999,158660.440600,291,825.79,63156.486000,0
1785139140000,76.4500,76.4600,76.4300,76.4300,1399.87,1785139199999,107020.899200,196,308.62,23597.079700,0
1785139200000,76.4400,76.4800,76.4400,76.4500,7892.03,1785139259999,603376.909200,683,5046.29,385809.453400,0
1785139260000,76.4600,76.4600,76.4000,76.4100,8024.85,1785139319999,613257.675600,690,3049.15,233023.219200,0
1785139320000,76.4100,76.4300,76.3900,76.4100,3717.23,1785139379999,284010.007200,551,1516.42,115865.174100,0
1785139380000,76.4200,76.4200,76.3800,76.3800,1950.81,1785139439999,149036.155200,423,470.89,35978.261200,0
1785139440000,76.3900,76.4200,76.3700,76.3800,6139.49,1785139499999,468999.142600,841,3137.39,239666.324000,0
1785139500000,76.3700,76.3800,76.3500,76.3600,6536.81,1785139559999,499164.989900,507,2332.92,178152.761000,0
1785139560000,76.3600,76.3800,76.3600,76.3700,3790.78,1785139619999,289506.871200,417,2076.97,158632.136500,0
1785139620000,76.3700,76.4200,76.3700,76.3900,6987.58,1785139679999,533856.048800,766,3409.00,260437.201100,0
1785139680000,76.4000,76.4100,76.3900,76.4000,3076.16,1785139739999,235014.424200,442,1870.63,142918.090400,0
1785139740000,76.4000,76.4000,76.3500,76.3600,4291.77,1785139799999,327772.169000,457,1060.01,80959.951600,0
1785139800000,76.3500,76.3600,76.3100,76.3200,12619.94,1785139859999,963334.883400,933,2045.41,156115.861600,0
1785139860000,76.3200,76.3200,76.2600,76.2600,23598.35,1785139919999,1800328.731100,1189,2379.82,181567.447400,0
1785139920000,76.2600,76.3200,76.2600,76.3100,8916.15,1785139979999,680144.644200,694,6632.76,505988.106500,0
1785139980000,76.3200,76.3500,76.3100,76.3400,3920.29,1785140039999,299237.180700,494,3037.87,231887.166200,0
1785140040000,76.3500,76.3800,76.3300,76.3400,8216.23,1785140099999,627384.831200,664,3468.51,264849.750900,0
1785140100000,76.3400,76.3500,76.3100,76.3200,8680.03,1785140159999,662474.639500,739,1249.95,95406.308900,0
1785140160000,76.3100,76.3500,76.2500,76.3400,20889.21,1785140219999,1593519.080300,1329,5000.69,381511.278900,0
1785140220000,76.3400,76.3900,76.3100,76.3800,9280.11,1785140279999,708641.262100,784,4157.45,317440.980700,0
1785140280000,76.3900,76.4000,76.3600,76.4000,3176.24,1785140339999,242596.640000,477,2440.38,186393.029000,0
1785140340000,76.4000,76.4000,76.3700,76.4000,3105.36,1785140399999,237222.046500,412,2448.91,187080.487100,0
1785140400000,76.4000,76.4000,76.3400,76.3500,4341.83,1785140459999,331533.542500,388,1295.25,98901.370600,0
1785140460000,76.3500,76.3700,76.3200,76.3300,2238.02,1785140519999,170878.901000,443,1523.52,116331.578500,0
1785140520000,76.3300,76.3300,76.3000,76.3200,1636.44,1785140579999,124884.469900,332,828.52,63229.211900,0
1785140580000,76.3200,76.3500,76.3100,76.3500,1744.68,1785140639999,133181.077200,331,1523.99,116334.160200,0
1785140640000,76.3500,76.3500,76.3200,76.3300,1005.04,1785140699999,76721.635800,221,375.25,28646.404800,0
1785140700000,76.3200,76.3800,76.3200,76.3800,2332.19,1785140759999,178062.599200,481,2053.95,156817.063400,0
1785140760000,76.3800,76.3800,76.3500,76.3500,3067.25,1785140819999,234232.175200,411,2345.36,179107.314300,0
1785140820000,76.3600,76.3700,76.3200,76.3200,2643.55,1785140879999,201850.450900,377,1495.02,114160.219700,0
1785140880000,76.3300,76.3500,76.3200,76.3500,1073.97,1785140939999,81982.776000,296,872.09,66571.625600,0
1785140940000,76.3500,76.3700,76.3500,76.3700,1096.80,1785140999999,83749.490000,220,936.48,71507.462400,0
1785141000000,76.3700,76.3700,76.3200,76.3300,2887.09,1785141059999,220388.125700,405,811.74,61968.115600,0
1785141060000,76.3300,76.3500,76.3000,76.3500,5446.38,1785141119999,415711.255900,671,4785.06,365241.895400,0
1785141120000,76.3500,76.3700,76.3500,76.3600,2578.73,1785141179999,196904.559900,334,1105.36,84403.008400,0
1785141180000,76.3500,76.3600,76.3100,76.3300,1405.82,1785141239999,107305.088100,309,509.66,38900.758900,0
1785141240000,76.3300,76.3300,76.2800,76.3000,3686.15,1785141299999,281267.453900,353,1275.14,97307.202700,0
1785141300000,76.2900,76.2900,76.2700,76.2800,2551.60,1785141359999,194630.914600,310,1047.39,79897.206400,0
1785141360000,76.2800,76.3400,76.2800,76.3400,2781.53,1785141419999,212254.601200,524,1695.93,129412.238300,0
1785141420000,76.3300,76.3400,76.2900,76.2900,4474.83,1785141479999,341479.812800,317,1391.03,106163.317200,0
1785141480000,76.3000,76.3000,76.2600,76.2800,4246.72,1785141539999,323931.122100,381,1194.90,91143.292600,0
1785141540000,76.2800,76.2900,76.2600,76.2700,1577.50,1785141599999,120321.959500,166,350.42,26729.550600,0
1785141600000,76.2600,76.2700,76.2500,76.2600,5833.20,1785141659999,444837.550900,338,2709.18,206603.315100,0
1785141660000,76.2600,76.2900,76.2500,76.2700,3152.66,1785141719999,240446.533900,411,2061.25,157215.253100,0
1785141720000,76.2800,76.3300,76.2700,76.2700,5707.66,1785141779999,435498.337200,598,2783.34,212371.834400,0
1785141780000,76.2700,76.2900,76.2600,76.2800,1823.48,1785141839999,139089.786400,253,467.39,35652.045300,0
1785141840000,76.2700,76.2800,76.2600,76.2600,2977.87,1785141899999,227122.598600,227,928.83,70847.611200,0
1785141900000,76.2700,76.2900,76.2600,76.2900,1718.17,1785141959999,131047.703000,262,1196.18,91239.933100,0
1785141960000,76.2900,76.3400,76.2900,76.3400,2462.74,1785142019999,187954.390800,529,2277.98,173856.196500,0
1785142020000,76.3300,76.3300,76.2900,76.3100,3928.90,1785142079999,299837.344900,433,1180.57,90083.568900,0
1785142080000,76.3100,76.3500,76.3100,76.3500,3031.17,1785142139999,231352.684800,302,2828.89,215915.796500,0
1785142140000,76.3500,76.3500,76.3100,76.3100,3143.84,1785142199999,239978.110000,325,279.07,21301.205300,0
1785142200000,76.3100,76.3300,76.2600,76.2700,7273.03,1785142259999,554890.818200,599,3501.59,267135.235100,0
1785142260000,76.2800,76.3000,76.2700,76.2800,8351.28,1785142319999,637094.747600,366,6478.24,494217.530300,0
1785142320000,76.2700,76.2700,76.1900,76.2400,20411.35,1785142379999,1555726.464600,1435,7288.25,555525.032400,0
1785142380000,76.2400,76.2600,76.2300,76.2500,4404.80,1785142439999,335869.283700,314,4000.05,305011.173500,0
1785142440000,76.2500,76.3000,76.2500,76.3000,2725.19,1785142499999,207840.316300,347,2184.06,166578.741100,0
1785142500000,76.3000,76.3200,76.2900,76.2900,6039.87,1785142559999,460885.465400,471,2108.18,160870.238100,0
1785142560000,76.3000,76.3100,76.2700,76.2800,2131.16,1785142619999,162583.629600,280,409.93,31276.367900,0
1785142620000,76.2800,76.3100,76.2800,76.3000,1817.18,1785142679999,138629.170300,239,1698.34,129563.907900,0
1785142680000,76.3100,76.3200,76.2800,76.2800,3670.42,1785142739999,280043.312900,316,1946.84,148543.799500,0
1785142740000,76.2800,76.2900,76.2600,76.2600,3041.17,1785142799999,231957.668700,261,283.48,21623.912600,0
1785142800000,76.2700,76.2700,76.0800,76.1200,44946.43,1785142859999,3422341.407100,2504,11396.01,867595.850800,0
1785142860000,76.1300,76.1600,76.0900,76.1100,11316.80,1785142919999,861420.600300,903,3567.29,271571.470600,0
1785142920000,76.1100,76.1500,76.0900,76.1300,13244.20,1785142979999,1008137.910900,772,5967.37,454213.875800,0
1785142980000,76.1300,76.1600,76.1200,76.1300,8775.08,1785143039999,668116.727800,711,4536.38,345405.872200,0
1785143040000,76.1400,76.1900,76.1300,76.1700,6281.55,1785143099999,478417.579700,713,3048.16,232141.998700,0
1785143100000,76.1600,76.1800,76.1300,76.1400,2478.85,1785143159999,188791.449200,518,788.43,60053.437800,0
1785143160000,76.1400,76.1600,76.1200,76.1500,3072.11,1785143219999,233914.150200,598,1338.96,101952.540400,0
1785143220000,76.1600,76.1700,76.1600,76.1700,1253.02,1785143279999,95437.663600,286,1019.17,77627.647600,0
1785143280000,76.1700,76.1700,76.1300,76.1400,4526.41,1785143339999,344689.924400,566,1074.49,81820.554000,0
1785143340000,76.1400,76.1600,76.1300,76.1400,3463.80,1785143399999,263752.861500,463,1420.88,108197.351500,0
1785143400000,76.1400,76.1800,76.1300,76.1800,3295.78,1785143459999,251002.623700,501,2064.59,157227.658900,0
1785143460000,76.1800,76.1900,76.1700,76.1900,1045.58,1785143519999,79658.393000,348,803.69,61231.213700,0
1785143520000,76.1800,76.2100,76.1800,76.2100,2651.83,1785143579999,202069.941400,511,2565.52,195493.878000,0
1785143580000,76.2100,76.2300,76.2100,76.2300,2860.86,1785143639999,218070.030400,370,2566.71,195650.903200,0
1785143640000,76.2300,76.2300,76.1300,76.1600,17094.07,1785143699999,1301977.436900,1028,3587.94,273253.965400,0
1785143700000,76.1600,76.1700,76.1500,76.1600,4393.55,1785143759999,334607.547900,414,852.51,64927.961200,0
1785143760000,76.1600,76.1700,76.1400,76.1700,4034.30,1785143819999,307251.029500,620,2787.60,212311.637800,0
1785143820000,76.1700,76.2000,76.1500,76.1900,8330.51,1785143879999,634582.881400,597,1889.00,143909.510400,0
1785143880000,76.1800,76.1800,76.1600,76.1600,6970.59,1785143939999,530932.927500,357,446.28,33993.686800,0
1785143940000,76.1700,76.1700,76.1500,76.1700,3240.52,1785143999999,246801.726800,426,652.79,49721.924000,0
1785144000000,76.1700,76.2000,76.1600,76.1800,3870.88,1785144059999,294910.936900,371,1180.68,89945.267800,0
1785144060000,76.1900,76.2900,76.1800,76.2900,12093.95,1785144119999,922088.246800,933,10883.61,829825.427800,0
1785144120000,76.2900,76.3200,76.2400,76.2600,12995.96,1785144179999,991562.828800,875,3589.92,273899.317000,0
1785144180000,76.2600,76.3000,76.2500,76.2800,2723.80,1785144239999,207754.044500,368,1874.78,142984.589800,0
1785144240000,76.2900,76.2900,76.2800,76.2900,1743.10,1785144299999,132975.704100,197,1203.61,91823.406900,0
1785144300000,76.2900,76.3300,76.2800,76.3100,7197.01,1785144359999,549190.768000,514,4406.76,336254.141700,0
1785144360000,76.3100,76.3300,76.3000,76.3200,5491.85,1785144419999,419115.204600,395,3356.55,256156.573200,0
1785144420000,76.3200,76.3300,76.3100,76.3300,3898.97,1785144479999,297578.382300,491,1314.22,100310.321000,0
1785144480000,76.3300,76.3300,76.3100,76.3300,3650.91,1785144539999,278639.960000,361,1877.49,143295.723000,0
1785144540000,76.3300,76.3300,76.3200,76.3300,1544.11,1785144599999,117856.622100,267,1014.69,77451.287700,0
1785144600000,76.3300,76.3300,76.2700,76.3000,4307.41,1785144659999,328661.498100,633,1281.87,97802.202600,0
1785144660000,76.3000,76.3300,76.2900,76.3300,2483.36,1785144719999,189516.447700,418,2284.23,174319.598200,0
1785144720000,76.3200,76.3500,76.3200,76.3500,2590.36,1785144779999,197736.155800,393,2153.09,164362.971500,0
1785144780000,76.3500,76.3700,76.3300,76.3400,8051.63,1785144839999,614767.878400,475,4410.27,336761.740400,0
1785144840000,76.3400,76.4100,76.3300,76.4000,10335.95,1785144899999,789443.800300,863,7992.82,610472.681600,0
1785144900000,76.4000,76.4500,76.3700,76.4200,9153.02,1785144959999,699439.697700,1006,5773.42,441193.357600,0
1785144960000,76.4200,76.4600,76.4000,76.4500,5205.35,1785145019999,397825.151000,552,2700.38,206392.713500,0
1785145020000,76.4500,76.4900,76.4400,76.4800,3292.06,1785145079999,251731.734600,397,2626.61,200848.159200,0
1785145080000,76.4700,76.4900,76.4200,76.4300,10469.35,1785145139999,800407.390000,702,5059.63,386862.095900,0
1785145140000,76.4300,76.4600,76.4300,76.4600,2190.38,1785145199999,167449.994600,303,1420.38,108584.906600,0
1785145200000,76.4500,76.4800,76.4500,76.4500,3451.84,1785145259999,263936.066100,354,2550.73,195036.428600,0
1785145260000,76.4600,76.4600,76.4200,76.4200,3605.21,1785145319999,275597.186000,356,982.30,75088.466200,0
1785145320000,76.4200,76.4300,76.4100,76.4100,3365.03,1785145379999,257174.294700,223,2506.88,191596.891100,0
1785145380000,76.4200,76.4200,76.4000,76.4000,3518.45,1785145439999,268830.202300,196,407.23,31119.462000,0
1785145440000,76.4000,76.4300,76.4000,76.4300,2944.43,1785145499999,224995.425400,255,2693.02,205787.137600,0
1785145500000,76.4300,76.4300,76.4000,76.4300,4352.43,1785145559999,332584.296400,335,2997.29,229029.278600,0
1785145560000,76.4300,76.4400,76.4100,76.4400,2807.99,1785145619999,214593.098500,271,1485.72,113545.291700,0
1785145620000,76.4400,76.4800,76.4300,76.4700,2854.26,1785145679999,218251.803700,377,2700.49,206494.014500,0
1785145680000,76.4800,76.4800,76.4600,76.4700,3928.74,1785145739999,300421.041500,292,795.44,60829.822400,0
1785145740000,76.4700,76.5200,76.4600,76.5100,3493.62,1785145799999,267240.409100,577,3376.34,258270.200900,0
1785145800000,76.5200,76.5200,76.4900,76.5200,5684.71,1785145859999,434914.037000,415,2889.57,221073.046400,0
1785145860000,76.5200,76.5300,76.5000,76.5100,5322.34,1785145919999,407218.664300,317,2626.49,200957.770300,0
1785145920000,76.5000,76.5100,76.4900,76.4900,4256.00,1785145979999,325571.014300,267,381.00,29146.689100,0
1785145980000,76.5000,76.5000,76.4700,76.4900,5207.92,1785146039999,398315.656500,364,2004.26,153287.498100,0
1785146040000,76.4900,76.4900,76.4300,76.4500,3075.63,1785146099999,235137.596500,361,1503.64,114946.208900,0
1785146100000,76.4400,76.4500,76.4400,76.4400,3783.69,1785146159999,289254.446500,80,2918.29,223103.270500,0
1785146160000,76.4400,76.4800,76.4400,76.4700,6522.22,1785146219999,498705.651000,449,2591.46,198134.641400,0
1785146220000,76.4600,76.4700,76.4600,76.4600,1032.66,1785146279999,78957.530100,139,34.65,2649.685500,0
1785146280000,76.4600,76.4700,76.4500,76.4500,1883.80,1785146339999,144042.602600,192,799.57,61142.666600,0
1785146340000,76.4600,76.4600,76.4400,76.4400,1313.37,1785146399999,100407.432700,130,339.07,25923.394900,0
1785146400000,76.4400,76.4400,76.4300,76.4300,2567.66,1785146459999,196260.438800,310,909.13,69493.897200,0
1785146460000,76.4400,76.4400,76.4300,76.4400,762.51,1785146519999,58281.616500,173,297.72,22757.716800,0
1785146520000,76.4400,76.4500,76.4200,76.4500,4162.07,1785146579999,318117.745100,559,2491.32,190423.322500,0
1785146580000,76.4400,76.4600,76.4400,76.4500,1935.98,1785146639999,148006.268400,330,770.06,58874.465400,0
1785146640000,76.4500,76.4600,76.4200,76.4300,3411.61,1785146699999,260770.589100,609,858.35,65617.140900,0
1785146700000,76.4300,76.4300,76.3800,76.4000,4678.15,1785146759999,357384.069600,572,1739.08,132849.891300,0
1785146760000,76.4000,76.4000,76.3800,76.3900,2377.32,1785146819999,181590.690400,292,160.49,12260.847700,0
1785146820000,76.3900,76.4400,76.3700,76.4400,5003.23,1785146879999,382272.959100,483,4102.44,313453.365900,0
1785146880000,76.4400,76.4800,76.4300,76.4700,8668.76,1785146939999,662839.005500,483,7859.58,600982.222800,0
1785146940000,76.4800,76.4800,76.4300,76.4400,2302.42,1785146999999,176038.194600,438,273.31,20897.388700,0
1785147000000,76.4400,76.4400,76.4000,76.4200,2386.46,1785147059999,182365.624200,391,807.04,61671.836300,0
1785147060000,76.4200,76.4400,76.4100,76.4200,3369.32,1785147119999,257492.384500,460,2288.92,174925.570600,0
1785147120000,76.4200,76.4400,76.4100,76.4400,802.41,1785147179999,61324.741600,270,654.62,50030.791100,0
1785147180000,76.4400,76.4500,76.4200,76.4400,5978.67,1785147239999,456946.613300,370,855.42,65384.514200,0
1785147240000,76.4500,76.4600,76.4400,76.4600,1445.92,1785147299999,110540.801200,241,1129.40,86344.340100,0
1785147300000,76.4600,76.4700,76.4500,76.4600,2587.21,1785147359999,197819.560800,319,883.53,67556.837600,0
1785147360000,76.4500,76.5100,76.4500,76.4800,10074.69,1785147419999,770600.339700,643,7384.81,564852.655900,0
1785147420000,76.4800,76.5100,76.4700,76.4900,1885.90,1785147479999,144259.498400,376,1256.72,96131.138100,0
1785147480000,76.4900,76.4900,76.4500,76.4600,2653.62,1785147539999,202925.831900,483,1070.97,81899.309100,0
1785147540000,76.4600,76.4900,76.4500,76.4900,1966.92,1785147599999,150417.152000,313,1263.08,96594.502900,0
1785147600000,76.4900,76.5600,76.4800,76.5200,10578.08,1785147659999,809602.186800,934,8915.92,682386.962300,0
1785147660000,76.5200,76.5700,76.5100,76.5700,7154.32,1785147719999,547629.067100,593,6657.90,509633.213400,0
1785147720000,76.5700,76.6100,76.5600,76.5700,12591.05,1785147779999,964346.781700,1036,10143.92,776931.622300,0
1785147780000,76.5600,76.5700,76.5400,76.5600,2390.08,1785147839999,182982.073800,400,1840.53,140909.364000,0
1785147840000,76.5600,76.5900,76.5600,76.5900,3012.13,1785147899999,230669.581500,443,2060.45,157790.388800,0
1785147900000,76.5900,76.5900,76.5400,76.5400,3247.29,1785147959999,248617.440700,431,450.30,34478.556000,0
1785147960000,76.5400,76.5500,76.5300,76.5500,2190.79,1785148019999,167687.627000,233,1117.27,85521.304000,0
1785148020000,76.5400,76.5500,76.5000,76.5000,2031.58,1785148079999,155459.417000,456,362.49,27736.751900,0
1785148080000,76.5100,76.5200,76.5000,76.5200,2549.07,1785148139999,195028.508300,344,2436.48,186415.103800,0
1785148140000,76.5200,76.5600,76.5100,76.5600,16830.25,1785148199999,1288131.826900,525,15783.27,1207989.076900,0
1785148200000,76.5600,76.6000,76.5300,76.5300,6881.63,1785148259999,526898.828400,719,3542.02,271201.681100,0
1785148260000,76.5400,76.5700,76.5200,76.5500,9205.63,1785148319999,704640.943400,568,4047.92,309821.075300,0
1785148320000,76.5400,76.5800,76.5300,76.5500,8758.49,1785148379999,670532.388900,549,3823.25,292669.051600,0
1785148380000,76.5500,76.5600,76.5300,76.5300,4956.67,1785148439999,379400.571100,335,392.12,30020.636800,0
1785148440000,76.5400,76.5400,76.5100,76.5100,2039.14,1785148499999,156049.138800,270,200.63,15355.869800,0
1785148500000,76.5100,76.5400,76.5100,76.5200,2576.93,1785148559999,197197.199500,290,1843.87,141100.241600,0
1785148560000,76.5200,76.5500,76.5200,76.5500,1549.37,1785148619999,118581.448900,174,1408.77,107822.706900,0
1785148620000,76.5500,76.5500,76.5400,76.5500,939.51,1785148679999,71915.720400,115,562.50,43059.375000,0
1785148680000,76.5500,76.5500,76.5300,76.5300,2385.56,1785148739999,182592.107800,231,151.11,11567.314400,0
1785148740000,76.5300,76.5900,76.5300,76.5800,3805.48,1785148799999,291328.116200,332,3692.97,282716.072100,0
1785148800000,76.5900,76.5900,76.5400,76.5800,7936.82,1785148859999,607738.690400,446,3315.42,253872.903600,0
1785148860000,76.5700,76.6000,76.5700,76.5800,8828.70,1785148919999,676111.352600,436,5097.08,390342.950100,0
1785148920000,76.5900,76.6200,76.5800,76.6200,10817.43,1785148979999,828681.752000,473,9681.29,741660.504700,0
1785148980000,76.6200,76.6300,76.6100,76.6300,4274.18,1785149039999,327501.593600,297,3083.38,236263.078700,0
1785149040000,76.6200,76.6300,76.6000,76.6100,6526.76,1785149099999,500051.312300,495,4496.30,344487.293200,0
1785149100000,76.6100,76.6500,76.6100,76.6300,10524.52,1785149159999,806536.586700,468,8675.96,664879.807900,0
1785149160000,76.6300,76.6300,76.5500,76.5800,4860.87,1785149219999,372230.542700,608,1929.69,147755.974700,0
1785149220000,76.5800,76.5900,76.5700,76.5800,736.81,1785149279999,56425.330100,126,598.63,45844.273300,0
1785149280000,76.5800,76.5900,76.5500,76.5800,1716.00,1785149339999,131390.985900,273,473.77,36274.208800,0
1785149340000,76.5800,76.5900,76.5700,76.5800,730.57,1785149399999,55945.795500,206,264.05,20221.183100,0
1785149400000,76.5800,76.5800,76.5400,76.5500,833.64,1785149459999,63821.728200,261,118.51,9072.884700,0
1785149460000,76.5400,76.5600,76.5400,76.5400,1790.73,1785149519999,137078.987100,272,867.26,66389.319100,0
1785149520000,76.5500,76.5700,76.5400,76.5500,8355.79,1785149579999,639642.307700,429,7627.50,583893.948400,0
1785149580000,76.5500,76.5800,76.5500,76.5700,1050.10,1785149639999,80404.972200,186,414.92,31769.940100,0
1785149640000,76.5800,76.5800,76.5600,76.5800,2235.74,1785149699999,171191.536400,297,1521.11,116472.539700,0
1785149700000,76.5700,76.5900,76.5500,76.5800,2412.41,1785149759999,184718.708800,309,733.34,56155.423900,0
1785149760000,76.5700,76.6000,76.5700,76.5700,6940.67,1785149819999,531519.415800,365,940.52,72030.012500,0
1785149820000,76.5700,76.5700,76.5600,76.5700,944.43,1785149879999,72310.567700,99,500.69,38337.833300,0
1785149880000,76.5700,76.5700,76.5500,76.5700,1732.40,1785149939999,132632.876500,366,524.65,40168.061200,0
1785149940000,76.5700,76.5900,76.5600,76.5900,2031.41,1785149999999,155548.728600,171,1542.38,118103.789200,0
1785150000000,76.5900,76.5900,76.5000,76.5100,6020.96,1785150059999,460801.662200,798,1787.13,136778.705500,0
1785150060000,76.5100,76.5200,76.4800,76.5000,12750.96,1785150119999,975397.651900,590,8704.53,665884.203300,0
1785150120000,76.5000,76.5400,76.4800,76.4900,3619.18,1785150179999,276896.347000,540,722.69,55293.739800,0
1785150180000,76.4800,76.4800,76.4500,76.4600,4912.63,1785150239999,375609.396700,365,1895.20,144907.187200,0
1785150240000,76.4600,76.5000,76.4600,76.4900,3126.92,1785150299999,239148.333200,499,1389.29,106258.256100,0
1785150300000,76.4800,76.4900,76.4700,76.4800,1916.70,1785150359999,146586.743000,309,399.73,30574.836200,0
1785150360000,76.4800,76.5200,76.4700,76.5100,4110.59,1785150419999,314463.484800,355,2705.30,206956.101300,0
1785150420000,76.5200,76.5200,76.5100,76.5200,2070.20,1785150479999,158408.835800,150,1783.38,136464.237600,0
1785150480000,76.5200,76.5700,76.5100,76.5700,28335.33,1785150539999,2168253.758100,732,25888.47,1981042.811900,0
1785150540000,76.5700,76.5700,76.5400,76.5500,2495.19,1785150599999,191035.403300,419,1040.50,79670.146600,0
1785150600000,76.5400,76.5600,76.4900,76.5500,6192.33,1785150659999,473825.453800,650,3219.14,246300.391800,0
1785150660000,76.5600,76.5600,76.5300,76.5400,1581.30,1785150719999,121050.899400,246,348.69,26695.658600,0
1785150720000,76.5300,76.5500,76.5100,76.5500,4417.85,1785150779999,338120.299900,297,3135.04,239944.324500,0
1785150780000,76.5500,76.5500,76.5300,76.5300,652.35,1785150839999,49930.248700,142,64.34,4925.116700,0
1785150840000,76.5400,76.5400,76.5300,76.5400,4019.97,1785150899999,307650.428500,160,212.44,16260.157600,0
1785150900000,76.5400,76.5400,76.5200,76.5300,1871.22,1785150959999,143195.191300,121,276.62,21171.863000,0
1785150960000,76.5300,76.5800,76.5100,76.5800,9559.84,1785151019999,731608.331100,474,8845.22,676925.024400,0
1785151020000,76.5800,76.6000,76.5700,76.6000,4720.38,1785151079999,361488.676100,572,3157.32,241791.281900,0
1785151080000,76.5900,76.6000,76.5600,76.6000,4908.91,1785151139999,375899.324600,489,2645.67,202597.352000,0
1785151140000,76.6000,76.6000,76.5700,76.5900,5388.58,1785151199999,412679.171300,441,1578.67,120897.346800,0
1785151200000,76.5900,76.6000,76.5800,76.6000,1554.07,1785151259999,119027.116600,148,1425.78,109201.723900,0
1785151260000,76.6000,76.6200,76.5900,76.5900,5611.68,1785151319999,429889.629400,431,2649.19,202942.321700,0
1785151320000,76.5800,76.5900,76.5600,76.5700,8840.91,1785151379999,676972.614000,486,2344.59,179552.384700,0
1785151380000,76.5700,76.5800,76.5500,76.5700,1817.02,1785151439999,139119.860700,228,633.59,48511.035000,0
1785151440000,76.5600,76.5700,76.5500,76.5600,3648.32,1785151499999,279309.720400,217,22.32,1708.990200,0
1785151500000,76.5500,76.6000,76.5500,76.5800,6867.49,1785151559999,525940.094000,375,2762.41,211539.176900,0
1785151560000,76.5800,76.5800,76.4800,76.5300,8123.98,1785151619999,621600.333700,833,1697.95,129895.735500,0
1785151620000,76.5200,76.5500,76.5200,76.5500,3287.35,1785151679999,251599.814300,289,1061.84,81267.393700,0
1785151680000,76.5500,76.5600,76.5300,76.5600,3688.54,1785151739999,282323.694700,298,2110.81,161566.186200,0
1785151740000,76.5500,76.5700,76.4600,76.4700,7752.19,1785151799999,593063.721700,638,577.59,44213.594000,0
1785151800000,76.4600,76.5500,76.4500,76.5100,7267.06,1785151859999,556038.632000,791,3851.55,294673.642800,0
1785151860000,76.5200,76.5500,76.5100,76.5500,1539.51,1785151919999,117825.989500,269,1422.83,108897.448200,0
1785151920000,76.5500,76.5500,76.5200,76.5400,3995.52,1785151979999,305798.938700,430,1979.33,151490.768100,0
1785151980000,76.5400,76.5400,76.5200,76.5400,4634.98,1785152039999,354739.099100,707,3298.74,252476.412000,0
1785152040000,76.5400,76.6000,76.5400,76.6000,2401.34,1785152099999,183828.364900,346,1414.91,108325.464400,0
1785152100000,76.6000,76.6000,76.5900,76.6000,559.94,1785152159999,42889.298000,143,349.34,26759.444000,0
1785152160000,76.5900,76.6400,76.5900,76.6400,7118.74,1785152219999,545460.459700,417,6585.22,504586.557300,0
1785152220000,76.6400,76.6500,76.6300,76.6400,5563.60,1785152279999,426400.115700,317,4210.29,322695.685600,0
1785152280000,76.6500,76.6500,76.6300,76.6500,5860.17,1785152339999,449147.593200,251,2611.37,200160.078000,0
1785152340000,76.6500,76.6500,76.6300,76.6300,2418.57,1785152399999,185358.584800,249,646.38,49540.766700,0
1785152400000,76.6300,76.6500,76.6300,76.6400,2741.86,1785152459999,210143.318700,274,1298.03,99488.525200,0
1785152460000,76.6400,76.6400,76.6000,76.6100,9524.30,1785152519999,729819.085000,409,338.53,25941.181700,0
1785152520000,76.6100,76.6100,76.6000,76.6100,1829.01,1785152579999,140107.797800,138,563.18,43145.219800,0
1785152580000,76.6100,76.6100,76.5500,76.5900,16363.91,1785152639999,1253227.704900,894,10082.55,772176.442100,0
1785152640000,76.5900,76.6000,76.5800,76.5900,1163.67,1785152699999,89127.055100,146,710.89,54449.346000,0
1785152700000,76.5800,76.5800,76.5600,76.5800,1882.47,1785152759999,144146.064000,280,523.29,40069.955400,0
1785152760000,76.5800,76.5900,76.5700,76.5800,4272.91,1785152819999,327211.358200,355,1702.19,130353.830000,0
1785152820000,76.5900,76.5900,76.5500,76.5600,1950.47,1785152879999,149347.444100,342,196.46,15044.470500,0
1785152880000,76.5500,76.5600,76.5400,76.5600,2129.73,1785152939999,163036.213800,288,1223.73,93684.731800,0
1785152940000,76.5700,76.6000,76.5600,76.6000,4234.39,1785152999999,324255.069600,247,3146.52,240948.530400,0
1785153000000,76.5900,76.6000,76.5600,76.5700,1831.52,1785153059999,140267.048000,267,249.49,19107.069500,0
1785153060000,76.5700,76.5700,76.5500,76.5600,2022.59,1785153119999,154848.082200,306,588.32,45043.756100,0
1785153120000,76.5600,76.5800,76.5500,76.5500,2985.05,1785153179999,228554.226100,309,1940.43,148571.333000,0
1785153180000,76.5500,76.5600,76.5100,76.5200,7628.28,1785153239999,583744.004100,504,791.59,60573.689200,0
1785153240000,76.5100,76.5400,76.5100,76.5200,7477.22,1785153299999,572191.293800,285,758.84,58071.359800,0
1785153300000,76.5200,76.5400,76.4800,76.4900,5108.16,1785153359999,390899.926800,430,746.76,57149.503800,0
1785153360000,76.4800,76.5100,76.4700,76.4800,6570.11,1785153419999,502490.410000,452,713.96,54611.450600,0
1785153420000,76.4700,76.5000,76.4700,76.5000,1602.67,1785153479999,122584.389300,235,1177.90,90095.031900,0
1785153480000,76.5000,76.5100,76.4600,76.4700,4244.36,1785153539999,324621.393100,386,1099.63,84117.596600,0
1785153540000,76.4700,76.4900,76.4700,76.4900,1843.30,1785153599999,140971.315100,158,803.48,61445.882300,0
1785153600000,76.4900,76.5600,76.4700,76.5500,5865.54,1785153659999,448764.002500,862,3814.25,291786.660400,0
1785153660000,76.5600,76.5800,76.5500,76.5800,2500.62,1785153719999,191473.834700,630,1253.29,95966.026200,0
1785153720000,76.5800,76.6200,76.5700,76.6200,4643.16,1785153779999,355689.374300,476,4421.05,338675.256400,0
1785153780000,76.6100,76.6300,76.6100,76.6300,14470.68,1785153839999,1108755.684600,401,2930.40,224539.749300,0
1785153840000,76.6300,76.7000,76.6200,76.6900,14524.26,1785153899999,1113581.380900,1085,10430.16,799653.336800,0
1785153900000,76.7000,76.7000,76.6500,76.6500,5848.17,1785153959999,448400.845100,660,1301.39,99793.646700,0
1785153960000,76.6600,76.6900,76.6500,76.6900,7206.02,1785154019999,552475.320300,499,4905.12,376077.422700,0
1785154020000,76.6900,76.7500,76.6900,76.7200,10851.85,1785154079999,832614.140300,1008,6905.08,529800.070200,0
1785154080000,76.7100,76.7400,76.7000,76.7200,4159.31,1785154139999,319094.520000,430,2246.29,172332.479700,0
1785154140000,76.7300,76.7300,76.6900,76.6900,3472.15,1785154199999,266337.107400,367,1182.47,90699.085800,0
1785154200000,76.6900,76.7000,76.6600,76.6600,3148.28,1785154259999,241410.218400,507,933.48,71579.363500,0
1785154260000,76.6700,76.6700,76.6300,76.6500,3951.70,1785154319999,302913.734900,607,1562.88,119799.875600,0
1785154320000,76.6400,76.6500,76.6100,76.6300,8149.56,1785154379999,624434.649900,530,4156.74,318500.640300,0
1785154380000,76.6300,76.6300,76.4800,76.5400,10711.79,1785154439999,819800.280600,1308,2137.66,163583.943300,0
1785154440000,76.5400,76.5700,76.5200,76.5300,5121.64,1785154499999,392013.745400,529,1382.14,105797.465300,0
1785154500000,76.5200,76.5800,76.5000,76.5700,7144.92,1785154559999,546906.306100,729,2924.56,223847.787400,0
1785154560000,76.5700,76.6200,76.5600,76.6100,10191.56,1785154619999,780626.717800,540,7734.25,592416.293200,0
1785154620000,76.6100,76.6200,76.5300,76.5500,5874.28,1785154679999,449869.599800,743,2029.34,155407.102300,0
1785154680000,76.5500,76.5500,76.5300,76.5300,3174.44,1785154739999,242966.096100,370,1165.91,89239.508600,0
1785154740000,76.5400,76.5600,76.5000,76.5200,8638.74,1785154799999,661092.950400,573,1648.15,126152.567300,0
1785154800000,76.5200,76.5200,76.4800,76.4900,12878.58,1785154859999,985063.179000,720,1091.81,83518.918400,0
1785154860000,76.4900,76.5000,76.4200,76.4600,35218.22,1785154919999,2692411.847900,1766,7658.29,585471.909600,0
1785154920000,76.4600,76.4700,76.4300,76.4400,14748.23,1785154979999,1127342.837100,660,2516.76,192387.197500,0
1785154980000,76.4400,76.4600,76.4300,76.4400,13079.42,1785155039999,999879.766600,594,6777.28,518140.368200,0
1785155040000,76.4400,76.4500,76.4200,76.4200,4918.44,1785155099999,375948.942700,484,1009.00,77132.513200,0
1785155100000,76.4200,76.4300,76.3800,76.3900,13844.78,1785155159999,1057738.973500,1118,5324.64,406819.438500,0
1785155160000,76.4000,76.4200,76.3900,76.4000,22462.71,1785155219999,1716237.758000,879,6949.55,530977.154600,0
1785155220000,76.4000,76.4200,76.3900,76.4000,10589.21,1785155279999,809100.371900,563,6462.65,493825.051600,0
1785155280000,76.4100,76.4100,76.3500,76.3900,17756.91,1785155339999,1356099.346300,946,9106.70,695436.736700,0
1785155340000,76.3900,76.4000,76.3400,76.3400,11845.87,1785155399999,904691.187900,628,4549.46,347486.719500,0
1785155400000,76.3400,76.3600,76.3300,76.3600,12690.71,1785155459999,968843.611300,717,4605.09,351601.000400,0
1785155460000,76.3500,76.3700,76.2600,76.2700,26359.86,1785155519999,2011358.472000,1486,7900.32,602874.173900,0
1785155520000,76.2700,76.3200,76.2200,76.3000,19848.77,1785155579999,1513857.257900,1302,7840.35,598026.174700,0
1785155580000,76.2900,76.3100,76.2100,76.2100,26230.72,1785155639999,2000117.225100,1335,9365.77,714175.193900,0
1785155640000,76.2100,76.3200,76.2100,76.3000,17920.40,1785155699999,1367016.664100,743,13632.45,1039949.080500,0
1785155700000,76.3000,76.3600,76.3000,76.3300,10454.95,1785155759999,798074.404900,1009,6987.79,533425.122000,0
1785155760000,76.3300,76.4200,76.3200,76.4000,19681.17,1785155819999,1503131.976300,1117,16527.80,1262285.338600,0
1785155820000,76.4100,76.4400,76.3800,76.4400,10587.94,1785155879999,809002.535900,1059,7407.08,565973.189300,0
1785155880000,76.4400,76.4600,76.4100,76.4600,13437.31,1785155939999,1027203.195900,773,11307.24,864381.587800,0
1785155940000,76.4600,76.5200,76.4600,76.5100,23363.64,1785155999999,1787158.437400,1218,20766.74,1588524.055100,0
1785156000000,76.5200,76.5600,76.5000,76.5300,22994.09,1785156059999,1759698.973900,1265,11399.86,872439.434600,0
1785156060000,76.5200,76.6400,76.5200,76.6400,16041.33,1785156119999,1228868.269600,1499,11989.57,918469.152200,0
1785156120000,76.6400,76.7100,76.6100,76.6800,37883.90,1785156179999,2904320.564800,1840,23186.58,1777634.376300,0
1785156180000,76.6800,76.7600,76.6700,76.7500,40170.76,1785156239999,3082285.448100,1729,21725.52,1666870.402500,0
1785156240000,76.7500,76.8500,76.7400,76.8400,65916.74,1785156299999,5062508.404000,2638,45185.19,3470220.567300,0
1785156300000,76.8400,76.9100,76.7600,76.8300,205369.50,1785156359999,15780752.306500,6492,128821.40,9899041.791900,0
1785156360000,76.8300,76.9500,76.8200,76.8700,84816.35,1785156419999,6521976.920700,3303,45012.84,3461373.280600,0
1785156420000,76.8700,76.9500,76.8500,76.9400,32905.32,1785156479999,2530641.219600,1482,22591.41,1737242.346600,0
1785156480000,76.9500,77.0500,76.9400,77.0400,71577.42,1785156539999,5512243.131300,3712,51443.65,3961706.865000,0
1785156540000,77.0400,77.0400,76.8800,76.9000,51243.35,1785156599999,3942742.108000,2173,13967.14,1074877.457300,0
1785156600000,76.8900,76.9800,76.8900,76.9800,30009.83,1785156659999,2309204.242400,1116,26170.73,2013801.102000,0
1785156660000,76.9800,76.9800,76.8400,76.8500,31348.81,1785156719999,2410784.361000,1511,8738.90,672124.636500,0
1785156720000,76.8500,76.8800,76.8400,76.8700,24207.29,1785156779999,1860543.884800,935,10703.48,822643.633000,0
1785156780000,76.8700,76.9600,76.8600,76.9300,27160.58,1785156839999,2088612.803500,1129,20733.57,1594251.630700,0
1785156840000,76.9300,76.9300,76.8600,76.9000,10011.96,1785156899999,769786.641800,639,3903.20,300103.061300,0
1785156900000,76.9100,76.9500,76.8900,76.9200,11987.30,1785156959999,922073.623300,734,5479.56,421507.814200,0
1785156960000,76.9200,76.9200,76.8400,76.8500,5756.39,1785157019999,442532.893200,623,2119.17,162903.501200,0
1785157020000,76.8500,76.8600,76.8100,76.8400,13550.09,1785157079999,1041244.144900,636,6949.75,534060.199200,0
1785157080000,76.8400,76.8600,76.8100,76.8600,11742.21,1785157139999,902229.059000,576,5458.26,419390.020400,0
1785157140000,76.8500,76.8500,76.8100,76.8200,12325.17,1785157199999,946880.384700,704,3859.93,296532.775200,0
1785157200000,76.8300,76.8700,76.7800,76.7900,27603.39,1785157259999,2120691.014300,1401,8358.22,642155.779400,0
1785157260000,76.7800,76.8400,76.7400,76.8200,40174.38,1785157319999,3084637.082700,1582,25573.94,1963533.760200,0
1785157320000,76.8200,76.9100,76.8200,76.9100,18765.47,1785157379999,1442246.840800,1122,13102.66,1007009.583100,0
1785157380000,76.9100,76.9400,76.8400,76.8500,8656.44,1785157439999,665619.306300,998,4719.46,362899.159100,0
1785157440000,76.8500,76.8700,76.8200,76.8300,13883.82,1785157499999,1066892.400800,773,10069.98,773818.637500,0
1785157500000,76.8300,76.8300,76.7600,76.7700,15466.35,1785157559999,1187496.392000,1028,4201.54,322604.916400,0
1785157560000,76.7700,76.7700,76.7300,76.7600,11045.62,1785157619999,847786.052800,822,4230.40,324699.311800,0
1785157620000,76.7600,76.7700,76.7500,76.7600,6710.04,1785157679999,515071.693900,528,3734.72,286688.735500,0
1785157680000,76.7700,76.7700,76.7200,76.7500,9115.49,1785157739999,699483.566000,602,6892.24,528879.965200,0
1785157740000,76.7500,76.7700,76.6900,76.7300,16130.44,1785157799999,1237684.443300,994,6439.45,494093.199600,0
1785157800000,76.7300,76.7300,76.6300,76.7200,16191.01,1785157859999,1241391.272100,1427,7825.60,599943.569900,0
1785157860000,76.7200,76.7600,76.7000,76.7300,12430.26,1785157919999,953814.577900,1000,5925.40,454682.506100,0
1785157920000,76.7300,76.7400,76.6900,76.7300,4084.49,1785157979999,313372.441500,574,2843.67,218176.053400,0
1785157980000,76.7300,76.7400,76.6500,76.6500,5972.17,1785158039999,457973.696200,926,2519.97,193272.952300,0
1785158040000,76.6500,76.6600,76.5800,76.5900,18441.53,1785158099999,1412768.000600,1446,5859.01,448872.691400,0
1785158100000,76.5900,76.6600,76.5800,76.6300,13126.44,1785158159999,1005858.463400,993,7934.90,608022.191700,0
1785158160000,76.6400,76.6400,76.5800,76.5900,9694.64,1785158219999,742634.589200,821,3388.12,259566.983300,0
1785158220000,76.5900,76.6000,76.5500,76.6000,9184.58,1785158279999,703244.198900,945,6870.50,526071.949500,0
1785158280000,76.6000,76.6400,76.5700,76.5800,10647.35,1785158339999,815606.504300,697,7690.99,589154.486000,0
1785158340000,76.5700,76.5800,76.5300,76.5700,18258.74,1785158399999,1397725.923600,1039,5978.23,457651.466700,0
1785158400000,76.5700,76.5800,76.5200,76.5300,11312.65,1785158459999,866005.512200,874,7089.96,542748.276500,0
1785158460000,76.5400,76.5400,76.4800,76.4900,22432.64,1785158519999,1716167.204400,1238,6852.31,524279.581300,0
1785158520000,76.4900,76.5100,76.4500,76.5100,15943.13,1785158579999,1219141.112600,1109,6381.52,488022.577500,0
1785158580000,76.5100,76.5400,76.5100,76.5400,4109.11,1785158639999,314465.037300,409,3796.27,290526.221000,0
1785158640000,76.5400,76.5400,76.4900,76.5000,8414.94,1785158699999,643915.924800,661,3208.75,245542.660400,0
1785158700000,76.4900,76.4900,76.4200,76.4600,23753.29,1785158759999,1816033.321200,1151,11569.65,884491.737300,0
1785158760000,76.4600,76.4900,76.4600,76.4700,14413.81,1785158819999,1102281.272400,597,11006.54,841734.465800,0
1785158820000,76.4700,76.5200,76.4700,76.4900,8518.38,1785158879999,651637.014200,655,3421.30,261723.819300,0
1785158880000,76.4800,76.5000,76.4600,76.4800,4962.41,1785158939999,379524.330400,475,2817.19,215458.502300,0
1785158940000,76.4800,76.5100,76.4500,76.4800,12078.39,1785158999999,923812.682000,862,9244.77,707103.667700,0
1785159000000,76.4800,76.5500,76.4500,76.5300,72498.81,1785159059999,5545845.173900,2528,39945.81,3055754.929100,0
1785159060000,76.5200,76.5600,76.4600,76.5200,20961.45,1785159119999,1603856.381000,1493,10027.43,767247.349300,0
1785159120000,76.5300,76.6000,76.4400,76.4800,13023.05,1785159179999,996355.585300,1584,7658.81,586064.241600,0
1785159180000,76.4800,76.6100,76.4600,76.6000,19056.53,1785159239999,1458947.416100,1533,14527.81,1112247.181600,0
1785159240000,76.6000,76.6200,76.5300,76.6100,14044.35,1785159299999,1075437.172400,1319,9842.43,753667.977200,0
1785159300000,76.6100,76.8300,76.6100,76.8200,37356.42,1785159359999,2867813.969200,2755,28148.65,2160810.533600,0
1785159360000,76.8200,76.9900,76.8200,76.9200,59149.21,1785159419999,4549189.085900,3585,42879.87,3297840.934000,0
1785159420000,76.9300,77.1800,76.9300,77.1700,100258.08,1785159479999,7726920.409500,5351,74530.22,5744500.218500,0
1785159480000,77.1700,77.1700,76.9900,77.0300,42776.36,1785159539999,3297128.137400,2603,14982.86,1154824.677000,0
1785159540000,77.0300,77.1500,76.9700,76.9800,33867.06,1785159599999,2609322.768500,2760,15569.70,1199869.719800,0
1785159600000,76.9800,77.3600,76.9700,77.3300,131620.96,1785159659999,10162538.124700,7565,95689.12,7388575.419200,0
1785159660000,77.3300,77.4200,77.2600,77.4200,75216.43,1785159719999,5818910.415500,4854,46239.19,3577108.314500,0
1785159720000,77.4100,77.4800,77.3100,77.3700,87795.09,1785159779999,6795648.966100,4988,44114.50,3414789.535100,0
1785159780000,77.3800,77.4600,77.2500,77.3500,47280.81,1785159839999,3656200.291100,3322,21112.59,1633113.873200,0
1785159840000,77.3500,77.4000,77.3100,77.3500,49324.58,1785159899999,3815302.032300,2696,21746.62,1682129.082700,0
1785159900000,77.3600,77.4300,77.3000,77.3700,79589.16,1785159959999,6158372.957000,4100,46708.10,3614144.414300,0
1785159960000,77.3700,77.4400,77.2700,77.2900,60723.86,1785160019999,4696811.882200,3319,27334.91,2114440.049600,0
1785160020000,77.2900,77.3200,77.2000,77.2000,39574.54,1785160079999,3057804.205000,3089,11668.15,901605.030600,0
1785160080000,77.2000,77.3200,77.1800,77.2900,41392.01,1785160139999,3197537.631700,2253,22304.60,1723234.615100,0
1785160140000,77.2900,77.3700,77.2500,77.2700,16733.32,1785160199999,1293448.561100,1805,6810.31,526424.574300,0
1785160200000,77.2600,77.2700,77.1100,77.1700,25851.01,1785160259999,1994784.462900,2241,9617.73,742148.520800,0
1785160260000,77.1700,77.2400,77.1400,77.2100,11599.29,1785160319999,895247.645700,1316,6364.16,491184.661200,0
1785160320000,77.2200,77.2300,77.0200,77.0300,30522.36,1785160379999,2353235.789000,2453,12461.04,960977.952300,0
1785160380000,77.0400,77.0700,76.9800,77.0100,25998.13,1785160439999,2002246.068500,1895,8111.57,624787.550100,0
1785160440000,77.0000,77.0500,76.9400,77.0400,24131.83,1785160499999,1857914.152400,1517,9657.48,743465.936500,0
1785160500000,77.0400,77.0400,76.9400,77.0200,19741.06,1785160559999,1520088.822600,1552,11999.86,924021.915700,0
1785160560000,77.0200,77.0200,76.8400,76.9000,27889.47,1785160619999,2144675.173400,2148,9346.81,718749.265800,0
1785160620000,76.9000,76.9200,76.7700,76.8400,41897.32,1785160679999,3219158.062100,2598,14965.84,1149864.523900,0
1785160680000,76.8300,76.8700,76.7600,76.8500,31837.43,1785160739999,2445587.704100,1960,12554.98,964568.078700,0
1785160740000,76.8400,76.8800,76.8000,76.8800,24453.37,1785160799999,1878895.989200,1374,10812.44,830841.522500,0
1785160800000,76.8800,76.9200,76.8300,76.9000,34223.71,1785160859999,2630974.595200,2221,24640.33,1894319.616300,0
1785160860000,76.9000,76.9300,76.7600,76.9100,20833.39,1785160919999,1601188.294900,2041,9993.44,768167.879100,0
1785160920000,76.9100,76.9500,76.8300,76.9400,22735.60,1785160979999,1748347.081700,1800,15229.81,1171229.989500,0
1785160980000,76.9400,76.9500,76.7200,76.7900,37218.21,1785161039999,2858913.764500,2697,14043.58,1078703.714800,0
1785161040000,76.8000,76.9400,76.7900,76.9100,20681.73,1785161099999,1589853.189900,1890,15235.55,1171240.182900,0
1785161100000,76.9200,76.9700,76.8400,76.8500,14274.92,1785161159999,1097992.443800,1861,8535.18,656553.274800,0
1785161160000,76.8400,76.8600,76.6800,76.7100,33110.58,1785161219999,2540956.556900,2324,6616.06,507829.085800,0
1785161220000,76.7100,76.8100,76.6600,76.7900,21883.85,1785161279999,1679531.544200,1976,15105.63,1159356.044100,0
1785161280000,76.8000,76.9000,76.7900,76.8800,13895.95,1785161339999,1067822.705400,1532,7748.25,595442.054200,0
1785161340000,76.8800,76.9700,76.8700,76.9200,12148.48,1785161399999,934535.726000,1566,7619.08,586115.452700,0
1785161400000,76.9200,76.9200,76.7200,76.7300,15623.43,1785161459999,1199702.425800,1726,4369.32,335477.745000,0
1785161460000,76.7400,76.7400,76.6700,76.7100,10383.53,1785161519999,796376.142100,1350,5148.36,394855.165300,0
1785161520000,76.7100,76.8400,76.7100,76.8400,12087.11,1785161579999,927832.636200,1136,8313.94,638206.343200,0
1785161580000,76.8400,76.8700,76.7800,76.8200,9600.07,1785161639999,737385.492800,1207,6356.57,488240.342800,0
1785161640000,76.8200,76.9100,76.8000,76.9000,5913.92,1785161699999,454629.291800,947,3295.73,253354.509600,0
1785161700000,76.8900,76.9600,76.8100,76.8700,13639.24,1785161759999,1048984.422600,1445,6992.51,537860.161900,0
1785161760000,76.8600,76.8800,76.8000,76.8000,10789.69,1785161819999,829277.057700,1112,6185.11,475418.526500,0
1785161820000,76.8100,76.8200,76.7000,76.7100,18464.26,1785161879999,1416874.465100,1449,5331.66,409179.420000,0
1785161880000,76.7000,76.7100,76.5600,76.6000,37617.37,1785161939999,2882262.189500,2671,11660.06,893476.182100,0
1785161940000,76.5900,76.6300,76.5600,76.5600,12028.11,1785161999999,921351.975600,1028,6549.66,501710.870900,0
1785162000000,76.5600,76.5600,76.2500,76.2500,79179.52,1785162059999,6049637.675100,5077,24916.43,1903662.556900,0
1785162060000,76.2500,76.3900,76.1300,76.3800,130219.08,1785162119999,9926565.926300,5278,55506.35,4232967.028300,0
1785162120000,76.3700,76.3900,76.2100,76.2300,29160.43,1785162179999,2224557.592900,1802,15178.21,1157894.274000,0
1785162180000,76.2400,76.3000,76.1500,76.1600,25475.38,1785162239999,1941644.694700,1699,9203.07,701664.209100,0
1785162240000,76.1700,76.2400,76.1100,76.2300,33090.18,1785162299999,2520433.849700,1725,21557.91,1642138.480500,0
1785162300000,76.2300,76.2300,76.1000,76.1400,36625.95,1785162359999,2789303.714600,1833,13705.57,1043598.389100,0
1785162360000,76.1500,76.2200,76.1000,76.1700,19423.91,1785162419999,1479614.088700,1446,11454.45,872508.795500,0
1785162420000,76.1700,76.1800,75.8200,75.9000,155803.88,1785162479999,11833888.619600,7864,42915.74,3259428.333000,0
1785162480000,75.9100,75.9500,75.7400,75.8700,77110.75,1785162539999,5846994.025500,4138,31169.77,2364030.238500,0
1785162540000,75.8700,75.8900,75.7700,75.7800,27025.68,1785162599999,2049391.369100,1643,12029.56,912213.908600,0
1785162600000,75.7800,75.7900,75.2600,75.3100,405453.61,1785162659999,30594770.348100,13801,119296.62,9001362.386800,0
1785162660000,75.3100,75.6900,75.3100,75.6700,84464.93,1785162719999,6380893.051000,5291,58121.75,4390834.320900,0
1785162720000,75.6800,75.7000,75.5500,75.5600,46626.82,1785162779999,3525624.245800,3141,29438.67,2225940.110700,0
1785162780000,75.5600,75.6600,75.5300,75.5900,37311.93,1785162839999,2820507.556700,2750,23044.70,1742004.049600,0
1785162840000,75.6000,75.6800,75.4700,75.5700,58900.63,1785162899999,4451892.406200,3074,36186.37,2735428.090600,0
1785162900000,75.5600,75.6000,75.4400,75.6000,37569.97,1785162959999,2836937.065400,3044,24085.98,1818800.196300,0
1785162960000,75.6000,75.6800,75.4800,75.4800,35373.58,1785163019999,2674359.718700,2797,21717.21,1642083.582600,0
1785163020000,75.4900,75.4900,75.0600,75.2600,189438.05,1785163079999,14249411.164000,9497,73018.57,5491245.697700,0
1785163080000,75.2500,75.3600,75.2100,75.3200,43130.60,1785163139999,3247774.349700,2972,26481.70,1994057.021400,0
1785163140000,75.3200,75.4400,75.3000,75.4200,37550.48,1785163199999,2830877.671300,2524,28160.53,2123107.271800,0
1785163200000,75.4100,75.4300,75.3000,75.3200,26281.12,1785163259999,1980401.623300,2135,12825.17,966557.694800,0
1785163260000,75.3100,75.3400,75.1700,75.2700,37525.07,1785163319999,2824024.666400,2552,14450.64,1087565.740000,0
1785163320000,75.2800,75.3700,75.2800,75.3000,27992.11,1785163379999,2108912.804200,1726,16870.81,1271072.880800,0
1785163380000,75.3000,75.3200,75.1700,75.2500,20717.29,1785163439999,1558596.480900,2162,12132.55,912739.930200,0
1785163440000,75.2500,75.2700,75.0200,75.0700,64225.35,1785163499999,4822887.247600,3537,23890.27,1794341.150700,0
1785163500000,75.0600,75.2100,74.9700,75.1800,163921.80,1785163559999,12305245.042800,6935,67434.64,5063836.705800,0
1785163560000,75.1700,75.3600,75.1300,75.3500,40267.64,1785163619999,3031241.132700,3337,29877.94,2248891.718600,0
1785163620000,75.3400,75.4400,75.3200,75.4200,67965.43,1785163679999,5124597.680200,3451,49277.54,3715536.510900,0
1785163680000,75.4200,75.4400,75.3400,75.3400,23128.96,1785163739999,1743603.815600,1442,12678.94,955965.166400,0
1785163740000,75.3500,75.4500,75.3400,75.4300,19013.26,1785163799999,1433535.185200,1712,9057.00,682817.014400,0
1785163800000,75.4200,75.6000,75.4200,75.5400,56739.51,1785163859999,4285990.706800,3368,35759.14,2701225.779700,0
1785163860000,75.5400,75.5600,75.4600,75.4800,23321.58,1785163919999,1761533.302700,1707,12512.46,945105.173100,0
1785163920000,75.4700,75.5000,75.4100,75.4400,19013.27,1785163979999,1434413.327300,1789,11166.42,842456.320700,0
1785163980000,75.4400,75.4400,75.2900,75.3100,28183.90,1785164039999,2123122.194100,1836,9121.97,687214.542100,0
1785164040000,75.3100,75.3800,75.2600,75.3400,15618.87,1785164099999,1176347.832100,1594,6628.58,499231.578700,0
1785164100000,75.3300,75.4900,75.3200,75.4700,14374.82,1785164159999,1083930.720700,1718,9346.89,704880.848900,0
1785164160000,75.4800,75.4900,75.4000,75.4500,14862.11,1785164219999,1121460.755300,1526,10194.41,769248.435000,0
1785164220000,75.4600,75.5100,75.4300,75.4300,16077.98,1785164279999,1213520.412900,1265,7355.91,555196.800300,0
1785164280000,75.4300,75.4900,75.4000,75.4100,15897.64,1785164339999,1199296.988200,1172,7347.28,554248.084900,0
1785164340000,75.4100,75.4400,75.3900,75.4400,15688.42,1785164399999,1183165.301100,1040,8151.77,614785.656700,0
1785164400000,75.4400,75.5400,75.3700,75.4800,42136.03,1785164459999,3179475.172700,2595,17486.50,1319548.918500,0
1785164460000,75.4800,75.4800,75.4000,75.4000,10452.72,1785164519999,788349.893000,1190,4445.85,335317.466400,0
1785164520000,75.4000,75.4600,75.3600,75.4300,8687.07,1785164579999,655089.240200,1766,4543.68,342663.412400,0
1785164580000,75.4300,75.5100,75.4200,75.4600,19143.21,1785164639999,1444437.634700,1484,10648.60,803535.455100,0
1785164640000,75.4500,75.5700,75.4500,75.5400,9733.60,1785164699999,735189.282100,1423,5335.10,402961.408500,0
1785164700000,75.5300,75.5700,75.4700,75.5300,10031.25,1785164759999,757460.686500,1528,5938.11,448411.174500,0
1785164760000,75.5300,75.5800,75.4600,75.4600,16952.90,1785164819999,1280143.818500,1536,8358.06,631196.606100,0
1785164820000,75.4700,75.5200,75.4300,75.4500,7730.68,1785164879999,583423.898600,1412,5122.96,386628.718000,0
1785164880000,75.4600,75.4800,75.3100,75.3600,35393.50,1785164939999,2667866.738800,2026,7634.24,575409.664400,0
1785164940000,75.3600,75.3700,75.3000,75.3100,12727.15,1785164999999,958697.795300,1226,5893.57,443924.684600,0
1785165000000,75.3200,75.4400,75.2700,75.3300,13350.63,1785165059999,1006215.427100,1910,8001.18,603092.900900,0
1785165060000,75.3300,75.3900,75.2700,75.3600,17049.81,1785165119999,1284225.474300,1602,9425.47,709941.983000,0
1785165120000,75.3600,75.4700,75.3600,75.4600,14223.29,1785165179999,1072898.701900,1251,5694.66,429456.836200,0
1785165180000,75.4500,75.5400,75.4400,75.5200,8365.10,1785165239999,631588.453800,979,6158.28,464969.822400,0
1785165240000,75.5200,75.5600,75.4700,75.5100,8685.60,1785165299999,655818.419700,998,3021.34,228165.037100,0
1785165300000,75.5000,75.5200,75.4800,75.4900,5309.66,1785165359999,400886.215500,899,2021.50,152626.762300,0
1785165360000,75.4800,75.5200,75.4600,75.4900,5687.69,1785165419999,429325.327400,959,2915.20,220060.917500,0
1785165420000,75.4900,75.4900,75.3100,75.3400,8825.14,1785165479999,665183.341100,1391,3889.92,293190.000600,0
1785165480000,75.3400,75.3900,75.2800,75.3300,12546.38,1785165539999,945070.102400,1514,4610.55,347289.944700,0
1785165540000,75.3400,75.4200,75.3300,75.4200,7061.13,1785165599999,532197.339200,1228,4532.86,341658.200500,0
1785165600000,75.4300,75.5500,75.4200,75.5300,14440.87,1785165659999,1089944.398400,1833,11466.70,865444.708000,0
1785165660000,75.5400,75.5700,75.4500,75.4500,9025.49,1785165719999,681769.389100,1316,5751.02,434471.785900,0
1785165720000,75.4400,75.5200,75.4100,75.4900,5786.57,1785165779999,436693.043500,987,3444.62,259992.620200,0
1785165780000,75.4900,75.5000,75.3300,75.3500,11383.66,1785165839999,858379.393700,1207,4906.83,370081.172000,0
1785165840000,75.3500,75.3600,75.2700,75.3200,4282.65,1785165899999,322511.217400,1008,1812.56,136495.915400,0
1785165900000,75.3200,75.3500,75.2600,75.3500,10870.58,1785165959999,818492.576300,1127,7926.40,596791.371500,0
1785165960000,75.3600,75.3600,75.3000,75.3100,10469.59,1785166019999,788712.395100,1000,6065.91,456970.572000,0
1785166020000,75.3100,75.3400,75.2400,75.2700,14628.06,1785166079999,1101215.157200,1337,7597.77,571987.028200,0
1785166080000,75.2700,75.3000,75.2200,75.2400,11578.96,1785166139999,871380.345300,1273,6380.28,480172.211200,0
1785166140000,75.2500,75.3500,75.2300,75.3200,13895.64,1785166199999,1046364.238000,1232,10048.17,756655.913100,0
1785166200000,75.3300,75.4100,75.2800,75.3800,9355.10,1785166259999,704814.453800,1240,4917.27,370466.274800,0
1785166260000,75.3700,75.4400,75.3500,75.3600,6962.00,1785166319999,524909.360300,965,3345.50,252249.382300,0
1785166320000,75.3500,75.3900,75.2500,75.2500,9938.02,1785166379999,748607.511000,1053,6841.92,515414.644100,0
1785166380000,75.2500,75.2900,75.2200,75.2300,8604.80,1785166439999,647569.110300,1314,3950.98,297315.816400,0
1785166440000,75.2300,75.2900,75.2000,75.2400,8664.26,1785166499999,651849.147200,1130,4576.43,344333.875900,0
1785166500000,75.2400,75.2500,75.1000,75.1900,40474.79,1785166559999,3041526.101200,2384,21086.06,1584190.590000,0
1785166560000,75.1800,75.2500,75.1300,75.1700,16476.99,1785166619999,1238850.293500,1449,4099.13,308219.669400,0
1785166620000,75.1700,75.2300,75.0600,75.0600,23064.03,1785166679999,1732798.799900,1680,5802.88,436057.190700,0
1785166680000,75.0700,75.1800,75.0300,75.1700,36646.36,1785166739999,2751695.569700,2098,17890.02,1343378.399600,0
1785166740000,75.1800,75.3000,75.1700,75.3000,13826.47,1785166799999,1040517.395000,1309,11354.00,854460.423800,0
1785166800000,75.3000,75.3900,75.3000,75.3400,12059.78,1785166859999,908647.757900,1535,7922.61,596941.650300,0
1785166860000,75.3400,75.3400,75.2700,75.2800,5890.21,1785166919999,443503.996100,942,3069.72,231136.234300,0
1785166920000,75.2800,75.3900,75.2800,75.3600,16871.52,1785166979999,1271148.701200,1328,4582.80,345266.441200,0
1785166980000,75.3600,75.4100,75.3400,75.4100,19707.19,1785167039999,1485449.120100,1122,14676.70,1106239.616100,0
1785167040000,75.4100,75.4400,75.3800,75.3800,6452.69,1785167099999,486575.428700,852,3377.76,254699.002200,0
1785167100000,75.3900,75.4200,75.3600,75.3600,5625.70,1785167159999,424140.886500,904,3315.77,249994.669300,0
1785167160000,75.3600,75.4300,75.3200,75.4000,7616.42,1785167219999,574051.496400,1183,4736.43,356971.267200,0
1785167220000,75.4000,75.4200,75.3100,75.3500,6464.90,1785167279999,487235.403000,902,3240.62,244212.768400,0
1785167280000,75.3500,75.4400,75.3500,75.4100,6779.54,1785167339999,511191.687600,1235,5061.21,381621.281000,0
1785167340000,75.4000,75.4000,75.3600,75.3700,6332.67,1785167399999,477365.758700,798,4200.28,316631.112000,0
1785167400000,75.3700,75.4000,75.3200,75.3500,22585.26,1785167459999,1701871.604000,1116,4152.40,312948.848000,0
1785167460000,75.3500,75.4100,75.3500,75.3900,7299.18,1785167519999,550208.167900,924,6150.20,463586.967100,0
1785167520000,75.4000,75.4100,75.3300,75.3300,3270.43,1785167579999,246515.366500,675,2053.30,154780.345100,0
1785167580000,75.3300,75.4100,75.3200,75.3600,4289.93,1785167639999,323288.032300,831,2631.90,198346.751800,0
1785167640000,75.3600,75.3900,75.3100,75.3200,4084.97,1785167699999,307818.297500,595,2306.53,173804.187900,0
1785167700000,75.3200,75.3800,75.3100,75.3700,5257.11,1785167759999,396147.821700,891,2009.82,151426.588500,0
1785167760000,75.3600,75.3600,75.3000,75.3000,8454.77,1785167819999,636912.739700,712,2795.19,210597.647200,0
1785167820000,75.3100,75.3500,75.2700,75.3300,5128.46,1785167879999,386269.753400,743,1637.62,123354.178700,0
1785167880000,75.3300,75.3400,75.2600,75.2800,10715.65,1785167939999,806743.049100,824,3495.60,263176.653400,0
1785167940000,75.2900,75.2900,75.2200,75.2200,18775.55,1785167999999,1413190.233200,937,2450.32,184450.769500,0
1785168000000,75.2300,75.2900,75.1600,75.1900,33739.88,1785168059999,2538128.277000,2155,9012.76,678032.870200,0
1785168060000,75.2000,75.2400,75.1400,75.1500,17004.11,1785168119999,1278591.257100,1442,10810.17,812883.557500,0
1785168120000,75.1500,75.2300,75.1400,75.1900,16689.36,1785168179999,1255053.199500,1282,12108.11,910528.328200,0
1785168180000,75.1900,75.2800,75.1800,75.2700,11246.46,1785168239999,846172.701300,1264,5605.74,421777.421800,0
1785168240000,75.2600,75.3300,75.2600,75.3300,7168.36,1785168299999,539739.045300,1050,5368.27,404221.122600,0
1785168300000,75.3300,75.3400,75.2500,75.2500,9486.00,1785168359999,714367.171600,1066,3834.66,288802.473200,0
1785168360000,75.2600,75.2600,75.1500,75.2500,7574.44,1785168419999,569545.031900,1144,4181.82,314437.383200,0
1785168420000,75.2500,75.2600,75.2200,75.2600,17149.19,1785168479999,1290334.652200,1247,14726.06,1108015.610000,0
1785168480000,75.2500,75.2900,75.2200,75.2600,5612.32,1785168539999,422351.494300,823,3444.91,259241.265400,0
1785168540000,75.2600,75.2900,75.2300,75.2800,4475.15,1785168599999,336781.678600,586,3013.69,226805.678700,0
1785168600000,75.2900,75.3400,75.2700,75.3400,5006.91,1785168659999,376977.211700,877,4033.70,303706.542400,0
1785168660000,75.3300,75.3500,75.2600,75.3000,7046.04,1785168719999,530595.464100,799,2142.18,161296.417600,0
1785168720000,75.3000,75.3300,75.2700,75.3300,5995.45,1785168779999,451457.076200,635,4459.20,335782.427300,0
1785168780000,75.3400,75.3400,75.2400,75.2700,7004.38,1785168839999,527378.943900,959,3521.17,265127.733600,0
1785168840000,75.2600,75.2800,75.2100,75.2400,5687.90,1785168899999,427957.042400,648,2056.52,154715.236100,0
1785168900000,75.2400,75.2500,75.1900,75.2100,16377.69,1785168959999,1231857.126900,788,11463.91,862245.984400,0
1785168960000,75.2100,75.2200,75.1000,75.2100,26223.48,1785169019999,1970489.598900,1877,8163.46,613461.069600,0
1785169020000,75.2200,75.2500,75.1600,75.2400,13072.16,1785169079999,983008.719000,970,3638.70,273652.124500,0
1785169080000,75.2400,75.3000,75.2400,75.3000,7823.92,1785169139999,588872.727700,899,5127.79,385962.728800,0
1785169140000,75.2900,75.3300,75.2200,75.3100,12331.59,1785169199999,928384.121100,1224,5682.68,427750.580600,0
1785169200000,75.3000,75.3600,75.2600,75.3500,6248.87,1785169259999,470562.926900,893,4523.03,340640.125900,0
1785169260000,75.3600,75.4100,75.3400,75.3500,14560.93,1785169319999,1097587.317500,1035,5159.87,388936.310900,0
1785169320000,75.3500,75.3500,75.2600,75.3100,6932.92,1785169379999,522180.547400,938,1107.03,83348.464600,0
1785169380000,75.3100,75.3300,75.2600,75.3000,8351.01,1785169439999,628855.097700,744,4822.04,363135.689500,0
1785169440000,75.3100,75.4000,75.3100,75.3900,4740.68,1785169499999,357230.204400,610,2608.25,196555.637900,0
1785169500000,75.4000,75.7100,75.3900,75.6500,117363.74,1785169559999,8872519.382600,5436,94323.83,7130472.263000,0
1785169560000,75.6500,75.7100,75.6000,75.6200,32639.56,1785169619999,2469146.207500,1509,10622.20,803687.168100,0
1785169620000,75.6100,75.6600,75.6100,75.6400,17490.85,1785169679999,1322965.511900,1004,11431.22,864661.787400,0
1785169680000,75.6400,75.7200,75.6400,75.6700,22894.67,1785169739999,1732744.214300,1180,18928.17,1432573.721900,0
1785169740000,75.6600,75.7000,75.6400,75.6500,16082.70,1785169799999,1216828.964600,851,6645.84,502869.072200,0
1785169800000,75.6500,75.8100,75.6500,75.7800,23112.38,1785169859999,1750985.124200,1903,16165.06,1224677.744300,0
1785169860000,75.7900,75.7900,75.7400,75.7600,13396.96,1785169919999,1015149.838200,1070,6394.57,484577.121000,0
1785169920000,75.7600,75.7700,75.7000,75.7200,8941.31,1785169979999,677209.435400,1122,2147.12,162619.064600,0
1785169980000,75.7300,75.7500,75.6600,75.7400,7871.72,1785170039999,595910.487800,1139,4587.33,347287.657100,0
1785170040000,75.7500,75.8200,75.7200,75.8100,8289.54,1785170099999,628043.874200,1022,5657.63,428677.778900,0
1785170100000,75.8200,75.8600,75.7800,75.8000,27186.27,1785170159999,2061527.565400,1544,11031.57,836557.127800,0
1785170160000,75.8000,75.8500,75.7700,75.8100,16396.97,1785170219999,1243327.220600,1211,7171.28,543756.612600,0
1785170220000,75.8200,75.8600,75.7800,75.7800,11410.71,1785170279999,865323.949700,876,4927.60,373731.499400,0
1785170280000,75.7800,75.8400,75.7800,75.8300,3963.13,1785170339999,300469.054400,630,2667.28,202229.566900,0
1785170340000,75.8300,75.8400,75.8000,75.8300,10828.80,1785170399999,821087.511800,768,6553.51,496909.666500,0
1785170400000,75.8300,75.8500,75.8200,75.8300,4062.21,1785170459999,308066.468700,532,2021.63,153321.505800,0
1785170460000,75.8300,75.8400,75.8000,75.8300,5818.75,1785170519999,441200.660500,702,2205.81,167262.404800,0
1785170520000,75.8400,75.8400,75.7900,75.8000,6060.26,1785170579999,459424.710400,678,1446.74,109677.611300,0
1785170580000,75.8000,75.8100,75.7700,75.7700,8714.34,1785170639999,660428.207300,531,3564.50,270155.624500,0
1785170640000,75.7700,75.8000,75.7600,75.7900,9621.80,1785170699999,729134.978300,696,6282.83,476134.739400,0
1785170700000,75.7900,75.8400,75.7900,75.8300,2895.04,1785170759999,219507.627100,384,2241.14,169931.006100,0
1785170760000,75.8300,75.8800,75.7800,75.8000,23557.78,1785170819999,1786566.908800,1237,13776.28,1044844.788600,0
1785170820000,75.8000,75.9000,75.8000,75.8800,17635.70,1785170879999,1337885.293400,988,13834.57,1049472.153100,0
1785170880000,75.8800,75.9200,75.8700,75.9200,12815.53,1785170939999,972693.410500,778,10330.69,784100.423500,0
1785170940000,75.9100,75.9400,75.9100,75.9200,9356.20,1785170999999,710418.313700,775,4043.21,307020.082800,0
1785171000000,75.9100,75.9100,75.8400,75.8400,20091.04,1785171059999,1524857.820500,1000,4566.69,346606.846300,0
1785171060000,75.8400,75.8700,75.8300,75.8300,7633.41,1785171119999,578993.695900,703,1130.82,85785.931500,0
1785171120000,75.8300,75.8500,75.8000,75.8000,6625.15,1785171179999,502349.269100,767,2844.42,215678.260400,0
1785171180000,75.8000,75.8000,75.7600,75.7600,4287.23,1785171239999,324846.686800,566,418.73,31727.480800,0
1785171240000,75.7600,75.7700,75.7400,75.7600,11355.18,1785171299999,860251.367600,747,4017.96,304412.724700,0
1785171300000,75.7500,75.7600,75.7200,75.7500,10963.41,1785171359999,830328.136700,642,1986.57,150466.938200,0
1785171360000,75.7500,75.8100,75.7500,75.8100,2995.59,1785171419999,226994.025000,350,2655.06,201193.496700,0
1785171420000,75.8100,75.8800,75.8100,75.8800,9052.65,1785171479999,686547.739300,659,4546.39,344834.740500,0
1785171480000,75.8800,75.9200,75.8700,75.9200,7552.97,1785171539999,573201.837700,462,5653.69,429086.859600,0
1785171540000,75.9100,75.9200,75.8900,75.9100,2885.62,1785171599999,219033.363500,322,874.02,66345.197800,0
1785171600000,75.9000,75.9900,75.8700,75.9900,15727.78,1785171659999,1194192.532200,1445,12877.77,977808.271100,0
1785171660000,75.9900,75.9900,75.9100,75.9300,15641.86,1785171719999,1188186.611300,1043,9077.73,689556.157300,0
1785171720000,75.9300,75.9300,75.8300,75.8500,12374.46,1785171779999,938883.354500,934,1693.14,128487.406900,0
1785171780000,75.8500,75.8700,75.8100,75.8500,6898.23,1785171839999,523090.171900,820,2843.99,215677.827200,0
1785171840000,75.8500,75.8600,75.8100,75.8300,6496.35,1785171899999,492664.234500,605,2193.56,166361.502200,0
1785171900000,75.8300,75.8300,75.7900,75.8100,5019.49,1785171959999,380509.035200,734,1284.06,97343.437400,0
1785171960000,75.8000,75.8200,75.7700,75.8000,8364.84,1785172019999,633993.251200,816,4911.34,372241.032900,0
1785172020000,75.8000,75.8500,75.8000,75.8500,4367.54,1785172079999,331120.690600,532,3008.93,228124.095600,0
1785172080000,75.8500,75.9000,75.8200,75.8300,6731.57,1785172139999,510667.683700,788,3478.96,263953.251400,0
1785172140000,75.8200,75.8600,75.8200,75.8300,5978.36,1785172199999,453432.616000,532,3240.18,245749.844900,0
1785172200000,75.8300,75.8800,75.8200,75.8500,4219.34,1785172259999,320051.987500,575,1831.26,138902.939000,0
1785172260000,75.8600,75.8700,75.8300,75.8400,5710.27,1785172319999,433155.142300,429,3607.88,273692.874100,0
1785172320000,75.8300,75.8800,75.8200,75.8800,5250.26,1785172379999,398221.370700,528,2056.33,155986.846200,0
1785172380000,75.8800,75.9300,75.8800,75.8900,4060.63,1785172439999,308214.652900,518,2628.32,199491.244800,0
1785172440000,75.8900,75.9400,75.8800,75.9200,4566.01,1785172499999,346633.506200,636,3356.05,254782.938900,0
1785172500000,75.9100,75.9400,75.8700,75.9300,5186.33,1785172559999,393711.781500,683,2615.69,198561.510600,0
1785172560000,75.9400,75.9800,75.9300,75.9500,6172.32,1785172619999,468782.745600,756,2955.29,224463.425900,0
1785172620000,75.9500,75.9700,75.8900,75.9400,4755.18,1785172679999,361022.872800,715,1940.38,147337.323600,0
1785172680000,75.9400,75.9500,75.9000,75.9400,16889.42,1785172739999,1282299.065300,691,14592.28,1107874.897600,0
1785172740000,75.9400,75.9600,75.9200,75.9500,3164.29,1785172799999,240295.788600,416,659.58,50092.481400,0
1785172800000,75.9500,76.2100,75.9400,76.1900,69305.33,1785172859999,5275801.139500,3964,44190.12,3363408.981800,0
1785172860000,76.1900,76.1900,76.1300,76.1400,15216.24,1785172919999,1158922.932800,795,3435.30,261646.628400,0
1785172920000,76.1300,76.1300,76.0600,76.1000,12047.18,1785172979999,916782.618700,950,3690.21,280834.692200,0
1785172980000,76.1100,76.1500,76.0600,76.0600,10304.57,1785173039999,784254.748500,664,2868.79,218361.811200,0
1785173040000,76.0500,76.0600,76.0300,76.0300,6021.84,1785173099999,457972.378200,493,2180.94,165876.889100,0
1785173100000,76.0300,76.0800,76.0200,76.0300,21278.43,1785173159999,1618104.741600,827,16232.19,1234322.884100,0
1785173160000,76.0200,76.0300,75.9600,76.0300,13812.40,1785173219999,1049705.193100,1496,5226.90,397240.131100,0
1785173220000,76.0200,76.0600,76.0000,76.0100,10036.98,1785173279999,762972.015600,771,2825.59,214812.362900,0
1785173280000,76.0100,76.0400,75.9900,75.9900,9464.37,1785173339999,719385.668100,592,5532.38,420530.663400,0
1785173340000,76.0000,76.0100,75.9600,75.9700,6681.04,1785173399999,507772.413100,542,2031.19,154372.055800,0
1785173400000,75.9600,76.0000,75.9500,75.9600,16617.52,1785173459999,1262454.545900,851,7611.87,578301.480800,0
1785173460000,75.9700,76.0300,75.9600,76.0100,19944.62,1785173519999,1515610.906100,903,16780.26,1275118.526100,0
1785173520000,76.0100,76.1000,75.9900,76.1000,5387.29,1785173579999,409616.077500,560,2909.87,221297.180200,0
1785173580000,76.0900,76.1100,76.0400,76.0600,6122.04,1785173639999,465769.643900,594,1358.68,103369.826800,0
1785173640000,76.0500,76.1100,76.0500,76.1000,5076.91,1785173699999,386248.423400,527,3701.76,281611.062400,0
1785173700000,76.1000,76.1200,76.0500,76.0800,13528.89,1785173759999,1029463.212900,905,6219.20,473249.062800,0
1785173760000,76.0700,76.1000,76.0500,76.0700,3362.62,1785173819999,255818.102300,475,640.84,48750.958100,0
1785173820000,76.0800,76.0900,76.0100,76.0100,3176.24,1785173879999,241603.697400,683,874.74,66542.726000,0
1785173880000,76.0100,76.0500,75.9900,76.0400,8185.02,1785173939999,622164.177200,571,4746.32,360804.633200,0
1785173940000,76.0300,76.0500,76.0000,76.0200,2070.98,1785173999999,157445.258800,435,710.00,53979.677600,0
1785174000000,76.0100,76.0700,76.0000,76.0200,11357.18,1785174059999,863501.536000,748,7666.98,582901.403400,0
1785174060000,76.0200,76.0600,76.0100,76.0400,2349.73,1785174119999,178678.149900,330,1498.24,113926.041100,0
1785174120000,76.0300,76.0300,75.9700,75.9800,4709.36,1785174179999,357911.774400,558,1587.04,120626.085800,0
1785174180000,75.9800,75.9800,75.9100,75.9300,10033.32,1785174239999,761853.014800,679,2241.57,170197.836700,0
1785174240000,75.9300,75.9600,75.9100,75.9200,4950.55,1785174299999,375914.387100,409,1688.51,128224.397800,0
1785174300000,75.9200,75.9300,75.8300,75.8400,12024.34,1785174359999,912237.990300,983,1671.06,126812.107100,0
1785174360000,75.8500,75.9200,75.8400,75.8800,7290.16,1785174419999,553285.374500,636,4117.46,312506.292900,0
1785174420000,75.8800,75.9000,75.8600,75.8600,12421.49,1785174479999,942522.698100,438,1412.05,107142.095600,0
1785174480000,75.8600,75.8700,75.8200,75.8200,13080.30,1785174539999,992102.507000,810,4853.10,368050.831600,0
1785174540000,75.8300,75.8600,75.8300,75.8500,4347.55,1785174599999,329739.664300,390,979.52,74288.288800,0
1785174600000,75.8500,75.8700,75.8200,75.8200,3644.09,1785174659999,276396.770400,505,1531.80,116196.637300,0
1785174660000,75.8200,75.8400,75.8000,75.8000,8650.19,1785174719999,655841.294200,659,3714.64,281646.204100,0
1785174720000,75.8100,75.8200,75.7800,75.8100,5981.71,1785174779999,453434.139900,493,2542.14,192708.548400,0
1785174780000,75.8200,75.8500,75.7900,75.7900,5599.24,1785174839999,424534.644200,488,1031.26,78202.815200,0
1785174840000,75.8000,75.8100,75.7800,75.7900,7093.65,1785174899999,537665.309800,802,2013.81,152643.915900,0
1785174900000,75.7900,75.8300,75.7900,75.8200,8427.83,1785174959999,638922.664300,880,4296.19,325702.077100,0
1785174960000,75.8200,75.8500,75.8100,75.8400,6995.51,1785175019999,530496.720100,585,4466.96,338755.694500,0
1785175020000,75.8500,75.8900,75.8400,75.8400,19678.12,1785175079999,1492747.832600,887,15223.28,1154809.177000,0
1785175080000,75.8400,75.8600,75.8000,75.8100,4031.69,1785175139999,305741.544600,492,2300.45,174450.583800,0
1785175140000,75.8100,75.8700,75.8100,75.8600,5434.10,1785175199999,412166.931500,433,2316.92,175726.327800,0
1785175200000,75.8600,75.9600,75.8600,75.8900,22881.85,1785175259999,1737414.791700,1361,17026.96,1292869.248200,0
1785175260000,75.8900,75.9400,75.8900,75.9200,5872.64,1785175319999,445909.328700,683,4426.07,336075.325300,0
1785175320000,75.9100,75.9300,75.8500,75.8500,5074.06,1785175379999,385050.302100,764,1550.80,117707.543000,0
1785175380000,75.8500,75.8700,75.8300,75.8600,8013.37,1785175439999,607766.472600,643,4200.57,318597.582400,0
1785175440000,75.8700,75.8800,75.8100,75.8100,6598.05,1785175499999,500524.990900,648,2401.30,182174.168700,0
1785175500000,75.8100,75.8200,75.7500,75.8000,7542.92,1785175559999,571553.382300,869,2215.80,167901.015800,0
1785175560000,75.7900,75.8200,75.7800,75.7800,11912.49,1785175619999,902925.327800,638,8445.69,640145.141100,0
1785175620000,75.7700,75.8200,75.7700,75.8100,2598.42,1785175679999,196963.363800,337,1720.65,130422.988500,0
1785175680000,75.8000,75.8100,75.7700,75.7700,6202.26,1785175739999,470046.673200,518,4937.06,374154.887600,0
1785175740000,75.7800,75.7900,75.7600,75.7700,6912.68,1785175799999,523840.113000,514,3918.28,296912.374100,0
1785175800000,75.7600,75.7700,75.7500,75.7600,2130.47,1785175859999,161407.540800,307,606.98,45990.695900,0
1785175860000,75.7600,75.7800,75.7600,75.7600,2622.04,1785175919999,198662.716600,239,891.90,67571.932700,0
1785175920000,75.7700,75.7800,75.7500,75.7600,6729.84,1785175979999,509905.282700,466,3754.87,284506.820600,0
1785175980000,75.7500,75.7600,75.7200,75.7500,5008.72,1785176039999,379376.414600,465,1806.87,136849.291900,0
1785176040000,75.7400,75.7700,75.7300,75.7500,4371.78,1785176099999,331159.209000,349,1306.37,98955.876800,0
1785176100000,75.7400,75.7500,75.5600,75.5800,32073.96,1785176159999,2425762.308100,2494,14827.32,1121217.361100,0
1785176160000,75.5800,75.6000,75.5400,75.6000,14485.80,1785176219999,1094630.715700,1097,7241.11,547215.543500,0
1785176220000,75.5900,75.6500,75.5600,75.5800,15558.61,1785176279999,1176314.734500,962,7493.25,566498.320600,0
1785176280000,75.5800,75.6200,75.5700,75.6200,5486.26,1785176339999,414700.233300,556,3140.96,237431.421400,0
1785176340000,75.6200,75.6400,75.5500,75.5500,9283.65,1785176399999,701923.170200,798,2261.53,170974.737800,0
1785176400000,75.5500,75.5600,75.5100,75.5200,4923.72,1785176459999,371938.991200,655,2722.66,205676.780300,0
1785176460000,75.5200,75.5600,75.5200,75.5600,4163.64,1785176519999,314508.428500,313,4013.03,303132.696900,0
1785176520000,75.5600,75.5600,75.5200,75.5300,5073.79,1785176579999,383287.187300,353,3054.94,230772.368400,0
1785176580000,75.5200,75.5800,75.5100,75.5100,14880.17,1785176639999,1124140.154100,874,7856.30,593511.579500,0
1785176640000,75.5100,75.5600,75.5100,75.5500,1491.98,1785176699999,112687.835800,310,1211.41,91498.430300,0
1785176700000,75.5600,75.5800,75.5600,75.5800,4549.35,1785176759999,343795.705200,338,940.95,71108.971300,0
1785176760000,75.5800,75.5900,75.5500,75.5600,3452.32,1785176819999,260903.908500,398,2245.55,169710.496900,0
1785176820000,75.5600,75.5900,75.5600,75.5900,3776.45,1785176879999,285447.116800,260,3562.36,269266.723300,0
1785176880000,75.5900,75.5900,75.5300,75.5400,7345.65,1785176939999,555032.217000,537,3807.89,287746.748400,0
1785176940000,75.5400,75.5700,75.5400,75.5700,1716.13,1785176999999,129662.789400,276,1574.50,118962.395500,0
1785177000000,75.5700,75.6000,75.5300,75.5600,3443.37,1785177059999,260197.215000,714,1229.00,92868.653400,0
1785177060000,75.5700,75.5700,75.5300,75.5400,1447.11,1785177119999,109328.078500,257,200.42,15143.965700,0
1785177120000,75.5300,75.5300,75.4900,75.5100,8481.95,1785177179999,640461.691700,886,2895.22,218622.385600,0
1785177180000,75.5100,75.5100,75.4400,75.4900,12881.81,1785177239999,972230.096100,948,7918.98,597669.878300,0
1785177240000,75.4900,75.4900,75.4400,75.4400,2045.70,1785177299999,154398.525000,292,536.89,40529.354500,0
1785177300000,75.4400,75.4700,75.4400,75.4600,4388.49,1785177359999,331115.416300,391,2406.61,181583.611100,0
1785177360000,75.4600,75.4800,75.4400,75.4600,3046.53,1785177419999,229902.958800,361,1649.00,124437.967900,0
1785177420000,75.4600,75.4800,75.4300,75.4300,11843.34,1785177479999,893487.769900,660,4138.40,312233.321200,0
1785177480000,75.4300,75.4400,75.3000,75.3500,53764.05,1785177539999,4051402.350900,2356,13259.69,999143.961100,0
1785177540000,75.3600,75.3600,75.2900,75.2900,12249.75,1785177599999,922790.567400,732,3768.07,283872.841900,0
1785177600000,75.2900,75.2900,75.2200,75.2300,18694.52,1785177659999,1406689.204400,1563,8096.46,609199.607100,0
1785177660000,75.2400,75.4600,75.2300,75.4600,75077.54,1785177719999,5655754.537100,3632,56442.23,4252055.698500,0
1785177720000,75.4600,75.4800,75.4300,75.4400,20299.50,1785177779999,1531713.179300,1113,9326.32,703722.826900,0
1785177780000,75.4300,75.4700,75.4000,75.4700,14145.35,1785177839999,1066829.502400,614,11169.35,842399.563000,0
1785177840000,75.4700,75.4700,75.3800,75.3900,10694.82,1785177899999,806894.644300,622,2135.10,161087.232200,0
1785177900000,75.3900,75.4400,75.3900,75.3900,6871.94,1785177959999,518217.607200,761,2780.54,209694.155200,0
1785177960000,75.3900,75.4000,75.3400,75.3600,9840.84,1785178019999,741663.248000,835,3587.92,270393.776800,0
1785178020000,75.3600,75.3700,75.3000,75.3100,11690.54,1785178079999,880789.855800,767,2225.82,167685.049500,0
1785178080000,75.3100,75.3600,75.3000,75.3400,15254.16,1785178139999,1149125.805800,845,12093.09,910996.360900,0
1785178140000,75.3400,75.3500,75.2500,75.2700,4558.13,1785178199999,343234.932700,606,1175.87,88533.792100,0
1785178200000,75.2700,75.3100,75.2500,75.3000,4854.44,1785178259999,365448.489800,499,3925.00,295484.246700,0
1785178260000,75.3000,75.3700,75.3000,75.3400,4973.05,1785178319999,374707.204000,605,3368.95,253836.841800,0
1785178320000,75.3300,75.4800,75.3300,75.4500,9060.77,1785178379999,683482.631600,994,5706.52,430412.755500,0
1785178380000,75.4600,75.4900,75.4500,75.4600,6946.50,1785178439999,524280.519400,627,3308.63,249721.171800,0
1785178440000,75.4600,75.4900,75.4500,75.4900,4649.67,1785178499999,350936.776000,330,3591.46,271086.991600,0
1785178500000,75.4900,75.5600,75.4900,75.5500,8258.61,1785178559999,623842.934200,875,6220.90,469907.653300,0
1785178560000,75.5600,75.5600,75.5200,75.5400,3931.26,1785178619999,296946.606800,418,1141.14,86198.302700,0
1785178620000,75.5400,75.5600,75.5200,75.5500,2972.04,1785178679999,224506.166500,421,2050.94,154929.657900,0
1785178680000,75.5400,75.5600,75.5000,75.5200,9282.02,1785178739999,701109.742200,664,3831.74,289402.552000,0
1785178740000,75.5200,75.5800,75.5200,75.5700,9588.89,1785178799999,724464.558800,650,8526.04,644160.595000,0
1785178800000,75.5800,75.6100,75.5600,75.5900,8644.20,1785178859999,653412.511600,847,4009.53,303086.713400,0
1785178860000,75.5900,75.5900,75.5100,75.5300,6490.25,1785178919999,490218.950100,731,2305.76,174146.682400,0
1785178920000,75.5200,75.5600,75.5100,75.5100,5594.23,1785178979999,422531.761300,607,1808.08,136572.285700,0
1785178980000,75.5100,75.5500,75.5100,75.5300,2813.64,1785179039999,212503.242300,334,2249.42,169889.464200,0
1785179040000,75.5200,75.5300,75.5000,75.5200,1914.02,1785179099999,144532.419000,325,871.60,65816.295600,0
1785179100000,75.5200,75.5300,75.4500,75.4600,16651.86,1785179159999,1256754.760000,867,831.57,62794.993200,0
1785179160000,75.4600,75.6800,75.4600,75.6800,26095.79,1785179219999,1972536.034700,1883,24956.42,1886422.365600,0
1785179220000,75.6800,75.7900,75.6800,75.7500,16283.33,1785179279999,1233271.083300,1517,7560.77,572601.494700,0
1785179280000,75.7500,75.7700,75.7100,75.7100,6111.75,1785179339999,462919.393800,486,1750.87,132633.601700,0
1785179340000,75.7200,75.7500,75.7100,75.7500,7505.83,1785179399999,568429.584500,530,4289.59,324865.499800,0
1785179400000,75.7500,75.9100,75.7400,75.8900,16171.96,1785179459999,1226557.845900,1687,10399.96,788776.443100,0
1785179460000,75.8900,75.9100,75.8500,75.9100,11436.27,1785179519999,867873.585900,740,4883.86,370644.015000,0
1785179520000,75.9100,75.9700,75.9000,75.9400,7672.56,1785179579999,582714.918500,969,4462.99,338963.104400,0
1785179580000,75.9400,75.9400,75.8300,75.8400,6782.99,1785179639999,514810.663900,804,1113.42,84507.075800,0
1785179640000,75.8300,75.8600,75.8100,75.8500,16077.26,1785179699999,1219194.901200,881,3632.54,275476.359200,0
1785179700000,75.8600,75.9100,75.8300,75.8600,7383.08,1785179759999,560141.141200,768,5005.75,379749.763700,0
1785179760000,75.8600,75.9100,75.8100,75.8900,9875.13,1785179819999,749130.508200,882,6805.08,516196.587700,0
1785179820000,75.8900,75.9200,75.8700,75.8700,3556.59,1785179879999,269933.233200,438,2166.47,164427.947900,0
1785179880000,75.8800,75.8900,75.8300,75.8700,22766.70,1785179939999,1727160.429500,919,14355.80,1089037.306300,0
1785179940000,75.8700,75.8700,75.8300,75.8600,13660.52,1785179999999,1036126.887800,569,2159.79,163811.715800,0
1785180000000,75.8700,75.8900,75.8300,75.8600,19884.73,1785180059999,1508662.669100,710,5038.96,382264.104100,0
1785180060000,75.8700,75.9000,75.7900,75.7900,4870.95,1785180119999,369443.944100,690,2485.40,188529.038100,0
1785180120000,75.7900,75.8100,75.7500,75.8000,8934.15,1785180179999,676995.922100,789,4263.76,323096.634000,0
1785180180000,75.8100,75.8300,75.7800,75.7900,2246.19,1785180239999,170292.642100,364,1793.59,135984.364500,0
1785180240000,75.7900,75.8000,75.7400,75.7700,1462.17,1785180299999,110777.477300,384,853.86,64686.585200,0
1785180300000,75.7700,75.7900,75.7200,75.7300,11189.79,1785180359999,847533.911000,542,7295.97,552527.998400,0
1785180360000,75.7200,75.7300,75.7100,75.7200,1613.60,1785180419999,122174.680900,310,900.15,68154.569400,0
1785180420000,75.7200,75.7700,75.7000,75.7500,2563.39,1785180479999,194155.787300,433,1631.39,123581.558400,0
1785180480000,75.7600,75.7600,75.7400,75.7400,1573.62,1785180539999,119202.552000,248,273.64,20729.180700,0
1785180540000,75.7400,75.8000,75.7400,75.7900,2533.09,1785180599999,191937.205800,438,1272.47,96417.187800,0
1785180600000,75.7900,75.7900,75.7400,75.7700,11803.77,1785180659999,894249.943900,774,2300.24,174259.412900,0
1785180660000,75.7700,75.8000,75.7600,75.8000,3529.35,1785180719999,267441.661900,358,1088.07,82451.324000,0
1785180720000,75.8000,75.8000,75.7400,75.7800,3440.11,1785180779999,260657.240200,507,2372.58,179768.872900,0
1785180780000,75.7800,75.8700,75.7600,75.8600,9024.28,1785180839999,683951.967900,675,7988.12,605404.458900,0
1785180840000,75.8700,75.9400,75.8500,75.9000,16321.49,1785180899999,1238583.627500,1077,12949.56,982638.830500,0
1785180900000,75.8900,75.9300,75.8500,75.9200,4921.04,1785180959999,373419.836300,646,2366.65,179585.139100,0
1785180960000,75.9100,75.9400,75.9000,75.9000,7201.97,1785181019999,546709.370700,524,4299.72,326408.040700,0
1785181020000,75.9000,75.9000,75.8600,75.8600,3929.86,1785181079999,298179.813100,405,1686.14,127934.014000,0
1785181080000,75.8700,75.8700,75.8300,75.8400,2979.76,1785181139999,225985.213000,422,671.78,50950.855300,0
1785181140000,75.8300,75.8400,75.8100,75.8100,722.43,1785181199999,54777.860600,195,39.07,2962.705200,0
1785181200000,75.8100,75.8500,75.8000,75.8300,3034.48,1785181259999,230089.796200,408,1893.39,143574.889900,0
1785181260000,75.8300,75.8400,75.8000,75.8100,1401.25,1785181319999,106243.921300,286,245.00,18579.705600,0
1785181320000,75.8100,75.8100,75.7800,75.7800,1172.84,1785181379999,88891.603700,239,74.11,5617.486600,0
1785181380000,75.7900,75.7900,75.7800,75.7800,1059.59,1785181439999,80296.034000,179,30.38,2302.500200,0
1785181440000,75.7700,75.8100,75.7700,75.7900,4035.03,1785181499999,305797.461000,391,1795.88,136097.265400,0
1785181500000,75.7800,75.7800,75.7300,75.7500,18457.44,1785181559999,1398398.024700,597,3874.67,293534.769600,0
1785181560000,75.7500,75.7900,75.7300,75.7500,5869.17,1785181619999,444687.469900,479,3387.82,256706.881400,0
1785181620000,75.7500,75.7900,75.7400,75.7900,1480.20,1785181679999,112139.193100,279,1105.33,83739.338800,0
1785181680000,75.7800,75.7900,75.7400,75.7800,2083.17,1785181739999,157831.188500,413,416.14,31528.144200,0
1785181740000,75.7800,75.7900,75.7500,75.7900,1038.51,1785181799999,78686.922900,304,248.60,18837.180200,0
1785181800000,75.7900,75.8300,75.7000,75.7400,35060.30,1785181859999,2656730.904900,1523,11390.11,863223.729200,0
1785181860000,75.7400,75.7500,75.7200,75.7400,2526.33,1785181919999,191325.176100,278,1393.56,105535.635400,0
1785181920000,75.7400,75.8000,75.7300,75.8000,2730.38,1785181979999,206817.340200,301,930.73,70514.580300,0
1785181980000,75.7900,75.8000,75.7700,75.7800,3336.12,1785182039999,252855.675200,329,1324.64,100401.949100,0
1785182040000,75.7800,75.7900,75.7500,75.7700,2758.35,1785182099999,208994.503200,373,1627.93,123348.125100,0
1785182100000,75.7600,75.7900,75.7500,75.7700,2728.51,1785182159999,206743.009600,306,2301.87,174418.703700,0
1785182160000,75.7700,75.8200,75.7700,75.8200,3519.40,1785182219999,266776.096100,312,3490.67,264598.470700,0
1785182220000,75.8100,75.8500,75.8000,75.8500,3685.54,1785182279999,279459.643200,379,2871.21,217725.945800,0
1785182280000,75.8400,75.9600,75.8400,75.9500,26083.37,1785182339999,1979632.436900,1388,19373.83,1470289.723100,0
1785182340000,75.9500,76.0200,75.9300,75.9400,45118.33,1785182399999,3427366.385100,2165,22742.97,1727724.763900,0
1785182400000,75.9500,76.0600,75.9500,75.9800,39319.00,1785182459999,2988408.268300,1814,13230.48,1005458.080500,0
1785182460000,75.9800,75.9800,75.9400,75.9600,3403.97,1785182519999,258579.379700,677,960.32,72946.862700,0
1785182520000,75.9700,76.0000,75.9700,75.9800,1864.97,1785182579999,141707.535400,343,699.22,53128.930600,0
1785182580000,75.9900,76.0100,75.9800,75.9800,6523.83,1785182639999,495797.259200,407,1826.48,138808.112800,0
1785182640000,75.9800,76.0000,75.9200,75.9400,7453.73,1785182699999,566175.761300,638,864.52,65680.042400,0
1785182700000,75.9400,75.9700,75.9200,75.9200,4152.66,1785182759999,315354.556500,546,1281.97,97361.794700,0
1785182760000,75.9200,75.9500,75.8900,75.9000,9233.31,1785182819999,701099.688700,588,4013.82,304784.661700,0
1785182820000,75.9000,75.9200,75.8700,75.8700,6909.34,1785182879999,524398.938500,663,4860.08,368875.291700,0
1785182880000,75.8600,75.8800,75.8600,75.8700,1086.36,1785182939999,82418.402400,246,356.25,27028.759400,0
1785182940000,75.8600,75.8800,75.8600,75.8700,658.89,1785182999999,49988.775500,242,276.54,20981.370300,0
1785183000000,75.8600,75.8800,75.8300,75.8400,2778.82,1785183059999,210791.422600,687,1036.52,78629.724800,0
1785183060000,75.8400,75.8600,75.8200,75.8300,2533.77,1785183119999,192168.738000,380,1086.40,82399.919400,0
1785183120000,75.8300,75.8500,75.8200,75.8200,2233.15,1785183179999,169354.987900,337,1441.73,109340.204000,0
1785183180000,75.8300,75.8400,75.8200,75.8400,7172.21,1785183239999,543869.455400,328,5986.09,453930.288300,0
1785183240000,75.8300,75.8700,75.8300,75.8700,1449.80,1785183299999,109959.664500,200,1414.21,107260.063200,0
1785183300000,75.8700,75.8700,75.8100,75.8200,2371.29,1785183359999,179824.820200,508,1108.05,84017.058400,0
1785183360000,75.8300,75.8400,75.8000,75.8000,2191.81,1785183419999,166166.588000,583,185.70,14080.958000,0
1785183420000,75.8100,75.8400,75.7900,75.7900,2540.62,1785183479999,192600.578100,702,755.90,57307.280800,0
1785183480000,75.7900,75.8000,75.7600,75.7800,4289.79,1785183539999,325083.325000,790,1777.93,134740.665500,0
1785183540000,75.7800,75.7900,75.7700,75.7900,2156.91,1785183599999,163438.543800,470,831.93,63043.671100,0
1785183600000,75.7800,75.8100,75.7800,75.8100,1151.02,1785183659999,87237.642600,265,1017.84,77144.615000,0
1785183660000,75.8100,75.8100,75.7800,75.8000,5722.51,1785183719999,433727.858400,347,3767.06,285507.017100,0
1785183720000,75.8100,75.8400,75.8100,75.8400,1423.58,1785183779999,107944.561100,239,1078.78,81798.406100,0
1785183780000,75.8400,75.8800,75.8300,75.8800,1277.64,1785183839999,96915.582200,258,1115.05,84584.102600,0
1785183840000,75.8800,75.9300,75.8700,75.9300,1516.96,1785183899999,115120.324500,291,1336.26,101408.805900,0
1785183900000,75.9200,76.0200,75.9200,76.0000,6907.45,1785183959999,524817.235000,772,5951.71,452198.231800,0
1785183960000,76.0000,76.0100,75.9800,76.0100,1790.89,1785184019999,136108.163300,275,1017.71,77351.181300,0
1785184020000,76.0100,76.0100,76.0000,76.0100,757.33,1785184079999,57563.015800,90,593.58,45118.015800,0
1785184080000,76.0000,76.0300,75.9900,76.0300,2912.77,1785184139999,221382.917800,341,1386.43,105380.024000,0
1785184140000,76.0200,76.1000,76.0200,76.0600,15730.03,1785184199999,1196540.198100,1124,3548.05,269868.144900,0
1785184200000,76.0600,76.0600,75.9800,75.9900,10604.57,1785184259999,806188.655900,852,5050.03,383923.502400,0
1785184260000,75.9900,76.0300,75.9700,75.9700,5244.72,1785184319999,398659.501700,473,1232.62,93695.277900,0
1785184320000,75.9700,75.9800,75.9500,75.9600,1829.17,1785184379999,138948.877300,218,439.01,33351.592100,0
1785184380000,75.9500,76.0000,75.9500,76.0000,4626.85,1785184439999,351549.269000,290,4566.28,346948.236300,0
1785184440000,76.0000,76.0000,75.9400,76.0000,2038.09,1785184499999,154835.669800,456,516.74,39251.708200,0
1785184500000,76.0000,76.0400,75.9900,76.0300,10301.66,1785184559999,782986.807400,398,8854.25,672951.117500,0
1785184560000,76.0300,76.0400,76.0100,76.0200,1943.20,1785184619999,147734.813200,326,244.75,18608.936200,0
1785184620000,76.0200,76.0400,75.9800,75.9800,4981.66,1785184679999,378676.746700,503,2793.89,212390.527400,0
1785184680000,75.9900,75.9900,75.9300,75.9300,2593.96,1785184739999,197034.246800,356,871.75,66227.537800,0
1785184740000,75.9400,75.9400,75.9200,75.9200,1233.40,1785184799999,93642.495600,156,175.67,13338.623900,0
1785184800000,75.9300,75.9300,75.8800,75.9000,2267.57,1785184859999,172120.836200,530,740.60,56206.507900,0
1785184860000,75.8900,75.9100,75.8500,75.8900,8357.03,1785184919999,634113.180500,601,5445.34,413156.593000,0
1785184920000,75.8900,75.8900,75.8500,75.8500,3896.40,1785184979999,295619.626100,314,416.12,31566.913500,0
1785184980000,75.8500,75.8600,75.8100,75.8400,5651.82,1785185039999,428620.101500,531,1708.14,129540.730700,0
1785185040000,75.8400,75.8400,75.8100,75.8300,3388.41,1785185099999,256922.481700,307,2323.82,176198.418900,0
1785185100000,75.8400,75.8400,75.8200,75.8200,3898.58,1785185159999,295614.921400,248,468.22,35505.134400,0
1785185160000,75.8300,75.8300,75.7900,75.7900,3558.39,1785185219999,269754.169000,484,1039.82,78827.276900,0
1785185220000,75.7900,75.8300,75.7700,75.8100,13148.50,1785185279999,996421.034900,799,2822.24,213907.230800,0
1785185280000,75.8100,75.8200,75.7900,75.7900,1866.19,1785185339999,141470.362900,233,673.53,51060.064900,0
1785185340000,75.8000,75.8100,75.7700,75.8000,2596.20,1785185399999,196771.714700,383,1680.25,127351.605300,0
1785185400000,75.7900,75.8000,75.7700,75.7800,817.33,1785185459999,61939.544800,226,475.20,36011.366100,0
1785185460000,75.7800,75.8200,75.7800,75.8200,4159.49,1785185519999,315279.142800,414,3043.18,230668.995300,0
1785185520000,75.8200,75.8700,75.8100,75.8700,3617.24,1785185579999,274316.650600,348,3377.76,256161.539800,0
1785185580000,75.8700,75.8800,75.8400,75.8400,17223.18,1785185639999,1306617.786100,524,6845.48,519312.327800,0
1785185640000,75.8400,75.8800,75.8400,75.8800,4682.74,1785185699999,355162.361100,370,4320.87,327716.285500,0
1785185700000,75.8900,75.9100,75.8700,75.9100,2483.93,1785185759999,188500.726000,322,2135.28,162045.142700,0
1785185760000,75.9100,75.9200,75.9100,75.9100,430.51,1785185819999,32682.872000,106,285.79,21697.176800,0
1785185820000,75.9200,75.9200,75.8900,75.9000,2010.88,1785185879999,152636.289100,277,431.58,32761.099300,0
1785185880000,75.9000,75.9300,75.8900,75.9300,7775.79,1785185939999,590287.788100,334,6723.28,510381.802200,0
1785185940000,75.9300,75.9600,75.9200,75.9300,5219.42,1785185999999,396345.450700,375,1636.91,124306.246400,0
1785186000000,75.9400,75.9400,75.8800,75.9000,3495.44,1785186059999,265304.658400,463,1619.60,122915.788000,0
1785186060000,75.9000,75.9000,75.8800,75.8800,2912.15,1785186119999,220995.668100,320,53.55,4064.122300,0
1785186120000,75.8900,75.9400,75.8400,75.9300,7938.79,1785186179999,602240.469600,818,3570.40,270858.472700,0
1785186180000,75.9400,75.9600,75.9000,75.9100,2404.02,1785186239999,182571.680400,359,170.83,12973.531000,0
1785186240000,75.9100,75.9200,75.8500,75.8600,2150.36,1785186299999,163208.295900,393,1271.69,96531.683800,0
1785186300000,75.8600,75.8800,75.8300,75.8500,7629.66,1785186359999,578720.009000,567,5505.72,417594.123800,0
1785186360000,75.8500,75.9000,75.8400,75.9000,1422.43,1785186419999,107905.058900,253,759.37,57611.263900,0
1785186420000,75.9000,75.9500,75.8900,75.9500,1462.52,1785186479999,111050.075900,261,1217.74,92464.078600,0
1785186480000,75.9400,75.9500,75.9100,75.9200,2463.41,1785186539999,187057.246000,325,171.89,13051.903300,0
1785186540000,75.9200,75.9300,75.9000,75.9100,4863.62,1785186599999,369205.964300,322,985.17,74797.556000,0
1785186600000,75.9100,75.9400,75.9000,75.9400,4115.88,1785186659999,312465.876000,315,3010.69,228562.783200,0
1785186660000,75.9400,75.9400,75.8800,75.8800,7228.00,1785186719999,548768.112700,618,2295.99,174334.295900,0
1785186720000,75.8900,75.8900,75.8200,75.8300,6897.34,1785186779999,523109.320800,559,1065.32,80813.641400,0
1785186780000,75.8200,75.8700,75.7900,75.8700,14154.96,1785186839999,1073301.568800,956,7851.74,595391.595800,0
1785186840000,75.8600,75.8700,75.8500,75.8600,3395.86,1785186899999,257606.221400,197,1385.50,105104.053000,0
1785186900000,75.8700,75.8700,75.8300,75.8400,3823.17,1785186959999,289991.636600,342,2208.47,167512.218700,0
1785186960000,75.8400,75.8500,75.8200,75.8200,6446.92,1785187019999,488907.590700,463,4245.03,321929.757000,0
1785187020000,75.8200,75.8300,75.7600,75.7600,3150.39,1785187079999,238732.669200,449,465.01,35237.520500,0
1785187080000,75.7700,75.8000,75.7600,75.7800,5733.73,1785187139999,434472.997400,395,2163.45,163935.364700,0
1785187140000,75.7800,75.8000,75.7800,75.7800,2089.85,1785187199999,158390.553300,201,1293.97,98070.995200,0
1785187200000,75.7800,75.7900,75.7800,75.7800,656.43,1785187259999,49747.754000,143,348.86,26440.099400,0
1785187260000,75.7800,75.7900,75.7400,75.7400,2345.71,1785187319999,177703.926300,448,165.03,12503.016500,0
1785187320000,75.7500,75.7500,75.7400,75.7500,499.86,1785187379999,37861.102700,96,170.63,12925.222500,0
1785187380000,75.7500,75.7700,75.7400,75.7700,2749.58,1785187439999,208295.572100,241,1697.56,128598.676500,0
1785187440000,75.7700,75.7700,75.7300,75.7300,7267.34,1785187499999,550485.070400,434,1561.07,118282.098200,0
1785187500000,75.7200,75.7300,75.6700,75.6800,12344.43,1785187559999,934343.836100,842,2480.33,187712.871400,0
1785187560000,75.6800,75.6800,75.6400,75.6400,6470.50,1785187619999,489506.018400,550,235.82,17840.813800,0
1785187620000,75.6400,75.6700,75.6200,75.6600,10416.91,1785187679999,787965.195500,692,8831.21,668034.750300,0
1785187680000,75.6700,75.6700,75.5900,75.5900,11118.96,1785187739999,840883.731200,659,4180.32,316157.109600,0
1785187740000,75.5900,75.6100,75.5400,75.5500,6826.55,1785187799999,515895.685000,607,4593.66,347145.029500,0
1785187800000,75.5600,75.6400,75.5400,75.6200,17874.20,1785187859999,1351040.199900,840,16152.34,1220867.778700,0
1785187860000,75.6200,75.6200,75.5500,75.5600,2096.65,1785187919999,158475.797400,397,646.71,48878.722400,0
1785187920000,75.5600,75.6200,75.5600,75.6100,7851.56,1785187979999,593432.356400,492,7536.14,569586.561100,0
1785187980000,75.6100,75.6300,75.6100,75.6200,999.33,1785188039999,75575.811900,184,981.27,74210.118200,0
1785188040000,75.6200,75.6300,75.6000,75.6000,1612.01,1785188099999,121908.391100,209,1019.49,77103.859800,0
1785188100000,75.6000,75.6100,75.5600,75.5700,3002.84,1785188159999,226943.469400,403,1981.27,149726.375100,0
1785188160000,75.5800,75.5800,75.5400,75.5400,4032.17,1785188219999,304654.483600,355,504.08,38093.461500,0
1785188220000,75.5400,75.5800,75.5300,75.5800,5105.76,1785188279999,385727.943100,459,4241.06,320405.202500,0
1785188280000,75.5700,75.5700,75.5400,75.5400,3417.82,1785188339999,258233.045800,280,2107.40,159217.544200,0
1785188340000,75.5500,75.5500,75.4900,75.5000,5913.54,1785188399999,446498.538400,637,3637.42,274630.631700,0
1785188400000,75.5000,75.5400,75.5000,75.5300,3005.62,1785188459999,226957.475500,252,1808.16,136538.616700,0
1785188460000,75.5400,75.5400,75.4800,75.5300,9664.87,1785188519999,729827.478100,663,6728.27,508081.521800,0
1785188520000,75.5300,75.5300,75.5100,75.5300,3142.21,1785188579999,237315.904700,211,1087.49,82128.872600,0
1785188580000,75.5300,75.5500,75.5200,75.5300,5569.61,1785188639999,420693.192600,381,2437.52,184113.956100,0
1785188640000,75.5200,75.5500,75.5200,75.5400,3012.16,1785188699999,227520.379500,249,2749.04,207648.703100,0
1785188700000,75.5500,75.5500,75.5000,75.5000,2149.23,1785188759999,162318.188900,329,354.10,26740.198400,0
1785188760000,75.5100,75.5100,75.5000,75.5100,3094.98,1785188819999,233688.722000,388,1715.57,129542.690700,0
1785188820000,75.5000,75.5200,75.5000,75.5000,3299.85,1785188879999,249184.662400,279,2947.77,222600.769000,0
1785188880000,75.5000,75.5100,75.5000,75.5000,637.51,1785188939999,48135.403100,112,339.81,25659.053100,0
1785188940000,75.5000,75.5100,75.4800,75.5000,3816.55,1785188999999,288129.905200,384,2119.27,159988.261400,0
1785189000000,75.5000,75.5000,75.4700,75.4700,3849.85,1785189059999,290603.706500,314,1013.16,76473.966600,0
1785189060000,75.4800,75.5300,75.4800,75.5300,4020.81,1785189119999,303517.382300,364,4009.77,302684.004900,0
1785189120000,75.5300,75.5300,75.5200,75.5300,259.06,1785189179999,19566.157600,116,194.64,14701.159200,0
1785189180000,75.5300,75.5300,75.5000,75.5200,1857.78,1785189239999,140285.619900,243,935.07,70607.493100,0
1785189240000,75.5100,75.5200,75.5100,75.5200,239.31,1785189299999,18072.182000,95,188.39,14227.212800,0
1785189300000,75.5200,75.6300,75.5200,75.6300,12577.83,1785189359999,950325.052900,1015,11219.24,847706.822700,0
1785189360000,75.6200,75.6200,75.6000,75.6000,3002.71,1785189419999,227053.183100,235,493.81,37337.403000,0
1785189420000,75.6100,75.6200,75.6000,75.6100,762.30,1785189479999,57637.254400,189,714.49,54022.589600,0
1785189480000,75.6200,75.6200,75.6000,75.6100,1347.85,1785189539999,101911.820000,216,192.83,14581.602800,0
1785189540000,75.6100,75.6100,75.5700,75.5700,1319.32,1785189599999,99736.183600,223,59.85,4524.968900,0
1785189600000,75.5800,75.5900,75.5700,75.5800,1370.79,1785189659999,103604.969400,365,1001.40,75686.888300,0
1785189660000,75.5900,75.5900,75.3400,75.3500,20466.99,1785189719999,1544928.701100,2202,2658.16,200477.037200,0
1785189720000,75.3600,75.4500,75.3000,75.3800,16656.48,1785189779999,1255370.728600,1839,7781.00,586418.920000,0
1785189780000,75.3700,75.4300,75.3700,75.4000,3742.07,1785189839999,282197.242800,446,1125.15,84843.396000,0
1785189840000,75.3900,75.4000,75.3600,75.3900,9979.70,1785189899999,752264.685300,784,8456.95,637478.310700,0
1785189900000,75.3800,75.3900,75.3300,75.3600,6108.51,1785189959999,460277.922600,633,2947.98,222117.423500,0
1785189960000,75.3600,75.4200,75.3200,75.4100,6517.00,1785190019999,491165.050300,792,3045.00,229518.198300,0
1785190020000,75.4100,75.4200,75.3700,75.3800,4359.52,1785190079999,328682.532100,509,1703.45,128412.005700,0
1785190080000,75.3800,75.3900,75.3700,75.3700,2702.32,1785190139999,203706.424600,388,825.39,62226.149900,0
1785190140000,75.3700,75.4000,75.3600,75.3900,2392.01,1785190199999,180316.165900,332,1114.79,84029.941300,0
1785190200000,75.4000,75.4200,75.3900,75.4200,2092.06,1785190259999,157753.268200,376,1222.84,92208.594000,0
1785190260000,75.4100,75.4100,75.3500,75.3600,2374.62,1785190319999,179013.403800,404,359.10,27071.732100,0
1785190320000,75.3600,75.3900,75.3500,75.3800,3762.74,1785190379999,283566.821100,530,2914.59,219648.168400,0
1785190380000,75.3700,75.3900,75.3400,75.3400,1929.04,1785190439999,145384.284200,280,1527.33,115109.946100,0
1785190440000,75.3400,75.3800,75.3200,75.3700,1811.21,1785190499999,136455.122300,389,1256.10,94637.383000,0
1785190500000,75.3700,75.3800,75.3400,75.3600,5346.11,1785190559999,402864.200200,549,2553.76,192433.684200,0
1785190560000,75.3600,75.3800,75.3500,75.3700,1079.07,1785190619999,81319.615300,231,974.27,73422.861900,0
1785190620000,75.3800,75.3800,75.3700,75.3800,631.19,1785190679999,47577.071300,108,428.10,32270.178000,0
1785190680000,75.3700,75.4100,75.3500,75.4100,7670.47,1785190739999,578173.674000,687,5758.70,434067.398000,0
1785190740000,75.4000,75.4100,75.3500,75.3600,2798.12,1785190799999,210934.410400,412,1673.11,126126.677500,0
1785190800000,75.3700,75.3900,75.3300,75.3300,3405.02,1785190859999,256564.667100,473,1018.60,76768.159500,0
1785190860000,75.3400,75.3400,75.2900,75.3400,13563.60,1785190919999,1021537.748100,812,8861.91,667432.937900,0
1785190920000,75.3400,75.3500,75.3200,75.3400,6701.65,1785190979999,504891.452300,458,4031.43,303740.085900,0
1785190980000,75.3300,75.3400,75.3100,75.3100,7980.46,1785191039999,601195.735500,482,4491.80,338402.092800,0
1785191040000,75.3100,75.3200,75.2500,75.2700,18608.44,1785191099999,1400860.683400,946,5543.59,417263.109500,0
1785191100000,75.2700,75.2900,75.1400,75.1800,31020.59,1785191159999,2332490.334900,2199,5080.23,382154.526000,0
1785191160000,75.1800,75.2500,75.1100,75.2200,26752.05,1785191219999,2010910.584100,1597,7701.28,578823.843800,0
1785191220000,75.2100,75.2100,75.1700,75.2100,7129.89,1785191279999,536048.479200,447,5978.10,449452.039100,0
1785191280000,75.2000,75.2100,75.1900,75.2100,3734.07,1785191339999,280777.585300,321,811.31,61012.311300,0
1785191340000,75.2000,75.2100,75.1700,75.2000,2549.69,1785191399999,191715.895200,309,868.29,65283.422100,0
1785191400000,75.2000,75.2000,75.1300,75.1800,13354.73,1785191459999,1003677.901500,1103,6658.28,500407.482300,0
1785191460000,75.1800,75.2200,75.1800,75.2100,5420.93,1785191519999,407659.674100,384,4430.96,333213.214600,0
1785191520000,75.2100,75.2600,75.2000,75.2600,4976.45,1785191579999,374373.314200,520,3910.51,294172.002300,0
1785191580000,75.2600,75.3100,75.2600,75.3100,11750.87,1785191639999,884699.316900,574,7271.79,547471.028700,0
1785191640000,75.3100,75.3300,75.2300,75.2900,27993.42,1785191699999,2107495.333900,1227,12288.10,925198.118800,0
1785191700000,75.2900,75.3100,75.2600,75.2800,25409.68,1785191759999,1912922.974000,837,11130.88,837998.652300,0
1785191760000,75.2800,75.3400,75.2800,75.3400,17583.62,1785191819999,1324461.037100,825,13334.05,1004380.311600,0
1785191820000,75.3300,75.3300,75.1500,75.1800,33142.64,1785191879999,2494109.709700,1469,11798.93,888195.292000,0
1785191880000,75.1800,75.1800,75.1400,75.1600,7619.83,1785191939999,572682.709900,618,4716.25,354475.225100,0
1785191940000,75.1500,75.1800,75.1500,75.1600,3725.60,1785191999999,280020.971700,339,2373.29,178381.814500,0
1785192000000,75.1700,75.1700,74.6400,74.7600,315394.02,1785192059999,23612462.602100,12442,69969.16,5238681.609100,0
1785192060000,74.7600,74.8200,74.6800,74.7600,48280.96,1785192119999,3608844.405300,2761,20872.92,1560341.728000,0
1785192120000,74.7600,74.7900,74.7000,74.7400,41337.99,1785192179999,3089567.506700,1870,16955.71,1267290.573100,0
1785192180000,74.7400,74.7500,74.6800,74.7500,23077.92,1785192239999,1724487.526100,1379,11765.88,879290.050700,0
1785192240000,74.7500,74.7500,74.6200,74.6800,34703.87,1785192299999,2591375.936100,1703,14918.27,1114057.478400,0
1785192300000,74.6800,74.7000,74.4400,74.5200,82589.57,1785192359999,6157748.304800,4893,33569.16,2503769.289900,0
1785192360000,74.5200,74.5600,74.4200,74.5600,67108.46,1785192419999,4997792.897000,3317,30277.86,2255083.770500,0
1785192420000,74.5500,74.5600,74.4900,74.5400,26322.09,1785192479999,1962027.903900,1499,12704.24,946968.469300,0
1785192480000,74.5400,74.6400,74.4900,74.6100,36311.81,1785192539999,2708669.238700,1845,16616.64,1239556.023700,0
1785192540000,74.6100,74.6600,74.5700,74.5800,26736.10,1785192599999,1995237.464700,1920,10510.51,784453.103400,0
1785192600000,74.5800,74.6000,74.3300,74.4500,96227.56,1785192659999,7160640.395100,5028,43244.49,3217853.843700,0
1785192660000,74.4600,74.4900,74.3500,74.4500,35671.66,1785192719999,2654659.139000,2048,13545.31,1008131.025300,0
1785192720000,74.4500,74.4500,74.3200,74.3800,16207.18,1785192779999,1205119.862700,1631,7927.58,589451.107700,0
1785192780000,74.3800,74.3900,74.2700,74.3100,24868.99,1785192839999,1848447.870800,1670,7729.73,574506.808500,0
1785192840000,74.3100,74.3600,74.2800,74.3100,17466.74,1785192899999,1298074.079100,1277,8474.63,629775.314000,0
1785192900000,74.3200,74.3900,74.3000,74.3800,14932.66,1785192959999,1110229.730500,1123,12349.58,918191.369400,0
1785192960000,74.3800,74.3900,74.3200,74.3400,17079.85,1785193019999,1269984.648900,1016,4302.59,319889.148500,0
1785193020000,74.3500,74.3500,73.9700,74.0300,177783.43,1785193079999,13176253.752300,8903,66670.61,4942085.310500,0
1785193080000,74.0300,74.1400,73.9600,74.1400,41581.22,1785193139999,3078332.388900,2586,18794.82,1391718.289800,0
1785193140000,74.1300,74.1400,74.0100,74.0100,36331.55,1785193199999,2691382.244500,1746,11435.32,847109.409100,0
1785193200000,74.0100,74.0300,73.8200,73.9200,129685.27,1785193259999,9583906.308600,7841,53139.19,3926948.928700,0
1785193260000,73.9200,73.9400,73.7800,73.8600,61981.50,1785193319999,4577334.506200,4623,27671.64,2043852.304600,0
1785193320000,73.8600,74.0000,73.8300,73.9300,27036.06,1785193379999,1998747.033800,2307,16241.07,1200831.516300,0
1785193380000,73.9200,73.9500,73.7900,73.8400,31812.27,1785193439999,2349768.254500,2835,13356.01,986551.367800,0
1785193440000,73.8500,73.8700,73.6800,73.8400,54033.05,1785193499999,3985124.202800,4149,19246.14,1419640.974300,0
1785193500000,73.8400,74.0000,73.7800,73.9600,33618.05,1785193559999,2485350.245500,2954,20707.76,1530816.241900,0
1785193560000,73.9600,74.0700,73.9600,74.0500,33940.35,1785193619999,2512858.544800,2522,26075.13,1930534.149100,0
1785193620000,74.0500,74.0700,73.9700,73.9900,56391.11,1785193679999,4174700.308600,2444,35305.41,2613954.927900,0
1785193680000,73.9900,73.9900,73.8000,73.8500,26215.08,1785193739999,1936858.462100,2983,9084.30,671145.630700,0
1785193740000,73.8400,73.8900,73.7800,73.8000,17471.96,1785193799999,1290121.685400,1794,8867.13,654824.210100,0
1785193800000,73.8000,73.8200,73.7400,73.8100,21296.08,1785193859999,1571299.426000,1981,9255.89,682961.706800,0
1785193860000,73.8100,73.8800,73.8000,73.8700,20767.57,1785193919999,1533458.803500,1703,12613.96,931428.619100,0
1785193920000,73.8700,73.9700,73.8600,73.9500,18006.87,1785193979999,1331096.410000,1555,11904.04,879890.745200,0
1785193980000,73.9600,74.0800,73.9500,74.0300,21660.69,1785194039999,1603657.904700,2001,17563.96,1300322.631100,0
1785194040000,74.0200,74.0500,74.0100,74.0200,7845.05,1785194099999,580770.819400,900,5027.87,372223.153700,0
1785194100000,74.0200,74.0400,73.9900,74.0000,12231.83,1785194159999,905378.529100,1173,4876.29,360928.848700,0
1785194160000,73.9900,74.0000,73.9100,73.9300,12402.22,1785194219999,917187.086400,1221,6932.84,512724.329700,0
1785194220000,73.9300,74.0500,73.9200,74.0500,14978.35,1785194279999,1108410.265900,1581,12313.87,911213.233400,0
1785194280000,74.0500,74.2100,74.0500,74.2100,26279.67,1785194339999,1948535.061800,2376,21230.20,1574123.848100,0
1785194340000,74.2100,74.2900,74.2000,74.2800,24961.10,1785194399999,1853466.706200,2102,20274.00,1505483.499400,0
1785194400000,74.2900,74.3700,74.2800,74.3200,15058.45,1785194459999,1119296.633100,1632,11169.63,830233.883500,0
1785194460000,74.3300,74.3400,74.3100,74.3300,13904.96,1785194519999,1033437.923100,889,8624.14,640974.766000,0
1785194520000,74.3300,74.3300,74.2800,74.2900,6502.39,1785194579999,483228.248300,741,2694.65,200272.265700,0
1785194580000,74.2900,74.3000,74.1900,74.2000,18905.27,1785194639999,1403303.025500,1423,9233.63,685396.627300,0
1785194640000,74.2000,74.2100,74.1600,74.1700,6831.83,1785194699999,506778.034400,813,3371.52,250102.097800,0
1785194700000,74.1700,74.2800,74.1600,74.2800,14560.42,1785194759999,1081060.076300,1383,11408.48,846998.051200,0
1785194760000,74.2800,74.2900,74.2500,74.2500,8494.47,1785194819999,630900.429600,836,6992.69,519372.529500,0
1785194820000,74.2600,74.2700,74.2100,74.2100,8948.80,1785194879999,664401.683900,906,5920.19,439573.832000,0
1785194880000,74.2200,74.2800,74.2200,74.2600,4537.23,1785194939999,336860.971200,624,2556.35,189804.977500,0
1785194940000,74.2600,74.2700,74.2300,74.2600,3977.83,1785194999999,295373.893400,505,3228.41,239727.909500,0
1785195000000,74.2600,74.3100,74.2500,74.3100,5536.76,1785195059999,411309.364600,895,3785.90,281248.383500,0
1785195060000,74.3100,74.3300,74.2500,74.2500,5987.93,1785195119999,444886.818700,771,3556.79,264280.916700,0
1785195120000,74.2600,74.3000,74.2400,74.2700,6987.38,1785195179999,519023.911100,854,3754.54,278903.371400,0
1785195180000,74.2700,74.2800,74.2300,74.2400,3691.94,1785195239999,274111.732700,610,1444.73,107262.420400,0
1785195240000,74.2300,74.2800,74.2300,74.2400,14134.46,1785195299999,1049554.456800,941,7951.03,590381.245400,0
1785195300000,74.2400,74.3400,74.2200,74.2200,18506.13,1785195359999,1374860.594200,1353,7125.69,529396.373700,0
1785195360000,74.2100,74.2300,74.1800,74.2200,17995.11,1785195419999,1335398.287100,1060,3872.72,287404.487900,0
1785195420000,74.2100,74.2100,74.1300,74.1300,13021.55,1785195479999,965637.965500,1103,4346.05,322281.100600,0
1785195480000,74.1300,74.1600,74.1100,74.1600,7724.12,1785195539999,572534.059100,729,4128.64,306048.359100,0
1785195540000,74.1500,74.1600,74.1100,74.1400,4884.87,1785195599999,362087.829900,528,1060.82,78632.873000,0
1785195600000,74.1400,74.1600,74.0900,74.1000,12556.04,1785195659999,930609.631100,983,3248.57,240779.756400,0
1785195660000,74.1000,74.1100,73.9800,73.9900,24564.66,1785195719999,1818656.087400,2097,7147.05,529137.447400,0
1785195720000,73.9800,73.9800,73.9100,73.9400,26495.57,1785195779999,1959038.462500,1954,5906.45,436707.791600,0
1785195780000,73.9400,74.0100,73.9300,73.9800,17095.87,1785195839999,1264736.419200,1082,11297.83,835747.577600,0
1785195840000,73.9800,74.0000,73.9500,73.9600,7788.43,1785195899999,576201.747500,778,1862.07,137752.861200,0
1785195900000,73.9600,74.0200,73.9400,74.0100,9780.33,1785195959999,723593.559200,1445,6212.01,459647.144600,0
1785195960000,74.0000,74.0200,73.9300,73.9300,5081.17,1785196019999,375973.871900,818,2289.38,169418.586800,0
1785196020000,73.9300,74.0100,73.9300,74.0000,6854.45,1785196079999,507110.600600,952,4738.04,350522.998300,0
1785196080000,74.0000,74.0400,73.9800,73.9800,6492.31,1785196139999,480483.416200,837,3868.99,286349.776700,0
1785196140000,73.9800,74.0100,73.9300,74.0100,2860.84,1785196199999,211606.113200,837,1287.74,95254.017800,0
1785196200000,74.0100,74.0500,73.9800,74.0100,7064.47,1785196259999,522928.118400,724,3676.87,272163.185800,0
1785196260000,74.0000,74.1000,74.0000,74.1000,8229.16,1785196319999,609474.843100,891,7361.60,545227.536900,0
1785196320000,74.1000,74.1200,74.0800,74.1100,5898.22,1785196379999,437071.180800,850,3999.63,296386.453800,0
1785196380000,74.1000,74.1200,74.0900,74.1200,3041.39,1785196439999,225389.156300,400,2431.76,180215.190600,0
1785196440000,74.1100,74.1300,74.1100,74.1200,5763.72,1785196499999,427190.586100,426,3768.11,279295.929000,0
1785196500000,74.1100,74.1300,74.1100,74.1200,1769.35,1785196559999,131148.869900,357,1579.90,117107.299400,0
1785196560000,74.1300,74.1700,74.1200,74.1700,12732.37,1785196619999,943952.250600,1168,10922.98,809809.502500,0
1785196620000,74.1700,74.1900,74.1600,74.1600,8469.63,1785196679999,628244.486700,634,5159.23,382697.200500,0
1785196680000,74.1600,74.1900,74.1500,74.1600,8211.27,1785196739999,609020.192400,581,5989.30,444233.958000,0
1785196740000,74.1600,74.1800,74.1500,74.1600,13277.02,1785196799999,984630.403800,553,5397.36,400298.438600,0
