open_time,open,high,low,close,volume,close_time,quote_volume,count,taker_buy_volume,taker_buy_quote_volume,ignore
1748476800000,172.1200,175.2800,171.2300,173.6200,3611042.99,1748491199999,626030950.577790,449921,1748140.95,303087280.715690,0
1748491200000,173.6100,173.8900,169.9600,172.1600,2889222.41,1748505599999,496760860.362260,354890,1373245.89,236120728.922660,0
1748505600000,172.1700,173.4000,171.5500,172.7800,1864535.82,1748519999999,321971273.952980,266635,854492.38,147567043.413280,0
1748520000000,172.7800,172.8700,168.8000,169.6500,4247079.50,1748534399999,724564256.503280,480185,1940722.02,331011802.599940,0
1748534400000,169.6500,170.2100,165.9000,166.7500,4167225.52,1748548799999,700652441.708500,494332,1879714.65,316146954.040300,0
1748548800000,166.7500,168.4500,165.8700,166.6200,1748514.60,1748563199999,292363173.894740,261562,877322.30,146731510.150400,0
