open_time,open,high,low,close,volume,close_time,quote_volume,count,taker_buy_volume,taker_buy_quote_volume,ignore
1790467200000,121.3500,121.3800,121.3200,121.3700,5487.36,1790467259999,665861.620500,863,3845.33,466611.704300,0
1790467260000,121.3800,121.3900,121.2600,121.2900,5426.77,1790467319999,658381.257700,1100,933.37,113204.328300,0
1790467320000,121.2800,121.2900,121.2000,121.2200,8144.27,1790467379999,987407.315000,1136,3058.61,370833.394100,0
1790467380000,121.2300,121.2800,121.1700,121.1700,8970.73,1790467439999,1087481.911800,1273,4312.74,522872.586900,0
1790467440000,121.1700,121.1800,121.0800,121.1200,8145.50,1790467499999,986545.938500,1086,5441.00,658962.251300,0
1790467500000,121.1200,121.1400,121.0800,121.0800,4961.86,1790467559999,601006.638200,813,2492.25,301889.027500,0
1790467560000,121.0900,121.1100,121.0600,121.0600,5248.09,1790467619999,635513.495000,836,1236.59,149750.883000,0
1790467620000,121.0600,121.1100,121.0400,121.0900,8477.84,1790467679999,1026401.955100,878,4928.81,596749.874100,0
1790467680000,121.0900,121.1200,121.0400,121.1100,3034.06,1790467739999,367332.623100,680,1852.62,224307.891800,0
1790467740000,121.1200,121.2300,121.1200,121.2200,9831.94,1790467799999,1191407.580900,1236,5795.46,702277.230000,0
1790467800000,121.2300,121.2300,121.1400,121.1400,1788.02,1790467859999,216675.393900,587,299.91,36354.363100,0
1790467860000,121.1400,121.1500,121.0500,121.0800,3908.05,1790467919999,473309.038500,1018,1649.57,199797.902000,0
1790467920000,121.0900,121.1000,121.0700,121.0800,1354.66,1790467979999,164030.649000,432,483.75,58575.822900,0
1790467980000,121.0800,121.0800,121.0300,121.0500,5615.16,1790468039999,679689.985300,770,1921.14,232547.756100,0
1790468040000,121.0600,121.0600,121.0400,121.0400,1371.36,1790468099999,166004.430800,293,625.41,75708.906600,0
1790468100000,121.0500,121.0500,120.9000,120.9100,9625.34,1790468159999,1164376.483100,1650,1311.28,158610.596100,0
1790468160000,120.9200,120.9600,120.8700,120.9000,11318.40,1790468219999,1368487.290200,1106,4532.80,548047.767900,0
1790468220000,120.9000,120.9200,120.8800,120.8900,7206.37,1790468279999,871278.859700,658,907.48,109728.401000,0
1790468280000,120.8900,120.8900,120.8400,120.8400,3976.84,1790468339999,480651.127000,598,419.63,50725.775500,0
1790468340000,120.8500,120.8500,120.7500,120.7500,7160.14,1790468399999,864913.439600,1079,696.85,84168.010400,0
1790468400000,120.7500,120.7900,120.7200,120.7700,8912.48,1790468459999,1076166.355800,889,5910.39,713647.311600,0
1790468460000,120.7700,120.8200,120.7600,120.7700,5338.55,1790468519999,644848.264300,789,2736.10,330477.026900,0
1790468520000,120.7700,120.8900,120.7500,120.8100,14939.79,1790468579999,1805249.900000,1219,13007.84,1571877.180700,0
1790468580000,120.8200,120.8400,120.8000,120.8100,2387.84,1790468639999,288514.848600,459,1499.40,181169.871600,0
1790468640000,120.8100,120.8100,120.7600,120.7800,5111.92,1790468699999,617430.434500,515,3641.67,439835.472600,0
1790468700000,120.7900,120.8300,120.7800,120.8200,2984.98,1790468759999,360644.979500,455,1842.38,222596.105100,0
1790468760000,120.8300,120.8300,120.7900,120.8000,1728.88,1790468819999,208878.315700,454,659.90,79732.399400,0
1790468820000,120.8000,120.8000,120.7800,120.7800,750.87,1790468879999,90699.509600,264,203.36,24565.860800,0
1790468880000,120.7900,120.8500,120.7800,120.8400,11967.43,1790468939999,1445703.967200,960,9877.56,1193228.397300,0
1790468940000,120.8500,120.8500,120.8200,120.8400,3031.59,1790468999999,366330.302400,380,2101.83,253984.398600,0
1790469000000,120.8300,120.8600,120.8300,120.8600,4594.24,1790469059999,555208.732700,509,2709.91,327490.020000,0
1790469060000,120.8600,120.9900,120.8500,120.9400,7255.82,1790469119999,877574.176500,1133,4883.96,590649.765100,0
1790469120000,120.9300,121.0600,120.9200,121.0400,16076.57,1790469179999,1945239.899900,1623,9253.17,1119676.461400,0
1790469180000,121.0300,121.0900,120.9600,121.0900,4433.56,1790469239999,536516.461200,981,3190.82,386142.710800,0
1790469240000,121.0900,121.1200,121.0600,121.0700,5306.41,1790469299999,642552.238300,737,3954.42,478835.413300,0
1790469300000,121.0700,121.1300,121.0500,121.1300,2549.72,1790469359999,308725.957700,527,1998.37,241966.223900,0
1790469360000,121.1200,121.1300,121.0000,121.0000,3148.00,1790469419999,381144.762100,721,783.28,94845.077700,0
1790469420000,121.0000,121.0000,120.9400,120.9500,1949.00,1790469479999,235744.825900,555,720.90,87193.487300,0
1790469480000,120.9500,121.0600,120.9300,121.0500,4829.92,1790469539999,584265.435500,903,3604.78,436095.936000,0
1790469540000,121.0600,121.0600,120.9900,121.0100,3224.34,1790469599999,390221.841500,652,1089.29,131833.098200,0
1790469600000,121.0100,121.0100,121.0000,121.0100,681.99,1790469659999,82525.965800,273,517.58,62632.355800,0
1790469660000,121.0100,121.0100,120.9500,120.9500,1135.06,1790469719999,137319.196200,462,89.70,10851.680500,0
1790469720000,120.9600,120.9900,120.9500,120.9500,2849.97,1790469779999,344744.248200,455,1969.13,238195.369900,0
1790469780000,120.9600,120.9800,120.9500,120.9700,1765.17,1790469839999,213521.258100,307,1450.91,175506.498300,0
1790469840000,120.9800,120.9800,120.9500,120.9500,2428.68,1790469899999,293799.445200,245,349.71,42307.414200,0
1790469900000,120.9600,121.0200,120.9500,121.0000,4310.67,1790469959999,521552.862100,594,3696.09,447191.093100,0
1790469960000,120.9900,120.9900,120.8800,120.8900,3139.94,1790470019999,379681.296400,681,564.19,68226.136100,0
1790470020000,120.8800,120.8900,120.8500,120.8700,4948.33,1790470079999,598096.015300,587,2217.77,268050.320500,0
1790470080000,120.8700,120.8800,120.8600,120.8700,1010.65,1790470139999,122157.050700,229,248.54,30041.621200,0
1790470140000,120.8700,120.8700,120.7400,120.7500,5802.94,1790470199999,700910.877300,943,445.30,53788.221900,0
1790470200000,120.7500,120.7500,120.7200,120.7500,5276.00,1790470259999,637000.411400,670,3474.70,419518.021000,0
1790470260000,120.7400,120.8200,120.7400,120.7400,2765.70,1790470319999,334032.948000,797,1423.64,171923.083100,0
1790470320000,120.7500,120.7500,120.6800,120.7100,7617.56,1790470379999,919410.246700,1073,3767.90,454778.821900,0
1790470380000,120.7200,120.7600,120.6700,120.6800,4612.97,1790470439999,556865.465800,875,2572.49,310558.293000,0
1790470440000,120.6800,120.7500,120.6700,120.7200,5688.61,1790470499999,686608.540400,610,5264.01,635349.810300,0
1790470500000,120.7200,120.7200,120.6300,120.7100,5109.77,1790470559999,616561.270900,1018,2429.21,293117.490100,0
1790470560000,120.7200,120.7200,120.6800,120.6900,2503.67,1790470619999,302195.966100,400,480.95,58055.850000,0
1790470620000,120.6800,120.7400,120.6500,120.7400,4685.78,1790470679999,565460.703300,729,3571.39,430988.803000,0
1790470680000,120.7400,120.7600,120.7100,120.7600,1143.62,1790470739999,138087.551000,417,797.79,96335.093600,0
1790470740000,120.7500,120.7800,120.7300,120.7800,2675.01,1790470799999,323002.344500,417,1966.99,237510.302500,0
1790470800000,120.7700,120.8100,120.7500,120.7800,3649.96,1790470859999,440845.607700,779,2038.44,246204.429200,0
1790470860000,120.7900,120.7900,120.7100,120.7600,3682.81,1790470919999,444652.404200,1058,1232.29,148770.069200,0
1790470920000,120.7600,120.8000,120.7400,120.7600,4172.96,1790470979999,503981.011000,1057,1371.80,165667.362900,0
1790470980000,120.7600,120.7600,120.7200,120.7200,930.20,1790471039999,112305.141700,744,190.36,22982.522100,0
1790471040000,120.7300,120.7300,120.6700,120.6700,2644.01,1790471099999,319117.055100,1011,380.28,45900.931100,0
1790471100000,120.6700,120.6800,120.6000,120.6600,4621.55,1790471159999,557469.790100,1308,2675.21,322685.730600,0
1790471160000,120.6700,120.7100,120.6600,120.6900,3481.54,1790471219999,420166.417600,955,2295.36,277002.357600,0
1790471220000,120.6900,120.8300,120.6800,120.8300,5224.96,1790471279999,630954.399400,1504,4368.22,527519.519100,0
1790471280000,120.8300,120.8300,120.8000,120.8000,2946.99,1790471339999,356022.722100,706,1258.71,152065.014200,0
1790471340000,120.8100,120.9400,120.8000,120.8200,5895.06,1790471399999,712573.415900,1633,3445.16,416383.113600,0
1790471400000,120.8200,120.9600,120.8200,120.9100,9253.82,1790471459999,1118893.988900,1605,6746.94,815726.628200,0
1790471460000,120.9100,121.0300,120.9100,121.0000,8324.45,1790471519999,1006932.270500,1439,7508.17,908217.506000,0
1790471520000,121.0000,121.0200,120.9600,120.9600,5647.28,1790471579999,683281.355900,1184,3417.05,413453.125500,0
1790471580000,120.9600,120.9700,120.9500,120.9600,2438.56,1790471639999,294973.832400,798,1891.58,228812.697600,0
1790471640000,120.9700,121.0300,120.9600,121.0300,2939.33,1790471699999,355606.172000,872,2494.51,301791.756200,0
1790471700000,121.0200,121.0900,121.0000,121.0600,6401.11,1790471759999,774819.463000,1284,4455.29,539332.885500,0
1790471760000,121.0700,121.1000,120.8900,120.9000,17843.36,1790471819999,2159495.000800,2253,3086.43,373512.438100,0
1790471820000,120.9000,120.9600,120.8800,120.9100,3243.07,1790471879999,392133.899900,1126,1881.73,227515.350400,0
1790471880000,120.9100,120.9200,120.8300,120.8300,1294.55,1790471939999,156469.362500,933,149.82,18112.982600,0
1790471940000,120.8300,120.8500,120.7600,120.8400,5882.90,1790471999999,710604.090200,1378,2227.20,269022.886500,0
1790472000000,120.8400,120.8500,120.8000,120.8400,3592.09,1790472059999,434031.997100,1045,1904.93,230173.495700,0
1790472060000,120.8300,120.8500,120.8000,120.8100,2466.23,1790472119999,297995.347600,877,823.21,99465.424100,0
1790472120000,120.8100,120.8200,120.7500,120.7900,3287.11,1790472179999,397002.049600,965,1762.65,212870.510200,0
1790472180000,120.7900,120.8000,120.7500,120.7500,1973.36,1790472239999,238321.023200,782,746.79,90189.819100,0
1790472240000,120.7500,120.7700,120.7200,120.7200,3404.17,1790472299999,411057.598300,1006,1398.37,168857.446500,0
1790472300000,120.7200,120.7800,120.7100,120.7700,2372.37,1790472359999,286440.552600,840,1833.99,221431.550800,0
1790472360000,120.7700,120.8100,120.7700,120.8100,3078.28,1790472419999,371811.199400,607,2354.76,284422.743800,0
1790472420000,120.8200,120.8500,120.7300,120.7400,2637.98,1790472479999,318711.482900,729,958.32,115782.906700,0
1790472480000,120.7400,120.8000,120.7300,120.7600,2301.34,1790472539999,277913.093700,503,1967.09,237544.120900,0
1790472540000,120.7700,120.8300,120.7700,120.7900,1633.72,1790472599999,197342.731300,452,1124.75,135859.507200,0
1790472600000,120.7900,120.8200,120.7400,120.7600,2973.12,1790472659999,359067.284700,847,1194.16,144228.896900,0
1790472660000,120.7700,120.8400,120.7700,120.7700,2935.04,1790472719999,354541.094400,755,2130.77,257376.602600,0
1790472720000,120.7700,120.8200,120.7700,120.7800,1393.05,1790472779999,168278.576300,472,940.20,113571.938700,0
1790472780000,120.7900,120.8700,120.7400,120.7400,4274.08,1790472839999,516340.997800,1035,1536.74,185669.101800,0
1790472840000,120.7500,120.7600,120.7300,120.7300,2032.63,1790472899999,245436.263100,435,1267.14,153007.210600,0
1790472900000,120.7300,120.8000,120.7100,120.8000,1893.49,1790472959999,228618.552000,537,1281.08,154683.286200,0
1790472960000,120.8000,120.8000,120.7700,120.7900,2699.47,1790473019999,326051.642100,399,977.04,118009.526900,0
1790473020000,120.7900,120.8200,120.7800,120.8000,2510.31,1790473079999,303232.155800,516,748.92,90468.511100,0
1790473080000,120.8000,120.8100,120.7600,120.7700,2809.68,1790473139999,339364.164000,577,1350.90,163158.107700,0
1790473140000,120.7600,120.8100,120.7600,120.8000,1203.01,1790473199999,145298.594600,340,1116.13,134804.075400,0
1790473200000,120.8100,120.8900,120.8100,120.8800,4573.59,1790473259999,552712.703100,885,3502.29,423228.762600,0
1790473260000,120.8800,120.9500,120.8700,120.9500,1449.90,1790473319999,175299.111200,555,1335.03,161408.515800,0
1790473320000,120.9500,120.9800,120.9400,120.9600,2354.16,1790473379999,284763.008800,450,1476.13,178548.736200,0
1790473380000,120.9600,121.0100,120.9500,121.0100,1978.80,1790473439999,239380.836400,519,1834.66,221944.683300,0
1790473440000,121.0100,121.0100,120.9700,121.0100,2247.23,1790473499999,271887.847900,576,1519.95,183894.062300,0
1790473500000,121.0100,121.0700,121.0000,121.0600,2874.62,1790473559999,347958.284500,663,1961.14,237382.205100,0
1790473560000,121.0500,121.0700,121.0000,121.0000,2769.04,1790473619999,335193.056500,708,1468.04,177707.503900,0
1790473620000,121.0100,121.0500,120.9900,121.0400,2632.11,1790473679999,318523.192800,633,1588.61,192247.827700,0
1790473680000,121.0500,121.0500,121.0000,121.0300,1754.20,1790473739999,212297.090400,458,1118.99,135420.307700,0
1790473740000,121.0400,121.0500,121.0100,121.0300,2149.95,1790473799999,260212.826800,499,1485.80,179827.030900,0
1790473800000,121.0400,121.1600,121.0200,121.1500,10630.65,1790473859999,1287163.994000,1440,6627.61,802458.415900,0
1790473860000,121.1600,121.3800,121.1200,121.3500,18290.02,1790473919999,2217859.846100,2520,11677.46,1415909.003100,0
1790473920000,121.3600,121.4900,121.2600,121.3300,21265.11,1790473979999,2581012.036500,2876,11380.05,1381479.228500,0
1790473980000,121.3300,121.5300,121.3300,121.3900,17040.41,1790474039999,2069608.223800,2496,9906.35,1203101.293900,0
1790474040000,121.3900,121.5000,121.3600,121.4900,12923.89,1790474099999,1569448.043400,1525,6036.91,733029.573200,0
1790474100000,121.5000,121.5100,121.4500,121.4700,10439.04,1790474159999,1268180.543200,1150,3569.48,433669.984500,0
1790474160000,121.4700,121.4800,121.3800,121.3800,5307.87,1790474219999,644541.392800,698,1760.29,213753.826900,0
1790474220000,121.3900,121.4400,121.3800,121.4000,5071.13,1790474279999,615661.715500,814,1835.49,222831.651200,0
1790474280000,121.4100,121.4100,121.3100,121.3100,7243.12,1790474339999,878846.936200,983,1282.18,155561.669700,0
1790474340000,121.3100,121.3800,121.3000,121.3800,9703.85,1790474399999,1177543.506800,992,6357.20,771422.522600,0
1790474400000,121.3700,121.4300,121.3600,121.3700,4035.52,1790474459999,489866.814500,817,1776.20,215602.935100,0
1790474460000,121.3800,121.4100,121.3700,121.3800,4274.35,1790474519999,518867.292000,698,1755.09,213052.018000,0
1790474520000,121.3900,121.4400,121.2900,121.3100,13147.61,1790474579999,1595609.224500,1523,2651.76,321758.733000,0
1790474580000,121.3100,121.3500,121.2700,121.2700,4866.51,1790474639999,590344.367000,995,1328.22,161135.373500,0
1790474640000,121.2800,121.3200,121.2400,121.2700,6925.29,1790474699999,839876.056200,1213,4646.76,563555.694200,0
1790474700000,121.2700,121.2900,121.2600,121.2600,1820.09,1790474759999,220727.921900,642,676.37,82025.129900,0
1790474760000,121.2600,121.3000,121.2100,121.2900,3732.61,1790474819999,452569.141200,962,1349.26,163616.031900,0
1790474820000,121.2900,121.3700,121.2900,121.3400,5380.35,1790474879999,652829.200300,1147,3793.47,460271.922600,0
1790474880000,121.3400,121.4300,121.3400,121.4200,2043.80,1790474939999,248108.996200,901,1923.90,233556.719000,0
1790474940000,121.4200,121.5400,121.4200,121.5200,8320.74,1790474999999,1010989.680200,1376,5869.26,713068.206200,0
1790475000000,121.5200,121.6000,121.4800,121.5600,14117.72,1790475059999,1716149.083000,1678,9654.84,1173620.189200,0
1790475060000,121.5600,121.6500,121.5000,121.5000,21071.21,1790475119999,2562327.859200,2267,7956.56,967621.059200,0
1790475120000,121.5000,121.5100,121.4200,121.4400,7012.39,1790475179999,851718.032900,1011,207.30,25183.733800,0
1790475180000,121.4300,121.4400,121.3700,121.3700,2807.77,1790475239999,340869.403900,707,75.01,9107.260400,0
1790475240000,121.3700,121.4700,121.3600,121.4400,13007.80,1790475299999,1579126.967700,1197,9621.98,1168057.211900,0
1790475300000,121.4500,121.4800,121.4100,121.4400,4393.27,1790475359999,533574.272800,824,1790.97,217496.051900,0
1790475360000,121.4400,121.4900,121.3500,121.3800,10473.93,1790475419999,1271489.864300,1364,2254.83,273800.147400,0
1790475420000,121.3800,121.5000,121.3800,121.4700,8329.72,1790475479999,1011821.318700,1308,4944.41,600586.867700,0
1790475480000,121.4700,121.5200,121.4500,121.4500,3431.82,1790475539999,416926.704600,851,907.03,110193.755900,0
1790475540000,121.4500,121.4700,121.3900,121.4700,2987.72,1790475599999,362790.713800,1033,1121.01,136133.354400,0
1790475600000,121.4700,121.4800,121.4000,121.4200,2715.01,1790475659999,329720.723600,672,860.89,104525.777600,0
1790475660000,121.4200,121.4900,121.4200,121.4800,2508.20,1790475719999,304615.785300,839,1614.50,196092.185800,0
1790475720000,121.4800,121.5600,121.4400,121.4800,8469.65,1790475779999,1028980.939500,1446,4051.78,492214.122600,0
1790475780000,121.4800,121.5000,121.4400,121.4800,2993.16,1790475839999,363568.334800,732,294.39,35762.159400,0
1790475840000,121.4800,121.5000,121.4600,121.4900,3168.70,1790475899999,384948.281600,772,1354.29,164525.210300,0
1790475900000,121.4900,121.6000,121.4600,121.5900,7572.80,1790475959999,920182.486300,1474,5758.19,699708.768200,0
1790475960000,121.5900,121.5900,121.5100,121.5500,3724.28,1790476019999,452688.400600,747,1016.94,123604.556000,0
1790476020000,121.5500,121.6200,121.5400,121.6200,3418.03,1790476079999,415628.394300,752,2767.86,336574.249400,0
1790476080000,121.6200,121.6200,121.5600,121.5900,5302.53,1790476139999,644769.162900,749,1842.25,223996.509600,0
1790476140000,121.5900,121.5900,121.5400,121.5600,3316.40,1790476199999,403152.813300,405,742.74,90284.907100,0
1790476200000,121.5600,121.5700,121.5200,121.5600,4362.56,1790476259999,530258.108200,563,1310.12,159244.771200,0
1790476260000,121.5500,121.6300,121.5500,121.6300,3438.77,1790476319999,418096.130900,813,3312.26,402713.177900,0
1790476320000,121.6300,121.6300,121.5100,121.5100,4676.79,1790476379999,568560.229100,847,1129.68,137344.073800,0
1790476380000,121.5100,121.5300,121.4900,121.5000,2489.66,1790476439999,302516.188100,472,675.92,82132.881600,0
1790476440000,121.5000,121.5000,121.4400,121.4600,2702.72,1790476499999,328275.772600,468,1070.73,130040.874700,0
1790476500000,121.4700,121.4800,121.4300,121.4300,5777.02,1790476559999,701664.121600,576,967.66,117529.630600,0
1790476560000,121.4300,121.4400,121.3900,121.4000,5963.76,1790476619999,724147.406200,629,1411.53,171401.932300,0
1790476620000,121.4000,121.4400,121.3900,121.3900,2483.85,1790476679999,301577.167200,548,1426.79,173226.719800,0
1790476680000,121.4000,121.4000,121.3400,121.3400,3879.90,1790476739999,470931.024700,553,332.64,40380.005500,0
1790476740000,121.3400,121.3700,121.3100,121.3100,4854.30,1790476799999,588996.115400,760,1191.91,144638.942300,0
1790476800000,121.3200,121.3300,121.3100,121.3300,1343.32,1790476859999,162971.939700,296,1093.75,132694.154100,0
1790476860000,121.3300,121.3500,121.3200,121.3400,777.04,1790476919999,94284.757400,356,674.08,81791.690300,0
1790476920000,121.3500,121.3500,121.3400,121.3500,620.81,1790476979999,75333.943400,196,485.80,58951.830000,0
1790476980000,121.3400,121.3500,121.2900,121.3300,7773.95,1790477039999,943149.133000,824,1868.38,226647.427400,0
1790477040000,121.3300,121.3500,121.3200,121.3400,745.37,1790477099999,90434.091600,311,327.09,39687.965100,0
1790477100000,121.3500,121.3800,121.3200,121.3500,4800.95,1790477159999,582563.135000,756,2118.05,257011.169000,0
1790477160000,121.3600,121.3800,121.3300,121.3400,2367.79,1790477219999,287341.689500,421,1276.96,154975.605800,0
1790477220000,121.3400,121.3600,121.3000,121.3000,2102.00,1790477279999,255058.864800,482,889.07,107882.688500,0
1790477280000,121.3000,121.3100,121.1900,121.2000,7116.68,1790477339999,862791.817800,1273,1949.04,236273.093200,0
1790477340000,121.2100,121.2700,121.1900,121.2700,2576.17,1790477399999,312308.682100,703,1853.06,224667.634000,0
1790477400000,121.2600,121.3800,121.2600,121.3500,9889.80,1790477459999,1199971.110400,1026,7424.43,900791.300800,0
1790477460000,121.3500,121.4100,121.3500,121.3500,3058.56,1790477519999,371269.450900,698,1210.39,146916.177500,0
1790477520000,121.3500,121.3500,121.2700,121.2800,3442.56,1790477579999,417608.826500,819,1514.16,183679.859200,0
1790477580000,121.2700,121.2800,121.2100,121.2200,4657.95,1790477639999,564776.216700,650,740.65,89804.882000,0
1790477640000,121.2200,121.2200,121.1700,121.1700,2078.46,1790477699999,251883.019700,423,433.31,52510.072800,0
1790477700000,121.1700,121.1800,121.0500,121.0600,12592.82,1790477759999,1524872.012100,1193,2564.38,310466.956300,0
1790477760000,121.0700,121.0700,121.0200,121.0300,8670.32,1790477819999,1049457.800000,861,2742.24,331919.415400,0
1790477820000,121.0300,121.0700,121.0300,121.0300,3937.68,1790477879999,476658.397100,516,3230.46,391048.449600,0
1790477880000,121.0400,121.0800,121.0300,121.0600,3458.07,1790477939999,418612.254900,628,2125.16,257252.824900,0
1790477940000,121.0500,121.1000,121.0300,121.0900,3553.65,1790477999999,430201.003000,881,2716.48,328855.356700,0
1790478000000,121.1000,121.1400,121.0300,121.1400,10581.26,1790478059999,1281162.221700,1288,2790.36,337915.312100,0
1790478060000,121.1500,121.1500,121.1000,121.1000,2385.47,1790478119999,288942.196200,782,1029.93,124756.430500,0
1790478120000,121.1000,121.1500,121.0800,121.1100,2737.28,1790478179999,331517.931900,1108,1858.89,225127.120900,0
1790478180000,121.1100,121.1500,121.1000,121.1100,3035.85,1790478239999,367733.447200,1023,1907.45,231043.901500,0
1790478240000,121.1100,121.1300,121.0600,121.0800,3930.76,1790478299999,475999.330700,981,1922.88,232855.074200,0
1790478300000,121.0800,121.1900,121.0800,121.1600,3640.42,1790478359999,441051.731300,1253,2740.51,332020.377300,0
1790478360000,121.1600,121.2300,121.1600,121.2100,7635.44,1790478419999,925339.270000,1362,2854.72,345981.171200,0
1790478420000,121.2200,121.3400,121.2100,121.2600,15289.36,1790478479999,1854071.189900,2044,12582.78,1525792.697200,0
1790478480000,121.2500,121.2600,121.2200,121.2300,3965.39,1790478539999,480766.188800,860,1888.96,229015.479300,0
1790478540000,121.2400,121.2400,121.0700,121.0800,14345.16,1790478599999,1738025.550300,1788,2435.32,295055.149400,0
1790478600000,121.0700,121.0800,121.0400,121.0500,4323.48,1790478659999,523408.155200,973,2482.88,300584.686400,0
1790478660000,121.0500,121.0600,120.9700,120.9900,7276.26,1790478719999,880431.339000,1372,2861.03,346166.774800,0
1790478720000,120.9900,121.0000,120.9500,120.9900,5688.40,1790478779999,688136.880300,1019,3430.85,415037.461500,0
1790478780000,120.9900,121.0300,120.9900,121.0300,2317.48,1790478839999,280446.794900,905,2116.08,256076.260400,0
1790478840000,121.0300,121.0900,121.0300,121.0800,3159.43,1790478899999,382492.361400,1049,2019.97,244541.270300,0
1790478900000,121.0800,121.0900,121.0000,121.0100,3917.37,1790478959999,474147.830400,783,1032.71,124972.799200,0
1790478960000,121.0200,121.0200,120.9700,120.9700,3011.38,1790479019999,364334.876100,992,1429.13,172903.663800,0
1790479020000,120.9700,120.9800,120.9700,120.9800,1278.42,1790479079999,154652.517100,609,204.97,24797.270600,0
1790479080000,120.9700,120.9800,120.9400,120.9800,5673.04,1790479139999,686234.788400,1184,3882.42,469638.138000,0
1790479140000,120.9800,120.9900,120.9300,120.9300,2370.06,1790479199999,286675.274900,724,960.17,116136.395900,0
1790479200000,120.9300,120.9400,120.7100,120.7100,30361.80,1790479259999,3668063.599100,2689,3723.33,449720.790400,0
1790479260000,120.7100,120.7400,120.6200,120.6300,24204.82,1790479319999,2920782.521700,2172,11625.71,1402872.202500,0
1790479320000,120.6300,120.6400,120.5900,120.5900,9467.74,1790479379999,1141997.021500,1205,2655.93,320384.280200,0
1790479380000,120.6000,120.6400,120.5800,120.6100,15475.39,1790479439999,1866474.152100,1431,9430.36,1137375.871500,0
1790479440000,120.6100,120.6200,120.5900,120.5900,7541.49,1790479499999,909562.636200,848,4810.16,580156.338800,0
1790479500000,120.5900,120.6400,120.5700,120.6100,14224.84,1790479559999,1715528.828100,1368,9592.44,1156842.130200,0
1790479560000,120.6100,120.6200,120.5500,120.5600,7084.44,1790479619999,854180.344400,894,2488.16,299983.688600,0
1790479620000,120.5500,120.5600,120.5100,120.5300,16103.75,1790479679999,1941014.499400,1007,6611.01,796787.094700,0
1790479680000,120.5300,120.5600,120.5200,120.5400,8154.52,1790479739999,983013.093100,774,6044.68,728675.343000,0
1790479740000,120.5400,120.5500,120.5200,120.5500,6951.06,1790479799999,837827.189200,446,5573.62,671805.829500,0
1790479800000,120.5500,120.5700,120.5000,120.5700,14164.71,1790479859999,1707155.814800,1167,9177.57,1106109.130400,0
1790479860000,120.5700,120.5800,120.5400,120.5500,4990.76,1790479919999,601662.974000,537,4063.47,489872.751200,0
1790479920000,120.5600,120.6000,120.5500,120.5900,6891.44,1790479979999,830888.926000,821,4753.72,573167.628700,0
1790479980000,120.6000,120.6500,120.5900,120.6500,12778.75,1790480039999,1541259.594600,983,11390.26,1373797.746900,0
1790480040000,120.6400,120.6500,120.6100,120.6100,4586.27,1790480099999,553218.781200,501,2908.18,350788.530900,0
1790480100000,120.6200,120.6700,120.5600,120.5700,14506.99,1790480159999,1749888.016400,1195,10641.96,1283686.696400,0
1790480160000,120.5600,120.6100,120.5600,120.5900,4826.27,1790480219999,581977.756500,613,3565.33,429924.748100,0
1790480220000,120.6000,120.6900,120.5900,120.6900,13773.52,1790480279999,1661639.906400,1182,10567.31,1274869.196600,0
1790480280000,120.6900,120.6900,120.6300,120.6600,8304.65,1790480339999,1001954.804900,907,4728.56,570475.243900,0
1790480340000,120.6600,120.6700,120.5900,120.6300,6900.45,1790480399999,832378.511200,904,2906.00,350526.215100,0
1790480400000,120.6300,120.6800,120.6300,120.6500,2514.38,1790480459999,303373.331600,550,1045.10,126096.201800,0
1790480460000,120.6500,120.6500,120.6400,120.6500,2206.37,1790480519999,266181.086100,274,460.93,55611.204500,0
1790480520000,120.6400,120.6500,120.5700,120.5800,8390.13,1790480579999,1011884.316500,810,2790.69,336545.030900,0
1790480580000,120.5900,120.6100,120.5800,120.5900,3769.83,1790480639999,454624.798500,394,2791.09,336597.622700,0
1790480640000,120.5900,120.6100,120.5800,120.6000,3292.64,1790480699999,397070.044100,367,1882.30,226988.845400,0
1790480700000,120.6000,120.6100,120.5600,120.5700,3800.93,1790480759999,458296.519200,373,679.14,81890.307600,0
1790480760000,120.5700,120.5700,120.5400,120.5400,2960.57,1790480819999,356922.454400,506,1303.07,157109.745500,0
1790480820000,120.5500,120.5500,120.5200,120.5400,6410.20,1790480879999,772639.007200,615,4171.79,502838.574400,0
1790480880000,120.5400,120.6200,120.5400,120.5800,8868.50,1790480939999,1069486.165000,969,7029.03,847652.206300,0
1790480940000,120.5700,120.5800,120.5300,120.5300,6285.27,1790480999999,757738.558100,657,1788.15,215592.952500,0
1790481000000,120.5400,120.5400,120.5000,120.5000,3627.86,1790481059999,437212.239900,340,574.17,69196.256200,0
1790481060000,120.5000,120.5300,120.5000,120.5000,4963.38,1790481119999,598127.870100,610,2681.58,323162.352600,0
1790481120000,120.5000,120.5900,120.5000,120.5700,4075.38,1790481179999,491267.599300,681,3021.53,364215.545200,0
1790481180000,120.5700,120.5800,120.5400,120.5400,1470.38,1790481239999,177273.953600,354,507.86,61231.182500,0
1790481240000,120.5500,120.5700,120.5300,120.5700,7014.44,1790481299999,845582.241900,674,5171.91,623453.099600,0
1790481300000,120.5700,120.6000,120.5600,120.5700,4566.46,1790481359999,550652.864300,613,2680.57,323236.639800,0
1790481360000,120.5800,120.6000,120.5700,120.6000,2385.15,1790481419999,287602.685600,300,2072.94,249958.822100,0
1790481420000,120.5900,120.6200,120.5700,120.6100,3709.99,1790481479999,447435.560200,689,1891.34,228101.038300,0
1790481480000,120.6000,120.6100,120.5600,120.5600,2508.25,1790481539999,302466.378000,314,1197.79,144438.000400,0
1790481540000,120.5700,120.5900,120.5300,120.5300,6369.56,1790481599999,767941.767300,572,2040.85,246066.009500,0
1790481600000,120.5300,120.5400,120.5000,120.5400,6420.56,1790481659999,773794.244600,656,3501.82,422029.760300,0
1790481660000,120.5300,120.5300,120.4400,120.4400,10034.26,1790481719999,1208941.287800,1683,5597.22,674341.720200,0
1790481720000,120.4400,120.4700,120.4000,120.4100,7784.76,1790481779999,937506.682700,1782,3669.30,441900.962600,0
1790481780000,120.4100,120.4500,120.4000,120.4500,4367.68,1790481839999,525944.997900,1175,3132.72,377240.509600,0
1790481840000,120.4500,120.5600,120.4500,120.4700,9778.63,1790481899999,1178498.315500,1769,6758.09,814517.744100,0
1790481900000,120.4700,120.5000,120.4400,120.4900,5986.35,1790481959999,721196.691800,1298,3374.24,406523.004300,0
1790481960000,120.4900,120.5700,120.4900,120.5500,5312.23,1790482019999,640286.719100,1186,3543.08,427017.366200,0
1790482020000,120.5500,120.6600,120.5400,120.6400,9887.87,1790482079999,1192660.071200,1573,8160.05,984292.369700,0
1790482080000,120.6500,120.6600,120.6000,120.6000,2148.55,1790482139999,259166.897400,866,1320.46,159271.182200,0
1790482140000,120.6000,120.6300,120.5700,120.5800,4842.17,1790482199999,583954.359500,1351,3727.08,449474.073800,0
1790482200000,120.5800,120.6400,120.5800,120.6300,2851.92,1790482259999,343950.836000,894,1803.64,217538.993700,0
1790482260000,120.6300,120.7100,120.6300,120.7100,7453.23,1790482319999,899343.274800,1402,5729.78,691407.518000,0
1790482320000,120.7000,120.8100,120.7000,120.7700,18531.24,1790482379999,2238097.251000,2348,13232.17,1598108.705500,0
1790482380000,120.7700,120.8100,120.7700,120.7700,6336.66,1790482439999,765399.953800,1187,3500.13,422773.998000,0
1790482440000,120.7700,120.7900,120.7200,120.7200,7411.32,1790482499999,895027.525400,1111,4274.65,516237.361300,0
1790482500000,120.7200,120.7400,120.7000,120.7300,6914.52,1790482559999,834693.467600,1079,4563.51,550893.109200,0
1790482560000,120.7300,120.7500,120.6800,120.6800,3157.76,1790482619999,381200.095600,1014,1286.42,155309.072000,0
1790482620000,120.6800,120.7000,120.6000,120.6000,3279.14,1790482679999,395680.562800,1048,1413.05,170536.429600,0
1790482680000,120.6000,120.6000,120.5500,120.5500,2380.83,1790482739999,287051.155600,889,1130.20,136265.842700,0
1790482740000,120.5500,120.5800,120.5500,120.5500,3213.53,1790482799999,387417.709400,813,1857.65,223960.157700,0
1790482800000,120.5600,120.5700,120.5300,120.5300,2281.84,1790482859999,275087.847500,728,1092.77,131744.242700,0
1790482860000,120.5300,120.6900,120.5300,120.6100,15248.74,1790482919999,1839348.446400,2073,10320.27,1244748.778100,0
1790482920000,120.6100,120.6200,120.5300,120.5300,2760.69,1790482979999,332822.130600,882,1209.19,145761.155700,0
1790482980000,120.5300,120.5400,120.5000,120.5000,1592.45,1790483039999,191914.040300,667,594.92,71695.079900,0
1790483040000,120.5100,120.5200,120.4900,120.4900,4670.30,1790483099999,562804.093200,881,2785.08,335632.070400,0
1790483100000,120.4900,120.5200,120.4800,120.5100,5479.84,1790483159999,660328.083600,872,3966.85,478019.083300,0
1790483160000,120.5200,120.5200,120.5000,120.5000,1010.79,1790483219999,121808.963800,310,150.21,18102.235700,0
1790483220000,120.5000,120.5100,120.5000,120.5100,1369.97,1790483279999,165085.009900,192,362.49,43683.669900,0
1790483280000,120.5100,120.5100,120.4100,120.4500,7980.54,1790483339999,961197.903900,953,4196.39,505360.216200,0
1790483340000,120.4500,120.4600,120.3600,120.3700,12788.11,1790483399999,1539772.949900,1227,5628.29,677772.457800,0
1790483400000,120.3600,120.3900,120.3400,120.3400,8787.33,1790483459999,1057639.839600,778,3084.26,371249.515700,0
1790483460000,120.3300,120.3800,120.3200,120.3300,9415.62,1790483519999,1133135.873500,928,5606.61,674741.154600,0
1790483520000,120.3300,120.3400,120.3000,120.3100,12019.63,1790483579999,1446226.223900,804,3764.07,452911.381700,0
1790483580000,120.3000,120.3600,120.2600,120.2800,15202.70,1790483639999,1828795.625000,1474,3368.93,405308.677100,0
1790483640000,120.2800,120.2800,120.2600,120.2600,3675.53,1790483699999,442053.073800,451,1401.69,168585.359100,0
1790483700000,120.2600,120.3100,120.2500,120.3000,10776.65,1790483759999,1296139.128300,983,7195.82,865453.630300,0
1790483760000,120.3100,120.3100,120.2500,120.2600,5497.37,1790483819999,661218.424600,629,2556.44,307499.911500,0
1790483820000,120.2600,120.2800,120.1300,120.1600,25211.94,1790483879999,3030513.669700,2107,6379.65,766816.686500,0
1790483880000,120.1600,120.1900,120.1500,120.1900,6356.80,1790483939999,763896.521000,746,4406.72,529564.723800,0
1790483940000,120.1900,120.1900,120.1300,120.1300,4954.36,1790483999999,595298.140400,525,831.79,99948.005900,0
1790484000000,120.1400,120.1500,120.1300,120.1400,5285.29,1790484059999,634954.742000,545,2621.97,315004.141100,0
1790484060000,120.1500,120.1500,120.1300,120.1300,5345.59,1790484119999,642202.775300,481,2673.32,321174.427200,0
1790484120000,120.1300,120.1500,120.1100,120.1500,6990.53,1790484179999,839726.280800,856,2272.18,272950.866200,0
1790484180000,120.1500,120.1900,120.1000,120.1100,10847.25,1790484239999,1303149.203300,1015,4657.69,559606.764400,0
1790484240000,120.1100,120.1100,120.0600,120.0600,4315.26,1790484299999,518195.775000,654,1405.04,168730.956700,0
1790484300000,120.0600,120.1800,120.0600,120.1600,16066.79,1790484359999,1930040.065200,1564,8987.48,1079573.890500,0
1790484360000,120.1500,120.1600,120.0400,120.0900,23657.39,1790484419999,2841114.006700,1507,4658.16,559339.003700,0
1790484420000,120.0800,120.3600,120.0800,120.2400,36014.74,1790484479999,4330259.069500,2950,26500.03,3186093.616000,0
1790484480000,120.2500,120.2500,120.2100,120.2200,2667.79,1790484539999,320772.270900,480,1510.82,181664.263700,0
1790484540000,120.2100,120.2400,120.1700,120.2000,7723.56,1790484599999,928361.333300,944,4991.96,599991.253700,0
1790484600000,120.2000,120.2000,120.1200,120.1200,4268.71,1790484659999,512909.265600,717,1601.89,192474.376000,0
1790484660000,120.1200,120.1300,120.0800,120.1100,6071.61,1790484719999,729189.049100,728,4115.62,494274.243900,0
1790484720000,120.1100,120.1200,120.0600,120.0700,7245.50,1790484779999,870149.342600,851,2036.15,244544.879000,0
1790484780000,120.0600,120.1500,120.0400,120.1400,13727.70,1790484839999,1648555.281500,1203,7291.61,875600.766900,0
1790484840000,120.1400,120.1500,120.1100,120.1400,3145.62,1790484899999,377854.779400,506,1667.91,200349.925000,0
1790484900000,120.1400,120.1700,120.1100,120.1200,2920.03,1790484959999,350818.550900,731,1192.31,143240.633900,0
1790484960000,120.1200,120.1300,120.1100,120.1200,2888.50,1790485019999,346973.331500,450,1217.77,146285.334800,0
1790485020000,120.1300,120.1300,120.1000,120.1000,3678.14,1790485079999,441782.032000,470,643.16,77255.312600,0
1790485080000,120.1000,120.1100,120.0800,120.1100,6709.60,1790485139999,805808.207600,601,4542.93,545598.828800,0
1790485140000,120.1200,120.1300,120.0800,120.0900,8797.12,1790485199999,1056590.961800,660,2342.56,281363.942700,0
1790485200000,120.1000,120.1000,120.0600,120.0900,8155.30,1790485259999,979227.091900,933,3206.39,385010.216700,0
1790485260000,120.1000,120.1000,120.0500,120.0900,9048.95,1790485319999,1086533.759700,1447,2688.09,322765.180600,0
1790485320000,120.0900,120.2600,120.0900,120.2100,12403.96,1790485379999,1490778.138500,2358,6450.18,775202.816000,0
1790485380000,120.2100,120.3500,120.2100,120.2700,33209.32,1790485439999,3994476.086200,2791,28026.88,3371146.943600,0
1790485440000,120.2800,120.3000,120.2400,120.2700,15821.31,1790485499999,1902977.341600,1662,7404.08,890540.589400,0
1790485500000,120.2700,120.3700,120.2600,120.3600,7821.08,1790485559999,941076.772100,1530,6646.45,799751.869900,0
1790485560000,120.3700,120.4300,120.3500,120.4000,12016.23,1790485619999,1446789.894000,1530,8415.98,1013311.742000,0
1790485620000,120.4000,120.4300,120.3700,120.4100,12998.41,1790485679999,1565009.382400,1399,4799.51,577872.356500,0
1790485680000,120.4100,120.4600,120.4100,120.4500,4853.48,1790485739999,584501.892200,1127,3742.44,450700.261300,0
1790485740000,120.4600,120.4600,120.4100,120.4200,4527.17,1790485799999,545203.658100,1015,2542.60,306195.502300,0
1790485800000,120.4200,120.4500,120.4200,120.4400,5838.32,1790485859999,703119.431000,951,2413.65,290683.177400,0
1790485860000,120.4400,120.4500,120.3900,120.3900,6396.28,1790485919999,770195.194300,1236,1667.55,200784.208300,0
1790485920000,120.3900,120.4600,120.3900,120.4500,6852.28,1790485979999,825174.062800,1252,5036.80,606521.919000,0
1790485980000,120.4600,120.5200,120.4500,120.4900,4947.11,1790486039999,596099.792400,1232,2651.04,319425.587900,0
1790486040000,120.5000,120.5100,120.4700,120.4800,5027.09,1790486099999,605713.693800,924,2748.87,331203.856900,0
1790486100000,120.4800,120.4900,120.4700,120.4700,1113.61,1790486159999,134167.931700,587,371.17,44719.790600,0
1790486160000,120.4700,120.5100,120.4700,120.4900,6786.59,1790486219999,817682.999400,1095,4093.88,493247.167900,0
1790486220000,120.4900,120.5000,120.4700,120.5000,2819.68,1790486279999,339733.513300,736,1887.23,227384.719400,0
1790486280000,120.4900,120.6200,120.4900,120.5700,23015.29,1790486339999,2774428.095800,1878,16864.48,2032657.060900,0
1790486340000,120.5700,120.5900,120.5400,120.5800,3909.68,1790486399999,471338.030200,1110,1440.58,173677.753400,0
1790486400000,120.5800,120.6000,120.5300,120.5300,6060.75,1790486459999,730787.422900,1195,1626.91,196182.316700,0
1790486460000,120.5300,120.5800,120.5300,120.5600,2712.36,1790486519999,326998.981900,893,1639.26,197616.911700,0
1790486520000,120.5600,120.5800,120.5600,120.5600,4378.37,1790486579999,527892.921300,790,489.06,58966.734600,0
1790486580000,120.5600,120.6100,120.5600,120.5600,6606.17,1790486639999,796642.803300,1187,2569.21,309809.129700,0
1790486640000,120.5600,120.5900,120.5600,120.5700,2529.06,1790486699999,304949.205200,694,752.67,90755.838100,0
1790486700000,120.5700,120.5800,120.5400,120.5600,2655.44,1790486759999,320125.622600,848,1579.27,190386.579600,0
1790486760000,120.5500,120.5800,120.5500,120.5600,3768.97,1790486819999,454407.361500,536,2672.44,322201.522200,0
1790486820000,120.5600,120.6700,120.5600,120.6600,28116.32,1790486879999,3391172.552000,1228,24986.86,3013701.166800,0
1790486880000,120.6500,120.6600,120.6300,120.6300,2942.50,1790486939999,354997.548200,412,1780.40,214796.430500,0
1790486940000,120.6400,120.6600,120.6300,120.6400,6600.82,1790486999999,796374.906400,573,5093.06,614467.341000,0
1790487000000,120.6300,120.6800,120.5900,120.6700,13232.39,1790487059999,1596245.227400,1499,7294.58,879975.086200,0
1790487060000,120.6700,120.6800,120.5900,120.5900,2589.32,1790487119999,312372.217900,625,470.88,56817.843800,0
1790487120000,120.5900,120.6400,120.5800,120.6200,3879.17,1790487179999,467860.253700,774,1778.77,214528.397700,0
1790487180000,120.6300,120.8000,120.6300,120.7800,13262.03,1790487239999,1601327.992100,1574,11529.94,1392175.753300,0
1790487240000,120.7800,120.8700,120.7800,120.8500,19567.49,1790487299999,2364356.341300,1569,11931.84,1441701.317200,0
1790487300000,120.8500,120.9300,120.8400,120.9300,14187.49,1790487359999,1714987.880500,1236,9287.31,1122735.859000,0
1790487360000,120.9200,121.1400,120.9000,121.1400,29139.70,1790487419999,3526616.449800,2944,20757.65,2512104.246000,0
1790487420000,121.1300,121.4000,121.1300,121.2900,112288.71,1790487479999,13616593.868700,8035,55342.36,6711280.666800,0
1790487480000,121.2900,121.4400,121.2800,121.4300,36712.42,1790487539999,4455737.758200,3201,14558.78,1766926.699400,0
1790487540000,121.4400,121.4400,121.0600,121.1400,40819.63,1790487599999,4949363.460300,3541,7503.46,909370.969700,0
1790487600000,121.1400,121.1500,121.0400,121.0700,15002.67,1790487659999,1816883.374500,1368,5354.33,648397.598100,0
1790487660000,121.0600,121.1100,121.0600,121.1000,6714.33,1790487719999,813042.947800,748,2128.38,257719.324900,0
1790487720000,121.0900,121.1500,121.0600,121.0700,6871.38,1790487779999,832125.818700,962,1715.57,207754.254100,0
1790487780000,121.0600,121.0700,120.9700,121.0500,7902.16,1790487839999,956258.930800,1108,1918.57,232180.422000,0
1790487840000,121.0400,121.0900,121.0400,121.0800,5292.30,1790487899999,640708.441900,806,2334.62,282642.151500,0
1790487900000,121.0900,121.1400,121.0400,121.0800,7069.48,1790487959999,856028.132700,1026,1953.08,236486.174600,0
1790487960000,121.0900,121.2300,121.0800,121.2000,13585.23,1790488019999,1645966.804600,1782,9147.26,1108224.798000,0
1790488020000,121.2100,121.2700,121.1500,121.1500,8772.85,1790488079999,1063352.585800,1229,2794.08,338721.280000,0
1790488080000,121.1600,121.2200,121.1200,121.1800,6658.65,1790488139999,806808.419700,1069,2183.59,264585.777100,0
1790488140000,121.1700,121.2600,121.1700,121.2300,4745.84,1790488199999,575368.124500,881,2414.96,292761.356500,0
1790488200000,121.2200,121.2500,121.1400,121.1400,5433.56,1790488259999,658600.854400,919,1082.94,131282.000900,0
1790488260000,121.1400,121.1500,121.1100,121.1500,4539.35,1790488319999,549875.085500,611,1999.78,242247.211800,0
1790488320000,121.1400,121.1700,121.1000,121.1600,11556.13,1790488379999,1399862.666900,942,5711.66,691935.850100,0
1790488380000,121.1700,121.1900,121.1100,121.1100,3658.31,1790488439999,443273.865700,723,1327.80,160904.333600,0
1790488440000,121.1100,121.1400,121.0600,121.0900,9707.09,1790488499999,1175551.081000,890,1777.01,215200.451600,0
1790488500000,121.0800,121.1000,121.0700,121.0900,3739.82,1790488559999,452850.750200,619,851.08,103056.846000,0
1790488560000,121.0900,121.1000,121.0900,121.0900,1141.03,1790488619999,138170.667600,328,334.49,40506.739000,0
1790488620000,121.1000,121.1000,121.0500,121.0800,7112.58,1790488679999,861188.811600,818,2082.97,252197.344000,0
1790488680000,121.0900,121.0900,121.0500,121.0500,2445.16,1790488739999,296042.997000,536,639.02,77369.810900,0
1790488740000,121.0500,121.0900,121.0400,121.0400,4708.56,1790488799999,570074.256400,607,1254.91,151937.366300,0
1790488800000,121.0400,121.0800,121.0400,121.0700,4338.92,1790488859999,525241.953900,573,1938.19,234631.311900,0
1790488860000,121.0700,121.0900,121.0700,121.0800,3435.18,1790488919999,415928.302300,910,1358.71,164513.557300,0
1790488920000,121.0800,121.2300,121.0800,121.2100,5584.26,1790488979999,676618.706700,1588,5106.34,618704.376300,0
1790488980000,121.2100,121.3000,121.1500,121.1900,13746.00,1790489039999,1666315.634600,2340,7430.55,900707.654400,0
1790489040000,121.1800,121.2700,121.1400,121.2700,5847.82,1790489099999,708742.668900,1545,3687.68,446958.330600,0
1790489100000,121.2600,121.3000,121.2200,121.2200,5380.65,1790489159999,652483.918400,1092,908.00,110128.903400,0
1790489160000,121.2200,121.2400,121.2200,121.2400,2856.09,1790489219999,346247.180300,793,1375.59,166767.783800,0
1790489220000,121.2300,121.3100,121.2300,121.3000,6379.73,1790489279999,773789.885800,1306,2779.54,337114.044400,0
1790489280000,121.3000,121.3500,121.3000,121.3100,8899.50,1790489339999,1079788.780500,1184,4530.55,549683.846900,0
1790489340000,121.3000,121.3400,121.3000,121.3200,3907.37,1790489399999,474063.911200,893,1626.34,197315.198400,0
1790489400000,121.3200,121.4200,121.3200,121.3800,9123.50,1790489459999,1107433.671100,1591,4638.47,563027.235500,0
1790489460000,121.3800,121.4700,121.3800,121.4100,11171.94,1790489519999,1356518.895800,1670,5751.79,698409.087200,0
1790489520000,121.4100,121.4600,121.4100,121.4500,6344.93,1790489579999,770515.541400,1208,2860.20,347344.093800,0
1790489580000,121.4600,121.4700,121.4500,121.4500,7365.38,1790489639999,894596.419300,831,3685.00,447582.338400,0
1790489640000,121.4500,121.4900,121.4200,121.4700,17388.87,1790489699999,2112124.414800,1544,8678.19,1054164.890500,0
1790489700000,121.4700,121.4800,121.4100,121.4100,10868.52,1790489759999,1319970.740000,1063,1515.03,184011.211900,0
1790489760000,121.4100,121.4300,121.3100,121.3400,8742.52,1790489819999,1061024.260400,1615,3049.15,370030.041100,0
1790489820000,121.3400,121.4000,121.2500,121.3700,16623.13,1790489879999,2016697.092100,2230,7367.32,893797.816400,0
1790489880000,121.3700,121.4500,121.3600,121.3600,6087.35,1790489939999,739063.562600,1352,1826.74,221785.494400,0
1790489940000,121.3600,121.4200,121.3400,121.4000,5900.04,1790489999999,716169.663900,1110,3036.78,368594.308200,0
1790490000000,121.3900,121.4500,121.3900,121.4400,4765.67,1790490059999,578695.436600,1151,2664.94,323611.554200,0
1790490060000,121.4400,121.4900,121.3400,121.3900,20752.40,1790490119999,2519615.563700,2382,8593.54,1043464.467100,0
1790490120000,121.3900,121.4000,121.3400,121.3900,7104.13,1790490179999,862199.620200,1421,3429.89,416277.782100,0
1790490180000,121.4000,121.4500,121.3700,121.4300,5632.96,1790490239999,683960.038800,1236,2833.81,344092.395400,0
1790490240000,121.4300,121.4700,121.4000,121.4500,4199.05,1790490299999,509965.895500,1291,1245.13,151214.943200,0
1790490300000,121.4500,121.5000,121.4500,121.4800,9493.85,1790490359999,1153313.188100,1280,6108.05,742033.277600,0
1790490360000,121.4800,121.5300,121.4500,121.5300,17499.83,1790490419999,2126073.970900,1637,9911.77,1204254.259400,0
1790490420000,121.5300,121.5400,121.4700,121.4800,11110.51,1790490479999,1350109.074800,1194,4936.28,599853.143800,0
1790490480000,121.4800,121.5300,121.4700,121.5200,5540.44,1790490539999,673215.589700,603,3783.58,459733.750900,0
1790490540000,121.5300,121.5400,121.4000,121.4300,7602.67,1790490599999,923578.011200,1183,1811.27,220020.344900,0
1790490600000,121.4300,121.4800,121.4200,121.4400,12521.86,1790490659999,1520813.504800,1043,9617.60,1168094.660100,0
1790490660000,121.4400,121.5100,121.3800,121.4000,9424.78,1790490719999,1144674.286000,1428,4474.88,543487.681100,0
1790490720000,121.4000,121.4000,121.2700,121.2900,13107.46,1790490779999,1589999.198000,1543,4690.86,568976.218700,0
1790490780000,121.2900,121.3000,121.2300,121.2400,6049.88,1790490839999,733597.399900,908,1447.27,175481.760400,0
1790490840000,121.2500,121.2900,121.2400,121.2900,4625.60,1790490899999,560875.761400,499,2672.83,324103.118400,0
1790490900000,121.2800,121.3400,121.2800,121.3300,5594.68,1790490959999,678656.321500,621,4898.17,594176.409000,0
1790490960000,121.3300,121.3600,121.2800,121.3600,8799.73,1790491019999,1067530.500600,848,3112.77,377630.014300,0
1790491020000,121.3600,121.4400,121.3500,121.4400,3238.12,1790491079999,393091.026800,763,2649.36,321612.160000,0
1790491080000,121.4300,121.4400,121.3400,121.3400,4483.67,1790491139999,544351.851500,623,557.75,67707.617700,0
1790491140000,121.3400,121.3400,121.2700,121.2800,2785.63,1790491199999,337857.733300,805,1024.10,124203.297100,0
1790491200000,121.2800,121.3700,121.2800,121.3600,2723.07,1790491259999,330347.991200,653,2044.49,248027.263300,0
1790491260000,121.3600,121.3700,121.3200,121.3300,6119.43,1790491319999,742587.284600,622,1708.56,207318.671800,0
1790491320000,121.3300,121.3300,121.2600,121.2900,9901.95,1790491379999,1201067.207800,812,5819.02,705833.377400,0
1790491380000,121.2900,121.3100,121.2500,121.3000,6313.05,1790491439999,765618.889600,766,2353.77,285466.510700,0
1790491440000,121.3000,121.3200,121.2600,121.3100,2398.67,1790491499999,290958.620700,538,969.80,117639.316200,0
1790491500000,121.3100,121.3500,121.3100,121.3500,3233.45,1790491559999,392317.707000,492,2732.10,331487.724700,0
1790491560000,121.3500,121.4000,121.3200,121.3700,10703.41,1790491619999,1298984.755000,1062,6680.76,810789.595500,0
1790491620000,121.3800,121.4100,121.3700,121.4100,2310.28,1790491679999,280457.706200,349,1698.54,206193.916300,0
1790491680000,121.4100,121.4100,121.3400,121.3800,3189.58,1790491739999,387145.650100,534,1095.91,133002.573300,0
1790491740000,121.3800,121.4300,121.3700,121.3700,3569.06,1790491799999,433315.390300,613,874.39,106151.117900,0
1790491800000,121.3700,121.3900,121.2800,121.3100,7024.61,1790491859999,852333.403100,819,2166.09,262805.774400,0
1790491860000,121.3000,121.3500,121.3000,121.3400,2380.49,1790491919999,288774.859100,450,1014.50,123078.442100,0
1790491920000,121.3500,121.3800,121.3400,121.3500,7364.48,1790491979999,893755.711400,698,3669.55,445321.656900,0
1790491980000,121.3500,121.3900,121.3400,121.3600,5360.08,1790492039999,650518.324200,692,2260.05,274281.167700,0
1790492040000,121.3500,121.3700,121.3500,121.3700,889.46,1790492099999,107948.252100,248,705.09,85573.507900,0
1790492100000,121.3800,121.3900,121.2900,121.3100,3759.04,1790492159999,456125.857400,595,732.15,88818.861900,0
1790492160000,121.3100,121.3100,121.3000,121.3100,1368.60,1790492219999,166020.760100,239,958.01,116216.193100,0
1790492220000,121.3000,121.3000,121.2300,121.3000,7803.83,1790492279999,946344.747400,1097,1567.99,190139.614300,0
1790492280000,121.3000,121.3000,121.2500,121.2900,6675.78,1790492339999,809604.074300,730,2697.21,327081.822800,0
1790492340000,121.2800,121.3000,121.2700,121.2900,3164.57,1790492399999,383832.228800,421,1648.81,199991.288000,0
1790492400000,121.2800,121.3700,121.2600,121.3700,5054.16,1790492459999,613078.728900,946,3033.20,367934.731600,0
1790492460000,121.3700,121.4000,121.3400,121.3500,6030.66,1790492519999,732003.001800,1315,1469.62,178386.035700,0
1790492520000,121.3400,121.4100,121.3400,121.4100,5062.60,1790492579999,614528.007000,1175,4897.34,594469.442200,0
1790492580000,121.4000,121.4200,121.3500,121.4100,3827.70,1790492639999,464631.760900,1251,1227.56,148993.846000,0
1790492640000,121.4100,121.4200,121.4000,121.4000,2410.09,1790492699999,292602.301400,856,408.80,49633.500900,0
1790492700000,121.4000,121.4100,121.3300,121.3600,2340.83,1790492759999,284108.799000,1265,753.33,91416.432700,0
1790492760000,121.3500,121.3600,121.2800,121.2800,2567.56,1790492819999,311501.668900,1016,612.55,74312.869700,0
1790492820000,121.2800,121.3900,121.2800,121.3900,4889.98,1790492879999,593344.055300,1405,3201.41,388423.024900,0
1790492880000,121.3900,121.4000,121.3800,121.3800,1681.38,1790492939999,204098.704700,720,202.10,24533.123500,0
1790492940000,121.3800,121.4400,121.3700,121.3900,3338.76,1790492999999,405342.204100,1381,1193.09,144841.169900,0
1790493000000,121.3900,121.4800,121.3800,121.3800,7234.96,1790493059999,878509.086600,1637,2635.80,320043.825200,0
1790493060000,121.3800,121.4700,121.3800,121.4200,2797.80,1790493119999,339765.047200,1178,1337.96,162463.802300,0
1790493120000,121.4100,121.4400,121.3300,121.4000,7837.12,1790493179999,951296.334900,1800,5978.83,725757.052400,0
1790493180000,121.4000,121.4300,121.3500,121.3500,1936.37,1790493239999,235073.044200,990,766.47,93051.539700,0
1790493240000,121.3500,121.3600,121.3300,121.3600,1759.43,1790493299999,213498.094300,895,476.26,57790.832000,0
1790493300000,121.3500,121.4000,121.3400,121.3400,3632.62,1790493359999,440892.934400,971,764.46,92780.141200,0
1790493360000,121.3400,121.4300,121.3400,121.4100,6675.55,1790493419999,810240.089700,1302,5387.58,653863.909900,0
1790493420000,121.4100,121.4600,121.3300,121.3300,14097.33,1790493479999,1711439.850200,1991,4898.80,594824.732300,0
1790493480000,121.3300,121.3600,121.3300,121.3400,2761.34,1790493539999,335080.471100,968,1129.73,137089.881000,0
1790493540000,121.3400,121.3500,121.3000,121.3400,2503.26,1790493599999,303687.400100,1154,1117.06,135515.686600,0
1790493600000,121.3300,121.3600,121.3300,121.3500,1034.71,1790493659999,125556.894500,778,543.19,65916.040300,0
1790493660000,121.3500,121.4200,121.3500,121.4100,2488.61,1790493719999,302042.865600,1154,1106.61,134315.771700,0
1790493720000,121.4100,121.4300,121.4100,121.4200,2676.65,1790493779999,324998.426800,941,458.25,55642.883400,0
1790493780000,121.4100,121.5000,121.4100,121.4900,3700.16,1790493839999,449400.674900,1335,2474.66,300560.989800,0
1790493840000,121.4900,121.5500,121.4800,121.5200,14915.06,1790493899999,1812499.712600,1397,11005.07,1337407.561600,0
1790493900000,121.5200,121.5400,121.4700,121.5200,5015.44,1790493959999,609443.779000,1466,2812.54,341758.414100,0
1790493960000,121.5200,121.5500,121.4700,121.4800,7887.38,1790494019999,958375.598600,890,1707.61,207519.098800,0
1790494020000,121.4800,121.4800,121.4500,121.4600,2728.71,1790494079999,331447.137900,528,803.25,97575.108700,0
1790494080000,121.4500,121.5700,121.4500,121.5700,11049.66,1790494139999,1342561.856500,1029,10795.74,1311713.688300,0
1790494140000,121.5600,121.6000,121.5400,121.6000,10998.47,1790494199999,1337131.942900,1244,5657.49,687831.802100,0
1790494200000,121.6000,121.6300,121.5900,121.6100,7261.59,1790494259999,883097.620300,1016,3275.67,398364.301100,0
1790494260000,121.6000,121.7700,121.6000,121.7300,27492.69,1790494319999,3345970.059100,2230,19693.61,2396654.485100,0
1790494320000,121.7200,121.8400,121.6900,121.8000,23977.03,1790494379999,2919689.222600,2543,13407.80,1632714.349100,0
1790494380000,121.7900,121.9700,121.7900,121.9200,20028.25,1790494439999,2441420.775100,2753,11637.30,1418568.180400,0
1790494440000,121.9100,121.9800,121.9100,121.9700,20528.55,1790494499999,2503458.660500,1714,8572.40,1045422.793300,0
1790494500000,121.9800,122.3500,121.9500,121.9700,90116.37,1790494559999,11004924.947700,8107,51854.28,6333703.214200,0
1790494560000,121.9600,121.9900,121.8800,121.9400,14451.80,1790494619999,1762008.157600,1954,5081.96,619595.313500,0
1790494620000,121.9300,121.9700,121.8900,121.9200,8130.19,1790494679999,991239.664200,896,4323.41,527121.581400,0
1790494680000,121.9100,121.9300,121.8600,121.8900,8914.52,1790494739999,1086653.592600,1100,4806.62,585897.009300,0
1790494740000,121.8900,121.9800,121.8900,121.9800,7685.71,1790494799999,937169.514600,873,4186.17,510463.153900,0
1790494800000,121.9700,122.0900,121.9000,122.0800,14019.25,1790494859999,1710320.802000,1851,6283.79,766467.581400,0
1790494860000,122.0800,122.3000,122.0800,122.2400,29831.16,1790494919999,3646732.244200,3229,19504.42,2384230.025800,0
1790494920000,122.2400,122.2600,122.0900,122.1900,13870.47,1790494979999,1694917.435600,1969,7079.28,865043.002400,0
1790494980000,122.1900,122.2700,122.0900,122.2100,24296.78,1790495039999,2969036.466100,2262,11852.00,1448278.601900,0
1790495040000,122.2100,122.3000,122.2000,122.2600,14467.91,1790495099999,1768767.690200,1701,6960.97,851020.425200,0
1790495100000,122.2600,122.3000,122.1400,122.1500,15997.77,1790495159999,1955487.067200,1424,2467.06,301550.701800,0
1790495160000,122.1400,122.1700,122.0600,122.1400,13212.20,1790495219999,1613492.241900,1738,6135.20,749228.271800,0
1790495220000,122.1300,122.1800,122.1000,122.1500,10817.58,1790495279999,1321311.757400,1067,4691.06,572967.964500,0
1790495280000,122.1500,122.3000,122.1300,122.2900,8929.37,1790495339999,1091519.527700,1397,6404.59,782854.555000,0
1790495340000,122.2800,122.4700,122.2100,122.3700,36672.31,1790495399999,4486924.756300,3820,25958.43,3176321.290500,0
1790495400000,122.3700,122.6900,122.3600,122.6700,67146.52,1790495459999,8228630.455800,5692,48248.43,5913162.126800,0
1790495460000,122.6600,122.7200,122.5500,122.6100,31708.33,1790495519999,3888386.361300,3615,16341.41,2003923.105800,0
1790495520000,122.6100,122.7800,122.5600,122.5700,36148.38,1790495579999,4435124.566500,4003,21221.34,2603900.605600,0
1790495580000,122.5600,122.6100,122.4500,122.4900,14551.73,1790495639999,1782745.099000,1631,7006.21,858279.788900,0
1790495640000,122.4900,122.5800,122.4000,122.4100,22276.04,1790495699999,2728771.914800,2505,12828.83,1571601.347200,0
1790495700000,122.4100,122.7200,122.4000,122.7000,35858.71,1790495759999,4396416.647600,3028,23807.33,2918200.242300,0
1790495760000,122.7000,123.7900,122.6900,123.3800,330127.28,1790495819999,40695396.181800,25271,245981.57,30320320.840600,0
1790495820000,123.3700,124.4300,123.3000,124.1800,372389.39,1790495879999,46176076.620900,29833,219832.05,27257143.453300,0
1790495880000,124.1700,124.1800,123.8700,124.0000,101868.49,1790495939999,12629112.163600,8259,43002.71,5331082.628600,0
1790495940000,123.9900,124.1300,123.8100,124.0900,93310.80,1790495999999,11568766.705500,7828,42340.38,5250061.510600,0
1790496000000,124.0900,124.6400,123.9300,123.9500,250563.03,1790496059999,31146129.508600,15915,138209.39,17184601.301500,0
1790496060000,123.9400,124.2600,123.9200,124.1800,67270.23,1790496119999,8346477.332100,6358,33566.56,4164430.556300,0
1790496120000,124.1800,124.2500,123.9700,124.0700,57903.36,1790496179999,7184142.475700,5153,23265.78,2887011.035300,0
1790496180000,124.0600,124.1400,123.9900,124.0100,36363.89,1790496239999,4511006.988400,3719,17292.34,2145081.040300,0
1790496240000,124.0100,124.3100,123.9400,124.2400,61948.68,1790496299999,7690746.668700,5829,38124.87,4733500.438600,0
1790496300000,124.2300,124.4100,124.1700,124.2500,43559.06,1790496359999,5412924.503100,5176,22749.23,2826795.292000,0
1790496360000,124.2400,124.3000,124.1500,124.2800,27435.21,1790496419999,3408445.323700,2627,14475.00,1798457.976200,0
1790496420000,124.2800,124.4800,124.2700,124.3900,59353.54,1790496479999,7381776.382500,4272,35623.63,4429889.463100,0
1790496480000,124.3900,124.4800,124.2200,124.3100,50400.29,1790496539999,6267246.454300,5636,18875.52,2347735.612300,0
1790496540000,124.3000,124.3500,124.2200,124.2500,33899.39,1790496599999,4213150.032900,2897,18072.61,2246200.725900,0
1790496600000,124.2400,124.3400,124.1800,124.2200,23891.07,1790496659999,2968690.807400,2975,12791.83,1589556.400900,0
1790496660000,124.2200,124.2800,124.1000,124.2700,34507.25,1790496719999,4285059.642500,3083,8193.57,1017575.034300,0
1790496720000,124.2600,124.6100,124.1500,124.1600,92840.33,1790496779999,11542105.782900,7226,35944.77,4471315.430900,0
1790496780000,124.1600,124.1900,124.1500,124.1800,23334.47,1790496839999,2897414.870500,1649,6931.24,860652.969700,0
1790496840000,124.1700,124.2600,124.1700,124.2300,19381.45,1790496899999,2407429.892200,1948,12332.77,1531904.613300,0
1790496900000,124.2200,124.9900,124.1900,124.7300,130477.45,1790496959999,16267550.564300,11150,91046.33,11351908.654700,0
1790496960000,124.7300,124.9300,124.7200,124.7200,64237.22,1790497019999,8018999.980800,6193,26907.64,3358988.407600,0
1790497020000,124.7200,124.7800,124.6200,124.6500,45630.01,1790497079999,5689539.868500,3841,29209.38,3641857.658400,0
1790497080000,124.6400,124.6700,124.4600,124.4800,43602.87,1790497139999,5431873.875300,3868,19353.29,2411162.361200,0
1790497140000,124.4800,124.4900,124.2600,124.3200,30116.59,1790497199999,3744582.482500,3079,9491.74,1179960.268200,0
1790497200000,124.3200,124.4800,124.2200,124.4700,31057.35,1790497259999,3861314.803400,3658,15001.40,1865084.712400,0
1790497260000,124.4800,124.6800,124.4700,124.5900,25592.65,1790497319999,3188327.958200,2962,16413.74,2044621.302100,0
1790497320000,124.5800,124.5900,124.4100,124.4500,26685.65,1790497379999,3321616.070200,2526,9688.88,1205987.034500,0
1790497380000,124.4500,124.4500,124.3500,124.3600,17580.59,1790497439999,2187001.446100,1662,7310.96,909424.167100,0
1790497440000,124.3500,124.4000,124.2900,124.3500,17457.29,1790497499999,2170416.116400,1681,6576.94,817674.533500,0
1790497500000,124.3500,124.4600,124.3000,124.4500,10502.89,1790497559999,1306224.661900,1616,5410.94,672980.570700,0
1790497560000,124.4600,124.5000,124.3900,124.4700,15217.67,1790497619999,1893754.864000,1708,9564.50,1190218.206300,0
1790497620000,124.4600,124.4800,124.2800,124.2900,12276.24,1790497679999,1527048.805600,1779,4468.12,555882.526300,0
1790497680000,124.2800,124.3300,124.2600,124.3200,9239.00,1790497739999,1148331.853700,1116,5778.43,718216.849200,0
1790497740000,124.3100,124.4000,124.3100,124.3700,8842.72,1790497799999,1099647.236000,1126,4693.25,583622.149900,0
1790497800000,124.3700,124.4300,124.2400,124.2900,21582.73,1790497859999,2683760.682800,2335,13795.82,1715570.001700,0
1790497860000,124.2800,124.4300,124.2800,124.4100,11606.42,1790497919999,1443662.008300,1620,4685.64,582820.716800,0
1790497920000,124.4100,124.5500,124.4000,124.5200,10256.43,1790497979999,1276815.970700,1883,6038.08,751630.469500,0
1790497980000,124.5100,124.5200,124.3700,124.4200,13443.18,1790498039999,1672769.436500,1892,5773.37,718329.506800,0
1790498040000,124.4100,124.4200,124.2600,124.3500,12674.99,1790498099999,1575707.972200,1821,4735.33,588612.223100,0
1790498100000,124.3500,124.3500,124.1600,124.1700,12304.21,1790498159999,1528521.968300,1883,1928.83,239597.736900,0
1790498160000,124.1600,124.1800,124.1500,124.1600,15898.87,1790498219999,1973968.625200,938,3909.29,485400.048300,0
1790498220000,124.1500,124.2400,124.0900,124.2000,23133.86,1790498279999,2872156.680400,2210,8015.80,995300.655500,0
1790498280000,124.1900,124.2200,124.0800,124.2000,15157.96,1790498339999,1881811.271700,2168,6875.20,853612.777300,0
1790498340000,124.2000,124.3200,124.1900,124.2700,8985.16,1790498399999,1116524.238400,1642,4103.52,509873.619700,0
1790498400000,124.2700,124.2700,124.1800,124.2300,9507.65,1790498459999,1181042.732200,1278,4140.17,514279.030700,0
1790498460000,124.2200,124.2300,124.1400,124.1600,13263.00,1790498519999,1647035.952200,1470,3776.24,468917.847000,0
1790498520000,124.1500,124.1600,124.0700,124.1200,10813.30,1790498579999,1342023.660300,1563,3961.16,491648.085300,0
1790498580000,124.1300,124.2700,124.1300,124.2100,8212.27,1790498639999,1020119.747000,1499,3835.99,476509.937500,0
1790498640000,124.2100,124.2100,124.0600,124.1500,16245.56,1790498699999,2016388.243100,2170,6057.45,751768.151700,0
1790498700000,124.1500,124.1700,124.0100,124.0200,16810.35,1790498759999,2085686.509200,1842,4235.33,525645.741100,0
1790498760000,124.0200,124.0400,123.9700,123.9900,34019.83,1790498819999,4218860.618800,2093,6204.91,769535.330900,0
1790498820000,123.9800,124.1000,123.9300,124.0300,34344.72,1790498879999,4258628.268100,3043,15150.54,1878747.977900,0
1790498880000,124.0200,124.2500,124.0100,124.2500,23881.10,1790498939999,2963783.563500,2513,12849.25,1594903.232800,0
1790498940000,124.2600,124.2700,124.2000,124.2700,7889.70,1790498999999,980231.356900,1145,4820.68,598928.788100,0
1790499000000,124.2700,124.2700,124.1600,124.1700,5731.23,1790499059999,711823.596300,902,1661.91,206406.218800,0
1790499060000,124.1700,124.3800,124.1100,124.2500,43800.65,1790499119999,5440477.878200,3237,26257.88,3261372.063500,0
1790499120000,124.2500,124.4200,124.2400,124.3000,22539.07,1790499179999,2802692.642900,2492,18463.25,2295835.626900,0
1790499180000,124.3000,124.3300,124.2300,124.2400,10723.25,1790499239999,1332736.689200,1357,4134.20,513841.682700,0
1790499240000,124.2300,124.3100,124.1700,124.3000,11118.55,1790499299999,1381233.428800,1633,5785.50,718735.661500,0
1790499300000,124.3000,124.3000,124.2300,124.2900,8460.51,1790499359999,1051297.031400,1197,4505.17,559770.390300,0
1790499360000,124.2800,124.2800,124.1200,124.2200,18668.62,1790499419999,2318432.626900,2333,4954.73,615175.117600,0
1790499420000,124.2200,124.2300,124.1500,124.2300,5384.52,1790499479999,668712.932400,1080,2030.44,252163.149600,0
1790499480000,124.2300,124.2500,124.1500,124.1600,7415.02,1790499539999,921065.313800,1239,3082.28,382863.637100,0
1790499540000,124.1600,124.2000,124.0600,124.0700,6301.21,1790499599999,782338.415800,1143,1603.91,199170.302600,0
1790499600000,124.0600,124.1700,123.7600,124.1500,59501.17,1790499659999,7375239.605700,5749,27096.52,3359697.213300,0
1790499660000,124.1400,124.1500,123.8400,123.9300,18010.77,1790499719999,2232978.161100,2881,6300.26,780787.960700,0
1790499720000,123.9200,123.9700,123.7900,123.8000,12901.22,1790499779999,1598292.629600,1991,4780.65,592293.091900,0
1790499780000,123.7900,123.9800,123.7600,123.9000,32246.62,1790499839999,3993464.266900,3059,20245.04,2507075.287700,0
1790499840000,123.9100,123.9500,123.8800,123.9100,15435.16,1790499899999,1912610.040900,1561,8578.05,1062993.418900,0
1790499900000,123.9000,123.9500,123.8000,123.8100,21871.64,1790499959999,2709357.053500,2547,9931.24,1230223.917100,0
1790499960000,123.8100,123.8100,123.4300,123.4700,63931.93,1790500019999,7900431.229600,6883,16325.23,2017350.895500,0
1790500020000,123.4600,123.5000,123.3200,123.4800,48393.33,1790500079999,5973074.234200,5012,21333.75,2633346.089700,0
1790500080000,123.4800,123.5800,123.4700,123.5400,15140.88,1790500139999,1870311.747500,2257,8676.95,1071772.561300,0
1790500140000,123.5400,123.5600,123.4700,123.5000,20724.77,1790500199999,2559682.486100,1794,8177.18,1009962.450200,0
1790500200000,123.5000,123.5300,123.3700,123.4700,26820.31,1790500259999,3311178.841700,2726,17243.44,2129009.854800,0
1790500260000,123.4600,123.5900,123.4200,123.5900,14666.53,1790500319999,1811496.184900,1782,9012.29,1113162.040400,0
1790500320000,123.5900,123.8800,123.5600,123.8400,40521.99,1790500379999,5013796.598400,4050,29751.42,3680897.239200,0
1790500380000,123.8400,123.9000,123.7800,123.8900,12798.94,1790500439999,1585122.754200,1646,6346.71,786055.878200,0
1790500440000,123.8900,123.9200,123.7700,123.7800,31413.30,1790500499999,3890098.611200,2279,15445.74,1912654.755800,0
1790500500000,123.7700,123.7800,123.7000,123.7100,11310.44,1790500559999,1399531.863300,1363,5722.77,708130.682400,0
1790500560000,123.7100,123.7400,123.5900,123.6100,10633.37,1790500619999,1315021.861800,1658,4950.18,612161.773400,0
1790500620000,123.6100,123.6800,123.5100,123.6600,7978.64,1790500679999,986155.733200,1618,2208.10,272936.281900,0
1790500680000,123.6500,123.8000,123.6100,123.7600,32424.68,1790500739999,4011829.700200,2687,25447.30,3148491.123900,0
1790500740000,123.7500,123.7600,123.6400,123.6900,5641.48,1790500799999,697811.514000,1116,2600.45,321626.013400,0
1790500800000,123.6900,123.7000,123.6100,123.6800,5110.83,1790500859999,631988.019500,948,2646.13,327184.302400,0
1790500860000,123.6800,123.7500,123.6500,123.7400,6391.07,1790500919999,790499.886600,1097,3912.35,483917.310900,0
1790500920000,123.7400,123.8400,123.7300,123.8400,7722.53,1790500979999,955864.667500,1283,5382.42,666239.528000,0
1790500980000,123.8300,123.8600,123.7600,123.7900,8029.58,1790501039999,994150.800200,1062,4245.46,525614.142200,0
1790501040000,123.7900,123.8500,123.7900,123.8400,8159.14,1790501099999,1010231.846500,1073,4712.54,583460.075400,0
1790501100000,123.8300,123.9600,123.8300,123.9500,14993.86,1790501159999,1857941.907800,2196,10832.82,1342293.419900,0
1790501160000,123.9500,124.0200,123.9400,124.0200,19063.29,1790501219999,2363385.528800,1890,12177.09,1509736.992900,0
1790501220000,124.0100,124.0100,123.8100,123.8200,10880.52,1790501279999,1348020.176900,1536,2874.50,356069.341900,0
1790501280000,123.8200,123.9900,123.8000,123.8700,12208.86,1790501339999,1512789.748600,1727,9456.12,1171694.953200,0
1790501340000,123.8700,123.9500,123.8600,123.9000,3786.51,1790501399999,469160.753800,737,2812.54,348472.892800,0
1790501400000,123.9000,123.9300,123.8200,123.8900,8839.48,1790501459999,1094859.992700,1350,3852.17,477100.151400,0
1790501460000,123.8900,123.9800,123.8800,123.9400,5111.55,1790501519999,633535.827300,1360,2608.48,323292.974000,0
1790501520000,123.9400,124.0900,123.9000,124.0300,14005.10,1790501579999,1736965.104100,2258,7583.19,940410.560100,0
1790501580000,124.0300,124.2800,124.0200,124.2000,30740.07,1790501639999,3816611.894600,3386,24166.10,3000242.136800,0
1790501640000,124.2000,124.2000,124.1300,124.2000,16867.04,1790501699999,2094198.589400,1784,10165.00,1262063.674400,0
1790501700000,124.1900,124.2000,123.9500,123.9900,9879.15,1790501759999,1225472.165000,1955,3755.62,465800.021800,0
1790501760000,123.9900,124.1200,123.9800,124.0800,7394.43,1790501819999,917172.241900,1797,3990.80,495000.435900,0
1790501820000,124.0800,124.1100,124.0300,124.0500,9927.69,1790501879999,1231585.450300,1476,7132.79,884841.398800,0
1790501880000,124.0500,124.1800,124.0500,124.1800,6401.43,1790501939999,794448.693600,1669,4297.33,533295.399200,0
1790501940000,124.1700,124.2600,124.1600,124.2400,9878.07,1790501999999,1226886.020200,1620,6429.63,798606.477200,0
1790502000000,124.2400,124.2500,124.2300,124.2400,5015.97,1790502059999,623185.747900,964,3359.58,417401.794100,0
1790502060000,124.2300,124.2400,124.2000,124.2400,5730.18,1790502119999,711759.147700,742,4169.40,517895.451400,0
1790502120000,124.2400,124.2400,124.1500,124.1600,5570.44,1790502179999,691908.015000,986,903.69,112270.524600,0
1790502180000,124.1600,124.1600,124.1000,124.1500,7128.20,1790502239999,884784.977100,1157,4492.28,557589.028400,0
1790502240000,124.1500,124.1800,124.0800,124.1800,4873.23,1790502299999,604869.490400,1290,2072.43,257251.277000,0
1790502300000,124.1800,124.3000,124.1800,124.3000,10641.33,1790502359999,1322071.008600,1941,7198.74,894350.212100,0
1790502360000,124.3000,124.4000,124.2700,124.3200,35531.08,1790502419999,4417936.493000,3786,16047.16,1995331.397300,0
1790502420000,124.3100,124.3200,124.1400,124.1800,9559.35,1790502479999,1187461.788500,1967,3390.47,421105.287400,0
1790502480000,124.1800,124.2800,124.1300,124.2100,12111.33,1790502539999,1504228.919800,2146,7917.20,983353.602100,0
1790502540000,124.2100,124.3200,124.1800,124.3200,9032.33,1790502599999,1122295.614300,1493,6218.41,772666.257400,0
1790502600000,124.3100,124.3300,124.2400,124.3300,16644.50,1790502659999,2068683.568900,2201,7991.93,993294.395200,0
1790502660000,124.3300,124.4700,124.2700,124.3500,27376.28,1790502719999,3405063.715400,3724,18797.16,2338020.049800,0
1790502720000,124.3500,124.4100,124.3200,124.4000,9734.78,1790502779999,1210700.213300,1875,5478.79,681399.890100,0
1790502780000,124.4000,124.4000,124.2900,124.3000,9735.88,1790502839999,1210540.393200,1029,770.98,95875.524500,0
1790502840000,124.3000,124.3000,124.1900,124.2400,13345.39,1790502899999,1658231.089500,1407,2561.12,318151.828500,0
1790502900000,124.2400,124.2800,124.2200,124.2800,6581.98,1790502959999,817828.544500,1255,3738.47,464507.475800,0
1790502960000,124.2700,124.3900,124.2700,124.3900,16905.83,1790503019999,2101975.677300,2007,12426.18,1544929.525600,0
1790503020000,124.3800,124.4400,124.3400,124.4400,9062.29,1790503079999,1127329.552900,1204,4974.47,618805.103100,0
1790503080000,124.4400,124.4800,124.3800,124.3900,19225.09,1790503139999,2392387.988200,2063,9844.02,1225055.831500,0
1790503140000,124.3900,124.4300,124.3600,124.4000,6848.22,1790503199999,851874.044500,803,3381.02,420557.561300,0
1790503200000,124.4000,124.4000,124.2700,124.3400,9372.90,1790503259999,1165194.102900,1593,4850.81,602991.117300,0
1790503260000,124.3300,124.3500,124.2300,124.3500,7974.31,1790503319999,991165.889100,1628,3158.63,392622.807600,0
1790503320000,124.3500,124.4000,124.3200,124.3500,7785.98,1790503379999,968315.057400,1466,3021.48,375743.419600,0
1790503380000,124.3500,124.3800,124.2600,124.2700,19833.57,1790503439999,2465546.385900,2721,3985.85,495451.195100,0
1790503440000,124.2700,124.3100,124.2400,124.2700,4622.39,1790503499999,574423.207700,1012,1600.53,198894.340900,0
1790503500000,124.2600,124.3200,124.1900,124.2200,5169.78,1790503559999,642298.465100,1324,1650.97,205121.148400,0
1790503560000,124.2200,124.2300,124.1700,124.1800,6172.24,1790503619999,766589.281000,1078,1334.69,165774.268000,0
1790503620000,124.1700,124.3600,124.1700,124.3500,15792.17,1790503679999,1962528.495500,1942,9952.66,1236811.712500,0
1790503680000,124.3400,124.4400,124.3400,124.4400,11200.02,1790503739999,1393256.700000,1638,6611.11,822382.018900,0
1790503740000,124.4400,124.4500,124.3300,124.4100,6939.04,1790503799999,863205.856500,1370,3631.31,451699.913700,0
1790503800000,124.4000,124.5900,124.3900,124.5100,31636.06,1790503859999,3938623.416100,3181,21771.44,2710499.896100,0
1790503860000,124.5100,124.5800,124.4300,124.5700,19998.65,1790503919999,2490157.401300,2246,10998.97,1369648.599000,0
1790503920000,124.5600,124.5800,124.4400,124.4500,29232.83,1790503979999,3640116.992400,2657,9322.17,1160860.841500,0
1790503980000,124.4500,124.5800,124.4500,124.5800,11727.61,1790504039999,1460632.108500,1392,7918.49,986238.397600,0
1790504040000,124.5800,124.5800,124.4800,124.5300,13613.31,1790504099999,1695172.918800,1107,4898.14,609874.130900,0
1790504100000,124.5200,124.7600,124.5100,124.5900,44357.19,1790504159999,5528550.420900,4654,30683.77,3823841.437000,0
1790504160000,124.5900,124.6400,124.4400,124.4500,12112.98,1790504219999,1508498.039700,1884,4895.24,609647.271400,0
1790504220000,124.4400,124.4900,124.3500,124.4000,14865.25,1790504279999,1849346.806300,2104,6591.03,820016.679100,0
1790504280000,124.3900,124.4900,124.3600,124.3700,9722.45,1790504339999,1209761.541100,1473,5170.75,643431.361400,0
1790504340000,124.3600,124.3700,124.2600,124.3100,14993.34,1790504399999,1863561.841600,1502,5126.21,637120.202000,0
1790504400000,124.3200,124.3200,124.1400,124.2500,20723.76,1790504459999,2574291.383700,2109,5632.42,699670.701100,0
1790504460000,124.2500,124.2700,124.1600,124.2700,11059.00,1790504519999,1373671.834200,1379,4543.54,564356.496400,0
1790504520000,124.2700,124.3000,124.2000,124.2700,10783.57,1790504579999,1339863.454700,1438,5580.07,693308.892700,0
1790504580000,124.2700,124.3300,124.2600,124.2800,7486.20,1790504639999,930571.207000,1220,3415.32,424523.818800,0
1790504640000,124.2700,124.3800,124.2200,124.2500,11452.91,1790504699999,1423630.638900,1621,7066.73,878497.881800,0
1790504700000,124.2500,124.2500,124.1100,124.1800,14067.51,1790504759999,1746993.575300,1624,10276.23,1276238.281200,0
1790504760000,124.1700,124.1800,124.0600,124.0900,11330.97,1790504819999,1406116.642600,1690,4206.92,522083.188700,0
1790504820000,124.0900,124.1000,124.0200,124.0900,17099.66,1790504879999,2121405.764000,1577,6639.13,823687.748200,0
1790504880000,124.0900,124.0900,124.0500,124.0800,2536.22,1790504939999,314681.649800,407,749.55,93003.747200,0
1790504940000,124.0700,124.0900,124.0400,124.0600,7498.15,1790504999999,930277.224500,858,2794.41,346705.441900,0
1790505000000,124.0600,124.0700,123.9800,123.9900,10502.04,1790505059999,1302497.731600,1216,2695.21,334289.499000,0
1790505060000,123.9800,124.0200,123.9700,124.0100,6104.86,1790505119999,756959.972700,1006,3011.35,373386.643300,0
1790505120000,124.0000,124.0700,124.0000,124.0200,6117.99,1790505179999,758797.921000,938,3810.30,472561.175700,0
1790505180000,124.0100,124.0200,123.9700,124.0200,5078.76,1790505239999,629712.222800,736,2329.37,288823.286400,0
1790505240000,124.0200,124.0500,123.9700,124.0200,7738.75,1790505299999,959699.905700,1009,2860.79,354768.891400,0
1790505300000,124.0100,124.0400,124.0000,124.0300,6632.81,1790505359999,822605.362600,802,3495.94,433579.391600,0
1790505360000,124.0300,124.0400,123.9900,124.0000,5381.47,1790505419999,667343.054800,664,2277.50,282422.552700,0
1790505420000,124.0000,124.0300,123.9700,123.9900,4295.41,1790505479999,532588.674100,768,1156.08,143343.772400,0
1790505480000,123.9800,123.9900,123.9100,123.9400,7178.91,1790505539999,889795.289700,1168,1872.89,232122.165300,0
1790505540000,123.9400,123.9600,123.8900,123.9100,5397.32,1790505599999,668840.414200,919,2090.77,259107.674200,0
1790505600000,123.9200,123.9600,123.8500,123.8800,9287.30,1790505659999,1150656.462600,1158,2036.90,252337.327200,0
1790505660000,123.8800,123.9800,123.8700,123.9000,6195.51,1790505719999,767719.502400,1181,3546.10,439396.823000,0
1790505720000,123.9100,124.0000,123.8700,123.9100,18805.23,1790505779999,2330737.768500,1673,13053.43,1618023.503400,0
1790505780000,123.9000,123.9800,123.8900,123.9700,13068.45,1790505839999,1619675.993400,1448,3154.31,390945.764500,0
1790505840000,123.9600,123.9700,123.9200,123.9200,3196.20,1790505899999,396118.651400,513,978.22,121232.460800,0
1790505900000,123.9300,123.9900,123.9200,123.9700,6474.63,1790505959999,802579.356800,746,4062.35,503549.616900,0
1790505960000,123.9700,124.0100,123.9600,123.9700,9731.22,1790506019999,1206573.613900,1103,4189.02,519405.746600,0
1790506020000,123.9800,124.0300,123.9700,124.0200,5694.52,1790506079999,706176.664200,813,4145.07,514031.265900,0
1790506080000,124.0100,124.0200,124.0100,124.0200,2198.03,1790506139999,272592.299600,463,1459.93,181060.518600,0
1790506140000,124.0200,124.1300,124.0100,124.1000,14290.75,1790506199999,1773298.725500,1709,7405.36,918811.718800,0
1790506200000,124.1000,124.1400,123.9700,124.0100,14782.20,1790506259999,1833861.463600,1393,5706.63,707853.073700,0
1790506260000,124.0200,124.0200,123.9600,123.9800,3894.09,1790506319999,482769.510400,783,1412.33,175092.743800,0
1790506320000,123.9700,123.9800,123.8600,123.8600,3721.21,1790506379999,461062.633600,967,802.65,99440.495200,0
1790506380000,123.8600,123.9000,123.8200,123.8700,15180.87,1790506439999,1880229.883000,1481,9904.47,1226790.516200,0
1790506440000,123.8600,123.8800,123.8500,123.8500,3069.72,1790506499999,380210.952900,574,1772.88,219580.124600,0
1790506500000,123.8500,123.9000,123.8500,123.8600,8529.85,1790506559999,1056615.000500,930,4421.90,547749.288700,0
1790506560000,123.8500,123.9800,123.8100,123.9000,23654.70,1790506619999,2931420.396700,2323,14333.84,1776326.721600,0
1790506620000,123.9100,123.9100,123.8700,123.8800,3421.84,1790506679999,423918.202000,489,1308.23,162078.067900,0
1790506680000,123.8800,123.9500,123.8700,123.9100,7830.55,1790506739999,970252.857300,1170,3750.36,464655.994000,0
1790506740000,123.9200,123.9600,123.9100,123.9500,5429.44,1790506799999,672850.861500,770,2213.12,274267.659300,0
1790506800000,123.9600,123.9600,123.8700,123.8800,10962.43,1790506859999,1358424.029200,1354,5137.30,636573.421400,0
1790506860000,123.8800,123.9500,123.8700,123.9400,4132.68,1790506919999,512042.237800,764,2296.31,284518.263100,0
1790506920000,123.9400,123.9500,123.8800,123.8900,5465.14,1790506979999,677162.377300,1242,2327.43,288376.582500,0
1790506980000,123.8800,123.8900,123.7700,123.7700,9476.98,1790507039999,1173480.676100,1561,1452.32,179887.159200,0
1790507040000,123.7800,123.8500,123.7700,123.8400,7955.90,1790507099999,984971.139600,1316,4320.93,534955.002700,0
1790507100000,123.8400,123.9800,123.8300,123.9800,8885.81,1790507159999,1100963.086700,1235,5361.99,664447.499500,0
1790507160000,123.9700,123.9700,123.8700,123.9100,7022.61,1790507219999,870198.385200,1115,3238.11,401227.871900,0
1790507220000,123.9100,123.9100,123.8300,123.8400,9021.95,1790507279999,1117465.822300,1206,2821.53,349479.003100,0
1790507280000,123.8300,123.9200,123.8000,123.9100,6526.24,1790507339999,808219.296700,1068,4169.98,516444.112100,0
1790507340000,123.9100,124.0600,123.9100,124.0400,11449.73,1790507399999,1419768.405000,1510,8813.08,1092814.464300,0
1790507400000,124.0300,124.1800,124.0100,124.0500,16857.96,1790507459999,2091903.343200,2038,9333.89,1158206.558100,0
1790507460000,124.0500,124.0600,123.9900,124.0200,4578.11,1790507519999,567757.792500,754,2701.90,335075.436800,0
1790507520000,124.0200,124.0700,124.0000,124.0600,4489.00,1790507579999,556726.940700,688,3038.32,376815.891500,0
1790507580000,124.0600,124.0700,123.9100,123.9100,4311.87,1790507639999,534645.907800,1066,1059.88,131430.818900,0
1790507640000,123.9100,123.9200,123.9000,123.9000,4954.14,1790507699999,613847.710500,724,2772.90,343590.063400,0
1790507700000,123.9000,124.0200,123.9000,123.9700,14453.35,1790507759999,1791356.591800,1588,9387.09,1163428.448700,0
1790507760000,123.9800,123.9800,123.9200,123.9300,3895.10,1790507819999,482783.865800,808,1662.13,206003.707000,0
1790507820000,123.9300,123.9400,123.7900,123.7900,9079.76,1790507879999,1124413.754500,1388,420.10,52035.981600,0
1790507880000,123.8000,123.8800,123.7900,123.8400,5499.16,1790507939999,680969.209700,799,3243.90,401653.766900,0
1790507940000,123.8400,123.8400,123.7700,123.7700,8394.93,1790507999999,1039373.467100,961,1226.06,151806.573300,0
1790508000000,123.7700,123.8000,123.6400,123.7100,25883.15,1790508059999,3202123.702100,2217,5328.65,659297.174900,0
1790508060000,123.7000,123.8300,123.7000,123.7400,14856.82,1790508119999,1838604.099100,2183,6828.19,845067.618700,0
1790508120000,123.7500,123.8900,123.7400,123.8600,6026.97,1790508179999,746369.330800,1224,3146.08,389590.657800,0
1790508180000,123.8600,123.9000,123.8300,123.8800,8458.35,1790508239999,1047634.597800,1082,2803.91,347293.765400,0
1790508240000,123.8900,123.9500,123.8300,123.9500,9165.52,1790508299999,1135438.898600,1330,5331.74,660555.943300,0
1790508300000,123.9500,123.9500,123.9100,123.9100,3031.71,1790508359999,375723.750800,634,1568.96,194442.120800,0
1790508360000,123.9100,124.0800,123.9000,124.0700,8549.65,1790508419999,1059908.954700,1253,6144.60,761736.521100,0
1790508420000,124.0700,124.1700,124.0600,124.0600,12055.39,1790508479999,1496238.897600,1518,8180.72,1015443.881600,0
1790508480000,124.0600,124.0700,123.9500,123.9600,14614.81,1790508539999,1812112.683700,1470,6036.80,748433.424500,0
1790508540000,123.9500,123.9600,123.8900,123.8900,4415.60,1790508599999,547174.454900,740,2078.37,257551.175700,0
1790508600000,123.8900,123.9300,123.8700,123.8700,5782.11,1790508659999,716386.853700,870,2150.11,266387.960000,0
1790508660000,123.8700,123.9100,123.8700,123.8800,3659.01,1790508719999,453334.136300,551,2452.64,303869.227300,0
1790508720000,123.8800,123.9500,123.8600,123.8600,3978.11,1790508779999,492876.265200,913,1642.00,203443.371400,0
1790508780000,123.8600,123.8700,123.7600,123.7700,5605.82,1790508839999,693969.425800,1050,691.62,85623.911200,0
1790508840000,123.7600,123.7700,123.7200,123.7300,3256.98,1790508899999,403040.662500,575,1294.74,160227.036000,0
1790508900000,123.7300,123.8400,123.7200,123.7600,14456.84,1790508959999,1789400.860900,1486,11301.43,1398827.102300,0
1790508960000,123.7600,123.8100,123.7400,123.7500,6313.51,1790509019999,781469.723900,731,1830.89,226622.710600,0
1790509020000,123.7400,123.7600,123.7100,123.7600,4175.92,1790509079999,516696.618100,742,1969.17,243642.016000,0
1790509080000,123.7500,123.7600,123.6400,123.6500,16550.24,1790509139999,2046992.556000,1728,9450.23,1168866.719700,0
1790509140000,123.6400,123.6700,123.6100,123.6600,12843.80,1790509199999,1587861.451600,1226,3947.03,487965.850500,0
1790509200000,123.6600,123.7500,123.6500,123.7000,8921.85,1790509259999,1103666.680000,1405,4071.68,503672.189100,0
1790509260000,123.7000,123.7800,123.7000,123.7500,4660.89,1790509319999,576704.940400,625,2924.71,361888.464100,0
1790509320000,123.7500,123.7800,123.7500,123.7700,3361.31,1790509379999,416021.161900,429,1932.75,239213.449400,0
1790509380000,123.7700,123.7700,123.7600,123.7700,1936.86,1790509439999,239717.714900,271,1192.13,147549.930100,0
1790509440000,123.7700,123.8500,123.7600,123.8500,6522.65,1790509499999,807460.053000,805,5688.84,704262.953800,0
1790509500000,123.8500,123.8500,123.7700,123.7700,7250.41,1790509559999,897736.708400,741,1497.97,185435.064200,0
1790509560000,123.7800,123.8000,123.7400,123.8000,5897.02,1790509619999,729795.045200,856,2868.23,354968.915200,0
1790509620000,123.7900,123.8000,123.7200,123.7300,4565.49,1790509679999,564943.119000,863,1383.62,171200.461200,0
1790509680000,123.7200,123.7300,123.6800,123.6900,6018.44,1790509739999,744464.322100,875,1300.71,160897.374100,0
1790509740000,123.6800,123.6800,123.6300,123.6300,4360.24,1790509799999,539164.914800,850,327.07,40445.564200,0
1790509800000,123.6300,123.7400,123.6200,123.7400,14212.53,1790509859999,1757927.341700,1424,8226.80,1017422.268600,0
1790509860000,123.7300,123.7700,123.7300,123.7500,4189.39,1790509919999,518458.946800,549,1607.49,198929.810100,0
1790509920000,123.7500,123.8400,123.7500,123.8400,9037.09,1790509979999,1118883.666600,931,3494.23,432606.289800,0
1790509980000,123.8300,123.8600,123.8300,123.8500,4113.87,1790510039999,509491.674400,495,2014.83,249534.741000,0
1790510040000,123.8500,123.9100,123.8500,123.9000,5931.09,1790510099999,734814.995100,750,3914.82,485004.799100,0
1790510100000,123.9000,123.9300,123.8800,123.9300,2991.20,1790510159999,370642.154700,455,1971.59,244315.162400,0
1790510160000,123.9200,124.1100,123.9200,124.0000,36314.33,1790510219999,4502885.034000,2393,27020.18,3350572.506800,0
1790510220000,124.0100,124.0100,123.9600,124.0000,7615.17,1790510279999,944200.417200,906,4337.13,537760.805600,0
1790510280000,124.0000,124.0000,123.8300,123.8600,16328.73,1790510339999,2023359.793900,1769,4563.89,565417.036200,0
1790510340000,123.8500,123.9000,123.8400,123.8600,4188.27,1790510399999,518789.712500,734,2819.47,349232.802900,0
1790510400000,123.8700,123.9500,123.8600,123.9100,4293.93,1790510459999,532080.922100,938,2380.71,294985.953300,0
1790510460000,123.9100,124.0200,123.9100,123.9900,4998.93,1790510519999,619720.660100,1014,2955.80,366416.459800,0
1790510520000,123.9900,124.3800,123.9900,124.2400,81624.66,1790510579999,10137874.659900,6350,65674.47,8156681.749900,0
1790510580000,124.2300,124.2600,124.1000,124.1100,9157.90,1790510639999,1137307.683200,1399,2068.65,256905.774600,0
1790510640000,124.1000,124.1200,124.0900,124.0900,7531.82,1790510699999,934775.470000,596,4429.03,549683.605900,0
1790510700000,124.1000,124.1500,123.9800,124.1500,20899.91,1790510759999,2592694.177400,1937,5364.47,665605.770700,0
1790510760000,124.1500,124.2000,124.0900,124.1800,6110.68,1790510819999,758661.739700,1242,2796.55,347207.344800,0
1790510820000,124.1800,124.2200,124.1100,124.1100,5180.40,1790510879999,643267.265500,1087,3081.81,382720.483900,0
1790510880000,124.1100,124.1700,124.1100,124.1200,4084.88,1790510939999,507063.356000,712,2501.17,310476.544800,0
1790510940000,124.1300,124.2100,124.1100,124.1900,11073.66,1790510999999,1374967.333700,1061,8554.17,1062119.063700,0
1790511000000,124.2000,124.2000,124.1500,124.1500,5749.39,1790511059999,713967.695400,673,2363.17,293473.242000,0
1790511060000,124.1600,124.1800,124.1400,124.1500,4314.54,1790511119999,535691.879800,782,1590.36,197455.177300,0
1790511120000,124.1400,124.2000,124.1200,124.1800,5654.38,1790511179999,702002.745500,1044,2984.87,370570.112000,0
1790511180000,124.1800,124.2200,124.1500,124.1500,12250.23,1790511239999,1521326.520700,1148,5774.16,717050.058500,0
1790511240000,124.1500,124.1800,124.0900,124.1700,8303.43,1790511299999,1030573.566300,1096,3728.91,462800.858200,0
1790511300000,124.1700,124.1800,124.1300,124.1700,11629.46,1790511359999,1443884.785700,808,6946.18,862409.635100,0
1790511360000,124.1700,124.2000,124.1200,124.1300,10888.30,1790511419999,1351943.101300,895,6835.54,848749.796100,0
1790511420000,124.1300,124.1900,124.1200,124.1200,4025.58,1790511479999,499777.963800,742,1775.73,220467.113400,0
1790511480000,124.1200,124.1300,124.0500,124.0700,10055.31,1790511539999,1247698.165400,1106,4350.45,539808.911200,0
1790511540000,124.0700,124.0800,124.0600,124.0700,1926.84,1790511599999,239056.577400,417,748.26,92836.954000,0
1790511600000,124.0700,124.0700,123.9800,123.9800,6970.77,1790511659999,864563.707200,1064,681.97,84588.817400,0
1790511660000,123.9700,124.0300,123.9600,123.9700,4472.52,1790511719999,554593.593500,874,1582.71,196250.406200,0
1790511720000,123.9600,123.9900,123.9600,123.9600,3345.93,1790511779999,414790.672800,701,568.66,70497.963600,0
1790511780000,123.9600,124.0000,123.9400,123.9400,4807.44,1790511839999,596014.318100,836,585.83,72632.279300,0
1790511840000,123.9400,124.0000,123.9100,123.9900,4696.94,1790511899999,582186.372700,965,1284.61,159221.068300,0
1790511900000,124.0000,124.0000,123.8900,123.9100,6845.40,1790511959999,848400.236800,1027,2009.13,248987.271500,0
1790511960000,123.9100,123.9600,123.8800,123.8800,8212.27,1790512019999,1017722.717000,1021,1505.91,186608.603500,0
1790512020000,123.8800,123.9000,123.8400,123.8900,3875.92,1790512079999,480078.864700,782,1044.18,129336.697900,0
1790512080000,123.8900,123.9000,123.8900,123.9000,1301.22,1790512139999,161217.954900,311,980.91,121534.749000,0
1790512140000,123.8900,123.9400,123.8900,123.9100,5145.83,1790512199999,637710.426800,593,1533.06,189975.937000,0
1790512200000,123.9200,123.9200,123.8400,123.8500,5748.94,1790512259999,712197.198500,775,1541.80,191029.351900,0
1790512260000,123.8400,123.9300,123.8400,123.9200,5006.26,1790512319999,620249.949500,1062,1820.98,225585.804700,0
1790512320000,123.9200,123.9900,123.9200,123.9800,3620.19,1790512379999,448728.111300,641,1990.09,246662.941700,0
1790512380000,123.9700,124.0200,123.9700,124.0200,2124.74,1790512439999,263461.597700,524,1667.74,206796.829500,0
1790512440000,124.0100,124.0400,124.0100,124.0300,2194.27,1790512499999,272135.853400,400,1968.30,244113.208700,0
1790512500000,124.0300,124.0800,124.0300,124.0700,1188.42,1790512559999,147445.891100,457,1018.53,126367.973900,0
1790512560000,124.0800,124.1600,124.0800,124.1600,5373.24,1790512619999,666960.350700,702,5020.84,623218.882700,0
1790512620000,124.1600,124.1600,124.0700,124.0800,6191.08,1790512679999,768500.460700,836,1266.66,157191.830200,0
1790512680000,124.0800,124.0800,124.0500,124.0700,3668.07,1790512739999,455070.705400,505,1650.53,204765.589700,0
1790512740000,124.0600,124.0900,124.0600,124.0700,3470.54,1790512799999,430609.318400,430,1651.77,204945.895700,0
1790512800000,124.0800,124.1100,124.0600,124.0700,2515.34,1790512859999,312097.405400,568,1700.10,210944.532700,0
1790512860000,124.0700,124.1500,124.0700,124.0800,4219.94,1790512919999,523745.820600,818,2750.65,341401.681900,0
1790512920000,124.0700,124.1200,124.0600,124.0700,2935.16,1790512979999,364183.623600,657,1043.47,129471.920500,0
1790512980000,124.0700,124.1100,124.0500,124.0500,2861.22,1790513039999,354990.220500,768,1590.93,197385.836400,0
1790513040000,124.0500,124.0500,123.9500,123.9800,6503.45,1790513099999,806373.828700,1040,1026.49,127274.372100,0
1790513100000,123.9800,124.0200,123.9400,124.0000,5962.02,1790513159999,739206.555300,1024,2282.70,283005.002200,0
1790513160000,124.0000,124.0500,123.9300,123.9400,4299.84,1790513219999,533135.526500,929,2569.35,318547.078400,0
1790513220000,123.9300,123.9400,123.9000,123.9100,3851.45,1790513279999,477269.238100,645,730.12,90476.558100,0
1790513280000,123.9100,123.9200,123.8800,123.9200,2307.37,1790513339999,285878.028000,625,1338.24,165799.608200,0
1790513340000,123.9200,123.9200,123.8600,123.8600,4756.42,1790513399999,589225.440900,525,1397.25,173080.019500,0
1790513400000,123.8600,123.9000,123.8600,123.8900,4963.83,1790513459999,614902.669800,654,3263.08,404222.348300,0
1790513460000,123.9000,123.9000,123.8500,123.8500,2594.94,1790513519999,321434.468500,577,1013.78,125579.569000,0
1790513520000,123.8500,123.8600,123.8200,123.8200,4530.94,1790513579999,561115.345000,727,403.25,49944.265300,0
1790513580000,123.8200,123.8600,123.7800,123.8200,10125.08,1790513639999,1253661.202100,1246,4840.50,599359.837800,0
1790513640000,123.8200,123.8600,123.7700,123.7800,5692.12,1790513699999,704833.544300,1005,3184.74,394386.269100,0
1790513700000,123.7800,123.7800,123.7400,123.7500,9953.96,1790513759999,1231813.057400,762,3804.35,470809.880600,0
1790513760000,123.7600,123.7600,123.5600,123.5900,16697.29,1790513819999,2064432.207300,2311,2406.80,297587.563200,0
1790513820000,123.5900,123.6400,123.5900,123.6100,9975.38,1790513879999,1233065.680800,1059,3034.34,375078.537200,0
1790513880000,123.6100,123.6200,123.4000,123.4400,26234.08,1790513939999,3239635.029600,3171,7315.72,903417.251700,0
1790513940000,123.4500,123.4500,123.2800,123.2900,28091.70,1790513999999,3465173.139700,2935,10073.88,1242730.137100,0
1790514000000,123.2900,123.2900,122.7900,122.8000,155982.75,1790514059999,19184926.422500,10458,51878.03,6380042.742600,0
1790514060000,122.8100,122.9700,122.4800,122.9500,114742.14,1790514119999,14077385.894700,10097,50955.55,6253003.257500,0
1790514120000,122.9500,123.3000,122.7700,123.1600,63093.18,1790514179999,7765419.460900,7224,43318.28,5332228.993300,0
1790514180000,123.1600,123.2400,122.9100,122.9200,25411.56,1790514239999,3128510.583600,3694,12719.67,1566377.395700,0
1790514240000,122.9100,123.0900,122.8100,123.0000,42580.65,1790514299999,5234372.422400,4061,28289.55,3477607.882100,0
1790514300000,123.0000,123.0300,122.9100,122.9800,28125.07,1790514359999,3458771.425100,2919,18263.11,2245914.058900,0
1790514360000,122.9800,123.0900,122.8000,123.0800,29188.68,1790514419999,3589878.344100,3749,13624.26,1675592.365600,0
1790514420000,123.0900,123.2000,123.0600,123.1300,28095.20,1790514479999,3459349.723700,2406,14690.40,1808956.882400,0
1790514480000,123.1200,123.2100,123.0700,123.0700,14192.88,1790514539999,1747787.611400,1955,6173.05,760172.053500,0
1790514540000,123.0700,123.1400,123.0300,123.0600,14171.73,1790514599999,1744176.921300,1946,9833.75,1210241.585700,0
1790514600000,123.0600,123.0800,122.9700,122.9800,12764.10,1790514659999,1570268.453600,1939,7412.15,911867.391600,0
1790514660000,122.9900,123.0500,122.9300,122.9500,12273.11,1790514719999,1509553.738000,1820,6592.25,810802.561300,0
1790514720000,122.9500,122.9700,122.7500,122.7900,28300.83,1790514779999,3475990.862800,3574,9249.69,1136091.265400,0
1790514780000,122.7900,122.9300,122.7300,122.8800,15138.32,1790514839999,1859426.256900,1989,10744.39,1319727.790700,0
1790514840000,122.8900,122.9400,122.5600,122.6400,55547.05,1790514899999,6814697.818300,4304,18042.40,2213440.606500,0
1790514900000,122.6400,122.7000,122.2800,122.3900,101878.65,1790514959999,12474623.552500,8436,40111.16,4911631.753600,0
1790514960000,122.4000,122.5800,122.3500,122.5700,42212.87,1790515019999,5169119.200300,3459,29778.92,3646419.803300,0
1790515020000,122.5700,122.6200,122.5100,122.6000,14944.08,1790515079999,1831577.104700,1479,11413.59,1398868.176600,0
1790515080000,122.6100,122.6100,122.4800,122.6100,21417.67,1790515139999,2624793.944400,1811,14668.18,1797615.261700,0
1790515140000,122.6100,122.6600,122.5800,122.6300,18047.52,1790515199999,2212986.746100,1447,11032.67,1352839.850400,0
1790515200000,122.6300,122.6500,122.5400,122.6500,11549.04,1790515259999,1415703.000100,1329,8074.01,989729.709200,0
1790515260000,122.6500,122.7200,122.5900,122.7200,12169.13,1790515319999,1492437.641800,2037,7392.29,906636.778000,0
1790515320000,122.7200,122.8400,122.7200,122.7500,46283.87,1790515379999,5682633.629100,3049,30734.97,3773635.138700,0
1790515380000,122.7500,122.8500,122.7400,122.7800,18630.93,1790515439999,2287840.145200,1572,13926.25,1710157.745100,0
1790515440000,122.7800,122.7800,122.7400,122.7800,11471.26,1790515499999,1408171.960400,1041,5795.61,711449.377500,0
1790515500000,122.7800,122.8300,122.7600,122.7700,9430.21,1790515559999,1157868.536100,1208,4557.06,559523.176600,0
1790515560000,122.7600,122.8800,122.7400,122.8500,26895.02,1790515619999,3302837.767400,1656,20528.15,2521018.926700,0
1790515620000,122.8500,122.9200,122.8400,122.8500,14516.99,1790515679999,1783857.194800,1314,5241.16,644047.423700,0
1790515680000,122.8600,123.0000,122.8200,122.9300,20043.70,1790515739999,2464023.912900,2182,15112.24,1857826.138400,0
1790515740000,122.9300,123.0500,122.9200,123.0100,16141.25,1790515799999,1985480.620800,1582,12730.03,1565879.878200,0
1790515800000,123.0000,123.2800,123.0000,123.2400,40986.48,1790515859999,5046199.987700,3845,25269.06,3111434.718200,0
1790515860000,123.2400,123.3900,123.1800,123.3900,18200.37,1790515919999,2243578.198200,2708,10292.36,1268755.746000,0
1790515920000,123.3900,123.5800,123.3300,123.4800,60720.23,1790515979999,7497355.208700,4950,35642.68,4400981.704500,0
1790515980000,123.4700,123.5700,123.3700,123.5600,23526.95,1790516039999,2904676.635700,3387,12525.07,1546272.776000,0
1790516040000,123.5600,123.6400,123.2300,123.2800,37101.86,1790516099999,4580337.333000,4682,18843.51,2326611.738800,0
1790516100000,123.2800,123.3000,123.1600,123.2000,31313.59,1790516159999,3858737.990100,3082,9907.24,1220942.493300,0
1790516160000,123.2000,123.3000,123.0600,123.0900,22603.22,1790516219999,2783004.581500,3607,13005.77,1601134.542300,0
1790516220000,123.0800,123.1000,122.9600,123.0100,18551.66,1790516279999,2282262.712100,3210,10135.57,1246888.222700,0
1790516280000,123.0100,123.1700,122.8600,122.8600,15089.14,1790516339999,1855882.445200,3164,4317.35,531206.393900,0
1790516340000,122.8700,122.9700,122.8400,122.8800,18736.25,1790516399999,2302693.550600,2606,7830.66,962208.073100,0
1790516400000,122.8900,122.9300,122.8300,122.8800,9026.99,1790516459999,1109267.837200,1942,4392.84,539788.504800,0
1790516460000,122.8800,122.9500,122.7900,122.9100,9670.10,1790516519999,1188119.899500,2162,4754.64,584228.099500,0
1790516520000,122.9100,122.9600,122.9000,122.9300,8114.80,1790516579999,997592.440100,1256,5441.73,668965.749400,0
1790516580000,122.9300,123.0200,122.8900,122.9000,7970.84,1790516639999,980128.301200,1753,4645.85,571301.168300,0
1790516640000,122.8900,122.9000,122.7100,122.7700,19033.16,1790516699999,2336598.396400,2733,6380.52,783319.901700,0
1790516700000,122.7700,122.8800,122.6000,122.8700,34770.39,1790516759999,4265960.681100,4553,11320.07,1389105.826600,0
1790516760000,122.8700,122.9600,122.7100,122.7200,32007.78,1790516819999,3932148.147400,3419,17066.61,2096878.198100,0
1790516820000,122.7200,122.8400,122.7100,122.8300,8034.35,1790516879999,986442.260000,1751,4907.61,602571.178900,0
1790516880000,122.8300,122.9900,122.8200,122.9800,29299.81,1790516939999,3602290.333700,2823,22334.27,2745970.390700,0
1790516940000,122.9800,122.9800,122.8900,122.9500,4295.32,1790516999999,528023.716400,1192,2825.18,347289.782700,0
1790517000000,122.9400,123.0000,122.8800,122.9000,8357.77,1790517059999,1027528.524100,1951,4808.05,591095.453800,0
1790517060000,122.9100,122.9100,122.8100,122.8200,5598.55,1790517119999,687872.186800,1341,1927.71,236843.339200,0
1790517120000,122.8100,122.8500,122.7800,122.8400,7057.89,1790517179999,866868.654400,1411,4912.18,603327.212200,0
1790517180000,122.8400,122.8400,122.7800,122.8200,4890.86,1790517239999,600650.713000,1199,2800.70,343947.712300,0
1790517240000,122.8200,122.8700,122.8000,122.8100,9082.69,1790517299999,1115694.640400,1336,5165.90,634566.605200,0
1790517300000,122.8100,122.8500,122.8000,122.8100,4811.63,1790517359999,590982.587100,956,3240.21,397976.667300,0
1790517360000,122.8200,122.9000,122.8100,122.8900,6113.59,1790517419999,751039.905400,1013,3876.77,476258.554500,0
1790517420000,122.8900,123.0000,122.8800,122.9200,17085.63,1790517479999,2100706.340700,1626,14093.57,1732844.312700,0
1790517480000,122.9200,123.0500,122.9200,123.0200,21552.38,1790517539999,2650462.585600,1762,16932.79,2082361.680700,0
1790517540000,123.0100,123.1200,123.0100,123.1100,15068.70,1790517599999,1854839.710900,1679,10590.78,1303636.358000,0
1790517600000,123.1200,123.1500,123.1100,123.1400,8514.23,1790517659999,1048380.136800,1056,6764.51,832938.477400,0
1790517660000,123.1400,123.1500,122.8700,122.8700,12348.42,1790517719999,1519357.956000,1887,3262.44,401637.720800,0
1790517720000,122.8700,123.0100,122.8200,123.0000,18694.53,1790517779999,2297170.894200,2241,11481.33,1410920.213000,0
1790517780000,123.0000,123.0300,122.8600,122.8700,7698.82,1790517839999,946623.142200,1357,3020.78,371405.680600,0
1790517840000,122.8700,122.9000,122.7900,122.8400,5652.17,1790517899999,694371.848700,1278,3086.44,379173.600300,0
1790517900000,122.8400,122.9700,122.8100,122.9600,10762.01,1790517959999,1322506.363700,1586,8810.49,1082742.969900,0
1790517960000,122.9700,123.0700,122.9500,122.9500,10748.62,1790518019999,1321985.706300,1493,5826.87,716746.053600,0
1790518020000,122.9600,123.0400,122.9500,123.0400,3130.83,1790518079999,385081.572300,698,2776.90,341543.043000,0
1790518080000,123.0400,123.1200,123.0100,123.0400,6349.21,1790518139999,781346.697500,1286,4801.33,590849.921900,0
1790518140000,123.0500,123.1400,123.0400,123.1400,3020.16,1790518199999,371704.965900,754,2736.35,336776.898600,0
1790518200000,123.1400,123.1500,122.9600,122.9600,13829.78,1790518259999,1702318.191100,1782,3574.18,440045.281600,0
1790518260000,122.9600,123.0100,122.8900,122.9300,7541.14,1790518319999,927029.344000,1460,4232.18,520219.538800,0
1790518320000,122.9200,122.9500,122.9000,122.9300,3865.75,1790518379999,475170.012300,642,1618.42,198952.447400,0
1790518380000,122.9300,122.9700,122.9100,122.9100,4481.85,1790518439999,551024.521200,845,2491.52,306340.494500,0
1790518440000,122.9200,122.9600,122.9000,122.9500,2557.55,1790518499999,314369.127000,529,2347.14,288507.335800,0
1790518500000,122.9500,123.0400,122.9300,122.9400,6403.33,1790518559999,787529.037100,1025,2486.41,305752.984800,0
1790518560000,122.9500,123.0300,122.9400,123.0300,3683.73,1790518619999,453006.659100,913,2178.52,267907.127100,0
1790518620000,123.0300,123.0500,122.9400,122.9600,6346.58,1790518679999,780552.934700,1039,1460.06,179553.060800,0
1790518680000,122.9600,123.0300,122.9200,122.9200,9086.17,1790518739999,1117330.816100,1269,3321.40,408396.908600,0
1790518740000,122.9200,122.9200,122.7200,122.7200,11771.02,1790518799999,1445970.831400,1563,307.06,37712.490600,0
1790518800000,122.7300,122.7300,122.5100,122.5100,31675.80,1790518859999,3883326.152000,3308,8593.53,1053232.693800,0
1790518860000,122.5200,122.5600,122.4400,122.5400,23727.77,1790518919999,2906768.217800,2570,7120.65,872368.824600,0
1790518920000,122.5400,122.6700,122.5400,122.6000,15796.53,1790518979999,1936766.423700,2030,7824.35,959248.163600,0
1790518980000,122.6100,122.6100,122.4100,122.4200,13721.92,1790519039999,1681117.202200,1978,3219.86,394442.313700,0
1790519040000,122.4100,122.5400,122.4000,122.4100,19237.86,1790519099999,2355852.266500,2533,7642.48,935913.250300,0
1790519100000,122.4100,122.5300,122.3400,122.4800,30440.95,1790519159999,3726503.730400,3125,12247.55,1499410.251400,0
1790519160000,122.4800,122.5500,122.1400,122.2600,49480.20,1790519219999,6052651.817100,4556,9122.50,1116051.843200,0
1790519220000,122.2600,122.2700,121.5300,121.9500,233311.03,1790519279999,28442733.003500,13939,49213.33,6002383.125800,0
1790519280000,121.9500,122.0900,121.8900,121.9000,38547.82,1790519339999,4701763.817200,3699,18732.17,2284911.202200,0
1790519340000,121.9000,122.0000,121.7300,121.9100,68023.88,1790519399999,8288544.384600,6106,38358.97,4674274.217100,0
1790519400000,121.9200,122.0200,121.8100,121.8900,30641.35,1790519459999,3735535.167600,4582,17766.13,2165916.383300,0
1790519460000,121.8900,122.1000,121.8600,122.0300,29497.12,1790519519999,3599513.406000,2718,20672.30,2522768.872100,0
1790519520000,122.0300,122.1300,122.0200,122.0300,24383.20,1790519579999,2976651.313300,2575,14065.83,1717092.336800,0
1790519580000,122.0300,122.1200,121.8500,122.0200,24778.37,1790519639999,3022868.487100,3325,11550.81,1409115.302300,0
1790519640000,122.0100,122.0500,121.9200,121.9200,12423.57,1790519699999,1515421.470800,1771,5283.37,644474.802100,0
1790519700000,121.9300,121.9800,121.6600,121.8600,28567.84,1790519759999,3479155.130300,4005,9914.20,1207598.610100,0
1790519760000,121.8600,121.9600,121.8100,121.8500,18717.75,1790519819999,2281496.000400,2623,9532.33,1161946.197700,0
1790519820000,121.8600,121.8600,121.6500,121.6600,18925.09,1790519879999,2304124.944000,3004,7271.86,885433.904000,0
1790519880000,121.6500,121.8100,121.6000,121.6300,35535.39,1790519939999,4323703.935600,4717,12457.54,1515778.951400,0
1790519940000,121.6400,121.8000,121.6300,121.7200,16159.07,1790519999999,1967065.662300,2575,9538.21,1161017.169800,0
1790520000000,121.7300,121.7300,121.6000,121.6100,27950.22,1790520059999,3400437.773300,2434,8710.38,1059849.968300,0
1790520060000,121.6000,121.6900,121.3500,121.6600,106745.94,1790520119999,12972615.426300,8192,33504.91,4072644.816800,0
1790520120000,121.6700,121.7700,121.6200,121.7200,14352.30,1790520179999,1746839.470000,1943,9650.18,1174540.421900,0
1790520180000,121.7200,121.8900,121.7100,121.7800,26145.81,1790520239999,3185236.247400,2615,21105.36,2571210.937600,0
1790520240000,121.7800,121.8600,121.7500,121.8300,14841.77,1790520299999,1807910.411400,1627,8962.56,1091771.357500,0
1790520300000,121.8300,121.8600,121.7300,121.8200,14712.31,1790520359999,1791911.633000,1864,9584.54,1167356.919500,0
1790520360000,121.8200,121.8900,121.6700,121.7400,15890.32,1790520419999,1935176.827000,3092,7901.76,962281.803400,0
1790520420000,121.7400,121.7900,121.6200,121.6300,15036.23,1790520479999,1829867.958800,2403,8305.32,1010756.049800,0
1790520480000,121.6200,121.6800,121.3100,121.6400,64349.14,1790520539999,7817890.556500,7543,27502.85,3341308.201500,0
1790520540000,121.6400,121.8200,121.5700,121.7800,35431.26,1790520599999,4310330.626500,5064,17899.52,2177768.225600,0
1790520600000,121.7900,121.8700,121.7800,121.8100,17018.63,1790520659999,2073324.496800,2572,9035.33,1100745.033700,0
1790520660000,121.8200,121.9000,121.6300,121.6800,23491.03,1790520719999,2860630.510400,3511,10951.40,1333750.433800,0
1790520720000,121.6800,121.8500,121.6700,121.7500,12555.51,1790520779999,1528662.479000,2550,7519.87,915527.240300,0
1790520780000,121.7500,121.7600,121.6600,121.7300,8342.90,1790520839999,1015464.085400,1743,3730.44,454059.309200,0
1790520840000,121.7400,121.7600,121.6600,121.7600,7304.14,1790520899999,889007.851100,1161,5469.04,665681.538000,0
1790520900000,121.7600,121.7600,121.6500,121.6600,8017.53,1790520959999,975947.815900,1241,3952.92,481200.506800,0
1790520960000,121.6500,121.7200,121.6000,121.6500,11070.35,1790521019999,1346658.961800,1510,7480.00,909866.752400,0
1790521020000,121.6500,121.7900,121.6500,121.7200,19780.49,1790521079999,2407681.227900,2387,13869.43,1688117.843300,0
1790521080000,121.7100,121.7400,121.6300,121.6400,9505.36,1790521139999,1156685.360400,1673,5182.75,630690.189800,0
1790521140000,121.6500,121.6700,121.5900,121.6200,12750.57,1790521199999,1550848.941900,1618,6625.16,805813.460900,0
1790521200000,121.6300,121.7300,121.5400,121.5800,15720.65,1790521259999,1912147.232100,2549,6975.87,848527.394000,0
1790521260000,121.5800,121.5900,121.2300,121.3700,39728.85,1790521319999,4823555.948000,4709,11187.95,1358703.128000,0
1790521320000,121.3700,121.6700,121.3200,121.6500,26997.08,1790521379999,3280098.917700,4263,15107.46,1835587.798800,0
1790521380000,121.6500,121.7100,121.4300,121.5500,23180.48,1790521439999,2818475.454000,3669,9237.47,1123087.787700,0
1790521440000,121.5400,121.5600,121.3000,121.3100,22636.65,1790521499999,2748540.783900,3769,10409.19,1263778.015100,0
1790521500000,121.3200,121.4500,121.1800,121.4000,57591.69,1790521559999,6987194.612700,5961,22460.38,2725333.221600,0
1790521560000,121.4100,121.6200,121.3600,121.6100,44289.76,1790521619999,5380286.797100,4251,24564.45,2984203.939200,0
1790521620000,121.6100,121.6500,121.4900,121.5800,15962.15,1790521679999,1940472.703200,2843,10304.26,1252719.646600,0
1790521680000,121.5700,121.5800,121.5300,121.5700,13969.33,1790521739999,1697975.314200,1546,10702.36,1300855.316400,0
1790521740000,121.5700,121.6600,121.5600,121.6300,11271.08,1790521799999,1370716.940600,1719,7281.26,885478.578600,0
1790521800000,121.6200,121.6500,121.5700,121.6000,8013.24,1790521859999,974443.645100,1137,5336.64,648945.039200,0
1790521860000,121.6000,121.6100,121.4600,121.4800,12338.57,1790521919999,1499364.217400,1489,6331.50,769349.051100,0
1790521920000,121.4700,121.4900,121.3400,121.4700,17307.78,1790521979999,2101809.431100,2305,8061.96,979088.953100,0
1790521980000,121.4600,121.4700,121.2900,121.3600,20984.49,1790522039999,2546770.424000,2176,5718.52,694184.485100,0
1790522040000,121.3600,121.4600,121.3600,121.4500,4758.84,1790522099999,577764.889100,1137,2897.67,351797.376800,0
1790522100000,121.4500,121.5000,121.3900,121.4900,6773.84,1790522159999,822706.054000,1369,4904.43,595666.931500,0
1790522160000,121.4900,121.8400,121.4900,121.7700,54557.08,1790522219999,6641097.385400,4748,45913.67,5588988.397200,0
1790522220000,121.7800,121.8000,121.6000,121.6000,33732.46,1790522279999,4106317.327600,2763,11951.91,1454821.768900,0
1790522280000,121.6000,121.7000,121.6000,121.6000,9044.09,1790522339999,1100075.257500,1427,4439.41,539974.450300,0
1790522340000,121.6000,121.6500,121.6000,121.6300,8370.63,1790522399999,1018018.312900,1094,5414.00,658440.483000,0
1790522400000,121.6400,121.6900,121.5500,121.5500,10949.72,1790522459999,1331646.892900,1482,4746.45,577207.453500,0
1790522460000,121.5500,121.6900,121.5200,121.6600,16287.79,1790522519999,1980367.899600,2083,10837.59,1317701.525500,0
1790522520000,121.6600,121.7100,121.6200,121.7000,9893.50,1790522579999,1203748.936100,1324,6582.33,800870.592300,0
1790522580000,121.7100,121.7800,121.6800,121.7500,8930.16,1790522639999,1087004.315200,1367,6521.45,793798.812300,0
1790522640000,121.7400,121.7500,121.6000,121.6600,15672.75,1790522699999,1906834.666600,1390,5855.34,712395.030600,0
1790522700000,121.6500,121.6900,121.6100,121.6100,7201.14,1790522759999,876042.557400,1249,4751.89,578081.744600,0
1790522760000,121.6100,121.6300,121.5000,121.5100,11884.94,1790522819999,1444773.546000,1480,7162.15,870660.448500,0
1790522820000,121.5100,121.6700,121.4100,121.6300,26536.06,1790522879999,3224639.864400,3162,17807.24,2164252.294000,0
1790522880000,121.6400,121.7100,121.6200,121.6800,9080.79,1790522939999,1104795.682600,1279,3966.89,482613.612000,0
1790522940000,121.6700,121.7700,121.6700,121.7400,5917.94,1790522999999,720402.866900,1154,3927.70,478106.786700,0
1790523000000,121.7500,121.7500,121.6000,121.7500,16007.88,1790523059999,1947869.679800,2190,4554.97,554319.360800,0
1790523060000,121.7500,121.8300,121.5000,121.5100,20766.05,1790523119999,2527294.294700,3642,8235.06,1002377.704200,0
1790523120000,121.5100,121.6900,121.5000,121.6900,9936.50,1790523179999,1208014.492700,1965,6253.28,760204.092400,0
1790523180000,121.6900,121.7100,121.5500,121.6200,7130.24,1790523239999,867268.814500,1947,2725.73,331542.097000,0
1790523240000,121.6200,121.6900,121.5200,121.5300,12366.04,1790523299999,1503850.027400,2222,5952.08,723807.058800,0
1790523300000,121.5300,121.5700,121.4900,121.5000,4780.68,1790523359999,581000.564400,1302,2264.56,275214.138300,0
1790523360000,121.5000,121.6400,121.4900,121.6000,12023.68,1790523419999,1461965.308800,2198,8840.66,1074913.781700,0
1790523420000,121.5900,121.6600,121.5000,121.5300,7803.70,1790523479999,948867.721600,1910,3565.39,433543.824300,0
1790523480000,121.5300,121.5800,121.5000,121.5700,4063.23,1790523539999,493813.359900,1461,2699.78,328115.060600,0
1790523540000,121.5700,121.5700,121.4800,121.5000,6732.81,1790523599999,818126.204200,1418,2419.38,293988.683300,0
1790523600000,121.5000,121.6100,121.4800,121.5900,7259.31,1790523659999,882425.921200,1509,4917.25,597776.970800,0
1790523660000,121.5900,121.6400,121.5400,121.5500,4847.12,1790523719999,589316.408300,1532,2574.74,313023.741900,0
1790523720000,121.5500,121.6200,121.5200,121.5600,4136.62,1790523779999,502893.143600,1608,2900.08,352566.605700,0
1790523780000,121.5600,121.5900,121.5300,121.5400,3372.86,1790523839999,409995.469700,1353,1245.55,151399.480900,0
1790523840000,121.5300,121.6000,121.4200,121.4400,12476.78,1790523899999,1515896.322700,2228,4456.65,541548.389000,0
1790523900000,121.4400,121.5700,121.4400,121.5300,6315.60,1790523959999,767391.908400,1613,4553.53,553248.759800,0
1790523960000,121.5300,121.6400,121.5200,121.6400,3822.73,1790524019999,464772.244200,1489,3059.79,372025.613500,0
1790524020000,121.6400,121.7000,121.6200,121.6400,8184.68,1790524079999,995740.984800,1676,5296.21,644363.219100,0
1790524080000,121.6400,121.7000,121.6300,121.6800,4405.23,1790524139999,535955.559100,1229,3076.71,374320.010500,0
1790524140000,121.6800,121.6800,121.6300,121.6400,1864.29,1790524199999,226822.377100,939,1045.85,127253.169400,0
1790524200000,121.6400,121.7000,121.6300,121.6600,5884.27,1790524259999,715858.464500,1216,4019.26,488942.026700,0
1790524260000,121.6500,121.7200,121.6300,121.6300,9534.35,1790524319999,1160133.531200,1878,6224.30,757379.310400,0
1790524320000,121.6300,121.6900,121.5800,121.6200,10020.62,1790524379999,1218652.863200,1963,4248.08,516617.317700,0
1790524380000,121.6200,121.7000,121.5700,121.5800,8002.15,1790524439999,973315.561800,1891,5028.31,611583.668000,0
1790524440000,121.5800,121.6600,121.5400,121.6600,5934.31,1790524499999,721527.199400,1779,3427.85,416769.507600,0
1790524500000,121.6600,121.7000,121.6300,121.6700,6424.24,1790524559999,781567.065300,1675,3296.29,401019.220000,0
1790524560000,121.6700,121.7200,121.6600,121.6700,4970.23,1790524619999,604841.802000,970,3221.34,392010.703900,0
1790524620000,121.6800,121.7600,121.6300,121.7400,8915.77,1790524679999,1084985.714900,1687,6660.33,810531.422800,0
1790524680000,121.7400,121.8200,121.7400,121.7700,6521.99,1790524739999,794253.095700,1028,4200.37,511518.156200,0
1790524740000,121.7600,121.7900,121.6300,121.6800,13302.16,1790524799999,1618775.151000,1583,5851.97,712180.890400,0
1790524800000,121.6800,121.8000,121.6500,121.7900,15467.40,1790524859999,1882725.862800,1896,9293.92,1131346.405300,0
1790524860000,121.8000,121.8300,121.7700,121.7900,6893.98,1790524919999,839625.139500,1140,4880.63,594417.101600,0
1790524920000,121.7800,121.7900,121.6500,121.6800,9254.89,1790524979999,1126385.115900,1399,3262.15,396984.457000,0
1790524980000,121.6800,121.7900,121.6700,121.7800,5078.67,1790525039999,618243.912700,1205,3067.82,373409.889700,0
1790525040000,121.7900,121.9300,121.7800,121.9300,12189.51,1790525099999,1485579.089200,2293,9021.27,1099472.413000,0
1790525100000,121.9300,121.9700,121.9000,121.9100,16451.87,1790525159999,2006002.703400,1696,10843.89,1322244.645800,0
1790525160000,121.9100,122.0700,121.8300,122.0400,39161.93,1790525219999,4776852.405100,3432,26994.79,3292869.231400,0
1790525220000,122.0300,122.1400,122.0300,122.0400,24334.89,1790525279999,2970811.801100,2970,18698.19,2282706.351600,0
1790525280000,122.0300,122.1400,122.0200,122.1000,15189.04,1790525339999,1854473.398000,1630,12109.37,1478454.404900,0
1790525340000,122.1000,122.1600,122.0800,122.1400,12558.35,1790525399999,1533619.977800,1593,9065.84,1107123.478100,0
1790525400000,122.1400,122.1400,121.9600,121.9600,29060.67,1790525459999,3546635.785500,2869,5749.94,701704.535300,0
1790525460000,121.9600,121.9900,121.9400,121.9400,6688.09,1790525519999,815648.727500,925,3591.51,438018.373500,0
1790525520000,121.9500,121.9700,121.9300,121.9500,6096.86,1790525579999,743502.821500,889,2780.16,339049.404900,0
1790525580000,121.9500,121.9800,121.9300,121.9700,10370.22,1790525639999,1264694.159900,1097,4969.80,606087.137800,0
1790525640000,121.9700,122.0500,121.9600,122.0400,3770.67,1790525699999,460002.176700,826,3049.10,371986.164400,0
1790525700000,122.0400,122.0400,121.9800,122.0400,10649.55,1790525759999,1299391.111000,1031,4551.38,555284.729500,0
1790525760000,122.0300,122.0400,121.9500,121.9700,5719.77,1790525819999,697831.692300,981,1887.35,230239.182800,0
1790525820000,121.9600,121.9800,121.8600,121.9100,8038.34,1790525879999,979950.347900,1346,3534.10,430793.781000,0
1790525880000,121.9100,122.0700,121.8900,122.0700,6728.21,1790525939999,820814.670100,1205,4712.38,574875.349500,0
1790525940000,122.0700,122.1600,122.0600,122.1100,5363.24,1790525999999,654923.772700,1237,3247.44,396548.816300,0
1790526000000,122.1100,122.1900,122.0600,122.1900,7751.19,1790526059999,946602.782500,1511,5492.51,670773.215100,0
1790526060000,122.1900,122.2900,122.1300,122.1700,30837.26,1790526119999,3768517.777100,2834,14738.37,1801212.337500,0
1790526120000,122.1700,122.2300,122.0900,122.1100,7592.85,1790526179999,927534.546000,1665,2704.24,330305.711700,0
1790526180000,122.1200,122.1200,121.9900,122.0500,11230.11,1790526239999,1370715.713500,1549,2598.75,317131.074000,0
1790526240000,122.0500,122.0700,122.0100,122.0100,6549.02,1790526299999,799255.448500,886,4226.05,515756.141700,0
1790526300000,122.0100,122.0600,121.9800,121.9900,6576.53,1790526359999,802444.810000,1154,3183.09,388397.500200,0
1790526360000,122.0000,122.0000,121.9300,121.9300,2243.55,1790526419999,273660.831100,722,965.44,117773.668200,0
1790526420000,121.9400,121.9500,121.8700,121.9100,14965.46,1790526479999,1824401.029100,1577,3429.92,418142.973400,0
1790526480000,121.9100,121.9600,121.8800,121.9000,5693.62,1790526539999,694210.354200,1003,2181.55,265983.826300,0
1790526540000,121.9000,121.9300,121.8700,121.8700,4119.70,1790526599999,502180.068700,968,2317.72,282521.621400,0
1790526600000,121.8800,121.8800,121.7300,121.7400,12529.53,1790526659999,1526045.567700,2118,3111.39,378943.175000,0
1790526660000,121.7400,121.8900,121.6700,121.8200,18827.40,1790526719999,2292829.163000,2949,12251.97,1492160.305500,0
1790526720000,121.8100,121.9400,121.7700,121.9300,7565.95,1790526779999,921727.576000,1857,5347.38,651427.293600,0
1790526780000,121.9300,121.9600,121.8000,121.8100,7196.59,1790526839999,877206.862500,1900,2068.42,252133.473000,0
1790526840000,121.8000,121.8900,121.8000,121.8700,3870.65,1790526899999,471653.469700,1578,2372.18,289052.729900,0
1790526900000,121.8600,121.9200,121.6800,121.7100,18658.91,1790526959999,2272350.124500,3087,5996.68,730048.034400,0
1790526960000,121.7100,121.7900,121.6400,121.7800,16228.11,1790527019999,1974669.314900,2241,5804.38,706275.854200,0
1790527020000,121.7900,121.9500,121.7800,121.8500,8111.71,1790527079999,988720.336700,1982,4270.23,520521.348200,0
1790527080000,121.8500,121.9800,121.8300,121.8600,7057.32,1790527139999,860312.859100,2062,3564.65,434531.684200,0
1790527140000,121.8600,121.9300,121.8500,121.9200,3391.16,1790527199999,413366.545100,1161,2002.26,244063.874800,0
1790527200000,121.9200,121.9200,121.8200,121.8800,4054.23,1790527259999,493994.784400,1326,1881.57,229273.425400,0
1790527260000,121.8800,121.9100,121.8000,121.8500,3173.66,1790527319999,386706.433500,1502,1036.74,126327.248600,0
1790527320000,121.8400,121.8500,121.7700,121.7800,3777.15,1790527379999,460077.182100,1161,1333.91,162470.747800,0
1790527380000,121.7800,121.8200,121.6900,121.7500,7930.36,1790527439999,965507.898800,1984,3481.42,423820.443400,0
1790527440000,121.7500,121.7800,121.7400,121.7800,4909.94,1790527499999,597875.648400,1238,2662.99,324268.721500,0
1790527500000,121.7800,121.9200,121.7700,121.8700,4352.22,1790527559999,530356.612400,1660,2730.53,332701.570300,0
1790527560000,121.8700,121.9200,121.8200,121.9000,7027.20,1790527619999,856484.034800,1798,3261.08,397412.240500,0
1790527620000,121.9000,121.9500,121.8800,121.8900,4357.73,1790527679999,531288.103500,1362,2577.66,314248.902700,0
1790527680000,121.8800,121.9100,121.8400,121.8500,7770.98,1790527739999,947107.551400,1420,1742.84,212407.987700,0
1790527740000,121.8400,121.9000,121.8200,121.8900,8266.48,1790527799999,1007320.398200,1836,3180.48,387535.513000,0
1790527800000,121.8900,121.8900,121.7300,121.7400,5022.36,1790527859999,611774.656200,1526,646.88,78819.239200,0
1790527860000,121.7400,121.8200,121.7000,121.7400,12056.10,1790527919999,1467889.777500,1990,9191.18,1119063.041900,0
1790527920000,121.7400,121.8600,121.7300,121.8300,4477.46,1790527979999,545398.902900,1515,2904.84,353817.785000,0
1790527980000,121.8200,121.8300,121.7400,121.7500,4413.15,1790528039999,537471.519000,1236,3176.89,386899.828700,0
1790528040000,121.7600,121.7900,121.6800,121.6800,4446.99,1790528099999,541309.826500,1292,2591.93,315478.964400,0
1790528100000,121.6900,121.7200,121.6600,121.6600,5341.01,1790528159999,649944.943100,1227,1831.55,222868.383200,0
1790528160000,121.6600,121.7600,121.6300,121.6900,13254.59,1790528219999,1612983.897600,1489,5913.68,719810.801700,0
1790528220000,121.6900,121.7600,121.6700,121.7500,3400.85,1790528279999,413954.505200,682,2857.45,347827.646200,0
1790528280000,121.7500,121.8000,121.7500,121.7900,4378.41,1790528339999,533211.548100,742,2796.52,340563.116000,0
1790528340000,121.7900,121.8100,121.7300,121.7700,3322.17,1790528399999,404511.760200,807,969.89,118091.796700,0
1790528400000,121.7700,121.7900,121.7300,121.7900,3474.09,1790528459999,422997.859800,593,2030.40,247222.036800,0
1790528460000,121.7900,121.8600,121.7500,121.7500,4582.73,1790528519999,558232.056600,1095,2414.63,294124.350500,0
1790528520000,121.7600,121.9500,121.7500,121.9500,9159.18,1790528579999,1115805.874700,1648,7991.53,973553.844100,0
1790528580000,121.9500,121.9700,121.9200,121.9500,4678.95,1790528639999,570568.604500,815,2104.81,256667.020400,0
1790528640000,121.9400,121.9700,121.8900,121.9400,17563.03,1790528699999,2141562.982900,1446,12960.72,1580352.020200,0
1790528700000,121.9400,121.9500,121.8600,121.9000,4502.02,1790528759999,548861.536100,897,1499.97,182859.761100,0
1790528760000,121.9000,121.9400,121.7600,121.7600,12418.52,1790528819999,1513544.993700,1851,2299.29,280280.204300,0
1790528820000,121.7600,121.8400,121.6600,121.8300,10443.44,1790528879999,1271207.770800,1885,5124.54,623777.430700,0
1790528880000,121.8300,121.8500,121.7800,121.8100,4408.48,1790528939999,537009.022400,795,1998.81,243471.288800,0
1790528940000,121.8000,121.8200,121.7700,121.8000,3287.70,1790528999999,400407.735100,624,1734.39,211230.827500,0
1790529000000,121.7900,121.9200,121.7900,121.8600,3556.76,1790529059999,433478.647600,1030,1483.19,180724.414200,0
1790529060000,121.8500,121.8800,121.8000,121.8100,4039.15,1790529119999,492166.105100,850,1597.01,194592.535600,0
1790529120000,121.8000,121.9000,121.8000,121.9000,1700.76,1790529179999,207203.710800,577,1407.61,171494.430500,0
1790529180000,121.9000,121.9300,121.8700,121.9200,4695.88,1790529239999,572423.800400,894,2249.33,274181.671000,0
1790529240000,121.9300,121.9600,121.9200,121.9300,1749.09,1790529299999,213290.864100,428,1000.08,121952.432000,0
1790529300000,121.9400,122.0200,121.9300,122.0100,8490.44,1790529359999,1035643.802400,1064,5912.13,721152.151200,0
1790529360000,122.0100,122.0500,122.0000,122.0300,3384.56,1790529419999,413017.192200,735,2464.35,300723.395300,0
1790529420000,122.0300,122.0500,122.0000,122.0300,3273.33,1790529479999,399436.665300,536,1418.84,173131.862600,0
1790529480000,122.0300,122.0500,122.0000,122.0300,7441.81,1790529539999,908092.974100,650,2540.08,309954.707200,0
1790529540000,122.0300,122.0400,121.9500,121.9800,3146.96,1790529599999,383891.447500,906,1323.07,161387.807100,0
1790529600000,121.9800,122.0400,121.9800,122.0000,3811.51,1790529659999,465066.003600,643,2950.59,360022.344400,0
1790529660000,122.0000,122.0300,121.9800,121.9800,2135.73,1790529719999,260559.113300,481,524.41,63979.087000,0
1790529720000,121.9800,122.0100,121.9800,122.0000,2486.10,1790529779999,303281.326900,485,2232.82,272384.600800,0
1790529780000,122.0100,122.0100,121.9700,121.9700,1555.68,1790529839999,189793.061000,399,957.21,116784.287000,0
1790529840000,121.9700,122.0100,121.9300,122.0100,6100.09,1790529899999,743972.670800,1076,2307.02,281380.123900,0
1790529900000,122.0100,122.0100,121.9600,121.9900,1272.39,1790529959999,155220.050500,402,255.87,31213.431900,0
1790529960000,121.9900,122.0000,121.9300,121.9600,2082.81,1790530019999,254007.800200,480,760.63,92754.990000,0
1790530020000,121.9600,121.9600,121.8600,121.8700,4945.23,1790530079999,602818.419700,831,2307.67,281285.135500,0
1790530080000,121.8700,121.8700,121.8300,121.8300,3196.00,1790530139999,389445.126300,414,1303.39,158821.157800,0
1790530140000,121.8200,121.8300,121.8200,121.8200,1310.31,1790530199999,159623.530600,201,156.64,19083.451200,0
1790530200000,121.8200,121.8500,121.8000,121.8500,5464.63,1790530259999,665680.558100,747,2778.48,338468.878900,0
1790530260000,121.8500,121.9600,121.7800,121.9500,12467.32,1790530319999,1519255.725800,2033,9356.80,1140196.848600,0
1790530320000,121.9500,121.9500,121.8400,121.8500,2996.75,1790530379999,365270.388600,1251,471.98,57522.638800,0
1790530380000,121.8400,121.8700,121.8200,121.8300,3180.38,1790530439999,387524.965100,1095,1353.77,164951.793100,0
1790530440000,121.8300,121.9500,121.8200,121.9500,2916.40,1790530499999,355455.313300,1272,2842.73,346477.686700,0
1790530500000,121.9500,121.9500,121.9400,121.9500,1356.74,1790530559999,165450.779100,775,990.35,120773.182500,0
1790530560000,121.9500,122.0900,121.8800,121.9000,15043.11,1790530619999,1835082.992400,2501,6170.50,752850.057400,0
1790530620000,121.9000,121.9500,121.8800,121.8800,2615.92,1790530679999,318942.986300,1124,927.55,113082.822800,0
1790530680000,121.8900,121.8900,121.8200,121.8800,3964.97,1790530739999,483135.323700,1374,1848.54,225226.703100,0
1790530740000,121.8800,121.8900,121.8700,121.8800,1038.35,1790530799999,126556.597200,885,471.21,57433.593900,0
1790530800000,121.8800,121.9300,121.8600,121.9100,4585.38,1790530859999,558958.705400,1322,3169.18,386316.212600,0
1790530860000,121.9100,121.9300,121.8800,121.8900,1935.02,1790530919999,235904.644400,967,541.19,65982.914700,0
1790530920000,121.8900,121.8900,121.8700,121.8800,873.68,1790530979999,106482.188200,685,140.28,17098.415000,0
1790530980000,121.8800,121.9600,121.8700,121.8900,5352.38,1790531039999,652551.999800,1418,4115.18,501708.876400,0
1790531040000,121.8900,121.9300,121.8800,121.9300,2777.48,1790531099999,338596.734900,931,2305.44,281050.808000,0
1790531100000,121.9300,122.0200,121.9200,122.0200,3437.27,1790531159999,419232.731000,1176,2588.88,315757.130700,0
1790531160000,122.0200,122.0300,122.0100,122.0300,1012.84,1790531219999,123593.334900,947,768.59,93790.198100,0
1790531220000,122.0200,122.0500,121.9700,121.9800,14268.00,1790531279999,1740864.805100,1628,3413.00,416482.707300,0
1790531280000,121.9800,122.0300,121.9700,122.0200,4122.86,1790531339999,502988.310600,1123,2701.11,329529.290800,0
1790531340000,122.0200,122.0800,122.0100,122.0800,2660.72,1790531399999,324759.928600,1236,2022.54,246867.125900,0
1790531400000,122.0800,122.1200,122.0500,122.0600,6565.93,1790531459999,801627.683800,1458,3089.63,377216.626900,0
1790531460000,122.0600,122.0900,122.0200,122.0300,5058.77,1790531519999,617474.915900,1288,783.02,95575.005900,0
1790531520000,122.0200,122.0700,122.0200,122.0600,3386.09,1790531579999,413272.641700,1251,2215.53,270404.037100,0
1790531580000,122.0500,122.0600,122.0500,122.0600,570.24,1790531639999,69601.726200,819,393.42,48020.845200,0
1790531640000,122.0600,122.0600,122.0200,122.0300,1044.66,1790531699999,127486.106400,836,253.34,30915.832600,0
1790531700000,122.0200,122.0600,122.0100,122.0100,4124.32,1790531759999,503309.902100,1226,1993.32,243247.670400,0
1790531760000,122.0200,122.0300,121.9900,121.9900,2206.48,1790531819999,269217.702100,444,559.21,68235.553400,0
1790531820000,121.9900,122.0400,121.9900,122.0300,2225.39,1790531879999,271541.677400,544,1860.78,227052.436800,0
1790531880000,122.0300,122.0600,122.0300,122.0400,3073.13,1790531939999,375058.617100,457,2034.79,248335.576100,0
1790531940000,122.0500,122.0500,122.0000,122.0000,1218.03,1790531999999,148628.028400,309,259.05,31610.055300,0
1790532000000,122.0000,122.0000,121.9700,121.9700,4729.00,1790532059999,576842.975400,574,1065.38,129955.164600,0
1790532060000,121.9700,121.9800,121.9300,121.9300,5425.59,1790532119999,661645.071300,697,1412.29,172222.489500,0
1790532120000,121.9300,121.9500,121.9100,121.9100,3874.81,1790532179999,472462.870300,657,1420.73,173239.231000,0
1790532180000,121.9200,121.9300,121.8700,121.8700,2180.87,1790532239999,265859.771700,708,702.45,85641.894200,0
1790532240000,121.8700,121.9000,121.8700,121.8900,3154.37,1790532299999,384451.014400,491,2093.47,255154.939900,0
1790532300000,121.8900,121.9900,121.8900,121.9300,3229.85,1790532359999,393872.760800,1023,1675.65,204319.937900,0
1790532360000,121.9300,121.9900,121.9300,121.9600,1979.21,1790532419999,241399.376000,564,1270.22,154924.580000,0
1790532420000,121.9500,121.9800,121.9200,121.9800,1533.63,1790532479999,187020.845400,721,883.05,107685.367900,0
1790532480000,121.9800,121.9800,121.9700,121.9700,365.06,1790532539999,44528.114500,240,174.63,21301.367400,0
1790532540000,121.9700,122.0400,121.9500,122.0400,2521.13,1790532599999,307550.921200,782,1626.42,198419.653700,0
1790532600000,122.0300,122.1300,122.0100,122.1100,5825.83,1790532659999,711217.430900,1002,3749.75,457823.198100,0
1790532660000,122.1200,122.2500,122.1100,122.1900,18661.01,1790532719999,2280066.839200,1859,14009.53,1711704.558900,0
1790532720000,122.1900,122.2300,122.1600,122.1700,4936.56,1790532779999,603210.736800,821,2706.69,330723.474000,0
1790532780000,122.1700,122.3000,122.1700,122.2900,9760.27,1790532839999,1193273.483800,1167,6929.58,847154.327500,0
1790532840000,122.3000,122.4200,122.2900,122.3000,41642.15,1790532899999,5094183.794100,2213,36209.63,4429603.538900,0
1790532900000,122.3000,122.4900,122.3000,122.4400,22179.00,1790532959999,2714632.115300,2453,15800.33,1933800.301300,0
1790532960000,122.4500,122.6100,122.4400,122.5800,28470.16,1790533019999,3488134.059200,2727,18596.14,2278429.424800,0
1790533020000,122.5800,122.7200,122.5700,122.7100,22374.52,1790533079999,2744114.614500,2638,13130.38,1610267.319100,0
1790533080000,122.7100,122.7700,122.6800,122.7000,15845.20,1790533139999,1944618.825400,1540,10012.86,1228858.197800,0
1790533140000,122.6900,122.7500,122.6500,122.6500,16306.44,1790533199999,2000985.768700,1259,8529.42,1046615.411100,0
1790533200000,122.6500,122.7100,122.5900,122.6800,14755.03,1790533259999,1809656.663700,1777,5442.02,667444.638100,0
1790533260000,122.6800,122.7800,122.6800,122.7700,10545.88,1790533319999,1294282.552600,1430,5873.59,720854.615900,0
1790533320000,122.7600,122.7900,122.7000,122.7800,14497.49,1790533379999,1779707.855500,1033,7029.54,862997.764800,0
1790533380000,122.7900,122.8800,122.6200,122.6700,35240.08,1790533439999,4326709.444700,3058,11377.04,1396876.322500,0
1790533440000,122.6700,122.6800,122.5900,122.6300,10268.36,1790533499999,1259135.712700,1230,4427.46,542875.354300,0
1790533500000,122.6400,122.6800,122.6100,122.6500,11211.26,1790533559999,1374944.237400,789,3738.21,458475.558300,0
1790533560000,122.6500,122.6900,122.6200,122.6600,6078.19,1790533619999,745552.128400,820,1580.04,193803.875900,0
1790533620000,122.6500,122.7300,122.6300,122.7000,7235.99,1790533679999,887738.175900,1153,4394.24,539090.584600,0
1790533680000,122.7100,122.8000,122.6700,122.7700,8782.39,1790533739999,1078028.132100,1137,4902.66,601782.986900,0
1790533740000,122.7700,122.9000,122.7700,122.8700,20124.75,1790533799999,2472623.583500,1687,14711.08,1807480.767100,0
1790533800000,122.8700,122.8800,122.7600,122.7600,13758.67,1790533859999,1689974.175300,1677,5679.40,697621.924200,0
1790533860000,122.7500,122.8400,122.7200,122.7600,12752.50,1790533919999,1565514.139600,1903,4425.52,543274.200400,0
1790533920000,122.7600,122.8300,122.7300,122.7700,5781.16,1790533979999,709808.703100,1577,2564.82,314887.484200,0
1790533980000,122.7700,122.8200,122.7500,122.8200,4659.83,1790534039999,572220.492500,1334,1766.84,216954.384900,0
1790534040000,122.8200,122.8200,122.7400,122.7500,3078.66,1790534099999,378003.165500,969,894.41,109810.283200,0
1790534100000,122.7500,122.8200,122.7400,122.8200,2447.73,1790534159999,300473.240000,1058,984.12,120818.084900,0
1790534160000,122.8200,122.8400,122.7600,122.8300,5651.31,1790534219999,694044.007000,1307,2943.40,361468.500200,0
1790534220000,122.8300,122.8300,122.7300,122.7800,6259.03,1790534279999,768441.273300,1412,2499.95,306892.083200,0
1790534280000,122.7800,122.8200,122.7200,122.7300,3607.62,1790534339999,442945.968700,1145,1358.87,166829.327000,0
1790534340000,122.7300,122.7800,122.7200,122.7800,2458.68,1790534399999,301809.024100,852,1159.17,142293.394800,0
1790534400000,122.7800,122.8200,122.7700,122.8200,2393.40,1790534459999,293883.295200,1005,648.18,79591.517500,0
1790534460000,122.8200,122.8200,122.7800,122.8100,3130.85,1790534519999,384482.282300,781,1188.92,146000.588700,0
1790534520000,122.8200,122.9300,122.8100,122.9300,6218.94,1790534579999,764232.517900,1433,5168.50,635162.849800,0
1790534580000,122.9300,122.9400,122.8700,122.9400,7894.00,1790534639999,970289.503900,1384,4248.76,522234.537500,0
1790534640000,122.9400,122.9800,122.9100,122.9500,14127.62,1790534699999,1736992.956100,1815,11741.22,1443617.337400,0
1790534700000,122.9500,122.9600,122.9200,122.9300,4425.79,1790534759999,544106.299300,872,809.13,99478.210600,0
1790534760000,122.9300,123.0800,122.9200,123.0500,22093.31,1790534819999,2717828.628200,2719,16545.43,2035233.223800,0
1790534820000,123.0400,123.2200,123.0100,123.0700,28141.66,1790534879999,3465060.670800,3298,21089.44,2596645.315100,0
1790534880000,123.0700,123.1700,123.0600,123.1400,10123.01,1790534939999,1246280.921500,1643,6380.92,785564.161800,0
1790534940000,123.1300,123.1400,123.0200,123.0900,5682.29,1790534999999,699329.933200,1467,2213.87,272437.484200,0
1790535000000,123.0800,123.2100,123.0800,123.2000,5845.65,1790535059999,719890.158100,1535,3282.05,404177.172100,0
1790535060000,123.2100,123.2100,122.9800,123.0600,20970.59,1790535119999,2581212.277700,2555,4400.83,541604.235500,0
1790535120000,123.0500,123.0900,122.9700,123.0300,14945.12,1790535179999,1838804.897200,2049,7319.56,900580.710500,0
1790535180000,123.0300,123.0500,123.0000,123.0300,5300.40,1790535239999,652082.232000,1057,2886.26,355071.074700,0
1790535240000,123.0300,123.0800,123.0200,123.0600,4283.91,1790535299999,527202.918200,1026,1767.69,217538.745800,0
1790535300000,123.0600,123.0600,123.0000,123.0000,2808.60,1790535359999,345568.898300,824,785.18,96620.743100,0
1790535360000,123.0000,123.1100,123.0000,123.1000,4216.62,1790535419999,518871.060900,730,3734.87,459597.541600,0
1790535420000,123.1100,123.1500,123.0800,123.1500,6680.16,1790535479999,822366.350800,912,3979.60,489917.672900,0
1790535480000,123.1400,123.2500,123.1400,123.1900,7053.51,1790535539999,869079.174400,1248,4177.17,514664.073200,0
1790535540000,123.1900,123.2300,123.1800,123.2200,6879.01,1790535599999,847506.193100,847,4164.22,513025.980800,0
1790535600000,123.2200,123.2700,122.9900,123.0300,18148.12,1790535659999,2234181.011100,2325,4658.44,573521.176600,0
1790535660000,123.0300,123.1000,123.0100,123.0100,5113.64,1790535719999,629278.632100,1264,1527.77,188011.893400,0
1790535720000,123.0100,123.0200,122.8000,122.8400,32655.70,1790535779999,4013388.378900,3056,4018.97,493813.045100,0
1790535780000,122.8300,122.8700,122.8300,122.8600,8285.44,1790535839999,1017846.940500,1003,2369.82,291125.552400,0
1790535840000,122.8700,122.8800,122.8600,122.8800,3454.83,1790535899999,424504.054100,539,1472.39,180922.492200,0
1790535900000,122.8800,122.8800,122.8700,122.8700,2963.62,1790535959999,364158.638200,587,1864.88,229156.454400,0
1790535960000,122.8700,122.9200,122.8700,122.9200,3218.92,1790536019999,395611.709800,635,2178.64,267758.564100,0
1790536020000,122.9100,122.9200,122.9000,122.9100,5954.18,1790536079999,731832.643900,563,1402.05,172333.127300,0
1790536080000,122.9100,122.9200,122.9000,122.9100,2391.17,1790536139999,293902.933900,347,1102.32,135490.920700,0
1790536140000,122.9100,123.0000,122.9100,123.0000,6329.35,1790536199999,778287.052700,916,3148.78,387186.263600,0
1790536200000,122.9900,123.1600,122.9900,123.1100,35490.51,1790536259999,4368817.746800,2377,30444.58,3747706.386600,0
1790536260000,123.1000,123.1500,123.0800,123.0900,6461.86,1790536319999,795599.868500,881,2448.98,301509.955000,0
1790536320000,123.0800,123.0900,123.0500,123.0900,3297.33,1790536379999,405791.252200,573,2061.56,253704.739300,0
1790536380000,123.0800,123.1000,123.0600,123.1000,2489.87,1790536439999,306459.047600,405,1826.87,224857.354000,0
1790536440000,123.1000,123.1900,123.1000,123.1100,15241.95,1790536499999,1876697.539800,1250,11153.65,1373208.554800,0
1790536500000,123.1000,123.1800,123.1000,123.1700,3269.09,1790536559999,402535.563600,425,2706.66,333281.139300,0
1790536560000,123.1800,123.2200,123.1700,123.2200,6589.26,1790536619999,811847.353200,794,4380.22,539680.341800,0
1790536620000,123.2300,123.3200,123.1500,123.1500,17682.49,1790536679999,2179816.063200,1963,8418.42,1037837.887900,0
1790536680000,123.1500,123.3200,123.1500,123.3100,10927.13,1790536739999,1346634.090400,1171,8893.34,1095970.194200,0
1790536740000,123.3100,123.3700,123.3100,123.3200,7082.53,1790536799999,873573.778800,1087,2814.49,347128.944500,0
1790536800000,123.3100,123.3400,123.2100,123.2600,5892.55,1790536859999,726443.999300,1017,2529.66,311860.789500,0
1790536860000,123.2600,123.2600,123.1400,123.1400,6001.85,1790536919999,739448.571800,1002,564.11,69523.642400,0
1790536920000,123.1400,123.1600,123.1200,123.1200,5760.61,1790536979999,709363.046500,731,1493.01,183860.374000,0
1790536980000,123.1300,123.1300,123.0700,123.0700,6339.76,1790537039999,780425.230100,956,652.93,80366.653400,0
1790537040000,123.0600,123.1500,123.0600,123.1500,2628.41,1790537099999,323546.806400,489,1431.71,176233.493800,0
1790537100000,123.1500,123.1500,123.0700,123.0700,6576.77,1790537159999,809743.943100,867,517.39,63700.271000,0
1790537160000,123.0700,123.0700,122.9700,123.0100,9286.39,1790537219999,1142258.166000,1262,1150.53,141515.588200,0
1790537220000,123.0000,123.0000,122.9100,122.9600,10166.61,1790537279999,1249848.515700,1205,2259.28,277733.933300,0
1790537280000,122.9600,122.9700,122.8600,122.8900,10792.90,1790537339999,1326466.743900,1136,1048.32,128832.205300,0
1790537340000,122.9000,123.0000,122.8900,123.0000,3334.87,1790537399999,410009.188400,681,2345.21,288325.847100,0
1790537400000,123.0000,123.0100,122.9100,122.9200,9040.55,1790537459999,1111784.947800,1260,3155.93,388108.790700,0
1790537460000,122.9200,122.9800,122.9100,122.9800,4891.52,1790537519999,601358.414600,1257,2800.71,344305.248500,0
1790537520000,122.9800,123.0000,122.8800,122.9000,11985.13,1790537579999,1473310.470300,1909,2231.39,274326.653300,0
1790537580000,122.9000,122.9200,122.7900,122.9200,17020.14,1790537639999,2090704.270800,2370,5371.02,659768.949300,0
1790537640000,122.9100,122.9800,122.8700,122.8800,6051.30,1790537699999,743950.428800,1489,661.07,81265.470600,0
1790537700000,122.8700,122.8900,122.8500,122.8900,3963.20,1790537759999,486949.402100,1112,1792.81,220288.565300,0
1790537760000,122.8900,122.9100,122.8800,122.9100,1650.91,1790537819999,202894.143600,821,1125.84,138367.385900,0
1790537820000,122.9100,123.0600,122.8800,123.0100,18870.79,1790537879999,2320514.687900,2623,13161.52,1618423.209300,0
1790537880000,123.0000,123.1600,123.0000,123.1300,13559.43,1790537939999,1669175.422800,1868,12185.01,1500042.136700,0
1790537940000,123.1200,123.1600,123.0600,123.1600,10273.67,1790537999999,1264761.302800,1825,7940.36,977502.780500,0
1790538000000,123.1600,123.1900,123.0600,123.0700,6985.16,1790538059999,860143.121200,1528,4089.25,503556.582800,0
1790538060000,123.0700,123.1600,123.0600,123.1600,5726.56,1790538119999,704913.931000,1252,4430.83,545407.336500,0
1790538120000,123.1600,123.1600,123.0500,123.0600,5006.61,1790538179999,616292.830100,1325,1260.11,155084.737900,0
1790538180000,123.0600,123.1100,123.0400,123.0600,4788.37,1790538239999,589337.345200,1249,2175.80,267769.203200,0
1790538240000,123.0600,123.0600,123.0200,123.0600,1425.80,1790538299999,175439.310700,1056,346.95,42690.218400,0
1790538300000,123.0500,123.1300,123.0500,123.1200,7774.00,1790538359999,956942.134300,1273,4842.30,596078.422700,0
1790538360000,123.1200,123.2600,123.1100,123.2600,10549.38,1790538419999,1299774.361300,1914,8336.53,1027077.257000,0
1790538420000,123.2500,123.2800,123.1700,123.1800,7370.71,1790538479999,908361.055900,1615,3489.87,430097.045700,0
1790538480000,123.1800,123.2500,123.1700,123.1700,6953.65,1790538539999,856743.353600,1560,3723.00,458692.283000,0
1790538540000,123.1700,123.2000,123.1200,123.2000,5410.41,1790538599999,666361.520500,1500,3387.82,417238.669900,0
1790538600000,123.2000,123.2200,123.1700,123.1800,2605.09,1790538659999,320939.583200,1102,836.38,103037.140100,0
1790538660000,123.1800,123.1800,123.1300,123.1300,2656.79,1790538719999,327186.862600,949,368.53,45382.804200,0
1790538720000,123.1400,123.1500,123.1000,123.1100,2886.35,1790538779999,355406.024600,1235,859.57,105848.893500,0
1790538780000,123.1100,123.1100,123.0400,123.1000,5884.14,1790538839999,724176.291200,1404,2257.82,277850.581200,0
1790538840000,123.1000,123.1600,123.0900,123.1200,3911.49,1790538899999,481610.813800,1238,1331.63,163950.123200,0
1790538900000,123.1200,123.1400,123.1000,123.1400,2665.06,1790538959999,328105.136400,787,1859.92,228983.617000,0
1790538960000,123.1300,123.2200,123.1300,123.1400,6865.00,1790539019999,845566.289800,957,4054.63,499419.241600,0
1790539020000,123.1400,123.1500,123.0600,123.0600,5013.42,1790539079999,617214.486000,840,1085.30,133622.790800,0
1790539080000,123.0600,123.0700,122.9900,123.0200,5318.49,1790539139999,654307.725400,738,1580.33,194392.735400,0
1790539140000,123.0100,123.0200,122.9600,122.9600,2325.44,1790539199999,286030.047800,470,261.67,32190.465700,0
1790539200000,122.9600,123.0000,122.9400,122.9700,8193.12,1790539259999,1007553.729000,855,2997.11,368552.834500,0
1790539260000,122.9600,122.9900,122.9600,122.9600,2054.43,1790539319999,252638.030700,566,746.33,91780.663600,0
1790539320000,122.9600,122.9900,122.9400,122.9500,3839.11,1790539379999,472098.677600,858,1317.03,161959.063500,0
1790539380000,122.9400,123.0200,122.9400,122.9900,6391.88,1790539439999,786120.856400,883,3518.64,432697.007300,0
1790539440000,122.9900,123.0400,122.9900,123.0300,4286.99,1790539499999,527314.575900,825,2076.23,255394.387200,0
1790539500000,123.0300,123.0400,122.9000,122.9300,4913.26,1790539559999,604143.015100,1281,1422.18,174814.050200,0
1790539560000,122.9200,122.9400,122.8800,122.9000,4306.15,1790539619999,529254.803800,918,1792.21,220274.742000,0
1790539620000,122.9100,122.9100,122.8800,122.8900,1849.10,1790539679999,227228.224800,568,112.22,13790.719800,0
1790539680000,122.8800,123.0200,122.8800,123.0000,9943.37,1790539739999,1222683.778000,1223,6381.32,784545.657100,0
1790539740000,122.9900,123.0800,122.9900,123.0700,2364.62,1790539799999,290940.839900,665,2075.69,255387.764600,0
1790539800000,123.0700,123.1100,123.0700,123.0800,4924.50,1790539859999,606180.734500,684,2173.14,267493.385900,0
1790539860000,123.0800,123.1900,123.0800,123.1900,7919.45,1790539919999,975296.966100,1061,5573.08,686320.486600,0
1790539920000,123.1800,123.2700,123.1800,123.2600,18523.83,1790539979999,2282859.636400,1542,12557.38,1547494.177700,0
1790539980000,123.2500,123.3500,123.2500,123.3500,24217.68,1790540039999,2986118.032300,2319,17831.61,2198675.657300,0
1790540040000,123.3500,123.3900,123.3100,123.3200,10840.85,1790540099999,1337186.106000,1401,4606.55,568227.814100,0
1790540100000,123.3200,123.3400,123.3200,123.3200,3945.90,1790540159999,486648.118400,544,1877.63,231572.163600,0
1790540160000,123.3200,123.3300,123.2300,123.2300,5618.72,1790540219999,692731.168800,1397,1132.25,139578.073600,0
1790540220000,123.2300,123.3800,123.2300,123.2800,14443.24,1790540279999,1780977.940200,1789,8913.62,1099035.078900,0
1790540280000,123.2900,123.3400,123.2000,123.2500,10752.53,1790540339999,1325284.686100,1653,4357.55,537082.959400,0
1790540340000,123.2500,123.2800,123.2200,123.2600,10851.35,1790540399999,1337394.747700,1088,7365.36,907729.436600,0
1790540400000,123.2600,123.3000,123.1500,123.1600,19471.77,1790540459999,2399578.514500,1765,5854.65,721529.594400,0
1790540460000,123.1500,123.1600,122.9100,122.9500,29492.41,1790540519999,3627729.872600,3119,8264.00,1016243.124300,0
1790540520000,122.9500,122.9800,122.9100,122.9500,8905.07,1790540579999,1094848.791300,1252,3258.38,400625.139800,0
1790540580000,122.9600,122.9600,122.7800,122.8300,26901.71,1790540639999,3304470.613000,2679,7033.67,863960.238200,0
1790540640000,122.8200,122.9200,122.8200,122.8900,7296.68,1790540699999,896615.768400,1056,1882.07,231264.219700,0
1790540700000,122.8900,122.9000,122.7400,122.7600,12729.71,1790540759999,1563346.808000,1706,1824.64,224057.001300,0
1790540760000,122.7600,122.7600,122.6300,122.7100,35544.85,1790540819999,4361456.965400,2865,9514.89,1167530.815300,0
1790540820000,122.7100,122.7500,122.7000,122.7200,6674.01,1790540879999,819098.458500,751,2330.54,286025.746800,0
1790540880000,122.7300,122.7300,122.6600,122.7200,10822.56,1790540939999,1327910.795000,1011,3471.98,425998.447300,0
1790540940000,122.7200,122.7300,122.7000,122.7300,4326.79,1790540999999,530991.678100,513,1905.55,233861.915900,0
1790541000000,122.7300,122.8400,122.7300,122.8300,6993.77,1790541059999,858826.034300,967,4474.56,549448.578900,0
1790541060000,122.8400,122.8800,122.8200,122.8400,6745.90,1790541119999,828801.965800,864,3058.87,375801.933200,0
1790541120000,122.8500,122.8700,122.7300,122.7500,5991.01,1790541179999,735699.704600,1165,2140.61,262912.167200,0
1790541180000,122.7500,122.7900,122.7400,122.7900,2042.49,1790541239999,250750.242900,390,1217.26,149429.380700,0
1790541240000,122.7900,122.8800,122.7900,122.8000,5542.71,1790541299999,680919.263900,964,2080.94,255592.301700,0
1790541300000,122.8000,122.8600,122.7900,122.8600,2213.55,1790541359999,271879.943800,574,1534.36,188469.771100,0
1790541360000,122.8600,122.9000,122.7900,122.8000,24274.38,1790541419999,2981629.599900,1535,8533.10,1047974.676100,0
1790541420000,122.7900,122.8600,122.7200,122.7300,12008.85,1790541479999,1474690.752500,1098,8451.16,1037847.077000,0
1790541480000,122.7200,122.7500,122.6900,122.7300,4187.96,1790541539999,513953.228400,708,1711.56,210051.729300,0
1790541540000,122.7200,122.8200,122.7200,122.7300,3242.82,1790541599999,398179.656200,838,714.63,87746.470000,0
1790541600000,122.7300,122.7600,122.7300,122.7500,622.39,1790541659999,76399.024900,233,288.36,35397.168400,0
1790541660000,122.7600,122.8000,122.7400,122.7700,5261.32,1790541719999,645940.899600,701,2923.62,358922.467200,0
1790541720000,122.7700,122.7800,122.7700,122.7700,157.65,1790541779999,19355.911000,132,140.78,17284.781100,0
1790541780000,122.7700,122.8600,122.7700,122.8600,3436.88,1790541839999,422117.683000,682,1844.50,226513.519600,0
1790541840000,122.8600,122.9100,122.8500,122.9100,2203.32,1790541899999,270737.092500,407,2139.62,262910.259100,0
1790541900000,122.9000,122.9200,122.8800,122.9200,4158.20,1790541959999,511036.192400,551,1245.53,153076.160300,0
1790541960000,122.9300,122.9900,122.9000,122.9800,7198.12,1790542019999,884944.596400,842,2070.92,254609.863600,0
1790542020000,122.9900,122.9900,122.7500,122.7600,21607.94,1790542079999,2654734.856600,1621,1942.12,238532.066500,0
1790542080000,122.7600,122.8300,122.7300,122.8200,4598.58,1790542139999,564567.245200,866,1812.56,222528.119000,0
1790542140000,122.8200,122.8800,122.6900,122.7000,10066.73,1790542199999,1236061.967000,1633,2350.60,288637.967800,0
1790542200000,122.7100,122.7700,122.6600,122.7000,12915.14,1790542259999,1584957.380300,1270,8669.63,1063966.189300,0
1790542260000,122.6900,122.7600,122.6900,122.7200,4243.97,1790542319999,520865.151300,689,1572.34,192970.063500,0
1790542320000,122.7200,122.7300,122.6600,122.7200,3223.56,1790542379999,395545.296800,729,1482.33,181875.778000,0
1790542380000,122.7200,122.7300,122.6100,122.6600,11980.71,1790542439999,1469555.659100,1406,2724.26,334143.225500,0
1790542440000,122.6500,122.6800,122.4300,122.5000,46120.85,1790542499999,5651364.644600,3892,9034.57,1107089.318600,0
1790542500000,122.5000,122.5600,122.5000,122.5600,3496.65,1790542559999,428447.351800,610,1994.99,244442.515400,0
1790542560000,122.5500,122.6000,122.5000,122.6000,6408.57,1790542619999,785307.781400,1079,2698.03,330624.103400,0
1790542620000,122.6000,122.6600,122.5500,122.6300,12536.49,1790542679999,1536961.700200,1295,8731.81,1070494.274200,0
1790542680000,122.6300,122.6300,122.6000,122.6300,3001.27,1790542739999,367997.157700,470,1599.60,196137.876000,0
1790542740000,122.6300,122.6500,122.6300,122.6500,1499.26,1790542799999,183867.355000,262,825.12,101191.135200,0
1790542800000,122.6400,122.6900,122.6200,122.6900,8760.89,1790542859999,1074591.562600,906,4668.20,572587.919500,0
1790542860000,122.6900,122.7000,122.6600,122.6800,2654.15,1790542919999,325616.423700,655,887.60,108896.293400,0
1790542920000,122.6800,122.7000,122.5900,122.6000,5974.86,1790542979999,732761.277000,1062,2251.80,276141.641500,0
1790542980000,122.6100,122.8800,122.6000,122.8500,14528.50,1790543039999,1783258.235500,1954,11968.27,1468799.725900,0
1790543040000,122.8500,122.8800,122.7900,122.7900,5202.19,1790543099999,639008.453200,876,2596.66,318990.335000,0
1790543100000,122.7900,122.8000,122.6900,122.7200,4991.44,1790543159999,612589.671700,1091,1531.52,187929.593700,0
1790543160000,122.7300,122.8100,122.7200,122.8000,4298.82,1790543219999,527723.619800,840,3362.41,412739.499600,0
1790543220000,122.8100,122.8200,122.7900,122.7900,1342.38,1790543279999,164850.809000,458,273.41,33576.762700,0
1790543280000,122.7900,122.8000,122.7900,122.8000,289.47,1790543339999,35546.138200,384,211.69,25995.532000,0
1790543340000,122.8000,122.8200,122.7900,122.8200,1497.47,1790543399999,183889.652400,435,1255.28,154151.124900,0
1790543400000,122.8200,122.8500,122.8200,122.8400,1961.64,1790543459999,240966.638500,389,1798.99,220987.229200,0
1790543460000,122.8400,122.8800,122.8400,122.8500,5718.37,1790543519999,702571.204600,713,2333.49,286691.866400,0
1790543520000,122.8400,122.8500,122.8300,122.8300,1429.13,1790543579999,175551.251200,391,728.21,89453.325500,0
1790543580000,122.8300,123.0200,122.8300,123.0000,25054.54,1790543639999,3079899.092700,2394,19215.38,2362341.266600,0
1790543640000,123.0100,123.1100,123.0000,123.0900,11025.26,1790543699999,1356839.756100,1219,9868.13,1214428.117200,0
1790543700000,123.1000,123.2400,123.0900,123.1300,15739.31,1790543759999,1938896.363100,1948,6688.33,823852.772800,0
1790543760000,123.1300,123.2000,122.9500,123.0400,26419.98,1790543819999,3251274.932200,2729,8625.51,1061396.786500,0
1790543820000,123.0400,123.0600,123.0100,123.0200,2497.77,1790543879999,307321.007200,686,909.22,111871.757900,0
1790543880000,123.0100,123.0800,122.9800,123.0500,5468.29,1790543939999,672767.465800,1106,3410.13,419535.117200,0
1790543940000,123.0500,123.0600,122.9200,122.9200,4280.50,1790543999999,526478.906700,1040,1229.51,151225.365700,0
1790544000000,122.9200,122.9500,122.9100,122.9100,1946.72,1790544059999,239319.841600,565,754.02,92694.873000,0
1790544060000,122.9100,122.9100,122.8800,122.8800,2030.12,1790544119999,249498.218500,595,737.58,90647.931900,0
1790544120000,122.8800,122.9100,122.8700,122.8800,2057.20,1790544179999,252806.309400,609,927.20,113942.177000,0
1790544180000,122.8900,123.0100,122.8800,123.0100,4814.28,1790544239999,591860.905800,848,3905.51,480133.631700,0
1790544240000,123.0100,123.0500,122.9700,123.0200,6132.91,1790544299999,754353.634300,974,2868.46,352823.213900,0
1790544300000,123.0200,123.1000,123.0000,123.0000,4211.79,1790544359999,518309.929300,998,2253.04,277276.435800,0
1790544360000,123.0100,123.0100,122.8900,122.9200,5776.78,1790544419999,710207.752900,992,1720.17,211495.749900,0
1790544420000,122.9300,122.9300,122.8400,122.8400,1731.20,1790544479999,212731.149700,658,169.52,20831.567800,0
1790544480000,122.8400,122.8400,122.7600,122.7900,4459.65,1790544539999,547634.362000,792,2269.13,278599.368900,0
1790544540000,122.8000,122.8300,122.7900,122.7900,4392.97,1790544599999,539524.540800,572,2523.83,309976.505800,0
1790544600000,122.7900,122.8700,122.7900,122.8600,1371.66,1790544659999,168464.386500,497,647.95,79583.154700,0
1790544660000,122.8700,122.9300,122.8200,122.9200,5276.64,1790544719999,648242.729400,806,2233.82,274439.775500,0
1790544720000,122.9300,122.9300,122.8500,122.8500,2512.56,1790544779999,308765.593500,708,611.21,75097.658300,0
1790544780000,122.8500,122.8600,122.8200,122.8500,1962.36,1790544839999,241033.640300,479,1013.36,124471.719600,0
1790544840000,122.8500,122.8500,122.7200,122.7900,11329.43,1790544899999,1391009.801500,1423,4509.82,553639.719500,0
1790544900000,122.7900,122.7900,122.5800,122.5800,20868.25,1790544959999,2560018.428100,2234,3535.24,433747.405100,0
1790544960000,122.5800,122.6100,122.3500,122.4200,19387.12,1790545019999,2374015.741400,2667,6311.86,772992.786700,0
1790545020000,122.4300,122.4300,122.0800,122.2600,58253.63,1790545079999,7121578.891200,6654,16184.38,1978220.408200,0
1790545080000,122.2700,122.5100,122.2400,122.4500,23454.44,1790545139999,2871628.960700,2711,13243.79,1621372.509700,0
1790545140000,122.4400,122.5100,122.4400,122.5100,4551.78,1790545199999,557523.597600,652,2655.20,325203.012900,0
1790545200000,122.5100,122.5400,122.4900,122.5200,6722.72,1790545259999,823728.476200,830,4543.22,556682.462000,0
1790545260000,122.5200,122.5700,122.4700,122.5300,5023.54,1790545319999,615524.074000,879,2618.08,320788.318300,0
1790545320000,122.5200,122.7500,122.5200,122.6700,32339.99,1790545379999,3966562.619300,2851,28006.06,3435098.068900,0
1790545380000,122.6700,122.6800,122.5900,122.6200,6133.25,1790545439999,752073.086400,1131,3368.02,412982.487900,0
1790545440000,122.6300,122.6300,122.6200,122.6200,911.44,1790545499999,111767.808900,229,703.61,86283.694300,0
1790545500000,122.6300,122.7100,122.6300,122.6800,4724.65,1790545559999,579593.094800,1024,2483.61,304643.158200,0
1790545560000,122.6700,122.7100,122.6600,122.7000,3800.43,1790545619999,466273.423300,711,2164.76,265590.031300,0
1790545620000,122.7000,122.7600,122.6900,122.7600,2770.65,1790545679999,340018.988100,434,2733.20,335422.136200,0
1790545680000,122.7600,122.8000,122.7600,122.7900,1364.39,1790545739999,167531.106100,542,848.09,104134.660100,0
1790545740000,122.7900,122.8000,122.7900,122.7900,678.58,1790545799999,83326.348200,283,351.00,43102.800000,0
1790545800000,122.8000,122.8500,122.7700,122.8100,5570.87,1790545859999,684191.973500,1041,2442.90,300000.927800,0
1790545860000,122.8200,122.8800,122.8200,122.8700,1993.46,1790545919999,244882.436600,550,1458.81,179207.083900,0
1790545920000,122.8700,122.9300,122.8700,122.9100,5520.31,1790545979999,678468.945600,871,2517.40,309393.417000,0
1790545980000,122.9100,122.9200,122.8400,122.8400,1782.12,1790546039999,219014.371100,615,310.22,38131.451600,0
1790546040000,122.8400,122.9000,122.8100,122.8100,4229.14,1790546099999,519558.284500,738,3229.47,396754.555700,0
1790546100000,122.8100,122.8400,122.8000,122.8000,1896.61,1790546159999,232940.782700,491,479.61,58903.884200,0
1790546160000,122.8100,122.8400,122.7400,122.8200,3569.07,1790546219999,438265.710000,1025,1410.06,173144.793800,0
1790546220000,122.8300,122.8500,122.7900,122.8400,2892.69,1790546279999,355279.757700,393,2108.52,258963.486000,0
1790546280000,122.8400,122.8500,122.7900,122.7900,4648.51,1790546339999,570928.260400,813,832.19,102213.021800,0
1790546340000,122.7900,122.8700,122.7600,122.7800,9557.58,1790546399999,1173818.261900,1322,6776.24,832225.242900,0
1790546400000,122.7800,122.9800,122.6300,122.6900,23812.02,1790546459999,2924556.668600,3469,11614.59,1427240.888000,0
1790546460000,122.6900,122.7300,122.2500,122.3300,23729.73,1790546519999,2907174.372600,4217,6613.55,809819.380800,0
1790546520000,122.3300,122.3300,121.7100,122.0500,103180.21,1790546579999,12587718.494300,13188,34797.48,4244998.279300,0
1790546580000,122.0500,122.0500,121.6500,121.8600,94931.17,1790546639999,11567575.182000,9472,30010.57,3657389.371400,0
1790546640000,121.8700,122.0300,121.8000,122.0300,32475.49,1790546699999,3958079.921200,4667,15046.86,1833909.040200,0
1790546700000,122.0300,122.1200,121.9400,122.0600,14267.57,1790546759999,1741361.623900,2956,9310.23,1136292.297900,0
1790546760000,122.0500,122.2700,122.0500,122.1200,25258.77,1790546819999,3085947.152300,3082,21610.19,2640087.321000,0
1790546820000,122.1200,122.1200,121.7300,121.8800,28982.57,1790546879999,3533560.735900,3622,7698.89,938894.079600,0
1790546880000,121.8800,121.8800,121.6800,121.7600,12197.26,1790546939999,1485225.482900,2462,5161.10,628538.389400,0
1790546940000,121.7700,121.8300,121.6900,121.7900,11511.63,1790546999999,1401746.886200,1946,7455.93,907854.947300,0
1790547000000,121.7900,121.8400,121.7000,121.8400,10276.83,1790547059999,1251553.956200,1574,5706.19,694910.413600,0
1790547060000,121.8400,121.9100,121.7100,121.7300,21304.90,1790547119999,2594999.072600,2702,6770.81,824743.058100,0
1790547120000,121.7200,121.7700,121.6800,121.6900,13440.60,1790547179999,1636108.222600,1311,6138.21,747181.372700,0
1790547180000,121.6900,121.7000,121.3900,121.4200,56960.73,1790547239999,6922539.016900,4619,16137.34,1961184.216900,0
1790547240000,121.4100,121.5100,121.3200,121.4800,28336.87,1790547299999,3441002.696000,3124,12136.11,1473871.322500,0
1790547300000,121.4800,121.4800,121.2300,121.3500,40606.70,1790547359999,4925816.658600,4519,14403.37,1747128.068900,0
1790547360000,121.3600,121.3900,121.2400,121.3500,15179.71,1790547419999,1841475.186400,2048,8127.75,986060.410100,0
1790547420000,121.3600,121.5400,121.3600,121.5200,13742.84,1790547479999,1669243.325100,1968,10190.89,1237858.379500,0
1790547480000,121.5300,121.5800,121.4400,121.5100,25464.29,1790547539999,3093655.839000,2451,14839.69,1802806.689300,0
1790547540000,121.5200,121.6000,121.4900,121.5600,14303.14,1790547599999,1738555.798500,1588,8052.19,978699.768100,0
1790547600000,121.5600,121.6500,121.4300,121.4300,11766.89,1790547659999,1430834.374300,2180,7104.58,864026.212100,0
1790547660000,121.4300,121.6300,121.4200,121.5800,11762.56,1790547719999,1429097.976000,2006,6818.18,828338.789200,0
1790547720000,121.5800,121.7300,121.5800,121.7300,6180.91,1790547779999,751935.665300,1428,4875.31,593096.784700,0
1790547780000,121.7300,121.8600,121.7200,121.8300,12951.41,1790547839999,1577516.002700,1869,9982.24,1215958.114000,0
1790547840000,121.8400,121.9700,121.8300,121.9300,27630.79,1790547899999,3368535.604700,2278,23840.06,2906380.803700,0
1790547900000,121.9300,122.0500,121.9300,122.0100,18764.03,1790547959999,2289159.213300,2055,13645.28,1664655.336800,0
1790547960000,122.0100,122.0200,121.8700,121.9000,17612.33,1790548019999,2147747.258000,1904,3535.47,431043.695100,0
1790548020000,121.9000,122.1000,121.9000,122.0500,12859.80,1790548079999,1569389.544200,1573,8889.89,1084872.589400,0
1790548080000,122.0600,122.1000,122.0300,122.0600,6606.63,1790548139999,806473.876900,1118,4278.98,522343.236900,0
1790548140000,122.0600,122.0600,121.9700,121.9800,3346.29,1790548199999,408264.007000,1057,967.62,118042.182900,0
1790548200000,121.9700,121.9800,121.7000,121.7100,11728.15,1790548259999,1428881.961500,2367,3060.13,372751.507800,0
1790548260000,121.7000,121.7600,121.5900,121.6900,10358.58,1790548319999,1260558.625200,2553,4826.40,587274.367000,0
1790548320000,121.6900,121.7300,121.6000,121.6000,9178.65,1790548379999,1116691.395700,1925,3145.61,382699.125500,0
1790548380000,121.6000,121.6300,121.4400,121.4400,5544.63,1790548439999,673889.068900,1600,2241.04,272398.080400,0
1790548440000,121.4400,121.4900,121.3100,121.3200,15374.61,1790548499999,1866287.078500,1958,8580.00,1041486.882500,0
1790548500000,121.3200,121.4200,121.0500,121.2800,68931.78,1790548559999,8353911.144300,7102,21549.05,2612303.893300,0
1790548560000,121.2800,121.3700,121.1200,121.1400,19582.38,1790548619999,2374318.753800,3082,8324.91,1009528.693200,0
1790548620000,121.1300,121.1900,121.0800,121.1700,20843.08,1790548679999,2524785.736700,2480,10990.96,1331321.904600,0
1790548680000,121.1700,121.2800,121.1400,121.1500,8808.73,1790548739999,1067803.208900,1773,5107.81,619186.833600,0
1790548740000,121.1400,121.3300,121.1400,121.2100,13383.29,1790548799999,1622369.586900,1989,11288.86,1368441.623700,0
1790548800000,121.2100,121.2100,121.1100,121.1200,4909.09,1790548859999,594834.272100,1183,2773.66,336093.081200,0
1790548860000,121.1100,121.1300,121.0700,121.0900,9232.34,1790548919999,1117957.965900,1207,4886.31,591685.335000,0
1790548920000,121.0800,121.1200,121.0400,121.0900,11653.21,1790548979999,1410984.843600,1277,5855.81,709006.998800,0
1790548980000,121.1000,121.1300,121.0600,121.0800,9958.54,1790549039999,1205828.326900,1132,5561.98,673463.027200,0
1790549040000,121.0800,121.2000,121.0700,121.0900,19876.78,1790549099999,2407556.681700,1679,11955.84,1448346.379200,0
1790549100000,121.0900,121.0900,120.9400,120.9800,56166.03,1790549159999,6796645.149000,4432,16725.33,2023890.361400,0
1790549160000,120.9700,121.0900,120.8800,121.0800,31815.14,1790549219999,3848692.969800,2819,19910.15,2408929.485900,0
1790549220000,121.0800,121.1600,120.9100,121.1400,42741.91,1790549279999,5172905.651400,3598,16082.82,1946830.185100,0
1790549280000,121.1400,121.1500,121.0100,121.0300,4396.51,1790549339999,532298.804700,1346,2732.84,330864.883000,0
1790549340000,121.0300,121.0900,121.0200,121.0900,5883.19,1790549399999,712296.657500,773,3563.71,431462.099600,0
1790549400000,121.0900,121.3900,121.0800,121.3000,66361.88,1790549459999,8047559.547500,4433,56759.41,6882926.264100,0
1790549460000,121.2900,121.3300,121.2500,121.2800,8328.50,1790549519999,1010084.314200,1366,4910.41,595518.210500,0
1790549520000,121.2900,121.4100,121.2900,121.3600,11142.05,1790549579999,1352172.646100,1439,7713.40,936065.194800,0
1790549580000,121.3500,121.3900,121.3100,121.3800,4169.47,1790549639999,505940.593300,893,2754.67,334261.184200,0
1790549640000,121.3800,121.3800,121.2900,121.3200,10990.98,1790549699999,1333510.677100,1027,5680.81,689228.612700,0
1790549700000,121.3300,121.4400,121.3300,121.4100,6376.13,1790549759999,774005.907300,1169,4672.07,567135.947400,0
1790549760000,121.4000,121.4100,121.3100,121.4000,4132.09,1790549819999,501494.119100,1183,2390.45,290129.384400,0
1790549820000,121.4000,121.4500,121.3800,121.3800,4381.15,1790549879999,531921.715700,1022,2104.31,255483.026600,0
1790549880000,121.3800,121.4400,121.3600,121.3900,6252.23,1790549939999,758990.454200,891,2552.68,309908.689400,0
1790549940000,121.4000,121.4100,121.3200,121.3600,5087.36,1790549999999,617469.340000,906,2330.54,282866.274800,0
1790550000000,121.3600,121.6500,121.3000,121.6200,24722.61,1790550059999,3003553.416200,2873,21950.53,2666856.195900,0
1790550060000,121.6200,121.7100,121.5700,121.7000,11305.14,1790550119999,1375363.128000,2005,6274.60,763393.980700,0
1790550120000,121.7100,121.7600,121.6300,121.6500,7038.76,1790550179999,856687.834400,1807,3694.93,449684.349600,0
1790550180000,121.6500,121.7100,121.5700,121.6500,3632.47,1790550239999,441836.558500,1239,1665.23,202538.545200,0
1790550240000,121.6400,121.7200,121.6000,121.6200,6911.42,1790550299999,840871.187500,1368,3789.81,461046.108200,0
1790550300000,121.6100,121.6500,121.5100,121.5100,4292.43,1790550359999,521935.083400,1298,1555.17,189125.886700,0
1790550360000,121.5100,121.5100,121.3900,121.4200,9978.47,1790550419999,1211892.993000,1854,5256.03,638321.369000,0
1790550420000,121.4200,121.4600,121.3800,121.4000,7112.65,1790550479999,863639.708700,1366,2613.25,317289.746900,0
1790550480000,121.4100,121.4500,121.3200,121.3500,6073.47,1790550539999,737167.524500,1579,2046.77,248437.688700,0
1790550540000,121.3500,121.3900,121.2800,121.3200,5765.23,1790550599999,699487.211800,1249,1522.80,184744.441500,0
1790550600000,121.3300,121.4700,121.2800,121.4300,27118.01,1790550659999,3291710.554200,2391,18137.83,2201504.140700,0
1790550660000,121.4400,121.5000,121.3800,121.4200,6731.20,1790550719999,817526.406100,1293,3078.35,373819.853200,0
1790550720000,121.4100,121.4700,121.3900,121.4100,6658.88,1790550779999,808550.291200,1176,3430.61,416545.307900,0
1790550780000,121.4100,121.6800,121.4100,121.6800,11239.91,1790550839999,1366430.084400,1944,8128.04,988089.209100,0
1790550840000,121.6800,121.6800,121.4100,121.4100,4611.11,1790550899999,560347.265800,1060,1307.47,158848.972600,0
1790550900000,121.4100,121.4900,121.3800,121.3800,8749.73,1790550959999,1062399.670000,1278,5344.12,648911.288600,0
1790550960000,121.3800,121.6500,121.3800,121.6400,6814.43,1790551019999,828258.668500,1577,4866.03,591422.103200,0
1790551020000,121.6500,121.7200,121.5300,121.5400,8513.33,1790551079999,1035383.545100,1751,2510.87,305371.057100,0
1790551080000,121.5300,121.7000,121.5300,121.6200,8393.14,1790551139999,1020813.568500,1425,2862.86,348139.337700,0
1790551140000,121.6300,121.7100,121.6100,121.7000,7683.56,1790551199999,934740.373000,1240,4489.22,546097.771300,0
1790551200000,121.7000,121.9000,121.6800,121.8400,18413.63,1790551259999,2243417.807200,2120,15227.06,1855167.096200,0
1790551260000,121.8400,121.8700,121.7500,121.8100,6026.62,1790551319999,734055.770300,1120,3418.17,416321.395900,0
1790551320000,121.8000,121.8900,121.7900,121.8800,14728.91,1790551379999,1794505.568800,1279,7499.71,913797.690100,0
1790551380000,121.8800,121.8900,121.8000,121.8000,3745.37,1790551439999,456407.033300,818,1950.37,237671.359700,0
1790551440000,121.8000,121.9100,121.7700,121.8400,13529.81,1790551499999,1648502.345900,1543,6855.73,835376.306400,0
1790551500000,121.8500,121.9300,121.8300,121.9200,4150.42,1790551559999,505863.715300,981,2581.64,314649.047400,0
1790551560000,121.9200,122.0000,121.9100,122.0000,4482.61,1790551619999,546722.078000,986,3572.30,435681.415100,0
1790551620000,121.9900,122.0300,121.8400,121.9500,25569.23,1790551679999,3118086.516600,2506,5685.16,693174.827500,0
1790551680000,121.9500,121.9600,121.8100,121.8700,4205.70,1790551739999,512678.910000,1002,1401.06,170759.348400,0
1790551740000,121.8700,121.9100,121.8300,121.8500,5030.54,1790551799999,613064.792200,753,1863.85,227137.720400,0
1790551800000,121.8500,122.0100,121.8100,122.0000,11855.66,1790551859999,1445205.982800,1637,9550.08,1164233.952700,0
1790551860000,122.0000,122.0100,121.9700,121.9700,4622.30,1790551919999,563876.485800,804,2490.42,303799.728100,0
1790551920000,121.9700,122.0600,121.8900,121.9400,22620.50,1790551979999,2758659.243600,1942,7972.71,972353.356100,0
1790551980000,121.9400,121.9500,121.8200,121.8600,8265.13,1790552039999,1007565.108200,1468,2958.30,360604.259800,0
1790552040000,121.8700,121.8700,121.7700,121.8600,8369.86,1790552099999,1019570.974700,1468,1328.24,161780.010600,0
1790552100000,121.8600,121.9000,121.6800,121.7600,11069.38,1790552159999,1347923.964300,1773,2310.66,281266.415000,0
1790552160000,121.7500,121.8300,121.7500,121.7900,3956.89,1790552219999,481914.630800,803,2551.39,310721.132400,0
1790552220000,121.7800,121.9100,121.7700,121.8700,2244.88,1790552279999,273554.054000,748,1582.13,192774.456300,0
1790552280000,121.8700,121.9400,121.8500,121.8500,6206.91,1790552339999,756642.803200,1060,4625.18,563833.244100,0
1790552340000,121.8500,121.9100,121.8500,121.8800,2874.03,1790552399999,350293.194500,613,1918.90,233872.883100,0
1790552400000,121.8700,121.8900,121.8300,121.8700,3336.83,1790552459999,406629.266100,473,2060.07,251028.529600,0
1790552460000,121.8700,121.8800,121.7200,121.7800,7070.40,1790552519999,860950.274600,1123,662.50,80681.211500,0
1790552520000,121.7800,121.8000,121.7100,121.7500,5824.79,1790552579999,709163.988500,977,3134.19,381588.448300,0
1790552580000,121.7600,121.7600,121.7100,121.7500,1699.18,1790552639999,206844.291900,373,702.54,85521.950900,0
1790552640000,121.7500,121.7700,121.7000,121.7100,3570.08,1790552699999,434574.593600,568,1596.02,194266.849300,0
1790552700000,121.7000,121.7700,121.6800,121.7000,4788.89,1790552759999,582934.825600,952,3031.24,368989.573700,0
1790552760000,121.7000,121.8600,121.6800,121.8500,4436.90,1790552819999,540273.682900,939,2617.14,318701.500500,0
1790552820000,121.8600,121.9500,121.7300,121.9100,19651.64,1790552879999,2394384.323400,2054,13722.41,1671951.528600,0
1790552880000,121.9200,122.0000,121.9000,122.0000,5002.91,1790552939999,610088.933300,916,3631.15,442832.681200,0
1790552940000,121.9900,122.0300,121.9400,121.9800,7995.38,1790552999999,975328.220500,970,3131.11,381989.555800,0
1790553000000,121.9800,122.0700,121.9600,122.0700,3583.04,1790553059999,437165.028000,771,2289.29,279330.900400,0
1790553060000,122.0600,122.1300,121.9900,122.1300,12941.17,1790553119999,1579610.902900,1371,6072.30,741261.479400,0
1790553120000,122.1300,122.1600,122.0900,122.1400,5411.57,1790553179999,660875.580800,909,3273.39,399761.709900,0
1790553180000,122.1300,122.1700,122.0300,122.1100,26358.61,1790553239999,3218603.149100,1710,5173.97,631912.198600,0
1790553240000,122.1000,122.1000,122.0200,122.1000,6422.05,1790553299999,783769.628200,880,3339.39,407579.282500,0
1790553300000,122.1000,122.1000,121.9900,122.0600,16505.45,1790553359999,2014464.357200,1303,6027.92,735753.960900,0
1790553360000,122.0600,122.1600,122.0600,122.1000,7550.94,1790553419999,922138.563500,1020,5546.16,677307.713800,0
1790553420000,122.1000,122.1500,122.0900,122.0900,2385.57,1790553479999,291320.487500,730,1289.47,157465.330800,0
1790553480000,122.0900,122.0900,121.8400,121.9100,18279.59,1790553539999,2228748.742100,2059,5834.69,711186.722000,0
1790553540000,121.9200,121.9500,121.8700,121.9400,5194.61,1790553599999,633204.249600,779,954.21,116323.035600,0
