open_time,open,high,low,close,volume,close_time,quote_volume,count,taker_buy_volume,taker_buy_quote_volume,ignore
1775001600000,83.1600,83.5800,82.4100,83.3900,2410040.03,1775015999999,200100963.027200,228450,1160142.48,96357255.713800,0
1775016000000,83.3800,84.7000,83.2100,83.8000,4065004.60,1775030399999,341738627.841500,309715,2074906.63,174441063.785900,0
1775030400000,83.8000,84.0300,83.0100,83.3100,2778092.63,1775044799999,231821094.924300,222950,1294053.79,108006734.066900,0
1775044800000,83.3000,83.8500,82.3300,83.5800,4835981.19,1775059199999,401803962.567500,381774,2535989.23,210768360.782400,0
1775059200000,83.5800,86.5900,82.9000,83.7900,10030911.33,1775073599999,849619352.905000,607464,5158226.96,437027060.687700,0
1775073600000,83.8000,83.8500,80.7200,81.1400,6279552.04,1775087999999,514541688.130600,437480,2928942.30,240007466.794000,0
