open_time,open,high,low,close,volume,close_time,quote_volume,count,taker_buy_volume,taker_buy_quote_volume,ignore
1754611200000,175.2700,175.8800,173.3600,174.6300,4162336.51,1754625599999,726211085.574490,503768,1890828.74,329934245.456900,0
1754625600000,174.6300,177.7700,173.7600,177.0500,2552255.44,1754639999999,447341223.213200,336658,1284191.03,225281839.770700,0
1754640000000,177.0400,177.9100,174.7800,177.5600,2955868.64,1754654399999,521140287.034660,405624,1400406.95,246885606.627360,0
1754654400000,177.5600,179.0400,174.1200,175.1500,6295036.40,1754668799999,1110834435.545700,702215,3044037.98,537308551.594590,0
1754668800000,175.1500,179.6100,175.1300,178.4200,4673004.50,1754683199999,830067512.999830,558572,2281483.61,405294445.713910,0
1754683200000,178.4100,178.7000,176.5100,176.7000,1605009.54,1754697599999,285001792.251500,211316,777101.19,138032372.399700,0
