open_time,open,high,low,close,volume,close_time,quote_volume,count,taker_buy_volume,taker_buy_quote_volume,ignore
1752278400000,162.8700,163.8700,161.6400,163.4100,1964437.56,1752292799999,320276616.509480,246231,995224.22,162323245.026680,0
1752292800000,163.4200,163.7700,161.9600,163.1600,1598232.32,1752307199999,260388296.935860,239499,751755.08,122507826.362280,0
1752307200000,163.1500,163.3800,161.3000,161.5600,1849609.49,1752321599999,300459196.436600,226831,892451.46,145026066.462200,0
1752321600000,161.5500,161.7400,157.6600,158.0600,5206616.78,1752335999999,829727487.018760,533406,2419306.01,385585876.966680,0
1752336000000,158.0600,160.7200,157.8300,160.6700,2247140.91,1752350399999,358896104.202800,255116,1250954.59,199816826.576000,0
1752350400000,160.6800,160.9000,158.8700,160.6300,1227385.96,1752364799999,196301140.289500,190823,587689.40,94034333.420500,0
