open_time,open,high,low,close,volume,close_time,quote_volume,count,taker_buy_volume,taker_buy_quote_volume,ignore
1752796800000,175.8100,181.2500,175.2200,180.8300,6342632.97,1752811199999,1138263213.093940,628436,3086390.29,554010152.790360,0
1752811200000,180.8300,185.0000,179.8900,181.1400,7655656.64,1752825599999,1400073109.597390,708571,3929117.08,718597051.961690,0
1752825600000,181.1400,182.1900,177.0000,178.5200,4768031.08,1752839999999,855968315.141210,525328,2224010.71,399445408.483170,0
1752840000000,178.5300,182.0600,174.8700,177.0000,7487591.15,1752854399999,1336623551.096850,766209,3431042.39,612955157.238220,0
1752854400000,176.9900,179.1000,176.1200,176.9200,3661206.92,1752868799999,650920518.089110,465789,1820667.59,323779230.407990,0
1752868800000,176.9300,177.5000,173.1360,177.2100,3992414.44,1752883199999,701208455.286510,470291,1918646.25,337164327.329760,0
