open_time,open,high,low,close,volume,close_time,quote_volume,count,taker_buy_volume,taker_buy_quote_volume,ignore
1789344000000,99.2300,99.3500,99.2100,99.2100,13699.71,1789344059999,1359893.921200,2136,6241.53,619564.267100,0
1789344060000,99.2100,99.3500,99.2100,99.2500,9111.91,1789344119999,904706.854000,1522,5754.31,571280.924400,0
1789344120000,99.2500,99.2800,99.2200,99.2300,6873.88,1789344179999,682244.039700,931,3764.40,373638.751200,0
1789344180000,99.2400,99.2900,99.1900,99.2200,5654.63,1789344239999,561167.196900,1125,2908.39,288632.148400,0
1789344240000,99.2200,99.2800,99.2000,99.2500,6282.79,1789344299999,623453.443700,1419,3048.22,302502.525000,0
1789344300000,99.2500,99.4200,99.2400,99.3800,9656.78,1789344359999,959536.405800,2290,6305.35,626466.722000,0
1789344360000,99.3800,99.4900,99.3700,99.4800,7899.01,1789344419999,785470.904500,1790,5139.30,510993.585100,0
1789344420000,99.4800,99.6700,99.4800,99.6500,22719.68,1789344479999,2262270.918000,3244,17477.81,1740384.205600,0
1789344480000,99.6500,99.8800,99.6200,99.6400,43340.26,1789344539999,4323198.199000,6030,28131.21,2806483.571100,0
1789344540000,99.6300,99.7100,99.6100,99.6200,7121.01,1789344599999,709581.103800,1309,1961.36,195442.719900,0
1789344600000,99.6300,99.6300,99.4900,99.5100,7073.35,1789344659999,704041.553500,1387,2313.10,230207.392200,0
1789344660000,99.5100,99.5600,99.4600,99.5100,10019.15,1789344719999,996988.653400,1748,5326.28,529978.895100,0
1789344720000,99.5100,99.6000,99.4700,99.6000,9675.62,1789344779999,962939.252900,1667,7865.58,782784.354200,0
1789344780000,99.6000,99.6300,99.5600,99.5900,6633.98,1789344839999,660752.091500,1319,3702.69,368775.753000,0
1789344840000,99.5900,99.5900,99.5200,99.5400,3406.85,1789344899999,339139.730700,1038,1324.93,131889.001300,0
1789344900000,99.5300,99.6500,99.5200,99.6200,10237.71,1789344959999,1019766.502000,1947,2694.99,268349.451900,0
1789344960000,99.6200,99.6200,99.5800,99.6100,6015.00,1789345019999,599131.895400,851,3115.91,310364.923800,0
1789345020000,99.6000,99.6100,99.5300,99.5500,4035.11,1789345079999,401756.166700,1061,1965.58,195696.738900,0
1789345080000,99.5500,99.5800,99.4900,99.5600,5627.36,1789345139999,560061.518800,1172,1605.81,159823.612100,0
1789345140000,99.5600,99.6700,99.5400,99.6500,7486.45,1789345199999,745704.662000,1485,5873.38,585060.269000,0
1789345200000,99.6500,99.6500,99.5300,99.6000,4744.90,1789345259999,472507.962500,1374,2496.00,248537.203600,0
1789345260000,99.5900,99.5900,99.4800,99.5000,8578.24,1789345319999,853800.726200,1133,1522.33,151515.153800,0
1789345320000,99.4900,99.5000,99.4300,99.4300,9000.88,1789345379999,895158.074200,1435,1683.08,167395.409600,0
1789345380000,99.4200,99.4700,99.3700,99.4700,10041.97,1789345439999,998312.504100,1621,5271.51,524108.923900,0
1789345440000,99.4600,99.4700,99.4000,99.4000,5352.20,1789345499999,532134.849700,1064,1993.23,198181.907200,0
1789345500000,99.4000,99.4000,99.2400,99.2400,11116.25,1789345559999,1104106.057500,1717,3137.91,311698.962400,0
1789345560000,99.2500,99.2700,99.0400,99.1900,39444.80,1789345619999,3910898.114800,4436,11280.61,1118544.122000,0
1789345620000,99.2000,99.2300,99.1600,99.1600,10895.09,1789345679999,1080701.472400,1627,6622.19,656879.059700,0
1789345680000,99.1600,99.1700,98.9300,99.0300,63917.07,1789345739999,6329354.551600,6520,21171.15,2096721.977500,0
1789345740000,99.0400,99.1100,98.9200,99.0700,27165.12,1789345799999,2689468.686600,4001,12039.76,1191970.912000,0
1789345800000,99.0600,99.2800,99.0000,99.2300,22063.63,1789345859999,2187995.146400,3297,10472.30,1038609.552000,0
1789345860000,99.2300,99.4900,99.2300,99.4600,17014.00,1789345919999,1690414.870400,2870,10798.44,1072940.365800,0
1789345920000,99.4600,99.5400,99.3900,99.4600,18512.94,1789345979999,1841444.907100,3036,9596.71,954593.922600,0
1789345980000,99.4600,99.6800,99.4400,99.6300,32403.81,1789346039999,3227246.922400,3489,22165.93,2207449.311300,0
1789346040000,99.6200,99.6600,99.5200,99.5300,19044.40,1789346099999,1896812.135900,2242,8670.73,863668.313600,0
1789346100000,99.5300,99.5500,99.4500,99.5100,6508.32,1789346159999,647589.258000,1447,2746.79,273307.717100,0
1789346160000,99.5000,99.6200,99.4900,99.5300,28599.86,1789346219999,2847163.202900,2628,16199.81,1612815.491300,0
1789346220000,99.5300,99.6200,99.5100,99.6000,10106.88,1789346279999,1006370.202900,1904,6416.73,638953.485400,0
1789346280000,99.5900,99.6400,99.5400,99.6000,12149.58,1789346339999,1210048.742700,2171,7273.56,724418.424400,0
1789346340000,99.6000,99.6000,99.5100,99.5400,5652.95,1789346399999,562747.908800,957,2022.18,201289.353300,0
1789346400000,99.5400,99.6300,99.5300,99.6200,11187.96,1789346459999,1114123.200200,1680,8687.09,865140.908300,0
1789346460000,99.6200,99.6900,99.6100,99.6800,15794.00,1789346519999,1573964.036300,1724,9969.83,993604.022000,0
1789346520000,99.6700,99.7100,99.5900,99.6200,8691.13,1789346579999,866220.691900,1426,3851.81,383913.997200,0
1789346580000,99.6200,99.6900,99.6000,99.6200,2835.31,1789346639999,282524.701200,1154,1630.27,162456.936400,0
1789346640000,99.6100,99.6700,99.6100,99.6700,3150.79,1789346699999,313934.495000,946,1979.74,197243.836200,0
1789346700000,99.6600,99.7700,99.6000,99.6000,9861.28,1789346759999,983124.800900,1985,4805.15,479099.747800,0
1789346760000,99.6100,99.7300,99.6000,99.6600,5706.91,1789346819999,568879.186900,1577,4214.76,420154.474200,0
1789346820000,99.6700,99.6900,99.6400,99.6900,5446.62,1789346879999,542833.715500,869,2485.53,247726.047800,0
1789346880000,99.6800,99.6900,99.6300,99.6400,4017.31,1789346939999,400403.756900,897,2503.15,249495.451200,0
1789346940000,99.6300,99.6800,99.5600,99.5600,3708.46,1789346999999,369421.889700,1016,1143.12,113881.943300,0
1789347000000,99.5600,99.6200,99.5400,99.6000,3987.22,1789347059999,397023.793200,1304,2566.13,255512.278900,0
1789347060000,99.5900,99.6500,99.5700,99.6500,2317.44,1789347119999,230831.564900,861,1364.57,135925.385000,0
1789347120000,99.6400,99.6500,99.5800,99.6000,3586.86,1789347179999,357296.253200,989,1912.42,190512.901500,0
1789347180000,99.6100,99.6400,99.5700,99.6300,4381.42,1789347239999,436396.818700,968,2302.90,229369.291200,0
1789347240000,99.6200,99.6700,99.6100,99.6600,4629.75,1789347299999,461292.257300,1022,3097.74,308639.601700,0
1789347300000,99.6600,99.6800,99.6300,99.6600,1941.68,1789347359999,193514.103600,658,1394.89,139020.189300,0
1789347360000,99.6600,99.6900,99.6400,99.6400,2500.38,1789347419999,249204.670500,620,1178.91,117501.802400,0
1789347420000,99.6500,99.7200,99.6400,99.7200,6326.13,1789347479999,630633.389600,878,3503.87,349286.981800,0
1789347480000,99.7200,99.7200,99.6100,99.6200,11490.14,1789347539999,1144919.665900,1019,1840.52,183409.690900,0
1789347540000,99.6100,99.6300,99.5900,99.6100,2788.69,1789347599999,277773.253100,563,2069.53,206137.062800,0
1789347600000,99.6000,99.7200,99.5400,99.7200,36718.16,1789347659999,3657753.841600,2833,12978.27,1293382.646700,0
1789347660000,99.7100,99.7500,99.6300,99.7400,7695.38,1789347719999,767158.454300,1476,4303.16,428988.675800,0
1789347720000,99.7400,99.7600,99.7200,99.7600,4242.41,1789347779999,423139.744400,739,1716.18,171175.399100,0
1789347780000,99.7500,99.7600,99.6800,99.7100,5538.33,1789347839999,552327.254900,1017,2939.21,293131.110000,0
1789347840000,99.7000,99.7100,99.6300,99.6400,4335.75,1789347899999,432194.834700,1125,1383.95,137961.565200,0
1789347900000,99.6400,99.6400,99.5500,99.5700,4394.22,1789347959999,437622.420800,1150,1444.75,143891.363500,0
1789347960000,99.5700,99.5700,99.4700,99.4700,14189.48,1789348019999,1412193.691600,2080,6953.23,691962.815200,0
1789348020000,99.4800,99.5300,99.4400,99.5200,6408.82,1789348079999,637590.987500,1200,3013.98,299841.024500,0
1789348080000,99.5100,99.5300,99.4900,99.5200,2225.90,1789348139999,221495.796000,626,1305.66,129927.056700,0
1789348140000,99.5300,99.7700,99.5100,99.7500,5967.22,1789348199999,594751.447400,1615,4515.55,450119.597400,0
1789348200000,99.7400,99.8200,99.7300,99.7900,8405.92,1789348259999,838732.195600,1310,4731.91,472111.793200,0
1789348260000,99.7900,99.8300,99.7000,99.7600,17548.10,1789348319999,1750494.864500,2079,5576.00,556170.557900,0
1789348320000,99.7500,99.7500,99.5700,99.5700,7565.04,1789348379999,753856.905800,1569,2723.63,271367.221600,0
1789348380000,99.5700,99.5900,99.5400,99.5600,4899.55,1789348439999,487813.459200,1227,2443.59,243290.007200,0
1789348440000,99.5500,99.5700,99.5200,99.5300,2612.64,1789348499999,260071.158300,742,984.66,98017.111100,0
1789348500000,99.5200,99.5200,99.4200,99.4500,8236.19,1789348559999,819290.675300,1692,3063.52,304729.742100,0
1789348560000,99.4500,99.5100,99.3800,99.3900,6926.76,1789348619999,688830.823100,1502,2725.15,271059.187200,0
1789348620000,99.3800,99.4100,99.3200,99.3300,18898.31,1789348679999,1877501.379700,1741,11288.34,1121479.524100,0
1789348680000,99.3200,99.4000,99.3200,99.3800,4172.17,1789348739999,414527.558000,859,1799.88,178837.844400,0
1789348740000,99.3800,99.4600,99.3500,99.3600,2941.11,1789348799999,292324.303500,1201,2143.07,212996.579700,0
1789348800000,99.3500,99.4100,99.3500,99.3900,1665.79,1789348859999,165552.990000,832,901.11,89553.571500,0
1789348860000,99.4000,99.4100,99.3100,99.3300,4386.81,1789348919999,435810.795300,1046,1546.85,153680.427400,0
1789348920000,99.3300,99.4100,99.3100,99.4000,2055.30,1789348979999,204195.359500,811,1360.65,135180.646000,0
1789348980000,99.4000,99.5300,99.4000,99.4200,4453.62,1789349039999,442962.951700,1479,3145.36,312839.930700,0
1789349040000,99.4200,99.5000,99.4100,99.4600,7586.79,1789349099999,754528.681400,1097,4953.38,492645.886600,0
1789349100000,99.4600,99.4600,99.4200,99.4600,2774.06,1789349159999,275868.502400,1028,1396.78,138907.133800,0
1789349160000,99.4700,99.5800,99.4500,99.5700,14549.60,1789349219999,1448286.152200,1749,10165.11,1011766.824000,0
1789349220000,99.5700,99.6900,99.5600,99.6700,17576.79,1789349279999,1750907.550900,1537,6761.68,673651.478100,0
1789349280000,99.6600,99.7100,99.6200,99.6300,4627.58,1789349339999,461210.722200,1130,1305.65,130127.155900,0
1789349340000,99.6300,99.6500,99.6000,99.6000,3947.68,1789349399999,393255.906100,646,1442.19,143671.316600,0
1789349400000,99.6000,99.6000,99.5000,99.5100,5548.47,1789349459999,552430.878200,1213,795.27,79177.004000,0
1789349460000,99.5000,99.5400,99.4500,99.4800,5004.81,1789349519999,497901.411000,888,1071.66,106618.042400,0
1789349520000,99.4700,99.4700,99.3600,99.3600,4927.15,1789349579999,489806.007000,1137,1338.09,133021.094000,0
1789349580000,99.3600,99.3600,99.1900,99.1900,10619.77,1789349639999,1054073.343900,1713,2737.68,271769.683100,0
1789349640000,99.1900,99.2100,99.1400,99.1400,11342.88,1789349699999,1125004.428700,1681,2909.01,288526.142800,0
1789349700000,99.1300,99.2500,99.1200,99.2400,12233.56,1789349759999,1213455.190500,1559,8000.99,793643.478000,0
1789349760000,99.2500,99.3200,99.2500,99.3000,5769.91,1789349819999,572942.217900,1202,3623.56,359813.199200,0
1789349820000,99.3000,99.3400,99.2700,99.2800,6158.48,1789349879999,611557.737700,979,2397.38,238048.740200,0
1789349880000,99.2800,99.3400,99.2700,99.3400,2257.18,1789349939999,224147.044600,884,1050.33,104305.708400,0
1789349940000,99.3400,99.5200,99.3400,99.5100,6305.19,1789349999999,626933.003900,1334,4980.46,495207.947500,0
1789350000000,99.5100,99.5200,99.4600,99.5100,7897.35,1789350059999,785708.477400,1250,3936.00,391593.816000,0
1789350060000,99.5200,99.6800,99.4900,99.6500,18305.48,1789350119999,1823283.916900,1975,12220.02,1217122.605800,0
1789350120000,99.6500,99.6600,99.5500,99.5700,8963.21,1789350179999,892774.754300,1343,2620.01,260994.414100,0
1789350180000,99.5800,99.5800,99.3900,99.4700,16704.38,1789350239999,1661637.334100,2762,7532.64,749243.367900,0
1789350240000,99.4700,99.4800,99.3700,99.3700,8663.12,1789350299999,861413.499000,804,2439.59,242585.341500,0
1789350300000,99.3800,99.3900,99.3200,99.3500,4838.77,1789350359999,480713.971100,1137,2515.96,249960.317300,0
1789350360000,99.3400,99.3800,99.3400,99.3600,4197.91,1789350419999,417120.490100,716,2841.07,282304.399900,0
1789350420000,99.3600,99.5200,99.3400,99.5200,7450.99,1789350479999,740756.758100,1387,6097.66,606202.426400,0
1789350480000,99.5200,99.6100,99.5100,99.5500,12678.67,1789350539999,1262545.739200,1358,9241.74,920327.982800,0
1789350540000,99.5500,99.5800,99.5300,99.5300,5870.23,1789350599999,584432.089100,887,2605.21,259379.390400,0
1789350600000,99.5200,99.5300,99.4200,99.4300,9235.88,1789350659999,918723.922000,1159,3490.10,347215.187900,0
1789350660000,99.4300,99.5500,99.3900,99.5100,17821.64,1789350719999,1772607.038700,1842,12087.49,1202186.203800,0
1789350720000,99.5000,99.6000,99.5000,99.6000,2958.84,1789350779999,294606.004400,823,1792.39,178459.506200,0
1789350780000,99.6100,99.6600,99.6000,99.6400,3273.87,1789350839999,326199.963600,859,1986.08,197891.308500,0
1789350840000,99.6300,99.7300,99.6300,99.7300,4087.91,1789350899999,407522.121800,1019,2397.96,239042.373600,0
1789350900000,99.7300,99.7900,99.6900,99.7500,15823.82,1789350959999,1578368.504900,1696,6456.18,643940.450100,0
1789350960000,99.7500,99.8500,99.7400,99.7800,13938.59,1789351019999,1390916.575900,1847,5846.50,583425.588900,0
1789351020000,99.7800,99.9700,99.7700,99.9500,19905.05,1789351079999,1987951.265700,2658,12991.23,1297460.358300,0
1789351080000,99.9500,100.1100,99.9500,100.0200,34684.97,1789351139999,3469367.554300,3302,24817.00,2482294.034600,0
1789351140000,100.0300,100.1800,100.0100,100.1100,18099.78,1789351199999,1812232.357800,2167,13504.88,1352165.643900,0
1789351200000,100.1100,100.1200,100.0300,100.0800,18737.22,1789351259999,1875078.473100,1798,6409.22,641404.147500,0
1789351260000,100.0900,100.0900,99.9800,100.0000,15585.17,1789351319999,1558696.584500,1373,3521.81,352233.107900,0
1789351320000,100.0000,100.0200,99.9400,99.9500,8083.46,1789351379999,808074.985000,1511,3768.41,376739.041900,0
1789351380000,99.9600,100.0000,99.9200,99.9200,9149.63,1789351439999,914559.815800,1319,4154.68,415316.056600,0
1789351440000,99.9100,99.9500,99.9100,99.9400,4114.95,1789351499999,411211.478000,973,2383.96,238235.763000,0
1789351500000,99.9400,99.9800,99.9000,99.9800,4091.31,1789351559999,408915.666100,1175,1888.69,188777.931000,0
1789351560000,99.9700,100.1300,99.9700,100.1300,12249.39,1789351619999,1225192.524500,1688,9661.29,966314.592500,0
1789351620000,100.1300,100.2300,100.1000,100.1900,12460.24,1789351679999,1248113.630400,1844,8572.50,858734.814900,0
1789351680000,100.2000,100.3200,100.1700,100.3100,44415.79,1789351739999,4452527.162200,2610,37779.15,3787326.197600,0
1789351740000,100.3200,100.3800,100.2100,100.3700,34179.52,1789351799999,3428737.074000,2683,19923.38,1998801.989200,0
1789351800000,100.3600,100.4900,100.3500,100.4200,23730.85,1789351859999,2383579.625800,2720,12087.52,1214072.030100,0
1789351860000,100.4100,100.5400,100.3700,100.5300,24950.99,1789351919999,2506693.395000,2343,18129.42,1821642.454600,0
1789351920000,100.5400,100.7000,100.4000,100.4000,59559.72,1789351979999,5990286.798700,5203,25811.45,2596536.250400,0
1789351980000,100.4000,100.4700,100.4000,100.4500,12587.85,1789352039999,1264312.105800,1225,4140.86,415885.929200,0
1789352040000,100.4400,100.6300,100.4400,100.6200,9128.64,1789352099999,917756.875500,1506,6111.33,614368.213000,0
1789352100000,100.6200,100.6300,100.4500,100.4600,13905.00,1789352159999,1398219.451800,1934,3804.97,382589.832400,0
1789352160000,100.4500,100.5300,100.4500,100.4500,6920.72,1789352219999,695407.880600,1213,1988.09,199766.854000,0
1789352220000,100.4500,100.5000,100.4500,100.4800,6320.88,1789352279999,635096.419800,1012,2174.03,218439.301400,0
1789352280000,100.4800,100.5000,100.4200,100.4500,5188.84,1789352339999,521250.776700,1068,986.95,99146.657200,0
1789352340000,100.4500,100.5000,100.4300,100.4500,23297.81,1789352399999,2340514.165200,1513,1603.84,161150.481700,0
1789352400000,100.4400,100.4800,100.4000,100.4700,9157.12,1789352459999,919792.971900,1452,4821.95,484351.315100,0
1789352460000,100.4700,100.5600,100.4700,100.5100,8682.95,1789352519999,872757.486800,1250,4524.47,454720.599900,0
1789352520000,100.5100,100.6300,100.5100,100.5800,7619.76,1789352579999,766400.101200,2085,3440.92,346074.827700,0
1789352580000,100.5800,100.6800,100.5500,100.6600,33506.85,1789352639999,3372329.964700,1696,29061.18,2924973.800000,0
1789352640000,100.6600,100.7600,100.6200,100.7500,15449.33,1789352699999,1555948.709400,1983,9999.52,1007084.215800,0
1789352700000,100.7600,100.9800,100.7300,100.8200,55247.32,1789352759999,5571019.495200,5863,32021.22,3228998.844700,0
1789352760000,100.8200,100.9500,100.7900,100.9200,19999.45,1789352819999,2017961.380000,2384,10233.72,1032475.892100,0
1789352820000,100.9200,100.9700,100.8200,100.8400,17292.17,1789352879999,1744741.140400,1881,5887.38,594072.396400,0
1789352880000,100.8300,100.8400,100.7500,100.7500,8844.63,1789352939999,891455.660600,1175,1333.58,134402.833200,0
1789352940000,100.7600,100.8000,100.7500,100.7900,11999.24,1789352999999,1209254.071400,1031,9143.01,921407.982900,0
1789353000000,100.8000,100.9000,100.7900,100.8900,8843.48,1789353059999,891609.203100,1975,4621.90,466033.298400,0
1789353060000,100.9000,100.9800,100.8700,100.9100,12994.78,1789353119999,1311475.555800,2109,3974.45,401102.522700,0
1789353120000,100.9200,100.9400,100.8600,100.8800,16745.88,1789353179999,1689710.913400,1980,8530.86,860822.694500,0
1789353180000,100.8700,100.8800,100.8000,100.8100,8556.73,1789353239999,862873.262800,1453,3001.75,302732.154500,0
1789353240000,100.8100,100.8700,100.8100,100.8600,6424.55,1789353299999,647903.338800,1004,2580.88,260280.746500,0
1789353300000,100.8600,100.8800,100.7300,100.8100,15568.13,1789353359999,1569382.976600,1668,4910.29,495082.342800,0
1789353360000,100.8100,100.8200,100.7700,100.7800,5105.48,1789353419999,514603.850100,925,1311.12,132156.925700,0
1789353420000,100.7700,100.7900,100.7400,100.7500,4159.91,1789353479999,419147.622600,641,1063.42,107152.732000,0
1789353480000,100.7400,100.7500,100.6200,100.6400,10297.45,1789353539999,1036636.115300,1169,1377.06,138609.722200,0
1789353540000,100.6300,100.6800,100.6200,100.6300,6367.10,1789353599999,640844.365500,782,3048.21,306804.909800,0
1789353600000,100.6200,100.6700,100.5900,100.5900,4854.18,1789353659999,488496.837600,797,1308.11,131652.894600,0
1789353660000,100.5900,100.6200,100.5600,100.6200,3902.76,1789353719999,392584.219300,863,2157.06,216999.030900,0
1789353720000,100.6100,100.6700,100.6000,100.6700,13268.12,1789353779999,1335142.769200,1207,7122.90,716811.378600,0
1789353780000,100.6700,100.6800,100.6500,100.6800,3465.02,1789353839999,348811.536000,585,1258.94,126743.971500,0
1789353840000,100.6800,100.7100,100.6600,100.6800,7725.54,1789353899999,777858.454500,1077,3622.34,364739.995000,0
1789353900000,100.6900,100.8300,100.6800,100.7800,40309.54,1789353959999,4061157.895700,2609,14195.47,1430002.628500,0
1789353960000,100.7700,100.8300,100.7500,100.7800,6072.95,1789354019999,612105.910400,1020,2413.60,243289.965600,0
1789354020000,100.7800,100.8400,100.7700,100.7900,4066.42,1789354079999,409917.371400,1048,1734.23,174823.210000,0
1789354080000,100.8000,100.8300,100.7800,100.8100,5725.87,1789354139999,577182.434600,891,1920.71,193607.228700,0
1789354140000,100.8200,100.8900,100.8100,100.8200,10525.46,1789354199999,1061512.977600,1300,6935.28,699448.088200,0
1789354200000,100.8200,100.9900,100.8100,100.9400,24832.13,1789354259999,2506059.294400,1888,15346.64,1548723.297200,0
1789354260000,100.9400,100.9500,100.9100,100.9500,7289.64,1789354319999,735794.754900,987,2841.91,286859.719800,0
1789354320000,100.9500,100.9900,100.9000,100.9900,7728.10,1789354379999,780008.129600,972,5700.56,575394.799400,0
1789354380000,101.0000,101.0300,100.9400,100.9600,14633.85,1789354439999,1477943.333500,1724,7079.73,715014.517800,0
1789354440000,100.9500,101.0000,100.9500,100.9800,7681.12,1789354499999,775636.828700,1010,4308.80,435098.708000,0
1789354500000,100.9700,101.0000,100.8900,100.9100,11542.96,1789354559999,1165355.249400,1442,6076.59,613497.178800,0
1789354560000,100.9200,100.9800,100.9100,100.9500,4132.68,1789354619999,417176.891600,1139,1665.34,168112.033300,0
1789354620000,100.9500,100.9500,100.9100,100.9400,8699.23,1789354679999,877991.472000,898,1322.52,133486.251700,0
1789354680000,100.9400,100.9700,100.9200,100.9700,5586.41,1789354739999,563951.001600,775,3763.36,379923.620700,0
1789354740000,100.9700,100.9700,100.9400,100.9500,3178.48,1789354799999,320877.818400,512,1367.14,138021.362700,0
1789354800000,100.9400,100.9700,100.8900,100.9100,9538.95,1789354859999,962752.922100,1503,3289.45,332012.151000,0
1789354860000,100.9000,100.9600,100.8500,100.9500,10717.94,1789354919999,1081465.895800,1756,3479.47,351050.551100,0
1789354920000,100.9500,101.0000,100.9500,100.9600,13553.03,1789354979999,1368590.192800,1374,10812.62,1091878.353700,0
1789354980000,100.9700,100.9700,100.9000,100.9600,6104.88,1789355039999,616239.475900,1021,3916.33,395332.064700,0
1789355040000,100.9600,100.9700,100.9100,100.9500,10572.05,1789355099999,1067282.126900,811,1903.74,192161.960800,0
1789355100000,100.9500,101.0300,100.9300,101.0200,9839.00,1789355159999,993612.443300,1698,5314.74,536726.463000,0
1789355160000,101.0200,101.0500,100.9700,101.0100,15226.30,1789355219999,1538153.336900,1592,6292.63,635681.478000,0
1789355220000,101.0000,101.0400,100.9400,100.9600,10306.30,1789355279999,1040770.999000,1486,3487.01,352153.934300,0
1789355280000,100.9600,101.1500,100.9400,101.1500,21464.15,1789355339999,2168970.686600,2527,11547.12,1166922.406600,0
1789355340000,101.1500,101.2000,101.1200,101.1800,21004.61,1789355399999,2124685.302000,2053,13432.28,1358764.429300,0
1789355400000,101.1700,101.1900,101.1000,101.1300,13190.55,1789355459999,1334113.956300,1501,5483.96,554688.434500,0
1789355460000,101.1200,101.2500,101.1100,101.2400,29048.75,1789355519999,2939326.447600,2060,22960.57,2323269.901300,0
1789355520000,101.2400,101.2700,101.1800,101.1800,13452.12,1789355579999,1361663.987300,1499,3228.61,326841.763000,0
1789355580000,101.1800,101.2600,101.1800,101.2500,3663.15,1789355639999,370816.908800,963,2534.51,256565.152400,0
1789355640000,101.2500,101.2500,101.1700,101.1800,4805.89,1789355699999,486389.779600,887,1188.78,120328.948900,0
1789355700000,101.1900,101.2300,101.1700,101.1700,7369.50,1789355759999,745770.451800,1056,3297.13,333670.463600,0
1789355760000,101.1800,101.2000,101.0900,101.1000,6452.22,1789355819999,652574.067800,1099,879.67,88983.780000,0
1789355820000,101.0900,101.1200,101.0600,101.0600,14853.79,1789355879999,1501643.787700,895,10678.39,1079580.117900,0
1789355880000,101.0700,101.0800,101.0500,101.0500,3195.94,1789355939999,322988.803200,474,735.50,74337.650300,0
1789355940000,101.0500,101.0500,100.9900,101.0300,19680.16,1789355999999,1988089.468400,1376,3051.29,308250.076700,0
1789356000000,101.0300,101.1500,101.0200,101.1200,11059.47,1789356059999,1117962.668000,1562,6468.37,653838.156300,0
1789356060000,101.1200,101.2700,101.1200,101.1900,16277.87,1789356119999,1647197.442300,1800,8581.42,868404.240200,0
1789356120000,101.1800,101.2600,101.1300,101.2600,13554.54,1789356179999,1371581.345800,1605,5605.64,567269.400500,0
1789356180000,101.2600,101.2900,101.1600,101.1900,5077.00,1789356239999,513937.689000,1260,1779.29,180114.511800,0
1789356240000,101.1900,101.2100,101.1400,101.1600,9102.68,1789356299999,920981.512400,1081,976.73,98817.158200,0
1789356300000,101.1700,101.1700,101.1100,101.1300,9108.06,1789356359999,921155.345500,1275,2958.72,299246.543200,0
1789356360000,101.1200,101.2100,101.1000,101.2100,6853.80,1789356419999,693246.313400,1351,2546.02,257585.902300,0
1789356420000,101.2100,101.2200,101.1700,101.1800,4963.65,1789356479999,502315.665300,674,1086.01,109913.983300,0
1789356480000,101.1700,101.1800,101.1100,101.1400,7382.80,1789356539999,746830.434800,990,2799.15,283148.507200,0
1789356540000,101.1500,101.1600,101.1000,101.1100,4611.33,1789356599999,466387.961400,616,1717.58,173727.567900,0
1789356600000,101.1100,101.1100,101.0100,101.0300,9443.23,1789356659999,954328.126900,1208,4944.33,499656.903300,0
1789356660000,101.0300,101.0400,100.9400,101.0000,17639.62,1789356719999,1781398.713800,1660,3986.92,402671.391600,0
1789356720000,101.0000,101.0200,100.9400,100.9600,9299.89,1789356779999,939160.980500,1163,2326.43,234944.244900,0
1789356780000,100.9500,100.9600,100.8200,100.8600,27519.86,1789356839999,2776240.127900,1889,8400.78,847664.145100,0
1789356840000,100.8600,100.8700,100.8000,100.8000,10258.79,1789356899999,1034349.255800,1109,4597.93,463640.112900,0
1789356900000,100.8000,100.9400,100.7700,100.9300,25334.95,1789356959999,2554586.849500,1847,17768.40,1791599.804300,0
1789356960000,100.9300,100.9400,100.8800,100.8900,5388.50,1789357019999,543739.046800,749,2372.97,239444.413500,0
1789357020000,100.8800,100.9100,100.8600,100.9100,5778.89,1789357079999,583025.808600,779,3724.86,375806.026100,0
1789357080000,100.9100,100.9200,100.8600,100.8700,5950.68,1789357139999,600401.800900,915,1784.94,180100.163600,0
1789357140000,100.8600,100.8700,100.8300,100.8600,4556.13,1789357199999,459490.178700,686,2558.58,258039.360300,0
1789357200000,100.8600,100.8600,100.7700,100.7700,6671.63,1789357259999,672597.823400,949,1155.01,116438.746800,0
1789357260000,100.7700,100.7900,100.7600,100.7700,5693.33,1789357319999,573739.381900,710,1998.23,201380.493100,0
1789357320000,100.7800,100.7800,100.7400,100.7600,4762.45,1789357379999,479827.303700,760,1687.35,170008.497000,0
1789357380000,100.7700,100.8000,100.7400,100.8000,2447.47,1789357439999,246628.537400,565,1718.60,173187.833700,0
1789357440000,100.8000,100.8000,100.7800,100.7900,2963.86,1789357499999,298730.525000,392,713.05,71873.092300,0
1789357500000,100.7900,100.8000,100.7800,100.8000,2054.61,1789357559999,207090.495100,273,762.64,76872.954700,0
1789357560000,100.8000,100.8000,100.7900,100.8000,3001.23,1789357619999,302519.867400,423,2589.57,261028.656000,0
1789357620000,100.8000,100.8300,100.7900,100.8300,7554.65,1789357679999,761598.325800,611,5444.73,548909.878500,0
1789357680000,100.8200,100.8700,100.8200,100.8700,11487.10,1789357739999,1158492.585300,970,8684.98,875898.309900,0
1789357740000,100.8600,100.8700,100.8000,100.8000,8173.08,1789357799999,824046.212600,845,2934.91,295897.713300,0
1789357800000,100.8000,100.8100,100.7400,100.7900,6789.94,1789357859999,684190.937700,758,1496.41,150785.898700,0
1789357860000,100.7800,100.8200,100.7800,100.7900,3242.86,1789357919999,326885.034700,764,1219.52,122932.349600,0
1789357920000,100.7900,100.8100,100.7900,100.8100,1518.56,1789357979999,153069.974100,335,801.57,80801.052500,0
1789357980000,100.8200,100.9200,100.8100,100.9100,3769.94,1789358039999,380227.066700,803,3374.73,340374.688400,0
1789358040000,100.9200,100.9200,100.8900,100.9100,2801.55,1789358099999,282694.780900,499,656.59,66255.510700,0
1789358100000,100.9000,100.9200,100.8900,100.9200,2903.45,1789358159999,292953.418800,404,922.25,93056.907100,0
1789358160000,100.9200,100.9300,100.9000,100.9100,1437.08,1789358219999,145024.447100,448,602.48,60800.709400,0
1789358220000,100.9100,100.9300,100.8600,100.8800,2374.19,1789358279999,239534.368000,582,995.36,100414.435600,0
1789358280000,100.8700,100.9300,100.8600,100.9300,3317.64,1789358339999,334691.459100,556,2178.93,219822.565000,0
1789358340000,100.9300,100.9500,100.9200,100.9400,6827.32,1789358399999,689143.318400,582,6226.48,628495.547100,0
1789358400000,100.9400,100.9900,100.9300,100.9400,6970.96,1789358459999,703770.860100,936,2921.39,294949.506000,0
1789358460000,100.9300,100.9500,100.8600,100.8600,5936.81,1789358519999,598949.775500,1365,1620.80,163537.264400,0
1789358520000,100.8600,100.8900,100.8300,100.8400,3720.82,1789358579999,375268.354700,777,965.75,97408.206300,0
1789358580000,100.8400,100.8700,100.8400,100.8700,2668.44,1789358639999,269121.209400,593,1401.86,141383.077600,0
1789358640000,100.8600,100.8800,100.8400,100.8700,2073.04,1789358699999,209090.348700,484,727.89,73420.943000,0
1789358700000,100.8700,100.9300,100.8600,100.9300,3310.92,1789358759999,334075.468000,815,2153.33,217269.456200,0
1789358760000,100.9300,101.0400,100.9200,101.0300,5510.27,1789358819999,556527.213200,1158,4166.34,420802.880800,0
1789358820000,101.0400,101.0600,100.9000,100.9400,30510.28,1789358879999,3080846.692200,1991,10300.65,1040327.856700,0
1789358880000,100.9300,100.9800,100.9300,100.9400,6932.13,1789358939999,699768.843100,684,2418.32,244129.629200,0
1789358940000,100.9300,100.9800,100.9300,100.9800,9966.06,1789358999999,1006010.495900,505,8249.13,832703.737800,0
1789359000000,100.9800,100.9900,100.9600,100.9600,2683.64,1789359059999,270992.120700,571,946.40,95571.975300,0
1789359060000,100.9700,100.9800,100.8800,100.8900,5707.02,1789359119999,576075.316700,915,1341.20,135407.063500,0
1789359120000,100.8800,100.9000,100.8800,100.8800,1408.13,1789359179999,142066.791600,499,493.96,49838.823100,0
1789359180000,100.8900,100.9200,100.8800,100.9100,2927.05,1789359239999,295345.933400,463,1127.38,113756.202400,0
1789359240000,100.9000,100.9100,100.8600,100.8900,4648.89,1789359299999,469023.765400,685,2402.23,242355.261100,0
1789359300000,100.8800,100.8900,100.8400,100.8600,3793.88,1789359359999,382659.759300,704,1894.66,191094.373200,0
1789359360000,100.8500,100.9900,100.8400,100.9200,26958.02,1789359419999,2720598.683700,1569,21404.58,2159931.685300,0
1789359420000,100.9200,100.9300,100.9200,100.9300,2567.64,1789359479999,259134.288500,245,2122.33,214193.603300,0
1789359480000,100.9300,100.9300,100.9000,100.9000,1903.59,1789359539999,192091.363800,497,298.50,30122.144600,0
1789359540000,100.9100,100.9300,100.9000,100.9300,3825.22,1789359599999,386038.952100,443,1468.70,148218.998700,0
1789359600000,100.9300,101.0300,100.9300,101.0100,3519.94,1789359659999,355503.408500,668,2156.47,217795.377400,0
1789359660000,101.0100,101.0800,100.9600,101.0800,19397.05,1789359719999,1959705.434400,1281,11472.77,1159372.104900,0
1789359720000,101.0700,101.0800,101.0300,101.0300,5916.63,1789359779999,597914.261800,636,3154.64,318804.392200,0
1789359780000,101.0400,101.1500,101.0400,101.1500,14548.56,1789359839999,1470895.620200,1288,8405.26,849824.698900,0
1789359840000,101.1500,101.1600,101.0400,101.1200,15404.96,1789359899999,1557453.559400,1303,3776.10,381691.254700,0
1789359900000,101.1300,101.1500,101.0700,101.0700,9499.45,1789359959999,960577.178500,1238,5763.37,582783.555900,0
1789359960000,101.0800,101.0900,101.0600,101.0700,2026.29,1789360019999,204814.967400,430,1272.20,128594.405500,0
1789360020000,101.0700,101.0800,101.0400,101.0500,2246.22,1789360079999,227004.078000,496,1051.56,106276.597400,0
1789360080000,101.0400,101.0500,100.9400,100.9500,3844.32,1789360139999,388297.029500,791,845.46,85423.441400,0
1789360140000,100.9500,100.9600,100.9400,100.9500,3906.35,1789360199999,394342.022700,426,1459.03,147290.100200,0
1789360200000,100.9500,100.9800,100.9500,100.9800,2263.15,1789360259999,228486.703800,424,627.52,63359.498900,0
1789360260000,100.9700,100.9700,100.9400,100.9500,3391.69,1789360319999,342409.382000,428,1450.18,146407.122200,0
1789360320000,100.9400,100.9500,100.8900,100.9000,10823.33,1789360379999,1092285.058800,938,6143.04,619926.595100,0
1789360380000,100.9000,100.9000,100.8500,100.8600,3522.15,1789360439999,355275.164200,618,115.62,11662.534800,0
1789360440000,100.8600,101.0400,100.8500,100.9800,31892.37,1789360499999,3220134.646600,1922,24506.14,2474059.919000,0
1789360500000,100.9700,101.0400,100.9700,101.0300,5934.37,1789360559999,599432.149000,646,4285.55,432876.672600,0
1789360560000,101.0400,101.0600,101.0300,101.0400,4195.63,1789360619999,423951.222900,507,1227.23,124002.188300,0
1789360620000,101.0400,101.0900,101.0300,101.0900,3467.90,1789360679999,350493.988800,676,1714.24,173251.781800,0
1789360680000,101.0900,101.1100,101.0600,101.1000,12285.80,1789360739999,1241976.823400,855,4543.90,459400.104900,0
1789360740000,101.1000,101.1400,101.1000,101.1300,6082.07,1789360799999,615019.822200,436,3195.30,323110.358900,0
1789360800000,101.1400,101.1500,101.1300,101.1500,2607.30,1789360859999,263684.100100,275,680.22,68798.466100,0
1789360860000,101.1500,101.1600,101.1300,101.1500,1823.58,1789360919999,184451.844100,344,968.65,97979.772400,0
1789360920000,101.1600,101.1700,101.1300,101.1600,2999.18,1789360979999,303379.111100,369,924.02,93470.135700,0
1789360980000,101.1600,101.2400,101.1400,101.1800,18414.24,1789361039999,1863361.775100,1587,12185.53,1233100.791400,0
1789361040000,101.1700,101.1700,101.1500,101.1600,2641.08,1789361099999,267178.861100,319,921.11,93184.541600,0
1789361100000,101.1700,101.2700,101.1600,101.2600,4840.67,1789361159999,489980.473000,651,4267.31,431933.849000,0
1789361160000,101.2700,101.3200,101.1600,101.1700,31325.92,1789361219999,3172108.582800,1930,13674.12,1384839.195000,0
1789361220000,101.1800,101.1900,101.1700,101.1700,2004.47,1789361279999,202813.046300,315,647.07,65471.510200,0
1789361280000,101.1800,101.2200,101.1600,101.1900,6229.59,1789361339999,630374.855700,613,5172.46,523408.392600,0
1789361340000,101.2000,101.2200,101.2000,101.2100,1485.95,1789361399999,150391.555200,267,1045.24,105789.642400,0
1789361400000,101.2200,101.2200,101.0900,101.1800,25720.52,1789361459999,2601755.838700,1655,6125.04,619499.365000,0
1789361460000,101.1800,101.1800,101.1000,101.1200,4934.40,1789361519999,499051.120000,704,1509.59,152643.191200,0
1789361520000,101.1300,101.1600,101.1200,101.1300,3524.19,1789361579999,356414.016100,598,732.69,74103.121200,0
1789361580000,101.1200,101.1200,101.0900,101.1200,5134.85,1789361639999,519160.589300,474,1003.96,101507.077300,0
1789361640000,101.1200,101.1300,101.0900,101.1000,1799.73,1789361699999,181976.552300,310,374.19,37835.759600,0
1789361700000,101.1000,101.1300,101.1000,101.1200,3045.95,1789361759999,308009.360400,145,2675.68,270568.168600,0
1789361760000,101.1200,101.1400,101.1000,101.1000,3691.09,1789361819999,373247.673400,428,1033.97,104571.600900,0
1789361820000,101.0900,101.1000,101.0200,101.0400,5305.40,1789361879999,536090.772000,779,3129.06,316142.108800,0
1789361880000,101.0400,101.1000,101.0400,101.0900,8833.88,1789361939999,892792.458000,1248,5155.75,521083.545900,0
1789361940000,101.1000,101.1400,101.0900,101.1300,1509.60,1789361999999,152638.417600,328,997.77,100887.760200,0
1789362000000,101.1300,101.1600,101.0500,101.0500,6006.95,1789362059999,607290.468300,1136,2199.56,222361.337800,0
1789362060000,101.0500,101.1000,101.0500,101.0900,2676.61,1789362119999,270529.336900,625,1062.66,107404.582500,0
1789362120000,101.0900,101.1000,100.9900,101.0100,8865.04,1789362179999,895560.148800,1208,3223.07,325566.706000,0
1789362180000,101.0100,101.0500,101.0100,101.0500,1417.54,1789362239999,143200.737600,365,645.84,65246.970700,0
1789362240000,101.0500,101.0700,101.0500,101.0700,750.90,1789362299999,75887.144700,311,556.44,56235.124700,0
1789362300000,101.0800,101.1400,101.0700,101.1300,2566.76,1789362359999,259558.620400,479,1998.20,202074.437900,0
1789362360000,101.1300,101.1800,101.1200,101.1300,4312.27,1789362419999,436209.948600,672,1778.46,179893.752600,0
1789362420000,101.1300,101.1400,101.1200,101.1300,1016.23,1789362479999,102768.367800,476,158.49,16028.296200,0
1789362480000,101.1200,101.1400,101.0800,101.0900,2144.05,1789362539999,216800.312400,589,216.39,21883.471200,0
1789362540000,101.0800,101.1100,101.0700,101.0700,1845.62,1789362599999,186573.165300,446,565.11,57130.660900,0
1789362600000,101.0700,101.0700,101.0400,101.0500,2739.28,1789362659999,276817.297900,520,1613.47,163046.856700,0
1789362660000,101.0500,101.0800,101.0200,101.0700,2315.02,1789362719999,233920.647700,593,1031.43,104223.967700,0
1789362720000,101.0800,101.1100,101.0800,101.1100,1240.31,1789362779999,125376.284900,266,539.44,54532.240700,0
1789362780000,101.1100,101.1300,101.0900,101.1300,3126.19,1789362839999,316090.066500,598,1535.36,155247.607800,0
1789362840000,101.1300,101.1800,101.1300,101.1600,4408.26,1789362899999,445967.560500,481,1523.91,154160.493300,0
1789362900000,101.1600,101.1700,101.1100,101.1200,2589.43,1789362959999,261902.378100,519,1019.50,103100.814600,0
1789362960000,101.1100,101.1300,101.0800,101.0800,1825.62,1789363019999,184588.677600,586,286.00,28918.949300,0
1789363020000,101.0800,101.0900,101.0300,101.0400,1290.19,1789363079999,130376.945300,607,177.80,17968.473300,0
1789363080000,101.0300,101.0500,101.0300,101.0300,3760.23,1789363139999,379933.310200,468,989.43,99972.481500,0
1789363140000,101.0300,101.0400,101.0100,101.0400,5023.62,1789363199999,507483.737200,598,2183.09,220541.772700,0
1789363200000,101.0400,101.0600,101.0400,101.0600,965.77,1789363259999,97591.736000,227,378.08,38205.661500,0
1789363260000,101.0600,101.0600,101.0200,101.0400,1380.89,1789363319999,139522.913700,432,611.68,61800.858300,0
1789363320000,101.0400,101.0500,101.0000,101.0100,1769.47,1789363379999,178763.078300,388,153.21,15478.043400,0
1789363380000,101.0000,101.0200,101.0000,101.0100,1632.93,1789363439999,164946.918400,281,878.65,88755.364700,0
1789363440000,101.0100,101.0100,100.9800,100.9800,6847.92,1789363499999,691618.362300,445,107.08,10816.139200,0
1789363500000,100.9800,101.0000,100.9800,100.9800,1999.74,1789363559999,201944.495700,353,397.71,40164.812000,0
1789363560000,100.9800,101.0300,100.9800,101.0300,3527.92,1789363619999,356357.548400,403,2206.99,222928.318000,0
1789363620000,101.0200,101.0300,100.9900,100.9900,6359.66,1789363679999,642365.619200,572,2495.25,252032.359500,0
1789363680000,100.9900,101.0000,100.9600,100.9600,2401.08,1789363739999,242448.651900,419,352.05,35548.306600,0
1789363740000,100.9600,101.0000,100.9600,100.9800,3025.89,1789363799999,305563.177700,353,1659.82,167606.726800,0
1789363800000,100.9800,101.0200,100.9800,100.9900,6149.69,1789363859999,621115.647700,678,2262.24,228486.998800,0
1789363860000,100.9900,101.0100,100.9700,101.0000,1664.93,1789363919999,168138.556800,405,1114.24,112525.152000,0
1789363920000,101.0000,101.0100,101.0000,101.0100,2137.74,1789363979999,215914.093600,334,235.36,23773.713600,0
1789363980000,101.0000,101.0100,100.9100,100.9400,15193.41,1789364039999,1533928.146100,1191,2893.96,292129.176300,0
1789364040000,100.9400,100.9700,100.9400,100.9500,4265.94,1789364099999,430693.147200,384,3208.18,323907.915800,0
1789364100000,100.9500,101.0100,100.9500,101.0100,1042.45,1789364159999,105273.925400,417,636.73,64298.090000,0
1789364160000,101.0000,101.0500,100.9800,101.0500,5649.84,1789364219999,570659.674300,734,1991.25,201142.489900,0
1789364220000,101.0500,101.1300,101.0500,101.1300,4222.91,1789364279999,426942.381700,704,2678.49,270780.024500,0
1789364280000,101.1200,101.1300,101.0900,101.1300,4229.43,1789364339999,427638.901700,502,2364.44,239073.151600,0
1789364340000,101.1300,101.1400,101.1100,101.1200,3762.83,1789364399999,380527.283700,485,657.51,66493.759100,0
1789364400000,101.1200,101.1300,101.0700,101.0900,4687.19,1789364459999,473855.614400,544,2390.26,241633.652600,0
1789364460000,101.1000,101.1400,101.0900,101.1300,2128.67,1789364519999,215248.941100,487,853.80,86329.215800,0
1789364520000,101.1300,101.1400,101.0300,101.0300,3837.98,1789364579999,387948.495300,809,632.85,63965.548900,0
1789364580000,101.0300,101.0300,100.9800,101.0200,10187.13,1789364639999,1028808.691000,876,3444.40,347835.020400,0
1789364640000,101.0200,101.0400,101.0100,101.0400,842.53,1789364699999,85120.153900,259,574.68,58059.283400,0
1789364700000,101.0300,101.0800,101.0300,101.0300,3028.60,1789364759999,306067.126400,599,1149.42,116150.505000,0
1789364760000,101.0400,101.0600,101.0100,101.0200,1721.12,1789364819999,173910.012200,506,782.67,79085.985900,0
1789364820000,101.0200,101.0300,101.0000,101.0000,2491.61,1789364879999,251671.528900,621,904.14,91322.862100,0
1789364880000,101.0000,101.0300,100.9700,100.9800,2114.25,1789364939999,213550.694000,545,785.25,79315.387100,0
1789364940000,100.9700,100.9800,100.9300,100.9300,1994.79,1789364999999,201368.856700,557,616.20,62201.286600,0
1789365000000,100.9300,100.9400,100.9100,100.9400,4469.36,1789365059999,451079.418400,561,2555.51,257928.795300,0
1789365060000,100.9400,100.9400,100.9200,100.9300,2414.36,1789365119999,243677.514200,371,260.95,26338.326300,0
1789365120000,100.9300,100.9400,100.9100,100.9300,4014.52,1789365179999,405184.555300,459,3037.12,306544.606000,0
1789365180000,100.9300,100.9500,100.9300,100.9500,1179.96,1789365239999,119106.201600,177,626.30,63220.145400,0
1789365240000,100.9500,100.9700,100.9500,100.9600,2456.83,1789365299999,248035.192900,356,1970.93,198981.994900,0
1789365300000,100.9700,101.0300,100.9700,101.0100,6335.35,1789365359999,639879.719300,705,3980.79,402061.744900,0
1789365360000,101.0100,101.0100,101.0000,101.0100,2270.19,1789365419999,229292.987000,319,1624.32,164058.318800,0
1789365420000,101.0000,101.0200,100.9800,101.0100,4045.43,1789365479999,408585.146200,636,1289.54,130246.256300,0
1789365480000,101.0100,101.0300,101.0100,101.0300,1828.96,1789365539999,184757.167400,339,1030.58,104112.739300,0
1789365540000,101.0200,101.0800,101.0100,101.0800,6620.98,1789365599999,668980.536900,555,5189.96,524418.456200,0
1789365600000,101.0700,101.1300,101.0400,101.0500,9575.86,1789365659999,967959.350800,1176,2241.95,226603.337300,0
1789365660000,101.0500,101.1400,101.0400,101.1400,7044.13,1789365719999,712151.706900,890,4087.86,413250.461800,0
1789365720000,101.1400,101.1800,101.0900,101.1600,12036.42,1789365779999,1217275.163400,1371,4869.03,492452.207800,0
1789365780000,101.1500,101.2300,101.1500,101.1900,5165.22,1789365839999,522732.961100,859,3832.54,387855.637500,0
1789365840000,101.2000,101.2900,101.1900,101.2700,17584.25,1789365899999,1780194.090800,1590,11841.65,1198838.213300,0
1789365900000,101.2700,101.4500,101.2500,101.4100,49805.07,1789365959999,5049463.836800,3475,34121.55,3459362.907000,0
1789365960000,101.4100,101.4200,101.3600,101.4100,12775.76,1789366019999,1295422.731000,1313,5974.40,605785.841300,0
1789366020000,101.4200,101.9600,101.4100,101.9400,172070.79,1789366079999,17498618.796000,11384,110633.01,11249441.531300,0
1789366080000,101.9400,101.9800,101.6700,101.6700,62937.98,1789366139999,6408604.575500,3798,13388.29,1363668.658000,0
1789366140000,101.6800,101.6800,101.6100,101.6700,18759.07,1789366199999,1906651.285600,1891,12832.97,1304344.711900,0
1789366200000,101.6700,101.7200,101.6600,101.7200,8159.07,1789366259999,829734.412600,1062,5333.35,542376.543600,0
1789366260000,101.7100,101.9400,101.7100,101.8800,38490.13,1789366319999,3919760.705500,3725,24769.13,2522575.498700,0
1789366320000,101.8700,101.8800,101.7700,101.7800,16047.81,1789366379999,1634174.568800,2068,6234.81,634919.452700,0
1789366380000,101.7700,101.7700,101.6200,101.6200,10542.87,1789366439999,1072149.709400,1579,1969.68,200358.987000,0
1789366440000,101.6200,101.7100,101.6000,101.7100,9431.85,1789366499999,958600.225800,1058,4908.74,498988.779100,0
1789366500000,101.7100,101.7100,101.6200,101.6300,9118.73,1789366559999,927037.104300,1258,2055.55,209014.398100,0
1789366560000,101.6300,101.7000,101.6300,101.6700,3372.23,1789366619999,342830.454100,853,2158.55,219441.890200,0
1789366620000,101.6700,101.6900,101.6200,101.6300,8637.34,1789366679999,877935.118700,1276,3940.44,400499.925300,0
1789366680000,101.6400,101.6600,101.6200,101.6300,6887.02,1789366739999,699965.176400,633,4227.33,429655.725300,0
1789366740000,101.6300,101.6400,101.5600,101.5700,40610.42,1789366799999,4125591.742300,1438,31094.30,3158884.259300,0
1789366800000,101.5700,101.5900,101.5300,101.5300,21075.67,1789366859999,2140340.220300,1086,8427.93,855962.916600,0
1789366860000,101.5300,101.5400,101.4800,101.5300,7531.62,1789366919999,764496.221000,1178,4439.17,450610.069400,0
1789366920000,101.5400,101.5500,101.5200,101.5300,4382.30,1789366979999,444940.141700,515,543.42,55180.631400,0
1789366980000,101.5200,101.5400,101.4900,101.4900,16551.34,1789367039999,1680273.080800,603,759.24,77084.636700,0
1789367040000,101.5000,101.5300,101.4900,101.5000,5754.60,1789367099999,584143.889500,689,3268.53,331799.116700,0
1789367100000,101.5100,101.5100,101.4700,101.4900,6590.53,1789367159999,668894.154600,948,4133.95,419577.113600,0
1789367160000,101.4900,101.5100,101.4700,101.4800,2746.06,1789367219999,278682.932600,614,731.11,74196.127400,0
1789367220000,101.4800,101.4900,101.4400,101.4500,4175.26,1789367279999,423654.994100,824,1045.09,106051.172300,0
1789367280000,101.4500,101.4600,101.4400,101.4500,3222.72,1789367339999,326938.360200,570,1098.30,111424.057400,0
1789367340000,101.4400,101.4400,101.3500,101.3600,6180.28,1789367399999,626636.694500,1077,582.85,59099.347800,0
1789367400000,101.3500,101.3500,101.2500,101.3100,23614.59,1789367459999,2392083.714300,2171,4527.44,458688.454500,0
1789367460000,101.3100,101.3300,101.1500,101.1500,13107.34,1789367519999,1327260.348400,1854,4745.57,480730.306300,0
1789367520000,101.1500,101.1900,101.0200,101.1300,42344.68,1789367579999,4281449.968000,3300,17836.60,1803762.548600,0
1789367580000,101.1400,101.2500,101.1100,101.2500,13992.48,1789367639999,1415834.234600,1439,9531.35,964389.166400,0
1789367640000,101.2500,101.2500,101.2300,101.2500,3139.16,1789367699999,317827.392500,365,1821.64,184435.228700,0
1789367700000,101.2500,101.3600,101.2500,101.3300,20052.74,1789367759999,2031606.366800,1380,17628.80,1786058.416500,0
1789367760000,101.3300,101.3600,101.3000,101.3600,5134.08,1789367819999,520202.306300,878,2719.32,275540.813500,0
1789367820000,101.3600,101.3600,101.3000,101.3000,4264.61,1789367879999,432175.650700,663,1226.64,124307.281800,0
1789367880000,101.3000,101.4100,101.2700,101.3700,16380.63,1789367939999,1660192.602500,1544,9705.47,983569.483900,0
1789367940000,101.3600,101.4600,101.3600,101.4500,9062.21,1789367999999,919113.637600,1002,7266.31,736958.172600,0
1789368000000,101.4500,101.5200,101.4500,101.5200,6520.07,1789368059999,661740.260800,897,4325.87,439033.688700,0
1789368060000,101.5200,101.6300,101.5100,101.6100,20564.12,1789368119999,2088916.237700,1845,8646.40,878278.439500,0
1789368120000,101.6000,101.6800,101.6000,101.6600,12016.31,1789368179999,1221301.767300,1380,7143.65,726062.794400,0
1789368180000,101.6600,101.7300,101.5900,101.6000,28261.92,1789368239999,2872919.692300,2495,11706.11,1189999.150600,0
1789368240000,101.6100,101.6400,101.5900,101.6200,10713.57,1789368299999,1088604.302100,904,3313.68,336718.814400,0
1789368300000,101.6300,101.6400,101.5900,101.6000,9067.87,1789368359999,921338.811600,790,4124.61,419080.008600,0
1789368360000,101.6100,101.6100,101.5300,101.5800,32660.84,1789368419999,3317882.941100,1782,5121.35,520233.954400,0
1789368420000,101.5700,101.5900,101.5600,101.5800,6385.59,1789368479999,648621.942100,760,2891.20,293689.759600,0
1789368480000,101.5900,101.5900,101.4800,101.4800,5241.60,1789368539999,532126.546200,1178,1081.64,109815.386800,0
1789368540000,101.4900,101.6200,101.4800,101.5400,18665.11,1789368599999,1895528.957800,1628,14466.63,1469075.306400,0
1789368600000,101.5300,101.5500,101.5100,101.5200,2451.34,1789368659999,248891.465500,627,869.03,88237.196300,0
1789368660000,101.5100,101.5300,101.4700,101.4900,5751.37,1789368719999,583796.773700,1029,1183.29,120111.482700,0
1789368720000,101.4900,101.5100,101.4700,101.4800,4258.32,1789368779999,432146.806200,713,1150.56,116767.754800,0
1789368780000,101.4800,101.4900,101.4400,101.4400,1878.97,1789368839999,190635.979700,713,408.68,41464.520100,0
1789368840000,101.4500,101.5100,101.4400,101.5100,4043.98,1789368899999,410320.769400,599,2880.78,292306.133800,0
1789368900000,101.5100,101.5600,101.5000,101.5100,4003.85,1789368959999,406480.955300,940,1260.12,127933.261400,0
1789368960000,101.5100,101.5200,101.4800,101.4900,3264.19,1789369019999,331309.999100,517,637.56,64712.407400,0
1789369020000,101.5000,101.5000,101.4800,101.4800,2459.27,1789369079999,249590.861400,405,521.65,52944.353600,0
1789369080000,101.4800,101.5000,101.4800,101.5000,1122.65,1789369139999,113941.275300,277,552.65,56092.224300,0
1789369140000,101.5000,101.5100,101.4800,101.5000,1632.01,1789369199999,165637.073600,384,656.77,66659.746500,0
1789369200000,101.5000,101.5300,101.4000,101.4600,7719.20,1789369259999,783150.731000,1426,2381.65,241646.041600,0
1789369260000,101.4500,101.5300,101.4500,101.5100,4759.80,1789369319999,482993.163900,1016,3547.33,359953.075700,0
1789369320000,101.5100,101.5800,101.4800,101.5600,5034.54,1789369379999,511237.291000,1316,3114.37,316240.723500,0
1789369380000,101.5700,101.6000,101.5200,101.5600,5425.51,1789369439999,551046.612100,1180,2878.26,292315.333600,0
1789369440000,101.5600,101.6200,101.5500,101.6200,4859.93,1789369499999,493692.868200,1235,3033.87,308184.840500,0
1789369500000,101.6200,101.6700,101.5900,101.6000,6238.92,1789369559999,634119.575100,1321,4166.84,423514.492000,0
1789369560000,101.6100,101.6100,101.5500,101.5500,4364.26,1789369619999,443388.944000,1034,2323.61,236085.346000,0
1789369620000,101.5500,101.5800,101.5300,101.5400,2639.54,1789369679999,268050.379400,719,759.99,77181.170700,0
1789369680000,101.5500,101.5500,101.4900,101.5100,2615.98,1789369739999,265551.918000,922,703.69,71429.820200,0
1789369740000,101.5100,101.5300,101.4600,101.5300,3025.65,1789369799999,307081.877600,970,2010.27,204022.357600,0
1789369800000,101.5300,101.5500,101.4900,101.5200,2970.76,1789369859999,301604.680400,894,848.90,86185.446800,0
1789369860000,101.5100,101.5200,101.4600,101.5200,12136.53,1789369919999,1231790.255500,1136,7719.81,783503.539800,0
1789369920000,101.5100,101.5200,101.4600,101.4900,3948.33,1789369979999,400735.977900,1029,1822.28,184946.095100,0
1789369980000,101.5000,101.5200,101.4700,101.5200,3085.02,1789370039999,313112.861300,835,1731.94,175793.526900,0
1789370040000,101.5100,101.5400,101.5100,101.5300,4175.86,1789370099999,423981.535700,889,2770.98,281345.559000,0
1789370100000,101.5400,101.5400,101.4900,101.4900,1529.35,1789370159999,155261.800700,653,259.78,26375.028400,0
1789370160000,101.5000,101.5800,101.4900,101.5800,1605.86,1789370219999,163039.582100,787,1272.32,129186.953700,0
1789370220000,101.5800,101.6700,101.5700,101.6200,11252.17,1789370279999,1143553.638800,1609,8201.54,833499.125300,0
1789370280000,101.6100,101.7000,101.5700,101.6500,7456.68,1789370339999,757887.991700,1547,3457.72,351452.527200,0
1789370340000,101.6400,101.6600,101.6100,101.6500,4627.26,1789370399999,470292.783000,825,3593.84,365271.245300,0
1789370400000,101.6500,101.6500,101.5200,101.5300,22278.17,1789370459999,2263268.783200,1871,6325.22,642540.267300,0
1789370460000,101.5200,101.5300,101.5000,101.5200,2808.61,1789370519999,285118.755000,722,1978.61,200861.428000,0
1789370520000,101.5200,101.5300,101.4900,101.5100,3237.40,1789370579999,328615.946900,805,1738.11,176424.322100,0
1789370580000,101.5100,101.5800,101.5000,101.5800,1563.30,1789370639999,158747.441500,733,1173.31,119147.895000,0
1789370640000,101.5800,101.6000,101.5500,101.5600,2612.74,1789370699999,265408.155100,731,1383.50,140542.818500,0
1789370700000,101.5600,101.6000,101.5500,101.5600,2275.55,1789370759999,231160.135100,864,1425.02,144761.483800,0
1789370760000,101.5600,101.5900,101.5400,101.5400,1739.73,1789370819999,176707.694300,637,907.60,92190.112400,0
1789370820000,101.5500,101.5500,101.5100,101.5300,2994.65,1789370879999,304064.935900,609,751.57,76307.539500,0
1789370880000,101.5300,101.5300,101.4900,101.4900,2499.42,1789370939999,253690.102200,395,448.28,45500.677000,0
1789370940000,101.5000,101.5000,101.4400,101.4600,4254.66,1789370999999,431691.360300,903,973.33,98753.294000,0
1789371000000,101.4700,101.4700,101.4300,101.4400,5811.14,1789371059999,589556.329200,697,3591.70,364399.105800,0
1789371060000,101.4500,101.4700,101.4400,101.4700,3433.56,1789371119999,348323.912400,440,1929.54,195756.096700,0
1789371120000,101.4600,101.4700,101.4200,101.4200,1805.67,1789371179999,183177.200900,420,353.42,35858.272300,0
1789371180000,101.4300,101.4300,101.4000,101.4100,14802.52,1789371239999,1501051.572300,643,1871.09,189754.504400,0
1789371240000,101.4200,101.4200,101.4000,101.4100,2703.28,1789371299999,274135.037800,318,660.04,66934.975600,0
1789371300000,101.4000,101.4200,101.4000,101.4100,998.16,1789371359999,101225.408800,275,836.91,84873.166200,0
1789371360000,101.4200,101.4800,101.4100,101.4500,7498.85,1789371419999,760685.803400,902,5095.08,516821.312000,0
1789371420000,101.4600,101.5000,101.4600,101.4800,2730.29,1789371479999,277069.801200,555,2002.10,203168.863400,0
1789371480000,101.4800,101.4900,101.4700,101.4700,1464.12,1789371539999,148577.689500,330,528.07,53592.624300,0
1789371540000,101.4800,101.5000,101.4500,101.4500,4365.45,1789371599999,443003.612700,680,2854.38,289665.983900,0
1789371600000,101.4600,101.5900,101.4500,101.5500,18038.42,1789371659999,1831405.878800,1489,14942.38,1516999.391900,0
1789371660000,101.5600,101.5800,101.5300,101.5300,5125.75,1789371719999,520539.721900,491,1935.90,196610.358000,0
1789371720000,101.5400,101.6300,101.5300,101.6300,5606.24,1789371779999,569574.424000,946,2982.45,302990.506700,0
1789371780000,101.6400,101.6700,101.5600,101.5600,12302.62,1789371839999,1250485.422800,930,2404.00,244384.696100,0
1789371840000,101.5600,101.6300,101.5600,101.6300,7902.57,1789371899999,802972.809600,673,6341.64,644356.874000,0
1789371900000,101.6300,101.6300,101.4800,101.4800,32560.84,1789371959999,3306575.533000,2383,12269.56,1245847.162800,0
1789371960000,101.4900,101.5900,101.4800,101.5600,14288.46,1789372019999,1450757.768600,1301,12158.49,1234460.636400,0
1789372020000,101.5600,101.5700,101.4900,101.5600,4554.71,1789372079999,462411.739300,942,2800.20,284273.482600,0
1789372080000,101.5700,101.5900,101.5300,101.5300,2384.15,1789372139999,242153.930700,612,1293.51,131389.932000,0
1789372140000,101.5400,101.5700,101.5200,101.5700,2552.51,1789372199999,259198.903500,473,1935.89,196591.473400,0
1789372200000,101.5700,101.5800,101.5400,101.5500,2705.79,1789372259999,274818.033800,708,1086.18,110323.799100,0
1789372260000,101.5400,101.5800,101.5200,101.5200,5685.88,1789372319999,577364.933200,782,1324.66,134525.044200,0
1789372320000,101.5300,101.5300,101.4600,101.4600,3442.48,1789372379999,349376.144400,784,664.25,67415.431600,0
1789372380000,101.4700,101.5200,101.4600,101.5100,4924.36,1789372439999,499754.443000,458,4064.61,412495.176400,0
1789372440000,101.5200,101.5200,101.4800,101.4800,2044.33,1789372499999,207502.702200,635,795.83,80791.946100,0
1789372500000,101.4800,101.5700,101.4700,101.5200,12305.64,1789372559999,1249248.450600,1152,9423.81,956654.362800,0
1789372560000,101.5300,101.5400,101.5100,101.5300,3031.78,1789372619999,307815.470100,385,2275.71,231052.818200,0
1789372620000,101.5400,101.5400,101.5200,101.5300,2029.13,1789372679999,206017.201900,442,1212.58,123114.548900,0
1789372680000,101.5300,101.5700,101.5200,101.5600,2640.38,1789372739999,268126.870600,393,1839.92,186835.470600,0
1789372740000,101.5500,101.5700,101.5400,101.5600,1975.84,1789372799999,200664.967900,419,712.29,72340.231900,0
1789372800000,101.5700,101.6000,101.4400,101.4500,24524.95,1789372859999,2490392.042200,2083,6052.78,614734.994600,0
1789372860000,101.4500,101.5100,101.4500,101.4700,12169.99,1789372919999,1235087.729100,924,10905.85,1106797.317900,0
1789372920000,101.4700,101.5000,101.4500,101.4700,4652.64,1789372979999,472133.797500,693,2730.30,277063.105500,0
1789372980000,101.4700,101.4900,101.4200,101.4300,3854.57,1789373039999,391076.693600,899,2623.01,266137.927700,0
1789373040000,101.4300,101.4600,101.3600,101.3600,17756.60,1789373099999,1800615.117300,1128,2598.10,263472.822100,0
1789373100000,101.3600,101.5100,101.3300,101.4800,22878.46,1789373159999,2320356.018500,1941,14422.98,1462932.851200,0
1789373160000,101.4700,101.5600,101.4700,101.5200,5007.80,1789373219999,508275.619300,1012,2595.64,263468.458600,0
1789373220000,101.5200,101.6100,101.4500,101.4800,5301.65,1789373279999,538360.411100,1495,2684.47,272583.369400,0
1789373280000,101.4800,101.5700,101.4700,101.5300,8768.16,1789373339999,890220.085700,1132,2903.94,294824.859000,0
1789373340000,101.5200,101.5400,101.4700,101.5300,3944.67,1789373399999,400397.546400,884,1683.22,170864.116400,0
1789373400000,101.5300,101.6800,101.5200,101.5700,15485.94,1789373459999,1573969.532500,2033,9965.18,1012813.056300,0
1789373460000,101.5600,101.6300,101.4800,101.5100,28211.89,1789373519999,2865165.795300,2097,11080.91,1125261.455600,0
1789373520000,101.5000,101.5200,101.4500,101.4700,6130.28,1789373579999,622145.999600,1097,4184.92,424728.374100,0
1789373580000,101.4800,101.6000,101.4500,101.5200,17576.48,1789373639999,1784613.348200,1582,14944.11,1517322.509200,0
1789373640000,101.5200,101.5400,101.4800,101.4800,3093.85,1789373699999,314068.820600,675,1639.04,166390.775400,0
1789373700000,101.4900,101.4900,101.4100,101.4200,2847.82,1789373759999,288912.163800,625,557.97,56610.993700,0
1789373760000,101.4200,101.4200,101.3600,101.3900,5361.67,1789373819999,543662.197300,919,2876.83,291717.773800,0
1789373820000,101.3800,101.4900,101.3500,101.4800,16460.31,1789373879999,1669358.466500,1519,11859.22,1202707.223100,0
1789373880000,101.4800,101.4800,101.3800,101.4200,7432.24,1789373939999,753792.429800,949,2716.27,275458.477000,0
1789373940000,101.4300,101.4300,101.3800,101.4000,4312.88,1789373999999,437345.099400,688,1737.46,176184.970300,0
1789374000000,101.4100,101.4900,101.4000,101.4900,9628.74,1789374059999,976931.748800,1004,4738.99,480844.439200,0
1789374060000,101.4900,101.5600,101.4800,101.5500,2847.92,1789374119999,289103.094900,755,2326.18,236128.596500,0
1789374120000,101.5500,101.5900,101.5300,101.5900,1855.88,1789374179999,188461.694100,573,1132.76,115035.410200,0
1789374180000,101.5900,101.5900,101.5400,101.5500,2697.27,1789374239999,273952.029300,557,1166.46,118474.919600,0
1789374240000,101.5500,101.6700,101.5500,101.6700,3821.49,1789374299999,388246.779100,811,3068.24,311705.560600,0
1789374300000,101.6700,101.8000,101.5000,101.5100,51646.15,1789374359999,5252404.955200,4030,21579.03,2194506.350100,0
1789374360000,101.5100,101.5900,101.4700,101.5800,6294.14,1789374419999,638901.791200,986,2648.03,268821.802900,0
1789374420000,101.5900,101.6400,101.5400,101.6300,3991.26,1789374479999,405469.635600,763,1064.11,108108.015500,0
1789374480000,101.6300,101.6300,101.5000,101.5400,3769.31,1789374539999,382774.549500,764,1946.61,197645.419000,0
1789374540000,101.5400,101.5400,101.4200,101.4200,3893.83,1789374599999,395126.982300,690,1214.56,123255.546700,0
1789374600000,101.4200,101.4900,101.3700,101.4700,10158.12,1789374659999,1030216.600900,1242,5359.49,543634.231700,0
1789374660000,101.4700,101.4900,101.4100,101.4300,4438.86,1789374719999,450310.470700,741,1431.96,145267.566400,0
1789374720000,101.4200,101.5000,101.3900,101.4500,6787.14,1789374779999,688445.199200,1266,3408.88,345770.430900,0
1789374780000,101.4500,101.4600,101.3800,101.3900,2620.77,1789374839999,265775.732600,585,1358.83,137808.891800,0
1789374840000,101.3900,101.4200,101.3600,101.4000,4829.52,1789374899999,489627.657200,795,2129.51,215912.007500,0
1789374900000,101.4000,101.4600,101.3900,101.4600,2475.09,1789374959999,251035.631500,827,1950.95,197873.663000,0
1789374960000,101.4700,101.4800,101.3900,101.4100,1710.00,1789375019999,173469.693900,575,1042.56,105767.842800,0
1789375020000,101.4100,101.4800,101.4000,101.4300,2212.80,1789375079999,224462.185300,720,1527.84,154973.157600,0
1789375080000,101.4200,101.4500,101.4100,101.4400,4003.03,1789375139999,405998.149600,679,643.57,65277.629100,0
1789375140000,101.4300,101.4900,101.4300,101.4900,2408.72,1789375199999,244398.485500,658,1773.99,180000.533500,0
1789375200000,101.5000,101.5400,101.4800,101.5000,3899.83,1789375259999,395898.512000,1034,2187.14,222042.453900,0
1789375260000,101.5000,101.5800,101.5000,101.5700,5456.35,1789375319999,553947.983900,758,4858.60,493260.297700,0
1789375320000,101.5800,101.6000,101.5400,101.5500,1505.31,1789375379999,152907.015100,539,1080.33,109740.982800,0
1789375380000,101.5500,101.6000,101.4900,101.4900,7526.28,1789375439999,764396.287900,964,3582.64,363881.086500,0
1789375440000,101.4900,101.4900,101.4600,101.4700,1475.86,1789375499999,149753.055700,391,320.25,32496.072800,0
1789375500000,101.4600,101.4800,101.4100,101.4300,2007.46,1789375559999,203644.175700,575,470.40,47723.776500,0
1789375560000,101.4200,101.4300,101.4000,101.4100,3460.04,1789375619999,350913.277100,480,2372.80,240648.424200,0
1789375620000,101.4100,101.4100,101.3600,101.3600,7183.93,1789375679999,728372.546500,997,2267.55,229916.587100,0
1789375680000,101.3700,101.3700,101.3400,101.3400,3509.19,1789375739999,355658.930400,395,364.63,36956.787900,0
1789375740000,101.3500,101.3700,101.2700,101.3400,30590.82,1789375799999,3099366.835000,1894,12433.99,1259984.269100,0
1789375800000,101.3500,101.4200,101.3300,101.3600,10306.40,1789375859999,1044918.625200,1279,6581.07,667217.574000,0
1789375860000,101.3600,101.3800,101.3300,101.3800,2033.85,1789375919999,206139.962600,492,1353.23,137153.956500,0
1789375920000,101.3800,101.4200,101.3700,101.3900,2688.72,1789375979999,272594.880300,559,720.95,73096.473700,0
1789375980000,101.3900,101.3900,101.3400,101.3400,6449.31,1789376039999,653743.651400,706,2769.58,280739.546500,0
1789376040000,101.3400,101.3500,101.3200,101.3500,2704.22,1789376099999,274046.795300,418,1674.03,169652.561400,0
1789376100000,101.3500,101.4200,101.3500,101.4100,1181.12,1789376159999,119747.110700,398,791.04,80198.852800,0
1789376160000,101.4100,101.4300,101.4000,101.4200,3129.61,1789376219999,317381.346000,475,851.16,86320.427700,0
1789376220000,101.4100,101.4100,101.3700,101.3900,3159.39,1789376279999,320341.951600,494,1299.54,131766.698100,0
1789376280000,101.4000,101.4500,101.3900,101.4400,2136.42,1789376339999,216693.877800,509,990.51,100459.070000,0
1789376340000,101.4500,101.4600,101.4400,101.4600,881.58,1789376399999,89439.770800,217,763.92,77503.611500,0
1789376400000,101.4600,101.5200,101.4600,101.5000,11471.84,1789376459999,1164276.707400,1042,7567.98,768035.443400,0
1789376460000,101.5000,101.5400,101.4800,101.5400,3118.25,1789376519999,316511.563000,616,2515.38,255323.363600,0
1789376520000,101.5400,101.5600,101.4600,101.4700,4853.35,1789376579999,492694.221900,1049,1645.30,167072.386300,0
1789376580000,101.4700,101.4800,101.4400,101.4500,2108.25,1789376639999,213895.025400,614,483.05,49008.887900,0
1789376640000,101.4400,101.5500,101.4400,101.5000,12385.16,1789376699999,1257019.635300,1241,9737.16,988237.868500,0
1789376700000,101.5000,101.5200,101.4900,101.5000,2605.79,1789376759999,264509.261500,698,1518.41,154133.718100,0
1789376760000,101.4900,101.5300,101.4900,101.5000,4262.19,1789376819999,432653.946700,871,2812.98,285550.100500,0
1789376820000,101.5000,101.5000,101.4300,101.4400,4318.74,1789376879999,438188.545700,1001,915.29,92869.741700,0
1789376880000,101.4400,101.5500,101.4300,101.5400,2672.16,1789376939999,271152.170800,860,2272.93,230649.118600,0
1789376940000,101.5500,101.5700,101.4400,101.4700,23273.02,1789376999999,2362159.018400,2501,9195.85,933207.480700,0
1789377000000,101.4800,101.5200,101.4500,101.4800,2886.56,1789377059999,292935.827500,1020,1281.00,130000.371400,0
1789377060000,101.4800,101.4900,101.3900,101.4000,3305.95,1789377119999,335399.000700,1037,932.98,94660.198500,0
1789377120000,101.4000,101.4200,101.3600,101.3700,5488.52,1789377179999,556522.493200,981,4146.46,420450.492300,0
1789377180000,101.3700,101.4100,101.3500,101.4100,3305.27,1789377239999,335091.315500,792,2106.62,213568.455100,0
1789377240000,101.4100,101.4100,101.3200,101.3500,2925.19,1789377299999,296486.380700,961,992.12,100559.043700,0
1789377300000,101.3400,101.3600,101.2300,101.3200,29181.13,1789377359999,2956022.518700,2482,16811.96,1703051.187400,0
1789377360000,101.3200,101.3900,101.3100,101.3600,5637.67,1789377419999,571387.690400,1261,3381.90,342763.353500,0
1789377420000,101.3600,101.4300,101.3200,101.4300,17234.79,1789377479999,1747173.212400,1919,13188.07,1336899.489700,0
1789377480000,101.4300,101.4900,101.4300,101.4800,4037.87,1789377539999,409669.664200,828,1519.18,154143.389700,0
1789377540000,101.4800,101.5000,101.4100,101.5000,11420.86,1789377599999,1158742.271300,1560,3690.24,374425.320400,0
1789377600000,101.5000,101.5800,101.4800,101.5800,5615.68,1789377659999,570117.559400,978,3816.91,387513.113000,0
1789377660000,101.5800,101.5800,101.3800,101.3900,22694.28,1789377719999,2302758.305100,2057,4808.49,487701.131300,0
1789377720000,101.3900,101.4000,101.3200,101.3300,13227.93,1789377779999,1340896.069700,1314,1860.88,188640.974200,0
1789377780000,101.3300,101.3400,101.3000,101.3300,4886.30,1789377839999,495102.886100,929,1966.89,199307.117700,0
1789377840000,101.3400,101.3400,101.2800,101.3000,2690.17,1789377899999,272518.549900,681,1027.72,104107.337200,0
1789377900000,101.3000,101.3000,101.2300,101.2400,4523.37,1789377959999,458049.576300,789,564.85,57184.726100,0
1789377960000,101.2300,101.3600,101.1900,101.3100,29237.08,1789378019999,2960384.011100,2312,19695.94,1994426.827100,0
1789378020000,101.3000,101.3100,101.2500,101.2700,4824.70,1789378079999,488624.424700,975,2614.53,264788.074300,0
1789378080000,101.2700,101.3200,101.2700,101.3100,3822.47,1789378139999,387206.443000,547,2539.28,257223.375900,0
1789378140000,101.3200,101.3900,101.3100,101.3700,3716.68,1789378199999,376666.937000,759,1987.73,201440.154300,0
1789378200000,101.3700,101.5900,101.3700,101.5700,17164.74,1789378259999,1742691.808600,2193,9869.85,1001933.486000,0
1789378260000,101.5800,101.5800,101.4800,101.5400,9039.05,1789378319999,917664.871100,1289,4134.23,419730.753000,0
1789378320000,101.5400,101.5600,101.3700,101.3800,26470.64,1789378379999,2685944.775000,2431,4999.54,507320.071800,0
1789378380000,101.3900,101.5200,101.3800,101.4800,4988.78,1789378439999,506195.333900,953,3644.04,369736.228600,0
1789378440000,101.4800,101.5000,101.4500,101.4600,4038.00,1789378499999,409774.976500,697,1515.56,153797.215200,0
1789378500000,101.4500,101.4700,101.4000,101.4100,8908.14,1789378559999,903594.265900,1252,4325.67,438810.210000,0
1789378560000,101.4200,101.4300,101.3400,101.4000,7234.88,1789378619999,733479.261800,974,2826.31,286547.834700,0
1789378620000,101.3900,101.3900,101.3400,101.3600,2716.69,1789378679999,275382.345800,508,1036.83,105102.620200,0
1789378680000,101.3700,101.3900,101.3500,101.3500,1890.83,1789378739999,191675.270200,515,1180.21,119643.666900,0
1789378740000,101.3600,101.3800,101.3300,101.3700,2954.74,1789378799999,299460.056600,653,1838.00,186275.952100,0
1789378800000,101.3700,101.4900,101.3300,101.3600,11058.53,1789378859999,1121588.090200,1803,6361.91,645199.356100,0
1789378860000,101.3600,101.4700,101.3500,101.4700,8001.58,1789378919999,811635.938600,920,4590.08,465532.414500,0
1789378920000,101.4700,101.5700,101.4700,101.5600,5759.95,1789378979999,584806.105900,879,4806.82,488028.595600,0
1789378980000,101.5600,101.5800,101.5300,101.5500,5480.89,1789379039999,556618.387900,711,1358.70,137982.277500,0
1789379040000,101.5500,101.5500,101.5000,101.5100,5838.19,1789379099999,592722.548300,720,3238.63,328809.695400,0
1789379100000,101.5200,101.5600,101.5100,101.5600,5690.73,1789379159999,577817.959200,620,2571.73,261125.241300,0
1789379160000,101.5600,101.6000,101.5300,101.5800,4980.58,1789379219999,505868.442600,859,2648.24,268984.772500,0
1789379220000,101.5700,101.7000,101.5700,101.6900,13724.31,1789379279999,1394959.825500,1510,10780.99,1095790.530800,0
1789379280000,101.6900,101.7100,101.6200,101.6200,10185.14,1789379339999,1035610.218200,1071,4252.84,432407.798100,0
1789379340000,101.6300,101.8000,101.6300,101.7800,17432.41,1789379399999,1773473.121900,1600,13690.39,1392689.611100,0
1789379400000,101.7800,101.9300,101.7700,101.9000,30306.28,1789379459999,3086791.030500,2833,21261.65,2165442.214800,0
1789379460000,101.9000,101.9900,101.8700,101.9900,25959.21,1789379519999,2645976.981000,2750,14592.79,1487610.956200,0
1789379520000,101.9900,102.2400,101.9800,102.1300,103427.52,1789379579999,10561448.897600,8554,68284.28,6973448.835500,0
1789379580000,102.1300,102.3000,102.1200,102.2000,36600.59,1789379639999,3741285.038500,3505,24270.97,2480918.002600,0
1789379640000,102.2100,102.3100,102.1500,102.1900,44365.17,1789379699999,4534987.807000,3944,16674.43,1704817.120400,0
1789379700000,102.2000,102.2700,102.0500,102.0600,26754.71,1789379759999,2733185.763800,3052,8053.39,823048.367400,0
1789379760000,102.0700,102.1100,101.9800,102.1000,14363.86,1789379819999,1465512.819600,1920,6453.09,658508.549000,0
1789379820000,102.1100,102.1900,102.0700,102.0700,61130.25,1789379879999,6242717.892300,2688,14047.90,1434531.048600,0
1789379880000,102.0800,102.0900,101.9900,102.0200,9087.08,1789379939999,927088.531800,1452,4238.21,432427.889700,0
1789379940000,102.0100,102.0100,101.8400,101.9000,17298.71,1789379999999,1762855.130300,1839,4186.70,426565.182200,0
1789380000000,101.9000,101.9700,101.8900,101.9200,11099.47,1789380059999,1131440.755100,1687,6633.18,676157.084700,0
1789380060000,101.9100,101.9200,101.7900,101.7900,8896.97,1789380119999,906038.854000,1623,4710.41,479696.588100,0
1789380120000,101.8000,101.8100,101.6100,101.7200,29001.23,1789380179999,2949477.672600,2547,8540.40,868727.542100,0
1789380180000,101.7100,101.9500,101.7100,101.8800,27229.65,1789380239999,2772807.691700,2754,21520.70,2191308.197000,0
1789380240000,101.8900,101.9500,101.8400,101.8500,12348.26,1789380299999,1258185.272600,1745,5209.86,530780.803600,0
1789380300000,101.8400,101.8900,101.7500,101.7800,6888.58,1789380359999,701418.022600,1422,3509.85,357419.946300,0
1789380360000,101.7900,101.8400,101.7800,101.7900,8017.38,1789380419999,816232.580900,1596,5475.35,557457.903000,0
1789380420000,101.8000,101.9000,101.7900,101.8800,7757.07,1789380479999,790005.643500,1361,4816.96,490558.479300,0
1789380480000,101.8800,101.8800,101.7400,101.7800,23984.91,1789380539999,2441233.751200,2173,6937.34,705940.079500,0
1789380540000,101.7900,101.7900,101.7600,101.7800,3585.87,1789380599999,364947.102800,712,1595.37,162375.004900,0
1789380600000,101.7800,101.7900,101.6800,101.7500,11371.91,1789380659999,1156831.435300,1708,1517.24,154375.194600,0
1789380660000,101.7500,101.8200,101.7400,101.7900,6832.76,1789380719999,695492.264600,1254,3750.78,381801.817400,0
1789380720000,101.7900,101.7900,101.7200,101.7500,7148.97,1789380779999,727371.314100,1026,1318.74,134196.571900,0
1789380780000,101.7500,101.7700,101.7300,101.7500,4186.03,1789380839999,425903.060500,654,1573.84,160134.471200,0
1789380840000,101.7500,101.7800,101.7400,101.7800,1633.92,1789380899999,166265.960700,551,1022.65,104064.630300,0
1789380900000,101.7800,101.8500,101.7600,101.8400,7422.74,1789380959999,755622.363800,1092,3964.32,403564.441200,0
1789380960000,101.8400,101.8400,101.7400,101.7800,6123.65,1789381019999,623231.687300,1140,3190.47,324715.688000,0
1789381020000,101.7800,101.7800,101.7100,101.7500,2683.93,1789381079999,273031.156300,852,1194.99,121569.905900,0
1789381080000,101.7500,101.7500,101.7200,101.7500,4068.24,1789381139999,413884.367500,645,1970.99,200516.921000,0
1789381140000,101.7500,101.7800,101.7200,101.7800,6157.34,1789381199999,626549.687300,1336,3370.86,343003.921100,0
1789381200000,101.7700,101.7900,101.7400,101.7600,4944.57,1789381259999,503211.355200,858,3626.80,369113.538200,0
1789381260000,101.7700,101.8100,101.7400,101.8000,5459.70,1789381319999,555645.393200,1288,3260.08,331790.616500,0
1789381320000,101.8000,101.8400,101.7900,101.8200,2749.52,1789381379999,279933.101200,919,1230.90,125320.457400,0
1789381380000,101.8200,101.8200,101.7300,101.7600,4188.47,1789381439999,426211.141800,917,1297.53,132018.414700,0
1789381440000,101.7600,101.7700,101.7100,101.7200,4275.27,1789381499999,435000.339400,835,2261.68,230135.573300,0
1789381500000,101.7100,101.7700,101.7100,101.7600,3692.00,1789381559999,375582.983800,575,2729.48,277672.930400,0
1789381560000,101.7700,101.7700,101.6900,101.7000,6795.76,1789381619999,691206.797100,962,1169.17,118927.277700,0
1789381620000,101.7000,101.7200,101.6800,101.7200,7880.78,1789381679999,801478.238900,860,3849.74,391531.731000,0
1789381680000,101.7200,101.7500,101.7100,101.7200,2520.14,1789381739999,256377.026600,459,1873.34,190574.859300,0
1789381740000,101.7300,101.7500,101.7100,101.7500,2145.01,1789381799999,218199.853100,337,1461.70,148694.398200,0
1789381800000,101.7400,101.7500,101.7200,101.7400,3905.48,1789381859999,397325.163500,517,2358.04,239901.132400,0
1789381860000,101.7400,101.7800,101.7000,101.7300,4563.86,1789381919999,464341.640600,750,2251.71,229094.527200,0
1789381920000,101.7300,101.7400,101.6900,101.7100,4225.18,1789381979999,429789.684100,636,787.78,80136.286700,0
1789381980000,101.7200,101.8000,101.7100,101.8000,6582.08,1789382039999,669703.703200,982,5248.53,534036.056500,0
1789382040000,101.8000,101.8300,101.7900,101.8000,3477.76,1789382099999,354062.414600,648,1756.13,178791.399900,0
1789382100000,101.8100,101.8500,101.8000,101.8400,7500.64,1789382159999,763692.164400,570,5877.67,598455.949800,0
1789382160000,101.8400,101.9100,101.8400,101.9000,7395.99,1789382219999,753534.699100,823,3416.40,348051.715200,0
1789382220000,101.9000,101.9000,101.8400,101.8400,4589.44,1789382279999,467588.791100,799,614.06,62564.620000,0
1789382280000,101.8500,101.8500,101.8100,101.8200,3192.74,1789382339999,325104.803700,449,1345.27,136977.528900,0
1789382340000,101.8200,101.8400,101.7900,101.8000,2595.46,1789382399999,264269.511000,539,1131.96,115273.298300,0
1789382400000,101.8000,101.8000,101.7700,101.7700,1373.48,1789382459999,139804.145100,514,294.91,30019.754700,0
1789382460000,101.7700,101.8100,101.7700,101.7900,5036.92,1789382519999,512698.316000,608,3362.77,342294.510700,0
1789382520000,101.8000,101.8100,101.7900,101.8000,1851.01,1789382579999,188431.316400,336,778.78,79282.415700,0
1789382580000,101.8000,101.9600,101.7900,101.8800,19762.46,1789382639999,2013663.240000,1819,15166.84,1545299.034900,0
1789382640000,101.8700,101.9000,101.8500,101.8900,4040.75,1789382699999,411625.779700,667,2715.34,276606.173600,0
1789382700000,101.8900,101.9300,101.8800,101.9200,9145.05,1789382759999,932011.789500,600,8458.77,862072.524200,0
1789382760000,101.9200,101.9300,101.9100,101.9200,3270.25,1789382819999,333299.863600,433,1727.58,176078.303000,0
1789382820000,101.9200,102.0000,101.9100,101.9200,10890.12,1789382879999,1110411.212200,1258,7949.97,810663.434500,0
1789382880000,101.9200,101.9300,101.8900,101.9100,5608.70,1789382939999,571547.764500,585,2390.72,243626.744500,0
1789382940000,101.9100,101.9700,101.9000,101.9700,1631.51,1789382999999,166290.150500,415,1429.72,145717.436100,0
1789383000000,101.9700,101.9700,101.9400,101.9700,7581.21,1789383059999,772979.748700,643,1421.13,144907.438600,0
1789383060000,101.9700,101.9700,101.7700,101.7900,23094.66,1789383119999,2352171.874900,2117,4509.80,459229.549700,0
1789383120000,101.7900,101.8400,101.7900,101.8400,4300.13,1789383179999,437803.702600,842,3199.67,325758.141200,0
1789383180000,101.8400,101.8700,101.7800,101.7800,8695.38,1789383239999,885405.510100,1190,2843.11,289566.689900,0
1789383240000,101.7800,101.8000,101.7600,101.7600,5836.62,1789383299999,594032.644000,759,4135.46,420895.745000,0
1789383300000,101.7700,101.8000,101.7600,101.7900,2532.88,1789383359999,257797.037400,503,1868.06,190131.737100,0
1789383360000,101.7900,101.7900,101.7600,101.7600,4243.67,1789383419999,431892.410400,753,1252.63,127490.891500,0
1789383420000,101.7700,101.7700,101.7500,101.7700,11300.12,1789383479999,1149833.684600,548,2231.72,227106.600600,0
1789383480000,101.7600,101.7700,101.7300,101.7400,7853.38,1789383539999,799095.874200,600,1208.12,122930.214100,0
1789383540000,101.7300,101.7500,101.7300,101.7400,1484.50,1789383599999,151032.734800,313,674.65,68639.618200,0
1789383600000,101.7400,101.7500,101.6700,101.6700,8374.82,1789383659999,851772.317600,1371,2310.03,234950.838200,0
1789383660000,101.6700,101.8700,101.6700,101.7900,34765.55,1789383719999,3538259.367000,2544,23755.78,2417537.810000,0
1789383720000,101.7900,101.7900,101.7100,101.7200,3531.69,1789383779999,359291.496200,1120,1472.47,149799.081200,0
1789383780000,101.7300,101.7300,101.6300,101.6500,7748.27,1789383839999,787744.824000,1391,2168.35,220449.219100,0
1789383840000,101.6400,101.6600,101.5400,101.6100,18141.99,1789383899999,1842814.992100,2384,4003.82,406705.759400,0
1789383900000,101.6000,101.6300,101.5400,101.5400,7223.43,1789383959999,733867.850400,1336,2485.42,252527.293900,0
1789383960000,101.5400,101.5700,101.4800,101.5200,10578.84,1789384019999,1073939.932000,2117,2926.94,297145.729600,0
1789384020000,101.5100,101.5300,101.4000,101.4400,21475.08,1789384079999,2178764.342200,2506,6959.56,706048.100400,0
1789384080000,101.4400,101.4700,101.3900,101.4700,10426.55,1789384139999,1057605.327100,1651,4929.75,500037.456200,0
1789384140000,101.4700,101.5600,101.4500,101.5600,6618.12,1789384199999,671742.609400,1131,5058.62,513479.733000,0
1789384200000,101.5600,101.6000,101.5200,101.5500,10907.92,1789384259999,1107856.641900,1607,6143.54,623992.572200,0
1789384260000,101.5400,101.6300,101.5400,101.6200,4434.62,1789384319999,450532.217200,959,3192.62,324328.092900,0
1789384320000,101.6100,101.6400,101.5800,101.6100,8471.36,1789384379999,860785.285300,952,4602.85,467701.422000,0
1789384380000,101.6100,101.6200,101.5500,101.5500,4050.41,1789384439999,411479.748500,1309,1289.60,131019.454500,0
1789384440000,101.5600,101.5800,101.5400,101.5700,2425.86,1789384499999,246359.592700,743,1264.60,128428.885600,0
1789384500000,101.5600,101.6000,101.5400,101.5900,4533.21,1789384559999,460480.477400,1120,2125.62,215921.466000,0
1789384560000,101.5800,101.6400,101.5700,101.6100,3925.34,1789384619999,398858.247400,934,1537.25,156201.296000,0
1789384620000,101.6000,101.6400,101.6000,101.6300,1828.89,1789384679999,185858.800100,553,668.13,67898.650300,0
1789384680000,101.6200,101.6400,101.6200,101.6300,1309.32,1789384739999,133066.138900,490,644.44,65498.216900,0
1789384740000,101.6200,101.6300,101.5900,101.5900,1499.48,1789384799999,152364.980900,1369,345.27,35084.622700,0
1789384800000,101.6000,101.6900,101.5900,101.6900,4491.06,1789384859999,456462.265500,924,3714.57,377535.251200,0
1789384860000,101.6900,101.7100,101.6500,101.6500,3181.07,1789384919999,323478.050100,859,1039.44,105712.510900,0
1789384920000,101.6600,101.7200,101.6500,101.7100,3684.66,1789384979999,374669.894900,748,2670.43,271533.806600,0
1789384980000,101.7100,101.7100,101.6800,101.6900,2103.57,1789385039999,213919.713000,719,1036.16,105371.000200,0
1789385040000,101.6800,101.7400,101.6800,101.7400,1474.75,1789385099999,149981.829500,521,979.38,99608.032600,0
1789385100000,101.7400,101.8100,101.7400,101.8100,4800.33,1789385159999,488598.721800,847,3217.34,327472.996200,0
1789385160000,101.8100,101.8200,101.7700,101.7700,4821.73,1789385219999,490824.794800,794,944.24,96119.655700,0
1789385220000,101.7700,101.7900,101.7700,101.7900,1042.56,1789385279999,106110.632100,357,700.02,71248.602800,0
1789385280000,101.7800,101.8400,101.7800,101.8300,4818.08,1789385339999,490481.220000,524,3692.95,375949.164700,0
1789385340000,101.8300,101.8400,101.8100,101.8100,3362.11,1789385399999,342367.012600,495,1356.34,138125.655300,0
1789385400000,101.8200,101.8900,101.7700,101.8000,18149.09,1789385459999,1848109.666300,2056,13609.63,1385897.598300,0
1789385460000,101.8000,101.8200,101.7900,101.8200,5993.22,1789385519999,610155.309500,509,5511.33,561099.824900,0
1789385520000,101.8200,101.8500,101.7200,101.7200,7824.74,1789385579999,796585.478900,1464,4084.40,415882.177600,0
1789385580000,101.7200,101.7300,101.6200,101.6200,8770.81,1789385639999,891794.277200,1500,3110.55,316305.089300,0
1789385640000,101.6300,101.6500,101.4700,101.5200,33495.72,1789385699999,3401724.829100,2830,9281.21,942427.405400,0
1789385700000,101.5100,101.5400,101.4700,101.5200,10984.80,1789385759999,1114900.759300,1311,7637.57,775184.383600,0
1789385760000,101.5200,101.5900,101.5200,101.5600,7998.60,1789385819999,812319.835600,1170,6722.76,682756.851600,0
1789385820000,101.5600,101.5900,101.5300,101.5500,4314.96,1789385879999,438186.370600,1017,2434.48,247226.281900,0
1789385880000,101.5600,101.6100,101.5500,101.5800,3003.75,1789385939999,305125.232600,901,1438.18,146091.973800,0
1789385940000,101.5700,101.5800,101.4900,101.5100,2546.54,1789385999999,258525.467400,1192,776.47,78819.711500,0
1789386000000,101.5100,101.5800,101.5000,101.5800,2689.18,1789386059999,273022.212800,518,1982.20,201239.548400,0
1789386060000,101.5800,101.5900,101.4800,101.4800,4157.20,1789386119999,422113.793200,920,603.01,61239.393000,0
1789386120000,101.4800,101.5400,101.4800,101.5300,2557.80,1789386179999,259628.565900,578,1695.41,172094.348400,0
1789386180000,101.5400,101.5400,101.5200,101.5200,1525.62,1789386239999,154895.367200,401,673.25,68355.184000,0
1789386240000,101.5200,101.5300,101.5000,101.5200,1512.17,1789386299999,153502.547400,460,711.89,72264.948000,0
1789386300000,101.5100,101.5400,101.4900,101.5000,4376.10,1789386359999,444258.533700,824,1416.67,143824.464200,0
1789386360000,101.4900,101.5100,101.4900,101.5100,878.63,1789386419999,89183.121800,223,733.82,74485.056200,0
1789386420000,101.5000,101.5000,101.4600,101.4700,5615.54,1789386479999,569851.616300,766,2536.46,257374.801800,0
1789386480000,101.4700,101.5000,101.4500,101.4600,5694.44,1789386539999,577799.335900,762,2004.70,203413.468100,0
1789386540000,101.4700,101.4900,101.4600,101.4600,1974.33,1789386599999,200334.481400,327,791.68,80333.417200,0
1789386600000,101.4600,101.4700,101.3700,101.3700,8881.17,1789386659999,900567.664800,1387,1977.30,200511.282000,0
1789386660000,101.3700,101.4200,101.3700,101.4100,3102.36,1789386719999,314559.686800,714,2654.56,269158.824400,0
1789386720000,101.4200,101.4300,101.3800,101.4000,7733.00,1789386779999,784226.445200,783,3005.63,304817.085500,0
1789386780000,101.4000,101.4100,101.3000,101.3100,12428.84,1789386839999,1259533.738800,1566,3921.42,397372.713600,0
1789386840000,101.3200,101.3800,101.2800,101.3200,18527.26,1789386899999,1877057.670200,1776,6447.61,653240.228900,0
1789386900000,101.3200,101.3700,101.3200,101.3300,8623.57,1789386959999,873947.771000,820,4880.81,494635.863800,0
1789386960000,101.3300,101.3600,101.3100,101.3400,7426.47,1789387019999,752600.336200,789,6040.93,612210.466400,0
1789387020000,101.3500,101.3900,101.3100,101.3400,7560.58,1789387079999,766242.337500,1221,3445.68,349220.061800,0
1789387080000,101.3300,101.3400,101.2800,101.2900,12798.14,1789387139999,1296605.990300,895,3479.56,352507.107100,0
1789387140000,101.2800,101.3600,101.2700,101.3400,16565.05,1789387199999,1678178.103500,1414,12681.09,1284742.426200,0
1789387200000,101.3400,101.3400,101.3000,101.3000,4852.11,1789387259999,491627.223000,1171,1359.78,137787.849800,0
1789387260000,101.3000,101.3400,101.2500,101.3300,10118.93,1789387319999,1024886.008200,1619,5928.88,600573.824800,0
1789387320000,101.3300,101.3800,101.3200,101.3400,4259.53,1789387379999,431695.263700,1346,2311.10,234229.625300,0
1789387380000,101.3400,101.3700,101.3200,101.3500,4104.62,1789387439999,415990.190600,879,3138.61,318091.754300,0
1789387440000,101.3600,101.3700,101.3500,101.3700,2137.01,1789387499999,216609.283900,685,1537.56,155851.517200,0
1789387500000,101.3700,101.4500,101.3600,101.4200,9155.30,1789387559999,928530.074100,1288,5531.16,560921.750100,0
1789387560000,101.4200,101.4500,101.3500,101.3600,20849.19,1789387619999,2114283.061600,1827,15915.62,1613988.244300,0
1789387620000,101.3600,101.4300,101.3500,101.4300,7141.63,1789387679999,724114.398800,1261,4029.26,408535.795200,0
1789387680000,101.4300,101.5000,101.4300,101.4600,7311.06,1789387739999,741857.670000,1546,4175.46,423677.516600,0
1789387740000,101.4600,101.5000,101.4500,101.4800,3811.84,1789387799999,386811.730500,1018,2872.63,291510.474300,0
1789387800000,101.4800,101.5200,101.4500,101.5100,4511.38,1789387859999,457880.854800,965,3741.29,379723.179800,0
1789387860000,101.5100,101.5200,101.5000,101.5100,1054.85,1789387919999,107078.163300,564,895.06,90858.501800,0
1789387920000,101.5200,101.5300,101.5100,101.5300,1041.08,1789387979999,105689.965200,567,793.20,80527.638700,0
1789387980000,101.5200,101.5400,101.5000,101.5100,3149.84,1789388039999,319787.705500,933,1344.05,136459.217200,0
1789388040000,101.5200,101.5400,101.4600,101.5400,4491.64,1789388099999,455891.009900,996,1586.56,161027.449100,0
1789388100000,101.5300,101.5600,101.5000,101.5600,3314.31,1789388159999,336483.812800,1077,1730.98,175748.154500,0
1789388160000,101.5600,101.6300,101.4800,101.5500,9743.54,1789388219999,989441.362700,2755,5467.19,555217.725200,0
1789388220000,101.5500,101.6300,101.5200,101.6200,5794.22,1789388279999,588586.918200,1824,3621.59,367900.546900,0
1789388280000,101.6200,101.6300,101.6000,101.6100,6663.56,1789388339999,677121.563900,957,3435.24,349086.974700,0
1789388340000,101.6000,101.6900,101.6000,101.6700,13244.98,1789388399999,1346223.295500,1971,10439.69,1061076.388500,0
1789388400000,101.6700,101.6900,101.5700,101.5800,22363.41,1789388459999,2272532.774400,1906,7491.80,761244.557800,0
1789388460000,101.5900,101.6000,101.5000,101.5900,15317.57,1789388519999,1555421.925700,1547,5077.32,515657.066700,0
1789388520000,101.5800,101.6900,101.5800,101.6700,7749.61,1789388579999,787718.156800,1198,2295.50,233307.603700,0
1789388580000,101.6600,101.7200,101.6500,101.7100,4618.00,1789388639999,469604.423800,1391,3491.00,355003.565200,0
1789388640000,101.7000,101.7500,101.7000,101.7500,9007.38,1789388699999,916328.418600,1278,8318.66,846268.254000,0
1789388700000,101.7500,101.7500,101.6600,101.7200,4890.40,1789388759999,497381.867300,1473,2338.61,237841.894200,0
1789388760000,101.7200,101.7200,101.6300,101.6300,4372.09,1789388819999,444468.615900,1012,588.84,59873.165200,0
1789388820000,101.6300,101.7700,101.6300,101.6900,16971.40,1789388879999,1726023.976700,1737,13846.57,1408184.919000,0
1789388880000,101.6900,101.7400,101.6800,101.7400,1217.16,1789388939999,123799.393500,524,1064.15,108237.246900,0
1789388940000,101.7300,101.7800,101.7300,101.7800,3305.12,1789388999999,336348.092900,637,1978.72,201364.278300,0
1789389000000,101.7800,101.8000,101.7300,101.7600,11473.23,1789389059999,1167594.819400,1330,2619.14,266544.630500,0
1789389060000,101.7500,101.8500,101.7500,101.8400,7703.10,1789389119999,784168.281100,1118,5906.09,601254.459200,0
1789389120000,101.8500,101.8800,101.8300,101.8800,8207.89,1789389179999,836037.866400,1247,5007.26,510041.027600,0
1789389180000,101.8900,101.9100,101.8700,101.8800,9060.26,1789389239999,923184.658800,1042,4433.24,451735.141300,0
1789389240000,101.8800,101.9600,101.8100,101.8600,22964.30,1789389299999,2339787.019000,2047,11481.44,1169691.874700,0
1789389300000,101.8600,101.8600,101.4700,101.5600,20437.30,1789389359999,2077045.492600,4354,6079.61,617914.444300,0
1789389360000,101.5600,101.6300,101.4200,101.5000,15732.90,1789389419999,1597289.460400,3810,6643.52,674422.606800,0
1789389420000,101.5100,101.5200,101.3800,101.4400,15603.28,1789389479999,1582521.660200,2875,6150.38,623810.691500,0
1789389480000,101.4300,101.5400,101.3900,101.4800,14156.78,1789389539999,1436305.677800,2387,8593.93,871982.072200,0
1789389540000,101.4700,101.5900,101.4700,101.5600,7447.73,1789389599999,756293.869600,1472,4662.88,473473.718900,0
1789389600000,101.5600,101.5600,101.5000,101.5600,2907.56,1789389659999,295216.596200,981,1865.19,189388.501800,0
1789389660000,101.5600,101.5900,101.3600,101.4900,27853.28,1789389719999,2826785.014600,3468,14608.63,1482667.737900,0
1789389720000,101.4900,101.5800,101.4800,101.5400,5814.43,1789389779999,590276.372800,1016,3507.58,356073.452200,0
1789389780000,101.5300,101.6900,101.5300,101.6600,9337.50,1789389839999,949069.511100,1835,6342.19,644612.956100,0
1789389840000,101.6600,101.7300,101.6500,101.6700,14383.39,1789389899999,1462666.273300,1381,9573.60,973585.261400,0
1789389900000,101.6600,101.7400,101.6400,101.6900,4683.60,1789389959999,476258.766200,1356,2389.13,242936.984800,0
1789389960000,101.6900,101.6900,101.5500,101.5700,6428.34,1789390019999,653114.398300,1350,1610.67,163593.017200,0
1789390020000,101.5600,101.5700,101.5200,101.5600,5003.59,1789390079999,508084.192100,782,1826.94,185510.723400,0
1789390080000,101.5600,101.5600,101.4500,101.4700,5109.18,1789390139999,518527.414600,1277,959.60,97384.831200,0
1789390140000,101.4600,101.5000,101.4200,101.4800,4351.13,1789390199999,441447.797300,963,2565.83,260338.810900,0
1789390200000,101.4700,101.5200,101.4000,101.4200,9893.65,1789390259999,1003821.513700,1697,3328.96,337766.367300,0
1789390260000,101.4100,101.4400,101.3800,101.3900,6064.58,1789390319999,614965.818800,996,3616.19,366697.844500,0
1789390320000,101.3800,101.4000,101.3500,101.3700,7601.68,1789390379999,770662.154800,902,3639.53,368980.790500,0
1789390380000,101.3700,101.4200,101.3200,101.3300,8071.59,1789390439999,818284.659500,1541,2010.28,203813.977300,0
1789390440000,101.3200,101.3200,101.2300,101.2500,10820.75,1789390499999,1095838.627200,1566,2744.45,277927.601100,0
1789390500000,101.2400,101.3300,101.1800,101.2100,25537.06,1789390559999,2585762.789700,2565,11650.80,1179964.024700,0
1789390560000,101.2000,101.2500,101.1600,101.2200,7255.62,1789390619999,734289.168900,1471,2672.44,270488.442600,0
1789390620000,101.2100,101.2800,101.2100,101.2700,2991.70,1789390679999,302939.946900,619,2003.48,202881.847300,0
1789390680000,101.2700,101.3600,101.2600,101.3300,11616.92,1789390739999,1177022.399200,1361,9828.74,995836.069400,0
1789390740000,101.3300,101.3600,101.3000,101.3400,19048.83,1789390799999,1930347.140200,1184,14193.88,1438368.119000,0
1789390800000,101.3500,101.3800,101.2600,101.2800,15407.09,1789390859999,1560890.509800,2324,7595.16,769503.176200,0
1789390860000,101.2900,101.2900,101.1100,101.1300,31849.00,1789390919999,3221877.901400,3535,7758.55,784903.635800,0
1789390920000,101.1300,101.1900,101.0300,101.0700,22769.84,1789390979999,2301697.921400,2989,8215.04,830506.848900,0
1789390980000,101.0600,101.2500,101.0300,101.0900,15886.95,1789391039999,1606753.073400,2771,6612.54,668870.423700,0
1789391040000,101.0900,101.1400,100.9000,100.9600,46499.68,1789391099999,4696615.138100,3835,11284.89,1140185.653800,0
1789391100000,100.9700,101.0000,100.9100,100.9700,18816.91,1789391159999,1899777.952500,2192,9087.26,917454.250500,0
1789391160000,100.9700,100.9700,100.6500,100.7500,55382.23,1789391219999,5581049.210900,5960,20921.41,2108180.562400,0
1789391220000,100.7500,100.7700,100.7000,100.7700,19858.94,1789391279999,2000540.953800,2595,12034.22,1212312.246300,0
1789391280000,100.7600,100.8000,100.6000,100.6800,52805.70,1789391339999,5316929.505600,4898,25996.43,2617707.276800,0
1789391340000,100.6700,100.9100,100.6500,100.8900,47119.41,1789391399999,4750186.021900,2906,24750.67,2494621.335600,0
1789391400000,100.8900,101.1000,100.8800,101.0900,19741.84,1789391459999,1993831.150300,2454,14990.25,1513950.011100,0
1789391460000,101.1000,101.1500,101.0600,101.1300,20355.55,1789391519999,2058249.567900,2368,14865.48,1503155.066400,0
1789391520000,101.1300,101.1700,101.1000,101.1300,12062.53,1789391579999,1219996.309700,1647,8444.49,854086.787800,0
1789391580000,101.1400,101.2700,101.0400,101.1000,31095.99,1789391639999,3145426.334500,3208,14792.38,1496396.339300,0
1789391640000,101.0900,101.1700,101.0900,101.1100,7642.01,1789391699999,772889.768700,1226,5381.79,544290.322800,0
1789391700000,101.1100,101.2500,101.1100,101.2300,11983.41,1789391759999,1212569.707400,1846,7620.25,771055.507100,0
1789391760000,101.2300,101.3200,101.2200,101.2900,20115.25,1789391819999,2036997.998000,2050,13301.44,1347032.571900,0
1789391820000,101.2800,101.3400,101.2500,101.3300,6697.29,1789391879999,678388.331800,1306,4243.11,429806.271000,0
1789391880000,101.3300,101.4100,101.3000,101.3800,57689.13,1789391939999,5846915.189800,2215,49723.38,5039549.425200,0
1789391940000,101.3900,101.3900,101.1800,101.2100,11743.46,1789391999999,1189242.675400,2114,4183.14,423640.060600,0
1789392000000,101.2100,101.3300,101.2000,101.2600,4977.98,1789392059999,504141.570300,1363,3208.21,324893.416600,0
1789392060000,101.2600,101.3000,101.2000,101.2500,4729.09,1789392119999,478830.794400,1419,2056.13,208210.324600,0
1789392120000,101.2500,101.2600,101.1800,101.2000,4453.32,1789392179999,450787.433800,1036,2135.20,216146.388400,0
1789392180000,101.1900,101.2100,101.1700,101.1800,3309.47,1789392239999,334881.272700,751,513.29,51942.635300,0
1789392240000,101.1800,101.1900,101.0900,101.1000,10483.67,1789392299999,1060127.256600,1609,2361.11,238780.157400,0
1789392300000,101.0900,101.1100,101.0600,101.0800,3917.59,1789392359999,395990.732800,853,1058.70,107012.237800,0
1789392360000,101.0800,101.0900,100.9800,101.0500,15972.63,1789392419999,1613682.906000,2040,3443.97,348023.208500,0
1789392420000,101.0600,101.0900,101.0400,101.0700,6750.83,1789392479999,682325.163800,1060,3984.27,402714.630300,0
1789392480000,101.0800,101.1500,101.0600,101.0800,4155.18,1789392539999,420115.208600,939,2759.80,279027.865700,0
1789392540000,101.0900,101.2000,101.0800,101.1600,24119.81,1789392599999,2439682.244900,1660,20575.77,2081212.538400,0
1789392600000,101.1700,101.4800,101.1000,101.4700,61596.92,1789392659999,6240206.212500,6114,41828.14,4237928.381300,0
1789392660000,101.4600,101.6900,101.4200,101.6100,59155.53,1789392719999,6007192.505300,7357,36183.86,3675097.617400,0
1789392720000,101.6000,101.6800,101.4800,101.6400,49200.07,1789392779999,4997224.339500,6039,26234.42,2664488.356400,0
1789392780000,101.6400,101.6900,101.5100,101.6300,17686.12,1789392839999,1796618.537400,2845,9284.34,943187.230300,0
1789392840000,101.6300,101.8600,101.6200,101.7700,36233.33,1789392899999,3687694.254900,4717,21991.64,2238428.272500,0
1789392900000,101.7700,101.7700,101.4800,101.4900,27469.70,1789392959999,2793203.289500,4453,7979.66,811488.549800,0
1789392960000,101.4800,101.4900,100.9800,101.1500,70805.87,1789393019999,7162854.832200,8351,18489.92,1870519.203000,0
1789393020000,101.1600,101.3800,100.9100,101.3400,36590.43,1789393079999,3700892.382900,6750,19862.23,2009608.621700,0
1789393080000,101.3400,101.5700,101.3300,101.4100,19035.12,1789393139999,1931583.280800,4043,12462.36,1264568.138500,0
1789393140000,101.4100,101.4500,101.2800,101.3100,13506.74,1789393199999,1369153.866400,3305,5578.00,565455.169400,0
1789393200000,101.3100,101.4000,101.2600,101.2900,10175.66,1789393259999,1031065.066200,2573,5979.71,605933.720100,0
1789393260000,101.2900,101.3100,101.1100,101.2200,19441.26,1789393319999,1967209.257100,2792,5876.03,594549.791500,0
1789393320000,101.2200,101.3600,101.1800,101.3100,9747.19,1789393379999,987100.076800,2237,6490.91,657392.756300,0
1789393380000,101.3100,101.4100,101.2600,101.3700,19610.32,1789393439999,1987260.481000,2688,8944.87,906604.244700,0
1789393440000,101.3700,101.4400,101.3100,101.4200,6482.49,1789393499999,657213.125500,1544,3836.54,388977.644200,0
1789393500000,101.4200,101.5400,101.3700,101.5300,14389.58,1789393559999,1460009.700800,2413,8845.94,897606.113200,0
1789393560000,101.5200,101.6600,101.5100,101.6600,13816.47,1789393619999,1403497.716800,2324,7827.47,795205.688300,0
1789393620000,101.6600,101.7800,101.6500,101.7500,19770.74,1789393679999,2011145.106200,3061,12694.22,1291237.794800,0
1789393680000,101.7500,101.8200,101.6900,101.7300,18879.47,1789393739999,1921179.231500,2546,9495.05,966310.216200,0
1789393740000,101.7300,101.8400,101.6700,101.8000,12565.72,1789393799999,1278640.393800,2532,6778.38,689827.914200,0
1789393800000,101.8000,101.8700,101.6800,101.6900,24311.39,1789393859999,2474590.781900,3383,12542.73,1276903.045100,0
1789393860000,101.7000,101.7400,101.4400,101.4400,34440.03,1789393919999,3497249.314200,4168,6879.54,698737.041300,0
1789393920000,101.4400,101.5700,101.3700,101.5200,24258.41,1789393979999,2460941.264800,4265,7566.41,767795.303900,0
1789393980000,101.5100,101.6200,101.4200,101.6000,13041.26,1789394039999,1324034.294800,2913,5051.49,512856.064200,0
1789394040000,101.6000,101.6100,101.4900,101.5000,8979.54,1789394099999,912029.035100,1740,2075.34,210807.860700,0
1789394100000,101.4900,101.5300,101.3700,101.4400,15168.18,1789394159999,1538535.687100,2634,4055.09,411359.619600,0
1789394160000,101.4300,101.4400,101.2300,101.3400,17550.04,1789394219999,1778416.712200,2455,3846.83,389713.744700,0
1789394220000,101.3300,101.3300,101.2100,101.2100,10958.45,1789394279999,1109738.546800,1940,4344.57,440002.289700,0
1789394280000,101.2200,101.3700,101.1600,101.3500,14643.92,1789394339999,1482534.221800,2627,7407.42,750098.005700,0
1789394340000,101.3600,101.4600,101.3000,101.3200,11658.16,1789394399999,1181836.206900,1928,5617.54,569591.999100,0
1789394400000,101.3200,101.5200,101.2800,101.4700,26214.99,1789394459999,2658847.677300,3834,17965.27,1822125.346500,0
1789394460000,101.4700,101.6700,101.4500,101.6000,21999.07,1789394519999,2234979.017000,3017,12003.71,1219423.156100,0
1789394520000,101.5900,101.6400,101.5200,101.6000,12685.84,1789394579999,1288807.828600,2554,4973.85,505333.217700,0
1789394580000,101.6000,101.8300,101.6000,101.7000,32462.90,1789394639999,3303082.207400,3459,25577.55,2602567.691600,0
1789394640000,101.7100,101.8400,101.7000,101.7500,11323.19,1789394699999,1152412.369500,2549,5295.93,539020.686600,0
1789394700000,101.7500,101.7500,101.5000,101.5200,27557.79,1789394759999,2799770.350500,2963,11334.40,1151602.302100,0
1789394760000,101.5100,101.5800,101.4800,101.5600,6364.21,1789394819999,646156.513300,1538,4408.27,447570.187200,0
1789394820000,101.5600,101.6100,101.5200,101.5600,7681.49,1789394879999,780241.842400,1601,5182.00,526367.633000,0
1789394880000,101.5600,101.6400,101.5000,101.5300,11594.98,1789394939999,1177609.473000,1967,7975.40,810017.061800,0
1789394940000,101.5300,101.6100,101.4700,101.4900,6149.95,1789394999999,624515.709600,1653,3062.19,310945.583800,0
1789395000000,101.4900,101.7800,101.4800,101.7800,12300.86,1789395059999,1250522.370400,2374,7174.76,729257.441900,0
1789395060000,101.7700,101.9500,101.7600,101.8600,63505.40,1789395119999,6468152.495000,4966,40017.81,4075850.182600,0
1789395120000,101.8500,101.9000,101.7300,101.7300,20549.96,1789395179999,2091995.439500,2611,4758.38,484538.790100,0
1789395180000,101.7400,101.8700,101.7200,101.8600,6263.21,1789395239999,637634.896900,1501,3347.88,340840.004400,0
1789395240000,101.8600,101.8800,101.7800,101.7900,10406.03,1789395299999,1059591.382600,1625,2904.99,295818.171800,0
1789395300000,101.8000,101.9100,101.7900,101.8700,22278.01,1789395359999,2269260.638200,1928,16271.00,1657378.783200,0
1789395360000,101.8700,101.9000,101.8400,101.8400,18477.59,1789395419999,1882442.312400,1557,9310.87,948603.641600,0
1789395420000,101.8400,101.9700,101.8400,101.9300,13648.26,1789395479999,1391137.946600,1990,8785.07,895412.004700,0
1789395480000,101.9400,101.9400,101.7300,101.8000,18987.62,1789395539999,1933358.906700,2479,4158.15,423394.027500,0
1789395540000,101.7900,101.9400,101.7900,101.9400,10642.99,1789395599999,1084378.998700,1823,5862.37,597308.504100,0
1789395600000,101.9300,101.9400,101.7700,101.7800,17308.85,1789395659999,1762957.656700,2150,6558.43,667936.656800,0
1789395660000,101.7800,101.7800,101.4200,101.4900,26829.14,1789395719999,2724872.724500,3975,5405.79,548918.852900,0
1789395720000,101.4800,101.6000,101.4700,101.5200,25732.40,1789395779999,2612316.670900,2649,13725.16,1393435.466100,0
1789395780000,101.5100,101.5300,101.4000,101.5000,18802.37,1789395839999,1907728.806700,2643,10686.70,1084376.009900,0
1789395840000,101.4900,101.5300,101.3400,101.3500,17490.10,1789395899999,1774061.336500,2413,5713.46,579661.546600,0
1789395900000,101.3400,101.4400,101.3300,101.4400,15256.67,1789395959999,1546780.429000,2116,7161.00,726049.179400,0
1789395960000,101.4300,101.4400,101.1500,101.2400,28629.31,1789396019999,2899663.161600,3437,11213.49,1135784.020300,0
1789396020000,101.2400,101.4200,101.2100,101.4200,19506.04,1789396079999,1976245.402600,2403,11486.48,1163785.945800,0
1789396080000,101.4300,101.6000,101.4200,101.5800,14572.35,1789396139999,1479225.585200,1870,10210.61,1036429.985500,0
1789396140000,101.5800,101.5900,101.4300,101.4800,9960.74,1789396199999,1010923.843700,1772,6140.81,623144.817600,0
1789396200000,101.4900,101.6900,101.4500,101.6600,15815.18,1789396259999,1606710.124800,3066,11427.00,1160919.099100,0
1789396260000,101.6700,101.9200,101.6700,101.8800,49758.64,1789396319999,5066624.623000,4911,32403.33,3299423.309000,0
1789396320000,101.8700,101.8900,101.7000,101.7700,12966.26,1789396379999,1319573.098500,2362,7961.97,810191.664500,0
1789396380000,101.7700,101.8200,101.7000,101.7200,12733.30,1789396439999,1295886.538800,2112,6184.49,629404.679900,0
1789396440000,101.7200,101.8300,101.7100,101.7100,11762.19,1789396499999,1197169.236200,1659,6596.23,671386.154800,0
1789396500000,101.7100,101.7100,101.5500,101.5700,11667.21,1789396559999,1185530.779800,2443,4055.48,412084.359600,0
1789396560000,101.5700,101.6100,101.5100,101.5200,8578.73,1789396619999,871190.957000,1421,3991.83,405389.861100,0
1789396620000,101.5300,101.5500,101.4700,101.4900,6573.77,1789396679999,667277.736300,1535,3216.40,326504.016500,0
1789396680000,101.4800,101.4800,101.3700,101.4500,15229.08,1789396739999,1544484.627400,1850,6288.43,637805.055000,0
1789396740000,101.4500,101.5000,101.3500,101.4400,12903.42,1789396799999,1308770.435300,1826,4532.13,459680.585800,0
1789396800000,101.4400,101.5200,101.4000,101.4700,9454.84,1789396859999,959337.960200,1724,3755.22,381033.234700,0
1789396860000,101.4600,101.5300,101.3600,101.3800,10762.49,1789396919999,1091694.474500,1452,2793.80,283369.113900,0
1789396920000,101.3700,101.4400,101.3700,101.4200,6685.50,1789396979999,677910.290200,977,3920.90,397577.026000,0
1789396980000,101.4100,101.4500,101.3400,101.3700,12217.26,1789397039999,1238726.831600,1503,7631.61,773826.016100,0
1789397040000,101.3700,101.5100,101.3500,101.5100,11120.10,1789397099999,1127669.851900,1382,6943.55,704226.693700,0
1789397100000,101.5100,101.7700,101.5000,101.6800,21453.71,1789397159999,2181616.334400,2620,8576.99,871822.715700,0
1789397160000,101.6700,101.7400,101.5600,101.6200,15695.24,1789397219999,1595746.321300,2136,5909.27,600806.495600,0
1789397220000,101.6200,101.6200,101.4900,101.5700,4552.31,1789397279999,462357.104300,1050,1957.97,198868.419600,0
1789397280000,101.5700,101.6500,101.5600,101.5900,3783.60,1789397339999,384420.886300,1339,1954.82,198602.867100,0
1789397340000,101.5800,101.7800,101.5800,101.7600,18072.00,1789397399999,1837369.698500,2082,11589.85,1178382.060400,0
1789397400000,101.7600,101.7700,101.6200,101.6300,11398.89,1789397459999,1159454.583100,1619,4706.39,478659.560300,0
1789397460000,101.6200,101.6700,101.5600,101.6500,5968.11,1789397519999,606343.621300,1212,3331.57,338470.466600,0
1789397520000,101.6500,101.6500,101.4700,101.4900,6267.09,1789397579999,636329.608400,1484,1879.09,190768.721800,0
1789397580000,101.5000,101.5700,101.4700,101.4700,6426.94,1789397639999,652431.276100,983,1277.26,129672.494100,0
1789397640000,101.4700,101.7300,101.4500,101.7100,29526.40,1789397699999,2998774.323600,2446,20612.00,2093230.187700,0
1789397700000,101.7000,101.7100,101.5100,101.5300,12068.68,1789397759999,1226096.650100,1943,3264.99,331676.457300,0
1789397760000,101.5300,101.5400,101.4700,101.4900,7859.84,1789397819999,797787.503600,1267,1725.72,175159.410900,0
1789397820000,101.4900,101.5400,101.4700,101.5400,3828.75,1789397879999,388623.078200,795,1959.30,198870.344200,0
1789397880000,101.5400,101.6800,101.5300,101.6000,14128.32,1789397939999,1435590.743700,1698,7144.60,725919.567000,0
1789397940000,101.6100,101.6600,101.5800,101.5800,9098.53,1789397999999,924627.379000,1218,3909.92,397328.561300,0
1789398000000,101.5800,101.5900,101.4900,101.5200,14642.62,1789398059999,1486910.872600,1714,5850.52,594120.948700,0
1789398060000,101.5100,101.5200,101.3600,101.4800,12147.98,1789398119999,1232023.577200,2833,4730.11,479740.927700,0
1789398120000,101.4800,101.6200,101.4600,101.4900,20087.43,1789398179999,2038907.516100,2980,11781.02,1195747.180800,0
1789398180000,101.4800,101.4900,101.4000,101.4400,8117.17,1789398239999,823351.133100,1661,3787.34,384162.731900,0
1789398240000,101.4400,101.4600,101.3300,101.3600,11385.74,1789398299999,1154309.938400,1994,3421.97,346949.564800,0
1789398300000,101.3600,101.6400,101.2900,101.5500,55331.61,1789398359999,5614232.222800,6675,27015.05,2740787.200300,0
1789398360000,101.5500,101.7700,101.5400,101.6900,33866.80,1789398419999,3443994.304800,4880,19611.44,1994234.739900,0
1789398420000,101.6800,101.7300,101.5900,101.6500,11082.53,1789398479999,1126499.787400,2551,4140.73,420886.339000,0
1789398480000,101.6600,101.7700,101.6400,101.7200,6769.65,1789398539999,688504.439800,2197,3982.63,405048.714400,0
1789398540000,101.7200,101.7600,101.6400,101.6500,5774.43,1789398599999,587363.850200,1955,2406.47,244782.125000,0
1789398600000,101.6500,101.7000,101.5900,101.6900,5297.38,1789398659999,538533.430100,1601,2959.99,300894.527900,0
1789398660000,101.6900,101.6900,101.5000,101.5400,7136.28,1789398719999,724667.514700,2063,2500.34,253875.558100,0
1789398720000,101.5400,101.6300,101.5000,101.6300,5424.39,1789398779999,550911.736300,1634,3597.43,365382.502800,0
1789398780000,101.6300,101.7000,101.6200,101.6900,3220.29,1789398839999,327413.329100,1311,1733.06,176206.140700,0
1789398840000,101.6900,101.7400,101.6700,101.7100,2605.43,1789398899999,264975.136300,1103,1669.87,169829.591300,0
1789398900000,101.7100,101.7300,101.6500,101.6900,8700.26,1789398959999,884704.750200,1626,3303.76,335959.926800,0
1789398960000,101.6900,101.7800,101.6500,101.7800,9603.67,1789399019999,976943.643900,1809,5561.02,565707.377100,0
1789399020000,101.7800,101.9000,101.7400,101.7500,19984.95,1789399079999,2035507.162600,2787,9475.54,965155.912900,0
1789399080000,101.7400,101.7800,101.6600,101.6900,6956.64,1789399139999,707685.421000,1733,3107.29,316117.274500,0
1789399140000,101.6900,101.8700,101.6800,101.8600,5681.53,1789399199999,578428.058300,1633,3091.36,314682.126400,0
1789399200000,101.8600,101.8600,101.7800,101.8100,7133.28,1789399259999,726342.029000,1842,2462.62,250755.838600,0
1789399260000,101.8100,101.8400,101.7400,101.8000,7000.29,1789399319999,712512.995200,1640,2219.66,225924.270100,0
1789399320000,101.8000,101.8500,101.7800,101.7900,4241.93,1789399379999,431893.131500,1727,1671.17,170162.722800,0
1789399380000,101.7800,101.8200,101.7300,101.8000,4053.23,1789399439999,412509.665300,1376,2373.61,241575.497700,0
1789399440000,101.8000,101.9000,101.7400,101.8400,27610.44,1789399499999,2811582.735000,2630,9784.23,996460.383400,0
1789399500000,101.8300,101.9000,101.7900,101.8100,19127.69,1789399559999,1948434.808800,2179,14042.85,1430552.146200,0
1789399560000,101.8100,101.8800,101.8100,101.8300,6530.93,1789399619999,665122.865600,1122,3514.49,357934.174300,0
1789399620000,101.8300,101.8300,101.7100,101.7200,3787.25,1789399679999,385463.984700,1276,1328.99,135272.110600,0
1789399680000,101.7200,101.8100,101.7100,101.7900,3766.91,1789399739999,383376.936800,849,2091.10,212813.505300,0
1789399740000,101.8000,101.8000,101.7200,101.7300,2558.44,1789399799999,260312.737100,686,695.31,70740.563200,0
1789399800000,101.7400,101.8600,101.7100,101.8500,21348.07,1789399859999,2173048.695500,2250,15192.56,1546341.878300,0
1789399860000,101.8500,101.8500,101.7300,101.7800,7596.58,1789399919999,773121.778000,1470,3060.07,311391.888300,0
1789399920000,101.7800,101.9700,101.7000,101.9500,44950.08,1789399979999,4578497.122400,4578,29137.24,2968060.494500,0
1789399980000,101.9400,102.0600,101.8900,102.0500,24450.95,1789400039999,2493516.874600,3014,12900.63,1315804.378900,0
1789400040000,102.0600,102.1300,101.9900,102.0400,45005.07,1789400099999,4593812.623700,3449,22467.76,2293371.773800,0
1789400100000,102.0500,102.0500,101.8500,101.8500,12080.13,1789400159999,1231805.998700,1912,3695.18,376844.463100,0
1789400160000,101.8500,101.9100,101.7400,101.7600,10097.84,1789400219999,1027824.532100,1620,2242.85,228319.725800,0
1789400220000,101.7600,101.9600,101.7600,101.9600,10464.89,1789400279999,1065822.782200,1973,7801.61,794575.186200,0
1789400280000,101.9500,102.0400,101.9400,101.9400,8041.38,1789400339999,820177.449300,1808,2773.74,282922.224500,0
1789400340000,101.9400,102.0500,101.9300,101.9400,11603.59,1789400399999,1183330.743900,1576,6555.75,668574.925200,0
1789400400000,101.9500,102.0900,101.9200,102.0200,31188.19,1789400459999,3182082.292900,3151,20522.05,2093889.074800,0
1789400460000,102.0300,102.1600,101.9900,102.1600,22282.68,1789400519999,2275074.313000,2089,11838.72,1208775.089900,0
1789400520000,102.1500,102.1800,102.0700,102.1200,14858.41,1789400579999,1517468.243300,1803,6891.73,703893.799300,0
1789400580000,102.1100,102.2300,102.1100,102.2000,18105.73,1789400639999,1850190.492900,1937,10018.92,1023797.879300,0
1789400640000,102.2100,102.2300,102.1100,102.1400,11989.78,1789400699999,1224901.164400,1431,4149.34,424006.327900,0
1789400700000,102.1400,102.1500,101.9400,101.9500,24213.93,1789400759999,2470874.155100,2543,8469.35,864327.923400,0
1789400760000,101.9400,101.9500,101.8100,101.8400,18416.12,1789400819999,1875756.578200,1985,6191.84,630690.093500,0
1789400820000,101.8300,101.8500,101.7900,101.8200,10829.17,1789400879999,1102541.290700,1068,6046.60,615629.752900,0
1789400880000,101.8200,101.9400,101.8000,101.9300,11138.10,1789400939999,1134464.916800,1815,8076.77,822651.188700,0
1789400940000,101.9400,102.0600,101.9400,101.9800,12154.79,1789400999999,1239778.639100,1927,7371.44,751883.332000,0
1789401000000,101.9900,102.0800,101.9500,102.0300,27453.67,1789401059999,2801002.303300,2579,18556.68,1893290.758100,0
1789401060000,102.0200,102.1200,102.0100,102.0700,14621.66,1789401119999,1492280.281500,1830,8939.36,912314.576900,0
1789401120000,102.0700,102.1900,102.0600,102.1700,11748.06,1789401179999,1199950.599700,1510,6963.80,711291.728800,0
1789401180000,102.1600,102.2200,102.1100,102.1800,15103.46,1789401239999,1543188.666900,1648,7488.38,765161.519200,0
1789401240000,102.1900,102.2100,102.1000,102.1100,14071.53,1789401299999,1437197.011200,1526,5987.41,611480.435400,0
1789401300000,102.1000,102.1500,101.9900,102.0400,70622.37,1789401359999,7208586.779000,5651,23739.33,2422924.459400,0
1789401360000,102.0400,102.0500,101.9500,102.0100,21520.14,1789401419999,2194836.188600,1638,7412.53,755984.968200,0
1789401420000,102.0100,102.0300,101.8900,101.9300,13045.09,1789401479999,1330268.385500,1648,5251.11,535506.151800,0
1789401480000,101.9400,101.9400,101.8800,101.8800,5988.47,1789401539999,610196.179300,855,3207.94,326869.294000,0
1789401540000,101.8900,101.9300,101.8800,101.9200,6649.12,1789401599999,677557.748600,866,6063.33,617868.324500,0
1789401600000,101.9300,102.0300,101.9100,101.9800,33849.43,1789401659999,3452367.618300,1656,9297.55,948146.076100,0
1789401660000,101.9800,102.0700,101.9800,102.0400,17666.64,1789401719999,1802741.328700,1997,6292.14,642015.136800,0
1789401720000,102.0400,102.1500,101.9700,101.9700,36232.12,1789401779999,3698328.077000,2817,15824.13,1615668.539100,0
1789401780000,101.9800,101.9800,101.9300,101.9500,8556.70,1789401839999,872396.713500,1324,3560.43,363009.183600,0
1789401840000,101.9500,101.9500,101.8400,101.8600,9888.31,1789401899999,1007416.524300,1650,3228.53,328939.937300,0
1789401900000,101.8500,101.9300,101.8500,101.8700,7259.13,1789401959999,739641.868900,1770,3809.27,388153.229700,0
1789401960000,101.8700,101.9500,101.8600,101.9100,8918.24,1789402019999,908880.864000,1661,5514.02,561949.206300,0
1789402020000,101.9100,101.9400,101.8700,101.8900,6223.17,1789402079999,634187.911400,1773,4088.22,416610.984000,0
1789402080000,101.8900,101.9000,101.8400,101.8500,4618.58,1789402139999,470441.053700,1302,3315.98,337759.691200,0
1789402140000,101.8400,101.9400,101.8300,101.9400,4400.06,1789402199999,448289.979300,1359,2671.80,272209.815500,0
1789402200000,101.9500,102.0000,101.9300,101.9800,5133.97,1789402259999,523519.942200,1409,2138.89,218104.542600,0
1789402260000,101.9800,101.9900,101.9200,101.9300,18045.98,1789402319999,1839755.492600,1647,4410.48,449651.077800,0
1789402320000,101.9300,101.9400,101.9000,101.9300,3052.58,1789402379999,311123.109500,1136,1540.10,156972.254500,0
1789402380000,101.9300,102.0000,101.9200,101.9300,23878.72,1789402439999,2434745.592900,1816,21108.51,2152301.193100,0
1789402440000,101.9300,101.9300,101.8100,101.8400,27798.38,1789402499999,2831606.491600,2343,2203.46,224418.738600,0
1789402500000,101.8400,102.0900,101.8400,102.0800,30557.64,1789402559999,3117816.487700,2721,24048.53,2453905.121000,0
1789402560000,102.0800,102.1500,102.0600,102.1100,17474.58,1789402619999,1784263.965500,2608,10899.32,1112923.757300,0
1789402620000,102.1100,102.2500,102.0700,102.2500,21829.21,1789402679999,2229791.652800,2502,17205.08,1757542.309100,0
1789402680000,102.2500,102.5900,102.2300,102.5900,118475.51,1789402739999,12132732.726500,9771,80495.35,8244439.397000,0
1789402740000,102.5900,102.7800,102.5200,102.5200,62365.19,1789402799999,6401469.148500,6569,35483.38,3642565.570100,0
1789402800000,102.5300,102.5800,102.3600,102.4300,39170.54,1789402859999,4013363.953100,3893,11358.57,1164094.325600,0
1789402860000,102.4300,102.5500,102.3300,102.5500,29819.93,1789402919999,3053568.700600,3351,10112.12,1035863.116200,0
1789402920000,102.5500,102.7700,102.5500,102.7200,39087.07,1789402979999,4013084.934400,4170,27015.62,2773255.624500,0
1789402980000,102.7200,102.7700,102.6700,102.6800,40903.08,1789403039999,4201666.047500,3865,18794.64,1930689.825300,0
1789403040000,102.6800,102.8700,102.6700,102.7200,55433.95,1789403099999,5697117.380100,5289,31002.87,3186201.543100,0
1789403100000,102.7200,102.7500,102.4900,102.5100,19155.64,1789403159999,1965090.768100,3161,5221.28,535681.129100,0
1789403160000,102.5100,102.5200,102.3700,102.3800,20788.78,1789403219999,2129767.531100,2304,4318.37,442413.962600,0
1789403220000,102.3800,102.4600,102.3200,102.4100,18299.44,1789403279999,1873406.035800,2207,6005.67,614927.580100,0
1789403280000,102.4000,102.5000,102.3800,102.4300,8480.55,1789403339999,868744.569600,1388,4448.94,455728.108800,0
1789403340000,102.4300,102.4800,102.3900,102.3900,6658.21,1789403399999,682032.254200,946,2473.29,253354.702600,0
1789403400000,102.3900,102.5100,102.3800,102.4900,15310.82,1789403459999,1568657.262700,1711,11474.40,1175575.296200,0
1789403460000,102.4900,102.6200,102.4400,102.5600,31855.52,1789403519999,3265436.245900,2971,14662.87,1503216.369100,0
1789403520000,102.5600,102.6500,102.5200,102.5500,27653.96,1789403579999,2836962.120500,2161,8683.02,890759.825400,0
1789403580000,102.5500,102.5800,102.4800,102.5000,16377.13,1789403639999,1679158.570100,1713,6526.84,669218.351300,0
1789403640000,102.4900,102.5000,102.3800,102.4100,8197.47,1789403699999,839625.831600,1202,2018.68,206749.981600,0
1789403700000,102.4000,102.4500,102.3600,102.4100,8546.85,1789403759999,875135.321600,1328,5059.10,518018.548800,0
1789403760000,102.4100,102.4100,102.3200,102.3400,10627.52,1789403819999,1087845.608800,1209,2435.33,249278.859600,0
1789403820000,102.3300,102.4600,102.3300,102.3500,24548.55,1789403879999,2513595.053600,2302,16141.15,1652690.235200,0
1789403880000,102.3400,102.4300,102.3300,102.4300,13619.85,1789403939999,1394190.734400,1308,8589.92,879303.704800,0
1789403940000,102.4300,102.5000,102.3900,102.4100,16389.28,1789403999999,1678901.742400,1674,5101.05,522555.635100,0
1789404000000,102.4200,102.4500,102.3700,102.4000,12643.84,1789404059999,1294825.503200,1480,6852.50,701793.137600,0
1789404060000,102.4000,102.4000,102.3300,102.3400,6054.35,1789404119999,619757.261100,937,1616.25,165429.488800,0
1789404120000,102.3400,102.3700,102.3100,102.3700,5165.82,1789404179999,528621.875400,934,2771.81,283650.401800,0
1789404180000,102.3700,102.3900,102.3400,102.3800,5730.19,1789404239999,586585.631600,837,1923.22,196867.409000,0
1789404240000,102.3700,102.3900,102.3500,102.3900,5912.48,1789404299999,605232.561900,814,2737.16,280184.648800,0
1789404300000,102.3800,102.4600,102.3500,102.4500,9433.81,1789404359999,965900.425700,1259,4892.87,500981.055800,0
1789404360000,102.4500,102.4600,102.4100,102.4500,5307.93,1789404419999,543725.771900,897,1581.83,162041.717100,0
1789404420000,102.4500,102.6600,102.4500,102.5900,22616.79,1789404479999,2319872.624400,3177,17074.84,1751435.534600,0
1789404480000,102.5900,102.7300,102.5300,102.6500,28031.89,1789404539999,2878013.149500,3012,17886.11,1836442.011100,0
1789404540000,102.6600,102.7200,102.6300,102.6800,11163.29,1789404599999,1146168.433300,1398,4824.36,495394.002100,0
1789404600000,102.6800,102.6900,102.5700,102.6600,7709.60,1789404659999,791167.969300,1447,2167.92,222451.443700,0
1789404660000,102.6600,102.7800,102.6400,102.7700,18929.44,1789404719999,1944310.273100,2098,9498.43,975692.871100,0
1789404720000,102.7700,102.8200,102.6900,102.7400,20151.22,1789404779999,2071021.346800,2514,12917.05,1327678.455300,0
1789404780000,102.7400,102.7700,102.6300,102.6300,14837.52,1789404839999,1523917.614300,1814,5805.72,596417.290000,0
1789404840000,102.6400,102.7200,102.6400,102.6700,16828.86,1789404899999,1728083.140300,1662,8101.63,831886.769500,0
1789404900000,102.6700,102.7200,102.6200,102.6300,9425.86,1789404959999,967834.851200,1337,2740.14,281351.835200,0
1789404960000,102.6300,102.6500,102.5400,102.6500,16830.11,1789405019999,1726549.804300,1882,12043.48,1235532.784500,0
1789405020000,102.6400,102.7200,102.6200,102.6400,14967.44,1789405079999,1536766.448500,1547,9385.61,963681.197500,0
1789405080000,102.6300,102.6300,102.5300,102.5500,7229.77,1789405139999,741547.869000,1107,1322.48,135633.327300,0
1789405140000,102.5500,102.5700,102.5200,102.5700,5317.17,1789405199999,545250.776400,843,1927.46,197662.192300,0
1789405200000,102.5700,102.5700,102.5000,102.5400,7727.61,1789405259999,792286.222900,1242,2755.40,282502.243800,0
1789405260000,102.5500,102.5500,102.4800,102.5100,7465.24,1789405319999,765240.214600,1564,2593.67,265864.062000,0
1789405320000,102.5100,102.6000,102.5000,102.5500,5376.98,1789405379999,551462.398300,1266,2999.93,307645.797900,0
1789405380000,102.5600,102.5600,102.5000,102.5300,5114.62,1789405439999,524350.190900,1477,2816.90,288792.478000,0
1789405440000,102.5300,102.5600,102.5200,102.5400,3430.47,1789405499999,351758.617000,907,1385.03,142029.665400,0
1789405500000,102.5400,102.5600,102.5200,102.5300,1583.01,1789405559999,162320.126300,851,897.56,92034.574600,0
1789405560000,102.5400,102.6400,102.5100,102.5200,8264.03,1789405619999,847541.995500,2174,4864.08,498834.863100,0
1789405620000,102.5200,102.5400,102.4800,102.5300,7010.82,1789405679999,718631.746600,1065,2617.19,268270.845800,0
1789405680000,102.5300,102.6200,102.5100,102.6100,7389.30,1789405739999,757797.315300,1258,4150.16,425631.065400,0
1789405740000,102.6100,102.6100,102.5800,102.6000,5761.11,1789405799999,591041.798000,726,2469.91,253394.371800,0
1789405800000,102.6000,102.6800,102.6000,102.6600,17690.78,1789405859999,1815776.889600,1544,11826.80,1213885.428900,0
1789405860000,102.6500,102.7000,102.6500,102.6800,5370.76,1789405919999,551511.921200,1226,3412.50,350424.698700,0
1789405920000,102.6900,102.7600,102.6800,102.7500,6527.54,1789405979999,670582.176100,1206,4222.50,433779.009700,0
1789405980000,102.7600,102.8300,102.7400,102.8200,26546.82,1789406039999,2728529.685900,1968,16861.36,1733218.579300,0
1789406040000,102.8300,102.9500,102.8100,102.9300,30598.69,1789406099999,3148044.859200,2843,17858.05,1837303.601900,0
1789406100000,102.9200,103.0300,102.8900,103.0100,47261.18,1789406159999,4867028.787100,4062,30714.54,3163240.370600,0
1789406160000,103.0100,103.0900,102.9400,103.0100,18485.02,1789406219999,1904134.844400,2453,10817.31,1114411.736300,0
1789406220000,103.0200,103.0400,102.9600,102.9600,14010.41,1789406279999,1443148.743400,1792,3738.25,385098.980500,0
1789406280000,102.9600,102.9700,102.7200,102.8400,41140.55,1789406339999,4229388.861000,3707,14958.33,1537534.997500,0
1789406340000,102.8500,102.9300,102.8400,102.9100,7124.44,1789406399999,732965.961900,1581,3251.42,334515.898000,0
1789406400000,102.9200,103.0500,102.9200,103.0100,12895.90,1789406459999,1328303.233400,1793,6647.40,684669.470400,0
1789406460000,103.0100,103.0500,102.8300,102.8400,25323.26,1789406519999,2607148.692600,2417,3419.96,352272.520500,0
1789406520000,102.8400,102.8800,102.8100,102.8800,10046.30,1789406579999,1033179.457400,1850,4837.15,497479.793300,0
1789406580000,102.8800,103.0100,102.8500,102.9900,13466.68,1789406639999,1386218.373400,1761,10471.70,1077929.141900,0
1789406640000,102.9900,103.0800,102.9500,102.9700,9659.93,1789406699999,995166.061800,1950,4635.79,477636.863300,0
1789406700000,102.9700,102.9900,102.8400,102.8800,11226.21,1789406759999,1154985.624600,1806,6500.93,668775.167200,0
1789406760000,102.8800,102.9600,102.8600,102.9100,13344.25,1789406819999,1373467.913400,1671,7618.73,784195.154400,0
1789406820000,102.9000,102.9500,102.8700,102.8700,7030.06,1789406879999,723472.999300,910,2806.86,288875.486300,0
1789406880000,102.8800,102.9000,102.8000,102.8000,9475.89,1789406939999,974585.307700,1420,4444.15,457139.545700,0
1789406940000,102.8000,102.9600,102.7900,102.9400,18253.09,1789406999999,1877547.840000,1582,12121.06,1246937.019200,0
1789407000000,102.9300,102.9500,102.8600,102.9300,18586.48,1789407059999,1912866.079400,1779,7288.47,750092.459900,0
1789407060000,102.9400,102.9700,102.8400,102.8500,9466.33,1789407119999,973958.443100,1443,3203.99,329656.076700,0
1789407120000,102.8500,102.9200,102.7200,102.7200,25687.37,1789407179999,2641428.447300,2256,11027.25,1134379.425100,0
1789407180000,102.7200,102.7400,102.5100,102.6200,30314.57,1789407239999,3110742.778300,3088,12146.47,1246351.907400,0
1789407240000,102.6200,102.7000,102.6000,102.7000,9038.95,1789407299999,927888.984600,1357,5011.84,514480.150200,0
1789407300000,102.7000,102.8900,102.7000,102.7900,10483.99,1789407359999,1077768.340000,2382,5361.83,551156.905000,0
1789407360000,102.7800,102.8100,102.7600,102.7900,5976.93,1789407419999,614319.208700,836,3098.14,318439.577700,0
1789407420000,102.8000,102.8300,102.7400,102.7900,3948.74,1789407479999,405882.633200,1218,1151.39,118343.106400,0
1789407480000,102.8000,102.8600,102.8000,102.8600,9688.48,1789407539999,996231.660900,1135,3348.57,344343.811300,0
1789407540000,102.8600,102.8600,102.8000,102.8000,7755.06,1789407599999,797441.479900,1041,4966.89,510740.200900,0
1789407600000,102.8100,102.8400,102.8000,102.8200,4207.66,1789407659999,432644.621900,654,2758.71,283673.421300,0
1789407660000,102.8200,102.8300,102.7100,102.8000,14259.51,1789407719999,1465601.536400,1767,6838.07,702793.363600,0
1789407720000,102.8000,102.9000,102.7600,102.8800,19106.16,1789407779999,1964912.073300,1695,12215.92,1256329.114900,0
1789407780000,102.8800,102.9000,102.8200,102.9000,17308.17,1789407839999,1780334.554200,1623,7259.50,746732.428800,0
1789407840000,102.8900,102.9000,102.8600,102.8900,3325.15,1789407899999,342102.883900,606,1582.22,162788.859900,0
1789407900000,102.8900,102.9400,102.8600,102.8900,10435.28,1789407959999,1073805.721800,1458,4034.44,415202.820400,0
1789407960000,102.8800,102.9900,102.8800,102.9700,12324.37,1789408019999,1268616.101000,1604,8507.91,875806.938700,0
1789408020000,102.9600,103.0000,102.8800,102.9600,15804.69,1789408079999,1626943.464000,1753,5710.01,587822.484600,0
1789408080000,102.9700,103.0400,102.9600,103.0400,14175.35,1789408139999,1460183.624200,1303,8989.73,926040.091300,0
1789408140000,103.0400,103.0900,103.0000,103.0200,21030.48,1789408199999,2167045.179000,1872,13635.85,1405155.471600,0
1789408200000,103.0200,103.0300,102.9300,102.9400,7812.35,1789408259999,804534.244700,1198,2301.40,237025.190200,0
1789408260000,102.9400,103.0100,102.9100,102.9800,6680.69,1789408319999,687885.446000,1279,3753.73,386489.666200,0
1789408320000,102.9700,103.0200,102.9500,102.9900,5262.07,1789408379999,541939.797000,973,2487.60,256206.004500,0
1789408380000,103.0000,103.0800,102.8700,103.0700,26055.21,1789408439999,2683184.633600,2226,17393.06,1791329.658100,0
1789408440000,103.0600,103.1900,103.0600,103.1300,21669.75,1789408499999,2234920.976500,2480,14775.54,1523938.777000,0
1789408500000,103.1300,103.2800,103.1100,103.1800,49961.48,1789408559999,5156283.882300,4715,35120.15,3624642.194000,0
1789408560000,103.1800,103.1800,103.0900,103.1200,10391.51,1789408619999,1071696.923600,1529,4660.48,480641.968200,0
1789408620000,103.1100,103.1200,103.0200,103.0700,8121.54,1789408679999,836956.310000,1309,4478.73,461537.685700,0
1789408680000,103.0800,103.1000,102.9400,102.9800,18607.84,1789408739999,1916909.122900,1967,3183.22,327860.168600,0
1789408740000,102.9700,103.0400,102.9700,103.0400,4766.61,1789408799999,490883.686600,806,2928.60,301613.385800,0
1789408800000,103.0400,103.1100,102.9200,102.9200,10389.47,1789408859999,1070168.167200,1975,4771.72,491599.581900,0
1789408860000,102.9300,103.0100,102.9200,102.9400,9050.81,1789408919999,931821.888200,1569,6185.21,636760.464200,0
1789408920000,102.9400,102.9800,102.9000,102.9100,4831.14,1789408979999,497365.630800,1345,1835.11,188945.502400,0
1789408980000,102.9100,103.0500,102.8900,103.0400,21869.97,1789409039999,2252218.525400,2002,18509.38,1906128.914400,0
1789409040000,103.0400,103.0900,103.0000,103.0300,11317.85,1789409099999,1166242.498200,2161,5230.04,538926.136700,0
1789409100000,103.0300,103.0400,102.9400,102.9800,6914.54,1789409159999,712092.456700,1939,4650.60,478944.801300,0
1789409160000,102.9800,103.0800,102.9700,103.0700,11281.36,1789409219999,1162332.033300,1876,4372.38,450510.025100,0
1789409220000,103.0700,103.1100,103.0100,103.1100,5540.78,1789409279999,570990.066400,1729,3627.56,373854.762700,0
1789409280000,103.1100,103.2200,103.1100,103.1800,24146.40,1789409339999,2491029.833300,2812,12436.03,1282974.094500,0
1789409340000,103.1800,103.2900,103.1600,103.2100,33747.46,1789409399999,3483547.431100,3277,19839.08,2047798.543500,0
1789409400000,103.2100,103.2200,103.1500,103.1700,10899.89,1789409459999,1124742.249200,1669,4954.13,511232.524200,0
1789409460000,103.1600,103.2100,103.0400,103.0500,8391.63,1789409519999,865582.593800,1763,2736.13,282270.704500,0
1789409520000,103.0500,103.1100,103.0400,103.0900,3369.97,1789409579999,347358.154000,988,1897.57,195589.877900,0
1789409580000,103.0900,103.1000,103.0200,103.0400,8360.78,1789409639999,861648.027400,1117,2253.11,232176.169600,0
1789409640000,103.0400,103.0500,102.9600,102.9900,5794.21,1789409699999,596746.615300,1080,1462.74,150663.483500,0
1789409700000,102.9900,103.1200,102.9500,103.1200,29164.73,1789409759999,3004805.375400,2463,20998.57,2163386.604600,0
1789409760000,103.1200,103.1200,103.0100,103.0300,6267.95,1789409819999,645909.823700,1463,3334.43,343599.172900,0
1789409820000,103.0300,103.0500,102.9900,103.0300,4624.62,1789409879999,476424.202200,1233,2119.13,218310.071200,0
1789409880000,103.0300,103.0800,102.9400,103.0600,11523.41,1789409939999,1187041.184900,2184,5249.98,540837.480600,0
1789409940000,103.0700,103.2700,103.0600,103.2600,11984.67,1789409999999,1236665.477000,2481,6900.57,711992.629400,0
1789410000000,103.2700,103.3700,103.1900,103.2500,27233.37,1789410059999,2812990.174000,3958,16153.20,1668524.623600,0
1789410060000,103.2600,103.3200,103.2400,103.2600,9832.72,1789410119999,1015589.289600,2122,6051.56,625053.126800,0
1789410120000,103.2700,103.4200,103.2400,103.3700,29532.94,1789410179999,3053085.599300,3326,23111.84,2389388.978500,0
1789410180000,103.3800,103.4700,103.3100,103.3100,15749.83,1789410239999,1628745.731000,3082,8908.21,921229.555800,0
1789410240000,103.3000,103.4000,103.2400,103.3400,13468.46,1789410299999,1391483.849200,2599,4835.48,499657.217300,0
1789410300000,103.3500,103.3500,103.2000,103.2400,7697.14,1789410359999,794874.537000,2010,2621.69,270723.660700,0
1789410360000,103.2300,103.3300,103.2300,103.3200,6028.32,1789410419999,622745.943800,1306,4445.01,459183.540100,0
1789410420000,103.3200,103.3900,103.3000,103.3500,10571.65,1789410479999,1092578.633200,1807,5253.33,542933.271000,0
1789410480000,103.3500,103.5100,103.3500,103.4500,38592.09,1789410539999,3991878.789500,3790,30680.04,3173469.343800,0
1789410540000,103.4500,103.4500,103.3800,103.4200,14122.47,1789410599999,1460458.804200,1809,7033.49,727381.011900,0
1789410600000,103.4200,103.4600,103.3800,103.4100,16004.00,1789410659999,1655092.909900,2456,9135.26,944778.989100,0
1789410660000,103.4200,103.5200,103.4000,103.5100,9673.65,1789410719999,1000851.350800,1818,6619.07,684788.101700,0
1789410720000,103.5100,103.5700,103.5000,103.5500,16406.76,1789410779999,1698848.201400,3057,11873.34,1229444.887000,0
1789410780000,103.5500,103.8800,103.5300,103.7100,103274.62,1789410839999,10713128.005200,9097,80316.51,8331391.113600,0
1789410840000,103.7100,103.7800,103.7000,103.7100,21400.59,1789410899999,2220133.611600,2801,13613.26,1412354.590200,0
1789410900000,103.7200,103.7200,103.5000,103.5700,22844.80,1789410959999,2366211.031900,2554,7912.04,819477.931700,0
1789410960000,103.5600,103.7300,103.5600,103.6400,21574.84,1789411019999,2236483.418200,3155,14160.57,1467831.952200,0
1789411020000,103.6500,103.7000,103.6300,103.6600,5528.55,1789411079999,573084.063800,1183,2830.36,293400.784700,0
1789411080000,103.6600,103.6900,103.6400,103.6600,8268.73,1789411139999,857189.283200,1481,4084.84,423455.737700,0
1789411140000,103.6600,103.6700,103.5700,103.6000,12898.47,1789411199999,1336592.314900,1564,4633.20,480149.111800,0
1789411200000,103.6000,103.6000,103.4800,103.5200,25183.17,1789411259999,2607472.051200,2775,5024.63,520248.859300,0
1789411260000,103.5200,103.5400,103.4700,103.4800,15481.90,1789411319999,1602366.025000,1862,4716.36,488155.025100,0
1789411320000,103.4900,103.4900,103.3200,103.4200,60669.71,1789411379999,6273212.656000,4214,15565.94,1609411.237400,0
1789411380000,103.4300,103.6300,103.4100,103.5700,21889.85,1789411439999,2265744.287300,2358,15009.68,1553480.790000,0
1789411440000,103.5800,103.6100,103.5100,103.5400,11560.10,1789411499999,1197090.075200,1978,4955.01,513164.164000,0
1789411500000,103.5400,103.7500,103.5200,103.7100,29793.96,1789411559999,3088924.546500,3207,17714.11,1836713.807100,0
1789411560000,103.7100,103.7600,103.5700,103.6700,19612.86,1789411619999,2033492.874600,3231,8140.31,843964.270700,0
1789411620000,103.6800,103.7200,103.6500,103.6800,11237.30,1789411679999,1165091.074000,1442,7204.42,746982.695900,0
1789411680000,103.6900,103.8300,103.6400,103.7700,20070.05,1789411739999,2082036.755700,2766,13404.40,1390448.638000,0
1789411740000,103.7700,103.7800,103.6500,103.6800,27564.46,1789411799999,2859064.041300,2685,9208.11,955018.684800,0
1789411800000,103.6900,103.6900,103.6300,103.6800,8303.39,1789411859999,860821.188500,1510,4898.01,507781.557100,0
1789411860000,103.6800,103.7100,103.6000,103.6900,17126.31,1789411919999,1775305.798700,2355,9419.90,976358.882200,0
1789411920000,103.6900,103.7000,103.6400,103.6900,6767.42,1789411979999,701634.349900,1205,3042.96,315488.012200,0
1789411980000,103.7000,103.7200,103.6300,103.6500,7960.13,1789412039999,825344.487100,1456,5396.65,559561.209600,0
1789412040000,103.6500,103.6500,103.5600,103.5900,6081.44,1789412099999,630007.645200,1256,2788.92,288913.396000,0
1789412100000,103.5900,103.7000,103.5300,103.6600,39903.09,1789412159999,4134527.921500,2928,25463.12,2638385.952000,0
1789412160000,103.6500,103.6500,103.5500,103.5700,5233.49,1789412219999,542226.795200,1042,1718.87,178056.477000,0
1789412220000,103.5700,103.6600,103.5600,103.6300,6940.80,1789412279999,719141.496000,1259,3689.83,382320.441700,0
1789412280000,103.6200,103.6300,103.5900,103.6100,3505.98,1789412339999,363243.228000,851,2073.00,214775.955600,0
1789412340000,103.6100,103.6200,103.5700,103.5700,4297.86,1789412399999,445214.982300,740,1283.26,132934.268600,0
1789412400000,103.5800,103.5800,103.3800,103.4400,41878.69,1789412459999,4333141.085800,3150,16140.00,1670012.234400,0
1789412460000,103.4400,103.4500,103.3300,103.3800,52321.96,1789412519999,5409117.954500,3633,11420.45,1180761.465400,0
1789412520000,103.3800,103.4200,103.3000,103.3600,16337.99,1789412579999,1688620.314800,1885,5431.49,561420.839900,0
1789412580000,103.3600,103.3800,103.2700,103.2800,10922.09,1789412639999,1128574.821300,1216,1789.76,184990.850500,0
1789412640000,103.2800,103.3000,103.1900,103.2100,37201.98,1789412699999,3840660.949800,3047,8374.05,864627.110900,0
1789412700000,103.2000,103.2100,103.0900,103.1900,33889.24,1789412759999,3496104.084900,2875,10229.74,1055361.588700,0
1789412760000,103.1800,103.2200,103.1600,103.1600,9517.33,1789412819999,982064.226300,1446,2645.03,272955.600900,0
1789412820000,103.1700,103.3900,103.1600,103.3400,45338.86,1789412879999,4683288.505900,3228,35466.82,3663597.854700,0
1789412880000,103.3300,103.3300,103.2300,103.2500,8245.77,1789412939999,851584.816400,1676,2807.69,289962.278700,0
1789412940000,103.2500,103.2600,103.2100,103.2100,3049.03,1789412999999,314743.148200,825,1093.83,112920.209600,0
1789413000000,103.2100,103.3300,103.2100,103.2500,8673.02,1789413059999,895713.867600,1545,2380.67,245815.334300,0
1789413060000,103.2400,103.3400,103.2400,103.3400,5196.11,1789413119999,536702.466000,1114,3390.04,350130.482600,0
1789413120000,103.3400,103.3900,103.3100,103.3800,8636.68,1789413179999,892425.956700,1213,6213.06,641986.899300,0
1789413180000,103.3800,103.4200,103.3500,103.3700,4700.07,1789413239999,485933.794300,1173,2388.17,246901.699900,0
1789413240000,103.3700,103.3900,103.3200,103.3700,14031.49,1789413299999,1450307.135900,1468,8335.66,861626.830800,0
1789413300000,103.3700,103.4200,103.3700,103.3900,8116.79,1789413359999,839217.750400,1249,6128.27,633605.960200,0
1789413360000,103.3900,103.4400,103.3800,103.4400,4801.15,1789413419999,496479.512900,1059,2536.23,262257.099000,0
1789413420000,103.4400,103.4600,103.3600,103.3900,14930.12,1789413479999,1543941.299900,1766,3246.10,335694.774600,0
1789413480000,103.3900,103.4900,103.3900,103.4200,6969.77,1789413539999,720898.424900,1291,4629.74,478818.574300,0
1789413540000,103.4100,103.5500,103.4100,103.5500,7280.37,1789413599999,753386.415700,1151,3423.86,354295.599300,0
1789413600000,103.5500,103.5800,103.5200,103.5500,6611.10,1789413659999,684641.779500,1215,3214.21,332864.440100,0
1789413660000,103.5500,103.5600,103.5100,103.5200,4890.61,1789413719999,506335.019000,776,720.72,74623.317100,0
1789413720000,103.5200,103.5200,103.4400,103.4500,3763.68,1789413779999,389448.879200,850,1331.57,137763.994100,0
1789413780000,103.4600,103.5200,103.4500,103.5200,3265.58,1789413839999,337928.922300,754,1846.30,191054.656000,0
1789413840000,103.5100,103.5600,103.5100,103.5100,5548.31,1789413899999,574409.583900,996,3918.39,405661.826200,0
1789413900000,103.5200,103.5500,103.4300,103.4600,8320.25,1789413959999,861040.161200,1462,2485.16,257205.889500,0
1789413960000,103.4700,103.4800,103.3900,103.4100,15963.65,1789414019999,1651085.926000,1468,2595.11,268481.806400,0
1789414020000,103.4000,103.5700,103.3400,103.4900,40147.54,1789414079999,4152577.308400,3110,20587.97,2130055.872900,0
1789414080000,103.4900,103.4900,103.3700,103.4100,8457.00,1789414139999,874821.579900,1345,2069.75,214104.026800,0
1789414140000,103.4100,103.4100,103.3500,103.3600,4504.52,1789414199999,465716.746700,694,981.95,101527.422700,0
1789414200000,103.3500,103.3600,103.2500,103.2500,9082.09,1789414259999,938335.123300,1468,2225.40,229952.439400,0
1789414260000,103.2600,103.4100,103.2600,103.3000,16802.65,1789414319999,1736237.354100,2625,7080.39,731537.892500,0
1789414320000,103.2900,103.3300,103.2700,103.3200,6800.97,1789414379999,702565.324200,1149,4057.32,419126.948500,0
1789414380000,103.3200,103.3500,103.3000,103.3000,4476.98,1789414439999,462595.855800,919,2099.07,216891.765400,0
1789414440000,103.3100,103.3100,103.1500,103.2500,22662.23,1789414499999,2338862.853600,2092,5622.59,580241.632200,0
1789414500000,103.2500,103.2500,103.1500,103.1800,6676.22,1789414559999,688936.156800,1197,2734.61,282142.683400,0
1789414560000,103.1800,103.1800,103.0400,103.0400,20200.65,1789414619999,2082819.570800,2740,6000.76,618776.128800,0
1789414620000,103.0500,103.0600,102.9200,103.0200,66287.06,1789414679999,6826939.099300,2926,38072.97,3921525.008500,0
1789414680000,103.0200,103.0200,102.9100,102.9300,16968.62,1789414739999,1747515.008200,1904,4727.98,486935.064100,0
1789414740000,102.9400,103.0000,102.9300,103.0000,6646.49,1789414799999,684319.487100,1076,3261.16,335785.842700,0
1789414800000,103.0000,103.1300,103.0000,103.0900,14038.44,1789414859999,1447031.512100,1829,8767.40,903649.409200,0
1789414860000,103.0900,103.1500,103.0800,103.1300,5805.17,1789414919999,598539.376400,808,3237.84,333850.788600,0
1789414920000,103.1400,103.1700,103.1400,103.1600,5438.06,1789414979999,560942.784200,601,4811.95,496360.226500,0
1789414980000,103.1700,103.2000,103.1600,103.1700,6113.44,1789415039999,630806.401700,744,1891.43,195163.928800,0
1789415040000,103.1800,103.3200,103.1600,103.2600,27398.13,1789415099999,2828751.551800,2117,16454.07,1698779.747600,0
1789415100000,103.2600,103.3100,103.2500,103.3100,7199.39,1789415159999,743488.439900,911,4117.42,425228.394000,0
1789415160000,103.3100,103.3200,103.2700,103.2900,6060.28,1789415219999,626033.283400,1007,1452.24,150022.172300,0
1789415220000,103.2800,103.3100,103.2400,103.2500,9506.48,1789415279999,981846.607900,1559,4269.55,440957.028600,0
1789415280000,103.2400,103.2500,103.1600,103.1900,7724.43,1789415339999,797184.270800,1394,3549.35,366281.380900,0
1789415340000,103.1900,103.2000,103.1200,103.1700,9788.70,1789415399999,1009818.690400,1262,4396.33,453495.905600,0
1789415400000,103.1600,103.1900,103.1200,103.1600,9581.06,1789415459999,988337.956900,1234,3778.35,389762.361600,0
1789415460000,103.1600,103.1600,103.1200,103.1500,3005.54,1789415519999,309992.166000,862,1379.68,142296.031800,0
1789415520000,103.1400,103.1800,103.0800,103.0800,5814.40,1789415579999,599574.350700,1245,1908.97,196856.026900,0
1789415580000,103.0800,103.0900,103.0400,103.0400,4061.04,1789415639999,418519.561400,858,1054.41,108665.060200,0
1789415640000,103.0400,103.0700,103.0200,103.0700,4313.67,1789415699999,444515.085800,814,2790.06,287515.310600,0
1789415700000,103.0600,103.1400,102.9900,103.0300,39664.54,1789415759999,4088061.693000,2496,15758.42,1624116.422200,0
1789415760000,103.0300,103.0900,103.0200,103.0300,8121.64,1789415819999,836896.732800,1133,2091.31,215486.527200,0
1789415820000,103.0400,103.0600,102.9900,103.0500,20387.38,1789415879999,2100266.587600,1098,10015.30,1031663.746000,0
1789415880000,103.0400,103.1200,103.0400,103.1200,2005.03,1789415939999,206674.063800,577,1357.05,139893.332600,0
1789415940000,103.1200,103.2500,103.1100,103.2300,30692.02,1789415999999,3166937.838400,2804,16341.11,1686195.706200,0
1789416000000,103.2400,103.2800,103.1700,103.2200,12931.41,1789416059999,1335071.226000,1776,3212.69,331674.269900,0
1789416060000,103.2100,103.2800,103.1900,103.2300,6328.51,1789416119999,653397.434700,1519,2202.24,227371.117000,0
1789416120000,103.2400,103.2800,103.2300,103.2700,3835.17,1789416179999,395982.174600,1013,2266.06,233961.582400,0
1789416180000,103.2800,103.3200,103.2700,103.3000,6329.44,1789416239999,653824.977200,1068,3639.47,375961.687300,0
1789416240000,103.3000,103.3300,103.2700,103.2900,5241.11,1789416299999,541409.054500,1231,2200.05,227275.162500,0
1789416300000,103.3000,103.3800,103.2900,103.3500,6072.13,1789416359999,627567.526900,1362,4261.09,440390.320400,0
1789416360000,103.3600,103.3800,103.3400,103.3700,2012.76,1789416419999,208036.854400,709,1286.93,133015.118600,0
1789416420000,103.3700,103.4000,103.3200,103.3900,7391.47,1789416479999,764062.160600,1708,4258.50,440232.293500,0
1789416480000,103.3900,103.4400,103.3800,103.3800,6086.84,1789416539999,629354.470100,1231,2267.84,234489.029300,0
1789416540000,103.3800,103.3900,103.3400,103.3400,2688.72,1789416599999,277901.853200,925,330.63,34177.965000,0
1789416600000,103.3500,103.3900,103.3300,103.3900,4535.08,1789416659999,468754.095800,828,3256.83,336653.845900,0
1789416660000,103.3800,103.4300,103.3300,103.4200,11295.07,1789416719999,1167749.743300,1563,7656.35,791584.326600,0
1789416720000,103.4200,104.0400,103.4200,103.9300,97345.88,1789416779999,10103887.561700,9830,69386.58,7200404.238300,0
1789416780000,103.9300,104.1400,103.6500,103.8000,111401.41,1789416839999,11580132.630200,6611,48190.85,5011420.836200,0
1789416840000,103.8100,103.8900,103.7500,103.8600,29190.56,1789416899999,3030145.977100,2613,14007.44,1454167.405300,0
1789416900000,103.8700,104.2900,103.8500,104.2000,47553.91,1789416959999,4950272.934900,6275,36626.10,3812960.220500,0
1789416960000,104.2000,104.3500,104.1000,104.3000,42970.08,1789417019999,4479460.981200,6411,27283.26,2844373.269700,0
1789417020000,104.3000,104.4500,104.2000,104.4000,34865.56,1789417079999,3638288.033000,6124,16608.90,1733264.309100,0
1789417080000,104.4100,104.5800,104.3500,104.5000,56791.35,1789417139999,5932801.317400,7208,37448.01,3912247.912300,0
1789417140000,104.5000,104.5100,104.3700,104.4500,28779.38,1789417199999,3005477.663600,4199,11175.81,1167216.829200,0
1789417200000,104.4500,104.5100,104.3500,104.5000,28920.55,1789417259999,3020164.860300,3666,16389.43,1711662.411900,0
1789417260000,104.5100,104.5200,104.3400,104.4100,14813.07,1789417319999,1547093.780300,3260,6894.30,719947.286700,0
1789417320000,104.4000,104.5200,104.3700,104.4600,24342.16,1789417379999,2542543.000800,3828,9498.22,992128.969700,0
1789417380000,104.4700,104.6400,104.3800,104.4300,60338.07,1789417439999,6308045.241600,6624,34190.37,3574447.230500,0
1789417440000,104.4400,104.5300,104.3700,104.5100,38972.88,1789417499999,4071048.434500,5109,14518.76,1516702.801500,0
1789417500000,104.5100,104.6200,104.4700,104.5900,31089.10,1789417559999,3250198.670100,4050,14680.95,1534886.590000,0
1789417560000,104.6000,104.6200,104.5000,104.5200,14302.08,1789417619999,1495142.109300,2308,3520.08,367998.304200,0
1789417620000,104.5300,104.5400,104.4000,104.4700,18260.79,1789417679999,1907588.477000,3345,9188.17,959808.132400,0
1789417680000,104.4700,104.5000,104.3700,104.4900,16534.66,1789417739999,1726575.334600,2332,5602.15,584988.942600,0
1789417740000,104.5000,104.5700,104.4500,104.5300,27330.59,1789417799999,2856551.093300,2705,15859.38,1657512.511600,0
1789417800000,104.5400,104.7800,104.5400,104.7200,64956.85,1789417859999,6799985.657000,6638,47614.86,4984199.039700,0
1789417860000,104.7100,104.8100,104.6900,104.7000,31135.69,1789417919999,3261396.995400,4431,21367.05,2238117.816300,0
1789417920000,104.7000,104.7000,104.4800,104.5300,11362.79,1789417979999,1188208.029900,2525,3347.62,349971.333700,0
1789417980000,104.5400,104.5500,104.3700,104.4300,25401.62,1789418039999,2652753.850400,3359,5460.17,570255.955000,0
1789418040000,104.4400,104.6800,104.4300,104.6400,21124.18,1789418099999,2208609.840800,3515,12118.52,1267040.770400,0
1789418100000,104.6400,104.6400,104.4000,104.5500,32952.29,1789418159999,3444163.608200,3872,12521.85,1308824.307900,0
1789418160000,104.5600,104.6200,104.4600,104.5800,19493.63,1789418219999,2037601.845100,2336,7564.11,790767.925700,0
1789418220000,104.5900,104.7700,104.5800,104.6100,38215.86,1789418279999,4001415.209000,3107,20402.19,2135851.365100,0
1789418280000,104.6100,104.6200,104.5400,104.5800,11479.03,1789418339999,1200306.430600,1827,4567.77,477629.303500,0
1789418340000,104.5900,104.6100,104.4500,104.4600,18163.42,1789418399999,1898556.278400,2658,5658.84,591527.629000,0
1789418400000,104.4500,104.5500,104.4200,104.5400,20271.27,1789418459999,2117643.770300,2998,9589.21,1001790.673200,0
1789418460000,104.5500,104.7100,104.5500,104.7000,13996.80,1789418519999,1464391.097700,2520,9868.81,1032529.506400,0
1789418520000,104.7000,104.7100,104.6000,104.6300,11624.23,1789418579999,1216637.362100,1874,6524.96,682966.305100,0
1789418580000,104.6400,104.6700,104.6000,104.6000,8766.82,1789418639999,917357.127100,1799,4240.96,443796.627500,0
1789418640000,104.6100,104.6400,104.5700,104.5900,9209.35,1789418699999,963242.877900,1571,4423.43,462703.229400,0
1789418700000,104.6000,104.6800,104.5600,104.6700,21422.67,1789418759999,2241381.313100,2300,12957.28,1355811.811600,0
1789418760000,104.6800,104.8100,104.5800,104.6600,28450.96,1789418819999,2979031.761300,3547,14757.68,1545233.172200,0
1789418820000,104.6700,104.6700,104.5100,104.5100,7883.24,1789418879999,824435.840400,1698,1041.30,108891.740300,0
1789418880000,104.5100,104.5200,104.4600,104.4700,9952.02,1789418939999,1039958.660300,1767,2391.42,249902.492800,0
1789418940000,104.4700,104.4800,104.3700,104.4100,23731.55,1789418999999,2477899.262700,2871,4953.74,517256.187400,0
1789419000000,104.4200,104.4200,104.3100,104.3300,16287.35,1789419059999,1699986.313400,2262,4652.50,485644.356700,0
1789419060000,104.3300,104.4000,104.2900,104.2900,15825.40,1789419119999,1651274.168700,2371,5855.20,611048.173300,0
1789419120000,104.2900,104.4500,104.2900,104.3600,18392.02,1789419179999,1919492.784900,2156,14103.41,1471834.084700,0
1789419180000,104.3700,104.4300,104.3600,104.4000,9578.10,1789419239999,999918.359200,1544,5656.07,590450.902900,0
1789419240000,104.4100,104.4100,104.3300,104.3400,6226.98,1789419299999,649802.871100,1108,2263.04,236154.026500,0
1789419300000,104.3500,104.3500,104.2300,104.2300,13299.75,1789419359999,1387154.177200,1733,2707.54,282435.720600,0
1789419360000,104.2400,104.2500,104.1400,104.1600,38066.13,1789419419999,3966470.810800,3594,11113.07,1158112.843600,0
1789419420000,104.1600,104.1800,103.9700,104.0800,40083.93,1789419479999,4171381.819500,3661,14866.38,1547235.701900,0
1789419480000,104.0800,104.0800,103.9100,103.9500,29184.34,1789419539999,3034889.783400,2675,8578.44,892207.184300,0
1789419540000,103.9500,103.9700,103.9300,103.9600,5894.61,1789419599999,612777.151900,980,2912.56,302791.185900,0
1789419600000,103.9700,104.0200,103.8900,103.8900,13462.13,1789419659999,1399517.102500,2049,5084.06,528552.528800,0
1789419660000,103.8900,103.8900,103.6800,103.6800,32666.26,1789419719999,3389932.994700,4437,8534.27,885785.352700,0
1789419720000,103.6800,103.6900,103.2300,103.4500,91702.41,1789419779999,9490119.918900,11421,32776.11,3391499.066600,0
1789419780000,103.4500,103.6800,103.4300,103.6300,49645.19,1789419839999,5140320.788400,4487,39687.73,4108869.733900,0
1789419840000,103.6200,103.6800,103.4900,103.6600,14283.56,1789419899999,1479863.208600,3044,7269.74,753274.716200,0
1789419900000,103.6700,103.9800,103.6300,103.7600,103302.53,1789419959999,10730606.537300,6296,46347.75,4812245.132300,0
1789419960000,103.7700,103.8600,103.6600,103.7400,42859.39,1789420019999,4445546.896000,4245,19699.84,2043549.547200,0
1789420020000,103.7500,103.8900,103.6700,103.8800,27022.91,1789420079999,2803497.078100,2982,15533.86,1611897.290900,0
1789420080000,103.8800,103.9100,103.8200,103.8600,8573.75,1789420139999,890575.725500,1548,4737.24,492067.792000,0
1789420140000,103.8600,103.8700,103.7700,103.7900,6562.03,1789420199999,681254.872200,1318,3369.18,349762.681700,0
1789420200000,103.8000,103.8000,103.5800,103.7300,41689.28,1789420259999,4321910.186200,3281,18684.84,1936955.804700,0
1789420260000,103.7300,103.7600,103.5700,103.5700,24842.24,1789420319999,2575283.936100,3566,7674.78,795610.644600,0
1789420320000,103.5700,103.6800,103.5700,103.6300,5581.09,1789420379999,578352.198400,1426,3684.60,381816.107200,0
1789420380000,103.6300,103.6500,103.6100,103.6300,3124.86,1789420439999,323834.867300,787,2383.29,246987.980100,0
1789420440000,103.6300,103.6400,103.4700,103.5500,19085.32,1789420499999,1975857.577700,2903,8787.63,909797.672200,0
1789420500000,103.5600,103.5700,103.4400,103.4900,16738.12,1789420559999,1732449.677500,2914,9172.01,949387.752500,0
1789420560000,103.4900,103.6800,103.4900,103.6000,18859.81,1789420619999,1953988.180700,2355,13685.66,1418033.316300,0
1789420620000,103.6100,103.6100,103.5000,103.5400,10323.03,1789420679999,1068852.395400,2420,4019.14,416131.974600,0
1789420680000,103.5500,103.7900,103.5400,103.7900,19966.09,1789420739999,2069580.219700,2627,16193.07,1678461.196900,0
1789420740000,103.7900,103.8500,103.7100,103.7400,9528.37,1789420799999,989021.352000,1805,6519.46,676756.553400,0
1789420800000,103.7500,103.8000,103.6900,103.7700,4194.49,1789420859999,435079.736900,1293,2737.22,283932.419400,0
1789420860000,103.7800,103.8300,103.7400,103.8000,10609.58,1789420919999,1101219.764100,1722,5844.73,606672.183800,0
1789420920000,103.8100,103.8100,103.7500,103.7500,3096.68,1789420979999,321361.957700,976,1205.91,125144.057800,0
1789420980000,103.7600,103.8400,103.7500,103.7900,5837.35,1789421039999,605924.797100,1361,3779.25,392281.355200,0
1789421040000,103.8000,103.8000,103.7500,103.7600,5802.43,1789421099999,602146.124000,997,3357.54,348434.537800,0
1789421100000,103.7600,103.7600,103.6400,103.6700,5807.22,1789421159999,602193.550200,1566,2303.71,238862.591200,0
1789421160000,103.6600,103.7500,103.6600,103.6900,11916.41,1789421219999,1235789.913200,1869,4627.70,479932.017700,0
1789421220000,103.6900,103.7000,103.6400,103.6600,12457.61,1789421279999,1291508.458600,1128,1285.99,133327.747200,0
1789421280000,103.6500,103.8000,103.6500,103.7200,13426.10,1789421339999,1392852.664000,1300,11552.19,1198479.263100,0
1789421340000,103.7100,103.7300,103.5300,103.5900,26329.56,1789421399999,2728309.056900,2236,6602.86,684137.115800,0
1789421400000,103.5900,103.6600,103.5400,103.6500,7754.42,1789421459999,803244.752400,1189,4293.02,444714.363600,0
1789421460000,103.6600,103.7000,103.6500,103.7000,3528.03,1789421519999,365764.315200,557,2770.44,287217.289400,0
1789421520000,103.6900,103.7000,103.5600,103.5600,8075.28,1789421579999,837013.950300,1621,3951.17,409572.973100,0
1789421580000,103.5700,103.5700,103.4500,103.5200,7438.02,1789421639999,769843.441000,1543,2385.26,246861.565400,0
1789421640000,103.5100,103.5700,103.5100,103.5400,9269.33,1789421699999,959799.496500,973,2804.18,290352.212800,0
1789421700000,103.5500,103.5800,103.3800,103.3800,54818.81,1789421759999,5673796.039500,3291,10378.95,1074351.813200,0
1789421760000,103.3800,103.3900,103.3100,103.3500,15646.55,1789421819999,1617050.368600,2332,4911.37,507603.110500,0
1789421820000,103.3400,103.3500,102.7500,103.2400,152207.84,1789421879999,15689234.252100,8721,39803.27,4106755.470900,0
1789421880000,103.2400,103.2800,103.2000,103.2400,15139.26,1789421939999,1563112.306200,1599,7055.66,728452.084000,0
1789421940000,103.2500,103.3300,103.2500,103.2900,12091.42,1789421999999,1248997.011600,1796,5903.62,609784.060800,0
1789422000000,103.3000,103.4000,103.3000,103.3400,16330.29,1789422059999,1687928.095900,2386,8670.30,896159.577000,0
1789422060000,103.3500,103.4600,103.3400,103.4100,7039.14,1789422119999,727911.748500,1322,3994.18,412975.473300,0
1789422120000,103.4100,103.4100,103.3300,103.3700,5357.60,1789422179999,553719.036100,1139,2782.50,287552.945700,0
1789422180000,103.3700,103.3700,103.2800,103.3300,5063.64,1789422239999,523177.692500,1228,1883.49,194578.214900,0
1789422240000,103.3300,103.3300,103.2600,103.2600,3111.80,1789422299999,321403.909600,734,987.40,101974.917500,0
1789422300000,103.2700,103.3200,103.2600,103.3100,4235.40,1789422359999,437493.971500,1151,3101.07,320324.586800,0
1789422360000,103.3100,103.3100,103.2300,103.2400,3317.06,1789422419999,342561.131600,936,870.95,89958.179600,0
1789422420000,103.2400,103.2500,103.1800,103.2400,3541.21,1789422479999,365506.750900,1039,1923.69,198571.470500,0
1789422480000,103.2500,103.2500,103.2200,103.2200,1520.11,1789422539999,156928.498900,563,158.37,16349.978100,0
1789422540000,103.2300,103.2600,103.2200,103.2500,3054.91,1789422599999,315379.074800,578,2617.07,270175.271600,0
1789422600000,103.2400,103.2800,103.2400,103.2800,2206.64,1789422659999,227844.109200,564,2021.90,208770.300300,0
1789422660000,103.2800,103.2800,103.2400,103.2400,1644.41,1789422719999,169799.413200,463,346.80,35812.801400,0
1789422720000,103.2500,103.2500,103.1800,103.2400,3905.42,1789422779999,403068.258100,1011,1253.06,129316.664200,0
1789422780000,103.2300,103.2600,103.1700,103.1800,5895.39,1789422839999,608560.536700,1083,1891.32,195248.031900,0
1789422840000,103.1700,103.2300,103.1700,103.2200,3841.71,1789422899999,396416.970100,725,3288.83,339365.962100,0
1789422900000,103.2200,103.2400,103.2200,103.2400,2312.27,1789422959999,238687.205500,360,1357.75,140160.534200,0
1789422960000,103.2300,103.3100,103.2200,103.2200,5515.45,1789423019999,569554.207600,1010,3056.15,315594.848400,0
1789423020000,103.2200,103.2500,103.2200,103.2300,4413.62,1789423079999,455642.374700,476,3635.69,375329.141100,0
1789423080000,103.2300,103.2400,103.1800,103.2100,5897.58,1789423139999,608678.052300,775,1583.63,163458.724500,0
1789423140000,103.2200,103.2200,103.1600,103.1600,5841.04,1789423199999,602712.415100,780,2351.44,242631.216600,0
1789423200000,103.1600,103.2300,103.1100,103.1200,10939.22,1789423259999,1128513.657300,1878,4563.17,470813.302000,0
1789423260000,103.1300,103.1800,103.0800,103.1700,14522.66,1789423319999,1497642.214200,1820,5642.41,581903.612300,0
1789423320000,103.1600,103.1900,103.1100,103.1200,7690.41,1789423379999,793328.093700,1184,3180.62,328148.540700,0
1789423380000,103.1200,103.1200,103.0300,103.1000,13129.93,1789423439999,1353291.280100,1850,4161.05,428912.874600,0
1789423440000,103.0900,103.1300,103.0600,103.1200,10426.00,1789423499999,1074964.953900,1126,6881.02,709484.266100,0
1789423500000,103.1300,103.2600,103.1200,103.1800,20029.33,1789423559999,2067041.039200,2255,11227.09,1158591.729400,0
1789423560000,103.1900,103.2500,103.1800,103.2400,5696.14,1789423619999,587975.525100,899,5036.19,519856.995400,0
1789423620000,103.2300,103.2400,103.1400,103.1800,6520.19,1789423679999,672805.917400,1318,2955.70,304954.663300,0
1789423680000,103.1800,103.3400,103.1700,103.3400,8921.78,1789423739999,921397.205800,1241,8763.19,905015.577000,0
1789423740000,103.3400,103.3600,103.3100,103.3500,6825.61,1789423799999,705312.584500,905,4670.47,482626.382200,0
1789423800000,103.3500,103.4500,103.3000,103.3400,24922.98,1789423859999,2576498.458300,2557,14054.56,1452911.656500,0
1789423860000,103.3400,103.3700,103.3000,103.3500,12132.28,1789423919999,1253796.388300,1265,8673.82,896394.395600,0
1789423920000,103.3600,103.4100,103.3600,103.4000,8812.57,1789423979999,911086.759700,999,7493.11,774673.021400,0
1789423980000,103.4000,103.5500,103.3900,103.5300,22383.33,1789424039999,2316291.797300,2524,19397.10,2007233.335000,0
1789424040000,103.5400,103.5400,103.4600,103.4700,6927.75,1789424099999,716939.184400,1248,5552.78,574646.827800,0
1789424100000,103.4800,103.4900,103.4500,103.4600,6616.55,1789424159999,684668.027600,974,5303.86,548837.896800,0
1789424160000,103.4500,103.4600,103.4100,103.4100,6950.25,1789424219999,718959.052000,1140,4342.74,449248.703300,0
1789424220000,103.4100,103.4200,103.3200,103.3200,8790.91,1789424279999,908666.760000,1667,3571.16,369150.751200,0
1789424280000,103.3200,103.3300,103.2600,103.2600,8726.29,1789424339999,901239.979700,1213,3187.85,329231.012200,0
1789424340000,103.2600,103.2800,103.1300,103.1400,21274.77,1789424399999,2195314.173000,2113,5250.19,541826.733400,0
1789424400000,103.1400,103.1700,103.1200,103.1400,6049.04,1789424459999,623974.332700,901,3229.31,333111.201900,0
1789424460000,103.1400,103.1900,103.1000,103.1700,7905.75,1789424519999,815441.825000,1287,3124.00,322244.088800,0
1789424520000,103.1700,103.1700,103.0700,103.1300,5028.52,1789424579999,518459.198700,1177,2529.99,260854.658500,0
1789424580000,103.1300,103.1300,103.0600,103.0600,4623.18,1789424639999,476621.308800,1025,1695.69,174824.079000,0
1789424640000,103.0700,103.0700,103.0100,103.0300,6892.73,1789424699999,710164.665400,1006,2530.52,260714.360200,0
1789424700000,103.0400,103.2100,103.0100,103.2000,20172.52,1789424759999,2079845.605800,1759,14735.69,1519175.557600,0
1789424760000,103.2000,103.2500,103.1400,103.1500,7943.11,1789424819999,819774.831200,1158,4604.59,475253.975600,0
1789424820000,103.1500,103.1600,103.1100,103.1300,5760.24,1789424879999,594105.781800,966,3564.34,367624.033200,0
1789424880000,103.1300,103.1300,103.0400,103.1000,11897.33,1789424939999,1226322.840100,1191,5972.09,615547.989200,0
1789424940000,103.1100,103.1900,103.0800,103.1800,7871.80,1789424999999,811792.687100,806,6690.45,689996.888400,0
1789425000000,103.1900,103.1900,103.1100,103.1200,6077.76,1789425059999,627008.878600,760,571.06,58913.367300,0
1789425060000,103.1100,103.1200,102.9900,103.0100,24117.97,1789425119999,2485035.204000,2778,9269.21,954973.507000,0
1789425120000,103.0100,103.0700,102.9800,103.0500,7397.33,1789425179999,762107.505600,1214,3778.07,389252.189300,0
1789425180000,103.0600,103.0600,102.9800,103.0100,8454.31,1789425239999,870869.359400,864,2437.65,251095.107100,0
1789425240000,103.0100,103.0400,102.9000,102.9900,14836.39,1789425299999,1527658.794900,2125,3512.51,361712.938000,0
1789425300000,102.9900,103.0100,102.9600,103.0100,4577.42,1789425359999,471405.525200,684,3029.15,311960.789600,0
1789425360000,103.0100,103.1400,103.0000,103.1300,7717.61,1789425419999,795534.192100,1159,6277.71,647088.925600,0
1789425420000,103.1300,103.1300,103.0600,103.1000,5510.26,1789425479999,568098.942000,826,2872.35,296155.970900,0
1789425480000,103.1000,103.1100,103.0000,103.0800,6351.19,1789425539999,654564.193800,1410,3313.28,341462.529100,0
1789425540000,103.0900,103.1800,103.0200,103.0300,16822.23,1789425599999,1734454.930300,2060,7077.31,729816.334700,0
1789425600000,103.0300,103.0800,103.0000,103.0400,7778.54,1789425659999,801476.534900,1107,3178.30,327508.547900,0
1789425660000,103.0400,103.0500,103.0100,103.0100,3255.14,1789425719999,335378.465600,489,910.88,93851.548900,0
1789425720000,103.0200,103.0900,102.9900,103.0700,8096.35,1789425779999,834240.613800,1068,4352.99,448569.734200,0
1789425780000,103.0700,103.1200,103.0700,103.1100,6998.61,1789425839999,721524.762500,722,6257.92,645168.439400,0
1789425840000,103.1200,103.1200,103.0400,103.0500,7626.31,1789425899999,786093.081000,837,3404.99,350967.224000,0
1789425900000,103.0600,103.0600,102.9800,102.9900,4590.55,1789425959999,472865.836800,910,997.82,102771.307200,0
1789425960000,103.0000,103.0100,102.9200,102.9200,12619.19,1789426019999,1299225.148300,1781,6055.39,623467.655700,0
1789426020000,102.9300,102.9300,102.8200,102.8800,20697.24,1789426079999,2129012.642800,2047,5167.04,531452.400400,0
1789426080000,102.8700,102.9000,102.7700,102.8800,18297.21,1789426139999,1881591.372300,1812,4102.44,421918.840500,0
1789426140000,102.8800,102.9300,102.8500,102.8600,9719.78,1789426199999,1000098.738800,1697,5737.37,590336.059400,0
1789426200000,102.8700,102.8800,102.8100,102.8100,7196.60,1789426259999,740107.755000,1341,2486.58,255747.864300,0
1789426260000,102.8200,102.8400,102.7700,102.7900,8022.90,1789426319999,824809.803300,1412,3730.05,383493.245700,0
1789426320000,102.7900,102.8500,102.7700,102.8300,12361.97,1789426379999,1270888.151900,1645,6674.29,686159.300500,0
1789426380000,102.8300,102.8400,102.8000,102.8400,2890.12,1789426439999,297162.410300,700,1241.68,127674.690200,0
1789426440000,102.8300,102.8700,102.8300,102.8700,3946.12,1789426499999,405844.970600,720,1644.09,169089.959600,0
1789426500000,102.8700,102.8900,102.8600,102.8600,2567.35,1789426559999,264132.983800,604,1425.85,146700.404900,0
1789426560000,102.8600,102.8700,102.8400,102.8500,3609.35,1789426619999,371246.454800,868,1265.74,130197.464200,0
1789426620000,102.8500,102.8700,102.8400,102.8700,2402.66,1789426679999,247122.616400,625,1916.14,197085.263900,0
1789426680000,102.8700,102.8900,102.8600,102.8700,2541.15,1789426739999,261414.414200,511,1427.09,146813.616800,0
1789426740000,102.8700,102.8700,102.8400,102.8600,2929.16,1789426799999,301276.666900,459,1015.12,104412.144000,0
1789426800000,102.8600,102.9200,102.8000,102.8500,11857.56,1789426859999,1219652.959600,1974,8485.58,872811.713700,0
1789426860000,102.8600,102.8600,102.8000,102.8100,1895.46,1789426919999,194903.271400,791,476.33,48979.836100,0
1789426920000,102.8100,102.8300,102.7800,102.8000,4281.48,1789426979999,440137.839200,1001,1001.52,102956.675300,0
1789426980000,102.8000,102.8100,102.7200,102.7800,8146.79,1789427039999,837118.649400,1986,2124.76,218332.917800,0
1789427040000,102.7900,102.7900,102.7000,102.7300,17730.44,1789427099999,1821470.688000,1478,1750.35,179827.648900,0
1789427100000,102.7300,102.7700,102.7200,102.7400,6365.56,1789427159999,654102.472500,939,2486.30,255483.937100,0
1789427160000,102.7500,102.7500,102.5500,102.6100,58251.05,1789427219999,5977623.034900,4697,12003.33,1231748.566200,0
1789427220000,102.6200,102.7600,102.6100,102.7500,6701.93,1789427279999,688315.822700,1162,4319.87,443640.739900,0
1789427280000,102.7500,102.7600,102.7300,102.7300,4179.63,1789427339999,429463.765600,552,1883.84,193575.271600,0
1789427340000,102.7400,102.7600,102.7300,102.7600,3854.59,1789427399999,396041.199200,742,2362.27,242716.723200,0
1789427400000,102.7500,102.7700,102.7400,102.7500,3243.90,1789427459999,333323.778700,568,750.51,77124.463500,0
1789427460000,102.7500,102.7500,102.7300,102.7300,2973.42,1789427519999,305488.042500,759,1211.83,124506.086000,0
1789427520000,102.7300,102.7400,102.7200,102.7300,3464.40,1789427579999,355903.799800,603,1717.57,176455.246000,0
1789427580000,102.7400,102.7400,102.7000,102.7000,2997.92,1789427639999,307935.421300,699,495.63,50909.294000,0
1789427640000,102.7000,102.7400,102.6900,102.7300,3285.84,1789427699999,337501.227000,534,1972.25,202572.660200,0
1789427700000,102.7200,102.8200,102.7000,102.8100,14216.42,1789427759999,1460935.673200,1525,10886.96,1118816.812700,0
1789427760000,102.8000,102.8300,102.7600,102.8100,4428.37,1789427819999,455219.427100,925,2055.56,211304.071600,0
1789427820000,102.8100,102.8200,102.7800,102.7800,2770.76,1789427879999,284808.734400,646,885.61,91037.252800,0
1789427880000,102.7800,102.8200,102.7800,102.7900,3960.50,1789427939999,407129.141200,531,2115.17,217441.508100,0
1789427940000,102.8000,102.8000,102.7500,102.7800,3341.75,1789427999999,343443.541300,758,770.92,79229.165200,0
1789428000000,102.7800,102.8300,102.7700,102.8200,1781.18,1789428059999,183125.891100,435,1551.58,159523.862200,0
1789428060000,102.8300,102.8400,102.8200,102.8300,2798.09,1789428119999,287737.549500,622,1120.71,115252.817300,0
1789428120000,102.8200,102.8600,102.8100,102.8600,3394.69,1789428179999,349084.868800,643,2007.25,206420.095900,0
1789428180000,102.8600,102.9000,102.8500,102.8900,6557.91,1789428239999,674585.827700,780,3538.91,364060.902400,0
1789428240000,102.9000,102.9200,102.9000,102.9200,3468.60,1789428299999,356957.575500,746,2614.65,269083.583200,0
1789428300000,102.9200,102.9700,102.9200,102.9700,9119.78,1789428359999,938942.340900,1000,5519.35,568262.408900,0
1789428360000,102.9700,102.9700,102.9300,102.9400,5032.80,1789428419999,518087.236100,561,1928.61,198536.274900,0
1789428420000,102.9500,102.9600,102.8200,102.8700,12338.99,1789428479999,1269540.409200,1700,3177.14,326838.524100,0
1789428480000,102.8700,102.8800,102.8300,102.8800,2543.86,1789428539999,261662.257700,762,1375.82,141522.065500,0
1789428540000,102.8700,102.8900,102.8400,102.8400,2270.55,1789428599999,233580.728400,762,1159.31,119264.555900,0
1789428600000,102.8500,102.8500,102.7500,102.7600,7201.28,1789428659999,740426.996300,1181,2596.93,267055.798900,0
1789428660000,102.7500,102.7700,102.7200,102.7200,4740.20,1789428719999,487061.441500,774,1366.24,140388.279500,0
1789428720000,102.7200,102.7600,102.6900,102.7400,6661.29,1789428779999,684230.131000,1055,1788.60,183733.277000,0
1789428780000,102.7300,102.7500,102.7200,102.7200,1550.26,1789428839999,159268.117000,379,959.84,98613.362300,0
1789428840000,102.7200,102.7300,102.6800,102.6900,3955.08,1789428899999,406182.339600,662,777.43,79844.723500,0
1789428900000,102.7000,102.7100,102.6200,102.6300,6248.35,1789428959999,641478.746900,1034,1620.27,166391.226700,0
1789428960000,102.6300,102.6600,102.6300,102.6400,2426.23,1789429019999,249036.032700,491,1082.12,111074.700700,0
1789429020000,102.6500,102.6500,102.6000,102.6000,5074.90,1789429079999,520788.831900,853,910.23,93406.417500,0
1789429080000,102.5900,102.6500,102.5900,102.6400,4650.69,1789429139999,477239.759700,719,3773.62,387248.264300,0
1789429140000,102.6500,102.6800,102.6200,102.6300,4276.46,1789429199999,439001.059900,779,3015.27,309547.565000,0
1789429200000,102.6400,102.7000,102.6300,102.6900,4403.50,1789429259999,452023.528000,653,2006.04,205966.702200,0
1789429260000,102.7000,102.7100,102.6600,102.6900,7258.39,1789429319999,745380.093500,808,6130.55,629568.212400,0
1789429320000,102.6900,102.7000,102.6600,102.6700,3186.37,1789429379999,327188.451100,460,1571.25,161353.492900,0
1789429380000,102.6700,102.6700,102.6400,102.6400,3552.26,1789429439999,364644.624900,590,987.65,101382.684900,0
1789429440000,102.6500,102.6500,102.5800,102.6000,5037.03,1789429499999,516792.857400,1054,363.68,37316.928900,0
1789429500000,102.6000,102.6000,102.5600,102.5600,4021.63,1789429559999,412493.306500,687,2006.67,205825.940900,0
1789429560000,102.5700,102.5800,102.5400,102.5700,5256.98,1789429619999,539133.651200,842,1257.95,129021.514300,0
1789429620000,102.5700,102.5800,102.4500,102.5100,15305.08,1789429679999,1568759.499800,2311,4925.91,504954.098100,0
1789429680000,102.5200,102.5300,102.4900,102.4900,3782.50,1789429739999,387736.432200,823,1793.88,183890.137700,0
1789429740000,102.5000,102.5300,102.4900,102.5200,1613.69,1789429799999,165433.625600,516,993.60,101864.056000,0
1789429800000,102.5200,102.5200,102.4700,102.4700,7019.06,1789429859999,719339.847300,1006,2224.55,227979.071200,0
1789429860000,102.4700,102.4700,102.4100,102.4200,7916.74,1789429919999,810953.125300,1176,1911.14,195776.441500,0
1789429920000,102.4100,102.4700,102.3700,102.4700,16752.39,1789429979999,1715740.581100,1610,7849.57,803936.596800,0
1789429980000,102.4600,102.5400,102.4600,102.5300,8818.83,1789430039999,904080.674900,1024,5841.88,598895.782800,0
1789430040000,102.5300,102.5300,102.5100,102.5300,2054.59,1789430099999,210644.496500,432,1232.67,126378.243600,0
1789430100000,102.5300,102.5300,102.4600,102.5000,9260.59,1789430159999,949115.286400,910,2251.50,230776.437300,0
1789430160000,102.5000,102.5100,102.4700,102.4800,2968.93,1789430219999,304276.947100,562,705.83,72342.115900,0
1789430220000,102.4800,102.4800,102.4600,102.4800,2054.36,1789430279999,210514.340000,382,1157.98,118664.295700,0
1789430280000,102.4700,102.4900,102.4700,102.4800,3945.93,1789430339999,404361.941000,476,1430.87,146635.735600,0
1789430340000,102.4700,102.5300,102.4700,102.5100,15088.59,1789430399999,1546804.810100,1020,9833.19,1008074.007100,0
