open_time,open,high,low,close,volume,close_time,quote_volume,count,taker_buy_volume,taker_buy_quote_volume,ignore
1744934400000,134.7700,135.9500,133.6900,134.4300,2824943.29,1744948799999,380918122.126300,389044,1475052.86,198923876.617300,0
1744948800000,134.4200,134.9800,133.1800,134.8700,2296998.50,1744963199999,307908890.338760,322865,1154936.89,154830883.084360,0
1744963200000,134.8600,135.5000,133.4700,134.1800,2637426.39,1744977599999,354523163.051500,314947,1325172.24,178153311.903700,0
1744977600000,134.1900,135.1200,132.3600,132.8100,3612570.51,1744991999999,483382123.149200,389173,1744260.05,233381749.995900,0
1744992000000,132.8100,134.4200,132.6000,134.1500,1926474.28,1745006399999,257453310.291000,263897,940981.32,125757654.953000,0
1745006400000,134.1400,134.3400,133.1200,133.9700,1227910.12,1745020799999,164324711.262800,189768,572277.65,76583160.037400,0
