open_time,open,high,low,close,volume,close_time,quote_volume,count,taker_buy_volume,taker_buy_quote_volume,ignore
1790121600000,118.4900,118.5200,118.3500,118.3800,8291.69,1790121659999,981817.250300,1788,3886.17,460184.059400,0
1790121660000,118.3700,118.4400,118.3300,118.3900,7463.34,1790121719999,883559.842900,1262,3133.05,370875.202400,0
1790121720000,118.3900,118.4900,118.3900,118.4500,6184.74,1790121779999,732486.186300,1050,3545.92,419989.052900,0
1790121780000,118.4600,118.5400,118.4300,118.5400,5005.93,1790121839999,593125.044400,1063,3069.74,363718.709800,0
1790121840000,118.5300,118.5700,118.3500,118.3500,7090.51,1790121899999,840324.660700,1499,3271.25,387761.272600,0
1790121900000,118.3500,118.3900,118.2300,118.3300,18417.22,1790121959999,2178958.089800,2293,10989.37,1300064.767000,0
1790121960000,118.3300,118.5100,118.3200,118.5000,8509.45,1790122019999,1007907.474100,1700,4896.37,579958.036700,0
1790122020000,118.5100,118.5100,118.2500,118.3500,20665.26,1790122079999,2445790.751000,2497,8389.49,992674.775400,0
1790122080000,118.3500,118.4000,118.3100,118.3500,3906.47,1790122139999,462351.173600,1003,2253.74,266728.846700,0
1790122140000,118.3600,118.5000,118.3400,118.4600,10597.29,1790122199999,1255235.551400,1443,9468.61,1121560.362600,0
1790122200000,118.4600,118.5000,118.4200,118.4500,4951.71,1790122259999,586590.690300,1057,2812.47,333168.772600,0
1790122260000,118.4600,118.6500,118.4600,118.6400,8392.68,1790122319999,994943.625700,1713,6594.44,781783.935100,0
1790122320000,118.6400,118.7000,118.6300,118.6900,7711.86,1790122379999,915167.312100,1354,4893.06,580661.406100,0
1790122380000,118.6900,118.7900,118.6700,118.7900,9562.67,1790122439999,1135430.066500,1393,5937.37,705068.403200,0
1790122440000,118.7900,118.7900,118.6900,118.6900,9203.15,1790122499999,1092670.186900,1188,3452.10,409857.448900,0
1790122500000,118.7000,118.7300,118.6600,118.6700,6128.31,1790122559999,727368.262500,1206,3093.30,367130.456900,0
1790122560000,118.6800,118.7600,118.6600,118.7400,7242.32,1790122619999,859824.002100,1282,5357.55,636108.040400,0
1790122620000,118.7500,118.8500,118.7200,118.7500,16849.94,1790122679999,2001663.123900,1954,12894.38,1531882.242200,0
1790122680000,118.7600,118.8600,118.7500,118.8500,7407.94,1790122739999,880097.271800,1402,4636.00,550769.169600,0
1790122740000,118.8600,118.8900,118.8300,118.8800,6719.53,1790122799999,798737.169100,1224,2151.05,255700.636900,0
1790122800000,118.8900,118.9100,118.8100,118.8300,12946.93,1790122859999,1538996.507200,3047,8118.54,965068.710600,0
1790122860000,118.8300,118.9600,118.8000,118.9400,17680.04,1790122919999,2101709.760200,2238,13890.76,1651248.746600,0
1790122920000,118.9500,119.0300,118.8800,119.0200,14073.66,1790122979999,1674157.502800,1947,10230.93,1217095.697500,0
1790122980000,119.0300,119.0800,118.9400,119.0000,14910.88,1790123039999,1774603.278000,1695,9702.10,1154639.518800,0
1790123040000,119.0100,119.1000,119.0000,119.0700,12616.24,1790123099999,1501960.344300,1346,9109.25,1084456.307100,0
1790123100000,119.0600,119.0700,118.8800,118.9000,9892.01,1790123159999,1176603.015100,1594,2479.05,294851.759900,0
1790123160000,118.8900,119.0200,118.8500,118.9700,12220.14,1790123219999,1453306.842800,1854,7127.80,847673.094000,0
1790123220000,118.9700,119.0300,118.9600,119.0000,6298.40,1790123279999,749513.787900,912,3774.09,449116.691900,0
1790123280000,119.0100,119.0100,118.8900,118.9100,11015.06,1790123339999,1310246.080700,1966,4684.20,557132.073200,0
1790123340000,118.9000,118.9200,118.8400,118.9200,6279.71,1790123399999,746514.619700,1040,2539.12,301856.215300,0
1790123400000,118.9200,119.1300,118.9200,119.0700,11814.27,1790123459999,1406231.598300,1901,6994.98,832606.933900,0
1790123460000,119.0800,119.1400,119.0400,119.0400,12343.17,1790123519999,1470092.942900,1352,4313.36,513734.662200,0
1790123520000,119.0400,119.0500,118.7900,118.8900,14840.80,1790123579999,1764511.012200,2525,6763.40,804093.733200,0
1790123580000,118.9000,119.0000,118.8400,118.9500,8782.98,1790123639999,1044597.609400,1761,4154.08,494070.940300,0
1790123640000,118.9500,118.9700,118.8600,118.9300,11816.07,1790123699999,1405113.746400,1527,6401.79,761259.047100,0
1790123700000,118.9300,119.0000,118.8700,118.9200,5053.25,1790123759999,600970.814700,1402,2065.28,245606.004600,0
1790123760000,118.9200,118.9700,118.8500,118.9600,4665.23,1790123819999,554710.148700,1178,1713.64,203748.061600,0
1790123820000,118.9600,118.9800,118.7700,118.8200,9426.45,1790123879999,1120258.036600,1604,4803.19,570825.775200,0
1790123880000,118.8200,118.9100,118.7600,118.9000,5964.78,1790123939999,708700.283200,1091,2717.94,322949.410600,0
1790123940000,118.9000,119.0000,118.8700,118.9000,11733.09,1790123999999,1395862.413600,1268,4125.22,490733.415800,0
1790124000000,118.9000,119.0300,118.9000,119.0000,9350.85,1790124059999,1112700.435700,1381,5797.20,689822.913300,0
1790124060000,119.0100,119.1800,119.0100,119.1500,30973.36,1790124119999,3689435.660900,2738,22913.92,2729594.786000,0
1790124120000,119.1500,119.1500,118.9200,118.9300,7438.36,1790124179999,885165.758900,1310,2762.35,328661.726800,0
1790124180000,118.9400,118.9400,118.7800,118.8200,8341.67,1790124239999,991378.386700,1178,3569.56,424226.157000,0
1790124240000,118.8100,118.8300,118.7500,118.8000,11372.85,1790124299999,1350993.057600,1129,5442.98,646554.434400,0
1790124300000,118.8100,118.8100,118.7100,118.7800,11732.17,1790124359999,1393452.010000,1339,5697.38,676632.478100,0
1790124360000,118.7800,118.9100,118.7500,118.9100,6175.37,1790124419999,733716.233100,1877,3948.55,469148.847700,0
1790124420000,118.9100,118.9300,118.8400,118.8500,5056.47,1790124479999,601106.689000,1045,2148.07,255352.868600,0
1790124480000,118.8600,118.8600,118.8000,118.8400,3539.52,1790124539999,420601.072900,974,1810.69,215151.248700,0
1790124540000,118.8300,118.8600,118.6900,118.8600,5669.83,1790124599999,673272.169800,1784,2958.52,351324.118300,0
1790124600000,118.8500,118.9300,118.8300,118.9100,5821.55,1790124659999,692025.901900,1108,2946.68,350296.155000,0
1790124660000,118.9200,118.9300,118.8500,118.8700,3891.30,1790124719999,462572.347800,698,2290.27,272240.938300,0
1790124720000,118.8600,118.9300,118.8000,118.8300,4630.13,1790124779999,550394.324800,1267,2862.19,340235.743400,0
1790124780000,118.8400,118.8900,118.8400,118.8700,2548.29,1790124839999,302890.956500,657,1626.87,193364.255300,0
1790124840000,118.8600,118.8900,118.8200,118.8200,4400.55,1790124899999,523010.880600,625,2321.59,275932.263400,0
1790124900000,118.8200,118.8400,118.7700,118.7900,2681.52,1790124959999,318561.086300,750,1261.46,149857.757200,0
1790124960000,118.8000,118.8500,118.7600,118.7600,3777.25,1790125019999,448743.812500,1029,2014.16,239279.767500,0
1790125020000,118.7700,118.7700,118.7300,118.7500,2939.59,1790125079999,349066.127700,647,1664.27,197626.045600,0
1790125080000,118.7400,118.7800,118.7300,118.7500,2653.03,1790125139999,315052.111700,632,1234.64,146605.297300,0
1790125140000,118.7500,118.7700,118.7100,118.7700,5600.46,1790125199999,664988.619100,957,1826.47,216875.164300,0
1790125200000,118.7700,118.8500,118.6600,118.8400,7466.83,1790125259999,886467.746100,1400,4495.64,533800.729800,0
1790125260000,118.8500,118.8800,118.7100,118.7700,3759.45,1790125319999,446656.811000,1213,1772.63,210574.752900,0
1790125320000,118.7700,118.9400,118.7700,118.9200,7808.87,1790125379999,928255.471000,1667,5316.01,631893.165000,0
1790125380000,118.9100,118.9800,118.9100,118.9400,8989.69,1790125439999,1069308.089500,1671,5957.49,708644.533300,0
1790125440000,118.9400,118.9900,118.8500,118.8500,16117.06,1790125499999,1916904.050200,1554,5942.72,706854.462300,0
1790125500000,118.8500,118.9400,118.8400,118.9300,10583.29,1790125559999,1258115.027600,1433,9280.88,1103287.551900,0
1790125560000,118.9400,118.9900,118.8700,118.9700,7223.90,1790125619999,859127.930700,1412,5942.63,706736.642000,0
1790125620000,118.9700,119.1000,118.9600,119.0200,18569.34,1790125679999,2210496.686500,2197,12629.81,1503449.668300,0
1790125680000,119.0300,119.0500,118.9500,119.0300,12865.76,1790125739999,1531100.665100,1741,10427.93,1240964.561700,0
1790125740000,119.0300,119.0900,118.8900,118.9200,7627.41,1790125799999,907680.534300,1258,4096.66,487536.526700,0
1790125800000,118.9100,118.9500,118.8500,118.8900,10574.53,1790125859999,1257344.816000,2019,6628.76,788144.806200,0
1790125860000,118.8900,119.1100,118.8800,119.0900,15287.89,1790125919999,1819278.272400,1790,11894.45,1415490.497300,0
1790125920000,119.0900,119.1800,119.0500,119.1500,17036.99,1790125979999,2029540.387300,1564,11045.99,1315833.209200,0
1790125980000,119.1500,119.4000,119.1300,119.2100,52788.83,1790126039999,6295071.691700,4746,37860.42,4514995.532500,0
1790126040000,119.2100,119.2200,118.9900,119.0200,21945.32,1790126099999,2613734.246300,2023,8078.67,962356.521100,0
1790126100000,119.0300,119.0600,118.9300,119.0400,23379.89,1790126159999,2781583.411200,2488,14900.93,1772842.521500,0
1790126160000,119.0400,119.0500,118.9500,118.9800,7903.12,1790126219999,940506.554100,1196,4533.26,539455.929600,0
1790126220000,118.9800,118.9900,118.8700,118.9200,14013.01,1790126279999,1666279.789300,1709,7897.62,939117.606100,0
1790126280000,118.9200,119.0600,118.9200,119.0300,11931.35,1790126339999,1419680.439200,1298,8081.59,961563.671500,0
1790126340000,119.0400,119.1100,119.0100,119.1100,7456.09,1790126399999,887677.910700,1012,4876.69,580606.727100,0
1790126400000,119.1000,119.1000,119.0100,119.0300,12868.68,1790126459999,1532123.923500,3500,7362.82,876613.301700,0
1790126460000,119.0300,119.0600,118.9700,119.0500,4678.18,1790126519999,556759.119000,1075,2756.48,328055.376600,0
1790126520000,119.0600,119.0900,119.0200,119.0700,4131.36,1790126579999,491813.949800,1016,2729.88,324979.283300,0
1790126580000,119.0700,119.0700,118.9900,119.0000,6528.55,1790126639999,777116.573300,972,3687.99,438992.285900,0
1790126640000,118.9900,119.0000,118.9400,118.9900,6680.91,1790126699999,794799.335200,850,4833.24,574997.455800,0
1790126700000,118.9800,119.0100,118.8700,118.8800,6746.92,1790126759999,802284.536300,963,1828.97,217526.232900,0
1790126760000,118.8700,118.9400,118.8700,118.9000,12310.66,1790126819999,1463803.163700,1165,7790.53,926352.089300,0
1790126820000,118.9000,118.9200,118.8500,118.8600,4497.72,1790126879999,534668.531900,674,2432.54,289173.910900,0
1790126880000,118.8600,118.8900,118.8000,118.8900,10619.27,1790126939999,1262131.330900,1325,8708.88,1035097.664200,0
1790126940000,118.8900,118.9000,118.8500,118.8700,5584.25,1790126999999,663796.228000,676,3649.07,433770.250800,0
1790127000000,118.8700,118.9200,118.8200,118.8500,6466.50,1790127059999,768634.299300,1078,3431.19,407866.616200,0
1790127060000,118.8600,118.8800,118.7800,118.7900,5998.33,1790127119999,712717.838000,949,2531.49,300838.724700,0
1790127120000,118.7800,118.7900,118.6600,118.7100,11672.37,1790127179999,1385604.984300,1436,6577.12,780754.539800,0
1790127180000,118.7100,118.7600,118.6500,118.7400,14890.59,1790127239999,1767577.921700,1387,8484.77,1007166.386500,0
1790127240000,118.7400,118.7700,118.6900,118.7400,8289.56,1790127299999,984278.866000,894,4502.26,534554.641200,0
1790127300000,118.7400,118.7400,118.4900,118.4900,22723.72,1790127359999,2694613.157100,2155,5728.02,679082.674000,0
1790127360000,118.5000,118.5400,118.4500,118.4600,20567.11,1790127419999,2437083.237800,1644,14230.89,1686316.649500,0
1790127420000,118.4600,118.5300,118.4000,118.4200,17413.83,1790127479999,2062999.869300,1503,7725.10,915206.129100,0
1790127480000,118.4100,118.5000,118.3700,118.4900,20209.99,1790127539999,2393298.388800,1828,9483.83,1123092.986000,0
1790127540000,118.5000,118.5800,118.3800,118.3900,9342.87,1790127599999,1106851.095900,1304,3455.89,409510.863200,0
1790127600000,118.3900,118.4100,118.3100,118.3200,16976.60,1790127659999,2009147.750400,3333,8006.44,947563.371100,0
1790127660000,118.3200,118.3600,118.2100,118.2300,22114.47,1790127719999,2615584.444700,1929,7272.55,860124.227400,0
1790127720000,118.2300,118.3400,118.1100,118.2700,38216.16,1790127779999,4517457.715500,2695,14978.16,1770992.592700,0
1790127780000,118.2700,118.3700,118.2500,118.3000,11935.37,1790127839999,1412133.119400,1147,5203.88,615644.122000,0
1790127840000,118.3000,118.3100,118.2000,118.2100,14405.99,1790127899999,1703562.574300,1905,7546.53,892393.566800,0
1790127900000,118.2100,118.2600,118.1100,118.1200,20587.17,1790127959999,2433221.719500,2057,9188.03,1085930.571600,0
1790127960000,118.1300,118.1700,118.0400,118.1400,21742.52,1790128019999,2567941.189800,2018,12489.80,1475186.552500,0
1790128020000,118.1300,118.1900,118.0500,118.0600,10450.09,1790128079999,1234152.897700,1247,5570.17,657843.689500,0
1790128080000,118.0500,118.1100,117.9700,118.0700,25952.85,1790128139999,3062805.553800,2288,9923.63,1171148.691300,0
1790128140000,118.0800,118.1500,118.0200,118.0200,8460.27,1790128199999,999080.771500,1676,4512.07,532815.500300,0
1790128200000,118.0300,118.1100,117.9000,118.1100,15598.89,1790128259999,1840398.758900,1995,8662.93,1022257.149200,0
1790128260000,118.1200,118.1200,117.9700,118.0100,11536.03,1790128319999,1361956.443700,1510,7635.48,901404.925700,0
1790128320000,118.0200,118.0200,117.8800,117.9600,19665.77,1790128379999,2319233.175300,1876,9785.70,1154060.421500,0
1790128380000,117.9600,118.0100,117.8700,117.8800,13393.21,1790128439999,1579373.174900,1367,5147.67,607152.364300,0
1790128440000,117.8800,117.9000,117.8200,117.8300,12189.03,1790128499999,1436551.425300,1372,5328.05,627956.936700,0
1790128500000,117.8300,117.9700,117.7800,117.9500,17410.94,1790128559999,2052045.001900,1972,9988.49,1177188.697800,0
1790128560000,117.9500,118.1500,117.9100,118.0300,21044.04,1790128619999,2484298.755400,2064,16587.14,1958169.465400,0
1790128620000,118.0400,118.2100,118.0300,118.1500,24261.55,1790128679999,2866365.187000,1703,19051.97,2250855.912900,0
1790128680000,118.1600,118.1600,118.0500,118.0900,9218.41,1790128739999,1088708.679300,1132,5466.11,645557.058500,0
1790128740000,118.0900,118.3100,118.0300,118.2800,22860.63,1790128799999,2702192.476300,1971,15027.99,1776078.108000,0
1790128800000,118.2900,118.3300,118.1700,118.2200,17346.81,1790128859999,2051147.022700,1784,10077.38,1191556.858300,0
1790128860000,118.2200,118.2200,118.0700,118.0800,9878.63,1790128919999,1166943.725400,2798,5863.88,692687.833500,0
1790128920000,118.0800,118.0800,117.9400,118.0500,11259.30,1790128979999,1328639.261500,2157,5348.92,631182.617300,0
1790128980000,118.0400,118.1300,117.9400,117.9400,13118.29,1790129039999,1548278.882000,1992,5495.56,648675.450600,0
1790129040000,117.9500,118.0300,117.9400,117.9700,8090.13,1790129099999,954510.530800,1519,5142.26,606703.175300,0
1790129100000,117.9700,118.0000,117.9500,117.9900,4206.82,1790129159999,496262.732700,879,3234.69,381578.078000,0
1790129160000,117.9900,118.0800,117.9300,117.9300,6614.13,1790129219999,780446.489500,1295,2007.25,236887.772800,0
1790129220000,117.9300,117.9600,117.8300,117.8800,11695.16,1790129279999,1378605.170000,1693,6863.55,809057.624400,0
1790129280000,117.8800,118.0700,117.8600,118.0600,10513.82,1790129339999,1240208.568600,1922,7200.02,849341.173600,0
1790129340000,118.0600,118.0600,117.9700,118.0500,12273.75,1790129399999,1448452.193500,1444,9467.33,1117227.978000,0
1790129400000,118.0400,118.0400,117.9500,117.9800,15271.79,1790129459999,1801856.034100,1142,3237.22,381899.922700,0
1790129460000,117.9700,118.0700,117.9500,118.0200,9692.57,1790129519999,1143799.596300,1243,4463.31,526711.097600,0
1790129520000,118.0100,118.0900,118.0000,118.0200,8336.55,1790129579999,984088.568100,1393,6444.89,760780.852500,0
1790129580000,118.0100,118.0200,117.9200,118.0100,8919.98,1790129639999,1052136.131100,1278,6199.39,731240.074000,0
1790129640000,118.0100,118.0600,117.9600,118.0500,6476.35,1790129699999,764224.288000,1080,3682.20,434509.042000,0
1790129700000,118.0600,118.1700,118.0300,118.0300,6822.21,1790129759999,805758.636200,1377,3090.42,364991.522800,0
1790129760000,118.0300,118.1100,117.9800,118.0900,4340.74,1790129819999,512360.323900,1087,2773.41,327338.751300,0
1790129820000,118.0900,118.1200,118.0500,118.1000,5735.68,1790129879999,677309.246900,916,3276.04,386859.357800,0
1790129880000,118.1000,118.1400,118.0600,118.0800,4412.75,1790129939999,521185.962300,883,1958.93,231362.904000,0
1790129940000,118.0800,118.1800,118.0800,118.1300,5415.26,1790129999999,639737.567000,1255,2828.96,334185.203300,0
1790130000000,118.1400,118.3000,118.1400,118.2300,9284.05,1790130059999,1097690.341100,1985,4322.45,511055.776400,0
1790130060000,118.2300,118.4100,118.2000,118.4000,14668.93,1790130119999,1735390.282900,2125,7602.76,899545.817600,0
1790130120000,118.4100,118.4300,118.3200,118.4100,10278.17,1790130179999,1216592.388100,1575,5850.68,692535.435800,0
1790130180000,118.4100,118.4400,118.3100,118.4100,14062.16,1790130239999,1664757.673200,1702,8377.25,991754.439300,0
1790130240000,118.4100,118.4500,118.3700,118.4100,14039.99,1790130299999,1662393.911900,1203,8588.74,1016973.611800,0
1790130300000,118.4100,118.4900,118.3800,118.4300,10365.64,1790130359999,1227671.501200,1482,6297.39,745869.353100,0
1790130360000,118.4300,118.4600,118.3200,118.3600,8457.78,1790130419999,1001365.699900,1215,2986.15,353490.753300,0
1790130420000,118.3700,118.4300,118.3300,118.3500,6161.41,1790130479999,729322.549300,1381,2594.22,307074.638800,0
1790130480000,118.3500,118.3700,118.3100,118.3500,3221.58,1790130539999,381253.788000,1197,1677.33,198507.088700,0
1790130540000,118.3600,118.4000,118.3500,118.3700,5374.69,1790130599999,636278.382100,784,3658.44,433099.756500,0
1790130600000,118.3800,118.4600,118.2600,118.4200,11553.87,1790130659999,1367038.928900,1660,3467.33,410281.955900,0
1790130660000,118.4100,118.4200,118.3400,118.3800,4292.85,1790130719999,508228.434400,896,1977.25,234082.688700,0
1790130720000,118.3800,118.4700,118.3700,118.4600,5066.38,1790130779999,600004.599300,1146,2549.42,301910.225200,0
1790130780000,118.4600,118.4600,118.3800,118.4400,5863.25,1790130839999,694360.462900,1449,2488.98,294758.828300,0
1790130840000,118.4400,118.4500,118.3900,118.3900,3678.99,1790130899999,435717.429300,671,1344.80,159273.642600,0
1790130900000,118.4000,118.4000,118.3100,118.3800,3687.65,1790130959999,436464.770500,819,2540.57,300700.195100,0
1790130960000,118.3800,118.3800,118.2600,118.2900,2953.83,1790131019999,349469.598900,756,1656.82,196008.690200,0
1790131020000,118.3000,118.3300,118.2600,118.2600,2391.88,1790131079999,282926.193300,735,807.92,95568.016500,0
1790131080000,118.2600,118.3500,118.2400,118.3200,9511.81,1790131139999,1125098.321000,1443,3568.07,422044.984600,0
1790131140000,118.3300,118.3600,118.3100,118.3200,3183.99,1790131199999,376811.410200,656,719.92,85195.315500,0
1790131200000,118.3200,118.3600,118.2400,118.3200,3792.04,1790131259999,448611.112800,929,2138.19,252942.528900,0
1790131260000,118.3100,118.3800,118.3000,118.3500,2634.75,1790131319999,311814.750700,638,1401.58,165866.153800,0
1790131320000,118.3500,118.3800,118.3400,118.3600,4374.28,1790131379999,517756.627800,615,2354.84,278727.185600,0
1790131380000,118.3500,118.3900,118.3300,118.3500,5597.73,1790131439999,662513.000100,605,2385.33,282308.350500,0
1790131440000,118.3400,118.3400,118.2200,118.2900,16311.55,1790131499999,1929053.726200,3147,7307.65,864279.031800,0
1790131500000,118.2800,118.3500,118.2700,118.3300,2256.96,1790131559999,267025.567000,760,1157.54,136952.616800,0
1790131560000,118.3400,118.3500,118.2700,118.2700,3060.89,1790131619999,362154.334100,788,1707.49,202027.870700,0
1790131620000,118.2800,118.3400,118.2100,118.2500,4893.49,1790131679999,578811.646900,1353,2819.99,333569.977500,0
1790131680000,118.2500,118.3100,118.2300,118.2500,4867.10,1790131739999,575616.858000,1041,2047.73,242174.680700,0
1790131740000,118.2500,118.2600,118.1900,118.1900,2494.43,1790131799999,294912.533600,716,765.86,90557.640600,0
1790131800000,118.1900,118.2000,118.1400,118.1700,4366.78,1790131859999,515995.972500,801,1147.35,135578.390200,0
1790131860000,118.1700,118.2100,118.1400,118.1900,2496.73,1790131919999,295050.582400,574,1111.18,131309.071700,0
1790131920000,118.2000,118.2100,118.1400,118.2100,4859.26,1790131979999,574243.871100,1277,2461.20,290843.119600,0
1790131980000,118.2100,118.2400,118.1600,118.2000,2792.63,1790132039999,330087.205800,1330,1026.48,121320.746900,0
1790132040000,118.1900,118.2100,118.1500,118.1700,3558.89,1790132099999,420589.853500,702,1544.26,182492.131700,0
1790132100000,118.1800,118.2000,118.1200,118.1900,8231.60,1790132159999,972675.570800,1342,5193.56,613703.110900,0
1790132160000,118.1900,118.2700,118.1900,118.2700,3163.33,1790132219999,374031.482900,840,1989.93,235289.645600,0
1790132220000,118.2800,118.3700,118.2700,118.3600,3950.04,1790132279999,467419.767600,905,2100.74,248594.416200,0
1790132280000,118.3600,118.4200,118.3400,118.4100,8874.76,1790132339999,1050524.867600,1246,3379.17,400002.951800,0
1790132340000,118.4100,118.4500,118.3800,118.4300,4663.40,1790132399999,552230.250400,746,2716.50,321675.674900,0
1790132400000,118.4300,118.4300,118.3600,118.3800,11839.04,1790132459999,1401754.094000,1210,3893.39,461016.456400,0
1790132460000,118.3900,118.4100,118.3600,118.3700,5338.51,1790132519999,631972.380500,1113,3296.90,390279.880800,0
1790132520000,118.3700,118.3800,118.2900,118.3000,5734.74,1790132579999,678516.332200,1140,3465.01,409939.127900,0
1790132580000,118.2900,118.3000,118.2300,118.2400,4584.91,1790132639999,542216.889100,1047,1914.28,226377.368700,0
1790132640000,118.2400,118.3000,118.2300,118.2700,2536.13,1790132699999,299933.740100,781,938.70,111007.446100,0
1790132700000,118.2700,118.3900,118.2700,118.3200,5517.90,1790132759999,652922.577000,1200,3151.41,372863.995800,0
1790132760000,118.3200,118.3300,118.2400,118.2400,2715.62,1790132819999,321214.725400,913,729.13,86239.149200,0
1790132820000,118.2400,118.2800,118.2000,118.2500,5898.45,1790132879999,697340.422800,997,1794.99,212221.863200,0
1790132880000,118.2500,118.3200,118.2400,118.3100,2200.77,1790132939999,260296.938500,944,1324.41,156641.611900,0
1790132940000,118.3000,118.4000,118.3000,118.3900,3167.10,1790132999999,374878.885200,871,2048.75,242503.476300,0
1790133000000,118.3800,118.4400,118.3800,118.4400,5145.25,1790133059999,609273.399900,777,4719.50,558858.705500,0
1790133060000,118.4400,118.5000,118.4300,118.4300,13229.43,1790133119999,1567330.091700,1203,4566.82,541051.550500,0
1790133120000,118.4400,118.4900,118.4400,118.4900,5116.80,1790133179999,606166.575400,707,4269.68,505810.299300,0
1790133180000,118.4800,118.5600,118.4800,118.5500,8244.97,1790133239999,977177.305100,872,6834.16,809926.330500,0
1790133240000,118.5600,118.5900,118.5400,118.5900,6680.87,1790133299999,792092.006500,778,2842.20,336992.654600,0
1790133300000,118.5900,118.5900,118.5200,118.5400,5909.22,1790133359999,700573.603000,865,2827.67,335244.303200,0
1790133360000,118.5300,118.6600,118.5300,118.6500,4480.26,1790133419999,531287.503600,1024,3554.35,421503.430300,0
1790133420000,118.6600,118.6700,118.6100,118.6700,5372.06,1790133479999,637336.048800,814,2275.38,269956.461000,0
1790133480000,118.6700,118.7600,118.6600,118.7400,17321.03,1790133539999,2056374.104700,1506,10743.48,1275436.387500,0
1790133540000,118.7300,118.9500,118.7300,118.9100,44004.76,1790133599999,5230149.689400,3032,33891.56,4028034.545100,0
1790133600000,118.9100,119.0500,118.9100,119.0400,25156.96,1790133659999,2993329.107500,2323,13807.21,1642965.997700,0
1790133660000,119.0400,119.0700,119.0100,119.0400,13263.98,1790133719999,1578960.594800,1272,6274.07,746875.822800,0
1790133720000,119.0500,119.0700,119.0200,119.0200,6647.08,1790133779999,791273.475800,679,2133.53,253986.824300,0
1790133780000,119.0200,119.2400,119.0200,119.2200,33572.09,1790133839999,3999299.559400,2739,24447.73,2912424.888700,0
1790133840000,119.2200,119.3200,119.1100,119.1200,32979.66,1790133899999,3932031.181700,3583,14313.50,1706748.241000,0
1790133900000,119.1200,119.1300,119.0100,119.0100,24484.12,1790133959999,2915079.020600,2341,11652.39,1387391.370100,0
1790133960000,119.0200,119.0600,119.0000,119.0100,9456.90,1790134019999,1125617.557400,943,3687.77,438956.582000,0
1790134020000,119.0000,119.0600,118.9000,118.9400,17881.84,1790134079999,2127296.689900,1497,2056.59,244703.728200,0
1790134080000,118.9300,118.9900,118.9100,118.9200,11500.46,1790134139999,1367996.601500,917,7004.58,833199.055500,0
1790134140000,118.9200,118.9800,118.9200,118.9800,3522.09,1790134199999,418969.570300,508,2026.59,241083.576700,0
1790134200000,118.9800,119.0300,118.9300,118.9900,14241.53,1790134259999,1694567.865700,1255,10295.89,1225088.150800,0
1790134260000,119.0000,119.1100,118.9100,118.9300,28787.32,1790134319999,3425946.685800,1887,16725.54,1990675.649900,0
1790134320000,118.9300,119.0500,118.9300,118.9600,22230.92,1790134379999,2645518.541100,1655,11778.38,1401619.224000,0
1790134380000,118.9500,118.9700,118.9100,118.9600,12699.01,1790134439999,1510349.313000,1139,5861.45,697103.091800,0
1790134440000,118.9500,118.9800,118.8900,118.9100,7597.88,1790134499999,903598.834500,974,2380.19,283112.246600,0
1790134500000,118.9000,118.9700,118.8600,118.8700,4188.30,1790134559999,498037.018600,1427,1891.25,224877.140100,0
1790134560000,118.8700,118.9900,118.8400,118.9700,12874.33,1790134619999,1531083.962800,1521,8395.36,998356.116300,0
1790134620000,118.9800,119.1900,118.9700,119.1100,30442.71,1790134679999,3625671.925600,2441,17194.73,2047498.088900,0
1790134680000,119.1200,119.1500,119.0000,119.0000,10814.08,1790134739999,1287778.738200,1431,5205.37,619889.330400,0
1790134740000,119.0000,119.3400,119.0000,119.3200,19909.30,1790134799999,2373049.744100,2439,13610.31,1622106.918700,0
1790134800000,119.3200,119.6200,119.2700,119.4600,75942.28,1790134859999,9071306.996200,5907,42346.16,5059517.212500,0
1790134860000,119.4700,119.4700,119.2200,119.2600,62560.08,1790134919999,7465444.698800,4911,16373.22,1953968.353400,0
1790134920000,119.2600,119.4600,119.2600,119.4400,24731.35,1790134979999,2951967.990500,2679,15367.09,1834137.963800,0
1790134980000,119.4300,119.4800,119.3600,119.3800,15202.47,1790135039999,1815713.338800,1716,7188.49,858631.420100,0
1790135040000,119.3700,119.6000,119.2900,119.6000,32940.93,1790135099999,3934887.819000,3192,23329.60,2787031.435000,0
1790135100000,119.5900,119.6000,119.3500,119.3600,24194.14,1790135159999,2890679.272900,2485,11085.41,1324404.956800,0
1790135160000,119.3500,119.3600,119.2400,119.2800,12106.60,1790135219999,1444162.435000,1617,4892.11,583532.784100,0
1790135220000,119.2700,119.2900,119.2100,119.2900,11606.38,1790135279999,1384104.186400,1383,2834.14,338008.387000,0
1790135280000,119.2800,119.2800,119.1600,119.1800,7359.32,1790135339999,877198.745600,1233,3015.04,359357.873200,0
1790135340000,119.1800,119.2000,119.1000,119.1100,19100.70,1790135399999,2275828.255700,1684,7280.47,867498.326500,0
1790135400000,119.1100,119.1300,119.0600,119.0800,6526.17,1790135459999,777168.172100,906,2905.87,346045.961200,0
1790135460000,119.0900,119.1300,119.0800,119.1100,5281.90,1790135519999,629129.212000,755,3012.17,358777.379400,0
1790135520000,119.1200,119.1200,119.0500,119.0700,3488.45,1790135579999,415389.169800,600,1790.29,213173.189700,0
1790135580000,119.0700,119.1200,119.0600,119.1100,7425.73,1790135639999,884399.413100,848,5305.13,631843.706200,0
1790135640000,119.1100,119.1100,119.0500,119.0900,3570.04,1790135699999,425107.787800,660,2339.60,278598.208100,0
1790135700000,119.0800,119.1400,119.0700,119.0700,6832.13,1790135759999,813744.036400,1029,3223.23,383899.277400,0
1790135760000,119.0700,119.1700,119.0600,119.1600,5122.46,1790135819999,610108.448600,951,3878.67,461930.711000,0
1790135820000,119.1700,119.2000,119.1300,119.1600,4884.92,1790135879999,582085.026200,631,2831.03,337342.625900,0
1790135880000,119.1500,119.1700,119.0700,119.0700,9748.75,1790135939999,1161178.794200,800,1246.71,148520.057100,0
1790135940000,119.0800,119.1100,119.0600,119.0700,5603.45,1790135999999,667263.535900,614,1567.94,186713.064300,0
1790136000000,119.0700,119.1000,118.9500,118.9600,12678.45,1790136059999,1508836.411900,1600,2942.79,350223.964200,0
1790136060000,118.9600,118.9900,118.9600,118.9700,3717.67,1790136119999,442305.598600,725,1425.71,169630.723200,0
1790136120000,118.9700,118.9700,118.8800,118.8900,6443.60,1790136179999,766339.903900,1267,1668.46,198437.998600,0
1790136180000,118.8900,118.9000,118.8600,118.9000,6505.61,1790136239999,773402.814400,1084,3624.54,430911.742800,0
1790136240000,118.8900,118.9200,118.8700,118.9100,6672.07,1790136299999,793322.009600,1072,3466.05,412117.930600,0
1790136300000,118.9000,118.9100,118.7800,118.7900,9553.82,1790136359999,1135308.919400,1510,1721.45,204549.621200,0
1790136360000,118.7800,118.8600,118.7100,118.8400,11136.63,1790136419999,1322690.304000,1799,5936.67,705110.878000,0
1790136420000,118.8500,118.9300,118.8200,118.9200,8427.23,1790136479999,1001903.667400,1080,4257.00,506113.534500,0
1790136480000,118.9200,118.9800,118.8900,118.9300,21492.06,1790136539999,2556199.465100,1745,14332.41,1704686.426800,0
1790136540000,118.9300,119.0600,118.8900,119.0400,10568.74,1790136599999,1257519.303400,1476,7098.64,844582.521300,0
1790136600000,119.0500,119.1600,119.0300,119.1400,20625.26,1790136659999,2456228.130300,1812,15967.78,1901580.126500,0
1790136660000,119.1400,119.2900,119.1300,119.2700,20612.53,1790136719999,2457369.076300,2053,14829.18,1767841.902300,0
1790136720000,119.2800,119.3600,119.1900,119.2300,27771.64,1790136779999,3312894.583800,2433,15133.34,1805293.178100,0
1790136780000,119.2200,119.2200,119.1500,119.1600,7523.07,1790136839999,896626.737500,1142,3485.05,415346.870200,0
1790136840000,119.1600,119.1600,119.0800,119.1000,5322.51,1790136899999,633923.257200,809,2097.08,249756.863100,0
1790136900000,119.1000,119.2500,119.0700,119.2200,14021.08,1790136959999,1670597.258400,1522,9644.94,1149101.771100,0
1790136960000,119.2300,119.2700,119.0200,119.0200,6483.05,1790137019999,772361.318200,1762,2989.77,356247.209900,0
1790137020000,119.0200,119.0200,118.9100,119.0100,9063.83,1790137079999,1078452.209600,1442,3209.22,381811.476400,0
1790137080000,119.0000,119.0700,118.9600,119.0700,9736.21,1790137139999,1158724.307000,1186,3880.89,461922.884700,0
1790137140000,119.0600,119.0900,119.0000,119.0800,7449.37,1790137199999,886880.028300,1057,2402.33,286001.531500,0
1790137200000,119.0700,119.2700,119.0700,119.2700,9326.38,1790137259999,1111532.512600,1444,7115.44,848032.531700,0
1790137260000,119.2600,119.3600,119.2400,119.3500,17455.29,1790137319999,2082405.632300,2123,9887.11,1179498.980000,0
1790137320000,119.3600,119.4300,119.3200,119.4200,10384.39,1790137379999,1239467.997900,1605,5806.46,693046.849800,0
1790137380000,119.4300,119.6700,119.4200,119.6000,39275.59,1790137439999,4695702.728900,3874,25096.32,3000470.689400,0
1790137440000,119.5900,119.6000,119.4900,119.5300,16716.47,1790137499999,1998275.382100,2124,7970.81,952797.358300,0
1790137500000,119.5300,119.6700,119.5000,119.6300,26261.68,1790137559999,3141222.419100,3330,16058.19,1920754.571800,0
1790137560000,119.6400,119.6500,119.5400,119.5400,13996.03,1790137619999,1674124.921700,1514,6218.20,743754.507800,0
1790137620000,119.5400,119.6800,119.4700,119.6700,37075.63,1790137679999,4431863.061100,2385,28588.77,3417281.002800,0
1790137680000,119.6700,119.6800,119.4900,119.5100,14109.96,1790137739999,1686995.292800,1959,5973.88,714224.936100,0
1790137740000,119.5100,119.5400,119.4200,119.4200,21154.84,1790137799999,2527715.354400,2550,10544.01,1259941.496100,0
1790137800000,119.4200,119.4700,119.3500,119.4400,17109.93,1790137859999,2043056.785900,1815,9180.44,1096230.038400,0
1790137860000,119.4500,119.5800,119.4300,119.5300,11966.83,1790137919999,1430254.920600,1500,7417.77,886531.005900,0
1790137920000,119.5200,119.6100,119.5100,119.6100,10752.51,1790137979999,1285545.772300,1227,4143.72,495440.747300,0
1790137980000,119.6200,119.6300,119.5400,119.5900,13706.41,1790138039999,1639145.718500,1694,6339.19,758104.800300,0
1790138040000,119.6000,119.6300,119.4700,119.6100,12904.47,1790138099999,1543040.536200,1798,6605.56,789867.441100,0
1790138100000,119.6100,119.6400,119.5000,119.5600,9241.15,1790138159999,1104979.636500,1304,3643.56,435613.456600,0
1790138160000,119.5700,119.5900,119.4800,119.4900,12234.85,1790138219999,1462461.010000,1188,5314.36,635266.551800,0
1790138220000,119.4900,119.5000,119.4100,119.4300,11629.04,1790138279999,1389090.737400,1245,4708.71,562522.953600,0
1790138280000,119.4200,119.4400,119.3600,119.4000,8697.97,1790138339999,1038509.892300,1298,3557.37,424754.464500,0
1790138340000,119.4000,119.4200,119.3600,119.4000,9279.31,1790138399999,1107888.162800,891,3359.70,401142.107800,0
1790138400000,119.4100,119.4100,119.3200,119.3300,12663.50,1790138459999,1511396.326000,1184,3234.16,386023.746300,0
1790138460000,119.3200,119.4700,119.3200,119.4100,13419.35,1790138519999,1602302.757200,1318,7136.34,852092.713200,0
1790138520000,119.4000,119.4200,119.3800,119.4100,5736.75,1790138579999,684983.745700,583,4108.71,490602.767800,0
1790138580000,119.4100,119.4700,119.3900,119.4500,4808.62,1790138639999,574328.743400,752,3644.55,435311.623500,0
1790138640000,119.4600,119.5700,119.4400,119.5100,24975.11,1790138699999,2985107.775100,1798,20966.29,2505943.797400,0
1790138700000,119.5000,119.5200,119.4400,119.5200,5676.43,1790138759999,678214.958300,1001,2312.58,276268.234800,0
1790138760000,119.5200,119.6200,119.4600,119.5900,8851.73,1790138819999,1058028.062100,2221,3846.07,459861.856000,0
1790138820000,119.6000,119.6700,119.5400,119.5500,18910.58,1790138879999,2262359.183200,2052,9589.41,1147275.240400,0
1790138880000,119.5500,119.6600,119.5100,119.6000,16390.71,1790138939999,1960004.511700,1504,12678.17,1516002.566700,0
1790138940000,119.6000,119.6100,119.5500,119.5600,7036.61,1790138999999,841390.090500,841,3337.66,399085.126400,0
1790139000000,119.5700,119.5700,119.4400,119.4600,7873.38,1790139059999,940880.007900,1066,2746.23,328166.358100,0
1790139060000,119.4500,119.4900,119.4000,119.4900,5010.15,1790139119999,598364.102100,844,2931.36,350094.523000,0
1790139120000,119.4900,119.4900,119.4200,119.4300,4727.03,1790139179999,564650.047700,738,1024.05,122319.008100,0
1790139180000,119.4400,119.5100,119.4200,119.5000,11113.65,1790139239999,1327701.763700,1088,6898.40,824111.988100,0
1790139240000,119.5100,119.5200,119.4800,119.4900,4088.52,1790139299999,488580.366500,665,2238.84,267553.416600,0
1790139300000,119.4900,119.6000,119.4900,119.6000,7743.21,1790139359999,925642.061900,846,5609.92,670598.910300,0
1790139360000,119.6000,119.6500,119.5800,119.6200,9057.71,1790139419999,1083449.784100,1033,4818.93,576411.232400,0
1790139420000,119.6100,119.6200,119.5100,119.5200,6983.86,1790139479999,835130.807100,929,2016.82,241177.881000,0
1790139480000,119.5200,119.5600,119.4700,119.5000,9587.19,1790139539999,1145653.246400,1134,3948.52,471847.475700,0
1790139540000,119.5000,119.5100,119.4500,119.4600,3709.64,1790139599999,443228.429400,611,1678.75,200581.085400,0
1790139600000,119.4700,119.4700,119.2900,119.3200,15466.78,1790139659999,1846052.087000,1557,4710.62,562289.447700,0
1790139660000,119.3100,119.3100,119.2000,119.2000,21826.97,1790139719999,2602945.225400,2155,7498.54,894158.517900,0
1790139720000,119.2000,119.2800,119.1800,119.2100,30340.28,1790139779999,3617256.372200,2588,16254.31,1937902.429500,0
1790139780000,119.2200,119.2300,119.0700,119.1200,32445.88,1790139839999,3865929.200500,2821,13331.52,1588508.839100,0
1790139840000,119.1100,119.2600,119.0800,119.2300,27478.70,1790139899999,3274192.631000,2746,17127.85,2041002.099000,0
1790139900000,119.2400,119.3000,119.1600,119.1700,19729.22,1790139959999,2352511.066000,2043,11256.74,1342284.962400,0
1790139960000,119.1700,119.1700,119.0200,119.0500,21395.94,1790140019999,2547348.210600,1694,8176.09,973364.881900,0
1790140020000,119.0600,119.2000,119.0500,119.1400,14490.11,1790140079999,1726388.858500,1656,4471.85,532724.458400,0
1790140080000,119.1300,119.1400,118.9600,119.0500,18568.23,1790140139999,2209911.939200,2063,5271.35,627423.565500,0
1790140140000,119.0500,119.1600,119.0000,119.0600,12526.23,1790140199999,1491452.662300,1763,5544.19,660252.071300,0
1790140200000,119.0600,119.1400,119.0600,119.1200,6293.15,1790140259999,749604.048400,1202,2653.31,316047.500400,0
1790140260000,119.1200,119.1200,119.0100,119.0200,6300.52,1790140319999,750056.216300,824,2176.83,259122.848800,0
1790140320000,119.0200,119.0900,119.0100,119.0800,7248.12,1790140379999,862958.386100,970,4116.98,490161.887100,0
1790140380000,119.0900,119.1400,119.0600,119.1100,6559.05,1790140439999,781185.524800,1112,3429.13,408420.133100,0
1790140440000,119.1200,119.1300,119.0500,119.0800,7177.85,1790140499999,854836.534000,671,1643.66,195716.028000,0
1790140500000,119.0900,119.1500,119.0700,119.1200,8768.43,1790140559999,1044413.794600,827,4118.69,490616.082600,0
1790140560000,119.1200,119.2100,119.1200,119.2100,6693.48,1790140619999,797613.904700,969,4485.81,534562.625900,0
1790140620000,119.2100,119.2200,119.1600,119.1800,9487.16,1790140679999,1130822.954100,861,4133.50,492688.282500,0
1790140680000,119.1900,119.1900,119.1000,119.1000,6325.98,1790140739999,753727.330600,539,1620.68,193061.633700,0
1790140740000,119.1100,119.1100,119.0100,119.0800,9008.68,1790140799999,1072475.092600,1006,3819.83,454737.365400,0
1790140800000,119.0700,119.1200,119.0200,119.0600,5369.62,1790140859999,639372.982300,1036,2049.04,243975.216200,0
1790140860000,119.0700,119.1400,118.9600,118.9700,12924.64,1790140919999,1539106.113700,1436,3030.89,360949.501500,0
1790140920000,118.9600,119.0500,118.8900,119.0500,16068.49,1790140979999,1911468.705600,1688,7494.77,891647.299100,0
1790140980000,119.0400,119.1100,118.9600,119.0800,5354.28,1790141039999,637376.811900,1142,2367.75,281875.133300,0
1790141040000,119.0800,119.0800,118.9400,118.9500,9367.65,1790141099999,1114694.200400,1063,4402.59,523907.764900,0
1790141100000,118.9400,119.0600,118.9300,119.0400,10556.77,1790141159999,1256388.954800,1159,5088.10,605471.305200,0
1790141160000,119.0400,119.0400,118.9700,118.9800,4631.42,1790141219999,551148.076900,546,1294.67,154075.242200,0
1790141220000,118.9900,118.9900,118.9200,118.9500,13216.49,1790141279999,1571997.510900,1494,8656.95,1029676.246600,0
1790141280000,118.9500,118.9900,118.9200,118.9300,17384.91,1790141339999,2068005.607400,1249,9317.53,1108383.690200,0
1790141340000,118.9200,119.0000,118.9000,118.9600,19642.56,1790141399999,2336637.191500,1373,8260.54,982601.241400,0
1790141400000,118.9600,118.9700,118.9000,118.9500,7193.58,1790141459999,855637.672800,1343,3129.46,372225.715400,0
1790141460000,118.9500,119.0100,118.9200,118.9400,9133.36,1790141519999,1086549.628300,1611,4528.75,538758.093700,0
1790141520000,118.9300,118.9400,118.8500,118.8600,7680.21,1790141579999,913136.894200,1647,1830.26,217615.672000,0
1790141580000,118.8600,118.9200,118.8300,118.8700,7612.62,1790141639999,904941.687500,1248,3793.05,450885.144000,0
1790141640000,118.8700,118.8800,118.8200,118.8300,5451.04,1790141699999,647889.573200,889,2104.29,250110.390500,0
1790141700000,118.8300,118.9000,118.8200,118.8800,4648.08,1790141759999,552456.809000,960,3476.54,413208.377900,0
1790141760000,118.8700,118.9400,118.8700,118.9100,5658.42,1790141819999,672885.699700,1063,2989.92,355553.418400,0
1790141820000,118.9100,118.9300,118.8500,118.8600,7155.15,1790141879999,850703.452100,987,3846.98,457398.954800,0
1790141880000,118.8600,118.9200,118.8000,118.8200,17636.95,1790141939999,2096393.784400,1863,8331.35,990459.489000,0
1790141940000,118.8100,118.8500,118.8000,118.8400,7479.95,1790141999999,888780.728100,904,3260.08,387362.411400,0
1790142000000,118.8400,118.9500,118.8200,118.9300,8435.28,1790142059999,1002926.510400,1202,6446.68,766553.566300,0
1790142060000,118.9200,119.0500,118.9200,119.0100,18404.37,1790142119999,2190242.383000,1802,14502.25,1725906.217700,0
1790142120000,119.0200,119.0400,118.9900,119.0400,7197.74,1790142179999,856598.191600,955,3861.72,459606.636600,0
1790142180000,119.0400,119.0600,118.9500,118.9600,8203.57,1790142239999,976181.739100,1197,4618.17,549507.373700,0
1790142240000,118.9500,118.9700,118.8700,118.9100,6946.41,1790142299999,825988.779000,1086,3217.45,382579.671200,0
1790142300000,118.9100,118.9600,118.8500,118.9500,6934.70,1790142359999,824510.099300,1303,3131.29,372284.275200,0
1790142360000,118.9500,118.9700,118.9200,118.9300,6571.38,1790142419999,781640.483900,843,3733.51,444090.623200,0
1790142420000,118.9300,119.0200,118.9300,119.0100,3965.23,1790142479999,471830.730000,882,2957.15,351874.343600,0
1790142480000,119.0200,119.0300,118.9800,118.9900,6657.54,1790142539999,792284.202100,1108,2555.66,304144.301000,0
1790142540000,118.9900,119.0200,118.7300,118.7600,43422.51,1790142599999,5161020.226200,3533,13389.68,1591730.602000,0
1790142600000,118.7700,118.7800,118.4400,118.4800,46220.72,1790142659999,5482797.917400,4681,11147.45,1322158.747200,0
1790142660000,118.4800,118.5700,118.4300,118.5700,22300.62,1790142719999,2642735.383700,2151,12574.28,1490167.481500,0
1790142720000,118.5700,118.5700,118.4000,118.4500,23810.24,1790142779999,2820997.606000,2214,6490.69,768867.364900,0
1790142780000,118.4500,118.5100,118.2700,118.3600,33374.09,1790142839999,3951129.488700,2944,10194.58,1206906.210900,0
1790142840000,118.3600,118.4600,118.3500,118.4600,22702.59,1790142899999,2688129.672700,2043,17342.90,2053530.358800,0
1790142900000,118.4600,118.4700,118.3200,118.3200,10135.46,1790142959999,1199792.560400,1433,4417.26,522915.536900,0
1790142960000,118.3200,118.4400,118.2600,118.4300,11425.68,1790143019999,1351982.522300,1715,4875.99,577125.678600,0
1790143020000,118.4300,118.4600,118.3400,118.3400,10344.03,1790143079999,1224799.023200,1310,4802.93,568664.309700,0
1790143080000,118.3300,118.3400,118.2000,118.3200,23468.21,1790143139999,2775328.370000,2404,10151.65,1200448.393200,0
1790143140000,118.3200,118.4000,118.3000,118.3500,5412.24,1790143199999,640564.478300,908,2936.22,347512.158700,0
1790143200000,118.3500,118.4700,118.3200,118.3600,18942.67,1790143259999,2242680.963300,2148,11159.54,1321163.395800,0
1790143260000,118.3600,118.4500,118.3400,118.3800,7286.45,1790143319999,862647.305300,1499,3608.36,427175.662200,0
1790143320000,118.3900,118.4400,118.3100,118.4300,16607.23,1790143379999,1965769.183900,2639,6693.25,792239.407500,0
1790143380000,118.4400,118.5200,118.4400,118.4900,9806.08,1790143439999,1161757.697800,1656,6573.77,778822.521900,0
1790143440000,118.5000,118.5200,118.4300,118.4700,9368.07,1790143499999,1110038.519700,1545,5641.95,668548.998300,0
1790143500000,118.4700,118.5700,118.4500,118.5700,9880.34,1790143559999,1170846.027700,1466,5890.40,698012.814200,0
1790143560000,118.5600,118.6300,118.5600,118.6200,10131.09,1790143619999,1201550.174600,1521,6481.86,768741.335400,0
1790143620000,118.6200,118.6400,118.5000,118.5000,8487.74,1790143679999,1006683.377300,1223,2709.57,321414.346800,0
1790143680000,118.5000,118.5600,118.4700,118.5600,10074.14,1790143739999,1194041.986300,1457,6809.41,807079.048600,0
1790143740000,118.5600,118.5800,118.5400,118.5400,4686.78,1790143799999,555680.494300,793,2578.27,305690.880200,0
1790143800000,118.5400,118.5500,118.4900,118.5300,5803.26,1790143859999,687734.097000,880,3457.46,409732.491600,0
1790143860000,118.5400,118.5800,118.4700,118.5800,12838.23,1790143919999,1521671.885800,1480,7837.41,929037.377200,0
1790143920000,118.5700,118.5900,118.5400,118.5800,5107.96,1790143979999,605596.284900,772,2997.54,355385.236000,0
1790143980000,118.5800,118.6100,118.5800,118.6000,3802.85,1790144039999,451002.039800,894,2449.89,290562.649800,0
1790144040000,118.6100,118.6800,118.5800,118.6700,7602.94,1790144099999,901962.078300,1133,5466.19,648503.000400,0
1790144100000,118.6700,118.7100,118.6500,118.6900,7442.39,1790144159999,883338.340600,1187,4808.47,570729.903500,0
1790144160000,118.7000,118.7600,118.6900,118.7400,7550.52,1790144219999,896519.697400,1119,4236.01,502951.500800,0
1790144220000,118.7500,118.8200,118.7100,118.8100,9561.05,1790144279999,1135405.402800,1370,5481.05,650948.039100,0
1790144280000,118.8100,118.8500,118.7500,118.7500,7633.12,1790144339999,906862.670300,1116,4367.23,518864.030100,0
1790144340000,118.7600,118.7600,118.6600,118.7200,16751.59,1790144399999,1988790.570300,1579,9470.67,1124380.168600,0
1790144400000,118.7100,118.8100,118.7100,118.8000,6265.89,1790144459999,744163.153100,987,3257.85,386904.615200,0
1790144460000,118.8000,118.8900,118.7000,118.7100,25084.68,1790144519999,2980202.008800,2530,10217.79,1214028.306400,0
1790144520000,118.7100,118.8400,118.7000,118.8200,5147.54,1790144579999,611418.229900,1055,2480.74,294625.134100,0
1790144580000,118.8100,118.8500,118.7400,118.7600,5881.51,1790144639999,698644.823800,870,2826.89,335796.100400,0
1790144640000,118.7700,118.7900,118.7400,118.7800,3451.97,1790144699999,409978.984100,916,2182.85,259249.076800,0
1790144700000,118.7800,118.8000,118.7500,118.7900,5210.85,1790144759999,618905.572400,667,3964.82,470916.389700,0
1790144760000,118.7900,118.8100,118.7500,118.7600,5727.56,1790144819999,680297.365000,1450,2679.33,318230.165500,0
1790144820000,118.7600,118.7600,118.7100,118.7100,5742.72,1790144879999,681906.819300,500,1705.86,202565.938300,0
1790144880000,118.7100,118.7600,118.7000,118.7000,5869.25,1790144939999,696827.330500,1004,3793.56,450399.793100,0
1790144940000,118.7000,118.7400,118.6600,118.6700,5238.86,1790144999999,621855.820200,1824,2059.99,244552.686800,0
1790145000000,118.6600,118.6600,118.5700,118.5800,10722.06,1790145059999,1271921.722000,2745,6165.90,731439.390200,0
1790145060000,118.5800,118.7200,118.5500,118.7100,14635.06,1790145119999,1736248.700500,1666,9195.66,1090913.591600,0
1790145120000,118.7100,118.7200,118.6100,118.6800,6817.92,1790145179999,809015.018700,945,4108.85,487546.568800,0
1790145180000,118.6700,118.7000,118.6300,118.6600,5395.93,1790145239999,640307.644900,768,2342.11,277937.621700,0
1790145240000,118.6600,118.7800,118.6500,118.7700,3688.55,1790145299999,437978.688700,902,2452.21,291166.514100,0
1790145300000,118.7700,118.8100,118.7600,118.8000,4083.83,1790145359999,485074.010500,988,1995.46,237021.498900,0
1790145360000,118.8100,118.9000,118.8000,118.8700,15553.78,1790145419999,1848472.246000,1944,8769.01,1042165.904800,0
1790145420000,118.8700,118.9600,118.8500,118.9500,13680.30,1790145479999,1626702.639000,1588,5689.79,676546.026900,0
1790145480000,118.9600,118.9900,118.9200,118.9800,6119.20,1790145539999,727940.930200,938,3244.42,385962.040200,0
1790145540000,118.9900,119.0400,118.9700,119.0000,10034.25,1790145599999,1194147.350900,1286,4018.32,478217.688800,0
1790145600000,118.9900,119.0500,118.9900,119.0500,5946.22,1790145659999,707798.076200,691,2649.39,315372.160400,0
1790145660000,119.0500,119.0900,119.0400,119.0500,6668.39,1790145719999,794033.497100,930,3073.78,366010.815000,0
1790145720000,119.0500,119.1000,119.0300,119.1000,7137.02,1790145779999,849780.934000,867,4023.30,479075.742100,0
1790145780000,119.1000,119.1000,119.0400,119.0600,17606.30,1790145839999,2096223.794100,1013,12155.67,1447204.066800,0
1790145840000,119.0700,119.1400,119.0500,119.1400,5626.46,1790145899999,670013.520000,870,3490.50,415685.760900,0
1790145900000,119.1300,119.2500,119.1200,119.2400,26734.78,1790145959999,3186704.773100,1584,12176.22,1451428.816700,0
1790145960000,119.2300,119.2400,119.0500,119.0600,14037.64,1790146019999,1672598.593500,1211,2404.90,286592.477800,0
1790146020000,119.0500,119.0800,118.9900,119.0100,15973.16,1790146079999,1901138.466400,1480,7928.50,943657.824300,0
1790146080000,119.0100,119.0700,119.0000,119.0200,3742.73,1790146139999,445516.700800,655,1572.08,187130.350400,0
1790146140000,119.0100,119.0200,118.8200,118.8800,11926.42,1790146199999,1417931.937400,1638,2897.25,344444.767600,0
1790146200000,118.8800,118.9500,118.8300,118.9100,9416.85,1790146259999,1119536.107000,1118,3813.63,453357.681600,0
1790146260000,118.9200,119.0400,118.9100,118.9300,13367.16,1790146319999,1590649.744400,1442,7038.48,837557.464300,0
1790146320000,118.9400,118.9900,118.8600,118.9300,9451.61,1790146379999,1124120.489000,1390,6037.50,718062.208100,0
1790146380000,118.9300,118.9300,118.8100,118.8800,15792.06,1790146439999,1877181.364900,1388,3592.70,427029.707400,0
1790146440000,118.8800,118.9300,118.8300,118.8500,5700.77,1790146499999,677725.600900,1200,2855.81,339506.958100,0
1790146500000,118.8500,118.8900,118.8100,118.8900,6978.38,1790146559999,829243.135600,766,3785.06,449785.255700,0
1790146560000,118.8800,118.8900,118.8100,118.8700,5262.04,1790146619999,625388.761500,831,1465.63,174178.837500,0
1790146620000,118.8800,118.8800,118.8400,118.8600,5285.59,1790146679999,628283.187300,760,1923.35,228632.278300,0
1790146680000,118.8600,118.9500,118.8600,118.9300,9434.18,1790146739999,1121586.584200,777,7586.16,901852.782700,0
1790146740000,118.9300,118.9400,118.8800,118.9000,2550.26,1790146799999,303245.407400,668,1278.13,151976.757100,0
1790146800000,118.9100,118.9100,118.7300,118.7400,5621.65,1790146859999,667866.463400,2394,1474.95,175224.906600,0
1790146860000,118.7300,118.7500,118.6500,118.6900,26623.99,1790146919999,3160123.175900,3012,10499.41,1246266.184800,0
1790146920000,118.7000,118.7000,118.5400,118.6400,18043.56,1790146979999,2140068.031400,2690,10139.46,1202623.294700,0
1790146980000,118.6500,118.8300,118.5600,118.8300,13274.45,1790147039999,1575528.321300,2345,5895.97,699953.314600,0
1790147040000,118.8200,118.8400,118.6900,118.7400,4230.93,1790147099999,502536.402700,1520,1707.95,202870.147500,0
1790147100000,118.7400,118.7500,118.5600,118.5800,8231.91,1790147159999,976772.170700,1543,3345.85,396959.244000,0
1790147160000,118.5700,118.6300,118.5300,118.5400,9689.24,1790147219999,1148829.586700,1390,4561.59,540845.947300,0
1790147220000,118.5400,118.6400,118.5100,118.6400,11718.68,1790147279999,1389239.126900,1876,3071.36,364145.677900,0
1790147280000,118.6300,118.7800,118.6200,118.7000,10135.69,1790147339999,1203104.416700,1714,5684.97,674822.979900,0
1790147340000,118.7000,118.7400,118.5900,118.6000,9599.06,1790147399999,1139112.335200,1788,5914.17,701837.318700,0
1790147400000,118.5900,118.6900,118.5800,118.6600,18246.64,1790147459999,2164721.870800,1926,11250.97,1334761.229600,0
1790147460000,118.6500,118.7300,118.6400,118.7100,3319.57,1790147519999,393995.905900,1211,1673.85,198655.938900,0
1790147520000,118.7100,118.8400,118.7000,118.8000,13865.52,1790147579999,1646781.186600,1762,11444.04,1359216.017200,0
1790147580000,118.8000,118.8300,118.6500,118.7100,17298.02,1790147639999,2054255.379300,2786,4479.83,531861.212200,0
1790147640000,118.7100,118.7200,118.6300,118.6800,7512.67,1790147699999,891545.952200,928,2626.08,311624.516400,0
1790147700000,118.6700,118.7800,118.6700,118.7600,8489.86,1790147759999,1008105.676700,1182,4136.28,491132.113500,0
1790147760000,118.7600,118.9100,118.6500,118.8900,24364.24,1790147819999,2895048.664500,2725,18676.90,2219271.347300,0
1790147820000,118.9000,118.9400,118.8500,118.9300,11206.23,1790147879999,1332376.457800,1282,4802.78,571045.054300,0
1790147880000,118.9400,119.0000,118.9000,119.0000,6939.55,1790147939999,825357.247500,1296,4141.91,492648.908400,0
1790147940000,119.0000,119.0400,118.8200,118.8300,18780.26,1790147999999,2233695.794700,2338,7437.17,884451.661000,0
1790148000000,118.8300,118.9500,118.8300,118.9400,4251.59,1790148059999,505466.333400,1051,1975.23,234809.147600,0
1790148060000,118.9400,118.9500,118.8400,118.9300,7413.42,1790148119999,881399.304900,1376,4379.69,520702.688900,0
1790148120000,118.9300,118.9400,118.8100,118.8100,3314.13,1790148179999,393928.362000,1016,1326.81,157692.680700,0
1790148180000,118.8100,118.8200,118.7300,118.7600,5306.20,1790148239999,630211.718100,1142,1730.22,205488.847000,0
1790148240000,118.7600,118.8500,118.7200,118.7300,6580.83,1790148299999,781607.044400,1380,1294.07,153709.598700,0
1790148300000,118.7300,118.7500,118.7000,118.7200,3424.54,1790148359999,406573.766500,1527,1692.68,200954.365500,0
1790148360000,118.7100,118.7200,118.6300,118.6400,5574.27,1790148419999,661539.746000,1345,1401.46,166303.539500,0
1790148420000,118.6400,118.7300,118.6400,118.7300,4046.20,1790148479999,480190.709400,742,2983.93,354122.982500,0
1790148480000,118.7300,118.7600,118.7000,118.7200,5306.96,1790148539999,630090.125500,692,2503.55,297243.162300,0
1790148540000,118.7200,118.7700,118.7000,118.7700,2762.04,1790148599999,327912.979900,508,1553.84,184488.571500,0
1790148600000,118.7700,118.7900,118.6800,118.7100,4561.54,1790148659999,541561.274300,895,2106.66,250098.256800,0
1790148660000,118.7100,118.8200,118.6900,118.6900,4648.34,1790148719999,552025.175100,1335,1607.34,190888.108400,0
1790148720000,118.6800,118.6900,118.5800,118.6400,5307.54,1790148779999,629621.910300,1387,2189.98,259792.440500,0
1790148780000,118.6400,118.6400,118.4600,118.4600,15411.74,1790148839999,1826645.089100,1747,7807.69,925363.066200,0
1790148840000,118.4600,118.4900,118.3300,118.3400,18407.09,1790148899999,2179608.649200,1923,4843.63,573525.340600,0
1790148900000,118.3400,118.3400,118.0700,118.0800,47165.84,1790148959999,5574759.053500,4314,15404.64,1820731.928000,0
1790148960000,118.0800,118.2300,118.0200,118.1500,57072.92,1790149019999,6740910.943000,3991,25351.00,2994587.233200,0
1790149020000,118.1500,118.2800,118.0800,118.2600,15811.87,1790149079999,1869055.055500,2272,10206.66,1206468.492400,0
1790149080000,118.2600,118.2700,117.8800,118.0100,42016.67,1790149139999,4958092.362800,3924,12974.32,1531385.653900,0
1790149140000,118.0000,118.1100,117.9800,118.0300,18814.15,1790149199999,2221168.620600,2082,10290.61,1214919.320300,0
1790149200000,118.0200,118.1700,118.0000,118.1700,24362.50,1790149259999,2876555.245200,2220,17127.62,2022315.190300,0
1790149260000,118.1600,118.2000,118.1000,118.1800,13871.39,1790149319999,1638849.421400,1199,7851.49,927609.714200,0
1790149320000,118.1800,118.1800,118.0400,118.0600,6436.12,1790149379999,760157.575800,1255,2934.33,346576.628500,0
1790149380000,118.0600,118.0800,118.0000,118.0000,12044.99,1790149439999,1421786.167100,1262,4940.87,583188.593600,0
1790149440000,118.0000,118.0100,117.4600,117.7400,143220.29,1790149499999,16856452.327300,10303,54899.62,6461473.344900,0
1790149500000,117.7300,117.7900,117.4900,117.7600,74122.41,1790149559999,8720020.386000,5779,32595.34,3835286.174600,0
1790149560000,117.7500,117.9400,117.7400,117.8300,37668.83,1790149619999,4438313.551200,3583,21016.07,2476038.548600,0
1790149620000,117.8300,117.8400,117.7200,117.7400,20454.99,1790149679999,2408611.615700,1843,11605.02,1366512.092100,0
1790149680000,117.7400,117.8600,117.6300,117.8500,37014.50,1790149739999,4357518.108100,4140,22976.93,2704809.245300,0
1790149740000,117.8500,117.9200,117.7700,117.8500,18625.19,1790149799999,2194768.095200,2120,8032.74,946575.390000,0
1790149800000,117.8600,118.0200,117.8300,118.0100,20044.95,1790149859999,2364056.579600,1797,13810.09,1628785.894300,0
1790149860000,118.0000,118.1000,117.9800,118.0900,14024.40,1790149919999,1655388.224400,1338,9309.46,1098832.153100,0
1790149920000,118.0800,118.0800,118.0200,118.0800,11577.53,1790149979999,1366849.714200,1310,6858.56,809729.875900,0
1790149980000,118.0800,118.0800,117.9000,117.9500,27521.30,1790150039999,3246659.230900,1912,11093.85,1308392.974500,0
1790150040000,117.9500,117.9900,117.9100,117.9400,18291.97,1790150099999,2157610.352600,1489,11849.08,1397696.884800,0
1790150100000,117.9500,117.9700,117.9000,117.9400,5897.56,1790150159999,695539.143500,811,2721.15,320927.334100,0
1790150160000,117.9300,117.9800,117.8700,117.8800,7993.19,1790150219999,942547.120800,940,2348.07,276909.104800,0
1790150220000,117.8700,117.9500,117.8300,117.9100,10435.16,1790150279999,1230226.397200,1428,5993.27,706572.778500,0
1790150280000,117.9000,117.9700,117.8500,117.9000,12953.06,1790150339999,1527231.909100,1207,6363.14,750255.048300,0
1790150340000,117.9100,117.9100,117.7900,117.8200,19486.22,1790150399999,2296180.250700,1761,4176.77,492283.853800,0
1790150400000,117.8300,117.9600,117.8200,117.9200,16462.58,1790150459999,1940949.541100,1936,6444.13,759671.116200,0
1790150460000,117.9200,117.9900,117.9200,117.9800,9874.61,1790150519999,1164732.492200,1141,6445.82,760299.038500,0
1790150520000,117.9800,118.0400,117.9500,117.9600,13819.85,1790150579999,1630752.833900,1492,9004.23,1062526.284800,0
1790150580000,117.9500,117.9600,117.7400,117.7700,12565.52,1790150639999,1480742.204000,1670,6787.27,799874.314300,0
1790150640000,117.7700,117.8300,117.6700,117.6900,11416.79,1790150699999,1344247.230400,1573,2897.50,341164.621500,0
1790150700000,117.6800,117.6900,117.4100,117.4800,51925.14,1790150759999,6102517.876000,4118,13497.28,1586000.301500,0
1790150760000,117.4800,117.5100,117.2700,117.4000,45321.51,1790150819999,5320169.804900,4301,15834.38,1858773.861400,0
1790150820000,117.4000,117.6400,117.3800,117.6300,22434.75,1790150879999,2636858.342700,2663,11681.60,1372999.703500,0
1790150880000,117.6300,117.7500,117.6100,117.7100,15817.81,1790150939999,1861817.257100,1882,11810.08,1390125.178500,0
1790150940000,117.7200,117.7700,117.6900,117.7200,13137.94,1790150999999,1546761.762100,1728,7144.18,841111.815300,0
1790151000000,117.7200,117.8400,117.7100,117.8300,8936.91,1790151059999,1052452.185100,1273,4551.10,536007.490600,0
1790151060000,117.8400,117.9000,117.8000,117.8600,9917.26,1790151119999,1168950.483500,1251,6843.45,806678.298000,0
1790151120000,117.8600,117.9300,117.8300,117.9200,11585.38,1790151179999,1365613.810300,1293,6149.26,724838.997600,0
1790151180000,117.9200,117.9600,117.8600,117.8600,6256.65,1790151239999,737816.997400,1019,2604.32,307121.336300,0
1790151240000,117.8600,117.8700,117.7200,117.8000,8536.58,1790151299999,1005456.139700,1213,2938.99,346099.094400,0
1790151300000,117.8000,117.9600,117.8000,117.9500,12239.21,1790151359999,1442798.520000,1475,7063.04,832645.075000,0
1790151360000,117.9600,117.9900,117.9000,117.9800,10786.46,1790151419999,1272243.212100,1565,5446.61,642437.875300,0
1790151420000,117.9800,118.0000,117.9400,117.9900,9985.42,1790151479999,1178014.419400,963,4816.67,568261.941100,0
1790151480000,118.0000,118.0700,117.9500,118.0500,19780.90,1790151539999,2334510.543300,1550,14054.14,1658638.582400,0
1790151540000,118.0400,118.1500,118.0200,118.1300,17299.36,1790151599999,2042924.331300,1527,12578.65,1485431.116700,0
1790151600000,118.1200,118.2100,118.0800,118.2100,22296.48,1790151659999,2634264.034200,1407,13306.01,1571968.510900,0
1790151660000,118.2000,118.2800,118.1400,118.1400,23085.10,1790151719999,2729367.399600,2060,9688.48,1145591.924500,0
1790151720000,118.1400,118.1700,118.0900,118.1100,16314.81,1790151779999,1927243.506500,1516,7142.82,843804.046000,0
1790151780000,118.1100,118.1500,118.0300,118.0600,11410.90,1790151839999,1347545.879500,1350,4740.02,559715.106200,0
1790151840000,118.0600,118.1100,118.0100,118.0300,7496.95,1790151899999,885078.363700,986,3079.57,363556.940100,0
1790151900000,118.0400,118.0900,117.9800,117.9900,11054.56,1790151959999,1304759.391200,1264,2430.38,286910.254800,0
1790151960000,117.9900,118.0600,117.9600,118.0000,9283.89,1790152019999,1095586.273600,1201,4675.88,551759.389400,0
1790152020000,117.9900,118.0000,117.9200,117.9400,8408.14,1790152079999,991803.261400,905,3079.78,363277.369600,0
1790152080000,117.9500,118.0100,117.9300,117.9900,5658.37,1790152139999,667445.906100,796,2483.30,292921.169900,0
1790152140000,117.9800,117.9900,117.8600,117.8800,8215.55,1790152199999,968565.272500,1027,1365.76,160988.873900,0
1790152200000,117.8800,117.9900,117.8600,117.9100,11721.06,1790152259999,1382075.931600,1421,5295.49,624398.532100,0
1790152260000,117.9000,117.9900,117.8600,117.8800,6471.21,1790152319999,763104.993400,1184,2756.07,325013.098500,0
1790152320000,117.8900,117.9800,117.8800,117.9100,5165.75,1790152379999,609164.124100,1058,2262.68,266769.813800,0
1790152380000,117.9100,118.0000,117.8900,117.9400,9161.94,1790152439999,1080466.588800,1213,4288.93,505832.898900,0
1790152440000,117.9400,118.0200,117.9400,118.0000,4444.01,1790152499999,524347.465300,689,2939.59,346834.810600,0
1790152500000,117.9900,118.0100,117.9000,117.9100,7006.36,1790152559999,826549.017300,763,1151.22,135789.471000,0
1790152560000,117.9200,117.9900,117.9000,117.9900,3928.97,1790152619999,463315.538500,874,2476.38,292031.434100,0
1790152620000,117.9900,118.0300,117.9700,118.0200,5054.65,1790152679999,596425.404800,629,1893.93,223480.900500,0
1790152680000,118.0300,118.0300,117.9500,117.9900,5734.49,1790152739999,676592.359000,912,2911.33,343480.702100,0
1790152740000,117.9900,118.0600,117.9600,118.0400,2904.88,1790152799999,342777.166500,716,1572.69,185573.625400,0
1790152800000,118.0400,118.0400,117.9700,118.0100,4435.55,1790152859999,523408.835300,686,3021.84,356568.734300,0
1790152860000,118.0100,118.0500,117.9700,117.9700,4735.85,1790152919999,558900.129700,872,1158.74,136759.070400,0
1790152920000,117.9700,118.0200,117.9500,117.9800,3068.51,1790152979999,362046.783900,645,1203.59,141998.807500,0
1790152980000,117.9800,117.9800,117.8700,117.8900,6780.43,1790153039999,799577.579100,1341,3631.81,428295.389600,0
1790153040000,117.8900,117.9000,117.8500,117.8800,5638.10,1790153099999,664585.867400,831,2983.58,351687.859000,0
1790153100000,117.8800,117.8900,117.7500,117.7700,11214.32,1790153159999,1321201.510100,1346,2956.06,348256.243300,0
1790153160000,117.7600,117.8100,117.7100,117.7500,13094.39,1790153219999,1541995.031800,1619,7448.98,877253.604000,0
1790153220000,117.7500,117.7700,117.4900,117.6400,54389.99,1790153279999,6396409.875300,5221,22017.87,2589518.214700,0
1790153280000,117.6400,117.7500,117.6100,117.7100,20123.26,1790153339999,2367859.403100,2219,6848.32,805847.530000,0
1790153340000,117.7000,117.7000,117.1100,117.1600,71228.15,1790153399999,8358823.193900,6037,16238.09,1905159.490700,0
1790153400000,117.1700,117.3600,116.9100,117.1200,110824.03,1790153459999,12978841.820500,8912,45285.77,5303046.462600,0
1790153460000,117.1200,117.2300,116.9800,117.0100,55557.07,1790153519999,6505764.185700,4598,21434.85,2510475.525900,0
1790153520000,117.0200,117.2000,116.9300,117.0600,66076.99,1790153579999,7733602.185000,5027,35534.08,4159430.911100,0
1790153580000,117.0600,117.2100,117.0200,117.1200,30986.00,1790153639999,3629730.923400,2869,16033.78,1878231.966400,0
1790153640000,117.1100,117.2500,117.0800,117.0900,13445.65,1790153699999,1575214.293000,1906,8425.29,987088.743100,0
1790153700000,117.1000,117.2600,117.0800,117.2100,18997.56,1790153759999,2226423.575300,2083,10277.61,1204425.435600,0
1790153760000,117.2100,117.3400,117.1600,117.3200,17176.53,1790153819999,2014101.172900,2022,11815.84,1385496.771400,0
1790153820000,117.3100,117.4000,117.2900,117.3700,16771.85,1790153879999,1968342.146200,1465,10764.33,1263261.055600,0
1790153880000,117.3600,117.4200,117.3600,117.3900,28435.63,1790153939999,3338256.812600,1152,19090.11,2241105.516500,0
1790153940000,117.3900,117.3900,117.2700,117.3400,11182.00,1790153999999,1311924.709600,1327,6126.45,718749.552400,0
1790154000000,117.3300,117.3800,117.2600,117.2800,13099.55,1790154059999,1537036.715100,1810,5690.76,667701.399100,0
1790154060000,117.2800,117.3000,117.1700,117.2600,16250.82,1790154119999,1905222.452800,2093,7093.02,831570.033000,0
1790154120000,117.2700,117.4000,117.2700,117.3700,12166.72,1790154179999,1427663.329800,1435,6406.60,751750.340500,0
1790154180000,117.3600,117.4000,117.2800,117.3000,10093.31,1790154239999,1184466.331700,1494,4272.94,501433.177700,0
1790154240000,117.3000,117.3500,117.2600,117.2600,8503.62,1790154299999,997529.968400,1231,1546.21,181394.620800,0
1790154300000,117.2600,117.2900,117.1600,117.2500,13728.34,1790154359999,1609373.035500,2353,5260.89,616729.388300,0
1790154360000,117.2600,117.3400,117.2300,117.3400,6268.23,1790154419999,735222.083400,1110,3041.30,356716.098100,0
1790154420000,117.3300,117.4400,117.3300,117.4300,11108.91,1790154479999,1304088.284800,1402,6580.99,772556.204100,0
1790154480000,117.4300,117.4800,117.3900,117.4300,21539.10,1790154539999,2529241.985100,1681,6301.89,740033.449100,0
1790154540000,117.4300,117.5000,117.4300,117.4800,16978.51,1790154599999,1994423.196500,1067,12795.16,1502952.552800,0
1790154600000,117.4800,117.4900,117.4500,117.4500,4461.36,1790154659999,524095.667000,666,2243.96,263614.975300,0
1790154660000,117.4500,117.4700,117.3900,117.4400,10849.56,1790154719999,1274106.043100,1362,7019.42,824360.023400,0
1790154720000,117.4400,117.4900,117.4200,117.4600,3138.17,1790154779999,368613.165700,604,1118.79,131416.302000,0
1790154780000,117.4600,117.4600,117.3400,117.3600,4700.70,1790154839999,551785.850100,893,1001.66,117568.608900,0
1790154840000,117.3600,117.3900,117.3600,117.3700,3585.59,1790154899999,420855.912000,462,1625.30,190764.705700,0
1790154900000,117.3700,117.5000,117.3400,117.4600,17405.46,1790154959999,2044057.139100,1622,12657.07,1486374.553400,0
1790154960000,117.4600,117.5700,117.4600,117.4900,21347.67,1790155019999,2508562.834200,1437,14843.03,1744322.876400,0
1790155020000,117.5000,117.5600,117.3900,117.4400,25711.41,1790155079999,3020956.449300,2247,9784.07,1149681.591400,0
1790155080000,117.4300,117.4500,117.3800,117.3900,8027.09,1790155139999,942521.555200,797,5076.65,596089.524200,0
1790155140000,117.4000,117.4200,117.3600,117.4200,8527.65,1790155199999,1001036.329900,939,4879.80,572812.508600,0
1790155200000,117.4200,117.4600,117.3900,117.4400,8808.75,1790155259999,1034388.544000,973,5515.39,647651.360000,0
1790155260000,117.4300,117.6100,117.3400,117.6000,31677.07,1790155319999,3720408.108000,2580,19667.35,2309896.449600,0
1790155320000,117.6000,117.6400,117.5500,117.5900,15167.54,1790155379999,1783714.112400,1187,9473.54,1114110.284300,0
1790155380000,117.6000,117.6300,117.5800,117.6000,7777.51,1790155439999,914642.687300,746,4731.12,556394.347200,0
1790155440000,117.6100,117.6600,117.5600,117.6500,9778.67,1790155499999,1150049.833200,1195,5378.05,632531.456400,0
1790155500000,117.6500,117.6800,117.6000,117.6300,11435.20,1790155559999,1345286.241300,1019,8146.91,958434.747000,0
1790155560000,117.6300,117.6400,117.5600,117.6300,9315.75,1790155619999,1095454.566300,912,5924.92,696717.883300,0
1790155620000,117.6300,117.6600,117.6000,117.6000,7700.86,1790155679999,905908.997300,909,4293.54,505089.906100,0
1790155680000,117.6000,117.6100,117.3500,117.3900,29474.45,1790155739999,3461628.344200,2260,8106.79,951779.485700,0
1790155740000,117.3900,117.4400,117.3700,117.4400,8512.70,1790155799999,999398.692400,1124,5035.98,591246.316400,0
1790155800000,117.4400,117.5400,117.4300,117.5200,7334.48,1790155859999,861589.828700,1222,3460.22,406487.296200,0
1790155860000,117.5300,117.5300,117.4700,117.5000,2136.21,1790155919999,250996.974800,495,891.40,104729.982800,0
1790155920000,117.4900,117.5100,117.3300,117.3700,23936.45,1790155979999,2809604.926700,1864,4990.40,585840.290600,0
1790155980000,117.3600,117.4000,117.3100,117.3700,6192.11,1790156039999,726663.116200,1022,1792.90,210393.618700,0
1790156040000,117.3700,117.3800,117.3000,117.3600,7291.71,1790156099999,855489.759800,1008,4127.32,484217.150200,0
1790156100000,117.3500,117.4100,117.3000,117.3100,8414.73,1790156159999,987392.754600,1070,3631.05,426069.900600,0
1790156160000,117.3100,117.3500,117.2800,117.3500,14923.73,1790156219999,1750544.141000,1132,2434.37,285548.931300,0
1790156220000,117.3400,117.3600,117.2700,117.2800,6227.61,1790156279999,730559.074900,1387,2001.06,234723.538400,0
1790156280000,117.2800,117.3300,117.2500,117.3200,8773.12,1790156339999,1028980.397800,809,4510.73,529027.178200,0
1790156340000,117.3100,117.3400,117.2500,117.2600,10508.72,1790156399999,1232698.670000,885,1385.28,162506.092400,0
1790156400000,117.2500,117.2800,117.1000,117.2300,31943.22,1790156459999,3743422.817100,2518,9675.61,1134197.748300,0
1790156460000,117.2200,117.2400,117.1800,117.2000,8280.36,1790156519999,970518.877300,999,3259.82,382090.916400,0
1790156520000,117.2000,117.2800,117.1900,117.2600,8240.99,1790156579999,966185.742800,927,4923.97,577269.028100,0
1790156580000,117.2600,117.2900,117.2500,117.2500,4387.93,1790156639999,514572.008000,588,1638.46,192142.888100,0
1790156640000,117.2600,117.2900,117.2600,117.2800,4981.46,1790156699999,584193.902700,495,2418.08,283571.892800,0
1790156700000,117.2700,117.3600,117.2300,117.3400,12728.89,1790156759999,1493161.894100,1577,7692.87,902498.001400,0
1790156760000,117.3400,117.3400,117.2600,117.2800,11042.26,1790156819999,1295179.835300,1402,5207.80,610809.612100,0
1790156820000,117.2700,117.3200,117.2700,117.2800,6211.63,1790156879999,728522.889200,805,2671.28,313313.666500,0
1790156880000,117.2900,117.3400,117.1900,117.2000,11050.35,1790156939999,1295809.447800,1749,3771.24,442295.201800,0
1790156940000,117.1900,117.3800,117.1900,117.3800,17386.67,1790156999999,2039414.274100,1916,11000.31,1290161.711600,0
1790157000000,117.3900,117.4000,117.2000,117.2000,15844.50,1790157059999,1858792.511100,1942,3358.75,394207.615400,0
1790157060000,117.2000,117.2700,117.1500,117.1500,8402.63,1790157119999,984900.719700,1564,3095.56,362858.045400,0
1790157120000,117.1500,117.1900,117.1200,117.1800,6644.86,1790157179999,778377.734300,1134,3627.72,424948.586600,0
1790157180000,117.1800,117.1900,117.0400,117.0400,33752.48,1790157239999,3952431.454100,3187,9282.76,1087236.116800,0
1790157240000,117.0400,117.2300,117.0100,117.1900,26821.53,1790157299999,3141651.953200,2347,18216.30,2133634.711500,0
1790157300000,117.1800,117.2600,117.1500,117.2400,8610.98,1790157359999,1009365.891500,1024,4863.07,570010.285200,0
1790157360000,117.2400,117.4300,117.2400,117.3600,13695.13,1790157419999,1607363.051200,1883,7992.52,937932.680200,0
1790157420000,117.3700,117.4700,117.2200,117.2700,26941.01,1790157479999,3161672.619100,2424,12842.58,1507117.351000,0
1790157480000,117.2600,117.3000,117.2300,117.2300,8519.78,1790157539999,999118.904800,1123,3850.38,451539.371200,0
1790157540000,117.2400,117.3300,117.2300,117.3200,12152.74,1790157599999,1425517.005700,1142,7815.91,916801.419800,0
1790157600000,117.3300,117.5400,117.2600,117.4700,41834.41,1790157659999,4912066.718200,3913,26247.68,3081867.600200,0
1790157660000,117.4700,117.4800,117.2600,117.3500,14333.25,1790157719999,1682359.296300,2568,5762.01,676302.333200,0
1790157720000,117.3500,117.4700,117.3000,117.4600,11394.01,1790157779999,1337535.168000,2017,6284.90,737788.608700,0
1790157780000,117.4600,117.4900,117.4100,117.4400,6560.98,1790157839999,770569.891200,1271,2650.20,311253.783800,0
1790157840000,117.4300,117.4900,117.4200,117.4300,5658.15,1790157899999,664562.430500,1186,2481.29,291426.797300,0
1790157900000,117.4300,117.4700,117.4100,117.4100,4009.95,1790157959999,470914.507500,936,1449.13,170186.546700,0
1790157960000,117.4100,117.4200,117.3400,117.4000,7021.61,1790158019999,824177.905900,1277,2694.72,316269.502500,0
1790158020000,117.3900,117.4100,117.3400,117.3600,6208.75,1790158079999,728847.252600,1212,2988.88,350863.143900,0
1790158080000,117.3600,117.3700,117.3200,117.3400,6001.49,1790158139999,704247.962400,958,2478.36,290813.374100,0
1790158140000,117.3400,117.3500,117.3000,117.3000,4355.64,1790158199999,511062.758400,1493,2381.68,279450.956900,0
1790158200000,117.3000,117.3300,117.2400,117.2500,8088.95,1790158259999,948714.169600,1203,4300.37,504394.810700,0
1790158260000,117.2400,117.3400,117.2400,117.3400,9198.85,1790158319999,1078930.913800,899,6804.09,798032.108300,0
1790158320000,117.3400,117.4300,117.3000,117.3000,4639.64,1790158379999,544590.487000,1462,1403.83,164760.763500,0
1790158380000,117.3100,117.3900,117.3000,117.3200,11087.83,1790158439999,1301231.535200,1552,6425.46,754070.115500,0
1790158440000,117.3300,117.4100,117.3100,117.3700,11688.54,1790158499999,1371921.150100,1347,8427.14,989103.447800,0
1790158500000,117.3700,117.3900,117.2900,117.3800,4890.73,1790158559999,573779.873900,1016,1810.76,212452.238600,0
1790158560000,117.3800,117.3800,117.2900,117.3300,7619.32,1790158619999,893925.481600,2101,3997.86,468993.915300,0
1790158620000,117.3400,117.3800,117.2800,117.2800,5195.26,1790158679999,609561.776100,1169,1644.63,192951.471100,0
1790158680000,117.2800,117.3900,117.2600,117.3400,4936.10,1790158739999,579033.989700,1513,2334.06,273793.962200,0
1790158740000,117.3300,117.4000,117.3000,117.4000,3744.17,1790158799999,439387.106700,1093,2034.83,238784.131600,0
1790158800000,117.3900,117.4000,117.2700,117.2800,6342.73,1790158859999,744229.433400,1073,1266.41,148602.708100,0
1790158860000,117.2800,117.2900,117.1600,117.2500,10276.65,1790158919999,1204517.277300,1749,4525.38,530436.600000,0
1790158920000,117.2400,117.3000,117.1900,117.2000,8893.17,1790158979999,1042611.409600,1652,3923.61,459981.656000,0
1790158980000,117.2000,117.2000,117.0500,117.1000,27347.13,1790159039999,3202374.949200,3046,12756.07,1493777.308700,0
1790159040000,117.0900,117.1100,116.9600,117.0100,31215.40,1790159099999,3652776.184600,2635,9186.36,1075041.992200,0
1790159100000,117.0200,117.0200,116.7800,116.8200,83049.41,1790159159999,9707625.284400,5872,19864.75,2321811.639500,0
1790159160000,116.8100,116.9400,116.8100,116.9200,28756.02,1790159219999,3361463.551300,2345,14230.88,1663357.213000,0
1790159220000,116.9300,117.1500,116.9200,117.0900,34037.15,1790159279999,3985737.381800,2341,16451.81,1926225.707900,0
1790159280000,117.0900,117.1600,117.0800,117.1400,12925.66,1790159339999,1513637.174200,1471,5276.30,617872.822600,0
1790159340000,117.1400,117.2000,117.1100,117.1900,11025.95,1790159399999,1291664.132100,1392,3951.24,462872.242100,0
1790159400000,117.1900,117.3500,117.1900,117.2300,21920.29,1790159459999,2570541.441900,2524,7544.06,884533.256300,0
1790159460000,117.2300,117.2400,117.1000,117.1000,10987.48,1790159519999,1287110.754700,1848,5666.46,663757.837800,0
1790159520000,117.1100,117.1600,117.0800,117.0900,9246.65,1790159579999,1082932.930300,1222,4359.33,510554.784200,0
1790159580000,117.0800,117.1300,116.9700,116.9700,7563.86,1790159639999,885284.492400,1589,2729.26,319460.616600,0
1790159640000,116.9700,117.1800,116.9500,117.1000,20903.69,1790159699999,2447451.404700,2490,14489.51,1696175.262000,0
1790159700000,117.1100,117.1600,117.0400,117.0800,14959.56,1790159759999,1751619.761400,1594,5679.35,665078.744700,0
1790159760000,117.0700,117.2300,117.0500,117.2300,10875.18,1790159819999,1274022.516100,1384,8378.17,981524.373100,0
1790159820000,117.2200,117.4500,117.2200,117.3900,35892.56,1790159879999,4212417.458300,2806,30207.94,3545314.602000,0
1790159880000,117.3900,117.3900,117.2600,117.2900,8167.16,1790159939999,958250.133400,1342,3146.98,369220.954700,0
1790159940000,117.2900,117.4300,117.2900,117.4200,9037.47,1790159999999,1060857.239800,1311,5887.36,691087.503300,0
1790160000000,117.4200,117.5300,117.4100,117.4600,22981.44,1790160059999,2699854.157400,2133,19245.23,2260973.692100,0
1790160060000,117.4600,117.4900,117.3500,117.3800,16228.80,1790160119999,1905296.713200,1544,5436.42,638251.186100,0
1790160120000,117.3800,117.5100,117.3700,117.4400,14078.39,1790160179999,1653532.000700,1606,10037.89,1179027.549900,0
1790160180000,117.4400,117.4500,117.3900,117.4100,3406.86,1790160239999,400052.948500,879,2102.68,246906.419700,0
1790160240000,117.4200,117.4600,117.3900,117.4500,4596.07,1790160299999,539784.388200,671,1482.86,174149.385600,0
1790160300000,117.4500,117.5000,117.4400,117.4600,9486.04,1790160359999,1114382.765000,1164,6641.23,780188.070100,0
1790160360000,117.4500,117.5700,117.4500,117.5200,11875.85,1790160419999,1395735.861300,1314,7679.91,902555.116900,0
1790160420000,117.5100,117.5200,117.4200,117.4200,4018.69,1790160479999,472113.579900,829,1447.04,170027.987300,0
1790160480000,117.4200,117.4700,117.4000,117.4500,3787.88,1790160539999,444850.302900,831,2452.14,287976.733200,0
1790160540000,117.4400,117.4400,117.4100,117.4100,3694.55,1790160599999,433845.827700,590,2838.20,333285.831200,0
1790160600000,117.4100,117.4800,117.3600,117.3600,8308.86,1790160659999,975467.566900,1273,2034.42,238889.848900,0
1790160660000,117.3500,117.3900,117.3100,117.3100,5039.07,1790160719999,591342.978600,1514,2701.55,317035.002500,0
1790160720000,117.3100,117.3600,117.2500,117.3200,9336.52,1790160779999,1095110.610100,1532,2202.68,258361.235100,0
1790160780000,117.3200,117.3300,117.2700,117.2700,2439.69,1790160839999,286188.509000,776,1324.11,155328.988400,0
1790160840000,117.2600,117.3100,117.2600,117.2900,5009.06,1790160899999,587506.378700,599,2825.80,331425.416100,0
1790160900000,117.2800,117.3700,117.2800,117.3700,6338.09,1790160959999,743624.040200,1022,3686.84,432554.030500,0
1790160960000,117.3700,117.5100,117.3700,117.3800,22308.73,1790161019999,2619962.910800,2348,8907.92,1046183.579200,0
1790161020000,117.3800,117.4700,117.3800,117.4300,9205.80,1790161079999,1081063.672600,1115,7195.86,845018.722200,0
1790161080000,117.4200,117.5700,117.4200,117.5500,14048.73,1790161139999,1650554.307400,1390,11512.23,1352510.550000,0
1790161140000,117.5400,117.5800,117.5200,117.5700,10039.40,1790161199999,1180133.483600,946,6351.22,746606.633700,0
1790161200000,117.5700,117.6200,117.5100,117.6000,13935.87,1790161259999,1638400.975800,1853,9000.14,1058099.220900,0
1790161260000,117.6000,117.6600,117.4400,117.4700,30117.24,1790161319999,3540948.803400,2740,15185.19,1785519.090200,0
1790161320000,117.4700,117.4700,117.3600,117.3600,11508.88,1790161379999,1351372.868900,1772,6788.90,797161.094300,0
1790161380000,117.3600,117.4000,117.3200,117.3300,5386.13,1790161439999,632040.101900,1366,3132.07,367525.419100,0
1790161440000,117.3200,117.5300,117.3200,117.4700,24222.04,1790161499999,2844725.117300,2320,17148.51,2013707.724600,0
1790161500000,117.4700,117.5200,117.3900,117.4000,7469.87,1790161559999,877536.002100,1353,3764.12,442194.153300,0
1790161560000,117.3900,117.4200,117.3600,117.3800,7417.32,1790161619999,870717.726800,1170,5076.16,595878.682000,0
1790161620000,117.3900,117.4300,117.3700,117.4100,4068.30,1790161679999,477589.087300,1084,2429.13,285156.053200,0
1790161680000,117.4200,117.5000,117.3700,117.3700,3900.84,1790161739999,458173.203700,1107,2139.13,251256.159100,0
1790161740000,117.3700,117.4700,117.3600,117.4500,7145.46,1790161799999,838822.936600,1030,3224.86,378567.498700,0
1790161800000,117.4500,117.4500,117.2300,117.2600,25859.90,1790161859999,3034109.834400,2633,8743.05,1025453.861000,0
1790161860000,117.2600,117.3000,117.2500,117.2800,4427.90,1790161919999,519291.757100,677,2155.58,252805.264800,0
1790161920000,117.2800,117.3100,117.1900,117.1900,13015.84,1790161979999,1525969.118900,2012,5168.64,605987.763600,0
1790161980000,117.1900,117.2000,117.1400,117.1800,5658.49,1790162039999,662996.629600,1375,2251.98,263865.529300,0
1790162040000,117.1800,117.2500,117.1700,117.1900,5335.91,1790162099999,625334.696500,1081,1738.47,203734.737300,0
1790162100000,117.1900,117.2600,117.1900,117.2000,8458.48,1790162159999,991564.033000,1042,2266.12,265650.238800,0
1790162160000,117.2100,117.2400,117.1700,117.2300,8502.76,1790162219999,996513.324700,923,4180.60,489986.651000,0
1790162220000,117.2400,117.2600,117.1600,117.1700,7097.07,1790162279999,831818.150600,1151,3458.99,405378.314800,0
1790162280000,117.1600,117.1600,117.0900,117.1300,13355.52,1790162339999,1564312.857400,1389,6730.91,788404.537900,0
1790162340000,117.1300,117.1300,117.0700,117.0800,6263.05,1790162399999,733374.125300,1154,2377.86,278443.636200,0
1790162400000,117.0700,117.0800,116.9100,116.9200,26713.55,1790162459999,3125249.980200,2611,4820.45,563936.888700,0
1790162460000,116.9200,116.9200,116.8000,116.8200,26538.36,1790162519999,3101884.572100,2544,11376.73,1329693.172500,0
1790162520000,116.8300,116.8300,116.6700,116.7200,51693.79,1790162579999,6034343.414200,3749,14828.40,1730946.242700,0
1790162580000,116.7300,116.8400,116.7100,116.8200,20794.19,1790162639999,2428081.774400,1848,11928.33,1392825.784900,0
1790162640000,116.8300,116.8300,116.6600,116.7700,55493.70,1790162699999,6477258.183500,3625,13911.54,1624046.161200,0
1790162700000,116.7700,116.9400,116.5700,116.6100,62664.09,1790162759999,7313513.252500,5013,27601.55,3222044.701100,0
1790162760000,116.6100,116.7300,116.5600,116.6600,30865.65,1790162819999,3600648.438800,2979,17678.46,2062272.670000,0
1790162820000,116.6600,116.7500,116.6000,116.6500,43412.66,1790162879999,5065319.735300,2438,14912.67,1740398.933700,0
1790162880000,116.6600,116.6900,116.4300,116.6700,61821.82,1790162939999,7204820.592000,4373,19853.89,2314539.454800,0
1790162940000,116.6600,116.6800,116.5300,116.6500,27476.57,1790162999999,3203916.630200,2443,12007.53,1400123.185300,0
1790163000000,116.6400,116.7100,116.6000,116.6900,15303.92,1790163059999,1785269.679300,1837,5459.53,636858.707100,0
1790163060000,116.7000,116.7600,116.6900,116.7400,19580.01,1790163119999,2285702.675700,1625,7708.56,899870.222500,0
1790163120000,116.7300,116.8000,116.5600,116.6200,16205.68,1790163179999,1890464.156800,2429,7602.61,886840.646500,0
1790163180000,116.6100,116.7200,116.5900,116.6100,9658.68,1790163239999,1126529.335500,1626,4180.79,487640.561100,0
1790163240000,116.6100,116.6500,116.5000,116.5900,14213.51,1790163299999,1656822.800600,2139,8793.77,1025043.207200,0
1790163300000,116.5900,116.7100,116.5400,116.5900,11200.53,1790163359999,1306261.482300,2043,5819.93,678717.583400,0
1790163360000,116.5900,116.6000,116.5100,116.5100,15423.67,1790163419999,1797620.203900,1620,5636.29,656902.791200,0
1790163420000,116.5100,116.5500,116.4200,116.4500,38190.64,1790163479999,4448157.639500,2834,11540.20,1344151.908400,0
1790163480000,116.4600,116.5100,116.4200,116.4600,23014.54,1790163539999,2680358.127100,2256,13368.89,1557021.983200,0
1790163540000,116.4500,116.5000,116.4400,116.4600,10957.71,1790163599999,1276165.584600,1510,5675.85,661033.287100,0
1790163600000,116.4600,116.5200,116.4400,116.4700,12468.20,1790163659999,1452306.270800,1781,5761.57,671138.350700,0
1790163660000,116.4800,116.6000,116.4600,116.5700,10945.80,1790163719999,1275582.819000,1409,6527.70,760773.058700,0
1790163720000,116.5600,116.5700,116.5000,116.5400,10963.31,1790163779999,1277551.558100,1237,5810.64,677101.715200,0
1790163780000,116.5500,116.5600,116.5200,116.5200,4630.19,1790163839999,539595.674800,631,2403.37,280091.939900,0
1790163840000,116.5200,116.6300,116.5000,116.6000,13758.70,1790163899999,1603697.008500,1599,6956.37,810846.919600,0
1790163900000,116.5900,116.6900,116.5800,116.6700,15079.97,1790163959999,1758865.395400,1671,7751.89,904203.014600,0
1790163960000,116.6600,116.8300,116.6600,116.8300,18242.66,1790164019999,2129646.438700,1666,14111.23,1647320.942900,0
1790164020000,116.8200,116.8700,116.8100,116.8100,9617.84,1790164079999,1123778.220500,1245,6483.40,757549.107400,0
1790164080000,116.8100,116.9400,116.7500,116.8600,14761.15,1790164139999,1724969.189300,2147,11331.21,1324168.305900,0
1790164140000,116.8700,116.9300,116.8600,116.8900,11371.55,1790164199999,1329191.288100,1044,8129.59,950225.417200,0
1790164200000,116.8900,116.9500,116.8700,116.9300,11389.00,1790164259999,1331373.505200,1290,7843.21,916849.416100,0
1790164260000,116.9200,117.0100,116.9100,117.0000,14621.53,1790164319999,1710297.733500,1791,9777.67,1143672.984300,0
1790164320000,117.0100,117.0500,116.9700,116.9900,17249.39,1790164379999,2018279.353500,1484,9898.14,1158125.125400,0
1790164380000,117.0000,117.0800,116.9900,116.9900,7713.72,1790164439999,902846.423600,1210,5616.15,657362.241200,0
1790164440000,117.0000,117.0300,117.0000,117.0300,3475.23,1790164499999,406652.669900,578,1951.02,228297.592400,0
1790164500000,117.0200,117.0800,117.0100,117.0800,4403.61,1790164559999,515418.712100,577,3231.65,378266.808900,0
1790164560000,117.0900,117.1900,117.0600,117.1400,21592.19,1790164619999,2529182.764800,1659,17549.25,2055693.356900,0
1790164620000,117.1400,117.1500,117.0900,117.0900,3555.49,1790164679999,416420.038900,682,911.18,106726.284100,0
1790164680000,117.0900,117.1000,117.0600,117.0700,5170.69,1790164739999,605350.113800,609,2571.97,301103.803300,0
1790164740000,117.0800,117.0800,117.0100,117.0200,7874.41,1790164799999,921662.731900,868,750.67,87865.653800,0
1790164800000,117.0200,117.1100,117.0100,117.0400,10027.29,1790164859999,1173783.564200,1567,7205.93,843495.891000,0
1790164860000,117.0400,117.0500,116.9400,116.9500,32503.44,1790164919999,3802657.315200,2405,18202.49,2129530.150800,0
1790164920000,116.9500,116.9600,116.7700,116.8200,15670.77,1790164979999,1831141.363800,2308,5226.34,610614.155600,0
1790164980000,116.8200,116.8300,116.5900,116.6600,38847.59,1790165039999,4533982.447500,4420,16993.53,1983347.339800,0
1790165040000,116.6700,116.7300,116.5000,116.5600,31447.79,1790165099999,3665803.232800,3168,8819.77,1028145.250700,0
1790165100000,116.5500,116.8700,116.5300,116.8400,28640.38,1790165159999,3343752.030000,3345,22543.07,2631931.977300,0
1790165160000,116.8400,116.9300,116.7500,116.7500,18829.28,1790165219999,2200169.791400,2705,8634.32,1008863.563900,0
1790165220000,116.7500,116.8900,116.7100,116.8900,13661.49,1790165279999,1595503.942600,1903,9094.13,1062037.518600,0
1790165280000,116.8800,116.9700,116.8800,116.9400,13323.26,1790165339999,1557795.754300,1735,9199.78,1075644.151600,0
1790165340000,116.9500,117.0400,116.9400,117.0200,10116.68,1790165399999,1183642.088800,1776,8034.31,940001.056800,0
1790165400000,117.0200,117.0800,116.9400,116.9700,11100.35,1790165459999,1298924.951400,1883,7479.34,875270.094400,0
1790165460000,116.9700,116.9700,116.8500,116.8800,10059.44,1790165519999,1175949.501000,1662,2640.89,308746.874500,0
1790165520000,116.8800,116.9600,116.8200,116.8200,6648.47,1790165579999,777231.149500,1517,3489.27,407926.169300,0
1790165580000,116.8200,116.8500,116.7900,116.8000,6649.45,1790165639999,776739.224000,1248,2077.66,242701.179500,0
1790165640000,116.7900,116.8300,116.7900,116.8200,2832.26,1790165699999,330810.673200,752,1104.15,128969.581300,0
1790165700000,116.8300,116.9200,116.8000,116.8400,8803.56,1790165759999,1028638.586700,1477,5227.78,610806.833600,0
1790165760000,116.8300,116.8800,116.8100,116.8100,6296.60,1790165819999,735706.017100,1126,3837.03,448334.097300,0
1790165820000,116.8100,116.8200,116.5600,116.6700,24692.36,1790165879999,2881196.646200,3701,7032.06,820551.289500,0
1790165880000,116.6700,116.7100,116.5400,116.5700,22906.01,1790165939999,2670975.332100,2996,8405.51,980147.431500,0
1790165940000,116.5700,116.7300,116.5100,116.6400,34352.01,1790165999999,4005679.765200,3529,16375.28,1909854.895500,0
1790166000000,116.6300,116.7300,116.6100,116.7000,14477.64,1790166059999,1689308.937800,2361,9628.52,1123491.773500,0
1790166060000,116.7000,116.7300,116.6600,116.7100,12648.95,1790166119999,1476092.840100,1676,4652.51,542931.703300,0
1790166120000,116.7100,116.8700,116.7000,116.8400,18927.28,1790166179999,2210293.303000,2488,8231.00,961227.119100,0
1790166180000,116.8500,116.9800,116.8400,116.9200,24758.52,1790166239999,2894842.401700,2462,15538.96,1816866.186600,0
1790166240000,116.9200,117.0600,116.9200,117.0600,11334.02,1790166299999,1326191.807900,1475,8603.68,1006673.741100,0
1790166300000,117.0500,117.1000,117.0000,117.0200,10945.54,1790166359999,1281202.001300,1471,5940.22,695270.332300,0
1790166360000,117.0200,117.0700,117.0000,117.0000,9017.83,1790166419999,1055366.793000,1420,5935.00,694582.642200,0
1790166420000,117.0000,117.0100,116.8900,116.8900,9125.74,1790166479999,1067101.848200,1552,4210.24,492327.960600,0
1790166480000,116.8900,116.9800,116.8800,116.9500,8981.67,1790166539999,1050295.898300,1138,4446.51,520025.831200,0
1790166540000,116.9500,116.9500,116.8700,116.8900,2806.45,1790166599999,328078.982400,822,1427.78,166902.814300,0
1790166600000,116.8800,117.0800,116.8800,117.0600,17955.90,1790166659999,2101472.292100,1862,9357.71,1095048.769400,0
1790166660000,117.0600,117.1500,117.0200,117.1400,19148.47,1790166719999,2242069.892400,1698,14583.33,1707635.627800,0
1790166720000,117.1400,117.1800,117.1100,117.1800,12927.66,1790166779999,1514356.374700,1524,7230.77,847012.090100,0
1790166780000,117.1700,117.2100,117.0000,117.0500,25913.71,1790166839999,3035057.280800,2729,11783.53,1380216.588900,0
1790166840000,117.0600,117.0600,116.9900,117.0300,7107.60,1790166899999,831797.747200,1110,2236.77,261768.022400,0
1790166900000,117.0400,117.0800,117.0200,117.0200,5996.25,1790166959999,701833.551100,985,3087.99,361444.986400,0
1790166960000,117.0200,117.1000,116.9100,116.9100,6160.45,1790167019999,720950.899300,1488,2383.01,278913.562100,0
1790167020000,116.9200,117.0500,116.8900,117.0100,26009.69,1790167079999,3042834.869500,2139,14142.58,1654447.166200,0
1790167080000,117.0200,117.0700,117.0100,117.0200,9099.57,1790167139999,1064983.315400,1181,6709.94,785295.464000,0
1790167140000,117.0300,117.0800,117.0000,117.0100,8289.81,1790167199999,970233.195900,1078,5101.57,597061.525300,0
1790167200000,117.0100,117.0400,116.9000,116.9500,24304.04,1790167259999,2842824.912400,1880,11644.36,1362042.915700,0
1790167260000,116.9500,116.9700,116.9200,116.9500,3228.29,1790167319999,377539.399200,601,1559.03,182327.200000,0
1790167320000,116.9500,116.9700,116.9200,116.9300,3947.60,1790167379999,461652.271800,556,883.88,103363.638000,0
1790167380000,116.9300,116.9300,116.8200,116.8700,16953.16,1790167439999,1981343.460600,1442,6115.44,714723.787900,0
1790167440000,116.8700,116.8700,116.8200,116.8400,6151.18,1790167499999,718671.920000,945,2229.63,260506.056300,0
1790167500000,116.8500,116.9100,116.8200,116.8800,7024.47,1790167559999,820862.500200,1094,3266.75,381747.261700,0
1790167560000,116.8800,116.9200,116.8800,116.8900,5111.76,1790167619999,597573.804400,595,2944.81,344248.508400,0
1790167620000,116.9000,116.9000,116.8600,116.9000,9287.96,1790167679999,1085553.482000,895,6203.07,724976.870300,0
1790167680000,116.9000,116.9700,116.8900,116.9500,10395.86,1790167739999,1215721.424600,1067,9365.73,1095262.118000,0
1790167740000,116.9500,116.9600,116.7800,116.7900,8807.27,1790167799999,1029399.798100,1374,3460.50,404491.675600,0
1790167800000,116.7800,116.8100,116.7600,116.7600,6245.11,1790167859999,729354.785800,723,3960.65,462558.211100,0
1790167860000,116.7700,116.7700,116.6500,116.7100,10946.66,1790167919999,1277510.381900,1763,5129.54,598568.606200,0
1790167920000,116.7000,116.7000,116.6200,116.6600,11147.13,1790167979999,1300397.786500,1511,5473.45,638515.905000,0
1790167980000,116.6500,116.7300,116.6300,116.7300,9044.60,1790168039999,1055365.533600,1241,6913.02,806612.229100,0
1790168040000,116.7300,116.8100,116.7100,116.7700,9532.28,1790168099999,1112865.160600,1825,3536.75,412924.814700,0
1790168100000,116.7700,116.7800,116.7000,116.7700,6330.51,1790168159999,739022.344100,1200,3427.90,400155.773200,0
1790168160000,116.7700,116.8400,116.7500,116.8400,5597.96,1790168219999,653732.544600,996,3896.86,455099.166000,0
1790168220000,116.8400,116.8500,116.7500,116.7700,7289.72,1790168279999,851365.632500,1004,1781.84,208107.634900,0
1790168280000,116.7700,116.8200,116.7600,116.8200,2713.54,1790168339999,316899.697400,777,2042.46,238533.423200,0
1790168340000,116.8100,116.8600,116.8000,116.8400,9332.60,1790168399999,1090354.941000,849,5101.27,595999.746300,0
1790168400000,116.8400,116.8900,116.8000,116.8300,12293.63,1790168459999,1436583.308400,1274,7871.80,919838.081600,0
1790168460000,116.8300,116.8500,116.7600,116.7600,4208.95,1790168519999,491607.495500,1382,1635.65,191051.657700,0
1790168520000,116.7600,116.8000,116.6900,116.7700,18946.83,1790168579999,2211898.155000,2353,13617.20,1589733.853700,0
1790168580000,116.7800,116.7800,116.6300,116.6300,14532.03,1790168639999,1695913.426300,1756,2685.80,313382.383000,0
1790168640000,116.6300,116.6600,116.5900,116.6000,13460.88,1790168699999,1569947.250000,1996,5457.24,636483.826900,0
1790168700000,116.6100,116.6100,116.4600,116.5300,31888.75,1790168759999,3715586.721400,3717,10100.95,1176974.563000,0
1790168760000,116.5200,116.5200,116.4500,116.5100,24105.41,1790168819999,2807804.533700,2123,8587.06,1000306.906100,0
1790168820000,116.5000,116.5800,116.1200,116.2500,232147.07,1790168879999,27015261.786700,7842,44507.84,5179522.104600,0
1790168880000,116.2400,116.2500,115.8900,116.0600,163328.49,1790168939999,18953581.892600,9521,71024.05,8242821.806400,0
1790168940000,116.0600,116.1000,115.8700,116.0600,63616.31,1790168999999,7378755.181000,5430,28399.00,3294193.017800,0
1790169000000,116.0600,116.2100,116.0300,116.0600,44225.61,1790169059999,5136171.315600,4617,23675.49,2749431.039400,0
1790169060000,116.0500,116.1600,115.9300,116.1500,21355.66,1790169119999,2478205.802600,3261,10577.80,1227544.305800,0
1790169120000,116.1400,116.2200,116.1000,116.1100,18650.64,1790169179999,2166300.062700,2117,12546.85,1457363.511900,0
1790169180000,116.1100,116.1400,116.0100,116.0500,21432.49,1790169239999,2488071.796900,2296,8021.44,931211.123700,0
1790169240000,116.0500,116.1100,115.9300,116.1000,18857.30,1790169299999,2187560.387300,2661,8250.26,957072.805800,0
1790169300000,116.1000,116.2800,116.1000,116.2800,16867.66,1790169359999,1960169.293600,2356,9725.67,1130278.147000,0
1790169360000,116.2800,116.4600,116.2800,116.4500,22397.15,1790169419999,2606479.827600,3128,16959.69,1973709.858900,0
1790169420000,116.4500,116.5600,116.4500,116.5000,16622.86,1790169479999,1936631.463400,2454,7899.23,920306.912400,0
1790169480000,116.5000,116.5200,116.2900,116.3400,22046.96,1790169539999,2567064.311100,2425,11707.77,1363543.592500,0
1790169540000,116.3400,116.4300,116.3400,116.4200,9312.26,1790169599999,1083861.492400,1750,5644.99,656993.311600,0
1790169600000,116.4200,116.5700,116.4100,116.5300,6166.02,1790169659999,718433.202900,1480,3430.81,399714.556400,0
1790169660000,116.5400,116.5500,116.4100,116.4700,13410.56,1790169719999,1562093.533900,2154,5481.26,638400.559900,0
1790169720000,116.4700,116.5200,116.4300,116.5100,10435.69,1790169779999,1215499.323200,1599,5406.37,629660.727300,0
1790169780000,116.5000,116.5500,116.4400,116.5400,26247.61,1790169839999,3057357.760300,2029,9337.94,1087807.382900,0
1790169840000,116.5400,116.6200,116.5400,116.5600,18414.96,1790169899999,2146781.007300,1820,10964.53,1278182.516800,0
1790169900000,116.5600,116.7100,116.4700,116.6500,45987.51,1790169959999,5362013.618200,3743,28507.81,3324551.886000,0
1790169960000,116.6400,116.7900,116.6400,116.7300,14761.13,1790170019999,1723153.969500,2014,8624.06,1006705.114900,0
1790170020000,116.7200,116.7600,116.6100,116.6900,24255.77,1790170079999,2830312.460700,2075,12374.01,1443921.746400,0
1790170080000,116.7000,116.7100,116.6200,116.6600,9278.63,1790170139999,1082518.349400,1175,4330.32,505197.096300,0
1790170140000,116.6700,116.6700,116.5900,116.6300,8483.83,1790170199999,989479.016500,1103,3841.23,447997.912000,0
1790170200000,116.6400,116.8200,116.6100,116.7000,44666.96,1790170259999,5213856.090500,5090,26151.21,3052441.412000,0
1790170260000,116.6900,116.7800,116.6400,116.7700,17636.97,1790170319999,2058351.970500,2947,10514.56,1227155.032400,0
1790170320000,116.7700,116.9800,116.7100,116.9700,32199.73,1790170379999,3761868.522900,3734,21060.87,2460629.378000,0
1790170380000,116.9600,117.0200,116.6500,116.8300,58659.36,1790170439999,6853043.901100,4738,20621.61,2409291.543900,0
1790170440000,116.8300,116.8400,116.6000,116.6000,26126.00,1790170499999,3048497.181600,2634,10586.35,1235287.668900,0
1790170500000,116.6000,116.6500,116.4700,116.5300,27753.02,1790170559999,3234969.814600,3726,12387.07,1443930.087200,0
1790170560000,116.5200,116.7100,116.4700,116.5800,24273.25,1790170619999,2829817.049900,3015,13577.25,1582900.096800,0
1790170620000,116.5900,116.9000,116.5700,116.8800,37426.05,1790170679999,4369507.923500,3870,28296.89,3303638.698900,0
1790170680000,116.8800,117.0100,116.8500,116.8800,29109.96,1790170739999,3404131.897600,3167,16942.20,1981339.647400,0
1790170740000,116.8800,116.9500,116.8600,116.9100,15507.91,1790170799999,1812997.062300,1946,10419.00,1218063.141700,0
1790170800000,116.9100,117.0600,116.8600,117.0200,11792.90,1790170859999,1379440.025400,2228,7014.23,820477.388400,0
1790170860000,117.0300,117.1700,117.0200,117.0500,50161.09,1790170919999,5873423.612400,3724,38130.79,4464856.000300,0
1790170920000,117.0500,117.1100,116.9100,116.9100,25050.79,1790170979999,2931709.600700,2575,13483.22,1578061.956900,0
1790170980000,116.9200,117.0300,116.9000,116.9700,19275.79,1790171039999,2254909.898700,1756,13557.51,1585970.944900,0
1790171040000,116.9600,117.0500,116.9400,117.0000,16552.13,1790171099999,1936382.624600,1953,8872.61,1037970.984300,0
1790171100000,117.0000,117.0400,116.7100,116.7400,23518.82,1790171159999,2748890.586900,3171,9786.98,1144247.466000,0
1790171160000,116.7300,116.8400,116.5800,116.7200,20142.06,1790171219999,2350665.969300,3324,9646.45,1125854.743000,0
1790171220000,116.7200,116.8100,116.6100,116.6900,12801.84,1790171279999,1494040.705400,2554,7066.55,824640.654900,0
1790171280000,116.6900,116.7400,116.5400,116.6200,12894.43,1790171339999,1503926.992900,2520,7995.84,932510.788500,0
1790171340000,116.6200,116.6700,116.5500,116.6500,9487.43,1790171399999,1106181.220700,2112,3578.38,417231.179300,0
1790171400000,116.6500,116.7500,116.4800,116.4800,13966.08,1790171459999,1628557.763200,2813,5507.42,642224.413000,0
1790171460000,116.4900,116.5000,116.3400,116.4900,27826.64,1790171519999,3239647.442700,3513,11732.89,1366014.771600,0
1790171520000,116.4900,116.7200,116.4600,116.6600,20816.61,1790171579999,2426767.659700,2541,12868.71,1500225.053900,0
1790171580000,116.6700,116.7500,116.6100,116.6200,10902.04,1790171639999,1272004.982300,1823,6082.62,709659.234700,0
1790171640000,116.6200,116.6500,116.5000,116.6500,9942.22,1790171699999,1158794.945800,1844,6208.41,723609.839700,0
1790171700000,116.6500,116.6900,116.5800,116.6200,5769.73,1790171759999,672928.980500,1662,3471.84,404913.952800,0
1790171760000,116.6200,116.6400,116.5300,116.6300,4377.90,1790171819999,510312.467300,1328,2945.29,343322.060700,0
1790171820000,116.6300,116.7400,116.6300,116.7300,8520.39,1790171879999,994229.439900,1527,5429.96,633602.645500,0
1790171880000,116.7400,116.7400,116.6300,116.6500,12049.91,1790171939999,1405734.548300,1615,8668.39,1011221.625700,0
1790171940000,116.6600,116.7500,116.6500,116.7300,10575.95,1790171999999,1234205.998200,990,5826.33,679938.453500,0
1790172000000,116.7400,116.8800,116.7000,116.8800,20426.89,1790172059999,2386086.174300,2428,12160.26,1420503.731500,0
1790172060000,116.8800,116.9800,116.8800,116.9400,24638.95,1790172119999,2881335.856900,3009,10374.16,1213248.220300,0
1790172120000,116.9400,116.9400,116.7400,116.7600,16403.63,1790172179999,1916979.451300,3656,5980.92,698905.568800,0
1790172180000,116.7600,116.7600,116.5600,116.5700,23819.57,1790172239999,2779029.148200,2793,9981.02,1164411.387700,0
1790172240000,116.5700,116.5800,116.4100,116.5400,18903.64,1790172299999,2202442.786400,2560,8295.51,966403.491600,0
1790172300000,116.5500,116.6600,116.4600,116.4600,10078.24,1790172359999,1174631.818700,2563,5396.75,628994.903600,0
1790172360000,116.4600,116.4600,116.3200,116.3300,16288.14,1790172419999,1895777.654600,2787,7541.76,877823.130200,0
1790172420000,116.3400,116.3400,116.0400,116.0700,60709.79,1790172479999,7054116.678200,4788,20172.86,2343822.394400,0
1790172480000,116.0600,116.0900,115.7700,115.8100,113389.02,1790172539999,13143057.594500,8826,38038.65,4410306.002800,0
1790172540000,115.8100,115.8200,115.2200,115.6800,210876.01,1790172599999,24374249.025000,16535,75159.54,8691605.688200,0
1790172600000,115.6800,115.7200,114.5100,115.1200,346504.11,1790172659999,39853403.539700,22324,112429.77,12942235.861800,0
1790172660000,115.1100,115.1100,114.3800,114.5500,279243.37,1790172719999,32010825.788600,19900,128538.63,14734854.894400,0
1790172720000,114.5400,114.7700,113.8100,113.8600,295622.03,1790172779999,33777267.687700,23794,115150.48,13161985.019500,0
1790172780000,113.8600,114.0800,112.8000,114.0700,557410.41,1790172839999,63232129.292300,32461,240012.29,27247030.340400,0
1790172840000,114.0600,114.6800,114.0600,114.6100,138628.68,1790172899999,15871061.476600,12220,78859.18,9027844.110800,0
1790172900000,114.6000,114.6700,114.2400,114.4100,116473.35,1790172959999,13325634.055700,10941,58608.60,6705623.069700,0
1790172960000,114.4100,114.4100,114.0000,114.1900,90276.09,1790173019999,10303802.716000,9511,47862.65,5462671.413200,0
1790173020000,114.1800,114.1800,113.7200,113.9000,73753.11,1790173079999,8404068.612800,9779,31525.37,3592221.906900,0
1790173080000,113.9000,114.1200,113.7400,113.8200,73287.45,1790173139999,8348296.685300,9863,38399.60,4374915.626000,0
1790173140000,113.8100,113.8600,113.2900,113.3300,109359.45,1790173199999,12423010.495300,13298,34747.79,3947385.880100,0
1790173200000,113.3200,113.8600,113.1300,113.8500,118033.04,1790173259999,13391058.950600,12928,60384.32,6852328.396500,0
1790173260000,113.8500,114.0500,113.6700,113.7200,80141.43,1790173319999,9125692.336900,9038,50177.45,5714081.914300,0
1790173320000,113.7200,113.7300,113.2600,113.4900,68896.96,1790173379999,7815565.709400,7366,25691.08,2914579.664400,0
1790173380000,113.4800,113.5400,113.1300,113.4900,108894.94,1790173439999,12345533.046100,11090,52082.28,5905500.697600,0
1790173440000,113.4800,113.8200,113.3700,113.7600,77250.78,1790173499999,8776295.629500,7921,44301.06,5033742.674500,0
1790173500000,113.7500,114.0500,113.7000,113.9300,103382.60,1790173559999,11776471.906200,9505,51543.09,5871493.054000,0
1790173560000,113.9300,113.9300,113.4800,113.4900,51191.62,1790173619999,5819643.076200,6411,22914.33,2604955.014200,0
1790173620000,113.4900,113.6100,113.2900,113.3600,41059.29,1790173679999,4657122.898700,6152,14060.18,1594819.791100,0
1790173680000,113.3700,113.5000,113.3100,113.4400,33524.64,1790173739999,3801708.835900,5033,19824.53,2248067.636600,0
1790173740000,113.4500,113.5700,113.1700,113.3600,41179.03,1790173799999,4666300.117300,5994,18166.01,2058544.414600,0
1790173800000,113.3500,113.5400,113.2300,113.2400,61294.76,1790173859999,6949540.438300,7248,29841.29,3383698.763500,0
1790173860000,113.2400,113.3300,112.8600,113.3200,99454.10,1790173919999,11248063.050500,9588,36465.21,4125481.855900,0
1790173920000,113.3200,113.7700,113.3100,113.7700,52832.33,1790173979999,5999208.507700,6196,37436.70,4251124.018200,0
1790173980000,113.7600,114.0700,113.7400,113.7900,93356.73,1790174039999,10637844.239800,8538,59341.85,6761560.153400,0
1790174040000,113.7800,114.2200,113.7700,114.1700,70539.95,1790174099999,8047270.094800,8566,37186.00,4241811.160900,0
1790174100000,114.1600,114.4700,114.1600,114.3900,78781.81,1790174159999,9009490.823800,7440,48239.01,5516462.549000,0
1790174160000,114.3900,114.5700,114.2500,114.4900,71250.08,1790174219999,8150656.386800,7408,45895.49,5250467.574900,0
1790174220000,114.5000,114.6200,114.3400,114.4400,46103.48,1790174279999,5276947.101000,8066,22292.66,2551607.732300,0
1790174280000,114.4300,114.5500,114.3100,114.4900,60149.38,1790174339999,6883898.407800,7517,38387.81,4393829.658500,0
1790174340000,114.4900,114.5600,114.3600,114.4600,26222.73,1790174399999,3001169.363700,4715,11283.78,1291588.928300,0
1790174400000,114.4500,114.6800,114.4500,114.6100,49897.86,1790174459999,5717610.241000,6393,30840.37,3533779.900800,0
1790174460000,114.6100,114.7300,114.5800,114.6500,43922.71,1790174519999,5036138.304300,5459,26751.51,3067280.639200,0
1790174520000,114.6600,114.6800,114.4400,114.4500,29894.68,1790174579999,3424074.373800,4515,12284.67,1407106.082500,0
1790174580000,114.4500,114.5700,114.3500,114.5300,26090.07,1790174639999,2986037.536500,4132,13133.36,1503209.940400,0
1790174640000,114.5200,114.6000,114.4600,114.4600,24610.50,1790174699999,2818312.345200,3637,12415.33,1421726.318300,0
1790174700000,114.4600,114.6500,114.4400,114.5900,23252.47,1790174759999,2663729.867900,4043,14896.15,1706263.243700,0
1790174760000,114.5900,114.5900,114.2400,114.2500,27602.45,1790174819999,3156792.543400,4109,6027.35,689275.608900,0
1790174820000,114.2500,114.3300,114.1100,114.2100,24218.03,1790174879999,2765855.754200,4222,7644.12,873077.771200,0
1790174880000,114.2200,114.3400,114.1900,114.2800,15690.22,1790174939999,1793251.809600,3167,9590.37,1096094.752700,0
1790174940000,114.2900,114.3800,114.2200,114.3700,15730.22,1790174999999,1798193.918400,2546,9452.96,1080622.613700,0
1790175000000,114.3600,114.5000,114.2000,114.2300,18393.48,1790175059999,2103304.023900,3188,11123.84,1272125.939500,0
1790175060000,114.2300,114.7800,114.2200,114.5500,40772.35,1790175119999,4671092.459100,6486,24970.60,2860484.737200,0
1790175120000,114.5500,114.5800,114.3300,114.5300,27575.57,1790175179999,3156800.466500,4585,11995.92,1373073.499600,0
1790175180000,114.5300,114.7800,114.4900,114.7800,31350.44,1790175239999,3593902.882300,4498,20717.93,2374875.901600,0
1790175240000,114.7800,115.1600,114.7000,115.0300,71814.70,1790175299999,8256727.230100,7231,50269.41,5780304.542300,0
1790175300000,115.0200,115.1800,114.9200,115.1200,59752.74,1790175359999,6875080.126800,7182,27523.53,3167163.800200,0
1790175360000,115.1300,115.1600,114.8600,114.8900,25735.81,1790175419999,2958966.973900,4012,9487.60,1090779.877300,0
1790175420000,114.8800,115.2000,114.8400,115.0900,22903.95,1790175479999,2635581.384300,3767,13466.96,1549460.042400,0
1790175480000,115.0900,115.1800,115.0200,115.1100,20660.72,1790175539999,2378099.816300,3290,10837.35,1247378.096700,0
1790175540000,115.1100,115.1100,115.0000,115.0800,16899.96,1790175599999,1944519.358000,2776,6184.77,711672.397400,0
1790175600000,115.0900,115.1100,114.9400,115.1100,29296.77,1790175659999,3369882.475100,4279,8788.99,1010981.881800,0
1790175660000,115.1200,115.4300,115.1200,115.4200,40975.13,1790175719999,4724025.809800,5481,27090.65,3123358.293900,0
1790175720000,115.4100,115.4600,115.2800,115.2900,36103.85,1790175779999,4166218.554800,4346,14624.95,1687788.723200,0
1790175780000,115.2800,115.3900,115.2000,115.2100,17371.23,1790175839999,2002465.633900,4115,9004.06,1038010.446700,0
1790175840000,115.2000,115.2200,115.0700,115.1200,28314.81,1790175899999,3260186.898700,4182,12358.49,1422926.790000,0
1790175900000,115.1300,115.1900,115.0300,115.0700,20470.58,1790175959999,2356544.589600,3771,8621.77,992518.236900,0
1790175960000,115.0700,115.0800,114.9200,114.9800,32273.14,1790176019999,3711143.763700,3602,10271.50,1181400.656400,0
1790176020000,114.9700,115.1600,114.9700,115.0600,20385.49,1790176079999,2345426.579300,3227,9539.43,1097621.533700,0
1790176080000,115.0700,115.3900,115.0600,115.3200,25236.33,1790176139999,2909434.648900,4666,12989.25,1497329.724200,0
1790176140000,115.3100,115.4400,115.1900,115.1900,25703.80,1790176199999,2964756.675000,3297,13006.48,1500280.637200,0
1790176200000,115.1900,115.5000,115.1100,115.3600,40878.98,1790176259999,4716547.596000,4225,25339.65,2923846.272600,0
1790176260000,115.3500,115.5500,115.3500,115.5500,33327.88,1790176319999,3848873.744600,3077,19369.96,2236841.541100,0
1790176320000,115.5500,115.6600,115.5200,115.6300,56248.03,1790176379999,6501451.741400,4179,30251.07,3496699.590800,0
1790176380000,115.6200,115.7900,115.5500,115.6400,53148.24,1790176439999,6148543.123400,5302,29158.29,3373237.545700,0
1790176440000,115.6400,115.6600,115.5800,115.5900,17211.41,1790176499999,1989921.158100,2179,8497.28,982473.771500,0
1790176500000,115.5800,115.7900,115.5800,115.7200,34145.55,1790176559999,3950273.366500,3675,14503.65,1678034.412400,0
1790176560000,115.7200,115.8600,115.6700,115.7200,30081.05,1790176619999,3482227.367600,3843,12731.87,1473918.030100,0
1790176620000,115.7200,115.7300,115.4600,115.5900,35543.94,1790176679999,4107462.363500,3691,11059.96,1278251.955200,0
1790176680000,115.6000,115.8600,115.5400,115.5900,48050.21,1790176739999,5560649.485100,5143,26011.00,3010297.962400,0
1790176740000,115.5800,115.6000,115.4300,115.4400,52278.88,1790176799999,6039010.647000,4513,16794.40,1940125.711400,0
1790176800000,115.4300,115.4900,115.3400,115.3800,36072.32,1790176859999,4162780.639200,4516,10156.18,1171986.930300,0
1790176860000,115.3800,115.4100,115.2600,115.3700,26571.18,1790176919999,3064137.391500,3924,14275.29,1646153.379600,0
1790176920000,115.3700,115.5600,115.3700,115.5600,30639.02,1790176979999,3538211.839700,3723,17618.77,2034626.607700,0
1790176980000,115.5500,115.6100,115.4000,115.4300,18421.63,1790177039999,2127984.774000,3328,8057.44,930824.702200,0
1790177040000,115.4300,115.4600,115.2000,115.2100,18566.34,1790177099999,2141195.321800,2955,5329.40,614618.931500,0
1790177100000,115.2000,115.2100,115.1200,115.1600,16886.75,1790177159999,1944754.654400,2575,4440.53,511375.495500,0
1790177160000,115.1600,115.3300,115.1500,115.3300,15845.62,1790177219999,1826451.539200,2459,6802.90,784178.735100,0
1790177220000,115.3200,115.3800,115.1800,115.2400,10651.34,1790177279999,1227731.071100,2796,4484.70,516911.424000,0
1790177280000,115.2300,115.2300,115.0300,115.1000,23316.12,1790177339999,2683319.003100,3241,5404.96,621968.927400,0
1790177340000,115.0900,115.1700,114.9900,115.0000,20173.54,1790177399999,2321396.111000,2819,6202.69,713796.687100,0
1790177400000,115.0000,115.0600,114.8500,114.9200,23932.16,1790177459999,2751118.482700,3444,7257.32,834403.040800,0
1790177460000,114.9100,114.9600,114.7700,114.7900,37259.06,1790177519999,4279482.943800,4795,11857.46,1362029.612700,0
1790177520000,114.7900,114.8100,114.5900,114.6400,57587.15,1790177579999,6606148.712900,5519,26059.04,2989514.343000,0
1790177580000,114.6400,114.7500,114.5100,114.7500,52906.46,1790177639999,6062736.075300,5110,23553.98,2699516.709100,0
1790177640000,114.7500,114.8800,114.6500,114.7800,58101.92,1790177699999,6667583.296200,4466,15832.39,1816838.221500,0
1790177700000,114.7800,114.8700,114.6600,114.8300,24783.71,1790177759999,2844601.066900,3494,12228.15,1403657.850800,0
1790177760000,114.8300,114.8700,114.6800,114.7400,22980.88,1790177819999,2637681.183600,3250,8997.70,1032836.411200,0
1790177820000,114.7500,114.7500,114.4800,114.5600,23507.80,1790177879999,2693478.282400,3588,8372.04,959010.961800,0
1790177880000,114.5600,114.6200,114.4600,114.5400,24473.53,1790177939999,2803456.940900,3187,7555.65,865458.166600,0
1790177940000,114.5400,114.5900,114.3700,114.4100,36101.74,1790177999999,4131870.606800,3065,14818.82,1695704.721200,0
1790178000000,114.4100,114.4600,114.2500,114.4500,34892.90,1790178059999,3990188.802300,4007,14651.94,1675670.800800,0
1790178060000,114.4500,114.4700,114.3200,114.4400,16759.37,1790178119999,1917337.307100,2531,7142.58,817141.649500,0
1790178120000,114.4400,114.6000,114.4300,114.4600,21551.74,1790178179999,2468356.404200,2781,13769.92,1577068.343900,0
1790178180000,114.4500,114.5200,114.3900,114.5000,15765.28,1790178239999,1803982.617300,2039,9267.86,1060388.119600,0
1790178240000,114.5100,114.5200,114.3900,114.4200,13422.63,1790178299999,1535976.174600,1714,2506.62,286853.920500,0
1790178300000,114.4200,114.4700,114.3000,114.4600,19375.63,1790178359999,2216258.577800,2582,5758.94,658751.877200,0
1790178360000,114.4600,114.5200,114.2800,114.2800,15737.54,1790178419999,1800375.404800,2665,5604.67,641302.369400,0
1790178420000,114.2800,114.2900,113.8300,113.9800,76307.66,1790178479999,8700124.680100,7091,31715.46,3616087.780400,0
1790178480000,113.9800,114.0900,113.9400,113.9800,27645.56,1790178539999,3151659.875600,3404,12856.46,1465617.351900,0
1790178540000,113.9700,114.0500,113.9200,114.0200,25517.02,1790178599999,2908147.840700,2513,12196.71,1390129.532700,0
1790178600000,114.0200,114.1200,113.9300,113.9700,19483.09,1790178659999,2221250.820100,2953,11181.96,1274889.272900,0
1790178660000,113.9700,113.9700,113.8300,113.8800,28529.29,1790178719999,3249902.239500,3395,14554.51,1657973.044300,0
1790178720000,113.8700,114.0700,113.7500,113.8300,41151.21,1790178779999,4685964.375700,3942,11937.71,1360247.998500,0
1790178780000,113.8200,113.8700,113.7200,113.7800,31082.40,1790178839999,3536649.836600,3477,16660.41,1895662.970300,0
1790178840000,113.7700,113.8900,113.7200,113.7300,19987.24,1790178899999,2274619.288300,2937,7136.13,812205.869300,0
1790178900000,113.7300,113.9900,113.7200,113.8300,24975.17,1790178959999,2844052.947500,2999,12396.84,1411793.556100,0
1790178960000,113.8300,114.0400,113.8300,114.0200,23679.83,1790179019999,2698232.290000,3298,12159.96,1385574.466500,0
1790179020000,114.0100,114.2200,114.0100,114.0700,27446.81,1790179079999,3132130.082300,3026,16852.79,1923220.583400,0
1790179080000,114.0600,114.1000,113.9000,113.9400,17626.90,1790179139999,2009296.431500,2976,8178.85,932388.991800,0
1790179140000,113.9300,113.9800,113.7200,113.7900,43406.94,1790179199999,4940633.757400,4551,10064.76,1145704.974100,0
1790179200000,113.7900,113.9100,113.7500,113.8200,41716.58,1790179259999,4748663.373500,5630,17674.71,2011965.435500,0
1790179260000,113.8100,113.8100,113.1800,113.5300,168890.96,1790179319999,19159598.205200,14591,65735.50,7456346.513600,0
1790179320000,113.5400,113.5400,113.0800,113.2300,115442.58,1790179379999,13076303.833500,11369,47122.12,5337065.970700,0
1790179380000,113.2200,113.5400,113.1500,113.4500,71556.45,1790179439999,8109814.900900,8822,42231.32,4786478.500400,0
1790179440000,113.4400,114.1000,113.4400,114.1000,91468.73,1790179499999,10418928.670700,9006,61244.24,6975262.326400,0
1790179500000,114.1000,114.6200,114.0300,114.5100,87953.94,1790179559999,10056816.700400,9143,54383.26,6216864.462400,0
1790179560000,114.5200,114.9000,114.5000,114.8700,82286.44,1790179619999,9440077.480800,8413,48847.80,5603817.566000,0
1790179620000,114.8600,114.9100,114.7300,114.8200,50801.97,1790179679999,5833004.312600,5856,30809.22,3537260.966000,0
1790179680000,114.8100,114.8700,114.6700,114.7700,39098.28,1790179739999,4487623.996200,4276,24305.79,2789952.546500,0
1790179740000,114.7800,115.2000,114.7700,115.0200,160817.01,1790179799999,18490307.750200,8680,121726.75,13997793.062100,0
1790179800000,115.0200,115.2200,114.9400,115.1100,68443.96,1790179859999,7877165.494100,6659,35657.24,4103916.126600,0
1790179860000,115.1100,115.1300,114.8800,114.8800,37585.88,1790179919999,4322110.996300,3711,10261.92,1179926.918900,0
1790179920000,114.8900,115.0000,114.8500,114.8600,22904.11,1790179979999,2631966.851000,2837,9245.50,1062403.306300,0
1790179980000,114.8500,114.9700,114.7500,114.9600,25334.03,1790180039999,2909343.268300,3125,11289.78,1296934.201200,0
1790180040000,114.9600,115.0900,114.9600,115.0300,24083.10,1790180099999,2770024.854800,2798,12686.64,1459199.605800,0
1790180100000,115.0400,115.0400,114.8500,114.8500,13591.85,1790180159999,1562508.200500,3135,7742.30,890052.052500,0
1790180160000,114.8500,114.9400,114.7800,114.8400,12331.46,1790180219999,1416169.663100,2895,5099.97,585647.117200,0
1790180220000,114.8400,114.9900,114.8300,114.9400,12662.55,1790180279999,1455125.142200,2628,6368.59,731816.607700,0
1790180280000,114.9400,114.9400,114.7800,114.7800,10561.76,1790180339999,1213173.209000,2296,3077.20,353505.123500,0
1790180340000,114.7900,114.8300,114.7200,114.7500,13320.71,1790180399999,1528710.724900,2635,4893.78,561646.769000,0
1790180400000,114.7600,114.8600,114.6800,114.6900,13018.96,1790180459999,1494075.913100,2632,4128.94,473868.242300,0
1790180460000,114.6900,114.7600,114.6100,114.6300,18865.95,1790180519999,2163576.091000,3136,6568.51,753355.944800,0
1790180520000,114.6200,114.8200,114.5300,114.8100,21499.51,1790180579999,2464173.523900,3389,9179.59,1052317.395800,0
1790180580000,114.8200,114.9700,114.7200,114.7600,13665.12,1790180639999,1569668.543100,3232,6876.29,789753.921300,0
1790180640000,114.7500,114.7900,114.6800,114.7100,7728.72,1790180699999,886732.857300,2332,4232.12,485552.073400,0
1790180700000,114.7200,114.8200,114.6700,114.6900,13523.89,1790180759999,1551892.434000,2644,8846.88,1015277.226000,0
1790180760000,114.6900,114.7200,114.6000,114.7100,11088.93,1790180819999,1271246.720700,2663,7502.58,860100.044800,0
1790180820000,114.7100,114.7100,114.6100,114.6300,11605.88,1790180879999,1330721.745000,1791,5235.51,600284.107100,0
1790180880000,114.6300,114.6400,114.5800,114.5900,9207.48,1790180939999,1055252.130200,1452,3277.16,375592.482200,0
1790180940000,114.5800,114.6900,114.5400,114.6500,14804.76,1790180999999,1696652.556100,1833,9433.10,1081015.742600,0
1790181000000,114.6500,114.9500,114.6500,114.8900,24955.27,1790181059999,2865793.401000,3171,15808.32,1815564.377200,0
1790181060000,114.8900,114.8900,114.7000,114.7500,11690.59,1790181119999,1341921.910300,2185,3560.47,408659.867700,0
1790181120000,114.7400,114.7800,114.6400,114.7100,8076.77,1790181179999,926381.834300,2047,3432.51,393708.855200,0
1790181180000,114.7100,114.7500,114.6500,114.7100,5747.50,1790181239999,659196.276300,1735,2784.09,319307.117700,0
1790181240000,114.7000,114.7100,114.5700,114.5900,10213.74,1790181299999,1170986.489300,1903,3790.35,434567.641800,0
1790181300000,114.5800,114.6800,114.3600,114.4300,27296.66,1790181359999,3124562.422500,3278,9535.58,1091697.142300,0
1790181360000,114.4300,114.5400,114.3800,114.4700,11592.72,1790181419999,1326856.050400,2319,4837.18,553673.006500,0
1790181420000,114.4800,114.6100,114.4600,114.6000,13115.66,1790181479999,1502153.388700,1868,8128.42,931064.776100,0
1790181480000,114.6000,114.6300,114.4900,114.5300,17060.37,1790181539999,1954245.913700,2582,12675.12,1451835.635900,0
1790181540000,114.5400,114.5700,114.4000,114.4100,12801.78,1790181599999,1465841.528600,2228,4345.88,497642.784900,0
1790181600000,114.4100,114.4600,114.2700,114.2700,16014.04,1790181659999,1831021.923000,2258,5083.15,581201.491800,0
1790181660000,114.2700,114.3100,114.1400,114.2700,31603.28,1790181719999,3609080.798800,3252,17090.11,1951672.455000,0
1790181720000,114.2800,114.4300,114.2500,114.3800,10377.40,1790181779999,1186638.670200,1989,3660.60,418637.189000,0
1790181780000,114.3900,114.5600,114.3900,114.5400,9790.78,1790181839999,1121003.162900,1829,5975.94,684170.466900,0
1790181840000,114.5400,114.5500,114.4400,114.5000,8431.87,1790181899999,965314.874400,1433,5536.95,633910.264600,0
1790181900000,114.5000,114.7200,114.4500,114.5500,17525.94,1790181959999,2008555.862800,4067,11068.59,1268554.869500,0
1790181960000,114.5500,114.5700,114.3400,114.3400,10335.49,1790182019999,1182758.596400,2174,3272.37,374477.708800,0
1790182020000,114.3400,114.3700,114.2500,114.2500,16153.47,1790182079999,1846378.604100,2308,5709.83,652649.890400,0
1790182080000,114.2500,114.2600,114.1300,114.1800,15581.86,1790182139999,1779581.049000,1746,8846.79,1010433.038600,0
1790182140000,114.1900,114.2300,114.0700,114.1700,35479.34,1790182199999,4049889.218500,3381,15644.33,1785693.779300,0
1790182200000,114.1700,114.2100,114.0300,114.0500,16693.41,1790182259999,1904903.006500,2888,8073.63,921307.848200,0
1790182260000,114.0500,114.0500,113.9400,113.9400,38746.10,1790182319999,4417224.232600,3580,17505.57,1995791.558900,0
1790182320000,113.9400,114.0000,113.8700,113.9300,31965.07,1790182379999,3641972.797000,3051,13925.99,1586769.892700,0
1790182380000,113.9200,113.9900,113.7800,113.9700,43884.97,1790182439999,4996614.038300,4060,22789.94,2594754.007100,0
1790182440000,113.9700,114.0500,113.9600,114.0000,23509.20,1790182499999,2680026.567300,2109,12834.55,1463149.721400,0
1790182500000,114.0000,114.1900,113.9800,114.1900,22020.65,1790182559999,2512934.799500,2239,15619.26,1782462.882200,0
1790182560000,114.1800,114.3100,114.1800,114.3000,12488.55,1790182619999,1426543.368500,1997,8870.45,1013291.949300,0
1790182620000,114.3000,114.4200,114.2100,114.2100,15761.37,1790182679999,1801832.270200,2333,7293.62,833895.827100,0
1790182680000,114.2100,114.3300,114.1700,114.2900,11060.97,1790182739999,1263912.632100,1747,5394.75,616339.336900,0
1790182740000,114.3000,114.3800,114.3000,114.3500,8727.22,1790182799999,997820.399600,1327,5494.03,628157.238500,0
1790182800000,114.3500,114.3900,114.2400,114.3900,24039.85,1790182859999,2747863.739000,2603,9790.68,1119138.223000,0
1790182860000,114.3900,114.6100,114.3600,114.4700,15843.12,1790182919999,1813741.109900,3093,8800.55,1007388.460200,0
1790182920000,114.4800,114.4800,113.9700,114.0200,26003.58,1790182979999,2967489.600900,5131,11099.58,1266353.791300,0
1790182980000,114.0200,114.1300,113.8700,113.8900,16409.53,1790183039999,1871129.498500,2955,7792.42,888633.715100,0
1790183040000,113.8900,114.0700,113.8300,113.9500,24387.26,1790183099999,2777787.310400,3248,10654.99,1213667.239300,0
1790183100000,113.9600,113.9600,113.8100,113.8800,8563.28,1790183159999,975087.151200,2686,4615.54,525558.687900,0
1790183160000,113.8800,113.9900,113.8400,113.8600,15147.37,1790183219999,1725527.839700,2873,8075.37,920084.425700,0
1790183220000,113.8600,113.9300,113.7800,113.8000,16228.46,1790183279999,1847472.482100,2926,6264.87,713276.907200,0
1790183280000,113.7900,113.8400,113.6200,113.6900,37155.18,1790183339999,4224651.467700,4365,9203.83,1046610.160100,0
1790183340000,113.6900,113.9600,113.5400,113.8000,43237.37,1790183399999,4916180.403500,5420,21399.76,2433486.458400,0
1790183400000,113.8000,113.8800,113.6900,113.8000,32815.34,1790183459999,3733317.966000,3564,9653.26,1098414.737300,0
1790183460000,113.8000,113.9300,113.7000,113.7500,11199.87,1790183519999,1274597.850700,2544,6918.55,787287.165500,0
1790183520000,113.7400,113.8300,113.7200,113.7700,10622.55,1790183579999,1208529.568500,2180,7075.33,804948.932800,0
1790183580000,113.7700,113.7900,113.4900,113.5700,40455.60,1790183639999,4596386.293800,4618,15912.16,1807842.099900,0
1790183640000,113.5600,113.7100,113.5600,113.7000,15391.24,1790183699999,1749176.366200,2119,8434.58,958562.062100,0
1790183700000,113.6900,113.9100,113.6600,113.9000,23342.08,1790183759999,2656743.028600,3313,19110.85,2175331.138600,0
1790183760000,113.9000,114.1100,113.8600,114.0900,19338.43,1790183819999,2204073.700300,2769,13440.28,1531920.496500,0
1790183820000,114.0900,114.2300,114.0700,114.2100,12770.87,1790183879999,1458116.456000,2289,9141.57,1043737.017400,0
1790183880000,114.2100,114.2400,114.1200,114.1600,13819.72,1790183939999,1577810.493900,2177,6368.67,727108.740600,0
1790183940000,114.1600,114.2200,114.1000,114.1200,8369.08,1790183999999,955413.837000,1861,3792.66,432959.099300,0
1790184000000,114.1300,114.2000,114.0800,114.1800,7858.55,1790184059999,896917.809500,1794,3560.37,406370.572700,0
1790184060000,114.1800,114.2000,114.1200,114.1300,7374.96,1790184119999,841948.481100,1898,3204.28,365817.393700,0
1790184120000,114.1300,114.3600,114.1300,114.3400,15314.94,1790184179999,1750054.628300,2974,10480.06,1197535.789500,0
1790184180000,114.3400,114.4900,114.3100,114.3100,26832.20,1790184239999,3069927.503300,3489,12337.19,1411653.280500,0
1790184240000,114.3100,114.3600,114.0900,114.0900,17064.71,1790184299999,1950095.045200,2959,9580.86,1094901.913600,0
1790184300000,114.1000,114.3200,114.0800,114.2900,10471.09,1790184359999,1195731.297200,2191,7637.93,872214.702800,0
1790184360000,114.2900,114.3300,114.2600,114.3100,11249.11,1790184419999,1285773.774500,2029,7174.96,820131.817900,0
1790184420000,114.3000,114.3400,114.1500,114.2300,6684.43,1790184479999,763532.752100,1527,2451.93,280036.460100,0
1790184480000,114.2300,114.2500,114.1700,114.2400,8014.83,1790184539999,915333.903300,1370,4338.72,495466.964100,0
1790184540000,114.2400,114.2400,114.1400,114.1400,7621.77,1790184599999,870198.431000,1240,2855.23,325967.517100,0
1790184600000,114.1400,114.2000,114.0400,114.1900,8875.48,1790184659999,1012881.064400,1987,3530.33,402879.663700,0
1790184660000,114.1800,114.1900,114.1400,114.1800,5161.04,1790184719999,589214.547400,1226,3139.60,358431.315600,0
1790184720000,114.1800,114.3200,114.0800,114.3200,9714.25,1790184779999,1109200.585600,2437,5884.07,671870.235700,0
1790184780000,114.3200,114.3200,114.2400,114.2600,6143.98,1790184839999,702022.643000,958,3687.74,421360.788200,0
1790184840000,114.2700,114.2700,114.0800,114.1000,10706.46,1790184899999,1222449.848400,1668,2783.26,317847.984700,0
1790184900000,114.1000,114.1700,114.1000,114.1300,5958.16,1790184959999,680045.011500,1178,3204.23,365682.833000,0
1790184960000,114.1300,114.2400,114.1000,114.2200,10427.90,1790185019999,1190688.895300,2009,6954.05,793991.344800,0
1790185020000,114.2200,114.2700,114.1700,114.2600,7796.17,1790185079999,890373.682200,1754,3795.78,433484.030200,0
1790185080000,114.2500,114.3300,114.1600,114.1900,12731.75,1790185139999,1454599.696100,1816,5469.86,624831.576800,0
1790185140000,114.1900,114.1900,114.0500,114.1100,5200.73,1790185199999,593440.047300,1315,2977.42,339731.118700,0
1790185200000,114.1000,114.3700,114.1000,114.2800,17123.17,1790185259999,1956354.488100,3352,10481.41,1197645.100300,0
1790185260000,114.2800,114.3300,114.1700,114.2900,15234.35,1790185319999,1740421.245900,2988,7899.98,902524.600300,0
1790185320000,114.2900,114.4200,114.2400,114.4100,9583.92,1790185379999,1095857.583700,1822,5562.50,636094.836500,0
1790185380000,114.4200,114.6200,114.4200,114.5500,28389.64,1790185439999,3251780.373300,3462,19294.16,2209892.712900,0
1790185440000,114.5400,114.5700,114.4400,114.4800,18811.78,1790185499999,2154157.283800,2316,9284.99,1063251.792300,0
1790185500000,114.4700,114.6200,114.4700,114.6000,19622.32,1790185559999,2247931.022500,2628,15164.84,1737289.472700,0
1790185560000,114.6000,114.7200,114.6000,114.6400,18159.93,1790185619999,2082410.637900,2319,12397.13,1421605.501600,0
1790185620000,114.6400,114.7000,114.5600,114.6400,21575.87,1790185679999,2473448.259700,2331,12729.90,1459321.913500,0
1790185680000,114.6300,114.6400,114.5200,114.5900,16876.57,1790185739999,1933744.822800,1842,8509.28,975081.621000,0
1790185740000,114.5800,114.6900,114.5600,114.6500,16203.44,1790185799999,1857451.768700,1775,9074.28,1040142.133300,0
1790185800000,114.6400,114.6900,114.6400,114.6500,7351.47,1790185859999,842898.970100,1200,3582.25,410724.494800,0
1790185860000,114.6600,114.7000,114.6200,114.6200,6570.00,1790185919999,753335.901100,1375,3023.72,346688.266500,0
1790185920000,114.6300,114.6800,114.5700,114.6400,10016.52,1790185979999,1148186.357400,1807,5703.54,653797.876400,0
1790185980000,114.6500,114.7700,114.5500,114.5700,15024.55,1790186039999,1723159.134900,2643,8802.09,1009603.920300,0
1790186040000,114.5700,114.5800,114.4800,114.5600,9023.75,1790186099999,1033422.253700,1604,3704.36,424207.951000,0
1790186100000,114.5700,114.5700,114.4000,114.4300,12528.78,1790186159999,1434526.073500,2089,2800.40,320539.433000,0
1790186160000,114.4300,114.5300,114.4200,114.4800,8043.83,1790186219999,920911.949100,1362,5799.14,663908.967200,0
1790186220000,114.4800,114.4900,114.3900,114.4000,5735.52,1790186279999,656303.629300,1200,1948.12,222883.250000,0
1790186280000,114.4000,114.4600,114.3900,114.4400,5476.78,1790186339999,626677.851600,984,3281.55,375483.907000,0
1790186340000,114.4400,114.5200,114.4400,114.4800,8645.29,1790186399999,989870.455300,1182,6615.48,757459.042500,0
1790186400000,114.4800,114.5200,114.3400,114.3500,12203.05,1790186459999,1395940.809000,1619,5898.28,674671.137700,0
1790186460000,114.3500,114.3800,114.3200,114.3500,12799.35,1790186519999,1463604.191500,1666,7062.32,807578.006500,0
1790186520000,114.3500,114.3500,114.1000,114.1200,15901.81,1790186579999,1816200.979700,2192,4127.87,471285.925700,0
1790186580000,114.1200,114.1300,113.9100,114.0800,37333.02,1790186639999,4255329.173500,3442,14572.44,1660971.980600,0
1790186640000,114.0800,114.1700,114.0700,114.1000,11954.62,1790186699999,1364201.407300,1851,7685.85,877074.813700,0
1790186700000,114.1000,114.2000,114.0500,114.1700,16150.82,1790186759999,1843223.883500,2538,5616.91,641072.565200,0
1790186760000,114.1700,114.2300,114.1000,114.1300,15381.93,1790186819999,1755849.206400,2452,6328.91,722417.388700,0
1790186820000,114.1300,114.3200,114.1300,114.3200,18739.40,1790186879999,2140585.704200,2318,13994.66,1598598.427300,0
1790186880000,114.3100,114.3600,114.2100,114.3500,8860.44,1790186939999,1012594.588300,2120,6628.94,757574.364300,0
1790186940000,114.3500,114.3500,114.1900,114.2100,7778.44,1790186999999,888589.729100,1638,5116.44,584436.719100,0
1790187000000,114.2100,114.2600,114.1300,114.1400,13304.20,1790187059999,1519646.186200,1911,8201.98,936842.482800,0
1790187060000,114.1300,114.2600,114.1100,114.1300,11950.96,1790187119999,1364654.998000,2028,8083.06,923028.129500,0
1790187120000,114.1200,114.1200,113.9900,114.0000,11552.24,1790187179999,1317400.730400,1587,4099.24,467480.778400,0
1790187180000,114.0100,114.1600,114.0000,114.1100,15165.11,1790187239999,1729864.311200,1765,12625.34,1440102.652800,0
1790187240000,114.1000,114.1100,114.0100,114.0800,6414.50,1790187299999,731624.150700,1336,4286.56,488915.910000,0
1790187300000,114.0800,114.2100,114.0600,114.1000,10450.35,1790187359999,1192799.226300,1723,4778.67,545395.702100,0
1790187360000,114.1100,114.1500,114.0500,114.0600,9716.80,1790187419999,1108637.386300,1310,6520.22,743898.453500,0
1790187420000,114.0700,114.1200,114.0300,114.0500,5249.07,1790187479999,598778.908300,1140,3296.84,376088.415200,0
1790187480000,114.0600,114.1400,114.0100,114.0900,14012.64,1790187539999,1598503.452900,1998,8386.88,956688.291200,0
1790187540000,114.0900,114.2500,114.0900,114.1700,10515.69,1790187599999,1200764.676300,1692,8404.64,959707.167800,0
1790187600000,114.1700,114.1700,113.9700,113.9800,22857.10,1790187659999,2606177.090500,1770,7376.73,841142.354300,0
1790187660000,113.9700,114.0000,113.9100,113.9500,7165.36,1790187719999,816539.793500,1449,3683.92,419816.280400,0
1790187720000,113.9400,114.0200,113.9200,114.0000,4697.34,1790187779999,535332.670300,1235,2573.22,293256.722600,0
1790187780000,114.0000,114.2000,113.9600,114.2000,10397.54,1790187839999,1186080.050300,2047,6326.32,721609.508600,0
1790187840000,114.2000,114.2600,114.0900,114.1300,5585.01,1790187899999,637527.299400,1415,2458.37,280633.332200,0
1790187900000,114.1200,114.1500,114.0800,114.0800,6347.33,1790187959999,724358.863200,1422,2978.68,339916.563500,0
1790187960000,114.0800,114.2500,114.0800,114.1500,6650.34,1790188019999,759526.230800,1607,4987.82,569630.921800,0
1790188020000,114.1600,114.2100,114.1200,114.1900,4720.82,1790188079999,538986.107400,1356,2227.06,254268.765800,0
1790188080000,114.1900,114.2100,114.1300,114.1900,3056.68,1790188139999,348983.183300,1157,1129.74,128973.574700,0
1790188140000,114.2000,114.2000,114.0600,114.0700,5877.78,1790188199999,670732.060700,1310,3044.11,347367.213200,0
1790188200000,114.0600,114.1800,114.0400,114.1000,4474.43,1790188259999,510536.672300,1377,3023.01,344890.346500,0
1790188260000,114.1000,114.1200,114.0200,114.0700,8186.58,1790188319999,933843.088200,1509,5017.09,572273.990100,0
1790188320000,114.0700,114.0900,114.0100,114.0900,3955.04,1790188379999,451058.666600,1008,3123.58,356234.672100,0
1790188380000,114.0800,114.0900,113.9300,113.9900,8656.43,1790188439999,986685.133000,1338,3512.41,400273.808200,0
1790188440000,114.0000,114.0900,113.9500,114.0800,4525.11,1790188499999,515876.730400,1256,2615.18,298181.745900,0
1790188500000,114.0800,114.1500,114.0500,114.1100,11118.75,1790188559999,1268639.258600,1623,6332.61,722515.579300,0
1790188560000,114.1000,114.1200,114.0500,114.1200,3712.03,1790188619999,423474.782600,947,2200.95,251090.720000,0
1790188620000,114.1200,114.1200,114.0300,114.0500,4389.96,1790188679999,500713.390600,1030,2043.44,233061.518300,0
1790188680000,114.0500,114.1000,114.0000,114.0800,3554.26,1790188739999,405352.537000,1096,2232.06,254557.943000,0
1790188740000,114.0800,114.0800,113.9800,114.0400,3284.49,1790188799999,374447.270700,963,905.05,103181.502000,0
1790188800000,114.0400,114.1300,114.0300,114.0700,4474.03,1790188859999,510393.962500,1446,3197.20,364713.225700,0
1790188860000,114.0700,114.0700,113.9700,114.0100,4164.63,1790188919999,474763.951700,1121,2465.07,281004.713300,0
1790188920000,114.0100,114.0700,114.0000,114.0000,2216.94,1790188979999,252798.908100,850,1137.71,129731.797400,0
1790188980000,114.0000,114.1200,114.0000,114.1000,4675.96,1790189039999,533384.817700,1116,2400.17,273764.717300,0
1790189040000,114.1000,114.1900,114.0900,114.1500,3640.55,1790189099999,415531.083000,949,2848.14,325082.789200,0
1790189100000,114.1600,114.2700,114.1600,114.2200,8032.42,1790189159999,917405.351400,1564,5793.20,661634.619100,0
1790189160000,114.2200,114.2200,114.1100,114.1100,4656.31,1790189219999,531549.186300,1144,2059.09,235099.302900,0
1790189220000,114.1100,114.1800,114.0700,114.1400,4222.44,1790189279999,481917.896600,1409,2348.62,268043.139500,0
1790189280000,114.1400,114.2800,114.0900,114.2600,5119.99,1790189339999,584755.768800,1576,2624.38,299729.828700,0
1790189340000,114.2600,114.4300,114.2500,114.2900,21142.71,1790189399999,2417982.378000,2544,17397.29,1989716.571300,0
1790189400000,114.2800,114.4300,114.2800,114.4300,7751.70,1790189459999,886592.177300,1665,5468.31,625440.538600,0
1790189460000,114.4300,114.5000,114.4300,114.4900,7467.68,1790189519999,854762.504800,1246,4352.31,498191.750100,0
1790189520000,114.4800,114.4900,114.4100,114.4200,12091.71,1790189579999,1383889.319300,1390,5371.79,614781.834300,0
1790189580000,114.4200,114.4200,114.3400,114.4100,8349.93,1790189639999,955019.894800,1697,3233.45,369805.886400,0
1790189640000,114.4100,114.4900,114.3700,114.4700,7075.64,1790189699999,809737.765800,1370,4363.09,499312.599600,0
1790189700000,114.4800,114.5300,114.4600,114.5300,7034.22,1790189759999,805372.011500,1181,2906.27,332761.139400,0
1790189760000,114.5300,114.5700,114.3700,114.3700,10364.99,1790189819999,1186796.282300,1663,4343.72,497488.565300,0
1790189820000,114.3700,114.3800,114.2900,114.3500,5160.08,1790189879999,589897.587600,986,3378.12,386172.171100,0
1790189880000,114.3500,114.3500,114.3000,114.3100,2790.16,1790189939999,319003.729400,760,1645.51,188137.091700,0
1790189940000,114.3100,114.3600,114.2200,114.2300,7815.82,1790189999999,893172.824300,1246,2915.18,333092.676700,0
1790190000000,114.2200,114.3000,114.1700,114.3000,8240.33,1790190059999,941151.697300,1633,4369.75,499058.996500,0
1790190060000,114.3000,114.4200,114.1800,114.1900,28110.74,1790190119999,3212294.913000,2901,8363.00,956170.096600,0
1790190120000,114.1900,114.2700,114.1700,114.2000,9684.71,1790190179999,1106085.268100,1639,4689.12,535525.196800,0
1790190180000,114.1900,114.2600,114.0600,114.0700,10237.13,1790190239999,1168311.925700,1852,2943.48,335926.915700,0
1790190240000,114.0600,114.1100,114.0000,114.0000,8452.97,1790190299999,964035.523500,1756,3921.77,447270.451100,0
1790190300000,114.0100,114.0700,113.9300,113.9400,14509.82,1790190359999,1654421.144000,1980,3109.81,354624.596800,0
1790190360000,113.9400,114.1300,113.9200,114.1300,15990.54,1790190419999,1823181.175700,2427,10951.26,1248734.874700,0
1790190420000,114.1300,114.3200,114.1300,114.1800,10961.39,1790190479999,1252129.668200,2661,5488.34,626934.945800,0
1790190480000,114.1800,114.1900,114.0700,114.1100,8032.07,1790190539999,916642.013700,1669,3360.70,383544.153900,0
1790190540000,114.1200,114.1500,114.0200,114.0500,6142.59,1790190599999,700785.851300,1661,2548.70,290754.598500,0
1790190600000,114.0500,114.1400,114.0500,114.0900,4794.99,1790190659999,547083.125400,1259,2451.29,279674.757400,0
1790190660000,114.0900,114.2600,114.0900,114.2100,6485.10,1790190719999,740637.817200,1609,2979.24,340215.536400,0
1790190720000,114.2000,114.2100,114.0700,114.0700,7858.66,1790190779999,896912.399400,1504,1696.88,193697.485300,0
1790190780000,114.0700,114.2200,114.0500,114.1800,8788.09,1790190839999,1002930.203100,1984,5441.04,620948.614100,0
1790190840000,114.1800,114.2100,114.1000,114.2000,14654.15,1790190899999,1672840.573200,1576,10915.45,1246057.139900,0
1790190900000,114.2000,114.3600,114.1900,114.2300,50379.92,1790190959999,5758616.202300,3322,31944.08,3651160.576500,0
1790190960000,114.2300,114.2400,114.1300,114.1800,11850.46,1790191019999,1353086.449800,1567,2842.25,324518.797400,0
1790191020000,114.1800,114.3000,114.1600,114.2300,5875.94,1790191079999,671326.346900,1477,3766.86,430351.636100,0
1790191080000,114.2200,114.2800,114.1500,114.2700,4314.04,1790191139999,492677.019900,1368,2433.11,277886.726300,0
1790191140000,114.2800,114.3300,114.2100,114.2200,3684.31,1790191199999,421035.934300,1355,2288.73,261560.945200,0
1790191200000,114.2300,114.2400,114.1300,114.2400,3734.17,1790191259999,426334.011600,1602,2183.59,249307.642000,0
1790191260000,114.2300,114.2700,114.1700,114.2600,4586.70,1790191319999,523869.783200,1309,2619.12,299145.422000,0
1790191320000,114.2700,114.3800,114.2500,114.3300,5814.92,1790191379999,664745.617200,1536,2410.45,275556.373300,0
1790191380000,114.3300,114.4500,114.2900,114.4200,8840.55,1790191439999,1011251.355500,1826,3742.78,428061.002400,0
1790191440000,114.4300,114.5100,114.3900,114.5100,9380.29,1790191499999,1073449.579600,1499,4396.32,503095.330500,0
1790191500000,114.5000,114.5500,114.4400,114.4400,8457.98,1790191559999,968456.980400,1508,3234.62,370372.897500,0
1790191560000,114.4400,114.5500,114.4000,114.4600,6674.99,1790191619999,764178.694400,1559,3660.21,419060.810700,0
1790191620000,114.4600,114.5400,114.4600,114.5400,4112.04,1790191679999,470841.372300,948,2651.31,303578.313500,0
1790191680000,114.5300,114.5600,114.4300,114.4300,7142.90,1790191739999,817905.421300,1241,2831.14,324194.310600,0
1790191740000,114.4300,114.4600,114.4000,114.4600,5904.90,1790191799999,675650.649600,1042,2255.31,258064.838700,0
1790191800000,114.4600,114.5900,114.4200,114.5300,10576.34,1790191859999,1211072.760400,2091,5614.86,642880.299000,0
1790191860000,114.5300,114.5400,114.4200,114.4700,4288.07,1790191919999,490883.364700,1294,2558.86,292889.984700,0
1790191920000,114.4700,114.5100,114.4200,114.5100,4754.56,1790191979999,544273.936000,1246,2610.60,298863.064900,0
1790191980000,114.5000,114.5800,114.4800,114.5400,4399.31,1790192039999,503828.886900,1098,2951.37,338019.240700,0
1790192040000,114.5300,114.5400,114.4600,114.4900,9650.65,1790192099999,1104895.383800,1281,4369.36,500260.628300,0
1790192100000,114.4900,114.5100,114.4400,114.4900,5562.05,1790192159999,636765.232600,1219,3602.11,412377.712200,0
1790192160000,114.5000,114.5800,114.4500,114.4600,9188.21,1790192219999,1052224.308900,1658,5809.36,665249.919000,0
1790192220000,114.4700,114.5100,114.4100,114.4600,8291.29,1790192279999,949015.831800,1530,5455.66,624452.718600,0
1790192280000,114.4700,114.6300,114.4600,114.5400,13677.66,1790192339999,1566819.628800,1965,8005.18,916825.555200,0
1790192340000,114.5300,114.5300,114.4500,114.4900,5619.76,1790192399999,643330.814400,1111,3153.24,360986.261400,0
1790192400000,114.4800,114.5900,114.4800,114.5300,4588.50,1790192459999,525579.445400,1313,2299.74,263418.866700,0
1790192460000,114.5200,114.5800,114.5000,114.5700,4681.03,1790192519999,536191.855600,963,3217.09,368504.034200,0
1790192520000,114.5600,114.5600,114.4400,114.4400,3756.49,1790192579999,430154.468100,987,1594.76,182620.104100,0
1790192580000,114.4400,114.4500,114.3800,114.3900,6726.81,1790192639999,769505.047300,1142,4424.03,506081.157800,0
1790192640000,114.3800,114.3900,114.3100,114.3500,8650.30,1790192699999,989111.768400,1312,4268.34,488046.925300,0
1790192700000,114.3400,114.4100,114.3200,114.4100,3903.33,1790192759999,446338.363800,958,2607.80,298202.072100,0
1790192760000,114.4200,114.5900,114.4200,114.4600,16551.32,1790192819999,1895333.427300,2411,8359.40,957193.718400,0
1790192820000,114.4600,114.6300,114.4500,114.6200,9589.66,1790192879999,1098583.887600,1866,7791.05,892521.978700,0
1790192880000,114.6300,114.6800,114.5400,114.6600,5080.81,1790192939999,582184.568600,1544,3449.16,395222.286900,0
1790192940000,114.6700,114.8600,114.6500,114.7200,18059.07,1790192999999,2072611.386700,3040,9646.16,1107011.581900,0
1790193000000,114.7300,114.7300,114.5200,114.6300,8100.49,1790193059999,928473.727900,2137,3197.67,366435.685300,0
1790193060000,114.6300,114.6900,114.5400,114.5800,5056.53,1790193119999,579581.594700,1588,2583.38,296100.488300,0
1790193120000,114.5700,114.6100,114.5000,114.5200,6931.44,1790193179999,794085.687300,1426,3119.02,357315.867500,0
1790193180000,114.5200,114.6000,114.4800,114.5900,6151.12,1790193239999,704405.205700,1280,2901.30,332266.653200,0
1790193240000,114.5800,114.6200,114.5000,114.5600,6427.20,1790193299999,736305.900400,1536,3761.72,430939.148500,0
1790193300000,114.5700,114.7000,114.5700,114.6000,10759.02,1790193359999,1233426.307800,1931,5764.49,660849.619000,0
1790193360000,114.5900,114.6500,114.5500,114.6100,11104.76,1790193419999,1272561.252500,1481,8078.99,925834.084200,0
1790193420000,114.6100,114.6100,114.5400,114.5700,6431.27,1790193479999,736781.606500,970,2816.24,322624.293500,0
1790193480000,114.5600,114.5800,114.5400,114.5500,4979.01,1790193539999,570372.851100,969,1400.31,160414.449400,0
1790193540000,114.5500,114.5600,114.4000,114.4600,106964.44,1790193599999,12244039.803300,6383,48717.08,5576522.718400,0
1790193600000,114.4500,114.6000,114.4500,114.5700,14424.38,1790193659999,1652015.175200,2056,7887.32,903331.254400,0
1790193660000,114.5800,114.6400,114.3900,114.4000,9120.27,1790193719999,1044255.475400,2150,4343.73,497310.413000,0
1790193720000,114.3900,114.4800,114.2700,114.3000,12741.88,1790193779999,1457311.907600,2414,3728.41,426473.835300,0
1790193780000,114.3000,114.3300,114.2000,114.2000,10570.72,1790193839999,1207774.844700,2058,6016.53,687399.878600,0
1790193840000,114.2100,114.2200,114.1100,114.2000,12248.16,1790193899999,1398305.228400,2661,6526.01,745035.443100,0
1790193900000,114.1900,114.3100,114.1500,114.3000,7039.65,1790193959999,804210.939200,1797,5125.23,585518.915600,0
1790193960000,114.3100,114.3600,114.2600,114.2900,6555.42,1790194019999,749336.258000,1692,3856.77,440859.741500,0
1790194020000,114.2800,114.4000,114.2700,114.3800,6416.14,1790194079999,733654.834000,1593,3450.19,394471.975100,0
1790194080000,114.3700,114.4600,114.3700,114.4400,5785.28,1790194139999,661938.439000,1505,4542.74,519752.824500,0
1790194140000,114.4400,114.4500,114.3300,114.3700,3548.47,1790194199999,405895.019500,1151,1727.77,197634.034600,0
1790194200000,114.3700,114.4100,114.3500,114.3800,4751.05,1790194259999,543420.217800,1089,2345.46,268262.743200,0
1790194260000,114.3700,114.3800,114.3000,114.3300,4489.18,1790194319999,513234.191700,1063,2122.03,242591.672800,0
1790194320000,114.3300,114.3600,114.3000,114.3300,4021.75,1790194379999,459790.700300,897,1645.89,188169.302900,0
1790194380000,114.3300,114.4200,114.3300,114.3600,3628.41,1790194439999,415023.129300,1153,2155.93,246584.358500,0
1790194440000,114.3600,114.3700,114.1700,114.1700,3932.75,1790194499999,449407.407000,1512,1734.21,198195.121800,0
1790194500000,114.1700,114.2900,114.1500,114.2800,8316.61,1790194559999,949824.736700,1262,5537.11,632359.488100,0
1790194560000,114.2900,114.3500,114.2200,114.2300,3876.05,1790194619999,442973.914300,1289,1963.49,224378.246200,0
1790194620000,114.2300,114.4600,114.2300,114.3800,4410.03,1790194679999,504367.447100,1622,3726.64,426177.603000,0
1790194680000,114.3900,114.4200,114.3100,114.3800,6202.75,1790194739999,709306.885500,1221,4360.75,498665.691800,0
1790194740000,114.3700,114.3800,114.3000,114.3200,3004.52,1790194799999,343542.737700,873,880.58,100674.170900,0
1790194800000,114.3100,114.3600,114.2900,114.3400,2617.44,1790194859999,299266.039500,732,1194.30,136547.287400,0
1790194860000,114.3400,114.3500,114.2600,114.3300,5796.87,1790194919999,662603.176900,1257,2737.58,312886.728600,0
1790194920000,114.3200,114.3300,114.2600,114.2800,1715.69,1790194979999,196086.306700,628,991.25,113289.452900,0
1790194980000,114.2800,114.2900,114.0700,114.1200,15262.90,1790195039999,1741917.066300,1945,4863.58,555045.247800,0
1790195040000,114.1300,114.1400,114.0400,114.0900,8371.45,1790195099999,955055.832600,1262,4309.87,491697.926000,0
1790195100000,114.1000,114.1200,114.0400,114.1100,8562.66,1790195159999,976857.641100,1080,4458.02,508558.603000,0
1790195160000,114.1000,114.1200,114.0800,114.0900,3823.02,1790195219999,436202.194100,519,1266.24,144480.426200,0
1790195220000,114.1000,114.1000,114.0100,114.0600,4892.70,1790195279999,557975.294500,1049,2692.75,307082.974600,0
1790195280000,114.0700,114.0700,113.9800,113.9800,7127.27,1790195339999,812637.267600,1125,3128.84,356757.716100,0
1790195340000,113.9800,114.0700,113.9700,114.0600,3540.12,1790195399999,403656.760800,1021,2004.45,228556.405200,0
1790195400000,114.0700,114.2100,114.0700,114.2100,7698.52,1790195459999,878737.791800,1439,4396.64,501774.652100,0
1790195460000,114.2100,114.2300,114.1700,114.2200,3286.10,1790195519999,375264.214100,946,1574.10,179753.390200,0
1790195520000,114.2100,114.2300,114.1200,114.1700,3467.75,1790195579999,395943.298300,1011,1407.72,160722.740200,0
1790195580000,114.1700,114.1900,114.1400,114.1500,3930.35,1790195639999,448673.527700,763,2560.54,292295.838300,0
1790195640000,114.1600,114.1900,114.1300,114.1800,2625.87,1790195699999,299776.163200,812,1770.13,202081.086500,0
1790195700000,114.1800,114.2500,114.1500,114.1500,5910.26,1790195759999,674869.123500,1153,3140.05,358557.176900,0
1790195760000,114.1500,114.2100,114.1200,114.1300,3608.78,1790195819999,411955.181400,759,1657.82,189257.539300,0
1790195820000,114.1300,114.2100,114.0900,114.2000,4780.09,1790195879999,545529.044600,1112,3254.37,371410.267000,0
1790195880000,114.2000,114.3100,114.2000,114.3100,3184.84,1790195939999,363863.682300,932,2586.04,295473.658300,0
1790195940000,114.3100,114.3700,114.3100,114.3700,7372.07,1790195999999,842899.240200,824,4962.33,567384.440300,0
1790196000000,114.3800,114.4200,114.3200,114.3500,4524.22,1790196059999,517478.317800,999,1962.85,224512.700300,0
1790196060000,114.3600,114.3800,114.3500,114.3600,1025.43,1790196119999,117277.460800,435,557.33,63741.318700,0
1790196120000,114.3700,114.3900,114.3000,114.3200,1991.24,1790196179999,227672.895500,757,1436.95,164290.505700,0
1790196180000,114.3200,114.3300,114.2800,114.2800,1969.65,1790196239999,225146.031400,563,978.58,111858.511400,0
1790196240000,114.2900,114.2900,114.2000,114.2800,8648.83,1790196299999,988022.971300,1180,6745.80,770653.753600,0
1790196300000,114.2900,114.3200,114.2700,114.3000,4268.45,1790196359999,487893.203800,701,1740.81,198976.944900,0
1790196360000,114.3000,114.3500,114.2400,114.3100,5287.82,1790196419999,604378.586300,1237,3688.54,421565.048900,0
1790196420000,114.3100,114.3100,114.2300,114.2900,3887.75,1790196479999,444293.509500,1000,2835.11,324002.971200,0
1790196480000,114.2900,114.2900,114.1100,114.1400,3402.49,1790196539999,388432.087100,1070,1060.09,120997.475300,0
1790196540000,114.1300,114.2100,114.0600,114.1700,18016.48,1790196599999,2056572.303100,1702,13208.14,1507681.512200,0
1790196600000,114.1700,114.1700,114.0500,114.0700,7790.02,1790196659999,888797.360900,1072,1405.28,160316.517500,0
1790196660000,114.0700,114.1300,114.0400,114.0500,5685.97,1790196719999,648677.564400,934,3074.16,350700.438900,0
1790196720000,114.0500,114.1200,114.0200,114.0300,6527.66,1790196779999,744640.095900,1078,4240.03,483678.312000,0
1790196780000,114.0300,114.1300,113.9800,114.0500,16412.03,1790196839999,1871762.446800,1893,8776.03,1000825.005000,0
1790196840000,114.0500,114.0500,114.0000,114.0300,3448.00,1790196899999,393132.855000,507,2972.30,338891.740800,0
1790196900000,114.0300,114.0600,113.9900,114.0000,17531.77,1790196959999,1998923.408100,1428,5062.60,577240.324100,0
1790196960000,114.0000,114.0600,113.9800,114.0300,9160.93,1790197019999,1044638.613100,868,6684.51,762272.036000,0
1790197020000,114.0400,114.0500,113.9200,113.9800,12960.51,1790197079999,1477242.475000,1489,4145.11,472443.196800,0
1790197080000,113.9900,114.0000,113.9200,113.9500,8122.29,1790197139999,925625.236700,1064,2258.66,257397.264400,0
1790197140000,113.9600,113.9700,113.9300,113.9600,4357.12,1790197199999,496485.462700,563,2118.94,241455.558200,0
1790197200000,113.9700,113.9800,113.8400,113.9400,15464.44,1790197259999,1761491.956400,1838,6609.97,752982.433200,0
1790197260000,113.9500,113.9700,113.9200,113.9700,8504.95,1790197319999,969144.524900,914,5205.14,593114.405700,0
1790197320000,113.9700,114.2200,113.8900,113.8900,38503.69,1790197379999,4392379.434400,5367,22562.81,2573918.136900,0
1790197380000,113.8900,114.0200,113.8300,114.0100,9794.45,1790197439999,1116065.879200,1802,6115.18,696862.696300,0
1790197440000,114.0100,114.1000,113.9500,114.0600,8212.60,1790197499999,936560.847800,1617,4333.40,494153.101900,0
1790197500000,114.0700,114.1400,114.0300,114.0300,4056.47,1790197559999,462879.956300,1375,2586.71,295171.421000,0
1790197560000,114.0400,114.1500,113.9900,114.0900,3331.93,1790197619999,380096.193000,1567,1889.03,215478.031200,0
1790197620000,114.0900,114.1300,114.0800,114.0800,3587.69,1790197679999,409345.319400,939,2236.65,255189.208900,0
1790197680000,114.0900,114.0900,114.0100,114.0900,2676.50,1790197739999,305247.761500,1074,1718.83,196028.288600,0
1790197740000,114.0800,114.2100,114.0800,114.1900,4028.19,1790197799999,459792.114400,1254,2627.44,299894.460100,0
1790197800000,114.2000,114.2600,114.1900,114.2500,2819.02,1790197859999,322026.254700,647,2062.83,235632.919100,0
1790197860000,114.2500,114.2500,114.1500,114.2400,9019.10,1790197919999,1029912.583100,1471,3320.45,379177.453700,0
1790197920000,114.2400,114.2700,114.1900,114.2100,4061.67,1790197979999,463985.076100,1027,2182.75,249342.654500,0
1790197980000,114.2100,114.2700,114.1800,114.2600,4201.85,1790198039999,479879.960300,907,3329.74,380285.404600,0
1790198040000,114.2700,114.3400,114.2600,114.2800,4497.36,1790198099999,514101.728600,924,2956.27,337946.614200,0
1790198100000,114.2900,114.3500,114.2800,114.3500,1818.01,1790198159999,207818.592900,598,1536.21,175610.374700,0
1790198160000,114.3500,114.3700,114.3000,114.3600,4244.06,1790198219999,485265.230400,897,3061.24,350011.112300,0
1790198220000,114.3500,114.3600,114.1300,114.2100,21194.77,1790198279999,2420422.328900,1614,1357.45,155068.529500,0
1790198280000,114.2200,114.2400,114.1500,114.2400,3304.04,1790198339999,377291.429500,811,1588.50,181401.108700,0
1790198340000,114.2300,114.2400,114.1000,114.1000,11905.91,1790198399999,1359287.894100,1355,3655.90,417282.647200,0
1790198400000,114.1100,114.1500,114.0500,114.0600,6511.65,1790198459999,742965.373900,1470,4188.56,477905.008400,0
1790198460000,114.0700,114.1500,114.0500,114.1500,3856.52,1790198519999,439961.584200,1008,2959.91,337688.473200,0
1790198520000,114.1400,114.2100,114.0200,114.0200,13995.15,1790198579999,1597041.020300,2081,4273.47,487753.693400,0
1790198580000,114.0300,114.1400,114.0300,114.1400,6555.51,1790198639999,747892.024800,1171,2760.75,314917.083900,0
1790198640000,114.1400,114.2800,114.1400,114.2400,6533.58,1790198699999,746339.146100,1347,3462.62,395498.850200,0
1790198700000,114.2400,114.2600,114.2000,114.2400,8060.00,1790198759999,920687.077300,1053,3526.15,402792.630200,0
1790198760000,114.2500,114.3100,114.1300,114.1500,13579.91,1790198819999,1551104.085000,1867,3857.64,440540.090300,0
1790198820000,114.1500,114.1900,114.1400,114.1700,5941.48,1790198879999,678340.611600,850,2600.81,296938.841900,0
1790198880000,114.1800,114.2400,114.1700,114.2100,3702.80,1790198939999,422908.884900,701,1534.35,175229.158100,0
1790198940000,114.2100,114.3000,114.2000,114.2900,2827.37,1790198999999,323020.569300,714,2360.55,269691.044300,0
1790199000000,114.3000,114.3100,114.3000,114.3100,1297.78,1790199059999,148342.438300,324,691.56,79051.492300,0
1790199060000,114.3000,114.3600,114.3000,114.3000,7331.23,1790199119999,838055.551700,1066,2128.89,243386.766000,0
1790199120000,114.3000,114.3200,114.2600,114.2800,2913.93,1790199179999,333049.644100,651,1298.86,148443.881900,0
1790199180000,114.2900,114.3500,114.2800,114.3200,3986.47,1790199239999,455753.303900,714,2683.43,306769.674500,0
1790199240000,114.3100,114.3900,114.3100,114.3900,2127.74,1790199299999,243282.073800,507,2043.98,233705.911800,0
1790199300000,114.3900,114.4800,114.3800,114.4200,9471.44,1790199359999,1083979.505000,1217,5104.64,584215.190000,0
1790199360000,114.4200,114.4800,114.4200,114.4400,4262.04,1790199419999,487808.822300,809,1891.86,216518.352400,0
1790199420000,114.4400,114.5000,114.4400,114.4800,3580.96,1790199479999,409950.110900,687,2750.51,314874.372600,0
1790199480000,114.4800,114.5300,114.4800,114.5000,3073.18,1790199539999,351926.063700,722,1527.91,174963.857800,0
1790199540000,114.5000,114.5400,114.5000,114.5400,3332.22,1790199599999,381596.760600,521,2160.55,247426.685500,0
1790199600000,114.5400,114.6000,114.5100,114.5400,10754.68,1790199659999,1232126.625500,1562,6528.99,747970.874200,0
1790199660000,114.5300,114.5900,114.5300,114.5800,5198.38,1790199719999,595539.071700,821,2906.03,332909.266400,0
1790199720000,114.5800,114.5900,114.4800,114.5400,8213.85,1790199779999,940708.649200,997,3506.21,401480.840900,0
1790199780000,114.5300,114.6000,114.5200,114.5600,4134.33,1790199839999,473611.597500,1138,2284.48,261699.454700,0
1790199840000,114.5600,114.6100,114.5400,114.5500,4417.10,1790199899999,506095.920000,1082,2424.46,277776.207100,0
1790199900000,114.5500,114.6000,114.5500,114.6000,1468.08,1790199959999,168214.650200,543,961.91,110216.104500,0
1790199960000,114.5900,114.6000,114.5400,114.5400,3899.71,1790200019999,446800.498100,678,1243.85,142502.830800,0
1790200020000,114.5400,114.5800,114.5300,114.5400,4468.42,1790200079999,511884.393300,667,2436.56,279120.556000,0
1790200080000,114.5400,114.5500,114.4600,114.4600,5641.03,1790200139999,646029.178300,836,3241.68,371276.981500,0
1790200140000,114.4600,114.5000,114.4600,114.4600,4681.46,1790200199999,535943.296500,694,3389.35,388015.158600,0
1790200200000,114.4600,114.4900,114.4400,114.4800,6634.39,1790200259999,759344.579700,720,4244.72,485842.466900,0
1790200260000,114.4800,114.4900,114.4700,114.4700,1968.49,1790200319999,225353.363500,335,1339.73,153373.602500,0
1790200320000,114.4700,114.4800,114.4300,114.4800,5985.54,1790200379999,685067.308700,810,2284.27,261452.315100,0
1790200380000,114.4900,114.6300,114.4800,114.6300,2175.11,1790200439999,249172.362100,980,2110.03,241714.108400,0
1790200440000,114.6200,114.6400,114.6100,114.6400,3094.23,1790200499999,354679.300600,530,1335.26,153060.291100,0
1790200500000,114.6400,114.6800,114.6000,114.6000,7831.43,1790200559999,897896.894700,1298,3279.52,375982.345400,0
1790200560000,114.6100,114.6400,114.5700,114.6100,9010.78,1790200619999,1032676.455000,1044,6623.91,759125.251100,0
1790200620000,114.6200,114.6500,114.5500,114.6400,12914.28,1790200679999,1480152.111600,1094,10414.39,1193712.745100,0
1790200680000,114.6400,114.6900,114.6400,114.6800,6008.14,1790200739999,689040.548400,659,1705.89,195622.428300,0
1790200740000,114.6700,114.7000,114.6100,114.6600,10986.25,1790200799999,1259592.807000,991,6136.38,703471.380500,0
1790200800000,114.6700,114.7400,114.6300,114.6800,7666.81,1790200859999,879324.124500,1385,5784.71,663464.643000,0
1790200860000,114.6800,114.7700,114.6800,114.7300,6649.28,1790200919999,762967.372400,1376,2904.39,333244.047500,0
1790200920000,114.7400,114.8300,114.6600,114.6700,8802.15,1790200979999,1010069.201400,1930,6659.52,764200.344800,0
1790200980000,114.6700,114.7700,114.6400,114.7400,13377.49,1790201039999,1534399.812200,2782,6698.55,768313.694600,0
1790201040000,114.7400,114.7500,114.6200,114.6200,2982.93,1790201099999,342115.388000,1213,848.39,97317.851200,0
1790201100000,114.6200,114.7200,114.5600,114.6700,5832.79,1790201159999,668617.584700,1614,2472.53,283433.355500,0
1790201160000,114.6700,114.9600,114.6700,114.9600,12389.18,1790201219999,1422137.668600,2500,8441.63,969183.193000,0
1790201220000,114.9500,115.3800,114.9400,115.2800,76194.78,1790201279999,8776402.118700,9964,47013.67,5415151.609600,0
1790201280000,115.2800,115.5500,115.2300,115.4200,42552.94,1790201339999,4912051.341100,5641,26652.98,3076963.240900,0
1790201340000,115.4300,115.4700,115.2500,115.4000,29293.94,1790201399999,3378556.645300,3401,14132.53,1629861.646000,0
1790201400000,115.4100,115.4400,115.2200,115.2900,20523.40,1790201459999,2366900.471300,2706,11889.00,1371010.616800,0
1790201460000,115.3000,115.4600,115.3000,115.4200,17072.00,1790201519999,1970170.813500,2153,6823.61,787388.339200,0
1790201520000,115.4200,115.5800,115.4200,115.4400,31372.91,1790201579999,3623645.593000,3125,18213.65,2103746.763800,0
1790201580000,115.4300,115.4300,115.3400,115.3800,11082.17,1790201639999,1278703.424000,1420,5304.96,612084.394400,0
1790201640000,115.3900,115.3900,115.2500,115.2500,8485.54,1790201699999,978318.669600,1036,4113.58,474226.060300,0
1790201700000,115.2500,115.2800,115.1500,115.1700,12192.03,1790201759999,1404714.298000,1760,7070.25,814663.470900,0
1790201760000,115.1700,115.3000,115.1400,115.2900,13790.93,1790201819999,1588741.530500,2173,8592.53,989864.934600,0
1790201820000,115.2900,115.3300,115.2200,115.2400,5741.17,1790201879999,661763.496300,1308,4250.79,489955.081700,0
1790201880000,115.2400,115.2800,115.1900,115.2600,7759.88,1790201939999,894222.702000,1546,3847.62,443363.414100,0
1790201940000,115.2500,115.3200,115.1800,115.2800,10963.82,1790201999999,1263490.067900,2103,3631.07,418464.473300,0
1790202000000,115.2700,115.2700,115.1300,115.1300,9050.84,1790202059999,1042651.473200,1253,5489.08,632346.908400,0
1790202060000,115.1300,115.1600,115.0400,115.0400,6676.46,1790202119999,768457.039500,1415,2773.04,319186.736800,0
1790202120000,115.0500,115.1100,115.0300,115.0500,6474.43,1790202179999,744975.851100,1294,4176.88,480608.039100,0
1790202180000,115.0500,115.0600,114.9700,115.0100,4095.45,1790202239999,471004.299600,943,1760.92,202505.126000,0
1790202240000,115.0200,115.0200,114.9600,114.9600,4464.52,1790202299999,513350.486200,882,2972.34,341773.032700,0
1790202300000,114.9600,114.9900,114.9300,114.9300,3801.77,1790202359999,437057.948900,1037,1250.73,143790.217000,0
1790202360000,114.9300,114.9500,114.8500,114.8500,4430.40,1790202419999,509113.710700,952,1399.81,160888.641800,0
1790202420000,114.8500,114.9700,114.8500,114.9000,14581.63,1790202479999,1675853.599200,1345,13247.31,1522512.358600,0
1790202480000,114.9000,114.9200,114.8500,114.8500,3679.82,1790202539999,422787.352600,630,1749.48,201020.340800,0
1790202540000,114.8500,114.8800,114.8100,114.8100,3443.93,1790202599999,395555.052600,654,1676.08,192505.126500,0
1790202600000,114.8100,114.8200,114.6100,114.6500,20459.01,1790202659999,2346940.967000,2536,6772.29,776708.559600,0
1790202660000,114.6500,114.6900,114.5800,114.5800,6693.82,1790202719999,767326.138300,1062,2600.02,298050.855000,0
1790202720000,114.5800,114.6900,114.5800,114.6600,10420.03,1790202779999,1194627.979900,1396,8661.09,992974.556400,0
1790202780000,114.6500,114.7900,114.6400,114.7800,10944.55,1790202839999,1255546.033600,1815,8277.65,949576.566300,0
1790202840000,114.7800,114.7900,114.7200,114.7600,10136.60,1790202899999,1163363.166700,1321,6710.44,770153.980600,0
1790202900000,114.7500,114.7600,114.6900,114.7500,3913.33,1790202959999,448955.598000,1206,2571.94,295053.225600,0
1790202960000,114.7600,114.8400,114.7300,114.7500,4054.23,1790203019999,465371.128000,1257,1744.04,200165.620500,0
1790203020000,114.7400,114.7800,114.7200,114.7500,3454.63,1790203079999,396423.436900,656,1985.05,227780.468200,0
1790203080000,114.7500,114.8300,114.7200,114.7400,2167.74,1790203139999,248756.905000,1105,1042.62,119642.291800,0
1790203140000,114.7400,114.8100,114.7400,114.7500,4510.89,1790203199999,517724.727400,889,3338.04,383094.990600,0
1790203200000,114.7400,114.7900,114.7200,114.7500,1938.85,1790203259999,222487.161600,773,1283.08,147235.893700,0
1790203260000,114.7500,114.8500,114.7200,114.7200,8739.69,1790203319999,1003277.481500,1495,4766.92,547221.821700,0
1790203320000,114.7200,114.8100,114.7100,114.7700,3708.56,1790203379999,425588.522200,811,2261.76,259529.022000,0
1790203380000,114.7700,114.8400,114.7500,114.8000,2181.82,1790203439999,250456.487600,873,1786.44,205066.141100,0
1790203440000,114.8000,114.8100,114.7700,114.8100,1770.53,1790203499999,203235.273700,366,905.92,103986.710900,0
1790203500000,114.8000,115.0200,114.7900,115.0200,11372.77,1790203559999,1307367.562700,2028,7822.02,899141.521500,0
1790203560000,115.0300,115.1200,115.0200,115.0900,7671.46,1790203619999,882863.810600,1457,5662.39,651649.624600,0
1790203620000,115.0900,115.1600,115.0400,115.1100,6457.81,1790203679999,743265.220400,1318,4894.35,563295.972600,0
1790203680000,115.1100,115.1600,115.1000,115.1300,5717.72,1790203739999,658300.105400,918,3135.76,361007.165000,0
1790203740000,115.1300,115.2200,115.1100,115.2000,4692.66,1790203799999,540396.456200,926,2360.03,271777.961200,0
1790203800000,115.1900,115.2100,115.1600,115.1600,3096.14,1790203859999,356650.663200,713,1479.82,170466.986000,0
1790203860000,115.1600,115.1600,115.0200,115.0600,5850.17,1790203919999,673200.772700,1356,1642.84,189034.017900,0
1790203920000,115.0500,115.0900,115.0400,115.0600,3100.32,1790203979999,356718.881000,791,2268.27,260982.083300,0
1790203980000,115.0700,115.1300,115.0300,115.0500,4697.91,1790204039999,540599.931600,1053,1418.22,163188.207500,0
1790204040000,115.0500,115.1100,115.0500,115.0700,1654.19,1790204099999,190372.481800,606,734.38,84512.772400,0
1790204100000,115.0700,115.1500,115.0700,115.1400,2955.22,1790204159999,340193.542200,675,2458.60,283026.542600,0
1790204160000,115.1400,115.1400,115.0700,115.0700,10467.71,1790204219999,1204896.512700,932,4052.89,466496.679700,0
1790204220000,115.0700,115.1100,115.0200,115.0400,4081.59,1790204279999,469653.177000,788,1077.94,124019.658300,0
1790204280000,115.0400,115.0600,114.9900,114.9900,1664.73,1790204339999,191491.540200,860,440.80,50708.770100,0
1790204340000,114.9900,115.0900,114.9900,115.0800,3390.95,1790204399999,390122.893300,763,2099.83,241552.202200,0
1790204400000,115.0900,115.0900,114.9600,114.9600,8694.41,1790204459999,999924.715800,1117,4279.36,492128.547300,0
1790204460000,114.9500,114.9500,114.8200,114.8200,8700.88,1790204519999,999482.983600,1460,2068.62,237590.098700,0
1790204520000,114.8200,114.9000,114.8200,114.8800,7598.69,1790204579999,872837.081200,904,5469.46,628228.562400,0
1790204580000,114.8800,115.0600,114.8700,115.0000,9782.14,1790204639999,1124937.118000,2097,6703.96,770878.665500,0
1790204640000,115.0000,115.1300,115.0000,115.0500,4849.70,1790204699999,558069.249000,1463,2643.04,304147.190400,0
1790204700000,115.0400,115.1000,115.0100,115.0700,6620.51,1790204759999,761684.613800,1345,5000.66,575294.624200,0
1790204760000,115.0800,115.0800,114.9900,115.0500,3688.75,1790204819999,424335.550800,944,1830.90,210592.233200,0
1790204820000,115.0500,115.0800,115.0200,115.0200,3586.44,1790204879999,412646.392700,1000,2105.08,242198.862000,0
1790204880000,115.0200,115.0600,115.0000,115.0500,2368.69,1790204939999,272438.715800,833,1612.17,185425.722500,0
1790204940000,115.0500,115.1000,115.0300,115.0800,2419.28,1790204999999,278372.881100,801,1104.93,127147.028100,0
1790205000000,115.0900,115.1500,115.0500,115.0600,1725.63,1790205059999,198633.788400,1010,853.76,98273.769800,0
1790205060000,115.0500,115.0700,114.9800,114.9900,6050.81,1790205119999,695919.155900,898,1912.97,220030.348600,0
1790205120000,114.9900,115.0500,114.9800,115.0200,3069.45,1790205179999,353008.313200,607,2626.06,302010.810600,0
1790205180000,115.0100,115.0200,114.9800,115.0100,2550.50,1790205239999,293280.738500,552,1508.45,173453.797800,0
1790205240000,115.0000,115.0100,114.9400,114.9400,2512.69,1790205299999,288867.688000,685,462.50,53167.259500,0
1790205300000,114.9400,115.0000,114.8900,114.9800,15518.27,1790205359999,1783794.537900,1971,10164.76,1168419.318000,0
1790205360000,114.9700,115.0300,114.9300,114.9300,6062.22,1790205419999,697131.596300,1204,3300.57,379547.371300,0
1790205420000,114.9300,115.0000,114.9200,115.0000,3142.44,1790205479999,361227.730800,787,2066.39,237545.870900,0
1790205480000,114.9900,115.0100,114.9500,114.9600,2345.61,1790205539999,269698.956400,826,1040.84,119670.744500,0
1790205540000,114.9500,114.9700,114.9200,114.9500,2626.45,1790205599999,301900.299400,674,971.43,111658.218800,0
1790205600000,114.9500,114.9900,114.9200,114.9300,2291.96,1790205659999,263496.223900,765,898.57,103308.485900,0
1790205660000,114.9400,114.9600,114.8200,114.8200,3814.59,1790205719999,438227.325600,890,345.38,39677.965800,0
1790205720000,114.8200,114.8700,114.8100,114.8500,3572.16,1790205779999,410222.659400,676,2106.41,241885.409700,0
1790205780000,114.8600,114.9100,114.8600,114.8700,4698.62,1790205839999,539809.409400,729,3034.70,348656.418800,0
1790205840000,114.8600,114.8900,114.8200,114.8500,2406.18,1790205899999,276344.384600,704,1626.34,186779.780200,0
1790205900000,114.8600,114.8800,114.8000,114.8500,3544.38,1790205959999,407030.756400,852,1978.54,227194.185800,0
1790205960000,114.8600,114.8700,114.8200,114.8400,2283.58,1790206019999,262267.158800,450,1332.63,153050.970100,0
1790206020000,114.8400,114.8900,114.8300,114.8800,1802.69,1790206079999,207063.282700,584,1130.24,129817.021500,0
1790206080000,114.8800,114.9200,114.8800,114.9200,1079.37,1790206139999,124018.368800,401,770.75,88556.136900,0
1790206140000,114.9100,114.9200,114.8600,114.8700,2315.29,1790206199999,266017.559200,946,547.90,62948.328900,0
1790206200000,114.8700,114.9500,114.8600,114.9500,2290.50,1790206259999,263187.321600,824,1846.29,212144.444200,0
1790206260000,114.9400,114.9500,114.8000,114.8000,1329.26,1790206319999,152714.452700,1903,264.85,30426.316600,0
1790206320000,114.8000,114.8300,114.7600,114.7800,4957.71,1790206379999,569137.409400,857,1806.21,207354.438900,0
1790206380000,114.7900,114.8400,114.7700,114.8300,1858.01,1790206439999,213297.274000,455,1049.01,120425.611800,0
1790206440000,114.8300,114.8800,114.8200,114.8300,4460.40,1790206499999,512210.019400,670,1292.11,148385.553500,0
1790206500000,114.8400,114.8600,114.8000,114.8100,3294.31,1790206559999,378301.571400,954,1460.53,167717.504400,0
1790206560000,114.8000,114.8200,114.7600,114.7600,3022.00,1790206619999,346887.900500,1334,1272.16,146031.619500,0
1790206620000,114.7700,114.8300,114.7200,114.7900,12713.71,1790206679999,1459043.930900,1810,5737.84,658484.557500,0
1790206680000,114.7900,114.7900,114.7300,114.7700,4023.14,1790206739999,461710.931200,781,2351.61,269872.891400,0
1790206740000,114.7700,114.8500,114.7500,114.8100,2968.26,1790206799999,340821.367400,1030,1485.93,170606.686800,0
1790206800000,114.8200,114.8200,114.7100,114.7100,2179.18,1790206859999,250034.562800,735,394.34,45243.718600,0
1790206860000,114.7200,114.7800,114.7100,114.7400,2349.41,1790206919999,269582.027400,573,1503.18,172480.902700,0
1790206920000,114.7500,114.7500,114.6900,114.7000,1862.13,1790206979999,213611.882700,490,555.66,63740.440900,0
1790206980000,114.6900,114.7300,114.6700,114.7300,3945.83,1790207039999,452551.935900,682,2991.07,343060.870100,0
1790207040000,114.7200,114.7800,114.7200,114.7400,2792.24,1790207099999,320435.384500,621,501.33,57527.729500,0
1790207100000,114.7500,114.8400,114.7400,114.7800,3500.71,1790207159999,401863.638400,966,1733.26,198981.861900,0
1790207160000,114.7800,114.8600,114.7700,114.8500,3314.96,1790207219999,380653.966500,864,1837.56,211007.615500,0
1790207220000,114.8500,114.9100,114.8200,114.8300,2237.65,1790207279999,257024.540000,927,1234.48,141789.702700,0
1790207280000,114.8400,114.8400,114.7800,114.8400,4284.34,1790207339999,491913.564700,764,2173.35,249548.362300,0
1790207340000,114.8400,114.9000,114.8300,114.8900,3096.30,1790207399999,355672.489400,720,1620.58,186152.302100,0
1790207400000,114.9000,114.9000,114.8400,114.8500,2764.22,1790207459999,317535.968900,525,1120.19,128676.882400,0
1790207460000,114.8400,114.8700,114.8300,114.8700,1216.64,1790207519999,139723.507600,464,466.30,53554.546000,0
1790207520000,114.8700,114.9300,114.8700,114.9200,6022.15,1790207579999,691953.377600,971,3813.93,438218.847800,0
1790207580000,114.9300,114.9400,114.9100,114.9100,2325.02,1790207639999,267212.974600,333,403.01,46317.637300,0
1790207640000,114.9100,114.9600,114.9100,114.9300,4793.55,1790207699999,550962.447000,734,1591.46,182918.300800,0
1790207700000,114.9300,114.9600,114.9000,114.9100,1459.02,1790207759999,167689.082300,497,812.60,93395.822300,0
1790207760000,114.9000,114.9800,114.8800,114.9400,7820.49,1790207819999,898917.518800,1112,5638.70,648121.065400,0
1790207820000,114.9500,114.9700,114.9000,114.9600,3456.47,1790207879999,397263.057200,786,1599.85,183888.030400,0
1790207880000,114.9600,114.9600,114.9200,114.9200,1518.26,1790207939999,174501.721200,296,434.30,49913.940700,0
1790207940000,114.9200,114.9600,114.9200,114.9500,1331.39,1790207999999,153035.455500,334,1044.63,120073.074600,0
