open_time,open,high,low,close,volume,close_time,quote_volume,count,taker_buy_volume,taker_buy_quote_volume,ignore
1771372800000,85.0200,85.4400,83.8700,85.2700,1989318.80,1771387199999,168589865.633500,206264,907542.38,76923020.465700,0
1771387200000,85.2700,85.5000,84.6300,85.2200,1362968.11,1771401599999,115928747.000400,161022,680679.91,57893641.392000,0
1771401600000,85.2200,86.0400,82.7400,82.8000,4449134.95,1771415999999,375124846.082300,315773,2149999.71,181412151.455800,0
1771416000000,82.7900,83.9700,81.6200,82.9500,6741558.03,1771430399999,557892849.429600,572709,3372052.57,279117948.460300,0
1771430400000,82.9600,83.0400,80.3700,80.8700,5570899.99,1771444799999,454917982.510100,453830,2578579.22,210690301.353500,0
1771444800000,80.8700,81.5900,80.7900,81.5500,2127847.42,1771459199999,172900332.686100,218443,1132668.67,92049838.665200,0
