open_time,open,high,low,close,volume,close_time,quote_volume,count,taker_buy_volume,taker_buy_quote_volume,ignore
1778889600000,89.1900,89.4200,88.9000,89.0100,1190867.89,1778903999999,106161899.777100,105388,567222.65,50573304.313700,0
1778904000000,89.0000,89.0400,86.6200,87.4200,4688461.04,1778918399999,411991228.687800,336416,2076558.02,182499943.176900,0
1778918400000,87.4100,87.5800,85.4400,86.0400,5517099.64,1778932799999,475279258.130700,370062,2638741.28,227300975.399400,0
1778932800000,86.0400,86.6700,85.9400,86.4200,2291261.37,1778947199999,197629716.031000,174003,1242484.77,107192566.570800,0
1778947200000,86.4200,86.9200,86.3000,86.6500,1477375.74,1778961599999,127988109.983400,130264,754469.59,65364852.342700,0
1778961600000,86.6400,86.8500,86.3800,86.4800,659000.64,1778975999999,57067324.907700,78447,297285.78,25745472.209600,0
