open_time,open,high,low,close,volume,close_time,quote_volume,count,taker_buy_volume,taker_buy_quote_volume,ignore
1775433600000,81.8600,82.9500,81.6200,82.0700,4889854.57,1775447999999,402471502.647500,394193,2391621.95,196885875.671700,0
1775448000000,82.0700,82.3700,80.9100,81.7700,3236093.22,1775462399999,264182237.040300,217583,1556232.74,127078171.359300,0
1775462400000,81.7600,83.1800,81.6500,82.3900,3383117.84,1775476799999,278892848.077500,258962,1769202.15,145866393.595400,0
1775476800000,82.4000,82.8000,81.6700,82.2400,3369846.56,1775491199999,277092664.387400,284431,1604564.62,131972251.924300,0
1775491200000,82.2500,82.4500,81.1300,81.8600,2795155.36,1775505599999,228408697.599200,226774,1415641.48,115696876.652700,0
1775505600000,81.8600,82.1000,79.5200,79.9600,3577653.65,1775519999999,287903417.857300,258964,1689239.80,135877796.491100,0
