open_time,open,high,low,close,volume,close_time,quote_volume,count,taker_buy_volume,taker_buy_quote_volume,ignore
1790899200000,118.3400,118.3500,118.2200,118.2300,9392.15,1790899259999,1110817.197800,1295,1581.04,186983.078900,0
1790899260000,118.2300,118.3500,118.2100,118.3200,7827.16,1790899319999,925927.701800,1357,3997.56,472840.724600,0
1790899320000,118.3300,118.3400,118.2900,118.3300,4267.75,1790899379999,504923.648700,824,2720.02,321817.264200,0
1790899380000,118.3300,118.3400,118.2900,118.3100,2235.18,1790899439999,264456.667300,600,582.25,68896.710300,0
1790899440000,118.3200,118.3200,118.2600,118.2800,2690.68,1790899499999,318265.541300,523,1139.13,134728.052500,0
1790899500000,118.2800,118.4600,118.2700,118.4600,10743.24,1790899559999,1271602.452500,1383,8819.84,1043910.596200,0
1790899560000,118.4600,118.4900,118.3800,118.4200,10223.16,1790899619999,1210924.384300,1169,2685.39,318078.229900,0
1790899620000,118.4200,118.4700,118.3400,118.3500,3212.24,1790899679999,380446.007200,950,1267.04,150078.774500,0
1790899680000,118.3500,118.3700,118.2900,118.3300,3726.51,1790899739999,440961.240200,673,2334.00,276188.580300,0
1790899740000,118.3200,118.3500,118.3100,118.3200,1537.35,1790899799999,181915.295100,415,719.06,85086.296700,0
1790899800000,118.3200,118.4500,118.3200,118.4200,3516.40,1790899859999,416348.757000,858,2175.98,257615.575600,0
1790899860000,118.4200,118.4700,118.3600,118.3600,3309.96,1790899919999,391997.474600,899,1321.85,156570.247500,0
1790899920000,118.3600,118.3900,118.3600,118.3900,2492.67,1790899979999,295056.736800,337,1809.58,214206.195900,0
1790899980000,118.3900,118.4900,118.3800,118.4100,8938.64,1790900039999,1058723.269700,1482,3466.76,410556.039200,0
1790900040000,118.4000,118.4600,118.3800,118.3800,3983.67,1790900099999,471831.786700,678,1423.68,168624.357500,0
1790900100000,118.3800,118.5500,118.3500,118.5300,12560.81,1790900159999,1488115.191600,1459,11184.87,1325123.263700,0
1790900160000,118.5300,118.6100,118.4100,118.4600,13726.56,1790900219999,1626781.004200,2191,6716.25,796074.347000,0
1790900220000,118.4600,118.6000,118.4500,118.5400,7862.18,1790900279999,931934.998000,1350,3990.46,472987.058100,0
1790900280000,118.5400,118.6300,118.5300,118.6100,4473.11,1790900339999,530450.662800,1026,3583.48,424951.323300,0
1790900340000,118.6200,118.6800,118.6100,118.6500,11532.88,1790900399999,1368277.050700,1169,5235.11,621152.270500,0
1790900400000,118.6600,118.7900,118.6500,118.7700,6981.14,1790900459999,828699.271300,1591,5096.26,604944.704400,0
1790900460000,118.7700,118.7800,118.6000,118.6000,5853.51,1790900519999,694692.795600,1452,2066.13,245226.512000,0
1790900520000,118.6000,118.6600,118.5800,118.5900,4366.97,1790900579999,518022.163100,661,1602.27,190048.471200,0
1790900580000,118.6000,118.7700,118.6000,118.7500,8782.41,1790900639999,1042467.300000,1109,4607.00,546795.666800,0
1790900640000,118.7500,118.7800,118.7300,118.7300,4028.78,1790900699999,478428.243500,589,889.38,105612.730400,0
1790900700000,118.7300,118.7700,118.6800,118.7400,7660.95,1790900759999,909504.455800,1025,3439.86,408368.852600,0
1790900760000,118.7400,118.7400,118.6200,118.6800,4770.05,1790900819999,566116.941200,1046,1284.64,152449.505400,0
1790900820000,118.6900,118.7000,118.5600,118.6400,13510.20,1790900879999,1602433.467800,1444,2590.74,307309.386500,0
1790900880000,118.6400,118.7000,118.6400,118.6500,4748.56,1790900939999,563497.733100,704,2232.19,264886.621000,0
1790900940000,118.6500,118.6700,118.6400,118.6500,1756.61,1790900999999,208431.801700,345,409.41,48579.608400,0
1790901000000,118.6500,118.6600,118.5000,118.5000,11265.45,1790901059999,1335856.959000,1423,3069.81,364022.468100,0
1790901060000,118.5100,118.6000,118.5000,118.5200,5461.45,1790901119999,647457.712900,1003,2288.69,271307.895500,0
1790901120000,118.5300,118.6000,118.5100,118.5700,4608.28,1790901179999,546390.665000,923,2875.47,340931.543100,0
1790901180000,118.5700,118.6000,118.5100,118.5100,2322.68,1790901239999,275359.123800,541,797.11,94499.734400,0
1790901240000,118.5100,118.5500,118.4700,118.5200,3362.54,1790901299999,398507.174600,780,1465.27,173656.234800,0
1790901300000,118.5200,118.5300,118.4800,118.5200,2015.29,1790901359999,238829.669300,485,467.50,55403.705500,0
1790901360000,118.5200,118.5900,118.5200,118.5500,2646.04,1790901419999,313721.535000,650,1192.28,141350.347200,0
1790901420000,118.5500,118.5500,118.4500,118.4600,2712.95,1790901479999,321509.943700,551,981.19,116291.300400,0
1790901480000,118.4600,118.4700,118.4100,118.4500,4492.00,1790901539999,531963.777600,610,2796.30,331144.060000,0
1790901540000,118.4500,118.5500,118.4400,118.5300,11132.89,1790901599999,1318995.334700,1165,4844.11,573916.175700,0
1790901600000,118.5400,118.7000,118.5100,118.6500,6446.92,1790901659999,764844.799000,1132,3968.14,470795.401600,0
1790901660000,118.6600,118.6800,118.5700,118.5800,9051.29,1790901719999,1073788.243500,1312,3076.70,365011.650500,0
1790901720000,118.5800,118.6200,118.5700,118.5900,2883.76,1790901779999,342000.717800,533,1758.38,208531.894000,0
1790901780000,118.6000,118.7300,118.6000,118.7200,6426.47,1790901839999,762564.230500,836,3252.88,385989.674300,0
1790901840000,118.7300,119.0400,118.6700,118.9100,224450.94,1790901899999,26692225.608400,7843,125373.34,14905661.372300,0
1790901900000,118.9100,119.0500,118.8900,118.9100,51103.95,1790901959999,6080263.283300,2609,31016.36,3689974.805600,0
1790901960000,118.9200,119.0200,118.8600,119.0100,13326.87,1790902019999,1585082.819700,1442,10812.83,1286159.516000,0
1790902020000,119.0100,119.0500,118.9300,119.0100,17036.94,1790902079999,2027675.698700,1460,4750.32,565317.073100,0
1790902080000,119.0200,119.1000,118.9900,119.0800,11398.19,1790902139999,1356993.200400,1308,6332.73,753956.427100,0
1790902140000,119.0900,119.0900,118.9900,119.0100,4323.08,1790902199999,514543.932800,711,1054.42,125504.606900,0
1790902200000,119.0100,119.0100,118.9300,118.9300,8707.50,1790902259999,1035846.184100,1030,1619.60,192664.039200,0
1790902260000,118.9300,118.9700,118.8900,118.9200,14880.31,1790902319999,1769633.791600,1446,2151.04,255827.853900,0
1790902320000,118.9300,118.9300,118.8400,118.8500,4569.21,1790902379999,543224.827000,837,1792.75,213160.964000,0
1790902380000,118.8400,118.8900,118.8200,118.8800,5887.04,1790902439999,699638.136000,807,2834.04,336802.916300,0
1790902440000,118.8800,118.9600,118.8600,118.9500,9709.19,1790902499999,1154553.479300,993,7161.36,851583.939900,0
1790902500000,118.9500,118.9800,118.8300,118.8300,5138.09,1790902559999,611094.383600,1053,906.85,107873.449500,0
1790902560000,118.8300,118.8400,118.7300,118.8100,8231.04,1790902619999,977648.945100,1145,4003.69,475530.661300,0
1790902620000,118.8200,118.9600,118.8000,118.9400,4812.40,1790902679999,572064.689000,753,3179.65,378013.391600,0
1790902680000,118.9400,118.9500,118.8500,118.8700,7975.13,1790902739999,948232.496900,900,3798.84,451620.614900,0
1790902740000,118.8800,118.8900,118.7900,118.8500,11307.34,1790902799999,1343874.925400,1170,8207.59,975513.706600,0
1790902800000,118.8500,118.8500,118.7400,118.7600,4562.13,1790902859999,541880.983200,942,962.47,114319.612500,0
1790902860000,118.7500,118.8000,118.7300,118.7300,5043.51,1790902919999,599027.146400,1235,1499.52,178113.044500,0
1790902920000,118.7300,118.7600,118.7000,118.7300,5884.30,1790902979999,698614.213300,1176,2281.76,270897.838800,0
1790902980000,118.7200,118.7500,118.7000,118.7100,6245.21,1790903039999,741384.179900,812,2562.06,304155.777100,0
1790903040000,118.7100,118.7400,118.7000,118.7300,3951.24,1790903099999,469081.653200,711,2900.45,344331.939500,0
1790903100000,118.7300,118.7900,118.7200,118.7800,2606.81,1790903159999,309577.445500,695,1945.25,231005.255900,0
1790903160000,118.7800,118.7800,118.6900,118.7100,6183.13,1790903219999,734051.308600,959,3809.29,452200.983900,0
1790903220000,118.7100,118.7400,118.7000,118.7100,6113.34,1790903279999,725749.567000,775,4503.15,534602.958800,0
1790903280000,118.7200,118.8200,118.7200,118.7900,4425.57,1790903339999,525632.489000,1039,2915.85,346303.456000,0
1790903340000,118.7800,118.7900,118.6900,118.7400,6086.84,1790903399999,722617.868200,1093,4847.29,575443.356500,0
1790903400000,118.7400,118.7800,118.6900,118.7600,7485.73,1790903459999,888779.652000,1521,4044.99,480268.815000,0
1790903460000,118.7700,118.7800,118.7100,118.7800,4373.57,1790903519999,519336.420600,998,2883.17,342364.344900,0
1790903520000,118.7700,118.8000,118.7200,118.7300,4140.29,1790903579999,491715.098000,944,2812.18,333976.980100,0
1790903580000,118.7200,118.7600,118.7000,118.7500,8907.20,1790903639999,1057551.465500,1140,6444.30,765136.413600,0
1790903640000,118.7500,118.7800,118.7200,118.7400,3314.53,1790903699999,393595.641000,803,1674.52,198846.172200,0
1790903700000,118.7400,118.7900,118.7100,118.7400,7765.77,1790903759999,922140.634500,1017,2559.43,303928.536800,0
1790903760000,118.7500,118.8800,118.7100,118.8700,8217.27,1790903819999,975964.116800,1274,6510.42,773238.453100,0
1790903820000,118.8800,118.9200,118.7700,118.7900,7583.48,1790903879999,901394.060500,1519,3767.33,447819.599500,0
1790903880000,118.7900,118.7900,118.7000,118.7300,7224.52,1790903939999,857778.441700,996,3735.53,443482.822100,0
1790903940000,118.7300,118.7400,118.6500,118.6600,9464.80,1790903999999,1123285.127800,1192,6409.14,760633.744700,0
1790904000000,118.6600,118.6700,118.4000,118.4400,21776.44,1790904059999,2581685.580200,2934,8635.18,1024053.427900,0
1790904060000,118.4300,118.4500,118.3200,118.4100,19218.12,1790904119999,2275083.757300,2463,8261.82,978048.954000,0
1790904120000,118.4000,118.4200,118.3200,118.4200,9455.86,1790904179999,1119115.370400,1577,2153.46,254869.741900,0
1790904180000,118.4200,118.6100,118.4200,118.5700,9227.65,1790904239999,1093524.574900,1251,7202.83,853489.437000,0
1790904240000,118.5700,118.8400,118.5500,118.8300,14256.27,1790904299999,1692347.871900,1808,10957.35,1300938.892300,0
1790904300000,118.8400,118.8800,118.6900,118.7000,8033.27,1790904359999,954567.186000,1534,3441.42,408952.993700,0
1790904360000,118.6900,118.7100,118.5700,118.7100,6346.53,1790904419999,752946.185700,1333,2812.47,333647.491200,0
1790904420000,118.7100,118.7700,118.6600,118.6900,4229.52,1790904479999,502077.600500,1215,1852.10,219845.922100,0
1790904480000,118.6800,118.7300,118.6700,118.6900,4785.96,1790904539999,568088.572800,766,2078.42,246711.998600,0
1790904540000,118.6800,118.7600,118.6700,118.7500,3112.55,1790904599999,369527.489400,843,1297.00,153975.332700,0
1790904600000,118.7600,118.8200,118.7300,118.7300,5973.87,1790904659999,709553.343400,1322,3758.86,446465.043200,0
1790904660000,118.7300,118.8100,118.7000,118.8100,3753.62,1790904719999,445788.493900,1066,2626.08,311885.770200,0
1790904720000,118.8100,118.8200,118.7100,118.7200,10217.24,1790904779999,1213514.040300,1111,1188.12,141142.860900,0
1790904780000,118.7100,118.8300,118.7100,118.8300,4069.25,1790904839999,483272.139800,684,3359.54,398981.276500,0
1790904840000,118.8300,118.8400,118.6600,118.6600,2977.66,1790904899999,353635.485100,1132,1110.63,131905.923900,0
1790904900000,118.6600,118.7200,118.5900,118.6500,3894.78,1790904959999,462075.830700,1196,1349.65,160119.157600,0
1790904960000,118.6500,118.7400,118.6400,118.6900,2427.63,1790905019999,288107.265500,983,1435.87,170404.407400,0
1790905020000,118.6900,118.7800,118.6800,118.7000,10718.79,1790905079999,1272917.155000,1434,6763.51,803214.224200,0
1790905080000,118.7000,118.7500,118.6700,118.7400,1798.78,1790905139999,213505.354400,684,1104.17,131063.012700,0
1790905140000,118.7500,118.7500,118.6700,118.6800,4734.09,1790905199999,561945.850500,748,1638.51,194493.828700,0
1790905200000,118.6800,118.6900,118.6300,118.6600,4493.05,1790905259999,533118.509900,881,2086.60,247581.601200,0
1790905260000,118.6600,118.6600,118.5700,118.5900,2440.38,1790905319999,289422.137200,691,888.64,105377.876300,0
1790905320000,118.5900,118.6200,118.5300,118.5500,3512.34,1790905379999,416469.086100,842,1570.33,186218.949500,0
1790905380000,118.5500,118.6700,118.5500,118.6400,6202.77,1790905439999,735779.833800,870,4172.45,494964.517200,0
1790905440000,118.6400,118.6500,118.5800,118.6000,2682.02,1790905499999,318119.025600,468,1415.80,167923.224300,0
1790905500000,118.6100,118.6800,118.6000,118.6400,3799.78,1790905559999,450829.699900,914,2977.72,353285.951400,0
1790905560000,118.6400,118.7100,118.6400,118.7000,2845.81,1790905619999,337693.225400,693,1758.23,208643.436600,0
1790905620000,118.7100,118.7300,118.6700,118.7200,4149.82,1790905679999,492600.767300,790,3419.79,405950.360500,0
1790905680000,118.7200,118.7600,118.7000,118.7100,2147.98,1790905739999,255029.627100,610,1146.76,136148.324500,0
1790905740000,118.7200,118.7700,118.7200,118.7400,2018.63,1790905799999,239712.546900,537,1481.72,175951.996300,0
1790905800000,118.7400,118.9700,118.7300,118.9600,10009.96,1790905859999,1189748.433900,1499,8788.29,1044529.559500,0
1790905860000,118.9600,119.3800,118.9600,119.2600,44428.84,1790905919999,5294404.487900,6020,34192.88,4074708.961900,0
1790905920000,119.2600,119.4000,119.2500,119.3100,31658.79,1790905979999,3777406.564700,3046,16568.75,1976770.208100,0
1790905980000,119.3200,119.6900,119.3200,119.5300,90677.72,1790906039999,10838337.844500,7550,67617.12,8082404.894000,0
1790906040000,119.5300,119.5400,119.3300,119.3300,18249.59,1790906099999,2179789.903500,2632,8223.78,982464.842400,0
1790906100000,119.3300,119.6200,119.2900,119.6200,21487.39,1790906159999,2566576.627100,3047,14417.51,1722237.673100,0
1790906160000,119.6100,119.7800,119.5300,119.5300,42484.86,1790906219999,5084493.134100,4030,29061.46,3478403.559100,0
1790906220000,119.5400,119.5900,119.5300,119.5700,10608.19,1790906279999,1268262.220200,1362,5163.04,617270.664500,0
1790906280000,119.5700,119.6200,119.5400,119.5500,7975.12,1790906339999,953653.633700,1404,3815.39,456267.164300,0
1790906340000,119.5500,119.5800,119.4300,119.4600,10989.50,1790906399999,1313181.845800,1593,3300.75,394434.744300,0
1790906400000,119.4700,119.5300,119.3400,119.4200,18500.80,1790906459999,2209339.321100,2388,5923.48,707387.279800,0
1790906460000,119.4200,119.5500,119.4000,119.4300,20211.51,1790906519999,2414702.660800,2402,10299.21,1230505.291500,0
1790906520000,119.4200,119.5000,119.4200,119.4900,8229.16,1790906579999,983013.980700,1782,4497.95,537306.506900,0
1790906580000,119.4900,119.5000,119.3500,119.3700,7118.53,1790906639999,850038.244100,1628,2286.00,272910.118900,0
1790906640000,119.3800,119.5500,119.3300,119.5500,15278.49,1790906699999,1825130.597500,1521,12736.97,1521717.460400,0
1790906700000,119.5500,119.6400,119.5200,119.6400,13737.49,1790906759999,1642867.940900,1950,8597.31,1028169.531600,0
1790906760000,119.6400,119.7600,119.6200,119.7400,24187.33,1790906819999,2895392.113100,2557,16259.45,1946266.374800,0
1790906820000,119.7300,119.7900,119.7300,119.7900,35929.21,1790906879999,4302101.171100,1587,10320.45,1235897.821200,0
1790906880000,119.7900,119.9400,119.7800,119.9300,37895.30,1790906939999,4542761.823000,3398,17825.75,2136442.276700,0
1790906940000,119.9300,120.4300,119.8900,120.2800,300882.79,1790906999999,36185193.752100,10510,148875.54,17896093.876000,0
1790907000000,120.2800,120.2900,120.0400,120.0400,36863.43,1790907059999,4428831.035300,3624,16600.68,1994252.153300,0
1790907060000,120.0500,120.0500,119.8800,119.8800,22952.63,1790907119999,2753719.730800,2879,10948.04,1313507.353300,0
1790907120000,119.8900,119.9200,119.8100,119.8500,28185.99,1790907179999,3378291.438700,2573,12100.55,1450394.631300,0
1790907180000,119.8600,120.0600,119.8500,120.0100,18140.06,1790907239999,2176099.013000,1986,14838.37,1780029.726700,0
1790907240000,120.0100,120.0300,119.9200,119.9200,6438.92,1790907299999,772710.032000,1221,2855.08,342658.040900,0
1790907300000,119.9300,119.9400,119.8600,119.9100,9932.82,1790907359999,1190946.620000,1541,5857.97,702389.446100,0
1790907360000,119.9200,119.9200,119.7900,119.7900,16770.01,1790907419999,2009588.232600,2069,3589.94,430196.429500,0
1790907420000,119.8000,119.8300,119.7400,119.7400,11075.11,1790907479999,1326631.234300,1572,6025.79,721804.349500,0
1790907480000,119.7400,119.7500,119.6600,119.7100,9397.95,1790907539999,1124890.903400,1503,4852.97,580868.974500,0
1790907540000,119.7000,119.8700,119.7000,119.8000,10108.39,1790907599999,1211071.925600,1590,5001.49,599159.752900,0
1790907600000,119.8000,119.8200,119.7100,119.7500,13917.35,1790907659999,1666701.330100,1841,4359.06,522046.033700,0
1790907660000,119.7400,119.7600,119.6400,119.6900,8139.60,1790907719999,974263.633000,1429,2384.27,285356.821300,0
1790907720000,119.6800,119.6900,119.5400,119.6000,19554.38,1790907779999,2338569.414600,1985,4291.83,513305.663900,0
1790907780000,119.6000,119.7300,119.5600,119.7000,11065.85,1790907839999,1324010.553200,1797,5646.27,675583.059200,0
1790907840000,119.7000,119.7000,119.5400,119.5500,9280.39,1790907899999,1110001.897600,1832,4736.25,566477.705700,0
1790907900000,119.5400,119.6100,119.5200,119.5600,11976.98,1790907959999,1431906.912100,1864,5112.38,611212.542400,0
1790907960000,119.5500,119.6900,119.5500,119.6600,7708.97,1790908019999,922103.645000,1368,4404.41,526865.679200,0
1790908020000,119.6700,119.7200,119.6000,119.6300,7970.75,1790908079999,953810.532100,1387,2555.45,305796.688900,0
1790908080000,119.6300,119.6700,119.5800,119.6200,5190.88,1790908139999,620959.409500,907,2754.24,329470.364500,0
1790908140000,119.6200,119.7100,119.6100,119.7000,8378.47,1790908199999,1002573.925600,1239,3251.38,389056.711000,0
1790908200000,119.6900,119.8000,119.6600,119.6900,15461.58,1790908259999,1851166.658800,1944,9906.51,1186051.909500,0
1790908260000,119.6800,119.7500,119.6300,119.6600,9983.51,1790908319999,1195145.116700,1657,5465.48,654363.858500,0
1790908320000,119.6600,119.6700,119.5600,119.6400,9905.24,1790908379999,1184655.064500,1760,3852.47,460740.677500,0
1790908380000,119.6500,119.7400,119.6400,119.6500,27509.41,1790908439999,3292384.954500,2077,4646.50,556110.147900,0
1790908440000,119.6400,119.6700,119.4900,119.5000,20954.86,1790908499999,2505932.384200,2293,3921.01,468835.351100,0
1790908500000,119.5000,119.6000,119.4800,119.5500,8988.39,1790908559999,1074323.178200,1407,4059.32,485219.823800,0
1790908560000,119.5600,119.5900,119.5100,119.5800,8782.40,1790908619999,1049904.282800,1414,2281.00,272673.020500,0
1790908620000,119.5800,119.5900,119.4700,119.5600,8619.21,1790908679999,1030135.380000,1522,4044.14,483345.127400,0
1790908680000,119.5600,119.5800,119.5200,119.5400,3534.88,1790908739999,422566.223500,817,1701.39,203395.274300,0
1790908740000,119.5400,119.5600,119.5100,119.5300,3449.03,1790908799999,412275.092600,789,1873.93,223999.639300,0
1790908800000,119.5300,119.5400,119.4600,119.5000,4985.31,1790908859999,595717.064600,1099,2145.41,256373.804400,0
1790908860000,119.4900,119.5600,119.4900,119.5100,3704.73,1790908919999,442843.217000,879,1521.88,181921.221600,0
1790908920000,119.5200,119.5400,119.4900,119.5400,3823.48,1790908979999,456989.920900,832,2416.29,288804.973600,0
1790908980000,119.5400,119.6500,119.5300,119.6500,3898.73,1790909039999,466204.677400,735,3419.22,408878.979500,0
1790909040000,119.6500,119.6700,119.6400,119.6700,2812.17,1790909099999,336476.309400,497,1646.23,196973.324900,0
1790909100000,119.6600,119.7300,119.6600,119.7300,9461.68,1790909159999,1132458.196500,1259,7721.95,924216.790000,0
1790909160000,119.7400,119.8100,119.7200,119.8000,6730.30,1790909219999,806019.207100,1199,4374.76,523934.395400,0
1790909220000,119.8100,119.8900,119.8000,119.8900,5739.73,1790909279999,687863.309200,935,4875.36,584274.207200,0
1790909280000,119.8900,119.9000,119.8500,119.9000,7275.80,1790909339999,872189.263700,949,3677.51,440849.245200,0
1790909340000,119.8900,120.1800,119.8900,120.1600,23000.18,1790909399999,2760747.362900,2634,19663.38,2360109.188600,0
1790909400000,120.1600,120.2300,120.0500,120.1600,19509.69,1790909459999,2343643.892900,3270,9526.20,1144437.815900,0
1790909460000,120.1500,120.1600,119.9500,119.9700,14471.58,1790909519999,1737527.196600,2292,5938.57,713045.557600,0
1790909520000,119.9700,120.0700,119.9500,120.0200,6827.74,1790909579999,819361.957400,1170,4838.96,580674.587600,0
1790909580000,120.0300,120.0300,119.9100,119.9600,6356.12,1790909639999,762417.478000,1209,2321.52,278475.696500,0
1790909640000,119.9600,120.0200,119.9300,120.0200,8685.53,1790909699999,1042045.428700,1337,5362.81,643410.152300,0
1790909700000,120.0100,120.1400,120.0100,120.1300,6001.08,1790909759999,720511.289300,1248,4403.39,528731.113000,0
1790909760000,120.1300,120.1400,120.0500,120.0900,7928.29,1790909819999,952116.732800,1490,4324.94,519354.736500,0
1790909820000,120.1000,120.1200,120.0800,120.1000,4616.28,1790909879999,554431.483600,691,2217.00,266279.148200,0
1790909880000,120.1000,120.1200,120.0200,120.0200,6009.75,1790909939999,721672.349800,999,2285.20,274435.986400,0
1790909940000,120.0200,120.0500,120.0100,120.0400,4631.96,1790909999999,556016.940800,685,3527.65,423463.259300,0
1790910000000,120.0500,120.1600,120.0300,120.1600,12704.06,1790910059999,1525320.104500,1477,9132.23,1096532.550700,0
1790910060000,120.1500,120.3600,120.1500,120.3400,37635.91,1790910119999,4526256.740500,3707,24644.15,2963742.249100,0
1790910120000,120.3400,120.4800,120.2800,120.3600,42813.59,1790910179999,5153972.067900,5858,27961.77,3365995.597400,0
1790910180000,120.3700,120.4900,120.2100,120.2400,34401.71,1790910239999,4139866.670000,3762,12696.10,1529061.051400,0
1790910240000,120.2300,120.2400,120.0700,120.1900,24939.81,1790910299999,2996509.696000,3775,13465.33,1617845.182700,0
1790910300000,120.1900,120.2700,120.0800,120.0900,11218.51,1790910359999,1348238.277900,2406,6265.86,753043.851000,0
1790910360000,120.0900,120.1100,119.9500,119.9700,10813.33,1790910419999,1297722.578100,2120,2789.85,334862.834100,0
1790910420000,119.9800,120.0600,119.9700,120.0400,6293.41,1790910479999,755285.947900,1147,1846.52,221591.106900,0
1790910480000,120.0400,120.0400,119.9300,119.9700,10210.43,1790910539999,1225071.832100,1984,4141.25,496872.657600,0
1790910540000,119.9700,120.0400,119.9100,119.9100,6923.45,1790910599999,830638.492600,1921,2982.37,357855.218500,0
1790910600000,119.9200,120.0300,119.9100,120.0000,9520.26,1790910659999,1142270.154500,1503,3778.71,453362.260500,0
1790910660000,119.9900,120.0500,119.9900,120.0400,3710.76,1790910719999,445410.309500,889,2125.15,255088.925600,0
1790910720000,120.0400,120.0400,119.9100,119.9400,8236.58,1790910779999,988172.596900,1640,3156.20,378670.170400,0
1790910780000,119.9400,120.2800,119.9400,120.2300,27543.52,1790910839999,3308994.782700,2958,22409.03,2692214.411200,0
1790910840000,120.2200,120.2300,120.0100,120.0100,9498.16,1790910899999,1140954.134100,2224,3306.54,397149.676000,0
1790910900000,120.0200,120.1100,120.0200,120.0600,6693.78,1790910959999,803593.395900,1453,2534.79,304305.464200,0
1790910960000,120.0600,120.1200,120.0300,120.0500,5162.89,1790911019999,619905.020800,1231,2403.16,288557.099900,0
1790911020000,120.0500,120.0700,119.9200,119.9400,18078.50,1790911079999,2169127.762800,2294,9113.72,1093556.759200,0
1790911080000,119.9300,119.9800,119.9300,119.9600,5758.40,1790911139999,690767.188000,967,3465.89,415762.475100,0
1790911140000,119.9500,120.0100,119.9500,119.9900,8252.60,1790911199999,990220.846300,876,6283.03,753915.262500,0
1790911200000,119.9900,120.0300,119.9900,120.0300,7135.47,1790911259999,856333.418300,911,5004.25,600565.481100,0
1790911260000,120.0200,120.1100,120.0200,120.0700,7163.21,1790911319999,860132.029800,1300,4310.14,517531.170300,0
1790911320000,120.0600,120.1000,120.0200,120.0200,5108.38,1790911379999,613262.638900,1314,2735.27,328365.297800,0
1790911380000,120.0200,120.0200,119.9500,119.9500,3339.22,1790911439999,400622.509200,1023,1277.82,153309.316600,0
1790911440000,119.9600,120.0000,119.9300,120.0000,4670.93,1790911499999,560267.562500,1063,1698.25,203711.334200,0
1790911500000,120.0000,120.0200,119.9800,119.9900,6990.11,1790911559999,838771.056300,1168,3734.31,448116.359200,0
1790911560000,120.0000,120.0500,119.9700,119.9700,7798.63,1790911619999,935918.300400,1248,2926.97,351279.958200,0
1790911620000,119.9700,119.9800,119.9000,119.9500,5784.13,1790911679999,693733.201600,1267,1557.25,186766.642200,0
1790911680000,119.9600,119.9900,119.9300,119.9800,6093.75,1790911739999,730975.766100,733,2697.61,323597.186000,0
1790911740000,119.9900,120.0100,119.9600,119.9900,4034.24,1790911799999,484058.229400,665,1964.02,235657.092100,0
1790911800000,119.9800,120.0800,119.9500,120.0700,8931.24,1790911859999,1071763.947000,1598,5953.14,714421.076500,0
1790911860000,120.0800,120.2300,120.0800,120.2000,10063.37,1790911919999,1209080.024700,1954,6542.95,786157.560900,0
1790911920000,120.1900,120.2900,120.0500,120.2100,14091.43,1790911979999,1693477.661400,2948,7724.79,928450.572400,0
1790911980000,120.2100,120.2900,120.1500,120.1700,8899.77,1790912039999,1069845.871100,2107,3543.14,425929.505900,0
1790912040000,120.1800,120.2000,120.1000,120.1500,10298.77,1790912099999,1237431.951100,1648,2908.70,349485.297200,0
1790912100000,120.1500,120.2800,120.0500,120.2700,29456.51,1790912159999,3539070.090300,2727,12895.00,1549565.534900,0
1790912160000,120.2700,120.3000,120.0600,120.0800,8504.51,1790912219999,1022234.365000,2202,3908.71,469835.400500,0
1790912220000,120.0800,120.0900,119.9800,120.0700,7571.59,1790912279999,908796.638000,1572,2493.50,299281.593100,0
1790912280000,120.0700,120.1700,120.0600,120.1400,7120.28,1790912339999,855257.400800,1366,3967.75,476599.958800,0
1790912340000,120.1300,120.2100,120.1200,120.2000,3335.27,1790912399999,400752.158600,1090,1360.99,163534.029100,0
1790912400000,120.2100,120.2700,120.1700,120.2600,5632.32,1790912459999,677133.308500,1292,3765.46,452676.484900,0
1790912460000,120.2600,120.2800,120.2100,120.2300,4988.27,1790912519999,599835.182900,1032,2441.91,293651.913200,0
1790912520000,120.2300,120.2800,120.2200,120.2800,5637.59,1790912579999,677946.546400,1143,3310.28,398073.706400,0
1790912580000,120.2800,120.3100,120.2700,120.2800,5173.18,1790912639999,622290.969700,855,3051.48,367078.169200,0
1790912640000,120.2800,120.3100,120.2700,120.3000,4070.77,1790912699999,489669.203300,669,2183.82,262691.630800,0
1790912700000,120.2900,120.4000,120.2500,120.2900,13295.18,1790912759999,1599652.819100,2437,8138.61,979243.359900,0
1790912760000,120.2900,120.4500,120.1900,120.4200,58655.74,1790912819999,7058757.510900,3297,41536.39,4997794.028500,0
1790912820000,120.4100,120.5000,120.4100,120.4400,26615.25,1790912879999,3205574.228800,2177,12259.43,1476607.659400,0
1790912880000,120.4500,120.4600,120.4100,120.4100,8711.52,1790912939999,1049127.058900,810,3773.44,454455.096800,0
1790912940000,120.4100,120.4200,120.2900,120.2900,108439.93,1790912999999,13055122.388500,2271,8337.56,1003583.566400,0
1790913000000,120.2900,120.3700,120.2700,120.2800,8750.21,1790913059999,1052814.460000,1288,4956.78,596376.143800,0
1790913060000,120.2700,120.2900,120.2300,120.2400,2340.00,1790913119999,281412.638200,929,418.08,50285.584800,0
1790913120000,120.2400,120.3200,120.2300,120.3100,13023.05,1790913179999,1566387.880500,1252,11358.99,1366237.021300,0
1790913180000,120.3200,121.0700,120.3100,121.0000,242674.80,1790913239999,29301235.900300,13479,167408.86,20209595.137600,0
1790913240000,121.0000,121.0800,120.8500,120.9100,41345.11,1790913299999,5002309.887700,4898,23682.41,2865611.728300,0
1790913300000,120.9200,121.2400,120.9100,121.2000,57277.05,1790913359999,6934533.069700,6145,43015.67,5207830.667700,0
1790913360000,121.1900,121.2900,121.0300,121.2500,37504.28,1790913419999,4544813.660800,4979,23672.44,2869011.570300,0
1790913420000,121.2600,121.2600,121.1000,121.2600,26772.70,1790913479999,3243590.355000,3200,14832.56,1797119.390400,0
1790913480000,121.2600,121.2600,121.1300,121.1700,19829.99,1790913539999,2403052.102300,2543,11125.25,1348129.974400,0
1790913540000,121.1600,121.2500,121.1500,121.2200,19761.78,1790913599999,2395366.360900,2546,12272.61,1487582.798400,0
1790913600000,121.2200,121.3600,121.2200,121.3500,52796.44,1790913659999,6403391.181800,4273,34012.53,4125252.140400,0
1790913660000,121.3600,121.4000,121.3200,121.3900,26067.07,1790913719999,3163784.680600,2934,17573.16,2132877.424700,0
1790913720000,121.3900,121.4300,121.2200,121.4200,38157.81,1790913779999,4630428.147600,4858,21167.86,2569008.025700,0
1790913780000,121.4200,121.4500,121.3600,121.4100,24579.89,1790913839999,2984437.088000,2732,14174.21,1721015.323000,0
1790913840000,121.4000,121.4200,121.3000,121.3700,21210.98,1790913899999,2574329.740700,3091,12100.60,1468592.791000,0
1790913900000,121.3700,121.3700,121.0800,121.1000,23231.36,1790913959999,2815399.594400,3962,6935.73,840593.987900,0
1790913960000,121.0900,121.1000,120.9100,120.9100,25228.63,1790914019999,3053264.568200,3736,8769.36,1061436.613700,0
1790914020000,120.9100,121.0500,120.9100,120.9100,15325.77,1790914079999,1854149.251900,2557,7230.40,874685.447400,0
1790914080000,120.9100,120.9400,120.8700,120.9000,14610.68,1790914139999,1766513.895000,2084,7247.57,876273.661100,0
1790914140000,120.9000,120.9500,120.9000,120.9300,5873.31,1790914199999,710207.029600,1073,1959.61,236958.899700,0
1790914200000,120.9200,120.9800,120.8900,120.9300,9034.26,1790914259999,1092520.073000,1747,3785.25,457752.877400,0
1790914260000,120.9300,120.9700,120.8800,120.8800,10803.40,1790914319999,1306459.517000,1683,2731.06,330301.360400,0
1790914320000,120.8900,120.9000,120.8300,120.8600,9815.53,1790914379999,1186374.887100,1834,4951.49,598471.929500,0
1790914380000,120.8700,120.8700,120.7500,120.7500,14454.23,1790914439999,1745960.017700,2273,2060.35,248866.814800,0
1790914440000,120.7600,120.7600,120.6600,120.6800,15163.91,1790914499999,1830242.049500,2154,6285.18,758608.299400,0
1790914500000,120.6700,120.7800,120.6700,120.7800,10436.85,1790914559999,1259958.059900,2098,6219.45,750850.749500,0
1790914560000,120.7800,121.0000,120.7800,120.9700,26778.12,1790914619999,3237059.351900,3391,19433.10,2349117.507500,0
1790914620000,120.9800,121.0000,120.8600,120.8600,7188.93,1790914679999,869426.670200,1734,3032.45,366781.669100,0
1790914680000,120.8700,121.0000,120.8600,120.9800,5560.40,1790914739999,672513.269300,1290,3627.55,438748.481100,0
1790914740000,120.9700,121.2700,120.9700,121.1000,35397.07,1790914799999,4286875.373300,4329,22410.80,2714056.432900,0
1790914800000,121.0900,121.7200,121.0700,121.5800,138311.49,1790914859999,16794434.125600,13409,76521.51,9292737.335000,0
1790914860000,121.5900,122.0900,121.5100,121.8000,175990.04,1790914919999,21453764.116500,16967,106412.30,12971130.418000,0
1790914920000,121.8100,121.9300,121.4400,121.4400,75361.51,1790914979999,9166470.000400,8319,34777.90,4230217.964200,0
1790914980000,121.4500,121.8300,121.4100,121.8200,62008.29,1790915039999,7543018.352600,6164,41135.72,5004657.773200,0
1790915040000,121.8300,121.8900,121.7000,121.7800,28599.14,1790915099999,3483293.927700,3829,16138.20,1965629.611600,0
1790915100000,121.7800,122.2500,121.7800,122.1400,95911.98,1790915159999,11708765.904800,9106,69043.26,8427903.287400,0
1790915160000,122.1300,122.3500,122.0800,122.2600,73826.31,1790915219999,9023576.520800,7784,34962.00,4273443.553600,0
1790915220000,122.2500,122.3800,122.0200,122.1600,63394.59,1790915279999,7746169.028800,5936,37095.23,4533065.005500,0
1790915280000,122.1600,122.3200,122.1300,122.2600,32683.22,1790915339999,3994778.024700,4107,18248.88,2230369.284300,0
1790915340000,122.2500,122.3500,122.2300,122.2800,35413.26,1790915399999,4330304.919900,3936,19425.20,2375301.150900,0
1790915400000,122.2700,122.5900,122.2700,122.5100,124435.70,1790915459999,15236760.581900,11420,82195.80,10064690.764600,0
1790915460000,122.5100,122.6000,122.2600,122.2700,55831.07,1790915519999,6836720.853600,6043,17922.25,2194742.810400,0
1790915520000,122.2800,122.3300,122.0900,122.1300,51255.12,1790915579999,6263160.229500,4531,18431.22,2252436.134000,0
1790915580000,122.1300,122.1600,122.0400,122.0800,22874.08,1790915639999,2793158.207500,3157,9353.78,1142183.537100,0
1790915640000,122.0800,122.0900,121.9800,121.9900,16499.33,1790915699999,2013453.194000,2521,4736.71,578052.497900,0
1790915700000,121.9900,122.0800,121.9600,122.0800,33161.24,1790915759999,4046583.752700,2819,17987.91,2195100.429500,0
1790915760000,122.0800,122.0800,121.9000,121.9500,42392.72,1790915819999,5170423.156600,2927,20475.23,2496907.193500,0
1790915820000,121.9500,122.2100,121.9000,122.0900,29070.78,1790915879999,3548520.986500,3000,19843.33,2422070.071200,0
1790915880000,122.0900,122.2100,122.0400,122.1000,20018.39,1790915939999,2444662.720900,2934,9832.32,1200668.098300,0
1790915940000,122.1100,122.2800,122.1000,122.2800,17282.78,1790915999999,2112202.544600,2409,6553.80,800958.094100,0
1790916000000,122.2700,122.5200,122.2300,122.2300,39715.23,1790916059999,4859798.622400,4373,22410.91,2742396.020500,0
1790916060000,122.2300,122.4600,122.2000,122.3600,29836.47,1790916119999,3649611.660800,4084,14718.72,1800115.504600,0
1790916120000,122.3600,122.5200,122.3100,122.4400,17274.90,1790916179999,2114456.032100,2740,9365.34,1146325.624600,0
1790916180000,122.4400,122.5000,122.4000,122.4900,13506.60,1790916239999,1653896.006300,2070,6987.32,855593.967300,0
1790916240000,122.4900,122.6300,122.3800,122.4800,40322.19,1790916299999,4939931.584000,4133,22950.81,2811845.343300,0
1790916300000,122.4800,122.5200,122.2500,122.2900,22967.88,1790916359999,2810712.976300,3287,10451.84,1279116.753500,0
1790916360000,122.3000,122.5400,122.2900,122.5100,18966.74,1790916419999,2322014.483900,2638,11706.23,1433086.805600,0
1790916420000,122.5200,122.7100,122.3800,122.7000,33798.70,1790916479999,4142188.331400,4061,17997.45,2206278.202000,0
1790916480000,122.7000,122.9700,122.6900,122.9400,84552.79,1790916539999,10383990.724500,7516,52726.58,6475499.341700,0
1790916540000,122.9400,123.5300,122.9300,123.2900,171695.22,1790916599999,21161987.776300,14978,118767.18,14636285.780500,0
1790916600000,123.3000,123.4900,123.2600,123.4800,60075.09,1790916659999,7411181.071700,7315,33261.53,4103337.768300,0
1790916660000,123.4900,123.4900,123.1900,123.3800,48657.81,1790916719999,6001287.067400,5849,23233.86,2865274.982900,0
1790916720000,123.3800,123.4900,123.3000,123.3700,49727.61,1790916779999,6136759.993400,4926,12514.57,1544426.002100,0
1790916780000,123.3700,123.5000,123.3100,123.4900,50465.89,1790916839999,6227907.145000,4559,28954.79,3573438.192700,0
1790916840000,123.4800,123.6900,123.2100,123.2400,89955.78,1790916899999,11111002.249300,8330,43878.71,5420226.486500,0
1790916900000,123.2300,123.3200,123.0900,123.1700,31053.41,1790916959999,3825598.313400,4813,14937.28,1840112.662400,0
1790916960000,123.1800,123.3300,123.1400,123.1400,45192.56,1790917019999,5569053.575400,4515,23985.10,2955621.900300,0
1790917020000,123.1400,123.1900,123.1000,123.1600,13732.80,1790917079999,1691241.253600,1740,5230.14,644091.584800,0
1790917080000,123.1600,123.2200,123.0100,123.0800,26422.31,1790917139999,3253074.686300,4017,7945.17,978286.027300,0
1790917140000,123.0900,123.4900,123.0800,123.4800,36250.21,1790917199999,4470546.786800,4323,22305.90,2750458.139500,0
1790917200000,123.4800,123.7700,123.4000,123.5600,88149.62,1790917259999,10893314.379500,8490,46851.79,5789131.794200,0
1790917260000,123.5700,123.7700,123.4600,123.4900,77220.56,1790917319999,9543668.752100,7503,40188.00,4966296.703600,0
1790917320000,123.4800,123.4900,123.2400,123.2800,26035.39,1790917379999,3212149.112400,4160,8805.48,1086472.513000,0
1790917380000,123.2900,123.3200,123.1600,123.2700,40315.54,1790917439999,4968131.803300,3618,13435.31,1655739.595600,0
1790917440000,123.2800,123.3800,123.1800,123.1800,29065.66,1790917499999,3583589.093100,3537,13591.49,1676013.158500,0
1790917500000,123.1900,123.3200,123.0900,123.2500,43412.43,1790917559999,5347806.743300,4178,19493.59,2401940.906100,0
1790917560000,123.2400,123.4300,123.2000,123.4300,19407.26,1790917619999,2393595.836400,3094,9985.93,1231595.282200,0
1790917620000,123.4300,123.5500,123.2900,123.3600,25088.77,1790917679999,3096586.605300,3718,10516.86,1298157.867000,0
1790917680000,123.3700,123.5500,123.3600,123.5300,20987.37,1790917739999,2591793.321900,3036,11098.48,1370577.088700,0
1790917740000,123.5300,123.5600,123.3300,123.3300,17204.33,1790917799999,2123702.807800,2600,3889.36,480257.613000,0
1790917800000,123.3300,123.4700,123.2600,123.3000,23743.23,1790917859999,2928859.055000,2870,7795.69,961638.057400,0
1790917860000,123.2900,123.3900,123.2200,123.3300,33873.36,1790917919999,4176844.162100,3251,13974.45,1723247.152900,0
1790917920000,123.3300,123.4400,123.3100,123.4100,16679.43,1790917979999,2057901.727100,2936,8788.03,1084240.453300,0
1790917980000,123.4100,123.4500,123.2900,123.3600,22556.78,1790918039999,2782960.654000,2484,10813.83,1334323.959300,0
1790918040000,123.3700,123.4000,123.2900,123.3600,16064.44,1790918099999,1981848.360900,1856,5795.79,714985.597300,0
1790918100000,123.3700,123.4300,123.2000,123.3200,51266.12,1790918159999,6321985.855200,4025,12670.69,1562719.098400,0
1790918160000,123.3200,123.3400,123.0400,123.0700,27153.70,1790918219999,3343804.639500,3330,9729.23,1197789.422500,0
1790918220000,123.0600,123.0900,122.9100,123.0700,33420.80,1790918279999,4110833.990400,3856,12376.26,1522193.180400,0
1790918280000,123.0700,123.1200,122.9300,122.9600,26974.76,1790918339999,3319313.288400,2706,10559.77,1299648.717800,0
1790918340000,122.9700,122.9800,122.8400,122.9200,32381.61,1790918399999,3979796.407600,2466,9892.82,1215817.116300,0
1790918400000,122.9200,123.0200,122.9100,122.9200,26023.34,1790918459999,3199705.503500,2128,8312.85,1022190.318200,0
1790918460000,122.9100,122.9100,122.7400,122.7700,37531.76,1790918519999,4609189.624900,3472,7740.31,950428.493000,0
1790918520000,122.7600,123.0000,122.7600,122.9700,22448.40,1790918579999,2758638.891000,2234,12836.71,1577475.618400,0
1790918580000,122.9800,123.0000,122.8600,122.8800,20461.57,1790918639999,2515410.692600,2268,7500.46,922105.523200,0
1790918640000,122.8700,122.8800,122.6700,122.7000,27785.36,1790918699999,3410542.583200,2703,9458.37,1161138.042700,0
1790918700000,122.7000,122.7300,122.6100,122.6100,36026.73,1790918759999,4419505.498100,3306,13370.63,1640319.424800,0
1790918760000,122.6100,122.7300,122.6000,122.6300,22945.27,1790918819999,2814213.653400,2757,10279.38,1260832.189400,0
1790918820000,122.6400,122.8000,122.6400,122.8000,17105.31,1790918879999,2099582.644200,2206,10793.87,1324908.048900,0
1790918880000,122.7900,122.8000,122.6300,122.6700,16215.12,1790918939999,1989393.525400,2240,6792.59,833308.589700,0
1790918940000,122.6700,122.7100,122.6200,122.6500,12165.85,1790918999999,1492271.128600,1737,4047.16,496437.177700,0
1790919000000,122.6600,122.7500,122.5600,122.7200,21536.67,1790919059999,2641576.664400,3026,13929.43,1708474.206400,0
1790919060000,122.7200,122.8700,122.6700,122.8700,20550.62,1790919119999,2522809.654800,2449,15656.71,1922078.377000,0
1790919120000,122.8600,122.9200,122.8000,122.9000,14723.29,1790919179999,1809070.385400,1883,8404.26,1032657.040400,0
1790919180000,122.9000,122.9000,122.6800,122.7200,25543.48,1790919239999,3135580.699100,2751,8514.13,1044881.231700,0
1790919240000,122.7100,122.8000,122.6600,122.7100,16875.49,1790919299999,2071471.409800,2465,8481.27,1041190.460500,0
1790919300000,122.7100,122.7500,122.6900,122.7200,11023.89,1790919359999,1352826.604600,1572,3870.84,475017.905200,0
1790919360000,122.7200,122.7200,122.5600,122.5900,12844.00,1790919419999,1575110.462300,2388,5143.37,630744.799000,0
1790919420000,122.5800,122.6100,122.3900,122.4400,35327.37,1790919479999,4326492.261000,4229,9621.19,1178150.254800,0
1790919480000,122.4400,122.4500,122.0700,122.0900,70123.94,1790919539999,8571778.798500,6831,17495.31,2138792.475900,0
1790919540000,122.0800,122.2500,121.8500,121.9000,67694.02,1790919599999,8260279.250000,7576,30713.92,3748311.089400,0
1790919600000,121.8900,122.0500,121.8300,121.8900,42365.20,1790919659999,5166187.279900,5075,20042.95,2443983.855700,0
1790919660000,121.9000,122.0400,121.8100,121.9900,43641.46,1790919719999,5321725.904600,4860,23506.27,2866799.080200,0
1790919720000,122.0000,122.0900,121.9700,122.0900,23188.46,1790919779999,2829969.594200,2505,16467.88,2009846.665400,0
1790919780000,122.0900,122.2200,122.0900,122.1600,33496.36,1790919839999,4091869.903700,3312,17167.36,2097202.326500,0
1790919840000,122.1600,122.2500,122.1300,122.1300,18069.64,1790919899999,2208228.966600,1893,14466.03,1767904.999800,0
1790919900000,122.1400,122.1700,122.0000,122.0600,23085.72,1790919959999,2818635.022600,2693,13365.89,1631893.694200,0
1790919960000,122.0600,122.1600,122.0200,122.0700,7969.53,1790920019999,973015.930200,1682,4395.30,536638.522000,0
1790920020000,122.0700,122.0700,121.9400,121.9700,7624.26,1790920079999,930112.066100,1545,2647.13,322930.414800,0
1790920080000,121.9700,122.1000,121.9600,122.0500,14241.71,1790920139999,1737972.753200,1704,7963.50,971754.711500,0
1790920140000,122.0600,122.0800,122.0200,122.0600,9014.97,1790920199999,1100380.803100,1289,4871.66,594639.312100,0
1790920200000,122.0600,122.1400,122.0300,122.1100,21586.02,1790920259999,2635374.406700,1974,14440.26,1763113.246600,0
1790920260000,122.1200,122.2000,122.1100,122.2000,15936.53,1790920319999,1946628.744000,1647,11733.68,1433283.583200,0
1790920320000,122.2000,122.2000,121.9800,122.0000,9584.78,1790920379999,1170062.095600,1855,3136.84,383025.404000,0
1790920380000,122.0000,122.0000,121.8200,121.9000,23612.52,1790920439999,2877745.065500,2897,5146.54,627253.467900,0
1790920440000,121.8900,121.9500,121.8300,121.8500,12485.76,1790920499999,1521717.301600,1847,6122.37,746167.495800,0
1790920500000,121.8600,121.9900,121.8500,121.9300,8596.53,1790920559999,1048188.904500,1694,4473.64,545440.635600,0
1790920560000,121.9300,121.9500,121.8800,121.9300,9788.20,1790920619999,1193311.814100,1439,3172.67,386789.663800,0
1790920620000,121.9300,121.9300,121.8500,121.8800,8085.55,1790920679999,985439.477900,1263,2794.72,340613.904700,0
1790920680000,121.8700,121.9800,121.8700,121.9700,5583.29,1790920739999,680669.046900,1065,2940.58,358529.055400,0
1790920740000,121.9700,121.9900,121.8800,121.8900,5043.81,1790920799999,615048.573600,1259,2260.52,275651.568100,0
1790920800000,121.9000,121.9600,121.7200,121.8600,22623.20,1790920859999,2756323.186500,3405,10483.11,1277305.346300,0
1790920860000,121.8600,122.0700,121.8400,122.0700,16922.73,1790920919999,2064037.233300,2596,12978.84,1583006.952100,0
1790920920000,122.0700,122.0900,121.9400,122.0000,24584.25,1790920979999,2999916.440000,3422,15264.62,1862812.393100,0
1790920980000,122.0100,122.0900,121.9400,121.9900,30201.84,1790921039999,3685451.755600,3114,19815.16,2418182.540600,0
1790921040000,122.0000,122.0200,121.9500,121.9700,26553.46,1790921099999,3239282.281600,2511,17600.06,2147082.427400,0
1790921100000,121.9800,122.0200,121.8800,121.8800,20133.90,1790921159999,2455595.359100,2338,5900.87,719693.881600,0
1790921160000,121.8800,122.0400,121.8600,121.8800,17618.53,1790921219999,2148613.494400,2731,12337.36,1504547.652600,0
1790921220000,121.8800,121.9300,121.7200,121.8200,21983.28,1790921279999,2677835.235900,2704,6044.80,736363.398600,0
1790921280000,121.8200,121.8200,121.4600,121.5500,61906.19,1790921339999,7526819.323900,6044,21013.13,2554327.443900,0
1790921340000,121.5500,121.5900,121.4900,121.5300,26451.45,1790921399999,3215030.553400,3010,15181.50,1845242.601400,0
1790921400000,121.5400,121.6000,121.5000,121.5900,23526.13,1790921459999,2859756.623700,2504,12132.63,1474795.326800,0
1790921460000,121.6000,121.6100,121.5100,121.5400,29972.91,1790921519999,3643949.923100,2635,16284.17,1979781.070200,0
1790921520000,121.5500,121.5900,121.5000,121.5500,11660.40,1790921579999,1417208.963700,1486,7556.46,918415.041400,0
1790921580000,121.5500,121.7000,121.5400,121.7000,12197.25,1790921639999,1483573.063900,1232,11554.47,1405403.880000,0
1790921640000,121.7000,121.7000,121.5900,121.6200,16097.01,1790921699999,1957695.511700,1640,9497.33,1154980.970400,0
1790921700000,121.6300,121.7800,121.6300,121.7700,8004.34,1790921759999,974274.393100,1378,6819.02,830005.986200,0
1790921760000,121.7800,121.8300,121.6900,121.6900,11541.14,1790921819999,1405496.608600,2488,6641.68,808838.342700,0
1790921820000,121.7000,121.7700,121.6400,121.6800,8315.94,1790921879999,1012048.299900,1829,5303.92,645493.186100,0
1790921880000,121.6900,121.7100,121.6000,121.6000,6818.47,1790921939999,829567.616900,1425,3991.03,485582.552200,0
1790921940000,121.6000,121.6300,121.5100,121.5700,9096.97,1790921999999,1106054.704300,1280,4679.13,568912.076500,0
1790922000000,121.5800,121.7100,121.5700,121.6900,12817.95,1790922059999,1559070.256900,2181,6227.30,757497.215600,0
1790922060000,121.7000,121.7900,121.7000,121.7400,8178.00,1790922119999,995611.267100,1687,6328.93,770476.510400,0
1790922120000,121.7400,121.8400,121.6400,121.6600,10678.20,1790922179999,1300279.349200,1967,6634.30,807981.094000,0
1790922180000,121.6500,121.7600,121.6300,121.7100,5878.70,1790922239999,715325.549000,1151,3657.80,445091.274900,0
1790922240000,121.7100,121.8200,121.7100,121.8200,8060.16,1790922299999,981277.927000,1420,6639.94,808377.468700,0
1790922300000,121.8100,121.9500,121.8100,121.9200,25935.80,1790922359999,3161568.493600,2294,18476.44,2252102.199400,0
1790922360000,121.9100,121.9500,121.8400,121.9200,10220.95,1790922419999,1245920.258000,1780,4609.94,561907.600400,0
1790922420000,121.9100,121.9900,121.8600,121.9300,11286.91,1790922479999,1376223.685200,1896,6812.02,830654.573400,0
1790922480000,121.9300,121.9900,121.8700,121.9600,12919.61,1790922539999,1575554.863500,1705,10985.60,1339736.040900,0
1790922540000,121.9500,121.9800,121.9100,121.9200,9236.09,1790922599999,1126280.502000,1042,5474.27,667553.924500,0
1790922600000,121.9100,121.9400,121.8100,121.8600,16913.91,1790922659999,2061566.728800,2191,5184.92,631906.904900,0
1790922660000,121.8700,121.8900,121.7300,121.7900,9117.23,1790922719999,1110552.664100,1815,4213.47,513194.879000,0
1790922720000,121.7900,122.0000,121.7800,121.9600,13595.01,1790922779999,1657749.260500,2009,11494.96,1401635.354300,0
1790922780000,121.9600,122.0100,121.9500,122.0100,7577.48,1790922839999,924283.680800,1499,5949.99,725772.658600,0
1790922840000,122.0100,122.0700,121.9600,121.9700,13346.61,1790922899999,1628691.071100,2088,8348.51,1018816.509400,0
1790922900000,121.9800,122.0600,121.7000,121.7300,34618.99,1790922959999,4219321.171400,3468,11974.30,1459672.405800,0
1790922960000,121.7400,121.8100,121.6600,121.7500,12509.76,1790923019999,1522857.644900,2336,7077.14,861599.545600,0
1790923020000,121.7600,121.8300,121.7100,121.7900,8051.96,1790923079999,980504.221700,1787,5619.98,684357.733200,0
1790923080000,121.7900,121.8600,121.7400,121.7900,11236.65,1790923139999,1368643.254100,1870,5587.45,680537.309500,0
1790923140000,121.7900,121.9100,121.7900,121.8900,6139.10,1790923199999,748151.412600,1114,5267.98,641987.585200,0
1790923200000,121.8900,121.9600,121.8600,121.8700,5646.23,1790923259999,688327.995300,1518,3659.80,446146.416400,0
1790923260000,121.8600,121.9100,121.8300,121.8700,7613.55,1790923319999,927823.789800,1498,5615.50,684336.246000,0
1790923320000,121.8700,121.9000,121.8200,121.8600,4667.70,1790923379999,568802.296400,1201,3322.82,404920.826200,0
1790923380000,121.8500,121.9200,121.8000,121.9000,5197.09,1790923439999,633197.167100,1182,3578.02,435939.250900,0
1790923440000,121.9000,121.9200,121.8600,121.8700,3594.74,1790923499999,438151.084100,821,2683.02,327013.016200,0
1790923500000,121.8700,121.8700,121.7700,121.8300,5497.37,1790923559999,669710.656200,1199,2722.54,331666.657900,0
1790923560000,121.8400,121.9200,121.8400,121.9200,4934.66,1790923619999,601356.844100,893,3306.21,402920.895800,0
1790923620000,121.9200,121.9500,121.8500,121.8500,4346.89,1790923679999,529811.153500,1206,1729.81,210816.456300,0
1790923680000,121.8600,121.8700,121.8300,121.8600,3049.89,1790923739999,371630.444700,698,1721.14,209718.476500,0
1790923740000,121.8500,121.9600,121.8500,121.9100,4768.37,1790923799999,581355.514700,1038,3447.57,420311.828200,0
1790923800000,121.9200,122.0500,121.9100,122.0500,5709.25,1790923859999,696464.496700,1286,4568.42,557285.792200,0
1790923860000,122.0600,122.1000,122.0100,122.0100,6443.32,1790923919999,786495.156700,1496,3970.61,484676.827100,0
1790923920000,122.0200,122.0200,121.8300,121.8900,7337.43,1790923979999,894632.927400,1490,3540.97,431678.611100,0
1790923980000,121.8900,121.8900,121.8000,121.8000,6014.42,1790924039999,732762.786300,1150,2311.39,281595.872600,0
1790924040000,121.8000,121.9200,121.8000,121.9200,3267.55,1790924099999,398164.608800,705,2275.05,277234.363500,0
1790924100000,121.9200,121.9700,121.9200,121.9500,5597.36,1790924159999,682629.959400,864,3502.23,427113.093800,0
1790924160000,121.9500,121.9800,121.8400,121.8400,7827.22,1790924219999,954237.933700,1617,3846.06,468877.568100,0
1790924220000,121.8500,121.8600,121.7700,121.8100,6502.48,1790924279999,792060.962400,1369,3255.77,396590.464500,0
1790924280000,121.8000,121.8600,121.7400,121.8000,17445.42,1790924339999,2124831.267000,2125,9202.62,1120920.733500,0
1790924340000,121.8000,121.8000,121.7000,121.7200,12171.15,1790924399999,1481766.578100,1317,3436.30,418342.778100,0
1790924400000,121.7200,121.7500,121.5600,121.5600,19038.42,1790924459999,2316246.699600,2211,3458.03,420806.653700,0
1790924460000,121.5600,121.7700,121.5600,121.7100,22438.32,1790924519999,2730752.559400,2839,15619.48,1900944.782000,0
1790924520000,121.7100,121.7100,121.4300,121.4900,33646.46,1790924579999,4088258.427500,3304,5227.71,635241.563100,0
1790924580000,121.4900,121.5900,121.3400,121.5900,34521.52,1790924639999,4191673.804500,3719,18342.78,2227449.577200,0
1790924640000,121.5900,121.6500,121.4700,121.4800,11268.55,1790924699999,1370151.456800,1873,6646.60,808282.738300,0
1790924700000,121.4700,121.5700,121.4400,121.5700,19304.63,1790924759999,2345694.164700,2414,8076.65,981464.686300,0
1790924760000,121.5800,121.6700,121.5100,121.6700,19176.14,1790924819999,2332182.516600,1621,15052.63,1830807.817700,0
1790924820000,121.6700,121.6900,121.5200,121.5600,7772.15,1790924879999,945340.457400,1873,4358.46,530137.078600,0
1790924880000,121.5600,121.6200,121.5100,121.5800,5502.48,1790924939999,668903.392700,1417,3408.49,414357.602300,0
1790924940000,121.5800,121.6300,121.5100,121.5800,5533.55,1790924999999,672697.484100,1446,2849.86,346431.496200,0
1790925000000,121.5700,121.6300,121.5400,121.6300,4390.57,1790925059999,533746.010600,1323,2576.29,313193.576100,0
1790925060000,121.6300,121.6500,121.5800,121.6100,6701.61,1790925119999,815009.069600,1492,1992.26,242294.037500,0
1790925120000,121.6100,121.6300,121.5100,121.5500,5722.36,1790925179999,695639.552400,1463,2960.09,359834.636400,0
1790925180000,121.5500,121.6500,121.5400,121.5900,2984.52,1790925239999,362945.847900,1149,1385.80,168528.809800,0
1790925240000,121.5800,121.5900,121.4900,121.5000,6295.02,1790925299999,765049.716100,1315,1836.57,223213.937500,0
1790925300000,121.5000,121.5200,121.3400,121.4100,11922.95,1790925359999,1447684.222100,2333,3445.47,418384.800800,0
1790925360000,121.4100,121.4800,121.2700,121.3200,16869.12,1790925419999,2047465.749700,2622,4943.58,600136.387600,0
1790925420000,121.3200,121.3900,121.2900,121.3300,17088.07,1790925479999,2073288.000400,2565,7804.80,947057.935400,0
1790925480000,121.3400,121.3700,121.2600,121.3300,13645.20,1790925539999,1655284.545000,1920,4311.69,523030.512800,0
1790925540000,121.3300,121.3700,121.2500,121.2600,14263.32,1790925599999,1730369.687100,1774,6352.39,770712.044400,0
1790925600000,121.2600,121.2900,121.1400,121.1700,21182.65,1790925659999,2567369.591300,2511,6724.26,814996.072800,0
1790925660000,121.1700,121.2800,121.1100,121.2800,15671.26,1790925719999,1898912.996900,2391,8324.27,1008797.785800,0
1790925720000,121.2800,121.3900,121.2500,121.2500,10119.08,1790925779999,1227550.692200,2246,4833.05,586287.282300,0
1790925780000,121.2600,121.2600,121.1300,121.1700,9134.68,1790925839999,1106873.378600,1871,3653.30,442651.757500,0
1790925840000,121.1800,121.2500,121.1500,121.1800,6396.22,1790925899999,775236.274100,1558,3487.16,422629.168500,0
1790925900000,121.1900,121.3000,121.1800,121.2400,7832.31,1790925959999,949711.947100,1709,4570.19,554150.360000,0
1790925960000,121.2300,121.2600,121.2000,121.2600,5898.77,1790926019999,715112.031900,1245,3050.18,369790.497200,0
1790926020000,121.2600,121.3000,121.2500,121.2600,8474.89,1790926079999,1027818.468800,1124,5992.52,726771.686100,0
1790926080000,121.2600,121.3100,121.2300,121.2800,4933.75,1790926139999,598278.863900,1398,3403.48,412706.315400,0
1790926140000,121.2900,121.3200,121.1700,121.2300,21917.28,1790926199999,2657215.463400,2621,6216.25,753895.075500,0
1790926200000,121.2300,121.2400,121.0600,121.0600,17189.59,1790926259999,2082060.230100,2362,7598.04,920280.445000,0
1790926260000,121.0700,121.1600,121.0500,121.1300,9198.18,1790926319999,1113962.277800,1542,5767.68,698483.876700,0
1790926320000,121.1400,121.2500,121.1300,121.2000,7282.97,1790926379999,882631.899300,1574,5599.33,678590.652400,0
1790926380000,121.2000,121.2200,121.1600,121.1800,5531.51,1790926439999,670401.457800,1314,3145.71,381256.657600,0
1790926440000,121.1900,121.2200,121.1500,121.1600,9441.75,1790926499999,1144205.871900,1305,2687.93,325740.605900,0
1790926500000,121.1600,121.2000,121.1400,121.1500,5463.50,1790926559999,662001.091000,947,1936.42,234625.976800,0
1790926560000,121.1500,121.2000,121.1200,121.1700,2969.67,1790926619999,359795.820300,978,1669.02,202213.884100,0
1790926620000,121.1700,121.2300,121.0600,121.1200,18295.86,1790926679999,2216467.083400,2138,5635.59,682882.114500,0
1790926680000,121.1200,121.1300,121.0300,121.0700,9472.86,1790926739999,1146995.987900,1531,3536.43,428205.639600,0
1790926740000,121.0600,121.1300,121.0500,121.0500,7192.09,1790926799999,870829.204200,1016,3591.49,434885.571600,0
1790926800000,121.0500,121.0900,121.0400,121.0400,5696.07,1790926859999,689544.682700,1043,2707.13,327709.640200,0
1790926860000,121.0400,121.1000,121.0300,121.0600,7454.13,1790926919999,902486.707700,1088,2833.53,343043.348000,0
1790926920000,121.0700,121.1800,121.0600,121.1600,6314.62,1790926979999,764959.401000,938,2896.51,350846.902600,0
1790926980000,121.1600,121.1800,121.1500,121.1700,3662.98,1790927039999,443822.956200,718,2332.80,282653.371100,0
1790927040000,121.1700,121.1900,121.1000,121.1100,13580.27,1790927099999,1645127.073200,1559,6220.68,753634.365700,0
1790927100000,121.1100,121.2800,121.1000,121.2600,12677.83,1790927159999,1536803.456400,1697,11158.52,1352698.196300,0
1790927160000,121.2500,121.4000,121.2400,121.2500,36731.92,1790927219999,4456733.290000,3407,25326.99,3073154.087000,0
1790927220000,121.2400,121.2500,121.1400,121.1800,6176.54,1790927279999,748479.026400,1451,2655.81,321834.339000,0
1790927280000,121.1800,121.2000,121.1200,121.1300,6092.79,1790927339999,738267.084900,1130,2504.94,303541.707600,0
1790927340000,121.1200,121.2500,121.1200,121.2400,3141.55,1790927399999,380678.632200,1046,2560.93,310325.261100,0
1790927400000,121.2400,121.2700,121.1500,121.2400,10403.92,1790927459999,1261045.980600,1604,4410.29,534570.984400,0
1790927460000,121.2400,121.3300,121.2300,121.3100,7736.11,1790927519999,938220.773500,1053,6510.14,789558.123200,0
1790927520000,121.3100,121.3200,121.2300,121.2400,5645.07,1790927579999,684679.089100,1241,4073.85,494121.686800,0
1790927580000,121.2400,121.3100,121.2300,121.3000,5676.76,1790927639999,688494.886400,1039,4333.16,525535.985400,0
1790927640000,121.3100,121.5500,121.3000,121.4400,30565.63,1790927699999,3712325.434900,3227,25199.51,3060519.110200,0
1790927700000,121.4400,121.5900,121.4100,121.5600,17790.93,1790927759999,2161804.052100,2220,15524.27,1886392.070800,0
1790927760000,121.5600,121.7000,121.5600,121.6900,12449.46,1790927819999,1514000.204200,1905,8757.41,1065046.532700,0
1790927820000,121.7000,121.8400,121.6500,121.8200,18578.46,1790927879999,2261887.039500,2580,13450.20,1637646.253300,0
1790927880000,121.8300,121.8800,121.6100,121.6200,25753.88,1790927939999,3136195.517200,2741,13136.81,1599874.451800,0
1790927940000,121.6200,121.7100,121.6000,121.7100,11371.67,1790927999999,1383252.138300,1579,7259.40,883057.665200,0
1790928000000,121.7200,121.9000,121.6900,121.8400,22800.90,1790928059999,2777161.858900,2926,14513.10,1767721.879100,0
1790928060000,121.8400,121.9300,121.7700,121.8500,34746.92,1790928119999,4234102.767300,3828,23506.25,2864433.263300,0
1790928120000,121.8600,122.0000,121.8100,122.0000,25553.18,1790928179999,3115700.548800,2902,19510.27,2378945.262300,0
1790928180000,122.0000,122.0900,121.9700,122.0800,24760.12,1790928239999,3021608.807800,2668,17554.73,2142331.493800,0
1790928240000,122.0800,122.1400,121.9200,121.9200,22102.45,1790928299999,2697480.443200,3449,11148.60,1360817.734900,0
1790928300000,121.9300,121.9400,121.8000,121.8300,15392.47,1790928359999,1875594.299900,2068,4540.92,553309.046100,0
1790928360000,121.8300,121.9800,121.8300,121.9700,13812.91,1790928419999,1683852.976300,2651,9402.96,1146331.697900,0
1790928420000,121.9600,121.9900,121.8600,121.9100,8336.05,1790928479999,1016395.368400,1862,3818.58,465594.181700,0
1790928480000,121.9100,121.9600,121.8300,121.8800,6052.19,1790928539999,737643.046500,1534,2764.00,336910.690400,0
1790928540000,121.8700,121.9100,121.8700,121.9100,5554.38,1790928599999,677035.390500,912,2888.70,352111.289800,0
1790928600000,121.9100,122.0400,121.9000,122.0400,16125.29,1790928659999,1967263.358400,1942,13265.86,1618417.261900,0
1790928660000,122.0300,122.0400,121.8700,122.0200,15261.93,1790928719999,1861639.718100,2484,6373.04,777350.378900,0
1790928720000,122.0300,122.0400,121.9300,121.9600,7309.85,1790928779999,891794.950900,1485,3762.93,459099.594400,0
1790928780000,121.9700,122.0200,121.9400,121.9900,8777.83,1790928839999,1070725.616200,1316,3355.39,409301.479300,0
1790928840000,122.0000,122.0300,121.9600,121.9900,4992.25,1790928899999,609023.233900,899,2634.15,321345.544100,0
1790928900000,121.9900,122.1200,121.9900,122.1200,8811.94,1790928959999,1075473.464200,1477,5834.28,712065.001800,0
1790928960000,122.1100,122.4600,122.1100,122.3900,76421.28,1790929019999,9347450.529300,6099,50534.42,6181195.287400,0
1790929020000,122.3900,122.8400,122.3800,122.7200,115091.37,1790929079999,14113681.843800,9840,81599.11,10007101.154900,0
1790929080000,122.7200,122.9800,122.6000,122.7300,62246.91,1790929139999,7645254.450300,7572,37593.83,4617749.177800,0
1790929140000,122.7200,122.7900,122.6100,122.7300,19128.90,1790929199999,2347139.554300,3179,9416.25,1155401.035200,0
1790929200000,122.7400,122.7600,122.5800,122.7400,15404.83,1790929259999,1889787.827400,2558,7025.36,861915.931000,0
1790929260000,122.7400,123.0000,122.6600,122.6800,37271.32,1790929319999,4579342.929000,4892,18378.68,2258026.026000,0
1790929320000,122.6800,122.6900,122.5600,122.5700,16002.29,1790929379999,1961823.897500,2371,5974.45,732469.330400,0
1790929380000,122.5800,122.5800,122.4300,122.4400,17939.71,1790929439999,2197401.339100,2155,5914.41,724464.447500,0
1790929440000,122.4400,122.4800,122.3900,122.4700,20518.15,1790929499999,2512266.750500,1987,9229.58,1130159.962400,0
1790929500000,122.4700,122.4700,122.3900,122.4500,15392.86,1790929559999,1884599.044600,1460,4298.53,526316.231100,0
1790929560000,122.4500,122.5500,122.4400,122.5000,7575.73,1790929619999,928124.529700,1288,3582.62,438903.677800,0
1790929620000,122.4900,122.5300,122.4300,122.4300,9281.05,1790929679999,1136755.879800,1404,4532.14,555122.600800,0
1790929680000,122.4200,122.4300,122.3400,122.3400,19720.19,1790929739999,2413292.863500,1664,4237.55,518580.205500,0
1790929740000,122.3500,122.3500,122.2700,122.3300,13332.42,1790929799999,1630600.309600,1502,4036.52,493664.602700,0
1790929800000,122.3400,122.5100,122.2700,122.4600,18190.65,1790929859999,2226384.931800,2291,10710.43,1311013.868200,0
1790929860000,122.4600,122.4800,122.3000,122.4800,18459.55,1790929919999,2259291.293000,2333,8353.15,1022484.149900,0
1790929920000,122.4800,122.4800,122.2900,122.3100,11638.04,1790929979999,1424009.064200,1857,3133.98,383421.056100,0
1790929980000,122.3100,122.3900,122.2900,122.3000,10659.74,1790930039999,1304058.612100,1588,2854.61,349206.204100,0
1790930040000,122.2900,122.3600,122.2000,122.2800,21862.07,1790930099999,2672929.002500,2719,5247.80,641643.123100,0
1790930100000,122.2900,122.3500,122.2400,122.3000,13276.19,1790930159999,1623637.735900,1515,5164.89,631665.425000,0
1790930160000,122.2900,122.4500,122.2900,122.3700,21266.00,1790930219999,2602513.217600,2042,3949.75,483364.708300,0
1790930220000,122.3700,122.6000,122.3700,122.6000,7952.34,1790930279999,974145.561200,1474,5409.96,662726.560000,0
1790930280000,122.6000,122.6700,122.5500,122.5600,25140.86,1790930339999,3082681.634200,2262,18308.87,2245052.146900,0
1790930340000,122.5500,122.6000,122.5400,122.5600,8356.98,1790930399999,1024263.264800,1161,4135.82,506921.340600,0
1790930400000,122.5700,122.5900,122.5100,122.5900,4103.77,1790930459999,502924.656200,963,1814.89,222409.281100,0
1790930460000,122.5900,122.5900,122.4800,122.5100,5166.74,1790930519999,633057.890700,1287,1674.32,205160.307800,0
1790930520000,122.5100,122.5300,122.4000,122.4000,8912.10,1790930579999,1091419.865900,1181,3407.47,417372.581900,0
1790930580000,122.4100,122.4100,122.3300,122.3300,5993.03,1790930639999,733374.666700,1047,1186.64,145214.447000,0
1790930640000,122.3300,122.3400,122.2200,122.2300,11104.12,1790930699999,1357691.392500,1303,1865.59,228104.219100,0
1790930700000,122.2200,122.2300,122.0800,122.1500,17973.93,1790930759999,2195772.072100,2531,4038.06,493299.768500,0
1790930760000,122.1400,122.1800,122.1100,122.1200,20070.18,1790930819999,2451458.278700,2006,6098.96,744969.849000,0
1790930820000,122.1200,122.1800,122.0800,122.1800,15599.39,1790930879999,1905064.797600,1349,6312.79,770960.328400,0
1790930880000,122.1700,122.1900,122.1100,122.1300,11551.17,1790930939999,1411011.859600,1442,4634.43,566088.211900,0
1790930940000,122.1200,122.1500,122.1100,122.1200,5900.84,1790930999999,720666.237400,846,2362.64,288555.279700,0
1790931000000,122.1200,122.1400,122.0600,122.1300,9269.61,1790931059999,1131763.764500,1239,2606.49,318229.011800,0
1790931060000,122.1300,122.1900,122.0800,122.0800,9873.74,1790931119999,1206030.988200,1422,2504.97,305988.987600,0
1790931120000,122.0900,122.1300,122.0600,122.0600,8562.78,1790931179999,1045541.063800,1036,3669.42,448056.002600,0
1790931180000,122.0700,122.1000,121.9900,122.0900,6805.99,1790931239999,830544.470500,1496,2658.22,324411.865900,0
1790931240000,122.0900,122.0900,121.9900,122.0000,16535.89,1790931299999,2018015.009100,1477,3141.87,383434.429700,0
1790931300000,122.0000,122.2100,121.9900,122.2100,18389.80,1790931359999,2245172.767100,1401,14613.57,1784123.703700,0
1790931360000,122.2000,122.2100,122.1400,122.1700,12121.54,1790931419999,1480963.538500,998,2338.71,285757.042300,0
1790931420000,122.1600,122.1600,122.0800,122.1000,5304.98,1790931479999,647817.730300,1075,1706.09,208321.141200,0
1790931480000,122.0900,122.1100,122.0500,122.0800,4332.07,1790931539999,528873.019100,805,1837.75,224354.294400,0
1790931540000,122.0700,122.0800,121.9800,122.0500,5433.81,1790931599999,663064.989200,1373,1615.57,197141.293000,0
1790931600000,122.0400,122.0600,121.9700,121.9800,8732.22,1790931659999,1065412.715100,1311,1824.38,222595.587300,0
1790931660000,121.9700,121.9800,121.8400,121.8800,19554.17,1790931719999,2383502.583400,2680,1684.28,205305.259600,0
1790931720000,121.8700,121.9200,121.8500,121.8600,7445.03,1790931779999,907362.232400,1530,2686.92,327459.086600,0
1790931780000,121.8700,121.8700,121.6400,121.6600,34092.05,1790931839999,4150494.230900,3748,5725.42,697130.490900,0
1790931840000,121.6600,121.6700,121.5600,121.6500,15109.36,1790931899999,1837451.988700,2687,4086.61,496974.698800,0
1790931900000,121.6600,121.8200,121.6500,121.7500,16908.57,1790931959999,2058571.670500,2277,10465.98,1274318.443500,0
1790931960000,121.7400,121.8000,121.7100,121.7300,9065.64,1790932019999,1103854.962200,1605,4078.70,496612.948500,0
1790932020000,121.7300,121.8400,121.7300,121.8200,5587.03,1790932079999,680404.565300,1125,2744.23,334173.430400,0
1790932080000,121.8200,121.8600,121.7300,121.7600,9255.91,1790932139999,1127368.400600,1824,4406.19,536727.710600,0
1790932140000,121.7600,121.8900,121.7500,121.8900,6148.58,1790932199999,748971.157200,1055,4176.01,508680.813100,0
1790932200000,121.8900,121.9600,121.8900,121.9600,6901.25,1790932259999,841448.733300,1185,4631.67,564718.999300,0
1790932260000,121.9500,122.0000,121.9500,121.9900,4557.57,1790932319999,555917.810900,932,3035.39,370256.810100,0
1790932320000,121.9900,122.0100,121.9600,122.0000,5644.86,1790932379999,688616.260300,951,3002.78,366309.676800,0
1790932380000,122.0000,122.0900,121.9800,122.0900,6453.58,1790932439999,787660.281700,1224,4563.28,556944.281800,0
1790932440000,122.0900,122.0900,122.0000,122.0300,10227.92,1790932499999,1248431.607500,1250,3711.69,453044.462200,0
1790932500000,122.0300,122.0900,122.0200,122.0600,9822.69,1790932559999,1198938.363500,1426,6055.03,739061.444400,0
1790932560000,122.0600,122.1100,122.0400,122.0700,6510.77,1790932619999,794759.667200,1135,3672.34,448275.681100,0
1790932620000,122.0700,122.1600,122.0500,122.1200,9744.54,1790932679999,1189834.182000,1518,7697.59,939934.828200,0
1790932680000,122.1300,122.1500,121.9800,122.0000,9004.71,1790932739999,1099212.602600,1501,4632.88,565573.577400,0
1790932740000,122.0000,122.0500,121.9800,122.0400,6107.72,1790932799999,745181.778100,763,4486.60,547411.784300,0
1790932800000,122.0400,122.0600,121.9700,121.9800,7267.63,1790932859999,886666.430200,1009,3547.57,432801.772700,0
1790932860000,121.9800,122.0500,121.8800,121.9500,12763.04,1790932919999,1556778.243600,1925,7667.75,935444.133700,0
1790932920000,121.9400,121.9600,121.8300,121.8600,7217.17,1790932979999,879541.774900,1252,1649.00,200952.222500,0
1790932980000,121.8500,121.8900,121.8200,121.8500,2948.29,1790933039999,359247.316600,951,680.82,82960.382300,0
1790933040000,121.8500,121.8500,121.7800,121.8000,6325.24,1790933099999,770528.005100,996,2389.05,291040.933500,0
1790933100000,121.7900,121.8000,121.7400,121.7800,4159.34,1790933159999,506483.688400,991,1108.33,134966.693900,0
1790933160000,121.7800,121.8000,121.7500,121.7600,6373.03,1790933219999,776073.004200,1014,1613.01,196431.062500,0
1790933220000,121.7600,121.7700,121.7000,121.7100,6774.01,1790933279999,824674.536900,968,1410.45,171709.900500,0
1790933280000,121.7100,121.7200,121.6600,121.6700,13558.03,1790933339999,1649807.994000,1718,3348.35,407461.563100,0
1790933340000,121.6600,121.8200,121.6300,121.8100,8889.01,1790933399999,1082141.034000,1516,3432.77,417932.623300,0
1790933400000,121.8100,121.8100,121.6600,121.8100,10699.51,1790933459999,1302370.391800,1724,5938.16,722761.173900,0
1790933460000,121.8000,121.9500,121.7500,121.9500,8085.63,1790933519999,985186.115000,1410,5468.05,666352.374900,0
1790933520000,121.9500,122.0300,121.9200,121.9900,11117.23,1790933579999,1356024.436400,1693,6717.51,819411.469000,0
1790933580000,121.9900,122.0800,121.9100,121.9200,10007.24,1790933639999,1221099.871300,1724,6570.80,801813.085300,0
1790933640000,121.9100,121.9700,121.8900,121.9000,8560.14,1790933699999,1043689.948200,1380,2707.79,330161.651700,0
1790933700000,121.9100,121.9100,121.8200,121.8300,4067.28,1790933759999,495684.924800,1175,1419.91,173068.121000,0
1790933760000,121.8200,121.8700,121.7600,121.7700,6008.86,1790933819999,731976.758400,1064,1698.88,206987.662600,0
1790933820000,121.7600,121.8800,121.7600,121.7900,4041.42,1790933879999,492295.272900,1187,2782.59,338964.499200,0
1790933880000,121.7900,121.9100,121.7800,121.9100,4193.54,1790933939999,511017.709000,850,3247.39,395720.761000,0
1790933940000,121.9100,121.9700,121.9000,121.9100,11239.79,1790933999999,1370441.171900,1245,7198.53,877699.603900,0
1790934000000,121.9000,121.9100,121.8400,121.8500,7810.03,1790934059999,951904.577600,1049,1839.81,224240.617300,0
1790934060000,121.8500,121.8700,121.7600,121.7700,5176.89,1790934119999,630638.805700,1107,1805.26,219921.830200,0
1790934120000,121.7700,121.8600,121.7300,121.8300,7950.41,1790934179999,968373.718600,1382,4438.65,540677.218800,0
1790934180000,121.8300,121.9100,121.7800,121.8400,14157.58,1790934239999,1725102.076700,1547,7131.61,869109.314900,0
1790934240000,121.8300,121.8700,121.7400,121.8500,7144.58,1790934299999,870206.194600,1203,4791.75,583637.186800,0
1790934300000,121.8600,121.8800,121.8200,121.8400,7436.30,1790934359999,906093.984800,1170,2585.83,315078.153700,0
1790934360000,121.8500,121.8500,121.7100,121.7300,22609.31,1790934419999,2753424.577100,2735,9670.03,1177563.591600,0
1790934420000,121.7300,121.7600,121.6800,121.7000,7396.19,1790934479999,900183.290900,1322,2823.37,343646.706000,0
1790934480000,121.7000,121.8100,121.6500,121.7900,10333.83,1790934539999,1257706.845700,1485,5040.57,613454.121200,0
1790934540000,121.7900,121.9100,121.7100,121.7100,9332.28,1790934599999,1136995.174600,2212,3621.33,441231.554700,0
1790934600000,121.7200,121.8400,121.7100,121.7900,9826.34,1790934659999,1196631.322000,1656,3900.06,474923.580900,0
1790934660000,121.7900,121.8600,121.7900,121.8100,7918.72,1790934719999,964655.461800,1126,3668.92,446929.870000,0
1790934720000,121.8200,121.8600,121.7900,121.8300,7685.74,1790934779999,936315.689100,1148,3088.88,376300.662500,0
1790934780000,121.8300,121.9000,121.8200,121.9000,3345.00,1790934839999,407656.135500,649,2902.00,353665.656800,0
1790934840000,121.9000,121.9300,121.8900,121.9200,4958.75,1790934899999,604553.862700,777,4135.26,504161.049500,0
1790934900000,121.9200,121.9200,121.8900,121.9200,5003.44,1790934959999,609983.085200,559,2844.80,346816.990700,0
1790934960000,121.9200,121.9400,121.9000,121.9100,3188.60,1790935019999,388756.449300,614,1833.14,223503.410600,0
1790935020000,121.9000,121.9100,121.8600,121.8900,4515.99,1790935079999,550441.896400,848,1920.12,234032.106700,0
1790935080000,121.8800,121.9200,121.7700,121.8000,12351.33,1790935139999,1504979.641300,1340,2194.08,267382.877300,0
1790935140000,121.7900,121.8200,121.7500,121.7500,6318.99,1790935199999,769543.818200,815,1532.43,186624.139500,0
1790935200000,121.7400,121.8100,121.7300,121.8100,4132.24,1790935259999,503153.899100,867,2340.12,284932.309500,0
1790935260000,121.8100,121.8100,121.7600,121.7700,3502.74,1790935319999,426580.883300,776,1296.65,157914.350700,0
1790935320000,121.7700,121.7900,121.6500,121.6600,7024.33,1790935379999,854976.612600,1669,1517.61,184785.611800,0
1790935380000,121.6500,121.7600,121.6500,121.7600,5276.77,1790935439999,642212.023700,1267,3771.22,458983.103200,0
1790935440000,121.7600,121.8500,121.7100,121.8500,8369.33,1790935499999,1019133.415200,1321,4834.49,588762.495500,0
1790935500000,121.8500,121.9000,121.8100,121.8600,4879.58,1790935559999,594595.608000,1273,2755.76,335807.745100,0
1790935560000,121.8600,121.8600,121.6600,121.6800,6644.44,1790935619999,808990.499800,1702,2872.22,349697.003200,0
1790935620000,121.6800,121.8400,121.6800,121.7600,5380.42,1790935679999,655246.388300,1262,2457.28,299209.280400,0
1790935680000,121.7600,121.8100,121.7600,121.8000,3261.00,1790935739999,397138.215400,625,2592.64,315744.010700,0
1790935740000,121.8000,121.8100,121.6800,121.6900,2938.29,1790935799999,357771.027000,1118,841.29,102438.734200,0
1790935800000,121.6900,121.6900,121.6300,121.6500,6282.09,1790935859999,764247.442200,1059,2610.73,317606.458900,0
1790935860000,121.6500,121.6900,121.6300,121.6400,2723.34,1790935919999,331294.929600,892,1471.39,179002.072300,0
1790935920000,121.6300,121.7000,121.6300,121.6800,6959.78,1790935979999,846727.476800,1080,2197.05,267273.794900,0
1790935980000,121.6800,121.7000,121.6000,121.6600,17129.77,1790936039999,2083985.960600,1521,14691.77,1787423.535000,0
1790936040000,121.6600,121.6600,121.5700,121.6200,12461.94,1790936099999,1515440.004600,1392,4205.77,511439.548800,0
1790936100000,121.6100,121.6800,121.5800,121.6800,5173.30,1790936159999,629117.200500,991,3258.10,396223.102700,0
1790936160000,121.6800,121.7400,121.6600,121.7300,5528.63,1790936219999,672822.836100,1146,2468.88,300462.534300,0
1790936220000,121.7300,121.7500,121.6300,121.7000,5405.70,1790936279999,657889.804600,1354,2116.64,257606.717100,0
1790936280000,121.7000,121.7900,121.6800,121.7000,11673.33,1790936339999,1421182.392100,1357,8481.46,1032589.914700,0
1790936340000,121.6900,121.7200,121.6600,121.7200,6361.33,1790936399999,774114.025300,1131,3713.05,451848.722100,0
1790936400000,121.7200,121.7700,121.6900,121.7200,2020.10,1790936459999,245891.396700,708,1275.45,155246.753000,0
1790936460000,121.7200,121.7500,121.6300,121.7000,6211.03,1790936519999,755779.794200,1501,2529.81,307836.793800,0
1790936520000,121.7000,121.7100,121.5300,121.5400,9561.99,1790936579999,1163025.342000,1701,3169.94,385613.960000,0
1790936580000,121.5300,121.5400,121.4700,121.4800,8651.40,1790936639999,1051055.020300,1327,2038.16,247614.071000,0
1790936640000,121.4800,121.4900,121.3200,121.4100,19982.35,1790936699999,2425518.576700,2379,4901.95,594986.217400,0
1790936700000,121.4100,121.5100,121.3700,121.5000,12052.28,1790936759999,1463758.736900,1635,7163.39,870074.433700,0
1790936760000,121.4900,121.5700,121.4900,121.5700,14142.04,1790936819999,1718686.772800,1338,4861.54,590883.755200,0
1790936820000,121.5700,121.6800,121.5200,121.6800,11205.13,1790936879999,1362479.689100,1381,8733.84,1062057.261600,0
1790936880000,121.6800,121.7900,121.6200,121.7900,10878.42,1790936939999,1323842.465400,1336,4942.04,601535.277600,0
1790936940000,121.7800,121.8500,121.7800,121.8200,13033.59,1790936999999,1587683.326300,979,7387.68,899907.614800,0
1790937000000,121.8200,121.8200,121.7600,121.8100,16911.74,1790937059999,2059864.804200,1232,5039.47,613757.416000,0
1790937060000,121.8000,121.8100,121.6600,121.6900,19834.13,1790937119999,2414383.203500,1915,4372.34,532295.306200,0
1790937120000,121.6800,121.8800,121.6700,121.8000,10648.17,1790937179999,1297157.465800,1465,8514.26,1037220.950900,0
1790937180000,121.7900,121.9200,121.7900,121.8800,6748.61,1790937239999,822480.775500,1153,5404.65,658672.012400,0
1790937240000,121.8800,121.9900,121.8800,121.8900,14970.58,1790937299999,1825639.731300,1803,6724.40,819973.515100,0
1790937300000,121.8900,122.0100,121.8700,122.0000,8182.04,1790937359999,997738.542500,1449,5615.61,684807.171200,0
1790937360000,122.0000,122.0000,121.9100,121.9200,3638.78,1790937419999,443727.620500,692,1190.09,145136.236300,0
1790937420000,121.9100,121.9200,121.8100,121.8200,7690.23,1790937479999,937222.492700,1173,3772.54,459792.215600,0
1790937480000,121.8200,121.8700,121.8100,121.8700,4985.42,1790937539999,607450.026400,706,3352.42,408484.841700,0
1790937540000,121.8600,121.9300,121.8600,121.9300,2578.67,1790937599999,314348.917800,706,2043.56,249114.130000,0
1790937600000,121.9200,121.9800,121.9200,121.9800,4275.36,1790937659999,521405.930300,938,2841.07,346491.235100,0
1790937660000,121.9800,122.1100,121.9700,122.0900,10253.91,1790937719999,1251538.199000,1629,6844.09,835299.065400,0
1790937720000,122.0900,122.1200,122.0300,122.0800,18291.05,1790937779999,2233059.697700,1679,12097.58,1476923.526600,0
1790937780000,122.0800,122.1800,122.0200,122.0600,24437.17,1790937839999,2983673.523400,2442,10956.32,1337710.461300,0
1790937840000,122.0500,122.0900,122.0400,122.0700,10747.50,1790937899999,1311824.068000,946,7190.61,877680.314100,0
1790937900000,122.0700,122.0900,122.0400,122.0500,8447.98,1790937959999,1031221.334600,860,4832.02,589840.858900,0
1790937960000,122.0400,122.0500,122.0000,122.0400,9398.93,1790938019999,1146855.907800,1057,4951.53,604215.056100,0
1790938020000,122.0400,122.0500,122.0000,122.0400,9971.53,1790938079999,1216841.632200,849,6455.67,787799.455100,0
1790938080000,122.0400,122.0400,121.9600,121.9900,10822.69,1790938139999,1320399.796500,1253,4314.64,526406.501600,0
1790938140000,121.9900,122.0300,121.9500,121.9900,14810.30,1790938199999,1806730.285600,1219,6626.61,808410.915700,0
1790938200000,121.9800,121.9900,121.8600,121.8800,7517.18,1790938259999,916387.317000,1264,2009.61,244944.006700,0
1790938260000,121.8800,121.8800,121.7500,121.7600,11816.25,1790938319999,1439439.356200,1617,2449.35,298348.885000,0
1790938320000,121.7500,121.7700,121.6800,121.6800,7687.15,1790938379999,935794.668800,1085,1967.67,239566.908000,0
1790938380000,121.6800,121.7400,121.6700,121.7000,6273.56,1790938439999,763504.450500,884,3286.91,400034.186600,0
1790938440000,121.7000,121.9900,121.7000,121.9500,35488.16,1790938499999,4323425.139800,2884,24980.04,3043437.395000,0
1790938500000,121.9500,122.0600,121.9200,121.9300,14011.24,1790938559999,1709448.583300,1823,9663.37,1179094.728300,0
1790938560000,121.9300,122.0100,121.9000,121.9400,15068.61,1790938619999,1837761.396000,1723,6467.73,788761.132900,0
1790938620000,121.9300,121.9500,121.9000,121.9200,3588.56,1790938679999,437539.164100,758,1928.45,235132.487300,0
1790938680000,121.9200,121.9500,121.8700,121.9500,5536.72,1790938739999,674995.057500,1034,3094.56,377279.327900,0
1790938740000,121.9400,121.9700,121.9000,121.9100,5742.62,1790938799999,700174.981300,810,3489.56,425477.296500,0
1790938800000,121.9100,121.9900,121.8500,121.8600,8489.17,1790938859999,1035144.413400,1624,3049.49,371896.348600,0
1790938860000,121.8500,122.0000,121.8300,121.9500,6941.16,1790938919999,846305.768000,1489,3808.14,464302.515600,0
1790938920000,121.9500,122.0700,121.9400,122.0400,8684.01,1790938979999,1059607.444500,1409,6302.43,768964.957700,0
1790938980000,122.0400,122.0500,121.9300,122.0400,5283.87,1790939039999,644595.359200,1591,1592.79,194297.870000,0
1790939040000,122.0400,122.1600,122.0300,122.1600,4228.25,1790939099999,516245.941800,1339,3341.96,408041.265400,0
1790939100000,122.1600,122.2400,122.1500,122.2200,9390.33,1790939159999,1147453.350600,1938,6727.70,822123.000700,0
1790939160000,122.2200,122.2900,122.2100,122.2900,5106.87,1790939219999,624415.863000,897,3989.03,487733.532900,0
1790939220000,122.2900,122.3400,122.2300,122.2400,11702.53,1790939279999,1431089.182800,1732,7251.29,886837.706800,0
1790939280000,122.2500,122.3000,122.1800,122.3000,8693.24,1790939339999,1062644.247400,1326,5473.52,669130.538700,0
1790939340000,122.3000,122.4300,122.2600,122.4000,21614.53,1790939399999,2644577.642200,2329,14431.01,1765723.339600,0
1790939400000,122.4000,122.4000,122.3100,122.3500,10484.74,1790939459999,1282825.620000,1710,5208.30,637248.301700,0
1790939460000,122.3500,122.3900,122.2600,122.2800,9273.13,1790939519999,1134413.164200,1373,3002.57,367365.843000,0
1790939520000,122.2800,122.2800,122.2100,122.2400,7034.36,1790939579999,859892.609200,1112,2667.63,326103.385900,0
1790939580000,122.2400,122.2500,122.1900,122.2000,4243.04,1790939639999,518538.378900,778,2150.13,262759.400600,0
1790939640000,122.2000,122.2200,122.1600,122.2200,7720.18,1790939699999,943332.166700,745,5621.19,686902.655900,0
1790939700000,122.2200,122.2900,122.1900,122.2900,2887.00,1790939759999,352863.425400,641,1606.72,196394.849200,0
1790939760000,122.2900,122.3000,122.1500,122.1600,7772.11,1790939819999,949982.045700,1305,1393.54,170356.938100,0
1790939820000,122.1600,122.2200,122.1200,122.1900,8220.54,1790939879999,1004353.368300,1477,4118.68,503250.583600,0
1790939880000,122.1900,122.1900,122.0700,122.0800,7550.94,1790939939999,922064.049600,1049,2445.05,298532.197000,0
1790939940000,122.0700,122.2100,122.0700,122.1700,2699.68,1790939999999,329700.998500,836,2069.54,252719.556200,0
1790940000000,122.1600,122.1900,122.1300,122.1900,2642.99,1790940059999,322866.341000,785,1313.92,160512.649000,0
1790940060000,122.1800,122.2000,122.1000,122.1100,3210.58,1790940119999,392249.106800,762,282.76,34548.087200,0
1790940120000,122.1100,122.1600,122.1000,122.1100,2115.87,1790940179999,258395.981500,560,861.58,105214.768400,0
1790940180000,122.1100,122.1200,122.0600,122.1100,5123.86,1790940239999,625591.860400,889,1307.23,159601.371000,0
1790940240000,122.1000,122.1000,122.0400,122.0900,5417.72,1790940299999,661295.475200,903,1517.15,185184.939700,0
1790940300000,122.0900,122.1100,122.0200,122.0900,4968.70,1790940359999,606545.300500,928,1507.52,184007.944000,0
1790940360000,122.0900,122.0900,122.0300,122.0400,2117.93,1790940419999,258496.721600,543,460.36,56184.327500,0
1790940420000,122.0300,122.0400,122.0100,122.0400,2406.86,1790940479999,293687.170000,572,959.72,117105.330600,0
1790940480000,122.0300,122.0400,122.0100,122.0200,1639.84,1790940539999,200110.403300,408,794.98,97014.868800,0
1790940540000,122.0100,122.0400,122.0100,122.0400,2569.72,1790940599999,313575.474400,285,1051.68,128336.638400,0
1790940600000,122.0300,122.0400,121.9500,121.9800,11937.15,1790940659999,1456256.916300,1381,2176.59,265533.610000,0
1790940660000,121.9700,122.1400,121.9500,122.1400,15993.63,1790940719999,1952194.013700,1760,9804.28,1196698.978900,0
1790940720000,122.1400,122.1400,122.0000,122.1200,7012.57,1790940779999,855935.437600,1552,3766.52,459712.312600,0
1790940780000,122.1100,122.1200,122.0700,122.0900,9442.05,1790940839999,1152880.285900,847,2355.67,287627.067400,0
1790940840000,122.0900,122.1200,122.0600,122.0900,6410.02,1790940899999,782627.984200,872,1447.03,176673.323000,0
1790940900000,122.0800,122.1400,122.0800,122.1200,3640.43,1790940959999,444561.625000,609,2949.68,360210.049600,0
1790940960000,122.1200,122.2300,122.1100,122.2300,4301.32,1790941019999,525457.727200,955,3561.03,435021.111700,0
1790941020000,122.2300,122.2300,122.1500,122.1600,3648.07,1790941079999,445740.182200,768,2047.45,250161.336500,0
1790941080000,122.1600,122.1900,122.1200,122.1500,3807.06,1790941139999,465041.715600,851,2509.13,306518.675000,0
1790941140000,122.1500,122.1500,122.0600,122.0800,17510.01,1790941199999,2137939.032400,1482,3238.12,395395.354000,0
1790941200000,122.0800,122.0800,121.9800,122.0100,5061.79,1790941259999,617664.509500,897,3025.43,369192.029400,0
1790941260000,122.0100,122.0700,121.9700,122.0000,10974.74,1790941319999,1339167.847200,1364,5602.40,683656.278100,0
1790941320000,122.0100,122.0700,122.0000,122.0600,6078.00,1790941379999,741637.234700,743,4024.54,491069.988100,0
1790941380000,122.0500,122.0600,121.9700,121.9800,5885.84,1790941439999,718226.458700,818,3333.71,406831.254300,0
1790941440000,121.9800,122.0500,121.9000,122.0400,12806.39,1790941499999,1561806.542300,1366,5127.89,625527.354800,0
1790941500000,122.0400,122.0400,121.9300,122.0300,9647.47,1790941559999,1176924.857700,1301,3187.03,388841.912900,0
1790941560000,122.0200,122.0600,121.9900,122.0300,5367.53,1790941619999,655009.771700,901,3020.91,368645.709300,0
1790941620000,122.0300,122.0300,121.9200,121.9500,6114.32,1790941679999,745675.644600,978,1257.49,153340.202000,0
1790941680000,121.9500,121.9800,121.9200,121.9500,5769.28,1790941739999,703563.448700,921,2611.82,318527.546600,0
1790941740000,121.9400,121.9900,121.8500,121.9900,15473.55,1790941799999,1886569.474200,1820,6023.63,734419.883800,0
1790941800000,121.9800,121.9900,121.9600,121.9700,4553.55,1790941859999,555398.841200,647,1530.56,186685.387700,0
1790941860000,121.9700,122.0400,121.9600,122.0200,8218.53,1790941919999,1002674.166300,1088,3258.66,397563.168500,0
1790941920000,122.0200,122.1200,122.0100,122.1200,5317.48,1790941979999,649148.230200,907,4152.48,506924.727900,0
1790941980000,122.1200,122.1300,122.0300,122.0400,7677.36,1790942039999,937389.610800,1255,3539.76,432194.213400,0
1790942040000,122.0400,122.1000,122.0300,122.1000,3965.66,1790942099999,484122.769100,773,2776.68,338972.883900,0
1790942100000,122.1000,122.1100,121.8800,121.8900,13707.53,1790942159999,1672318.011000,1719,1928.18,235383.973400,0
1790942160000,121.8800,121.9400,121.8700,121.9200,6506.62,1790942219999,793189.090500,952,4441.34,541432.171900,0
1790942220000,121.9100,121.9200,121.8700,121.9000,11990.16,1790942279999,1461536.619100,1055,5381.45,655961.288600,0
1790942280000,121.8900,121.8900,121.8400,121.8800,5100.31,1790942339999,621540.947000,861,2241.68,273190.749800,0
1790942340000,121.8700,121.9000,121.7500,121.8000,11515.14,1790942399999,1402738.342300,1511,3904.87,475634.255700,0
1790942400000,121.8000,121.9200,121.7200,121.8800,15067.63,1790942459999,1835557.534400,2020,7574.42,922625.525000,0
1790942460000,121.8800,121.8800,121.7000,121.7100,15712.15,1790942519999,1912761.629000,2092,6054.63,737004.623200,0
1790942520000,121.7100,121.7100,121.5700,121.6000,21855.35,1790942579999,2658460.869400,3216,8681.18,1055935.200100,0
1790942580000,121.6000,121.7300,121.5800,121.6400,24798.70,1790942639999,3017014.330400,2194,12771.94,1553865.668300,0
1790942640000,121.6400,121.7700,121.6400,121.7400,7691.39,1790942699999,936286.039500,1483,4584.26,558034.340100,0
1790942700000,121.7400,121.8400,121.7200,121.7400,6270.79,1790942759999,763626.225000,1641,3077.82,374827.654200,0
1790942760000,121.7400,121.8600,121.7200,121.8600,5433.49,1790942819999,661770.863700,899,3003.62,365864.814200,0
1790942820000,121.8600,121.9100,121.8500,121.9100,5620.51,1790942879999,684989.815400,873,4117.70,501841.857500,0
1790942880000,121.9100,121.9400,121.8100,121.9400,5056.83,1790942939999,616299.341200,1030,3344.99,407680.609800,0
1790942940000,121.9400,121.9500,121.8700,121.8700,3925.61,1790942999999,478560.325800,876,1646.29,200698.393500,0
1790943000000,121.8600,121.9100,121.8200,121.8800,4215.81,1790943059999,513717.689000,966,2070.35,252295.035500,0
1790943060000,121.8900,121.8900,121.8300,121.8400,4782.02,1790943119999,582705.695300,725,1874.01,228357.200900,0
1790943120000,121.8400,121.8500,121.7800,121.8200,5777.25,1790943179999,703765.025600,985,2259.45,275232.275000,0
1790943180000,121.8300,121.8300,121.7400,121.7700,7924.39,1790943239999,965114.054400,1145,4298.77,523550.978700,0
1790943240000,121.7800,121.8000,121.7300,121.7400,5553.21,1790943299999,676156.543300,934,2132.21,259613.859900,0
1790943300000,121.7400,121.8400,121.7100,121.8100,11018.71,1790943359999,1341747.773800,1271,3841.62,467829.987800,0
1790943360000,121.8100,121.9400,121.8100,121.8700,8030.44,1790943419999,978827.601000,1389,6508.11,793263.746700,0
1790943420000,121.8600,121.9200,121.8500,121.8800,14950.51,1790943479999,1822280.596800,1384,3813.03,464760.008500,0
1790943480000,121.8700,121.9400,121.8700,121.9000,4848.66,1790943539999,591144.942400,818,2603.99,317478.240900,0
1790943540000,121.9000,121.9900,121.8800,121.9400,9114.86,1790943599999,1111481.025000,1340,4994.64,609076.914100,0
1790943600000,121.9500,122.0200,121.9400,122.0200,7479.92,1790943659999,912447.128100,942,4381.28,534429.645100,0
1790943660000,122.0200,122.0500,122.0000,122.0400,10364.50,1790943719999,1264781.759000,1456,8115.22,990306.552600,0
1790943720000,122.0400,122.1000,122.0300,122.0600,10838.21,1790943779999,1322961.381000,1210,5085.59,620781.867100,0
1790943780000,122.0500,122.0500,121.8500,121.8700,14788.45,1790943839999,1803455.260200,1768,2578.10,314433.513900,0
1790943840000,121.8600,121.9300,121.7300,121.8100,8757.61,1790943899999,1066970.214400,1659,3408.27,415202.806200,0
1790943900000,121.8100,122.0200,121.7500,121.9900,20668.99,1790943959999,2519006.962100,2107,15553.06,1895475.693800,0
1790943960000,121.9900,121.9900,121.8300,121.9600,11652.66,1790944019999,1420500.671800,1509,6919.53,843560.458800,0
1790944020000,121.9500,122.0200,121.9100,122.0000,11526.77,1790944079999,1405821.436100,1314,6455.31,787327.213700,0
1790944080000,122.0000,122.0800,121.9300,122.0800,14068.76,1790944139999,1716391.481400,1564,7933.24,967814.307700,0
1790944140000,122.0700,122.2300,122.0700,122.0900,22617.81,1790944199999,2762734.862400,2657,13374.35,1633639.702400,0
1790944200000,122.0900,122.7800,121.9200,122.5500,297285.58,1790944259999,36360407.212900,26500,179778.56,21990560.010800,0
1790944260000,122.5400,123.2300,122.4500,122.5400,203137.12,1790944319999,24964493.628500,18210,134186.16,16494763.331600,0
1790944320000,122.5300,122.8600,122.5100,122.8500,102976.22,1790944379999,12634202.281100,8904,68804.66,8442717.176000,0
1790944380000,122.8600,122.8600,122.2800,122.4300,98662.20,1790944439999,12086505.286600,7980,32193.14,3943096.377800,0
1790944440000,122.4300,122.4300,122.0400,122.3300,53090.75,1790944499999,6488690.325200,7025,17747.65,2169698.860000,0
1790944500000,122.3300,122.3900,122.2000,122.2800,19686.51,1790944559999,2407275.255400,3480,11139.55,1362208.356400,0
1790944560000,122.2800,122.5300,122.1600,122.4800,24555.40,1790944619999,3004402.198800,3666,16329.32,1998119.059000,0
1790944620000,122.4800,122.5900,122.4100,122.5100,36368.36,1790944679999,4454870.745800,3980,21171.49,2593357.848200,0
1790944680000,122.5100,122.5100,122.3300,122.3600,16799.44,1790944739999,2056253.242100,2401,5963.26,729886.958600,0
1790944740000,122.3600,122.4000,122.2300,122.2800,17727.46,1790944799999,2168076.856600,2706,4133.07,505499.851800,0
1790944800000,122.2800,122.3000,121.9900,122.1900,45167.89,1790944859999,5515769.502500,4680,10864.43,1326913.648500,0
1790944860000,122.1900,122.2100,121.7000,121.9100,44431.24,1790944919999,5417097.398900,5250,11460.24,1397676.481400,0
1790944920000,121.9000,122.0300,121.7500,121.8600,40408.84,1790944979999,4926438.276500,4564,18607.62,2268611.292400,0
1790944980000,121.8600,121.9100,121.5700,121.6600,37822.30,1790945039999,4604431.149800,4798,16266.49,1980359.487700,0
1790945040000,121.6600,121.8900,121.5800,121.7500,32698.89,1790945099999,3979097.202400,3781,17192.75,2092414.794700,0
1790945100000,121.7400,121.9800,121.6900,121.9600,14949.65,1790945159999,1821896.141100,2852,9823.96,1197321.354800,0
1790945160000,121.9600,122.2200,121.9500,122.2000,21151.31,1790945219999,2582535.243300,2718,17201.93,2100174.173400,0
1790945220000,122.2000,122.2700,122.0800,122.2700,11492.36,1790945279999,1404142.774700,2372,6297.59,769512.720100,0
1790945280000,122.2700,122.2900,122.2100,122.2400,9122.28,1790945339999,1115279.306500,1456,5080.81,621163.580400,0
1790945340000,122.2400,122.3500,122.1600,122.1700,9854.04,1790945399999,1204757.147700,2059,3646.54,445877.423600,0
1790945400000,122.1600,122.3500,122.0800,122.2500,13183.90,1790945459999,1611073.641900,2623,7981.66,975494.638300,0
1790945460000,122.2500,122.2600,122.0700,122.1300,11956.56,1790945519999,1460500.440000,2113,6347.77,775295.181900,0
1790945520000,122.1300,122.3400,122.1200,122.2500,16681.12,1790945579999,2039304.285200,2213,8028.87,981415.599800,0
1790945580000,122.2500,122.3200,122.2100,122.2600,9605.60,1790945639999,1174387.054300,1558,6333.93,774366.860700,0
1790945640000,122.2600,122.3700,122.2300,122.3600,7543.53,1790945699999,922698.418200,1154,4860.05,594451.866000,0
1790945700000,122.3600,122.4800,122.3600,122.4500,13815.60,1790945759999,1691283.571400,2115,7697.38,942284.948200,0
1790945760000,122.4500,122.6200,122.4300,122.6000,29642.60,1790945819999,3632317.777500,2685,24001.35,2941071.600500,0
1790945820000,122.6000,122.6000,122.4600,122.5400,12681.25,1790945879999,1553620.388400,2106,6089.61,746036.313100,0
1790945880000,122.5500,122.5600,122.4800,122.5300,9408.15,1790945939999,1152725.978400,1308,4506.26,552147.181700,0
1790945940000,122.5200,122.6200,122.5100,122.5300,16459.56,1790945999999,2017415.220300,1933,11425.70,1400469.331100,0
1790946000000,122.5200,122.5300,122.3200,122.5200,32933.69,1790946059999,4031818.335500,3269,8507.41,1041867.654200,0
1790946060000,122.5200,122.7400,122.5000,122.7200,34363.68,1790946119999,4214321.600500,3380,25906.53,3177201.035800,0
1790946120000,122.7100,122.7400,122.5400,122.6200,45503.00,1790946179999,5580258.208200,3558,16124.77,1977316.496400,0
1790946180000,122.6200,122.9300,122.6000,122.9100,21282.48,1790946239999,2612738.182700,2707,13786.81,1692751.150700,0
1790946240000,122.9100,122.9600,122.7300,122.7500,22536.80,1790946299999,2768658.456800,2587,5142.83,631984.047800,0
1790946300000,122.7400,122.7800,122.6000,122.6400,17523.47,1790946359999,2150182.398500,2288,5866.22,719827.112800,0
1790946360000,122.6400,122.7100,122.5000,122.5400,22244.23,1790946419999,2726543.876000,2483,8137.60,997602.387400,0
1790946420000,122.5400,122.5700,122.4500,122.5100,16452.25,1790946479999,2015478.219000,2084,6303.67,772208.107300,0
1790946480000,122.5100,122.5900,122.4600,122.4800,12419.45,1790946539999,1521602.171100,1610,6119.24,749692.301600,0
1790946540000,122.4800,122.5400,122.4400,122.5000,8278.58,1790946599999,1013984.117600,1354,2551.82,312573.487900,0
1790946600000,122.5000,122.5800,122.4900,122.5700,3478.27,1790946659999,426240.952500,793,2278.26,279183.302000,0
1790946660000,122.5600,122.5700,122.3700,122.3900,12500.01,1790946719999,1530548.784500,2051,4198.71,514056.346400,0
1790946720000,122.3800,122.4100,122.3200,122.3700,6826.37,1790946779999,835268.546200,1257,3560.34,435654.406300,0
1790946780000,122.3700,122.4200,122.3300,122.4100,5365.66,1790946839999,656644.417100,1018,2623.13,321007.046200,0
1790946840000,122.4000,122.4800,122.3500,122.3700,9439.40,1790946899999,1155515.256900,1367,3085.25,377705.409500,0
1790946900000,122.3700,122.4400,122.2800,122.4400,13165.41,1790946959999,1611151.389100,1881,3374.54,412928.917400,0
1790946960000,122.4400,122.5500,122.4000,122.5000,16335.23,1790947019999,2001060.856800,2132,10550.54,1292394.430000,0
1790947020000,122.4900,122.5600,122.3100,122.3700,13459.22,1790947079999,1647578.969000,1976,4495.76,550498.091100,0
1790947080000,122.3800,122.4700,122.3500,122.3600,6461.63,1790947139999,791012.797600,1422,3505.59,429153.271600,0
1790947140000,122.3600,122.5300,122.3500,122.4500,7012.29,1790947199999,858673.085700,1414,4213.46,515888.231700,0
1790947200000,122.4400,122.5200,122.3500,122.5100,7781.96,1790947259999,952595.284700,1683,2896.03,354538.458900,0
1790947260000,122.5200,122.6000,122.4300,122.4400,9900.38,1790947319999,1213189.135000,1588,6405.94,785026.195500,0
1790947320000,122.4400,122.5000,122.3800,122.4900,5995.06,1790947379999,734100.119500,1106,3990.29,488619.567000,0
1790947380000,122.4800,122.4800,122.3500,122.4700,7379.41,1790947439999,903303.427000,1170,1884.33,230681.988700,0
1790947440000,122.4700,122.4700,122.3400,122.3900,3919.02,1790947499999,479606.821300,1004,1384.72,169452.345800,0
1790947500000,122.4000,122.4500,122.3200,122.3700,7141.77,1790947559999,874070.777600,1464,3234.40,395856.373600,0
1790947560000,122.3700,122.4100,122.2400,122.2800,12026.34,1790947619999,1470908.369700,1347,1849.47,226241.238700,0
1790947620000,122.2700,122.3200,122.2300,122.3000,6850.69,1790947679999,837685.307500,1224,2343.65,286589.906600,0
1790947680000,122.3000,122.4100,122.3000,122.3600,6547.06,1790947739999,801070.769600,1274,3280.10,401375.187300,0
1790947740000,122.3600,122.3800,122.2500,122.2700,7059.61,1790947799999,863486.774300,1142,2675.07,327217.296000,0
1790947800000,122.2700,122.3600,122.1900,122.3600,16254.26,1790947859999,1987324.696100,2985,8031.67,982063.446900,0
1790947860000,122.3600,122.7100,122.3600,122.6800,26666.66,1790947919999,3267087.331200,3733,15710.12,1925043.035600,0
1790947920000,122.6800,122.8000,122.6600,122.7400,27380.19,1790947979999,3360686.223000,3205,11953.46,1467228.790100,0
1790947980000,122.7400,122.8500,122.6500,122.8400,20584.03,1790948039999,2526669.546200,2976,7042.92,864708.738900,0
1790948040000,122.8400,123.0000,122.7600,122.9900,43844.23,1790948099999,5388433.773800,3900,21563.62,2650792.653600,0
1790948100000,122.9800,123.2200,122.9800,123.0600,56290.71,1790948159999,6929719.601100,5408,32667.77,4021779.033500,0
1790948160000,123.0600,123.2200,122.9900,123.2200,39424.57,1790948219999,4854313.303700,4309,22760.26,2802753.560000,0
1790948220000,123.2100,123.3600,123.1500,123.1700,51909.33,1790948279999,6398506.809900,5319,30565.12,3767620.367200,0
1790948280000,123.1800,123.2900,122.9300,123.0300,37087.11,1790948339999,4564594.395800,4881,13818.73,1700939.259000,0
1790948340000,123.0200,123.2100,122.9700,123.1300,23960.19,1790948399999,2949077.486600,3493,12541.52,1543654.997500,0
1790948400000,123.1400,123.1600,122.9800,122.9900,22376.14,1790948459999,2753444.037500,2627,10034.69,1234811.562400,0
1790948460000,122.9900,123.0200,122.8600,122.9500,21093.19,1790948519999,2593431.021000,2714,8674.86,1066539.180500,0
1790948520000,122.9500,122.9500,122.7700,122.8300,27328.71,1790948579999,3357865.432900,3576,6860.97,842980.867500,0
1790948580000,122.8200,123.0100,122.7700,122.8800,27826.52,1790948639999,3421165.532800,2984,18264.20,2245544.432200,0
1790948640000,122.8800,122.9600,122.7700,122.8900,17242.85,1790948699999,2118096.754900,2769,4983.16,612254.278400,0
1790948700000,122.8800,123.0000,122.8500,122.9700,11378.40,1790948759999,1398779.901200,1885,5843.77,718406.836200,0
1790948760000,122.9700,123.0500,122.8500,122.9400,22290.05,1790948819999,2740733.626200,3006,12389.64,1523511.637800,0
1790948820000,122.9400,123.0000,122.8600,122.9400,14556.91,1790948879999,1789448.241700,2139,5779.45,710546.166000,0
1790948880000,122.9300,122.9400,122.5400,122.7900,33663.94,1790948939999,4129826.359100,4582,11492.49,1409975.017300,0
1790948940000,122.8000,122.9200,122.7300,122.7500,24495.15,1790948999999,3009080.771500,2638,14140.34,1737106.666900,0
1790949000000,122.7400,122.7600,122.5100,122.5500,28700.30,1790949059999,3518498.105300,3798,9770.03,1197695.372000,0
1790949060000,122.5500,122.5600,122.2400,122.2500,49674.26,1790949119999,6079147.610700,5380,11661.80,1427162.273500,0
1790949120000,122.2600,122.5200,122.2500,122.4500,23659.51,1790949179999,2895239.334600,3481,16401.71,2007060.509500,0
1790949180000,122.4400,122.5500,122.3700,122.5300,10951.22,1790949239999,1341021.142300,1940,4586.64,561664.274300,0
1790949240000,122.5300,122.5500,122.1900,122.2300,26210.58,1790949299999,3206481.114400,3288,7139.27,873736.259400,0
1790949300000,122.2300,122.3000,122.1100,122.2500,26374.78,1790949359999,3222694.435000,3689,15938.63,1947407.925200,0
1790949360000,122.2500,122.3000,122.0000,122.0200,33095.98,1790949419999,4042497.628000,3564,13994.85,1710176.978700,0
1790949420000,122.0200,122.2100,121.8500,122.0700,46064.54,1790949479999,5620853.298900,6225,21247.59,2593230.169100,0
1790949480000,122.0800,122.1800,121.9900,122.1700,27705.38,1790949539999,3382364.513300,3722,16530.26,2018101.935400,0
1790949540000,122.1800,122.1800,122.0000,122.0200,23839.05,1790949599999,2910568.327500,2496,12083.46,1475390.588500,0
1790949600000,122.0300,122.0500,121.8600,121.9400,60549.26,1790949659999,7383700.751500,4621,18467.78,2252497.969300,0
1790949660000,121.9400,122.0600,121.8100,122.0600,31214.75,1790949719999,3806079.683300,4067,22236.74,2711468.445200,0
1790949720000,122.0500,122.2400,122.0300,122.1700,18316.42,1790949779999,2237238.395200,2761,11690.64,1427850.092200,0
1790949780000,122.1700,122.1900,122.0300,122.1200,14632.95,1790949839999,1786955.954000,2427,8344.55,1019105.888300,0
1790949840000,122.1100,122.3600,122.1100,122.3500,13486.98,1790949899999,1648349.682400,2158,10239.23,1251453.475900,0
1790949900000,122.3600,122.4200,122.2000,122.2100,13375.78,1790949959999,1636288.321200,2877,5049.63,617850.043500,0
1790949960000,122.2200,122.2700,122.0500,122.0600,10339.64,1790950019999,1263101.256700,2044,3230.81,394677.304100,0
1790950020000,122.0500,122.0500,121.7600,121.7800,32565.13,1790950079999,3968789.368100,4698,8226.79,1002743.879600,0
1790950080000,121.7800,121.9600,121.7000,121.9300,26046.88,1790950139999,3173404.017600,4309,12308.75,1499773.024900,0
1790950140000,121.9200,122.1000,121.9200,121.9400,19179.25,1790950199999,2339962.486600,3055,12785.01,1559744.525600,0
1790950200000,121.9300,122.0000,121.7500,121.7900,19528.31,1790950259999,2379962.913400,3320,8117.97,989437.753600,0
1790950260000,121.7900,121.8700,121.6800,121.7500,37885.24,1790950319999,4612361.153000,4288,11994.68,1460525.911000,0
1790950320000,121.7500,121.9500,121.7300,121.8900,14987.45,1790950379999,1825922.100900,2505,8405.29,1024128.256400,0
1790950380000,121.8900,121.9800,121.8700,121.9300,8993.86,1790950439999,1096730.665700,1546,6426.98,783706.956000,0
1790950440000,121.9200,121.9300,121.7800,121.7800,11920.72,1790950499999,1452537.482600,1910,4641.98,565643.143200,0
1790950500000,121.7800,121.8100,121.6200,121.6400,22081.68,1790950559999,2687168.110900,2796,9043.09,1100473.332000,0
1790950560000,121.6400,121.8500,121.5800,121.8200,30149.84,1790950619999,3668132.304900,3382,12489.18,1519833.837500,0
1790950620000,121.8100,121.9000,121.8100,121.8900,12228.42,1790950679999,1490167.015400,1761,9276.00,1130373.080000,0
1790950680000,121.8900,122.0900,121.8900,121.9200,18277.36,1790950739999,2229778.193800,2895,12898.81,1573573.784400,0
1790950740000,121.9300,122.0600,121.9300,122.0600,11002.86,1790950799999,1342337.770900,1751,8802.97,1073972.924700,0
1790950800000,122.0500,122.1500,121.9700,122.1200,16273.42,1790950859999,1986292.298400,2281,8526.78,1040874.614600,0
1790950860000,122.1200,122.3000,122.0600,122.2700,10318.42,1790950919999,1260836.427800,2121,6807.05,831800.008300,0
1790950920000,122.2700,122.2700,122.0200,122.1200,8564.17,1790950979999,1046040.634200,1872,4160.94,508227.167500,0
1790950980000,122.1200,122.1200,122.0300,122.0700,6839.05,1790951039999,834800.981600,1476,2818.54,344024.310000,0
1790951040000,122.0700,122.1500,122.0500,122.1100,4959.67,1790951099999,605595.863800,1313,2049.50,250254.815900,0
1790951100000,122.1100,122.1300,121.9500,121.9700,14506.17,1790951159999,1770337.816500,1772,4841.50,590899.594900,0
1790951160000,121.9700,122.0600,121.8800,121.9700,18156.95,1790951219999,2214915.462000,2026,4700.86,573449.938300,0
1790951220000,121.9600,122.0700,121.8400,121.8500,17126.10,1790951279999,2088674.567000,2234,5844.51,712927.087900,0
1790951280000,121.8400,121.9400,121.8100,121.8900,23123.94,1790951339999,2818018.652000,2529,8057.64,981945.710800,0
1790951340000,121.8900,121.9000,121.6300,121.6600,22916.42,1790951399999,2790088.804000,2890,8497.65,1034694.827200,0
1790951400000,121.6600,121.6800,121.4400,121.6000,37763.15,1790951459999,4590155.520400,5011,13223.68,1607481.263900,0
1790951460000,121.5900,121.7000,121.4100,121.4300,21205.76,1790951519999,2577297.161800,3423,9131.84,1110042.716500,0
1790951520000,121.4400,121.6100,121.3200,121.5000,36448.96,1790951579999,4425812.418100,4393,14033.78,1704474.713000,0
1790951580000,121.5000,121.5100,121.2400,121.3700,27803.35,1790951639999,3373751.230100,3703,10206.41,1238739.767000,0
1790951640000,121.3800,121.3900,121.0100,121.2700,59279.97,1790951699999,7182005.173800,7003,20696.33,2507475.219500,0
1790951700000,121.2700,121.5300,121.2000,121.4400,47493.32,1790951759999,5764183.710800,4884,30025.64,3644861.669300,0
1790951760000,121.4500,121.4900,121.2200,121.3200,24401.64,1790951819999,2961246.065900,3406,9985.32,1211706.922100,0
1790951820000,121.3200,121.3500,121.1100,121.1300,25464.25,1790951879999,3086422.440300,4038,13152.19,1593967.123600,0
1790951880000,121.1300,121.3700,121.1300,121.3000,24707.60,1790951939999,2995351.883800,3016,10512.16,1274645.417900,0
1790951940000,121.3000,121.3900,121.2800,121.3700,12503.66,1790951999999,1517137.927200,1712,6703.11,813350.514200,0
1790952000000,121.3600,121.4000,121.2600,121.3200,12112.75,1790952059999,1469542.518300,1876,7131.40,865240.604500,0
1790952060000,121.3200,121.4000,121.2000,121.4000,9439.08,1790952119999,1144804.225300,2138,4677.20,567356.893800,0
1790952120000,121.3900,121.5000,121.3900,121.4200,15799.34,1790952179999,1918807.093700,2137,9758.98,1185266.934200,0
1790952180000,121.4200,121.4400,121.3500,121.3700,9121.64,1790952239999,1107276.498100,1297,5654.34,686394.656000,0
1790952240000,121.3700,121.4000,121.2000,121.4000,14068.66,1790952299999,1706619.529400,2384,5149.19,624722.137300,0
1790952300000,121.4000,121.4400,121.2800,121.2800,17358.58,1790952359999,2106716.318900,2218,8130.15,986796.119000,0
1790952360000,121.2900,121.4600,121.2900,121.4400,11159.97,1790952419999,1354400.027200,1723,8348.95,1013172.822300,0
1790952420000,121.4300,121.5500,121.4000,121.5300,10216.24,1790952479999,1241229.107400,1539,7933.58,963914.971500,0
1790952480000,121.5300,121.5600,121.4600,121.5400,6715.39,1790952539999,816052.325100,1170,3579.68,434989.716800,0
1790952540000,121.5500,121.5500,121.4200,121.4400,8174.54,1790952599999,993031.701900,1258,4380.08,532088.848300,0
1790952600000,121.4500,121.4500,121.2800,121.2900,8501.77,1790952659999,1031739.497000,1846,2316.91,281166.852200,0
1790952660000,121.2900,121.2900,121.0600,121.1400,17557.69,1790952719999,2127157.514700,2729,5493.24,665435.835400,0
1790952720000,121.1400,121.1700,120.9100,121.0600,52612.95,1790952779999,6367205.236700,5168,20924.13,2532485.050600,0
1790952780000,121.0700,121.0900,120.8400,120.9100,23898.31,1790952839999,2890999.905600,3197,8100.95,980412.844200,0
1790952840000,120.9100,120.9100,120.3400,120.3800,151159.61,1790952899999,18232865.409500,12000,47335.13,5710479.151200,0
1790952900000,120.3800,120.5400,120.0600,120.5100,97788.87,1790952959999,11763617.704900,10163,43044.29,5179833.714000,0
1790952960000,120.5200,120.5800,120.3200,120.5600,28725.82,1790953019999,3460535.431300,4089,18034.63,2172778.273400,0
1790953020000,120.5700,120.6600,120.5100,120.6200,20552.33,1790953079999,2478165.375300,2573,12555.88,1513998.618400,0
1790953080000,120.6300,120.6900,120.5900,120.6300,11365.37,1790953139999,1371085.809100,1616,7139.44,861316.976700,0
1790953140000,120.6200,120.6800,120.5200,120.6200,26573.90,1790953199999,3205191.820600,2118,7207.96,869450.497400,0
1790953200000,120.6100,120.7000,120.5100,120.5300,32737.79,1790953259999,3949003.631300,3676,11905.24,1436208.521000,0
1790953260000,120.5300,120.6200,120.4600,120.5900,34009.75,1790953319999,4099343.756900,3616,12307.43,1483546.240200,0
1790953320000,120.5900,120.6500,120.4000,120.4000,36543.87,1790953379999,4403945.740600,3103,12211.89,1471495.942900,0
1790953380000,120.4000,120.5000,120.3100,120.4200,26206.12,1790953439999,3156124.122800,3210,13395.43,1613275.150800,0
1790953440000,120.4200,120.4500,120.2400,120.2900,19458.81,1790953499999,2341793.536400,2902,9860.21,1186769.203800,0
1790953500000,120.2900,120.3500,119.8400,120.0100,94350.02,1790953559999,11326253.558700,9524,35538.91,4266918.846500,0
1790953560000,120.0100,120.0100,119.7900,119.9500,59081.15,1790953619999,7083102.312200,5735,20579.19,2466969.932700,0
1790953620000,119.9600,119.9600,119.6200,119.6800,46053.15,1790953679999,5516963.446100,5415,18046.89,2162338.840000,0
1790953680000,119.6800,119.9700,119.6200,119.9400,32733.09,1790953739999,3920386.778500,4109,21344.83,2556802.115100,0
1790953740000,119.9300,120.1200,119.8900,120.0900,32571.26,1790953799999,3909056.907800,3470,20381.52,2446248.225500,0
1790953800000,120.0900,120.2700,120.0600,120.2000,26865.26,1790953859999,3228339.646500,3592,19832.87,2383311.138900,0
1790953860000,120.2000,120.2300,120.0300,120.1600,16554.87,1790953919999,1988846.386400,2482,9847.88,1183137.243200,0
1790953920000,120.1600,120.2200,120.0000,120.0200,18954.33,1790953979999,2276148.213700,2483,6073.76,729425.607600,0
1790953980000,120.0100,120.1200,119.9500,120.1100,8661.11,1790954039999,1039613.400600,1896,5533.19,664228.866800,0
1790954040000,120.1200,120.2300,120.1200,120.1900,8819.73,1790954099999,1059869.532300,1646,5496.02,660467.064800,0
1790954100000,120.1800,120.3000,120.0300,120.0300,22808.27,1790954159999,2741065.124600,2743,10427.73,1253183.539000,0
1790954160000,120.0300,120.0400,119.8200,119.8300,21342.58,1790954219999,2559934.780600,2617,9665.56,1159466.530700,0
1790954220000,119.8300,120.0000,119.7600,119.9300,29440.46,1790954279999,3528810.602700,3259,14138.39,1694963.353800,0
1790954280000,119.9300,120.0700,119.9300,120.0400,10763.80,1790954339999,1291649.001600,1745,8427.93,1011341.127100,0
1790954340000,120.0400,120.0900,119.8800,119.9100,8880.21,1790954399999,1065513.489000,2002,4437.91,532441.823400,0
1790954400000,119.9200,120.0100,119.8600,119.8700,10940.23,1790954459999,1312041.629400,2185,6298.08,755307.906500,0
1790954460000,119.8600,119.9900,119.8500,119.9400,11847.03,1790954519999,1420631.014200,2156,6533.98,783483.230300,0
1790954520000,119.9300,120.0400,119.8600,119.8600,8914.29,1790954579999,1069247.677700,1441,5217.21,625841.986200,0
1790954580000,119.8700,119.9400,119.8300,119.8900,14489.61,1790954639999,1736851.891500,1846,8273.48,991720.320400,0
1790954640000,119.9000,119.9500,119.6500,119.7100,38713.97,1790954699999,4639438.887400,3274,26402.78,3164654.511000,0
1790954700000,119.7000,119.8300,119.6500,119.8000,27741.87,1790954759999,3322206.277400,2908,20295.14,2430623.752000,0
1790954760000,119.8000,120.0900,119.7900,120.0800,19966.49,1790954819999,2394722.115000,2977,15104.58,1811724.285800,0
1790954820000,120.0700,120.1500,119.9700,120.1000,23109.77,1790954879999,2774459.885800,2508,8626.65,1035766.390200,0
1790954880000,120.0900,120.2000,120.0900,120.1400,14140.99,1790954939999,1699156.794000,1695,7823.18,939995.160600,0
1790954940000,120.1300,120.1400,119.9300,120.0400,16199.55,1790954999999,1944412.268100,2054,4891.63,587079.396500,0
1790955000000,120.0300,120.1400,119.9100,119.9800,32590.68,1790955059999,3911797.660900,3419,22225.53,2667744.185900,0
1790955060000,119.9700,120.0900,119.9000,119.9300,12519.09,1790955119999,1502182.038300,2019,6548.81,785740.364200,0
1790955120000,119.9300,119.9800,119.7900,119.9200,14670.13,1790955179999,1758660.801000,2366,5964.60,715024.943500,0
1790955180000,119.9100,120.0800,119.8600,120.0600,11093.42,1790955239999,1331004.960200,1785,7782.89,933796.427300,0
1790955240000,120.0700,120.0900,119.8400,119.8500,10395.18,1790955299999,1246643.402200,1707,5369.79,644015.474400,0
1790955300000,119.8600,119.9600,119.7500,119.9000,21521.08,1790955359999,2579504.967700,2853,8863.13,1062465.014600,0
1790955360000,119.8900,119.9300,119.7800,119.8400,8392.30,1790955419999,1005838.370700,1848,4456.37,534136.808500,0
1790955420000,119.8400,119.9700,119.7500,119.9400,52577.63,1790955479999,6302963.716400,3619,39205.94,4699551.780000,0
1790955480000,119.9500,120.0200,119.8900,120.0100,18164.53,1790955539999,2178594.767300,1808,6727.39,806852.153400,0
1790955540000,120.0000,120.0400,119.8500,119.9100,14133.07,1790955599999,1695238.763800,1726,4706.41,564522.324300,0
1790955600000,119.9000,119.9000,119.7400,119.7600,17777.81,1790955659999,2129840.754000,2036,8780.95,1051980.502000,0
1790955660000,119.7500,119.7900,119.6800,119.7900,23125.13,1790955719999,2768296.256600,2131,7708.18,922802.877200,0
1790955720000,119.7800,120.1600,119.7400,120.1400,43718.56,1790955779999,5248275.579600,3696,29312.15,3518619.811400,0
1790955780000,120.1400,120.1400,119.8800,119.8900,17681.41,1790955839999,2122274.514600,2434,7407.92,889340.151800,0
1790955840000,119.8900,119.9200,119.8200,119.8700,12148.74,1790955899999,1456306.261900,1336,3077.78,368933.594500,0
1790955900000,119.8700,119.9200,119.8100,119.8400,8358.74,1790955959999,1001906.870500,1583,4037.75,484008.924400,0
1790955960000,119.8400,119.8700,119.7500,119.8000,12363.88,1790956019999,1481443.952900,2035,5252.00,629269.145000,0
1790956020000,119.7900,119.8500,119.7200,119.7800,14653.95,1790956079999,1755133.527300,1809,10007.63,1198557.578900,0
1790956080000,119.7700,119.9800,119.7600,119.8600,14543.87,1790956139999,1743782.358400,2302,10624.05,1273845.023800,0
1790956140000,119.8500,120.0600,119.8200,120.0200,41331.55,1790956199999,4959060.058300,2994,29450.28,3533633.671500,0
1790956200000,120.0200,120.1000,119.9000,119.9600,12724.16,1790956259999,1526972.609700,2030,3743.91,449168.102200,0
1790956260000,119.9500,120.2300,119.9300,120.0900,42653.36,1790956319999,5123861.593500,3719,23873.34,2868352.147400,0
1790956320000,120.0900,120.0900,119.9000,119.9600,11686.92,1790956379999,1402441.782700,2178,4681.63,561788.547200,0
1790956380000,119.9600,120.0200,119.9000,119.9000,10381.82,1790956439999,1245298.142100,1634,5288.00,634326.198200,0
1790956440000,119.9000,120.0300,119.7800,119.8300,19874.10,1790956499999,2382804.386600,2335,9520.99,1141623.674300,0
1790956500000,119.8300,119.8300,119.6700,119.8200,21926.39,1790956559999,2625284.815200,2607,5947.61,712227.928000,0
1790956560000,119.8200,119.9400,119.8000,119.8400,14544.43,1790956619999,1743238.874900,2338,9641.11,1155510.359600,0
1790956620000,119.8400,119.8900,119.8100,119.8700,4562.22,1790956679999,546798.694200,1336,2927.37,350850.746600,0
1790956680000,119.8800,119.9200,119.8200,119.8300,10772.20,1790956739999,1291133.301600,1225,7827.93,938239.213500,0
1790956740000,119.8200,119.9300,119.8100,119.9300,11750.16,1790956799999,1408289.571200,1311,6268.23,751296.585800,0
1790956800000,119.9200,120.0000,119.8800,119.9400,13622.06,1790956859999,1633882.340700,2150,7137.07,856068.915700,0
1790956860000,119.9300,120.1400,119.9100,120.1400,23389.43,1790956919999,2807853.982800,2927,17985.13,2159122.315500,0
1790956920000,120.1400,120.2200,120.0700,120.1200,31517.52,1790956979999,3787168.147700,3501,16965.49,2038709.662200,0
1790956980000,120.1200,120.1500,120.0600,120.0800,13622.03,1790957039999,1636147.668000,2157,6906.19,829553.224400,0
1790957040000,120.0700,120.1800,120.0100,120.1800,9215.29,1790957099999,1106674.202300,2070,4908.55,589515.829500,0
1790957100000,120.1800,120.2100,120.0400,120.0500,11462.56,1790957159999,1377078.266600,1905,4890.09,587537.960200,0
1790957160000,120.0400,120.0900,119.9200,119.9500,11128.15,1790957219999,1335475.296300,2017,5335.20,640292.681200,0
1790957220000,119.9500,120.0500,119.8800,119.8900,8408.57,1790957279999,1008733.836300,1845,3628.49,435322.337100,0
1790957280000,119.8800,119.9700,119.8100,119.9400,11444.95,1790957339999,1371818.677800,1989,4940.51,592308.168000,0
1790957340000,119.9300,119.9600,119.8600,119.9300,5344.64,1790957399999,640867.811900,1430,3036.08,364042.460900,0
1790957400000,119.9400,120.0000,119.7700,119.8100,13773.89,1790957459999,1650844.961600,2507,4543.07,544684.706900,0
1790957460000,119.8200,119.8500,119.6900,119.7300,15195.67,1790957519999,1820078.976000,2413,6316.79,756718.034200,0
1790957520000,119.7300,119.7900,119.7000,119.7600,10287.63,1790957579999,1231860.404900,1974,4262.33,510419.007000,0
1790957580000,119.7600,119.9700,119.7400,119.9000,10159.97,1790957639999,1218186.031200,2024,6253.28,749777.422400,0
1790957640000,119.8900,120.0100,119.8900,119.9900,5525.96,1790957699999,662953.832800,1191,3920.95,470394.151800,0
1790957700000,119.9800,120.1500,119.9500,120.0600,19972.95,1790957759999,2398410.853500,2576,13281.64,1594787.492300,0
1790957760000,120.0600,120.1900,120.0600,120.1400,17548.50,1790957819999,2108079.781600,2163,6091.63,731746.796800,0
1790957820000,120.1500,120.2500,120.1400,120.2500,17130.68,1790957879999,2059142.990800,2119,12336.99,1482978.314600,0
1790957880000,120.2400,120.3900,120.2200,120.2500,11916.70,1790957939999,1433704.865400,2308,7094.47,853553.832300,0
1790957940000,120.2500,120.3400,120.2500,120.3000,7433.17,1790957999999,894115.435400,1555,3676.91,442285.796300,0
1790958000000,120.2900,120.3100,120.1600,120.1800,9293.37,1790958059999,1117270.693300,1521,3667.03,440851.546600,0
1790958060000,120.1700,120.2300,120.1300,120.2200,12018.31,1790958119999,1444425.646100,1582,8435.87,1013872.114300,0
1790958120000,120.2200,120.2200,120.0300,120.0800,7567.21,1790958179999,908879.733800,1684,1877.11,225429.000200,0
1790958180000,120.0900,120.0900,119.9500,119.9600,9864.33,1790958239999,1183802.551400,1700,3426.90,411281.066800,0
1790958240000,119.9700,120.0400,119.8600,119.9300,14743.96,1790958299999,1768552.033200,2102,3789.74,454636.347500,0
1790958300000,119.9300,120.0800,119.9200,119.9300,6681.25,1790958359999,801809.337300,1728,2936.79,352434.534000,0
1790958360000,119.9200,119.9800,119.9100,119.9200,3816.12,1790958419999,457723.313300,1032,1727.76,207231.134300,0
1790958420000,119.9200,120.0600,119.9000,120.0200,17455.47,1790958479999,2093590.408900,1476,4083.19,489979.414100,0
1790958480000,120.0200,120.0300,119.9300,119.9300,3370.98,1790958539999,404384.209300,934,1318.62,158179.040700,0
1790958540000,119.9200,119.9200,119.8600,119.9000,5654.55,1790958599999,677957.827100,1021,3728.34,447033.484300,0
1790958600000,119.8900,119.9400,119.8700,119.9200,7739.38,1790958659999,928017.321500,1066,2486.74,298184.557000,0
1790958660000,119.9300,119.9500,119.8300,119.8500,5936.35,1790958719999,711659.877500,1131,3025.95,362788.704300,0
1790958720000,119.8500,119.8700,119.7200,119.7900,17909.52,1790958779999,2145129.426700,2028,6355.15,761143.892200,0
1790958780000,119.7900,119.8800,119.7100,119.7600,15284.62,1790958839999,1831028.567100,2138,6525.96,781681.875700,0
1790958840000,119.7600,119.8800,119.7500,119.7800,10860.94,1790958899999,1301211.266700,1446,4381.59,524969.677600,0
1790958900000,119.7800,119.8700,119.7600,119.7800,6762.46,1790958959999,810271.102200,1292,3626.08,434449.032200,0
1790958960000,119.7800,119.8200,119.7600,119.8100,4478.04,1790959019999,536384.887200,979,2722.58,326123.191100,0
1790959020000,119.8200,119.8200,119.6600,119.6900,19199.20,1790959079999,2298856.761800,2226,4994.13,597979.108800,0
1790959080000,119.6900,119.7300,119.6300,119.7000,11752.27,1790959139999,1406559.722300,1557,7980.72,955232.870300,0
1790959140000,119.6900,119.7300,119.5000,119.5200,48227.81,1790959199999,5767518.270300,3699,14865.30,1777853.776200,0
1790959200000,119.5300,119.5600,119.5000,119.5200,12907.64,1790959259999,1542813.580100,1485,6051.15,723272.759200,0
1790959260000,119.5100,119.5400,119.4100,119.4600,18660.90,1790959319999,2229436.026900,2340,6409.82,765852.652600,0
1790959320000,119.4500,119.5100,119.3800,119.5100,24153.01,1790959379999,2884874.404300,2072,12233.39,1461434.967500,0
1790959380000,119.5000,119.6800,119.5000,119.6700,15908.15,1790959439999,1903116.194700,2057,10696.83,1279651.711100,0
1790959440000,119.6600,119.7600,119.6600,119.7600,16303.51,1790959499999,1951951.453700,1301,14344.04,1717342.578000,0
1790959500000,119.7600,119.9600,119.7500,119.9500,49152.51,1790959559999,5891802.609800,2637,43203.99,5178705.454800,0
1790959560000,119.9500,120.0100,119.9500,119.9600,14503.15,1790959619999,1740174.038700,1621,9634.50,1156003.789500,0
1790959620000,119.9600,120.0000,119.9200,119.9400,8997.00,1790959679999,1079260.635100,1140,5907.97,708701.165400,0
1790959680000,119.9500,119.9800,119.9000,119.9100,11634.54,1790959739999,1395493.582800,1097,4229.69,507382.404300,0
1790959740000,119.9100,120.0100,119.9000,119.9900,6340.17,1790959799999,760620.177500,1079,4664.54,559585.591100,0
1790959800000,120.0000,120.0300,119.9400,120.0200,9032.49,1790959859999,1083696.266700,1294,6127.27,735142.291900,0
1790959860000,120.0100,120.1100,119.9500,120.0000,17189.89,1790959919999,2063132.521000,1849,6366.79,764262.750600,0
1790959920000,120.0000,120.0000,119.9000,119.9000,4777.68,1790959979999,573126.323000,953,2570.12,308318.953600,0
1790959980000,119.9000,119.9800,119.8800,119.8900,5525.91,1790960039999,662597.375300,1046,1715.07,205670.946000,0
1790960040000,119.8800,119.9600,119.8600,119.8600,4124.84,1790960099999,494562.768300,1018,2202.27,264049.929700,0
1790960100000,119.8700,119.9400,119.8100,119.8200,5948.15,1790960159999,713004.525200,1137,2339.90,280521.300900,0
1790960160000,119.8100,119.8300,119.7200,119.8000,6862.37,1790960219999,821883.055800,1365,3433.23,411179.466100,0
1790960220000,119.8000,119.9200,119.8000,119.8700,7315.25,1790960279999,876900.174100,1355,5756.50,690029.229200,0
1790960280000,119.8700,119.9600,119.8600,119.9200,4162.24,1790960339999,499117.218400,835,3241.75,388730.756600,0
1790960340000,119.9100,119.9200,119.8500,119.9000,4872.56,1790960399999,584101.922600,960,2880.08,345243.562700,0
1790960400000,119.9000,119.9800,119.8500,119.9800,7827.95,1790960459999,938648.180600,1339,4576.00,548755.903100,0
1790960460000,119.9700,120.1200,119.9500,120.1200,6336.99,1790960519999,760668.823700,1646,4839.58,580932.641200,0
1790960520000,120.1100,120.1300,120.0700,120.0800,7110.82,1790960579999,854035.826400,1182,3931.91,472264.012900,0
1790960580000,120.0900,120.1200,120.0500,120.0500,6878.23,1790960639999,825974.302500,1151,4733.05,568394.371300,0
1790960640000,120.0500,120.0500,119.9400,119.9500,5672.27,1790960699999,680591.243100,1012,1747.08,209598.143300,0
1790960700000,119.9600,120.0400,119.9100,119.9800,10205.74,1790960759999,1224178.329400,1712,3631.84,435724.792100,0
1790960760000,119.9800,120.0100,119.8400,119.8600,5704.84,1790960819999,683975.225500,1179,1822.97,218584.026200,0
1790960820000,119.8500,119.8900,119.8300,119.8600,4079.91,1790960879999,489008.294500,896,2090.56,250584.751200,0
1790960880000,119.8500,119.9800,119.8500,119.9100,6254.60,1790960939999,750076.120300,1177,4085.48,489918.131500,0
1790960940000,119.9100,119.9500,119.8800,119.9300,4078.32,1790960999999,489053.820500,854,1825.03,218855.861600,0
1790961000000,119.9400,119.9500,119.9100,119.9100,2198.83,1790961059999,263713.757200,598,1113.88,133597.264700,0
1790961060000,119.9100,119.9200,119.8200,119.8600,12899.62,1790961119999,1546128.292200,1860,3147.00,377167.713600,0
1790961120000,119.8700,119.9400,119.8100,119.8900,6451.18,1790961179999,773362.109100,1222,2011.62,241144.205300,0
1790961180000,119.8900,119.9300,119.7500,119.7800,8608.56,1790961239999,1031674.468300,1394,4796.49,574978.625900,0
1790961240000,119.7900,119.8000,119.5900,119.6500,28113.58,1790961299999,3364943.210800,3346,10276.30,1229901.287000,0
1790961300000,119.6500,119.7100,119.4200,119.4600,31386.47,1790961359999,3753047.538100,3868,9549.75,1142178.662400,0
1790961360000,119.4500,119.6500,119.3700,119.6500,32407.22,1790961419999,3872559.888800,4305,17074.52,2040489.626400,0
1790961420000,119.6400,119.7100,119.5800,119.6400,19067.03,1790961479999,2281234.932600,2434,10625.81,1271309.670600,0
1790961480000,119.6400,119.8200,119.6300,119.8000,20696.62,1790961539999,2477791.190800,2095,13309.09,1593494.802700,0
1790961540000,119.8000,119.9500,119.7800,119.9500,15527.94,1790961599999,1861817.231500,2144,9061.84,1086499.918300,0
1790961600000,119.9500,119.9500,119.7900,119.9000,9218.66,1790961659999,1105023.252900,1779,4845.56,580777.573800,0
1790961660000,119.8900,119.8900,119.7300,119.8300,8040.24,1790961719999,963130.929600,1576,5358.41,641837.740000,0
1790961720000,119.8200,119.9000,119.8000,119.8000,4146.79,1790961779999,497013.856500,1111,2373.22,284452.010100,0
1790961780000,119.8000,119.8000,119.6600,119.6600,6179.90,1790961839999,740034.498300,1284,2240.58,268273.004900,0
1790961840000,119.6600,119.6700,119.4800,119.5800,26968.13,1790961899999,3224635.664400,3323,11480.79,1372830.087600,0
1790961900000,119.5800,119.6400,119.5100,119.6300,18335.33,1790961959999,2192134.517500,2640,6380.31,762806.591200,0
1790961960000,119.6300,119.6800,119.5800,119.6300,7549.66,1790962019999,903214.392700,1320,3458.69,413780.563000,0
1790962020000,119.6300,119.6500,119.5500,119.6400,5082.95,1790962079999,607884.920400,1138,3303.74,395113.995100,0
1790962080000,119.6400,119.6700,119.6100,119.6300,8155.28,1790962139999,975625.993800,954,3146.72,376440.456800,0
1790962140000,119.6300,119.6700,119.6000,119.6200,5974.72,1790962199999,714752.120000,850,2431.38,290853.557600,0
1790962200000,119.6100,119.7300,119.6000,119.6700,13217.62,1790962259999,1581569.956300,1646,7235.37,865769.166900,0
1790962260000,119.6700,119.7800,119.6600,119.6800,10721.06,1790962319999,1283410.390100,1782,5872.10,702901.119900,0
1790962320000,119.6800,119.6900,119.5200,119.6600,10436.85,1790962379999,1248146.012700,1654,4441.94,531248.007300,0
1790962380000,119.6600,119.7600,119.6500,119.7400,8973.43,1790962439999,1074271.654400,1335,4719.67,565015.146700,0
1790962440000,119.7300,119.8000,119.7100,119.7300,5872.02,1790962499999,703234.839400,1032,4091.56,490011.087800,0
1790962500000,119.7400,119.7500,119.6700,119.6900,4749.55,1790962559999,568591.436100,1063,2006.92,240247.099400,0
1790962560000,119.6900,119.7000,119.5800,119.5800,9058.41,1790962619999,1083866.019000,1249,5613.13,671660.550700,0
1790962620000,119.5800,119.6400,119.4900,119.4900,6461.49,1790962679999,772672.031900,1211,2874.30,343744.695400,0
1790962680000,119.4900,119.5000,119.4100,119.4400,19555.08,1790962739999,2335933.003600,2045,9134.22,1091185.333700,0
1790962740000,119.4400,119.4400,119.2400,119.2700,26918.28,1790962799999,3211816.438500,3332,8544.45,1019530.918300,0
1790962800000,119.2800,119.4100,119.2600,119.4000,14409.95,1790962859999,1719727.911100,1828,10137.62,1209764.506000,0
1790962860000,119.4000,119.4500,119.2200,119.3300,29763.15,1790962919999,3550575.226700,2564,12859.26,1534067.362100,0
1790962920000,119.3200,119.3300,119.2200,119.2400,11217.81,1790962979999,1337709.666000,1410,4269.60,509126.174100,0
1790962980000,119.2400,119.3000,119.1600,119.3000,42997.03,1790963039999,5125237.259900,2917,9818.53,1170451.364400,0
1790963040000,119.3000,119.3500,119.2400,119.3100,20377.70,1790963099999,2430749.159000,2033,4022.65,479927.412500,0
1790963100000,119.3100,119.3600,119.2400,119.2400,9100.83,1790963159999,1085656.121600,1522,4713.74,562355.088400,0
1790963160000,119.2400,119.2900,119.1900,119.2900,7590.22,1790963219999,905031.029100,1468,4440.52,529492.283500,0
1790963220000,119.2900,119.3700,119.2700,119.3700,5759.35,1790963279999,687230.092700,1373,3702.26,441779.392300,0
1790963280000,119.3600,119.4800,119.3400,119.4600,15772.96,1790963339999,1883333.214900,1621,12472.52,1489247.140800,0
1790963340000,119.4700,119.6000,119.4600,119.5900,16833.17,1790963399999,2012091.557900,1942,12724.49,1521019.843900,0
1790963400000,119.5900,119.7000,119.5000,119.5800,17621.37,1790963459999,2107976.310100,2373,11018.80,1318179.956600,0
1790963460000,119.5700,119.6800,119.5200,119.6700,7362.94,1790963519999,880551.986800,1463,4684.84,560294.795300,0
1790963520000,119.6700,119.7400,119.6400,119.6400,14953.88,1790963579999,1789734.496300,1445,4094.14,490045.593100,0
1790963580000,119.6400,119.6500,119.5300,119.5700,7389.86,1790963639999,883852.473500,1078,3592.50,429697.512700,0
1790963640000,119.5600,119.5800,119.5200,119.5600,4147.38,1790963699999,495802.350800,816,2156.52,257805.182300,0
1790963700000,119.5600,119.5700,119.5300,119.5400,2403.60,1790963759999,287339.330800,474,988.64,118194.047900,0
1790963760000,119.5300,119.5400,119.5100,119.5300,5415.54,1790963819999,647269.716100,662,2238.15,267510.015300,0
1790963820000,119.5200,119.5900,119.5200,119.5200,8191.44,1790963879999,979340.111400,1168,4593.39,549146.279300,0
1790963880000,119.5200,119.5900,119.5100,119.5800,6286.08,1790963939999,751440.470100,875,3863.51,461858.045000,0
1790963940000,119.5800,119.6800,119.5700,119.6300,5023.77,1790963999999,601057.424700,938,2775.58,332048.848300,0
1790964000000,119.6300,119.8200,119.6000,119.7700,13225.59,1790964059999,1583372.769000,2236,9214.59,1103238.905300,0
1790964060000,119.7700,119.7700,119.6700,119.6900,6946.35,1790964119999,831562.298200,1205,4787.13,573076.729200,0
1790964120000,119.7000,119.7100,119.6600,119.6800,5682.63,1790964179999,680118.531100,1096,2597.98,310934.442200,0
1790964180000,119.6800,119.6800,119.5800,119.5800,5955.97,1790964239999,712486.655100,979,1623.99,194278.127900,0
1790964240000,119.5800,119.7000,119.5600,119.6700,13427.70,1790964299999,1606529.247100,1583,10985.93,1314381.438300,0
1790964300000,119.6700,119.6800,119.5800,119.5900,6799.14,1790964359999,813302.101400,881,1800.34,215389.134500,0
1790964360000,119.5900,119.6600,119.5600,119.6500,10548.14,1790964419999,1261666.697600,1424,8488.06,1015287.709300,0
1790964420000,119.6600,119.7000,119.5900,119.6600,5712.17,1790964479999,683380.665400,1298,4545.40,543778.228200,0
1790964480000,119.6600,119.6700,119.5900,119.6300,4477.73,1790964539999,535625.783800,887,1818.07,217476.437900,0
1790964540000,119.6300,119.6300,119.5100,119.5100,9787.11,1790964599999,1170084.083200,1310,2425.73,290011.980600,0
1790964600000,119.5200,119.5500,119.5000,119.5400,2811.67,1790964659999,336048.546700,715,1634.51,195363.779400,0
1790964660000,119.5400,119.6200,119.5400,119.6100,4611.10,1790964719999,551444.620500,1070,3682.70,440410.940300,0
1790964720000,119.6000,119.6600,119.5800,119.5800,5330.32,1790964779999,637607.979400,991,4405.38,526957.196300,0
1790964780000,119.5800,119.6800,119.5600,119.6700,8146.77,1790964839999,974653.263800,1306,6735.30,805803.414800,0
1790964840000,119.6600,119.7000,119.6300,119.7000,4251.44,1790964899999,508716.157700,764,3208.61,383937.494900,0
1790964900000,119.6900,119.7000,119.6400,119.6600,3250.39,1790964959999,388949.101900,637,2086.90,249717.803900,0
1790964960000,119.6500,119.6500,119.3400,119.3400,19516.21,1790965019999,2332060.427900,2295,3375.68,403420.217100,0
1790965020000,119.3500,119.4200,119.2500,119.3300,18540.57,1790965079999,2212271.093200,2301,7235.61,863420.437000,0
1790965080000,119.3400,119.3700,119.1800,119.1900,15257.81,1790965139999,1820110.674800,1782,3074.39,366793.302300,0
1790965140000,119.1800,119.2200,119.0700,119.1000,47990.25,1790965199999,5716939.941400,3382,11337.20,1350555.465700,0
1790965200000,119.1000,119.1500,119.0200,119.0600,15387.75,1790965259999,1832457.306200,1862,6911.06,823096.004100,0
1790965260000,119.0600,119.1300,119.0200,119.0600,12154.84,1790965319999,1447345.649000,1527,7313.97,870896.483600,0
1790965320000,119.0600,119.1000,119.0100,119.0400,15798.70,1790965379999,1880766.035900,1408,7143.25,850404.180400,0
1790965380000,119.0400,119.0800,118.9700,119.0100,23221.13,1790965439999,2763711.133000,2300,8510.41,1013025.129100,0
1790965440000,119.0200,119.0300,118.8500,118.9300,49907.42,1790965499999,5935616.067300,3492,18116.54,2154617.387500,0
1790965500000,118.9300,118.9400,118.8000,118.8400,27449.09,1790965559999,3262562.495800,2400,14996.88,1782651.371200,0
1790965560000,118.8400,118.8800,118.8100,118.8100,9192.40,1790965619999,1092452.930800,1018,5708.43,678423.878500,0
1790965620000,118.8200,118.8300,118.7400,118.8000,22937.25,1790965679999,2724754.407500,2175,10399.27,1235351.920300,0
1790965680000,118.8000,118.9000,118.8000,118.8900,10552.47,1790965739999,1254108.468800,1445,8263.18,982060.003600,0
1790965740000,118.8800,118.9500,118.8800,118.9400,9734.37,1790965799999,1157666.281500,1099,7456.80,886839.102600,0
1790965800000,118.9500,118.9600,118.7400,118.7400,11663.18,1790965859999,1385913.194300,1712,3644.61,433070.385700,0
1790965860000,118.7400,118.7600,118.6900,118.7400,17454.42,1790965919999,2072374.318300,1839,10044.06,1192565.304800,0
1790965920000,118.7400,118.8300,118.6800,118.7900,15027.86,1790965979999,1784597.365000,2026,7350.50,872850.020700,0
1790965980000,118.7900,118.8000,118.6200,118.6600,11830.12,1790966039999,1403845.751600,1695,5216.42,619003.265700,0
1790966040000,118.6600,118.6800,118.5700,118.5900,17678.57,1790966099999,2097203.264300,2009,6930.74,822247.017700,0
1790966100000,118.5900,118.6800,118.4200,118.6100,60609.95,1790966159999,7184367.441200,5463,28283.97,3353224.793500,0
1790966160000,118.6000,118.6400,118.5300,118.6000,17449.51,1790966219999,2069160.770700,2550,7998.17,948416.625500,0
1790966220000,118.6000,118.6500,118.4700,118.5000,23147.05,1790966279999,2744230.938000,2957,12707.79,1506662.222700,0
1790966280000,118.5000,118.5100,118.2600,118.2900,62380.71,1790966339999,7383695.225100,4726,16004.34,1894444.272600,0
1790966340000,118.3000,118.3000,117.3300,117.3400,309507.03,1790966399999,36450287.570000,21862,106466.75,12535467.267000,0
1790966400000,117.3400,117.8800,117.1500,117.8600,197902.94,1790966459999,23245682.097100,18207,112249.59,13185233.024700,0
1790966460000,117.8600,117.9500,117.2400,117.5400,93887.91,1790966519999,11038595.347100,9231,52244.02,6141586.159900,0
1790966520000,117.5400,117.7800,117.0500,117.7400,106659.20,1790966579999,12516604.049800,11185,57719.12,6776168.868800,0
1790966580000,117.7500,117.9500,117.4100,117.4200,40708.29,1790966639999,4792448.272600,6300,21541.92,2536299.873500,0
1790966640000,117.4300,117.6300,117.2400,117.5800,90056.72,1790966699999,10575835.065300,7428,39518.28,4641454.373900,0
1790966700000,117.5900,117.6700,117.4800,117.5500,37353.11,1790966759999,4391650.129600,4117,24529.74,2883995.157800,0
1790966760000,117.5600,117.7800,117.4700,117.7400,31072.26,1790966819999,3654382.033500,4249,18813.13,2212994.190600,0
1790966820000,117.7500,117.7500,117.1800,117.2500,66809.04,1790966879999,7840829.328500,6019,18471.78,2167770.897200,0
1790966880000,117.2500,117.4800,117.2400,117.3900,58724.07,1790966939999,6892100.339700,5346,27045.21,3174267.752600,0
1790966940000,117.4000,117.5000,117.3400,117.4100,27256.79,1790966999999,3200717.935900,3486,18748.13,2201609.496700,0
1790967000000,117.4200,117.4400,117.3400,117.3900,15923.69,1790967059999,1869317.997800,2344,8258.20,969436.401500,0
1790967060000,117.4000,117.7800,117.3800,117.7700,39634.03,1790967119999,4663005.428800,3789,28821.90,3390950.628400,0
1790967120000,117.7700,117.9900,117.7600,117.9400,48106.50,1790967179999,5671914.861000,3809,34929.03,4118056.474900,0
1790967180000,117.9400,117.9400,117.7200,117.8100,32485.23,1790967239999,3827747.279200,3577,16036.23,1889716.160500,0
1790967240000,117.8100,117.9600,117.7600,117.9600,15071.64,1790967299999,1776208.534200,2224,9854.38,1161444.019700,0
1790967300000,117.9600,117.9700,117.7600,117.8600,28314.89,1790967359999,3337110.573600,2741,19908.53,2346426.130600,0
1790967360000,117.8600,117.8600,117.7900,117.8500,9105.34,1790967419999,1072748.033800,1561,6356.15,748834.390000,0
1790967420000,117.8400,118.0700,117.8300,117.9900,20486.38,1790967479999,2416862.671100,2826,14675.06,1731228.066400,0
1790967480000,117.9800,118.1100,117.9300,118.0800,19435.60,1790967539999,2294362.113600,2125,15206.35,1795142.770000,0
1790967540000,118.0800,118.1300,118.0600,118.0700,10572.83,1790967599999,1248532.438600,1384,6469.28,763960.010900,0
1790967600000,118.0800,118.2300,118.0400,118.2200,19985.37,1790967659999,2361322.705900,2952,12095.60,1429240.274500,0
1790967660000,118.2300,118.4500,118.2200,118.4300,40255.67,1790967719999,4764947.511300,4357,28700.08,3396979.621900,0
1790967720000,118.4200,118.4500,118.2100,118.2600,24179.47,1790967779999,2861114.433700,3548,8528.89,1009256.996500,0
1790967780000,118.2700,118.3500,118.1500,118.2700,12966.82,1790967839999,1533379.309200,2964,7791.37,921310.215800,0
1790967840000,118.2700,118.3900,118.2500,118.3500,16592.48,1790967899999,1963575.100600,2803,7723.10,913918.404800,0
1790967900000,118.3500,118.4600,118.3200,118.4000,24687.35,1790967959999,2923230.245700,2924,15696.07,1858641.176900,0
1790967960000,118.3900,118.4500,118.3000,118.3200,7774.86,1790968019999,920341.141100,1963,2586.89,306235.320100,0
1790968020000,118.3200,118.3700,118.2000,118.2300,18754.63,1790968079999,2218230.125400,2626,3766.28,445468.872100,0
1790968080000,118.2400,118.2500,118.1300,118.1800,13424.98,1790968139999,1586694.382400,1994,3344.73,395301.528400,0
1790968140000,118.1900,118.1900,117.9900,118.0500,17458.24,1790968199999,2061428.639400,2627,5556.52,656160.719600,0
1790968200000,118.0600,118.1000,117.9100,118.0000,21259.40,1790968259999,2508843.682400,2514,6410.44,756437.945000,0
1790968260000,118.0000,118.0900,117.9500,117.9700,22959.99,1790968319999,2709595.673700,2460,5439.89,641997.747900,0
1790968320000,117.9700,118.0000,117.7800,117.7900,25854.16,1790968379999,3047686.326800,3235,5339.32,629415.110400,0
1790968380000,117.7900,117.8700,117.7500,117.8700,13125.08,1790968439999,1546045.256900,2219,6325.40,745081.183500,0
1790968440000,117.8700,117.8800,117.6800,117.8000,16954.32,1790968499999,1996475.954800,2176,5347.08,629688.557800,0
1790968500000,117.8000,117.8900,117.7100,117.7400,10509.73,1790968559999,1238008.975300,2144,5081.64,598641.018600,0
1790968560000,117.7400,117.7400,117.3800,117.5400,45870.85,1790968619999,5388375.982900,4702,10792.18,1267765.597600,0
1790968620000,117.5300,117.6600,117.4200,117.5100,19298.43,1790968679999,2268244.755400,3122,9246.14,1086697.473000,0
1790968680000,117.5100,117.6300,117.3800,117.6300,27639.57,1790968739999,3247265.770300,3225,8203.90,963898.446200,0
1790968740000,117.6200,117.6300,117.5300,117.5600,18916.70,1790968799999,2224128.891800,2273,6272.09,737457.380500,0
1790968800000,117.5700,117.6300,117.5400,117.5900,12749.71,1790968859999,1499231.239500,1867,5606.26,659224.391800,0
1790968860000,117.5800,117.7000,117.5200,117.6100,14152.26,1790968919999,1664140.101700,2665,5159.21,606660.556300,0
1790968920000,117.6000,117.7200,117.5600,117.6700,17428.77,1790968979999,2050319.276200,2432,6479.59,762218.546300,0
1790968980000,117.6800,117.7400,117.5500,117.6700,20400.01,1790969039999,2399923.731400,2326,9147.95,1076358.727800,0
1790969040000,117.6600,117.9100,117.6600,117.8800,10241.42,1790969099999,1206677.766700,2222,6875.47,810055.341500,0
1790969100000,117.8700,117.9400,117.7200,117.7600,7811.23,1790969159999,920402.696300,1845,3351.39,394932.353800,0
1790969160000,117.7500,117.8700,117.7500,117.8100,5825.37,1790969219999,686400.626500,1256,2874.93,338779.034300,0
1790969220000,117.8100,117.9000,117.8000,117.8500,6083.00,1790969279999,716843.945900,1363,3345.98,394297.870200,0
1790969280000,117.8600,117.9300,117.8100,117.9000,10431.44,1790969339999,1229656.647400,1423,8781.64,1035236.431100,0
1790969340000,117.9000,117.9200,117.8000,117.8400,12350.30,1790969399999,1455749.898700,1639,7620.07,898282.811600,0
1790969400000,117.8500,118.0200,117.8300,117.9400,13687.56,1790969459999,1613839.862800,2233,5881.04,693425.965300,0
1790969460000,117.9500,117.9500,117.8700,117.9200,5839.04,1790969519999,688569.527900,1123,2917.76,344075.603000,0
1790969520000,117.9300,117.9500,117.8200,117.8900,18494.95,1790969579999,2180084.684000,2021,14021.56,1652708.044100,0
1790969580000,117.9000,117.9000,117.8200,117.8600,9327.94,1790969639999,1099287.252300,1471,2978.66,351034.857900,0
1790969640000,117.8600,117.9500,117.7600,117.9500,13464.98,1790969699999,1586557.921900,1570,4381.63,516316.352400,0
1790969700000,117.9400,118.0000,117.9100,117.9800,9777.30,1790969759999,1153257.167900,1510,5499.21,648688.296300,0
1790969760000,117.9900,118.0200,117.9600,117.9800,6985.99,1790969819999,824279.241800,1103,5540.55,653734.257300,0
1790969820000,117.9900,118.0600,117.9800,117.9900,12899.98,1790969879999,1522505.374900,1662,7800.18,920658.350700,0
1790969880000,117.9900,118.0400,117.9800,117.9900,8779.14,1790969939999,1035992.458400,1038,5616.42,662758.751200,0
1790969940000,117.9900,118.0400,117.9900,117.9900,6698.51,1790969999999,790488.443600,1044,3636.85,429192.395700,0
1790970000000,117.9900,118.0800,117.9800,118.0200,13200.19,1790970059999,1558069.211000,1503,8662.22,1022481.248900,0
1790970060000,118.0200,118.0500,118.0100,118.0400,5173.79,1790970119999,610687.583500,878,3697.23,436407.679600,0
1790970120000,118.0400,118.0500,117.8700,117.9000,8549.42,1790970179999,1008572.624200,1629,2302.55,271717.547900,0
1790970180000,117.9100,117.9800,117.9100,117.9400,4837.00,1790970239999,570486.898100,1146,2696.70,318054.705100,0
1790970240000,117.9400,118.0200,117.9300,118.0100,6053.66,1790970299999,714129.450700,1343,3746.66,441998.206300,0
1790970300000,118.0200,118.1100,117.9500,117.9500,10769.09,1790970359999,1271162.280200,1668,3099.22,365826.291800,0
1790970360000,117.9500,118.0500,117.9300,118.0400,8203.09,1790970419999,967820.269300,1484,5359.79,632404.735300,0
1790970420000,118.0500,118.1100,117.8900,117.8900,9816.00,1790970479999,1158394.814300,1542,3223.76,380609.901200,0
1790970480000,117.8900,117.9000,117.7700,117.8600,15277.52,1790970539999,1800027.080000,2138,3684.68,434186.828500,0
1790970540000,117.8500,117.9600,117.8500,117.9000,9784.02,1790970599999,1153568.420400,1477,4388.97,517442.923900,0
1790970600000,117.9100,117.9500,117.7800,117.8500,28174.34,1790970659999,3319861.227700,2139,9892.43,1165583.271500,0
1790970660000,117.8400,117.9600,117.8200,117.8800,11838.70,1790970719999,1395805.845700,1709,5366.38,632733.028100,0
1790970720000,117.8800,117.9000,117.8100,117.8500,7295.10,1790970779999,859661.714000,1236,3812.44,449231.729000,0
1790970780000,117.8500,117.8800,117.8000,117.8000,4747.98,1790970839999,559493.591200,1005,2149.76,253326.225600,0
1790970840000,117.8000,117.8500,117.7800,117.7900,9027.87,1790970899999,1063560.826900,1661,4830.22,569037.495900,0
1790970900000,117.8000,117.8900,117.8000,117.8700,8818.74,1790970959999,1039385.901400,1228,3799.95,447816.680900,0
1790970960000,117.8600,117.8600,117.7600,117.7700,5012.08,1790971019999,590461.279100,1068,2401.60,282923.621400,0
1790971020000,117.7800,117.8500,117.7700,117.8500,4670.56,1790971079999,550190.952200,1190,3292.56,387867.401000,0
1790971080000,117.8600,117.9800,117.8600,117.9100,9328.07,1790971139999,1100012.002700,1256,6019.18,709799.717900,0
1790971140000,117.9100,117.9800,117.8100,117.9400,23146.21,1790971199999,2728914.429800,2323,14905.01,1757450.018300,0
1790971200000,117.9400,118.0400,117.9200,117.9500,16196.15,1790971259999,1910670.234000,2028,6971.34,822438.425500,0
1790971260000,117.9500,118.0200,117.8900,118.0200,9402.03,1790971319999,1108972.028700,1948,6233.60,735285.193500,0
1790971320000,118.0100,118.0500,117.9100,117.9300,9816.25,1790971379999,1158031.094600,1729,3701.59,436642.586800,0
1790971380000,117.9300,117.9300,117.8200,117.8800,9320.05,1790971439999,1098631.091500,1671,4852.34,571970.102000,0
1790971440000,117.8900,117.9200,117.8300,117.9100,7271.37,1790971499999,857099.307300,1506,2540.00,299405.785100,0
1790971500000,117.9100,118.0500,117.9000,118.0500,7170.06,1790971559999,846049.506600,1774,4439.53,523853.419500,0
1790971560000,118.0600,118.1000,117.9500,118.0200,16983.62,1790971619999,2004649.680400,2450,9590.44,1131968.226200,0
1790971620000,118.0300,118.0600,117.9700,118.0000,7093.44,1790971679999,837137.937000,1312,3646.93,430387.630800,0
1790971680000,118.0000,118.0400,117.9400,118.0300,5843.49,1790971739999,689470.552000,1195,2857.15,337137.429800,0
1790971740000,118.0400,118.0400,117.9300,117.9700,8104.84,1790971799999,956173.127200,1285,2790.12,329153.831700,0
1790971800000,117.9700,118.0000,117.9400,117.9900,3691.66,1790971859999,435491.405700,1059,1570.44,185267.854200,0
1790971860000,117.9900,118.1000,117.9900,118.0800,5089.69,1790971919999,600897.329800,1287,3598.70,424872.143300,0
1790971920000,118.0900,118.1200,118.0300,118.0500,6620.22,1790971979999,781735.533100,1278,4099.06,484040.393800,0
1790971980000,118.0600,118.0900,117.9600,117.9800,11434.70,1790972039999,1349521.280100,1392,2118.49,250058.188800,0
1790972040000,117.9800,118.0300,117.9700,118.0200,4032.79,1790972099999,475850.766700,777,2301.27,271542.422900,0
1790972100000,118.0300,118.0600,117.9800,118.0100,5691.01,1790972159999,671620.218400,1268,3298.04,389223.250300,0
1790972160000,118.0100,118.0200,117.9500,117.9500,3646.74,1790972219999,430266.404200,820,1699.14,200484.598300,0
1790972220000,117.9500,117.9800,117.9200,117.9200,3985.68,1790972279999,470092.707000,1016,1954.83,230565.453200,0
1790972280000,117.9200,118.0000,117.8900,117.9100,5347.05,1790972339999,630667.909700,1305,2957.58,348856.863000,0
1790972340000,117.9100,118.0500,117.9100,117.9600,6421.24,1790972399999,757662.156600,1315,3738.94,441153.431300,0
1790972400000,117.9500,117.9900,117.9300,117.9600,3366.95,1790972459999,397154.821600,851,1081.50,127565.941000,0
1790972460000,117.9600,117.9700,117.9200,117.9400,3351.24,1790972519999,395227.382700,804,1647.78,194331.356100,0
1790972520000,117.9300,117.9600,117.8800,117.9600,5662.57,1790972579999,667681.487400,1180,3616.25,426407.042200,0
1790972580000,117.9600,118.1100,117.9400,118.1000,11651.40,1790972639999,1375565.353200,1678,8894.96,1050168.863000,0
1790972640000,118.1000,118.1700,118.0600,118.1400,12818.11,1790972699999,1513910.330000,1696,9274.44,1095367.667100,0
1790972700000,118.1500,118.2000,118.1100,118.1600,13176.41,1790972759999,1557026.914000,1533,8399.07,992502.376300,0
1790972760000,118.1500,118.2200,118.1300,118.1400,7758.02,1790972819999,916816.004300,1373,3134.37,370449.666100,0
1790972820000,118.1400,118.1400,117.9900,118.0300,11628.80,1790972879999,1372701.480300,1714,2216.25,261732.886900,0
1790972880000,118.0300,118.0400,117.8900,117.9600,4791.51,1790972939999,565172.418900,1056,1464.64,172726.694200,0
1790972940000,117.9700,117.9900,117.9400,117.9700,3776.06,1790972999999,445442.472600,611,1248.12,147237.721900,0
1790973000000,117.9700,118.0400,117.9400,118.0400,8784.26,1790973059999,1036521.206400,1015,3428.53,404506.279000,0
1790973060000,118.0300,118.1000,118.0100,118.0700,5304.06,1790973119999,626169.629600,1203,2177.52,257065.279900,0
1790973120000,118.0700,118.1600,118.0700,118.1500,5747.99,1790973179999,678959.201600,1069,4495.27,530991.484700,0
1790973180000,118.1600,118.2000,118.1500,118.2000,4420.58,1790973239999,522408.218900,772,2784.53,329062.874200,0
1790973240000,118.1900,118.2000,118.1400,118.1400,4392.07,1790973299999,519023.174500,441,427.30,50498.958400,0
1790973300000,118.1400,118.1500,118.0600,118.0600,7066.56,1790973359999,834698.516200,848,1834.29,216653.542800,0
1790973360000,118.0600,118.1000,117.9000,117.9400,18954.86,1790973419999,2236378.805800,1899,2698.51,318393.602700,0
1790973420000,117.9400,117.9800,117.9100,117.9600,9828.09,1790973479999,1159091.864700,944,3746.85,441874.858400,0
1790973480000,117.9600,118.1700,117.9600,118.0700,31949.57,1790973539999,3772289.393000,2177,21860.97,2581206.483300,0
1790973540000,118.0600,118.0700,117.9900,118.0000,4112.28,1790973599999,485360.349800,721,1403.01,165600.686500,0
1790973600000,118.0000,118.0000,117.9100,117.9100,6046.71,1790973659999,713186.566400,956,1740.32,205256.633600,0
1790973660000,117.9200,117.9500,117.7500,117.7900,18253.60,1790973719999,2150796.874600,2444,4741.71,558669.817800,0
1790973720000,117.7900,117.8000,117.7000,117.7400,11364.08,1790973779999,1337996.593100,1364,3937.72,463568.642300,0
1790973780000,117.7300,117.7500,117.6900,117.7400,18975.76,1790973839999,2233870.435300,1820,5308.71,624961.729200,0
1790973840000,117.7300,117.7300,117.6700,117.6700,8186.45,1790973899999,963525.597600,963,3672.04,432166.638200,0
1790973900000,117.6700,117.7100,117.6500,117.7100,6091.99,1790973959999,716870.153300,1333,3056.32,359664.876300,0
1790973960000,117.7200,117.8500,117.6300,117.8500,17543.96,1790974019999,2065774.008700,2287,13032.07,1534584.438500,0
1790974020000,117.8600,117.8700,117.7800,117.8600,12025.13,1790974079999,1416733.407800,1808,9135.11,1076238.812800,0
1790974080000,117.8700,117.8700,117.7100,117.7200,6895.53,1790974139999,812140.137800,1031,4130.13,486405.149700,0
1790974140000,117.7200,117.7200,117.6700,117.6800,4350.94,1790974199999,512063.273400,674,1983.15,233396.759800,0
1790974200000,117.6900,117.8900,117.6600,117.8900,7406.10,1790974259999,872003.859500,1498,5918.40,696914.868400,0
1790974260000,117.8900,117.9800,117.8400,117.9800,7729.84,1790974319999,911351.595200,1475,5866.98,691742.122900,0
1790974320000,117.9700,118.0000,117.9100,118.0000,6724.41,1790974379999,793290.173900,1204,3873.07,456909.767300,0
1790974380000,117.9900,118.0000,117.8100,117.8700,14456.98,1790974439999,1704440.949300,1753,1941.29,228778.797400,0
1790974440000,117.8700,117.8800,117.8300,117.8400,4108.63,1790974499999,484263.912800,428,176.59,20813.453200,0
1790974500000,117.8400,117.8500,117.7200,117.7200,5488.30,1790974559999,646416.203000,878,2946.09,347019.112400,0
1790974560000,117.7200,117.7400,117.6700,117.7000,3703.57,1790974619999,435969.275000,945,2399.22,282431.839900,0
1790974620000,117.7000,117.7200,117.6900,117.7100,2158.43,1790974679999,254061.361800,461,1516.07,178454.225700,0
1790974680000,117.7100,117.7900,117.7100,117.7500,8362.12,1790974739999,984564.795100,1209,5144.96,605757.126600,0
1790974740000,117.7500,117.8000,117.6900,117.6900,12189.70,1790974799999,1435320.873100,1286,9437.04,1111268.806200,0
1790974800000,117.6900,117.8000,117.6800,117.8000,12786.67,1790974859999,1505338.198400,1267,8016.75,943830.063600,0
1790974860000,117.8000,117.9600,117.8000,117.9500,17961.40,1790974919999,2117747.189300,1596,15829.47,1866334.752500,0
1790974920000,117.9500,118.0100,117.8600,117.8600,8659.76,1790974979999,1021429.675400,1354,3626.52,427859.615000,0
1790974980000,117.8600,117.9100,117.8300,117.9000,5359.85,1790975039999,631755.684800,1199,3945.11,465005.790300,0
1790975040000,117.9000,117.9600,117.8700,117.9600,5923.89,1790975099999,698544.762600,1191,4326.77,510212.439000,0
1790975100000,117.9500,117.9600,117.9000,117.9400,4798.47,1790975159999,565854.960300,854,2560.57,301944.938700,0
1790975160000,117.9300,117.9900,117.9300,117.9600,4906.02,1790975219999,578737.249400,919,3692.38,435574.372900,0
1790975220000,117.9600,117.9700,117.9200,117.9200,1743.21,1790975279999,205600.098000,424,606.35,71519.719400,0
1790975280000,117.9300,117.9400,117.9000,117.9300,4652.77,1790975339999,548658.781600,706,3191.48,376341.340700,0
1790975340000,117.9300,118.0000,117.9300,117.9900,3009.20,1790975399999,355001.443500,675,2274.41,268308.994500,0
1790975400000,118.0000,118.0600,118.0000,118.0500,4933.16,1790975459999,582190.364700,793,3828.69,451860.135200,0
1790975460000,118.0500,118.0700,118.0200,118.0200,3035.14,1790975519999,358314.119400,744,1320.35,155879.663800,0
1790975520000,118.0300,118.0300,118.0100,118.0100,1495.67,1790975579999,176523.119800,356,526.36,62125.915800,0
1790975580000,118.0100,118.0100,117.9200,117.9200,2581.77,1790975639999,304550.857900,639,415.10,48962.763300,0
1790975640000,117.9200,117.9900,117.9200,117.9800,4741.79,1790975699999,559315.893700,720,4016.48,473770.464900,0
1790975700000,117.9800,118.0400,117.9800,118.0400,4004.78,1790975759999,472599.394900,622,2971.69,350694.169900,0
1790975760000,118.0300,118.0400,118.0200,118.0300,1109.65,1790975819999,130967.567600,332,301.95,35639.284000,0
1790975820000,118.0200,118.0300,118.0000,118.0100,1874.18,1790975879999,221194.018700,367,700.89,82725.089300,0
1790975880000,118.0000,118.0700,118.0000,118.0100,7398.24,1790975939999,873230.826800,920,4906.33,579105.037900,0
1790975940000,118.0200,118.0300,117.9700,117.9800,6099.16,1790975999999,719752.525700,719,3025.19,357007.618500,0
1790976000000,117.9800,117.9800,117.9500,117.9700,4589.24,1790976059999,541357.845300,690,3248.34,383185.958300,0
1790976060000,117.9600,117.9700,117.9400,117.9400,2323.76,1790976119999,274093.451800,432,699.09,82459.244400,0
1790976120000,117.9400,117.9500,117.9300,117.9400,3865.99,1790976179999,455960.122700,465,2555.12,301358.089900,0
1790976180000,117.9400,117.9900,117.9200,117.9300,10421.77,1790976239999,1229318.585000,885,6742.21,795329.157500,0
1790976240000,117.9200,117.9400,117.9000,117.9100,11584.98,1790976299999,1366079.539000,707,7598.08,895965.978200,0
1790976300000,117.9100,117.9200,117.8300,117.8500,12291.44,1790976359999,1448918.623500,701,2801.09,330088.498500,0
1790976360000,117.8500,117.8600,117.7200,117.7200,13455.25,1790976419999,1584824.372700,1264,5223.84,615269.652100,0
1790976420000,117.7300,117.7300,117.6900,117.6900,2942.36,1790976479999,346346.752100,463,844.56,99414.778200,0
1790976480000,117.6900,117.7400,117.6600,117.6600,16846.19,1790976539999,1982762.700700,1410,11423.27,1344531.748700,0
1790976540000,117.6600,117.6900,117.6200,117.6600,11665.03,1790976599999,1372472.753900,1158,7784.84,915969.459800,0
1790976600000,117.6500,117.7200,117.6400,117.6900,15452.93,1790976659999,1818690.547800,903,14194.23,1670565.224300,0
1790976660000,117.7000,117.7700,117.6800,117.7600,3834.33,1790976719999,451350.439700,632,3564.02,419532.442800,0
1790976720000,117.7700,117.8500,117.7600,117.8200,7243.46,1790976779999,853335.849500,1199,5730.94,675127.017000,0
1790976780000,117.8200,117.9000,117.8000,117.9000,3094.14,1790976839999,364591.548400,643,2299.04,270916.564800,0
1790976840000,117.9000,117.9400,117.8800,117.8800,2980.96,1790976899999,351487.560400,576,1254.82,147955.883500,0
1790976900000,117.8800,117.9600,117.8800,117.9400,4177.73,1790976959999,492640.463500,610,2075.08,244683.612600,0
1790976960000,117.9400,117.9600,117.9400,117.9600,2150.18,1790977019999,253620.521500,311,1418.90,167366.257500,0
1790977020000,117.9500,117.9900,117.9200,117.9900,3739.54,1790977079999,441088.587500,691,2274.90,268348.865300,0
1790977080000,117.9800,117.9800,117.9300,117.9700,5313.20,1790977139999,626719.625400,710,2863.03,337703.162300,0
1790977140000,117.9700,118.0800,117.9700,118.0600,5095.36,1790977199999,601403.387600,960,4858.58,573460.215400,0
1790977200000,118.0600,118.0600,117.9200,118.0000,7685.57,1790977259999,906787.176600,1521,2325.91,274397.228800,0
1790977260000,118.0000,118.0200,117.9600,118.0100,4870.63,1790977319999,574695.823100,866,3348.88,395144.373600,0
1790977320000,118.0100,118.0600,118.0100,118.0300,2991.73,1790977379999,353151.498200,797,1595.99,188396.766200,0
1790977380000,118.0200,118.0300,117.9300,117.9400,7855.50,1790977439999,926747.196200,929,4277.33,504571.893900,0
1790977440000,117.9400,118.0500,117.9300,118.0400,5651.77,1790977499999,666790.549900,1001,3996.64,471534.847000,0
1790977500000,118.0400,118.0500,118.0400,118.0400,941.84,1790977559999,111182.004800,383,721.12,85128.216000,0
1790977560000,118.0400,118.0800,118.0400,118.0800,1517.44,1790977619999,179158.635200,486,1253.13,147953.643000,0
1790977620000,118.0700,118.0800,118.0600,118.0600,3633.42,1790977679999,428992.237100,443,888.77,104944.779300,0
1790977680000,118.0600,118.0700,118.0500,118.0500,2013.52,1790977739999,237717.350600,270,1633.96,192907.137200,0
1790977740000,118.0500,118.0700,118.0100,118.0500,5377.30,1790977799999,634756.611900,683,1480.91,174812.375900,0
1790977800000,118.0400,118.0500,117.9700,117.9700,4323.82,1790977859999,510238.713100,533,2243.50,264741.709100,0
1790977860000,117.9800,118.0500,117.9700,118.0500,3539.24,1790977919999,417725.259000,690,1879.19,221762.854100,0
1790977920000,118.0500,118.0600,118.0500,118.0500,998.81,1790977979999,117915.398600,256,587.81,69396.848600,0
1790977980000,118.0500,118.1000,118.0500,118.0900,2533.99,1790978039999,299198.203800,551,2204.63,260313.636800,0
1790978040000,118.0900,118.1100,118.0900,118.1000,4794.43,1790978099999,566215.202600,393,1426.39,168456.760200,0
1790978100000,118.0900,118.1400,118.0900,118.1200,9910.47,1790978159999,1170535.794700,747,6883.38,812992.887400,0
1790978160000,118.1200,118.1300,118.1100,118.1200,4569.23,1790978219999,539721.354400,403,1251.48,147830.780200,0
1790978220000,118.1100,118.1500,118.1100,118.1400,2852.45,1790978279999,336985.920900,478,2478.46,292803.016100,0
1790978280000,118.1500,118.1500,118.1400,118.1400,679.68,1790978339999,80300.893800,243,349.86,41335.959000,0
1790978340000,118.1400,118.1500,118.1300,118.1300,3372.45,1790978399999,398424.307600,331,534.08,63099.813800,0
1790978400000,118.1300,118.1700,118.1000,118.1400,12924.75,1790978459999,1526903.700000,1221,5348.38,631828.321400,0
1790978460000,118.1400,118.2000,118.1400,118.1600,8658.84,1790978519999,1023275.769500,1017,4883.60,577108.372900,0
1790978520000,118.1700,118.1700,117.9600,117.9900,16593.35,1790978579999,1958706.775000,2247,3833.85,452509.482100,0
1790978580000,118.0000,118.1700,118.0000,118.1200,7198.05,1790978639999,850168.423600,1540,4376.02,516788.537000,0
1790978640000,118.1200,118.1500,118.0300,118.0800,8358.81,1790978699999,987040.450000,1239,5073.47,599144.997000,0
1790978700000,118.0800,118.0800,118.0300,118.0500,5725.20,1790978759999,675889.092400,600,2236.67,264047.331300,0
1790978760000,118.0500,118.0700,118.0100,118.0600,4650.47,1790978819999,548931.011800,901,2171.16,256284.576300,0
1790978820000,118.0600,118.1400,118.0400,118.0800,5008.84,1790978879999,591543.123400,957,2030.46,239790.738800,0
1790978880000,118.0900,118.0900,118.0400,118.0600,4859.15,1790978939999,573638.513700,718,2622.47,309585.093800,0
1790978940000,118.0600,118.0800,118.0500,118.0800,1406.86,1790978999999,166093.923600,503,795.49,93917.030200,0
1790979000000,118.0800,118.0800,118.0100,118.0600,6478.36,1790979059999,764702.094200,935,1795.53,211955.913300,0
1790979060000,118.0700,118.0700,117.9900,118.0300,4514.73,1790979119999,532864.725300,841,1507.99,177969.815200,0
1790979120000,118.0400,118.0600,117.9700,118.0100,9863.95,1790979179999,1164112.203200,1319,5941.27,701141.212800,0
1790979180000,118.0100,118.0200,117.9700,117.9900,5662.86,1790979239999,668171.635900,870,3307.02,390201.310800,0
1790979240000,117.9900,118.0400,117.9900,118.0300,1541.60,1790979299999,181933.461200,530,1411.87,166624.193800,0
1790979300000,118.0300,118.0700,118.0100,118.0200,3570.31,1790979359999,421436.952000,713,1706.42,201428.723100,0
1790979360000,118.0100,118.0300,117.9700,118.0100,5710.31,1790979419999,673833.099900,711,1542.86,182059.539300,0
1790979420000,118.0200,118.0500,117.9700,118.0200,6995.53,1790979479999,825467.824000,1144,3626.05,427876.630800,0
1790979480000,118.0200,118.0200,117.9300,117.9700,5309.54,1790979539999,626342.433000,955,2094.31,247056.246700,0
1790979540000,117.9600,117.9900,117.9400,117.9800,3472.04,1790979599999,409561.832800,561,1951.56,230213.005000,0
1790979600000,117.9800,118.0300,117.9700,118.0100,8576.29,1790979659999,1012047.599700,1044,3966.52,468048.749300,0
1790979660000,118.0100,118.0900,118.0100,118.0900,2502.88,1790979719999,295468.728500,765,2192.32,258805.225600,0
1790979720000,118.0900,118.0900,118.0500,118.0500,6528.53,1790979779999,770833.583100,616,1824.63,215442.142600,0
1790979780000,118.0600,118.0800,118.0400,118.0500,5346.07,1790979839999,631102.612000,545,1719.44,202989.888800,0
1790979840000,118.0500,118.1800,118.0500,118.1700,6297.82,1790979899999,743927.659800,947,5344.46,631287.968800,0
1790979900000,118.1700,118.1800,118.1400,118.1500,2423.37,1790979959999,286349.881600,362,1358.96,160579.528400,0
1790979960000,118.1400,118.1500,118.1000,118.1100,8804.22,1790980019999,1039993.024300,795,1916.09,226346.454800,0
1790980020000,118.1100,118.1200,118.0900,118.1100,2031.73,1790980079999,239954.533200,413,625.19,73837.114500,0
1790980080000,118.1100,118.1600,118.0900,118.1500,3780.61,1790980139999,446564.848300,631,2517.18,297323.167700,0
1790980140000,118.1600,118.2200,118.1500,118.2200,4882.54,1790980199999,577121.594000,801,3826.68,452318.572900,0
1790980200000,118.2200,118.2700,118.2100,118.2600,11500.58,1790980259999,1359850.928500,1121,8371.14,989844.443100,0
1790980260000,118.2600,118.3100,118.2600,118.3000,10218.30,1790980319999,1208723.131100,1008,7286.98,861977.088200,0
1790980320000,118.2900,118.3300,118.2900,118.3100,5813.17,1790980379999,687764.167300,778,3850.34,455539.419200,0
1790980380000,118.3200,118.3400,118.3200,118.3300,1840.03,1790980439999,217734.614900,395,1573.39,186183.103700,0
1790980440000,118.3300,118.3600,118.3200,118.3500,9038.46,1790980499999,1069584.825700,712,4473.59,529410.909700,0
1790980500000,118.3500,118.3800,118.3100,118.3700,6774.73,1790980559999,801735.493200,921,3196.49,378308.768100,0
1790980560000,118.3800,118.3900,118.3600,118.3800,2597.70,1790980619999,307509.538800,582,1878.02,222320.147300,0
1790980620000,118.3900,118.4000,118.3700,118.4000,5759.43,1790980679999,681849.561000,738,2922.26,345968.738500,0
1790980680000,118.3900,118.3900,118.3000,118.3100,5940.65,1790980739999,703099.273900,885,1356.97,160575.896300,0
1790980740000,118.3000,118.3200,118.2700,118.2800,9658.19,1790980799999,1142559.257500,1029,5042.94,596578.156600,0
1790980800000,118.2800,118.3300,118.2700,118.3100,6100.27,1790980859999,721647.454800,878,3133.61,370684.414300,0
1790980860000,118.3200,118.3300,118.3000,118.3000,3730.45,1790980919999,441382.323600,674,1788.15,211570.842800,0
1790980920000,118.3000,118.3400,118.2900,118.3400,4539.35,1790980979999,537114.271500,598,2181.48,258115.071000,0
1790980980000,118.3300,118.4000,118.3300,118.3800,7648.34,1790981039999,905383.007300,851,3458.64,409385.129200,0
1790981040000,118.3800,118.4100,118.3600,118.3700,11041.38,1790981099999,1307033.685800,910,3636.14,430428.491800,0
1790981100000,118.3800,118.4300,118.3700,118.4300,4025.10,1790981159999,476570.436500,903,3113.83,368678.926900,0
1790981160000,118.4300,118.4500,118.4200,118.4500,4346.36,1790981219999,514755.065800,719,2481.74,293924.924100,0
1790981220000,118.4500,118.5400,118.4400,118.4400,14844.76,1790981279999,1758854.464400,1642,8505.64,1007763.423300,0
1790981280000,118.4500,118.4500,118.4400,118.4400,2937.33,1790981339999,347908.206900,373,1084.17,128419.936500,0
1790981340000,118.4400,118.4700,118.4400,118.4400,5151.20,1790981399999,610194.279900,601,2193.26,259809.677100,0
1790981400000,118.4400,118.4500,118.3900,118.4000,6353.79,1790981459999,752365.154000,747,1934.29,229023.288300,0
1790981460000,118.4100,118.4300,118.3800,118.4300,3185.02,1790981519999,377118.556100,606,2082.17,246545.270500,0
1790981520000,118.4200,118.5000,118.4200,118.4600,10215.33,1790981579999,1210170.183400,1427,4606.27,545677.831800,0
1790981580000,118.4500,118.4600,118.3900,118.4300,7392.90,1790981639999,875442.842100,855,2365.63,280145.258900,0
1790981640000,118.4300,118.4800,118.4300,118.4700,4084.97,1790981699999,483863.512200,613,2679.92,317449.551700,0
1790981700000,118.4700,118.5400,118.4700,118.4800,7678.12,1790981759999,909936.548300,918,5007.25,593410.860700,0
1790981760000,118.4900,118.4900,118.4700,118.4700,2612.13,1790981819999,309500.955100,419,1580.34,187254.486600,0
1790981820000,118.4700,118.5000,118.4700,118.4700,6368.68,1790981879999,754580.277900,585,1790.78,212182.547200,0
1790981880000,118.4700,118.5100,118.4600,118.4900,6328.71,1790981939999,749897.188600,699,4783.58,566823.155400,0
1790981940000,118.4900,118.5000,118.4700,118.4700,1773.25,1790981999999,210089.369100,346,612.37,72553.728000,0
1790982000000,118.4700,118.4800,118.4500,118.4500,1977.20,1790982059999,234211.957000,420,238.03,28197.036400,0
1790982060000,118.4500,118.4600,118.3600,118.3800,14879.83,1790982119999,1761711.269500,1419,4039.43,478192.231900,0
1790982120000,118.3800,118.4300,118.3800,118.4200,7485.74,1790982179999,886397.536600,1017,3652.05,432451.836400,0
1790982180000,118.4200,118.4500,118.4100,118.4500,2322.63,1790982239999,275052.172700,531,1156.92,137011.428500,0
1790982240000,118.4400,118.4700,118.4200,118.4600,3618.10,1790982299999,428538.608500,534,2405.44,284913.550300,0
1790982300000,118.4700,118.4700,118.3900,118.4300,10646.81,1790982359999,1260892.777400,901,4149.27,491362.841900,0
1790982360000,118.4300,118.4300,118.4100,118.4200,1313.70,1790982419999,155569.930900,266,185.49,21967.576600,0
1790982420000,118.4100,118.4200,118.3600,118.3600,4723.15,1790982479999,559120.261600,703,2137.92,253074.771700,0
1790982480000,118.3700,118.3700,118.3000,118.3000,2928.12,1790982539999,346483.601100,751,288.49,34133.005400,0
1790982540000,118.3000,118.3200,118.2900,118.3100,3654.55,1790982599999,432340.433400,592,2687.98,317996.431000,0
1790982600000,118.3200,118.3200,118.2800,118.2800,4061.18,1790982659999,480402.615800,565,602.58,71279.190600,0
1790982660000,118.2800,118.2900,118.2600,118.2700,3733.54,1790982719999,441575.581800,610,1123.02,132821.982100,0
1790982720000,118.2600,118.2900,118.2500,118.2800,3205.12,1790982779999,379044.292700,579,2047.65,242166.484900,0
1790982780000,118.2900,118.3400,118.2800,118.3400,2298.37,1790982839999,271924.407200,668,2160.93,255663.585400,0
1790982840000,118.3400,118.3400,118.3300,118.3300,1286.24,1790982899999,152210.176800,371,939.76,111211.198400,0
1790982900000,118.3300,118.3500,118.3200,118.3200,4054.65,1790982959999,479817.103000,579,1090.82,129088.884800,0
1790982960000,118.3200,118.4000,118.3200,118.3700,3379.95,1790983019999,400064.493300,682,1888.30,223472.918800,0
1790983020000,118.3700,118.3900,118.3600,118.3800,2102.67,1790983079999,248897.076900,426,1530.31,181147.207200,0
1790983080000,118.3800,118.4700,118.3800,118.4600,2798.22,1790983139999,331375.233700,837,2674.08,316672.568700,0
1790983140000,118.4600,118.5000,118.4600,118.4800,3971.06,1790983199999,470514.445900,595,2069.99,245259.887000,0
1790983200000,118.4700,118.5100,118.4700,118.4800,4032.55,1790983259999,477808.648900,576,2324.24,275403.383900,0
1790983260000,118.4800,118.4900,118.4600,118.4600,1818.04,1790983319999,215381.093900,426,230.89,27354.147700,0
1790983320000,118.4600,118.4700,118.4600,118.4700,1277.30,1790983379999,151319.961700,322,1071.12,126895.586400,0
1790983380000,118.4700,118.4900,118.4400,118.4400,2162.82,1790983439999,256247.586100,431,721.03,85432.055300,0
1790983440000,118.4400,118.4700,118.4300,118.4600,2439.29,1790983499999,288916.433400,436,1785.65,211499.656500,0
1790983500000,118.4600,118.4800,118.4600,118.4800,1621.57,1790983559999,192108.444300,282,1008.20,119446.190000,0
1790983560000,118.4700,118.5600,118.4700,118.5100,11768.78,1790983619999,1394827.629000,1306,6268.02,742889.508200,0
1790983620000,118.5000,118.5100,118.4300,118.4300,4496.36,1790983679999,532696.019000,496,921.26,109142.485500,0
1790983680000,118.4300,118.4800,118.4300,118.4700,2897.66,1790983739999,343248.414200,478,1115.43,132126.286400,0
1790983740000,118.4800,118.5200,118.4400,118.4500,10442.99,1790983799999,1237263.950300,1042,4492.38,532269.902600,0
1790983800000,118.4600,118.4700,118.4400,118.4500,4857.76,1790983859999,575417.216000,487,2194.07,259898.161600,0
1790983860000,118.4600,118.4900,118.4300,118.4900,7943.00,1790983919999,940927.138900,833,5870.94,695469.001400,0
1790983920000,118.4900,118.5500,118.4500,118.4900,26617.52,1790983979999,3154128.146800,2079,18259.39,2163646.161900,0
1790983980000,118.4900,118.5000,118.4300,118.4700,6600.80,1790984039999,781970.605400,955,4700.88,556893.793000,0
1790984040000,118.4600,118.4700,118.4200,118.4500,4392.21,1790984099999,520214.584200,527,1585.98,187844.643700,0
1790984100000,118.4500,118.5400,118.4500,118.5400,5400.12,1790984159999,639963.337400,835,3784.13,448443.020700,0
1790984160000,118.5300,118.5400,118.4700,118.4700,4184.19,1790984219999,495819.259000,671,471.39,55853.170100,0
1790984220000,118.4700,118.4900,118.4600,118.4600,3918.98,1790984279999,464301.685600,512,1416.34,167804.900500,0
1790984280000,118.4700,118.4700,118.4400,118.4500,2359.92,1790984339999,279532.446100,441,1080.37,127970.010700,0
1790984340000,118.4600,118.5200,118.4500,118.5100,3449.00,1790984399999,408693.080700,722,2341.67,277466.586700,0
1790984400000,118.5200,118.6100,118.4900,118.5900,15013.74,1790984459999,1779803.064200,1392,11159.81,1323056.590600,0
1790984460000,118.5900,118.6200,118.5800,118.6000,8375.37,1790984519999,993399.112800,654,6642.64,787888.521800,0
1790984520000,118.6100,118.6400,118.6000,118.6100,3916.37,1790984579999,464577.001600,705,2035.71,241481.803200,0
1790984580000,118.6100,118.6700,118.6100,118.6300,4303.69,1790984639999,510626.284400,890,2002.91,237629.984400,0
1790984640000,118.6400,118.6600,118.6100,118.6500,4647.35,1790984699999,551342.194900,766,3354.21,397931.084100,0
1790984700000,118.6600,118.6700,118.6200,118.6200,4132.55,1790984759999,490327.466900,539,1276.50,151459.842500,0
1790984760000,118.6200,118.6300,118.5800,118.6200,4796.18,1790984819999,568853.499200,732,2346.59,278311.620400,0
1790984820000,118.6200,118.6300,118.6000,118.6200,2063.43,1790984879999,244744.071700,488,958.02,113633.318000,0
1790984880000,118.6200,118.6700,118.6200,118.6700,2019.45,1790984939999,239591.498800,684,1057.32,125447.497800,0
1790984940000,118.6700,118.6700,118.6600,118.6700,2015.39,1790984999999,239151.928400,428,575.10,68247.117000,0
1790985000000,118.6600,118.6800,118.6300,118.6400,5097.83,1790985059999,604913.710200,574,1319.75,156614.202500,0
1790985060000,118.6400,118.6700,118.6000,118.6600,9495.39,1790985119999,1126444.064400,1101,4576.65,542922.274800,0
1790985120000,118.6500,118.6600,118.6300,118.6400,4026.45,1790985179999,477703.580600,463,506.95,60147.210700,0
1790985180000,118.6400,118.6600,118.6100,118.6100,6116.94,1790985239999,725655.564400,818,872.92,103560.870000,0
1790985240000,118.6100,118.6200,118.6000,118.6200,3002.34,1790985299999,356112.117500,466,940.08,111508.778200,0
1790985300000,118.6100,118.6200,118.5600,118.5600,3401.52,1790985359999,403368.750900,796,489.43,58034.383000,0
1790985360000,118.5600,118.5800,118.5200,118.5400,11956.77,1790985419999,1417508.064300,1105,6948.60,823731.990800,0
1790985420000,118.5500,118.5900,118.5200,118.5400,15769.59,1790985479999,1869528.600800,1015,12017.50,1424738.815300,0
1790985480000,118.5500,118.5500,118.5400,118.5400,2730.66,1790985539999,323696.245200,424,380.88,45153.324000,0
1790985540000,118.5400,118.5600,118.5100,118.5600,5873.80,1790985599999,696231.682000,684,3798.43,450235.314100,0
