open_time,open,high,low,close,volume,close_time,quote_volume,count,taker_buy_volume,taker_buy_quote_volume,ignore
1748563200000,166.6100,167.4100,159.8500,165.0300,5695273.25,1748577599999,932336564.489840,637118,2556356.17,418711610.496030,0
1748577600000,165.0300,165.7700,162.5000,162.6200,2895193.58,1748591999999,474902064.383880,339684,1370798.86,224964385.894200,0
1748592000000,162.6200,164.1000,161.3700,163.7300,3153833.87,1748606399999,513683258.665660,388185,1619063.08,263729487.148060,0
1748606400000,163.7400,163.8800,160.0000,161.1300,4253329.26,1748620799999,687782299.837040,527864,2040711.15,330057713.186000,0
1748620800000,161.1400,161.6800,156.0400,160.7300,5687711.09,1748635199999,903310496.427070,631537,2681725.19,426034568.560410,0
1748635200000,160.7200,160.9200,155.0100,156.1200,3580154.10,1748649599999,565452328.915770,440529,1604981.87,253297304.865000,0
