open_time,open,high,low,close,volume,close_time,quote_volume,count,taker_buy_volume,taker_buy_quote_volume,ignore
1782777600000,75.1300,75.1900,74.0000,74.1600,2914052.27,1782791999999,216947599.375400,257647,1477116.59,109971035.061600,0
1782792000000,74.1500,74.2300,73.6400,74.1300,2399393.63,1782806399999,177526158.693900,187972,1190325.47,88078805.728500,0
1782806400000,74.1200,74.1900,73.2800,73.3600,2904377.27,1782820799999,213723005.083900,216041,1363546.87,100346090.178500,0
1782820800000,73.3500,74.0800,71.8500,73.1000,8829566.11,1782835199999,643675777.434100,606481,4315412.64,314614683.636800,0
1782835200000,73.1000,73.9500,72.6900,73.7200,3385721.89,1782849599999,248375053.780500,306524,1683082.95,123497250.593900,0
1782849600000,73.7100,73.9200,73.1000,73.6300,1611017.46,1782863999999,118439766.386100,172609,757223.87,55681523.342600,0
