open_time,open,high,low,close,volume,close_time,quote_volume,count,taker_buy_volume,taker_buy_quote_volume,ignore
1751673600000,147.6000,148.3600,147.0500,147.6700,1229825.32,1751687999999,181905825.128300,167356,573485.60,84839944.677500,0
1751688000000,147.6800,148.4600,146.6300,147.7800,1733995.61,1751702399999,255797045.009600,206838,881602.76,130083770.592300,0
1751702400000,147.7800,148.4600,146.7000,148.1000,1521251.83,1751716799999,224530304.178700,202481,754226.87,111329367.742500,0
1751716800000,148.1000,148.6300,146.9700,147.0500,1321443.41,1751731199999,195330550.409940,178272,606284.60,89628844.298240,0
1751731200000,147.0400,147.1900,145.7900,146.7900,2036410.37,1751745599999,298286932.015680,243265,991227.81,145202726.968400,0
1751745600000,146.7900,147.9600,146.3600,147.5000,903228.66,1751759999999,133008082.768220,125955,522003.37,76872536.302320,0
