open_time,open,high,low,close,volume,close_time,quote_volume,count,taker_buy_volume,taker_buy_quote_volume,ignore
1780099200000,81.9800,83.0600,81.8900,82.6400,1573806.74,1780113599999,130032599.765300,135028,830315.97,68604046.683400,0
1780113600000,82.6300,82.8400,81.7900,82.3400,1886947.39,1780127999999,155389571.774600,141099,925784.51,76260853.802000,0
1780128000000,82.3400,82.5100,82.1400,82.2800,724782.87,1780142399999,59657579.994600,80249,387173.72,31872084.932200,0
1780142400000,82.2800,82.8900,82.2000,82.6500,1464209.35,1780156799999,120809882.763000,127045,786197.01,64868412.524000,0
1780156800000,82.6500,83.1100,82.5800,82.9400,1260110.27,1780171199999,104424142.459800,119446,688181.67,57035165.855300,0
1780171200000,82.9500,83.1300,82.4000,82.6900,1163178.95,1780185599999,96284653.230900,106385,583091.94,48259384.658400,0
