open_time,open,high,low,close,volume,close_time,quote_volume,count,taker_buy_volume,taker_buy_quote_volume,ignore
1773100800000,84.9100,86.8600,84.7900,85.5200,3890709.12,1773115199999,334139266.067600,323960,1912088.82,164264548.107100,0
1773115200000,85.5100,86.9600,85.3400,86.6600,3267384.94,1773129599999,281958336.096700,269087,1659663.25,143301095.351300,0
1773129600000,86.6700,87.6500,86.5200,86.7500,3891353.35,1773143999999,338529938.616800,319073,1923147.91,167337516.987600,0
1773144000000,86.7500,88.5800,84.8600,88.3100,7807989.26,1773158399999,677905384.345900,614276,3789919.67,329082390.256600,0
1773158400000,88.3100,88.7800,85.5900,85.9700,6140314.29,1773172799999,535854221.461400,508600,3100067.55,270374293.995900,0
1773172800000,85.9600,86.3900,84.9500,85.8300,2987442.63,1773187199999,255872110.151800,243951,1500756.57,128571852.798300,0
