open_time,open,high,low,close,volume,close_time,quote_volume,count,taker_buy_volume,taker_buy_quote_volume,ignore
1783296000000,81.5400,82.3000,80.4000,80.7800,3457793.96,1783310399999,281223315.736500,282297,1619008.93,131703756.039600,0
1783310400000,80.7800,80.9800,80.1100,80.7700,1982212.04,1783324799999,159640218.375200,169326,969006.73,78043164.588800,0
1783324800000,80.7800,81.0500,80.0000,80.3500,2358875.83,1783339199999,189837303.839900,165558,1112768.18,89561242.823500,0
1783339200000,80.3400,81.5100,79.1900,81.4500,9184008.95,1783353599999,736207234.736400,601865,4601123.07,368916701.563400,0
1783353600000,81.4500,82.3700,81.2300,82.0300,4337844.28,1783367999999,355126386.011900,325397,2167043.54,177415726.800100,0
1783368000000,82.0300,83.7500,81.6300,81.9100,2955891.96,1783382399999,244210368.025000,251965,1525128.83,126104387.571000,0
