open_time,open,high,low,close,volume,close_time,quote_volume,count,taker_buy_volume,taker_buy_quote_volume,ignore
1755993600000,204.2200,212.2200,204.2100,209.2100,7663316.85,1756007999999,1596583393.280510,917132,4110295.38,856365753.838310,0
1756008000000,209.2000,210.9000,206.7200,206.7900,4813999.62,1756022399999,1005280288.637050,565100,2196863.25,458855512.786560,0
1756022400000,206.7900,209.1600,203.4800,204.6200,5531417.65,1756036799999,1140142760.986700,601678,2554299.44,526692663.409430,0
1756036800000,204.6300,209.4800,203.6700,205.7400,5940118.98,1756051199999,1225246869.715530,666364,2963507.45,611215581.790590,0
1756051200000,205.7300,212.1000,201.3700,205.1100,11295921.60,1756065599999,2343236090.977530,1201908,5568359.75,1155602845.000300,0
1756065600000,205.1100,207.2800,201.0100,206.0900,7601206.52,1756079999999,1551577636.435640,916232,3797493.06,775458450.194960,0
