open_time,open,high,low,close,volume,close_time,quote_volume,count,taker_buy_volume,taker_buy_quote_volume,ignore
1745366400000,148.7200,149.3800,147.0000,149.1500,3580587.67,1745380799999,531339175.200370,479208,1790982.62,265872555.267950,0
1745380800000,149.1500,152.2400,148.4800,151.5100,4375090.43,1745395199999,659473602.189820,531742,2226715.35,335687117.067240,0
1745395200000,151.5100,153.7000,150.8800,152.0100,4049379.29,1745409599999,615874457.402760,490100,2011676.02,305994952.221780,0
1745409600000,152.0200,154.1400,148.6500,151.3500,9952200.17,1745423999999,1503629487.570630,1100567,4908803.90,742085448.623460,0
1745424000000,151.3500,152.4500,148.8700,150.1000,3748426.44,1745438399999,565254226.558720,506581,1788321.72,269778654.341120,0
1745438400000,150.1100,151.7700,149.7800,151.0500,1637849.75,1745452799999,247124455.417190,260299,791538.87,119429159.383890,0
