open_time,open,high,low,close,volume,close_time,quote_volume,count,taker_buy_volume,taker_buy_quote_volume,ignore
1750377600000,146.9600,147.4600,145.3500,145.3900,1802616.86,1750391999999,263875640.223020,229430,838413.42,122740161.054600,0
1750392000000,145.3800,147.7500,144.2100,147.4100,2638918.95,1750406399999,384573849.300040,297380,1377724.81,200864883.176400,0
1750406400000,147.4000,148.7500,146.8400,148.1100,3298850.00,1750420799999,487686046.755240,337019,1578335.63,233394138.975140,0
1750420800000,148.1100,148.3000,142.2600,142.7600,6153702.72,1750435199999,893574713.629450,574460,2953609.28,428997518.466500,0
1750435200000,142.7700,142.9200,135.5700,139.7900,10945385.79,1750449599999,1520973524.958340,930148,5003823.15,694910608.309740,0
1750449600000,139.7900,141.6500,138.5900,140.0200,3205217.56,1750463999999,449185612.952480,352327,1669296.31,233966712.431280,0
