open_time,open,high,low,close,volume,close_time,quote_volume,count,taker_buy_volume,taker_buy_quote_volume,ignore
1777593600000,83.0400,84.3700,83.0200,83.8500,2428538.65,1777607999999,203267630.653800,184919,1272685.55,106534137.293700,0
1777608000000,83.8500,84.2000,83.6200,83.9000,2221610.57,1777622399999,186347200.891900,147758,1073843.93,90077221.651600,0
1777622400000,83.9100,84.2800,83.6700,83.9800,1531444.87,1777636799999,128622101.884000,119094,765016.59,64260217.301900,0
1777636800000,83.9700,84.8200,83.8100,84.4200,4247595.81,1777651199999,358183947.451700,279087,2191279.59,184824826.252700,0
1777651200000,84.4200,84.6000,83.7500,83.8600,2069694.26,1777665599999,174042176.733000,162598,971201.41,81678670.626100,0
1777665600000,83.8500,83.9000,83.2800,83.7000,1638390.45,1777679999999,137011629.736000,132024,746432.32,62427546.128400,0
