open_time,open,high,low,close,volume,close_time,quote_volume,count,taker_buy_volume,taker_buy_quote_volume,ignore
1750896000000,143.4900,147.9900,143.3000,145.8700,3948342.86,1750910399999,575246775.852060,432049,2062921.91,300589059.229160,0
1750910400000,145.8700,146.0200,143.9300,145.0800,2406599.23,1750924799999,349010032.734600,278690,1186650.49,172120308.766700,0
1750924800000,145.0700,145.7400,143.0400,143.5500,2229818.92,1750939199999,321289877.877600,261268,1056925.79,152298195.272500,0
1750939200000,143.5600,143.9000,141.3000,142.9200,5216706.67,1750953599999,743823526.977430,498026,2492004.25,355423657.149400,0
1750953600000,142.9200,143.1900,140.8000,142.2100,2678923.75,1750967999999,380314869.133080,319806,1328088.74,188602925.471000,0
1750968000000,142.2000,143.8900,138.5400,138.9800,4351718.03,1750982399999,613237076.230620,452140,2195110.29,309647366.914040,0
