open_time,open,high,low,close,volume,close_time,quote_volume,count,taker_buy_volume,taker_buy_quote_volume,ignore
1748995200000,155.0800,157.5600,154.0800,156.5000,3184401.91,1749009599999,496663813.258090,378648,1643131.43,256328450.746260,0
1749009600000,156.5000,156.9600,155.6100,156.3400,1405093.78,1749023999999,219747956.991130,237709,663070.32,103720969.182700,0
1749024000000,156.3400,157.8200,155.5600,155.8300,2071760.92,1749038399999,324605784.750690,259315,1014072.91,158963485.814060,0
1749038400000,155.8300,157.9300,154.5100,157.0500,4010058.13,1749052799999,625976154.306990,449373,1971218.14,307787803.653660,0
1749052800000,157.0500,157.5000,155.1800,155.2700,2313957.09,1749067199999,361739289.664830,310379,1075428.62,168092785.164100,0
1749067200000,155.2700,155.5500,152.7800,153.1800,2724495.03,1749081599999,419985872.051520,344079,1317285.24,203133473.921700,0
