open_time,open,high,low,close,volume,close_time,quote_volume,count,taker_buy_volume,taker_buy_quote_volume,ignore
1743292800000,0.3640000,0.3679000,0.3577000,0.3621000,64592102,1743307199999,23487195.2703000,81135,31363044,11416832.5318000,0
1743307200000,0.3622000,0.3665000,0.3582000,0.3604000,46204888,1743321599999,16731700.4256000,88501,21947012,7950984.7756000,0
1743321600000,0.3603000,0.3704000,0.3602000,0.3700000,76009341,1743335999999,27734064.8378000,79542,40714801,14862576.6229000,0
1743336000000,0.3701000,0.3756000,0.3641000,0.3689000,124106969,1743350399999,45901023.9743000,157933,62527615,23136356.0172000,0
1743350400000,0.3689000,0.3782000,0.3630000,0.3719000,61318439,1743364799999,22732269.9027000,78249,30251390,11218956.0099000,0
1743364800000,0.3719000,0.3736000,0.3633000,0.3696000,52665650,1743379199999,19432253.3003000,69204,27313133,10081218.2114000,0
