open_time,open,high,low,close,volume,close_time,quote_volume,count,taker_buy_volume,taker_buy_quote_volume,ignore
1714780800000,0.8520000,0.8570000,0.8220000,0.8320000,71235758,1714795199999,59690501.6910000,115142,34953468,29297859.9000000,0
1714795200000,0.8330000,0.8520000,0.8300000,0.8380000,46939596,1714809599999,39455402.6670000,79610,24300774,20433174.8370000,0
1714809600000,0.8380000,0.8760000,0.8360000,0.8430000,83184745,1714823999999,71162373.3030000,138157,40379369,34563247.5210000,0
1714824000000,0.8440000,0.8510000,0.8270000,0.8350000,67846975,1714838399999,56827401.5650000,101998,34023633,28520585.1750000,0
1714838400000,0.8360000,0.8430000,0.8220000,0.8400000,47672005,1714852799999,39595675.2290000,73810,23367075,19422399.7480000,0
1714852800000,0.8390000,0.8450000,0.8250000,0.8270000,38848245,1714867199999,32440906.6470000,66095,19279263,16101778.5310000,0
