open_time,open,high,low,close,volume,close_time,quote_volume,count,taker_buy_volume,taker_buy_quote_volume,ignore
1722211200000,0.4482000,0.4676000,0.4456000,0.4644000,63596524,1722225599999,29045236.8213000,129509,31187869,14239430.8058000,0
1722225600000,0.4644000,0.4758000,0.4633000,0.4677000,61842679,1722239999999,29039856.7203000,109950,31078727,14596947.0900000,0
1722240000000,0.4677000,0.4712000,0.4614000,0.4624000,35524614,1722254399999,16538764.7568000,68329,17577735,8185428.1173000,0
1722254400000,0.4625000,0.4681000,0.4415000,0.4450000,79223463,1722268799999,35942432.3408000,132129,37950053,17216100.5027000,0
1722268800000,0.4449000,0.4500000,0.4392000,0.4445000,70698306,1722283199999,31437077.2018000,120740,36711799,16325871.3648000,0
1722283200000,0.4445000,0.4460000,0.4368000,0.4396000,30985542,1722297599999,13691186.1277000,60253,15209337,6721265.3703000,0
