open_time,open,high,low,close,volume,close_time,quote_volume,count,taker_buy_volume,taker_buy_quote_volume,ignore
1725753600000,0.2109000,0.2140000,0.2089000,0.2133000,34691210,1725767999999,7335026.6017000,31749,18805481,3977966.0919000,0
1725768000000,0.2133000,0.2159000,0.2116000,0.2154000,47864123,1725782399999,10244794.0064000,36710,22722015,4865856.4265000,0
1725782400000,0.2153000,0.2194000,0.2149000,0.2153000,48156215,1725796799999,10436125.2311000,36849,24173278,5238533.4897000,0
1725796800000,0.2152000,0.2180000,0.2119000,0.2123000,93089275,1725811199999,20009381.3297000,58000,46971737,10098379.8693000,0
1725811200000,0.2122000,0.2171000,0.2108000,0.2147000,45878155,1725825599999,9827679.6683000,32333,23908484,5122366.4696000,0
1725825600000,0.2146000,0.2252000,0.2138000,0.2201000,88013722,1725839999999,19338580.6275000,59496,45302600,9952493.1919000,0
