open_time,open,high,low,close,volume,close_time,quote_volume,count,taker_buy_volume,taker_buy_quote_volume,ignore
1712361600000,1.0160000,1.0450000,0.9630000,0.9870000,175111929,1712375999999,174060107.5460000,442752,84175464,83697595.4960000,0
1712376000000,0.9880000,1.1480000,0.9690000,1.1290000,266162726,1712390399999,284915103.9090000,683337,136592332,146311984.5690000,0
1712390400000,1.1290000,1.1300000,1.0630000,1.1090000,217123399,1712404799999,237707931.2210000,494547,106060553,116153190.9000000,0
1712404800000,1.1080000,1.1950000,1.0610000,1.1510000,320643981,1712419199999,359263018.6000000,781827,159387267,178786730.8510000,0
1712419200000,1.1520000,1.1670000,1.1060000,1.1200000,159216037,1712433599999,180082949.4650000,404457,79711350,90203948.7080000,0
1712433600000,1.1200000,1.1400000,1.0850000,1.0890000,89000719,1712447999999,98490081.1930000,239046,41399035,45838827.4960000,0
