open_time,open,high,low,close,volume,close_time,quote_volume,count,taker_buy_volume,taker_buy_quote_volume,ignore
1724803200000,0.2721000,0.2763000,0.2629000,0.2732000,110810524,1724817599999,29860143.0249000,107186,55275959,14906583.8407000,0
1724817600000,0.2731000,0.2749000,0.2652000,0.2661000,61949947,1724831999999,16772904.1662000,61090,26944324,7300348.1237000,0
1724832000000,0.2661000,0.2860000,0.2640000,0.2778000,120940502,1724846399999,33347550.8278000,111068,62438261,17207935.6421000,0
1724846400000,0.2778000,0.2794000,0.2568000,0.2598000,164988970,1724860799999,44292160.0273000,133832,78914611,21203508.6351000,0
1724860800000,0.2598000,0.2661000,0.2487000,0.2581000,202331311,1724875199999,52006861.3540000,161321,98416318,25310679.0173000,0
1724875200000,0.2581000,0.2648000,0.2486000,0.2541000,114514874,1724889599999,29440800.2322000,104878,58416703,15017529.0048000,0
