open_time,open,high,low,close,volume,close_time,quote_volume,count,taker_buy_volume,taker_buy_quote_volume,ignore
1744416000000,0.3154000,0.3180000,0.3073000,0.3090000,67689495,1744430399999,21155156.2689000,67680,31644472,9895938.5759000,0
1744430400000,0.3090000,0.3145000,0.3050000,0.3133000,76708248,1744444799999,23797110.0253000,71840,39133847,12147244.6146000,0
1744444800000,0.3134000,0.3195000,0.3086000,0.3112000,83806506,1744459199999,26303761.5921000,75299,41158444,12919963.7731000,0
1744459200000,0.3112000,0.3333000,0.3094000,0.3308000,230812440,1744473599999,74713263.4551000,160137,119943804,38834299.8931000,0
1744473600000,0.3307000,0.3397000,0.3284000,0.3390000,144571465,1744487999999,48336401.9856000,121583,73486260,24581365.4862000,0
1744488000000,0.3390000,0.3502000,0.3365000,0.3421000,151521578,1744502399999,52094476.6529000,128830,71410319,24550920.1208000,0
