open_time,open,high,low,close,volume,close_time,quote_volume,count,taker_buy_volume,taker_buy_quote_volume,ignore
1685836800000,306.740,307.000,305.830,306.120,49859.56,1685851199999,15272590.58990,28495,26616.76,8152716.05760,0
1685851200000,306.120,307.000,305.900,306.940,49720.12,1685865599999,15236286.59150,27413,25102.31,7692206.05370,0
1685865600000,306.940,307.820,306.900,306.900,58699.60,1685879999999,18044461.65000,31249,25949.06,7976849.05220,0
1685880000000,306.900,307.790,306.710,306.720,82074.11,1685894399999,25213712.65540,41058,40469.45,12432028.08910,0
1685894400000,306.720,306.820,305.910,306.400,83932.58,1685908799999,25697744.87330,45709,44231.50,13542985.77210,0
1685908800000,306.400,307.690,304.650,305.230,127382.88,1685923199999,39007507.71900,65317,56426.75,17283303.34880,0
