open_time,open,high,low,close,volume,close_time,quote_volume,count,taker_buy_volume,taker_buy_quote_volume,ignore
1713484800000,551.950,552.000,523.420,540.440,403160.66,1713499199999,216111011.40970,425707,197388.74,105791958.54190,0
1713499200000,540.440,561.290,538.510,554.950,263195.50,1713513599999,144835484.09730,287505,132866.41,73120870.17820,0
1713513600000,554.930,562.380,554.020,559.460,172518.28,1713527999999,96377499.41900,183048,82600.87,46147926.56010,0
1713528000000,559.470,563.940,554.050,559.830,165641.38,1713542399999,92689813.29530,193627,80337.54,44962031.87340,0
1713542400000,559.810,561.280,554.560,560.670,100612.40,1713556799999,56175027.20720,136958,51994.99,29031533.92570,0
1713556800000,560.680,561.750,549.230,553.770,117073.78,1713571199999,65082904.41700,139117,58702.66,32637461.81150,0
