open_time,open,high,low,close,volume,close_time,quote_volume,count,taker_buy_volume,taker_buy_quote_volume,ignore
1660348800000,327.900,329.280,324.750,328.510,291345.26,1660363199999,95184576.21820,134295,141775.59,46328350.75720,0
1660363200000,328.500,331.450,326.930,327.610,292382.67,1660377599999,96210398.93970,135297,139991.67,46076993.08600,0
1660377600000,327.620,333.000,325.000,331.270,413164.45,1660391999999,136030572.61480,174440,206976.63,68150666.56240,0
1660392000000,331.260,331.420,327.510,327.880,213669.33,1660406399999,70355516.67210,107381,111241.06,36631679.54680,0
1660406400000,327.870,328.800,323.730,323.990,197633.59,1660420799999,64538519.26240,103703,91461.48,29873147.26670,0
1660420800000,323.980,326.850,322.500,324.000,159554.85,1660435199999,51803850.96660,87713,73046.79,23719116.26600,0
