open_time,open,high,low,close,volume,close_time,quote_volume,count,taker_buy_volume,taker_buy_quote_volume,ignore
1713312000000,537.510,542.150,534.340,541.670,152003.58,1713326399999,81873941.85333,192019,76240.01,41064113.81318,0
1713326400000,541.670,546.150,540.030,543.600,126940.15,1713340799999,68976649.51460,176635,63089.57,34284557.76850,0
1713340800000,543.610,547.400,531.730,531.990,164300.80,1713355199999,88858462.03915,185455,79478.65,42975548.80540,0
1713355200000,531.990,540.350,516.080,517.320,437606.36,1713369599999,231323067.57441,465705,207623.75,109861689.24850,0
1713369600000,517.310,538.920,512.240,533.690,331146.15,1713383999999,174369988.32152,384357,164883.27,86824783.70096,0
1713384000000,533.770,540.420,532.660,533.940,121949.80,1713398399999,65440923.45270,171481,63412.34,34033476.46360,0
