open_time,open,high,low,close,volume,close_time,quote_volume,count,taker_buy_volume,taker_buy_quote_volume,ignore
1738368000000,677.790,681.860,676.830,677.640,41777.92,1738382399999,28385259.47450,83568,21840.34,14839492.37620,0
1738382400000,677.650,679.260,674.170,674.530,37392.77,1738396799999,25302916.25020,69571,19268.26,13041420.21910,0
1738396800000,674.520,675.250,668.730,671.790,67763.87,1738411199999,45502712.98070,117172,29277.52,19656244.99390,0
1738411200000,671.800,673.330,666.120,668.460,55220.06,1738425599999,36976103.21310,98646,24993.68,16738512.21420,0
1738425600000,668.460,669.750,659.970,661.230,78183.25,1738439999999,51993535.61260,120801,34318.99,22830647.07710,0
1738440000000,661.230,662.330,650.430,652.830,119140.36,1738454399999,78280705.50810,198933,57334.78,37673904.82800,0
