open_time,open,high,low,close,volume,close_time,quote_volume,count,taker_buy_volume,taker_buy_quote_volume,ignore
1677715200000,302.480,303.730,297.600,299.670,281300.05,1677729599999,84454304.44857,119829,122054.01,36652577.54530,0
1677729600000,299.660,300.250,298.050,298.930,137622.94,1677743999999,41158028.63880,63596,69472.04,20775797.78260,0
1677744000000,298.930,298.940,296.320,298.680,165735.61,1677758399999,49400046.08940,76627,82763.00,24671949.79650,0
1677758400000,298.690,299.340,295.530,297.610,299489.95,1677772799999,89101036.86420,132057,140975.73,41942822.19070,0
1677772800000,297.620,300.530,296.000,300.450,186089.82,1677787199999,55497701.78337,87706,96100.12,28671562.71347,0
1677787200000,300.430,300.680,299.110,299.790,115090.25,1677801599999,34519436.29100,59433,56068.57,16817531.60680,0
