open_time,open,high,low,close,volume,close_time,quote_volume,count,taker_buy_volume,taker_buy_quote_volume,ignore
1689379200000,247.890,249.040,246.510,248.130,202555.35,1689393599999,50243217.37200,79899,94098.20,23339535.16840,0
1689393600000,248.130,250.140,247.680,249.850,210718.70,1689407999999,52396983.11469,67387,99264.58,24686386.88769,0
1689408000000,249.840,252.000,249.180,250.560,255066.88,1689422399999,64019342.61300,90080,127608.76,32030833.28870,0
1689422400000,250.570,251.100,248.620,250.120,195808.44,1689436799999,48962543.05140,74677,95083.10,23776238.03900,0
1689436800000,250.130,251.740,249.060,251.630,155029.88,1689451199999,38831583.70300,62752,80262.88,20105555.78400,0
1689451200000,251.620,251.620,249.630,250.790,114993.60,1689465599999,28818824.47300,50035,53002.93,13283955.05900,0
