open_time,open,high,low,close,volume,close_time,quote_volume,count,taker_buy_volume,taker_buy_quote_volume,ignore
1747526400000,639.420,643.200,638.920,642.250,44261.17,1747540799999,28389778.84920,106216,21787.30,13974341.98620,0
1747540800000,642.260,646.150,642.220,645.460,50698.31,1747555199999,32669027.51720,93014,25186.21,16230863.83740,0
1747555200000,645.460,648.260,644.700,644.980,57595.79,1747569599999,37228623.33960,99578,30100.23,19459295.51350,0
1747569600000,644.980,654.850,643.600,653.970,90812.11,1747583999999,59008850.28700,136254,47208.32,30684757.20400,0
1747584000000,653.980,654.970,637.880,637.890,150130.36,1747598399999,97131645.34380,236390,71844.65,46481501.35720,0
1747598400000,637.890,652.340,633.820,651.320,126032.25,1747612799999,80861882.94630,217013,62315.56,39972935.02470,0
