open_time,open,high,low,close,volume,close_time,quote_volume,count,taker_buy_volume,taker_buy_quote_volume,ignore
1720915200000,532.450,537.760,531.260,533.560,75775.35,1720929599999,40508697.60020,103451,35661.14,19063179.65240,0
1720929600000,533.560,539.020,533.340,537.500,59416.77,1720943999999,31925159.76400,87074,28829.16,15490651.99740,0
1720944000000,537.510,540.380,535.020,537.000,65377.15,1720958399999,35171239.13250,81235,30664.43,16498776.85230,0
1720958400000,537.000,537.030,531.470,536.210,70518.37,1720972799999,37675527.65170,89781,31792.67,16988218.22400,0
1720972800000,536.210,537.290,534.700,536.780,27428.69,1720987199999,14704200.89360,45560,14781.06,7925054.34210,0
1720987200000,536.780,547.660,536.550,544.760,80635.08,1721001599999,43802637.97700,116001,42491.85,23082560.13000,0
