open_time,open,high,low,close,volume,close_time,quote_volume,count,taker_buy_volume,taker_buy_quote_volume,ignore
1739318400000,641.570,647.230,631.030,631.610,147990.01,1739332799999,94501735.48180,218372,71694.58,45772818.27010,0
1739332800000,631.600,639.490,626.290,636.770,147821.03,1739347199999,93356986.31380,208285,74784.35,47228478.55210,0
1739347200000,636.770,653.500,636.310,645.970,273131.84,1739361599999,176551283.72690,318619,142528.11,92126839.71070,0
1739361600000,645.960,663.200,632.410,658.530,574520.98,1739375999999,370941345.67840,640977,301154.70,194530155.00410,0
1739376000000,658.540,692.440,654.500,691.820,620891.18,1739390399999,419444975.42120,652323,330058.66,222994396.46240,0
1739390400000,691.830,706.000,691.390,696.760,439119.84,1739404799999,306924987.61600,481247,212539.11,148563777.22960,0
