open_time,open,high,low,close,volume,close_time,quote_volume,count,taker_buy_volume,taker_buy_quote_volume,ignore
1683763200000,314.160,314.260,312.010,312.040,107718.00,1683777599999,33750604.86400,60505,52054.51,16309093.42000,0
1683777600000,312.040,312.470,310.560,310.870,112900.81,1683791999999,35171536.82060,53598,57985.62,18065941.65670,0
1683792000000,310.870,312.150,309.160,311.710,136678.38,1683806399999,42506856.89260,67767,62738.19,19516114.51370,0
1683806400000,311.710,313.510,307.720,309.250,265234.83,1683820799999,82280937.85010,123034,127229.54,39478680.01880,0
1683820800000,309.250,309.860,303.990,305.790,259235.40,1683835199999,79337712.57424,130587,117758.47,36034722.79890,0
1683835200000,305.800,308.010,305.420,307.270,120555.47,1683849599999,36970453.88480,59795,60606.33,18585114.26820,0
