open_time,open,high,low,close,volume,close_time,quote_volume,count,taker_buy_volume,taker_buy_quote_volume,ignore
1740096000000,655.950,657.060,650.520,650.970,70739.87,1740110399999,46178264.93190,117596,33906.27,22131146.35240,0
1740110400000,650.970,655.260,650.190,655.190,61914.63,1740124799999,40377704.16830,100121,34138.83,22264477.41580,0
1740124800000,655.180,664.770,654.420,661.440,162914.88,1740139199999,107474565.84250,195602,79844.92,52679739.21160,0
1740139200000,661.450,667.710,648.140,657.270,289660.96,1740153599999,191150684.23490,357322,141068.57,93107615.61220,0
1740153600000,657.260,662.330,633.950,638.630,309266.92,1740167999999,200591643.20910,411866,145028.56,94025470.11680,0
1740168000000,638.620,647.180,638.050,647.110,113836.61,1740182399999,73234947.86170,208037,61318.32,39453973.55550,0
