open_time,open,high,low,close,volume,close_time,quote_volume,count,taker_buy_volume,taker_buy_quote_volume,ignore
1720396800000,490.640,491.990,470.030,487.910,344563.14,1720411199999,165747604.37260,370120,172817.08,83124325.60290,0
1720411200000,487.930,509.700,487.290,501.560,296992.90,1720425599999,148475491.64650,292422,152077.13,76009095.68580,0
1720425600000,501.570,524.230,500.470,515.350,325067.52,1720439999999,167234657.63190,334990,163067.68,83878669.63510,0
1720440000000,515.360,519.230,490.020,501.260,392777.71,1720454399999,198213241.51550,352720,193159.09,97451927.00460,0
1720454400000,501.290,508.350,496.910,507.360,97489.77,1720468799999,49064358.86350,147962,45508.44,22908526.95670,0
1720468800000,507.430,512.800,505.130,510.280,76026.79,1720483199999,38721985.05920,105522,35798.64,18237311.06360,0
