open_time,open,high,low,close,volume,close_time,quote_volume,count,taker_buy_volume,taker_buy_quote_volume,ignore
1724630400000,573.490,575.210,567.370,569.910,74559.44,1724644799999,42560746.73740,124239,36003.45,20555313.76630,0
1724644800000,569.900,572.580,561.120,561.720,117004.92,1724659199999,66189073.10050,170247,53576.07,30302558.66710,0
1724659200000,561.740,566.790,559.000,563.610,86841.53,1724673599999,48949688.17580,131650,42755.80,24104783.80660,0
1724673600000,563.610,564.080,555.580,558.330,132269.86,1724687999999,74055022.55500,187935,63225.67,35403267.14200,0
1724688000000,558.320,561.560,551.380,552.420,114269.70,1724702399999,63560618.53400,178065,54446.23,30293251.06900,0
1724702400000,552.420,554.720,546.410,548.030,95119.23,1724716799999,52288944.89330,145244,46494.29,25557742.43950,0
