open_time,open,high,low,close,volume,close_time,quote_volume,count,taker_buy_volume,taker_buy_quote_volume,ignore
1666569600000,275.740,277.380,273.740,274.230,152056.76,1666583999999,41887058.02490,70015,76187.21,20991232.13280,0
1666584000000,274.230,274.350,272.620,273.410,99738.62,1666598399999,27280205.41060,52483,49671.04,13585231.43330,0
1666598400000,273.410,274.800,273.010,274.170,87526.89,1666612799999,23992813.66440,46184,43482.84,11920344.39860,0
1666612800000,274.170,274.380,271.380,273.010,181039.57,1666627199999,49391786.48790,79329,88654.14,24189696.10560,0
1666627200000,273.000,274.220,271.950,273.340,81438.83,1666641599999,22245778.02330,45149,39306.40,10739251.01550,0
1666641600000,273.330,274.230,272.530,274.020,69840.68,1666655999999,19092954.96630,36136,35471.25,9697594.65370,0
