open_time,open,high,low,close,volume,close_time,quote_volume,count,taker_buy_volume,taker_buy_quote_volume,ignore
1702252800000,239.960,241.560,225.580,233.330,913697.80,1702267199999,213216892.72480,412016,411694.02,96132732.77330,0
1702267200000,233.330,234.530,231,232.620,356973.04,1702281599999,83186442.99040,174894,181964.26,42412228.04590,0
1702281600000,232.610,238.140,231.660,236.230,377675.50,1702295999999,88782804.33580,174224,194317.08,45674051.03260,0
1702296000000,236.220,248.410,235.530,244.490,1569261.07,1702310399999,380901493.14560,595039,770970.84,187135214.06910,0
1702310400000,244.480,247.060,236.880,240.050,838275.19,1702324799999,203131676.43090,352858,395834.66,95925894.35250,0
1702324800000,240.070,246.980,239.900,246.630,305487.44,1702339199999,74392860.09380,147126,158911.91,38708081.60030,0
