open_time,open,high,low,close,volume,close_time,quote_volume,count,taker_buy_volume,taker_buy_quote_volume,ignore
1746230400000,147.9300,149.0000,147.4200,148.2200,1601244.51,1746244799999,237293173.439940,221188,831894.12,123293326.051840,0
1746244800000,148.2200,148.5000,147.2600,148.0200,1176501.31,1746259199999,173881001.014700,172502,549341.34,81186866.874000,0
1746259200000,148.0300,148.3000,146.6000,147.0300,1895514.53,1746273599999,279165299.443000,211633,850950.58,125359185.591100,0
1746273600000,147.0200,149.0000,147.0200,148.3700,2076863.53,1746287999999,307867710.429240,242204,1160323.66,172008835.411840,0
1746288000000,148.3700,148.3900,145.7400,147.3600,2436248.26,1746302399999,357694768.019480,291404,1147589.11,168480105.271600,0
1746302400000,147.3600,147.8500,146.5400,146.6200,982050.58,1746316799999,144614515.021980,169419,458831.27,67577931.201280,0
