open_time,open,high,low,close,volume,close_time,quote_volume,count,taker_buy_volume,taker_buy_quote_volume,ignore
1745884800000,147.7600,149.1300,146.8300,147.3800,2288412.50,1745899199999,338399566.826540,341803,1144984.53,169337191.534140,0
1745899200000,147.3900,148.8700,145.3700,148.8200,2667899.94,1745913599999,392720941.405920,328080,1343759.71,197840830.199640,0
1745913600000,148.8300,149.4400,147.5200,148.9300,2320620.21,1745927999999,345173731.605030,299213,1126052.41,167509405.173210,0
1745928000000,148.9200,149.1900,146.7700,147.9200,3121859.42,1745942399999,461158684.449030,389531,1484582.96,219300132.172310,0
1745942400000,147.9200,150.3700,147.5800,149.1900,2886364.36,1745956799999,430158766.127490,404697,1454729.41,216888573.743450,0
1745956800000,149.2000,149.4600,144.7900,146.1800,3587826.72,1745971199999,525662708.205240,420055,1645669.44,241178682.252420,0
