open_time,open,high,low,close,volume,close_time,quote_volume,count,taker_buy_volume,taker_buy_quote_volume,ignore
1739232000000,2659.99,2724.49,2659.36,2677.71,502164.189,1739246399999,1351004966.25631,763661,260625.703,701373897.09699,0
1739246400000,2677.71,2723.99,2675.00,2710.68,411348.141,1739260799999,1112642421.76441,644206,217934.855,589445013.34668,0
1739260800000,2710.67,2720.54,2690.00,2707.32,353774.378,1739275199999,956958346.11655,541247,175254.674,474127318.63861,0
1739275200000,2707.31,2709.05,2624.11,2661.16,793420.929,1739289599999,2111415942.31496,1060736,373217.531,992956720.35019,0
1739289600000,2661.16,2669.69,2580.83,2588.46,697247.970,1739303999999,1828900293.84518,1006373,336275.465,882272333.29135,0
1739304000000,2588.45,2630.69,2552.88,2601.03,588378.347,1739318399999,1530330723.75603,846670,299137.393,778206904.15603,0
