open_time,open,high,low,close,volume,close_time,quote_volume,count,taker_buy_volume,taker_buy_quote_volume,ignore
1671062400000,1307.76,1311.86,1280.00,1292.42,924199.653,1671076799999,1195745407.49334,491888,432127.997,559110561.50564,0
1671076800000,1292.42,1293.06,1286.30,1287.09,320214.531,1671091199999,413212940.48157,197408,158004.688,203919193.41413,0
1671091200000,1287.08,1291.39,1282.53,1290.97,525837.141,1671105599999,676686637.18794,287275,265057.804,341110290.59858,0
1671105600000,1290.96,1290.96,1261.40,1269.98,1287459.918,1671119999999,1641729340.67096,670804,590677.904,753344580.69211,0
1671120000000,1269.98,1275.80,1263.81,1274.74,595670.254,1671134399999,756572882.43644,323326,302680.149,384472418.85761,0
1671134400000,1274.73,1275.06,1256.10,1266.26,546078.340,1671148799999,690869016.32570,319436,260362.615,329403532.85489,0
