open_time,open,high,low,close,volume,close_time,quote_volume,count,taker_buy_volume,taker_buy_quote_volume,ignore
1745884800000,1799.21,1810.92,1786.68,1801.26,627213.054,1745899199999,1128065273.98640,612675,315028.866,566742926.12605,0
1745899200000,1801.26,1824.24,1787.37,1820.77,792123.184,1745913599999,1432801746.51525,645230,416367.565,753028392.65040,0
1745913600000,1820.77,1842.82,1815.76,1828.90,1042093.467,1745927999999,1906444075.17634,745894,538989.075,986210027.17965,0
1745928000000,1828.89,1832.58,1801.00,1814.21,1241440.926,1745942399999,2254865217.67860,892290,600540.664,1090761812.08996,0
1745942400000,1814.20,1831.49,1806.00,1820.92,717932.308,1745956799999,1307137048.36600,593350,362874.731,660729750.61013,0
1745956800000,1820.92,1824.87,1779.36,1796.57,894515.506,1745971199999,1606810878.22267,659205,429648.941,771653845.87107,0
