open_time,open,high,low,close,volume,close_time,quote_volume,count,taker_buy_volume,taker_buy_quote_volume,ignore
1696723200000,1633.17,1640.90,1632.73,1638.47,113024.320,1696737599999,184994076.04363,130364,59710.046,97733030.62113,0
1696737600000,1638.46,1639.20,1622.65,1628.14,187092.044,1696751999999,304910208.33504,189462,83860.871,136633600.22039,0
1696752000000,1628.13,1628.95,1615.19,1617.25,246887.258,1696766399999,400322788.43890,228086,117487.988,190484030.76526,0
1696766400000,1617.25,1637.42,1616.51,1630.63,315376.672,1696780799999,513388830.37371,309886,165687.787,269744327.66489,0
1696780800000,1630.64,1638.76,1628.49,1634.86,163052.035,1696795199999,266235518.09903,180906,89232.575,145716705.69314,0
1696795200000,1634.86,1637.72,1626.61,1632.02,127908.383,1696809599999,208733401.21476,158553,60502.137,98728967.64313,0
