open_time,open,high,low,close,volume,close_time,quote_volume,count,taker_buy_volume,taker_buy_quote_volume,ignore
1682121600000,1848.01,1862.00,1845.40,1858.68,309536.079,1682135999999,573573122.38756,361872,160828.270,298054702.88216,0
1682136000000,1858.72,1864.51,1847.02,1849.91,295712.100,1682150399999,548932213.10951,315667,136142.891,252733030.91177,0
1682150400000,1849.91,1853.99,1839.26,1851.12,303345.070,1682164799999,560920024.40685,303051,160269.999,296418364.81547,0
1682164800000,1851.13,1872.00,1845.20,1865.77,491307.377,1682179199999,913485981.40773,442721,262304.255,487722022.82704,0
1682179200000,1865.77,1886.50,1864.92,1871.00,556656.228,1682193599999,1044612530.74931,506016,266753.791,500581641.97844,0
1682193600000,1871.01,1878.69,1862.79,1873.39,277344.077,1682207999999,519209156.74934,343593,133373.407,249704514.83750,0
