open_time,open,high,low,close,volume,close_time,quote_volume,count,taker_buy_volume,taker_buy_quote_volume,ignore
1774483200000,2168.00,2171.32,2142.15,2152.15,471318.207,1774497599999,1015914852.71004,690524,233667.024,503709706.88421,0
1774497600000,2152.15,2153.52,2110.72,2122.37,877179.932,1774511999999,1865520847.20515,938036,396347.890,842732503.49616,0
1774512000000,2122.36,2126.24,2061.00,2067.33,1227552.831,1774526399999,2560560457.13049,1259096,556733.529,1160967323.32270,0
1774526400000,2067.34,2093.64,2050.54,2069.43,1213774.885,1774540799999,2516778732.23995,1642081,632694.292,1312387137.75651,0
1774540800000,2069.43,2070.00,2033.22,2047.86,838307.982,1774555199999,1718894487.60746,1142754,408569.383,837956728.17671,0
1774555200000,2047.85,2080.25,2045.17,2059.17,817780.614,1774569599999,1690838096.85279,965623,426538.220,882151075.29928,0
