open_time,open,high,low,close,volume,close_time,quote_volume,count,taker_buy_volume,taker_buy_quote_volume,ignore
1779926400000,2023.70,2028.47,1970.00,1980.66,1359729.619,1779940799999,2715284950.76415,1330178,616800.919,1231813431.25932,0
1779940800000,1980.65,1995.59,1965.48,1994.24,910777.604,1779955199999,1803031249.17070,936146,455751.831,902391616.34635,0
1779955200000,1994.24,1997.95,1983.60,1988.73,395881.131,1779969599999,787816167.75852,482758,186889.035,371953360.01149,0
1779969600000,1988.73,2002.21,1966.15,1989.69,1213758.262,1779983999999,2410496451.03774,1457296,605901.595,1203601375.11148,0
1779984000000,1989.70,2029.50,1984.11,2013.86,836197.755,1779998399999,1683314078.00440,955529,434185.282,873881994.82243,0
1779998400000,2013.87,2023.50,2004.43,2008.92,349333.934,1780012799999,703171338.86902,425978,181169.278,364733464.88035,0
