open_time,open,high,low,close,volume,close_time,quote_volume,count,taker_buy_volume,taker_buy_quote_volume,ignore
1727913600000,2363.00,2398.65,2351.60,2398.08,411583.688,1727927999999,979293621.91396,625761,207015.217,492463313.92913,0
1727928000000,2398.08,2402.29,2358.00,2363.59,314508.341,1727942399999,749838513.17584,429984,146770.994,349979763.31484,0
1727942400000,2363.59,2369.52,2318.00,2351.55,768412.649,1727956799999,1801920378.15228,967784,370063.687,867876189.87038,0
1727956800000,2351.56,2365.00,2308.09,2339.54,1026137.417,1727971199999,2396754249.37676,1463405,512452.437,1197307916.83039,0
1727971200000,2339.55,2353.55,2310.65,2352.40,491190.374,1727985599999,1146258616.43143,764308,255621.866,596584176.64747,0
1727985600000,2352.39,2356.84,2330.82,2348.74,178234.602,1727999999999,418190665.23807,354808,90637.252,212688294.46785,0
