open_time,open,high,low,close,volume,close_time,quote_volume,count,taker_buy_volume,taker_buy_quote_volume,ignore
1680739200000,1907.49,1908.84,1885.00,1898.00,456627.107,1680753599999,865744847.96769,392707,221306.879,419614594.07375,0
1680753600000,1898.00,1898.01,1873.00,1878.35,415014.150,1680767999999,782867949.84157,336630,182702.592,344701087.77014,0
1680768000000,1878.35,1885.18,1851.60,1867.75,851367.704,1680782399999,1590307525.95544,596459,397821.710,743319822.51529,0
1680782400000,1867.75,1877.72,1853.24,1873.38,709193.968,1680796799999,1323740295.73267,535184,347736.181,649126717.46953,0
1680796800000,1873.39,1882.29,1865.00,1870.30,339000.380,1680811199999,635318312.82815,297996,162348.347,304302653.50223,0
1680811200000,1870.30,1878.04,1858.28,1871.33,266411.464,1680825599999,497636640.50573,257144,136107.970,254269910.71914,0
