open_time,open,high,low,close,volume,close_time,quote_volume,count,taker_buy_volume,taker_buy_quote_volume,ignore
1729728000000,2523.85,2561.04,2507.76,2544.19,366019.758,1729742399999,930204878.00851,548695,184522.223,469008878.43561,0
1729742400000,2544.20,2561.83,2539.04,2543.88,261141.946,1729756799999,666346464.95291,360495,127660.183,325764516.39093,0
1729756800000,2543.88,2550.98,2507.68,2528.97,362390.343,1729771199999,915138794.10366,537225,180721.563,456377756.44402,0
1729771200000,2528.97,2545.24,2512.37,2525.15,470963.376,1729785599999,1191047020.61729,753258,225216.659,569696681.88118,0
1729785600000,2525.16,2541.80,2506.27,2539.51,303256.630,1729799999999,765388853.41901,487317,157706.677,398133811.11987,0
1729800000000,2539.51,2560.00,2526.08,2535.39,261106.251,1729814399999,663374433.40273,390116,137128.602,348495819.41807,0
