open_time,open,high,low,close,volume,close_time,quote_volume,count,taker_buy_volume,taker_buy_quote_volume,ignore
1648857600000,3454.33,3526.05,3438.34,3473.79,385376.165,1648871999999,1342167491.05651,406150,194941.376,678981603.68454,0
1648872000000,3473.80,3493.36,3461.50,3483.19,153562.519,1648886399999,534023658.48542,206648,79085.452,275040853.02637,0
1648886400000,3483.18,3497.77,3468.02,3485.43,149881.572,1648900799999,522222658.27989,208828,71154.896,247949904.03601,0
1648900800000,3485.43,3533.00,3444.00,3459.97,504993.363,1648915199999,1763106311.12972,507938,250958.923,876483436.21912,0
1648915200000,3459.97,3486.40,3430.20,3469.89,277145.050,1648929599999,960189972.09269,345566,137555.493,476643186.52635,0
1648929600000,3469.88,3486.16,3432.73,3443.07,181455.691,1648943999999,628591459.83565,228169,87877.246,304495678.93891,0
