open_time,open,high,low,close,volume,close_time,quote_volume,count,taker_buy_volume,taker_buy_quote_volume,ignore
1695254400000,1621.60,1624.81,1612.50,1622.71,199369.571,1695268799999,322599047.93452,219086,101705.596,164577791.86788,0
1695268800000,1622.72,1624.05,1616.11,1617.48,126661.553,1695283199999,205270206.60120,144937,62063.328,100589556.81300,0
1695283200000,1617.47,1622.18,1585.81,1594.09,701473.426,1695297599999,1124761947.88287,623452,313457.158,502743564.98001,0
1695297600000,1594.08,1596.36,1565.50,1583,696870.051,1695311999999,1102001249.78650,624401,327369.547,517789937.10524,0
1695312000000,1583,1592.70,1581.26,1588.91,213601.411,1695326399999,339122887.64493,201534,105989.285,168281966.52102,0
1695326400000,1588.92,1589.62,1582.03,1583,111756.615,1695340799999,177165997.84402,122525,55457.981,87918484.60064,0
