open_time,open,high,low,close,volume,close_time,quote_volume,count,taker_buy_volume,taker_buy_quote_volume,ignore
1771372800000,1990.68,1999.64,1967.27,1995.85,418428.459,1771387199999,830153435.04592,777557,204034.610,404919343.04040,0
1771387200000,1995.85,2022.00,1992.13,2017.19,463830.601,1771401599999,930186018.02604,634075,262940.129,527645414.94071,0
1771401600000,2017.20,2038.27,1975.20,1980.19,917334.760,1771415999999,1839756482.06995,1114802,464674.817,932548440.37636,0
1771416000000,1980.19,2009.80,1953.20,1984.56,1412387.045,1771430399999,2795403880.80614,2070141,724719.280,1434795861.45348,0
1771430400000,1984.56,1986.99,1921.64,1939.82,1322868.117,1771444799999,2589159194.49797,1959468,627990.727,1229557435.11674,0
1771444800000,1939.83,1955.59,1934.11,1954.77,412344.496,1771459199999,801610441.93640,847494,220225.777,428182238.34112,0
