open_time,open,high,low,close,volume,close_time,quote_volume,count,taker_buy_volume,taker_buy_quote_volume,ignore
1677369600000,1593.60,1605.71,1586.35,1601.89,333547.942,1677383999999,532294879.58992,218857,177525.976,283337486.55394,0
1677384000000,1601.90,1602.69,1595.23,1598.99,201014.780,1677398399999,321529566.91266,153799,99741.958,159553294.56536,0
1677398400000,1599.00,1606.59,1596.35,1603.25,249538.490,1677412799999,399728005.56797,188397,121710.183,194974917.14326,0
1677412800000,1603.25,1615.07,1594.15,1604.63,475995.904,1677427199999,763329916.28917,318189,237887.703,381561403.62725,0
1677427200000,1604.64,1635.99,1597.51,1632.69,768822.020,1677441599999,1245191150.62729,487138,414517.458,671486231.25786,0
1677441600000,1632.69,1652.91,1621.77,1640.49,794908.786,1677455999999,1302677696.00489,539348,412194.872,675591505.95876,0
