open_time,open,high,low,close,volume,close_time,quote_volume,count,taker_buy_volume,taker_buy_quote_volume,ignore
1773792000000,2316.45,2349.99,2305.60,2339.60,565019.709,1773806399999,1316049211.31315,903046,286546.869,667548837.44084,0
1773806400000,2339.61,2341.00,2310.07,2316.60,523841.759,1773820799999,1216874984.51436,636792,256671.690,596175373.59393,0
1773820800000,2316.60,2332.98,2262.01,2268.10,1236648.585,1773835199999,2835677300.26769,1319993,564562.044,1294860788.12561,0
1773835200000,2268.11,2269.74,2168.00,2186.25,2681320.445,1773849599999,5943273714.88108,3088593,1293418.419,2867666220.88919,0
1773849600000,2186.25,2219.00,2163.03,2184.91,1385996.537,1773863999999,3036107086.37992,2072747,709158.558,1553935555.31585,0
1773864000000,2184.90,2205.90,2150.70,2201.95,732175.390,1773878399999,1598571842.41137,1041724,363037.913,792731888.58650,0
