open_time,open,high,low,close,volume,close_time,quote_volume,count,taker_buy_volume,taker_buy_quote_volume,ignore
1767484800000,3125.46,3165.99,3124.76,3145.73,512447.964,1767499199999,1612623304.43665,787332,272644.622,858038902.98190,0
1767499200000,3145.73,3161.41,3132.24,3139.51,328217.711,1767513599999,1032898193.26393,474991,170201.977,535832621.27015,0
1767513600000,3139.52,3147.37,3122.58,3138.32,289034.150,1767527999999,906557437.89475,435518,131868.639,413658684.73113,0
1767528000000,3138.32,3145.94,3115.00,3134.14,272959.045,1767542399999,855202656.23238,414612,133449.838,418194422.51963,0
1767542400000,3134.14,3142.85,3117.00,3131.31,235732.448,1767556799999,738152369.99580,420620,119044.076,372805868.30641,0
1767556800000,3131.31,3155.00,3129.37,3143.32,249511.472,1767571199999,784131757.86979,446054,133958.177,421006964.09532,0
