open_time,open,high,low,close,volume,close_time,quote_volume,count,taker_buy_volume,taker_buy_quote_volume,ignore
1670976000000,1321.05,1327.69,1317.30,1320.06,452744.186,1670990399999,598571198.42341,237979,219613.902,290364808.14529,0
1670990400000,1320.05,1325.84,1316.00,1323.12,322161.050,1671004799999,425740193.24802,183712,159469.979,210760195.67497,0
1671004800000,1323.13,1330.00,1319.43,1327.00,468724.023,1671019199999,620877378.73209,250388,240115.348,318090070.38903,0
1671019200000,1327.01,1345.00,1325.09,1338.30,1235613.319,1671033599999,1648950060.88822,651296,627454.626,837478438.11235,0
1671033600000,1338.30,1354.40,1300.17,1307.50,2301055.100,1671047999999,3049983232.54940,1217752,1112715.941,1475819569.08635,0
1671048000000,1307.50,1318.78,1301.00,1307.76,866898.264,1671062399999,1135343639.07668,433007,431777.185,565518835.01331,0
