open_time,open,high,low,close,volume,close_time,quote_volume,count,taker_buy_volume,taker_buy_quote_volume,ignore
1693872000000,1630.08,1630.70,1608.45,1617.25,254663.884,1693886399999,412103862.89826,235095,120672.304,195252549.85118,0
1693886400000,1617.24,1627.52,1617.24,1624.33,180714.300,1693900799999,293128164.13377,141466,94340.910,153036109.13296,0
1693900800000,1624.32,1638.47,1620.00,1634.64,236327.932,1693915199999,385202590.79118,210450,121931.861,198778490.10741,0
1693915200000,1634.64,1648.00,1624.85,1636.03,448773.106,1693929599999,733798778.00886,420162,223772.181,365942422.05685,0
1693929600000,1636.02,1642.92,1631.31,1631.55,196698.018,1693943999999,321900147.56904,200047,96619.413,158126531.37045,0
1693944000000,1631.54,1633.76,1625.76,1633.63,127204.713,1693958399999,207320657.15160,113010,66051.769,107651596.48821,0
