open_time,open,high,low,close,volume,close_time,quote_volume,count,taker_buy_volume,taker_buy_quote_volume,ignore
1661644800000,1490.00,1510.00,1475.80,1490.10,824449.043,1661659199999,1230818803.09251,654109,427261.846,637958721.52431,0
1661659200000,1490.10,1501.74,1480.03,1495.94,579361.558,1661673599999,863341665.87665,486718,296020.745,441195719.69770,0
1661673600000,1495.94,1502.94,1473.00,1484.93,790090.490,1661687999999,1175494545.67768,620692,383874.635,571165384.52997,0
1661688000000,1484.93,1488.22,1458.25,1485.77,1117825.764,1661702399999,1648763934.10069,841485,576062.331,849862937.35406,0
1661702400000,1485.78,1496.53,1477.02,1482.25,839077.482,1661716799999,1247483874.36688,628055,419606.537,623967705.33195,0
1661716800000,1482.25,1491.43,1423.10,1426.30,1540468.170,1661731199999,2246756490.90677,990719,734022.276,1070813873.43395,0
