open_time,open,high,low,close,volume,close_time,quote_volume,count,taker_buy_volume,taker_buy_quote_volume,ignore
1780963200000,1689.20,1695.77,1653.09,1668.61,1018656.788,1780977599999,1700701151.05952,1557260,490039.515,818132659.95323,0
1780977600000,1668.61,1696.00,1663.39,1679.19,766783.986,1780991999999,1290833793.36987,1080825,395525.363,665779069.00471,0
1780992000000,1679.19,1679.88,1663.75,1670.74,540627.766,1781006399999,903679222.32204,836409,268119.160,448250988.94741,0
1781006400000,1670.73,1684.09,1632.84,1635.42,1624864.053,1781020799999,2685796865.72342,2364248,791208.272,1308506829.82174,0
1781020800000,1635.42,1657.76,1613.10,1656.56,1356989.394,1781035199999,2218753097.40059,1955038,662496.621,1083779961.37377,0
1781035200000,1656.56,1662.98,1628.90,1638.64,513326.636,1781049599999,845344805.66131,754718,235225.519,387488614.63463,0
