open_time,open,high,low,close,volume,close_time,quote_volume,count,taker_buy_volume,taker_buy_quote_volume,ignore
1789171200000,2515.47,2515.47,2513.59,2514.29,1436.532,1789171259999,3611433.89725,2225,893.116,2245159.85383,0
1789171260000,2514.29,2514.37,2512.40,2514.37,2682.741,1789171319999,6743576.86121,3939,1027.510,2582985.40564,0
1789171320000,2514.37,2515.51,2513.56,2515.50,2566.546,1789171379999,6454061.72055,3377,1469.854,3696389.43470,0
1789171380000,2515.50,2516.73,2514.89,2515.41,4099.743,1789171439999,10314516.12045,5644,2297.619,5780549.90509,0
1789171440000,2515.41,2516.17,2514.78,2515.73,725.228,1789171499999,1824372.05294,2732,408.128,1026689.78640,0
1789171500000,2515.74,2515.74,2512.40,2512.48,2081.006,1789171559999,5230498.49729,3293,834.974,2098396.77213,0
1789171560000,2512.48,2512.71,2510.49,2511.41,4030.738,1789171619999,10122783.98109,4879,1925.714,4836177.95282,0
1789171620000,2511.40,2511.60,2511.06,2511.07,795.613,1789171679999,1998142.47059,1205,399.561,1003489.76101,0
1789171680000,2511.07,2512.00,2511.06,2511.92,2856.410,1789171739999,7174018.16804,1978,2397.451,6021170.46109,0
1789171740000,2511.92,2512.50,2511.71,2511.76,1158.429,1789171799999,2909968.97634,1851,810.201,2035216.96205,0
1789171800000,2511.75,2511.76,2510.26,2511.02,1795.144,1789171859999,4507713.50015,2446,898.897,2257137.42761,0
1789171860000,2511.02,2512.98,2511.02,2512.73,1244.982,1789171919999,3127645.43128,2039,1059.588,2661820.36060,0
1789171920000,2512.72,2514.36,2512.72,2513.18,1390.232,1789171979999,3494775.92958,2756,1119.415,2813926.96965,0
1789171980000,2513.17,2514.83,2513.17,2514.27,1258.262,1789172039999,3163740.68146,2398,818.013,2056711.90642,0
1789172040000,2514.26,2516.00,2514.26,2516.00,1564.147,1789172099999,3934415.33098,2339,1150.050,2892654.95334,0
1789172100000,2515.99,2516.71,2515.40,2515.80,2296.825,1789172159999,5778765.85861,3062,955.753,2404625.87790,0
1789172160000,2515.79,2515.80,2514.52,2515.18,1551.419,1789172219999,3902145.13491,2641,799.130,2009852.22156,0
1789172220000,2515.18,2515.46,2515.08,2515.09,724.491,1789172279999,1822336.03841,1162,277.762,698629.02091,0
1789172280000,2515.08,2515.99,2514.09,2514.51,1502.989,1789172339999,3780360.14868,2623,651.692,1639199.33709,0
1789172340000,2514.50,2515.91,2514.50,2515.90,773.341,1789172399999,1945102.14295,1603,471.551,1186054.38180,0
1789172400000,2515.90,2515.90,2514.72,2515.46,756.049,1789172459999,1901810.91260,1632,530.915,1335485.99528,0
1789172460000,2515.45,2515.74,2513.96,2514.14,1346.107,1789172519999,3385596.64291,2125,722.189,1816184.22874,0
1789172520000,2514.13,2515.40,2514.13,2515.22,526.704,1789172579999,1324745.44194,1442,367.468,924225.29293,0
1789172580000,2515.22,2515.22,2515.08,2515.09,222.071,1789172639999,558535.42808,726,152.357,383193.87811,0
1789172640000,2515.08,2515.38,2515.08,2515.37,388.015,1789172699999,975933.56792,1022,331.920,834845.17607,0
1789172700000,2515.38,2515.38,2514.79,2514.80,415.961,1789172759999,1046153.70455,991,198.258,498621.21022,0
1789172760000,2514.79,2514.80,2514.00,2514.01,666.275,1789172819999,1675324.91012,1381,280.198,704520.03689,0
1789172820000,2514.01,2515.07,2514.00,2515.07,402.457,1789172879999,1011986.55841,1040,367.606,924354.24753,0
1789172880000,2515.06,2515.16,2514.16,2514.80,1297.585,1789172939999,3263384.55506,1482,410.393,1032088.42258,0
1789172940000,2514.79,2515.85,2514.15,2514.15,1262.264,1789172999999,3174643.50069,2027,631.405,1588054.32381,0
1789173000000,2514.16,2514.16,2513.00,2513.16,852.884,1789173059999,2143635.70703,1319,312.648,785740.19535,0
1789173060000,2513.15,2514.01,2513.15,2514.01,807.679,1789173119999,2030299.98915,1481,411.901,1035351.22153,0
1789173120000,2514.01,2514.14,2512.21,2512.21,933.865,1789173179999,2347061.81203,1690,215.890,542604.93696,0
1789173180000,2512.21,2513.69,2511.56,2513.43,1814.942,1789173239999,4560036.52488,2606,962.327,2417577.21753,0
1789173240000,2513.42,2514.06,2513.42,2513.62,596.554,1789173299999,1499629.44157,1017,202.070,507925.47071,0
1789173300000,2513.61,2513.62,2511.68,2511.69,723.086,1789173359999,1817093.33676,1428,221.272,555976.50289,0
1789173360000,2511.69,2513.57,2511.68,2513.57,556.718,1789173419999,1398794.47225,1676,455.242,1143821.31507,0
1789173420000,2513.56,2513.84,2512.32,2512.57,513.153,1789173479999,1289607.31054,1360,220.733,554758.07689,0
1789173480000,2512.58,2512.58,2512.14,2512.16,286.793,1789173539999,720512.07561,863,130.665,328267.83920,0
1789173540000,2512.15,2513.40,2512.15,2513.40,440.669,1789173599999,1107335.15578,1209,310.212,779533.74516,0
1789173600000,2513.39,2513.40,2512.37,2512.37,584.557,1789173659999,1469055.92758,949,236.987,595574.77596,0
1789173660000,2512.37,2512.38,2512.16,2512.16,296.724,1789173719999,745426.78867,861,220.634,554270.93058,0
1789173720000,2512.17,2512.64,2512.11,2512.64,657.596,1789173779999,1652072.24690,1159,344.135,864552.31704,0
1789173780000,2512.64,2513.15,2512.00,2512.45,597.382,1789173839999,1500974.14940,1502,170.628,428695.44893,0
1789173840000,2512.46,2512.92,2512.26,2512.27,410.961,1789173899999,1032638.94014,835,178.964,449669.08552,0
1789173900000,2512.27,2512.27,2511.99,2511.99,336.177,1789173959999,844490.63434,689,109.546,275182.12154,0
1789173960000,2511.99,2512.00,2511.74,2511.74,697.071,1789174019999,1750917.45334,874,472.320,1186378.30200,0
1789174020000,2511.75,2511.90,2510.79,2511.62,1894.034,1789174079999,4756758.78545,2566,960.579,2412480.29908,0
1789174080000,2511.62,2511.75,2511.00,2511.00,657.685,1789174139999,1651793.72329,1023,184.239,462719.16677,0
1789174140000,2511.01,2511.37,2510.26,2510.52,935.475,1789174199999,2348794.50601,1444,163.870,411422.09808,0
1789174200000,2510.52,2511.34,2510.48,2510.50,534.348,1789174259999,1341704.13946,1261,157.602,395725.11106,0
1789174260000,2510.49,2510.50,2509.50,2510.36,1416.680,1789174319999,3555816.84663,2234,521.932,1310011.35571,0
1789174320000,2510.36,2510.36,2509.50,2510.16,904.355,1789174379999,2269827.95578,1555,543.094,1363060.13582,0
1789174380000,2510.16,2511.55,2510.06,2510.31,871.665,1789174439999,2188490.20910,2009,366.519,920166.47658,0
1789174440000,2510.32,2512.51,2510.31,2512.23,825.864,1789174499999,2074168.04041,1808,623.488,1565852.06664,0
1789174500000,2512.23,2513.19,2510.67,2510.98,2822.313,1789174559999,7089938.02910,2681,2086.829,5242501.75417,0
1789174560000,2510.99,2511.67,2510.52,2511.14,1581.514,1789174619999,3971502.41063,1930,843.343,2117797.36027,0
1789174620000,2511.13,2511.48,2510.82,2510.89,829.029,1789174679999,2081783.97185,1303,468.789,1177197.88487,0
1789174680000,2510.89,2511.11,2510.50,2510.91,740.376,1789174739999,1858869.16591,1333,602.152,1511844.85054,0
1789174740000,2510.91,2510.91,2509.49,2509.50,960.747,1789174799999,2411734.45371,1619,272.758,684723.22042,0
1789174800000,2509.49,2510.24,2508.30,2508.54,2110.663,1789174859999,5295913.58700,3113,1130.775,2837246.06895,0
1789174860000,2508.55,2509.54,2508.30,2508.93,2436.630,1789174919999,6113079.91595,2604,1739.671,4364616.23582,0
1789174920000,2508.93,2510.40,2508.92,2509.43,782.319,1789174979999,1963410.57766,1923,413.352,1037360.07388,0
1789174980000,2509.42,2510.94,2509.42,2510.94,985.217,1789175039999,2472999.30712,2679,497.202,1248083.19184,0
1789175040000,2510.94,2511.66,2510.12,2511.65,936.629,1789175099999,2351927.73713,2179,492.860,1237531.92014,0
1789175100000,2511.66,2512.60,2511.37,2512.46,1283.443,1789175159999,3223943.15823,1556,822.902,2067034.45203,0
1789175160000,2512.45,2512.90,2511.76,2512.17,851.665,1789175219999,2139560.85046,2000,584.973,1469551.32968,0
1789175220000,2512.16,2513.50,2512.16,2513.42,778.943,1789175279999,1957535.84507,1864,557.807,1401758.51343,0
1789175280000,2513.42,2514.00,2513.19,2513.80,1276.441,1789175339999,3208521.06603,2314,797.141,2003753.63608,0
1789175340000,2513.79,2513.98,2513.63,2513.85,566.081,1789175399999,1423041.89938,1115,316.230,794939.14165,0
1789175400000,2513.84,2514.11,2512.92,2513.11,771.210,1789175459999,1938388.41185,1986,280.166,704175.50404,0
1789175460000,2513.11,2513.46,2512.89,2513.23,940.087,1789175519999,2362590.35940,1366,313.335,787461.78322,0
1789175520000,2513.22,2513.44,2512.65,2512.66,932.603,1789175579999,2343829.18254,1162,393.140,988050.22950,0
1789175580000,2512.65,2513.13,2512.53,2513.13,556.111,1789175639999,1397426.06525,1015,452.049,1135945.46822,0
1789175640000,2513.13,2515.01,2513.12,2514.97,3013.404,1789175699999,7575896.04799,2937,2227.354,5599659.62915,0
1789175700000,2514.96,2514.97,2514.26,2514.77,1502.016,1789175759999,3776981.99764,1247,552.095,1388264.86568,0
1789175760000,2514.76,2515.96,2514.76,2515.01,2173.527,1789175819999,5467028.26901,2550,1211.625,3047400.04515,0
1789175820000,2515.00,2515.01,2514.72,2515.00,630.761,1789175879999,1586269.58686,1018,486.425,1223293.22394,0
1789175880000,2514.99,2516.13,2514.99,2515.54,3164.355,1789175939999,7959871.94712,3572,2497.651,6282759.95402,0
1789175940000,2515.53,2515.54,2514.29,2514.30,1644.795,1789175999999,4136462.94765,2049,801.444,2015509.79830,0
1789176000000,2514.29,2514.30,2513.48,2513.76,554.997,1789176059999,1395180.40952,1140,255.991,643500.66822,0
1789176060000,2513.76,2514.30,2513.35,2514.14,1060.146,1789176119999,2664876.40235,2353,721.337,1813218.84896,0
1789176120000,2514.13,2514.88,2513.76,2513.76,533.828,1789176179999,1342241.06341,1660,262.880,660978.68331,0
1789176180000,2513.75,2513.83,2513.01,2513.02,628.576,1789176239999,1579844.16028,1288,287.466,722529.04252,0
1789176240000,2513.01,2515.02,2512.65,2514.87,1919.301,1789176299999,4825586.44924,2170,823.399,2070199.42394,0
1789176300000,2514.87,2514.87,2513.74,2513.78,373.760,1789176359999,939751.25259,1196,163.840,411902.89926,0
1789176360000,2513.77,2514.29,2512.23,2512.23,792.601,1789176419999,1992083.23590,1412,189.528,476445.74534,0
1789176420000,2512.24,2512.45,2511.88,2511.89,685.282,1789176479999,1721500.03846,1082,311.312,782029.95834,0
1789176480000,2511.88,2513.15,2511.04,2513.15,1281.957,1789176539999,3220414.42439,2437,590.289,1482784.96141,0
1789176540000,2513.15,2513.15,2512.54,2513.12,488.765,1789176599999,1228282.55097,858,378.651,951557.82816,0
1789176600000,2513.11,2513.12,2512.04,2512.31,522.643,1789176659999,1313131.05171,934,314.028,788950.32001,0
1789176660000,2512.29,2513.00,2512.14,2512.75,575.612,1789176719999,1446338.44786,976,388.479,976107.48221,0
1789176720000,2512.74,2513.62,2512.74,2513.62,638.880,1789176779999,1605695.13183,1010,491.099,1234270.02110,0
1789176780000,2513.61,2514.00,2513.61,2513.61,447.799,1789176839999,1125664.45753,964,240.394,604294.59276,0
1789176840000,2513.62,2514.00,2513.61,2513.99,228.830,1789176899999,575220.95617,497,221.089,555760.82947,0
1789176900000,2514.00,2514.00,2513.61,2513.62,567.901,1789176959999,1427596.75142,607,178.437,448523.05818,0
1789176960000,2513.61,2514.38,2513.61,2514.37,458.958,1789177019999,1153826.14013,962,314.579,790853.59091,0
1789177020000,2514.37,2514.48,2514.00,2514.00,448.631,1789177079999,1128008.47569,869,316.944,796902.15467,0
1789177080000,2514.00,2514.00,2511.00,2511.01,1778.403,1789177139999,4467489.06095,1730,210.766,529546.49142,0
1789177140000,2511.00,2512.86,2510.50,2512.40,1696.107,1789177199999,4259789.60423,2205,1098.613,2759005.01988,0
1789177200000,2512.39,2513.47,2512.39,2512.73,424.826,1789177259999,1067612.17282,1289,264.893,665657.11059,0
1789177260000,2512.73,2512.73,2512.50,2512.51,302.847,1789177319999,760924.96735,528,203.719,511857.27285,0
1789177320000,2512.51,2513.68,2512.50,2512.82,1034.406,1789177379999,2599635.32321,1786,371.217,932862.18455,0
1789177380000,2512.82,2513.11,2511.21,2512.88,2012.613,1789177439999,5056184.88812,2617,592.394,1488252.06213,0
1789177440000,2512.88,2512.89,2512.35,2512.50,266.310,1789177499999,669094.30758,534,91.581,230088.66427,0
1789177500000,2512.50,2512.88,2511.82,2512.16,572.304,1789177559999,1437847.11582,1168,158.062,397109.40875,0
1789177560000,2512.17,2513.30,2512.16,2513.20,375.572,1789177619999,943724.48253,1059,261.048,655949.30623,0
1789177620000,2513.19,2514.52,2513.02,2514.52,552.658,1789177679999,1389369.23357,1302,514.371,1293119.44448,0
1789177680000,2514.52,2514.68,2513.94,2513.95,509.484,1789177739999,1280995.09726,895,263.463,662437.71760,0
1789177740000,2513.94,2514.62,2513.94,2514.54,496.723,1789177799999,1248901.55863,868,384.479,966691.33156,0
1789177800000,2514.53,2515.00,2514.41,2514.76,669.953,1789177859999,1684747.73799,1128,452.898,1138906.47368,0
1789177860000,2514.76,2515.44,2514.76,2515.44,589.492,1789177919999,1482690.61318,876,500.837,1259700.58898,0
1789177920000,2515.43,2515.63,2511.51,2511.89,3067.375,1789177979999,7711560.42520,3466,712.778,1791508.18308,0
1789177980000,2511.89,2513.18,2511.89,2513.17,697.332,1789178039999,1751922.29922,1464,344.251,864900.47536,0
1789178040000,2513.18,2514.14,2513.18,2514.13,295.928,1789178099999,743946.45628,722,255.081,641257.50169,0
1789178100000,2514.14,2514.14,2513.46,2513.63,1623.981,1789178159999,4082347.90439,1329,601.239,1511372.70133,0
1789178160000,2513.62,2513.71,2513.36,2513.51,484.665,1789178219999,1218214.79855,739,254.743,640295.02509,0
1789178220000,2513.52,2513.57,2513.20,2513.43,829.560,1789178279999,2085070.55361,745,185.690,466717.70620,0
1789178280000,2513.43,2513.43,2513.03,2513.25,311.017,1789178339999,781659.34477,683,136.965,344224.42366,0
1789178340000,2513.25,2513.72,2512.46,2512.46,842.968,1789178399999,2118606.73456,1241,329.624,828499.64982,0
1789178400000,2512.47,2512.68,2511.74,2512.39,1056.782,1789178459999,2654721.86861,1518,792.827,1991636.39337,0
1789178460000,2512.39,2514.48,2512.39,2514.35,765.640,1789178519999,1924396.32431,2015,650.100,1633986.09259,0
1789178520000,2514.36,2514.36,2513.08,2513.08,260.404,1789178579999,654622.33942,1144,76.573,192489.73719,0
1789178580000,2513.09,2513.09,2511.64,2511.65,412.891,1789178639999,1037305.43617,1208,192.624,483922.13122,0
1789178640000,2511.65,2512.44,2511.60,2512.43,367.908,1789178699999,924111.86989,905,189.586,476212.74672,0
1789178700000,2512.43,2512.51,2512.19,2512.51,220.277,1789178759999,553408.57856,624,112.440,282486.10689,0
1789178760000,2512.51,2512.71,2512.00,2512.26,504.523,1789178819999,1267574.84815,1053,263.651,662392.98923,0
1789178820000,2512.26,2513.00,2512.25,2512.90,341.249,1789178879999,857451.70921,871,140.775,353694.05905,0
1789178880000,2512.90,2513.67,2512.73,2513.46,442.695,1789178939999,1112646.93426,1235,342.136,859900.41789,0
1789178940000,2513.45,2514.07,2513.00,2513.53,1373.616,1789178999999,3452760.23152,1774,843.403,2119992.64530,0
1789179000000,2513.52,2514.43,2513.44,2514.40,1123.421,1789179059999,2824391.26604,1660,992.605,2495497.16915,0
1789179060000,2514.40,2514.82,2514.03,2514.03,709.716,1789179119999,1784620.82531,1206,448.100,1126799.50617,0
1789179120000,2514.03,2514.33,2513.72,2513.91,373.966,1789179179999,940157.37615,1036,188.268,473318.30542,0
1789179180000,2513.90,2513.94,2513.63,2513.82,464.394,1789179239999,1167420.82713,722,195.904,492477.16923,0
1789179240000,2513.82,2513.82,2512.12,2512.13,795.279,1789179299999,1998314.42562,1480,83.473,209750.74088,0
1789179300000,2512.13,2512.62,2512.12,2512.62,348.329,1789179359999,875103.99601,682,270.801,680340.17680,0
1789179360000,2512.61,2512.88,2511.68,2511.69,548.269,1789179419999,1377471.19901,1059,141.872,356472.75889,0
1789179420000,2511.69,2512.66,2511.69,2512.20,283.167,1789179479999,711356.01296,1114,132.978,334050.42611,0
1789179480000,2512.20,2512.37,2512.09,2512.36,230.879,1789179539999,580019.97933,625,151.032,379424.96697,0
1789179540000,2512.37,2512.37,2512.00,2512.29,216.336,1789179599999,543470.09246,591,129.085,324279.48974,0
1789179600000,2512.28,2512.65,2511.97,2511.98,299.609,1789179659999,752738.00101,767,174.190,437645.05401,0
1789179660000,2511.98,2511.98,2511.78,2511.78,203.056,1789179719999,510053.38406,326,75.465,189565.36306,0
1789179720000,2511.79,2512.90,2511.78,2512.90,558.598,1789179779999,1403523.66673,1224,392.213,985440.04934,0
1789179780000,2512.89,2513.68,2512.85,2513.62,335.556,1789179839999,843307.32768,841,301.811,758505.22378,0
1789179840000,2513.63,2514.01,2513.13,2513.34,788.464,1789179899999,1981929.22620,1236,276.848,695857.90535,0
1789179900000,2513.35,2513.36,2512.65,2513.25,457.894,1789179959999,1150736.57593,905,287.756,723170.39249,0
1789179960000,2513.24,2513.80,2513.24,2513.48,791.618,1789180019999,1989768.95241,1132,743.384,1868528.45267,0
1789180020000,2513.49,2514.26,2513.48,2514.25,244.931,1789180079999,615687.15960,795,223.981,563026.55370,0
1789180080000,2514.25,2514.25,2513.31,2513.45,583.647,1789180139999,1467100.02694,1031,242.020,608317.73136,0
1789180140000,2513.45,2513.46,2512.31,2513.12,745.950,1789180199999,1874486.03663,1292,287.510,722429.53086,0
1789180200000,2513.12,2513.12,2512.67,2512.67,301.682,1789180259999,758088.97880,567,80.773,202972.97102,0
1789180260000,2512.68,2513.27,2512.67,2513.27,226.368,1789180319999,568822.38627,669,150.263,377589.34112,0
1789180320000,2513.27,2513.87,2513.09,2513.87,272.353,1789180379999,684542.07179,1012,158.174,397544.36723,0
1789180380000,2513.87,2513.87,2513.48,2513.53,299.894,1789180439999,753837.50763,612,239.642,602377.02467,0
1789180440000,2513.52,2513.53,2511.78,2511.79,368.082,1789180499999,924752.10747,1148,129.865,326280.90133,0
1789180500000,2511.78,2513.36,2511.50,2511.81,1672.448,1789180559999,4201674.03527,2508,1116.726,2805355.08949,0
1789180560000,2511.81,2513.05,2511.81,2512.41,480.668,1789180619999,1207758.79205,1138,350.159,879818.78648,0
1789180620000,2512.41,2513.43,2511.94,2511.95,1115.062,1789180679999,2801775.66304,1593,675.268,1696764.86144,0
1789180680000,2511.95,2512.52,2511.43,2511.46,712.192,1789180739999,1789001.65221,1499,192.967,484720.26646,0
1789180740000,2511.46,2513.00,2511.46,2512.99,539.155,1789180799999,1354522.34601,1125,413.273,1038221.03393,0
1789180800000,2512.98,2514.65,2512.03,2512.25,2348.737,1789180859999,5903379.06007,3090,1004.442,2524414.16548,0
1789180860000,2512.26,2512.64,2512.00,2512.06,284.131,1789180919999,713832.06988,838,192.843,484489.07232,0
1789180920000,2512.06,2512.32,2511.83,2511.94,518.758,1789180979999,1303189.05883,924,230.203,578294.08251,0
1789180980000,2511.95,2513.11,2511.95,2512.88,480.287,1789181039999,1206815.70923,1350,352.406,885471.04473,0
1789181040000,2512.88,2512.89,2512.61,2512.61,454.056,1789181099999,1140921.58367,567,221.537,556655.25897,0
1789181100000,2512.61,2514.18,2511.39,2513.56,2701.527,1789181159999,6788907.21987,3185,1597.041,4013062.59447,0
1789181160000,2513.55,2513.55,2512.76,2512.76,254.024,1789181219999,638412.86799,654,43.890,110300.52711,0
1789181220000,2512.76,2513.37,2512.76,2512.80,437.351,1789181279999,1099101.40519,907,228.175,573410.96554,0
1789181280000,2512.81,2512.98,2512.80,2512.97,266.416,1789181339999,669460.84315,478,147.944,371763.98981,0
1789181340000,2512.98,2513.36,2512.97,2513.00,285.893,1789181399999,718504.14355,619,108.347,272286.43839,0
1789181400000,2512.99,2513.30,2512.99,2513.10,324.505,1789181459999,815527.72111,580,229.501,576760.09570,0
1789181460000,2513.10,2513.66,2511.02,2511.72,3426.771,1789181519999,8608264.48618,2857,530.645,1332727.04288,0
1789181520000,2511.72,2513.29,2511.72,2513.29,418.820,1789181579999,1052291.06921,1472,304.316,764599.28220,0
1789181580000,2513.30,2513.51,2512.82,2512.83,324.264,1789181639999,814951.09826,729,141.463,355534.59559,0
1789181640000,2512.82,2513.40,2512.82,2513.39,371.544,1789181699999,933749.22450,678,235.011,590602.23867,0
1789181700000,2513.40,2513.67,2512.42,2512.42,636.925,1789181759999,1600730.45818,1142,216.266,543544.39171,0
1789181760000,2512.42,2512.43,2512.30,2512.31,201.867,1789181819999,507164.86122,396,122.907,308785.58955,0
1789181820000,2512.30,2512.32,2512.19,2512.19,355.489,1789181879999,893095.46868,436,123.585,310482.62426,0
1789181880000,2512.19,2512.78,2512.13,2512.13,897.257,1789181939999,2254316.16020,1482,440.247,1106096.33154,0
1789181940000,2512.13,2514.11,2511.58,2513.11,3221.538,1789181999999,8095628.85212,3249,1796.691,4515250.78188,0
1789182000000,2513.10,2513.10,2511.30,2511.31,470.326,1789182059999,1181545.58300,1039,150.601,378308.68406,0
1789182060000,2511.30,2511.31,2510.36,2511.04,1225.498,1789182119999,3076987.24061,1300,360.027,903898.89471,0
1789182120000,2511.03,2511.62,2511.03,2511.53,537.058,1789182179999,1348698.66447,642,491.569,1234457.20542,0
1789182180000,2511.53,2513.07,2511.52,2513.07,503.277,1789182239999,1264271.71504,1158,306.802,770749.02173,0
1789182240000,2513.07,2513.91,2513.06,2513.86,1398.846,1789182299999,3515870.45641,1405,1152.098,2895676.41174,0
1789182300000,2513.86,2514.53,2513.86,2514.52,968.678,1789182359999,2435311.16559,984,737.410,1853899.74303,0
1789182360000,2514.52,2514.60,2513.88,2514.05,1458.840,1789182419999,3667911.21431,1528,588.678,1480076.42527,0
1789182420000,2514.06,2514.06,2511.04,2512.65,2819.418,1789182479999,7082896.85331,2924,681.591,1711756.86746,0
1789182480000,2512.64,2512.65,2511.83,2512.38,392.876,1789182539999,987009.65352,944,168.054,422160.20019,0
1789182540000,2512.38,2512.80,2512.38,2512.79,287.763,1789182599999,722999.69189,558,112.718,283200.98796,0
1789182600000,2512.80,2514.56,2512.79,2514.55,1038.584,1789182659999,2610621.92022,1629,855.344,2150009.47090,0
1789182660000,2514.55,2514.90,2514.07,2514.07,748.091,1789182719999,1881199.58657,1268,296.283,745030.86637,0
1789182720000,2514.07,2514.36,2513.10,2513.11,1193.119,1789182779999,2999412.31783,1470,481.896,1211488.34219,0
1789182780000,2513.10,2513.40,2512.64,2512.65,541.251,1789182839999,1360167.36644,855,174.518,438583.60831,0
1789182840000,2512.64,2512.64,2512.27,2512.39,485.854,1789182899999,1220646.69407,866,204.702,514275.53115,0
1789182900000,2512.38,2513.81,2511.04,2513.17,2244.241,1789182959999,5638590.17861,3387,1283.648,3224855.91438,0
1789182960000,2513.17,2514.99,2512.80,2514.62,4630.147,1789183019999,11640183.21967,3086,3768.983,9475697.76129,0
1789183020000,2514.62,2514.62,2513.19,2513.20,485.968,1789183079999,1221755.18057,886,232.263,583903.86046,0
1789183080000,2513.19,2513.41,2512.77,2512.92,535.717,1789183139999,1346254.63678,1044,235.152,590950.76462,0
1789183140000,2512.92,2513.41,2512.91,2513.24,379.261,1789183199999,953172.02929,745,168.538,423559.50437,0
1789183200000,2513.24,2513.24,2511.02,2511.03,1592.859,1789183259999,4001259.74580,1946,297.418,747012.62475,0
1789183260000,2511.02,2511.12,2508.19,2508.79,3801.029,1789183319999,9538900.17836,3494,856.821,2150227.85837,0
1789183320000,2508.80,2510.10,2508.10,2510.10,8145.409,1789183379999,20431780.51289,2365,7028.013,17628810.59979,0
1789183380000,2510.10,2511.25,2510.09,2510.72,1105.163,1789183439999,2774962.90658,1442,551.479,1384646.93537,0
1789183440000,2510.73,2510.73,2510.00,2510.00,602.412,1789183499999,1512352.64128,697,132.575,332820.15703,0
1789183500000,2510.00,2510.20,2509.99,2510.20,780.689,1789183559999,1959531.97037,644,303.681,762241.34209,0
1789183560000,2510.19,2510.26,2510.19,2510.26,223.791,1789183619999,561762.96077,516,125.946,316152.11414,0
1789183620000,2510.25,2510.26,2510.00,2510.01,318.836,1789183679999,800310.29395,440,178.605,448305.96652,0
1789183680000,2510.00,2511.80,2510.00,2511.60,675.422,1789183739999,1696105.50283,1492,520.095,1305999.86984,0
1789183740000,2511.59,2512.46,2511.59,2512.20,467.809,1789183799999,1175214.82058,1036,174.552,438473.29231,0
1789183800000,2512.20,2512.46,2512.00,2512.01,353.241,1789183859999,887411.83361,748,115.435,290004.32793,0
1789183860000,2512.00,2512.07,2511.27,2511.99,256.168,1789183919999,643453.98942,990,83.211,209002.98583,0
1789183920000,2512.00,2512.34,2511.84,2511.84,508.136,1789183979999,1276481.56544,898,221.053,555308.63601,0
1789183980000,2511.84,2511.88,2511.58,2511.87,210.582,1789184039999,528948.39590,518,127.489,320231.58895,0
1789184040000,2511.88,2512.18,2511.88,2512.02,94.186,1789184099999,236598.44746,485,67.714,170098.63926,0
1789184100000,2512.01,2512.01,2511.68,2511.69,130.822,1789184159999,328595.85583,384,49.157,123468.65721,0
1789184160000,2511.69,2511.69,2511.68,2511.68,132.576,1789184219999,332989.64087,443,115.319,289645.57911,0
1789184220000,2511.69,2512.21,2511.69,2512.21,190.547,1789184279999,478641.60547,560,129.057,324180.75976,0
1789184280000,2512.20,2512.21,2511.35,2511.35,201.673,1789184339999,506522.32485,578,46.310,116301.85129,0
1789184340000,2511.36,2511.68,2511.35,2511.50,270.428,1789184399999,679161.18915,768,171.861,431616.54960,0
1789184400000,2511.52,2511.52,2511.51,2511.52,152.850,1789184459999,383885.09366,260,79.016,198450.26432,0
1789184460000,2511.51,2511.86,2511.51,2511.66,187.572,1789184519999,471116.47124,610,118.153,296750.78790,0
1789184520000,2511.66,2511.80,2510.54,2510.95,278.542,1789184579999,699432.94162,1023,108.821,273256.74387,0
1789184580000,2510.94,2510.95,2510.83,2510.83,103.365,1789184639999,259543.45581,288,35.154,88269.91320,0
1789184640000,2510.83,2511.75,2510.83,2511.75,622.820,1789184699999,1564046.50969,1139,515.820,1295347.14914,0
1789184700000,2511.75,2511.75,2510.83,2510.84,238.995,1789184759999,600205.26733,727,122.460,307531.65084,0
1789184760000,2510.83,2510.87,2510.36,2510.87,228.693,1789184819999,574154.16806,890,127.825,320913.40329,0
1789184820000,2510.87,2511.54,2510.80,2510.81,189.948,1789184879999,476975.29650,797,81.991,205879.46490,0
1789184880000,2510.80,2510.81,2510.78,2510.79,385.066,1789184939999,966821.87105,234,162.116,407040.83291,0
1789184940000,2510.78,2511.20,2510.72,2511.19,391.139,1789184999999,982089.82021,644,181.819,456516.23195,0
1789185000000,2511.20,2511.20,2510.98,2510.99,163.105,1789185059999,409562.19476,316,63.237,158788.26381,0
1789185060000,2510.99,2512.17,2510.98,2512.17,245.165,1789185119999,615689.27260,1012,163.195,409846.25001,0
1789185120000,2512.16,2512.50,2511.96,2512.28,463.429,1789185179999,1164201.81147,911,147.725,371106.66614,0
1789185180000,2512.28,2512.46,2512.24,2512.25,316.551,1789185239999,795295.70599,509,133.456,335284.35938,0
1789185240000,2512.24,2512.42,2511.81,2512.42,284.961,1789185299999,715874.22485,748,222.612,559248.51713,0
1789185300000,2512.42,2512.64,2512.41,2512.61,493.381,1789185359999,1239644.38407,680,317.951,798857.75545,0
1789185360000,2512.61,2512.62,2512.61,2512.61,123.802,1789185419999,311067.14814,231,100.492,252498.20904,0
1789185420000,2512.62,2512.62,2511.60,2511.88,483.867,1789185479999,1215438.46816,897,78.855,198072.85168,0
1789185480000,2511.89,2512.56,2511.88,2512.56,421.070,1789185539999,1057868.10798,940,354.705,891124.13507,0
1789185540000,2512.56,2512.56,2511.98,2511.98,323.859,1789185599999,813648.69909,633,62.771,157700.37962,0
1789185600000,2511.99,2512.38,2511.46,2511.46,667.361,1789185659999,1676192.03740,1058,286.818,720401.46568,0
1789185660000,2511.46,2511.91,2511.46,2511.85,906.288,1789185719999,2276362.09137,967,646.673,1624245.51037,0
1789185720000,2511.85,2512.59,2511.80,2512.37,387.302,1789185779999,972968.79927,1075,213.972,537499.26622,0
1789185780000,2512.37,2512.38,2512.04,2512.05,174.776,1789185839999,439076.34593,300,132.548,332989.93776,0
1789185840000,2512.04,2512.05,2511.55,2511.55,651.134,1789185899999,1635562.21396,653,216.587,544042.85632,0
1789185900000,2511.56,2512.29,2511.55,2511.79,288.260,1789185959999,724078.75405,852,192.222,482824.92275,0
1789185960000,2511.80,2511.91,2511.79,2511.91,169.667,1789186019999,426169.87488,464,135.350,339972.69117,0
1789186020000,2511.91,2511.92,2511.56,2511.57,1652.405,1789186079999,4150482.38284,757,567.845,1426207.41229,0
1789186080000,2511.56,2512.50,2511.56,2512.32,564.908,1789186139999,1419109.02092,857,365.174,917316.60200,0
1789186140000,2512.32,2512.32,2511.46,2511.64,1209.635,1789186199999,3038371.24508,1463,219.401,551082.86629,0
1789186200000,2511.63,2511.64,2511.42,2511.42,313.444,1789186259999,787253.37217,270,99.048,248772.09044,0
1789186260000,2511.42,2511.97,2511.39,2511.97,505.283,1789186319999,1269002.32841,717,283.460,711908.23679,0
1789186320000,2511.96,2511.97,2511.71,2511.71,189.204,1789186379999,475230.81338,407,135.266,339750.42902,0
1789186380000,2511.71,2511.72,2511.50,2511.50,118.224,1789186439999,296930.08046,294,29.846,74963.45805,0
1789186440000,2511.50,2512.00,2511.50,2511.66,366.308,1789186499999,920102.02519,837,248.362,623834.68074,0
1789186500000,2511.66,2512.00,2511.39,2511.99,311.914,1789186559999,783389.02452,671,250.584,629359.07850,0
1789186560000,2512.00,2512.38,2510.26,2510.92,3100.446,1789186619999,7785746.48770,3348,887.387,2228172.15905,0
1789186620000,2510.92,2511.60,2510.92,2511.00,586.041,1789186679999,1471638.07404,1119,299.066,750982.52468,0
1789186680000,2511.00,2511.00,2508.90,2509.66,2588.603,1789186739999,6497201.97913,3006,331.904,832925.63717,0
1789186740000,2509.67,2509.90,2509.05,2509.68,699.152,1789186799999,1754633.06882,1171,210.989,529458.41156,0
1789186800000,2509.68,2510.93,2508.58,2509.90,1934.366,1789186859999,4854503.13891,2537,1211.345,3039765.75513,0
1789186860000,2509.90,2509.90,2509.89,2509.89,248.479,1789186919999,623655.65513,307,69.782,175145.84180,0
1789186920000,2509.89,2509.90,2509.28,2509.73,406.576,1789186979999,1020369.50344,921,178.126,447029.66698,0
1789186980000,2509.73,2509.74,2509.52,2509.53,251.645,1789187039999,631522.81749,336,116.659,292762.15273,0
1789187040000,2509.53,2509.73,2509.52,2509.53,351.001,1789187099999,880858.93779,559,225.919,566952.72102,0
1789187100000,2509.53,2509.78,2509.51,2509.77,423.368,1789187159999,1062518.40114,503,154.442,387599.63010,0
1789187160000,2509.76,2509.77,2509.35,2509.35,652.093,1789187219999,1636442.38358,635,161.420,405084.56660,0
1789187220000,2509.35,2509.74,2509.35,2509.74,345.386,1789187279999,866729.79227,734,228.944,574518.92484,0
1789187280000,2509.73,2509.98,2509.61,2509.98,276.329,1789187339999,693515.45002,580,134.053,336444.51839,0
1789187340000,2509.98,2511.17,2509.97,2511.17,389.884,1789187399999,978870.94114,882,330.155,828919.52524,0
1789187400000,2511.17,2512.23,2511.17,2512.23,793.199,1789187459999,1992368.73390,1052,638.712,1604304.34352,0
1789187460000,2512.23,2513.03,2512.21,2512.55,911.339,1789187519999,2289942.12904,1331,515.932,1296406.71228,0
1789187520000,2512.55,2512.55,2512.16,2512.38,399.237,1789187579999,1003013.18668,856,239.641,602038.14663,0
1789187580000,2512.38,2512.88,2512.26,2512.33,636.013,1789187639999,1598023.45359,1135,401.774,1009482.28101,0
1789187640000,2512.33,2512.34,2511.71,2511.83,333.264,1789187699999,837161.71649,788,121.727,305775.35981,0
1789187700000,2511.84,2512.23,2511.83,2512.23,182.126,1789187759999,457527.47633,504,147.550,370669.28699,0
1789187760000,2512.23,2512.54,2512.22,2512.52,868.190,1789187819999,2181316.56533,787,300.683,755447.75834,0
1789187820000,2512.51,2513.50,2512.22,2513.50,1110.497,1789187879999,2790483.67951,1292,1026.346,2579004.46043,0
1789187880000,2513.50,2513.71,2513.49,2513.71,428.904,1789187939999,1078115.91751,602,301.444,757719.83286,0
1789187940000,2513.71,2513.97,2513.67,2513.68,333.788,1789187999999,839066.95351,762,239.463,601954.31614,0
1789188000000,2513.67,2513.86,2513.19,2513.25,600.839,1789188059999,1510241.36827,1311,288.603,725439.21551,0
1789188060000,2513.25,2513.77,2513.06,2513.16,478.465,1789188119999,1202616.64114,954,169.929,427108.42247,0
1789188120000,2513.16,2513.77,2512.09,2512.10,1493.738,1789188179999,3753753.34663,2512,625.662,1572276.83922,0
1789188180000,2512.10,2512.50,2512.09,2512.37,576.784,1789188239999,1449029.65286,961,308.263,774420.92319,0
1789188240000,2512.36,2512.38,2511.83,2512.07,396.452,1789188299999,995931.56330,957,279.353,701755.22569,0
1789188300000,2512.08,2512.09,2511.56,2511.57,144.460,1789188359999,362878.63564,502,48.109,120848.65212,0
1789188360000,2511.57,2511.57,2511.00,2511.22,299.876,1789188419999,753040.12180,796,180.281,452711.05491,0
1789188420000,2511.21,2511.26,2511.19,2511.20,170.108,1789188479999,427181.23000,366,137.114,344325.59456,0
1789188480000,2511.19,2511.35,2510.89,2511.35,384.515,1789188539999,965572.14760,775,283.251,711274.29099,0
1789188540000,2511.35,2512.32,2511.34,2512.32,559.115,1789188599999,1404474.76486,965,547.787,1376016.59272,0
1789188600000,2512.32,2512.39,2512.31,2512.39,244.406,1789188659999,614034.11755,372,222.995,560241.80158,0
1789188660000,2512.39,2512.39,2512.38,2512.39,120.155,1789188719999,301875.82017,206,80.127,201310.27353,0
1789188720000,2512.38,2512.39,2512.38,2512.39,213.108,1789188779999,535409.11228,320,83.524,209844.86236,0
1789188780000,2512.39,2512.39,2511.47,2511.48,231.951,1789188839999,582667.08641,781,60.566,152130.71541,0
1789188840000,2511.47,2511.68,2511.34,2511.53,577.865,1789188899999,1451287.20302,720,313.979,788543.81045,0
1789188900000,2511.53,2511.53,2511.50,2511.51,186.508,1789188959999,468417.21101,279,94.803,238099.54551,0
1789188960000,2511.50,2511.79,2511.50,2511.58,171.876,1789189019999,431686.11076,479,117.278,294554.49085,0
1789189020000,2511.57,2511.73,2511.50,2511.73,294.520,1789189079999,739713.60728,466,276.994,695695.83566,0
1789189080000,2511.72,2511.73,2511.72,2511.72,141.898,1789189139999,356408.81026,205,78.103,196173.63286,0
1789189140000,2511.72,2511.72,2511.50,2511.50,174.634,1789189199999,438628.70212,261,62.241,156330.99348,0
1789189200000,2511.51,2511.51,2511.11,2511.11,341.307,1789189259999,857117.21954,523,137.800,346044.97047,0
1789189260000,2511.11,2511.11,2510.50,2510.53,916.414,1789189319999,2300705.18554,882,492.682,1236890.70689,0
1789189320000,2510.53,2511.38,2510.52,2510.75,673.097,1789189379999,1690063.68128,1238,392.351,985089.87415,0
1789189380000,2510.75,2511.35,2510.75,2511.35,307.131,1789189439999,771219.06862,631,219.969,552359.93890,0
1789189440000,2511.35,2511.46,2511.23,2511.39,1018.671,1789189499999,2558187.15913,807,657.940,1652277.52179,0
1789189500000,2511.38,2511.46,2510.71,2510.79,1218.442,1789189559999,3059654.99944,1074,119.615,300335.90667,0
1789189560000,2510.79,2510.79,2510.78,2510.79,217.398,1789189619999,545839.56081,438,101.037,253682.68923,0
1789189620000,2510.78,2510.79,2510.32,2510.47,458.853,1789189679999,1151910.48489,851,267.555,671667.34621,0
1789189680000,2510.46,2510.78,2510.46,2510.77,188.987,1789189739999,474449.09915,504,77.850,195442.44260,0
1789189740000,2510.78,2511.10,2510.33,2510.34,567.920,1789189799999,1425927.37121,856,78.685,197553.09560,0
1789189800000,2510.33,2510.34,2510.29,2510.30,335.744,1789189859999,842827.00730,598,67.605,169711.29334,0
1789189860000,2510.29,2511.04,2509.30,2510.42,1559.297,1789189919999,3913938.43350,2279,594.099,1491226.37490,0
1789189920000,2510.41,2511.09,2510.19,2511.00,544.501,1789189979999,1367018.50312,1214,357.043,896351.39061,0
1789189980000,2511.00,2511.00,2510.70,2510.83,380.436,1789190039999,955213.36930,601,273.280,686157.12717,0
1789190040000,2510.83,2511.56,2509.78,2509.79,2143.154,1789190099999,5381024.36773,2157,829.374,2082337.64172,0
1789190100000,2509.79,2509.96,2509.27,2509.28,1079.413,1789190159999,2708845.68164,1082,512.862,1287059.12541,0
1789190160000,2509.27,2510.23,2508.08,2510.04,3853.421,1789190219999,9668927.63090,3900,2040.693,5120187.88646,0
1789190220000,2510.05,2510.52,2509.95,2510.27,786.715,1789190279999,1974858.43394,936,649.955,1631553.66875,0
1789190280000,2510.26,2510.27,2510.15,2510.16,149.664,1789190339999,375683.99841,254,123.183,309211.77273,0
1789190340000,2510.16,2510.16,2510.15,2510.16,137.214,1789190399999,344428.91531,275,119.321,299514.80136,0
1789190400000,2510.16,2510.78,2510.15,2510.78,447.152,1789190459999,1122612.94818,674,202.593,508605.34370,0
1789190460000,2510.78,2511.49,2510.77,2511.49,449.380,1789190519999,1128540.52616,720,230.725,579418.52019,0
1789190520000,2511.49,2511.49,2508.82,2509.70,2038.062,1789190579999,5115195.13535,2626,679.972,1706209.58509,0
1789190580000,2509.70,2509.71,2509.70,2509.70,138.397,1789190639999,347335.46477,321,51.387,128966.46777,0
1789190640000,2509.70,2509.72,2509.67,2509.72,752.124,1789190699999,1887611.30007,529,150.348,377329.25137,0
1789190700000,2509.71,2509.72,2509.40,2509.41,349.890,1789190759999,878087.96835,361,193.126,484669.93664,0
1789190760000,2509.40,2510.10,2509.40,2510.10,819.547,1789190819999,2056780.17680,988,704.151,1767176.86136,0
1789190820000,2510.10,2510.66,2509.81,2510.61,1066.170,1789190879999,2676269.18226,1216,493.564,1238884.55463,0
1789190880000,2510.61,2510.61,2509.85,2509.86,375.245,1789190939999,941943.14791,626,165.972,416632.06041,0
1789190940000,2509.86,2509.86,2508.34,2508.34,1028.003,1789190999999,2579291.98399,770,75.339,189037.08213,0
1789191000000,2508.33,2510.15,2507.60,2509.25,2559.411,1789191059999,6420995.30224,2991,1035.256,2597188.32377,0
1789191060000,2509.26,2509.41,2508.90,2508.91,482.234,1789191119999,1210071.44000,711,179.895,451409.69905,0
1789191120000,2508.90,2509.40,2508.90,2509.02,757.610,1789191179999,1900986.48487,892,324.552,814324.47078,0
1789191180000,2509.01,2509.74,2508.81,2509.16,1206.503,1789191239999,3027481.25817,1419,199.960,501721.25590,0
1789191240000,2509.15,2510.90,2509.02,2510.90,1642.874,1789191299999,4123161.87901,1743,1260.273,3162833.30260,0
1789191300000,2510.89,2511.97,2510.89,2511.60,1171.769,1789191359999,2942968.48832,1485,931.658,2339892.26013,0
1789191360000,2511.60,2512.00,2509.72,2511.33,3835.109,1789191419999,9629595.94986,3926,1613.893,4052733.82119,0
1789191420000,2511.33,2511.34,2510.99,2510.99,373.466,1789191479999,937794.22357,655,318.587,799986.89888,0
1789191480000,2510.99,2511.33,2510.99,2511.09,476.318,1789191539999,1196131.99857,818,161.818,406350.27410,0
1789191540000,2511.10,2511.10,2510.59,2510.59,288.926,1789191599999,725444.65880,669,175.870,441578.52181,0
1789191600000,2510.59,2510.91,2510.44,2510.45,321.921,1789191659999,808202.42670,622,254.232,638260.04810,0
1789191660000,2510.45,2510.45,2509.92,2509.92,196.791,1789191719999,493983.18230,633,85.067,213532.71795,0
1789191720000,2509.92,2510.34,2509.88,2510.34,291.927,1789191779999,732735.48871,536,259.559,651491.68432,0
1789191780000,2510.33,2510.34,2510.00,2510.00,442.130,1789191839999,1109840.67112,515,307.395,771623.24408,0
1789191840000,2510.01,2510.44,2510.00,2510.44,257.874,1789191899999,647334.66747,612,213.055,534822.53489,0
1789191900000,2510.44,2510.98,2510.43,2510.97,406.426,1789191959999,1020443.77902,698,278.706,699751.10278,0
1789191960000,2510.98,2510.98,2510.61,2510.90,365.919,1789192019999,918787.98586,686,189.309,475329.70358,0
1789192020000,2510.89,2510.90,2510.60,2510.78,473.067,1789192079999,1187720.25592,523,138.489,347696.24326,0
1789192080000,2510.78,2511.23,2510.77,2511.22,206.934,1789192139999,519590.28016,719,139.279,349723.08968,0
1789192140000,2511.23,2511.23,2510.98,2510.99,254.192,1789192199999,638304.62328,465,149.871,376337.57805,0
1789192200000,2510.98,2511.24,2510.98,2511.24,161.371,1789192259999,405227.05421,459,142.508,357859.09100,0
1789192260000,2511.23,2511.24,2511.01,2511.13,156.700,1789192319999,393491.84611,430,79.006,198390.14189,0
1789192320000,2511.13,2511.13,2511.01,2511.01,306.049,1789192379999,768510.72590,436,137.487,345237.57500,0
1789192380000,2511.01,2511.32,2511.01,2511.15,255.455,1789192439999,641500.42450,499,171.600,430916.78767,0
1789192440000,2511.14,2511.32,2511.02,2511.02,730.458,1789192499999,1834323.28485,770,519.212,1303842.48121,0
1789192500000,2511.03,2511.03,2510.89,2510.90,102.784,1789192559999,258082.96449,328,64.238,161296.23232,0
1789192560000,2510.90,2511.29,2510.83,2511.05,904.958,1789192619999,2272408.13314,900,252.081,632970.14623,0
1789192620000,2511.05,2511.54,2510.69,2511.21,1533.281,1789192679999,3850246.01717,1513,623.837,1566475.19135,0
1789192680000,2511.21,2511.21,2510.60,2510.61,828.508,1789192739999,2080190.96281,654,80.429,201942.63292,0
1789192740000,2510.60,2510.93,2510.37,2510.61,1311.818,1789192799999,3293369.92857,1029,693.054,1739922.20522,0
1789192800000,2510.61,2510.92,2510.48,2510.48,537.632,1789192859999,1349797.59027,595,263.862,662457.45315,0
1789192860000,2510.48,2510.64,2510.47,2510.64,633.237,1789192919999,1589732.56362,564,409.226,1027356.61420,0
1789192920000,2510.63,2510.91,2510.37,2510.38,511.595,1789192979999,1284521.48368,773,245.894,617399.77815,0
1789192980000,2510.38,2510.58,2510.37,2510.44,223.177,1789193039999,560279.43935,481,190.342,477846.02273,0
1789193040000,2510.43,2510.44,2510.41,2510.42,137.867,1789193099999,346105.76721,175,53.768,134981.13796,0
1789193100000,2510.42,2510.42,2510.37,2510.38,395.649,1789193159999,993226.33649,403,62.364,156557.36168,0
1789193160000,2510.38,2510.38,2509.73,2509.74,2366.868,1789193219999,5941292.70007,935,586.333,1471793.90704,0
1789193220000,2509.74,2509.74,2509.59,2509.60,149.802,1789193279999,375951.21329,386,75.133,188559.67692,0
1789193280000,2509.60,2509.91,2509.59,2509.91,612.069,1789193339999,1536097.69781,711,437.737,1098585.18652,0
1789193340000,2509.91,2509.91,2509.90,2509.91,199.600,1789193399999,500976.75379,238,71.379,179154.86589,0
1789193400000,2509.91,2510.06,2509.90,2510.06,681.158,1789193459999,1709673.78655,566,624.154,1566598.51129,0
1789193460000,2510.06,2510.06,2509.21,2509.56,842.224,1789193519999,2113639.34252,1040,273.153,685511.89819,0
1789193520000,2509.57,2509.65,2509.24,2509.51,457.654,1789193579999,1148461.66462,728,197.047,494472.43250,0
1789193580000,2509.51,2510.21,2509.50,2510.20,457.552,1789193639999,1148431.00420,643,374.514,940006.57932,0
1789193640000,2510.20,2510.21,2509.53,2509.54,513.551,1789193699999,1288931.78809,895,124.147,311596.15592,0
1789193700000,2509.54,2509.54,2509.40,2509.41,165.850,1789193759999,416187.26294,187,62.061,155737.37465,0
1789193760000,2509.41,2510.85,2509.40,2510.45,1374.448,1789193819999,3450401.14784,1555,716.489,1798488.52849,0
1789193820000,2510.45,2511.22,2510.44,2511.15,526.088,1789193879999,1320967.39914,672,443.512,1113629.69134,0
1789193880000,2511.15,2512.00,2511.14,2511.55,621.997,1789193939999,1562316.10985,935,373.868,939041.70653,0
1789193940000,2511.55,2511.55,2511.00,2511.00,609.955,1789193999999,1531760.95947,617,228.862,574721.86507,0
1789194000000,2511.01,2511.59,2511.00,2511.32,492.053,1789194059999,1235690.26436,1053,344.359,864776.45462,0
1789194060000,2511.32,2511.36,2511.00,2511.21,315.029,1789194119999,791115.85246,537,182.001,457042.21266,0
1789194120000,2511.20,2511.21,2510.72,2511.16,479.845,1789194179999,1204825.17989,793,233.802,587038.50720,0
1789194180000,2511.15,2511.16,2511.01,2511.01,199.270,1789194239999,500395.85568,204,77.094,193594.62583,0
1789194240000,2511.01,2511.01,2510.50,2510.77,359.914,1789194299999,903633.35746,713,288.524,724391.36086,0
1789194300000,2510.76,2511.86,2510.76,2511.76,1157.804,1789194359999,2907704.24549,1063,940.811,2362749.99087,0
1789194360000,2511.76,2511.85,2511.60,2511.61,423.404,1789194419999,1063486.08814,392,297.324,746810.21461,0
1789194420000,2511.60,2511.61,2511.60,2511.61,187.577,1789194479999,471119.98498,233,159.178,399793.05658,0
1789194480000,2511.60,2511.61,2511.60,2511.61,186.334,1789194539999,467997.76173,256,128.733,323327.09013,0
1789194540000,2511.61,2511.61,2511.11,2511.12,331.777,1789194599999,833220.19564,464,55.055,138266.52443,0
1789194600000,2511.11,2512.88,2511.11,2512.88,1720.151,1789194659999,4320809.93139,1623,1411.216,3544634.44696,0
1789194660000,2512.87,2512.99,2512.69,2512.99,695.713,1789194719999,1748191.25160,841,535.898,1346593.91143,0
1789194720000,2512.99,2513.50,2512.99,2513.50,551.335,1789194779999,1385587.78130,843,456.010,1146017.20470,0
1789194780000,2513.49,2513.50,2513.06,2513.28,709.058,1789194839999,1782046.73454,866,201.952,507577.67323,0
1789194840000,2513.27,2514.39,2512.48,2512.52,5334.505,1789194899999,13408942.37570,3558,2267.934,5700792.43647,0
1789194900000,2512.52,2512.86,2512.14,2512.71,811.788,1789194959999,2039548.87640,1725,487.678,1225207.13946,0
1789194960000,2512.70,2513.11,2512.70,2513.10,151.476,1789195019999,380625.10299,592,122.489,307789.22848,0
1789195020000,2513.10,2513.94,2513.10,2513.65,742.111,1789195079999,1865442.44010,1348,529.386,1330707.34728,0
1789195080000,2513.65,2513.65,2513.24,2513.60,871.579,1789195139999,2190656.55731,815,606.856,1525287.25583,0
1789195140000,2513.60,2514.67,2513.59,2514.50,860.499,1789195199999,2163432.28759,1281,444.045,1116390.12166,0
1789195200000,2514.49,2514.50,2514.30,2514.31,844.893,1789195259999,2124379.46204,846,651.685,1638578.64397,0
1789195260000,2514.31,2514.35,2514.12,2514.34,1042.488,1789195319999,2621107.44062,762,633.603,1593045.93302,0
1789195320000,2514.34,2516.69,2514.14,2516.08,5397.034,1789195379999,13576433.84119,4435,3946.541,9927200.88668,0
1789195380000,2516.07,2516.93,2515.90,2516.74,1108.027,1789195439999,2788133.95536,1454,990.216,2491698.43606,0
1789195440000,2516.74,2517.69,2516.50,2517.58,1999.327,1789195499999,5032266.43159,2068,1279.764,3221179.19008,0
1789195500000,2517.58,2517.89,2517.00,2517.36,3790.794,1789195559999,9543243.18732,2444,2846.560,7166118.31625,0
1789195560000,2517.36,2518.75,2517.15,2518.18,2346.052,1789195619999,5906788.37545,2502,1625.850,4093456.17463,0
1789195620000,2518.17,2521.62,2517.26,2520.60,7636.433,1789195679999,19241240.48516,6212,5233.078,13185435.66005,0
1789195680000,2520.61,2521.24,2519.17,2519.65,5932.920,1789195739999,14952372.10596,4254,2865.256,7220830.46517,0
1789195740000,2519.65,2520.47,2519.64,2519.82,1071.424,1789195799999,2700145.96116,1860,593.415,1495452.23233,0
1789195800000,2519.82,2519.82,2519.31,2519.61,1866.840,1789195859999,4703547.50681,1785,1085.367,2734582.70319,0
1789195860000,2519.61,2520.50,2519.60,2520.23,1262.923,1789195919999,3182800.45043,1269,790.623,1992457.81469,0
1789195920000,2520.23,2520.24,2519.09,2519.10,1132.775,1789195979999,2854072.30586,1512,348.724,878634.09141,0
1789195980000,2519.09,2519.76,2518.99,2519.37,1384.902,1789196039999,3488952.41626,1514,758.274,1910260.48412,0
1789196040000,2519.37,2519.38,2519.00,2519.00,749.660,1789196099999,1888562.09380,673,338.282,852222.74665,0
1789196100000,2519.00,2519.38,2518.68,2518.69,1743.842,1789196159999,4392547.54209,1321,1074.219,2705849.44870,0
1789196160000,2518.68,2518.69,2517.20,2517.72,4040.382,1789196219999,10173458.93126,3152,558.619,1406557.49347,0
1789196220000,2517.71,2518.60,2517.71,2518.60,660.638,1789196279999,1663790.58369,936,302.205,761052.45316,0
1789196280000,2518.60,2518.97,2517.89,2518.20,1709.849,1789196339999,4305893.74847,2205,1303.238,3281900.58709,0
1789196340000,2518.20,2518.21,2518.00,2518.21,459.368,1789196399999,1156744.40000,732,211.730,533160.81065,0
1789196400000,2518.21,2519.04,2518.20,2519.03,671.373,1789196459999,1691011.77050,1076,530.709,1336695.55965,0
1789196460000,2519.02,2520.36,2519.02,2520.10,1196.264,1789196519999,3014395.88281,1618,825.463,2079994.19488,0
1789196520000,2520.09,2520.86,2520.00,2520.86,873.042,1789196579999,2200452.92955,1605,736.535,1856393.95237,0
1789196580000,2520.86,2521.35,2520.85,2520.99,1078.778,1789196639999,2719646.27765,1214,743.441,1874245.40145,0
1789196640000,2520.98,2522.37,2520.98,2521.30,2409.273,1789196699999,6075662.09815,2707,1552.340,3914567.89888,0
1789196700000,2521.30,2522.01,2521.04,2521.16,1804.229,1789196759999,4549370.30468,2312,1125.857,2838779.71509,0
1789196760000,2521.16,2521.53,2520.24,2521.01,2015.734,1789196819999,5081237.18511,2312,891.733,2247740.30912,0
1789196820000,2521.00,2521.92,2521.00,2521.85,652.673,1789196879999,1645914.01951,1126,436.882,1101717.96964,0
1789196880000,2521.85,2523.42,2521.64,2522.80,2612.413,1789196939999,6589438.36350,2656,1935.370,4881728.33651,0
1789196940000,2522.80,2523.74,2522.80,2523.25,1865.071,1789196999999,4705749.44373,2215,1433.112,3615901.09071,0
1789197000000,2523.25,2523.59,2523.24,2523.47,996.407,1789197059999,2514313.59914,1327,795.392,2007080.27853,0
1789197060000,2523.47,2523.47,2522.00,2522.00,1210.731,1789197119999,3054102.95216,1722,285.156,719228.91621,0
1789197120000,2522.01,2523.39,2522.00,2523.39,1294.830,1789197179999,3266351.33898,1644,1061.750,2678379.17887,0
1789197180000,2523.38,2523.39,2523.11,2523.12,643.553,1789197239999,1623854.49783,734,247.938,625617.78885,0
1789197240000,2523.12,2523.45,2523.11,2523.21,622.832,1789197299999,1571536.68284,989,446.424,1126414.48029,0
1789197300000,2523.21,2523.21,2522.43,2522.56,769.659,1789197359999,1941655.91868,1294,313.119,789866.43686,0
1789197360000,2522.55,2522.56,2521.21,2521.82,1185.980,1789197419999,2990688.93171,1901,483.723,1219746.16547,0
1789197420000,2521.82,2522.30,2521.82,2522.30,379.178,1789197479999,956316.88405,809,274.452,692181.23890,0
1789197480000,2522.30,2522.30,2521.16,2521.17,790.212,1789197539999,1992763.59968,1081,196.241,494831.09711,0
1789197540000,2521.16,2521.79,2521.00,2521.12,754.019,1789197599999,1901051.41658,1412,293.222,739272.01302,0
1789197600000,2521.11,2521.29,2521.11,2521.29,470.354,1789197659999,1185892.63796,524,124.552,314028.97701,0
1789197660000,2521.28,2523.38,2521.28,2522.94,2126.579,1789197719999,5364407.10321,2247,1429.593,3605812.19722,0
1789197720000,2522.93,2522.98,2522.56,2522.76,826.667,1789197779999,2085560.41054,1075,616.810,1556121.93013,0
1789197780000,2522.75,2522.99,2522.75,2522.82,572.565,1789197839999,1444529.51794,722,270.045,681292.24377,0
1789197840000,2522.82,2522.82,2522.57,2522.58,481.511,1789197899999,1214691.22684,497,266.786,673014.48837,0
1789197900000,2522.58,2523.12,2522.36,2523.12,599.530,1789197959999,1512416.96504,1031,467.271,1178795.50338,0
1789197960000,2523.12,2523.12,2522.26,2522.34,642.993,1789198019999,1621929.25449,1035,375.904,948182.53010,0
1789198020000,2522.34,2522.57,2522.33,2522.49,602.709,1789198079999,1520323.30442,661,417.880,1054085.16609,0
1789198080000,2522.49,2522.55,2522.40,2522.55,468.963,1789198139999,1182945.11365,682,324.117,817574.97572,0
1789198140000,2522.55,2522.56,2521.79,2521.84,1607.386,1789198199999,4054107.44833,1246,448.822,1131949.46112,0
1789198200000,2521.83,2522.41,2521.52,2521.53,1108.701,1789198259999,2796179.58884,1401,509.835,1285866.50909,0
1789198260000,2521.53,2521.69,2521.52,2521.69,665.226,1789198319999,1677456.03132,617,324.673,818691.67567,0
1789198320000,2521.69,2521.99,2521.43,2521.44,608.508,1789198379999,1534495.63712,1049,238.877,602380.16883,0
1789198380000,2521.44,2521.66,2521.43,2521.66,542.255,1789198439999,1367321.59638,446,350.886,884760.02093,0
1789198440000,2521.66,2521.66,2521.06,2521.06,343.636,1789198499999,866465.80153,672,42.947,108294.51058,0
1789198500000,2521.07,2521.65,2521.06,2521.65,615.940,1789198559999,1552937.96151,764,418.201,1054396.63815,0
1789198560000,2521.65,2522.13,2521.64,2522.13,496.986,1789198619999,1253311.68063,774,419.294,1057395.77075,0
1789198620000,2522.15,2522.20,2521.74,2521.94,614.510,1789198679999,1549773.84255,739,362.955,915319.40144,0
1789198680000,2521.93,2521.94,2521.65,2521.65,249.914,1789198739999,630213.34806,378,89.842,226550.97828,0
1789198740000,2521.66,2521.66,2521.30,2521.30,283.424,1789198799999,714679.16435,565,46.430,117076.57005,0
1789198800000,2521.31,2521.55,2521.14,2521.15,598.306,1789198859999,1508566.82498,777,202.239,509912.19965,0
1789198860000,2521.15,2522.01,2521.14,2522.00,908.227,1789198919999,2290146.24247,1132,723.909,1825395.42138,0
1789198920000,2522.01,2522.11,2522.00,2522.10,315.492,1789198979999,795685.57015,565,221.578,558827.25335,0
1789198980000,2522.11,2522.38,2521.66,2522.38,1388.304,1789199039999,3501150.23690,1386,1062.928,2680569.26685,0
1789199040000,2522.38,2522.38,2522.11,2522.11,407.786,1789199099999,1028571.81135,603,187.851,473823.95232,0
1789199100000,2522.12,2522.12,2521.16,2521.17,1359.899,1789199159999,3429071.86678,1044,404.887,1020859.25540,0
1789199160000,2521.17,2521.85,2521.16,2521.40,1011.461,1789199219999,2550389.90105,1280,476.634,1201817.73039,0
1789199220000,2521.41,2521.53,2521.40,2521.53,227.318,1789199279999,573180.00485,443,120.467,303754.60847,0
1789199280000,2521.53,2521.70,2521.52,2521.69,805.541,1789199339999,2031265.26247,764,616.021,1553373.32229,0
1789199340000,2521.70,2522.12,2521.69,2522.11,208.462,1789199399999,525719.02096,539,168.945,426063.39348,0
1789199400000,2522.12,2522.13,2522.11,2522.12,357.560,1789199459999,901808.61787,428,293.506,740257.37465,0
1789199460000,2522.13,2522.13,2521.85,2521.85,572.109,1789199519999,1442908.64401,494,110.243,278039.86976,0
1789199520000,2521.86,2521.86,2521.85,2521.85,314.129,1789199579999,792187.71075,327,149.210,376286.73060,0
1789199580000,2521.85,2522.89,2521.85,2522.88,555.378,1789199639999,1400799.18744,786,461.836,1164869.35711,0
1789199640000,2522.89,2523.64,2522.89,2523.05,913.115,1789199699999,2303956.80250,1140,554.509,1399111.72663,0
1789199700000,2523.05,2523.05,2523.00,2523.01,350.101,1789199759999,883313.39857,329,178.670,450788.88682,0
1789199760000,2523.01,2523.01,2523.00,2523.01,218.204,1789199819999,550529.90643,249,121.443,306401.90343,0
1789199820000,2523.01,2523.43,2522.39,2522.39,1377.295,1789199879999,3475001.11394,1139,661.520,1669071.44387,0
1789199880000,2522.40,2522.96,2522.23,2522.96,922.161,1789199939999,2326131.99257,754,686.497,1731698.34133,0
1789199940000,2522.96,2523.39,2522.26,2522.99,1233.504,1789199999999,3111914.57543,1598,552.142,1392926.98774,0
1789200000000,2523.00,2523.00,2522.74,2522.99,756.611,1789200059999,1908801.09326,776,475.815,1200377.55900,0
1789200060000,2522.98,2522.99,2522.03,2522.04,839.846,1789200119999,2118580.17674,1060,178.483,450276.50948,0
1789200120000,2522.03,2522.05,2522.03,2522.04,664.897,1789200179999,1676897.26723,586,279.107,703919.68227,0
1789200180000,2522.04,2522.64,2522.01,2522.64,672.060,1789200239999,1695083.10628,934,458.494,1156454.70130,0
1789200240000,2522.63,2522.71,2522.23,2522.48,654.963,1789200299999,1652100.39399,726,248.418,626630.14511,0
1789200300000,2522.49,2524.36,2522.27,2524.33,2960.652,1789200359999,7471015.09673,3353,1699.519,4288553.12424,0
1789200360000,2524.33,2524.33,2524.01,2524.02,568.045,1789200419999,1433875.00559,631,405.103,1022574.86294,0
1789200420000,2524.01,2524.02,2524.01,2524.02,418.852,1789200479999,1057190.17009,484,353.357,891880.13514,0
1789200480000,2524.02,2524.02,2523.96,2523.97,779.193,1789200539999,1966668.49174,492,449.149,1133639.81091,0
1789200540000,2523.96,2525.97,2523.53,2525.66,5473.448,1789200599999,13820442.65726,4245,4353.038,10991684.11683,0
1789200600000,2525.67,2526.84,2524.12,2524.53,4765.281,1789200659999,12036530.42295,4359,2538.913,6412604.75205,0
1789200660000,2524.53,2525.41,2524.52,2525.41,1113.642,1789200719999,2811750.76847,1358,769.834,1943680.67884,0
1789200720000,2525.41,2526.75,2525.40,2526.68,863.704,1789200779999,2181802.04968,1288,651.684,1646175.19509,0
1789200780000,2526.68,2527.69,2523.82,2523.86,2687.429,1789200839999,6788191.01306,3277,1070.094,2703442.13796,0
1789200840000,2523.86,2524.83,2523.44,2524.77,727.834,1789200899999,1837164.99703,1585,479.080,1209244.84688,0
1789200900000,2524.78,2524.78,2524.60,2524.60,714.394,1789200959999,1803604.47926,579,446.756,1127912.55988,0
1789200960000,2524.61,2527.51,2524.61,2527.10,3426.129,1789201019999,8655623.79469,3779,2025.638,5116973.11785,0
1789201020000,2527.11,2527.30,2526.65,2526.65,1283.952,1789201079999,3244637.17821,1228,659.641,1666997.58022,0
1789201080000,2526.65,2526.65,2525.80,2525.82,694.220,1789201139999,1753574.68946,1092,325.498,822188.64344,0
1789201140000,2525.81,2526.59,2525.81,2526.28,557.445,1789201199999,1408247.40440,802,358.168,904831.23713,0
1789201200000,2526.28,2526.59,2525.80,2526.44,763.445,1789201259999,1928562.40381,1058,464.750,1173984.44643,0
1789201260000,2526.43,2527.70,2526.18,2527.50,2519.965,1789201319999,6367896.06091,2404,2083.284,5264412.02729,0
1789201320000,2527.50,2528.88,2527.16,2528.42,5807.759,1789201379999,14682162.43749,4190,4752.869,12015180.51572,0
1789201380000,2528.42,2528.77,2526.35,2526.36,1848.922,1789201439999,4673436.13456,2711,1040.648,2630375.63349,0
1789201440000,2526.36,2527.40,2526.06,2526.46,1160.746,1789201499999,2932914.66966,2525,806.683,2038260.33766,0
1789201500000,2526.46,2526.46,2526.05,2526.14,358.412,1789201559999,905455.73475,649,219.475,554458.98674,0
1789201560000,2526.15,2526.50,2526.06,2526.15,504.760,1789201619999,1275179.23508,706,304.416,769052.11958,0
1789201620000,2526.14,2526.21,2525.67,2526.21,897.207,1789201679999,2266374.06146,1312,318.608,804793.27019,0
1789201680000,2526.21,2527.61,2526.20,2527.60,902.526,1789201739999,2280423.14835,1321,586.989,1483123.52113,0
1789201740000,2527.60,2528.37,2527.18,2527.86,1960.549,1789201799999,4955580.09618,1998,1131.500,2859961.99150,0
1789201800000,2527.86,2529.00,2527.86,2528.62,1566.294,1789201859999,3960643.56992,1596,1169.302,2956727.81909,0
1789201860000,2528.62,2528.88,2528.09,2528.16,795.078,1789201919999,2010237.45515,1010,374.749,947503.56467,0
1789201920000,2528.17,2528.17,2527.08,2527.09,872.810,1789201979999,2206125.07696,1221,292.440,739124.93153,0
1789201980000,2527.08,2527.42,2526.40,2527.42,891.452,1789202039999,2252568.09805,1315,354.220,895104.90271,0
1789202040000,2527.41,2528.24,2527.41,2527.81,618.795,1789202099999,1564302.32279,1103,337.622,853472.61901,0
1789202100000,2527.80,2527.99,2526.57,2526.74,1306.623,1789202159999,3302319.98869,1488,587.076,1483731.34128,0
1789202160000,2526.74,2528.45,2526.74,2528.30,876.105,1789202219999,2214793.52299,1528,642.354,1623790.77357,0
1789202220000,2528.30,2531.99,2528.30,2530.21,8149.539,1789202279999,20623302.15104,5948,5547.499,14038334.92196,0
1789202280000,2530.21,2530.62,2529.46,2529.47,1908.168,1789202339999,4827807.88574,1753,735.353,1860517.98899,0
1789202340000,2529.46,2530.31,2529.46,2530.06,1324.415,1789202399999,3350659.28631,1221,831.332,2103123.76807,0
1789202400000,2530.05,2530.08,2529.70,2529.76,1765.488,1789202459999,4466592.63810,1240,793.775,2008167.91798,0
1789202460000,2529.75,2530.91,2529.75,2530.45,1809.884,1789202519999,4579259.20381,2073,1100.271,2783704.81940,0
1789202520000,2530.45,2531.64,2530.45,2531.37,986.709,1789202579999,2497378.54293,1740,756.453,1914611.65269,0
1789202580000,2531.37,2531.38,2530.64,2530.64,1085.002,1789202639999,2746213.19851,1133,427.629,1082327.48864,0
1789202640000,2530.65,2532.60,2530.64,2531.53,3123.341,1789202699999,7907622.00049,3069,2040.021,5164983.74447,0
1789202700000,2531.52,2533.57,2531.32,2532.03,3456.012,1789202759999,8751866.78906,3521,2425.424,6142072.06494,0
1789202760000,2532.03,2532.04,2531.32,2531.59,1321.440,1789202819999,3345458.31829,1084,493.795,1250003.43742,0
1789202820000,2531.59,2533.40,2531.58,2533.40,1197.747,1789202879999,3033424.67591,1907,987.781,2501657.13799,0
1789202880000,2533.39,2533.86,2533.12,2533.85,2217.967,1789202939999,5618950.45553,1824,1682.408,4262280.45509,0
1789202940000,2533.85,2534.30,2533.29,2533.94,3618.405,1789202999999,9168547.17847,2641,1410.908,3575008.39167,0
1789203000000,2533.96,2534.35,2533.86,2534.32,1462.332,1789203059999,3705696.82938,1503,910.022,2306096.93955,0
1789203060000,2534.35,2534.53,2533.46,2533.55,1309.748,1789203119999,3318680.59900,1574,634.267,1607113.01744,0
1789203120000,2533.55,2534.76,2533.55,2534.35,1618.996,1789203179999,4102937.36767,1821,849.387,2152475.11383,0
1789203180000,2534.35,2535.31,2534.23,2535.01,3268.178,1789203239999,8284018.37960,2345,1424.278,3610169.46993,0
1789203240000,2535.00,2535.80,2532.80,2532.83,6072.672,1789203299999,15392688.84098,3893,1588.596,4026568.98058,0
1789203300000,2532.83,2532.84,2531.32,2532.39,2030.629,1789203359999,5141842.13778,2541,736.861,1865856.61156,0
1789203360000,2532.40,2533.58,2532.18,2532.66,1120.505,1789203419999,2837924.56080,2164,630.513,1596916.79401,0
1789203420000,2532.65,2532.66,2530.72,2531.50,2191.156,1789203479999,5546895.63307,1990,354.546,897533.16988,0
1789203480000,2531.51,2532.27,2531.50,2532.26,590.352,1789203539999,1494657.28345,718,483.402,1223884.31696,0
1789203540000,2532.26,2532.30,2531.84,2532.29,665.024,1789203599999,1683901.96759,927,246.386,623868.98884,0
1789203600000,2532.29,2533.27,2532.00,2532.37,2064.706,1789203659999,5228957.43556,1987,1572.828,3983230.98731,0
1789203660000,2532.37,2532.51,2531.11,2531.21,2279.258,1789203719999,5770066.67044,1969,733.912,1857829.94069,0
1789203720000,2531.20,2533.82,2531.20,2533.62,885.025,1789203779999,2241561.02092,1609,641.437,1624509.50806,0
1789203780000,2533.61,2535.36,2533.61,2535.14,1975.180,1789203839999,5005865.53717,2796,1465.150,3713207.22037,0
1789203840000,2535.13,2535.14,2533.28,2533.29,1003.101,1789203899999,2542114.48804,1869,609.422,1544394.11757,0
1789203900000,2533.29,2535.64,2533.28,2534.47,1377.713,1789203959999,3492273.98666,2695,1056.415,2677770.16837,0
1789203960000,2534.46,2534.48,2532.01,2532.01,1859.085,1789204019999,4710057.62384,2438,693.553,1757027.97977,0
1789204020000,2532.01,2532.38,2531.29,2531.68,970.452,1789204079999,2457053.94729,1696,402.657,1019460.12473,0
1789204080000,2531.68,2531.69,2531.29,2531.61,767.046,1789204139999,1941837.54450,1358,315.035,797527.33927,0
1789204140000,2531.61,2531.63,2531.61,2531.63,518.236,1789204199999,1311974.05300,724,225.591,571110.71689,0
1789204200000,2531.62,2531.72,2531.00,2531.72,1381.726,1789204259999,3497657.14590,1190,766.578,1940374.35693,0
1789204260000,2531.72,2533.29,2531.48,2533.27,1499.317,1789204319999,3796933.82466,1794,1112.471,2817155.50459,0
1789204320000,2533.28,2533.28,2532.72,2532.72,561.177,1789204379999,1421554.02763,940,260.191,659110.16865,0
1789204380000,2532.72,2532.73,2532.11,2532.44,873.114,1789204439999,2211032.02156,1105,431.569,1092841.57181,0
1789204440000,2532.44,2534.10,2532.43,2534.09,867.684,1789204499999,2198075.12746,1364,644.190,1631824.61466,0
1789204500000,2534.09,2534.20,2534.00,2534.19,404.479,1789204559999,1024972.54929,586,183.588,465221.34722,0
1789204560000,2534.19,2536.35,2534.19,2535.85,2159.622,1789204619999,5475365.31449,2604,1649.895,4182975.08020,0
1789204620000,2535.84,2535.97,2533.36,2533.99,1773.909,1789204679999,4495849.22778,2333,675.588,1711863.13394,0
1789204680000,2533.99,2535.24,2533.98,2534.52,667.995,1789204739999,1693191.20557,1269,316.204,801441.00557,0
1789204740000,2534.52,2535.06,2534.10,2534.35,616.551,1789204799999,1562650.41030,1090,367.871,932319.78791,0
1789204800000,2534.36,2534.36,2533.00,2533.01,565.814,1789204859999,1433757.34724,996,162.212,411057.17974,0
1789204860000,2533.00,2533.14,2532.35,2532.35,967.237,1789204919999,2449930.25832,1098,291.942,739507.79495,0
1789204920000,2532.35,2532.49,2532.02,2532.45,1137.147,1789204979999,2879569.85619,996,481.672,1219718.62093,0
1789204980000,2532.45,2532.47,2531.50,2532.14,2025.513,1789205039999,5128636.02535,1910,817.864,2070630.93604,0
1789205040000,2532.13,2535.35,2532.13,2534.60,2521.551,1789205099999,6389774.19991,3044,1802.695,4567766.47305,0
1789205100000,2534.60,2534.91,2534.55,2534.90,669.717,1789205159999,1697509.28007,932,498.055,1262396.45496,0
1789205160000,2534.91,2535.18,2534.90,2535.18,564.098,1789205219999,1430000.97601,590,448.328,1136515.20271,0
1789205220000,2535.18,2535.50,2534.87,2534.88,667.961,1789205279999,1693396.51005,1083,410.577,1040867.62941,0
1789205280000,2534.87,2536.18,2533.48,2534.30,3294.171,1789205339999,8351501.51677,3481,1443.562,3659616.21666,0
1789205340000,2534.30,2534.92,2533.59,2534.80,1474.730,1789205399999,3737107.67328,2112,889.111,2253031.32945,0
1789205400000,2534.79,2536.19,2534.79,2536.19,1525.760,1789205459999,3868999.25262,1871,875.835,2220838.42251,0
1789205460000,2536.18,2536.18,2534.50,2535.69,792.099,1789205519999,2008266.79837,1665,316.755,802938.44327,0
1789205520000,2535.69,2535.70,2533.12,2533.12,1261.462,1789205579999,3197204.44096,1761,415.003,1051664.64974,0
1789205580000,2533.13,2533.13,2531.40,2532.41,1813.833,1789205639999,4593109.03067,2110,572.154,1448818.24496,0
1789205640000,2532.42,2532.42,2531.83,2532.17,1197.767,1789205699999,3032815.72901,1327,503.354,1274481.33845,0
1789205700000,2532.17,2532.30,2530.57,2530.90,2751.479,1789205759999,6964762.62307,2210,914.502,2314694.66153,0
1789205760000,2530.90,2532.10,2530.90,2531.89,1751.293,1789205819999,4433182.60185,1378,971.959,2460287.90436,0
1789205820000,2531.88,2531.89,2531.60,2531.78,900.651,1789205879999,2280205.25483,754,426.599,1080010.71907,0
1789205880000,2531.77,2534.75,2531.77,2533.36,2445.555,1789205939999,6195779.38913,2894,1793.800,4544145.79547,0
1789205940000,2533.35,2533.36,2532.91,2532.92,819.888,1789205999999,2077030.47965,890,318.497,806852.08849,0
1789206000000,2532.91,2532.92,2532.50,2532.74,494.320,1789206059999,1251934.81657,653,161.937,410113.69347,0
1789206060000,2532.74,2532.75,2532.74,2532.74,171.987,1789206119999,435598.83506,316,48.068,121744.22700,0
1789206120000,2532.75,2532.75,2532.74,2532.75,301.228,1789206179999,762933.19291,463,98.819,250283.82225,0
1789206180000,2532.74,2533.80,2531.01,2531.23,2123.638,1789206239999,5378407.10205,2655,673.042,1704651.85400,0
1789206240000,2531.24,2531.67,2530.86,2531.23,1086.682,1789206299999,2750700.91883,1233,428.934,1085727.76844,0
1789206300000,2531.23,2531.65,2531.23,2531.64,848.021,1789206359999,2146641.62470,526,661.741,1675054.06200,0
1789206360000,2531.65,2531.85,2529.01,2530.15,3535.524,1789206419999,8946438.45283,3712,1123.186,2842241.11487,0
1789206420000,2530.15,2530.16,2529.65,2529.65,1285.951,1789206479999,3253265.78289,1104,475.122,1201962.17824,0
1789206480000,2529.65,2529.99,2529.21,2529.84,2576.378,1789206539999,6517038.92522,1966,1319.182,3336912.60912,0
1789206540000,2529.84,2529.84,2528.59,2529.05,1729.197,1789206599999,4373518.30116,1536,407.164,1029826.81551,0
1789206600000,2529.05,2531.49,2529.05,2529.97,2863.133,1789206659999,7244250.77538,2490,1844.587,4666334.82802,0
1789206660000,2529.97,2529.98,2529.80,2529.82,429.277,1789206719999,1085995.13310,628,218.627,553086.98218,0
1789206720000,2529.82,2529.82,2528.81,2529.10,1583.227,1789206779999,4004195.59173,1459,601.128,1520183.38572,0
1789206780000,2529.11,2529.63,2528.76,2528.92,2210.723,1789206839999,5591283.71929,1624,634.609,1605021.60219,0
1789206840000,2528.93,2528.93,2528.33,2528.33,1771.482,1789206899999,4479371.73403,1532,566.411,1432163.63002,0
1789206900000,2528.34,2529.59,2528.33,2529.38,1507.226,1789206959999,3811741.40852,1283,1086.154,2746682.11882,0
1789206960000,2529.38,2529.38,2528.17,2529.30,958.219,1789207019999,2422901.46277,1646,551.232,1393762.21837,0
1789207020000,2529.31,2529.31,2529.30,2529.31,240.086,1789207079999,607250.06789,248,54.809,138628.95179,0
1789207080000,2529.31,2529.63,2529.30,2529.62,365.470,1789207139999,924442.06288,585,272.785,690000.79260,0
1789207140000,2529.62,2530.00,2529.62,2529.99,208.163,1789207199999,526642.49016,419,103.351,261470.02395,0
1789207200000,2530.00,2530.88,2529.99,2530.47,1150.788,1789207259999,2912015.65032,1326,633.967,1604078.27526,0
1789207260000,2530.47,2532.34,2530.46,2532.33,748.147,1789207319999,1893907.58184,1506,681.252,1724577.30867,0
1789207320000,2532.33,2533.69,2532.32,2533.68,1039.307,1789207379999,2632429.31481,1220,888.309,2249965.62989,0
1789207380000,2533.69,2533.69,2533.09,2533.10,820.301,1789207439999,2078196.74578,1238,177.736,450262.54940,0
1789207440000,2533.09,2533.10,2531.68,2531.81,1060.009,1789207499999,2684435.43741,1440,459.404,1163509.84063,0
1789207500000,2531.81,2532.97,2531.79,2532.97,654.231,1789207559999,1656626.78610,873,437.387,1107580.40801,0
1789207560000,2532.97,2534.01,2532.96,2534.01,907.559,1789207619999,2299239.85688,790,612.008,1550498.96835,0
1789207620000,2534.02,2535.37,2534.02,2534.49,1164.238,1789207679999,2951078.49221,2226,544.387,1379802.39345,0
1789207680000,2534.49,2534.73,2533.51,2533.53,1440.445,1789207739999,3650027.79991,2170,744.422,1886409.57044,0
1789207740000,2533.52,2533.74,2533.24,2533.25,256.124,1789207799999,648903.59612,629,40.510,102630.62448,0
1789207800000,2533.24,2533.25,2532.47,2532.63,353.919,1789207859999,896410.26846,860,79.898,202361.27897,0
1789207860000,2532.63,2533.80,2532.62,2533.58,435.688,1789207919999,1103775.03081,1000,230.226,583213.62422,0
1789207920000,2533.58,2533.59,2533.22,2533.22,383.448,1789207979999,971467.63014,619,117.926,298770.34874,0
1789207980000,2533.23,2533.51,2533.22,2533.51,473.769,1789208039999,1200186.08530,576,322.601,817239.24448,0
1789208040000,2533.51,2533.51,2533.00,2533.00,268.630,1789208099999,680521.85755,569,23.336,59116.47084,0
1789208100000,2533.00,2533.01,2532.65,2532.65,291.151,1789208159999,737456.57628,395,21.472,54385.89132,0
1789208160000,2532.65,2532.65,2532.45,2532.45,475.347,1789208219999,1203842.15276,628,223.326,565585.88341,0
1789208220000,2532.46,2532.63,2532.18,2532.18,352.100,1789208279999,891670.04195,613,146.276,370427.66694,0
1789208280000,2532.19,2532.55,2532.18,2532.19,272.042,1789208339999,688905.61047,620,80.701,204356.51337,0
1789208340000,2532.19,2532.29,2532.00,2532.01,156.126,1789208399999,395342.93784,445,44.019,111464.48476,0
1789208400000,2532.00,2532.38,2532.00,2532.38,244.592,1789208459999,619335.39057,388,151.157,382746.04304,0
1789208460000,2532.37,2532.50,2531.25,2531.49,758.407,1789208519999,1920206.45900,1221,235.832,597009.21025,0
1789208520000,2531.48,2531.48,2530.95,2531.02,469.902,1789208579999,1189345.28221,637,213.802,541136.52039,0
1789208580000,2531.01,2531.03,2530.83,2530.83,649.105,1789208639999,1642872.16060,588,164.247,415695.86751,0
1789208640000,2530.84,2531.00,2530.84,2531.00,472.060,1789208699999,1194736.89103,356,91.757,232224.08516,0
1789208700000,2531.00,2531.00,2530.99,2530.99,180.921,1789208759999,457909.82599,280,58.420,147861.02000,0
1789208760000,2530.99,2531.00,2530.99,2531.00,135.639,1789208819999,343301.37247,350,41.986,106266.56600,0
1789208820000,2530.99,2531.00,2530.99,2531.00,257.710,1789208879999,652262.57850,528,114.560,289951.36000,0
1789208880000,2530.99,2531.00,2530.99,2531.00,253.700,1789208939999,642113.53884,316,137.584,348225.10400,0
1789208940000,2531.00,2531.03,2530.99,2531.03,175.888,1789208999999,445172.86444,257,130.881,331260.00942,0
1789209000000,2531.02,2531.16,2531.02,2531.16,419.191,1789209059999,1061001.78796,392,283.759,718215.74895,0
1789209060000,2531.15,2531.16,2530.36,2530.50,1427.276,1789209119999,3612057.94415,1074,490.784,1241903.60992,0
1789209120000,2530.49,2530.50,2530.46,2530.47,180.073,1789209179999,455669.65909,488,44.771,113291.97624,0
1789209180000,2530.47,2530.47,2530.28,2530.29,241.028,1789209239999,609899.54281,485,6.962,17616.72156,0
1789209240000,2530.29,2530.29,2530.28,2530.28,254.588,1789209299999,644179.65947,321,73.483,185933.30007,0
1789209300000,2530.29,2530.39,2530.28,2530.39,519.996,1789209359999,1315750.30051,650,380.970,963975.59323,0
1789209360000,2530.38,2530.39,2530.38,2530.39,113.188,1789209419999,286408.84502,145,19.358,48983.28962,0
1789209420000,2530.38,2530.40,2530.29,2530.40,579.711,1789209479999,1466876.81045,621,259.041,655464.21884,0
1789209480000,2530.40,2530.64,2530.39,2530.64,320.128,1789209539999,810066.92985,378,275.881,698100.60344,0
1789209540000,2530.64,2531.16,2530.63,2531.15,372.157,1789209599999,941886.68447,437,353.581,894871.06743,0
1789209600000,2531.15,2531.94,2531.15,2531.72,1521.438,1789209659999,3851641.25275,1429,1228.635,3110305.58388,0
1789209660000,2531.72,2532.54,2531.51,2532.53,667.272,1789209719999,1689449.04437,1093,518.605,1313058.45974,0
1789209720000,2532.53,2532.54,2531.84,2531.84,571.202,1789209779999,1446476.25225,774,144.232,365269.80783,0
1789209780000,2531.85,2532.24,2531.84,2532.23,272.689,1789209839999,690472.66091,421,234.789,594502.90655,0
1789209840000,2532.22,2532.23,2532.22,2532.23,217.820,1789209899999,551569.28673,265,112.633,285212.66159,0
1789209900000,2532.23,2532.25,2532.20,2532.25,279.215,1789209959999,707033.91719,438,147.058,372383.88399,0
1789209960000,2532.25,2533.17,2532.25,2533.16,1098.212,1789210019999,2781480.38617,1031,997.275,2525841.23114,0
1789210020000,2533.16,2533.72,2532.62,2532.62,1116.479,1789210079999,2828460.94503,1204,534.960,1355249.47208,0
1789210080000,2532.62,2532.63,2531.64,2532.04,848.215,1789210139999,2147573.18595,1294,509.525,1290003.29924,0
1789210140000,2532.05,2532.38,2532.04,2532.36,206.910,1789210199999,523930.75726,495,161.168,408108.28423,0
1789210200000,2532.37,2532.37,2532.36,2532.37,75.062,1789210259999,190084.40717,181,40.085,101510.05145,0
1789210260000,2532.37,2532.37,2531.90,2531.90,458.656,1789210319999,1161362.39986,579,180.835,457861.72555,0
1789210320000,2531.91,2532.15,2530.76,2530.95,657.450,1789210379999,1664214.89339,1300,292.259,739737.85246,0
1789210380000,2530.96,2531.06,2530.95,2531.05,825.112,1789210439999,2088378.25939,472,211.462,535215.76739,0
1789210440000,2531.05,2531.06,2530.33,2530.33,516.958,1789210499999,1308249.92812,913,23.989,60706.07500,0
1789210500000,2530.33,2533.00,2530.33,2532.79,2075.110,1789210559999,5253707.77764,2369,1585.431,4013936.80602,0
1789210560000,2532.79,2532.79,2531.66,2531.67,289.795,1789210619999,733738.76175,787,83.211,210663.53219,0
1789210620000,2531.67,2532.26,2531.66,2532.26,536.224,1789210679999,1357607.69631,1001,425.158,1076414.24908,0
1789210680000,2532.26,2532.92,2531.98,2531.98,398.301,1789210739999,1008700.22306,1189,250.949,635525.31914,0
1789210740000,2531.98,2532.52,2531.98,2532.52,310.461,1789210799999,786138.92173,533,212.574,538272.71923,0
1789210800000,2532.52,2533.26,2532.51,2533.26,840.919,1789210859999,2130084.48890,956,670.377,1698099.36464,0
1789210860000,2533.26,2533.98,2533.26,2533.98,373.203,1789210919999,945619.90381,740,310.871,787673.84570,0
1789210920000,2533.98,2534.17,2531.81,2531.82,1881.267,1789210979999,4764978.96311,2566,751.722,1903671.54215,0
1789210980000,2531.82,2532.21,2531.81,2532.21,490.403,1789211039999,1241648.18186,729,419.778,1062837.19677,0
1789211040000,2532.22,2532.26,2531.50,2531.86,1690.331,1789211099999,4279743.25225,1484,439.811,1113468.97848,0
1789211100000,2531.86,2532.03,2531.86,2532.02,150.322,1789211159999,380612.72823,278,80.379,203515.65337,0
1789211160000,2532.03,2532.03,2532.02,2532.02,64.509,1789211219999,163338.13027,218,5.209,13189.34427,0
1789211220000,2532.02,2532.03,2530.61,2530.97,736.372,1789211279999,1863955.72612,1350,192.269,486609.05767,0
1789211280000,2530.97,2530.98,2530.53,2530.83,397.379,1789211339999,1005661.31052,749,139.392,352760.94601,0
1789211340000,2530.83,2530.84,2530.62,2530.65,463.126,1789211399999,1172040.83956,525,160.347,405787.78233,0
1789211400000,2530.65,2530.71,2530.06,2530.71,881.213,1789211459999,2229838.20541,1239,258.159,653241.63647,0
1789211460000,2530.70,2531.00,2530.70,2530.99,285.434,1789211519999,722382.16937,408,198.781,503076.47384,0
1789211520000,2531.00,2531.00,2530.99,2530.99,124.070,1789211579999,314020.46721,200,53.791,136145.02100,0
1789211580000,2531.00,2531.00,2530.99,2531.00,113.754,1789211639999,287910.95335,294,71.689,181444.85900,0
1789211640000,2530.99,2531.81,2530.99,2531.01,981.394,1789211699999,2484276.69269,1422,446.006,1128971.20646,0
1789211700000,2531.00,2531.15,2530.62,2530.63,250.672,1789211759999,634428.19678,630,113.616,287542.26669,0
1789211760000,2530.63,2530.68,2530.51,2530.68,237.983,1789211819999,602231.69601,453,193.229,488977.46359,0
1789211820000,2530.67,2530.89,2529.51,2530.58,1321.406,1789211879999,3343883.32252,1724,388.616,983399.30408,0
1789211880000,2530.57,2530.69,2530.08,2530.69,956.818,1789211939999,2421006.49120,949,758.160,1918305.91567,0
1789211940000,2530.68,2531.00,2530.36,2530.99,939.402,1789211999999,2377196.89632,839,739.391,1871048.12565,0
1789212000000,2530.99,2531.00,2530.99,2531.00,114.740,1789212059999,290406.12662,177,33.402,84540.46200,0
1789212060000,2531.00,2531.11,2531.00,2531.11,217.761,1789212119999,551165.03391,276,167.880,424911.23489,0
1789212120000,2531.11,2531.18,2531.09,2531.18,450.650,1789212179999,1140642.91902,502,129.791,328515.02387,0
1789212180000,2531.18,2531.36,2531.17,2531.36,123.361,1789212239999,312250.52554,284,111.860,283139.53937,0
1789212240000,2531.35,2531.50,2531.35,2531.50,126.511,1789212299999,320252.85861,218,96.885,245255.26168,0
1789212300000,2531.50,2531.50,2531.23,2531.24,671.743,1789212359999,1700430.24924,813,203.189,514329.29658,0
1789212360000,2531.24,2531.24,2531.23,2531.23,106.175,1789212419999,268753.55368,228,20.843,52758.63532,0
1789212420000,2531.24,2531.41,2531.11,2531.41,512.489,1789212479999,1297232.14633,824,267.338,676688.61932,0
1789212480000,2531.40,2532.00,2531.00,2531.99,927.106,1789212539999,2346870.12591,1180,752.461,1904778.66975,0
1789212540000,2531.99,2532.00,2531.74,2531.75,248.801,1789212599999,629936.65060,324,114.260,289295.78400,0
1789212600000,2531.75,2532.00,2531.74,2532.00,467.042,1789212659999,1182504.59203,475,119.966,303736.47687,0
1789212660000,2532.00,2532.09,2531.99,2532.08,312.353,1789212719999,790899.02788,465,145.904,369439.19211,0
1789212720000,2532.09,2534.00,2532.08,2534.00,933.274,1789212779999,2364039.33540,1580,810.878,2053971.06309,0
1789212780000,2534.00,2534.15,2533.99,2534.15,719.223,1789212839999,1822564.01870,491,587.236,1488101.22273,0
1789212840000,2534.15,2534.15,2533.03,2533.76,723.412,1789212899999,1832919.78641,1235,328.874,833244.67954,0
1789212900000,2533.77,2534.74,2533.76,2534.47,1069.922,1789212959999,2711634.67541,1133,743.692,1884790.71110,0
1789212960000,2534.48,2536.07,2533.88,2533.89,3043.085,1789213019999,7714962.93980,3001,2111.388,5352996.65512,0
1789213020000,2533.89,2534.00,2533.48,2534.00,548.430,1789213079999,1389548.95739,824,417.576,1057991.80852,0
1789213080000,2534.00,2534.12,2533.99,2534.12,72.578,1789213139999,183918.20996,242,45.047,114152.48203,0
1789213140000,2534.12,2534.50,2534.08,2534.09,790.499,1789213199999,2003346.01054,901,300.422,761320.01300,0
1789213200000,2534.09,2534.52,2533.90,2534.07,694.130,1789213259999,1759035.05672,1004,196.925,499029.93006,0
1789213260000,2534.07,2534.28,2534.06,2534.27,124.645,1789213319999,315874.97098,232,65.509,166009.23034,0
1789213320000,2534.28,2534.75,2534.27,2534.75,546.978,1789213379999,1386345.85286,638,217.458,551120.39430,0
1789213380000,2534.74,2536.07,2534.74,2535.89,1679.811,1789213439999,4258944.15868,1731,1186.525,3008242.61384,0
1789213440000,2535.89,2535.94,2535.06,2535.76,1158.244,1789213499999,2936850.21205,1337,631.558,1601316.76577,0
1789213500000,2535.76,2535.76,2535.47,2535.76,522.422,1789213559999,1324630.98093,693,373.597,947267.55815,0
1789213560000,2535.75,2536.00,2535.75,2535.93,684.885,1789213619999,1736790.23135,735,388.391,984913.38109,0
1789213620000,2535.94,2536.11,2534.76,2534.77,810.848,1789213679999,2056161.48889,1195,199.334,505471.94028,0
1789213680000,2534.77,2535.21,2534.76,2535.19,471.214,1789213739999,1194593.15007,464,106.914,271028.73982,0
1789213740000,2535.19,2535.19,2535.00,2535.00,253.935,1789213799999,643761.69549,454,149.561,379159.32301,0
1789213800000,2535.01,2535.02,2535.00,2535.02,212.906,1789213859999,539718.99660,235,67.592,171346.65293,0
1789213860000,2535.02,2535.19,2535.01,2535.08,205.362,1789213919999,520615.33764,465,139.056,352518.13281,0
1789213920000,2535.09,2535.18,2535.08,2535.17,237.936,1789213979999,603200.82580,344,167.635,424976.29368,0
1789213980000,2535.18,2535.18,2534.34,2534.59,982.288,1789214039999,2489610.20834,1075,520.439,1319006.19240,0
1789214040000,2534.59,2534.87,2534.58,2534.87,295.163,1789214099999,748150.50694,301,142.722,361769.70083,0
1789214100000,2534.86,2535.00,2534.64,2535.00,677.833,1789214159999,1718209.85274,660,416.365,1055426.38296,0
1789214160000,2535.00,2535.14,2535.00,2535.14,254.675,1789214219999,645618.94006,437,236.313,599068.88300,0
1789214220000,2535.13,2535.14,2534.47,2534.47,893.823,1789214279999,2265826.66453,678,57.334,145316.40175,0
1789214280000,2534.48,2535.07,2534.47,2535.07,435.486,1789214339999,1103823.75030,564,366.975,930180.03208,0
1789214340000,2535.07,2535.21,2535.06,2535.21,176.673,1789214399999,447895.50588,276,119.772,303643.10096,0
1789214400000,2535.21,2535.21,2534.78,2534.78,772.550,1789214459999,1958400.50540,904,326.470,827559.31433,0
1789214460000,2534.78,2534.78,2534.49,2534.49,445.603,1789214519999,1129397.50056,742,286.700,726646.80237,0
1789214520000,2534.50,2534.51,2533.70,2534.19,880.190,1789214579999,2230440.75147,1299,410.977,1041345.46262,0
1789214580000,2534.19,2534.20,2533.92,2534.00,346.096,1789214639999,877003.33267,561,156.375,396246.84921,0
1789214640000,2534.00,2534.01,2534.00,2534.00,167.192,1789214699999,423664.95843,302,43.043,109071.39243,0
1789214700000,2534.01,2535.00,2534.00,2534.11,912.774,1789214759999,2313619.30135,1671,643.853,1631947.64543,0
1789214760000,2534.10,2534.25,2534.10,2534.24,328.685,1789214819999,832953.19013,415,178.011,451116.61441,0
1789214820000,2534.25,2534.25,2534.24,2534.24,108.349,1789214879999,274582.63490,168,26.514,67193.10450,0
1789214880000,2534.25,2534.50,2534.24,2534.50,461.755,1789214939999,1170203.23234,435,327.962,831139.24177,0
1789214940000,2534.49,2534.50,2534.49,2534.49,55.539,1789214999999,140763.36437,116,32.426,82183.69700,0
1789215000000,2534.50,2534.50,2532.62,2532.68,1990.679,1789215059999,5043250.26251,2161,470.821,1192504.70670,0
1789215060000,2532.69,2533.00,2532.68,2532.99,362.293,1789215119999,917624.28946,540,225.549,571270.09767,0
1789215120000,2533.00,2533.10,2532.99,2533.09,261.206,1789215179999,661642.26808,434,167.633,424618.44801,0
1789215180000,2533.09,2533.46,2532.09,2532.60,4291.288,1789215239999,10869076.81759,3155,1483.791,3758163.52444,0
1789215240000,2532.60,2533.00,2532.59,2533.00,1382.500,1789215299999,3501531.42207,1031,605.207,1532818.63895,0
1789215300000,2532.99,2533.00,2531.88,2532.29,1466.498,1789215359999,3713712.70055,1600,255.050,645848.03186,0
1789215360000,2532.28,2533.98,2532.06,2533.34,1524.464,1789215419999,3861502.16822,1987,988.762,2504385.17848,0
1789215420000,2533.35,2533.42,2533.34,2533.42,144.094,1789215479999,365043.96079,288,113.480,287486.55858,0
1789215480000,2533.42,2533.42,2532.38,2532.47,845.509,1789215539999,2141518.35793,1468,282.849,716346.35731,0
1789215540000,2532.47,2532.48,2532.22,2532.24,610.950,1789215599999,1547076.85446,477,237.370,601077.83653,0
1789215600000,2532.24,2532.25,2532.24,2532.25,409.970,1789215659999,1038144.60395,293,217.115,549789.45875,0
1789215660000,2532.25,2532.69,2532.24,2532.69,633.296,1789215719999,1603790.41565,598,503.765,1275756.17536,0
1789215720000,2532.69,2532.69,2532.24,2532.24,389.409,1789215779999,986191.02264,645,102.762,260250.73489,0
1789215780000,2532.25,2532.50,2532.24,2532.49,236.971,1789215839999,600091.18940,497,192.539,487577.57369,0
1789215840000,2532.50,2532.50,2532.49,2532.49,107.653,1789215899999,272630.59752,271,45.155,114355.03750,0
1789215900000,2532.50,2533.12,2532.50,2533.11,372.746,1789215959999,944079.51508,685,336.161,851418.90532,0
1789215960000,2533.11,2533.12,2532.70,2532.70,385.055,1789216019999,975350.00669,596,83.522,211568.16377,0
1789216020000,2532.69,2532.69,2532.27,2532.65,491.490,1789216079999,1244671.53454,767,259.734,657740.09409,0
1789216080000,2532.65,2533.08,2532.65,2533.07,331.953,1789216139999,840741.81190,727,294.967,747068.84724,0
1789216140000,2533.08,2533.08,2532.55,2532.56,300.943,1789216199999,762280.06253,425,94.351,238988.35640,0
1789216200000,2532.55,2532.56,2532.55,2532.56,153.557,1789216259999,388891.42365,279,64.330,162919.58480,0
1789216260000,2532.56,2532.64,2532.55,2532.63,172.404,1789216319999,436626.25164,319,162.615,411834.57813,0
1789216320000,2532.63,2532.81,2532.63,2532.81,235.190,1789216379999,595672.39641,411,218.795,554148.44781,0
1789216380000,2532.81,2532.81,2532.80,2532.81,70.910,1789216439999,179601.14229,273,29.429,74538.06549,0
1789216440000,2532.81,2532.81,2532.01,2532.47,773.508,1789216499999,1958911.94093,1033,198.323,502219.29937,0
1789216500000,2532.47,2533.89,2532.46,2533.89,579.285,1789216559999,1467204.10990,1001,398.258,1008748.16590,0
1789216560000,2533.88,2533.89,2533.82,2533.83,418.369,1789216619999,1060085.14367,520,87.544,221822.51572,0
1789216620000,2533.83,2533.83,2533.44,2533.64,381.737,1789216679999,967212.03442,724,139.494,353438.46266,0
1789216680000,2533.64,2534.66,2533.63,2534.66,762.392,1789216739999,1932092.37991,907,664.481,1683949.71401,0
1789216740000,2534.66,2534.66,2534.23,2534.24,450.194,1789216799999,1141032.82743,664,124.175,314715.03985,0
1789216800000,2534.24,2534.36,2534.23,2534.36,139.658,1789216859999,353929.70712,270,118.486,300273.82964,0
1789216860000,2534.36,2534.98,2534.36,2534.96,493.964,1789216919999,1252054.41814,873,401.395,1017417.76309,0
1789216920000,2534.96,2535.21,2534.80,2534.80,893.506,1789216979999,2265097.71191,893,468.343,1187274.83725,0
1789216980000,2534.80,2534.80,2534.23,2534.23,232.014,1789217039999,588061.82328,502,57.303,145234.07424,0
1789217040000,2534.23,2534.23,2533.00,2533.36,634.847,1789217099999,1608466.75537,1518,232.423,588832.15513,0
1789217100000,2533.37,2533.59,2533.36,2533.58,384.675,1789217159999,974552.20647,387,349.667,885862.64155,0
1789217160000,2533.58,2533.59,2533.58,2533.59,94.493,1789217219999,239405.98060,214,40.566,102777.61194,0
1789217220000,2533.58,2535.13,2533.58,2534.59,825.414,1789217279999,2091960.02115,1545,574.857,1456826.93834,0
1789217280000,2534.60,2534.99,2534.59,2534.99,284.988,1789217339999,722378.34467,459,221.479,561388.97269,0
1789217340000,2534.99,2534.99,2534.39,2534.40,312.492,1789217399999,792090.69168,724,40.924,103729.01485,0
1789217400000,2534.39,2534.40,2534.09,2534.10,364.336,1789217459999,923319.67953,483,207.705,526381.61372,0
1789217460000,2534.10,2534.10,2532.69,2532.69,620.076,1789217519999,1570834.13973,1241,158.150,400630.48988,0
1789217520000,2532.69,2532.69,2531.74,2531.89,2559.262,1789217579999,6480371.50378,1668,954.820,2417635.30861,0
1789217580000,2531.89,2532.00,2530.72,2531.99,1626.723,1789217639999,4117575.78423,2001,788.503,1995911.57567,0
1789217640000,2532.00,2532.00,2531.45,2531.58,622.114,1789217699999,1574987.41405,780,260.220,658777.23457,0
1789217700000,2531.58,2532.36,2531.58,2531.90,985.883,1789217759999,2496227.12348,1339,652.757,1652767.54452,0
1789217760000,2531.89,2532.46,2531.89,2532.46,447.527,1789217819999,1133212.72152,773,260.178,658814.29152,0
1789217820000,2532.45,2533.10,2531.84,2532.43,1782.203,1789217879999,4513058.16378,2094,861.704,2182153.65831,0
1789217880000,2532.43,2533.31,2532.43,2533.30,692.415,1789217939999,1753755.46869,827,503.623,1275563.31806,0
1789217940000,2533.30,2534.44,2533.30,2534.39,1281.376,1789217999999,3246926.62955,1854,954.117,2417648.64999,0
1789218000000,2534.39,2534.40,2533.80,2534.23,1088.065,1789218059999,2757199.95889,1305,343.231,869721.83663,0
1789218060000,2534.22,2534.74,2533.86,2534.74,556.533,1789218119999,1410326.69585,1023,290.049,735043.91042,0
1789218120000,2534.75,2534.75,2532.34,2534.19,2009.809,1789218179999,5091911.22018,2311,767.774,1944807.05281,0
1789218180000,2534.20,2534.57,2534.19,2534.57,235.984,1789218239999,598106.57554,398,135.799,344181.70265,0
1789218240000,2534.56,2534.63,2534.37,2534.63,460.975,1789218299999,1168340.20752,747,258.337,654746.68694,0
1789218300000,2534.63,2534.63,2534.62,2534.63,195.042,1789218359999,494358.04865,335,69.461,176057.93443,0
1789218360000,2534.62,2534.63,2534.00,2534.33,985.670,1789218419999,2497995.08876,999,185.941,471208.87698,0
1789218420000,2534.34,2537.86,2534.18,2537.25,4547.669,1789218479999,11534088.70196,4998,3585.061,9092769.41492,0
1789218480000,2537.25,2544.66,2537.20,2540.88,18927.967,1789218539999,48100927.12285,15004,13636.426,34652090.25390,0
1789218540000,2540.88,2541.50,2538.56,2538.86,3960.789,1789218599999,10058967.61128,4301,2039.650,5179827.40152,0
1789218600000,2538.85,2539.75,2538.38,2539.66,2022.927,1789218659999,5136316.60088,2759,1057.347,2684587.70967,0
1789218660000,2539.66,2541.28,2539.04,2539.88,5695.935,1789218719999,14468420.92326,5456,3820.726,9705353.77572,0
1789218720000,2539.88,2542.80,2539.87,2542.57,3948.933,1789218779999,10036488.19151,4159,2137.603,5432630.40850,0
1789218780000,2542.56,2542.57,2538.50,2539.11,3532.665,1789218839999,8975723.68346,4115,1154.189,2932158.37982,0
1789218840000,2539.11,2539.72,2537.82,2538.01,2132.785,1789218899999,5414765.48437,3215,1139.831,2893720.56253,0
1789218900000,2538.00,2538.01,2537.60,2537.89,684.414,1789218959999,1736917.81225,932,284.603,722271.21450,0
1789218960000,2537.88,2539.69,2537.88,2539.62,2391.293,1789219019999,6071318.76821,2203,1786.068,4534796.43795,0
1789219020000,2539.62,2539.63,2536.62,2536.63,1075.650,1789219079999,2730099.79844,2080,259.617,659016.13261,0
1789219080000,2536.62,2537.13,2535.58,2535.76,1989.592,1789219139999,5046424.74007,2117,655.926,1663700.04631,0
1789219140000,2535.76,2539.30,2535.42,2538.19,5519.637,1789219199999,14004327.68074,4803,4201.850,10660549.73425,0
1789219200000,2538.20,2539.43,2538.19,2539.43,1199.623,1789219259999,3045581.25773,1553,776.755,1971992.59447,0
1789219260000,2539.43,2539.82,2538.83,2538.85,1332.294,1789219319999,3382790.35517,1557,783.094,1988244.93904,0
1789219320000,2538.85,2539.07,2538.59,2538.70,852.048,1789219379999,2163214.37735,883,163.181,414286.85145,0
1789219380000,2538.69,2539.55,2538.69,2539.38,733.607,1789219439999,1862794.07537,959,288.421,732332.55199,0
1789219440000,2539.38,2539.80,2539.33,2539.64,1217.931,1789219499999,3092966.46008,1051,805.907,2046603.99856,0
1789219500000,2539.65,2539.69,2538.89,2539.69,1242.508,1789219559999,3155123.65665,1481,677.947,1721528.96386,0
1789219560000,2539.69,2540.99,2537.63,2537.64,2751.619,1789219619999,6987852.00481,3401,822.893,2089664.20531,0
1789219620000,2537.64,2539.21,2537.63,2538.61,1064.416,1789219679999,2701688.65034,1656,674.561,1712085.49582,0
1789219680000,2538.61,2538.98,2538.41,2538.85,599.395,1789219739999,1521695.85714,1005,163.627,415405.69539,0
1789219740000,2538.85,2540.20,2538.85,2539.69,570.810,1789219799999,1449674.93294,1308,330.098,838262.51629,0
1789219800000,2539.69,2540.34,2539.17,2539.68,1438.210,1789219859999,3652885.65712,1964,852.173,2164414.73622,0
1789219860000,2539.67,2539.68,2537.28,2537.28,1731.680,1789219919999,4395717.81316,2671,831.022,2109457.58877,0
1789219920000,2537.28,2537.34,2536.60,2537.34,1527.587,1789219979999,3875495.60679,1825,588.957,1494169.98536,0
1789219980000,2537.33,2540.20,2537.33,2539.80,2048.714,1789220039999,5201156.20903,2756,1324.095,3361393.20783,0
1789220040000,2539.81,2539.81,2539.04,2539.67,618.251,1789220099999,1570022.60187,1040,388.510,986600.22344,0
1789220100000,2539.67,2539.68,2539.08,2539.34,206.853,1789220159999,525270.29183,734,46.573,118259.58785,0
1789220160000,2539.33,2539.34,2538.38,2538.39,269.076,1789220219999,683186.11166,908,45.335,115104.97209,0
1789220220000,2538.39,2538.39,2537.99,2538.30,993.814,1789220279999,2522549.79163,976,297.760,755761.01111,0
1789220280000,2538.31,2538.32,2537.61,2537.61,1708.273,1789220339999,4335494.90530,1120,178.036,451836.48087,0
1789220340000,2537.61,2537.99,2537.61,2537.99,314.506,1789220399999,798154.17597,474,258.299,655514.06422,0
1789220400000,2537.99,2538.32,2537.98,2538.32,1028.292,1789220459999,2609873.22297,845,848.077,2152461.28421,0
1789220460000,2538.31,2538.70,2538.31,2538.70,247.896,1789220519999,629282.36347,410,201.255,510876.91406,0
1789220520000,2538.70,2538.70,2538.00,2538.00,455.416,1789220579999,1155956.57404,816,58.012,147238.48526,0
1789220580000,2538.00,2538.01,2537.07,2537.07,1207.061,1789220639999,3063286.73823,1238,370.700,940770.11527,0
1789220640000,2537.08,2537.87,2537.08,2537.40,825.475,1789220699999,2094617.47056,1034,401.549,1018875.79676,0
1789220700000,2537.39,2537.58,2537.19,2537.57,942.779,1789220759999,2392151.89701,831,490.316,1244055.26205,0
1789220760000,2537.57,2537.57,2536.37,2537.42,2605.241,1789220819999,6609117.22298,2332,917.755,2328074.29714,0
1789220820000,2537.42,2538.14,2537.42,2538.14,316.809,1789220879999,804007.88135,525,220.626,559903.14598,0
1789220880000,2538.14,2538.14,2536.40,2536.66,1177.462,1789220939999,2987739.24986,1693,385.293,977743.86174,0
1789220940000,2536.66,2537.50,2536.66,2537.49,1622.416,1789220999999,4116366.60749,1798,1096.387,2781700.45108,0
1789221000000,2537.50,2537.50,2537.27,2537.28,249.933,1789221059999,634166.81038,526,142.689,362046.22711,0
1789221060000,2537.28,2537.71,2537.21,2537.71,512.022,1789221119999,1299187.38627,798,416.061,1055701.82551,0
1789221120000,2537.71,2539.44,2537.64,2538.60,3852.734,1789221179999,9780784.20000,2325,1734.513,4402939.24591,0
1789221180000,2538.60,2538.61,2538.60,2538.61,125.769,1789221239999,319278.10343,206,92.003,233559.73583,0
1789221240000,2538.61,2541.12,2538.12,2540.18,3635.631,1789221299999,9233327.59131,4096,2603.123,6610753.32956,0
1789221300000,2540.18,2542.03,2540.09,2541.96,4197.433,1789221359999,10666475.91645,3440,3222.823,8189727.27941,0
1789221360000,2541.96,2541.96,2540.86,2540.87,1244.128,1789221419999,3161787.55025,1388,821.961,2088870.29748,0
1789221420000,2540.87,2543.35,2540.85,2541.92,3157.777,1789221479999,8027657.61727,2937,1995.473,5072344.64812,0
1789221480000,2541.91,2543.93,2541.67,2542.88,9190.478,1789221539999,23370985.78604,8436,6851.467,17422620.96165,0
1789221540000,2542.88,2546.11,2542.45,2543.62,10567.665,1789221599999,26886152.89877,11517,7609.705,19361051.16260,0
1789221600000,2543.63,2544.40,2541.83,2542.01,3676.768,1789221659999,9350719.30908,4006,1528.802,3888234.70755,0
1789221660000,2542.01,2542.02,2541.25,2541.25,941.318,1789221719999,2392481.31568,1624,560.203,1423798.90279,0
1789221720000,2541.26,2541.58,2541.05,2541.05,725.126,1789221779999,1842821.35325,1348,328.458,834717.25472,0
1789221780000,2541.05,2541.73,2541.05,2541.38,656.136,1789221839999,1667530.05341,1193,359.707,914162.58320,0
1789221840000,2541.38,2542.00,2541.38,2541.99,437.066,1789221899999,1110790.89633,711,329.786,838143.05215,0
1789221900000,2542.00,2542.00,2541.38,2541.57,869.796,1789221959999,2210727.75118,1353,335.044,851557.29150,0
1789221960000,2541.57,2544.00,2541.57,2543.43,4842.248,1789222019999,12313461.78656,3920,2652.636,6745503.82951,0
1789222020000,2543.42,2543.99,2542.87,2542.87,1131.244,1789222079999,2877215.25646,1411,552.899,1406317.35207,0
1789222080000,2542.87,2542.88,2542.01,2542.18,736.418,1789222139999,1872183.54894,1137,236.139,600298.39397,0
1789222140000,2542.17,2542.38,2541.58,2541.86,454.963,1789222199999,1156565.87368,964,103.949,264249.70709,0
1789222200000,2541.86,2541.87,2540.88,2540.89,618.547,1789222259999,1571884.78258,1286,99.436,252711.95057,0
1789222260000,2540.88,2540.89,2540.24,2540.50,673.309,1789222319999,1710534.82333,909,174.942,444407.79494,0
1789222320000,2540.50,2540.51,2539.49,2540.23,1372.703,1789222379999,3486743.25418,2039,553.391,1405684.59465,0
1789222380000,2540.24,2540.24,2540.14,2540.14,377.941,1789222439999,960054.41204,522,74.287,188705.98777,0
1789222440000,2540.14,2540.20,2540.14,2540.20,257.359,1789222499999,653736.17679,368,115.162,292530.96796,0
1789222500000,2540.20,2540.35,2540.19,2540.34,270.605,1789222559999,687401.64413,483,127.911,324926.62936,0
1789222560000,2540.34,2540.90,2540.30,2540.89,659.519,1789222619999,1675514.69851,875,368.539,936272.84465,0
1789222620000,2540.90,2540.90,2540.79,2540.80,311.905,1789222679999,792501.84471,492,114.914,291979.02248,0
1789222680000,2540.79,2540.80,2539.84,2540.07,1269.467,1789222739999,3224750.74088,1272,117.842,299365.51110,0
1789222740000,2540.06,2540.07,2539.86,2539.86,381.623,1789222799999,969325.00781,495,48.597,123437.50545,0
1789222800000,2539.85,2541.38,2539.85,2541.14,831.054,1789222859999,2111277.56606,1373,598.426,1520267.58271,0
1789222860000,2541.14,2541.14,2540.61,2540.75,415.127,1789222919999,1054732.47376,737,116.602,296254.20460,0
1789222920000,2540.74,2542.55,2540.74,2540.76,1900.351,1789222979999,4830339.09023,2484,1170.011,2974072.93128,0
1789222980000,2540.75,2540.76,2540.34,2540.35,395.058,1789223039999,1003709.29375,495,233.288,592711.58426,0
1789223040000,2540.34,2540.34,2540.00,2540.07,466.486,1789223099999,1184919.34760,760,207.786,527786.56222,0
1789223100000,2540.08,2541.47,2540.07,2540.94,878.783,1789223159999,2232924.45058,1402,489.718,1244180.77870,0
1789223160000,2540.94,2541.29,2540.33,2540.34,454.993,1789223219999,1156032.68797,1176,358.520,910922.49981,0
1789223220000,2540.33,2542.00,2539.73,2541.99,1456.115,1789223279999,3699054.11234,1796,973.994,2474234.90799,0
1789223280000,2542.00,2542.00,2541.35,2541.35,414.817,1789223339999,1054421.11145,696,138.047,350900.50683,0
1789223340000,2541.35,2541.72,2541.34,2541.50,260.105,1789223399999,661072.34586,425,119.531,303792.27761,0
1789223400000,2541.51,2542.58,2541.10,2542.57,1423.444,1789223459999,3618185.16759,1877,1295.296,3292515.19678,0
1789223460000,2542.57,2542.60,2541.82,2542.00,1189.751,1789223519999,3024555.24103,1399,634.718,1613560.03176,0
1789223520000,2542.01,2542.41,2542.00,2542.41,453.359,1789223579999,1152554.00824,525,274.642,698214.81704,0
1789223580000,2542.40,2543.50,2541.80,2542.83,1165.094,1789223639999,2962344.93359,3320,688.590,1750804.87688,0
1789223640000,2542.83,2542.84,2539.74,2539.96,1569.270,1789223699999,3987770.40903,2316,388.205,986447.84970,0
1789223700000,2539.96,2540.78,2539.96,2540.07,585.364,1789223759999,1487065.15979,1194,135.182,343411.01741,0
1789223760000,2540.06,2540.74,2540.06,2540.73,291.301,1789223819999,739964.08743,510,105.070,266903.43235,0
1789223820000,2540.73,2542.01,2540.55,2542.00,1147.300,1789223879999,2915580.13539,1486,883.708,2245786.31307,0
1789223880000,2542.01,2542.68,2542.00,2542.00,650.671,1789223939999,1654258.36487,1051,434.730,1105267.79854,0
1789223940000,2542.00,2542.67,2541.24,2541.35,1374.645,1789223999999,3494128.01204,1563,269.045,683996.22201,0
1789224000000,2541.36,2543.19,2541.36,2541.94,1415.767,1789224059999,3599182.47192,2291,1067.628,2714059.26061,0
1789224060000,2541.94,2541.95,2541.00,2541.00,1044.215,1789224119999,2653804.74373,2555,310.608,789347.29123,0
1789224120000,2541.00,2541.01,2540.10,2540.10,719.481,1789224179999,1827813.43143,925,317.499,806575.51200,0
1789224180000,2540.10,2540.11,2540.00,2540.10,323.866,1789224239999,822636.75415,472,84.158,213765.53609,0
1789224240000,2540.11,2540.11,2538.05,2538.57,2055.302,1789224299999,5218627.63996,2346,351.919,893426.16735,0
1789224300000,2538.56,2538.68,2538.22,2538.22,1303.159,1789224359999,3307973.92971,1008,378.322,960317.49533,0
1789224360000,2538.22,2538.63,2538.21,2538.61,990.514,1789224419999,2514344.14228,903,551.407,1399677.17003,0
1789224420000,2538.61,2539.54,2538.42,2539.54,1100.297,1789224479999,2793621.12301,1274,581.622,1476736.58927,0
1789224480000,2539.54,2539.90,2539.53,2539.89,294.693,1789224539999,748447.89511,585,212.297,539178.69045,0
1789224540000,2539.90,2540.00,2539.84,2540.00,642.937,1789224599999,1632997.42191,483,408.229,1036856.61710,0
1789224600000,2540.00,2540.00,2538.83,2539.31,756.554,1789224659999,1921090.09696,1099,428.004,1086714.96155,0
1789224660000,2539.30,2539.79,2539.30,2539.61,606.075,1789224719999,1539133.88804,751,117.878,299359.52680,0
1789224720000,2539.60,2540.18,2539.60,2539.96,524.279,1789224779999,1331565.74997,790,392.996,998110.86210,0
1789224780000,2539.97,2540.83,2539.80,2540.07,821.899,1789224839999,2087798.59423,1336,604.829,1536368.14627,0
1789224840000,2540.07,2540.07,2539.61,2539.69,599.039,1789224899999,1521428.11745,826,313.452,796070.46757,0
1789224900000,2539.69,2540.00,2539.26,2539.26,361.517,1789224959999,918154.71161,780,86.123,218728.27948,0
1789224960000,2539.26,2539.26,2538.68,2538.78,811.222,1789225019999,2059532.55496,1086,424.265,1077094.95913,0
1789225020000,2538.78,2538.99,2538.33,2538.98,1125.134,1789225079999,2856276.74497,1047,486.272,1234498.81436,0
1789225080000,2538.98,2538.99,2538.77,2538.77,501.446,1789225139999,1273096.79277,379,259.663,659228.99640,0
1789225140000,2538.77,2539.00,2538.77,2538.99,962.985,1789225199999,2444842.56615,826,666.448,1691971.78865,0
1789225200000,2539.00,2539.42,2539.00,2539.34,476.989,1789225259999,1211201.11295,631,204.204,518511.10416,0
1789225260000,2539.34,2539.35,2538.67,2538.87,1206.777,1789225319999,3064131.33609,1222,242.771,616446.33043,0
1789225320000,2538.87,2539.22,2538.87,2539.18,338.203,1789225379999,858743.17527,782,126.475,321127.39530,0
1789225380000,2539.17,2539.46,2539.17,2539.45,255.597,1789225439999,649017.94468,558,163.015,413931.60637,0
1789225440000,2539.45,2539.83,2539.15,2539.15,710.670,1789225499999,1804811.99195,1041,397.493,1009458.46267,0
1789225500000,2539.15,2539.16,2539.04,2539.05,342.250,1789225559999,869001.41165,629,166.397,422493.17342,0
1789225560000,2539.05,2539.16,2538.60,2538.77,1179.629,1789225619999,2994912.36018,1403,398.107,1010738.78371,0
1789225620000,2538.77,2538.95,2538.77,2538.95,659.838,1789225679999,1675196.07821,627,435.664,1106060.57414,0
1789225680000,2538.95,2538.95,2537.63,2538.12,2011.607,1789225739999,5106384.88254,1799,390.494,991262.64958,0
1789225740000,2538.13,2538.13,2537.51,2537.58,1718.939,1789225799999,4362174.20724,1639,668.518,1696484.18023,0
1789225800000,2537.58,2537.65,2536.60,2537.51,2730.639,1789225859999,6928146.89549,2207,737.518,1871192.19457,0
1789225860000,2537.51,2537.52,2536.88,2537.07,1043.859,1789225919999,2648359.45054,1114,278.848,707428.31438,0
1789225920000,2537.07,2537.08,2536.66,2536.80,1477.650,1789225979999,3748568.67327,1161,395.183,1002484.39675,0
1789225980000,2536.80,2537.81,2536.36,2537.15,2105.904,1789226039999,5342429.56318,1940,1095.996,2780480.11422,0
1789226040000,2537.14,2539.92,2537.04,2539.16,2717.956,1789226099999,6899870.34909,2639,2040.392,5179579.76752,0
1789226100000,2539.16,2539.54,2538.08,2539.29,1351.055,1789226159999,3430063.72657,1868,780.542,1981560.22772,0
1789226160000,2539.29,2539.62,2538.71,2539.62,1065.272,1789226219999,2704884.45042,1169,727.813,1848003.07178,0
1789226220000,2539.61,2540.10,2539.53,2540.10,1098.625,1789226279999,2790214.48131,1320,767.255,1948629.48131,0
1789226280000,2540.09,2540.71,2540.09,2540.71,772.608,1789226339999,1962671.89021,742,680.371,1728361.12874,0
1789226340000,2540.71,2541.56,2539.08,2539.08,2050.663,1789226399999,5210201.44545,2547,865.066,2197880.80388,0
1789226400000,2539.09,2540.15,2539.09,2540.01,716.690,1789226459999,1819981.21801,1089,495.999,1259517.93532,0
1789226460000,2540.00,2540.01,2539.69,2539.69,413.609,1789226519999,1050559.25121,526,208.397,529323.20098,0
1789226520000,2539.69,2539.70,2539.40,2539.61,307.592,1789226579999,781159.87323,579,170.136,432075.12489,0
1789226580000,2539.62,2539.62,2539.11,2539.12,661.605,1789226639999,1679976.08767,670,200.350,508722.69256,0
1789226640000,2539.12,2539.66,2539.11,2539.19,1420.951,1789226699999,3608168.73702,859,1025.395,2603696.37990,0
1789226700000,2539.20,2539.20,2539.11,2539.12,347.402,1789226759999,882098.69846,471,35.730,90722.95312,0
1789226760000,2539.12,2541.24,2539.00,2540.12,2224.108,1789226819999,5649222.13772,2554,1225.745,3113156.59107,0
1789226820000,2540.12,2540.36,2539.75,2540.32,572.876,1789226879999,1455117.86160,961,297.330,755222.70325,0
1789226880000,2540.32,2540.33,2539.93,2539.94,506.330,1789226939999,1286202.05361,672,167.540,425603.82088,0
1789226940000,2539.94,2539.94,2539.00,2539.00,392.171,1789226999999,995938.85946,912,15.968,40549.75005,0
1789227000000,2539.00,2539.30,2539.00,2539.29,367.393,1789227059999,932852.37778,493,224.947,571170.47051,0
1789227060000,2539.30,2539.30,2539.29,2539.29,157.770,1789227119999,400624.74551,250,96.221,244333.98530,0
1789227120000,2539.29,2539.68,2539.29,2539.68,472.458,1789227179999,1199758.98927,638,334.385,849141.26093,0
1789227180000,2539.68,2539.68,2536.00,2536.86,6367.207,1789227239999,16154223.84744,4167,1410.934,3579181.70910,0
1789227240000,2536.86,2537.31,2536.85,2537.31,1233.083,1789227299999,3128425.44095,985,594.950,1509416.01368,0
1789227300000,2537.31,2537.31,2536.85,2536.91,720.073,1789227359999,1826904.98838,692,274.127,695459.29133,0
1789227360000,2536.90,2536.91,2536.39,2536.41,745.212,1789227419999,1890326.91732,917,144.717,367077.86570,0
1789227420000,2536.42,2536.42,2530.40,2532.61,14172.089,1789227479999,35897727.58960,9728,4996.410,12654223.83640,0
1789227480000,2532.61,2532.62,2530.71,2532.19,6075.400,1789227539999,15379261.65091,4237,2792.013,7067510.49597,0
1789227540000,2532.19,2534.86,2531.26,2534.55,4685.544,1789227599999,11870053.27827,4232,2853.137,7227931.58536,0
1789227600000,2534.56,2534.56,2532.89,2533.66,867.300,1789227659999,2197353.28545,1706,313.654,794578.09429,0
1789227660000,2533.66,2533.66,2533.27,2533.64,686.495,1789227719999,1739259.04321,757,349.451,885327.19284,0
1789227720000,2533.64,2535.18,2533.63,2534.89,1492.214,1789227779999,3782068.60129,2150,782.437,1983056.51328,0
1789227780000,2534.90,2534.94,2534.62,2534.62,559.937,1789227839999,1419373.51923,654,146.446,371224.33987,0
1789227840000,2534.63,2534.75,2534.01,2534.02,753.360,1789227899999,1909259.47785,952,342.004,866769.92669,0
1789227900000,2534.01,2534.58,2534.01,2534.58,372.022,1789227959999,942852.79006,597,279.175,707545.83069,0
1789227960000,2534.58,2534.79,2534.48,2534.68,687.540,1789228019999,1742680.31410,756,320.438,812175.63783,0
1789228020000,2534.69,2534.69,2532.13,2532.52,2176.487,1789228079999,5513491.14322,2331,672.611,1703531.12292,0
1789228080000,2532.52,2532.89,2531.17,2531.17,1683.737,1789228139999,4262991.79881,1779,475.392,1203490.35757,0
1789228140000,2531.18,2531.74,2531.05,2531.73,1361.403,1789228199999,3446095.49661,1255,527.882,1336227.46471,0
1789228200000,2531.74,2531.98,2531.73,2531.98,532.668,1789228259999,1348643.78618,669,296.262,750092.85659,0
1789228260000,2531.97,2532.57,2531.97,2532.09,1770.405,1789228319999,4483285.58383,1153,530.517,1343394.30661,0
1789228320000,2532.08,2532.39,2532.03,2532.34,1262.257,1789228379999,3196188.03360,979,503.562,1275108.40278,0
1789228380000,2532.34,2532.39,2532.26,2532.39,827.496,1789228439999,2095473.62321,739,274.832,695956.18992,0
1789228440000,2532.38,2532.58,2532.38,2532.45,1120.849,1789228499999,2838564.34772,716,336.693,852670.89910,0
1789228500000,2532.45,2532.45,2531.88,2532.18,1436.888,1789228559999,3638300.53183,949,489.996,1240693.39734,0
1789228560000,2532.18,2535.48,2532.18,2534.78,4437.065,1789228619999,11240314.64063,3156,3651.582,9250183.01120,0
1789228620000,2534.78,2534.79,2533.26,2533.27,629.077,1789228679999,1594206.35682,1184,290.484,736160.07676,0
1789228680000,2533.27,2535.17,2533.26,2535.17,1043.846,1789228739999,2645442.90644,1259,860.481,2180638.89302,0
1789228740000,2535.17,2535.17,2533.62,2534.00,884.811,1789228799999,2242356.97666,1320,240.003,608285.71317,0
1789228800000,2533.99,2534.12,2533.99,2534.11,225.335,1789228859999,571021.63219,411,132.409,335538.85185,0
1789228860000,2534.11,2535.00,2534.00,2534.98,1700.808,1789228919999,4310534.96896,1968,834.728,2115548.89000,0
1789228920000,2535.00,2535.29,2535.00,2535.26,511.703,1789228979999,1297279.36541,758,328.712,833347.51355,0
1789228980000,2535.27,2535.32,2534.97,2534.97,598.117,1789229039999,1516370.70916,757,222.924,565174.88140,0
1789229040000,2534.97,2534.98,2534.51,2534.63,714.112,1789229099999,1810076.51600,780,534.854,1355707.15165,0
1789229100000,2534.64,2534.85,2532.10,2533.23,2751.079,1789229159999,6969937.27395,3009,694.982,1760393.81680,0
1789229160000,2533.24,2533.24,2532.80,2532.84,760.203,1789229219999,1925644.19415,758,170.707,432390.49550,0
1789229220000,2532.84,2532.85,2531.38,2532.39,3087.675,1789229279999,7818323.90216,2427,664.355,1682002.99346,0
1789229280000,2532.39,2532.89,2532.38,2532.89,283.602,1789229339999,718209.94738,706,159.756,404576.89574,0
1789229340000,2532.88,2532.89,2532.56,2532.71,519.955,1789229399999,1316951.73477,588,112.736,285538.61166,0
1789229400000,2532.71,2532.84,2532.71,2532.83,170.590,1789229459999,432072.61970,433,74.881,189659.61059,0
1789229460000,2532.83,2533.37,2532.75,2532.97,807.702,1789229519999,2045965.62178,1257,436.545,1105813.09032,0
1789229520000,2532.96,2534.20,2532.96,2534.20,362.217,1789229579999,917762.56785,1124,281.289,712715.28518,0
1789229580000,2534.20,2534.21,2533.85,2534.06,414.507,1789229639999,1050400.97659,636,228.026,577835.94915,0
1789229640000,2534.06,2534.06,2534.05,2534.06,121.161,1789229699999,307028.51089,333,47.884,121340.92904,0
1789229700000,2534.06,2534.30,2533.85,2534.30,513.432,1789229759999,1301036.88736,831,359.053,909828.58700,0
1789229760000,2534.29,2534.30,2534.29,2534.29,141.539,1789229819999,358701.19553,427,32.322,81913.64460,0
1789229820000,2534.29,2534.29,2533.76,2533.77,404.018,1789229879999,1023784.41291,923,83.255,210968.22722,0
1789229880000,2533.76,2533.77,2533.40,2533.53,497.160,1789229939999,1259571.66704,634,89.989,227991.47166,0
1789229940000,2533.54,2533.54,2533.00,2533.01,427.485,1789229999999,1082935.42655,897,108.883,275824.27268,0
1789230000000,2533.01,2533.10,2533.00,2533.09,355.789,1789230059999,901221.14046,312,54.511,138077.59086,0
1789230060000,2533.09,2533.10,2532.56,2532.96,1463.784,1789230119999,3707681.24449,921,104.711,265206.65195,0
1789230120000,2532.96,2533.05,2532.96,2533.05,400.727,1789230179999,1015043.28839,465,247.772,627603.26663,0
1789230180000,2533.04,2533.05,2532.54,2532.54,299.821,1789230239999,759383.41654,481,14.135,35800.74444,0
1789230240000,2532.54,2532.55,2532.54,2532.54,203.551,1789230299999,515501.31793,305,26.839,67971.10945,0
1789230300000,2532.54,2532.55,2532.54,2532.54,177.711,1789230359999,450060.48804,586,27.210,68910.68550,0
1789230360000,2532.54,2532.55,2532.01,2532.01,639.589,1789230419999,1619575.11081,948,70.856,179413.94281,0
1789230420000,2532.01,2532.16,2532.01,2532.04,819.591,1789230479999,2075253.60184,844,69.963,177149.20044,0
1789230480000,2532.03,2532.04,2531.56,2531.59,1019.587,1789230539999,2581353.95372,1167,313.051,792576.50003,0
1789230540000,2531.58,2531.59,2531.36,2531.54,833.216,1789230599999,2109264.40816,934,249.495,631575.96494,0
1789230600000,2531.55,2531.78,2531.37,2531.71,1170.135,1789230659999,2962334.05239,1228,489.245,1238573.57045,0
1789230660000,2531.71,2531.95,2531.70,2531.73,743.913,1789230719999,1883449.46964,818,223.309,565376.66824,0
1789230720000,2531.74,2531.74,2531.17,2531.18,1018.753,1789230779999,2578876.51282,1344,264.218,668817.11291,0
1789230780000,2531.18,2531.64,2531.16,2531.50,1166.365,1789230839999,2952655.61854,1033,567.019,1435400.27340,0
1789230840000,2531.50,2531.96,2531.49,2531.95,532.813,1789230899999,1348915.78664,526,265.894,673166.28990,0
1789230900000,2531.96,2531.96,2531.56,2531.57,360.839,1789230959999,913594.53805,703,30.560,77373.67217,0
1789230960000,2531.56,2531.57,2529.18,2530.77,5316.463,1789231019999,13452334.65373,4430,2185.812,5531180.96671,0
1789231020000,2530.77,2531.03,2530.61,2531.02,662.981,1789231079999,1677902.26513,723,365.811,925806.63705,0
1789231080000,2531.03,2531.04,2531.02,2531.03,469.728,1789231139999,1188896.10879,408,155.536,393667.09354,0
1789231140000,2531.04,2531.04,2530.15,2530.76,831.648,1789231199999,2104443.31878,1213,515.072,1303338.94574,0
1789231200000,2530.75,2531.49,2530.75,2531.48,596.623,1789231259999,1510043.28638,1132,423.505,1071869.51136,0
1789231260000,2531.49,2531.49,2531.48,2531.49,146.302,1789231319999,370360.91302,300,32.606,82541.76294,0
1789231320000,2531.49,2531.49,2530.15,2530.15,522.612,1789231379999,1322769.59256,1046,114.740,290445.87354,0
1789231380000,2530.15,2530.16,2530.01,2530.16,475.484,1789231439999,1203018.73474,694,136.623,345673.46418,0
1789231440000,2530.16,2530.20,2529.51,2529.53,687.066,1789231499999,1738317.40583,856,125.938,318629.47174,0
1789231500000,2529.52,2529.98,2529.29,2529.97,1461.499,1789231559999,3696996.17911,1300,600.450,1518897.44769,0
1789231560000,2529.98,2530.28,2529.97,2530.27,339.154,1789231619999,858120.04643,512,196.059,496065.47542,0
1789231620000,2530.28,2530.32,2530.27,2530.32,159.605,1789231679999,403850.02917,278,46.947,118790.44539,0
1789231680000,2530.31,2530.32,2529.27,2529.27,1286.201,1789231739999,3253935.28170,1467,339.516,858882.87992,0
1789231740000,2529.27,2530.29,2529.18,2529.83,1574.935,1789231799999,3983795.15003,1577,976.194,2469255.55566,0
1789231800000,2529.84,2529.84,2529.67,2529.67,382.314,1789231859999,967159.06015,705,187.083,473274.26696,0
1789231860000,2529.67,2529.84,2529.67,2529.84,247.311,1789231919999,625649.31278,325,127.024,321344.23226,0
1789231920000,2529.83,2530.58,2529.83,2530.57,922.828,1789231979999,2334848.39132,1041,511.079,1293078.98604,0
1789231980000,2530.58,2530.80,2530.53,2530.80,507.359,1789232039999,1283958.44364,595,178.557,451877.03694,0
1789232040000,2530.80,2530.81,2530.79,2530.81,321.625,1789232099999,813968.98471,330,174.104,440623.42069,0
1789232100000,2530.81,2530.88,2530.80,2530.80,436.563,1789232159999,1104880.87976,578,174.503,441642.57707,0
1789232160000,2530.80,2531.08,2530.80,2531.08,602.504,1789232219999,1524948.28298,603,512.689,1297624.73196,0
1789232220000,2531.07,2531.99,2529.83,2529.95,1904.006,1789232279999,4819046.62355,2660,966.443,2446124.04642,0
1789232280000,2529.95,2531.29,2529.95,2530.37,1567.917,1789232339999,3968024.62035,2102,615.819,1558471.88833,0
1789232340000,2530.38,2530.69,2529.80,2530.69,751.644,1789232399999,1901894.57393,1084,347.569,879495.54239,0
1789232400000,2530.68,2531.66,2530.68,2531.65,1181.834,1789232459999,2991453.16785,1519,803.031,2032660.99873,0
1789232460000,2531.65,2532.17,2531.60,2531.60,1134.064,1789232519999,2871349.67790,1438,737.801,1868011.04722,0
1789232520000,2531.61,2531.61,2530.83,2530.90,549.089,1789232579999,1389732.87194,991,98.549,249426.60863,0
1789232580000,2530.91,2530.91,2530.04,2530.04,387.877,1789232639999,981599.34262,969,70.903,179438.14054,0
1789232640000,2530.05,2532.35,2530.04,2531.55,2013.937,1789232699999,5097405.23271,2539,1336.833,3383476.64810,0
1789232700000,2531.54,2531.81,2531.51,2531.80,290.198,1789232759999,734650.29500,540,228.719,579014.71096,0
1789232760000,2531.81,2531.96,2531.51,2531.72,400.950,1789232819999,1015113.54284,945,238.512,603854.64376,0
1789232820000,2531.72,2531.82,2531.71,2531.82,163.705,1789232879999,414467.22529,342,93.256,236105.68170,0
1789232880000,2531.82,2532.02,2531.81,2532.01,661.897,1789232939999,1675900.45573,824,349.632,885265.20544,0
1789232940000,2532.00,2532.51,2532.00,2532.17,847.411,1789232999999,2145878.60211,1077,577.479,1462315.50722,0
1789233000000,2532.17,2533.92,2532.17,2533.50,2219.707,1789233059999,5622654.67265,2161,1816.471,4601197.14774,0
1789233060000,2533.50,2533.50,2529.86,2529.93,2192.397,1789233119999,5551759.04578,2802,566.343,1434441.97531,0
1789233120000,2529.93,2531.25,2529.92,2531.25,621.268,1789233179999,1572255.35499,1071,357.888,905615.54597,0
1789233180000,2531.24,2531.25,2529.77,2530.32,1134.288,1789233239999,2870461.30681,1549,136.732,345994.94125,0
1789233240000,2530.32,2530.69,2529.70,2530.69,759.078,1789233299999,1920627.29552,1090,75.035,189858.14205,0
1789233300000,2530.69,2533.12,2530.68,2531.48,4442.436,1789233359999,11248655.13017,3601,3465.797,8775703.77796,0
1789233360000,2531.49,2531.49,2531.00,2531.19,247.001,1789233419999,625192.42514,677,147.471,373265.83430,0
1789233420000,2531.20,2531.20,2529.18,2529.80,828.610,1789233479999,2096194.45338,1767,98.120,248195.22705,0
1789233480000,2529.80,2530.28,2529.49,2529.62,865.721,1789233539999,2190135.42868,1345,313.130,792189.54662,0
1789233540000,2529.62,2529.80,2529.61,2529.63,315.816,1789233599999,798934.70656,570,71.702,181386.43031,0
1789233600000,2529.62,2529.63,2529.44,2529.48,361.710,1789233659999,914935.73545,689,72.989,184623.13779,0
1789233660000,2529.48,2529.49,2526.14,2526.85,9128.290,1789233719999,23073973.93033,6398,2521.141,6373468.19328,0
1789233720000,2526.85,2527.61,2526.64,2527.61,1274.308,1789233779999,3220386.40320,1394,766.487,1937031.51362,0
1789233780000,2527.61,2528.20,2526.93,2527.80,2081.630,1789233839999,5261255.08755,2240,545.970,1380012.80515,0
1789233840000,2527.80,2527.81,2526.14,2526.99,2013.182,1789233899999,5086908.68618,2805,673.516,1701756.72639,0
1789233900000,2527.00,2527.49,2526.80,2526.80,746.543,1789233959999,1886655.98966,1464,115.371,291562.96027,0
1789233960000,2526.81,2527.12,2526.29,2526.30,1209.810,1789234019999,3056866.33749,1377,403.786,1020277.78548,0
1789234020000,2526.29,2526.97,2526.15,2526.97,605.214,1789234079999,1529061.38248,847,273.631,691344.00769,0
1789234080000,2526.96,2527.10,2526.96,2527.09,229.038,1789234139999,578797.91990,337,61.310,154935.51638,0
1789234140000,2527.09,2527.54,2526.40,2526.68,1097.311,1789234199999,2773164.00660,1608,406.558,1027460.20910,0
1789234200000,2526.67,2527.08,2526.57,2526.66,649.193,1789234259999,1640267.27382,871,362.172,915063.61971,0
1789234260000,2526.66,2526.67,2526.58,2526.58,723.423,1789234319999,1827808.82557,650,414.844,1048145.96105,0
1789234320000,2526.59,2526.59,2523.51,2525.37,5540.947,1789234379999,13990871.93302,5677,1813.732,4579348.34015,0
1789234380000,2525.37,2525.37,2524.96,2524.99,683.205,1789234439999,1725144.09172,867,172.732,436153.75979,0
1789234440000,2525.00,2525.86,2524.99,2525.85,389.036,1789234499999,982562.73918,821,201.005,507660.94752,0
1789234500000,2525.86,2526.00,2525.85,2526.00,314.480,1789234559999,794351.00556,460,185.037,467391.69665,0
1789234560000,2526.00,2526.30,2525.13,2525.40,998.691,1789234619999,2522648.81766,1471,335.755,848120.29310,0
1789234620000,2525.41,2525.57,2524.77,2524.99,1228.831,1789234679999,3103068.20988,1619,299.734,756843.93950,0
1789234680000,2525.00,2525.15,2524.50,2524.51,1050.884,1789234739999,2653456.64759,946,587.700,1483958.39330,0
1789234740000,2524.51,2524.51,2523.86,2524.00,1758.092,1789234799999,4437692.38530,1689,737.904,1862492.05499,0
1789234800000,2524.00,2524.51,2523.74,2524.32,1703.040,1789234859999,4298598.19211,1864,627.679,1584289.75207,0
1789234860000,2524.32,2524.73,2523.99,2524.73,890.750,1789234919999,2248416.84328,831,667.750,1685493.59872,0
1789234920000,2524.72,2525.76,2524.72,2525.76,512.575,1789234979999,1294417.21746,747,444.425,1122311.87500,0
1789234980000,2525.76,2525.86,2525.75,2525.86,408.445,1789235039999,1031651.04747,370,283.312,715590.17306,0
1789235040000,2525.86,2525.86,2525.85,2525.86,212.348,1789235099999,536360.51896,272,132.316,334211.69176,0
1789235100000,2525.86,2525.86,2525.19,2525.19,965.853,1789235159999,2439465.91440,1116,153.685,388149.62481,0
1789235160000,2525.20,2525.21,2524.99,2525.00,695.074,1789235219999,1755173.29947,646,276.321,697757.59015,0
1789235220000,2524.99,2525.50,2524.99,2525.22,591.989,1789235279999,1494940.20368,713,341.358,862008.29735,0
1789235280000,2525.21,2525.32,2524.39,2524.66,543.998,1789235339999,1373597.51688,1090,66.382,167629.69276,0
1789235340000,2524.66,2524.89,2524.49,2524.64,1297.981,1789235399999,3277005.88294,1069,491.045,1239705.75793,0
1789235400000,2524.65,2524.88,2524.64,2524.88,467.957,1789235459999,1181507.14997,529,284.628,718630.89401,0
1789235460000,2524.88,2524.89,2524.48,2524.85,563.224,1789235519999,1422011.82537,660,204.174,515483.64887,0
1789235520000,2524.85,2524.85,2524.05,2524.09,488.117,1789235579999,1232200.31312,820,127.853,322736.62062,0
1789235580000,2524.09,2524.65,2524.08,2524.65,391.742,1789235639999,988871.09427,613,192.993,487162.66103,0
1789235640000,2524.65,2524.93,2524.64,2524.92,201.909,1789235699999,509783.42530,415,124.291,313813.93750,0
1789235700000,2524.93,2525.44,2524.92,2525.43,669.168,1789235759999,1689683.31414,791,390.922,987116.36279,0
1789235760000,2525.43,2525.44,2525.01,2525.09,709.995,1789235819999,1792858.24970,586,305.319,770943.93239,0
1789235820000,2525.09,2525.32,2524.80,2524.80,748.293,1789235879999,1889474.57301,783,122.268,308731.93460,0
1789235880000,2524.81,2525.01,2524.46,2525.01,705.087,1789235939999,1780197.87024,912,213.322,538592.04920,0
1789235940000,2525.00,2525.00,2524.93,2524.93,232.197,1789235999999,586284.91295,277,124.125,313408.17750,0
1789236000000,2524.94,2524.94,2524.00,2524.73,866.235,1789236059999,2186781.05267,1267,259.531,655108.58631,0
1789236060000,2524.74,2524.74,2524.00,2524.42,783.985,1789236119999,1979015.35975,1352,285.474,720572.55894,0
1789236120000,2524.41,2524.42,2524.00,2524.00,278.689,1789236179999,703479.26584,806,39.905,100731.34994,0
1789236180000,2524.00,2524.01,2523.54,2523.54,463.195,1789236239999,1168948.81958,911,49.195,124151.02797,0
1789236240000,2523.54,2523.55,2523.17,2523.19,852.183,1789236299999,2150312.01156,1421,210.115,530180.06429,0
1789236300000,2523.18,2526.89,2523.17,2526.51,3281.055,1789236359999,8285110.63499,3454,2861.912,7227348.21605,0
1789236360000,2526.50,2526.50,2524.84,2524.86,1119.715,1789236419999,2827783.11456,1478,296.020,747422.08478,0
1789236420000,2524.86,2525.54,2524.85,2525.53,456.262,1789236479999,1152249.07773,772,373.360,942879.14339,0
1789236480000,2525.53,2525.96,2525.53,2525.95,581.791,1789236539999,1469491.49982,888,519.987,1313382.32008,0
1789236540000,2525.95,2525.95,2524.91,2524.92,314.135,1789236599999,793289.27562,1060,71.063,179432.82707,0
1789236600000,2524.92,2524.92,2522.00,2524.29,5943.814,1789236659999,14997430.36728,5470,1849.794,4667288.58733,0
1789236660000,2524.29,2524.88,2523.48,2523.49,1149.831,1789236719999,2902435.39826,1971,631.719,1594579.42499,0
1789236720000,2523.49,2524.19,2523.48,2524.18,383.453,1789236779999,967789.16965,767,173.521,437948.19814,0
1789236780000,2524.18,2524.47,2524.18,2524.41,538.291,1789236839999,1358850.52285,897,191.168,482579.64768,0
1789236840000,2524.40,2524.69,2522.94,2522.95,968.221,1789236899999,2443590.55991,1736,198.947,502200.86964,0
1789236900000,2522.94,2523.54,2522.41,2523.53,1228.626,1789236959999,3099793.29364,1641,788.258,1988765.15143,0
1789236960000,2523.53,2524.58,2523.45,2524.57,1207.637,1789237019999,3048000.95395,1437,730.815,1844581.05943,0
1789237020000,2524.58,2524.58,2521.66,2522.18,2481.553,1789237079999,6259877.11962,3280,573.847,1447283.02752,0
1789237080000,2522.19,2522.24,2521.23,2521.83,1821.686,1789237139999,4593938.90280,2145,636.734,1605650.43493,0
1789237140000,2521.82,2522.68,2521.82,2522.68,881.621,1789237199999,2223462.19303,1113,391.816,988171.18221,0
1789237200000,2522.68,2523.84,2522.67,2523.84,521.376,1789237259999,1315580.50033,815,462.446,1166871.80100,0
1789237260000,2523.83,2523.84,2523.66,2523.67,457.114,1789237319999,1153648.18205,639,176.636,445788.10869,0
1789237320000,2523.67,2523.67,2523.66,2523.67,190.625,1789237379999,481074.03731,450,134.981,340647.50027,0
1789237380000,2523.67,2525.54,2523.66,2525.13,1709.880,1789237439999,4316503.97653,2162,1377.564,3477558.95433,0
1789237440000,2525.13,2526.36,2524.99,2525.66,2099.601,1789237499999,5302717.41445,2408,1197.230,3023623.26892,0
1789237500000,2525.66,2526.07,2524.70,2524.83,792.017,1789237559999,2000225.44944,1644,287.681,726552.95685,0
1789237560000,2524.84,2524.84,2524.32,2524.33,111.063,1789237619999,280400.22857,473,34.612,87387.61684,0
1789237620000,2524.33,2524.33,2522.91,2522.91,890.090,1789237679999,2246157.27326,1542,283.453,715304.30252,0
1789237680000,2522.92,2524.23,2522.91,2524.23,704.951,1789237739999,1778894.78445,1044,617.226,1557506.71008,0
1789237740000,2524.22,2524.22,2523.27,2523.88,2250.249,1789237799999,5678954.00243,1993,636.378,1605907.00392,0
1789237800000,2523.87,2524.92,2522.20,2522.88,2735.242,1789237859999,6902751.16799,3148,756.185,1908306.74407,0
1789237860000,2522.88,2522.89,2522.72,2522.85,457.671,1789237919999,1154604.79112,714,311.248,785200.57439,0
1789237920000,2522.85,2523.18,2522.85,2523.18,215.616,1789237979999,544030.43468,433,174.585,440504.63521,0
1789237980000,2523.18,2523.18,2523.16,2523.17,234.272,1789238039999,591108.60925,450,112.514,283892.65075,0
1789238040000,2523.16,2523.17,2522.90,2522.91,286.334,1789238099999,722438.11613,536,84.621,213505.12956,0
1789238100000,2522.91,2522.91,2521.67,2521.72,1907.613,1789238159999,4811321.77517,2311,418.396,1055220.80079,0
1789238160000,2521.73,2521.73,2520.32,2520.80,2869.952,1789238219999,7234816.04647,2661,1026.282,2586885.36510,0
1789238220000,2520.79,2523.40,2520.16,2523.40,5102.501,1789238279999,12866924.22135,4565,2831.882,7141449.08647,0
1789238280000,2523.39,2524.73,2523.39,2524.00,2414.709,1789238339999,6095171.43182,2860,1438.713,3631453.01127,0
1789238340000,2524.00,2524.95,2523.92,2524.39,3182.717,1789238399999,8034412.04051,2718,2550.102,6437366.20144,0
1789238400000,2524.40,2524.40,2523.92,2523.92,663.448,1789238459999,1674536.28815,702,243.461,614496.72310,0
1789238460000,2523.93,2523.93,2522.64,2522.64,678.213,1789238519999,1711410.94226,946,48.894,123365.11289,0
1789238520000,2522.65,2522.85,2522.64,2522.83,307.926,1789238579999,776818.75197,547,199.164,502433.00946,0
1789238580000,2522.82,2523.37,2522.82,2523.12,333.450,1789238639999,841350.91696,744,156.731,395455.18299,0
1789238640000,2523.12,2523.13,2523.12,2523.13,126.035,1789238699999,318002.10357,473,67.437,170152.31781,0
1789238700000,2523.12,2523.25,2523.12,2523.18,474.968,1789238759999,1198423.59730,571,271.400,684779.41566,0
1789238760000,2523.19,2523.19,2523.18,2523.19,179.657,1789238819999,453308.07711,339,112.785,284577.98415,0
1789238820000,2523.19,2523.19,2523.18,2523.19,173.106,1789238879999,436778.62698,417,102.990,259863.33810,0
1789238880000,2523.19,2523.19,2523.18,2523.19,125.336,1789238939999,316245.64755,407,35.907,90600.18333,0
1789238940000,2523.19,2523.19,2522.38,2522.39,636.247,1789238999999,1605248.82511,849,71.113,179417.14381,0
1789239000000,2522.38,2522.39,2522.08,2522.09,189.940,1789239059999,479090.96316,366,9.017,22743.95079,0
1789239060000,2522.08,2522.09,2522.08,2522.08,145.995,1789239119999,368211.60598,273,53.638,135279.86342,0
1789239120000,2522.08,2522.09,2521.61,2521.79,671.007,1789239179999,1692111.81945,866,280.087,706281.78271,0
1789239180000,2521.80,2521.80,2518.48,2519.88,7212.341,1789239239999,18174673.31716,5420,1419.271,3576325.45612,0
1789239240000,2519.88,2520.73,2519.87,2520.70,3044.042,1789239299999,7671354.71761,986,2673.802,6738209.57211,0
1789239300000,2520.70,2520.70,2520.69,2520.70,219.902,1789239359999,554306.26353,344,149.115,375874.18050,0
1789239360000,2520.69,2521.51,2520.69,2521.42,329.939,1789239419999,831808.53191,848,180.337,454640.07711,0
1789239420000,2521.41,2521.42,2521.41,2521.41,225.256,1789239479999,567963.40586,391,67.490,170170.63580,0
1789239480000,2521.41,2521.42,2520.84,2521.41,435.076,1789239539999,1096900.42175,1154,177.174,446682.90670,0
1789239540000,2521.41,2521.58,2521.09,2521.58,628.650,1789239599999,1585106.28002,1015,142.423,359096.38381,0
1789239600000,2521.57,2521.58,2520.50,2520.93,1127.454,1789239659999,2842294.77604,1437,416.261,1049352.17585,0
1789239660000,2520.92,2521.14,2520.92,2521.13,202.427,1789239719999,510330.96523,409,67.740,170773.19482,0
1789239720000,2521.13,2521.14,2520.60,2520.61,641.439,1789239779999,1617070.47732,990,121.833,307143.01178,0
1789239780000,2520.60,2520.99,2519.58,2520.99,1321.164,1789239839999,3329539.93684,1858,653.099,1645978.50121,0
1789239840000,2520.99,2520.99,2520.30,2520.35,438.127,1789239899999,1104473.07133,822,151.413,381710.26874,0
1789239900000,2520.35,2520.36,2520.03,2520.32,354.502,1789239959999,893431.84371,673,203.857,513770.59550,0
1789239960000,2520.31,2521.07,2520.31,2521.07,352.978,1789240019999,889715.69405,754,208.920,526592.73950,0
1789240020000,2521.07,2521.91,2521.06,2521.91,537.214,1789240079999,1354534.80624,759,412.738,1040671.42883,0
1789240080000,2521.91,2522.04,2519.54,2520.30,3550.539,1789240139999,8950523.25588,2227,851.916,2147213.00449,0
1789240140000,2520.31,2520.44,2520.30,2520.44,226.422,1789240199999,570668.69113,341,155.269,391333.03181,0
1789240200000,2520.43,2520.44,2517.58,2518.49,5472.934,1789240259999,13785074.75185,4514,776.606,1956046.81692,0
1789240260000,2518.49,2520.51,2518.48,2520.51,2086.308,1789240319999,5256360.36774,2603,920.583,2319495.72554,0
1789240320000,2520.51,2520.74,2519.87,2520.06,628.150,1789240379999,1583121.21449,1060,150.137,378371.50994,0
1789240380000,2520.06,2520.06,2519.22,2519.48,678.080,1789240439999,1708535.39752,1034,271.977,685264.06796,0
1789240440000,2519.48,2522.10,2519.43,2521.49,2593.251,1789240499999,6537582.78347,3074,2017.164,5084949.12813,0
1789240500000,2521.50,2521.50,2520.00,2520.03,1567.670,1789240559999,3951543.03647,1494,298.149,751440.47347,0
1789240560000,2520.03,2520.27,2519.53,2519.53,433.100,1789240619999,1091406.90613,701,210.894,531459.89282,0
1789240620000,2519.54,2519.79,2519.31,2519.70,533.294,1789240679999,1343665.58839,846,375.391,945818.30359,0
1789240680000,2519.70,2520.58,2519.69,2520.58,482.505,1789240739999,1216053.43992,789,300.091,756282.18962,0
1789240740000,2520.57,2520.92,2520.53,2520.70,520.547,1789240799999,1312179.72212,785,152.166,383564.26743,0
1789240800000,2520.71,2520.71,2518.53,2519.10,1734.651,1789240859999,4370583.87035,2010,391.211,985420.04278,0
1789240860000,2519.10,2519.29,2518.92,2518.92,683.402,1789240919999,1721566.74371,888,294.847,742741.38222,0
1789240920000,2518.93,2519.25,2518.92,2519.25,492.477,1789240979999,1240582.88212,460,327.389,824701.48747,0
1789240980000,2519.24,2519.25,2519.23,2519.24,285.613,1789241039999,719527.37534,349,134.167,337999.38102,0
1789241040000,2519.23,2519.24,2519.20,2519.20,309.023,1789241099999,778499.65001,606,165.980,418143.17447,0
1789241100000,2519.20,2519.20,2518.28,2518.29,438.670,1789241159999,1104881.58849,806,77.626,195513.16507,0
1789241160000,2518.28,2518.29,2518.24,2518.24,409.567,1789241219999,1031397.96470,502,158.875,400089.57534,0
1789241220000,2518.25,2520.62,2518.24,2520.30,2408.629,1789241279999,6068619.98720,2278,1847.325,4654026.60508,0
1789241280000,2520.29,2520.30,2519.41,2520.01,700.997,1789241339999,1766424.22281,1067,370.989,934798.73069,0
1789241340000,2520.02,2520.02,2518.62,2518.62,438.817,1789241399999,1105511.66060,883,118.232,297857.22808,0
1789241400000,2518.62,2518.69,2518.50,2518.69,346.778,1789241459999,873386.07344,799,202.495,509998.36552,0
1789241460000,2518.69,2519.06,2518.69,2519.01,331.629,1789241519999,835332.76343,622,164.037,413185.36547,0
1789241520000,2519.01,2519.09,2518.74,2518.78,1450.476,1789241579999,3653723.32896,708,388.267,978026.16187,0
1789241580000,2518.79,2519.23,2516.68,2518.62,5307.838,1789241639999,13363813.82573,5023,2297.740,5784818.42446,0
1789241640000,2518.63,2519.25,2518.62,2519.25,540.196,1789241699999,1360615.49269,828,291.865,735150.90950,0
1789241700000,2519.24,2519.25,2518.04,2518.05,914.322,1789241759999,2303050.33863,1158,161.273,406200.42628,0
1789241760000,2518.05,2518.05,2517.72,2517.72,460.598,1789241819999,1159676.13751,558,291.679,734376.74393,0
1789241820000,2517.73,2517.73,2515.65,2516.56,3434.884,1789241879999,8644132.31191,2809,709.021,1784052.52188,0
1789241880000,2516.56,2516.56,2515.24,2515.35,1246.709,1789241939999,3136345.72614,1547,316.455,796062.56550,0
1789241940000,2515.36,2515.53,2514.26,2514.45,2373.169,1789241999999,5968367.91514,2402,631.110,1587278.45331,0
1789242000000,2514.46,2516.40,2514.40,2515.73,3250.973,1789242059999,8178357.51826,2857,1593.015,4007014.08404,0
1789242060000,2515.74,2515.95,2513.51,2514.31,2180.360,1789242119999,5482504.82065,2300,335.606,844166.78950,0
1789242120000,2514.31,2514.50,2513.85,2514.36,744.494,1789242179999,1871801.84335,1217,368.733,927072.47931,0
1789242180000,2514.37,2514.37,2514.09,2514.09,292.802,1789242239999,736172.37132,488,73.069,183716.93731,0
1789242240000,2514.10,2514.37,2513.80,2514.37,1691.609,1789242299999,4252906.95479,1272,1363.667,3428444.65555,0
1789242300000,2514.37,2514.50,2514.36,2514.50,620.994,1789242359999,1561483.19708,572,430.640,1082841.43998,0
1789242360000,2514.50,2515.00,2514.18,2515.00,1903.407,1789242419999,4786642.24781,1310,1352.951,3402333.51814,0
1789242420000,2515.00,2516.11,2514.81,2515.89,1346.140,1789242479999,3386072.94433,1462,889.565,2237693.54822,0
1789242480000,2515.90,2516.74,2515.89,2516.74,1097.223,1789242539999,2760850.41193,1482,768.520,1933773.17230,0
1789242540000,2516.75,2516.75,2516.33,2516.33,429.446,1789242599999,1080743.71967,574,213.826,538117.01212,0
1789242600000,2516.32,2516.81,2516.24,2516.57,638.505,1789242659999,1606765.59811,1235,378.844,953319.17662,0
1789242660000,2516.57,2516.57,2516.54,2516.54,373.063,1789242719999,938831.54439,405,128.417,323168.86831,0
1789242720000,2516.55,2517.40,2516.30,2516.30,1154.239,1789242779999,2905084.53460,1587,542.363,1365005.53137,0
1789242780000,2516.29,2516.30,2515.96,2516.17,205.005,1789242839999,515815.12068,586,90.650,228079.53508,0
1789242840000,2516.18,2516.30,2516.17,2516.17,177.703,1789242899999,447143.22700,406,91.476,230175.51952,0
1789242900000,2516.17,2516.31,2515.99,2516.30,326.962,1789242959999,822665.51168,605,202.398,509246.13164,0
1789242960000,2516.31,2518.87,2516.31,2517.92,3515.764,1789243019999,8852905.42162,3418,3149.697,7931172.38123,0
1789243020000,2517.92,2518.32,2517.91,2518.14,689.517,1789243079999,1736296.07073,877,335.341,844404.94785,0
1789243080000,2518.14,2518.14,2518.06,2518.14,512.343,1789243139999,1290138.96866,547,349.403,879837.25177,0
1789243140000,2518.13,2518.16,2518.13,2518.15,275.613,1789243199999,694035.40530,315,86.897,218820.21034,0
1789243200000,2518.15,2518.16,2518.15,2518.16,423.772,1789243259999,1067123.84995,656,238.815,601374.38040,0
1789243260000,2518.16,2518.76,2518.14,2518.66,1623.735,1789243319999,4089179.80581,1222,511.336,1287727.00894,0
1789243320000,2518.66,2519.57,2518.66,2519.55,878.425,1789243379999,2213016.68525,1480,531.982,1340180.44901,0
1789243380000,2519.55,2519.56,2518.85,2519.41,1109.101,1789243439999,2793927.00406,1446,454.456,1144803.15103,0
1789243440000,2519.41,2519.81,2519.41,2519.78,704.308,1789243499999,1774657.24895,796,462.190,1164571.49131,0
1789243500000,2519.77,2520.61,2519.77,2520.20,721.088,1789243559999,1817259.78868,1330,514.155,1295736.02518,0
1789243560000,2520.19,2521.23,2520.19,2520.83,1718.017,1789243619999,4330691.31225,2165,936.365,2360336.40905,0
1789243620000,2520.83,2521.10,2520.82,2520.97,709.872,1789243679999,1789584.72125,732,417.042,1051350.66672,0
1789243680000,2520.98,2521.35,2520.97,2521.24,681.707,1789243739999,1718725.66903,712,452.709,1141353.80566,0
1789243740000,2521.24,2521.25,2520.50,2520.50,485.832,1789243799999,1224673.86823,867,179.994,453698.11330,0
1789243800000,2520.51,2521.39,2520.50,2521.08,630.085,1789243859999,1588392.95112,1135,444.470,1120431.40209,0
1789243860000,2521.08,2521.08,2521.00,2521.01,238.738,1789243919999,601864.72892,468,126.319,318453.34946,0
1789243920000,2521.00,2521.01,2521.00,2521.01,261.433,1789243979999,659073.48864,595,89.564,225791.73964,0
1789243980000,2521.00,2521.15,2521.00,2521.15,359.997,1789244039999,907578.06889,588,318.017,801740.94139,0
1789244040000,2521.15,2521.15,2521.14,2521.15,126.628,1789244099999,319247.58008,393,66.416,167444.69840,0
1789244100000,2521.15,2521.60,2520.95,2521.60,842.618,1789244159999,2124357.34337,1069,527.289,1329399.08782,0
1789244160000,2521.59,2521.61,2521.23,2521.23,801.769,1789244219999,2021732.95156,738,469.648,1184265.55966,0
1789244220000,2521.22,2523.77,2520.36,2520.37,6767.473,1789244279999,17069166.60220,4607,3930.336,9914420.94420,0
1789244280000,2520.36,2520.37,2519.78,2520.36,1024.038,1789244339999,2580578.70089,1099,512.936,1292561.90348,0
1789244340000,2520.37,2520.44,2520.36,2520.43,365.627,1789244399999,921528.12618,434,117.149,295261.34558,0
1789244400000,2520.44,2520.59,2520.43,2520.58,271.771,1789244459999,684999.87607,460,144.116,363241.04413,0
1789244460000,2520.58,2520.80,2520.58,2520.79,247.439,1789244519999,623715.78233,487,151.093,380854.22796,0
1789244520000,2520.79,2520.80,2520.79,2520.80,168.888,1789244579999,425731.99149,475,80.997,204177.23760,0
1789244580000,2520.80,2521.52,2520.79,2521.13,1068.223,1789244639999,2693210.22221,1563,610.831,1539969.64485,0
1789244640000,2521.12,2521.55,2521.02,2521.03,599.125,1789244699999,1510568.61983,816,359.960,907570.58427,0
1789244700000,2521.02,2521.24,2521.02,2521.23,306.908,1789244759999,773743.75416,371,240.521,606368.76327,0
1789244760000,2521.23,2521.39,2521.23,2521.39,171.406,1789244819999,432161.19864,266,123.346,310987.64169,0
1789244820000,2521.38,2521.39,2521.24,2521.24,309.327,1789244879999,779931.33143,423,136.057,343052.68769,0
1789244880000,2521.24,2522.52,2521.24,2522.10,1541.469,1789244939999,3887299.36316,1402,1358.354,3425556.53646,0
1789244940000,2522.09,2522.09,2521.68,2521.69,239.283,1789244999999,603423.30890,362,137.668,347164.41664,0
1789245000000,2521.68,2521.90,2521.68,2521.89,489.091,1789245059999,1233354.17199,432,275.840,695595.47059,0
1789245060000,2521.90,2521.90,2521.89,2521.89,114.778,1789245119999,289458.13837,225,64.795,163406.51050,0
1789245120000,2521.89,2521.90,2521.89,2521.90,209.125,1789245179999,527391.59497,495,134.872,340133.69680,0
1789245180000,2521.89,2522.01,2521.00,2521.00,1531.417,1789245239999,3861949.87255,1452,337.587,851362.94208,0
1789245240000,2521.01,2521.01,2521.00,2521.01,204.501,1789245299999,515548.46099,231,143.999,363022.91899,0
1789245300000,2521.00,2521.01,2521.00,2521.00,75.294,1789245359999,189816.38369,144,20.969,52863.05869,0
1789245360000,2521.00,2521.01,2520.73,2520.73,179.093,1789245419999,451481.32248,443,21.447,54064.42729,0
1789245420000,2520.73,2521.42,2520.73,2521.41,492.525,1789245479999,1241604.54400,587,424.362,1069752.82805,0
1789245480000,2521.42,2521.42,2521.13,2521.14,176.156,1789245539999,444144.08704,343,22.273,56153.68162,0
1789245540000,2521.14,2521.14,2519.93,2520.30,794.446,1789245599999,2002216.86592,1026,321.305,809696.40983,0
1789245600000,2520.31,2520.31,2520.04,2520.05,372.778,1789245659999,939479.02095,520,133.661,336852.29799,0
1789245660000,2520.04,2520.05,2520.04,2520.05,235.122,1789245719999,592516.96065,264,11.577,29174.61885,0
1789245720000,2520.05,2522.02,2519.99,2521.75,1693.534,1789245779999,4269541.03561,2158,1239.642,3125044.85617,0
1789245780000,2521.75,2521.86,2521.31,2521.85,1258.910,1789245839999,3174429.56251,1180,670.638,1691008.29134,0
1789245840000,2521.86,2521.87,2521.14,2521.14,303.883,1789245899999,766199.61863,752,76.580,193082.93484,0
1789245900000,2521.12,2521.12,2520.04,2520.39,1049.151,1789245959999,2644356.77931,1666,339.984,856828.34295,0
1789245960000,2520.40,2520.46,2520.17,2520.46,290.347,1789246019999,731761.27554,456,165.600,417352.20141,0
1789246020000,2520.45,2521.48,2520.45,2521.47,340.332,1789246079999,858055.03245,847,214.385,540496.46656,0
1789246080000,2521.48,2521.94,2521.18,2521.44,793.540,1789246139999,2000927.06933,1140,472.649,1191783.49818,0
1789246140000,2521.44,2521.76,2521.27,2521.75,453.102,1789246199999,1142480.12060,629,311.539,785515.86297,0
1789246200000,2521.75,2521.76,2521.75,2521.76,126.535,1789246259999,319090.40457,287,76.832,193751.86432,0
1789246260000,2521.76,2522.68,2521.75,2521.87,626.502,1789246319999,1580152.00064,1215,453.155,1142947.76994,0
1789246320000,2521.88,2522.21,2519.12,2519.12,2531.841,1789246379999,6383242.18936,2600,627.160,1581445.86993,0
1789246380000,2519.13,2519.98,2519.12,2519.31,1436.122,1789246439999,3618356.67251,1539,1109.216,2794674.65818,0
1789246440000,2519.31,2519.49,2519.31,2519.34,357.133,1789246499999,899752.25935,425,212.870,536287.79107,0
1789246500000,2519.35,2519.35,2519.34,2519.34,125.624,1789246559999,316489.77299,276,20.483,51603.84605,0
1789246560000,2519.35,2519.48,2519.34,2519.48,285.654,1789246619999,719664.24333,432,188.506,474914.46809,0
1789246620000,2519.48,2519.48,2519.47,2519.48,133.524,1789246679999,336409.87108,208,15.880,40009.34240,0
1789246680000,2519.48,2519.48,2519.30,2519.31,314.139,1789246739999,791424.70806,348,75.165,189364.26859,0
1789246740000,2519.30,2519.45,2519.30,2519.44,276.106,1789246799999,695619.10273,309,124.069,312573.28351,0
1789246800000,2519.44,2519.45,2518.81,2518.99,1188.076,1789246859999,2992718.37404,1018,648.909,1634504.79239,0
1789246860000,2518.99,2521.75,2518.99,2521.54,2221.207,1789246919999,5598360.21475,2112,1748.639,4406982.47666,0
1789246920000,2521.53,2521.78,2521.31,2521.32,924.038,1789246979999,2329968.02642,1080,751.485,1894871.84749,0
1789246980000,2521.31,2521.32,2521.31,2521.31,128.326,1789247039999,323550.25986,257,63.280,159549.12960,0
1789247040000,2521.32,2522.35,2521.31,2522.31,580.479,1789247099999,1463846.71085,906,425.654,1073357.04932,0
1789247100000,2522.30,2522.51,2522.15,2522.39,750.011,1789247159999,1891726.25563,697,566.166,1427993.98581,0
1789247160000,2522.39,2522.39,2522.26,2522.34,334.921,1789247219999,844773.95552,395,221.797,559435.39353,0
1789247220000,2522.34,2523.48,2522.33,2523.44,691.049,1789247279999,1743554.03182,1197,632.280,1595254.62025,0
1789247280000,2523.44,2525.23,2523.44,2524.90,2506.718,1789247339999,6328334.08356,2614,2266.504,5721927.21790,0
1789247340000,2524.90,2526.19,2524.77,2525.70,3729.869,1789247399999,9420209.06017,2695,2548.787,6437051.49200,0
1789247400000,2525.71,2526.48,2525.70,2526.48,1076.117,1789247459999,2718329.54454,1087,901.308,2276763.04356,0
1789247460000,2526.47,2527.64,2526.42,2526.91,3423.942,1789247519999,8651698.54317,3038,2530.160,6393156.08758,0
1789247520000,2526.91,2527.48,2522.88,2522.89,3680.787,1789247579999,9295574.20167,3377,781.117,1972079.02994,0
1789247580000,2522.89,2524.00,2522.89,2523.19,1166.611,1789247639999,2944088.57446,1477,610.148,1539704.07265,0
1789247640000,2523.19,2524.78,2523.00,2524.78,1333.382,1789247699999,3365220.20913,1414,961.310,2426148.40421,0
1789247700000,2524.78,2524.78,2524.56,2524.76,329.648,1789247759999,832231.31694,397,184.069,464702.00206,0
1789247760000,2524.77,2524.77,2523.35,2523.50,589.506,1789247819999,1487932.37873,929,338.435,854204.36996,0
1789247820000,2523.50,2523.50,2522.66,2522.67,981.366,1789247879999,2476220.78182,521,135.318,341373.47993,0
1789247880000,2522.67,2522.67,2522.39,2522.66,342.178,1789247939999,863165.49668,545,146.153,368666.47368,0
1789247940000,2522.67,2522.67,2522.40,2522.40,182.698,1789247999999,460882.56927,413,81.183,204797.91861,0
1789248000000,2522.39,2522.39,2522.06,2522.07,130.030,1789248059999,327951.64594,385,42.363,106842.69110,0
1789248060000,2522.06,2522.37,2522.03,2522.04,357.734,1789248119999,902255.76703,486,147.471,371939.31660,0
1789248120000,2522.04,2522.40,2522.04,2522.40,132.940,1789248179999,335306.86797,390,115.724,291882.75936,0
1789248180000,2522.40,2522.85,2522.39,2522.40,252.919,1789248239999,638007.73494,599,107.283,270619.83566,0
1789248240000,2522.40,2522.99,2522.39,2522.91,210.355,1789248299999,530658.13296,467,155.115,391294.18254,0
1789248300000,2522.90,2522.90,2522.79,2522.79,296.165,1789248359999,747188.63938,294,37.485,94567.15800,0
1789248360000,2522.80,2523.09,2522.80,2523.09,195.869,1789248419999,494158.38703,415,180.465,455292.86271,0
1789248420000,2523.08,2523.71,2523.08,2523.36,675.042,1789248479999,1703385.89125,1183,401.640,1013462.67142,0
1789248480000,2523.36,2523.36,2523.10,2523.36,235.847,1789248539999,595105.79675,422,113.368,286054.89418,0
1789248540000,2523.36,2523.68,2523.35,2523.68,228.205,1789248599999,575854.10558,428,183.379,462735.82478,0
1789248600000,2523.68,2523.85,2523.67,2523.82,282.210,1789248659999,712244.30137,419,151.104,381355.12006,0
1789248660000,2523.82,2523.83,2523.82,2523.82,100.843,1789248719999,254510.14006,193,55.980,141284.00340,0
1789248720000,2523.82,2523.83,2523.50,2523.51,395.925,1789248779999,999203.17899,495,136.393,344232.69623,0
1789248780000,2523.51,2523.92,2523.50,2523.92,303.373,1789248839999,765628.67249,444,236.126,595910.26954,0
1789248840000,2523.92,2523.92,2523.91,2523.91,83.103,1789248899999,209745.14514,85,65.241,164663.06472,0
1789248900000,2523.92,2524.61,2523.92,2524.61,332.784,1789248959999,840031.79546,629,247.934,625835.96670,0
1789248960000,2524.60,2524.97,2524.60,2524.70,934.450,1789249019999,2359246.58638,876,457.037,1153884.86306,0
1789249020000,2524.70,2525.00,2524.70,2524.70,552.481,1789249079999,1394919.39694,417,339.346,856769.36353,0
1789249080000,2524.70,2524.86,2524.01,2524.02,563.847,1789249139999,1423465.24793,723,219.926,555229.64751,0
1789249140000,2524.01,2524.02,2524.01,2524.01,99.886,1789249199999,252113.34584,122,8.298,20944.31796,0
1789249200000,2524.01,2524.02,2523.97,2523.97,248.120,1789249259999,626255.73980,247,90.128,227484.58058,0
1789249260000,2523.97,2523.98,2523.47,2523.77,372.463,1789249319999,939952.49570,577,232.607,586995.14540,0
1789249320000,2523.76,2523.77,2523.76,2523.76,53.519,1789249379999,135069.52537,114,41.393,104466.41161,0
1789249380000,2523.77,2524.00,2523.74,2524.00,298.984,1789249439999,754578.40487,562,234.417,591625.98196,0
1789249440000,2523.99,2524.02,2522.30,2522.66,1044.359,1789249499999,2634776.50784,1864,237.677,599613.85714,0
1789249500000,2522.66,2523.40,2521.70,2522.00,339.961,1789249559999,857528.36486,1295,170.382,429765.32917,0
1789249560000,2522.00,2523.16,2521.87,2523.16,921.815,1789249619999,2324936.68901,1222,722.040,1821093.96902,0
1789249620000,2523.16,2523.17,2522.00,2522.00,223.263,1789249679999,563152.61684,811,109.924,277267.56603,0
1789249680000,2522.00,2523.41,2522.00,2523.31,1071.446,1789249739999,2702893.37201,1673,739.133,1864552.52968,0
1789249740000,2523.31,2523.31,2522.82,2522.82,180.167,1789249799999,454549.66157,336,133.948,337940.69862,0
1789249800000,2522.81,2522.81,2521.31,2521.52,807.952,1789249859999,2037310.34164,1774,391.240,986484.81433,0
1789249860000,2521.52,2521.52,2521.26,2521.46,222.892,1789249919999,561996.65607,440,96.959,244461.45257,0
1789249920000,2521.46,2522.26,2521.46,2522.25,277.229,1789249979999,699098.12655,854,212.760,536498.21910,0
1789249980000,2522.25,2522.46,2521.50,2522.46,298.480,1789250039999,752774.05473,913,147.803,372761.44159,0
1789250040000,2522.45,2523.45,2522.45,2523.15,445.063,1789250099999,1122931.13235,1039,378.257,954358.83554,0
1789250100000,2523.14,2523.14,2522.19,2522.42,305.570,1789250159999,770782.63582,707,197.886,499121.78462,0
1789250160000,2522.41,2523.76,2522.41,2523.59,443.693,1789250219999,1119584.32117,1037,251.328,634115.40516,0
1789250220000,2523.58,2523.59,2523.58,2523.59,61.384,1789250279999,154907.88203,236,44.731,112882.70429,0
1789250280000,2523.58,2523.58,2522.41,2522.88,722.106,1789250339999,1821875.62615,1576,289.149,729441.47798,0
1789250340000,2522.87,2523.60,2522.64,2523.01,645.789,1789250399999,1629405.87062,1142,358.272,903930.21985,0
1789250400000,2523.01,2523.03,2521.72,2521.72,571.293,1789250459999,1441242.53284,804,45.175,113975.43963,0
1789250460000,2521.72,2521.72,2520.55,2520.55,817.029,1789250519999,2059782.10073,1217,354.014,892495.38704,0
1789250520000,2520.56,2522.98,2520.55,2522.76,1717.822,1789250579999,4331796.73016,2175,1345.767,3393358.85905,0
1789250580000,2522.75,2522.75,2522.65,2522.65,139.468,1789250639999,351832.97790,224,50.945,128517.42274,0
1789250640000,2522.65,2522.66,2522.63,2522.64,116.927,1789250699999,294965.84197,230,47.871,120761.84256,0
1789250700000,2522.64,2523.51,2521.37,2521.56,577.125,1789250759999,1455818.78581,1604,363.001,915715.59270,0
1789250760000,2521.56,2522.89,2521.56,2522.28,999.846,1789250819999,2521938.53948,1527,934.798,2357853.21962,0
1789250820000,2522.28,2522.57,2522.27,2522.57,128.409,1789250879999,323909.72374,386,98.858,249367.21987,0
1789250880000,2522.56,2522.57,2520.24,2520.98,1727.784,1789250939999,4356314.95961,2044,341.576,860992.43665,0
1789250940000,2520.99,2522.57,2520.98,2522.56,369.814,1789250999999,932529.97917,1054,346.770,874424.20262,0
1789251000000,2522.57,2522.57,2522.35,2522.36,150.529,1789251059999,379717.61263,326,25.117,63359.36572,0
1789251060000,2522.35,2522.96,2522.13,2522.67,191.361,1789251119999,482688.86611,681,112.605,284022.51829,0
1789251120000,2522.67,2522.67,2522.61,2522.62,78.232,1789251179999,197350.91099,191,28.476,71834.47737,0
1789251180000,2522.62,2522.62,2521.02,2521.02,592.004,1789251239999,1492804.45247,1172,178.531,450163.39216,0
1789251240000,2521.03,2522.99,2520.81,2522.56,1873.777,1789251299999,4725555.67756,1824,1088.087,2743875.46599,0
1789251300000,2522.56,2522.88,2522.14,2522.15,444.650,1789251359999,1121634.79306,765,147.399,371821.13209,0
1789251360000,2522.14,2522.30,2522.08,2522.09,355.398,1789251419999,896380.43299,504,185.459,467757.83265,0
1789251420000,2522.08,2522.25,2521.49,2521.88,465.647,1789251479999,1174391.61529,899,70.350,177412.24694,0
1789251480000,2521.87,2523.05,2521.87,2523.05,319.763,1789251539999,806630.95026,730,204.549,515944.19414,0
1789251540000,2523.04,2523.60,2523.04,2523.60,310.716,1789251599999,784023.92664,566,245.575,619656.14882,0
1789251600000,2523.59,2524.07,2523.54,2523.92,522.674,1789251659999,1319119.57705,664,429.547,1084084.43690,0
1789251660000,2523.92,2524.17,2523.56,2523.56,422.596,1789251719999,1066577.61967,655,238.519,601990.07892,0
1789251720000,2523.57,2525.12,2523.56,2524.75,1542.039,1789251779999,3893007.55127,1861,1059.652,2675113.09341,0
1789251780000,2524.76,2524.76,2524.25,2524.26,297.868,1789251839999,751961.65791,589,172.231,434789.56140,0
1789251840000,2524.25,2524.38,2524.25,2524.36,588.037,1789251899999,1484401.91441,513,336.175,848613.23971,0
1789251900000,2524.36,2524.36,2521.52,2522.65,2365.361,1789251959999,5967334.83035,2647,697.558,1759312.75927,0
1789251960000,2522.64,2523.40,2522.64,2522.88,167.727,1789252019999,423182.85968,735,64.572,162921.23615,0
1789252020000,2522.88,2522.88,2522.31,2522.35,245.446,1789252079999,619137.89676,492,35.905,90565.38802,0
1789252080000,2522.35,2522.35,2519.91,2519.91,1695.219,1789252139999,4273601.89334,2511,180.339,454612.09913,0
1789252140000,2519.92,2520.29,2519.66,2519.67,355.494,1789252199999,895850.65779,673,145.007,365420.55161,0
1789252200000,2519.66,2521.87,2519.21,2520.96,2916.549,1789252259999,7350659.67278,2924,1838.442,4633212.50435,0
1789252260000,2520.96,2520.96,2519.71,2519.84,644.473,1789252319999,1624075.53071,864,304.189,766485.69335,0
1789252320000,2519.85,2520.43,2519.84,2520.43,309.595,1789252379999,780206.70273,550,184.958,466094.59566,0
1789252380000,2520.44,2520.44,2519.04,2519.24,373.909,1789252439999,942287.82208,825,88.586,223255.93956,0
1789252440000,2519.23,2519.37,2519.23,2519.36,101.305,1789252499999,255222.63634,208,63.698,160477.08315,0
1789252500000,2519.37,2520.52,2519.23,2520.52,282.839,1789252559999,712674.87901,852,197.405,497431.40088,0
1789252560000,2520.51,2520.51,2519.78,2520.30,417.789,1789252619999,1052880.11426,682,153.257,386202.39088,0
1789252620000,2520.31,2520.52,2520.30,2520.52,225.678,1789252679999,568798.48494,347,194.801,490977.86381,0
1789252680000,2520.51,2521.07,2520.51,2521.07,330.791,1789252739999,833852.76839,547,190.552,480334.50570,0
1789252740000,2521.07,2521.07,2520.53,2520.54,112.970,1789252799999,284782.81899,317,27.309,68839.17245,0
1789252800000,2520.54,2520.74,2520.53,2520.74,99.026,1789252859999,249601.39563,262,94.808,238969.75583,0
1789252860000,2520.74,2520.85,2520.37,2520.85,253.716,1789252919999,639515.84563,553,116.225,292949.71302,0
1789252920000,2520.85,2520.85,2520.30,2520.72,195.766,1789252979999,493447.47468,672,74.407,187544.27259,0
1789252980000,2520.72,2520.72,2519.78,2519.86,479.138,1789253039999,1207529.74390,767,35.675,89910.55862,0
1789253040000,2519.87,2520.54,2519.87,2520.54,635.227,1789253099999,1600921.96017,707,543.105,1368768.60127,0
1789253100000,2520.53,2520.73,2520.53,2520.72,70.558,1789253159999,177845.46395,301,60.119,151533.64653,0
1789253160000,2520.72,2520.92,2520.72,2520.84,202.018,1789253219999,509261.86062,307,59.366,149648.58630,0
1789253220000,2520.83,2520.84,2520.83,2520.84,113.076,1789253279999,285045.81974,209,44.666,112595.83944,0
1789253280000,2520.84,2520.84,2520.72,2520.72,55.150,1789253339999,139022.04618,135,14.593,36785.02147,0
1789253340000,2520.72,2520.73,2520.72,2520.73,6.532,1789253399999,16465.38715,77,4.411,11118.94003,0
1789253400000,2520.72,2521.15,2520.72,2520.93,217.632,1789253459999,548611.05619,656,172.403,434592.90779,0
1789253460000,2520.92,2522.39,2520.72,2521.85,1440.909,1789253519999,3633564.65257,1625,1386.687,3496829.33596,0
1789253520000,2521.86,2521.87,2521.62,2521.82,399.426,1789253579999,1007283.13878,599,86.681,218591.05563,0
1789253580000,2521.82,2522.01,2521.70,2522.00,135.087,1789253639999,340667.94048,352,84.621,213401.62548,0
1789253640000,2522.00,2522.01,2522.00,2522.00,98.848,1789253699999,249295.52935,207,87.335,220259.74335,0
1789253700000,2522.01,2522.01,2521.51,2521.52,342.184,1789253759999,862945.28286,483,26.877,67779.00549,0
1789253760000,2521.52,2522.22,2521.51,2522.18,312.098,1789253819999,787086.52571,536,197.307,497563.90684,0
1789253820000,2522.17,2522.17,2521.73,2522.05,347.708,1789253879999,876907.43969,524,240.294,606008.38496,0
1789253880000,2522.05,2522.05,2521.12,2521.57,578.847,1789253939999,1459663.16061,865,117.987,297501.48139,0
1789253940000,2521.57,2521.79,2521.57,2521.78,52.928,1789253999999,133465.28921,245,46.617,117551.37576,0
1789254000000,2521.79,2521.79,2521.78,2521.79,125.376,1789254059999,316171.56099,231,87.171,219826.95609,0
1789254060000,2521.79,2522.40,2521.33,2522.40,560.541,1789254119999,1413494.71256,1180,220.548,556160.25053,0
1789254120000,2522.40,2522.40,2522.00,2522.01,199.970,1789254179999,504398.90940,456,100.608,253772.48600,0
1789254180000,2522.00,2523.17,2522.00,2522.88,400.424,1789254239999,1010178.95825,979,244.532,616851.06918,0
1789254240000,2522.88,2522.88,2522.44,2522.44,280.814,1789254299999,708413.69868,482,133.020,335562.95087,0
1789254300000,2522.45,2522.66,2522.44,2522.65,243.414,1789254359999,614016.14066,459,181.132,456904.67772,0
1789254360000,2522.66,2523.08,2522.65,2523.08,170.146,1789254419999,429254.25815,478,161.483,407397.99065,0
1789254420000,2523.08,2523.19,2523.00,2523.01,447.554,1789254479999,1129239.66086,631,178.094,449346.19682,0
1789254480000,2523.01,2523.14,2523.00,2523.12,158.814,1789254539999,400697.26378,378,136.040,343236.82440,0
1789254540000,2523.12,2523.12,2523.04,2523.06,219.640,1789254599999,554163.47041,402,164.034,413866.28474,0
1789254600000,2523.06,2523.32,2523.00,2523.29,266.462,1789254659999,672303.34276,533,155.072,391261.15964,0
1789254660000,2523.28,2523.43,2523.28,2523.43,88.805,1789254719999,224086.93297,384,77.640,195914.11571,0
1789254720000,2523.42,2523.68,2523.42,2523.68,288.934,1789254779999,729132.51396,526,206.129,520163.48111,0
1789254780000,2523.68,2523.68,2523.31,2523.32,256.441,1789254839999,647146.72537,548,150.663,380208.48680,0
1789254840000,2523.31,2523.57,2523.31,2523.57,142.188,1789254899999,358801.98176,309,120.820,304881.14191,0
1789254900000,2523.57,2523.57,2523.52,2523.53,273.727,1789254959999,690760.30722,346,69.882,176349.32378,0
1789254960000,2523.53,2524.14,2523.52,2524.13,752.962,1789255019999,1900355.13644,806,313.692,791677.85508,0
1789255020000,2524.14,2524.18,2523.00,2523.01,331.364,1789255079999,836291.21804,833,28.068,70827.18223,0
1789255080000,2523.00,2523.64,2523.00,2523.63,174.889,1789255139999,441261.99190,413,152.904,385791.56575,0
1789255140000,2523.63,2523.64,2523.44,2523.45,115.873,1789255199999,292420.41777,289,38.479,97107.02595,0
1789255200000,2523.44,2523.45,2522.65,2522.92,873.364,1789255259999,2203523.95901,849,44.625,112588.32486,0
1789255260000,2522.93,2523.45,2522.92,2523.44,106.692,1789255319999,269191.40788,385,98.166,247677.64505,0
1789255320000,2523.44,2523.44,2523.15,2523.16,184.728,1789255379999,466132.02229,325,27.295,68869.65220,0
1789255380000,2523.15,2523.16,2523.00,2523.16,166.808,1789255439999,420866.24633,321,122.712,309605.98756,0
1789255440000,2523.16,2523.49,2523.15,2523.32,286.847,1789255499999,723835.27055,451,54.610,137796.00763,0
1789255500000,2523.31,2523.64,2523.31,2523.63,121.369,1789255559999,306275.86225,284,99.449,250958.38649,0
1789255560000,2523.64,2523.64,2523.61,2523.61,224.124,1789255619999,565606.31610,235,48.135,121475.38174,0
1789255620000,2523.62,2523.62,2523.40,2523.40,234.463,1789255679999,591654.73305,363,171.405,432526.89831,0
1789255680000,2523.41,2523.73,2523.05,2523.05,741.941,1789255739999,1872281.09473,848,205.054,517456.82176,0
1789255740000,2523.06,2523.69,2523.05,2523.58,309.364,1789255799999,780646.63068,437,236.733,597352.00563,0
1789255800000,2523.59,2523.59,2523.49,2523.50,121.489,1789255859999,306579.55329,217,37.642,94990.35083,0
1789255860000,2523.49,2524.22,2523.49,2524.09,910.242,1789255919999,2297253.80425,1195,794.981,2006350.44664,0
1789255920000,2524.08,2524.09,2524.08,2524.09,62.723,1789255979999,158318.33290,127,46.306,116880.51154,0
1789255980000,2524.08,2524.09,2524.08,2524.08,159.144,1789256039999,401693.11376,265,92.624,233791.31216,0
1789256040000,2524.08,2524.08,2523.06,2523.21,512.330,1789256099999,1292826.28985,844,29.187,73642.39280,0
1789256100000,2523.22,2523.22,2523.21,2523.21,26.555,1789256159999,67003.92327,76,8.172,20619.75384,0
1789256160000,2523.22,2523.22,2523.21,2523.21,76.646,1789256219999,193394.29346,108,33.980,85739.01560,0
1789256220000,2523.22,2523.22,2523.21,2523.22,77.881,1789256279999,196510.84115,140,72.314,182464.13108,0
1789256280000,2523.21,2523.82,2523.21,2523.82,489.486,1789256339999,1235230.70941,630,386.181,974508.66472,0
1789256340000,2523.82,2523.83,2523.40,2523.83,700.375,1789256399999,1767437.39291,757,365.353,921987.89128,0
1789256400000,2523.83,2523.96,2523.83,2523.91,298.540,1789256459999,753495.48718,271,89.060,224779.28912,0
1789256460000,2523.92,2524.16,2523.91,2524.15,186.068,1789256519999,469625.78741,328,174.990,441664.68539,0
1789256520000,2524.16,2524.24,2524.15,2524.23,364.158,1789256579999,919213.42076,379,233.711,589935.37251,0
1789256580000,2524.24,2524.60,2523.75,2523.75,599.015,1789256639999,1512033.21965,1075,259.817,655867.03628,0
1789256640000,2523.76,2524.15,2523.75,2524.15,118.600,1789256699999,299348.66229,253,102.659,259111.87260,0
1789256700000,2524.15,2524.15,2524.14,2524.15,138.748,1789256759999,350220.57720,203,120.048,303019.15920,0
1789256760000,2524.14,2524.61,2524.14,2524.48,252.433,1789256819999,637239.95444,488,122.979,310427.68943,0
1789256820000,2524.48,2524.48,2524.45,2524.45,120.288,1789256879999,303663.38116,213,29.206,73729.73858,0
1789256880000,2524.45,2524.46,2524.45,2524.46,145.993,1789256939999,368553.40161,196,137.276,346547.77096,0
1789256940000,2524.46,2524.62,2524.45,2524.62,218.241,1789256999999,550949.13069,191,195.561,493691.11285,0
1789257000000,2524.61,2525.25,2524.61,2524.79,878.719,1789257059999,2218647.93456,1106,549.251,1386783.12690,0
1789257060000,2524.78,2525.27,2524.78,2525.27,370.619,1789257119999,935822.22077,499,346.746,875542.04582,0
1789257120000,2525.27,2525.39,2525.26,2525.39,437.648,1789257179999,1105200.35546,492,270.156,682232.19438,0
1789257180000,2525.39,2525.41,2525.38,2525.41,215.300,1789257239999,543717.95541,332,197.755,499409.96448,0
1789257240000,2525.40,2525.40,2524.87,2524.87,841.431,1789257299999,2124789.00952,758,216.457,546600.87276,0
1789257300000,2524.87,2524.88,2524.87,2524.88,84.316,1789257359999,212887.32900,106,39.008,98490.51904,0
1789257360000,2524.87,2524.96,2524.87,2524.95,141.501,1789257419999,357275.73819,195,127.653,322310.52691,0
1789257420000,2524.96,2525.76,2524.95,2525.54,687.280,1789257479999,1735583.56451,940,504.242,1273300.77512,0
1789257480000,2525.53,2525.54,2525.11,2525.12,156.760,1789257539999,395875.72115,409,32.459,81964.70967,0
1789257540000,2525.11,2525.12,2524.69,2524.76,849.628,1789257599999,2145221.37505,708,342.219,864051.89210,0
