open_time,open,high,low,close,volume,close_time,quote_volume,count,taker_buy_volume,taker_buy_quote_volume,ignore
1688169600000,1933.42,1944.69,1917.01,1919.72,382232.113,1688183999999,737400754.14999,385285,186665.045,360145469.84636,0
1688184000000,1919.72,1921.97,1908.55,1919.80,333509.155,1688198399999,638911501.65746,312384,172231.654,329985373.08253,0
1688198400000,1919.80,1926.49,1910.33,1921.98,315631.259,1688212799999,605829060.38219,294757,162093.747,311167023.95320,0
1688212800000,1921.99,1929.67,1916.72,1922.15,277933.783,1688227199999,534648913.72619,277286,136117.198,261843807.74846,0
1688227200000,1922.15,1923.99,1916.00,1922.24,166413.399,1688241599999,319494334.93872,203680,85829.429,164783626.54306,0
1688241600000,1922.24,1927.18,1920.00,1924.08,108287.000,1688255999999,208200234.38306,152405,53231.849,102351665.27599,0
