open_time,open,high,low,close,volume,close_time,quote_volume,count,taker_buy_volume,taker_buy_quote_volume,ignore
1752710400000,3370.54,3398.56,3311.00,3330.04,1130486.073,1752724799999,3789037488.03209,1350656,531776.293,1782696959.69453,0
1752724800000,3330.03,3472.20,3320.03,3448.37,1608602.777,1752739199999,5483253501.25545,1519649,861255.473,2935735615.40329,0
1752739200000,3448.37,3482.62,3425.57,3434.69,1333952.461,1752753599999,4607133477.78753,1356931,625061.550,2158910339.44535,0
1752753600000,3434.68,3441.21,3362.00,3420.07,1708165.380,1752767999999,5828004870.22634,1785451,814485.336,2779588897.96931,0
1752768000000,3420.06,3454.00,3365.01,3410.77,1314457.856,1752782399999,4484168320.25925,1571013,647201.815,2208257699.53079,0
1752782400000,3410.77,3524.00,3370.66,3476.65,1735851.752,1752796799999,6005492092.07539,2122693,871768.618,3015979204.15056,0
