open_time,open,high,low,close,volume,close_time,quote_volume,count,taker_buy_volume,taker_buy_quote_volume,ignore
1725494400000,2449.67,2465.23,2402.80,2404.43,374011.446,1725508799999,909732866.96624,444339,176046.206,428337399.08429,0
1725508800000,2404.43,2417.75,2375.36,2411.50,442350.254,1725523199999,1062633653.15393,475681,219616.073,527698756.59387,0
1725523200000,2411.49,2415.24,2382.17,2388.44,275605.167,1725537599999,660138532.92870,358280,129470.695,310134745.27247,0
1725537600000,2388.44,2413.87,2354.01,2370.16,911654.899,1725551999999,2172865588.25659,995740,443107.613,1056309646.38183,0
1725552000000,2370.16,2395.00,2346.05,2362.71,378239.583,1725566399999,897733787.65395,508942,185614.394,440649427.92438,0
1725566400000,2362.68,2377.44,2348.69,2367.37,229220.477,1725580799999,542446265.47426,324934,108114.451,255866462.94185,0
