open_time,open,high,low,close,volume,close_time,quote_volume,count,taker_buy_volume,taker_buy_quote_volume,ignore
1778025600000,2359.47,2379.88,2352.42,2375.32,393589.233,1778039999999,931593612.93825,586340,200935.196,475582334.51499,0
1778040000000,2375.33,2378.11,2352.50,2370.54,424278.199,1778054399999,1003440259.74234,511683,194515.540,460078323.81473,0
1778054400000,2370.54,2422.52,2368.06,2408.99,1687902.017,1778068799999,4055524496.02626,1461866,919466.864,2209023251.41994,0
1778068800000,2408.99,2412.55,2343.27,2357.72,1734972.385,1778083199999,4117931876.76990,1649443,842194.832,1999254581.28797,0
1778083200000,2357.71,2368.58,2335.17,2347.14,720642.979,1778097599999,1693701467.34799,723128,350469.900,823879397.60800,0
1778097600000,2347.15,2356.03,2337.00,2349.70,369401.279,1778111999999,867228196.47685,432464,154765.941,363423453.81415,0
