open_time,open,high,low,close,volume,close_time,quote_volume,count,taker_buy_volume,taker_buy_quote_volume,ignore
1776470400000,2417.65,2426.62,2397.00,2404.00,348331.058,1776484799999,840760446.48585,554313,163923.211,395831706.89187,0
1776484800000,2404.00,2412.38,2398.00,2402.38,258226.851,1776499199999,621143707.03439,379653,131252.842,315746832.21261,0
1776499200000,2402.38,2403.84,2341.52,2351.45,1197051.138,1776513599999,2836475493.97762,1258175,559489.606,1325365132.83082,0
1776513600000,2351.46,2368.97,2343.56,2361.99,487352.582,1776527999999,1148359828.29448,702573,237581.573,559843255.08516,0
1776528000000,2361.98,2374.15,2337.00,2347.04,540869.706,1776542399999,1273240181.21422,695658,258083.569,607864488.31183,0
1776542400000,2347.04,2358.57,2343.42,2348.99,182605.714,1776556799999,429360981.98965,326643,96545.172,227002349.30573,0
