open_time,open,high,low,close,volume,close_time,quote_volume,count,taker_buy_volume,taker_buy_quote_volume,ignore
1710720000000,3646.99,3648.78,3560.00,3603.58,401928.482,1710734399999,1448055166.41478,742471,194215.864,699640669.81314,0
1710734400000,3603.58,3645.87,3580.00,3628.97,257002.346,1710748799999,930986622.17175,514381,122882.735,445122973.29182,0
1710748800000,3628.96,3629.47,3552.07,3600.76,463533.858,1710763199999,1662657312.86119,890743,225767.934,809794058.34291,0
1710763200000,3600.77,3616.21,3489.00,3528.17,756968.872,1710777599999,2681477700.76332,1253831,375561.037,1330295392.45729,0
1710777600000,3528.17,3568.00,3454.72,3482.09,644795.749,1710791999999,2258382088.22252,1084443,308118.366,1079406617.11117,0
1710792000000,3482.09,3550.00,3482.09,3523.43,278389.741,1710806399999,980490370.77977,470948,144264.191,508105431.68305,0
