open_time,open,high,low,close,volume,close_time,quote_volume,count,taker_buy_volume,taker_buy_quote_volume,ignore
1696118400000,1670.17,1677.90,1669.49,1673.69,94754.908,1696132799999,158550411.42269,107128,52877.296,88490394.56197,0
1696132800000,1673.69,1679.89,1672.56,1677.52,104335.311,1696147199999,174995657.84972,121432,52959.512,88819626.77896,0
1696147200000,1677.51,1692,1675.55,1687.88,294985.218,1696161599999,497107179.53471,271371,144833.230,244110622.74630,0
1696161600000,1687.89,1690.44,1676.68,1683.13,201983.821,1696175999999,340133130.19144,227625,96220.117,162032481.39719,0
1696176000000,1683.13,1683.94,1670.01,1675.51,189478.139,1696190399999,317590868.53826,189512,88691.176,148646361.94854,0
1696190400000,1675.52,1780,1666.69,1733.39,877202.031,1696204799999,1508796889.76433,895149,498885.158,858381898.87923,0
