open_time,open,high,low,close,volume,close_time,quote_volume,count,taker_buy_volume,taker_buy_quote_volume,ignore
1732233600000,3358.69,3384.88,3307.03,3368.66,623541.200,1732247999999,2084206035.65564,1119028,307855.923,1029186279.77224,0
1732248000000,3368.67,3429.99,3357.01,3365.66,698924.945,1732262399999,2368299658.00966,1141140,339008.185,1148903869.00617,0
1732262400000,3365.65,3387.06,3313.62,3346.99,562121.610,1732276799999,1882800896.18657,974633,253025.919,847773409.86208,0
1732276800000,3347.00,3359.93,3260.42,3316.37,1099244.017,1732291199999,3633054947.21828,1668736,506101.789,1672906333.30730,0
1732291200000,3316.36,3324.21,3266.61,3284.79,531897.715,1732305599999,1753005389.26830,1020384,244918.084,807343862.91794,0
1732305600000,3284.79,3332.83,3275.07,3330.05,314649.912,1732319999999,1040009687.12319,695900,156618.484,517736036.20352,0
