open_time,open,high,low,close,volume,close_time,quote_volume,count,taker_buy_volume,taker_buy_quote_volume,ignore
1784851200000,1877.42,1877.89,1877.29,1877.53,1078.682,1784851259999,2025376.27584,1851,426.250,800311.29195,0
1784851260000,1877.52,1877.53,1875.93,1876.46,1368.221,1784851319999,2567854.05776,3005,432.665,811997.74364,0
1784851320000,1876.46,1878.18,1876.45,1876.71,1836.118,1784851379999,3447451.91633,3497,1478.503,2776046.60444,0
1784851380000,1876.72,1877.32,1875.25,1876.21,8789.438,1784851439999,16490723.27845,6065,3435.237,6445684.09270,0
1784851440000,1876.21,1876.21,1875.41,1875.92,1905.557,1784851499999,3574446.13756,2734,1150.584,2158261.96731,0
1784851500000,1875.91,1876.10,1874.04,1874.04,3429.732,1784851559999,6429640.51055,4581,1694.696,3176656.09577,0
1784851560000,1874.04,1876.23,1874.00,1876.22,2552.361,1784851619999,4785352.70574,3400,1629.269,3054723.52049,0
1784851620000,1876.22,1876.23,1874.24,1874.25,1131.592,1784851679999,2121843.38663,2421,759.314,1423748.59309,0
1784851680000,1874.25,1874.25,1873.61,1873.62,1130.096,1784851739999,2117719.28351,1993,570.921,1069836.48669,0
1784851740000,1873.61,1873.97,1873.50,1873.70,3496.477,1784851799999,6551188.08672,1570,792.896,1485596.10988,0
1784851800000,1873.70,1874.50,1872.54,1873.14,5922.722,1784851859999,11096005.03490,4713,3426.839,6420292.16284,0
1784851860000,1873.15,1873.15,1870.49,1872.78,7426.346,1784851919999,13900161.91732,6006,2316.301,4336486.26883,0
1784851920000,1872.77,1874.51,1872.45,1874.51,3079.035,1784851979999,5767025.10424,3040,1548.737,2900923.91322,0
1784851980000,1874.50,1875.13,1873.68,1874.85,1136.621,1784852039999,2130522.65021,3010,665.039,1246541.50859,0
1784852040000,1874.85,1874.85,1873.58,1873.68,597.281,1784852099999,1119286.87233,1550,289.118,541732.76673,0
1784852100000,1873.67,1874.41,1873.61,1873.98,1030.640,1784852159999,1931376.56205,2100,596.641,1118039.05425,0
1784852160000,1873.97,1874.45,1873.84,1874.15,1044.362,1784852219999,1957258.90154,1399,519.801,974172.37838,0
1784852220000,1874.16,1874.87,1873.07,1873.29,1263.356,1784852279999,2367690.16225,2345,759.631,1423679.90064,0
1784852280000,1873.30,1874.79,1872.53,1874.69,1165.757,1784852339999,2184044.69499,2663,692.996,1298461.49643,0
1784852340000,1874.69,1874.80,1872.65,1872.81,850.541,1784852399999,1593514.09739,2047,551.863,1033904.22168,0
1784852400000,1872.80,1874.14,1872.31,1874.14,1266.953,1784852459999,2372962.67046,2519,857.618,1606348.08213,0
1784852460000,1874.15,1874.87,1874.14,1874.40,660.485,1784852519999,1238165.02913,1861,320.659,601103.86606,0
1784852520000,1874.41,1875.29,1874.07,1875.29,1062.149,1784852579999,1991376.22107,2215,736.152,1380225.54231,0
1784852580000,1875.29,1876.70,1875.00,1876.38,1751.489,1784852639999,3285486.39739,2610,1072.142,2011053.96798,0
1784852640000,1876.38,1876.70,1875.45,1875.46,2423.475,1784852699999,4547602.36662,2246,1041.613,1954614.37047,0
1784852700000,1875.46,1875.46,1873.50,1873.50,760.561,1784852759999,1425870.34182,1675,142.563,267326.47672,0
1784852760000,1873.50,1874.79,1873.39,1874.01,1200.838,1784852819999,2250153.25948,1967,955.459,1790245.97543,0
1784852820000,1874.00,1874.01,1872.24,1872.24,725.793,1784852879999,1359553.96472,1624,231.867,434321.19339,0
1784852880000,1872.24,1872.29,1871.11,1871.40,5000.895,1784852939999,9360121.10275,5475,2562.999,4797302.69676,0
1784852940000,1871.39,1871.40,1869.92,1870.34,8982.928,1784852999999,16801116.21712,8216,2377.047,4445788.46600,0
1784853000000,1870.34,1871.25,1869.33,1869.63,7539.090,1784853059999,14098410.82055,7460,2889.860,5404094.72708,0
1784853060000,1869.63,1870.39,1868.65,1869.37,10226.910,1784853119999,19120091.61393,8893,3009.133,5625752.92269,0
1784853120000,1869.37,1869.80,1858.00,1862.90,68134.004,1784853179999,126970608.91195,35793,16905.565,31513213.44728,0
1784853180000,1862.90,1864.93,1858.23,1864.82,22270.582,1784853239999,41467016.95055,20729,12272.484,22851547.05644,0
1784853240000,1864.83,1866.38,1864.59,1866.03,10136.444,1784853299999,18905508.72363,5737,3156.986,5888591.76134,0
1784853300000,1866.02,1867.21,1865.41,1867.20,5894.989,1784853359999,11003206.61398,5363,2821.759,5266550.24484,0
1784853360000,1867.20,1868.60,1867.20,1868.28,4499.802,1784853419999,8405763.84102,3140,3585.850,6698159.09543,0
1784853420000,1868.29,1868.29,1866.90,1866.91,3916.829,1784853479999,7314853.81196,2796,1037.362,1937194.11151,0
1784853480000,1866.91,1866.91,1863.16,1863.63,6620.807,1784853539999,12346658.83002,6645,2820.548,5258400.19358,0
1784853540000,1863.64,1866.10,1863.64,1864.34,3276.051,1784853599999,6110772.64406,4130,1768.824,3298975.18007,0
1784853600000,1864.35,1864.73,1862.20,1863.37,4903.329,1784853659999,9135554.62672,6240,2338.485,4356839.61791,0
1784853660000,1863.37,1864.59,1861.18,1861.19,3420.592,1784853719999,6372358.43060,4468,1643.426,3061994.60703,0
1784853720000,1861.20,1865.00,1861.19,1864.64,4284.191,1784853779999,7984649.98512,5554,2508.442,4673941.34619,0
1784853780000,1864.64,1865.99,1864.63,1865.34,2743.106,1784853839999,5117029.98121,3335,1907.732,3558597.91751,0
1784853840000,1865.34,1865.98,1865.10,1865.11,1280.397,1784853899999,2388778.32358,2149,802.852,1497811.30861,0
1784853900000,1865.11,1867.55,1865.10,1867.41,2251.398,1784853959999,4203257.68583,2764,1879.767,3509501.49857,0
1784853960000,1867.41,1868.36,1867.31,1867.47,2991.417,1784854019999,5587585.38811,3125,2220.565,4147563.12467,0
1784854020000,1867.47,1868.35,1866.42,1867.90,1178.965,1784854079999,2201514.48669,3561,568.399,1061421.21648,0
1784854080000,1867.90,1867.98,1867.03,1867.24,846.312,1784854139999,1580435.74779,1557,344.273,642896.03066,0
1784854140000,1867.24,1867.76,1866.52,1867.40,801.105,1784854199999,1495785.07589,1869,235.414,439556.91894,0
1784854200000,1867.41,1868.34,1866.02,1868.34,894.497,1784854259999,1670332.29577,2283,596.740,1114366.70610,0
1784854260000,1868.34,1868.82,1867.32,1868.62,1592.311,1784854319999,2975044.72939,3381,805.578,1505147.63556,0
1784854320000,1868.61,1868.62,1867.62,1868.06,870.887,1784854379999,1626888.11455,2057,487.535,910709.48786,0
1784854380000,1868.05,1868.37,1867.69,1867.92,767.651,1784854439999,1434056.47662,1328,258.449,482807.55372,0
1784854440000,1867.92,1867.92,1867.13,1867.21,548.887,1784854499999,1024974.66432,1812,326.814,610262.50005,0
1784854500000,1867.22,1867.51,1866.15,1867.50,544.417,1784854559999,1016297.78355,1603,303.136,565875.21160,0
1784854560000,1867.51,1868.53,1867.50,1868.53,985.666,1784854619999,1841315.04699,1195,505.009,943402.93624,0
1784854620000,1868.53,1869.93,1867.77,1868.80,8537.908,1784854679999,15955883.24821,5560,7275.519,13596726.62215,0
1784854680000,1868.80,1870.04,1868.80,1869.91,2490.197,1784854739999,4656048.29618,2403,2011.124,3760252.84183,0
1784854740000,1869.92,1870.66,1869.73,1870.66,1700.995,1784854799999,3181307.49211,2884,1089.505,2037633.95455,0
1784854800000,1870.66,1870.92,1869.54,1870.17,3199.064,1784854859999,5982908.78883,3779,911.744,1705076.64351,0
1784854860000,1870.16,1871.37,1869.93,1871.36,4362.106,1784854919999,8161472.99153,4084,3453.435,6461492.46632,0
1784854920000,1871.36,1871.89,1870.49,1870.50,3131.113,1784854979999,5859451.74112,4298,937.572,1754577.77498,0
1784854980000,1870.49,1870.88,1869.56,1870.71,1548.483,1784855039999,2895959.59360,2904,767.969,1436255.11242,0
1784855040000,1870.70,1873.59,1870.70,1873.22,4088.864,1784855099999,7657701.37959,4655,3224.479,6039081.21709,0
1784855100000,1873.23,1875.94,1873.23,1874.27,9418.373,1784855159999,17656190.52097,10419,6769.979,12691599.71657,0
1784855160000,1874.27,1874.96,1872.95,1873.71,2873.797,1784855219999,5385228.43472,4792,1351.159,2532132.37906,0
1784855220000,1873.70,1875.00,1873.09,1873.50,2712.585,1784855279999,5083361.30509,4462,1991.274,3731512.38137,0
1784855280000,1873.50,1874.19,1873.41,1874.04,952.231,1784855339999,1784255.74519,2106,567.446,1063256.84725,0
1784855340000,1874.03,1875.30,1873.76,1874.49,1461.529,1784855399999,2739916.65100,2469,769.531,1442702.28966,0
1784855400000,1874.48,1874.95,1874.02,1874.03,823.813,1784855459999,1544306.43225,1860,294.726,552476.42392,0
1784855460000,1874.02,1874.02,1872.87,1872.91,1946.929,1784855519999,3647306.94695,3332,984.886,1845022.30047,0
1784855520000,1872.91,1874.00,1872.11,1873.99,1998.849,1784855579999,3744200.66730,4238,1183.050,2215905.41207,0
1784855580000,1873.99,1874.11,1873.33,1874.04,381.295,1784855639999,714519.16853,1323,200.476,375670.77973,0
1784855640000,1874.04,1874.04,1872.84,1872.84,777.908,1784855699999,1457402.55664,1048,352.159,659766.72277,0
1784855700000,1872.85,1872.85,1871.54,1871.83,1200.602,1784855759999,2247424.01712,2196,437.639,819213.36103,0
1784855760000,1871.84,1873.66,1871.40,1871.76,2699.154,1784855819999,5053241.05961,3965,1470.432,2752646.53992,0
1784855820000,1871.75,1872.73,1871.28,1872.37,1152.993,1784855879999,2158238.59406,2649,327.523,613096.38193,0
1784855880000,1872.38,1872.66,1871.18,1871.19,822.909,1784855939999,1540304.45688,2479,171.192,320454.09805,0
1784855940000,1871.18,1872.97,1871.18,1872.90,542.824,1784855999999,1016219.20013,1543,363.841,681194.59767,0
1784856000000,1872.89,1872.90,1871.82,1872.11,592.416,1784856059999,1109218.73829,1839,277.938,520374.06355,0
1784856060000,1872.12,1872.31,1871.00,1871.00,617.309,1784856119999,1155378.51155,1324,236.956,443529.44604,0
1784856120000,1871.00,1871.39,1870.78,1871.37,814.886,1784856179999,1524755.05952,1374,345.362,646203.69668,0
1784856180000,1871.37,1871.90,1871.37,1871.85,480.410,1784856239999,899215.63796,1459,192.882,361025.09305,0
1784856240000,1871.85,1872.24,1871.20,1872.24,431.998,1784856299999,808660.35355,1549,223.244,417882.87947,0
1784856300000,1872.23,1874.19,1872.23,1874.01,1194.072,1784856359999,2237102.60981,2245,1032.264,1933893.19561,0
1784856360000,1874.00,1875.72,1874.00,1875.35,1631.352,1784856419999,3058607.26514,2617,996.971,1869259.08767,0
1784856420000,1875.35,1876.97,1874.92,1875.84,5689.675,1784856479999,10674850.27354,4463,4289.581,8048284.80664,0
1784856480000,1875.84,1875.84,1875.00,1875.02,1331.066,1784856539999,2496415.17763,1913,463.129,868520.72715,0
1784856540000,1875.01,1875.48,1872.45,1872.45,1402.769,1784856599999,2629041.29134,3270,402.945,755300.91325,0
1784856600000,1872.45,1873.56,1872.04,1872.11,1494.994,1784856659999,2799672.54703,4650,882.169,1651889.98697,0
1784856660000,1872.11,1873.51,1871.60,1871.60,772.824,1784856719999,1447212.67068,3257,244.334,457553.05991,0
1784856720000,1871.60,1872.28,1871.60,1872.03,1246.489,1784856779999,2333324.73430,2379,455.824,853266.01240,0
1784856780000,1872.03,1875.16,1871.83,1875.16,1285.088,1784856839999,2408247.27979,4052,964.889,1808184.29021,0
1784856840000,1875.17,1875.46,1874.60,1874.67,1016.933,1784856899999,1906777.61100,1972,503.411,943895.18154,0
1784856900000,1874.68,1874.97,1873.53,1874.68,873.077,1784856959999,1636266.81145,3058,405.137,759205.32033,0
1784856960000,1874.67,1875.21,1874.13,1874.79,829.196,1784857019999,1554450.88627,3019,360.862,676535.56567,0
1784857020000,1874.78,1876.00,1874.59,1875.23,1215.658,1784857079999,2279802.15452,2905,697.620,1308182.48578,0
1784857080000,1875.22,1876.28,1875.10,1876.28,1113.833,1784857139999,2089269.31945,2018,711.245,1334130.90843,0
1784857140000,1876.27,1876.67,1875.00,1875.00,837.176,1784857199999,1570602.60095,2258,462.021,866813.04896,0
1784857200000,1875.01,1876.15,1874.57,1875.49,3834.258,1784857259999,7190958.49476,4060,2747.578,5153010.52296,0
1784857260000,1875.50,1876.38,1875.06,1876.38,628.492,1784857319999,1178726.15909,2055,422.715,792829.22247,0
1784857320000,1876.38,1876.98,1875.30,1875.53,1211.739,1784857379999,2273579.93527,2073,704.710,1322272.72992,0
1784857380000,1875.52,1876.13,1875.52,1876.06,487.669,1784857439999,914855.96617,855,223.551,419353.41805,0
1784857440000,1876.06,1876.41,1875.02,1875.28,788.100,1784857499999,1478250.84560,2129,429.729,806115.16293,0
1784857500000,1875.28,1875.55,1874.31,1874.42,998.646,1784857559999,1872427.77388,1786,369.200,692249.75066,0
1784857560000,1874.41,1875.27,1874.31,1874.90,742.254,1784857619999,1391591.55087,1521,504.705,946237.52361,0
1784857620000,1874.90,1875.90,1874.49,1875.90,486.676,1784857679999,912554.35831,1283,332.456,623386.28148,0
1784857680000,1875.90,1875.90,1875.05,1875.49,599.453,1784857739999,1124267.95277,1573,387.648,727018.57238,0
1784857740000,1875.50,1875.68,1874.52,1874.52,1290.495,1784857799999,2419868.04233,2185,272.999,511934.18475,0
1784857800000,1874.52,1874.52,1873.11,1873.34,657.098,1784857859999,1231202.61806,1994,227.797,426808.72180,0
1784857860000,1873.34,1874.19,1873.01,1873.86,504.334,1784857919999,944939.91063,2015,308.797,578557.36022,0
1784857920000,1873.85,1874.55,1872.63,1874.54,1168.175,1784857979999,2188385.83183,2391,603.767,1131283.30625,0
1784857980000,1874.55,1875.18,1873.71,1875.17,588.570,1784858039999,1103281.30994,1955,323.512,606403.10968,0
1784858040000,1875.18,1876.00,1875.03,1875.14,772.721,1784858099999,1449229.14925,1975,301.373,565213.32185,0
1784858100000,1875.13,1875.13,1873.61,1873.62,578.859,1784858159999,1085037.22488,2000,179.540,336525.38633,0
1784858160000,1873.61,1873.71,1872.86,1872.87,666.009,1784858219999,1247674.87151,1926,237.163,444282.74593,0
1784858220000,1872.87,1873.02,1872.14,1872.15,522.421,1784858279999,978368.25692,1384,303.856,569060.56216,0
1784858280000,1872.14,1872.52,1871.80,1872.52,1034.924,1784858339999,1937394.13729,1980,327.203,612543.92593,0
1784858340000,1872.51,1872.68,1871.89,1871.96,437.030,1784858399999,818268.42571,984,150.126,281074.57839,0
1784858400000,1871.96,1873.07,1871.96,1873.04,1042.231,1784858459999,1951429.38322,1993,747.428,1399477.75969,0
1784858460000,1873.04,1874.19,1873.04,1873.55,682.513,1784858519999,1278754.33044,2334,410.553,769212.57383,0
1784858520000,1873.54,1873.74,1872.61,1873.73,644.652,1784858579999,1207665.25323,1883,219.575,411348.10790,0
1784858580000,1873.73,1874.64,1873.41,1874.06,678.953,1784858639999,1272371.73757,2270,341.331,639697.41898,0
1784858640000,1874.05,1874.06,1871.97,1871.97,1239.365,1784858699999,2320916.51876,2641,396.726,742853.18953,0
1784858700000,1871.97,1871.97,1871.18,1871.52,1063.812,1784858759999,1990866.92120,1879,472.653,884517.39677,0
1784858760000,1871.51,1872.42,1871.25,1872.10,534.351,1784858819999,1000165.92496,1573,233.202,436484.28289,0
1784858820000,1872.10,1872.75,1871.40,1872.74,1089.579,1784858879999,2039434.59220,1788,827.946,1549667.65123,0
1784858880000,1872.74,1873.80,1872.50,1873.55,542.137,1784858939999,1015499.48678,2076,378.527,709006.99712,0
1784858940000,1873.54,1874.23,1873.33,1874.23,469.709,1784858999999,880067.01817,1141,264.871,496251.58036,0
1784859000000,1874.22,1874.95,1873.78,1874.22,572.974,1784859059999,1073987.55359,2146,313.520,587663.06295,0
1784859060000,1874.21,1875.34,1874.01,1875.34,577.393,1784859119999,1082470.57302,1721,444.477,833318.17536,0
1784859120000,1875.35,1876.27,1875.35,1876.27,929.813,1784859179999,1744293.81130,2400,622.911,1168538.85201,0
1784859180000,1876.27,1877.86,1876.27,1877.07,3530.983,1784859239999,6627742.24813,5023,2335.464,4383639.40977,0
1784859240000,1877.07,1877.07,1876.14,1876.28,1017.541,1784859299999,1909374.72839,1524,414.130,777080.21313,0
1784859300000,1876.28,1876.28,1875.40,1875.59,1056.820,1784859359999,1982451.12515,2149,772.710,1449455.50464,0
1784859360000,1875.59,1875.79,1873.62,1873.62,442.425,1784859419999,829494.58470,1596,216.912,406709.45021,0
1784859420000,1873.62,1874.43,1873.21,1873.71,808.599,1784859479999,1515250.55211,2267,330.026,618427.33952,0
1784859480000,1873.70,1874.04,1873.22,1873.50,235.220,1784859539999,440726.33344,1371,107.677,201751.05678,0
1784859540000,1873.50,1873.90,1873.23,1873.55,833.775,1784859599999,1562152.23723,1136,505.270,946614.78936,0
1784859600000,1873.55,1873.56,1872.80,1872.80,635.958,1784859659999,1191130.71956,1101,221.133,414162.88056,0
1784859660000,1872.80,1873.18,1871.19,1872.41,1861.450,1784859719999,3484709.08079,3211,1103.618,2066018.28965,0
1784859720000,1872.40,1872.81,1872.32,1872.80,376.869,1784859779999,705732.30692,1040,269.201,504107.98478,0
1784859780000,1872.81,1873.54,1872.80,1873.53,508.600,1784859839999,952674.97271,1289,269.666,505097.88132,0
1784859840000,1873.54,1876.48,1873.50,1875.35,4954.055,1784859899999,9289752.11929,4100,4435.977,8318228.39558,0
1784859900000,1875.35,1875.93,1874.85,1875.84,781.123,1784859959999,1465062.88279,1722,576.355,1081033.75725,0
1784859960000,1875.83,1876.16,1875.48,1875.77,486.933,1784860019999,913409.22972,1346,275.186,516202.56795,0
1784860020000,1875.77,1875.78,1875.10,1875.71,609.497,1784860079999,1143142.18251,1260,363.315,681389.87741,0
1784860080000,1875.71,1875.76,1874.72,1874.72,591.359,1784860139999,1109153.20764,1115,166.224,311780.80075,0
1784860140000,1874.73,1875.17,1874.26,1875.08,1356.403,1784860199999,2542892.00732,2002,951.670,1784065.56480,0
1784860200000,1875.07,1875.08,1874.00,1874.38,1473.004,1784860259999,2761218.94845,2340,642.443,1204337.80776,0
1784860260000,1874.37,1874.38,1873.27,1873.32,626.063,1784860319999,1173164.96799,2153,229.080,429211.52273,0
1784860320000,1873.32,1873.74,1872.51,1872.52,522.273,1784860379999,978343.64453,1552,146.727,274843.01772,0
1784860380000,1872.51,1872.52,1869.29,1869.29,2992.442,1784860439999,5597161.80221,3469,1009.202,1887487.23652,0
1784860440000,1869.30,1869.30,1866.87,1867.49,9326.478,1784860499999,17420670.22698,7643,1790.061,3343507.01849,0
1784860500000,1867.50,1867.93,1866.01,1867.65,3129.925,1784860559999,5843034.00043,4749,1137.419,2123282.26007,0
1784860560000,1867.65,1867.70,1866.10,1866.34,3856.508,1784860619999,7199322.69971,4376,2860.706,5340214.85675,0
1784860620000,1866.34,1868.21,1866.17,1868.21,1818.535,1784860679999,3394962.69581,2572,1263.624,2359105.84034,0
1784860680000,1868.21,1869.22,1867.70,1868.23,3974.586,1784860739999,7426862.23031,3414,3356.508,6271982.52436,0
1784860740000,1868.23,1868.23,1867.20,1868.03,1435.591,1784860799999,2681537.15100,2144,403.468,753567.24724,0
1784860800000,1868.04,1870.90,1868.04,1869.71,1337.952,1784860859999,2501665.54684,3382,1068.293,1997430.52979,0
1784860860000,1869.71,1869.90,1869.28,1869.61,703.118,1784860919999,1314557.11085,1725,283.086,529233.31679,0
1784860920000,1869.61,1870.37,1869.36,1869.47,985.429,1784860979999,1842570.18726,2051,537.424,1004875.57666,0
1784860980000,1869.47,1869.95,1869.23,1869.95,369.900,1784861039999,691504.39162,925,162.097,303033.96112,0
1784861040000,1869.94,1870.30,1869.47,1869.48,792.691,1784861099999,1482202.41328,1540,410.118,766929.49363,0
1784861100000,1869.47,1870.10,1869.06,1869.61,396.432,1784861159999,741087.24080,1354,170.949,319581.77757,0
1784861160000,1869.60,1870.10,1868.86,1868.86,573.844,1784861219999,1072712.40000,1887,323.886,605431.84598,0
1784861220000,1868.86,1869.10,1864.61,1864.61,4758.603,1784861279999,8883206.94860,6908,1278.109,2385684.04002,0
1784861280000,1864.62,1865.80,1863.68,1864.91,4396.771,1784861339999,8198239.15751,8864,2044.745,3812655.64320,0
1784861340000,1864.91,1866.25,1864.58,1865.62,2943.075,1784861399999,5489688.82954,4038,2005.900,3741384.10047,0
1784861400000,1865.63,1865.94,1864.35,1865.81,1692.837,1784861459999,3157276.45768,3359,999.302,1863883.96913,0
1784861460000,1865.81,1866.89,1865.46,1866.89,1350.143,1784861519999,2519774.25653,3681,849.287,1585044.76414,0
1784861520000,1866.88,1867.50,1865.94,1866.13,2081.687,1784861579999,3886000.42240,4266,1183.195,2208591.00568,0
1784861580000,1866.14,1866.14,1865.00,1865.00,1201.176,1784861639999,2240893.44960,1956,498.538,930036.40264,0
1784861640000,1865.01,1865.70,1864.71,1865.59,819.257,1784861699999,1528040.28119,1818,500.829,934116.07945,0
1784861700000,1865.59,1866.94,1865.58,1866.18,835.488,1784861759999,1559237.92978,2766,528.514,986274.43176,0
1784861760000,1866.18,1866.83,1866.01,1866.02,868.907,1784861819999,1621731.21755,2446,602.881,1125235.62694,0
1784861820000,1866.02,1866.59,1866.01,1866.58,588.330,1784861879999,1098016.01897,1763,357.395,667010.61270,0
1784861880000,1866.58,1868.31,1866.58,1867.89,2129.216,1784861939999,3976284.65577,2902,1402.658,2619284.05067,0
1784861940000,1867.89,1868.93,1867.88,1868.84,1124.050,1784861999999,2100300.78788,2397,691.654,1292354.53664,0
1784862000000,1868.83,1869.34,1867.46,1868.09,1821.635,1784862059999,3403787.16526,3790,929.228,1736491.81244,0
1784862060000,1868.09,1869.65,1868.08,1869.04,1101.247,1784862119999,2058425.75398,2467,756.281,1413617.06083,0
1784862120000,1869.05,1870.20,1869.05,1870.20,991.696,1784862179999,1854289.90151,2107,738.849,1381504.38868,0
1784862180000,1870.20,1872.17,1870.09,1871.99,4723.822,1784862239999,8839803.66880,6033,2838.878,5312638.51726,0
1784862240000,1871.99,1873.20,1871.99,1872.49,1706.653,1784862299999,3195797.72963,3106,1187.827,2224315.30158,0
1784862300000,1872.49,1873.94,1872.24,1873.61,1504.487,1784862359999,2817821.49180,2660,840.160,1573578.58867,0
1784862360000,1873.61,1874.34,1873.20,1873.98,3173.818,1784862419999,5947359.02045,4019,2112.933,3959416.53881,0
1784862420000,1873.98,1875.79,1872.84,1875.41,5007.686,1784862479999,9384830.61627,5634,3242.561,6076794.38954,0
1784862480000,1875.40,1876.54,1875.14,1875.15,4538.571,1784862539999,8513062.07601,4671,2582.866,4844649.01820,0
1784862540000,1875.15,1875.42,1873.81,1874.25,2137.102,1784862599999,4006535.80073,3109,672.313,1260436.60685,0
1784862600000,1874.26,1874.56,1873.57,1874.21,1259.178,1784862659999,2359895.83630,1936,522.941,980052.93596,0
1784862660000,1874.20,1874.32,1873.31,1874.31,2358.630,1784862719999,4419432.82155,2444,788.655,1477868.40619,0
1784862720000,1874.31,1874.94,1874.30,1874.93,1014.904,1784862779999,1902494.50955,1967,419.507,786365.20378,0
1784862780000,1874.93,1875.61,1874.62,1875.00,1313.297,1784862839999,2462600.89498,2458,718.884,1347980.18349,0
1784862840000,1875.00,1875.37,1874.74,1875.37,830.993,1784862899999,1558145.61330,1849,426.972,800585.04744,0
1784862900000,1875.36,1877.87,1875.07,1876.73,4673.046,1784862959999,8769636.64290,5660,2823.183,5297649.14777,0
1784862960000,1876.73,1877.19,1876.44,1876.63,3479.977,1784863019999,6531207.11240,2837,1306.561,2452064.92624,0
1784863020000,1876.63,1877.50,1875.73,1877.09,2099.086,1784863079999,3939017.91025,3190,1012.240,1899505.50803,0
1784863080000,1877.08,1878.64,1877.08,1877.82,4459.982,1784863139999,8375191.12663,3769,3781.347,7100895.94029,0
1784863140000,1877.82,1878.14,1876.41,1876.90,2849.953,1784863199999,5350459.01544,3363,1651.250,3100228.84671,0
1784863200000,1876.89,1878.07,1876.21,1877.95,2760.792,1784863259999,5183015.20999,3417,1734.151,3255611.17708,0
1784863260000,1877.94,1878.87,1877.80,1878.48,1608.521,1784863319999,3021113.77139,2157,1005.762,1889024.59999,0
1784863320000,1878.48,1879.57,1878.00,1878.54,2851.708,1784863379999,5357702.79174,4056,1717.536,3226924.13746,0
1784863380000,1878.53,1878.53,1877.13,1877.14,2893.911,1784863439999,5434825.88719,3606,676.909,1271107.11222,0
1784863440000,1877.15,1878.00,1877.01,1877.04,1340.030,1784863499999,2515791.29163,2699,692.083,1299261.72502,0
1784863500000,1877.04,1878.32,1876.68,1878.32,1131.991,1784863559999,2125038.37400,2583,503.857,945953.55396,0
1784863560000,1878.32,1879.47,1877.44,1878.32,2655.504,1784863619999,4988974.83670,3836,1072.410,2014765.03456,0
1784863620000,1878.31,1881.07,1878.19,1878.46,7062.373,1784863679999,13275234.02114,6718,5189.833,9755193.18375,0
1784863680000,1878.47,1879.23,1878.30,1878.84,1201.395,1784863739999,2256917.90309,2038,830.317,1559835.80920,0
1784863740000,1878.85,1878.85,1877.39,1878.22,3238.077,1784863799999,6080958.63080,3286,838.452,1574734.04837,0
1784863800000,1878.23,1879.19,1878.22,1878.88,1407.729,1784863859999,2644806.72285,2982,714.411,1342201.64343,0
1784863860000,1878.88,1880.00,1878.71,1879.43,2503.181,1784863919999,4704846.02128,2985,887.645,1668271.42829,0
1784863920000,1879.43,1879.43,1878.09,1878.22,1675.734,1784863979999,3147981.56665,2408,907.210,1704196.00531,0
1784863980000,1878.21,1878.22,1877.00,1877.20,1437.262,1784864039999,2698471.79232,1860,203.164,381463.80012,0
1784864040000,1877.19,1877.80,1876.88,1877.79,868.488,1784864099999,1630334.03155,1353,251.275,471700.84200,0
1784864100000,1877.80,1877.91,1877.25,1877.66,813.574,1784864159999,1527594.35864,1471,340.384,639085.27267,0
1784864160000,1877.66,1877.82,1877.34,1877.74,996.873,1784864219999,1871703.72935,1218,496.225,931679.82556,0
1784864220000,1877.74,1877.83,1877.08,1877.83,797.920,1784864279999,1498065.41864,1513,223.801,420170.87092,0
1784864280000,1877.83,1878.30,1877.82,1878.28,4624.004,1784864339999,8684320.34366,1649,4325.918,8124488.48069,0
1784864340000,1878.28,1879.02,1877.85,1877.85,2961.835,1784864399999,5563756.53569,1741,2640.858,4960755.32236,0
1784864400000,1877.85,1878.66,1877.45,1878.61,1385.635,1784864459999,2602238.92088,2463,613.218,1151571.31874,0
1784864460000,1878.61,1878.83,1877.67,1877.69,890.536,1784864519999,1672414.59997,1534,530.329,995860.68468,0
1784864520000,1877.68,1878.26,1877.68,1878.25,316.309,1784864579999,594022.84306,809,167.584,314729.88247,0
1784864580000,1878.25,1878.80,1878.25,1878.80,663.332,1784864639999,1246132.74460,811,285.504,536312.31207,0
1784864640000,1878.79,1880.11,1878.60,1880.11,2524.446,1784864699999,4744759.31128,2322,2138.444,4019203.72434,0
1784864700000,1880.10,1880.10,1879.15,1879.52,3532.692,1784864759999,6640921.64623,2971,1183.167,2223937.46817,0
1784864760000,1879.52,1879.52,1878.60,1878.78,715.863,1784864819999,1345072.36115,1355,291.268,547266.37615,0
1784864820000,1878.78,1878.79,1878.41,1878.69,636.746,1784864879999,1196198.44785,956,315.885,593410.22534,0
1784864880000,1878.69,1879.60,1878.68,1879.51,2324.181,1784864939999,4367981.44389,1322,2187.268,4110675.44463,0
1784864940000,1879.51,1880.32,1879.47,1879.90,5205.175,1784864999999,9784663.97620,2037,4716.219,8865457.55795,0
1784865000000,1879.89,1879.89,1878.82,1879.64,2036.056,1784865059999,3826087.01123,2429,743.109,1396450.12889,0
1784865060000,1879.65,1879.94,1879.40,1879.60,1287.113,1784865119999,2419403.69246,1406,519.474,976436.06429,0
1784865120000,1879.61,1880.08,1879.60,1879.81,651.674,1784865179999,1225016.95432,921,484.142,910074.14931,0
1784865180000,1879.80,1879.95,1878.84,1879.03,901.367,1784865239999,1694174.40203,1644,340.718,640390.90539,0
1784865240000,1879.02,1879.27,1878.90,1879.17,1020.436,1784865299999,1917478.78242,933,532.704,1000996.70083,0
1784865300000,1879.17,1879.27,1879.08,1879.27,435.737,1784865359999,818821.37007,573,341.391,641530.86908,0
1784865360000,1879.27,1880.18,1879.27,1879.99,1153.950,1784865419999,2169245.52211,1493,709.020,1332864.20064,0
1784865420000,1879.99,1879.99,1879.87,1879.88,440.443,1784865479999,827983.94905,520,331.805,623753.60925,0
1784865480000,1879.87,1880.00,1879.87,1879.97,820.034,1784865539999,1541611.81782,761,519.850,977276.80820,0
1784865540000,1879.96,1879.97,1879.44,1879.71,778.684,1784865599999,1463648.76799,1093,346.847,651906.73254,0
1784865600000,1879.70,1880.22,1878.62,1878.82,1457.777,1784865659999,2739717.35429,2577,665.943,1251560.02310,0
1784865660000,1878.83,1879.47,1878.82,1879.39,1052.930,1784865719999,1978569.77438,1471,733.104,1377541.18689,0
1784865720000,1879.39,1879.39,1879.29,1879.30,548.829,1784865779999,1031416.95708,519,202.752,381033.28179,0
1784865780000,1879.30,1879.30,1878.84,1879.25,1403.327,1784865839999,2637098.29925,1257,879.535,1652769.76834,0
1784865840000,1879.26,1879.26,1878.71,1878.88,1243.749,1784865899999,2336980.47931,1504,608.574,1143506.04109,0
1784865900000,1878.88,1879.77,1878.87,1879.31,1248.442,1784865959999,2346327.68651,1621,445.599,837425.45954,0
1784865960000,1879.31,1879.61,1878.71,1879.08,965.861,1784866019999,1815050.48044,1572,237.927,447056.46028,0
1784866020000,1879.08,1880.18,1879.08,1879.66,1320.256,1784866079999,2481493.74185,2127,691.028,1298729.22133,0
1784866080000,1879.66,1879.88,1878.82,1879.04,1921.671,1784866139999,3611547.47919,2463,418.432,786355.54334,0
1784866140000,1879.04,1879.17,1878.50,1879.09,2201.508,1784866199999,4136092.26670,1742,898.289,1687528.66897,0
1784866200000,1879.09,1879.09,1878.18,1878.18,765.950,1784866259999,1438872.71899,1075,201.062,377677.94410,0
1784866260000,1878.18,1878.57,1878.07,1878.57,723.518,1784866319999,1358931.68219,986,370.950,696729.68721,0
1784866320000,1878.57,1878.96,1878.55,1878.66,970.398,1784866379999,1823085.09252,1131,596.065,1119803.78583,0
1784866380000,1878.67,1878.95,1878.50,1878.50,407.554,1784866439999,765690.16030,949,193.824,364152.06752,0
1784866440000,1878.51,1878.75,1877.85,1877.97,969.226,1784866499999,1820314.38121,1281,98.913,185770.19511,0
1784866500000,1877.96,1877.97,1877.16,1877.28,1166.696,1784866559999,2190449.22560,1338,288.230,541167.12726,0
1784866560000,1877.28,1877.74,1877.07,1877.07,753.050,1784866619999,1413724.63528,1166,361.109,677933.17169,0
1784866620000,1877.07,1877.50,1877.07,1877.45,655.182,1784866679999,1229985.35092,1062,333.707,626463.27985,0
1784866680000,1877.45,1878.01,1877.44,1877.85,475.925,1784866739999,893701.26109,888,305.592,573827.77080,0
1784866740000,1877.85,1878.28,1877.74,1878.28,461.677,1784866799999,866962.04670,744,192.532,361547.56513,0
1784866800000,1878.28,1878.28,1877.27,1877.28,402.738,1784866859999,756275.77770,1081,137.888,258937.27752,0
1784866860000,1877.28,1877.28,1876.61,1877.18,1048.326,1784866919999,1967606.80014,1544,279.274,524133.62210,0
1784866920000,1877.18,1878.12,1877.18,1878.10,420.515,1784866979999,789622.35828,1193,256.140,480973.86318,0
1784866980000,1878.11,1880.97,1878.10,1880.84,1091.398,1784867039999,2051628.97614,2667,908.056,1706911.05961,0
1784867040000,1880.83,1881.17,1879.54,1879.55,2183.557,1784867099999,4106018.67744,2341,1308.267,2460161.40612,0
1784867100000,1879.55,1880.00,1879.55,1880.00,277.922,1784867159999,522405.47395,529,213.107,400576.37744,0
1784867160000,1879.99,1880.00,1878.51,1878.66,901.039,1784867219999,1693467.14074,1598,262.593,493449.26008,0
1784867220000,1878.66,1879.80,1878.66,1879.36,717.955,1784867279999,1349243.48895,1689,229.405,431088.63466,0
1784867280000,1879.36,1879.51,1879.27,1879.32,273.636,1784867339999,514264.74976,543,145.220,272920.11484,0
1784867340000,1879.32,1879.32,1879.11,1879.12,175.111,1784867399999,329079.45693,358,90.069,169263.53668,0
1784867400000,1879.11,1879.11,1878.32,1878.62,333.273,1784867459999,626089.61611,835,132.942,249724.67068,0
1784867460000,1878.63,1879.28,1878.62,1879.03,748.348,1784867519999,1406090.99446,1209,547.368,1028424.72703,0
1784867520000,1879.03,1879.37,1879.02,1879.37,397.599,1784867579999,747195.70847,571,202.993,381477.45936,0
1784867580000,1879.37,1880.00,1879.36,1879.55,887.885,1784867639999,1669137.55514,1213,256.479,482116.92057,0
1784867640000,1879.56,1879.56,1878.51,1878.76,1474.177,1784867699999,2769813.27684,1951,1149.083,2158991.39071,0
1784867700000,1878.77,1878.77,1877.53,1877.53,726.730,1784867759999,1364964.80638,1364,112.870,211977.22475,0
1784867760000,1877.54,1878.89,1877.53,1878.43,633.646,1784867819999,1190181.60030,2068,280.621,527039.96378,0
1784867820000,1878.43,1878.58,1877.17,1877.26,1064.789,1784867879999,1999089.99931,1770,374.524,703122.73999,0
1784867880000,1877.27,1877.35,1876.70,1876.90,803.954,1784867939999,1508959.89463,1122,166.535,312565.19048,0
1784867940000,1876.90,1877.13,1876.42,1876.42,493.606,1784867999999,926380.27261,893,137.738,258518.52308,0
1784868000000,1876.42,1876.43,1875.32,1875.41,1471.757,1784868059999,2760586.53410,1845,237.994,446356.96395,0
1784868060000,1875.41,1875.69,1874.53,1874.54,1474.984,1784868119999,2765848.12216,2082,292.754,548985.73873,0
1784868120000,1874.53,1874.88,1874.06,1874.87,2262.060,1784868179999,4240102.21797,1496,480.144,900019.59220,0
1784868180000,1874.88,1875.86,1874.87,1875.61,1289.454,1784868239999,2418221.11660,1568,747.560,1401805.74382,0
1784868240000,1875.61,1875.87,1875.42,1875.73,410.256,1784868299999,769495.66442,781,173.506,325428.01344,0
1784868300000,1875.73,1875.99,1875.00,1875.99,1126.068,1784868359999,2111758.50172,1670,363.729,682109.85685,0
1784868360000,1875.99,1876.50,1875.17,1875.26,1718.478,1784868419999,3223555.59628,2603,923.629,1732439.19539,0
1784868420000,1875.27,1875.84,1875.26,1875.32,764.566,1784868479999,1433961.27333,1252,465.848,873657.84573,0
1784868480000,1875.32,1875.32,1875.11,1875.11,350.402,1784868539999,657091.12739,587,131.690,246957.22821,0
1784868540000,1875.12,1875.38,1875.04,1875.34,976.819,1784868599999,1831645.73081,1148,583.338,1093817.88129,0
1784868600000,1875.34,1876.11,1875.17,1875.18,1032.099,1784868659999,1936098.51455,1831,257.214,482449.19649,0
1784868660000,1875.17,1875.35,1875.04,1875.14,323.086,1784868719999,605845.32517,904,123.729,232017.44417,0
1784868720000,1875.14,1875.52,1875.07,1875.52,408.463,1784868779999,765972.04826,946,159.314,298755.12218,0
1784868780000,1875.52,1875.76,1875.36,1875.73,343.814,1784868839999,644844.56783,968,192.115,360322.47691,0
1784868840000,1875.74,1876.20,1875.62,1875.62,414.148,1784868899999,776908.10039,1099,347.162,651246.29512,0
1784868900000,1875.63,1875.63,1875.19,1875.19,230.652,1784868959999,432594.33482,751,108.211,202955.76491,0
1784868960000,1875.19,1875.31,1874.80,1874.80,297.036,1784869019999,556972.70937,1000,67.400,126382.09415,0
1784869020000,1874.80,1874.85,1874.00,1874.69,1227.708,1784869079999,2301311.96560,1873,366.746,687411.89883,0
1784869080000,1874.68,1874.68,1873.84,1874.00,572.851,1784869139999,1073530.43315,854,203.884,382068.63395,0
1784869140000,1873.99,1875.21,1873.99,1875.05,1496.234,1784869199999,2804758.16464,1294,1258.507,2359159.32971,0
1784869200000,1875.04,1875.13,1873.95,1873.95,866.424,1784869259999,1624229.40751,1350,172.325,323035.64625,0
1784869260000,1873.95,1873.96,1873.32,1873.32,548.432,1784869319999,1027533.80949,1150,148.598,278386.70996,0
1784869320000,1873.32,1874.72,1872.47,1874.52,3837.352,1784869379999,7190545.17950,3876,2384.933,4468965.97416,0
1784869380000,1874.52,1874.62,1874.10,1874.22,766.300,1784869439999,1436350.73696,1421,404.473,758146.96822,0
1784869440000,1874.22,1875.60,1874.21,1874.55,2826.839,1784869499999,5300259.10051,2432,2384.108,4470012.60895,0
1784869500000,1874.55,1875.12,1874.26,1875.11,860.934,1784869559999,1614016.60774,1612,653.443,1225026.17254,0
1784869560000,1875.12,1877.31,1875.12,1877.30,10734.744,1784869619999,20146583.27491,3563,4206.441,7893074.85450,0
1784869620000,1877.31,1880.37,1877.30,1880.00,13965.856,1784869679999,26241753.30266,6288,7724.273,14513333.20385,0
1784869680000,1880.00,1880.65,1878.51,1880.29,5635.138,1784869739999,10592380.13915,3852,4209.349,7911727.13486,0
1784869740000,1880.29,1880.44,1879.47,1879.47,1694.575,1784869799999,3185961.96537,2030,1032.808,1941799.45845,0
1784869800000,1879.47,1879.48,1878.42,1878.42,1275.151,1784869859999,2396149.86104,1715,472.416,887690.70562,0
1784869860000,1878.41,1878.81,1878.21,1878.81,1098.698,1784869919999,2063742.97476,1136,574.131,1078445.51693,0
1784869920000,1878.81,1879.13,1878.62,1878.85,809.619,1784869979999,1521169.23880,972,601.102,1129394.52607,0
1784869980000,1878.85,1879.18,1878.81,1879.12,1110.557,1784870039999,2086737.15593,1099,508.335,955115.98940,0
1784870040000,1879.12,1879.12,1878.87,1879.00,400.505,1784870099999,752551.18174,565,158.652,298111.12741,0
1784870100000,1878.99,1879.00,1878.70,1878.71,632.413,1784870159999,1188177.21758,626,193.313,363201.79422,0
1784870160000,1878.72,1878.85,1878.70,1878.84,293.947,1784870219999,552272.73986,390,153.226,287881.36689,0
1784870220000,1878.85,1880.17,1878.84,1880.01,4965.387,1784870279999,9330629.92957,1554,4486.633,8430880.44398,0
1784870280000,1880.02,1880.32,1880.00,1880.10,5288.813,1784870339999,9943065.28015,1413,725.385,1363783.45104,0
1784870340000,1880.10,1880.27,1880.00,1880.19,1369.983,1784870399999,2575768.54010,878,865.151,1626611.78420,0
1784870400000,1880.19,1880.19,1880.00,1880.00,1431.664,1784870459999,2691547.99303,479,185.986,349659.57126,0
1784870460000,1880.00,1880.65,1879.44,1879.62,1593.756,1784870519999,2996243.33806,2072,842.558,1583865.20780,0
1784870520000,1879.63,1879.89,1879.00,1879.40,1029.658,1784870579999,1935261.29536,1797,736.582,1384437.38305,0
1784870580000,1879.40,1879.56,1879.14,1879.27,292.030,1784870639999,548807.58435,817,187.150,351705.18487,0
1784870640000,1879.28,1879.38,1879.06,1879.38,508.419,1784870699999,955412.01246,606,297.428,558918.12498,0
1784870700000,1879.38,1879.38,1878.92,1879.02,737.631,1784870759999,1386027.84144,779,296.893,557883.60718,0
1784870760000,1879.02,1879.72,1879.02,1879.27,1002.074,1784870819999,1883209.52889,996,694.621,1305369.79598,0
1784870820000,1879.28,1879.28,1879.01,1879.02,408.204,1784870879999,767082.88221,494,128.112,240754.61741,0
1784870880000,1879.01,1879.27,1879.01,1879.27,279.930,1784870939999,526038.82266,436,219.101,411726.57254,0
1784870940000,1879.26,1879.27,1879.14,1879.15,267.680,1784870999999,503025.93836,277,49.216,92486.32168,0
1784871000000,1879.14,1879.15,1878.92,1878.92,653.836,1784871059999,1228558.81121,557,161.107,302728.60487,0
1784871060000,1878.92,1878.93,1878.92,1878.93,1120.372,1784871119999,2105092.54619,401,318.795,598993.48935,0
1784871120000,1878.93,1878.93,1878.54,1878.54,2051.452,1784871179999,3854461.13023,651,62.343,117135.51555,0
1784871180000,1878.54,1878.73,1878.50,1878.51,630.184,1784871239999,1183884.20170,728,393.028,738344.53877,0
1784871240000,1878.51,1879.00,1878.50,1878.96,741.298,1784871299999,1392784.61726,727,438.668,824157.13659,0
1784871300000,1878.96,1879.27,1878.59,1878.60,1093.156,1784871359999,2054020.03777,983,498.582,936830.18305,0
1784871360000,1878.60,1879.22,1878.59,1879.22,929.335,1784871419999,1746156.32786,936,612.272,1150413.81697,0
1784871420000,1879.21,1879.82,1879.04,1879.41,475.530,1784871479999,893691.03277,1199,286.215,537909.96708,0
1784871480000,1879.41,1879.41,1878.76,1878.99,1020.578,1784871539999,1917596.69224,1141,510.829,959780.91390,0
1784871540000,1878.99,1879.00,1878.70,1878.79,599.745,1784871599999,1126776.32667,652,77.029,144719.43600,0
1784871600000,1878.80,1878.80,1878.59,1878.60,499.981,1784871659999,939310.09242,621,103.749,194908.68884,0
1784871660000,1878.60,1878.77,1878.59,1878.77,519.975,1784871719999,976824.08217,590,325.672,611808.40940,0
1784871720000,1878.76,1878.77,1876.67,1878.55,1957.799,1784871779999,3676368.58947,2860,531.431,997591.14517,0
1784871780000,1878.54,1879.07,1878.50,1878.66,551.045,1784871839999,1035330.35325,1156,368.091,691583.44057,0
1784871840000,1878.66,1880.52,1878.66,1879.95,1951.684,1784871899999,3668597.42969,2364,1472.535,2767746.53129,0
1784871900000,1879.96,1880.88,1879.95,1880.79,1335.858,1784871959999,2512034.44592,1415,1147.390,2157579.60868,0
1784871960000,1880.78,1880.99,1880.26,1880.27,2133.256,1784872019999,4011955.19246,1158,939.923,1767742.39656,0
1784872020000,1880.26,1880.98,1880.26,1880.98,682.899,1784872079999,1284201.27515,1062,606.149,1139866.80053,0
1784872080000,1880.98,1881.42,1880.36,1880.37,2307.610,1784872139999,4340941.00542,1678,1620.689,3048771.75326,0
1784872140000,1880.36,1880.37,1879.41,1879.41,779.356,1784872199999,1465259.10019,880,395.723,744025.18221,0
1784872200000,1879.41,1879.88,1878.45,1878.66,3053.877,1784872259999,5738591.12051,2462,875.674,1645471.47874,0
1784872260000,1878.66,1879.48,1878.65,1879.05,922.225,1784872319999,1732705.62591,1415,551.416,1035973.76254,0
1784872320000,1879.04,1879.05,1878.91,1878.91,118.905,1784872379999,223424.84479,351,79.124,148676.60986,0
1784872380000,1878.92,1878.92,1878.67,1878.68,251.305,1784872439999,472168.22110,595,96.782,181840.01002,0
1784872440000,1878.67,1880.59,1877.87,1880.55,4992.557,1784872499999,9383598.34888,4312,3815.055,7170164.32556,0
1784872500000,1880.55,1880.56,1880.29,1880.29,2621.133,1784872559999,4928505.84632,603,257.449,484083.57856,0
1784872560000,1880.29,1880.30,1880.29,1880.30,2704.458,1784872619999,5085169.38881,502,405.599,762647.79970,0
1784872620000,1880.29,1880.30,1880.01,1880.09,1381.616,1784872679999,2597536.50187,904,1005.202,1889816.15710,0
1784872680000,1880.09,1880.10,1880.04,1880.05,351.632,1784872739999,661088.08969,286,257.956,484972.05125,0
1784872740000,1880.04,1880.23,1880.00,1880.15,1783.944,1784872799999,3353917.20533,713,1018.662,1915132.41958,0
1784872800000,1880.14,1880.20,1880.00,1880.20,2980.986,1784872859999,5604355.74223,924,639.789,1202824.25820,0
1784872860000,1880.19,1880.64,1880.02,1880.13,1977.038,1784872919999,3717433.79872,1558,972.413,1828389.54878,0
1784872920000,1880.14,1880.14,1880.00,1880.00,1526.711,1784872979999,2870227.90705,408,222.067,417489.54041,0
1784872980000,1880.01,1880.18,1880.00,1880.01,1328.636,1784873039999,2497906.90152,632,686.662,1290950.33789,0
1784873040000,1880.01,1880.72,1880.00,1880.71,1296.292,1784873099999,2437280.32772,1113,1069.241,2010379.29233,0
1784873100000,1880.72,1880.72,1880.00,1880.00,677.761,1784873159999,1274352.74309,748,78.880,148308.12488,0
1784873160000,1880.01,1880.01,1880.00,1880.01,504.296,1784873219999,948078.29462,371,181.462,341150.37462,0
1784873220000,1880.00,1880.01,1880.00,1880.00,924.612,1784873279999,1738271.29953,320,73.953,139032.37953,0
1784873280000,1880.01,1880.92,1878.02,1880.73,20569.582,1784873339999,38666717.07742,4639,2295.471,4313086.42818,0
1784873340000,1880.74,1881.42,1880.73,1880.93,2218.054,1784873399999,4172351.18678,1713,1640.802,3086432.24566,0
1784873400000,1880.93,1881.88,1880.45,1880.47,2059.706,1784873459999,3874706.78584,3372,1210.949,2277936.74174,0
1784873460000,1880.47,1880.79,1880.10,1880.34,835.880,1784873519999,1571760.72950,1399,461.889,868496.54211,0
1784873520000,1880.34,1881.04,1880.10,1881.04,465.356,1784873579999,875071.23801,1077,310.484,583849.53341,0
1784873580000,1881.03,1881.10,1880.12,1880.58,854.316,1784873639999,1606626.84532,1565,483.329,908927.76487,0
1784873640000,1880.58,1880.94,1880.27,1880.90,1426.735,1784873699999,2683073.16770,1389,838.118,1576187.96647,0
1784873700000,1880.91,1880.91,1880.17,1880.44,486.440,1784873759999,914749.91964,924,316.570,595303.05039,0
1784873760000,1880.44,1881.16,1880.12,1881.09,935.496,1784873819999,1759248.51889,1107,661.514,1243951.08836,0
1784873820000,1881.09,1881.28,1880.41,1880.61,1112.279,1784873879999,2092179.57939,1510,514.821,968335.50341,0
1784873880000,1880.60,1880.73,1880.34,1880.72,342.487,1784873939999,644046.03431,671,184.121,346225.81641,0
1784873940000,1880.72,1885.55,1880.72,1884.64,19349.277,1784873999999,36455807.73094,12050,13377.892,25204965.68863,0
1784874000000,1884.63,1885.18,1883.52,1883.61,4510.126,1784874059999,8498905.30742,3830,1687.643,3180376.93655,0
1784874060000,1883.60,1884.32,1883.59,1884.32,2930.853,1784874119999,5521855.84131,1524,1795.520,3382762.38771,0
1784874120000,1884.32,1884.80,1882.68,1883.21,4288.918,1784874179999,8078866.75833,3137,1165.070,2194394.67127,0
1784874180000,1883.21,1883.44,1882.22,1883.35,1360.258,1784874239999,2561105.05960,2778,863.172,1625242.88930,0
1784874240000,1883.35,1884.00,1883.04,1884.00,1280.376,1784874299999,2411805.14983,1507,1009.193,1900941.62979,0
1784874300000,1884.00,1885.78,1883.97,1884.70,2582.992,1784874359999,4867864.38353,2593,1722.757,3246923.63037,0
1784874360000,1884.69,1884.70,1883.48,1883.93,1989.123,1784874419999,3747396.61935,1476,738.746,1391595.88230,0
1784874420000,1883.93,1884.42,1883.16,1883.16,1007.825,1784874479999,1898638.38989,1581,631.600,1189878.86541,0
1784874480000,1883.15,1883.24,1882.77,1882.78,941.213,1784874539999,1772261.66279,1116,425.170,800545.29010,0
1784874540000,1882.77,1883.36,1882.44,1883.36,843.651,1784874599999,1588506.55612,1329,517.757,974891.97969,0
1784874600000,1883.36,1883.36,1881.27,1881.63,1876.607,1784874659999,3531450.71321,2932,541.972,1019891.89805,0
1784874660000,1881.64,1883.50,1881.63,1883.50,808.826,1784874719999,1522871.81312,1604,470.174,885269.09831,0
1784874720000,1883.50,1883.51,1882.78,1882.79,579.828,1784874779999,1091903.43893,820,252.206,474900.97211,0
1784874780000,1882.79,1883.52,1882.50,1883.21,1491.834,1784874839999,2809091.85628,1587,842.751,1586889.37436,0
1784874840000,1883.21,1884.50,1883.21,1884.49,680.616,1784874899999,1282126.22252,1180,568.574,1071013.70250,0
1784874900000,1884.49,1885.40,1884.49,1885.27,1781.254,1784874959999,3357772.99060,1676,1062.627,2003093.52220,0
1784874960000,1885.28,1887.00,1885.06,1886.08,8205.759,1784875019999,15477010.63899,4975,6328.027,11935365.61412,0
1784875020000,1886.07,1887.32,1885.36,1887.00,6863.076,1784875079999,12945845.16676,4931,4490.858,8471234.13380,0
1784875080000,1887.00,1887.10,1886.29,1886.77,2858.375,1784875139999,5392910.10871,2157,1300.119,2452848.86168,0
1784875140000,1886.77,1887.00,1886.41,1886.41,2369.084,1784875199999,4469799.79872,1346,1249.370,2357142.45906,0
1784875200000,1886.41,1886.76,1886.02,1886.48,2967.065,1784875259999,5596994.69951,2090,2105.110,3970948.15293,0
1784875260000,1886.48,1886.48,1885.64,1886.02,1437.044,1784875319999,2710420.27691,1772,757.868,1429334.89941,0
1784875320000,1886.01,1886.42,1885.88,1885.88,1257.417,1784875379999,2371579.94102,1095,699.020,1318389.04488,0
1784875380000,1885.88,1885.89,1885.64,1885.64,708.838,1784875439999,1336691.32299,600,450.187,848936.03905,0
1784875440000,1885.64,1886.14,1885.42,1885.43,1533.562,1784875499999,2891936.94054,1204,603.924,1138850.05142,0
1784875500000,1885.42,1885.60,1884.52,1884.67,1911.992,1784875559999,3603922.60987,1757,725.644,1367797.62388,0
1784875560000,1884.67,1885.94,1884.59,1885.94,1357.666,1784875619999,2559116.85028,1986,1078.772,2033458.89407,0
1784875620000,1885.94,1886.25,1885.93,1886.03,2460.977,1784875679999,4641592.59921,1558,1406.327,2652377.98069,0
1784875680000,1886.03,1886.15,1885.90,1886.14,1076.352,1784875739999,2030088.86292,699,543.802,1025640.86858,0
1784875740000,1886.14,1886.55,1884.88,1884.88,2181.555,1784875799999,4113761.34007,2080,1126.397,2124000.79283,0
1784875800000,1884.88,1886.01,1884.88,1885.40,897.866,1784875859999,1692865.19390,1582,452.782,853698.02379,0
1784875860000,1885.39,1885.65,1885.01,1885.14,828.573,1784875919999,1562095.63728,1132,648.344,1222299.83965,0
1784875920000,1885.14,1885.96,1885.13,1885.96,764.707,1784875979999,1441896.36251,925,394.831,744470.89228,0
1784875980000,1885.96,1885.96,1885.30,1885.44,820.964,1784876039999,1547977.62476,1129,292.746,551970.95209,0
1784876040000,1885.43,1886.16,1885.43,1886.16,662.603,1784876099999,1249528.73851,992,415.509,783534.83257,0
1784876100000,1886.16,1886.16,1885.53,1885.53,999.638,1784876159999,1885272.80254,1096,422.843,797431.80647,0
1784876160000,1885.54,1886.35,1885.29,1885.80,1274.408,1784876219999,2403374.16719,1703,595.033,1122086.52892,0
1784876220000,1885.80,1886.12,1885.72,1886.11,1365.988,1784876279999,2576142.69660,962,846.463,1596307.77930,0
1784876280000,1886.11,1887.00,1886.11,1886.93,1737.079,1784876339999,3277656.98473,1448,1086.341,2049779.53982,0
1784876340000,1886.93,1887.57,1886.88,1887.28,2873.965,1784876399999,5423437.94418,2446,1837.555,3467536.71940,0
1784876400000,1887.28,1888.83,1887.27,1887.83,9684.445,1784876459999,18285161.79153,4455,8200.474,15483229.31362,0
1784876460000,1887.82,1888.15,1887.52,1887.99,2112.650,1784876519999,3988316.54675,1765,1413.323,2668047.37403,0
1784876520000,1887.99,1892.00,1887.98,1891.88,14325.329,1784876579999,27081022.79262,11395,10272.724,19419439.66054,0
1784876580000,1891.89,1892.53,1890.67,1891.21,5547.479,1784876639999,10491933.77907,6463,2641.525,4995894.90742,0
1784876640000,1891.21,1891.22,1889.43,1889.58,4490.865,1784876699999,8489071.46372,3072,1166.599,2205021.16631,0
1784876700000,1889.58,1890.54,1889.57,1890.42,3016.578,1784876759999,5701911.61367,2602,2094.944,3959818.76480,0
1784876760000,1890.42,1891.50,1890.24,1890.63,2020.341,1784876819999,3819991.92203,2239,1364.038,2579007.93117,0
1784876820000,1890.63,1891.00,1890.30,1890.99,1408.697,1784876879999,2663116.26362,2317,894.067,1690193.53045,0
1784876880000,1890.99,1892.57,1890.99,1892.09,2612.096,1784876939999,4941766.38946,2288,1840.675,3482359.59475,0
1784876940000,1892.10,1894.92,1892.09,1894.62,8079.931,1784876999999,15301445.68626,7652,5845.672,11069968.12877,0
1784877000000,1894.62,1905.25,1894.61,1902.98,66007.822,1784877059999,125482156.32019,34078,47430.939,90154515.20814,0
1784877060000,1902.98,1906.94,1902.98,1904.14,17282.709,1784877119999,32924164.58743,14381,7689.148,14649288.88011,0
1784877120000,1904.14,1908.00,1903.94,1906.50,21261.899,1784877179999,40540665.58555,14644,12964.329,24720651.05871,0
1784877180000,1906.50,1909.32,1905.74,1908.37,28031.424,1784877239999,53479285.13724,11829,20078.805,38308098.51503,0
1784877240000,1908.38,1908.49,1907.00,1907.94,7564.824,1784877299999,14430341.70458,6259,3542.193,6757030.77179,0
1784877300000,1907.94,1907.94,1903.23,1903.92,14855.730,1784877359999,28304376.06447,12497,5024.952,9572877.56576,0
1784877360000,1903.91,1906.19,1903.91,1905.15,8282.160,1784877419999,15776296.57285,7171,3703.507,7054587.81860,0
1784877420000,1905.16,1905.16,1901.95,1903.00,18559.861,1784877479999,35323727.73616,9308,9820.281,18689472.31444,0
1784877480000,1903.00,1903.23,1902.04,1902.28,4228.564,1784877539999,8045345.98959,3828,1838.358,3497684.57289,0
1784877540000,1902.28,1902.95,1901.46,1902.77,8607.610,1784877599999,16373807.72804,4983,6534.246,12429805.12009,0
1784877600000,1902.77,1903.41,1902.00,1902.00,2552.459,1784877659999,4856275.29857,3236,1285.164,2445150.55963,0
1784877660000,1902.01,1902.01,1901.58,1901.76,2364.217,1784877719999,4496171.06029,1962,1113.407,2117401.95077,0
1784877720000,1901.76,1902.96,1901.56,1902.03,4139.260,1784877779999,7873160.15534,3698,2983.562,5674843.76157,0
1784877780000,1902.03,1902.09,1897.52,1897.61,21621.366,1784877839999,41070973.32642,11753,6924.502,13152439.37410,0
1784877840000,1897.61,1897.76,1895.44,1897.30,20490.858,1784877899999,38860109.17334,6691,14776.896,28022246.08944,0
1784877900000,1897.30,1898.00,1896.17,1896.84,4014.437,1784877959999,7616496.34431,4930,1596.571,3029014.75895,0
1784877960000,1896.85,1898.12,1896.85,1897.81,3324.785,1784878019999,6308596.63592,2442,2062.570,3913572.93679,0
1784878020000,1897.80,1897.81,1897.03,1897.79,2655.986,1784878079999,5039577.45125,2692,1446.564,2744765.08294,0
1784878080000,1897.79,1897.79,1896.52,1896.72,1852.907,1784878139999,3515034.96227,1843,526.009,997805.82989,0
1784878140000,1896.72,1897.39,1896.72,1897.06,1375.239,1784878199999,2608927.96597,1466,775.628,1471416.33278,0
1784878200000,1897.06,1897.44,1896.01,1896.82,4288.141,1784878259999,8134296.99167,3119,1462.335,2773957.82095,0
1784878260000,1896.81,1899.60,1896.81,1898.89,7454.426,1784878319999,14153113.11403,6033,5289.140,10041372.79703,0
1784878320000,1898.89,1900.94,1898.52,1900.79,7062.234,1784878379999,13417511.33196,5715,4031.442,7658623.52158,0
1784878380000,1900.78,1900.89,1898.55,1898.55,2883.080,1784878439999,5477963.13263,3706,1323.709,2515401.04331,0
1784878440000,1898.55,1898.55,1895.80,1896.31,14967.007,1784878499999,28387434.21306,7190,5447.234,10328911.38513,0
1784878500000,1896.31,1896.39,1893.69,1894.67,14754.148,1784878559999,27960725.60804,8306,5611.620,10633779.99145,0
1784878560000,1894.67,1894.87,1891.66,1894.23,15087.233,1784878619999,28563135.64174,9417,4980.849,9428787.91923,0
1784878620000,1894.22,1894.80,1893.78,1894.80,2225.899,1784878679999,4216344.18869,2335,1299.633,2461838.38490,0
1784878680000,1894.80,1895.26,1894.55,1895.04,1742.807,1784878739999,3302375.34119,1812,1191.529,2257742.11071,0
1784878740000,1895.04,1895.56,1894.32,1894.32,2218.109,1784878799999,4203351.24852,2334,708.090,1341964.30436,0
1784878800000,1894.32,1894.32,1890.99,1891.50,10843.345,1784878859999,20513672.29008,6381,4320.605,8172218.42516,0
1784878860000,1891.49,1891.50,1888.62,1889.00,13771.500,1784878919999,26027522.47255,8877,3053.078,5770137.96852,0
1784878920000,1888.99,1889.84,1887.33,1888.52,20964.887,1784878979999,39596129.82841,8311,13712.654,25900469.21337,0
1784878980000,1888.53,1889.44,1887.80,1888.41,5597.912,1784879039999,10570955.13191,4077,2832.893,5349251.92509,0
1784879040000,1888.41,1890.15,1888.40,1890.01,3567.985,1784879099999,6741747.45550,2656,2043.706,3861615.75054,0
1784879100000,1890.01,1891.58,1889.88,1891.24,4956.265,1784879159999,9371475.72974,3588,3291.709,6224063.40939,0
1784879160000,1891.24,1891.98,1891.24,1891.78,2475.874,1784879219999,4683242.70065,1941,1942.188,3673726.68125,0
1784879220000,1891.77,1893.09,1891.73,1893.09,2311.746,1784879279999,4374911.92533,2265,1831.911,3466798.86744,0
1784879280000,1893.09,1894.00,1893.08,1893.70,3563.437,1784879339999,6747823.15002,2648,1732.275,3280149.84419,0
1784879340000,1893.70,1894.00,1893.69,1893.99,1219.221,1784879399999,2308979.46744,1068,856.200,1621494.39467,0
1784879400000,1894.00,1894.00,1891.80,1892.66,3722.633,1784879459999,7046204.90115,2891,922.552,1746363.13391,0
1784879460000,1892.65,1893.85,1892.65,1893.85,1074.161,1784879519999,2033731.18290,1874,596.105,1128584.51284,0
1784879520000,1893.84,1894.56,1893.20,1893.21,2390.885,1784879579999,4528354.65115,2442,1259.550,2385692.71455,0
1784879580000,1893.20,1894.11,1893.18,1894.07,1402.319,1784879639999,2655326.94990,1407,951.224,1801153.77011,0
1784879640000,1894.07,1895.40,1893.97,1895.26,5300.467,1784879699999,10043548.24473,3099,4445.841,8424159.81975,0
1784879700000,1895.27,1895.76,1895.26,1895.38,1502.074,1784879759999,2847188.54063,1153,1080.481,2048065.88704,0
1784879760000,1895.38,1895.74,1895.20,1895.62,1156.300,1784879819999,2191711.06451,1230,493.203,934840.54453,0
1784879820000,1895.61,1895.62,1894.70,1894.89,1724.732,1784879879999,3268501.88707,1341,781.651,1481296.63950,0
1784879880000,1894.90,1894.90,1894.80,1894.80,621.018,1784879939999,1176728.97453,538,139.897,265083.06942,0
1784879940000,1894.80,1895.00,1894.80,1895.00,1154.609,1784879999999,2187868.95458,657,741.297,1404672.97758,0
1784880000000,1895.00,1895.00,1894.79,1894.80,2163.480,1784880059999,4099607.41048,914,977.855,1852956.22803,0
1784880060000,1894.80,1894.97,1894.38,1894.79,1530.636,1784880119999,2900010.65959,1533,629.553,1192742.69993,0
1784880120000,1894.80,1894.80,1893.00,1893.00,4387.819,1784880179999,8308423.85304,3398,681.205,1289832.47332,0
1784880180000,1893.00,1893.13,1891.01,1891.41,8558.781,1784880239999,16194496.87614,4738,1974.302,3736167.36341,0
1784880240000,1891.41,1892.41,1890.95,1892.18,6679.211,1784880299999,12633422.50889,4521,1432.311,2709220.49003,0
1784880300000,1892.18,1892.87,1891.24,1892.87,2365.736,1784880359999,4475986.72202,2682,1125.900,2130296.95860,0
1784880360000,1892.87,1892.87,1892.30,1892.31,1060.722,1784880419999,2007701.24194,1320,427.556,809248.45800,0
1784880420000,1892.31,1892.75,1892.00,1892.74,1361.602,1784880479999,2576560.67767,1347,879.392,1664051.25564,0
1784880480000,1892.75,1893.80,1892.75,1893.80,1196.886,1784880539999,2266292.75535,1346,757.183,1433713.77903,0
1784880540000,1893.80,1894.90,1893.80,1894.60,1540.064,1784880599999,2917913.37705,1833,970.048,1837878.11838,0
1784880600000,1894.60,1894.80,1893.86,1894.25,1307.559,1784880659999,2476789.62368,1786,304.560,576925.16211,0
1784880660000,1894.25,1894.25,1892.38,1892.94,2608.686,1784880719999,4938774.88165,2568,444.455,841265.06629,0
1784880720000,1892.94,1892.95,1892.14,1892.15,493.701,1784880779999,934310.13713,973,100.456,190094.34977,0
1784880780000,1892.14,1892.88,1892.00,1892.71,1353.770,1784880839999,2562090.08456,1606,907.135,1716814.16556,0
1784880840000,1892.70,1893.49,1892.70,1892.74,872.567,1784880899999,1651983.17226,1478,423.823,802379.63647,0
1784880900000,1892.74,1893.00,1891.83,1891.88,861.835,1784880959999,1630829.95022,1996,425.528,805197.20596,0
1784880960000,1891.87,1893.00,1891.87,1892.99,1008.571,1784881019999,1908917.16037,1084,726.375,1374747.04499,0
1784881020000,1892.99,1893.42,1892.91,1892.91,1310.938,1784881079999,2481745.38660,1020,809.088,1531659.23079,0
1784881080000,1892.91,1893.38,1891.88,1891.88,846.134,1784881139999,1601474.15125,1273,328.094,620989.36837,0
1784881140000,1891.89,1891.89,1891.39,1891.49,1247.079,1784881199999,2358943.38128,1494,559.123,1057614.72624,0
1784881200000,1891.50,1891.85,1890.89,1890.90,1352.045,1784881259999,2557337.14703,1634,503.691,952718.31530,0
1784881260000,1890.89,1890.99,1889.51,1889.69,2427.930,1784881319999,4588963.35987,2669,541.068,1022608.78591,0
1784881320000,1889.69,1890.12,1888.53,1888.64,3035.348,1784881379999,5734289.34781,2836,987.318,1865307.78424,0
1784881380000,1888.63,1888.69,1887.60,1888.00,2557.614,1784881439999,4829280.92799,2725,850.558,1606048.93960,0
1784881440000,1888.00,1888.00,1886.90,1887.10,3462.126,1784881499999,6533914.77717,3477,1400.369,2643005.56336,0
1784881500000,1887.10,1887.32,1885.18,1886.00,6044.265,1784881559999,11401892.82044,4701,2082.455,3928312.90352,0
1784881560000,1885.99,1887.95,1885.86,1887.66,3725.070,1784881619999,7030562.73345,4273,2239.200,4226379.96866,0
1784881620000,1887.67,1888.66,1887.66,1888.63,1895.685,1784881679999,3579431.41698,2037,1236.632,2335066.98239,0
1784881680000,1888.62,1888.66,1888.50,1888.51,604.473,1784881739999,1141626.90179,569,222.505,420230.51015,0
1784881740000,1888.50,1889.32,1888.50,1889.24,2161.831,1784881799999,4083733.70451,2118,752.543,1421518.57216,0
1784881800000,1889.23,1890.00,1889.01,1889.70,1535.004,1784881859999,2900435.76700,2269,845.386,1597372.20691,0
1784881860000,1889.71,1890.99,1889.70,1890.71,2046.059,1784881919999,3868035.53310,2131,1361.079,2573021.96527,0
1784881920000,1890.71,1891.26,1890.11,1890.80,2051.112,1784881979999,3878020.24011,2277,939.021,1775427.41938,0
1784881980000,1890.79,1890.79,1890.35,1890.67,478.233,1784882039999,904114.08245,1132,280.755,530775.78667,0
1784882040000,1890.67,1890.81,1890.50,1890.69,666.596,1784882099999,1260299.54922,697,442.102,835865.93610,0
1784882100000,1890.69,1890.69,1889.70,1889.70,1894.910,1784882159999,3581871.44461,1257,318.757,602463.32581,0
1784882160000,1889.71,1890.00,1889.00,1890.00,2013.477,1784882219999,3804645.37619,1832,406.983,768972.89717,0
1784882220000,1889.99,1890.84,1889.67,1890.84,989.848,1784882279999,1871104.11313,1484,495.526,936735.19121,0
1784882280000,1890.84,1891.26,1890.83,1891.26,679.902,1784882339999,1285714.98090,823,430.640,814347.36601,0
1784882340000,1891.25,1891.69,1891.08,1891.19,1451.047,1784882399999,2744446.27883,1818,1060.540,2005841.00574,0
1784882400000,1891.19,1891.66,1891.19,1891.38,489.807,1784882459999,926460.88154,682,375.591,710423.92406,0
1784882460000,1891.38,1891.59,1891.02,1891.30,961.265,1784882519999,1817978.49702,1154,635.583,1202016.78618,0
1784882520000,1891.31,1891.55,1891.06,1891.27,470.936,1784882579999,890682.61079,1027,248.650,470263.53315,0
1784882580000,1891.27,1891.56,1891.00,1891.29,544.370,1784882639999,1029529.67210,992,183.044,346183.79929,0
1784882640000,1891.29,1891.90,1891.28,1891.76,891.436,1784882699999,1686198.53855,1409,709.911,1342844.18562,0
1784882700000,1891.75,1891.75,1891.10,1891.23,509.492,1784882759999,963602.39557,802,339.759,642598.56203,0
1784882760000,1891.23,1891.23,1890.50,1890.50,430.560,1784882819999,814113.20531,920,17.087,32310.37368,0
1784882820000,1890.51,1890.96,1890.50,1890.50,402.573,1784882879999,761132.91962,881,197.587,373572.76065,0
1784882880000,1890.51,1890.51,1890.04,1890.04,452.524,1784882939999,855384.99054,672,55.415,104752.49557,0
1784882940000,1890.05,1890.88,1890.04,1890.87,667.998,1784882999999,1262886.77167,1035,412.350,779575.45574,0
1784883000000,1890.87,1890.88,1890.14,1890.15,751.120,1784883059999,1420053.67059,1233,204.784,387162.12156,0
1784883060000,1890.14,1890.15,1889.05,1889.13,863.803,1784883119999,1632024.05640,1661,296.468,560094.47902,0
1784883120000,1889.12,1889.13,1888.76,1888.77,496.500,1784883179999,937879.77983,718,91.925,173650.94036,0
1784883180000,1888.76,1889.12,1888.13,1888.14,870.716,1784883239999,1644473.73338,1535,347.498,656334.79211,0
1784883240000,1888.13,1888.69,1888.00,1888.19,908.882,1784883299999,1716189.41105,1177,392.514,741164.23709,0
1784883300000,1888.18,1888.36,1888.14,1888.14,641.874,1784883359999,1212012.06410,721,290.275,548104.70385,0
1784883360000,1888.14,1888.57,1887.92,1887.93,1266.884,1784883419999,2392269.74132,1254,862.069,1627867.14931,0
1784883420000,1887.92,1888.47,1887.80,1888.32,806.938,1784883479999,1523566.37059,1086,345.124,651596.84152,0
1784883480000,1888.33,1888.43,1887.27,1887.30,921.780,1784883539999,1740424.85450,1638,91.232,172273.15449,0
1784883540000,1887.30,1887.30,1886.90,1887.07,1063.715,1784883599999,2007306.53892,1342,382.054,720953.30338,0
1784883600000,1887.06,1887.57,1887.00,1887.56,1173.609,1784883659999,2214731.51654,1425,745.054,1406007.63895,0
1784883660000,1887.57,1887.89,1886.82,1887.89,1754.664,1784883719999,3311569.68919,2090,638.680,1205365.07148,0
1784883720000,1887.88,1887.89,1887.42,1887.89,2307.999,1784883779999,4357087.01613,1550,1799.707,3397535.64857,0
1784883780000,1887.89,1887.89,1887.50,1887.89,789.882,1784883839999,1491082.71682,1102,451.630,852561.69116,0
1784883840000,1887.88,1887.89,1885.51,1885.84,3245.416,1784883899999,6122388.91210,4143,415.303,783462.56348,0
1784883900000,1885.85,1886.05,1884.10,1884.38,4727.055,1784883959999,8910609.85310,6245,1111.259,2094800.80150,0
1784883960000,1884.39,1885.32,1883.48,1883.49,5735.661,1784884019999,10807713.42461,5285,1891.035,3563160.84521,0
1784884020000,1883.49,1884.72,1881.45,1882.54,9951.370,1784884079999,18736389.40278,11059,3242.218,6104186.01934,0
1784884080000,1882.54,1883.91,1882.43,1883.60,2189.123,1784884139999,4122648.62900,2650,1266.913,2385785.79001,0
1784884140000,1883.59,1884.58,1883.59,1884.37,1543.572,1784884199999,2908185.53511,1789,1018.935,1919699.41102,0
1784884200000,1884.37,1884.56,1882.81,1883.75,4700.179,1784884259999,8855206.86952,3704,987.396,1860179.36235,0
1784884260000,1883.75,1884.00,1882.60,1883.80,2341.000,1784884319999,4409260.37386,3040,1469.958,2768666.76159,0
1784884320000,1883.79,1883.91,1883.19,1883.51,1239.610,1784884379999,2334927.15568,1570,381.114,717856.56933,0
1784884380000,1883.50,1883.82,1883.33,1883.44,1113.850,1784884439999,2098054.97547,1446,579.471,1091482.92850,0
1784884440000,1883.43,1883.44,1881.09,1881.64,4074.538,1784884499999,7667833.88662,3743,806.250,1517230.40397,0
1784884500000,1881.65,1882.29,1875.95,1878.73,16327.062,1784884559999,30674737.86780,11967,3697.368,6947619.70056,0
1784884560000,1878.73,1880.91,1878.72,1880.85,5810.058,1784884619999,10923083.34733,4861,3234.933,6081618.22326,0
1784884620000,1880.86,1881.26,1880.42,1880.84,2012.209,1784884679999,3784876.54415,2320,843.177,1585936.09942,0
1784884680000,1880.83,1880.90,1880.29,1880.90,1657.981,1784884739999,3117975.06677,1809,788.207,1482261.74761,0
1784884740000,1880.90,1880.94,1879.20,1880.92,2313.805,1784884799999,4350149.81879,3627,875.418,1645795.94669,0
1784884800000,1880.92,1882.27,1880.91,1881.00,5104.734,1784884859999,9605590.52802,4779,3393.117,6385086.86708,0
1784884860000,1881.00,1881.34,1880.43,1881.00,1544.258,1784884919999,2904967.23995,2085,781.055,1469272.00434,0
1784884920000,1881.00,1881.11,1879.52,1880.18,1901.993,1784884979999,3576444.89296,2405,600.179,1128570.71388,0
1784884980000,1880.19,1881.78,1880.18,1881.53,2180.379,1784885039999,4101146.64299,2450,885.171,1664909.15608,0
1784885040000,1881.53,1881.59,1880.43,1880.56,825.050,1784885099999,1551980.14009,1460,322.888,607383.64486,0
1784885100000,1880.56,1882.70,1880.55,1882.48,3222.223,1784885159999,6063957.53622,2721,2661.639,5008884.27901,0
1784885160000,1882.49,1883.19,1882.48,1882.54,1944.089,1784885219999,3660440.34980,2307,1310.576,2467593.16479,0
1784885220000,1882.54,1882.54,1881.90,1882.06,1250.608,1784885279999,2353922.31444,1423,321.096,604387.93681,0
1784885280000,1882.07,1882.07,1881.28,1881.76,1899.453,1784885339999,3574335.67727,2346,1226.895,2308630.46397,0
1784885340000,1881.77,1882.20,1881.36,1881.52,1064.356,1784885399999,2002816.62979,1539,345.067,649310.37304,0
1784885400000,1881.52,1882.21,1881.48,1882.05,1375.353,1784885459999,2588164.76201,1949,532.943,1002928.72685,0
1784885460000,1882.06,1882.07,1881.00,1881.46,1798.148,1784885519999,3383175.38757,2117,852.949,1604846.94031,0
1784885520000,1881.46,1882.90,1881.46,1881.48,4363.561,1784885579999,8213469.18083,3916,3046.166,5733520.73588,0
1784885580000,1881.49,1881.86,1881.15,1881.60,1231.424,1784885639999,2316959.38635,1843,364.634,686062.75850,0
1784885640000,1881.61,1881.89,1880.71,1881.89,1897.675,1784885699999,3570147.20298,2471,944.824,1777551.13671,0
1784885700000,1881.89,1882.83,1881.88,1882.24,1280.780,1784885759999,2411032.02814,1886,721.107,1357445.74040,0
1784885760000,1882.23,1883.32,1882.23,1883.31,4046.175,1784885819999,7618318.31750,1399,3631.103,6836802.34981,0
1784885820000,1883.32,1883.68,1882.87,1883.68,1742.296,1784885879999,3281321.34323,2160,821.985,1548063.80551,0
1784885880000,1883.68,1883.89,1882.59,1882.59,1240.892,1784885939999,2337226.90941,1617,752.147,1416706.70390,0
1784885940000,1882.60,1883.95,1882.59,1883.95,1725.611,1784885999999,3250016.43878,1506,1157.223,2179521.89351,0
1784886000000,1883.95,1885.89,1883.95,1885.21,3922.093,1784886059999,7393656.68513,3581,2622.673,4944103.30336,0
1784886060000,1885.21,1885.44,1884.42,1884.60,2240.454,1784886119999,4223384.18607,1561,665.302,1254096.52801,0
1784886120000,1884.60,1885.28,1884.57,1884.91,2856.268,1784886179999,5383631.92125,1880,1489.336,2807144.99117,0
1784886180000,1884.92,1885.42,1884.90,1885.01,1916.179,1784886239999,3612359.55831,1135,1084.371,2044195.58036,0
1784886240000,1885.00,1885.22,1884.76,1884.76,836.706,1784886299999,1577224.38481,764,384.839,725397.77591,0
1784886300000,1884.77,1885.25,1884.66,1885.25,719.766,1784886359999,1356573.10141,745,429.913,810283.75824,0
1784886360000,1885.24,1886.88,1885.24,1886.67,2520.098,1784886419999,4753519.57248,2532,1737.915,3278140.54361,0
1784886420000,1886.66,1886.67,1885.49,1885.50,1818.280,1784886479999,3429601.18917,2014,577.495,1089156.45642,0
1784886480000,1885.49,1885.50,1884.67,1884.67,1087.924,1784886539999,2050884.88548,1397,298.723,563189.38699,0
1784886540000,1884.66,1885.02,1884.34,1884.34,729.281,1784886599999,1374539.28534,1085,394.884,744278.79290,0
1784886600000,1884.35,1884.93,1883.99,1884.93,878.238,1784886659999,1654940.92028,1337,164.104,309252.68220,0
1784886660000,1884.93,1886.29,1884.92,1885.98,1069.818,1784886719999,2017556.04739,1943,591.011,1114480.98175,0
1784886720000,1885.99,1887.40,1885.98,1887.34,1943.058,1784886779999,3666328.76206,2339,1470.222,2774227.35837,0
1784886780000,1887.33,1887.48,1887.00,1887.34,1239.836,1784886839999,2339875.99810,1151,750.008,1415441.51509,0
1784886840000,1887.34,1887.70,1887.22,1887.23,1183.240,1784886899999,2233370.58665,1280,611.447,1154129.63231,0
1784886900000,1887.23,1887.43,1887.00,1887.43,684.092,1784886959999,1291012.43442,891,189.976,358521.62914,0
1784886960000,1887.42,1887.42,1886.79,1887.10,1295.978,1784887019999,2445612.94315,1363,225.380,425284.01401,0
1784887020000,1887.10,1887.10,1886.40,1886.54,1583.937,1784887079999,2988692.96012,1188,281.590,531336.79655,0
1784887080000,1886.53,1886.88,1886.41,1886.61,538.019,1784887139999,1015024.65630,865,270.966,511188.96596,0
1784887140000,1886.61,1887.08,1886.10,1887.07,638.105,1784887199999,1203944.49666,1303,262.046,494413.95044,0
1784887200000,1887.08,1887.91,1886.12,1887.48,2345.831,1784887259999,4426745.70539,2856,936.241,1766936.81642,0
1784887260000,1887.48,1887.48,1885.99,1886.13,1515.990,1784887319999,2859885.45746,1323,620.006,1169530.69612,0
1784887320000,1886.12,1886.49,1885.79,1886.47,1301.329,1784887379999,2454638.84201,1527,267.425,504433.23246,0
1784887380000,1886.46,1887.00,1885.63,1886.35,1447.886,1784887439999,2731113.34157,2109,484.943,914780.25704,0
1784887440000,1886.35,1887.00,1886.14,1886.35,1466.958,1784887499999,2767511.81168,1552,988.376,1864679.65046,0
1784887500000,1886.35,1886.35,1885.51,1885.52,722.577,1784887559999,1362575.20695,1056,378.731,714195.14693,0
1784887560000,1885.51,1885.99,1885.34,1885.34,1041.939,1784887619999,1964612.27077,1341,275.469,519411.75412,0
1784887620000,1885.35,1886.00,1885.28,1885.29,476.885,1784887679999,899223.35567,1311,118.426,223309.65328,0
1784887680000,1885.29,1885.29,1884.67,1884.87,857.805,1784887739999,1616996.79171,1326,186.475,351504.43400,0
1784887740000,1884.87,1884.88,1884.13,1884.34,641.749,1784887799999,1209422.54865,1174,160.067,301659.32500,0
1784887800000,1884.35,1885.00,1884.35,1884.91,831.522,1784887859999,1567204.25603,1079,480.560,905701.11586,0
1784887860000,1884.91,1884.91,1884.36,1884.36,675.296,1784887919999,1272778.92712,859,129.170,243453.58810,0
1784887920000,1884.36,1884.36,1882.44,1883.01,2035.162,1784887979999,3832408.43550,2590,692.169,1303216.88456,0
1784887980000,1883.02,1883.02,1881.81,1881.85,1634.075,1784888039999,3075692.71333,1823,264.860,498501.13811,0
1784888040000,1881.85,1882.79,1881.69,1882.27,915.127,1784888099999,1722498.59894,1395,584.845,1100744.34173,0
1784888100000,1882.28,1883.56,1881.94,1883.38,1146.607,1784888159999,2158648.16705,1625,690.953,1300853.92375,0
1784888160000,1883.39,1883.56,1882.93,1883.10,1291.334,1784888219999,2431910.89847,1072,590.089,1111261.77723,0
1784888220000,1883.10,1883.25,1881.52,1881.71,1109.978,1784888279999,2089578.82746,1671,266.956,502509.96638,0
1784888280000,1881.71,1881.96,1881.03,1881.36,2117.837,1784888339999,3985049.59549,1876,420.204,790667.76637,0
1784888340000,1881.36,1881.58,1880.93,1881.55,899.504,1784888399999,1692217.09995,1339,289.888,545362.74290,0
1784888400000,1881.54,1882.45,1881.20,1882.17,1606.306,1784888459999,3022805.37948,2210,1302.881,2451827.12291,0
1784888460000,1882.17,1883.00,1881.80,1883.00,1236.909,1784888519999,2328412.03546,2140,658.154,1238895.23357,0
1784888520000,1882.99,1884.32,1882.99,1884.00,1076.468,1784888579999,2027736.90676,1408,687.040,1294084.66997,0
1784888580000,1884.00,1884.99,1883.99,1884.76,1138.902,1784888639999,2146317.15971,1722,458.278,863526.24131,0
1784888640000,1884.76,1884.76,1884.07,1884.30,641.371,1784888699999,1208597.28009,1595,433.274,816437.74898,0
1784888700000,1884.30,1884.30,1883.34,1883.83,954.950,1784888759999,1798998.47622,1309,314.128,591727.22454,0
1784888760000,1883.84,1884.91,1883.83,1884.65,580.196,1784888819999,1093394.77147,1257,292.549,551297.02269,0
1784888820000,1884.65,1884.82,1884.39,1884.77,838.131,1784888879999,1579592.12631,865,300.561,566455.63167,0
1784888880000,1884.77,1885.00,1884.68,1885.00,838.109,1784888939999,1579723.05522,656,403.622,760775.15624,0
1784888940000,1885.00,1885.00,1884.07,1884.08,698.286,1784888999999,1315982.52798,1240,286.692,540203.02572,0
1784889000000,1884.09,1885.42,1884.08,1884.51,796.938,1784889059999,1502152.24474,1789,395.740,745930.58962,0
1784889060000,1884.51,1885.41,1884.50,1885.39,1303.918,1784889119999,2457979.43195,1404,1041.428,1963138.71896,0
1784889120000,1885.40,1885.47,1885.04,1885.25,816.825,1784889179999,1540003.35650,1016,254.396,479620.18994,0
1784889180000,1885.25,1885.76,1885.00,1885.01,614.907,1784889239999,1159366.78605,1141,433.581,817490.76555,0
1784889240000,1885.00,1885.15,1884.00,1884.00,486.477,1784889299999,916760.06085,1006,177.760,335016.36122,0
1784889300000,1884.01,1884.08,1883.23,1884.08,658.844,1784889359999,1241009.50056,1196,246.459,464214.54842,0
1784889360000,1884.08,1884.99,1884.08,1884.99,623.933,1784889419999,1175767.08207,1006,557.916,1051355.35606,0
1784889420000,1884.99,1885.14,1884.98,1885.14,818.475,1784889479999,1542884.65830,722,299.292,564187.04824,0
1784889480000,1885.14,1885.56,1884.70,1885.54,815.676,1784889539999,1537609.42112,1185,493.526,930339.80573,0
1784889540000,1885.54,1885.55,1883.63,1883.63,345.802,1784889599999,651790.40453,1310,172.178,324535.92976,0
1784889600000,1883.63,1883.64,1883.00,1883.00,682.418,1784889659999,1285160.04498,1086,244.852,461103.11306,0
1784889660000,1883.00,1884.52,1883.00,1884.38,660.798,1784889719999,1244989.44641,1388,439.748,828478.83319,0
1784889720000,1884.38,1884.38,1884.37,1884.38,92.330,1784889779999,173984.53009,183,64.799,122105.93962,0
1784889780000,1884.38,1884.38,1883.70,1884.03,996.226,1784889839999,1876887.92460,1192,654.470,1232959.53483,0
1784889840000,1884.03,1884.07,1883.17,1883.17,281.395,1784889899999,530052.41869,630,64.294,121123.95596,0
1784889900000,1883.18,1883.54,1882.50,1882.99,615.640,1784889959999,1159148.89879,1625,392.805,739573.55214,0
1784889960000,1882.98,1884.02,1882.97,1883.92,545.485,1784890019999,1027376.89930,1321,307.702,579518.49754,0
1784890020000,1883.92,1884.13,1883.85,1883.95,483.690,1784890079999,911250.21097,713,153.214,288647.21154,0
1784890080000,1883.95,1884.18,1883.58,1884.06,615.364,1784890139999,1159275.73295,1317,424.256,799251.25659,0
1784890140000,1884.05,1884.05,1883.73,1884.05,198.679,1784890199999,374293.10383,599,136.136,256468.28286,0
1784890200000,1884.05,1884.05,1883.00,1883.00,391.598,1784890259999,737558.52945,757,44.998,84750.56379,0
1784890260000,1883.01,1884.00,1882.56,1882.77,872.445,1784890319999,1643230.00805,1833,135.311,254831.32759,0
1784890320000,1882.78,1882.78,1881.66,1881.99,739.817,1784890379999,1392369.69565,1260,274.187,515961.72997,0
1784890380000,1882.00,1882.00,1880.01,1880.32,1932.469,1784890439999,3634303.26779,2719,442.274,831789.82029,0
1784890440000,1880.33,1881.04,1879.29,1880.70,2531.731,1784890499999,4759597.15280,3175,1423.271,2675722.48029,0
1784890500000,1880.70,1881.99,1880.41,1881.87,1057.243,1784890559999,1989103.51648,1994,580.443,1091948.77974,0
1784890560000,1881.87,1882.48,1881.86,1882.48,762.758,1784890619999,1435677.96134,822,665.607,1252841.28534,0
1784890620000,1882.48,1882.48,1882.04,1882.04,1303.904,1784890679999,2454293.54613,1065,310.038,583538.56508,0
1784890680000,1882.05,1882.79,1882.04,1882.78,520.279,1784890739999,979388.65783,1140,393.801,741294.10212,0
1784890740000,1882.79,1882.98,1882.43,1882.80,537.369,1784890799999,1011764.68454,1113,426.551,803118.77809,0
1784890800000,1882.80,1882.98,1880.85,1881.24,1620.018,1784890859999,3048244.16820,2571,508.167,956127.35029,0
1784890860000,1881.24,1881.61,1880.99,1881.21,1342.017,1784890919999,2524680.56418,1655,415.889,782330.01422,0
1784890920000,1881.22,1881.79,1880.68,1881.52,1347.728,1784890979999,2535311.09276,2397,590.683,1111166.33603,0
1784890980000,1881.53,1882.73,1881.42,1882.61,587.760,1784891039999,1106281.53050,1609,403.631,759723.58085,0
1784891040000,1882.60,1882.61,1881.52,1882.05,473.527,1784891099999,891143.24521,1304,295.639,556337.60035,0
1784891100000,1882.05,1883.45,1882.05,1883.45,682.789,1784891159999,1285660.24147,1516,341.149,642372.03674,0
1784891160000,1883.45,1883.45,1882.25,1882.71,981.184,1784891219999,1847252.42228,1788,508.075,956461.08739,0
1784891220000,1882.72,1883.39,1882.46,1882.46,470.295,1784891279999,885542.27228,1442,245.996,463173.39291,0
1784891280000,1882.46,1882.65,1881.94,1881.95,542.376,1784891339999,1020869.30108,1386,369.770,695994.94860,0
1784891340000,1881.95,1881.95,1880.35,1880.53,522.705,1784891399999,983248.41973,1733,161.517,303801.00438,0
1784891400000,1880.53,1880.53,1879.01,1879.33,3167.536,1784891459999,5953260.37275,3677,714.222,1342366.59446,0
1784891460000,1879.33,1880.62,1879.33,1880.55,1621.913,1784891519999,3049574.63593,2032,1137.934,2139572.83799,0
1784891520000,1880.56,1881.79,1880.55,1881.68,709.532,1784891579999,1334921.50384,1373,361.303,679759.81852,0
1784891580000,1881.68,1882.22,1881.51,1882.07,1246.258,1784891639999,2345381.37087,1369,898.772,1691418.36062,0
1784891640000,1882.06,1882.06,1880.17,1880.18,1510.777,1784891699999,2842441.26365,1722,266.135,500752.74646,0
1784891700000,1880.17,1882.52,1880.17,1882.52,1063.014,1784891759999,1999941.93435,2131,752.367,1415387.35406,0
1784891760000,1882.52,1882.52,1881.65,1881.98,754.074,1784891819999,1419221.46222,1318,289.758,545320.79228,0
1784891820000,1881.99,1882.80,1881.97,1882.37,778.754,1784891879999,1465904.90708,1139,519.379,977588.05709,0
1784891880000,1882.37,1882.69,1882.11,1882.69,671.277,1784891939999,1263580.65119,1049,444.288,836303.18449,0
1784891940000,1882.70,1882.70,1881.73,1882.24,1188.263,1784891999999,2236587.35171,1571,740.297,1393470.72395,0
1784892000000,1882.24,1882.24,1882.00,1882.01,362.891,1784892059999,682979.81178,536,166.578,313505.43836,0
1784892060000,1882.03,1883.00,1882.03,1882.71,671.581,1784892119999,1264469.32189,1374,350.978,660812.61964,0
1784892120000,1882.70,1883.19,1882.70,1883.16,511.240,1784892179999,962662.06481,676,469.006,883134.31516,0
1784892180000,1883.16,1883.16,1881.55,1882.10,2386.747,1784892239999,4492923.13470,2140,944.615,1777750.92953,0
1784892240000,1882.11,1882.32,1881.82,1882.04,294.020,1784892299999,553394.20175,735,110.963,208838.76278,0
1784892300000,1882.04,1882.04,1880.24,1880.24,1568.454,1784892359999,2950178.52126,2355,158.613,298357.12980,0
1784892360000,1880.25,1881.14,1880.25,1881.01,927.039,1784892419999,1743552.39518,1407,483.725,909776.00854,0
1784892420000,1881.00,1881.44,1880.55,1880.70,1015.922,1784892479999,1911020.81962,1636,335.327,630730.78650,0
1784892480000,1880.70,1880.80,1880.50,1880.51,427.833,1784892539999,804565.28296,642,165.297,310862.81520,0
1784892540000,1880.51,1880.51,1880.18,1880.50,663.279,1784892599999,1247149.32997,920,351.801,661470.76222,0
1784892600000,1880.51,1881.23,1879.61,1879.78,2377.553,1784892659999,4470259.88734,2537,827.595,1556214.75839,0
1784892660000,1879.78,1881.15,1879.18,1879.48,1127.086,1784892719999,2119019.13637,2359,415.473,781161.26943,0
1784892720000,1879.48,1880.65,1877.32,1880.64,4679.067,1784892779999,8789714.72394,5310,2716.646,5103780.37794,0
1784892780000,1880.65,1881.20,1880.13,1880.13,1199.452,1784892839999,2255825.69540,2414,636.111,1196345.39239,0
1784892840000,1880.13,1880.86,1879.45,1879.88,1442.584,1784892899999,2712161.12212,1877,422.197,793766.26036,0
1784892900000,1879.88,1879.88,1879.00,1879.00,703.023,1784892959999,1321289.02476,1219,95.141,178816.73026,0
1784892960000,1879.00,1879.99,1878.50,1879.96,1510.712,1784893019999,2838676.89549,2106,495.330,930791.25097,0
1784893020000,1879.96,1879.97,1879.11,1879.45,804.346,1784893079999,1511799.69766,1244,422.389,793863.06775,0
1784893080000,1879.46,1880.00,1879.13,1879.20,2271.803,1784893139999,4269955.63510,2340,958.518,1801477.74919,0
1784893140000,1879.20,1880.34,1878.75,1879.98,4459.413,1784893199999,8381665.42956,3136,3493.478,6566019.53386,0
1784893200000,1879.98,1879.98,1878.73,1878.87,1058.226,1784893259999,1988380.01342,1801,543.000,1020218.86612,0
1784893260000,1878.88,1879.50,1878.87,1879.49,312.119,1784893319999,586575.83618,687,196.209,368734.91823,0
1784893320000,1879.50,1879.71,1879.13,1879.14,857.730,1784893379999,1612106.38478,1106,118.301,222346.96361,0
1784893380000,1879.14,1879.73,1878.63,1878.91,686.884,1784893439999,1290710.23368,1856,271.791,510733.15141,0
1784893440000,1878.92,1879.37,1877.66,1877.95,2196.617,1784893499999,4126171.64849,2286,461.104,866196.00103,0
1784893500000,1877.96,1878.54,1877.66,1877.66,1517.866,1784893559999,2850679.73578,2260,836.463,1570944.35677,0
1784893560000,1877.66,1877.73,1875.31,1876.88,9949.095,1784893619999,18668271.03247,8402,2100.383,3941046.76797,0
1784893620000,1876.88,1877.80,1876.41,1876.56,3072.478,1784893679999,5767102.49558,3524,1722.689,3233606.87864,0
1784893680000,1876.56,1877.00,1875.22,1876.74,3469.945,1784893739999,6509825.77552,3535,1053.737,1976687.66859,0
1784893740000,1876.74,1878.25,1876.48,1878.23,1293.363,1784893799999,2428401.64178,2347,872.177,1637529.12506,0
1784893800000,1878.23,1879.12,1878.22,1879.12,1884.279,1784893859999,3539918.82444,1927,1582.721,2973419.31842,0
1784893860000,1879.12,1879.24,1878.51,1878.92,1036.671,1784893919999,1947880.19046,1459,650.020,1221366.17585,0
1784893920000,1878.91,1879.51,1878.90,1879.00,1012.714,1784893979999,1903037.08836,1636,719.207,1351483.64213,0
1784893980000,1879.00,1880.39,1878.81,1880.13,2969.221,1784894039999,5581170.43464,2450,2054.371,3861550.64896,0
1784894040000,1880.13,1883.00,1880.12,1882.18,8706.060,1784894099999,16386552.16105,5861,6694.288,12599970.28622,0
1784894100000,1882.19,1882.19,1881.01,1881.05,4571.981,1784894159999,8602236.43252,3956,2787.134,5243914.64167,0
1784894160000,1881.05,1882.06,1880.85,1881.35,2539.052,1784894219999,4777564.78551,2487,1394.386,2623517.49034,0
1784894220000,1881.35,1882.01,1880.98,1880.98,611.704,1784894279999,1151000.60585,1305,438.071,824302.22990,0
1784894280000,1880.98,1883.78,1880.74,1883.76,2107.553,1784894339999,3966854.59136,4751,1479.031,2783798.96610,0
1784894340000,1883.75,1883.75,1882.71,1883.03,3325.575,1784894399999,6262868.63357,5216,1739.710,3276280.02471,0
1784894400000,1883.02,1883.03,1881.90,1881.99,2134.455,1784894459999,4017824.54359,3662,549.313,1033933.30962,0
1784894460000,1881.98,1882.62,1881.40,1882.30,995.376,1784894519999,1873353.89723,2290,639.338,1203272.95919,0
1784894520000,1882.29,1882.44,1881.11,1881.49,668.636,1784894579999,1258338.05936,2235,247.627,466003.04618,0
1784894580000,1881.48,1882.00,1880.83,1880.84,400.351,1784894639999,753195.17271,1252,129.611,243854.84864,0
1784894640000,1880.84,1881.42,1880.83,1881.22,687.425,1784894699999,1293210.96036,1146,173.337,326056.49661,0
1784894700000,1881.22,1881.43,1880.59,1880.97,708.205,1784894759999,1332125.71295,1129,268.542,505137.63174,0
1784894760000,1880.96,1882.59,1880.96,1882.38,941.038,1784894819999,1770848.97189,1714,636.518,1197748.74217,0
1784894820000,1882.37,1882.43,1881.79,1881.94,383.342,1784894879999,721472.81517,1409,214.212,403152.03916,0
1784894880000,1881.94,1881.94,1881.19,1881.78,299.814,1784894939999,564099.78605,1050,122.047,229633.03325,0
1784894940000,1881.78,1884.13,1881.77,1884.13,1777.691,1784894999999,3348252.46848,2402,1457.483,2745075.22079,0
1784895000000,1884.13,1884.13,1882.73,1882.87,1847.475,1784895059999,3479786.94396,1982,453.905,854915.43202,0
1784895060000,1882.87,1883.52,1882.41,1883.52,587.654,1784895119999,1106579.03002,1392,458.810,863957.00480,0
1784895120000,1883.51,1883.51,1882.90,1882.93,874.454,1784895179999,1646735.55296,1198,229.960,433022.94692,0
1784895180000,1882.92,1883.01,1882.65,1882.65,351.776,1784895239999,662344.33771,613,156.994,295592.64192,0
1784895240000,1882.66,1883.01,1882.65,1882.85,273.942,1784895299999,515792.89575,753,231.155,435227.64276,0
1784895300000,1882.85,1883.50,1882.17,1882.31,2271.688,1784895359999,4277101.85705,2243,1012.985,1907573.60632,0
1784895360000,1882.31,1882.79,1881.96,1882.78,435.769,1784895419999,820264.40263,1072,192.317,362027.38978,0
1784895420000,1882.77,1883.66,1882.77,1883.17,1069.570,1784895479999,2014304.79232,1760,914.426,1722137.18640,0
1784895480000,1883.17,1883.17,1882.58,1882.58,675.933,1784895539999,1272661.97595,1472,193.257,363869.28754,0
1784895540000,1882.58,1882.91,1881.95,1882.18,752.478,1784895599999,1416532.14083,1875,364.754,686660.92702,0
1784895600000,1882.18,1882.18,1881.45,1881.46,415.054,1784895659999,780971.74908,1263,28.326,53297.19310,0
1784895660000,1881.45,1882.49,1881.45,1882.11,1156.941,1784895719999,2177631.48452,2137,485.700,914147.54807,0
1784895720000,1882.10,1883.56,1882.10,1883.10,1080.092,1784895779999,2033537.81531,2549,663.241,1248670.67265,0
1784895780000,1883.09,1884.07,1882.97,1883.85,1371.087,1784895839999,2582713.42273,2406,923.696,1739999.98328,0
1784895840000,1883.85,1884.90,1883.85,1884.90,1216.074,1784895899999,2291611.81102,2397,893.565,1683844.55131,0
1784895900000,1884.90,1884.90,1882.00,1883.98,4601.042,1784895959999,8664376.39399,5966,1606.004,3023856.36496,0
1784895960000,1883.97,1885.00,1883.97,1884.74,1633.203,1784896019999,3078017.19255,2486,1179.113,2222252.64992,0
1784896020000,1884.74,1885.20,1884.18,1884.41,1431.464,1784896079999,2697928.35515,1938,946.066,1783064.59473,0
1784896080000,1884.40,1884.52,1882.88,1882.99,2901.806,1784896139999,5467090.96743,3081,2116.769,3988051.83161,0
1784896140000,1883.00,1883.09,1881.75,1881.85,2152.684,1784896199999,4051934.43535,1839,525.628,989526.44836,0
1784896200000,1881.84,1882.77,1881.36,1882.76,1908.268,1784896259999,3591391.52057,2750,866.799,1631357.22512,0
1784896260000,1882.76,1882.76,1882.00,1882.40,544.755,1784896319999,1025387.87812,1571,270.501,509165.06034,0
1784896320000,1882.40,1883.18,1882.40,1883.18,642.153,1784896379999,1209058.64769,1208,339.545,639309.11225,0
1784896380000,1883.18,1883.56,1882.92,1882.92,535.060,1784896439999,1007619.98803,1061,340.842,641861.68908,0
1784896440000,1882.91,1882.91,1879.89,1880.05,1804.555,1784896499999,3393794.79576,2991,282.997,532163.71467,0
1784896500000,1880.05,1880.46,1879.61,1880.46,2489.113,1784896559999,4679414.20294,2411,993.753,1868168.11187,0
1784896560000,1880.46,1880.46,1879.28,1879.54,2084.809,1784896619999,3918690.68958,2086,612.417,1151076.90041,0
1784896620000,1879.55,1881.27,1879.54,1881.06,821.382,1784896679999,1544740.10715,1842,427.529,803985.40821,0
1784896680000,1881.05,1881.27,1880.48,1880.84,659.346,1784896739999,1240182.12011,1549,302.999,569895.57119,0
1784896740000,1880.84,1881.61,1880.84,1880.99,452.554,1784896799999,851378.19373,1215,199.159,374669.33955,0
1784896800000,1880.99,1881.00,1880.01,1880.19,422.480,1784896859999,794397.31820,973,99.573,187213.10316,0
1784896860000,1880.18,1880.18,1879.10,1879.11,1104.980,1784896919999,2077046.03902,1502,444.894,836320.04266,0
1784896920000,1879.10,1879.10,1877.58,1877.86,3630.189,1784896979999,6818742.31207,2755,1026.746,1928357.99938,0
1784896980000,1877.86,1878.26,1877.41,1878.01,1998.135,1784897039999,3752186.35321,1973,1323.739,2485798.45961,0
1784897040000,1878.00,1878.01,1876.88,1877.06,2442.058,1784897099999,4584070.52072,1804,726.384,1363466.70336,0
1784897100000,1877.07,1878.52,1877.06,1877.95,1292.409,1784897159999,2426891.94314,1925,727.960,1366982.28575,0
1784897160000,1877.96,1877.96,1875.85,1876.54,3264.561,1784897219999,6126555.49697,3246,1084.091,2034331.76935,0
1784897220000,1876.54,1876.55,1872.47,1876.06,21915.593,1784897279999,41080549.33433,11350,7277.262,13642279.24613,0
1784897280000,1876.06,1876.53,1873.56,1874.12,7995.008,1784897339999,14987660.20710,7624,2073.837,3887724.73751,0
1784897340000,1874.13,1875.00,1873.21,1874.74,3375.294,1784897399999,6325899.30911,4081,1902.815,3566120.38672,0
1784897400000,1874.74,1875.88,1874.73,1875.42,1499.152,1784897459999,2811623.74717,2324,955.800,1792546.12487,0
1784897460000,1875.41,1876.00,1875.28,1875.87,1495.784,1784897519999,2805758.26787,1859,875.617,1642459.07148,0
1784897520000,1875.87,1875.87,1874.73,1874.73,1796.614,1784897579999,3369320.30029,2180,319.384,598949.38139,0
1784897580000,1874.73,1874.73,1873.83,1874.20,2332.112,1784897639999,4371016.33792,3163,770.573,1444196.59033,0
1784897640000,1874.19,1874.97,1873.85,1874.54,1988.371,1784897699999,3726971.78456,2264,1327.038,2487263.18449,0
1784897700000,1874.55,1875.30,1874.26,1875.23,2783.074,1784897759999,5217879.41643,2259,2281.277,4277098.91678,0
1784897760000,1875.22,1875.23,1871.40,1871.41,12478.980,1784897819999,23368149.96186,7470,2304.725,4317166.34103,0
1784897820000,1871.40,1872.45,1871.00,1871.52,6339.349,1784897879999,11865625.01722,6067,2293.081,4292030.42510,0
1784897880000,1871.52,1872.23,1871.37,1871.93,1845.334,1784897939999,3453858.22248,2186,1087.314,2035027.81869,0
1784897940000,1871.93,1872.27,1871.63,1871.89,2083.566,1784897999999,3900091.02674,1851,1109.937,2077556.32633,0
1784898000000,1871.90,1874.62,1871.71,1872.52,9061.201,1784898059999,16973426.11447,7496,6363.150,11919113.13355,0
1784898060000,1872.53,1872.90,1871.60,1871.80,2912.717,1784898119999,5453242.53735,3847,1445.133,2705737.44299,0
1784898120000,1871.80,1872.27,1870.75,1871.82,4275.990,1784898179999,8001977.69776,4867,1175.277,2199367.61268,0
1784898180000,1871.81,1871.99,1870.45,1871.01,4552.142,1784898239999,8516872.56972,5113,1323.752,2476891.28587,0
1784898240000,1871.02,1871.25,1870.29,1871.10,2033.985,1784898299999,3805160.44139,3040,759.088,1420095.59051,0
1784898300000,1871.09,1872.00,1865.05,1867.03,33585.596,1784898359999,62729649.40517,26406,7976.869,14898884.52406,0
1784898360000,1867.04,1867.14,1864.00,1866.76,13940.322,1784898419999,26003167.20223,12441,6200.954,11568524.45772,0
1784898420000,1866.76,1866.76,1855.99,1859.44,62993.380,1784898479999,117125905.82853,38503,18059.933,33578878.12601,0
1784898480000,1859.44,1861.00,1859.03,1860.53,11823.387,1784898539999,21993199.97898,11223,7600.629,14138359.18020,0
1784898540000,1860.53,1861.24,1858.14,1861.24,8034.065,1784898599999,14940982.11305,9953,4203.870,7818029.88392,0
1784898600000,1861.24,1862.43,1859.12,1862.22,6489.010,1784898659999,12071038.14039,8088,4550.224,8464661.69512,0
1784898660000,1862.21,1862.37,1861.15,1862.13,6431.486,1784898719999,11973602.24656,7297,3866.036,7197463.52322,0
1784898720000,1862.13,1863.53,1861.86,1862.76,8100.306,1784898779999,15088565.81722,7496,4874.534,9080050.65390,0
1784898780000,1862.75,1862.88,1860.55,1861.00,7172.138,1784898839999,13351653.70607,5971,3880.053,7222421.73609,0
1784898840000,1861.00,1861.90,1861.00,1861.51,2316.776,1784898899999,4312450.09279,2508,1400.328,2606554.72614,0
1784898900000,1861.50,1863.41,1861.13,1863.20,5485.336,1784898959999,10214581.75233,5990,3841.162,7152929.05062,0
1784898960000,1863.21,1865.82,1863.00,1865.02,9804.062,1784899019999,18280412.29346,7274,6415.755,11962105.94343,0
1784899020000,1865.02,1866.61,1863.33,1866.17,9978.866,1784899079999,18610347.07756,9023,6204.501,11572425.70122,0
1784899080000,1866.17,1868.22,1865.70,1867.29,6831.429,1784899139999,12753645.27883,8503,4378.721,8174716.78699,0
1784899140000,1867.29,1869.58,1867.01,1867.28,7151.890,1784899199999,13361267.20268,7342,3362.443,6282646.84909,0
1784899200000,1867.29,1868.63,1867.05,1868.41,5249.453,1784899259999,9804253.53023,4001,3353.142,6262556.48175,0
1784899260000,1868.41,1868.84,1867.86,1867.86,1492.502,1784899319999,2788654.33247,2644,696.175,1300761.58781,0
1784899320000,1867.87,1868.23,1866.92,1867.61,2203.799,1784899379999,4115734.51116,2622,647.668,1209485.79080,0
1784899380000,1867.62,1868.62,1867.07,1868.62,1145.026,1784899439999,2138531.29868,2541,532.462,994514.56677,0
1784899440000,1868.62,1868.71,1867.22,1867.23,2568.966,1784899499999,4799194.11181,3218,1353.609,2528917.71165,0
1784899500000,1867.23,1867.62,1865.53,1866.76,3165.161,1784899559999,5907768.73316,4110,1478.982,2760735.91159,0
1784899560000,1866.77,1867.28,1866.24,1867.00,1954.250,1784899619999,3648015.18859,2483,1205.917,2251057.25357,0
1784899620000,1867.01,1867.17,1865.79,1866.10,3199.227,1784899679999,5971057.10972,3490,1130.520,2110082.05117,0
1784899680000,1866.10,1866.86,1865.87,1866.23,1211.182,1784899739999,2260505.73116,1948,563.510,1051659.67632,0
1784899740000,1866.22,1866.22,1865.39,1865.83,2229.846,1784899799999,4160414.75585,2633,809.537,1510379.17995,0
1784899800000,1865.83,1867.55,1864.50,1864.95,6938.256,1784899859999,12945283.01204,10137,2663.592,4969678.74384,0
1784899860000,1864.95,1865.32,1863.29,1864.34,8840.548,1784899919999,16481807.18548,9700,2456.555,4579810.24441,0
1784899920000,1864.34,1864.68,1862.71,1863.15,6325.831,1784899979999,11790016.46764,7284,2617.304,4878401.09306,0
1784899980000,1863.15,1865.42,1863.15,1863.81,3860.063,1784900039999,7197011.23610,6945,2615.247,4876215.24186,0
1784900040000,1863.81,1864.83,1863.34,1864.69,2363.002,1784900099999,4404555.69621,5156,1027.211,1914733.67052,0
1784900100000,1864.69,1865.84,1862.73,1863.96,2920.853,1784900159999,5445633.27910,7031,1663.681,3102103.53535,0
1784900160000,1863.95,1863.95,1861.22,1861.49,4158.980,1784900219999,7743951.64233,7777,1149.730,2140917.60027,0
1784900220000,1861.50,1863.09,1859.58,1862.90,9427.926,1784900279999,17546177.73347,11063,4202.533,7822332.51608,0
1784900280000,1862.90,1864.47,1860.00,1860.01,4123.128,1784900339999,7676120.32429,8551,1907.088,3551578.74500,0
1784900340000,1860.01,1861.13,1859.58,1859.99,3098.241,1784900399999,5763833.32358,4705,1662.234,3092314.14669,0
1784900400000,1860.00,1860.12,1857.50,1859.51,9047.479,1784900459999,16817085.51244,9899,3791.598,7047396.03606,0
1784900460000,1859.51,1859.76,1858.39,1859.58,3066.439,1784900519999,5701321.12350,6472,1881.566,3498243.08000,0
1784900520000,1859.58,1860.60,1858.53,1860.60,3685.692,1784900579999,6853752.15888,6015,2548.285,4738761.74208,0
1784900580000,1860.60,1863.11,1860.06,1861.71,5290.084,1784900639999,9848053.32339,6848,4022.316,7488207.52276,0
1784900640000,1861.71,1864.65,1861.62,1864.65,9988.890,1784900699999,18608336.24085,8178,5680.486,10583336.83778,0
1784900700000,1864.65,1866.38,1864.46,1865.00,9465.310,1784900759999,17654920.85331,10418,4946.935,9227461.20416,0
1784900760000,1865.00,1865.30,1863.03,1864.59,2421.192,1784900819999,4513096.16763,5381,1416.196,2639872.15536,0
1784900820000,1864.59,1864.97,1862.34,1862.53,3471.721,1784900879999,6471450.07266,5719,1593.582,2970931.95278,0
1784900880000,1862.53,1862.85,1861.00,1861.84,3981.683,1784900939999,7413081.97524,7686,1710.974,3185461.14238,0
1784900940000,1861.84,1862.94,1861.07,1861.41,1546.909,1784900999999,2880628.70212,5803,892.662,1662228.64235,0
1784901000000,1861.42,1861.42,1858.00,1858.90,11300.890,1784901059999,21007998.52629,9966,3740.553,6954246.94350,0
1784901060000,1858.90,1858.91,1855.14,1855.70,16353.344,1784901119999,30359991.27928,12111,3484.701,6468863.68177,0
1784901120000,1855.71,1856.21,1848.05,1852.27,55123.292,1784901179999,102104339.70163,28845,15663.807,29018473.34398,0
1784901180000,1852.28,1852.53,1849.00,1849.26,12986.139,1784901239999,24034183.71017,13659,6662.121,12331690.87940,0
1784901240000,1849.26,1851.00,1848.22,1849.79,11913.922,1784901299999,22037768.32774,12289,6034.253,11161633.19579,0
1784901300000,1849.80,1849.95,1847.00,1847.74,18518.332,1784901359999,34225222.12566,16529,7841.207,14492720.91898,0
1784901360000,1847.74,1851.36,1847.30,1850.42,10893.563,1784901419999,20147084.78308,11140,6611.202,12228535.99742,0
1784901420000,1850.43,1853.86,1849.84,1853.42,12268.886,1784901479999,22721562.64458,10177,8738.908,16183580.46652,0
1784901480000,1853.43,1855.70,1852.53,1855.50,10614.817,1784901539999,19682756.43237,7585,7131.366,13224580.05218,0
1784901540000,1855.49,1856.99,1854.80,1856.83,8981.106,1784901599999,16666067.74895,6835,6592.806,12234562.93468,0
1784901600000,1856.82,1859.81,1856.11,1858.87,14343.626,1784901659999,26651060.55437,14792,9048.399,16813267.31537,0
1784901660000,1858.88,1860.27,1856.34,1857.25,11176.010,1784901719999,20770407.91249,11634,5140.697,9554842.47518,0
1784901720000,1857.25,1858.18,1856.61,1856.61,5290.123,1784901779999,9825692.81806,7692,1287.571,2391564.88258,0
1784901780000,1856.61,1856.61,1854.22,1855.66,10585.753,1784901839999,19638977.30881,8097,2259.552,4191569.13840,0
1784901840000,1855.65,1856.31,1854.53,1854.93,7119.747,1784901899999,13210692.72684,8290,3366.577,6246534.06430,0
1784901900000,1854.93,1857.60,1854.40,1856.17,4741.333,1784901959999,8800964.45569,7966,2342.519,4348499.75899,0
1784901960000,1856.17,1856.79,1854.84,1855.51,2642.446,1784902019999,4904260.98950,4811,1595.257,2960731.49730,0
1784902020000,1855.51,1857.11,1853.43,1856.97,5548.866,1784902079999,10290979.26761,6814,1563.886,2901513.63636,0
1784902080000,1856.98,1860.43,1856.97,1858.90,8367.339,1784902139999,15552892.97931,9758,4061.182,7548736.56177,0
1784902140000,1858.89,1860.80,1858.59,1860.41,3830.097,1784902199999,7123103.54715,5390,1961.425,3647720.77027,0
1784902200000,1860.41,1862.00,1860.40,1861.14,6235.018,1784902259999,11605508.29043,7209,3976.985,7402271.04396,0
1784902260000,1861.14,1861.38,1860.48,1860.87,2857.174,1784902319999,5316892.72257,4906,1260.552,2345745.29166,0
1784902320000,1860.88,1861.80,1856.77,1857.16,4575.333,1784902379999,8508186.98928,6982,1120.854,2084333.56079,0
1784902380000,1857.16,1857.76,1856.15,1857.00,2367.539,1784902439999,4396210.92635,4852,1207.424,2241987.88959,0
1784902440000,1857.00,1858.00,1856.00,1856.00,2608.930,1784902499999,4845482.36240,5080,1037.962,1927879.68832,0
1784902500000,1856.00,1856.68,1855.00,1855.24,3925.918,1784902559999,7285681.50141,5473,1249.917,2319704.19175,0
1784902560000,1855.23,1855.88,1854.20,1855.29,2128.743,1784902619999,3948616.41579,5273,1024.039,1899535.95272,0
1784902620000,1855.28,1855.29,1852.14,1852.41,7922.613,1784902679999,14681112.26058,6208,1359.465,2518981.78224,0
1784902680000,1852.41,1853.04,1849.61,1850.12,13941.348,1784902739999,25803930.11064,11717,5195.646,9617107.92549,0
1784902740000,1850.12,1853.13,1849.24,1852.63,6874.259,1784902799999,12725502.66573,11084,3390.747,6277637.33369,0
1784902800000,1852.63,1852.63,1849.43,1851.16,5958.467,1784902859999,11025631.59149,8485,1394.008,2579683.57862,0
1784902860000,1851.17,1854.91,1851.09,1854.15,4195.976,1784902919999,7775935.42187,8187,3138.443,5816220.39579,0
1784902920000,1854.15,1854.74,1852.00,1852.89,5452.174,1784902979999,10103980.74584,7646,2412.097,4469940.52723,0
1784902980000,1852.89,1853.89,1852.81,1853.33,2046.451,1784903039999,3792793.77582,3836,805.841,1493472.52033,0
1784903040000,1853.32,1853.72,1852.80,1853.53,2459.131,1784903099999,4557567.50011,3716,1433.497,2656769.36276,0
1784903100000,1853.53,1854.14,1851.31,1853.53,3138.314,1784903159999,5814854.03352,5634,1701.214,3152187.05125,0
1784903160000,1853.54,1854.76,1853.02,1853.48,3810.083,1784903219999,7063691.09793,6318,2013.696,3733237.87080,0
1784903220000,1853.48,1855.62,1853.47,1854.57,4501.317,1784903279999,8348653.03215,5131,2534.443,4700285.97430,0
1784903280000,1854.56,1856.13,1854.00,1856.00,3879.097,1784903339999,7195686.59376,5138,2981.605,5531052.01302,0
1784903340000,1855.99,1858.01,1855.99,1857.01,4356.483,1784903399999,8090240.35712,6078,3052.621,5668965.81501,0
1784903400000,1857.00,1857.33,1854.78,1855.00,4742.745,1784903459999,8803921.99496,5999,2080.375,3862100.39117,0
1784903460000,1855.00,1855.46,1854.20,1855.36,2061.710,1784903519999,3823908.42387,3189,1039.855,1928584.11727,0
1784903520000,1855.37,1855.37,1853.52,1854.17,2864.377,1784903579999,5311711.26424,4534,1429.124,2650216.45690,0
1784903580000,1854.18,1855.67,1853.82,1854.68,1993.716,1784903639999,3697666.89603,5255,1180.540,2189577.60977,0
1784903640000,1854.69,1854.94,1853.21,1853.21,1274.037,1784903699999,2362429.32525,4279,534.567,991246.32364,0
1784903700000,1853.20,1855.58,1853.20,1854.74,5472.376,1784903759999,10147350.22198,6535,2498.907,4633416.18495,0
1784903760000,1854.74,1856.61,1853.29,1855.71,9048.008,1784903819999,16784819.25923,8435,4922.599,9132639.52273,0
1784903820000,1855.71,1855.71,1855.00,1855.01,4417.459,1784903879999,8194862.56406,3153,1183.176,2195072.58511,0
1784903880000,1855.00,1855.90,1854.59,1855.55,7396.310,1784903939999,13721135.11925,3088,3541.026,6569573.84634,0
1784903940000,1855.54,1856.07,1851.38,1851.89,5301.024,1784903999999,9823395.54789,6148,1345.621,2493764.96253,0
1784904000000,1851.89,1854.64,1851.89,1853.39,8053.135,1784904059999,14926337.43032,7625,6427.154,11912070.28043,0
1784904060000,1853.38,1854.16,1851.62,1853.54,6359.832,1784904119999,11785369.52101,8003,4478.403,8299304.20155,0
1784904120000,1853.54,1853.60,1851.67,1852.20,1701.982,1784904179999,3152986.11549,3544,892.099,1652617.73282,0
1784904180000,1852.20,1852.57,1850.89,1852.14,2010.416,1784904239999,3722566.70487,4413,717.421,1328503.65048,0
1784904240000,1852.14,1853.27,1851.23,1851.29,2568.817,1784904299999,4758066.90339,3960,1085.311,2010082.81917,0
1784904300000,1851.29,1851.82,1850.00,1850.00,7678.274,1784904359999,14206983.77211,5001,1499.433,2774947.50880,0
1784904360000,1850.00,1850.79,1846.17,1850.47,19855.896,1784904419999,36703751.56091,14570,6952.664,12854823.12603,0
1784904420000,1850.47,1850.98,1848.05,1848.40,3071.971,1784904479999,5682104.05327,5783,1106.850,2047809.87082,0
1784904480000,1848.40,1849.75,1848.20,1849.27,2325.264,1784904539999,4299810.94885,4251,1281.578,2369967.79792,0
1784904540000,1849.26,1853.34,1848.73,1852.90,4599.813,1784904599999,8518707.10445,6926,3864.412,7156761.70978,0
1784904600000,1852.90,1857.70,1852.89,1857.14,8709.063,1784904659999,16164147.74055,10342,6378.213,11837812.68871,0
1784904660000,1857.14,1857.14,1855.00,1855.72,5264.430,1784904719999,9770631.51275,6489,3571.915,6629414.83765,0
1784904720000,1855.71,1857.62,1855.08,1855.17,3467.660,1784904779999,6438225.40172,5908,1691.287,3140113.82308,0
1784904780000,1855.18,1857.79,1855.17,1857.22,4775.085,1784904839999,8867345.00112,4640,3417.955,6347228.55857,0
1784904840000,1857.21,1857.89,1855.90,1856.85,2972.124,1784904899999,5518768.60465,3776,1684.025,3126612.89655,0
1784904900000,1856.86,1858.25,1856.79,1857.60,3462.641,1784904959999,6432482.51716,4305,1735.217,3223342.65843,0
1784904960000,1857.60,1858.99,1857.19,1858.89,3033.344,1784905019999,5636493.53617,3942,1908.533,3546310.05938,0
1784905020000,1858.88,1860.57,1858.88,1860.00,7539.982,1784905079999,14023779.98479,7360,5230.100,9727552.29902,0
1784905080000,1860.01,1861.66,1860.00,1860.96,5062.645,1784905139999,9420249.18253,6616,3358.851,6250177.13787,0
1784905140000,1860.96,1862.30,1860.96,1861.92,4989.469,1784905199999,9288880.42239,4913,3144.158,5853347.01019,0
1784905200000,1861.91,1861.91,1859.24,1859.93,6067.561,1784905259999,11285878.52728,5790,2303.716,4284368.80129,0
1784905260000,1859.93,1860.61,1859.23,1859.24,2477.016,1784905319999,4606715.96442,3364,1313.472,2442907.30849,0
1784905320000,1859.23,1859.34,1858.18,1858.84,2102.312,1784905379999,3907623.88073,3322,790.639,1469460.08491,0
1784905380000,1858.83,1858.99,1857.34,1857.35,2768.361,1784905439999,5143920.14036,4501,1012.616,1881476.51110,0
1784905440000,1857.34,1858.19,1856.00,1856.94,4764.917,1784905499999,8848981.01790,6218,2615.399,4857429.32582,0
1784905500000,1856.94,1856.94,1855.67,1855.73,2459.995,1784905559999,4566230.54780,3904,703.619,1306023.65796,0
1784905560000,1855.72,1856.08,1854.21,1854.21,3547.371,1784905619999,6581419.62798,4583,978.253,1815077.30228,0
1784905620000,1854.20,1854.83,1853.00,1854.64,5485.068,1784905679999,10168817.14782,6160,1926.174,3571256.70449,0
1784905680000,1854.63,1855.76,1853.72,1854.41,4289.482,1784905739999,7956139.17990,5495,1898.203,3521417.34904,0
1784905740000,1854.42,1854.58,1853.50,1853.51,2226.184,1784905799999,4127464.35416,3340,502.736,932070.97544,0
1784905800000,1853.51,1859.90,1853.25,1858.87,4059.954,1784905859999,7538194.76058,7044,3257.232,6048343.47264,0
1784905860000,1858.87,1861.85,1856.60,1857.58,7437.236,1784905919999,13832507.38823,13391,4358.509,8106942.09522,0
1784905920000,1857.58,1859.00,1857.47,1858.48,2087.919,1784905979999,3880289.23707,3893,1398.421,2598789.03892,0
1784905980000,1858.49,1859.42,1858.07,1859.23,2650.885,1784906039999,4927722.29754,4377,1162.236,2160476.36833,0
1784906040000,1859.24,1864.39,1859.23,1864.27,8923.323,1784906099999,16621079.61653,8376,6433.409,11982934.84323,0
1784906100000,1864.26,1867.12,1863.43,1864.55,20998.762,1784906159999,39161941.65712,16684,9733.470,18155471.88797,0
1784906160000,1864.55,1867.99,1863.97,1864.02,17093.875,1784906219999,31898486.79627,11732,10646.903,19869908.56681,0
1784906220000,1864.03,1864.80,1862.00,1862.00,7098.729,1784906279999,13229151.30978,5153,1792.783,3340828.74342,0
1784906280000,1862.00,1862.55,1860.00,1860.78,4072.642,1784906339999,7579534.79506,4508,1529.682,2847053.84899,0
1784906340000,1860.78,1860.78,1859.28,1859.63,2259.740,1784906399999,4203075.69298,4360,693.278,1289452.86669,0
1784906400000,1859.63,1862.55,1859.08,1861.73,1898.462,1784906459999,3533302.78291,4142,1022.020,1902277.88338,0
1784906460000,1861.73,1863.00,1861.73,1862.34,1484.716,1784906519999,2764960.95802,2682,892.013,1661122.30772,0
1784906520000,1862.35,1862.62,1861.10,1862.51,4108.576,1784906579999,7650125.99861,4072,1418.317,2641045.79551,0
1784906580000,1862.51,1863.49,1862.50,1862.52,1323.576,1784906639999,2465701.33094,3181,912.088,1699147.17968,0
1784906640000,1862.52,1862.64,1861.35,1862.01,4931.974,1784906699999,9182851.49033,3543,3568.820,6644885.32682,0
1784906700000,1862.01,1863.20,1862.00,1863.20,1214.669,1784906759999,2262516.08042,2711,801.576,1493057.35298,0
1784906760000,1863.20,1864.07,1862.88,1862.88,1993.219,1784906819999,3714361.23871,3009,1034.087,1927148.21999,0
1784906820000,1862.88,1864.27,1862.67,1863.66,3941.371,1784906879999,7344970.97334,4482,2352.525,4384155.26615,0
1784906880000,1863.65,1866.27,1863.65,1864.44,3668.472,1784906939999,6842837.45558,4755,2585.548,4822840.06459,0
1784906940000,1864.43,1865.26,1863.22,1864.36,2168.883,1784906999999,4043898.07247,3705,864.175,1611235.29828,0
1784907000000,1864.37,1864.40,1863.06,1863.29,3013.837,1784907059999,5617082.42062,5652,1293.305,2410289.03149,0
1784907060000,1863.29,1866.00,1862.84,1865.50,8216.434,1784907119999,15317344.15851,7689,4010.882,7479689.53105,0
1784907120000,1865.50,1865.58,1863.93,1864.77,3199.903,1784907179999,5966996.46708,7123,1568.550,2924728.62549,0
1784907180000,1864.77,1866.01,1864.64,1865.89,2383.977,1784907239999,4447120.30706,5579,1547.500,2886756.78188,0
1784907240000,1865.88,1866.35,1865.39,1865.76,1877.877,1784907299999,3503874.12472,3904,1139.713,2126543.44753,0
1784907300000,1865.77,1866.91,1865.54,1866.68,1976.193,1784907359999,3687730.46767,3691,1017.595,1898956.95282,0
1784907360000,1866.69,1867.00,1865.84,1866.50,2281.155,1784907419999,4257653.81061,4099,1251.980,2336754.20633,0
1784907420000,1866.51,1866.51,1864.21,1866.09,3600.489,1784907479999,6715060.47480,5155,854.325,1593474.64134,0
1784907480000,1866.09,1867.53,1865.87,1867.33,2228.359,1784907539999,4160120.57119,3346,1332.746,2488017.13698,0
1784907540000,1867.32,1867.48,1865.92,1867.48,3058.084,1784907599999,5708284.22527,3477,876.663,1636651.99485,0
1784907600000,1867.47,1868.71,1866.91,1867.23,5067.896,1784907659999,9466973.03693,5144,3523.601,6582457.65226,0
1784907660000,1867.23,1867.78,1865.00,1865.20,5279.822,1784907719999,9850614.76741,5613,1945.326,3629710.17396,0
1784907720000,1865.19,1865.29,1862.96,1862.96,3010.966,1784907779999,5612817.41110,4036,885.758,1651220.48223,0
1784907780000,1862.96,1864.19,1862.96,1864.19,1905.217,1784907839999,3550473.33170,2866,1002.962,1869051.73693,0
1784907840000,1864.18,1865.43,1863.68,1863.75,3331.481,1784907899999,6212071.08961,3748,940.700,1753921.96947,0
1784907900000,1863.74,1864.50,1862.75,1863.03,9744.303,1784907959999,18158991.85758,6696,2702.992,5036935.44274,0
1784907960000,1863.04,1864.52,1863.03,1863.12,4265.839,1784908019999,7950371.47450,4446,2159.048,4023731.13235,0
1784908020000,1863.13,1863.63,1862.34,1862.50,2289.786,1784908079999,4265910.02214,2975,555.112,1034135.23487,0
1784908080000,1862.51,1865.32,1861.97,1864.43,9061.095,1784908139999,16891354.49612,4830,5240.256,9768952.39330,0
1784908140000,1864.44,1864.44,1862.82,1863.04,823.234,1784908199999,1533962.23648,1958,301.450,561635.88445,0
1784908200000,1863.03,1864.59,1863.03,1864.58,906.330,1784908259999,1689101.87033,1471,562.183,1047738.43946,0
1784908260000,1864.59,1864.64,1863.71,1863.80,814.559,1784908319999,1518507.69155,1508,337.430,629012.61221,0
1784908320000,1863.79,1864.17,1860.55,1860.75,3351.996,1784908379999,6241049.30257,3964,809.249,1506658.21161,0
1784908380000,1860.75,1861.31,1858.64,1860.59,9193.937,1784908439999,17099510.04859,7599,3652.173,6793143.99429,0
1784908440000,1860.59,1860.60,1859.26,1860.60,2186.034,1784908499999,4065957.28002,3107,998.372,1856888.39056,0
1784908500000,1860.59,1861.93,1860.17,1861.93,1333.201,1784908559999,2481438.04855,2095,1043.523,1942239.35120,0
1784908560000,1861.92,1862.62,1861.50,1862.61,1304.637,1784908619999,2429341.77968,1989,805.038,1498985.04665,0
1784908620000,1862.61,1863.07,1862.61,1863.07,847.471,1784908679999,1578751.19065,1109,253.712,472625.30153,0
1784908680000,1863.07,1863.08,1861.74,1861.75,1441.851,1784908739999,2685232.19964,2186,919.740,1712838.11491,0
1784908740000,1861.76,1861.94,1861.10,1861.28,696.159,1784908799999,1295971.08293,1278,266.121,495400.19032,0
1784908800000,1861.28,1861.29,1860.06,1860.13,2988.954,1784908859999,5561250.98706,3093,1019.099,1895988.14528,0
1784908860000,1860.13,1860.15,1858.73,1858.73,5011.467,1784908919999,9318348.26863,4603,995.112,1850305.00042,0
1784908920000,1858.73,1859.61,1858.06,1859.61,2371.276,1784908979999,4407639.65695,2736,1398.795,2600117.29386,0
1784908980000,1859.60,1861.91,1859.50,1861.60,2198.931,1784909039999,4090990.26291,3024,1360.835,2531833.97707,0
1784909040000,1861.59,1863.25,1861.59,1862.97,1316.394,1784909099999,2451744.06581,2408,803.513,1496464.84565,0
1784909100000,1862.98,1863.22,1862.10,1862.24,1225.552,1784909159999,2282677.32460,1938,505.647,941818.12289,0
1784909160000,1862.24,1863.20,1861.08,1861.14,3221.380,1784909219999,5999411.65949,4198,2023.757,3769112.93834,0
1784909220000,1861.14,1863.97,1861.13,1863.60,2097.676,1784909279999,3908385.69117,3124,1190.979,2219090.67633,0
1784909280000,1863.60,1863.60,1862.91,1863.01,884.446,1784909339999,1647858.72469,1221,419.172,780963.99782,0
1784909340000,1863.01,1863.99,1863.01,1863.33,1376.589,1784909399999,2565510.06692,2033,1020.338,1901524.82469,0
1784909400000,1863.33,1865.26,1863.33,1865.25,1446.248,1784909459999,2696613.73844,2431,1025.433,1911883.47099,0
1784909460000,1865.26,1865.26,1862.84,1862.95,1867.075,1784909519999,3480087.34607,2132,275.472,513392.49514,0
1784909520000,1862.96,1863.14,1862.61,1862.61,475.551,1784909579999,885892.54835,875,194.588,362498.47765,0
1784909580000,1862.61,1862.62,1859.78,1861.17,8706.453,1784909639999,16202084.17161,5002,1770.250,3294095.07435,0
1784909640000,1861.16,1861.52,1861.16,1861.52,584.796,1784909699999,1088535.74492,754,332.167,618289.15876,0
1784909700000,1861.51,1862.17,1861.51,1862.01,560.186,1784909759999,1043020.88245,998,181.973,338824.17653,0
1784909760000,1862.02,1862.19,1860.86,1860.86,1321.274,1784909819999,2459819.40225,1252,269.427,501657.27530,0
1784909820000,1860.86,1861.11,1860.06,1860.89,1213.868,1784909879999,2258575.17453,1861,284.255,528899.69803,0
1784909880000,1860.90,1862.04,1860.90,1861.70,672.303,1784909939999,1251504.47710,1386,316.996,590087.58645,0
1784909940000,1861.71,1862.95,1861.70,1862.70,1152.174,1784909999999,2145934.03479,1891,816.488,1520647.42419,0
1784910000000,1862.70,1863.21,1862.70,1862.71,752.010,1784910059999,1400940.08861,1264,456.913,851201.92214,0
1784910060000,1862.71,1862.71,1860.75,1860.84,1244.246,1784910119999,2316408.20957,1789,527.308,981874.40404,0
1784910120000,1860.85,1862.24,1860.85,1862.23,1508.586,1784910179999,2807996.49120,2230,1205.592,2244037.97046,0
1784910180000,1862.23,1862.49,1862.23,1862.43,395.177,1784910239999,735969.58922,777,292.313,544399.45172,0
1784910240000,1862.42,1862.43,1861.80,1862.00,394.122,1784910299999,733942.12202,1168,222.482,414310.05553,0
1784910300000,1862.01,1862.61,1861.79,1862.34,590.248,1784910359999,1099177.89540,1404,357.728,666174.34328,0
1784910360000,1862.34,1862.34,1860.63,1860.63,1046.579,1784910419999,1948495.23228,1524,121.156,225577.22102,0
1784910420000,1860.63,1860.71,1859.63,1859.64,1299.460,1784910479999,2417127.98711,1671,503.915,937343.41051,0
1784910480000,1859.64,1860.47,1859.60,1860.26,947.666,1784910539999,1762619.06531,1062,558.985,1039681.23617,0
1784910540000,1860.26,1860.26,1860.01,1860.01,494.360,1784910599999,919618.40426,626,105.063,195439.96268,0
1784910600000,1860.00,1860.01,1857.78,1858.34,5648.960,1784910659999,10498842.86333,5271,2047.407,3804748.43888,0
1784910660000,1858.34,1858.91,1857.43,1857.57,2503.005,1784910719999,4650282.65371,3632,744.082,1382432.44814,0
1784910720000,1857.57,1858.24,1856.74,1858.11,3948.957,1784910779999,7335913.32434,5381,1511.590,2808194.06890,0
1784910780000,1858.10,1858.49,1857.05,1857.53,1766.403,1784910839999,3281540.07999,3176,588.353,1092925.21174,0
1784910840000,1857.53,1857.95,1857.32,1857.67,1520.414,1784910899999,2824463.59570,2432,504.409,937016.01667,0
1784910900000,1857.67,1857.68,1855.52,1855.58,5809.392,1784910959999,10784440.91419,5346,1495.117,2775528.96742,0
1784910960000,1855.58,1856.65,1855.24,1856.65,3155.471,1784911019999,5856164.30867,3357,1130.065,2097250.08510,0
1784911020000,1856.64,1857.38,1855.49,1857.38,1942.856,1784911079999,3606142.14656,2834,1082.112,2008549.85516,0
1784911080000,1857.38,1857.59,1856.25,1856.50,1275.600,1784911139999,2368853.61387,2554,501.181,930699.38128,0
1784911140000,1856.49,1857.00,1856.00,1856.88,929.258,1784911199999,1725186.76700,2075,430.643,799488.99727,0
1784911200000,1856.87,1857.00,1856.09,1857.00,928.056,1784911259999,1723235.78813,1578,554.867,1030332.76642,0
1784911260000,1856.99,1856.99,1856.36,1856.66,1265.052,1784911319999,2348727.26699,1921,673.080,1249611.34416,0
1784911320000,1856.64,1856.69,1856.00,1856.51,1149.621,1784911379999,2134247.45899,1820,515.769,957512.27038,0
1784911380000,1856.52,1856.79,1856.07,1856.46,731.741,1784911439999,1358473.13157,1480,338.396,628255.56757,0
1784911440000,1856.46,1856.46,1856.07,1856.08,1459.560,1784911499999,2709245.57359,1308,549.608,1020131.45929,0
1784911500000,1856.08,1856.87,1855.82,1856.83,1948.898,1784911559999,3618068.63618,2465,861.423,1599179.14876,0
1784911560000,1856.83,1856.83,1855.21,1855.21,975.938,1784911619999,1811252.15230,1509,292.608,542982.26813,0
1784911620000,1855.21,1855.64,1854.01,1854.76,3680.805,1784911679999,6826992.83769,4540,1293.434,2398939.71640,0
1784911680000,1854.76,1854.77,1852.56,1853.65,7319.271,1784911739999,13564677.70343,6799,2405.820,4458645.49711,0
1784911740000,1853.65,1854.71,1853.08,1854.14,2140.817,1784911799999,3968929.25649,3093,1261.620,2338891.37683,0
1784911800000,1854.14,1854.21,1853.35,1853.45,1447.286,1784911859999,2683150.45005,2416,787.757,1460443.19469,0
1784911860000,1853.45,1853.99,1853.45,1853.99,1221.862,1784911919999,2265037.67186,1361,583.435,1081541.16072,0
1784911920000,1853.99,1854.64,1853.50,1853.84,1951.759,1784911979999,3618860.41569,2629,1124.738,2085386.39145,0
1784911980000,1853.83,1854.10,1853.50,1853.96,813.926,1784912039999,1508813.12916,1301,513.971,952756.08454,0
1784912040000,1853.96,1855.62,1853.96,1855.30,4863.640,1784912099999,9020157.84955,2561,3986.521,7392953.61366,0
1784912100000,1855.30,1856.67,1854.93,1856.67,2191.683,1784912159999,4067719.25053,2492,1332.955,2473777.36954,0
1784912160000,1856.66,1856.99,1856.66,1856.99,1769.321,1784912219999,3285242.63150,1584,1247.798,2316882.24562,0
1784912220000,1857.00,1858.11,1856.99,1858.11,3267.706,1784912279999,6070627.50759,1890,2186.142,4061028.25330,0
1784912280000,1858.10,1858.48,1858.10,1858.44,910.022,1784912339999,1691121.27020,1042,798.539,1483942.97669,0
1784912340000,1858.44,1858.66,1856.74,1856.74,2430.130,1784912399999,4515278.43527,1941,515.419,957721.01344,0
1784912400000,1856.75,1857.16,1856.58,1857.07,2662.409,1784912459999,4943553.85689,1868,1843.244,3422495.17353,0
1784912460000,1857.06,1857.07,1855.65,1856.58,1224.501,1784912519999,2272728.85460,2059,544.830,1011204.77412,0
1784912520000,1856.58,1856.88,1856.12,1856.66,853.798,1784912579999,1585123.07761,2204,418.426,776786.74301,0
1784912580000,1856.66,1857.07,1855.98,1856.48,1086.649,1784912639999,2017360.34432,2098,568.236,1054897.70207,0
1784912640000,1856.48,1857.78,1856.48,1857.66,1051.140,1784912699999,1952429.42021,2104,734.051,1363406.60333,0
1784912700000,1857.67,1857.94,1857.41,1857.59,928.288,1784912759999,1724452.60546,2005,634.930,1179480.14007,0
1784912760000,1857.59,1857.86,1854.73,1855.67,7350.362,1784912819999,13639195.61575,6116,2928.927,5434670.40050,0
1784912820000,1855.66,1856.19,1855.08,1855.22,1425.688,1784912879999,2645625.25317,2010,905.087,1679553.64169,0
1784912880000,1855.22,1855.85,1854.21,1855.61,1837.064,1784912939999,3407692.65549,2844,1151.297,2135661.76733,0
1784912940000,1855.60,1856.20,1854.90,1855.51,872.060,1784912999999,1618322.95571,2379,367.669,682241.25398,0
1784913000000,1855.50,1856.20,1854.86,1854.97,1664.075,1784913059999,3087687.49292,3417,781.647,1450424.11701,0
1784913060000,1854.98,1856.00,1854.68,1855.71,911.297,1784913119999,1690850.96910,2610,451.985,838634.34764,0
1784913120000,1855.71,1856.23,1855.70,1855.72,508.675,1784913179999,944085.60118,1014,265.361,492477.43700,0
1784913180000,1855.72,1856.30,1855.22,1856.22,730.441,1784913239999,1355491.42033,1681,398.960,740353.33849,0
1784913240000,1856.23,1856.86,1856.22,1856.77,1925.724,1784913299999,3575346.13375,1787,1418.727,2634003.24656,0
1784913300000,1856.77,1857.44,1856.38,1856.77,810.535,1784913359999,1505090.34775,2285,477.680,887008.97499,0
1784913360000,1856.77,1856.99,1856.53,1856.53,786.538,1784913419999,1460352.38323,1118,315.497,585792.09212,0
1784913420000,1856.54,1858.24,1856.53,1858.24,1074.221,1784913479999,1995526.19721,1657,981.279,1822859.41819,0
1784913480000,1858.23,1859.66,1857.79,1858.67,1866.413,1784913539999,3469383.61246,3051,1189.096,2210406.27233,0
1784913540000,1858.67,1859.45,1858.58,1859.21,905.175,1784913599999,1682796.43581,1673,615.729,1144645.88315,0
1784913600000,1859.22,1859.97,1859.21,1859.76,1912.391,1784913659999,3556051.14717,2005,1594.898,2965653.75579,0
1784913660000,1859.76,1860.57,1859.39,1860.05,3689.520,1784913719999,6862552.39503,3792,2815.381,5236620.23628,0
1784913720000,1860.05,1861.51,1859.78,1859.96,2771.267,1784913779999,5156353.22255,3227,1767.282,3288373.84291,0
1784913780000,1859.96,1860.63,1859.43,1859.43,2360.301,1784913839999,4390149.25988,1859,445.157,828098.48121,0
1784913840000,1859.43,1861.55,1859.43,1861.54,4314.414,1784913899999,8028249.49284,3062,3384.290,6297101.80142,0
1784913900000,1861.55,1862.95,1861.22,1862.87,2791.413,1784913959999,5197440.09699,2620,2044.798,3807282.39634,0
1784913960000,1862.86,1863.66,1862.00,1863.18,3713.348,1784914019999,6916894.29290,2674,1086.458,2023900.84640,0
1784914020000,1863.18,1863.51,1863.02,1863.18,1194.019,1784914079999,2224739.00037,1186,620.963,1157003.11435,0
1784914080000,1863.18,1863.62,1862.89,1863.10,677.496,1784914139999,1262348.50549,1416,402.184,749354.25119,0
1784914140000,1863.11,1863.11,1862.03,1862.10,2227.205,1784914199999,4147913.77680,2371,1122.847,2091119.21468,0
1784914200000,1862.10,1862.61,1861.75,1861.92,948.748,1784914259999,1766730.88669,1786,339.126,631513.19579,0
1784914260000,1861.91,1861.92,1861.41,1861.64,829.970,1784914319999,1545062.28477,1263,402.881,749992.71323,0
1784914320000,1861.64,1863.13,1861.62,1863.05,1525.225,1784914379999,2840448.39989,2250,1260.208,2346879.91036,0
1784914380000,1863.05,1863.74,1862.62,1863.53,1420.364,1784914439999,2646445.87343,2219,940.297,1751954.15728,0
1784914440000,1863.53,1864.26,1863.52,1864.26,1676.727,1784914499999,3125287.44759,1628,1242.338,2315624.42471,0
1784914500000,1864.26,1865.51,1864.25,1864.70,4463.387,1784914559999,8323477.54489,3961,2649.850,4941294.07837,0
1784914560000,1864.70,1864.70,1862.82,1863.16,1107.681,1784914619999,2064029.35502,3021,429.832,800852.56058,0
1784914620000,1863.16,1863.17,1862.18,1862.35,1048.914,1784914679999,1953574.14815,1582,303.502,565258.86276,0
1784914680000,1862.34,1862.40,1861.78,1862.21,1576.470,1784914739999,2935385.43888,1803,374.374,697075.74826,0
1784914740000,1862.20,1862.40,1861.82,1862.10,671.377,1784914799999,1250223.04179,1107,227.874,424344.02136,0
1784914800000,1862.09,1863.07,1861.83,1862.94,1015.688,1784914859999,1891534.01221,1663,677.148,1261099.62245,0
1784914860000,1862.95,1863.00,1862.41,1862.46,486.894,1784914919999,906971.31092,916,258.434,481399.23662,0
1784914920000,1862.46,1862.87,1862.10,1862.71,565.321,1784914979999,1052901.96956,1069,181.644,338289.96863,0
1784914980000,1862.71,1863.14,1862.70,1862.92,526.596,1784915039999,981027.71820,764,365.274,680489.31687,0
1784915040000,1862.93,1863.32,1862.50,1862.51,863.819,1784915099999,1609248.40028,1393,308.066,573909.53161,0
1784915100000,1862.50,1862.66,1862.02,1862.06,952.365,1784915159999,1773582.32582,1488,439.829,819067.61216,0
1784915160000,1862.06,1862.82,1862.05,1862.46,595.009,1784915219999,1108154.63918,950,366.690,682902.10605,0
1784915220000,1862.46,1862.88,1861.53,1861.69,750.846,1784915279999,1398176.53035,1969,375.063,698449.20796,0
1784915280000,1861.68,1861.89,1861.56,1861.56,985.267,1784915339999,1834245.56725,1090,364.734,679011.21090,0
1784915340000,1861.57,1862.00,1861.35,1861.98,1427.009,1784915399999,2656538.36549,1535,648.385,1207119.42838,0
1784915400000,1861.98,1863.39,1861.72,1862.61,1119.849,1784915459999,2085764.55985,2096,670.859,1249477.50903,0
1784915460000,1862.62,1862.96,1861.87,1861.88,548.088,1784915519999,1020883.34826,1291,374.702,697932.89626,0
1784915520000,1861.88,1863.46,1861.87,1863.43,1028.630,1784915579999,1916350.69568,1808,448.243,835057.66558,0
1784915580000,1863.43,1864.17,1863.43,1863.91,910.104,1784915639999,1696362.69123,1170,486.828,907377.53705,0
1784915640000,1863.91,1864.60,1863.91,1864.29,1184.204,1784915699999,2207760.46958,1629,434.622,810244.39731,0
1784915700000,1864.29,1865.28,1864.11,1864.68,1602.253,1784915759999,2987919.67507,2086,764.838,1426260.60503,0
1784915760000,1864.69,1865.49,1864.68,1865.43,1095.001,1784915819999,2042167.44128,1257,668.135,1246096.81840,0
1784915820000,1865.42,1865.43,1864.63,1864.63,1327.389,1784915879999,2475671.07774,1321,908.191,1693842.00412,0
1784915880000,1864.63,1865.33,1864.52,1865.33,1022.367,1784915939999,1906728.55034,1634,478.344,892118.64245,0
1784915940000,1865.33,1865.71,1865.32,1865.69,1704.248,1784915999999,3179240.64157,1265,1241.757,2316449.16590,0
1784916000000,1865.68,1865.81,1864.70,1864.70,1418.072,1784916059999,2645109.96033,1902,656.270,1224094.59869,0
1784916060000,1864.70,1864.71,1863.79,1864.01,1433.789,1784916119999,2672786.79091,1531,465.636,867957.34182,0
1784916120000,1864.02,1864.02,1863.77,1863.90,953.835,1784916179999,1777825.61779,940,461.123,859449.01981,0
1784916180000,1863.89,1863.90,1863.17,1863.18,923.880,1784916239999,1721782.63925,1003,76.542,142633.28472,0
1784916240000,1863.17,1863.98,1863.05,1863.98,3163.417,1784916299999,5894955.98776,1743,2809.901,5236277.88730,0
1784916300000,1863.98,1865.00,1863.53,1864.99,1487.847,1784916359999,2773459.56719,2765,972.551,1812839.03200,0
1784916360000,1865.00,1865.00,1863.37,1863.37,371.875,1784916419999,693300.54003,1323,167.799,312867.55051,0
1784916420000,1863.38,1865.00,1863.37,1864.72,2099.513,1784916479999,3914779.77559,1784,1420.222,2648136.42047,0
1784916480000,1864.71,1864.72,1864.24,1864.34,761.999,1784916539999,1420697.36895,1337,381.764,711741.47368,0
1784916540000,1864.33,1864.42,1863.90,1863.91,524.933,1784916599999,978577.43620,1092,182.378,339991.99510,0
1784916600000,1863.91,1863.91,1863.33,1863.68,260.532,1784916659999,485540.25043,859,102.253,190555.24846,0
1784916660000,1863.68,1863.69,1863.33,1863.53,333.984,1784916719999,622400.07424,946,111.063,206963.03910,0
1784916720000,1863.54,1863.59,1863.38,1863.43,372.443,1784916779999,694043.89425,701,129.605,241509.76985,0
1784916780000,1863.43,1863.92,1863.43,1863.87,615.535,1784916839999,1147202.53998,889,368.528,686828.34717,0
1784916840000,1863.87,1864.78,1863.86,1864.31,1013.163,1784916899999,1889022.47470,1243,381.579,711400.31750,0
1784916900000,1864.30,1864.31,1863.63,1863.95,583.315,1784916959999,1087232.99716,1117,141.157,263084.52243,0
1784916960000,1863.95,1863.96,1862.50,1863.38,3437.177,1784917019999,6403299.70575,2862,664.185,1237326.90784,0
1784917020000,1863.38,1863.48,1862.91,1862.92,1239.060,1784917079999,2308873.67813,976,295.026,549751.78103,0
1784917080000,1862.91,1862.92,1862.30,1862.31,1167.044,1784917139999,2173603.66708,816,260.792,485677.72947,0
1784917140000,1862.30,1862.44,1862.13,1862.30,2215.205,1784917199999,4125257.66897,1323,1484.708,2764854.91709,0
1784917200000,1862.30,1862.60,1861.69,1862.60,1568.465,1784917259999,2920684.17751,1750,377.975,703860.72852,0
1784917260000,1862.60,1862.60,1861.75,1862.18,1180.181,1784917319999,2197565.53933,1265,595.487,1108768.35723,0
1784917320000,1862.17,1863.00,1862.05,1862.71,506.007,1784917379999,942481.79512,1237,257.176,478995.60108,0
1784917380000,1862.72,1863.00,1862.50,1862.60,752.230,1784917439999,1401174.98043,918,80.527,149995.43344,0
1784917440000,1862.59,1862.72,1862.59,1862.60,379.146,1784917499999,706218.60566,419,47.381,88252.81436,0
1784917500000,1862.59,1862.72,1862.50,1862.71,493.218,1784917559999,918682.64415,483,119.762,223063.11319,0
1784917560000,1862.72,1862.72,1862.00,1862.37,789.973,1784917619999,1471181.34822,858,273.975,510191.82713,0
1784917620000,1862.38,1862.38,1861.31,1861.31,2121.887,1784917679999,3950536.54574,1573,584.091,1087437.42420,0
1784917680000,1861.31,1861.31,1860.00,1860.12,2799.468,1784917739999,5208365.04565,2664,773.372,1438677.74405,0
1784917740000,1860.11,1861.11,1860.11,1860.67,878.276,1784917799999,1634175.35290,1765,566.324,1053750.49880,0
1784917800000,1860.68,1861.28,1860.51,1860.60,1229.441,1784917859999,2288100.47629,1537,308.091,573375.17789,0
1784917860000,1860.61,1861.02,1860.53,1860.77,1102.164,1784917919999,2050959.45900,1140,321.345,597952.15219,0
1784917920000,1860.77,1861.73,1860.60,1861.30,3297.229,1784917979999,6136385.71265,1621,2812.654,5234521.51270,0
1784917980000,1861.31,1861.52,1860.68,1860.69,767.018,1784918039999,1427425.92371,1592,177.299,329958.03010,0
1784918040000,1860.68,1860.68,1858.76,1859.70,1778.131,1784918099999,3306171.10872,2645,648.510,1205785.02991,0
1784918100000,1859.70,1860.24,1859.23,1860.24,930.644,1784918159999,1730586.21028,1174,298.592,555285.12905,0
1784918160000,1860.24,1861.21,1859.58,1859.58,607.334,1784918219999,1130040.67663,1881,296.648,551983.06742,0
1784918220000,1859.59,1860.28,1859.58,1859.98,627.932,1784918279999,1167843.49892,1322,390.047,725396.92871,0
1784918280000,1859.97,1861.10,1859.74,1860.88,953.431,1784918339999,1774065.22361,1764,355.719,661846.02279,0
1784918340000,1860.88,1860.88,1859.23,1859.92,3542.237,1784918399999,6588390.91897,3332,1875.185,3487737.33784,0
1784918400000,1859.92,1859.92,1859.07,1859.07,812.241,1784918459999,1510169.68703,1074,422.774,785989.14044,0
1784918460000,1859.07,1859.18,1858.32,1858.32,852.160,1784918519999,1584012.41365,1247,205.363,381728.97519,0
1784918520000,1858.32,1858.69,1858.00,1858.01,2455.386,1784918579999,4562686.82135,1711,375.461,697720.00015,0
1784918580000,1858.01,1858.66,1857.68,1858.66,2746.837,1784918639999,5103587.90560,1737,1528.745,2840418.03835,0
1784918640000,1858.66,1859.26,1858.65,1859.01,854.636,1784918699999,1588800.79679,721,448.613,833936.22353,0
1784918700000,1859.00,1859.80,1858.54,1859.80,949.671,1784918759999,1765547.09168,1370,688.612,1280185.99494,0
1784918760000,1859.81,1860.95,1859.81,1860.95,802.943,1784918819999,1493826.95006,1643,509.701,948297.58629,0
1784918820000,1860.95,1861.98,1860.94,1861.75,586.766,1784918879999,1092288.90397,1305,404.707,753373.54812,0
1784918880000,1861.74,1862.28,1861.09,1861.15,845.448,1784918939999,1574090.35974,1546,425.655,792450.51831,0
1784918940000,1861.15,1861.24,1861.14,1861.15,159.172,1784918999999,296245.87297,309,94.796,176430.56115,0
1784919000000,1861.15,1861.64,1860.24,1860.45,1244.101,1784919059999,2315241.80179,1423,350.527,652264.82051,0
1784919060000,1860.44,1861.85,1860.37,1861.85,1138.260,1784919119999,2118935.77348,1504,797.211,1484052.15197,0
1784919120000,1861.86,1862.72,1861.86,1862.71,934.850,1784919179999,1741180.51970,1358,838.950,1562556.67920,0
1784919180000,1862.72,1863.29,1861.89,1862.42,3719.601,1784919239999,6928439.01986,2381,2977.453,5546093.09617,0
1784919240000,1862.42,1862.42,1861.62,1861.87,867.480,1784919299999,1615283.80858,1118,277.586,516859.58992,0
1784919300000,1861.86,1861.87,1861.12,1861.86,819.067,1784919359999,1524713.47166,1166,551.471,1026529.54727,0
1784919360000,1861.86,1862.17,1861.55,1862.08,696.378,1784919419999,1296600.34676,935,525.284,978017.92425,0
1784919420000,1862.07,1862.21,1861.75,1862.12,425.960,1784919479999,793158.36332,752,276.193,514279.69740,0
1784919480000,1862.11,1862.39,1861.68,1861.68,525.348,1784919539999,978175.46959,744,188.597,351147.54138,0
1784919540000,1861.68,1862.05,1861.68,1861.76,626.744,1784919599999,1166876.46454,680,524.358,976250.77262,0
1784919600000,1861.75,1862.42,1860.83,1861.68,1529.361,1784919659999,2846885.00333,2094,796.206,1481992.36781,0
1784919660000,1861.68,1862.90,1861.29,1861.29,748.664,1784919719999,1394361.56580,2015,254.594,474145.39317,0
1784919720000,1861.30,1861.68,1860.40,1860.55,552.823,1784919779999,1028802.88114,2204,272.200,506574.96405,0
1784919780000,1860.54,1860.55,1859.72,1860.28,810.684,1784919839999,1507956.61777,1745,262.912,489017.30540,0
1784919840000,1860.27,1860.28,1859.21,1859.21,427.062,1784919899999,794270.30119,1435,143.488,266906.46515,0
1784919900000,1859.21,1860.28,1858.77,1860.02,1292.326,1784919959999,2403084.08991,2535,660.790,1228618.23737,0
1784919960000,1860.02,1860.21,1859.25,1859.38,804.299,1784920019999,1495918.39366,1893,557.509,1036927.15302,0
1784920020000,1859.39,1859.39,1857.47,1857.80,2161.467,1784920079999,4015979.86097,2716,826.425,1535486.61099,0
1784920080000,1857.81,1858.59,1857.80,1858.02,871.513,1784920139999,1619317.11793,1392,373.335,693685.63589,0
1784920140000,1858.02,1858.03,1857.00,1857.48,1480.941,1784920199999,2750743.35727,1961,489.207,908756.67742,0
1784920200000,1857.48,1857.65,1857.06,1857.23,1145.627,1784920259999,2127815.41474,1642,644.758,1197526.83700,0
1784920260000,1857.24,1857.52,1857.08,1857.52,594.729,1784920319999,1104598.09180,787,446.626,829526.26654,0
1784920320000,1857.52,1858.35,1857.51,1857.54,612.854,1784920379999,1138727.48546,1482,235.083,436785.97091,0
1784920380000,1857.55,1857.85,1857.37,1857.43,521.173,1784920439999,968168.54314,1008,312.243,580036.95941,0
1784920440000,1857.44,1857.95,1857.19,1857.20,1024.890,1784920499999,1903928.49895,1245,670.539,1245677.93309,0
1784920500000,1857.19,1858.83,1856.97,1858.82,3159.811,1784920559999,5870755.41861,2605,2556.597,4750332.16302,0
1784920560000,1858.83,1858.83,1858.03,1858.34,778.948,1784920619999,1447635.61032,1615,265.668,493676.21711,0
1784920620000,1858.33,1859.47,1858.33,1859.29,551.831,1784920679999,1025767.54912,1354,439.406,816763.40083,0
1784920680000,1859.28,1859.47,1858.64,1858.83,436.137,1784920739999,810882.97452,1002,183.328,340846.03750,0
1784920740000,1858.83,1859.20,1858.53,1858.89,345.518,1784920799999,642257.09080,944,216.777,402943.47089,0
1784920800000,1858.88,1859.61,1858.65,1859.61,285.777,1784920859999,531265.20727,1454,192.539,357928.88320,0
1784920860000,1859.61,1859.87,1859.29,1859.87,500.490,1784920919999,930729.49447,1063,359.719,668962.51433,0
1784920920000,1859.86,1860.29,1859.81,1859.91,980.951,1784920979999,1824586.75813,1503,726.197,1350724.97611,0
1784920980000,1859.91,1859.91,1859.21,1859.41,394.128,1784921039999,732881.02411,1157,86.720,161248.07710,0
1784921040000,1859.40,1859.40,1858.00,1859.03,596.945,1784921099999,1109436.41196,2077,280.063,520535.76015,0
1784921100000,1859.03,1859.04,1858.51,1858.88,385.425,1784921159999,716391.94716,1263,170.112,316172.65679,0
1784921160000,1858.87,1859.10,1858.69,1859.10,130.291,1784921219999,242193.46639,594,81.761,151979.75398,0
1784921220000,1859.10,1859.87,1859.10,1859.63,534.118,1784921279999,993285.47888,1057,386.627,718988.58202,0
1784921280000,1859.63,1860.22,1859.51,1860.22,155.828,1784921339999,289806.53726,619,102.908,191392.99416,0
1784921340000,1860.22,1860.87,1860.21,1860.33,588.062,1784921399999,1094136.36524,1357,270.145,502635.94185,0
1784921400000,1860.32,1860.90,1860.23,1860.47,344.706,1784921459999,641331.41854,1292,135.895,252833.71913,0
1784921460000,1860.47,1861.05,1860.08,1860.76,277.210,1784921519999,515820.19700,1453,149.181,277582.48238,0
1784921520000,1860.75,1861.36,1860.75,1861.35,181.119,1784921579999,337069.47055,737,123.893,230568.34801,0
1784921580000,1861.36,1861.86,1861.21,1861.49,1063.756,1784921639999,1980337.08507,1850,581.370,1082263.97884,0
1784921640000,1861.48,1861.68,1861.37,1861.39,125.039,1784921699999,232760.27137,541,53.126,98893.24535,0
1784921700000,1861.39,1862.69,1861.08,1861.57,609.600,1784921759999,1134918.22312,2377,363.151,676115.54552,0
1784921760000,1861.56,1861.57,1860.65,1860.69,421.141,1784921819999,783771.46612,1346,256.184,476765.79557,0
1784921820000,1860.70,1862.79,1860.70,1862.34,1950.983,1784921879999,3632744.91528,2405,1623.020,3021971.40711,0
1784921880000,1862.33,1862.72,1862.00,1862.72,846.457,1784921939999,1576325.83388,1047,393.415,732657.93435,0
1784921940000,1862.71,1863.97,1862.55,1862.56,6153.359,1784921999999,11465364.08197,4682,5528.906,10301896.56323,0
1784922000000,1862.55,1863.34,1862.50,1862.92,641.871,1784922059999,1195710.40210,1383,207.505,386534.00692,0
1784922060000,1862.91,1862.92,1862.25,1862.38,811.551,1784922119999,1511520.71439,1026,138.746,258393.91497,0
1784922120000,1862.37,1862.70,1861.77,1862.57,341.882,1784922179999,636659.87755,1297,206.734,384986.17713,0
1784922180000,1862.57,1862.73,1862.19,1862.60,714.677,1784922239999,1331000.73988,1016,174.111,324247.58920,0
1784922240000,1862.60,1862.68,1862.49,1862.68,482.130,1784922299999,898021.27773,496,333.836,621806.45785,0
1784922300000,1862.68,1863.48,1862.30,1862.30,448.511,1784922359999,835541.65802,1579,170.302,317278.87280,0
1784922360000,1862.30,1862.30,1861.50,1861.50,595.918,1784922419999,1109556.34060,1152,277.140,516044.78171,0
1784922420000,1861.51,1862.06,1861.50,1861.74,503.683,1784922479999,937811.84169,1059,145.432,270766.44363,0
1784922480000,1861.74,1861.89,1861.06,1861.60,1050.595,1784922539999,1955585.53486,1962,741.840,1380821.73593,0
1784922540000,1861.61,1862.48,1861.60,1862.47,447.014,1784922599999,832364.41080,795,325.580,606222.20087,0
1784922600000,1862.48,1863.09,1861.70,1862.07,1137.434,1784922659999,2118400.87726,2637,719.687,1340386.85647,0
1784922660000,1862.06,1862.10,1861.38,1861.79,352.898,1784922719999,657032.19235,1024,129.369,240840.37323,0
1784922720000,1861.79,1861.79,1861.15,1861.28,155.751,1784922779999,289917.70762,508,67.073,124851.03376,0
1784922780000,1861.28,1862.21,1861.28,1862.05,511.141,1784922839999,951651.11971,982,197.166,367073.23456,0
1784922840000,1862.04,1863.16,1861.98,1862.91,867.850,1784922899999,1616499.94520,1698,526.574,980814.64669,0
1784922900000,1862.90,1862.90,1862.23,1862.24,523.675,1784922959999,975324.95480,938,243.426,453355.02483,0
1784922960000,1862.24,1862.64,1861.84,1862.09,1070.858,1784923019999,1994201.18543,1938,341.150,635250.97477,0
1784923020000,1862.08,1862.17,1861.54,1861.76,854.776,1784923079999,1591443.52409,1037,282.413,525771.21777,0
1784923080000,1861.76,1862.34,1861.75,1862.16,358.725,1784923139999,667934.32105,1117,153.957,286655.88610,0
1784923140000,1862.17,1862.95,1861.36,1862.74,1919.913,1784923199999,3575013.79971,3182,939.383,1749186.59866,0
1784923200000,1862.75,1863.67,1862.46,1863.50,1331.008,1784923259999,2479684.62838,2242,1000.629,1864135.22320,0
1784923260000,1863.51,1864.51,1863.50,1864.02,2776.360,1784923319999,5175315.51509,1851,2188.473,4079454.76008,0
1784923320000,1864.02,1864.21,1863.21,1863.22,995.755,1784923379999,1855916.56814,1043,396.957,739825.01660,0
1784923380000,1863.21,1864.07,1862.93,1863.86,551.448,1784923439999,1027660.38410,1378,353.977,659612.76854,0
1784923440000,1863.86,1863.86,1862.84,1862.84,277.736,1784923499999,517555.00849,902,115.440,215123.21083,0
1784923500000,1862.85,1863.06,1861.71,1861.72,371.334,1784923559999,691663.48822,1382,104.689,195026.94684,0
1784923560000,1861.72,1862.13,1861.68,1862.13,436.243,1784923619999,812211.47447,1104,270.119,502924.71461,0
1784923620000,1862.12,1862.50,1861.54,1861.73,1699.910,1784923679999,3165373.71575,1850,295.188,549586.07171,0
1784923680000,1861.73,1862.07,1861.68,1861.82,668.538,1784923739999,1244668.74333,988,451.613,840782.98252,0
1784923740000,1861.82,1861.82,1861.23,1861.40,1114.838,1784923799999,2075272.67172,1034,313.254,583141.06992,0
1784923800000,1861.40,1861.40,1861.39,1861.39,211.438,1784923859999,393568.98247,260,40.365,75135.41100,0
1784923860000,1861.39,1862.26,1861.39,1862.25,440.531,1784923919999,820153.24167,1109,270.647,503841.24887,0
1784923920000,1862.26,1862.27,1862.25,1862.27,219.221,1784923979999,408246.73431,325,30.040,55942.52536,0
1784923980000,1862.27,1862.70,1862.27,1862.66,253.710,1784924039999,472540.48410,476,206.825,385208.58123,0
1784924040000,1862.66,1862.66,1862.48,1862.49,188.994,1784924099999,352008.18770,342,114.618,213480.16173,0
1784924100000,1862.49,1862.90,1862.48,1862.90,185.674,1784924159999,345848.03870,517,154.603,287973.14928,0
1784924160000,1862.90,1863.08,1862.89,1863.08,186.672,1784924219999,347771.23282,410,168.109,313188.30903,0
1784924220000,1863.07,1863.26,1862.90,1862.91,252.106,1784924279999,469716.18105,643,94.962,176929.54811,0
1784924280000,1862.91,1863.57,1862.90,1863.56,446.794,1784924339999,832492.37353,634,279.851,521468.02539,0
1784924340000,1863.56,1863.57,1862.09,1862.11,543.010,1784924399999,1011558.28991,1245,90.485,168520.96331,0
1784924400000,1862.11,1862.84,1862.11,1862.41,204.151,1784924459999,380240.60609,828,127.039,236610.11745,0
1784924460000,1862.41,1862.64,1862.41,1862.64,127.039,1784924519999,236617.91539,286,74.915,139530.22931,0
1784924520000,1862.63,1863.61,1862.63,1863.61,529.797,1784924579999,987019.35268,888,327.060,609321.52384,0
1784924580000,1863.61,1863.76,1863.61,1863.76,305.121,1784924639999,568664.87785,343,211.808,394753.96550,0
1784924640000,1863.76,1864.00,1863.45,1863.46,760.955,1784924699999,1418308.11039,719,136.572,254547.48793,0
1784924700000,1863.46,1864.23,1863.45,1864.23,408.254,1784924759999,760928.77244,684,343.685,640580.32640,0
1784924760000,1864.22,1864.37,1863.92,1864.19,904.022,1784924819999,1685283.31942,1032,239.497,446476.42200,0
1784924820000,1864.20,1864.20,1862.73,1863.07,857.340,1784924879999,1597337.62959,1673,383.278,714080.94737,0
1784924880000,1863.07,1863.53,1862.82,1862.99,512.774,1784924939999,955487.00194,1149,223.330,416141.95351,0
1784924940000,1862.99,1863.00,1862.40,1862.41,227.737,1784924999999,424201.35972,641,92.317,171952.98991,0
1784925000000,1862.40,1862.41,1861.39,1861.39,266.467,1784925059999,496142.09227,1016,67.167,125062.69851,0
1784925060000,1861.39,1861.61,1860.86,1861.09,482.016,1784925119999,897160.73848,1158,185.965,346130.71432,0
1784925120000,1861.09,1861.89,1861.09,1861.61,176.982,1784925179999,329445.79541,887,108.332,201647.92248,0
1784925180000,1861.60,1862.02,1861.39,1862.01,661.810,1784925239999,1232058.24620,882,400.500,745519.20608,0
1784925240000,1862.02,1862.02,1861.25,1861.25,1084.299,1784925299999,2018395.59235,947,158.255,294590.52630,0
1784925300000,1861.25,1861.47,1860.77,1861.47,819.220,1784925359999,1524690.90239,1123,75.460,140439.60972,0
1784925360000,1861.46,1861.87,1861.46,1861.86,224.934,1784925419999,418726.01709,523,144.787,269531.49527,0
1784925420000,1861.86,1861.93,1861.46,1861.46,404.151,1784925479999,752428.13075,813,160.047,297965.38936,0
1784925480000,1861.46,1861.49,1860.09,1860.19,974.073,1784925539999,1812688.14028,1550,249.873,464901.32890,0
1784925540000,1860.18,1861.55,1859.25,1861.46,2890.600,1784925599999,5376671.25323,3373,1269.659,2362096.63844,0
1784925600000,1861.46,1861.76,1861.45,1861.58,762.640,1784925659999,1419741.34564,659,564.903,1051644.42188,0
1784925660000,1861.57,1861.58,1860.69,1860.70,380.594,1784925719999,708342.22541,1031,168.513,313631.15500,0
1784925720000,1860.69,1860.69,1860.08,1860.12,508.791,1784925779999,946487.07120,839,79.600,148067.57455,0
1784925780000,1860.12,1860.56,1860.12,1860.28,234.324,1784925839999,435915.65714,601,88.555,164729.16983,0
1784925840000,1860.29,1860.90,1860.29,1860.86,307.771,1784925899999,572630.19875,538,267.604,497886.70819,0
1784925900000,1860.85,1861.22,1860.85,1860.90,336.728,1784925959999,626692.99704,628,278.555,518425.62279,0
1784925960000,1860.90,1860.91,1860.21,1860.21,1195.426,1784926019999,2224019.13459,1305,194.862,362496.95947,0
1784926020000,1860.20,1860.20,1857.57,1858.13,6844.852,1784926079999,12721596.32156,4933,1870.217,3476031.82891,0
1784926080000,1858.13,1858.53,1857.30,1857.89,4768.346,1784926139999,8859407.76193,3804,1803.650,3351235.15325,0
1784926140000,1857.89,1858.68,1857.89,1858.68,1490.409,1784926199999,2769395.83890,1358,753.046,1399252.47733,0
1784926200000,1858.68,1859.00,1858.47,1859.00,640.911,1784926259999,1191288.66461,691,521.759,969803.53553,0
1784926260000,1859.00,1860.08,1858.99,1860.07,378.052,1784926319999,703069.62926,897,298.322,554777.48018,0
1784926320000,1860.08,1860.37,1860.08,1860.23,468.986,1784926379999,872441.38580,490,98.566,183345.49128,0
1784926380000,1860.22,1860.37,1860.22,1860.27,178.752,1784926439999,332536.41624,400,46.362,86246.42586,0
1784926440000,1860.26,1860.53,1860.09,1860.53,1078.670,1784926499999,2006548.23735,613,226.605,421584.17289,0
1784926500000,1860.53,1860.56,1860.51,1860.52,112.952,1784926559999,210151.31211,248,43.017,80034.15616,0
1784926560000,1860.52,1860.53,1860.51,1860.53,100.797,1784926619999,187534.70958,180,82.277,153078.01002,0
1784926620000,1860.53,1860.53,1860.52,1860.52,130.961,1784926679999,243655.80567,227,24.595,45759.73535,0
1784926680000,1860.52,1860.92,1860.16,1860.16,2716.354,1784926739999,5054191.37808,1610,501.957,933983.90966,0
1784926740000,1860.16,1860.16,1859.76,1860.05,475.969,1784926799999,885274.72542,709,126.946,236112.43927,0
1784926800000,1860.04,1860.17,1859.00,1859.00,1564.473,1784926859999,2909941.48637,1202,59.020,109767.93707,0
1784926860000,1859.00,1859.05,1859.00,1859.04,358.528,1784926919999,666510.02702,353,201.207,374046.56238,0
1784926920000,1859.05,1860.88,1859.05,1860.21,11112.200,1784926979999,20668265.62921,8311,7292.671,13564417.59945,0
1784926980000,1860.20,1860.68,1859.00,1859.42,2310.804,1784927039999,4297619.12653,4193,1158.378,2154385.10665,0
1784927040000,1859.42,1860.11,1859.42,1859.81,560.448,1784927099999,1042318.31743,1195,309.786,576107.13189,0
1784927100000,1859.81,1860.34,1859.52,1860.34,372.461,1784927159999,692744.86231,948,192.926,358819.28761,0
1784927160000,1860.33,1860.34,1859.43,1859.44,652.029,1784927219999,1212764.76119,906,86.307,160519.15123,0
1784927220000,1859.44,1859.44,1858.62,1859.11,366.345,1784927279999,681010.63880,825,187.858,349185.37382,0
1784927280000,1859.11,1859.53,1858.77,1859.53,735.747,1784927339999,1367797.43147,1022,212.585,395205.80214,0
1784927340000,1859.53,1860.00,1859.52,1859.53,321.197,1784927399999,597352.31641,724,179.858,334478.85631,0
1784927400000,1859.54,1859.54,1858.40,1858.95,1510.719,1784927459999,2808378.98242,1437,833.487,1549197.30118,0
1784927460000,1858.94,1858.95,1858.39,1858.39,560.458,1784927519999,1041672.29611,663,142.781,265367.32831,0
1784927520000,1858.40,1858.61,1858.13,1858.14,439.879,1784927579999,817459.09239,646,153.967,286128.30504,0
1784927580000,1858.13,1858.55,1858.13,1858.55,1110.435,1784927639999,2063548.78935,1200,854.256,1587489.73914,0
1784927640000,1858.54,1858.75,1858.33,1858.55,305.718,1784927699999,568203.22823,620,121.589,225975.52353,0
1784927700000,1858.54,1858.62,1858.39,1858.62,262.972,1784927759999,488744.36478,413,175.419,326020.72133,0
1784927760000,1858.62,1859.61,1858.61,1859.61,318.759,1784927819999,592576.40810,648,200.479,372695.95022,0
1784927820000,1859.61,1859.80,1859.61,1859.80,342.222,1784927879999,636435.73476,309,285.142,530279.61852,0
1784927880000,1859.79,1860.00,1859.31,1859.31,398.821,1784927939999,741732.66572,692,121.845,226619.62281,0
1784927940000,1859.31,1859.32,1858.61,1858.61,324.487,1784927999999,603256.21837,577,50.667,94201.73687,0
1784928000000,1858.61,1858.62,1857.90,1858.14,653.476,1784928059999,1214261.30184,1080,219.860,408529.76326,0
1784928060000,1858.13,1858.50,1858.13,1858.32,437.620,1784928119999,813273.52573,558,260.196,483546.12663,0
1784928120000,1858.33,1858.84,1858.32,1858.52,384.315,1784928179999,714298.29302,504,141.008,262066.47149,0
1784928180000,1858.51,1858.52,1858.51,1858.52,138.850,1784928239999,258054.93431,134,82.081,152549.18012,0
1784928240000,1858.52,1858.96,1857.82,1858.96,856.485,1784928299999,1591561.82183,1405,557.163,1035323.56312,0
1784928300000,1858.96,1859.86,1858.96,1859.86,265.651,1784928359999,493976.95485,724,237.270,441198.10271,0
1784928360000,1859.86,1860.25,1859.85,1860.11,483.385,1784928419999,899135.31432,520,265.426,493683.62887,0
1784928420000,1860.11,1860.11,1859.24,1859.25,362.917,1784928479999,674927.77685,615,171.643,319189.78741,0
1784928480000,1859.25,1859.25,1858.33,1858.61,527.398,1784928539999,980274.23891,805,230.021,427478.70859,0
1784928540000,1858.62,1859.14,1858.62,1859.14,496.242,1784928599999,922432.19694,421,486.366,904074.88836,0
1784928600000,1859.14,1860.00,1859.14,1859.66,358.360,1784928659999,666449.63873,800,231.587,430661.26595,0
1784928660000,1859.65,1860.06,1859.64,1860.06,307.206,1784928719999,571326.51815,535,185.505,344997.63235,0
1784928720000,1860.05,1860.05,1859.38,1859.75,753.079,1784928779999,1400430.68373,858,452.084,840655.35558,0
1784928780000,1859.74,1860.15,1859.74,1859.97,441.950,1784928839999,822020.73047,742,291.850,542820.71346,0
1784928840000,1859.96,1859.96,1859.58,1859.58,151.369,1784928899999,281527.63491,301,14.350,26688.52384,0
1784928900000,1859.59,1860.04,1859.58,1860.04,160.870,1784928959999,299179.25779,417,148.958,277025.86348,0
1784928960000,1860.04,1860.22,1860.03,1860.17,356.216,1784929019999,662625.85156,293,167.514,311600.66968,0
1784929020000,1860.17,1860.22,1860.00,1860.00,393.594,1784929079999,732144.37102,411,285.799,531625.05585,0
1784929080000,1860.01,1860.01,1859.17,1859.18,346.136,1784929139999,643681.55753,705,173.413,322463.81600,0
1784929140000,1859.18,1859.18,1858.55,1858.74,509.044,1784929199999,946164.01376,703,160.035,297439.71745,0
1784929200000,1858.75,1859.26,1858.02,1859.26,437.778,1784929259999,813618.04083,1204,217.171,403604.88654,0
1784929260000,1859.26,1859.26,1858.31,1858.40,388.442,1784929319999,722108.46011,645,47.773,88779.55654,0
1784929320000,1858.39,1858.90,1858.39,1858.41,429.643,1784929379999,798535.68097,667,266.839,495937.97218,0
1784929380000,1858.41,1859.26,1858.17,1858.66,602.579,1784929439999,1119902.46453,1060,273.573,508382.67002,0
1784929440000,1858.67,1859.24,1858.07,1859.06,984.614,1784929499999,1830175.03912,5703,474.206,881376.25709,0
1784929500000,1859.07,1859.22,1858.25,1858.25,297.221,1784929559999,552431.92573,552,41.731,77566.64020,0
1784929560000,1858.25,1858.25,1857.32,1857.45,1137.395,1784929619999,2112896.68877,1348,379.984,705869.47291,0
1784929620000,1857.46,1857.76,1857.45,1857.75,344.437,1784929679999,639839.01659,307,219.892,408475.19807,0
1784929680000,1857.76,1858.81,1857.76,1858.52,730.462,1784929739999,1357375.56327,1205,456.254,847783.64257,0
1784929740000,1858.52,1859.11,1858.11,1858.37,511.530,1784929799999,950665.40628,1606,221.984,412499.20860,0
1784929800000,1858.37,1859.03,1858.37,1858.51,323.388,1784929859999,601017.30422,909,253.233,470616.36066,0
1784929860000,1858.50,1858.73,1857.61,1857.61,664.998,1784929919999,1235607.82876,2082,357.915,665027.83534,0
1784929920000,1857.62,1858.05,1857.45,1857.76,309.987,1784929979999,575863.83675,1246,117.819,218875.82470,0
1784929980000,1857.77,1857.88,1857.32,1857.33,184.583,1784930039999,342889.92162,512,44.624,82891.10541,0
1784930040000,1857.33,1858.05,1857.33,1857.85,542.563,1784930099999,1007946.84856,887,120.209,223297.21441,0
1784930100000,1857.85,1857.86,1857.32,1857.77,348.607,1784930159999,647569.40708,931,141.985,263740.53600,0
1784930160000,1857.77,1857.77,1856.33,1856.89,965.987,1784930219999,1793659.24856,1943,117.345,217861.71647,0
1784930220000,1856.90,1857.37,1856.89,1857.36,266.675,1784930279999,495267.05962,620,175.744,326378.91109,0
1784930280000,1857.37,1857.37,1856.36,1856.78,679.335,1784930339999,1261502.55172,1156,255.593,474593.58590,0
1784930340000,1856.78,1856.79,1856.10,1856.69,844.542,1784930399999,1567852.50998,1167,362.638,673207.31958,0
1784930400000,1856.69,1857.00,1856.43,1856.61,1533.395,1784930459999,2847040.76327,1576,737.108,1368535.48130,0
1784930460000,1856.60,1857.16,1855.75,1856.33,1555.080,1784930519999,2886960.63325,2305,636.229,1181144.49983,0
1784930520000,1856.34,1857.48,1855.94,1857.48,1079.095,1784930579999,2003439.97379,1752,697.360,1294746.67879,0
1784930580000,1857.48,1858.39,1857.48,1857.54,1262.618,1784930639999,2345815.42880,1806,369.086,685715.54548,0
1784930640000,1857.53,1857.89,1857.27,1857.62,370.519,1784930699999,688243.42392,870,276.105,512854.37238,0
1784930700000,1857.62,1858.37,1857.62,1858.37,292.627,1784930759999,543730.36109,629,214.942,399372.62499,0
1784930760000,1858.36,1858.68,1858.36,1858.67,138.102,1784930819999,256664.99449,293,111.458,207144.79476,0
1784930820000,1858.67,1859.13,1857.34,1857.68,2206.558,1784930879999,4100365.30177,2505,618.728,1149683.69752,0
1784930880000,1857.68,1858.34,1857.07,1857.45,2468.807,1784930939999,4586360.01698,3205,1666.284,3095467.73950,0
1784930940000,1857.45,1858.09,1857.14,1858.09,938.515,1784930999999,1743392.77097,1292,736.519,1368220.40722,0
1784931000000,1858.09,1858.98,1858.08,1858.98,331.265,1784931059999,615576.99242,661,122.078,226869.34357,0
1784931060000,1858.98,1859.08,1858.76,1859.08,397.347,1784931119999,738642.78826,552,103.043,191544.82845,0
1784931120000,1859.07,1859.08,1858.39,1858.39,571.052,1784931179999,1061549.61783,968,146.485,272295.41596,0
1784931180000,1858.38,1858.39,1857.83,1858.13,570.000,1784931239999,1059123.90460,873,157.563,292738.55044,0
1784931240000,1858.13,1858.53,1857.96,1858.53,578.136,1784931299999,1074263.82584,706,376.000,698637.34384,0
1784931300000,1858.52,1858.56,1858.41,1858.56,158.807,1784931359999,295141.51544,284,53.067,98623.03647,0
1784931360000,1858.55,1859.00,1858.55,1859.00,48.578,1784931419999,90296.35914,409,42.289,78606.28786,0
1784931420000,1858.99,1859.00,1858.88,1858.89,239.337,1784931479999,444921.44555,283,14.906,27709.07473,0
1784931480000,1858.88,1858.89,1858.80,1858.81,197.249,1784931539999,366660.82770,288,32.052,59580.86116,0
1784931540000,1858.81,1858.99,1858.80,1858.99,165.153,1784931599999,306991.00726,269,164.614,305989.10631,0
1784931600000,1858.98,1858.99,1858.86,1858.99,262.547,1784931659999,488055.36299,313,183.453,341024.23290,0
1784931660000,1858.99,1859.01,1858.98,1859.01,79.408,1784931719999,147618.98740,185,73.487,136611.91982,0
1784931720000,1859.00,1859.05,1858.01,1858.53,1158.237,1784931779999,2152547.53118,1456,89.385,166122.51818,0
1784931780000,1858.52,1858.75,1858.52,1858.63,328.039,1784931839999,609730.43101,400,58.222,108213.97857,0
1784931840000,1858.62,1858.63,1857.66,1858.19,971.762,1784931899999,1805493.32894,1368,475.529,883504.88527,0
1784931900000,1858.19,1858.20,1858.16,1858.16,85.786,1784931959999,159405.63102,248,16.841,31293.57495,0
1784931960000,1858.16,1858.54,1858.16,1858.54,168.571,1784932019999,313258.57863,351,151.042,280683.97010,0
1784932020000,1858.53,1858.54,1858.45,1858.45,153.301,1784932079999,284908.74029,214,54.938,102100.67483,0
1784932080000,1858.45,1858.46,1858.06,1858.07,247.394,1784932139999,459711.21497,417,20.059,37274.71962,0
1784932140000,1858.07,1858.47,1858.06,1858.47,594.633,1784932199999,1104995.35581,468,411.528,764703.08466,0
1784932200000,1858.47,1858.91,1858.47,1858.90,282.603,1784932259999,525273.96297,534,240.290,446626.00491,0
1784932260000,1858.91,1858.97,1858.86,1858.97,355.552,1784932319999,660941.61390,409,97.097,180494.68819,0
1784932320000,1858.96,1859.51,1858.96,1859.51,182.989,1784932379999,340203.69736,592,175.230,325778.23390,0
1784932380000,1859.50,1860.82,1859.50,1860.49,1292.131,1784932439999,2403744.87457,1743,1002.179,1864264.69812,0
1784932440000,1860.48,1860.49,1859.46,1859.47,777.363,1784932499999,1445954.34782,924,46.080,85718.81616,0
1784932500000,1859.46,1859.88,1859.46,1859.47,753.167,1784932559999,1400637.45978,827,261.731,486696.39423,0
1784932560000,1859.46,1859.89,1859.46,1859.89,257.119,1784932619999,478170.84967,391,179.777,334333.06205,0
1784932620000,1859.89,1859.89,1859.61,1859.62,244.702,1784932679999,455086.08119,295,66.657,123960.06156,0
1784932680000,1859.61,1859.62,1859.61,1859.62,55.562,1784932739999,103323.74139,103,9.057,16842.57834,0
1784932740000,1859.61,1859.62,1859.13,1859.33,385.421,1784932799999,716631.83410,583,99.941,185809.24132,0
1784932800000,1859.34,1860.20,1859.34,1860.17,481.021,1784932859999,894679.62565,881,299.389,556818.18224,0
1784932860000,1860.16,1860.62,1860.16,1860.62,708.926,1784932919999,1318823.45910,691,579.818,1078654.81236,0
1784932920000,1860.61,1860.74,1860.20,1860.74,763.145,1784932979999,1419805.65307,783,153.227,285071.77949,0
1784932980000,1860.74,1860.74,1860.16,1860.35,299.813,1784933039999,557809.54841,628,121.898,226790.08265,0
1784933040000,1860.34,1860.39,1860.02,1860.03,381.688,1784933099999,710043.24674,462,22.730,42285.48618,0
1784933100000,1860.02,1860.24,1859.99,1860.04,283.575,1784933159999,527480.18950,443,100.739,187383.54091,0
1784933160000,1860.03,1860.04,1859.79,1859.80,548.504,1784933219999,1020193.00745,500,41.890,77915.31926,0
1784933220000,1859.79,1859.80,1858.17,1858.78,1709.557,1784933279999,3177538.71651,2476,438.287,814577.79446,0
1784933280000,1858.79,1859.31,1858.79,1859.29,526.569,1784933339999,978963.33431,630,468.458,870933.68943,0
1784933340000,1859.29,1859.29,1858.82,1859.15,281.577,1784933399999,523460.14935,681,100.383,186599.43048,0
1784933400000,1859.16,1859.40,1858.75,1858.78,190.545,1784933459999,354212.77358,560,82.049,152520.98081,0
1784933460000,1858.78,1858.93,1858.59,1858.93,184.401,1784933519999,342751.16369,461,91.681,170403.22249,0
1784933520000,1858.93,1859.39,1858.92,1859.18,153.099,1784933579999,284624.97401,590,89.594,166556.43810,0
1784933580000,1859.17,1859.85,1859.17,1859.44,686.573,1784933639999,1276764.60273,927,625.671,1163512.05764,0
1784933640000,1859.44,1859.44,1859.43,1859.44,72.080,1784933699999,134028.22697,98,51.257,95309.31608,0
1784933700000,1859.43,1859.55,1859.43,1859.55,316.588,1784933759999,588703.73773,297,214.012,397959.76258,0
1784933760000,1859.54,1859.70,1859.54,1859.70,113.993,1784933819999,211975.81966,214,90.178,167690.87456,0
1784933820000,1859.69,1859.69,1859.54,1859.55,109.649,1784933879999,203907.45717,224,7.685,14290.64175,0
1784933880000,1859.54,1859.54,1859.02,1859.03,203.754,1784933939999,378853.66876,642,29.476,54804.51940,0
1784933940000,1859.02,1859.03,1858.51,1858.75,276.140,1784933999999,513276.12264,701,114.174,212204.14605,0
1784934000000,1858.75,1858.84,1858.51,1858.84,279.741,1784934059999,519919.62977,547,173.012,321553.01818,0
1784934060000,1858.84,1858.84,1858.32,1858.59,442.161,1784934119999,821748.34981,750,246.791,458645.98231,0
1784934120000,1858.59,1859.32,1858.13,1859.32,583.783,1784934179999,1085000.69534,1317,427.059,793740.12271,0
1784934180000,1859.32,1859.63,1859.31,1859.63,116.780,1784934239999,217148.31873,368,86.760,161324.00426,0
1784934240000,1859.63,1860.00,1859.30,1859.30,809.808,1784934299999,1506099.89956,1121,163.191,303491.20548,0
1784934300000,1859.30,1859.62,1858.52,1858.82,553.484,1784934359999,1029087.67473,1190,365.003,678648.92423,0
1784934360000,1858.82,1859.00,1858.81,1858.99,204.189,1784934419999,379570.86756,292,87.567,162772.56342,0
1784934420000,1859.00,1859.10,1858.99,1859.09,101.992,1784934479999,189610.18353,245,93.864,174499.87711,0
1784934480000,1859.09,1859.10,1859.09,1859.10,120.762,1784934539999,224507.58367,150,15.709,29204.60190,0
1784934540000,1859.09,1859.10,1858.33,1858.99,527.060,1784934599999,979640.23225,1169,248.267,461398.93115,0
1784934600000,1858.99,1859.00,1858.99,1858.99,81.241,1784934659999,151026.34913,141,14.254,26498.18600,0
1784934660000,1858.99,1859.17,1858.86,1859.05,225.172,1784934719999,418593.68293,676,189.472,352224.58636,0
1784934720000,1859.06,1859.16,1858.86,1858.87,218.017,1784934779999,405295.01599,516,66.928,124421.68698,0
1784934780000,1858.86,1859.24,1858.86,1859.23,343.318,1784934839999,638189.97785,479,233.826,434658.84744,0
1784934840000,1859.24,1859.35,1859.00,1859.02,317.664,1784934899999,590628.21107,616,109.146,202933.62167,0
1784934900000,1859.01,1859.35,1858.42,1858.42,827.033,1784934959999,1537509.89784,1128,505.459,939726.98729,0
1784934960000,1858.42,1859.05,1858.42,1859.05,158.719,1784935019999,295007.59677,471,146.678,272625.79675,0
1784935020000,1859.05,1859.22,1859.04,1859.22,108.919,1784935079999,202486.08427,292,99.311,184624.42795,0
1784935080000,1859.21,1859.52,1859.21,1859.50,373.319,1784935139999,694173.21440,552,264.984,492730.10201,0
1784935140000,1859.49,1859.50,1859.21,1859.22,262.864,1784935199999,488777.78399,287,166.877,310300.34200,0
1784935200000,1859.22,1859.65,1859.21,1859.65,223.357,1784935259999,415285.94838,442,161.854,300938.05586,0
1784935260000,1859.65,1860.37,1859.64,1860.36,319.964,1784935319999,595107.16041,663,295.779,550127.23625,0
1784935320000,1860.37,1860.50,1860.18,1860.50,591.814,1784935379999,1100950.53630,580,300.924,559799.11598,0
1784935380000,1860.50,1860.57,1860.14,1860.15,561.656,1784935439999,1044898.74803,693,124.431,231503.52738,0
1784935440000,1860.14,1860.30,1860.14,1860.29,107.660,1784935499999,200268.44470,291,69.561,129397.37232,0
1784935500000,1860.29,1860.30,1859.59,1859.59,285.526,1784935559999,531118.54235,658,81.036,150738.27128,0
1784935560000,1859.59,1859.59,1859.44,1859.45,112.561,1784935619999,209301.93085,182,65.184,121206.38880,0
1784935620000,1859.45,1860.09,1859.44,1859.97,502.997,1784935679999,935445.66399,900,370.949,689862.67991,0
1784935680000,1859.97,1860.14,1859.96,1860.14,82.661,1784935739999,153748.70548,202,75.945,141256.20059,0
1784935740000,1860.13,1860.14,1860.01,1860.03,152.337,1784935799999,283359.81961,227,62.743,116703.63742,0
1784935800000,1860.03,1860.14,1860.01,1860.01,316.257,1784935859999,588276.77307,341,78.896,146755.72398,0
1784935860000,1860.02,1860.30,1859.87,1860.30,203.175,1784935919999,377919.15561,514,88.858,165288.04059,0
1784935920000,1860.29,1860.61,1860.29,1860.51,187.150,1784935979999,348194.88213,551,122.378,227681.49041,0
1784935980000,1860.50,1860.72,1860.48,1860.72,254.316,1784936039999,473185.26784,448,199.182,370601.00202,0
1784936040000,1860.72,1860.78,1860.62,1860.74,407.596,1784936099999,758431.46643,492,232.484,432591.49851,0
1784936100000,1860.73,1860.73,1859.70,1859.82,574.172,1784936159999,1068029.01546,875,100.987,187815.43893,0
1784936160000,1859.81,1860.00,1859.81,1859.90,163.734,1784936219999,304520.94965,345,72.413,134678.12605,0
1784936220000,1859.91,1859.91,1859.24,1859.28,939.272,1784936279999,1746660.75672,819,209.391,389316.39328,0
1784936280000,1859.29,1859.29,1858.41,1858.57,2685.328,1784936339999,4991490.23294,1961,437.433,813064.88312,0
1784936340000,1858.57,1859.71,1858.57,1859.71,386.613,1784936399999,718757.04150,1071,359.342,668064.14482,0
1784936400000,1859.71,1860.11,1859.59,1859.60,618.344,1784936459999,1150022.20543,750,476.062,885387.52129,0
1784936460000,1859.59,1859.60,1859.59,1859.60,49.928,1784936519999,92846.02374,175,41.422,77028.35120,0
1784936520000,1859.60,1859.80,1859.59,1859.80,231.749,1784936579999,430970.01905,451,104.893,195061.50298,0
1784936580000,1859.80,1860.52,1859.80,1860.39,317.369,1784936639999,590394.07300,714,150.046,279113.60938,0
1784936640000,1860.38,1860.49,1860.06,1860.25,239.310,1784936699999,445197.54229,561,117.289,218193.66293,0
1784936700000,1860.24,1860.24,1859.43,1859.85,394.997,1784936759999,734587.39662,901,96.927,180258.56842,0
1784936760000,1859.86,1860.21,1859.86,1860.08,323.849,1784936819999,602365.11062,690,168.641,313658.57207,0
1784936820000,1860.08,1860.08,1859.51,1859.52,426.583,1784936879999,793346.42341,528,68.774,127896.73212,0
1784936880000,1859.51,1859.85,1859.51,1859.85,85.129,1784936939999,158315.14712,351,56.950,105911.34359,0
1784936940000,1859.84,1860.03,1859.76,1860.03,368.529,1784936999999,685400.93954,434,245.385,456375.31508,0
1784937000000,1860.03,1860.13,1859.99,1860.00,202.393,1784937059999,376466.63474,333,55.425,103096.15388,0
1784937060000,1860.00,1860.50,1859.99,1860.50,540.141,1784937119999,1004807.48107,700,388.158,722062.41891,0
1784937120000,1860.50,1860.90,1860.49,1860.90,700.457,1784937179999,1303379.18230,682,533.248,992231.78685,0
1784937180000,1860.89,1860.90,1860.89,1860.90,144.277,1784937239999,268484.71466,129,108.813,202490.11170,0
1784937240000,1860.89,1860.89,1860.06,1860.19,1086.638,1784937299999,2021507.34174,956,574.614,1068927.19586,0
1784937300000,1860.19,1860.59,1860.18,1860.59,262.231,1784937359999,487862.51518,398,246.019,457699.07645,0
1784937360000,1860.59,1860.59,1860.58,1860.58,64.353,1784937419999,119734.43218,242,52.744,98134.95896,0
1784937420000,1860.59,1860.80,1860.58,1860.80,223.472,1784937479999,415811.20408,277,193.460,359967.96772,0
1784937480000,1860.79,1860.98,1860.79,1860.98,85.743,1784937539999,159555.84140,317,81.357,151394.06197,0
1784937540000,1860.97,1860.98,1860.57,1860.57,687.834,1784937599999,1279971.29423,533,81.931,152470.83543,0
