open_time,open,high,low,close,volume,close_time,quote_volume,count,taker_buy_volume,taker_buy_quote_volume,ignore
1678147200000,1565.17,1584.00,1560.48,1574.32,462918.626,1678161599999,727845036.84045,277096,256067.420,402664339.82091,0
1678161600000,1574.33,1576.16,1570.00,1570.73,199166.187,1678175999999,313234079.49619,138273,95514.799,150228465.45506,0
1678176000000,1570.73,1570.87,1561.47,1562.72,396712.746,1678190399999,621207561.31251,245745,185980.497,291223285.80952,0
1678190400000,1562.73,1572.32,1524.00,1560.08,1685558.799,1678204799999,2621684927.82217,923668,810341.432,1260838794.16859,0
1678204800000,1560.07,1565.00,1546.19,1550.52,802527.857,1678219199999,1248853149.31218,490401,402768.507,626875478.85466,0
1678219200000,1550.52,1563.00,1542.00,1561.29,601046.640,1678233599999,931860986.48785,393080,308892.894,478988021.95692,0
