open_time,open,high,low,close,volume,close_time,quote_volume,count,taker_buy_volume,taker_buy_quote_volume,ignore
1717804800000,3679.82,3693.76,3675.00,3690.84,98423.195,1717819199999,362876141.68458,206311,45321.120,167085796.14066,0
1717819200000,3690.85,3711.28,3678.35,3710.26,138815.901,1717833599999,512660020.09475,232933,73301.912,270736138.24535,0
1717833600000,3710.26,3710.67,3680.20,3684.55,144294.002,1717847999999,532764249.21111,266750,68174.546,251710678.58920,0
1717848000000,3684.55,3699.20,3659.00,3689.33,217397.085,1717862399999,801021943.45085,351901,103730.921,382256905.38960,0
1717862400000,3689.33,3696.30,3672.70,3683.31,103447.358,1717876799999,381368780.87126,214424,48414.835,178489651.09635,0
1717876800000,3683.31,3685.95,3671.00,3682.11,91184.414,1717891199999,335345591.33242,186486,47489.838,174647333.26055,0
