open_time,open,high,low,close,volume,close_time,quote_volume,count,taker_buy_volume,taker_buy_quote_volume,ignore
1730764800000,2397.36,2421.06,2379.48,2419.73,391393.331,1730779199999,940679074.23315,622317,210737.708,506733378.43483,0
1730779200000,2419.73,2444.79,2416.22,2442.32,279206.676,1730793599999,678476611.67835,442151,144578.808,351387149.31870,0
1730793600000,2442.33,2447.31,2429.18,2439.88,209175.726,1730807999999,510007847.25326,366482,98716.137,240705728.15976,0
1730808000000,2439.88,2479.60,2426.00,2440.22,793472.320,1730822399999,1946093127.18342,992114,400382.557,982305432.30057,0
1730822400000,2440.22,2474.97,2400.23,2407.30,571046.163,1730836799999,1396739283.69189,779007,284150.567,695485687.78601,0
1730836800000,2407.30,2439.36,2400.33,2421.42,313565.015,1730851199999,759810814.72274,558311,155658.489,377174186.91341,0
