open_time,open,high,low,close,volume,close_time,quote_volume,count,taker_buy_volume,taker_buy_quote_volume,ignore
1751414400000,2403.66,2431.51,2367.53,2429.23,755580.925,1751428799999,1816358769.77152,601669,394495.432,949035574.74773,0
1751428800000,2429.22,2453.53,2424.13,2445.75,667585.557,1751443199999,1629797292.96895,487134,314369.012,767576580.51571,0
1751443200000,2445.76,2460.00,2440.32,2444.53,570139.751,1751457599999,1396358705.61174,449874,273411.519,669729816.21144,0
1751457600000,2444.53,2502.97,2430.42,2497.74,1332986.591,1751471999999,3289056074.30488,1049680,703383.542,1736130651.30023,0
1751472000000,2497.73,2607.36,2494.04,2603.65,2430964.502,1751486399999,6214634719.98200,1598864,1280860.988,3274717405.09311,0
1751486400000,2603.64,2618.20,2568.09,2569.37,851809.443,1751500799999,2208566775.04015,674424,406858.817,1055425528.69728,0
