open_time,open,high,low,close,volume,close_time,quote_volume,count,taker_buy_volume,taker_buy_quote_volume,ignore
1754784000000,4259.11,4331.99,4205.00,4241.14,1287012.134,1754798399999,5490769475.70786,1480716,605804.668,2584936865.18647,0
1754798400000,4241.14,4263.35,4175.51,4184.36,871237.224,1754812799999,3673721239.05263,1062448,392078.417,1654101446.84621,0
1754812800000,4184.36,4232.00,4161.02,4179.11,813548.341,1754827199999,3417119052.94793,976910,384658.854,1616187227.47542,0
1754827200000,4179.11,4237.87,4160.00,4216.12,770699.165,1754841599999,3234434322.39670,1056350,403114.353,1691926051.46144,0
1754841600000,4216.11,4257.96,4212.75,4247.20,385785.208,1754855999999,1633330257.57267,564689,203356.720,861218436.99279,0
1754856000000,4247.20,4252.82,4184.05,4248.77,616842.579,1754870399999,2604091404.95838,845292,283295.783,1196137121.18816,0
