open_time,open,high,low,close,volume,close_time,quote_volume,count,taker_buy_volume,taker_buy_quote_volume,ignore
1789603200000,2417.50,2417.54,2415.74,2417.54,1729.048,1789603259999,4178273.05586,3836,1040.149,2513505.38515,0
1789603260000,2417.54,2417.87,2416.50,2416.59,1442.502,1789603319999,3486940.37550,3249,487.122,1177442.33773,0
1789603320000,2416.60,2417.40,2415.14,2417.21,2718.339,1789603379999,6567762.21608,3902,776.520,1876090.59040,0
1789603380000,2417.21,2417.66,2415.49,2416.89,1572.953,1789603439999,3801326.80799,3647,680.776,1645078.31541,0
1789603440000,2416.90,2417.59,2416.00,2416.59,1961.915,1789603499999,4741597.67917,3334,1087.650,2628634.73849,0
1789603500000,2416.59,2416.98,2414.79,2416.86,2974.726,1789603559999,7186559.81220,3768,1390.646,3359875.49012,0
1789603560000,2416.86,2418.03,2416.67,2417.28,646.654,1789603619999,1563251.13480,1926,385.286,931439.72945,0
1789603620000,2417.29,2420.59,2417.29,2418.67,4914.677,1789603679999,11889342.69418,5940,1904.414,4607542.53512,0
1789603680000,2418.67,2420.01,2417.20,2420.00,2438.651,1789603739999,5897299.59054,4042,1063.164,2571174.71333,0
1789603740000,2420.00,2422.67,2420.00,2422.27,2869.708,1789603799999,6948986.52387,5131,1938.828,4695034.67931,0
1789603800000,2422.27,2422.27,2420.47,2420.78,1742.836,1789603859999,4219843.30628,2917,901.210,2182147.33428,0
1789603860000,2420.78,2423.75,2420.78,2423.64,2877.068,1789603919999,6969022.63326,5139,1898.550,4598816.45696,0
1789603920000,2423.64,2423.92,2421.51,2422.48,3695.956,1789603979999,8955040.77191,4278,1511.260,3661862.67503,0
1789603980000,2422.48,2422.61,2418.57,2419.08,4994.032,1789604039999,12089101.30596,4393,853.690,2066537.37851,0
1789604040000,2419.09,2420.94,2418.86,2420.69,2619.396,1789604099999,6338325.60641,4245,1854.396,4487367.37889,0
1789604100000,2420.69,2421.37,2419.68,2420.85,1687.284,1789604159999,4084070.14680,3584,561.223,1358489.83003,0
1789604160000,2420.85,2423.87,2420.85,2423.37,2145.799,1789604219999,5198727.47158,4352,1349.422,3268986.03255,0
1789604220000,2423.37,2423.37,2421.26,2422.26,2789.428,1789604279999,6758118.96428,4165,605.447,1466546.12649,0
1789604280000,2422.26,2422.75,2421.12,2421.64,696.967,1789604339999,1688011.57118,2087,309.670,750014.94082,0
1789604340000,2421.64,2426.29,2421.64,2424.08,5301.286,1789604399999,12853606.78455,7368,3475.920,8427925.80218,0
1789604400000,2424.08,2424.37,2422.83,2422.86,1391.344,1789604459999,3371990.54482,2220,667.231,1617098.78680,0
1789604460000,2422.85,2424.69,2421.61,2424.03,2939.260,1789604519999,7123352.88990,4213,1704.776,4131474.58769,0
1789604520000,2424.03,2424.04,2422.08,2423.41,3041.848,1789604579999,7371025.17709,3912,846.717,2051425.81808,0
1789604580000,2423.42,2424.29,2422.55,2423.59,2025.015,1789604639999,4907411.16470,2567,1690.716,4097171.08650,0
1789604640000,2423.59,2425.39,2422.97,2424.64,2478.389,1789604699999,6008644.14237,3548,941.534,2282763.81215,0
1789604700000,2424.65,2425.29,2423.11,2423.62,1632.977,1789604759999,3958367.65151,3105,1022.156,2477650.22885,0
1789604760000,2423.62,2424.33,2421.07,2421.09,1793.651,1789604819999,4345615.43200,3036,757.516,1835192.01977,0
1789604820000,2421.09,2422.31,2421.09,2421.34,1132.109,1789604879999,2741628.44175,1782,488.529,1183058.23918,0
1789604880000,2421.34,2421.46,2420.08,2420.63,2567.021,1789604939999,6214268.89299,2597,820.445,1986181.45941,0
1789604940000,2420.62,2421.46,2420.62,2421.19,712.847,1789604999999,1725756.53364,1491,397.135,961429.68262,0
1789605000000,2421.19,2421.89,2420.16,2421.21,1994.934,1789605059999,4829468.63658,2720,1063.998,2575737.43748,0
1789605060000,2421.22,2423.89,2420.99,2423.62,1274.983,1789605119999,3088465.58580,3074,862.061,2088263.60860,0
1789605120000,2423.62,2424.50,2422.10,2424.02,1374.296,1789605179999,3330299.34068,3338,815.610,1976513.69524,0
1789605180000,2424.02,2425.79,2423.40,2425.34,2233.692,1789605239999,5416003.94954,4571,1078.929,2616092.90857,0
1789605240000,2425.34,2427.48,2423.85,2423.85,2921.522,1789605299999,7087368.64251,6050,2130.835,5169436.66732,0
1789605300000,2423.86,2426.37,2423.85,2426.02,1017.505,1789605359999,2467615.48259,3086,677.977,1644192.85733,0
1789605360000,2426.02,2426.47,2422.12,2422.30,2709.786,1789605419999,6569098.21982,4401,999.489,2423197.19384,0
1789605420000,2422.31,2423.33,2421.54,2422.69,745.542,1789605479999,1805878.97037,2733,372.742,902895.34592,0
1789605480000,2422.69,2425.28,2422.69,2424.39,1074.416,1789605539999,2604979.31855,2799,813.406,1972223.90466,0
1789605540000,2424.39,2425.56,2424.11,2424.73,1109.680,1789605599999,2691002.00715,2785,745.293,1807366.95879,0
1789605600000,2424.73,2425.63,2424.00,2424.99,2263.108,1789605659999,5487876.06132,3161,1734.053,4204894.91537,0
1789605660000,2424.99,2424.99,2423.20,2423.21,1385.601,1789605719999,3358764.14520,1997,146.238,354473.11273,0
1789605720000,2423.20,2424.17,2422.27,2423.59,2283.897,1789605779999,5534467.89590,2923,1435.689,3478965.44524,0
1789605780000,2423.60,2424.49,2423.59,2424.29,708.806,1789605839999,1718195.20295,1352,178.165,431862.92986,0
1789605840000,2424.30,2424.30,2422.79,2423.00,475.329,1789605899999,1151954.46360,1342,186.455,451831.10618,0
1789605900000,2423.01,2423.85,2421.87,2422.25,940.082,1789605959999,2277756.69589,2620,293.412,710901.08699,0
1789605960000,2422.26,2422.26,2420.59,2421.06,886.835,1789606019999,2147188.68211,2620,212.619,514774.62189,0
1789606020000,2421.06,2421.18,2420.23,2420.80,1040.577,1789606079999,2518884.49536,1812,507.129,1227577.64727,0
1789606080000,2420.80,2423.00,2420.80,2421.61,1655.612,1789606139999,4009874.06374,3599,756.236,1831482.56504,0
1789606140000,2421.60,2421.98,2421.48,2421.83,423.370,1789606199999,1025268.58135,979,155.476,376506.02102,0
1789606200000,2421.84,2422.17,2420.02,2421.09,771.686,1789606259999,1868020.31486,2297,350.519,848549.75163,0
1789606260000,2421.10,2421.42,2420.80,2420.80,843.154,1789606319999,2041423.56600,1905,600.817,1454679.49247,0
1789606320000,2420.81,2421.40,2420.03,2420.04,604.037,1789606379999,1462290.76250,1463,154.316,373601.43045,0
1789606380000,2420.04,2420.22,2419.19,2419.90,2399.772,1789606439999,5806219.48030,2621,1243.530,3008541.61462,0
1789606440000,2419.90,2419.91,2419.32,2419.52,429.684,1789606499999,1039686.38290,1182,142.933,345832.94532,0
1789606500000,2419.53,2419.66,2418.81,2419.13,890.199,1789606559999,2153559.67232,1559,476.275,1152178.08496,0
1789606560000,2419.13,2420.20,2418.80,2419.92,953.076,1789606619999,2305913.39870,1914,306.796,742285.70804,0
1789606620000,2419.92,2419.92,2419.03,2419.03,446.724,1789606679999,1080759.55337,1554,196.221,474712.61355,0
1789606680000,2419.03,2419.20,2418.39,2418.39,749.282,1789606739999,1812364.79157,1372,105.108,254233.95984,0
1789606740000,2418.40,2418.73,2417.58,2417.58,2058.009,1789606799999,4976260.91402,1941,500.125,1209285.65458,0
1789606800000,2417.58,2418.44,2414.28,2414.28,3064.967,1789606859999,7405843.87035,5280,981.571,2372087.64612,0
1789606860000,2414.28,2414.51,2412.58,2412.69,2720.002,1789606919999,6564655.03668,4988,1133.004,2734598.33546,0
1789606920000,2412.70,2413.64,2412.55,2413.09,1535.694,1789606979999,3705581.01322,2894,766.344,1849151.95576,0
1789606980000,2413.09,2414.28,2412.98,2413.69,1695.205,1789607039999,4091431.97430,2790,1039.824,2509748.10839,0
1789607040000,2413.69,2415.33,2413.52,2414.54,2695.292,1789607099999,6508013.66537,4114,1730.193,4177667.72903,0
1789607100000,2414.53,2414.75,2414.06,2414.07,967.988,1789607159999,2337152.74990,2315,553.085,1335400.54579,0
1789607160000,2414.06,2420.00,2414.06,2419.77,3188.036,1789607219999,7708882.39624,5997,2258.685,5462043.75431,0
1789607220000,2419.77,2420.20,2417.59,2419.13,2170.495,1789607279999,5250997.16533,4135,943.555,2282840.62403,0
1789607280000,2419.14,2419.14,2417.57,2417.59,1453.640,1789607339999,3515512.87703,2600,260.307,629460.93699,0
1789607340000,2417.59,2418.10,2415.17,2415.17,963.994,1789607399999,2329558.42732,2759,206.090,498086.92436,0
1789607400000,2415.17,2415.18,2414.01,2414.40,884.271,1789607459999,2135023.66816,1902,471.157,1137512.14400,0
1789607460000,2414.40,2416.00,2414.40,2415.40,693.695,1789607519999,1675641.69567,1891,290.711,702167.71680,0
1789607520000,2415.41,2415.76,2414.81,2415.10,918.505,1789607579999,2218325.58190,1827,207.694,501600.61951,0
1789607580000,2415.11,2416.45,2415.10,2415.82,609.565,1789607639999,1472639.24553,2439,344.967,833375.00991,0
1789607640000,2415.81,2417.53,2415.81,2417.52,413.025,1789607699999,998072.44318,1323,199.602,482333.71055,0
1789607700000,2417.53,2418.15,2416.02,2416.33,1121.159,1789607759999,2709964.97932,2994,387.434,936627.60083,0
1789607760000,2416.33,2418.03,2415.75,2416.23,587.018,1789607819999,1418681.75288,2639,208.645,504239.78187,0
1789607820000,2416.23,2417.35,2415.82,2415.82,522.166,1789607879999,1261781.20603,3149,284.929,688486.19646,0
1789607880000,2415.82,2419.05,2415.82,2419.05,526.723,1789607939999,1273475.87933,2325,323.545,782245.02095,0
1789607940000,2419.05,2421.43,2419.05,2420.22,1475.980,1789607999999,3572491.55723,4350,1177.610,2850256.84217,0
1789608000000,2420.23,2422.00,2420.22,2421.87,1492.955,1789608059999,3614826.01021,3147,901.474,2182627.65551,0
1789608060000,2421.88,2422.32,2420.22,2421.17,1878.707,1789608119999,4549401.52554,3461,887.554,2149210.39469,0
1789608120000,2421.17,2422.58,2421.00,2422.34,1540.429,1789608179999,3730339.45680,2107,1408.692,3411311.65566,0
1789608180000,2422.34,2424.22,2421.94,2423.06,1982.121,1789608239999,4803344.28620,3752,1465.580,3551681.69685,0
1789608240000,2423.06,2425.91,2423.00,2425.90,2409.946,1789608299999,5841871.10076,3044,948.806,2300411.85289,0
1789608300000,2425.90,2438.00,2425.90,2435.06,36882.939,1789608359999,89712766.63708,33177,26152.565,63609035.97319,0
1789608360000,2435.06,2436.06,2430.43,2430.99,4760.912,1789608419999,11584938.83764,7920,2220.907,5404199.73294,0
1789608420000,2430.99,2434.47,2430.78,2433.75,4040.236,1789608479999,9827537.77476,7588,2571.605,6254825.87060,0
1789608480000,2433.75,2439.90,2433.75,2439.01,11790.413,1789608539999,28741113.11112,13394,7447.717,18152858.94735,0
1789608540000,2439.01,2439.52,2435.95,2437.51,4999.776,1789608599999,12187140.33737,8184,2195.184,5350402.14361,0
1789608600000,2437.52,2443.00,2436.88,2438.54,15054.958,1789608659999,36738611.18900,19013,9427.560,23009964.84991,0
1789608660000,2438.55,2440.15,2436.07,2439.81,6703.478,1789608719999,16339623.24783,7774,1896.057,4622555.24675,0
1789608720000,2439.82,2444.39,2439.23,2441.94,11599.033,1789608779999,28336018.76903,13896,8424.593,20581487.01528,0
1789608780000,2441.93,2441.95,2437.43,2438.17,4345.344,1789608839999,10602134.01232,8067,1398.501,3412326.27061,0
1789608840000,2438.16,2438.16,2434.94,2436.41,3968.113,1789608899999,9664647.52134,6643,2184.266,5319652.52932,0
1789608900000,2436.41,2437.50,2434.22,2434.79,3977.894,1789608959999,9689287.90504,5879,1536.452,3743063.58684,0
1789608960000,2434.80,2438.85,2433.77,2437.89,3556.628,1789609019999,8664151.49977,7225,2386.516,5814675.75141,0
1789609020000,2437.90,2439.90,2437.39,2437.77,3840.618,1789609079999,9367015.28322,7149,2573.717,6277361.56779,0
1789609080000,2437.76,2438.14,2435.63,2435.63,2674.382,1789609139999,6516867.47469,5130,1154.417,2813383.28416,0
1789609140000,2435.63,2435.88,2432.39,2432.50,4066.051,1789609199999,9896021.39152,5907,1740.648,4236377.13297,0
1789609200000,2432.50,2432.84,2430.54,2430.65,2847.208,1789609259999,6922253.57829,6000,1268.884,3085098.05080,0
1789609260000,2430.65,2431.13,2429.04,2429.24,2523.350,1789609319999,6131228.57034,5152,690.183,1676956.77223,0
1789609320000,2429.24,2433.14,2429.23,2433.10,3888.971,1789609379999,9456107.57512,6147,2287.417,5560985.41683,0
1789609380000,2433.11,2436.20,2432.87,2435.00,3800.149,1789609439999,9251211.89677,6064,2730.092,6646148.65785,0
1789609440000,2435.00,2435.60,2433.67,2433.80,1140.239,1789609499999,2775901.80931,3132,324.641,790297.04960,0
1789609500000,2433.81,2433.97,2432.35,2432.35,1254.494,1789609559999,3052002.67072,3287,486.534,1183625.54824,0
1789609560000,2432.35,2432.63,2431.25,2431.50,773.570,1789609619999,1881174.50674,1982,399.707,972013.63993,0
1789609620000,2431.51,2431.52,2430.31,2430.52,819.022,1789609679999,1991097.05241,2925,266.281,647350.58333,0
1789609680000,2430.53,2433.03,2430.48,2432.49,942.705,1789609739999,2292531.88462,2328,586.486,1426140.71641,0
1789609740000,2432.49,2434.22,2432.44,2434.21,847.840,1789609799999,2063034.27290,2391,581.286,1414399.61094,0
1789609800000,2434.22,2434.37,2432.44,2432.99,1179.608,1789609859999,2870624.29123,2831,490.749,1194194.03227,0
1789609860000,2432.99,2433.95,2432.99,2433.69,1506.585,1789609919999,3666144.97515,2771,763.480,1857829.88978,0
1789609920000,2433.70,2433.94,2432.82,2433.02,790.700,1789609979999,1923959.26647,1798,324.962,790716.73571,0
1789609980000,2433.03,2433.03,2429.37,2429.89,2768.300,1789610039999,6728871.29049,4999,833.044,2024236.30870,0
1789610040000,2429.89,2429.99,2428.79,2429.24,2018.146,1789610099999,4902572.09810,3426,810.596,1969145.18025,0
1789610100000,2429.25,2429.25,2426.51,2426.51,3046.568,1789610159999,7396068.70295,4944,860.222,2088155.72021,0
1789610160000,2426.51,2427.90,2426.03,2427.67,1843.442,1789610219999,4473562.69473,3424,774.704,1880049.97667,0
1789610220000,2427.66,2428.88,2426.92,2427.10,1033.423,1789610279999,2509206.70136,2511,552.500,1341432.98322,0
1789610280000,2427.11,2427.99,2427.10,2427.44,812.083,1789610339999,1971312.17344,2254,525.365,1275278.46008,0
1789610340000,2427.45,2427.45,2426.26,2426.53,793.950,1789610399999,1926620.89188,1559,363.897,882987.13962,0
1789610400000,2426.53,2427.64,2426.00,2426.07,1702.553,1789610459999,4131752.92215,4348,961.314,2332742.87314,0
1789610460000,2426.08,2426.22,2425.25,2425.61,2779.874,1789610519999,6743120.17202,4070,1313.891,3187199.65049,0
1789610520000,2425.61,2426.39,2425.42,2426.03,1339.666,1789610579999,3249893.98096,2531,622.148,1509224.89543,0
1789610580000,2426.03,2427.82,2425.23,2427.15,1504.196,1789610639999,3650428.36793,3325,914.035,2218259.18563,0
1789610640000,2427.14,2427.14,2425.85,2426.59,1302.242,1789610699999,3159971.83513,2697,340.387,825970.32345,0
1789610700000,2426.60,2427.59,2425.41,2425.74,1991.091,1789610759999,4831290.22733,3427,1372.769,3330987.37548,0
1789610760000,2425.75,2425.75,2421.48,2421.56,3920.570,1789610819999,9502684.12548,5687,850.484,2061368.22932,0
1789610820000,2421.56,2423.38,2420.77,2423.34,2319.466,1789610879999,5617674.91651,4287,1458.070,3531585.78232,0
1789610880000,2423.35,2423.35,2422.29,2422.29,975.363,1789610939999,2363165.90362,2131,215.235,521472.26318,0
1789610940000,2422.28,2422.28,2418.52,2419.43,4861.217,1789610999999,11762469.14631,6176,1114.447,2696700.64157,0
1789611000000,2419.42,2420.74,2418.57,2419.67,2329.507,1789611059999,5636017.92234,4718,1414.299,3421755.11161,0
1789611060000,2419.67,2420.33,2418.60,2419.24,2314.871,1789611119999,5600735.11677,4662,1401.237,3390088.11282,0
1789611120000,2419.24,2419.62,2417.57,2417.68,1465.867,1789611179999,3545359.25288,3300,667.501,1614574.93398,0
1789611180000,2417.68,2419.49,2416.80,2419.48,2598.847,1789611239999,6282765.24581,3822,1556.944,3763970.85730,0
1789611240000,2419.49,2421.59,2419.25,2421.40,1817.469,1789611299999,4398980.67104,3585,1497.229,3623791.33738,0
1789611300000,2421.40,2421.41,2419.24,2419.35,2414.990,1789611359999,5843268.13589,2541,490.230,1186151.96594,0
1789611360000,2419.34,2419.78,2417.20,2418.99,1430.905,1789611419999,3460059.48121,3480,577.887,1397263.68555,0
1789611420000,2418.99,2419.60,2418.00,2418.48,984.397,1789611479999,2381107.84741,2890,488.328,1181214.09957,0
1789611480000,2418.48,2418.82,2417.48,2418.46,833.980,1789611539999,2016610.78232,1977,301.418,728799.41976,0
1789611540000,2418.45,2419.19,2417.10,2417.10,1059.130,1789611599999,2561359.24215,2669,404.236,977666.75759,0
1789611600000,2417.11,2418.07,2415.30,2416.41,3176.695,1789611659999,7676687.10707,5313,1027.626,2483186.63148,0
1789611660000,2416.40,2417.41,2415.08,2415.54,3701.385,1789611719999,8944411.48901,3953,2538.569,6135109.98935,0
1789611720000,2415.54,2416.40,2414.99,2415.60,2818.189,1789611779999,6806864.75617,3879,1694.096,4091856.65033,0
1789611780000,2415.61,2416.69,2415.23,2416.31,1210.915,1789611839999,2925512.32921,3094,773.718,1869188.01834,0
1789611840000,2416.31,2417.28,2415.80,2416.94,1448.754,1789611899999,3500851.95679,3257,776.639,1876838.15468,0
1789611900000,2416.94,2419.16,2416.46,2419.15,1064.511,1789611959999,2574009.29536,2875,604.124,1460762.96525,0
1789611960000,2419.16,2421.46,2419.15,2421.09,1961.698,1789612019999,4748606.66647,4357,1528.187,3699145.04272,0
1789612020000,2421.10,2422.10,2420.52,2422.00,1753.173,1789612079999,4245124.42014,3186,1054.489,2553480.41149,0
1789612080000,2422.00,2422.70,2420.27,2420.28,2117.687,1789612139999,5128050.99768,4387,675.091,1634587.32332,0
1789612140000,2420.27,2421.63,2420.27,2421.46,1065.923,1789612199999,2580828.15048,2689,703.958,1704496.59547,0
1789612200000,2421.46,2421.79,2420.11,2421.00,965.510,1789612259999,2337520.37432,3673,606.784,1469025.82465,0
1789612260000,2421.01,2422.00,2421.01,2421.98,536.583,1789612319999,1299425.60723,1952,291.086,704904.97494,0
1789612320000,2421.98,2423.16,2420.40,2420.40,1536.454,1789612379999,3721677.21244,3426,591.841,1433830.78821,0
1789612380000,2420.40,2422.21,2419.60,2422.07,2827.502,1789612439999,6844606.45966,3661,1815.732,4395123.85015,0
1789612440000,2422.08,2424.20,2422.07,2423.24,1448.814,1789612499999,3510966.83283,3022,1006.039,2437922.11785,0
1789612500000,2423.23,2424.32,2422.71,2424.31,825.893,1789612559999,2001425.91063,2497,476.453,1154603.16722,0
1789612560000,2424.32,2425.55,2424.31,2425.55,2699.491,1789612619999,6546478.50035,1880,2179.388,5285271.11527,0
1789612620000,2425.54,2427.78,2425.54,2427.61,3441.330,1789612679999,8351893.02790,3605,2857.309,6934358.36120,0
1789612680000,2427.61,2430.96,2427.60,2430.78,3527.639,1789612739999,8569701.57620,5861,2872.638,6978352.93842,0
1789612740000,2430.78,2431.70,2428.31,2429.26,5761.469,1789612799999,14001547.11565,7111,2018.939,4906454.59504,0
1789612800000,2429.27,2431.58,2427.39,2431.29,4902.408,1789612859999,11909359.71739,5639,3711.350,9016356.25189,0
1789612860000,2431.29,2432.48,2430.30,2430.30,3137.250,1789612919999,7628144.76549,4645,1704.833,4145690.68660,0
1789612920000,2430.30,2431.66,2429.53,2431.48,1408.827,1789612979999,3424735.32396,2608,893.341,2171751.89346,0
1789612980000,2431.48,2432.07,2431.20,2431.36,1472.174,1789613039999,3579835.79104,1846,842.762,2049291.28310,0
1789613040000,2431.37,2431.37,2430.29,2430.29,2550.215,1789613099999,6198905.65644,2730,405.451,985564.60949,0
1789613100000,2430.29,2430.53,2428.75,2428.88,1228.360,1789613159999,2984286.80956,2156,379.648,922436.30834,0
1789613160000,2428.88,2429.28,2428.00,2428.01,1335.563,1789613219999,3243465.04437,2388,445.231,1081264.37570,0
1789613220000,2428.01,2428.01,2426.76,2427.71,1426.147,1789613279999,3461648.38568,3009,377.358,915883.26366,0
1789613280000,2427.72,2428.07,2426.99,2427.17,1379.321,1789613339999,3348313.95215,2277,452.718,1099014.13267,0
1789613340000,2427.17,2430.59,2427.17,2429.92,2110.001,1789613399999,5125175.74455,4587,1652.288,4013081.22655,0
1789613400000,2429.92,2430.50,2429.10,2430.35,529.197,1789613459999,1285782.31462,1969,342.526,832232.57773,0
1789613460000,2430.36,2431.52,2430.14,2430.69,1409.895,1789613519999,3427113.97468,2732,584.571,1420870.83237,0
1789613520000,2430.70,2431.12,2428.83,2429.15,1030.168,1789613579999,2502893.03756,2399,277.998,675501.60714,0
1789613580000,2429.15,2429.47,2427.50,2427.83,605.789,1789613639999,1471243.47598,2023,254.913,619074.63146,0
1789613640000,2427.82,2428.55,2426.16,2427.64,4426.956,1789613699999,10744969.68391,4771,572.857,1390317.64858,0
1789613700000,2427.64,2429.06,2427.43,2428.96,636.254,1789613759999,1545161.15539,1776,343.557,834299.08394,0
1789613760000,2428.96,2428.96,2427.89,2427.89,431.946,1789613819999,1048994.70189,1301,112.900,274169.28344,0
1789613820000,2427.89,2428.07,2427.45,2428.07,332.356,1789613879999,806900.98429,1729,89.937,218353.14894,0
1789613880000,2428.06,2428.63,2427.72,2427.79,236.773,1789613939999,574927.34670,1426,104.544,253845.05147,0
1789613940000,2427.79,2428.16,2427.60,2427.87,383.243,1789613999999,930437.14322,968,249.423,605545.84235,0
1789614000000,2427.88,2429.79,2427.87,2429.78,703.321,1789614059999,1708182.72559,1747,513.674,1247556.11721,0
1789614060000,2429.79,2430.44,2429.60,2429.72,799.173,1789614119999,1942025.96381,1904,419.124,1018479.39020,0
1789614120000,2429.71,2430.12,2428.93,2430.00,667.272,1789614179999,1621357.20225,2285,498.184,1210518.26409,0
1789614180000,2429.99,2431.85,2429.96,2431.65,403.400,1789614239999,980675.42341,1977,265.930,646446.57735,0
1789614240000,2431.65,2432.90,2431.37,2432.44,1091.388,1789614299999,2654570.80724,3001,681.583,1657758.11662,0
1789614300000,2432.44,2435.81,2432.43,2435.80,8779.817,1789614359999,21371595.89895,6974,5646.571,13744877.28058,0
1789614360000,2435.80,2435.81,2433.12,2433.63,1424.557,1789614419999,3467897.37915,2487,444.649,1082410.34255,0
1789614420000,2433.64,2434.82,2433.00,2433.00,1122.761,1789614479999,2732690.07499,2389,432.942,1053780.86186,0
1789614480000,2433.01,2433.27,2432.16,2433.26,845.909,1789614539999,2057942.88231,2117,469.261,1141649.78414,0
1789614540000,2433.27,2433.36,2432.20,2433.01,1793.102,1789614599999,4362270.28396,2901,914.068,2223624.01393,0
1789614600000,2433.01,2433.26,2432.66,2432.68,1530.762,1789614659999,3724284.35138,1863,342.482,833206.01776,0
1789614660000,2432.68,2432.68,2431.20,2431.20,975.278,1789614719999,2371767.57911,2711,349.653,850319.26262,0
1789614720000,2431.21,2432.39,2431.21,2432.38,335.796,1789614779999,816638.55087,1375,243.849,593014.19003,0
1789614780000,2432.39,2432.39,2431.60,2431.76,684.776,1789614839999,1665287.29384,1639,372.969,906973.44720,0
1789614840000,2431.76,2433.16,2431.75,2433.16,1048.453,1789614899999,2550321.66841,2129,835.364,2031953.51506,0
1789614900000,2433.16,2434.38,2433.01,2433.28,970.837,1789614959999,2362714.43392,2738,686.496,1670761.14538,0
1789614960000,2433.28,2433.80,2432.64,2433.00,702.511,1789615019999,1709203.77360,1616,521.576,1268971.44642,0
1789615020000,2433.00,2433.46,2433.00,2433.05,571.560,1789615079999,1390692.09230,1046,228.888,556919.27164,0
1789615080000,2433.05,2433.05,2431.00,2431.00,2945.043,1789615139999,7163593.26186,1502,39.735,96650.90816,0
1789615140000,2431.01,2432.09,2431.01,2431.88,795.800,1789615199999,1935170.35318,1548,390.297,949056.37282,0
1789615200000,2431.88,2433.04,2431.88,2432.05,459.603,1789615259999,1117992.57756,1523,213.907,520296.41882,0
1789615260000,2432.05,2432.99,2432.05,2432.99,442.514,1789615319999,1076432.15729,1008,385.180,936958.18917,0
1789615320000,2432.99,2433.70,2432.70,2433.28,577.010,1789615379999,1404016.36519,1909,252.062,613319.65481,0
1789615380000,2433.28,2433.93,2432.91,2433.65,514.071,1789615439999,1251003.48555,1660,302.776,736800.99995,0
1789615440000,2433.65,2434.74,2433.29,2434.73,372.512,1789615499999,906649.25420,1311,255.061,620811.37107,0
1789615500000,2434.74,2437.70,2434.69,2436.16,2885.739,1789615559999,7029039.35598,4146,2283.557,5561943.25853,0
1789615560000,2436.16,2436.16,2434.19,2434.42,1500.528,1789615619999,3653761.60601,2165,341.001,830343.98974,0
1789615620000,2434.43,2434.73,2434.00,2434.72,596.158,1789615679999,1451213.66665,1345,291.485,709562.23325,0
1789615680000,2434.73,2435.24,2434.72,2434.96,742.228,1789615739999,1807242.14201,1069,560.178,1363967.93187,0
1789615740000,2434.96,2435.50,2434.95,2435.48,490.633,1789615799999,1194810.65269,1168,359.439,875303.15840,0
1789615800000,2435.49,2436.94,2435.05,2435.78,1651.655,1789615859999,4023646.23155,2893,791.865,1929018.63376,0
1789615860000,2435.78,2436.20,2433.72,2434.54,1446.179,1789615919999,3521162.60762,2521,211.798,515680.44206,0
1789615920000,2434.54,2436.26,2434.54,2436.21,739.256,1789615979999,1800364.66015,2116,363.173,884450.93388,0
1789615980000,2436.21,2438.43,2436.21,2438.00,2118.627,1789616039999,5164158.26539,2981,1527.808,3724061.92933,0
1789616040000,2438.01,2438.01,2435.51,2436.00,1445.916,1789616099999,3523167.80886,2345,517.703,1261358.84916,0
1789616100000,2435.99,2437.00,2435.99,2436.85,1181.924,1789616159999,2879822.55591,2306,691.901,1685820.63221,0
1789616160000,2436.85,2438.00,2436.85,2437.56,1037.208,1789616219999,2528299.49386,1828,721.584,1758945.70225,0
1789616220000,2437.56,2437.56,2435.97,2436.23,1103.310,1789616279999,2688218.21179,2122,210.559,512976.79487,0
1789616280000,2436.23,2436.43,2435.15,2435.37,1235.525,1789616339999,3009614.28635,1803,271.657,661710.50556,0
1789616340000,2435.37,2436.17,2435.23,2436.16,517.441,1789616399999,1260197.84917,1154,341.987,832883.12378,0
1789616400000,2436.16,2437.15,2436.16,2436.34,571.291,1789616459999,1392051.60050,1775,349.611,851875.12288,0
1789616460000,2436.33,2437.30,2436.15,2436.60,756.115,1789616519999,1842389.17825,2055,349.580,851776.44105,0
1789616520000,2436.61,2436.61,2436.00,2436.01,521.396,1789616579999,1270313.43988,1242,238.386,580802.53621,0
1789616580000,2436.01,2436.11,2435.40,2435.49,821.534,1789616639999,2001067.25071,1416,166.049,404443.64896,0
1789616640000,2435.49,2436.41,2435.48,2436.15,608.469,1789616699999,1482254.93463,1206,306.278,746035.79835,0
1789616700000,2436.15,2437.29,2435.09,2435.49,2292.963,1789616759999,5585157.18984,2990,517.000,1259411.88914,0
1789616760000,2435.49,2435.56,2435.34,2435.35,712.681,1789616819999,1735691.81158,965,305.781,744717.88397,0
1789616820000,2435.34,2436.47,2434.67,2435.35,2651.986,1789616879999,6458847.37707,3921,1561.007,3801825.06849,0
1789616880000,2435.35,2435.95,2434.85,2435.94,788.963,1789616939999,1921447.95067,1454,291.532,710038.91672,0
1789616940000,2435.94,2435.95,2435.19,2435.86,486.871,1789616999999,1185808.30708,1118,183.510,446943.52994,0
1789617000000,2435.86,2435.87,2435.28,2435.48,434.270,1789617059999,1057689.74836,1154,158.684,386471.26597,0
1789617060000,2435.49,2436.42,2435.48,2436.04,470.471,1789617119999,1146063.85676,1460,291.798,710802.11240,0
1789617120000,2436.04,2436.41,2434.61,2434.61,1855.015,1789617179999,4517414.88359,2614,724.944,1765351.27770,0
1789617180000,2434.61,2434.92,2432.78,2433.30,1458.068,1789617239999,3548646.00417,2735,636.548,1549388.00341,0
1789617240000,2433.30,2434.30,2433.30,2434.15,859.244,1789617299999,2091283.06981,1448,705.577,1717260.62501,0
1789617300000,2434.14,2434.49,2433.42,2433.65,730.273,1789617359999,1777483.58960,1494,350.369,852788.99274,0
1789617360000,2433.65,2434.65,2433.15,2434.09,1242.727,1789617419999,3024596.44323,2118,745.047,1813324.53612,0
1789617420000,2434.09,2435.98,2433.73,2435.39,1637.659,1789617479999,3987509.92637,2662,1056.568,2572582.96712,0
1789617480000,2435.40,2435.40,2434.62,2434.80,290.270,1789617539999,706770.78634,833,89.912,218918.17992,0
1789617540000,2434.80,2434.80,2434.47,2434.77,254.105,1789617599999,618639.10957,654,163.894,399007.53045,0
1789617600000,2434.77,2435.05,2434.00,2434.00,506.631,1789617659999,1233496.24152,1248,102.864,250449.66810,0
1789617660000,2434.01,2434.01,2433.03,2433.17,823.022,1789617719999,2002677.10263,1811,381.513,928278.95848,0
1789617720000,2433.17,2433.46,2431.84,2431.85,1455.193,1789617779999,3540038.76748,2590,738.176,1795779.93858,0
1789617780000,2431.84,2432.80,2431.48,2431.90,932.862,1789617839999,2268752.48216,2161,446.690,1086294.88566,0
1789617840000,2431.91,2432.41,2431.30,2432.41,825.509,1789617899999,2007440.37508,1949,481.120,1169942.98346,0
1789617900000,2432.41,2433.00,2432.26,2432.99,563.149,1789617959999,1369982.36898,1256,352.920,858545.23248,0
1789617960000,2433.00,2433.00,2432.41,2433.00,329.821,1789618019999,802341.85571,1313,80.720,196361.98519,0
1789618020000,2433.00,2433.00,2431.44,2431.65,653.318,1789618079999,1588790.25886,2285,245.052,595909.37834,0
1789618080000,2431.64,2431.99,2431.32,2431.99,408.530,1789618139999,993431.00382,1141,198.624,482994.48622,0
1789618140000,2431.99,2431.99,2430.65,2430.79,1189.492,1789618199999,2891808.35642,2231,329.541,801165.23265,0
1789618200000,2430.79,2430.83,2430.39,2430.61,648.919,1789618259999,1577253.40986,1169,210.515,511676.32946,0
1789618260000,2430.61,2431.11,2430.54,2430.54,437.100,1789618319999,1062504.97872,1145,287.224,698180.16462,0
1789618320000,2430.55,2430.55,2430.00,2430.02,624.134,1789618379999,1516740.37126,1218,273.408,664393.38105,0
1789618380000,2430.02,2430.26,2429.62,2430.25,2067.075,1789618439999,5022934.37148,1338,344.863,837968.04939,0
1789618440000,2430.26,2430.91,2430.25,2430.39,537.610,1789618499999,1306676.23895,1216,239.160,581271.32290,0
1789618500000,2430.39,2430.56,2429.64,2429.99,363.810,1789618559999,884109.06020,1175,167.825,407818.17706,0
1789618560000,2430.00,2430.16,2429.30,2429.38,661.918,1789618619999,1608248.97174,1467,254.084,617300.86482,0
1789618620000,2429.37,2429.90,2429.37,2429.61,607.635,1789618679999,1476343.94635,1012,463.786,1126843.46017,0
1789618680000,2429.61,2429.90,2429.60,2429.90,237.724,1789618739999,577612.77244,657,154.158,374569.61970,0
1789618740000,2429.89,2430.06,2429.01,2429.02,433.619,1789618799999,1053549.71510,1309,138.809,337281.28778,0
1789618800000,2429.01,2429.02,2428.39,2428.51,528.419,1789618859999,1283372.44837,1258,131.125,318456.13194,0
1789618860000,2428.50,2428.51,2427.70,2427.71,689.598,1789618919999,1674339.74752,1467,148.957,361684.71579,0
1789618920000,2427.71,2427.71,2426.28,2426.54,916.227,1789618979999,2223633.03657,2045,199.183,483396.47532,0
1789618980000,2426.53,2426.79,2425.16,2425.57,2829.199,1789619039999,6863489.34027,3750,740.361,1796284.71321,0
1789619040000,2425.57,2426.41,2424.79,2426.34,3724.368,1789619099999,9032522.59408,3972,2057.360,4989432.60965,0
1789619100000,2426.35,2427.02,2425.99,2426.43,773.416,1789619159999,1876781.99199,1985,416.736,1011253.22219,0
1789619160000,2426.43,2426.43,2424.53,2424.53,1299.839,1789619219999,3152521.17624,2373,245.610,595754.90270,0
1789619220000,2424.53,2425.44,2424.53,2424.90,1531.723,1789619279999,3714111.55117,1965,718.644,1742534.47420,0
1789619280000,2424.90,2426.42,2424.90,2426.42,720.721,1789619339999,1748153.55367,1488,373.581,906165.96541,0
1789619340000,2426.41,2426.79,2425.01,2425.01,1777.845,1789619399999,4312974.15203,2212,428.260,1038979.76067,0
1789619400000,2425.00,2425.25,2423.63,2423.99,1802.557,1789619459999,4369924.90117,2581,851.456,2064255.19887,0
1789619460000,2423.99,2427.20,2423.99,2427.19,1332.554,1789619519999,3232740.21659,3393,1023.461,2482769.02982,0
1789619520000,2427.19,2427.50,2426.82,2426.96,659.400,1789619579999,1600451.86715,1952,287.632,698119.47736,0
1789619580000,2426.97,2427.01,2426.82,2427.01,275.021,1789619639999,667462.97467,530,177.889,431727.44084,0
1789619640000,2427.01,2427.01,2425.98,2426.13,965.147,1789619699999,2341920.91922,1229,334.583,811799.84150,0
1789619700000,2426.14,2428.99,2426.13,2428.50,1754.100,1789619759999,4258843.78947,3718,1321.234,3207742.53260,0
1789619760000,2428.51,2428.58,2427.61,2428.58,565.076,1789619819999,1371939.59760,1467,308.424,748810.78419,0
1789619820000,2428.58,2430.31,2428.57,2429.14,1228.933,1789619879999,2986115.65146,2526,780.875,1897355.34795,0
1789619880000,2429.15,2432.04,2428.83,2431.58,3042.376,1789619939999,7396447.30135,4269,2225.333,5409973.66946,0
1789619940000,2431.59,2434.85,2431.01,2434.05,3655.118,1789619999999,8894287.80415,6223,1721.931,4189887.56538,0
1789620000000,2434.05,2436.42,2433.50,2433.50,4696.865,1789620059999,11437795.10445,6704,2372.605,5777553.42897,0
1789620060000,2433.51,2434.79,2433.50,2433.98,932.145,1789620119999,2268957.45936,2179,568.046,1382673.73058,0
1789620120000,2433.98,2434.36,2432.73,2433.77,649.012,1789620179999,1579342.08405,2179,339.598,826367.20974,0
1789620180000,2433.77,2435.42,2433.76,2435.21,1070.792,1789620239999,2607026.10774,1960,756.405,1841571.08283,0
1789620240000,2435.21,2435.21,2434.33,2434.60,435.157,1789620299999,1059513.13323,1459,174.009,423682.97332,0
1789620300000,2434.60,2435.14,2433.69,2434.60,1230.089,1789620359999,2994345.97699,2163,684.826,1667050.20971,0
1789620360000,2434.60,2434.62,2433.96,2434.37,451.066,1789620419999,1098065.82184,1050,191.685,466627.28053,0
1789620420000,2434.38,2435.15,2434.36,2434.57,917.330,1789620479999,2233457.02728,1593,534.070,1300307.86080,0
1789620480000,2434.58,2438.79,2434.58,2438.58,2525.074,1789620539999,6153566.14688,4705,1894.846,4617666.00886,0
1789620540000,2438.58,2440.44,2438.54,2439.99,4865.461,1789620599999,11869727.18019,6074,3368.150,8217034.07195,0
1789620600000,2439.99,2441.17,2439.83,2440.69,1678.804,1789620659999,4096843.89964,3080,1038.150,2533535.32228,0
1789620660000,2440.69,2441.90,2440.68,2441.16,3942.200,1789620719999,9624317.12454,3762,1280.221,3125488.05423,0
1789620720000,2441.16,2441.16,2438.68,2438.99,2429.339,1789620779999,5927618.98388,2896,461.659,1126332.84127,0
1789620780000,2438.99,2438.99,2437.31,2437.53,1680.985,1789620839999,4097915.62584,2718,821.227,2001919.09343,0
1789620840000,2437.53,2437.53,2436.14,2436.14,1453.757,1789620899999,3542617.14070,2232,936.200,2281492.38659,0
1789620900000,2436.15,2438.01,2436.14,2438.00,2156.398,1789620959999,5256288.70998,2886,1873.881,4567687.42879,0
1789620960000,2438.01,2439.96,2438.01,2439.42,1716.972,1789621019999,4187746.38075,2666,1450.588,3538001.24282,0
1789621020000,2439.41,2441.16,2439.41,2441.16,1930.161,1789621079999,4710179.51808,2449,1535.547,3747142.00261,0
1789621080000,2441.16,2443.35,2441.00,2443.01,2792.192,1789621139999,6819991.57126,4190,2115.740,5167749.65356,0
1789621140000,2443.01,2443.41,2441.00,2441.00,1568.765,1789621199999,3832108.26471,2631,562.300,1373658.56244,0
1789621200000,2441.00,2443.29,2440.59,2442.97,3259.641,1789621259999,7960974.15847,4968,1602.290,3913294.44967,0
1789621260000,2442.97,2445.99,2442.68,2444.45,7110.540,1789621319999,17381443.35118,8375,5375.012,13139317.27845,0
1789621320000,2444.46,2444.46,2441.76,2442.30,2655.421,1789621379999,6486693.87322,5136,1573.865,3844924.04100,0
1789621380000,2442.31,2443.83,2441.00,2441.01,2312.585,1789621439999,5648205.22045,5001,1342.316,3278704.14945,0
1789621440000,2441.00,2442.78,2440.76,2442.18,1256.061,1789621499999,3066732.73756,3532,338.124,825668.33028,0
1789621500000,2442.18,2442.19,2441.24,2441.57,1458.258,1789621559999,3560451.94927,2836,831.913,2031110.65803,0
1789621560000,2441.57,2442.19,2441.24,2441.24,764.396,1789621619999,1866455.96918,1895,358.481,875370.67433,0
1789621620000,2441.24,2441.62,2440.41,2441.62,1436.627,1789621679999,3506609.89085,2558,875.824,2137711.46357,0
1789621680000,2441.61,2443.00,2441.22,2442.69,1148.822,1789621739999,2805540.60796,2424,720.263,1758963.40235,0
1789621740000,2442.68,2443.50,2442.32,2442.64,952.523,1789621799999,2326789.00289,2300,563.233,1375802.15854,0
1789621800000,2442.63,2443.20,2441.59,2441.60,623.952,1789621859999,1524033.21319,1604,230.053,561945.64641,0
1789621860000,2441.59,2442.23,2439.12,2439.65,4622.027,1789621919999,11281086.30775,4936,1034.380,2524058.23488,0
1789621920000,2439.64,2440.00,2439.30,2440.00,899.012,1789621979999,2193331.20908,1374,345.587,843158.35600,0
1789621980000,2440.00,2440.82,2440.00,2440.78,708.213,1789622039999,1728452.99908,1407,368.383,899033.47748,0
1789622040000,2440.78,2440.78,2440.24,2440.24,438.992,1789622099999,1071326.69640,780,126.344,308365.66150,0
1789622100000,2440.24,2440.25,2438.61,2438.95,1138.807,1789622159999,2777903.80509,1968,157.670,384666.47343,0
1789622160000,2438.94,2438.94,2437.78,2438.07,2442.205,1789622219999,5954571.09654,2779,1013.700,2471455.94569,0
1789622220000,2438.08,2438.08,2437.22,2437.61,999.409,1789622279999,2436152.62547,1664,223.739,545352.48733,0
1789622280000,2437.60,2437.61,2437.42,2437.46,1020.458,1789622339999,2487298.59538,564,304.061,741129.69791,0
1789622340000,2437.47,2440.00,2437.40,2440.00,1887.535,1789622399999,4602108.02507,2492,1315.636,3207977.88884,0
1789622400000,2440.00,2440.25,2439.54,2439.93,992.669,1789622459999,2422147.69105,1392,379.547,926126.54083,0
1789622460000,2439.93,2440.82,2439.32,2440.60,957.262,1789622519999,2335665.22401,2225,530.658,1294765.25816,0
1789622520000,2440.61,2440.61,2439.41,2440.44,623.725,1789622579999,1521835.44573,2144,283.130,690803.08247,0
1789622580000,2440.45,2440.98,2440.44,2440.52,333.182,1789622639999,813239.46098,1056,163.064,398000.38562,0
1789622640000,2440.53,2442.00,2440.05,2442.00,1267.583,1789622699999,3094360.47393,1715,790.485,1929503.61848,0
1789622700000,2442.00,2444.05,2441.99,2443.42,2016.342,1789622759999,4926219.47221,2912,1373.815,3356330.15259,0
1789622760000,2443.42,2444.55,2441.06,2441.46,3709.927,1789622819999,9064039.14837,4406,1468.545,3587701.61165,0
1789622820000,2441.46,2441.87,2441.14,2441.48,803.450,1789622879999,1961607.03480,1263,429.263,1048024.79604,0
1789622880000,2441.48,2442.95,2441.48,2442.57,500.177,1789622939999,1221558.41700,1737,267.381,652998.76124,0
1789622940000,2442.56,2442.57,2442.03,2442.03,352.414,1789622999999,860694.95592,805,101.663,248284.75142,0
1789623000000,2442.04,2442.19,2440.72,2440.73,613.605,1789623059999,1498104.39707,1592,167.423,408768.80635,0
1789623060000,2440.73,2441.00,2439.68,2440.03,1453.637,1789623119999,3547330.13293,2561,298.077,727373.92486,0
1789623120000,2440.03,2440.03,2438.32,2438.33,908.529,1789623179999,2216083.45238,1838,156.147,380905.64956,0
1789623180000,2438.33,2438.62,2438.03,2438.03,1025.415,1789623239999,2500380.94656,1102,297.826,726232.44162,0
1789623240000,2438.03,2441.54,2438.03,2441.54,3274.736,1789623299999,7989669.15084,4451,2324.908,5672158.40465,0
1789623300000,2441.54,2441.67,2440.62,2440.95,847.124,1789623359999,2067859.85298,1546,417.916,1020127.39991,0
1789623360000,2440.95,2440.95,2439.35,2439.52,491.126,1789623419999,1198407.45231,1780,149.788,365477.02579,0
1789623420000,2439.52,2439.79,2439.12,2439.12,446.839,1789623479999,1090026.14353,1439,191.934,468198.30551,0
1789623480000,2439.12,2439.84,2438.85,2439.27,939.971,1789623539999,2292957.05302,1553,612.638,1494394.81909,0
1789623540000,2439.27,2439.40,2438.25,2438.51,867.735,1789623599999,2116273.12740,1753,280.178,683305.04020,0
1789623600000,2438.52,2438.99,2438.04,2438.05,541.602,1789623659999,1320760.71484,1586,312.688,762527.65515,0
1789623660000,2438.04,2438.05,2436.06,2436.53,3857.813,1789623719999,9400593.50010,3987,843.664,2055641.37637,0
1789623720000,2436.53,2437.80,2436.53,2437.79,620.375,1789623779999,1512040.53845,1382,324.629,791222.40734,0
1789623780000,2437.80,2437.80,2437.42,2437.43,467.893,1789623839999,1140534.79692,893,198.115,482915.38411,0
1789623840000,2437.43,2438.32,2437.43,2437.80,733.159,1789623899999,1787409.94516,1249,474.958,1157888.70738,0
1789623900000,2437.81,2438.80,2437.51,2438.41,516.418,1789623959999,1259129.41191,1303,398.334,971231.23881,0
1789623960000,2438.40,2439.00,2438.38,2438.39,495.429,1789624019999,1208265.77598,1073,218.292,532354.55577,0
1789624020000,2438.39,2439.06,2438.38,2438.72,540.098,1789624079999,1317208.88188,889,282.729,689515.19357,0
1789624080000,2438.72,2440.16,2438.72,2439.93,816.010,1789624139999,1990668.96832,1793,502.053,1224749.05962,0
1789624140000,2439.92,2439.93,2438.62,2439.01,931.120,1789624199999,2270974.10766,1329,581.285,1417626.81353,0
1789624200000,2439.01,2439.97,2438.60,2439.06,496.131,1789624259999,1210220.58198,1756,209.087,510026.40957,0
1789624260000,2439.07,2439.18,2438.52,2438.72,299.262,1789624319999,729877.11114,1084,82.846,202051.55903,0
1789624320000,2438.72,2440.21,2438.72,2440.20,641.514,1789624379999,1565109.77204,1601,472.852,1153609.36561,0
1789624380000,2440.21,2440.34,2438.77,2439.09,902.807,1789624439999,2202490.48277,1649,188.391,459520.04289,0
1789624440000,2439.09,2439.79,2438.40,2438.53,401.375,1789624499999,978975.77196,1500,141.540,345250.93639,0
1789624500000,2438.52,2438.53,2436.59,2436.97,1011.570,1789624559999,2465627.20370,2095,180.511,440017.25555,0
1789624560000,2436.98,2437.67,2436.34,2436.35,620.653,1789624619999,1512519.98716,1689,299.828,730698.68952,0
1789624620000,2436.34,2436.35,2434.87,2434.99,1478.198,1789624679999,3600109.43193,2094,247.806,603512.07234,0
1789624680000,2434.99,2436.98,2434.64,2436.10,2615.121,1789624739999,6369557.03776,2842,1359.257,3310597.35873,0
1789624740000,2436.10,2436.11,2435.83,2435.98,299.687,1789624799999,730029.57452,733,118.246,288042.99931,0
1789624800000,2435.98,2435.98,2434.89,2435.69,1374.619,1789624859999,3347516.68010,2733,362.100,881821.07131,0
1789624860000,2435.70,2436.90,2435.69,2436.80,525.341,1789624919999,1279870.57377,1604,392.925,957284.79270,0
1789624920000,2436.81,2436.81,2436.26,2436.73,717.230,1789624979999,1747533.00730,1346,394.781,961897.51071,0
1789624980000,2436.73,2438.57,2436.69,2438.56,696.503,1789625039999,1697735.27694,1679,653.085,1591911.24117,0
1789625040000,2438.57,2438.61,2438.36,2438.46,600.144,1789625099999,1463445.95799,1062,421.920,1028844.65000,0
1789625100000,2438.46,2440.53,2437.54,2440.41,889.987,1789625159999,2170598.57681,2821,595.582,1452685.00660,0
1789625160000,2440.42,2441.86,2438.85,2439.00,2824.773,1789625219999,6893387.17120,4784,1141.515,2785122.42664,0
1789625220000,2439.00,2439.99,2438.50,2438.87,687.955,1789625279999,1677926.41176,2365,341.206,832214.72000,0
1789625280000,2438.88,2441.26,2438.87,2440.54,1877.279,1789625339999,4580368.36363,3052,1163.025,2837619.38318,0
1789625340000,2440.53,2441.87,2440.08,2441.52,859.750,1789625399999,2098366.66434,2104,439.162,1071848.33553,0
1789625400000,2441.51,2441.52,2440.03,2440.71,1124.218,1789625459999,2744054.47641,2334,774.353,1890084.45900,0
1789625460000,2440.71,2441.00,2440.21,2441.00,781.159,1789625519999,1906511.62585,2105,349.104,852049.32690,0
1789625520000,2441.00,2442.00,2440.99,2441.27,680.637,1789625579999,1661845.49554,1659,291.016,710496.39489,0
1789625580000,2441.27,2441.28,2440.70,2440.71,311.012,1789625639999,759197.41335,995,107.972,263569.67187,0
1789625640000,2440.70,2440.87,2440.13,2440.61,266.149,1789625699999,649506.68436,1114,129.264,315444.17943,0
1789625700000,2440.62,2440.62,2438.88,2438.88,328.330,1789625759999,800985.79331,1211,31.113,75896.86240,0
1789625760000,2438.88,2438.89,2437.29,2437.29,517.712,1789625819999,1262318.57876,1515,131.494,320608.70020,0
1789625820000,2437.29,2437.67,2436.69,2437.38,816.509,1789625879999,1990064.83026,1743,256.923,626151.89373,0
1789625880000,2437.38,2438.88,2437.38,2437.65,794.192,1789625939999,1936312.15084,2230,169.138,412377.56308,0
1789625940000,2437.64,2437.82,2437.05,2437.73,582.621,1789625999999,1420135.91515,1470,243.918,594561.83860,0
1789626000000,2437.74,2437.74,2435.60,2435.86,1318.552,1789626059999,3212776.86027,2815,218.354,531976.65132,0
1789626060000,2435.85,2436.55,2435.85,2436.18,270.596,1789626119999,659220.30011,1039,130.922,318936.32237,0
1789626120000,2436.18,2436.19,2435.48,2435.49,900.847,1789626179999,2194130.50371,1300,400.802,976165.85412,0
1789626180000,2435.49,2435.66,2435.35,2435.61,463.119,1789626239999,1127921.12098,981,244.148,594617.52420,0
1789626240000,2435.61,2435.61,2435.09,2435.10,355.992,1789626299999,866918.18609,775,62.638,152534.34910,0
1789626300000,2435.10,2435.46,2434.68,2434.68,757.000,1789626359999,1843289.60272,1542,225.470,549034.23459,0
1789626360000,2434.68,2435.71,2434.61,2435.70,709.844,1789626419999,1728425.67236,1878,415.735,1012304.93471,0
1789626420000,2435.71,2435.82,2435.05,2435.28,648.101,1789626479999,1578345.50882,1401,286.403,697476.47182,0
1789626480000,2435.29,2437.74,2435.29,2437.74,572.635,1789626539999,1395184.36853,1600,453.536,1105025.21178,0
1789626540000,2437.74,2439.67,2437.64,2439.67,753.624,1789626599999,1837675.76255,2241,453.338,1105464.66341,0
1789626600000,2439.66,2442.27,2439.66,2440.46,1918.635,1789626659999,4683759.63250,4236,842.077,2055863.53613,0
1789626660000,2440.46,2441.08,2440.22,2440.98,649.054,1789626719999,1584139.04486,1615,347.870,849019.38245,0
1789626720000,2440.99,2440.99,2438.70,2439.13,642.409,1789626779999,1567215.49455,2326,240.837,587501.55514,0
1789626780000,2439.14,2440.91,2439.14,2440.80,668.062,1789626839999,1630342.48637,1730,511.435,1248088.21190,0
1789626840000,2440.80,2440.98,2440.00,2440.62,949.278,1789626899999,2316569.51295,1841,617.971,1508055.22389,0
1789626900000,2440.63,2441.80,2440.62,2441.52,1517.691,1789626959999,3705539.79356,2179,456.753,1115112.97531,0
1789626960000,2441.51,2442.88,2441.31,2442.88,1774.080,1789627019999,4332514.69851,2318,1404.393,3429624.36190,0
1789627020000,2442.87,2443.61,2442.04,2442.67,1840.267,1789627079999,4495680.88903,3595,1107.611,2705828.12712,0
1789627080000,2442.68,2443.49,2442.68,2443.10,743.466,1789627139999,1816345.05763,1369,310.042,757449.69120,0
1789627140000,2443.10,2443.50,2442.67,2443.42,674.400,1789627199999,1647655.85338,1416,275.499,673063.36406,0
1789627200000,2443.42,2444.24,2443.41,2444.17,837.642,1789627259999,2047123.25705,1161,668.819,1634515.31990,0
1789627260000,2444.16,2444.28,2443.66,2443.79,1469.478,1789627319999,3591398.86772,1729,587.387,1435584.92888,0
1789627320000,2443.78,2443.79,2442.67,2443.30,859.026,1789627379999,2098746.24772,1971,208.283,508885.03495,0
1789627380000,2443.29,2444.39,2443.29,2444.39,688.179,1789627439999,1681904.17428,1142,519.163,1268865.25410,0
1789627440000,2444.38,2444.68,2444.00,2444.07,1491.354,1789627499999,3645336.62661,1734,727.642,1778645.57254,0
1789627500000,2444.07,2444.43,2443.49,2444.24,789.236,1789627559999,1928980.37110,1626,337.119,823976.99150,0
1789627560000,2444.24,2444.80,2444.23,2444.80,1014.158,1789627619999,2479138.90233,1656,699.338,1709552.18368,0
1789627620000,2444.80,2445.60,2444.43,2444.66,2084.168,1789627679999,5096019.19086,2999,1316.001,3217741.97997,0
1789627680000,2444.66,2445.06,2443.36,2443.62,1505.924,1789627739999,3680809.98792,2536,325.683,796046.47390,0
1789627740000,2443.63,2443.63,2441.35,2442.15,1963.694,1789627799999,4795820.92099,2732,425.670,1039676.52445,0
1789627800000,2442.15,2442.15,2441.93,2441.94,398.844,1789627859999,973980.05034,779,58.829,143660.87853,0
1789627860000,2441.94,2441.94,2441.30,2441.37,582.629,1789627919999,1422513.51911,1299,189.137,461776.51136,0
1789627920000,2441.37,2441.71,2441.29,2441.57,405.035,1789627979999,988872.00926,1097,220.160,537500.39527,0
1789627980000,2441.57,2441.57,2441.32,2441.40,307.623,1789628039999,751025.56680,667,100.814,246123.02366,0
1789628040000,2441.40,2441.41,2440.64,2440.65,1186.820,1789628099999,2897021.27433,2048,711.401,1736528.57158,0
1789628100000,2440.64,2440.65,2439.67,2439.83,1385.769,1789628159999,3381583.74235,1872,351.493,857665.01155,0
1789628160000,2439.84,2440.52,2439.72,2440.40,517.227,1789628219999,1262198.18711,1052,338.096,825060.92336,0
1789628220000,2440.40,2440.41,2439.81,2440.30,634.724,1789628279999,1548888.81828,1051,106.698,260355.22663,0
1789628280000,2440.31,2440.31,2439.81,2439.97,408.066,1789628339999,995669.15422,883,144.268,352009.72783,0
1789628340000,2439.96,2440.49,2439.96,2440.37,549.163,1789628399999,1340073.06773,834,349.509,852865.96518,0
1789628400000,2440.37,2440.91,2439.93,2440.74,660.363,1789628459999,1611487.80181,1770,409.374,998989.60092,0
1789628460000,2440.74,2442.88,2440.74,2442.58,1351.502,1789628519999,3300165.77312,2190,1103.850,2695256.82759,0
1789628520000,2442.58,2442.85,2442.11,2442.16,337.411,1789628579999,824122.82974,1409,136.834,334216.58278,0
1789628580000,2442.16,2442.82,2440.43,2442.54,964.354,1789628639999,2354808.41383,2834,606.270,1480523.17309,0
1789628640000,2442.53,2444.00,2442.16,2443.60,1072.507,1789628699999,2620478.18660,2613,591.086,1444119.89676,0
1789628700000,2443.60,2445.53,2443.60,2445.53,2402.531,1789628759999,5873132.56988,3261,2001.636,4893047.35268,0
1789628760000,2445.53,2449.11,2445.53,2447.80,11275.824,1789628819999,27596715.20258,10454,6885.598,16851136.84277,0
1789628820000,2447.79,2448.42,2445.31,2446.15,2600.241,1789628879999,6362395.63774,4657,1049.410,2567841.53594,0
1789628880000,2446.15,2453.27,2446.15,2451.12,25796.900,1789628939999,63236620.18562,18329,17817.111,43671654.36791,0
1789628940000,2451.12,2452.49,2450.08,2450.61,4940.697,1789628999999,12109898.35124,5959,2970.305,7280645.37272,0
1789629000000,2450.60,2453.30,2450.21,2453.12,2401.436,1789629059999,5887696.46531,4321,1626.192,3987196.34961,0
1789629060000,2453.11,2453.33,2450.10,2450.21,3738.007,1789629119999,9164885.01556,5558,1272.878,3121073.00746,0
1789629120000,2450.21,2451.41,2449.21,2449.73,6455.015,1789629179999,15816973.85078,7992,2939.235,7202109.90746,0
1789629180000,2449.72,2450.04,2447.76,2448.22,2411.800,1789629239999,5905152.57569,3670,805.524,1972172.29592,0
1789629240000,2448.22,2448.23,2444.48,2447.33,7137.061,1789629299999,17459830.63744,5629,2049.705,5014972.39404,0
1789629300000,2447.32,2447.33,2445.80,2446.68,2962.861,1789629359999,7248164.54885,3861,955.988,2338648.96203,0
1789629360000,2446.68,2450.05,2446.67,2449.49,3621.954,1789629419999,8870631.29813,4037,1877.971,4598834.18533,0
1789629420000,2449.50,2450.53,2449.21,2450.35,1577.889,1789629479999,3866125.18929,2615,822.654,2015619.86665,0
1789629480000,2450.35,2451.28,2449.56,2451.01,2155.356,1789629539999,5282128.42356,3550,1518.158,3720635.79685,0
1789629540000,2451.00,2451.00,2447.02,2447.03,1055.986,1789629599999,2585791.26761,2891,330.715,809745.65562,0
1789629600000,2447.02,2448.00,2445.83,2446.18,3735.413,1789629659999,9140064.81470,4881,2016.397,4933837.63091,0
1789629660000,2446.18,2446.83,2446.00,2446.65,754.109,1789629719999,1844925.07951,1579,434.612,1063274.19740,0
1789629720000,2446.65,2448.28,2446.29,2448.19,1863.328,1789629779999,4560303.93010,2818,1522.806,3726829.08314,0
1789629780000,2448.19,2449.17,2447.87,2447.88,709.096,1789629839999,1736267.08889,1701,338.868,829726.92316,0
1789629840000,2447.88,2449.00,2447.55,2448.85,733.860,1789629899999,1796580.00502,1661,416.226,1018948.67205,0
1789629900000,2448.84,2449.29,2447.10,2447.58,3150.931,1789629959999,7713477.38731,3208,1122.035,2746589.40633,0
1789629960000,2447.58,2448.00,2447.09,2447.64,1477.799,1789630019999,3616918.01045,2081,876.407,2145005.64785,0
1789630020000,2447.64,2448.36,2447.43,2448.30,840.390,1789630079999,2057125.11267,1311,686.306,1679955.08226,0
1789630080000,2448.30,2448.81,2448.10,2448.29,805.967,1789630139999,1973538.41333,1267,199.826,489294.42566,0
1789630140000,2448.28,2448.80,2447.41,2447.42,920.495,1789630199999,2253406.77349,1960,172.565,422464.40623,0
1789630200000,2447.41,2447.95,2447.20,2447.64,1440.991,1789630259999,3527021.53179,2525,621.251,1520551.56864,0
1789630260000,2447.63,2447.64,2447.00,2447.00,940.525,1789630319999,2301622.64212,1245,453.967,1110891.83457,0
1789630320000,2447.00,2447.01,2446.73,2446.74,373.246,1789630379999,913301.11185,702,112.030,274130.76210,0
1789630380000,2446.74,2448.07,2446.12,2447.29,2162.016,1789630439999,5291052.83725,2819,1387.515,3395585.14115,0
1789630440000,2447.29,2447.69,2446.58,2446.73,502.416,1789630499999,1229424.18761,1290,317.659,777284.40297,0
1789630500000,2446.72,2446.72,2445.99,2446.00,824.715,1789630559999,2017467.01107,1050,423.713,1036474.97579,0
1789630560000,2446.00,2446.51,2445.58,2446.44,1664.787,1789630619999,4072353.58134,2035,414.700,1014443.18318,0
1789630620000,2446.43,2446.61,2446.24,2446.60,565.862,1789630679999,1384344.49201,808,354.571,867420.38170,0
1789630680000,2446.61,2447.23,2446.54,2446.55,756.505,1789630739999,1851026.43766,1284,327.055,800220.67023,0
1789630740000,2446.54,2447.49,2445.55,2445.98,3115.278,1789630799999,7621977.60868,3214,1548.273,3787927.23775,0
1789630800000,2445.97,2446.20,2445.97,2445.98,436.739,1789630859999,1068291.72941,681,218.151,533609.24396,0
1789630860000,2445.98,2448.16,2445.97,2448.10,939.674,1789630919999,2299332.88692,1673,774.385,1894784.23348,0
1789630920000,2448.10,2448.10,2446.61,2447.01,1525.897,1789630979999,3734051.87192,2265,928.589,2272272.12570,0
1789630980000,2447.00,2447.46,2446.54,2446.67,923.933,1789631039999,2260799.76996,1617,645.371,1579164.40093,0
1789631040000,2446.66,2446.77,2445.52,2445.52,1411.446,1789631099999,3452412.17700,1461,375.059,917461.78565,0
1789631100000,2445.51,2445.51,2444.43,2444.73,1798.812,1789631159999,4397754.88284,2163,688.181,1682398.02866,0
1789631160000,2444.72,2447.40,2444.62,2446.83,3657.709,1789631219999,8947877.87163,4108,2477.065,6059190.35288,0
1789631220000,2446.83,2446.83,2445.72,2446.04,1368.309,1789631279999,3347410.81471,2534,511.756,1251864.64027,0
1789631280000,2446.03,2446.74,2445.32,2445.92,1457.992,1789631339999,3566104.23236,2119,587.995,1438141.08934,0
1789631340000,2445.91,2445.91,2444.49,2444.49,757.031,1789631399999,1851096.53089,1141,227.374,555979.47004,0
1789631400000,2444.50,2444.50,2443.60,2443.72,1487.043,1789631459999,3634127.23230,2223,475.415,1161833.59899,0
1789631460000,2443.72,2443.74,2443.08,2443.29,1624.583,1789631519999,3969579.08424,1999,303.970,742723.77820,0
1789631520000,2443.29,2443.29,2442.85,2442.85,864.015,1789631579999,2110826.14560,1066,306.180,748008.24673,0
1789631580000,2442.85,2444.00,2442.37,2442.63,1865.948,1789631639999,4558707.94133,2437,894.670,2185844.58108,0
1789631640000,2442.62,2442.63,2441.78,2442.27,2511.279,1789631699999,6132887.65861,1883,934.524,2282131.36149,0
1789631700000,2442.27,2442.43,2442.25,2442.26,558.796,1789631759999,1364763.60548,702,218.550,533769.37273,0
1789631760000,2442.25,2442.26,2441.87,2442.19,774.202,1789631819999,1890680.24214,881,328.731,802788.78371,0
1789631820000,2442.18,2442.90,2442.00,2442.00,1559.239,1789631879999,3808232.31710,1471,1188.679,2903214.55515,0
1789631880000,2442.00,2442.58,2442.00,2442.58,490.949,1789631939999,1198988.78717,873,307.914,751986.78511,0
1789631940000,2442.58,2443.49,2442.57,2443.38,1019.744,1789631999999,2491151.89804,1346,582.325,1422553.44200,0
1789632000000,2443.38,2444.78,2443.29,2443.58,2845.702,1789632059999,6954927.79305,2883,1657.529,4050861.12579,0
1789632060000,2443.58,2443.58,2443.17,2443.18,863.478,1789632119999,2109702.81143,1042,225.694,551417.34754,0
1789632120000,2443.18,2443.59,2442.84,2443.23,1484.841,1789632179999,3627944.77221,2034,412.605,1008113.03691,0
1789632180000,2443.23,2443.45,2441.99,2442.36,1950.733,1789632239999,4764763.83469,2660,859.799,2100044.87227,0
1789632240000,2442.35,2445.35,2442.35,2445.35,1297.243,1789632299999,3170449.83916,2551,875.541,2139577.39721,0
1789632300000,2445.34,2445.35,2444.00,2444.01,859.360,1789632359999,2101095.77039,1597,303.220,741354.31994,0
1789632360000,2444.01,2444.01,2443.45,2443.55,788.060,1789632419999,1925771.42941,1460,389.078,950731.87161,0
1789632420000,2443.55,2445.00,2443.54,2444.50,1209.182,1789632479999,2955277.50691,2368,916.480,2239948.31667,0
1789632480000,2444.50,2444.50,2443.00,2443.01,1173.497,1789632539999,2867860.38567,1614,730.263,1784654.39885,0
1789632540000,2443.00,2443.01,2441.76,2441.94,983.308,1789632599999,2401333.44578,1498,325.228,794185.30524,0
1789632600000,2441.94,2442.19,2441.44,2442.00,1547.511,1789632659999,3778547.08451,1824,991.369,2420532.01395,0
1789632660000,2442.00,2443.26,2441.44,2443.09,891.502,1789632719999,2177185.48089,2197,449.041,1096701.11933,0
1789632720000,2443.08,2443.26,2441.07,2441.08,1931.694,1789632779999,4717325.44408,2993,576.432,1407765.52016,0
1789632780000,2441.07,2441.08,2438.23,2439.24,4469.131,1789632839999,10902617.05412,4911,782.006,1907815.73274,0
1789632840000,2439.25,2439.25,2436.99,2437.84,9422.638,1789632899999,22974773.05179,6464,3208.619,7823687.79872,0
1789632900000,2437.83,2438.32,2435.90,2437.55,7583.734,1789632959999,18480908.64119,6013,2968.898,7234889.10361,0
1789632960000,2437.55,2439.48,2437.54,2439.00,1744.872,1789633019999,4255423.32541,2336,1333.434,3251844.28993,0
1789633020000,2439.00,2440.37,2438.37,2438.38,2593.030,1789633079999,6325500.32176,3363,1679.683,4097347.96929,0
1789633080000,2438.38,2440.00,2438.25,2439.49,2942.641,1789633139999,7177718.96138,2729,2372.533,5787159.06881,0
1789633140000,2439.48,2440.83,2439.48,2440.33,946.568,1789633199999,2309821.93378,1943,496.560,1211700.84594,0
1789633200000,2440.32,2441.86,2439.94,2441.86,1126.239,1789633259999,2749060.62227,2700,682.535,1666093.14819,0
1789633260000,2441.85,2442.42,2441.83,2441.84,1480.826,1789633319999,3616430.58397,1781,1047.719,2558730.20926,0
1789633320000,2441.84,2442.57,2441.37,2442.55,862.820,1789633379999,2107002.48117,2069,357.561,873204.34751,0
1789633380000,2442.54,2443.16,2441.85,2442.70,1617.490,1789633439999,3950472.73174,2469,1001.127,2445021.21863,0
1789633440000,2442.70,2442.70,2440.11,2440.39,2380.776,1789633499999,5812025.56115,3192,521.553,1272973.57131,0
1789633500000,2440.38,2440.88,2440.15,2440.82,839.437,1789633559999,2048759.85045,1586,323.255,788914.26898,0
1789633560000,2440.81,2441.32,2440.81,2441.32,470.023,1789633619999,1147289.03913,600,308.473,752949.04145,0
1789633620000,2441.31,2441.31,2440.03,2440.04,713.477,1789633679999,1741315.77754,1142,149.796,365628.83334,0
1789633680000,2440.03,2440.22,2438.88,2439.34,2039.667,1789633739999,4976159.87806,2360,923.498,2253157.79239,0
1789633740000,2439.33,2439.34,2438.00,2438.23,972.700,1789633799999,2371819.33368,1661,329.514,803469.38320,0
1789633800000,2438.23,2439.53,2437.59,2437.60,2482.389,1789633859999,6054134.26354,3162,1528.733,3728472.88850,0
1789633860000,2437.59,2439.13,2436.23,2438.89,3203.966,1789633919999,7808867.49230,5134,1867.122,4550717.55396,0
1789633920000,2438.88,2440.00,2438.88,2439.49,815.564,1789633979999,1989682.28636,2524,426.137,1039595.76781,0
1789633980000,2439.48,2440.80,2439.37,2439.93,1819.697,1789634039999,4440172.42588,2986,1081.691,2639259.96158,0
1789634040000,2439.93,2439.93,2439.20,2439.75,639.458,1789634099999,1559984.32883,1685,248.201,605468.41176,0
1789634100000,2439.75,2439.94,2439.30,2439.58,637.653,1789634159999,1555680.52426,1268,186.441,454842.56552,0
1789634160000,2439.58,2439.80,2439.57,2439.80,711.743,1789634219999,1736465.78354,848,341.018,831999.08750,0
1789634220000,2439.79,2442.75,2439.79,2442.75,2439.441,1789634279999,5956233.26926,2292,2277.724,5561369.43235,0
1789634280000,2442.74,2444.14,2442.50,2444.02,1365.326,1789634339999,3336003.89945,2187,937.500,2290635.37173,0
1789634340000,2444.01,2444.89,2442.97,2444.70,2198.569,1789634399999,5373245.15389,2764,893.958,2184945.12073,0
1789634400000,2444.70,2444.71,2440.82,2441.56,3746.674,1789634459999,9152660.62521,4106,671.464,1639631.32587,0
1789634460000,2441.55,2442.18,2440.14,2440.96,803.593,1789634519999,1961950.87656,1960,420.664,1027036.07241,0
1789634520000,2440.95,2441.54,2440.81,2440.89,1072.954,1789634579999,2619359.41775,1520,296.743,724368.52336,0
1789634580000,2440.89,2441.67,2440.89,2441.24,446.734,1789634639999,1090566.63391,1064,285.865,697831.97089,0
1789634640000,2441.23,2442.34,2441.23,2441.95,402.913,1789634699999,983853.41577,907,202.197,493722.59658,0
1789634700000,2441.94,2442.46,2441.41,2442.09,584.258,1789634759999,1426728.77794,1422,315.865,771328.25174,0
1789634760000,2442.08,2442.89,2442.08,2442.42,633.033,1789634819999,1546172.11157,1048,371.677,907802.01955,0
1789634820000,2442.41,2442.80,2442.02,2442.61,864.008,1789634879999,2110187.09218,1410,279.842,683454.10682,0
1789634880000,2442.60,2442.80,2441.80,2441.81,690.358,1789634939999,1686197.93821,1116,304.760,744365.13141,0
1789634940000,2441.80,2442.25,2441.14,2441.15,542.004,1789634999999,1323444.08960,1045,169.480,413838.48096,0
1789635000000,2441.14,2442.24,2441.14,2441.99,789.260,1789635059999,1927217.71666,1500,454.257,1109238.43386,0
1789635060000,2441.98,2444.20,2441.98,2444.19,547.969,1789635119999,1338900.18406,1557,411.066,1004359.74606,0
1789635120000,2444.18,2444.30,2443.01,2443.35,1497.266,1789635179999,3658523.02230,2327,1019.683,2491511.98876,0
1789635180000,2443.35,2444.30,2443.34,2444.30,547.191,1789635239999,1337183.89332,893,426.553,1042384.12117,0
1789635240000,2444.30,2445.65,2444.30,2445.27,3309.332,1789635299999,8091201.65746,3072,2572.856,6290392.26106,0
1789635300000,2445.27,2445.94,2444.39,2444.40,1576.348,1789635359999,3854626.43470,2125,752.176,1839431.28287,0
1789635360000,2444.39,2444.88,2444.30,2444.55,361.459,1789635419999,883593.45398,1078,146.172,357314.59934,0
1789635420000,2444.54,2444.76,2444.54,2444.58,395.963,1789635479999,967981.72128,505,176.316,431024.96131,0
1789635480000,2444.57,2445.01,2444.30,2444.82,748.040,1789635539999,1828700.41528,1496,537.859,1314885.49764,0
1789635540000,2444.81,2444.82,2444.30,2444.49,853.086,1789635599999,2085420.29926,596,305.270,746239.00192,0
1789635600000,2444.49,2444.99,2444.49,2444.99,784.607,1789635659999,1918163.82937,1007,513.256,1254769.12040,0
1789635660000,2444.98,2446.53,2444.98,2446.14,2694.375,1789635719999,6590065.23139,3170,1794.017,4387909.19406,0
1789635720000,2446.14,2446.88,2444.67,2444.68,1788.335,1789635779999,4374429.08957,2916,923.230,2258463.91822,0
1789635780000,2444.67,2444.71,2444.11,2444.57,484.472,1789635839999,1184280.18036,1487,244.194,596925.87325,0
1789635840000,2444.57,2445.75,2444.56,2445.41,490.489,1789635899999,1199325.12683,2035,344.967,843492.97292,0
1789635900000,2445.40,2445.92,2445.18,2445.92,650.542,1789635959999,1590931.05141,1642,373.421,913243.44349,0
1789635960000,2445.92,2446.57,2445.20,2445.21,1189.050,1789636019999,2908392.37875,2610,701.545,1715976.49126,0
1789636020000,2445.20,2446.02,2445.20,2445.57,307.897,1789636079999,753008.45828,1150,203.460,497588.04609,0
1789636080000,2445.57,2445.58,2444.30,2444.67,971.099,1789636139999,2373967.07268,2062,645.163,1577120.94355,0
1789636140000,2444.68,2444.68,2444.00,2444.63,394.105,1789636199999,963329.54052,1144,172.124,420733.46463,0
1789636200000,2444.63,2446.28,2444.62,2446.28,404.853,1789636259999,989981.15482,1325,282.609,691070.16009,0
1789636260000,2446.27,2448.55,2446.27,2448.55,2261.240,1789636319999,5534223.56911,3173,1973.888,4831020.83713,0
1789636320000,2448.54,2448.55,2446.65,2446.66,1416.187,1789636379999,3466022.30105,2268,366.588,897217.29261,0
1789636380000,2446.65,2446.83,2445.58,2445.59,737.388,1789636439999,1803870.25586,1918,238.615,583726.56534,0
1789636440000,2445.58,2446.38,2445.58,2445.65,552.737,1789636499999,1351951.63848,1457,241.152,589833.99768,0
1789636500000,2445.64,2446.13,2445.64,2445.94,837.745,1789636559999,2049029.78153,1162,642.756,1572082.70196,0
1789636560000,2445.94,2446.10,2444.46,2444.47,4272.743,1789636619999,10449632.96378,1931,615.411,1505028.61671,0
1789636620000,2444.46,2446.83,2444.46,2446.06,1112.639,1789636679999,2721184.56017,2967,858.682,2099995.13901,0
1789636680000,2446.05,2447.78,2446.05,2446.64,1006.026,1789636739999,2461816.46100,2217,749.277,1833529.00142,0
1789636740000,2446.63,2446.63,2444.32,2444.46,1005.008,1789636799999,2457707.49841,2087,488.978,1195781.32316,0
1789636800000,2444.46,2446.80,2444.45,2446.03,1236.337,1789636859999,3023557.65505,2313,904.895,2212977.78645,0
1789636860000,2446.02,2446.88,2445.87,2446.41,1268.157,1789636919999,3102335.65776,2118,789.061,1930200.64694,0
1789636920000,2446.40,2447.09,2445.47,2446.64,1254.706,1789636979999,3069338.60484,2506,872.359,2133968.63684,0
1789636980000,2446.63,2446.65,2445.13,2445.35,815.634,1789637039999,1995023.00950,1517,247.850,606185.22027,0
1789637040000,2445.34,2445.35,2444.76,2444.76,926.913,1789637099999,2266427.07390,1446,543.947,1329983.91753,0
1789637100000,2444.76,2446.00,2444.76,2445.59,1554.147,1789637159999,3800514.08930,1512,1115.311,2727339.30484,0
1789637160000,2445.58,2446.19,2445.38,2446.19,913.803,1789637219999,2234895.83329,1760,554.183,1355360.34050,0
1789637220000,2446.18,2447.40,2445.34,2445.43,1672.149,1789637279999,4090917.76389,3221,557.941,1364945.34703,0
1789637280000,2445.43,2445.64,2444.55,2444.74,508.960,1789637339999,1244449.45226,1584,202.899,496105.50915,0
1789637340000,2444.73,2444.76,2444.01,2444.17,549.529,1789637399999,1343278.20156,853,63.143,154355.12009,0
1789637400000,2444.16,2444.36,2444.00,2444.00,528.988,1789637459999,1292903.37118,910,312.056,762683.67565,0
1789637460000,2444.01,2446.10,2444.00,2445.03,620.787,1789637519999,1517913.48900,2039,397.317,971445.05221,0
1789637520000,2445.03,2445.03,2444.00,2444.01,947.075,1789637579999,2314998.84680,1375,308.588,754240.20999,0
1789637580000,2444.00,2446.22,2444.00,2445.31,1817.955,1789637639999,4445592.74775,2689,1429.534,3495573.94587,0
1789637640000,2445.31,2446.55,2445.30,2446.34,714.493,1789637699999,1747657.23138,1167,488.561,1194959.65926,0
1789637700000,2446.33,2446.89,2445.95,2446.89,503.781,1789637759999,1232489.94693,1258,313.445,766855.32555,0
1789637760000,2446.89,2447.72,2446.89,2447.49,662.991,1789637819999,1622593.09400,1552,492.262,1204743.12383,0
1789637820000,2447.49,2447.89,2447.03,2447.55,1140.417,1789637879999,2791223.23696,1779,641.817,1570831.22617,0
1789637880000,2447.54,2447.55,2445.33,2445.50,1380.694,1789637939999,3377916.71428,2318,326.734,799281.07176,0
1789637940000,2445.50,2445.72,2445.32,2445.41,636.398,1789637999999,1556402.06641,981,200.761,490976.39950,0
1789638000000,2445.40,2445.72,2445.22,2445.70,501.902,1789638059999,1227369.87148,1943,352.656,862397.38351,0
1789638060000,2445.69,2446.00,2444.75,2444.93,895.765,1789638119999,2190536.34123,1576,456.136,1115432.22086,0
1789638120000,2444.92,2444.93,2443.68,2444.00,1084.816,1789638179999,2651457.14713,1904,423.926,1036089.33821,0
1789638180000,2444.00,2444.01,2442.32,2442.44,1133.247,1789638239999,2768258.83388,1868,358.434,875481.17386,0
1789638240000,2442.43,2442.44,2440.73,2441.43,2211.762,1789638299999,5399810.81174,2808,751.685,1835000.92459,0
1789638300000,2441.42,2443.76,2441.31,2442.02,2775.848,1789638359999,6779521.98534,3860,1789.299,4369838.93549,0
1789638360000,2442.03,2442.17,2440.92,2440.93,725.563,1789638419999,1771594.63348,1846,231.747,565884.92155,0
1789638420000,2440.93,2440.93,2440.43,2440.45,1823.255,1789638479999,4449863.41764,1702,1066.479,2602796.17771,0
1789638480000,2440.44,2440.45,2439.18,2439.54,2388.538,1789638539999,5827601.90409,3650,948.510,2314196.12940,0
1789638540000,2439.54,2439.96,2439.10,2439.96,907.045,1789638599999,2212709.95954,1478,454.156,1107919.04617,0
1789638600000,2439.95,2439.96,2437.96,2439.47,4401.274,1789638659999,10733211.41117,4184,1674.299,4082544.88589,0
1789638660000,2439.46,2439.67,2436.56,2436.78,3125.961,1789638719999,7620709.33369,4079,924.932,2254780.86499,0
1789638720000,2436.78,2437.82,2436.65,2437.15,2605.229,1789638779999,6349982.96312,2892,1956.370,4768447.35308,0
1789638780000,2437.14,2437.99,2437.14,2437.51,627.772,1789638839999,1530337.14834,2240,247.129,602425.44788,0
1789638840000,2437.51,2438.89,2437.50,2438.83,1657.021,1789638899999,4040352.07615,1930,1300.554,3171118.58926,0
1789638900000,2438.83,2438.84,2438.32,2438.39,578.795,1789638959999,1411391.82903,992,307.256,749228.91800,0
1789638960000,2438.38,2438.44,2437.59,2438.05,889.364,1789639019999,2168281.90074,1654,369.558,900971.17198,0
1789639020000,2438.04,2439.72,2437.42,2439.25,2750.441,1789639079999,6707385.30298,2825,1634.446,3985656.26611,0
1789639080000,2439.24,2439.24,2437.58,2437.72,604.601,1789639139999,1474164.18314,1385,221.883,540934.90420,0
1789639140000,2437.72,2437.78,2437.23,2437.24,1192.845,1789639199999,2907651.66095,1513,520.892,1269723.96999,0
1789639200000,2437.23,2438.00,2437.00,2438.00,762.414,1789639259999,1858368.57766,1588,406.807,991583.90023,0
1789639260000,2437.99,2438.00,2435.60,2435.68,1703.407,1789639319999,4150102.95673,2752,718.397,1750045.51588,0
1789639320000,2435.68,2435.68,2432.13,2433.41,6794.079,1789639379999,16533281.19641,8869,2099.969,5109456.58508,0
1789639380000,2433.41,2433.42,2430.18,2431.52,8192.969,1789639439999,19919930.40807,8153,2126.208,5169617.99309,0
1789639440000,2431.51,2433.90,2430.87,2433.67,2293.412,1789639499999,5578138.30467,3410,1428.967,3475917.24586,0
1789639500000,2433.67,2435.00,2433.58,2434.14,1717.203,1789639559999,4180544.94009,2594,994.330,2420663.46132,0
1789639560000,2434.15,2435.79,2433.78,2434.47,2404.358,1789639619999,5853813.56791,3795,1252.058,3048381.66952,0
1789639620000,2434.47,2435.88,2434.46,2435.81,980.812,1789639679999,2388642.25705,2526,702.632,1711143.33763,0
1789639680000,2435.80,2436.21,2435.60,2435.82,1028.508,1789639739999,2505324.07555,1634,480.924,1171485.49346,0
1789639740000,2435.82,2435.82,2434.01,2434.02,1312.787,1789639799999,3196956.41235,1790,331.924,808200.20620,0
1789639800000,2434.02,2434.14,2433.50,2434.14,636.519,1789639859999,1549172.27144,1348,330.947,805455.58825,0
1789639860000,2434.13,2435.94,2434.13,2435.45,2095.107,1789639919999,5102331.16116,2880,1421.285,3461108.58668,0
1789639920000,2435.44,2435.45,2433.85,2433.90,898.283,1789639979999,2186843.53961,1850,178.813,435312.25148,0
1789639980000,2433.89,2435.22,2433.89,2435.02,616.827,1789640039999,1501774.35680,1244,442.748,1077882.15812,0
1789640040000,2435.01,2435.02,2434.11,2434.12,671.943,1789640099999,1636035.57306,969,142.122,346005.73408,0
1789640100000,2434.12,2434.12,2432.45,2432.45,994.683,1789640159999,2420429.94957,2123,349.466,850430.61520,0
1789640160000,2432.44,2432.44,2431.23,2431.81,2291.153,1789640219999,5571325.43242,2943,1132.072,2752746.61673,0
1789640220000,2431.80,2432.77,2431.80,2432.42,837.998,1789640279999,2038243.88107,2471,453.737,1103606.02777,0
1789640280000,2432.41,2433.74,2432.00,2432.01,928.319,1789640339999,2258468.92740,2544,530.979,1291773.09550,0
1789640340000,2432.00,2433.00,2431.44,2431.79,1672.560,1789640399999,4068131.30262,2531,1050.601,2555277.55152,0
1789640400000,2431.80,2432.01,2431.57,2431.83,639.600,1789640459999,1555414.29364,1008,285.781,694968.58066,0
1789640460000,2431.83,2432.00,2431.01,2431.16,1477.208,1789640519999,3591894.87824,1768,326.226,793232.83338,0
1789640520000,2431.16,2431.18,2430.32,2430.57,1838.587,1789640579999,4469148.51698,2002,289.333,703277.11544,0
1789640580000,2430.57,2432.16,2430.56,2432.16,1021.376,1789640639999,2483356.92719,1774,759.372,1846310.68351,0
1789640640000,2432.16,2432.72,2430.74,2431.92,1669.112,1789640699999,4058966.63374,3000,481.800,1171586.92148,0
1789640700000,2431.92,2432.31,2431.80,2432.30,669.365,1789640759999,1627934.39741,1168,319.720,777570.18667,0
1789640760000,2432.30,2433.35,2432.29,2433.35,837.530,1789640819999,2037402.82391,1468,393.035,956055.77969,0
1789640820000,2433.35,2433.43,2432.75,2433.30,700.578,1789640879999,1704664.88520,1378,390.554,950289.02229,0
1789640880000,2433.30,2433.31,2432.82,2432.98,583.124,1789640939999,1418866.49680,964,273.205,664762.56419,0
1789640940000,2432.98,2433.20,2432.11,2432.16,1527.686,1789640999999,3716384.21403,1947,706.788,1719388.11043,0
1789641000000,2432.16,2433.04,2432.00,2432.01,1749.772,1789641059999,4256222.91842,2691,1054.533,2565000.79990,0
1789641060000,2432.01,2433.33,2431.00,2431.00,1441.174,1789641119999,3505500.14533,2733,943.345,2294653.03204,0
1789641120000,2431.01,2431.29,2430.90,2431.02,814.702,1789641179999,1980660.86171,1066,461.159,1121127.86677,0
1789641180000,2431.03,2431.40,2430.80,2430.81,766.684,1789641239999,1863891.51011,1304,289.528,703892.94726,0
1789641240000,2430.81,2431.42,2430.80,2431.09,765.680,1789641299999,1861505.62132,824,524.678,1275546.55927,0
1789641300000,2431.10,2432.90,2431.09,2432.89,641.136,1789641359999,1559251.88081,1964,468.788,1140079.92264,0
1789641360000,2432.90,2433.69,2432.89,2433.69,900.636,1789641419999,2191372.02537,1492,467.105,1136520.91665,0
1789641420000,2433.68,2434.70,2433.61,2434.16,2291.754,1789641479999,5578855.14130,2945,1517.034,3692926.15593,0
1789641480000,2434.15,2434.42,2433.84,2434.23,868.067,1789641539999,2112974.63875,1139,449.871,1095040.15345,0
1789641540000,2434.22,2434.40,2433.72,2433.72,1092.558,1789641599999,2659416.18686,1474,471.588,1147836.53428,0
1789641600000,2433.73,2433.73,2432.62,2432.62,480.457,1789641659999,1169090.29676,1059,170.775,415549.75644,0
1789641660000,2432.62,2432.63,2432.00,2432.45,689.136,1789641719999,1676219.48072,1372,267.760,651271.51193,0
1789641720000,2432.44,2433.12,2432.44,2433.12,461.820,1789641779999,1123462.38449,746,232.717,566130.11101,0
1789641780000,2433.12,2433.12,2432.29,2432.30,582.053,1789641839999,1416073.02620,1396,234.787,571203.49221,0
1789641840000,2432.29,2432.29,2431.80,2431.81,512.824,1789641899999,1247212.30815,931,230.885,561518.64946,0
1789641900000,2431.80,2431.81,2430.21,2430.72,1970.701,1789641959999,4790570.11185,2542,337.244,819702.52830,0
1789641960000,2430.71,2431.02,2430.71,2430.72,628.724,1789642019999,1528354.14315,1064,267.626,650549.47415,0
1789642020000,2430.71,2430.83,2428.88,2430.83,4086.586,1789642079999,9929442.45255,3766,736.190,1789045.92874,0
1789642080000,2430.82,2430.83,2428.90,2430.33,2388.638,1789642139999,5803206.85165,3514,544.374,1322575.90294,0
1789642140000,2430.33,2432.27,2430.32,2431.14,1366.479,1789642199999,3322643.32384,2713,549.206,1335325.45244,0
1789642200000,2431.14,2431.25,2430.26,2431.25,863.292,1789642259999,2098505.29184,1476,240.641,584916.06335,0
1789642260000,2431.25,2432.49,2431.24,2432.49,568.017,1789642319999,1381451.66008,1394,344.989,839015.30530,0
1789642320000,2432.49,2432.53,2431.21,2432.53,767.694,1789642379999,1866992.18397,1729,437.148,1063095.77633,0
1789642380000,2432.53,2433.42,2432.52,2433.26,556.623,1789642439999,1354229.67264,1251,320.935,780806.53921,0
1789642440000,2433.26,2433.49,2432.91,2433.24,710.029,1789642499999,1727670.15761,1163,523.719,1274330.39947,0
1789642500000,2433.23,2433.24,2432.62,2432.66,473.261,1789642559999,1151387.87412,1134,152.402,370767.84342,0
1789642560000,2432.65,2432.95,2432.23,2432.58,471.480,1789642619999,1146946.93756,1068,288.633,702148.09134,0
1789642620000,2432.58,2434.42,2432.58,2434.25,1583.819,1789642679999,3854761.74481,1945,1110.639,2702964.43805,0
1789642680000,2434.24,2434.60,2433.96,2434.28,961.976,1789642739999,2341704.81373,1480,542.026,1319435.74034,0
1789642740000,2434.29,2434.37,2433.90,2434.37,564.027,1789642799999,1372943.45697,1126,251.901,613173.60536,0
1789642800000,2434.36,2435.89,2434.04,2435.89,1088.863,1789642859999,2651296.63040,2388,896.131,2182085.76988,0
1789642860000,2435.89,2437.30,2435.00,2435.00,3069.372,1789642919999,7478067.02372,4783,1492.429,3636130.36803,0
1789642920000,2435.01,2435.98,2434.43,2435.74,1735.682,1789642979999,4226833.28743,3239,854.958,2081937.09017,0
1789642980000,2435.74,2436.72,2435.49,2435.80,699.462,1789643039999,1703881.85899,1955,429.022,1045075.73999,0
1789643040000,2435.79,2436.59,2435.65,2436.21,441.865,1789643099999,1076455.44717,1246,175.740,428117.50273,0
1789643100000,2436.22,2436.22,2435.00,2435.00,529.666,1789643159999,1289910.93778,1540,167.981,409065.26797,0
1789643160000,2435.01,2435.27,2434.00,2434.01,765.259,1789643219999,1863229.03769,1559,302.222,735866.65171,0
1789643220000,2434.01,2434.39,2433.27,2433.47,739.406,1789643279999,1799539.47686,1465,193.037,469807.64300,0
1789643280000,2433.47,2434.36,2432.80,2433.96,1892.316,1789643339999,4604931.73939,2245,1292.229,3144531.52601,0
1789643340000,2433.96,2434.49,2433.49,2434.48,416.606,1789643399999,1014020.00677,930,304.953,742270.02256,0
1789643400000,2434.49,2436.27,2434.48,2436.26,823.267,1789643459999,2005159.10474,1653,555.609,1353206.59130,0
1789643460000,2436.26,2436.26,2435.24,2435.24,911.959,1789643519999,2221326.51752,1172,310.500,756288.42522,0
1789643520000,2435.25,2435.25,2434.77,2435.02,420.497,1789643579999,1023926.25058,833,207.246,504647.43902,0
1789643580000,2435.02,2436.24,2435.02,2436.24,330.440,1789643639999,804811.05557,740,276.871,674326.91077,0
1789643640000,2436.24,2437.44,2436.23,2437.44,934.322,1789643699999,2276823.17334,1051,564.449,1375393.71455,0
1789643700000,2437.44,2437.90,2437.43,2437.50,1211.973,1789643759999,2954366.46347,1359,705.011,1718546.08887,0
1789643760000,2437.51,2437.92,2434.23,2435.13,2684.095,1789643819999,6538905.38200,3998,801.508,1952166.57762,0
1789643820000,2435.13,2435.14,2433.10,2433.55,959.657,1789643879999,2335774.90055,2080,187.181,455529.18504,0
1789643880000,2433.55,2433.93,2433.15,2433.80,699.120,1789643939999,1701358.94033,1186,324.525,789713.33702,0
1789643940000,2433.80,2435.41,2433.80,2434.76,387.763,1789643999999,944157.31232,1287,241.927,589023.42975,0
1789644000000,2434.76,2436.21,2434.75,2435.50,933.352,1789644059999,2273217.38884,1815,705.535,1718281.50215,0
1789644060000,2435.51,2435.78,2435.20,2435.27,263.293,1789644119999,641249.23009,739,136.943,333524.89606,0
1789644120000,2435.28,2436.00,2435.27,2435.75,527.105,1789644179999,1283807.45946,1006,263.103,640760.12831,0
1789644180000,2435.76,2435.94,2435.33,2435.68,336.509,1789644239999,819626.02995,739,81.131,197598.34941,0
1789644240000,2435.68,2435.69,2434.82,2434.82,212.500,1789644299999,517532.06277,719,38.067,92713.61750,0
1789644300000,2434.83,2434.83,2433.51,2433.61,756.673,1789644359999,1841689.91118,1771,276.072,671939.13851,0
1789644360000,2433.61,2435.51,2433.58,2435.46,1092.249,1789644419999,2658710.03153,1546,776.500,1890222.82614,0
1789644420000,2435.46,2436.21,2435.46,2435.99,527.920,1789644479999,1285956.13248,777,384.156,935765.51539,0
1789644480000,2435.99,2436.09,2435.32,2435.59,615.802,1789644539999,1499905.70535,1388,383.384,933805.58041,0
1789644540000,2435.60,2436.03,2435.59,2436.01,318.500,1789644599999,775822.42396,513,165.247,402496.66637,0
1789644600000,2436.01,2436.01,2434.36,2434.36,586.410,1789644659999,1427897.65852,1370,126.788,308695.06531,0
1789644660000,2434.36,2434.37,2433.38,2433.39,498.414,1789644719999,1213015.28147,1239,108.896,265027.19707,0
1789644720000,2433.39,2433.39,2432.66,2432.66,303.868,1789644779999,739370.82980,928,77.620,188865.09876,0
1789644780000,2432.66,2432.67,2431.90,2431.90,630.954,1789644839999,1534623.65414,1578,114.047,277382.91775,0
1789644840000,2431.90,2432.56,2431.90,2432.44,914.015,1789644899999,2223108.50960,1180,703.433,1710917.28959,0
1789644900000,2432.44,2432.44,2430.83,2431.53,1286.839,1789644959999,3128949.34417,2475,504.035,1225464.87047,0
1789644960000,2431.53,2432.20,2431.53,2431.78,429.729,1789645019999,1045066.28506,884,227.139,552386.82201,0
1789645020000,2431.78,2431.78,2430.86,2431.03,501.639,1789645079999,1219697.45500,964,137.943,335400.03741,0
1789645080000,2431.03,2431.32,2430.53,2431.19,776.290,1789645139999,1887160.51858,1389,327.766,796762.04129,0
1789645140000,2431.18,2431.19,2430.01,2430.04,1436.408,1789645199999,3491075.49409,2112,331.532,805740.95124,0
1789645200000,2430.04,2430.04,2426.52,2427.27,5410.490,1789645259999,13138332.46251,6024,1249.978,3035014.06460,0
1789645260000,2427.28,2428.30,2426.52,2427.48,2584.988,1789645319999,6275126.31712,3197,804.251,1952305.24579,0
1789645320000,2427.47,2428.73,2427.31,2428.73,1426.035,1789645379999,3462844.49626,2164,690.641,1677051.68195,0
1789645380000,2428.73,2429.07,2428.73,2428.85,1011.585,1789645439999,2456970.94798,1191,495.824,1204262.15203,0
1789645440000,2428.84,2428.85,2426.68,2427.13,1218.432,1789645499999,2958167.67078,3130,328.999,798668.75825,0
1789645500000,2427.13,2428.30,2427.12,2427.96,2123.746,1789645559999,5155951.08276,2930,927.868,2252556.48784,0
1789645560000,2427.96,2428.28,2427.57,2427.71,837.445,1789645619999,2033286.13150,1189,258.505,627603.13440,0
1789645620000,2427.71,2429.11,2427.71,2428.80,2223.666,1789645679999,5400773.30313,2581,1648.887,4004767.56666,0
1789645680000,2428.79,2430.36,2428.79,2429.92,1915.161,1789645739999,4653628.35590,3201,1232.098,2993848.32986,0
1789645740000,2429.93,2429.93,2428.65,2428.65,1003.059,1789645799999,2436678.36343,1311,246.469,598771.16446,0
1789645800000,2428.65,2429.25,2428.26,2429.00,637.364,1789645859999,1547871.22406,1327,288.090,699642.62370,0
1789645860000,2429.00,2430.38,2428.75,2429.98,2024.328,1789645919999,4918427.40974,3024,1458.812,3544119.44678,0
1789645920000,2429.98,2430.43,2429.51,2430.15,803.578,1789645979999,1952727.48518,1591,388.009,942867.44958,0
1789645980000,2430.15,2431.00,2429.59,2430.48,626.783,1789646039999,1523356.74442,1692,315.842,767626.25317,0
1789646040000,2430.47,2431.39,2430.47,2431.19,1580.682,1789646099999,3842438.48209,1483,939.154,2282924.75077,0
1789646100000,2431.19,2431.58,2431.18,2431.41,740.938,1789646159999,1801600.23630,837,223.231,542771.71601,0
1789646160000,2431.40,2431.93,2430.81,2431.92,591.649,1789646219999,1438467.78674,1345,314.950,765745.03899,0
1789646220000,2431.93,2433.66,2431.93,2433.66,1134.136,1789646279999,2759265.84026,1996,904.730,2201138.83328,0
1789646280000,2433.66,2442.38,2433.32,2438.95,13947.062,1789646339999,34016899.41988,17385,8051.714,19635477.26857,0
1789646340000,2438.95,2441.99,2437.45,2441.39,2960.773,1789646399999,7222215.72955,6030,1710.119,4172022.64506,0
1789646400000,2441.39,2443.90,2438.88,2443.28,9007.717,1789646459999,21997998.99387,10589,5660.779,13825546.21600,0
1789646460000,2443.28,2445.29,2442.26,2444.13,6460.374,1789646519999,15786817.87384,9068,3593.682,8781945.51552,0
1789646520000,2444.13,2444.37,2438.66,2440.30,4138.409,1789646579999,10103868.48237,6911,1240.866,3029221.53754,0
1789646580000,2440.29,2440.30,2437.85,2438.97,2175.877,1789646639999,5306013.83371,5102,1164.941,2840808.35383,0
1789646640000,2438.97,2443.96,2438.97,2442.00,4610.138,1789646699999,11258703.93643,9762,2562.806,6258822.23348,0
1789646700000,2441.99,2444.27,2441.32,2443.44,3462.854,1789646759999,8460161.69050,5388,1195.390,2920352.12376,0
1789646760000,2443.44,2443.44,2440.73,2440.73,1520.395,1789646819999,3712758.53709,3526,509.745,1244813.78764,0
1789646820000,2440.73,2441.73,2440.04,2440.99,2442.342,1789646879999,5961309.58983,4097,1581.205,3859339.81093,0
1789646880000,2440.99,2446.16,2440.99,2443.45,4867.029,1789646939999,11895884.14190,7501,3329.504,8137213.46334,0
1789646940000,2443.45,2448.00,2443.45,2447.23,6195.677,1789646999999,15155336.03123,7982,4258.361,10416373.58225,0
1789647000000,2447.24,2448.48,2444.24,2444.85,6331.847,1789647059999,15491829.99114,7433,2389.891,5848358.34886,0
1789647060000,2444.84,2450.35,2444.84,2449.50,8796.813,1789647119999,21542865.77696,9302,6420.742,15723609.60729,0
1789647120000,2449.49,2450.87,2447.88,2450.50,6027.494,1789647179999,14762751.76200,8460,2962.525,7256379.82517,0
1789647180000,2450.50,2452.57,2450.24,2452.31,9319.508,1789647239999,22847944.88389,8107,5562.792,13637396.55746,0
1789647240000,2452.30,2456.32,2452.04,2454.49,12491.575,1789647299999,30658042.05805,12488,8055.751,19772085.90782,0
1789647300000,2454.49,2459.92,2454.49,2456.17,20049.506,1789647359999,49266982.33832,17250,13790.077,33887147.73436,0
1789647360000,2456.17,2457.35,2455.00,2456.56,4259.605,1789647419999,10461396.00946,6210,1639.974,4027536.56729,0
1789647420000,2456.56,2459.60,2453.20,2458.34,7495.936,1789647479999,18415780.80043,9274,4519.136,11105056.87160,0
1789647480000,2458.33,2458.33,2454.71,2455.12,4290.354,1789647539999,10538873.48156,7122,2318.147,5694496.31686,0
1789647540000,2455.12,2458.77,2454.81,2458.73,2944.690,1789647599999,7233890.11333,6183,1825.519,4484789.30977,0
1789647600000,2458.73,2463.00,2457.37,2458.95,20358.477,1789647659999,50084153.57359,18995,13554.176,33347065.35662,0
1789647660000,2458.94,2462.60,2458.94,2461.85,6253.037,1789647719999,15389006.68676,10419,2874.636,7074473.77444,0
1789647720000,2461.84,2462.27,2460.30,2461.40,3576.564,1789647779999,8803115.22795,5627,1656.064,4076186.10944,0
1789647780000,2461.37,2461.78,2459.71,2461.01,5954.948,1789647839999,14652906.05143,7625,3138.707,7723003.45929,0
1789647840000,2461.00,2462.27,2461.00,2461.28,5011.147,1789647899999,12335052.21417,7252,2704.670,6657651.47965,0
1789647900000,2461.27,2464.31,2461.27,2463.57,6936.321,1789647959999,17084588.56645,10511,4275.089,10529930.90257,0
1789647960000,2463.57,2466.90,2463.56,2466.74,11689.237,1789648019999,28821544.68408,15128,6839.967,16864461.43440,0
1789648020000,2466.74,2466.88,2463.81,2466.72,6251.719,1789648079999,15412800.19870,8356,2616.857,6451985.24491,0
1789648080000,2466.71,2470.67,2466.27,2467.04,15566.102,1789648139999,38427369.45793,14615,11055.086,27292085.12228,0
1789648140000,2467.03,2472.00,2467.00,2471.15,8517.045,1789648199999,21036705.58380,10451,4260.628,10524469.09913,0
1789648200000,2471.15,2479.44,2467.38,2475.69,33796.336,1789648259999,83625841.79823,35343,18829.568,46593101.51132,0
1789648260000,2475.69,2476.00,2467.12,2467.32,17856.963,1789648319999,44149726.40046,23662,6697.990,16563849.50325,0
1789648320000,2467.33,2468.85,2464.25,2465.17,11761.289,1789648379999,29003343.37422,16135,4231.260,10434374.75254,0
1789648380000,2465.17,2467.67,2463.38,2467.66,7143.772,1789648439999,17610082.29523,10403,3751.172,9247759.55377,0
1789648440000,2467.66,2471.50,2466.79,2471.49,10355.021,1789648499999,25565527.71400,11186,7013.075,17315418.88925,0
1789648500000,2471.49,2472.29,2468.12,2468.12,6646.510,1789648559999,16413962.54349,8902,2909.667,7185547.01825,0
1789648560000,2468.12,2469.25,2467.44,2467.88,2976.348,1789648619999,7346123.44347,4737,1189.859,2936652.01867,0
1789648620000,2467.88,2468.50,2465.67,2467.46,3630.295,1789648679999,8956730.16939,5282,1339.367,3304563.50210,0
1789648680000,2467.45,2468.50,2465.48,2465.49,2756.161,1789648739999,6798971.34401,5122,1193.741,2944719.65770,0
1789648740000,2465.48,2466.67,2464.90,2465.32,3164.256,1789648799999,7802051.44241,4755,1119.759,2761139.19882,0
1789648800000,2465.32,2465.98,2464.36,2465.00,3744.874,1789648859999,9231953.47671,4094,1276.617,3146984.99066,0
1789648860000,2465.00,2465.72,2463.91,2463.91,3898.070,1789648919999,9608504.15037,5495,1899.888,4682974.76650,0
1789648920000,2463.91,2464.14,2462.37,2463.01,5096.228,1789648979999,12551948.64814,6058,2196.944,5411172.13973,0
1789648980000,2463.01,2464.53,2461.04,2463.28,6102.326,1789649039999,15027276.60444,7518,1989.406,4899298.44754,0
1789649040000,2463.28,2463.82,2460.72,2460.72,2374.483,1789649099999,5846040.05076,4607,936.039,2304838.05560,0
1789649100000,2460.72,2463.79,2460.72,2462.51,5424.157,1789649159999,13358306.38646,5794,2776.195,6836183.63973,0
1789649160000,2462.51,2463.41,2461.83,2463.41,2203.245,1789649219999,5425574.63741,4055,990.513,2439178.04390,0
1789649220000,2463.41,2463.58,2461.03,2461.04,2788.458,1789649279999,6865419.27646,4280,927.397,2283331.83793,0
1789649280000,2461.03,2461.65,2459.29,2459.76,5827.495,1789649339999,14335989.58017,7798,2224.250,5471512.78558,0
1789649340000,2459.76,2459.94,2458.70,2459.46,4199.508,1789649399999,10328016.90732,3977,1783.129,4384980.08269,0
1789649400000,2459.46,2464.51,2459.45,2463.92,3925.097,1789649459999,9664597.53540,6082,2695.788,6637429.42101,0
1789649460000,2463.92,2465.64,2463.77,2463.90,3199.847,1789649519999,7886649.84265,5640,1795.371,4425080.17950,0
1789649520000,2463.90,2464.15,2461.33,2461.33,2051.167,1789649579999,5051570.75633,3331,630.524,1552972.79868,0
1789649580000,2461.32,2461.33,2460.00,2460.01,2043.005,1789649639999,5027230.94990,2928,547.019,1346063.55433,0
1789649640000,2460.00,2460.40,2459.10,2459.79,1728.899,1789649699999,4252476.35457,3205,581.544,1430375.69843,0
1789649700000,2459.79,2460.32,2457.56,2459.55,4533.854,1789649759999,11149170.24168,6559,2189.598,5384568.88345,0
1789649760000,2459.55,2460.40,2458.82,2459.74,1719.512,1789649819999,4229451.22522,3933,837.144,2059050.56126,0
1789649820000,2459.73,2462.71,2459.18,2462.71,3384.140,1789649879999,8330346.43158,4195,2306.453,5677933.48227,0
1789649880000,2462.71,2463.00,2460.57,2460.58,1471.238,1789649939999,3622670.05301,3509,574.213,1413932.03917,0
1789649940000,2460.57,2460.79,2458.55,2458.83,3185.733,1789649999999,7835313.58440,3795,977.657,2404397.27146,0
1789650000000,2458.82,2463.00,2458.17,2462.99,2552.308,1789650059999,6279526.53744,5450,1700.796,4184764.64924,0
1789650060000,2462.99,2463.98,2460.24,2461.53,6740.430,1789650119999,16599750.31317,6808,2437.685,6003299.73218,0
1789650120000,2461.52,2461.86,2458.77,2460.34,2316.161,1789650179999,5698175.69042,4987,1237.151,3043590.49903,0
1789650180000,2460.34,2461.39,2460.33,2461.39,1323.206,1789650239999,3255984.40731,3110,823.144,2025479.85273,0
1789650240000,2461.39,2462.71,2461.22,2461.40,958.099,1789650299999,2358766.87459,2852,586.977,1445084.72293,0
1789650300000,2461.40,2461.57,2459.50,2460.37,1224.682,1789650359999,3013105.11556,3130,715.751,1760918.37060,0
1789650360000,2460.37,2460.40,2458.30,2459.59,1389.431,1789650419999,3417308.63428,3869,507.418,1247944.10900,0
1789650420000,2459.59,2459.59,2457.09,2457.21,2620.059,1789650479999,6439963.95061,3657,820.661,2017131.63564,0
1789650480000,2457.21,2458.32,2456.87,2456.88,2003.560,1789650539999,4923420.35816,3156,816.757,2007125.23618,0
1789650540000,2456.87,2457.00,2455.31,2455.89,6869.304,1789650599999,16872022.99242,6079,2525.484,6203564.28084,0
1789650600000,2455.90,2456.39,2453.50,2454.99,6239.687,1789650659999,15317954.20102,6911,3891.268,9552928.31065,0
1789650660000,2455.00,2458.62,2454.59,2458.62,6426.944,1789650719999,15785424.23519,6458,4229.701,10388373.68423,0
1789650720000,2458.62,2459.46,2457.08,2457.09,2333.284,1789650779999,5736468.31684,3735,1152.660,2833743.92862,0
1789650780000,2457.09,2457.09,2455.61,2455.62,1005.747,1789650839999,2470308.87576,1793,471.405,1157800.51368,0
1789650840000,2455.61,2457.19,2455.61,2456.18,1401.791,1789650899999,3443011.51627,2617,823.525,2022678.21952,0
1789650900000,2456.17,2457.59,2455.33,2457.38,1384.302,1789650959999,3399923.70445,2948,1053.293,2586949.77520,0
1789650960000,2457.37,2459.00,2457.37,2458.25,1430.990,1789651019999,3518064.18513,3586,938.074,2306175.45328,0
1789651020000,2458.25,2458.43,2456.45,2457.93,1306.043,1789651079999,3209189.44489,2630,886.221,2177589.20989,0
1789651080000,2457.93,2459.00,2457.20,2457.77,1279.183,1789651139999,3144584.20946,2656,529.602,1301800.32335,0
1789651140000,2457.77,2457.77,2455.61,2455.62,1364.419,1789651199999,3351353.87309,2341,529.264,1299859.78748,0
1789651200000,2455.62,2457.33,2454.40,2457.10,1856.072,1789651259999,4557669.97292,3654,1001.094,2458341.59798,0
1789651260000,2457.09,2457.95,2454.43,2455.13,2070.159,1789651319999,5083416.68099,4510,998.438,2452109.92065,0
1789651320000,2455.13,2455.67,2454.64,2455.59,1249.855,1789651379999,3068800.37644,3137,432.573,1062051.62767,0
1789651380000,2455.59,2455.59,2451.90,2452.81,4104.759,1789651439999,10069153.32285,5164,1300.275,3189276.30661,0
1789651440000,2452.82,2453.15,2451.96,2452.55,2352.494,1789651499999,5769475.15116,4210,718.947,1763185.16078,0
1789651500000,2452.55,2453.17,2451.74,2452.74,2271.270,1789651559999,5569884.46790,4547,1065.668,2613417.98159,0
1789651560000,2452.75,2453.78,2451.57,2452.12,2304.356,1789651619999,5651105.33720,3792,884.723,2169880.77857,0
1789651620000,2452.13,2452.42,2451.83,2451.83,1071.454,1789651679999,2627408.01440,1667,550.220,1349233.03306,0
1789651680000,2451.84,2452.09,2451.00,2451.32,2472.577,1789651739999,6061693.48178,3461,846.449,2075091.30489,0
1789651740000,2451.32,2451.32,2450.10,2451.31,6406.249,1789651799999,15699324.52045,4839,2480.546,6078893.79525,0
1789651800000,2451.31,2454.37,2450.19,2454.37,4882.582,1789651859999,11972579.60493,9777,2784.083,6826903.89140,0
1789651860000,2454.37,2454.62,2448.16,2448.92,7082.934,1789651919999,17360381.17858,11718,2428.956,5956169.33448,0
1789651920000,2448.93,2449.82,2445.22,2446.61,6918.946,1789651979999,16932305.20482,11985,2566.371,6280062.79719,0
1789651980000,2446.61,2446.61,2443.78,2446.30,9717.600,1789652039999,23759103.23886,12114,3737.156,9137897.06264,0
1789652040000,2446.30,2446.98,2444.89,2446.03,3086.884,1789652099999,7549795.84713,6673,1694.887,4145412.66105,0
1789652100000,2446.02,2447.05,2438.95,2439.39,10679.821,1789652159999,26078975.32899,15112,4192.942,10239549.10272,0
1789652160000,2439.39,2442.83,2436.20,2437.27,11594.433,1789652219999,28284025.75303,15551,4980.270,12149982.50218,0
1789652220000,2437.26,2440.50,2434.16,2434.24,12235.239,1789652279999,29817620.61085,16983,6540.779,15941213.98247,0
1789652280000,2434.23,2436.27,2431.12,2432.16,12393.441,1789652339999,30161240.27452,16686,5168.139,12578435.95615,0
1789652340000,2432.15,2435.98,2431.55,2432.89,9787.196,1789652399999,23817163.89669,14509,4265.855,10381189.47224,0
1789652400000,2432.89,2436.43,2432.89,2436.28,6551.383,1789652459999,15953694.32163,12229,3403.512,8287945.22593,0
1789652460000,2436.28,2439.29,2436.18,2437.64,7281.600,1789652519999,17750917.79189,10043,4263.842,10394306.15134,0
1789652520000,2437.63,2440.84,2436.43,2439.45,5808.327,1789652579999,14165460.46907,8900,3243.802,7911350.61139,0
1789652580000,2439.46,2439.60,2437.00,2437.46,4208.073,1789652639999,10260690.82515,6484,1832.476,4468130.80111,0
1789652640000,2437.46,2439.25,2436.96,2438.53,3533.633,1789652699999,8615212.59837,5666,2158.726,5263080.69223,0
1789652700000,2438.54,2438.82,2436.00,2436.13,2608.800,1789652759999,6357434.91894,6238,1193.785,2909070.12693,0
1789652760000,2436.13,2441.99,2435.37,2441.66,4473.993,1789652819999,10913140.84938,7619,3153.940,7693617.59193,0
1789652820000,2441.66,2447.16,2441.28,2446.57,8760.447,1789652879999,21413210.35657,11970,6411.522,15672024.73979,0
1789652880000,2446.58,2449.16,2445.00,2447.39,7864.001,1789652939999,19244010.35048,10160,4866.501,11909545.28732,0
1789652940000,2447.38,2451.09,2447.02,2447.20,5580.066,1789652999999,13665986.54712,9353,3295.811,8071610.24189,0
1789653000000,2447.20,2452.37,2447.10,2450.47,6406.703,1789653059999,15696141.03431,9158,4525.385,11086274.22870,0
1789653060000,2450.47,2450.48,2447.77,2449.66,3004.197,1789653119999,7357350.14308,6571,1380.624,3381173.98607,0
1789653120000,2449.67,2453.83,2449.32,2453.83,3687.206,1789653179999,9041861.95145,8351,2376.954,5828570.13080,0
1789653180000,2453.82,2460.00,2453.69,2456.54,13470.585,1789653239999,33096332.71531,18414,8501.499,20885356.66013,0
1789653240000,2456.54,2457.66,2453.50,2453.59,8504.039,1789653299999,20884504.70312,10935,4171.705,10246894.72149,0
1789653300000,2453.60,2459.56,2453.60,2457.89,5801.348,1789653359999,14248942.71225,8994,2803.994,6887803.99596,0
1789653360000,2457.88,2460.76,2457.00,2459.99,8669.284,1789653419999,21321760.05623,12998,4091.238,10062400.02776,0
1789653420000,2459.99,2460.00,2457.75,2459.41,3296.090,1789653479999,8104112.93615,5029,1625.108,3995570.81529,0
1789653480000,2459.42,2459.42,2456.70,2458.77,1970.838,1789653539999,4843713.67797,4268,773.701,1901540.75744,0
1789653540000,2458.77,2462.64,2458.00,2461.26,7477.722,1789653599999,18400911.44985,9114,4235.416,10422982.69617,0
1789653600000,2461.25,2464.86,2459.09,2459.10,7389.222,1789653659999,18193291.15717,14105,3394.738,8359854.00286,0
1789653660000,2459.10,2459.11,2455.92,2457.39,6240.795,1789653719999,15334601.32720,9648,1328.068,3263248.77518,0
1789653720000,2457.40,2457.40,2453.99,2455.47,4126.348,1789653779999,10131317.70323,6856,1257.776,3087720.22657,0
1789653780000,2455.47,2456.93,2452.80,2456.47,5329.338,1789653839999,13084081.87380,7764,2288.100,5617617.97660,0
1789653840000,2456.47,2456.47,2449.08,2451.35,8710.014,1789653899999,21356693.55689,12408,2708.039,6640031.58417,0
1789653900000,2451.35,2456.53,2449.77,2455.35,4301.918,1789653959999,10555311.75355,7904,2416.402,5929811.11395,0
1789653960000,2455.35,2457.62,2454.86,2455.82,2748.133,1789654019999,6749833.97743,6776,1525.053,3745738.98887,0
1789654020000,2455.82,2456.15,2453.65,2453.66,3719.714,1789654079999,9131664.17511,4708,1162.214,2852975.64135,0
1789654080000,2453.65,2459.56,2453.65,2459.56,4045.000,1789654139999,9937645.44981,7185,2557.115,6280993.21224,0
1789654140000,2459.56,2464.36,2459.14,2463.02,7809.324,1789654199999,19227067.62784,10708,5194.403,12789981.07751,0
1789654200000,2463.01,2467.34,2462.12,2466.75,12379.987,1789654259999,30517152.91765,17858,8617.214,21241279.79032,0
1789654260000,2466.75,2470.72,2465.30,2469.65,9576.849,1789654319999,23635423.42192,13493,6845.494,16895077.55965,0
1789654320000,2469.64,2473.25,2468.45,2471.94,12031.099,1789654379999,29733959.63706,14615,7692.590,19012419.42225,0
1789654380000,2471.94,2473.70,2467.20,2468.65,11885.606,1789654439999,29360847.78933,14696,3907.902,9653512.42082,0
1789654440000,2468.65,2481.21,2468.27,2479.41,40524.504,1789654499999,100337614.29874,27889,28619.914,70866543.10615,0
1789654500000,2479.41,2480.06,2474.24,2474.58,23609.596,1789654559999,58492150.79861,23954,15500.702,38401577.99917,0
1789654560000,2474.57,2476.36,2472.20,2472.21,6344.322,1789654619999,15697845.50635,8975,3065.779,7586204.01444,0
1789654620000,2472.21,2472.65,2468.26,2468.54,8150.559,1789654679999,20136445.15894,11451,2486.648,6143541.07233,0
1789654680000,2468.54,2469.56,2467.56,2467.57,3805.274,1789654739999,9393514.54804,6680,1551.369,3829603.54187,0
1789654740000,2467.57,2469.49,2466.75,2468.98,4601.441,1789654799999,11357418.49829,8356,2105.380,5196611.46816,0
1789654800000,2468.97,2470.54,2468.46,2469.43,4459.184,1789654859999,11013298.08331,7125,2395.884,5917303.13680,0
1789654860000,2469.44,2476.94,2468.99,2475.48,11780.889,1789654919999,29153028.71595,14954,6638.697,16425897.68036,0
1789654920000,2475.48,2475.80,2473.79,2473.80,2709.155,1789654979999,6704565.55782,6977,845.547,2092524.97946,0
1789654980000,2473.80,2476.19,2473.12,2476.06,3476.521,1789655039999,8603244.86865,6399,1868.383,4623683.43430,0
1789655040000,2476.05,2477.27,2474.58,2477.27,3347.116,1789655099999,8287615.68265,5670,1807.823,4476434.90527,0
1789655100000,2477.27,2482.10,2474.66,2475.48,11240.979,1789655159999,27865595.79544,16948,6202.565,15378354.22142,0
1789655160000,2475.48,2480.29,2475.09,2479.52,4568.030,1789655219999,11318551.40152,8618,1843.879,4569332.88364,0
1789655220000,2479.52,2482.20,2479.33,2481.00,6957.612,1789655279999,17261732.56267,10369,4025.523,9987360.32721,0
1789655280000,2480.99,2484.00,2478.02,2478.17,11746.374,1789655339999,29137012.06022,15303,4659.312,11558677.23174,0
1789655340000,2478.16,2479.00,2475.93,2476.21,6615.406,1789655399999,16386956.52303,10737,1910.304,4731852.41957,0
1789655400000,2476.20,2477.42,2473.53,2476.03,6411.082,1789655459999,15868092.78055,11174,2724.112,6743097.33844,0
1789655460000,2476.04,2480.31,2476.01,2478.31,4302.123,1789655519999,10664224.51629,7689,2386.422,5915769.23403,0
1789655520000,2478.31,2478.31,2472.48,2476.35,9707.401,1789655579999,24026158.74333,12363,2674.771,6619194.70897,0
1789655580000,2476.35,2477.64,2474.16,2475.24,5148.116,1789655639999,12747237.98956,10155,1814.344,4493183.61429,0
1789655640000,2475.24,2478.25,2473.16,2475.36,11526.772,1789655699999,28533555.35567,10887,7497.271,18561045.23846,0
1789655700000,2475.37,2476.73,2472.54,2472.73,3786.508,1789655759999,9370361.37206,6270,1480.277,3663661.31210,0
1789655760000,2472.73,2472.74,2469.44,2471.32,6227.626,1789655819999,15388658.70280,10318,2739.934,6770506.13183,0
1789655820000,2471.32,2473.94,2470.31,2473.36,3353.137,1789655879999,8288515.97397,7157,1378.935,3408828.05047,0
1789655880000,2473.35,2475.07,2471.03,2473.47,10215.096,1789655939999,25267573.37144,9136,4290.937,10615544.06606,0
1789655940000,2473.47,2473.47,2470.55,2470.55,1992.103,1789655999999,4925307.51362,4463,685.438,1694711.32098,0
1789656000000,2470.56,2471.74,2470.31,2470.84,1847.929,1789656059999,4566160.57823,4180,914.299,2259157.99535,0
1789656060000,2470.83,2470.84,2468.51,2468.53,2139.561,1789656119999,5283137.73144,4663,698.017,1723696.77678,0
1789656120000,2468.53,2468.53,2465.18,2465.34,5422.897,1789656179999,13374596.69687,8755,2603.134,6419982.68328,0
1789656180000,2465.34,2466.09,2463.92,2464.25,4759.185,1789656239999,11730665.04409,9171,1973.921,4865361.36572,0
1789656240000,2464.25,2464.33,2463.09,2463.78,2600.776,1789656299999,6407587.07807,4384,1116.095,2749771.34541,0
1789656300000,2463.78,2467.42,2463.78,2467.32,3455.164,1789656359999,8521087.53486,6187,2187.939,5395718.50793,0
1789656360000,2467.31,2468.00,2466.00,2466.01,2674.099,1789656419999,6596833.95409,5192,1438.989,3549878.80109,0
1789656420000,2466.01,2466.13,2462.28,2463.04,5343.144,1789656479999,13167683.40622,9236,2995.013,7381391.53217,0
1789656480000,2463.04,2468.02,2462.71,2464.87,3060.624,1789656539999,7548754.02688,7116,1119.543,2761218.68097,0
1789656540000,2464.85,2465.73,2462.45,2465.14,1584.811,1789656599999,3904949.09161,5697,747.024,1840754.14147,0
1789656600000,2465.15,2466.08,2462.40,2462.41,2450.783,1789656659999,6039562.81811,5960,917.818,2261702.50994,0
1789656660000,2462.40,2463.59,2461.53,2463.48,1822.215,1789656719999,4487681.65158,4719,528.271,1300972.92057,0
1789656720000,2463.49,2463.49,2461.27,2461.58,2435.115,1789656779999,5994578.28960,4294,1229.128,3025582.02943,0
1789656780000,2461.58,2463.52,2461.58,2462.90,1390.647,1789656839999,3424147.03903,3630,690.837,1701085.36774,0
1789656840000,2462.89,2465.00,2462.30,2464.25,1108.688,1789656899999,2731580.10556,3380,587.927,1448546.52069,0
1789656900000,2464.25,2465.00,2463.58,2464.04,980.267,1789656959999,2415593.05297,3022,561.226,1382985.84358,0
1789656960000,2464.04,2464.04,2462.00,2463.56,1490.261,1789657019999,3670675.24981,4477,506.937,1248623.74220,0
1789657020000,2463.56,2465.33,2462.09,2463.42,1336.153,1789657079999,3291609.41798,4311,542.610,1336794.91554,0
1789657080000,2463.41,2464.66,2461.86,2462.60,1744.004,1789657139999,4295106.34551,5221,811.554,1998582.79157,0
1789657140000,2462.60,2462.61,2460.17,2460.50,2158.043,1789657199999,5311488.26908,4038,568.009,1397981.74842,0
1789657200000,2460.51,2461.01,2457.46,2458.57,5646.533,1789657259999,13884365.11636,7823,1425.355,3505272.04403,0
1789657260000,2458.57,2458.57,2453.16,2453.60,9535.773,1789657319999,23407569.77783,13538,3597.234,8829800.01412,0
1789657320000,2453.60,2456.33,2453.00,2455.71,9788.517,1789657379999,24021916.71861,10945,5338.142,13101251.35833,0
1789657380000,2455.70,2458.43,2455.00,2457.14,2779.864,1789657439999,6830334.01837,5558,1801.998,4427872.41598,0
1789657440000,2457.15,2457.22,2453.12,2453.13,3017.609,1789657499999,7407580.61985,5359,901.785,2213298.68302,0
1789657500000,2453.12,2453.49,2447.56,2447.78,10917.721,1789657559999,26753078.63603,11951,2659.807,6518261.72117,0
1789657560000,2447.78,2451.38,2447.77,2450.56,5080.356,1789657619999,12444283.20458,8228,2886.011,7069307.10988,0
1789657620000,2450.56,2452.01,2448.24,2450.89,4739.698,1789657679999,11611882.78776,7346,3706.951,9081987.29786,0
1789657680000,2450.90,2453.64,2449.89,2453.32,3346.215,1789657739999,8204976.47309,6258,2426.036,5948632.69813,0
1789657740000,2453.32,2453.56,2450.92,2452.12,2258.743,1789657799999,5538434.33573,6077,1056.014,2589161.22240,0
1789657800000,2452.12,2452.12,2449.60,2450.07,2084.432,1789657859999,5108972.67212,4795,1086.091,2662114.74174,0
1789657860000,2450.07,2450.84,2448.47,2449.89,2835.256,1789657919999,6945224.50115,6136,1690.030,4139696.94934,0
1789657920000,2449.88,2450.90,2449.00,2449.01,1565.036,1789657979999,3834287.58722,2830,923.773,2263228.93733,0
1789657980000,2449.00,2450.21,2447.09,2450.21,4860.907,1789658039999,11899820.32298,7642,1687.123,4130391.79113,0
1789658040000,2450.21,2450.81,2448.61,2450.41,1656.200,1789658099999,4057372.03439,4018,927.204,2271445.85509,0
1789658100000,2450.40,2452.36,2447.85,2449.02,7600.612,1789658159999,18624272.21512,9198,4473.873,10963472.68184,0
1789658160000,2449.02,2454.01,2449.02,2452.99,4933.375,1789658219999,12098422.98829,9179,3194.776,7834765.14616,0
1789658220000,2452.98,2454.82,2452.08,2454.21,4555.658,1789658279999,11176420.04095,6890,3008.950,7382217.41290,0
1789658280000,2454.21,2455.44,2453.40,2455.25,6207.153,1789658339999,15234337.91723,8077,4127.208,10129418.98739,0
1789658340000,2455.25,2455.88,2451.53,2452.01,2800.443,1789658399999,6871381.20455,4154,1201.615,2948406.41886,0
1789658400000,2452.01,2452.11,2450.12,2451.10,1952.333,1789658459999,4785422.19928,4409,1046.633,2565447.37315,0
1789658460000,2451.11,2453.54,2451.11,2452.34,2550.450,1789658519999,6254547.82874,4775,1326.145,3251900.58158,0
1789658520000,2452.34,2452.62,2450.12,2452.41,1951.943,1789658579999,4784094.20707,4291,775.201,1900014.21048,0
1789658580000,2452.41,2452.41,2450.07,2450.08,854.266,1789658639999,2094269.94969,2850,342.564,839918.45615,0
1789658640000,2450.08,2451.90,2449.75,2450.67,1998.118,1789658699999,4896713.60012,4130,857.056,2100605.42419,0
1789658700000,2450.66,2454.01,2450.54,2452.74,1546.276,1789658759999,3792543.09312,3948,1114.938,2734659.18921,0
1789658760000,2452.74,2453.01,2450.29,2450.71,986.834,1789658819999,2419305.27287,3260,544.640,1335211.00701,0
1789658820000,2450.71,2453.48,2450.70,2453.17,709.762,1789658879999,1740528.27044,3451,590.434,1447891.25950,0
1789658880000,2453.17,2453.71,2452.49,2453.63,1159.069,1789658939999,2843631.08070,2191,438.571,1075866.83915,0
1789658940000,2453.63,2455.31,2453.63,2454.98,2268.228,1789658999999,5567712.64584,4460,1450.685,3560876.68029,0
1789659000000,2454.99,2455.99,2453.86,2455.01,2283.504,1789659059999,5606260.39231,5531,893.240,2192802.98113,0
1789659060000,2455.00,2457.56,2455.00,2456.44,3431.062,1789659119999,8429459.65916,5160,2305.386,5663530.14379,0
1789659120000,2456.44,2458.17,2456.04,2456.05,2255.878,1789659179999,5542878.77366,4512,1125.405,2765461.37569,0
1789659180000,2456.04,2457.88,2456.04,2457.04,1618.173,1789659239999,3975779.20414,3615,943.722,2318690.63614,0
1789659240000,2457.03,2457.94,2456.93,2457.32,926.304,1789659299999,2276255.99976,3169,648.010,1592376.38655,0
1789659300000,2457.33,2462.92,2456.59,2462.92,6515.236,1789659359999,16032469.64644,10195,4588.016,11289624.04171,0
1789659360000,2462.92,2467.31,2462.91,2465.49,7180.555,1789659419999,17700035.73471,11595,5538.851,13652575.36466,0
1789659420000,2465.50,2466.97,2464.75,2466.96,2906.660,1789659479999,7167747.37372,5894,1936.927,4776593.06964,0
1789659480000,2466.96,2466.97,2462.70,2464.59,4365.211,1789659539999,10758550.60206,6596,1385.805,3415390.81929,0
1789659540000,2464.59,2471.04,2464.17,2470.53,14127.282,1789659599999,34880696.32249,10468,8979.377,22167855.91074,0
1789659600000,2470.54,2473.58,2469.44,2473.49,6434.042,1789659659999,15902209.82165,10194,4382.396,10832291.25923,0
1789659660000,2473.50,2476.92,2473.07,2476.26,7317.669,1789659719999,18112528.85082,12424,4325.795,10707062.61470,0
1789659720000,2476.27,2477.26,2473.19,2473.72,5371.718,1789659779999,13295837.08073,8670,1829.709,4528811.82607,0
1789659780000,2473.72,2473.73,2471.00,2471.16,4880.379,1789659839999,12065607.02966,8155,2122.890,5248459.93743,0
1789659840000,2471.16,2471.68,2469.66,2470.99,3323.643,1789659899999,8211657.21328,5111,1233.478,3047566.86318,0
1789659900000,2470.99,2471.00,2469.47,2469.48,2987.465,1789659959999,7380157.20160,4279,799.798,1975731.78271,0
1789659960000,2469.47,2470.04,2466.80,2467.97,6507.334,1789660019999,16064023.65670,7220,2687.959,6635948.26681,0
1789660020000,2467.96,2469.00,2466.97,2467.87,2677.325,1789660079999,6607778.41945,5028,1260.042,3109637.38469,0
1789660080000,2467.86,2469.00,2467.44,2467.50,2144.163,1789660139999,5292075.21149,4491,918.881,2267895.54980,0
1789660140000,2467.49,2468.18,2466.83,2467.15,1702.277,1789660199999,4200478.84221,3115,735.975,1816101.40094,0
1789660200000,2467.15,2467.76,2465.69,2467.61,2080.916,1789660259999,5133007.32819,4423,978.002,2412498.90025,0
1789660260000,2467.61,2469.40,2467.25,2468.39,1610.840,1789660319999,3976414.19527,4218,912.223,2251790.10581,0
1789660320000,2468.38,2470.79,2467.77,2470.20,1498.844,1789660379999,3701194.97020,4302,778.415,1922228.76491,0
1789660380000,2470.20,2473.20,2470.20,2470.40,3513.437,1789660439999,8684406.49097,6323,2241.642,5540741.17549,0
1789660440000,2470.39,2470.40,2468.56,2469.30,1506.481,1789660499999,3720680.54211,3132,474.199,1171075.27384,0
1789660500000,2469.30,2469.30,2467.33,2468.06,1048.812,1789660559999,2588504.73982,3137,457.063,1128023.45188,0
1789660560000,2468.06,2468.06,2466.16,2467.23,1559.650,1789660619999,3847637.41042,3220,542.331,1337912.94404,0
1789660620000,2467.23,2468.96,2467.12,2468.76,1263.207,1789660679999,3117768.13808,3168,908.201,2241563.33654,0
1789660680000,2468.76,2469.72,2468.50,2469.72,861.144,1789660739999,2126253.51066,2824,448.625,1107705.26052,0
1789660740000,2469.72,2469.93,2467.74,2469.46,1781.311,1789660799999,4397915.42700,3459,734.527,1813456.95323,0
1789660800000,2469.47,2469.96,2468.00,2468.14,1871.887,1789660859999,4621461.93952,3569,897.910,2216802.13047,0
1789660860000,2468.15,2470.40,2468.14,2470.36,2281.005,1789660919999,5632669.14721,4807,1604.852,3963055.50754,0
1789660920000,2470.36,2471.77,2469.84,2471.77,4281.188,1789660979999,10578963.29226,6138,2450.293,6054731.05802,0
1789660980000,2471.76,2472.44,2471.00,2471.47,1355.879,1789661039999,3351580.55496,2936,680.340,1681684.47301,0
1789661040000,2471.46,2472.80,2469.15,2469.70,3023.479,1789661099999,7470681.77563,5240,1827.055,4514154.83319,0
1789661100000,2469.71,2471.75,2469.70,2470.05,1276.810,1789661159999,3154567.50168,4139,722.739,1785577.25851,0
1789661160000,2470.06,2470.35,2467.00,2467.87,1990.214,1789661219999,4911900.69404,4766,684.137,1688381.11997,0
1789661220000,2467.86,2469.77,2467.70,2469.00,995.344,1789661279999,2456961.41467,3358,499.070,1231899.51056,0
1789661280000,2469.00,2469.00,2468.07,2469.00,1861.804,1789661339999,4596059.37899,3483,414.082,1022176.24580,0
1789661340000,2468.99,2471.45,2468.60,2470.89,1095.985,1789661399999,2707426.69528,3045,661.685,1634563.41367,0
1789661400000,2470.88,2470.89,2467.73,2467.74,1598.113,1789661459999,3946356.71611,3840,458.269,1131773.43327,0
1789661460000,2467.74,2469.95,2467.73,2469.56,878.839,1789661519999,2169620.96586,2777,465.760,1149710.53091,0
1789661520000,2469.55,2469.93,2468.75,2469.50,1456.116,1789661579999,3595852.53626,2272,796.831,1967829.51135,0
1789661580000,2469.51,2469.51,2468.27,2468.39,521.218,1789661639999,1286840.82377,2624,198.082,489034.20367,0
1789661640000,2468.38,2469.55,2468.38,2469.37,1227.806,1789661699999,3031553.38239,2101,1033.340,2551376.88567,0
1789661700000,2469.37,2470.31,2468.04,2470.31,1531.211,1789661759999,3780974.66794,3136,1027.268,2536788.67366,0
1789661760000,2470.31,2470.36,2469.74,2469.75,603.166,1789661819999,1489887.56478,2278,362.498,895401.92345,0
1789661820000,2469.74,2471.00,2469.74,2470.49,1046.313,1789661879999,2585144.07242,2170,846.926,2092525.24515,0
1789661880000,2470.49,2470.49,2468.50,2468.74,630.862,1789661939999,1557848.41968,2092,103.915,256579.53163,0
1789661940000,2468.74,2468.75,2467.38,2467.77,1112.919,1789661999999,2746826.32345,2863,340.866,841238.32823,0
1789662000000,2467.78,2467.95,2465.40,2465.52,2448.546,1789662059999,6038480.75735,3463,464.737,1146156.13059,0
1789662060000,2465.52,2467.38,2465.33,2467.38,2804.598,1789662119999,6915578.56675,4835,1248.562,3078852.54699,0
1789662120000,2467.38,2470.22,2467.38,2468.61,1741.841,1789662179999,4301019.18916,4039,1153.543,2848368.89499,0
1789662180000,2468.61,2470.60,2468.61,2470.60,653.703,1789662239999,1614682.03436,1766,396.067,978221.80443,0
1789662240000,2470.59,2470.59,2469.47,2469.48,508.263,1789662299999,1255451.94477,1905,269.417,665477.85085,0
1789662300000,2469.47,2469.73,2466.13,2466.14,716.700,1789662359999,1769060.97291,2746,178.257,440024.64210,0
1789662360000,2466.14,2467.63,2465.58,2467.62,1677.919,1789662419999,4138314.73953,3611,1269.013,3129833.82199,0
1789662420000,2467.61,2468.16,2466.71,2467.57,597.029,1789662479999,1473122.29340,2372,213.457,526653.58452,0
1789662480000,2467.57,2467.95,2467.12,2467.60,560.527,1789662539999,1383127.26306,1417,158.838,391933.55895,0
1789662540000,2467.60,2468.50,2467.60,2468.25,509.578,1789662599999,1257619.87845,1265,254.854,628966.59846,0
1789662600000,2468.24,2468.25,2466.48,2466.49,1244.243,1789662659999,3070065.43750,2055,575.832,1420780.92282,0
1789662660000,2466.48,2467.80,2465.58,2465.59,2734.422,1789662719999,6744475.26660,4610,1379.730,3403217.50488,0
1789662720000,2465.59,2465.59,2464.07,2464.07,4587.173,1789662779999,11306734.91802,3348,985.490,2429001.48008,0
1789662780000,2464.07,2464.07,2458.51,2458.97,6512.026,1789662839999,16028581.24950,9239,1914.421,4711814.60459,0
1789662840000,2458.97,2459.15,2453.68,2458.20,14446.723,1789662899999,35484247.29663,18162,6442.120,15822426.49857,0
1789662900000,2458.20,2463.24,2457.98,2462.41,4784.228,1789662959999,11771243.53533,7628,2781.908,6845568.88815,0
1789662960000,2462.41,2463.43,2461.21,2463.21,4208.218,1789663019999,10362641.98303,5791,2080.362,5123186.75606,0
1789663020000,2463.21,2463.22,2458.57,2461.08,2834.094,1789663079999,6973237.96200,4762,698.584,1718296.60507,0
1789663080000,2461.08,2461.81,2460.13,2461.81,1526.977,1789663139999,3757338.47040,3370,867.419,2134346.18668,0
1789663140000,2461.82,2463.44,2461.82,2462.95,1699.121,1789663199999,4184457.96725,3352,1061.350,2613705.34350,0
1789663200000,2462.96,2463.29,2461.11,2461.59,2365.817,1789663259999,5825070.02944,4272,567.343,1396796.42309,0
1789663260000,2461.59,2461.80,2459.26,2460.06,10380.347,1789663319999,25536553.59179,5032,8154.128,20059052.69939,0
1789663320000,2460.06,2462.38,2459.85,2462.38,848.637,1789663379999,2088509.75520,2378,432.010,1063202.48246,0
1789663380000,2462.38,2462.38,2461.36,2462.37,394.147,1789663439999,970379.86410,1797,198.058,487603.15620,0
1789663440000,2462.37,2463.92,2462.37,2463.72,2216.895,1789663499999,5461016.63620,2333,1835.205,4520674.98534,0
1789663500000,2463.73,2464.36,2463.02,2463.89,1100.985,1789663559999,2712571.02808,2957,700.648,1726270.91987,0
1789663560000,2463.88,2464.81,2463.00,2464.80,615.600,1789663619999,1516631.98196,1765,384.385,947038.21548,0
1789663620000,2464.81,2465.34,2460.13,2460.49,3443.079,1789663679999,8481689.02487,5875,1512.184,3724618.87034,0
1789663680000,2460.49,2462.16,2458.78,2459.41,2382.974,1789663739999,5861624.63891,5247,740.816,1822349.10357,0
1789663740000,2459.40,2461.36,2459.40,2460.62,718.786,1789663799999,1768459.88353,2670,438.692,1079336.60801,0
1789663800000,2460.61,2462.35,2460.61,2461.52,463.101,1789663859999,1139925.44492,1959,292.277,719410.91677,0
1789663860000,2461.52,2463.65,2461.51,2462.14,1529.354,1789663919999,3766123.50263,3652,959.208,2361973.91632,0
1789663920000,2462.14,2462.60,2461.43,2462.38,659.983,1789663979999,1625035.09752,2115,172.912,425742.15199,0
1789663980000,2462.38,2466.57,2461.78,2465.32,4771.313,1789664039999,11760480.35830,7029,3544.435,8735971.37945,0
1789664040000,2465.32,2466.45,2463.97,2464.10,3009.131,1789664099999,7418450.25148,3840,1561.973,3851310.06249,0
1789664100000,2464.10,2466.08,2461.14,2462.49,4502.458,1789664159999,11090950.13322,11766,1833.541,4516403.26978,0
1789664160000,2462.49,2465.04,2462.48,2464.94,1580.018,1789664219999,3892876.45010,5504,1121.869,2764088.77427,0
1789664220000,2464.93,2466.39,2464.29,2465.32,1955.712,1789664279999,4821310.94906,3968,967.258,2384349.28466,0
1789664280000,2465.32,2468.63,2465.32,2468.63,3036.405,1789664339999,7491639.98118,5296,1981.678,4889186.72675,0
1789664340000,2468.62,2469.70,2467.82,2469.59,1838.655,1789664399999,4538601.13174,2844,1039.751,2566617.32783,0
1789664400000,2469.59,2470.50,2469.03,2470.38,2936.017,1789664459999,7251899.11694,4442,1424.723,3518911.07155,0
1789664460000,2470.38,2470.38,2467.70,2470.20,5577.858,1789664519999,13772393.52833,6267,3099.395,7652753.47078,0
1789664520000,2470.19,2472.72,2470.19,2472.72,3174.448,1789664579999,7845828.76626,6193,2440.980,6033151.26489,0
1789664580000,2472.71,2474.00,2471.82,2472.89,3417.141,1789664639999,8450899.04271,6606,1984.496,4907940.92442,0
1789664640000,2472.89,2475.00,2472.72,2474.99,2729.700,1789664699999,6752949.43980,4709,1761.601,4358060.60671,0
1789664700000,2475.00,2475.20,2471.62,2472.20,3345.745,1789664759999,8274797.00393,5906,950.591,2351488.56775,0
1789664760000,2472.19,2474.31,2472.00,2472.48,1544.603,1789664819999,3819888.71835,4251,813.296,2011215.74047,0
1789664820000,2472.48,2473.98,2472.04,2473.68,1762.234,1789664879999,4358117.94907,2639,927.380,2293572.57674,0
1789664880000,2473.67,2474.62,2473.32,2473.44,1419.545,1789664939999,3511754.61729,2864,742.617,1837083.29691,0
1789664940000,2473.43,2473.61,2471.41,2473.00,2161.896,1789664999999,5345311.91428,3675,800.340,1978695.84635,0
1789665000000,2472.99,2473.00,2470.93,2471.47,1385.474,1789665059999,3424285.65342,2953,334.458,826591.92882,0
1789665060000,2471.48,2471.68,2470.08,2470.32,950.039,1789665119999,2347607.13228,2891,407.220,1006247.36425,0
1789665120000,2470.31,2470.31,2468.90,2468.90,3106.554,1789665179999,7671885.38538,4746,1176.466,2905188.79083,0
1789665180000,2468.90,2469.72,2468.72,2468.75,781.062,1789665239999,1928592.20823,1840,255.583,631119.34302,0
1789665240000,2468.74,2468.74,2468.24,2468.27,902.357,1789665299999,2227525.46182,1598,260.688,643505.15425,0
1789665300000,2468.27,2468.98,2467.45,2467.54,1921.440,1789665359999,4742792.91972,3313,344.285,849860.85227,0
1789665360000,2467.54,2467.75,2466.04,2466.42,2492.994,1789665419999,6150001.24010,3833,537.534,1325956.31988,0
1789665420000,2466.41,2469.41,2466.18,2469.17,1255.053,1789665479999,3097133.92162,3018,667.839,1648197.82950,0
1789665480000,2469.16,2469.85,2469.01,2469.80,645.876,1789665539999,1594972.57519,1687,424.141,1047389.45081,0
1789665540000,2469.80,2470.61,2469.80,2470.00,888.331,1789665599999,2194443.25085,1645,546.182,1349174.98327,0
1789665600000,2470.00,2471.29,2469.85,2470.88,1399.650,1789665659999,3458142.64044,2541,993.938,2455797.60495,0
1789665660000,2470.88,2472.28,2470.11,2471.59,2256.934,1789665719999,5577502.74047,3438,996.116,2461639.37985,0
1789665720000,2471.59,2473.34,2471.59,2473.33,1111.116,1789665779999,2747404.81036,2047,951.991,2353923.59827,0
1789665780000,2473.34,2476.40,2472.51,2475.71,5342.272,1789665839999,13218716.84790,8727,3944.634,9760317.22123,0
1789665840000,2475.72,2475.72,2472.29,2472.87,1643.392,1789665899999,4066009.75161,3916,969.093,2397705.33858,0
1789665900000,2472.87,2473.40,2472.53,2473.23,803.162,1789665959999,1986214.19302,2112,362.685,896895.45495,0
1789665960000,2473.24,2473.24,2470.57,2471.06,1753.017,1789666019999,4332248.39954,3318,330.098,815757.64628,0
1789666020000,2471.06,2472.95,2471.06,2472.51,612.864,1789666079999,1515168.31656,2064,285.037,704647.98375,0
1789666080000,2472.52,2472.52,2470.80,2471.23,568.957,1789666139999,1406117.69908,1429,144.820,357888.77801,0
1789666140000,2471.22,2472.66,2470.26,2472.53,931.220,1789666199999,2301603.91970,2100,639.064,1579616.99216,0
1789666200000,2472.53,2472.72,2469.59,2469.83,1774.873,1789666259999,4386081.43651,3769,389.906,963514.00883,0
1789666260000,2469.84,2469.84,2468.39,2469.26,1403.707,1789666319999,3465674.39321,3377,619.431,1529319.97012,0
1789666320000,2469.27,2470.78,2469.26,2469.92,643.630,1789666379999,1589865.75023,2443,412.307,1018436.26721,0
1789666380000,2469.93,2472.00,2469.55,2471.13,582.648,1789666439999,1439757.26146,2448,319.991,790660.62982,0
1789666440000,2471.13,2472.45,2470.42,2472.23,1510.072,1789666499999,3732747.04410,2332,1293.405,3197204.98198,0
1789666500000,2472.22,2472.61,2470.31,2470.67,1066.885,1789666559999,2636775.85282,2879,513.556,1269251.00757,0
1789666560000,2470.67,2470.70,2469.60,2469.98,1795.200,1789666619999,4434406.29766,1914,338.454,835999.61790,0
1789666620000,2469.98,2471.30,2468.07,2468.07,2478.202,1789666679999,6120377.85131,3578,1131.986,2796184.70299,0
1789666680000,2468.07,2469.73,2467.73,2469.58,948.090,1789666739999,2340404.14218,2677,423.759,1046092.42329,0
1789666740000,2469.58,2469.65,2467.40,2467.85,1425.827,1789666799999,3519513.86382,2773,489.501,1208244.25213,0
1789666800000,2467.84,2469.06,2467.84,2468.58,660.935,1789666859999,1631374.98579,1742,373.893,922831.06106,0
1789666860000,2468.57,2470.58,2468.57,2469.75,976.119,1789666919999,2410889.38902,2695,407.542,1006548.67045,0
1789666920000,2469.76,2470.37,2468.00,2468.07,2050.877,1789666979999,5064067.46418,2931,721.570,1781590.80135,0
1789666980000,2468.07,2469.27,2467.86,2467.87,1007.212,1789667039999,2486097.66502,1881,793.579,1958789.94171,0
1789667040000,2467.86,2467.86,2463.80,2464.09,7746.349,1789667099999,19092879.31995,5202,3743.223,9224639.92717,0
1789667100000,2464.09,2464.32,2463.00,2463.00,2635.719,1789667159999,6493475.21420,3883,1076.995,2653318.08031,0
1789667160000,2463.00,2464.56,2461.78,2461.84,7753.207,1789667219999,19092937.83821,5817,2866.086,7057620.40991,0
1789667220000,2461.84,2463.31,2461.77,2461.80,2561.160,1789667279999,6306743.75563,4226,1282.209,3157367.32764,0
1789667280000,2461.81,2461.81,2459.46,2459.47,3237.727,1789667339999,7966470.62147,5029,1159.133,2851910.44429,0
1789667340000,2459.46,2461.09,2459.01,2461.08,4569.063,1789667399999,11239919.35665,6450,2387.090,5872448.19938,0
1789667400000,2461.09,2463.26,2460.55,2461.56,2063.096,1789667459999,5079397.64332,4103,1233.219,3036345.14885,0
1789667460000,2461.56,2461.57,2459.50,2460.33,3174.919,1789667519999,7810724.53084,3339,2161.472,5317365.08865,0
1789667520000,2460.33,2460.62,2459.00,2459.01,1999.677,1789667579999,4918638.06945,2333,657.626,1617554.97610,0
1789667580000,2459.00,2460.46,2459.00,2460.15,1259.085,1789667639999,3097167.42741,1912,660.562,1624778.07376,0
1789667640000,2460.14,2460.29,2459.44,2460.01,864.844,1789667699999,2127517.09919,1449,467.580,1150233.51495,0
1789667700000,2460.00,2462.00,2460.00,2462.00,1043.438,1789667759999,2568233.05979,2716,842.027,2072508.03386,0
1789667760000,2461.99,2462.65,2461.78,2462.19,807.844,1789667819999,1989126.03513,1475,545.887,1344126.63224,0
1789667820000,2462.20,2462.95,2462.09,2462.88,736.667,1789667879999,1814117.18990,1342,641.541,1579869.00368,0
1789667880000,2462.89,2462.89,2461.59,2461.80,567.279,1789667939999,1396743.28596,1273,216.874,533962.89115,0
1789667940000,2461.79,2461.92,2461.32,2461.90,469.918,1789667999999,1156788.41290,1123,292.788,720745.52984,0
1789668000000,2461.90,2462.18,2461.01,2461.25,2154.031,1789668059999,5302141.52401,3276,1105.493,2721078.81925,0
1789668060000,2461.25,2461.34,2460.21,2460.22,1085.116,1789668119999,2670398.50430,2118,188.091,462869.56768,0
1789668120000,2460.21,2461.00,2460.00,2460.89,647.364,1789668179999,1592818.12422,1526,343.570,845285.28158,0
1789668180000,2460.89,2460.89,2459.82,2460.31,1099.288,1789668239999,2704555.84643,2430,376.318,925788.36731,0
1789668240000,2460.32,2460.98,2459.84,2459.98,642.546,1789668299999,1580769.30751,1902,396.605,975666.93596,0
1789668300000,2459.98,2460.57,2459.00,2459.05,823.929,1789668359999,2026519.04486,2149,328.406,807781.38819,0
1789668360000,2459.05,2460.00,2458.70,2458.71,625.621,1789668419999,1538767.88820,2238,196.276,482751.41474,0
1789668420000,2458.70,2459.87,2458.43,2459.71,1011.042,1789668479999,2486137.51073,2184,409.511,1007046.19523,0
1789668480000,2459.70,2459.71,2458.76,2458.93,414.710,1789668539999,1019829.41174,1785,129.816,319217.63176,0
1789668540000,2458.93,2458.93,2458.12,2458.19,723.854,1789668599999,1779435.66827,1570,418.945,1029862.89479,0
1789668600000,2458.18,2458.82,2458.12,2458.29,419.504,1789668659999,1031287.08138,1413,183.619,451380.32694,0
1789668660000,2458.28,2459.76,2458.28,2459.31,977.583,1789668719999,2404057.96177,2019,698.389,1717456.59557,0
1789668720000,2459.30,2460.64,2459.30,2460.50,1489.431,1789668779999,3663819.19101,2047,869.727,2139348.81337,0
1789668780000,2460.51,2460.92,2460.08,2460.92,711.768,1789668839999,1751199.91100,1365,398.346,980064.76960,0
1789668840000,2460.91,2461.36,2460.86,2461.16,986.728,1789668899999,2428479.20335,1406,394.253,970303.36111,0
1789668900000,2461.15,2461.28,2460.56,2461.18,1663.518,1789668959999,4093860.48483,2180,789.915,1943896.29637,0
1789668960000,2461.18,2462.21,2460.55,2460.90,1469.473,1789669019999,3617479.85780,2596,576.580,1419364.41814,0
1789669020000,2460.91,2460.91,2460.35,2460.91,706.021,1789669079999,1737282.42967,1334,264.638,651163.74475,0
1789669080000,2460.91,2460.91,2460.13,2460.14,184.378,1789669139999,453650.48953,832,66.190,162840.81487,0
1789669140000,2460.15,2461.66,2460.14,2461.65,655.865,1789669199999,1613791.01813,2074,415.607,1022606.64592,0
1789669200000,2461.66,2462.33,2460.64,2460.96,1285.073,1789669259999,3163650.38390,2009,732.163,1802429.06800,0
1789669260000,2460.97,2462.01,2460.36,2461.79,884.891,1789669319999,2177601.86136,1992,652.476,1605632.96372,0
1789669320000,2461.79,2462.32,2461.25,2462.32,698.158,1789669379999,1718680.27477,1695,497.490,1224687.60511,0
1789669380000,2462.31,2462.32,2460.42,2460.76,1279.891,1789669439999,3150122.39960,2436,366.097,901085.07728,0
1789669440000,2460.75,2460.77,2459.54,2459.55,904.383,1789669499999,2225097.66572,1758,258.891,636970.62961,0
1789669500000,2459.55,2460.68,2459.55,2459.84,725.474,1789669559999,1784686.55138,2024,337.279,829696.65580,0
1789669560000,2459.84,2461.00,2459.31,2460.99,672.324,1789669619999,1653976.90596,1951,194.018,477273.70290,0
1789669620000,2461.00,2461.18,2460.54,2460.54,535.174,1789669679999,1317020.12896,1050,89.759,220883.72900,0
1789669680000,2460.55,2460.55,2459.77,2459.99,459.080,1789669739999,1129269.63481,846,158.151,389019.26584,0
1789669740000,2460.00,2460.32,2459.48,2459.67,378.418,1789669799999,930854.14987,920,128.276,315524.88047,0
1789669800000,2459.68,2460.84,2458.18,2458.20,2390.073,1789669859999,5878996.07308,3105,1032.120,2539009.23224,0
1789669860000,2458.20,2459.68,2457.72,2458.15,1566.377,1789669919999,3850796.19396,3324,362.323,890706.88346,0
1789669920000,2458.16,2458.20,2457.90,2457.97,606.061,1789669979999,1489742.95938,1003,264.994,651374.70314,0
1789669980000,2457.98,2458.21,2456.75,2456.88,1020.908,1789670039999,2508675.11669,3129,334.165,821152.92299,0
1789670040000,2456.87,2456.87,2453.22,2454.99,5744.903,1789670099999,14100859.55896,8808,2461.332,6040701.18602,0
1789670100000,2454.98,2456.16,2454.73,2456.14,1533.845,1789670159999,3766460.06671,3539,615.273,1510822.24262,0
1789670160000,2456.14,2456.15,2453.80,2455.21,1914.028,1789670219999,4698814.10763,3647,722.075,1772602.71024,0
1789670220000,2455.20,2455.21,2453.40,2453.40,1210.655,1789670279999,2971050.17887,2563,237.807,583642.03140,0
1789670280000,2453.40,2453.41,2448.48,2450.64,11612.919,1789670339999,28457669.84098,8310,3104.699,7608579.25767,0
1789670340000,2450.65,2451.41,2448.58,2448.71,3574.713,1789670399999,8758392.64706,6415,1381.736,3385709.34003,0
1789670400000,2448.71,2452.50,2448.71,2452.50,2639.783,1789670459999,6469860.66111,4045,1998.557,4897961.14441,0
1789670460000,2452.50,2453.40,2452.28,2452.92,1449.532,1789670519999,3555576.78334,2170,825.605,2025117.89943,0
1789670520000,2452.92,2452.93,2451.91,2452.39,751.158,1789670579999,1842190.06565,1794,368.550,903819.40238,0
1789670580000,2452.40,2454.04,2452.39,2454.04,1192.156,1789670639999,2924930.41189,2061,908.240,2228338.63628,0
1789670640000,2454.04,2454.81,2454.03,2454.24,930.159,1789670699999,2282949.91028,1438,635.983,1560927.54087,0
1789670700000,2454.25,2456.19,2454.24,2456.19,1124.384,1789670759999,2760793.54454,2102,888.446,2181462.57314,0
1789670760000,2456.19,2457.87,2454.27,2454.32,2835.603,1789670819999,6964628.69401,4509,998.175,2451644.82535,0
1789670820000,2454.32,2454.59,2453.43,2454.18,761.848,1789670879999,1869540.00179,2197,346.094,849282.48538,0
1789670880000,2454.18,2456.33,2454.17,2456.33,1305.403,1789670939999,3204788.32704,1979,687.798,1688498.68006,0
1789670940000,2456.33,2456.83,2456.32,2456.55,543.718,1789670999999,1335710.57898,1217,317.262,779372.76396,0
1789671000000,2456.55,2456.55,2453.41,2453.62,546.849,1789671059999,1342358.43221,2144,180.550,443059.71861,0
1789671060000,2453.63,2454.23,2453.43,2453.93,682.589,1789671119999,1675004.71884,1472,192.155,471510.67381,0
1789671120000,2453.93,2456.22,2453.77,2454.59,2072.812,1789671179999,5088969.89498,2700,1279.599,3141524.15190,0
1789671180000,2454.58,2454.58,2452.99,2454.00,1609.506,1789671239999,3949262.41179,3040,459.971,1128684.49183,0
1789671240000,2453.99,2453.99,2453.17,2453.64,364.710,1789671299999,894775.35498,1243,217.940,534682.79741,0
1789671300000,2453.64,2454.31,2452.99,2452.99,636.406,1789671359999,1561602.80883,1485,104.982,257605.14132,0
1789671360000,2452.99,2452.99,2451.40,2451.40,723.560,1789671419999,1774082.83495,1598,267.618,656114.77149,0
1789671420000,2451.41,2452.09,2451.23,2451.53,618.762,1789671479999,1516957.44400,1440,337.534,827477.03038,0
1789671480000,2451.53,2452.00,2451.38,2451.56,428.385,1789671539999,1050236.91178,874,243.951,598069.85817,0
1789671540000,2451.55,2451.55,2450.76,2450.76,732.039,1789671599999,1794398.75022,1334,194.899,477692.50975,0
1789671600000,2450.76,2452.30,2450.36,2452.14,698.237,1789671659999,1711467.88661,1810,526.205,1289792.37869,0
1789671660000,2452.13,2452.13,2450.45,2450.50,822.757,1789671719999,2016556.32024,1953,384.078,941404.83579,0
1789671720000,2450.50,2453.69,2450.33,2453.46,1687.019,1789671779999,4137410.69223,3078,1267.086,3107332.20761,0
1789671780000,2453.46,2453.80,2452.76,2452.77,683.656,1789671839999,1677277.52733,1946,355.329,871775.41423,0
1789671840000,2452.77,2453.47,2452.76,2453.11,668.708,1789671899999,1640468.53799,1617,385.155,944823.53831,0
1789671900000,2453.11,2453.91,2453.10,2453.82,697.234,1789671959999,1710695.12051,1475,389.359,955245.75714,0
1789671960000,2453.81,2454.41,2453.45,2453.94,765.708,1789672019999,1879007.56654,2182,457.970,1123822.61244,0
1789672020000,2453.94,2453.94,2453.28,2453.82,433.395,1789672079999,1063333.47789,1075,269.399,660953.46173,0
1789672080000,2453.81,2453.82,2452.38,2452.39,448.460,1789672139999,1100126.17982,1133,98.277,241092.01675,0
1789672140000,2452.38,2452.39,2451.11,2452.21,1393.241,1789672199999,3415705.21666,2495,670.523,1643923.10049,0
1789672200000,2452.20,2452.42,2451.80,2452.14,355.368,1789672259999,871403.13825,993,208.136,510361.05922,0
1789672260000,2452.15,2452.15,2450.50,2450.50,1015.511,1789672319999,2489313.53924,1942,151.795,372015.08989,0
1789672320000,2450.51,2451.40,2450.50,2450.83,677.471,1789672379999,1660418.63471,2058,256.986,629820.57545,0
1789672380000,2450.83,2451.04,2450.50,2450.85,402.300,1789672439999,985914.67743,1154,238.362,584138.20012,0
1789672440000,2450.85,2450.85,2450.19,2450.19,648.125,1789672499999,1588219.04491,1070,191.161,468442.50818,0
1789672500000,2450.20,2450.20,2449.71,2450.11,543.492,1789672559999,1331536.64225,1102,291.044,713032.83032,0
1789672560000,2450.11,2450.11,2448.71,2448.93,2044.623,1789672619999,5007882.45661,2869,468.416,1147220.28131,0
1789672620000,2448.93,2449.44,2448.65,2449.41,755.751,1789672679999,1850814.20800,1513,499.157,1222419.65002,0
1789672680000,2449.42,2449.58,2448.58,2448.92,473.481,1789672739999,1159577.33203,1154,191.824,469748.39652,0
1789672740000,2448.91,2450.52,2448.80,2450.43,528.836,1789672799999,1295525.47723,1798,346.452,848741.07014,0
1789672800000,2450.43,2451.85,2450.36,2451.69,805.530,1789672859999,1974525.99952,2285,684.932,1678908.05447,0
1789672860000,2451.70,2452.61,2451.54,2452.61,968.023,1789672919999,2373570.06840,1983,752.301,1844646.72313,0
1789672920000,2452.61,2452.95,2451.32,2451.33,715.610,1789672979999,1754759.36091,2318,552.648,1355150.21609,0
1789672980000,2451.33,2452.03,2451.00,2452.03,723.877,1789673039999,1774544.70965,1893,484.577,1187939.13780,0
1789673040000,2452.03,2453.78,2451.40,2451.48,2103.810,1789673099999,5159249.78551,3594,726.999,1782886.28941,0
1789673100000,2451.47,2451.94,2451.00,2451.33,577.204,1789673159999,1415037.48001,1829,341.232,836510.97589,0
1789673160000,2451.33,2451.33,2450.39,2450.64,488.097,1789673219999,1196242.37163,1054,143.985,352909.67332,0
1789673220000,2450.64,2451.52,2450.43,2451.35,734.736,1789673279999,1800867.29888,1622,605.074,1483078.52981,0
1789673280000,2451.36,2451.95,2451.21,2451.94,272.135,1789673339999,667148.34942,683,235.891,578298.94004,0
1789673340000,2451.95,2452.49,2450.86,2452.16,2272.226,1789673399999,5571184.38553,2942,1543.816,3785242.05350,0
1789673400000,2452.17,2452.52,2451.16,2451.81,942.386,1789673459999,2310518.13380,2145,493.960,1211021.60183,0
1789673460000,2451.81,2453.51,2451.80,2452.37,1157.480,1789673519999,2839107.41395,2323,391.508,960284.99095,0
1789673520000,2452.36,2452.36,2449.36,2449.58,731.288,1789673579999,1791816.72196,2525,286.438,701775.95747,0
1789673580000,2449.58,2451.11,2449.57,2451.11,680.752,1789673639999,1668068.83698,1671,446.676,1094498.67901,0
1789673640000,2451.11,2452.00,2450.53,2451.52,466.576,1789673699999,1143800.12476,1496,238.791,585349.51835,0
1789673700000,2451.53,2451.53,2449.99,2449.99,736.062,1789673759999,1803958.57500,1386,260.360,638124.77340,0
1789673760000,2449.98,2449.99,2447.89,2448.10,2336.122,1789673819999,5720463.74792,2600,510.733,1250508.76655,0
1789673820000,2448.11,2449.44,2448.10,2448.38,2062.528,1789673879999,5050593.16562,3022,1426.190,3492404.22026,0
1789673880000,2448.38,2448.39,2447.70,2447.70,1149.105,1789673939999,2813078.46690,1265,419.430,1026799.09280,0
1789673940000,2447.71,2447.87,2447.20,2447.67,1467.463,1789673999999,3591695.86679,1838,411.805,1007889.33757,0
1789674000000,2447.68,2448.50,2447.31,2447.76,1255.309,1789674059999,3072905.77459,2542,462.626,1132417.47920,0
1789674060000,2447.77,2448.31,2447.34,2448.17,614.584,1789674119999,1504347.27778,1623,415.494,1017022.85763,0
1789674120000,2448.17,2448.79,2448.16,2448.63,765.808,1789674179999,1875098.41125,1292,408.606,1000461.08811,0
1789674180000,2448.64,2449.57,2447.59,2448.47,1661.674,1789674239999,4068588.84292,3143,642.227,1572482.09805,0
1789674240000,2448.48,2449.18,2448.30,2449.17,461.904,1789674299999,1131078.87264,1167,274.538,672259.74986,0
1789674300000,2449.17,2449.17,2447.61,2447.61,462.648,1789674359999,1132755.44770,1379,250.715,613867.69642,0
1789674360000,2447.61,2447.61,2446.38,2446.39,1327.182,1789674419999,3247347.59257,2326,306.760,750530.49092,0
1789674420000,2446.38,2446.38,2444.40,2445.11,3511.156,1789674479999,8585854.93585,5339,1116.565,2730313.19290,0
1789674480000,2445.12,2445.33,2443.62,2444.43,2170.645,1789674539999,5306133.61590,3149,662.673,1619931.46107,0
1789674540000,2444.43,2446.00,2444.07,2445.54,2351.494,1789674599999,5750114.05066,3613,1402.333,3428979.69600,0
1789674600000,2445.56,2448.96,2445.56,2448.45,1038.999,1789674659999,2543028.94678,2990,720.087,1762307.23850,0
1789674660000,2448.46,2450.73,2448.14,2450.49,1236.743,1789674719999,3029468.69741,3019,927.906,2272952.88924,0
1789674720000,2450.49,2451.11,2450.49,2450.83,753.540,1789674779999,1846763.41161,1534,412.137,1010046.37007,0
1789674780000,2450.83,2453.51,2450.83,2453.31,1719.101,1789674839999,4215914.43713,2962,1323.042,3244390.19036,0
1789674840000,2453.31,2453.82,2449.76,2449.77,3927.636,1789674899999,9628965.42302,4571,1025.843,2515657.31020,0
1789674900000,2449.77,2450.04,2449.07,2449.21,1422.420,1789674959999,3484276.50809,2587,907.637,2223249.16563,0
1789674960000,2449.21,2449.21,2448.15,2448.17,582.476,1789675019999,1426187.78529,1041,194.254,475644.32656,0
1789675020000,2448.18,2448.54,2447.83,2447.83,938.677,1789675079999,2298054.18617,1360,407.087,996617.96751,0
1789675080000,2447.83,2448.99,2447.83,2448.59,1127.939,1789675139999,2761600.92241,2767,776.417,1900889.96438,0
1789675140000,2448.59,2449.27,2447.37,2447.95,3515.071,1789675199999,8607254.69439,6239,1068.562,2616540.32932,0
1789675200000,2447.94,2448.07,2446.11,2446.11,1378.967,1789675259999,3374972.20390,2439,411.673,1007552.83157,0
1789675260000,2446.12,2447.50,2446.11,2447.50,656.333,1789675319999,1605955.01736,1593,363.412,889208.72326,0
1789675320000,2447.49,2448.35,2447.49,2447.79,830.932,1789675379999,2034226.46184,1772,575.403,1408656.77841,0
1789675380000,2447.80,2449.38,2447.79,2449.38,693.959,1789675439999,1699182.57122,1728,448.761,1098721.16811,0
1789675440000,2449.38,2450.93,2448.89,2450.93,1634.312,1789675499999,4004510.75154,2997,977.907,2396231.58166,0
1789675500000,2450.92,2451.69,2450.92,2451.43,554.907,1789675559999,1360260.10810,1359,290.286,711559.21138,0
1789675560000,2451.44,2452.00,2450.64,2450.82,776.732,1789675619999,1904120.66560,2282,421.840,1034064.65241,0
1789675620000,2450.81,2452.15,2450.81,2451.99,397.546,1789675679999,974674.81271,1696,281.165,689337.25522,0
1789675680000,2451.99,2451.99,2451.16,2451.16,391.560,1789675739999,959903.84823,1360,132.671,325225.82364,0
1789675740000,2451.16,2451.27,2450.16,2450.55,408.256,1789675799999,1000538.74891,1357,218.081,534503.95101,0
1789675800000,2450.55,2451.11,2450.55,2450.55,354.050,1789675859999,867703.03259,1354,187.994,460732.78495,0
1789675860000,2450.55,2451.48,2450.55,2451.16,233.006,1789675919999,571086.58095,1087,163.779,401400.91286,0
1789675920000,2451.17,2452.64,2451.17,2451.82,1051.516,1789675979999,2578452.73172,1717,546.417,1339763.05679,0
1789675980000,2451.81,2452.03,2451.81,2451.87,240.231,1789676039999,589042.45748,549,96.806,237362.46269,0
1789676040000,2451.87,2452.54,2451.86,2452.53,472.506,1789676099999,1158601.24462,1054,277.585,680652.20942,0
1789676100000,2452.54,2452.54,2451.39,2451.39,314.840,1789676159999,772062.23652,797,132.119,323978.90662,0
1789676160000,2451.39,2452.42,2451.38,2452.42,407.271,1789676219999,998424.95701,1173,339.081,831251.98747,0
1789676220000,2452.41,2452.88,2452.38,2452.75,599.224,1789676279999,1469639.75401,961,487.149,1194764.36529,0
1789676280000,2452.76,2452.94,2452.65,2452.65,373.526,1789676339999,916189.42990,672,131.550,322664.20575,0
1789676340000,2452.65,2453.33,2452.07,2452.36,992.148,1789676399999,2433706.69319,2035,537.976,1319581.22589,0
1789676400000,2452.36,2453.44,2452.23,2453.43,391.638,1789676459999,960659.23197,1170,350.281,859215.44099,0
1789676460000,2453.44,2455.25,2453.43,2455.24,2019.727,1789676519999,4956819.64946,2325,1777.948,4363431.50751,0
1789676520000,2455.24,2456.04,2454.70,2456.04,2893.756,1789676579999,7105640.97002,3423,2132.863,5237343.72695,0
1789676580000,2456.03,2457.42,2456.03,2457.27,1696.262,1789676639999,4167401.49309,2335,1049.485,2578291.88106,0
1789676640000,2457.28,2457.50,2456.37,2457.47,921.765,1789676699999,2264763.24054,1646,528.386,1298257.58408,0
1789676700000,2457.47,2457.48,2456.49,2456.99,1817.267,1789676759999,4465408.93648,2049,653.677,1606138.68697,0
1789676760000,2457.00,2457.86,2456.99,2457.62,742.912,1789676819999,1825680.11626,1520,587.435,1443585.19388,0
1789676820000,2457.63,2457.92,2457.35,2457.35,1289.985,1789676879999,3170289.22404,1436,631.792,1552654.52717,0
1789676880000,2457.35,2457.72,2456.60,2456.60,454.492,1789676939999,1116850.26459,944,141.831,348536.26006,0
1789676940000,2456.61,2456.75,2456.43,2456.43,537.175,1789676999999,1319643.61673,770,155.202,381270.56980,0
1789677000000,2456.44,2456.71,2454.48,2454.48,1026.059,1789677059999,2519873.15568,1645,93.068,228603.86417,0
1789677060000,2454.49,2455.99,2454.00,2455.86,1688.454,1789677119999,4145192.56737,2490,1215.206,2983258.24419,0
1789677120000,2455.87,2455.87,2453.53,2453.53,660.891,1789677179999,1622295.12564,1667,79.097,194147.08446,0
1789677180000,2453.54,2453.70,2453.53,2453.69,399.705,1789677239999,980695.87196,597,289.539,710397.06270,0
1789677240000,2453.69,2453.70,2453.29,2453.50,893.072,1789677299999,2191182.42649,809,398.429,977544.40894,0
1789677300000,2453.50,2454.59,2453.50,2454.36,952.899,1789677359999,2338549.85978,1597,768.270,1885417.95186,0
1789677360000,2454.36,2454.36,2453.05,2453.77,820.319,1789677419999,2012629.64750,1511,223.621,548656.13740,0
1789677420000,2453.77,2454.94,2453.77,2454.07,318.930,1789677479999,782808.73066,1237,167.454,410998.31720,0
1789677480000,2454.07,2454.08,2452.53,2452.53,363.549,1789677539999,891873.00393,864,27.934,68529.01906,0
1789677540000,2452.53,2452.53,2451.75,2451.75,713.615,1789677599999,1749854.07336,996,276.937,679055.25749,0
1789677600000,2451.76,2452.70,2450.30,2451.02,1910.966,1789677659999,4684324.49208,2981,924.653,2266613.72682,0
1789677660000,2451.02,2451.02,2448.26,2448.26,1512.509,1789677719999,3705317.20129,3512,412.340,1010165.78600,0
1789677720000,2448.27,2449.33,2448.26,2449.16,1113.339,1789677779999,2726376.24388,1935,790.321,1935348.80939,0
1789677780000,2449.17,2449.75,2449.16,2449.74,384.653,1789677839999,942177.01616,1044,187.611,459516.28380,0
1789677840000,2449.75,2450.07,2449.75,2450.06,309.493,1789677899999,758240.41771,562,179.438,439611.71258,0
1789677900000,2450.07,2450.73,2450.04,2450.52,590.861,1789677959999,1447817.44258,1242,495.758,1214775.46592,0
1789677960000,2450.53,2450.53,2450.26,2450.26,175.006,1789678019999,428827.37827,289,46.967,115083.75004,0
1789678020000,2450.27,2450.27,2449.95,2449.99,229.673,1789678079999,562718.31598,593,74.487,182492.30952,0
1789678080000,2450.00,2450.33,2449.86,2449.86,639.214,1789678139999,1566108.76732,898,226.413,554706.40961,0
1789678140000,2449.87,2449.87,2448.60,2448.68,486.368,1789678199999,1191173.40008,1130,59.987,146888.15825,0
1789678200000,2448.69,2448.97,2448.01,2448.01,562.121,1789678259999,1376388.74045,1349,263.058,644138.99668,0
1789678260000,2448.02,2450.24,2447.17,2450.24,1849.767,1789678319999,4528991.47533,2794,1345.646,3294769.82598,0
1789678320000,2450.25,2450.91,2449.76,2450.69,702.059,1789678379999,1720343.73484,1290,160.299,392784.22775,0
1789678380000,2450.70,2450.70,2449.24,2449.49,300.687,1789678439999,736635.00788,1128,108.672,266179.43857,0
1789678440000,2449.50,2450.59,2449.50,2450.40,146.348,1789678499999,358595.39694,850,101.419,248499.94693,0
1789678500000,2450.40,2450.41,2450.04,2450.29,157.991,1789678559999,387112.76863,575,77.420,189690.76833,0
1789678560000,2450.30,2451.03,2450.05,2451.02,186.365,1789678619999,456664.54789,798,127.764,313072.83261,0
1789678620000,2451.03,2451.74,2450.98,2451.69,346.475,1789678679999,849372.46635,811,225.576,552993.79697,0
1789678680000,2451.69,2452.00,2450.98,2451.99,740.663,1789678739999,1815654.58303,1290,374.100,917061.70126,0
1789678740000,2451.99,2452.51,2451.99,2452.50,400.156,1789678799999,981240.82029,898,258.920,634908.66338,0
1789678800000,2452.51,2452.92,2452.50,2452.76,462.912,1789678859999,1135438.68058,865,349.475,857192.90158,0
1789678860000,2452.77,2453.50,2452.76,2453.49,464.510,1789678919999,1139502.83366,1240,345.333,847138.90046,0
1789678920000,2453.50,2455.00,2451.32,2451.32,6013.543,1789678979999,14754438.82067,8098,2424.035,5947605.93765,0
1789678980000,2451.32,2452.38,2450.43,2450.43,2117.562,1789679039999,5191169.85900,4350,1086.083,2662675.08035,0
1789679040000,2450.43,2450.44,2449.52,2450.23,752.031,1789679099999,1842392.02536,1469,253.772,621683.59393,0
1789679100000,2450.24,2450.39,2449.94,2450.39,402.599,1789679159999,986428.56917,976,171.592,420425.79749,0
1789679160000,2450.40,2450.93,2450.39,2450.79,546.402,1789679219999,1339100.37887,942,273.619,670550.79122,0
1789679220000,2450.80,2450.87,2450.10,2450.10,295.042,1789679279999,723029.18703,647,72.660,178054.75909,0
1789679280000,2450.10,2450.11,2450.06,2450.06,115.570,1789679339999,283155.61474,263,18.714,45850.77590,0
1789679340000,2450.06,2450.07,2449.61,2449.61,221.240,1789679399999,542033.98680,464,20.018,49043.54446,0
1789679400000,2449.61,2450.07,2449.61,2449.99,339.592,1789679459999,831939.57831,714,212.561,520718.25026,0
1789679460000,2449.99,2450.33,2449.49,2449.59,746.744,1789679519999,1829448.76902,1002,232.327,569123.36583,0
1789679520000,2449.59,2449.60,2449.59,2449.59,86.031,1789679579999,210740.81554,179,13.825,33865.72000,0
1789679580000,2449.60,2450.39,2449.14,2449.14,822.530,1789679639999,2015136.78173,1670,411.564,1008297.99095,0
1789679640000,2449.14,2449.44,2449.00,2449.43,357.143,1789679699999,874747.98021,618,116.603,285585.63141,0
1789679700000,2449.44,2449.93,2449.43,2449.83,228.751,1789679759999,560382.77119,597,116.507,285398.92029,0
1789679760000,2449.83,2450.34,2449.45,2450.33,223.362,1789679819999,547197.43793,816,135.096,330951.99160,0
1789679820000,2450.33,2450.33,2449.81,2449.81,117.721,1789679879999,288427.60983,429,13.981,34254.05368,0
1789679880000,2449.81,2449.82,2449.81,2449.81,66.556,1789679939999,163049.87096,253,31.660,77561.30120,0
1789679940000,2449.81,2449.90,2449.48,2449.89,325.563,1789679999999,797527.16375,737,117.400,287581.20664,0
1789680000000,2449.89,2449.89,2449.46,2449.50,400.037,1789680059999,979936.43290,760,246.758,604445.48748,0
1789680060000,2449.50,2450.63,2449.50,2450.63,163.136,1789680119999,399675.53446,852,137.910,337872.26154,0
1789680120000,2450.64,2451.24,2450.63,2450.91,316.359,1789680179999,775404.55390,857,137.200,336275.28492,0
1789680180000,2450.91,2450.92,2450.48,2450.48,193.343,1789680239999,473843.81073,430,19.223,47111.91263,0
1789680240000,2450.48,2450.81,2450.48,2450.80,181.458,1789680299999,444683.04239,459,136.842,335340.80999,0
1789680300000,2450.81,2451.58,2450.12,2451.52,682.813,1789680359999,1673356.72167,1512,447.553,1096799.21928,0
1789680360000,2451.52,2451.52,2450.59,2450.59,189.357,1789680419999,464123.54355,624,24.869,60956.29234,0
1789680420000,2450.59,2451.02,2450.59,2451.01,81.391,1789680479999,199470.80869,476,55.570,136189.04062,0
1789680480000,2451.02,2451.33,2451.01,2451.33,111.016,1789680539999,272106.03181,487,76.586,187717.49493,0
1789680540000,2451.33,2451.43,2451.33,2451.33,115.578,1789680599999,283321.85317,457,64.171,157305.03269,0
1789680600000,2451.33,2451.33,2450.73,2450.73,293.727,1789680659999,719978.11843,453,50.400,123529.53116,0
1789680660000,2450.73,2451.20,2450.73,2451.19,131.307,1789680719999,321810.54345,453,115.395,282810.31440,0
1789680720000,2451.19,2451.59,2451.19,2451.58,157.652,1789680779999,386467.68534,450,104.136,255279.86831,0
1789680780000,2451.59,2451.59,2451.10,2451.10,269.658,1789680839999,661047.22551,535,40.678,99723.79971,0
1789680840000,2451.10,2451.11,2450.73,2450.74,89.479,1789680899999,219293.00282,279,23.838,58420.77333,0
1789680900000,2450.73,2450.78,2449.15,2449.15,1306.140,1789680959999,3200677.22773,1326,141.298,346255.51817,0
1789680960000,2449.16,2451.63,2449.07,2451.50,1810.915,1789681019999,4438152.20959,2215,1300.042,3186108.64791,0
1789681020000,2451.50,2451.51,2451.36,2451.36,69.983,1789681079999,171557.11767,188,21.264,52126.91874,0
1789681080000,2451.36,2452.51,2451.14,2452.50,925.450,1789681139999,2269182.27536,1304,632.097,1549826.19501,0
1789681140000,2452.50,2452.51,2452.20,2452.20,170.171,1789681199999,417336.15125,311,27.717,67974.17642,0
1789681200000,2452.21,2452.21,2451.65,2451.65,279.758,1789681259999,685952.18367,484,101.168,248053.54614,0
1789681260000,2451.66,2452.00,2450.64,2451.30,799.950,1789681319999,1961157.58649,1509,272.719,668554.44323,0
1789681320000,2451.30,2451.43,2451.30,2451.38,104.050,1789681379999,255068.17316,227,60.785,149008.12801,0
1789681380000,2451.39,2452.32,2451.35,2451.93,489.076,1789681439999,1199105.53558,992,356.848,874876.69674,0
1789681440000,2451.93,2452.07,2450.00,2450.42,509.800,1789681499999,1249592.92191,1334,97.823,239695.96727,0
1789681500000,2450.43,2450.43,2450.00,2450.00,169.889,1789681559999,416286.93037,448,16.357,40081.23275,0
1789681560000,2450.00,2450.01,2449.25,2449.25,260.070,1789681619999,637106.43418,662,19.897,48742.65905,0
1789681620000,2449.25,2449.26,2448.92,2448.92,383.747,1789681679999,939865.11993,400,122.261,299426.06524,0
1789681680000,2448.92,2449.99,2448.71,2448.79,1010.596,1789681739999,2475155.48635,1779,368.515,902476.07596,0
1789681740000,2448.79,2448.80,2448.79,2448.79,124.994,1789681799999,306084.21050,272,15.324,37525.41120,0
1789681800000,2448.79,2448.80,2448.04,2448.28,603.752,1789681859999,1478243.19844,1100,141.422,346234.90018,0
1789681860000,2448.28,2448.35,2448.02,2448.14,625.096,1789681919999,1530294.04406,937,329.919,807664.72153,0
1789681920000,2448.13,2448.13,2447.94,2447.94,908.374,1789681979999,2223729.67881,768,225.966,553171.61884,0
1789681980000,2447.94,2448.80,2447.51,2447.51,671.357,1789682039999,1643473.26796,1439,221.466,542140.75924,0
1789682040000,2447.52,2448.53,2447.51,2448.53,1154.015,1789682099999,2824893.25838,1820,612.030,1498119.79899,0
1789682100000,2448.52,2448.99,2447.21,2447.87,1351.316,1789682159999,3308253.41220,1933,431.520,1056388.52901,0
1789682160000,2447.87,2447.88,2446.66,2446.96,850.812,1789682219999,2082151.01272,1527,151.856,371589.93116,0
1789682220000,2446.96,2447.10,2446.66,2447.05,779.969,1789682279999,1908514.25802,1008,435.412,1065407.90077,0
1789682280000,2447.05,2447.56,2447.05,2447.56,166.054,1789682339999,406381.68389,536,84.291,206284.91402,0
1789682340000,2447.55,2447.56,2446.31,2446.31,841.173,1789682399999,2058203.60264,1205,165.473,404930.99323,0
1789682400000,2446.32,2446.32,2442.22,2443.70,6670.314,1789682459999,16301035.35954,7526,3385.423,8272182.22264,0
1789682460000,2443.70,2448.36,2443.70,2448.35,3584.055,1789682519999,8765833.89351,5175,2561.231,6263910.86481,0
1789682520000,2448.36,2448.91,2445.16,2445.47,1818.030,1789682579999,4448075.54187,4309,703.728,1721915.15415,0
1789682580000,2445.47,2445.62,2444.64,2444.65,613.934,1789682639999,1501228.40509,1798,259.615,634817.04341,0
1789682640000,2444.65,2445.91,2444.64,2445.47,752.445,1789682699999,1839937.50056,2235,462.056,1129796.89800,0
1789682700000,2445.47,2447.73,2445.47,2447.32,1399.823,1789682759999,3424637.53519,2481,956.133,2339245.38899,0
1789682760000,2447.31,2447.52,2446.65,2446.99,1167.996,1789682819999,2858132.19652,2040,262.473,642296.02549,0
1789682820000,2447.00,2447.52,2446.34,2446.56,1128.937,1789682879999,2762464.95631,2068,449.862,1100740.85128,0
1789682880000,2446.55,2447.34,2443.19,2443.57,4597.063,1789682939999,11237945.26110,4990,886.695,2167612.21152,0
1789682940000,2443.57,2443.71,2441.02,2443.28,4659.082,1789682999999,11379469.28288,4305,1271.156,3104517.91874,0
1789683000000,2443.28,2444.33,2443.28,2444.32,790.829,1789683059999,1932635.54441,1447,340.813,832854.18917,0
1789683060000,2444.33,2445.00,2443.57,2445.00,1065.874,1789683119999,2605353.89019,2245,665.561,1626850.22545,0
1789683120000,2445.00,2445.24,2443.01,2443.01,644.058,1789683179999,1574169.71013,1746,258.745,632408.09123,0
1789683180000,2443.00,2444.20,2441.00,2443.97,4787.460,1789683239999,11693734.37660,5131,2069.538,5055412.52433,0
1789683240000,2443.98,2443.98,2442.52,2442.52,845.122,1789683299999,2064926.87467,1633,209.595,512076.93416,0
1789683300000,2442.52,2442.89,2441.58,2441.59,1335.757,1789683359999,3262380.45092,1535,255.178,623275.80589,0
1789683360000,2441.59,2441.59,2438.85,2440.88,5807.029,1789683419999,14170573.48643,6297,1501.787,3664796.02976,0
1789683420000,2440.89,2440.89,2438.40,2438.46,3207.498,1789683479999,7823963.25843,3419,729.843,1780047.18534,0
1789683480000,2438.46,2439.62,2438.46,2439.17,1669.327,1789683539999,4071527.81911,2461,703.879,1716761.68018,0
1789683540000,2439.17,2439.93,2437.55,2439.92,1457.443,1789683599999,3554070.17871,2738,566.827,1382343.60821,0
1789683600000,2439.92,2440.20,2438.42,2438.99,1077.925,1789683659999,2629288.47067,2113,526.087,1283178.49869,0
1789683660000,2438.99,2440.86,2437.91,2440.85,1703.238,1789683719999,4153960.67421,2932,1031.673,2516255.74897,0
1789683720000,2440.85,2441.26,2439.72,2439.72,1469.591,1789683779999,3586975.02210,2044,626.547,1529270.05915,0
1789683780000,2439.72,2439.83,2439.00,2439.71,1058.220,1789683839999,2581437.47924,1779,785.488,1916120.36094,0
1789683840000,2439.71,2439.72,2439.00,2439.01,509.248,1789683899999,1242219.48456,753,290.140,707722.05117,0
1789683900000,2439.01,2439.77,2439.00,2439.45,535.135,1789683959999,1305467.39469,955,305.701,745742.38553,0
1789683960000,2439.46,2439.46,2437.50,2437.50,3657.499,1789684019999,8917960.57594,4091,752.963,1835925.19044,0
1789684020000,2437.50,2438.36,2436.51,2438.35,1389.741,1789684079999,3387121.78551,2727,451.328,1100052.83866,0
1789684080000,2438.36,2439.02,2437.75,2438.17,854.113,1789684139999,2082573.79785,1809,205.167,500195.27973,0
1789684140000,2438.18,2438.18,2437.78,2437.80,643.462,1789684199999,1568741.27050,883,143.829,350640.95522,0
1789684200000,2437.80,2437.81,2436.09,2437.66,2611.912,1789684259999,6364565.71686,3980,866.057,2110338.66519,0
1789684260000,2437.66,2439.02,2437.66,2439.01,744.908,1789684319999,1816596.29691,1837,432.057,1053596.59645,0
1789684320000,2439.01,2439.28,2438.88,2439.11,409.084,1789684379999,997789.23034,863,229.701,560240.57833,0
1789684380000,2439.10,2440.00,2438.30,2439.99,599.353,1789684439999,1461776.18031,1521,449.363,1095978.89599,0
1789684440000,2439.99,2440.90,2439.85,2440.90,1600.313,1789684499999,3905290.30552,1418,1369.245,3341483.79199,0
1789684500000,2440.89,2444.57,2440.58,2443.73,3621.296,1789684559999,8847496.80307,4469,2743.824,6703786.41419,0
1789684560000,2443.73,2444.29,2443.04,2443.04,1146.674,1789684619999,2802247.89878,1614,520.373,1271757.18199,0
1789684620000,2443.05,2445.55,2443.04,2445.01,1783.127,1789684679999,4359270.86141,2534,1391.460,3401748.46471,0
1789684680000,2445.01,2445.74,2444.79,2445.72,518.013,1789684739999,1266739.90075,1070,334.783,818699.79335,0
1789684740000,2445.73,2446.67,2445.46,2446.67,1499.801,1789684799999,3668581.37529,1782,1275.507,3119964.77525,0
1789684800000,2446.68,2446.86,2445.47,2445.83,1798.123,1789684859999,4398952.39280,2074,654.064,1600212.58940,0
1789684860000,2445.82,2446.94,2445.82,2446.49,611.784,1789684919999,1496648.72172,1382,336.921,824175.66901,0
1789684920000,2446.49,2446.49,2445.92,2445.92,346.436,1789684979999,847432.91969,584,51.341,125592.32417,0
1789684980000,2445.93,2446.05,2445.43,2446.05,533.423,1789685039999,1304591.22783,961,305.431,747000.63275,0
1789685040000,2446.05,2446.05,2445.70,2445.70,147.862,1789685099999,361640.68322,326,15.944,38994.86334,0
1789685100000,2445.71,2446.00,2445.57,2445.74,448.068,1789685159999,1095872.39818,826,170.777,417675.24384,0
1789685160000,2445.74,2446.01,2445.26,2445.68,689.384,1789685219999,1686041.19674,1237,392.735,960515.74300,0
1789685220000,2445.67,2446.79,2444.81,2445.35,2381.041,1789685279999,5823598.25543,2995,1497.910,3663478.21177,0
1789685280000,2445.34,2445.85,2445.31,2445.85,345.697,1789685339999,845426.05180,577,276.203,675482.27121,0
1789685340000,2445.85,2445.85,2445.07,2445.13,303.108,1789685399999,741257.48613,980,129.738,317251.10761,0
1789685400000,2445.13,2445.13,2443.15,2443.30,1032.052,1789685459999,2522375.40347,1692,76.514,187047.42866,0
1789685460000,2443.29,2443.75,2441.46,2441.64,2525.288,1789685519999,6169329.95748,2894,653.804,1597071.88253,0
1789685520000,2441.64,2443.37,2441.64,2443.36,566.836,1789685579999,1384628.77194,1412,431.688,1054493.67349,0
1789685580000,2443.37,2443.37,2442.50,2443.15,350.928,1789685639999,857296.42077,1036,83.122,203050.89678,0
1789685640000,2443.15,2443.37,2443.01,2443.01,342.645,1789685699999,837147.72358,711,114.056,278668.50465,0
1789685700000,2443.01,2443.01,2441.98,2442.48,1045.447,1789685759999,2553554.14323,1687,634.714,1550361.67690,0
1789685760000,2442.48,2442.48,2441.84,2441.84,732.020,1789685819999,1787766.35542,976,153.403,374630.88885,0
1789685820000,2441.84,2441.84,2440.68,2440.72,1148.375,1789685879999,2803176.64806,1430,313.425,765009.83790,0
1789685880000,2440.73,2443.79,2440.73,2443.69,1901.550,1789685939999,4644336.79628,2402,1481.223,3617315.75866,0
1789685940000,2443.68,2444.89,2443.68,2444.89,354.761,1789685999999,867099.29656,977,261.044,638054.74644,0
1789686000000,2444.88,2444.89,2443.24,2443.86,981.778,1789686059999,2399550.16319,2004,411.477,1005579.90412,0
1789686060000,2443.86,2444.35,2443.75,2443.75,300.930,1789686119999,735483.59228,1017,139.237,340296.20963,0
1789686120000,2443.75,2446.59,2443.75,2446.58,561.652,1789686179999,1373354.15861,1870,425.619,1040794.23294,0
1789686180000,2446.59,2448.87,2446.58,2448.49,1851.303,1789686239999,4531286.42100,3201,1417.251,3468964.96032,0
1789686240000,2448.48,2448.86,2445.94,2447.73,3415.042,1789686299999,8358215.00196,4454,1223.714,2994807.81411,0
1789686300000,2447.73,2448.84,2447.42,2448.84,792.073,1789686359999,1938877.67817,2124,290.733,711670.73685,0
1789686360000,2448.83,2449.44,2447.96,2448.05,1692.985,1789686419999,4145153.38477,3054,629.116,1540472.74582,0
1789686420000,2448.05,2448.40,2447.13,2447.66,501.904,1789686479999,1228564.55851,1427,229.350,561367.55086,0
1789686480000,2447.67,2447.67,2446.76,2446.98,1000.862,1789686539999,2449260.05067,1785,193.952,474626.25809,0
1789686540000,2446.98,2447.11,2446.60,2446.60,364.191,1789686599999,891100.92940,870,115.391,282337.81197,0
1789686600000,2446.61,2446.75,2445.67,2445.67,1145.701,1789686659999,2802543.43156,1920,344.175,841930.32084,0
1789686660000,2445.67,2447.96,2444.52,2446.95,3060.049,1789686719999,7485832.43658,4017,1707.821,4178036.19580,0
1789686720000,2446.95,2447.00,2446.63,2446.69,515.747,1789686779999,1261996.53145,1127,182.300,446069.56827,0
1789686780000,2446.69,2446.85,2446.46,2446.84,212.727,1789686839999,520454.09732,739,111.545,272902.21085,0
1789686840000,2446.85,2447.01,2446.82,2446.83,623.993,1789686899999,1526886.88413,623,231.414,566256.49757,0
1789686900000,2446.82,2447.64,2446.62,2447.04,594.312,1789686959999,1454349.17901,1534,395.386,967541.10301,0
1789686960000,2447.04,2447.19,2446.46,2446.77,443.477,1789687019999,1085089.26676,1121,287.498,703419.61463,0
1789687020000,2446.76,2447.20,2446.45,2446.94,204.721,1789687079999,500909.99907,1235,135.004,330328.70930,0
1789687080000,2446.95,2447.48,2446.95,2447.48,358.787,1789687139999,878036.47717,810,219.189,536399.67648,0
1789687140000,2447.48,2447.64,2447.18,2447.30,686.593,1789687199999,1680449.64595,841,238.625,584046.58822,0
1789687200000,2447.31,2447.58,2447.30,2447.57,315.379,1789687259999,771887.33214,489,272.318,666495.07515,0
1789687260000,2447.57,2447.80,2447.49,2447.79,592.257,1789687319999,1449593.49039,861,345.178,844852.82333,0
1789687320000,2447.79,2448.10,2447.78,2448.10,289.376,1789687379999,708396.68845,779,258.606,633070.38445,0
1789687380000,2448.10,2448.65,2448.09,2448.46,311.873,1789687439999,763564.00453,852,213.690,523170.44880,0
1789687440000,2448.46,2448.88,2448.45,2448.62,665.280,1789687499999,1629048.14540,1122,353.299,865121.13126,0
1789687500000,2448.62,2448.62,2448.09,2448.15,285.228,1789687559999,698320.50349,886,145.163,355391.91776,0
1789687560000,2448.16,2448.42,2447.55,2447.62,211.818,1789687619999,518512.73112,887,101.907,249457.17072,0
1789687620000,2447.63,2448.18,2447.62,2448.05,318.968,1789687679999,780788.98553,676,187.044,457866.91485,0
1789687680000,2448.06,2448.21,2447.30,2447.32,814.131,1789687739999,1992788.93841,1478,246.229,602729.30474,0
1789687740000,2447.32,2448.59,2447.31,2448.40,310.909,1789687799999,761127.03717,1078,207.486,507932.89101,0
1789687800000,2448.40,2448.57,2447.76,2447.76,341.916,1789687859999,837158.95265,710,70.301,172124.36120,0
1789687860000,2447.76,2447.77,2447.00,2447.01,294.122,1789687919999,719784.62928,1103,40.558,99261.55173,0
1789687920000,2447.00,2447.56,2447.00,2447.15,392.438,1789687979999,960388.63116,1090,228.111,558233.72639,0
1789687980000,2447.14,2447.47,2447.14,2447.46,250.379,1789688039999,612772.15348,549,200.979,491874.28809,0
1789688040000,2447.46,2447.47,2445.34,2445.86,963.909,1789688099999,2357820.33920,2074,314.684,769673.05609,0
1789688100000,2445.87,2446.55,2445.86,2446.29,352.024,1789688159999,861107.80608,870,170.494,417060.66188,0
1789688160000,2446.29,2446.35,2445.00,2445.44,1762.367,1789688219999,4310063.46793,1942,626.061,1531027.06903,0
1789688220000,2445.44,2447.36,2445.43,2447.36,614.331,1789688279999,1502654.65628,1683,304.744,745509.22682,0
1789688280000,2447.36,2447.36,2446.73,2446.73,273.598,1789688339999,669499.79681,842,113.320,277291.04481,0
1789688340000,2446.73,2446.74,2445.95,2446.36,492.350,1789688399999,1204411.17061,918,203.078,496738.62198,0
1789688400000,2446.36,2446.87,2446.36,2446.61,292.023,1789688459999,714456.36914,705,95.051,232538.99925,0
1789688460000,2446.62,2446.62,2445.41,2445.41,466.216,1789688519999,1140461.70038,1147,67.054,164028.20908,0
1789688520000,2445.40,2446.69,2444.86,2446.22,2339.225,1789688579999,5721314.68663,3364,1576.993,3856903.20483,0
1789688580000,2446.22,2447.00,2446.01,2446.42,687.793,1789688639999,1682768.69003,1545,437.771,1071036.44158,0
1789688640000,2446.41,2446.63,2446.41,2446.61,196.802,1789688699999,481489.33758,577,72.344,176989.65960,0
1789688700000,2446.62,2446.85,2446.22,2446.85,367.746,1789688759999,899689.54350,1005,245.226,599949.18891,0
1789688760000,2446.86,2449.43,2446.54,2449.21,1702.981,1789688819999,4169239.97676,3044,1008.126,2467967.20651,0
1789688820000,2449.20,2449.73,2449.19,2449.39,1500.834,1789688879999,3676201.16676,2152,933.069,2285460.60815,0
1789688880000,2449.40,2449.61,2447.57,2448.02,1630.704,1789688939999,3992382.60212,2617,558.271,1366569.55214,0
1789688940000,2448.02,2448.02,2447.52,2447.73,223.951,1789688999999,548163.73798,831,102.009,249678.89591,0
1789689000000,2447.73,2448.50,2447.52,2448.09,696.583,1789689059999,1705322.54729,1315,427.801,1047313.96019,0
1789689060000,2448.09,2448.10,2447.52,2447.64,585.927,1789689119999,1434269.14065,779,348.908,854087.74541,0
1789689120000,2447.64,2447.64,2446.82,2446.83,681.294,1789689179999,1667313.51050,1054,329.044,805244.30087,0
1789689180000,2446.82,2446.82,2445.32,2445.36,853.272,1789689239999,2087223.18886,1369,24.745,60525.20381,0
1789689240000,2445.36,2447.96,2445.36,2447.78,1754.749,1789689299999,4293600.41226,2523,1183.191,2894575.46566,0
1789689300000,2447.78,2449.27,2447.57,2448.50,869.764,1789689359999,2129798.32852,2168,691.491,1693317.45824,0
1789689360000,2448.49,2449.33,2448.27,2448.34,566.319,1789689419999,1386835.56019,1511,297.015,727341.71484,0
1789689420000,2448.35,2448.35,2447.63,2447.90,232.106,1789689479999,568165.99734,856,92.870,227321.51911,0
1789689480000,2447.90,2448.02,2447.90,2448.01,125.002,1789689539999,306003.00493,305,93.044,227771.47486,0
1789689540000,2448.02,2448.02,2446.00,2446.32,1324.706,1789689599999,3241790.47338,2026,334.265,817971.27311,0
