open_time,open,high,low,close,volume,close_time,quote_volume,count,taker_buy_volume,taker_buy_quote_volume,ignore
1729036800000,2606.54,2629.68,2588.01,2616.24,293294.813,1729051199999,766741579.95369,494399,146363.839,382700614.43597,0
1729051200000,2616.23,2623.78,2597.60,2606.02,226906.974,1729065599999,592241924.21898,423151,108781.373,283997428.33096,0
1729065600000,2606.02,2642.99,2604.00,2629.20,505780.237,1729079999999,1326956354.19658,637113,275845.915,723885411.83404,0
1729080000000,2629.21,2647.51,2594.22,2606.70,703346.266,1729094399999,1843473291.64454,1060807,342685.696,898476343.79136,0
1729094400000,2606.70,2627.67,2590.30,2614.02,258596.247,1729108799999,675547186.31169,469341,131830.080,344418821.25332,0
1729108800000,2614.00,2627.23,2608.27,2610.39,141661.349,1729123199999,370843270.24158,250431,69752.723,182604786.39600,0
