open_time,open,high,low,close,volume,close_time,quote_volume,count,taker_buy_volume,taker_buy_quote_volume,ignore
1676505600000,1674.99,1715.00,1672.59,1692.00,1156363.595,1676519999999,1958328849.08546,697107,607378.338,1028781882.98711,0
1676520000000,1692.01,1698.47,1675.55,1683.22,719004.243,1676534399999,1213592700.22949,410526,350578.407,591755829.89263,0
1676534400000,1683.22,1693.88,1679.31,1683.76,490949.996,1676548799999,827285970.24842,323124,230316.356,388184081.75829,0
1676548800000,1683.77,1729.80,1666.00,1724.91,1903377.860,1676563199999,3219300750.33961,1025878,983832.068,1664554616.10863,0
1676563200000,1724.90,1744.50,1688.00,1711.22,1774037.308,1676577599999,3043739215.03021,988921,878061.012,1506954366.86411,0
1676577600000,1711.23,1711.65,1634.02,1639.00,1767980.181,1676591999999,2949044738.88424,951745,829314.142,1383027373.35277,0
