open_time,open,high,low,close,volume,close_time,quote_volume,count,taker_buy_volume,taker_buy_quote_volume,ignore
1706659200000,2341.96,2351.23,2326.11,2342.32,328989.609,1706673599999,769100335.76134,408060,168695.929,394424204.03136,0
1706673600000,2342.31,2344.00,2328.80,2339.73,167489.124,1706687999999,391453821.17233,240137,81430.221,190320425.20306,0
1706688000000,2339.72,2342.58,2279.24,2299.12,549884.319,1706702399999,1267710721.75784,621824,255323.203,588389168.00996,0
1706702400000,2299.11,2333.02,2290.37,2328.49,560006.907,1706716799999,1293821975.88687,651006,278970.446,644704119.41648,0
1706716800000,2328.49,2349.95,2308.20,2322.34,512309.112,1706731199999,1194234346.53939,653251,237195.210,552998320.14574,0
1706731200000,2322.35,2323.74,2261.88,2282.00,489230.297,1706745599999,1119415768.70126,620694,230410.498,527213489.38743,0
