open_time,open,high,low,close,volume,close_time,quote_volume,count,taker_buy_volume,taker_buy_quote_volume,ignore
1690934400000,1873.06,1879.27,1862.21,1862.63,492528.289,1690948799999,921467759.15235,390475,238037.599,445389142.42152,0
1690948800000,1862.63,1864.66,1855.50,1856.28,186652.097,1690963199999,347271582.01671,175306,92124.612,171409406.23887,0
1690963200000,1856.27,1860.48,1852.85,1859.19,275848.791,1690977599999,512064092.60577,213833,138309.644,256763256.20031,0
1690977600000,1859.18,1860.48,1833.53,1841.80,605338.047,1690991999999,1117116065.48098,421034,277530.118,512155163.56840,0
1690992000000,1841.80,1847.23,1820.00,1841.37,697694.107,1691006399999,1279163732.42752,466359,347114.846,636487646.97576,0
1691006400000,1841.37,1844.90,1836.79,1839.07,174991.268,1691020799999,322224712.21800,152152,80176.311,147638682.72908,0
