open_time,open,high,low,close,volume,close_time,quote_volume,count,taker_buy_volume,taker_buy_quote_volume,ignore
1772064000000,2056.51,2076.00,2037.83,2053.15,649030.665,1772078399999,1334350358.76568,1337511,329411.091,677268936.57887,0
1772078400000,2053.15,2083.09,2050.50,2052.48,615673.329,1772092799999,1271399594.76825,1041724,311744.615,643878610.72008,0
1772092800000,2052.49,2082.65,2043.47,2056.51,660311.571,1772107199999,1361644363.42403,1006658,332926.142,686799341.35592,0
1772107200000,2056.52,2077.40,2010.38,2032.33,1428516.201,1772121599999,2916609028.04481,2176769,694054.378,1417452505.99837,0
1772121600000,2032.33,2036.79,1973.49,2029.00,1595749.576,1772135999999,3194759173.32044,2300407,849940.614,1701876656.62737,0
1772136000000,2029.00,2042.60,2016.70,2026.71,368624.500,1772150399999,748066493.57040,666611,195164.069,396121650.98995,0
