open_time,open,high,low,close,volume,close_time,quote_volume,count,taker_buy_volume,taker_buy_quote_volume,ignore
1777075200000,2313.87,2320.00,2310.00,2317.51,110807.341,1777089599999,256593333.74430,172585,56199.659,130146149.37975,0
1777089600000,2317.52,2318.17,2312.05,2315.14,87377.875,1777103999999,202270642.49579,128113,44252.974,102444947.18707,0
1777104000000,2315.13,2322.22,2309.51,2312.47,193718.549,1777118399999,448819567.71578,213928,93652.013,217016289.67568,0
1777118400000,2312.47,2317.94,2298.98,2306.65,236761.363,1777132799999,547126534.67533,247061,103109.773,238317076.06515,0
1777132800000,2306.64,2312.95,2298.98,2308.88,258043.942,1777147199999,595562267.78734,273211,132974.008,306945355.25467,0
1777147200000,2308.89,2319.59,2307.80,2318.21,117650.148,1777161599999,272339677.56085,168923,61348.826,142026540.86393,0
