open_time,open,high,low,close,volume,close_time,quote_volume,count,taker_buy_volume,taker_buy_quote_volume,ignore
1701043200000,2061.97,2071,2037.68,2048.06,315901.412,1701057599999,649118142.28378,308323,147176.171,302399792.99707,0
1701057600000,2048.06,2054.66,2027.70,2045.10,345865.078,1701071999999,706813233.10406,323210,164323,335898277.61818,0
1701072000000,2045.10,2052.87,2016.40,2024.91,592363.824,1701086399999,1202846814.97669,532536,284690.264,578138406.07483,0
1701086400000,2024.92,2029.54,1998,2003.15,645575.475,1701100799999,1302807545.24706,601450,309515.594,624790787.45274,0
1701100800000,2003.15,2024.70,1985,1994.64,637379.303,1701115199999,1279629141.73679,548684,304242.616,610966169.77256,0
1701115200000,1994.64,2029.96,1987,2027.57,358316.382,1701129599999,720389420.73478,344138,183285.180,368459793.92145,0
