open_time,open,high,low,close,volume,close_time,quote_volume,count,taker_buy_volume,taker_buy_quote_volume,ignore
1740700800000,2306.65,2313.24,2122.18,2146.41,2628166.564,1740715199999,5772294107.02910,2461418,1237955.555,2718537640.44678,0
1740715200000,2146.42,2155.86,2070.00,2104.89,2150017.597,1740729599999,4547869103.90312,2427743,1039593.371,2199661510.33415,0
1740729600000,2104.88,2151.06,2074.61,2124.47,1268381.598,1740743999999,2686589374.16685,1619302,644692.963,1365469864.95034,0
1740744000000,2124.44,2227.77,2103.80,2221.64,1829509.223,1740758399999,3959782058.09790,1887595,926878.304,2005756291.90389,0
1740758400000,2221.64,2255.40,2192.56,2229.34,995160.674,1740772799999,2211470043.38120,1182514,496765.698,1104143629.59503,0
1740772800000,2229.41,2238.66,2197.35,2236.59,440740.088,1740787199999,977766245.40200,650382,221029.819,490383838.85975,0
