open_time,open,high,low,close,volume,close_time,quote_volume,count,taker_buy_volume,taker_buy_quote_volume,ignore
1625875200000,2147.40,2195.00,2122.12,2134.20,495861.113,1625889599999,1069401405.86121,512961,240961.980,519794284.45870,0
1625889600000,2134.20,2142.93,2094.77,2121.70,494953.862,1625903999999,1048152929.51231,493828,239989.757,508387955.34456,0
1625904000000,2121.77,2138.62,2085.00,2109.35,493697.403,1625918399999,1042916100.02494,513450,244619.867,516828759.99465,0
1625918400000,2109.23,2128.00,2091.36,2118.50,376127.079,1625932799999,793613657.11572,422296,190802.156,402665826.48239,0
1625932800000,2118.45,2160.00,2073.00,2093.14,649871.028,1625947199999,1369826548.01953,607011,319607.233,673897405.60311,0
1625947200000,2093.14,2129.99,2076.45,2111.14,292862.495,1625961599999,616375970.23479,352288,148460.414,312535369.29272,0
