open_time,open,high,low,close,volume,close_time,quote_volume,count,taker_buy_volume,taker_buy_quote_volume,ignore
1727827200000,2446.85,2498.00,2441.17,2488.51,389815.836,1727841599999,964764575.88726,557548,205100.550,507484845.73381,0
1727841600000,2488.51,2492.13,2466.00,2480.75,313088.272,1727855999999,776857731.14674,448215,154408.532,383163693.44955,0
1727856000000,2480.76,2486.25,2440.32,2454.20,432109.358,1727870399999,1062499069.53246,602688,211342.207,519673320.41687,0
1727870400000,2454.20,2462.98,2416.92,2459.43,893171.983,1727884799999,2180706783.53905,1182027,446245.120,1089708339.73530,0
1727884800000,2459.44,2478.00,2366.17,2370.61,1000731.733,1727899199999,2415205301.82149,1272974,482982.286,1166160309.63617,0
1727899200000,2370.61,2391.69,2350.00,2363.00,541186.162,1727913599999,1282346823.33184,813226,262227.442,621601211.57564,0
