open_time,open,high,low,close,volume,close_time,quote_volume,count,taker_buy_volume,taker_buy_quote_volume,ignore
1782950400000,1608.87,1643.47,1596.14,1638.85,831470.144,1782964799999,1345469274.92596,950102,448717.069,726328786.06161,0
1782964800000,1638.84,1639.40,1613.99,1615.56,518088.229,1782979199999,841805651.53787,573536,241598.181,392517517.47781,0
1782979200000,1615.55,1654.36,1614.51,1649.41,1190690.627,1782993599999,1952830181.70687,1061297,634167.106,1039702065.66239,0
1782993600000,1649.42,1725.00,1646.89,1696.32,2570681.597,1783007999999,4347578360.08872,2623255,1361243.751,2302084337.56587,0
1783008000000,1696.33,1706.49,1685.04,1699.42,592226.541,1783022399999,1005273813.34889,855979,297801.454,505571529.16832,0
1783022400000,1699.41,1706.00,1691.30,1699.90,314288.126,1783036799999,534070499.03768,324290,153703.069,261135250.11185,0
