open_time,open,high,low,close,volume,close_time,quote_volume,count,taker_buy_volume,taker_buy_quote_volume,ignore
1666656000000,1342.73,1348.99,1334.16,1347.06,504654.843,1666670399999,676934588.42911,272671,252024.157,338117757.00714,0
1666670400000,1347.06,1351.41,1343.00,1346.49,451157.329,1666684799999,607896479.80646,231497,234426.107,315906414.97476,0
1666684800000,1346.50,1349.61,1338.33,1346.67,530903.705,1666699199999,713776196.50983,290043,255044.811,342943414.61321,0
1666699200000,1346.68,1418.00,1345.61,1407.52,3692175.328,1666713599999,5104248202.73035,1449000,2012280.721,2781647074.77060,0
1666713600000,1407.53,1533.68,1403.71,1492.97,4511461.422,1666727999999,6626346710.47155,2057522,2393295.209,3513975864.15341,0
1666728000000,1492.98,1494.80,1444.56,1459.20,1783232.550,1666742399999,2615038052.13573,929709,869473.367,1275253214.31526,0
