open_time,open,high,low,close,volume,close_time,quote_volume,count,taker_buy_volume,taker_buy_quote_volume,ignore
1681084800000,1857.84,1862.61,1845.04,1857.10,322347.908,1681099199999,597839446.13710,267107,164556.111,305219897.70085,0
1681099200000,1857.10,1865.99,1852.38,1859.27,232388.138,1681113599999,431849674.81430,188477,113578.633,211101549.52882,0
1681113600000,1859.27,1862.25,1854.07,1857.17,223661.180,1681127999999,415670879.82022,170436,114892.174,213546593.42170,0
1681128000000,1857.17,1869.60,1846.23,1860.01,479880.024,1681142399999,890915164.10428,358705,241808.749,448964207.77984,0
1681142400000,1860.01,1904.60,1856.15,1888.14,1128078.498,1681156799999,2130302936.80302,724828,584657.858,1104102961.23321,0
1681156800000,1888.14,1919.12,1876.83,1908.90,695929.372,1681171199999,1323195500.98915,506016,359556.155,683756875.75980,0
