open_time,open,high,low,close,volume,close_time,quote_volume,count,taker_buy_volume,taker_buy_quote_volume,ignore
1772928000000,1968.39,1976.33,1934.33,1946.40,549360.617,1772942399999,1073383222.52675,748571,249400.740,487483558.32060,0
1772942400000,1946.40,1959.04,1927.58,1953.97,442384.350,1772956799999,860719510.73361,672640,223047.283,434138296.84788,0
1772956800000,1953.97,1979.03,1942.70,1950.29,604094.675,1772971199999,1185078612.75122,866241,316377.116,620831640.83503,0
1772971200000,1950.28,1953.75,1922.86,1942.00,799792.005,1772985599999,1550701382.08007,1355568,383107.750,742899696.78600,0
1772985600000,1942.01,1969.19,1926.73,1963.20,583922.748,1772999999999,1135536904.05787,1044342,290347.800,564783139.01090,0
1773000000000,1963.21,1970.16,1906.63,1935.97,1123967.060,1773014399999,2176777636.78788,1859201,492307.263,954029154.82954,0
