open_time,open,high,low,close,volume,close_time,quote_volume,count,taker_buy_volume,taker_buy_quote_volume,ignore
1771977600000,1851.10,1945.70,1845.70,1905.37,1482719.102,1771991999999,2826788929.94864,1956942,766914.890,1461941702.79312,0
1771992000000,1905.38,1913.82,1877.06,1892.35,783355.298,1772006399999,1484332685.21434,1013192,403972.972,765673809.55827,0
1772006400000,1892.36,1927.89,1889.24,1925.28,675208.004,1772020799999,1290080642.48876,868537,345914.856,660848146.85083,0
1772020800000,1925.27,2027.93,1921.23,2012.86,2213958.559,1772035199999,4378053881.22071,2749011,1178551.763,2330525388.40989,0
1772035200000,2012.85,2084.93,2012.14,2070.32,1748491.161,1772049599999,3593827615.99660,2444497,903662.146,1857010236.73629,0
1772049600000,2070.34,2149.95,2033.18,2056.50,1604674.188,1772063999999,3350216298.44939,2218881,843059.031,1761341253.38881,0
