open_time,open,high,low,close,volume,close_time,quote_volume,count,taker_buy_volume,taker_buy_quote_volume,ignore
1747180800000,2678.58,2724.96,2620.80,2645.78,1641253.983,1747195199999,4379226230.27499,1559815,778868.561,2078373118.52277,0
1747195200000,2645.79,2686.61,2635.06,2639.14,807221.596,1747209599999,2147938345.11897,844067,389916.560,1037671539.34080,0
1747209600000,2639.15,2644.71,2575.00,2624.16,1507824.985,1747223999999,3935768671.17140,1398229,747954.971,1952701395.24389,0
1747224000000,2624.16,2634.52,2557.00,2596.28,1495860.917,1747238399999,3876040819.05287,1468799,697382.714,1807492754.43888,0
1747238400000,2596.28,2616.82,2545.00,2603.85,1049260.687,1747252799999,2713496518.49695,1038417,515212.090,1333259928.90395,0
1747252800000,2603.86,2612.88,2582.31,2608.74,412855.983,1747267199999,1072471400.82401,478851,202811.194,527007883.45075,0
