open_time,open,high,low,close,volume,close_time,quote_volume,count,taker_buy_volume,taker_buy_quote_volume,ignore
1660867200000,1845.86,1847.65,1805.75,1816.94,1456221.018,1660881599999,2652192055.26056,1073224,727394.886,1324867825.39680,0
1660881600000,1816.95,1823.83,1710.00,1743.90,2043621.740,1660895999999,3611156342.10381,1309061,962683.904,1701108763.66713,0
1660896000000,1743.90,1743.97,1680.71,1706.84,2189523.651,1660910399999,3768719445.43629,1311618,1065709.396,1834992947.69971,0
1660910400000,1706.83,1706.98,1672.20,1697.10,1677854.491,1660924799999,2842753467.44392,1137725,842870.475,1428343658.43334,0
1660924800000,1697.09,1725.97,1680.00,1700.43,1403977.169,1660939199999,2394946753.71320,960815,717975.459,1224832361.85199,0
1660939200000,1700.43,1705.43,1601.85,1608.29,1936080.644,1660953599999,3182306611.32265,1232629,902546.973,1483434075.12014,0
