open_time,open,high,low,close,volume,close_time,quote_volume,count,taker_buy_volume,taker_buy_quote_volume,ignore
1674950400000,1571.52,1620.00,1565.98,1594.10,1294510.475,1674964799999,2068465278.52185,686953,675756.037,1079376159.73353,0
1674964800000,1594.10,1599.45,1587.88,1591.99,267997.747,1674979199999,427237714.74789,206491,130456.635,207996445.65043,0
1674979200000,1591.99,1622.16,1588.24,1608.86,835906.951,1674993599999,1340897459.86445,481368,436335.657,700126444.50839,0
1674993600000,1608.86,1628.00,1602.91,1610.96,736001.948,1675007999999,1187296098.26539,441490,365730.023,590134995.61756,0
1675008000000,1610.96,1663.68,1604.85,1654.93,1234179.541,1675022399999,2015827548.16629,701630,647407.024,1057631382.98086,0
1675022400000,1654.94,1656.71,1626.91,1645.67,730976.873,1675036799999,1202399590.17811,457130,351191.591,577733105.64287,0
