open_time,open,high,low,close,volume,close_time,quote_volume,count,taker_buy_volume,taker_buy_quote_volume,ignore
1774742400000,1993.48,2019.00,1990.53,2010.14,359938.411,1774756799999,721456406.53023,464384,184426.288,369663946.15226,0
1774756800000,2010.14,2011.89,1996.26,2005.00,230760.210,1774771199999,462243421.70611,350099,107099.868,214538072.19548,0
1774771200000,2005.00,2007.29,1990.40,2002.65,300757.836,1774785599999,601255312.54337,397071,138796.814,277518565.85959,0
1774785600000,2002.65,2003.98,1982.21,1991.80,534021.634,1774799999999,1063335806.86180,653398,254734.701,507314020.26539,0
1774800000000,1991.80,2003.20,1986.50,1995.04,279883.999,1774814399999,558531454.58278,421141,137871.486,275146477.45780,0
1774814400000,1995.05,2008.99,1936.54,1983.44,1127151.125,1774828799999,2225967576.72052,1388096,522017.034,1031249921.82195,0
