open_time,open,high,low,close,volume,close_time,quote_volume,count,taker_buy_volume,taker_buy_quote_volume,ignore
1773014400000,1935.98,2004.84,1928.20,1976.60,1289281.919,1773028799999,2535656945.90621,2512926,688928.852,1355017895.92286,0
1773028800000,1976.60,2013.33,1962.27,1982.90,1052595.640,1773043199999,2095148592.97686,1731793,539680.015,1074453914.27834,0
1773043200000,1982.90,2021.88,1977.69,1991.49,889918.434,1773057599999,1778137650.09063,1618650,455320.657,910074616.02844,0
1773057600000,1991.49,2033.52,1991.42,2021.44,1283202.349,1773071999999,2587656412.15900,2355496,642534.388,1295697829.27166,0
1773072000000,2021.45,2052.83,2004.17,2032.67,1150060.688,1773086399999,2329560971.58298,1787719,582629.011,1180716660.45983,0
1773086400000,2032.66,2036.44,1988.18,1992.28,602907.876,1773100799999,1213595915.65445,989951,284387.267,572482310.83813,0
