open_time,open,high,low,close,volume,close_time,quote_volume,count,taker_buy_volume,taker_buy_quote_volume,ignore
1660176000000,1853.25,1919.40,1849.80,1879.40,1874839.109,1660190399999,3527418817.07981,1342459,943780.969,1775918404.08625,0
1660190400000,1879.39,1905.25,1870.00,1877.72,1228935.683,1660204799999,2321536809.41362,983411,586007.699,1107019002.88797,0
1660204800000,1877.72,1915.00,1872.53,1902.78,854124.292,1660219199999,1613255246.62830,753244,439903.915,831039828.64648,0
1660219200000,1902.78,1943.00,1882.60,1889.23,2234424.652,1660233599999,4270074833.35722,1666472,1132885.783,2165453308.52309,0
1660233600000,1889.23,1907.29,1874.41,1897.90,971742.403,1660247999999,1837353495.23725,915983,487545.186,921942023.19881,0
1660248000000,1897.96,1905.00,1866.08,1879.35,709742.584,1660262399999,1338098572.57635,697059,344654.776,649920389.56275,0
