open_time,open,high,low,close,volume,close_time,quote_volume,count,taker_buy_volume,taker_buy_quote_volume,ignore
1784937600000,1860.58,1860.74,1860.34,1860.35,866.616,1784937659999,1612339.91296,1174,598.667,1113797.62310,0
1784937660000,1860.34,1861.62,1860.00,1861.39,1693.607,1784937719999,3151689.72436,2150,1401.630,2608326.85398,0
1784937720000,1861.39,1861.70,1861.34,1861.63,1485.387,1784937779999,2765078.17359,1015,1051.283,1956957.27250,0
1784937780000,1861.62,1862.99,1861.62,1862.77,2102.019,1784937839999,3915253.55271,2294,1724.984,3212937.03971,0
1784937840000,1862.76,1862.77,1862.04,1862.26,482.267,1784937899999,898107.45245,946,330.948,616300.48530,0
1784937900000,1862.25,1862.39,1862.25,1862.39,183.794,1784937959999,342290.94127,393,149.024,277536.69221,0
1784937960000,1862.38,1862.38,1861.70,1861.83,661.523,1784938019999,1231758.97259,936,101.736,189412.59529,0
1784938020000,1861.82,1861.93,1861.82,1861.91,614.695,1784938079999,1144481.42232,582,386.193,719042.02710,0
1784938080000,1861.91,1862.31,1861.48,1861.49,568.408,1784938139999,1058420.73093,1112,302.141,562625.31138,0
1784938140000,1861.48,1861.59,1861.18,1861.18,431.572,1784938199999,803382.46566,721,150.752,280624.84866,0
1784938200000,1861.17,1861.59,1861.17,1861.57,293.291,1784938259999,545946.88079,575,137.728,256361.59694,0
1784938260000,1861.57,1861.58,1861.27,1861.27,407.155,1784938319999,757920.64342,476,27.988,52096.88859,0
1784938320000,1861.27,1861.88,1861.27,1861.87,342.318,1784938379999,637265.94278,633,292.601,544721.32811,0
1784938380000,1861.87,1862.33,1861.87,1862.16,665.403,1784938439999,1239060.33746,934,467.182,869928.82715,0
1784938440000,1862.15,1862.16,1861.74,1862.12,348.310,1784938499999,648558.67139,829,151.224,281565.22369,0
1784938500000,1862.11,1862.12,1861.74,1861.83,361.496,1784938559999,673062.85503,516,217.629,405194.59982,0
1784938560000,1861.83,1861.84,1861.41,1861.56,525.387,1784938619999,978040.53685,717,171.832,319863.60931,0
1784938620000,1861.55,1861.56,1861.41,1861.42,168.115,1784938679999,312952.43114,336,37.681,70144.57198,0
1784938680000,1861.41,1861.74,1861.41,1861.55,636.876,1784938739999,1185603.68371,691,249.117,463725.37967,0
1784938740000,1861.55,1861.74,1861.29,1861.73,955.421,1784938799999,1778425.61098,854,637.636,1186892.39564,0
1784938800000,1861.74,1862.67,1861.74,1862.67,729.701,1784938859999,1359008.78670,975,407.500,758891.68100,0
1784938860000,1862.67,1862.88,1862.66,1862.82,273.160,1784938919999,508848.67688,490,148.780,277146.54468,0
1784938920000,1862.83,1863.00,1862.82,1863.00,584.284,1784938979999,1088495.73151,421,440.816,821217.94100,0
1784938980000,1862.99,1863.00,1862.99,1863.00,805.367,1784939039999,1500398.43173,267,776.440,1446507.72000,0
1784939040000,1862.99,1863.30,1862.99,1863.04,670.869,1784939099999,1249907.25677,713,497.658,927176.53442,0
1784939100000,1863.04,1863.04,1862.82,1862.83,359.832,1784939159999,670340.56999,372,74.846,139431.33356,0
1784939160000,1862.83,1863.28,1862.82,1863.28,595.102,1784939219999,1108682.53101,726,473.633,882404.37523,0
1784939220000,1863.27,1863.50,1863.17,1863.18,616.885,1784939279999,1149430.80750,731,240.941,448946.47432,0
1784939280000,1863.17,1863.18,1863.00,1863.01,270.077,1784939339999,503188.84475,395,125.972,234705.28759,0
1784939340000,1863.01,1863.01,1863.00,1863.01,108.288,1784939399999,201741.40531,193,86.131,160462.91431,0
1784939400000,1863.00,1863.01,1861.78,1862.40,1398.573,1784939459999,2604478.59942,1962,541.270,1007936.46529,0
1784939460000,1862.41,1862.72,1862.40,1862.72,257.715,1784939519999,479979.74178,453,186.566,347471.51278,0
1784939520000,1862.71,1863.52,1862.71,1863.52,730.019,1784939579999,1360199.37862,966,518.180,965447.73763,0
1784939580000,1863.52,1863.86,1862.92,1862.93,644.667,1784939639999,1201455.82286,1186,261.759,487834.57935,0
1784939640000,1862.93,1863.54,1862.92,1863.00,427.405,1784939699999,796326.37399,860,265.580,494799.63234,0
1784939700000,1863.01,1863.01,1862.20,1862.20,407.683,1784939759999,759308.74817,885,89.553,166793.31206,0
1784939760000,1862.19,1862.42,1862.18,1862.32,305.959,1784939819999,569769.93457,570,213.664,397891.96784,0
1784939820000,1862.32,1862.32,1862.18,1862.18,254.031,1784939879999,473062.31233,403,80.882,150621.05703,0
1784939880000,1862.18,1862.85,1862.18,1862.85,430.975,1784939939999,802607.15869,719,394.010,733760.52170,0
1784939940000,1862.85,1863.00,1862.53,1862.54,234.185,1784939999999,436236.21878,647,86.393,160924.50526,0
1784940000000,1862.54,1862.54,1861.87,1861.87,297.490,1784940059999,554012.98888,710,56.864,105904.80557,0
1784940060000,1861.88,1861.88,1861.34,1861.34,334.587,1784940119999,622898.50215,712,44.925,83642.43027,0
1784940120000,1861.34,1861.43,1860.61,1860.92,1196.323,1784940179999,2226414.90798,2075,171.288,318787.53967,0
1784940180000,1860.92,1861.32,1858.79,1860.12,11495.591,1784940239999,21376194.61200,5297,3952.559,7348338.49725,0
1784940240000,1860.12,1860.63,1858.93,1859.40,7011.446,1784940299999,13039826.89453,4006,2237.618,4161810.76140,0
1784940300000,1859.40,1859.40,1857.00,1857.34,16196.406,1784940359999,30091942.60910,8439,7969.706,14806904.16033,0
1784940360000,1857.34,1858.74,1855.81,1858.74,6997.262,1784940419999,12991224.86955,4310,3479.704,6460517.43003,0
1784940420000,1858.75,1859.07,1858.75,1859.00,724.280,1784940479999,1346465.17284,670,207.250,385280.91574,0
1784940480000,1859.00,1859.18,1858.99,1859.18,511.050,1784940539999,950093.58421,420,432.261,803612.16588,0
1784940540000,1859.17,1859.18,1858.71,1858.74,625.846,1784940599999,1163394.60401,890,136.853,254384.12626,0
1784940600000,1858.74,1858.85,1858.05,1858.15,932.952,1784940659999,1733838.14063,1198,363.043,674662.90373,0
1784940660000,1858.14,1858.88,1858.14,1858.88,1578.182,1784940719999,2932879.37676,1181,1356.210,2520403.94261,0
1784940720000,1858.88,1858.88,1858.45,1858.48,483.278,1784940779999,898230.69076,554,237.279,440979.54213,0
1784940780000,1858.48,1858.49,1858.23,1858.27,718.269,1784940839999,1334811.37377,471,347.613,645966.39122,0
1784940840000,1858.27,1858.27,1858.05,1858.05,343.287,1784940899999,637911.52542,393,51.971,96576.15017,0
1784940900000,1858.05,1858.40,1858.00,1858.40,391.244,1784940959999,726995.73397,483,255.015,473862.25347,0
1784940960000,1858.39,1859.97,1858.00,1859.62,1909.303,1784941019999,3548800.00804,2195,1221.008,2269592.24245,0
1784941020000,1859.62,1859.63,1859.31,1859.31,398.382,1784941079999,740783.15768,562,51.324,95433.46238,0
1784941080000,1859.31,1859.36,1859.31,1859.36,281.153,1784941139999,522761.68465,270,237.672,441915.31958,0
1784941140000,1859.36,1859.36,1859.35,1859.36,181.717,1784941199999,337876.43535,305,93.140,173180.79040,0
1784941200000,1859.35,1861.48,1859.35,1861.24,1363.068,1784941259999,2535673.50659,2383,732.181,1362005.21628,0
1784941260000,1861.24,1861.72,1861.23,1861.69,785.763,1784941319999,1462722.10044,1019,632.623,1177656.51722,0
1784941320000,1861.69,1862.77,1861.69,1862.32,800.291,1784941379999,1490368.07930,1494,409.486,762556.90695,0
1784941380000,1862.31,1862.67,1862.13,1862.32,434.280,1784941439999,808806.94799,935,283.782,528513.04909,0
1784941440000,1862.32,1862.32,1861.24,1861.37,589.917,1784941499999,1098272.96613,1289,71.169,132503.51387,0
1784941500000,1861.37,1861.38,1860.99,1860.99,224.973,1784941559999,418736.91242,572,22.387,41668.75994,0
1784941560000,1861.00,1861.71,1860.99,1861.70,170.440,1784941619999,317256.00012,599,144.255,268511.55403,0
1784941620000,1861.70,1861.71,1860.70,1860.85,570.441,1784941679999,1061626.77647,1146,240.611,447722.84049,0
1784941680000,1860.85,1860.86,1860.50,1860.50,523.455,1784941739999,973970.36810,644,11.822,21998.56481,0
1784941740000,1860.51,1860.51,1860.04,1860.08,243.547,1784941799999,453040.58765,642,34.202,63619.29170,0
1784941800000,1860.08,1860.09,1859.10,1859.10,562.416,1784941859999,1045822.27049,1429,83.593,155424.62621,0
1784941860000,1859.11,1859.44,1859.00,1859.06,943.818,1784941919999,1754679.49563,1064,495.087,920426.04376,0
1784941920000,1859.06,1859.56,1859.06,1859.34,457.048,1784941979999,849813.61012,775,241.352,448728.45816,0
1784941980000,1859.34,1859.35,1855.96,1857.83,9570.340,1784942039999,17777240.14621,4526,2425.119,4505185.56656,0
1784942040000,1857.83,1858.51,1857.83,1858.45,878.963,1784942099999,1633346.23220,956,657.626,1221998.81580,0
1784942100000,1858.45,1858.86,1858.45,1858.85,517.936,1784942159999,962661.69274,858,334.681,622056.20717,0
1784942160000,1858.86,1858.86,1857.53,1857.53,1115.571,1784942219999,2072943.59528,1186,355.082,659727.23159,0
1784942220000,1857.53,1857.83,1857.53,1857.62,632.473,1784942279999,1174953.62948,890,286.089,531449.02277,0
1784942280000,1857.61,1858.00,1857.61,1857.76,572.933,1784942339999,1064358.65781,839,418.146,776784.65920,0
1784942340000,1857.76,1857.76,1857.28,1857.49,1024.403,1784942399999,1902787.76829,1011,410.753,762933.24638,0
1784942400000,1857.50,1857.60,1857.38,1857.41,843.557,1784942459999,1566877.20406,612,427.127,793375.99622,0
1784942460000,1857.40,1858.36,1857.40,1858.36,584.282,1784942519999,1085490.35624,1045,430.035,798928.68409,0
1784942520000,1858.35,1858.35,1858.22,1858.23,276.465,1784942579999,513745.48123,280,110.417,205180.21655,0
1784942580000,1858.23,1858.23,1858.01,1858.14,873.164,1784942639999,1622430.50478,524,413.524,768344.39169,0
1784942640000,1858.14,1858.36,1858.14,1858.36,79.477,1784942699999,147690.26104,307,66.467,123513.12754,0
1784942700000,1858.35,1858.77,1858.35,1858.36,312.721,1784942759999,581194.33562,770,159.418,296268.25914,0
1784942760000,1858.36,1858.56,1858.35,1858.56,127.751,1784942819999,237410.07483,300,105.808,196631.78568,0
1784942820000,1858.56,1859.26,1858.06,1859.26,2426.613,1784942879999,4510613.44433,2317,2070.206,3848210.38118,0
1784942880000,1859.25,1859.52,1859.11,1859.52,609.848,1784942939999,1133846.69480,627,343.073,637847.39519,0
1784942940000,1859.52,1859.52,1858.92,1858.93,255.175,1784942999999,474455.79378,645,91.767,170639.01871,0
1784943000000,1858.92,1858.93,1858.30,1858.30,285.704,1784943059999,531018.12303,719,53.432,99308.63467,0
1784943060000,1858.31,1858.45,1858.30,1858.45,357.668,1784943119999,664688.26827,472,190.369,353774.12285,0
1784943120000,1858.44,1858.65,1858.44,1858.65,325.253,1784943179999,604471.41482,311,301.886,561044.55678,0
1784943180000,1858.64,1859.01,1858.64,1859.01,350.795,1784943239999,652093.01781,514,214.406,398560.38301,0
1784943240000,1859.00,1859.53,1859.00,1859.53,208.640,1784943299999,387924.38532,557,193.482,359740.17797,0
1784943300000,1859.53,1861.43,1859.53,1861.43,411.990,1784943359999,766613.88548,1394,377.986,703328.91634,0
1784943360000,1861.43,1861.43,1860.00,1860.15,2145.468,1784943419999,3993015.22119,1821,215.545,401068.03331,0
1784943420000,1860.15,1860.49,1860.00,1860.14,415.896,1784943479999,773636.13855,944,92.385,171854.70689,0
1784943480000,1860.13,1860.70,1860.13,1860.60,666.837,1784943539999,1240632.03968,778,583.388,1085382.79223,0
1784943540000,1860.59,1860.75,1859.76,1859.77,1025.800,1784943599999,1908407.93043,1239,114.988,213953.50273,0
1784943600000,1859.76,1859.86,1859.44,1859.86,264.163,1784943659999,491247.13364,636,175.462,326293.87969,0
1784943660000,1859.87,1860.22,1859.87,1860.22,139.380,1784943719999,259258.06413,364,107.731,200389.49989,0
1784943720000,1860.22,1860.22,1860.21,1860.22,189.428,1784943779999,352376.72028,262,86.040,160053.32880,0
1784943780000,1860.22,1860.71,1860.21,1860.70,172.259,1784943839999,320469.58698,536,130.640,243045.86653,0
1784943840000,1860.70,1860.85,1860.70,1860.85,67.732,1784943899999,126032.36406,271,59.562,110830.08114,0
1784943900000,1860.85,1861.23,1860.67,1861.23,567.212,1784943959999,1055577.83612,1125,379.096,705500.24133,0
1784943960000,1861.22,1861.46,1861.22,1861.46,173.403,1784944019999,322755.31475,367,156.898,292035.54373,0
1784944020000,1861.45,1861.50,1861.22,1861.23,567.048,1784944079999,1055524.10196,533,137.106,255217.03418,0
1784944080000,1861.22,1861.40,1861.19,1861.19,262.614,1784944139999,488797.99897,466,186.200,346566.10236,0
1784944140000,1861.18,1861.19,1860.29,1860.29,572.757,1784944199999,1065704.84397,1129,266.793,496400.70751,0
1784944200000,1860.29,1861.18,1860.29,1860.44,675.708,1784944259999,1257284.76064,1319,392.218,729753.49263,0
1784944260000,1860.43,1860.57,1860.43,1860.43,101.134,1784944319999,188160.08476,320,50.001,93026.78701,0
1784944320000,1860.43,1860.43,1859.68,1859.69,189.697,1784944379999,352869.17139,760,59.801,111238.81812,0
1784944380000,1859.68,1859.88,1859.51,1859.77,524.658,1784944439999,975700.97704,792,387.424,720481.74062,0
1784944440000,1859.76,1860.10,1859.76,1859.89,168.925,1784944499999,314173.89208,504,106.276,197652.63632,0
1784944500000,1859.89,1859.90,1859.89,1859.89,40.459,1784944559999,75249.43078,175,14.127,26274.80730,0
1784944560000,1859.90,1859.90,1859.89,1859.89,51.043,1784944619999,94934.51222,146,14.695,27331.23050,0
1784944620000,1859.89,1859.90,1859.48,1859.70,501.561,1784944679999,932728.87164,689,215.682,401085.78620,0
1784944680000,1859.69,1859.69,1858.90,1858.95,197.786,1784944739999,367704.91416,732,32.550,60509.52982,0
1784944740000,1858.95,1859.27,1858.94,1859.27,210.010,1784944799999,390403.64082,504,179.298,333311.80352,0
1784944800000,1859.27,1859.55,1859.18,1859.19,728.892,1784944859999,1355267.07341,750,471.255,876221.25625,0
1784944860000,1859.18,1859.19,1859.00,1859.12,330.974,1784944919999,615302.92460,623,203.804,378879.49195,0
1784944920000,1859.13,1859.25,1859.12,1859.25,259.949,1784944979999,483298.76478,388,197.920,367974.53422,0
1784944980000,1859.25,1859.90,1859.24,1859.90,241.336,1784945039999,448769.32351,724,203.684,378748.29004,0
1784945040000,1859.89,1859.89,1859.55,1859.69,279.725,1784945099999,520194.33048,570,111.075,206552.15858,0
1784945100000,1859.68,1859.89,1859.68,1859.89,194.837,1784945159999,362359.00221,384,180.361,335435.38153,0
1784945160000,1859.89,1859.98,1859.61,1859.61,234.452,1784945219999,436059.80209,637,53.539,99578.68804,0
1784945220000,1859.61,1860.25,1859.61,1860.24,135.830,1784945279999,252636.69317,667,130.781,243246.07817,0
1784945280000,1860.25,1860.89,1860.24,1860.70,321.637,1784945339999,598458.39007,776,137.430,255693.91716,0
1784945340000,1860.70,1860.80,1860.21,1860.27,458.411,1784945399999,852884.59184,875,174.313,324289.15689,0
1784945400000,1860.27,1860.27,1859.75,1859.94,716.100,1784945459999,1331920.28141,834,82.768,153944.31946,0
1784945460000,1859.94,1859.94,1859.48,1859.49,327.371,1784945519999,608825.52481,491,55.274,102795.91803,0
1784945520000,1859.48,1859.48,1858.95,1859.40,793.700,1784945579999,1475635.40107,1009,340.775,633557.56445,0
1784945580000,1859.41,1859.60,1859.40,1859.41,270.739,1784945639999,503435.99004,405,85.902,159728.36925,0
1784945640000,1859.42,1859.42,1859.17,1859.33,859.140,1784945699999,1597462.68398,471,148.938,276909.21273,0
1784945700000,1859.32,1859.33,1858.50,1858.50,393.493,1784945759999,731492.24853,710,79.672,148110.54022,0
1784945760000,1858.50,1858.83,1858.50,1858.57,344.142,1784945819999,639647.70545,678,201.458,374440.95232,0
1784945820000,1858.57,1858.59,1858.03,1858.22,797.220,1784945879999,1481517.81120,1237,254.774,473430.66421,0
1784945880000,1858.21,1858.28,1858.07,1858.07,222.372,1784945939999,413217.51663,318,46.991,87319.29269,0
1784945940000,1858.07,1858.26,1857.50,1857.66,1381.132,1784945999999,2565880.21563,1865,299.525,556447.23398,0
1784946000000,1857.65,1858.07,1857.65,1858.07,455.899,1784946059999,846981.41169,571,163.283,303342.20829,0
1784946060000,1858.07,1859.10,1858.06,1858.76,439.512,1784946119999,816853.35451,1122,176.236,327529.13059,0
1784946120000,1858.76,1859.10,1858.75,1858.98,186.141,1784946179999,346021.77953,432,153.739,285791.59648,0
1784946180000,1858.98,1858.98,1858.97,1858.98,34.107,1784946239999,63404.00242,121,11.263,20937.69174,0
1784946240000,1858.98,1858.98,1858.09,1858.44,818.222,1784946299999,1520561.55831,1074,298.189,554111.70786,0
1784946300000,1858.44,1858.67,1858.11,1858.67,212.197,1784946359999,394350.77702,608,79.550,147841.59376,0
1784946360000,1858.66,1859.72,1858.45,1859.72,279.317,1784946419999,519224.26424,1047,208.790,388132.42466,0
1784946420000,1859.71,1859.71,1859.50,1859.67,248.996,1784946479999,463046.34965,365,89.072,165639.82148,0
1784946480000,1859.67,1859.86,1859.66,1859.86,228.371,1784946539999,424699.00784,274,190.104,353534.37347,0
1784946540000,1859.85,1859.86,1859.85,1859.86,14.586,1784946599999,27127.80464,55,3.254,6051.98444,0
1784946600000,1859.86,1859.86,1859.85,1859.85,74.924,1784946659999,139348.09212,138,69.072,128464.24992,0
1784946660000,1859.86,1859.86,1858.38,1858.38,466.252,1784946719999,866862.74551,1068,26.666,49573.05397,0
1784946720000,1858.38,1858.55,1858.01,1858.55,587.705,1784946779999,1092095.28402,920,369.757,687088.44969,0
1784946780000,1858.55,1858.66,1858.33,1858.65,256.228,1784946839999,476193.23544,519,152.464,283349.00957,0
1784946840000,1858.65,1858.88,1858.42,1858.87,489.116,1784946899999,909086.93197,687,171.589,318907.95674,0
1784946900000,1858.87,1858.88,1858.23,1858.24,193.910,1784946959999,360385.09989,658,22.841,42453.56782,0
1784946960000,1858.24,1858.24,1858.22,1858.23,142.689,1784947019999,265148.48412,176,17.950,33355.27816,0
1784947020000,1858.22,1858.43,1857.97,1858.26,416.109,1784947079999,773218.98302,887,121.212,225233.00288,0
1784947080000,1858.26,1858.96,1858.25,1858.96,195.833,1784947139999,363967.53252,577,137.672,255871.32067,0
1784947140000,1858.97,1859.95,1858.96,1859.76,481.035,1784947199999,894578.34615,901,165.732,308149.41447,0
1784947200000,1859.76,1860.00,1859.48,1860.00,323.797,1784947259999,602200.58077,867,175.965,327260.81038,0
1784947260000,1860.00,1860.00,1859.99,1859.99,87.828,1784947319999,163359.33762,185,13.590,25277.40000,0
1784947320000,1860.00,1860.27,1860.00,1860.12,623.761,1784947379999,1160253.44502,650,394.486,733761.06566,0
1784947380000,1860.13,1860.13,1860.00,1860.13,151.744,1784947439999,282253.44225,286,61.649,114669.91263,0
1784947440000,1860.13,1860.13,1859.50,1859.64,365.751,1784947499999,680189.63518,631,234.528,436116.86498,0
1784947500000,1859.63,1859.64,1859.63,1859.64,54.715,1784947559999,101749.83585,139,18.040,33547.90560,0
1784947560000,1859.64,1859.96,1859.57,1859.58,298.456,1784947619999,555027.13508,602,109.384,203418.63883,0
1784947620000,1859.57,1859.58,1859.40,1859.57,162.918,1784947679999,302948.96944,397,61.997,115281.40219,0
1784947680000,1859.57,1859.76,1859.40,1859.66,277.891,1784947739999,516763.68346,575,134.458,250036.39181,0
1784947740000,1859.67,1859.67,1858.92,1859.01,171.690,1784947799999,319235.24714,684,41.064,76343.47415,0
1784947800000,1859.00,1859.21,1858.00,1858.23,1189.716,1784947859999,2211332.95626,1433,237.737,441802.13679,0
1784947860000,1858.24,1858.24,1857.50,1857.51,359.315,1784947919999,667594.84536,685,88.088,163660.41228,0
1784947920000,1857.51,1857.78,1857.46,1857.77,421.578,1784947979999,783090.16614,535,243.505,452322.51442,0
1784947980000,1857.78,1858.32,1857.41,1858.32,643.932,1784948039999,1196165.98038,1069,370.263,687800.51462,0
1784948040000,1858.31,1858.32,1857.54,1858.02,867.793,1784948099999,1612176.75977,1033,583.192,1083405.41445,0
1784948100000,1858.01,1858.08,1857.67,1857.95,438.701,1784948159999,815039.05068,689,208.450,387258.19064,0
1784948160000,1857.95,1857.95,1857.68,1857.81,169.855,1784948219999,315551.99700,370,115.555,214672.16661,0
1784948220000,1857.81,1858.03,1857.80,1858.02,114.812,1784948279999,213312.56127,266,69.528,129176.80949,0
1784948280000,1858.03,1858.22,1858.02,1858.22,128.421,1784948339999,238621.34360,361,109.805,204030.62404,0
1784948340000,1858.22,1858.59,1858.02,1858.58,630.507,1784948399999,1171587.15457,806,264.397,491294.44225,0
1784948400000,1858.58,1858.59,1858.09,1858.10,331.831,1784948459999,616698.15920,558,128.177,238217.32418,0
1784948460000,1858.09,1858.10,1857.02,1857.02,824.694,1784948519999,1531964.52047,1297,230.252,427634.25695,0
1784948520000,1857.03,1857.40,1857.02,1857.40,567.998,1784948579999,1054870.71018,619,387.415,719503.07092,0
1784948580000,1857.40,1857.40,1857.21,1857.39,579.134,1784948639999,1075660.79089,525,152.300,282869.17094,0
1784948640000,1857.40,1859.29,1857.18,1858.79,1293.235,1784948699999,2403337.96844,2181,926.619,1722020.25244,0
1784948700000,1858.79,1858.79,1858.04,1858.42,170.411,1784948759999,316685.04302,867,87.394,162398.00132,0
1784948760000,1858.42,1858.42,1858.41,1858.42,131.903,1784948819999,245130.67253,240,81.830,152074.50860,0
1784948820000,1858.42,1858.53,1858.41,1858.52,104.114,1784948879999,193491.56058,318,75.527,140364.65216,0
1784948880000,1858.53,1859.16,1858.52,1858.53,443.755,1784948939999,824858.79811,1032,171.178,318168.77645,0
1784948940000,1858.54,1858.69,1858.53,1858.68,150.926,1784948999999,280507.38688,392,99.268,184496.79159,0
1784949000000,1858.69,1858.69,1857.69,1857.89,449.575,1784949059999,835370.29020,935,114.572,212855.65878,0
1784949060000,1857.90,1858.17,1857.89,1858.16,220.331,1784949119999,409376.07344,463,189.132,351407.09284,0
1784949120000,1858.17,1859.02,1858.17,1859.02,153.039,1784949179999,284431.87033,658,109.364,203257.43551,0
1784949180000,1859.02,1859.28,1859.01,1859.27,234.334,1784949239999,435676.88743,363,134.254,249607.31194,0
1784949240000,1859.28,1859.28,1858.52,1858.60,508.972,1784949299999,946144.81830,1009,156.863,291571.35388,0
1784949300000,1858.61,1858.98,1858.61,1858.97,169.159,1784949359999,314429.28170,464,117.576,218547.91697,0
1784949360000,1858.98,1859.18,1858.97,1859.18,220.165,1784949419999,409310.63580,372,173.702,322932.75667,0
1784949420000,1859.18,1859.18,1858.16,1858.32,432.982,1784949479999,804767.40676,856,170.910,317603.46976,0
1784949480000,1858.32,1858.80,1858.11,1858.80,209.214,1784949539999,388781.47252,694,118.844,220847.05828,0
1784949540000,1858.81,1858.92,1858.50,1858.92,256.218,1784949599999,476264.17737,619,166.841,310127.85850,0
1784949600000,1858.92,1858.92,1858.47,1858.48,79.090,1784949659999,147013.05773,361,16.173,30061.12008,0
1784949660000,1858.48,1858.99,1858.47,1858.95,347.992,1784949719999,646852.08652,543,241.224,448373.44394,0
1784949720000,1858.95,1858.98,1858.51,1858.70,437.856,1784949779999,813865.22639,860,142.066,264051.29550,0
1784949780000,1858.69,1858.70,1858.57,1858.58,148.981,1784949839999,276904.46570,206,102.626,190749.17147,0
1784949840000,1858.57,1858.70,1857.90,1858.22,393.499,1784949899999,731185.10930,1039,221.630,411811.74658,0
1784949900000,1858.22,1858.94,1858.21,1858.94,271.285,1784949959999,504208.12248,619,218.951,406932.76359,0
1784949960000,1858.94,1859.41,1858.94,1859.41,300.969,1784950019999,559544.99234,453,279.477,519583.75034,0
1784950020000,1859.40,1859.69,1859.23,1859.55,775.648,1784950079999,1442379.96993,982,439.318,816945.03599,0
1784950080000,1859.55,1859.70,1858.67,1858.68,211.736,1784950139999,393704.15747,742,80.092,148927.74330,0
1784950140000,1858.68,1858.68,1858.46,1858.47,88.284,1784950199999,164078.11561,258,7.400,13753.24671,0
1784950200000,1858.46,1858.46,1858.00,1858.00,223.491,1784950259999,415271.65941,401,80.638,149826.21038,0
1784950260000,1858.01,1858.01,1857.66,1857.67,245.787,1784950319999,456628.59120,434,54.051,100414.46931,0
1784950320000,1857.67,1858.82,1857.66,1858.81,522.913,1784950379999,971522.90974,1180,339.919,631554.60009,0
1784950380000,1858.82,1859.16,1858.23,1859.16,168.952,1784950439999,314036.85616,992,60.068,111653.59759,0
1784950440000,1859.16,1859.16,1859.02,1859.02,89.254,1784950499999,165929.49778,203,46.765,86937.76766,0
1784950500000,1859.03,1859.03,1858.73,1859.00,155.819,1784950559999,289643.35312,507,69.302,128824.77885,0
1784950560000,1859.00,1859.40,1858.99,1859.38,246.018,1784950619999,457419.77723,682,91.324,169785.55314,0
1784950620000,1859.37,1859.38,1858.76,1858.77,678.232,1784950679999,1260802.42423,838,466.684,867544.52709,0
1784950680000,1858.77,1858.77,1858.00,1858.01,301.297,1784950739999,559887.82821,931,179.155,332903.50747,0
1784950740000,1858.01,1858.13,1858.01,1858.13,118.763,1784950799999,220674.32441,270,64.311,119496.02373,0
1784950800000,1858.13,1858.42,1857.81,1858.10,284.609,1784950859999,528821.68464,938,167.695,311584.13475,0
1784950860000,1858.10,1858.19,1857.81,1858.19,221.707,1784950919999,411910.24015,439,185.895,345371.60513,0
1784950920000,1858.19,1858.59,1858.18,1858.32,227.060,1784950979999,421959.56222,672,172.733,320992.59811,0
1784950980000,1858.33,1858.70,1858.32,1858.38,263.365,1784951039999,489463.23456,558,122.738,228095.12485,0
1784951040000,1858.38,1858.90,1858.25,1858.60,636.105,1784951099999,1182264.52333,890,554.512,1030603.68389,0
1784951100000,1858.60,1858.65,1858.60,1858.61,43.730,1784951159999,81276.90794,135,22.481,41783.38579,0
1784951160000,1858.61,1858.61,1858.00,1858.01,159.417,1784951219999,296256.03645,565,51.090,94947.25284,0
1784951220000,1858.01,1858.27,1858.00,1858.06,388.996,1784951279999,722812.37991,551,294.462,547147.58714,0
1784951280000,1858.06,1858.06,1858.05,1858.05,75.423,1784951339999,140139.90921,169,20.406,37915.57236,0
1784951340000,1858.06,1858.06,1856.13,1856.24,3385.458,1784951399999,6287183.60784,2438,592.405,1099859.77914,0
1784951400000,1856.24,1856.57,1854.27,1856.16,5521.123,1784951459999,10245400.21150,5504,1940.647,3601400.98471,0
1784951460000,1856.16,1856.17,1855.51,1856.16,1028.997,1784951519999,1909580.23700,1315,719.866,1335856.18674,0
1784951520000,1856.17,1856.59,1856.16,1856.59,402.344,1784951579999,746892.39453,598,319.174,592501.32287,0
1784951580000,1856.59,1857.22,1856.59,1857.22,570.181,1784951639999,1058769.93741,1164,353.069,655612.38698,0
1784951640000,1857.23,1857.99,1857.23,1857.99,931.921,1784951699999,1731132.90577,1279,783.056,1454591.89985,0
1784951700000,1857.99,1857.99,1857.52,1857.58,363.834,1784951759999,675871.75521,589,170.967,317578.69839,0
1784951760000,1857.57,1857.82,1857.57,1857.82,79.305,1784951819999,147319.59106,424,60.350,112108.41645,0
1784951820000,1857.81,1858.24,1857.81,1858.24,253.044,1784951879999,470191.39954,720,166.964,310241.22963,0
1784951880000,1858.24,1858.41,1858.23,1858.40,299.796,1784951939999,557108.59750,423,209.140,388645.68511,0
1784951940000,1858.41,1858.41,1857.83,1857.83,432.342,1784951999999,803351.39166,646,118.717,220592.83817,0
1784952000000,1857.84,1858.41,1857.70,1858.40,423.635,1784952059999,787192.64399,741,242.611,450820.86567,0
1784952060000,1858.41,1858.77,1858.40,1858.77,230.202,1784952119999,427818.06823,600,218.082,405293.90775,0
1784952120000,1858.77,1859.18,1858.71,1858.72,1148.745,1784952179999,2135597.66067,1026,323.500,601380.06446,0
1784952180000,1858.71,1859.24,1858.71,1859.24,285.510,1784952239999,530728.84409,532,277.009,514925.68143,0
1784952240000,1859.25,1859.60,1859.25,1859.59,119.474,1784952299999,222164.77891,570,68.531,127431.90975,0
1784952300000,1859.59,1859.97,1859.59,1859.74,580.888,1784952359999,1080355.38930,892,161.819,300952.13367,0
1784952360000,1859.74,1859.74,1859.73,1859.73,122.817,1784952419999,228407.38852,150,92.911,172790.30314,0
1784952420000,1859.73,1859.74,1859.02,1859.02,370.770,1784952479999,689459.09088,740,65.407,121615.72536,0
1784952480000,1859.02,1859.63,1859.02,1859.63,303.179,1784952539999,563705.04655,815,227.573,423125.83997,0
1784952540000,1859.62,1859.94,1859.62,1859.94,186.700,1784952599999,347217.86636,566,157.967,293785.11345,0
1784952600000,1859.94,1860.00,1859.31,1859.48,1250.588,1784952659999,2325658.96482,1208,121.949,226775.36253,0
1784952660000,1859.48,1859.59,1859.47,1859.59,90.588,1784952719999,168447.39473,369,80.594,149863.68886,0
1784952720000,1859.59,1859.59,1859.58,1859.58,120.391,1784952779999,223876.89101,184,19.523,36304.77557,0
1784952780000,1859.59,1859.92,1859.58,1859.92,162.869,1784952839999,302899.68006,432,147.732,274748.33269,0
1784952840000,1859.92,1859.99,1859.92,1859.99,185.497,1784952899999,345017.14856,259,142.957,265894.09028,0
1784952900000,1859.99,1860.27,1859.98,1859.99,682.405,1784952959999,1269354.78466,862,474.956,883452.89314,0
1784952960000,1859.98,1860.25,1859.98,1860.06,518.566,1784953019999,964597.76303,588,308.888,574556.36360,0
1784953020000,1860.06,1860.73,1860.06,1860.54,610.085,1784953079999,1135051.20988,1012,383.217,712953.20806,0
1784953080000,1860.54,1860.54,1860.32,1860.32,364.361,1784953139999,677881.76688,450,32.880,61171.51454,0
1784953140000,1860.32,1860.33,1859.76,1859.77,479.660,1784953199999,892170.31132,726,105.137,195554.77910,0
1784953200000,1859.77,1859.77,1859.14,1859.15,327.364,1784953259999,608744.15400,668,39.299,73070.66522,0
1784953260000,1859.15,1859.24,1859.14,1859.23,225.502,1784953319999,419243.88014,289,70.845,131714.27062,0
1784953320000,1859.23,1859.33,1859.23,1859.32,150.381,1784953379999,279596.87440,199,124.402,231295.59074,0
1784953380000,1859.32,1859.33,1859.18,1859.19,107.252,1784953439999,199412.21708,223,23.919,44473.14487,0
1784953440000,1859.18,1859.19,1858.81,1858.81,216.655,1784953499999,402762.37630,404,15.562,28929.25713,0
1784953500000,1858.82,1859.30,1858.76,1859.19,416.265,1784953559999,773846.45145,879,296.844,551826.01203,0
1784953560000,1859.19,1859.28,1859.18,1859.28,181.739,1784953619999,337890.20091,218,112.275,208744.11607,0
1784953620000,1859.28,1859.28,1858.88,1858.89,208.455,1784953679999,387554.68187,482,13.723,25512.76627,0
1784953680000,1858.89,1859.12,1858.88,1859.11,246.826,1784953739999,458837.74216,319,92.709,172343.18523,0
1784953740000,1859.11,1859.11,1858.91,1859.09,316.694,1784953799999,588734.49599,394,143.432,266636.92039,0
1784953800000,1859.09,1859.25,1859.08,1859.11,200.491,1784953859999,372745.87422,454,89.770,166895.30510,0
1784953860000,1859.11,1859.21,1859.00,1859.21,407.407,1784953919999,757411.68798,595,380.896,708125.07813,0
1784953920000,1859.21,1859.45,1858.84,1858.84,1184.560,1784953979999,2202230.50213,1103,84.153,156467.10677,0
1784953980000,1858.84,1858.85,1858.55,1858.56,306.854,1784954039999,570357.07316,543,106.832,198570.90973,0
1784954040000,1858.56,1858.56,1857.81,1857.81,508.569,1784954099999,945012.75515,867,85.225,158357.25583,0
1784954100000,1857.81,1858.30,1857.65,1858.29,436.187,1784954159999,810373.58029,880,344.657,640326.80199,0
1784954160000,1858.29,1858.94,1858.29,1858.93,539.181,1784954219999,1002108.01976,784,320.657,595964.37053,0
1784954220000,1858.94,1859.33,1858.94,1859.33,134.461,1784954279999,249968.87205,451,129.049,239907.90993,0
1784954280000,1859.32,1859.60,1859.32,1859.60,140.806,1784954339999,261818.22557,464,122.308,227423.89646,0
1784954340000,1859.60,1859.79,1859.59,1859.79,66.158,1784954399999,123028.68660,337,57.115,106212.41423,0
1784954400000,1859.79,1859.90,1859.78,1859.90,69.207,1784954459999,128714.08865,215,36.130,67195.62733,0
1784954460000,1859.90,1860.35,1859.89,1860.35,231.285,1784954519999,430209.80961,524,212.034,394401.22267,0
1784954520000,1860.35,1860.97,1860.09,1860.85,1092.966,1784954579999,2033513.11971,1368,797.108,1483078.17125,0
1784954580000,1860.85,1861.00,1860.79,1860.99,1474.044,1784954639999,2743089.54939,858,1104.262,2054960.86409,0
1784954640000,1860.99,1861.00,1860.60,1860.61,454.103,1784954699999,845037.90268,515,184.015,342443.38737,0
1784954700000,1860.60,1860.68,1860.60,1860.60,168.741,1784954759999,313961.31175,346,110.610,205802.30408,0
1784954760000,1860.61,1861.00,1860.60,1861.00,163.682,1784954819999,304584.35744,428,109.824,204360.51933,0
1784954820000,1861.00,1861.00,1860.48,1860.49,937.989,1784954879999,1745415.05114,927,191.557,356448.76109,0
1784954880000,1860.49,1860.83,1860.43,1860.77,852.577,1784954939999,1586328.46807,916,756.564,1407693.78791,0
1784954940000,1860.77,1861.20,1860.76,1861.20,834.971,1784954999999,1553927.12852,1165,559.245,1040794.17532,0
1784955000000,1861.20,1861.78,1861.02,1861.63,755.689,1784955059999,1406699.42969,1299,557.699,1038156.59569,0
1784955060000,1861.63,1861.82,1861.63,1861.81,354.044,1784955119999,659150.25159,539,322.712,600816.67549,0
1784955120000,1861.82,1861.84,1860.48,1860.48,608.285,1784955179999,1132071.35351,1279,126.199,234911.04438,0
1784955180000,1860.48,1860.49,1860.48,1860.49,99.548,1784955239999,185207.33910,175,27.606,51360.68694,0
1784955240000,1860.49,1860.49,1860.06,1860.06,349.320,1784955299999,649819.17223,791,132.077,245698.53122,0
1784955300000,1860.06,1860.24,1860.06,1860.24,134.915,1784955359999,250961.67988,222,94.699,176153.01927,0
1784955360000,1860.23,1860.24,1860.08,1860.09,103.178,1784955419999,191929.69966,279,43.279,80505.09591,0
1784955420000,1860.08,1860.09,1860.08,1860.09,229.311,1784955479999,426537.27059,236,46.571,86626.25139,0
1784955480000,1860.08,1860.09,1860.08,1860.09,161.218,1784955539999,299879.28642,150,90.898,169078.46082,0
1784955540000,1860.08,1860.44,1860.00,1860.44,535.512,1784955599999,996118.10690,638,400.700,745357.20107,0
1784955600000,1860.43,1861.15,1860.43,1861.14,355.383,1784955659999,661321.17554,875,329.760,613640.08014,0
1784955660000,1861.14,1862.20,1861.10,1861.10,1258.100,1784955719999,2342264.42878,2093,784.157,1459842.09999,0
1784955720000,1861.10,1861.10,1861.03,1861.04,106.304,1784955779999,197839.72075,243,30.655,57051.71330,0
1784955780000,1861.04,1861.60,1860.69,1861.60,1041.046,1784955839999,1937437.33445,1221,561.253,1044509.87917,0
1784955840000,1861.60,1861.76,1860.90,1860.90,476.969,1784955899999,887778.15982,932,195.998,364808.98417,0
1784955900000,1860.91,1860.91,1860.75,1860.76,156.567,1784955959999,291347.42322,288,18.346,34139.27191,0
1784955960000,1860.76,1860.76,1860.75,1860.76,138.095,1784956019999,256961.26277,201,99.152,184498.07552,0
1784956020000,1860.76,1860.76,1860.75,1860.76,80.093,1784956079999,149033.27314,193,22.339,41567.51764,0
1784956080000,1860.75,1860.76,1860.56,1860.75,241.534,1784956139999,449411.80947,372,96.245,179073.55820,0
1784956140000,1860.74,1860.75,1860.35,1860.70,489.413,1784956199999,910547.43636,696,328.326,610828.80815,0
1784956200000,1860.69,1860.70,1860.69,1860.69,68.175,1784956259999,126852.65130,124,11.055,20570.03850,0
1784956260000,1860.70,1860.70,1860.40,1860.41,358.670,1784956319999,667334.55892,426,51.887,96544.26575,0
1784956320000,1860.40,1860.41,1859.82,1859.82,323.252,1784956379999,601283.28186,1105,22.234,41356.72901,0
1784956380000,1859.82,1860.14,1859.59,1859.60,512.270,1784956439999,952750.44660,850,239.485,445409.53583,0
1784956440000,1859.60,1859.75,1859.59,1859.75,335.127,1784956499999,623233.47676,376,127.473,237059.65253,0
1784956500000,1859.74,1859.75,1859.59,1859.59,198.126,1784956559999,368460.43842,302,21.700,40356.45275,0
1784956560000,1859.60,1859.60,1859.53,1859.53,107.952,1784956619999,200742.40970,317,9.109,16938.73826,0
1784956620000,1859.54,1860.00,1859.53,1859.99,724.219,1784956679999,1346852.69771,622,630.622,1172786.52166,0
1784956680000,1860.00,1860.00,1859.99,1859.99,101.800,1784956739999,189347.63172,153,64.972,120847.92000,0
1784956740000,1859.99,1860.00,1859.61,1859.62,151.243,1784956799999,281299.74074,401,8.226,15299.96701,0
1784956800000,1859.62,1859.89,1859.61,1859.89,199.161,1784956859999,370380.79677,262,172.626,321031.91547,0
1784956860000,1859.89,1859.89,1859.61,1859.88,272.000,1784956919999,505850.49238,413,226.856,421890.77649,0
1784956920000,1859.89,1860.35,1859.88,1860.34,251.605,1784956979999,468011.10515,521,220.865,410836.73725,0
1784956980000,1860.34,1860.40,1860.21,1860.40,261.258,1784957039999,486021.91603,360,56.378,104876.86017,0
1784957040000,1860.39,1860.57,1860.07,1860.07,324.054,1784957099999,602883.65600,847,97.031,180515.48679,0
1784957100000,1860.07,1860.25,1860.06,1860.07,216.095,1784957159999,401954.56682,430,114.781,213501.86011,0
1784957160000,1860.07,1860.07,1860.06,1860.06,69.833,1784957219999,129893.91071,155,34.073,63378.16511,0
1784957220000,1860.07,1860.07,1860.00,1860.00,151.242,1784957279999,281312.79226,184,135.121,251326.87957,0
1784957280000,1860.01,1860.20,1859.75,1859.75,306.530,1784957339999,570144.87779,614,111.757,207872.71167,0
1784957340000,1859.76,1859.93,1859.75,1859.93,134.613,1784957399999,250358.76112,284,110.856,206176.13671,0
1784957400000,1859.93,1859.93,1859.49,1859.49,331.591,1784957459999,616660.62431,573,46.603,86673.42221,0
1784957460000,1859.50,1859.83,1859.49,1859.76,233.754,1784957519999,434690.86280,484,191.131,355422.93360,0
1784957520000,1859.76,1859.79,1859.15,1859.16,478.113,1784957579999,889083.16714,701,28.680,53323.08464,0
1784957580000,1859.16,1859.16,1858.94,1858.94,375.192,1784957639999,697491.10928,473,30.117,55988.11780,0
1784957640000,1858.95,1858.95,1858.41,1858.46,1082.399,1784957699999,2011773.59908,1187,566.846,1053506.43814,0
1784957700000,1858.46,1858.63,1857.72,1858.43,1350.368,1784957759999,2509226.99907,1812,464.559,863234.93914,0
1784957760000,1858.43,1858.43,1857.84,1858.28,1022.931,1784957819999,1900607.91933,985,615.812,1144138.06770,0
1784957820000,1858.28,1858.29,1856.60,1857.31,2677.801,1784957879999,4973634.91532,3722,807.500,1499633.80386,0
1784957880000,1857.32,1857.32,1856.84,1857.05,761.612,1784957939999,1414332.10511,763,157.641,292742.13964,0
1784957940000,1857.05,1857.13,1856.45,1856.68,2024.241,1784957999999,3758699.03630,1808,485.892,902225.87258,0
1784958000000,1856.68,1856.99,1856.36,1856.99,1609.330,1784958059999,2988141.70462,1243,1152.792,2140422.66152,0
1784958060000,1856.99,1857.49,1856.98,1857.15,1756.879,1784958119999,3263104.65969,1182,676.230,1255890.33362,0
1784958120000,1857.15,1857.36,1857.14,1857.21,385.405,1784958179999,715797.50853,444,264.524,491282.71235,0
1784958180000,1857.21,1857.72,1857.04,1857.71,766.217,1784958239999,1423030.28396,981,406.889,755706.99700,0
1784958240000,1857.71,1857.72,1857.25,1857.25,423.006,1784958299999,785748.95975,526,208.529,387341.94160,0
1784958300000,1857.24,1857.25,1857.02,1857.02,457.832,1784958359999,850226.87258,396,106.665,198083.38340,0
1784958360000,1857.02,1857.43,1857.02,1857.43,397.425,1784958419999,738089.83836,542,331.076,614856.15458,0
1784958420000,1857.42,1857.43,1857.23,1857.24,217.241,1784958479999,403482.20821,359,116.527,216423.21146,0
1784958480000,1857.23,1857.24,1857.08,1857.08,490.586,1784958539999,911112.00101,434,168.806,313512.18021,0
1784958540000,1857.08,1857.09,1856.66,1856.83,936.544,1784958599999,1739107.61813,804,200.970,373174.53678,0
1784958600000,1856.84,1856.93,1856.84,1856.92,134.827,1784958659999,250360.67546,217,100.113,185899.55458,0
1784958660000,1856.92,1856.94,1856.92,1856.93,290.944,1784958719999,540262.68960,337,224.673,417202.68453,0
1784958720000,1856.93,1857.42,1856.79,1856.79,714.791,1784958779999,1327385.01499,913,375.310,696953.19660,0
1784958780000,1856.79,1856.80,1856.00,1856.63,1142.178,1784958839999,2120215.43762,1515,260.399,483361.64846,0
1784958840000,1856.63,1857.52,1856.63,1857.52,1643.578,1784958899999,3052325.21992,1202,1527.419,2836575.78592,0
1784958900000,1857.52,1857.88,1857.51,1857.88,419.184,1784958959999,778715.18070,511,344.917,640740.35304,0
1784958960000,1857.88,1857.88,1857.44,1857.45,628.479,1784959019999,1167600.92727,616,82.289,152881.71482,0
1784959020000,1857.45,1857.94,1857.31,1857.94,661.982,1784959079999,1229668.10511,1088,494.144,917929.11817,0
1784959080000,1857.94,1857.94,1857.93,1857.94,118.311,1784959139999,219814.54663,144,99.040,184010.37760,0
1784959140000,1857.93,1858.09,1857.56,1857.57,742.916,1784959199999,1380297.63576,760,460.575,855731.58125,0
1784959200000,1857.57,1857.87,1857.56,1857.65,860.382,1784959259999,1598384.77550,566,410.595,762748.03549,0
1784959260000,1857.66,1857.66,1857.65,1857.65,133.151,1784959319999,247348.55364,125,59.849,111179.09334,0
1784959320000,1857.65,1857.95,1857.65,1857.94,424.317,1784959379999,788323.40517,579,374.972,696643.65968,0
1784959380000,1857.94,1858.33,1857.94,1858.33,476.978,1784959439999,886277.65064,572,434.490,807337.15468,0
1784959440000,1858.33,1858.47,1858.15,1858.28,532.030,1784959499999,988715.47153,841,423.534,787090.00624,0
1784959500000,1858.28,1858.28,1857.78,1857.78,201.397,1784959559999,374210.54548,633,49.763,92466.16151,0
1784959560000,1857.78,1857.78,1857.09,1857.10,602.186,1784959619999,1118477.29780,803,63.064,117143.76016,0
1784959620000,1857.09,1857.93,1856.90,1857.92,1174.699,1784959679999,2181801.29168,1321,782.571,1453479.79139,0
1784959680000,1857.92,1858.00,1857.92,1858.00,163.079,1784959739999,302994.82784,255,143.112,265896.49957,0
1784959740000,1857.99,1858.42,1857.99,1858.42,443.677,1784959799999,824471.33189,711,278.725,517929.38782,0
1784959800000,1858.42,1858.42,1857.92,1857.93,127.944,1784959859999,237730.15936,413,39.941,74210.57626,0
1784959860000,1857.93,1858.32,1857.92,1858.32,389.420,1784959919999,723565.55887,476,335.985,624287.51983,0
1784959920000,1858.31,1858.41,1858.31,1858.32,225.853,1784959979999,419715.28380,316,106.342,197621.19838,0
1784959980000,1858.32,1858.68,1858.31,1858.50,468.046,1784960039999,869866.09972,614,391.849,728243.38061,0
1784960040000,1858.49,1858.63,1858.49,1858.63,158.172,1784960099999,293966.92931,269,104.078,193433.32899,0
1784960100000,1858.63,1858.75,1858.62,1858.64,540.671,1784960159999,1004942.40669,460,290.726,540361.07455,0
1784960160000,1858.64,1858.64,1857.76,1857.76,384.336,1784960219999,714242.80228,780,62.263,115722.72195,0
1784960220000,1857.77,1859.00,1857.76,1859.00,1492.269,1784960279999,2773336.97354,2160,1303.662,2422823.86943,0
1784960280000,1858.99,1859.36,1858.73,1859.35,667.577,1784960339999,1241049.82689,1012,434.986,808693.42535,0
1784960340000,1859.35,1859.41,1858.82,1859.20,418.499,1784960399999,778105.86096,1096,302.572,562570.15316,0
1784960400000,1859.19,1859.20,1858.73,1858.74,448.617,1784960459999,833966.86082,764,169.469,315040.36294,0
1784960460000,1858.74,1858.74,1858.27,1858.33,494.102,1784960519999,918248.73327,905,151.725,281972.62154,0
1784960520000,1858.33,1858.41,1858.32,1858.41,141.024,1784960579999,262072.70212,232,111.576,207347.41236,0
1784960580000,1858.41,1858.41,1855.73,1856.00,5688.710,1784960639999,10562102.50139,3939,742.217,1377507.72645,0
1784960640000,1856.00,1856.10,1855.38,1855.95,1774.811,1784960699999,3293597.86091,1879,706.732,1311508.21549,0
1784960700000,1855.94,1855.95,1855.25,1855.80,1453.514,1784960759999,2697161.06760,1639,273.040,506649.52263,0
1784960760000,1855.80,1856.07,1855.67,1856.06,902.289,1784960819999,1674444.35781,776,479.905,890597.36619,0
1784960820000,1856.07,1856.69,1856.06,1856.38,868.178,1784960879999,1611714.16483,1007,413.142,766925.57634,0
1784960880000,1856.39,1856.73,1856.38,1856.51,714.338,1784960939999,1326213.63563,709,536.914,996799.14463,0
1784960940000,1856.50,1856.51,1855.80,1855.81,414.918,1784960999999,770074.46138,785,138.789,257579.69584,0
1784961000000,1855.80,1855.81,1855.01,1855.01,1548.522,1784961059999,2872950.67599,1284,515.146,955700.90427,0
1784961060000,1855.01,1856.18,1855.01,1855.64,1272.489,1784961119999,2361252.78068,1717,933.234,1731692.31794,0
1784961120000,1855.64,1855.86,1855.63,1855.86,593.850,1784961179999,1102009.00424,538,449.285,833748.29902,0
1784961180000,1855.86,1855.97,1853.81,1855.10,4343.908,1784961239999,8056852.98369,4618,1208.381,2241036.23228,0
1784961240000,1855.10,1855.46,1854.74,1855.25,1139.144,1784961299999,2113122.34852,1289,772.545,1433071.88013,0
1784961300000,1855.24,1855.30,1854.84,1854.85,748.861,1784961359999,1389182.70802,674,350.949,651052.52673,0
1784961360000,1854.85,1855.71,1854.84,1855.58,807.766,1784961419999,1498834.53470,1193,569.955,1057548.28504,0
1784961420000,1855.58,1855.77,1855.57,1855.77,275.056,1784961479999,510409.98736,330,191.571,355490.43200,0
1784961480000,1855.76,1856.39,1855.76,1855.97,884.606,1784961539999,1641931.79525,1060,533.909,990926.38815,0
1784961540000,1855.97,1855.97,1855.76,1855.79,488.275,1784961599999,906199.25838,531,127.566,236757.46518,0
1784961600000,1855.78,1855.78,1854.90,1854.91,908.766,1784961659999,1686149.00020,871,40.004,74214.71540,0
1784961660000,1854.90,1855.26,1854.90,1855.26,467.198,1784961719999,866655.44935,526,420.676,780348.02357,0
1784961720000,1855.25,1855.25,1854.67,1854.67,432.167,1784961779999,801606.42946,633,152.875,283543.02533,0
1784961780000,1854.67,1854.68,1854.49,1854.50,602.347,1784961839999,1117127.76052,532,221.749,411262.13334,0
1784961840000,1854.50,1854.88,1854.50,1854.65,1517.445,1784961899999,2814458.78780,915,973.400,1805360.46056,0
1784961900000,1854.66,1854.95,1854.65,1854.95,460.316,1784961959999,853760.86057,496,324.281,601454.19567,0
1784961960000,1854.95,1855.00,1854.20,1854.21,873.326,1784962019999,1619668.21363,1024,156.087,289491.02129,0
1784962020000,1854.20,1854.21,1854.20,1854.21,467.976,1784962079999,867722.29689,488,119.769,222076.87749,0
1784962080000,1854.21,1854.31,1853.44,1853.97,2111.776,1784962139999,3915069.63576,1996,316.468,586671.70921,0
1784962140000,1853.96,1854.76,1853.96,1854.16,772.132,1784962199999,1431869.73598,1433,369.747,685654.12907,0
1784962200000,1854.16,1854.94,1854.16,1854.83,394.346,1784962259999,731410.71116,1094,177.141,328535.75695,0
1784962260000,1854.83,1855.00,1854.83,1854.99,168.609,1784962319999,312767.65970,304,90.752,168343.70687,0
1784962320000,1855.00,1855.61,1854.99,1855.60,617.468,1784962379999,1145557.26481,823,596.981,1107548.66288,0
1784962380000,1855.61,1855.88,1855.60,1855.88,255.681,1784962439999,474481.27387,472,229.051,425062.93033,0
1784962440000,1855.88,1856.00,1855.87,1856.00,132.417,1784962499999,245757.56569,308,98.629,183050.66605,0
1784962500000,1855.99,1856.00,1855.99,1856.00,359.776,1784962559999,667742.59483,382,193.659,359431.10400,0
1784962560000,1855.99,1856.06,1855.99,1856.05,177.287,1784962619999,329047.84216,244,152.356,282776.10943,0
1784962620000,1856.05,1856.14,1855.73,1855.88,586.431,1784962679999,1088425.76882,689,252.453,468544.89139,0
1784962680000,1855.88,1856.90,1855.87,1856.89,1268.572,1784962739999,2354918.36139,1426,917.384,1702947.97003,0
1784962740000,1856.90,1857.85,1856.90,1857.64,1081.701,1784962799999,2009122.66892,1471,592.462,1100369.19480,0
1784962800000,1857.65,1857.65,1857.64,1857.64,145.797,1784962859999,270839.14118,165,80.210,149002.10650,0
1784962860000,1857.65,1857.65,1857.64,1857.64,209.936,1784962919999,389986.86923,319,135.819,252304.16535,0
1784962920000,1857.64,1857.65,1857.41,1857.42,264.378,1784962979999,491084.69597,412,40.459,75152.36402,0
1784962980000,1857.41,1857.42,1857.32,1857.32,141.442,1784963039999,262711.87010,304,15.468,28730.37429,0
1784963040000,1857.32,1857.91,1857.23,1857.57,1073.319,1784963099999,1993620.56876,1299,927.822,1723328.20599,0
1784963100000,1857.56,1857.56,1857.43,1857.43,154.625,1784963159999,287212.14602,402,64.710,120196.98664,0
1784963160000,1857.43,1857.44,1857.34,1857.35,307.667,1784963219999,571462.42560,369,17.332,32191.75598,0
1784963220000,1857.35,1857.35,1857.34,1857.34,50.891,1784963279999,94522.12324,179,23.330,43331.97550,0
1784963280000,1857.34,1857.35,1857.34,1857.34,125.542,1784963339999,233174.64219,275,46.391,86164.32385,0
1784963340000,1857.35,1857.35,1856.60,1856.60,411.415,1784963399999,764027.58588,948,76.704,142462.73108,0
1784963400000,1856.60,1856.93,1856.60,1856.93,804.816,1784963459999,1494332.36359,703,612.803,1137809.74622,0
1784963460000,1856.93,1857.09,1856.78,1857.09,522.424,1784963519999,970098.63670,612,170.941,317420.72882,0
1784963520000,1857.09,1857.21,1856.95,1856.95,334.688,1784963579999,621550.17226,503,50.541,93856.36887,0
1784963580000,1856.95,1856.95,1856.77,1856.77,132.575,1784963639999,246179.41333,353,31.573,58628.25516,0
1784963640000,1856.77,1856.78,1856.64,1856.65,279.344,1784963699999,518659.61601,413,33.490,62182.06332,0
1784963700000,1856.64,1856.85,1856.64,1856.84,208.283,1784963759999,386739.36749,378,195.103,362267.16097,0
1784963760000,1856.84,1856.86,1856.84,1856.85,39.868,1784963819999,74029.05427,183,25.173,46742.70051,0
1784963820000,1856.86,1856.90,1856.25,1856.28,617.536,1784963879999,1146493.32428,851,158.057,293466.32270,0
1784963880000,1856.28,1856.28,1856.00,1856.00,282.667,1784963939999,524654.39665,422,34.137,63359.36019,0
1784963940000,1856.00,1856.40,1855.81,1856.40,416.590,1784963999999,773158.02937,700,230.370,427558.23466,0
1784964000000,1856.39,1856.40,1856.39,1856.40,94.055,1784964059999,174602.99441,132,23.296,43246.69440,0
1784964060000,1856.40,1856.41,1856.38,1856.39,825.439,1784964119999,1532339.56969,396,54.365,100923.21668,0
1784964120000,1856.39,1857.10,1856.38,1857.09,258.954,1784964179999,480818.38668,588,248.939,462222.99488,0
1784964180000,1857.10,1857.10,1857.09,1857.10,139.959,1784964239999,259917.45611,146,99.680,185115.72800,0
1784964240000,1857.10,1857.40,1857.09,1857.19,319.939,1784964299999,594230.79268,559,106.994,198717.57715,0
1784964300000,1857.18,1857.18,1857.03,1857.03,81.128,1784964359999,150658.80996,171,18.505,34364.52520,0
1784964360000,1857.03,1857.04,1857.03,1857.04,34.248,1784964419999,63599.77377,119,21.033,39059.12232,0
1784964420000,1857.04,1857.04,1856.92,1856.94,260.882,1784964479999,484463.12564,316,40.436,75090.95615,0
1784964480000,1856.94,1856.95,1856.94,1856.95,103.339,1784964539999,191894.62731,122,30.465,56571.98175,0
1784964540000,1856.94,1856.95,1856.20,1856.21,299.535,1784964599999,556157.30001,702,31.515,58521.74866,0
1784964600000,1856.21,1856.44,1856.07,1856.23,367.756,1784964659999,682630.82386,768,179.861,333848.06647,0
1784964660000,1856.23,1856.23,1855.77,1855.78,361.777,1784964719999,671436.67749,563,94.882,176088.25909,0
1784964720000,1855.77,1855.87,1854.99,1855.87,1386.803,1784964779999,2572989.35305,1664,167.531,310848.69510,0
1784964780000,1855.87,1856.00,1855.86,1855.99,236.270,1784964839999,438490.55798,337,74.094,137511.87935,0
1784964840000,1856.00,1856.17,1855.99,1856.17,119.538,1784964899999,221865.85012,375,98.578,182964.29804,0
1784964900000,1856.16,1856.17,1856.16,1856.17,138.078,1784964959999,256295.88295,270,102.247,189787.81399,0
1784964960000,1856.16,1856.17,1856.02,1856.02,136.337,1784965019999,253059.30534,286,21.842,40541.64152,0
1784965020000,1856.02,1856.03,1856.02,1856.03,142.346,1784965079999,264197.76135,246,73.843,137054.82329,0
1784965080000,1856.03,1856.38,1856.02,1856.38,217.046,1784965139999,402878.54673,462,208.659,387309.97972,0
1784965140000,1856.38,1856.69,1856.38,1856.68,259.370,1784965199999,481531.64637,530,225.131,417966.04204,0
1784965200000,1856.69,1856.94,1856.25,1856.25,565.577,1784965259999,1050105.72548,912,130.179,241685.02485,0
1784965260000,1856.26,1856.26,1855.89,1855.90,155.520,1784965319999,288664.53079,484,20.684,38392.90905,0
1784965320000,1855.90,1855.90,1855.89,1855.89,172.017,1784965379999,319244.75249,213,12.236,22708.79240,0
1784965380000,1855.89,1855.90,1855.89,1855.89,193.233,1784965439999,358620.21098,237,101.861,189043.82990,0
1784965440000,1855.90,1856.10,1855.89,1856.10,254.414,1784965499999,472172.94606,386,174.942,324680.46268,0
1784965500000,1856.09,1856.20,1856.09,1856.19,234.870,1784965559999,435961.77675,261,65.299,121205.83226,0
1784965560000,1856.19,1856.26,1856.19,1856.26,122.322,1784965619999,227054.80618,243,92.094,170945.50552,0
1784965620000,1856.26,1856.26,1856.25,1856.26,123.821,1784965679999,229843.13346,156,40.221,74660.63346,0
1784965680000,1856.26,1857.00,1856.21,1856.22,1712.429,1784965739999,3179412.97403,1753,1301.828,2417023.29392,0
1784965740000,1856.21,1856.22,1855.40,1855.61,546.052,1784965799999,1013342.66241,883,149.167,276795.08589,0
1784965800000,1855.61,1855.81,1855.61,1855.81,154.185,1784965859999,286117.73582,262,92.020,170757.99837,0
1784965860000,1855.81,1855.81,1855.80,1855.81,222.797,1784965919999,413468.01133,236,133.873,248442.85213,0
1784965920000,1855.81,1855.81,1855.80,1855.81,263.510,1784965979999,489023.18110,243,132.310,245542.22110,0
1784965980000,1855.80,1855.81,1855.80,1855.81,72.935,1784966039999,135353.33336,173,56.036,103992.16916,0
1784966040000,1855.81,1855.96,1855.25,1855.34,984.105,1784966099999,1826181.02784,778,545.342,1011958.59904,0
1784966100000,1855.34,1855.88,1855.33,1855.87,303.879,1784966159999,563850.75661,528,205.786,381846.20198,0
1784966160000,1855.87,1855.88,1855.47,1855.48,210.330,1784966219999,390310.25210,376,34.644,64283.53952,0
1784966220000,1855.47,1855.48,1855.47,1855.48,179.096,1784966279999,332307.84336,264,58.824,109146.75552,0
1784966280000,1855.48,1855.48,1855.41,1855.42,309.888,1784966339999,574986.74015,315,83.235,154439.93658,0
1784966340000,1855.41,1855.42,1855.10,1855.11,396.568,1784966399999,735773.87486,496,83.885,155641.43705,0
1784966400000,1855.10,1855.11,1854.00,1855.01,3484.579,1784966459999,6462621.56006,2598,733.982,1361213.35566,0
1784966460000,1855.00,1855.07,1854.38,1855.07,667.987,1784966519999,1238948.13971,1144,233.993,434005.56938,0
1784966520000,1855.06,1855.06,1854.19,1854.31,1123.095,1784966579999,2082769.42191,1186,128.606,238484.19923,0
1784966580000,1854.32,1854.60,1854.31,1854.52,601.659,1784966639999,1115706.19320,545,329.321,610682.45399,0
1784966640000,1854.52,1854.56,1854.00,1854.10,1003.640,1784966699999,1861068.57308,1027,188.901,350292.63230,0
1784966700000,1854.10,1854.59,1854.09,1854.59,541.371,1784966759999,1003895.73271,810,445.418,825962.91008,0
1784966760000,1854.59,1854.73,1853.00,1853.38,4151.153,1784966819999,7694487.16842,3299,678.478,1257510.22957,0
1784966820000,1853.39,1853.56,1852.11,1852.91,3810.408,1784966879999,7060082.28251,2897,427.488,792041.61134,0
1784966880000,1852.91,1853.56,1852.12,1853.36,4511.833,1784966939999,8359158.22809,3019,2200.234,4077112.43180,0
1784966940000,1853.36,1853.84,1853.34,1853.40,1238.484,1784966999999,2295634.13775,1508,700.923,1299205.44071,0
1784967000000,1853.39,1853.96,1853.35,1853.95,1375.056,1784967059999,2548945.61891,1385,1131.558,2097553.74468,0
1784967060000,1853.95,1854.00,1853.50,1853.51,724.240,1784967119999,1342674.31227,1176,209.231,387905.18824,0
1784967120000,1853.50,1853.51,1852.21,1852.21,1888.770,1784967179999,3499692.32913,2048,265.012,490977.71857,0
1784967180000,1852.22,1853.38,1852.21,1853.38,1318.699,1784967239999,2443248.24168,1335,860.666,1594543.25363,0
1784967240000,1853.38,1853.55,1853.22,1853.54,479.406,1784967299999,888509.24884,729,178.836,331451.48193,0
1784967300000,1853.54,1854.11,1853.54,1854.11,556.154,1784967359999,1031004.44682,791,363.892,674595.91131,0
1784967360000,1854.11,1854.27,1854.10,1854.27,275.631,1784967419999,511074.76812,503,207.795,385292.09789,0
1784967420000,1854.27,1854.27,1854.17,1854.18,352.622,1784967479999,653842.42506,455,89.963,166812.65525,0
1784967480000,1854.17,1854.18,1854.17,1854.17,116.582,1784967539999,216163.56890,173,72.196,133864.37928,0
1784967540000,1854.18,1854.67,1854.17,1854.67,448.508,1784967599999,831668.07667,743,389.232,721759.51720,0
1784967600000,1854.68,1855.33,1854.67,1855.33,1574.633,1784967659999,2920903.41506,1035,1316.148,2441449.31032,0
1784967660000,1855.33,1855.33,1854.74,1855.17,907.175,1784967719999,1682943.18244,1053,251.797,467119.93934,0
1784967720000,1855.17,1855.17,1854.33,1854.45,568.994,1784967779999,1055269.38490,1041,214.054,396955.63647,0
1784967780000,1854.46,1854.91,1854.45,1854.56,418.264,1784967839999,775732.33084,638,278.731,516924.56062,0
1784967840000,1854.56,1854.56,1854.54,1854.54,289.745,1784967899999,537347.49897,217,92.570,171676.61920,0
1784967900000,1854.54,1854.54,1854.21,1854.52,520.835,1784967959999,965774.94987,617,234.017,433936.61632,0
1784967960000,1854.53,1854.71,1854.52,1854.54,441.007,1784968019999,817907.06874,491,265.000,491476.28580,0
1784968020000,1854.53,1854.53,1854.18,1854.43,279.666,1784968079999,518598.74557,553,72.517,134471.53051,0
1784968080000,1854.44,1854.80,1854.43,1854.80,103.344,1784968139999,191664.96412,375,71.235,132110.33668,0
1784968140000,1854.80,1854.96,1854.79,1854.96,149.998,1784968199999,278218.62287,305,68.296,126677.70859,0
1784968200000,1854.95,1855.15,1854.53,1854.53,484.527,1784968259999,898769.55679,698,197.654,366629.19603,0
1784968260000,1854.53,1854.65,1854.34,1854.34,468.225,1784968319999,868291.44568,787,302.200,560401.63650,0
1784968320000,1854.34,1854.54,1854.34,1854.54,402.638,1784968379999,746684.49141,413,226.900,420785.17476,0
1784968380000,1854.53,1855.05,1854.53,1855.01,285.739,1784968439999,530025.83046,661,124.703,231305.99911,0
1784968440000,1855.01,1855.01,1854.40,1854.58,701.603,1784968499999,1301231.78474,884,342.029,634281.74202,0
1784968500000,1854.58,1854.60,1854.09,1854.10,1100.587,1784968559999,2040979.69817,900,528.733,980495.57940,0
1784968560000,1854.09,1854.10,1853.56,1853.56,640.884,1784968619999,1188135.32049,815,228.889,424374.12253,0
1784968620000,1853.57,1853.73,1853.44,1853.73,353.983,1784968679999,656136.83738,594,255.488,473561.43695,0
1784968680000,1853.72,1853.73,1853.62,1853.62,228.156,1784968739999,422928.33888,358,17.069,31640.34187,0
1784968740000,1853.63,1853.86,1853.53,1853.69,652.393,1784968799999,1209325.73843,811,487.159,903031.66732,0
1784968800000,1853.69,1854.42,1853.69,1854.41,330.226,1784968859999,612248.44845,699,255.339,473399.44316,0
1784968860000,1854.42,1854.63,1854.41,1854.63,208.305,1784968919999,386319.97954,437,115.337,213901.87907,0
1784968920000,1854.63,1854.81,1854.62,1854.63,340.451,1784968979999,631453.62466,476,136.012,252262.28599,0
1784968980000,1854.63,1854.63,1854.01,1854.01,680.632,1784969039999,1262215.21146,848,351.747,652289.68060,0
1784969040000,1854.01,1854.32,1854.00,1854.20,505.209,1784969099999,936720.57708,481,374.256,693921.53884,0
1784969100000,1854.19,1854.29,1853.00,1853.36,1118.569,1784969159999,2073450.25567,1514,459.684,852126.49312,0
1784969160000,1853.37,1854.08,1853.36,1854.08,809.795,1784969219999,1501163.30143,906,414.106,767657.11422,0
1784969220000,1854.08,1854.42,1854.00,1854.01,326.123,1784969279999,604722.03879,736,87.655,162528.01914,0
1784969280000,1854.00,1854.01,1853.33,1853.34,310.810,1784969339999,576114.35393,597,50.271,93188.31367,0
1784969340000,1853.34,1853.34,1852.10,1852.62,1161.543,1784969399999,2151947.88770,1987,184.058,340987.52973,0
1784969400000,1852.62,1852.88,1852.09,1852.29,2308.718,1784969459999,4276782.60594,2221,442.674,820037.26144,0
1784969460000,1852.29,1852.97,1852.28,1852.28,1423.331,1784969519999,2636832.78300,1660,575.363,1065850.73236,0
1784969520000,1852.28,1852.29,1850.26,1850.84,7119.366,1784969579999,13178249.71080,6756,1787.777,3308854.58958,0
1784969580000,1850.85,1852.08,1850.84,1852.08,1686.905,1784969639999,3123523.47765,1757,946.434,1752392.92818,0
1784969640000,1852.08,1852.17,1851.80,1851.81,686.114,1784969699999,1270680.16490,842,304.481,563908.20871,0
1784969700000,1851.80,1852.75,1851.80,1852.68,1225.215,1784969759999,2269437.44801,1253,1045.938,1937379.14535,0
1784969760000,1852.68,1853.55,1852.48,1852.67,1683.612,1784969819999,3119482.85298,2236,995.147,1843918.14821,0
1784969820000,1852.67,1852.93,1852.67,1852.92,466.358,1784969879999,864090.40401,542,360.524,667996.35838,0
1784969880000,1852.93,1852.93,1852.02,1852.02,442.356,1784969939999,819505.12067,979,91.559,169608.44663,0
1784969940000,1852.03,1852.90,1852.02,1852.89,1574.182,1784969999999,2916094.96896,1239,854.718,1583309.74377,0
1784970000000,1852.89,1853.44,1852.89,1853.44,722.513,1784970059999,1338939.32992,829,670.933,1243352.37114,0
1784970060000,1853.43,1854.09,1853.43,1853.67,1443.409,1784970119999,2675767.77857,1349,1042.348,1932273.97604,0
1784970120000,1853.67,1853.72,1852.46,1852.62,724.330,1784970179999,1342412.32439,1414,238.772,442455.67342,0
1784970180000,1852.62,1852.70,1852.62,1852.70,416.590,1784970239999,771798.23543,424,78.898,146171.90428,0
1784970240000,1852.70,1852.70,1851.27,1851.86,1649.112,1784970299999,3053841.16654,1987,527.626,977033.73524,0
1784970300000,1851.87,1852.54,1851.87,1852.01,753.069,1784970359999,1394922.09697,1222,407.791,755346.36497,0
1784970360000,1852.01,1852.11,1850.74,1850.83,2208.884,1784970419999,4090147.24072,2290,219.283,406077.90604,0
1784970420000,1850.82,1851.69,1850.82,1851.68,574.018,1784970479999,1062740.52749,857,248.221,459506.44070,0
1784970480000,1851.68,1851.98,1851.68,1851.98,695.758,1784970539999,1288402.58340,649,392.620,727043.19434,0
1784970540000,1851.98,1852.23,1851.68,1852.23,509.840,1784970599999,944180.26038,767,318.386,589634.58011,0
1784970600000,1852.23,1852.68,1852.22,1852.38,697.656,1784970659999,1292362.71318,940,438.460,812206.41182,0
1784970660000,1852.38,1852.66,1852.37,1852.37,470.640,1784970719999,871880.03146,657,291.256,539561.72778,0
1784970720000,1852.38,1852.46,1852.24,1852.46,282.217,1784970779999,522779.10545,416,123.007,227853.04830,0
1784970780000,1852.45,1852.62,1852.45,1852.61,225.916,1784970839999,418519.85532,401,185.512,343669.39001,0
1784970840000,1852.61,1853.38,1852.61,1853.37,421.418,1784970899999,780885.19949,864,367.670,681283.11032,0
1784970900000,1853.37,1853.54,1853.23,1853.53,862.420,1784970959999,1598385.14420,662,569.788,1056032.05248,0
1784970960000,1853.54,1853.63,1853.53,1853.63,361.569,1784971019999,670185.56830,405,342.873,635531.85796,0
1784971020000,1853.62,1854.35,1853.62,1854.20,983.182,1784971079999,1822713.43696,842,861.073,1596304.51267,0
1784971080000,1854.20,1854.20,1853.06,1853.06,1077.233,1784971139999,1996635.74136,1084,231.276,428648.92401,0
1784971140000,1853.06,1853.07,1852.68,1852.79,1112.789,1784971199999,2061810.89133,1058,428.138,793241.31453,0
1784971200000,1852.78,1852.79,1852.35,1852.47,569.605,1784971259999,1055216.72670,832,195.880,362861.18993,0
1784971260000,1852.47,1852.73,1852.47,1852.72,224.514,1784971319999,415926.68203,384,121.813,225665.06534,0
1784971320000,1852.73,1853.41,1852.73,1853.40,372.541,1784971379999,690376.46618,682,356.859,661312.42881,0
1784971380000,1853.41,1854.00,1853.40,1854.00,506.067,1784971439999,938144.54709,731,305.153,565676.67071,0
1784971440000,1854.00,1854.38,1853.87,1854.38,772.835,1784971499999,1432972.30680,1160,339.674,629803.50487,0
1784971500000,1854.38,1854.42,1854.03,1854.20,540.844,1784971559999,1002868.79093,851,334.161,619618.43442,0
1784971560000,1854.19,1854.44,1854.15,1854.44,568.873,1784971619999,1054870.83248,542,543.181,1007229.02488,0
1784971620000,1854.44,1854.87,1854.44,1854.87,685.163,1784971679999,1270757.72756,803,631.367,1170990.10123,0
1784971680000,1854.87,1855.00,1854.87,1855.00,588.567,1784971739999,1091779.70814,543,373.103,692097.07413,0
1784971740000,1855.00,1855.00,1854.99,1855.00,321.200,1784971799999,595824.49037,237,170.237,315789.63500,0
1784971800000,1855.00,1855.00,1854.99,1855.00,301.266,1784971859999,558847.78130,236,236.396,438514.58000,0
1784971860000,1855.00,1855.19,1854.99,1855.19,267.723,1784971919999,496632.91194,607,160.408,297563.56740,0
1784971920000,1855.18,1855.24,1855.18,1855.19,606.947,1784971979999,1126014.53186,450,362.304,672150.56022,0
1784971980000,1855.18,1855.19,1854.86,1854.87,456.649,1784972039999,847076.30729,552,138.091,256154.42309,0
1784972040000,1854.86,1854.87,1854.86,1854.87,163.144,1784972099999,302609.79831,199,51.847,96169.44489,0
1784972100000,1854.87,1854.94,1854.86,1854.93,324.440,1784972159999,601807.42855,339,285.112,528859.05554,0
1784972160000,1854.93,1855.23,1854.62,1855.23,899.086,1784972219999,1667641.83875,990,559.615,1037963.16504,0
1784972220000,1855.23,1855.31,1855.02,1855.14,209.643,1784972279999,388918.32017,541,135.260,250922.77650,0
1784972280000,1855.14,1855.78,1855.13,1855.51,1128.478,1784972339999,2093858.75506,1009,1049.094,1946554.65438,0
1784972340000,1855.52,1855.73,1855.02,1855.03,580.279,1784972399999,1076661.33968,832,330.425,613064.51873,0
1784972400000,1855.02,1855.03,1854.82,1854.98,323.169,1784972459999,599455.57583,533,96.922,179780.11960,0
1784972460000,1854.99,1855.37,1854.98,1855.37,232.963,1784972519999,432195.24594,560,184.074,341493.24103,0
1784972520000,1855.37,1855.61,1855.37,1855.61,335.668,1784972579999,622845.01801,441,141.674,262885.11993,0
1784972580000,1855.61,1855.61,1854.93,1855.16,554.218,1784972639999,1028146.12917,834,322.284,597831.04205,0
1784972640000,1855.16,1855.58,1855.15,1855.57,160.872,1784972699999,298470.32934,429,143.831,266854.09375,0
1784972700000,1855.58,1855.92,1855.57,1855.92,215.708,1784972759999,400293.10792,471,159.684,296322.39860,0
1784972760000,1855.91,1856.01,1855.91,1856.01,249.115,1784972819999,462353.94530,415,188.597,350033.60409,0
1784972820000,1856.01,1856.76,1856.00,1856.61,915.740,1784972879999,1700018.85213,1177,627.208,1164337.57531,0
1784972880000,1856.60,1856.64,1856.60,1856.64,498.918,1784972939999,926300.15977,386,370.882,688586.50266,0
1784972940000,1856.64,1856.64,1856.51,1856.52,1274.723,1784972999999,2366624.38172,519,328.666,610179.28931,0
1784973000000,1856.52,1857.23,1856.52,1857.01,1350.703,1784973059999,2508187.91464,1445,996.974,1851326.30831,0
1784973060000,1857.00,1858.00,1857.00,1858.00,2372.269,1784973119999,4407089.84562,2054,1944.028,3611476.27333,0
1784973120000,1857.99,1858.19,1857.89,1857.90,1150.471,1784973179999,2137639.88452,901,564.855,1049510.02587,0
1784973180000,1857.90,1857.90,1857.18,1857.38,610.916,1784973239999,1134730.01396,1023,154.578,287105.09813,0
1784973240000,1857.38,1857.38,1857.01,1857.10,879.848,1784973299999,1633987.84780,840,268.568,498753.00278,0
1784973300000,1857.11,1857.32,1857.10,1857.23,716.531,1784973359999,1330795.35083,588,337.821,627424.00830,0
1784973360000,1857.24,1857.31,1857.08,1857.08,634.970,1784973419999,1179300.45188,503,457.624,849929.71656,0
1784973420000,1857.08,1857.09,1856.50,1856.73,445.465,1784973479999,827132.45088,804,155.622,288952.86007,0
1784973480000,1856.73,1856.80,1856.73,1856.80,142.602,1784973539999,264774.63297,244,67.972,126206.38701,0
1784973540000,1856.80,1857.50,1856.58,1857.50,1064.047,1784973599999,1975741.99117,1132,842.790,1564925.21841,0
1784973600000,1857.50,1857.75,1857.11,1857.58,1135.829,1784973659999,2109867.96599,1332,497.768,924587.16533,0
1784973660000,1857.58,1857.78,1857.58,1857.60,464.336,1784973719999,862602.47709,669,170.289,316343.47958,0
1784973720000,1857.60,1857.78,1857.59,1857.78,288.844,1784973779999,536566.56187,356,224.360,416781.26979,0
1784973780000,1857.78,1858.00,1857.60,1857.60,830.502,1784973839999,1543031.75694,774,414.048,769277.98759,0
1784973840000,1857.61,1858.18,1857.60,1858.17,336.522,1784973899999,625206.53152,704,316.802,588569.42346,0
1784973900000,1858.18,1858.40,1858.17,1858.40,280.398,1784973959999,521050.31709,636,244.477,454301.28793,0
1784973960000,1858.39,1858.40,1857.51,1857.51,744.518,1784974019999,1383269.27628,954,140.283,260625.12527,0
1784974020000,1857.52,1857.52,1857.23,1857.23,552.495,1784974079999,1026167.09459,507,197.324,366500.88316,0
1784974080000,1857.24,1857.24,1857.19,1857.19,312.164,1784974139999,579760.41078,338,158.106,293640.28656,0
1784974140000,1857.20,1857.61,1857.19,1857.61,455.087,1784974199999,845257.48130,547,293.107,544393.96747,0
1784974200000,1857.60,1858.01,1857.58,1857.61,1365.613,1784974259999,2537023.55021,1187,493.921,917565.28498,0
1784974260000,1857.62,1857.99,1857.61,1857.87,274.785,1784974319999,510494.41891,613,153.201,284605.84749,0
1784974320000,1857.88,1857.88,1857.62,1857.67,555.090,1784974379999,1031259.27156,661,293.752,545738.61572,0
1784974380000,1857.66,1857.67,1857.33,1857.51,369.561,1784974439999,686444.73341,627,222.053,412451.43194,0
1784974440000,1857.51,1857.98,1857.50,1857.98,330.955,1784974499999,614839.45500,536,290.552,539783.29773,0
1784974500000,1857.98,1858.11,1857.97,1858.11,644.363,1784974559999,1197232.60514,510,465.121,864200.48016,0
1784974560000,1858.11,1858.11,1858.10,1858.11,140.515,1784974619999,261092.00583,239,108.433,201480.44163,0
1784974620000,1858.11,1858.11,1857.81,1857.82,304.711,1784974679999,566153.36302,403,126.241,234555.39005,0
1784974680000,1857.81,1858.25,1857.62,1858.10,874.635,1784974739999,1625037.84980,1018,596.778,1108808.65854,0
1784974740000,1858.10,1858.50,1858.09,1858.50,679.197,1784974799999,1262129.19968,616,654.779,1216750.02036,0
1784974800000,1858.50,1858.50,1857.20,1857.30,688.035,1784974859999,1278161.43503,1299,143.845,267180.17151,0
1784974860000,1857.29,1857.30,1857.29,1857.30,350.742,1784974919999,651429.87020,224,26.102,48479.24460,0
1784974920000,1857.30,1857.30,1856.59,1856.89,1605.368,1784974979999,2981019.36698,1236,445.310,826854.76949,0
1784974980000,1856.90,1856.90,1856.55,1856.84,768.399,1784975039999,1426632.62387,805,480.255,891637.78245,0
1784975040000,1856.83,1856.84,1856.83,1856.83,130.721,1784975099999,242726.81068,153,13.625,25299.44500,0
1784975100000,1856.84,1856.84,1856.83,1856.83,117.242,1784975159999,217698.66102,220,19.816,36795.14144,0
1784975160000,1856.84,1857.15,1856.82,1857.15,485.944,1784975219999,902390.02275,510,341.147,633511.05814,0
1784975220000,1857.15,1857.16,1857.14,1857.15,178.105,1784975279999,330767.31824,189,128.741,239091.37546,0
1784975280000,1857.16,1857.16,1856.90,1856.90,190.495,1784975339999,353772.36221,345,30.965,57505.76165,0
1784975340000,1856.90,1857.18,1856.61,1857.18,742.002,1784975399999,1377814.75966,878,288.482,535675.94100,0
1784975400000,1857.18,1857.18,1856.85,1856.85,329.227,1784975459999,611399.44490,486,126.326,234599.55058,0
1784975460000,1856.86,1857.27,1856.86,1857.26,267.031,1784975519999,495932.74906,408,101.651,188779.35174,0
1784975520000,1857.26,1857.27,1856.98,1856.99,341.613,1784975579999,634444.40548,461,90.655,168361.41287,0
1784975580000,1856.99,1856.99,1856.63,1856.63,265.974,1784975639999,493885.91502,391,103.400,192011.89835,0
1784975640000,1856.63,1857.28,1856.18,1857.27,1100.726,1784975699999,2043540.02294,1690,593.112,1101200.84899,0
1784975700000,1857.28,1857.69,1856.18,1856.27,805.370,1784975759999,1495422.36782,1559,156.726,291029.60004,0
1784975760000,1856.26,1856.27,1856.26,1856.26,74.726,1784975819999,138711.18305,128,29.829,55370.67783,0
1784975820000,1856.26,1856.27,1855.71,1856.24,958.916,1784975879999,1779783.97891,1204,339.183,629513.18639,0
1784975880000,1856.25,1857.25,1856.24,1856.97,805.754,1784975939999,1496189.15395,1113,667.244,1238978.24813,0
1784975940000,1856.97,1856.97,1856.96,1856.97,120.565,1784975999999,223885.53490,168,115.250,214015.79250,0
1784976000000,1856.96,1857.15,1856.96,1857.15,168.966,1784976059999,313776.06266,384,140.895,261645.83318,0
1784976060000,1857.14,1857.24,1856.01,1856.20,557.854,1784976119999,1035800.42017,1264,136.159,252825.44804,0
1784976120000,1856.19,1856.65,1856.19,1856.65,273.689,1784976179999,508076.42851,510,152.890,283828.59415,0
1784976180000,1856.65,1856.67,1856.36,1856.36,154.591,1784976239999,287014.57800,408,78.133,145064.71422,0
1784976240000,1856.36,1856.37,1856.36,1856.36,113.791,1784976299999,211237.22193,102,16.117,29919.11529,0
1784976300000,1856.37,1856.37,1856.36,1856.36,210.510,1784976359999,390783.19305,236,84.945,157689.34965,0
1784976360000,1856.36,1856.37,1856.21,1856.21,255.575,1784976419999,474425.82013,357,6.252,11605.14992,0
1784976420000,1856.21,1856.22,1856.21,1856.22,172.047,1784976479999,319356.00629,219,64.442,119618.52924,0
1784976480000,1856.21,1856.36,1856.21,1856.35,274.566,1784976539999,509673.21245,275,234.541,435373.96752,0
1784976540000,1856.36,1856.55,1856.35,1856.54,1019.125,1784976599999,1891879.87286,332,1013.789,1881974.23676,0
1784976600000,1856.55,1856.56,1856.54,1856.55,359.466,1784976659999,667366.88624,226,126.108,234126.18241,0
1784976660000,1856.55,1856.62,1856.54,1856.62,191.127,1784976719999,354841.12891,248,179.858,333919.62220,0
1784976720000,1856.61,1856.70,1856.01,1856.02,434.515,1784976779999,806715.75904,843,103.758,192635.75160,0
1784976780000,1856.02,1856.39,1856.02,1856.39,257.009,1784976839999,477076.16610,406,170.693,316842.47626,0
1784976840000,1856.39,1856.77,1856.38,1856.76,248.047,1784976899999,460494.33223,372,164.434,305269.26385,0
1784976900000,1856.77,1857.13,1856.76,1856.83,291.103,1784976959999,540542.24088,756,152.846,283810.86449,0
1784976960000,1856.83,1856.88,1856.82,1856.88,75.923,1784977019999,140977.95593,194,50.675,94095.79775,0
1784977020000,1856.88,1857.19,1856.87,1857.19,259.896,1784977079999,482636.63226,504,218.945,406587.85684,0
1784977080000,1857.18,1857.51,1857.18,1857.50,336.031,1784977139999,624123.89720,559,282.675,525016.76407,0
1784977140000,1857.50,1857.72,1857.50,1857.72,411.135,1784977199999,763724.09929,556,371.014,689197.92645,0
1784977200000,1857.72,1857.72,1857.02,1857.35,775.692,1784977259999,1440793.83084,905,230.308,427764.08944,0
1784977260000,1857.35,1858.17,1857.35,1858.16,455.361,1784977319999,845986.81501,866,421.924,783871.94561,0
1784977320000,1858.17,1858.88,1858.16,1858.88,867.222,1784977379999,1611772.71080,1031,690.018,1282449.07778,0
1784977380000,1858.88,1859.38,1858.31,1858.69,1835.848,1784977439999,3412607.84063,2001,746.841,1388374.87424,0
1784977440000,1858.69,1859.10,1857.91,1858.85,662.112,1784977499999,1230553.15099,1780,422.948,786058.58014,0
1784977500000,1858.85,1859.21,1858.85,1859.11,832.832,1784977559999,1548325.49000,998,277.894,516614.53050,0
1784977560000,1859.11,1859.11,1859.00,1859.00,423.881,1784977619999,788004.26850,487,129.808,241315.74282,0
1784977620000,1859.01,1859.17,1858.20,1858.42,967.230,1784977679999,1797649.07641,1563,543.310,1009718.24762,0
1784977680000,1858.42,1858.59,1857.80,1858.16,1560.014,1784977739999,2898871.73541,1329,261.329,485613.06467,0
1784977740000,1858.16,1858.48,1858.15,1858.47,218.161,1784977799999,405407.59537,457,195.864,363973.60644,0
1784977800000,1858.48,1858.48,1858.08,1858.08,496.087,1784977859999,921891.44143,680,73.037,135725.48760,0
1784977860000,1858.08,1858.09,1857.96,1857.97,261.451,1784977919999,485790.30581,392,56.003,104057.58647,0
1784977920000,1857.97,1858.27,1857.96,1858.27,294.097,1784977979999,546476.67212,425,207.063,384751.18025,0
1784977980000,1858.27,1858.70,1858.26,1858.70,269.727,1784978039999,501304.82144,476,133.654,248387.96611,0
1784978040000,1858.69,1858.70,1858.51,1858.52,279.287,1784978099999,519071.34191,389,56.018,104110.89816,0
1784978100000,1858.51,1858.52,1858.03,1858.30,699.468,1784978159999,1299741.37625,861,471.203,875557.59273,0
1784978160000,1858.29,1858.31,1858.29,1858.30,119.223,1784978219999,221551.58728,223,63.737,118442.47693,0
1784978220000,1858.31,1858.34,1858.30,1858.34,181.399,1784978279999,337098.92602,225,101.757,189098.78583,0
1784978280000,1858.34,1858.71,1858.34,1858.71,254.364,1784978339999,472755.59086,544,236.358,439288.84664,0
1784978340000,1858.71,1858.71,1858.42,1858.71,378.249,1784978399999,703029.99616,683,131.624,244641.44443,0
1784978400000,1858.71,1858.81,1858.70,1858.80,136.098,1784978459999,252970.91342,371,121.268,225406.04524,0
1784978460000,1858.81,1858.90,1858.16,1858.17,919.205,1784978519999,1708455.36674,1060,331.495,616172.83141,0
1784978520000,1858.16,1858.17,1858.11,1858.12,410.219,1784978579999,762252.43626,475,101.485,188575.85060,0
1784978580000,1858.12,1858.31,1858.11,1858.30,137.415,1784978639999,255347.03590,344,84.743,157469.25849,0
1784978640000,1858.30,1858.30,1858.10,1858.10,131.085,1784978699999,243571.86837,214,48.942,90939.69163,0
1784978700000,1858.11,1858.11,1858.10,1858.10,56.042,1784978759999,104131.72996,226,8.976,16678.39536,0
1784978760000,1858.10,1858.11,1858.10,1858.11,190.921,1784978819999,354750.51178,94,20.168,37474.36248,0
1784978820000,1858.10,1858.11,1858.10,1858.10,227.705,1784978879999,423099.37907,276,71.857,133518.21027,0
1784978880000,1858.11,1858.11,1857.84,1857.84,612.530,1784978939999,1138075.33666,823,253.941,471811.89246,0
1784978940000,1857.84,1857.84,1857.59,1857.59,356.131,1784978999999,661580.74129,449,18.184,33780.09003,0
1784979000000,1857.59,1858.74,1857.59,1858.62,610.276,1784979059999,1134068.57157,1132,362.976,674456.17072,0
1784979060000,1858.63,1858.94,1858.63,1858.93,351.414,1784979119999,653236.53161,686,233.008,433129.48005,0
1784979120000,1858.93,1858.93,1858.00,1858.03,753.712,1784979179999,1400768.33360,914,141.020,262063.06350,0
1784979180000,1858.02,1858.03,1857.85,1857.86,174.507,1784979239999,324234.79329,315,42.578,79110.07628,0
1784979240000,1857.85,1857.86,1856.77,1856.77,600.970,1784979299999,1116173.85428,1094,70.570,131047.51553,0
1784979300000,1856.78,1857.12,1856.56,1857.12,697.735,1784979359999,1295556.48462,1217,357.070,663014.14965,0
1784979360000,1857.11,1857.12,1857.11,1857.12,220.865,1784979419999,410171.68261,175,108.246,201025.81152,0
1784979420000,1857.12,1857.27,1857.00,1857.06,345.279,1784979479999,641223.55739,711,118.782,220591.37737,0
1784979480000,1857.05,1857.06,1857.05,1857.05,158.377,1784979539999,294114.82847,156,82.062,152394.05772,0
1784979540000,1857.05,1857.06,1857.05,1857.06,137.314,1784979599999,254999.71792,209,75.422,140063.17932,0
1784979600000,1857.06,1857.78,1857.05,1857.77,210.967,1784979659999,391831.03380,618,186.435,346273.30649,0
1784979660000,1857.78,1857.91,1857.78,1857.81,209.135,1784979719999,388541.37296,367,77.706,144362.99392,0
1784979720000,1857.81,1857.81,1857.10,1857.11,478.112,1784979779999,888096.76266,995,210.033,390117.39682,0
1784979780000,1857.10,1857.42,1857.05,1857.20,228.771,1784979839999,424887.59654,561,153.235,284594.95009,0
1784979840000,1857.20,1857.35,1857.20,1857.35,128.696,1784979899999,239029.38911,219,88.172,163763.71223,0
1784979900000,1857.35,1857.35,1857.34,1857.35,191.281,1784979959999,355275.02785,191,117.531,218296.20285,0
1784979960000,1857.34,1857.41,1857.34,1857.40,247.504,1784980019999,459700.77860,266,70.425,130804.46734,0
1784980020000,1857.40,1857.52,1857.40,1857.47,337.236,1784980079999,626391.45328,373,311.892,579316.66746,0
1784980080000,1857.47,1857.63,1857.46,1857.62,162.169,1784980139999,301240.05002,317,113.262,210390.12198,0
1784980140000,1857.62,1858.00,1857.46,1857.47,498.709,1784980199999,926397.64309,972,228.426,424321.66085,0
1784980200000,1857.47,1857.99,1857.46,1857.99,128.457,1784980259999,238624.20304,427,79.266,147246.36774,0
1784980260000,1857.98,1858.19,1857.98,1858.18,345.431,1784980319999,641850.50774,580,114.074,211957.03031,0
1784980320000,1858.17,1858.30,1858.00,1858.01,469.173,1784980379999,871808.77855,653,159.550,296481.44351,0
1784980380000,1858.01,1858.12,1857.94,1858.03,183.838,1784980439999,341578.87032,403,124.992,232239.91656,0
1784980440000,1858.03,1858.12,1857.64,1857.64,189.847,1784980499999,352711.83352,412,57.981,107719.49541,0
1784980500000,1857.65,1857.70,1857.64,1857.69,59.910,1784980559999,111292.14307,177,22.600,41982.89712,0
1784980560000,1857.70,1857.70,1857.63,1857.64,181.247,1784980619999,336697.75373,283,38.764,72010.76814,0
1784980620000,1857.63,1857.64,1857.48,1857.48,149.003,1784980679999,276782.86337,345,40.644,75496.62891,0
1784980680000,1857.49,1857.49,1856.88,1856.88,293.348,1784980739999,544810.49296,578,26.633,49467.22937,0
1784980740000,1856.88,1857.05,1856.88,1857.05,234.276,1784980799999,435031.81510,330,187.562,348287.39215,0
1784980800000,1857.04,1857.61,1856.92,1857.07,1265.813,1784980859999,2351062.88973,1378,619.472,1150551.72460,0
1784980860000,1857.06,1857.07,1856.68,1857.04,885.463,1784980919999,1644269.68002,901,94.064,174673.32521,0
1784980920000,1857.04,1857.35,1857.03,1857.35,218.518,1784980979999,405827.09852,507,173.768,322722.63239,0
1784980980000,1857.34,1857.39,1857.34,1857.38,87.362,1784981039999,162262.14743,207,55.294,102700.71994,0
1784981040000,1857.39,1857.60,1857.38,1857.59,276.489,1784981099999,513568.19401,291,203.120,377280.88166,0
1784981100000,1857.60,1857.60,1857.05,1857.06,448.939,1784981159999,833883.05871,673,85.085,158045.27417,0
1784981160000,1857.06,1857.10,1857.06,1857.09,130.284,1784981219999,241949.33704,264,85.798,159334.85704,0
1784981220000,1857.10,1857.20,1857.10,1857.20,162.257,1784981279999,301341.64909,413,80.606,149700.24930,0
1784981280000,1857.20,1857.59,1857.19,1857.59,320.400,1784981339999,595109.06867,572,287.109,533272.70606,0
1784981340000,1857.59,1857.59,1857.00,1857.00,413.510,1784981399999,768046.77196,677,59.430,110381.50701,0
1784981400000,1857.00,1857.01,1857.00,1857.00,98.843,1784981459999,183551.72636,200,27.536,51134.62736,0
1784981460000,1857.00,1857.01,1857.00,1857.01,235.834,1784981519999,437945.29157,344,155.357,288499.50257,0
1784981520000,1857.01,1857.01,1856.19,1856.20,669.109,1784981579999,1242283.39695,1017,61.970,115048.39412,0
1784981580000,1856.20,1856.50,1856.05,1856.49,429.662,1784981639999,797522.63870,675,201.620,374234.95266,0
1784981640000,1856.50,1857.47,1856.49,1857.47,906.645,1784981699999,1683467.65540,992,861.727,1600077.11976,0
1784981700000,1857.47,1857.95,1857.32,1857.41,781.874,1784981759999,1452441.34145,1264,275.934,512577.49629,0
1784981760000,1857.40,1857.41,1857.02,1857.03,188.677,1784981819999,350406.12719,390,22.136,41108.26393,0
1784981820000,1857.02,1857.35,1857.02,1857.34,274.664,1784981879999,510099.58722,451,175.023,325039.74126,0
1784981880000,1857.35,1857.35,1857.34,1857.35,157.269,1784981939999,292102.85343,165,84.897,157683.44295,0
1784981940000,1857.35,1857.76,1857.34,1857.50,314.526,1784981999999,584239.15490,663,208.262,386848.70479,0
1784982000000,1857.51,1857.51,1857.34,1857.35,47.490,1784982059999,88207.64246,209,21.335,39626.77505,0
1784982060000,1857.35,1857.35,1856.71,1856.71,328.300,1784982119999,609701.90237,691,21.702,40305.15258,0
1784982120000,1856.71,1856.71,1856.29,1856.29,416.309,1784982179999,772865.78205,559,74.898,139043.78702,0
1784982180000,1856.29,1856.37,1856.20,1856.37,591.560,1784982239999,1098088.13851,492,244.321,453520.32470,0
1784982240000,1856.36,1856.50,1856.36,1856.50,298.832,1784982299999,554748.96667,327,197.373,366403.52794,0
1784982300000,1856.51,1857.65,1856.51,1857.65,176.484,1784982359999,327732.06002,832,162.156,301124.00270,0
1784982360000,1857.65,1857.79,1857.64,1857.79,253.597,1784982419999,471100.08476,275,210.304,390676.46210,0
1784982420000,1857.79,1857.79,1857.57,1857.57,536.840,1784982479999,997257.10771,639,186.869,347124.37778,0
1784982480000,1857.58,1857.58,1857.30,1857.30,144.595,1784982539999,268568.70430,348,51.898,96391.93153,0
1784982540000,1857.31,1857.31,1857.30,1857.30,70.250,1784982599999,130475.60199,161,27.699,51445.62969,0
1784982600000,1857.30,1857.31,1857.00,1857.00,355.014,1784982659999,659322.36263,846,132.765,246560.75840,0
1784982660000,1857.00,1857.01,1856.47,1856.48,278.486,1784982719999,517060.41962,609,11.072,20556.76278,0
1784982720000,1856.47,1856.57,1856.47,1856.57,125.362,1784982779999,232733.94908,219,64.018,118849.02056,0
1784982780000,1856.57,1856.76,1856.56,1856.57,268.481,1784982839999,498483.28753,431,66.724,123880.84742,0
1784982840000,1856.57,1857.18,1856.56,1857.17,259.549,1784982899999,481924.71354,576,248.089,460646.87477,0
1784982900000,1857.17,1857.18,1856.85,1857.03,266.744,1784982959999,495349.30319,409,174.307,323684.75240,0
1784982960000,1857.02,1857.03,1856.40,1856.41,257.675,1784983019999,478438.77325,608,23.979,44515.57087,0
1784983020000,1856.41,1856.76,1856.40,1856.76,349.775,1784983079999,649335.07467,477,258.766,480385.46235,0
1784983080000,1856.76,1857.56,1856.75,1857.30,276.749,1784983139999,514005.26014,837,164.580,305656.80575,0
1784983140000,1857.29,1857.68,1856.72,1857.59,964.063,1784983199999,1790387.46950,1411,809.630,1503565.52645,0
1784983200000,1857.60,1857.69,1857.02,1857.20,430.681,1784983259999,799961.35514,832,117.231,217726.90399,0
1784983260000,1857.20,1857.42,1857.06,1857.06,508.229,1784983319999,943933.28701,686,248.800,462096.79228,0
1784983320000,1857.07,1857.27,1856.85,1857.27,402.006,1784983379999,746503.62466,595,261.543,485663.32516,0
1784983380000,1857.28,1857.48,1857.28,1857.48,203.097,1784983439999,377244.57396,315,190.624,354076.35065,0
1784983440000,1857.48,1857.53,1857.26,1857.53,579.096,1784983499999,1075636.13505,626,472.187,877056.38660,0
1784983500000,1857.52,1857.52,1856.75,1857.08,838.275,1784983559999,1556677.50160,1051,315.336,585560.77919,0
1784983560000,1857.09,1857.81,1857.08,1857.81,573.634,1784983619999,1065467.46437,1081,389.754,723928.10624,0
1784983620000,1857.81,1858.30,1857.81,1858.30,884.634,1784983679999,1643652.32644,979,785.020,1458573.17545,0
1784983680000,1858.30,1858.30,1857.52,1857.85,431.877,1784983739999,802415.93509,1120,319.915,594385.30235,0
1784983740000,1857.86,1857.86,1857.85,1857.85,207.173,1784983799999,384897.76924,194,141.119,262179.34534,0
1784983800000,1857.85,1857.86,1857.85,1857.86,97.575,1784983859999,181280.24627,110,53.252,98934.76072,0
1784983860000,1857.85,1858.13,1857.85,1858.13,329.194,1784983919999,611621.29668,476,256.934,477365.92518,0
1784983920000,1858.14,1858.32,1858.13,1858.32,144.878,1784983979999,269211.94944,386,135.567,251910.62428,0
1784983980000,1858.31,1858.40,1858.00,1858.40,512.345,1784984039999,952082.14486,834,258.252,479892.76154,0
1784984040000,1858.40,1858.78,1858.39,1858.78,558.572,1784984099999,1038175.15729,659,296.917,551844.92214,0
1784984100000,1858.78,1858.96,1858.62,1858.63,526.296,1784984159999,978309.99066,810,288.909,537038.79747,0
1784984160000,1858.62,1859.14,1858.62,1858.94,1010.537,1784984219999,1878560.38395,917,649.505,1207405.40600,0
1784984220000,1858.93,1858.98,1858.58,1858.59,811.070,1784984279999,1507623.25338,863,397.262,738398.39180,0
1784984280000,1858.59,1858.79,1858.58,1858.79,186.087,1784984339999,345859.82537,359,155.254,288554.22592,0
1784984340000,1858.80,1859.78,1858.80,1859.51,1436.561,1784984399999,2671082.78113,1679,1027.391,1910267.20467,0
1784984400000,1859.50,1859.76,1859.11,1859.12,1631.091,1784984459999,3032984.88770,1386,630.330,1172147.87696,0
1784984460000,1859.12,1859.12,1859.11,1859.12,450.656,1784984519999,837821.33561,368,225.945,420058.86840,0
1784984520000,1859.11,1860.40,1859.11,1859.89,3521.320,1784984579999,6549388.70088,2956,2271.071,4224040.73503,0
1784984580000,1859.89,1862.35,1859.88,1860.90,12914.381,1784984639999,24038609.84941,6604,9967.095,18552088.13680,0
1784984640000,1860.90,1861.74,1860.89,1861.07,2910.096,1784984699999,5417053.86002,1623,1087.184,2023570.88231,0
1784984700000,1861.07,1861.09,1860.60,1860.78,1018.288,1784984759999,1894888.50986,1034,642.781,1196115.62576,0
1784984760000,1860.78,1860.89,1860.78,1860.88,417.509,1784984819999,776916.28578,516,212.601,395615.40354,0
1784984820000,1860.89,1861.57,1860.88,1861.57,2679.175,1784984879999,4986631.45300,944,2349.517,4372989.36720,0
1784984880000,1861.57,1862.02,1861.56,1862.02,1326.526,1784984939999,2469765.68064,1376,712.853,1327167.80797,0
1784984940000,1862.02,1862.50,1862.01,1862.10,1331.289,1784984999999,2479157.52870,1487,745.516,1388297.14116,0
1784985000000,1862.11,1862.11,1861.91,1862.05,727.236,1784985059999,1354151.33027,827,304.893,567714.89743,0
1784985060000,1862.06,1862.54,1862.04,1862.53,1350.085,1784985119999,2514171.08484,953,1048.697,1952930.88327,0
1784985120000,1862.54,1862.75,1862.21,1862.41,833.518,1784985179999,1552391.12407,1451,501.047,933164.01376,0
1784985180000,1862.41,1862.61,1861.62,1861.87,2403.835,1784985239999,4476128.82968,2033,609.919,1135838.89370,0
1784985240000,1861.86,1862.09,1861.83,1861.94,801.892,1784985299999,1493063.75596,670,322.946,601297.15298,0
1784985300000,1861.95,1862.09,1861.90,1861.97,742.077,1784985359999,1381748.07577,709,396.720,738691.47086,0
1784985360000,1861.98,1861.98,1861.96,1861.96,319.995,1784985419999,595820.48408,319,113.129,210642.92529,0
1784985420000,1861.96,1861.96,1861.60,1861.61,520.107,1784985479999,968366.89624,707,57.731,107487.69327,0
1784985480000,1861.61,1861.90,1861.48,1861.80,1536.825,1784985539999,2861091.23613,1008,934.672,1740050.48517,0
1784985540000,1861.81,1861.81,1861.65,1861.75,906.586,1784985599999,1687845.86873,453,325.628,606224.26970,0
1784985600000,1861.76,1862.32,1861.76,1862.06,1651.895,1784985659999,3075991.81937,1216,737.499,1373243.83861,0
1784985660000,1862.06,1862.35,1862.05,1862.32,673.023,1784985719999,1253307.82876,599,552.305,1028509.64426,0
1784985720000,1862.32,1863.20,1862.32,1863.10,1877.862,1784985779999,3498283.31669,2210,1252.929,2334070.52785,0
1784985780000,1863.10,1863.39,1862.82,1863.38,3023.831,1784985839999,5634021.24464,2275,1758.162,3275846.79671,0
1784985840000,1863.39,1863.88,1862.98,1862.99,1443.547,1784985899999,2689903.77809,1602,605.370,1128075.01716,0
1784985900000,1862.98,1863.80,1862.82,1863.80,1014.123,1784985959999,1889551.94403,1147,792.631,1476856.13573,0
1784985960000,1863.80,1864.80,1863.79,1864.09,4305.127,1784986019999,8025904.57961,3196,2816.316,5250190.85275,0
1784986020000,1864.10,1864.12,1863.18,1863.21,2926.717,1784986079999,5454526.92050,2027,1146.323,2136455.07636,0
1784986080000,1863.21,1863.56,1863.10,1863.10,1306.558,1784986139999,2434525.40124,1092,867.820,1617024.54445,0
1784986140000,1863.11,1863.21,1863.00,1863.21,630.757,1784986199999,1175155.55539,603,367.144,684030.26728,0
1784986200000,1863.20,1863.80,1863.20,1863.65,905.401,1784986259999,1687365.53837,981,546.176,1017867.18495,0
1784986260000,1863.66,1864.00,1863.65,1863.99,855.847,1784986319999,1595210.53472,689,512.955,956093.45400,0
1784986320000,1864.00,1864.00,1863.59,1863.61,1255.936,1784986379999,2340804.24304,970,210.293,391946.39505,0
1784986380000,1863.61,1863.61,1862.05,1862.55,4209.784,1784986439999,7841365.69121,2641,633.620,1180060.06872,0
1784986440000,1862.55,1863.00,1862.55,1862.67,802.276,1784986499999,1494444.89725,959,227.190,423187.69157,0
1784986500000,1862.68,1862.68,1862.36,1862.53,582.623,1784986559999,1085161.08004,629,57.211,106564.28086,0
1784986560000,1862.53,1862.84,1862.42,1862.84,819.149,1784986619999,1525742.17934,709,474.586,883954.99916,0
1784986620000,1862.83,1862.84,1862.83,1862.84,264.329,1784986679999,492401.51804,450,152.697,284450.07948,0
1784986680000,1862.84,1862.93,1862.83,1862.92,279.604,1784986739999,520865.18158,352,245.098,456585.28699,0
1784986740000,1862.93,1863.61,1862.92,1863.48,1299.508,1784986799999,2421277.31474,1598,924.409,1722305.18423,0
1784986800000,1863.49,1865.24,1863.48,1865.08,4782.171,1784986859999,8917251.95542,3171,3817.914,7119179.92910,0
1784986860000,1865.08,1865.08,1864.07,1864.94,1862.253,1784986919999,3472227.27050,2068,695.821,1297344.32276,0
1784986920000,1864.94,1865.99,1864.50,1865.99,2701.564,1784986979999,5039656.01920,2608,2162.926,4034920.77150,0
1784986980000,1865.98,1867.38,1865.98,1866.30,8297.867,1784987039999,15488279.01354,4854,6514.700,12160023.03275,0
1784987040000,1866.30,1867.41,1866.30,1867.41,2194.954,1784987099999,4098037.74133,1786,1343.539,2508402.47861,0
1784987100000,1867.41,1868.88,1866.70,1868.13,12337.665,1784987159999,23048262.43050,7217,8137.198,15201447.41719,0
1784987160000,1868.13,1871.73,1868.13,1869.41,25023.937,1784987219999,46794713.14568,11085,20674.915,38662159.14082,0
1784987220000,1869.41,1869.42,1867.90,1868.32,6223.619,1784987279999,11628974.18356,4438,1778.932,3323535.04773,0
1784987280000,1868.31,1869.20,1868.31,1869.11,2849.425,1784987339999,5325394.94951,1848,1678.703,3137320.76572,0
1784987340000,1869.11,1870.00,1869.11,1869.31,4269.536,1784987399999,7982173.30959,2801,2839.152,5307919.03751,0
1784987400000,1869.31,1869.72,1868.91,1868.97,3152.710,1784987459999,5893248.51831,2376,1271.259,2376293.66165,0
1784987460000,1868.98,1869.25,1867.70,1867.71,1967.497,1784987519999,3676674.09596,2158,364.301,680850.44953,0
1784987520000,1867.71,1868.33,1866.78,1866.78,3430.497,1784987579999,6406052.79338,2898,1115.260,2082688.67263,0
1784987580000,1866.79,1867.03,1866.16,1866.81,2715.408,1784987639999,5068536.16195,2138,985.881,1840248.49517,0
1784987640000,1866.80,1866.80,1865.80,1866.35,1480.859,1784987699999,2763519.08384,1696,404.097,754097.46554,0
1784987700000,1866.35,1866.36,1865.82,1865.83,1535.720,1784987759999,2865797.07876,1004,112.088,209157.89202,0
1784987760000,1865.82,1865.83,1864.43,1864.80,3228.933,1784987819999,6022034.05042,2823,734.720,1370172.92300,0
1784987820000,1864.80,1864.80,1864.36,1864.76,2218.680,1784987879999,4136891.95610,1416,838.469,1563408.99186,0
1784987880000,1864.76,1865.00,1864.76,1865.00,1166.104,1784987939999,2174579.39415,525,958.758,1787912.10610,0
1784987940000,1865.00,1866.59,1864.99,1866.38,2169.390,1784987999999,4048463.31478,2053,1449.654,2705208.71625,0
1784988000000,1866.37,1866.48,1864.66,1864.66,2749.950,1784988059999,5129947.90459,3022,503.326,938920.32480,0
1784988060000,1864.66,1865.22,1864.61,1864.89,1663.645,1784988119999,3102507.68490,1882,828.669,1545383.93562,0
1784988120000,1864.89,1865.58,1864.62,1864.96,2130.804,1784988179999,3973986.51612,2052,595.988,1111593.88825,0
1784988180000,1864.95,1865.11,1864.91,1865.11,707.771,1784988239999,1320016.29582,558,376.727,702614.10173,0
1784988240000,1865.10,1865.10,1864.69,1864.91,988.619,1784988299999,1843707.44322,1054,279.792,521772.53696,0
1784988300000,1864.91,1866.00,1864.91,1865.76,912.763,1784988359999,1702840.08062,1428,580.010,1081979.84423,0
1784988360000,1865.76,1866.01,1865.76,1866.01,1018.327,1784988419999,1900127.60238,582,842.285,1571635.96326,0
1784988420000,1866.00,1866.01,1865.00,1865.39,731.421,1784988479999,1364444.52892,1316,152.474,284398.04471,0
1784988480000,1865.39,1865.49,1865.39,1865.49,260.234,1784988539999,485452.01829,346,156.234,291446.37005,0
1784988540000,1865.49,1866.23,1865.48,1866.22,469.062,1784988599999,875200.54434,823,404.239,754241.79736,0
1784988600000,1866.22,1866.49,1865.79,1865.80,2014.919,1784988659999,3760168.44740,1276,434.468,810772.23142,0
1784988660000,1865.80,1865.80,1865.17,1865.38,593.979,1784988719999,1108008.00611,936,201.401,375661.28511,0
1784988720000,1865.39,1865.40,1865.38,1865.39,373.999,1784988779999,697652.36121,279,119.789,223453.55914,0
1784988780000,1865.39,1865.88,1865.39,1865.68,420.322,1784988839999,784176.32021,807,227.914,425182.68960,0
1784988840000,1865.69,1866.33,1865.68,1866.33,544.430,1784988899999,1015897.60615,852,400.982,748248.15594,0
1784988900000,1866.33,1867.23,1866.32,1867.23,866.894,1784988959999,1618395.61519,1125,809.149,1510600.19341,0
1784988960000,1867.22,1867.23,1866.62,1867.19,1455.327,1784989019999,2716980.82956,1838,1072.017,2001314.30662,0
1784989020000,1867.19,1867.29,1865.97,1865.98,1738.647,1784989079999,3245693.99878,1713,973.528,1817472.76911,0
1784989080000,1865.98,1865.98,1865.40,1865.40,1015.449,1784989139999,1894534.36559,1071,250.687,467718.65655,0
1784989140000,1865.40,1865.91,1865.40,1865.90,447.363,1784989199999,834555.75811,592,193.873,361689.10510,0
1784989200000,1865.91,1865.91,1865.00,1865.01,1106.663,1784989259999,2064307.82707,1344,382.396,713308.84927,0
1784989260000,1865.00,1865.22,1864.93,1865.08,765.150,1784989319999,1427068.52417,774,246.819,460337.91991,0
1784989320000,1865.08,1865.51,1864.74,1864.83,1915.041,1784989379999,3571725.31680,1765,1667.312,3109705.72877,0
1784989380000,1864.82,1865.03,1864.06,1865.03,1934.347,1784989439999,3606455.38590,1647,163.649,305153.48906,0
1784989440000,1865.03,1865.30,1865.03,1865.29,273.467,1784989499999,510086.81300,414,169.618,316381.00984,0
1784989500000,1865.29,1865.31,1865.29,1865.31,101.987,1784989559999,190236.41888,263,45.848,85520.54381,0
1784989560000,1865.31,1865.49,1865.00,1865.01,391.009,1784989619999,729374.66461,761,89.269,166516.41589,0
1784989620000,1865.00,1865.30,1865.00,1865.29,299.927,1784989679999,559377.13491,403,201.868,376493.54016,0
1784989680000,1865.30,1865.50,1865.11,1865.49,601.199,1784989739999,1121395.47749,677,202.727,378154.10213,0
1784989740000,1865.49,1865.60,1865.49,1865.59,247.433,1784989799999,461589.78643,332,144.704,269945.87733,0
1784989800000,1865.60,1865.94,1865.59,1865.94,324.520,1784989859999,605481.29579,545,278.382,519395.77828,0
1784989860000,1865.94,1866.76,1865.93,1866.72,836.544,1784989919999,1561224.63789,975,680.378,1269757.89409,0
1784989920000,1866.71,1866.85,1866.71,1866.85,305.579,1784989979999,570436.11367,532,228.702,426927.85753,0
1784989980000,1866.85,1866.93,1866.80,1866.81,376.823,1784990039999,703469.92588,452,250.623,467870.81331,0
1784990040000,1866.80,1867.17,1866.64,1866.64,521.546,1784990099999,973709.80637,985,384.201,717300.09567,0
1784990100000,1866.65,1866.78,1866.19,1866.78,912.988,1784990159999,1704067.23140,1064,462.789,863742.18514,0
1784990160000,1866.78,1867.91,1866.77,1867.58,1143.450,1784990219999,2135153.95560,1893,885.381,1653235.87952,0
1784990220000,1867.58,1868.32,1867.57,1868.00,1092.523,1784990279999,2040848.98844,1410,831.961,1554093.55283,0
1784990280000,1868.00,1868.24,1866.82,1867.41,1282.753,1784990339999,2395906.61766,2073,398.272,743793.10923,0
1784990340000,1867.41,1867.63,1866.62,1867.21,2202.969,1784990399999,4113181.89620,1850,356.928,666455.13245,0
1784990400000,1867.21,1867.72,1867.20,1867.72,501.958,1784990459999,937455.14507,564,323.607,604354.24829,0
1784990460000,1867.71,1868.17,1867.66,1867.67,542.533,1784990519999,1013401.21944,925,227.904,425700.34937,0
1784990520000,1867.66,1867.66,1866.44,1866.44,522.953,1784990579999,976314.50805,1246,131.283,245085.59953,0
1784990580000,1866.45,1866.45,1866.22,1866.31,412.511,1784990639999,769870.58345,515,109.417,204202.78588,0
1784990640000,1866.32,1867.56,1866.31,1867.56,664.688,1784990699999,1240900.30510,1239,607.574,1134286.72041,0
1784990700000,1867.56,1867.65,1866.75,1866.94,421.700,1784990759999,787408.20681,1214,140.331,262028.80224,0
1784990760000,1866.94,1866.94,1866.23,1866.23,523.712,1784990819999,977487.87837,844,145.888,272289.89935,0
1784990820000,1866.24,1866.24,1866.23,1866.24,106.060,1784990879999,197932.50370,273,14.990,27974.93760,0
1784990880000,1866.24,1866.89,1866.23,1866.41,775.103,1784990939999,1446789.67933,1032,637.235,1189455.90954,0
1784990940000,1866.40,1866.41,1866.17,1866.17,440.119,1784990999999,821384.96840,526,66.136,123433.72236,0
1784991000000,1866.17,1866.45,1866.01,1866.42,776.703,1784991059999,1449539.19564,939,360.425,672642.87329,0
1784991060000,1866.41,1866.42,1866.40,1866.40,293.528,1784991119999,547843.40135,312,146.113,272706.86917,0
1784991120000,1866.40,1867.16,1866.40,1867.16,417.334,1784991179999,779083.91370,696,260.606,486534.90740,0
1784991180000,1867.16,1867.85,1866.99,1867.85,613.147,1784991239999,1144968.89733,939,455.185,850002.50928,0
1784991240000,1867.85,1867.87,1867.45,1867.46,393.543,1784991299999,735006.75897,564,176.225,329127.09711,0
1784991300000,1867.46,1867.96,1867.45,1867.96,474.639,1784991359999,886484.59453,759,391.570,731333.10168,0
1784991360000,1867.97,1868.13,1867.97,1868.00,377.198,1784991419999,704614.28131,519,307.551,574511.80200,0
1784991420000,1867.99,1868.52,1867.99,1868.32,1400.927,1784991479999,2617292.48961,1169,1161.498,2169959.07793,0
1784991480000,1868.31,1868.31,1868.11,1868.11,203.981,1784991539999,381064.77951,381,78.523,146690.38676,0
1784991540000,1868.12,1868.21,1867.87,1867.88,800.900,1784991599999,1496113.02430,1111,411.043,767847.57149,0
1784991600000,1867.88,1867.88,1866.81,1866.82,446.227,1784991659999,833270.39567,1081,66.778,124707.10759,0
1784991660000,1866.82,1867.22,1866.70,1867.22,719.627,1784991719999,1343462.47065,1056,471.817,880820.61844,0
1784991720000,1867.22,1867.24,1866.34,1866.35,489.930,1784991779999,914580.22340,944,31.720,59215.93937,0
1784991780000,1866.34,1866.53,1866.33,1866.53,480.140,1784991839999,896109.52372,463,281.481,525344.46413,0
1784991840000,1866.52,1866.70,1866.35,1866.70,350.263,1784991899999,653764.30485,883,94.121,175674.74377,0
1784991900000,1866.71,1866.91,1866.47,1866.73,523.393,1784991959999,976997.05736,1079,269.140,502396.94560,0
1784991960000,1866.74,1868.00,1866.74,1868.00,605.956,1784992019999,1131496.44892,1042,540.036,1008396.38578,0
1784992020000,1868.00,1868.00,1867.34,1867.50,520.269,1784992079999,971706.40507,1039,265.662,496179.43142,0
1784992080000,1867.51,1867.51,1866.93,1867.16,343.459,1784992139999,641301.14392,915,202.454,378005.79600,0
1784992140000,1867.15,1867.50,1867.15,1867.50,267.928,1784992199999,500294.47398,817,161.575,301701.06145,0
1784992200000,1867.50,1867.92,1867.49,1867.50,486.655,1784992259999,908948.15433,1189,213.252,398284.90054,0
1784992260000,1867.49,1867.59,1867.16,1867.59,524.681,1784992319999,979796.67440,822,362.391,676730.35716,0
1784992320000,1867.58,1869.01,1867.58,1869.01,2100.796,1784992379999,3925524.46076,2059,1867.433,3489533.36875,0
1784992380000,1869.01,1869.39,1869.00,1869.29,705.660,1784992439999,1319052.55047,1022,459.040,858059.36350,0
1784992440000,1869.28,1869.29,1867.87,1867.98,1121.963,1784992499999,2096245.38208,1499,574.356,1072967.46220,0
1784992500000,1867.99,1869.33,1867.99,1868.87,2216.189,1784992559999,4141817.68973,1894,1932.647,3611919.70605,0
1784992560000,1868.87,1869.37,1868.65,1868.75,1232.953,1784992619999,2304403.73359,1486,970.620,1814111.35844,0
1784992620000,1868.75,1869.08,1868.23,1868.66,764.271,1784992679999,1428091.11336,1408,544.765,1017920.04023,0
1784992680000,1868.65,1868.66,1867.92,1867.93,847.252,1784992739999,1582914.20773,914,70.820,132307.25045,0
1784992740000,1867.93,1868.81,1867.92,1868.81,674.065,1784992799999,1259375.96550,939,413.041,771699.16135,0
1784992800000,1868.81,1870.34,1868.80,1870.34,2838.616,1784992859999,5308317.29910,2671,2368.224,4428657.88416,0
1784992860000,1870.34,1870.34,1868.49,1868.95,2343.453,1784992919999,4380272.12646,2595,691.234,1292152.42027,0
1784992920000,1868.95,1870.68,1868.95,1870.50,2758.643,1784992979999,5158733.62301,2789,1969.539,3683090.92739,0
1784992980000,1870.51,1870.51,1869.12,1869.28,899.654,1784993039999,1682135.81655,1268,398.261,744637.04820,0
1784993040000,1869.28,1869.28,1869.00,1869.14,412.698,1784993099999,771379.37005,557,150.138,280622.59350,0
1784993100000,1869.14,1869.15,1868.45,1868.45,586.319,1784993159999,1095674.77329,851,104.475,195224.38426,0
1784993160000,1868.46,1868.58,1868.26,1868.26,535.034,1784993219999,999700.85406,605,110.016,205564.27577,0
1784993220000,1868.26,1868.27,1867.40,1867.65,836.970,1784993279999,1563456.11649,1238,118.827,221963.30255,0
1784993280000,1867.66,1867.85,1867.65,1867.81,324.001,1784993339999,605178.94707,455,64.653,120758.84144,0
1784993340000,1867.80,1867.81,1867.64,1867.65,483.643,1784993399999,903326.05576,476,80.455,150266.96653,0
1784993400000,1867.64,1867.65,1866.59,1866.70,1236.217,1784993459999,2307886.35706,1446,183.700,342918.94185,0
1784993460000,1866.69,1866.85,1866.30,1866.30,1925.009,1784993519999,3593236.10930,1726,733.151,1368526.27914,0
1784993520000,1866.30,1867.00,1866.30,1866.79,915.301,1784993579999,1708641.53578,1152,379.523,708467.63022,0
1784993580000,1866.79,1867.54,1866.79,1867.00,1010.676,1784993639999,1887087.29376,1401,398.162,743415.01266,0
1784993640000,1867.00,1867.06,1866.75,1866.89,398.018,1784993699999,743066.02950,781,158.436,295791.90531,0
1784993700000,1866.90,1868.48,1866.89,1868.48,745.330,1784993759999,1392080.55266,1293,519.458,970175.48192,0
1784993760000,1868.47,1869.14,1868.26,1869.09,2071.678,1784993819999,3871302.18280,1572,1905.155,3560115.22630,0
1784993820000,1869.10,1869.10,1868.49,1868.50,583.733,1784993879999,1090952.69143,666,105.790,197710.44465,0
1784993880000,1868.49,1869.69,1868.49,1869.50,984.084,1784993939999,1839593.81004,1290,504.429,942864.80349,0
1784993940000,1869.50,1870.23,1868.83,1870.22,902.110,1784993999999,1686794.46833,1766,670.701,1254155.86738,0
1784994000000,1870.22,1870.47,1869.45,1869.85,941.425,1784994059999,1760558.84824,1588,581.323,1087168.83388,0
1784994060000,1869.85,1869.85,1869.04,1869.06,753.836,1784994119999,1409234.39798,993,110.764,207103.13009,0
1784994120000,1869.05,1869.38,1869.04,1869.37,591.288,1784994179999,1105170.15761,500,454.180,848900.62456,0
1784994180000,1869.38,1869.60,1869.15,1869.16,719.758,1784994239999,1345449.78888,869,287.953,538282.60452,0
1784994240000,1869.15,1869.54,1869.00,1869.40,286.608,1784994299999,535728.21216,725,163.447,305519.37177,0
1784994300000,1869.39,1869.69,1869.12,1869.69,223.987,1784994359999,418700.27929,740,164.201,306949.69603,0
1784994360000,1869.69,1869.87,1868.70,1868.70,435.586,1784994419999,814282.80548,1372,125.706,235018.13887,0
1784994420000,1868.70,1868.71,1868.41,1868.47,535.821,1784994479999,1001210.46257,825,112.378,209973.85633,0
1784994480000,1868.46,1868.47,1867.92,1868.22,1160.446,1784994539999,2168011.67646,1495,167.065,312129.30983,0
1784994540000,1868.22,1868.22,1867.17,1867.18,1261.441,1784994599999,2356158.84582,1708,120.179,224482.80680,0
1784994600000,1867.18,1867.33,1866.41,1866.50,1839.534,1784994659999,3433999.23503,1679,506.593,945639.13979,0
1784994660000,1866.50,1867.76,1866.50,1867.61,699.366,1784994719999,1306013.20888,1235,323.293,603646.93792,0
1784994720000,1867.61,1867.70,1867.48,1867.48,141.054,1784994779999,263421.87985,351,55.549,103740.34395,0
1784994780000,1867.48,1867.48,1867.27,1867.34,142.503,1784994839999,266101.12346,393,52.468,97972.77396,0
1784994840000,1867.34,1867.91,1867.34,1867.57,281.937,1784994899999,526557.80890,711,131.819,246178.11138,0
1784994900000,1867.57,1867.83,1867.17,1867.83,449.354,1784994959999,839152.10450,996,156.012,291356.10377,0
1784994960000,1867.82,1867.83,1867.37,1867.58,296.424,1784995019999,553593.64353,660,86.351,161258.57279,0
1784995020000,1867.57,1867.58,1866.93,1867.00,704.749,1784995079999,1316004.24897,873,145.474,271606.86054,0
1784995080000,1867.00,1867.04,1866.99,1867.04,211.922,1784995139999,395664.48731,249,74.451,139002.01866,0
1784995140000,1867.03,1867.04,1867.03,1867.03,528.687,1784995199999,987075.97040,373,148.079,276469.41616,0
1784995200000,1867.04,1867.40,1866.84,1866.84,1355.306,1784995259999,2530436.84748,1023,945.892,1765978.63534,0
1784995260000,1866.84,1867.96,1866.84,1867.95,1403.633,1784995319999,2620822.69433,1361,1094.343,2043145.18402,0
1784995320000,1867.96,1868.17,1867.96,1868.01,311.598,1784995379999,582089.73133,574,164.515,307327.70536,0
1784995380000,1868.01,1868.39,1867.60,1867.62,638.439,1784995439999,1192551.73547,1138,242.761,453430.19477,0
1784995440000,1867.62,1867.62,1867.32,1867.51,271.558,1784995499999,507128.72867,631,91.104,170131.22971,0
1784995500000,1867.52,1868.05,1867.51,1867.91,387.952,1784995559999,724620.93106,755,232.894,434984.21997,0
1784995560000,1867.90,1867.91,1867.54,1867.90,154.502,1784995619999,288581.92983,519,70.707,132064.04009,0
1784995620000,1867.90,1868.09,1866.43,1866.44,1038.838,1784995679999,1939840.05164,1613,225.669,421468.05368,0
1784995680000,1866.43,1866.85,1865.37,1865.56,2166.546,1784995739999,4042867.66952,2266,490.890,915970.58548,0
1784995740000,1865.57,1865.57,1864.81,1864.98,2679.082,1784995799999,4996855.76804,2037,540.063,1007218.67874,0
1784995800000,1864.99,1865.88,1864.98,1865.88,1043.164,1784995859999,1946001.36512,1068,451.451,842132.33501,0
1784995860000,1865.88,1866.17,1865.70,1866.16,744.276,1784995919999,1388709.50903,910,319.977,597026.82187,0
1784995920000,1866.16,1866.52,1866.16,1866.52,177.270,1784995979999,330849.79283,558,142.110,265228.16014,0
1784995980000,1866.52,1867.00,1866.51,1867.00,202.412,1784996039999,377861.53345,546,149.957,279943.77969,0
1784996040000,1867.00,1867.76,1866.99,1867.76,584.602,1784996099999,1091637.92992,739,452.959,845833.05898,0
1784996100000,1867.76,1867.76,1867.07,1867.42,806.630,1784996159999,1506345.82601,1048,232.097,433384.59351,0
1784996160000,1867.42,1867.72,1867.31,1867.71,332.522,1784996219999,620944.32804,524,94.817,177061.02450,0
1784996220000,1867.72,1867.72,1865.92,1865.93,1097.670,1784996279999,2049630.68026,1416,54.111,101044.71256,0
1784996280000,1865.93,1866.28,1865.78,1865.78,1569.242,1784996339999,2928332.41143,1480,590.161,1101263.29966,0
1784996340000,1865.79,1865.79,1864.52,1864.52,1440.713,1784996399999,2686941.29381,1698,281.830,525601.04099,0
1784996400000,1864.52,1865.00,1864.23,1865.00,1005.862,1784996459999,1875501.77805,1423,536.414,1000182.73191,0
1784996460000,1865.00,1865.47,1865.00,1865.05,965.485,1784996519999,1800767.91472,956,618.349,1153259.09047,0
1784996520000,1865.06,1865.06,1864.46,1864.53,832.923,1784996579999,1553094.90964,972,266.488,496871.52383,0
1784996580000,1864.52,1865.33,1864.37,1865.33,806.353,1784996639999,1503645.71041,1124,552.792,1030824.70202,0
1784996640000,1865.34,1865.34,1864.77,1865.23,472.986,1784996699999,882148.72052,863,144.739,269934.23007,0
1784996700000,1865.23,1865.23,1864.35,1864.46,613.900,1784996759999,1144667.17735,1006,100.234,186879.30817,0
1784996760000,1864.46,1864.69,1863.54,1863.88,1691.395,1784996819999,3152894.31889,1991,545.951,1017683.67534,0
1784996820000,1863.87,1865.33,1863.87,1865.33,2598.013,1784996879999,4844286.03775,1812,2263.717,4220766.05037,0
1784996880000,1865.33,1865.74,1865.32,1865.49,957.704,1784996939999,1786605.22676,947,570.146,1063588.36439,0
1784996940000,1865.50,1865.52,1865.04,1865.08,433.996,1784996999999,809516.53133,666,151.493,282567.97304,0
1784997000000,1865.07,1865.65,1864.93,1865.43,1303.612,1784997059999,2431614.20302,1574,829.943,1548119.22936,0
1784997060000,1865.42,1865.43,1864.79,1865.08,362.521,1784997119999,676145.29409,764,89.248,166449.16986,0
1784997120000,1865.08,1865.57,1865.07,1865.51,339.870,1784997179999,633986.44631,795,174.354,325228.99372,0
1784997180000,1865.50,1865.80,1865.34,1865.34,287.037,1784997239999,535516.38060,714,142.003,264928.99934,0
1784997240000,1865.35,1866.23,1865.16,1866.22,694.268,1784997299999,1295297.95046,1105,533.003,994426.71029,0
1784997300000,1866.22,1866.68,1866.22,1866.68,697.971,1784997359999,1302659.29521,889,321.687,600382.46447,0
1784997360000,1866.68,1867.00,1866.57,1867.00,322.114,1784997419999,601322.09668,643,215.099,401545.77747,0
1784997420000,1867.00,1867.71,1866.99,1867.71,729.555,1784997479999,1362356.82379,1168,406.472,759029.90210,0
1784997480000,1867.71,1867.71,1866.78,1866.86,791.310,1784997539999,1477425.15431,1461,400.106,746959.65413,0
1784997540000,1866.86,1867.25,1866.85,1867.24,292.481,1784997599999,546121.27933,367,195.203,364480.69762,0
1784997600000,1867.25,1867.46,1867.24,1867.46,118.942,1784997659999,222101.59251,299,105.017,196099.11171,0
1784997660000,1867.45,1867.73,1867.02,1867.26,1139.812,1784997719999,2128497.00622,1546,606.628,1132766.21803,0
1784997720000,1867.26,1867.47,1867.25,1867.46,136.402,1784997779999,254720.28231,292,121.861,227566.41135,0
1784997780000,1867.47,1867.72,1867.46,1867.72,229.058,1784997839999,427800.45890,400,163.953,306205.68760,0
1784997840000,1867.71,1868.10,1867.71,1868.10,438.790,1784997899999,819621.19216,641,377.880,705844.86222,0
1784997900000,1868.09,1868.30,1868.09,1868.29,303.520,1784997959999,567031.39522,461,284.214,530964.75773,0
1784997960000,1868.29,1868.30,1867.71,1868.14,921.618,1784998019999,1721651.23561,920,152.841,285508.60977,0
1784998020000,1868.14,1869.09,1868.13,1869.01,1144.782,1784998079999,2139425.63182,1304,805.392,1505126.38028,0
1784998080000,1869.01,1870.23,1867.99,1868.48,7577.425,1784998139999,14166215.61807,4369,3322.778,6211806.86079,0
1784998140000,1868.48,1868.97,1867.89,1867.89,1138.204,1784998199999,2126898.75552,1303,175.261,327481.45202,0
1784998200000,1867.89,1868.00,1867.56,1867.64,661.023,1784998259999,1234648.35195,1032,249.500,465996.93017,0
1784998260000,1867.64,1867.64,1866.26,1866.35,1746.202,1784998319999,3259683.57383,1902,176.275,329049.26140,0
1784998320000,1866.35,1867.15,1866.35,1867.00,450.120,1784998379999,840334.67443,1047,186.530,348218.59012,0
1784998380000,1867.00,1867.00,1866.07,1866.34,468.647,1784998439999,874782.36706,1176,195.795,365446.25784,0
1784998440000,1866.35,1866.59,1866.35,1866.58,199.785,1784998499999,372908.11922,373,87.491,163303.51584,0
1784998500000,1866.58,1866.59,1865.79,1866.01,1520.297,1784998559999,2837238.26749,1418,350.559,654166.34932,0
1784998560000,1866.02,1866.37,1866.01,1866.37,237.290,1784998619999,442804.13390,352,142.534,265988.48692,0
1784998620000,1866.36,1867.20,1866.36,1867.19,573.580,1784998679999,1070832.22210,672,429.093,801069.25662,0
1784998680000,1867.20,1867.30,1867.03,1867.14,430.586,1784998739999,804004.18160,548,129.202,241241.78003,0
1784998740000,1867.13,1867.19,1867.13,1867.19,106.703,1784998799999,199233.65779,156,45.201,84398.35878,0
1784998800000,1867.19,1867.66,1867.18,1867.57,879.662,1784998859999,1642729.10524,1023,737.349,1376950.44296,0
1784998860000,1867.57,1867.69,1867.56,1867.69,382.195,1784998919999,713796.14522,441,249.333,465665.44814,0
1784998920000,1867.68,1868.26,1867.28,1868.06,1055.659,1784998979999,1971734.97986,1604,774.018,1445672.22637,0
1784998980000,1868.06,1868.27,1868.05,1868.27,200.320,1784999039999,374236.31374,494,100.003,186822.75076,0
1784999040000,1868.26,1868.92,1868.22,1868.23,295.611,1784999099999,552353.12576,1145,164.375,307127.27507,0
1784999100000,1868.23,1868.89,1868.22,1868.88,405.091,1784999159999,756915.79222,906,280.619,524329.48996,0
1784999160000,1868.89,1868.99,1868.01,1868.01,565.033,1784999219999,1055850.64069,1044,161.079,301026.79110,0
1784999220000,1868.01,1868.15,1868.00,1868.15,371.961,1784999279999,694832.26372,432,233.358,435920.57471,0
1784999280000,1868.14,1868.15,1868.00,1868.01,250.553,1784999339999,468052.40242,364,9.166,17122.46974,0
1784999340000,1868.00,1868.22,1868.00,1868.19,459.119,1784999399999,857707.75305,545,266.578,498002.88064,0
1784999400000,1868.18,1868.19,1868.10,1868.14,569.599,1784999459999,1064096.87380,474,256.238,478683.42431,0
1784999460000,1868.13,1868.14,1867.65,1867.73,360.449,1784999519999,673235.24522,752,141.115,263556.31809,0
1784999520000,1867.73,1867.74,1867.17,1867.39,361.096,1784999579999,674318.93054,782,83.075,155124.04426,0
1784999580000,1867.39,1867.94,1867.38,1867.93,150.930,1784999639999,281888.56055,479,118.848,221967.85847,0
1784999640000,1867.94,1868.40,1867.93,1868.40,220.379,1784999699999,411697.83877,492,180.008,336280.90551,0
1784999700000,1868.40,1868.61,1868.39,1868.61,103.822,1784999759999,193982.15410,330,82.590,154312.49321,0
1784999760000,1868.61,1869.24,1868.60,1869.24,423.293,1784999819999,791143.87345,710,329.912,616610.40606,0
1784999820000,1869.23,1869.29,1868.87,1869.20,657.263,1784999879999,1228514.44721,1086,286.164,534874.28079,0
1784999880000,1869.20,1869.56,1868.79,1868.90,1542.310,1784999939999,2882961.26818,1497,260.470,486912.06433,0
1784999940000,1868.90,1869.11,1868.55,1868.89,378.054,1784999999999,706527.20683,894,284.162,531050.29442,0
1785000000000,1868.90,1868.90,1868.10,1868.10,549.453,1785000059999,1026633.95861,992,196.970,368019.26293,0
1785000060000,1868.10,1869.24,1868.00,1869.24,557.578,1785000119999,1041821.46384,1021,402.692,752391.97714,0
1785000120000,1869.23,1869.59,1869.23,1869.59,252.527,1785000179999,472085.39953,432,230.147,430246.73558,0
1785000180000,1869.59,1870.37,1869.58,1869.90,1422.955,1785000239999,2660903.72374,1796,708.899,1325636.24168,0
1785000240000,1869.91,1870.05,1869.75,1869.90,900.346,1785000299999,1683564.79256,734,444.703,831557.80115,0
1785000300000,1869.90,1870.46,1869.81,1870.02,976.389,1785000359999,1825936.54472,1572,564.302,1055309.20231,0
1785000360000,1870.02,1871.43,1870.01,1871.00,4090.115,1785000419999,7651553.63853,2762,3537.997,6618715.91419,0
1785000420000,1871.01,1871.91,1870.46,1871.02,3780.993,1785000479999,7075135.12189,3303,1773.209,3318315.11525,0
1785000480000,1871.01,1871.01,1870.50,1870.50,1852.344,1785000539999,3465455.17873,1285,369.912,692016.06656,0
1785000540000,1870.50,1871.05,1870.50,1870.80,1301.928,1785000599999,2435632.86515,1651,637.060,1191827.45653,0
1785000600000,1870.80,1871.00,1869.80,1869.81,1545.506,1785000659999,2890749.28870,1974,437.590,818566.04172,0
1785000660000,1869.81,1870.47,1869.81,1870.23,595.086,1785000719999,1112811.65283,1181,272.304,509212.31346,0
1785000720000,1870.22,1870.51,1870.16,1870.50,529.420,1785000779999,990137.59727,656,374.311,700050.89220,0
1785000780000,1870.51,1871.92,1870.23,1871.81,1684.484,1785000839999,3152105.21889,2257,1342.675,2512578.12611,0
1785000840000,1871.81,1873.96,1871.80,1873.46,14335.862,1785000899999,26851550.88971,9177,11352.661,21263975.45734,0
1785000900000,1873.46,1873.63,1872.62,1872.95,2003.440,1785000959999,3752547.44100,2367,713.886,1337140.46780,0
1785000960000,1872.94,1872.94,1871.54,1871.54,3048.262,1785001019999,5707404.40127,2605,562.319,1052809.58059,0
1785001020000,1871.54,1871.88,1871.15,1871.16,1287.903,1785001079999,2410504.28513,1110,554.441,1037730.86103,0
1785001080000,1871.15,1871.95,1871.15,1871.70,1219.461,1785001139999,2282454.76107,1041,520.288,973779.50044,0
1785001140000,1871.71,1871.71,1871.13,1871.13,672.951,1785001199999,1259376.85499,863,157.027,293863.59760,0
1785001200000,1871.14,1872.41,1871.13,1872.26,678.081,1785001259999,1269306.18570,1617,473.630,886535.51058,0
1785001260000,1872.26,1874.43,1872.25,1873.06,9414.019,1785001319999,17638166.69523,5423,6617.848,12399402.78134,0
1785001320000,1873.05,1873.05,1872.65,1872.87,1184.495,1785001379999,2218375.94720,954,716.257,1341396.59045,0
1785001380000,1872.87,1873.41,1872.70,1872.70,1943.528,1785001439999,3640393.34400,1382,832.598,1559394.28823,0
1785001440000,1872.70,1873.00,1872.70,1872.73,771.040,1785001499999,1444005.56671,670,336.377,629953.33570,0
1785001500000,1872.72,1873.14,1872.72,1872.95,372.744,1785001559999,698145.42139,781,237.589,445007.03894,0
1785001560000,1872.94,1872.95,1872.94,1872.95,417.239,1785001619999,781465.10975,727,149.709,280397.47155,0
1785001620000,1872.95,1873.13,1872.70,1873.02,1076.748,1785001679999,2016548.38494,1239,664.449,1244389.25249,0
1785001680000,1873.03,1874.30,1872.00,1872.20,3373.489,1785001739999,6318254.29653,4326,1930.515,3615905.30606,0
1785001740000,1872.19,1873.21,1872.11,1873.20,1399.290,1785001799999,2620457.32151,1782,1082.130,2026547.81120,0
1785001800000,1873.21,1873.80,1872.93,1873.18,3249.129,1785001859999,6087008.50988,2672,1040.663,1949437.96135,0
1785001860000,1873.17,1873.17,1871.77,1872.79,4420.685,1785001919999,8277638.82359,3161,1176.876,2203896.70760,0
1785001920000,1872.79,1872.90,1871.77,1871.77,1556.688,1785001979999,2914930.88590,1921,640.802,1200033.22488,0
1785001980000,1871.77,1871.99,1871.41,1871.88,941.906,1785002039999,1762923.76543,1011,218.516,409010.88599,0
1785002040000,1871.88,1872.28,1871.87,1871.99,440.742,1785002099999,825064.56818,688,192.948,361193.27887,0
1785002100000,1871.99,1872.06,1871.73,1871.74,644.489,1785002159999,1206444.69977,680,152.807,286037.82567,0
1785002160000,1871.74,1872.19,1871.73,1872.18,954.507,1785002219999,1786811.89208,814,493.338,923544.64327,0
1785002220000,1872.17,1872.18,1871.90,1871.90,1149.617,1785002279999,2152236.33851,748,720.303,1348514.67523,0
1785002280000,1871.90,1871.91,1871.54,1871.55,520.179,1785002339999,973639.52796,589,146.119,273507.66716,0
1785002340000,1871.55,1872.29,1871.26,1872.29,915.261,1785002399999,1713034.61822,1065,475.277,889606.76456,0
1785002400000,1872.29,1873.13,1872.28,1873.12,907.834,1785002459999,1700209.40008,1050,664.644,1244744.12370,0
1785002460000,1873.13,1874.27,1873.12,1874.27,1550.361,1785002519999,2904977.89347,1295,1393.924,2611817.52682,0
1785002520000,1874.27,1876.42,1874.02,1875.07,16146.755,1785002579999,30278373.86338,11227,9951.338,18661359.29704,0
1785002580000,1875.07,1875.57,1872.34,1872.35,5060.779,1785002639999,9484399.29807,5143,1491.636,2795477.91661,0
1785002640000,1872.35,1873.15,1872.34,1873.15,842.630,1785002699999,1577966.81742,1405,542.343,1015614.04355,0
1785002700000,1873.14,1873.29,1872.27,1872.28,851.726,1785002759999,1595044.18868,1589,168.825,316185.63643,0
1785002760000,1872.27,1872.78,1872.00,1872.31,864.337,1785002819999,1618528.38334,1337,542.460,1015794.49786,0
1785002820000,1872.30,1873.68,1872.30,1873.46,427.854,1785002879999,801351.06030,1436,276.871,518548.64111,0
1785002880000,1873.47,1873.61,1872.76,1873.04,544.063,1785002939999,1019082.16929,1103,171.563,321333.67974,0
1785002940000,1873.03,1873.04,1871.37,1871.53,1211.412,1785002999999,2267546.50890,1660,147.931,276863.80944,0
1785003000000,1871.53,1872.37,1871.53,1872.37,502.682,1785003059999,941066.71407,754,382.291,715681.12175,0
1785003060000,1872.37,1872.96,1872.36,1872.96,364.196,1785003119999,682003.61755,627,314.124,588242.46049,0
1785003120000,1872.96,1873.50,1872.82,1873.50,1150.879,1785003179999,2155729.82461,1173,787.815,1475716.11776,0
1785003180000,1873.49,1873.61,1873.46,1873.47,609.603,1785003239999,1142128.95399,513,193.540,362606.47643,0
1785003240000,1873.46,1873.47,1872.47,1872.90,733.051,1785003299999,1372967.19954,1527,201.306,377009.12233,0
1785003300000,1872.90,1873.29,1872.76,1873.27,242.571,1785003359999,454352.38248,817,120.581,225849.96099,0
1785003360000,1873.26,1873.26,1872.42,1872.42,310.214,1785003419999,580978.75703,874,178.525,334343.62300,0
1785003420000,1872.41,1872.58,1871.77,1872.58,978.881,1785003479999,1832572.07106,1224,227.927,426723.12207,0
1785003480000,1872.58,1873.92,1872.58,1873.30,1609.580,1785003539999,3015508.16461,1797,485.915,910282.05658,0
1785003540000,1873.29,1873.46,1873.16,1873.46,533.754,1785003599999,999880.11098,515,359.749,673928.74559,0
1785003600000,1873.46,1873.46,1872.57,1872.79,273.361,1785003659999,512015.63007,904,124.569,233313.09476,0
1785003660000,1872.79,1873.32,1872.59,1873.01,686.771,1785003719999,1286242.85583,1280,366.719,686799.39659,0
1785003720000,1873.01,1873.01,1872.60,1872.60,234.431,1785003779999,439052.38271,483,57.917,108465.75322,0
1785003780000,1872.60,1873.00,1872.60,1873.00,418.381,1785003839999,783587.26336,447,321.425,601995.02117,0
1785003840000,1873.00,1873.32,1872.90,1872.91,455.083,1785003899999,852409.48495,756,293.883,550447.58318,0
1785003900000,1872.91,1873.50,1871.50,1872.46,4399.983,1785003959999,8238881.14202,3237,283.949,531625.62288,0
1785003960000,1872.46,1873.06,1872.46,1872.91,1052.008,1785004019999,1970170.85399,1453,330.431,618770.83267,0
1785004020000,1872.90,1872.99,1872.84,1872.84,243.115,1785004079999,455341.55357,315,39.320,73642.22170,0
1785004080000,1872.85,1873.90,1872.84,1873.90,431.006,1785004139999,807426.00920,863,351.844,659095.58839,0
1785004140000,1873.89,1874.56,1873.89,1874.36,1346.139,1785004199999,2522991.44433,1268,1028.695,1927996.01318,0
1785004200000,1874.35,1874.36,1873.91,1873.91,693.217,1785004259999,1299090.49087,827,214.858,402639.98847,0
1785004260000,1873.92,1873.92,1873.32,1873.44,701.735,1785004319999,1314743.30991,1273,388.536,727882.70983,0
1785004320000,1873.44,1874.11,1873.44,1873.96,443.347,1785004379999,830792.68997,768,292.604,548301.27566,0
1785004380000,1873.96,1875.52,1873.95,1875.16,1640.817,1785004439999,3076137.82493,1861,1252.822,2348735.56115,0
1785004440000,1875.17,1875.17,1874.24,1874.50,814.818,1785004499999,1527465.91375,1301,504.950,946549.37281,0
1785004500000,1874.50,1874.50,1873.57,1873.64,834.245,1785004559999,1563358.33146,1243,346.044,648394.37923,0
1785004560000,1873.64,1873.64,1873.31,1873.31,654.385,1785004619999,1226013.08262,628,144.564,270854.06002,0
1785004620000,1873.32,1873.32,1873.17,1873.17,339.141,1785004679999,635278.36854,434,124.431,233081.93476,0
1785004680000,1873.17,1873.18,1873.17,1873.18,131.407,1785004739999,246148.07612,315,42.593,79784.35574,0
1785004740000,1873.17,1873.41,1873.06,1873.41,275.235,1785004799999,515561.78108,529,140.074,262384.00748,0
1785004800000,1873.41,1873.75,1873.40,1873.45,302.260,1785004859999,566324.21841,728,110.800,207593.70609,0
1785004860000,1873.44,1873.75,1872.66,1872.67,1043.434,1785004919999,1954600.99314,1351,139.030,260413.82241,0
1785004920000,1872.66,1872.67,1872.40,1872.66,657.836,1785004979999,1231825.02523,683,179.517,336144.70492,0
1785004980000,1872.67,1873.42,1872.66,1873.42,493.955,1785005039999,925192.81311,912,371.153,695202.08076,0
1785005040000,1873.42,1873.42,1873.01,1873.02,312.496,1785005099999,585399.11602,485,131.868,247028.51471,0
1785005100000,1873.01,1873.02,1873.01,1873.01,156.809,1785005159999,293705.37429,263,54.920,102866.25840,0
1785005160000,1873.01,1873.70,1873.01,1873.70,407.879,1785005219999,764051.27938,888,191.781,359241.34574,0
1785005220000,1873.71,1873.73,1873.44,1873.73,250.789,1785005279999,469886.82331,498,151.933,284664.80986,0
1785005280000,1873.72,1873.73,1873.10,1873.20,215.217,1785005339999,403180.23880,653,83.397,156226.03447,0
1785005340000,1873.20,1873.20,1873.04,1873.04,128.321,1785005399999,240354.46431,267,96.923,181542.43290,0
1785005400000,1873.04,1873.08,1872.90,1873.08,263.645,1785005459999,493806.64042,483,179.391,336001.39218,0
1785005460000,1873.07,1873.74,1872.99,1873.73,680.736,1785005519999,1275167.75743,892,575.099,1077296.37417,0
1785005520000,1873.74,1874.36,1873.35,1873.99,643.172,1785005579999,1205228.87874,1248,458.554,859263.59806,0
1785005580000,1874.00,1874.03,1873.00,1873.03,748.249,1785005639999,1401861.00106,1070,134.282,251618.33924,0
1785005640000,1873.03,1873.20,1872.91,1872.91,560.526,1785005699999,1049878.63685,564,196.921,368840.03570,0
1785005700000,1872.92,1873.67,1872.92,1873.57,278.085,1785005759999,520963.04252,673,122.390,229254.40049,0
1785005760000,1873.58,1873.99,1873.45,1873.94,386.372,1785005819999,723939.17821,616,279.941,524512.32074,0
1785005820000,1873.93,1874.65,1873.93,1874.65,570.853,1785005879999,1069908.24438,1149,439.376,823483.51333,0
1785005880000,1874.64,1875.08,1874.60,1875.08,1243.382,1785005939999,2331154.82566,1190,610.088,1143847.91976,0
1785005940000,1875.08,1875.08,1874.13,1874.39,926.600,1785005999999,1736963.66776,1086,551.978,1034642.93350,0
1785006000000,1874.38,1874.56,1874.28,1874.29,615.443,1785006059999,1153571.83075,598,170.217,319050.47608,0
1785006060000,1874.28,1874.75,1874.10,1874.75,901.326,1785006119999,1689337.71073,835,759.765,1424014.66970,0
1785006120000,1874.74,1874.75,1874.39,1874.40,271.241,1785006179999,508477.04293,521,89.084,167002.78172,0
1785006180000,1874.39,1874.39,1873.83,1874.25,381.657,1785006239999,715234.42508,813,134.617,252272.03293,0
1785006240000,1874.24,1874.29,1874.09,1874.29,151.100,1785006299999,283194.48423,651,91.809,172068.56913,0
1785006300000,1874.29,1874.29,1874.08,1874.17,462.264,1785006359999,866383.83307,675,173.096,324420.52805,0
1785006360000,1874.16,1874.17,1873.48,1873.50,389.692,1785006419999,730182.69101,758,102.253,191596.70917,0
1785006420000,1873.49,1874.29,1873.49,1874.18,497.182,1785006479999,931662.10413,821,380.669,713295.99253,0
1785006480000,1874.17,1874.63,1874.17,1874.63,934.228,1785006539999,1751054.60664,558,891.447,1670862.22457,0
1785006540000,1874.63,1875.10,1874.25,1874.26,756.808,1785006599999,1418820.53986,1511,339.242,636010.42904,0
1785006600000,1874.25,1874.55,1873.89,1874.55,243.925,1785006659999,457130.71984,767,187.925,352178.56972,0
1785006660000,1874.55,1875.11,1874.54,1875.03,595.609,1785006719999,1116772.26859,823,489.955,918666.73555,0
1785006720000,1875.03,1875.49,1875.03,1875.49,655.794,1785006779999,1229743.87974,759,541.221,1014896.77102,0
1785006780000,1875.48,1875.49,1875.04,1875.04,268.376,1785006839999,503287.72520,639,86.074,161420.69623,0
1785006840000,1875.05,1875.17,1875.00,1875.01,194.856,1785006899999,365365.57717,583,124.504,233451.49274,0
1785006900000,1875.01,1875.01,1874.02,1874.03,467.680,1785006959999,876646.62881,1251,212.431,398198.87389,0
1785006960000,1874.02,1874.03,1873.44,1873.92,371.288,1785007019999,695701.87520,1047,119.329,223589.43185,0
1785007020000,1873.91,1874.03,1873.51,1873.51,384.749,1785007079999,720928.19921,682,99.762,186914.27919,0
1785007080000,1873.52,1873.82,1873.16,1873.72,1459.209,1785007139999,2733791.59931,1597,311.330,583268.47130,0
1785007140000,1873.72,1873.98,1873.71,1873.98,366.007,1785007199999,685816.35226,437,313.080,586641.74813,0
1785007200000,1873.98,1873.98,1873.97,1873.98,83.901,1785007259999,157228.47816,217,52.119,97669.96362,0
1785007260000,1873.97,1874.41,1873.75,1874.41,635.102,1785007319999,1190145.53526,882,354.869,665011.23211,0
1785007320000,1874.41,1874.61,1874.19,1874.61,221.062,1785007379999,414375.94256,643,98.796,185192.27638,0
1785007380000,1874.60,1874.82,1874.42,1874.82,349.205,1785007439999,654630.11194,852,251.014,470559.22324,0
1785007440000,1874.81,1874.98,1874.81,1874.82,431.631,1785007499999,809273.61524,763,239.480,449006.43154,0
1785007500000,1874.81,1874.91,1874.40,1874.80,566.325,1785007559999,1061702.98996,1207,224.289,420479.97867,0
1785007560000,1874.80,1874.80,1874.51,1874.52,347.703,1785007619999,651868.64534,435,67.568,126675.74776,0
1785007620000,1874.52,1874.80,1874.52,1874.80,187.156,1785007679999,350870.54936,317,135.261,253579.92263,0
1785007680000,1874.80,1874.80,1874.30,1874.30,341.396,1785007739999,639938.31121,502,79.274,148585.02957,0
1785007740000,1874.31,1874.52,1874.31,1874.36,188.705,1785007799999,353718.98403,381,75.963,142386.16046,0
1785007800000,1874.35,1874.36,1874.19,1874.19,259.922,1785007859999,487146.34687,345,84.362,158111.90138,0
1785007860000,1874.19,1874.54,1874.19,1874.53,211.796,1785007919999,396990.32396,306,136.199,255285.35637,0
1785007920000,1874.54,1874.86,1874.53,1874.86,247.563,1785007979999,464083.78038,403,110.319,206815.42334,0
1785007980000,1874.85,1874.90,1874.37,1874.82,692.589,1785008039999,1298353.83659,1019,330.346,619216.20087,0
1785008040000,1874.82,1874.98,1874.82,1874.98,149.000,1785008099999,279366.99838,278,109.015,204397.49758,0
1785008100000,1874.97,1874.98,1874.70,1874.79,478.842,1785008159999,897763.55225,750,75.685,141894.30824,0
1785008160000,1874.79,1874.81,1874.47,1874.81,344.901,1785008219999,646571.26368,920,156.818,293975.71770,0
1785008220000,1874.81,1875.23,1874.81,1875.22,232.200,1785008279999,435385.77965,485,175.288,328673.56148,0
1785008280000,1875.21,1875.26,1875.21,1875.26,322.161,1785008339999,604126.01930,281,215.757,404592.77078,0
1785008340000,1875.25,1875.26,1874.50,1874.57,2130.952,1785008399999,3995571.84381,988,47.155,88421.42871,0
1785008400000,1874.57,1874.90,1874.57,1874.89,197.092,1785008459999,369483.94522,457,163.367,306257.87473,0
1785008460000,1874.90,1875.05,1874.90,1875.05,107.923,1785008519999,202356.50318,234,96.923,181731.48126,0
1785008520000,1875.04,1875.05,1874.75,1874.76,387.601,1785008579999,726728.60894,572,97.872,183490.92452,0
1785008580000,1874.75,1874.76,1874.74,1874.74,85.405,1785008639999,160112.90648,190,11.771,22067.77294,0
1785008640000,1874.74,1874.86,1874.74,1874.86,86.349,1785008699999,161889.02937,232,53.769,100806.58881,0
1785008700000,1874.86,1874.86,1874.00,1874.00,315.187,1785008759999,590807.39202,815,30.016,56262.15941,0
1785008760000,1874.01,1874.01,1873.54,1873.93,737.360,1785008819999,1381636.72427,929,115.241,215952.81429,0
1785008820000,1873.93,1874.13,1873.52,1873.53,199.427,1785008879999,373715.44648,620,20.664,38723.66817,0
1785008880000,1873.53,1873.78,1873.33,1873.54,1176.308,1785008939999,2203968.82680,1186,204.293,382753.90758,0
1785008940000,1873.54,1874.13,1873.54,1874.13,1038.829,1785008999999,1946662.39522,623,842.510,1578763.77827,0
1785009000000,1874.12,1874.37,1873.75,1874.37,362.015,1785009059999,678475.44965,899,122.918,230371.89723,0
1785009060000,1874.36,1874.64,1874.36,1874.64,66.473,1785009119999,124602.83635,313,43.206,80988.95099,0
1785009120000,1874.65,1874.90,1874.64,1874.82,487.916,1785009179999,914753.15459,498,350.740,657576.29222,0
1785009180000,1874.83,1875.00,1874.82,1875.00,464.275,1785009239999,870485.74366,378,333.769,625799.92432,0
1785009240000,1875.00,1875.00,1874.82,1874.82,118.278,1785009299999,221761.70575,333,31.469,59000.64333,0
1785009300000,1874.83,1874.90,1874.82,1874.90,67.367,1785009359999,126303.93285,208,51.740,97005.21568,0
1785009360000,1874.90,1875.63,1874.90,1875.20,1338.545,1785009419999,2510130.30756,1717,1031.628,1934501.45872,0
1785009420000,1875.19,1875.20,1873.91,1873.91,885.309,1785009479999,1659440.30131,1451,192.952,361639.65882,0
1785009480000,1873.90,1874.03,1873.57,1873.79,581.593,1785009539999,1089808.34011,737,126.105,236282.23248,0
1785009540000,1873.80,1873.80,1873.79,1873.80,55.063,1785009599999,103176.65913,131,16.036,30048.25680,0
1785009600000,1873.80,1873.97,1873.21,1873.21,536.926,1785009659999,1006075.01850,987,149.073,279348.29266,0
1785009660000,1873.21,1873.52,1872.24,1872.34,1059.302,1785009719999,1983867.15972,1745,323.756,606310.36374,0
1785009720000,1872.33,1872.51,1872.25,1872.42,798.500,1785009779999,1495116.37832,827,119.748,224209.05633,0
1785009780000,1872.41,1873.00,1872.41,1873.00,1116.654,1785009839999,2091262.65852,1166,796.360,1491418.75093,0
1785009840000,1873.00,1873.26,1872.99,1873.25,281.211,1785009899999,526740.49980,438,155.949,292107.53528,0
1785009900000,1873.25,1873.25,1872.69,1872.70,482.990,1785009959999,904632.77595,731,3.240,6068.13484,0
1785009960000,1872.69,1872.98,1872.69,1872.98,231.401,1785010019999,433366.32031,410,174.391,326602.76745,0
1785010020000,1872.98,1872.98,1872.58,1872.58,352.564,1785010079999,660308.99310,569,30.237,56628.59385,0
1785010080000,1872.58,1872.58,1872.10,1872.17,486.021,1785010139999,909976.07149,876,127.775,239224.40765,0
1785010140000,1872.17,1872.37,1872.02,1872.36,343.678,1785010199999,643401.14197,650,98.263,183957.49599,0
1785010200000,1872.37,1872.93,1872.36,1872.92,278.430,1785010259999,521401.04980,920,159.694,299052.73865,0
1785010260000,1872.92,1873.17,1872.92,1872.92,368.565,1785010319999,690335.54984,617,210.795,394818.55486,0
1785010320000,1872.93,1872.93,1872.92,1872.92,89.721,1785010379999,168040.45259,143,19.727,36947.29011,0
1785010380000,1872.93,1873.53,1872.92,1873.52,195.378,1785010439999,365981.74648,664,178.569,334497.17248,0
1785010440000,1873.53,1873.53,1872.86,1872.86,442.417,1785010499999,828751.25599,704,25.654,48052.88428,0
1785010500000,1872.87,1873.04,1872.86,1873.03,148.257,1785010559999,277680.78611,327,119.988,224734.52193,0
1785010560000,1873.04,1873.04,1872.00,1872.00,921.262,1785010619999,1725005.93771,1399,234.382,438797.39733,0
1785010620000,1872.01,1872.41,1871.73,1871.74,802.436,1785010679999,1502200.05531,1137,161.569,302484.79195,0
1785010680000,1871.74,1871.85,1871.10,1871.19,1285.159,1785010739999,2405203.34840,2118,109.100,204180.51032,0
1785010740000,1871.19,1871.43,1870.12,1870.63,4407.365,1785010799999,8244338.01031,4238,1227.264,2295700.65914,0
1785010800000,1870.64,1870.72,1870.00,1870.72,2562.943,1785010859999,4793103.25322,1756,536.270,1002977.44592,0
1785010860000,1870.72,1871.22,1870.71,1871.14,614.498,1785010919999,1149765.71531,684,339.024,634310.69313,0
1785010920000,1871.13,1871.13,1870.76,1870.95,536.570,1785010979999,1003896.52274,608,232.335,434667.25534,0
1785010980000,1870.95,1871.14,1870.95,1871.14,70.388,1785011039999,131703.92981,269,35.451,66332.30424,0
1785011040000,1871.14,1871.42,1871.13,1871.21,384.953,1785011099999,720382.86119,607,137.304,256933.72514,0
1785011100000,1871.21,1871.44,1871.21,1871.40,281.161,1785011159999,526156.38509,419,179.715,336308.24444,0
1785011160000,1871.40,1871.40,1871.22,1871.23,195.120,1785011219999,365119.87620,289,7.911,14803.30971,0
1785011220000,1871.23,1871.31,1871.22,1871.31,62.996,1785011279999,117881.49949,234,60.814,113798.43408,0
1785011280000,1871.31,1871.31,1871.30,1871.31,81.711,1785011339999,152906.04740,196,25.310,47362.85610,0
1785011340000,1871.31,1871.42,1871.30,1871.42,316.778,1785011399999,592788.64911,383,101.609,190142.89701,0
1785011400000,1871.41,1871.46,1870.46,1870.46,654.490,1785011459999,1224712.48708,1055,171.506,320958.74898,0
1785011460000,1870.45,1870.81,1870.24,1870.81,338.876,1785011519999,633848.95195,664,232.705,435241.12044,0
1785011520000,1870.81,1870.81,1870.24,1870.28,464.438,1785011579999,868752.32298,711,69.135,129317.86227,0
1785011580000,1870.28,1870.37,1870.23,1870.37,389.620,1785011639999,728697.98990,377,156.828,293313.78744,0
1785011640000,1870.36,1870.37,1870.00,1870.00,387.137,1785011699999,724030.11147,516,28.774,53810.29704,0
1785011700000,1870.00,1870.01,1870.00,1870.01,3671.645,1785011759999,6865977.38838,420,123.838,231578.29838,0
1785011760000,1870.00,1870.01,1869.65,1869.85,1773.135,1785011819999,3315539.07379,852,509.346,952342.42827,0
1785011820000,1869.85,1869.86,1869.81,1869.82,434.562,1785011879999,812560.39435,282,24.463,45741.54754,0
1785011880000,1869.82,1870.00,1869.81,1870.00,524.149,1785011939999,980098.38878,406,446.143,834233.17140,0
1785011940000,1870.00,1870.25,1869.99,1870.25,271.504,1785011999999,507729.40858,353,201.141,376138.85746,0
1785012000000,1870.25,1870.60,1870.24,1870.59,601.199,1785012059999,1124465.33738,493,584.168,1092611.12940,0
1785012060000,1870.60,1870.60,1870.59,1870.60,81.716,1785012119999,152857.58176,145,44.932,84049.79920,0
1785012120000,1870.60,1870.60,1870.26,1870.26,759.539,1785012179999,1420702.78815,514,45.631,85342.81133,0
1785012180000,1870.27,1870.27,1870.26,1870.27,111.431,1785012239999,208404.99459,208,5.253,9824.52831,0
1785012240000,1870.26,1870.51,1870.26,1870.31,623.080,1785012299999,1165419.40715,554,281.884,527228.32861,0
1785012300000,1870.30,1870.51,1870.10,1870.11,481.044,1785012359999,899688.45711,522,171.212,320219.60059,0
1785012360000,1870.11,1870.48,1870.10,1870.48,155.978,1785012419999,291716.20341,408,129.260,241743.64120,0
1785012420000,1870.47,1870.48,1870.47,1870.48,151.094,1785012479999,282617.34605,184,55.187,103226.17976,0
1785012480000,1870.47,1870.56,1870.47,1870.56,155.705,1785012539999,291247.02054,241,117.728,220211.39015,0
1785012540000,1870.56,1870.56,1870.55,1870.56,44.751,1785012599999,83709.31250,96,32.945,61625.59920,0
1785012600000,1870.56,1870.56,1870.55,1870.56,78.330,1785012659999,146520.84946,166,66.796,124945.92576,0
1785012660000,1870.55,1870.78,1870.55,1870.78,260.007,1785012719999,486371.47197,395,181.373,339276.85584,0
1785012720000,1870.78,1871.06,1870.77,1871.06,219.069,1785012779999,409865.44108,304,210.209,393288.77868,0
1785012780000,1871.05,1871.06,1871.05,1871.06,45.794,1785012839999,85683.24834,109,38.464,71968.45184,0
1785012840000,1871.05,1871.05,1870.55,1870.82,650.249,1785012899999,1216556.66118,740,165.634,309837.09576,0
1785012900000,1870.82,1870.84,1870.81,1870.84,221.946,1785012959999,415222.36856,168,209.982,392839.83589,0
1785012960000,1870.84,1870.88,1870.83,1870.87,277.351,1785013019999,518883.20700,208,230.762,431721.71054,0
1785013020000,1870.88,1871.01,1870.87,1871.01,215.485,1785013079999,403164.24804,331,211.047,394860.82162,0
1785013080000,1871.01,1871.09,1871.00,1871.09,79.428,1785013139999,148612.84554,210,56.613,105925.07186,0
1785013140000,1871.08,1871.26,1871.08,1871.26,44.914,1785013199999,84040.09746,313,35.312,66073.98130,0
1785013200000,1871.26,1871.45,1871.20,1871.20,792.805,1785013259999,1483668.70218,650,118.281,221346.34570,0
1785013260000,1871.20,1871.21,1871.20,1871.21,169.859,1785013319999,317840.42372,267,26.292,49197.85332,0
1785013320000,1871.21,1871.21,1870.29,1870.30,603.012,1785013379999,1127988.47764,1040,182.462,341270.30861,0
1785013380000,1870.29,1870.30,1869.52,1869.69,621.099,1785013439999,1161292.64569,1019,320.565,599313.48350,0
1785013440000,1869.69,1869.69,1869.68,1869.69,404.019,1785013499999,755387.03968,299,79.576,148782.45144,0
1785013500000,1869.69,1870.62,1869.68,1870.62,476.434,1785013559999,890961.09451,850,383.596,717348.98551,0
1785013560000,1870.62,1870.62,1869.04,1869.08,2929.223,1785013619999,5476808.59188,2254,327.149,611538.86866,0
1785013620000,1869.07,1869.55,1869.01,1869.30,1283.691,1785013679999,2399496.94593,1289,630.079,1177709.96497,0
1785013680000,1869.30,1869.30,1869.29,1869.30,306.424,1785013739999,572796.75447,263,143.551,268339.88430,0
1785013740000,1869.30,1869.54,1869.28,1869.33,411.807,1785013799999,769830.60199,553,141.523,264562.99078,0
1785013800000,1869.32,1869.33,1868.75,1868.75,695.552,1785013859999,1299998.94744,935,169.727,317238.02809,0
1785013860000,1868.75,1868.76,1868.21,1868.21,1086.090,1785013919999,2029264.48039,1209,214.842,401379.12130,0
1785013920000,1868.22,1868.49,1868.21,1868.49,794.666,1785013979999,1484656.31183,600,461.469,862143.98947,0
1785013980000,1868.48,1869.08,1866.59,1869.08,5880.138,1785014039999,10980817.64703,3972,2674.042,4993306.13265,0
1785014040000,1869.07,1869.37,1869.07,1869.25,547.376,1785014099999,1023203.51568,485,187.399,350288.79850,0
1785014100000,1869.24,1869.60,1869.24,1869.39,507.954,1785014159999,949637.60362,707,195.113,364764.21019,0
1785014160000,1869.39,1869.51,1869.38,1869.51,190.579,1785014219999,356276.32659,194,130.986,244869.15409,0
1785014220000,1869.50,1869.81,1869.50,1869.81,220.827,1785014279999,412863.95138,384,172.883,323223.51540,0
1785014280000,1869.81,1869.81,1868.35,1869.22,1015.831,1785014339999,1898821.10147,1424,311.117,581450.54482,0
1785014340000,1869.21,1869.47,1869.21,1869.26,478.688,1785014399999,894871.79055,559,64.509,120588.36761,0
1785014400000,1869.25,1869.26,1868.88,1869.18,295.788,1785014459999,552850.91959,480,139.662,261026.43804,0
1785014460000,1869.17,1869.18,1869.17,1869.18,38.751,1785014519999,72432.43926,108,23.259,43475.25762,0
1785014520000,1869.18,1869.18,1869.17,1869.18,48.571,1785014579999,90787.87224,140,41.617,77789.66406,0
1785014580000,1869.18,1869.18,1868.74,1868.75,504.178,1785014639999,942379.28791,403,37.615,70308.95784,0
1785014640000,1868.75,1869.28,1868.74,1869.27,312.057,1785014699999,583215.54373,417,154.356,288482.90757,0
1785014700000,1869.27,1869.27,1868.75,1869.12,556.082,1785014759999,1039380.53867,768,158.242,295751.24254,0
1785014760000,1869.12,1869.22,1868.93,1868.94,364.344,1785014819999,681007.37780,388,148.355,277291.01171,0
1785014820000,1868.94,1869.45,1868.93,1869.44,421.311,1785014879999,787508.51610,408,318.236,594847.53654,0
1785014880000,1869.44,1869.68,1869.44,1869.68,249.168,1785014939999,465817.97296,346,198.853,371755.36962,0
1785014940000,1869.67,1869.84,1869.67,1869.84,327.821,1785014999999,612955.68760,257,231.030,431973.64871,0
1785015000000,1869.83,1870.32,1869.63,1870.31,1024.440,1785015059999,1915537.63444,1100,750.080,1402543.59202,0
1785015060000,1870.32,1870.52,1870.31,1870.51,356.080,1785015119999,666014.09496,407,290.518,543381.60479,0
1785015120000,1870.52,1870.52,1870.06,1870.06,325.755,1785015179999,609310.81422,371,69.377,129767.02656,0
1785015180000,1870.07,1870.56,1870.06,1870.56,655.638,1785015239999,1226119.75083,399,621.930,1163074.55531,0
1785015240000,1870.55,1870.83,1870.55,1870.83,169.843,1785015299999,317707.92682,348,159.871,299054.33428,0
1785015300000,1870.83,1871.28,1870.83,1871.28,265.597,1785015359999,496957.92309,524,259.214,485015.00032,0
1785015360000,1871.28,1871.39,1871.28,1871.39,187.148,1785015419999,350214.88135,248,141.259,264342.21419,0
1785015420000,1871.39,1872.38,1871.38,1872.12,1290.170,1785015479999,2415190.45262,1068,1117.590,2092124.88585,0
1785015480000,1872.11,1872.11,1871.18,1871.31,397.827,1785015539999,744549.44122,756,109.718,205308.28473,0
1785015540000,1871.31,1871.31,1871.03,1871.10,220.464,1785015599999,412520.58589,352,76.622,143364.33698,0
1785015600000,1871.10,1871.24,1871.04,1871.05,244.210,1785015659999,456938.64241,291,140.741,263340.04904,0
1785015660000,1871.05,1871.05,1871.04,1871.05,107.776,1785015719999,201653.58728,151,38.024,71144.80520,0
1785015720000,1871.04,1871.06,1870.91,1870.92,457.580,1785015779999,856136.91505,322,234.401,438567.45509,0
1785015780000,1870.91,1871.49,1870.79,1871.49,508.596,1785015839999,951528.10540,655,421.849,789232.70219,0
1785015840000,1871.48,1871.49,1870.57,1871.04,1349.634,1785015899999,2525189.37952,4260,629.746,1178104.80998,0
1785015900000,1871.04,1871.78,1871.03,1871.19,690.290,1785015959999,1291799.82899,1693,380.859,712679.02948,0
1785015960000,1871.18,1872.50,1870.57,1872.50,1618.321,1785016019999,3028520.05014,2990,1282.302,2399783.88152,0
1785016020000,1872.50,1875.26,1871.58,1873.36,7568.709,1785016079999,14178993.57026,5498,6072.894,11376440.77566,0
1785016080000,1873.35,1873.63,1872.87,1872.88,1193.823,1785016139999,2236226.73704,1525,367.513,688386.69212,0
1785016140000,1872.88,1872.88,1872.64,1872.64,104.431,1785016199999,195580.77988,502,47.938,89778.78697,0
1785016200000,1872.65,1872.80,1872.64,1872.65,584.674,1785016259999,1094901.28092,346,117.597,220219.15533,0
1785016260000,1872.65,1872.69,1872.03,1872.27,867.009,1785016319999,1623445.46481,843,393.450,736714.75250,0
1785016320000,1872.27,1872.72,1872.27,1872.72,620.190,1785016379999,1161264.22858,1085,250.612,469226.66769,0
1785016380000,1872.72,1872.88,1872.05,1872.27,316.987,1785016439999,593548.23188,835,186.909,349980.94834,0
1785016440000,1872.27,1872.46,1871.82,1871.83,517.877,1785016499999,969542.35408,1355,215.498,403436.26762,0
1785016500000,1871.82,1872.64,1871.67,1872.36,587.061,1785016559999,1099130.27304,1141,359.171,672436.00420,0
1785016560000,1872.36,1872.36,1871.22,1871.54,409.147,1785016619999,765769.13712,1021,191.363,358107.37567,0
1785016620000,1871.53,1871.54,1871.53,1871.53,122.378,1785016679999,229034.22603,246,12.769,23897.69426,0
1785016680000,1871.54,1871.98,1871.42,1871.42,498.055,1785016739999,932225.40547,775,124.095,232262.68694,0
1785016740000,1871.43,1871.70,1871.08,1871.70,631.153,1785016799999,1181098.47278,848,517.971,969297.65377,0
1785016800000,1871.69,1872.18,1871.41,1871.71,1306.519,1785016859999,2445433.35562,1524,583.790,1092684.03318,0
1785016860000,1871.72,1872.52,1871.53,1872.52,438.844,1785016919999,821528.40590,867,351.850,658674.33002,0
1785016920000,1872.52,1872.52,1871.53,1872.29,618.893,1785016979999,1158582.31364,1517,175.993,329423.03261,0
1785016980000,1872.29,1872.29,1871.84,1872.20,393.285,1785017039999,736247.09550,1008,203.920,381742.13540,0
1785017040000,1872.19,1872.51,1872.19,1872.33,184.195,1785017099999,344870.20444,715,69.898,130869.56056,0
1785017100000,1872.32,1872.32,1871.64,1872.13,281.337,1785017159999,526628.02458,817,127.531,238713.04453,0
1785017160000,1872.12,1872.73,1872.12,1872.63,217.846,1785017219999,407922.16868,727,150.286,281408.54878,0
1785017220000,1872.63,1872.99,1872.63,1872.64,426.065,1785017279999,797913.16066,786,199.383,373394.51385,0
1785017280000,1872.64,1873.00,1872.64,1872.97,198.841,1785017339999,372409.45284,397,130.725,244830.18387,0
1785017340000,1872.96,1873.38,1872.96,1873.37,350.440,1785017399999,656440.76056,642,338.447,633974.32573,0
1785017400000,1873.37,1873.83,1873.37,1873.83,223.665,1785017459999,419051.19578,525,195.303,365911.62683,0
1785017460000,1873.82,1873.83,1873.50,1873.60,209.578,1785017519999,392697.13885,534,53.337,99940.93126,0
1785017520000,1873.59,1873.60,1872.85,1872.86,333.003,1785017579999,623802.62279,787,53.559,100326.17681,0
1785017580000,1872.86,1872.86,1872.85,1872.86,42.404,1785017639999,79416.44695,148,11.555,21640.89730,0
1785017640000,1872.85,1873.17,1872.78,1873.17,857.362,1785017699999,1605799.34341,718,677.919,1269692.54750,0
1785017700000,1873.17,1873.17,1873.16,1873.17,115.827,1785017759999,216962.67073,183,16.741,31358.73897,0
1785017760000,1873.17,1873.39,1872.83,1873.04,719.898,1785017819999,1348393.08686,1111,482.881,904435.80309,0
1785017820000,1873.05,1873.36,1873.04,1873.36,164.953,1785017879999,308978.40990,313,152.256,285196.01120,0
1785017880000,1873.35,1874.38,1873.35,1874.38,405.220,1785017939999,759362.43608,897,384.351,720253.91311,0
1785017940000,1874.38,1874.66,1874.25,1874.26,1108.886,1785017999999,2078604.16400,816,577.675,1082854.39324,0
1785018000000,1874.25,1874.26,1874.10,1874.11,269.727,1785018059999,505509.18078,372,62.244,116657.01244,0
1785018060000,1874.10,1874.10,1873.63,1873.74,557.460,1785018119999,1044556.72065,724,155.089,290590.91564,0
1785018120000,1873.75,1873.75,1873.74,1873.75,78.156,1785018179999,146444.28384,145,26.040,48792.45000,0
1785018180000,1873.74,1874.00,1873.52,1874.00,388.028,1785018239999,727049.45592,596,315.782,591684.71670,0
1785018240000,1874.00,1874.00,1873.72,1873.73,225.782,1785018299999,423103.59021,389,29.842,55922.88651,0
1785018300000,1873.73,1874.16,1873.72,1874.16,344.523,1785018359999,645579.53902,473,328.363,615298.34085,0
1785018360000,1874.16,1874.16,1874.15,1874.16,104.252,1785018419999,195384.15041,153,26.461,49592.14776,0
1785018420000,1874.15,1874.16,1873.63,1873.63,292.909,1785018479999,548898.72714,633,93.305,174855.10013,0
1785018480000,1873.64,1873.98,1873.63,1873.87,799.279,1785018539999,1497684.03999,548,694.251,1300879.61663,0
1785018540000,1873.86,1874.25,1873.86,1874.25,199.233,1785018599999,373352.79210,360,166.161,311378.40647,0
1785018600000,1874.24,1874.25,1873.81,1873.81,369.969,1785018659999,693333.30034,485,108.078,202547.17319,0
1785018660000,1873.81,1874.28,1872.92,1874.27,1241.394,1785018719999,2325784.25050,1956,749.855,1404865.43673,0
1785018720000,1874.26,1874.27,1873.54,1873.55,249.855,1785018779999,468242.56836,661,27.430,51403.29663,0
1785018780000,1873.54,1873.55,1873.54,1873.54,53.409,1785018839999,100064.01693,155,11.907,22308.35985,0
1785018840000,1873.55,1873.55,1873.33,1873.34,110.578,1785018899999,207164.12872,302,5.739,10751.15328,0
1785018900000,1873.34,1873.79,1873.33,1873.58,426.427,1785018959999,798971.57848,676,293.285,549497.31231,0
1785018960000,1873.58,1873.97,1873.58,1873.97,70.693,1785019019999,132466.01232,388,53.555,100351.08328,0
1785019020000,1873.97,1874.76,1873.97,1874.70,997.851,1785019079999,1870289.23650,961,486.979,912674.28926,0
1785019080000,1874.69,1874.99,1874.69,1874.87,816.187,1785019139999,1530231.36131,771,692.652,1298615.65194,0
1785019140000,1874.86,1874.87,1874.69,1874.69,133.158,1785019199999,249647.16731,312,49.746,93266.04559,0
1785019200000,1874.70,1874.70,1874.00,1874.00,1070.490,1785019259999,2006322.29354,896,167.392,313770.48101,0
1785019260000,1874.00,1874.03,1873.70,1873.76,693.024,1785019319999,1298699.84013,512,213.957,400953.93661,0
1785019320000,1873.76,1874.19,1873.76,1873.92,727.816,1785019379999,1363913.71259,791,569.583,1067381.82999,0
1785019380000,1873.92,1874.25,1873.91,1874.24,452.748,1785019439999,848424.07832,363,422.474,791691.90535,0
1785019440000,1874.25,1874.92,1874.25,1874.88,442.952,1785019499999,830403.95197,818,341.538,640284.15935,0
1785019500000,1874.88,1874.88,1873.62,1873.62,723.089,1785019559999,1355277.39942,1124,167.232,313481.90028,0
1785019560000,1873.63,1874.10,1873.62,1874.01,666.473,1785019619999,1248806.52511,756,454.973,852519.10782,0
1785019620000,1874.00,1874.00,1873.83,1873.84,151.151,1785019679999,283235.20023,292,42.417,79483.94658,0
1785019680000,1873.84,1874.10,1873.84,1874.10,157.977,1785019739999,296050.04807,289,91.516,171496.19118,0
1785019740000,1874.10,1874.92,1874.09,1874.92,474.496,1785019799999,889350.99294,927,400.159,750031.08687,0
1785019800000,1874.91,1876.25,1874.91,1876.10,2054.209,1785019859999,3853380.11475,2054,1727.531,3240555.51859,0
1785019860000,1876.09,1876.10,1875.37,1875.61,887.548,1785019919999,1664809.99274,1305,466.920,875750.37193,0
1785019920000,1875.60,1876.00,1875.60,1876.00,197.767,1785019979999,370979.64173,368,112.966,211896.68087,0
1785019980000,1876.00,1876.00,1875.65,1875.87,388.942,1785020039999,729590.51648,534,108.844,204160.23956,0
1785020040000,1875.87,1875.87,1875.57,1875.57,228.357,1785020099999,428338.23903,423,65.152,122203.22531,0
1785020100000,1875.58,1875.80,1875.57,1875.76,537.943,1785020159999,1009009.85641,629,422.521,792507.78495,0
1785020160000,1875.76,1875.97,1875.76,1875.96,179.002,1785020219999,335793.44781,397,124.129,232854.33903,0
1785020220000,1875.96,1875.97,1875.07,1875.07,212.030,1785020279999,397662.15192,805,19.932,37387.48212,0
1785020280000,1875.08,1875.23,1875.07,1875.22,229.857,1785020339999,431017.25646,258,133.267,249892.70776,0
1785020340000,1875.23,1875.23,1875.00,1875.01,228.143,1785020399999,427803.66327,454,91.090,170807.72000,0
1785020400000,1875.01,1875.19,1874.90,1874.91,325.946,1785020459999,611160.88654,568,129.214,242277.39117,0
1785020460000,1874.90,1875.43,1874.67,1874.70,1219.077,1785020519999,2285777.36226,1401,757.573,1420388.41179,0
1785020520000,1874.70,1875.18,1874.69,1874.70,688.583,1785020579999,1291060.75741,1022,277.352,520004.18931,0
1785020580000,1874.70,1874.79,1874.67,1874.78,208.365,1785020639999,390624.74386,284,120.866,226586.88268,0
1785020640000,1874.78,1875.06,1874.53,1874.59,757.507,1785020699999,1420198.82588,997,263.102,493261.06238,0
1785020700000,1874.60,1875.24,1874.59,1875.24,355.355,1785020759999,666264.12693,569,269.718,505691.68397,0
1785020760000,1875.23,1875.33,1874.61,1874.61,648.145,1785020819999,1215366.95604,892,277.927,521189.17259,0
1785020820000,1874.61,1874.81,1874.49,1874.49,323.582,1785020879999,606607.06657,551,189.299,354867.45540,0
1785020880000,1874.50,1874.50,1874.08,1874.23,631.572,1785020939999,1183672.34968,780,276.501,518201.72438,0
1785020940000,1874.23,1874.23,1873.78,1874.04,456.436,1785020999999,855335.80377,872,192.138,360052.70986,0
1785021000000,1874.05,1874.18,1874.00,1874.01,331.882,1785021059999,621969.73129,408,142.222,266532.45352,0
1785021060000,1874.01,1874.01,1874.00,1874.01,104.718,1785021119999,196241.73746,179,20.546,38503.40946,0
1785021120000,1874.01,1874.39,1874.00,1874.39,346.305,1785021179999,649002.51005,427,305.155,571877.01572,0
1785021180000,1874.39,1874.77,1874.38,1874.76,301.046,1785021239999,564334.41986,459,276.793,518869.79204,0
1785021240000,1874.77,1874.77,1874.00,1874.01,354.190,1785021299999,663914.27051,826,90.698,170005.41386,0
1785021300000,1874.00,1874.37,1874.00,1874.10,513.608,1785021359999,962559.72862,634,392.737,736019.78608,0
1785021360000,1874.09,1874.10,1874.09,1874.09,119.925,1785021419999,224750.53163,201,28.838,54045.29580,0
1785021420000,1874.10,1874.10,1873.26,1873.26,474.390,1785021479999,888878.52539,880,16.269,30484.42748,0
1785021480000,1873.26,1873.26,1873.00,1873.02,1192.903,1785021539999,2234370.50053,812,436.637,817832.18132,0
1785021540000,1873.02,1873.18,1873.02,1873.17,112.900,1785021599999,211473.79401,219,61.778,115714.88037,0
1785021600000,1873.18,1873.18,1873.04,1873.18,364.351,1785021659999,682467.33195,361,84.202,157719.62740,0
1785021660000,1873.17,1873.18,1873.07,1873.07,181.038,1785021719999,339104.40588,264,41.865,78416.90040,0
1785021720000,1873.07,1873.08,1872.71,1872.71,824.567,1785021779999,1544366.36588,529,113.822,213168.47453,0
1785021780000,1872.71,1872.72,1872.63,1872.72,619.431,1785021839999,1159979.22798,345,64.755,121263.61511,0
1785021840000,1872.71,1873.00,1872.71,1872.99,168.612,1785021899999,315768.49596,375,79.126,148185.59922,0
1785021900000,1873.00,1873.00,1872.99,1872.99,101.842,1785021959999,190749.42172,113,37.414,70076.42200,0
1785021960000,1872.99,1873.00,1872.79,1872.80,350.038,1785022019999,655586.32190,359,73.119,136939.35920,0
1785022020000,1872.79,1873.00,1872.79,1873.00,361.074,1785022079999,676232.41979,280,315.638,591134.09767,0
1785022080000,1873.00,1873.34,1873.00,1873.34,151.347,1785022139999,283506.36212,392,90.636,169775.38073,0
1785022140000,1873.34,1873.47,1873.30,1873.31,327.881,1785022199999,614259.45527,399,55.326,103645.85791,0
1785022200000,1873.30,1873.56,1873.30,1873.56,236.131,1785022259999,442378.56096,334,84.536,158367.41055,0
1785022260000,1873.55,1873.70,1873.55,1873.70,92.883,1785022319999,174028.51273,336,63.533,119037.79863,0
1785022320000,1873.70,1873.70,1873.69,1873.70,124.741,1785022379999,233726.71746,184,75.317,141121.46290,0
1785022380000,1873.69,1873.90,1873.69,1873.90,140.756,1785022439999,263754.38333,318,66.995,125535.63244,0
1785022440000,1873.90,1873.90,1873.89,1873.90,176.644,1785022499999,331012.53127,178,110.611,207273.95290,0
1785022500000,1873.89,1874.36,1873.89,1874.36,233.598,1785022559999,437758.24803,506,203.372,381117.25742,0
1785022560000,1874.36,1874.58,1874.35,1874.38,443.285,1785022619999,830906.87617,572,325.045,609261.26565,0
1785022620000,1874.38,1874.58,1874.37,1874.58,252.222,1785022679999,472762.30708,288,183.324,343621.48702,0
1785022680000,1874.57,1874.60,1874.57,1874.60,93.555,1785022739999,175376.97506,174,55.821,104641.26144,0
1785022740000,1874.59,1874.60,1873.45,1873.60,703.152,1785022799999,1317870.99369,1308,146.210,273944.63168,0
1785022800000,1873.60,1874.05,1873.60,1873.70,447.961,1785022859999,839370.96541,702,374.152,701062.08663,0
1785022860000,1873.70,1873.70,1873.69,1873.70,185.399,1785022919999,347380.72015,157,46.784,87659.18080,0
1785022920000,1873.69,1873.70,1873.26,1873.33,479.928,1785022979999,899122.31635,522,11.483,21515.65496,0
1785022980000,1873.33,1873.64,1873.33,1873.64,143.649,1785023039999,269122.30235,293,106.063,198706.67317,0
1785023040000,1873.63,1873.64,1873.50,1873.50,101.144,1785023099999,189505.79278,284,23.324,43700.77880,0
1785023100000,1873.49,1873.64,1873.49,1873.63,255.739,1785023159999,479137.88748,238,192.268,360216.72069,0
1785023160000,1873.64,1873.80,1873.63,1873.65,425.609,1785023219999,797470.71757,485,297.508,557438.08225,0
1785023220000,1873.64,1873.65,1873.53,1873.54,259.545,1785023279999,486280.78004,282,62.071,116293.66577,0
1785023280000,1873.53,1874.65,1873.53,1874.65,442.469,1785023339999,829211.13709,857,389.767,730440.97749,0
1785023340000,1874.65,1874.65,1874.43,1874.43,334.071,1785023399999,626237.61824,500,125.456,235176.31248,0
1785023400000,1874.43,1874.43,1873.87,1874.07,647.537,1785023459999,1213544.52560,897,58.626,109861.56044,0
1785023460000,1874.06,1874.16,1874.06,1874.15,158.069,1785023519999,296233.87971,219,64.562,120994.71606,0
1785023520000,1874.15,1874.16,1873.94,1873.94,360.987,1785023579999,676529.85861,349,105.505,197723.13074,0
1785023580000,1873.93,1873.93,1873.41,1873.42,193.334,1785023639999,362212.39574,564,3.313,6206.84693,0
1785023640000,1873.41,1873.42,1873.09,1873.25,548.801,1785023699999,1028053.39716,625,90.564,169644.02560,0
1785023700000,1873.25,1873.26,1873.25,1873.25,102.070,1785023759999,191203.04889,167,42.139,78937.30314,0
1785023760000,1873.25,1873.30,1873.25,1873.30,184.522,1785023819999,345657.39315,177,139.168,260698.01265,0
1785023820000,1873.30,1873.75,1873.28,1873.75,937.205,1785023879999,1755778.91133,756,576.226,1079540.26821,0
1785023880000,1873.75,1874.16,1873.75,1874.16,162.229,1785023939999,304005.12956,481,145.845,273302.36530,0
1785023940000,1874.15,1874.16,1873.92,1873.92,443.618,1785023999999,831386.94208,472,174.499,327026.30440,0
