open_time,open,high,low,close,volume,close_time,quote_volume,count,taker_buy_volume,taker_buy_quote_volume,ignore
1703635200000,2232.45,2236.43,2213.68,2219.68,226801.269,1703649599999,504853413.27350,271805,109106.601,242877454.40120,0
1703649600000,2219.68,2233.47,2218.92,2230.45,172675.473,1703663999999,384415712.09401,214026,92234.490,205344599.02212,0
1703664000000,2230.45,2294.00,2228.72,2287.72,681083.134,1703678399999,1543942997.92238,615369,359720.809,815208144.00690,0
1703678400000,2287.72,2358.80,2277.44,2345.01,1221748.684,1703692799999,2832141575.02959,1047236,642187.312,1488758115.27393,0
1703692800000,2345.01,2379.00,2335.64,2348.61,778138.916,1703707199999,1834179933.33667,731825,369664.340,871522325.87610,0
1703707200000,2348.61,2395.00,2346.21,2380.31,490275.570,1703721599999,1161312333.89389,496156,251836.903,596674608.68130,0
