open_time,open,high,low,close,volume,close_time,quote_volume,count,taker_buy_volume,taker_buy_quote_volume,ignore
1709942400000,3886.04,3932.80,3880.35,3926.30,171062.577,1709956799999,668791277.13843,336938,87378.931,341621643.97823,0
1709956800000,3926.30,3945.88,3915.00,3928.92,145653.908,1709971199999,572564284.69672,272311,67883.480,266856042.66766,0
1709971200000,3928.91,3939.85,3890.01,3915.99,208743.168,1709985599999,817382259.72516,358018,100255.701,392603541.01415,0
1709985600000,3915.98,3931.07,3904.00,3920.24,154627.565,1709999999999,605903525.13912,300872,76393.119,299344136.54766,0
1710000000000,3920.23,3924.35,3871.46,3884.64,267039.782,1710014399999,1039210821.21229,437699,130488.395,507879228.35681,0
1710014400000,3884.64,3916.24,3884.64,3908.15,109869.982,1710028799999,428966772.56330,212836,56586.553,220916693.68355,0
