open_time,open,high,low,close,volume,close_time,quote_volume,count,taker_buy_volume,taker_buy_quote_volume,ignore
1743724800000,1816.48,1822.69,1770.00,1792.13,745536.338,1743739199999,1338956954.39330,689939,328123.394,589695742.73377,0
1743739200000,1792.13,1821.40,1783.08,1816.88,531862.172,1743753599999,959418374.73835,501189,277936.431,501445882.90162,0
1743753600000,1816.87,1834.70,1757.52,1783.16,1469835.729,1743767999999,2644114045.26626,1146022,717525.169,1290901930.49886,0
1743768000000,1783.15,1820.18,1768.57,1794.47,1965960.639,1743782399999,3520198641.76226,1703266,979839.747,1754818886.92668,0
1743782400000,1794.48,1828.71,1782.15,1809.02,1169114.734,1743796799999,2111251666.05832,987206,585039.976,1056688584.48177,0
1743796800000,1809.03,1827.99,1806.43,1815.97,338804.890,1743811199999,615407509.69149,321387,173094.694,314473711.75920,0
