open_time,open,high,low,close,volume,close_time,quote_volume,count,taker_buy_volume,taker_buy_quote_volume,ignore
1784332800000,1841.08,1845.99,1838.47,1845.23,147597.813,1784347199999,271874526.60992,217664,83404.064,153647488.42276,0
1784347200000,1845.23,1848.93,1841.54,1843.42,140531.237,1784361599999,259200924.61192,170850,73967.409,136430850.14025,0
1784361600000,1843.41,1848.67,1841.31,1844.70,135545.099,1784375999999,250073968.21284,140537,68008.402,125477855.77506,0
1784376000000,1844.70,1849.71,1836.36,1843.15,269637.973,1784390399999,496844382.74887,280969,126293.664,232759540.17415,0
1784390400000,1843.14,1867.00,1840.61,1857.40,416752.201,1784404799999,772505340.61520,397644,242110.863,448828565.30527,0
1784404800000,1857.40,1864.74,1854.31,1861.75,202611.581,1784419199999,376809059.00342,273221,103112.312,191773505.72919,0
