open_time,open,high,low,close,volume,close_time,quote_volume,count,taker_buy_volume,taker_buy_quote_volume,ignore
1748390400000,2659.83,2660.85,2617.00,2644.51,734773.316,1748404799999,1939094713.05615,688056,375130.879,990058236.77729,0
1748404800000,2644.51,2651.87,2622.36,2635.35,463076.132,1748419199999,1220796726.94992,473299,227545.371,599979815.07862,0
1748419200000,2635.36,2658.94,2606.00,2655.99,750489.820,1748433599999,1976895795.48447,636860,386864.560,1019494805.62207,0
1748433600000,2655.99,2689.13,2612.00,2626.17,1681717.068,1748447999999,4458547202.35822,1361117,827737.654,2194988764.83935,0
1748448000000,2626.20,2664.00,2615.23,2616.61,785142.616,1748462399999,2073648184.65828,780334,388851.015,1026993487.28337,0
1748462400000,2616.61,2686.00,2610.01,2680.40,740934.455,1748476799999,1963302246.84097,719127,380885.293,1009665495.81593,0
