open_time,open,high,low,close,volume,close_time,quote_volume,count,taker_buy_volume,taker_buy_quote_volume,ignore
1784160000000,1916.91,1928.34,1907.07,1917.94,422899.674,1784174399999,811285543.87254,611562,196225.898,376504422.29198,0
1784174400000,1917.94,1928.69,1904.05,1909.91,490808.751,1784188799999,940437950.12679,549086,234082.075,448553817.14371,0
1784188800000,1909.91,1912.19,1873.63,1884.15,1199185.260,1784203199999,2263272385.55772,961091,572041.199,1079495239.31356,0
1784203200000,1884.15,1894.25,1866.53,1880.90,1260340.082,1784217599999,2370135753.73985,1347944,633077.722,1190668254.24891,0
1784217600000,1880.90,1882.42,1860.00,1874.83,504675.512,1784231999999,944931743.72640,819078,237607.685,444995597.85628,0
1784232000000,1874.83,1880.97,1855.38,1863.73,435890.205,1784246399999,814146692.94317,536028,211132.861,394401098.95622,0
