open_time,open,high,low,close,volume,close_time,quote_volume,count,taker_buy_volume,taker_buy_quote_volume,ignore
1713052800000,3005.47,3019.09,2903.00,2969.27,897106.534,1713067199999,2659133694.98768,1319400,420828.579,1247628794.58852,0
1713067200000,2969.26,3102.84,2963.94,3083.33,588117.410,1713081599999,1796850835.49381,844572,284113.937,867663280.35245,0
1713081600000,3083.33,3098.95,3006.85,3026.33,482752.913,1713095999999,1471862363.79700,694923,236505.341,721267293.63820,0
1713096000000,3026.32,3074.14,3005.06,3055.19,570786.388,1713110399999,1735000750.73240,882061,295089.812,897100053.28170,0
1713110400000,3055.18,3099.90,2976.60,3072.38,866542.873,1713124799999,2646228461.02701,1106794,421534.589,1287562542.39202,0
1713124800000,3072.38,3173.32,3045.81,3153.16,544898.639,1713139199999,1702385302.80842,715674,276188.772,862856026.32581,0
