open_time,open,high,low,close,volume,close_time,quote_volume,count,taker_buy_volume,taker_buy_quote_volume,ignore
1699660800000,2079.10,2086.29,2021,2047.79,685502.348,1699675199999,1407765516.95454,605949,315826.674,648910408.09453,0
1699675200000,2047.79,2062.48,2035.52,2056.58,283103.224,1699689599999,580947485.91423,296498,143709.572,294943129.97501,0
1699689600000,2056.60,2068.48,2047.25,2059.53,252346.825,1699703999999,519719884.52400,255178,127036.638,261676027.71378,0
1699704000000,2059.52,2091.40,2054.02,2069.32,469529.979,1699718399999,972613784.30679,427669,239306.516,495716738.53682,0
1699718400000,2069.34,2091.97,2067.91,2077.46,351480.193,1699732799999,730347887.98837,343643,174435.237,362429493.16964,0
1699732800000,2077.47,2077.76,2032,2054.52,442086.381,1699747199999,906475116.57967,409383,202396.676,414993218.27381,0
