open_time,open,high,low,close,volume,close_time,quote_volume,count,taker_buy_volume,taker_buy_quote_volume,ignore
1665705600000,1286.38,1343.36,1282.74,1329.28,1624516.560,1665719999999,2144658778.46437,800130,890968.101,1175936339.85408,0
1665720000000,1329.28,1331.74,1315.63,1321.18,756440.407,1665734399999,1001874936.41549,448389,369077.178,488871100.53461,0
1665734400000,1321.19,1336.93,1316.22,1325.56,902901.883,1665748799999,1197271513.02623,501864,475720.824,630864268.34578,0
1665748800000,1325.57,1343.00,1304.06,1309.77,2162949.497,1665763199999,2863492839.32269,1073326,1060423.775,1404163360.89277,0
1665763200000,1309.77,1312.76,1292.95,1298.03,1269448.243,1665777599999,1653172287.92789,651393,618280.614,805303676.49013,0
1665777600000,1298.03,1303.70,1287.01,1295.35,455443.096,1665791999999,590116647.87389,281133,218228.553,282842924.32388,0
