open_time,open,high,low,close,volume,close_time,quote_volume,count,taker_buy_volume,taker_buy_quote_volume,ignore
1733529600000,1.0466000,1.0970000,1.0377000,1.0916000,92679221,1733543999999,98915463.1707000,324413,48083420,51359096.6772000,0
1733544000000,1.0916000,1.1469000,1.0850000,1.1177000,107537420,1733558399999,120435344.5094000,360525,55528787,62186671.8636000,0
1733558400000,1.1177000,1.1272000,1.0661000,1.0752000,73872388,1733572799999,80341869.1620000,247646,37643675,40932582.4983000,0
1733572800000,1.0752000,1.0867000,1.0430000,1.0492000,58529134,1733587199999,62234629.0097000,184159,26898529,28620595.5176000,0
1733587200000,1.0493000,1.0513000,1.0270000,1.0333000,46387494,1733601599999,48155233.2456000,163482,23236771,24137742.8928000,0
1733601600000,1.0334000,1.0590000,1.0310000,1.0503000,29509851,1733615999999,30886025.7881000,124599,14979577,15685394.8890000,0
