open_time,open,high,low,close,volume,close_time,quote_volume,count,taker_buy_volume,taker_buy_quote_volume,ignore
1737590400000,0.8538000,0.8560000,0.8324000,0.8373000,95816590,1737604799999,80895480.3727000,215414,45921710,38799807.2269000,0
1737604800000,0.8374000,0.8477000,0.8288000,0.8455000,73110392,1737619199999,61270610.9498000,166770,39258329,32918481.2371000,0
1737619200000,0.8454000,0.8483000,0.8188000,0.8317000,75396669,1737633599999,62634413.4144000,180240,34654888,28815109.9499000,0
1737633600000,0.8316000,0.8642000,0.8172000,0.8451000,182268640,1737647999999,153206380.2411000,336858,90851673,76409150.5682000,0
1737648000000,0.8451000,0.8722000,0.8112000,0.8146000,130662309,1737662399999,110014990.7827000,270513,61164266,51536054.2534000,0
1737662400000,0.8145000,0.8659000,0.8000000,0.8487000,225689816,1737676799999,186524830.7286000,394017,111201540,92103524.4321000,0
