open_time,open,high,low,close,volume,close_time,quote_volume,count,taker_buy_volume,taker_buy_quote_volume,ignore
1712188800000,1.1340000,1.1640000,0.9520000,0.9550000,261004960,1712203199999,276434387.5930000,770297,120036158,127406898.5660000,0
1712203200000,0.9540000,1.0700000,0.9110000,1.0050000,319741665,1712217599999,318193849.0000000,690196,159057836,158504777.4190000,0
1712217600000,1.0040000,1.1670000,0.9520000,1.1260000,348874178,1712231999999,371253402.9600000,843752,175435093,186836391.9200000,0
1712232000000,1.1250000,1.1550000,1.0320000,1.0370000,268754734,1712246399999,296200027.5990000,714720,128049851,141350019.6710000,0
1712246400000,1.0380000,1.0650000,0.9730000,1.0030000,209276780,1712260799999,214068202.7500000,559096,103481542,105964530.2250000,0
1712260800000,1.0030000,1.0100000,0.9280000,0.9710000,188661746,1712275199999,182649351.0300000,473374,91797830,88979879.2400000,0
