open_time,open,high,low,close,volume,close_time,quote_volume,count,taker_buy_volume,taker_buy_quote_volume,ignore
1716422400000,0.8516000,0.8584000,0.8352000,0.8451000,39414465,1716436799999,33385204.5414000,155989,19543081,16555447.1249000,0
1716436800000,0.8451000,0.8582000,0.8406000,0.8441000,39459715,1716451199999,33511888.8601000,139388,19215132,16315791.0719000,0
1716451200000,0.8441000,0.8683000,0.8299000,0.8560000,77685641,1716465599999,65714396.0688000,214484,38018407,32165229.5413000,0
1716465600000,0.8560000,0.9077000,0.8303000,0.8630000,233573814,1716479999999,202841649.6989000,772611,114141336,99166807.2643000,0
1716480000000,0.8630000,0.8997000,0.8360000,0.8769000,135037673,1716494399999,116978496.1196000,424861,66411892,57548678.7819000,0
1716494400000,0.8769000,0.9097000,0.8350000,0.8665000,194707760,1716508799999,168726149.9799000,615300,95101830,82425621.4069000,0
