open_time,open,high,low,close,volume,close_time,quote_volume,count,taker_buy_volume,taker_buy_quote_volume,ignore
1733011200000,0.8429000,0.8874000,0.8331000,0.8715000,156823661,1733025599999,135068607.3163000,431881,77676515,66948621.6877000,0
1733025600000,0.8716000,0.8751000,0.8235000,0.8340000,69700111,1733039999999,58777668.2081000,219724,33560787,28302062.7755000,0
1733040000000,0.8340000,0.8452000,0.8050000,0.8192000,54244097,1733054399999,44515499.5359000,164563,26816233,22006521.2970000,0
1733054400000,0.8192000,0.8335000,0.8130000,0.8280000,60411472,1733068799999,49733031.0881000,183969,30079629,24775492.4323000,0
1733068800000,0.8280000,0.8316000,0.8122000,0.8191000,29965179,1733083199999,24619614.4924000,126938,14695561,12082039.0380000,0
1733083200000,0.8190000,0.8282000,0.8089000,0.8225000,28451039,1733097599999,23270423.6401000,114885,14069962,11512948.0159000,0
