open_time,open,high,low,close,volume,close_time,quote_volume,count,taker_buy_volume,taker_buy_quote_volume,ignore
1742774400000,0.3704000,0.3930000,0.3673000,0.3919000,153153909,1742788799999,58172244.0765000,156007,72399312,27477828.7739000,0
1742788800000,0.3918000,0.3989000,0.3872000,0.3884000,116185120,1742803199999,45692982.4034000,130462,52777092,20761364.4552000,0
1742803200000,0.3884000,0.4029000,0.3881000,0.3962000,108335295,1742817599999,43022073.6601000,112151,55059527,21854572.7236000,0
1742817600000,0.3963000,0.4091000,0.3934000,0.3996000,140250237,1742831999999,56420178.0328000,161541,73729830,29677145.2174000,0
1742832000000,0.3997000,0.4043000,0.3966000,0.4013000,67093890,1742846399999,26878492.1071000,81678,32196455,12903963.6792000,0
1742846400000,0.4012000,0.4098000,0.4000000,0.4087000,66088279,1742860799999,26829603.3823000,75541,33326702,13534148.0728000,0
