open_time,open,high,low,close,volume,close_time,quote_volume,count,taker_buy_volume,taker_buy_quote_volume,ignore
1720310400000,0.4124000,0.4125000,0.3970000,0.4077000,61215299,1720324799999,24822324.2516000,118432,29560498,11992443.3084000,0
1720324800000,0.4077000,0.4107000,0.3992000,0.4036000,57122724,1720339199999,23119181.5995000,99988,27649811,11193397.5563000,0
1720339200000,0.4036000,0.4259000,0.4024000,0.4243000,77136488,1720353599999,31983742.6474000,133850,39608509,16428463.4954000,0
1720353600000,0.4242000,0.4262000,0.3880000,0.3934000,112311694,1720367999999,45189800.0114000,180198,53911972,21683840.4064000,0
1720368000000,0.3934000,0.4031000,0.3915000,0.3964000,64248959,1720382399999,25617054.1218000,118052,31647341,12618692.7634000,0
1720382400000,0.3963000,0.3980000,0.3749000,0.3775000,58296787,1720396799999,22452657.2583000,109197,26386660,10170578.2784000,0
