open_time,open,high,low,close,volume,close_time,quote_volume,count,taker_buy_volume,taker_buy_quote_volume,ignore
1722384000000,0.4114000,0.4154000,0.4066000,0.4102000,46546541,1722398399999,19120684.5596000,75260,22339285,9180219.5058000,0
1722398400000,0.4103000,0.4153000,0.4040000,0.4103000,48139916,1722412799999,19734276.8235000,69924,22628785,9281179.4818000,0
1722412800000,0.4104000,0.4126000,0.4029000,0.4088000,35406901,1722427199999,14447616.0706000,59014,18297492,7470532.1864000,0
1722427200000,0.4088000,0.4180000,0.4062000,0.4071000,71415926,1722441599999,29372969.3155000,95812,37164024,15287896.6683000,0
1722441600000,0.4072000,0.4154000,0.3980000,0.4019000,87783480,1722455999999,35820341.6871000,120947,41716308,17037137.9235000,0
1722456000000,0.4019000,0.4032000,0.3915000,0.3988000,82515986,1722470399999,32751840.1253000,115732,39839210,15820538.1009000,0
