open_time,open,high,low,close,volume,close_time,quote_volume,count,taker_buy_volume,taker_buy_quote_volume,ignore
1715731200000,0.6931000,0.7137000,0.6928000,0.7082000,69048368,1715745599999,48663257.3971000,165575,35377266,24934999.0614000,0
1715745600000,0.7082000,0.7090000,0.6956000,0.6994000,38208072,1715759999999,26790200.6055000,113193,18588883,13034849.0829000,0
1715760000000,0.6993000,0.7049000,0.6652000,0.6724000,110952124,1715774399999,76015404.2066000,256165,53177216,36454816.7065000,0
1715774400000,0.6724000,0.7376000,0.6724000,0.7169000,175506871,1715788799999,125633985.0588000,488357,86741767,62096236.7303000,0
1715788800000,0.7170000,0.7387000,0.7060000,0.7375000,68137353,1715803199999,48984916.5459000,214655,34309660,24679002.9836000,0
1715803200000,0.7374000,0.7490000,0.7265000,0.7344000,60973958,1715817599999,44973082.2297000,187411,29801223,21994422.1102000,0
