open_time,open,high,low,close,volume,close_time,quote_volume,count,taker_buy_volume,taker_buy_quote_volume,ignore
1665014400000,20158.40687941,20436.47759374,20146.65253590,20356.41180679,0,1665028799999,0,14400,0,0,0
1665028800000,20356.32776603,20441.55875252,20161.32785327,20223.25526882,0,1665043199999,0,14400,0,0,0
1665043200000,20222.70032185,20252.81725862,20086.71347461,20242.57397800,0,1665057599999,0,14400,0,0,0
1665057600000,20242.89841648,20316.53610745,19881.26029937,20016.03372198,0,1665071999999,0,14400,0,0,0
1665072000000,20015.04080784,20244.10221677,19954.21443703,20009.82531326,0,1665086399999,0,14400,0,0,0
1665086400000,20010.77783806,20069.50204963,19864.18846812,19960.27325588,0,1665100799999,0,14400,0,0,0
