open_time,open,high,low,close,volume,close_time,quote_volume,count,taker_buy_volume,taker_buy_quote_volume,ignore
1722124800000,67897.19446809,68282.35170213,67279.99276596,67941.78297872,0,1722139199999,0,14400,0,0,0
1722139200000,67940.87659574,68026.47021277,67062.72851064,67554.88957447,0,1722153599999,0,14400,0,0,0
1722153600000,67554.89148936,67996.54574468,67221.40085106,67835.53851064,0,1722167999999,0,14400,0,0,0
1722168000000,67835.74893617,68116.64574468,67588.35914894,67646.55489362,0,1722182399999,0,14400,0,0,0
1722182400000,67646.85425532,68319.03765957,67621.37382979,68117.22851064,0,1722196799999,0,14400,0,0,0
1722196800000,68117.22787234,68277.30787234,67817.06978723,68246.42702128,0,1722211199999,0,14400,0,0,0
