open_time,open,high,low,close,volume,close_time,quote_volume,count,taker_buy_volume,taker_buy_quote_volume,ignore
1686182400000,26340.88738095,26467.39166667,26217.58755556,26342.75644444,0,1686196799999,0,14392,0,0,0
1686196800000,26342.75644444,26517.63244444,26290.89133333,26445.16133333,0,1686211199999,0,14392,0,0,0
1686211200000,26445.16577778,26500.81933333,26370.05311111,26432.77488889,0,1686225599999,0,14400,0,0,0
1686225600000,26432.77933333,26800.13846154,26315.06714286,26724.64626374,0,1686239999999,0,14400,0,0,0
1686240000000,26724.64626374,26733.12186813,26431.13252747,26541.87098901,0,1686254399999,0,14400,0,0,0
1686254400000,26540.89384615,26648.39142857,26491.37428571,26500.13615385,0,1686268799999,0,14400,0,0,0
