open_time,open,high,low,close,volume,close_time,quote_volume,count,taker_buy_volume,taker_buy_quote_volume,ignore
1730073600000,68018.86744681,68102.34808511,67682.08404255,67727.33170213,0,1730087999999,0,14400,0,0,0
1730088000000,67727.12595745,68675.41085106,67630.15680851,68419.22170213,0,1730102399999,0,14400,0,0,0
1730102400000,68419.34787234,68829.79000000,68242.51446809,68754.11893617,0,1730116799999,0,14400,0,0,0
1730116800000,68753.62234043,69279.03425532,68442.59319149,68491.98574468,0,1730131199999,0,14399,0,0,0
1730131200000,68491.26808511,69892.90617021,68455.51191489,69615.67702128,0,1730145599999,0,14400,0,0,0
1730145600000,69632.18382979,70262.26638298,69435.54021277,69956.83255319,0,1730159999999,0,14400,0,0,0
