open_time,open,high,low,close,volume,close_time,quote_volume,count,taker_buy_volume,taker_buy_quote_volume,ignore
1719792000000,62774.02000000,63812.19531915,62579.60531915,63434.97297872,0,1719806399999,0,14400,0,0,0
1719806400000,63435.07446809,63462.69957447,63224.73914894,63278.84212766,0,1719820799999,0,14400,0,0,0
1719820800000,63278.84276596,63316.17276596,62595.89957447,62663.09872340,0,1719835199999,0,14400,0,0,0
1719835200000,62663.91000000,63139.69468085,62542.82574468,63128.75510638,0,1719849599999,0,14400,0,0,0
1719849600000,63131.34978723,63859.09446809,62971.60127660,63235.20510638,0,1719863999999,0,14400,0,0,0
1719864000000,63226.75978723,63416.61765957,62808.31553191,62905.49063830,0,1719878399999,0,14400,0,0,0
