open_time,open,high,low,close,volume,close_time,quote_volume,count,taker_buy_volume,taker_buy_quote_volume,ignore
1685145600000,26706.90261905,26777.60119048,26633.38000000,26752.20976190,0,1685159999999,0,14127,0,0,0
1685160000000,26752.34785714,26785.49071429,26710.08880952,26722.38928571,0,1685174399999,0,14259,0,0,0
1685174400000,26722.39000000,26730.72285714,26664.63142857,26698.77472222,0,1685188799999,0,14369,0,0,0
1685188800000,26698.78027778,26777.74928571,26567.95142857,26689.19071429,0,1685203199999,0,14196,0,0,0
1685203200000,26689.19547619,26833.70738095,26622.10857143,26730.37857143,0,1685217599999,0,13702,0,0,0
1685217600000,26730.37380952,26882.17000000,26726.82500000,26855.13285714,0,1685231999999,0,13372,0,0,0
