open_time,open,high,low,close,volume,close_time,quote_volume,count,taker_buy_volume,taker_buy_quote_volume,ignore
1661385600000,21367.27329747,21634.30564920,21314.87818491,21469.17513173,0,1661399999999,0,14400,0,0,0
1661400000000,21468.78348013,21756.31886646,21467.02523837,21742.34958979,0,1661414399999,0,14400,0,0,0
1661414400000,21742.64560507,21810.48246178,21614.83229623,21723.51347790,0,1661428799999,0,14400,0,0,0
1661428800000,21722.64378718,21768.25876289,21489.04569256,21565.60742876,0,1661443199999,0,14400,0,0,0
1661443200000,21565.11227416,21642.92515464,21428.42643851,21600.25322012,0,1661457599999,0,14400,0,0,0
1661457600000,21601.74261396,21680.28647539,21522.52198206,21563.75368518,0,1661471999999,0,14400,0,0,0
