open_time,open,high,low,close,volume,close_time,quote_volume,count,taker_buy_volume,taker_buy_quote_volume,ignore
1696896000000,27588.76109890,27693.12945055,27504.00989011,27632.77857143,0,1696910399999,0,14400,0,0,0
1696910400000,27632.77857143,27703.59043956,27581.36395604,27651.13120879,0,1696924799999,0,14400,0,0,0
1696924800000,27651.12395604,27733.07208791,27502.42285714,27512.66835165,0,1696939199999,0,14400,0,0,0
1696939200000,27509.30417582,27618.55736264,27343.28296703,27407.80648352,0,1696953599999,0,14400,0,0,0
1696953600000,27407.81747253,27507.47516484,27298.08637363,27397.34824176,0,1696967999999,0,14400,0,0,0
1696968000000,27397.34824176,27469.38411765,27325.94247059,27389.45205479,0,1696982399999,0,14400,0,0,0
