open_time,open,high,low,close,volume,close_time,quote_volume,count,taker_buy_volume,taker_buy_quote_volume,ignore
1641081600000,47723.69010513,47746.34466423,47271.64978819,47328.91834194,0,1641095999999,0,14400,0,0,0
1641096000000,47328.91398893,47417.22062867,46782.35185092,47175.46700815,0,1641110399999,0,14400,0,0,0
1641110400000,47175.63389190,47484.15956015,46982.83200403,47235.99545186,0,1641124799999,0,14400,0,0,0
1641124800000,47236.07595819,47429.73312920,47020.38322671,47340.68587449,0,1641139199999,0,14400,0,0,0
1641139200000,47340.19230535,47966.88828424,46699.75090053,46919.46027520,0,1641153599999,0,14400,0,0,0
1641153600000,46913.61699060,47461.32665782,46825.54472685,47295.56609099,0,1641167999999,0,14400,0,0,0
