open_time,open,high,low,close,volume,close_time,quote_volume,count,taker_buy_volume,taker_buy_quote_volume,ignore
1699660800000,37302.03152941,37396.84117647,36903.98752941,37038.97037975,0,1699675199999,0,14400,0,0,0
1699675200000,37040.09189873,37130.60253165,36928.13924051,37007.51278481,0,1699689599999,0,14400,0,0,0
1699689600000,37007.51278481,37054.61253165,36915.37265823,36990.61734177,0,1699703999999,0,14400,0,0,0
1699704000000,36990.52265823,37270.71784810,36954.93455696,37051.56898734,0,1699718399999,0,14400,0,0,0
1699718400000,37051.57481013,37174.64493671,37031.78050633,37151.06139241,0,1699732799999,0,14400,0,0,0
1699732800000,37151.06215190,37154.20823529,36713.40423529,37132.93470588,0,1699747199999,0,14400,0,0,0
