open_time,open,high,low,close,volume,close_time,quote_volume,count,taker_buy_volume,taker_buy_quote_volume,ignore
1714694400000,59065.63021277,59994.21446809,58815.38829787,59722.29489362,0,1714708799999,0,14400,0,0,0
1714708800000,59722.11404255,59840.07957447,59076.79340426,59187.71404255,0,1714723199999,0,14400,0,0,0
1714723200000,59187.87042553,59576.38191489,58859.87808511,59286.68425532,0,1714737599999,0,14400,0,0,0
1714737600000,59292.97468085,62090.26042553,58996.68510638,61676.59276596,0,1714751999999,0,14400,0,0,0
1714752000000,61681.37702128,62156.57808511,61538.26574468,62078.76127660,0,1714766399999,0,14400,0,0,0
1714766400000,62071.08638298,63325.38404255,61974.67851064,62879.15063830,0,1714780799999,0,14400,0,0,0
