open_time,open,high,low,close,volume,close_time,quote_volume,count,taker_buy_volume,taker_buy_quote_volume,ignore
1735084800000,98670.02553191,98862.66404255,97730.61446809,98028.42531915,0,1735099199999,0,14400,0,0,0
1735099200000,98028.42531915,98569.01212766,97860.41191489,98085.49148936,0,1735113599999,0,14400,0,0,0
1735113600000,98085.30063830,99336.36000000,97828.79446809,97891.96106383,0,1735127999999,0,14400,0,0,0
1735128000000,97913.83085106,98824.91361702,97661.31361702,98518.20531915,0,1735142399999,0,14400,0,0,0
1735142400000,98518.46702128,99277.60021277,98137.31744681,99018.23276596,0,1735156799999,0,14400,0,0,0
1735156800000,99018.23723404,99552.42851064,98383.21319149,99429.88468085,0,1735171199999,0,14400,0,0,0
