open_time,open,high,low,close,volume,close_time,quote_volume,count,taker_buy_volume,taker_buy_quote_volume,ignore
1706486400000,42032.87659574,42501.17425532,41885.72638298,42334.46255319,0,1706500799999,0,14400,0,0,0
1706500800000,42334.46617021,42339.93978723,41998.67893617,42051.05702128,0,1706515199999,0,14400,0,0,0
1706515200000,42051.58021277,42377.83404255,41964.75914894,42244.34085106,0,1706529599999,0,14400,0,0,0
1706529600000,42244.34148936,42639.79872340,41817.73297872,42637.85765957,0,1706543999999,0,14399,0,0,0
1706544000000,42639.37063830,43303.03595745,42523.38255319,42998.62489362,0,1706558399999,0,14400,0,0,0
1706558400000,42998.62553191,43302.46404255,42984.21340426,43298.59957447,0,1706572799999,0,14400,0,0,0
