open_time,open,high,low,close,volume,close_time,quote_volume,count,taker_buy_volume,taker_buy_quote_volume,ignore
1745625600000,94642.01475000,95193.53900000,94547.16725000,94739.73075000,0,1745639999999,0,14400,0,0,0
1745640000000,94739.73075000,94831.24425000,94396.44225000,94582.70325000,0,1745654399999,0,14400,0,0,0
1745654400000,94582.32550000,94720.65425000,93996.35575000,94144.42225000,0,1745668799999,0,14400,0,0,0
1745668800000,94144.42150000,94386.87650000,93876.05225000,94373.11275000,0,1745683199999,0,14400,0,0,0
1745683200000,94373.10450000,94373.10450000,94057.45900000,94303.72450000,0,1745697599999,0,14400,0,0,0
1745697600000,94300.70950000,94873.65750000,94099.99050000,94630.01250000,0,1745711999999,0,14400,0,0,0
