open_time,open,high,low,close,volume,close_time,quote_volume,count,taker_buy_volume,taker_buy_quote_volume,ignore
1697414400000,27155.74626374,27283.31901099,27113.56626374,27236.64494505,0,1697428799999,0,14400,0,0,0
1697428800000,27236.65813187,27976.37824176,27195.48197802,27845.58076923,0,1697443199999,0,14400,0,0,0
1697443200000,27848.15000000,27901.82043956,27643.54705882,27749.69647059,0,1697457599999,0,14400,0,0,0
1697457600000,27749.69647059,30024.78850989,27709.12941176,28063.19835294,0,1697471999999,0,14400,0,0,0
1697472000000,28063.55129412,28806.13458824,28063.28752941,28460.03752941,0,1697486399999,0,14400,0,0,0
1697486400000,28464.59729412,28637.87588235,28240.53847059,28503.11682353,0,1697500799999,0,14400,0,0,0
