open_time,open,high,low,close,volume,close_time,quote_volume,count,taker_buy_volume,taker_buy_quote_volume,ignore
1727136000000,63335.78808511,63401.45255319,62729.32893617,63126.34487805,0,1727150399999,0,14400,0,0,0
1727150400000,63125.14487805,63570.46425532,62936.42425532,63561.23361702,0,1727164799999,0,14400,0,0,0
1727164800000,63561.38106383,63947.38361702,63383.80340426,63472.56446809,0,1727179199999,0,14400,0,0,0
1727179200000,63476.02659574,63766.57234043,62740.85361702,63161.10765957,0,1727193599999,0,14400,0,0,0
1727193600000,63161.10765957,64370.05595745,63097.43276596,64315.32723404,0,1727207999999,0,14400,0,0,0
1727208000000,64300.54702128,64682.76234043,63972.02595745,64264.73829787,0,1727222399999,0,14400,0,0,0
