open_time,open,high,low,close,volume,close_time,quote_volume,count,taker_buy_volume,taker_buy_quote_volume,ignore
1734220800000,101416.04365854,102182.72957447,101247.39063830,101739.15340426,0,1734235199999,0,14400,0,0,0
1734235200000,101739.14914894,102836.91106383,101545.31148936,101732.73212766,0,1734249599999,0,14400,0,0,0
1734249600000,101732.73212766,102676.92170213,101587.22893617,102660.71723404,0,1734263999999,0,14400,0,0,0
1734264000000,102660.75127660,103330.73340426,102478.73787234,102709.70255319,0,1734278399999,0,14400,0,0,0
1734278400000,102709.69468085,103460.67085106,102600.61234043,103258.32936170,0,1734292799999,0,14400,0,0,0
1734292800000,103258.32510638,105177.38297872,102625.53191489,104449.30744681,0,1734307199999,0,14400,0,0,0
