open_time,open,high,low,close,volume,close_time,quote_volume,count,taker_buy_volume,taker_buy_quote_volume,ignore
1677456000000,23557.26832964,23637.82185291,23435.30341174,23554.14147476,0,1677470399999,0,14400,0,0,0
1677470400000,23553.11747887,23557.90131030,23352.13667443,23422.00048737,0,1677484799999,0,14400,0,0,0
1677484800000,23423.48047709,23451.14551286,23336.86083213,23429.23028572,0,1677499199999,0,14400,0,0,0
1677499200000,23429.64944239,23892.74232803,23381.27900016,23555.86467075,0,1677513599999,0,14400,0,0,0
1677513600000,23557.80513950,23611.29343750,23164.84752222,23279.99352107,0,1677527999999,0,14400,0,0,0
1677528000000,23280.17814274,23573.68441548,23128.49229914,23491.62220924,0,1677542399999,0,14400,0,0,0
