open_time,open,high,low,close,volume,close_time,quote_volume,count,taker_buy_volume,taker_buy_quote_volume,ignore
1672012800000,16833.13297172,16898.11889322,16822.94728532,16894.07846774,0,1672027199999,0,14400,0,0,0
1672027200000,16894.17874846,16915.84695200,16842.10160006,16843.73617383,0,1672041599999,0,14398,0,0,0
1672041600000,16844.16674946,16870.48744686,16821.92336118,16862.04840334,0,1672055999999,0,14400,0,0,0
1672056000000,16862.53854774,16866.56013543,16795.62963920,16808.49762954,0,1672070399999,0,14400,0,0,0
1672070400000,16808.75074386,16857.73796090,16800.36770674,16842.23590329,0,1672084799999,0,14400,0,0,0
1672084800000,16842.06130869,16939.81483570,16821.73880049,16918.74465301,0,1672099199999,0,14400,0,0,0
