open_time,open,high,low,close,volume,close_time,quote_volume,count,taker_buy_volume,taker_buy_quote_volume,ignore
1663632000000,19535.66766772,19628.41388059,19180.76129901,19366.05516597,0,1663646399999,0,14400,0,0,0
1663646400000,19365.63238887,19573.57235730,19244.15325581,19359.25201817,0,1663660799999,0,14400,0,0,0
1663660800000,19358.61408968,19415.55102801,19174.50094821,19220.22697798,0,1663675199999,0,14400,0,0,0
1663675200000,19219.84556954,19256.32582475,18789.30451739,19237.22246684,0,1663689599999,0,14400,0,0,0
1663689600000,19237.16011390,19304.63378578,18740.06669742,18987.58172393,0,1663703999999,0,14400,0,0,0
1663704000000,18992.49115133,19089.65875244,18794.51670588,18876.98519571,0,1663718399999,0,14400,0,0,0
