open_time,open,high,low,close,volume,close_time,quote_volume,count,taker_buy_volume,taker_buy_quote_volume,ignore
1718064000000,69539.23085106,69584.17361702,67906.35446809,68461.93808511,0,1718078399999,0,14400,0,0,0
1718078400000,68461.42255319,68461.42255319,67378.52446809,67568.98829787,0,1718092799999,0,14400,0,0,0
1718092800000,67568.79659574,67655.35829787,66767.14297872,66890.33319149,0,1718107199999,0,14400,0,0,0
1718107200000,66890.34085106,67278.63489362,66087.00765957,66237.57659574,0,1718121599999,0,14400,0,0,0
1718121600000,66237.01808511,67585.93723404,66176.31255319,67398.75787234,0,1718135999999,0,14400,0,0,0
1718136000000,67398.58000000,67577.79851064,67181.11787234,67314.75638298,0,1718150399999,0,14400,0,0,0
