open_time,open,high,low,close,volume,close_time,quote_volume,count,taker_buy_volume,taker_buy_quote_volume,ignore
1724112000000,59439.30042553,60897.17404255,59368.23382979,60618.70361702,0,1724126399999,0,14400,0,0,0
1724126400000,60618.84680851,61380.90851064,60584.63042553,60922.58191489,0,1724140799999,0,14400,0,0,0
1724140800000,60924.32170213,60972.70276596,60425.51553191,60519.59617021,0,1724155199999,0,14400,0,0,0
1724155200000,60519.73595745,60952.48723404,58707.89595745,58828.19617021,0,1724169599999,0,14400,0,0,0
1724169600000,58827.88297872,59592.84170213,58590.06957447,59495.49382979,0,1724183999999,0,14400,0,0,0
1724184000000,59498.71106383,59704.32638298,58912.08638298,59016.18851064,0,1724198399999,0,14400,0,0,0
