open_time,open,high,low,close,volume,close_time,quote_volume,count,taker_buy_volume,taker_buy_quote_volume,ignore
1669248000000,16606.06790930,16802.59476161,16538.18204909,16713.52951432,0,1669262399999,0,14400,0,0,0
1669262400000,16712.96051980,16737.91590373,16616.02924458,16623.39568765,0,1669276799999,0,14400,0,0,0
1669276800000,16622.95009501,16638.07062483,16497.50794983,16572.42232640,0,1669291199999,0,14400,0,0,0
1669291200000,16572.71730194,16600.06732480,16464.97531933,16557.80304849,0,1669305599999,0,14400,0,0,0
1669305600000,16557.67024044,16672.57833813,16520.58851821,16576.20066435,0,1669319999999,0,14400,0,0,0
1669320000000,16575.93075132,16631.41399798,16539.83699729,16600.08238134,0,1669334399999,0,14400,0,0,0
