open_time,open,high,low,close,volume,close_time,quote_volume,count,taker_buy_volume,taker_buy_quote_volume,ignore
1664668800000,19311.42144641,19343.25514428,19241.10928352,19311.29076855,0,1664683199999,0,14400,0,0,0
1664683200000,19311.32520154,19392.40310880,19241.79984713,19285.46989867,0,1664697599999,0,14400,0,0,0
1664697600000,19285.20458915,19298.14098915,19042.91382085,19194.85947901,0,1664711999999,0,14400,0,0,0
1664712000000,19194.80432437,19244.37517917,19079.97351367,19144.46295186,0,1664726399999,0,14400,0,0,0
1664726400000,19144.66198337,19333.15975914,19134.58806859,19259.85793623,0,1664740799999,0,14400,0,0,0
1664740800000,19260.01566479,19295.85157830,18928.54761449,19055.35562996,0,1664755199999,0,14400,0,0,0
