open_time,open,high,low,close,volume,close_time,quote_volume,count,taker_buy_volume,taker_buy_quote_volume,ignore
1677801600000,23465.75861369,23475.50615060,21992.83469438,22321.51275796,0,1677815999999,0,14400,0,0,0
1677816000000,22321.82495269,22411.08960054,22261.19214008,22362.77016300,0,1677830399999,0,14400,0,0,0
1677830400000,22362.24787123,22477.44067367,22314.47294003,22345.00640625,0,1677844799999,0,14395,0,0,0
1677844800000,22344.00197375,22488.76863369,22187.73022356,22335.72654025,0,1677859199999,0,14395,0,0,0
1677859200000,22336.17310434,22444.76765625,22237.09044669,22357.75657981,0,1677873599999,0,14400,0,0,0
1677873600000,22357.11389177,22376.30416821,22153.39931815,22355.01461538,0,1677887999999,0,14400,0,0,0
