open_time,open,high,low,close,volume,close_time,quote_volume,count,taker_buy_volume,taker_buy_quote_volume,ignore
1721692800000,67534.01936170,67745.93446809,67219.63234043,67470.90978723,0,1721707199999,0,14400,0,0,0
1721707200000,67470.80510638,67526.30297872,66263.14446809,66572.16127660,0,1721721599999,0,14400,0,0,0
1721721600000,66572.49446809,67161.22595745,66461.50170213,66676.42872340,0,1721735999999,0,14400,0,0,0
1721736000000,66676.42234043,67331.22021277,65975.82851064,66595.15638298,0,1721750399999,0,14400,0,0,0
1721750400000,66586.73234043,66764.89851064,65453.61872340,65546.17617021,0,1721764799999,0,14400,0,0,0
1721764800000,65542.24574468,66042.78957447,65484.38787234,65935.01702128,0,1721779199999,0,14400,0,0,0
