open_time,open,high,low,close,volume,close_time,quote_volume,count,taker_buy_volume,taker_buy_quote_volume,ignore
1735344000000,94298.19319149,94702.18723404,94139.36978723,94592.51702128,0,1735358399999,0,14400,0,0,0
1735358400000,94592.19787234,94781.53425532,94311.01553191,94381.46085106,0,1735372799999,0,14400,0,0,0
1735372800000,94381.46085106,94876.50914894,94315.96340426,94760.56468085,0,1735387199999,0,14400,0,0,0
1735387200000,94758.17744681,95310.95702128,94377.10510638,94446.86744681,0,1735401599999,0,14400,0,0,0
1735401600000,94447.16617021,95231.18021277,94398.97127660,95032.71702128,0,1735415999999,0,14400,0,0,0
1735416000000,95032.71702128,95696.62446809,94882.53340426,95305.63170213,0,1735430399999,0,14400,0,0,0
