open_time,open,high,low,close,volume,close_time,quote_volume,count,taker_buy_volume,taker_buy_quote_volume,ignore
1746230400000,96887.16825000,96920.87413043,96313.93608696,96337.71717391,0,1746244799999,0,14400,0,0,0
1746244800000,96337.71717391,96591.50900000,96142.36826087,96327.53608696,0,1746259199999,0,14400,0,0,0
1746259200000,96327.03826087,96422.83956522,95866.85543478,95942.05804348,0,1746273599999,0,14400,0,0,0
1746273600000,95942.05739130,96504.33130435,95891.48652174,96415.58804348,0,1746287999999,0,14400,0,0,0
1746288000000,96415.58956522,96423.36043478,95904.17565217,96353.19608696,0,1746302399999,0,14400,0,0,0
1746302400000,96353.19608696,96435.25304348,95765.98108696,95869.87775000,0,1746316799999,0,14400,0,0,0
