open_time,open,high,low,close,volume,close_time,quote_volume,count,taker_buy_volume,taker_buy_quote_volume,ignore
1662163200000,19952.89717981,20048.19767889,19879.13873551,19899.92090765,0,1662177599999,0,14400,0,0,0
1662177600000,19899.51967437,19964.57773229,19763.66472242,19815.54316514,0,1662191999999,0,14400,0,0,0
1662192000000,19815.57353083,19865.22034176,19741.50226804,19800.29711917,0,1662206399999,0,14400,0,0,0
1662206400000,19801.01979866,19894.79559026,19753.27903313,19770.40919076,0,1662220799999,0,14400,0,0,0
1662220800000,19770.40989610,19832.04363181,19662.80538814,19709.57910306,0,1662235199999,0,14400,0,0,0
1662235200000,19709.41745902,19842.74953148,19685.75866704,19832.37639391,0,1662249599999,0,14400,0,0,0
