open_time,open,high,low,close,volume,close_time,quote_volume,count,taker_buy_volume,taker_buy_quote_volume,ignore
1664755200000,19055.81913512,19253.56584540,18972.35815625,19168.21590756,0,1664769599999,0,14400,0,0,0
1664769600000,19168.21590756,19307.23132141,19064.32536636,19198.15628880,0,1664783999999,0,14400,0,0,0
1664784000000,19198.20360839,19250.31871093,19125.89331585,19247.98877259,0,1664798399999,0,14400,0,0,0
1664798400000,19247.56365938,19490.07293267,19138.89866105,19335.37392189,0,1664812799999,0,14400,0,0,0
1664812800000,19336.32330334,19644.06820891,19316.37475214,19534.07746130,0,1664827199999,0,14400,0,0,0
1664827200000,19538.77908294,19693.62908635,19512.83188941,19628.74955391,0,1664841599999,0,14400,0,0,0
