open_time,open,high,low,close,volume,close_time,quote_volume,count,taker_buy_volume,taker_buy_quote_volume,ignore
1742083200000,84341.15022222,84385.78738095,83747.70309524,84330.51761905,0,1742097599999,0,14400,0,0,0
1742097600000,84330.00976190,84415.57738095,83974.81261905,84263.81190476,0,1742111999999,0,14400,0,0,0
1742112000000,84272.85690476,84332.91380952,82385.97761905,82405.81071429,0,1742126399999,0,14400,0,0,0
1742126400000,82408.10523810,83483.25261905,82399.21309524,83318.30452381,0,1742140799999,0,14400,0,0,0
1742140800000,83317.31976190,85076.60976190,82576.48928571,83086.48285714,0,1742155199999,0,14400,0,0,0
1742155200000,83094.38357143,83449.28761905,81993.49333333,82577.04071429,0,1742169599999,0,14400,0,0,0
