open_time,open,high,low,close,volume,close_time,quote_volume,count,taker_buy_volume,taker_buy_quote_volume,ignore
1726444800000,59132.91659574,59207.45744681,58124.54957447,58574.82446809,0,1726459199999,0,14400,0,0,0
1726459200000,58574.83085106,58961.93106383,58318.05468085,58909.55297872,0,1726473599999,0,14400,0,0,0
1726473600000,58909.54659574,59174.87574468,58508.29510638,58663.95914894,0,1726487999999,0,14400,0,0,0
1726488000000,58663.95425532,58787.16276596,57570.28021277,57885.71829787,0,1726502399999,0,14399,0,0,0
1726502400000,57882.99978723,58253.50489362,57507.58787234,57935.44085106,0,1726516799999,0,14400,0,0,0
1726516800000,57944.82553191,58405.39787234,57612.74744681,58210.29489362,0,1726531199999,0,14400,0,0,0
