open_time,open,high,low,close,volume,close_time,quote_volume,count,taker_buy_volume,taker_buy_quote_volume,ignore
1733011200000,96401.97851064,96662.14021277,95694.66255319,96328.93319149,0,1733025599999,0,14400,0,0,0
1733025600000,96332.63468085,96510.59617021,96197.93468085,96468.10085106,0,1733039999999,0,14400,0,0,0
1733040000000,96468.11489362,97160.13148936,96427.08936170,97111.63085106,0,1733054399999,0,14400,0,0,0
1733054400000,97111.62021277,97377.58234043,96670.11531915,97026.13063830,0,1733068799999,0,14400,0,0,0
1733068800000,97025.89382979,97513.40276596,96964.54744681,97179.24468085,0,1733083199999,0,14400,0,0,0
1733083200000,97179.25021277,97828.87680851,96805.77042553,97191.80042553,0,1733097599999,0,14400,0,0,0
