open_time,open,high,low,close,volume,close_time,quote_volume,count,taker_buy_volume,taker_buy_quote_volume,ignore
1581292800000,10153.15831419,10186.72911991,10059.44687725,10089.70681818,0,1581307199999,0,14397,0,0,0
1581307200000,10089.98863636,10103.46391203,9785.97924683,9967.93190975,0,1581321599999,0,14394,0,0,0
1581321600000,9968.27145521,9971.00255014,9768.30953099,9817.56490547,0,1581335999999,0,14400,0,0,0
1581336000000,9817.82581456,9924.71594644,9777.37687150,9865.42732783,0,1581350399999,0,14400,0,0,0
1581350400000,9865.09505510,9890.91363636,9801.90389701,9831.59362213,0,1581364799999,0,14398,0,0,0
1581364800000,9831.83907667,9891.04284528,9817.13110640,9852.09437509,0,1581379199999,0,14400,0,0,0
