open_time,open,high,low,close,volume,close_time,quote_volume,count,taker_buy_volume,taker_buy_quote_volume,ignore
1739145600000,96466.94422222,97124.66888889,95275.43955556,96805.62600000,0,1739159999999,0,14400,0,0,0
1739160000000,96805.64911111,97635.25066667,96634.55311111,97428.73466667,0,1739174399999,0,14400,0,0,0
1739174400000,97428.44533333,97955.52133333,97359.93222222,97664.27511111,0,1739188799999,0,14400,0,0,0
1739188800000,97663.51466667,98329.17266667,96877.45311111,97221.20688889,0,1739203199999,0,14400,0,0,0
1739203200000,97220.88911111,97643.95244444,96876.28666667,97379.48600000,0,1739217599999,0,14400,0,0,0
1739217600000,97379.85866667,97489.79022222,97140.23933333,97431.01822222,0,1739231999999,0,14400,0,0,0
