open_time,open,high,low,close,volume,close_time,quote_volume,count,taker_buy_volume,taker_buy_quote_volume,ignore
1680912000000,27906.14179487,28054.92025641,27860.33871795,28023.29641026,0,1680926399999,0,14400,0,0,0
1680926400000,28023.22974359,28152.29923077,27975.26794872,28087.52128205,0,1680940799999,0,14400,0,0,0
1680940800000,28087.32641026,28116.57153846,27991.98846154,28015.23282051,0,1680955199999,0,14400,0,0,0
1680955200000,28015.22769231,28055.64923077,27951.73512821,28015.08794872,0,1680969599999,0,14400,0,0,0
1680969600000,28015.08794872,28021.43974359,27873.17333333,27922.70358974,0,1680983999999,0,14400,0,0,0
1680984000000,27922.70871795,27985.55230769,27886.87846154,27939.09589744,0,1680998399999,0,14400,0,0,0
