open_time,open,high,low,close,volume,close_time,quote_volume,count,taker_buy_volume,taker_buy_quote_volume,ignore
1712534400000,69359.85340426,69813.73042553,69062.52191489,69459.85536585,0,1712548799999,0,14400,0,0,0
1712548800000,69460.95560976,70837.32872340,69281.89957447,70693.90382979,0,1712563199999,0,14400,0,0,0
1712563200000,70694.99170213,72634.17872340,70658.86297872,72398.32787234,0,1712577599999,0,14400,0,0,0
1712577600000,72399.19787234,72768.57489362,71258.02085106,71773.05936170,0,1712591999999,0,14400,0,0,0
1712592000000,71772.93255319,72101.97574468,71303.36765957,71727.97553191,0,1712606399999,0,14400,0,0,0
1712606400000,71732.29553191,71997.00191489,71500.41914894,71624.93148936,0,1712620799999,0,14400,0,0,0
