open_time,open,high,low,close,volume,close_time,quote_volume,count,taker_buy_volume,taker_buy_quote_volume,ignore
1720310400000,58232.39595745,58439.76127660,57840.94446809,57963.36872340,0,1720324799999,0,14400,0,0,0
1720324800000,57963.58574468,58005.47659574,57082.25659574,57369.56127660,0,1720339199999,0,14400,0,0,0
1720339200000,57368.94574468,57911.31638298,57353.55170213,57458.51531915,0,1720353599999,0,14400,0,0,0
1720353600000,57458.51595745,57617.21553191,56586.24361702,56829.54425532,0,1720367999999,0,14400,0,0,0
1720368000000,56829.26127660,57388.38744681,56757.34723404,57152.48000000,0,1720382399999,0,14399,0,0,0
1720382400000,57153.13829787,57317.61744681,55733.04489362,55859.95340426,0,1720396799999,0,14400,0,0,0
