open_time,open,high,low,close,volume,close_time,quote_volume,count,taker_buy_volume,taker_buy_quote_volume,ignore
1724371200000,60376.34234043,60936.29000000,60345.64127660,60593.95404255,0,1724385599999,0,14400,0,0,0
1724385600000,60593.94914894,61346.23787234,60583.11595745,61069.33382979,0,1724399999999,0,14400,0,0,0
1724400000000,61069.46276596,61336.24000000,60694.37553191,60737.65297872,0,1724414399999,0,14400,0,0,0
1724414400000,60737.65297872,62289.01659574,60737.65297872,61541.11765957,0,1724428799999,0,14400,0,0,0
1724428800000,61539.57638298,63815.54212766,61358.25021277,63621.81872340,0,1724443199999,0,14400,0,0,0
1724443200000,63621.62872340,64925.93404255,63493.60808511,64038.99404255,0,1724457599999,0,14400,0,0,0
