open_time,open,high,low,close,volume,close_time,quote_volume,count,taker_buy_volume,taker_buy_quote_volume,ignore
1724198400000,59015.48042553,59512.61063830,58814.02723404,59322.26617021,0,1724212799999,0,14400,0,0,0
1724212800000,59322.36893617,59733.13659574,59199.75489362,59712.30638298,0,1724227199999,0,14400,0,0,0
1724227200000,59712.30702128,59903.49978723,59100.36787234,59367.36021277,0,1724241599999,0,14400,0,0,0
1724241600000,59367.36021277,60192.53468085,58862.03361702,59516.69063830,0,1724255999999,0,14400,0,0,0
1724256000000,59516.20489362,61621.81404255,59383.12468085,61579.82297872,0,1724270399999,0,14400,0,0,0
1724270400000,61576.02446809,61810.26595745,60910.04787234,61152.51446809,0,1724284799999,0,14400,0,0,0
