open_time,open,high,low,close,volume,close_time,quote_volume,count,taker_buy_volume,taker_buy_quote_volume,ignore
1685923200000,27117.89400000,27126.73422222,26809.38822222,26843.77822222,0,1685937599999,0,14400,0,0,0
1685937600000,26843.78044444,26871.57244444,26750.72642857,26831.15642857,0,1685951999999,0,14400,0,0,0
1685952000000,26831.15404762,26841.88833333,26674.59733333,26775.02711111,0,1685966399999,0,14398,0,0,0
1685966400000,26774.71844444,26811.99955556,26017.22777778,26017.22777778,0,1685980799999,0,14400,0,0,0
1685980800000,26018.02311111,26074.24244444,25403.97755556,25625.74866667,0,1685995199999,0,14398,0,0,0
1685995200000,25626.44800000,25858.30511111,25515.26600000,25730.50044444,0,1686009599999,0,14400,0,0,0
