open_time,open,high,low,close,volume,close_time,quote_volume,count,taker_buy_volume,taker_buy_quote_volume,ignore
1739836800000,95778.91200000,96318.38177778,95554.70022222,96197.08311111,0,1739851199999,0,14400,0,0,0
1739851200000,96197.08088889,96291.48717949,95253.09133333,95456.09688889,0,1739865599999,0,14400,0,0,0
1739865600000,95455.52155556,95871.98288889,95108.96333333,95644.03800000,0,1739879999999,0,14398,0,0,0
1739880000000,95639.37266667,96727.17355556,95220.68066667,95555.87755556,0,1739894399999,0,14400,0,0,0
1739894400000,95552.33666667,95628.99111111,93392.68866667,94103.16000000,0,1739908799999,0,14400,0,0,0
1739908800000,94103.06666667,95672.58422222,93742.82422222,95661.52488889,0,1739923199999,0,14400,0,0,0
