open_time,open,high,low,close,volume,close_time,quote_volume,count,taker_buy_volume,taker_buy_quote_volume,ignore
1691452800000,29213.20901099,29260.97120879,29147.31637363,29196.70758242,0,1691467199999,0,14400,0,0,0
1691467200000,29196.71197802,29322.57351648,29185.92989011,29187.96208791,0,1691481599999,0,14400,0,0,0
1691481600000,29187.96648352,29439.55329670,29173.30065934,29431.01857143,0,1691495999999,0,14400,0,0,0
1691496000000,29433.11153846,29670.93637363,29355.45483516,29536.74516484,0,1691510399999,0,14400,0,0,0
1691510400000,29536.74516484,29954.52175824,29535.68989011,29883.69923077,0,1691524799999,0,14400,0,0,0
1691524800000,29883.69923077,30208.03120879,29697.96352941,29772.19252747,0,1691539199999,0,14400,0,0,0
