open_time,open,high,low,close,volume,close_time,quote_volume,count,taker_buy_volume,taker_buy_quote_volume,ignore
1664582400000,19421.82826526,19479.20811223,19359.18300497,19415.14187316,0,1664596799999,0,14400,0,0,0
1664596800000,19415.59527318,19419.89605443,19263.99555675,19310.57287395,0,1664611199999,0,14400,0,0,0
1664611200000,19310.54174061,19362.00263535,19177.53104018,19312.81325878,0,1664625599999,0,14400,0,0,0
1664625600000,19313.23514943,19394.70467565,19245.89558618,19330.57342380,0,1664639999999,0,14400,0,0,0
1664640000000,19330.86312164,19349.95234229,19217.18491595,19266.88009263,0,1664654399999,0,14400,0,0,0
1664654400000,19266.93380581,19339.78258152,19211.39532737,19311.37670414,0,1664668799999,0,14400,0,0,0
