open_time,open,high,low,close,volume,close_time,quote_volume,count,taker_buy_volume,taker_buy_quote_volume,ignore
1665187200000,19530.21517006,19620.95219780,19500.33817615,19505.30475123,0,1665201599999,0,14400,0,0,0
1665201600000,19505.39815420,19539.65732613,19430.33139004,19500.79958774,0,1665215999999,0,14400,0,0,0
1665216000000,19500.80629057,19543.65661530,19457.24195916,19535.77213637,0,1665230399999,0,14400,0,0,0
1665230400000,19535.87707797,19539.79499114,19425.66333731,19488.16692371,0,1665244799999,0,14400,0,0,0
1665244800000,19488.03370126,19531.29438910,19442.61330365,19468.06134205,0,1665259199999,0,14400,0,0,0
1665259200000,19468.02299116,19478.24387972,19265.20400131,19415.88465507,0,1665273599999,0,14400,0,0,0
