open_time,open,high,low,close,volume,close_time,quote_volume,count,taker_buy_volume,taker_buy_quote_volume,ignore
1729296000000,68429.19680851,68692.27404255,68305.17957447,68453.61829787,0,1729310399999,0,14400,0,0,0
1729310400000,68453.61829787,68562.38468085,68304.59574468,68346.95425532,0,1729324799999,0,14400,0,0,0
1729324800000,68346.95297872,68472.42297872,68086.12340426,68087.37914894,0,1729339199999,0,14400,0,0,0
1729339200000,68087.04787234,68347.02978723,68084.93936170,68226.53042553,0,1729353599999,0,14400,0,0,0
1729353600000,68226.52978723,68241.02574468,68014.32106383,68181.41638298,0,1729367999999,0,14400,0,0,0
1729368000000,68181.41702128,68410.75808511,68171.00063830,68371.44276596,0,1729382399999,0,14400,0,0,0
