open_time,open,high,low,close,volume,close_time,quote_volume,count,taker_buy_volume,taker_buy_quote_volume,ignore
1705968000000,39565.14340909,40117.14425532,39518.78954545,40001.80021277,0,1705982399999,0,14400,0,0,0
1705982400000,40001.53212766,40175.19617021,39672.31510638,39777.68659574,0,1705996799999,0,14400,0,0,0
1705996800000,39777.47361702,39857.43680851,38660.40574468,38843.22723404,0,1706011199999,0,14400,0,0,0
1706011200000,38843.94063830,39430.20127660,38560.92531915,39204.77723404,0,1706025599999,0,14400,0,0,0
1706025600000,39204.26234043,39638.45702128,38930.46829787,39150.57702128,0,1706039999999,0,14400,0,0,0
1706040000000,39150.55617021,39905.63590909,39032.13127660,39899.74090909,0,1706054399999,0,14400,0,0,0
