open_time,open,high,low,close,volume,close_time,quote_volume,count,taker_buy_volume,taker_buy_quote_volume,ignore
1666483200000,19204.10931584,19218.18444303,19166.84393563,19196.16524099,0,1666497599999,0,14400,0,0,0
1666497600000,19196.16919532,19218.44544675,19150.52044466,19162.23404096,0,1666511999999,0,14400,0,0,0
1666512000000,19162.04974639,19186.06934066,19132.92756246,19151.66217046,0,1666526399999,0,14400,0,0,0
1666526400000,19151.55392854,19208.54753926,19089.10085896,19190.58306221,0,1666540799999,0,14400,0,0,0
1666540800000,19190.60676802,19522.73131316,19171.22508670,19499.13399875,0,1666555199999,0,14400,0,0,0
1666555200000,19498.37487247,19687.84200087,19444.47812918,19570.14571429,0,1666569599999,0,14400,0,0,0
