open_time,open,high,low,close,volume,close_time,quote_volume,count,taker_buy_volume,taker_buy_quote_volume,ignore
1698451200000,33891.81890110,34129.61296703,33861.74593407,34058.66604396,0,1698465599999,0,14400,0,0,0
1698465600000,34058.93417582,34182.06945055,34021.38164835,34044.93000000,0,1698479999999,0,14400,0,0,0
1698480000000,34044.93000000,34474.40846154,34033.74736264,34175.40549451,0,1698494399999,0,14400,0,0,0
1698494400000,34175.41142857,34236.90461538,33932.07780220,34194.14659341,0,1698508799999,0,14400,0,0,0
1698508800000,34194.14659341,34219.19087912,34077.01329670,34114.07043956,0,1698523199999,0,14400,0,0,0
1698523200000,34114.07043956,34191.39582418,34066.11483516,34081.08967033,0,1698537599999,0,14400,0,0,0
