open_time,open,high,low,close,volume,close_time,quote_volume,count,taker_buy_volume,taker_buy_quote_volume,ignore
1676246400000,21782.01881286,21868.68049984,21637.75260209,21809.32364977,0,1676260799999,0,14400,0,0,0
1676260800000,21808.79665530,21889.31067367,21794.30827016,21867.38092744,0,1676275199999,0,14396,0,0,0
1676275200000,21867.39903186,21871.58682177,21437.02594171,21603.40284402,0,1676289599999,0,14400,0,0,0
1676289600000,21603.66170386,21699.51134831,21560.35360361,21561.85298683,0,1676303999999,0,14399,0,0,0
1676304000000,21562.20149140,21670.90133820,21367.63341402,21606.92198857,0,1676318399999,0,14400,0,0,0
1676318400000,21606.65541595,21841.58745003,21563.12757334,21775.08461374,0,1676332799999,0,14400,0,0,0
