open_time,open,high,low,close,volume,close_time,quote_volume,count,taker_buy_volume,taker_buy_quote_volume,ignore
1711670400000,70784.92978723,70917.63021277,70293.56297872,70447.38042553,0,1711684799999,0,14400,0,0,0
1711684800000,70446.82021277,70537.96000000,69756.19978723,69787.65787234,0,1711699199999,0,14400,0,0,0
1711699200000,69786.84957447,70319.83851064,69573.54659574,70144.27808511,0,1711713599999,0,14400,0,0,0
1711713600000,70144.27382979,70629.32021277,69043.16106383,69168.12425532,0,1711727999999,0,14400,0,0,0
1711728000000,69171.24978723,69664.91957447,69093.86914894,69664.91957447,0,1711742399999,0,14400,0,0,0
1711742400000,69664.88936170,69913.30021277,69295.82255319,69853.45957447,0,1711756799999,0,14400,0,0,0
