open_time,open,high,low,close,volume,close_time,quote_volume,count,taker_buy_volume,taker_buy_quote_volume,ignore
1671494400000,16439.13754637,16829.94711423,16401.21271280,16723.95857179,0,1671508799999,0,14400,0,0,0
1671508800000,16725.07885750,16875.05960805,16692.11314292,16801.18622224,0,1671523199999,0,14400,0,0,0
1671523200000,16800.91779479,16852.13648843,16765.60756829,16813.91914429,0,1671537599999,0,14398,0,0,0
1671537600000,16814.03671734,17046.79532285,16726.63252359,16920.06628572,0,1671551999999,0,14400,0,0,0
1671552000000,16919.27563800,16933.72614286,16773.79564968,16900.45384915,0,1671566399999,0,14400,0,0,0
1671566400000,16899.24485539,16925.48188913,16837.48500000,16896.15172723,0,1671580799999,0,14400,0,0,0
