open_time,open,high,low,close,volume,close_time,quote_volume,count,taker_buy_volume,taker_buy_quote_volume,ignore
1680048000000,27261.69388889,27465.72472222,27242.04750000,27367.55000000,0,1680062399999,0,14400,0,0,0
1680062400000,27367.55555556,28160.70888889,27349.85944444,28084.28444444,0,1680076799999,0,14400,0,0,0
1680076800000,28086.70388889,28635.40638889,28041.07416667,28354.57666667,0,1680091199999,0,14398,0,0,0
1680091200000,28354.57666667,28588.42214286,28242.25047619,28443.38404762,0,1680105599999,0,14400,0,0,0
1680105600000,28443.38404762,28449.16357143,28139.78333333,28402.91261905,0,1680119999999,0,14400,0,0,0
1680120000000,28409.79952381,28498.51357143,28213.74261905,28348.85928571,0,1680134399999,0,14400,0,0,0
