open_time,open,high,low,close,volume,close_time,quote_volume,count,taker_buy_volume,taker_buy_quote_volume,ignore
1690675200000,29353.10967033,29354.53010989,29307.23901099,29316.02934066,0,1690689599999,0,14400,0,0,0
1690689600000,29316.01549451,29330.11373626,29269.81043956,29294.47813187,0,1690703999999,0,14400,0,0,0
1690704000000,29294.47813187,29324.19967033,29240.31340659,29312.96000000,0,1690718399999,0,14400,0,0,0
1690718400000,29313.02395604,29445.68131868,29280.25648352,29349.32538462,0,1690732799999,0,14400,0,0,0
1690732800000,29349.32978022,29405.37582418,29134.93329670,29199.67285714,0,1690747199999,0,14400,0,0,0
1690747200000,29199.67725275,29283.08901099,29054.70373626,29280.55461538,0,1690761599999,0,14400,0,0,0
