open_time,open,high,low,close,volume,close_time,quote_volume,count,taker_buy_volume,taker_buy_quote_volume,ignore
1712448000000,68893.86319149,69758.32468085,68829.62510638,69408.53021277,0,1712462399999,0,14400,0,0,0
1712462400000,69408.53957447,69489.41255319,69062.21297872,69363.61617021,0,1712476799999,0,14400,0,0,0
1712476800000,69363.60212766,69554.09553191,69200.98340426,69356.01893617,0,1712491199999,0,14400,0,0,0
1712491200000,69356.01893617,69880.64340426,69211.97808511,69546.17765957,0,1712505599999,0,14400,0,0,0
1712505600000,69547.16723404,70305.72978723,68886.85170213,69067.33978723,0,1712519999999,0,14400,0,0,0
1712520000000,69067.61382979,69473.08361702,68906.99829787,69360.67170213,0,1712534399999,0,14400,0,0,0
