open_time,open,high,low,close,volume,close_time,quote_volume,count,taker_buy_volume,taker_buy_quote_volume,ignore
1744416000000,83378.30,83537.60,82756.00,82940.30,18705.450,1744430399999,1555116594.71460,328877,9252.581,769352914.26060,0
1744430400000,82940.30,83785.40,82824.20,83685.40,21558.323,1744444799999,1798184515.25530,364969,12127.981,1011471229.58430,0
1744444800000,83685.40,83998.90,83260.00,83484.00,16179.792,1744459199999,1352057195.38240,299758,7997.178,668324011.03040,0
1744459200000,83484.00,85388.00,83432.60,84974.10,58881.989,1744473599999,4975606841.11670,939201,32215.045,2722745515.12280,0
1744473600000,84974.10,85225.00,84389.50,84891.80,21838.433,1744487999999,1852630460.93670,417221,10347.959,877908956.35220,0
1744488000000,84891.70,85884.20,84830.80,85237.80,20838.850,1744502399999,1780055049.28050,400473,11056.637,944710069.56590,0
