open_time,open,high,low,close,volume,close_time,quote_volume,count,taker_buy_volume,taker_buy_quote_volume,ignore
1713830400000,3198.66,3221.85,3179.32,3182.19,200051.812,1713844799999,640515187.05029,362940,93868.021,300567479.52109,0
1713844800000,3182.18,3192.32,3150.31,3158.93,258093.198,1713859199999,818968300.84021,439469,122016.820,387276303.40092,0
1713859200000,3158.93,3184.38,3151.02,3178.63,197215.139,1713873599999,624950689.40592,372869,99333.081,314768862.62612,0
1713873600000,3178.63,3266.91,3171.49,3224.48,604715.946,1713887999999,1948693508.93342,948049,318291.189,1025882947.12077,0
1713888000000,3224.48,3245.86,3211.50,3217.27,210317.904,1713902399999,679151031.32829,414591,106965.538,345448608.57914,0
1713902400000,3217.27,3222.12,3184.40,3218.04,192712.379,1713916799999,617803928.65988,343637,95659.777,306765654.15873,0
