open_time,open,high,low,close,volume,close_time,quote_volume,count,taker_buy_volume,taker_buy_quote_volume,ignore
1671926400000,1219.96,1223.92,1218.88,1220.60,144766.583,1671940799999,176778541.51602,85287,72937.163,89071272.74455,0
1671940800000,1220.61,1220.73,1214.66,1219.15,216928.781,1671955199999,264166302.56706,118671,100651.632,122582076.38290,0
1671955200000,1219.15,1221.97,1216.59,1217.02,161368.010,1671969599999,196696918.83994,95982,78675.512,95902260.44082,0
1671969600000,1217.03,1218.58,1187.54,1210.32,861825.659,1671983999999,1041820201.29834,430321,406700.811,491872304.01094,0
1671984000000,1210.32,1212.38,1190.44,1209.03,540716.839,1671998399999,652205627.25466,293815,260131.579,313837047.26021,0
1671998400000,1209.04,1225.00,1203.27,1217.96,550301.732,1672012799999,668500105.93946,294372,299304.927,363661880.74669,0
