open_time,open,high,low,close,volume,close_time,quote_volume,count,taker_buy_volume,taker_buy_quote_volume,ignore
1718064000000,3669.65,3675.00,3560.00,3596.75,634157.852,1718078399999,2292111451.92206,791379,295160.201,1067138646.83544,0
1718078400000,3596.75,3596.75,3501.12,3535.24,664066.198,1718092799999,2359052470.90339,840778,297108.684,1055517856.71094,0
1718092800000,3535.34,3550.37,3503.33,3530.87,503013.122,1718107199999,1774499922.63988,732844,241928.398,853680900.67868,0
1718107200000,3530.86,3547.26,3427.09,3448.47,781554.809,1718121599999,2733514060.70936,975560,357092.947,1249892902.86295,0
1718121600000,3448.47,3504.47,3432.30,3498.50,462461.480,1718135999999,1604749854.54450,689741,235125.035,816066531.37625,0
1718136000000,3498.49,3510.00,3485.00,3498.16,116801.728,1718150399999,408556667.90715,221916,55799.697,195200496.55774,0
