open_time,open,high,low,close,volume,close_time,quote_volume,count,taker_buy_volume,taker_buy_quote_volume,ignore
1664928000000,1360.73,1362.79,1351.70,1353.28,437202.735,1664942399999,592846273.37273,277577,220070.841,298430465.87155,0
1664942400000,1353.29,1358.00,1348.00,1352.49,422342.749,1664956799999,571329143.87716,262089,211357.648,285943935.43124,0
1664956800000,1352.49,1353.05,1330.38,1334.50,928288.941,1664971199999,1245368736.27552,475808,442101.092,593076645.31427,0
1664971200000,1334.50,1336.20,1315.27,1329.82,1441429.266,1664985599999,1909877890.14106,730416,697698.192,924496097.19793,0
1664985600000,1329.82,1364.75,1326.57,1350.07,1708041.174,1664999999999,2303356577.00606,826326,899922.451,1213385335.80984,0
1665000000000,1350.06,1357.27,1344.26,1351.61,518869.759,1665014399999,700499171.31085,311740,259107.406,349820049.55634,0
