open_time,open,high,low,close,volume,close_time,quote_volume,count,taker_buy_volume,taker_buy_quote_volume,ignore
1693699200000,1636.24,1636.84,1630.55,1635.45,91742.054,1693713599999,149872470.27440,80234,41130.144,67194146.55327,0
1693713600000,1635.44,1638.34,1632.90,1634.95,67361.534,1693727999999,110156109.08913,72586,36504.771,59698605.23367,0
1693728000000,1634.95,1635.22,1630.08,1633.49,79460.250,1693742399999,129709288.06794,70472,40342.985,65853075.42279,0
1693742400000,1633.49,1640.51,1627.19,1632.18,228104.850,1693756799999,372695835.59622,204147,120226.542,196466736.92117,0
1693756800000,1632.19,1642.97,1623.93,1638.08,221275.558,1693771199999,361295134.58937,212070,112626.952,183954980.48201,0
1693771200000,1638.09,1648.24,1632.21,1635.02,150999.728,1693785599999,247526664.72867,154748,77970.099,127836094.66788,0
