open_time,open,high,low,close,volume,close_time,quote_volume,count,taker_buy_volume,taker_buy_quote_volume,ignore
1705017600000,2618.60,2625.10,2581.09,2590.28,348147.349,1705031999999,905468665.54927,538573,169221.986,440117211.16473,0
1705032000000,2590.29,2627.90,2586.25,2597.22,417244.567,1705046399999,1087520967.16238,578835,209532.271,546173245.14620,0
1705046400000,2597.23,2669.69,2585.01,2648.23,784214.904,1705060799999,2058722156.78464,941729,416990.917,1094922605.07768,0
1705060800000,2648.23,2719.89,2634.44,2648.40,1744103.923,1705075199999,4665991618.35191,2065173,879396.318,2353423165.56957,0
1705075200000,2648.40,2691.23,2560.00,2585.80,1708572.850,1705089599999,4472950529.88432,1815206,820180.840,2148188427.69967,0
1705089600000,2585.80,2600.20,2458.38,2523.30,1482713.373,1705103999999,3740532273.32012,1551962,711753.215,1795464745.34899,0
