open_time,open,high,low,close,volume,close_time,quote_volume,count,taker_buy_volume,taker_buy_quote_volume,ignore
1665187200000,1330.42,1337.19,1329.28,1330.57,259217.343,1665201599999,345493834.21049,179451,126629.858,168795808.73227,0
1665201600000,1330.56,1333.00,1325.08,1329.84,295638.924,1665215999999,392870971.61433,194456,137893.414,183258193.35300,0
1665216000000,1329.84,1330.09,1322.74,1329.12,269947.502,1665230399999,358316946.66621,181549,132811.801,176313565.48928,0
1665230400000,1329.13,1329.67,1317.18,1323.78,391423.731,1665244799999,518277705.42520,252350,180894.086,239552620.38934,0
1665244800000,1323.77,1329.95,1321.50,1324.01,314277.145,1665259199999,416610747.82575,191437,157701.979,209073922.42906,0
1665259200000,1324.01,1326.36,1302.00,1314.74,652483.426,1665273599999,855954772.06081,381304,294663.673,386561028.28822,0
