open_time,open,high,low,close,volume,close_time,quote_volume,count,taker_buy_volume,taker_buy_quote_volume,ignore
1730592000000,2493.61,2496.21,2420.63,2448.96,669678.742,1730606399999,1641712675.87971,865938,311807.870,764186753.94824,0
1730606400000,2448.97,2463.62,2440.48,2449.72,245499.369,1730620799999,602160513.63263,368845,119690.367,293613701.62431,0
1730620800000,2449.73,2462.91,2443.67,2454.31,532652.566,1730635199999,1306702361.54158,417505,303368.304,744407605.91276,0
1730635200000,2454.31,2460.19,2412.67,2442.20,630526.936,1730649599999,1533946835.94505,874785,294182.415,715723388.00750,0
1730649600000,2442.19,2459.85,2410.35,2452.77,545173.771,1730663999999,1329965850.94722,672211,275742.165,672782193.41610,0
1730664000000,2452.76,2475.00,2446.71,2457.29,304247.710,1730678399999,748950126.57774,491894,153820.231,378681532.38209,0
