open_time,open,high,low,close,volume,close_time,quote_volume,count,taker_buy_volume,taker_buy_quote_volume,ignore
1712188800000,3313.28,3335.64,3264.01,3276.35,349305.618,1712203199999,1150891917.44567,510780,169388.549,558053429.10809,0
1712203200000,3276.35,3336.88,3252.59,3324.80,343090.151,1712217599999,1130710521.67942,480354,170397.662,561491116.05555,0
1712217600000,3324.80,3358.00,3320.91,3342.38,214631.796,1712231999999,716927183.00436,379534,105900.494,353773598.95319,0
1712232000000,3342.37,3398.00,3340.60,3366.11,430743.251,1712246399999,1451968853.33023,666983,208741.608,703754297.62351,0
1712246400000,3366.11,3446.48,3361.67,3367.84,517686.391,1712260799999,1758441206.16176,738707,266165.742,904146135.71878,0
1712260800000,3367.83,3372.00,3277.55,3329.65,591097.825,1712275199999,1960719493.75013,778669,298436.487,989860501.84783,0
