open_time,open,high,low,close,volume,close_time,quote_volume,count,taker_buy_volume,taker_buy_quote_volume,ignore
1738627200000,2878.68,2888.80,2791.03,2809.42,644590.349,1738641599999,1829449491.73446,1206365,297258.111,843808634.10105,0
1738641600000,2809.42,2835.75,2661.22,2702.36,1415418.108,1738655999999,3849594840.00907,1927024,682510.709,1856531955.33927,0
1738656000000,2702.36,2787.83,2675.28,2756.95,821336.139,1738670399999,2241745462.88862,1281688,412054.769,1124525255.03679,0
1738670400000,2756.95,2844.68,2727.04,2775.60,1382312.445,1738684799999,3864958343.40208,1904856,686914.111,1920587251.33706,0
1738684800000,2775.61,2868.30,2762.17,2768.85,938987.688,1738699199999,2641685913.15960,1324312,463387.698,1304038255.91939,0
1738699200000,2769.01,2792.93,2630.50,2730.03,1391126.310,1738713599999,3759692998.44419,1792188,666801.216,1803185104.26064,0
