open_time,open,high,low,close,volume,close_time,quote_volume,count,taker_buy_volume,taker_buy_quote_volume,ignore
1711670400000,3564.00,3588.93,3552.50,3564.98,182078.213,1711684799999,649390410.68521,368419,90755.065,323745886.65555,0
1711684800000,3564.98,3584.10,3515.00,3522.38,335644.928,1711699199999,1192450343.62664,482571,159910.180,568111996.31098,0
1711699200000,3522.38,3567.64,3519.39,3553.47,330529.689,1711713599999,1170728993.12427,529183,170200.037,602983766.22445,0
1711713600000,3553.47,3561.73,3481.01,3490.25,444838.472,1711727999999,1569060464.39025,714816,206445.550,728459903.27286,0
1711728000000,3490.25,3504.94,3475.00,3502.58,242030.124,1711742399999,844957680.62800,456992,117710.873,411011154.03289,0
1711742400000,3502.57,3527.85,3477.77,3512.46,195518.722,1711756799999,685624001.58434,324292,96732.459,339174067.49619,0
