open_time,open,high,low,close,volume,close_time,quote_volume,count,taker_buy_volume,taker_buy_quote_volume,ignore
1667347200000,1577.88,1595.30,1571.41,1590.01,568640.393,1667361599999,901690785.79867,386194,293531.748,465531834.29867,0
1667361600000,1590.01,1600.00,1552.00,1563.74,907715.379,1667375999999,1431086736.77471,542471,420044.838,662555714.33680,0
1667376000000,1563.74,1578.20,1531.69,1554.99,1119664.913,1667390399999,1740090185.81154,663323,536509.239,833845195.70638,0
1667390400000,1554.99,1567.00,1544.44,1557.65,739276.285,1667404799999,1150124283.87407,499854,386791.554,601853734.20133,0
1667404800000,1557.66,1622.50,1520.67,1535.24,4376372.739,1667419199999,6884983794.20156,2400451,2177693.740,3427543513.00355,0
1667419200000,1535.23,1536.87,1501.00,1517.26,1245283.856,1667433599999,1885623529.36843,720689,577763.333,874765549.37159,0
