open_time,open,high,low,close,volume,close_time,quote_volume,count,taker_buy_volume,taker_buy_quote_volume,ignore
1679443200000,1800.13,1806.86,1776.66,1798.54,459767.258,1679457599999,824508593.98751,421358,227936.311,408777508.34919,0
1679457600000,1798.54,1807.13,1785.96,1791.73,331098.673,1679471999999,594978078.84651,309895,153376.779,275631688.16631,0
1679472000000,1791.73,1793.61,1780.02,1784.53,445840.782,1679486399999,796842231.95431,411006,215341.352,384889107.44418,0
1679486400000,1784.52,1819.40,1782.50,1805.26,1208610.587,1679500799999,2180129127.26593,837002,604542.993,1090685395.66463,0
1679500800000,1805.26,1810.60,1709.00,1716.12,2781043.030,1679515199999,4919207942.30600,1959928,1320081.694,2335698468.31090,0
1679515200000,1716.11,1737.68,1710.00,1733.61,808075.986,1679529599999,1393255386.51048,761672,396331.548,683401334.68228,0
