open_time,open,high,low,close,volume,close_time,quote_volume,count,taker_buy_volume,taker_buy_quote_volume,ignore
1669507200000,1205.00,1219.00,1203.56,1215.36,424140.947,1669521599999,513761641.84060,228370,230707.408,279494539.01446,0
1669521600000,1215.37,1222.91,1214.30,1216.46,482999.394,1669535999999,588426648.48306,248439,246098.757,299854066.41241,0
1669536000000,1216.44,1221.00,1209.00,1214.87,605655.894,1669550399999,735134206.50611,298714,312940.585,379868057.86877,0
1669550400000,1214.86,1219.30,1206.01,1217.54,436625.153,1669564799999,529836132.81998,254139,219021.740,265832708.43479,0
1669564800000,1217.54,1220.79,1210.30,1212.60,362057.139,1669579199999,440014353.41367,215664,174422.184,211993743.98368,0
1669579200000,1212.61,1218.18,1186.58,1193.26,678909.225,1669593599999,817243304.38917,336112,328204.825,395362836.98354,0
