open_time,open,high,low,close,volume,close_time,quote_volume,count,taker_buy_volume,taker_buy_quote_volume,ignore
1714348800000,3262.29,3286.29,3166.75,3176.94,658172.203,1714363199999,2126688957.84256,897810,303812.110,981911626.95941,0
1714363200000,3176.95,3208.99,3150.00,3186.93,535850.023,1714377599999,1706245001.13692,794846,268699.986,855818432.31076,0
1714377600000,3186.93,3194.56,3144.80,3158.24,382203.455,1714391999999,1211658397.83783,609352,181615.144,575892791.29946,0
1714392000000,3158.23,3185.12,3113.02,3181.07,754828.042,1714406399999,2379655082.12573,1079546,366204.567,1154764454.28149,0
1714406400000,3181.06,3188.71,3153.32,3184.68,293632.392,1714420799999,930804690.48940,493968,144008.629,456547005.95869,0
1714420800000,3184.69,3234.52,3162.22,3215.27,335449.234,1714435199999,1074422341.87533,491371,168436.124,539440271.32540,0
