open_time,open,high,low,close,volume,close_time,quote_volume,count,taker_buy_volume,taker_buy_quote_volume,ignore
1716681600000,0.91198995,0.93040563,0.90663282,0.92497683,0,1716695999999,0,14400,0,0,0
1716696000000,0.92497683,0.93345829,0.90322389,0.91435513,0,1716710399999,0,14400,0,0,0
1716710400000,0.91435513,0.92614853,0.90631615,0.91887992,0,1716724799999,0,14400,0,0,0
1716724800000,0.91894634,0.97087237,0.90846364,0.95462004,0,1716739199999,0,14400,0,0,0
1716739200000,0.95507120,0.96738851,0.91127775,0.92854355,0,1716753599999,0,14400,0,0,0
1716753600000,0.92854355,0.92891083,0.91428627,0.92094885,0,1716767999999,0,14400,0,0,0
