open_time,open,high,low,close,volume,close_time,quote_volume,count,taker_buy_volume,taker_buy_quote_volume,ignore
1742256000000,0.37690564,0.38501813,0.36818892,0.36874210,0,1742270399999,0,14400,0,0,0
1742270400000,0.36873314,0.37378902,0.36562367,0.36801673,0,1742284799999,0,14400,0,0,0
1742284800000,0.36802419,0.36882486,0.35819066,0.35932391,0,1742299199999,0,14400,0,0,0
1742299200000,0.35932391,0.36337035,0.35700558,0.35891468,0,1742313599999,0,14400,0,0,0
1742313600000,0.35891468,0.36553060,0.35503562,0.36553060,0,1742327999999,0,14400,0,0,0
1742328000000,0.36553208,0.36882698,0.35798897,0.36780530,0,1742342399999,0,14400,0,0,0
