open_time,open,high,low,close,volume,close_time,quote_volume,count,taker_buy_volume,taker_buy_quote_volume,ignore
1733184000000,0.83909890,0.88112032,0.82549764,0.85767858,0,1733198399999,0,14400,0,0,0
1733198400000,0.85757792,0.86464540,0.81426836,0.82460324,0,1733212799999,0,14400,0,0,0
1733212800000,0.82464644,0.87414731,0.81844498,0.84811303,0,1733227199999,0,14400,0,0,0
1733227200000,0.84783692,0.85196482,0.75923664,0.80817528,0,1733241599999,0,14400,0,0,0
1733241600000,0.80821714,0.83281956,0.78599012,0.79952979,0,1733255999999,0,14400,0,0,0
1733256000000,0.79952701,0.82209472,0.79907381,0.80797334,0,1733270399999,0,14400,0,0,0
