open_time,open,high,low,close,volume,close_time,quote_volume,count,taker_buy_volume,taker_buy_quote_volume,ignore
1741219200000,0.34346974,0.38895790,0.34207303,0.38762610,0,1741233599999,0,14400,0,0,0
1741233600000,0.38765595,0.41141389,0.37923920,0.40226612,0,1741247999999,0,14400,0,0,0
1741248000000,0.40214497,0.41412941,0.38695886,0.40879184,0,1741262399999,0,14400,0,0,0
1741262400000,0.40879912,0.41186914,0.39305724,0.40087105,0,1741276799999,0,14399,0,0,0
1741276800000,0.40086941,0.40231605,0.37232807,0.37962260,0,1741291199999,0,14400,0,0,0
1741291200000,0.37970917,0.38326751,0.36346356,0.36441752,0,1741305599999,0,14400,0,0,0
