open_time,open,high,low,close,volume,close_time,quote_volume,count,taker_buy_volume,taker_buy_quote_volume,ignore
1727568000000,0.36898726,0.37797976,0.36317482,0.37728902,0,1727582399999,0,14400,0,0,0
1727582400000,0.37733553,0.37738802,0.35448091,0.35497702,0,1727596799999,0,14400,0,0,0
1727596800000,0.35497822,0.36386070,0.35488206,0.35928921,0,1727611199999,0,14400,0,0,0
1727611200000,0.35928920,0.36674844,0.34857474,0.36671451,0,1727625599999,0,14400,0,0,0
1727625600000,0.36671451,0.39817241,0.36671451,0.39425169,0,1727639999999,0,14400,0,0,0
1727640000000,0.39434471,0.39557928,0.38690000,0.38827457,0,1727654399999,0,14400,0,0,0
