open_time,open,high,low,close,volume,close_time,quote_volume,count,taker_buy_volume,taker_buy_quote_volume,ignore
1747180800000,0.45439796,0.46275741,0.42838480,0.43229000,0,1747195199999,0,14400,0,0,0
1747195200000,0.43229000,0.43921223,0.42760291,0.42888021,0,1747209599999,0,14400,0,0,0
1747209600000,0.42888245,0.43120297,0.41831845,0.42507602,0,1747223999999,0,14400,0,0,0
1747224000000,0.42507602,0.42556606,0.40286496,0.40872358,0,1747238399999,0,14400,0,0,0
1747238400000,0.40873227,0.41206499,0.40008481,0.40733208,0,1747252799999,0,14400,0,0,0
1747252800000,0.40733788,0.41367600,0.40183558,0.40794968,0,1747267199999,0,14400,0,0,0
