open_time,open,high,low,close,volume,close_time,quote_volume,count,taker_buy_volume,taker_buy_quote_volume,ignore
1746835200000,0.36784512,0.37764047,0.35850600,0.37081517,0,1746849599999,0,14400,0,0,0
1746849600000,0.37081517,0.38205023,0.36531344,0.38042684,0,1746863999999,0,14400,0,0,0
1746864000000,0.38043553,0.38881286,0.36939029,0.36989693,0,1746878399999,0,14400,0,0,0
1746878400000,0.36997229,0.38672128,0.36997229,0.38091620,0,1746892799999,0,14400,0,0,0
1746892800000,0.38091620,0.39530404,0.37927415,0.39095179,0,1746907199999,0,14400,0,0,0
1746907200000,0.39100107,0.42695307,0.38636080,0.41887155,0,1746921599999,0,14400,0,0,0
