open_time,open,high,low,close,volume,close_time,quote_volume,count,taker_buy_volume,taker_buy_quote_volume,ignore
1747353600000,0.36705339,0.38195416,0.36385262,0.37903447,0,1747367999999,0,14400,0,0,0
1747368000000,0.37902578,0.38428989,0.37082688,0.38035701,0,1747382399999,0,14400,0,0,0
1747382400000,0.38035701,0.38768771,0.37150964,0.38489267,0,1747396799999,0,14400,0,0,0
1747396800000,0.38489267,0.39108079,0.37536894,0.38222079,0,1747411199999,0,14400,0,0,0
1747411200000,0.38221937,0.39425060,0.37195258,0.39023242,0,1747425599999,0,14400,0,0,0
1747425600000,0.39009473,0.39140135,0.37412302,0.37890827,0,1747439999999,0,14400,0,0,0
