open_time,open,high,low,close,volume,close_time,quote_volume,count,taker_buy_volume,taker_buy_quote_volume,ignore
1714435200000,0.92559806,0.93851649,0.88639296,0.89311606,0,1714449599999,0,14400,0,0,0
1714449600000,0.89311606,0.90773074,0.87788604,0.88643089,0,1714463999999,0,14400,0,0,0
1714464000000,0.88689461,0.88889315,0.81074959,0.81142863,0,1714478399999,0,14400,0,0,0
1714478400000,0.81160778,0.82681416,0.79273182,0.81430093,0,1714492799999,0,14400,0,0,0
1714492800000,0.81438353,0.82150571,0.79824895,0.80670013,0,1714507199999,0,14400,0,0,0
1714507200000,0.80670574,0.83576167,0.80015821,0.81419045,0,1714521599999,0,14400,0,0,0
