open_time,open,high,low,close,volume,close_time,quote_volume,count,taker_buy_volume,taker_buy_quote_volume,ignore
1712275200000,0.97074202,1.04297403,0.91610892,0.95572442,0,1712289599999,0,14400,0,0,0
1712289600000,0.95572442,0.99902395,0.87844622,0.90602332,0,1712303999999,0,14400,0,0,0
1712304000000,0.90602001,0.95419839,0.86194235,0.87780852,0,1712318399999,0,14400,0,0,0
1712318400000,0.87785678,0.99286824,0.86889498,0.96746070,0,1712332799999,0,14400,0,0,0
1712332800000,0.96549591,1.02981281,0.94824030,0.97715261,0,1712347199999,0,14400,0,0,0
1712347200000,0.97714472,1.06778185,0.97704703,1.01805518,0,1712361599999,0,14400,0,0,0
