open_time,open,high,low,close,volume,close_time,quote_volume,count,taker_buy_volume,taker_buy_quote_volume,ignore
1740787200000,0.41393801,0.41891571,0.40317623,0.41402610,0,1740801599999,0,14400,0,0,0
1740801600000,0.41402440,0.41952296,0.40844912,0.41200070,0,1740815999999,0,14400,0,0,0
1740816000000,0.41200070,0.41478473,0.39892559,0.40044452,0,1740830399999,0,14400,0,0,0
1740830400000,0.40044452,0.40207170,0.39024584,0.39325867,0,1740844799999,0,14400,0,0,0
1740844800000,0.39324673,0.39927378,0.39060869,0.39580699,0,1740859199999,0,14400,0,0,0
1740859200000,0.39580537,0.40371021,0.39359650,0.40070017,0,1740873599999,0,14400,0,0,0
