open_time,open,high,low,close,volume,close_time,quote_volume,count,taker_buy_volume,taker_buy_quote_volume,ignore
1714089600000,0.87116773,0.88608215,0.84559552,0.85118389,0,1714103999999,0,14400,0,0,0
1714104000000,0.85118734,0.86090048,0.82651321,0.83561706,0,1714118399999,0,14400,0,0,0
1714118400000,0.83561714,0.85757574,0.83302172,0.84491511,0,1714132799999,0,14400,0,0,0
1714132800000,0.84489889,0.85951589,0.81749194,0.82873570,0,1714147199999,0,14400,0,0,0
1714147200000,0.82873572,0.85300010,0.82498000,0.83439685,0,1714161599999,0,14400,0,0,0
1714161600000,0.83443523,0.84238360,0.81200427,0.82380988,0,1714175999999,0,14400,0,0,0
