open_time,open,high,low,close,volume,close_time,quote_volume,count,taker_buy_volume,taker_buy_quote_volume,ignore
1734480000000,1.11166597,1.11401495,1.08050437,1.08117500,0,1734494399999,0,14400,0,0,0
1734494400000,1.08117500,1.08491802,1.04954480,1.06768261,0,1734508799999,0,14400,0,0,0
1734508800000,1.06762557,1.13334038,1.06205726,1.11768695,0,1734523199999,0,14400,0,0,0
1734523200000,1.11769373,1.12600729,1.04365633,1.05498024,0,1734537599999,0,14400,0,0,0
1734537600000,1.05470983,1.14813981,1.05452153,1.07974279,0,1734551999999,0,14400,0,0,0
1734552000000,1.07984971,1.13697919,1.01123947,1.07782433,0,1734566399999,0,14400,0,0,0
