open_time,open,high,low,close,volume,close_time,quote_volume,count,taker_buy_volume,taker_buy_quote_volume,ignore
1732924800000,0.78998716,0.83353305,0.77642535,0.80002893,0,1732939199999,0,14400,0,0,0
1732939200000,0.79971129,0.82397747,0.78405797,0.81463739,0,1732953599999,0,14400,0,0,0
1732953600000,0.81461373,0.81489109,0.77083438,0.77161819,0,1732967999999,0,14400,0,0,0
1732968000000,0.77160863,0.78890082,0.77130510,0.77679646,0,1732982399999,0,14400,0,0,0
1732982400000,0.77678948,0.82950644,0.77546044,0.82095485,0,1732996799999,0,14400,0,0,0
1732996800000,0.82095485,0.85838013,0.81192608,0.84327765,0,1733011199999,0,14400,0,0,0
