open_time,open,high,low,close,volume,close_time,quote_volume,count,taker_buy_volume,taker_buy_quote_volume,ignore
1713225600000,1.05652761,1.07704127,1.02150831,1.03100715,0,1713239999999,0,14400,0,0,0
1713240000000,1.03100958,1.06860927,0.97186666,1.04927362,0,1713254399999,0,14399,0,0,0
1713254400000,1.04927262,1.05060830,0.98382884,1.01808293,0,1713268799999,0,14400,0,0,0
1713268800000,1.01808649,1.01885254,0.89548391,0.91414717,0,1713283199999,0,14400,0,0,0
1713283200000,0.91414255,0.97418902,0.90223671,0.95619839,0,1713297599999,0,14400,0,0,0
1713297600000,0.95619842,1.00839249,0.95266951,0.97965647,0,1713311999999,0,14400,0,0,0
