open_time,open,high,low,close,volume,close_time,quote_volume,count,taker_buy_volume,taker_buy_quote_volume,ignore
1735171200000,1.02926335,1.04231925,0.99595924,1.00176433,0,1735185599999,0,14400,0,0,0
1735185600000,1.00176433,1.00221222,0.97534188,0.97968127,0,1735199999999,0,14400,0,0,0
1735200000000,0.97968517,0.98401628,0.94245365,0.94273647,0,1735214399999,0,14400,0,0,0
1735214400000,0.94273647,0.96097933,0.93243361,0.93309659,0,1735228799999,0,14400,0,0,0
1735228800000,0.93301862,0.94614941,0.91776828,0.92715608,0,1735243199999,0,14400,0,0,0
1735243200000,0.92709974,0.94297135,0.91490612,0.92627279,0,1735257599999,0,14400,0,0,0
