open_time,open,high,low,close,volume,close_time,quote_volume,count,taker_buy_volume,taker_buy_quote_volume,ignore
1741737600000,0.39037140,0.39503236,0.37242155,0.37297192,0,1741751999999,0,14400,0,0,0
1741752000000,0.37314207,0.37507534,0.36438619,0.37350788,0,1741766399999,0,14400,0,0,0
1741766400000,0.37358550,0.38140964,0.36713573,0.37417774,0,1741780799999,0,14400,0,0,0
1741780800000,0.37419863,0.38888157,0.35548599,0.36200217,0,1741795199999,0,14400,0,0,0
1741795200000,0.36200069,0.37407034,0.36001710,0.36714212,0,1741809599999,0,14398,0,0,0
1741809600000,0.36713316,0.37578720,0.36575919,0.36998247,0,1741823999999,0,14400,0,0,0
