open_time,open,high,low,close,volume,close_time,quote_volume,count,taker_buy_volume,taker_buy_quote_volume,ignore
1735516800000,0.94344588,1.01424061,0.93445541,0.99765140,0,1735531199999,0,14400,0,0,0
1735531200000,0.99765140,1.01791670,0.97514244,1.00415573,0,1735545599999,0,14400,0,0,0
1735545600000,1.00415172,1.01733387,0.97231157,0.99156530,0,1735559999999,0,14400,0,0,0
1735560000000,0.99148643,1.00304431,0.94266690,0.94867807,0,1735574399999,0,14400,0,0,0
1735574400000,0.94867807,0.99871849,0.93560173,0.99038562,0,1735588799999,0,14400,0,0,0
1735588800000,0.99044591,1.00068324,0.94929745,0.95321336,0,1735603199999,0,14400,0,0,0
